TLANAME,CRASHROAD,CRASHDIST,CRASHDIRN,INTSN,SIDEROAD,CRASHID,CRASHDATE,CRASHDOW,CRASHTIME,MVMT,VEHICLES,CAUSES,OBJECTSSTRUCK,ROADCURVE,ROADWET,LIGHT,WTHRa,JUNCTYPE,TRAFCTRL,ROADMARK,SPDLIM,CRASHFATALCNT,CRASHSEVCNT,CRASHMINCNT,PERSAGE1,PERSAGE2,EASTING,NORTHING
Ashburton District,ACTON ROAD,710,E, ,MICHAEL ST,201400074,05/04/2014,Sat,2255,PO,CS1E,103A 198A 330A 724B 728B ,,R,W,DN,F , , ,C,100,1,0,0,18,,1522691,5154177
Ashburton District,ALFORD FOREST CEMETERY RO,2300,S, ,ARUNDEL RAKAIA GORGE ROAD,201410392,01/01/2014,Wed,1753,CB,CS1,131A ,TX,R,D,BN,F , ,N,N,100,0,1,0,,,1478333,5167504
Ashburton District,ALLENS ROAD,, ,I,CARTERS ROAD,201413142,01/05/2014,Thu,310,DC,CS2,103A 109A ,FT,R,D,DN,F ,T,N,N,70,0,0,1,,,1499605,5140547
Ashburton District,ANNE ST,80,S, ,LAGMHOR ROAD,201449020,14/11/2014,Fri,1955,LB,CN14,303B 375B 929 ,,R,D,OF,F ,D,N,C,50,0,0,0,,,1496973,5136324
Ashburton District,ARUNDEL RAKAIA GORGE ROAD,, ,A,ASHBURTON RIV BR,201440591,28/07/2014,Mon,1750,FA,VS1C,331A 386A ,,R,D,DN,F , , ,N,100,0,0,0,,,1481515,5170855
Ashburton District,ARUNDEL RAKAIA GORGE ROAD,280,N, ,BARNSWOOD ROAD,201414273,21/07/2014,Mon,2138,CB,CS1,130A 410A ,P,R,D,DN,F , ,N,C,100,0,0,1,,,1470313,5141026
Ashburton District,ARUNDEL RAKAIA GORGE ROAD,100,N, ,HEENANS ROAD,201448141,09/11/2014,Sun,1755,DA,CN1,103A 129A 131A ,F,M,D,B ,F , , ,C,100,0,0,0,,,1471210,5154408
Ashburton District,ARUNDEL RAKAIA GORGE ROAD,20,N, ,JAINES ROAD,201412050,28/03/2014,Fri,703,FA,CS1C,181A 330A 191B ,,R,W,DN,F , ,N,C,100,0,0,1,,,1468774,5137851
Ashburton District,ARUNDEL RAKAIA GORGE ROAD,3000,S, ,LISMORE MAYFIELD ROAD,201436970,25/04/2014,Fri,1625,CB,4N1,129A 358A ,T,R,D,B ,F , , ,C,100,0,0,0,,,1471772,5144032
Ashburton District,ARUNDEL RAKAIA GORGE ROAD,200,S, ,LOCHHEADS ROAD,201414277,11/08/2014,Mon,530,DA,TS1,111A 131A ,,E,D,DN,F , ,N,C,100,0,0,1,,,1474720,5161633
Ashburton District,ASHBURTON STAVELEY ROAD,1600,N, ,DRISCOLLS ROAD,201445247,05/09/2014,Fri,2226,CC,CN1,130A 402A 412A ,FP,R,D,DN,F , , ,C,100,0,0,0,,,1491505,5149417
Ashburton District,ASHBURTON STAVELEY ROAD,280,S, ,OLLIVERS ROAD,201431198,10/02/2014,Mon,1815,CC,TS1,112A 129A ,FP,R,D,B ,F , ,N,C,100,0,0,0,,,1493833,5147489
Ashburton District,BEACH ROAD EAST,200,S, ,MILTON ROAD,201443698,07/09/2014,Sun,205,EA,CS1C,103A 129A ,M,R,D,DN,F , , ,C,100,0,0,0,,,1501584,5135327
Ashburton District,BREMNERS ROAD,20,N, ,SEAFIELD ROAD,201431701,01/01/2014,Wed,950,CB,VS1,410A ,J,R,D,O ,F , , ,C,70,0,0,0,,,1500990,5139417
Ashburton District,BRIDGE ST,40,S, ,PORTER ST,201413228,28/05/2014,Wed,1500,MD,EE1C,722A 371B 378B 835 929 ,,R,D,B ,F ,D,N,P,50,0,0,1,,,1500684,5138169
Ashburton District,BRIDGE ST,, ,I,TUARANGI ROAD,201446317,20/09/2014,Sat,2011,MO,CS1,130A ,S,R,W,DO,L ,T,G,C,50,0,0,0,,,1501247,5138691
Ashburton District,CASS ST,, ,I,COX ST,201442349,22/08/2014,Fri,1055,HA,CS2C,302A 375A ,,R,D,B ,F ,X,G,C,50,0,0,0,,,1500033,5138224
Ashburton District,CASS ST,, ,I,WILLS ST,201415762,23/08/2014,Sat,1307,HA,CN2C,302B 375B ,,R,D,BF,F ,X,G,C,50,0,0,1,,,1499856,5138060
Ashburton District,CATHERINE ST,70,S, ,HARLAND ST,201450128,06/12/2014,Sat,2000,CA,CN1,103A 130A 433A ,P,R,D,B ,F , , ,C,50,0,0,0,,,1497050,5135508
Ashburton District,CHALMERS AVENUE,10,E, ,BURNETT ST,201415813,20/08/2014,Wed,855,EA,VW1C,129A 358A ,M,R,D,O ,F ,T,G,R,50,0,0,2,,,1499925,5137469
Ashburton District,CLARK ST,160,W, ,HARRISON ST,201446106,25/10/2014,Sat,219,CB,VE1,103A 130A 433A ,F,R,D,DO,F , , ,N,50,0,0,0,,,1498752,5139900
Ashburton District,CRACROFT MARONAN ROAD,, ,I,STONYLEA ROAD,201445996,20/07/2014,Sun,1220,DA,CE1,111A 131A ,V,R,D,B ,F ,T,N,C,100,0,0,0,,,1475307,5135376
Ashburton District,DARTS ROAD,2600,E, ,BACK TRACK,201436795,30/05/2014,Fri,1900,CC,CS1,138A 402A ,F,R,D,DN,F , ,N,N,100,0,0,0,,,1492741,5172552
Ashburton District,DOBSON ST,20,N, ,CASS ST,201441496,01/08/2014,Fri,1800,EA,CS1C,129A ,M,R,D,DO,F , ,N,C,50,0,0,0,,,1499222,5137497
Ashburton District,DOBSON ST,, ,I,WILLIAM ST,201450612,10/09/2014,Wed,124,CB,CN1,103A 112A ,P,R,D,DO,F ,X,G,C,50,0,0,0,,,1499400,5137305
Ashburton District,DOBSON ST WEST,120,S, ,KERMODE ST WEST,201430386,14/01/2014,Tue,1250,JA,VS1C,308B 375B 926 ,,E,D,B ,F ,D,N,C,50,0,0,0,,,1499032,5137705
Ashburton District,EAST ST,20,S, ,BURNETT ST,201448138,11/11/2014,Tue,1618,MO,CN1C,371A 386A ,,R,D,B ,F , , ,C,50,0,0,0,,,1499425,5137961
Ashburton District,EAST ST,20,N, ,CAMERON ST,201431132,17/02/2014,Mon,1218,MO,4S1C,371A 386A ,M,R,D,B ,F , ,N,C,50,0,0,0,,,1499633,5138154
Ashburton District,FRASERS ROAD,520,E, ,LILLS ROAD,201415984,14/09/2014,Sun,2022,DB,CE1,131A 410A ,FP,M,D,DN,F , , ,C,100,0,1,0,,,1493324,5136853
Ashburton District,GRAHAM ST,10,E, ,THOMSON ST,201418030,26/05/2014,Mon,1530,FC,VN1C,181A ,,R,W,OF,L ,T,G,X,50,0,0,2,,,1497296,5135928
Ashburton District,HAKATERE HERON ROAD,12000,N, ,ASHBURTON GORGE ROAD,201414076,03/06/2014,Tue,1540,CB,CS1,351A 352A ,E,R,D,B ,F , ,N,N,100,0,1,1,,,1452650,5179103
Ashburton District,HART ROAD,1200,W, ,ARUNDEL RAKAIA GORGE ROAD,201432403,06/02/2014,Thu,1645,DA,CS1,110A 138A 404A ,F,E,D,BN,F , , ,N,100,0,0,0,,,1482587,5172775
Ashburton District,HATFIELD OVERDALE ROAD,, ,A,RAIL XING,201410749,12/03/2014,Wed,1445,QC,4W1,112A 321A ,N,R,D,B ,F ,X,S,L,100,0,0,1,,,1518649,5152795
Ashburton District,HAVELOCK ST,60,E, ,BARING SQUARE WEST,201441611,04/08/2014,Mon,955,MB,CW1C,303B ,,R,D,B ,F , , ,C,50,0,0,0,,,1499473,5138115
Ashburton District,HAVELOCK ST,, ,I,BARING SQUARE WEST,201442446,07/07/2014,Mon,1520,LB,CS1C,303B 375B 930 ,,R,D,BF,F ,D,N,C,50,0,0,0,,,1499433,5138160
Ashburton District,HAVELOCK ST,40,N, ,GRIGG ST,201445889,16/10/2014,Thu,1840,EA,CS1C,129A ,M,R,D,TF,F , , ,C,50,0,0,0,,,1499020,5138602
Ashburton District,HEPBURNS ROAD,50,W, ,RUNDLES ROAD,201449599,06/12/2014,Sat,1240,MD,CE14,371B 929 ,,R,D,B ,F ,D, ,C,100,0,0,0,,,1499687,5142152
Ashburton District,HOATTENS ROAD,550,E, ,SEAFIELD ROAD,201443751,27/04/2014,Sun,1730,CB,CE1,130A 801 901 ,CP,R,W,O ,HS, , ,N,100,0,0,0,,,1503951,5137377
Ashburton District,ISLEWORTH ROAD,, ,I,POPLAR ROAD,201451089,11/12/2014,Thu,1000,DA,CS1,111A 131A ,V,M,W,ON,M ,X,G,C,50,0,0,0,,,1488307,5118996
Ashburton District,KILWORTH ST,170,W, ,MACKIE ST,201414658,19/07/2014,Sat,45,NG,CW1E,357A 371A 730B 904 ,,R,D,DO,M , , ,N,50,0,1,0,25,,1490932,5168028
Ashburton District,LAGMHOR ROAD,, ,I,ANNE ST,201448134,20/11/2014,Thu,645,JA,VW1C,303B 902 ,,R,D,B ,F ,T,N,C,50,0,0,0,,,1497003,5136398
Ashburton District,LINE ROAD,1150,S, ,URRALL ROAD,201446910,05/10/2014,Sun,330,DA,CN1,135A 645A 802 929 ,CF,R,I,DN,FF,D,N,C,100,0,0,0,,,1500227,5158187
Ashburton District,MAINWARINGS ROAD,, ,I,MCLACHLANS ROAD,201440016,14/06/2014,Sat,200,DC,VW2,103A ,T,R,D,DN,F ,T,S,N,100,0,0,0,,,1520394,5150442
Ashburton District,MARONAN ROAD,, ,I,WINSLOW WESTERFIELD ROAD,201413555,16/06/2014,Mon,1340,HA,TN2C,301A ,,R,D,O ,F ,X,S,C,100,0,1,1,,,1491538,5134642
Ashburton District,MAYFIELD VALETTA ROAD,300,W, ,TRAMWAY ROAD,201413674,06/04/2014,Sun,2200,DA,4N1,103A 332A 358A 801 904 ,F,M,W,DN,M , , ,C,100,0,0,1,,,1481626,5156163
Ashburton District,MAYFIELD VALETTA ROAD,1000,S, ,WALLACES ROAD,201410219,03/01/2014,Fri,855,CC,4S1,135A 406A 903 ,,R,D,B ,FS, ,N,C,100,0,0,1,,,1477280,5151687
Ashburton District,MOORE ST,, ,I,CASS ST,201450126,01/12/2014,Mon,924,HA,CN2C,301A 375A ,,R,D,B ,F ,X,S,C,50,0,0,0,,,1499413,5137647
Ashburton District,MOORE ST,, ,I,WILLIAM ST,201436941,13/05/2014,Tue,1240,HA,CE1C,321B ,,R,D,O ,F ,X,S,C,50,0,0,0,,,1499578,5137471
Ashburton District,NELSON ST,, ,I,CAMBRIDGE ST,201431086,16/02/2014,Sun,1130,HA,CN1C,302A 335A ,,R,D,B ,F ,X,G,N,50,0,0,0,,,1500398,5137491
Ashburton District,NELSON ST,, ,I,CAMBRIDGE ST,201431129,17/02/2014,Mon,1700,HA,CN1C,113A 302A ,,R,D,B ,F ,X,G,C,50,0,0,0,,,1500398,5137491
Ashburton District,NORMANBY ROAD,400,N, ,WEST TOWN BELT,201418776,08/12/2014,Mon,2100,CB,CN1,130A 433A ,CFX,R,D,TN,F , , ,N,100,0,0,2,,,1520712,5155694
Ashburton District,NORTHPARK ROAD,, ,A,RAIL XING,201400149,07/07/2014,Mon,815,QC,TN1,363A 370A 532A 902 ,FNS,R,D,B ,F , ,G,C,50,1,0,0,,,1502292,5140467
Ashburton District,OAK GROVE,, ,I,ELIZABETH ST,201436924,23/05/2014,Fri,1325,HA,CN2C,302A 834 ,,R,D,B ,F ,X,G,R,50,0,0,0,,,1499168,5139156
Ashburton District,OAK GROVE,, ,I,HARRISON ST,201446391,06/09/2014,Sat,1655,DB,CN1C,103A 111A 131A ,S,M,D,BF,F ,R,G,R,50,0,0,0,,,1499428,5139421
Ashburton District,OXFORD ST,20,W, ,WAKANUI ROAD,201410605,19/01/2014,Sun,1440,MO,CW1M,371A ,M,R,D,B ,F , ,N,C,50,0,0,1,,,1500745,5137649
Ashburton District,PETER ST,, ,I,EAST ST,201432767,06/03/2014,Thu,1630,DA,CN2V,131A 402A ,,R,D,B ,F ,T,G,C,50,0,0,0,,,1499795,5138305
Ashburton District,PUDDING HILL ROAD,, ,I,ARUNDEL RAKAIA GORGE ROAD,201448716,04/12/2014,Thu,740,DC,CW1,130A 613A 901 ,S,R,W,O ,H ,X,S,R,100,0,0,0,,,1482907,5171627
Ashburton District,PUDDING HILL ROAD,50,W, ,DRAYTON ROAD,201410608,19/02/2014,Wed,2330,DB,CW1,131A 810 840 ,T,E,W,DN,F , ,N,N,100,0,0,1,,,1484328,5171280
Ashburton District,RACECOURSE AVENUE,20,E, ,CARR ST,201434851,14/03/2014,Fri,1126,LB,VE1C,303B 377B 929 ,,R,D,BF,F ,D,N,C,50,0,0,0,,,1490298,5168751
Ashburton District,RACECOURSE ROAD,, ,I,BELT ROAD,201431087,14/02/2014,Fri,610,CB,CN1,133A 150A ,FK,R,W,DO,L ,T,G,C,50,0,0,0,,,1500317,5140168
Ashburton District,RAKAIA BARRHILL METHVEN R,600,E, ,MCKAYS ROAD,201444788,17/03/2014,Mon,1030,DA,TS1,129A 350A ,,E,D,BN,F , ,N,C,100,0,0,0,,,1517723,5157207
Ashburton District,RIVER ROAD,1000,S, ,WAKANUI SCHOOL ROAD,201418131,08/11/2014,Sat,1630,CB,4N1,110A 138A 402A ,,R,D,B ,F , , ,N,100,0,0,2,,,1503232,5128183
Ashburton District,SAUNDERS ROAD,, ,I,PAGES ROAD,201439919,27/05/2014,Tue,630,DB,CW14,410A ,HM,M,D,DO,F ,T,G,C,50,0,0,0,,,1500519,5139324
Ashburton District,SEAFIELD ROAD,700,E, ,BREMNERS ROAD,201410033,24/01/2014,Fri,15,FA,MW1C,112A 331A 370A ,,R,D,DN,F , , ,C,100,0,0,1,,,1501452,5138890
Ashburton District,SEAFIELD ROAD,20,E, ,FAIRFIELD ROAD,201436873,04/04/2014,Fri,345,CB,CS1,134A 358A 402A 407A ,F,R,D,DN,F , , ,C,100,0,0,0,,,1511903,5136091
Ashburton District,SEAFIELD ROAD,500,E, ,MORRIS ROAD,201439920,28/03/2014,Fri,1440,MA,TW1C,373B ,,R,D,BN,F , ,N,C,100,0,0,0,,,1503286,5137923
Ashburton District,SEAFIELD ROAD,800,W, ,STANLEY ROAD,201414949,20/06/2014,Fri,1705,CB,CW1,129A 501A ,F,R,D,TN,F , ,N,C,100,0,0,1,,,1506906,5137061
Ashburton District,SEASIDE ROAD,300,W, ,BONNINGTONS ROAD,201446733,22/10/2014,Wed,2130,DB,CW1,131A 350A ,V,M,D,DN,F , ,N,C,100,0,0,0,,,1506899,5125140
Ashburton District,SMALLBONE DRIVE,160,W, ,SH 77,201400089,18/04/2014,Fri,1235,BB,CN1C,111A 123A ,,E,W,O ,L , ,N,L,50,1,2,2,,,1498786,5138298
Ashburton District,SOMERTON ROAD,, ,I,THOMPSONS TRACK,201400126,31/05/2014,Sat,1555,HA,CN1C,321A 335A ,,R,D,B ,F ,X,S,C,100,3,1,1,,,1512852,5154761
Ashburton District,THOMPSONS TRACK,1500,W, ,PANNETTS ROAD,201416524,07/07/2014,Mon,905,CB,TW1,135A 802 ,F,R,I,ON,F , ,N,C,100,0,1,0,,,1506860,5155095
Ashburton District,THOMPSONS TRACK,400,W, ,RAILWAY TERRACE EAST,201445841,29/07/2014,Tue,2145,DA,CS1,111A 131A ,P,M,D,DN,F , , ,C,100,0,0,0,,,1520686,5154365
Ashburton District,THOMPSONS TRACK,100,E, ,SH 77,201437993,12/05/2014,Mon,2020,EA,VE1C,386A ,M,R,D,DN,F , ,N,C,100,0,0,0,,,1490771,5156485
Ashburton District,THOMPSONS TRACK,1300,E, ,TRAMWAY ROAD,201446515,12/09/2014,Fri,1,DA,CW1,101A 410A ,FS,E,D,DN,F , , ,C,100,0,0,0,,,1483173,5156363
Ashburton District,THOMPSONS TRACK,500,E, ,URRALL ROAD,201434967,14/01/2014,Tue,2000,CC,CE1,101A 129A ,V,R,D,DN,F , ,N,C,100,0,0,0,,,1499586,5155697
Ashburton District,TINWALD WESTERFIELD MAYFI,, ,I,FRASERS ROAD N,201441786,19/08/2014,Tue,1845,HA,TS24,302A ,,E,D,DN,F ,M,G,C,100,0,0,0,,,1485650,5145661
Ashburton District,TINWALD WESTERFIELD MAYFI,, ,I,SHEATES ROAD,201415165,24/08/2014,Sun,1145,DA,CE1,111A 131A 404A ,P,M,D,O ,F ,M,G,C,100,0,0,1,,,1488583,5145307
Ashburton District,TREVORS ROAD,, ,I,EALING MONTALTO ROAD,201415587,27/08/2014,Wed,820,HA,VW14,301B 363B 902 ,,R,D,B ,F ,X,S,C,100,0,0,2,,,1468132,5131412
Ashburton District,TREVORS ROAD,120,S, ,NELSON ST,201418654,20/11/2014,Thu,840,PC,CE1E,308A 371A 929 ,,R,D,BF,F ,D,N,C,50,0,0,1,10,,1500594,5137107
Ashburton District,ULUNDI ROAD,300,W, ,BAKER ROAD,201450012,18/12/2014,Thu,745,CA,CW1,112A 130A 813 ,F,R,D,DN,F , , ,N,100,0,0,0,,,1518715,5154886
Ashburton District,VICTORIA ST,50,W, ,CASS ST,201445246,05/09/2014,Fri,1640,MO,CE1C,402A 403A 423A ,M,R,D,O ,F , , ,C,50,0,0,0,,,1499781,5138051
Ashburton District,WAKANUI BEACH ROAD,60,N, ,SEASIDE ROAD,201450575,26/12/2014,Fri,2100,DA,VS1,103A 111A 131A ,,S,D,TN,F , , ,C,100,0,0,0,,,1508633,5125224
Ashburton District,WAKANUI ROAD,510,S, ,MILTON ROAD,201416429,07/07/2014,Mon,1439,AC,4N1O,153A 159A ,,R,D,B ,F , , ,C,100,0,1,1,,,1502567,5135827
Ashburton District,WAKANUI SCHOOL ROAD,500,W, ,RIVER ROAD,201418082,06/09/2014,Sat,1400,MO,4W1CE,371A ,Q,R,D,OF,F , ,N,N,100,0,0,1,45,,1502372,5128899
Ashburton District,WALNUT AVENUE,20,W, ,EAST ST,201446316,19/09/2014,Fri,930,EO,TN1,686A ,X,R,D,BF,F , ,G,C,50,0,0,0,,,1500135,5138663
Ashburton District,WALNUT AVENUE,, ,I,EAST ST,201413220,24/05/2014,Sat,910,HA,4S14,302A 375A ,,R,D,B ,F ,R,G,C,50,0,0,1,,,1500165,5138638
Ashburton District,WALNUT AVENUE,200,N, ,SH 1S,201414205,26/07/2014,Sat,1210,FD,CS1C,132A 358A ,,R,D,B ,F , ,N,P,50,0,0,2,,,1499957,5138853
Ashburton District,WALNUT AVENUE,80,W, ,WEST ST,201439921,20/06/2014,Fri,910,FD,4E1C,358A 385A ,,R,D,BF,F , ,N,C,50,0,0,0,,,1500039,5138765
Ashburton District,WILLS ST,, ,I,CASS ST,201440012,30/06/2014,Mon,1450,HA,4E1C,302B ,,R,D,BF,F ,X,G,C,50,0,0,0,,,1499856,5138060
Ashburton District,WILSONS ROAD,50,N, ,WAKANUI SCHOOL ROAD,201448111,28/11/2014,Fri,939,DB,CS1,131A 802 901 ,,E,I,O ,H , , ,C,100,0,0,0,,,1504276,5129614
Ashburton District,WINCHMORE SCHOOL ROAD,1160,N, ,SH 77,201415815,14/09/2014,Sun,2300,CA,CN1,130A ,P,R,D,DN,F , , ,N,100,0,1,0,,,1497544,5147130
Ashburton District,WINSLOW ROAD,400,W, ,SWAMP ROAD,201418714,08/11/2014,Sat,2130,CB,CE1,103A 112A 139A 402A ,EX,R,D,DN,F , , ,N,100,0,0,1,,,1484575,5130657
Ashburton District,WINSLOW ROAD,550,W, ,SWAMP ROAD,201417168,23/11/2014,Sun,1308,CC,CE1,112A 130A ,F,R,D,B ,F , , ,N,100,0,0,1,,,1484429,5130625
Ashburton District,1S/401/0.485,15,N, ,DUNFORD ST,201431793,18/01/2014,Sat,214,CB,CS1,130A 412A ,P,R,D,DO,F ,T,S,P,70,0,0,0,,,1521680,5155078
Ashburton District,1S/401/0.868,, ,I,ELIZABETH AVENUE,201446094,20/09/2014,Sat,1650,LB,CS1C,303B 382B ,,R,D,B ,F ,X,S,P,70,0,0,0,,,1521531,5154726
Ashburton District,1S/401/2.619,2000,S, ,MICHAEL ST,201438796,26/05/2014,Mon,1605,FD,CS1C,181A ,,R,D,ON,F , ,N,C,100,0,0,0,,,1520486,5153411
Ashburton District,1S/401/4.259,, ,I,HATFIELD OVERDALE ROAD,201433962,12/03/2014,Wed,1535,GD,4S1V,387A 144B ,,R,D,B ,F ,X,S,C,100,0,0,0,,,1519087,5152555
Ashburton District,1S/401/4.259,, ,I,PENDARVES RAKAIA ROAD,201418855,14/12/2014,Sun,1510,HA,4N2C,301A 382A ,,R,D,BN,F ,X,S,C,100,0,0,1,,,1519087,5152555
Ashburton District,1S/401/4.259,, ,I,PENDARVES RAKAIA ROAD,201434078,10/04/2014,Thu,635,DB,CN1,110A 131A ,P,M,W,O ,F ,X,S,C,100,0,0,0,,,1519087,5152555
Ashburton District,1S/401/4.509,250,S, ,PENDARVES RAKAIA ROAD,201411269,16/03/2014,Sun,1155,EC,4N1,912,W,R,W,O ,H , , ,C,100,0,0,1,,,1518873,5152425
Ashburton District,1S/401/4.759,500,S, ,PENDARVES RAKAIA ROAD,201441610,04/08/2014,Mon,600,EC,4N1,912,W,R,D,DN,F , , ,C,100,0,0,0,,,1518660,5152295
Ashburton District,1S/401/8.357,120,W, ,CHERTSEY LINE ROAD,201442853,01/09/2014,Mon,1100,DA,CE1,111A 330A 386A ,GPS,M,D,O ,F , ,N,C,100,0,0,0,,,1515567,5150488
Ashburton District,1S/401/11.523,90,N, ,JAMIESONS ROAD,201414362,08/06/2014,Sun,40,CC,CS1,103A 130A 412A 801 ,FP,R,W,DN,L , , ,C,100,0,0,1,,,1512902,5148789
Ashburton District,1S/401/14.309,350,N, ,COPLANDS ROAD,201436874,08/04/2014,Tue,1450,FA,4S14,331A 370A 817 901 ,,R,W,O ,H , , ,C,100,0,0,0,,,1510520,5147343
Ashburton District,1S/401/14.659,, ,I,COPLANDS ROAD,201440877,04/08/2014,Mon,145,CA,CN1,402A 433A ,F,R,D,DN,F ,X,S,C,100,0,0,0,,,1510221,5147162
Ashburton District,1S/416/3.094,, ,I,STANLEY ROAD,201438247,05/06/2014,Thu,1959,KB,4E1C,302B 382B ,,R,D,DN,F ,T,G,C,100,0,0,0,,,1507575,5145557
Ashburton District,1S/416/4.241,80,S, ,WINCHMORE DROMORE ROAD,201418754,10/12/2014,Wed,900,FA,TN1B,112A 181A 331A 387A 191B 197B 801 ,,R,W,O ,L , , ,C,100,0,0,1,,,1506701,5144818
Ashburton District,1S/416/6.08,1600,N, ,FAIRFIELD ROAD WEST,201439922,20/06/2014,Fri,635,CB,CN1,135A 802 ,C,R,I,DN,FF, ,N,L,100,0,0,0,,,1505358,5143563
Ashburton District,1S/416/10.081,, ,I,MITCHAM ROAD,201414831,04/07/2014,Fri,1520,JA,VN14,302B 377B ,,R,D,BN,F ,T,G,C,100,0,0,1,,,1502409,5140860
Ashburton District,1S/416/11.439,, ,I,GOLF LINKS DRIVE,201414066,04/06/2014,Wed,1620,JA,CN1C,301B 375B ,,R,D,B ,F ,T,S,C,100,0,0,2,,,1501420,5139929
Ashburton District,1S/416/12.182,100,S, ,RACECOURSE ROAD,201418602,07/12/2014,Sun,1309,BE,CS1T,103A 133A ,,R,D,BF,F , ,N,C,50,0,0,1,,,1500877,5139422
Ashburton District,1S/416/12.301,, ,I,EAST ST,201439300,18/05/2014,Sun,715,CB,CS1,130A 410A ,T,R,D,O ,F ,T,N,P,50,0,0,0,,,1500789,5139342
Ashburton District,1S/416/13.014,100,N, ,QUEENS DRIVE,201450032,27/12/2014,Sat,1155,FD,CS1V4,181A ,,R,D,B ,F , , ,P,50,0,0,0,,,1500268,5138855
Ashburton District,1S/416/13.114,, ,I,QUEENS DRIVE,201417334,30/10/2014,Thu,1612,MC,CN14,191A 372B 671B ,,R,D,B ,F ,T,S,C,50,0,0,1,,,1500194,5138787
Ashburton District,1S/416/13.234,, ,I,WALNUT AVENUE,201449022,08/11/2014,Sat,1650,HA,CN1C,302A 375A ,,E,D,BF,F ,R,G,R,50,0,0,0,,,1500107,5138707
Ashburton District,WEST ST,, ,I,WALNUT AVENUE,201438787,20/04/2014,Sun,2216,HA,CS2C,302A 375A ,,E,W,DO,L ,R,G,R,50,0,0,0,,,1500093,5138707
Ashburton District,1S/416/13.365,100,W, ,WALNUT AVENUE,201432645,20/02/2014,Thu,1205,FD,CE1TC4,181A 330A 181B ,,R,D,B ,F , ,N,P,50,0,0,0,,,1500020,5138625
Ashburton District,1S/416/13.535,270,S, ,WALNUT AVENUE,201448100,23/10/2014,Thu,840,FD,TN1C,331A ,,R,D,B ,F , , ,P,50,0,0,0,,,1499895,5138509
Ashburton District,1S/416/13.901,30,S, ,WILLS ST,201446741,25/10/2014,Sat,1140,FD,CS1CC,331A 352A ,,R,D,B ,F , ,N,C,50,0,0,0,,,1499628,5138260
Ashburton District,1S/416/14.112,, ,I,HAVELOCK ST,201438999,13/06/2014,Fri,1721,LB,CS1C,303B ,,R,D,DO,F ,X,T,L,50,0,0,0,,,1499472,5138116
Ashburton District,1S/416/14.112,, ,I,HAVELOCK ST,201448117,14/11/2014,Fri,210,FE,TS1C,181A 331A ,,R,D,DO,F ,X,T,C,50,0,0,0,,,1499472,5138116
Ashburton District,1S/416/14.112,, ,I,HAVELOCK ST,201411207,15/02/2014,Sat,1720,FE,CS1C,130A 427A 504A ,,R,D,B ,F ,X,T,C,50,0,0,1,,,1499472,5138116
Ashburton District,1S/430/0,, ,I,MOORE ST,201440009,03/07/2014,Thu,1810,LB,CS1C,303B 387B ,,R,D,DO,F ,X,T,C,50,0,0,0,,,1499208,5137868
Ashburton District,1S/430/0,, ,I,MOORE ST,201439880,03/07/2014,Thu,1755,LB,CN2C,303B 375B ,,R,D,TO,F ,X,T,C,50,0,0,0,,,1499208,5137868
Ashburton District,1S/430/0,, ,I,MOORE ST,201447686,22/11/2014,Sat,930,LB,4N1C,103A 303B 353B ,,R,D,BF,F ,X,T,R,50,0,0,0,,,1499208,5137868
Ashburton District,1S/430/0.125,, ,I,KERMODE ST WEST,201436793,27/05/2014,Tue,1600,JA,CE1C,301B 375B ,,M,D,B ,F ,T,S,C,50,0,0,0,,,1499139,5137766
Ashburton District,1S/430/0.178,20,N, ,EAST ST,201412227,24/01/2014,Fri,1624,CB,CN1,129A 134A 500A ,G,R,D,BF,F , ,N,R,50,0,0,1,,,1499117,5137718
Ashburton District,1S/430/0.198,, ,I,EAST ST,201415071,02/07/2014,Wed,1650,NB,TN1E,713B ,,E,D,O ,F ,T,G,C,50,0,1,0,11,,1499109,5137699
Ashburton District,1S/430/0.2,200,S, ,MOORE ST,201435023,10/04/2014,Thu,1158,MA,TN1CC,330B 373B ,M,R,W,O ,F , ,N,C,50,0,0,0,,,1499108,5137698
Ashburton District,1S/430/0.374,5,N, ,SOUTH ST,201418759,23/12/2014,Tue,1156,FD,VN1C,181A 330A ,,R,D,B ,F ,T,G,C,50,0,0,1,,,1498998,5137567
Ashburton District,1S/430/0.379,, ,I,SOUTH ST,201450467,09/12/2014,Tue,1130,LB,CW1T,303B 375B ,,R,D,OF,F ,T,G,L,50,0,0,0,,,1498995,5137564