TLANAME,CRASHROAD,CRASHDIST,CRASHDIRN,INTSN,SIDEROAD,CRASHID,CRASHDATE,CRASHDOW,CRASHTIME,MVMT,VEHICLES,CAUSES,OBJECTSSTRUCK,ROADCURVE,ROADWET,LIGHT,WTHRa,JUNCTYPE,TRAFCTRL,ROADMARK,SPDLIM,CRASHFATALCNT,CRASHSEVCNT,CRASHMINCNT,PERSAGE1,PERSAGE2,EASTING,NORTHING
Auckland,ALBERT ST,30,N, ,KINGSTON ST,201445576,18/09/2014,Thu,930,AA,BN1V,330A 372A 191B ,,R,D,O ,F , , ,N,50,0,0,0,,,1757270,5920596
Auckland,ALBERT ST,50,S, ,KINGSTON ST,201436427,01/05/2014,Thu,2300,FD,CS1CC,103A 181A ,,R,D,DO,F , ,N,C,50,0,0,0,,,1757241,5920521
Auckland,ALBERT ST,, ,I,MILLS LANE,201418240,26/12/2014,Fri,2135,AO,CN1C,157A 209A ,,R,D,DO,F ,T,G,P,50,0,0,1,,,1757368,5920856
Auckland,ALBERT ST,, ,I,PRINCES ST,201446189,30/10/2014,Thu,1015,MO,CN1C,330B 371B ,,R,D,O ,F ,X,T,C,50,0,0,0,,,1764863,5910289
Auckland,ALBERT ST,, ,I,SWANSON ST,201437169,26/05/2014,Mon,1730,AO,CN1B,381A ,,R,D,DF,F ,X,T,C,50,0,0,0,,,1757332,5920761
Auckland,ALBERT ST,, ,I,SWANSON ST,201449811,12/12/2014,Fri,1020,LB,CS1C,303B 334B ,,R,W,OF,L ,T,T,C,50,0,0,0,,,1757332,5920761
Auckland,ALBERT ST,15,N, ,VICTORIA ST,201442664,06/07/2014,Sun,1400,FA,CS1V,331A 358A ,,R,D,BF,F , ,N,C,50,0,0,0,,,1768765,5881496
Auckland,ALBERT ST,, ,I,VICTORIA ST WEST,201418244,17/12/2014,Wed,1640,NO,BN1E,710B 732B ,,R,D,B ,F ,X,T,C,50,0,0,1,47,,1757227,5920482
Auckland,ALBERT ST,20,N, ,WELLESLEY ST WEST,201418753,31/12/2014,Wed,600,AA,XS1M,330A 372A 671A ,,R,D,B ,F ,X,T,C,50,0,0,1,,,1757159,5920296
Auckland,ALBERT ST,, ,I,WELLESLEY ST WEST,201438837,06/07/2014,Sun,245,FE,CS1V,181A ,,R,W,DO,L ,X,T,C,50,0,0,0,,,1757152,5920277
Auckland,ALBERT ST,, ,I,WOLFE ST,201411877,20/03/2014,Thu,2036,HA,4E2C,302A 375A 112B ,,R,D,DO,F ,X,G,L,50,0,0,1,,,1757368,5920856
Auckland,ALBERT ST,, ,I,WOLFE ST,201448463,25/11/2014,Tue,1650,JA,BN1C,302B 378B 817 838 ,,R,D,BF,F ,X,G,P,50,0,0,0,,,1757368,5920856
Auckland,ALBERT ST,, ,I,WYNDHAM ST,201411632,24/02/2014,Mon,1635,BB,CW2S,129A ,Q,E,D,BF,F ,X,T,C,50,0,0,1,,31,1757292,5920655
Auckland,ALBERTON AVENUE,, ,I,MOUNT ALBERT ROAD,201449316,05/12/2014,Fri,735,NA,CS1E,711B ,,R,D,B ,F ,T,G,C,50,0,0,0,,,1753365,5916191
Auckland,ALBERTON AVENUE,, ,I,TAYLORS ROAD,201439178,24/06/2014,Tue,1945,GA,CS1C,181A ,,R,D,B ,F ,T,N,C,50,0,0,0,,,1753862,5916899
Auckland,ALDERMAN DRIVE,30,N, ,EDMONTON ROAD,201412096,23/04/2014,Wed,1555,NA,CN1E,363A 370A 711B 902 ,,E,D,B ,F ,R,G,R,50,0,0,1,53,,1745695,5917422
Auckland,ALDERMAN DRIVE,70,N, ,EDMONTON ROAD,201445378,10/09/2014,Wed,1200,JA,CS1C,308B 927 ,,R,D,B ,F ,D,N,C,50,0,0,0,,,1745673,5917455
Auckland,ALDERMAN DRIVE,, ,I,EDMONTON ROAD,201436222,16/05/2014,Fri,1600,LB,CS1C4,302A ,,M,D,B ,F ,R,G,C,50,0,0,0,,,1745717,5917401
Auckland,ALDERMAN DRIVE,, ,I,EDMONTON ROAD,201416760,03/10/2014,Fri,800,HA,CN1S,302A ,,R,D,B ,F ,R,G,R,50,0,0,1,,56,1745717,5917401
Auckland,ALDERMAN DRIVE,, ,I,GREAT NORTH ROAD,201441052,11/07/2014,Fri,935,MG,4W1V,371B ,,R,W,OF,HS,X,T,C,50,0,0,0,,,1745342,5917395
Auckland,ALDERMAN DRIVE,, ,I,GREAT NORTH ROAD,201443084,05/09/2014,Fri,620,KA,CN1V,184B 303B 801 ,,R,W,TO,L ,X,T,C,50,0,0,0,,,1745342,5917395
Auckland,ALDERMAN DRIVE,20,W, ,RATANUI ST,201435503,17/04/2014,Thu,1550,AA,BW14,386A ,,E,W,O ,F , , ,C,50,0,0,0,,,1745471,5917455
Auckland,ALDERMAN DRIVE,, ,I,SEL PEACOCK DRIVE,201436706,21/05/2014,Wed,850,FB,CN1C,181A ,,R,D,B ,F ,R,G,C,50,0,0,0,,,1745579,5917536
Auckland,ALEXANDER AVENUE,100,E, ,REGATTA ROAD,201437164,30/05/2014,Fri,2330,EA,CW1M,371A ,M,R,D,DO,F , ,N,N,50,0,0,0,,,1755478,5936389
Auckland,ALEXANDER CRESCENT,, ,I,FRANKLYNE ROAD S,201441350,02/08/2014,Sat,2300,DC,CW2,101A 335A ,F,R,D,DO,F ,T,N,N,50,0,0,0,,,1767001,5908581
Auckland,ALEXANDER CRESCENT,80,E, ,OTARA ROAD,201417999,06/12/2014,Sat,515,DA,CE1,103A 402A 410A ,P,E,W,DO,L , , ,N,50,0,0,1,,,1766827,5908901
Auckland,ALEXANDER CRESCENT,, ,I,TOSO WAY,201411921,11/03/2014,Tue,1515,NA,CN1E,713B ,,R,D,BF,F ,T,N,N,50,0,0,1,10,,1766810,5908070
Auckland,ALEXANDER ST,, ,I,GREAT SOUTH ROAD,201438363,07/06/2014,Sat,134,DA,CN2,111A 131A 514A ,T,R,D,DO,F ,T,N,C,50,0,0,0,,,1764344,5909233
Auckland,ALFORD ST,20,N, ,SAXON ST N,201443491,12/09/2014,Fri,1948,EA,CN1C,103A 129A ,M,R,W,DO,H , ,N,C,50,0,0,0,,,1751271,5917412
Auckland,ALFRED ST,, ,I,CHURCH ST,201431864,12/02/2014,Wed,1613,DA,CE2C,111A 131A 430A ,M,R,D,OF,F ,X,S,C,50,0,0,0,,,1759828,5912260
Auckland,ALFRED ST,, ,I,GREY ST,201441087,21/07/2014,Mon,728,HA,VN1C,321B 375B ,,R,W,OF,L ,X,S,C,50,0,0,0,,,1759787,5912748
Auckland,ALFRISTON ROAD,, ,A,ALFRISTON OBR,201438445,03/06/2014,Tue,2146,BA,CE1C,112A 129A 130A 402A 197B ,G,R,D,DO,F , , ,L,50,0,0,0,,,1769862,5901231
Auckland,ALFRISTON ROAD,300,S, ,ALFRISTON-ARDMORE ROAD,201411134,07/02/2014,Fri,2113,CC,CS1,110A 130A 402A 800 801 ,F,R,W,DN,L , , ,C,100,0,1,0,,,1773868,5902600
Auckland,ALFRISTON ROAD,1000,S, ,ALFRISTON-ARDMORE ROAD,201444894,07/11/2014,Fri,1145,DB,CS1,103A 111A 131A ,FP,M,D,ON,F , ,N,L,100,0,0,0,,,1773539,5901982
Auckland,ALFRISTON ROAD,60,W, ,CLAUDE ROAD,201440393,18/07/2014,Fri,1220,CB,CE1,358A ,P,R,D,O ,F , , ,C,50,0,0,0,,,1769325,5901010
Auckland,ALFRISTON ROAD,, ,I,CLAUDE ROAD,201438628,16/06/2014,Mon,1440,FB,CS2C,331A ,,R,W,O ,L ,T,S,C,50,0,0,0,,,1769380,5901033
Auckland,ALFRISTON ROAD,5,W, ,FLEMING ST,201413265,07/06/2014,Sat,1514,NA,CE1E,386A ,,R,D,O ,F ,T,N,P,50,0,0,1,56,,1769338,5901015
Auckland,ALFRISTON ROAD,, ,I,FLEMING ST,201434394,10/04/2014,Thu,630,KB,CE1C,302B ,,R,D,O ,F ,T,G,C,50,0,0,0,,,1769343,5901017
Auckland,ALFRISTON ROAD,30,E, ,GREAT SOUTH ROAD,201440526,14/07/2014,Mon,1848,FD,CE14,181A 331A ,,R,D,DO,F , , ,C,50,0,0,0,,,1768944,5900851
Auckland,ALFRISTON ROAD,, ,I,GREAT SOUTH ROAD,201438610,18/06/2014,Wed,1410,FE,CN2C,331A 357A ,,R,D,B ,F ,X,T,C,50,0,0,0,,,1768916,5900839
Auckland,ALFRISTON ROAD,50,E, ,MILL ROAD,201417536,15/10/2014,Wed,1912,GD,ME1C,331A 352A 930 ,,R,D,TN,F ,D,N,C,80,0,0,1,,,1772588,5901553
Auckland,ALFRISTON ROAD,800,E, ,MILL ROAD,201410968,23/02/2014,Sun,1056,GA,CW1C,331A 350A 929 ,,R,D,BN,F ,D,N,L,80,0,0,2,,,1773275,5901854
Auckland,ALFRISTON ROAD,, ,I,MILL ROAD,201446454,18/10/2014,Sat,1600,HA,CS2C,302A 375A ,,R,W,OF,L ,R,G,R,80,0,0,0,,,1772538,5901520
Auckland,ALFRISTON ROAD,, ,I,MILL ROAD,201439781,22/06/2014,Sun,1702,HA,CN2C,302A 330A ,,R,D,OF,F ,R,G,R,50,0,0,0,,,1772538,5901520
Auckland,ALFRISTON ROAD,300,S, ,RANFURLY ROAD,201430196,07/01/2014,Tue,1548,GE,CS1C,160A 353A 929 ,PS,R,D,BF,F ,D, ,C,80,0,0,0,,,1771154,5901490
Auckland,ALFRISTON ROAD,90,E, ,SARALEE DRIVE,201449437,22/12/2014,Mon,725,MD,TW1C,129B 929 ,,R,D,B ,FF,D,N,C,50,0,0,0,,,1770421,5901465
Auckland,ALFRISTON ROAD,, ,I,SARTEANO DRIVE,201449445,11/12/2014,Thu,815,JA,CW14,302B 377B ,,R,W,O ,L ,T,G,C,50,0,0,0,,,1770487,5901493
Auckland,ALFRISTON ROAD,150,W, ,SCOTTS ROAD,201448992,26/11/2014,Wed,1619,MA,MW1C,373B ,,R,D,O ,F , , ,P,50,0,0,0,,,1769517,5901090
Auckland,ALFRISTON ROAD,, ,I,SCOTTS ROAD,201431338,24/02/2014,Mon,830,JA,CW1C,301B 363B 902 ,,R,D,BF,F ,T,S,C,50,0,0,0,,,1769656,5901146
Auckland,ALFRISTON ROAD,5,W, ,SENATOR DRIVE,201417746,22/12/2014,Mon,2230,CB,CE1,103A 112A ,FI,R,D,DO,F ,T,N,R,50,0,1,0,,,1770545,5901517
Auckland,ALFRISTON ROAD,, ,I,STRATFORD ROAD,201431509,14/01/2014,Tue,1750,HA,CS2C,302A ,,E,D,BF,F ,R,G,R,50,0,0,0,,,1770896,5901673
Auckland,ALIFORD AVENUE,100,N, ,MAROA ROAD,201432862,28/02/2014,Fri,900,BA,CS1C,129A ,,R,D,B ,F , , ,N,50,0,0,0,,,1760456,5914080
Auckland,ALISON ROAD,, ,I,BRYAN ROAD,201439514,08/06/2014,Sun,200,DC,CW1,101A 112A 514A ,C,R,D,DO,F ,T,N,C,50,0,0,0,,,1780940,5926049
Auckland,ALLEN ST,50,S, ,BUCKLAND ROAD,201443058,26/08/2014,Tue,545,CC,TS1T,130A 412A ,M,R,D,DO,F , , ,C,50,0,0,0,,,1762404,5906939
Auckland,ALLENBY ROAD,80,E, ,BUCKINGHAM CRESCENT N,201449424,30/12/2014,Tue,1600,ME,CS1C,181A 387A ,,R,D,B ,F , , ,C,50,0,0,0,,,1766705,5905850
Auckland,ALLENBY ROAD,25,N, ,BUCKINGHAM CRESCENT S,201416994,02/11/2014,Sun,415,CC,CN1V,103A 129A 350A ,M,R,D,DO,F ,T,N,N,50,0,0,1,,,1766447,5905622
Auckland,ALLENBY ROAD,, ,I,CARRUTH ROAD,201441776,13/08/2014,Wed,1629,GO,CS1T,158B ,,R,W,TF,L ,T,S,C,50,0,0,0,,,1766262,5905375
Auckland,ALLENBY ROAD,15,S, ,GREAT SOUTH ROAD,201443059,31/08/2014,Sun,1030,MF,CN1C,370B 371B 402B ,,R,D,O ,F ,T,S,C,50,0,0,0,,,1766700,5905843
Auckland,ALLENDALE ROAD,, ,I,MCLEAN ST,201450287,07/12/2014,Sun,50,DA,CS1C,111A 131A ,M,R,D,DO,F ,T,G,N,50,0,0,0,,,1752654,5916012
Auckland,ALLENDALE ROAD,, ,I,MCLEAN ST,201448466,15/11/2014,Sat,409,DC,CS2C,302A ,M,R,D,DO,F ,T,G,N,50,0,0,0,,,1752654,5916012
Auckland,ALLENDALE ROAD,200,S, ,MOUNT ALBERT ROAD,201442684,30/09/2014,Tue,910,ME,CS1C,371B ,,R,D,BF,F , ,N,N,50,0,0,0,,,1752914,5916319
Auckland,ALLENDALE ROAD,100,W, ,MOUNT ALBERT ROAD,201437300,07/06/2014,Sat,2332,CC,CW1,103A 130A 410A ,T,R,D,DO,F , ,N,C,50,0,0,0,,,1752978,5916395
Auckland,ALLENDALE ROAD,, ,I,MOUNT ALBERT ROAD,201444566,16/09/2014,Tue,731,HA,CE2C,301B 402B ,,R,W,O ,H ,X,S,N,50,0,0,0,,,1753043,5916472
Auckland,ALLENDALE ROAD,70,E, ,RICHARDSON ROAD,201431302,01/02/2014,Sat,2350,EA,CW1C,129A ,M,R,D,DO,F , ,N,N,50,0,0,0,,,1752583,5915929
Auckland,ALLENS ROAD,, ,I,BLACKBURN ROAD,201437359,10/06/2014,Tue,1705,LB,CS1CC,303B 375B ,,R,W,DO,H ,T,G,C,50,0,0,0,,,1768171,5909873
Auckland,ALLUM ST,25,N, ,HOPKINS CRESCENT N,201430645,29/01/2014,Wed,1630,EA,TN1C,386A ,M,R,D,B ,F , ,N,C,50,0,0,0,,,1764520,5919073
Auckland,ALLUM ST,20,E, ,KOHIMARAMA ROAD,201444112,03/10/2014,Fri,1800,JA,MW1C,308B 377B 839 930 ,,R, , F,  ,D,N,N,50,0,0,0,,,1764140,5918703
Auckland,ALMA CRESCENT,150,E, ,SHIRLEY AVENUE,201414450,04/07/2014,Fri,2000,DA,VS1,103A 111A 131A ,F,S,D,DO,F , ,N,N,50,0,0,1,,,1773552,5896872
Auckland,ALMA ST,15,W, ,DAVIS CRESCENT,201444040,25/08/2014,Mon,1450,MO,TE1C,371A 387A 927 ,Q,R,D,BF,F ,D,N,N,50,0,0,0,,,1758536,5918627
Auckland,ALPERS AVENUE,, ,I,BROADWAY,201442644,13/07/2014,Sun,2011,AO,4S1C,381A ,,E,W,DO,F ,M,T,R,50,0,0,0,,,1758389,5917468
Auckland,ALPERS AVENUE,, ,I,BROADWAY,201437138,25/04/2014,Fri,2210,DA,CS2,350A 427A ,,E,D,DO,F ,M,T,R,50,0,0,0,,,1758389,5917468
Auckland,ALPERS AVENUE,20,E, ,GILLIES AVENUE,201436912,27/04/2014,Sun,1600,FD,CW1CCC,181A 181B 181C ,,R,D,O ,F , , ,P,50,0,0,0,,,1758091,5917536
Auckland,ALPERS AVENUE,30,E, ,GILLIES AVENUE,201446172,26/10/2014,Sun,1107,FD,4W1CC,331A 352A ,,R,D,B ,F , , ,C,50,0,0,0,,,1758101,5917534
Auckland,ALPERS AVENUE,30,E, ,GILLIES AVENUE,201443111,23/08/2014,Sat,1030,AA,CW1C,372A ,,R,D,B ,F , , ,C,50,0,0,0,,,1758101,5917534
Auckland,ALPERS AVENUE,70,E, ,GILLIES AVENUE,201415873,07/09/2014,Sun,1804,MD,SE14,204A 929 ,,R,D,B ,F ,D,N,N,50,0,0,1,,49,1758140,5917525
Auckland,ALPERS AVENUE,100,E, ,GILLIES AVENUE,201418851,18/12/2014,Thu,1630,NB,CW1E,711B 712B ,,R,D,BF,F , ,N,N,50,0,0,1,20,,1758169,5917519
Auckland,ALTON TERRACE,, ,I,REEVES ROAD,201432830,08/03/2014,Sat,1200,DA,CE2CCC,131A 405A ,IMM,E,D,B ,F ,T,S,R,50,0,0,0,,,1768030,5912835
Auckland,AMANTE CRESCENT,130,N, ,MAXWELTON DRIVE,201414883,25/07/2014,Fri,830,PC,VE1,204B 929 ,,R,W,OF,F ,D,N,N,50,0,0,1,10,,1755798,5932371
Auckland,AMARU ROAD,50,W, ,MOANA AVENUE,201413520,12/06/2014,Thu,750,EA,CE1C,129A 902 ,M,R,D,B ,F , , ,N,50,0,0,1,,,1759296,5913862
Auckland,AMBERLEY AVENUE,100,E, ,POMELO ROAD,201443740,04/09/2014,Thu,1713,CC,CW14,410A ,M,R,W,DO,L , , ,N,50,0,0,0,,,1746482,5919220
Auckland,AMBERLY RISE,130,W, ,CABELEIGH DRIVE,201440914,31/07/2014,Thu,1130,QD,CE1,527A ,F,E, , F,  , ,N,N,50,0,0,0,,,1730102,5939809
Auckland,AMREINS ROAD,200,S, ,TAUPAKI ROAD,201417460,09/11/2014,Sun,2127,BA,MS1C,103A 129A ,,R,D,DN,F , ,N,C,80,0,1,0,,,1739209,5923850
Auckland,AMREINS ROAD,200,S, ,TAUPAKI ROAD,201443023,07/09/2014,Sun,1900,CB,CS1,103A 129A 407A ,V,R,D,DN,F , , ,C,80,0,0,0,,,1739209,5923850
Auckland,AMREINS ROAD,300,S, ,TAUPAKI ROAD,201411836,22/03/2014,Sat,1420,CC,CN1,112A ,C,R,D,BN,F , ,N,C,80,0,0,1,,,1739200,5923751
Auckland,AMY ST,, ,I,PUKERANGI CRESCENT,201445595,16/09/2014,Tue,800,BO,4N1B,302A 330A 901 ,,E,W,O ,H ,T,G,C,50,0,0,0,,,1761678,5915143
Auckland,ANAWHATA ROAD,50,W, ,RIDGE ROAD,201435003,25/01/2014,Sat,2130,MO,CW1,133A 371A 927 ,P,M,D,DN,F , ,N,C,50,0,0,0,,,1735248,5911242
Auckland,ANDERSON AVENUE,, ,I,PILKINGTON ROAD,201410440,30/01/2014,Thu,1545,MD,CW1S,308B 929 ,,R,D,B ,F ,D,N,R,50,0,0,1,,4,1765618,5916385
Auckland,ANDREW BAXTER DRIVE,, ,I,ASCOT ROAD,201431935,15/03/2014,Sat,907,DB,CW2,111A 131A 517A ,P,R,W,OF,H ,T,N,C,50,0,0,0,,,1758483,5906790
Auckland,ANDREW ROAD,, ,I,KYEEMAGH ST,201434497,16/04/2014,Wed,2020,DA,CE1,111A 131A 901 ,K,S,W,DO,H ,T,G,C,50,0,0,0,,,1771446,5913762
Auckland,ANGELO AVENUE,25,N, ,PAKURANGA ROAD,201417456,19/09/2014,Fri,926,DB,CS1,104A 131A ,F,M,W,OF,F , ,N,C,50,0,0,1,,,1770276,5914678
Auckland,ANGLE ST,50,S, ,NEILSON ST,201431258,28/01/2014,Tue,1613,MO,TS1C,385A 929 ,M,R,D,BF,F ,D,N,C,50,0,0,0,,,1760821,5911813
Auckland,ANGLESEA ST,40,W, ,PAGET ST,201436621,06/05/2014,Tue,2108,MO,CE1C,371A 929 ,M,R,D,DN,F ,D,N,N,50,0,0,0,,,1755710,5919818
Auckland,ANITA AVENUE,80,W, ,CORMACK ST,201431573,11/01/2014,Sat,205,DB,CW1C,410A 423A ,HKT,M,D,DO,F , , ,C,50,0,0,0,,,1754304,5912617
Auckland,ANNISON AVENUE,40,W, ,PITCHER PLACE,201436456,05/04/2014,Sat,815,CB,CW1,112A ,C,R,D,TN,F , ,N,C,50,0,0,0,,,1746190,5912048
Auckland,ANZAC AVENUE,, ,I,BEACH ROAD,201439751,26/06/2014,Thu,1045,FE,TN1C,181A 331A ,,R,W,OF,F ,T,T,C,50,0,0,0,,,1757935,5920784
Auckland,ANZAC AVENUE,20,N, ,PARLIAMENT ST,201410962,07/01/2014,Tue,238,DB,CN1,103A 111A 131A ,T,M,D,DO,F , ,N,R,50,0,1,0,,,1758120,5920443
Auckland,ANZAC AVENUE,, ,I,SHORT ST,201434206,13/02/2014,Thu,1110,GB,VN1C,158A 209A ,,R,D,B ,F ,T,G,P,50,0,0,0,,,1758003,5920615
Auckland,ANZAC AVENUE,, ,I,SHORT ST,201411013,13/02/2014,Thu,1748,LB,SN1C,303B 370B ,,R,D,B ,F ,T,G,C,50,0,0,1,,23,1758003,5920615
Auckland,ANZAC AVENUE,, ,I,SHORT ST,201414404,13/05/2014,Tue,1246,LB,SN1C,303B 375B ,,R,D,BF,F ,T,G,C,50,0,1,0,,80,1758003,5920615
Auckland,ANZAC ROAD,80,E, ,BEACH ROAD,201449861,06/12/2014,Sat,1800,MO,CW1C,371A 929 ,M,R,D,BF,F ,D,N,C,50,0,0,0,,,1755743,5935130
Auckland,ANZAC ROAD,, ,I,BEACH ROAD,201449462,28/11/2014,Fri,2055,DA,CN2,111A 131A 800 ,T,R,W,DO,F ,X,T,P,50,0,0,0,,,1755663,5935133
Auckland,ANZAC ROAD,70,W, ,GLEN ROAD,201442505,04/09/2014,Thu,2030,MO,CE1C,371A ,M,R,W,DO,L , ,N,N,50,0,0,0,,,1755819,5935128
Auckland,ANZAC ST,30,E, ,AUBURN ST,201447608,21/11/2014,Fri,1800,MD,SE1C,386A 929 ,,R,D,BF,F ,D,N,N,50,0,0,0,,,1757800,5927173
Auckland,ANZAC ST,100,W, ,AUBURN ST,201444559,17/09/2014,Wed,1017,JA,4E1C,308B 377B 929 ,,R,D,B ,F ,D,N,C,50,0,0,0,,,1757689,5927105
Auckland,ANZAC ST,, ,I,AUBURN ST,201449887,02/12/2014,Tue,1050,AA,CE1C,372A 671A ,M,R,D,BF,F ,X,T,C,50,0,0,0,,,1757774,5927158
Auckland,ANZAC ST,, ,I,HURSTMERE ROAD,201444751,24/08/2014,Sun,1500,FB,CN1C,181A 387A ,,R,D,BF,F ,R,G,C,50,0,0,0,,,1758202,5927424
Auckland,ANZAC ST,, ,I,LAKE ROAD,201432383,02/03/2014,Sun,1750,LB,CW1S,302A ,,E,D,B ,F ,R,G,R,50,0,0,0,,,1757991,5927291
Auckland,ANZAC ST,, ,I,LAKE ROAD,201410912,03/03/2014,Mon,1323,HA,CW1P,302A 375A ,,R,D,BF,F ,R,G,R,50,0,0,1,,,1757991,5927291
Auckland,ANZAC ST,, ,I,TAHAROTO ROAD,201436405,07/05/2014,Wed,1550,LB,VW1C,303B ,,E,D,BF,F ,X,T,C,50,0,0,0,,,1757222,5926964
Auckland,APIRANA AVENUE,, ,I,EASTVIEW ROAD,201413182,25/03/2014,Tue,340,DB,CN1,103A 111A 131A 402A ,PS,E,D,DO,F ,T,G,L,50,0,1,0,,,1765129,5917743
Auckland,APIRANA AVENUE,20,S, ,LINTAINE PLACE,201418306,09/12/2014,Tue,2140,DA,CS1C,410A ,M,E,D,DO,F , ,N,C,50,0,0,1,,,1764837,5918056
Auckland,APIRANA AVENUE,100,S, ,MERTON ROAD,201415949,09/08/2014,Sat,1039,MC,CS1C,197A 330B 372B 671B ,,R,D,B ,F , , ,C,50,0,0,2,,,1765397,5916612
Auckland,APIRANA AVENUE,, ,I,MERTON ROAD,201442237,12/08/2014,Tue,830,HA,CN1V,302A 330A ,,M,D,O ,F ,R,G,R,50,0,0,0,,,1765361,5916705
Auckland,APIRANA AVENUE,50,N, ,PILKINGTON ROAD,201430582,13/01/2014,Mon,1400,CB,CN1,130A 351A 359A ,,R,D,B ,F , , ,C,50,0,0,0,,,1765538,5916265
Auckland,APIRANA AVENUE,40,N, ,SALIMA TALAGI ST,201413676,14/05/2014,Wed,1000,EA,CS1C,129A 358A 801 ,Q,R,W,B ,L , , ,P,50,0,0,1,,,1765420,5916564
Auckland,APIRANA AVENUE,50,S, ,SALIMA TALAGI ST,201441211,25/07/2014,Fri,1335,MC,CS1C,102B 372B 901 ,,R,W,O ,H , , ,C,50,0,0,0,,,1765452,5916480
Auckland,APIRANA AVENUE,100,S, ,SALIMA TALAGI ST,201445232,05/10/2014,Sun,2228,CB,CS1,136A 631A 801 ,KP,R,W,DO,L , , ,P,50,0,0,0,,,1765470,5916433
Auckland,APIRANA AVENUE,15,S, ,ST HELIERS BAY ROAD,201431210,21/02/2014,Fri,1910,EA,CN1C,129A ,M,R,D,BF,F , ,N,C,50,0,0,0,,,1764743,5918169
Auckland,APIRANA AVENUE,170,N, ,TANIWHA ST,201416745,30/09/2014,Tue,1026,KA,CN1CC,130A 308B 375B 402B 925 ,,E,D,B ,F ,D,N,C,50,0,1,1,,,1765256,5917252
Auckland,APIRANA AVENUE,30,S, ,TANIWHA ST,201413517,26/06/2014,Thu,1840,NA,4N1E,102A 306A 645A ,,R,D,DO,F , , ,C,50,0,0,1,21,,1765264,5917042
Auckland,APOLLO DRIVE,50,N, ,ANTARES PLACE,201437510,03/06/2014,Tue,1130,MO,CN1C,386A 929 ,M,R,D,B ,F ,D,N,P,50,0,0,0,,,1754377,5932269
Auckland,APOLLO DRIVE,60,S, ,ANTARES PLACE,201432128,14/02/2014,Fri,2312,EA,CS14,129A 197A ,M,R,D,DO,F , ,N,C,50,0,0,0,,,1754464,5932172
Auckland,APOLLO DRIVE,200,S, ,ANTARES PLACE,201446151,23/10/2014,Thu,1345,FD,CN1C,181A 191B 801 927 ,,R,W,O ,L , , ,C,50,0,0,0,,,1754575,5932088
Auckland,APOLLO DRIVE,, ,I,ARRENWAY DRIVE,201442630,09/07/2014,Wed,1943,HA,CE2C,103A 302A 375A ,,R,W,DO,F ,R,G,C,50,0,0,0,,,1754306,5932328
Auckland,APOLLO DRIVE,20,N, ,CONSTELLATION DRIVE,201450973,27/11/2014,Thu,840,FD,CN1C,181A ,,R,D,BF,F , ,N,C,50,0,0,0,,,,
Auckland,APOLLO DRIVE,50,N, ,CONSTELLATION DRIVE,201446155,24/10/2014,Fri,1308,LB,4S1C,314B 353B 925 ,,E,D,O ,F ,D, ,C,50,0,0,0,,,1754930,5931872
Auckland,APOLLO DRIVE,50,N, ,CONSTELLATION DRIVE,201450238,16/12/2014,Tue,1240,LB,CS1C,303B 314B 377B 926 ,,R,D,OF,F ,D,N,C,50,0,0,0,,,1754930,5931872
Auckland,APOLLO DRIVE,120,N, ,ORBIT DRIVE,201448725,02/12/2014,Tue,1400,EA,CN1C,129A ,M,E,D,B ,F , , ,P,50,0,0,0,,,1754192,5932876
Auckland,APOLLO DRIVE,200,S, ,ORBIT DRIVE,201435347,28/04/2014,Mon,1251,JA,CS1C,308B 929 ,,E,D,B ,F ,D,N,C,50,0,0,0,,,1754187,5932558
Auckland,APOLLO DRIVE,, ,I,ROSEDALE ROAD,201449816,21/11/2014,Fri,2130,HA,CN1C,302A 375A ,,E,D,DN,F ,R,G,C,50,0,0,0,,,1754222,5933114
Auckland,ARA-TAI,340,N, ,PIGEON MOUNTAIN ROAD,201412207,31/03/2014,Mon,1515,MO,4N1,330A 423A 926 ,H,R,D,B ,F ,D,N,N,50,0,0,1,,,1769042,5916658
Auckland,ARAHOE ROAD,200,S, ,HUTCHINSON AVENUE,201450960,02/11/2014,Sun,1330,MO,CS14,351A 371A 930 ,M,R,D,B ,F ,D, ,C,50,0,0,0,,,1749151,5912430
Auckland,ARAMOANA AVENUE,100,W, ,LAKE ROAD,201432677,19/03/2014,Wed,1015,CC,CW1CC,130A 500A ,M,R,D,B ,F , ,N,N,50,0,0,0,,,1759850,5924144
Auckland,ARAMOANA AVENUE,, ,I,REGENT ST,201443233,12/08/2014,Tue,1737,KA,CE1C,197A 301B 351B 402B ,,R,W,TO,L ,X,S,C,50,0,0,0,,,1759727,5924099
Auckland,ARANUI ROAD,20,W, ,MOUNT WELLINGTON HIGHWAY,201414805,24/06/2014,Tue,1300,NA,CE1E,711B 712B ,,R,D,BF,F ,T,T,C,50,0,1,0,81,,1763791,5912976
Auckland,ARANUI ROAD,30,W, ,MOUNT WELLINGTON HIGHWAY,201439135,17/06/2014,Tue,1730,FD,CE1C,181A 330A ,,R,D,B ,F , ,N,C,50,0,0,0,,,1763781,5912975
Auckland,ARARIMU ROAD,10,W, ,DAVIES ROAD,201413796,07/06/2014,Sat,1437,DB,CW1,111A 131A ,P,E,D,ON,F ,X,S,C,70,0,1,0,,,1776117,5887559
Auckland,ARARIMU ROAD,15,E, ,GELLING ROAD,201437750,23/05/2014,Fri,1214,DA,CE1,131A 350A 801 ,FV,M,W,O ,L , , ,C,100,0,0,0,,,1783411,5889077
Auckland,ARARIMU ROAD,100,W, ,GELLING ROAD,201444952,02/10/2014,Thu,1820,DB,CE1,131A 197A 801 ,G,M,W,O ,F , ,N,C,100,0,0,0,,,1783298,5889075
Auckland,ARARIMU ROAD,340,W, ,GELLING ROAD,201442168,14/08/2014,Thu,2230,DB,CW1,131A 801 901 ,E,M,W,DN,HS, , ,C,100,0,0,0,,,1783063,5889069
Auckland,ARARIMU ROAD,340,W, ,GELLING ROAD,201412869,28/02/2014,Fri,2140,DB,CW1,111A 132A 800 ,ET,M,W,DN,F , , ,C,100,0,0,1,,,1783063,5889069
Auckland,ARARIMU ROAD,3780,E, ,GREAT SOUTH ROAD,201447088,28/10/2014,Tue,725,DA,CS1,111A 131A 815 ,C,M,W,OF,F , ,N,C,100,0,0,0,,,1777128,5886887