TLANAME,CRASHROAD,CRASHDIST,CRASHDIRN,INTSN,SIDEROAD,CRASHID,CRASHDATE,CRASHDOW,CRASHTIME,MVMT,VEHICLES,CAUSES,OBJECTSSTRUCK,ROADCURVE,ROADWET,LIGHT,WTHRa,JUNCTYPE,TRAFCTRL,ROADMARK,SPDLIM,CRASHFATALCNT,CRASHSEVCNT,CRASHMINCNT,PERSAGE1,PERSAGE2,EASTING,NORTHING
Auckland,ARARIMU ROAD,50,E, ,PRATTS ROAD S,201436847,21/04/2014,Mon,730,DB,CE1,131A 412A 800 818 ,T,M,W,O ,L , , ,C,100,0,0,0,,,1777909,5886700
Auckland,ARARIMU ROAD,80,W, ,PRATTS ROAD W,201436283,08/05/2014,Thu,2040,DB,CW1,501A ,V,M,W,DN,L , , ,C,100,0,0,0,,,1776391,5887458
Auckland,ARARIMU ROAD,400,E, ,SINCLAIR ROAD,201433302,23/02/2014,Sun,628,DB,CE1,111A 131A 402A ,C,M,W,ON,L , ,N,C,100,0,0,0,,,1782944,5888957
Auckland,ARARIMU ROAD,500,W, ,SINCLAIR ROAD,201436846,20/04/2014,Sun,1612,DB,CW1,111A 131A 800 904 ,T,M,D,O ,M , , ,C,100,0,0,0,,,1782197,5888831
Auckland,ARARIMU VALLEY ROAD,2500,N, ,OLD NORTH ROAD,201433201,18/03/2014,Tue,1630,DB,CS1,129A 134A ,V,E,D,BN,F , ,N,C,100,0,0,0,,,1738382,5934537
Auckland,ARCHBOYD AVENUE,300,N, ,KIRKELLA CRESCENT N,201418854,21/12/2014,Sun,2242,DA,CS1,357A 512A ,F,E,D,DO,F , ,N,C,50,0,0,1,,,1761862,5908494
Auckland,ARCHBOYD AVENUE,200,N, ,KIRKELLA CRESCENT S,201417990,11/12/2014,Thu,1715,MD,CN1S,308B ,,E,D,O ,F , , ,C,50,0,0,1,,7,1761682,5908243
Auckland,ARCHERS ROAD,50,N, ,BEATRICE AVENUE,201445218,13/10/2014,Mon,913,KA,CN1C,308B 377B 839 929 ,,R,D,B ,F ,D, ,C,50,0,0,0,,,1754528,5927396
Auckland,ARCHERS ROAD,, ,I,BLENHEIM ST,201416645,21/09/2014,Sun,1536,JA,CN1V,301B 375B ,,R,D,O ,F ,T,S,C,50,0,0,1,,,1754325,5927203
Auckland,ARCHERS ROAD,20,E, ,CHARTWELL AVENUE,201433878,15/04/2014,Tue,1814,GD,CE1C,331A 930 ,,R,D,TF,F ,D,N,C,50,0,0,0,,,1754709,5927566
Auckland,ARCHERS ROAD,50,E, ,CHIVALRY ROAD,201416851,06/11/2014,Thu,1717,JA,CW1VC,309B 314B 927 ,,R,D,B ,F ,D,N,C,50,0,0,1,,,1755085,5927919
Auckland,ARCHERS ROAD,90,N, ,CORONATION ROAD,201433988,11/04/2014,Fri,1604,GB,VW1C,333A 387A 929 ,,R,D,B ,F ,D,N,C,50,0,0,0,,,1754045,5926884
Auckland,ARCHERS ROAD,20,N, ,POLAND ROAD,201430146,10/01/2014,Fri,1336,JA,CN1C,308B 314B 377B 930 ,,R,D,OF,F ,D,T,C,50,0,0,0,,,1755513,5928319
Auckland,ARCHERS ROAD,, ,I,POLAND ROAD,201412161,14/05/2014,Wed,834,HA,CE1C4,322A 902 ,,R,D,B ,F ,X,T,C,50,0,0,1,,,1755499,5928305
Auckland,ARCHERS ROAD,, ,I,SUNHAVEN AVENUE,201432076,28/01/2014,Tue,1205,GD,CS1C,181A 331A 402A ,,R,D,BF,F ,T,N,C,50,0,0,0,,,1754916,5927760
Auckland,ARCHERS ROAD,, ,I,SUNNYBRAE ROAD,201433844,08/04/2014,Tue,1658,FE,CW1C,331A 353A 402A ,,R,D,O ,F ,T,T,C,50,0,0,0,,,1754993,5927832
Auckland,ARCHERS ROAD,5,S, ,VELMA ROAD,201447994,24/11/2014,Mon,1911,AD,CS1CC,133A 153A 801 ,,R,W,O ,L ,T,G,L,50,0,0,0,,,1754611,5927474
Auckland,ARCHERS ROAD,10,W, ,VELMA ROAD,201444749,29/08/2014,Fri,1830,EA,TE1C,129A ,M,R,D,TF,F ,T,N,C,50,0,0,0,,,1754607,5927470
Auckland,ARCHERS ROAD,50,W, ,WAIRAU ROAD,201436306,22/03/2014,Sat,1255,JA,CW1V,308B 377B 927 ,,R,D,BF,F ,D,N,P,50,0,0,0,,,1755611,5928412
Auckland,ARCHIBALD ROAD,, ,I,ARCHLYNN ROAD,201448732,11/11/2014,Tue,2135,HA,CN1C,302A ,,E,D,DO,F ,R,G,R,50,0,0,0,,,1748468,5914847
Auckland,ARCHIBALD ROAD,, ,I,BRAINS ROAD,201412416,27/03/2014,Thu,2028,NA,CN1E,129A 130A 370A 412A 710B 724B ,,R,D,DO,F ,T,G,C,50,0,1,0,65,,1748708,5915419
Auckland,ARCHIBALD ROAD,, ,I,ST LEONARDS ROAD,201444669,03/10/2014,Fri,1430,HA,CS1C,302A 375A ,,R,W,O ,F ,R,G,R,50,0,0,0,,,1748468,5914847
Auckland,ARCHIBALD ROAD,, ,I,ST LEONARDS ROAD,201412409,27/02/2014,Thu,2042,HA,CS1M,302A 375A ,,E,D,DO,F ,R,G,R,50,0,0,1,,,1748468,5914847
Auckland,ARCHMILLEN AVENUE,5,E, ,MARVON DOWNS AVENUE,201417455,11/10/2014,Sat,2340,DB,CE1C,103A 111A 131A ,FMT,M,D,DO,F ,T,N,N,50,0,0,1,,,1768691,5913631
Auckland,ARDMORE QUARRY ROAD,710,N, ,CREIGHTONS ROAD,201441478,07/08/2014,Thu,1845,BC,CN14,121A ,,E,W,DN,F , ,N,N,100,0,0,0,,,1779342,5897732
Auckland,ARDMORE ROAD,100,N, ,POMPALLIER TERRACE,201416701,30/09/2014,Tue,545,CC,CS1,103A 130A 410A ,FPT,R,D,DO,F , , ,R,50,0,0,1,,,1754874,5920587
Auckland,ARGUS PLACE,150,N, ,SUNNYBRAE ROAD,201432092,03/02/2014,Mon,55,DC,CN1,102A 112A 330A 514A ,F,R,D,DO,F , ,N,C,50,0,0,0,,,1755452,5927562
Auckland,ARGYLE ROAD,80,E, ,BEACH ROAD,201430745,18/02/2014,Tue,1745,EA,CW1C,129A ,M,E,D,BF,F , ,N,N,50,0,0,0,,,1755721,5934895
Auckland,ARGYLE ST,30,W, ,CLIFTON ROAD,201434568,18/04/2014,Fri,200,EA,CE1C,129A ,M,R, ,DO,F , ,N,N,50,0,0,0,,,1754256,5921026
Auckland,ARGYLE ST,20,E, ,HERNE BAY ROAD,201445571,08/10/2014,Wed,310,DB,CS1,131A 517A ,P,M,D,DO,F ,T,N,C,50,0,0,0,,,1754058,5920924
Auckland,ARIMU ROAD,, ,I,ARTILLERY DRIVE,201433789,04/04/2014,Fri,838,KB,CN14,321B ,,E,D,B ,F ,X,S,C,50,0,0,0,,,1772791,5897187
Auckland,ARMADA DRIVE,, ,I,SWANSON ROAD,201442314,18/08/2014,Mon,1045,QG,VE14,682A 341B ,D,R,D,O ,F ,X,T,C,50,0,0,0,,,1742835,5919028
Auckland,ARMITAGE ROAD,, ,I,TOBRUK ROAD,201412977,25/05/2014,Sun,1808,MD,MS1V,101A 308B 371B 830 929 ,,R,D,DO,F ,D,N,N,50,0,1,0,,,1736785,5983107
Auckland,ARODELLA CRESCENT,240,N, ,LUANDA DRIVE E,201438925,19/06/2014,Thu,2100,MO,CS1C,371A 929 ,M,E,W,DO,F ,D,N,N,50,0,0,0,,,1742565,5919742
Auckland,ARONIA WAY,70,E, ,EVERGLADE DRIVE,201439159,19/05/2014,Mon,2110,DA,CE1,103A 131A ,T,E,D,DO,F , ,N,C,50,0,0,0,,,1768630,5903585
Auckland,ARRAN ROAD,50,N, ,EAST COAST ROAD,201433675,10/04/2014,Thu,900,MO,CS1C,371A 929 ,,R,D,OF,F ,D, ,N,50,0,0,0,,,1754610,5933869
Auckland,ARRAN ROAD,200,E, ,PHILLIPA PLACE,201413770,11/05/2014,Sun,4,EA,CW1C,103A 129A 193A ,M,R,D,DO,F , ,N,C,50,0,0,1,,,1755240,5934749
Auckland,ARRAN ROAD,300,S, ,PHILLIPA PLACE,201446536,22/10/2014,Wed,1959,AD,CN1BCC,103A 112A 130A ,M,R,D,DO,F , , ,C,50,0,0,0,,,1754873,5934438
Auckland,ARRAN ST,40,S, ,ALANBROOKE CRESCENT N,201448988,19/11/2014,Wed,1840,MO,TN1,371A 929 ,P,R,D,B ,F ,D,N,C,50,0,0,0,,,1751014,5914235
Auckland,ARRENWAY DRIVE,, ,I,CIVIL PLACE,201432384,02/03/2014,Sun,1140,KA,CS1C,309B ,,R,D,O ,F ,T,N,N,50,0,0,0,,,1753747,5932263
Auckland,ARTHUR ST,, ,I,GALWAY ST,201411015,23/02/2014,Sun,837,HA,CS2C,301A 375A 402A ,T,R,D,B ,F ,X,S,C,50,0,0,1,,,1759202,5912450
Auckland,ARTHUR ST,, ,I,GREAT NORTH ROAD,201417289,06/11/2014,Thu,900,HA,4W14,302B 335B ,F,R,D,B ,F ,X,G,C,50,0,0,1,,,1742126,5930714
Auckland,ARTHUR ST,50,W, ,SPRING ST,201417879,04/10/2014,Sat,1447,FA,CE1C,181A 331A ,,R,D,B ,F , , ,N,50,0,0,1,,,1759355,5912463
Auckland,ARTHUR ST,, ,I,SPRING ST,201443380,14/09/2014,Sun,0,HA,CE1C,103A 301A ,,R,W,DO,F ,X,S,C,50,0,0,0,,,1759405,5912467
Auckland,ARUNDEL ST,180,W, ,ROGAN ST,201445092,12/10/2014,Sun,1340,MO,CE1C,371A 927 ,M,E,D,B ,F ,D,N,N,50,0,0,0,,,1755307,5912693
Auckland,ASCOT AVENUE,50,N, ,COTTER AVENUE,201414087,26/07/2014,Sat,1205,LO,SS14,204A 378B 835 929 ,,R,D,B ,F ,D,N,C,50,0,0,1,,10,1760595,5916572
Auckland,ASCOT AVENUE,80,S, ,COTTER AVENUE,201448729,25/11/2014,Tue,805,DA,CS1,111A 131A 402A 929 ,FJX,E,D,O ,F ,D,N,L,50,0,0,0,,,1760568,5916445
Auckland,ASCOT AVENUE,, ,I,GREEN LANE EAST,201439667,03/07/2014,Thu,1115,FE,CE1C,181A ,,E,W,O ,F ,T,T,C,50,0,0,0,,,1760509,5916201
Auckland,ASCOT AVENUE,20,S, ,REMUERA ROAD,201437044,21/03/2014,Fri,1100,FD,CN1C,181A ,,R,D,O ,F , , ,C,50,0,0,0,,,1760639,5916771
Auckland,ASCOT AVENUE,60,S, ,REMUERA ROAD,201437836,29/05/2014,Thu,1000,EA,XN1C,386A ,M,R,D,B ,F , ,N, ,50,0,0,0,,,1760631,5916732
Auckland,ASCOT AVENUE,, ,I,REMUERA ROAD,201439490,13/06/2014,Fri,430,DA,CE1C,104A 111A ,M,R,D,DO,F ,X,T,C,50,0,0,0,,,1760643,5916791
Auckland,ASCOT ROAD,, ,I,AINTREE AVENUE,201444665,30/09/2014,Tue,830,KB,CE1C,302B 375B ,,R,D,B ,F ,T,G,C,50,0,0,0,,,1758215,5906825
Auckland,ASCOT ROAD,40,E, ,MONTGOMERIE ROAD,201414908,07/06/2014,Sat,804,AO,4E1SS,183A ,,R,D,BF,F , ,N,C,70,0,0,2,,52,1758085,5906841
Auckland,ASCOT ROAD,, ,I,RICHARD PEARSE DRIVE,201442539,09/09/2014,Tue,705,JA,CW1C,302B 375B ,,R,D,BF,F ,T,G,C,50,0,0,0,,,1758878,5906739
Auckland,ASH ST,, ,I,RATA ST,201431304,09/03/2014,Sun,900,AO,VN1C,129A ,Q,E,D,BF,F ,T,G,C,50,0,0,0,,,1749923,5914986
Auckland,ASH ST,40,E, ,ROSEBANK ROAD,201449759,27/12/2014,Sat,1418,CB,CW1,130A 410A ,P,R,D,B ,F , ,N,R,50,0,0,0,,,1750876,5915595
Auckland,ASH ST,10,S, ,ROSEBANK ROAD,201450631,28/12/2014,Sun,1030,GF,4S1C,158A 386A ,,R,D,B ,F ,X,T,C,50,0,0,0,,,1750827,5915586
Auckland,ASH ST,20,W, ,ROSEBANK ROAD,201448469,09/11/2014,Sun,1100,AC,CE1C,159A ,,R,D,BF,F ,M,T,R,50,0,0,0,,,1750818,5915583
Auckland,ASH ST,80,W, ,ROSEBANK ROAD,201443730,17/08/2014,Sun,740,MC,CE1C,372B ,,R,D,B ,F , , ,C,50,0,0,0,,,1750764,5915558
Auckland,ASH ST,200,W, ,ROSEBANK ROAD,201439512,05/06/2014,Thu,851,AC,CE1C,372A ,,R,D,B ,F , , ,C,50,0,0,0,,,1750658,5915500
Auckland,ASH ST,, ,I,ROSEBANK ROAD,201444702,22/08/2014,Fri,1810,AA,VE1C,357A 512A ,,E,D,TF,F ,X,T,C,50,0,0,0,,,1750837,5915590
Auckland,ASH ST,250,W, ,SANDY LANE,201418290,21/10/2014,Tue,919,GD,VW1CC,331A 929 ,,R,D,O ,F ,D,N,C,50,0,0,2,,,1750010,5915110
Auckland,ASH ST,, ,I,SANDY LANE,201415473,16/07/2014,Wed,655,JA,CW1M,301B ,,R,D,TO,F ,T,S,C,50,0,0,1,,,1750221,5915243
Auckland,ASH ST,40,E, ,WAIRAU AVENUE,201440771,28/07/2014,Mon,830,AC,CE1C,372A 197B ,P,R,D,O ,F , , ,N,50,0,0,0,,,1750387,5915341
Auckland,ASH ST,50,E, ,WAIRAU AVENUE,201442027,24/07/2014,Thu,40,AA,CE1C,372A ,,R,D,DO,F , ,N,C,50,0,0,0,,,1750396,5915346
Auckland,ASH ST,50,E, ,WAIRAU AVENUE,201434001,05/02/2014,Wed,1630,EA,CE1C,386A ,M,R,D,B ,F , ,N,C,50,0,0,0,,,1750396,5915346
Auckland,ASH ST,50,W, ,WAIRAU AVENUE,201413065,10/05/2014,Sat,1242,CB,CE1,112A 197A ,T,R,D,BF,F , ,N,C,50,0,1,0,,,1750310,5915295
Auckland,ASH ST,, ,I,WAIRAU AVENUE,201436206,04/05/2014,Sun,1010,AG,CE1CCC,101A 150A ,,R,D,B ,F ,T,S,C,50,0,0,0,,,1750353,5915321
Auckland,ASHBY AVENUE,, ,I,EMERSON ST,201448014,10/11/2014,Mon,1810,GA,CS1C,331A 386A ,,R,D,B ,F ,T,G,C,50,0,0,0,,,1765746,5918250
Auckland,ASHBY AVENUE,100,S, ,ST HELIERS BAY ROAD,201437094,06/05/2014,Tue,1000,DA,4S1,111A 131A 191A ,T,M,D,B ,F , , ,P,50,0,0,0,,,1765556,5918681
Auckland,ASHFIELD ROAD,30,W, ,DIANA DRIVE,201446458,03/11/2014,Mon,630,JA,CW1C,308B 375B 929 ,,R,D,OF,F ,D,N,N,50,0,0,0,,,1754673,5928722
Auckland,ASHTON AVENUE,, ,I,BAIRDS ROAD,201446508,26/10/2014,Sun,1630,DB,CW2,131A ,FHK,M,D,B ,F ,T,G,C,50,0,0,0,,,1765993,5908257
Auckland,ASHTON ROAD,, ,I,GRANGE ROAD,201415038,08/07/2014,Tue,1539,DA,CW2,131A ,KT,E,W,O ,H ,T,G,R,50,0,0,1,,,1756639,5916724
Auckland,ASHTON ROAD,100,S, ,VALLEY ROAD,201434672,23/01/2014,Thu,1655,CB,TN1,116A 403A 817 ,PT,R,D,BF,F , ,N,C,50,0,0,0,,,1756720,5916906
Auckland,ASICS DRIVE,100,E, ,DEWHURST PLACE,201436864,22/05/2014,Thu,730,MD,4N1C,370A 371B 929 ,,R,D,O ,F ,D, ,C,50,0,0,0,,,1760809,5908894
Auckland,ASPIRING AVENUE,, ,I,MATAURA PLACE,201449699,18/12/2014,Thu,1528,NB,CN1CE,181A 352A 191B 352B 710C ,,E,D,B ,F ,T,G,P,50,0,0,0,,,1769029,5905124
Auckland,ASPIRING AVENUE,, ,I,MATAURA PLACE,201446173,21/10/2014,Tue,845,FA,CS1C,173A 331A ,,E,D,B ,F ,T,G,P,50,0,0,0,,,1769029,5905124
Auckland,ASPIRING AVENUE,, ,I,MATTHEWS ROAD,201444951,09/09/2014,Tue,1734,KC,CW1C,302B 375B 402B ,,M,D,O ,F ,T,G,R,50,0,0,0,,,1769189,5905160
Auckland,ASQUITH AVENUE,, ,I,NEW NORTH ROAD,201442659,21/07/2014,Mon,1730,FB,CS1C,181A ,,R,W,DO,H ,T,S,C,50,0,0,0,,,1753062,5916788
Auckland,ASQUITH AVENUE,80,N, ,ROSSGROVE TERRACE,201438364,15/05/2014,Thu,1955,BA,CN1C,104A 130A 205A ,,R,D,DO,F , , ,C,50,0,0,0,,,1753568,5917372
Auckland,ASQUITH AVENUE,15,S, ,ROSSGROVE TERRACE,201430066,10/01/2014,Fri,1800,FC,CS1C,181A ,,R,D,BF,F , ,N,X,50,0,0,0,,,1753506,5917299
Auckland,ASQUITH AVENUE,, ,I,WAIRERE AVENUE,201418197,04/12/2014,Thu,815,JA,MS1C,301B ,,R,D,O ,F ,T,S,P,50,0,0,1,,,1753491,5917281
Auckland,ASTLEY AVENUE,, ,I,BLEASE ST,201418145,26/12/2014,Fri,216,CB,CS1,130A 402A 412A ,KT,R,D,DO,F ,T,S,C,50,0,0,1,,,1749820,5912301
Auckland,ASTLEY AVENUE,, ,I,BLEASE ST,201400002,04/01/2014,Sat,812,CB,CS1,108A 130A 632A ,T,R,W,OF,L ,T,S,C,50,1,0,0,,,1749820,5912301
Auckland,ASTLEY AVENUE,, ,I,MARGAN AVENUE,201437303,23/04/2014,Wed,1705,HA,CN1C,302A 375A ,,E,D,OF,F ,R,G,R,50,0,0,0,,,1750234,5913173
Auckland,ASTLEY AVENUE,10,N, ,MAYVILLE AVENUE,201411216,21/02/2014,Fri,1626,FA,4S1B,130A 197A ,,R,D,B ,F ,T,S,C,50,0,0,1,,,1749979,5912836
Auckland,ATHENA DRIVE,15,N, ,TACITUS PLACE,201417396,22/11/2014,Sat,200,DB,CS1C,102A 130A 501A ,M,E,D,DO,F , , ,N,50,0,0,1,,,1754037,5930452
Auckland,ATHENA DRIVE,, ,I,TRIAS ROAD W,201442517,22/08/2014,Fri,1839,JC,CS1C,301A ,,R,D,DO,F ,T,S,C,50,0,0,0,,,1754056,5930372
Auckland,ATHENS ROAD,20,N, ,MOUNT SMART ROAD,201443470,23/09/2014,Tue,300,EA,CN1CCC,112A 129A ,M,R,D,DO,F , ,N,N,50,0,0,0,,,1759596,5913027
Auckland,ATKINSON AVENUE,25,N, ,ALBION ROAD,201431899,20/02/2014,Thu,800,JA,CN1C,308B 382B 927 ,,R,D,OF,F ,D,N,R,50,0,0,0,,,1764139,5910287
Auckland,ATKINSON AVENUE,20,S, ,AVENUE ROAD,201442529,01/09/2014,Mon,1920,LB,TS1C,303B 382B 924 ,,R,W,DO,L ,D,N,C,50,0,0,0,,,1764241,5909846
Auckland,ATKINSON AVENUE,, ,I,AVENUE ROAD,201436532,15/05/2014,Thu,1910,CB,CN1,197A 404A 423A ,P,R,D,DO,F ,X,T,C,50,0,0,0,,,1764236,5909865
Auckland,ATKINSON AVENUE,15,E, ,CLENDON AVENUE,201442597,27/07/2014,Sun,1228,MC,CW1C,372B ,,R,D,BF,F , ,N,C,50,0,0,0,,,1765422,5904331
Auckland,ATKINSON AVENUE,, ,I,CRITERION ST,201442599,09/08/2014,Sat,1600,FE,CS1C,181A ,,R,D,BF,F ,T,T,C,50,0,0,0,,,1764256,5909783
Auckland,ATKINSON AVENUE,, ,I,GORDON ROAD,201449040,05/12/2014,Fri,1730,LB,CN1C,303B 377B ,,E,D,BF,F ,T,S,C,50,0,0,0,,,1764195,5910046
Auckland,ATKINSON AVENUE,, ,I,GORDON ROAD,201431234,28/02/2014,Fri,710,LB,CN1C,303B 377B ,,R,D,BF,F ,T,S,C,50,0,0,0,,,1764195,5910046
Auckland,ATKINSON AVENUE,15,N, ,GREAT SOUTH ROAD,201435313,19/04/2014,Sat,1330,MO,CN1C,371A ,M,R,D,B ,F , , ,C,50,0,0,0,,,1764295,5909616
Auckland,ATKINSON AVENUE,25,N, ,GREAT SOUTH ROAD,201411511,13/03/2014,Thu,1520,NA,TS1E,711B ,,R,D,BF,F , ,N,P,50,0,1,0,41,,1764293,5909626
Auckland,ATKINSON AVENUE,20,N, ,KING ST,201415678,24/09/2014,Wed,1415,NB,4N1E,370A 711B ,,R,D,B ,F , ,N,C,50,0,0,1,,,1764214,5909962
Auckland,ATKINSON AVENUE,, ,I,KING ST,201447964,25/11/2014,Tue,750,LB,CN1C,314B 377B ,,R,D,B ,F ,T,S,P,50,0,0,0,,,1764219,5909942
Auckland,ATKINSON AVENUE,, ,I,LUKE ST,201447372,15/11/2014,Sat,1850,MC,CS1C,372B ,,R,W,O ,L ,T,S,C,50,0,0,0,,,1764113,5910397
Auckland,ATKINSON AVENUE,, ,I,LUKE ST,201430010,03/01/2014,Fri,1238,JC,CW24,301A 357A ,,R,D,BF,F ,T,S,P,50,0,0,0,,,1764113,5910397
Auckland,ATKINSON AVENUE,, ,I,LUKE ST,201435800,08/05/2014,Thu,1430,GA,CN1C,101A 181A 922 ,,R,D,OF,FF,D,S,C,50,0,0,0,,,1764113,5910397
Auckland,ATKINSON AVENUE,200,N, ,PRINCES ST,201444742,30/08/2014,Sat,2335,FD,TS14,181A ,,R,W,DO,L , ,N,L,50,0,0,0,,,1764130,5910326
Auckland,ATKINSON AVENUE,5,S, ,PRINCES ST,201449522,19/12/2014,Fri,1130,AC,CS1C,372A ,,E,D,O ,F ,X,T,C,50,0,0,0,,,1764176,5910126
Auckland,ATKINSON AVENUE,60,S, ,PRINCES ST,201435211,17/04/2014,Thu,930,LB,CN1C,303B 927 ,,R,W,O ,H ,D,N,C,50,0,0,0,,,1764188,5910072
Auckland,ATKINSON ROAD,250,N, ,KAURILANDS ROAD,201416653,02/10/2014,Thu,1801,AB,CS1C,153A 331A ,,E,D,O ,F , , ,C,50,0,0,1,,,1747451,5912186
Auckland,ATKINSON ROAD,15,W, ,NORMAN ROAD,201431717,26/01/2014,Sun,1934,CB,CE1,103A 110A 130A 801 ,EK,R,W,O ,L , , ,C,50,0,0,0,,,1747877,5912509
Auckland,ATKINSON ROAD,170,W, ,NORMAN ROAD,201415803,09/09/2014,Tue,1900,BF,CE1CC,103A 131A 205A ,,M,W,DO,L , , ,C,50,0,0,2,,,1747751,5912470
Auckland,ATKINSON ROAD,, ,I,NORMAN ROAD,201446149,19/10/2014,Sun,715,DA,CW1,111A 131A ,F,M,W,O ,F ,T,G,C,50,0,0,0,,,1747891,5912504
Auckland,ATKINSON ROAD,50,N, ,TITIRANGI ROAD,201442691,01/10/2014,Wed,915,QG,CN1C,130A ,M,R,D,BF,F , ,N,C,50,0,0,0,,,1747307,5910753
Auckland,ATKINSON ROAD,200,S, ,WOODFERN CRESCENT S,201439360,21/06/2014,Sat,700,EA,CS1C,129A 358A ,M,E,D,BF,F , ,N,C,50,0,0,0,,,1747375,5911036
Auckland,ATTEWELL ROAD,, ,I,DAZELEY ROAD,201433169,28/03/2014,Fri,1200,GD,TN144,331A ,,R,D,B ,F ,T,S,C,100,0,0,0,,,1766526,5877667
Auckland,ATTEWELL ROAD,, ,I,WAIUKU ROAD,201444564,17/09/2014,Wed,2001,HA,CN1C,301A ,,E,W,DO,L ,X,S,C,100,0,0,0,,,1765886,5878541
Auckland,AUBURN ST,, ,I,COMO ST,201413208,20/02/2014,Thu,1037,GD,CN1C,181A 359A ,,R,D,B ,F ,T,S,N,50,0,0,1,,,1757825,5927077
Auckland,AUCKLAND ROAD,150,N, ,DINGLE ROAD,201438371,30/03/2014,Sun,955,QD,CE1C,420A 929 ,FTX,R,D,B ,F ,D, ,C,50,0,0,0,,,1765202,5919861
Auckland,AVENUE ROAD,, ,I,CHURCH ST,201436107,09/05/2014,Fri,1020,HA,4N2C,302A ,,R,D,B ,F ,R,G,R,50,0,0,0,,,1764411,5909915
Auckland,AVENUE ROAD,150,E, ,HUTTON ST,201441215,02/08/2014,Sat,1455,GB,CW1CC,158A 402A 175B 372B 929 ,,R,D,O ,F ,D, ,C,50,0,0,0,,,1764736,5909981
Auckland,AVIEMORE DRIVE,400,N, ,ABERFELDY AVENUE,201412878,01/05/2014,Thu,1940,EA,CN1C,129A 130A 404A 501A ,M,E,D,DO,F , , ,P,60,0,0,2,,,1769726,5914146
Auckland,AVIEMORE DRIVE,20,N, ,BRADBURY ROAD,201430640,05/02/2014,Wed,411,EA,CS14,101A 129A 402A ,M,R,D,DO,F , ,N,C,60,0,0,0,,,1769954,5913221
Auckland,AVIEMORE DRIVE,100,N, ,CASCADES ROAD,201439703,22/06/2014,Sun,1210,EA,CN1C,102A 129A ,M,R,D,BF,F , , ,C,60,0,0,0,,,1769982,5913028
Auckland,AVIEMORE DRIVE,70,N, ,DE QUINCEY TERRACE,201434379,04/04/2014,Fri,2130,CB,CN1,410A ,JT,R,D,DO,F , , ,C,60,0,0,0,,,1769821,5913532
Auckland,AVIEMORE DRIVE,150,S, ,HIGHLAND PARK DRIVE,201441239,28/07/2014,Mon,1200,FA,CS14,181A 331A ,,E,D,B ,F , , ,P,50,0,0,0,,,1769760,5914427
Auckland,AVIEMORE DRIVE,150,S, ,HIGHLAND PARK DRIVE,201416741,19/10/2014,Sun,1310,NA,CN1E,306A 404A ,,R,D,B ,F , , ,X,60,0,0,1,16,,1769760,5914427
Auckland,AVIEMORE DRIVE,600,S, ,HIGHLAND PARK DRIVE,201418308,10/10/2014,Fri,1715,CC,CN1CC,410A ,M,R,D,BF,F , ,N,C,50,0,0,1,,,1769714,5913980
Auckland,AVIEMORE DRIVE,, ,I,HIGHLAND PARK DRIVE,201418200,09/12/2014,Tue,1737,JA,CS14,103A 301B ,,R,W,O ,L ,T,S,C,60,0,0,1,,,1769803,5914571
Auckland,AVIEMORE DRIVE,20,S, ,MARCO PLACE,201450956,06/12/2014,Sat,1150,EA,CN1C,104A 129A 402A 412A ,M,R,D,B ,F , , ,C,50,0,0,0,,,1769866,5913416
Auckland,AVIEMORE DRIVE,10,S, ,PAKURANGA ROAD,201434266,10/03/2014,Mon,945,HO,CN1S,370A 370B ,,E,D,O ,F ,X,T,C,50,0,0,0,,,1769860,5914764
Auckland,AVIEMORE DRIVE,, ,I,PAKURANGA ROAD,201430598,22/01/2014,Wed,1130,FB,CN1C,181A ,,E,D,B ,F ,X,T,C,50,0,0,0,,,1769862,5914774
Auckland,AVIS AVENUE,, ,I,BIRDWOOD AVENUE,201450521,19/12/2014,Fri,325,DA,CN2C,111A 131A ,FHM,R,D,DO,F ,T,N,N,50,0,0,0,,,1766005,5905735
Auckland,AVONDALE ROAD,100,E, ,MAIRE ST,201400107,13/05/2014,Tue,800,CB,CE1T,130A 363A ,M,R,W,B ,F , , ,C,50,1,0,0,,,1749716,5916081
Auckland,AVONDALE ROAD,50,E, ,OBERON PLACE,201444917,28/09/2014,Sun,1115,DA,CE1,111A 131A ,FT,S,W,O ,L , ,N,C,50,0,0,0,,,1749278,5916206
Auckland,AVONLEIGH ROAD,50,N, ,VINCEROY PLACE,201444399,14/09/2014,Sun,1808,DA,CN1C,103A 131A 800 929 ,M,R,W,DO,F ,D, ,C,50,0,0,0,,,1749040,5911220
Auckland,AWA ST,160,N, ,KURANUI PLACE,201444372,19/08/2014,Tue,1741,DA,4N1,103A 111A 131A 801 ,F,S,W,DO,L , , ,C,50,0,0,0,,,1763703,5909066
Auckland,AWA ST,20,N, ,MANGERE ROAD,201437919,04/06/2014,Wed,840,MG,VN1T,371B ,,E,D,OF,F ,D,N,C,50,0,0,0,,,1763766,5908912
Auckland,AWA ST,50,N, ,MANGERE ROAD,201434300,12/03/2014,Wed,1438,MO,CS1C,371A ,,R,D,B ,F , , ,N,50,0,0,0,,,1763789,5908933
Auckland,AWAAWAROA ROAD,2000,S, ,ORAPIU ROAD,201431860,14/02/2014,Fri,1615,BC,XS1V,121A ,,M,D,BN,F , ,N,N,80,0,0,0,,,1788242,5923519
Auckland,AWANOHI ROAD,, ,I,ASHWOOD AVENUE,201410955,16/02/2014,Sun,1640,BF,MW1C,111A 131A ,,M,D,BN,F ,T,N,C,100,0,1,0,,,1750228,5938430
Auckland,AWAROA ROAD,50,S, ,CABELEIGH DRIVE,201436371,02/04/2014,Wed,1030,MA,CS1C,373B ,,R,D,BF,F , ,N,N,50,0,0,0,,,1730296,5940250
Auckland,AWAROA ROAD,, ,I,GREAT NORTH ROAD,201440783,29/07/2014,Tue,815,FB,CE1C,331A 645A ,,R,D,B ,F ,T,S,C,50,0,0,0,,,1746846,5915256
Auckland,AWAROA ROAD,, ,I,LONGREACH DRIVE,201449611,08/12/2014,Mon,1635,MO,CW1C,331A 386A 402A 929 ,,R,D,B ,F ,D,N,C,50,0,0,0,,,1746550,5915226
Auckland,AWARUKU ROAD,50,E, ,STREDWICK DRIVE,201440253,07/07/2014,Mon,950,EA,BE1C,129A 801 ,M,R,W,O ,L , , ,C,50,0,0,0,,,1754909,5937293