TLANAME,CRASHROAD,CRASHDIST,CRASHDIRN,INTSN,SIDEROAD,CRASHID,CRASHDATE,CRASHDOW,CRASHTIME,MVMT,VEHICLES,CAUSES,OBJECTSSTRUCK,ROADCURVE,ROADWET,LIGHT,WTHRa,JUNCTYPE,TRAFCTRL,ROADMARK,SPDLIM,CRASHFATALCNT,CRASHSEVCNT,CRASHMINCNT,PERSAGE1,PERSAGE2,EASTING,NORTHING
Auckland,AWATERE ST,60,S, ,CLUTHA CRESCENT N,201448455,06/11/2014,Thu,1840,DB,CN1,108A 111A 131A ,FP,S,D,BF,F , ,N,C,50,0,0,0,,,1767929,5906017
Auckland,AWATERE ST,500,E, ,PRESTON ROAD,201410921,28/02/2014,Fri,1815,NA,VW1E,713B 727B ,,R,D,OF,F , ,N,C,50,0,0,1,6,,1767900,5906129
Auckland,AWHITU ROAD,300,N, ,BROOK ROAD,201415021,13/08/2014,Wed,850,DA,CN1,131A 801 ,X,M,W,O ,F , , ,C,100,0,0,1,,,1744669,5893441
Auckland,AWHITU ROAD,1000,N, ,BROOK ROAD,201412419,04/03/2014,Tue,845,DA,CN1,131A 402A 801 ,C,E,W,O ,L , , ,N,100,0,0,2,,,1745135,5893926
Auckland,AWHITU ROAD,, ,I,CEMETERY ROAD,201416995,17/10/2014,Fri,1325,DA,4S1,131A ,F,S,D,BF,F ,T,N,C,100,0,0,1,,,1743688,5888465
Auckland,AWHITU ROAD,250,S, ,COCHRANE ROAD,201417221,01/11/2014,Sat,2326,DB,CN1,103A 111A 131A ,C,M,D,DN,F , , ,C,100,0,1,0,,,1742601,5886452
Auckland,AWHITU ROAD,200,N, ,CRAIG ROAD,201418309,05/12/2014,Fri,2145,DA,CS1,129A 131A ,T,M,D,DN,F , ,N,C,100,0,0,1,,,1749420,5881421
Auckland,AWHITU ROAD,740,N, ,GORDON ROAD,201440290,30/06/2014,Mon,530,EC,VS1,801 912 ,W,R,W,DN,L , , ,C,100,0,0,0,,,1749283,5882765
Auckland,AWHITU ROAD,750,N, ,GORDON ROAD,201440222,30/06/2014,Mon,540,EC,4S1,904 912 ,W,R,W,DN,M , , ,C,100,0,0,0,,,1749286,5882775
Auckland,AWHITU ROAD,, ,I,KAIHAU ROAD,201447090,18/10/2014,Sat,1906,DA,CN1,111A 131A ,F,E,W,ON,L ,T,N,C,100,0,0,0,,,1751017,5878045
Auckland,AWHITU ROAD,370,S, ,PONSFORD ROAD,201430561,23/01/2014,Thu,645,DA,CN1,131A 801 ,FS,M,W,O ,L , , ,C,100,0,0,0,,,1745600,5883673
Auckland,AWHITU ROAD,200,N, ,TAHUNA PA ROAD,201443684,31/08/2014,Sun,1050,DA,VN1,131A 402A 801 ,,M,W,O ,L , , ,C,100,0,0,0,,,1750964,5878277
Auckland,AWHITU ROAD,, ,I,TAURANGARURU ROAD,201447984,29/11/2014,Sat,1507,LB,CN1C,103B 303B ,,E,D,B ,F ,T,S,C,70,0,0,0,,,1751855,5876953
Auckland,AWHITU ROAD,100,S, ,TINDALL ROAD,201412729,19/01/2014,Sun,1046,DA,CN1,131A 504A ,C,M,D,BF,F , ,N,C,100,0,0,1,,,1742664,5890309
Auckland,AYR ST,, ,I,BRIGHTON ROAD,201447817,05/11/2014,Wed,1807,FB,4E1C,181A 387A 191B ,,R,D,BF,F ,R,G,C,50,0,0,0,,,1759314,5918702
Auckland,AYR ST,, ,I,BRIGHTON ROAD,201443897,10/08/2014,Sun,1355,GF,CE1M,129A ,,E,D,BF,F ,R,G,R,50,0,0,0,,,1759319,5918700
Auckland,AYR ST,, ,I,BRIGHTON ROAD,201414304,09/06/2014,Mon,2100,DA,ME1,131A 901 903 ,,E,W,DO,HS,R,G,R,50,0,1,0,,,1759330,5918706
Auckland,AYR ST,, ,I,BRIGHTON ROAD,201439097,16/06/2014,Mon,1925,FB,CS1C,181A ,,R,D,OF,F ,R,G,C,50,0,0,0,,,1759314,5918702
Auckland,AYR ST,, ,I,BRIGHTON ROAD,201444708,19/08/2014,Tue,1900,HA,CE1C,302A ,,E,W,OF,L ,R,G,C,50,0,0,0,,,1759319,5918700
Auckland,BACONS LANE,, ,I,CHANCERY ST,201437097,30/04/2014,Wed,2030,KA,CN1C,301B ,,R,D,DO,F ,X,S,C,50,0,0,0,,,1757631,5920566
Auckland,BADER DRIVE,10,W, ,ASHGROVE ROAD,201437727,05/06/2014,Thu,1942,AO,CE1C,129A ,,E,D,B ,F ,T,G,R,50,0,0,0,,,1760666,5907070
Auckland,BADER DRIVE,, ,I,ASHGROVE ROAD,201448968,29/11/2014,Sat,538,JA,4W1C,302B 353B ,,M,W,O ,L ,T,G,C,50,0,0,0,,,1760676,5907071
Auckland,BADER DRIVE,, ,I,BUCKLAND ROAD,201411831,16/03/2014,Sun,730,DA,CS2,103A 412A ,T,E,D,OF,F ,R,G,R,50,0,1,2,,,1761014,5907320
Auckland,BADER DRIVE,100,N, ,COMET CRESCENT N,201418542,15/12/2014,Mon,615,BE,CN1C,103A 129A ,,R,D,OF,F , ,N,C,50,0,0,2,,,1759699,5907818
Auckland,BADER DRIVE,, ,I,COMET CRESCENT S,201430228,01/01/2014,Wed,2120,KA,CS1C,301B ,,R,D,O ,F ,T,S,N,50,0,0,0,,,1759820,5907468
Auckland,BADER DRIVE,, ,I,IDLEWILD AVENUE,201431813,31/01/2014,Fri,1845,MA,CS1C,373B ,,R,D,OF,F ,T,G,C,50,0,0,0,,,1759799,5907502
Auckland,BADER DRIVE,, ,I,MAGIC WAY,201430233,11/01/2014,Sat,2230,BF,CS2C,131A ,,R,D,DO,F ,R,G,C,50,0,0,0,,,1770195,5901259
Auckland,BADER DRIVE,60,E, ,MASCOT AVENUE,201410693,25/01/2014,Sat,1430,AA,CE1C,372A ,,R,D,B ,F , ,N,C,50,0,0,1,,,1760465,5907044
Auckland,BADER DRIVE,50,W, ,MASCOT AVENUE,201418689,14/11/2014,Fri,2343,CB,CW1,101A 129A ,P,R,D,DO,F , ,N,C,50,0,0,1,,,1760337,5907049
Auckland,BADER DRIVE,, ,I,MASCOT AVENUE,201434101,18/04/2014,Fri,1513,KA,VN2C,302B 387B 402B ,,R,D,BF,F ,R,G,C,50,0,0,0,,,1760386,5907041
Auckland,BADER DRIVE,, ,I,MCKENZIE ROAD,201433260,22/03/2014,Sat,1100,FB,CW1C,181A ,,R,D,BF,F ,T,G,R,50,0,0,0,,,1759314,5908353
Auckland,BADER DRIVE,80,E, ,ORLY AVENUE,201447520,04/11/2014,Tue,2310,DB,CE1,101A 111A 131A ,IT,E,D,DO,F , , ,R,50,0,0,0,,,1760183,5907087
Auckland,BADER DRIVE,70,N, ,ORLY AVENUE,201441411,24/06/2014,Tue,844,FD,CS1CC,110A 181A 191B ,,R,W,O ,F , ,N,C,50,0,0,0,,,1760042,5907172
Auckland,BADER DRIVE,130,N, ,ORLY AVENUE,201437166,22/05/2014,Thu,1915,FD,CN1C,181A ,,R,D,DO,F , ,N,C,50,0,0,0,,,1760007,5907217
Auckland,BADER DRIVE,, ,I,ORLY AVENUE,201440484,04/08/2014,Mon,830,FB,CN1C,181A 330A ,,R,D,B ,F ,R,G,R,50,0,0,0,,,1760107,5907107
Auckland,BADER DRIVE,, ,I,TIORO LANE,201430391,23/01/2014,Thu,2315,LB,CN1C,103B 205B 303B ,,R,D,DO,F ,T,N,C,50,0,0,0,,,1760725,5907099
Auckland,BAHARI DRIVE,50,S, ,GLEN ROAD,201435764,23/04/2014,Wed,626,DB,CS1,111A 131A 514A 801 ,T,E,W,DO,L , , ,C,50,0,0,0,,,1743203,5919548
Auckland,BAIRDS ROAD,, ,A,BAIRDS RD OBR,201446579,30/10/2014,Thu,745,FD,CW1C,181A 331A ,,R,W,O ,F , , ,C,50,0,0,0,,,1765736,5908258
Auckland,BAIRDS ROAD,90,S, ,CLAYTON AVENUE,201416119,07/09/2014,Sun,2029,CC,CN1CC,101A 112A 130A ,FQX,R,D,DO,F , , ,R,50,0,1,0,,,1766965,5907306
Auckland,BAIRDS ROAD,, ,I,COBHAM CRESCENT N,201447509,06/11/2014,Thu,700,JA,CS1C,302B 375B ,,R,W,O ,F ,T,G,C,50,0,0,0,,,1766900,5907541
Auckland,BAIRDS ROAD,150,N, ,COBHAM CRESCENT S,201438572,03/06/2014,Tue,945,MO,TN1C,371A 671A 929 ,M,R,D,B ,F ,D, ,C,50,0,0,0,,,1767098,5907175
Auckland,BAIRDS ROAD,, ,I,COBHAM CRESCENT S,201438334,10/06/2014,Tue,1320,JA,CS1CC,302B 375B 801 ,,R,W,O ,L ,T,G,C,50,0,0,0,,,1767207,5907071
Auckland,BAIRDS ROAD,30,N, ,EAST TAMAKI ROAD,201434680,30/03/2014,Sun,2136,MC,4S1V,372B ,,R,D,DO,F , ,N,P,50,0,0,0,,,1766906,5907688
Auckland,BAIRDS ROAD,30,N, ,EAST TAMAKI ROAD,201436053,28/05/2014,Wed,1145,KB,VS1C,308B 375B 925 ,,R,D,BF,F ,D,T,C,50,0,0,0,,,1766906,5907688
Auckland,BAIRDS ROAD,50,N, ,EAST TAMAKI ROAD,201437716,04/06/2014,Wed,850,AA,BS1C,372A ,,R,D,B ,F , , ,C,50,0,0,0,,,1766907,5907708
Auckland,BAIRDS ROAD,, ,I,EAST TAMAKI ROAD,201434702,16/04/2014,Wed,1215,FB,CS1C,181A ,,E,D,BF,F ,X,T,C,50,0,0,0,,,1766904,5907658
Auckland,BAIRDS ROAD,, ,I,EAST TAMAKI ROAD,201441962,15/08/2014,Fri,830,GA,CN1C,181A 331A 801 ,,E,W,O ,L ,X,T,C,50,0,0,0,,,1766904,5907645
Auckland,BAIRDS ROAD,100,S, ,EVERITT ROAD,201437270,03/06/2014,Tue,1610,AA,SS1C,372A ,,R,D,BF,F , ,N,C,50,0,0,0,,,1767331,5906951
Auckland,BAIRDS ROAD,, ,I,EVERITT ROAD,201412336,08/04/2014,Tue,1812,JA,CN1C,110B 302B 514B 517B ,,E,D,TO,F ,T,G,C,50,0,0,1,,,1767259,5907021
Auckland,BAIRDS ROAD,60,W, ,GILBERT ROAD,201443431,13/06/2014,Fri,1525,FD,VW1CC,181A 330A ,,R,D,O ,F , ,N,C,50,0,0,0,,,1766105,5908230
Auckland,BAIRDS ROAD,, ,I,GREVILLE OFF SBD,201447546,29/10/2014,Wed,1327,GB,CS2C,172B 330B ,,R,D,O ,F ,R,G,R,50,0,0,0,,,1753391,5933248
Auckland,BAIRDS ROAD,15,S, ,HAYMAN ST,201450802,25/11/2014,Tue,1630,KA,TN1C,308B 382B 927 ,,E,D,BN,F ,D,N,C,50,0,0,0,,,1766893,5907841
Auckland,BAIRDS ROAD,, ,I,HAYMAN ST,201449613,16/12/2014,Tue,1040,FC,CN1C,181A 331A 412A ,,R,D,O ,F ,T,G,R,50,0,0,0,,,1766888,5907855
Auckland,BAIRDS ROAD,, ,I,HAYMAN ST,201442528,25/08/2014,Mon,1915,FC,VN1V,181A 331A ,,E,D,DO,F ,T,G,X,50,0,0,0,,,1766888,5907855
Auckland,BAIRDS ROAD,50,W, ,HELLABYS ROAD,201447491,17/11/2014,Mon,1725,FD,CE14C4,331A 350A ,,R,D,TF,F , ,N,C,50,0,0,0,,,1765776,5908275
Auckland,BAIRDS ROAD,, ,I,HELLABYS ROAD,201437251,17/05/2014,Sat,1835,LB,CE1C,103A 322A ,,R,D,DO,F ,Y,T,C,50,0,0,0,,,1765824,5908288
Auckland,BAIRDS ROAD,, ,I,JUKES PLACE,201432125,12/03/2014,Wed,800,FB,VN1V,112A 181A ,,R,D,B ,F ,T,G,C,50,0,0,0,,,1766898,5907501
Auckland,BAIRDS ROAD,20,N, ,KELPIE LANE,201445365,20/09/2014,Sat,1515,MC,CS1C,372B 377B ,,R,D,B ,F , , ,C,50,0,0,0,,,1766787,5907974
Auckland,BAIRDS ROAD,20,S, ,KELPIE LANE,201415684,16/09/2014,Tue,1220,NA,CS1E,712B 727B ,,E,D,B ,F , ,N,C,50,0,1,0,4,,1766816,5907947
Auckland,BAIRDS ROAD,20,S, ,NEWBURY ST,201436203,18/05/2014,Sun,327,CC,CS1,129A 359A ,T,R,W,DO,M , , ,P,50,0,0,0,,,1766793,5907968
Auckland,BAIRDS ROAD,, ,I,OCONNOR ST,201431820,14/01/2014,Tue,1230,LB,CN1C,303B 375B ,,R, , F,  ,T,G,C,50,0,0,0,,,1767551,5906565
Auckland,BAIRDS ROAD,20,E, ,OTARA ROAD,201416706,16/10/2014,Thu,735,FO,CW14,410A ,,R,D,O ,F , , ,C,50,0,0,1,,,1766572,5908112
Auckland,BAIRDS ROAD,40,E, ,OTARA ROAD,201415315,10/08/2014,Sun,630,EA,CW14C,101A 129A ,M,R,D,DO,F , ,N,P,50,0,0,1,,,1766591,5908108
Auckland,BAIRDS ROAD,20,W, ,OTARA ROAD,201434013,20/03/2014,Thu,1030,AO,CN1C,129A 150A 930 ,,R,D,B ,F ,D,N,L,50,0,0,0,,,1766533,5908122
Auckland,BAIRDS ROAD,, ,I,OTARA ROAD,201432541,22/01/2014,Wed,1450,HA,CS2C,322A 334A ,,R,D,O ,F ,X,T,C,50,0,0,0,,,1766553,5908117
Auckland,BAIRDS ROAD,, ,I,OTARA ROAD,201435285,24/02/2014,Mon,1630,FE,CE1C,181A ,,R,D,B ,F ,X,T,C,50,0,0,0,,,1766553,5908117
Auckland,BAIRDS ROAD,50,N, ,SANDBROOK AVENUE,201416925,04/06/2014,Wed,934,GB,CS1C,158A 175B 929 ,,R,D,BF,F ,D,N,C,50,0,0,1,,,1767372,5906783
Auckland,BAIRDS ROAD,150,N, ,SANDBROOK AVENUE,201438551,17/06/2014,Tue,1150,DB,VN1C,111A 131A 801 ,M,M,W,O ,L , , ,P,50,0,0,0,,,1767387,5906881
Auckland,BAIRDS ROAD,170,N, ,SANDBROOK AVENUE,201435786,12/05/2014,Mon,1730,MO,CN1C,371A 514A ,,E,D,B ,F , , ,C,50,0,0,0,,,1767381,5906900
Auckland,BAIRDS ROAD,50,S, ,SERVICE LANE,201415093,04/08/2014,Mon,610,DB,CN1,103A 111A 131A ,P,M,D,TO,F , , ,C,50,0,0,1,,,1767357,5906927
Auckland,BAIRDS ROAD,10,N, ,THURSO LANE,201442639,21/06/2014,Sat,530,AC,CS14,197A ,,R,W,TO,L ,T,G,C,50,0,0,0,,,1766908,5907759
Auckland,BAIRDS ROAD,15,E, ,WYMONDLEY ROAD,201433377,25/03/2014,Tue,1138,FD,CE1V,181A 191B ,,R,D,BF,F , ,N,L,50,0,0,0,,,1765572,5908189
Auckland,BAIRDS ROAD,15,W, ,WYMONDLEY ROAD,201443916,16/10/2014,Thu,1230,FE,CE1C,181A ,,R,D,BF,F ,T,T,C,50,0,0,0,,,1765545,5908178
Auckland,BAKER ST,, ,I,TRAVIS VIEW DRIVE,201450256,26/12/2014,Fri,1941,DA,CW1,111A 132A ,S,R,D,BF,F ,T,G,N,50,0,0,0,,,1752850,5935756
Auckland,BALD HILL ROAD,330,W, ,FORESTRY ROAD,201432929,20/02/2014,Thu,,DA,CW1,110A 138A ,T,M,D,BN,F , , ,N,100,0,0,0,,,1737862,5940543
Auckland,BALD HILL ROAD,100,S, ,VALLEY ROAD,201410665,01/03/2014,Sat,1807,DB,MS1,129A 330A 804 ,,E,D,TN,F , ,N,N,100,0,0,1,,,1737279,5940588
Auckland,BALGOWAN TERRACE,340,W, ,BEAUMARIS WAY,201437185,31/05/2014,Sat,2200,MO,VS1C,103A 371A 929 ,M,R,D,DO,F ,D,N,N,50,0,0,0,,,1770069,5898722
Auckland,BALLARAT ST,150,N, ,ELLERSLIE-PANMURE HIGHWAY,201441030,29/07/2014,Tue,2100,KA,CN1C,929,,R,W,DO,L ,D,N,C,50,0,0,0,,,1762434,5914983
Auckland,BALM ST,, ,I,BROADWAY,201439565,29/05/2014,Thu,845,GD,CW1C,386A ,,M,D,B ,F ,X,T,C,50,0,0,0,,,1758383,5917894
Auckland,BALMORAL ROAD,40,W, ,ARABI ST,201414195,01/07/2014,Tue,1025,NB,CE1E,713B ,,R,W,OF,H , ,N,C,50,0,0,1,82,,1755210,5916377
Auckland,BALMORAL ROAD,10,E, ,DOMINION ROAD,201434564,19/04/2014,Sat,2030,FE,CW1C,181A ,,R,D,DO,F ,X,T,C,50,0,0,0,,,1755726,5916227
Auckland,BALMORAL ROAD,10,E, ,DOMINION ROAD,201449505,17/12/2014,Wed,1210,AC,CW1C,177A 330A ,,R,W,O ,L ,X,T,C,50,0,0,0,,,1755726,5916227
Auckland,BALMORAL ROAD,15,W, ,DOMINION ROAD,201441113,07/08/2014,Thu,1830,FE,CE1C,181A ,,R,W,DO,L , ,T,C,50,0,0,0,,,1755701,5916231
Auckland,BALMORAL ROAD,70,W, ,DOMINION ROAD,201442184,20/08/2014,Wed,805,MD,4E1V4,130A 191A 197A 308B 423B 191C 197C 929+,,R,W,O ,F ,D,N,R,50,0,0,0,,,1755648,5916246
Auckland,BALMORAL ROAD,100,W, ,DOMINION ROAD,201414196,03/07/2014,Thu,1525,AA,CW14,372A ,,R,D,BF,F , ,N,C,50,0,0,1,,,1755620,5916255
Auckland,BALMORAL ROAD,100,W, ,DOMINION ROAD,201434595,31/03/2014,Mon,1200,MO,CW1C,385A ,M,R,D,BF,F , ,N,C,50,0,0,0,,,1755620,5916255
Auckland,BALMORAL ROAD,130,W, ,DOMINION ROAD,201448987,20/11/2014,Thu,1750,AA,4W1C,184A 372A ,,R,D,B ,F , , ,P,50,0,0,0,,,1755592,5916266
Auckland,BALMORAL ROAD,, ,I,DOMINION ROAD,201435243,31/03/2014,Mon,1148,FE,CW1X,181A ,,R,D,B ,F ,M,T,C,50,0,0,0,,,1755716,5916227
Auckland,BALMORAL ROAD,, ,I,DOMINION ROAD,201447223,30/10/2014,Thu,950,GE,CW1C,171B 372B 929 ,,R,D,B ,F ,X,T,C,50,0,0,0,,,1755716,5916227
Auckland,BALMORAL ROAD,, ,I,DOMINION ROAD,201447838,26/11/2014,Wed,1855,LB,CW1C,303B 375B ,,R,D,OF,F ,X,T,C,50,0,0,0,,,1755716,5916227
Auckland,BALMORAL ROAD,100,E, ,GORING ROAD,201448964,10/12/2014,Wed,1834,AC,CE1C,372A ,,R,W,O ,L , , ,C,50,0,0,0,,,1755366,5916334
Auckland,BALMORAL ROAD,15,W, ,GORING ROAD,201449643,04/12/2014,Thu,1420,AC,CE1T,184A 184B ,,R,D,O ,F , , ,C,50,0,0,0,,,1755255,5916365
Auckland,BALMORAL ROAD,15,W, ,MOUNT EDEN ROAD,201441103,01/08/2014,Fri,1700,FE,CE1C,181A ,,R,D,BF,F , ,T,C,50,0,0,0,,,1756810,5915905
Auckland,BALMORAL ROAD,50,W, ,MOUNT EDEN ROAD,201432122,04/03/2014,Tue,1600,FD,CW1C,112A 353A ,,R,D,B ,F , ,N,C,50,0,0,0,,,1756776,5915915
Auckland,BALMORAL ROAD,, ,I,MOUNT EDEN ROAD,201437120,23/02/2014,Sun,15,LB,CN2CC,303B 323B ,,R,D,DO,F ,T,T,C,50,0,0,0,,,1756824,5915901
Auckland,BALMORAL ROAD,, ,I,MOUNT EDEN ROAD,201445206,05/10/2014,Sun,1330,HA,CN2V,309A 845 ,,E,D,O ,F ,X,T,C,50,0,0,0,,,1756824,5915901
Auckland,BALMORAL ROAD,, ,I,MOUNT EDEN ROAD,201434385,20/03/2014,Thu,2234,FE,CW1C,103A 331A ,,R,D,DO,F ,X,T,R,50,0,0,0,,,1756824,5915901
Auckland,BALMORAL ROAD,, ,I,MOUNT EDEN ROAD,201440675,22/07/2014,Tue,1700,KC,CN2C,322B ,,E,D,O ,F ,X,T,R,50,0,0,0,,,1756824,5915901
Auckland,BALMORAL ROAD,80,E, ,SANDRINGHAM ROAD,201445387,17/09/2014,Wed,1730,MC,CE1C,372B ,,R,D,TF,F , , ,C,50,0,0,0,,,1754994,5916435
Auckland,BALTERSAN DRIVE,10,S, ,BARCALDINE ROAD,201448070,14/11/2014,Fri,2030,MO,CN1C,386B ,M,R,D,OO,F ,X,G,N,50,0,0,0,,,1770193,5908917
Auckland,BANCROFT CRESCENT N,100,E, ,AKATEA ROAD,201438726,11/06/2014,Wed,719,DB,CW1C,133A 430A ,M,E,D,BF,F , ,N,N,50,0,0,0,,,1748058,5916372
Auckland,BANKS ROAD,50,E, ,BOAKES ROAD,201443370,06/09/2014,Sat,145,BE,CE1C,103A 125A ,,R,W,DO,H , ,N,C,50,0,0,0,,,1763654,5914739
Auckland,BANKS ROAD,80,E, ,BOAKES ROAD,201438515,17/06/2014,Tue,1820,EA,CE1C,386A ,M,R,W,DO,F , , ,C,50,0,0,0,,,1763681,5914725
Auckland,BANKS ROAD,, ,I,BOAKES ROAD,201437095,13/05/2014,Tue,2050,KB,CE1C,301B ,C,R,D,DO,F ,T,S,C,50,0,0,0,,,1763610,5914761
Auckland,BANKS ROAD,60,E, ,ELLERSLIE-PANMURE HIGHWAY,201445588,26/09/2014,Fri,2311,EC,CE1C,103A 129A ,M,R,D,DO,F , , ,C,50,0,0,0,,,1763205,5914966
Auckland,BANKSIDE ROAD,10,W, ,MILLWATER PARKWAY,201449496,17/12/2014,Wed,1212,NA,4E1E,713B ,,R,W,O ,L ,T,G,C,50,0,0,0,,,1748829,5948069
Auckland,BANYAN DRIVE,, ,I,EVERGLADE DRIVE,201444361,29/08/2014,Fri,2330,DA,CN2,111A 124A 131A ,T,E,D,DO,F ,T,S,C,50,0,0,0,,,1768584,5903434
Auckland,BARBADOS DRIVE,20,W, ,JUMENTO PLACE,201433341,10/03/2014,Mon,0,EA,CW1C,129A ,M,R, ,DO,  , ,N,C,50,0,0,0,,,1753501,5931139
Auckland,BARBADOS DRIVE,20,N, ,UNSWORTH DRIVE,201435197,12/03/2014,Wed,815,MO,BN1C,386A ,M,R,D,B ,F ,R,G,C,50,0,0,0,,,1753019,5930808
Auckland,BARCALDINE ROAD,, ,I,BALTERSAN DRIVE,201439175,07/06/2014,Sat,1535,FA,CW1C,181A ,,R,D,B ,F ,R,G,C,50,0,0,0,,,1770209,5908934
Auckland,BARDIA ST,, ,I,CORONATION ST,201438746,14/06/2014,Sat,101,DA,CW1,131A ,F,E,D,DO,F ,T,G,C,50,0,0,0,,,1759282,5925159
Auckland,BARRACK ROAD,100,S, ,ELLERSLIE-PANMURE HIGHWAY,201416192,30/09/2014,Tue,2144,EA,CN1C,101A 108A 129A ,M,R,D,DO,F , , ,N,50,0,0,1,,,1763968,5914942
Auckland,BARROWCLIFFE PLACE,, ,I,MANUKAU STATION ROAD S,201445090,08/10/2014,Wed,940,MG,CN1C,371B ,,R,D,B ,F ,T,N,N,50,0,0,0,,,1767299,5904135
Auckland,BARRYS POINT ROAD,30,S, ,ANZAC ST,201431754,18/02/2014,Tue,931,LB,CN1C,303B 375B 922 ,,R,D,B ,F ,D,N,C,50,0,0,0,,,1757494,5926954
Auckland,BARRYS POINT ROAD,, ,I,DES SWANN DRIVE,201436198,10/05/2014,Sat,910,JB,CE2C,370A 370B 929 ,,R,D,B ,F ,D,N,C,50,0,0,0,,,1757483,5926640
Auckland,BARRYS POINT ROAD,5,N, ,ESMONDE ROAD,201440617,17/06/2014,Tue,1345,FE,CS1C,331A 801 ,,R,W,O ,L ,T,T,C,50,0,0,0,,,1757558,5926265
Auckland,BARRYS POINT ROAD,100,N, ,ESMONDE ROAD,201412481,17/04/2014,Thu,1629,AO,CN1CC,112A 150A 402A 514A ,,R,D,O ,F , , ,C,50,0,0,1,,,1757523,5926353
Auckland,BARRYS POINT ROAD,100,N, ,ESMONDE ROAD,201417395,24/11/2014,Mon,735,FD,CW1CV,331A 423A ,,R,D,O ,F , , ,C,50,0,1,0,,,1757523,5926353
Auckland,BARRYS POINT ROAD,100,N, ,ESMONDE ROAD,201437107,04/06/2014,Wed,1700,EA,VS1C,129A ,M,R,D,BF,F , ,N,C,50,0,0,0,,,1757523,5926353
Auckland,BARRYS POINT ROAD,, ,I,ESMONDE ROAD,201437206,14/04/2014,Mon,1235,KB,VW24,322A ,,R,D,OF,F ,T,T,C,50,0,0,0,,,1757560,5926261
Auckland,BASSETT ROAD,, ,I,ARNEY ROAD,201449188,27/11/2014,Thu,1720,LB,CS1C,303B 375B ,,R,D,BF,F ,T,G,C,50,0,0,0,,,1759124,5917635
Auckland,BASSETT ROAD,150,S, ,FINDLAY ROAD,201441036,15/06/2014,Sun,51,CC,VS1,103A 130A 410A ,,R,D,DN,F , ,N,N,100,0,0,0,,,1760421,5881380
Auckland,BASSETT ROAD,20,N, ,REMUERA ROAD,201415784,12/08/2014,Tue,800,PC,CS1E,308A 929 ,,R,D,OF,F ,D,N,N,50,0,0,1,58,,1759088,5917518
Auckland,BASSETT ROAD,, ,I,SHORE ROAD,201412250,05/05/2014,Mon,1645,DB,CW1,133A 134A ,K,E,W,TF,L ,R,G,C,50,0,0,1,,,1759317,5918691
Auckland,BAWDEN ROAD,500,E, ,OREGON PARK,201416184,01/10/2014,Wed,858,MO,CE1T,358A 929 ,,R,D,B ,F ,D, ,L,80,0,0,1,,,1748914,5940304
Auckland,BAY ST,100,W, ,LAURIE ST,201438378,31/05/2014,Sat,1355,EA,CE1C,129A 507A ,M,R,D,B ,F , , ,C,50,0,0,0,,,1752295,5947626
Auckland,BAYSIDE DRIVE,10,E, ,CRESTVIEW PLACE,201444884,17/11/2014,Mon,1000,MD,CE1C,308B 375B 929 ,,S,D,BF,F ,D,N,C,50,0,0,0,,,1755234,5934226
Auckland,BAYSWATER AVENUE,15,W, ,LAKE ROAD,201435625,02/05/2014,Fri,1218,MO,CN1T,370A 387B ,,R,D,O ,F , , ,C,50,0,0,0,,,1759673,5924892
Auckland,BAYSWATER AVENUE,, ,I,SANDY BAY ROAD,201433985,12/04/2014,Sat,2246,DA,4W1,101A 112A 132A ,P,R,D,DO,F ,T,N,C,50,0,0,0,,,1758578,5924282
Auckland,BAYVIEW ROAD,60,N, ,SIMON ELLICE DRIVE,201417268,15/10/2014,Wed,1437,DB,CN1T,129A 504A ,M,S,D,B ,F , , ,C,50,0,0,1,,,1752525,5928933
Auckland,BAYVIEW ROAD,120,W, ,SPINELLA DRIVE,201433987,24/03/2014,Mon,908,EA,CE1CC,129A 363A 902 ,M,R,D,B ,F , ,N,C,50,0,0,0,,,1752328,5929027
Auckland,BEACH HAVEN ROAD,90,W, ,BAY PARK PLACE,201414489,19/06/2014,Thu,839,MD,ME1T,378A 371B 378B 832 927 ,,R,W,BN,F ,D,N,C,50,0,0,1,,,1751472,5927240
Auckland,BEACH HAVEN ROAD,120,E, ,BIRKDALE ROAD,201438901,20/06/2014,Fri,1655,FD,CW1CC,331A 352A ,,R,W,TF,F , ,N,C,50,0,0,0,,,1751744,5927351
Auckland,BEACH HAVEN ROAD,, ,I,BIRKDALE ROAD,201410911,22/01/2014,Wed,755,KB,CE1S,302A 375A ,,R,D,OF,F ,R,G,R,50,0,0,1,,77,1751622,5927289
Auckland,BEACH HAVEN ROAD,120,E, ,JOHN BRACKEN WAY,201433431,28/03/2014,Fri,2257,CB,CW1C,195A ,M,R,D,DO,F , ,N,C,50,0,0,0,,,1750905,5927044
Auckland,BEACH HAVEN ROAD,, ,I,JOHN BRACKEN WAY,201416292,15/10/2014,Wed,1432,JA,VE1C,302B ,,R,D,B ,F ,X,G,L,50,0,1,1,,,1750791,5927005
Auckland,BEACH HAVEN ROAD,100,E, ,LANCASTER ROAD,201436771,28/05/2014,Wed,644,EA,CE1C,386A ,M,R,W,O ,F , ,N,C,50,0,0,0,,,1751355,5927200
Auckland,BEACH HAVEN ROAD,, ,I,LANCASTER ROAD,201442891,05/09/2014,Fri,731,HA,CS2C,302A 375A ,,R,W,O ,F ,R,G,C,50,0,0,0,,,1751254,5927156
Auckland,BEACH HAVEN ROAD,50,E, ,LAUDERDALE ROAD,201446538,22/10/2014,Wed,2300,EA,CW1C,103A 130A 410A ,M,M,D,TO,F , , ,C,50,0,0,0,,,1751849,5927407
Auckland,BEACH HAVEN ROAD,60,W, ,LAUDERDALE ROAD,201433678,16/04/2014,Wed,1303,QG,TN1,386A 683A ,X,R,D,OF,F , ,N,C,50,0,0,0,,,1751752,5927355
Auckland,BEACH ROAD,70,N, ,ABERDEEN ROAD,201449001,15/11/2014,Sat,2138,EA,VS1C,103A 129A ,M,E,W,DO,L , ,N,C,50,0,0,0,,,1757367,5931195
Auckland,BEACH ROAD,200,N, ,ABERDEEN ROAD,201437736,06/06/2014,Fri,900,EA,4N1C,102A 129A ,M,R,D,OF,F , , ,C,50,0,0,0,,,1757389,5931323