TLANAME,CRASHROAD,CRASHDIST,CRASHDIRN,INTSN,SIDEROAD,CRASHID,CRASHDATE,CRASHDOW,CRASHTIME,MVMT,VEHICLES,CAUSES,OBJECTSSTRUCK,ROADCURVE,ROADWET,LIGHT,WTHRa,JUNCTYPE,TRAFCTRL,ROADMARK,SPDLIM,CRASHFATALCNT,CRASHSEVCNT,CRASHMINCNT,PERSAGE1,PERSAGE2,EASTING,NORTHING
Auckland,BEACH ROAD,100,S, ,ABERDEEN ROAD,201447999,26/11/2014,Wed,2011,EA,CN1C,102A 129A 354A ,M,M,D,DO,F , , ,C,50,0,0,0,,,1757343,5931027
Auckland,BEACH ROAD,100,E, ,ANZAC AVENUE,201416341,04/09/2014,Thu,900,NB,CE1E,713B ,,R,D,B ,F , ,N,C,50,0,0,1,21,,1758023,5920739
Auckland,BEACH ROAD,, ,I,ANZAC AVENUE,201442586,26/04/2014,Sat,2325,FE,CW1P,181A ,,R,D,DO,F ,T,T,C,50,0,0,0,,,1757935,5920784
Auckland,BEACH ROAD,, ,I,ANZAC AVENUE,201415257,27/05/2014,Tue,2225,BF,CN2PX,103A 129A ,,E,D,DO,F ,Y,T,P,50,0,0,1,,,1757935,5920784
Auckland,BEACH ROAD,200,S, ,ANZAC ROAD,201447559,22/10/2014,Wed,1735,AO,CN1C,129A 357A ,,E,D,O ,F , , ,C,50,0,0,0,,,1755658,5934933
Auckland,BEACH ROAD,30,E, ,ARGYLE AVENUE,201444949,09/10/2014,Thu,340,EA,CE1V,103A 129A ,M,R,W,DO,F , ,N,C,50,0,0,0,,,1772638,5895368
Auckland,BEACH ROAD,, ,I,BAYSIDE DRIVE,201412253,03/05/2014,Sat,1809,JA,MN14,302B 375B ,,R,D,TF,F ,T,G,C,50,0,1,1,,,1755522,5934387
Auckland,BEACH ROAD,, ,I,BRITOMART PLACE,201440514,13/07/2014,Sun,2159,MG,CW1C,353B 371B ,,R,D,DO,F ,X,T,R,50,0,0,0,,,1757837,5920803
Auckland,BEACH ROAD,, ,I,BRITOMART PLACE W,201413834,27/05/2014,Tue,900,KA,SE1C,302B 375B 404B ,,R,D,B ,F ,T,G,N,50,0,0,1,,47,1757837,5920803
Auckland,BEACH ROAD,100,S, ,BROWNS BAY ROAD N,201410952,05/03/2014,Wed,920,MC,CN1C,372B ,,R,D,OF,L , ,N,P,50,0,0,1,,,1755440,5934204
Auckland,BEACH ROAD,100,N, ,BUTE ROAD,201444562,17/09/2014,Wed,1200,EA,CN14C,129A ,M,R,D,O ,F , , ,C,50,0,0,0,,,1755669,5935500
Auckland,BEACH ROAD,150,N, ,BUTE ROAD,201445522,02/10/2014,Thu,1645,BF,CS1C,131A 801 ,,M,W,O ,L , , ,C,50,0,0,0,,,1755663,5935549
Auckland,BEACH ROAD,200,N, ,BUTE ROAD,201432316,13/01/2014,Mon,1544,FB,CS1C,131A ,,S,W,B ,F , , ,C,50,0,0,0,,,1755654,5935598
Auckland,BEACH ROAD,10,S, ,BUTE ROAD,201412296,20/05/2014,Tue,1230,FD,CS1C,181A 330A ,,R,D,B ,F ,R,G,C,50,0,0,1,,,1755672,5935375
Auckland,BEACH ROAD,10,S, ,CHANNEL VIEW ROAD,201411102,20/02/2014,Thu,813,AA,TS1C,381A 386A 387B ,,R,D,B ,F ,T,G,C,50,0,0,1,,,1756914,5932016
Auckland,BEACH ROAD,15,W, ,CHICHESTER DRIVE,201442518,04/09/2014,Thu,800,GC,CN1V,174B 929 ,,R,D,OF,F ,D, ,C,50,0,0,0,,,1771745,5895209
Auckland,BEACH ROAD,, ,I,CHICHESTER DRIVE,201434488,28/04/2014,Mon,1700,JC,CE1C,322B ,,M,D,B ,F ,X,T,C,50,0,0,0,,,1771759,5895206
Auckland,BEACH ROAD,70,N, ,CHURCHILL ST,201418189,29/11/2014,Sat,26,DA,CS1,131A 412A ,HX,E,W,DO,F , , ,P,50,0,0,2,,,1758204,5920314
Auckland,BEACH ROAD,, ,I,CHURCHILL ST,201432397,11/03/2014,Tue,1523,GF,TE1C,129A ,,M,D,B ,F ,T,N,R,50,0,0,0,,,1758200,5920244
Auckland,BEACH ROAD,, ,I,CUSTOMS ST EAST,201432685,05/04/2014,Sat,1820,FE,CW1C,181A 334A ,,R,D,TF,F ,T,T,C,50,0,0,0,,,1757823,5920799
Auckland,BEACH ROAD,, ,I,ELLIOT ST,201433935,26/03/2014,Wed,1920,FE,VE1C,334A ,,R,D,DO,F ,X,T,L,50,0,0,0,,,1771759,5895206
Auckland,BEACH ROAD,30,N, ,GILL AVENUE,201415296,16/08/2014,Sat,2055,DC,CN1,103A 112A ,X,R,D,DO,F , ,N,C,50,0,0,1,,,1747691,5922860
Auckland,BEACH ROAD,, ,I,GLENCOE ROAD,201431819,07/03/2014,Fri,2100,LB,CN1C,303B 325B ,,R,D,DO,F ,X,T,C,50,0,0,0,,,1755663,5935133
Auckland,BEACH ROAD,60,N, ,GLENHAVEN PLACE,201431036,15/02/2014,Sat,2359,MO,CS1C,103A 371A ,M,R,D,DO,F , ,N,C,50,0,0,0,,,1747708,5921922
Auckland,BEACH ROAD,10,W, ,GREAT SOUTH ROAD S,201434491,08/04/2014,Tue,1245,AC,TE1C,184A 381A ,,R,D,O ,F ,X,T,C,50,0,0,0,,,1772720,5895400
Auckland,BEACH ROAD,, ,I,GREAT SOUTH ROAD S,201445593,03/10/2014,Fri,1600,GB,4N1C,175A 372A 903 ,,E,W,O ,LS,X,T,C,50,0,0,0,,,1772729,5895404
Auckland,BEACH ROAD,150,S, ,GULF VIEW ROAD,201417370,04/11/2014,Tue,740,DA,CS1S,131A 501A ,T,M,D,B ,F , , ,L,50,0,0,1,,53,1756472,5933315
Auckland,BEACH ROAD,50,N, ,INVERNESS ROAD,201410275,02/02/2014,Sun,1231,FD,CN1CC,181A 350A ,,R,D,B ,F , ,N,C,50,0,0,1,,,1755670,5935315
Auckland,BEACH ROAD,, ,I,INVERNESS ROAD,201433984,04/04/2014,Fri,2127,BE,CS14,103A 130A ,T,R,W,DO,F ,T,G,P,50,0,0,0,,,1755668,5935265
Auckland,BEACH ROAD,130,S, ,LONG ST,201436261,21/05/2014,Wed,747,BF,CN1C,131A ,,E,D,B ,F , , ,C,50,0,0,0,,,1756635,5937092
Auckland,BEACH ROAD,, ,I,LYONS AVENUE N,201417106,04/11/2014,Tue,807,LB,MW1V,303B ,,R,D,B ,F ,T,G,R,50,0,0,1,,,1756045,5934036
Auckland,BEACH ROAD,50,N, ,MAHUHU CRESCENT,201444713,26/08/2014,Tue,1530,MC,CN1C,372B ,,R,D,BF,F , ,N,C,50,0,0,0,,,1758114,5920623
Auckland,BEACH ROAD,20,S, ,MAHUHU CRESCENT,201413695,31/05/2014,Sat,1125,CA,MN1,137A ,,R,D,B ,F , , ,P,50,0,0,1,,,1758152,5920565
Auckland,BEACH ROAD,50,S, ,MAHUHU CRESCENT,201412670,08/04/2014,Tue,2000,FD,CS1C,102A 181A 387A ,,R,D,TO,F , ,N,C,50,0,0,1,,,1758168,5920539
Auckland,BEACH ROAD,280,S, ,MONTGOMERY AVENUE,201433570,16/04/2014,Wed,2235,DA,CN14,129A 407A ,MX,E,W,DO,H , ,N,C,50,0,0,0,,,1756272,5933815
Auckland,BEACH ROAD,, ,I,PAPAKURA OFF SBD,201444726,22/08/2014,Fri,1630,JA,CE1C,322A ,,R,D,BN,F ,T,T,C,50,0,0,0,,,1771607,5895230
Auckland,BEACH ROAD,, ,I,PAPAKURA OFF SBD,201438317,05/06/2014,Thu,724,GF,TS24,176A 381A ,,E,D,B ,F ,M,T,C,50,0,0,0,,,1771607,5895230
Auckland,BEACH ROAD,, ,I,PAPAKURA OFF SBD,201450918,06/11/2014,Thu,1130,KA,CE14,322B 351B 357B ,,M,D,O ,F ,M,T,P,50,0,0,0,,,1771607,5895230
Auckland,BEACH ROAD,, ,I,ROCK ISLE ROAD,201449817,10/12/2014,Wed,1928,DA,CS1,135A 404A ,P,M,W,OF,L ,T,G,L,50,0,0,0,,,1756645,5937268
Auckland,BEACH ROAD,20,S, ,RONAYNE ST,201414417,25/06/2014,Wed,1845,LB,SS14,534A 303B 375B 922 ,,R,W,DO,H ,D,N,P,50,0,1,0,,31,1758208,5920371
Auckland,BEACH ROAD,15,W, ,SH 16,201436914,15/04/2014,Tue,1745,AA,CE1T,386A ,,R,D,TO,F , , ,C,50,0,0,0,,,1758200,5920259
Auckland,BEACH ROAD,50,N, ,SHARON ROAD,201433884,11/04/2014,Fri,939,EA,CS1C,131A 402A ,MP,E,D,O ,F , , ,P,50,0,0,0,,,1756364,5936352
Auckland,BEACH ROAD,, ,I,SHARON ROAD,201437073,29/05/2014,Thu,1900,MC,CN1C,372B ,,R,W,DO,L ,T,N,C,50,0,0,0,,,1756332,5936313
Auckland,BEACH ROAD,, ,I,TANGIHUA ST,201439303,13/06/2014,Fri,640,KB,BN1C,322A 334A ,,R,D,DO,F ,T,T,P,50,0,0,0,,,1758068,5920688
Auckland,BEACH ROAD,, ,I,TANGIHUA ST,201442171,11/08/2014,Mon,1730,DA,CW2C,133A ,,E,D,DO,F ,T,T,P,50,0,0,0,,,1758068,5920688
Auckland,BEACH ROAD,, ,I,TANGIHUA ST,201437865,07/05/2014,Wed,2045,GA,CS1C,181A 103B 191B ,,E,W,DO,F ,T,T,C,50,0,0,0,,,1758068,5920688
Auckland,BEACH ROAD,, ,I,TE TAOU CRESCENT N,201437867,08/05/2014,Thu,1740,LB,CS1C,303B 375B ,,R,W,DO,F ,T,G,P,80,0,0,0,,,1758182,5920510
Auckland,BEACH ROAD,, ,I,TE TAOU CRESCENT S,201438288,10/04/2014,Thu,1658,MC,CN1X,372B ,,E,D,TF,F ,T,T,P,50,0,0,0,,,1758208,5920421
Auckland,BEACH ROAD,, ,I,TE TAOU CRESCENT S,201443841,24/08/2014,Sun,2100,FE,CS1C,181A ,,R,D,DO,F ,T,T,C,50,0,0,0,,,1758208,5920421
Auckland,BEACH ROAD,, ,I,TE TAOU CRESCENT S,201443732,21/08/2014,Thu,1642,AA,CS1C,386A ,,R,D,B ,F ,X,T,C,50,0,0,0,,,1758208,5920421
Auckland,BEACH ROAD,80,S, ,THE ESPLANADE N,201448478,31/10/2014,Fri,139,DA,CS1,103A 111A 131A ,FX,E,D,DO,F , ,N,C,50,0,0,0,,,1757192,5931856
Auckland,BEACH ROAD,50,N, ,TOROA ST,201442516,27/08/2014,Wed,850,MC,CN14,372B ,,R,D,OF,F , ,N,C,50,0,0,0,,,1756470,5937502
Auckland,BEACH ROAD,100,N, ,TOROA ST,201448603,27/11/2014,Thu,1245,MA,4N1B,373B ,,R,D,B ,F , , ,C,50,0,0,0,,,1756433,5937535
Auckland,BEACH ROAD,150,N, ,TOROA ST,201448635,05/11/2014,Wed,1532,EC,BN1C,129A ,M,R,D,O ,F , , ,C,50,0,0,0,,,1756396,5937569
Auckland,BEACH ROAD,5,S, ,TOROA ST,201416763,14/10/2014,Tue,1600,NG,4N1E,371A 730B ,,R,D,B ,F ,R,G,R,50,0,0,1,52,,1756521,5937455
Auckland,BEACH ROAD,280,N, ,WESTBOURNE ROAD,201432759,09/03/2014,Sun,1039,LB,CS1C,303B 375B 930 ,,E,D,O ,F ,D, ,C,50,0,0,0,,,1756374,5933749
Auckland,BEACH ROAD,30,N, ,WHITBY CRESCENT,201442643,04/07/2014,Fri,1940,DA,CS1,136A 425A ,X,M,D,DO,F , ,N,L,50,0,0,0,,,1756627,5932556
Auckland,BEACH VALLEY ROAD,200,S, ,SEAVIEW ROAD,201442524,17/08/2014,Sun,100,BO,CN14,129A 330A ,,M,W,DN,L , ,N,N,50,0,0,0,,,1731141,5909001
Auckland,BEAGLE AVENUE,, ,I,MOUNT ALBERT ROAD,201437507,14/04/2014,Mon,1245,BC,CW2T,122A ,,R,D,B ,F ,T,S,C,50,0,0,0,,,1754076,5915396
Auckland,BEAGLE AVENUE,, ,I,ODONNELL AVENUE,201443736,08/09/2014,Mon,1045,CA,CS1,410A ,P,R,D,O ,F ,T,N,C,50,0,0,0,,,1753866,5915075
Auckland,BEATRICE TINSLEY CRESCENT,, ,I,WILLIAM PICKERING DRIVE,201435628,01/05/2014,Thu,732,GA,CN1M,181A 331A ,,R,D,B ,F ,T,G,P,50,0,0,0,,,1752188,5931251
Auckland,BEAUMONT ST,, ,I,FISHER-POINT DRIVE N,201438814,11/07/2014,Fri,1845,MC,VN1V,372B ,,R,W,DO,H ,T,G,C,50,0,0,0,,,1756234,5920761
Auckland,BEAUMONT ST,, ,I,FISHER-POINT DRIVE S,201415187,21/08/2014,Thu,1814,JA,MN1C,301B 378B 834 ,,R,D,DO,F ,T,S,C,50,0,0,1,,,1756187,5920670
Auckland,BEAUMONT ST,, ,I,GAUNT ST,201435289,15/04/2014,Tue,1100,JA,CS1C,302B ,,R,D,O ,F ,T,G,C,50,0,0,0,,,1756337,5921000
Auckland,BECROFT DRIVE,20,N, ,GRENADA AVENUE,201435783,21/04/2014,Mon,30,DB,CN1,104A 111A 131A ,T,M,W,DO,F , , ,R,50,0,0,0,,,1755678,5930041
Auckland,BECROFT DRIVE,80,N, ,GRENADA AVENUE,201447114,18/10/2014,Sat,349,EA,CN1C,111A 129A 402A ,M,E,D,DO,F , , ,R,50,0,0,0,,,1755640,5930087
Auckland,BECROFT DRIVE,80,W, ,KENNEDY AVENUE,201450972,14/11/2014,Fri,45,QD,CN1C,428A ,HM,E,D,DO,F , ,N,R,50,0,0,0,,,,
Auckland,BECROFT DRIVE,, ,I,LYTTLETON AVENUE,201441355,08/08/2014,Fri,1035,KB,CS1C,302B 375B ,,R,W,O ,F ,T,G,C,50,0,0,0,,,1755732,5929358
Auckland,BECROFT DRIVE,50,S, ,MERRIEFIELD AVENUE,201440789,12/07/2014,Sat,515,EA,CN1CC,103A 197A ,MM,E,W,DO,L , , ,C,50,0,0,0,,,1755714,5929502
Auckland,BECROFT DRIVE,, ,I,TREVONE PLACE,201440461,20/07/2014,Sun,956,GD,CS1V,181A 144B ,,E,W,O ,F ,T,N,C,50,0,0,0,,,1755630,5929837
Auckland,BELGIUM ROAD,300,N, ,EAST ST,201430892,22/02/2014,Sat,1400,CB,CS1,130A ,C,R,W,OF,L , ,N,C,70,0,0,0,,,1770382,5881804
Auckland,BELGIUM ROAD,40,S, ,VALLEY ROAD,201432162,14/02/2014,Fri,1925,CB,CS1,134A 433A ,V,R,D,B ,F , ,N,C,50,0,0,0,,,1770216,5882046
Auckland,BELL ROAD,100,N, ,SCHERFF ROAD,201433736,18/03/2014,Tue,1800,BA,CN1C,129A 818 ,,R,D,B ,F , , ,N,50,0,0,0,,,1759870,5918084
Auckland,BELLEVUE ROAD,, ,I,DOMINION ROAD,201415388,01/09/2014,Mon,1913,ND,CN1E,102A 353A 370A 711B 860 900 ,,E,W,DO,L ,T,S,R,50,0,1,0,44,,1756126,5917694
Auckland,BELLWOOD AVENUE,15,W, ,DOMINION ROAD,201448941,02/12/2014,Tue,1140,ME,CW1C,371B ,,R,D,B ,F , , ,N,50,0,0,0,,,1756006,5917316
Auckland,BENSON ROAD,40,E, ,RAUMATI ROAD,201434399,12/04/2014,Sat,1000,MO,TW1,371A 929 ,P,E,D,O ,F ,D,N,N,50,0,0,0,,,1761191,5917727
Auckland,BENTLEY AVENUE,50,W, ,CHARTWELL AVENUE,201432374,22/02/2014,Sat,1630,EA,CE1T,129A ,M,R,D,B ,F , , ,C,50,0,0,0,,,1754291,5927946
Auckland,BENTLEY AVENUE,, ,I,DOWNING ST,201441066,29/06/2014,Sun,1845,JA,CN2C,302B 375B ,,R,W,DO,F ,T,G,C,50,0,0,0,,,1754013,5927831
Auckland,BENTLEY AVENUE,100,E, ,GLENFIELD ROAD,201434908,03/02/2014,Mon,1615,FD,CW1C,181A ,,R,D,BF,F , ,N,C,50,0,0,0,,,1753720,5928034
Auckland,BENTLEY AVENUE,200,E, ,GLENFIELD ROAD,201448067,15/11/2014,Sat,1645,JA,CW1C,308B 925 ,,R,W,O ,L ,D,N,C,50,0,0,0,,,1753811,5927993
Auckland,BERKELEY ROAD,30,W, ,GLOUCESTER ROAD,201431938,27/02/2014,Thu,915,MO,TW1C,371A ,M,R,D,BF,F ,T,G,N,50,0,0,0,,,1767114,5901649
Auckland,BERNARD ST,50,S, ,KEALY ROAD,201439701,05/06/2014,Thu,2330,DA,CS1,101A 111A 131A ,F,E,D,DO,F , , ,N,50,0,0,0,,,1765393,5911578
Auckland,BERT WILSON PLACE,200,N, ,LITTEN ROAD,201433807,07/04/2014,Mon,1716,QD,CS1,428A ,F,E,D,B ,F , , ,N,50,0,0,0,,,1772788,5914387
Auckland,BERTRAND ROAD,40,S, ,BERTRAND ROAD W,201441101,02/08/2014,Sat,2330,CB,CS1,130A ,F,R, ,DO,  , ,N,N,50,0,0,0,,,1763820,5914289
Auckland,BERTRAND ROAD,100,S, ,MALONE ROAD,201446056,19/10/2014,Sun,457,MG,CN1C,197A 371B 512B 514B ,,R,W,DO,F , , ,C,50,0,0,0,,,1763885,5914408
Auckland,BETHELLS ROAD,190,S, ,DUFFY ROAD,201415184,19/08/2014,Tue,2000,DA,CS1,111A 131A 800 801 ,C,M,W,DN,L , , ,L,100,0,0,1,,,1735682,5919688
Auckland,BETHELLS ROAD,500,W, ,STEAM HAULER TRACK E,201444886,15/11/2014,Sat,1735,DB,CN1,137A 195A ,T,M,W,BF,L , ,N,C,50,0,0,0,,,1735183,5919330
Auckland,BETHELLS ROAD,1270,N, ,STONEY CREEK DRIVE,201438399,14/06/2014,Sat,1115,DA,CS1,131A 358A ,T,S,D,B ,F , , ,C,100,0,0,0,,,1735329,5919402
Auckland,BETHELLS ROAD,1000,W, ,TE AUTE RIDGE ROAD E,201430039,10/01/2014,Fri,1145,GD,CE1C,333A 929 ,,E,D,BF,F ,D,N,N,100,0,0,0,,,1731942,5918548
Auckland,BETHELLS ROAD,2000,W, ,TE AUTE RIDGE ROAD W,201432069,17/01/2014,Fri,1550,GE,CW1C,160A 333A 929 ,T,M,D,BF,F ,D, ,L,100,0,0,0,,,1729361,5917469
Auckland,BETHELLS ROAD,20,N, ,TE HENGA ROAD,201430080,15/02/2014,Sat,1800,FB,CN1C,181A ,,R,D,BN,F , ,G,N,50,0,0,0,,,1734153,5918809
Auckland,BETHELLS ROAD,150,S, ,WAITAKERE ROAD,201441359,11/08/2014,Mon,1903,MO,CS1C,101A 386A 402A ,M,R,D,DO,F , , ,N,50,0,0,0,,,1737397,5920546
Auckland,BETSLAND CRESCENT,30,S, ,GRETEL PLACE,201445177,29/08/2014,Fri,517,DA,CN1CC,131A 929 ,M,E,D,DO,F ,D, ,N,50,0,0,0,,,1754117,5926092
Auckland,BETSLAND CRESCENT,, ,I,MCDOWELL CRESCENT,201441762,16/08/2014,Sat,1335,BF,CW2B,131A 423A ,FJ,R,D,O ,F ,T,N,N,50,0,0,0,,,1754141,5926029
Auckland,BINSTED ROAD,, ,I,DELTA AVENUE,201433902,21/02/2014,Fri,2000,FB,CE1C,181A 330A ,,R,D,TO,F ,T,G,C,50,0,0,0,,,1750093,5914510
Auckland,BINSTED ROAD,, ,I,DELTA AVENUE,201430464,21/01/2014,Tue,820,FB,CE1C,181A 330A ,,R,D,B ,F ,T,G,C,50,0,0,0,,,1750093,5914510
Auckland,BINSTED ROAD,140,S, ,RATA ST,201439548,05/06/2014,Thu,1630,JA,CS1C,308B 929 ,,E,D,O ,F ,D,N,C,50,0,0,0,,,1749964,5914523
Auckland,BINSTED ROAD,, ,I,RATA ST,201436695,17/05/2014,Sat,2055,BC,CS1C,122A ,,M,D,DO,F ,T,T,C,80,0,0,0,,,1749878,5914633
Auckland,BINSTED ROAD,, ,I,RIVERBANK ROAD,201449468,20/12/2014,Sat,1930,GB,CN1C,158A 387A 929 ,,E,W,O ,L ,D,N,C,50,0,0,0,,,1749941,5914549
Auckland,BIRDWOOD AVENUE,, ,I,GREAT SOUTH ROAD,201438958,19/06/2014,Thu,1015,DA,CS1,131A 402A 801 ,F,R,W,OF,L ,T,S,C,50,0,0,0,,,1766277,5906106
Auckland,BIRDWOOD ROAD,, ,I,JACINTA GROVE,201447539,05/11/2014,Wed,2111,KB,CN1C,302B 330B ,,R,D,DO,F ,T,G,R,50,0,0,0,,,1742351,5919885
Auckland,BIRDWOOD ROAD,60,S, ,MUDGEWAYS ROAD,201444079,06/09/2014,Sat,2230,DA,CS1,111A 131A ,CV,E, ,DN,F , ,N,C,80,0,0,0,,,1742163,5921248
Auckland,BIRDWOOD ROAD,460,S, ,RED HILLS ROAD,201400207,07/10/2014,Tue,1228,DB,VS1,108A 111A 532A ,C,S,D,B ,F , ,N,C,100,1,0,0,,,1742325,5921655
Auckland,BIRKDALE ROAD,, ,I,ESKDALE ROAD,201442022,27/07/2014,Sun,125,DA,CN1,103A 131A 133A ,FT,R,W,DO,F ,R,G,C,50,0,0,0,,,1751758,5926521
Auckland,BIRKDALE ROAD,80,S, ,LEVESQUE ST,201430836,09/01/2014,Thu,1552,DA,VN1,111A 131A ,T,E,W,OF,L , ,N,R,50,0,0,0,,,1751748,5926739
Auckland,BIRKDALE ROAD,, ,I,LEVESQUE ST,201411035,02/02/2014,Sun,1453,LB,MS1T,303B 375B 402B ,,R,D,B ,F ,T,G,C,50,0,1,0,,,1751748,5926819
Auckland,BIRKDALE ROAD,50,N, ,RANGATIRA ROAD,201441393,07/08/2014,Thu,1852,MO,CN1C,102A 386A ,M,R,W,DO,F , , ,C,50,0,0,0,,,1752069,5925291
Auckland,BIRKENHEAD AVENUE,15,N, ,HAMMOND PLACE,201436500,16/04/2014,Wed,1545,EE,CN1C,374B ,M,R,D,B ,F , , ,C,50,0,0,0,,,1753942,5924720
Auckland,BIRKENHEAD AVENUE,25,S, ,HAMMOND PLACE,201449453,09/12/2014,Tue,820,MO,CN1C,130A ,M,R,D,O ,F , , ,C,50,0,0,0,,,1753953,5924681
Auckland,BIRKENHEAD AVENUE,15,S, ,IAN MARWICK PLACE,201432926,20/02/2014,Thu,1630,FD,CN1CC,331A 350A ,,R,D,O ,F , , ,C,50,0,0,0,,,1753925,5925044
Auckland,BIRKENHEAD AVENUE,60,S, ,IAN MARWICK PLACE,201449495,07/12/2014,Sun,250,EA,CS1C,129A 353A 402A ,M,R,D,DO,F , , ,C,50,0,0,0,,,1753927,5924999
Auckland,BIRKENHEAD AVENUE,, ,I,IAN MARWICK PLACE,201435291,16/04/2014,Wed,2000,GD,CN1C,331A 929 ,,R,W,DO,L ,D,N,C,50,0,0,0,,,1753925,5925059
Auckland,BIRKENHEAD AVENUE,40,N, ,MOKOIA ROAD,201433297,17/03/2014,Mon,1755,MO,CN1T,385A ,M,R,D,BF,F , ,N,P,50,0,0,0,,,1753972,5924618
Auckland,BIRKENHEAD AVENUE,20,S, ,ONEWA ROAD,201415669,25/06/2014,Wed,620,MF,SN1C,330B 371B ,,R,D,B ,F , ,N,X,50,0,0,1,,40,1753921,5924786
Auckland,BIRKENHEAD AVENUE,50,S, ,ONEWA ROAD,201449105,29/10/2014,Wed,1530,JA,CN1C,308B 377B 930 ,,R, , F,  ,D,N,C,50,0,0,0,,,1753930,5924758
Auckland,BIRKENHEAD AVENUE,, ,I,ONEWA ROAD,201439844,30/05/2014,Fri,1200,FB,CN1T,181A 331A ,,R,D,B ,F ,X,T,R,50,0,0,0,,,1753915,5924806
Auckland,BIRKENHEAD AVENUE,, ,I,ONEWA ROAD,201410042,22/02/2014,Sat,727,PO,CS1E,130A 504A 801 ,KP,R,W,O ,L ,X,T,C,50,0,0,2,43,,1753915,5924806
Auckland,BIRKENHEAD AVENUE,, ,I,ONEWA ROAD,201415995,10/09/2014,Wed,1545,NC,CW2E,306A ,,M,D,B ,F ,X,T,X,50,0,0,1,13,,1753915,5924806
Auckland,BIRKENHEAD AVENUE,5,S, ,PUPUKE ROAD,201411103,20/02/2014,Thu,1658,FA,CS1C,181A 331A 353A ,,R,D,O ,F ,T,T,C,50,0,0,1,,,1753910,5925523
Auckland,BIRKENHEAD AVENUE,, ,I,PUPUKE ROAD,201439841,06/05/2014,Tue,1450,FE,CN1C,181A 331A ,,R,D,B ,F ,T,T,C,50,0,0,0,,,1753910,5925528
Auckland,BIRKENHEAD AVENUE,40,S, ,WARATAH ST,201416187,30/09/2014,Tue,1018,EA,VS1V,129A 350A ,M,R,D,B ,F , , ,C,50,0,0,1,,,1753923,5925119
Auckland,BITTERN PLACE,50,N, ,UNIVERSAL DRIVE,201415852,11/09/2014,Thu,2210,PO,CE1E,101A 357A 512A 722B ,,R,D,DF,F , , ,N,50,0,0,1,39,,1744408,5919871
Auckland,BLAKE ST,20,S, ,JERVOIS ROAD,201434566,23/04/2014,Wed,2200,EA,CS1C,129A ,M,R, ,DO,  , ,N,N,50,0,0,0,,,1755325,5920762
Auckland,BLAKEBOROUGH DRIVE,15,S, ,SPRINGFIELD ST,201433241,15/03/2014,Sat,,EA,CS1C,129A ,M,R, ,DO,  , ,N,N,50,0,0,0,,,1755903,5930363
Auckland,BLEAKHOUSE ROAD,50,N, ,PAGE POINT,201440565,08/05/2014,Thu,2358,DB,CN14,111A 131A 514A 517A 801 844 ,M,M,W,DO,L , , ,C,50,0,0,0,,,1771638,5916385
Auckland,BLEAKHOUSE ROAD,, ,I,PATON ROAD,201418688,21/10/2014,Tue,1955,NB,CN1E,711B ,,R,D,DO,F ,T,N,C,50,0,1,0,22,,1771258,5915470
Auckland,BLEAKHOUSE ROAD,100,N, ,RIDGE ROAD,201441177,16/07/2014,Wed,2045,CB,CS1C,129A 414A ,M,R,D,DO,F , ,N,C,50,0,0,0,,,1771401,5915338
Auckland,BLOCKHOUSE BAY ROAD,25,S, ,ACTON PLACE,201413189,18/03/2014,Tue,705,FD,MN1CC,181A 331A 402A 181B 331B ,,R,D,B ,F , , ,C,50,0,0,1,,,1751584,5914624
Auckland,BLOCKHOUSE BAY ROAD,100,S, ,ACTON PLACE,201447057,09/11/2014,Sun,120,AC,CS1C,372A 381A ,,R,D,DO,F , ,N,C,50,0,0,0,,,1751586,5914549
Auckland,BLOCKHOUSE BAY ROAD,, ,I,CHALMERS ST,201449644,15/12/2014,Mon,1708,HA,CE2C,301A ,,R,D,O ,F ,X,S,P,50,0,0,0,,,1751579,5914776
Auckland,BLOCKHOUSE BAY ROAD,, ,I,CHALMERS ST,201432974,12/03/2014,Wed,810,HA,CS1C,301B 377B ,,R,D,B ,F ,X,S,C,50,0,0,0,,,1751579,5914776
Auckland,BLOCKHOUSE BAY ROAD,, ,I,CHALMERS ST,201435346,04/04/2014,Fri,1130,HA,CE2C,301A 402A ,,R,D,O ,F ,X,S,C,50,0,0,0,,,1751579,5914776
Auckland,BLOCKHOUSE BAY ROAD,10,S, ,CLELAND CRESCENT,201445074,08/10/2014,Wed,2111,EA,CN1C,129A 358A ,M,R,D,DO,F ,T,N,P,50,0,0,0,,,1751628,5913194
Auckland,BLOCKHOUSE BAY ROAD,80,N, ,CRADOCK ST,201411636,21/02/2014,Fri,733,PC,4W1E,308A 371A 732B 929 ,,R,D,BF,F ,D,N,C,50,0,0,1,60,,1751536,5916148
Auckland,BLOCKHOUSE BAY ROAD,100,N, ,DONOVAN ST,201449192,31/10/2014,Fri,1330,FA,CN1C,181A ,,R,D,BF,F , ,N,C,50,0,0,0,,,1751536,5912452
Auckland,BLOCKHOUSE BAY ROAD,, ,I,EXMINSTER ST,201448718,02/12/2014,Tue,1730,KB,BN1V,302B ,,R,D,B ,F ,T,G,C,50,0,0,0,,,1751538,5912442
Auckland,BLOCKHOUSE BAY ROAD,, ,I,EXMINSTER ST,201414813,20/07/2014,Sun,1144,GD,CN1C,385A ,,R,D,OF,L ,T,G,C,50,0,0,1,,,1751538,5912442
Auckland,BLOCKHOUSE BAY ROAD,, ,I,GILFILLAN ST,201444891,24/10/2014,Fri,1210,AA,CN1B,184A 372A ,,R,D,BF,F ,T,S,P,50,0,0,0,,,1751575,5912099
Auckland,BLOCKHOUSE BAY ROAD,, ,I,KINROSS ST,201433326,18/03/2014,Tue,2230,HA,VE2C,302A 375A ,,R,D,DO,F ,R,G,R,50,0,0,0,,,1751547,5912337
Auckland,BLOCKHOUSE BAY ROAD,, ,I,KINROSS ST,201433552,19/04/2014,Sat,555,HA,CE2C,302A 375A ,,M,D,DO,F ,R,G,R,50,0,0,0,,,1751547,5912337
Auckland,BLOCKHOUSE BAY ROAD,200,S, ,MARGATE ROAD,201448404,16/11/2014,Sun,1630,EA,CS1C4,102A 129A 410A ,M,R,D,BF,F , ,N,C,50,0,0,0,,,1751619,5913472
Auckland,BLOCKHOUSE BAY ROAD,, ,I,MARGATE ROAD,201411513,13/02/2014,Thu,1430,JA,CS1C,301B 375B ,,R,D,OF,F ,T,S,C,50,0,0,1,,,1751613,5913672