TLANAME,CRASHROAD,CRASHDIST,CRASHDIRN,INTSN,SIDEROAD,CRASHID,CRASHDATE,CRASHDOW,CRASHTIME,MVMT,VEHICLES,CAUSES,OBJECTSSTRUCK,ROADCURVE,ROADWET,LIGHT,WTHRa,JUNCTYPE,TRAFCTRL,ROADMARK,SPDLIM,CRASHFATALCNT,CRASHSEVCNT,CRASHMINCNT,PERSAGE1,PERSAGE2,EASTING,NORTHING
Auckland,BLOCKHOUSE BAY ROAD,, ,I,MARGATE ROAD,201413487,29/05/2014,Thu,1338,GA,MS1X,181A ,P,M,W,O ,L ,T,S,C,50,0,0,2,,,1751613,5913672
Auckland,BLOCKHOUSE BAY ROAD,10,S, ,MATATA ST,201448215,19/11/2014,Wed,,EA,CS1C,386A ,M,R,W,B ,F ,T,N,C,50,0,0,0,,,1751621,5913418
Auckland,BLOCKHOUSE BAY ROAD,80,S, ,METHUEN ROAD,201430579,25/01/2014,Sat,1251,AC,CS14,184A 184B ,,R,D,B ,F , , ,C,50,0,0,0,,,1751575,5914923
Auckland,BLOCKHOUSE BAY ROAD,, ,I,METHUEN ROAD,201440655,24/07/2014,Thu,1600,JA,CS1C,302B 375B ,,R,D,B ,F ,T,G,C,50,0,0,0,,,1751572,5915003
Auckland,BLOCKHOUSE BAY ROAD,30,N, ,MIRANDA ST,201414123,02/05/2014,Fri,920,EA,CS1CC,129A 410A ,MM,R,D,ON,F , ,N,X,50,0,0,1,,,1751610,5913768
Auckland,BLOCKHOUSE BAY ROAD,5,S, ,NEW NORTH ROAD,201431565,23/01/2014,Thu,1930,FE,CN1C,181B ,,R,D,BF,F ,M,T,C,50,0,0,0,,,1751565,5915242
Auckland,BLOCKHOUSE BAY ROAD,200,S, ,NEW NORTH ROAD,201441027,29/07/2014,Tue,950,MA,CS1C,373B ,,R,D,BF,F , ,N,C,50,0,0,0,,,1751571,5915047
Auckland,BLOCKHOUSE BAY ROAD,, ,I,NEW NORTH ROAD,201435240,14/04/2014,Mon,1420,JA,CN1C4,322A 358A ,,E,D,B ,F ,M,T,C,50,0,0,0,,,1751565,5915247
Auckland,BLOCKHOUSE BAY ROAD,, ,I,NEW NORTH ROAD,201413755,06/05/2014,Tue,537,HA,CN1CC,322A ,,R,W,DO,L ,M,T,X,50,0,0,1,,,1751565,5915247
Auckland,BLOCKHOUSE BAY ROAD,, ,I,NEW NORTH ROAD,201437539,25/05/2014,Sun,1113,LB,CW2C,206B 303B ,,R,D,B ,F ,M,T,P,50,0,0,0,,,1751565,5915247
Auckland,BLOCKHOUSE BAY ROAD,20,N, ,NEW WINDSOR ROAD,201431806,09/02/2014,Sun,120,CB,CS1,501A ,P,R,D,DO,F , ,N,L,50,0,0,0,,,1751579,5914796
Auckland,BLOCKHOUSE BAY ROAD,30,S, ,NEW WINDSOR ROAD,201430486,01/02/2014,Sat,715,BE,CN1V,125A ,,R,D,B ,F , ,N,C,50,0,0,0,,,1751580,5914746
Auckland,BLOCKHOUSE BAY ROAD,, ,I,NEW WINDSOR ROAD,201430988,21/02/2014,Fri,615,JA,SS1C,301B 375B ,,R,D,DO,F ,X,S,C,50,0,0,0,,,1751579,5914776
Auckland,BLOCKHOUSE BAY ROAD,, ,I,NEW WINDSOR ROAD,201436154,03/05/2014,Sat,1340,HA,CS1C,321B ,,R,D,B ,F ,X,S,C,50,0,0,0,,,1751579,5914776
Auckland,BLOCKHOUSE BAY ROAD,, ,I,NEW WINDSOR ROAD,201410568,09/02/2014,Sun,1619,KA,CE2C,301A ,,R,D,BF,F ,X,S,C,50,0,0,1,,,1751579,5914776
Auckland,BLOCKHOUSE BAY ROAD,, ,I,NEW WINDSOR ROAD,201411878,25/03/2014,Tue,629,JA,SS14,301B ,,R,D,TO,F ,X,S,C,50,0,0,1,,44,1751579,5914776
Auckland,BLOCKHOUSE BAY ROAD,, ,I,NEW WINDSOR ROAD,201439765,17/06/2014,Tue,1759,KA,CS1C,137B 375B ,P,R,W,DO,F ,X,S,C,50,0,0,0,,,1751579,5914776
Auckland,BLOCKHOUSE BAY ROAD,, ,I,RATHLIN ST,201438524,05/06/2014,Thu,1810,KB,VN1C,301B 375B ,,R,D,DO,F ,T,S,C,50,0,0,0,,,1751641,5912746
Auckland,BLOCKHOUSE BAY ROAD,, ,I,RATHLIN ST,201441407,15/07/2014,Tue,1848,CA,CS1,101A 130A 357A ,KS,R,D,DO,F ,T,S,C,50,0,0,0,,,1751641,5912746
Auckland,BLOCKHOUSE BAY ROAD,, ,I,ST JUDE ST,201438850,31/05/2014,Sat,1145,FE,CN1C,331A 350A ,,R,D,OF,F ,M,T,C,50,0,0,0,,,1751565,5915247
Auckland,BLOCKHOUSE BAY ROAD,, ,I,TAYLOR ST,201437864,06/05/2014,Tue,1745,JA,CN1C,302B 375B ,,E,D,TF,L ,T,G,C,50,0,0,0,,,1751528,5912526
Auckland,BLOCKHOUSE BAY ROAD,, ,I,TAYLOR ST,201414600,30/06/2014,Mon,1630,JA,BN1V,314B 382B 801 ,,R,W,O ,L ,T,G,C,50,0,0,1,,,1751528,5912526
Auckland,BLOCKHOUSE BAY ROAD,50,N, ,TERRY ST,201440602,14/07/2014,Mon,2122,EA,CS1C,129A 357A ,M,R,D,DO,F , , ,C,50,0,0,0,,,1751633,5913006
Auckland,BLOCKHOUSE BAY ROAD,50,S, ,TERRY ST,201415162,29/06/2014,Sun,1205,MA,CN1C,373B ,,R,D,B ,F , , ,C,50,0,0,1,,,1751636,5912906
Auckland,BLOCKHOUSE BAY ROAD,, ,I,TERRY ST,201416332,07/10/2014,Tue,914,EA,CN1T,386A 500A ,M,R,D,B ,F ,T,N,C,50,0,0,1,,,1751635,5912956
Auckland,BLOCKHOUSE BAY ROAD,15,N, ,TIVERTON ROAD,201447728,11/11/2014,Tue,1800,AA,CS1C,372A ,,R,D,O ,F , , ,C,50,0,0,0,,,1751597,5914226
Auckland,BLOCKHOUSE BAY ROAD,20,S, ,TIVERTON ROAD,201414442,12/07/2014,Sat,857,FE,CN1CC,181A ,,R,W,OF,L ,X,T,C,50,0,0,1,,,1751598,5914171
Auckland,BLOCKHOUSE BAY ROAD,60,S, ,WALSALL ST,201434113,30/03/2014,Sun,200,CC,CS1,112A 130A 431A ,F,R,D,DO,F , ,N,R,50,0,0,0,,,1751554,5915598
Auckland,BLOCKHOUSE BAY ROAD,10,N, ,WOLVERTON ST,201438636,25/05/2014,Sun,1154,FD,CN1CC,181B ,,R,D,O ,F ,X,T,C,50,0,0,0,,,1751597,5914221
Auckland,BLOCKHOUSE BAY ROAD,, ,I,WOLVERTON ST,201444038,19/06/2014,Thu,1716,GE,CS1C,160A 333A ,,R,D,DO,F ,X,T,C,50,0,0,0,,,1751597,5914211
Auckland,BOAKES ROAD,20,N, ,BARRACK ROAD,201441965,14/08/2014,Thu,633,EC,BN1T,386A 444B 683B ,X,R,D,O ,F , , ,C,50,0,0,0,,,1763580,5914218
Auckland,BOLLARD AVENUE,, ,I,WAITATI PLACE,201430933,25/02/2014,Tue,1250,LB,CS1C,303B 375B 929 ,,R,D,BF,F ,D,N,C,50,0,0,0,,,1751983,5915194
Auckland,BOLTON ST,, ,I,CASTLEWOOD GROVE,201439029,26/06/2014,Thu,830,JA,CE1C,301A 375A ,,R,W,OF,F ,T,S,C,50,0,0,0,,,1750793,5912775
Auckland,BOLTON ST,10,E, ,PORTAGE ROAD,201449621,04/12/2014,Thu,1510,MO,CW1T,371B ,,R,D,B ,F ,R,G,C,50,0,0,0,,,1750680,5912796
Auckland,BOLTON ST,20,E, ,PORTAGE ROAD,201438029,04/06/2014,Wed,1230,MO,400000000000000,371A ,,R,D,B ,F , , ,C,50,0,0,0,,,1750689,5912794
Auckland,BOLTON ST,40,S, ,PORTAGE ROAD,201412585,14/04/2014,Mon,1342,MC,PE1C,400A 372B ,,R,D,B ,F , , ,L,50,0,1,1,,,1750709,5912791
Auckland,BOND CRESCENT,40,E, ,ARROW ROAD N,201442025,26/07/2014,Sat,925,EA,CE1C,129A 331A 353A ,M,R,D,BF,F , ,N,N,50,0,0,0,,,1755976,5929036
Auckland,BOND CRESCENT,, ,I,FORREST HILL ROAD,201438122,12/05/2014,Mon,800,FB,CE1C,181A ,,R,D,BF,F ,T,G,R,50,0,0,0,,,1756157,5929092
Auckland,BOND ST,20,S, ,GREAT NORTH ROAD,201449113,06/12/2014,Sat,1300,EA,CN1C,129A ,M,R,D,BF,F , ,N,C,50,0,0,0,,,1755507,5918622
Auckland,BOND ST,, ,I,GREAT NORTH ROAD,201441260,23/07/2014,Wed,800,FE,CN1C,181A 331A ,,R,D,B ,F ,T,T,C,50,0,0,0,,,1755499,5918640
Auckland,BOND ST,10,N, ,NEW NORTH ROAD,201414393,21/06/2014,Sat,2150,FE,XS1M,181A ,,R,D,DO,F ,X,T,C,50,0,0,1,,,1755716,5917956
Auckland,BOND ST,, ,I,NEW NORTH ROAD,201444707,22/08/2014,Fri,1710,AO,PS14,129A ,,R,D,BF,F ,X,T,C,50,0,0,0,,,1755717,5917946
Auckland,BOND ST,, ,I,SEDDON ST,201443266,25/08/2014,Mon,1258,LB,4N1C,301B 375B 402B ,,R,D,B ,F ,T,S,C,50,0,0,0,,,1755579,5918444
Auckland,BOON ST,10,W, ,MAHIA ROAD,201446901,24/10/2014,Fri,1840,FD,CE1C,181A ,,R,D,BF,F ,T,G,C,50,0,0,0,,,1768620,5899472
Auckland,BORDER ROAD,60,N, ,HENDERSON VALLEY ROAD,201411135,01/02/2014,Sat,33,CB,4S1,103A 108A 130A ,FKS,R,D,DO,F , , ,C,50,0,0,1,,,1744287,5915769
Auckland,BORDER ROAD,, ,I,HENDERSON VALLEY ROAD,201434387,28/03/2014,Fri,725,HA,CE2C,302A ,,E,D,B ,F ,R,G,N,50,0,0,0,,,1744323,5915709
Auckland,BORDER ROAD,15,S, ,LENDIC AVENUE,201416945,16/08/2014,Sat,650,MD,CS1C,308B 382B 929 ,,R,D,OF,F ,D,N,C,50,0,0,1,,,1744245,5915822
Auckland,BORDER ROAD,20,N, ,TARANUI PLACE,201443991,04/10/2014,Sat,1440,CB,CS1,103A 130A ,S,R,W,OF,L ,T,G,C,50,0,0,0,,,1744048,5916072
Auckland,BOSTON ROAD,, ,I,AUBURN ST,201412215,21/04/2014,Mon,1332,JA,CE1C,302B 375B ,,R,D,BF,F ,T,G, ,50,0,0,2,,,1757420,5918478
Auckland,BOSTON ROAD,15,E, ,MOUNT EDEN ROAD,201446043,10/10/2014,Fri,1245,MO,CW1C,330A 371A ,M,R,D,B ,F , , ,C,50,0,0,0,,,1757050,5918411
Auckland,BOSTON ROAD,, ,I,MOUNT EDEN ROAD,201436694,19/05/2014,Mon,1410,AO,VW1C,381A ,,R,D,B ,F ,T,N,C,50,0,0,0,,,1757035,5918411
Auckland,BOTANY ROAD,15,N, ,CASCADES ROAD,201445364,12/08/2014,Tue,1323,KB,TS1C,308B 503B 930 ,,R,D,O ,F ,D,N,P,50,0,0,0,,,1770551,5912727
Auckland,BOTANY ROAD,50,N, ,GOLFLAND DRIVE N,201443688,05/09/2014,Fri,845,FD,CN1CC4,181A 331A 181B 181C ,,R,D,O ,F , , ,C,60,0,0,0,,,1770395,5912179
Auckland,BOTANY ROAD,150,N, ,GOLFLAND DRIVE N,201416225,27/09/2014,Sat,1420,FA,CN1C,181A ,,R,D,O ,F , , ,P,60,0,0,1,,,1770396,5912279
Auckland,BOTANY ROAD,120,S, ,GOLFLAND DRIVE N,201439626,27/06/2014,Fri,1725,FD,CN1CC,181A 181B ,,R,W,DO,L , , ,P,60,0,0,0,,,1770393,5912009
Auckland,BOTANY ROAD,100,N, ,GOLFLAND DRIVE S,201439778,23/06/2014,Mon,1130,FD,CN1CCC,181A 331A 402A ,,R,D,BF,F , , ,C,60,0,0,0,,,1770390,5911703
Auckland,BOTANY ROAD,, ,I,GOLFLAND DRIVE S,201442428,08/08/2014,Fri,1650,FE,CN1C,181A ,,R,W,OF,L ,X,T,R,60,0,0,0,,,1770389,5911603
Auckland,BOTANY ROAD,40,N, ,LEXINGTON DRIVE,201431575,17/01/2014,Fri,745,KB,CN1C,308B 382B 801 929 ,T,R,W,O ,L ,D, ,P,50,0,0,0,,,1770935,5913779
Auckland,BOTANY ROAD,140,N, ,MILLHOUSE DRIVE,201439152,20/06/2014,Fri,620,FD,VS1CC,331A 353A ,,R,D,B ,F , ,N,P,60,0,0,0,,,1770427,5912465
Auckland,BOTANY ROAD,10,S, ,MILLHOUSE DRIVE,201442743,11/09/2014,Thu,1600,AA,CN1C,372A ,,R,D,BF,F ,T,T,C,60,0,0,0,,,1770399,5912318
Auckland,BOTANY ROAD,20,S, ,MILLHOUSE DRIVE,201431560,13/01/2014,Mon,1845,AA,CN1C,372A ,,R,D,TF,F , , ,C,50,0,0,0,,,1770398,5912308
Auckland,BOTANY ROAD,15,N, ,TARNICA ROAD,201439165,11/05/2014,Sun,1155,FA,CS14,181A ,,R,D,B ,F ,R,G,P,50,0,0,0,,,1770389,5911618
Auckland,BOTANY ROAD,40,N, ,TARNICA ROAD,201430152,27/01/2014,Mon,1350,FD,CS1C,331A 358A ,,R,D,BF,F , , ,C,60,0,0,0,,,1770389,5911643
Auckland,BOTANY ROAD,, ,I,TARNICA ROAD,201433167,30/03/2014,Sun,2127,LB,CS1C,322A ,,R,D,DO,F ,X,T,P,60,0,0,0,,,1770389,5911603
Auckland,BOTANY ROAD,, ,I,TE IRIRANGI DRIVE,201444547,16/09/2014,Tue,2217,HA,CS1CC,322B ,,R,W,DO,L ,X,T,R,60,0,0,0,,,1770339,5911317
Auckland,BOTANY ROAD,, ,I,TI RAKAU DRIVE,201444036,24/08/2014,Sun,940,HA,CS1C,322A 322B ,,R,D,BF,F ,X,T,C,50,0,0,0,,,1770339,5911317
Auckland,BOTANY ROAD,, ,I,TI RAKAU DRIVE,201438557,19/06/2014,Thu,1522,FE,VS1C,331A 350A 801 ,,R,W,O ,L ,X,T,P,60,0,0,0,,,1770339,5911317
Auckland,BOTANY ROAD,, ,I,TI RAKAU DRIVE,201416134,12/09/2014,Fri,320,HA,CW2C,322A 801 ,,R,W,DO,L ,X,T,R,60,0,0,1,,,1770339,5911317
Auckland,BOTANY ROAD,, ,I,UNION ROAD,201443645,30/08/2014,Sat,1735,KA,CN2C,302B 330B ,,M,W,O ,L ,R,G,P,50,0,0,0,,,1770940,5914317
Auckland,BOTANY ROAD,, ,I,UNION ROAD,201443356,06/09/2014,Sat,715,HA,CN1C,302A 375A ,,E,D,B ,F ,R,G,C,50,0,0,0,,,1770940,5914317
Auckland,BOTANY ROAD,10,S, ,VESCA PLACE,201432579,06/03/2014,Thu,1450,AA,TN1CC,181A 331A 386A ,,R,D,B ,F ,T,N,P,50,0,0,0,,,1770496,5912616
Auckland,BOTANY ROAD,50,S, ,VESCA PLACE,201443098,23/06/2014,Mon,1155,CC,CN1,501A 504A ,K,R,D,B ,F , , ,C,50,0,0,0,,,1770478,5912580
Auckland,BOUNDARY ROAD,60,N, ,DUNDALE AVENUE,201448372,11/12/2014,Thu,1033,EA,VN1C,386A ,M,R,D,O ,F , ,N,C,50,0,0,0,,,1752907,5913389
Auckland,BOUNDARY ROAD,, ,I,ISRAEL AVENUE,201400169,15/08/2014,Fri,2152,BE,CE1C,101A 112A 130A 514A 871 ,I,R,D,DO,F ,T,G,R,50,1,1,1,,,1767907,5905650
Auckland,BOUNDARY ROAD,, ,I,KIMBER HALL AVENUE,201439098,30/06/2014,Mon,740,JA,CS1C,301B 375B ,,E,D,OF,L ,T,S,C,50,0,0,0,,,1752818,5913121
Auckland,BOUNDARY ROAD,, ,I,MARY DREAVER ST,201431700,08/01/2014,Wed,1800,LB,CN1C,303B ,,R,D,B ,F ,T,S,C,50,0,0,0,,,1752947,5913514
Auckland,BOUNDARY ROAD,20,S, ,OTHELLO DRIVE,201446586,18/10/2014,Sat,2100,EA,CE1C,103A 129A 862 ,M,R,W,DO,L , , ,C,50,0,0,0,,,1768479,5905423
Auckland,BOUNDARY ROAD,, ,I,OTHELLO DRIVE,201434633,20/04/2014,Sun,820,HA,CE1C,302A 375A ,,R,D,BF,F ,X,G,C,50,0,0,0,,,1768460,5905430
Auckland,BOUNDARY ROAD,, ,I,OTHELLO DRIVE,201435624,03/05/2014,Sat,1515,HA,CN2C,302A 370A ,,R,D,B ,F ,X,G,C,50,0,0,0,,,1768460,5905430
Auckland,BOUNDARY ROAD,, ,I,PRESTON ROAD,201445948,17/10/2014,Fri,800,LB,CE2C,302B ,,R,D,O ,F ,R,G,P,50,0,0,0,,,1767652,5905759
Auckland,BOUNDARY ROAD,, ,I,SANDRINE AVENUE,201437216,07/06/2014,Sat,1900,DA,CE1,111A 131A ,F,R,D,DO,L ,T,G,P,50,0,0,0,,,1768065,5905587
Auckland,BOUNDARY ROAD,60,W, ,TOWNLEY PLACE,201415683,25/09/2014,Thu,1515,QA,4W1,521A 522A ,,R,D,B ,F , ,N,C,50,0,1,0,,,1768264,5905508
Auckland,BOUNDARY ROAD,15,N, ,WHITE SWAN ROAD,201432362,20/02/2014,Thu,1250,MO,VS1C,386A ,M,E,D,B ,F , , ,C,50,0,0,0,,,1752593,5912422
Auckland,BOUNDARY ROAD,100,N, ,WHITE SWAN ROAD,201412403,28/03/2014,Fri,759,JA,CN1C,308B 370B 929 ,,R,D,B ,F ,D, ,C,50,0,0,1,,,1752615,5912503
Auckland,BOWERS ROAD,, ,I,WEST COAST ROAD,201433428,22/03/2014,Sat,1619,FE,4N14,181A ,,R,D,OF,F ,T,T,C,50,0,0,0,,,1747398,5913695
Auckland,BRADBURY ROAD,, ,I,HIGHLAND PARK DRIVE,201449736,07/01/2014,Tue,1730,FA,CW1C,181A ,,R,D,O ,F ,T,G,C,70,0,0,0,,,1770558,5914046
Auckland,BREMNER AVENUE,20,E, ,WINSTONE ROAD,201418370,15/11/2014,Sat,1130,DA,CE1,197A ,,M,D,OF,F , ,N,C,50,0,0,1,,,1755270,5914098
Auckland,BRIDGE ST,, ,I,KENDERDINE ROAD,201443101,19/08/2014,Tue,1923,LB,CS1C,302A ,,S,W,DO,L ,T,G,C,50,0,0,0,,,1765008,5904790
Auckland,BRIDGE ST,, ,I,KENDERDINE ROAD,201449521,10/12/2014,Wed,1225,LB,CN2C,302B ,,R,D,B ,F ,T,G,C,50,0,0,0,,,1765008,5904790
Auckland,BRIGADE ROAD,, ,I,RENNIE DRIVE,201444368,14/09/2014,Sun,330,CC,CW1,130A 801 ,F,R,W,DO,L ,T,N,C,50,0,0,0,,,1758672,5906421
Auckland,BRIGHAM CREEK ROAD,, ,I,BRIGHAM ON EBD,201446304,01/09/2014,Mon,725,DA,CS1,135A 801 901 ,FP,E,W,OF,H ,R,G,C,50,0,0,0,,,1746013,5926069
Auckland,BRIGHAM CREEK ROAD,200,E, ,KAURI ROAD,201433688,15/03/2014,Sat,1920,MG,CS1B,371B ,,R,W,TO,L , , ,C,100,0,0,0,,,1745917,5926120
Auckland,BRIGHAM CREEK ROAD,30,S, ,KAURI ROAD,201415775,17/09/2014,Wed,830,HA,CN1S,312B 382B ,,R,W,OF,L , ,N,C,70,0,0,1,,,1745759,5926171
Auckland,BRIGHAM CREEK ROAD,100,E, ,TRIG ROAD,201437883,04/06/2014,Wed,2120,DA,CW1,103A 138A 817 ,FT,M,D,DN,F , ,N,L,80,0,0,0,,,1744672,5926350
Auckland,BRIGHTON ROAD,100,E, ,ST STEPHENS AVENUE,201440604,13/04/2014,Sun,1140,MO,CN1C,387A 387B ,,R,D,B ,F , , ,C,50,0,0,0,,,1759131,5919287
Auckland,BRIGHTON ROAD,15,S, ,ST STEPHENS AVENUE,201432388,11/03/2014,Tue,2230,EA,CS1C,129A ,M,R,D,DO,F , , ,C,50,0,0,0,,,1759063,5919339
Auckland,BRIGHTON ROAD,230,S, ,ST STEPHENS AVENUE,201432879,13/03/2014,Thu,1738,MB,CN1CC,303B ,M,E,D,B ,F , , ,C,50,0,0,0,,,1759235,5919209
Auckland,BRIGHTON ROAD,, ,I,ST STEPHENS AVENUE,201442067,28/07/2014,Mon,915,FB,CN1C,181A ,,R,D,BF,F ,T,G,L,50,0,0,0,,,1759051,5919348
Auckland,BRIGHTSIDE ROAD,5,W, ,BEVERLEY ROAD,201441419,04/08/2014,Mon,1150,CB,CE1,130A 423A ,F,R,D,B ,F ,T,N,C,50,0,0,0,,,1754941,5945085
Auckland,BRIGHTSIDE ROAD,, ,I,KAURI ROAD,201438539,21/06/2014,Sat,1016,LB,CE1C,303B 375B ,,R,D,B ,F ,X,S,R,50,0,0,0,,,1755455,5945130
Auckland,BRIGHTSIDE ROAD,, ,I,KAURI ROAD,201438529,15/06/2014,Sun,1749,HA,CW1C,301B 375B ,,R,D,DO,F ,X,S,C,50,0,0,0,,,1755455,5945130
Auckland,BRIGHTSIDE ROAD,, ,I,KAURI ROAD,201445630,10/10/2014,Fri,1120,HA,CW1C,301B ,,R,D,O ,F ,X,S,C,50,0,0,0,,,1755455,5945130
Auckland,BRIGHTSIDE ROAD,, ,I,KAURI ROAD,201449756,18/12/2014,Thu,1600,HA,CW1C,301B 375B ,,R,D,B ,F ,X,S,C,50,0,0,0,,,1755455,5945130
Auckland,BRIGHTSIDE ROAD,170,W, ,WAIORA ROAD,201437286,10/06/2014,Tue,2000,EA,CE14,129A ,M,R,W,DO,HS, ,N,N,50,0,0,0,,,1754533,5945284
Auckland,BROADWAY,, ,A,BROADWAY BR,201417208,15/08/2014,Fri,940,CA,CW1,501A ,IS,R,D,B ,F , , ,R,50,0,0,1,,,1772912,5896400
Auckland,BROADWAY,20,N, ,EDGERLEY AVENUE,201437901,21/04/2014,Mon,944,AC,CS1B,372A ,,R,D, F,F , ,N,L,50,0,0,0,,,1758388,5917651
Auckland,BROADWAY,30,S, ,EDGERLEY AVENUE,201411220,28/02/2014,Fri,1620,JA,SN1C,112A 204A 378B 922 ,,R,D,B ,F ,D,N,C,50,0,0,1,,33,1758389,5917601
Auckland,BROADWAY,20,N, ,KHYBER PASS ROAD,201415255,15/07/2014,Tue,1600,FD,CN1CC,181A ,,R,D,BF,F , ,N,C,50,0,0,2,,,1758503,5918353
Auckland,BROADWAY,5,S, ,KHYBER PASS ROAD,201432115,06/03/2014,Thu,700,MO,CS1M,371A 386A ,M,R,D,B ,F ,T,N,C,50,0,0,0,,,1758495,5918330
Auckland,BROADWAY,5,S, ,KHYBER PASS ROAD,201436079,23/05/2014,Fri,1000,AC,CN1C,372A ,,R,D,OF,F ,T,T,C,50,0,0,0,,,1758495,5918330
Auckland,BROADWAY,110,S, ,KHYBER PASS ROAD,201440906,13/07/2014,Sun,2000,MC,XS1C,372B ,,R,D,DO,F , ,N,P,50,0,0,0,,,1758474,5918227
Auckland,BROADWAY,, ,I,MANUKAU ROAD,201431950,10/02/2014,Mon,1948,AO,CS1CB,330A ,,R,D,BF,F ,M,T,C,50,0,0,0,,,1758389,5917468
Auckland,BROADWAY,, ,I,MANUKAU ROAD,201414577,01/07/2014,Tue,446,DC,CS1,103A 335A 410A ,IP,E,W,DO,F ,M,T,R,50,0,0,1,,,1758389,5917468
Auckland,BROADWAY,, ,I,OSHANNESSEY ROAD,201441131,19/08/2014,Tue,1800,BB,CS2C,124A ,,R,D,DO,F ,X,T,C,50,0,0,0,,,1772771,5896429
Auckland,BROADWAY,, ,I,OSHANNESSEY ST,201435772,13/05/2014,Tue,930,FE,CW1C,181A 331A 353A ,,R,W,B ,F ,T,T,C,50,0,0,0,,,1772771,5896429
Auckland,BROADWAY,20,N, ,RAILWAY ST,201448387,27/12/2014,Sat,1708,MO,CW1C,386A ,M,R,D,B ,F , ,N,C,50,0,0,0,,,1758603,5918677
Auckland,BROADWAY,20,N, ,RAILWAY ST,201440460,24/07/2014,Thu,1150,FA,CN1C,181A 350A ,,R,W,O ,F ,T,N,P,50,0,0,0,,,1758603,5918677
Auckland,BROADWAY,10,S, ,RAILWAY ST,201430467,02/01/2014,Thu,1725,FD,CN1C,181A ,,R,D,B ,F ,T,N,C,50,0,0,0,,,1758585,5918653
Auckland,BROADWAY,, ,I,RAILWAY ST WEST,201443922,15/10/2014,Wed,1035,DA,CW1,131A 501A ,CHS,E,D,BF,F ,T,T,R,50,0,0,0,,,,
Auckland,BROADWAY,20,N, ,REMUERA ROAD,201441348,04/08/2014,Mon,1930,MA,CS1C,386B ,,R,W,DO,F , , ,C,50,0,0,0,,,1758443,5918112
Auckland,BROADWAY,50,N, ,REMUERA ROAD,201430680,17/01/2014,Fri,1203,MA,BS1C,381A 373B ,,R,D,B ,F , ,N,C,50,0,0,0,,,1758452,5918141
Auckland,BROADWAY,50,N, ,REMUERA ROAD,201413044,07/05/2014,Wed,1825,NA,CS1E,105B 712B 713B ,,R,D,TO,F , ,N,R,50,0,0,1,24,,1758452,5918141
Auckland,BROADWAY,20,S, ,REMUERA ROAD,201450212,21/11/2014,Fri,300,MO,4S1O,103A 371A ,M,R,D,DO,F ,Y,T,C,50,0,0,0,,,1758432,5918074
Auckland,BROADWAY,20,S, ,REMUERA ROAD,201417874,27/11/2014,Thu,1610,NA,XN1E,370A 712B 714B ,,R,D,B ,F , , ,P,50,0,0,1,47,,1758432,5918074
Auckland,BROADWAY,, ,I,REMUERA ROAD,201448957,30/11/2014,Sun,2225,FE,CS1C,181A ,,R,W,DO,L ,T,T,C,50,0,0,0,,,1758437,5918093
Auckland,BROADWAY,, ,I,ST MARKS ROAD,201449853,20/12/2014,Sat,1410,AO,CS1C,372A ,,R,W,OF,L ,T,T,C,50,0,0,0,,,1758389,5917468
Auckland,BROADWAY,, ,I,TEED ST,201436619,06/05/2014,Tue,1500,FA,CN1C,101A ,,R,D,B ,F ,T,N,C,50,0,0,0,,,1758455,5918152
Auckland,BROOK ROAD,70,E, ,AWHITU ROAD,201447357,08/11/2014,Sat,400,DA,CE1V,101A 131A ,MT,E,D,DN,F , ,N,N,100,0,0,0,,,1744725,5893180
Auckland,BROOKBY ROAD,210,N, ,ALFRISTON-ARDMORE ROAD,201437877,30/03/2014,Sun,245,DA,CE1,130A 198A ,GP,E,D,DN,M , ,N,C,100,0,0,0,,,1774154,5903022
Auckland,BROOKBY ROAD,400,N, ,ALFRISTON-ARDMORE ROAD,201443089,15/09/2014,Mon,740,DA,CN1,131A 350A ,F,E,D,O ,F , , ,C,100,0,0,0,,,1774324,5903103
Auckland,BROOKBY ROAD,30,E, ,FITZPATRICK ROAD,201443955,01/10/2014,Wed,1625,DA,CW1,131A 195A ,V,E,D,BN,F , ,N,C,100,0,0,0,,,1776031,5903617
Auckland,BROOKBY ROAD,870,E, ,FITZPATRICK ROAD,201410620,22/02/2014,Sat,1740,DA,CN1,110A 131A ,FP,M,W,O ,F , ,N,C,100,0,0,1,,,1776659,5904086
Auckland,BROOKBY ROAD,, ,I,WHITFORD PARK ROAD,201418211,29/12/2014,Mon,2315,DB,CN1,111A 131A 351A 402A ,S,M,D,DN,F ,T,S,C,100,0,0,1,,,1777275,5906157
Auckland,BROOKSIDE ROAD,470,W, ,GLENBROOK ROAD,201416509,28/07/2014,Mon,1920,CC,VW1,129A ,C,R,D,DN,F , ,N,C,100,0,1,0,,,1755260,5881205
Auckland,BROOKSIDE ROAD,100,E, ,MISSION BUSH ROAD,201446471,29/10/2014,Wed,2330,EC,CW1,821,X,R,W,DN,L , ,N,L,100,0,0,0,,,1754354,5881429
Auckland,BROWN ST,80,E, ,FITZROY ST,201439155,03/04/2014,Thu,2250,EA,PE1C,101A 129A ,M,R,W,DO,F , ,N,N,50,0,0,0,,,1755507,5919660
Auckland,BROWN ST,10,W, ,PONSONBY ROAD,201431170,08/03/2014,Sat,1700,MO,CE1C,371A ,M,R,D,B ,F ,T,N,C,50,0,0,0,,,1755689,5919692
Auckland,BROWNS BAY ROAD,60,S, ,BEACH ROAD S,201449163,23/11/2014,Sun,455,DA,CN1,101A 131A 410A ,G,M,D,DO,F , ,N,C,50,0,0,0,,,1755359,5934060
Auckland,BROWNS BAY ROAD,180,N, ,BEECHWOOD ROAD,201449880,17/12/2014,Wed,1745,CC,4S1,130A 358A ,T,R,W,OF,L , ,N,C,50,0,0,0,,,1756081,5934963
Auckland,BROWNS BAY ROAD,50,E, ,CLYDE ROAD,201436768,31/05/2014,Sat,2205,DA,CW1C,133A 195A ,FMT,E,D,DN,F , ,N,C,50,0,0,0,,,1756195,5935023
Auckland,BROWNS BAY ROAD,50,N, ,MASTERTON ROAD,201438947,18/06/2014,Wed,916,KB,CS1CC,308B 375B 930 ,,R,W,BF,H ,D,N,C,50,0,0,0,,,1755744,5934578
Auckland,BROWNS BAY ROAD,, ,I,PHILSON TERRACE,201430027,05/01/2014,Sun,1456,HA,CE2B,302A 375A ,,E,W,OF,H ,X,G,C,50,0,0,0,,,1755910,5934857
Auckland,BROWNS ROAD,, ,I,CHONNY CRESCENT,201445098,07/10/2014,Tue,2015,GD,CW14,181A ,,R,D,B ,F ,T,N,C,50,0,0,0,,,1765951,5901523