TLANAME,CRASHROAD,CRASHDIST,CRASHDIRN,INTSN,SIDEROAD,CRASHID,CRASHDATE,CRASHDOW,CRASHTIME,MVMT,VEHICLES,CAUSES,OBJECTSSTRUCK,ROADCURVE,ROADWET,LIGHT,WTHRa,JUNCTYPE,TRAFCTRL,ROADMARK,SPDLIM,CRASHFATALCNT,CRASHSEVCNT,CRASHMINCNT,PERSAGE1,PERSAGE2,EASTING,NORTHING
Auckland,BROWNS ROAD,30,E, ,DAGENHAM ST,201433263,10/02/2014,Mon,1710,NA,CW1E,713B ,,R, , F,  , ,N,P,50,0,0,0,,,1766146,5901603
Auckland,BROWNS ROAD,, ,I,DALGETY DRIVE,201412356,24/02/2014,Mon,1304,FE,TE1C,110A 331A ,,R,D,B ,F ,T,T,C,50,0,0,1,,,1767012,5901954
Auckland,BROWNS ROAD,, ,I,DALGETY DRIVE,201434570,25/04/2014,Fri,1050,JA,CE1C,322A 334A 353A ,,R,D,BF,F ,T,T,C,50,0,0,0,,,1767012,5901954
Auckland,BROWNS ROAD,15,W, ,FELLBROOK ST,201443088,29/08/2014,Fri,1818,JA,CE1C,308B 330B 927 ,,R,D,TO,F ,D, ,C,50,0,0,0,,,1765787,5901457
Auckland,BROWNS ROAD,, ,I,FELLBROOK ST,201413540,13/07/2014,Sun,1800,LB,CE14,303B 927 ,,R,W,DO,L ,D,N,R,50,0,0,1,,,1765801,5901463
Auckland,BROWNS ROAD,10,E, ,GLOUCESTER ROAD,201437336,07/05/2014,Wed,810,FD,CE1CC,181A ,,R,D,OF,F ,T,G,C,50,0,0,0,,,1766835,5901882
Auckland,BROWNS ROAD,5,W, ,GLOUCESTER ROAD,201447147,28/10/2014,Tue,830,AO,CW1C,129A 158A ,,R,D,O ,F ,T,T,C,50,0,0,0,,,1766821,5901877
Auckland,BROWNS ROAD,, ,I,GLOUCESTER ROAD,201431933,05/03/2014,Wed,900,AO,CE1C,357A 434A ,,R,D,BF,F ,T,G,C,50,0,0,0,,,1766825,5901878
Auckland,BROWNS ROAD,, ,I,GLOUCESTER ROAD,201412243,16/05/2014,Fri,1724,FD,CW1CC,112A 517A ,,R,D,TF,F ,T,G,P,50,0,0,1,,,1766825,5901878
Auckland,BROWNS ROAD,, ,I,GLOUCESTER ROAD,201439058,16/05/2014,Fri,1730,GB,VW1C,172B 387B ,,R,D,BF,F ,T,G,C,50,0,0,0,,,1766825,5901878
Auckland,BROWNS ROAD,, ,I,GREAT SOUTH ROAD,201448037,06/11/2014,Thu,645,FB,CE1CC,181A 181B ,,E,D,B ,F ,X,T,C,80,0,0,0,,,1768189,5902430
Auckland,BROWNS ROAD,, ,I,GREAT SOUTH ROAD,201430602,25/01/2014,Sat,1810,FO,CE1C,330A ,,R,D,TF,F ,X,T,C,50,0,0,0,,,1768189,5902430
Auckland,BROWNS ROAD,, ,I,MAICH ROAD,201410088,22/02/2014,Sat,2046,JA,CW1CC,111A 302A 514A ,,R,D,DO,F ,T,G,P,50,0,1,3,,,1768017,5902359
Auckland,BROWNS ROAD,, ,I,MAICH ROAD,201416859,13/11/2014,Thu,1929,JA,CW1V,302B 375B ,,E,W,TF,L ,T,G,C,50,0,0,1,,,1768017,5902359
Auckland,BROWNS ROAD,, ,I,MARR ROAD,201415854,07/08/2014,Thu,747,LB,CW1C,377A 303B 330B ,,R,D,B ,F ,T,G,P,50,0,0,1,,,1767056,5901972
Auckland,BROWNS ROAD,60,E, ,ROSCOMMON ROAD,201444455,10/07/2014,Thu,1705,MC,CE1C,330B 372B ,,R,D,O ,F , , ,C,50,0,0,0,,,1765717,5901429
Auckland,BROWNS ROAD,, ,I,ROSCOMMON ROAD,201437130,31/05/2014,Sat,1210,FB,TW1C,331A 353A ,,M,D,BF,F ,X,T,N,50,0,0,0,,,1765662,5901407
Auckland,BROWNS ROAD,100,E, ,ROWANDALE AVENUE,201450280,28/12/2014,Sun,1135,CB,CE1,414A ,P,R,D,BF,F , ,N,C,50,0,0,0,,,1766418,5901713
Auckland,BROWNS ROAD,70,W, ,RUSSELL ROAD,201415530,02/09/2014,Tue,840,FD,CE1C,181A 331A ,,R,W,O ,F , , ,C,50,0,0,1,,,1766714,5901833
Auckland,BROWNS ROAD,, ,I,RUSSELL ROAD,201449494,29/11/2014,Sat,1030,FE,CW14,181A 352A ,,R,D,B ,F ,X,T,C,50,0,0,0,,,1766779,5901859
Auckland,BROWNS ROAD,100,W, ,STURDEE ROAD,201415914,28/06/2014,Sat,1500,MO,SW1C,204A 370B ,,R,D,O ,F , , ,C,50,0,0,1,,34,1767516,5902157
Auckland,BROWNS ROAD,130,W, ,STURDEE ROAD,201431164,08/03/2014,Sat,1425,EA,CE1C,102A 108A 512A ,M,R,D,B ,F , ,N,C,40,0,0,0,,,1767488,5902146
Auckland,BROWNS ROAD,, ,I,STURDEE ROAD,201438576,18/06/2014,Wed,1520,GF,CW1C,175A ,,R,D,O ,F ,T,G,C,50,0,0,0,,,1767608,5902195
Auckland,BRUCE MCLAREN ROAD,280,N, ,CORBAN AVENUE,201433687,28/03/2014,Fri,1553,EA,CN1CC,129A 130A 504A ,M,R,D,BF,F , ,N,C,50,0,0,0,,,1745296,5915894
Auckland,BRUCE MCLAREN ROAD,, ,I,HINDMARSH ST,201412280,27/05/2014,Tue,935,LB,CE1C,303B 375B ,,R,D,B ,F ,T,S,P,50,0,0,1,,,1744860,5915297
Auckland,BRUCE MCLAREN ROAD,, ,I,PARRS CROSS ROAD,201437306,12/06/2014,Thu,850,AO,TS1X,103A 381A 671A ,,M,D,BF,F ,T,S,C,50,0,0,0,,,1744421,5914603
Auckland,BRUCE MCLAREN ROAD,30,W, ,RAILSIDE AVENUE,201437224,22/05/2014,Thu,620,DA,CE1,111A 131A 517A ,FS,M,W,DO,F , ,N,P,50,0,0,0,,,1745365,5915981
Auckland,BRUCE MCLAREN ROAD,80,W, ,RAILSIDE AVENUE,201437142,10/05/2014,Sat,840,MC,CW1C,372B ,,R,D,BF,F , ,N,C,50,0,0,0,,,1745332,5915944
Auckland,BRUCE MCLAREN ROAD,, ,I,RAILSIDE AVENUE,201412421,18/01/2014,Sat,310,DA,CN1,103A 111A 131A 514A ,GX,S,D,DO,F ,T,G,R,50,0,1,0,,,1745394,5915987
Auckland,BRUCE RODERICK DRIVE,, ,I,OFFENHAUSER DRIVE S,201440476,28/07/2014,Mon,830,BB,CE14,124A 363A 902 ,,R,D,B ,F ,X,G,C,50,0,0,0,,,1768191,5910440
Auckland,BRYLEE DRIVE,50,N, ,DESTINO COURT,201446584,05/10/2014,Sun,2256,DA,CS1C,103A 130A ,M,E,W,DO,F , , ,N,50,0,0,0,,,1769895,5898634
Auckland,BRYLEE DRIVE,, ,I,WALTER STREVENS DRIVE,201413122,05/01/2014,Sun,36,DA,CN2,103A 111A 131A ,F,E,D,DO,F ,R,G,R,50,0,0,1,,,1769987,5898429
Auckland,BUCKINGHAM CRESCENT,20,S, ,EDORVALE AVENUE,201444719,11/08/2014,Mon,1250,MC,CN1C,371B ,,R,D,BF,F , ,N,C,50,0,0,0,,,1766595,5905576
Auckland,BUCKLAND ROAD,100,S, ,CHEVIOT ST,201450210,19/12/2014,Fri,807,CB,CS1,136A 631A ,PT,R,D,BF,F , ,N,C,50,0,0,0,,,1763182,5906601
Auckland,BUCKLAND ROAD,100,W, ,CHEVIOT ST,201413121,26/04/2014,Sat,2040,CC,CS1,103A 130A 402A ,T,R,D,DO,F , , ,C,50,0,0,1,,,1763004,5906691
Auckland,BUCKLAND ROAD,, ,I,CHEVIOT ST,201437805,11/04/2014,Fri,1800,JA,CN1C,112A 204B 302B ,F,R,D,B ,F ,T,G,C,50,0,0,0,,,1763093,5906646
Auckland,BUCKLAND ROAD,600,S, ,KITCHENER ROAD,201433484,23/03/2014,Sun,1523,DA,CN1,103A 111A 136A 632A ,PT,E,W,BF,F , ,N,C,70,0,0,0,,,1770023,5879146
Auckland,BUCKLAND ROAD,5,E, ,MASSEY ROAD,201450235,22/12/2014,Mon,640,FE,CW1C,181A ,,E,D,BF,F ,X,T,C,50,0,0,0,,,1762276,5907059
Auckland,BUCKLAND ROAD,, ,I,PORTAGE ROAD,201433820,06/04/2014,Sun,1230,LB,CW14,303B ,,R,D,B ,F ,T,G,R,50,0,0,0,,,1763533,5906424
Auckland,BUCKLAND ROAD,, ,I,PORTAGE ROAD,201448205,21/09/2014,Sun,1035,LB,CW1C,303B 382B ,,E,W,O ,H ,T,G,C,50,0,0,0,,,1763533,5906424
Auckland,BUCKLAND ROAD,, ,I,RAGLAN ST,201411825,29/03/2014,Sat,1435,JC,CN2C,302A 375A ,,R,D,BF,F ,T,G,C,50,0,0,1,,,1762647,5906872
Auckland,BUCKLAND ROAD,, ,I,ROBERTSON ROAD,201440480,28/07/2014,Mon,2025,FB,4W1C,181A 330A ,,E,D,O ,F ,R,G,C,50,0,0,0,,,1761011,5907336
Auckland,BUCKLAND ROAD,, ,I,ROBERTSON ROAD,201434370,05/04/2014,Sat,1345,HA,CN2C,302A ,,M,D,B ,F ,R,G,R,50,0,0,0,,,1761008,5907306
Auckland,BUCKLAND ROAD,, ,I,ROBERTSON ROAD,201449306,10/12/2014,Wed,1515,GB,CW1C,172B ,,E,D,B ,F ,R,G,C,50,0,0,0,,,1761007,5907333
Auckland,BUCKLAND ROAD,30,E, ,ROYTON AVENUE,201415627,13/09/2014,Sat,1400,MC,CE1C,372B 410B ,K,R,W,O ,L , ,N,C,50,0,0,2,,,1761915,5907240
Auckland,BUCKLAND ROAD,200,W, ,WICKMAN WAY,201416982,02/11/2014,Sun,400,DA,CE1,103A 131A ,T,E,D,DO,F , ,N,C,50,0,1,0,,,1761274,5907528
Auckland,BUCKLAND ROAD,, ,I,WICKMAN WAY,201447037,07/11/2014,Fri,2130,LB,CE1C,303B 382B ,,M,D,DO,F ,T,G,R,50,0,0,0,,,1761470,5907516
Auckland,BUCKLAND ROAD,, ,I,WICKMAN WAY,201449103,30/11/2014,Sun,2120,LB,CE1C,303B 375B ,,R,W,DO,L ,T,G,P,50,0,0,0,,,1761470,5907516
Auckland,BUCKLAND ROAD N,, ,I,GEORGE CRESCENT,201430462,30/01/2014,Thu,1315,AD,CS1C,386A ,,R,D,B ,F ,X,G,C,50,0,0,0,,,1770831,5878334
Auckland,BUCKLANDS BEACH ROAD,25,N, ,CHERRY ROAD,201417109,06/11/2014,Thu,1740,FD,CN1C4,181A 331A 102B 181B ,,R,D,B ,F , , ,P,50,0,0,1,,,1770023,5915368
Auckland,BUCKLANDS BEACH ROAD,15,S, ,CHERRY ROAD,201433897,11/04/2014,Fri,1525,FD,CN1CC,181A 331A 181B ,,R,W,O ,L , , ,P,60,0,0,0,,,1770013,5915329
Auckland,BUCKLANDS BEACH ROAD,, ,I,CRANBERRY PLACE,201430037,08/01/2014,Wed,845,MC,CS1C,372B ,,R,D,OF,F ,T,N,C,50,0,0,0,,,1769987,5915227
Auckland,BUCKLANDS BEACH ROAD,, ,I,EASTERN BEACH ROAD,201411224,18/02/2014,Tue,1230,PO,BS1E,722B 732B ,,R,D,B ,F ,T,S,C,50,0,1,0,38,,1769978,5917611
Auckland,BUCKLANDS BEACH ROAD,, ,I,EASTERN BEACH ROAD,201412337,05/04/2014,Sat,1855,LB,CS1C,101B 303B 375B ,,R,D,B ,F ,T,S,C,50,0,0,1,,,1769978,5917611
Auckland,BUCKLANDS BEACH ROAD,, ,I,GILLS ROAD,201441424,30/06/2014,Mon,1800,HA,CE2C,302A 375A ,,E,W,DO,H ,R,G,C,50,0,0,0,,,1770105,5915657
Auckland,BUCKLANDS BEACH ROAD,50,N, ,LAINGS ROAD,201443070,06/09/2014,Sat,1430,GB,VN1CC,387A 175B 929 ,M,R,W,O ,F ,D, ,C,50,0,0,0,,,1770046,5917239
Auckland,BUCKLANDS BEACH ROAD,15,S, ,MACLEANS ROAD,201431868,28/02/2014,Fri,1020,MG,CN1V,371B ,,R,D,BF,F , ,N,C,50,0,0,0,,,1770369,5916763
Auckland,BUCKLANDS BEACH ROAD,30,S, ,MACLEANS ROAD,201438710,09/07/2014,Wed,1815,MO,VS1C,385A ,M,R,W,DO,L , ,N,C,50,0,0,0,,,1770365,5916748
Auckland,BUCKLANDS BEACH ROAD,20,N, ,PAKURANGA ROAD,201442740,03/09/2014,Wed,1715,AA,CN1C,197A 372A ,,R,W,BF,L , ,N,C,50,0,0,0,,,1769868,5914793
Auckland,BUCKLANDS BEACH ROAD,80,N, ,PAKURANGA ROAD,201449906,02/12/2014,Tue,820,AO,CS1C,129A 330A 386A ,,R,D,TF,F , , ,C,50,0,0,0,,,1769883,5914851
Auckland,BUCKLANDS BEACH ROAD,100,N, ,PAKURANGA ROAD,201449119,03/12/2014,Wed,1520,FD,CS1C,181A ,,R,D,BF,F , ,N,C,50,0,0,0,,,1769888,5914871
Auckland,BUCKLANDS BEACH ROAD,, ,I,PAKURANGA ROAD,201432810,01/03/2014,Sat,1125,FB,TE2C,181A ,,E,D,B ,F ,X,T,N,60,0,0,0,,,1769862,5914774
Auckland,BUCKLANDS BEACH ROAD,, ,I,PAKURANGA ROAD,201438456,17/06/2014,Tue,1625,FB,4S1V,181A 331A ,,E,D,B ,F ,X,T,C,50,0,0,0,,,1769862,5914774
Auckland,BUCKLANDS BEACH ROAD,, ,I,PAKURANGA ROAD,201436829,04/05/2014,Sun,1315,FE,CS1C,181A 331A ,,E,D,O ,F ,X,T,C,50,0,0,0,,,1769862,5914774
Auckland,BUCKLANDS BEACH ROAD,40,N, ,PRIESTLEY DRIVE,201414514,20/06/2014,Fri,2300,EA,CN14,112A 129A 402A ,M,R,D,DO,F , , ,C,50,0,0,1,,,1770163,5915934
Auckland,BUCKLANDS BEACH ROAD,50,N, ,PRIESTLEY DRIVE,201432398,10/03/2014,Mon,1730,CB,CN1,130A 632A ,KT,R,D,B ,F , , ,P,50,0,0,0,,,1770166,5915944
Auckland,BUCKLANDS BEACH ROAD,60,N, ,PRIESTLEY DRIVE,201435119,14/02/2014,Fri,1630,FD,CS1C,181A 331A ,,E,D,B ,F , ,N,C,50,0,0,0,,,1770168,5915953
Auckland,BUCKLANDS BEACH ROAD,, ,I,SUNDERLANDS ROAD,201440778,22/07/2014,Tue,755,JA,CN1C,301B ,,R,W,O ,F ,T,S,P,50,0,0,0,,,1770143,5915853
Auckland,BUCKLANDS BEACH ROAD,, ,I,SUNDERLANDS ROAD,201410999,03/03/2014,Mon,515,NF,CE2E,341A 377A 715B ,,R,D,BF,F ,T,S,P,50,0,0,1,18,,1770143,5915853
Auckland,BUCKLANDS BEACH ROAD,50,S, ,TAKUTAI AVENUE,201439151,18/06/2014,Wed,1850,EA,4N1C,129A 410A ,M,R,D,DO,F , ,N,C,50,0,0,0,,,1770088,5917081
Auckland,BUCKLANDS BEACH ROAD,100,S, ,WELLS ROAD,201439628,14/06/2014,Sat,2305,EA,CN1CC,129A ,M,R,D,DO,F , , ,C,50,0,0,0,,,1770317,5916555
Auckland,BUCKLANDS BEACH ROAD,, ,I,WHITCOMBE ROAD,201430976,12/02/2014,Wed,1840,QD,TS1,428A ,F,R,D,BF,F ,T,G,C,50,0,0,0,,,1769934,5917792
Auckland,BUCKLEY ROAD,15,N, ,PEGLER AVENUE,201438522,17/06/2014,Tue,1839,CB,CN1C,410A 801 ,M,R,W,DO,L , , ,C,50,0,0,0,,,1757144,5913879
Auckland,BURBANK AVENUE,20,W, ,DAGENHAM ST,201414873,14/06/2014,Sat,2215,EA,4W1T,129A 353A ,M,R,D,DO,F , ,N,C,50,0,1,0,,,1766382,5901188
Auckland,BURBANK AVENUE,, ,I,NINA PLACE,201448192,21/11/2014,Fri,410,CC,CW1,130A 195A ,FH,R,D,DO,F ,X,G,C,50,0,0,0,,,1766295,5901153
Auckland,BURBANK AVENUE,, ,I,ROSCOMMON ROAD,201447166,02/11/2014,Sun,725,DA,CN1,131A 517A ,F,R,D,B ,F ,T,G,R,60,0,0,0,,,1765775,5901104
Auckland,BURNDALE TERRACE,20,E, ,BENMORE PLACE,201449488,20/12/2014,Sat,1729,DA,CW1,103A 131A 433A ,,E,W,O ,L , , ,N,50,0,0,0,,,1767156,5900386
Auckland,BURNLEY TERRACE,250,E, ,DOMINION ROAD,201444653,28/09/2014,Sun,1345,CC,CE1,371A 405A 423A ,P,R,D,O ,F , ,N,N,50,0,0,0,,,1755710,5917139
Auckland,BURNLEY TERRACE,5,W, ,DOMINION ROAD,201441141,19/06/2014,Thu,1830,MO,CE1C,371A 926 ,M,R,W,ON,H ,D,G,C,50,0,0,0,,,1755946,5917073
Auckland,BURNLEY TERRACE,50,E, ,SANDRINGHAM ROAD,201436520,15/04/2014,Tue,1608,MO,CW1CC,353A 386A 402A ,M,R,D,B ,F , , ,C,50,0,0,0,,,1755200,5917278
Auckland,BURNLEY TERRACE,350,E, ,SANDRINGHAM ROAD,201412870,24/04/2014,Thu,1525,MD,ME1C,103A 308B 377B 839 929 ,,R,D,O ,F ,D, ,N,50,0,0,1,,,1755489,5917199
Auckland,BURNS AVENUE,, ,I,ESMONDE ROAD,201415469,08/08/2014,Fri,1318,FE,CS1CC,181A 181B ,,R,D,O ,F ,T,T,C,50,0,0,1,,,1758195,5926451
Auckland,BURSWOOD DRIVE,30,N, ,NEDLANDS PLACE,201440763,02/08/2014,Sat,745,CA,CS1C,129A 130A ,KM,R,W,O ,F ,T,N,C,50,0,0,0,,,1769315,5911846
Auckland,BURSWOOD DRIVE,, ,I,TORRENS ROAD,201449511,20/12/2014,Sat,1345,HA,CS1C,308B 375B 927 ,,R,W,O ,L ,D,G,C,50,0,0,0,,,1768769,5911762
Auckland,BURTT ROAD,200,S, ,MCPHERSON ROAD,201430949,19/02/2014,Wed,555,DA,CN1,111A 131A 410A ,C,M,D,DN,F , ,N,C,100,0,0,0,,,1772491,5890348
Auckland,BURUNDI AVENUE,30,W, ,MAPLESDEN DRIVE,201442716,04/09/2014,Thu,1500,EA,CE1C,129A ,M,R,D,OF,F , ,N,C,50,0,0,0,,,1765676,5900454
Auckland,BURUNDI AVENUE,120,W, ,RUKUMOANA PLACE,201450278,21/12/2014,Sun,1850,DC,CW1C,133A 423A ,FM,R,D,BF,F , ,N,L,50,0,0,0,,,1765034,5900195
Auckland,BURUNDI AVENUE,, ,I,TEMPLETON PLACE,201443367,13/09/2014,Sat,350,CB,CW1,112A 517A ,FH,R,W,DO,H ,T,N,C,50,0,0,0,,,1765448,5900361
Auckland,BUSCOMB AVENUE,, ,I,DON BUCK ROAD,201442686,02/10/2014,Thu,1655,GB,CN2C,172B ,,M,W,BF,L ,R,G,C,50,0,0,0,,,1743666,5919379
Auckland,BUSCOMB AVENUE,, ,I,GREAT NORTH ROAD,201440488,01/08/2014,Fri,914,GF,4W1C,330B 387B ,,S,W,O ,M ,M,T,R,50,0,0,0,,,1745063,5917751
Auckland,BUSCOMB AVENUE,30,W, ,SEL PEACOCK DRIVE,201413791,14/06/2014,Sat,1642,BE,4W1C,129A 358A ,,R,W,TF,F , ,N,C,50,0,0,1,,,1745187,5917850
Auckland,BUSCOMB AVENUE,, ,I,SEL PEACOCK DRIVE,201441188,24/07/2014,Thu,1815,LB,CE1C,301A 387A ,,R,W,DO,L ,X,S,C,50,0,0,0,,,1745209,5917870
Auckland,BUSCOMB AVENUE,, ,I,SEL PEACOCK DRIVE,201441400,02/07/2014,Wed,1630,MG,CW1C,330B 371B ,,R,D,O ,F ,X,S,C,50,0,0,0,,,1745209,5917870
Auckland,BUSH ROAD,100,S, ,ALBANY EXPRESSWAY,201411522,10/03/2014,Mon,749,GD,CS14C,331A 363A 181C 929 ,,R,D,BF,F ,D,N,C,50,0,0,1,,,1752427,5933238
Auckland,BUSH ROAD,, ,I,ALBANY EXPRESSWAY,201414786,26/07/2014,Sat,1320,FE,CN1CC,181A 331A 351A ,,R,W,B ,F ,X,T,C,50,0,0,1,,,1752494,5933313
Auckland,BUSH ROAD,, ,I,ALBANY EXPRESSWAY,201442650,16/07/2014,Wed,914,DA,CS2,111A 131A ,S,M,D,BF,F ,X,T,C,50,0,0,0,,,1752494,5933313
Auckland,BUSH ROAD,, ,I,ALBANY EXPRESSWAY,201448010,14/11/2014,Fri,1036,FE,CN1C,112A 331A 402A ,,R,D,O ,F ,X,T,C,50,0,0,0,,,1752494,5933313
Auckland,BUSH ROAD,60,E, ,BEATRICE TINSLEY CRESCENT,201434562,28/04/2014,Mon,1015,DA,TE1C,385A 929 ,M,R,D,OF,F ,D,N,N,50,0,0,0,,,1752061,5930910
Auckland,BUSH ROAD,15,W, ,BEATRICE TINSLEY CRESCENT,201435626,01/05/2014,Thu,730,GB,CW1T,387A 140B 330B 372B 927 ,,E,D,B ,F ,D, ,C,50,0,0,0,,,1751987,5930919
Auckland,BUSH ROAD,, ,I,BUSHLANDS PARK DRIVE,201443874,08/08/2014,Fri,26,CB,CS1,103A 112A ,V,R,W,DO,L ,T,N,C,50,0,0,0,,,1752442,5933253
Auckland,BUSH ROAD,10,S, ,CAROLINA PLACE,201442895,04/09/2014,Thu,1844,FD,CS1CC,181A 330A ,,R,W,DO,F ,T,N,C,50,0,0,0,,,1752130,5932681
Auckland,BUSH ROAD,80,S, ,ROSEDALE ROAD,201434489,28/04/2014,Mon,1640,CA,CS1C,130A 402A 801 ,M,R,W,O ,L , , ,C,50,0,0,0,,,1752165,5932393
Auckland,BUSH ROAD,, ,I,ROSEDALE ROAD,201443120,19/08/2014,Tue,825,BF,CE2C,111A 131A ,,R,D,O ,F ,X,T,P,50,0,0,0,,,1752152,5932472
Auckland,BUSINESS PARADE NORTH,, ,I,HIGHBROOK DRIVE,201410291,14/02/2014,Fri,1750,DA,CS1,111A 131A ,C,E,D,B ,F ,X,T,R,50,0,0,1,,,1767064,5910534
Auckland,BUSINESS PARADE NORTH,, ,I,HIGHBROOK DRIVE,201437200,12/05/2014,Mon,1700,MG,CS1C,371B ,,R,D,BF,F ,X,T,C,50,0,0,0,,,1767064,5910534
Auckland,BUSINESS PARADE SOUTH,40,N, ,KERWYN AVENUE,201442417,07/08/2014,Thu,754,JA,VN1C,308B 377B 839 924 ,,R,D,OF,F ,D,N,C,50,0,0,0,,,1767026,5910374
Auckland,BUTE ROAD,20,W, ,CLYDE ROAD,201441143,17/06/2014,Tue,1205,MO,VE1C,385A ,M,R,D,OF,F ,T,G,C,50,0,0,0,,,1756122,5935382
Auckland,BUTE ROAD,25,W, ,CLYDE ROAD,201417554,07/11/2014,Fri,2044,NA,CW1E,712B 713B ,,R,D,DO,F , ,N,R,50,0,0,1,14,,1756117,5935382
Auckland,BUTE ROAD,40,W, ,CLYDE ROAD,201442870,21/08/2014,Thu,1010,MO,CS1V,371A ,M,R,D,B ,F , ,N,C,50,0,0,0,,,1756102,5935383
Auckland,BUTE ROAD,50,W, ,CLYDE ROAD,201430227,17/01/2014,Fri,1200,MA,CW1C,371B ,,R,D,B ,F , , ,C,50,0,0,0,,,1756092,5935383
Auckland,BUTLEY DRIVE,20,W, ,DRISCOLL PLACE,201448892,09/12/2014,Tue,3,CC,CE1,133A ,FM,R,D,DO,F , , ,C,50,0,0,0,,,1768938,5914800
Auckland,BUTLEY DRIVE,, ,I,STANNILAND ST,201441960,11/08/2014,Mon,830,KB,CE1C,302B 330B ,,R,D,B ,F ,T,G,C,50,0,0,0,,,1768805,5914833
Auckland,BUTTERWORTH AVENUE,, ,I,OPAHEKE ROAD,201418250,15/11/2014,Sat,1323,KA,CN2V,302A ,,E,W,O ,L ,R,G,R,50,0,0,2,,,1773121,5895259
Auckland,BYRON AVENUE,60,E, ,BURNS AVENUE,201448369,26/12/2014,Fri,1523,GD,VE1C,331A 350A 926 ,,R,D,B ,F ,D,N,N,50,0,0,0,,,1758032,5926838
Auckland,CADMAN AVENUE,50,N, ,WAIOHUA ROAD,201436821,28/04/2014,Mon,1401,EA,CS1C,129A 330A ,M,R,D,B ,F , , ,N,50,0,0,0,,,1760446,5914665
Auckland,CAEN ROAD,150,W, ,TRIPOLI ROAD,201435588,25/04/2014,Fri,645,EA,CW1C,129A 130A 517A 904 ,M,R,W,TN,M , , ,N,50,0,0,0,,,1765721,5914571
Auckland,CALGARY ST,30,E, ,SANDRINGHAM ROAD,201444975,18/07/2014,Fri,1620,MF,CW1C,371B 377B 839 ,,R,D,O ,F , ,N,C,50,0,0,0,,,1754742,5915709
Auckland,CALLIOPE ROAD,15,E, ,HIGH ST,201440917,19/07/2014,Sat,230,CB,CE14C,195A ,MM,R,D,DO,F , ,N,C,50,0,0,0,,,1760166,5922642
Auckland,CALLIOPE ROAD,, ,I,VICTORIA ROAD,201435115,01/04/2014,Tue,1829,KC,CW1C,302A ,,M,D,B ,F ,T,G,C,50,0,0,0,,,1760242,5922655
Auckland,CALLIOPE ROAD,15,E, ,WILLIAM BOND ST,201414486,24/04/2014,Thu,1620,MG,ME1C,357B 512B ,,R,D,BF,F , ,N,C,50,0,0,1,,,1759334,5922665
Auckland,CALTHORP CLOSE,50,S, ,CURLEW PLACE,201432578,18/03/2014,Tue,1235,CB,CN1,103A 514A 517A ,H,R,D,B ,F , ,N,C,50,0,0,0,,,1760446,5908011
Auckland,CALYPSO WAY,, ,I,CARIBBEAN DRIVE,201400196,03/10/2014,Fri,1600,NB,CE1E,370A 711B ,,M,D,O ,F ,R,G,R,50,1,0,0,58,,1753471,5930699
Auckland,CAMBRIDGE ROAD,15,E, ,RUSSELL ROAD,201430866,27/02/2014,Thu,846,MD,CE1C,371B 929 ,,R,D,BF,F ,D,N,N,50,0,0,0,,,1767215,5901339
Auckland,CAMBRIDGE TERRACE,15,N, ,BURGESS ROAD,201443035,30/08/2014,Sat,2208,EA,VN1C,101A 129A 645A 801 ,M,R,W,DO,L , , ,N,50,0,0,0,,,1761035,5922864
Auckland,CAMERON PLACE,, ,I,MARINICH DRIVE,201437337,06/06/2014,Fri,2149,DB,CS1C,103A 111A 131A ,M,S,W,DO,L ,T,G,C,50,0,0,0,,,1743146,5918908
Auckland,CAMERON ST,, ,I,EDMUND HILLARY AVENUE,201438801,22/07/2014,Tue,1625,GD,CS1C,144B ,,R,D,BF,F ,T,N,C,50,0,0,0,,,1773849,5896813
Auckland,CAMPANA ROAD,80,N, ,SH 20B,201448619,14/09/2014,Sun,2015,CC,CS1,195A ,P,R,D,DN,F , , ,N,50,0,0,0,,,1762455,5903714
Auckland,CAMPBELL CRESCENT,20,E, ,MANUKAU ROAD N,201430646,03/02/2014,Mon,1750,EA,CE1C,386A ,M,R,D,B ,F , ,N,C,50,0,0,0,,,1758230,5916134
Auckland,CAMPBELL ROAD,5,S, ,GREAT SOUTH ROAD,201431716,20/01/2014,Mon,1311,FE,CN1C,420B ,,R,D,BF,F ,T,T,C,50,0,0,0,,,1760283,5915373
Auckland,CAMPBELL ROAD,, ,I,GREAT SOUTH ROAD,201435321,21/04/2014,Mon,1600,KB,CS1C,303B ,,E,W,O ,L ,T,T,C,70,0,0,0,,,1760285,5915378
Auckland,CAMPBELL ROAD,20,N, ,KOWHATU ROAD,201413869,06/06/2014,Fri,1105,PC,VS1E,350A 730B 731B 929 ,,R,D,O ,F ,D, ,C,50,0,0,1,64,,1759591,5914419
Auckland,CAMPBELL ROAD,80,E, ,MANUKAU ROAD,201449177,04/12/2014,Thu,2109,JA,CW1C,308B 377B 839 929 ,,R,D,DO,F ,D,N,C,50,0,0,0,,,1758307,5913459
Auckland,CAMPBELL ROAD,, ,I,MANUKAU ROAD,201437681,04/06/2014,Wed,1704,FC,CE1C,181A 331A 402A ,,M,D,DO,F ,R,G,X,50,0,0,0,,,1758236,5913424
Auckland,CAMPBELL ROAD,100,W, ,MOANA AVENUE,201443734,12/09/2014,Fri,750,FD,CE1C,181A ,,R,W,B ,L , , ,C,50,0,0,0,,,1759190,5913963
Auckland,CAMPBELL ROAD,, ,I,MOUNT SMART ROAD,201418208,06/12/2014,Sat,755,HA,CW1S,302A ,,S,D,B ,F ,M,G,R,50,0,0,1,,68,1758236,5913424
Auckland,CAMPBELL ROAD,, ,I,ONEHUNGA MALL,201417700,02/12/2014,Tue,1750,LB,VW1S,302A 375A ,,R,D,B ,F ,R,G,C,50,0,0,1,,34,1758874,5913783
Auckland,CAMPBELL ROAD,, ,I,ONEHUNGA MALL,201448499,27/11/2014,Thu,110,DA,CE1,111A 131A 517A ,FKT,E,D,DO,F ,R,G,R,50,0,0,0,,,1758873,5913791
Auckland,CAMPBELL ROAD,50,S, ,RAWHITI ROAD,201416941,25/07/2014,Fri,900,CA,PN1,132A ,,R,W,OF,H , ,N,R,50,0,0,1,,,1759410,5914142
Auckland,CAMPBELL ROAD,, ,I,RAWHITI ROAD,201442927,21/08/2014,Thu,120,HA,CW2V,302A 357A 375A 901 ,,R,W,DN,H ,X,G,R,50,0,0,0,,,1759437,5914185