TLANAME,CRASHROAD,CRASHDIST,CRASHDIRN,INTSN,SIDEROAD,CRASHID,CRASHDATE,CRASHDOW,CRASHTIME,MVMT,VEHICLES,CAUSES,OBJECTSSTRUCK,ROADCURVE,ROADWET,LIGHT,WTHRa,JUNCTYPE,TRAFCTRL,ROADMARK,SPDLIM,CRASHFATALCNT,CRASHSEVCNT,CRASHMINCNT,PERSAGE1,PERSAGE2,EASTING,NORTHING
Auckland,CHURCH ST,40,S, ,RONAKI ROAD,201448035,19/11/2014,Wed,1530,MO,TN1V,371A ,M,R,D,B ,F , , ,C,50,0,0,0,,,1764605,5909086
Auckland,CHURCH ST,15,E, ,SELWYN ST,201443919,11/10/2014,Sat,1105,MD,CW1C,371B 926 ,,R,D,BF,F ,D,N,C,50,0,0,0,,,1758837,5912173
Auckland,CHURCH ST,, ,I,SELWYN ST,201442884,07/09/2014,Sun,1322,LB,CW1C,303B 402B ,,R,D,B ,F ,X,T,C,50,0,0,0,,,1758822,5912172
Auckland,CHURCH ST,, ,I,VICTORIA ST,201439666,06/07/2014,Sun,1040,HA,CE1C,321B ,,R,D,O ,F ,X,S,C,50,0,0,0,,,1759626,5912242
Auckland,CHURCHILL AVENUE,100,N, ,HUTT ROAD,201442388,27/08/2014,Wed,1930,MO,CN1C,371A 386A 926 ,,R,D,B ,F ,D,N,N,50,0,0,0,,,1768557,5900514
Auckland,CHURCHILL AVENUE,, ,I,PURIRI ROAD,201444454,07/06/2014,Sat,2200,BO,4S1C,124B 205B ,,R,D,DO,F ,T,G,C,50,0,0,0,,,1768743,5900079
Auckland,CHURCHILL AVENUE,20,S, ,WEYMOUTH ROAD,201444721,17/08/2014,Sun,1800,MO,VN1C,371A 371B 929 ,,R,D,BF,F ,D,N,C,50,0,0,0,,,1768501,5900644
Auckland,CHURCHILL AVENUE,, ,I,WEYMOUTH ROAD,201448443,21/10/2014,Tue,2155,BC,CW2C,103A 111A 131A ,,R,D,DO,F ,T,G,C,50,0,0,0,,,1768493,5900662
Auckland,CHURCHILL ST,, ,I,ALTEN ROAD,201416990,01/11/2014,Sat,106,DB,SS2C,131A ,M,S,D,DO,F ,T,N,P,50,0,0,1,,26,1758097,5920076
Auckland,CHURTON ST,20,S, ,EARLE ST,201440940,30/07/2014,Wed,2115,EA,CN1C,129A ,M,R,D,DO,F , ,N,C,50,0,0,0,,,1758725,5920147
Auckland,CITY ROAD,20,W, ,LIVERPOOL ST,201430469,24/01/2014,Fri,1530,MO,CE1C,371A ,M,R,D,B ,F ,T,N,C,50,0,0,0,,,1757150,5919569
Auckland,CITY ROAD,40,W, ,LIVERPOOL ST,201430778,25/01/2014,Sat,2250,JA,VE1C,308B 375B 926 ,,R,D,DO,F ,D,N,N,50,0,0,0,,,1757131,5919575
Auckland,CITY ROAD,, ,I,LIVERPOOL ST,201449483,20/12/2014,Sat,30,HA,4N1M,302A ,,R,W,DO,L ,X,G,C,50,0,0,0,,,1757169,5919562
Auckland,CIVIC CRESCENT,, ,I,CIVIC CRESCENT E,201441888,19/08/2014,Tue,1445,KB,CN2C,302A 801 ,,E,W,O ,L ,R,G,C,50,0,0,0,,,1752873,5934211
Auckland,CLARENCE ST,15,W, ,VICTORIA ROAD,201437284,22/05/2014,Thu,1700,EA,CE1C,101A 331A ,M,R,D,DO,F , ,N,C,50,0,0,0,,,1760291,5922399
Auckland,CLARENCE ST,, ,I,VICTORIA ROAD,201437283,27/05/2014,Tue,1000,NA,CE1E,711B 732B ,,R, , F,  ,X,G,C,50,0,0,0,,,1760305,5922392
Auckland,CLARK ST,20,E, ,HETANA ST,201434377,05/03/2014,Wed,1015,JA,CW1C,308B 922 ,,R,D,O ,F ,D,N,C,50,0,0,0,,,1750241,5913800
Auckland,CLARK ST,, ,I,HETANA ST,201412698,10/04/2014,Thu,1338,LB,CW1C,303B 925 ,,R,D,OF,F ,D,T,R,50,0,0,3,,,1750222,5913805
Auckland,CLARK ST,, ,I,MAICH ROAD,201414408,28/05/2014,Wed,1920,ND,VS2E,101A 144A 341A ,,R,D,DO,F ,T,N,C,50,0,0,1,57,,1768116,5901902
Auckland,CLARK ST,80,E, ,OLYMPIC PLACE,201435052,04/04/2014,Fri,1710,JA,CW1C,150A 308B 922 ,,R,D,B ,F ,D,N,P,50,0,0,0,,,1750634,5913713
Auckland,CLARK ST,, ,I,OLYMPIC PLACE,201416665,26/10/2014,Sun,121,DA,CE1,103A 111A 131A 402A ,S,E,D,DO,F ,T,N,P,50,0,0,1,,,1750608,5913725
Auckland,CLARK ST,15,E, ,PORTAGE ROAD,201433559,14/03/2014,Fri,2044,JA,CW14,308B 382B 922 ,,E,D,DO,F ,D,N,P,50,0,0,0,,,1750522,5913727
Auckland,CLARK ST,20,E, ,PORTAGE ROAD,201418614,05/12/2014,Fri,855,LB,SE1C,303B 375B 922 ,,R,D,BF,F ,D,N,C,50,0,0,1,,36,1750513,5913734
Auckland,CLARK ST,25,E, ,PORTAGE ROAD,201414383,10/07/2014,Thu,820,FD,VW1CC,427A 801 ,,E,W,O ,L , , ,C,50,0,0,1,,,1750531,5913722
Auckland,CLARK ST,, ,I,PORTAGE ROAD,201448944,11/11/2014,Tue,1350,FE,CE1C,331A ,,E,D,B ,F ,X,T,C,50,0,0,0,,,1750493,5913737
Auckland,CLARK ST,30,E, ,RANKIN AVENUE,201448894,19/11/2014,Wed,510,CA,CW1,414A ,IT,R,D,DO,F , , ,R,50,0,0,0,,,1749986,5913822
Auckland,CLARK ST,150,W, ,RANKIN AVENUE,201417462,25/09/2014,Thu,1215,BF,CE1CC,111A 131A ,,E,D,BN,F , ,N,P,50,0,0,2,,,1749817,5913762
Auckland,CLARK ST,, ,I,RANKIN AVENUE,201437014,26/05/2014,Mon,1050,FE,TW1V,181A ,,R,D,O ,F ,X,T,C,50,0,0,0,,,1749958,5913811
Auckland,CLARK ST,160,E, ,STURDEE ROAD,201442632,21/07/2014,Mon,1930,EA,CW1C,129A ,M,R,D,DO,L , ,N,C,50,0,0,0,,,1767911,5901856
Auckland,CLARK ST,, ,I,WARD ST,201447059,06/08/2014,Wed,1600,LB,CE1C,303B 334B 402B ,,R,D,OF,F ,T,T,C,50,0,0,0,,,1750380,5913767
Auckland,CLARKS BEACH ROAD,780,W, ,FARLEY ROAD,201434033,15/04/2014,Tue,814,DA,CE1,111A 131A ,V,M,D,B ,F , ,N,C,100,0,0,0,,,1753261,5888428
Auckland,CLARKS BEACH ROAD,, ,I,WHARF ROAD,201445516,08/10/2014,Wed,2016,DC,CS1,111A 131A 402A ,V,S,D,DN,F ,T,G,C,100,0,0,0,,,1752339,5888024
Auckland,CLAUDE ROAD,20,S, ,HALVER ROAD,201431337,05/03/2014,Wed,1145,EA,CN1C,129A ,M,R,W,OF,F , ,N,C,50,0,0,0,,,1769321,5901189
Auckland,CLAYBURN ROAD,70,E, ,PANZIC PLACE,201446159,23/10/2014,Thu,1100,MO,4W1C,371A 929 ,M,R,D,B ,F ,D, ,C,50,0,0,0,,,1747419,5913862
Auckland,CLAYTON ROAD,, ,I,FIELDS ROAD,201415620,06/09/2014,Sat,430,DA,CS1,103A 111A ,P,M,W,DO,L ,T,G,C,50,0,1,0,,,1768933,5899317
Auckland,CLEMOW DRIVE,100,S, ,CLEMOW UNDERPASS,201436413,06/05/2014,Tue,808,DA,CN1,129A ,V,S,W,BF,L , ,N,C,50,0,0,0,,,1764093,5912314
Auckland,CLEMOW DRIVE,120,E, ,MOUNT WELLINGTON HIGHWAY,201434696,25/03/2014,Tue,803,DA,CE1,135A 402A 801 ,C,M,W,BF,F , ,N,C,50,0,0,0,,,1764004,5912197
Auckland,CLEMOW DRIVE,130,N, ,MOUNT WELLINGTON HIGHWAY,201441374,22/07/2014,Tue,1100,DA,VN1,111A 131A ,CV,M,D,B ,F , , ,P,50,0,0,0,,,1764007,5912207
Auckland,CLENDON AVENUE,, ,I,SEDDON AVENUE,201449156,28/11/2014,Fri,1230,DC,CW2,113A 402A ,P,R,D,BF,F ,T,G,C,50,0,0,0,,,1765365,5904433
Auckland,CLEVEDON ROAD,60,W, ,COSGRAVE ROAD,201448190,24/10/2014,Fri,2255,CB,CW1,104A 112A 130A ,FPT,R,D,DO,F , , ,C,50,0,0,0,,,1774104,5897181
Auckland,CLEVEDON ROAD,40,W, ,GROVE ROAD,201448662,20/11/2014,Thu,1420,EA,TW1C,129A 354A ,M,R,D,B ,F , , ,P,50,0,0,0,,,1773683,5896844
Auckland,CLEVEDON ROAD,, ,I,KELVIN ROAD,201410595,05/02/2014,Wed,825,JA,SW1C,302B 375B ,,R,D,BF,F ,T,G,C,50,0,0,2,,49,1773887,5897008
Auckland,CLEVEDON ROAD,, ,I,KELVIN ROAD,201436556,06/05/2014,Tue,830,JA,CS1C,302B ,,E,D,B ,F ,T,G,C,50,0,0,0,,,1773887,5897008
Auckland,CLEVEDON ROAD,, ,I,KELVIN ROAD,201449144,24/11/2014,Mon,1718,BA,VS1V,125A 351A ,,R,W,OF,L ,T,G,C,50,0,0,0,,,1773887,5897008
Auckland,CLEVEDON ROAD,15,E, ,MARNE ROAD,201433116,29/03/2014,Sat,1354,FD,CW1C,181A ,,R,D,B ,F , , ,C,50,0,0,0,,,1773205,5896456
Auckland,CLEVEDON ROAD,, ,I,PRICTOR ST,201443365,01/09/2014,Mon,1810,JA,CE1C,302B 517B ,,R,W,DO,L ,T,G,X,50,0,0,0,,,1773135,5896434
Auckland,CLEVEDON ROAD,, ,I,PRICTOR ST,201432163,14/02/2014,Fri,1558,BC,CE1C,122A 620A ,,E,D,B ,F ,T,G,P,50,0,0,0,,,1773135,5896434
Auckland,CLEVEDON ROAD,, ,I,WILLIS ROAD,201410619,31/01/2014,Fri,,HA,4W1C,113A 302A 375A ,,M,D,B ,F ,R,G,R,50,0,1,0,,,1773179,5896437
Auckland,CLEVEDON-KAWAKAWA ROAD,600,W, ,EYRES ROAD,201410353,21/01/2014,Tue,730,DA,CW1,111A 131A ,V,M,W,ON,L , ,N,C,100,0,0,1,,,1784525,5906002
Auckland,CLEVEDON-KAWAKAWA ROAD,600,W, ,EYRES ROAD,201417251,18/10/2014,Sat,1905,DA,CE1,111A 131A 901 ,T,S,W,DN,H , , ,C,100,0,1,0,,,1784525,5906002
Auckland,CLEVEDON-KAWAKAWA ROAD,900,W, ,EYRES ROAD,201447165,02/11/2014,Sun,1725,DB,CW1,111A 131A ,V,E,D,O ,F , , ,C,100,0,0,0,,,1784240,5906037
Auckland,CLEVEDON-KAWAKAWA ROAD,350,N, ,HOLDENS ROAD,201412424,16/01/2014,Thu,1824,DA,MN1,111A 131A 402A ,F,M,D,O ,F , , ,C,70,0,0,1,,,1782741,5905213
Auckland,CLEVEDON-KAWAKAWA ROAD,, ,I,NESS VALLEY ROAD,201412406,09/03/2014,Sun,1125,JA,CS14,304A ,,M,D,B ,F ,T,G,C,100,0,1,4,,,1785478,5905574
Auckland,CLEVEDON-KAWAKAWA ROAD,3800,E, ,NORTH ROAD,201448998,09/12/2014,Tue,1535,DB,VW1,111A 131A ,C,M,W,O ,L , , ,C,100,0,0,0,,,1784199,5906044
Auckland,CLEVEDON-KAWAKAWA ROAD,100,E, ,PAPAKURA-CLEVEDON ROAD,201441389,29/07/2014,Tue,1200,CA,CW1,130A 410A ,FKP,R,D,O ,F , , ,C,50,0,0,0,,,1781433,5904162
Auckland,CLEVEDON-KAWAKAWA ROAD,300,E, ,PAPAKURA-CLEVEDON ROAD,201448028,27/07/2014,Sun,40,DA,CS1,111A 131A 433A 927 ,FKV,E,D,DO,F ,D,N,P,50,0,0,0,,,1781586,5904280
Auckland,CLEVEDON-KAWAKAWA ROAD,500,E, ,TOWNSON ROAD,201412960,30/05/2014,Fri,640,DA,CE1,131A 801 ,C,E,W,O ,L , , ,C,100,0,0,1,,,1789612,5908786
Auckland,CLEVEDON-KAWAKAWA ROAD,550,W, ,TOWNSON ROAD,201444646,02/10/2014,Thu,1748,DA,CE1,111A 131A 902 ,P,E,W,O ,HS, ,N,C,100,0,0,0,,,1788654,5908607
Auckland,CLEVEDON-KAWAKAWA ROAD,1000,N, ,TUREI ROAD,201432164,16/02/2014,Sun,1509,DA,CW1,111A 131A ,,S,D,B ,F , ,N,C,100,0,0,0,,,1791105,5908878
Auckland,CLEVEDON-KAWAKAWA ROAD,500,W, ,TUREI ROAD,201431804,15/03/2014,Sat,1320,DA,VW1,135A 801 901 ,TX,S,W,ON,HS, ,N,C,100,0,0,0,,,1791475,5908807
Auckland,CLEVEDON-TAKANINI ROAD,300,E, ,BURNSIDE ROAD,201443093,11/07/2014,Fri,1925,MO,CW14,103A 197A 370B 801 ,,R,W,DN,L , , ,C,100,0,0,0,,,1777149,5901282
Auckland,CLEVEDON-TAKANINI ROAD,600,E, ,PARISH LINE ROAD,201414191,11/07/2014,Fri,850,DB,CE1,129A 350A ,P,E,D,ON,F , ,N,C,100,0,0,1,,,1778695,5901981
Auckland,CLEVELAND ROAD,50,W, ,GLADSTONE ROAD,201448893,07/11/2014,Fri,1130,EA,TW1C,129A ,M,R,D,B ,F , , ,C,50,0,0,0,,,1759184,5920102
Auckland,CLIFTON ROAD S,400,E, ,POTTS ROAD,201430435,23/01/2014,Thu,205,CC,CS1,110A 135A 801 806 ,,R,W,DN,L , ,N,C,80,0,0,0,,,1776650,5910867
Auckland,CLIVE ROAD,40,E, ,BARNETT CRESCENT,201414500,23/06/2014,Mon,1820,NB,CE1E,711B 731B ,,R,D,DN,F , , ,C,50,0,0,1,27,,1757589,5917870
Auckland,CLONBERN ROAD,110,N, ,OHINERAU ST,201414789,06/08/2014,Wed,840,NB,CN1E,715B 726B ,,R,W,O ,F , , ,C,50,0,1,0,4,,1760093,5916613
Auckland,CLOVERNOOK ROAD,10,W, ,BROADWAY,201410789,12/03/2014,Wed,1537,DC,CS1C,423A 926 ,GM,R,D,B ,F ,D,N,C,50,0,0,1,,,1758376,5917738
Auckland,CLYDE ROAD,100,N, ,ANZAC ROAD,201439664,03/07/2014,Thu,1300,MF,CS1C,371B ,,R,W,O ,F , , ,C,50,0,0,0,,,1756136,5935224
Auckland,CLYDE ROAD,10,S, ,BAYVIEW ROAD,201415559,14/07/2014,Mon,1630,NB,CN1E,711B ,,E,D,O ,F ,T,G,R,50,0,0,1,44,,1756164,5935512
Auckland,CLYDE ROAD,30,S, ,BAYVIEW ROAD,201410313,05/01/2014,Sun,1512,MA,4S1CC,373B ,M,E,W,OF,L , ,N,C,50,0,0,1,,,1756161,5935492
Auckland,CLYDE ROAD,, ,I,BROWNS BAY ROAD,201430648,02/02/2014,Sun,1740,NA,CS1E,711B ,,R,D,B ,F ,T,N,C,50,0,0,0,,,1756151,5935007
Auckland,CLYDE ROAD,30,N, ,BUTE ROAD,201434476,02/04/2014,Wed,1040,MO,4N1T,371A 386A ,M,R,D,B ,F , , ,C,50,0,0,0,,,1756147,5935411
Auckland,CLYDE ROAD,100,S, ,INVERNESS ROAD,201449737,28/12/2014,Sun,1930,MO,CS1C,371A ,,R,D,O ,F , ,N,C,50,0,0,0,,,1756133,5935149
Auckland,CLYDESDALE AVENUE,20,S, ,MEADOWLAND DRIVE,201437862,21/05/2014,Wed,1640,JO,SE1V,204A 378B 927 ,,R,D,B ,F ,D,N,N,50,0,0,0,,,1771920,5913032
Auckland,COAL HILL ROAD,1000,N, ,TE ARAI POINT ROAD,201412675,06/04/2014,Sun,1251,DA,4N1,135A 812 ,C,M,D,BN,F , ,N,N,100,0,0,1,,,1744070,5997849
Auckland,COAST ROAD,340,N, ,GRASS TRACK ROAD,201413103,12/04/2014,Sat,1515,DB,CN1,111A 131A 402A ,EF,S,D,B ,F , , ,N,50,0,0,1,,,1726935,5925411
Auckland,COAST ROAD,600,N, ,MOTUTARA ROAD,201435258,26/04/2014,Sat,1746,DA,CN1,111A 131A 813 ,V,M,D,TN,F , , ,N,50,0,0,0,,,1727643,5924174
Auckland,COAST ROAD,1200,N, ,MOTUTARA ROAD,201431675,17/02/2014,Mon,1020,DA,4N1,131A 813 ,,M,D,B ,F , , ,N,50,0,0,0,,,1727300,5924635
Auckland,COATES CRESCENT,100,E, ,PILKINGTON ROAD S,201415274,09/08/2014,Sat,1520,FD,CE1C,181A ,,R,D,BF,F , ,N,N,50,0,0,1,,,1765438,5915292
Auckland,COATESVILLE-RIVERHEAD HIG,330,W, ,BARRETT ROAD,201430664,28/01/2014,Tue,2307,DB,VW1,101A 111A ,C,M,D,DO,F , ,N,C,80,0,0,0,,,1743097,5931553
Auckland,COATESVILLE-RIVERHEAD HIG,200,S, ,DAIRY FLAT HIGHWAY,201447248,01/11/2014,Sat,1515,MC,MS1C,330B 372B ,,R,D,B ,F , , ,C,80,0,0,0,,,1748832,5935795
Auckland,COATESVILLE-RIVERHEAD HIG,, ,I,DAIRY FLAT HIGHWAY,201416738,29/10/2014,Wed,1847,FB,CE1C,181A ,,R,D,O ,F ,T,G,C,80,0,0,1,,,1748984,5935924
Auckland,COATESVILLE-RIVERHEAD HIG,, ,I,DUKE ST,201441760,19/07/2014,Sat,441,DA,CN1,131A 350A ,FT,E,W,DO,MF,T,G,C,60,0,0,0,,,1742068,5931064
Auckland,COATESVILLE-RIVERHEAD HIG,, ,I,EDWARD ST,201411758,28/03/2014,Fri,1620,CA,CN1CC,410A ,MS,R,D,B ,F ,T,G,C,60,0,0,1,,,1742021,5930699
Auckland,COATESVILLE-RIVERHEAD HIG,50,W, ,GLENMORE ROAD,201418055,29/11/2014,Sat,1153,GD,CW1C,331A 352A 927 ,,M,D,OF,L ,D,N,C,80,0,0,1,,,1746344,5935253
Auckland,COATESVILLE-RIVERHEAD HIG,30,W, ,GLENMORE ROAD N,201434737,04/05/2014,Sun,1033,FD,CE1CC,181A ,,R,D,BF,F , ,N,C,70,0,0,0,,,1746364,5935249
Auckland,COATESVILLE-RIVERHEAD HIG,1000,N, ,LEWIS LANE,201415322,27/08/2014,Wed,152,MC,VN1V,371A 514A 517A ,FP,E,D,DN,F , ,N,C,80,0,0,1,,,1745451,5934306
Auckland,COATESVILLE-RIVERHEAD HIG,30,N, ,MAHOENUI VALLEY ROAD,201449895,14/12/2014,Sun,1905,DB,CE1,111A 135A 801 901 ,G,S,W,ON,H , ,N,C,80,0,0,0,,,1746740,5935370
Auckland,COATESVILLE-RIVERHEAD HIG,110,N, ,MILL FLAT ROAD,201431842,13/03/2014,Thu,230,DA,CS1,111A 131A ,T,M,D,DN,F , ,N,C,80,0,0,0,,,1744519,5932383
Auckland,COATESVILLE-RIVERHEAD HIG,120,N, ,MOONTIDE ROAD,201400088,21/04/2014,Mon,722,BF,TS1C,131A 800 ,,E,W,ON,L , , ,L,80,1,0,0,,,1741579,5928512
Auckland,COATESVILLE-RIVERHEAD HIG,800,N, ,OLD RAILWAY ROAD,201436249,24/05/2014,Sat,2330,DA,CS1,103A 111A 131A ,C,M,W,DN,HS, , ,C,80,0,0,0,,,1741662,5929719
Auckland,COATESVILLE-RIVERHEAD HIG,150,N, ,RIDGE ROAD,201435317,17/04/2014,Thu,915,DB,CN1,131A 403A 801 ,,M,W,O ,HS, , ,C,80,0,0,0,,,1743994,5931385
Auckland,COATESVILLE-RIVERHEAD HIG,1300,E, ,SCREEN ROAD,201414934,16/06/2014,Mon,1743,DA,CS1,111A 131A ,V,M,W,DN,H , ,N,C,80,0,1,2,,,1748367,5935669
Auckland,COATESVILLE-RIVERHEAD HIG,90,N, ,SH 16,201432160,17/02/2014,Mon,1430,JA,4N1V,308B 375B 402B 930 ,,R,D,B ,F ,D,N,L,80,0,0,0,,,1741312,5927525
Auckland,COATESVILLE-RIVERHEAD HIG,, ,I,SHORT ROAD,201418303,09/12/2014,Tue,1630,FD,TN1CC,331A 832 ,,R,D,OF,F ,T,N,L,50,0,0,2,,,1741658,5929647
Auckland,COATESVILLE-RIVERHEAD HIG,140,S, ,SUNNYSIDE ROAD,201418193,23/11/2014,Sun,327,DA,CN1,111A 131A 800 801 ,C,M,W,DO,L , , ,C,100,0,0,1,,,1745893,5935197
Auckland,COATESVILLE-RIVERHEAD HIG,350,S, ,SUNNYSIDE ROAD,201449622,18/12/2014,Thu,945,DA,CN1,131A 407A ,G,S,W,O ,L , , ,C,80,0,0,0,,,1745743,5935077
Auckland,COATESVILLE-RIVERHEAD HIG,400,S, ,SUNNYSIDE ROAD,201443072,31/08/2014,Sun,842,DA,CN1,131A 801 ,G,S,W,O ,L , , ,C,80,0,0,0,,,1745706,5935048
Auckland,COATESVILLE-RIVERHEAD HIG,500,S, ,SUNNYSIDE ROAD,201433209,19/02/2014,Wed,1737,DA,4N1,111A 131A ,,M,W,ON,L , ,N,C,80,0,0,0,,,1745706,5934949
Auckland,COATESVILLE-RIVERHEAD HIG,340,W, ,SUNNYSIDE ROAD,201415254,03/08/2014,Sun,1220,DA,CN1,131A ,G,S,W,OF,L , ,N,C,80,0,0,1,,,1745753,5935077
Auckland,COATESVILLE-RIVERHEAD HIG,500,W, ,SUNNYSIDE ROAD,201430940,07/02/2014,Fri,1220,BF,CN1C,135A 801 ,,M,W,ON,L , ,N,C,80,0,0,0,,,1745706,5934949
Auckland,COATESVILLE-RIVERHEAD HIG,, ,I,WAKE ROAD,201433572,22/04/2014,Tue,730,DA,CS1,111A 131A 411A ,,M,W,BF,F ,T,S,L,80,0,0,0,,,1744751,5932719
Auckland,COBHAM CRESCENT,180,N, ,BRAINS ROAD,201430917,21/02/2014,Fri,630,EA,CS1C,129A ,M,R,D,DO,F , ,N,N,50,0,0,0,,,1748549,5915689
Auckland,COBHAM CRESCENT,160,N, ,INGLEBY PLACE,201416926,03/09/2014,Wed,2203,DA,CS1T,103A 111A 131A ,M,E,D,DO,F , ,N,C,50,0,0,1,,,1748590,5915991
Auckland,COBHAM CRESCENT S,, ,I,BAIRDS ROAD,201446452,18/10/2014,Sat,1550,FB,CW1C,181A ,,R,W,OF,L ,T,G,C,50,0,0,0,,,1767207,5907071
Auckland,COLES CRESCENT,, ,I,GREAT SOUTH ROAD N,201410949,06/03/2014,Thu,800,LB,SN14,204A 375A ,,R,D,BF,F ,T,S,C,50,0,0,1,,13,1772475,5896956
Auckland,COLISEUM DRIVE,, ,I,ALBANY EXPRESSWAY,201443468,19/09/2014,Fri,958,KC,CE1B,302A 375A ,,E,W,B ,F ,M,G,C,50,0,0,0,,,1751918,5933777
Auckland,COLLEGE HILL,, ,I,BEAUMONT ST,201449045,02/12/2014,Tue,1600,HA,CE1S,300B ,,R,D,B ,F ,X,G,C,50,0,0,0,,,1756132,5920539
Auckland,COLLEGE HILL,10,W, ,ENGLAND ST,201445703,08/10/2014,Wed,1350,FB,CW1C,181A ,,R,D,B ,F ,T,N,C,50,0,0,0,,,1755868,5920511
Auckland,COLLEGE HILL,, ,I,ENGLAND ST,201412394,02/04/2014,Wed,1618,LB,VW1C,112A 382B 402B ,,R,D,O ,F ,T,G,C,50,0,0,2,,,1755878,5920510
Auckland,COLLEGE HILL,100,E, ,JERVOIS ROAD,201442032,28/04/2014,Mon,2320,MC,CE1C,372B ,,R,W,DO,F , ,N,C,50,0,0,0,,,1755605,5920627
Auckland,COLLEGE ROAD,170,N, ,AKORANGA DRIVE,201417803,19/11/2014,Wed,1821,NA,CN1E,194A 711B ,,R,D,B ,F , , ,C,50,0,0,1,15,,1756622,5926410
Auckland,COLLEGE ROAD,60,E, ,CADNESS ST,201445530,29/09/2014,Mon,1240,EA,CW1C,129A ,M,R,D,B ,F , , ,C,50,0,0,0,,,1756014,5925844
Auckland,COLLEGE ROAD,, ,I,CADNESS ST,201435114,29/03/2014,Sat,1323,GE,CW1C,157A 160A ,,R,D,B ,F ,T,N,C,50,0,0,0,,,1755970,5925804
Auckland,COLLEGE ROAD,50,N, ,EXMOUTH ROAD,201433231,19/03/2014,Wed,1130,BA,CN1C,125A ,,R,D,BF,F , ,N,C,50,0,0,0,,,1755741,5925586
Auckland,COLLEGE ROAD,5,S, ,MERTON ROAD,201437039,20/03/2014,Thu,1600,FB,CN1C,331A ,,R,D,B ,F ,R,G,R,50,0,0,0,,,1764029,5916903
Auckland,COLLEGE ROAD,, ,I,MORRIN ROAD,201417705,17/12/2014,Wed,1203,JA,MN1C,302B 375B ,,R,W,O ,L ,T,G,C,50,0,1,0,,,1764772,5916037
Auckland,COLLEGE ROAD,120,E, ,TIHI ST,201415794,22/09/2014,Mon,1815,EA,SW1C,129A 353A ,M,M,D,DN,F , ,N,C,50,0,1,0,,35,1764683,5915964
Auckland,COLLINGWOOD ROAD,15,N, ,HYLAND PLACE,201436841,27/04/2014,Sun,1722,DB,CN1,111A 131A 402A 634A ,CF,M,D,O ,F , , ,C,100,0,0,0,,,1755152,5877020
Auckland,COLLINGWOOD ROAD,200,N, ,KITCHENER ROAD,201443988,24/09/2014,Wed,2015,DB,CN1C,131A 501A ,FMP,E,D,DO,F , ,N,C,50,0,0,0,,,1754764,5876437
Auckland,COLOMBO ROAD,, ,I,HULL ROAD,201413762,26/05/2014,Mon,1416,HA,CN2V,301A 375A ,,R,D,OF,F ,X,S,C,50,0,0,1,,,1753862,5874750
Auckland,COLOMBO ROAD,, ,I,WAIUKU ROAD,201443889,10/05/2014,Sat,1730,DB,CW1,111A 131A ,F,M,D,TO,F ,T,G,C,50,0,0,0,,,1755257,5875981
Auckland,COLOMBO ST,, ,I,TIRONUI ROAD,201434678,29/03/2014,Sat,940,KC,CE2C,314A 315A 377A ,,R,D,OF,F ,T,T,R,50,0,0,0,,,1771523,5897825
Auckland,COLWILL ROAD,300,W, ,KINTARA DRIVE,201448051,12/11/2014,Wed,420,DB,CE1,103A 111A 131A ,F,M,W,DO,L , , ,C,50,0,0,0,,,1745409,5921995
Auckland,COMBES ROAD,50,E, ,VICTORIA AVENUE,201416021,17/09/2014,Wed,1525,PD,CE1E,722B 727B ,,R,D,O ,F , ,N,C,50,0,0,1,6,,1760408,5917764
Auckland,COMMERCE ST,10,N, ,CUSTOMS ST EAST,201431174,05/03/2014,Wed,1815,AC,CN1B,372A 381A ,,R,D,B ,F ,T,N,C,50,0,0,0,,,1757638,5920868
Auckland,COMMISSARIAT ROAD,30,E, ,RUAWAI ROAD,201431479,23/02/2014,Sun,120,DA,VW1,103A 130A 929 ,,R,D,DO,F ,D,N,C,50,0,0,0,,,1763206,5913659
Auckland,COMMISSARIAT ROAD,200,W, ,RUAWAI ROAD,201438342,10/05/2014,Sat,733,EA,CE1T,129A 363A 902 ,M,R,W,B ,F , , ,N,50,0,0,0,,,1763050,5913593
Auckland,COMO ST,, ,I,AUBURN ST,201436228,03/05/2014,Sat,1617,GF,CW1C,372A ,,R,D,B ,F ,T,S,C,50,0,0,0,,,1757825,5927077
Auckland,COMPTON ST,30,W, ,EBAN AVENUE,201437163,16/05/2014,Fri,1515,EA,CE14,129A ,M,R,D,OF,  , ,N,N,50,0,0,0,,,1754768,5926444
Auckland,CONNELL ST,70,N, ,CALEDONIAN PLACE,201440915,05/08/2014,Tue,100,EA,CN1C,129A 517A ,M,R,D,DO,F , ,N,N,50,0,0,0,,,1750810,5912306
Auckland,CONNELL ST,5,S, ,KINROSS ST,201444394,20/09/2014,Sat,53,FB,CN1C,423A 801 ,,R,W,DO,L ,X,G,P,50,0,0,0,,,1750877,5912076
Auckland,CONSTABLE ROAD,, ,I,HARVEY ROAD,201412819,05/05/2014,Mon,1131,DB,CS2,131A 423A 901 ,V,E,W,O ,H ,T,G,C,100,0,0,2,,,1752143,5875150
Auckland,CONSTABLE ROAD,, ,I,KARIOITAHI ROAD,201416110,25/09/2014,Thu,1600,DB,CW1,111A 131A 632A ,C,S,D,O ,F ,M,G,C,100,0,1,0,,,1751905,5874982
Auckland,CONSTABLE ROAD,, ,I,LEONARD ST,201438319,10/06/2014,Tue,1615,LB,VS1C,303B 350B 402B 901 ,,R,W,O ,H ,T,N,C,50,0,0,0,,,1753165,5875960
Auckland,CONSTELLATION DRIVE,40,N, ,APOLLO DRIVE,201410879,29/01/2014,Wed,2226,MC,CN1C,372B ,,R,D,DO,F , , ,C,50,0,0,1,,,1754990,5931852
Auckland,CONSTELLATION DRIVE,50,W, ,APOLLO DRIVE,201449042,12/12/2014,Fri,1320,AC,CE1C,372A ,,R,D,BF,F , ,N,C,50,0,0,0,,,1754914,5931804
Auckland,CONSTELLATION DRIVE,50,W, ,APOLLO DRIVE,201439432,18/06/2014,Wed,1400,LB,CE1C,303B 314B 924 ,,R,D,B ,F ,D,N,R,50,0,0,0,,,1754914,5931804
Auckland,CONSTELLATION DRIVE,80,W, ,APOLLO DRIVE,201447992,21/08/2014,Thu,1545,KA,400000000000000,370A 308B 924 ,,R,D,B ,F ,D, ,C,50,0,0,0,,,1754889,5931788