TLANAME,CRASHROAD,CRASHDIST,CRASHDIRN,INTSN,SIDEROAD,CRASHID,CRASHDATE,CRASHDOW,CRASHTIME,MVMT,VEHICLES,CAUSES,OBJECTSSTRUCK,ROADCURVE,ROADWET,LIGHT,WTHRa,JUNCTYPE,TRAFCTRL,ROADMARK,SPDLIM,CRASHFATALCNT,CRASHSEVCNT,CRASHMINCNT,PERSAGE1,PERSAGE2,EASTING,NORTHING
Auckland,CONSTELLATION DRIVE,, ,I,APOLLO DRIVE,201434283,20/03/2014,Thu,1925,FE,CN1C,130A 350A 427A ,,R,D,DO,F ,X,T,C,50,0,0,0,,,1754957,5931830
Auckland,CONSTELLATION DRIVE,, ,I,APOLLO DRIVE,201448959,13/10/2014,Mon,1000,FE,CE1C,181A ,,R,D,O ,F ,X,T,C,50,0,0,0,,,1754957,5931830
Auckland,CONSTELLATION DRIVE,, ,I,ASCENSION PLACE,201447986,25/11/2014,Tue,1635,KA,CN1C,173A 314B 316B 375B ,,R,D,B ,F ,T,G,C,50,0,0,0,,,1754822,5931746
Auckland,CONSTELLATION DRIVE,20,W, ,ATLAS PLACE,201412033,07/04/2014,Mon,1550,LB,MW1V,303B 314B 927 ,,R,D,B ,F ,D,N,C,80,0,0,1,,,1754686,5931665
Auckland,CONSTELLATION DRIVE,, ,I,ATLAS PLACE,201449124,28/11/2014,Fri,,LB,CE1C,303B 375B ,,R,D,OF,F ,T,G,P,50,0,0,0,,,1754704,5931676
Auckland,CONSTELLATION DRIVE,15,W, ,EAST COAST ROAD,201414307,26/06/2014,Thu,901,FD,MW1C,331A 353A 800 ,,R,W,O ,F , , ,R,50,0,0,1,,,1755262,5932017
Auckland,CONSTELLATION DRIVE,, ,I,EAST COAST ROAD,201445868,15/10/2014,Wed,520,FE,CE1C,181A ,,R,D,B ,F ,T,T,N,50,0,0,0,,,1755277,5932022
Auckland,CONSTELLATION DRIVE,20,E, ,PARKWAY DRIVE W,201430638,07/02/2014,Fri,936,FD,4W1C,181A 350A ,,E,D,O ,F , ,N,P,50,0,0,0,,,1754361,5931483
Auckland,CONSTELLATION DRIVE,, ,I,PARKWAY DRIVE W,201430967,19/02/2014,Wed,1615,KA,BS24,302B 375B ,,R,D,OF,F ,T,G,C,50,0,0,0,,,1754343,5931475
Auckland,CONSTELLATION DRIVE,10,E, ,VEGA PLACE,201433885,16/04/2014,Wed,1724,LB,CE1C,303B 922 ,,R,D,TO,F ,D,N,C,50,0,0,0,,,1754593,5931610
Auckland,CONSTELLATION DRIVE,, ,I,VEGA PLACE,201444211,08/09/2014,Mon,1200,JC,4S2C,302A 375A ,,E,D,B ,F ,T,G,C,50,0,0,0,,,1754584,5931605
Auckland,CONSTELLATION DRIVE,, ,I,VEGA PLACE,201442688,03/10/2014,Fri,2030,JA,CE1C,302B 375B ,,R,W,OF,L ,T,G,C,50,0,0,0,,,1754584,5931605
Auckland,CONVOY LANE,100,N, ,LUKE ST,201446553,24/10/2014,Fri,300,EA,CN1V,129A ,M,R,D,DO,F , , ,N,70,0,0,0,,,1765167,5910740
Auckland,COOK ST,30,W, ,HOBSON ST,201445366,26/08/2014,Tue,639,MD,CE1T,371B 927 ,,R,D,B ,F ,D,N,C,50,0,0,0,,,1756872,5920148
Auckland,COOK ST,50,W, ,HOBSON ST,201437208,04/04/2014,Fri,2205,AA,CE1C,372A ,,R,D,DO,F , ,N,C,50,0,0,0,,,1756853,5920155
Auckland,COOK ST,90,W, ,HOBSON ST,201448940,30/11/2014,Sun,1720,MA,CE1V,372A ,,R,D,B ,F , , ,C,50,0,0,0,,,1756816,5920169
Auckland,COOK ST,, ,I,HOBSON ST,201430068,03/01/2014,Fri,1350,AO,CE1C,381A 817 ,,R,D,BF,F ,X,T,C,50,0,0,0,,,1756900,5920138
Auckland,COOK ST,, ,I,HOBSON ST,201445361,27/09/2014,Sat,2330,HA,CS2C,322A ,,R,W,DO,L ,X,T,P,50,0,0,0,,,1756900,5920138
Auckland,COOK ST,, ,I,MORTON ST,201430617,29/01/2014,Wed,1440,JA,CE1C,301B 407B ,,R,D,B ,F ,T,S,C,50,0,0,0,,,1756594,5920255
Auckland,COOK ST,, ,I,MORTON ST,201417876,26/11/2014,Wed,1850,KA,CE1CC,314B 377B ,,R,D,B ,F ,T,S,C,50,0,0,1,,,1756594,5920255
Auckland,COOK ST,40,W, ,NELSON ST,201450552,09/12/2014,Tue,1850,QD,CW1C,428A ,M,R,D,O ,F , , ,C,50,0,0,0,,,1756737,5920199
Auckland,COOK ST,, ,I,NELSON ST,201435205,18/04/2014,Fri,1030,FE,VW1CC,423A 181B ,,R,D,O ,F ,X,T,C,50,0,0,0,,,1756774,5920184
Auckland,COOK ST,, ,I,UNION ST,201437089,02/06/2014,Mon,250,DB,CE1,103A 131A ,IKP,M,D,DO,F ,T,G,R,50,0,0,0,,,1756440,5920310
Auckland,COOK ST,50,W, ,VINCENT ST,201434263,17/03/2014,Mon,2300,MO,CW1C,371A ,M,R,D,DO,F , ,N, ,50,0,0,0,,,1756945,5920122
Auckland,COPELAND ST,30,W, ,VIRGINIA AVENUE,201448447,07/11/2014,Fri,30,EA,TE1CCC,818,MT,E,D,DO,F , ,N,N,50,0,0,0,,,1756309,5918734
Auckland,CORAL CRESCENT E,110,N, ,MATAPAN ROAD,201413258,08/06/2014,Sun,1505,MO,CN1,130A 501A 929 ,P,R,D,O ,F ,D,N,N,50,0,1,0,,,1765997,5914747
Auckland,CORBAN AVENUE,, ,I,DAVIES DRIVE,201438708,05/07/2014,Sat,1054,HA,CN2C,302A 334A 375A ,,R,D,BF,F ,X,G,C,50,0,0,0,,,1752344,5934465
Auckland,CORINTHIAN DRIVE,, ,I,DON MCKINNON DRIVE,201449879,23/12/2014,Tue,1313,FB,CW1C,331A 352A ,,R,D,BF,F ,R,G,C,50,0,0,0,,,1752868,5933823
Auckland,CORINTHIAN DRIVE,, ,I,ORACLE DRIVE,201449905,08/12/2014,Mon,1130,DA,ME1C,131A 197A 331A ,G,M,D,B ,F ,R,G,N,50,0,0,0,,,1752872,5933325
Auckland,CORNWALLIS ROAD,600,S, ,FIREBREAK ROAD,201435061,28/04/2014,Mon,250,DB,CN1,110A 134A ,,S,W,DN,F , ,N,C,50,0,0,0,,,1742636,5902778
Auckland,CORONATION ROAD,60,E, ,BEATRICE AVENUE,201411092,12/01/2014,Sun,1154,MO,SE14,112A 204A 308B 378B 830 929 ,,R,D,O ,F ,D, ,C,50,0,0,1,,27,1754715,5927057
Auckland,CORONATION ROAD,, ,I,CORONATION ON NBD,201436907,10/05/2014,Sat,1850,FB,CN1C,103A 181A 387A ,,E,D,DO,F ,R,G,R,50,0,0,0,,,1759516,5908853
Auckland,CORONATION ROAD,60,S, ,DOMAIN ROAD,201434123,23/01/2014,Thu,1850,EA,4N1C,101A 129A ,M,S,D,B ,F , , ,L,50,0,0,0,,,1759268,5909532
Auckland,CORONATION ROAD,80,E, ,GLENFIELD ROAD,201433879,15/04/2014,Tue,722,JA,TW1C,308B 830 929 ,,R,D,O ,F ,D,N,C,50,0,0,0,,,1753904,5926806
Auckland,CORONATION ROAD,, ,I,HASTIE AVENUE,201417317,24/10/2014,Fri,2349,HA,CW2B,103A 302A 412A ,FH,E,D,DO,F ,X,G,L,50,0,0,1,,,1759243,5909586
Auckland,CORONATION ROAD,, ,I,HILLCREST AVENUE,201441387,06/08/2014,Wed,1011,JC,CN2C,301A 377A 801 ,,R,W,O ,L ,T,S,C,50,0,0,0,,,1755132,5927164
Auckland,CORONATION ROAD,50,N, ,MCINTYRE ROAD,201434563,29/04/2014,Tue,1210,MF,CS1V,371B ,,R,D,OF,F , ,N,C,50,0,0,0,,,1759153,5910022
Auckland,CORONATION ROAD,50,N, ,MIRO ROAD,201438127,14/05/2014,Wed,1820,FD,CN1C,181A ,,R,W,DO,H , ,N,C,50,0,0,0,,,1759153,5910022
Auckland,CORONATION ROAD,, ,I,MIRO ROAD,201440503,10/06/2014,Tue,1900,HA,CW2C,302A ,,R,D,TO,F ,R,G,R,80,0,0,0,,,1759172,5909967
Auckland,CORONATION ROAD,100,W, ,MOUNTBATTEN AVENUE,201410910,16/02/2014,Sun,1430,NA,CE1E,711B 713B ,,M,D,BF,F , ,N,C,50,0,0,1,15,,1754262,5926886
Auckland,CORONATION ROAD,, ,I,MOUNTBATTEN AVENUE,201449313,10/11/2014,Mon,5,DB,CW1,111A 131A ,FKX,R,D,DO,F ,T,N,C,50,0,0,0,,,1754341,5926946
Auckland,CORONATION ROAD,50,E, ,SHIRLEY ROAD,201443097,21/07/2014,Mon,910,FD,CW1C,427A ,,R,W,B ,F , , ,C,50,0,0,0,,,1764734,5905921
Auckland,CORONATION ROAD,5,S, ,TANNERS ROAD,201431858,11/03/2014,Tue,1510,FD,CS1CC,181A ,,R,D,BF,F ,T,G,C,50,0,0,0,,,1759462,5909064
Auckland,CORONATION ROAD,, ,I,TYE ROAD,201431761,23/01/2014,Thu,437,CC,CN1,130A 204A 205A 501A ,P,R,D,DO,F ,T,N,C,50,0,0,0,,,1755314,5927258
Auckland,CORONATION ROAD,, ,I,WALMSLEY ROAD,201445536,12/09/2014,Fri,2150,DB,CS1,103A 111A 131A ,IP,E,W,DO,L ,X,T,R,50,0,0,0,,,1759428,5908632
Auckland,CORONATION ROAD,, ,I,WALMSLEY ROAD,201448226,26/11/2014,Wed,1710,FB,CS1C,181A ,,E,D,B ,F ,X,T,L,50,0,0,0,,,1759428,5908632
Auckland,CORSAIR CRESCENT,100,W, ,VALIANT ST N,201410354,23/01/2014,Thu,904,DA,CN1,111A 131A ,F,E,D,OF,F , ,N,N,50,0,0,1,,,1759359,5907599
Auckland,CORSAIR CRESCENT,30,W, ,VALIANT ST S,201439947,12/05/2014,Mon,29,QO,CE1C,517A 522A ,Q,E,D,DO,F , ,N,N,50,0,0,0,,,1759454,5907480
Auckland,CORTA BELLA PLACE,15,W, ,GOLFLAND DRIVE,201449646,30/11/2014,Sun,2220,MG,CW1C,357A 357B 512B ,,R,W,DO,F , , ,N,50,0,0,0,,,1769922,5911935
Auckland,COSGRAVE ROAD,390,N, ,FERNAIG ST,201431849,01/03/2014,Sat,1658,MD,CN14,308B 375B 929 ,,R,D,BN,F ,D,N,C,70,0,0,0,,,1773847,5898015
Auckland,COSGRAVE ROAD,, ,I,FERNAIG ST,201438728,12/07/2014,Sat,1530,JA,CN1C,302B 375B ,,R,W,OF,F ,T,G,C,50,0,0,0,,,1773985,5897651
Auckland,COSGRAVE ROAD,200,S, ,WALTERS ROAD,201437128,03/06/2014,Tue,1635,CB,CS1,129A 363A 902 ,V,R,D,BN,F , ,N,C,80,0,0,0,,,1773697,5898414
Auckland,COUNTY ROAD,, ,I,LAW ST,201449489,16/12/2014,Tue,40,DA,CW1,111A 131A 433A ,K,M,D,DO,F ,T,G,C,50,0,0,0,,,1756077,5937480
Auckland,COURT TOWN CLOSE,, ,I,BADER DRIVE,201437077,30/05/2014,Fri,945,GA,VS1C,129A ,,E,D,B ,F ,R,G,R,50,0,0,0,,,1760388,5907058
Auckland,COWES BAY ROAD,4900,E, ,ORAPIU ROAD,201410614,10/02/2014,Mon,900,EO,TS1,330A 386A ,T,M,D,B ,F , ,N,N,50,0,0,1,,,1792076,5925162
Auckland,COXHEAD ROAD,, ,I,CLAYTON ROAD,201410791,09/04/2014,Wed,800,GD,CN1C,181A 359A ,,R,D,O ,F ,T,G,C,50,0,0,1,,,1768607,5899173
Auckland,COXHEAD ROAD,40,N, ,HOOKS ROAD,201434107,09/04/2014,Wed,815,FD,CN1CC,331A 377A ,,R,D,OF,F , ,N,C,50,0,0,0,,,1768546,5899327
Auckland,COXHEAD ROAD,120,S, ,KOHIWI ROAD,201432713,15/02/2014,Sat,2259,DA,CS1,111A 131A ,KX,E,D,DO,F , , ,C,50,0,0,0,,,1768433,5899551
Auckland,COXHEAD ROAD,, ,I,KOHIWI ROAD,201443144,28/08/2014,Thu,840,LB,CS1C,303B ,,E,D,B ,F ,T,G,C,50,0,0,0,,,1768343,5899629
Auckland,COXHEAD ROAD,, ,I,KOHIWI ROAD,201432265,20/01/2014,Mon,2230,DB,CS1,111A 131A 402A ,KP,E,W,DO,L ,T,G,C,50,0,0,0,,,1768343,5899629
Auckland,CRAMOND DRIVE,70,N, ,SKIPTON ST,201441007,27/07/2014,Sun,2100,EA,CS1C,129A ,M,R,D,DO,F , ,N,C,50,0,0,0,,,1762872,5905894
Auckland,CRANMERE CRESCENT,30,E, ,LYTHAM LANE,201450241,18/12/2014,Thu,2122,LB,CE1C,103B 303B 929 ,,E,D,DO,F ,D,N,N,50,0,0,0,,,1761144,5907965
Auckland,CRAWFORD AVENUE,30,N, ,MIRO ROAD,201432055,04/02/2014,Tue,1500,MD,4S1C,308B 371B 929 ,,R,D,B ,F ,D, ,C,50,0,0,0,,,1759397,5910047
Auckland,CREAMERY ROAD,200,W, ,AWHITU ROAD,201444310,13/09/2014,Sat,2215,DB,CE1,111A 131A 330A 901 ,F,M,W,DN,H , , ,C,100,0,0,0,,,1749304,5880403
Auckland,CREEK ST,40,S, ,BREMNER ROAD,201414807,04/02/2014,Tue,825,CC,MS1,403A ,H,R,D,BN,F , ,N,C,50,0,1,0,,,1772979,5891831
Auckland,CROFTFIELD LANE,80,S, ,LINK DRIVE,201415674,20/08/2014,Wed,1630,GB,SS1C,159B 176B 929 ,,R,D,O ,F ,D,N,P,50,0,0,1,,29,1755249,5929412
Auckland,CROFTFIELD LANE,90,S, ,LINK DRIVE,201448378,29/12/2014,Mon,1600,MO,CN1C,371A 386A 371B ,,R,D,B ,F , ,N,N,30,0,0,0,,,1755254,5929403
Auckland,CROMWELL PLACE,20,E, ,EAST ST,201445856,11/10/2014,Sat,2240,QD,CN1,101A 130A 428A 929 ,T,S,D,DO,F ,D,N,C,50,0,0,0,,,1769967,5881464
Auckland,CRON AVENUE,150,E, ,TE ATATU ROAD,201447257,20/09/2014,Sat,620,EA,CE1C,102A 129A ,M,R,W,DO,L , , ,N,50,0,0,0,,,1746807,5916784
Auckland,CROOKS ROAD,, ,I,HARRIS ROAD,201436827,13/05/2014,Tue,1710,FB,4W1C,181A 331A ,,R,D,O ,F ,T,G,C,50,0,0,0,,,1768707,5910125
Auckland,CROSS ST,100,W, ,UPPER QUEEN ST,201431169,05/03/2014,Wed,1150,MG,CW1C,371B ,,R,W,O ,F , ,N,N,50,0,0,0,,,1756895,5919375
Auckland,CROSSANDRA DRIVE,, ,I,CYCLAMEN ROAD W,201430235,10/01/2014,Fri,2248,DB,CW1C,111A 131A ,HM,R,D,DO,F ,T,G,R,80,0,0,0,,,1760534,5905829
Auckland,CROSSANDRA DRIVE,10,S, ,GINKO PLACE,201444616,14/09/2014,Sun,4,EA,CS1C,386A ,M,R,D,DN,F ,T,N,C,50,0,0,0,,,1760479,5905673
Auckland,CROWHURST ST,, ,I,KENT ST,201449852,20/12/2014,Sat,1330,KB,CN1C,302B 375B ,,R,D,OF,F ,T,G,C,50,0,0,0,,,1758228,5918314
Auckland,CROWHURST ST,20,S, ,KHYBER PASS ROAD,201448199,15/11/2014,Sat,1300,BF,CS144,130A 514A ,,R,D,O ,F , , ,P,50,0,0,0,,,1758246,5918382
Auckland,CROWHURST ST,50,S, ,KHYBER PASS ROAD,201444569,17/09/2014,Wed,950,EE,CS1V,129A ,M,R,D,B ,F , , ,P,50,0,0,0,,,1758239,5918354
Auckland,CROWHURST ST,, ,I,TEED ST,201444745,22/08/2014,Fri,845,FE,CN1C,181A ,,R,D,BF,F ,T,T,C,50,0,0,0,,,1758212,5918222
Auckland,CROWS ROAD,50,S, ,BIRDWOOD ROAD,201434099,21/01/2014,Tue,1348,DB,CN1,111A 132A ,T,M,W,O ,F , ,N,N,50,0,0,0,,,1742243,5920091
Auckland,CROWS ROAD,, ,I,BIRDWOOD ROAD,201438362,10/06/2014,Tue,1058,DB,CN2,111A 131A 402A 801 ,V,S,W,O ,L ,T,G,C,50,0,0,0,,,1742253,5920138
Auckland,CROYDON ROAD,110,E, ,RARAWA ST,201450629,12/11/2014,Wed,302,EA,CE1C,386A ,M,R,D,DO,F , ,N,C,40,0,0,0,,,1756275,5916573
Auckland,CROYDON ROAD,20,N, ,TITIRANGI ROAD,201432688,30/01/2014,Thu,1958,FA,4N14,101A 181A 103B 191B ,,R,D,O ,F , ,N,C,50,0,0,0,,,1748488,5913080
Auckland,CRUMMER ROAD,, ,I,COLERIDGE ST,201438832,09/07/2014,Wed,650,HA,CW1C,321B 375B ,,R,D,ON,FS,X,S,N,50,0,0,0,,,1755051,5918599
Auckland,CRUMMER ROAD,, ,I,COLERIDGE ST,201412396,22/03/2014,Sat,152,EA,CS1CC,101A 130A 359A ,M,R,D,DO,F ,X,S,C,50,0,0,1,,,1755051,5918599
Auckland,CRUMMER ROAD,, ,I,MACKELVIE ST,201432982,19/02/2014,Wed,816,HA,CN2C,301A 377A 839 ,,R,D,B ,F ,X,S,C,50,0,0,0,,,1755856,5919202
Auckland,CRYERS ROAD,, ,I,CRYERS ROAD NORTH,201415635,12/09/2014,Fri,1324,DB,TW1,121A 134A ,,M,W,O ,F ,T,N,C,50,0,0,1,,,1768160,5911121
Auckland,CRYERS ROAD,70,W, ,HARRIS ROAD,201446314,21/09/2014,Sun,1030,DA,CE1,133A 423A ,KX,E,W,OF,H , ,N,C,60,0,0,0,,,1768888,5911209
Auckland,CRYERS ROAD,120,E, ,TRUGOOD DRIVE,201446146,29/08/2014,Fri,700,EA,CW1C,129A 358A ,M,R,D,B ,F , , ,C,50,0,0,0,,,1768802,5911194
Auckland,CURRAN ON NBD,20,W, ,SH 1N,201443882,15/08/2014,Fri,1752,AA,CE14,184A ,,R,D,OF,F , ,N,C,50,0,0,0,,,1755320,5921880
Auckland,CURRAN ST,100,N, ,JERVOIS ROAD,201436636,19/02/2014,Wed,810,AA,CN1C,372A ,,R,D,O ,F , ,N,C,50,0,0,0,,,1755152,5921009
Auckland,CURRAN ST,, ,I,SARSFIELD ST,201431572,16/01/2014,Thu,1459,HA,CN1C,301B 375B ,,R,D,B ,F ,X,S,P,50,0,0,0,,,1755106,5921368
Auckland,CURZON ST,, ,I,MOUNT SMART ROAD,201441986,09/08/2014,Sat,1330,HA,CN1C,321A ,,R,D,B ,F ,X,S,C,50,0,0,0,,,1760003,5913033
Auckland,CUSTOMS ST EAST,, ,I,COMMERCE ST,201439025,27/06/2014,Fri,2355,AO,BE1C,381A 671A ,,R,W,DO,  ,X,T,C,50,0,0,0,,,1757630,5920862
Auckland,CUSTOMS ST EAST,, ,I,COMMERCE ST,201431336,05/03/2014,Wed,1635,AO,BW1C,385A ,,E,D,BF,F ,X,T,C,50,0,0,0,,,1757630,5920862
Auckland,CUSTOMS ST EAST,, ,I,COMMERCE ST,201446044,25/09/2014,Thu,1315,AA,CW1C,330A 372A ,,R,D,B ,F ,X,T,C,50,0,0,0,,,1757630,5920862
Auckland,CUSTOMS ST EAST,, ,I,COMMERCE ST,201415631,02/09/2014,Tue,1957,NA,XW1E,713B ,,R,D,DO,F ,X,T,C,50,0,0,1,23,,1757630,5920862
Auckland,CUSTOMS ST EAST,, ,I,COMMERCE ST,201438711,07/07/2014,Mon,1400,AO,CW1C,381A ,,R,W,OF,L ,X,T,R,50,0,0,0,,,1757630,5920862
Auckland,CUSTOMS ST EAST,, ,I,COMMERCE ST,201444121,16/09/2014,Tue,945,AO,BW1V,381A 671A ,,R,W,OF,L ,X,T,C,50,0,0,0,,,1757630,5920862
Auckland,CUSTOMS ST EAST,10,W, ,FORT ST,201433210,18/03/2014,Tue,1623,MG,CE1C,371B ,,R,D,BF,F ,X,T,C,50,0,0,0,,,1757813,5920800
Auckland,CUSTOMS ST EAST,, ,I,GORE ST,201441412,12/07/2014,Sat,1740,HA,CE1C,322A 361A ,,R,W,DO,F ,X,T,C,50,0,0,0,,,1757715,5920833
Auckland,CUSTOMS ST WEST,15,E, ,ALBERT ST,201418295,21/12/2014,Sun,1258,NB,CE1E,713B ,,R,D,O ,F , , ,C,50,0,0,1,22,,1757414,5920937
Auckland,CUSTOMS ST WEST,20,E, ,ALBERT ST,201433336,22/03/2014,Sat,1850,AO,CW1C,333A ,,R, , F,  , ,N,C,50,0,0,0,,,1757419,5920936
Auckland,CUSTOMS ST WEST,, ,I,LOWER HOBSON ST,201444736,28/08/2014,Thu,1520,MG,CE1C,371B ,,R,D,OF,F ,X,T,C,50,0,0,0,,,1757232,5921006
Auckland,CUSTOMS ST WEST,, ,I,LOWER HOBSON ST,201449529,14/12/2014,Sun,417,GF,CW1C,176A ,,E,W,DO,F ,X,T,C,50,0,0,0,,,1757252,5920999
Auckland,CUSTOMS ST WEST,20,E, ,MARKET LANE,201416291,27/09/2014,Sat,1515,EE,SE1C,374B ,M,R,D,B ,F , , ,C,50,0,0,1,,49,1757163,5921030
Auckland,CUSTOMS ST WEST,, ,I,MARKET PLACE,201445464,03/10/2014,Fri,1815,MA,CE1C,373B ,,R,D,O ,F ,T,S,C,50,0,0,0,,,1757095,5921053
Auckland,CUSTOMS ST WEST,5,E, ,QUEEN ST,201437834,05/06/2014,Thu,910,EA,BE14,386A ,M,E,D,O ,F ,X,G, ,50,0,0,0,,,1757509,5920904
Auckland,CUSTOMS ST WEST,10,W, ,QUEEN ST,201442426,06/08/2014,Wed,1456,AO,CE1C,381A ,,R,D,OF,F ,X,T,C,50,0,0,0,,,1757505,5920905
Auckland,CUSTOMS ST WEST,, ,I,QUEEN ST,201436375,29/03/2014,Sat,1420,GO,BE1C,179A ,,R,D,BF,F ,X,T,C,50,0,0,0,,,1757514,5920902
Auckland,CUSTOMS ST WEST,, ,I,QUEEN ST,201434695,20/03/2014,Thu,1645,AO,BE1X,381A 671A ,,R,D,BF,F ,X,T,C,50,0,0,0,,,1757514,5920902
Auckland,CUSTOMS ST WEST,30,W, ,STURDEE ST,201413519,08/06/2014,Sun,1217,FD,SE1C,331A 191B ,,R,D,B ,F , , ,C,50,0,0,1,,34,1757256,5920998
Auckland,CUSTOMS ST WEST,, ,I,STURDEE ST,201431355,02/03/2014,Sun,233,DA,CE1,103A 131A 632A ,KX,E,D,DO,F ,T,G,C,50,0,0,0,,,1757285,5920988
Auckland,CYCLAMEN ROAD,30,E, ,SECOIA CRESCENT W,201442711,15/09/2014,Mon,1515,MD,CW1C,371B 929 ,M,R,D,BF,F ,D,N,C,50,0,0,0,,,1760492,5905848
Auckland,DAFFODIL ST,, ,I,KAWAKA ST,201431335,03/03/2014,Mon,752,LB,CN1C,302B 375B ,,M,W,BF,F ,Y,G,P,50,0,0,0,,,1747170,5911576
Auckland,DAGENHAM ST,100,N, ,BURBANK AVENUE,201413776,19/04/2014,Sat,2144,DA,CS1,103A 111A 131A ,CFT,E,W,DO,F , ,N,C,50,0,0,1,,,1766358,5901286
Auckland,DAIRY FLAT HIGHWAY,100,N, ,BAWDEN ROAD,201418790,11/11/2014,Tue,1815,CB,CN1,102A 150A 501A 801 ,FV,R,W,O ,L , , ,L,100,0,0,1,,,,
Auckland,DAIRY FLAT HIGHWAY,750,N, ,BAWDEN ROAD,201440931,01/08/2014,Fri,1718,CB,CN1,363A 902 ,X,R,D,BN,F , ,N,C,100,0,0,0,,,1747060,5939467
Auckland,DAIRY FLAT HIGHWAY,, ,I,BLACKBRIDGE ROAD,201417647,06/12/2014,Sat,1127,HA,CE24,301A 330A 375A ,,R,D,B ,F ,X,S,C,100,0,0,3,,,1746356,5940017
Auckland,DAIRY FLAT HIGHWAY,, ,I,COATESVILLE-RIVERHEAD HIG,201447170,28/10/2014,Tue,1740,JA,4N1C,302B 375B 402B 801 ,,R,W,O ,L ,T,G,C,80,0,0,0,,,1748984,5935924
Auckland,DAIRY FLAT HIGHWAY,, ,I,COATESVILLE-RIVERHEAD HIG,201416828,10/11/2014,Mon,1749,LB,4N1V,303B 314B ,,R,D,B ,F ,R,G,C,80,0,0,1,,,1748984,5935924
Auckland,DAIRY FLAT HIGHWAY,, ,I,COATESVILLE-RIVERHEAD HIG,201433872,16/04/2014,Wed,708,LB,CN1T,303B ,,E,D,O ,L ,T,G,C,80,0,0,0,,,1748984,5935924
Auckland,DAIRY FLAT HIGHWAY,15,N, ,FOLEY QUARRY ROAD,201414342,22/06/2014,Sun,1311,MC,CN1C,372B 402B ,,R,D,B ,F , , ,L,100,0,0,3,,,1748853,5936305
Auckland,DAIRY FLAT HIGHWAY,160,N, ,FOLEY QUARRY ROAD,201415332,15/07/2014,Tue,559,DB,CN1,111A 131A ,FG,M,D,DN,F , ,N,L,100,0,1,0,,,1748824,5936446
Auckland,DAIRY FLAT HIGHWAY,400,N, ,FOLEY QUARRY ROAD,201411112,15/03/2014,Sat,1716,BF,CN1C4,111A 131A 402A 197B 801 804 903 ,G,M,W,O ,LS, , ,C,80,0,0,1,,,1748719,5936655
Auckland,DAIRY FLAT HIGHWAY,15,S, ,GILLS ROAD,201442407,23/06/2014,Mon,200,EA,CS1V,129A ,M,R,D,DO,F , ,N,C,50,0,0,0,,,1751286,5934400
Auckland,DAIRY FLAT HIGHWAY,15,W, ,GOODLAND DRIVE,201433802,13/04/2014,Sun,2340,CC,CW1,102A 410A ,FX,R,W,DO,L , , ,C,100,0,0,0,,,1748701,5938618
Auckland,DAIRY FLAT HIGHWAY,25,N, ,HORSESHOE BUSH ROAD,201400217,24/10/2014,Fri,1629,BF,CN1T,137A 197A 402A ,,M,D,B ,F , ,N,C,100,1,0,2,,,1746730,5942536
Auckland,DAIRY FLAT HIGHWAY,5,S, ,KELL DRIVE,201442284,27/08/2014,Wed,805,AA,TS14,372A ,,R,D,O ,F ,T,G,C,50,0,0,0,,,1751335,5934352
Auckland,DAIRY FLAT HIGHWAY,, ,I,KELL DRIVE,201442648,19/07/2014,Sat,1149,JA,4N14,301B 375B ,,R,D,OF,F ,T,S,C,50,0,0,0,,,1751332,5934356
Auckland,DAIRY FLAT HIGHWAY,, ,I,KELL DRIVE,201412434,08/04/2014,Tue,749,LB,MS14,158A 330A 402A 314B 922 ,P,R,D,B ,F ,D,S,C,50,0,1,0,,,1751332,5934356
Auckland,DAIRY FLAT HIGHWAY,10,N, ,OTEHA VALLEY ROAD,201431744,30/01/2014,Thu,1620,AO,4N1C,157A 158A 184A ,,R,D,BF,F ,T,T,N,50,0,0,0,,,1751623,5934077
Auckland,DAIRY FLAT HIGHWAY,900,S, ,PINE VALLEY ROAD,201412039,31/03/2014,Mon,1544,LB,CN14,102B 303B 350B 375B 929 ,,E,D,B ,F ,D,N,C,100,0,0,2,,,1747716,5944450
Auckland,DAIRY FLAT HIGHWAY,80,N, ,POTTER ROAD,201447261,28/10/2014,Tue,2128,DB,4S1,111A 131A 901 ,G,E,W,DN,H , , ,L,80,0,0,0,,,1748816,5937112
Auckland,DAIRY FLAT HIGHWAY,500,S, ,POTTER ROAD,201416420,29/09/2014,Mon,815,EA,CS1C,330A 351A 378A 801 831 ,M,M,W,O ,L , , ,C,100,0,0,1,,,1748748,5936550
Auckland,DAIRY FLAT HIGHWAY,, ,I,SILVERDALE ON NBD,201442606,22/07/2014,Tue,950,AA,CE1T,381A ,,R,D,BF,F ,R,G,R,80,0,0,0,,,1748563,5945402
Auckland,DAIRY FLAT HIGHWAY,30,W, ,STEVENSONS CRESCENT,201437407,24/05/2014,Sat,1137,CB,TW1,103A ,V,R,D,O ,F , , ,L,80,0,0,0,,,1750791,5934687
Auckland,DAIRY FLAT HIGHWAY,400,W, ,STEVENSONS CRESCENT,201418540,28/11/2014,Fri,1910,DB,CE1,131A ,FH,M,D,BF,L , ,N,L,80,0,0,1,,,1750430,5934606
Auckland,DAIRY FLAT HIGHWAY,, ,I,TAWA DRIVE,201433679,12/04/2014,Sat,2136,AO,CN1C,129A 386A 817 ,,E,D,DO,F ,R,G,R,50,0,0,0,,,1753266,5933048
Auckland,DAIRY FLAT HIGHWAY,60,S, ,THE AVENUE,201417649,07/12/2014,Sun,1254,MA,CS1C,330B 373B ,,R,D,B ,F , ,N,L,80,0,0,1,,,1751119,5934563
Auckland,DAIRY FLAT HIGHWAY,, ,I,THE AVENUE,201418557,11/12/2014,Thu,1106,DA,CE2,504A ,F,R,D,BF,F ,T,G,C,50,0,0,1,,,1751076,5934604
Auckland,DAIRY FLAT HIGHWAY,200,S, ,WILKS ROAD WEST,201417565,22/11/2014,Sat,223,CB,CN1,104A 112A ,FV,R,D,DN,F , ,N,C,100,0,0,1,,,1747070,5943422
Auckland,DALDY ST,50,N, ,FANSHAWE ST,201416293,07/10/2014,Tue,1812,NB,CS1E,713B ,,R,D,TN,F , , ,N,50,0,1,0,24,,1756409,5920894