TLANAME,CRASHROAD,CRASHDIST,CRASHDIRN,INTSN,SIDEROAD,CRASHID,CRASHDATE,CRASHDOW,CRASHTIME,MVMT,VEHICLES,CAUSES,OBJECTSSTRUCK,ROADCURVE,ROADWET,LIGHT,WTHRa,JUNCTYPE,TRAFCTRL,ROADMARK,SPDLIM,CRASHFATALCNT,CRASHSEVCNT,CRASHMINCNT,PERSAGE1,PERSAGE2,EASTING,NORTHING
Auckland,DALDY ST,, ,I,GAUNT ST,201435220,19/03/2014,Wed,1715,HA,CW1CCC,101B 301B 902 ,M,R,D,B ,F ,X,S,C,50,0,0,0,,,1756434,5920966
Auckland,DALDY ST,, ,I,GAUNT ST,201431212,23/02/2014,Sun,1915,HA,CE2CC,321B 375B ,,R,D,DF,F ,X,S,C,50,0,0,0,,,1756434,5920966
Auckland,DALGETY DRIVE,30,N, ,BROWNS ROAD,201445629,03/08/2014,Sun,1055,CC,CS1,410A ,FK,R,W,O ,L , , ,C,50,0,0,0,,,1767001,5901982
Auckland,DALGETY DRIVE,100,N, ,BROWNS ROAD,201442720,30/08/2014,Sat,1045,FA,CN1C,181A ,,R,D,BF,F , ,N,C,50,0,0,0,,,1766974,5902047
Auckland,DALGETY DRIVE,150,N, ,BROWNS ROAD,201430636,05/02/2014,Wed,1650,KB,CS1V,308B 375B 927 ,,R,D,O ,F ,D,N,C,50,0,0,0,,,1766956,5902093
Auckland,DALGETY DRIVE,250,N, ,BROWNS ROAD,201449451,15/12/2014,Mon,1427,MA,CS1C,373B ,,R,D,B ,F , , ,C,50,0,0,0,,,1766918,5902186
Auckland,DALGETY DRIVE,180,S, ,BROWNS ROAD,201443077,05/09/2014,Fri,745,GB,CS1T,158A 333A 927 ,,E,D,O ,F ,D, ,C,50,0,0,0,,,1766944,5902121
Auckland,DALGETY DRIVE,, ,I,BROWNS ROAD,201446848,03/11/2014,Mon,1550,FA,CS1C,331A 351A ,,E,D,B ,F ,T,T,L,50,0,0,0,,,1767012,5901954
Auckland,DALGETY DRIVE,500,W, ,KERRS ROAD,201435334,09/04/2014,Wed,1234,EA,CW14,412A ,M,R,D,B ,F , , ,C,50,0,0,0,,,1766895,5902244
Auckland,DALGETY DRIVE,, ,I,KERRS ROAD,201441022,12/07/2014,Sat,1635,FE,CN1C,181A 387A ,,R,W,OF,L ,T,T,C,60,0,0,0,,,1766708,5902708
Auckland,DARREN CRESCENT,100,E, ,FIESTA DRIVE,201443420,04/07/2014,Fri,5,CC,CE14,103A 386A ,M,R,W,DN,F , ,N,N,50,0,0,0,,,1769877,5915409
Auckland,DAVID AVENUE,, ,I,GRANDE VUE,201412437,26/02/2014,Wed,815,BB,CW2C,124A 130A 350A ,,R,D,B ,F ,T,G,C,50,0,0,2,,,1769058,5901978
Auckland,DAVID AVENUE,, ,I,ORAMS ROAD,201416010,01/08/2014,Fri,1616,NF,CN1E,711B 732B ,,R,D,B ,F ,T,S,C,50,0,0,1,16,,1768777,5902665
Auckland,DAVIES AVENUE,, ,I,RONWOOD AVENUE,201446446,23/10/2014,Thu,1410,FB,CN14,181A ,,R,D,BF,F ,T,G,C,50,0,0,0,,,1767048,5904496
Auckland,DAWSON ROAD,, ,I,CHAPEL ROAD,201449135,04/12/2014,Thu,1245,FB,CE1C,181A ,,R,D,OF,F ,X,G,C,50,0,0,0,,,1769296,5905572
Auckland,DAWSON ROAD,50,S, ,COLLETT ROAD,201449837,13/12/2014,Sat,653,CB,CS1,130A 517A ,FJ,R,D,BF,F , ,N,C,50,0,0,0,,,1768089,5906690
Auckland,DAWSON ROAD,160,E, ,DISSMEYER DRIVE,201414089,18/07/2014,Fri,1430,GD,CW1C,181A 330A 929 ,,R,D,B ,F ,D,N,C,50,0,0,2,,,1769080,5905738
Auckland,DAWSON ROAD,, ,I,FLAT BUSH ROAD,201445363,24/09/2014,Wed,650,JA,4N1V,302B ,,M,D,TO,F ,T,G,R,50,0,0,0,,,1768566,5906134
Auckland,DAWSON ROAD,170,E, ,OTHELLO DRIVE,201445209,01/10/2014,Wed,1831,MO,VW1C,371A 929 ,,R,D,B ,F ,D, ,C,50,0,0,0,,,1768768,5905978
Auckland,DAWSON ROAD,100,S, ,OTHELLO DRIVE,201411101,17/02/2014,Mon,905,JA,CS1V,112A 402A 308B 314B 402B 930 ,,R,D,B ,F ,D, ,P,50,0,0,1,,,1768712,5906021
Auckland,DAWSON ROAD,20,S, ,RONGOMAI ROAD,201438022,11/06/2014,Wed,835,FD,CN14,181A ,,R,D,B ,F , , ,N,50,0,0,0,,,1768001,5906822
Auckland,DAWSON ROAD,, ,I,TE IRIRANGI DRIVE,201442732,02/09/2014,Tue,1440,FE,CW1C,181A ,,R,D,BF,F ,X,T,C,50,0,0,0,,,1768917,5905863
Auckland,DAWSON ROAD,, ,I,TE IRIRANGI DRIVE,201446473,23/10/2014,Thu,1640,FE,VE1CC,103A 181A ,,R,D,BF,F ,M,T,C,50,0,0,0,,,1768906,5905871
Auckland,DEEP CREEK ROAD,, ,I,BEACH ROAD,201440556,11/07/2014,Fri,2200,BO,CN2C,124A 801 ,,M,W,DO,L ,T,G,C,50,0,0,0,,,1756543,5937375
Auckland,DEEP CREEK ROAD,10,S, ,BETHEL ROAD,201440570,05/07/2014,Sat,352,EA,4N1C,101A 105A 111A 130A 801 ,M,E,W,DO,L ,T,N,C,50,0,0,0,,,1755879,5936297
Auckland,DEEP CREEK ROAD,, ,I,BETHEL ROAD,201430389,25/01/2014,Sat,100,EA,CN1CC,129A 350A ,M,R,D,DO,F ,T,N,C,50,0,0,0,,,1755887,5936303
Auckland,DEEP CREEK ROAD,, ,I,GLAMORGAN DRIVE,201435908,03/05/2014,Sat,1510,AA,BS1V,372A ,,R,D,BF,F ,T,G,C,50,0,0,0,,,1756287,5936944
Auckland,DELTA AVENUE,10,S, ,HUGH BROWN DRIVE,201431165,07/03/2014,Fri,1430,MF,XN14,371B ,,R,D,B ,F ,T,N,C,50,0,0,0,,,1749912,5914083
Auckland,DELTA AVENUE,, ,I,STOCK ST,201441780,01/07/2014,Tue,1430,BA,CE1CC,129A 197B ,M,R,W,O ,F ,T,N,C,50,0,0,0,,,1750232,5914649
Auckland,DELTA AVENUE,, ,I,VERONICA ST,201414376,29/06/2014,Sun,1337,JA,PS1C,301B 375B ,,R,D,B ,F ,T,S,C,50,0,0,1,,,1750066,5914440
Auckland,DENBIGH AVENUE,, ,I,DOMINION ROAD,201431330,05/02/2014,Wed,800,AO,CW1C,381A ,,E,D,BF,F ,R,G,R,50,0,0,0,,,1755029,5913742
Auckland,DENBIGH AVENUE,, ,I,DOMINION ROAD,201443880,25/08/2014,Mon,1445,FB,CE14,331A ,,R,D,BF,F ,R,S,C,50,0,0,0,,,1755006,5913748
Auckland,DENBIGH AVENUE,, ,I,DOMINION ROAD,201434208,03/02/2014,Mon,1530,FB,CE1C,181A 331A ,,E,D,B ,F ,R,G,R,50,0,0,0,,,1755006,5913748
Auckland,DENBIGH AVENUE,, ,I,SOMERSET ROAD,201416748,17/09/2014,Wed,400,CC,CW1,103A 112A 130A ,CIP,R,D,DO,F ,R,G,R,50,0,1,0,,,1755307,5913659
Auckland,DENBIGH AVENUE,, ,I,WINSTONE ROAD,201418617,15/12/2014,Mon,1620,HA,CE1C,102B 301B 377B ,,R,D,OF,F ,X,S,P,50,0,0,1,,,1755142,5913710
Auckland,DENBIGH AVENUE,, ,I,WINSTONE ROAD,201448444,20/11/2014,Thu,2059,HA,CW1C,321B 375B ,,R,W,DO,L ,X,S,C,50,0,0,0,,,1755142,5913710
Auckland,DENBY ST,30,E, ,PARNELL ROAD,201443878,12/08/2014,Tue,1120,MO,CW1C,385A ,M,R,D,BF,FS, ,N,N,50,0,0,0,,,1758730,5919747
Auckland,DENNIS AVENUE,80,N, ,EARLS COURT,201415993,23/04/2014,Wed,2305,DA,CS1,103A 111A 131A ,P,M,D,DO,F , , ,C,50,0,0,1,,,1769158,5901721
Auckland,DENNIS AVENUE,15,N, ,WALPOLE AVENUE,201433308,09/04/2014,Wed,1530,MO,CN1C,371A ,M,R,D,BF,F , ,N,N,50,0,0,0,,,1769103,5901892
Auckland,DEVON LANE,50,E, ,QUEEN ST,201443533,18/08/2014,Mon,1525,JA,CE1O,308B 375B 927 ,,R,D,BF,F ,D,N,C,50,0,0,0,,,1768766,5881123
Auckland,DEVON ROAD,, ,I,THE PARADE,201412294,18/05/2014,Sun,1500,DB,BE1E,131A 386A ,,M,D,B ,F ,T,N,C,50,0,0,1,,,1769441,5918483
Auckland,DIAMOND ST,15,N, ,MACAULAY ST,201444105,23/09/2014,Tue,1700,EA,CS1C,129A ,M,R,D,OF,F , ,N,N,50,0,0,0,,,1756690,5918810
Auckland,DIANA DRIVE,170,N, ,CHIVALRY ROAD,201441200,11/07/2014,Fri,2240,EA,CN1C,103A 111A 130A 901 ,M,M,W,DO,H , , ,C,50,0,0,0,,,1754406,5928295
Auckland,DIANA DRIVE,50,S, ,HILLSIDE ROAD,201417707,21/12/2014,Sun,1420,NA,TN1E,711B 839 ,,E,D,O ,F , ,N,C,50,0,0,1,25,,1754490,5928435
Auckland,DIANA DRIVE,, ,I,HILLSIDE ROAD,201431659,21/01/2014,Tue,953,GD,BN1C,191A 801 ,,E,W,O ,L ,T,N,C,50,0,0,0,,,1754518,5928476
Auckland,DIANA DRIVE,, ,I,ROSALIND ROAD,201447503,28/10/2014,Tue,1600,GD,CS1C,181A 331A 386A 801 ,,E,W,O ,L ,T,G,C,50,0,0,0,,,1754363,5928264
Auckland,DIANA DRIVE,160,S, ,WAIRAU ROAD,201412879,18/03/2014,Tue,1540,JA,MS1C,308B 375B 927 ,,E,D,B ,F ,D, ,C,50,0,1,0,,,1755095,5928954
Auckland,DIANA DRIVE,310,S, ,WAIRAU ROAD,201446064,24/06/2014,Tue,945,EC,CS1C,129A 330A ,M,R,D,B ,F , , ,C,50,0,0,0,,,1754981,5928870
Auckland,DIANA DRIVE,400,S, ,WAIRAU ROAD,201431568,06/01/2014,Mon,1100,EA,CW1C,129A 386A ,M,R,D,B ,F , , ,C,50,0,0,0,,,1754896,5928841
Auckland,DIANA DRIVE,150,W, ,WAIRAU ROAD,201442410,27/07/2014,Sun,338,DA,CW1,103A 131A ,FG,E,W,DO,L , ,N,C,50,0,0,0,,,1755099,5928963
Auckland,DIANA DRIVE,, ,I,WAIRAU ROAD,201416664,17/10/2014,Fri,1639,DA,CE2CC,131A 133A 423A 801 ,CX,M,W,O ,L ,T,T,R,50,0,0,1,,,1755159,5929100
Auckland,DILWORTH AVENUE,100,S, ,REMUERA ROAD,201433682,27/03/2014,Thu,1716,KA,CN1CC,308B 507B 927 ,FH,R,D,BF,F ,D, ,N,50,0,0,0,,,1759006,5917429
Auckland,DILWORTH AVENUE,, ,I,REMUERA ROAD,201415741,19/08/2014,Tue,740,LB,PW1C,303B 377B ,,R,D,BF,F ,T,G,C,50,0,0,1,,,1759064,5917510
Auckland,DINGLE ROAD,100,S, ,AUCKLAND ROAD,201449547,28/11/2014,Fri,905,DA,CS1C,111A 131A 514A 801 ,FM,M,W,O ,L , , ,C,50,0,0,0,,,1765257,5919679
Auckland,DIORELLA DRIVE,15,N, ,CHARNTAY AVENUE,201442718,27/08/2014,Wed,1400,EA,CN1C,129A ,M,R,D,BF,F , ,N,C,50,0,0,0,,,1768173,5904970
Auckland,DIORELLA DRIVE,, ,I,ULTIMA PLACE,201442419,09/08/2014,Sat,1840,JA,CN1C,300B 377B 839 ,,R,D,DO,F ,T,N,N,50,0,0,0,,,1768196,5904709
Auckland,DISRAELI ST,30,E, ,MOUNT EDEN ROAD,201446048,19/09/2014,Fri,730,MO,CW1C,103A 330A 371A 929 ,P,R,D,DO,F ,D, ,C,50,0,0,0,,,1756964,5916486
Auckland,DOCTOR PICKERING AVENUE,, ,I,MCDIVITT ST,201445956,20/10/2014,Mon,1435,MO,CN2C,386A ,,R,D,B ,F ,T,G,C,50,0,0,0,,,1767815,5899655
Auckland,DODSON AVENUE,220,S, ,KITCHENER ROAD,201437207,01/05/2014,Thu,930,MF,CS1V,371B ,,R,D,BF,F , ,N,N,50,0,0,0,,,1757609,5928641
Auckland,DOMAIN DRIVE NORTH,10,E, ,PARK ROAD,201439136,05/06/2014,Thu,1200,FC,CE1C,331A ,,R,D,B ,F ,T,N,C,50,0,0,0,,,1757831,5918968
Auckland,DOMINION OFF WBD,, ,I,DOMINION ROAD,201440226,09/07/2014,Wed,1812,FE,CW1C,110A 427A 801 ,,R,W,DO,L ,T,T, ,50,0,0,0,,,1754953,5913508
Auckland,DOMINION ON WBD,50,W, ,DOMINION ROAD,201435662,22/04/2014,Tue,1801,FD,CW1C,331A ,,R,D,TO,F , , ,N,100,0,0,0,,,1754915,5913540
Auckland,DOMINION ROAD,20,N, ,BALMORAL ROAD,201443547,24/07/2014,Thu,1255,FD,4N1C,181A ,,R,W,BF,F , ,N,C,50,0,0,0,,,1755720,5916247
Auckland,DOMINION ROAD,80,N, ,BALMORAL ROAD,201442367,27/08/2014,Wed,1700,FD,CS1C,331A 358A ,,R,D,O ,F , ,N,C,50,0,0,0,,,1755737,5916305
Auckland,DOMINION ROAD,15,S, ,BALMORAL ROAD,201432858,06/01/2014,Mon,,MO,CN1C,386A ,M,E,D,B ,F , , ,N,50,0,0,0,,,1755713,5916213
Auckland,DOMINION ROAD,50,S, ,BALMORAL ROAD,201438749,01/04/2014,Tue,2322,MO,VN1C,103A 385A ,M,R,D,DO,F , ,N,C,50,0,0,0,,,1755702,5916179
Auckland,DOMINION ROAD,50,S, ,BALMORAL ROAD,201441107,06/08/2014,Wed,1815,FF,CN1C,191B 357B 510B ,,R,D,DO,F , ,N,C,50,0,0,0,,,1755702,5916179
Auckland,DOMINION ROAD,50,S, ,BALMORAL ROAD,201448488,24/11/2014,Mon,1200,MA,CN1C,373B ,,R,D,OF,L , ,N,C,50,0,0,0,,,1755702,5916179
Auckland,DOMINION ROAD,, ,I,BALMORAL ROAD,201439542,11/06/2014,Wed,1523,AO,VN1C,129A 386A ,,R,D,O ,F ,X,T,C,50,0,0,0,,,1755716,5916227
Auckland,DOMINION ROAD,, ,I,BALMORAL ROAD,201436703,13/05/2014,Tue,1400,MC,CN1C,372B ,,R,D,B ,F ,X,T,C,50,0,0,0,,,1755716,5916227
Auckland,DOMINION ROAD,, ,I,BALMORAL ROAD,201439607,22/04/2014,Tue,1535,JA,CE2C,334A 334B ,,R,D,B ,F ,X,T,C,50,0,0,0,,,1755716,5916227
Auckland,DOMINION ROAD,, ,I,BELLEVUE ROAD,201417356,13/11/2014,Thu,756,LB,CN1CC,303B 375B 801 ,,R,W,O ,L ,T,S,P,50,0,0,1,,,1756126,5917694
Auckland,DOMINION ROAD,15,S, ,BURNLEY TERRACE,201416113,17/09/2014,Wed,1720,NA,CS1E,370A 715B ,,M,D,O ,F , , ,L,50,0,0,1,24,,1755947,5917057
Auckland,DOMINION ROAD,40,S, ,BURNLEY TERRACE,201410660,07/02/2014,Fri,755,NB,CS1E,129A 386A 714B ,,R,D,O ,F , ,N,C,80,0,0,1,55,,1755941,5917033
Auckland,DOMINION ROAD,, ,I,BURNLEY TERRACE,201411569,27/02/2014,Thu,900,GB,PN1C,158A ,P,R,D,OF,F ,T,S,P,50,0,1,0,,,1755951,5917072
Auckland,DOMINION ROAD,, ,I,BURNLEY TERRACE,201411141,24/03/2014,Mon,818,LB,PN1C,209A 314B 377B ,,R,D,B ,F ,T,S,P,50,0,0,1,,,1755951,5917072
Auckland,DOMINION ROAD,10,N, ,CALGARY ST,201445440,23/09/2014,Tue,1420,EA,CN1C,129A 358A ,M,R,D,B ,F ,T,G,C,50,0,0,0,,,1755513,5915505
Auckland,DOMINION ROAD,, ,I,CALGARY ST,201439509,26/05/2014,Mon,929,JA,CN1CB,321B 505B ,,R,D,O ,F ,T,S,C,50,0,0,0,,,1755510,5915495
Auckland,DOMINION ROAD,30,N, ,COLEMAN AVENUE,201430030,04/01/2014,Sat,415,EA,CS1C,103A 129A ,M,R,D,DO,F , ,N,C,50,0,0,0,,,1755075,5913940
Auckland,DOMINION ROAD,20,S, ,COLEMAN AVENUE,201439620,18/06/2014,Wed,745,FD,VS1C,181A ,,R,D,B ,F , , ,C,50,0,0,0,,,1755061,5913892
Auckland,DOMINION ROAD,50,S, ,COLEMAN AVENUE,201441432,01/08/2014,Fri,1840,FD,CS1CC,181A 330A ,,R,D,DO,F , ,N,C,50,0,0,0,,,1755053,5913863
Auckland,DOMINION ROAD,10,N, ,DENBIGH AVENUE,201439305,06/06/2014,Fri,1150,FC,CN1C,331A 350A ,,R,D,B ,F ,X,G,C,50,0,0,0,,,1755025,5913763
Auckland,DOMINION ROAD,5,S, ,DENBIGH AVENUE,201440205,09/07/2014,Wed,1700,AC,CN1C,129A ,,E,D,O ,F ,R,G,C,50,0,0,0,,,1755016,5913730
Auckland,DOMINION ROAD,15,S, ,DENBIGH AVENUE,201439027,30/06/2014,Mon,1440,FC,CN1C,181A ,,R,W,OF,H , ,N,C,50,0,0,0,,,1755013,5913721
Auckland,DOMINION ROAD,, ,I,DENBIGH AVENUE,201446492,14/10/2014,Tue,,GF,TN1C,381A 671A ,,M,D,BF,F ,R,G,R,50,0,0,0,,,1755017,5913735
Auckland,DOMINION ROAD,, ,I,DENBIGH AVENUE,201447229,06/11/2014,Thu,1523,AC,TN1V,386A ,,R,D,B ,F ,R,G,R,50,0,0,0,,,1755028,5913749
Auckland,DOMINION ROAD,, ,I,DENBIGH AVENUE,201439511,03/06/2014,Tue,903,KC,TS1C,129A ,,E,D,O ,F ,R,G,R,50,0,0,0,,,1755022,5913754
Auckland,DOMINION ROAD,, ,I,DENBIGH AVENUE,201430575,29/01/2014,Wed,1330,AA,TN1C,372A ,,M,D,B ,F ,R,G,R,50,0,0,0,,,1755028,5913749
Auckland,DOMINION ROAD,, ,I,DENBIGH AVENUE,201439508,09/06/2014,Mon,1700,AO,TN1C,386A ,,R,W,TO,L ,R,G,R,50,0,0,0,,,1755017,5913735
Auckland,DOMINION ROAD,, ,I,DENBIGH AVENUE,201441115,11/08/2014,Mon,835,AC,CN1C,372A 381A ,,R,W,BF,F ,R,G,R,50,0,0,0,,,1755028,5913749
Auckland,DOMINION ROAD,, ,I,DENBIGH AVENUE,201414007,12/06/2014,Thu,1650,LB,CN1S,302A 375A ,,M,D,O ,F ,R,G,C,50,0,0,1,,32,1755022,5913754
Auckland,DOMINION ROAD,, ,I,DENBIGH AVENUE,201443375,29/08/2014,Fri,938,GO,4N1C,179A 381A ,,E,D,B ,F ,R,G,C,50,0,0,0,,,1755017,5913735
Auckland,DOMINION ROAD,, ,I,DENBIGH AVENUE,201437021,24/05/2014,Sat,900,AC,CW2C,159A ,,E,W,O ,L ,R,G,R,50,0,0,0,,,1755015,5913753
Auckland,DOMINION ROAD,, ,I,DENBIGH AVENUE,201435222,28/03/2014,Fri,1346,AO,BN1C,129A ,,R,D,B ,F ,R,G,P,50,0,0,0,,,1755017,5913735
Auckland,DOMINION ROAD,, ,I,DENBIGH AVENUE,201431066,11/02/2014,Tue,1858,GO,CN1C,122A 381A ,,R,D,B ,F ,R,G,C,50,0,0,0,,,1755017,5913735
Auckland,DOMINION ROAD,, ,I,DENBIGH AVENUE,201443879,25/07/2014,Fri,1830,KA,CN1C,302B ,,R,D,OF,F ,R,G,P,50,0,0,0,,,1755029,5913742
Auckland,DOMINION ROAD,, ,I,DENBIGH AVENUE,201438525,09/06/2014,Mon,718,AO,BN1C,671A ,,R,W,DO,  ,R,G,C,50,0,0,0,,,1755017,5913735
Auckland,DOMINION ROAD,, ,I,DENBIGH AVENUE,201445207,26/09/2014,Fri,1000,AO,TN14,381A ,,E,D,B ,F ,R,G,R,50,0,0,0,,,1755017,5913735
Auckland,DOMINION ROAD,, ,I,DENBIGH AVENUE,201437348,22/05/2014,Thu,15,DA,CN1,131A 404A ,KP,M,W,DO,L ,R,G,R,50,0,0,0,,,1755028,5913749
Auckland,DOMINION ROAD,, ,I,DENBIGH AVENUE,201434002,07/04/2014,Mon,1200,GO,TN1C,179A ,,M,D,B ,F ,R,G,C,50,0,0,0,,,1755017,5913735
Auckland,DOMINION ROAD,40,N, ,DEXTER AVENUE,201438849,01/06/2014,Sun,1800,FD,VS1C,181A ,,R,D,DO,F , ,N,C,50,0,0,0,,,1755787,5916481
Auckland,DOMINION ROAD,50,N, ,DEXTER AVENUE,201418304,11/12/2014,Thu,2109,EA,CS1X,129A 359A ,Q,R,D,DO,F , ,N,P,50,0,0,1,,,1755790,5916491
Auckland,DOMINION ROAD,, ,I,DEXTER AVENUE,201412978,16/05/2014,Fri,1856,LB,MS1C,303B ,,R,D,TO,F ,T,N,C,50,0,0,1,,,1755777,5916443
Auckland,DOMINION ROAD,, ,I,DEXTER AVENUE,201445124,10/09/2014,Wed,1835,LB,CS1C,303B ,,R,D,DO,F ,T,S,C,50,0,0,0,,,1755777,5916443
Auckland,DOMINION ROAD,, ,I,DEXTER AVENUE,201432756,25/02/2014,Tue,1915,LB,CS1C,209A 314B 377B ,,R,D,O ,F ,T,S,C,50,0,0,0,,,1755777,5916443
Auckland,DOMINION ROAD,, ,I,DOMINION OFF WBD,201444113,24/09/2014,Wed,1650,FE,VW2V,181A ,,R,D,OF,F ,X,T,L,50,0,0,0,,,1754953,5913508
Auckland,DOMINION ROAD,, ,I,DOMINION OFF WBD,201449618,05/12/2014,Fri,1400,GF,CN2C,122A 386A ,,E,D,B ,F ,X,T,C,50,0,0,0,,,1754953,5913508
Auckland,DOMINION ROAD,200,S, ,DOMINION ON EBD,201450204,16/12/2014,Tue,1100,EA,CS1C,129A ,M,R,D,BF,F , ,N,C,50,0,0,0,,,1754925,5913407
Auckland,DOMINION ROAD,, ,I,DOMINION ON EBD,201442913,27/08/2014,Wed,210,LB,CS1C,322A 517A ,,R,D,DO,F ,X,T,R,50,0,0,0,,,1754979,5913599
Auckland,DOMINION ROAD,40,S, ,DUKE ST,201412414,18/04/2014,Fri,1400,JA,CN1C,101B 308B 412B 929 ,,R,D,B ,F ,D, ,P,50,0,0,1,,,1755317,5914808
Auckland,DOMINION ROAD,40,S, ,DUNBAR ROAD,201412854,12/05/2014,Mon,1643,AA,CS1P,190A 372A ,,R,D,DO,F , , ,P,50,0,0,2,,,1755722,5916256
Auckland,DOMINION ROAD,, ,I,DUNBAR ROAD,201433703,21/03/2014,Fri,2150,GD,CS1C,331A ,,R,D,DO,F ,T,S,C,50,0,0,0,,,1755734,5916294
Auckland,DOMINION ROAD,80,N, ,ELSIE MORTON PLACE,201413421,18/05/2014,Sun,114,EA,CN1C,103A 129A 645A ,M,R,D,DO,M , , ,C,50,0,0,1,,,1774951,5897040
Auckland,DOMINION ROAD,, ,I,ELSIE MORTON PLACE,201444552,22/09/2014,Mon,915,EC,CN1,821 901 903 ,X,M,W,O ,HS,T,G,C,50,0,0,0,,,1774952,5896965
Auckland,DOMINION ROAD,15,N, ,EWINGTON AVENUE,201437168,22/05/2014,Thu,2030,MA,CN1C,373B ,,R,D,DO,F , ,N,C,50,0,0,0,,,1755997,5917231
Auckland,DOMINION ROAD,20,N, ,EWINGTON AVENUE,201433355,28/03/2014,Fri,1545,FD,CS1X,102A 181A ,,R,D,BF,F , ,N,P,50,0,0,0,,,1755999,5917236
Auckland,DOMINION ROAD,, ,I,EWINGTON AVENUE,201413092,30/05/2014,Fri,1730,LB,SS1C,303B 375B ,,R,D,TF,F ,T,S,C,50,0,0,1,,31,1755993,5917217
Auckland,DOMINION ROAD,100,S, ,GEORGE ST,201414495,11/06/2014,Wed,1613,LB,PS1C,303B 377B 927 ,,R,D,BF,F ,D,N,C,50,0,0,1,,,1756144,5917756
Auckland,DOMINION ROAD,, ,I,GEORGE ST,201432058,02/01/2014,Thu,1130,LB,CN1C,303B 330B ,,R,D,B ,F ,T,G,C,50,0,0,0,,,1756171,5917852
Auckland,DOMINION ROAD,100,N, ,GLENVEAGH DRIVE,201441100,20/08/2014,Wed,1850,EA,CN1C,129A ,M,R,D,BF,F , ,N,C,50,0,0,0,,,1754637,5911808
Auckland,DOMINION ROAD,, ,I,GLENVEAGH DRIVE,201417875,01/12/2014,Mon,1510,GD,CS1C,181A 331A ,,R,D,O ,F ,T,S,C,50,0,0,1,,,1754631,5911709
Auckland,DOMINION ROAD,20,N, ,HAIG AVENUE,201430609,03/02/2014,Mon,1225,AC,TN1C,381A ,,R,D,B ,F , ,N,C,50,0,0,0,,,1755346,5914913
Auckland,DOMINION ROAD,20,N, ,HALESOWEN AVENUE,201410589,22/01/2014,Wed,400,CC,CS1,101A 410A ,H,R,D,DO,F , ,N,P,50,0,0,1,,,1755543,5915613
Auckland,DOMINION ROAD,, ,I,HALESOWEN AVENUE,201433571,23/03/2014,Sun,2017,GD,CS1C,103A 333A ,,R,D,DO,F ,T,S,C,50,0,0,0,,,1755537,5915594
Auckland,DOMINION ROAD,25,S, ,HAZEL AVENUE,201438585,09/06/2014,Mon,1530,FD,CS1C,181A 331A 801 ,,R,W,O ,L , , ,C,50,0,0,0,,,1755394,5915079
Auckland,DOMINION ROAD,, ,I,HERBERT ROAD,201415037,28/07/2014,Mon,1745,NA,CS1E,713B ,,R,D,B ,F ,T,N,C,50,0,0,1,30,,1755854,5916724
Auckland,DOMINION ROAD,20,N, ,KEYSTONE AVENUE,201449640,24/12/2014,Wed,1625,EA,BS1C,129A ,M,R,D,B ,F , , ,C,50,0,0,0,,,1755229,5914488
Auckland,DOMINION ROAD,15,S, ,KEYSTONE AVENUE,201431863,18/02/2014,Tue,1720,FD,CS1CC,181A 359A ,,R,D,BF,F , ,N,R,50,0,0,0,,,1755219,5914454
Auckland,DOMINION ROAD,, ,I,KEYSTONE AVENUE,201434560,10/04/2014,Thu,1232,LB,CS1C,303B 375B ,,R,W,OF,H ,T,G,C,50,0,0,0,,,1755223,5914469
Auckland,DOMINION ROAD,100,N, ,KING EDWARD ST,201433324,26/03/2014,Wed,1345,AA,TN1C,381A ,,R,D,BF,F , ,N,C,50,0,0,0,,,1755951,5917073
Auckland,DOMINION ROAD,15,S, ,KINGS ROAD,201440651,19/07/2014,Sat,504,CB,CS1,410A ,P,R,D,DO,F , , ,C,50,0,0,0,,,1755377,5915018
Auckland,DOMINION ROAD,20,S, ,LAMBETH ROAD,201411914,25/03/2014,Tue,745,FD,CN1C,181A ,,R,D,BF,F , ,N,C,50,0,0,2,,,1755451,5915280
Auckland,DOMINION ROAD,10,N, ,LANDSCAPE ROAD,201445079,12/10/2014,Sun,100,CB,CS1,101A 129A ,S,R,W,DO,F ,T,N,P,50,0,0,0,,,1755438,5915237
Auckland,DOMINION ROAD,20,N, ,LISNOE AVENUE,201437020,08/04/2014,Tue,750,LB,CN1C,303B 377B 927 ,,R,D,O ,F ,D,N,C,50,0,0,0,,,1756150,5917777
Auckland,DOMINION ROAD,20,S, ,LISNOE AVENUE,201443842,26/08/2014,Tue,1535,FD,VN1C,181A ,,R,D,BF,F , ,N,P,50,0,0,0,,,1756139,5917739
Auckland,DOMINION ROAD,, ,I,LISNOE AVENUE,201448479,26/11/2014,Wed,1725,FD,CN1C,352A ,Q,R,D,OF,F ,T,N,C,50,0,0,0,,,1756145,5917758
Auckland,DOMINION ROAD,, ,I,LOUVAIN AVENUE,201413682,14/05/2014,Wed,1325,KA,SN1V,209A 302B 375B 801 ,,E,W,O ,L ,T,G,C,50,0,0,1,,52,1755283,5914678
Auckland,DOMINION ROAD,15,N, ,MARSDEN AVENUE,201442589,26/08/2014,Tue,1840,FE,CS1CCC,181A 181C 181D ,,R,D,DO,F , ,T,C,50,0,0,0,,,1755577,5915734
Auckland,DOMINION ROAD,20,N, ,MARSDEN AVENUE,201443080,04/09/2014,Thu,900,FD,CS1C,181A 331A ,,R,D,O ,F , , ,C,50,0,0,0,,,1755578,5915739
Auckland,DOMINION ROAD,15,S, ,MARSDEN AVENUE,201412976,14/05/2014,Wed,1845,FD,CN1C,181A ,,R,W,DO,L , , ,P,50,0,0,1,,,1755569,5915705
Auckland,DOMINION ROAD,, ,I,MARSDEN AVENUE,201438831,11/07/2014,Fri,1915,FE,CN1C,181A ,,R,W,DO,H ,T,T,C,50,0,0,0,,,1755573,5915719
Auckland,DOMINION ROAD,20,S, ,MARYDALE DRIVE,201430747,11/01/2014,Sat,1,EA,CS1C,129A ,M,R,D,DO,F , ,N,C,50,0,0,0,,,1754519,5912071
Auckland,DOMINION ROAD,50,S, ,MEMORIAL AVENUE,201411529,02/03/2014,Sun,620,EA,CS1C,129A ,M,R,D,OF,F , ,N,C,50,0,0,1,,,1755106,5914055