TLANAME,CRASHROAD,CRASHDIST,CRASHDIRN,INTSN,SIDEROAD,CRASHID,CRASHDATE,CRASHDOW,CRASHTIME,MVMT,VEHICLES,CAUSES,OBJECTSSTRUCK,ROADCURVE,ROADWET,LIGHT,WTHRa,JUNCTYPE,TRAFCTRL,ROADMARK,SPDLIM,CRASHFATALCNT,CRASHSEVCNT,CRASHMINCNT,PERSAGE1,PERSAGE2,EASTING,NORTHING
Auckland,DOMINION ROAD,, ,I,MEMORIAL AVENUE,201414513,09/06/2014,Mon,1729,CA,MN1B,137A 191A 209A 901 ,,R,W,DO,H ,X,G,P,50,0,0,1,,,1755120,5914103
Auckland,DOMINION ROAD,, ,I,MEMORIAL AVENUE,201414469,25/05/2014,Sun,1430,BB,CE24,129A 357A ,,R,D,BF,F ,X,S,C,50,0,2,0,,,1755120,5914103
Auckland,DOMINION ROAD,, ,I,MEMORIAL AVENUE,201415792,01/10/2014,Wed,1700,LB,SN14,209A 303B 377B ,,R,D,BF,F ,X,T,C,50,0,1,0,,29,1755120,5914103
Auckland,DOMINION ROAD,, ,I,MILTON ROAD,201413488,04/06/2014,Wed,1840,LB,PS1CC,303B 377B ,,R,D,DO,F ,T,S,C,50,0,0,1,,,1755891,5916856
Auckland,DOMINION ROAD,10,S, ,MONT LE GRAND ROAD,201412967,30/05/2014,Fri,858,LB,CN1M,209A 303B 927 ,,R,W,O ,F ,D,N,C,50,0,1,0,,,1755824,5916616
Auckland,DOMINION ROAD,30,S, ,MONT LE GRAND ROAD,201444732,01/09/2014,Mon,1900,FD,CW1C,181A ,,R,W,TO,L , ,N,L,50,0,0,0,,,1755819,5916597
Auckland,DOMINION ROAD,, ,I,MONT LE GRAND ROAD,201412021,22/03/2014,Sat,2105,LB,CS1C,101A 112A 514A 303B 375B ,,R,D,DO,F ,T,G,C,50,0,2,1,,,1755827,5916625
Auckland,DOMINION ROAD,15,N, ,MOUNT ALBERT ROAD,201432035,05/02/2014,Wed,720,FE,CS1C,331A ,,R,D,B ,F ,X,T,C,50,0,0,0,,,1755177,5914305
Auckland,DOMINION ROAD,50,S, ,MOUNT ALBERT ROAD,201436251,30/04/2014,Wed,852,AA,CN1T,159A ,,R,D,O ,F , , ,P,50,0,0,0,,,1755159,5914243
Auckland,DOMINION ROAD,90,S, ,MOUNT ALBERT ROAD,201436856,26/05/2014,Mon,915,GB,VN1C,158A 209A 333A 929 ,,R,D,B ,F ,D, ,C,50,0,0,0,,,1755148,5914204
Auckland,DOMINION ROAD,, ,I,MOUNT ALBERT ROAD,201442506,28/08/2014,Thu,800,FE,CN1C,181A ,,R,D,BF,F ,X,T,C,50,0,0,0,,,1755173,5914291
Auckland,DOMINION ROAD,, ,I,MOUNT ALBERT ROAD,201433763,10/02/2014,Mon,1100,FE,CN1C,181A ,,R,D,B ,F ,X,T,C,50,0,0,0,,,1755173,5914291
Auckland,DOMINION ROAD,, ,I,MOUNT ALBERT ROAD,201435154,28/04/2014,Mon,1100,FE,CN1C,181A ,,R,D,B ,F ,X,T,C,70,0,0,0,,,1755173,5914291
Auckland,DOMINION ROAD,20,S, ,MOUNT PLEASANT ROAD,201449694,23/12/2014,Tue,1721,FD,CS1VC,331A 352A ,,R,D,B ,F , , ,C,50,0,0,0,,,1755799,5916523
Auckland,DOMINION ROAD,, ,I,MOUNT PLEASANT ROAD,201439635,17/06/2014,Tue,1907,FD,CS1CC,181A 181B ,,R,W,DO,F ,T,G,C,50,0,0,0,,,1755804,5916542
Auckland,DOMINION ROAD,10,N, ,PRESIDENT AVENUE,201449738,06/01/2014,Mon,855,CC,CS1,112A ,FK,R,D,B ,F ,T,N,C,50,0,0,0,,,1774896,5896851
Auckland,DOMINION ROAD,20,S, ,PRESIDENT AVENUE,201442541,28/07/2014,Mon,535,EA,VN1V,358A ,M,R,W,DO,F , ,N,C,50,0,0,0,,,1774890,5896822
Auckland,DOMINION ROAD,20,N, ,PRINCES AVENUE,201442018,03/08/2014,Sun,1105,JA,CN1C,308B 377B 839 929 ,,R,W,OF,H ,D,N,C,50,0,0,0,,,1755360,5914960
Auckland,DOMINION ROAD,, ,I,PROSPECT TERRACE,201415159,18/08/2014,Mon,1748,LB,CS1C,209A 314B 377B ,IS,R,D,B ,F ,T,S,R,50,0,0,1,,,1755957,5917092
Auckland,DOMINION ROAD,, ,I,QUEENS AVENUE,201433606,17/03/2014,Mon,1345,FE,CN1CC,112A 331A 358A ,,R,D,B ,F ,T,T,C,50,0,0,0,,,1755633,5915937
Auckland,DOMINION ROAD,20,N, ,RICHARDSON ROAD,201431254,21/02/2014,Fri,140,CB,CS1,414A ,FJP,R,D,DO,F ,R,G,C,50,0,0,0,,,1754669,5912561
Auckland,DOMINION ROAD,140,N, ,RICHARDSON ROAD,201438344,20/05/2014,Tue,250,DA,CS1,358A ,P,E,D,DO,F , , ,C,50,0,0,0,,,1754720,5912670
Auckland,DOMINION ROAD,, ,I,RICHARDSON ROAD,201444138,28/09/2014,Sun,1600,FB,CS14,181A ,,R,D,OF,F ,R,G,C,50,0,0,0,,,1754663,5912548
Auckland,DOMINION ROAD,, ,I,RICHARDSON ROAD,201438347,28/05/2014,Wed,1940,KA,CN1C,302B ,,E,D,DN,F ,R,G,C,50,0,0,0,,,1754662,5912527
Auckland,DOMINION ROAD,, ,I,ROCKLANDS AVENUE,201437171,26/05/2014,Mon,1800,LB,MS1C,303B 314B 353B ,,R,D,DO,F ,T,G,C,50,0,0,0,,,1755675,5916087
Auckland,DOMINION ROAD,, ,I,ROCKLANDS AVENUE,201436698,02/05/2014,Fri,1450,EA,CN1C,129A 386A ,M,R,D,B ,F ,T,N,C,50,0,0,0,,,1755675,5916087
Auckland,DOMINION ROAD,20,S, ,SHACKLETON ROAD,201447521,24/10/2014,Fri,2000,EA,CS1C,129A ,MK,R,D,DO,F , , ,C,50,0,0,0,,,1755493,5915433
Auckland,DOMINION ROAD,, ,I,SHACKLETON ROAD,201446465,29/10/2014,Wed,1820,JA,CS1C,301B 375B ,,R,D,OF,F ,T,S,P,50,0,0,0,,,1755499,5915452
Auckland,DOMINION ROAD,20,N, ,ST ALBANS AVENUE,201411530,06/03/2014,Thu,120,EA,CS1C,103A 129A ,Q,R,D,DO,F , ,N,C,50,0,0,2,,,1755850,5916713
Auckland,DOMINION ROAD,, ,I,ST ALBANS AVENUE,201440464,25/07/2014,Fri,2053,KA,CN1C,301B 375B ,,R,D,DO,F ,T,S,C,70,0,0,0,,,1755845,5916693
Auckland,DOMINION ROAD,20,N, ,TAWARI ST,201431271,22/02/2014,Sat,1500,EA,CN1C,129A ,M,R,D,BF,F , ,N,C,50,0,0,0,,,1756204,5917970
Auckland,DOMINION ROAD,100,N, ,TELFORD AVENUE,201437880,10/06/2014,Tue,900,AO,CN1C,350A 386A ,,R,D,B ,F , ,N,C,50,0,0,0,,,1755603,5915826
Auckland,DOMINION ROAD,15,N, ,VALLEY ROAD,201446569,07/10/2014,Tue,740,MA,VN1B,373B ,,R,D,O ,F , , ,N,50,0,0,0,,,1756063,5917467
Auckland,DOMINION ROAD,80,N, ,VALLEY ROAD,201442665,08/07/2014,Tue,1518,MA,CS1C,373B ,,R,D,ON,FS, ,N,L,50,0,0,0,,,1756080,5917529
Auckland,DOMINION ROAD,100,N, ,VALLEY ROAD,201414598,10/07/2014,Thu,1541,NA,CN1E,711B 712B ,,R,D,O ,F , , ,C,50,0,1,0,26,,1756085,5917549
Auckland,DOMINION ROAD,, ,I,VALLEY ROAD,201413526,18/06/2014,Wed,1245,HA,SE24,322B ,,R,D,O ,F ,X,T,C,50,0,0,1,,34,1756059,5917452
Auckland,DOMINION ROAD,, ,I,VALLEY ROAD,201441413,17/07/2014,Thu,1123,BC,TS1C,122A 330A ,,R,D,B ,F ,X,T,C,50,0,0,0,,,1756059,5917452
Auckland,DOMINION ROAD,10,N, ,VIEW ROAD,201415624,07/09/2014,Sun,1955,NA,CS1E,722B 727B ,,R,D,DO,F ,T,T,C,50,0,0,1,7,,1756182,5917891
Auckland,DOMINION ROAD,, ,I,VIEW ROAD,201437292,04/06/2014,Wed,1715,FE,4S1X,181A ,,R,D,BF,F ,T,T,L,50,0,0,0,,,1756179,5917881
Auckland,DOMINION ROAD,, ,I,VIEW ROAD,201443485,15/09/2014,Mon,930,LB,BN1C,303B 375B ,,R,D,O ,F ,X,T,C,50,0,0,0,,,1756179,5917881
Auckland,DOMINION ROAD,15,N, ,WALTERS ROAD,201440654,06/07/2014,Sun,105,MC,CS1C,350B 377B ,,R,D,DO,F , , ,C,50,0,0,0,,,1756063,5917467
Auckland,DOMINION ROAD,70,N, ,WALTERS ROAD,201437714,03/06/2014,Tue,1600,MO,CN1C,371A ,M,R,D,B ,F , , ,C,50,0,0,0,,,1756077,5917520
Auckland,DOMINION ROAD,100,S, ,WALTERS ROAD,201442583,29/08/2014,Fri,2130,MA,CS1C,373B ,,R,D,DO,F , ,N,C,50,0,0,0,,,1756032,5917356
Auckland,DOMINION ROAD,15,S, ,WIREMU ST,201433705,03/04/2014,Thu,2310,MG,CN1C,371B ,,R,W,DO,L , , ,P,50,0,0,0,,,1755685,5916123
Auckland,DOMINION ROAD,, ,I,YOUTH ST,201430480,25/01/2014,Sat,940,FA,CN1C,181A ,,R,D,O ,F ,T,N,C,50,0,0,0,,,1754874,5913225
Auckland,DOMINION ST,100,W, ,TAHAROTO ROAD,201443873,24/08/2014,Sun,50,EA,CE1C,129A ,M,R,D,DO,F , ,N,C,50,0,0,0,,,1757057,5926979
Auckland,DON BUCK ROAD,100,N, ,ALDERN ROAD,201411162,04/04/2014,Fri,1534,FC,CS1C,331A 352A ,,R,D,B ,F , ,P,X,50,0,0,1,,,1743537,5920460
Auckland,DON BUCK ROAD,200,S, ,ALDERN ROAD,201417222,01/11/2014,Sat,1950,DB,CN1,103A 111A 131A ,CKS,M,D,TN,F , , ,C,50,0,0,1,,,1743617,5920203
Auckland,DON BUCK ROAD,, ,I,FRED TAYLOR DRIVE,201447797,15/11/2014,Sat,1405,AA,4N1C,177A 372A ,,M,D,O ,F ,R,G,C,50,0,0,0,,,1743334,5923695
Auckland,DON BUCK ROAD,60,N, ,GALLONY AVENUE,201447096,18/10/2014,Sat,1059,CB,VS1,129A 130A 330A ,HIS,R,D,BF,F , ,N,R,50,0,0,0,,,1742895,5921434
Auckland,DON BUCK ROAD,70,W, ,GALLONY AVENUE,201418599,01/11/2014,Sat,45,DB,CN1,102A 111A 524A ,CF,M,D,DO,F , ,N,R,50,0,0,1,,,1742888,5921440
Auckland,DON BUCK ROAD,, ,I,GALLONY AVENUE,201431719,03/01/2014,Fri,1300,LB,CE1C,303B ,,R,D,B ,F ,T,S,C,50,0,0,0,,,1742941,5921394
Auckland,DON BUCK ROAD,200,N, ,GLEN ROAD,201411024,04/02/2014,Tue,730,FA,TN1C,111A 331A ,,M,D,O ,F , , ,C,50,0,0,1,,,1743523,5919774
Auckland,DON BUCK ROAD,, ,I,GLEN ROAD,201439518,09/06/2014,Mon,611,JA,CN1C,602A 302B ,,R,D,DO,F ,T,G,C,50,0,0,0,,,1743489,5919588
Auckland,DON BUCK ROAD,, ,I,GLEN ROAD,201436335,22/03/2014,Sat,340,DA,CN1,111A 131A ,FP,E,D,DO,F ,T,G,C,50,0,0,0,,,1743489,5919588
Auckland,DON BUCK ROAD,, ,I,GLEN ROAD,201442413,06/08/2014,Wed,1140,JA,CN1C,302B 387B ,,E,W,OF,L ,T,G,R,50,0,0,0,,,1743489,5919588
Auckland,DON BUCK ROAD,100,N, ,RED HILLS ROAD,201437383,16/04/2014,Wed,1707,MC,CN1C,372B ,,R,W,DO,L , ,N,C,50,0,0,0,,,1742863,5922142
Auckland,DON BUCK ROAD,, ,I,RED HILLS ROAD,201431890,22/02/2014,Sat,1125,AO,TS1C,381A ,,R,W,OF,L ,R,G,C,50,0,0,0,,,1742810,5922057
Auckland,DON BUCK ROAD,, ,I,RED HILLS ROAD,201445104,02/10/2014,Thu,2022,CA,CN1C,103A 130A 801 ,I,R,W,DO,L ,R,G,R,50,0,0,0,,,1742813,5922043
Auckland,DON BUCK ROAD,, ,I,RED HILLS ROAD,201446008,11/10/2014,Sat,1920,FB,4N14,103A 331A ,,M,D,TO,F ,R,G,R,50,0,0,0,,,1742812,5922061
Auckland,DON BUCK ROAD,, ,I,RED HILLS ROAD,201444655,20/09/2014,Sat,2300,CC,CS1,103A 402A ,I,R,W,DO,H ,R,G,R,50,0,0,0,,,1742813,5922043
Auckland,DON BUCK ROAD,, ,I,RED HILLS ROAD,201446009,10/10/2014,Fri,2043,LB,CS1C,302A 387A ,,M,D,DO,F ,R,G,R,50,0,0,0,,,1742810,5922057
Auckland,DON BUCK ROAD,, ,I,ROYAL ROAD,201431566,24/01/2014,Fri,1640,AA,CS1T,372A ,,E,D,B ,F ,R,G,C,50,0,0,0,,,1743192,5922656
Auckland,DON BUCK ROAD,, ,I,ROYAL ROAD,201449142,02/12/2014,Tue,810,HA,CS1C,302A 358A 375A ,,E,D,BF,F ,R,G,R,50,0,0,0,,,1743194,5922646
Auckland,DON BUCK ROAD,30,N, ,RUSH CREEK DRIVE,201438341,05/06/2014,Thu,1720,FD,VS1C,181A 331A ,,R,D,TO,F , , ,P,50,0,0,0,,,1743378,5923276
Auckland,DON BUCK ROAD,, ,I,SWANSON ROAD,201418547,30/11/2014,Sun,1845,DB,VE2V,504A ,M,M,D,OF,F ,R,G,P,50,0,0,1,,,1743668,5919381
Auckland,DON BUCK ROAD,, ,I,SWANSON ROAD,201437084,02/06/2014,Mon,1400,AC,CE1CC,111A 131A 514A 517A ,Q,S,D,O ,L ,R,G,P,50,0,0,0,,,1743681,5919384
Auckland,DON BUCK ROAD,150,N, ,TRIANGLE ROAD,201434184,09/04/2014,Wed,835,FA,CN1C,331A 350A ,,R,D,B ,F , , ,C,50,0,0,0,,,1743065,5922457
Auckland,DON BUCK ROAD,180,N, ,TRIANGLE ROAD,201434717,12/04/2014,Sat,220,MC,CN1C,372B ,,R,W,DO,F , ,N,P,50,0,0,0,,,1743081,5922482
Auckland,DON BUCK ROAD,250,N, ,TRIANGLE ROAD,201447545,30/09/2014,Tue,1110,CB,CS1,129A 130A 402A ,F,R,D,B ,F , , ,R,50,0,0,0,,,1743118,5922541
Auckland,DON BUCK ROAD,30,S, ,TRIANGLE ROAD,201441347,09/05/2014,Fri,1130,KA,CS1C,111B 308B 330B 922 ,,E,D,B ,F ,D, ,C,50,0,0,0,,,1742958,5922290
Auckland,DON BUCK ROAD,, ,I,TRIANGLE ROAD,201414332,29/06/2014,Sun,932,LB,CS1S,302A 375A ,,R,D,B ,F ,R,G,R,50,0,0,1,,56,1742979,5922312
Auckland,DON BUCK ROAD,100,N, ,UNIVERSAL DRIVE,201442188,15/08/2014,Fri,715,JA,CS1C,308B 924 ,,R,D,O ,F ,D,N,C,50,0,0,0,,,1743604,5919458
Auckland,DON BUCK ROAD,, ,I,UNIVERSAL DRIVE,201447578,30/10/2014,Thu,820,GF,BS1C,381A ,,R,D,O ,F ,R,G,C,50,0,0,0,,,1743670,5919383
Auckland,DON BUCK ROAD,, ,I,WESTGATE DRIVE,201442020,04/08/2014,Mon,1050,LB,CS1C,302A 375A ,,E,D,BF,F ,R,G,R,50,0,0,0,,,1743370,5923420
Auckland,DON MCKINNON DRIVE,160,S, ,CIVIC CRESCENT,201417787,09/09/2014,Tue,1730,NB,CS1E,376A 925 ,,E,D,B ,F ,D,N,C,30,0,0,1,47,,1752246,5934039
Auckland,DON MCKINNON DRIVE,, ,I,CIVIC CRESCENT,201432678,13/03/2014,Thu,1801,HA,4W1C,302A 375A ,,M,D,B ,F ,R,G,C,50,0,0,0,,,1752352,5934226
Auckland,DON MCKINNON DRIVE,, ,I,CIVIC CRESCENT,201443242,26/08/2014,Tue,949,HA,4S1C,302A 370A ,,M,D,B ,F ,R,G,R,50,0,0,0,,,1752873,5934236
Auckland,DON MCKINNON DRIVE,15,S, ,COLISEUM DRIVE,201436274,15/05/2014,Thu,1218,AO,4S1C,184A 184B ,,R,D,O ,F ,R,G,C,50,0,0,0,,,1752255,5933790
Auckland,DON MCKINNON DRIVE,150,S, ,COLISEUM DRIVE,201433990,12/04/2014,Sat,1125,MO,CS1C,371A 926 ,,R,D,B ,F ,D,N,N,50,0,0,0,,,1752258,5933792
Auckland,DON MCKINNON DRIVE,50,N, ,CORINTHIAN DRIVE,201448639,27/11/2014,Thu,1412,ED,CS1T,330A 386A 817 ,M,R,D,B ,F , , ,C,50,0,0,0,,,1752726,5933673
Auckland,DON MCKINNON DRIVE,, ,I,MCCLYMONTS ROAD,201433993,11/04/2014,Fri,2006,FB,CS1C,101A 387A ,,R,D,DO,F ,R,G,C,50,0,0,0,,,1752869,5934239
Auckland,DON MCKINNON DRIVE,, ,I,MCCLYMONTS ROAD,201446029,16/10/2014,Thu,1150,KB,CS1P,302A 375A ,,E,D,O ,F ,R,G,C,50,0,0,0,,,1752873,5934236
Auckland,DON MCKINNON DRIVE,, ,I,MERCARI WAY,201447816,07/11/2014,Fri,1842,HA,CE1C,302A 375A ,,E,D,OF,F ,R,G,C,50,0,0,0,,,1752554,5933604
Auckland,DON MCKINNON DRIVE,, ,I,MERCARI WAY,201431660,15/01/2014,Wed,1130,MG,CN1C,371B ,,R,D,B ,F ,R,G,R,50,0,0,0,,,1752571,5933587
Auckland,DON MCKINNON DRIVE,, ,I,MERCARI WAY,201434738,19/04/2014,Sat,1056,HA,CN2B,302A 375A ,,E,D,BF,F ,R,G,C,50,0,0,0,,,1752571,5933587
Auckland,DON MCKINNON DRIVE,, ,I,MERCARI WAY,201449123,29/11/2014,Sat,1135,KA,CN1C,302B 375B ,,M,D,OF,F ,R,G,R,50,0,0,0,,,1752571,5933621
Auckland,DON MCKINNON DRIVE,, ,I,MERCARI WAY,201440776,26/07/2014,Sat,1345,HA,CW1C,302A ,,E,D,B ,F ,R,G,R,50,0,0,0,,,1752554,5933604
Auckland,DON MCKINNON DRIVE,, ,I,MUNROE LANE,201436542,20/05/2014,Tue,1618,GC,CW1C,171B 372B 402B ,,R,D,O ,F ,R,G,C,50,0,0,0,,,1752572,5934362
Auckland,DONALD BRUCE ROAD,500,S, ,CAUSEWAY ROAD,201437902,14/05/2014,Wed,1515,MA,VS1C,373B 402B ,,R,D,OF,F , ,P,C,50,0,0,0,,,1780987,5925404
Auckland,DONALD MCLEAN ROAD,100,N, ,WHATIPU ROAD,201442370,14/08/2014,Thu,1641,DA,CN1,111A 138A ,PT,E,W,O ,LS, ,N,N,80,0,0,0,,,1736925,5901715
Auckland,DONOVAN ST,50,E, ,BLOCKHOUSE BAY ROAD,201433321,10/03/2014,Mon,1700,FC,CW1C,181A ,,R, , F,  , ,N,X,50,0,0,0,,,1751611,5912363
Auckland,DONOVAN ST,150,E, ,BLOCKHOUSE BAY ROAD,201415786,12/09/2014,Fri,840,LB,ME1C,303B 377B 929 ,,R,W,OF,L ,D,N,C,50,0,0,1,,,1751709,5912381
Auckland,DONOVAN ST,5,E, ,FRANCIS CURTIS AVENUE,201412358,07/04/2014,Mon,1543,FD,CW1VC,181A 331A 351A ,,R,D,B ,F ,T,G,P,50,0,0,2,,,1752243,5912424
Auckland,DONOVAN ST,20,E, ,MCFADZEAN DRIVE,201436211,16/04/2014,Wed,14,FA,CW1C,357A 512A ,,E,D,DO,F ,T,N,C,50,0,0,0,,,1752394,5912400
Auckland,DONOVAN ST,, ,I,MCFADZEAN DRIVE,201410696,27/02/2014,Thu,735,KA,ME1C,302B ,,R,D,B ,F ,T,G,C,50,0,0,1,,,1752374,5912403
Auckland,DONOVAN ST,, ,I,RATHLIN ST,201413115,16/04/2014,Wed,753,LB,PE1C,303B 314B 370B ,,R,D,B ,F ,T,G,C,50,0,0,1,,,1751946,5912426
Auckland,DOONE PLACE,70,W, ,TRIANGLE ROAD,201430484,20/01/2014,Mon,837,MO,CE1C,371A ,M,R,D,B ,F , ,N,N,50,0,0,0,,,1744622,5921316
Auckland,DORA ST,20,E, ,RAILSIDE AVENUE,201430135,03/02/2014,Mon,2031,FA,VW1C,387A 410A 512A ,,R,D,TO,F , ,N,P,50,0,0,0,,,1745399,5916800
Auckland,DORA ST,, ,I,RAILSIDE AVENUE,201434012,12/04/2014,Sat,950,JC,CW1C,302A 375A ,,R,D,B ,F ,T,G,C,50,0,0,0,,,1745379,5916799
Auckland,DOUGLAS ST,100,W, ,PONSONBY ROAD,201450588,10/04/2014,Thu,1,EA,CE1CC,103A 112A 130A ,M,R,D,DN,F , , ,N,50,0,0,0,,,1755578,5919746
Auckland,DOVER PLACE,50,W, ,WAIATARUA ROAD,201444869,09/11/2014,Sun,2325,QO,CW1CVC,420A ,MM,E,D,DO,F , ,N,N,50,0,0,0,,,1762141,5917631
Auckland,DOWNING ST,100,S, ,BENTLEY AVENUE,201440249,08/07/2014,Tue,1040,GA,VS1C,181A 197A 331A 801 929 ,,E,W,O ,L ,D, ,C,50,0,0,0,,,1753950,5927755
Auckland,DOWNING ST,25,W, ,BENTLEY AVENUE,201448375,24/12/2014,Wed,1645,FD,CE1C,181A ,,E,D,B ,F ,T,S,C,50,0,0,0,,,1753999,5927811
Auckland,DOWNING ST,190,W, ,BENTLEY AVENUE,201443152,18/06/2014,Wed,1310,MO,CW1C,371A ,,R,D,O ,F , , ,C,50,0,0,0,,,1753861,5927760
Auckland,DOWNING ST,10,E, ,GLENFIELD ROAD,201449427,22/12/2014,Mon,1420,MO,CW1C,371B ,,R,D,B ,F ,T,T,C,50,0,0,0,,,1753616,5927762
Auckland,DOWNING ST,200,E, ,GLENFIELD ROAD,201447087,05/09/2014,Fri,1140,CB,CE1B,358A ,M,R,D,BF,F , ,N,C,50,0,0,0,,,1753800,5927773
Auckland,DRUCES ROAD,40,S, ,EARL RICHARDSON AVENUE,201436870,18/04/2014,Fri,1232,EA,CN1C,130A 354A ,M,R,D,B ,F , , ,N,50,0,0,0,,,1767201,5903233
Auckland,DRUCES ROAD,5,N, ,KERRS ROAD,201447968,22/08/2014,Fri,1835,FB,CS1C,331A 350A ,,R,D,DO,F ,X,G,R,50,0,0,0,,,1767316,5902959
Auckland,DRUCES ROAD,10,N, ,KERRS ROAD,201435826,14/05/2014,Wed,1640,FD,CS1C,181A ,,R,W,DO,L ,X,G,C,60,0,0,0,,,1767314,5902964
Auckland,DRUCES ROAD,15,N, ,KERRS ROAD,201445468,23/09/2014,Tue,1725,FD,CS1CCC,112A 181A 331A ,,R,D,B ,F ,T,G,R,60,0,0,0,,,1767312,5902968
Auckland,DRUCES ROAD,, ,I,KERRS ROAD,201415626,11/09/2014,Thu,1600,FB,CS1C,181A 330A ,,R,D,B ,F ,X,G,C,50,0,0,1,,,1767318,5902955
Auckland,DRUCES ROAD,, ,I,KERRS ROAD,201433672,17/04/2014,Thu,945,FB,4S1C,181A 331A ,,R,W, N,H ,X,G,C,50,0,0,0,,,1767318,5902955
Auckland,DRUCES ROAD,25,N, ,TREVOR HOSKEN DRIVE,201432712,24/02/2014,Mon,1812,BE,CS1C,112A 130A 205A 350A 197B ,,R,D,O ,F , , ,R,50,0,0,0,,,1767077,5903538
Auckland,DRUCES ROAD,, ,I,TREVOR HOSKEN DRIVE,201416089,29/07/2014,Tue,1945,NE,CS1E,713B ,,M,D,DO,F ,T,N,N,50,0,1,0,20,,1767086,5903515
Auckland,DRUCES ROAD,, ,I,TREVOR HOSKEN DRIVE,201442735,03/09/2014,Wed,530,KB,CN1C,302B 375B ,,R,W,DO,L ,T,G,R,60,0,0,0,,,1767086,5903515
Auckland,DRUCES ROAD,, ,I,TREVOR HOSKEN DRIVE,201417814,07/11/2014,Fri,743,GB,SS1C,175B 381B ,,M,D,B ,F ,T,G,R,50,0,0,1,,53,1767086,5903515
Auckland,DRUCES ROAD,5,S, ,WIRI STATION ROAD,201445208,22/09/2014,Mon,1840,FE,CN1C,331A 387A ,,R,D,DO,F ,X,T,C,50,0,0,0,,,1766971,5903712
Auckland,DRUCES ROAD,400,S, ,WIRI STATION ROAD,201436862,30/05/2014,Fri,1830,MO,TN1C,129A 386A 927 ,M,R,D,DO,F ,D, ,N,50,0,0,0,,,1767148,5903363
Auckland,DRUCES ROAD,, ,I,WIRI STATION ROAD,201449910,02/12/2014,Tue,800,FB,CN1C,181A 331A ,,E,D,TF,F ,T,G,N,60,0,0,0,,,1766967,5903715
Auckland,DRURY HILLS ROAD,200,N, ,MACWHINNEY DRIVE,201436281,05/05/2014,Mon,755,CC,CS1,195A ,CF,R,W,O ,F , , ,C,80,0,0,0,,,1775783,5890371
Auckland,DRURY OFF SBD,20,N, ,SH 22,201430947,03/02/2014,Mon,743,FE,CS1C,181A ,T,R,D,BF,F , ,T,C,100,0,0,0,,,1773023,5891488
Auckland,DRURY OFF SBD,20,N, ,SH 22,201450277,19/12/2014,Fri,715,CC,CS1V,112A 130A ,,R,D,BF,F ,X,T,R,70,0,0,0,,,1773023,5891488
Auckland,DRYDEN ST,, ,I,FIRTH ROAD,201448465,14/11/2014,Fri,450,DC,CE2,130A 517A ,S,R,D,DO,F ,T,G,C,50,0,0,0,,,1754864,5919055
Auckland,DRYDEN ST,70,S, ,TUTANEKAI ST,201440601,16/07/2014,Wed,320,EA,CN1C,129A 645A ,M,R,W,DO,F , , ,C,50,0,0,0,,,1754810,5919492
Auckland,DUCK CREEK ROAD,500,E, ,COASTAL HEIGHTS,201450531,22/12/2014,Mon,110,DA,CE1,103A 111A 131A ,T,M,D,DN,F , , ,C,80,0,0,0,,,1753525,5944298
Auckland,DUCK CREEK ROAD,1500,E, ,NEWMAN ROAD,201445355,12/09/2014,Fri,2016,DA,CE1,131A 363A ,V,S,W,DN,L , , ,L,80,0,0,0,,,1751824,5944542
Auckland,DUDDING AVENUE,190,S, ,EXMOUTH ROAD,201449160,26/11/2014,Wed,2300,EA,CS1C,129A ,M,M,D,DO,F , ,N,N,50,0,0,0,,,1755735,5925353
Auckland,DUGGAN AVENUE,50,N, ,WAYNE DRIVE,201417571,07/11/2014,Fri,1720,BF,MS1C,111A 131A ,,E,D,BF,F , ,N,C,50,0,0,1,,,1760920,5906337
Auckland,DUKE ST,30,E, ,DOMINION ROAD,201418548,16/10/2014,Thu,745,CB,VW1C,504A ,M,R,D,OF,F , ,N,C,50,0,0,1,,,1755357,5914839
Auckland,DUKE ST,50,E, ,PARAU ST,201444712,16/08/2014,Sat,2100,EA,CW1V,129A ,M,E,D,DO,F , ,N,C,50,0,0,0,,,1755937,5914685
Auckland,DUKE ST,, ,I,PARAU ST,201433219,27/02/2014,Thu,930,HA,CW1C,302A 375A ,,R,D,OF,F ,R,G,C,50,0,0,0,,,1755874,5914699
Auckland,DUNCAN AVENUE,, ,I,HAVERSTOCK ROAD,201439633,16/06/2014,Mon,1710,DA,CE2C,131A ,M,S,D,O ,F ,R,G,R,50,0,0,0,,,1754537,5915668
Auckland,DUNCAN AVENUE,60,N, ,MARNE ROAD,201442510,25/08/2014,Mon,1300,CA,CN1C,120A 130A ,M,R,D,BF,F , ,N,X,50,0,0,0,,,1754424,5915492
Auckland,DUNDONALD ST,80,N, ,BASQUE ROAD,201432829,26/02/2014,Wed,800,EA,CN1C,129A ,M,R,D,B ,F , , ,N,50,0,0,0,,,1756867,5918719
Auckland,DUNKERRON AVENUE,, ,I,CORNWALL PARK AVENUE,201435215,17/02/2014,Mon,802,GC,CN2S,372B ,,E,D,O ,F ,T,G,C,50,0,0,0,,,1759102,5916344
Auckland,DUNKIRK ROAD,60,N, ,ALAMEIN ROAD,201442183,01/08/2014,Fri,2350,EA,4N1C,103A 129A 330A ,M,R,D,DO,F , , ,C,50,0,0,0,,,1766337,5915009
Auckland,DUNLOP LANE,100,E, ,JELLICOE ROAD,201438028,29/05/2014,Thu,1300,EA,CE1C,129A ,M,R,D,B ,F , , ,N,50,0,0,0,,,1765070,5914745
Auckland,EARLE ST,, ,I,BATH ST,201431711,07/01/2014,Tue,819,KB,CW1C,193B 338B ,,E,D,B ,F ,X,G,N,50,0,0,0,,,1758603,5920118
Auckland,EARLSWORTH ROAD,240,S, ,GRAY AVENUE,201413550,28/07/2014,Mon,1846,NA,CN1E,712B 713B ,,R,D,DO,F , , ,N,50,0,0,1,5,,1763335,5907327
Auckland,EAST COAST ROAD,150,S, ,ABERDEEN ROAD,201441980,20/08/2014,Wed,1245,MO,VS1V,371A ,M,R,D,B ,F , , ,C,50,0,0,0,,,1756737,5930411
Auckland,EAST COAST ROAD,, ,I,AMANTE CRESCENT,201418037,29/11/2014,Sat,945,LB,SS1C,303B 375B ,,R,D,OF,F ,T,G,C,50,0,0,1,,44,1755498,5932425