TLANAME,CRASHROAD,CRASHDIST,CRASHDIRN,INTSN,SIDEROAD,CRASHID,CRASHDATE,CRASHDOW,CRASHTIME,MVMT,VEHICLES,CAUSES,OBJECTSSTRUCK,ROADCURVE,ROADWET,LIGHT,WTHRa,JUNCTYPE,TRAFCTRL,ROADMARK,SPDLIM,CRASHFATALCNT,CRASHSEVCNT,CRASHMINCNT,PERSAGE1,PERSAGE2,EASTING,NORTHING
Auckland,EAST COAST ROAD,, ,I,AMANTE CRESCENT,201441124,03/08/2014,Sun,1830,MC,CS1C,372B ,,R,D,DO,F ,T,G,C,60,0,0,0,,,1755498,5932425
Auckland,EAST COAST ROAD,20,N, ,BROWNS BAY ROAD,201435283,13/04/2014,Sun,1515,LB,CS1C,158A 929 ,,R,D,B ,F ,D,N,P,50,0,0,0,,,1754806,5933548
Auckland,EAST COAST ROAD,60,S, ,BROWNS BAY ROAD,201436276,16/05/2014,Fri,1803,AA,CN1C,372A ,,R,D,DO,F , , ,C,50,0,0,0,,,1754822,5933472
Auckland,EAST COAST ROAD,100,S, ,BROWNS BAY ROAD,201413233,15/05/2014,Thu,1621,NA,BN1E,711B 732B ,,E,D,O ,F , ,N,P,50,0,1,0,17,,1754816,5933433
Auckland,EAST COAST ROAD,100,S, ,BROWNS BAY ROAD,201444548,23/09/2014,Tue,1145,BA,CN1C,129A ,,R,D,B ,F , , ,C,50,0,0,0,,,1754816,5933433
Auckland,EAST COAST ROAD,50,N, ,CARLISLE ROAD,201412188,18/05/2014,Sun,1202,MC,MS1C,372B ,,R,D,O ,F , , ,C,50,0,0,1,,,1754296,5936033
Auckland,EAST COAST ROAD,110,S, ,CARLISLE ROAD,201447253,27/10/2014,Mon,2030,FA,CN1C,181A 331A 901 ,,R,W,OO,H , , ,C,50,0,0,0,,,1754333,5935884
Auckland,EAST COAST ROAD,, ,I,CARLISLE ROAD,201435232,02/03/2014,Sun,812,AO,CS1C,150A 357A ,,R,D,B ,F ,X,T,C,50,0,0,0,,,1754323,5935992
Auckland,EAST COAST ROAD,, ,I,CARLISLE ROAD,201439761,26/06/2014,Thu,1041,GF,TN1B,387A 179B 402B 403B ,,R,W,OF,L ,X,T,C,50,0,0,0,,,1754323,5935992
Auckland,EAST COAST ROAD,, ,I,CASTOR BAY ROAD,201438322,09/06/2014,Mon,1521,LB,CS1C,303B 375B 901 ,,E,W,O ,H ,Y,G,C,50,0,0,0,,,1756802,5930168
Auckland,EAST COAST ROAD,20,N, ,CONSTELLATION DRIVE,201431596,23/01/2014,Thu,1535,AA,CN1C,313A 372A 691B ,,E,D,B ,F , , ,C,50,0,0,0,,,1755278,5932041
Auckland,EAST COAST ROAD,30,S, ,CONSTELLATION DRIVE,201442515,26/08/2014,Tue,1650,FD,CN14,181A 929 ,,R,D,OF,F ,D,N,C,50,0,0,0,,,1755279,5931992
Auckland,EAST COAST ROAD,, ,I,CONSTELLATION DRIVE,201412798,08/05/2014,Thu,553,LB,CN1C,303B 323B ,,R,W,DO,F ,T,T,C,50,0,0,1,,,1755277,5932022
Auckland,EAST COAST ROAD,, ,I,CONSTELLATION DRIVE,201436103,08/05/2014,Thu,945,FE,CS1C,181A ,,R,D,B ,F ,T,T,C,50,0,0,0,,,1755277,5932022
Auckland,EAST COAST ROAD,, ,I,CONSTELLATION DRIVE,201436277,14/05/2014,Wed,1535,LB,CN1C,303B 323B ,,S,W,O ,H ,T,T,R,50,0,0,0,,,1755277,5932022
Auckland,EAST COAST ROAD,, ,I,DEWSBURY TERRACE,201412184,13/05/2014,Tue,703,JA,SS1C,302B 645B ,,R,D,O ,F ,T,G,C,50,0,0,1,,31,1756759,5929961
Auckland,EAST COAST ROAD,30,N, ,FORREST HILL ROAD,201450144,20/12/2014,Sat,1849,DA,CN1,131A 330A 801 ,FP,M,W,O ,L ,R,G,P,50,0,0,0,,,1756300,5930755
Auckland,EAST COAST ROAD,, ,I,FORREST HILL ROAD,201432127,15/03/2014,Sat,1140,DA,4N1,135A 810 ,K,M,W,O ,F ,R,G,R,50,0,0,0,,,1756313,5930720
Auckland,EAST COAST ROAD,, ,I,FORREST HILL ROAD,201433851,09/02/2014,Sun,1250,DA,MW1,131A ,,M,D,B ,F ,R,G,C,50,0,0,0,,,1756313,5930720
Auckland,EAST COAST ROAD,, ,I,GLAMORGAN DRIVE,201444563,06/09/2014,Sat,235,DA,CN1,103A 111A 131A ,S,E,W,DO,L ,T,G,C,50,0,0,0,,,1754057,5936391
Auckland,EAST COAST ROAD,, ,I,GREVILLE ROAD,201446156,13/10/2014,Mon,1000,GF,CE1C,129A 129B ,,E,D,O ,F ,T,T,C,50,0,0,0,,,1754304,5933949
Auckland,EAST COAST ROAD,50,S, ,HAIGH ACCESS ROAD,201410520,08/01/2014,Wed,1751,DA,MN1,135A 800 ,,E,W,ON,F , ,N,C,50,0,0,1,,,1751685,5939089
Auckland,EAST COAST ROAD,20,N, ,HASTINGS ROAD,201415565,09/09/2014,Tue,749,DB,CN1,501A ,JKT,E,D,B ,F , , ,C,50,0,1,0,,,1755556,5932587
Auckland,EAST COAST ROAD,50,N, ,HASTINGS ROAD,201410924,05/03/2014,Wed,710,FD,CS14,181A ,,R,D,OF,F , ,N,C,50,0,0,1,,,1755553,5932617
Auckland,EAST COAST ROAD,20,S, ,HASTINGS ROAD,201436275,17/05/2014,Sat,1755,FD,CN1CC4,181A 181B 181C ,,E,D,DO,F , , ,C,50,0,0,0,,,1755553,5932547
Auckland,EAST COAST ROAD,400,S, ,JACKSON WAY,201447563,25/10/2014,Sat,915,GC,CS14,197A 372B 378B 671B 832 929 ,,R,D,B ,F ,D, ,C,100,0,0,0,,,1749229,5942206
Auckland,EAST COAST ROAD,500,S, ,JOHN BRIAN DRIVE,201442657,19/06/2014,Thu,1500,DA,CN1,131A 410A ,FP,E,W,OF,L , ,N,L,80,0,0,0,,,1752470,5937843
Auckland,EAST COAST ROAD,40,S, ,KENMURE AVENUE,201411516,03/03/2014,Mon,1440,EA,CN1C,129A ,M,R,D,OF,F , ,N,C,50,0,0,1,,,1756758,5930317
Auckland,EAST COAST ROAD,30,N, ,LANDSBERG WAY,201438907,09/06/2014,Mon,1501,ND,VN1E,713B 725B 929 ,,R,W,OF,H ,D,N,C,50,0,0,0,,,1755323,5932140
Auckland,EAST COAST ROAD,350,N, ,MARSH AVENUE,201434282,20/03/2014,Thu,1613,EE,CN1V,374B ,M,R,D,B ,F , , ,C,50,0,0,0,,,1756751,5929925
Auckland,EAST COAST ROAD,5,N, ,MAXWELTON DRIVE,201440486,28/07/2014,Mon,700,FD,CS1C,181A 330A ,,R,W,O ,F ,T,N,N,80,0,0,0,,,1755377,5932232
Auckland,EAST COAST ROAD,20,N, ,MAXWELTON DRIVE,201416920,12/09/2014,Fri,736,FD,CS1C,181A ,,R,W,OF,L , ,N,C,50,0,0,1,,,1755385,5932245
Auckland,EAST COAST ROAD,10,S, ,MAXWELTON DRIVE,201418336,08/12/2014,Mon,754,FD,CS1CCC,331A 350A ,,R,D,BF,F ,T,G,C,50,0,0,1,,,1755370,5932219
Auckland,EAST COAST ROAD,, ,I,MAXWELTON DRIVE,201433359,26/03/2014,Wed,1615,JA,CS1C,302B 314B 377B ,,R,D,OF,F ,T,G,C,50,0,0,0,,,1755375,5932228
Auckland,EAST COAST ROAD,, ,I,MAXWELTON DRIVE,201437211,09/05/2014,Fri,835,ND,CW2E,306A ,,R,W,OF,L ,T,G,C,50,0,0,0,,,1755375,5932228
Auckland,EAST COAST ROAD,, ,I,MAXWELTON DRIVE,201411501,11/03/2014,Tue,645,LB,SS1C,303B 377B ,,R,D,BF,F ,T,G,C,80,0,0,1,,46,1755375,5932228
Auckland,EAST COAST ROAD,10,S, ,MULGAN WAY,201448456,20/11/2014,Thu,1000,AA,VS1T,381A ,,R,D,BF,F ,T,G,C,50,0,0,0,,,1753972,5934748
Auckland,EAST COAST ROAD,100,S, ,MULGAN WAY,201435307,05/05/2014,Mon,821,JA,CS1C,308B 377B 929 ,,R,W,O ,F ,D,N,P,50,0,0,0,,,1753944,5934662
Auckland,EAST COAST ROAD,, ,I,NOEL WILLIAMS PLACE,201449004,04/12/2014,Thu,1723,AC,TN1C,671A ,,E,D,BF,F ,T,S,P,50,0,0,0,,,1755476,5932726
Auckland,EAST COAST ROAD,10,N, ,OKURA RIVER ROAD,201410373,14/01/2014,Tue,1700,GB,CN1C,372B 929 ,,E,D,BF,F ,D,N,C,80,0,0,1,,,1753413,5937255
Auckland,EAST COAST ROAD,240,N, ,OKURA RIVER ROAD,201443026,28/08/2014,Thu,1720,GD,4W1C,181A 333A 929 ,,E,D,O ,F ,D, ,C,80,0,0,0,,,1753231,5937365
Auckland,EAST COAST ROAD,20,S, ,OTEHA VALLEY ROAD,201416422,23/09/2014,Tue,417,DB,CN1,103A 110A 130A ,FKV,E,D,DO,F , , ,P,50,0,0,1,,,1754330,5935973
Auckland,EAST COAST ROAD,, ,I,OTEHA VALLEY ROAD,201440667,21/07/2014,Mon,745,AC,CS1T,159A 173A ,,R,D,O ,F ,X,T,C,50,0,0,0,,,1754323,5935992
Auckland,EAST COAST ROAD,, ,I,RODEO DRIVE,201414616,12/07/2014,Sat,1850,BF,CN1C,111A 131A 904 ,,E,W,DO,M ,T,G,P,100,0,0,1,,,1752368,5938615
Auckland,EAST COAST ROAD,260,S, ,SARTORS AVENUE,201448052,03/11/2014,Mon,1703,EA,CS1C,129A ,M,E,D,B ,F , , ,P,50,0,0,0,,,1754046,5935246
Auckland,EAST COAST ROAD,, ,I,SEAVIEW ROAD,201434477,03/04/2014,Thu,1715,JA,CE1C,302B 387B 801 ,,R,W,B ,L ,T,G,C,50,0,0,0,,,1757143,5929288
Auckland,EAST COAST ROAD,5,S, ,SELWYN CRESCENT,201417737,20/12/2014,Sat,1050,AO,CS1SV,386A ,M,R,W,O ,L ,T,S,C,50,0,1,0,,47,1756743,5929884
Auckland,EAST COAST ROAD,20,S, ,SELWYN CRESCENT,201439545,20/06/2014,Fri,720,MO,TS1C,371A 386A ,M,R,W,O ,L ,T,N,C,50,0,0,0,,,1756740,5929869
Auckland,EAST COAST ROAD,40,S, ,SELWYN CRESCENT,201412429,06/04/2014,Sun,840,ME,SS1C,303B 375B ,,R,D,O ,F , , ,C,50,0,0,1,,69,1756736,5929850
Auckland,EAST COAST ROAD,200,N, ,SPENCER ROAD,201440350,04/07/2014,Fri,1846,EA,CS1C,103A 129A ,M,E,D,DO,F , , ,R,50,0,0,0,,,1753892,5934503
Auckland,EAST COAST ROAD,300,N, ,SPENCER ROAD,201438519,25/06/2014,Wed,246,EA,VS1C,102A 129A 359A 801 ,M,E,W,DO,L , , ,C,50,0,0,0,,,1753923,5934598
Auckland,EAST COAST ROAD,, ,I,SPENCER ROAD,201441043,19/07/2014,Sat,1730,JA,CN14,302B 375B ,,E,W,OF,H ,T,G,C,50,0,0,0,,,1753902,5934309
Auckland,EAST COAST ROAD,200,N, ,SPENCER ROAD E,201432680,28/03/2014,Fri,813,JA,CN1C,308B 375B 929 ,,E,D,B ,F ,D,N,P,50,0,0,0,,,1753892,5934503
Auckland,EAST COAST ROAD,, ,I,SPUR ROAD,201415023,12/07/2014,Sat,1723,JA,CS1C,301B ,,R,W,TN,F ,T,S,C,100,0,0,1,,,1749276,5943680
Auckland,EAST COAST ROAD,160,S, ,SUNNYNOOK ROAD,201447256,31/10/2014,Fri,1530,FD,CN1C,181A 197A 331A ,,E,D,O ,F , , ,P,50,0,0,0,,,1756108,5931214
Auckland,EAST COAST ROAD,100,N, ,SUNRISE AVENUE,201448644,22/10/2014,Wed,805,AC,VS1C,372A ,,E,D,O ,F , , ,P,50,0,0,0,,,1755002,5932976
Auckland,EAST COAST ROAD,, ,I,SUNRISE AVENUE S,201435233,06/04/2014,Sun,1335,FE,CN1C,181A 387A ,,R,D,B ,F ,T,T,C,50,0,0,0,,,1755091,5932929
Auckland,EAST COAST ROAD,25,N, ,SUNSET ROAD,201438323,07/06/2014,Sat,1923,DA,CS1,111A 131A 402A 514A 517A ,FPT,E,D,DO,F , , ,C,50,0,0,0,,,1755332,5931879
Auckland,EAST COAST ROAD,, ,I,SUNSET ROAD,201449463,20/12/2014,Sat,2216,FA,CS1C,181A 387A ,,M,W,DO,L ,R,G,R,50,0,0,0,,,1755345,5931857
Auckland,EAST COAST ROAD,, ,I,SUNSET ROAD,201436540,19/05/2014,Mon,1650,LB,CN1C,302A 370A ,,R,D,TF,F ,R,G,P,50,0,0,0,,,1755345,5931857
Auckland,EAST COAST ROAD,, ,I,TAVERN ROAD,201439523,12/06/2014,Thu,1615,LB,VS1CB,303B ,,R,W,O ,L ,T,G,R,80,0,0,0,,,1749560,5945448
Auckland,EAST COAST ROAD,, ,I,TAVERN ROAD,201447213,15/10/2014,Wed,700,LB,CS1CC,303B ,,E,D,O ,F ,T,G,R,80,0,0,0,,,1749560,5945448
Auckland,EAST COAST ROAD,, ,I,TAVERN ROAD,201417186,27/11/2014,Thu,823,LB,CN1C,303B 353B 402B ,,E,D,B ,F ,T,G,R,80,0,0,1,,,1749560,5945448
Auckland,EAST COAST ROAD,40,N, ,WINDSOR CRESCENT,201418049,11/11/2014,Tue,2345,CB,CS1C,112A ,HMS,R,W,DO,L , ,N,C,50,0,0,1,,,1754219,5935629
Auckland,EAST COAST ROAD,30,N, ,WORSNOP WAY,201414777,03/07/2014,Thu,1944,DB,CS1,131A 407A 800 801 ,C,E,W,DN,L , , ,C,80,0,0,1,,,1749448,5941432
Auckland,EAST COAST ROAD,100,S, ,WORSNOP WAY,201411341,01/11/2014,Sat,1050,FF,CN1C,181A 195B ,,R,D,BN,F , ,N,C,80,0,0,1,,,1749553,5941355
Auckland,EAST COAST ROAD,100,S, ,WORSNOP WAY,201411778,07/04/2014,Mon,727,CB,CN1,410A ,CV,R,D,B ,F , , ,L,80,0,0,1,,,1749553,5941355
Auckland,EAST COAST ROAD,600,S, ,WORSNOP WAY,201412279,27/04/2014,Sun,719,DB,CN1,103A 111A ,CF,E,D,B ,F , ,N,C,100,0,0,1,,,1749911,5941015
Auckland,EAST COAST ROAD,850,S, ,WORSNOP WAY,201436801,15/05/2014,Thu,225,KB,CN1T,602A 308B 377B 862 901 929 ,,R,W,ON,H ,D, ,C,80,0,0,0,,,1750038,5940799
Auckland,EAST COAST ROAD,1700,S, ,WORSNOP WAY,201412213,29/04/2014,Tue,2037,CB,CN1,130A 402A 500A ,G,R,W,DN,F , , ,C,100,0,1,0,,,1750556,5940133
Auckland,EAST ST,5,S, ,KARANGAHAPE ROAD,201432985,06/03/2014,Thu,2155,ME,CN1C,103B 371B ,,R,D,DO,F ,T,G,R,50,0,0,0,,,1756696,5919465
Auckland,EAST ST,20,S, ,PROSPECT TERRACE,201441360,11/08/2014,Mon,1850,FA,4S1C,331A 378A 832 ,,R,D,DO,F , , ,P,50,0,0,0,,,1769561,5881310
Auckland,EAST ST,, ,I,QUEEN ST,201415768,18/09/2014,Thu,1723,HA,CN1C,322B ,,R,D,BF,F ,T,T,C,50,0,0,1,,,1772480,5896524
Auckland,EAST ST,, ,I,QUEEN ST,201445352,27/09/2014,Sat,1935,BB,CW2C,124A 322A ,,R,W,DO,L ,X,T,C,50,0,0,0,,,1772480,5896524
Auckland,EAST ST,, ,I,VALLEY ROAD,201438742,05/07/2014,Sat,2325,CC,VE1,103A 130A ,CIS,R,W,DO,F ,T,G,R,50,0,0,0,,,1770108,5881518
Auckland,EAST ST,, ,I,WELLINGTON ST,201438929,19/06/2014,Thu,1315,HA,CN14,321A 375A ,,R,W,OF,L ,T,S,C,50,0,0,0,,,1772688,5895993
Auckland,EAST ST,, ,I,WELLINGTON ST,201435622,01/05/2014,Thu,1651,HA,CW2C,302B 370B ,,R,D,B ,F ,X,G,C,50,0,0,0,,,1772688,5895993
Auckland,EAST ST,, ,I,WOOD ST,201444350,22/09/2014,Mon,910,HA,XN1T,321B 375B 801 ,,E,W,O ,L ,X,S,R,50,0,0,0,,,1772706,5896112
Auckland,EAST TAMAKI ROAD,, ,I,ACCENT DRIVE,201433886,12/04/2014,Sat,1425,HA,CN2C,102B 322B ,,R,D,O ,F ,X,T,R,50,0,0,0,,,1769238,5908850
Auckland,EAST TAMAKI ROAD,, ,I,BAIRDS ROAD,201438743,14/05/2014,Wed,545,LB,CE1C,303B 323B ,,R,W,DO,F ,X,T,C,50,0,0,0,,,1766904,5907658
Auckland,EAST TAMAKI ROAD,, ,I,BAIRDS ROAD,201435644,15/04/2014,Tue,830,MO,CN2C,350A 370A 386A 440B 691B ,,E,D,O ,F ,X,T,C,50,0,0,0,,,1766904,5907645
Auckland,EAST TAMAKI ROAD,, ,I,BAIRDS ROAD,201435292,17/04/2014,Thu,1635,FE,CW1C,331A ,,R,D,O ,F ,X,T,C,50,0,0,0,,,1766904,5907645
Auckland,EAST TAMAKI ROAD,, ,I,BAIRDS ROAD,201450590,07/10/2014,Tue,2100,KC,CS2C,375A ,,M,D,TO,F ,X,T,C,60,0,0,0,,,1766904,5907645
Auckland,EAST TAMAKI ROAD,90,N, ,BIRMINGHAM ROAD,201437915,01/06/2014,Sun,420,CC,CN1,101A 112A ,G,R,D,DO,F , ,N,P,60,0,0,0,,,1768300,5908378
Auckland,EAST TAMAKI ROAD,170,S, ,BIRMINGHAM ROAD,201440357,13/07/2014,Sun,910,CB,CS1,410A ,P,R,D,B ,F , , ,C,60,0,0,0,,,1768241,5908125
Auckland,EAST TAMAKI ROAD,, ,I,BIRMINGHAM ROAD,201418051,04/12/2014,Thu,1600,LB,CS1C,303B ,,R,D,OF,F ,T,T,C,50,0,1,1,,,1768280,5908290
Auckland,EAST TAMAKI ROAD,, ,I,BIRMINGHAM ROAD,201449648,09/12/2014,Tue,1113,FE,CW2C,181A ,,R,D,O ,F ,T,T,C,50,0,0,0,,,1768280,5908290
Auckland,EAST TAMAKI ROAD,, ,I,EDMONTON ROAD,201439767,01/07/2014,Tue,1028,GB,VE2C,191A 372B 402B ,,R,W,OF,L ,R,G,C,50,0,0,0,,,1746808,5918826
Auckland,EAST TAMAKI ROAD,150,W, ,FERGUSON ROAD,201447077,31/10/2014,Fri,2320,AC,CW1CV,372A ,,R,D,DO,F , ,N,R,50,0,0,0,,,1767278,5907637
Auckland,EAST TAMAKI ROAD,200,W, ,FERGUSON ROAD,201416858,15/11/2014,Sat,850,GA,SE14,181A 386A 929 ,,R,D,B ,F ,D,N,R,50,0,0,1,,46,1767225,5907651
Auckland,EAST TAMAKI ROAD,, ,I,FERGUSON ROAD,201432054,07/02/2014,Fri,1815,FE,CW1C,181A 331A 387A 801 ,,R,W,TO,L ,X,T,R,50,0,0,0,,,1767428,5907637
Auckland,EAST TAMAKI ROAD,, ,I,FULTON CRESCENT,201432197,30/01/2014,Thu,1404,CB,CW1,129A 354A ,P,R,D,B ,F ,T,T,R,50,0,0,0,,,1766712,5907635
Auckland,EAST TAMAKI ROAD,15,E, ,GREAT SOUTH ROAD,201442705,11/09/2014,Thu,1430,MA,CE1C,373B ,,R,D,OF,F , ,N,N,50,0,0,0,,,1765566,5906996
Auckland,EAST TAMAKI ROAD,15,E, ,GREAT SOUTH ROAD,201437275,02/06/2014,Mon,1445,FF,CE1C,181A 191B ,,R,D,BF,F , ,N,C,50,0,0,0,,,1765566,5906996
Auckland,EAST TAMAKI ROAD,50,E, ,GREAT SOUTH ROAD,201447146,22/10/2014,Wed,1730,JA,CE1C,308B 927 ,,R,D,O ,F ,D, ,C,50,0,0,0,,,1765596,5907014
Auckland,EAST TAMAKI ROAD,80,W, ,HILLS ROAD,201445514,05/10/2014,Sun,645,EA,CE14,102A 410A ,M,R,D,DO,F , , ,R,60,0,0,0,,,1767617,5907701
Auckland,EAST TAMAKI ROAD,, ,I,HILLS ROAD,201430945,19/02/2014,Wed,1745,FE,CE1C,181A ,,R,D,BF,F ,T,T,R,60,0,0,0,,,1767694,5907722
Auckland,EAST TAMAKI ROAD,, ,I,HOLROYD PLACE,201440216,05/07/2014,Sat,1240,LB,CE1C,303B 402B ,,R,D,OO,F ,X,T,C,60,0,0,0,,,1766069,5907295
Auckland,EAST TAMAKI ROAD,, ,I,HOLROYD PLACE,201418217,18/11/2014,Tue,1308,HA,CN2C,322B ,,R,D,B ,F ,X,T,C,50,0,0,2,,,1766069,5907295
Auckland,EAST TAMAKI ROAD,, ,I,HOLROYD PLACE,201418057,02/12/2014,Tue,853,LB,CE1V,303B 382B ,,R,D,BF,F ,X,T,C,50,0,0,2,,,1766069,5907295
Auckland,EAST TAMAKI ROAD,, ,I,HUIA ROAD,201441081,03/08/2014,Sun,700,JA,CW1V,103A 322A ,,R,W,DO,L ,X,T,C,50,0,0,0,,,1766069,5907295
Auckland,EAST TAMAKI ROAD,, ,I,HUIA ROAD,201418053,06/12/2014,Sat,655,HA,4N24,322B 350B ,,R,D,OF,F ,X,T,C,50,0,0,1,,,1766069,5907295
Auckland,EAST TAMAKI ROAD,, ,I,HUIA ROAD,201430930,28/02/2014,Fri,2035,GB,CW1C,313A 387A ,,R,D,DO,F ,X,T,C,50,0,0,0,,,1766069,5907295
Auckland,EAST TAMAKI ROAD,50,N, ,JOHNSTONES ROAD,201441176,01/08/2014,Fri,515,CC,CS1,130A 412A ,GJP,R,W,DO,L , ,N,P,60,0,0,0,,,1768364,5908563
Auckland,EAST TAMAKI ROAD,15,S, ,JOHNSTONES ROAD,201432844,06/03/2014,Thu,1150,AO,TN1C,129A ,,R,D,B ,F , , ,C,50,0,0,0,,,1768337,5908517
Auckland,EAST TAMAKI ROAD,50,W, ,JOHNSTONES ROAD,201442363,28/08/2014,Thu,1545,FD,CE1CT,181A 330A ,,R,D,B ,F , ,N,C,60,0,0,0,,,1768328,5908483
Auckland,EAST TAMAKI ROAD,, ,I,KELLIHER LANE,201410650,18/02/2014,Tue,1630,GD,CW1C,181A 331A ,,R,D,B ,F ,T,N,C,50,0,0,1,,,1765605,5907019
Auckland,EAST TAMAKI ROAD,, ,I,KELLIHER LANE,201448054,09/11/2014,Sun,1430,MG,CN2C,371B ,,R,D,B ,F ,T,N,C,50,0,0,0,,,1765605,5907019
Auckland,EAST TAMAKI ROAD,, ,I,KELLIHER LANE,201410237,17/01/2014,Fri,855,LB,CW1T,179B 303B ,,R,D,O ,F ,T,N,C,50,0,0,1,,,1765605,5907019
Auckland,EAST TAMAKI ROAD,, ,I,KELLIHER LANE,201431002,05/02/2014,Wed,2014,LB,CW14,303B ,,R,D,B ,F ,T,N,C,50,0,0,0,,,1765605,5907019
Auckland,EAST TAMAKI ROAD,100,E, ,KONINI AVENUE,201431552,23/01/2014,Thu,1800,AA,CW1C,129A ,,R,D,B ,F , , ,C,50,0,0,0,,,1765811,5907142
Auckland,EAST TAMAKI ROAD,, ,I,NEWBURY ST,201441044,24/07/2014,Thu,2030,LB,CE1V,322A 334A 352A ,,R,W,DO,F ,T,T,C,60,0,0,0,,,1766628,5907643
Auckland,EAST TAMAKI ROAD,, ,I,NEWBURY ST,201444088,06/09/2014,Sat,720,JA,CE1C,322A ,,R,D,OF,F ,T,T,C,60,0,0,0,,,1766628,5907643
Auckland,EAST TAMAKI ROAD,, ,I,NEWBURY ST,201439747,30/06/2014,Mon,915,AA,CS2C,177A ,,R,W,OF,L ,T,T,L,50,0,0,0,,,1766628,5907643
Auckland,EAST TAMAKI ROAD,5,W, ,OTARA OFF SBD,201438575,19/06/2014,Thu,1450,FE,CE1V,331A 901 ,,R,W,O ,H ,X,T,C,50,0,0,0,,,1766334,5907567
Auckland,EAST TAMAKI ROAD,, ,I,OTARA OFF SBD,201446478,01/11/2014,Sat,2128,JA,VE1V,322A ,,R,D,DO,F ,X,T,R,50,0,0,0,,,1766338,5907570
Auckland,EAST TAMAKI ROAD,, ,I,OTARA OFF SBD,201447988,01/12/2014,Mon,1053,HA,4S2C,322B 334B 402B ,,R,D,B ,F ,X,T,C,50,0,0,0,,,1766338,5907570
Auckland,EAST TAMAKI ROAD,15,S, ,OTARA ON NBD,201448633,29/11/2014,Sat,1015,AO,CN1C,129A 330A ,,R,D,B ,F , , ,C,80,0,0,0,,,1766203,5907441
Auckland,EAST TAMAKI ROAD,100,W, ,OTARA ON NBD,201435262,20/04/2014,Sun,1600,FD,CE14,181A ,,R,W,O ,F , , ,R,50,0,0,0,,,1766146,5907379
Auckland,EAST TAMAKI ROAD,, ,I,OTARA ON SBD,201445950,16/10/2014,Thu,1800,FE,CE1C,181A ,,R,D,O ,F ,T,T,C,50,0,0,0,,,1766346,5907561
Auckland,EAST TAMAKI ROAD,30,E, ,OTARA ROAD,201449647,10/12/2014,Wed,1615,AA,TW1C,184A ,,R,W,O ,F ,X,T,C,50,0,0,0,,,1766474,5907622
Auckland,EAST TAMAKI ROAD,15,W, ,OTARA ROAD,201416485,02/10/2014,Thu,1930,AO,TE1C,129A 330A ,,E,D,DO,F , , ,C,60,0,0,1,,,1766428,5907627
Auckland,EAST TAMAKI ROAD,15,W, ,OTARA ROAD,201447156,04/11/2014,Tue,1614,AC,VE1C,372A ,,E,D,O ,F , , ,C,50,0,0,0,,,1766428,5907627
Auckland,EAST TAMAKI ROAD,15,W, ,OTARA ROAD,201430224,18/01/2014,Sat,100,AO,TE1C,386A ,,E,D,DO,F , , ,C,50,0,0,0,,,1766428,5907627
Auckland,EAST TAMAKI ROAD,30,W, ,OTARA ROAD,201436654,07/05/2014,Wed,1415,MO,CE1C,371A 922 ,,R,D,B ,F ,D,N,N,50,0,0,0,,,1766414,5907622
Auckland,EAST TAMAKI ROAD,50,W, ,OTARA ROAD,201438027,28/05/2014,Wed,1900,MG,CW1C,371B ,,R,D,TO,F , , ,R,50,0,0,0,,,1766399,5907599
Auckland,EAST TAMAKI ROAD,, ,I,OTARA ROAD,201412072,09/04/2014,Wed,819,LB,MW1C,308B 375B 922 ,,R,D,O ,F ,D,N,R,60,0,1,0,,,1766444,5907620
Auckland,EAST TAMAKI ROAD,, ,I,OTARA ROAD,201443959,01/09/2014,Mon,5,CC,CW1,512A 514A ,K,R,W,DO,L ,T,T,R,60,0,0,0,,,1766444,5907620
Auckland,EAST TAMAKI ROAD,, ,I,OTARA ROAD,201441229,08/07/2014,Tue,1440,LB,CE1C,323B 334B ,,R,D,O ,F ,T,T,C,60,0,0,0,,,1766442,5907632
Auckland,EAST TAMAKI ROAD,, ,I,OTARA ROAD,201431614,18/01/2014,Sat,1400,LB,TW1C,303B ,,R,D,B ,F ,T,T,R,60,0,0,0,,,1766444,5907620
Auckland,EAST TAMAKI ROAD,50,N, ,PRESTON ROAD,201449471,19/12/2014,Fri,1530,JA,CS1C,308B 929 ,,E,D,B ,F ,D,N,C,60,0,0,0,,,1768183,5907892
Auckland,EAST TAMAKI ROAD,25,S, ,PRESTON ROAD,201434212,26/02/2014,Wed,1615,FD,VN1C,331A 352A ,,R,D,B ,F , , ,R,60,0,0,0,,,1768133,5907845
Auckland,EAST TAMAKI ROAD,15,W, ,PRESTON ROAD,201430002,01/01/2014,Wed,30,FF,CW1C,330A 350A ,,E,D,DO,F ,T,T,C,50,0,0,0,,,1768145,5907841
Auckland,EAST TAMAKI ROAD,15,W, ,PRESTON ROAD,201447525,07/11/2014,Fri,1215,MA,CW1C,197A 373B ,,E,D,B ,F , , ,P,50,0,0,0,,,1768145,5907841
Auckland,EAST TAMAKI ROAD,20,W, ,PRESTON ROAD,201410642,26/02/2014,Wed,1325,NA,CE1E,711B ,,R,D,B ,F ,T,N,R,60,0,0,1,10,,1768138,5907846
Auckland,EAST TAMAKI ROAD,100,W, ,PRESTON ROAD,201434712,23/04/2014,Wed,1723,FD,CW1CC,181A ,,R,D,DO,F , ,N,C,60,0,0,0,,,1768066,5907811
Auckland,EAST TAMAKI ROAD,200,W, ,PRESTON ROAD,201443361,30/08/2014,Sat,2030,CB,CE1,330A 407A ,IP,R,W,DO,F , ,N,R,60,0,0,0,,,1767965,5907796
Auckland,EAST TAMAKI ROAD,, ,I,PRESTON ROAD,201414939,23/06/2014,Mon,215,DB,CN2,101A 111A 131A ,I,E,D,DO,F ,T,T,R,50,0,0,1,,,1768156,5907851
Auckland,EAST TAMAKI ROAD,, ,I,PRESTON ROAD,201442624,30/04/2014,Wed,1536,GF,TE1C,381A 671A ,,M,D,OF,F ,T,T,C,60,0,0,0,,,1768156,5907851
Auckland,EAST TAMAKI ROAD,, ,I,PRESTON ROAD,201447605,20/11/2014,Thu,1220,GF,CW1C,372A ,,R,D,BF,F ,T,G,P,50,0,0,0,,,1768156,5907851