TLANAME,CRASHROAD,CRASHDIST,CRASHDIRN,INTSN,SIDEROAD,CRASHID,CRASHDATE,CRASHDOW,CRASHTIME,MVMT,VEHICLES,CAUSES,OBJECTSSTRUCK,ROADCURVE,ROADWET,LIGHT,WTHRa,JUNCTYPE,TRAFCTRL,ROADMARK,SPDLIM,CRASHFATALCNT,CRASHSEVCNT,CRASHMINCNT,PERSAGE1,PERSAGE2,EASTING,NORTHING
Auckland,EAST TAMAKI ROAD,, ,I,PRESTON ROAD,201433673,07/04/2014,Mon,650,GF,CN1C,176A 381A ,,R,D,TO,F ,T,T,P,60,0,0,0,,,1768156,5907851
Auckland,EAST TAMAKI ROAD,, ,I,PRESTON ROAD,201448032,15/11/2014,Sat,1035,FB,CE1C,181A ,,R,W,O ,F ,T,G,C,50,0,0,0,,,1768156,5907851
Auckland,EAST TAMAKI ROAD,400,E, ,SPRINGS ROAD,201441378,06/08/2014,Wed,915,GD,CE1T,333A 927 ,,R,D,O ,F ,D, ,C,60,0,0,0,,,1768739,5908624
Auckland,EAST TAMAKI ROAD,, ,I,SPRINGS ROAD,201410090,17/02/2014,Mon,1900,FE,CW1V,103A 331A ,,M,D,TF,F ,T,T,C,60,0,0,1,,,1768350,5908566
Auckland,EAST TAMAKI ROAD,100,W, ,WINTERE ROAD,201450508,14/12/2014,Sun,920,GE,CE1C,372B 671B 922 ,,R,D,O ,L ,D,N,P,50,0,0,0,,,1765826,5907151
Auckland,EAST TAMAKI ROAD,, ,I,WINTERE ROAD,201431549,23/01/2014,Thu,1100,KB,CE1C,301B ,,R,D,O ,F ,T,S,P,50,0,0,0,,,1765912,5907202
Auckland,EASTON PARK PARADE,100,E, ,NOELEEN ST,201418550,25/12/2014,Thu,1030,PO,V,722A ,Q,R,D,BF,F , ,N,C,50,0,0,1,,,1753029,5928661
Auckland,EBAN AVENUE,50,E, ,MOORE ST,201411018,21/02/2014,Fri,1625,PC,CE1E,378A 727B 929 ,,R,D,O ,F ,D, ,C,50,0,0,1,8,,1754994,5926292
Auckland,EBAN AVENUE,, ,I,UPPINGHAM CRESCENT,201411097,02/03/2014,Sun,2229,BC,CS2C,103A 122A ,,S,D,DO,F ,T,N,C,50,0,0,2,,,1755085,5926299
Auckland,ECCLES PLACE,100,W, ,GILBERT ROAD,201433258,22/03/2014,Sat,1020,MO,4E1V,371A 385A 929 ,M,R,D,BF,F ,D,N,C,50,0,0,0,,,1766361,5908764
Auckland,EDEN CRESCENT,50,N, ,PARLIAMENT ST,201435801,25/04/2014,Fri,2338,EA,CS1X,101A 112A 331A ,M,R,D,DO,F , ,N,C,50,0,0,0,,,1758037,5920446
Auckland,EDGERLEY AVENUE,120,W, ,BROADWAY,201435382,02/05/2014,Fri,1435,MO,CE1C,371A 371B 929 ,,M,D,O ,F ,D,N,N,50,0,0,0,,,1758271,5917656
Auckland,EDGEWATER DRIVE,100,N, ,RIVERINA AVENUE,201416190,26/08/2014,Tue,1750,AD,MS1,111A 131A ,K,M,D,B ,F , , ,C,50,0,0,1,,,1766774,5912044
Auckland,EDINBURGH ST,90,N, ,HAMILTON PLACE,201440390,05/07/2014,Sat,1615,GD,CS1C,333A 929 ,,R,D,O ,F ,D, ,C,50,0,0,0,,,1769002,5881835
Auckland,EDINBURGH ST,, ,I,KING ST,201443395,16/09/2014,Tue,2042,CB,CW1,101A 108A 386A ,J,R,D,DO,F ,R,G,R,50,0,0,0,,,1768950,5881177
Auckland,EDISON PLACE,60,S, ,WHYTEHEAD CRESCENT,201411631,26/02/2014,Wed,808,NB,CN1,705B 929 ,,R,D,BF,F ,D,N,N,50,0,1,0,10,,1764336,5918263
Auckland,EDMONTON ROAD,, ,I,ALDERMAN DRIVE,201432827,12/03/2014,Wed,1515,FB,CN1C,181A ,,E,D,O ,F ,R,G,N,50,0,0,0,,,1745728,5917383
Auckland,EDMONTON ROAD,, ,I,ALDERMAN DRIVE,201441134,08/08/2014,Fri,1912,FB,CN1C,181A ,,R,W,DO,L ,R,G,C,50,0,0,0,,,1745728,5917383
Auckland,EDMONTON ROAD,120,E, ,BOSNYAK DRIVE,201413173,28/05/2014,Wed,1628,FD,CE1CC,331A ,,R,D,B ,F , , ,P,50,0,0,1,,,1746622,5918789
Auckland,EDMONTON ROAD,5,N, ,CENTRAL PARK DRIVE,201432766,18/03/2014,Tue,1530,AC,TN1X,184A ,,E,D,O ,F ,T,T,C,50,0,0,0,,,1746078,5918142
Auckland,EDMONTON ROAD,150,N, ,CLAUDE BROOKS DRIVE,201448482,06/11/2014,Thu,2240,FD,XN1CC,331A 350A ,,R,D,DO,F , ,N,C,50,0,0,0,,,1746069,5917790
Auckland,EDMONTON ROAD,30,W, ,FLANSHAW ROAD,201415491,22/08/2014,Fri,720,KA,SW1C,308B 925 ,,R,D,B ,F ,D,G,R,50,0,0,1,,20,1746778,5918821
Auckland,EDMONTON ROAD,, ,I,GREAT NORTH ROAD,201438594,25/06/2014,Wed,220,DB,CS1,103A 410A 801 ,IP,M,W,DO,L ,X,T,R,50,0,0,0,,,1745733,5917225
Auckland,EDMONTON ROAD,, ,I,GREAT NORTH ROAD,201435901,01/05/2014,Thu,1100,FB,CS1C,181A ,,E,D,BF,F ,X,S,C,50,0,0,0,,,1745733,5917225
Auckland,EDMONTON ROAD,, ,I,GREAT NORTH ROAD,201416083,10/10/2014,Fri,1307,FB,CS1P,181A 330A ,,E,D,B ,F ,X,T,R,50,0,0,1,,,1745733,5917225
Auckland,EDMONTON ROAD,, ,I,GREAT NORTH ROAD,201445315,13/09/2014,Sat,2207,DA,CW2,103A 131A 402A ,F,S,W,DO,F ,X,T,C,50,0,0,0,,,1745733,5917225
Auckland,EDMONTON ROAD,, ,I,GREAT NORTH ROAD,201416077,13/10/2014,Mon,1550,FB,CS1C,181A 350A ,,M,D,B ,F ,M,G,C,50,0,0,1,,,1745733,5917225
Auckland,EDMONTON ROAD,170,S, ,MATUHI RISE,201417567,18/11/2014,Tue,55,DA,CS1,111A 131A ,FX,M,D,DO,F , ,N,C,50,0,0,1,,,1745911,5917524
Auckland,EDMONTON ROAD,10,W, ,TE ATATU ROAD,201430485,05/02/2014,Wed,1810,FD,CW1C,181A ,,R,D,O ,F ,R,G,C,50,0,0,0,,,1746798,5918824
Auckland,EDMONTON ROAD,40,W, ,TE ATATU ROAD,201443843,22/08/2014,Fri,730,JA,SW1C,204A 308B 375B 925 ,,R,D,BF,F ,D,N,C,50,0,0,0,,,1746769,5918819
Auckland,EDSEL ST,20,E, ,CATHERINE ST,201417736,04/12/2014,Thu,1220,CA,CW1E,103A 370A ,,R,D,B ,F , ,N,C,50,0,0,1,48,,1745535,5916996
Auckland,EDSEL ST,50,S, ,GREAT NORTH ROAD,201433690,16/04/2014,Wed,1345,JA,CN1C,308B 375B 925 ,,R,D,BF,F ,D, ,P,50,0,0,0,,,1745724,5917176
Auckland,EDSEL ST,30,W, ,VITASOVICH AVENUE,201436051,31/05/2014,Sat,1200,AC,CE1C,372A ,,R,D,BF,F ,R,G,C,50,0,0,0,,,1745654,5916998
Auckland,EDWARDS AVENUE,80,W, ,FAIRDENE AVENUE,201431346,31/01/2014,Fri,1638,CB,CW1,137A 402A ,P,R,D,BF,F , ,N,N,50,0,0,0,,,1744803,5918600
Auckland,EDWARDS AVENUE,, ,I,RATHGAR ROAD,201432366,07/03/2014,Fri,1515,ND,CN2E,376A ,,R,D,B ,F ,T,S,C,50,0,0,0,,,1744494,5918643
Auckland,EDWARDS ROAD,80,W, ,BROWNING ST,201444980,23/09/2014,Tue,2300,MO,CW1C,371A ,M,R,D,DN,F , ,N,C,50,0,0,0,,,1754546,5919259
Auckland,EGREMONT ST,230,W, ,LAKE ROAD,201442545,01/09/2014,Mon,1458,CC,CW14,129A 410A ,M,R,W,OF,L , ,N,N,50,0,0,0,,,1759420,5924959
Auckland,ELIZABETH ST,, ,I,FALLS ST,201412326,28/02/2014,Fri,1620,LB,ME1C,303B 375B ,,R,D,O ,F ,T,N,C,50,0,1,0,,,1749012,5970676
Auckland,ELIZABETH ST,5,W, ,MILL LANE,201447169,03/11/2014,Mon,1520,FC,CE1C,331A ,,M,D,B ,F ,T,G,C,50,0,0,0,,,1749144,5970617
Auckland,ELLANGOWAN ROAD,15,W, ,HEBRON ROAD,201417354,02/11/2014,Sun,1807,DA,MW1C,102A 111A 131A ,M,M,D,O ,F ,T,N,C,50,0,1,0,,,1756278,5936606
Auckland,ELLERSLIE PARK ROAD,60,W, ,EAGLEHURST ROAD,201435254,25/03/2014,Tue,1414,BE,CW1C,131A 504A ,,E,D,B ,F , , ,C,50,0,0,0,,,1762076,5914816
Auckland,ELLERSLIE-PANMURE HIGHWAY,70,W, ,BALLARAT ST,201413232,01/05/2014,Thu,430,BE,CE1T,125A 410A ,,R,D,DO,F , ,N,P,50,0,0,1,,,1762306,5914832
Auckland,ELLERSLIE-PANMURE HIGHWAY,20,E, ,CLARE PLACE,201414891,30/07/2014,Wed,1514,FD,CE1C,181A ,,R,D,BF,F , ,N,C,50,0,0,1,,,1763821,5915070
Auckland,ELLERSLIE-PANMURE HIGHWAY,50,E, ,CLARE PLACE,201449190,21/11/2014,Fri,1056,GA,CW1C,333A 929 ,,R,D,BF,F ,D,N,C,50,0,0,0,,,1763851,5915071
Auckland,ELLERSLIE-PANMURE HIGHWAY,25,W, ,CLARE PLACE,201433998,05/04/2014,Sat,1210,FD,CE1CC,181A ,,R,D,B ,F , ,N,C,50,0,0,0,,,1763776,5915069
Auckland,ELLERSLIE-PANMURE HIGHWAY,25,W, ,CLARE PLACE,201439616,14/06/2014,Sat,1855,GA,CW1V,181A 358A 929 ,,R,D,DO,F ,D,N,C,50,0,0,0,,,1763776,5915069
Auckland,ELLERSLIE-PANMURE HIGHWAY,20,E, ,DINGLEBANK ROAD,201416862,13/11/2014,Thu,1840,FD,CW1CC,331A 350A ,,R,D,O ,F ,T,N,C,50,0,0,1,,,1762870,5914987
Auckland,ELLERSLIE-PANMURE HIGHWAY,, ,I,DINGLEBANK ROAD,201410587,19/01/2014,Sun,1420,AC,CW1MC,372A ,,R,D,OF,F ,T,S,C,50,0,0,1,,,1762850,5914981
Auckland,ELLERSLIE-PANMURE HIGHWAY,, ,I,DINGLEBANK ROAD,201415774,21/09/2014,Sun,1238,GD,CW1C,331A 350A ,,R,D,OF,L ,T,N,C,50,0,0,1,,,1762850,5914981
Auckland,ELLERSLIE-PANMURE HIGHWAY,40,E, ,EAGLEHURST ROAD,201436453,10/04/2014,Thu,855,FD,CW1C,181A 358A ,,R,D,OF,F , ,N,C,50,0,0,0,,,1762157,5914772
Auckland,ELLERSLIE-PANMURE HIGHWAY,90,W, ,ELLERSLIE PARK ROAD,201432123,18/02/2014,Tue,1615,DA,CE1,131A ,C,E,D,B ,F , ,N,C,50,0,0,0,,,1761990,5914771
Auckland,ELLERSLIE-PANMURE HIGHWAY,100,W, ,ELLERSLIE PARK ROAD,201448523,12/07/2014,Sat,255,DA,CE1,103A 111A 131A ,FG,E,W,DO,L , ,N,P,50,0,0,0,,,1761980,5914771
Auckland,ELLERSLIE-PANMURE HIGHWAY,250,E, ,FORGE WAY,201436433,03/05/2014,Sat,1445,AA,CW1C,372A ,,R,D,BN,F , ,N,C,50,0,0,0,,,1764889,5914753
Auckland,ELLERSLIE-PANMURE HIGHWAY,15,W, ,FORGE WAY,201414628,21/07/2014,Mon,1315,MD,SE1C,204A 330A 371B 927 ,,R,D,B ,F ,D, ,C,50,0,0,1,,26,1764636,5914834
Auckland,ELLERSLIE-PANMURE HIGHWAY,70,W, ,FORGE WAY,201438903,19/06/2014,Thu,1325,GC,TE1C,181A 925 ,,R,W,OF,L ,D,N,P,50,0,0,0,,,1764584,5914851
Auckland,ELLERSLIE-PANMURE HIGHWAY,, ,I,FORGE WAY,201430050,19/01/2014,Sun,100,CC,CE1,110A 400A 691A 817 ,K,R,D,DO,F ,T,T,R,50,0,0,0,,,1764651,5914829
Auckland,ELLERSLIE-PANMURE HIGHWAY,, ,I,FORGE WAY,201437240,03/04/2014,Thu,2215,LB,CE1B,322A 410A ,,R,W,DO,H ,T,T,R,50,0,0,0,,,1764651,5914829
Auckland,ELLERSLIE-PANMURE HIGHWAY,, ,I,HARRIS ROAD,201435261,22/04/2014,Tue,1100,LB,CE1C,303B ,,E,D,O ,F ,T,G,C,50,0,0,0,,,1763273,5915010
Auckland,ELLERSLIE-PANMURE HIGHWAY,, ,I,HARRIS ROAD,201431807,24/02/2014,Mon,1120,KA,VE1C,302B 375B ,,R,D,BF,F ,T,G,R,50,0,0,0,,,1763273,5915010
Auckland,ELLERSLIE-PANMURE HIGHWAY,30,W, ,IRELAND ROAD,201433797,17/03/2014,Mon,1035,CC,CW1,197A ,R,R,D,B ,F , , ,R,50,0,0,0,,,1764891,5914753
Auckland,ELLERSLIE-PANMURE HIGHWAY,10,E, ,LUNN AVENUE,201448207,05/12/2014,Fri,1456,MG,CW1V,371B 386B ,,R,D,B ,F ,T,N,C,50,0,0,0,,,1764077,5915014
Auckland,ELLERSLIE-PANMURE HIGHWAY,150,E, ,LUNN AVENUE,201438381,08/05/2014,Thu,1940,KB,CE1C,322A 801 927 ,,R,W,DO,L ,D,T,C,50,0,0,0,,,1764210,5914970
Auckland,ELLERSLIE-PANMURE HIGHWAY,, ,I,LUNN AVENUE,201430065,08/01/2014,Wed,740,LB,CE1C,303B 353B ,,R,D,BF,F ,X,T,C,50,0,0,0,,,1764068,5915017
Auckland,ELLERSLIE-PANMURE HIGHWAY,, ,I,MAIN HIGHWAY,201441028,27/07/2014,Sun,1630,LB,4E1C,303B 334B ,,R,D,OF,F ,M,T,C,50,0,0,0,,,1761787,5914696
Auckland,ELLERSLIE-PANMURE HIGHWAY,, ,I,MAIN HIGHWAY,201431257,30/01/2014,Thu,1845,JA,CE1C,322A ,,R,D,BF,F ,X,T,R,50,0,0,0,,,1761787,5914696
Auckland,ELLERSLIE-PANMURE HIGHWAY,, ,I,MAIN HIGHWAY E,201446444,24/10/2014,Fri,920,JA,CE1C,322A ,,R,D,BF,F ,X,T,R,50,0,0,0,,,1761835,5914717
Auckland,ELLERSLIE-PANMURE HIGHWAY,50,E, ,MOUNT WELLINGTON HIGHWAY,201443030,29/08/2014,Fri,715,FD,CW1C,331A ,,R,D,O ,F , , ,L,50,0,0,0,,,1764476,5914884
Auckland,ELLERSLIE-PANMURE HIGHWAY,100,E, ,MOUNT WELLINGTON HIGHWAY,201433589,12/04/2014,Sat,1504,LB,CW1C,303B 314B 377B 924 ,,R,D,BN,F ,D,N,R,50,0,0,0,,,1764524,5914869
Auckland,ELLERSLIE-PANMURE HIGHWAY,140,E, ,MOUNT WELLINGTON HIGHWAY,201416979,05/09/2014,Fri,1611,JA,PW14,308B 377B 926 ,,R,W,OF,L ,D,N,C,50,0,0,1,,,1764562,5914858
Auckland,ELLERSLIE-PANMURE HIGHWAY,200,E, ,MOUNT WELLINGTON HIGHWAY,201440553,13/07/2014,Sun,1230,EA,CE1C,129A ,M,R,D,B ,F , , ,R,50,0,0,0,,,1764619,5914840
Auckland,ELLERSLIE-PANMURE HIGHWAY,, ,I,MOUNT WELLINGTON HIGHWAY,201441771,05/08/2014,Tue,1827,LB,CW1C,322A 334A ,,R,D,DO,F ,T,T,C,50,0,0,0,,,1764428,5914898
Auckland,ELLERSLIE-PANMURE HIGHWAY,, ,I,MOUNT WELLINGTON HIGHWAY,201446856,08/11/2014,Sat,1210,GD,CE1C,410A 420A ,,R,D,B ,F ,T,T,C,50,0,0,0,,,1764428,5914898
Auckland,ELLERSLIE-PANMURE HIGHWAY,15,E, ,MOUNTAIN ROAD,201450252,18/12/2014,Thu,852,AA,CE1V,333A ,,R,W,OF,L , ,T,C,50,0,0,0,,,1764319,5914933
Auckland,ELLERSLIE-PANMURE HIGHWAY,, ,I,MOUNTAIN ROAD,201443382,14/09/2014,Sun,2200,KA,VE1C,302B 375B ,,R,D,DO,F ,T,G,C,50,0,0,0,,,1764305,5914937
Auckland,ELLERSLIE-PANMURE HIGHWAY,, ,I,STANHOPE ROAD,201435050,28/04/2014,Mon,1850,KB,CW1C,301B 375B ,,E,W,DO,F ,X,S,C,50,0,0,0,,,1763017,5915001
Auckland,ELLERSLIE-PANMURE HIGHWAY,, ,I,WILKINSON ROAD,201439552,26/04/2014,Sat,1500,KA,CW1C,303B ,,R,D,O ,F ,T,T,C,70,0,0,0,,,1761737,5914674
Auckland,ELLICE ROAD,5,W, ,TARGET ROAD,201440616,16/06/2014,Mon,1736,FB,CE1C,331A 901 ,,R,W,OO,H ,T,G,C,50,0,0,0,,,1754769,5929669
Auckland,ELLICE ROAD,, ,I,TARGET ROAD,201435452,19/04/2014,Sat,701,DA,CS1,110A 131A ,T,E,W,DN,F ,T,G,R,50,0,0,0,,,1754774,5929671
Auckland,ELLICE ROAD,150,E, ,WOODSON PLACE,201449605,03/12/2014,Wed,818,GB,CE1TC,158A 181A 333A 387A 179B 372B 839 929+,M,R,D,B ,F ,D,N,P,50,0,0,0,,,1754506,5929652
Auckland,ELLIOT ST,100,N, ,BEACH ROAD,201434278,19/03/2014,Wed,1953,EA,CS1C,129A 197A 351A ,M,E,D,DO,F , , ,C,50,0,0,0,,,1771768,5895305
Auckland,ELLIOT ST,, ,I,BEACH ROAD,201434106,13/04/2014,Sun,930,FD,XS1V,181A 331A ,,R,D,BF,F ,X,T,C,50,0,0,0,,,1771759,5895206
Auckland,ELLIOT ST,, ,I,CHURCH ST,201410909,02/03/2014,Sun,1550,BF,CE2C,136A 621A ,I,R,D,BF,F ,R,G,R,50,0,0,1,,,1759016,5912189
Auckland,ELLIOT ST,, ,I,EAST ST,201417993,16/12/2014,Tue,637,LB,CN2V,200B 303B ,,R,D,O ,F ,X,T,C,50,0,0,1,,,1772561,5896382
Auckland,ELLIOT ST,100,W, ,MOORE ST,201449419,30/11/2014,Sun,1415,EA,CW1T,501A ,M,R,D,O ,F , , ,C,50,0,0,0,,,1771668,5914336
Auckland,ELLIOT ST,40,S, ,MOSSFORD GREEN,201410905,02/03/2014,Sun,1830,EA,4S1C,103A 341A ,M,R,D,BF,F , ,N,C,50,0,0,1,,,1771792,5895940
Auckland,ELLIOT ST,150,W, ,RAY SMALL DRIVE E,201442925,23/08/2014,Sat,1700,DB,CW1,111A 131A 433A 927 ,FK,E,D,B ,F ,D, ,C,50,0,0,0,,,1772119,5896127
Auckland,ELLIOT ST,, ,I,RAY SMALL DRIVE S,201430982,04/03/2014,Tue,820,GD,CN1C,181A 333A ,,R,W,OF,F ,T,G,C,50,0,0,0,,,1771735,5895430
Auckland,ELLIOT ST,50,N, ,WELLINGTON ST,201444363,13/09/2014,Sat,2311,DB,4S1,103A 131A 402A 801 ,T,M,W,DO,L , , ,C,50,0,0,0,,,1771546,5914391
Auckland,ELLIOT ST,150,W, ,WELLINGTON ST,201444336,21/09/2014,Sun,123,BF,CS1C,111A 131A ,K,E,D,DO,F , , ,C,50,0,0,0,,,1771456,5914433
Auckland,ELLIOT ST,10,E, ,WOOD ST,201449145,29/11/2014,Sat,1150,CB,CE1CC,501A ,MM,R,D,BF,F ,T,G,C,50,0,0,0,,,1772431,5896308
Auckland,ELLIOT ST,, ,I,WOOD ST,201431276,28/02/2014,Fri,1630,JC,CS2C,301A 375A ,,E,D,BF,F ,X,S,C,50,0,0,0,,,1772423,5896303
Auckland,ELLIS AVENUE,50,N, ,WHITE SWAN ROAD,201441475,28/06/2014,Sat,1140,MD,CS1C,371B 929 ,,R,D,B ,F ,D,N,C,50,0,0,0,,,1753465,5913094
Auckland,ELM ST,15,S, ,HAMILTON DRIVE,201443394,15/09/2014,Mon,1520,MO,CS1,103A 926 ,F,R,D,B ,F ,D,N,C,50,0,0,0,,,1754548,5876683
Auckland,ELSTREE AVENUE,40,N, ,CHILTERN CRESCENT N,201418593,06/12/2014,Sat,807,NA,SS1E,711B 725B ,,E,D,OF,F , ,N,C,50,0,1,1,,45,1766436,5917428
Auckland,ELSTREE AVENUE,, ,I,TANIWHA ST,201441423,29/07/2014,Tue,2035,HA,CS1M,302A 375A ,,R,D,DO,F ,R,G,R,50,0,0,0,,,1766338,5917009
Auckland,EMILY PLACE,15,N, ,SHORTLAND ST,201433345,12/03/2014,Wed,1315,MA,CN1V,371B ,,R,D,BF,F , ,N,C,50,0,0,0,,,1757798,5920654
Auckland,EMORY DRIVE,20,N, ,WALTER STREVENS DRIVE,201447537,01/11/2014,Sat,1645,FA,4S14,181A 331A 402A 352B ,,E,D,B ,F , , ,N,50,0,0,0,,,1769876,5898354
Auckland,ENFIELD ST,, ,I,MARY ST,201439309,11/06/2014,Wed,1903,MF,CN1C,371B ,,R,W,DO,F ,T,N,C,50,0,0,0,,,1757091,5918237
Auckland,ENFIELD ST,20,W, ,NORMANBY ROAD,201444111,23/09/2014,Tue,1250,EA,TE1C,129A ,M,R,D,BF,F , ,N,N,50,0,0,0,,,1757245,5918173
Auckland,ENNIS AVENUE N,80,S, ,LA TROBE ST,201443957,03/09/2014,Wed,2215,MO,CN1C,371A 308B 375B 929 ,,R,W,DO,L ,D,N,N,50,0,0,0,,,1768649,5913017
Auckland,ENUAMANU ROAD,, ,I,GADSBY ROAD,201410303,03/01/2014,Fri,1248,DA,400,131A 504A ,T,R,D,BN,F ,T,N,N,50,0,0,1,,,1760969,5908342
Auckland,EPPING ROAD,, ,I,WOODFORD AVENUE,201441659,02/07/2014,Wed,1123,DB,CN2,131A 801 ,FT,S,W,O ,L ,T,G,C,50,0,0,0,,,1745754,5918545
Auckland,ERIC BAKER PLACE,, ,I,KOLMAR ROAD,201441735,16/08/2014,Sat,1450,MG,TS1C,371B ,,R,D,O ,F ,T,G,C,40,0,0,0,,,1765572,5906866
Auckland,ERIMA AVENUE,, ,I,ANDERSON AVENUE,201442149,14/08/2014,Thu,1250,DB,CW2,111A 131A ,T,R,W,O ,L ,X,S,C,50,0,0,0,,,1766160,5916256
Auckland,ESKDALE ROAD,20,W, ,GLENFIELD ROAD,201445897,16/10/2014,Thu,1702,JA,CW14,308B 378B 929 ,,E,D,O ,F ,D,N,C,50,0,0,0,,,1753769,5926012
Auckland,ESKDALE ROAD,, ,I,GLENFIELD ROAD,201445174,17/09/2014,Wed,21,DA,CS2,103A 111A 131A ,F,M,W,DO,F ,T,T,C,50,0,0,0,,,1753789,5926015
Auckland,ESKDALE ROAD,, ,I,INGLIS ST,201442629,12/01/2014,Sun,524,DB,4S1,131A 410A ,F,E,D,DO,F ,T,G,R,50,0,0,0,,,1753317,5925964
Auckland,ESKDALE ROAD,, ,I,SALISBURY ROAD,201439843,05/06/2014,Thu,740,KA,SW1C,302B ,,E,D,B ,F ,R,G,C,50,0,0,0,,,1752324,5926698
Auckland,ESKDALE ROAD,, ,I,VONNELL PLACE,201410847,20/01/2014,Mon,1233,DA,40,111A 131A 407A 801 ,C,E,W,O ,L ,T,G,C,50,0,0,2,,,1752888,5926290
Auckland,ESMONDE ON SBD,200,S, ,ESMONDE ROAD,201433352,16/03/2014,Sun,733,DB,CS1,111A 131A ,G,M,W,BF,F , ,N,N,80,0,0,0,,,1757183,5925940
Auckland,ESMONDE ROAD,40,E, ,BARRYS POINT ROAD,201418251,19/12/2014,Fri,815,FD,4W1C,181A 423A ,,R,D,B ,F , , ,R,60,0,0,1,,,1757597,5926275
Auckland,ESMONDE ROAD,, ,I,BARRYS POINT ROAD,201418725,10/11/2014,Mon,1555,GD,CW1C,110A 181A 191B ,,R,D,B ,F ,T,T,R,50,0,0,1,,,1757560,5926261
Auckland,ESMONDE ROAD,, ,I,BARRYS POINT ROAD,201433681,13/04/2014,Sun,2050,LB,CN1C,303B 323B 334B ,,R,D,DO,F ,M,T,C,50,0,0,0,,,1757560,5926261
Auckland,ESMONDE ROAD,, ,I,BARRYS POINT ROAD,201436305,26/03/2014,Wed,1941,LB,CE1C,322A ,,E,D,DO,F ,T,T,R,50,0,0,0,,,1757560,5926261
Auckland,ESMONDE ROAD,, ,I,BARRYS POINT ROAD,201447819,10/11/2014,Mon,1600,LB,CE1C,322A ,,R,D,OF,F ,T,T,R,50,0,0,0,,,1757560,5926261
Auckland,ESMONDE ROAD,500,W, ,BURNS AVENUE,201432393,08/03/2014,Sat,1740,FD,CW1C,181A 512A ,,R,D,B ,F , , ,R,50,0,0,0,,,1757724,5926306
Auckland,ESMONDE ROAD,, ,I,BURNS AVENUE,201437205,28/04/2014,Mon,1130,FE,CE1C,181A ,,R,D,BF,F ,T,T,C,50,0,0,0,,,1758195,5926451
Auckland,ESMONDE ROAD,20,W, ,ELDON ST,201439231,23/06/2014,Mon,1730,FD,CE1CC,181A 351A 181B ,,R,D,DO,F , , ,C,50,0,0,0,,,1758152,5926424
Auckland,ESMONDE ROAD,5,E, ,FRED THOMAS DRIVE,201432046,07/02/2014,Fri,2042,FE,CW1C,331A 350A 645A 901 ,,R,W,DO,H ,T,T,C,50,0,0,0,,,1757485,5926211
Auckland,ESMONDE ROAD,15,E, ,FRED THOMAS DRIVE,201410463,01/02/2014,Sat,1044,FD,CW1C4C,181A 181B ,,R,D,B ,F , , ,R,60,0,0,2,,,1757493,5926217
Auckland,ESMONDE ROAD,, ,I,FRED THOMAS DRIVE,201432618,09/03/2014,Sun,1753,FE,CW1C,112A 334A ,,R,D,B ,F ,M,T,C,60,0,0,0,,,1757481,5926208
Auckland,ESMONDE ROAD,, ,I,FRED THOMAS DRIVE,201418541,13/12/2014,Sat,1929,FE,CW1C,331A 359A ,,R,W,OF,L ,T,T,R,50,0,0,1,,,1757481,5926208
Auckland,ESMONDE ROAD,, ,I,FRED THOMAS DRIVE,201416487,18/10/2014,Sat,1227,FE,VS1C,112A 331A 355A 801 ,,R,W,O ,L ,T,T,C,60,0,0,1,,,1757481,5926208
Auckland,ESMONDE ROAD,, ,I,FRED THOMAS DRIVE,201437108,31/05/2014,Sat,1320,LB,CE1C,303B 323B ,,R,D,BF,F ,T,T,R,50,0,0,0,,,1757481,5926208
Auckland,ESMONDE ROAD,, ,I,FRED THOMAS DRIVE,201435116,23/03/2014,Sun,134,AO,XE1X,351A 525A ,,R,D,DO,F ,X,T,C,50,0,0,0,,,1757481,5926208
Auckland,ESMONDE ROAD,, ,I,FRED THOMAS DRIVE,201434734,30/04/2014,Wed,2230,JA,CW1C,322A ,,R,D,DO,F ,T,T,C,50,0,0,0,,,1757481,5926208
Auckland,ESMONDE ROAD,, ,I,FRED THOMAS DRIVE,201442023,30/07/2014,Wed,1041,FE,CW1C,181A ,,R,D,BF,F ,T,T,C,50,0,0,0,,,1757481,5926208
Auckland,ESMONDE ROAD,, ,I,FRED THOMAS DRIVE,201446166,23/10/2014,Thu,2142,KB,CS1C,322A 334A ,,E,D,DO,F ,T,T,C,50,0,0,0,,,1757481,5926208
Auckland,ESMONDE ROAD,, ,I,FRED THOMAS DRIVE,201437357,12/06/2014,Thu,1217,FE,CW1C,331A 350A ,,R,D,BF,F ,T,T,C,50,0,0,0,,,1757481,5926208
Auckland,ESMONDE ROAD,, ,I,LAKE ROAD,201447998,18/11/2014,Tue,2118,DB,VN2,111A 131A ,IKS,E,D,DO,F ,T,T,R,50,0,0,0,,,1758415,5926590
Auckland,ESMONDE ROAD,, ,I,LAKE ROAD,201444893,12/11/2014,Wed,1822,DB,VN2,111A 131A ,,M,D,OF,F ,T,T,C,50,0,0,0,,,1758415,5926590
Auckland,ESPLANADE ROAD,60,N, ,VIEW ROAD,201413691,06/06/2014,Fri,830,JA,CN14,308B 377B 839 930 ,,R,W,O ,F ,D, ,R,50,0,0,1,,,1756860,5917759
Auckland,ESTUARY ROAD,200,E, ,EVANS ROAD,201415325,09/08/2014,Sat,340,CA,CE1,103A 130A ,C,R,W,DO,F , ,N,N,50,0,0,1,,,1766134,5898243
Auckland,ETHEREGE PLACE,110,N, ,BLEAKHOUSE ROAD,201437145,18/05/2014,Sun,2130,EA,CE1C,129A ,M,R,D,DO,F , ,N,N,50,0,0,0,,,1771066,5915810
Auckland,ETHERTON DRIVE,50,N, ,REYLAND CLOSE,201430368,04/01/2014,Sat,1140,DB,CS1,101A 134A ,T,M,D,O ,F , ,N,C,50,0,0,0,,,1765710,5898961
Auckland,ETHERTON DRIVE,40,W, ,REYLAND CLOSE,201437260,28/05/2014,Wed,1735,FF,CE1T,181A ,,E,D,DO,F , ,N,C,50,0,0,0,,,1765632,5898921
Auckland,ETHERTON DRIVE,90,W, ,WEYMOUTH ROAD,201441372,29/07/2014,Tue,46,DA,CE1V4,111A 131A 517A ,HM,E,D,DO,F , , ,C,50,0,0,0,,,1765853,5899013
Auckland,EUGENIA RISE,80,N, ,EVERGLADE DRIVE,201414631,29/06/2014,Sun,1220,QG,CS14,665A 666A 682A ,,M,D,B ,F , , ,C,50,0,0,1,,,1769059,5902943
Auckland,EUGENIA RISE,, ,I,IDESIA PLACE,201414787,09/08/2014,Sat,2212,DB,CN1C,131A 358A ,MT,E,D,DO,F ,T,G,C,50,0,1,0,,,1768952,5902822