TLANAME,CRASHROAD,CRASHDIST,CRASHDIRN,INTSN,SIDEROAD,CRASHID,CRASHDATE,CRASHDOW,CRASHTIME,MVMT,VEHICLES,CAUSES,OBJECTSSTRUCK,ROADCURVE,ROADWET,LIGHT,WTHRa,JUNCTYPE,TRAFCTRL,ROADMARK,SPDLIM,CRASHFATALCNT,CRASHSEVCNT,CRASHMINCNT,PERSAGE1,PERSAGE2,EASTING,NORTHING
Auckland,EVANS ROAD,250,E, ,PLEASANT ROAD,201430006,01/01/2014,Wed,2327,EA,CE1C,129A 357A ,M,R,D,DO,F , ,N,C,50,0,0,0,,,1747459,5913349
Auckland,EVANS ROAD,1200,S, ,SOUTH HEAD ROAD,201418534,05/12/2014,Fri,1039,CB,4S1,101A 129A ,C,R,D,BN,F , ,N,N,100,0,1,0,,,1724202,5942714
Auckland,EVERGLADE DRIVE,50,S, ,CRAIL COURT,201431058,17/02/2014,Mon,1130,EA,TS1C,129A 386A ,M,E,D,O ,F , ,N,C,50,0,0,0,,,1768853,5903177
Auckland,EVERGLADE DRIVE,, ,I,DEODAR PLACE,201439153,08/06/2014,Sun,1400,DB,CS1C,134A 410A ,M,R,D,B ,F ,T,N,C,50,0,0,0,,,1768883,5903129
Auckland,EVERGLADE DRIVE,, ,I,KERI ANNE PLACE,201417747,19/12/2014,Fri,1423,CC,4S1CC,102A 410A ,HM,R,D,B ,F ,T,G,C,50,0,0,2,,,1768570,5903666
Auckland,EVERGLADE DRIVE,15,S, ,MELIA GROVE,201446340,16/09/2014,Tue,1100,EA,CS1V,129A ,M,R,W,OF,L , ,N,C,50,0,0,0,,,1768812,5904083
Auckland,EVERGLADE DRIVE,, ,I,RANSOM SMYTH DRIVE N,201441241,28/07/2014,Mon,907,JC,CN1C,302B 330B ,,M,D,B ,F ,T,G,C,50,0,0,0,,,1768832,5904261
Auckland,EVERGLADE DRIVE,10,S, ,REDOUBT ROAD,201447981,26/11/2014,Wed,630,FE,CN1C,331A ,,R,D,O ,F ,X,T,C,50,0,0,0,,,1768752,5904537
Auckland,EVERGLADE DRIVE,100,S, ,REDOUBT ROAD,201438032,13/06/2014,Fri,1630,LB,CN1C,303B 929 ,,R,D,B ,F ,D,N,C,50,0,0,0,,,1768772,5904449
Auckland,EVERGLADE DRIVE,, ,I,REDOUBT ROAD,201412277,05/03/2014,Wed,1930,NA,CS1K,713B ,,R,D,TF,F ,X,T,C,50,0,0,1,,,1768750,5904546
Auckland,EVERITT ROAD,, ,I,CLAYTON AVENUE,201447515,09/11/2014,Sun,1824,DA,CE2,111A 131A ,X,R,D,B ,F ,T,S,N,50,0,0,0,,,1766815,5907334
Auckland,EVERSLEIGH ROAD,5,S, ,CORONATION ST,201433900,29/03/2014,Sat,421,EA,CN14,103A 386A ,M,R,D,DO,F ,X,G,N,50,0,0,0,,,1759081,5925335
Auckland,EVERSLEIGH ROAD,100,N, ,RUTHERFORD ST,201447729,15/11/2014,Sat,1045,MO,CS1C,386A ,M,R,D,O ,FS, , ,N,50,0,0,0,,,1759148,5925433
Auckland,EWART ROAD,50,N, ,MASSEY ROAD,201436820,29/04/2014,Tue,1720,EA,VS1C,129A ,M,E,D,O ,F , , ,N,50,0,0,0,,,1763114,5908105
Auckland,EWEN ALISON AVENUE,50,W, ,VICTORIA ROAD,201435199,10/03/2014,Mon,1659,MO,CE14,371A ,M,R,D,B ,F , ,N,C,50,0,0,0,,,1760174,5922937
Auckland,EXMINSTER ST,100,E, ,RATHLIN ST,201449875,06/12/2014,Sat,308,EA,CE1C,103A 129A ,M,R,D,DO,F , ,N,N,50,0,0,0,,,1752029,5912536
Auckland,EXMOUTH ROAD,, ,I,COLLEGE ROAD,201446154,22/10/2014,Wed,1835,JA,VE1C,302B 375B ,,R,D,O ,F ,T,G,C,50,0,0,0,,,1755705,5925551
Auckland,EXMOUTH ROAD,, ,I,COLLEGE ROAD,201442503,22/08/2014,Fri,1715,GE,CW1C,160A 333A ,,R,D,OF,F ,Y,G,C,50,0,0,0,,,1755705,5925551
Auckland,EXMOUTH ROAD,90,W, ,MCBREEN AVENUE W,201431466,14/01/2014,Tue,1658,EA,CW1C,129A ,FM,R,D,OF,F , ,N,C,50,0,0,0,,,1756359,5925263
Auckland,EXMOUTH ROAD,100,W, ,MCBREEN AVENUE W,201445627,01/10/2014,Wed,1645,EC,CE1,129A 402A ,X,R,D,B ,F , , ,C,50,0,0,0,,,1756350,5925267
Auckland,EXMOUTH ST,40,N, ,NEW NORTH ROAD,201449175,02/12/2014,Tue,840,AB,CS1C,153A 377A 839 ,,R,D,BF,F , ,N,C,50,0,0,0,,,1756752,5918592
Auckland,EXMOUTH ST,25,S, ,NEWTON ROAD,201433217,15/03/2014,Sat,1150,MD,CS1C,371B 929 ,,R,W,BF,L ,D,N,N,50,0,0,0,,,1756814,5918811
Auckland,FACTORY ROAD,, ,I,VICTORIA ST,201437508,31/05/2014,Sat,1540,DC,CE1,405A 407A 423A ,P,E,D,B ,F ,T,N,N,70,0,0,0,,,1767194,5880484
Auckland,FAIRBURN ROAD,, ,I,GREAT SOUTH ROAD,201433555,11/04/2014,Fri,1540,AO,BW1V,381A 671A ,,R, , F,  ,T,G,C,50,0,0,0,,,1764361,5909335
Auckland,FAIRDENE AVENUE,, ,I,EDWARDS AVENUE,201417248,03/11/2014,Mon,825,MO,CS1C,308B 377B 930 ,,R,D,O ,F ,D,G,C,50,0,0,1,,,1744883,5918590
Auckland,FAIRVIEW AVENUE,50,N, ,OTEHA VALLEY ROAD,201434019,08/04/2014,Tue,1200,BA,CS1C,357A 512A ,,R,D,B ,F , ,N,C,50,0,0,0,,,1753086,5935153
Auckland,FAIRVIEW CRESCENT,, ,I,GLEN BROOK ROAD,201410456,05/02/2014,Wed,1945,JA,MS1C,102A 302B ,,M,D,O ,F ,T,G,N,50,0,0,1,,,1783712,5923620
Auckland,FAIRVIEW ROAD,, ,I,WALLACE ROAD,201447969,20/11/2014,Thu,700,DB,CW1C,131A 402A 404A ,FHX,R,D,B ,F ,T,G,C,50,0,0,0,,,1765144,5905382
Auckland,FANCOURT ST,40,E, ,TEMPLE ST,201444116,27/09/2014,Sat,1130,AO,BE1C,125A 818 ,M,R,D,BF,F , ,N,N,50,0,0,0,,,1762889,5918066
Auckland,FANSHAWE ST,100,E, ,BEAUMONT ST,201449802,27/11/2014,Thu,504,AC,CE1C,112A 159A 514A ,,R,D,DO,F , ,N,R,80,0,0,0,,,1756390,5920847
Auckland,FANSHAWE ST,20,W, ,DALDY ST,201450179,13/06/2014,Fri,740,FE,CE1C,181A 331A ,,R,D,O ,F ,T,T,C,50,0,0,0,,,1756373,5920853
Auckland,FANSHAWE ST,30,W, ,DALDY ST,201416864,08/11/2014,Sat,31,CC,CE1,129A 353A ,IPS,R,D,DO,F , ,N,R,50,0,1,0,,,1756364,5920856
Auckland,FANSHAWE ST,, ,I,DALDY ST,201432897,11/03/2014,Tue,2230,LB,BE1C,303B ,,M,D,DO,F ,T,T,C,50,0,0,0,,,1756392,5920846
Auckland,FANSHAWE ST,, ,I,HALSEY ST,201410048,05/02/2014,Wed,1739,FE,CW1CC,331A 353A ,,R,D,B ,F ,X,T,R,50,0,0,2,,,1756610,5920757
Auckland,FANSHAWE ST,, ,I,HALSEY ST,201432880,19/03/2014,Wed,913,GF,CE1C,171A ,,M,D,O ,F ,M,T,N,50,0,0,0,,,1756608,5920771
Auckland,FANSHAWE ST,, ,I,HALSEY ST,201444647,26/09/2014,Fri,2353,LB,CW1C,303B 375B ,,R,D,DO,F ,X,T,C,50,0,0,0,,,1756610,5920757
Auckland,FANSHAWE ST,, ,I,HOBSON ST,201447830,01/11/2014,Sat,1332,HA,XW1C,322B ,,R, , F,  ,T,T,C,50,0,0,0,,,1757210,5920927
Auckland,FANSHAWE ST,, ,I,HOBSON ST,201439232,20/06/2014,Fri,2150,HA,CW1X,322A ,,R,D,DO,F ,M,T,C,50,0,0,0,,,1757210,5920927
Auckland,FANSHAWE ST,, ,I,MARKET PLACE,201440463,25/07/2014,Fri,2245,FE,CW1C,181A 330A ,,R,W,DO,F ,M,T,L,50,0,0,0,,,1757017,5920824
Auckland,FANSHAWE ST,, ,I,NELSON ST,201414626,17/07/2014,Thu,1111,FE,VE1C,331A 423A ,,R,D,B ,F ,X,T,R,50,0,0,1,,,1757017,5920824
Auckland,FANSHAWE ST W,50,W, ,CUSTOMS ST WEST,201433564,11/04/2014,Fri,730,AA,BE1C,372A 671A ,,R,D,OF,F , ,N,C,50,0,0,0,,,1756875,5920796
Auckland,FARM ROAD,100,W, ,CARRINGTON ROAD,201447930,09/10/2014,Thu,1250,KA,CE1C,308B 927 ,,R,D,B ,F ,D, ,C,50,0,0,0,,,1752377,5917285
Auckland,FARMER ST,15,N, ,TREMBATH AVENUE,201414762,29/04/2014,Tue,1750,NA,CN1E,377A 713B 727B ,,R,D,DO,F , , ,C,50,0,0,1,7,,1762301,5908174
Auckland,FARMER ST,50,W, ,VINE ST,201443920,19/10/2014,Sun,2028,EA,CE1CC,129A ,MM,R,D,DO,F , ,N,C,50,0,0,0,,,1762330,5908222
Auckland,FARRINGDON ST,, ,I,LINE ROAD,201449070,30/11/2014,Sun,802,CB,CS1,103A 130A ,P,R,D,BF,F ,T,G,C,50,0,0,0,,,1765644,5917735
Auckland,FARRINGDON ST,25,W, ,PADDINGTON ST,201444979,01/10/2014,Wed,1630,MO,CN1C,371A 386A 926 ,M,R,D,O ,F , ,N,C,50,0,0,0,,,1765939,5917429
Auckland,FAVONA ROAD,30,E, ,DEWHURST PLACE,201411615,10/03/2014,Mon,1107,CB,CW1C,414A ,M,R,D,BF,F , ,N,C,50,0,0,1,,,1760720,5909077
Auckland,FAVONA ROAD,, ,I,HARANIA AVENUE,201434674,31/03/2014,Mon,1720,JA,CW14,302B 353B 377B ,,R,D,BF,F ,T,G,C,60,0,0,0,,,1761068,5909256
Auckland,FAVONA ROAD,, ,I,HARANIA AVENUE,201438030,12/06/2014,Thu,715,JA,CW1V,302B 377B ,,R,W,O ,F ,T,G,C,60,0,0,0,,,1761068,5909256
Auckland,FAVONA ROAD,90,W, ,NORANA AVENUE,201436533,09/05/2014,Fri,1311,KA,4W1C,308B 377B 402B 839 929 ,,M,D,B ,F ,D, ,C,60,0,0,0,,,1761339,5909353
Auckland,FAVONA ROAD,, ,I,NORANA AVENUE,201440607,24/07/2014,Thu,1640,JA,CE1C,302B ,,E,D,TF,F ,T,G,C,50,0,0,0,,,1761427,5909373
Auckland,FAVONA ROAD,20,E, ,ROBERTSON ROAD,201438914,18/06/2014,Wed,1450,AA,CW1V,357A 372A ,,R,D,BF,F , ,N,C,60,0,0,0,,,1760479,5908931
Auckland,FEATHERSTON CRESCENT,, ,I,PATEA PLACE,201430385,28/01/2014,Tue,145,DB,CS1,103A ,P,M,D,DO,F ,T,N,N,50,0,0,0,,,1768206,5907347
Auckland,FEDERAL ST,20,N, ,VICTORIA ST WEST,201417782,26/10/2014,Sun,2350,NA,CN1E,376A ,,R,D,DN,F , ,N,N,50,0,0,1,49,,1757154,5920530
Auckland,FEDERAL ST,15,S, ,VICTORIA ST WEST,201440200,07/05/2014,Wed,2130,FE,CN1C,181A 331A ,,R,D,DO,F ,T,T,N,50,0,0,0,,,1757142,5920497
Auckland,FEDERAL ST,20,S, ,VICTORIA ST WEST,201438706,05/07/2014,Sat,15,FE,CN1C,181A ,,R,D,DO,F , ,T,C,50,0,0,0,,,1757140,5920493
Auckland,FEDERAL ST,100,S, ,WELLESLEY ST WEST,201440650,20/07/2014,Sun,920,MO,VN1C,427A 927 ,M,R,D,B ,F ,D,N,N,50,0,0,0,,,1757038,5920213
Auckland,FELLBROOK ST,5,N, ,BURBANK AVENUE,201410583,21/01/2014,Tue,1800,NB,CN1E,712B 713B ,,R,D,TF,F ,X,G,C,50,0,0,1,12,,1765897,5901158
Auckland,FELTON MATHEW AVENUE,15,N, ,MERTON ROAD,201431861,12/03/2014,Wed,2220,CB,CS1C,514A 517A ,FM,R,D,DO,F , ,N,N,50,0,0,0,,,1764996,5916817
Auckland,FELTON MATHEW AVENUE,50,E, ,SIMKIN AVENUE,201447235,09/11/2014,Sun,1700,EA,CE1C,129A ,M,R,D,B ,F , , ,C,50,0,0,0,,,1764591,5917724
Auckland,FENCIBLE DRIVE,, ,I,MOORE ST,201412584,11/04/2014,Fri,1345,HA,CS2C,302A 370A 801 ,,M,W,O ,L ,R,G,C,50,0,0,2,,,1772126,5914949
Auckland,FENNELL CRESCENT,100,N, ,LAURA JANE DRIVE,201443086,15/09/2014,Mon,1400,KB,CN1C,308B 375B 929 ,,R,D,B ,F ,D, ,N,50,0,0,0,,,1750052,5948052
Auckland,FERGUSON ROAD,100,S, ,EAST TAMAKI ROAD,201433956,04/04/2014,Fri,1300,FA,VN1C,181A 353A ,,R,D,B ,F , ,N,C,50,0,0,0,,,1767472,5907547
Auckland,FERNDOWN AVENUE,, ,I,CARINGBAH DRIVE,201431559,10/01/2014,Fri,630,JC,4E2C,302A ,,R,D,O ,F ,T,G, ,50,0,0,0,,,1763479,5905531
Auckland,FERNDOWN AVENUE,, ,I,DAPHNE ROAD,201430492,30/01/2014,Thu,815,EA,CE14,205B 444B ,M,E,D,O ,F ,T,N,N,50,0,0,0,,,1763765,5905118
Auckland,FERNDOWN AVENUE,, ,I,DAPHNE ROAD,201441426,19/07/2014,Sat,1750,GE,CS1C,157A 160A ,,R,D,DO,F ,T,N,C,50,0,0,0,,,1763765,5905118
Auckland,FERNDOWN AVENUE,40,N, ,KOMAKO PLACE,201449066,26/12/2014,Fri,2115,GB,CN1C,387A 929 ,,R,D,OF,F ,D,N,C,50,0,0,0,,,1763594,5905428
Auckland,FERNHILL DRIVE,15,S, ,FRED TAYLOR DRIVE,201450224,29/06/2014,Sun,930,FF,CN1M,132A ,,R,D,BF,F , ,N,C,50,0,0,0,,,1743559,5923795
Auckland,FERNHILL DRIVE,30,N, ,WESTGATE DRIVE,201449577,03/12/2014,Wed,1404,MO,CS1C,371A ,M,R,D,B ,F ,R,G,C,50,0,0,0,,,1743692,5923588
Auckland,FIELDS LANE,, ,I,CHANCERY ST,201412181,11/04/2014,Fri,1059,HA,CS14,321B 355B ,,R,D,O ,F ,X,S,C,50,0,0,1,,,1757631,5920566
Auckland,FIELDS ROAD,, ,I,HOOKS ROAD,201444663,18/09/2014,Thu,1130,MC,CN1C,372B 381B ,,R,W,B ,F ,T,N,N,50,0,0,0,,,1768892,5899424
Auckland,FIGARO CRESCENT,, ,I,REINS ROAD,201433607,15/03/2014,Sat,55,DA,VS2C,101A 131A 801 ,M,E,W,DO,L ,T,N,N,50,0,0,0,,,1772233,5898419
Auckland,FINCHLEY ROAD,50,N, ,ACACIA ROAD,201448392,24/12/2014,Wed,1830,EA,CN1C,386A ,M,E,D,B ,F , ,N,C,70,0,0,0,,,1755239,5936114
Auckland,FINLAYSON AVENUE,120,S, ,KOPARA PLACE,201413123,18/04/2014,Fri,521,CB,CN1C,103A 112A 130A ,HX,R,D,DO,F , , ,C,50,0,0,1,,,1765223,5900836
Auckland,FINLAYSON AVENUE,, ,I,PALMERS ROAD,201441008,25/07/2014,Fri,1750,FB,CS1C,181A ,,R,W,BF,L ,R,G,R,50,0,0,0,,,1765454,5899420
Auckland,FINLAYSON AVENUE,90,N, ,WAI ITI PLACE,201449562,14/12/2014,Sun,630,DB,CN1,103A 110A 131A 901 ,F,E,W,DO,H , , ,C,50,0,0,0,,,1765465,5899946
Auckland,FIRTH ST,, ,I,NORRIE ROAD,201441130,19/08/2014,Tue,740,GF,TN1C,671A ,,R,D,BF,F ,T,S,C,50,0,0,0,,,1773103,5891785
Auckland,FISHER PARADE,15,N, ,FORDYCE AVENUE,201413837,15/05/2014,Thu,1214,GB,SN1C,175B 370B 929 ,,R,D,B ,F ,D, ,C,50,0,0,1,,16,1767606,5914852
Auckland,FISHER PARADE,, ,I,THE BOULEVARD,201438921,20/06/2014,Fri,1000,JA,CS1C,302A 375A ,,R,D,BF,F ,T,G,C,50,0,0,0,,,1767305,5914337
Auckland,FITZGERALD ROAD,400,E, ,COSSEY ROAD,201413775,28/05/2014,Wed,1600,FD,4E1C,181A ,,R,D,BN,F , ,N,C,80,0,0,1,,,1775232,5889889
Auckland,FLANSHAW ROAD,, ,I,GRAINGER ROAD,201413036,21/05/2014,Wed,920,LB,CS1C,303B 382B ,,R,D,OF,F ,T,G,C,50,0,0,1,,,1746674,5919162
Auckland,FLANSHAW ROAD,, ,I,TE ATATU ROAD,201441353,08/08/2014,Fri,815,KA,CS1C,302B 386B ,,E,D,B ,F ,R,G,R,50,0,0,0,,,1746828,5918838
Auckland,FLANSHAW ROAD,, ,I,VODANOVICH ROAD,201417252,11/11/2014,Tue,1056,JA,CN1C,101B 301B 330B ,,R,D,B ,F ,T,S,C,50,0,0,2,,,1746697,5919103
Auckland,FLAT BUSH ROAD,, ,I,AWATERE ST,201433272,16/03/2014,Sun,1249,HA,4N2C,302A 375A ,,R,D,OF,L ,X,G,C,50,0,0,0,,,1767901,5906152
Auckland,FLAT BUSH ROAD,, ,I,RAVENNA WAY,201412175,12/04/2014,Sat,2233,GD,TE1V,103A 331A ,,R,D,DO,F ,T,N,C,50,0,0,1,,,1768345,5906128
Auckland,FLAT BUSH ROAD,, ,I,VICKERMAN ST,201437212,09/05/2014,Fri,1740,LB,SE1C,303B 375B ,,R,D,DO,F ,T,G,C,50,0,0,0,,,1767494,5906223
Auckland,FLAT BUSH SCHOOL ROAD,, ,I,BROOKVIEW DRIVE,201431810,28/02/2014,Fri,2225,DB,CW1,111A 350A ,S,R,W,DO,L ,R,G,R,50,0,0,0,,,1770285,5906365
Auckland,FLAT BUSH SCHOOL ROAD,400,E, ,MCQUOIDS ROAD,201444953,01/10/2014,Wed,1320,CB,CW1,129A 358A ,V,R,D,B ,F , ,N,C,100,0,0,0,,,1772315,5905816
Auckland,FLEET ST,15,S, ,MACAULAY ST,201430809,28/01/2014,Tue,230,EA,CS1CC,103A ,MM,E,D,DO,F ,T,N,C,50,0,0,0,,,1756557,5918819
Auckland,FLEET ST,, ,I,NEWTON ROAD,201436623,09/05/2014,Fri,1650,JO,SE1C,204A 301B ,,R,W,O ,F ,X,S,C,50,0,0,0,,,1756583,5918905
Auckland,FLEMING ST,, ,I,HYDE ST,201434694,23/03/2014,Sun,110,CB,CS1,103A 130A ,K,R,D,DO,F ,T,G,C,50,0,0,0,,,1769376,5900917
Auckland,FLORENCE AVENUE,50,W, ,HIBISCUS COAST HIGHWAY,201440215,20/06/2014,Fri,1340,JA,CW1C,308B 925 ,,R,D,O ,F ,D, ,C,50,0,0,0,,,1751599,5949797
Auckland,FLOWER ST,20,S, ,NIKAU ST,201443899,10/08/2014,Sun,1040,MD,CN1C,308B 929 ,,R,D,OF,F ,D,N,C,50,0,0,0,,,1756889,5918478
Auckland,FOLEY QUARRY ROAD,, ,I,DAIRY FLAT HIGHWAY,201447996,27/11/2014,Thu,1308,DB,CS1,111A 131A ,C,M,D,B ,F ,T,S,C,100,0,0,0,,,1748854,5936290
Auckland,FONTEYN ST,300,W, ,ROSEBANK ROAD,201413868,24/05/2014,Sat,1842,EC,VN1,103A 385A 402A 927 ,X,R,D,DO,F ,D, ,N,50,0,0,1,,,1749808,5916295
Auckland,FORDYCE AVENUE,70,W, ,HILL RISE,201400017,27/01/2014,Mon,2340,CA,SW1,105A 109A 350A ,,R,W,DO,F , ,N,N,50,1,0,0,,64,1767798,5914658
Auckland,FORDYCE ROAD,4600,W, ,PARKHURST ROAD,201434729,02/05/2014,Fri,1800,DB,CE1,131A 402A ,F,M,D,DN,F , ,N,N,80,0,0,0,,,1724110,5940203
Auckland,FOREST HILL ROAD,, ,I,FARWOOD DRIVE,201445347,13/09/2014,Sat,1600,DB,CN1V,197A ,M,E,W,O ,L ,R,G,R,50,0,0,0,,,1744238,5915326
Auckland,FOREST HILL ROAD,, ,I,HENDERSON VALLEY ROAD,201449140,23/11/2014,Sun,1240,FF,CN1C,428B 521B ,,R,D,BF,F ,X,G,R,50,0,0,0,,,1744336,5915706
Auckland,FOREST HILL ROAD,, ,I,HENDERSON VALLEY ROAD,201436352,31/03/2014,Mon,2115,FB,CN1C,181A ,,R,D,DO,F ,R,G,R,50,0,0,0,,,1744335,5915701
Auckland,FOREST HILL ROAD,500,S, ,HOLDENS ROAD,201430671,07/02/2014,Fri,2237,DB,CN1,103A 111A ,FS,M,W,DN,L , ,N,C,50,0,0,0,,,1743304,5914052
Auckland,FOREST HILL ROAD,550,W, ,PINE AVENUE,201431844,03/03/2014,Mon,1000,DB,TE1,111A 131A ,FV,S,W,ON,L , ,N,N,80,0,0,0,,,1743648,5914520
Auckland,FOREST HILL ROAD,, ,I,PINE AVENUE,201436224,15/05/2014,Thu,919,DA,CN2,131A ,F,E,D,B ,F ,R,G,R,50,0,0,0,,,1743927,5914980
Auckland,FOREST HILL ROAD,, ,I,PINE AVENUE,201450247,29/12/2014,Mon,1800,HA,CS2C,302A 375A ,,R,D,BF,F ,R,G,C,50,0,0,0,,,1743921,5914979
Auckland,FORREST HILL ROAD,10,S, ,BOND CRESCENT,201400120,21/05/2014,Wed,1742,PO,VN1E,129A 205A ,,R,W,DO,L ,T,N,P,50,1,0,0,85,,1756161,5929082
Auckland,FORREST HILL ROAD,40,N, ,HAVELOCK AVENUE,201436280,01/05/2014,Thu,1715,MA,CS1CC,373B ,,R,D,TF,F , , ,P,50,0,0,0,,,1756012,5929576
Auckland,FORREST HILL ROAD,100,N, ,HAVELOCK AVENUE,201438966,19/06/2014,Thu,1530,GD,CN1C,331A 352A 929 ,,R,D,BF,F ,D,N,C,50,0,0,0,,,1756018,5929636
Auckland,FORREST HILL ROAD,, ,I,HAVELOCK AVENUE,201447158,21/10/2014,Tue,835,KB,CS1C,302B ,,R,D,B ,F ,T,G,C,50,0,0,0,,,1756008,5929536
Auckland,FORREST HILL ROAD,, ,I,HAVELOCK AVENUE,201436595,23/05/2014,Fri,820,JA,CN14,302B 377B ,,M,D,B ,F ,T,G,C,50,0,0,0,,,1756008,5929536
Auckland,FORREST HILL ROAD,, ,A,HOSPITAL ROAD,201436597,20/05/2014,Tue,1330,KA,CW2C,302B 386B 502B ,,R,D,B ,F ,R,G,R,50,0,0,0,,,1763710,5907700
Auckland,FORREST HILL ROAD,, ,I,NILE ROAD N,201442400,29/07/2014,Tue,825,JA,CS1C,302B 387B ,,R,D,BF,F ,T,G,C,50,0,0,0,,,1756175,5929042
Auckland,FORREST HILL ROAD,, ,I,NILE ROAD N,201440599,19/07/2014,Sat,1630,AA,CS1C,170A 801 ,,R,W,O ,L ,T,T,C,50,0,0,0,,,1756175,5929042
Auckland,FORREST HILL ROAD,, ,I,NILE ROAD S,201414576,24/06/2014,Tue,1330,HA,CW2C,302A 375A 929 ,,R,D,O ,F ,D,G,C,50,0,0,1,,,1756184,5928162
Auckland,FORREST HILL ROAD,100,S, ,RICHARDS AVENUE,201430753,10/01/2014,Fri,1205,DA,CS1,130A 359A 929 ,T,R,D,BF,F ,D,N,C,50,0,0,0,,,1756043,5929873
Auckland,FORREST HILL ROAD,, ,I,RICHARDS AVENUE,201437905,13/06/2014,Fri,1000,GD,CN1C,181A 331A ,,R,D,B ,F ,T,G,C,50,0,0,0,,,1756061,5929971
Auckland,FORREST HILL ROAD,, ,I,SEINE ROAD,201433569,22/04/2014,Tue,858,LB,CS1C,303B 314B 377B ,,R,D,BF,F ,T,G,C,50,0,0,0,,,1756069,5929361
Auckland,FORREST HILL ROAD,100,N, ,TRISTRAM AVENUE,201450576,23/10/2014,Thu,1630,EE,4S1C,129A ,M,R,D,O ,F , , ,C,50,0,0,0,,,1756087,5929305
Auckland,FORREST HILL ROAD,100,N, ,TRISTRAM AVENUE,201447560,05/11/2014,Wed,846,FD,CS1CC,181A 331A 402A 801 ,,R,W,O ,L , , ,P,50,0,0,0,,,1756087,5929305
Auckland,FORREST HILL ROAD,20,S, ,TRISTRAM AVENUE,201441744,14/08/2014,Thu,1053,MD,CN1T,371B 929 ,,R,W,O ,F ,D,N,L,50,0,0,0,,,1756125,5929191
Auckland,FORT RICHARD ROAD,, ,I,GREAT SOUTH ROAD,201441040,25/07/2014,Fri,1150,JA,CN1C,301B 377B 839 ,,R,D,BF,F ,T,S,C,50,0,0,0,,,1764345,5909404
Auckland,FORT ST,, ,I,COMMERCE ST,201444347,15/09/2014,Mon,846,KB,VW14,375B ,,R,D,B ,F ,T,G,C,50,0,0,0,,,1757589,5920741
Auckland,FORTUNES ROAD,, ,I,BUTLEY DRIVE,201433893,01/04/2014,Tue,822,GF,CW1C,129A 386A ,,R,D,O ,F ,R,G,R,50,0,0,0,,,1769053,5914793
Auckland,FORTUNES ROAD,, ,I,BUTLEY DRIVE,201443676,31/08/2014,Sun,940,DA,CE2,131A 801 ,P,R,W,O ,L ,R,G,R,50,0,0,0,,,1769032,5914792
Auckland,FORTUNES ROAD,60,N, ,NASSAU COURT,201435490,30/04/2014,Wed,1215,GB,CN1C,150B 175B 929 ,,R,D,B ,F ,D,N,C,50,0,0,0,,,1769061,5914729
Auckland,FOSTER ROAD,200,S, ,TRIGG ROAD,201434274,17/02/2014,Mon,334,DB,CS1,102A 131A 412A ,V,E,W,DN,F , , ,C,80,0,0,0,,,1734921,5928895
Auckland,FOUNDRY ROAD,15,W, ,MANGA ROAD,201447250,28/10/2014,Tue,1002,JA,4W1C,308B 330B 927 ,,R,D,O ,F ,D,N,C,50,0,0,0,,,1750338,5945677
Auckland,FOURTH AVENUE,20,W, ,SCHOOL ROAD,201448483,02/11/2014,Sun,1000,EA,CE1C,129A ,M,R,D,BN,F , ,N,N,50,0,0,0,,,1754868,5918172
Auckland,FOWLDS AVENUE,25,S, ,FERGUSSON AVENUE,201444892,13/11/2014,Thu,1330,EB,CN1C,197A ,M,R,W,OF,H , ,N,C,50,0,0,0,,,1754389,5916146
Auckland,FOWLDS AVENUE,, ,I,LOCARNO AVENUE,201440619,21/07/2014,Mon,930,JA,CN1C,321B ,,R,D,B ,F ,T,S,R,50,0,0,0,,,1754426,5916277
Auckland,FRANCIS ST,40,E, ,JUTLAND ROAD,201417369,09/11/2014,Sun,2353,CC,CE1VC,410A ,M,R,D,DO,F , , ,N,50,0,0,1,,,1758455,5925668
Auckland,FRANK BUNCE GROVE,, ,I,MICHAEL JONES DRIVE,201449689,16/12/2014,Tue,945,BF,CS1C,133B 433B 517B 903 ,K,M,D,B ,FS,T,G,N,50,0,0,0,,,1769416,5906778
Auckland,FRANK GREY PLACE,, ,I,AVENUE ROAD EAST,201433270,15/03/2014,Sat,655,HA,CW2C,302A 375A ,,R,W,DO,F ,T,G,C,50,0,0,0,,,1765178,5910082
Auckland,FRANK GREY PLACE,100,N, ,CURLEW BAY ROAD,201449247,25/12/2014,Thu,2146,MO,CN1C,103A 357A 512A 929 ,M,R,D,DO,F ,D,N,N,50,0,0,0,,,1765236,5909837
Auckland,FRANK GREY PLACE,, ,I,PRINCES ST EAST,201433610,22/03/2014,Sat,2222,GA,CS14,103A 181A 331A 402A ,,R,D,DO,F ,X,T,C,50,0,0,0,,,1765129,5910299
Auckland,FRANK ST,, ,I,OCEAN VIEW ROAD,201433733,24/03/2014,Mon,745,HA,CS1C,301A ,,M,D,B ,F ,M,S,C,50,0,0,0,,,1780529,5926732
Auckland,FRANKLIN ROAD,, ,I,MIDDLE ST,201449485,18/12/2014,Thu,2035,FC,CN1C,181A ,,R,D,DO,F ,X,G,X,50,0,0,0,,,1756093,5920336
Auckland,FRANKLIN ROAD,, ,I,MIDDLE ST,201443249,26/08/2014,Tue,1613,HA,CS2C,103A 302A 330A ,,R,D,O ,F ,X,G,C,50,0,0,0,,,1756093,5920336
Auckland,FRANKLIN ROAD,, ,I,PONSONBY ROAD,201437096,03/06/2014,Tue,1940,FE,CW1C,181A ,,M,D,DO,F ,T,T,P,50,0,0,0,,,1755608,5919957
Auckland,FRANKLIN ROAD,, ,I,WELLINGTON ST,201449457,28/11/2014,Fri,2121,LB,4S1C,303B ,,R,D,DO,F ,T,G,P,50,0,0,0,,,1755922,5920179
Auckland,FRANKLYNE ROAD S,, ,I,ALEXANDER CRESCENT,201448951,14/12/2014,Sun,450,DA,CN2,111A 131A 801 ,P,M,W,DO,H ,T,N,N,50,0,0,0,,,1767001,5908581
Auckland,FRATLEY AVENUE,50,E, ,LILIAN PLACE,201439171,23/06/2014,Mon,2230,EA,CE1C,386A ,M,R,D,DO,F , ,N,C,50,0,0,0,,,1768429,5915121