TLANAME,CRASHROAD,CRASHDIST,CRASHDIRN,INTSN,SIDEROAD,CRASHID,CRASHDATE,CRASHDOW,CRASHTIME,MVMT,VEHICLES,CAUSES,OBJECTSSTRUCK,ROADCURVE,ROADWET,LIGHT,WTHRa,JUNCTYPE,TRAFCTRL,ROADMARK,SPDLIM,CRASHFATALCNT,CRASHSEVCNT,CRASHMINCNT,PERSAGE1,PERSAGE2,EASTING,NORTHING
Auckland,FRED TAYLOR DRIVE,200,W, ,DON BUCK ROAD,201417253,11/11/2014,Tue,710,FD,CS1CC,181A 331A ,,R,D,B ,F , , ,C,80,0,0,1,,,1743168,5923835
Auckland,FRED TAYLOR DRIVE,400,W, ,DON BUCK ROAD,201441061,14/07/2014,Mon,1615,GA,CN1C,333A 350A 929 ,,R,D,BF,F ,D,N,L,50,0,0,0,,,1743029,5923978
Auckland,FRED TAYLOR DRIVE,, ,I,DON BUCK ROAD,201433322,19/03/2014,Wed,1630,AO,TW1C,381A 671A ,,M,D,OF,F ,R,G,R,50,0,0,0,,,1743369,5923725
Auckland,FRED TAYLOR DRIVE,100,N, ,DUNLOP ROAD,201410295,11/02/2014,Tue,1618,LB,4N1CC,193B 303B 929 ,M,R,D,B ,F ,D,N,C,80,0,0,1,,,1742855,5924174
Auckland,FRED TAYLOR DRIVE,, ,I,DUNLOP ROAD,201413159,19/05/2014,Mon,1930,GB,TN1C,387A 142B 175B 351B 355B 402B ,,R,D,DO,F ,T,G,L,80,0,0,1,,,1742924,5924102
Auckland,FRED TAYLOR DRIVE,50,E, ,FERNHILL DRIVE,201430668,04/02/2014,Tue,1620,FD,CW1C,181A 330A 927 ,,R,D,B ,F , ,N,C,80,0,0,0,,,1743597,5923832
Auckland,FRED TAYLOR DRIVE,160,N, ,HAILES ROAD,201443492,15/09/2014,Mon,625,FD,4N1C,181A 330A 132B ,,R,D,O ,F , ,N,C,80,0,0,0,,,1742442,5925905
Auckland,FRED TAYLOR DRIVE,200,N, ,HAILES ROAD,201450574,10/12/2014,Wed,520,CB,CN1,137A ,P,R,D,TF,F , , ,C,80,0,0,0,,,1742438,5925945
Auckland,FRED TAYLOR DRIVE,100,W, ,SH 16,201435092,05/04/2014,Sat,1440,AC,CN1C,357A 372A 357B ,,R,D,B ,F , ,N,R,50,0,0,0,,,1742384,5926437
Auckland,FRED THOMAS DRIVE,20,S, ,ANZAC ST,201432920,21/02/2014,Fri,1527,MC,CN1C,372B ,,E,D,BF,F ,T,T,C,50,0,0,0,,,1757230,5926946
Auckland,FREDERICK ST,20,W, ,CARLTON ST,201436548,16/05/2014,Fri,1354,MO,CW1C,111A 386A 514A 517A ,,E,D,B ,F , , ,C,50,0,0,0,,,1757182,5912072
Auckland,FREELAND AVENUE N,10,W, ,ROSEMAN AVENUE,201430608,28/01/2014,Tue,1630,MO,CN1,423A 929 ,F,E,D,B ,F ,D,N,C,50,0,0,0,,,1754502,5913467
Auckland,FREEMAN WAY,90,N, ,CAVENDISH DRIVE,201412648,25/01/2014,Sat,1745,JA,SS1C,103B 308B 375B 926 ,,R,D,BF,F ,D,N,R,50,0,0,1,,53,1767182,5904897
Auckland,FREEMAN WAY,120,E, ,JACK CONWAY AVENUE,201440909,29/07/2014,Tue,1000,MO,CW1C,371A 926 ,M,R,D,BF,F , ,N,N,50,0,0,0,,,1767119,5904906
Auckland,FREYBERG AVENUE,15,W, ,KIWITEA ST,201433317,22/03/2014,Sat,2210,EA,VW1CC,103A 512A 514A ,M,M,D,DO,F , ,N,C,50,0,0,0,,,1754722,5914929
Auckland,FRIEDLANDERS ROAD,, ,I,ASTOR PLACE,201434304,19/02/2014,Wed,1236,GC,CN1C,372B ,,R,D,B ,F ,T,G,R,50,0,0,0,,,1768062,5899389
Auckland,FRIEDLANDERS ROAD,100,S, ,CLAYMORE ST,201447513,29/10/2014,Wed,1740,EC,CS1,129A 350A ,I,R,D,B ,F , , ,R,50,0,0,0,,,1767959,5899627
Auckland,FRIEDLANDERS ROAD,, ,I,DOCTOR PICKERING AVENUE,201442409,05/08/2014,Tue,1650,LB,CN1C,303B 375B ,,R,D,OF,F ,T,G,R,50,0,0,0,,,1767922,5899701
Auckland,FRIEDLANDERS ROAD,10,S, ,EDDOWES ST,201447474,20/11/2014,Thu,730,FA,CS1C,350A 402A 929 ,,R,D,O ,F ,D,N,L,50,0,0,0,,,1767692,5900211
Auckland,FRIEDLANDERS ROAD,15,S, ,WILLIAM AVENUE,201437512,27/05/2014,Tue,1121,EA,CN1C,129A ,M,R,D,B ,F , , ,C,50,0,0,0,,,1767763,5900046
Auckland,FRIESIAN DRIVE,80,E, ,ASHGROVE ROAD,201411881,24/02/2014,Mon,744,EA,PE1C,129A 363A 902 ,M,R,D,BF,F , ,N,C,50,0,0,1,,,1761036,5906515
Auckland,FRIESIAN DRIVE,15,W, ,DUGGAN AVENUE,201449836,10/12/2014,Wed,1505,MC,VW1C,372B ,,R,D,OF,F , ,N,C,50,0,0,0,,,1760910,5906549
Auckland,FRIESIAN DRIVE,, ,I,MASSEY ROAD,201433565,09/04/2014,Wed,745,FB,CS1C,181A ,,R,D,BF,F ,X,S,C,50,0,0,0,,,1761324,5906206
Auckland,FROBISHER WAY,30,S, ,DORENDIA PLACE,201440926,06/08/2014,Wed,740,EA,CS1C,112A 132A 402A ,M,R,D,BF,F , ,N,C,50,0,0,0,,,1765786,5900728
Auckland,FROBISHER WAY,10,N, ,GLENNIS PLACE,201418052,08/11/2014,Sat,330,CB,VS1,104A 129A 357A ,T,R,D,DO,F ,T,N,C,50,0,1,0,,,1765858,5900547
Auckland,FROST ROAD,100,N, ,CARR ROAD,201414083,21/07/2014,Mon,1150,EA,CS1CC,129A 350A ,M,R,D,B ,F , ,N,C,50,0,0,1,,,1755824,5913567
Auckland,FUSION ROAD,, ,I,TRIUMPH ROAD,201449974,11/12/2014,Thu,1215,MC,CE1C,372B ,,R,D,O ,F ,X,G,N,50,0,0,0,,,1769607,5907262
Auckland,GADSBY ROAD,50,E, ,REGALWOOD PLACE,201444964,12/09/2014,Fri,1753,CC,CW1C,129A 134A ,M,R,W,O ,F , ,N,C,50,0,0,0,,,1761054,5908340
Auckland,GALATOS ST,70,W, ,EAST ST,201437219,17/05/2014,Sat,55,MO,CE1C,103A ,M,R,D,DO,F , ,N,N,50,0,0,0,,,1756656,5919370
Auckland,GALATOS ST,, ,I,EAST ST,201445600,13/10/2014,Mon,320,BB,CE1CC,101A 112A 514A 124B 512B 512C ,,R,D,DO,F ,T,N,N,50,0,0,0,,,1756722,5919395
Auckland,GALATOS ST,, ,I,EAST ST,201414398,10/07/2014,Thu,413,DA,CS2,111A 131A 191A 801 903 ,K,S,W,DO,LS,T,N,N,50,0,0,1,,,1756722,5919395
Auckland,GALWAY ST,15,N, ,CHURCH ST,201417904,29/11/2014,Sat,1300,NB,CS1E,713B ,,R,D,B ,F , , ,C,50,0,0,1,9,,1759224,5912222
Auckland,GALWAY ST,100,S, ,CHURCH ST,201435383,23/04/2014,Wed,1300,EA,TN1C,129A ,M,R,D,B ,F , , ,N,50,0,0,0,,,1759234,5912107
Auckland,GALWAY ST,30,E, ,COMMERCE ST,201448497,22/11/2014,Sat,1907,MO,CE1C,133A 423A ,M,R,D,OF,L , ,N,N,50,0,0,0,,,1757680,5920898
Auckland,GALWAY ST,25,W, ,GORE ST,201444648,01/10/2014,Wed,820,FA,SW1C,112A 331A 371B ,,R,D,B ,F ,T,S,N,30,0,0,0,,,1757707,5920888
Auckland,GALWAY ST,, ,I,NEILSON ST,201445518,09/10/2014,Thu,810,GF,TS1C,172A ,,E,D,O ,F ,X,G,C,50,0,0,0,,,1759262,5911766
Auckland,GALWAY ST,, ,I,NEILSON ST,201431554,14/01/2014,Tue,1723,GF,TN1C,142A 387B ,,S,D,B ,F ,X,G,C,50,0,0,0,,,1759262,5911766
Auckland,GARDNER AVENUE,, ,I,HUTCHINSON AVENUE,201436104,03/03/2014,Mon,805,HA,CN2C,301B ,,R,W,O ,F ,X,S,C,50,0,0,0,,,1749547,5912979
Auckland,GARDNER ROAD,15,W, ,CRESCENT ROAD,201437294,20/05/2014,Tue,1345,EA,CW1M,129A ,M,R,D,BF,F , ,N,C,50,0,0,0,,,1758392,5915035
Auckland,GARLAND ROAD,60,S, ,MASSEY AVENUE,201413722,28/04/2014,Mon,1750,NA,CS1E,711B ,,R,W,TF,L , ,N,N,50,0,1,0,34,,1760333,5914781
Auckland,GARNET ROAD,50,N, ,LARCHWOOD AVENUE,201438450,12/06/2014,Thu,315,EA,CS1C,103A 129A 130A 801 ,M,R,W,DO,L , , ,P,50,0,0,0,,,1753670,5919303
Auckland,GARNET ROAD,, ,I,MEOLA ROAD,201437958,02/06/2014,Mon,200,CB,CN1,103A 112A 817 ,FKT,R,D,DN,F ,R,G,C,50,0,0,0,,,1753333,5919779
Auckland,GARNET ROAD,, ,I,MEOLA ROAD,201437899,02/06/2014,Mon,415,CB,CN1,103A 112A ,F,R,D,DO,F ,R,G,C,50,0,0,0,,,1753333,5919779
Auckland,GARTH PLACE,100,E, ,FELLBROOK ST,201430112,05/02/2014,Wed,1325,DC,TE1,112A 130A 514A ,H,R,D,BF,F , ,N,N,50,0,0,0,,,1765928,5901418
Auckland,GARUS AVENUE,200,S, ,MCKINSTRY AVENUE,201431811,03/03/2014,Mon,6,DA,CN1,131A 358A ,P,M,D,DO,F , ,N,C,50,0,0,0,,,1761495,5907714
Auckland,GARUS AVENUE,20,W, ,WICKMAN WAY,201412700,28/04/2014,Mon,1035,MF,CE1C,371B ,,R,D,BF,F , ,N,C,50,0,0,1,,,1761526,5907696
Auckland,GARUS AVENUE,50,W, ,WICKMAN WAY,201436308,15/03/2014,Sat,2220,CB,CW1,103A 112A ,F,R,W,DO,L , ,N,C,50,0,0,0,,,1761500,5907711
Auckland,GAUNT ST,15,E, ,BEAUMONT ST,201440516,04/07/2014,Fri,1810,AC,4W1C,372A 671A 158B 801 ,,R,W,TO,L , , ,C,50,0,0,0,,,1756351,5920995
Auckland,GAUNT ST,, ,I,DALDY ST,201437903,18/05/2014,Sun,1720,HA,CS1C,301A 375A ,,R,D,TO,F ,M,S,C,50,0,0,0,,,1756434,5920966
Auckland,GAVIN ST,20,E, ,EAGLEHURST ROAD,201416588,27/08/2014,Wed,1654,DB,CN1,129A 352A ,TX,E,D,OF,F , ,N,L,50,0,0,1,,,1761907,5914323
Auckland,GAVIN ST,, ,I,EAGLEHURST ROAD,201433699,22/04/2014,Tue,324,DA,CS2,111A 131A 514A ,FH,M,W,DO,L ,T,G,C,50,0,0,0,,,1761891,5914335
Auckland,GAVIN ST,290,N, ,PENROSE ROAD,201435045,17/04/2014,Thu,1400,EA,CN1T,129A 386A ,M,R,D,B ,F , ,N,C,50,0,0,0,,,1762067,5913965
Auckland,GAVIN ST,, ,I,PENROSE ROAD,201437353,10/06/2014,Tue,1515,HA,CS1V,302A 382A ,,R,W,OF,L ,X,G,C,50,0,0,0,,,1762273,5913761
Auckland,GAVIN ST,20,E, ,WILKINSON ROAD,201445226,04/10/2014,Sat,925,MO,CE1C,371B ,,R,D,B ,F , , ,C,50,0,0,0,,,1761649,5914507
Auckland,GEDDES TERRACE,10,N, ,ST JUDE ST,201435388,14/03/2014,Fri,1220,KB,CS1C,308B 929 ,,R,D,B ,F ,D,N,N,50,0,0,0,,,1751292,5915044
Auckland,GELLING ROAD,350,S, ,ALDRIDGE ROAD,201412322,28/03/2014,Fri,1750,JA,MN1C,197A 308B 378B 831 929 ,V,M,D,O ,F ,D, ,C,100,0,1,0,,,1783959,5889939
Auckland,GEORGE BOLT MEMORIAL DRIV,, ,I,JOHN GOULTER DRIVE,201450024,21/12/2014,Sun,15,DA,CS1,111A 131A ,K,E,W,DO,L ,R,G,R,60,0,0,0,,,1759070,5903782
Auckland,GEORGE BOLT MEMORIAL DRIV,, ,I,JOHN GOULTER DRIVE,201416136,21/09/2014,Sun,935,KB,XN1S,302A 353A 801 ,,R,W,O ,L ,R,G,R,50,0,0,1,,58,1759058,5903779
Auckland,GEORGE BOLT MEMORIAL DRIV,, ,I,JOHN GOULTER DRIVE,201441089,20/07/2014,Sun,515,DB,CN1,135A 801 872 ,K,M,W,DO,LS,R,G,R,50,0,0,0,,,1759045,5903782
Auckland,GEORGE BOLT MEMORIAL DRIV,, ,I,MANU TAPU DRIVE,201441146,08/07/2014,Tue,2030,DA,CN1,111A 402A 632A ,,E,W,DO,L ,R,G,R,60,0,0,0,,,1759045,5903825
Auckland,GEORGE BOLT MEMORIAL DRIV,, ,I,MANU TAPU DRIVE,201447983,28/10/2014,Tue,800,DA,CN1,131A 407A 632A 800 801 ,K,R,W,O ,L ,R,G,C,50,0,0,0,,,1759045,5903825
Auckland,GEORGE BOLT MEMORIAL DRIV,, ,I,MANU TAPU DRIVE,201436543,12/05/2014,Mon,1820,GB,CS1C,172B 402B ,,E,D,DO,F ,R,G,R,50,0,0,0,,,1759079,5903791
Auckland,GEORGE BOLT MEMORIAL DRIV,70,N, ,TOM PEARCE DRIVE,201412792,21/05/2014,Wed,1245,FD,CN1CC,181A ,,R,W,OF,L , ,N,P,50,0,0,1,,,1759188,5903496
Auckland,GEORGE BOLT MEMORIAL DRIV,100,N, ,TOM PEARCE DRIVE,201436309,02/03/2014,Sun,1245,AC,TN1C,372A ,,R,D,OF,F , ,N,C,50,0,0,0,,,1759177,5903524
Auckland,GEORGE BOLT MEMORIAL DRIV,, ,I,TOM PEARCE DRIVE,201411618,24/03/2014,Mon,610,LB,CN14C,322B ,,R,D,DO,F ,X,T,C,50,0,0,2,,,1759206,5903430
Auckland,GEORGE BOLT MEMORIAL DRIV,, ,I,TOM PEARCE DRIVE,201433274,20/03/2014,Thu,1800,JC,XN1V,120A ,,R,D,OF,F ,X,T,P,50,0,0,0,,,1759206,5903430
Auckland,GEORGE CRESCENT,15,W, ,BUCKLAND ROAD N,201430399,18/01/2014,Sat,1200,EA,CW1C,129A ,M,R,D,B ,F ,T,N,C,50,0,0,0,,,1770818,5878327
Auckland,GEORGE ST,50,S, ,MASSEY ROAD,201436552,23/05/2014,Fri,1535,GE,CN1C,160A 350A 929 ,,R,D,O ,F ,D, ,C,50,0,0,0,,,1762005,5906743
Auckland,GEORGE ST,120,S, ,NEW NORTH ROAD,201432823,11/03/2014,Tue,1815,MD,SN1C,929,,R,D,B ,F ,D,N,N,50,0,0,0,,,1756043,5918113
Auckland,GEORGE ST,270,S, ,WILLIS ROAD,201444345,17/09/2014,Wed,1819,DB,CN1,133A ,FP,M,D,TO,F , , ,N,50,0,0,0,,,1774025,5896280
Auckland,GERWYN PLACE,50,S, ,REEVES ROAD,201439368,04/07/2014,Fri,2302,QD,CN1C,428A 514A 611A ,,R,D,DO,F , ,N,C,50,0,0,0,,,1767819,5912816
Auckland,GIBRALTAR CRESCENT N,20,W, ,PARNELL ROAD,201440995,24/08/2014,Sun,1800,EA,CW1C,129A ,M,R, ,DO,  , ,N,N,50,0,0,0,,,1758695,5919704
Auckland,GIFFORD AVENUE,40,W, ,MAY ROAD,201433236,12/03/2014,Wed,850,EA,4E1C,129A ,M,R,D,OF,F , ,N,C,50,0,0,0,,,1754920,5914374
Auckland,GIFFORD AVENUE,, ,I,MAY ROAD,201445072,12/10/2014,Sun,2115,DA,CS1,101A 111A 517A ,,R,D,DO,F ,T,S,P,50,0,0,0,,,1754952,5914350
Auckland,GIFFORD AVENUE,80,S, ,MAYN AVENUE,201430615,28/01/2014,Tue,1855,BB,CW1C,123A ,,M,D,B ,F , ,N,C,50,0,0,0,,,1754618,5914479
Auckland,GIFFORD AVENUE,80,E, ,SANDRINGHAM ROAD,201438556,06/06/2014,Fri,800,LB,CN1V,303B 382B 927 ,,R,D,O ,F ,D, ,C,50,0,0,0,,,1754311,5914774
Auckland,GIFFORD ROAD,40,E, ,HILLSIDE ROAD,201447204,09/07/2014,Wed,817,BE,CE1C,103A 130A ,,R,D,DF,F , , ,C,50,0,0,0,,,1764077,5904655
Auckland,GILBERT AVENUE,15,N, ,SEFTON AVENUE,201433331,24/03/2014,Mon,2205,EA,CS1C,129A ,M,R,D,DO,F , ,N,C,50,0,0,0,,,1754422,5918855
Auckland,GILBERT ROAD,20,N, ,BAIRDS ROAD,201447928,17/11/2014,Mon,1330,DA,CW1,103A 131A 801 ,FK,E,W,O ,L ,T,G,C,50,0,0,0,,,1766168,5908235
Auckland,GILBERT ROAD,, ,I,BENTLEY ROAD,201447498,04/12/2014,Thu,210,DA,CE1,514A 517A ,P,M,D,DO,F ,T,N,C,50,0,0,0,,,1766627,5908917
Auckland,GILBERT ROAD,, ,I,FRANICH ST,201411566,22/02/2014,Sat,1925,LB,CS1CC,303B 375B ,QQ,R,D,OF,F ,T,N,N,50,0,0,1,,,1766463,5908739
Auckland,GILGIT ROAD,, ,I,ALMORAH ROAD,201440568,08/07/2014,Tue,154,DC,CE1,112A 130A 402A 514A ,C,R,D,DO,F ,T,N,C,50,0,0,0,,,1757908,5917810
Auckland,GILLETTA ROAD,, ,I,WHITE SWAN ROAD,201445404,22/09/2014,Mon,1349,DB,CW1C,111A 131A 407A ,MH,M,D,B ,F ,T,S,P,50,0,0,0,,,1752659,5912419
Auckland,GILLIES AVENUE,, ,I,ALPERS AVENUE,201448174,20/11/2014,Thu,1325,GF,XW2T,129A 386A ,,R,D,B ,F ,T,T,C,50,0,0,0,,,1758071,5917541
Auckland,GILLIES AVENUE,, ,I,ALPERS AVENUE,201443487,05/09/2014,Fri,1018,AC,VN1T,159A 381A ,,M,D,B ,F ,X,T,C,50,0,0,0,,,1758071,5917541
Auckland,GILLIES AVENUE,, ,I,BRIGHTSIDE ROAD,201432861,15/02/2014,Sat,1406,JA,CN1C,302B ,,R,D,B ,F ,T,G,C,50,0,0,0,,,1757951,5917021
Auckland,GILLIES AVENUE,, ,I,BRIGHTSIDE ROAD,201438924,18/06/2014,Wed,920,FB,CN1C,181A ,,R,D,OF,F ,T,G,C,50,0,0,0,,,1757951,5917021
Auckland,GILLIES AVENUE,50,S, ,EDEN ST,201436287,08/05/2014,Thu,1715,LB,CS1C,303B 926 ,,R,D,O ,F ,D,N,L,50,0,0,0,,,1758205,5918098
Auckland,GILLIES AVENUE,, ,I,EPSOM AVENUE,201416764,24/10/2014,Fri,1700,NE,CW2E,307A 330A ,,R,D,B ,FS,X,T,C,50,0,0,1,28,,1757868,5916665
Auckland,GILLIES AVENUE,, ,I,GILLIES OFF SBD,201443083,31/08/2014,Sun,1600,KA,CN1C,302B 330B ,,R,D,O ,F ,T,G,C,50,0,0,0,,,1758149,5917883
Auckland,GILLIES AVENUE,, ,I,GILLIES ON NBD,201433388,06/04/2014,Sun,1500,MG,CS1C,371B ,,R,D,BF,F ,Y,T,R,50,0,0,0,,,1758130,5917794
Auckland,GILLIES AVENUE,, ,I,GILLIES ON NBD N,201412404,24/03/2014,Mon,1531,LB,4N1C,322B 370B ,,R,D,B ,F ,T,T,L,50,0,0,1,,,1758130,5917794
Auckland,GILLIES AVENUE,20,N, ,KIMBERLEY ROAD,201410325,24/01/2014,Fri,1553,FD,CS1C,181A ,,R,D,BF,F , ,N,X,50,0,0,2,,,1757792,5916185
Auckland,GILLIES AVENUE,50,N, ,KING GEORGE AVENUE,201446457,03/10/2014,Fri,800,EA,CS1C,129A ,M,R,D,DO,F , ,N,C,50,0,0,0,,,1757757,5916046
Auckland,GILLIES AVENUE,80,N, ,KING GEORGE AVENUE,201432984,28/02/2014,Fri,1215,EC,TS1,386A 420A ,X,R,D,B ,F , , ,C,50,0,0,0,,,1757764,5916075
Auckland,GILLIES AVENUE,, ,I,KIPLING AVENUE,201445573,02/10/2014,Thu,1825,JA,CS1C,191A 302B 402B ,,R,W,O ,L ,T,G,C,50,0,0,0,,,1757957,5917047
Auckland,GILLIES AVENUE,, ,I,KIPLING AVENUE,201441145,18/08/2014,Mon,1635,GE,VN1C,160A ,,R,D,BF,F ,T,G,C,50,0,0,0,,,1757957,5917047
Auckland,GILLIES AVENUE,, ,I,KIPLING AVENUE,201449812,28/11/2014,Fri,2300,KA,BS1C,302B 375B ,T,R,W,DO,L ,T,G,C,50,0,0,0,,,1757957,5917047
Auckland,GILLIES AVENUE,, ,I,MORROW ST,201413726,23/05/2014,Fri,1247,FE,CS1C,181A ,,R,W,OF,L ,T,T,C,50,0,0,1,,,1758198,5918075
Auckland,GILLIES AVENUE,100,S, ,MORTIMER PASS,201438620,27/04/2014,Sun,1930,BA,CS1C,205A ,,R,D,DO,F , , ,C,50,0,0,0,,,1758143,5917858
Auckland,GILLIES AVENUE,, ,I,MORTIMER PASS,201447506,05/11/2014,Wed,1610,JO,TN1C,129A 386A ,,R,D,O ,F ,T,N,C,50,0,0,0,,,1758165,5917956
Auckland,GILLIES AVENUE,, ,I,MORTIMER PASS,201412083,07/04/2014,Mon,820,LB,MN1C,303B 382B ,,R,D,B ,F ,T,N,C,50,0,0,1,,,1758165,5917956
Auckland,GILLIES AVENUE,30,S, ,OWENS ROAD,201444735,29/08/2014,Fri,2130,EA,CS1C,341A ,M,R,D,DO,F , ,N,C,50,0,0,0,,,1757978,5917137
Auckland,GILLIES AVENUE,, ,I,OWENS ROAD,201440555,11/07/2014,Fri,900,AO,TS1C,129A 386A ,,R,D,O ,F ,X,T,C,50,0,0,0,,,1757985,5917166
Auckland,GILLIES AVENUE,, ,I,OWENS ROAD,201443737,04/09/2014,Thu,1853,LB,CN1C,303B ,,R,W,DO,L ,X,T,C,50,0,0,0,,,1757985,5917166
Auckland,GILLIES AVENUE,, ,I,OWENS ROAD,201443136,21/08/2014,Thu,914,LB,CS1C,303B ,,R,D,B ,F ,X,T,C,50,0,0,0,,,1757985,5917166
Auckland,GILLIES AVENUE,, ,I,OWENS ROAD,201441024,18/07/2014,Fri,1350,AC,CS1C,140A 372A ,,R,D,BF,F ,X,T,C,50,0,0,0,,,1757985,5917166
Auckland,GILLIES AVENUE,, ,I,OWENS ROAD,201416108,27/09/2014,Sat,210,CB,CS1,103A 410A ,S,R,D,DO,F ,X,T,C,50,0,0,1,,,1757985,5917166
Auckland,GILLIES AVENUE,, ,I,OWENS ROAD,201442549,31/08/2014,Sun,2129,LB,4N1C,303B ,,R,W,DO,H ,X,T,C,50,0,0,0,,,1757985,5917166
Auckland,GILLIES AVENUE,, ,I,OWENS ROAD,201417213,23/10/2014,Thu,2035,LB,CS1C,303B 375B ,,R,D,DO,F ,X,T,C,50,0,0,1,,,1757985,5917166
Auckland,GILLIES AVENUE,, ,I,SECCOMBES ROAD,201415078,13/08/2014,Wed,815,JA,SN1C,301B ,,E,W,O ,L ,T,S,C,50,0,0,1,,27,1758221,5918177
Auckland,GILLIES AVENUE N,, ,I,GILLIES ON NBD,201439304,07/06/2014,Sat,1805,KB,CN1C,302B ,,E,D,DO,F ,T,G,C,50,0,0,0,,,1758130,5917794
Auckland,GILLIES OFF SBD,120,N, ,GILLIES AVENUE,201417285,03/11/2014,Mon,1109,AO,CS14C,112A 158A 386A 801 ,G,R,W,O ,L , , ,C,80,0,0,1,,,1758056,5917927
Auckland,GILLIES OFF SBD,, ,I,GILLIES AVENUE,201417172,21/11/2014,Fri,1715,FD,CS1CCC,112A 181A 331A ,,R,D,B ,F ,T,T,C,50,0,0,2,,,1758140,5917844
Auckland,GILLIES ON NBD,20,S, ,SH 1N,201442504,02/09/2014,Tue,1830,AA,XN1C,372A 381A ,,R,D,BF,F , ,T,C,50,0,0,0,,,1757957,5918008
Auckland,GILLS ROAD,, ,I,BUCKLANDS BEACH ROAD,201447987,13/11/2014,Thu,1600,HA,CN2C,302A 330A ,,M,D,B ,F ,X,G,R,60,0,0,0,,,1770012,5915681
Auckland,GILLS ROAD,, ,I,DAIRY FLAT HIGHWAY,201442360,04/06/2014,Wed,1520,GF,TW1C,179A 386A ,,E,D,O ,F ,T,S,C,50,0,0,0,,,1751276,5934411
Auckland,GILLS ROAD,200,S, ,LONELY TRACK ROAD,201445585,30/09/2014,Tue,1046,DB,CS1,111A 131A 402A ,K,M,D,B ,F , , ,N,100,0,0,0,,,1751432,5935583
Auckland,GILLS ROAD,300,S, ,LONELY TRACK ROAD,201445524,30/09/2014,Tue,915,DB,CS1,111A 131A ,JX,M,D,B ,F , , ,N,80,0,0,0,,,1751399,5935498
Auckland,GILLS ROAD,20,E, ,PIGEON MOUNTAIN ROAD,201442729,07/09/2014,Sun,2300,EA,CW1C,129A ,M,R,D,DO,F ,Y,N,C,50,0,0,0,,,1769425,5915518
Auckland,GILLS ROAD,140,S, ,QUAIL DRIVE,201417399,16/11/2014,Sun,1109,AA,ME14,381A 510A 150B ,,R,D,B ,F , , ,C,50,0,0,1,,,1751557,5935106
Auckland,GILPIN PLACE,, ,I,RANGATIRA ROAD,201433698,21/04/2014,Mon,202,DB,CS2,108A 111A 131A ,F,E,W,DO,F ,T,N,C,50,0,0,0,,,1750717,5926491
Auckland,GLADSTONE ROAD,25,N, ,AVON ST,201410350,31/01/2014,Fri,507,CB,CN1,103A 129A ,T,R,D,DO,F , ,N,C,50,0,1,0,,,1759258,5919992
Auckland,GLADSTONE ROAD,20,W, ,BALFOUR ROAD,201435972,03/04/2014,Thu,1835,LB,CE1C,303B 314B 377B 929 ,,R,W,OF,L ,D,N,C,50,0,0,0,,,1759080,5920420
Auckland,GLADSTONE ROAD,, ,I,JUDGES BAY ROAD,201413839,26/05/2014,Mon,812,JA,SS1C,302B 375B ,,R,W,O ,F ,T,G,C,50,0,0,1,,61,1759237,5920094
Auckland,GLADSTONE ROAD,40,N, ,ONEWA ROAD,201417255,24/10/2014,Fri,845,MD,CN14,377A 308B 377B 927 ,,R,D,B ,F ,D, ,C,50,0,0,1,,,1754949,5924787
Auckland,GLADSTONE ROAD,40,E, ,SH 16,201439088,04/07/2014,Fri,300,EA,CE1C,129A ,M,R, ,DO,  , ,N,C,50,0,0,0,,,1759011,5920418
Auckland,GLADSTONE ROAD,, ,I,ST STEPHENS AVENUE,201433347,21/03/2014,Fri,1020,LB,CS1C,302B 375B ,,E,D,BF,F ,X,G,C,50,0,0,0,,,1759327,5919539
Auckland,GLADYS AVENUE S,300,S, ,EASTON PARK PARADE,201436519,19/05/2014,Mon,2227,EC,CS1,101A 330A ,X,R,D,DO,F , , ,C,50,0,0,0,,,1753148,5928560
Auckland,GLAMORGAN DRIVE,120,W, ,DANBURY DRIVE,201445626,30/09/2014,Tue,45,DA,CE1,111A 131A ,K,M,D,DO,F , , ,C,50,0,0,0,,,1755286,5936937
Auckland,GLAMORGAN DRIVE,100,E, ,DUNRAVEN PLACE,201430975,14/01/2014,Tue,1830,GE,CW1C,160A 333A 929 ,,R,D,BF,F ,D,N,C,50,0,0,0,,,1755648,5936905
Auckland,GLAMORGAN DRIVE,, ,I,EAST COAST ROAD,201411156,06/04/2014,Sun,850,BC,PS2C,113A 122A 402A ,,E,D,B ,F ,T,G,C,50,0,0,1,,,1754057,5936391
Auckland,GLAMORGAN DRIVE,60,W, ,MORICE PLACE,201443155,10/08/2014,Sun,1445,EA,4E1C,129A ,M,E,D,B ,F , , ,C,50,0,0,0,,,1754329,5936471
Auckland,GLAMORGAN DRIVE,, ,A,UNKNOWN,201444711,20/08/2014,Wed,1930,EA,CN1V,129A ,M,M,W,DO,L , ,N,C,50,0,0,0,,,,
Auckland,GLASGOW TERRACE,100,S, ,CARLTON GORE ROAD,201438731,06/07/2014,Sun,1145,MO,CS1C,385A ,M,R,D,OF,F , ,N,N,50,0,0,0,,,1757722,5918888
Auckland,GLEN AVENUE,50,E, ,KOLMAR ROAD,201448194,02/11/2014,Sun,1004,CC,CE1CC,130A 358A ,MM,R,D,B ,F , , ,C,50,0,0,0,,,1765142,5905959
Auckland,GLEN ROAD,10,N, ,ANZAC ROAD,201439555,22/06/2014,Sun,900,EA,CS1C,129A ,M,R,D,O ,F ,T,G,C,50,0,0,0,,,1755889,5935136
Auckland,GLEN ROAD,, ,I,BAHARI DRIVE,201430911,20/02/2014,Thu,1940,FA,CW1C,181A ,,R,D,OF,F ,X,G,C,50,0,0,0,,,1743201,5919598
Auckland,GLEN ROAD,, ,I,DON BUCK ROAD,201437860,31/05/2014,Sat,2132,DA,CE1,111A 402A ,KP,M,D,DO,F ,T,G,C,50,0,0,0,,,1743489,5919588
Auckland,GLEN ROAD,, ,I,DON BUCK ROAD,201417246,30/06/2014,Mon,830,BB,CS14,110A 124A 131A 514A 800 ,FKP,E,W,O ,  ,T,G,R,50,0,0,2,,,1743489,5919588
Auckland,GLEN ROAD,, ,I,DON BUCK ROAD,201436195,16/05/2014,Fri,2245,BB,4E1C,124A 129A ,,M,D,DO,F ,X,G,C,50,0,0,0,,,1743489,5919588