TLANAME,CRASHROAD,CRASHDIST,CRASHDIRN,INTSN,SIDEROAD,CRASHID,CRASHDATE,CRASHDOW,CRASHTIME,MVMT,VEHICLES,CAUSES,OBJECTSSTRUCK,ROADCURVE,ROADWET,LIGHT,WTHRa,JUNCTYPE,TRAFCTRL,ROADMARK,SPDLIM,CRASHFATALCNT,CRASHSEVCNT,CRASHMINCNT,PERSAGE1,PERSAGE2,EASTING,NORTHING
Auckland,GLEN ROAD,30,N, ,INVERNESS ROAD,201446245,31/08/2014,Sun,1300,MF,CS14,371B ,,R,W,OF,L , ,N,C,50,0,0,0,,,1755895,5935287
Auckland,GLEN ROAD,200,N, ,KAREPO CRESCENT,201418728,18/12/2014,Thu,700,BF,CN1C,103A 110A 131A 801 ,,E,W,O ,L , , ,C,50,0,0,3,,,1742935,5920001
Auckland,GLEN VISTA PLACE,250,S, ,GLENDHU ROAD,201442671,03/04/2014,Thu,2104,CA,VN1CC,108A 130A ,MM,R,W,DO,L , ,N,N,50,0,0,0,,,1753224,5929449
Auckland,GLENBROOK ROAD,200,N, ,BROOKSIDE ROAD,201414445,17/07/2014,Thu,150,DA,CS1,121A ,C,E,D,DN,F , ,N,C,80,0,0,1,,,1755882,5881313
Auckland,GLENBROOK ROAD,210,E, ,CHARLES ROAD,201411199,25/03/2014,Tue,1110,DA,CN1,129A 131A ,C,E,D,O ,F , , ,C,100,0,0,1,,,1766382,5887557
Auckland,GLENBROOK ROAD,280,E, ,CHARLES ROAD,201412790,30/03/2014,Sun,1528,DA,CE1,131A 354A ,F,E,D,BN,F , ,N,C,100,0,0,1,,,1766447,5887582
Auckland,GLENBROOK ROAD,, ,I,CHARLES ROAD,201411236,05/03/2014,Wed,1100,GD,CW1X,331A ,,E,D,B ,F ,T,S,C,100,0,0,4,,,1766232,5887410
Auckland,GLENBROOK ROAD,, ,I,CHARLES ROAD,201431822,12/02/2014,Wed,1245,GE,CW1C,387A 144B ,,E,D,OF,F ,T,S,C,100,0,0,0,,,1766232,5887410
Auckland,GLENBROOK ROAD,50,N, ,CONROY ROAD,201446572,26/08/2014,Tue,1810,AC,CN1C,177A 330A ,,E,D,DN,F , , ,C,100,0,0,0,,,1757781,5883357
Auckland,GLENBROOK ROAD,200,S, ,GLENBROOK STATION ROAD,201434942,29/03/2014,Sat,1948,EC,CS1,912,W,R,D,DO,F , ,N,C,80,0,0,0,,,1756150,5882153
Auckland,GLENBROOK ROAD,300,E, ,KINGSEAT ROAD,201439229,02/06/2014,Mon,1814,CB,CE1,129A 198A ,,R,D,DN,F , , ,C,100,0,0,0,,,1760647,5885058
Auckland,GLENBROOK ROAD,1000,E, ,KINGSEAT ROAD,201447068,09/11/2014,Sun,440,DA,CW1,103A 131A ,C,M,D,DN,F , ,N,C,100,0,0,0,,,1761342,5885143
Auckland,GLENBROOK ROAD,15,E, ,KLIPSCH ROAD,201437192,29/05/2014,Thu,1611,CB,CW1,137A 333A ,C,R,D,ON,F , ,N,C,100,0,0,0,,,1758503,5884056
Auckland,GLENBROOK ROAD,80,W, ,SH 22,201436613,11/05/2014,Sun,1255,LB,CS1T,303B 375B 929 ,,R,D,B ,F ,D,N,C,100,0,0,0,,,1767158,5888061
Auckland,GLENBROOK ROAD,20,W, ,SMEATON ROAD,201430111,05/02/2014,Wed,1330,DA,CS1,111A 131A 134A 804 ,C,E,D,ON,F , ,N,C,100,0,0,0,,,1757471,5882969
Auckland,GLENBROOK ROAD,, ,I,WYMER ROAD,201434226,12/03/2014,Wed,917,GD,TW1V,197A 331A 363A 902 ,,R,D,B ,F ,T,N,C,100,0,0,0,,,1756773,5882703
Auckland,GLENBROOK STATION ROAD,90,W, ,FARM PARK ROAD,201436151,27/03/2014,Thu,1103,DA,CE1,133A ,FS,S,D,B ,F , , ,C,100,0,0,0,,,1758653,5880481
Auckland,GLENBROOK-WAIUKU ROAD,300,N, ,CAMERON ROAD,201414809,27/07/2014,Sun,2335,CC,CS1C,195A ,CM,R,D,DN,F , ,N,C,100,0,0,1,,,1755289,5877748
Auckland,GLENBROOK-WAIUKU ROAD,400,S, ,COLLINGWOOD ROAD,201448950,03/12/2014,Wed,1220,DA,CS1,410A ,F,E,D,B ,F , , ,C,100,0,0,0,,,1755229,5877484
Auckland,GLENBROOK-WAIUKU ROAD,, ,I,MISSION BUSH ROAD,201443351,14/09/2014,Sun,2200,DB,CS1,110A 131A ,F,M,W,DO,F ,T,N,L,100,0,0,0,,,1754907,5879751
Auckland,GLENBROOK-WAIUKU ROAD,300,S, ,MORLEY ROAD,201418151,12/12/2014,Fri,2220,EC,CS1,191A 195A 912 ,W,R,D,DN,F , , ,C,100,0,0,5,,,1755142,5878867
Auckland,GLENBROOK-WAIUKU ROAD,310,S, ,MORLEY ROAD,201443358,27/03/2014,Thu,2215,DA,CS1,130A 410A ,P,E,D,DN,F , ,N,C,100,0,0,0,,,1755143,5878858
Auckland,GLENBROOK-WAIUKU ROAD,480,S, ,PUKEOWARE ROAD,201440239,06/07/2014,Sun,1900,DB,VN1,131A 420A ,CF,E,W,DN,F , , ,C,100,0,0,0,,,1755293,5877762
Auckland,GLENCOE ROAD,, ,I,OAKTREE AVENUE,201448393,24/12/2014,Wed,2030,LB,CW1C,303B 375B ,,R,D,B ,F ,T,G,C,50,0,0,0,,,1755095,5934937
Auckland,GLENDALE ROAD,20,S, ,GLENMALL PLACE,201417243,19/09/2014,Fri,1759,MO,CE1CC,110A 133A 507A 927 ,MPQ,R,D,TF,F ,D, ,C,50,0,0,3,,,1746997,5913779
Auckland,GLENDALE ROAD,200,S, ,LEVY ROAD,201415075,10/08/2014,Sun,1153,CB,CS1CCC,130A 501A ,M,R,D,O ,F , , ,C,50,0,0,2,,,1746908,5913036
Auckland,GLENDALE ROAD,150,S, ,OATES ROAD,201444961,09/10/2014,Thu,1206,MO,CN1E,371A 930 ,,E,D,B ,F ,D,N,C,50,0,0,0,,,1746843,5913606
Auckland,GLENDALE ROAD,1000,S, ,OATES ROAD,201443112,14/08/2014,Thu,2100,MO,CN1C,386A ,M,R,W,DO,M , , ,C,70,0,0,0,,,1746943,5912768
Auckland,GLENDALE ROAD,, ,I,OATES ROAD,201431852,19/02/2014,Wed,1822,JA,CN1C,301B 375B 402B ,,M,W,OF,F ,T,S,C,50,0,0,0,,,1746936,5913718
Auckland,GLENDHU ROAD,210,S, ,GLEN VISTA PLACE,201432483,17/02/2014,Mon,1942,NA,4N1E,194A ,,R,D,OF,F , ,N,C,50,0,0,0,,,1753060,5929586
Auckland,GLENFIELD ROAD,, ,I,BENTLEY AVENUE,201441069,26/07/2014,Sat,2048,LB,XS1C,303B ,,R,W,DO,L ,T,T,C,50,0,0,0,,,1753629,5928076
Auckland,GLENFIELD ROAD,, ,I,BENTLEY AVENUE,201446301,12/09/2014,Fri,2240,LB,CS1C,303B 375B ,,R,W,DO,H ,T,T,C,50,0,0,0,,,1753629,5928076
Auckland,GLENFIELD ROAD,, ,I,CAMELOT PLACE,201443241,24/05/2014,Sat,140,DA,CN1,102A 111A 131A 402A ,CP,R,D,DO,F ,T,G,L,50,0,0,0,,,1753700,5928234
Auckland,GLENFIELD ROAD,200,S, ,CORONATION ROAD,201436904,06/05/2014,Tue,2020,FA,CS1C,501A ,,R,D,DO,F , , ,P,50,0,0,0,,,1753808,5926546
Auckland,GLENFIELD ROAD,, ,I,CORONATION ROAD,201433246,15/03/2014,Sat,1415,HA,CS1C,302A 375A ,,R,W,OF,L ,R,G,R,50,0,0,0,,,1753833,5926744
Auckland,GLENFIELD ROAD,, ,I,CORONATION ROAD,201439350,07/06/2014,Sat,1630,LB,CS1C,302A 375A ,,S,D,OF,SS,X,G,R,50,0,0,0,,,1753833,5926744
Auckland,GLENFIELD ROAD,, ,I,CORONATION ROAD,201443888,14/08/2014,Thu,915,FE,CN1C,331A ,,R,D,BF,F ,R,G,R,50,0,0,0,,,1753833,5926744
Auckland,GLENFIELD ROAD,, ,I,CORONATION ROAD,201411619,03/03/2014,Mon,548,LB,CS1S,302A 382A ,,R,D,DO,F ,R,G,R,50,0,0,1,,42,1753833,5926744
Auckland,GLENFIELD ROAD,, ,I,CORONATION ROAD,201417878,02/12/2014,Tue,1220,LB,4N1M,302A 330A ,,R,D,B ,F ,R,G,C,50,0,1,0,,,1753833,5926744
Auckland,GLENFIELD ROAD,, ,I,ESKDALE ROAD,201412435,16/04/2014,Wed,2139,LB,CN1C,323B 350B 404B 901 ,,M,W,DO,H ,T,T,C,50,0,0,1,,,1753789,5926015
Auckland,GLENFIELD ROAD,50,N, ,HALL ROAD,201430590,05/02/2014,Wed,900,AA,VS1C,372A ,,R,D,B ,F , , ,C,50,0,0,0,,,1753686,5928604
Auckland,GLENFIELD ROAD,, ,I,HIGH ROAD S,201446063,01/08/2014,Fri,,AA,VS1V,184A 330A ,,E,D,B ,F ,T,G,C,50,0,0,0,,,1753595,5927257
Auckland,GLENFIELD ROAD,, ,I,HOGANS ROAD,201410790,10/04/2014,Thu,1026,HA,CW2T,322B 334B ,,E,D,B ,F ,M,T,R,50,0,0,1,,,1753599,5928808
Auckland,GLENFIELD ROAD,, ,I,HOGANS ROAD,201444710,21/08/2014,Thu,830,FE,CN1C,331A ,,R,D,BF,F ,X,T,C,50,0,0,0,,,1753599,5928808
Auckland,GLENFIELD ROAD,50,N, ,JAMES ST N,201438383,30/05/2014,Fri,1734,FD,CS1CCC,110A 331A 402A ,,R,D,B ,F , , ,C,50,0,0,0,,,1753521,5929484
Auckland,GLENFIELD ROAD,, ,I,JAMES ST N,201447047,28/10/2014,Tue,,KB,CS1C,103B 302B ,,E,D,OF,F ,T,G,C,50,0,0,0,,,1753534,5929435
Auckland,GLENFIELD ROAD,20,N, ,KAIPATIKI ROAD,201417786,24/10/2014,Fri,1025,NB,CS1E,713B ,,R,D,O ,F ,X,T,C,50,0,0,1,,,1753568,5927947
Auckland,GLENFIELD ROAD,50,N, ,KAIPATIKI ROAD,201418561,11/12/2014,Thu,1830,EA,SS1C,374B ,Q,R,D,TF,F , ,N,C,50,0,0,1,,28,1753581,5927974
Auckland,GLENFIELD ROAD,, ,I,KAIPATIKI ROAD,201450520,15/12/2014,Mon,2150,HA,CE2C,322B ,,R,D,DO,F ,T,T,C,50,0,0,0,,,1753559,5927929
Auckland,GLENFIELD ROAD,, ,I,KAIPATIKI ROAD,201450577,09/02/2014,Sun,2212,KC,CE2C,302A ,,R,D,DO,F ,T,G,C,50,0,0,0,,,1753559,5927929
Auckland,GLENFIELD ROAD,, ,I,KAIPATIKI ROAD,201437355,11/06/2014,Wed,758,JA,CN1CC,841,,E,D,OF,F ,T,T,P,50,0,0,0,,,1753559,5927929
Auckland,GLENFIELD ROAD,, ,I,KAIPATIKI ROAD,201438326,06/06/2014,Fri,1230,JA,CN1C,322A 334A 402A ,,R,D,O ,F ,T,T,C,50,0,0,0,,,1753559,5927929
Auckland,GLENFIELD ROAD,, ,I,MANUKA ROAD,201415987,15/09/2014,Mon,1903,LB,CN14,322B 334B 801 ,,M,W,DO,L ,X,T,R,50,0,0,1,,,1753599,5928808
Auckland,GLENFIELD ROAD,, ,I,MOORE ST,201435528,09/04/2014,Wed,840,LB,CS1C,314B 377B ,,R,D,B ,F ,T,S,C,50,0,0,0,,,1753862,5925755
Auckland,GLENFIELD ROAD,, ,I,MOORE ST,201448376,26/12/2014,Fri,1645,MD,CN1C,308B 375B 929 ,,E,D,B ,F ,D,N,C,50,0,0,0,,,1753862,5925755
Auckland,GLENFIELD ROAD,50,S, ,PARK ROAD,201448200,04/12/2014,Thu,1205,EA,4S1CC,350A 620A ,M,E,D,B ,F , ,N,C,50,0,0,0,,,1753724,5926885
Auckland,GLENFIELD ROAD,100,N, ,ROBERTS ROAD,201436903,14/05/2014,Wed,2100,DA,4N1,111A 131A ,C,M,D,DO,F , , ,C,50,0,0,0,,,1753549,5927157
Auckland,GLENFIELD ROAD,220,N, ,SPEEDY CRESCENT,201443372,10/08/2014,Sun,2319,CC,CN1,103A 410A ,C,R,D,DO,F , ,N,C,50,0,0,0,,,1753809,5926554
Auckland,GLENFIELD ROAD,30,N, ,ST THOMAS MORE LANE,201432580,18/03/2014,Tue,1710,JA,CS1C,308B 375B 926 ,,R,D,O ,F ,D,N,R,50,0,0,0,,,1753672,5929235
Auckland,GLENFIELD ROAD,150,S, ,SUNSET ROAD,201447081,30/10/2014,Thu,1745,AO,CN1C,385A ,,E,D,OF,F , ,N,R,50,0,0,0,,,1753471,5929662
Auckland,GLENFIELD ROAD,, ,I,SUNSET ROAD,201434381,17/04/2014,Thu,754,FB,CW2C,181A 387A ,,E,W,O ,HS,T,G,C,50,0,0,0,,,,
Auckland,GLENFIELD ROAD,25,N, ,WAIRAU ROAD,201439768,29/06/2014,Sun,133,DA,CS1,103A 130A 402A ,I,E,D,DO,F , , ,R,50,0,0,0,,,1753658,5929298
Auckland,GLENFIELD ROAD,200,N, ,WAIRAU ROAD,201416488,17/10/2014,Fri,1354,FA,CN1C,181A 331A 387A ,,R,D,B ,F , , ,C,50,0,0,1,,,1753540,5929426
Auckland,GLENFIELD ROAD,, ,I,WAIRAU ROAD,201444334,22/09/2014,Mon,1330,LB,4S1C,303B ,,M,D,B ,F ,T,T,C,50,0,0,0,,,1753681,5929289
Auckland,GLENGARRY ROAD,20,E, ,AMBLER AVENUE,201435966,24/04/2014,Thu,620,EA,CE1C,129A ,M,R,W,DO,F , ,N,C,50,0,0,0,,,1746663,5912755
Auckland,GLENGARRY ROAD,120,E, ,AMBLER AVENUE,201434273,15/03/2014,Sat,448,DA,CW1,111A 131A 800 801 ,F,E,W,DO,L , , ,C,50,0,0,0,,,1746759,5912729
Auckland,GLENGARRY ROAD,, ,I,AMBLER AVENUE,201410566,16/02/2014,Sun,1803,JA,CE1C,102B 302B ,,R,D,BF,F ,T,G,C,50,0,0,2,,,1746644,5912761
Auckland,GLENGARRY ROAD,140,E, ,AUTUMN AVENUE,201416093,13/10/2014,Mon,822,BE,4N1C,129A 386A ,,R,D,B ,F , ,N,C,50,0,0,2,,,1745495,5912733
Auckland,GLENGARRY ROAD,80,W, ,NANDANA DRIVE,201414793,30/07/2014,Wed,838,CB,CW1,133A 403A ,F,R,W,O ,F , , ,C,50,0,0,1,,,1746553,5912788
Auckland,GLENMORE ROAD,, ,I,MEADWAY,201410926,11/02/2014,Tue,1900,LB,4S14,303B 382B ,,R,D,TF,F ,T,G,L,50,0,0,3,,,1768025,5914096
Auckland,GLENMORE ROAD,15,N, ,PAKURANGA ROAD,201439092,03/07/2014,Thu,2000,FE,CS1C,181A ,,R,W,OF,F , ,T,C,50,0,0,0,,,1767927,5913702
Auckland,GLENMORE ROAD,40,S, ,THE BOULEVARD,201440474,29/07/2014,Tue,750,NA,CS1E,370A 712B ,,R,D,B ,F , ,N,C,50,0,0,0,,,1768000,5913996
Auckland,GLENMORE ROAD,, ,I,THE BOULEVARD,201411507,07/03/2014,Fri,1305,MC,CN1C,303B 372B ,,R,D,BF,F ,T,S,C,50,0,0,1,,,1768010,5914035
Auckland,GLENMORE ROAD,, ,I,THE BOULEVARD,201437509,03/06/2014,Tue,1850,KB,VS14,301B ,,R,D,DO,F ,T,S,C,50,0,0,0,,,1768010,5914035
Auckland,GLENVAR ROAD,250,E, ,COUNTY ROAD,201449878,15/11/2014,Sat,2035,CB,4W1O,130A 195A ,M,R, ,TF,  , ,N,C,50,0,0,0,,,1755967,5937801
Auckland,GLENVAR ROAD,, ,I,EAST COAST ROAD,201437114,30/05/2014,Fri,1706,DA,CW1,111A 131A 351A ,P,E,D,BF,F ,T,G,C,50,0,0,0,,,1753781,5936736
Auckland,GLENVAR ROAD,, ,I,EAST COAST ROAD,201445569,08/10/2014,Wed,815,GA,CS1C,181A 331A ,,R,D,B ,F ,T,G,C,50,0,0,0,,,1753781,5936736
Auckland,GLENVIEW ROAD,, ,I,GREAT NORTH ROAD,201432022,14/02/2014,Fri,2230,FE,CN1C,420B ,,R,D,DO,F ,X,T,C,50,0,0,0,,,1747481,5914715
Auckland,GLENVIEW ROAD,50,N, ,SARONA AVENUE,201413202,11/05/2014,Sun,207,EA,CS1C,103A 423A ,M,R,D,DO,F , ,N,C,50,0,0,1,,,1747406,5914595
Auckland,GLENVIEW ROAD,25,S, ,SARONA AVENUE,201431033,14/02/2014,Fri,315,CC,CN1,110A 112A ,FP,R,W,DO,F , ,N,C,50,0,0,0,,,1747372,5914528
Auckland,GLENVIEW ROAD,30,N, ,WAIKUMETE ROAD,201431225,04/03/2014,Tue,1714,FD,CS1CC,181A ,,R,D,BF,F , ,N,P,50,0,0,0,,,1747175,5913929
Auckland,GLENVIEW ROAD,20,N, ,WEST COAST ROAD,201431678,10/01/2014,Fri,1430,FD,CS1C,181A ,,E,D,B ,F , , ,C,50,0,0,0,,,1747185,5913813
Auckland,GLOUCESTER PARK ROAD,, ,I,NEILSON ST,201411025,01/01/2014,Wed,757,HA,MS1C,322A 370A 322B 370B ,,R,D,O ,F ,X,T,C,50,0,1,0,,,1758766,5911767
Auckland,GLOUCESTER ROAD,50,W, ,KERRYDALE ROAD,201445958,26/10/2014,Sun,1000,DA,CE1,103A 131A 402A ,P,E,D,B ,F , , ,C,50,0,0,0,,,1767772,5901313
Auckland,GLYNN ST,, ,I,MAY ROAD,201438618,12/05/2014,Mon,1800,MA,CW1C,371B ,,E,D,DO,F ,T,G,C,50,0,0,0,,,1754257,5913378
Auckland,GODLEY ROAD,50,E, ,AVONLEIGH ROAD,201447335,14/11/2014,Fri,815,FC,CE14,112A 181A ,,R,D,O ,L , ,P,P,50,0,0,0,,,1749228,5911433
Auckland,GODLEY ROAD,5,N, ,CONNAUGHT ST,201441228,26/07/2014,Sat,110,DB,CN1,105A 111A 131A 402A 801 ,FK,E,W,DO,L ,T,G,C,50,0,0,0,,,1750421,5911741
Auckland,GODLEY ROAD,, ,I,CONNAUGHT ST,201430226,06/01/2014,Mon,2215,DA,CS1,131A 402A ,F,M,D,DO,F ,T,N,C,50,0,0,0,,,1750425,5911744
Auckland,GODLEY ROAD,90,E, ,STOTTHOLM ROAD,201410943,05/03/2014,Wed,843,GE,ME1C,151A 333A 929 ,,M,D,ON,F ,D,N,P,50,0,1,0,,,1748645,5911289
Auckland,GODLEY ROAD,15,E, ,TAUPO ST,201432805,06/03/2014,Thu,1818,MA,VW1C,373B ,,R,D,B ,F , , ,C,50,0,0,0,,,1749619,5911527
Auckland,GODLEY ROAD,250,E, ,TITIRANGI ROAD,201450619,13/12/2014,Sat,1900,DA,CW1,131A 135A 806 810 ,C,M,W,O ,F , ,N,C,50,0,0,0,,,1748005,5911365
Auckland,GOLF ROAD,300,E, ,ASTLEY AVENUE,201430593,31/01/2014,Fri,1600,GA,CE1C,181A 331A 929 ,,R,D,B ,F ,D,N,P,50,0,0,0,,,1750079,5912299
Auckland,GOLF ROAD,, ,I,ASTLEY AVENUE,201417261,08/11/2014,Sat,1815,DB,MN1,131A 631A ,,S,D,B ,F ,T,G,R,50,0,0,1,,,1749822,5912144
Auckland,GOLF ROAD,20,E, ,FERN AVENUE,201448946,01/12/2014,Mon,540,MO,VW1C,512A 514A 517A ,,R,W,DO,L ,T,N,N,50,0,0,0,,,1758431,5914774
Auckland,GOLF ROAD,450,W, ,PORTAGE ROAD,201447514,04/11/2014,Tue,2150,DA,CE1C,131A 402A 420A ,M,E,D,DO,F , , ,P,50,0,0,0,,,1750154,5912344
Auckland,GOLF ROAD,50,E, ,TITIRANGI ROAD,201410294,13/02/2014,Thu,1613,NB,CE1E,713B 930 ,,R,D,O ,F ,D,N,C,50,0,0,1,18,,1748139,5912048
Auckland,GOLFLAND DRIVE,100,N, ,BARD PLACE,201447072,16/08/2014,Sat,448,DA,CN1CC,103A 129A ,M,E,D,DO,F , ,N,C,50,0,0,0,,,1769992,5911734
Auckland,GOLFLAND DRIVE,60,N, ,SENECA COURT,201431250,26/01/2014,Sun,2230,DA,CS1,131A 410A ,JX,E,W,DO,F , ,N,C,50,0,0,0,,,1770040,5912300
Auckland,GOODALL ST,260,S, ,HILLSBOROUGH ROAD,201449627,19/10/2014,Sun,957,BO,MS1C,357A 434A 512A ,,R,D,B ,F , , ,C,50,0,0,0,,,1756282,5911913
Auckland,GOODWIN DRIVE,, ,I,TATARIKI ST,201440794,09/07/2014,Wed,2030,CB,CW1,130A ,X,R,W,DO,L ,T,S,N,50,0,0,0,,,1772252,5894466
Auckland,GOODWIN DRIVE,, ,I,TATARIKI ST,201418307,04/12/2014,Thu,715,DA,CE2,111A 131A ,X,R,D,OF,F ,T,S,C,50,0,0,1,,,1772252,5894466
Auckland,GORDON ROAD,100,E, ,GREAT SOUTH ROAD,201433669,18/04/2014,Fri,700,EA,CE1C,129A 130A ,M,R,W, O,L , , ,N,50,0,0,0,,,1764075,5910017
Auckland,GORE ST,, ,I,CUSTOMS ST EAST,201414680,27/06/2014,Fri,45,NF,CW2E,105B 713B 732B 801 ,,M,W,DO,L ,X,T,C,50,0,0,1,32,,1757715,5920833
Auckland,GORE ST,15,N, ,FORT ST,201448485,10/11/2014,Mon,1630,EA,CN1C,129A ,M,R,D,BF,F , ,N,C,50,0,0,0,,,1757681,5920735
Auckland,GORE ST,25,N, ,FORT ST,201435793,06/05/2014,Tue,1815,MO,VN1C,371A 371B ,,R,D,DO,F , , ,N,50,0,0,0,,,1757684,5920744
Auckland,GORE ST,, ,I,FORT ST,201449052,22/12/2014,Mon,1400,BB,CW2C,201A ,,R,D,BF,F ,T,N,N,50,0,0,0,,,1757676,5920721
Auckland,GOSFORD DRIVE,, ,I,LEXINGTON DRIVE,201448034,17/11/2014,Mon,1700,MC,CS1V,386B ,,R,D,O ,F ,T,S,C,50,0,0,0,,,1770605,5913905
Auckland,GOSSAMER DRIVE,30,S, ,ENNIS AVENUE,201413418,16/06/2014,Mon,605,NA,CS1E,306A ,,R,D,DO,F , , ,X,50,0,0,1,27,,1768333,5913230
Auckland,GOSSAMER DRIVE,, ,I,ENNIS AVENUE S,201448631,27/11/2014,Thu,1305,FB,CN1C,181A 331A ,,R,D,B ,F ,X,G,C,50,0,0,0,,,1768181,5912461
Auckland,GOSSAMER DRIVE,100,S, ,LEEWOOD PLACE,201447736,08/11/2014,Sat,1845,EA,CS1C,103A 129A ,M,R,D,O ,F , , ,C,50,0,0,0,,,1768275,5913030
Auckland,GOSSAMER DRIVE,, ,I,PORTADOWN AVENUE,201432815,07/03/2014,Fri,855,GD,VS1C,181A 331A 351A ,,R,D,B ,F ,T,G,C,50,0,0,0,,,1768345,5913721
Auckland,GOSSAMER DRIVE,50,N, ,REEVES ROAD,201436406,09/04/2014,Wed,2230,DB,CS1CC,103A 131A ,M,E,D,DO,F , ,N,C,50,0,0,0,,,1768288,5912898
Auckland,GOSSAMER DRIVE,130,N, ,RIVERHILLS AVENUE,201434689,26/03/2014,Wed,410,DB,CN1,131A 402A ,T,E,W,DO,F , ,N,C,50,0,0,0,,,1768086,5912130
Auckland,GOSSAMER DRIVE,, ,I,TI RAKAU DRIVE,201443149,26/08/2014,Tue,842,FB,CS1C,181A ,,E,D,B ,F ,X,G,C,50,0,0,0,,,1767892,5911916
Auckland,GOSSAMER DRIVE,, ,I,TI RAKAU DRIVE,201450153,30/12/2014,Tue,1630,FB,CS1C,181A 331A ,,M,D,B ,F ,X,G,R,60,0,0,0,,,1767892,5911916
Auckland,GRACECHURCH DRIVE,5,S, ,CARLOS DRIVE,201441402,09/05/2014,Fri,1345,EA,CS1CC,112A 402A ,M,R,D,B ,F ,T,N,C,50,0,0,0,,,1771536,5907809
Auckland,GRACECHURCH DRIVE,, ,I,MIDDLEFIELD DRIVE,201441390,04/08/2014,Mon,1515,KB,4E1C,302A 352A ,,E,D,B ,F ,R,G,R,50,0,0,0,,,1770372,5909019
Auckland,GRACECHURCH DRIVE,30,S, ,WARREN WAY,201414481,29/04/2014,Tue,2240,BA,CN1C,101A 129A ,,R,D,DN,F , ,N,C,50,0,0,1,,,1771534,5907802
Auckland,GRAFTON BRIDGE,, ,I,GRAFTON ROAD,201441368,03/08/2014,Sun,2013,LB,BS14,102B 303B 334B ,,R,W,DO,F ,X,T,C,50,0,0,0,,,1757506,5919158
Auckland,GRAFTON BRIDGE,, ,I,SYMONDS ST,201430787,10/01/2014,Fri,1930,FE,CW1C,181A ,,R,D,BF,F ,X,T,C,50,0,0,0,,,1757215,5919382
Auckland,GRAFTON ON SBD,10,S, ,SH 1N,201440961,22/08/2014,Fri,1819,FD,CS1CC,331A 353A ,,E,D,DO,F ,Y,N,N,80,0,0,0,,,1757297,5918898
Auckland,GRAFTON ROAD,15,N, ,CARLTON GORE ROAD,201441430,27/07/2014,Sun,1904,LB,CS1C,303B 375B 929 ,,M,D,DO,F ,D,N,C,50,0,0,0,,,1757321,5918915
Auckland,GRAFTON ROAD,, ,I,CARLTON GORE ROAD,201439091,01/07/2014,Tue,1745,AA,CS1M,372A ,,R,W,OF,L ,T,G,C,50,0,0,0,,,1757315,5918901
Auckland,GRAFTON ROAD,, ,I,FERNCROFT ST,201442622,13/07/2014,Sun,1614,JA,CS1C,308B 375B 930 ,,R,W,OF,L ,D,N,C,50,0,0,0,,,1757595,5919266
Auckland,GRAFTON ROAD,, ,I,GRAFTON ON EBD,201445519,17/09/2014,Wed,910,KA,CS1C,303B ,,M,D,B ,F ,X,G,C,50,0,0,0,,,1757865,5919885
Auckland,GRAFTON ROAD,, ,I,GRAFTON ON SBD,201450920,17/12/2014,Wed,1122,BF,VS1C,131A 404A 801 ,,E,W,O ,L ,X,T,C,50,0,0,0,,,1757761,5919611
Auckland,GRAFTON ROAD,15,S, ,PARK ROAD,201438838,09/07/2014,Wed,835,AA,4S1C,197A 381A 839 ,,R,W,OF,L , ,N,C,50,0,0,0,,,1757497,5919147
Auckland,GRAFTON ROAD,30,S, ,WELLESLEY OFF NBD,201442131,31/07/2014,Thu,1800,FD,CN1CC,181A 331A 181B ,,E,D,DO,F , , ,C,50,0,0,0,,,1757275,5918782
Auckland,GRAND DRIVE,130,N, ,ABBOTTS WAY,201418493,24/12/2014,Wed,1205,CC,CS1C,130A 501A ,M,R,D,B ,F , , ,C,50,0,0,1,,,1762213,5916226
Auckland,GRAND DRIVE,, ,I,GROVENOR DRIVE,201450560,18/11/2014,Tue,1420,KB,CW1C,302B 377B ,KX,E,D,B ,F ,X,G,R,50,0,0,0,,,1750394,5949538
Auckland,GRAND DRIVE,170,W, ,MAIRE ROAD,201447602,21/09/2014,Sun,1836,DA,CE1,131A 410A ,EX,E,D,TO,F , ,N,P,50,0,0,0,,,1749976,5949374
Auckland,GRAND DRIVE,20,W, ,OREWA ON SBD,201445466,22/09/2014,Mon,9,CC,VW1,133A 407A ,P,R,W,DO,L , , ,R,50,0,0,0,,,1749012,5949559
Auckland,GRAND DRIVE,200,W, ,ROSEPARK CRESCENT N,201444867,10/11/2014,Mon,1635,MC,CE1C,372B ,,R,D,BF,F , ,N,C,50,0,0,0,,,1762813,5916987
Auckland,GRAND DRIVE,90,W, ,WEST HOE ROAD,201434398,27/02/2014,Thu,5,CB,CE1,130A 651A ,F,R,D,DO,F , , ,R,50,0,0,0,,,1750733,5949834
Auckland,GRAND DRIVE,, ,I,WINHALL RISE,201439130,10/04/2014,Thu,1638,LB,CN1CV,303B 375B ,,R,D,O ,F ,T,N,C,50,0,0,0,,,1762347,5916475
Auckland,GRANDE VUE ROAD,, ,I,MANUREWA ON NBD,201437413,31/05/2014,Sat,705,DA,CN1,501A ,GIS,M,D,B ,F ,T,N,R,50,0,0,0,,,1769438,5901890
Auckland,GRANDE VUE ROAD,130,E, ,SCENIC DRIVE,201416989,22/10/2014,Wed,1758,DA,CE1C,131A 410A ,M,E,D,OF,F , ,N,C,50,0,0,1,,,1768799,5902040
Auckland,GRANDISON CRESCENT,100,W, ,GILLIAM ST,201448049,12/11/2014,Wed,1600,MO,CW1C,386A ,M,R,D,B ,F , , ,N,50,0,0,0,,,1749143,5912213
Auckland,GRANGE ROAD,30,E, ,DOMINION ROAD,201446004,15/10/2014,Wed,730,MO,CE1T,371B 671B 927 ,,R,D,B ,F ,D, ,N,50,0,0,0,,,1755946,5916938
Auckland,GRANGE ROAD,, ,I,DOMINION ROAD,201442655,03/06/2014,Tue,830,BB,CN1C,123A ,,R,D,ON,F ,T,G,C,50,0,0,0,,,1755917,5916946
Auckland,GRANGE ROAD,, ,I,HENLEY ROAD,201434493,13/04/2014,Sun,1630,JA,CW1C,301B ,,M,D,B ,F ,T,S,C,50,0,0,0,,,1756535,5916758
Auckland,GRANGER ROAD,, ,I,COCKLE BAY ROAD,201412682,15/04/2014,Tue,1230,LB,CS1C,303B 375B ,,E,D,OF,F ,T,G,C,50,0,0,2,,,1773235,5914797