TLANAME,CRASHROAD,CRASHDIST,CRASHDIRN,INTSN,SIDEROAD,CRASHID,CRASHDATE,CRASHDOW,CRASHTIME,MVMT,VEHICLES,CAUSES,OBJECTSSTRUCK,ROADCURVE,ROADWET,LIGHT,WTHRa,JUNCTYPE,TRAFCTRL,ROADMARK,SPDLIM,CRASHFATALCNT,CRASHSEVCNT,CRASHMINCNT,PERSAGE1,PERSAGE2,EASTING,NORTHING
Auckland,GRASSMERE ROAD,250,E, ,OPANUKU ROAD,201410521,23/01/2014,Thu,1609,CC,CE1,129A ,V,R,D,BF,F , ,N,N,50,0,0,1,,,1740609,5914679
Auckland,GRAY AVENUE,50,N, ,LANDON AVENUE,201416479,12/10/2014,Sun,319,CC,CS1CC,104A 130A 412A ,M,R,D,DO,F , , ,C,50,0,0,1,,,1763884,5907112
Auckland,GRAY AVENUE,200,S, ,LANDON AVENUE,201436339,29/03/2014,Sat,2000,EA,CN14,101A 129A ,M,R,D,DO,F , ,N,C,50,0,0,0,,,1763858,5906863
Auckland,GRAY AVENUE,, ,I,LANDON AVENUE,201433944,24/03/2014,Mon,1730,FB,CN1C,181A 133B 191B ,,R,D,B ,F ,T,N,C,50,0,0,0,,,1763879,5907062
Auckland,GRAY AVENUE,160,E, ,MASSEY ROAD,201412701,26/04/2014,Sat,2350,DA,CW1,103A 131A ,P,E,D,DO,F , ,N,C,50,0,0,1,,,1763135,5907868
Auckland,GRAY AVENUE,30,N, ,ORAKAU ROAD,201430963,24/02/2014,Mon,750,NA,CE1E,306A 363A 902 ,,R,D,BF,F , ,N,X,50,0,0,0,,,1763600,5907477
Auckland,GRAY AVENUE,, ,I,ROSELLA ROAD,201442595,17/09/2014,Wed,1430,JC,CS2C,302A 375A ,,E,D,BF,F ,T,G,C,50,0,0,0,,,1763451,5907537
Auckland,GREAT NORTH ROAD,15,N, ,ALDERMAN DRIVE,201433693,17/04/2014,Thu,1614,AC,CS1C,372A ,,R,D,OF,F ,X,T,C,50,0,0,0,,,1745334,5917407
Auckland,GREAT NORTH ROAD,30,S, ,ALDERMAN DRIVE,201438613,16/06/2014,Mon,1830,MB,CS1C,303B ,,R,W,DO,H , , ,R,50,0,0,0,,,1745359,5917370
Auckland,GREAT NORTH ROAD,50,S, ,ALFORD ST,201431243,21/02/2014,Fri,845,BE,CS1C,501A ,,R,D,BF,F , ,N,C,50,0,0,0,,,1751687,5917067
Auckland,GREAT NORTH ROAD,, ,I,AOTEA ROAD,201450559,29/07/2014,Tue,1730,JC,CN2C,113A 321A ,,R,D,TO,F ,T,S,C,50,0,0,0,,,1748366,5913968
Auckland,GREAT NORTH ROAD,10,E, ,ARCHIBALD ROAD,201445210,28/09/2014,Sun,1530,FE,CW1C,423A 903 ,,R,D,B ,FS,T,T,C,50,0,0,0,,,1748159,5914112
Auckland,GREAT NORTH ROAD,15,N, ,ARCHIBALD ROAD,201438528,25/06/2014,Wed,,CC,CS1,101A 410A 801 ,I,R,W,DO,L , , ,R,50,0,0,0,,,1748144,5914132
Auckland,GREAT NORTH ROAD,60,N, ,ARCHIBALD ROAD,201442525,23/08/2014,Sat,1425,JA,CS1C,308B 314B 377B 925 ,,R,D,OF,F ,D,N,C,50,0,0,0,,,1748116,5914167
Auckland,GREAT NORTH ROAD,15,S, ,ARCHIBALD ROAD,201446150,07/10/2014,Tue,1705,FE,CN1C,331A 363A 902 ,,R,D,B ,F ,T,T,C,50,0,0,0,,,1748161,5914108
Auckland,GREAT NORTH ROAD,, ,I,ARCHIBALD ROAD,201436337,31/03/2014,Mon,2010,LB,CE1C,303B ,,R,D,DO,F ,T,T,P,50,0,0,0,,,1748153,5914120
Auckland,GREAT NORTH ROAD,, ,I,ARCHIBALD ROAD,201411213,14/01/2014,Tue,850,LB,CS1C,303B 382B ,,R,D,O ,F ,T,T,R,50,0,0,1,,,1748153,5914120
Auckland,GREAT NORTH ROAD,, ,I,ARIKI ST,201414399,28/06/2014,Sat,1104,JA,CN1C,301B 382B ,,E,D,O ,F ,T,S,P,50,0,0,2,,,1755718,5918747
Auckland,GREAT NORTH ROAD,, ,I,ARTHUR ST,201449467,14/12/2014,Sun,117,HA,CN1C,113A 302A 517A ,,R,W,DO,LS,X,G,C,50,0,0,0,,,1742126,5930714
Auckland,GREAT NORTH ROAD,, ,I,ASH ST,201433225,27/02/2014,Thu,1920,JA,CS14,322B ,,R,D,OF,F ,T,T,C,50,0,0,0,,,1751096,5915767
Auckland,GREAT NORTH ROAD,, ,I,ASH ST,201448406,18/11/2014,Tue,2025,DA,CE2,111A 131A ,KS,E,D,DO,L ,Y,T,R,50,0,0,0,,,1751096,5915767
Auckland,GREAT NORTH ROAD,50,N, ,BLOCKHOUSE BAY ROAD,201439302,12/06/2014,Thu,1835,FD,CS1CC,181A 353A ,,R,W,DO,F , ,N,C,50,0,0,0,,,1751540,5916453
Auckland,GREAT NORTH ROAD,25,W, ,BLOCKHOUSE BAY ROAD,201436332,17/03/2014,Mon,700,AO,ME1C,129A 386A ,,R,D,OF,F , ,N,C,50,0,0,0,,,1751512,5916385
Auckland,GREAT NORTH ROAD,200,W, ,BLOCKHOUSE BAY ROAD,201415260,28/07/2014,Mon,1819,FD,CW1CC,181A ,,R,D,DO,F , ,N,C,50,0,0,1,,,1751404,5916247
Auckland,GREAT NORTH ROAD,, ,I,BLOCKHOUSE BAY ROAD,201448210,03/12/2014,Wed,1310,FE,CN1C,181A 330A ,,R,D,B ,F ,T,T,C,50,0,0,0,,,1751527,5916405
Auckland,GREAT NORTH ROAD,, ,I,BOND ST,201449312,16/08/2014,Sat,915,DA,CN2,131A ,P,M,D,O ,F ,T,T,C,50,0,0,0,,,1755499,5918640
Auckland,GREAT NORTH ROAD,40,N, ,BRANDON ROAD,201446503,03/10/2014,Fri,700,JA,CS1C,308B 925 ,,R,D,O ,F ,D,N,N,50,0,0,0,,,1747845,5914401
Auckland,GREAT NORTH ROAD,20,W, ,BRANDON ROAD,201417470,30/08/2014,Sat,647,CC,CE1,102A 410A ,P,R,D,TO,F , ,N,C,50,0,0,1,,,1747860,5914388
Auckland,GREAT NORTH ROAD,30,W, ,BRANDON ROAD,201415843,18/09/2014,Thu,934,JA,CE1C,308B 925 ,,R,D,B ,F ,D,N,L,50,0,0,1,,,1747853,5914395
Auckland,GREAT NORTH ROAD,40,W, ,BRANDON ROAD,201448961,11/12/2014,Thu,1530,FD,CW1C,181A 410A ,,R,D,B ,F , , ,P,50,0,0,0,,,1747845,5914401
Auckland,GREAT NORTH ROAD,, ,I,BRANDON ROAD,201443671,25/08/2014,Mon,1327,KA,CE1C,308B 925 ,,R,D,B ,F ,D,T,N,50,0,0,0,,,1747876,5914375
Auckland,GREAT NORTH ROAD,, ,I,BRANDON ROAD,201450839,11/12/2014,Thu,1135,AO,CW1C,129A ,,R,D,BF,F ,T,T,C,50,0,0,0,,,1747876,5914375
Auckland,GREAT NORTH ROAD,5,W, ,BULLOCK TRACK,201418294,13/12/2014,Sat,1545,MC,4W1C,372B ,,R,D,B ,F ,T,S,P,80,0,0,1,,,1754250,5918539
Auckland,GREAT NORTH ROAD,, ,I,BULLOCK TRACK,201430597,20/01/2014,Mon,1800,JA,4E1C,301B ,,R,D,O ,F ,T,S,L,50,0,0,0,,,1754254,5918542
Auckland,GREAT NORTH ROAD,, ,I,BULLOCK TRACK,201415618,12/09/2014,Fri,1910,JA,CE14,301B 375B ,,R,W,DO,H ,X,S,P,50,0,0,1,,,1754254,5918542
Auckland,GREAT NORTH ROAD,, ,I,BULLOCK TRACK,201431067,11/02/2014,Tue,1433,JA,CN1C,301B 375B ,,R,D,B ,F ,T,S,R,50,0,0,0,,,1754254,5918542
Auckland,GREAT NORTH ROAD,, ,I,BULLOCK TRACK,201437268,30/04/2014,Wed,750,JA,CE1C,301B 377B ,,R,D,OF,F ,T,S,C,50,0,0,0,,,1754254,5918542
Auckland,GREAT NORTH ROAD,, ,I,BULLOCK TRACK,201441409,16/07/2014,Wed,2152,JA,CE1C,301B 377B 382B 830 ,,R,D,DO,F ,T,S,C,50,0,0,0,,,1754254,5918542
Auckland,GREAT NORTH ROAD,, ,I,BULLOCK TRACK,201448883,07/12/2014,Sun,1300,JA,CE1C,301B 375B ,,R,D,B ,F ,T,S,C,50,0,0,0,,,1754254,5918542
Auckland,GREAT NORTH ROAD,, ,I,BULLOCK TRACK,201434800,21/03/2014,Fri,2004,JA,CE1C,301B 353B 375B ,,R,D,DO,F ,T,S,P,50,0,0,0,,,1754254,5918542
Auckland,GREAT NORTH ROAD,, ,I,BULLOCK TRACK,201433344,13/03/2014,Thu,650,JA,TE1C,301B 375B ,,R,D,BF,F ,T,S,C,50,0,0,0,,,1754254,5918542
Auckland,GREAT NORTH ROAD,, ,I,BULLOCK TRACK,201436733,08/05/2014,Thu,1113,JA,CE1C,301B 377B 830 ,,M,D,B ,F ,X,S,C,50,0,0,0,,,1754254,5918542
Auckland,GREAT NORTH ROAD,, ,I,BUSCOMB AVENUE,201446280,16/08/2014,Sat,1930,FE,CN1C,181A ,,R,D,DO,F ,M,T,C,50,0,0,0,,,1745063,5917751
Auckland,GREAT NORTH ROAD,110,E, ,CARRINGTON ROAD,201415174,09/07/2014,Wed,2225,MA,CW1C,373B 801 ,,R,W,DO,L , ,T,X,50,0,0,1,,,1752494,5918147
Auckland,GREAT NORTH ROAD,50,S, ,CARRINGTON ROAD,201449948,15/12/2014,Mon,815,FD,CE1CC,111A 181A 331A ,,E,D,B ,F , , ,R,50,0,0,0,,,1752355,5918068
Auckland,GREAT NORTH ROAD,350,W, ,CARRINGTON ROAD,201443052,02/09/2014,Tue,1006,AA,CE14,372A ,,R,D,B ,F , , ,C,50,0,0,0,,,1752057,5918057
Auckland,GREAT NORTH ROAD,, ,I,CARRINGTON ROAD,201412852,13/03/2014,Thu,2015,HA,BN24,322B 334B 801 ,,R,W,DO,L ,X,T,C,50,0,0,4,,,1752400,5918091
Auckland,GREAT NORTH ROAD,, ,I,CARRINGTON ROAD,201418846,21/12/2014,Sun,924,LB,ME1C,101A 322A 350A 102B ,,R,D,BF,F ,X,T,P,50,0,0,1,,,1752400,5918091
Auckland,GREAT NORTH ROAD,, ,I,CARRINGTON ROAD,201435983,13/04/2014,Sun,2040,HA,CE1C,322A 352A ,,R,W,DO,L ,X,T,C,50,0,0,0,,,1752400,5918091
Auckland,GREAT NORTH ROAD,, ,I,CARRINGTON ROAD,201450211,21/12/2014,Sun,847,JA,CW1C,322A 353A ,,R,D,BF,F ,X,T,C,50,0,0,0,,,1752400,5918091
Auckland,GREAT NORTH ROAD,, ,A,CLARK ST,201431737,25/01/2014,Sat,2143,LB,CW1C,334A 334B ,,R,D,DO,F ,T,T,R,50,0,0,0,,,1749623,5913889
Auckland,GREAT NORTH ROAD,50,W, ,COLERIDGE ST,201437404,01/06/2014,Sun,100,FA,CW14,103A 110A 426A ,PF,R,D,DO,F , , ,C,50,0,0,0,,,1755066,5918471
Auckland,GREAT NORTH ROAD,40,N, ,COWLEY ST,201445642,07/09/2014,Sun,810,AC,VN14,372A ,,R,D,B ,F , , ,P,50,0,0,0,,,1751943,5917693
Auckland,GREAT NORTH ROAD,150,N, ,COWLEY ST,201438586,10/06/2014,Tue,1900,EC,CN1,129A 330A 645A 901 ,I,E,W,DO,H , , ,R,50,0,0,0,,,1751983,5917795
Auckland,GREAT NORTH ROAD,30,S, ,COWLEY ST,201441105,21/06/2014,Sat,1330,FF,CS1C,434A 512A ,,R,D,BF,F , ,N,C,50,0,0,0,,,1751912,5917631
Auckland,GREAT NORTH ROAD,25,S, ,CRAYFORD ST,201432751,02/03/2014,Sun,1120,KB,CS1C,308B 375B 927 ,,R,D,O ,F ,D, ,C,50,0,0,0,,,1751218,5915234
Auckland,GREAT NORTH ROAD,, ,I,CRUM AVENUE,201417518,01/10/2014,Wed,1914,LB,SN1C,303B 377B ,,R,D,TF,F ,T,S,P,50,0,1,0,,27,1750346,5914399
Auckland,GREAT NORTH ROAD,, ,I,CRUM AVENUE,201416419,18/09/2014,Thu,545,LB,PE1C,534A 670A 303B 375B ,,R,W,DO,F ,T,S,C,50,0,1,0,,,1750346,5914399
Auckland,GREAT NORTH ROAD,220,E, ,DELLWOOD AVENUE,201418684,21/12/2014,Sun,703,BF,CE1C,111A 129A 514A ,,E,W,DO,L , ,N,L,50,0,0,1,,,1746398,5916664
Auckland,GREAT NORTH ROAD,50,N, ,DELLWOOD AVENUE,201447541,04/11/2014,Tue,2240,FA,4N1C,331A 357A 512A ,,R,D,DO,F , , ,L,50,0,0,0,,,1746281,5916901
Auckland,GREAT NORTH ROAD,200,E, ,EDMONTON ROAD,201437210,13/05/2014,Tue,1655,AC,VE1C,372A 381A ,,R,D,BF,F , ,N,C,50,0,0,0,,,1745919,5917154
Auckland,GREAT NORTH ROAD,, ,I,EDMONTON ROAD,201436284,08/05/2014,Thu,1533,AO,CW1T,129A ,,R,D,O ,F ,X,T,C,50,0,0,0,,,1745733,5917225
Auckland,GREAT NORTH ROAD,, ,I,EDMONTON ROAD,201444365,10/09/2014,Wed,1630,GF,CW1C,129A 129B ,,M,D,O ,F ,X,T,C,50,0,0,0,,,1745733,5917225
Auckland,GREAT NORTH ROAD,, ,I,EDSEL ST,201449520,17/12/2014,Wed,1330,LB,CE1T,334A 334B 801 ,,R,W,O ,L ,X,T,C,50,0,0,0,,,1745733,5917225
Auckland,GREAT NORTH ROAD,80,S, ,FAIRLANDS AVENUE,201449871,16/12/2014,Tue,1440,FD,CN1C,181A 331A ,,R,D,OF,F , ,N,C,50,0,0,0,,,1751562,5916546
Auckland,GREAT NORTH ROAD,, ,I,FAIRLANDS AVENUE,201439261,08/06/2014,Sun,1810,FD,CS1CC,331A 351A ,,R,D,DO,F ,T,G,C,50,0,0,0,,,1751581,5916624
Auckland,GREAT NORTH ROAD,270,S, ,FELGROVE ST,201439236,17/06/2014,Tue,1435,BF,CN1V,501A ,,E,W,O ,L , , ,P,50,0,0,0,,,1746667,5915413
Auckland,GREAT NORTH ROAD,, ,I,FELGROVE ST,201444306,16/09/2014,Tue,1420,BO,BW2C,124A 330A 386A ,,R,D,B ,F ,T,T,C,50,0,0,0,,,1746572,5915650
Auckland,GREAT NORTH ROAD,50,S, ,FIR ST,201412400,31/03/2014,Mon,1445,QA,BN1E,370A 520B ,,R,D,B ,F , , ,C,50,0,1,0,77,,1751627,5916820
Auckland,GREAT NORTH ROAD,, ,I,FIR ST,201410723,16/03/2014,Sun,13,NA,CN1E,713B ,,R,W,DO,L ,T,N,C,50,0,1,0,,,1751639,5916869
Auckland,GREAT NORTH ROAD,10,N, ,FRUITVALE ROAD,201418257,22/12/2014,Mon,1301,BF,CE1C,131B 402B 412B ,,E,D,B ,F ,T,S,C,50,0,0,2,,,1748643,5913874
Auckland,GREAT NORTH ROAD,, ,I,FRUITVALE ROAD,201436744,23/03/2014,Sun,439,AD,CW1C,103A 150A ,,R,D,DN,F ,T,N,C,50,0,0,0,,,1748652,5913871
Auckland,GREAT NORTH ROAD,, ,I,FRUITVALE ROAD,201414401,10/06/2014,Tue,2256,DA,CW1,103A 111A 131A ,F,E,D,DO,L ,T,G,P,50,0,1,1,,,1748652,5913871
Auckland,GREAT NORTH ROAD,50,S, ,GLENDON AVENUE,201444568,11/09/2014,Thu,1120,AC,CS1C,197B ,K,R,D,B ,F , , ,C,50,0,0,0,,,1751306,5916119
Auckland,GREAT NORTH ROAD,400,S, ,GLENVIEW ROAD,201446303,20/09/2014,Sat,1245,AC,CS1C,181A ,,R,D,BF,F , ,N,C,50,0,0,0,,,1747783,5914453
Auckland,GREAT NORTH ROAD,20,W, ,GLENVIEW ROAD,201439291,01/05/2014,Thu,1830,AA,CE1VC,130A 372A 402A ,,E,D,DO,F , , ,C,50,0,0,0,,,1747466,5914728
Auckland,GREAT NORTH ROAD,, ,I,GLENVIEW ROAD,201434392,10/04/2014,Thu,1010,FE,TW1C,181A 387A ,,R,D,O ,F ,X,T,C,50,0,0,0,,,1747481,5914715
Auckland,GREAT NORTH ROAD,30,E, ,HEPBURN ROAD,201436347,26/02/2014,Wed,1148,AA,CE1C,184A ,,R,D,BF,F , ,N,L,50,0,0,0,,,1747013,5915115
Auckland,GREAT NORTH ROAD,15,N, ,HEPBURN ROAD,201444302,27/09/2014,Sat,1810,FE,CS1V,181A 331A 801 817 ,,R,W,TO,L ,T,T,P,50,0,0,0,,,1746979,5915144
Auckland,GREAT NORTH ROAD,, ,I,HEPBURN ROAD,201436171,10/05/2014,Sat,2007,FE,CW1C,103A 331A ,,R,D,DO,F ,X,T,C,50,0,0,0,,,1746990,5915134
Auckland,GREAT NORTH ROAD,100,S, ,HERDMAN ST,201440473,30/07/2014,Wed,2120,AD,CS1C,135A 150A ,,R,D,B ,F , ,N,L,50,0,0,0,,,1751766,5917336
Auckland,GREAT NORTH ROAD,60,W, ,HUIA ROAD,201441984,12/08/2014,Tue,815,EA,TE1C,129A ,M,R,D,O ,F , , ,C,50,0,0,0,,,1752489,5918144
Auckland,GREAT NORTH ROAD,100,W, ,HUIA ROAD,201438737,16/06/2014,Mon,1730,AA,CW1V,372A ,,R,W,DO,L , ,N,C,50,0,0,0,,,1752454,5918125
Auckland,GREAT NORTH ROAD,80,S, ,JAMES LAURIE ST,201433373,29/03/2014,Sat,1736,MG,CN14,371B ,,R,D,BF,F , ,N,C,50,0,0,0,,,1746534,5916320
Auckland,GREAT NORTH ROAD,, ,I,JAMES LAURIE ST,201437139,29/05/2014,Thu,1455,AO,TS1C,385A 671A ,,R,D,OF,F ,T,T,C,50,0,0,0,,,1746530,5916400
Auckland,GREAT NORTH ROAD,, ,I,KARANGAHAPE ROAD,201415087,09/08/2014,Sat,430,LB,CE1X,103A 322A ,,R,W,DO,F ,X,T,R,50,0,0,2,,,1756247,5919258
Auckland,GREAT NORTH ROAD,50,E, ,KING ST,201439636,22/06/2014,Sun,1000,DB,VE1C,410A ,M,E,D,B ,F , , ,C,50,0,0,0,,,1755700,5918730
Auckland,GREAT NORTH ROAD,30,W, ,KIWI ROAD,201444680,17/07/2014,Thu,1510,LB,PE1C,303B 375B 924 ,,R,D,O ,F ,D,N,C,50,0,0,0,,,1752607,5918210
Auckland,GREAT NORTH ROAD,, ,I,KIWI ROAD,201449549,06/12/2014,Sat,2216,FE,CW1V,331A 352A ,,R,D,DO,F ,T,T,P,50,0,0,0,,,1752633,5918225
Auckland,GREAT NORTH ROAD,150,E, ,LARCH ST,201444863,18/11/2014,Tue,1159,AC,TN1C,372B ,,R,D,BF,F , ,N,C,50,0,0,0,,,1751079,5914923
Auckland,GREAT NORTH ROAD,200,S, ,LARCH ST,201449693,31/12/2014,Wed,1354,JA,CS1C,308B 351B 402B 930 ,,R,D,B ,F ,D,N,L,50,0,0,0,,,1750824,5914687
Auckland,GREAT NORTH ROAD,5,W, ,LARCH ST,201433937,05/04/2014,Sat,2130,FA,CE1C,181A 512A ,,R,D,DO,F ,T,N,L,50,0,0,0,,,1750976,5914807
Auckland,GREAT NORTH ROAD,100,E, ,LYNWOOD ROAD,201417218,28/10/2014,Tue,1812,FD,CW1V,331A 353A 904 ,,R,D,O ,M , , ,C,50,0,0,1,,,1748546,5913907
Auckland,GREAT NORTH ROAD,100,E, ,LYNWOOD ROAD,201415730,04/09/2014,Thu,720,BF,CN1CC,103A 111A 131A ,,M,D,BF,F , ,N,P,50,0,1,1,,,1748546,5913907
Auckland,GREAT NORTH ROAD,, ,I,LYNWOOD ROAD,201450527,04/09/2014,Thu,820,JA,TW1C,205A 302B ,,R,D,B ,F ,T,G,C,50,0,0,0,,,1748452,5913939
Auckland,GREAT NORTH ROAD,20,N, ,MCCRAE WAY,201414776,10/08/2014,Sun,1150,FD,CN1C,331A ,,R,D,B ,F , , ,L,50,0,0,1,,,1749859,5913963
Auckland,GREAT NORTH ROAD,, ,I,MCCRAE WAY,201414936,22/06/2014,Sun,1906,NC,CN2E,341A 352A ,,R,D,DO,F ,X,T,R,50,0,0,1,31,,1749845,5913950
Auckland,GREAT NORTH ROAD,10,N, ,MCLEOD ROAD,201444960,15/09/2014,Mon,1450,FA,CW1C,181A 191B ,,R,D,O ,F ,T,N,C,50,0,0,0,,,1746115,5917012
Auckland,GREAT NORTH ROAD,, ,I,MCLEOD ROAD,201445081,18/10/2014,Sat,1244,JA,CE1C,301B 375B ,,E,W,O ,F ,T,S,C,50,0,0,0,,,1746123,5917006
Auckland,GREAT NORTH ROAD,, ,I,MCLEOD ROAD,201413201,06/03/2014,Thu,845,AA,CN1P,372A 150B ,,R,D,B ,F ,T,S,C,50,0,0,1,,,1746123,5917006
Auckland,GREAT NORTH ROAD,, ,I,MCLEOD ROAD,201436529,14/05/2014,Wed,1300,JA,CE1C,301B 370B 387B 801 ,,R,W,O ,L ,T,S,P,50,0,0,0,,,1746123,5917006
Auckland,GREAT NORTH ROAD,, ,I,MCLEOD ROAD,201441662,31/07/2014,Thu,1010,JA,4E1C,301B ,,E,D,O ,F ,T,S,P,50,0,0,0,,,1746123,5917006
Auckland,GREAT NORTH ROAD,, ,I,MEMORIAL DRIVE,201439294,11/06/2014,Wed,2015,FE,TS1C,103A 331A ,,R,D,DO,F ,X,T,P,50,0,0,0,,,1749964,5914060
Auckland,GREAT NORTH ROAD,60,E, ,MEMORIAL SQUARE,201435409,07/05/2014,Wed,1150,MC,CS1C,372B ,,R,D,BF,F , ,N,P,50,0,0,0,,,1750009,5914100
Auckland,GREAT NORTH ROAD,40,N, ,MEMORIAL SQUARE,201412488,15/04/2014,Tue,945,NG,CN1,351A 372A 715B ,,R,D,B ,F , , ,P,50,0,0,1,40,,1749994,5914087
Auckland,GREAT NORTH ROAD,10,W, ,MEMORIAL SQUARE,201418779,19/12/2014,Fri,2336,MO,CW1C,133A 404A ,KQ,R,D,DO,F ,X,T,C,50,0,0,1,,,1749956,5914053
Auckland,GREAT NORTH ROAD,10,W, ,MOA ROAD,201413932,29/05/2014,Thu,2214,NA,CE1E,370A 105B 712B ,,R,W,DO,L ,T,G,C,50,0,1,0,60,,1752826,5918313
Auckland,GREAT NORTH ROAD,100,N, ,MONTEL AVENUE,201443090,09/09/2014,Tue,1500,DC,CE1,133A 507A 930 ,C,R,D,O ,F ,D, ,P,50,0,0,0,,,1745878,5917172
Auckland,GREAT NORTH ROAD,15,S, ,MOTAT OFF EBD,201441102,25/07/2014,Fri,1320,MC,CS1T,372B ,,R,D,BF,F , ,N,C,50,0,0,0,,,1754047,5918390
Auckland,GREAT NORTH ROAD,15,E, ,MOTAT ON EBD,201438555,15/05/2014,Thu,2020,FD,CW1C,104A 331A ,,R,D,DO,F , , ,C,50,0,0,0,,,1754134,5918450
Auckland,GREAT NORTH ROAD,, ,I,MOTAT ON EBD S,201436356,14/03/2014,Fri,35,LB,CS1C,303B ,,R,D,DO,F ,X,T,C,50,0,0,0,,,1754122,5918441
Auckland,GREAT NORTH ROAD,190,W, ,MOTIONS ROAD,201418239,18/12/2014,Thu,1545,FD,CW1CC,181A 331A ,,R,D,O ,F , , ,C,50,0,0,1,,,1753036,5918361
Auckland,GREAT NORTH ROAD,, ,I,MOTIONS ROAD,201435257,23/03/2014,Sun,1918,FE,CW1C,181A 902 ,,R,D,B ,F ,T,T,C,50,0,0,0,,,1753222,5918394
Auckland,GREAT NORTH ROAD,5,W, ,NEWTON ROAD,201432036,11/02/2014,Tue,1650,FE,CE1C,331A ,,R,D,B ,F ,X,T,C,50,0,0,0,,,1756243,5919254
Auckland,GREAT NORTH ROAD,, ,I,NEWTON ROAD,201435587,26/04/2014,Sat,2150,LB,CN2CC,322A 330A 191B 197B 181C 331C ,,R,D,DO,F ,X,T,C,50,0,0,0,,,1756247,5919258
Auckland,GREAT NORTH ROAD,, ,I,PALMER AVENUE,201411710,18/03/2014,Tue,750,FD,CS1C,181A 331A ,,R,D,O ,F ,T,G,C,50,0,0,1,,,1747340,5914834
Auckland,GREAT NORTH ROAD,20,E, ,PINE ST,201450202,17/10/2014,Fri,1455,AO,TE1C,671A ,,R,D,OF,F , ,N,C,50,0,0,0,,,1749324,5913916
Auckland,GREAT NORTH ROAD,, ,I,PINE ST,201442069,26/07/2014,Sat,1640,KA,CE1C,301B ,,R,D,OF,F ,T,S,C,50,0,0,0,,,1749304,5913915
Auckland,GREAT NORTH ROAD,, ,I,PINE ST,201435002,26/04/2014,Sat,1231,LB,CE1C,303B 386B ,,R,D,B ,F ,T,N,C,50,0,0,0,,,1749304,5913915
Auckland,GREAT NORTH ROAD,15,W, ,POINT CHEVALIER ROAD,201433237,12/03/2014,Wed,1646,FE,CE1C,181A ,,R,D,BF,F ,X,T,C,50,0,0,0,,,1752387,5918083
Auckland,GREAT NORTH ROAD,300,W, ,POINT CHEVALIER ROAD,201414392,24/06/2014,Tue,1145,MC,TE1C,372B ,,E,D,O ,F , , ,R,50,0,0,1,,,1752107,5918054
Auckland,GREAT NORTH ROAD,70,W, ,PONSONBY ROAD,201414563,03/07/2014,Thu,1107,NB,CW1E,712B 713B ,,R,W,O ,L , , ,C,50,0,1,0,25,,1756196,5919209
Auckland,GREAT NORTH ROAD,180,E, ,PORTAGE ROAD,201413875,04/06/2014,Wed,1316,NA,CE1E,712B ,,R,D,B ,F , , ,C,50,0,1,0,43,,1750613,5914600
Auckland,GREAT NORTH ROAD,300,N, ,PORTAGE ROAD,201449519,13/12/2014,Sat,1215,DA,4N1C,108A 131A ,,E,D,B ,F , , ,C,50,0,0,0,,,1750729,5914630
Auckland,GREAT NORTH ROAD,, ,I,PORTAGE ROAD,201442523,31/08/2014,Sun,1854,LB,CW1C,303B 334B ,,R,W,DO,HS,T,T,R,50,0,0,0,,,1750463,5914502
Auckland,GREAT NORTH ROAD,, ,I,PORTAGE ROAD,201433940,01/04/2014,Tue,1420,GA,CW1C,181A 387A 142B ,,R,D,B ,F ,T,G,C,50,0,0,0,,,1750463,5914502
Auckland,GREAT NORTH ROAD,, ,I,PORTAGE ROAD,201445380,21/09/2014,Sun,1634,LB,CW1C,303B ,,R,D,B ,F ,T,T,C,50,0,0,0,,,1750463,5914502
Auckland,GREAT NORTH ROAD,, ,I,PORTAGE ROAD,201447053,24/10/2014,Fri,1919,KB,CN1C,303B 375B ,,R,D,BF,F ,T,T,C,50,0,0,0,,,1750463,5914502
Auckland,GREAT NORTH ROAD,, ,I,PORTAGE ROAD,201416417,18/09/2014,Thu,1950,LB,CW1C,303B ,,R,D,TO,F ,T,T,R,50,0,0,2,,,1750463,5914502
Auckland,GREAT NORTH ROAD,15,W, ,PREMIER AVENUE,201449176,06/12/2014,Sat,1445,FD,CW1CT,331A 358A ,,R,D,BF,F ,T,G,P,50,0,0,0,,,1753006,5918354
Auckland,GREAT NORTH ROAD,, ,I,PT CHEV OFF EBD N,201440275,26/06/2014,Thu,1039,FB,4E1C,181A 817 ,,E,D,O ,F ,T,G,R,50,0,0,0,,,1752061,5918057
Auckland,GREAT NORTH ROAD,, ,I,PT CHEV ON EBD,201446979,11/11/2014,Tue,1431,AC,CN1VC,372A 191B 181C ,,E,D,BF,F ,Y,N,C,50,0,0,0,,,1751972,5917941
Auckland,GREAT NORTH ROAD,, ,I,RACECOURSE PARADE,201444307,07/09/2014,Sun,1230,KB,VS1C,302B 375B ,,R,D,O ,F ,T,G,P,50,0,0,0,,,1751195,5915368
Auckland,GREAT NORTH ROAD,, ,I,RACECOURSE PARADE,201434288,13/03/2014,Thu,1830,FB,CN1CC,331A 352A 402A ,,R,D,B ,F ,T,G,C,50,0,0,0,,,1751195,5915368
Auckland,GREAT NORTH ROAD,60,N, ,RAILSIDE AVENUE,201446034,10/10/2014,Fri,2230,FA,4N1C,101A 110A 331A ,,R,D,DO,F , , ,R,50,0,0,0,,,1745405,5917303
Auckland,GREAT NORTH ROAD,, ,I,RAILSIDE AVENUE,201436390,18/04/2014,Fri,1258,AC,CW1V,372A ,,E,D,BF,F ,X,T,C,50,0,0,0,,,1745439,5917253
Auckland,GREAT NORTH ROAD,20,E, ,RATA ST,201413497,10/06/2014,Tue,1455,NB,4W1EE,713B ,,R,D,B ,F , , ,C,50,0,1,1,16,,1749451,5913914
Auckland,GREAT NORTH ROAD,40,E, ,RATA ST,201431200,21/02/2014,Fri,1120,AA,CW1B,372A ,,R,D,BF,F , ,N,C,50,0,0,0,,,1749471,5913913
Auckland,GREAT NORTH ROAD,100,N, ,RATA ST,201449619,05/09/2014,Fri,1326,FA,MW1X,181A 357A 434A ,,R,D,B ,F , , ,C,50,0,0,0,,,1749331,5913917
Auckland,GREAT NORTH ROAD,20,W, ,RATA ST,201431024,11/02/2014,Tue,1330,AA,CW1V,372A 381A ,,R,D,B ,F ,X,T,C,80,0,0,0,,,1749411,5913917