TLANAME,CRASHROAD,CRASHDIST,CRASHDIRN,INTSN,SIDEROAD,CRASHID,CRASHDATE,CRASHDOW,CRASHTIME,MVMT,VEHICLES,CAUSES,OBJECTSSTRUCK,ROADCURVE,ROADWET,LIGHT,WTHRa,JUNCTYPE,TRAFCTRL,ROADMARK,SPDLIM,CRASHFATALCNT,CRASHSEVCNT,CRASHMINCNT,PERSAGE1,PERSAGE2,EASTING,NORTHING
Auckland,GREAT NORTH ROAD,60,W, ,RATA ST,201440397,02/07/2014,Wed,701,AC,4E1C,372A 671A ,,R,D,B ,F , , ,C,50,0,0,0,,,1749371,5913918
Auckland,GREAT NORTH ROAD,, ,I,RATANUI ST,201412106,04/04/2014,Fri,1635,FE,CN1V,181A 331A 402A ,,E,D,B ,F ,X,T,C,50,0,0,1,,,1745439,5917253
Auckland,GREAT NORTH ROAD,, ,I,SABULITE ROAD,201446018,09/10/2014,Thu,745,DA,CS1,111A 132A ,X,E,W,B ,F ,X,T,L,50,0,0,0,,,1747481,5914715
Auckland,GREAT NORTH ROAD,, ,I,SALTAIRE ST,201446627,13/09/2014,Sat,940,GD,CS1C,331A ,,R,D,B ,F ,T,G,N,50,0,0,0,,,1751414,5916259
Auckland,GREAT NORTH ROAD,, ,I,ST JUDE ST,201434559,01/04/2014,Tue,1130,HA,CS1C,302A 375A ,,E,D,BF,F ,R,G,R,50,0,0,0,,,1751177,5915030
Auckland,GREAT NORTH ROAD,, ,I,ST JUDE ST,201434555,30/03/2014,Sun,950,HA,CW2C,302A 375A ,,M,D,BF,F ,R,G,R,50,0,0,0,,,1751198,5915037
Auckland,GREAT NORTH ROAD,, ,I,ST JUDE ST,201414122,17/05/2014,Sat,1300,HA,CW2C,302A ,,R,D,BF,F ,R,G,R,50,0,0,2,,,1751198,5915037
Auckland,GREAT NORTH ROAD,, ,I,ST JUDE ST,201445373,21/09/2014,Sun,1049,LB,CW2C,302A ,,M,W,O ,H ,R,G,R,50,0,0,0,,,1751198,5915037
Auckland,GREAT NORTH ROAD,100,E, ,ST LUKES ROAD,201443731,05/09/2014,Fri,1525,JA,TW1C,308B 922 ,,R,W,O ,L ,D,N,P,50,0,0,0,,,1753937,5918363
Auckland,GREAT NORTH ROAD,200,W, ,ST LUKES ROAD,201449131,16/11/2014,Sun,2045,MC,CE1C,372B ,,R,D,DO,F , ,N,C,50,0,0,0,,,1753638,5918371
Auckland,GREAT NORTH ROAD,, ,I,ST LUKES ROAD,201449510,14/05/2014,Wed,2310,DA,CN2C,104A 131A ,,M,W,DO,F ,T,T,P,50,0,0,0,,,1753838,5918357
Auckland,GREAT NORTH ROAD,, ,I,STADIUM ROAD,201449892,05/12/2014,Fri,1755,DA,CE1CCC,137A ,,R,D,BF,F ,T,T,R,50,0,0,0,,,1754102,5918427
Auckland,GREAT NORTH ROAD,, ,I,STADIUM ROAD,201443993,24/08/2014,Sun,530,MO,CE1VC,512A 514A 517A ,,R, ,TO,  ,X,T,R,50,0,0,0,,,1754102,5918427
Auckland,GREAT NORTH ROAD,200,W, ,SURREY CRESCENT,201445369,27/09/2014,Sat,520,DA,CE1,111A 402A 514A 517A ,K,M,D,DO,F , , ,C,50,0,0,0,,,1754665,5918810
Auckland,GREAT NORTH ROAD,25,N, ,SUSSEX ST,201412491,17/03/2014,Mon,2011,NA,CS1E,306A 351A ,,R,D,DO,F ,T,T,X,50,0,1,0,30,,1755880,5918904
Auckland,GREAT NORTH ROAD,10,W, ,SUSSEX ST,201447497,02/12/2014,Tue,1347,JA,CW1C,308B 375B 929 ,,R,D,B ,F ,D,N,C,50,0,0,0,,,1755855,5918880
Auckland,GREAT NORTH ROAD,, ,I,SUSSEX ST,201435212,30/03/2014,Sun,1415,JA,CN1C,302B ,,R,D,B ,F ,T,G,C,50,0,0,0,,,1755862,5918887
Auckland,GREAT NORTH ROAD,, ,I,SWANSON ROAD,201442411,01/08/2014,Fri,815,LB,CS2C,303B 322B ,,R,D,BF,F ,X,T,C,50,0,0,0,,,1745063,5917751
Auckland,GREAT NORTH ROAD,, ,I,SWANSON ROAD,201434725,01/05/2014,Thu,1415,LB,CE2C,323B 353B ,,E,D,BF,F ,M,T,R,50,0,0,0,,,1745063,5917751
Auckland,GREAT NORTH ROAD,20,S, ,TE ATATU ROAD,201413721,08/04/2014,Tue,1925,NA,CS1EE,711B 718B ,,R,D,DO,F , ,T,X,50,0,2,0,1,,1746529,5916470
Auckland,GREAT NORTH ROAD,, ,I,TE ATATU ROAD,201442315,08/07/2014,Tue,2020,GF,CN1C,381A ,,E,W,DO,F ,R,G,C,50,0,0,0,,,1746530,5916490
Auckland,GREAT NORTH ROAD,, ,I,TE ATATU ROAD,201431995,23/03/2014,Sun,1530,HA,CS2C,308A 925 ,,M,D,BF,F ,D,G,R,50,0,0,0,,,1746539,5916504
Auckland,GREAT NORTH ROAD,50,E, ,TITIRANGI ROAD,201430054,01/01/2014,Wed,838,AC,CW1V,381A ,,E,D,OF,F , ,N,C,50,0,0,0,,,1749481,5913912
Auckland,GREAT NORTH ROAD,800,E, ,TITIRANGI ROAD,201437338,05/06/2014,Thu,2156,JA,CW14,103B 308B 929 ,,R,D,DO,F ,D,N,P,50,0,0,0,,,1750117,5914196
Auckland,GREAT NORTH ROAD,, ,I,TITIRANGI ROAD,201444574,14/09/2014,Sun,1328,AA,CE1C,184A 372A ,,R,W,O ,L ,X,T,R,50,0,0,0,,,1749431,5913916
Auckland,GREAT NORTH ROAD,, ,I,TITIRANGI ROAD,201434267,18/02/2014,Tue,930,FE,CE1C,331A ,,R,D,B ,F ,X,T,C,50,0,0,0,,,1749431,5913916
Auckland,GREAT NORTH ROAD,50,N, ,TOTARA AVENUE,201437147,22/05/2014,Thu,1923,EA,CS1M,129A ,M,R,D,DO,F , ,N,C,50,0,0,0,,,1749625,5913889
Auckland,GREAT NORTH ROAD,60,W, ,TOTARA AVENUE,201435290,09/04/2014,Wed,1415,EA,TW1C,371A ,M,R,D,B ,F , , ,C,50,0,0,0,,,1749615,5913891
Auckland,GREAT NORTH ROAD,, ,I,TOTARA AVENUE,201437041,28/05/2014,Wed,1145,AA,CE1C,334A ,,R,D,B ,F ,T,T,C,50,0,0,0,,,1749674,5913882
Auckland,GREAT NORTH ROAD,, ,I,TOTARA AVENUE,201439663,02/04/2014,Wed,1600,FE,CE1C,181A ,,M,D,B ,F ,T,T,C,50,0,0,0,,,1749674,5913882
Auckland,GREAT NORTH ROAD,50,W, ,TRADING PLACE,201437873,05/06/2014,Thu,1000,MG,CW14,371B 929 ,,R,D,B ,F ,D,N,C,50,0,0,0,,,1745588,5917222
Auckland,GREAT NORTH ROAD,50,W, ,TRADING PLACE,201447794,13/11/2014,Thu,1700,FD,CE1C,181A 331A ,,R,D,B ,F , , ,C,50,0,0,0,,,1745588,5917222
Auckland,GREAT NORTH ROAD,5,W, ,TURAKINA ST,201431171,03/03/2014,Mon,815,FD,VE1CC,181A ,,R,W,O ,F ,T,N,C,50,0,0,0,,,1755786,5918813
Auckland,GREAT NORTH ROAD,80,W, ,VERONICA ST,201416125,22/09/2014,Mon,1932,KA,SW14,534A 602A 308B 375B 925 ,,R,D,DO,F ,D, ,C,50,0,1,0,,27,1750149,5914225
Auckland,GREAT NORTH ROAD,100,W, ,VERONICA ST,201434186,31/03/2014,Mon,1542,MA,CN1C,373B ,,R,D,O ,F , , ,C,50,0,0,0,,,1750134,5914212
Auckland,GREAT NORTH ROAD,200,W, ,VERONICA ST,201433216,02/03/2014,Sun,1645,MA,CW1C,373B ,,R,D,BF,F , ,N,C,50,0,0,0,,,1750059,5914145
Auckland,GREAT NORTH ROAD,, ,I,VERONICA ST,201430901,23/02/2014,Sun,1416,AA,CW1C,381A ,,R,D,BF,F ,X,T,P,50,0,0,0,,,1750209,5914278
Auckland,GREAT NORTH ROAD,, ,I,VERONICA ST,201448402,05/10/2014,Sun,825,HA,CW1C,324A ,,R,D,OF,F ,X,T,C,50,0,0,0,,,1750209,5914278
Auckland,GREAT NORTH ROAD,, ,I,VICTOR ST,201412397,23/04/2014,Wed,2344,LB,CN1C,197A 303B 375B 402B ,P,R,D,DO,F ,X,T,C,50,0,0,1,,,1751159,5915886
Auckland,GREAT NORTH ROAD,, ,I,VICTOR ST,201430589,27/01/2014,Mon,1805,FE,CN14,331A ,,R,D,B ,F ,T,T,C,50,0,0,0,,,1751159,5915886
Auckland,GREAT NORTH ROAD,15,S, ,VIEW ROAD,201430977,12/01/2014,Sun,1412,FE,CN1CC,181A ,,R,D,OF,F ,X,T,C,50,0,0,0,,,1746573,5915609
Auckland,GREAT NORTH ROAD,100,S, ,VIEW ROAD,201446246,22/06/2014,Sun,349,DB,CS1,103A 131A ,FH,M,D,DO,F , ,N,C,50,0,0,0,,,1746582,5915525
Auckland,GREAT NORTH ROAD,, ,I,VIEW ROAD,201413778,08/06/2014,Sun,1202,JA,CN1C,322A ,,R,D,OF,F ,X,T,C,50,0,0,2,,,1746573,5915624
Auckland,GREAT NORTH ROAD,, ,I,VIEW ROAD,201430884,28/01/2014,Tue,1340,JA,CN1C,322A ,,R,D,BF,F ,X,T,C,50,0,0,0,,,1746573,5915624
Auckland,GREAT NORTH ROAD,50,S, ,WADIER PLACE,201433143,02/04/2014,Wed,,JA,CS1C,308B 929 ,,R,D,B ,F ,D,N,P,50,0,0,0,,,1745209,5917536
Auckland,GREAT NORTH ROAD,70,S, ,WALSALL ST,201433119,21/03/2014,Fri,,MO,CS1C,386A ,M,R,D,B ,F , , ,C,50,0,0,0,,,1751146,5915576
Auckland,GREAT NORTH ROAD,, ,I,WALSALL ST,201432229,28/01/2014,Tue,1915,GD,CN1C,333A 350A ,,R,D,B ,F ,T,S,L,50,0,0,0,,,1751130,5915645
Auckland,GREAT NORTH ROAD,40,E, ,WATERS PLACE,201444051,11/09/2014,Thu,1911,FD,CW1TC,181A ,,R,D,DO,F , ,N,P,50,0,0,0,,,1748923,5913886
Auckland,GREAT NORTH ROAD,, ,I,WATERVIEW OFF WBD,201417806,01/12/2014,Mon,1546,GC,CS1V,173A 340A ,,R,D,B ,F ,X,T,C,50,0,0,1,,,1751979,5917906
Auckland,GREAT NORTH ROAD,200,S, ,WATERVIEW OFF WBD N,201441421,24/07/2014,Thu,1250,MC,CS1C,372B ,,R,D,B ,F , ,N,P,50,0,0,0,,,1751953,5917714
Auckland,GREAT NORTH ROAD,, ,I,WATERVIEW ON WBD,201416109,01/10/2014,Wed,638,LB,CN1C,324A ,,R,D,DO,F ,X,T,C,50,0,0,1,,,1751988,5917825
Auckland,GREAT NORTH ROAD,, ,I,WATERVIEW ON WBD N,201446153,21/10/2014,Tue,2316,LB,CN14,322A 334A 350A ,,R,D,DO,F ,X,T,R,50,0,0,0,,,1751979,5917906
Auckland,GREAT NORTH ROAD,, ,I,WEST COAST ROAD,201431556,08/01/2014,Wed,1230,FC,CW1C,181A 331A ,,M,D,O ,F ,T,T,X,50,0,0,0,,,1748236,5914016
Auckland,GREAT NORTH ROAD,, ,I,WEST COAST ROAD,201439264,11/06/2014,Wed,2053,LB,CW1C,322A ,,E,D,DO,F ,T,T,P,50,0,0,0,,,1748236,5914016
Auckland,GREAT NORTH ROAD,, ,I,WESTECH PLACE,201417735,31/10/2014,Fri,740,JA,VN1C,302B 375B ,,M,D,B ,F ,T,G,C,50,0,0,1,,,1748037,5914236
Auckland,GREAT NORTH ROAD,, ,I,WESTECH PLACE,201445106,22/09/2014,Mon,550,LB,CN1C,303B 377B 904 ,,R,D,O ,M ,T,G,C,50,0,0,0,,,1748037,5914236
Auckland,GREAT NORTH ROAD,15,S, ,WILLIAMSON AVENUE,201445533,03/10/2014,Fri,2228,DA,CN1CC,130A 195A 404A ,M,E,W,DO,L , , ,C,50,0,0,0,,,1754880,5918664
Auckland,GREAT NORTH ROAD,100,S, ,WILLIAMSON AVENUE,201436351,16/03/2014,Sun,2250,DA,CN1CC,131A ,M,E,W,DO,L , ,N,C,50,0,0,0,,,1754894,5918580
Auckland,GREAT NORTH ROAD,100,S, ,WILLIAMSON AVENUE,201444305,02/09/2014,Tue,245,DA,XN1C,111A 131A 330A ,MX,M,D,DO,F , , ,C,50,0,0,0,,,1754894,5918580
Auckland,GREAT NORTH ROAD,100,S, ,WINGATE ST,201411157,29/03/2014,Sat,1600,KA,BN1C,308B 927 ,,R,D,B ,F ,D, ,C,50,0,0,2,,,1751109,5914957
Auckland,GREAT NORTH ROAD,100,S, ,WINGATE ST,201449053,19/12/2014,Fri,2335,EA,CS1C,129A ,M,R,D,DO,F , ,N,C,50,0,0,0,,,1751109,5914957
Auckland,GREAT NORTH ROAD,, ,I,WINGATE ST,201435218,29/03/2014,Sat,10,HA,CS1C,302A ,,R,D,DO,F ,R,G,R,50,0,0,0,,,1751177,5915030
Auckland,GREAT SOUTH ROAD,, ,I,ACCESS ROAD,201440671,03/07/2014,Thu,1040,KA,TS1C,322A 334A ,,R,W,O ,F ,T,T,C,50,0,0,0,,,1760933,5914523
Auckland,GREAT SOUTH ROAD,20,S, ,ADAM ST,201441031,07/04/2014,Mon,900,FF,CS1C,181A 330A ,,R,D,BF,F , ,N,P,50,0,0,0,,,1760150,5915507
Auckland,GREAT SOUTH ROAD,, ,I,ADAM ST,201440611,22/07/2014,Tue,910,KA,CS1C,314B 377B ,,R,D,B ,F ,T,G,C,50,0,0,0,,,1760135,5915521
Auckland,GREAT SOUTH ROAD,20,N, ,ALBION ROAD,201437258,09/06/2014,Mon,800,AA,VN1V,381A ,,R,W,OF,L ,T,T,C,50,0,0,0,,,1763825,5910204
Auckland,GREAT SOUTH ROAD,20,S, ,ALBION ROAD,201443739,11/08/2014,Mon,1815,EA,CS1C,129A ,M,R,D,DO,F , , ,C,50,0,0,0,,,1763849,5910171
Auckland,GREAT SOUTH ROAD,60,E, ,ALEXANDER ST,201448053,06/11/2014,Thu,1000,MA,CN1C,373B ,,R,D,B ,F , , ,C,50,0,0,0,,,1764361,5909291
Auckland,GREAT SOUTH ROAD,20,N, ,ALEXANDER ST,201414309,25/06/2014,Wed,1930,MC,CN1C,372B 901 ,,M,W,DO,H , , ,C,50,0,0,3,,,1764352,5909252
Auckland,GREAT SOUTH ROAD,50,N, ,ALEXANDER ST,201441012,25/07/2014,Fri,1500,KB,CS1C,308B 375B 926 ,,R,W,OF,F ,D,N,C,50,0,0,0,,,1764360,5909281
Auckland,GREAT SOUTH ROAD,30,S, ,ALEXANDER ST,201417850,30/11/2014,Sun,2210,NA,CS1E,711B 724B ,,E,D,DO,F , , ,C,50,0,1,0,70,,1764329,5909207
Auckland,GREAT SOUTH ROAD,10,N, ,ALFRISTON ROAD,201445093,12/10/2014,Sun,610,AC,CS1C,372A ,,R,D,B ,F ,X,G,C,100,0,0,0,,,1768909,5900846
Auckland,GREAT SOUTH ROAD,30,N, ,ALFRISTON ROAD,201446058,10/07/2014,Thu,1805,LB,CS1C,375B 377B 930 ,,R,D,DO,F ,D, ,P,50,0,0,0,,,1768894,5900859
Auckland,GREAT SOUTH ROAD,200,N, ,ALFRISTON ROAD,201430061,02/01/2014,Thu,330,MO,CS1C,103A 130A ,M,R,D,DO,F , ,N,C,50,0,0,0,,,1768768,5900974
Auckland,GREAT SOUTH ROAD,, ,I,ALFRISTON ROAD,201450637,12/12/2014,Fri,2130,LB,4S1C,303B 375B ,,R,D,DO,F ,T,T,C,50,0,0,0,,,1768916,5900839
Auckland,GREAT SOUTH ROAD,, ,I,ALFRISTON ROAD,201450110,27/11/2014,Thu,2119,FB,VS1C,103A 331A ,,E,D,DO,F ,X,T,R,50,0,0,0,,,1768916,5900839
Auckland,GREAT SOUTH ROAD,, ,I,ALFRISTON ROAD,201418150,15/12/2014,Mon,2112,FE,VN1C,181A 331A 801 ,,R,W,DO,L ,X,T,C,50,0,0,1,,,1768916,5900839
Auckland,GREAT SOUTH ROAD,40,E, ,ALLENBY ROAD,201412292,23/01/2014,Thu,1700,MD,SE1V,308B 330B 371B 929 ,,R,D,TF,F ,D,N,C,50,0,1,0,,39,1766743,5905835
Auckland,GREAT SOUTH ROAD,150,W, ,ALLENBY ROAD,201433311,28/03/2014,Fri,1410,FF,CW1C,112A 402A 431A ,,R,D,BF,F , ,N,C,50,0,0,0,,,1766578,5905930
Auckland,GREAT SOUTH ROAD,110,N, ,ARATONGA AVENUE,201436220,16/04/2014,Wed,1645,FD,CS14,181A 358A ,,R,W,O ,L , , ,P,50,0,0,0,,,1759332,5916313
Auckland,GREAT SOUTH ROAD,, ,I,ATARANGI ROAD,201438359,13/05/2014,Tue,745,JA,CN1C,302B 314B 350B ,,R,W,O ,F ,T,G,C,50,0,0,0,,,1760086,5915568
Auckland,GREAT SOUTH ROAD,30,S, ,AVENUE ROAD,201441144,20/08/2014,Wed,1538,MO,CS1C,371A 385A ,M,R,D,BF,F , ,N,C,50,0,0,0,,,1764114,5909807
Auckland,GREAT SOUTH ROAD,, ,I,AVENUE ROAD,201438333,10/06/2014,Tue,1100,LB,CW2C,303B 901 ,,R,W,ON,H ,X,T,C,50,0,0,0,,,1764097,5909831
Auckland,GREAT SOUTH ROAD,, ,I,AVENUE ROAD,201417851,20/10/2014,Mon,942,ND,4W1E,307A ,,R,D,O ,F ,X,T,C,50,0,1,0,78,,1764097,5909831
Auckland,GREAT SOUTH ROAD,10,N, ,AVERILL ST,201439449,04/07/2014,Fri,1555,MO,CN1C,371A 386A ,M,R,D,B ,F ,T,N,C,50,0,0,0,,,1772761,5896275
Auckland,GREAT SOUTH ROAD,160,S, ,AVERILL ST,201413160,27/05/2014,Tue,1250,NG,CS1E,371A 714B 730B ,,R,D,B ,F , , ,C,50,0,0,1,77,,1772828,5896122
Auckland,GREAT SOUTH ROAD,300,N, ,BAIRDS ROAD,201446448,19/10/2014,Sun,1600,AC,CS1C,372A ,,R,D,BF,F , ,N,C,50,0,0,0,,,1764730,5908460
Auckland,GREAT SOUTH ROAD,, ,I,BAKERFIELD PLACE,201416115,24/09/2014,Wed,1115,NB,CS1E,713B 718B ,,E,D,B ,F ,X,T,R,50,0,0,1,28,,1767587,5904632
Auckland,GREAT SOUTH ROAD,, ,I,BEACH ROAD S,201447693,23/12/2014,Tue,1300,FD,CS1C,181A ,,E,D,BF,F ,X,T,C,50,0,0,0,,,1772729,5895404
Auckland,GREAT SOUTH ROAD,, ,I,BEATTY ST,201442749,11/09/2014,Thu,1633,KB,VS1C,301B 314B 353B ,,R,D,BF,F ,T,S,C,50,0,0,0,,,1764428,5908718
Auckland,GREAT SOUTH ROAD,, ,I,BEAUMARIS WAY,201445344,25/08/2014,Mon,1800,LB,CN1C,303B ,,R,D,DO,F ,X,T,C,50,0,0,0,,,1770335,5898946
Auckland,GREAT SOUTH ROAD,, ,I,BELL AVENUE,201440897,17/04/2014,Thu,1945,JA,CN1C,301B ,,R,D,DO,F ,X,S,C,50,0,0,0,,,1763393,5911223
Auckland,GREAT SOUTH ROAD,20,W, ,BIRDWOOD AVENUE,201413725,30/05/2014,Fri,1905,NB,CE1E,341A 715B 724B ,,R,D,DO,F , ,N,C,50,0,0,1,25,,1766260,5906117
Auckland,GREAT SOUTH ROAD,50,W, ,BIRDWOOD AVENUE,201436412,06/05/2014,Tue,920,FD,CW14C,181A ,,R,D,BF,F , ,N,P,50,0,0,0,,,1766234,5906132
Auckland,GREAT SOUTH ROAD,, ,I,BIRDWOOD AVENUE,201417256,09/11/2014,Sun,720,CB,CN1,102A 130A 412A ,FP,R,D,B ,F ,T,S,P,50,0,0,1,,,1766277,5906106
Auckland,GREAT SOUTH ROAD,, ,I,BROADWAY,201440929,11/08/2014,Mon,1229,FE,CW1C,181A ,,R,D,BF,F ,M,T,C,50,0,0,0,,,1758389,5917468
Auckland,GREAT SOUTH ROAD,, ,I,BROWNS ROAD,201437177,10/01/2014,Fri,820,GF,VN1V,172A ,,R,D,OF,F ,X,T,C,50,0,0,0,,,1768189,5902430
Auckland,GREAT SOUTH ROAD,, ,I,BROWNS ROAD,201433314,30/03/2014,Sun,1120,LB,CN1C,303B 325B ,,R,D,BF,F ,X,T,R,50,0,0,0,,,1768189,5902430
Auckland,GREAT SOUTH ROAD,, ,I,BROWNS ROAD,201414080,27/06/2014,Fri,1641,LB,CN1C,303B 382B ,,R,W,TO,L ,X,T,N,50,0,0,1,,,1768189,5902430
Auckland,GREAT SOUTH ROAD,, ,I,BROWNS ROAD,201412255,02/05/2014,Fri,1040,LB,CS1C,303B 375B ,,E,D,B ,F ,X,T,R,50,0,0,1,,,1768189,5902430
Auckland,GREAT SOUTH ROAD,, ,I,BROWNS ROAD,201436285,02/05/2014,Fri,1900,FE,CS1C,331A ,,R,D,DO,F ,X,T,C,50,0,0,0,,,1768189,5902430
Auckland,GREAT SOUTH ROAD,, ,I,BROWNS ROAD,201432041,17/01/2014,Fri,900,HA,VS1C,322A 334A ,,R,W,OF,F ,X,T,N,50,0,0,0,,,1768189,5902430
Auckland,GREAT SOUTH ROAD,, ,I,BRYNBELA COURT,201430264,10/01/2014,Fri,1345,GD,CW1C,331A ,,R,D,B ,F ,T,N,C,50,0,0,0,,,1772285,5897090
Auckland,GREAT SOUTH ROAD,, ,I,BUTLER AVENUE,201446451,17/10/2014,Fri,1530,JA,CS1C,301B 375B ,,R, , F,  ,T,S,C,50,0,0,0,,,1765805,5906636
Auckland,GREAT SOUTH ROAD,, ,I,BUTTERWORTH AVENUE,201434554,15/04/2014,Tue,1445,DA,CN1,133A 423A ,PS,R,D,OF,F ,T,G,R,50,0,0,0,,,1772704,5895207
Auckland,GREAT SOUTH ROAD,5,N, ,CAMERON PLACE,201431885,15/02/2014,Sat,,CB,CN1,130A ,F,R,D,BF,F ,T,N,P,50,0,0,0,,,1773418,5892055
Auckland,GREAT SOUTH ROAD,100,S, ,CAMPBELL ROAD,201437722,14/05/2014,Wed,820,FD,CN1C,331A ,,R,W,O ,L , , ,C,50,0,0,0,,,1760349,5915301
Auckland,GREAT SOUTH ROAD,, ,I,CAMPBELL ROAD,201431948,10/03/2014,Mon,1030,GF,CS1C,173A ,,E,D,BF,F ,T,T,C,50,0,0,0,,,1760285,5915378
Auckland,GREAT SOUTH ROAD,20,N, ,CASPAR ROAD,201445929,19/10/2014,Sun,200,MC,CS1C,372B ,,R,W,DO,H , , ,C,50,0,0,0,,,1766978,5905666
Auckland,GREAT SOUTH ROAD,100,N, ,CAVENDISH DRIVE,201418141,30/11/2014,Sun,1940,CB,VS1C,103A 130A ,T,R,D,O ,F , , ,P,50,0,0,1,,,1767372,5905018
Auckland,GREAT SOUTH ROAD,5,S, ,CAVENDISH DRIVE,201434369,13/01/2014,Mon,1750,FE,CN1C,331A ,,R,D,B ,F ,X,T,C,70,0,0,0,,,1767440,5904922
Auckland,GREAT SOUTH ROAD,30,S, ,CAVENDISH DRIVE,201446852,24/07/2014,Thu,1305,MO,CN1C,371A 926 ,,R,D,B ,F ,D,N,N,50,0,0,0,,,1767454,5904902
Auckland,GREAT SOUTH ROAD,30,S, ,CAVENDISH DRIVE,201417464,16/10/2014,Thu,1545,NA,CN1E,711B 712B ,,R,D,BF,F , ,N,C,50,0,0,1,17,,1767454,5904902
Auckland,GREAT SOUTH ROAD,150,S, ,CAVENDISH DRIVE,201441045,10/07/2014,Thu,2332,LB,CS1C,322A 925 ,,R,D,DO,S ,D,T,R,60,0,0,0,,,1767523,5904804
Auckland,GREAT SOUTH ROAD,, ,I,CAVENDISH DRIVE,201448195,12/11/2014,Wed,1537,FE,CS1C,181A 387A ,,R,W,O ,L ,X,T,R,50,0,0,0,,,1767430,5904936
Auckland,GREAT SOUTH ROAD,20,N, ,CENTRAL AVENUE,201446447,22/10/2014,Wed,810,AO,CN1C,381A ,,R,D,OF,F , ,N,C,50,0,0,0,,,1766064,5906274
Auckland,GREAT SOUTH ROAD,, ,I,CENTRAL AVENUE,201441777,11/08/2014,Mon,1353,JA,CN1C,301B 407B ,,R,D,O ,F ,T,S,C,50,0,0,0,,,1766075,5906258
Auckland,GREAT SOUTH ROAD,50,N, ,CHALLEN CLOSE,201444324,17/09/2014,Wed,930,JA,CS1C,197A 308B 375B 929 ,,R,D,O ,F ,D, ,P,50,0,0,0,,,1770171,5899106
Auckland,GREAT SOUTH ROAD,5,S, ,CHALLEN CLOSE,201435788,17/05/2014,Sat,1259,FD,CN1C,181A 331A ,,R,D,B ,F ,X,S,C,50,0,0,0,,,1770211,5899067
Auckland,GREAT SOUTH ROAD,50,E, ,CHARLES ST,201434391,10/04/2014,Thu,1145,MA,CS1V,373B ,,R,D,B ,F , , ,C,50,0,0,0,,,1765663,5906836
Auckland,GREAT SOUTH ROAD,15,N, ,CHARLES ST,201431272,21/02/2014,Fri,1515,MC,CN1X,372B ,,R,D,BF,F ,X,T,C,50,0,0,0,,,1765625,5906889
Auckland,GREAT SOUTH ROAD,10,S, ,CHARLES ST,201416028,02/10/2014,Thu,1423,NA,CS1E,712B 713B ,,R,D,O ,F ,T,N,C,50,0,0,1,16,,1765640,5906868
Auckland,GREAT SOUTH ROAD,20,S, ,CHARLES ST,201445225,01/10/2014,Wed,1239,AC,CN1CC,372A ,M,R,D,B ,F , , ,C,50,0,0,0,,,1765646,5906860
Auckland,GREAT SOUTH ROAD,, ,I,CHARLES ST,201447048,02/11/2014,Sun,300,BE,CS1V,112A 130A ,,R,D,DO,F ,T,T,C,50,0,0,0,,,1765634,5906877
Auckland,GREAT SOUTH ROAD,, ,I,CHARLES ST,201410504,17/01/2014,Fri,1115,LB,CS1C,303B ,,R,D,BF,F ,T,T,C,50,0,0,2,,,1765634,5906877
Auckland,GREAT SOUTH ROAD,, ,I,CHARLES ST,201446187,02/06/2014,Mon,2300,KA,CS1C,103B 322B 402B ,,R,D,DO,F ,T,T,C,50,0,0,0,,,1765634,5906877
Auckland,GREAT SOUTH ROAD,100,N, ,CHURCH ST,201441993,14/08/2014,Thu,1701,AO,CS1T,129A 129B 801 ,,R,W,TF,L , , ,C,50,0,0,0,,,1762608,5912650
Auckland,GREAT SOUTH ROAD,, ,I,CHURCH ST,201437244,19/04/2014,Sat,1903,JA,4N1C,322B ,,R,D,DO,F ,T,T,C,50,0,0,0,,,1762676,5912577
Auckland,GREAT SOUTH ROAD,, ,I,CHURCH ST,201437093,29/04/2014,Tue,1847,FE,CN1CC,181A 181B ,,R,D,DO,F ,X,T,R,50,0,0,0,,,1762676,5912577
Auckland,GREAT SOUTH ROAD,10,S, ,COLES CRESCENT N,201448362,28/12/2014,Sun,2000,DA,CS1,410A ,G,E,D,O ,F ,T,N,C,60,0,0,0,,,1772477,5896947
Auckland,GREAT SOUTH ROAD,10,N, ,CORIN AVENUE,201446865,06/11/2014,Thu,258,CB,CN1,103A 410A ,FS,R,D,DO,F ,T,N,C,50,0,0,0,,,1768441,5901452
Auckland,GREAT SOUTH ROAD,, ,I,CORIN AVENUE,201417643,16/10/2014,Thu,1710,LB,SS1C,303B 375B 929 ,,R,D,O ,F ,D,N,C,50,0,1,0,,47,1768443,5901442
Auckland,GREAT SOUTH ROAD,50,N, ,COSTAR PLACE,201436562,18/05/2014,Sun,1835,GE,4N14,160A 333A 387A 927 ,,R,D,DO,F ,D, ,P,50,0,0,0,,,1768140,5902615
Auckland,GREAT SOUTH ROAD,50,S, ,COSTAR PLACE,201445839,15/09/2014,Mon,2030,MA,CN1C,373B ,,R,D,TF,L , , ,C,50,0,0,0,,,1768157,5902517
Auckland,GREAT SOUTH ROAD,15,N, ,CRITERION ST,201449855,10/12/2014,Wed,930,MO,CS1V,371A 385A ,M,R,D,BF,F ,T,N,X,50,0,0,0,,,1764143,5909767
Auckland,GREAT SOUTH ROAD,15,N, ,CRITERION ST,201446541,16/10/2014,Thu,1030,FC,CS1C,181A ,,R,D,B ,F , , ,X,50,0,0,0,,,1764143,5909767
Auckland,GREAT SOUTH ROAD,80,N, ,EAST TAMAKI ROAD,201414875,31/07/2014,Thu,1510,NB,CS1E,712B 713B ,,R,D,BF,F , ,N,C,50,0,1,0,11,,1765507,5907053
Auckland,GREAT SOUTH ROAD,, ,I,EAST TAMAKI ROAD,201432845,04/03/2014,Tue,1928,GE,CW2C,173A ,,E,D,O ,F ,T,T,C,60,0,0,0,,,1765553,5906988
Auckland,GREAT SOUTH ROAD,, ,I,EAST TAMAKI ROAD,201430396,23/01/2014,Thu,1005,EA,CN1C,386A ,M,R,D,B ,F ,T,N,C,50,0,0,0,,,1765553,5906988
Auckland,GREAT SOUTH ROAD,, ,I,EAST TAMAKI ROAD,201437322,06/06/2014,Fri,1346,FE,CS1C,334A 358A ,,R,D,BF,F ,X,T,C,50,0,0,0,,,1765553,5906988
Auckland,GREAT SOUTH ROAD,, ,I,EAST TAMAKI ROAD,201437513,23/05/2014,Fri,940,GF,VW2C,129B 503B ,,E,D,B ,F ,T,T,N,50,0,0,0,,,1765553,5906988