TLANAME,CRASHROAD,CRASHDIST,CRASHDIRN,INTSN,SIDEROAD,CRASHID,CRASHDATE,CRASHDOW,CRASHTIME,MVMT,VEHICLES,CAUSES,OBJECTSSTRUCK,ROADCURVE,ROADWET,LIGHT,WTHRa,JUNCTYPE,TRAFCTRL,ROADMARK,SPDLIM,CRASHFATALCNT,CRASHSEVCNT,CRASHMINCNT,PERSAGE1,PERSAGE2,EASTING,NORTHING
Auckland,GREAT SOUTH ROAD,, ,I,ERIN ST,201447092,06/11/2014,Thu,812,JA,CN1C,302B 375B ,,R,W,OF,L ,T,G,C,50,0,0,0,,,1758680,5917183
Auckland,GREAT SOUTH ROAD,, ,I,ERIN ST,201440515,24/06/2014,Tue,830,JA,CN14,302B 377B ,,R,W,O ,F ,T,G,C,50,0,0,0,,,1758680,5917183
Auckland,GREAT SOUTH ROAD,50,N, ,FAIRBURN ROAD,201441364,06/08/2014,Wed,1800,JA,CN1C,308B 377B 839 929 ,,R,D,TF,F ,D, ,C,50,0,0,0,,,1764349,5909384
Auckland,GREAT SOUTH ROAD,, ,I,FAIRBURN ROAD,201430071,15/01/2014,Wed,1207,GD,VN1C,181A ,,R,D,BF,F ,T,G,C,50,0,0,0,,,1764361,5909335
Auckland,GREAT SOUTH ROAD,300,N, ,FLAY ROAD S,201445955,23/08/2014,Sat,1846,MD,4N1T,308B 600B 606B 929 ,FX,S,D,DN,F ,D,N,C,100,0,0,0,,,1775037,5885052
Auckland,GREAT SOUTH ROAD,50,N, ,FORT RICHARD ROAD,201436338,01/04/2014,Tue,1500,FE,CS1C,103A 331A ,,R,D,BF,F , ,T,X,50,0,0,0,,,1764333,5909453
Auckland,GREAT SOUTH ROAD,15,S, ,FORT RICHARD ROAD,201442704,07/09/2014,Sun,1800,KA,CN1C,308B 925 ,,R,D,DO,  ,D,N,C,50,0,0,0,,,1764348,5909389
Auckland,GREAT SOUTH ROAD,, ,I,FORT RICHARD ROAD,201435310,21/04/2014,Mon,1400,JA,CN1C,301B ,,R,D,O ,F ,T,S,C,50,0,0,0,,,1764345,5909404
Auckland,GREAT SOUTH ROAD,500,S, ,GATLAND ROAD,201432187,17/02/2014,Mon,2110,DA,CS1,104A 111A ,C,M,D,DO,F , ,N,C,70,0,0,0,,,1772801,5893332
Auckland,GREAT SOUTH ROAD,, ,I,GATLAND ROAD,201435113,06/03/2014,Thu,645,FA,BN1C,181A 191B 357B ,,R,D,O ,F ,T,N,C,70,0,0,0,,,1772630,5893795
Auckland,GREAT SOUTH ROAD,50,S, ,GLADDING PLACE,201445094,12/10/2014,Sun,730,AO,CS1C,150A 386A ,,R,D,B ,F , ,N,C,50,0,0,0,,,1767674,5904450
Auckland,GREAT SOUTH ROAD,, ,I,GLADDING PLACE,201418690,19/12/2014,Fri,1500,JA,CS14,302B ,,R,D,BF,F ,T,G,R,50,0,1,0,,,1767643,5904490
Auckland,GREAT SOUTH ROAD,, ,I,GLENORA ROAD,201449843,19/12/2014,Fri,930,AA,CN1C,184A ,,R,D,BF,F ,T,G,C,50,0,0,0,,,1771216,5898118
Auckland,GREAT SOUTH ROAD,10,S, ,GRAHAM ROAD,201447355,31/10/2014,Fri,1021,AO,CS1TC,129A 386A 110B ,M,R,D,O ,F ,T,N,C,50,0,0,0,,,1770824,5898463
Auckland,GREAT SOUTH ROAD,100,S, ,GRAHAM ROAD,201434109,19/04/2014,Sat,1001,FD,CS1CV,181A 331A ,,R,D,O ,F , , ,P,50,0,0,0,,,1770889,5898401
Auckland,GREAT SOUTH ROAD,, ,I,GRAHAM ROAD,201433164,02/04/2014,Wed,1836,JA,VN1C,103B 301B ,,R,D,O ,F ,T,S,P,50,0,0,0,,,1770817,5898470
Auckland,GREAT SOUTH ROAD,, ,I,GRANDE VUE ROAD,201430332,07/01/2014,Tue,1445,KA,BS1C,301B 387B ,,R,D,B ,F ,T,S,C,50,0,0,0,,,1768331,5901956
Auckland,GREAT SOUTH ROAD,, ,I,GRANDE VUE ROAD,201440740,29/07/2014,Tue,1810,JA,4S1C,301B ,,R,D,DO,F ,T,S,N,50,0,0,0,,,1768331,5901956
Auckland,GREAT SOUTH ROAD,160,N, ,GRANGE ROAD,201433378,31/03/2014,Mon,1845,MO,CN14,371A ,M,R,D,BF,F , ,N,C,50,0,0,0,,,1765056,5907807
Auckland,GREAT SOUTH ROAD,20,N, ,GREEN LANE EAST,201432802,02/02/2014,Sun,1210,AC,CN1V,184A 184B ,,R,D,B ,F , , ,C,50,0,0,0,,,1759867,5915777
Auckland,GREAT SOUTH ROAD,, ,I,GREEN LANE EAST,201442509,30/08/2014,Sat,1830,FE,CW1C,181A ,,R,W,DO,L ,X,T,C,50,0,0,0,,,1759882,5915763
Auckland,GREAT SOUTH ROAD,, ,I,GREEN LANE EAST,201435589,25/04/2014,Fri,1930,FE,CN1C,181A 331A ,,R,D,DO,F ,X,T,C,50,0,0,0,,,1759882,5915763
Auckland,GREAT SOUTH ROAD,, ,I,GREEN LANE EAST,201450201,25/12/2014,Thu,725,LB,CS1V,303B ,,R,D,BF,F ,X,T,C,50,0,0,0,,,1759882,5915763
Auckland,GREAT SOUTH ROAD,, ,I,GREEN LANE EAST,201439510,30/05/2014,Fri,800,AA,CN1C,372A 671A ,,R,W,O ,F ,X,T,C,50,0,0,0,,,1759882,5915763
Auckland,GREAT SOUTH ROAD,140,N, ,GREENPARK ROAD,201413237,31/05/2014,Sat,705,CB,CN1,130A 504A ,PT,R,D,O ,F , ,N,C,80,0,1,0,,,1761197,5914172
Auckland,GREAT SOUTH ROAD,10,S, ,GREENPARK ROAD,201440936,21/07/2014,Mon,1555,AA,CS1C,372A ,,R,W,OF,F ,T,S,C,50,0,0,0,,,1761288,5914053
Auckland,GREAT SOUTH ROAD,, ,I,GT SOUTH LINK,201435894,13/05/2014,Tue,945,HA,CS1C,302A 375A ,,M,W,BF,F ,R,G,R,50,0,0,0,,,1761072,5914347
Auckland,GREAT SOUTH ROAD,, ,I,GT SOUTH LINK,201431348,22/02/2014,Sat,300,DB,CW2,103A 431A ,P,M,D,DO,F ,R,G,R,50,0,0,0,,,1761074,5914348
Auckland,GREAT SOUTH ROAD,, ,I,GT SOUTH LINK,201417930,05/12/2014,Fri,1200,HA,CS14,302A ,,E,D,B ,F ,R,G,R,50,0,0,1,,,1761072,5914347
Auckland,GREAT SOUTH ROAD,20,S, ,HALL AVENUE,201410028,21/02/2014,Fri,1202,NA,CS1E,713B 726B ,,R,D,B ,F , , ,X,50,0,0,1,4,,1764204,5909686
Auckland,GREAT SOUTH ROAD,, ,I,HALL AVENUE,201448005,30/10/2014,Thu,948,MO,CN1C,386A 402A ,,R,D,B ,F ,T,S,C,50,0,0,0,,,1764192,5909702
Auckland,GREAT SOUTH ROAD,200,S, ,HALSEY ROAD,201410718,26/02/2014,Wed,700,FA,CN1C,181A 132B 191B ,,R,D,B ,F , ,N,C,50,0,0,1,,,1768403,5901625
Auckland,GREAT SOUTH ROAD,90,N, ,HALVER ROAD,201434008,01/04/2014,Tue,1445,MG,BN1C,371B ,,R,D,B ,F , ,N,C,50,0,0,0,,,1768718,5901024
Auckland,GREAT SOUTH ROAD,50,S, ,HALVER ROAD,201450933,23/08/2014,Sat,245,MO,CN1,352A 385A ,KX,R,D,DO,F , , ,C,50,0,0,0,,,1768818,5900927
Auckland,GREAT SOUTH ROAD,70,S, ,HALVER ROAD,201449524,20/12/2014,Sat,1700,MA,CN1V,373B 901 ,,R,W,O ,H , , ,C,50,0,0,0,,,1768833,5900914
Auckland,GREAT SOUTH ROAD,, ,I,HALVER ROAD,201436555,02/05/2014,Fri,1820,JC,CN1C,322B ,,R,D,DO,F ,T,T,C,50,0,0,0,,,1768781,5900961
Auckland,GREAT SOUTH ROAD,, ,I,HALVER ROAD,201416207,11/08/2014,Mon,2345,GC,PN1C,372B ,,R,D,DO,F ,T,N,C,50,0,0,1,,,1768781,5900961
Auckland,GREAT SOUTH ROAD,160,S, ,HELLAND DRIVE,201439333,27/06/2014,Fri,1225,DA,CN1,131A 134A ,FS,E,W,O ,L , ,N,C,100,0,0,0,,,1775256,5884531
Auckland,GREAT SOUTH ROAD,30,N, ,HILL ROAD,201448984,04/11/2014,Tue,2231,FD,TS1CCC,181A 331A 359A 181B 181C 181D ,,R,D,DO,F , , ,C,50,0,0,0,,,1768615,5901146
Auckland,GREAT SOUTH ROAD,70,N, ,HILL ROAD,201444613,20/09/2014,Sat,1320,EA,CS1C,386A ,M,R,D,B ,F , ,N,R,50,0,0,0,,,1768594,5901180
Auckland,GREAT SOUTH ROAD,, ,I,HILL ROAD,201430042,10/01/2014,Fri,950,KB,CN1C,322A ,,R,D,BF,F ,T,T,C,50,0,0,0,,,1768632,5901121
Auckland,GREAT SOUTH ROAD,90,N, ,HOKONUI ROAD,201417450,28/10/2014,Tue,750,FA,CS1C,181A ,C,R,W,OF,F , ,N,C,50,0,0,1,,,1763584,5910528
Auckland,GREAT SOUTH ROAD,30,N, ,HOLLOWAY PLACE,201444378,15/09/2014,Mon,1652,CB,CS1,136A 650A ,K,R,D,B ,F , , ,C,50,0,0,0,,,1762149,5913312
Auckland,GREAT SOUTH ROAD,70,S, ,HOLLOWAY PLACE,201417711,10/12/2014,Wed,2113,DA,CN1,110A 131A ,P,E,W,DO,L , ,N,C,50,0,0,1,,,1762168,5913214
Auckland,GREAT SOUTH ROAD,20,N, ,HOTEO AVENUE,201435059,12/04/2014,Sat,1700,EA,CN1C,386A ,M,R,D,B ,F , ,N,C,80,0,0,0,,,1765694,5906791
Auckland,GREAT SOUTH ROAD,, ,I,HUIA ROAD,201415673,25/09/2014,Thu,1025,FE,BN1C,181A 331A ,,R,D,B ,F ,X,T,C,70,0,0,1,,,1763837,5910187
Auckland,GREAT SOUTH ROAD,, ,I,HUIA ROAD,201414441,16/07/2014,Wed,1640,HA,SE2T,322A ,,R,D,BF,F ,X,T,C,50,0,0,1,,46,1763837,5910187
Auckland,GREAT SOUTH ROAD,, ,I,INGRAM ROAD,201413786,10/06/2014,Tue,1249,DB,CN1,111A 131A ,,R,W,OF,L ,T,N,C,100,0,0,1,,,1775507,5884363
Auckland,GREAT SOUTH ROAD,100,S, ,INLET ROAD,201447606,28/11/2014,Fri,830,AO,CN1C,357A 512A ,,R,D,BF,F , ,N,C,50,0,0,0,,,1771580,5897737
Auckland,GREAT SOUTH ROAD,150,S, ,INLET ROAD,201418539,08/11/2014,Sat,1205,FD,CN1CCC,331A 352A ,,R,D,BF,F , ,N,C,50,0,0,1,,,1771610,5897698
Auckland,GREAT SOUTH ROAD,, ,I,KALMIA ST,201438820,02/07/2014,Wed,1315,GF,CN1V,333A 350A ,,R,W,OF,F ,T,S,P,50,0,0,0,,,1760786,5914720
Auckland,GREAT SOUTH ROAD,50,N, ,KARETU ROAD,201443368,21/08/2014,Thu,1245,EO,TN1CC,668A ,M,R,D,O ,F , ,N,C,50,0,0,0,,,1759282,5916375
Auckland,GREAT SOUTH ROAD,50,N, ,KAUTAMI AVENUE,201440899,07/08/2014,Thu,1510,FC,CN1CC,331A 181B ,,R,D,O ,F , , ,X,50,0,0,0,,,1765226,5907477
Auckland,GREAT SOUTH ROAD,100,S, ,KAUTAMI AVENUE,201416194,30/08/2014,Sat,2240,EA,CS1C,410A 801 ,M,R,W,DO,L , , ,C,50,0,0,1,,,1765305,5907350
Auckland,GREAT SOUTH ROAD,, ,I,KAUTAMI AVENUE,201418302,13/12/2014,Sat,2220,KB,CN14,301B ,,R,W,DO,L ,T,S,P,50,0,0,1,,,1765253,5907435
Auckland,GREAT SOUTH ROAD,20,N, ,KELVYN GROVE,201450281,31/12/2014,Wed,1044,EC,CS1,130A 826 ,PX,R,D,OF,F , ,N,C,50,0,0,0,,,1768449,5901424
Auckland,GREAT SOUTH ROAD,20,N, ,KELVYN GROVE,201416988,23/10/2014,Thu,1501,BF,CS1X,410A ,,E,D,BF,F , ,N,P,50,0,0,1,,,1768449,5901424
Auckland,GREAT SOUTH ROAD,200,N, ,KERRS ROAD,201434803,11/03/2014,Tue,1748,JA,CS1C,308B 314B 377B 923 ,,R,D,BF,F ,D,N,C,60,0,0,0,,,1767969,5903427
Auckland,GREAT SOUTH ROAD,300,N, ,KERRS ROAD,201443377,26/07/2014,Sat,1230,GB,CS1C,158A 204A 402A 927 ,,R,D,B ,F ,D,N,R,60,0,0,0,,,1767891,5903489
Auckland,GREAT SOUTH ROAD,400,N, ,KERRS ROAD,201443687,05/09/2014,Fri,920,MA,CN1C,373B ,,E,D,O ,F , , ,P,60,0,0,0,,,1767824,5903562
Auckland,GREAT SOUTH ROAD,30,S, ,KERRS ROAD,201444452,21/07/2014,Mon,843,FD,CN1CC,112A 331A ,,R,W,O ,L , , ,R,50,0,0,0,,,1768116,5903258
Auckland,GREAT SOUTH ROAD,20,S, ,KEVALE PLACE,201436558,16/05/2014,Fri,1746,MC,CN1C,372B ,,R,D,TF,F , , ,C,50,0,0,0,,,1769308,5900168
Auckland,GREAT SOUTH ROAD,15,N, ,KOLMAR ROAD,201449831,14/12/2014,Sun,1236,FF,CS1C,352A 191B ,,R,W,OF,L , ,N,C,50,0,0,0,,,1765609,5906911
Auckland,GREAT SOUTH ROAD,, ,I,KOLMAR ROAD,201435284,12/04/2014,Sat,1230,KB,CN1C,303B ,,R,D,B ,F ,T,T,C,50,0,0,0,,,1765618,5906899
Auckland,GREAT SOUTH ROAD,, ,I,KOLMAR ROAD,201446341,14/09/2014,Sun,1320,FE,CS1C,181A ,,R,D,BF,F ,T,T,C,50,0,0,0,,,1765618,5906899
Auckland,GREAT SOUTH ROAD,, ,I,KOLMAR ROAD,201436822,29/04/2014,Tue,1820,FD,CN1C,181A 331A ,,R,D,DO,F ,T,T,C,50,0,0,0,,,1765618,5906899
Auckland,GREAT SOUTH ROAD,5,N, ,LAKEWOOD COURT,201447979,22/11/2014,Sat,715,FE,CS14,331A ,,E,D,O ,F ,T,T,C,50,0,0,0,,,1767807,5904088
Auckland,GREAT SOUTH ROAD,400,S, ,LAKEWOOD COURT,201449703,15/08/2014,Fri,2035,CA,TS1,330A 660A ,,R,D,DO,F , ,N,P,50,0,0,0,,,1767788,5903686
Auckland,GREAT SOUTH ROAD,, ,I,LAKEWOOD COURT,201434592,16/04/2014,Wed,1230,FE,CN1V,331A 351A ,,R,D,OF,F ,T,T,R,60,0,0,0,,,1767807,5904083
Auckland,GREAT SOUTH ROAD,, ,I,LAKEWOOD COURT,201414703,27/07/2014,Sun,1200,FE,BN1CC,181A 331A 800 ,,R,W,O ,L ,T,T,P,60,0,0,2,,,1767807,5904083
Auckland,GREAT SOUTH ROAD,, ,I,LAKEWOOD COURT,201410948,25/01/2014,Sat,2100,LB,CS1C,103A 322A ,,R,D,DO,F ,T,T,R,50,0,0,3,,,1767807,5904083
Auckland,GREAT SOUTH ROAD,100,N, ,LAURESTON AVENUE,201443476,15/08/2014,Fri,922,MC,CN1C,372B ,,R,W,O ,F , ,N,C,50,0,0,0,,,1764966,5908171
Auckland,GREAT SOUTH ROAD,15,S, ,LONGFORD PARK DRIVE,201437718,23/05/2014,Fri,1405,FD,CN1C,331A ,,E,D,O ,F ,M,G,C,50,0,0,0,,,1771528,5897804
Auckland,GREAT SOUTH ROAD,, ,I,LONGFORD PARK DRIVE,201443619,31/08/2014,Sun,515,DA,CN1,131A ,P,E,W,DO,L ,R,G,C,50,0,0,0,,,1771516,5897836
Auckland,GREAT SOUTH ROAD,150,N, ,MAHIA ROAD,201413264,10/06/2014,Tue,630,MC,CS1C,333B 372B 901 ,,R,W,DO,H , ,N,C,50,0,0,1,,,1769440,5899923
Auckland,GREAT SOUTH ROAD,250,N, ,MAHIA ROAD,201414618,17/07/2014,Thu,1652,JA,CS1C,151A 308B 314B 377B 927 ,,R,D,O ,F ,D, ,P,50,0,0,2,,,1769395,5900012
Auckland,GREAT SOUTH ROAD,10,S, ,MAHIA ROAD,201440202,12/07/2014,Sat,1742,FB,CN1V,331A ,,R,W,DO,F ,T,G, ,50,0,0,0,,,1769513,5899781
Auckland,GREAT SOUTH ROAD,10,S, ,MAHIA ROAD,201438727,12/07/2014,Sat,1745,FD,CN1C,181A ,,R,D,DO,F ,T,G,C,50,0,0,0,,,1769513,5899781
Auckland,GREAT SOUTH ROAD,20,S, ,MAHIA ROAD,201438859,08/08/2014,Fri,1640,AC,CN1V,372A 381A ,,R,W,OF,F , ,N,C,50,0,0,0,,,1769518,5899772
Auckland,GREAT SOUTH ROAD,20,S, ,MAHIA ROAD,201444464,21/06/2014,Sat,1540,LB,CN1C,303B 377B 927 ,,R,D,O ,F ,D,N,C,50,0,0,0,,,1769518,5899772
Auckland,GREAT SOUTH ROAD,40,S, ,MAHIA ROAD,201431342,27/02/2014,Thu,1325,AC,4S1C,372A ,,R,D,OF,F , ,N,C,50,0,0,0,,,1769529,5899755
Auckland,GREAT SOUTH ROAD,50,S, ,MAHIA ROAD,201443038,05/08/2014,Tue,1023,MC,CS1C,372B ,,R,D,B ,F , , ,C,50,0,0,0,,,1769534,5899747
Auckland,GREAT SOUTH ROAD,220,S, ,MAHIA ROAD,201447069,30/10/2014,Thu,830,FD,CN144,181A ,,R,W,OF,F , ,N,C,70,0,0,0,,,1769648,5899621
Auckland,GREAT SOUTH ROAD,25,S, ,MAIN HIGHWAY,201446475,21/10/2014,Tue,1235,GD,CN14,331A 352A ,,R,D,BF,F ,X,T,C,50,0,0,0,,,1760342,5915311
Auckland,GREAT SOUTH ROAD,, ,I,MAIN HIGHWAY,201435481,28/04/2014,Mon,1227,AC,CS1C,172A 372A ,,R,D,B ,F ,T,T,R,50,0,0,0,,,1760327,5915331
Auckland,GREAT SOUTH ROAD,30,S, ,MANGERE ROAD,201430232,05/01/2014,Sun,1600,DB,CS1,131A ,F,E,W,O ,L , , ,C,50,0,0,0,,,1764288,5908950
Auckland,GREAT SOUTH ROAD,50,S, ,MANGERE ROAD,201440928,07/08/2014,Thu,845,AA,TN1T,372A 671A ,,R,D,OF,F , ,N,C,50,0,0,0,,,1764294,5908931
Auckland,GREAT SOUTH ROAD,70,S, ,MANGERE ROAD,201449060,20/12/2014,Sat,1610,MB,CN1C,303B 375B ,,R,D,BF,F , ,N,C,50,0,0,0,,,1764299,5908912
Auckland,GREAT SOUTH ROAD,, ,I,MANGERE ROAD,201446693,12/11/2014,Wed,851,GB,CS1C,172B 927 ,,R,D,O ,F ,T,T,C,50,0,0,0,,,1764279,5908979
Auckland,GREAT SOUTH ROAD,, ,I,MANGERE ROAD,201442120,22/08/2014,Fri,1721,JC,4E2CT,303B 322B ,,R,D,B ,F ,T,T,R,50,0,0,0,,,1764279,5908979
Auckland,GREAT SOUTH ROAD,, ,I,MANGERE ROAD,201433788,24/03/2014,Mon,1800,FE,CS1C,181A ,,R,D,B ,F ,T,T,C,50,0,0,0,,,1764279,5908979
Auckland,GREAT SOUTH ROAD,30,N, ,MANUIA ROAD,201443497,10/09/2014,Wed,40,AC,TN1C,350A 372A ,,R,D,DO,F , ,N,P,50,0,0,0,,,1770186,5899092
Auckland,GREAT SOUTH ROAD,50,N, ,MANUIA ROAD,201441601,10/08/2014,Sun,1011,GA,CN14,181A 331A 929 ,,R,D,B ,F ,D,N,C,50,0,0,0,,,1770171,5899106
Auckland,GREAT SOUTH ROAD,10,N, ,MANUKAU OFF NBD,201431327,06/03/2014,Thu,2040,FE,CS1CC,181A ,,R,D,DO,F ,T,T,P,50,0,0,0,,,1767781,5903874
Auckland,GREAT SOUTH ROAD,60,S, ,MANUKAU OFF NBD,201414472,09/06/2014,Mon,2024,PF,CW1E,129A 385A ,,R,W,DO,H , ,N,N,50,0,0,1,40,,1767777,5903804
Auckland,GREAT SOUTH ROAD,, ,I,MANUKAU OFF NBD,201437259,04/06/2014,Wed,1210,FB,4N1C,181A 331A ,,R,D,BF,F ,T,T,P,60,0,0,0,,,1767780,5903864
Auckland,GREAT SOUTH ROAD,, ,I,MANUKAU OFF NBD,201410582,06/02/2014,Thu,600,JA,CS1C,322A 350A ,,R,D,TO,F ,T,T,R,50,0,0,1,,,1767780,5903864
Auckland,GREAT SOUTH ROAD,, ,I,MANUKAU OFF NBD,201412680,03/03/2014,Mon,1300,JA,MS1C,113A 322A ,,R,W,OF,L ,T,T,P,60,0,0,1,,,1767780,5903864
Auckland,GREAT SOUTH ROAD,10,N, ,MANUKAU ON NBD,201435046,19/04/2014,Sat,1910,FD,CS1C,181A 387A ,,R,W,O ,F ,T,N,C,60,0,0,0,,,1767770,5904304
Auckland,GREAT SOUTH ROAD,5,N, ,MANUKAU STATION ROAD,201445205,05/10/2014,Sun,815,MG,CS1C,371B ,,R,D,O ,F ,X,T,R,50,0,0,0,,,1767772,5904299
Auckland,GREAT SOUTH ROAD,50,S, ,MANUKAU STATION ROAD,201444723,18/08/2014,Mon,1648,AA,CN1C,372A ,,R,D,BF,F , ,N,C,50,0,0,0,,,1767792,5904235
Auckland,GREAT SOUTH ROAD,, ,I,MANUKAU STATION ROAD,201449469,10/12/2014,Wed,520,LB,CN1C,323B ,,R,D,TO,F ,X,T,R,60,0,0,0,,,1767776,5904283
Auckland,GREAT SOUTH ROAD,, ,I,MANUKAU STATION ROAD,201441171,08/08/2014,Fri,945,FB,CN1C,181A ,,E,D,BF,F ,X,G,R,60,0,0,0,,,1767776,5904283
Auckland,GREAT SOUTH ROAD,, ,I,MANUKAU STATION ROAD,201433379,27/03/2014,Thu,2325,LB,CN1C,303B 323B ,,R,D,DO,F ,X,T,C,60,0,0,0,,,1767776,5904283
Auckland,GREAT SOUTH ROAD,30,N, ,MANUROA ROAD,201411882,13/03/2014,Thu,1650,FD,CS1C,102A 331A ,,E,D,BF,F , ,N,R,50,0,0,1,,,1770314,5898967
Auckland,GREAT SOUTH ROAD,, ,I,MANUROA ROAD,201410982,11/03/2014,Tue,645,LB,CS1C,303B 382B ,,R,D,BF,F ,X,T,R,50,0,0,2,,,1770335,5898946
Auckland,GREAT SOUTH ROAD,, ,I,MANUROA ROAD,201435785,15/05/2014,Thu,1205,HA,BS24C,322A 613A ,,M,D,B ,F ,X,T,C,50,0,0,0,,,1770335,5898946
Auckland,GREAT SOUTH ROAD,, ,I,MANUROA ROAD,201437193,21/05/2014,Wed,745,LB,CS1C,303B ,,R,D,OF,F ,X,T,C,50,0,0,0,,,1770335,5898946
Auckland,GREAT SOUTH ROAD,, ,I,MAPAU ROAD,201416057,05/09/2014,Fri,1302,JA,VS1CC,301B 321B 351B ,M,R,D,B ,F ,T,S,C,50,0,1,0,,,1759659,5915972
Auckland,GREAT SOUTH ROAD,, ,I,MAREI ROAD,201438732,21/06/2014,Sat,1806,LB,CN1C,303B 375B ,,R,D,DN,F ,T,G,C,50,0,0,0,,,1760872,5914606
Auckland,GREAT SOUTH ROAD,500,N, ,MARKET ROAD,201445381,04/07/2014,Fri,1750,BF,CS1V,111A 131A 929 ,,E,W,DO,L ,D,N,C,50,0,0,0,,,1758793,5917070
Auckland,GREAT SOUTH ROAD,50,S, ,MARKET ROAD,201414515,26/06/2014,Thu,1547,MA,CS1C,373B ,,R,D,B ,F , , ,C,50,0,0,2,,,1759101,5916616
Auckland,GREAT SOUTH ROAD,, ,I,MARKET ROAD,201430905,19/02/2014,Wed,730,AO,SE2C,381A ,,R,D,OF,F ,X,T,C,50,0,0,0,,,1759075,5916659
Auckland,GREAT SOUTH ROAD,20,N, ,MARU ROAD,201449120,04/12/2014,Thu,750,LB,CN1C,314B 377B 929 ,,R,D,BF,F ,D,N,C,50,0,0,0,,,1770529,5898754
Auckland,GREAT SOUTH ROAD,40,N, ,MATAI ROAD,201416121,25/05/2014,Sun,1335,MB,MN1C,101A 108A 372B ,,R,D,B ,F , , ,P,50,0,1,1,,,1760158,5915499
Auckland,GREAT SOUTH ROAD,10,S, ,MATAI ROAD,201415633,07/08/2014,Thu,810,AC,CS1SC,372A 381A 137B 209C ,,R,D,O ,F ,T,N,C,50,0,0,1,,,1760195,5915465
Auckland,GREAT SOUTH ROAD,, ,I,MATAI ROAD,201417155,31/10/2014,Fri,801,LB,MN1C,303B ,,R,D,O ,F ,T,S,C,50,0,1,0,,,1760187,5915472
Auckland,GREAT SOUTH ROAD,, ,I,MATAI ROAD,201434558,03/04/2014,Thu,850,JA,CN1C,301B 314B 377B ,,R,D,OF,F ,T,S,R,50,0,0,0,,,1760187,5915472
Auckland,GREAT SOUTH ROAD,100,S, ,MAURANUI AVENUE,201441035,04/07/2014,Fri,700,BF,CS1C,131A ,,M,W,BF,L , ,N,C,50,0,0,0,,,1758835,5917027
Auckland,GREAT SOUTH ROAD,5,N, ,MAXWELL AVENUE,201437898,09/05/2014,Fri,649,CC,CN1,133A 402A ,FS,R,W,B ,L ,T,N,C,50,0,0,0,,,1765407,5907190
Auckland,GREAT SOUTH ROAD,, ,I,MAXWELL AVENUE,201431233,26/02/2014,Wed,810,LB,CS1C,303B 353B ,,R,D,OF,F ,T,G,C,50,0,0,0,,,1765410,5907186
Auckland,GREAT SOUTH ROAD,, ,I,MAXWELL AVENUE,201447078,07/11/2014,Fri,1735,LB,CS1C,303B 375B ,,R,D,BF,F ,T,G,N,50,0,0,0,,,1765410,5907186
Auckland,GREAT SOUTH ROAD,, ,I,MOMONA ROAD,201444103,22/07/2014,Tue,1705,GE,CS1C,160A 333A ,,R,D,BF,F ,T,G,C,50,0,0,0,,,1759621,5916009
Auckland,GREAT SOUTH ROAD,30,S, ,MOUNT RICHMOND DRIVE,201430082,18/02/2014,Tue,1315,AC,4S1C,372A ,,R,D,BF,F , ,N,C,50,0,0,0,,,1763398,5911193
Auckland,GREAT SOUTH ROAD,, ,I,MOUNT RICHMOND DRIVE,201433358,24/03/2014,Mon,1525,CB,CS1CC,130A 353A 817 ,FM,R,D,BF,F ,X,G,C,50,0,0,0,,,1763393,5911223
Auckland,GREAT SOUTH ROAD,15,N, ,NELSON ST,201450240,22/12/2014,Mon,1429,MO,VN1C,371A 929 ,M,R,D,BF,F ,D,N,C,50,0,0,0,,,1772792,5895852
Auckland,GREAT SOUTH ROAD,25,N, ,NELSON ST,201432040,29/01/2014,Wed,755,FA,CN1C,181A 331A ,,R,D,B ,F , , ,C,50,0,0,0,,,1764495,5908662
Auckland,GREAT SOUTH ROAD,, ,I,NGAIRE AVENUE,201437241,16/04/2014,Wed,745,JA,PN1C,302B 377B ,,R,W,OF,F ,T,G,C,50,0,0,0,,,1758579,5917285
Auckland,GREAT SOUTH ROAD,25,S, ,NICHOLSON AVENUE,201431776,03/02/2014,Mon,330,FE,CN1C,181A 331A ,,R, , F,  , ,T,X,50,0,0,0,,,1766490,5905980
Auckland,GREAT SOUTH ROAD,, ,I,NICHOLSON AVENUE,201447300,03/11/2014,Mon,1600,FE,4S1C,181A 330A ,,R,D,O ,F ,T,T,C,50,0,0,0,,,1766469,5905993
Auckland,GREAT SOUTH ROAD,20,S, ,OMAHU ROAD,201430876,28/01/2014,Tue,509,EA,CS1V,103A 129A ,M,R,D,DO,F , ,N,P,50,0,0,0,,,1759338,5916306
Auckland,GREAT SOUTH ROAD,, ,I,OPAHEKE ROAD,201431555,18/01/2014,Sat,1730,KB,CN1C,301B ,,R,D,B ,F ,T,S,C,50,0,0,0,,,1772814,5896007
Auckland,GREAT SOUTH ROAD,70,S, ,ORAMS ROAD,201442099,12/08/2014,Tue,1810,FD,CS1C,181A ,,R,W,DO,L , ,N,C,50,0,0,0,,,1768221,5902367
Auckland,GREAT SOUTH ROAD,, ,I,ORAMS ROAD,201442714,05/09/2014,Fri,1730,FE,CS1C,181A ,,R,W,DO,L ,X,T,C,50,0,0,0,,,1768189,5902430
Auckland,GREAT SOUTH ROAD,, ,I,ORAMS ROAD,201442706,18/09/2014,Thu,1856,HA,CW2C,372B ,,R,D,DO,F ,X,T,R,50,0,0,0,,,1768189,5902430
Auckland,GREAT SOUTH ROAD,, ,I,ORAMS ROAD,201430698,10/02/2014,Mon,1720,FB,CS1C,181A ,,E,D,B ,F ,X,G,R,80,0,0,0,,,1768189,5902430
Auckland,GREAT SOUTH ROAD,, ,I,OSHANNESSEY ST,201439157,15/06/2014,Sun,920,CB,CN1,112A 129A ,P,R,D,B ,F ,T,T,C,50,0,0,0,,,1772550,5896704
Auckland,GREAT SOUTH ROAD,20,N, ,PATEY ST,201417114,03/11/2014,Mon,805,LB,MN1C,303B 929 ,,R,W,O ,L ,D,N,C,50,0,0,1,,,1759179,5916506
Auckland,GREAT SOUTH ROAD,50,N, ,PATEY ST,201411602,18/02/2014,Tue,50,CB,CS1,104A 129A 410A ,CPS,R,D,DO,F , ,N,C,50,0,0,1,,,1759160,5916530
Auckland,GREAT SOUTH ROAD,, ,I,PENROSE ROAD,201447040,18/10/2014,Sat,330,LB,BN1C,103B 303B 375B ,,R,D,DO,F ,T,T,C,50,0,0,0,,,1761972,5913415