TLANAME,CRASHROAD,CRASHDIST,CRASHDIRN,INTSN,SIDEROAD,CRASHID,CRASHDATE,CRASHDOW,CRASHTIME,MVMT,VEHICLES,CAUSES,OBJECTSSTRUCK,ROADCURVE,ROADWET,LIGHT,WTHRa,JUNCTYPE,TRAFCTRL,ROADMARK,SPDLIM,CRASHFATALCNT,CRASHSEVCNT,CRASHMINCNT,PERSAGE1,PERSAGE2,EASTING,NORTHING
Auckland,GREAT SOUTH ROAD,100,W, ,PITT ROAD,201412405,19/04/2014,Sat,1025,FD,CN1VC,112A 181A 331A 351A 904 ,,R,W,O ,M , , ,L,100,0,1,2,,,1772825,5890775
Auckland,GREAT SOUTH ROAD,100,N, ,PORTAGE ROAD,201443911,26/09/2014,Fri,2215,AA,CS1T,387A ,,R,D,DO,F , ,N,C,50,0,0,0,,,1763466,5910748
Auckland,GREAT SOUTH ROAD,, ,I,PORTAGE ROAD,201449448,19/12/2014,Fri,1640,KA,BN1C,302B ,,R,D,B ,F ,X,G,C,50,0,0,0,,,1763494,5910652
Auckland,GREAT SOUTH ROAD,, ,I,PORTAGE ROAD,201437214,15/05/2014,Thu,1315,FE,CS1C,181A ,,R,D,BF,F ,X,T,R,50,0,0,0,,,1763494,5910652
Auckland,GREAT SOUTH ROAD,, ,I,PORTAGE ROAD,201443039,03/09/2014,Wed,820,LB,BN1C,303B 353B ,,R,D,B ,F ,X,T,C,50,0,0,0,,,1763494,5910652
Auckland,GREAT SOUTH ROAD,, ,I,PORTAGE ROAD,201415477,07/08/2014,Thu,2125,LB,CS1C,303B ,,R,W,DO,L ,X,T,C,50,0,0,2,,,1763494,5910652
Auckland,GREAT SOUTH ROAD,, ,I,PORTAGE ROAD,201417185,01/07/2014,Tue,540,HA,CW2C,322B 351B ,,R,W,TO,L ,X,T,C,50,0,0,1,,,1763494,5910652
Auckland,GREAT SOUTH ROAD,, ,I,PORTAGE ROAD,201433165,02/04/2014,Wed,720,LB,CS1C,303B ,,R,D,TO,F ,X,T,P,50,0,0,0,,,1763494,5910652
Auckland,GREAT SOUTH ROAD,50,S, ,PUHINUI ROAD,201436563,29/04/2014,Tue,1700,JA,CN1C,308B 375B 927 ,,R,D,TF,F ,D, ,C,50,0,0,0,,,1767135,5905480
Auckland,GREAT SOUTH ROAD,, ,I,PUHINUI ROAD,201449740,22/12/2014,Mon,1730,FE,CS1C,103A 181A ,,R,D,B ,F ,T,T,C,50,0,0,0,,,1767111,5905524
Auckland,GREAT SOUTH ROAD,, ,I,PUHINUI ROAD,201448016,14/11/2014,Fri,1635,AA,CS1T,330A 372A ,,R,D,B ,FS,T,T,C,50,0,0,0,,,1767111,5905524
Auckland,GREAT SOUTH ROAD,, ,I,PUHINUI ROAD,201411222,26/02/2014,Wed,1450,HA,CS1C,322B 334B 402B ,,R,D,B ,F ,T,T,C,50,0,0,1,,,1767111,5905524
Auckland,GREAT SOUTH ROAD,20,S, ,PURIRI AVENUE,201448350,23/12/2014,Tue,1950,MC,CN1C,330B 372B ,,R,D,O ,F , ,N,C,50,0,0,0,,,1759998,5915652
Auckland,GREAT SOUTH ROAD,, ,I,PURIRI AVENUE,201445848,04/10/2014,Sat,1550,LB,CN1CC,303B 375B ,M,R,D,B ,F ,T,G,C,50,0,0,0,,,1759983,5915666
Auckland,GREAT SOUTH ROAD,, ,I,QUARRY ROAD,201414002,07/06/2014,Sat,230,CB,CS1,103A 130A ,P,R,D,DN,F ,T,N,C,100,0,0,1,,,1773244,5890270
Auckland,GREAT SOUTH ROAD,70,S, ,QUEEN ST,201438316,05/06/2014,Thu,950,MO,CS1C,371A 386A ,M,R,D,B ,F , , ,C,50,0,0,0,,,1772615,5896530
Auckland,GREAT SOUTH ROAD,, ,I,QUEEN ST,201413043,30/05/2014,Fri,1230,FE,CN14C,331A 504A ,,R,D,OF,F ,T,T,C,50,0,0,2,,,1772576,5896587
Auckland,GREAT SOUTH ROAD,, ,I,RATA VINE DRIVE,201448223,26/11/2014,Wed,1000,KB,CN1C,302B 375B ,,R,D,B ,F ,T,G,C,50,0,0,0,,,1768120,5903027
Auckland,GREAT SOUTH ROAD,100,N, ,REAGAN ROAD,201446188,22/10/2014,Wed,852,AO,CS1CC,330B 372B ,,R,D,B ,F , , ,C,50,0,0,0,,,1767046,5905600
Auckland,GREAT SOUTH ROAD,20,S, ,REAGAN ROAD,201431814,14/03/2014,Fri,334,CC,CN1,103A 130A ,FHP,R,D,DO,F , ,N,C,50,0,0,0,,,1767121,5905507
Auckland,GREAT SOUTH ROAD,, ,I,REAGAN ROAD,201437202,10/05/2014,Sat,1329,FB,CS1C,181A ,,E,D,BF,F ,X,G,C,50,0,0,0,,,1767111,5905524
Auckland,GREAT SOUTH ROAD,, ,I,REAGAN ROAD,201446168,15/10/2014,Wed,1630,FB,VS1V,181A 331A ,,R,D,B ,F ,X,T,C,50,0,0,0,,,1767111,5905524
Auckland,GREAT SOUTH ROAD,100,N, ,REDOUBT ROAD,201438398,15/06/2014,Sun,1407,LB,CN1C,191A 303B 370B 927 ,,R,D,B ,F ,D, ,R,50,0,0,0,,,1767726,5904382
Auckland,GREAT SOUTH ROAD,130,N, ,REDOUBT ROAD,201418148,11/12/2014,Thu,1930,LB,CS1C,303B 314B 330B 927 ,,R,D,TF,F ,D, ,R,60,0,0,3,,,1767708,5904406
Auckland,GREAT SOUTH ROAD,, ,I,REDOUBT ROAD,201449649,09/12/2014,Tue,940,FB,CN1C,181A ,,R,D,O ,L ,X,G,R,80,0,0,0,,,1767776,5904283
Auckland,GREAT SOUTH ROAD,, ,I,REDOUBT ROAD,201411597,22/03/2014,Sat,305,HA,VW2V,101A 103B 322B ,,R,D,DO,F ,X,T,R,50,0,0,1,,,1767776,5904283
Auckland,GREAT SOUTH ROAD,, ,I,REDOUBT ROAD,201433668,17/04/2014,Thu,1600,AD,CE1C,150A 350A ,G,E,D,OF,F ,X,T,C,100,0,0,0,,,1767774,5904295
Auckland,GREAT SOUTH ROAD,, ,I,REGENT ST,201443246,23/08/2014,Sat,245,CB,CN1,112A 130A ,P,R,D,DO,F ,T,S,C,50,0,0,0,,,1766443,5906007
Auckland,GREAT SOUTH ROAD,, ,I,REGENT ST,201431344,04/03/2014,Tue,825,FD,CW1C,331A 358A ,,R,D,OF,F ,T,N,P,50,0,0,0,,,1766443,5906007
Auckland,GREAT SOUTH ROAD,15,N, ,REX LANE,201436069,22/05/2014,Thu,2030,MO,CS1C,371A ,M,R,D,DO,F , ,N,C,50,0,0,0,,,1765879,5906533
Auckland,GREAT SOUTH ROAD,30,N, ,REX LANE,201438950,23/06/2014,Mon,1645,JA,CS1C,308B 375B 926 ,,R,D,BF,F ,D,N,C,50,0,0,0,,,1765870,5906545
Auckland,GREAT SOUTH ROAD,30,N, ,ROCKFIELD ROAD,201448487,28/11/2014,Fri,1730,AO,CS1C,381A ,,R,D,BF,F , ,N,P,50,0,0,0,,,1760738,5914782
Auckland,GREAT SOUTH ROAD,50,N, ,ROCKFIELD ROAD,201449807,28/11/2014,Fri,1729,AA,4S1C,372A ,,R,D,BF,F , ,N,P,50,0,0,0,,,1760726,5914798
Auckland,GREAT SOUTH ROAD,, ,I,ROCKFIELD ROAD,201416918,05/09/2014,Fri,1544,FE,4N1C,181A ,,R,W,OF,L ,T,T,R,50,0,0,1,,,1760756,5914757
Auckland,GREAT SOUTH ROAD,10,N, ,RONWOOD AVENUE,201443061,18/08/2014,Mon,1200,AC,CS1C,177A 330A 372A ,,R,D,O ,F ,X,T,C,60,0,0,0,,,1767584,5904641
Auckland,GREAT SOUTH ROAD,, ,I,RONWOOD AVENUE,201432882,13/03/2014,Thu,1014,FE,4N1C,181A 387A 191B ,,R,D,B ,F ,X,T,R,60,0,0,0,,,1767587,5904632
Auckland,GREAT SOUTH ROAD,, ,I,RONWOOD AVENUE,201441765,04/08/2014,Mon,1200,FE,CN1C,181A ,,R,D,B ,F ,X,T,C,50,0,0,0,,,1767587,5904632
Auckland,GREAT SOUTH ROAD,10,S, ,ROSEHILL DRIVE,201414907,23/06/2014,Mon,1540,FD,CN1V,331A 350A ,,R,D,OF,F ,T,G,X,50,0,0,2,,,1772678,5894932
Auckland,GREAT SOUTH ROAD,20,S, ,ROSEHILL DRIVE,201441048,29/07/2014,Tue,812,FC,CN1T,181A 331A ,,R,D,OF,F , ,N,X,50,0,0,0,,,1772678,5894922
Auckland,GREAT SOUTH ROAD,30,S, ,ROSEHILL DRIVE,201410946,25/01/2014,Sat,1110,EA,CN1C,103A 129A 354A ,M,R,D,BF,F , ,N,C,50,0,0,1,,,1772677,5894912
Auckland,GREAT SOUTH ROAD,50,N, ,RYAN PLACE,201448999,09/12/2014,Tue,1355,FD,CS1CC,181A 181B ,,R,W,O ,L , , ,C,60,0,0,0,,,1767279,5905155
Auckland,GREAT SOUTH ROAD,, ,I,RYAN PLACE,201440910,04/08/2014,Mon,745,LB,VS1C,322A ,,R,D,BF,F ,X,T,C,50,0,0,0,,,1767306,5905112
Auckland,GREAT SOUTH ROAD,, ,I,RYAN PLACE,201416007,13/08/2014,Wed,2305,NA,CN1E,356A 105B 711B 724B ,,R,W,DO,F ,Y,N,C,60,0,1,0,,,1767306,5905112
Auckland,GREAT SOUTH ROAD,10,N, ,SHIRLEY ROAD,201450270,23/12/2014,Tue,1730,FE,CS1C,181A ,,R,D,BF,F ,T,T,P,50,0,0,0,,,1765449,5907134
Auckland,GREAT SOUTH ROAD,100,S, ,SHIRLEY ROAD,201412333,02/04/2014,Wed,920,GA,VN1CE,358A 927 ,JKP,R,D,B ,F ,D, ,C,50,0,0,1,27,,1765513,5907044
Auckland,GREAT SOUTH ROAD,, ,I,SIMS ROAD,201437136,23/04/2014,Wed,1126,LB,VS1V,303B 314B 377B ,,R,D,OF,F ,T,S,C,50,0,0,0,,,1762418,5912850
Auckland,GREAT SOUTH ROAD,, ,I,SIMS ROAD,201436933,16/05/2014,Fri,1900,FD,CS1V,331A ,,R,D,DO,F ,T,S,C,50,0,0,0,,,1762418,5912850
Auckland,GREAT SOUTH ROAD,20,N, ,SOUTH-EASTERN HIGHWAY,201414765,31/07/2014,Thu,645,FD,CS14C,110A 380A 645A ,,R,D,DO,F , , ,C,50,0,0,1,,,1762477,5912787
Auckland,GREAT SOUTH ROAD,10,S, ,SOUTH-EASTERN HIGHWAY,201446003,15/10/2014,Wed,1730,AA,CN14,330A 372A ,,R,D,O ,F ,X,T,C,50,0,0,0,,,1762507,5912757
Auckland,GREAT SOUTH ROAD,, ,I,SOUTH-EASTERN HIGHWAY,201434565,26/04/2014,Sat,,FE,CS1C,181A ,,R,D,BF,F ,X,T,C,50,0,0,0,,,1762491,5912772
Auckland,GREAT SOUTH ROAD,, ,I,SOUTH-EASTERN HIGHWAY,201434844,28/03/2014,Fri,200,DB,CN1,103A 359A ,P,R,D,DO,F ,X,T,R,50,0,0,0,,,1762500,5912764
Auckland,GREAT SOUTH ROAD,, ,I,SOUTHDOWN LANE,201441041,07/07/2014,Mon,543,FE,CS1T,181A ,,R,D,DO,F ,T,T,C,60,0,0,0,,,1762938,5912178
Auckland,GREAT SOUTH ROAD,, ,I,SPARTAN ROAD,201418054,05/12/2014,Fri,830,LB,CS1C,303B 377B ,,E,D,OF,F ,X,G,R,70,0,0,2,,,1769910,5899366
Auckland,GREAT SOUTH ROAD,, ,I,SPARTAN ROAD,201442726,12/09/2014,Fri,830,MB,CN1C,303B 382B ,,R,W,OF,L ,T,S,C,50,0,0,0,,,1769910,5899366
Auckland,GREAT SOUTH ROAD,, ,I,SPARTAN ROAD,201448472,20/11/2014,Thu,610,AA,CS1C,372A ,,E,D,OF,F ,T,G,C,70,0,0,0,,,1769910,5899366
Auckland,GREAT SOUTH ROAD,10,S, ,ST GEORGE ST,201449509,05/12/2014,Fri,1520,FD,CS1CC,181A 331A 501A ,,R,D,B ,F ,X,T,C,50,0,0,0,,,1765970,5906405
Auckland,GREAT SOUTH ROAD,100,S, ,ST GEORGE ST,201440911,02/08/2014,Sat,1300,KB,4S1C,308B 375B 926 ,,R,D,BF,F ,D,N,C,50,0,0,0,,,1766022,5906332
Auckland,GREAT SOUTH ROAD,, ,I,ST MARKS ROAD,201414006,20/06/2014,Fri,1838,JB,CN1M,206A 336A 386A ,,R,D,DO,F ,M,T,C,50,0,0,1,,,1758389,5917468
Auckland,GREAT SOUTH ROAD,40,S, ,STATION ROAD,201438912,10/06/2014,Tue,1750,FD,CN1CC,181A ,,R,W,DO,L , ,N,R,50,0,0,0,,,1768676,5901067
Auckland,GREAT SOUTH ROAD,200,S, ,STATION ROAD,201417553,18/10/2014,Sat,1921,MA,4N1C,373B ,,R,W,OF,L , ,N,X,50,0,0,1,,,1768789,5900954
Auckland,GREAT SOUTH ROAD,, ,I,STATION ROAD,201442620,12/07/2014,Sat,1514,DA,CN14C,111A 131A ,KMX,E,W,OF,L ,X,T,R,50,0,0,0,,,1764002,5909960
Auckland,GREAT SOUTH ROAD,, ,I,STATION ROAD,201442584,05/09/2014,Fri,1400,AC,CN1V,372A ,,R,W,ON,L ,T,T,C,50,0,0,0,,,1768647,5901095
Auckland,GREAT SOUTH ROAD,20,N, ,SUTTON CRESCENT,201435295,23/04/2014,Wed,1210,AC,CN14,184A ,,R,D,B ,F , , ,R,50,0,0,0,,,1765722,5906752
Auckland,GREAT SOUTH ROAD,60,S, ,SUTTON CRESCENT,201440391,17/07/2014,Thu,1817,JA,CS1C,308B 377B 927 ,,R,D,DO,F ,D, ,P,50,0,0,0,,,1765769,5906687
Auckland,GREAT SOUTH ROAD,5,N, ,SYLVIA PARK ROAD,201449526,21/12/2014,Sun,2100,FE,4S1C,181A 331A ,,R,D,DO,F ,T,T,C,50,0,0,0,,,1763183,5911861
Auckland,GREAT SOUTH ROAD,20,N, ,TAKA ST,201418042,26/11/2014,Wed,1645,FD,CS1C,181A ,,R,D,BF,F , ,N,C,50,0,0,1,,,1770655,5898629
Auckland,GREAT SOUTH ROAD,100,S, ,TAKA ST,201415782,11/09/2014,Thu,632,MC,MS1C,372B 922 ,,R,D,TO,F , ,N,P,50,0,0,1,,,1770741,5898545
Auckland,GREAT SOUTH ROAD,160,S, ,TAKA ST,201413862,16/04/2014,Wed,1620,JA,CN1V,402A 308B 314B 375B 927 ,,R,D,O ,F ,D, ,P,50,0,0,5,,,1770784,5898503
Auckland,GREAT SOUTH ROAD,50,N, ,TAKANINI ON NBD N,201414905,17/06/2014,Tue,715,LB,CS1CC4,303B 927 ,,R,W,TF,L ,D,N,C,70,0,0,1,,,1769802,5899471
Auckland,GREAT SOUTH ROAD,, ,I,TAONUI ST,201412086,17/04/2014,Thu,1935,BA,CS1C,129A 129B ,,R,D,DO,F ,T,N,P,50,0,0,1,,,1772656,5894631
Auckland,GREAT SOUTH ROAD,10,N, ,TE IRIRANGI DRIVE,201433280,24/03/2014,Mon,1030,FE,CS1C,181A ,,R,D,BF,F ,X,T,C,50,0,0,0,,,1767424,5904945
Auckland,GREAT SOUTH ROAD,20,S, ,TE IRIRANGI DRIVE,201442489,13/08/2014,Wed,1030,MG,VN1C,331A 387A 371B ,,R,W,OF,L ,X,T,C,50,0,0,0,,,1767449,5904910
Auckland,GREAT SOUTH ROAD,, ,I,TE IRIRANGI DRIVE,201412201,06/04/2014,Sun,330,HA,CW1C,322A 402A ,,R,D,DO,F ,X,T,R,50,0,0,1,,,1767437,5904926
Auckland,GREAT SOUTH ROAD,, ,I,TE IRIRANGI DRIVE,201434389,11/04/2014,Fri,147,KC,CS1C,103B 315B ,P,R,W,DO,L ,X,T,R,60,0,0,0,,,1767430,5904936
Auckland,GREAT SOUTH ROAD,, ,I,TE IRIRANGI DRIVE,201411133,16/02/2014,Sun,2330,LB,CS1C,103A 112A 303B ,,R,D,DO,F ,X,T,R,50,0,2,0,,,1767430,5904936
Auckland,GREAT SOUTH ROAD,50,N, ,TIRONUI ROAD,201446470,05/10/2014,Sun,1740,GB,MN1C,372B 922 ,,R,D,BF,F ,D,N,P,50,0,0,0,,,1771860,5897380
Auckland,GREAT SOUTH ROAD,20,N, ,TRENTHAM ROAD,201400238,09/11/2014,Sun,18,CC,CS1,104A ,T,R,D,DO,F , ,N,L,50,1,1,2,,,1771972,5897267
Auckland,GREAT SOUTH ROAD,20,N, ,TRENTHAM ROAD,201411521,10/03/2014,Mon,1636,NA,CN1E,711B 927 ,,R,D,BF,F ,D,N,C,50,0,0,1,,,1771972,5897267
Auckland,GREAT SOUTH ROAD,50,N, ,TUI ROAD,201440791,19/07/2014,Sat,1520,EA,CS1C,129A ,M,R,D,O ,F , , ,N,50,0,0,0,,,1765935,5906454
Auckland,GREAT SOUTH ROAD,70,N, ,TUI ROAD,201441093,26/05/2014,Mon,1655,NA,4S1E,711B ,,R,D,OF,F , ,N,C,50,0,0,0,,,1765923,5906470
Auckland,GREAT SOUTH ROAD,100,N, ,TUI ROAD,201433367,25/03/2014,Tue,,MO,CS1C,387A 371B 926 ,M,R,D,BF,F ,D,N,P,50,0,0,0,,,1765906,5906495
Auckland,GREAT SOUTH ROAD,5,S, ,TUI ROAD,201445214,30/09/2014,Tue,2321,MB,CN1C,370B ,,R,D,DO,F ,X,T,C,50,0,0,0,,,1765967,5906409
Auckland,GREAT SOUTH ROAD,, ,I,TUI ROAD,201448044,08/11/2014,Sat,1855,FE,CW2C,322A ,,R,D,O ,F ,X,T,C,50,0,0,0,,,1765964,5906413
Auckland,GREAT SOUTH ROAD,, ,I,UNA ST,201416025,02/10/2014,Thu,2050,NB,4S1E,102A 715B 724B ,,R,W,DO,L ,T,S,C,50,0,1,0,,,1771094,5898219
Auckland,GREAT SOUTH ROAD,50,S, ,WAIOHUA ROAD,201435260,23/04/2014,Wed,744,NG,CS1E,371A 929 ,,R,D,B ,F , , ,C,50,0,0,0,,,1760678,5914863
Auckland,GREAT SOUTH ROAD,170,N, ,WALTER STREVENS DRIVE,201442610,23/07/2014,Wed,915,MO,CS1C,371A ,M,R,D,BF,F , ,N,C,50,0,0,0,,,1770549,5898734
Auckland,GREAT SOUTH ROAD,20,S, ,WALTER STREVENS DRIVE,201418847,20/12/2014,Sat,1145,LB,MN1C,303B 377B 927 ,,R,D,BF,F ,D,N,C,50,0,1,0,,,1770684,5898601
Auckland,GREAT SOUTH ROAD,10,S, ,WALTERS ROAD,201444577,18/09/2014,Thu,2200,EE,CS1C,374B 514B ,M,M,D,DO,F ,R,G,R,50,0,0,0,,,1771524,5897808
Auckland,GREAT SOUTH ROAD,, ,I,WALTERS ROAD,201436612,07/05/2014,Wed,340,HA,CN1C,302A 375A ,,E,D,DO,F ,R,G,R,50,0,0,0,,,1771518,5897816
Auckland,GREAT SOUTH ROAD,, ,I,WALTERS ROAD,201448997,06/12/2014,Sat,2300,HA,CW2C,302A ,,R,D,DO,F ,R,G,C,50,0,0,0,,,1771523,5897827
Auckland,GREAT SOUTH ROAD,90,N, ,WEYMOUTH ROAD,201414768,21/07/2014,Mon,620,EE,4N1S,374A ,M,R,W,DO,F , , ,P,50,0,0,1,,30,1768849,5900899
Auckland,GREAT SOUTH ROAD,15,S, ,WEYMOUTH ROAD,201447974,28/10/2014,Tue,805,AC,CN1C,159A ,,R,D,O ,F , , ,R,50,0,0,0,,,1768927,5900829
Auckland,GREAT SOUTH ROAD,, ,I,WEYMOUTH ROAD,201438906,22/05/2014,Thu,1345,FE,TN1C,181A ,,R,D,BF,F ,X,T,C,50,0,0,0,,,1768916,5900839
Auckland,GREAT SOUTH ROAD,, ,I,WOOD ST,201431319,06/03/2014,Thu,1445,FB,CS1C,181A ,,R,D,BF,F ,R,G,R,50,0,0,0,,,1772827,5896111
Auckland,GREAT SOUTH ROAD,, ,I,WOOD ST,201415045,21/07/2014,Mon,1525,HA,CN1C,302A ,,E,D,O ,F ,R,G,R,50,0,0,1,,,1772827,5896106
Auckland,GREAT SOUTH ROAD,100,N, ,WOODBINE AVENUE,201436059,27/05/2014,Tue,720,AC,CS1M,372A 671A ,,R,D,BF,F , ,N,C,50,0,0,0,,,1760144,5915512
Auckland,GREAT SOUTH ROAD,, ,I,WOODBINE AVENUE,201441139,22/06/2014,Sun,1540,KB,CN1C,322A ,,R,D,BF,F ,T,T,C,60,0,0,0,,,1760217,5915444
Auckland,GREAT SOUTH ROAD N,, ,I,BROADWAY,201448385,28/12/2014,Sun,1900,FE,CN1C,371A ,,R,D,B ,F ,X,T,C,50,0,0,0,,,1758389,5917468
Auckland,GREAT SOUTH ROAD N,, ,I,CAVENDISH DRIVE,201432535,09/02/2014,Sun,1758,FE,CN1C,181A 334A ,,R,D,B ,F ,X,T,C,60,0,0,0,,,1767430,5904936
Auckland,GREAT SOUTH ROAD N,, ,I,SOUTH-EASTERN HIGHWAY,201416011,11/07/2014,Fri,2240,HA,CS1C,322A ,,E,W,DO,L ,X,T,C,50,0,0,2,,,1762491,5912772
Auckland,GREAT SOUTH ROAD S,50,N, ,BROADWAY,201440186,18/07/2014,Fri,1110,MO,CS1C,371A ,M,R,D,B ,F , ,N,C,50,0,0,0,,,1772642,5896485
Auckland,GREEN LANE,120,N, ,PREMILA DRIVE,201436882,20/05/2014,Tue,830,EA,TN1CV,129A 330A ,M,R,D,O ,F , , ,C,50,0,0,0,,,1767872,5879870
Auckland,GREEN LANE EAST,, ,I,ASCOT AVENUE E,201414890,01/08/2014,Fri,1827,JA,CE1C,322A ,,M,D,DO,F ,X,T,C,50,0,0,1,,,1760520,5916211
Auckland,GREEN LANE EAST,, ,I,ASCOT AVENUE E,201416861,12/11/2014,Wed,720,LB,MW1C,303B 375B ,,M,D,B ,F ,X,T,R,50,0,0,1,,,1760520,5916211
Auckland,GREEN LANE EAST,30,E, ,GREAT SOUTH ROAD,201447064,01/11/2014,Sat,1700,FE,CW1C,181A ,,R,D,OF,F , ,T,C,50,0,0,0,,,1759906,5915780
Auckland,GREEN LANE EAST,, ,I,GREAT SOUTH ROAD,201444318,17/09/2014,Wed,2045,GD,CS1C,112A 331A 352A 402A ,,R,D,DO,F ,X,T,R,50,0,0,0,,,1759882,5915763
Auckland,GREEN LANE EAST,20,E, ,GREEN LANE WEST,201433846,07/03/2014,Fri,1205,AO,VE1M,129A ,,R,D,B ,F ,R,G,C,50,0,0,0,,,1759898,5915775
Auckland,GREEN LANE EAST,25,E, ,GREENLANE INT,201436058,22/05/2014,Thu,1337,AC,CW1C,372A 381A ,,R,D,BF,F , ,N,C,50,0,0,0,,,1760200,5915983
Auckland,GREEN LANE EAST,25,E, ,GREENLANE INT,201436064,06/06/2014,Fri,745,AC,CW1C,372A ,,R,D,OF,F , ,N,C,50,0,0,0,,,1760200,5915983
Auckland,GREEN LANE EAST,, ,I,MAREWA ROAD,201444651,28/09/2014,Sun,1820,KA,CE1C,301B 375B ,,R,D,B ,F ,T,S,R,50,0,0,0,,,1759984,5915835
Auckland,GREEN LANE EAST,100,W, ,OHINERAU ST,201442668,27/03/2014,Thu,1055,FD,CW14,181A ,,R,D,BF,F , ,N,R,50,0,0,0,,,1760233,5916009
Auckland,GREEN LANE EAST,, ,I,OHINERAU ST,201434596,14/04/2014,Mon,1150,JA,CE1T,140A 387B ,,R,D,OF,F ,T,G,R,50,0,0,0,,,1760316,5916066
Auckland,GREEN LANE EAST,, ,I,OHINERAU ST,201439566,14/06/2014,Sat,1425,FD,CE1C,181A ,,R,D,B ,F ,T,G,C,50,0,0,0,,,1760316,5916066
Auckland,GREEN LANE EAST,, ,I,PEACH PARADE,201418618,07/12/2014,Sun,517,LB,CW1C,303B 375B ,,R,D,TO,F ,T,T,R,50,0,0,1,,,1760679,5916322
Auckland,GREEN LANE EAST,5,W, ,ST VINCENT AVENUE,201448960,11/12/2014,Thu,1250,FD,CE1C,331A ,,R,D,O ,F ,T,G,C,50,0,0,0,,,1760393,5916121
Auckland,GREEN LANE EAST,50,W, ,ST VINCENT AVENUE,201449056,05/11/2014,Wed,1600,AC,PW1C,159A 381A ,,R,D,OF,F , ,N,P,50,0,0,0,,,1760357,5916095
Auckland,GREEN LANE WEST,10,S, ,GREAT SOUTH ROAD,201449527,03/12/2014,Wed,1400,AO,CN1C,129A 330A ,,R,D,O ,F ,X,T,C,50,0,0,0,,,1759874,5915757
Auckland,GREEN LANE WEST,30,W, ,GREAT SOUTH ROAD,201447743,13/11/2014,Thu,1630,FD,BE1C,181A ,,R,D,B ,F , , ,C,50,0,0,0,,,1759858,5915745
Auckland,GREEN LANE WEST,50,W, ,GREAT SOUTH ROAD,201437579,07/05/2014,Wed,750,AA,ME1C,372A ,,R,D,TF,F , , ,C,50,0,0,0,,,1759842,5915732
Auckland,GREEN LANE WEST,, ,I,GREAT SOUTH ROAD,201416342,02/09/2014,Tue,1515,NA,CN1E,713B ,,E,D,B ,F ,X,T,C,50,0,0,1,36,,1759882,5915763
Auckland,GREEN LANE WEST,, ,I,GREAT SOUTH ROAD,201441371,14/07/2014,Mon,35,HA,CN1C,322A 322B ,,R,D,DO,F ,X,T,C,50,0,0,0,,,1759882,5915763
Auckland,GREEN LANE WEST,5,E, ,MANUKAU ROAD,201440213,14/03/2014,Fri,1840,FE,CW1C,331A ,,R,D,TO,F ,X,T,C,50,0,0,0,,,1758115,5915486
Auckland,GREEN LANE WEST,150,E, ,MANUKAU ROAD,201445228,30/09/2014,Tue,1710,JA,CW1C,151A 314B 377B 929 ,,R,D,B ,F ,D, ,C,50,0,0,0,,,1758260,5915493
Auckland,GREEN LANE WEST,10,W, ,MANUKAU ROAD,201433738,29/01/2014,Wed,830,AA,TE1C,372A ,,R,D,O ,F ,X,T,C,70,0,0,0,,,1758101,5915490
Auckland,GREEN LANE WEST,20,W, ,MANUKAU ROAD,201449492,03/12/2014,Wed,750,FD,CE1C,181A ,,R,D,B ,F , , ,C,50,0,0,0,,,1758092,5915492
Auckland,GREEN LANE WEST,, ,I,MANUKAU ROAD,201441995,02/08/2014,Sat,635,AA,CE1C,103A 159A 173A ,,R,D,TO,F ,X,T,C,50,0,0,0,,,1758110,5915486
Auckland,GREEN LANE WEST,15,W, ,MAUNGAKIEKIE AVENUE,201440356,07/07/2014,Mon,1352,BE,CE1XX,205A 501A 801 ,,R,W,O ,L , , ,P,50,0,0,0,,,1759477,5915530
Auckland,GREEN LANE WEST,100,E, ,POHUTUKAWA DRIVE,201411218,02/02/2014,Sun,738,CB,CE1,112A 130A 431A ,C,R,D,B ,F , , ,C,50,0,0,1,,,1759306,5915525
Auckland,GREEN LANE WEST,, ,I,POHUTUKAWA DRIVE,201431782,15/02/2014,Sat,1145,GF,CE1C,171A 350A ,,R,D,B ,F ,X,T,C,50,0,0,0,,,1759206,5915523
Auckland,GREEN LANE WEST,20,E, ,PURIRI DRIVE,201444706,21/08/2014,Thu,1744,AO,CW1C,129A ,,R,D,TO,F , ,N,C,50,0,0,0,,,1759226,5915523
Auckland,GREEN LANE WEST,300,W, ,PURIRI DRIVE,201443141,22/08/2014,Fri,1740,KB,4W1C,308B 927 ,,R,D,TO,F ,D,N,P,50,0,0,0,,,1758906,5915513
Auckland,GREEN LANE WEST,450,W, ,PURIRI DRIVE,201431865,04/03/2014,Tue,1200,FD,CW1CCT,331A 350A ,,R,D,BF,F , ,N,P,50,0,0,0,,,1758756,5915508
Auckland,GREEN LANE WEST,10,E, ,TAWERA ROAD,201438902,27/06/2014,Fri,1115,AC,CW1C,372A 381A ,,R,W,OF,L ,T,G,P,50,0,0,0,,,1759772,5915682
Auckland,GREEN LANE WEST,15,E, ,TAWERA ROAD,201433784,20/02/2014,Thu,1430,AO,4E1C,129A ,,R,D,B ,F ,T,T,C,50,0,0,0,,,1759777,5915685
Auckland,GREEN LANE WEST,50,E, ,TAWERA ROAD,201433581,19/02/2014,Wed,1520,AO,CE1T,381A ,,R,D,BF,F , ,N,C,50,0,0,0,,,1759805,5915705
Auckland,GREEN LANE WEST,70,S, ,TAWERA ROAD,201448701,22/10/2014,Wed,15,JA,CS1C,308B 929 ,,R,D,DN,F ,D,N,P,50,0,0,0,,,1759706,5915637
Auckland,GREEN LANE WEST,50,W, ,TAWERA ROAD,201413231,04/04/2014,Fri,200,EA,CE1CC,103A 112A 386A ,CFM,R,D,DO,F , ,N,C,50,0,0,1,,,1759723,5915648
Auckland,GREEN LANE WEST,, ,I,WHETURANGI ROAD,201438405,17/05/2014,Sat,1215,LB,CN1C,303B 370B ,,R,D,B ,F ,X,T,C,50,0,0,0,,,1759607,5915569
Auckland,GREEN LANE WEST,, ,I,WHETURANGI ROAD,201443399,13/09/2014,Sat,918,HA,CS2C,322B 351B ,,R,D,B ,F ,M,T,C,50,0,0,0,,,1759607,5915569
Auckland,GREENHILL CRESCENT,20,S, ,PAKURANGA ROAD,201442423,05/08/2014,Tue,1450,EA,CS1C,129A ,M,R,D,BF,F , ,N,C,50,0,0,0,,,1767632,5913504