TLANAME,CRASHROAD,CRASHDIST,CRASHDIRN,INTSN,SIDEROAD,CRASHID,CRASHDATE,CRASHDOW,CRASHTIME,MVMT,VEHICLES,CAUSES,OBJECTSSTRUCK,ROADCURVE,ROADWET,LIGHT,WTHRa,JUNCTYPE,TRAFCTRL,ROADMARK,SPDLIM,CRASHFATALCNT,CRASHSEVCNT,CRASHMINCNT,PERSAGE1,PERSAGE2,EASTING,NORTHING
Auckland,GREENHITHE ON EBD,, ,I,GREENHITHE ROAD,201413128,23/05/2014,Fri,2149,DB,CE2,102A 111A 131A 351A 801 ,G,M,W,DO,L ,T,G,R,50,0,0,1,,,1750430,5929150
Auckland,GREENHITHE ROAD,70,E, ,BLACKS ROAD,201446539,15/10/2014,Wed,856,EA,CE1C,103A 130A ,M,R,D,B ,F , , ,C,50,0,0,0,,,1751303,5929234
Auckland,GREENLANE INT,10,S, ,GREEN LANE EAST,201441987,07/08/2014,Thu,1600,AO,CN1C,129A 158A 801 ,,E,W,O ,L ,T,G,R,50,0,0,0,,,1760176,5915982
Auckland,GREENLANE INT,, ,I,GREEN LANE EAST,201449907,01/12/2014,Mon,1640,KA,CS1C,302B 330B ,,E,D,B ,F ,R,G,C,50,0,0,0,,,1760192,5915960
Auckland,GREENLANE INT,, ,I,GREEN LANE EAST,201450913,08/11/2014,Sat,1249,KA,CW2C,302A ,G,M,D,B ,F ,M,G,C,50,0,0,0,,,1760192,5915960
Auckland,GREENLANE INT,, ,I,GREENLANE OFF NBD,201430799,05/02/2014,Wed,1736,FD,CN24,181A ,,M,D,BF,F ,R,G,R,50,0,0,0,,,1760129,5915912
Auckland,GREENLANE INT,50,E, ,GREENLANE OFF SBD,201448374,09/12/2014,Tue,1810,AA,CE1C,372A ,,R,D,B ,F , ,N,C,80,0,0,0,,,1760191,5915962
Auckland,GREENLANE INT,, ,I,GREENLANE OFF SBD,201430094,11/02/2014,Tue,830,AC,CE1T,381A ,,M,D,BF,F ,R,G,R,50,0,0,0,,,1760153,5915987
Auckland,GREENLANE OFF NBD,5,S, ,GREENLANE INT,201440203,12/07/2014,Sat,1626,FB,CN1C,331A ,,E,W,TO,F ,T,G,C,50,0,0,0,,,1760134,5915910
Auckland,GREENLANE OFF NBD,, ,I,GREENLANE INT,201444073,18/09/2014,Thu,1300,FB,VN1C,181A ,,R,D,OF,F ,R,G,R,50,0,0,0,,,1760129,5915912
Auckland,GREENLANE OFF NBD,, ,I,GREENLANE INT,201447265,04/11/2014,Tue,2105,FB,CN1C,181A 331A ,,R,W,DO,F ,R,G,C,50,0,0,0,,,1760129,5915912
Auckland,GREENLANE OFF NBD,, ,I,GREENLANE INT,201412853,05/04/2014,Sat,1210,FB,CN1C,181A 331A 387A ,,R,D,B ,F ,R,G,C,50,0,0,1,,,1760129,5915912
Auckland,GREENLANE OFF NBD,, ,I,GREENLANE INT,201440510,12/07/2014,Sat,1430,FB,CN1C,181A 801 ,,R,W,O ,L ,T,G,C,50,0,0,0,,,1760129,5915912
Auckland,GREENLANE OFF SBD,, ,I,GREENLANE INT,201443883,20/08/2014,Wed,1459,FB,CS1C,181A ,,R,W,OF,L ,R,G,C,50,0,0,0,,,1760153,5915987
Auckland,GREENLANE OFF SBD,, ,I,GREENLANE INT,201443665,07/09/2014,Sun,1642,FB,CS1C,181A 387A ,,R,D,B ,F ,R,G,N,50,0,0,0,,,1760153,5915987
Auckland,GREENLANE OFF SBD,, ,I,GREENLANE INT,201434374,09/04/2014,Wed,1550,FB,CE1C,181A ,,E,D,O ,F ,T,G,N,50,0,0,0,,,1760153,5915987
Auckland,GREENLANE OFF SBD,, ,I,GREENLANE INT,201449014,13/12/2014,Sat,1030,FB,CW1C,353A 387A ,,R,D,OF,F ,R,G,N,50,0,0,0,,,1760153,5915987
Auckland,GREENLANE OFF SBD,, ,I,GREENLANE INT,201438829,07/07/2014,Mon,1445,HA,CS1C,302A 375A ,,E,D,ON,L ,R,G,R,50,0,0,0,,,1760153,5915987
Auckland,GREENLANE OFF SBD,250,S, ,SH 1N,201411938,10/04/2014,Thu,1900,FD,MS1CV,181A ,,R,W,TO,F , ,N,N,100,0,0,1,,,1760125,5915992
Auckland,GREENMOUNT DRIVE,100,N, ,POLARIS PLACE,201435424,22/04/2014,Tue,655,BC,CN1V,121A 410A ,,M,D,OF,F , ,N,C,50,0,0,0,,,1769349,5910791
Auckland,GREENPARK ROAD,100,E, ,ROCKFIELD ROAD,201448495,26/11/2014,Wed,1530,EA,CE1C,129A ,M,R,D,BF,F , ,N,N,50,0,0,0,,,1760866,5914089
Auckland,GREENPARK ROAD,250,E, ,ROCKFIELD ROAD,201437248,16/04/2014,Wed,1402,EO,TW1C,686A ,MP,R,D,OF,F , ,N,N,50,0,0,0,,,1761004,5914030
Auckland,GREENPARK ROAD,, ,I,ROCKFIELD ROAD,201432052,07/01/2014,Tue,1142,DB,CS2CCC,133A 423A ,IM,S,D,B ,F ,T,S,R,50,0,0,0,,,1760774,5914129
Auckland,GREENSLADE CRESCENT,150,W, ,LAKE ROAD N,201432126,05/03/2014,Wed,1208,MO,VE1C,371A 371B 929 ,,E,W,O ,F ,D,N,N,50,0,0,0,,,1755544,5926128
Auckland,GREVILLE OFF SBD,, ,I,GREVILLE ROAD,201444333,17/09/2014,Wed,1830,GC,CS1C,171A ,,S,D,TO,F ,R,G,R,50,0,0,0,,,1753391,5933248
Auckland,GREVILLE ON SBD,, ,I,GREVILLE ROAD,201444716,16/08/2014,Sat,1230,GB,TW2C,173A ,,E,D,OF,F ,R,G,R,50,0,0,0,,,1753415,5933244
Auckland,GREVILLE ON SBD,150,N, ,SH 1N,201433245,18/03/2014,Tue,930,AA,CS1C,372A ,,R,D,BF,F , ,N,N,50,0,0,0,,,1753452,5932996
Auckland,GREVILLE ROAD,, ,I,ALBANY EXPRESSWAY,201436541,16/05/2014,Fri,1415,GB,CS2C,172B 402B ,,R,D,B ,F ,R,G,C,50,0,0,0,,,1753262,5933079
Auckland,GREVILLE ROAD,30,W, ,EAST COAST ROAD,201440664,22/07/2014,Tue,708,CB,CW1,133A 801 ,P,R,W,B ,L , , ,C,50,0,0,0,,,1754286,5933925
Auckland,GREVILLE ROAD,, ,I,GREVILLE OFF SBD,201447995,23/11/2014,Sun,1103,GF,CE1C,129A 129B ,,E,D,O ,F ,R,G,C,50,0,0,0,,,1753384,5933220
Auckland,GREVILLE ROAD,, ,I,GREVILLE OFF SBD,201414133,22/06/2014,Sun,1430,FB,CE1C,181A ,,E,D,BF,F ,R,G,C,50,0,0,1,,,1753381,5933216
Auckland,GREVILLE ROAD,, ,I,GREVILLE OFF SBD,201436389,07/05/2014,Wed,923,GC,CE14,171B ,,E,D,BF,F ,R,G,R,50,0,0,0,,,1753391,5933248
Auckland,GREVILLE ROAD,, ,I,GREVILLE ON NBD,201430038,06/01/2014,Mon,1305,FB,CN1V,181A ,,R,D,BF,F ,R,G,R,50,0,0,0,,,1753289,5933087
Auckland,GREVILLE ROAD,, ,I,GREVILLE ON NBD,201434736,03/05/2014,Sat,1435,AC,4N2C,361A 372A ,,M,D,BF,F ,R,G,C,50,0,0,0,,,1753293,5933058
Auckland,GREVILLE ROAD,, ,I,GREVILLE ON SBD,201431352,04/03/2014,Tue,1528,AC,CS2B,372A ,,E,D,BF,F ,R,G,R,50,0,0,0,,,1753396,5933212
Auckland,GREVILLE ROAD,25,E, ,HUGH GREEN DRIVE,201415566,11/09/2014,Thu,1856,PO,CE1E,724B 728B ,,R,D,DO,F , , ,R,80,0,1,0,56,,1753892,5933615
Auckland,GREVILLE ROAD,, ,I,HUGH GREEN DRIVE,201449112,26/11/2014,Wed,550,KA,CW1M,302B 375B ,,R, , F,  ,X,G,C,60,0,0,0,,,1753872,5933600
Auckland,GREVILLE ROAD,, ,I,HUGH GREEN DRIVE,201411080,15/01/2014,Wed,1935,KA,CS1C,302B 372B 402B ,,E,D,O ,F ,X,G,R,50,0,0,1,,,1753872,5933600
Auckland,GREVILLE ROAD,, ,I,HUGH GREEN DRIVE,201450257,29/12/2014,Mon,924,LB,CE1C,322A 303B 325B ,,R,D,BF,F ,X,T,C,80,0,0,0,,,1753872,5933600
Auckland,GREVILLE ROAD,, ,A,ROSEDALE LANDFILL ROAD,201441386,22/07/2014,Tue,630,AC,CW1C,184A ,,R,W,DO,  , , ,C,80,0,0,0,,,1753767,5933519
Auckland,GREY ST,, ,I,ALFRED ST,201435600,29/04/2014,Tue,,HA,TE14,321A ,,R,W,O ,F ,X,S,C,50,0,0,0,,,1759787,5912748
Auckland,GREY ST,80,E, ,HILL ST,201431401,08/03/2014,Sat,130,EA,CW1C,103A 129A ,M,R,D,DO,F , ,N,C,50,0,0,0,,,1758661,5912650
Auckland,GREY ST,15,E, ,PUKA ST,201433545,09/03/2014,Sun,110,EA,CE1C,129A ,M,R,D,DO,F , ,N,C,50,0,0,0,,,1760010,5912767
Auckland,GREY ST,40,W, ,SELWYN ST,201449823,05/12/2014,Fri,1501,CB,CW1,410A ,P,R,D,BF,F , ,N,N,50,0,0,0,,,1758740,5912657
Auckland,GREY ST,20,E, ,WADE AVENUE,201435376,15/04/2014,Tue,1000,EA,CE1C,129A ,M,R,D,O ,F , , ,C,50,0,0,0,,,1759279,5912704
Auckland,GREYS AVENUE,20,E, ,MAYORAL DRIVE,201417236,08/08/2014,Fri,1413,AA,CN1S,372A ,,R,D,B ,F , , ,R,50,0,0,1,,20,1757082,5919926
Auckland,GREYS AVENUE,100,S, ,MAYORAL DRIVE,201435971,06/04/2014,Sun,950,FD,CS1CC,181A ,,R,D,BF,F , ,N,C,50,0,0,0,,,1756995,5919843
Auckland,GRIFFITHS PLACE,30,E, ,VODANOVICH ROAD,201410243,14/01/2014,Tue,1730,PO,CE1E,110A 357A 371A 722B 929 ,,R,D,B ,F ,D,N,N,50,0,0,1,9,,1746087,5918469
Auckland,GROTTO ST,50,E, ,ALFRED ST,201410375,21/01/2014,Tue,2121,BA,CE1C,378A 444B 832 ,Q,R,D,DO,F , ,N,N,50,0,0,1,,,1759864,5912426
Auckland,GROVE ROAD,70,N, ,CLEVEDON ROAD,201434231,28/02/2014,Fri,1550,DB,CN1C,131A 133A 922 ,M,M,D,B ,F ,D, ,N,50,0,0,0,,,1773671,5896925
Auckland,GROVE ROAD,, ,I,CLEVEDON ROAD,201445089,10/10/2014,Fri,630,GA,CS1C,133A 181A ,,R,D,B ,F ,T,N,C,50,0,0,0,,,1773714,5896869
Auckland,GROVE ROAD,80,N, ,OLD WAIROA ROAD,201436080,22/05/2014,Thu,2015,EA,CN1C,129A ,M,R,D,DO,F , ,N,C,50,0,0,0,,,1773479,5897422
Auckland,GROVE ROAD,, ,I,OLD WAIROA ROAD,201416019,18/09/2014,Thu,1450,HA,CN1CC,301B 375B ,,R,D,B ,F ,X,S,C,50,0,0,1,,,1773507,5897347
Auckland,GROVE ROAD,, ,I,OLD WAIROA ROAD,201443981,30/06/2014,Mon,730,HA,VW2C,301A 375A ,,R,W,OF,L ,X,S,C,50,0,0,0,,,1773507,5897347
Auckland,GROVE ROAD,, ,I,WALTERS ROAD,201430781,08/01/2014,Wed,1140,FB,CN14,181A ,,R,D,OF,F ,T,G,C,70,0,0,0,,,1773117,5898403
Auckland,GT SOUTH LINK,25,E, ,GREAT SOUTH ROAD,201416916,01/09/2014,Mon,1547,FD,CE1C,331A 353A ,,R,W,OF,L , ,N,C,50,0,0,1,,,1761149,5914325
Auckland,GT SOUTH LINK,100,E, ,GREAT SOUTH ROAD,201443092,31/07/2014,Thu,1615,AA,CS1M,372A 902 ,,R,D,B ,F , , ,R,50,0,0,0,,,1761217,5914292
Auckland,GT SOUTH LINK,, ,I,GREAT SOUTH ROAD,201414478,02/06/2014,Mon,1939,CC,CW1,410A ,T,R,D,DO,F ,R,G,C,50,0,0,1,,,1761074,5914348
Auckland,GT SOUTH LINK,, ,I,GREAT SOUTH ROAD,201437328,13/06/2014,Fri,1436,FB,TS1C,331A 387A ,,R,D,BF,F ,R,G,C,50,0,0,0,,,1761081,5914349
Auckland,GT SOUTH LINK,, ,I,PENROSE INT,201449803,31/12/2014,Wed,1812,DB,CE1,111A 131A 632A ,G,M,D,BF,F ,R,G,R,50,0,0,0,,,1761364,5914259
Auckland,GULF VIEW ROAD,150,E, ,BEACH ROAD,201440921,01/08/2014,Fri,1942,CB,CS1C,136A 613A ,FMP,R,W,DO,L , ,N,C,50,0,0,0,,,1756544,5933569
Auckland,GUN CLUB ROAD,50,W, ,HART ROAD,201446554,24/10/2014,Fri,650,CC,CW1,112A 130A 817 ,K,R,W,O ,L , , ,N,100,0,0,0,,,1765246,5881637
Auckland,GUN CLUB ROAD,, ,I,HART ROAD,201438593,16/06/2014,Mon,2025,HA,4N2C,302A 375A 901 ,,R,W,DN,H ,X,G,C,100,0,0,0,,,1765289,5881663
Auckland,GUN CLUB ROAD,, ,I,HEIGHTS ROAD,201417214,30/10/2014,Thu,1520,FB,CE1C,112A 331A ,,R,D,O ,F ,T,S,C,100,0,0,1,,,1767435,5882619
Auckland,GUN CLUB ROAD,710,W, ,HELVETIA ROAD,201447113,23/10/2014,Thu,830,DA,CN1,111A 131A 402A 817 ,TV,E,W,O ,F , , ,C,100,0,0,0,,,1766735,5882502
Auckland,GUN CLUB ROAD,780,W, ,HELVETIA ROAD,201446555,24/10/2014,Fri,645,DA,CE1,111A 131A 813 817 ,C,M,W,DN,L , , ,N,100,0,0,0,,,1766666,5882489
Auckland,HACKETT ST,15,N, ,PERCIVAL PARADE,201437105,17/03/2014,Mon,1830,EA,CN1C,129A ,M,R,D,BF,F , ,N,N,50,0,0,0,,,1755482,5921258
Auckland,HADDON ST,100,S, ,RAGLAN ST,201441010,26/07/2014,Sat,1900,EA,CN1V,129A ,M,R,W,DO,  , ,N,C,50,0,0,0,,,1762563,5906419
Auckland,HADFIELD ST,50,W, ,RANGATIRA ROAD,201449168,24/10/2014,Fri,203,EA,CE1T,331A 351A ,M,R,W,DO,L , ,N,C,50,0,0,0,,,1750901,5925567
Auckland,HADLEY WOOD DRIVE,20,W, ,SUNNINGDALE ST,201450265,21/11/2014,Fri,2130,CB,CW1,101A 137A ,K,R,D,DO,F , ,N,C,50,0,0,0,,,1766783,5897604
Auckland,HALBERG ST,190,S, ,OLD WAIROA ROAD,201450266,23/11/2014,Sun,120,DA,VS1,131A 410A ,P,S,W,DO,L , ,N,N,50,0,0,0,,,1773232,5897048
Auckland,HALE CRESCENT,70,W, ,GLENDAWN PLACE,201439177,25/06/2014,Wed,2200,EA,CW1C,129A 431A ,M,R,W,DO,H , ,N,N,50,0,0,0,,,1751800,5928786
Auckland,HALE CRESCENT,, ,I,HOUSTON PLACE,201431613,14/01/2014,Tue,1722,DA,CW2C,122A ,M,E,D,O ,F ,T,N,N,50,0,0,0,,,1751999,5928452
Auckland,HALL AVENUE,, ,I,AGAR PLACE,201431627,19/01/2014,Sun,2015,MO,CW1C,130A 402A ,M,R,D,TO,F ,T,N,N,50,0,0,0,,,1760483,5908363
Auckland,HALL AVENUE,190,S, ,QUEEN ST,201415135,10/08/2014,Sun,1745,GB,SS14,112A 330A 602A 330B 381B 929 ,,R,D,TF,F ,D, ,X,50,0,0,1,,11,1763966,5909560
Auckland,HALL AVENUE,10,W, ,ROBERTSON ROAD,201417655,23/10/2014,Thu,800,MO,CN1C,371A 386A ,M,R,D,O ,F ,T,N,N,50,0,0,1,,,1760607,5908398
Auckland,HALL AVENUE,15,W, ,ROBERTSON ROAD,201430076,10/02/2014,Mon,1055,MF,CW1C,371B ,,R,D,BF,F , ,N,C,50,0,0,0,,,1760602,5908396
Auckland,HALL AVENUE,20,W, ,ROBERTSON ROAD,201440483,30/07/2014,Wed,1635,MO,CE1C,371A 386A ,M,R,D,B ,F , ,N,C,50,0,0,0,,,1760597,5908395
Auckland,HALL AVENUE,30,W, ,ROBERTSON ROAD,201437749,04/06/2014,Wed,2000,MO,CW1C,371A 402A 862 ,,R,D,DO,F , , ,C,50,0,0,0,,,1760587,5908392
Auckland,HALLBERRY ROAD,, ,I,GRAEME AVENUE,201411159,31/03/2014,Mon,1605,NF,4S2E,370A 711B 727B ,,R,D,B ,F ,T,G,C,50,0,0,1,7,,1763315,5906668
Auckland,HALSEY ROAD,, ,I,MAICH ROAD,201436860,26/05/2014,Mon,1700,HA,TN2C,143A 302B 370B 801 ,,M,W,TO,L ,X,G,C,50,0,0,0,,,1768144,5901773
Auckland,HALSEY ST,15,N, ,FANSHAWE ST,201417110,06/11/2014,Thu,1750,FA,MS14C,191A 331A ,,R,D,O ,F , , ,C,50,0,0,1,,,1756606,5920786
Auckland,HALSEY ST,5,S, ,FANSHAWE ST,201446019,03/10/2014,Fri,20,FE,CN1C,331A ,,R,D,DO,F ,X,T,R,50,0,0,0,,,1756610,5920752
Auckland,HALSEY ST,20,S, ,FANSHAWE ST,201442152,16/08/2014,Sat,1835,AO,CS1C,184A ,,R,D,DO,F , , ,C,50,0,0,0,,,1756609,5920737
Auckland,HALSEY ST,20,S, ,FANSHAWE ST,201444740,15/08/2014,Fri,1530,AC,CN1C,372A ,,R,D,OF,F ,X,T,C,50,0,0,0,,,1756609,5920737
Auckland,HALSEY ST,20,N, ,VICTORIA ST WEST,201414909,11/06/2014,Wed,750,NB,CS1E,713B ,,R,W,OF,F , ,N,C,50,0,0,2,,,1756594,5920555
Auckland,HALSEY ST,100,N, ,VICTORIA ST WEST,201445394,26/09/2014,Fri,1025,EA,CN1C,129A ,M,R,D,B ,F , , ,C,50,0,0,0,,,1756601,5920634
Auckland,HALSEY ST,, ,I,VICTORIA ST WEST,201440830,23/07/2014,Wed,1530,FE,CN1C,181A ,,R,D,O ,F ,X,T,R,50,0,0,0,,,1756593,5920535
Auckland,HALVER ROAD,, ,I,GREAT SOUTH ROAD,201448471,26/11/2014,Wed,1540,FB,4W1C,181A ,,R,D,BF,F ,T,G,N,50,0,0,0,,,1768781,5900961
Auckland,HAMILTON DRIVE,50,N, ,KITCHENER ROAD,201430959,19/02/2014,Wed,1501,DB,CN1C,110A 131A ,FM,M,D,OF,F , ,N,C,50,0,0,0,,,1754240,5876448
Auckland,HAMILTON DRIVE,120,N, ,KITCHENER ROAD,201436023,10/04/2014,Thu,1700,DB,CS1,131A ,F,M,W,OF,F , ,N,L,50,0,0,0,,,1754226,5876515
Auckland,HAMILTON ROAD,50,E, ,BLAKE ST,201415177,16/08/2014,Sat,1416,BC,CE14,103A 121A ,,M,D,O ,F , , ,C,50,0,1,2,,,1780626,5926167
Auckland,HAMLIN ROAD,80,E, ,HARVARD LANE,201412736,13/01/2014,Mon,1410,DA,ME1,111A 131A ,V,M,W,OF,L , ,N,C,50,0,0,1,,,1775187,5899094
Auckland,HAMMOND AVENUE,, ,I,SUN VALLEY,201445229,01/10/2014,Wed,1910,JA,CW1C,302B 382B ,,E,D,TO,F ,T,G,C,50,0,0,0,,,1751229,5951661
Auckland,HANS ST,20,S, ,MCGEE ST,201444752,01/09/2014,Mon,1510,EA,CS1C,129A ,M,R,W,OF,L , ,N,N,50,0,0,0,,,1763327,5909102
Auckland,HAPE DRIVE,50,S, ,TOM PEARCE DRIVE,201434276,21/03/2014,Fri,1640,EC,CS1,341A 352A 927 ,X,E,D,O ,F ,D, ,N,50,0,0,0,,,1760333,5903372
Auckland,HAPIMANA ST,400,S, ,TAMAKI DRIVE,201448224,23/11/2014,Sun,1630,EA,CE1C,386A 205B ,M,E,D,B ,F , ,N,N,50,0,0,0,,,1762685,5920586
Auckland,HARBUTT AVENUE,20,W, ,WILLCOTT ST,201416832,04/10/2014,Sat,335,EA,CE1CC,103A 129A ,M,E,W,DO,L ,X,S,C,50,0,0,2,,,1752353,5916321
Auckland,HARCOURT ST,, ,I,GREAT NORTH ROAD,201443236,26/08/2014,Tue,1530,DA,CW2CC,131A 402A 514A ,M,R,D,B ,F ,T,N,C,50,0,0,0,,,1755299,5918562
Auckland,HARDINGE ST,15,S, ,VICTORIA ST WEST,201448493,21/11/2014,Fri,1725,MO,CS1C,371A ,Q,R,D,BF,  , ,N,C,50,0,0,0,,,1756772,5920573
Auckland,HARLEY ROAD,120,W, ,ELDON ST,201430077,14/02/2014,Fri,1730,EA,CE1C,129A ,M,E,D,OF,F , ,N,N,50,0,0,0,,,1758190,5926183
Auckland,HARLSTON ROAD,60,N, ,HENDON AVENUE,201431866,26/02/2014,Wed,1800,GE,CN1C,160A 333A 929 ,,R,D,BF,F ,D,N,C,50,0,0,0,,,1752313,5915362
Auckland,HARMEL ROAD,100,S, ,CLARION PLACE,201437523,17/05/2014,Sat,600,DA,CS1C4,131A 402A 410A ,MM,E,D,DO,F , , ,N,50,0,0,0,,,1747764,5915517
Auckland,HARRINGTON AVENUE,, ,I,TOBIN ST,201430495,01/02/2014,Sat,1530,KA,CN1C,302B ,,R,D,B ,F ,X,G,C,50,0,0,0,,,1768596,5881285
Auckland,HARRIS ROAD,50,N, ,CROOKS ROAD,201443948,15/07/2014,Tue,940,AA,TN1C,372A 671A ,,R,D,BF,F , ,N,C,50,0,0,0,,,1768718,5910174
Auckland,HARRIS ROAD,20,S, ,CRYERS ROAD,201449137,02/12/2014,Tue,610,MC,CS1C,372B 671B ,,R,D,BF,F , ,N,C,60,0,0,0,,,1768952,5911174
Auckland,HARRIS ROAD,, ,I,CRYERS ROAD,201440475,28/07/2014,Mon,1315,JA,CN1C,302B 375B ,,R,D,B ,F ,T,G,P,60,0,0,0,,,1768956,5911193
Auckland,HARRIS ROAD,, ,I,CRYERS ROAD,201433383,02/04/2014,Wed,1400,KA,CN1C,302B ,,R,D,BF,F ,T,G,C,60,0,0,0,,,1768956,5911193
Auckland,HARRIS ROAD,15,N, ,ELLERSLIE-PANMURE HIGHWAY,201440214,06/07/2014,Sun,1500,MO,CN1C,371A ,,R,D,O ,F ,T,G,C,50,0,0,0,,,1763273,5915025
Auckland,HARRIS ROAD,, ,I,NANDINA AVENUE,201440792,28/07/2014,Mon,851,LB,CS1C,303B ,,R,D,B ,F ,T,G,C,60,0,0,0,,,1768976,5911275
Auckland,HARRIS ROAD,20,N, ,NEALES ROAD,201430594,04/02/2014,Tue,1010,FD,CS1V,181A ,,R,D,O ,F , , ,P,50,0,0,0,,,1768808,5910558
Auckland,HARRIS ROAD,, ,I,NEALES ROAD,201415316,13/08/2014,Wed,1550,LB,MN1C,303B 375B ,,R,D,O ,F ,T,G,C,60,0,0,1,,,1768804,5910539
Auckland,HARRIS ROAD,, ,I,NEALES ROAD,201412178,09/05/2014,Fri,820,JA,CN1V,302B ,,R,W,B ,F ,T,G,C,60,0,0,1,,,1768804,5910539
Auckland,HARRIS ROAD,, ,I,SMALES ROAD,201431937,15/03/2014,Sat,1000,BF,4W2C,131A ,,E,W,OF,L ,X,T,C,50,0,0,0,,,1768623,5909749
Auckland,HARRIS ROAD,20,S, ,TI RAKAU DRIVE,201431488,01/02/2014,Sat,1330,FE,CN1C,181A ,,R,D,OF,F ,T,T,C,60,0,0,0,,,1769035,5911511
Auckland,HARRIS ROAD,70,S, ,TI RAKAU DRIVE,201440501,16/07/2014,Wed,805,FD,CS1C,181A 191B ,,R,D,B ,F , , ,P,60,0,0,0,,,1769023,5911463
Auckland,HARRIS ROAD,100,S, ,TI RAKAU DRIVE,201448638,21/11/2014,Fri,1541,AC,CN1C,159A ,,R,D,B ,F , , ,P,50,0,0,0,,,1769015,5911434
Auckland,HARRIS ST,120,W, ,EDINBURGH ST,201433214,31/01/2014,Fri,1540,FC,CW1C,331A 353A ,,R,D,BF,F , ,N,X,50,0,0,0,,,1768775,5880765
Auckland,HARRIS ST,, ,I,MANUKAU ROAD,201430035,07/01/2014,Tue,1200,KA,TN1V,302B 333B ,,R,D,BF,F ,T,G,C,50,0,0,0,,,1769371,5880846
Auckland,HARRIS ST,10,E, ,WELLINGTON ST,201432136,22/03/2014,Sat,1407,EA,CE1CCC,352A 386A ,M,R,D,B ,F ,T,N,C,50,0,0,0,,,1768407,5880796
Auckland,HARRISON ROAD,50,S, ,ELLERSLIE-PANMURE HIGHWAY,201413058,27/05/2014,Tue,1840,CB,MN1,135A 809 ,,R,D,DO,F , ,N,C,50,0,0,1,,,1762718,5914894
Auckland,HARRISVILLE ROAD,, ,I,PUKEKOHE EAST ROAD,201433709,27/03/2014,Thu,725,LB,CW2C,303B 377B ,,R,D,O ,L ,T,S,P,100,0,0,0,,,1773839,5881320
Auckland,HARWOOD CRESCENT,, ,I,LYNN PLACE,201436202,27/03/2014,Thu,16,EA,CN1C,129A ,MP,R,D,DO,F ,T,N,N,50,0,0,0,,,1765879,5908157
Auckland,HAURAKI ROAD,200,W, ,KARAKA ROAD,201412685,24/03/2014,Mon,1507,MD,400000000000000,308B 387B 929 ,,S,D,BN,F ,D,N,C,50,0,0,1,,,1781322,5927165
Auckland,HAURAKI ROAD,15,N, ,LAKE ROAD,201412896,04/05/2014,Sun,330,EA,CN1C,103A 110A 330A ,M,R,W,DO,F , , ,N,50,0,1,0,,,1758722,5926144
Auckland,HAUTU DRIVE,, ,I,ROSCOMMON ROAD,201432365,03/03/2014,Mon,1711,FB,CE1C,181A 331A ,,R,D,TF,F ,X,G,C,60,0,0,0,,,1765276,5902321
Auckland,HAVELOCK AVENUE,20,W, ,RAINES AVENUE,201450974,14/11/2014,Fri,2000,QD,VW1,428A ,H,M,D,DO,F , ,N,R,50,0,0,0,,,,
Auckland,HAVERSTOCK ROAD,20,E, ,EUSTON ROAD,201439024,27/06/2014,Fri,1710,FF,CW1C,181A 929 ,,R,W,OF,L ,D,N,N,50,0,0,0,,,1754208,5915878
Auckland,HAWERA ROAD,200,E, ,KOHIMARAMA ROAD,201436209,07/05/2014,Wed,2322,CA,CE1,103A 130A ,K,R,W,DO,L , , ,C,50,0,0,0,,,1763918,5919336
Auckland,HAYCOCK AVENUE,150,S, ,JOHN DAVIS ROAD,201445574,25/09/2014,Thu,1850,PC,CS1E,371A 378A 671A 727B 730B 834 929 ,,R,D,DO,F ,D,N,N,50,0,0,0,,,1753111,5913372
Auckland,HAYCOCK AVENUE,20,N, ,WHITE SWAN ROAD,201448030,25/10/2014,Sat,15,EA,PE1C,129A ,M,R,D,DO,F , , ,C,50,0,0,0,,,1753439,5913016
Auckland,HAYES ROAD,150,S, ,MOUNTAIN ROAD,201444575,19/09/2014,Fri,100,CB,CS1,410A ,C,R,W,DN,L , , ,N,50,0,0,0,,,1739938,5914883
Auckland,HAYMAN PLACE,, ,I,BEACH HAVEN ROAD,201438009,20/03/2014,Thu,25,DA,CE2,103A 111A 131A ,,E,D,DO,F ,T,N,C,50,0,0,0,,,1751149,5927129
Auckland,HAYMAN ST,20,E, ,BAIRDS ROAD,201430914,22/02/2014,Sat,300,MO,CW1C,371A 927 ,M,R,D,DO,F ,D,N,R,50,0,0,0,,,1766906,5907864
Auckland,HAYR ROAD,, ,I,CARR ROAD,201412961,01/05/2014,Thu,810,HA,CS1M,302A ,,E,D,B ,F ,R,G,N,50,0,0,1,,,1756267,5913178
Auckland,HAYR ROAD,, ,I,MOUNT ALBERT ROAD,201448373,12/12/2014,Fri,1125,FB,CN1C,181A 330A ,,R,D,B ,F ,T,G,R,50,0,0,0,,,1756310,5913736
Auckland,HAZEL AVENUE,15,W, ,DOMINION ROAD,201438707,07/07/2014,Mon,945,EA,CE1C,129A ,M,R, , F,  , ,N,N,50,0,0,0,,,1755387,5915107
Auckland,HAZEL AVENUE,40,E, ,HARDLEY AVENUE,201448966,10/12/2014,Wed,2130,MO,CE1C,371A 929 ,M,R,W,DO,L ,D,N,N,50,0,0,0,,,1755228,5915150
Auckland,HAZELMERE ROAD,50,W, ,FOWLDS AVENUE,201439634,12/06/2014,Thu,1850,EA,CW1C,130A 801 ,M,R,W,DO,L , , ,N,50,0,0,0,,,1754319,5916082
Auckland,HEAPHY ST,100,W, ,KAY DRIVE,201437985,29/04/2014,Tue,825,EO,BE1,179A 330A ,P,R,D,O ,F , ,N,C,50,0,0,0,,,1751081,5912378
Auckland,HEAPHY ST,, ,I,LUCKNOW PLACE,201434673,19/02/2014,Wed,2348,DC,CW1,103A 130A ,G,M,D,DO,F ,T,N,N,50,0,0,0,,,1750890,5912410
Auckland,HEATHBERRY CLOSE,80,E, ,FERNDOWN AVENUE,201448227,23/11/2014,Sun,1800,EA,CE1C,386A ,M,R,D,B ,F , ,N,C,50,0,0,0,,,1763824,5905186
Auckland,HEATHDALE CRESCENT,20,S, ,ROMILLY COURT,201449515,11/12/2014,Thu,1441,CB,MN1,129A 130A ,KP,R,D,O ,F , , ,L,50,0,0,0,,,1774948,5896675