TLANAME,CRASHROAD,CRASHDIST,CRASHDIRN,INTSN,SIDEROAD,CRASHID,CRASHDATE,CRASHDOW,CRASHTIME,MVMT,VEHICLES,CAUSES,OBJECTSSTRUCK,ROADCURVE,ROADWET,LIGHT,WTHRa,JUNCTYPE,TRAFCTRL,ROADMARK,SPDLIM,CRASHFATALCNT,CRASHSEVCNT,CRASHMINCNT,PERSAGE1,PERSAGE2,EASTING,NORTHING
Auckland,HEIGHTS ROAD,, ,I,BEATTY ROAD,201414808,25/07/2014,Fri,2135,DA,CN2,103A ,ET,E,W,DN,L ,T,S,C,100,0,0,1,,,1767768,5883376
Auckland,HEIGHTS ROAD,, ,I,BEATTY ROAD,201410852,16/02/2014,Sun,2232,DC,CN2,112A 130A ,S,R,D,DN,F ,T,S,C,100,0,0,1,,,1767768,5883376
Auckland,HEIGHTS ROAD,, ,A,HEIGHTS SOUTH,201416751,26/10/2014,Sun,100,DB,VW1,111A 131A 691A ,T,S,D,DN,F ,R,G,C,100,0,0,1,,,1767325,5883275
Auckland,HEIGHTS ROAD,160,W, ,OSTRICH FARM ROAD,201415733,12/08/2014,Tue,413,DA,CN1,111A 131A ,T,M,W,DN,H , ,N,C,100,0,3,0,,,1767336,5883278
Auckland,HEIGHTS ROAD,100,W, ,SH 22,201434630,20/04/2014,Sun,1819,DA,CW1,111A 131A ,V,M,W,DN,L , ,N,C,100,0,0,0,,,1768542,5883989
Auckland,HEIGHTS ROAD,400,W, ,SH 22,201417802,09/11/2014,Sun,2130,DB,4W1,103A 111A 131A ,P,E,D,DN,F , , ,C,70,0,0,1,,,1768258,5883912
Auckland,HEKERUA ROAD,300,N, ,FRANK ST,201412398,12/04/2014,Sat,1544,DB,CE1,103A 130A 358A 402A ,C,E,D,B ,F , , ,N,50,0,0,1,,,1780598,5926982
Auckland,HELLABYS ROAD,100,S, ,HIGHBROOK DRIVE,201431641,20/01/2014,Mon,1520,EA,CS1C,129A ,MK,R,D,O ,F , , ,C,50,0,0,0,,,1765626,5908750
Auckland,HELLABYS ROAD,, ,I,HIGHBROOK DRIVE,201444329,13/07/2014,Sun,1500,DA,CS2,111A 133A 800 ,G,M,W,O ,F ,R,G,R,50,0,0,0,,,1765651,5908886
Auckland,HELLEUR ROAD,, ,I,MAKORA ROAD,201438723,03/04/2014,Thu,850,BB,BS2V,124A ,,E,D,BF,F ,T,G,C,50,0,0,0,,,1744312,5922290
Auckland,HELVETIA ROAD,, ,I,BIRDWOOD ROAD,201418313,12/12/2014,Fri,2130,DB,CS1C,111A 131A ,M,E,D,DO,F ,X,S,C,50,0,1,0,,,1767572,5881832
Auckland,HELVETIA ROAD,, ,I,PRINCES ST,201418417,08/11/2014,Sat,924,HA,CS1C,302B 375B ,,R,D,B ,F ,X,G,C,50,0,1,1,,,1767829,5881431
Auckland,HELVETIA ROAD,, ,I,PRINCES ST,201436683,17/05/2014,Sat,1025,HA,CN1C,302B 375B ,,R,D,B ,F ,X,G,C,50,0,0,0,,,1767829,5881431
Auckland,HELVETIA ROAD,210,N, ,VICTORIA ST,201435259,10/04/2014,Thu,1715,GB,CS1C,158A 929 ,,R,D,O ,F ,D,N,C,50,0,0,0,,,1767962,5881230
Auckland,HELVETIA ROAD,40,S, ,VICTORIA ST,201435106,03/04/2014,Thu,2348,CB,CS1,103A 410A ,P,R,D,DO,F , ,N,C,50,0,0,0,,,1768099,5881021
Auckland,HELVETIA ROAD,, ,I,VICTORIA ST,201436881,18/05/2014,Sun,1000,HA,CS1V,301B 351B ,,R,D,B ,F ,X,S,L,50,0,0,0,,,1768077,5881054
Auckland,HENDERSON VALLEY ROAD,20,W, ,BORDER ROAD,201413982,25/06/2014,Wed,1711,LB,MW1V,303B 375B 922 ,,R,W,O ,F ,D,N,C,50,0,0,1,,,1744307,5915697
Auckland,HENDERSON VALLEY ROAD,250,W, ,BORDER ROAD,201417108,31/07/2014,Thu,835,NA,CW1E,713B ,,R,W,O ,F , , ,C,50,0,0,1,23,,1744127,5915554
Auckland,HENDERSON VALLEY ROAD,20,E, ,CANDIA ROAD,201450293,25/12/2014,Thu,110,DB,CW1,103A 111A 131A ,P,E,D,DN,F , ,N,C,50,0,0,0,,,1742229,5915367
Auckland,HENDERSON VALLEY ROAD,400,E, ,CANDIA ROAD,201417104,15/11/2014,Sat,148,DA,CE1,103A 111A 131A 402A ,FX,E,W,DN,F , , ,C,50,0,0,1,,,1742588,5915472
Auckland,HENDERSON VALLEY ROAD,230,W, ,CANDIA ROAD,201437071,31/05/2014,Sat,1940,AC,CE1V,159A ,,R,D,DN,F , , ,C,50,0,0,0,,,1742028,5915220
Auckland,HENDERSON VALLEY ROAD,40,E, ,CORBAN AVENUE,201414490,18/02/2014,Tue,1710,FD,4S1CC,331A 350A ,,R,D,BF,F , ,N,C,50,0,1,2,,,1744651,5915972
Auckland,HENDERSON VALLEY ROAD,, ,I,CORBAN AVENUE,201413033,28/05/2014,Wed,645,JC,CW2M,302A 375A ,,E,D,DO,F ,T,G,P,50,0,0,1,,,1744620,5915947
Auckland,HENDERSON VALLEY ROAD,, ,I,FOREST HILL ROAD,201433880,02/04/2014,Wed,1730,HA,CN2C,302A ,,R,D,B ,F ,R,G,R,50,0,0,0,,,1744336,5915706
Auckland,HENDERSON VALLEY ROAD,, ,I,FOREST HILL ROAD,201443672,02/09/2014,Tue,810,LB,CE1C,302B ,,E,D,B ,F ,R,G,R,50,0,0,0,,,1744323,5915709
Auckland,HENDERSON VALLEY ROAD,60,N, ,GARELJA ROAD,201412875,13/05/2014,Tue,1244,JA,CN1C,308B 377B 402B 839 930 ,,R,D,B ,F ,D, ,C,50,0,0,1,,,1744828,5916114
Auckland,HENDERSON VALLEY ROAD,100,W, ,GREAT NORTH ROAD,201430033,06/01/2014,Mon,1145,EC,TW1,686A ,X,E,D,BF,F , ,N,L,50,0,0,0,,,1745264,5917335
Auckland,HENDERSON VALLEY ROAD,100,W, ,GREAT NORTH ROAD,201447735,30/10/2014,Thu,1613,LB,CW1V,303B 930 ,,R,D,B ,F ,D,N,L,50,0,0,0,,,1745264,5917335
Auckland,HENDERSON VALLEY ROAD,, ,I,GREAT NORTH ROAD,201435505,19/04/2014,Sat,2117,DA,CS1,103A 111A 131A 801 ,C,M,W,DO,L ,X,T,C,50,0,0,0,,,1745342,5917395
Auckland,HENDERSON VALLEY ROAD,310,N, ,GUM ROAD,201418190,19/12/2014,Fri,2014,DA,CN1,104A 131A 402A ,B,S,D,O ,F , , ,C,50,0,0,1,,,1741590,5915338
Auckland,HENDERSON VALLEY ROAD,, ,I,KEELING ROAD,201442371,12/08/2014,Tue,815,LB,CS1C,303B 382B ,,R,D,B ,F ,T,N,C,50,0,0,0,,,1745099,5916477
Auckland,HENDERSON VALLEY ROAD,5,W, ,PINE AVENUE,201410615,23/02/2014,Sun,835,LB,SN1C,303B 375B 929 ,,R,D,O ,F ,D,N,C,50,0,0,1,,51,1743713,5915206
Auckland,HENDERSON VALLEY ROAD,330,W, ,PINE AVENUE,201449555,14/12/2014,Sun,1000,DA,CE1,111A 131A 801 ,FG,M,W,O ,L , , ,C,50,0,0,0,,,1743476,5915410
Auckland,HENDERSON VALLEY ROAD,500,W, ,PINE AVENUE,201436934,20/05/2014,Tue,1220,EA,TW1C,129A ,M,R,D,B ,F , , ,C,50,0,0,0,,,1743317,5915470
Auckland,HENDERSON VALLEY ROAD,15,S, ,SMYTHE ROAD,201444330,16/09/2014,Tue,1300,FA,CS1C,181A ,,R,D,B ,F , , ,C,50,0,0,0,,,1745177,5917047
Auckland,HENDERSON VALLEY ROAD,50,S, ,SMYTHE ROAD,201442918,29/08/2014,Fri,1645,AA,VS1C,372A ,,R,D,B ,F , , ,C,50,0,0,0,,,1745175,5917012
Auckland,HENDERSON VALLEY ROAD,, ,I,SMYTHE ROAD E,201432271,29/01/2014,Wed,719,FE,4S1C,181A 331A ,,R,D,BF,F ,X,T,C,50,0,0,0,,,1745179,5917070
Auckland,HENDERSON VALLEY ROAD,120,S, ,SMYTHE ROAD S,201444981,10/06/2014,Tue,1345,MO,CN1C,371A ,M,R,D,B ,F , ,N,C,50,0,0,0,,,1745169,5916942
Auckland,HENDERSON VALLEY ROAD,40,S, ,STEVIES LANE,201413818,27/05/2014,Tue,1154,GD,CS14,181A 331A 632A 926 ,,E,D,B ,F ,D, ,C,50,0,0,2,,,1745267,5917337
Auckland,HENDERSON VALLEY ROAD,, ,I,STEVIES LANE,201439263,10/06/2014,Tue,1613,DC,CN2CC,101A 113A ,G,R,W,DO,L ,T,S,C,50,0,0,0,,,1745301,5917358
Auckland,HENDERSON VALLEY ROAD,, ,I,WOODRUFFE AVENUE,201434290,12/03/2014,Wed,2300,JA,CS1C,101B 124B 131B 357B ,,R,D,DO,F ,T,N,C,50,0,0,0,,,1745088,5916418
Auckland,HENDON AVENUE,210,E, ,NEW NORTH ROAD,201442024,27/07/2014,Sun,1834,EA,4W1C,129A 331A ,Q,R,D,DO,F , ,N,C,50,0,0,0,,,1752157,5915433
Auckland,HENDON AVENUE,50,E, ,RICHARDSON ROAD,201441104,18/07/2014,Fri,230,CB,CW1,130A ,F,R,D,DO,  , ,N,N,50,0,0,0,,,1753147,5915118
Auckland,HENEHAN CRESCENT,30,N, ,MALCOLM ST,201444100,18/04/2014,Fri,1000,MD,CS1C,371B 929 ,,R,W,BF,F ,D,N,C,50,0,0,0,,,1753602,5914081
Auckland,HENLEY ROAD,, ,I,BALMORAL ROAD,201432038,10/02/2014,Mon,1800,GF,BS1C,158B ,,R,D,O ,F ,T,S,C,50,0,0,0,,,1756395,5916034
Auckland,HENSHAW AVENUE,30,E, ,GARRISON AVENUE,201439605,18/06/2014,Wed,1515,FA,CW1C,181A ,,E,D,O ,F , , ,N,50,0,0,0,,,1756325,5913889
Auckland,HENWOOD ROAD,60,S, ,ALLEN ST,201446558,25/10/2014,Sat,1350,MO,CN1,371A 929 ,F,E,D,B ,F ,D,N,C,50,0,0,0,,,1762064,5906488
Auckland,HENWOOD ROAD,60,S, ,WINTHROP WAY,201437912,13/06/2014,Fri,905,MG,CS1C,150B 371B ,,R,D,BF,F , ,N,C,50,0,0,0,,,1762197,5906345
Auckland,HEPBURN ROAD,, ,I,AKATEA ROAD,201441661,10/07/2014,Thu,330,DC,VN1,103A 111A ,FT,M,W,DO,L ,X,S,P,50,0,0,0,,,1747936,5916370
Auckland,HEPBURN ROAD,15,N, ,BUTTERWORTH DRIVE,201440388,09/07/2014,Wed,1415,MA,CS1C,103B 357B 373B 801 ,,R,W,O ,L , , ,R,50,0,0,0,,,1747183,5915528
Auckland,HEPBURN ROAD,, ,I,DENARIUS LANE,201431035,14/02/2014,Fri,506,DB,CN1CC,122A 355A ,M,R,W,DN,F ,T,N,N,50,0,0,0,,,1747674,5916103
Auckland,HEPBURN ROAD,70,S, ,FARQUHAR ROAD,201450781,16/11/2014,Sun,1455,MA,CN1C,372B ,,R,D,BF,F , ,N,C,50,0,0,0,,,1747057,5915307
Auckland,HEPBURN ROAD,, ,I,FARQUHAR ROAD,201411033,10/01/2014,Fri,1449,GD,TS1CV,331A 350A ,,R,D,B ,F ,T,G,C,50,0,0,3,,,1747079,5915373
Auckland,HEPBURN ROAD,100,S, ,GREAT NORTH ROAD,201449049,27/11/2014,Thu,1545,CB,CS1C,129A 354A ,M,R,D,BF,F , ,N,C,50,0,0,0,,,1747029,5915226
Auckland,HEPBURN ROAD,, ,I,GREAT NORTH ROAD,201432485,26/02/2014,Wed,835,FB,CS1C,331B 353B ,,E,D,BN,F ,T,G,R,50,0,0,0,,,1746990,5915134
Auckland,HEPBURN ROAD,10,S, ,HARMEL ROAD,201414932,27/06/2014,Fri,1602,NA,CN1E,711B 712B ,,R,W,OF,L ,T,G,C,50,0,0,1,15,,1747567,5915980
Auckland,HEPBURN ROAD,, ,I,PHELPS PLACE,201417995,17/12/2014,Wed,1517,JA,TN1V,302B ,,R,D,O ,F ,T,G,C,50,0,0,1,,,1747362,5915742
Auckland,HEPBURN ST,, ,I,ANGLESEA ST,201413514,17/06/2014,Tue,630,HA,SN1C,301B ,,R,W,DO,L ,X,S,C,50,0,0,1,,33,1756128,5919932
Auckland,HERD ROAD,25,E, ,HILLSBOROUGH ROAD,201410724,12/03/2014,Wed,1747,FD,CW1CVC,181A 330A ,,R,D,B ,F ,M,T,C,50,0,0,2,,,1756737,5913063
Auckland,HERETAUNGA AVENUE,, ,I,PUKA ST,201436911,13/03/2014,Thu,1050,DC,CE1,111A 131A 402A ,P,E,D,B ,F ,T,N,N,50,0,0,0,,,1760013,5912612
Auckland,HEWLETT ROAD,50,W, ,ARLETTE PLACE,201442372,12/08/2014,Tue,915,MD,VE1C,371B 377B 839 ,,E,D,B ,F , ,N,N,50,0,0,0,,,1743854,5921578
Auckland,HEYBRIDGE ST,60,E, ,WINSFORD ST N,201444670,11/09/2014,Thu,1645,CC,CE1,112A 517A ,F,R,D,B ,F , ,N,N,50,0,0,0,,,1767377,5900701
Auckland,HEYBRIDGE ST,, ,I,WINSFORD ST N,201450586,08/11/2014,Sat,530,DA,CN2C,101A 111A 402A ,FMT,E,D,DO,F ,T,G,L,50,0,0,0,,,1767330,5900739
Auckland,HIBISCUS COAST HIGHWAY,20,W, ,BRIAN SMITH DRIVE,201449563,11/10/2014,Sat,900,AC,CE1CT,372A 507A ,S,R,D,B ,F , , ,R,80,0,0,0,,,1749470,5945804
Auckland,HIBISCUS COAST HIGHWAY,, ,I,BRIAN SMITH DRIVE,201447550,26/07/2014,Sat,1224,KC,VE2V,302A 375A ,,R,D,B ,F ,X,G,R,80,0,0,0,,,1749489,5945809
Auckland,HIBISCUS COAST HIGHWAY,300,S, ,CENTREWAY ROAD,201438581,29/06/2014,Sun,1130,GD,CS1C,333A 930 ,,R,D,O ,F ,D, ,C,50,0,0,0,,,1751884,5948263
Auckland,HIBISCUS COAST HIGHWAY,500,S, ,CENTREWAY ROAD,201431847,19/02/2014,Wed,1525,FD,CN1C,181A ,,R,W,OF,F , ,N,C,50,0,0,0,,,1751764,5948106
Auckland,HIBISCUS COAST HIGHWAY,, ,I,CENTREWAY ROAD,201440558,04/06/2014,Wed,103,DA,CE2,103A 111A 131A ,,E,D,DO,F ,T,T,R,50,0,0,0,,,1751970,5948550
Auckland,HIBISCUS COAST HIGHWAY,250,E, ,EAST COAST ROAD,201449198,28/11/2014,Fri,1610,JA,BE14,308B 387B 930 ,,R,D,BF,F ,D,N,C,70,0,0,0,,,1749716,5945910
Auckland,HIBISCUS COAST HIGHWAY,150,W, ,EAST COAST ROAD,201445851,13/10/2014,Mon,1730,MO,CW1C,330B 371B ,,E,D,B ,F , , ,P,80,0,0,0,,,1749347,5945763
Auckland,HIBISCUS COAST HIGHWAY,260,W, ,EAST COAST ROAD,201414132,06/06/2014,Fri,1835,JA,ME1C,308B 375B 930 ,,R,W,DO,L ,D,N,P,80,0,0,1,,,1749247,5945716
Auckland,HIBISCUS COAST HIGHWAY,, ,I,EAST COAST ROAD,201439757,13/06/2014,Fri,1746,KA,CN2C,302B 375B ,,R,D,OO,F ,X,G,R,50,0,0,0,,,1749489,5945809
Auckland,HIBISCUS COAST HIGHWAY,, ,I,EAST COAST ROAD,201439758,13/06/2014,Fri,713,KC,TN2C,302A 375A ,,R,D,BF,F ,X,G,C,80,0,0,0,,,1749489,5945809
Auckland,HIBISCUS COAST HIGHWAY,, ,I,EAST COAST ROAD,201400198,06/10/2014,Mon,2119,LB,CW1V,103A 112A 303B ,IPS,R,D,DO,F ,X,T,R,80,1,0,1,,,1749489,5945809
Auckland,HIBISCUS COAST HIGHWAY,130,S, ,EMPIRE ROAD,201431602,02/01/2014,Thu,1605,FC,CS1CC,331A 352A 181B ,,R,D,B ,F , , ,C,50,0,0,0,,,1751935,5949075
Auckland,HIBISCUS COAST HIGHWAY,, ,I,FLORENCE AVENUE,201434594,18/04/2014,Fri,40,DB,CN1,103A ,R,R,W,DO,F ,R,G,R,50,0,0,0,,,1751658,5949824
Auckland,HIBISCUS COAST HIGHWAY,, ,I,GREENVIEW LANE,201434715,28/04/2014,Mon,1645,FD,VN1CC,181A 181C ,,E,W,BF,L ,T,N,C,80,0,0,0,,,1750936,5947223
Auckland,HIBISCUS COAST HIGHWAY,, ,I,HAMMOND AVENUE,201418536,04/12/2014,Thu,710,JA,CN1C,301B ,,E,D,OF,F ,T,S,L,70,0,0,1,,,1751355,5951610
Auckland,HIBISCUS COAST HIGHWAY,1250,N, ,HATFIELDS BR,201440343,11/06/2014,Wed,2230,EC,CN1,915,W,R,D,DN,F , , ,C,80,0,0,0,,,1752763,5953075
Auckland,HIBISCUS COAST HIGHWAY,100,N, ,HILLCREST ROAD,201416167,23/09/2014,Tue,2040,DB,CS1,131A 358A 400A ,C,E,D,DO,F , , ,P,70,0,0,1,,,1751413,5951489
Auckland,HIBISCUS COAST HIGHWAY,, ,I,MOANA AVENUE,201431769,17/01/2014,Fri,1101,DA,CE2,131A 423A 507A ,P,E,D,B ,FS,T,G,C,30,0,0,0,,,1751740,5949695
Auckland,HIBISCUS COAST HIGHWAY,10,N, ,MOENUI AVENUE,201438380,31/05/2014,Sat,1620,FA,CS1T,350A ,,R,D,O ,F ,T,G,C,50,0,0,0,,,1751808,5949492
Auckland,HIBISCUS COAST HIGHWAY,20,N, ,MOENUI AVENUE,201448668,04/12/2014,Thu,1215,MO,CS1C,386A ,M,R,D,B ,F , , ,C,50,0,0,0,,,1751805,5949502
Auckland,HIBISCUS COAST HIGHWAY,140,N, ,OLD NORTH ROAD,201441417,28/07/2014,Mon,800,FD,CN1C,181A 363A 902 ,,E,D,B ,F , ,N,N,50,0,0,0,,,1751374,5951106
Auckland,HIBISCUS COAST HIGHWAY,200,S, ,OLD NORTH ROAD,201437017,20/02/2014,Thu,1010,MC,CS1C,372B ,,E,D,O ,F , , ,C,50,0,0,0,,,1751289,5950831
Auckland,HIBISCUS COAST HIGHWAY,, ,A,OREWA RIV BR,201415172,20/08/2014,Wed,1648,BE,CN1C,501A ,,R,D,O ,F , , ,C,50,0,0,2,,,1751829,5948171
Auckland,HIBISCUS COAST HIGHWAY,1000,N, ,OTANERUA ROAD,201446595,27/10/2014,Mon,1000,AC,4N1CC,159A 330A 191B 197B ,,M,D,B ,F , , ,L,80,0,0,0,,,1751972,5952788
Auckland,HIBISCUS COAST HIGHWAY,2500,N, ,OTANERUA ROAD,201450532,20/12/2014,Sat,700,DB,CN1,131A 801 ,F,E,W,DN,L , , ,L,80,0,0,0,,,1752704,5953690
Auckland,HIBISCUS COAST HIGHWAY,30,S, ,PURIRI AVENUE,201418551,19/12/2014,Fri,1235,PC,CE1E,103A 308A 925 ,,R,D,BF,F ,D,N,C,50,0,0,1,96,,1751347,5950658
Auckland,HIBISCUS COAST HIGHWAY,100,W, ,RIVER ROAD,201435410,03/05/2014,Sat,1645,FD,CW1CV,181A ,,R,D,OF,F , ,N,C,50,0,0,0,,,1751384,5947778
Auckland,HIBISCUS COAST HIGHWAY,20,N, ,RIVERSIDE ROAD,201431239,05/02/2014,Wed,1930,EE,CN1C,129A ,M,R, , F,  , ,N,N,50,0,0,0,,,1751838,5949403
Auckland,HIBISCUS COAST HIGHWAY,, ,I,SILVERDALE OFF NBD,201438919,19/06/2014,Thu,610,HA,CW1C,302A 375A ,,E,D,BF,F ,R,G,C,80,0,0,0,,,1748643,5945410
Auckland,HIBISCUS COAST HIGHWAY,10,E, ,SILVERDALE OFF SBD,201442656,17/06/2014,Tue,830,FE,4W1T4,181A ,,R,W,BF,L ,M,T,C,80,0,0,0,,,1748798,5945454
Auckland,HIBISCUS COAST HIGHWAY,40,E, ,SILVERDALE ON SBD,201446582,23/10/2014,Thu,853,AC,CS1C,159A 330A ,,R,D,B ,F , , ,P,50,0,0,0,,,1748900,5945501
Auckland,HIBISCUS COAST HIGHWAY,50,E, ,SILVERDALE ON SBD,201430059,03/01/2014,Fri,1917,QG,40,130A 429A ,G,R, , F,F , ,N,C,80,0,0,0,,,1748909,5945506
Auckland,HIBISCUS COAST HIGHWAY,50,N, ,SILVERDALE ST,201436594,10/05/2014,Sat,1032,AC,CN1C,372A 402A 671A ,HT,R,D,B ,F , , ,C,80,0,0,0,,,1749986,5946121
Auckland,HIBISCUS COAST HIGHWAY,20,W, ,SILVERDALE ST,201437367,22/05/2014,Thu,1409,AA,TE1C,372A 671A ,,R,D,OF,F ,X,G,R,80,0,0,0,,,1749933,5946076
Auckland,HIBISCUS COAST HIGHWAY,100,W, ,SILVERDALE ST,201443134,01/07/2014,Tue,847,AC,CE1C,372A ,,R,W,O ,F , , ,N,80,0,0,0,,,1749870,5946026
Auckland,HIBISCUS COAST HIGHWAY,, ,I,SILVERDALE ST,201416831,09/11/2014,Sun,1429,LB,CE1C,303B 375B ,,R,D,B ,F ,X,G,R,70,0,0,2,,,1749948,5946088
Auckland,HIBISCUS COAST HIGHWAY,, ,I,SILVERDALE ST,201434397,21/03/2014,Fri,1719,LB,CN1C,303B ,,R,D,B ,F ,X,G,C,80,0,0,0,,,1749948,5946088
Auckland,HIBISCUS COAST HIGHWAY,, ,I,TAVERN ROAD,201440345,03/07/2014,Thu,900,LB,CW1T,303B 382B ,,R,W,O ,F ,X,G,R,80,0,0,0,,,1749956,5946079
Auckland,HIBISCUS COAST HIGHWAY,150,N, ,TITAN PLACE,201434396,19/03/2014,Wed,1654,AA,CN14,184A ,,R,D,B ,F , , ,R,80,0,0,0,,,1750489,5946516
Auckland,HIBISCUS COAST HIGHWAY,60,W, ,TITAN PLACE,201440346,02/07/2014,Wed,1125,AA,CE1C,372A 801 ,,E,W,O ,L , , ,R,80,0,0,0,,,1750315,5946399
Auckland,HIBISCUS COAST HIGHWAY,100,W, ,TITAN PLACE,201435206,20/04/2014,Sun,1424,KA,CW1C,308B 922 ,,R,W,O ,F ,D,N,R,80,0,0,0,,,1750280,5946380
Auckland,HIBISCUS COAST HIGHWAY,30,N, ,WAINUI ROAD,201441761,08/08/2014,Fri,1125,AA,CN1C,372A ,,R,D,O ,F ,T,G,R,80,0,0,0,,,1750251,5946364
Auckland,HIBISCUS COAST HIGHWAY,150,W, ,WAINUI ROAD,201418205,12/12/2014,Fri,1430,FD,VN1C,181A ,,R,D,O ,F , , ,R,70,0,0,1,,,1750114,5946251
Auckland,HIBISCUS COAST HIGHWAY,, ,A,WAIWERA OBR,201447168,18/09/2014,Thu,1733,DB,4S1,103A 131A 801 ,CG,M,W,O ,L , , ,C,80,0,0,0,,,1752455,5954453
Auckland,HIBISCUS COAST HIGHWAY,200,S, ,WAIWERA ROAD,201441005,27/07/2014,Sun,1530,BB,CN1C,129A ,,E,D,OF,F , ,N,L,100,0,0,0,,,1752453,5954415
Auckland,HIBISCUS COAST HIGHWAY,200,S, ,WAIWERA ROAD,201435459,09/05/2014,Fri,1312,DB,4N1,111A 514A ,G,M,W,O ,F , ,N,C,80,0,0,0,,,1752453,5954415
Auckland,HIBISCUS COAST HIGHWAY,220,S, ,WAIWERA ROAD,201440257,07/07/2014,Mon,1641,DB,CN1,131A 404A 407A 801 ,G,M,W,O ,L , , ,L,80,0,0,0,,,1752459,5954396
Auckland,HIBISCUS COAST HIGHWAY,10,N, ,WEITI ROAD,201413236,30/05/2014,Fri,1821,FC,MN1E,306A 376A ,,R,D,DO,F ,T,N,R,50,0,1,1,68,,1751950,5949016
Auckland,HIBISCUS COAST HIGHWAY,20,S, ,WEITI ROAD,201435507,18/04/2014,Fri,854,EA,CN1C,129A 410A ,M,R,D,B ,F , , ,P,50,0,0,0,,,1751958,5948987
Auckland,HIBISCUS COAST HIGHWAY,110,S, ,WEITI ROAD,201444546,18/09/2014,Thu,1952,DB,CN1CC,131A 352A ,M,M,W,DO,L , , ,C,50,0,0,0,,,1751980,5948900
Auckland,HIBISCUS COAST HIGHWAY,750,S, ,WERANUI ROAD,201436779,29/05/2014,Thu,1640,DB,CN1,110A 404A ,,M,W,TF,F , ,N,L,80,0,0,0,,,1752661,5953983
Auckland,HIBISCUS COAST HIGHWAY,60,N, ,WEST HOE ROAD,201440566,22/07/2014,Tue,1005,FA,CN1C,184A ,,R,D,O ,F , , ,C,50,0,0,0,,,1751444,5950361
Auckland,HIBISCUS COAST HIGHWAY,, ,I,WEST HOE ROAD,201441392,11/08/2014,Mon,1254,DB,TN1,129A 386A ,KS,S,D,B ,F ,T,T,C,50,0,0,0,,,1751462,5950303
Auckland,HIBISCUS COAST HIGHWAY,, ,I,WEST HOE ROAD,201432674,29/03/2014,Sat,831,LB,CN1C,303B 375B ,,R,D,B ,F ,T,T,C,50,0,0,0,,,1751462,5950303
Auckland,HIBISCUS COAST HIGHWAY,30,S, ,WHANGAPARAOA ROAD,201432117,11/03/2014,Tue,1620,AA,CN1C,372A ,,R,D,B ,F , ,N,C,50,0,0,0,,,1750687,5946668
Auckland,HIBISCUS COAST HIGHWAY,150,S, ,WHANGAPARAOA ROAD,201411795,17/03/2014,Mon,1635,FD,4N1CV,181A 181B ,,R,D,O ,F , , ,C,80,0,0,2,,,1750596,5946591
Auckland,HIBISCUS COAST HIGHWAY,100,W, ,WHANGAPARAOA ROAD,201447167,03/11/2014,Mon,752,FD,CS1C,110A 181A 331A ,,R,D,O ,F , , ,L,50,0,0,0,,,1750636,5946621
Auckland,HIBISCUS COAST HIGHWAY,, ,I,WHANGAPARAOA ROAD,201437838,10/06/2014,Tue,1230,GD,CN1C,181A ,,R,D,B ,F ,X,G, ,50,0,0,0,,,1750709,5946689
Auckland,HIBISCUS COAST HIGHWAY,, ,I,WHANGAPARAOA ROAD,201443360,26/07/2014,Sat,158,LB,XS1C,322B 334B 350B ,,R,W,DO,L ,M,T,R,80,0,0,0,,,1750709,5946689
Auckland,HIBISCUS COAST HIGHWAY,, ,I,WHANGAPARAOA ROAD,201442699,18/09/2014,Thu,1154,FE,CS1C,181A ,,R,D,BF,F ,M,T,C,80,0,0,0,,,1750709,5946689
Auckland,HIBISCUS COAST HIGHWAY,, ,I,WHANGAPARAOA ROAD,201449478,24/12/2014,Wed,615,LB,BS14,303B 323B ,,R,D,O ,F ,X,T,R,70,0,0,0,,,1750709,5946689
Auckland,HIBISCUS COAST HIGHWAY,, ,I,WHANGAPARAOA ROAD,201417653,07/11/2014,Fri,2105,LB,CN1C,103B 303B 322B ,,R,D,DO,F ,X,T,R,70,0,0,2,,,1750709,5946689
Auckland,HIBISCUS COAST HIGHWAY,, ,I,WHANGAPARAOA ROAD,201447045,11/11/2014,Tue,1047,FE,CN1C,428A ,,R,D,BF,F ,X,T,C,80,0,0,0,,,1750709,5946689
Auckland,HIGH ROAD,, ,I,MARLBOROUGH AVENUE,201448012,04/11/2014,Tue,2352,DB,CN1,103A 402A 412A ,T,M,D,DO,F ,T,N,C,50,0,0,0,,,1753704,5927550
Auckland,HIGH ST,20,N, ,CHANCERY ST,201439563,12/06/2014,Thu,1130,EA,CS1C,129A ,M,R,D,O ,F , , ,N,50,0,0,0,,,1757508,5920586
Auckland,HIGH ST,20,W, ,HUTTON ST,201439702,27/06/2014,Fri,1640,QD,VE1,428A 901 ,KP,R,W,DO,H , , ,C,50,0,0,0,,,1764632,5909676
Auckland,HIGH ST,20,N, ,VICTORIA ST EAST,201441029,23/07/2014,Wed,2345,MA,CS1C,373B ,,R,D,DO,  , ,N,N,50,0,0,0,,,1757462,5920413
Auckland,HIGH ST,50,S, ,VULCAN LANE,201442661,03/07/2014,Thu,1605,EA,VS1C,129A ,M,R,D,BF,F , ,N,N,50,0,0,0,,,1757505,5920573
Auckland,HIGHBROOK DRIVE,100,W, ,BUSINESS PARADE NORTH,201440669,25/07/2014,Fri,845,FA,CE1CV,331A 363A 801 ,,R,W,B ,L , , ,C,50,0,0,0,,,1766967,5910548
Auckland,HIGHBROOK DRIVE,, ,I,BUSINESS PARADE NORTH,201436731,25/05/2014,Sun,1550,CB,VE1,129A 358A ,EP,R,D,B ,F ,X,T,C,70,0,0,0,,,1767064,5910534
Auckland,HIGHBROOK DRIVE,, ,I,BUSINESS PARADE NORTH,201416868,12/11/2014,Wed,1300,KB,CE1V,382B ,,R,D,B ,F ,X,T,C,50,0,0,1,,,1767064,5910534
Auckland,HIGHBROOK DRIVE,100,W, ,BUSINESS PARADE SOUTH,201433262,09/01/2014,Thu,1900,BA,CE1C,205A 330A 197B ,I,R,D,BF,F , , ,R,70,0,0,0,,,1766967,5910548
Auckland,HIGHBROOK DRIVE,290,W, ,BUSINESS PARADE SOUTH,201416407,19/09/2014,Fri,537,GA,CW1T,181A 331A 353A 922 ,,R,W,TO,F ,D, ,R,70,0,0,1,,,1766795,5910471