TLANAME,CRASHROAD,CRASHDIST,CRASHDIRN,INTSN,SIDEROAD,CRASHID,CRASHDATE,CRASHDOW,CRASHTIME,MVMT,VEHICLES,CAUSES,OBJECTSSTRUCK,ROADCURVE,ROADWET,LIGHT,WTHRa,JUNCTYPE,TRAFCTRL,ROADMARK,SPDLIM,CRASHFATALCNT,CRASHSEVCNT,CRASHMINCNT,PERSAGE1,PERSAGE2,EASTING,NORTHING
Auckland,HIGHBROOK DRIVE,, ,I,BUSINESS PARADE SOUTH,201450237,24/12/2014,Wed,555,LB,CW1C,303B ,,R,D,OF,F ,X,T,C,50,0,0,0,,,1767064,5910534
Auckland,HIGHBROOK DRIVE,50,W, ,CRYERS ROAD,201437361,06/06/2014,Fri,1121,AC,4E1C,159A 381A ,,R,D,BF,F , ,N,P,50,0,0,0,,,1767781,5910356
Auckland,HIGHBROOK DRIVE,100,E, ,EL KOBAR DRIVE,201447609,18/11/2014,Tue,750,FD,CE1C,181A ,,R,D,BF,F , ,N,R,50,0,0,0,,,1766686,5910410
Auckland,HIGHBROOK DRIVE,400,W, ,EL KOBAR DRIVE,201413087,06/06/2014,Fri,637,DA,CE14,111A 131A 357A ,P,E,D,DO,F , ,N,R,70,0,0,1,,,1766232,5910208
Auckland,HIGHBROOK DRIVE,900,W, ,EL KOBAR DRIVE,201442361,26/08/2014,Tue,730,AA,CN1V,150A 357A 150B 357B ,,E,D,B ,F , ,N,C,70,0,0,0,,,1765868,5909906
Auckland,HIGHBROOK DRIVE,, ,I,EL KOBAR DRIVE,201416891,07/11/2014,Fri,2051,LB,CW1C,103A 112A 303B 322B 334B ,P,R,D,DO,F ,T,T,C,70,0,0,2,,,1766598,5910363
Auckland,HIGHBROOK DRIVE,, ,I,EL KOBAR DRIVE,201448990,17/11/2014,Mon,1222,LB,CW1C,303B 322B ,,R,W,O ,L ,T,T,R,80,0,0,0,,,1766598,5910363
Auckland,HIGHBROOK DRIVE,, ,I,EL KOBAR DRIVE,201448036,18/11/2014,Tue,745,FE,CE1CC,331A 181B ,,R,D,B ,F ,T,T,C,70,0,0,0,,,1766598,5910363
Auckland,HIGHBROOK DRIVE,, ,I,HELLABYS ROAD,201445382,16/06/2014,Mon,1640,LB,4E2C,302A ,,E,D,B ,L ,R,G,R,70,0,0,0,,,1765630,5908850
Auckland,HIGHBROOK DRIVE,350,N, ,HIGHBROOK OFF SBD,201430149,28/01/2014,Tue,1255,AA,TN1C,372A 671A ,,R,D,BF,F , ,N,R,70,0,0,0,,,1765584,5909245
Auckland,HIGHBROOK DRIVE,, ,I,HIGHBROOK OFF SBD,201439095,01/07/2014,Tue,700,HA,4S1C,302A 375A ,,M,D,OF,F ,R,G,R,50,0,0,0,,,1765622,5908907
Auckland,HIGHBROOK DRIVE,, ,I,MAURICE PAYKEL PLACE,201414394,17/06/2014,Tue,738,LB,400000000000000,322A 801 ,SS,R,W,O ,L ,T,T,C,50,0,0,2,,,1767352,5910462
Auckland,HIGHBROOK DRIVE OBR,, ,I,HIGHBROOK ON SBD,201434216,28/02/2014,Fri,1943,KA,4E1C,302A 350A ,,S,D,O ,F ,R,G,C,50,0,0,0,,,1765630,5908850
Auckland,HIGHBROOK ON SBD,, ,I,HELLABYS ROAD,201435224,17/04/2014,Thu,1200,AA,CN2T,372A ,,E,D,B ,F ,R,G,C,60,0,0,0,,,1765615,5908850
Auckland,HIGHBROOK ON SBD,, ,I,ROUNDABOUT,201433398,10/03/2014,Mon,1357,AA,4N2T,350A 372A ,,M,D,BF,F ,R,G,C,50,0,0,0,,,1765593,5908878
Auckland,HIGHBROOK ON SBD,340,N, ,SH 1N,201449566,13/12/2014,Sat,2109,CB,CS1,133A 801 ,T,R,W,DO,L , , ,N,100,0,0,0,,,1765574,5908733
Auckland,HIGHBURY BYPASS,80,W, ,BIRKENHEAD AVENUE,201447836,05/11/2014,Wed,810,JC,4E1C,308A 314A 377A 929 ,,R,D,OF,F ,D,N,P,50,0,0,0,,,1753835,5924813
Auckland,HIGHBURY BYPASS,, ,I,BIRKENHEAD AVENUE,201433248,16/03/2014,Sun,2045,LB,CE1C,322A ,,R,W,DO,L ,X,T,C,50,0,0,0,,,1753915,5924806
Auckland,HIGHBURY BYPASS,, ,I,MAHARA AVENUE,201433195,01/04/2014,Tue,1715,JC,CS2C,302A 902 ,,R,D,B ,F ,T,G,C,50,0,0,0,,,1753552,5924734
Auckland,HIGHBURY ST,15,S, ,VICTOR ST,201440234,28/06/2014,Sat,230,CA,CS1CC,112A 132A 430A 901 ,M,R,W,DO,H , , ,C,50,0,0,0,,,1750896,5915820
Auckland,HIGHLAND PARK DRIVE,5,E, ,AVIEMORE DRIVE,201448620,02/12/2014,Tue,1525,FB,CW1C,331A 358A ,,E,D,B ,F ,T,S,P,50,0,0,0,,,1769807,5914568
Auckland,HIGHLAND PARK DRIVE,10,E, ,AVIEMORE DRIVE,201433396,26/03/2014,Wed,2230,KA,CE1C,302B 353B 377B ,,E,D,DO,F ,T,G,R,50,0,0,0,,,1769818,5914586
Auckland,HIGHLAND PARK DRIVE,, ,I,CROMDALE AVENUE,201432239,21/02/2014,Fri,825,HA,CW1C,321B ,,R,D,B ,F ,X,S,R,50,0,0,0,,,1770290,5914345
Auckland,HILL ROAD,, ,I,CLAUDE ROAD,201417277,10/10/2014,Fri,1409,JA,CW1C,302B 375B ,,M,D,B ,F ,T,G,R,50,0,0,1,,,1769182,5901572
Auckland,HILL ROAD,, ,I,CLAUDE ROAD,201430306,09/01/2014,Thu,1720,JA,CE1V,302B 377B 830 ,,R,D,B ,F ,T,G,C,50,0,0,0,,,1769182,5901572
Auckland,HILL ROAD,, ,I,CLAUDE ROAD,201415771,19/09/2014,Fri,1550,JA,CW1C,302B 375B ,,R,D,OF,F ,T,G,C,50,0,0,4,,,1769182,5901572
Auckland,HILL ROAD,80,E, ,GRANDE VUE ROAD,201435449,03/05/2014,Sat,1241,FD,TW1V,181A 352A ,,R,D,B ,F , ,N,C,50,0,0,0,,,1769552,5901796
Auckland,HILL ROAD,, ,I,GRANDE VUE ROAD,201410643,20/02/2014,Thu,630,LB,CE1C,303B 375B ,,R,D,B ,F ,T,G,C,50,0,0,2,,,1769478,5901765
Auckland,HILL ROAD,, ,I,GRANDE VUE ROAD,201444362,13/09/2014,Sat,2015,ND,CW1E,370A 105B 711B 724B 801 ,,S,W,DO,L ,T,G,R,50,0,0,0,,,1769478,5901765
Auckland,HILL ROAD,, ,I,GRANDE VUE ROAD,201414763,25/07/2014,Fri,730,LB,VE1C,303B 375B 801 ,FKF,R,W,O ,L ,T,G,C,50,0,0,2,,,1769478,5901765
Auckland,HILL ROAD,50,W, ,HILLCREST GROVE,201435227,20/04/2014,Sun,233,DA,CE1,111A 131A 402A ,P,M,W,DO,L , , ,C,50,0,0,0,,,1769381,5901715
Auckland,HILL ROAD,50,E, ,HILLSIDE ROAD,201415481,30/07/2014,Wed,2320,CC,CW1,103A 130A 410A ,P,R,W,DO,F , , ,C,50,0,0,2,,,1764482,5905584
Auckland,HILL ROAD,50,E, ,HILLSIDE ROAD,201416131,30/05/2014,Fri,1630,PC,CE1E,330A 371A 929 ,,R,D,B ,F ,D, ,C,50,0,1,0,83,,1764482,5905584
Auckland,HILL ROAD,10,E, ,MANUREWA OFF SBD,201437351,09/06/2014,Mon,1755,FE,CW1C,112A 181A ,,R,W,DO,H ,T,T,C,60,0,0,0,,,1769667,5901842
Auckland,HILL ROAD,, ,I,MANUREWA OFF SBD,201434313,11/04/2014,Fri,1245,JA,CE1C,322B ,,R,D,B ,F ,T,T,C,50,0,0,0,,,1769657,5901839
Auckland,HILL ROAD,150,E, ,NEWHOOK LANE,201437360,10/06/2014,Tue,2330,CB,CE1,136A 651A ,S,R,W,DO,L , ,N,C,50,0,0,0,,,1768830,5901204
Auckland,HILL ROAD,260,E, ,NEWHOOK LANE,201430308,12/01/2014,Sun,1215,DA,CS1,110A 131A ,T,M,D,O ,F , ,N,C,50,0,0,0,,,1768925,5901255
Auckland,HILL ROAD,, ,I,NEWHOOK LANE,201438905,02/07/2014,Wed,1715,JC,CN2C,302A 375A ,,E,D,BF,F ,T,G,C,50,0,0,0,,,1768692,5901146
Auckland,HILL ROAD,10,E, ,NORM PELLOW DRIVE,201414766,30/07/2014,Wed,1830,FA,CE1C,331A 501A ,,R,D,TO,F ,T,G,C,50,0,0,1,,,1769812,5901900
Auckland,HILL ROAD,40,E, ,NORM PELLOW DRIVE,201414562,04/07/2014,Fri,1602,NB,VW1E,713B 732B ,,R,D,TF,F , , ,P,50,0,1,0,12,,1769840,5901912
Auckland,HILL ROAD,80,E, ,NORM PELLOW DRIVE,201449876,13/12/2014,Sat,1330,FD,CW1CC,331A 358A ,,R,D,BF,F , ,N,P,50,0,0,0,,,1769877,5901927
Auckland,HILL ROAD,, ,I,STEWART GIBSON PLACE,201430496,31/01/2014,Fri,1710,JA,CW1C,302B 375B ,,E,D,O ,F ,T,G,P,50,0,0,0,,,1770263,5902082
Auckland,HILL ROAD,, ,I,WAIRERE ROAD,201438915,21/06/2014,Sat,1525,DA,CN1C,122A 410A ,M,E,D,BF,F ,T,G,C,50,0,0,0,,,1770706,5902411
Auckland,HILL ROAD,20,W, ,WHITBOURNE HEIGHTS,201431003,05/02/2014,Wed,1715,FD,CE1C,133A 181A ,,R,D,B ,F ,T,N,C,60,0,0,0,,,1769627,5901827
Auckland,HILL ST,50,S, ,GREY ST,201449946,25/12/2014,Thu,130,EA,CS1C,129A 330A ,M,R,D,DO,F , , ,C,50,0,0,0,,,1758586,5912593
Auckland,HILL ST,120,S, ,PRINCES ST,201434907,20/01/2014,Mon,2100,DA,4S1,129A 927 ,H,R,D,DN,F ,D,N,C,50,0,0,0,,,1758650,5911794
Auckland,HILLCREST AVENUE,60,N, ,HOLLAND ROAD,201417287,27/10/2014,Mon,2315,DA,CN1,131A 412A 423A 801 ,C,M,W,DO,L , , ,C,50,0,0,1,,,1755145,5927004
Auckland,HILLCREST AVENUE,100,S, ,HOLLAND ROAD,201444377,02/08/2014,Sat,1814,BA,VS1C,129A 330A ,,R,D,DO,F , , ,C,50,0,0,0,,,1755249,5926883
Auckland,HILLCREST AVENUE,40,N, ,SYLVIA ROAD,201441354,30/07/2014,Wed,1700,EA,CS1C,129A 353A 386A 818 ,M,R,D,B ,F , , ,C,50,0,0,0,,,1755406,5926716
Auckland,HILLCREST ROAD,40,W, ,BEAUFORT PLACE,201436640,10/05/2014,Sat,815,EA,CE1C,386A ,M,R,D,O ,F , ,N,C,50,0,0,0,,,1764164,5905507
Auckland,HILLCREST ROAD,, ,I,FERNDOWN AVENUE,201413113,16/05/2014,Fri,2215,EA,CN1C,129A 331A 351A ,M,R,D,DO,F ,T,G,C,50,0,0,2,,,1763673,5905337
Auckland,HILLCREST ROAD,50,S, ,HILL ROAD,201448197,23/10/2014,Thu,2310,EA,CS14C,102A 410A ,M,R,D,DO,F , , ,C,50,0,0,0,,,1764280,5905594
Auckland,HILLCREST ROAD,, ,I,SUMNER ST,201431273,26/02/2014,Wed,810,KB,VN1C,302B 375B ,,R,D,BF,F ,X,G,C,50,0,0,0,,,1764025,5905416
Auckland,HILLS ROAD,10,S, ,BERRETT PLACE,201441396,15/06/2014,Sun,2200,MG,CN1C,512A 514A 517A ,,R,D,DO,F ,T,N,C,50,0,0,0,,,1767693,5908583
Auckland,HILLS ROAD,20,N, ,WILLIAMS CRESCENT N,201414189,22/01/2014,Wed,1944,NA,CN1E,712B 713B 727B ,,R,D,OF,F , ,N,C,50,0,0,1,8,,1767672,5908499
Auckland,HILLS ROAD,50,N, ,WILLIAMS CRESCENT S,201441395,15/06/2014,Sun,2154,EA,CN1C,110A 129A 514A 517A ,Q,E,D,DO,F , , ,C,50,0,0,0,,,1767617,5908279
Auckland,HILLSBOROUGH OFF EBD,5,W, ,HILLSBOROUGH ROAD,201435601,19/04/2014,Sat,1225,GA,CE1C,181A 331A ,,E,D,B ,F ,X,G,R,50,0,0,0,,,1756629,5912849
Auckland,HILLSBOROUGH OFF WBD,20,E, ,HILLSBOROUGH ROAD,201430936,15/02/2014,Sat,1734,FE,CW1C,181A 410A ,,E,D,BF,F , ,T,N,50,0,0,0,,,1756625,5912776
Auckland,HILLSBOROUGH OFF WBD,100,W, ,SH 20,201441056,04/08/2014,Mon,653,FA,XW1C,181A ,,R,W,DO,F , ,N,P,100,0,0,0,,,1756825,5912719
Auckland,HILLSBOROUGH ROAD,150,S, ,ALDERSGATE ROAD,201414619,12/02/2014,Wed,930,BF,CN1C,110A 131A 801 ,,M,W,O ,L , , ,C,50,0,0,1,,,1755611,5911609
Auckland,HILLSBOROUGH ROAD,, ,I,ALEX BOYD LINK,201440233,27/06/2014,Fri,743,JA,CN1C,301B 375B ,,R,W,B ,F ,T,S,C,50,0,0,0,,,1755847,5911792
Auckland,HILLSBOROUGH ROAD,, ,I,BELFAST ST,201412256,06/05/2014,Tue,1807,FD,CE1CC,181A 331A ,,E,W,DO,F ,T,N,C,50,0,0,1,,,1756360,5912405
Auckland,HILLSBOROUGH ROAD,15,N, ,CARLTON ST,201444137,29/09/2014,Mon,1615,FF,CN1C,331A 358A ,,R,D,OF,F , ,N,C,50,0,0,0,,,1756548,5912562
Auckland,HILLSBOROUGH ROAD,, ,I,CARR ROAD,201438938,25/06/2014,Wed,1720,FE,CN1C,331A 387A ,,R,W,DO,L ,T,T,C,50,0,0,0,,,1756713,5913070
Auckland,HILLSBOROUGH ROAD,, ,I,CARR ROAD,201444871,12/11/2014,Wed,2240,JA,CN1C,322A ,,R,D,DO,F ,T,T,C,50,0,0,0,,,1756713,5913070
Auckland,HILLSBOROUGH ROAD,, ,I,CARR ROAD,201430923,28/01/2014,Tue,1935,FE,CN1C,181A ,,R,D,BF,F ,T,T,C,50,0,0,0,,,1756713,5913070
Auckland,HILLSBOROUGH ROAD,, ,I,CARR ROAD,201436200,08/05/2014,Thu,1510,GO,CN1B,386B ,,R,D,B ,F ,X,T,C,50,0,0,0,,,1756713,5913070
Auckland,HILLSBOROUGH ROAD,, ,I,CARR ROAD,201444703,13/08/2014,Wed,1900,FE,CN1C,331A ,,R,D,DO,F ,X,T,C,50,0,0,0,,,1756713,5913070
Auckland,HILLSBOROUGH ROAD,50,N, ,GOODALL ST,201439182,10/06/2014,Tue,340,GD,CN1C,181A 330A 929 ,,R,D,DO,F ,D,N,C,50,0,0,0,,,1756078,5912074
Auckland,HILLSBOROUGH ROAD,, ,I,GRIFFEN PARK ROAD,201417739,22/12/2014,Mon,1818,HA,CW1C,301B 375B ,,R,D,TF,F ,X,S,C,50,0,0,1,,,1753187,5912351
Auckland,HILLSBOROUGH ROAD,, ,I,GRIFFEN PARK ROAD,201438448,23/05/2014,Fri,2005,AO,VS1C,102A 353A 386A 922 ,,R,D,DO,F ,D,N,C,50,0,0,0,,,1753187,5912351
Auckland,HILLSBOROUGH ROAD,15,S, ,HERD ROAD,201446344,12/09/2014,Fri,930,AA,TS1V,381A 671A ,,R,W,BF,L , ,N,C,50,0,0,0,,,1756708,5913056
Auckland,HILLSBOROUGH ROAD,, ,I,HERD ROAD,201438278,09/06/2014,Mon,1500,FD,CS1C,181A ,,R,W,OF,L ,X,T,C,50,0,0,0,,,1756713,5913070
Auckland,HILLSBOROUGH ROAD,5,E, ,HIBISCUS PLACE,201437876,30/04/2014,Wed,1312,GB,CW1C,157A 158A 929 ,,E,D,O ,F ,D,N,C,80,0,0,0,,,1755004,5911463
Auckland,HILLSBOROUGH ROAD,100,E, ,HIBISCUS PLACE,201438904,20/06/2014,Fri,2020,MD,CW1C,371B 930 ,,E,D,DO,F ,D,N,C,50,0,0,0,,,1755091,5911431
Auckland,HILLSBOROUGH ROAD,, ,I,HILLSBOROUGH OFF EBD,201450979,01/07/2014,Tue,543,AA,CN1V,330B 372B 801 ,,R,W,DO,L ,X,T,C,100,0,0,0,,,,
Auckland,HILLSBOROUGH ROAD,, ,I,HILLSBOROUGH OFF WBD,201449129,24/11/2014,Mon,1152,JA,CS1C,322B ,,R,D,BF,F ,X,T,R,50,0,0,0,,,1756606,5912781
Auckland,HILLSBOROUGH ROAD,100,N, ,JAMES TYLER CRESCENT,201412182,05/03/2014,Wed,1137,BE,CN14,130A 130B 801 901 ,,R,W,O ,H , , ,C,50,0,0,1,,,1754040,5911588
Auckland,HILLSBOROUGH ROAD,100,S, ,JAMES TYLER CRESCENT,201443894,30/04/2014,Wed,1520,AC,CS1V,372A ,,R,D,BF,F , ,N,C,50,0,0,0,,,1754173,5911439
Auckland,HILLSBOROUGH ROAD,20,N, ,LITTLEJOHN ST,201437167,24/05/2014,Sat,1530,MO,CN1C,371B ,,E,D,BF,F , ,N,C,50,0,0,0,,,1756582,5912599
Auckland,HILLSBOROUGH ROAD,, ,I,MARIE AVENUE,201435821,23/03/2014,Sun,1500,LB,CN1C,303B 375B 929 ,,R,D,BF,F ,D,N,C,50,0,0,0,,,1756812,5913405
Auckland,HILLSBOROUGH ROAD,200,W, ,MOUNT ALBERT ROAD,201442875,27/08/2014,Wed,1215,PE,CS1E,129A 720B ,,R,D,B ,F , ,N,C,50,0,0,0,,,1756890,5913588
Auckland,HILLSBOROUGH ROAD,, ,I,MOUNT ALBERT ROAD,201438738,25/06/2014,Wed,400,CA,CW2,410A ,IS,R,D,DO,F ,X,T,R,50,0,0,0,,,1757006,5913751
Auckland,HILLSBOROUGH ROAD,200,S, ,OLSEN AVENUE,201440661,21/06/2014,Sat,710,CC,VS1,412A ,FP,R,D,O ,F , , ,C,50,0,0,0,,,1756136,5912162
Auckland,HILLSBOROUGH ROAD,, ,I,OLSEN AVENUE,201412268,14/05/2014,Wed,1918,NB,CE1E,711B 719B 724B ,,R,W,DO,L ,T,S,C,50,0,1,0,85,,1756257,5912320
Auckland,HILLSBOROUGH ROAD,, ,I,OLSEN AVENUE,201440603,15/07/2014,Tue,1040,GD,VS1C,387A 404A ,,R,D,B ,F ,T,S,C,50,0,0,0,,,1756257,5912320
Auckland,HILLSBOROUGH ROAD,, ,I,QUONA AVENUE,201443081,29/08/2014,Fri,1030,AC,CW1C,372A ,,M,D,B ,F ,T,S,P,50,0,0,0,,,1754811,5911419
Auckland,HILLSBOROUGH ROAD,, ,I,QUONA AVENUE,201432396,14/02/2014,Fri,1335,MC,CE1C,372B ,,E,D,O ,F ,T,S,C,50,0,0,0,,,1754811,5911419
Auckland,HILLSBOROUGH ROAD,100,N, ,THE AVENUE,201438648,02/06/2014,Mon,2011,CB,CN1,130A ,P,R,D,DO,F , , ,C,50,0,0,0,,,1753510,5912064
Auckland,HILLSBOROUGH ROAD,, ,I,WHITMORE ROAD,201438943,23/06/2014,Mon,815,JA,ME14,302B 353B 377B ,,R,D,OF,F ,T,G,C,50,0,0,0,,,1755371,5911469
Auckland,HILLSIDE ROAD,50,N, ,BENDALE PLACE,201415326,30/08/2014,Sat,1830,EA,CN1CCC,103A 131A ,FM,E,W,DO,F , ,N,C,50,0,0,1,,,1763900,5904826
Auckland,HILLSIDE ROAD,50,N, ,BENDALE PLACE,201440912,04/08/2014,Mon,800,EA,CE1C,129A ,M,S,D,BF,F , ,N,C,50,0,0,0,,,1763900,5904826
Auckland,HILLSIDE ROAD,180,E, ,DIANA DRIVE,201435308,05/05/2014,Mon,654,DA,TE1,111A 131A ,K,M,W,O ,F , , ,C,50,0,0,0,,,1754683,5928433
Auckland,HILLSIDE ROAD,270,E, ,DIANA DRIVE,201437859,23/04/2014,Wed,123,DA,CW1,111A 131A ,FKX,M,W,DO,F , ,N,C,50,0,0,0,,,1754747,5928383
Auckland,HILLSIDE ROAD,15,N, ,SUMNER ST,201436536,13/05/2014,Tue,810,EA,CN1V,129A 130A 363A 902 ,M,R,W,B ,F , , ,C,50,0,0,0,,,1764104,5905330
Auckland,HILLSIDE ROAD,, ,I,WAIRAU ROAD,201444102,19/09/2014,Fri,1400,FB,CE1C,181A ,,R,D,OF,F ,X,G,C,50,0,0,0,,,1755388,5928957
Auckland,HILLSIDE ROAD,100,E, ,WALTERS ROAD,201433281,23/03/2014,Sun,630,EA,CE1C,129A ,M,R,D,DO,F , ,N,C,50,0,0,0,,,1764655,5911207
Auckland,HILLVIEW ROAD,350,S, ,ARARIMU ROAD,201442405,06/08/2014,Wed,810,DA,CN1,111A 135A 801 ,C,E,W,ON,L , ,N,C,100,0,0,0,,,1775130,5887160
Auckland,HINAU ROAD,480,S, ,SCHOOL ROAD,201435203,12/04/2014,Sat,1950,DA,CN1,111A 131A ,,E,D,DN,F , , ,N,100,0,0,0,,,1732546,5927335
Auckland,HINEMOA ST,80,N, ,AWANUI ST,201416658,22/10/2014,Wed,732,MC,SS1C,355B 381B ,,E,W,O ,F , , ,C,50,0,0,1,,26,1754872,5923752
Auckland,HINEMOA ST,80,S, ,AWANUI ST,201432998,18/03/2014,Tue,1759,DB,CN14C,111A 131A 402A ,M,M,D,B ,F , , ,C,50,0,0,0,,,1754945,5923624
Auckland,HINEMOA ST,5,E, ,RAWENE ROAD,201430650,23/01/2014,Thu,1501,EA,BS1C,386A ,M,E,D,B ,F ,T,N,C,50,0,0,0,,,1753995,5924552
Auckland,HINGAIA ROAD,150,W, ,HARBOURSIDE DRIVE,201449872,25/12/2014,Thu,38,DA,CE1,136A ,F,E,D,DO,F , ,N,P,70,0,0,0,,,1771011,5895129
Auckland,HINGAIA ROAD,, ,I,HARBOURSIDE DRIVE,201416587,03/09/2014,Wed,1136,FE,CE1V,181A ,,R,D,OF,F ,T,T,C,50,0,0,1,,,1771157,5895164
Auckland,HINGAIA ROAD,, ,I,HARBOURSIDE DRIVE,201446557,10/10/2014,Fri,1935,FE,CW1C,181A 191B ,,R,D,DO,F ,X,T,R,70,0,0,0,,,1771157,5895164
Auckland,HINGAIA ROAD,, ,I,HARBOURSIDE DRIVE,201439334,25/06/2014,Wed,1914,LB,CE1C,322A 334A 350A ,,R,W,DO,F ,X,T,C,70,0,0,0,,,1771157,5895164
Auckland,HINGAIA ROAD,20,E, ,OAKLAND ROAD,201441896,04/08/2014,Mon,846,FD,4E1C44,331A 358A 645A 902 ,,R,D,B ,F , , ,C,70,0,0,0,,,1769963,5894440
Auckland,HINGAIA ROAD,100,N, ,OAKLAND ROAD,201433695,18/03/2014,Tue,820,FD,CS1CC,181A 331A 402A ,,R,D,BF,F , ,N,C,70,0,0,0,,,1770029,5894485
Auckland,HINGAIA ROAD,, ,I,PAPAKURA OFF NBD,201411565,09/03/2014,Sun,2040,JA,4W1C,103A 322A ,,R,D,DO,F ,T,T,R,50,0,0,1,,,1771337,5895208
Auckland,HINGAIA ROAD,20,W, ,TOWAI ROAD,201431207,07/02/2014,Fri,931,QG,TE1,131A ,C,M,D,BF,F , ,N,L,70,0,0,0,,,1769591,5894186
Auckland,HOBBY AVENUE,150,W, ,ESKDALE ROAD,201430471,26/01/2014,Sun,2200,EA,CN1C,386A ,M,R,D,DO,F , ,N,N,50,0,0,0,,,1753061,5926053
Auckland,HOBSON ON SBD,30,N, ,SH 1N,201435767,15/05/2014,Thu,1456,AO,CS1C,130A 150A 330A 381B ,G,R,D,B ,F , , ,N,80,0,0,0,,,1756641,5919670
Auckland,HOBSON ON SBD,40,N, ,SH 1N,201435895,01/05/2014,Thu,1900,AA,CS1C,372A ,,E,D,DO,F , ,N,C,80,0,0,0,,,1756645,5919679
Auckland,HOBSON ROAD,180,S, ,DAIRY FLAT HIGHWAY,201442894,04/09/2014,Thu,1314,DB,CN1,111A 198A 402A ,C,M,D,B ,F , ,N,C,50,0,0,0,,,1749862,5934989
Auckland,HOBSON ST,20,N, ,COOK ST,201410355,22/01/2014,Wed,1624,FD,VS1CCC,181A ,,R,D,BF,F , ,N,N,50,0,0,1,,,1756910,5920156
Auckland,HOBSON ST,10,S, ,COOK ST,201414601,03/07/2014,Thu,1707,NA,CS1E,712B 713B 801 ,,R,W,TF,L ,X,T,C,50,0,0,1,21,,1756896,5920129
Auckland,HOBSON ST,20,S, ,COOK ST,201448492,21/11/2014,Fri,1655,NA,CS1E,713B ,,R,D, F,  , ,N,N,50,0,0,0,,,1756891,5920120
Auckland,HOBSON ST,30,S, ,COOK ST,201433702,04/03/2014,Tue,1500,AA,CS1C,372A ,,R,D,B ,F , , ,N,50,0,0,0,,,1756886,5920112
Auckland,HOBSON ST,50,S, ,COOK ST,201436607,21/03/2014,Fri,2215,GD,CS1C,101A 181A 929 ,,R,D,DO,F ,D,N,C,50,0,0,0,,,1756877,5920094
Auckland,HOBSON ST,, ,I,COOK ST,201442187,23/08/2014,Sat,920,HA,CS1C,322A 334A ,,R,D,O ,F ,X,T,C,50,0,0,0,,,1756900,5920138
Auckland,HOBSON ST,, ,I,COOK ST,201434705,22/04/2014,Tue,1840,FE,CS1C,181A ,,R,D,DO,F ,X,T,N,50,0,0,0,,,1756900,5920138
Auckland,HOBSON ST,, ,I,COOK ST,201412104,15/03/2014,Sat,1128,HA,CS1CC,313B 330B ,,R,W,O ,L ,X,T,C,50,0,0,1,,,1756900,5920138
Auckland,HOBSON ST,15,S, ,KINGSTON ST,201441747,03/07/2014,Thu,1840,FA,CS1C,181A ,,R,D,TF,F , , ,N,50,0,0,0,,,1757094,5920618
Auckland,HOBSON ST,30,S, ,NICHOLAS ST,201416298,14/10/2014,Tue,1616,NB,XS1E,503B 711B ,,R,D,O ,F , , ,C,50,0,1,0,30,,1756822,5919991
Auckland,HOBSON ST,, ,I,NICHOLAS ST,201431168,04/03/2014,Tue,2125,MG,CS1C,371B ,,R,D,DO,F ,T,N,C,50,0,0,0,,,1756836,5920017
Auckland,HOBSON ST,, ,I,NICHOLAS ST,201433197,30/03/2014,Sun,10,GC,BS1C,372B ,,R,D,DO,F ,T,N,C,50,0,0,0,,,1756836,5920017
Auckland,HOBSON ST,, ,I,NICHOLAS ST,201441408,18/07/2014,Fri,236,KB,CS1C,201B 330B ,,R,D,DO,F ,T,N,C,50,0,0,0,,,1756836,5920017
Auckland,HOBSON ST,20,S, ,PACIFIC PLACE,201433582,12/03/2014,Wed,1320,AC,CS1C,372A ,,R,D,BF,F , ,N,R,50,0,0,0,,,1756965,5920276
Auckland,HOBSON ST,15,N, ,PITT ST,201447548,01/11/2014,Sat,2244,MD,CS1C,101B 330B 371B 926 ,,R,D,DO,F ,D, ,P,50,0,0,0,,,1756766,5919887
Auckland,HOBSON ST,15,N, ,PITT ST,201432851,21/02/2014,Fri,2215,AC,CS1C,372A ,,R,D,DO,F , , ,C,60,0,0,0,,,1756766,5919887
Auckland,HOBSON ST,, ,I,SWANSON ST,201447820,16/11/2014,Sun,1800,GB,4S1C,333A ,,R,D,BF,F ,T,T,N,50,0,0,0,,,1757172,5920821
Auckland,HOBSON ST,15,N, ,UNION ST,201440228,25/06/2014,Wed,1705,FE,CS1C,331A ,,E,D,O ,F ,X,T,C,50,0,0,0,,,1756766,5919887
Auckland,HOBSON ST,15,N, ,UNION ST,201433706,12/03/2014,Wed,1620,FD,CS1C,181A ,,R,D,B ,F , , ,L,50,0,0,0,,,1756766,5919887
Auckland,HOBSON ST,150,N, ,UNION ST,201411965,21/02/2014,Fri,1645,NB,CS1E,711B 712B ,,R,D,BF,F , ,N,C,50,0,0,1,9,,1756830,5920006
Auckland,HOBSON ST,, ,I,UNION ST,201441054,26/07/2014,Sat,1205,HA,CE2C,322A ,,R,D,BF,F ,X,T,R,50,0,0,0,,,1756759,5919874
Auckland,HOBSON ST,25,N, ,VICTORIA ST WEST,201418703,27/11/2014,Thu,2259,NB,CS1E,105B 711B 724B ,,R,D,DO,F , , ,C,50,0,0,1,43,,1757074,5920566
Auckland,HOBSON ST,100,N, ,VICTORIA ST WEST,201430067,02/01/2014,Thu,,EA,CS1C,129A ,M,R, , F,  , ,N,N,50,0,0,0,,,1757101,5920636
Auckland,HOBSON ST,120,S, ,VICTORIA ST WEST,201448967,10/12/2014,Wed,2030,FD,VN1C,181A ,,R,W,DO,L , , ,C,50,0,0,0,,,1757023,5920430
Auckland,HOBSON ST,, ,I,VICTORIA ST WEST,201448958,20/11/2014,Thu,2330,MA,CW1C,371B ,,R,D,DO,F ,X,T,C,50,0,0,0,,,1757065,5920542
Auckland,HOBSON ST,, ,I,VICTORIA ST WEST,201436642,14/05/2014,Wed,1840,JO,CE1C,512A 517A ,,R,W,DO,F ,T,N,C,50,0,0,0,,,1757065,5920542
Auckland,HOBSON ST,, ,I,VICTORIA ST WEST,201443896,12/08/2014,Tue,2030,GF,CW2C,129A ,,E,W,DO,L ,X,T,N,50,0,0,0,,,1757065,5920542
Auckland,HOBSON ST,, ,I,VICTORIA ST WEST,201449800,07/12/2014,Sun,1851,GF,CE2V,381A ,,R,D,OF,F ,X,T,N,50,0,0,0,,,1757065,5920542