TLANAME,CRASHROAD,CRASHDIST,CRASHDIRN,INTSN,SIDEROAD,CRASHID,CRASHDATE,CRASHDOW,CRASHTIME,MVMT,VEHICLES,CAUSES,OBJECTSSTRUCK,ROADCURVE,ROADWET,LIGHT,WTHRa,JUNCTYPE,TRAFCTRL,ROADMARK,SPDLIM,CRASHFATALCNT,CRASHSEVCNT,CRASHMINCNT,PERSAGE1,PERSAGE2,EASTING,NORTHING
Auckland,HOBSON ST,, ,I,VICTORIA ST WEST,201449068,05/12/2014,Fri,140,MG,CS1C,371B ,,R,D,DO,F ,X,T,N,50,0,0,0,,,1757065,5920542
Auckland,HOBSON ST,, ,I,VICTORIA ST WEST,201448798,29/11/2014,Sat,1500,FE,CW2M,181A ,,R,D,B ,F ,X,T,C,50,0,0,0,,,1757065,5920542
Auckland,HOBSON ST,80,S, ,WELLESLEY ST WEST,201448214,30/11/2014,Sun,1615,FD,CN1C,181A 330A ,,R,D,B ,F , ,N,C,50,0,0,0,,,1756960,5920264
Auckland,HOBSON ST,, ,I,WELLESLEY ST WEST,201437170,26/05/2014,Mon,1915,FE,VW2C,181A ,,R,D,DO,F ,X,T,C,50,0,0,0,,,1756989,5920338
Auckland,HOBSON ST,, ,I,WELLESLEY ST WEST,201445638,07/10/2014,Tue,2230,GF,CS1C,172A ,,E,D,DO,F ,X,T,L,50,0,0,0,,,1756989,5920338
Auckland,HOBSON ST,, ,I,WELLESLEY ST WEST,201438642,01/06/2014,Sun,340,HA,XS1C,322B 355B ,,R,W,DO,L ,X,T,N,50,0,0,0,,,1756989,5920338
Auckland,HOBSONVILLE OFF NBD,50,W, ,16 LINK 18,201436345,03/04/2014,Thu,757,AC,CW1C,372A ,,R,D,BF,F , ,N,N,100,0,0,0,,,1744079,5923694
Auckland,HOBSONVILLE OFF NBD,, ,I,FRED TAYLOR DRIVE,201442416,29/07/2014,Tue,2030,FE,4N1C,103A 331A ,,E,D,DO,F ,T,T,C,60,0,0,0,,,1743922,5924003
Auckland,HOBSONVILLE OFF NBD,10,S, ,HOBSONVILLE ROAD,201435597,30/04/2014,Wed,1215,FD,CN1C,108A 181A 331A ,,R,D,B ,F ,T,G,N,50,0,0,0,,,1743929,5923995
Auckland,HOBSONVILLE ROAD,200,E, ,HENDRIKA COURT,201412876,14/05/2014,Wed,1012,PC,CS1,371A 929 ,,R,W,O ,L ,D, ,C,50,0,0,1,87,,1746130,5925546
Auckland,HOBSONVILLE ROAD,10,S, ,HENDRIKA COURT,201416018,15/07/2014,Tue,1036,AO,CN1C,150A 381A ,,R,D,B ,F ,T,N,C,50,0,0,1,,,1746009,5925374
Auckland,HOBSONVILLE ROAD,20,S, ,SINTON ROAD SOUTH,201418885,23/12/2014,Tue,1637,JA,CE1C,308B 927 ,,R,D,BF,F ,D,N,C,50,0,1,0,,,,
Auckland,HOBSONVILLE ROAD,90,W, ,TRIG ROAD,201436566,16/05/2014,Fri,700,EA,CE1T,129A 130A ,M,R,D,TF,F , , ,C,50,0,0,0,,,1744882,5924314
Auckland,HOBSONVILLE ROAD,, ,I,TRIG ROAD,201417988,13/12/2014,Sat,2021,JA,CE1C,302B ,,R,W,TF,L ,T,G,P,50,0,0,1,,,1744962,5924356
Auckland,HOBSONVILLE ROAD,230,N, ,WESTPARK DRIVE,201414222,17/07/2014,Thu,1711,EA,SN14,129A 350A ,M,R,D,B ,F , ,N,C,50,0,0,1,,25,1745681,5924879
Auckland,HOGANS ROAD,, ,I,GLENFIELD ROAD,201446161,17/09/2014,Wed,1744,HA,CW1C,322B 334B ,,E,D,B ,F ,X,T,R,50,0,0,0,,,1753599,5928808
Auckland,HOGANS ROAD,15,W, ,NORMANTON ST,201432867,06/03/2014,Thu,1900,MA,CW1C,373B ,,R,D,B ,F , , ,C,50,0,0,0,,,1753947,5929088
Auckland,HOGANS ROAD,, ,I,WELDENE AVENUE,201436279,13/05/2014,Tue,900,BB,CN1C,124A 351A ,,R,D,B ,F ,T,G,C,50,0,0,0,,,1753762,5928889
Auckland,HOHIPERE ST,, ,I,SYMONDS ST,201410684,18/02/2014,Tue,,BC,CW1S,122A ,,R,W,B ,F ,T,N,P,50,0,0,1,,29,1756983,5918842
Auckland,HOKONUI ROAD,50,S, ,HAUITI ROAD,201434550,19/04/2014,Sat,2320,MO,CS1C,371A ,M,R,D,DO,F , ,N,C,50,0,0,0,,,1763975,5910467
Auckland,HOLDENS ROAD,290,E, ,FOREST HILL ROAD,201410570,19/01/2014,Sun,1030,DB,CE1,103A 111A 131A ,C,M,D,BF,F , ,N,C,50,0,0,1,,,1743791,5914378
Auckland,HOLLY ST,550,S, ,EASTDALE ROAD,201436876,23/03/2014,Sun,140,EA,CS1C,102A 129A 412A ,M,R,D,DO,F , , ,C,50,0,0,0,,,1750843,5916286
Auckland,HOLLYFORD DRIVE,100,S, ,ASPIRING AVENUE,201437069,29/05/2014,Thu,845,KB,CS1C,929,,E,D,O ,F ,D,N,C,50,0,0,0,,,1768791,5904923
Auckland,HOLLYFORD DRIVE,100,N, ,REDOUBT ROAD,201445097,08/10/2014,Wed,1650,FD,CN1C,181A 330A ,,R,D,B ,F , ,N,C,50,0,0,0,,,1768738,5904645
Auckland,HOLLYFORD DRIVE,, ,I,REDOUBT ROAD,201445513,05/10/2014,Sun,1330,GF,CS1C,129A ,,M,D,O ,F ,X,T,C,50,0,0,0,,,1768750,5904546
Auckland,HOLLYFORD DRIVE,50,S, ,TE IRIRANGI DRIVE,201444610,20/09/2014,Sat,550,BE,CN1C,125A ,,R,W,O ,F , ,N,C,50,0,0,0,,,1768679,5905266
Auckland,HOLMES DRIVE SOUTH,70,W, ,MOIRE ROAD,201448896,04/12/2014,Thu,1815,EA,4W1C,129A ,M,R,D,DO,F , , ,C,50,0,0,0,,,1744592,5922706
Auckland,HOOKS ROAD,190,E, ,COXHEAD ROAD,201430634,03/02/2014,Mon,2100,GE,CE1V,144B 193B 929 ,,R,D,TO,F ,D,N,C,50,0,0,0,,,1768737,5899361
Auckland,HOPETOUN ST,30,W, ,HOWE ST,201437868,30/04/2014,Wed,1706,MG,PE1C,371B ,,R,D,B ,F , ,N,N,50,0,0,0,,,1756400,5919482
Auckland,HOPETOUN ST,5,W, ,ST JAMES ST,201434698,04/03/2014,Tue,1610,FD,CS1C,331A 350A ,,R,D,BF,F ,T,S,L,50,0,0,0,,,1756687,5919652
Auckland,HORLICKS PLACE,, ,I,HYPERION DRIVE,201449493,13/11/2014,Thu,200,DA,CE2C,111A 131A 402A 801 ,FM,R,W,DN,L ,T,N,N,50,0,0,0,,,1770772,5900619
Auckland,HORSESHOE BUSH ROAD,460,W, ,DAIRY FLAT HIGHWAY,201415734,12/08/2014,Tue,1510,NB,VW1E,713B 727B 729B ,,R,W,OF,F , ,N,C,100,0,1,0,8,,1746276,5942421
Auckland,HORSESHOE BUSH ROAD,4000,W, ,DAIRY FLAT HIGHWAY,201450248,22/12/2014,Mon,1400,CB,TW1,129A 330A 350A ,V,R,D,BN,F , ,N,C,100,0,0,0,,,1742973,5942085
Auckland,HORSESHOE BUSH ROAD,, ,I,DAIRY FLAT HIGHWAY,201442581,30/08/2014,Sat,30,DA,CS1,111A 131A ,C,R,W,DO,L ,T,G,P,100,0,0,0,,,1746723,5942512
Auckland,HORSESHOE BUSH ROAD,400,S, ,FORESTRY ROAD,201441185,14/08/2014,Thu,2215,EC,CN1,353A 363A 912 ,W,E, ,DN,  , ,N,N,80,0,0,0,,,1739553,5943461
Auckland,HOSPITAL ROAD,50,S, ,MANGERE ROAD,201411114,20/03/2014,Thu,2130,CA,CS1CC,101A 112A 130A ,M,R,D,DO,F , , ,C,50,0,0,2,,,1763397,5908395
Auckland,HOSPITAL ROAD,, ,I,MANGERE ROAD,201430758,05/01/2014,Sun,1506,BF,CS2C,135A 801 ,,M,W,OF,L ,T,T,R,50,0,0,0,,,1763378,5908440
Auckland,HOSPITAL ROAD,100,E, ,MASSEY ROAD,201444730,29/08/2014,Fri,1344,MA,CW1T,373B ,,R,D,OF,F , ,N,C,50,0,0,0,,,1763406,5908345
Auckland,HOSPITAL ROAD,500,S, ,MASSEY ROAD,201417931,17/11/2014,Mon,1,EA,CN1CC,103A 129A ,MM,R,D,DO,F , , ,C,50,0,0,1,,,1763567,5907981
Auckland,HOTEO AVENUE,150,E, ,GREAT SOUTH ROAD,201413262,13/05/2014,Tue,810,PC,CN1E,371A 378A 830 929 ,,R,D,B ,F ,D,N,N,50,0,0,1,,,1765835,5906851
Auckland,HOTEO AVENUE,, ,I,GREAT SOUTH ROAD,201432848,01/03/2014,Sat,1600,FB,CW1C,331A ,,E,D,O ,F ,T,G,C,50,0,0,0,,,1765706,5906775
Auckland,HOUPARA ST,100,E, ,RANGIPAWA ROAD,201410725,28/01/2014,Tue,1211,PD,CE1E,371A 722B 727B ,,R,D,B ,F , ,N,C,50,0,0,1,2,,1760367,5913803
Auckland,HOWDEN ST,70,W, ,RACECOURSE ROAD,201449832,12/12/2014,Fri,1340,MO,CW1,133A 423A 929 ,F,R,D,BF,F ,D,N,N,80,0,0,0,,,1753866,5876536
Auckland,HOWE ST,10,N, ,HAYDEN ST,201431001,14/02/2014,Fri,815,FD,CN1C,181A ,,R,D,B ,F ,T,N,C,50,0,0,0,,,1756381,5919938
Auckland,HOWE ST,80,S, ,HAYDEN ST,201418210,15/12/2014,Mon,810,NA,CS1E,713B ,,R,D,O ,F , , ,C,50,0,1,0,35,,1756391,5919849
Auckland,HOWE ST,30,S, ,WHITSON TERRACE S,201438635,28/05/2014,Wed,935,FC,CS1C,331A 358A ,,R,D,B ,F , ,P,X,50,0,0,0,,,1756419,5919588
Auckland,HUGH GREEN DRIVE,, ,I,GREVILLE ROAD,201444750,23/08/2014,Sat,1000,FE,CW1C,181A ,,E,D,BF,F ,X,T,R,50,0,0,0,,,1753872,5933600
Auckland,HUGH GREEN DRIVE,110,N, ,KILLYBEGS DRIVE S,201441063,28/07/2014,Mon,859,CB,CS1,131A 402A 420A ,J,R,D,BF,F , ,N,C,50,0,0,0,,,1754147,5933406
Auckland,HUGH GREEN DRIVE,, ,I,KILLYBEGS DRIVE W,201450255,13/10/2014,Mon,1815,EA,CW1C,129A 358A ,M,E,D,BF,F ,T,N,C,50,0,0,0,,,1754079,5933444
Auckland,HUIA ROAD,100,E, ,CORNWALLIS ROAD,201446549,24/10/2014,Fri,830,DA,4W1,195A ,T,E,W,O ,L , , ,C,70,0,0,0,,,1741999,5904187
Auckland,HUIA ROAD,, ,I,EAST TAMAKI ROAD,201441481,08/08/2014,Fri,1115,FE,CN1C,181A 334A ,,R,D,O ,F ,T,T,C,50,0,0,0,,,1766069,5907295
Auckland,HUIA ROAD,, ,I,EAST TAMAKI ROAD,201433609,13/03/2014,Thu,1740,GD,VN1C,181A 331A ,,R,D,TO,F ,X,T,C,50,0,0,0,,,1766069,5907295
Auckland,HUIA ROAD,25,N, ,EXHIBITION DRIVE,201433257,01/03/2014,Sat,1400,BF,CS1C,111A 131A ,,M,D,BN,F , ,N,C,50,0,0,0,,,1744613,5909141
Auckland,HUIA ROAD,50,N, ,EXHIBITION DRIVE,201444456,17/08/2014,Sun,830,DB,CS1,111A 131A ,ET,E,W,O ,F , , ,C,50,0,0,0,,,1744619,5909164
Auckland,HUIA ROAD,90,N, ,EXHIBITION DRIVE,201437195,29/05/2014,Thu,1753,DA,CN1,132A ,T,M,W,DO,L , ,N,C,50,0,0,0,,,1744636,5909200
Auckland,HUIA ROAD,400,N, ,EXHIBITION DRIVE,201447795,08/11/2014,Sat,2230,AO,VS1C,101A 357A 512A ,,E,D,DO,F , , ,C,100,0,0,0,,,1744591,5909452
Auckland,HUIA ROAD,90,N, ,HAMILTON ROAD,201445099,11/10/2014,Sat,1830,GB,CS1C,142B 192B 929 ,,R,D,B ,F ,D,N,C,70,0,0,0,,,1766260,5906924
Auckland,HUIA ROAD,, ,I,HAMILTON ROAD,201431932,06/03/2014,Thu,917,GB,CN1V,387A 929 ,,R,D,BF,F ,D,N,C,50,0,0,0,,,1766239,5906837
Auckland,HUIA ROAD,, ,I,HOTEO AVENUE,201431886,19/02/2014,Wed,1639,KB,CS1C,302B 375B ,,R,D,BF,F ,T,G,C,50,0,0,0,,,1766205,5907068
Auckland,HUIA ROAD,200,N, ,HUIA POINT LOOKOUT ROAD,201411796,05/04/2014,Sat,1453,BB,ME1CC,123A 505A 514A ,,M,D,B ,F , , ,C,50,0,0,1,,,1740470,5903424
Auckland,HUIA ROAD,50,S, ,KIMPTON ROAD,201418058,11/10/2014,Sat,2235,DB,CN1C,103A 111A 131A ,,E,D,DO,F , ,N,C,50,0,0,4,,,1766240,5907009
Auckland,HUIA ROAD,50,S, ,KIMPTON ROAD,201417573,28/09/2014,Sun,1455,CB,CN1C,129A ,M,R,D,BF,F , ,N,C,50,0,0,2,,,1766240,5907009
Auckland,HUIA ROAD,110,S, ,KIMPTON ROAD,201431934,13/03/2014,Thu,907,BF,CS1C,129A 131A 407A ,,S,W,OF,F , ,N,C,50,0,0,0,,,1766265,5906955
Auckland,HUIA ROAD,150,N, ,LAINGHOLM DRIVE,201430397,21/01/2014,Tue,1020,DB,CN1,111A 134A ,,M,W,O ,F , ,N,P,50,0,0,0,,,1746358,5909619
Auckland,HUIA ROAD,170,N, ,LAINGHOLM DRIVE,201433255,18/03/2014,Tue,2153,DA,4N1,111A 131A ,ST,M,W,DO,F , ,N,C,70,0,0,0,,,1746360,5909639
Auckland,HUIA ROAD,760,N, ,LAINGHOLM DRIVE,201449734,16/12/2014,Tue,832,BC,TS1V,121A ,,M,D,DO,F , ,N,C,50,0,0,0,,,1746639,5910074
Auckland,HUIA ROAD,500,W, ,LAINGHOLM DRIVE,201450165,13/12/2014,Sat,1645,DB,CW1,103A 131A 801 ,C,M,W,O ,L , , ,L,100,0,0,0,,,1745791,5909491
Auckland,HUIA ROAD,50,S, ,LOWER NIHOTUPU DAM ROAD,201433629,23/02/2014,Sun,1837,DA,CS1,111A 131A ,F,M,D,B ,F , , ,L,100,0,0,0,,,1743715,5907783
Auckland,HUIA ROAD,, ,I,LOWER NIHOTUPU DAM ROAD,201432090,09/01/2014,Thu,2257,DB,CS1,102A 111A 131A 402A 800 810 ,F,S,W,DN,F ,T,N,C,70,0,0,0,,,1743705,5907831
Auckland,HUIA ROAD,, ,I,MEOLA ROAD,201435236,21/03/2014,Fri,1710,DA,CE2,131A 386A ,K,M,D,TF,F ,T,G,C,50,0,0,0,,,1752093,5918930
Auckland,HUIA ROAD,450,S, ,SYLVAN VALLEY AVENUE,201433585,18/04/2014,Fri,1900,DA,CS1,111A 131A 407A ,T,M,W,DO,L , ,N,L,50,0,0,0,,,1745519,5909409
Auckland,HUIA ROAD,480,S, ,TITIRANGI ROAD,201411901,09/03/2014,Sun,18,DA,CN1,103A 111A 131A ,P,M,D,DO,F , ,N,C,50,0,0,1,,,1747017,5910371
Auckland,HUIA ROAD,680,S, ,TITIRANGI ROAD,201443685,01/09/2014,Mon,1517,DA,CS1,131A 402A 801 ,G,M,W,O ,H , , ,C,80,0,0,0,,,1746942,5910202
Auckland,HUIA ROAD,, ,I,TITIRANGI ROAD,201413034,21/05/2014,Wed,711,HA,CN1S,302A 375A ,,E,W,OF,F ,R,G,R,50,0,0,1,,56,1747299,5910682
Auckland,HUIA ROAD,20,N, ,TUI ROAD,201415157,25/08/2014,Mon,702,MC,CS1C,372B ,,R,D,O ,F , , ,C,50,0,0,1,,,1766173,5906571
Auckland,HUIA ROAD,100,N, ,TUI ST,201440243,30/06/2014,Mon,250,CA,CN1CC,103A 130A 801 ,M,R,W,DO,L , , ,C,50,0,0,0,,,1752387,5918435
Auckland,HUIA ROAD,, ,I,WAKATIPU ST,201430779,25/01/2014,Sat,1314,HA,VN1C,321A 375A ,,R,D,BF,F ,X,S,R,50,0,0,0,,,1752227,5918705
Auckland,HUIA ROAD,, ,I,WAKATIPU ST,201444322,18/09/2014,Thu,1730,HA,CS2C,321B 375B ,,R,D,O ,F ,X,S,C,50,0,0,0,,,1752227,5918705
Auckland,HUIA ROAD,220,W, ,WOODLANDS PARK ROAD,201437196,29/05/2014,Thu,2237,DA,VN1,111A 131A ,C,M,W,DO,L , ,N,C,50,0,0,0,,,1744987,5909694
Auckland,HUNTER ROAD,800,S, ,WOODHOUSE ROAD,201418153,17/12/2014,Wed,1830,DA,4N1,111A 131A 801 ,F,M,W,O ,L , , ,N,100,0,0,1,,,1763747,5883419
Auckland,HUNTINGTON DRIVE,, ,I,TI RAKAU DRIVE,201436204,16/04/2014,Wed,1420,DA,CN1CC,131A 402A 423A 925 ,M,E,D,O ,F ,D,N,N,50,0,0,0,,,1769690,5911309
Auckland,HUNTINGTREE AVENUE,100,N, ,MOUNT ALBERT ROAD,201444545,12/09/2014,Fri,1407,GC,CS1C,372B 671B 929 ,,R,W,O ,L ,D,N,N,50,0,0,0,,,1754592,5914994
Auckland,HUNUA ROAD,700,E, ,DOMINION ROAD,201442924,21/08/2014,Thu,2135,DB,CW1,111A 132A ,FX,S,D,DN,F , , ,C,100,0,0,0,,,1776091,5895193
Auckland,HUNUA ROAD,950,E, ,DOMINION ROAD,201450263,30/12/2014,Tue,1630,BF,CW1C,111A 132A 410A ,V,M,D,BN,F , ,N,C,80,0,0,0,,,1776291,5895243
Auckland,HUNUA ROAD,1000,E, ,DOMINION ROAD,201416779,08/05/2014,Thu,2230,DB,CW1,101A 131A 410A ,F,M,D,DN,F , , ,L,80,0,0,1,,,1776336,5895238
Auckland,HUNUA ROAD,1000,E, ,DOMINION ROAD,201436614,30/03/2014,Sun,910,BC,4E1C,121A 350A ,,M,D,B ,F , ,N,C,100,0,0,0,,,1776336,5895238
Auckland,HUNUA ROAD,960,W, ,DOMINION ROAD,201410514,16/01/2014,Thu,2358,DB,CE1,111A 131A ,F,E,D,DO,L , ,N,C,70,0,0,1,,,1774683,5894841
Auckland,HUNUA ROAD,1000,W, ,DOMINION ROAD,201435366,07/05/2014,Wed,1030,AC,CW1C,159A ,,E,D,B ,F , , ,C,70,0,0,0,,,1774649,5894861
Auckland,HUNUA ROAD,100,N, ,GELLING ROAD,201414767,26/07/2014,Sat,,DA,MN1,129A 358A ,C,E,D,B ,F , , ,L,100,0,0,1,,,1786267,5891517
Auckland,HUNUA ROAD,, ,I,GILLESPIE ROAD,201418293,24/10/2014,Fri,1655,AD,CE1,111A 131A 151A ,FP,E,D,B ,F ,T,N,C,100,0,0,1,,,1780435,5893919
Auckland,HUNUA ROAD,380,E, ,HAYS CREEK ROAD,201443389,28/07/2014,Mon,1612,DA,CN1,129A 134A ,,M,D,B ,F , ,N,C,100,0,0,0,,,1779029,5894376
Auckland,HUNUA ROAD,470,E, ,HAYS CREEK ROAD,201432165,16/02/2014,Sun,,DA,CW1,132A 407A ,T,M,D,B ,F , ,N,L,100,0,0,0,,,1779093,5894318
Auckland,HUNUA ROAD,500,E, ,HAYS CREEK ROAD,201435125,03/03/2014,Mon,1235,DA,TN1,110A 131A ,V,M,W,O ,H , ,N,C,80,0,0,0,,,1779121,5894307
Auckland,HUNUA ROAD,3380,W, ,HAYS CREEK ROAD,201447798,18/10/2014,Sat,1830,DA,CN1,103A 131A 402A ,,M,W,O ,L , , ,C,80,0,0,0,,,1776070,5895183
Auckland,HUNUA ROAD,970,S, ,HEAD ROAD,201443473,12/09/2014,Fri,500,DB,VN1,130A 410A ,V,M,D,DN,F , ,N,C,100,0,0,0,,,1786792,5890305
Auckland,HUNUA ROAD,450,E, ,PONGA ROAD,201400223,02/11/2014,Sun,345,PO,4E1E,105B 724B ,,E,D,DO,F , ,N,C,80,1,0,0,43,,1781355,5894143
Auckland,HUNUA ROAD,500,E, ,PONGA ROAD,201430145,03/01/2014,Fri,1708,DA,CE1,131A 404A 407A 818 ,,M,D,BN,F , ,N,C,100,0,0,0,,,1781392,5894176
Auckland,HURON ST,50,E, ,AUBURN ST,201417393,28/11/2014,Fri,1500,CA,PN1T,130A 181A 191A ,,R,D,O ,F , , ,L,50,0,0,1,,,1757926,5927025
Auckland,HURON ST,50,E, ,AUBURN ST,201431350,08/03/2014,Sat,1242,MO,4E1C,387A ,,R,D,BF,F , ,N,C,50,0,0,0,,,1757926,5927025
Auckland,HURON ST,100,E, ,AUBURN ST,201437410,30/05/2014,Fri,1421,JA,CE1C,308B 377B 839 927 ,,R,D,B ,F ,D,N,C,50,0,0,0,,,1757969,5927050
Auckland,HURON ST,50,W, ,LAKE ROAD,201435450,16/04/2014,Wed,1350,MF,CS14,371B ,,R,D,O ,F , ,N,N,50,0,0,0,,,1758044,5927094
Auckland,HURON ST,140,W, ,LAKE ROAD,201436693,17/05/2014,Sat,935,GE,CE1C,157A 160A 926 ,,E,D,O ,F ,D,N,C,50,0,0,0,,,1757966,5927048
Auckland,HURSTMERE ROAD,15,S, ,ANZAC ST,201448577,03/12/2014,Wed,1705,MF,CS1C,371B ,,R,D,BF,F , ,N,C,50,0,0,0,,,1758209,5927404
Auckland,HURSTMERE ROAD,100,S, ,ANZAC ST,201449864,12/12/2014,Fri,1230,MO,CN1C,371A 929 ,,R,W,OF,L ,D,N,C,50,0,0,0,,,1758191,5927321
Auckland,HURSTMERE ROAD,150,S, ,ANZAC ST,201418546,20/12/2014,Sat,1100,FD,CN1CC,181A ,M,R,D,OF,F , ,N,C,50,0,0,2,,,1758181,5927272
Auckland,HURSTMERE ROAD,20,N, ,BRETT AVENUE,201437209,06/05/2014,Tue,1930,JA,SN1C,308B 375B 929 ,,R,D,DO,F ,D,N,C,50,0,0,0,,,1758321,5927920
Auckland,HURSTMERE ROAD,20,S, ,BRETT AVENUE,201416409,11/09/2014,Thu,1444,CB,CS1CC,129A 130A 501A ,M,R,D,B ,F , , ,C,50,0,0,1,,,1758313,5927880
Auckland,HURSTMERE ROAD,, ,I,EARNOCH AVENUE,201441123,04/08/2014,Mon,1258,JC,CS1C,300A ,,R,D,OF,FS,X,G,R,50,0,0,0,,,1758292,5927784
Auckland,HURSTMERE ROAD,200,N, ,LAKE ROAD,201435631,02/05/2014,Fri,1112,MO,CS1,130A 427A ,H,R,D,B ,F , , ,C,50,0,0,0,,,1758174,5927241
Auckland,HURSTMERE ROAD,, ,I,LAKE ROAD,201447738,14/11/2014,Fri,1255,FE,CS1C,181A ,,R,D,O ,F ,T,T,C,50,0,0,0,,,1758132,5927046
Auckland,HUTCHINSON AVENUE,, ,I,WILLERTON AVENUE,201445080,11/10/2014,Sat,231,MO,CE1C,103A 371A 514A ,M,R,D,DO,F ,X,G,C,50,0,0,0,,,1749287,5912768
Auckland,HYDE ST,, ,I,FLEMING ST,201443349,13/09/2014,Sat,2005,DC,CW1T,103A 113A ,T,R,W,DO,L ,T,G,C,50,0,0,0,,,1769376,5900917
Auckland,HYPERION DRIVE,250,W, ,HORLICKS PLACE,201443099,09/08/2014,Sat,352,EA,CN1C,103A 129A 801 ,MF,E,W,DO,L , , ,C,50,0,0,0,,,1770543,5900541
Auckland,HYPERION DRIVE,15,W, ,NEARCO ST,201442608,28/06/2014,Sat,2200,EA,CW1C,129A ,M,R,D,DO,F , ,N,C,50,0,0,0,,,1770698,5900614
Auckland,IAN MCKINNON DRIVE,50,S, ,DEVON ST,201448891,11/12/2014,Thu,2130,AA,CN1C,372A 110B 132B 402B ,,R,D,DO,F , , ,C,50,0,0,0,,,1756407,5918689
Auckland,IAN MCKINNON DRIVE,15,S, ,MINNIE ST,201439562,20/06/2014,Fri,1750,FD,4S1C,181A ,,R,D,DO,F , , ,P,50,0,0,0,,,1756372,5918520
Auckland,IAN MCKINNON DRIVE,140,N, ,NEW NORTH ROAD,201433224,04/03/2014,Tue,930,DA,CN1,129A 131A ,K,E,W,BF,L , ,N,N,60,0,0,0,,,1756364,5918534
Auckland,IAN MCKINNON DRIVE,70,N, ,PIWAKAWAKA ST,201440306,12/07/2014,Sat,52,BO,CS1C,103A 205A 801 ,G,E,W,DO,L , , ,P,60,0,0,0,,,1756453,5918883
Auckland,IAN MCKINNON DRIVE,130,N, ,PIWAKAWAKA ST,201412789,27/03/2014,Thu,2100,NB,CS1E,108B 711B 724B ,,E,D,DO,F , ,N,P,50,0,0,1,62,,1756479,5918937
Auckland,IAN MCKINNON DRIVE,50,S, ,PIWAKAWAKA ST,201417717,16/09/2014,Tue,913,BE,CS1CC,112A 433A ,,R,W,O ,F , ,N,R,50,0,0,2,,,1756426,5918766
Auckland,IAN MCKINNON DRIVE,, ,I,PIWAKAWAKA ST,201448003,01/11/2014,Sat,1910,AO,CS1C,129A 150A 386A ,,R,D,B ,F ,T,T,C,50,0,0,0,,,1756439,5918814
Auckland,IAN SAGE AVENUE,, ,I,GLENVAR ROAD,201444621,16/09/2014,Tue,1530,FB,CS1C,181A ,,R,W,B ,F ,T,N,C,50,0,0,0,,,1755484,5937632
Auckland,IDLEWILD AVENUE,10,E, ,VALIANT ST,201447980,19/11/2014,Wed,1930,MO,CE1V,371A ,M,E,D,B ,F ,T,N,C,50,0,0,0,,,1759511,5907372
Auckland,IHAKA PLACE,200,E, ,LAMBIE DRIVE,201417646,25/11/2014,Tue,900,PC,CE1E,371A 830 929 ,,R,D,B ,F ,D,N,N,50,0,0,1,,,1766686,5905200
Auckland,IHUMATAO ROAD,20,W, ,GEORGE BOLT MEMORIAL DRIV,201410224,12/01/2014,Sun,1550,CB,CW1,129A 402A 403A ,P,R,D,B ,F , ,N,C,100,0,0,1,,,1758916,5904297
Auckland,IHUMATAO ROAD,5,W, ,SH 20A,201432258,16/02/2014,Sun,1430,FB,ME1C,112A 331A ,,R,D,B ,F ,T,S,C,50,0,0,0,,,1758930,5904300
Auckland,IHUMATAO ROAD,400,W, ,SH 20A,201416498,22/09/2014,Mon,2015,DB,CE1,103A 111A 131A ,P,M,D,DN,F , , ,C,100,0,1,1,,,1758544,5904216
Auckland,IHUMATAO ROAD,1200,W, ,SH 20A,201445360,30/09/2014,Tue,2311,DA,CW1,103A 131A ,,E,D,DN,F , , ,C,100,0,0,0,,,1757765,5904278
Auckland,IMRIE AVENUE,20,N, ,FRIESIAN DRIVE,201439366,05/07/2014,Sat,1723,MB,CS1C,101A 371A ,M,R,D,TF,F , ,N,R,50,0,0,0,,,1761132,5906489
Auckland,IMRIE AVENUE,70,N, ,FRIESIAN DRIVE,201446883,03/11/2014,Mon,1640,EA,CS1C,386A ,M,R,D,B ,F , ,N,C,50,0,0,0,,,1761165,5906527
Auckland,IMRIE AVENUE,200,N, ,MASSEY ROAD,201441961,12/08/2014,Tue,1440,EA,4E1C,129A ,M,E,D,B ,F , , ,C,50,0,0,0,,,1761430,5906532
Auckland,INDUSTRY ROAD,, ,I,CHURCH ST,201439140,13/06/2014,Fri,1630,BC,CS1T,122A 350A ,,E,D,B ,F ,T,N,C,50,0,0,0,,,1762492,5912556
Auckland,INGRAM ST,20,E, ,PORCHESTER ROAD,201434552,28/04/2014,Mon,345,DB,CE1C,129A 358A ,M,E,W,DO,H , ,N,C,50,0,0,0,,,1772737,5896775
Auckland,INGRAM ST,30,W, ,PRICTOR ST,201437914,12/06/2014,Thu,1450,EA,CE1C,103A ,M,R,D,OF,F ,Y,N,N,50,0,0,0,,,1772947,5896849
Auckland,INGRAM ST,, ,I,PRICTOR ST,201438336,09/06/2014,Mon,2300,LB,CW1C,302A 335A 801 ,,S,W,DN,L ,T,G,C,50,0,0,0,,,1772976,5896853
Auckland,INLAND ROAD,120,S, ,RAUTAWHIRI ROAD,201416421,07/10/2014,Tue,848,CB,CS1,358A ,V,R,D,B ,F , , ,C,50,0,0,1,,,1731390,5939168
Auckland,INVERNESS ROAD,15,W, ,CLYDE ROAD,201449111,29/11/2014,Sat,1135,MF,CW1C,371B ,,R,D,BF,F , ,N,C,50,0,0,0,,,1756122,5935250
Auckland,INWOOD ST,, ,I,WESTERN SPRINGS ROAD,201441085,22/07/2014,Tue,1045,QG,4E2C,122A ,M,R,W,OF,F ,T,G,C,50,0,0,0,,,1754671,5917733
Auckland,IRELAND ROAD,560,S, ,CLEARY ROAD,201433310,04/04/2014,Fri,1630,MO,TS1,385A ,J,M,D,BF,F , ,N,C,50,0,0,0,,,1764383,5914292
Auckland,IRELAND ROAD,380,W, ,CLEARY ROAD,201448446,08/11/2014,Sat,1325,CB,CE1CC4,501A ,MMM,R,D,BF,F , ,N,C,50,0,0,0,,,1764473,5914428
Auckland,IRELAND ROAD,, ,I,CLEARY ROAD,201448884,30/11/2014,Sun,1840,JA,CW1C,301B 375B ,,R,D,B ,F ,T,S,C,50,0,0,0,,,1764793,5914632
Auckland,IRIS ST,30,W, ,MAHURANGI EAST ROAD,201436102,14/05/2014,Wed,800,EA,CE1C,129A 902 ,M,R,D,B ,F , , ,C,50,0,0,0,,,1754858,5967516