TLANAME,CRASHROAD,CRASHDIST,CRASHDIRN,INTSN,SIDEROAD,CRASHID,CRASHDATE,CRASHDOW,CRASHTIME,MVMT,VEHICLES,CAUSES,OBJECTSSTRUCK,ROADCURVE,ROADWET,LIGHT,WTHRa,JUNCTYPE,TRAFCTRL,ROADMARK,SPDLIM,CRASHFATALCNT,CRASHSEVCNT,CRASHMINCNT,PERSAGE1,PERSAGE2,EASTING,NORTHING
Auckland,IRWIN ROAD,60,E, ,TAYLOR ROAD,201447538,26/10/2014,Sun,1336,DA,CN1,111A 131A 352A 804 817 ,C,M,D,O ,F , , ,N,100,0,0,0,,,1761528,5886838
Auckland,IRWIN ROAD,, ,I,TAYLOR ROAD,201449890,20/06/2014,Fri,1650,BC,CW1V,111A 121A ,,M,D,BN,F ,T,N,N,100,0,0,0,,,1761470,5886823
Auckland,ISRAEL AVENUE,, ,I,ARIA PLACE,201413005,06/05/2014,Tue,1230,DA,CN1,111A 131A ,FP,E,D,BF,F ,T,N,C,50,0,0,1,,,1767989,5905794
Auckland,JACK HINTON DRIVE,15,S, ,ROSEDALE ROAD,201439668,28/06/2014,Sat,1100,FD,CN1C,181A ,,R,W,B ,FS,T,G,C,50,0,0,0,,,1752848,5932392
Auckland,JADE AVENUE,180,W, ,BEECHDALE CRESCENT S,201436863,26/05/2014,Mon,1617,EA,CE1C,129A ,M,R,D,B ,F , , ,N,50,0,0,0,,,1767959,5913032
Auckland,JAMES FLETCHER DRIVE,15,E, ,BEACH ROAD,201410621,21/02/2014,Fri,955,NA,TE1E,711B ,,R,D,B ,F ,T,N,P,50,0,0,1,,,1762578,5909299
Auckland,JAMES FLETCHER DRIVE,40,E, ,BEACH ROAD,201413267,11/05/2014,Sun,643,DA,VE1,130A 410A ,T,E,D,B ,F , ,N,P,60,0,0,1,,,1762603,5909302
Auckland,JAMES FLETCHER DRIVE,50,E, ,BEACH ROAD,201412734,06/02/2014,Thu,2230,BC,CW1V,410A ,,E,D,DO,L , ,N,P,50,0,0,2,,,1762613,5909302
Auckland,JAMES FLETCHER DRIVE,100,E, ,BEACH ROAD,201436908,26/05/2014,Mon,400,DA,CE1,101A 111A 131A ,P,E,W,DO,F , , ,R,60,0,0,0,,,1762663,5909296
Auckland,JAMES FLETCHER DRIVE,15,W, ,SAVILL DRIVE,201442995,03/09/2014,Wed,1750,FE,CW1C,331A 353A ,,E,D,TO,F ,T,T,P,60,0,0,0,,,1762000,5909187
Auckland,JAMES ST,, ,I,MASSEY ROAD,201430494,31/01/2014,Fri,1400,JC,CE1C,301A 375A ,,R,D,B ,F ,T,S,C,50,0,0,0,,,1762082,5906885
Auckland,JAMES ST S,10,W, ,GLENFIELD ROAD,201449003,01/12/2014,Mon,959,MD,CW1C,371B 929 ,,E,D,BF,F ,D,S,R,50,0,0,0,,,1753547,5928935
Auckland,JANDELL CRESCENT N,90,W, ,MURVALE DRIVE,201450222,31/12/2014,Wed,1300,MO,CE1C,371A 929 ,M,R,D,BF,F ,D,N,N,50,0,0,0,,,1770707,5915884
Auckland,JARVIS WAY,20,S, ,ORMISTON ROAD,201442425,04/08/2014,Mon,2200,EC,CS1,820,J,R,D,DO,F , ,N,N,50,0,0,0,,,1768476,5907646
Auckland,JARVIS WAY,150,S, ,ORMISTON ROAD,201415643,11/07/2014,Fri,520,EA,CS1O,129A 330A 410A ,M,R,D,DO,F , ,N,C,50,0,1,0,,,1768446,5907520
Auckland,JEAN BATTEN PLACE,15,S, ,FORT ST,201430577,12/01/2014,Sun,335,NA,CN1E,105B ,,R,D,DO,F , , ,N,50,0,0,0,,,1757542,5920740
Auckland,JEFFERSON ST,50,W, ,WASHINGTON AVENUE,201433142,12/03/2014,Wed,2215,DA,VE1C,103A 131A ,M,E,D,DO,F , , ,N,50,0,0,0,,,1766244,5918142
Auckland,JEFFS ROAD,30,E, ,GRACECHURCH DRIVE,201438289,26/02/2014,Wed,245,EA,CE1CCC,129A ,MMM,R,D,DN,F , ,N,C,50,0,0,0,,,1771551,5907746
Auckland,JEFFS ROAD,, ,I,GRACECHURCH DRIVE,201446006,07/10/2014,Tue,1840,GD,CW1C,333A 363A 902 ,,E,D,B ,F ,T,G,C,50,0,0,0,,,1771521,5907746
Auckland,JEFFS ROAD,, ,I,GRACECHURCH DRIVE,201441966,08/08/2014,Fri,2200,BC,CS2C,122A 330A ,,E,W,DO,F ,T,G,C,50,0,0,0,,,1771521,5907746
Auckland,JEFFS ROAD,5,W, ,NORWOOD DRIVE,201435466,13/04/2014,Sun,130,EA,CE1C,130A 410A ,M,R,D,DO,F , ,N,C,50,0,0,0,,,1771768,5907692
Auckland,JELLICOE ROAD,, ,I,ANZAC ROAD,201438505,25/05/2014,Sun,51,MO,40,123A 385A 862 901 ,V,R,W,DO,H ,X,N,N,50,0,0,0,,,1768166,5878440
Auckland,JELLICOE ROAD,, ,I,BEATTY AVENUE,201438913,08/06/2014,Sun,100,DA,CN2,103A 131A ,F,M,D,DO,F ,Y,G,C,50,0,0,0,,,1768174,5901281
Auckland,JELLICOE ROAD,5,N, ,DUNLOP LANE,201445076,16/10/2014,Thu,1015,AO,TN1C,179A 381A ,,M,D,B ,F ,R,G,C,50,0,0,0,,,1764975,5914775
Auckland,JELLICOE ROAD,15,N, ,DUNLOP LANE,201413729,15/05/2014,Thu,1515,NA,CS1E,306A 352A ,,R,W,BF,F ,T,T,X,50,0,0,1,11,,1764977,5914784
Auckland,JELLICOE ROAD,40,S, ,DUNN ROAD,201437016,25/03/2014,Tue,800,LB,CS1C,303B 929 ,,R,W,B ,L ,D,N,C,50,0,0,0,,,1765087,5915214
Auckland,JELLICOE ROAD,, ,I,DUNN ROAD,201416008,27/09/2014,Sat,530,CC,CS1,103A 410A ,P,R,D,DO,F ,T,N,C,50,0,0,1,,,1765101,5915252
Auckland,JELLICOE ROAD,20,N, ,ELLERSLIE-PANMURE HIGHWAY,201436213,30/03/2014,Sun,950,LB,CS1C,303B 925 ,,R,D,O ,F ,D,N,C,50,0,0,0,,,1764972,5914767
Auckland,JELLICOE ROAD,15,N, ,GREEN ROAD,201437280,07/04/2014,Mon,930,MC,VN1C,372B ,,R,D,BF,F , ,N,C,50,0,0,0,,,1765055,5915089
Auckland,JELLICOE ROAD,20,S, ,GREEN ROAD,201438638,24/05/2014,Sat,1210,FA,CS1CC,151A 205A ,,R,D,O ,F ,T,S,C,50,0,0,0,,,1765047,5915055
Auckland,JELLICOE ROAD,, ,I,GREEN ROAD,201437174,24/05/2014,Sat,1117,LB,CS1C,314B 377B ,,R,D,OF,F ,T,G,C,50,0,0,0,,,1765052,5915074
Auckland,JELLICOE ROAD,, ,I,MARR ROAD,201440670,22/07/2014,Tue,2130,DA,CN2,111A 131A 517A ,T,S,D,DO,F ,T,N,C,50,0,0,0,,,1767553,5901697
Auckland,JELLICOE ROAD,10,N, ,MORRIN ROAD,201449824,01/12/2014,Mon,1640,FD,CN1CV,181A 181C ,,R,D,BF,F ,T,T,C,50,0,0,0,,,1765157,5915352
Auckland,JELLICOE ROAD,, ,I,MOUNTAIN ROAD,201412252,12/05/2014,Mon,855,HA,XN1C,301B 375B ,,R,D,B ,F ,X,S,C,50,0,0,1,,,1765009,5914901
Auckland,JELLICOE ROAD,, ,I,MOUNTAIN ROAD,201414697,14/07/2014,Mon,1559,HA,CS1C,200B 330B 353B ,,R,D,B ,F ,X,G,C,50,0,0,1,,,1765009,5914901
Auckland,JELLICOE ROAD,20,N, ,PLEASANT VIEW ROAD,201430643,28/01/2014,Tue,1520,KB,CS1C,308B 375B 929 ,,R,D,B ,F ,D,N,C,50,0,0,0,,,1765014,5914920
Auckland,JELLICOE ROAD,60,S, ,PLEASANT VIEW ROAD,201412472,07/03/2014,Fri,1504,LB,PS1V,314B 377B 925 ,,R,D,B ,F ,D, ,C,50,0,0,1,,,1764994,5914843
Auckland,JELLICOE ROAD,, ,I,PLEASANT VIEW ROAD,201441898,08/07/2014,Tue,1548,HA,CN1C,314B 377B 801 ,,R,W,O ,L ,T,S,C,50,0,0,0,,,1765009,5914901
Auckland,JELLICOE ROAD,, ,I,PLEASANT VIEW ROAD,201435318,16/04/2014,Wed,1550,HA,VN1C,302A ,,R,D,O ,F ,R,G,R,50,0,0,0,,,1765009,5914901
Auckland,JELLICOE ST,, ,I,DALDY ST,201433220,24/02/2014,Mon,1758,HA,CE1C,302B 363B 375B 902 ,,R,D,BF,F ,X,G,C,50,0,0,0,,,1756574,5921369
Auckland,JERRY GREEN ST,, ,I,ROSCOMMON ROAD,201445628,19/09/2014,Fri,1140,GF,TS1C,172A ,,E,D,B ,F ,T,S,P,50,0,0,0,,,1764802,5903510
Auckland,JERVOIS ROAD,20,W, ,ALBANY ROAD,201438434,09/06/2014,Mon,1900,MA,CW1C,373B 801 ,,E,W,DO,L ,X,T,C,50,0,0,0,,,1754646,5920861
Auckland,JERVOIS ROAD,, ,I,ALBANY ROAD,201418425,20/12/2014,Sat,935,PO,SW1E,105A 204A ,,R,D,O ,F ,T,S,C,50,0,1,0,55,21,1754666,5920862
Auckland,JERVOIS ROAD,, ,I,ARDMORE ROAD,201449748,20/12/2014,Sat,1135,JA,VW1C,301B 375B ,,R,D,O ,F ,T,S,C,50,0,0,0,,,1754843,5920880
Auckland,JERVOIS ROAD,20,S, ,JOHN ST,201445346,01/09/2014,Mon,1540,MB,TE1C,303B ,,R,W,O ,L , , ,C,50,0,0,0,,,1754938,5920889
Auckland,JERVOIS ROAD,80,W, ,LAWRENCE ST,201441748,07/08/2014,Thu,1113,DA,CE1C,131A 403A 404A ,M,E,D,B ,F , , ,C,50,0,0,0,,,1754618,5920855
Auckland,JERVOIS ROAD,, ,I,MASONS AVENUE,201432228,31/01/2014,Fri,949,LB,VE1C,303B ,,R,D,B ,F ,T,N,C,50,0,0,0,,,1754177,5920560
Auckland,JERVOIS ROAD,, ,I,REDMOND ST,201449531,28/11/2014,Fri,1525,FE,4S1C,181A 331A ,,R,D,B ,F ,X,T,C,50,0,0,0,,,1755441,5920694
Auckland,JERVOIS ROAD,20,W, ,SENTINEL ROAD,201439521,05/06/2014,Thu,1508,MA,CW1C,373B ,,R,D,B ,F , , ,C,50,0,0,0,,,1754768,5920872
Auckland,JERVOIS ROAD,, ,I,SHELLY BEACH ROAD,201415027,16/07/2014,Wed,1956,LB,ME1C,303B ,,R,D,DO,F ,T,T,C,50,0,0,1,,,1755243,5920854
Auckland,JERVOIS ROAD,20,W, ,ST MARYS ROAD,201449152,03/12/2014,Wed,1530,FF,VE14,434A 512A ,,R,D,BF,F , ,N,C,50,0,0,0,,,1755491,5920657
Auckland,JERVOIS ROAD,, ,I,WANGANUI AVENUE,201414699,27/07/2014,Sun,1140,JA,CE1C,301B 375B ,,R,D,B ,F ,T,S,C,50,0,0,2,,,1754755,5920871
Auckland,JERVOIS ROAD,, ,I,WANGANUI AVENUE,201416991,08/10/2014,Wed,1810,JA,4W1C,301B 377B ,,R,D,BF,F ,T,S,C,50,0,0,1,,,1754755,5920871
Auckland,JESMOND TERRACE,40,E, ,SELCOURT ROAD,201430607,19/01/2014,Sun,2353,EA,CE1C,101A 129A ,M,R,D,DO,F , ,N,N,50,0,0,0,,,1753764,5917342
Auckland,JOHN DEE CRESCENT,100,N, ,WHANGAPARAOA ROAD,201441428,17/06/2014,Tue,2325,CC,CS1C,103A 129A ,M,R,W,DO,F , ,N,N,50,0,0,0,,,1751104,5946719
Auckland,JOHN GLENN AVENUE,15,E, ,UNITY DRIVE NORTH,201435902,28/04/2014,Mon,1210,EA,TE1C,129A ,M,R,W,OF,L , ,N,C,50,0,0,0,,,1751505,5931816
Auckland,JOHN GOULTER DRIVE,, ,I,GEORGE BOLT MEMORIAL DRIV,201430651,21/01/2014,Tue,430,BE,CS1V,110A 125A ,,R,W,DO,L ,R,G,R,50,0,0,0,,,1759079,5903791
Auckland,JOHN GOULTER DRIVE,, ,I,LEONARD ISITT DRIVE,201436048,25/05/2014,Sun,130,HA,CE1C,103B 112B 602B 925 ,,R,W,DO,L ,D,G,R,50,0,0,0,,,1759181,5903844
Auckland,JOHN ST,, ,I,MASSEY ROAD,201431268,23/02/2014,Sun,1730,DA,CS2,131A ,F,R, , F,  ,T,G,C,50,0,0,0,,,1762064,5906868
Auckland,JOHN ST,, ,I,NELSON ST,201441380,06/08/2014,Wed,1515,LB,CS1C,303B ,,E,D,O ,F ,X,S,C,50,0,0,0,,,1769089,5880074
Auckland,JOHN ST,, ,I,PLOUGHMANS AVENUE,201446021,08/10/2014,Wed,1730,GE,VS1C,160A ,,R,D,O ,F ,T,N,R,50,0,0,0,,,1769145,5879692
Auckland,JOHN ST,60,N, ,POMPALLIER TERRACE,201444571,31/08/2014,Sun,142,CA,CN1C,112A 130A 901 ,KM,R,W,DO,H , , ,N,50,0,0,0,,,1754955,5920555
Auckland,JOLSON ROAD,100,E, ,BERNARD ST,201434735,04/05/2014,Sun,730,EA,CE1T,352A 363A 902 ,M,R,D,BF,F , ,N,N,50,0,0,0,,,1765504,5911802
Auckland,JOLSON ROAD,100,W, ,BERNARD ST,201411913,21/03/2014,Fri,2045,PO,BE1E,105B 701B ,,R,D,DO,F , ,N,C,50,0,0,1,57,,1765308,5911762
Auckland,JOLSON ROAD,15,W, ,PANAMA ROAD E,201441963,15/08/2014,Fri,2210,EA,CE1C,129A 331A ,M,R,D,DO,F , , ,C,50,0,0,0,,,1765748,5911681
Auckland,JORDAN ROAD,100,S, ,THOMAS ROAD,201441202,20/07/2014,Sun,425,DA,CN1,103A 111A 131A 402A 801 ,FP,E,W,DO,L , , ,N,50,0,0,0,,,1759682,5906579
Auckland,JORDAN ROAD,150,W, ,THOMAS ROAD,201448360,18/12/2014,Thu,735,BB,CE1C,123A 414A ,,E,W,O ,L , ,N,N,50,0,0,0,,,1759647,5906546
Auckland,JUBILEE AVENUE,, ,I,BLAKEY ST,201447073,28/10/2014,Tue,1705,DB,CW2C,111A 131A 402A ,Q,R,W,OF,L ,T,G,C,50,0,0,0,,,1759229,5913398
Auckland,JUPITER ST,, ,I,CHICHESTER DRIVE,201439700,20/06/2014,Fri,1550,DA,CN2,357A 510A ,K,S,D,O ,F ,T,G,P,50,0,0,0,,,1771770,5894608
Auckland,JUTLAND ROAD,, ,I,RUSSELL ROAD,201449908,01/12/2014,Mon,1755,FB,CS1C,112A 330A ,,R,D,B ,F ,T,S,C,50,0,0,0,,,1767843,5900942
Auckland,KAHIKATEA FLAT ROAD,400,W, ,DAIRY FLAT HIGHWAY,201442368,30/08/2014,Sat,300,CB,CE1,112A 129A ,F,R,W,DN,F , ,N,C,80,0,0,0,,,1746469,5943006
Auckland,KAHIKATEA FLAT ROAD,, ,I,FORESTRY ROAD,201417156,15/11/2014,Sat,840,GB,SW14,372B ,,E,D,O ,F ,T,G,C,50,0,1,0,,60,1739436,5943927
Auckland,KAHIKATEA FLAT ROAD,100,W, ,FROST ROAD,201443914,13/10/2014,Mon,207,EC,CE1,912,W,E,D,DN,F , ,N,C,80,0,0,0,,,1742725,5943995
Auckland,KAHIKATEA FLAT ROAD,620,E, ,HULL ROAD,201400110,18/05/2014,Sun,1915,DB,ME1,103A 131A 532A ,CV,M,D,DN,F , , ,C,100,1,0,0,,,1742062,5943836
Auckland,KAHIKATEA FLAT ROAD,150,E, ,RAPSON ACCESS ROAD,201415489,31/08/2014,Sun,1256,CC,CE1,130A 804 ,,R,W,O ,L , , ,C,100,0,0,1,,,1738208,5944504
Auckland,KAHIKATEA FLAT ROAD,150,E, ,RAPSON ROAD,201441772,08/08/2014,Fri,707,EC,CE1,197A 915 ,TW,R,W,DN,F , , ,C,100,0,0,0,,,1735946,5944859
Auckland,KAHIKATEA FLAT ROAD,250,E, ,WAITOKI ROAD,201431230,24/02/2014,Mon,1750,CB,CE1,358A ,V,R,D,BN,F , ,N,C,50,0,0,0,,,1738893,5944404
Auckland,KAHIKATEA FLAT ROAD,200,W, ,WHITEHILLS ROAD,201430627,19/01/2014,Sun,2350,CB,CE1,134A 195A ,F,R,D,DN,F , ,N,C,100,0,0,0,,,1744195,5944675
Auckland,KAHIKATEA FLAT ROAD,800,W, ,WHITEHILLS ROAD,201443110,13/08/2014,Wed,2054,DA,VE1,131A 363A ,EP,E,W,DN,L , , ,L,100,0,0,0,,,1743707,5944345
Auckland,KAHIKATEA FLAT ROAD,1000,W, ,WHITEHILLS ROAD,201445070,03/10/2014,Fri,150,DB,CW1,103A 111A ,T,E,W,DN,F , ,N,C,80,0,0,0,,,1743516,5944288
Auckland,KAHIKATEA FLAT ROAD,2500,W, ,WHITEHILLS ROAD,201440959,23/08/2014,Sat,1527,FD,CN1CC,181A ,,R,D,BN,F , ,N,L,100,0,0,0,,,1742093,5943854
Auckland,KAIPATIKI ROAD,150,W, ,EASTON PARK PARADE,201410065,10/02/2014,Mon,1449,MC,MS1C,197A 372B 817 ,,E,D,B ,F , , ,C,50,0,1,0,,,1752820,5928143
Auckland,KAIPATIKI ROAD,, ,I,EASTON PARK PARADE,201447225,01/11/2014,Sat,1340,FB,CW1C,181A ,,E,D,B ,F ,R,G,R,50,0,0,0,,,1752974,5928208
Auckland,KAIPATIKI ROAD,25,E, ,EMIRAU PLACE,201436342,27/03/2014,Thu,919,BE,CW1C,129A 358A ,,R,D,OF,F , ,N,C,50,0,0,0,,,1753301,5928130
Auckland,KAIPATIKI ROAD,50,N, ,EMIRAU PLACE,201449475,28/12/2014,Sun,1515,CA,CS14,205A 929 ,,R,D,B ,F , , ,C,50,0,0,0,,,1753243,5928177
Auckland,KAIPATIKI ROAD,100,W, ,EMIRAU PLACE,201439489,23/06/2014,Mon,2036,EA,CS1C,386A ,M,E,D,DO,F , ,N,C,50,0,0,0,,,1753203,5928208
Auckland,KAIPATIKI ROAD,20,W, ,GLENFIELD ROAD,201442061,21/07/2014,Mon,1730,JA,CE1C,308B 922 ,,E,W,OO,F ,D,N,P,50,0,0,0,,,1753542,5927939
Auckland,KAIPATIKI ROAD,, ,I,GLENFIELD ROAD,201430869,22/02/2014,Sat,1900,FB,CE1X,181A ,,E,D,BF,F ,X,G,R,50,0,0,0,,,1753559,5927929
Auckland,KAIPATIKI ROAD,, ,I,GLENFIELD ROAD,201447259,17/10/2014,Fri,2123,FB,VS1C,181A 331A ,,E,D,DO,F ,T,G,R,50,0,0,0,,,1753559,5927929
Auckland,KAIPATIKI ROAD,, ,I,STANLEY ROAD,201444325,04/09/2014,Thu,2213,DA,CS1,131A 402A 403A 901 ,C,E,W,DO,H ,R,G,R,50,0,0,0,,,1752676,5927926
Auckland,KAITARAKIHI ROAD,100,S, ,HUIA ROAD,201444303,28/09/2014,Sun,1600,DB,CN1,111A 131A 402A 403A 801 ,C,M,W,O ,L , , ,N,100,0,0,0,,,1741241,5903387
Auckland,KAMARA ROAD,200,S, ,WEST COAST ROAD,201448172,03/11/2014,Mon,600,EA,CS1C,129A 130A 412A 862 ,FM,R,W,TF,L , , ,C,50,0,0,0,,,1746015,5913785
Auckland,KARAKA NORTH ROAD,470,S, ,CATO PEART ROAD,201414004,27/05/2014,Tue,330,DA,CN1,111A 139A ,T,M,W,DN,F , ,N,C,100,0,0,1,,,1767724,5893581
Auckland,KARAKA NORTH ROAD,, ,I,CATO PEART ROAD,201414337,12/06/2014,Thu,1654,DB,CN1,136A 631A 801 ,,M,W,O ,L ,T,N,C,100,0,0,1,,,1767861,5894025
Auckland,KARANGAHAPE ROAD,15,E, ,DAY ST,201440935,17/06/2014,Tue,2037,AC,CE1C,103A 372A ,,R,W,DO,L , ,N,C,50,0,0,0,,,1756621,5919444
Auckland,KARANGAHAPE ROAD,30,E, ,EAST ST,201441121,14/08/2014,Thu,110,MA,CW1C,371B ,,R,W,DO,F , ,N,R,50,0,0,0,,,1756723,5919481
Auckland,KARANGAHAPE ROAD,5,W, ,EAST ST,201435886,04/05/2014,Sun,325,NA,CW1E,105B ,,R,D,DO,F ,T,G,C,50,0,0,0,,,1756690,5919468
Auckland,KARANGAHAPE ROAD,20,W, ,EAST ST,201414896,23/07/2014,Wed,1624,MC,MW1V,202B 372B ,,R,D,BF,F , ,N,R,50,0,0,1,,,1756676,5919463
Auckland,KARANGAHAPE ROAD,, ,I,GUNDRY ST,201437291,06/06/2014,Fri,1420,JC,CN2C,301A 350A ,,R,D,BF,F ,T,S,L,50,0,0,0,,,1756319,5919326
Auckland,KARANGAHAPE ROAD,, ,I,GUNDRY ST,201415386,02/09/2014,Tue,2245,JA,CW1C,301B 375B ,,R,D,DO,F ,T,S,C,50,0,0,1,,,1756319,5919326
Auckland,KARANGAHAPE ROAD,10,S, ,HEREFORD ST,201438126,15/05/2014,Thu,2135,MA,CN1X,373B ,,R,D,DO,F ,T,G,C,50,0,0,0,,,1756325,5919331
Auckland,KARANGAHAPE ROAD,25,W, ,HEREFORD ST,201447496,19/04/2014,Sat,110,EE,XE1C,330B 374B ,M,R,W,DO,F , ,N,R,50,0,0,0,,,1756314,5919321
Auckland,KARANGAHAPE ROAD,, ,I,HEREFORD ST,201447245,01/11/2014,Sat,1234,JA,CN1CC,130A 301B 314B 402B ,,M,D,O ,F ,T,S,C,50,0,0,0,,,1756332,5919338
Auckland,KARANGAHAPE ROAD,, ,I,HOWE ST,201439538,22/06/2014,Sun,100,LB,CW1C,322A ,,R,W,DO,F ,T,T,C,50,0,0,0,,,1756442,5919378
Auckland,KARANGAHAPE ROAD,, ,I,HOWE ST,201434697,22/03/2014,Sat,852,LB,CE1C,303B 334B ,,R,D,BF,F ,T,T,C,50,0,0,0,,,1756442,5919378
Auckland,KARANGAHAPE ROAD,, ,I,HOWE ST,201446527,21/10/2014,Tue,1108,JA,CE1C,322A 334A ,,R,D,B ,F ,X,T,C,50,0,0,0,,,1756442,5919378
Auckland,KARANGAHAPE ROAD,, ,I,MERCURY LANE,201410072,12/02/2014,Wed,1330,AC,CW1M,177A 330A 402B ,P,R,D,B ,F ,X,T,C,50,0,1,0,,,1756812,5919468
Auckland,KARANGAHAPE ROAD,, ,I,MERCURY LANE,201435482,01/05/2014,Thu,800,GA,BW1C,181A 132B 194B ,,R,D,B ,F ,X,T,C,50,0,0,0,,,1756812,5919468
Auckland,KARANGAHAPE ROAD,20,E, ,PITT ST,201449828,14/12/2014,Sun,120,MB,4E1X,303B ,,R,W,DO,L ,X,T,C,50,0,0,0,,,1756832,5919464
Auckland,KARANGAHAPE ROAD,10,W, ,PITT ST,201411638,15/02/2014,Sat,115,NA,CW1E,105B 713B ,,R,D,DO,F ,X,T,C,50,0,0,1,31,,1756802,5919470
Auckland,KARANGAHAPE ROAD,10,W, ,PITT ST,201435404,01/05/2014,Thu,1000,MO,TE1,686A ,H,M,D,BF,F ,X,T,C,50,0,0,0,,,1756802,5919470
Auckland,KARANGAHAPE ROAD,40,W, ,PITT ST,201441357,20/07/2014,Sun,520,MC,CW1C,372B 402B 801 ,H,E,W,DO,L , , ,C,50,0,0,0,,,1756773,5919476
Auckland,KARANGAHAPE ROAD,, ,I,PITT ST,201410457,17/02/2014,Mon,730,FE,CS2S,331A 902 ,,R,D,B ,F ,X,T,C,50,0,0,1,,30,1756812,5919468
Auckland,KARANGAHAPE ROAD,, ,I,PITT ST,201434704,15/04/2014,Tue,1840,AA,SW1C,372A ,,R,D,DO,F ,X,T,C,50,0,0,0,,,1756812,5919468
Auckland,KARANGAHAPE ROAD,, ,I,PITT ST,201433785,08/04/2014,Tue,1415,AO,SE1B,386B ,,R,D,B ,F ,T,T,C,70,0,0,0,,,1756812,5919468
Auckland,KARANGAHAPE ROAD,, ,I,PITT ST,201415058,20/07/2014,Sun,730,HA,CW1CCC,322A ,MP,R,W,O ,L ,X,T,C,50,0,0,1,,,1756812,5919468
Auckland,KARANGAHAPE ROAD,15,E, ,PONSONBY ROAD,201438961,11/06/2014,Wed,1330,AO,VE1C,381A ,,R,D,OF,F , ,N,C,50,0,0,0,,,1756258,5919268
Auckland,KARANGAHAPE ROAD,, ,I,PONSONBY ROAD,201440112,01/06/2014,Sun,58,FE,VW1C,103A 181A ,,R,D,DO,F ,X,T,C,50,0,0,0,,,1756247,5919258
Auckland,KARANGAHAPE ROAD,20,E, ,QUEEN ST,201436429,06/05/2014,Tue,1915,EA,BW1C,129A 385A ,Q,E,D,DO,F , ,N,C,50,0,0,0,,,1757045,5919441
Auckland,KARANGAHAPE ROAD,20,W, ,QUEEN ST,201415778,10/09/2014,Wed,1923,EE,SE1C,374B ,Q,R,D,TO,F , ,N,C,50,0,0,1,,,1757005,5919442
Auckland,KARANGAHAPE ROAD,80,W, ,QUEEN ST,201432698,15/02/2014,Sat,1945,MA,CE1X,373B 387B ,,R,D,B ,F , ,N,C,50,0,0,0,,,1756945,5919442
Auckland,KARANGAHAPE ROAD,100,W, ,QUEEN ST,201433230,19/03/2014,Wed,1420,MO,TE1C,371A 671A 387B ,M,R,D,BF,F , ,N,C,50,0,0,0,,,1756925,5919446
Auckland,KARANGAHAPE ROAD,, ,I,QUEEN ST,201435065,02/04/2014,Wed,500,LB,CW1C,303B 375B ,,R,D,DO,F ,X,T,C,50,0,0,0,,,1757025,5919442
Auckland,KARANGAHAPE ROAD,, ,I,QUEEN ST,201446577,19/10/2014,Sun,1130,LB,CE1C,323B 353B ,,R,D,B ,F ,X,T,C,50,0,0,0,,,1757025,5919442
Auckland,KARANGAHAPE ROAD,, ,I,QUEEN ST,201442626,10/07/2014,Thu,1155,FE,CE1C,181A ,,R,W,OF,F ,X,T,C,50,0,0,0,,,1757025,5919442
Auckland,KARANGAHAPE ROAD,, ,I,QUEEN ST,201439646,24/06/2014,Tue,200,LB,CS2C,303B 334B 352B ,,R,W,DO,L ,X,T,C,50,0,0,0,,,1757025,5919442
Auckland,KARANGAHAPE ROAD,20,W, ,SYMONDS ST,201440468,27/07/2014,Sun,1615,MA,CE1C,373B ,,R,D,B ,F ,T,N,C,50,0,0,0,,,1757197,5919391
Auckland,KARANGAHAPE ROAD,30,W, ,SYMONDS ST,201412984,04/06/2014,Wed,1101,MB,MW1C,303B ,,R,D,B ,F , , ,C,50,0,0,1,,,1757188,5919395
Auckland,KARANGAHAPE ROAD,10,E, ,UPPER QUEEN ST,201412166,22/04/2014,Tue,1220,AC,VE1S,357A 512A ,K,E,D,B ,F ,X,T,C,50,0,0,1,,49,1757035,5919442
Auckland,KARANGAHAPE ROAD,30,W, ,UPPER QUEEN ST,201446890,06/11/2014,Thu,1940,MO,BW1C,386A ,M,R,D,B ,F , ,N,C,50,0,0,0,,,1756995,5919442
Auckland,KARANGAHAPE ROAD,, ,I,UPPER QUEEN ST,201448954,01/12/2014,Mon,1800,KC,BN2C,315B ,,E,D,B ,F ,X,G,C,50,0,0,0,,,1757025,5919442
Auckland,KARANGAHAPE ROAD,, ,I,UPPER QUEEN ST,201445845,14/10/2014,Tue,2140,KC,VN2C,129A 386A 129B 386B ,,E,D,DO,F ,X,G,L,50,0,0,0,,,1757025,5919442
Auckland,KARANGAHAPE ROAD,, ,I,UPPER QUEEN ST,201431832,10/02/2014,Mon,900,JC,CN24,302A 375A ,,R,D,BF,F ,X,G,R,50,0,0,0,,,1757025,5919442
Auckland,KARANGAHAPE ROAD,100,E, ,WEST TERRACE,201449848,05/12/2014,Fri,1424,AC,VW1C,372A ,,R,D,BF,F , ,N,C,50,0,0,0,,,1756667,5919460
Auckland,KAREPIRO DRIVE,, ,I,RISHWORTH AVENUE,201417234,29/10/2014,Wed,959,LB,4S1C,303B 375B 801 927 ,,E,W,O ,L ,D,G,C,50,0,0,1,,,1755538,5944156
Auckland,KARIOITAHI ROAD,60,E, ,HONEY ROAD,201436273,18/05/2014,Sun,530,DA,40,111A 129A 131A ,,M,D,DN,M , , ,C,100,0,0,0,,,1751143,5874731
Auckland,KARIOITAHI ROAD,600,E, ,KOHEKOHE-KARIOITAHI ROAD,201437257,20/05/2014,Tue,1610,DA,CE1,111A 131A ,F,M,D,OF,F , ,N,N,100,0,0,0,,,1749320,5873936
Auckland,KARIOITAHI ROAD,300,W, ,KOHEKOHE-KARIOITAHI ROAD,201437188,09/03/2014,Sun,1835,DA,CE1,111A 131A ,F,S,D,BN,F , ,N,C,100,0,0,0,,,1748631,5873389
Auckland,KARIOITAHI ROAD,1600,W, ,KOHEKOHE-KARIOITAHI ROAD,201449425,27/12/2014,Sat,2220,DA,CE1,111A 129A 131A ,C,M,D,DN,F , , ,C,100,0,0,0,,,1747538,5872763
Auckland,KATE SHEPPARD AVENUE,15,N, ,HELEN RYBURN PLACE,201440251,10/07/2014,Thu,2209,DB,CW1,111A 131A 402A 901 ,K,M,W,DO,H , , ,C,50,0,0,0,,,1754232,5936690
Auckland,KAURI CRESCENT,100,S, ,SNELLS BEACH ROAD,201438805,07/06/2014,Sat,2130,EA,CN1C,129A ,M,R,D,DO,F , ,N,N,50,0,0,0,,,1754959,5968003