TLANAME,CRASHROAD,CRASHDIST,CRASHDIRN,INTSN,SIDEROAD,CRASHID,CRASHDATE,CRASHDOW,CRASHTIME,MVMT,VEHICLES,CAUSES,OBJECTSSTRUCK,ROADCURVE,ROADWET,LIGHT,WTHRa,JUNCTYPE,TRAFCTRL,ROADMARK,SPDLIM,CRASHFATALCNT,CRASHSEVCNT,CRASHMINCNT,PERSAGE1,PERSAGE2,EASTING,NORTHING
Auckland,KAURI ROAD,, ,I,HOLIDAY ROAD,201443087,13/09/2014,Sat,1237,MC,CN1C,330B 372B 402B ,,R,D,B ,F ,T,N,C,50,0,0,0,,,1755475,5945009
Auckland,KAURI ROAD,200,N, ,PURIRI ROAD,201416118,15/09/2014,Mon,1525,EA,VN1C,129A 500A ,M,R,D,B ,F , , ,N,50,0,0,1,,,1746758,5928239
Auckland,KAURI ROAD,80,S, ,PURIRI ROAD,201440245,02/07/2014,Wed,1915,CC,CS1,133A 402A 801 ,V,R,W,DO,L , , ,C,50,0,0,0,,,1746689,5927968
Auckland,KAURI ROAD,20,S, ,WAIPA ST,201447505,02/10/2014,Thu,700,EA,CN1C,129A 801 ,M,R,W,O ,L , , ,N,50,0,0,0,,,1752255,5925046
Auckland,KAURI ROAD,110,W, ,WAIPA ST,201437356,02/06/2014,Mon,1800,AO,CW1C,150A 381A ,,R,D,DO,F , ,N,N,50,0,0,0,,,1752199,5924978
Auckland,KAURILANDS ROAD,15,W, ,ATKINSON ROAD,201411342,05/11/2014,Wed,1735,BA,CW1C,125A ,,R,W,OF,F , ,N,X,50,0,0,2,,,1747351,5911955
Auckland,KAURILANDS ROAD,100,W, ,ATKINSON ROAD,201449162,05/11/2014,Wed,1735,BA,CW1C,125A ,,R,D,BF,F , ,N,X,50,0,0,0,,,1747282,5912004
Auckland,KAURILANDS ROAD,100,W, ,SUNRAY AVENUE,201430473,22/01/2014,Wed,1100,EE,CS1C,374B ,M,R,D,B ,F , ,N,C,50,0,0,0,,,1747086,5912154
Auckland,KAWAKAWA BAY COAST ROAD,520,N, ,TE PAPA ROAD,201437365,12/06/2014,Thu,1410,KB,TN1C,308B 375B 929 ,,R,D,ON,F ,D,N,N,100,0,0,0,,,1794655,5910081
Auckland,KAWAKAWA-ORERE ROAD,1000,S, ,CLEVEDON-KAWAKAWA ROAD,201415490,07/09/2014,Sun,1235,DA,MN1,129A 131A 532A 804 ,T,E,D,B ,F , , ,C,100,0,0,1,,,1793562,5907826
Auckland,KAWAKAWA-ORERE ROAD,3000,W, ,ORERE POINT ROAD,201413919,28/02/2014,Fri,1930,DA,MW1,111A 131A ,T,E,D,BF,F ,T,N,C,100,0,1,0,,,1795539,5904351
Auckland,KAWAKAWA-ORERE ROAD,300,W, ,ORERE-MATINGARAHI ROAD,201413600,08/06/2014,Sun,1130,DA,MW1,135A 801 806 ,,E,W,O ,L , , ,C,100,0,1,0,,,1797901,5905010
Auckland,KAYES ROAD,50,S, ,MARGARITA RISE,201413055,18/05/2014,Sun,1805,CC,MN1,135A 809 ,,R,D,DO,F , ,N,C,50,0,0,1,,,1768301,5882035
Auckland,KAYES ROAD,, ,I,MARGARITA RISE,201417552,22/11/2014,Sat,1725,JA,CN1C,302B ,,E,W,OF,L ,T,G,C,50,0,0,1,,,1768336,5882071
Auckland,KAYES ROAD,10,W, ,PRADO DRIVE,201435108,04/04/2014,Fri,2251,MD,CE1C,371B 929 ,,R,D,DO,F ,D,N,C,50,0,0,0,,,1768504,5882239
Auckland,KEEGAN DRIVE,100,E, ,LILBURN CRESCENT,201440785,24/07/2014,Thu,2000,EA,CE1C,129A ,M,R,D,DF,F , , ,C,70,0,0,0,,,1744436,5921060
Auckland,KEEGAN DRIVE,200,N, ,WAIMUMU ROAD,201449479,18/12/2014,Thu,620,EA,CE1C,129A ,M,R,D,O ,F , , ,C,50,0,0,0,,,1744400,5921072
Auckland,KEELING ROAD,400,N, ,HENDERSON VALLEY ROAD,201416408,13/10/2014,Mon,1015,MC,PN1C,330B 372B ,,R,D,B ,F , , ,C,50,0,0,1,,,1744727,5916624
Auckland,KELLYS ROAD,200,S, ,BROOMFIELDS ROAD,201438406,16/06/2014,Mon,2129,DB,CS1,101A 111A 131A 901 ,F,E,W,DN,H , , ,C,50,0,0,0,,,1773916,5910889
Auckland,KELMARNA AVENUE,20,N, ,HUKANUI CRESCENT,201444704,11/08/2014,Mon,905,EE,CN1C,374B ,Q,R,D,OF,F , ,N,C,50,0,0,0,,,1754640,5920220
Auckland,KELVIN HART DRIVE,100,N, ,GUYS ROAD,201414904,15/06/2014,Sun,2340,DA,CS1,104A 111A 131A ,TX,E,D,DO,F , ,N,C,50,0,1,0,,,1769783,5910420
Auckland,KELVIN HART DRIVE,20,S, ,LILYBANK CRESCENT N,201416929,27/08/2014,Wed,1930,DA,CS1CC,111A 131A ,MM,E,D,DO,F , ,N,C,50,0,0,1,,,1769849,5910230
Auckland,KELVIN ROAD,10,N, ,WILLIS ROAD,201448208,05/12/2014,Fri,845,GB,CN1C,150A 387A 144B 929 ,,R,D,B ,F ,D,N,C,50,0,0,0,,,1774134,5896579
Auckland,KELVIN ROAD,250,N, ,WILLIS ROAD,201438802,23/07/2014,Wed,1700,EA,CS1C,129A ,M,R,D,DO,F , ,N,C,50,0,0,0,,,1774015,5896787
Auckland,KELVIN ROAD,, ,I,WILLIS ROAD,201412586,07/05/2014,Wed,1755,CB,CE2,112A 130A ,FH,R,D,DO,F ,T,S,C,50,0,1,0,,,1774139,5896570
Auckland,KELVYN GROVE,60,W, ,SCENIC DRIVE,201442387,28/08/2014,Thu,1440,JA,CE1C,308B 375B 929 ,,E,D,B ,F ,D,N,C,50,0,0,0,,,1768728,5901607
Auckland,KEMP ROAD,50,S, ,GLENBERVIE CRESCENT N,201416027,11/09/2014,Thu,1709,EA,CS1CC,112A 359A ,M,R,W,TF,L , ,N,C,50,0,0,1,,,1743643,5922433
Auckland,KENDERDINE ROAD,, ,I,BRIDGE ST,201416659,18/10/2014,Sat,2025,LB,CS1C,302A 337A 350A 801 ,,R,W,DO,L ,T,G,C,50,0,0,1,,,1765008,5904790
Auckland,KENDERDINE ROAD,, ,I,BRIDGE ST,201450261,16/12/2014,Tue,1030,LB,CS14,302A ,,E,D,OF,F ,T,G,C,50,0,0,0,,,1765008,5904790
Auckland,KENDERDINE ROAD,, ,I,BRIDGE ST,201434305,12/04/2014,Sat,1130,LB,4S1C,302A ,,S,D,B ,F ,T,G,C,50,0,0,0,,,1765008,5904790
Auckland,KENDERDINE ROAD,, ,I,BRIDGE ST,201449556,13/12/2014,Sat,2235,LB,CS1C,110A 302A 901 ,,M,W,DO,H ,T,G,C,50,0,0,0,,,1765008,5904790
Auckland,KENDERDINE ROAD,, ,I,BRIDGE ST,201433553,16/04/2014,Wed,730,JA,CN1C,302B ,,E,D,OF,F ,T,G,C,50,0,0,0,,,1765008,5904790
Auckland,KENDERDINE ROAD,100,N, ,CHESTNUT ROAD,201438931,17/06/2014,Tue,2043,CB,CN1VC,501A ,MM,R,W,DO,L , ,N,C,50,0,0,0,,,1764912,5905099
Auckland,KENDERDINE ROAD,120,S, ,CHESTNUT ROAD,201437725,06/06/2014,Fri,2120,MD,CN1C,204A 371B 929 ,,R,D,DO,F ,D, ,C,50,0,0,0,,,1764983,5904891
Auckland,KENDERDINE ROAD,50,N, ,VERDI ST,201418687,13/12/2014,Sat,1700,GB,CN1V,101A 160A 929 ,,R,D,TF,L ,D,N,C,50,0,0,2,,,1764795,5905388
Auckland,KENDERDINE ROAD,180,N, ,VERDI ST,201431055,18/02/2014,Tue,1451,EO,TN1,330A 370A ,PX,R,D,B ,F , ,N,C,50,0,0,0,,,1764737,5905504
Auckland,KENDERDINE ROAD,100,S, ,VERDI ST,201438932,17/06/2014,Tue,2022,CB,4S14,132A 331A ,M,R,W,DO,L , ,N,C,50,0,0,0,,,1764851,5905249
Auckland,KENNETH AVENUE,20,W, ,SANDRINGHAM ROAD,201412672,13/04/2014,Sun,1600,PB,CE1E,129A ,,R,D,BF,F , ,N,C,50,0,0,1,18,,1755079,5917107
Auckland,KENT ST,15,E, ,YORK ST,201448953,29/11/2014,Sat,1300,EA,CW1C,129A ,M,R,D,B ,F , , ,C,50,0,0,0,,,1758347,5918279
Auckland,KEPA ROAD,100,E, ,COLENSO PLACE,201438614,12/06/2014,Thu,1448,AA,CW1C,184A 184B ,,E,D,O ,F , , ,C,50,0,0,0,,,1762988,5919034
Auckland,KEPA ROAD,20,W, ,COLENSO PLACE,201444128,18/09/2014,Thu,621,AO,CW1M,381A ,,M,D,OF,F ,Y,N,C,50,0,0,0,,,1762906,5918949
Auckland,KEPA ROAD,10,E, ,GODDEN CRESCENT,201433430,21/03/2014,Fri,1831,FD,CW1C,181A ,,E,D,BF,F ,T,S,C,50,0,0,0,,,1763652,5919063
Auckland,KEPA ROAD,100,W, ,KOHIMARAMA ROAD,201435255,21/03/2014,Fri,1735,FD,CE1C,181A ,,E,D,B ,F , , ,C,50,0,0,0,,,1763688,5919071
Auckland,KEPA ROAD,40,W, ,KUPE ST,201433549,10/04/2014,Thu,1845,DB,CE1C,111A 131A 930 ,,R,D,DO,F ,D,G,C,50,0,0,0,,,1762581,5918948
Auckland,KEPA ROAD,140,W, ,KUPE ST,201444127,24/09/2014,Wed,1714,FD,4E1C,181A ,,R,D,BF,F , ,N,C,50,0,0,0,,,1762475,5918921
Auckland,KEPA ROAD,, ,I,KUPE ST,201431253,01/03/2014,Sat,300,DC,CS2,130A ,X,R,D,DO,F ,T,S,R,50,0,0,0,,,1762615,5918926
Auckland,KEPA ROAD,100,E, ,KURAHAUPO ST,201434486,15/02/2014,Sat,2345,DA,CW1,101A 131A ,FKX,E,D,DO,F , , ,P,50,0,0,0,,,1762879,5918937
Auckland,KEPA ROAD,190,W, ,NEHU ST,201416647,02/10/2014,Thu,1902,DA,CW1,101A 111A 131A 407A ,T,E,W,DO,F , , ,L,50,0,0,1,,,1762078,5918885
Auckland,KEPA ROAD,, ,I,NEHU ST,201439632,09/06/2014,Mon,725,DA,CS2,131A 800 ,K,R,W,O ,F ,T,G,C,50,0,0,0,,,1762266,5918906
Auckland,KEPA ROAD,100,E, ,NGAPIPI ROAD,201412431,14/04/2014,Mon,730,BF,VE1C,131A 503A ,,E,W,O ,F , , ,C,50,0,0,2,,,1761698,5918975
Auckland,KEPA ROAD,80,E, ,ORAKEI ROAD,201440242,02/07/2014,Wed,925,DB,VE1,131A 801 ,KX,E,W,O ,L , , ,L,50,0,0,0,,,1761678,5918979
Auckland,KEPA ROAD,190,E, ,PATTESON AVENUE,201446047,11/10/2014,Sat,330,CB,CW1,130A 351A ,T,R,D,DO,F , , ,L,50,0,0,0,,,1763286,5919070
Auckland,KEPA ROAD,, ,I,PATTESON AVENUE,201439665,01/07/2014,Tue,630,KA,CW1C,302B ,,E,W,TO,F ,X,G,R,50,0,0,0,,,1763103,5919111
Auckland,KEPA ROAD,40,E, ,THATCHER ST,201441369,30/07/2014,Wed,1450,EA,CW14,129A 386A ,M,R,D,B ,F , , ,C,50,0,0,0,,,1763486,5919030
Auckland,KEPA ROAD,60,E, ,THATCHER ST,201413279,27/05/2014,Tue,1543,BE,CE1CC,125A 358A ,,R,D,B ,F , ,N,C,50,0,0,2,,,1763506,5919027
Auckland,KEPA ROAD,100,E, ,THATCHER ST,201418498,31/12/2014,Wed,1950,BF,CE1C,131A 330A 801 ,,E,W,TO,L , , ,C,50,0,0,2,,,1763546,5919031
Auckland,KERERU ST,150,N, ,LAVELLE ROAD,201430352,22/01/2014,Wed,824,CC,CN1,129A 357A ,P,R,D,B ,F , ,N,N,50,0,0,0,,,1745994,5916620
Auckland,KERERU ST,190,N, ,LAVELLE ROAD,201414302,26/06/2014,Thu,1256,LB,CS1C,112A 130A 191A 378B 830 929 ,,R,D,B ,F ,D, ,C,50,0,0,1,,,1745975,5916655
Auckland,KERN PLACE,80,S, ,SHARLAND AVENUE,201449311,09/12/2014,Tue,1135,QD,CS1,428A 514A 517A 929 ,CF,R,D,O ,F ,D, ,N,50,0,0,0,,,1766340,5900225
Auckland,KERR ST,100,E, ,VICTORIA ROAD,201439659,04/06/2014,Wed,1000,EA,CW1CCC,129A ,MMM,R,D,B ,F , , ,N,50,0,0,0,,,1760409,5922630
Auckland,KERRS ROAD,50,E, ,DALGETY DRIVE,201418844,21/11/2014,Fri,1742,FD,MW1C,101A 131A ,,R,D,OF,F , ,N,C,50,0,0,1,,,1766754,5902726
Auckland,KERRS ROAD,70,W, ,DALGETY DRIVE,201449302,30/10/2014,Thu,1300,MO,TW1,371A 385A 927 ,KP,R,D,O ,F ,D, ,C,50,0,0,0,,,1766643,5902682
Auckland,KERRS ROAD,, ,I,DRUCES ROAD,201418241,07/12/2014,Sun,340,HA,CW1C,103B 302B 402B ,,R,D,DO,F ,X,G,R,60,0,0,1,,,1767318,5902955
Auckland,KERRS ROAD,, ,I,DRUCES ROAD,201414755,12/07/2014,Sat,2217,HA,CW1C,302B 330B 801 ,F,R,W,DO,L ,T,G,C,60,0,0,1,,,1767318,5902955
Auckland,KERRS ROAD,, ,I,DRUCES ROAD,201435974,17/05/2014,Sat,536,DA,CS2,103A 111A 131A ,F,R,D,DO,M ,X,G,C,60,0,0,0,,,1767318,5902955
Auckland,KERRS ROAD,15,W, ,GREAT SOUTH ROAD,201437319,12/06/2014,Thu,1640,LB,CN1T,385B 922 ,,R,D,OF,F ,D,N,C,50,0,0,0,,,1768093,5903281
Auckland,KERRS ROAD,80,W, ,HOBILL AVENUE,201438741,01/07/2014,Tue,1533,JA,CW1C,308B 377B 839 927 ,,R,W,OF,H ,D,N,C,60,0,0,0,,,1766853,5902766
Auckland,KERVIL AVENUE,60,N, ,SHAMROCK LANE,201433390,22/03/2014,Sat,304,DA,CS1,103A 111A 131A ,FT,M,D,DO,F , ,N,C,50,0,0,0,,,1747024,5921925
Auckland,KERWYN AVENUE,40,W, ,ANDROMEDA CRESCENT E,201437036,31/01/2014,Fri,921,GB,VE1T,160A 927 ,,E,D,B ,F ,D,N,P,50,0,0,0,,,1768131,5909307
Auckland,KERWYN AVENUE,40,W, ,ARWEN PLACE,201415965,24/06/2014,Tue,930,LB,VE1T,303B 375B 927 ,,E,D,B ,F ,D, ,C,60,0,1,0,,,1767673,5909449
Auckland,KERWYN AVENUE,, ,I,BUSINESS PARADE SOUTH,201440491,01/08/2014,Fri,1400,HA,TW1C,322A 334A ,,R,D,B ,F ,X,T,C,50,0,0,0,,,1767017,5910335
Auckland,KESTEV DRIVE,100,E, ,ERICA ROAD,201445407,20/09/2014,Sat,2000,EA,CE1CC,129A 358A ,MM,R,W,DO,L , , ,N,50,0,0,0,,,1770484,5908135
Auckland,KHYBER PASS ROAD,, ,I,AUBURN ST,201442874,02/09/2014,Tue,1125,GE,CE1C,330B 671B ,,R,D,B ,F ,T,S,C,50,0,0,0,,,1757445,5918631
Auckland,KHYBER PASS ROAD,, ,I,AUBURN ST,201449174,07/12/2014,Sun,1105,JA,CW1C,301B 375B ,,R,D,BF,F ,T,S,C,50,0,0,0,,,1757445,5918631
Auckland,KHYBER PASS ROAD,60,W, ,BROADWAY,201433548,11/04/2014,Fri,1145,AO,BE1C,381A 671A ,,R,W,OF,L , ,N,C,50,0,0,0,,,1758439,5918349
Auckland,KHYBER PASS ROAD,, ,I,BROADWAY,201435827,04/04/2014,Fri,940,FE,CE14,501A ,,R,D,BF,F ,T,T,C,50,0,0,0,,,1758497,5918334
Auckland,KHYBER PASS ROAD,, ,I,BROADWAY,201444391,28/09/2014,Sun,420,BC,CN2C,103A 110A 122A 801 ,,M,W,DO,L ,X,T,C,50,0,0,0,,,1758497,5918334
Auckland,KHYBER PASS ROAD,100,W, ,BURLEIGH ST,201414627,23/07/2014,Wed,850,NA,CW1E,402A 712B ,,R,D,O ,F , , ,P,50,0,0,1,54,,1757024,5918749
Auckland,KHYBER PASS ROAD,60,W, ,CROWHURST ST,201430084,17/02/2014,Mon,1325,AO,BE1C,381A 671A ,,R,D,BF,F , ,N,C,50,0,0,0,,,1758194,5918418
Auckland,KHYBER PASS ROAD,, ,I,CROWHURST ST,201430649,05/02/2014,Wed,1720,FE,BE1C,181A ,,R,D,B ,F ,X,T,C,50,0,0,0,,,1758252,5918402
Auckland,KHYBER PASS ROAD,15,W, ,GRAFTON ROAD,201445704,15/10/2014,Wed,916,AD,CN1C,381A 386A ,,R,D,B ,F ,X,T,C,50,0,0,0,,,1757234,5918690
Auckland,KHYBER PASS ROAD,, ,I,GRAFTON ROAD,201438629,24/05/2014,Sat,1752,LB,CE1X,303B ,,R,D,DO,F ,X,T,C,50,0,0,0,,,1757248,5918686
Auckland,KHYBER PASS ROAD,, ,I,GRAFTON ROAD,201434500,20/03/2014,Thu,2055,LB,CE1C,303B 375B ,,M,D,DO,F ,X,T,C,50,0,0,0,,,1757248,5918686
Auckland,KHYBER PASS ROAD,, ,I,GRAFTON ROAD,201438553,07/06/2014,Sat,1255,LB,VE1C,303B 382B ,,R,D,O ,F ,X,T,C,50,0,0,0,,,1757248,5918686
Auckland,KHYBER PASS ROAD,, ,I,GRAFTON ROAD,201436372,24/03/2014,Mon,702,GB,CE1B,172B ,,R,D,BF,F ,X,T,C,50,0,0,0,,,1757248,5918686
Auckland,KHYBER PASS ROAD,, ,I,KHYBER PASS ON SBD,201447815,23/10/2014,Thu,1900,LB,CW1C,322A ,,R,D,OF,F ,M,T,C,50,0,0,0,,,1757571,5918596
Auckland,KHYBER PASS ROAD,, ,I,KHYBER PASS ON SBD E,201438630,08/06/2014,Sun,2106,LB,CW1C,303B ,,R,D,DO,F ,X,T,C,50,0,0,0,,,1757571,5918596
Auckland,KHYBER PASS ROAD,25,E, ,KINGDON ST,201437184,16/05/2014,Fri,1601,AO,BE1C4B,385A 671A ,,E,D,BF,F , ,N,C,50,0,0,0,,,1758353,5918373
Auckland,KHYBER PASS ROAD,15,W, ,KINGDON ST,201435387,02/04/2014,Wed,1710,ND,CE1E,376A 929 ,,R,D,O ,F ,D,N,N,50,0,0,0,,,1758314,5918383
Auckland,KHYBER PASS ROAD,, ,I,KINGDON ST,201436387,10/05/2014,Sat,1743,JC,CS2C,301A ,,R,D,BF,F ,T,S,C,50,0,0,0,,,1758329,5918379
Auckland,KHYBER PASS ROAD,, ,I,KINGDON ST,201447222,02/11/2014,Sun,1600,KA,CE1C,301B ,,R,D,B ,F ,T,S,C,50,0,0,0,,,1758329,5918379
Auckland,KHYBER PASS ROAD,50,W, ,MADEIRA PLACE,201444392,18/09/2014,Thu,1720,FA,CW1CC,331A 350A ,,R,D,B ,F , , ,C,50,0,0,0,,,1757151,5918712
Auckland,KHYBER PASS ROAD,, ,I,MCCOLL ST,201412817,27/03/2014,Thu,1820,KA,PE1C,301B 370B ,,R,D,B ,F ,T,S,C,50,0,0,1,,,1758097,5918447
Auckland,KHYBER PASS ROAD,10,W, ,MELROSE ST,201433335,22/02/2014,Sat,1648,EE,BW1C,129A 671A ,M,R,D,OF,F ,T,G,C,50,0,0,0,,,1758165,5918426
Auckland,KHYBER PASS ROAD,50,W, ,MELROSE ST,201435386,07/04/2014,Mon,1610,MC,CW14,181A 372B ,,R,D,B ,F , , ,C,50,0,0,0,,,1758127,5918438
Auckland,KHYBER PASS ROAD,40,E, ,NUGENT ST,201435478,11/04/2014,Fri,1725,FA,CW1C,130A 501A ,,R,D,TF,F , ,N,C,50,0,0,0,,,1757287,5918676
Auckland,KHYBER PASS ROAD,, ,I,NUGENT ST,201416747,20/10/2014,Mon,1058,HA,MN2C,322B 334B ,,R,D,B ,F ,X,T,C,50,0,0,1,,,1757248,5918686
Auckland,KHYBER PASS ROAD,120,E, ,PARK ROAD,201449695,17/12/2014,Wed,1250,AA,BW1C,350A 372A 330B ,,R,W,O ,L , , ,C,50,0,0,0,,,1757932,5918493
Auckland,KHYBER PASS ROAD,, ,I,PARK ROAD,201411622,14/03/2014,Fri,1005,HA,CE1C,322A 350A ,,R,D,BF,F ,X,T,C,50,0,0,1,,,1757816,5918526
Auckland,KHYBER PASS ROAD,50,E, ,SYMONDS ST,201413836,26/05/2014,Mon,1105,NF,CW1E,370A 714B 724B 927 ,,R,D,O ,F ,D, ,P,50,0,0,1,58,,1757007,5918759
Auckland,KHYBER PASS ROAD,50,E, ,SYMONDS ST,201445581,02/10/2014,Thu,1754,FD,CW1CC,112A 181A 331A 634A ,,R,W,O ,L , , ,C,50,0,0,0,,,1757007,5918759
Auckland,KHYBER PASS ROAD,, ,I,SYMONDS ST,201449849,14/12/2014,Sun,110,FF,CW1C,181A 191B ,,R,W,DO,  ,X,T,C,50,0,0,0,,,1756969,5918790
Auckland,KHYBER PASS ROAD,, ,I,YORK ST,201432972,09/02/2014,Sun,1427,JA,CW1C,302B 375B ,,R,D,B ,F ,T,G,C,50,0,0,0,,,1758357,5918372
Auckland,KILKENNY DRIVE,, ,I,EAGLEMONT DRIVE,201418496,27/12/2014,Sat,2119,LB,ME1C,303B 330B 402B ,,R,D,TO,F ,T,G,C,50,0,0,1,,,1770522,5909732
Auckland,KILKENNY DRIVE,130,S, ,WESTERHAM DRIVE S,201447263,27/10/2014,Mon,2330,CB,CS1,108A 130A 410A ,P,R,W,DO,L , , ,C,50,0,0,0,,,1770965,5910741
Auckland,KILLARNEY ST,50,N, ,ANZAC ST,201431893,20/02/2014,Thu,1836,FD,CS1V,181A ,,E,D,OF,F , ,N,C,50,0,0,0,,,1757219,5927012
Auckland,KILLARNEY ST,5,W, ,PUPUKE ROAD,201413840,07/06/2014,Sat,1510,FB,4E1C,331A ,,R,D,B ,F ,R,G,P,50,0,0,1,,,1757343,5927124
Auckland,KILLINGTON CRESCENT,110,N, ,ORLY AVENUE,201435118,15/02/2014,Sat,1730,KA,CS14,308B 375B 930 ,,R,D,B ,F ,D,N,C,50,0,0,0,,,1759810,5907024
Auckland,KILLINGTON CRESCENT,150,N, ,ORLY AVENUE,201445512,04/10/2014,Sat,2200,EC,CS1,911,W,E,D,DO,F , , ,C,50,0,0,0,,,1759807,5907064
Auckland,KILLYBEGS DRIVE,, ,I,KILKELLY AVENUE,201444560,19/09/2014,Fri,2300,JA,CS1C,303B ,,E,D,DO,F ,T,N,N,50,0,0,0,,,1754344,5933607
Auckland,KILLYBEGS DRIVE,, ,I,MALIN PLACE,201431558,12/01/2014,Sun,1740,JA,CW1C,309B ,,E,D,BF,F ,T,N,N,50,0,0,0,,,1754330,5933346
Auckland,KIMBER HALL AVENUE,100,E, ,BOUNDARY ROAD,201442073,19/07/2014,Sat,2300,EA,TE1C,129A ,M,R,D,DO,F , ,N,C,50,0,0,0,,,1752899,5913068
Auckland,KIMBER HALL AVENUE,10,W, ,WHITE SWAN ROAD,201430463,16/01/2014,Thu,1130,MD,CE1C,371B ,,R,D,B ,F ,X,G,C,50,0,0,0,,,1753228,5912743
Auckland,KIMPTON ROAD,100,E, ,OVERTON ROAD,201431887,21/02/2014,Fri,1705,GB,4E1V,158A 387A 929 ,,R,D,BF,F ,D,N,C,50,0,0,0,,,1766541,5906944
Auckland,KIMPTONS ROAD,80,N, ,TWILIGHT ROAD,201449886,13/12/2014,Sat,1925,BB,CS1T,123A 404A ,,E,W,ON,L , ,N,C,80,0,0,0,,,1778215,5905770
Auckland,KINDERGARTEN DRIVE,80,S, ,SHARIVARI PLACE,201445217,24/07/2014,Thu,1530,MO,CN1,371A 671A ,P,E,D,B ,F , , ,C,50,0,0,0,,,1770329,5898239
Auckland,KING EDWARD AVENUE,10,W, ,MANUKAU ROAD,201430330,01/01/2014,Wed,1508,DA,CS1CCC,103A ,M,E,D,B ,F ,T,N,C,50,0,0,0,,,1758141,5915731
Auckland,KING EDWARD PARADE,140,E, ,BUCHANAN ST,201417267,25/10/2014,Sat,1900,CA,CW1,130A 501A ,IS,R,D,B ,F , , ,R,50,0,0,1,,,1760556,5922292
Auckland,KING ST,15,W, ,ATKINSON AVENUE,201437723,07/06/2014,Sat,1015,MC,CW1C,372B ,,R,D, N,F , , , ,50,0,0,0,,,1764204,5909939
Auckland,KING ST,15,E, ,GREAT SOUTH ROAD,201450221,04/01/2014,Sat,1240,MB,VE1C,303B 375B ,,R,D,BF,F , ,N,C,50,0,0,0,,,1764061,5909905
Auckland,KING ST,, ,I,MASSEY AVENUE,201435789,06/05/2014,Tue,1530,MO,CN1C,371A 402A ,,R,D,B ,F ,R,G,C,50,0,0,0,,,1769313,5881077
Auckland,KING ST,15,E, ,MEACHEN TERRACE,201416023,01/10/2014,Wed,1630,NB,CW1E,370A 711B ,,R,D,B ,F , ,N,R,50,0,1,0,,,1753285,5876293
Auckland,KING ST,, ,I,MEACHEN TERRACE,201414892,29/07/2014,Tue,1640,JA,CE1C,302B 363B 375B 902 ,,R,D,BF,F ,T,G,C,50,0,0,1,,,1753272,5876301
Auckland,KINGDON ST,, ,I,KHYBER PASS ROAD,201440612,09/07/2014,Wed,1610,GF,CS1C,129A ,,E,D,O ,F ,T,S,C,50,0,0,0,,,1758329,5918379
Auckland,KINGSEAT ROAD,, ,I,LINWOOD ROAD,201441655,21/04/2014,Mon,740,DA,CN1,111A 131A ,P,M,W,O ,F ,T,S,L,70,0,0,0,,,1759981,5889592
Auckland,KINGSEAT ROAD,, ,I,LINWOOD ROAD,201434632,19/04/2014,Sat,1010,BF,CW2C,111A 131A ,,M,W,ON,L ,X,G,C,100,0,0,0,,,1759981,5889592
Auckland,KINGSEAT ROAD,400,N, ,MAUKU ROAD,201412880,15/05/2014,Thu,540,FA,VS1V,104A 112A 331A 402A 929 ,,R,W,DO,  ,D, ,C,50,0,1,1,,,1761865,5882930
Auckland,KINGSEAT ROAD,500,E, ,MCKENZIE ROAD,201438140,12/05/2014,Mon,1600,QG,CW1,665A ,C,R,D,BN,F , ,N,C,70,0,0,0,,,1759542,5888638
Auckland,KINGSEAT ROAD,500,E, ,MCKENZIE ROAD,201417932,09/12/2014,Tue,1705,DB,CW1,111A 410A ,C,M,D,O ,M , , ,C,50,0,0,1,,,1759542,5888638
Auckland,KINGSEAT ROAD,340,N, ,PAMELA CHRISTINE ROAD,201440487,26/07/2014,Sat,2000,CB,VN1,101A 110A 134A ,FV,R,W,DN,F , ,N,C,100,0,0,0,,,1761601,5883488
Auckland,KINGSEAT ROAD,270,N, ,WAIAU PA ROAD,201411307,18/04/2014,Fri,1511,LB,CS14,303B 375B 929 ,,R,D,BN,F ,D,N,C,100,0,0,2,,,1759840,5886556
Auckland,KINGSLAND AVENUE,5,N, ,NEW NORTH ROAD,201448389,26/12/2014,Fri,1045,MG,CN1C,371B ,,R,D,B ,F ,T,S,L,50,0,0,0,,,1755182,5917804
Auckland,KINGSLAND TERRACE,30,E, ,CENTRAL ROAD,201444701,23/08/2014,Sat,1500,MO,CW1C,371A ,M,R,D,BF,F , ,N,C,50,0,0,0,,,1755558,5918003
Auckland,KINGSTON ST,5,W, ,FEDERAL ST,201438432,08/06/2014,Sun,1025,EA,CW1C,129A ,M,R,D,B ,F ,X,T,C,50,0,0,0,,,1757174,5920601
Auckland,KINGSWAY AVENUE,150,N, ,COYLE ST,201432233,15/01/2014,Wed,640,CC,CN1C,130A 410A ,M,R,D,O ,F , , ,C,50,0,0,0,,,1754524,5916094
Auckland,KINGSWAY AVENUE,, ,I,GROVE ROAD,201417529,16/11/2014,Sun,945,PC,CN1,204B 929 ,,R,D,BF,F ,D,N,C,50,0,0,1,,,1754600,5916370
Auckland,KINGSWAY ROAD,300,E, ,KAURI ROAD,201400141,19/06/2014,Thu,1907,DA,CW1,131A ,C,E,W,DN,L , , ,C,50,1,0,0,,,1746996,5928023
Auckland,KINROSS ST,5,W, ,BLOCKHOUSE BAY ROAD,201449799,17/12/2014,Wed,1500,FC,CW1C,181B ,,M,W,O ,F ,R,G,C,50,0,0,0,,,1751543,5912334
Auckland,KINROSS ST,, ,I,BLOCKHOUSE BAY ROAD,201418683,22/11/2014,Sat,649,CC,CN1,195A ,I,R,D,TF,F ,R,G,R,50,0,0,1,,,1751545,5912341
Auckland,KINROSS ST,120,E, ,ENDEAVOUR ST,201432381,04/03/2014,Tue,830,EA,CW1C,129A ,M,R,D,B ,F , , ,C,50,0,0,0,,,1751166,5912180
Auckland,KINROSS ST,200,E, ,ENDEAVOUR ST,201416330,21/09/2014,Sun,1750,EA,CW1V,129A 350A 410A ,M,R,W,O ,F , ,N,C,50,0,0,1,,,1751240,5912210
Auckland,KIRBY ST,, ,I,JENELIN ROAD,201444549,14/09/2014,Sun,1830,EA,CE1C,103A 129A ,M,R,D,DO,F ,T,N,C,50,0,0,0,,,1746875,5916118