TLANAME,CRASHROAD,CRASHDIST,CRASHDIRN,INTSN,SIDEROAD,CRASHID,CRASHDATE,CRASHDOW,CRASHTIME,MVMT,VEHICLES,CAUSES,OBJECTSSTRUCK,ROADCURVE,ROADWET,LIGHT,WTHRa,JUNCTYPE,TRAFCTRL,ROADMARK,SPDLIM,CRASHFATALCNT,CRASHSEVCNT,CRASHMINCNT,PERSAGE1,PERSAGE2,EASTING,NORTHING
Auckland,KIRKBRIDE ROAD,, ,I,ASCOT ROAD,201446862,13/11/2014,Thu,2227,FE,CE1CX,103A 112A 431A 103B 112B 431B ,,R,W,DO,F ,T,T,C,80,0,0,0,,,1759046,5906725
Auckland,KIRKBRIDE ROAD,5,S, ,IDLEWILD AVENUE,201444612,20/09/2014,Sat,0,CC,CN1,410A ,F,R,D,DO,F ,T,N,C,50,0,0,0,,,1758942,5907222
Auckland,KIRKBRIDE ROAD,50,S, ,IDLEWILD AVENUE,201430307,10/01/2014,Fri,1005,GB,CS14,181A 929 ,,R,D,B ,F ,D,N,C,60,0,0,0,,,1758946,5907177
Auckland,KIRKBRIDE ROAD,20,E, ,JORDAN ROAD,201434302,11/04/2014,Fri,2123,EA,CW1C,102A 129A ,M,R,D,DO,F , , ,C,60,0,0,0,,,1759637,5906331
Auckland,KIRKBRIDE ROAD,30,E, ,JORDAN ROAD,201446342,09/09/2014,Tue,1520,MB,CE1C,387B ,,R,D,BF,F , ,N,C,50,0,0,0,,,1759646,5906327
Auckland,KIRKBRIDE ROAD,, ,I,JORDAN ROAD,201433667,17/04/2014,Thu,825,JB,CW1C,302A ,,E,W,OF,H ,T,G,C,50,0,0,0,,,1759618,5906338
Auckland,KIRKBRIDE ROAD,50,W, ,MCKENZIE ROAD,201415787,21/09/2014,Sun,445,CB,CE1,103A 112A ,FP,R,D,DO,F , ,N,C,50,0,0,1,,,1758923,5907478
Auckland,KIRKBRIDE ROAD,500,S, ,MOUNTAIN ROAD,201446497,26/10/2014,Sun,105,EA,CE1V,101A 129A ,M,R,D,DO,F , ,N,N,50,0,0,0,,,1758887,5907740
Auckland,KIRKBRIDE ROAD,, ,I,VISCOUNT ST,201437176,30/05/2014,Fri,840,LB,CS1C,303B 382B 923 ,,R,W,OF,F ,D,N,C,50,0,0,0,,,1759019,5906807
Auckland,KIRKBRIDE ROAD,, ,I,VISCOUNT ST,201433557,03/04/2014,Thu,755,JA,SS1C,301B 314B 377B ,,R,D,BF,F ,T,S,C,50,0,0,0,,,1759019,5906807
Auckland,KIRKBRIDE ROAD,140,W, ,WESTNEY ROAD,201434675,28/03/2014,Fri,320,DB,CE1,111A 131A 402A ,P,E,D,DO,F , ,N,P,60,0,0,0,,,1759455,5906404
Auckland,KIRKBRIDE ROAD,220,W, ,WESTNEY ROAD,201445509,12/10/2014,Sun,2100,MB,CW1C,303B ,,R,D,DO,F , , ,L,60,0,0,0,,,1759390,5906451
Auckland,KIRKWOOD PLACE,90,S, ,METHUEN ROAD,201418047,29/11/2014,Sat,1010,NB,CN1E,722B 727B 929 ,,R,D,BF,F ,D,N,N,50,0,0,1,6,,1752600,5914672
Auckland,KITCHENER ROAD,50,S, ,ERIC PRICE AVENUE,201414449,28/06/2014,Sat,1854,EA,CN14,101A 129A 359A ,M,R,D,DO,F , ,N,C,50,0,0,2,,,1758386,5928526
Auckland,KITCHENER ROAD,30,E, ,FENWICK AVENUE,201410594,17/02/2014,Mon,722,NA,4W1E,713B ,,R,D,BF,F , ,N,X,50,0,0,1,23,,1757449,5928921
Auckland,KITCHENER ROAD,90,E, ,FENWICK AVENUE,201443463,18/09/2014,Thu,745,EA,CW1C,129A 386A ,M,R,W,O ,F , ,N,C,50,0,0,0,,,1757506,5928902
Auckland,KITCHENER ROAD,150,E, ,FENWICK AVENUE,201438023,10/06/2014,Tue,1310,FC,CW1C,331A ,,R,W,O ,L , , ,X,50,0,0,0,,,1757563,5928883
Auckland,KITCHENER ROAD,, ,I,FENWICK AVENUE,201449856,02/12/2014,Tue,700,GB,MW1C,333A 381A ,,R,D,BF,F ,T,G,C,50,0,0,0,,,1757421,5928931
Auckland,KITCHENER ROAD,100,E, ,FOWLDS AVENUE,201447228,01/11/2014,Sat,840,EA,CW1CC,129A 358A ,M,R,D,B ,F , , ,N,50,0,0,0,,,1754408,5915855
Auckland,KITCHENER ROAD,100,W, ,MANUKAU ROAD,201432161,14/02/2014,Fri,1705,BE,OE1C,112A 687A ,K,R,D,O ,F , ,N,C,50,0,0,0,,,1769498,5879515
Auckland,KITCHENER ROAD,, ,I,OMANA ROAD,201449857,18/11/2014,Tue,1730,FE,CW1CC,181A ,,R,D,BF,F ,X,T,C,50,0,0,0,,,1757390,5928942
Auckland,KITCHENER ROAD,, ,I,SHAKESPEARE ROAD,201449858,25/11/2014,Tue,925,MG,CN1C,371B ,,R,D,OF,F ,X,T,C,50,0,0,0,,,1757390,5928942
Auckland,KITCHENER ST,10,E, ,BACONS LANE,201444109,19/09/2014,Fri,1640,MO,CE1C,371A 385A ,M,R,W,OF,L ,T,N,N,50,0,0,0,,,1757633,5920497
Auckland,KITCHENER ST,20,S, ,VICTORIA ST EAST,201432387,06/03/2014,Thu,2330,MO,CN1C,386A ,M,R,D,DO,F , , ,C,50,0,0,0,,,1757510,5920352
Auckland,KITCHENER ST,80,N, ,WELLESLEY ST EAST,201438024,29/05/2014,Thu,1425,MG,CN1C,371B ,,R,W,O ,L , , ,N,50,0,0,0,,,1757460,5920218
Auckland,KITTIWAKE DRIVE,25,S, ,METEOR PLACE,201431006,15/02/2014,Sat,1400,MO,TN1C,371A ,M,R,D,B ,F , ,N,N,50,0,0,0,,,1750458,5930540
Auckland,KIWITAHI ROAD,200,E, ,SH 16,201441194,13/06/2014,Fri,2015,EC,VE1,912,W,R,D,DN,F , ,N,C,100,0,0,0,,,1728993,5932961
Auckland,KIWITEA ST,60,N, ,PARRY ST,201438939,24/06/2014,Tue,1900,DB,CS1C,131A ,M,M,D,DO,F , ,N,C,50,0,0,0,,,1754914,5915311
Auckland,KOHIMARAMA ROAD,100,N, ,ALLUM ST,201440567,10/07/2014,Thu,850,AA,VN1C,184A 184B 801 ,,E,W,O ,L , , ,C,50,0,0,0,,,1764067,5918775
Auckland,KOHIMARAMA ROAD,20,S, ,ALLUM ST,201448948,07/12/2014,Sun,1600,AD,CS1B,103A 184A ,,E,D,B ,F , , ,P,50,0,0,0,,,1764134,5918675
Auckland,KOHIMARAMA ROAD,50,S, ,ALLUM ST,201416335,15/10/2014,Wed,710,JO,SN1C,112A 204A 929 ,,R,D,O ,F ,D,N,N,50,0,0,1,,47,1764150,5918650
Auckland,KOHIMARAMA ROAD,100,S, ,KEPA ROAD,201445472,30/09/2014,Tue,800,FD,VN1C,181A 331A ,,R,D,O ,F , , ,C,50,0,0,0,,,1763845,5918989
Auckland,KOHIMARAMA ROAD,, ,I,KEPA ROAD,201445582,05/10/2014,Sun,1500,KB,CS1C,303B 316B 841 ,,R,W,O ,L ,T,T,C,50,0,0,0,,,1763788,5919070
Auckland,KOHIMARAMA ROAD,40,N, ,SOUTHERN CROSS ROAD,201433328,26/02/2014,Wed,1530,AO,VS1C,381A ,,R, , F,  , ,N,C,50,0,0,0,,,1763903,5918917
Auckland,KOHIMARAMA ROAD,10,S, ,SOUTHERN CROSS ROAD,201414079,31/07/2014,Thu,1801,FD,CS1XC,331A 358A ,,R,D,B ,F ,T,G,P,50,0,0,1,,,1763942,5918886
Auckland,KOHIMARAMA ROAD,20,S, ,SOUTHERN CROSS ROAD,201412980,20/05/2014,Tue,815,FD,CN1C,181A ,,R,D,B ,F , , ,L,50,0,0,1,,,1763950,5918880
Auckland,KOHIMARAMA ROAD,, ,I,ST JOHNS ROAD,201433674,17/04/2014,Thu,1145,FB,TS1C,181A 331A ,,R,W,OF,H ,T,G,C,50,0,0,0,,,1764489,5918149
Auckland,KOHIMARAMA ROAD,10,S, ,TARANAKI ROAD,201413161,08/05/2014,Thu,1844,DA,CS1,101A 111A 131A ,T,M,W,DO,F ,T,S,C,50,0,0,1,,,1764046,5920058
Auckland,KOHIMARAMA ROAD,15,S, ,WHYTEHEAD CRESCENT,201415478,03/09/2014,Wed,1900,NA,CN1E,711B ,,R,D,DO,F , , ,C,50,0,1,0,84,,1764454,5918332
Auckland,KOHIMARAMA ROAD,20,N, ,WHYTEHEAD CRESCENT N,201418423,06/12/2014,Sat,650,DA,CN1,131A 410A 800 ,T,E,W,O ,F , , ,P,50,0,0,1,,,1764192,5918587
Auckland,KOHIMARAMA ROAD,50,S, ,WHYTEHEAD CRESCENT S,201411777,28/02/2014,Fri,829,GB,SN1C,158A 929 ,,E,D,B ,F ,D,N,C,50,0,0,1,,17,1764461,5918298
Auckland,KOHIWI ROAD,, ,I,PURIRI ROAD,201445384,14/07/2014,Mon,200,DA,CS2CCC,111A 131A 517A ,FM,M,W,DO,M ,T,N,N,50,0,0,0,,,1768513,5899704
Auckland,KOHIWI ROAD,30,W, ,TAWA CRESCENT,201431222,01/03/2014,Sat,1547,PC,CE1E,371A 929 ,,R,D,OF,F ,D,N,N,50,0,0,0,,,1768588,5899731
Auckland,KOLMAR ROAD,, ,I,DUNNOTAR ROAD,201437246,14/05/2014,Wed,1557,KB,CS1C,302B 353B 375B ,,R,W,OF,H ,T,G,C,50,0,0,0,,,1765061,5905874
Auckland,KOLMAR ROAD,, ,I,GLEN AVENUE,201440358,01/07/2014,Tue,2040,DC,CW1C,103A 302A 335A 801 ,,R,W,DO,L ,T,G,C,50,0,0,0,,,1765092,5905951
Auckland,KOLMAR ROAD,200,S, ,OAKLAND AVENUE,201450623,28/12/2014,Sun,2000,MG,4S1C,371B 405B ,,E,D,B ,F , ,N,C,50,0,0,0,,,1765243,5906358
Auckland,KOLMAR ROAD,, ,I,OMAGH AVENUE,201444753,23/08/2014,Sat,2145,KB,CN1C,302A ,,R,W,DO,F ,R,G,C,50,0,0,0,,,1765197,5906210
Auckland,KOLMAR ROAD,, ,I,ST GEORGE ST,201450262,24/12/2014,Wed,2100,AC,CS1C,372A ,,R,D,DO,F ,T,T,C,50,0,0,0,,,1765041,5905792
Auckland,KOLMAR ROAD,50,N, ,SUTTON CRESCENT,201446100,23/10/2014,Thu,1353,FD,VN1C,357A 512A ,,R,D,O ,F , , ,C,50,0,0,0,,,1765465,5906789
Auckland,KOLMAR ROAD,20,W, ,SUTTON CRESCENT,201448206,14/10/2014,Tue,1720,MA,CW1C,373B ,,E,D,B ,F , ,N,P,50,0,0,0,,,1765408,5906748
Auckland,KOLMAR ROAD,100,N, ,WESTON AVENUE,201438729,12/07/2014,Sat,143,DB,CS1C,103A 111A 131A 514A ,M,M,W,DO,F , ,N,P,50,0,0,0,,,1765315,5906650
Auckland,KONA CRESCENT,20,W, ,STEPHEN AVENUE S,201431301,06/03/2014,Thu,1930,MO,CE1C,371A ,M,R,D,BF,F , ,N,C,50,0,0,0,,,1745045,5918924
Auckland,KONINI AVENUE,30,N, ,EAST TAMAKI ROAD,201437191,30/05/2014,Fri,2025,LA,CN14,103A 925 ,,R,D,DO,F ,D,N,C,50,0,0,0,,,1765710,5907117
Auckland,KONINI ROAD,200,N, ,ONEDIN PLACE,201433376,20/02/2014,Thu,1755,GE,CS1C,333A 929 ,,E,D,OF,F ,D,N,C,50,0,0,0,,,1746840,5912216
Auckland,KORORA ROAD,50,N, ,OCEAN VIEW ROAD,201415319,24/08/2014,Sun,1005,ME,PS1C,351B 363B 382B 902 926 ,,E,D,B ,F ,D,N,C,50,0,0,1,,,1779067,5927543
Auckland,KOWHAI ROAD,, ,I,CHANNEL VIEW ROAD,201414893,03/08/2014,Sun,1344,JA,CN1C,308B 377B 839 929 ,,R,D,OF,F ,D,N,C,50,0,0,1,,,1756451,5931943
Auckland,KOWHAI ROAD,, ,I,EAST COAST ROAD,201417520,06/11/2014,Thu,1458,FB,VW1C,181A 353A 387A ,,E,D,BF,F ,T,G,P,50,0,0,2,,,1755905,5931599
Auckland,KOWHAI ROAD,, ,I,EAST COAST ROAD,201431251,18/02/2014,Tue,1756,FB,4W1C,331A 353A ,,R,D,BF,F ,T,G,C,50,0,0,0,,,1755905,5931599
Auckland,KRIPPNER ROAD,610,E, ,GRANT RIDGE ROAD,201410902,16/02/2014,Sun,1008,DA,ME1,129A 363A 902 ,EF,S,D,BN,F , ,N,N,100,0,1,0,,,1746356,5955854
Auckland,KUAKA DRIVE,, ,I,PIPIPI CRESCENT,201417951,10/12/2014,Wed,1557,MC,CE1C,372B ,,R,D,O ,F ,T,N,N,50,0,0,1,,,1771928,5898696
Auckland,KUPE ST,, ,I,KEPA ROAD,201436063,04/06/2014,Wed,1120,FB,CS1C,181A ,,R,D,BF,F ,T,G,C,50,0,0,0,,,1762615,5918926
Auckland,KURANUI PLACE,5,N, ,AWA ST,201441391,26/07/2014,Sat,1130,FB,CS1C,350A 420A ,,R,D,O ,F ,T,S,C,50,0,0,0,,,1763811,5908953
Auckland,LADIES MILE,50,N, ,ABBOTTS WAY,201431783,14/02/2014,Fri,1100,CB,VN1,130A 195A ,P,R,D,B ,F , , ,L,50,0,0,0,,,1761384,5915952
Auckland,LADIES MILE,, ,I,ABBOTTS WAY,201438457,30/05/2014,Fri,1145,FE,CN1C,181A 331A ,,M,D,B ,F ,T,T,C,50,0,0,0,,,1761417,5915915
Auckland,LADIES MILE,100,N, ,HOMESTEAD ROAD,201441152,26/05/2014,Mon,1510,MD,CS1C,385A 929 ,,R,D,BF,F ,D,N,C,50,0,0,0,,,1756852,5944182
Auckland,LADIES MILE,, ,I,MARUA ROAD,201413822,09/05/2014,Fri,830,DB,CS1C,135A 806 ,,M,W,B ,F ,T,T,C,50,0,0,1,,,1761555,5915758
Auckland,LADIES MILE,, ,I,MARUA ROAD,201442871,01/09/2014,Mon,1630,DA,CS1,110A 402A ,FT,M,W,O ,F ,T,N,C,50,0,0,0,,,1761555,5915758
Auckland,LADIES MILE,, ,I,MARUA ROAD,201449758,20/12/2014,Sat,1335,DA,CS1,131A 620A ,,E,D,B ,F ,M,T,C,50,0,0,0,,,1761555,5915758
Auckland,LADIES MILE,40,N, ,MORRIN ST,201441090,11/07/2014,Fri,2030,EA,CN14C,103A 129A ,MM,R,W,DO,LS, ,N,C,50,0,0,0,,,1761388,5915383
Auckland,LADIES MILE,20,N, ,MOTUTAPU AVENUE,201414301,19/06/2014,Thu,1317,EA,CN1V,501A ,Q,E,W,O ,F , , ,C,50,0,0,1,,,1756873,5943988
Auckland,LADIES MILE,15,N, ,PEACH PARADE,201443079,13/09/2014,Sat,2000,EA,CS1C,129A 801 ,M,R,W,DO,L , , ,C,50,0,0,0,,,1761236,5916199
Auckland,LADIES MILE,, ,I,PEACH PARADE,201416140,19/09/2014,Fri,2010,LB,CS1C,303B 801 ,,R,W,O ,L ,T,T,C,50,0,0,1,,,1761238,5916184
Auckland,LADIES MILE,, ,I,PEACH PARADE,201449947,22/12/2014,Mon,1415,LB,CN1C,303A 330A 303B 375B ,,R,D,B ,F ,T,T,C,50,0,0,0,,,1761238,5916184
Auckland,LADIES MILE,, ,I,PEACH PARADE,201435896,07/05/2014,Wed,715,LB,CN1C,322A ,,R,W,OF,L ,T,T,C,50,0,0,0,,,1761238,5916184
Auckland,LADIES MILE,20,S, ,REMUERA ROAD,201430468,16/01/2014,Thu,2130,FD,VN1V,181A ,,E,D,DO,F ,T,T,C,50,0,0,0,,,1761230,5916646
Auckland,LADY RUBY DRIVE,40,S, ,BASALT PLACE,201432056,21/01/2014,Tue,30,DA,CS1,410A 801 ,P,M,W,DO,L , , ,C,50,0,0,0,,,1769261,5909337
Auckland,LAGOON DRIVE,50,N, ,CHURCH CRESCENT,201450104,12/12/2014,Fri,800,AO,CS1C,129A 130A 817 ,,R,D,B ,F , , ,C,50,0,0,0,,,1765399,5913902
Auckland,LAGOON DRIVE,25,S, ,CHURCH CRESCENT,201417577,08/11/2014,Sat,1910,CA,PN1,191A ,,R,D,OF,F , ,N,C,50,0,0,1,,,1765442,5913841
Auckland,LAGOON DRIVE,10,S, ,IRELAND ROAD,201443078,07/09/2014,Sun,900,FB,CN1C,181A 331A ,,R,D,B ,F ,R,G,C,50,0,0,0,,,1764967,5914701
Auckland,LAGOON DRIVE,50,N, ,KORMA LANE,201449318,02/12/2014,Tue,800,FD,VN1C,181A 331A ,,E,D,O ,F , , ,L,50,0,0,0,,,1765064,5914616
Auckland,LAIDLAW WAY,, ,I,PROGRESSIVE WAY,201447208,28/10/2014,Tue,945,GE,CN1C,160A ,,R,W,B ,F ,T,N,C,50,0,0,0,,,1768799,5907705
Auckland,LAINGHOLM DRIVE,, ,I,DOROTHY ROAD,201434187,04/04/2014,Fri,2345,DB,CS1V,108A 131A ,M,S,D,DO,F ,T,G,C,50,0,0,0,,,1746083,5908074
Auckland,LAKE DRIVE,10,S, ,TURUA RISE,201411098,21/01/2014,Tue,1302,EA,CS1C,129A 130A 501A 801 ,M,E,W,O ,L ,T,N,C,50,0,0,1,,,1770968,5894593
Auckland,LAKE ROAD,10,S, ,ANZAC ST,201410694,10/02/2014,Mon,1535,NB,CN1E,713B ,,R,D,B ,F ,T,N,C,50,0,0,1,15,,1757993,5927269
Auckland,LAKE ROAD,200,N, ,BARDIA ST,201418038,18/11/2014,Tue,1715,LB,SN1C,303B 375B 929 ,,R,D,BF,F ,D,N,P,50,0,0,1,,14,1759491,5925444
Auckland,LAKE ROAD,, ,I,BARDIA ST,201438527,17/06/2014,Tue,652,JA,CN1C,322A 334A 358A ,,R,W,DO,F ,X,T,C,50,0,0,0,,,1759558,5925256
Auckland,LAKE ROAD,, ,I,BARDIA ST,201414389,25/01/2014,Sat,13,CB,CN1,129A 407A ,KS,R,D,DO,F ,X,T,C,50,0,0,1,,,1759558,5925256
Auckland,LAKE ROAD,, ,I,BAYVIEW ROAD,201430907,31/01/2014,Fri,1730,MG,CE1C,423B ,,R,D,BF,F ,T,T,C,50,0,0,0,,,1758824,5926107
Auckland,LAKE ROAD,, ,I,BYRON AVENUE,201412753,26/03/2014,Wed,705,GB,SN1C,303B ,,R,D,BF,F ,T,G,C,50,0,0,1,,26,1758196,5926942
Auckland,LAKE ROAD,50,N, ,CAMERON ST,201441126,05/08/2014,Tue,750,FE,CN14,181A ,,R, ,BF,  , ,T,C,60,0,0,0,,,1758494,5926466
Auckland,LAKE ROAD,15,S, ,COMO ST,201444376,11/09/2014,Thu,751,MO,BN1C,200B 446B ,,R,D,O ,F , , ,C,50,0,0,0,,,1758040,5927195
Auckland,LAKE ROAD,40,S, ,CORRELLA ROAD,201440552,15/07/2014,Tue,1135,FD,CN1C,181A 331A ,,R,D,O ,F , , ,C,50,0,0,0,,,1759620,5925082
Auckland,LAKE ROAD,40,N, ,EGREMONT ST,201434277,20/03/2014,Thu,1700,FA,CS1C,112A 331A ,,R,D,B ,F , , ,C,50,0,0,0,,,1759623,5925073
Auckland,LAKE ROAD,20,N, ,ESMONDE ROAD,201437204,10/04/2014,Thu,850,AO,BN1C,381A 671A ,,R,D,OF,F , ,T,C,60,0,0,0,,,1758405,5926607
Auckland,LAKE ROAD,, ,I,ESMONDE ROAD,201447035,04/11/2014,Tue,2132,DA,CE2,131A 501A ,G,R,W,DO,F ,T,T,C,50,0,0,0,,,1758415,5926590
Auckland,LAKE ROAD,190,N, ,EVERSLEIGH ROAD,201433883,07/04/2014,Mon,1540,FD,CN1C,181A ,,R,D,O ,F , , ,C,50,0,0,0,,,1759317,5925933
Auckland,LAKE ROAD,20,S, ,EVERSLEIGH ROAD,201437285,26/05/2014,Mon,850,FA,VS1C,181A ,,R,D,BF,F , ,N,C,50,0,0,0,,,1759388,5925735
Auckland,LAKE ROAD,120,S, ,EVERSLEIGH ROAD,201410849,29/01/2014,Wed,1832,JA,SS1C,204A 370B 929 ,,R,D,B ,F ,D, ,N,50,0,0,1,,15,1759421,5925641
Auckland,LAKE ROAD,270,S, ,EVERSLEIGH ROAD,201439759,28/06/2014,Sat,1140,FD,VS1CC,181A 331A 402A 412A ,,R,W,OF,L , , ,C,50,0,0,0,,,1759472,5925500
Auckland,LAKE ROAD,, ,I,EWEN ST,201412192,03/05/2014,Sat,700,ND,CN1E,376A 711B ,,R,D,B ,F ,T,G,C,50,0,0,1,65,,1758592,5926304
Auckland,LAKE ROAD,, ,I,EWEN ST,201432267,31/01/2014,Fri,1723,JA,VS1C,173A 370A 302B 314B 370B ,,R,D,B ,F ,T,G,P,50,0,0,0,,,1758592,5926304
Auckland,LAKE ROAD,, ,I,EWEN ST,201433840,29/03/2014,Sat,1440,JA,CS14,302B ,,R,D,B ,F ,T,G,P,50,0,0,0,,,1758592,5926304
Auckland,LAKE ROAD,440,N, ,EXMOUTH ROAD,201414653,01/07/2014,Tue,1742,NB,CN1E,710B 724B 901 ,,R,W,DO,H , , ,C,50,0,0,1,35,,1755655,5926026
Auckland,LAKE ROAD,50,S, ,EXMOUTH ROAD,201436307,17/03/2014,Mon,1538,BF,4S1C,501A ,,E,D,BF,F , ,N,C,50,0,0,0,,,1755623,5925523
Auckland,LAKE ROAD,70,S, ,FRASER AVENUE,201436197,15/04/2014,Tue,1503,MB,CS1V,372B ,,R,D,O ,F , , ,C,50,0,0,0,,,1755676,5926181
Auckland,LAKE ROAD,, ,I,GREENSLADE CRESCENT,201413771,05/06/2014,Thu,1418,GB,SN1C,303B ,,R,D,OF,F ,T,G,C,50,0,0,1,,43,1755611,5925707
Auckland,LAKE ROAD,80,S, ,GREENSLADE CRESCENT S,201448643,25/11/2014,Tue,1654,MO,CS14,330A 386A ,M,R,D,B ,F , , ,C,50,0,0,0,,,1755603,5925627
Auckland,LAKE ROAD,, ,I,HART ROAD,201449625,11/12/2014,Thu,1505,LB,SN1C,303B 375B ,,E,D,O ,F ,T,G,P,50,0,0,0,,,1758608,5926280
Auckland,LAKE ROAD,, ,I,HURSTMERE ROAD,201438908,19/06/2014,Thu,1244,FE,CS14,181A ,,R,W,OF,F ,T,T,C,50,0,0,0,,,1758132,5927046
Auckland,LAKE ROAD,80,N, ,JUTLAND ROAD,201417242,01/11/2014,Sat,851,FD,SN1C,181A 331A 353A ,,R,D,O ,F , , ,C,50,0,1,0,,54,1758663,5926193
Auckland,LAKE ROAD,70,S, ,JUTLAND ROAD,201430902,09/02/2014,Sun,1245,NB,CN1E,713B ,,R,D,OF,F , ,N,P,50,0,0,0,,,1758781,5926115
Auckland,LAKE ROAD,130,W, ,JUTLAND ROAD,201442282,28/08/2014,Thu,1450,FD,4W1C,181A ,,R,D,B ,F , , ,C,50,0,0,0,,,1758636,5926235
Auckland,LAKE ROAD,, ,I,KAWERAU AVENUE,201447220,18/09/2014,Thu,1042,AA,CS1T,159A ,,R,D,O ,F ,T,N,P,50,0,0,0,,,1759896,5924311
Auckland,LAKE ROAD,50,N, ,KORORO ST,201431167,10/03/2014,Mon,845,AD,BN1C,150A 444A ,,R,D,B ,F , ,N,C,50,0,0,0,,,1755607,5925306
Auckland,LAKE ROAD,15,S, ,NORTHUMBERLAND AVENUE,201444607,05/09/2014,Fri,2250,FA,CN1C,181A ,,R,D,DO,F ,T,N,P,50,0,0,0,,,1759288,5925994
Auckland,LAKE ROAD,, ,I,NORTHUMBERLAND AVENUE,201433238,14/03/2014,Fri,840,JA,SW1C,302B 375B ,,R, , F,  ,T,G,C,50,0,0,0,,,1759280,5926006
Auckland,LAKE ROAD,320,S, ,ONEWA ROAD,201412796,03/05/2014,Sat,1815,BA,CN1C,103A 129A ,,R,D,DO,F , ,N,C,50,0,0,1,,,1755542,5924978
Auckland,LAKE ROAD,20,N, ,PARK AVENUE,201412726,24/02/2014,Mon,1241,GD,CS1C,331A 927 ,,R,D,BF,F ,D,N,C,50,0,0,1,,,1758366,5926671
Auckland,LAKE ROAD,130,N, ,PEARN CRESCENT,201415916,24/07/2014,Thu,644,FC,CS1E,306A 353A 376A 801 ,,R,W,O ,L , , ,X,50,0,0,1,,,1755632,5925855
Auckland,LAKE ROAD,, ,I,PEARN CRESCENT,201441038,28/07/2014,Mon,1630,KB,CN14,302B 375B ,,R,D,OF,F ,X,G,C,50,0,0,0,,,1755614,5925726
Auckland,LAKE ROAD,40,N, ,RALEIGH ROAD,201413842,08/06/2014,Sun,623,BE,CS1C,414A ,,R,D,DO,F , , ,C,50,0,0,1,,,1755604,5925629
Auckland,LAKE ROAD,, ,I,RALEIGH ROAD,201444573,25/08/2014,Mon,525,HA,CN1C,302A ,,E,D,DO,F ,X,G,R,50,0,0,0,,,1755607,5925590
Auckland,LAKE ROAD,, ,I,REGENT ST,201414816,25/07/2014,Fri,743,GC,MS1C,387A ,,R,W,BF,F ,T,G,P,50,0,0,1,,,1759847,5924454
Auckland,LAKE ROAD,5,N, ,SANDERS AVENUE,201412093,08/04/2014,Tue,1042,JA,SN1C,204A 930 ,,R,D,O ,F ,D,N,N,50,0,0,1,,64,1758294,5926784
Auckland,LAKE ROAD,50,S, ,SEABREEZE ROAD,201412820,03/04/2014,Thu,1433,CB,CN1,112A 130A 692A 801 ,T,R,W,O ,L , , ,C,50,0,0,1,,,1760091,5923790
Auckland,LAKE ROAD,, ,I,SEABREEZE ROAD,201414695,22/07/2014,Tue,1007,JA,MS1T,302B 377B ,,R,D,B ,F ,T,G,C,50,0,0,1,,,1760069,5923835
Auckland,LAKE ROAD,, ,I,SLIP ROAD,201411137,18/03/2014,Tue,1838,HA,CN1C,314B 375B ,KS,E,D,TF,F ,X,G,C,50,0,0,2,,,1759280,5926006
Auckland,LAKE ROAD,130,S, ,ST LEONARDS ROAD,201417241,20/10/2014,Mon,1155,FD,4S1CV,110A 181A 901 ,,R,W,O ,H , , ,C,50,0,0,2,,,1759418,5925652
Auckland,LAKE ROAD,50,N, ,WILLIAMSON AVENUE,201417926,07/12/2014,Sun,2130,MC,MN1C,372B ,,R,D,O ,F , , ,R,50,0,0,1,,,1759669,5924946
Auckland,LAKE ROAD,, ,I,WILLIAMSON AVENUE,201435117,26/03/2014,Wed,1630,CB,BS1C,129A 179A ,Q,R,D,B ,F ,X,T,C,50,0,0,0,,,1759686,5924899
Auckland,LAKE ROAD,250,N, ,WINSCOMBE ST,201436386,11/05/2014,Sun,1241,FD,CN1C,331A 350A ,,R,D,BF,F , ,N,C,50,0,0,0,,,1759475,5925491
Auckland,LAKEWOOD COURT,, ,I,GREAT SOUTH ROAD,201435178,08/04/2014,Tue,615,KA,CS1C,302B 375B ,,R,D,B ,F ,T,G,C,50,0,0,0,,,1767807,5904083
Auckland,LAMBETH ROAD,, ,I,DOMINION ROAD,201434284,22/02/2014,Sat,1100,FO,VE1C,129A 350A 386A ,,R,D,B ,F ,T,S,C,50,0,0,0,,,1755456,5915299
Auckland,LAMBETH ROAD,, ,I,KIWITEA ST,201411635,04/03/2014,Tue,827,HA,CN2T,301A 363A 902 ,,R,D,BF,F ,X,S,C,50,0,0,1,,,1755001,5915445
Auckland,LAMBIE DRIVE,, ,I,CAVENDISH DRIVE,201441245,19/07/2014,Sat,1038,FE,4N1C,331A 402A 412A ,,R,D,O ,F ,X,T,R,50,0,0,0,,,1766722,5904676
Auckland,LAMBIE DRIVE,, ,I,CAVENDISH DRIVE,201442744,07/09/2014,Sun,1700,FB,CS1C,181A ,,R,D,BF,F ,X,T,R,50,0,0,0,,,1766733,5904684
Auckland,LAMBIE DRIVE,, ,I,CAVENDISH DRIVE,201438836,10/07/2014,Thu,1830,FB,CN1C,181A ,,R,W,DO,L ,X,T,R,50,0,0,0,,,1766722,5904676
Auckland,LAMBIE DRIVE,, ,I,CAVENDISH DRIVE,201411694,21/03/2014,Fri,1300,FB,CN1C,181A ,,R,D,BF,F ,X,T,C,50,0,0,1,,,1766722,5904676
Auckland,LAMBIE DRIVE,, ,I,LAMBIE OFF EBD,201434303,11/03/2014,Tue,2315,HA,VE2C,322B ,,R,D,DO,F ,X,T,C,50,0,0,0,,,1766780,5904010
Auckland,LAMBIE DRIVE,, ,I,LAMBIE OFF EBD,201432039,09/02/2014,Sun,1930,HA,CE2C,322B 363B 902 ,S,R,D,B ,F ,X,T,C,60,0,0,0,,,1766780,5904010
Auckland,LAMBIE DRIVE,, ,I,LAMBIE OFF WBD,201447082,28/10/2014,Tue,,JA,CS1C,322A ,,R,W,OF,L ,X,T,N,50,0,0,0,,,1766881,5903851
Auckland,LAMBIE DRIVE,, ,I,LAMBIE OFF WBD,201436534,23/04/2014,Wed,620,HA,CW24,322B ,,R,D,O ,F ,X,T,R,60,0,0,0,,,1766881,5903851
Auckland,LAMBIE DRIVE,, ,I,LAMBIE OFF WBD,201434727,02/05/2014,Fri,754,JA,CS1C,322A ,,E,D,BF,F ,T,T,R,50,0,0,0,,,1766881,5903851
Auckland,LAMBIE DRIVE,, ,I,LAMBIE OFF WBD,201444729,29/08/2014,Fri,1140,KA,VS1C,322A ,,R,D,OF,F ,T,T,N,50,0,0,0,,,1766881,5903851