TLANAME,CRASHROAD,CRASHDIST,CRASHDIRN,INTSN,SIDEROAD,CRASHID,CRASHDATE,CRASHDOW,CRASHTIME,MVMT,VEHICLES,CAUSES,OBJECTSSTRUCK,ROADCURVE,ROADWET,LIGHT,WTHRa,JUNCTYPE,TRAFCTRL,ROADMARK,SPDLIM,CRASHFATALCNT,CRASHSEVCNT,CRASHMINCNT,PERSAGE1,PERSAGE2,EASTING,NORTHING
Auckland,LAMBIE DRIVE,, ,I,LAMBIE OFF WBD,201440908,30/07/2014,Wed,1620,JA,CS1C,322A ,,R,D,BF,F ,T,T,C,50,0,0,0,,,1766881,5903851
Auckland,LAMBIE DRIVE,, ,I,LAMBIE ON EBD,201439457,01/07/2014,Tue,605,AA,TS1C,381A ,,R,D,B ,LS,M,T,R,60,0,0,0,,,1766780,5904010
Auckland,LAMBIE DRIVE,, ,I,MANUKAU STATION ROAD,201444970,07/10/2014,Tue,733,LB,CS1C,303B 322B ,,R,D,O ,F ,M,T,C,50,0,0,0,,,1766792,5904015
Auckland,LAMBIE DRIVE,100,S, ,PUHINUI ROAD,201431608,13/01/2014,Mon,1648,FD,CN1CC,181A 181B ,,R,D,B ,F , , ,R,50,0,0,0,,,1766487,5905150
Auckland,LAMBIE DRIVE,, ,I,PUHINUI ROAD,201433366,20/03/2014,Thu,1245,FF,CN1C,181A 330A ,,R,D,BF,F ,X,T,R,50,0,0,0,,,1766437,5905237
Auckland,LAMBIE DRIVE,, ,I,PUHINUI ROAD,201430595,28/01/2014,Tue,1225,HA,CN1C,113B 322B 817 ,,R,D,B ,F ,X,T,C,50,0,0,0,,,1766437,5905237
Auckland,LAMBIE DRIVE,100,N, ,RONWOOD AVENUE,201448218,02/12/2014,Tue,1728,FA,CS1C,103A ,,R,D,B ,F , ,N,C,80,0,0,0,,,1766736,5904542
Auckland,LAMBIE DRIVE,100,N, ,RONWOOD AVENUE,201417244,02/11/2014,Sun,1400,JA,CN1C,308B 375B 925 ,,R,D,B ,F ,D, ,R,50,0,0,1,,,1766724,5904543
Auckland,LAMBIE DRIVE,, ,I,RONWOOD AVENUE,201431989,24/03/2014,Mon,1720,AA,4S1C,372A 404A ,,R,D,BF,F ,R,G,R,50,0,0,0,,,1766715,5904425
Auckland,LAMBIE DRIVE,, ,I,RONWOOD AVENUE,201434487,19/03/2014,Wed,1355,GC,CS1C,171B ,,E,D,B ,F ,R,G,C,50,0,0,0,,,1766723,5904442
Auckland,LAMBIE DRIVE,, ,I,RONWOOD AVENUE,201430009,05/01/2014,Sun,1330,FB,CN1M,411A 830 901 ,,R,W,ON,H ,R,G,R,50,0,0,0,,,1766708,5904422
Auckland,LAMBIE DRIVE,20,N, ,WIRI STATION ROAD,201431606,10/01/2014,Fri,1620,FD,CS1C,181A ,,R,D,B ,F , , ,C,60,0,0,0,,,1766957,5903732
Auckland,LAMBIE DRIVE,, ,I,WIRI STATION ROAD,201436559,07/05/2014,Wed,1900,KA,CS1T,130A 181A 331A ,,M,D,DO,F ,X,T,C,50,0,0,0,,,1766967,5903715
Auckland,LAMBIE OFF EBD,10,W, ,LAMBIE DRIVE,201440204,09/07/2014,Wed,1330,FE,TE1C,420B 801 ,,M,W,O ,L ,X,T,C,50,0,0,0,,,1766771,5904005
Auckland,LAMBIE ON EBD,90,S, ,LAMBIE OFF EBD,201411647,21/02/2014,Fri,1911,DB,4S1,111A 131A ,GP,M,D,BF,F , ,T,N,100,0,0,1,,,1766741,5903913
Auckland,LAMBROWN DRIVE,10,W, ,TARGET ROAD,201430370,20/01/2014,Mon,225,CB,CW1,103A 112A ,F,R,D,DO,F ,T,N,N,50,0,0,0,,,1754670,5929868
Auckland,LANDETTE ROAD,60,E, ,JOHN WALKER DRIVE,201447976,13/11/2014,Thu,1045,CC,CE1C,130A ,M,R,D,O ,F , , ,C,50,0,0,0,,,1766585,5900026
Auckland,LANDON AVENUE,100,E, ,GRAY AVENUE,201431730,24/01/2014,Fri,2020,MC,CW1C,372B ,,E,D,TF,F , , ,L,50,0,0,0,,,1763780,5907055
Auckland,LANDSBERG WAY,30,E, ,CENTORIAN DRIVE,201433979,03/04/2014,Thu,2330,CC,CW1C,125A ,M,R,W,DO,F , ,N,N,50,0,0,0,,,1755143,5932181
Auckland,LANDSCAPE ROAD,200,E, ,DOMINION ROAD,201444572,11/09/2014,Thu,315,MO,CE1C,514B 517B ,M,R,D,DO,F , , ,N,50,0,0,0,,,1755628,5915175
Auckland,LANDSCAPE ROAD,, ,I,DOMINION ROAD,201437544,12/05/2014,Mon,1320,GF,TW1C,158B ,,R,D,B ,F ,T,S,C,50,0,0,0,,,1755435,5915227
Auckland,LANDSCAPE ROAD,10,N, ,FAIRVIEW ROAD,201430490,03/02/2014,Mon,1500,EA,CN1C,129A 929 ,M,R,D,B ,F ,D,N,C,50,0,0,0,,,1765476,5905528
Auckland,LANDSCAPE ROAD,120,N, ,FAIRVIEW ROAD,201411139,05/04/2014,Sat,1316,EA,CN1C,103A 129A ,M,E,D,B ,F , , ,N,50,0,0,1,,,1765411,5905615
Auckland,LANDSCAPE ROAD,, ,I,MOUNT EDEN ROAD,201435306,13/04/2014,Sun,451,DB,CS2,111A 133A 517A ,P,S,D,DO,F ,X,S,C,50,0,0,0,,,1756549,5914920
Auckland,LANDSCAPE ROAD,100,S, ,ST GEORGE ST,201412433,01/01/2014,Wed,2200,BE,CN1C,103A 129A 130A 862 ,,R,D,DO,F , , ,C,50,0,0,2,,,1765365,5905729
Auckland,LANGIOLA DRIVE,100,S, ,WAKEFIELD ROAD W,201442378,27/07/2014,Sun,20,EA,CN1CV,101A 129A ,FMT,E,D,DO,F , ,N,N,50,0,0,0,,,1760918,5908527
Auckland,LANSFORD CRESCENT,20,N, ,WOLVERTON ST S,201438720,21/06/2014,Sat,1236,GD,CS14,929,,R,D,BF,F ,D,N,C,50,0,0,0,,,1751307,5914054
Auckland,LARCHWOOD AVENUE,200,E, ,GARNET ROAD,201449179,14/11/2014,Fri,1500,MG,4E1T,371B 671B ,,R,D,BF,F , ,N,C,50,0,0,0,,,1753842,5919386
Auckland,LARNE AVENUE,, ,I,UDYS ROAD,201437245,20/05/2014,Tue,1745,LB,CW14,303B 375B ,,R,D,DO,F ,X,G,C,50,0,0,0,,,1767889,5913544
Auckland,LASER PLACE,90,S, ,SPINELLA DRIVE,201434280,18/03/2014,Tue,754,MO,CS1,130A 420A 929 ,FJ,R,D,O ,F ,D, , ,50,0,0,0,,,1752872,5928949
Auckland,LAUDERDALE ROAD,, ,I,ROSENEATH PLACE,201447504,12/10/2014,Sun,1545,GD,CS1C,181A 331A ,,R,D,O ,F ,T,G,C,50,0,0,0,,,1751923,5927168
Auckland,LAURENCE STEVENS DRIVE,, ,I,HAPE DRIVE,201418581,12/12/2014,Fri,720,DB,TS1,129A ,S,S,D,BN,F ,T,N,R,50,0,0,1,,,1760336,5903358
Auckland,LAURIE AVENUE,30,N, ,AYR ST,201440653,15/07/2014,Tue,1910,MO,CN1C,420A ,M,R,D,DO,F , , ,N,50,0,0,0,,,1758929,5918944
Auckland,LAURIE AVENUE,10,N, ,SETTLEMENT ROAD,201434112,11/04/2014,Fri,1933,MO,CN1C,112B 512B 514B 517B 927 ,,R,D,DN,F ,D, ,C,50,0,0,0,,,1773815,5895992
Auckland,LAVELLE ROAD,50,E, ,KERERU ST,201431657,04/01/2014,Sat,29,DA,CE14,103A 131A ,MT,E,D,DO,F , , ,R,50,0,0,0,,,1746113,5916509
Auckland,LAVERY PLACE,60,W, ,REGENCY PLACE,201438965,28/06/2014,Sat,1428,AB,CE1C,387A 839 ,,E,W,OF,L , ,N,N,50,0,0,0,,,1755369,5931502
Auckland,LAWRENCE PLACE,30,S, ,VELVET CRESCENT,201433166,21/03/2014,Fri,1850,MO,VN1C,129A 929 ,,R,D,TF,F ,D,N,N,50,0,0,0,,,1767482,5908060
Auckland,LEIGH ROAD,300,N, ,QUINTAL ROAD,201432819,06/03/2014,Thu,2135,CC,CN1,103A 410A ,V,R,D,DN,F , , ,C,100,0,0,0,,,1755435,5978651
Auckland,LEIGH ROAD,300,W, ,TI POINT ROAD,201411709,19/02/2014,Wed,1120,DB,CW1,131A 801 ,T,S,W,O ,L , , ,C,100,0,0,1,,,1760786,5980994
Auckland,LEIGH ROAD,180,E, ,UPPER WHANGATEAU ROAD,201414791,31/07/2014,Thu,2242,DA,CN1,102A 111A 131A 402A 904 ,C,M,D,DN,M , , ,C,100,0,0,1,,,1756596,5979492
Auckland,LEIGH TERRACE,, ,I,BRYERS PLACE,201433354,06/03/2014,Thu,2206,CC,CS1CC,132A 407A ,M,R,D,DO,F ,T,N,N,50,0,0,0,,,1752614,5928568
Auckland,LEMNOS PLACE,200,S, ,THE GROVE,201442923,21/07/2014,Mon,1926,EO,CW1C,131A 357A 512A ,M,M,W,DO,F , , ,N,50,0,0,0,,,1748458,5912244
Auckland,LENDENFELD DRIVE,20,N, ,ALABASTER DRIVE,201437350,10/06/2014,Tue,1330,EA,CS1C,129A ,M,R,W, F,L , ,N,N,50,0,0,0,,,1763708,5905670
Auckland,LENORE ROAD,15,S, ,PEACHWOOD PLACE,201443227,09/08/2014,Sat,430,CC,CN1,101A 130A 402A ,F,R,D,DO,F , , ,C,50,0,0,0,,,1761558,5908631
Auckland,LEONARD ROAD,, ,I,PENROSE ROAD,201415740,21/08/2014,Thu,1750,DB,CE2,131A 133A ,P,S,D,TF,F ,T,G,R,50,0,0,1,,,1762407,5913824
Auckland,LEONARD ROAD,170,E, ,RELIABLE WAY,201443544,18/07/2014,Fri,1430,DB,CE1C,129A 352A ,M,M,D,BF,F , ,N,C,50,0,0,0,,,1762822,5914205
Auckland,LEONARD ROAD,40,W, ,RELIABLE WAY,201416978,26/09/2014,Fri,1340,DA,CE1CC,410A ,MT,M,D,BF,F , ,N,C,50,0,1,0,,,1762621,5914186
Auckland,LESLIE AVENUE,50,E, ,MORNINGSIDE DRIVE,201439560,02/06/2014,Mon,2030,EA,CE1C,129A ,M,R,D,DO,F , , ,N,50,0,0,0,,,1754706,5917280
Auckland,LESTER ST,20,N, ,BUCKLEY AVENUE,201449553,16/12/2014,Tue,2041,EA,CS14,129A 352A 903 ,M,R,D,DO,FS, , ,N,50,0,0,0,,,1747881,5926903
Auckland,LEVY ROAD,, ,I,GLENDALE ROAD,201443114,18/07/2014,Fri,2222,DC,CN2,111A 131A 514A ,KT,R,D,DO,F ,T,S,C,50,0,0,0,,,1746910,5913236
Auckland,LEX AVENUE,50,N, ,BARRON DRIVE,201435112,06/04/2014,Sun,1100,MG,CS1C,371B 512B ,,R,D,B ,F , ,N,C,50,0,0,0,,,1749398,5911367
Auckland,LEYBOURNE CIRCLE,40,N, ,COURTLAND AVENUE,201431333,16/02/2014,Sun,2130,DB,CN1C,103A ,M,E,D,DO,F , ,N,C,50,0,0,0,,,1766825,5917901
Auckland,LEYBOURNE CIRCLE,5,S, ,GUILDFORD PLACE,201416087,26/06/2014,Thu,2319,CB,CN1,103A 357A 512A ,P,R,W,DO,F ,T,N,C,50,0,0,1,,,1766879,5917801
Auckland,LEYTON WAY,, ,I,MANUKAU STATION ROAD,201449065,26/10/2014,Sun,830,HA,CN1C,322A ,,R,D,OF,F ,X,T,C,50,0,0,0,,,1767644,5904284
Auckland,LEYTON WAY,, ,A,PUTNEY WAY,201448006,12/11/2014,Wed,2100,DB,CN1,103A 341A 359A ,IP,E,D,DO,F , , ,R,50,0,0,0,,,1767593,5904361
Auckland,LEYTON WAY,15,S, ,RONWOOD AVENUE,201438021,10/06/2014,Tue,1340,HA,CS1C,316B 925 ,,R,W,O ,L ,D,N,C,50,0,0,0,,,1767494,5904594
Auckland,LEYTON WAY,, ,I,RONWOOD AVENUE,201410845,09/01/2014,Thu,1230,FB,CW2C,102A 181A 331A 102B 191B 501B ,,R,D,B ,F ,X,G,R,50,0,0,1,,,1767493,5904609
Auckland,LIBRARY LANE,, ,I,ALBANY HIGHWAY,201442594,30/07/2014,Wed,2015,FB,VE1C,181A ,,R,W,DO,F ,T,S,C,50,0,0,0,,,1751568,5933951
Auckland,LILLINGTON ROAD,5,N, ,KOANGI ST,201413797,23/05/2014,Fri,1518,NA,CS1EE,712B 713B 712C 713C ,,E,D,ON,F ,T,N,N,50,0,1,1,5,,1759615,5916366
Auckland,LIMOND ST,60,N, ,BALLOCH ST,201444963,24/09/2014,Wed,245,EA,CS1V,112A 129A ,M,R,D,DO,F , ,N,N,50,0,0,0,,,1770269,5900514
Auckland,LINCOLN OFF EBD,30,E, ,LINCOLN ROAD,201432947,17/03/2014,Mon,1652,FD,CW1C,181A 402A ,,R,D,B ,F , , ,P,50,0,0,0,,,1745494,5920824
Auckland,LINCOLN ON EBD,50,E, ,LINCOLN ROAD S,201436408,03/05/2014,Sat,2036,DA,CE1,101A 131A ,G,M,D,DF,F , ,N,C,70,0,0,0,,,1745513,5920832
Auckland,LINCOLN ON WBD,100,S, ,SH 16,201415460,15/08/2014,Fri,1914,FA,CN1C,331A 350A ,,E,D,DO,F , , ,N,100,0,0,3,,,1745425,5920730
Auckland,LINCOLN PARK AVENUE,220,W, ,TRIANGLE ROAD,201449310,15/11/2014,Sat,2222,DB,CW1,111A 131A 901 ,F,M,W,DO,H , , ,P,50,0,0,0,,,1744251,5921725
Auckland,LINCOLN PARK AVENUE,, ,I,TRIANGLE ROAD,201448357,23/12/2014,Tue,1612,BB,4W1C,124A 687A ,,M,D,B ,F ,X,T,C,50,0,0,0,,,1744461,5921676
Auckland,LINCOLN ROAD,80,N, ,ABEL TASMAN AVENUE,201415486,06/08/2014,Wed,1432,FA,CN1C,112A ,,R,D,B ,F , , ,P,50,0,0,2,,,1745113,5918180
Auckland,LINCOLN ROAD,50,E, ,CENTRAL PARK DRIVE,201435229,04/04/2014,Fri,1315,AO,CS1C,372A ,,R,D,B ,F , , ,C,50,0,0,0,,,1745405,5920420
Auckland,LINCOLN ROAD,50,N, ,CENTRAL PARK DRIVE,201413857,17/06/2014,Tue,2131,MC,CN1C,103B 372B 801 ,,R,W,DO,L , , ,C,50,0,0,2,,,1745405,5920420
Auckland,LINCOLN ROAD,50,N, ,CENTRAL PARK DRIVE,201448186,19/07/2014,Sat,119,AA,VS1V,330A 372A ,,E,D,DO,F , , ,C,50,0,0,0,,,1745405,5920420
Auckland,LINCOLN ROAD,90,S, ,DAYTONA ROAD,201412183,15/05/2014,Thu,1242,FD,CS1CV,331A 351A 181B ,,R,D,B ,L , , ,P,50,0,0,2,,,1745317,5920034
Auckland,LINCOLN ROAD,, ,I,DAYTONA ROAD,201412382,28/03/2014,Fri,946,LB,CN1C,303B 375B ,,R,D,B ,F ,T,G,C,50,0,0,1,,,1745320,5920124
Auckland,LINCOLN ROAD,, ,I,DAYTONA ROAD,201449609,31/12/2014,Wed,2311,LB,CN1C,191A 303B 375B ,,R,D,DO,F ,T,G,C,50,0,0,0,,,1745320,5920124
Auckland,LINCOLN ROAD,, ,I,DAYTONA ROAD,201444656,20/09/2014,Sat,1037,LB,CN14,302B 375B ,,R,D,B ,F ,T,G,C,50,0,0,0,,,1745320,5920124
Auckland,LINCOLN ROAD,50,S, ,FAIRDENE AVENUE,201443494,01/09/2014,Mon,1315,LB,CS1C,303A 375A 926 ,,R,W,O ,F ,D,N,P,50,0,0,0,,,1745187,5918764
Auckland,LINCOLN ROAD,50,S, ,FAIRDENE AVENUE,201445766,09/10/2014,Thu,1335,MO,CS1C,371A 386A 927 ,M,R,W,B ,F ,D,N,N,50,0,0,0,,,1745187,5918764
Auckland,LINCOLN ROAD,, ,I,LINCOLN OFF WBD,201441002,09/06/2014,Mon,1735,GF,CS1C,381A 817 ,,R,W,DO,L ,T,T,C,50,0,0,0,,,1745478,5920597
Auckland,LINCOLN ROAD,, ,I,LINCOLN OFF WBD,201431997,20/03/2014,Thu,957,KA,TS14,322A ,,R,D,BF,F ,T,T,R,50,0,0,0,,,1745478,5920597
Auckland,LINCOLN ROAD,, ,I,LINCOLN OFF WBD N,201433202,18/03/2014,Tue,1930,KB,4N1C,322A 361A ,,R,D,DO,F ,T,T,C,50,0,0,0,,,1745478,5920597
Auckland,LINCOLN ROAD,25,N, ,NORVAL ROAD,201445503,03/08/2014,Sun,1415,MC,CN1C,372B ,,R,W,O ,L , , ,P,50,0,0,0,,,1745133,5918344
Auckland,LINCOLN ROAD,50,N, ,NORVAL ROAD,201430912,02/01/2014,Thu,1800,MB,CS1V,303B 375B ,,R,D,BF,F , ,N,P,50,0,0,0,,,1745137,5918368
Auckland,LINCOLN ROAD,120,N, ,NORVAL ROAD,201433694,17/04/2014,Thu,1606,JA,CS1C,197A 197B 308B 377B 927 ,,R,D,BF,F ,D, ,N,50,0,0,0,,,1745146,5918438
Auckland,LINCOLN ROAD,15,S, ,NORVAL ROAD,201411902,24/03/2014,Mon,545,MC,VS1C,372B 375B 930 ,,R,D,DO,F ,D,T,C,50,0,0,1,,,1745128,5918304
Auckland,LINCOLN ROAD,, ,I,NORVAL ROAD,201430756,16/01/2014,Thu,1630,FE,CS1C,181A ,,R,D,OF,F ,T,T,C,50,0,0,0,,,1745130,5918319
Auckland,LINCOLN ROAD,100,N, ,PARAMOUNT DRIVE,201435791,13/05/2014,Tue,1415,FD,CS1CV,181A 331A ,,R,D,B ,F , , ,P,50,0,0,0,,,1745318,5920082
Auckland,LINCOLN ROAD,15,S, ,PARAMOUNT DRIVE,201430472,20/01/2014,Mon,1630,MC,CS1C,372B ,,R,D,O ,F , ,N,C,50,0,0,0,,,1745314,5919967
Auckland,LINCOLN ROAD,40,S, ,PARAMOUNT DRIVE,201433686,15/04/2014,Tue,1237,MC,CN1V,353B 372B ,,R,D,OF,F , ,N,C,50,0,0,0,,,1745313,5919942
Auckland,LINCOLN ROAD,200,S, ,PARAMOUNT DRIVE,201442548,05/09/2014,Fri,1134,MO,VS1C,381A 929 ,,R,D,BF,F , ,N,C,50,0,0,0,,,1745307,5919782
Auckland,LINCOLN ROAD,80,N, ,POINSETTIA PLACE,201442760,12/08/2014,Tue,1703,LB,CN14,303B 314B 377B 922 ,,R,D,OF,F ,D,N,C,50,0,0,0,,,1745274,5919460
Auckland,LINCOLN ROAD,100,N, ,POINSETTIA PLACE,201442876,12/08/2014,Tue,1640,LB,CN1C,303B 375B 922 ,,R,D,O ,F ,D,N,C,50,0,0,0,,,1745276,5919480
Auckland,LINCOLN ROAD,100,N, ,POINSETTIA PLACE,201448887,12/12/2014,Fri,1219,LB,CN1C,314B 377B 922 ,,R,D,B ,F ,D, ,C,50,0,0,0,,,1745276,5919480
Auckland,LINCOLN ROAD,130,S, ,POINSETTIA PLACE,201413485,18/06/2014,Wed,1240,LB,CN1C,303B 922 ,,R,D,O ,F ,D,N,C,50,0,0,3,,,1745250,5919251
Auckland,LINCOLN ROAD,210,S, ,POINSETTIA PLACE,201445086,20/10/2014,Mon,1630,FA,CS1C,181A 926 ,,R,D,B ,F ,D,N,C,50,0,0,0,,,1745240,5919172
Auckland,LINCOLN ROAD,150,S, ,POMARIA ROAD,201411505,15/03/2014,Sat,1351,FD,4N1CCC,181A ,,R,W,OF,L , ,N,C,50,0,0,3,,,1745222,5919040
Auckland,LINCOLN ROAD,, ,I,POMARIA ROAD,201415321,30/08/2014,Sat,850,FE,CN1C,181A 334A ,,R,D,B ,F ,X,T,C,50,0,0,1,,,1745242,5919188
Auckland,LINCOLN ROAD,15,N, ,SEL PEACOCK DRIVE,201430078,14/02/2014,Fri,1100,FE,CS1C,181A ,M,R, , F,F ,T,T,C,50,0,0,0,,,1745084,5917954
Auckland,LINCOLN ROAD,15,N, ,SEL PEACOCK DRIVE,201430913,24/02/2014,Mon,1130,AA,VS1C,372A ,,R,D,BF,F , ,N,C,50,0,0,0,,,1745084,5917954
Auckland,LINCOLN ROAD,100,N, ,SEL PEACOCK DRIVE,201438926,30/05/2014,Fri,843,AA,CS1V,372A ,,R,D,BF,F , ,N,C,50,0,0,0,,,1745095,5918038
Auckland,LINCOLN ROAD,25,S, ,SEL PEACOCK DRIVE,201438804,22/07/2014,Tue,1454,AC,TS1C,671A ,,R,D,BF,F , ,N,C,50,0,0,0,,,1745079,5917914
Auckland,LINCOLN ROAD,, ,I,SEL PEACOCK DRIVE,201412741,08/05/2014,Thu,1812,FD,CS1CC,181A ,,R,D,DO,F ,T,T,C,50,0,0,2,,,1745082,5917939
Auckland,LINCOLN ROAD,, ,I,SEL PEACOCK DRIVE,201436295,14/05/2014,Wed,1325,FE,4S1C,181A ,,R,W,O ,H ,T,T,C,50,0,0,0,,,1745082,5917939
Auckland,LINCOLN ROAD,, ,I,SWANSON ROAD,201438073,30/04/2014,Wed,1810,AA,CS14,372A 112B ,,R,D,DO,F ,X,T,C,50,0,0,0,,,1745063,5917751
Auckland,LINCOLN ROAD,10,N, ,TE PAI PLACE,201449309,07/12/2014,Sun,1712,FE,CS1C,331A 351A ,,R,D,B ,F ,X,T,P,50,0,0,0,,,1745243,5919198
Auckland,LINCOLN ROAD,300,N, ,TE PAI PLACE,201431589,03/01/2014,Fri,1035,LB,CN1V,314B 377B 922 ,,R,D,B ,F ,D, ,C,50,0,0,0,,,1745276,5919486
Auckland,LINCOLN ROAD,50,S, ,TE PAI PLACE,201449874,27/11/2014,Thu,1550,AA,CN1C,352A 372A ,,R,D,BF,F , ,N,R,50,0,0,0,,,1745235,5919139
Auckland,LINCOLN ROAD,60,S, ,TE PAI PLACE,201434724,01/05/2014,Thu,1215,KB,CS1C,308B 314B 377B 924 ,,R,D,BF,F ,D,N,P,50,0,0,0,,,1745234,5919129
Auckland,LINCOLN ROAD,, ,I,TRIANGLE ROAD,201441189,29/07/2014,Tue,545,AA,CN1V,372A ,,R,D,DO,F ,X,T,C,50,0,0,0,,,1745378,5920378
Auckland,LINCOLN ROAD,5,N, ,UNIVERSAL DRIVE,201430626,24/01/2014,Fri,2047,AC,CS1C,372A 381A ,,R,D,TO,F ,X,T,C,50,0,0,0,,,1745306,5919757
Auckland,LINCOLN ROAD,10,N, ,UNIVERSAL DRIVE,201412060,25/04/2014,Fri,1425,FE,CS14,181A 350A ,,R,D,O ,F ,X,T,C,50,0,0,1,,,1745306,5919762
Auckland,LINCOLN ROAD,20,N, ,UNIVERSAL DRIVE,201447531,03/11/2014,Mon,1515,FD,CS1C,181A 331A 357A ,,R,D,B ,F , , ,C,50,0,0,0,,,1745307,5919772
Auckland,LINCOLN ROAD,30,N, ,UNIVERSAL DRIVE,201430333,22/01/2014,Wed,838,LB,4N1V,303B 926 ,,R,W,O ,F ,D,N,P,50,0,0,0,,,1745307,5919782
Auckland,LINCOLN ROAD,100,N, ,UNIVERSAL DRIVE,201418545,25/10/2014,Sat,1555,PC,CE1E,308A 925 ,,R,D,BF,F ,D,N,C,50,0,0,2,50,,1745310,5919852
Auckland,LINCOLN ROAD,100,N, ,UNIVERSAL DRIVE,201448886,11/12/2014,Thu,815,KA,CN1C,314B 377B 402B 801 927 ,,R,W,O ,L ,D, ,P,50,0,0,0,,,1745310,5919852
Auckland,LINCOLN ROAD,100,N, ,UNIVERSAL DRIVE,201415070,14/08/2014,Thu,830,MC,CN1V,372B ,,R,W,O ,F , , ,C,50,0,0,1,,,1745310,5919852
Auckland,LINCOLN ROAD,50,S, ,UNIVERSAL DRIVE,201447529,05/11/2014,Wed,730,LB,CN14,303B 314B 370B 801 922 ,,R,W,O ,L ,D, ,C,50,0,0,0,,,1745305,5919702
Auckland,LINCOLN ROAD,120,S, ,UNIVERSAL DRIVE,201413082,29/05/2014,Thu,1540,AA,CS1C,108A 372A 925 ,QT,R,D,BF,F ,D,T,C,50,0,0,1,,,1745295,5919633
Auckland,LINCOLN ROAD,250,S, ,UNIVERSAL DRIVE,201434182,10/03/2014,Mon,1715,LB,CN1C,370A 314B 377B 922 ,,R,D,B ,F ,D, ,C,50,0,0,0,,,1745278,5919504
Auckland,LINCOLN ROAD,, ,I,UNIVERSAL DRIVE,201431590,24/01/2014,Fri,805,HA,CS1C,322A 334A ,,R,D,O ,F ,X,T,C,50,0,0,0,,,1745306,5919752
Auckland,LINCOLN ROAD,, ,I,UNIVERSAL DRIVE,201440786,23/07/2014,Wed,1210,AO,CN1C,386A ,,E,D,B ,F ,T,T,C,50,0,0,0,,,1745306,5919752
Auckland,LINCOLN ROAD,150,N, ,WOODFORD AVENUE,201443548,31/07/2014,Thu,1135,AC,CS1T,372A ,,E,D,BF,F , ,N,C,50,0,0,0,,,1745187,5918769
Auckland,LINCOLN ROAD,100,S, ,WOODFORD AVENUE,201446030,15/10/2014,Wed,1056,FD,CS14,181A 191B 353B ,,R,D,B ,F , , ,X,50,0,0,0,,,1745156,5918521
Auckland,LINCOLN ROAD,150,S, ,WOODFORD AVENUE,201430081,03/02/2014,Mon,835,EA,CN1C,129A 929 ,M,R,D,BF,F ,D,N,P,50,0,0,0,,,1745150,5918471
Auckland,LINCOLN ROAD,, ,I,WOODFORD AVENUE,201437524,28/05/2014,Wed,1805,JA,CS1C,302B 387B ,,R,D,DO,F ,T,G,C,50,0,0,0,,,1745169,5918620
Auckland,LINCOLN ROAD,, ,I,WOODFORD AVENUE,201434183,27/03/2014,Thu,1150,JA,CS1C,302B 382B ,,R,D,BF,F ,T,G,C,50,0,0,0,,,1745169,5918620
Auckland,LINE ROAD,15,N, ,EASTVIEW ROAD,201446560,22/07/2014,Tue,700,NA,CN1E,306A ,,R,D,O ,F , , ,X,50,0,0,0,,,1765577,5917453
Auckland,LINE ROAD,, ,I,FARRINGDON ST,201417453,27/10/2014,Mon,1437,GD,CN1C,331A 350A ,,R,D,BF,F ,T,G,C,50,0,0,2,,,1765644,5917735
Auckland,LINE ROAD,20,N, ,MAYBURY ST,201439749,26/06/2014,Thu,1309,MO,CS1C,386A ,M,R,D,OF,F , , ,C,50,0,0,0,,,1765434,5916865
Auckland,LINE ROAD,100,N, ,MAYBURY ST,201449037,18/12/2014,Thu,1615,FC,CN1C,181A ,,R,D,BF,F , ,N,X,50,0,0,0,,,1765452,5916943
Auckland,LINE ROAD,80,S, ,MERFIELD ST,201414456,23/06/2014,Mon,1624,EA,VS1C,129A 358A ,M,R,D,BF,F , ,N,C,50,0,0,1,,,1765616,5917616
Auckland,LINE ROAD,, ,I,MERFIELD ST,201441149,09/08/2014,Sat,430,CB,CN1,103A 130A ,FH,R,W,DO,L ,T,S,C,50,0,0,0,,,1765635,5917694
Auckland,LINE ROAD,15,N, ,TANIWHA ST,201443891,20/08/2014,Wed,1457,MO,CN1C,371B ,,R,D,OF,F , ,N,C,50,0,0,0,,,1765490,5917088
Auckland,LINE ROAD,20,N, ,TANIWHA ST,201433333,13/03/2014,Thu,1630,MF,CN1C,371B ,,R,D,BF,F , ,N,C,50,0,0,0,,,1765491,5917093
Auckland,LINE ROAD,50,N, ,TANIWHA ST,201441015,18/07/2014,Fri,2120,MF,CS1C,371B ,,R,D,DO,F , ,N,C,50,0,0,0,,,1765498,5917122
Auckland,LINE ROAD,15,S, ,TANIWHA ST,201449506,21/12/2014,Sun,1649,MO,CS1C,330A 371A ,M,R,W,O ,F , , ,C,50,0,0,0,,,1765477,5917040
Auckland,LINE ROAD,40,S, ,TANIWHA ST,201437401,24/05/2014,Sat,655,ME,CS1C,371B ,,R,D,O ,F , , ,R,50,0,0,0,,,1765471,5917016
Auckland,LINE ROAD,70,S, ,TANIWHA ST,201445126,22/09/2014,Mon,1002,FD,CN1C,181A 515A 191B 801 ,Y,R,W,O ,L , , ,C,50,0,0,0,,,1765463,5916987
Auckland,LINE ROAD,, ,I,TANIWHA ST,201418301,10/12/2014,Wed,400,EC,CS1,103A 112A 517A ,HI,R,D,DO,F ,R,G,R,50,0,0,1,,,1765486,5917073
Auckland,LINE ROAD,15,S, ,WEST TAMAKI ROAD,201444202,01/08/2014,Fri,1051,AO,CN1C,129A ,,R,D,B ,F , , ,C,50,0,0,0,,,1765705,5917979
Auckland,LINGFIELD ST,, ,I,CHEQUERS AVENUE,201416758,18/10/2014,Sat,251,DC,CE2,103A 335A ,FKT,R,D,DO,F ,T,N,C,50,0,0,2,,,1754451,5927620
Auckland,LINK CRESCENT,, ,I,WHANGAPARAOA ROAD,201433362,08/03/2014,Sat,1100,JC,VN1C,302A 375A ,,R,D,BF,F ,T,G,C,50,0,0,0,,,1756028,5944184
Auckland,LINK DRIVE,, ,I,CROFTFIELD LANE,201442059,28/07/2014,Mon,800,HA,VE1C,302A 375A ,,R,D,OF,F ,R,G,R,50,0,0,0,,,1755196,5929488
Auckland,LINK DRIVE,, ,I,CROFTFIELD LANE,201431347,07/03/2014,Fri,1559,HA,CN2C,302A 375A ,,R,D,BF,F ,R,G,R,50,0,0,0,,,1755213,5929483
Auckland,LINK DRIVE,200,S, ,SUNNYNOOK ROAD,201441979,22/08/2014,Fri,1205,JA,CN1C,308B 925 ,,E,D,B ,F ,D, ,C,50,0,0,0,,,1755072,5929851