TLANAME,CRASHROAD,CRASHDIST,CRASHDIRN,INTSN,SIDEROAD,CRASHID,CRASHDATE,CRASHDOW,CRASHTIME,MVMT,VEHICLES,CAUSES,OBJECTSSTRUCK,ROADCURVE,ROADWET,LIGHT,WTHRa,JUNCTYPE,TRAFCTRL,ROADMARK,SPDLIM,CRASHFATALCNT,CRASHSEVCNT,CRASHMINCNT,PERSAGE1,PERSAGE2,EASTING,NORTHING
Auckland,LINK DRIVE,290,S, ,SUNNYNOOK ROAD,201445521,10/10/2014,Fri,1540,JA,CS1CC,308B 927 ,,E,D,B ,F ,D,N,P,50,0,0,0,,,1755115,5929772
Auckland,LINK DRIVE,480,S, ,SUNNYNOOK ROAD,201431032,30/01/2014,Thu,1501,FA,4W1C,181A ,,E,D,O ,F , ,N,C,50,0,0,0,,,1755162,5929591
Auckland,LINK DRIVE,15,E, ,TARGET ROAD,201446580,08/10/2014,Wed,930,KB,4S1S,308A 370A 927 ,,R,D,O ,F ,D,N,P,50,0,0,0,,,1755013,5929391
Auckland,LINK DRIVE,190,E, ,TARGET ROAD,201430470,26/01/2014,Sun,1215,MO,4E1C,386A ,,R,D,O ,F , ,N,C,50,0,0,0,,,1755168,5929473
Auckland,LINK DRIVE,, ,I,TARGET ROAD,201433986,13/04/2014,Sun,1243,FB,CW1C,181A 387A ,,M,D,B ,F ,T,G,C,50,0,0,0,,,1755000,5929384
Auckland,LINK DRIVE,, ,I,TARGET ROAD,201433234,22/02/2014,Sat,930,MG,CW1C,371B ,,R,D,BF,F ,T,G,C,50,0,0,0,,,1755000,5929384
Auckland,LINWOOD AVENUE,250,W, ,CHALLINOR CRESCENT,201447829,08/11/2014,Sat,45,DB,CW1C,103A 111A 131A ,MT,S, ,DO,  , ,N,C,50,0,0,0,,,1753594,5917819
Auckland,LINWOOD ROAD,200,E, ,BATTY ROAD,201418643,13/11/2014,Thu,708,CA,MW1,112A ,,R,W,BN,L , ,N,C,70,0,0,1,,,1763096,5891000
Auckland,LINWOOD ROAD,300,E, ,DYKE ROAD,201415765,17/09/2014,Wed,740,DB,ME1,131A 800 ,,M,W,BN,L , ,N,C,80,0,0,1,,,1767131,5892387
Auckland,LINWOOD ROAD,80,E, ,GLASSONS BR,201412354,19/03/2014,Wed,600,BF,CW1C,129A 131A 363A ,B,E,D,DN,F , , ,L,100,0,0,1,,,1765724,5892344
Auckland,LINWOOD ROAD,, ,I,KINGSEAT ROAD,201445947,05/07/2014,Sat,2300,DA,CN2,111A 131A 801 ,P,S,W,DO,H ,T,G,C,80,0,0,0,,,1759981,5889592
Auckland,LINWOOD ROAD,25,S, ,ROSENEATH ROAD,201415317,30/08/2014,Sat,1658,DA,4S1,110A 134A ,C,M,W,TN,L , ,N,L,70,0,0,3,,,1769536,5893663
Auckland,LINWOOD ROAD,40,W, ,URQUHART ROAD,201443535,15/08/2014,Fri,1750,DA,VN1,129A 504A ,G,M,D,TF,F , ,N,C,100,0,0,0,,,1765324,5892226
Auckland,LINWOOD ROAD,15,W, ,WALTERS ROAD,201437158,23/05/2014,Fri,920,EC,CE1,820,D,R,D,BF,F , ,N,C,100,0,0,0,,,1769206,5893216
Auckland,LLOYD ROAD,20,E, ,BARRETT ROAD,201410523,19/01/2014,Sun,106,CB,CW1E,103A 129A ,,R,D,DN,F , ,N,C,80,0,1,0,30,,1743485,5930413
Auckland,LOCHINVER ROAD,100,W, ,MCCULLOUGH AVENUE,201447262,05/11/2014,Wed,710,EA,CE1C,129A 363A 645A 902 ,M,R,D,B ,F , , ,N,50,0,0,0,,,1764841,5907822
Auckland,LOGAN ROAD,100,W, ,BUCKLAND ROAD,201415324,31/08/2014,Sun,1206,CB,CS1,129A 350A ,FP,R,D,B ,F , ,N,C,50,0,0,1,,,1771021,5878169
Auckland,LOGAN ROAD,280,N, ,BUCKVILLE ROAD,201416078,30/06/2014,Mon,2130,DB,CN1,101A 108A 111A ,F,M,W,DN,F , ,N,C,80,0,0,2,,,1771297,5878463
Auckland,LOGAN ROAD,180,S, ,BUCKVILLE ROAD,201438855,05/06/2014,Thu,2030,DA,CS1,332A ,V,M,D,DN,F , ,N,C,100,0,0,0,,,1771003,5878120
Auckland,LONE KAURI ROAD,180,E, ,LA TROBE TRACK,201413983,20/06/2014,Fri,1600,BC,CW1C,121A 610A ,,S,W,O ,F , ,N,N,100,0,0,1,,,1731936,5905499
Auckland,LONELY TRACK ROAD,500,W, ,FAIRVIEW AVENUE,201414487,17/06/2014,Tue,1537,DB,CE1,111A 131A ,P,M,W,OF,L , ,N,C,70,0,0,1,,,1752442,5935892
Auckland,LONELY TRACK ROAD,350,E, ,GILLS ROAD,201411009,20/02/2014,Thu,2037,DB,CW1,131A 402A 412A ,CS,M,D,DF,F , , ,N,70,0,0,1,,,1751861,5935847
Auckland,LONELY TRACK ROAD,, ,I,GILLS ROAD,201445101,28/09/2014,Sun,2018,DA,CW1,131A 191A ,S,E,D,DN,F ,T,S,C,70,0,0,0,,,1751542,5935724
Auckland,LONELY TRACK ROAD,100,E, ,NAMSAN CLOSE,201438933,08/06/2014,Sun,5,DB,CW1,195A ,X,E,W,DO,L , ,N,C,70,0,0,0,,,1753249,5936421
Auckland,LONG DRIVE,10,S, ,MELANESIA ROAD,201435198,11/03/2014,Tue,800,QD,CN1,428A ,H,R,D,B ,F ,X,G,C,50,0,0,0,,,1765050,5919654
Auckland,LONG DRIVE,10,N, ,SPEIGHT ROAD,201443376,05/09/2014,Fri,850,AA,CS1C,372A ,,R,D,B ,F ,T,G,C,50,0,0,0,,,1765007,5919843
Auckland,LONG DRIVE,100,S, ,TARAWERA TERRACE,201443892,18/08/2014,Mon,830,EA,CS1C,129A ,Q,E,D,BF,F , ,N,C,50,0,0,0,,,1765379,5918874
Auckland,LONG DRIVE,50,S, ,TOWAI ST,201441082,21/07/2014,Mon,1725,LB,CN1C,303B 375B 929 ,,R,W,DO,L ,D,N,C,50,0,0,0,,,1765164,5919384
Auckland,LONG DRIVE,90,S, ,TOWAI ST,201414770,30/07/2014,Wed,1815,EA,CS1C,129A 386A ,M,R,D,TF,F , , ,C,50,0,0,1,,,1765180,5919347
Auckland,LONGFORD ST,100,W, ,MOUNT WELLINGTON HIGHWAY,201436212,26/03/2014,Wed,1730,EA,CE1C,129A 350A ,M,R,D,B ,F , , ,N,50,0,0,0,,,1763680,5913134
Auckland,LONGFORD ST,200,W, ,MOUNT WELLINGTON HIGHWAY,201416299,14/10/2014,Tue,922,GC,CW1C,174B 671B 930 ,,R,D,B ,F ,D,N,N,50,0,0,1,,,1763581,5913118
Auckland,LORNE ST,15,S, ,RUTLAND ST,201448407,23/11/2014,Sun,1401,MO,CS1,133A 423A ,HJ,R,D,BF,F , ,N,N,50,0,0,0,,,1757346,5920062
Auckland,LORRAINE AVENUE,50,S, ,OWAIRAKA AVENUE,201436700,15/05/2014,Thu,830,EA,TN1C,386A ,M,R,D,B ,F , ,N,C,50,0,0,0,,,1753565,5915382
Auckland,LOTHIAN BRAE,150,W, ,TINGTON AVENUE,201446511,11/10/2014,Sat,136,DC,CW1,102A 501A ,H,R,D,DO,F , , ,N,50,0,0,0,,,1768354,5898463
Auckland,LOVELL COURT,10,W, ,WILLIAM PICKERING DRIVE,201435529,01/05/2014,Thu,736,EA,CE1C,129A 363A 902 ,M,R,D,B ,F ,T,G,C,50,0,0,0,,,1751533,5932066
Auckland,LOWER ALBERT ST,, ,I,CUSTOMS ST WEST,201450208,23/12/2014,Tue,1730,GF,BS1C,671A ,,R,D,DO,F ,X,T,C,50,0,0,0,,,1757400,5920942
Auckland,LOWER ALBERT ST,15,S, ,QUAY ST,201430906,15/01/2014,Wed,2240,MO,CS1C,371A ,M,R,D,DO,L , ,N,C,50,0,0,0,,,1757446,5921076
Auckland,LOWER ALBERT ST,, ,I,QUAY ST,201431564,15/01/2014,Wed,,GF,CN1C,129A ,,E,D,BF,F ,T,T,R,50,0,0,0,,,1757450,5921090
Auckland,LOWER HOBSON ST E,20,N, ,CUSTOMS ST WEST,201432753,13/02/2014,Thu,20,MO,XS1V,371B ,Q,R,D,DN,F , , ,N,50,0,0,0,,,1757259,5921018
Auckland,LUANDA DRIVE,20,E, ,ARODELLA CRESCENT W,201445641,30/09/2014,Tue,1,DA,CE1,131A 357A 420A ,T,E,D,DO,F ,T,N,C,50,0,0,0,,,1742631,5919512
Auckland,LUANDA DRIVE,20,E, ,WAITEMATA DRIVE,201444080,07/09/2014,Sun,750,EA,CE1T,129A ,M,R,D,BF,F , ,N,C,50,0,0,0,,,1742853,5919612
Auckland,LUANDA DRIVE,, ,I,WAITEMATA DRIVE,201416666,10/10/2014,Fri,2143,HA,CE14,302A 330A ,,R,D,DO,F ,R,G,R,50,0,0,1,,,1742833,5919607
Auckland,LUCKENS ROAD,50,S, ,BERNLEIGH TERRACE,201412728,18/01/2014,Sat,1248,GD,CS1C,181A 423A 929 ,,R,D,BF,F ,D,N,C,50,0,0,1,,,1745228,5924213
Auckland,LUCKENS ROAD,50,S, ,HOBSONVILLE ROAD,201433393,08/04/2014,Tue,1000,GD,CN1C,333A 354A 921 ,,R,D,OF,F ,D,N,C,50,0,0,0,,,1745145,5924363
Auckland,LUCKENS ROAD,300,S, ,MOIRE ROAD,201443550,16/08/2014,Sat,1838,EA,CW14,129A 354A ,M,R,D,DO,F , ,N,P,50,0,0,0,,,1745598,5923835
Auckland,LUNN AVENUE,, ,I,ABBOTTS WAY,201433250,27/02/2014,Thu,1132,JA,CN14,129A 504A 927 ,,R,D,BF,F ,D,T,C,50,0,0,0,,,1763200,5915987
Auckland,LUNN AVENUE,20,N, ,ELLERSLIE-PANMURE HIGHWAY,201438739,02/06/2014,Mon,2300,CB,CS1,130A 351A 357A ,F,R,D,DO,F , ,N,C,50,0,0,0,,,1764064,5915037
Auckland,LUNN AVENUE,450,S, ,ELLERSLIE-PANMURE HIGHWAY,201446005,15/10/2014,Wed,1430,FA,CS1C,181A ,,R,D,B ,F , , ,C,50,0,0,0,,,1763812,5915383
Auckland,LUNN AVENUE,, ,I,ELLERSLIE-PANMURE HIGHWAY,201438942,14/06/2014,Sat,1615,FB,CS1C,181A 331A ,,R,D,BF,F ,T,G,C,50,0,0,0,,,1764068,5915017
Auckland,LUNN AVENUE,40,N, ,HARDING AVENUE,201448038,06/10/2014,Mon,1645,FD,CS1C,181A ,,R,D,B ,F , , ,C,50,0,0,0,,,1763880,5915301
Auckland,LUNN AVENUE,100,N, ,HARDING AVENUE,201414593,20/07/2014,Sun,345,DA,CS1,137A 410A ,FP,E,W,DO,F , , ,P,50,0,0,2,,,1763848,5915351
Auckland,LUNN AVENUE,400,N, ,MARUA ROAD,201440244,23/06/2014,Mon,1310,EA,CN1CCC,197A 380A 902 ,M,R,D,B ,F , , ,P,50,0,0,0,,,1763620,5915547
Auckland,LUNN AVENUE,, ,I,MARUA ROAD,201418869,25/11/2014,Tue,1800,BF,VE2CC,101A 111A 131A ,,R,D,BF,F ,T,G,C,50,0,0,2,,,1763902,5915268
Auckland,LUNN AVENUE,300,S, ,NGAHUE DRIVE,201441656,07/08/2014,Thu,1732,JA,CN1C,308B 927 ,,R,D,TO,F ,D,N,P,50,0,0,0,,,1763390,5915738
Auckland,LUNN AVENUE,, ,I,NGAHUE DRIVE,201447766,09/11/2014,Sun,1345,FB,CN1C,181A 331A ,,R,D,B ,F ,T,T,P,50,0,0,0,,,,
Auckland,LUPTON ROAD,, ,I,RUSSELL ROAD,201439154,15/06/2014,Sun,403,DC,CW1,103A 112A ,,R,D,DO,F ,T,S,C,50,0,0,0,,,1768341,5900719
Auckland,LYNDOCK ST,15,E, ,AIREDALE ST,201435223,21/03/2014,Fri,1230,MO,CE14,371A ,M,R,D,B ,F , , ,C,50,0,0,0,,,1757357,5919749
Auckland,LYNDOCK ST,, ,I,AIREDALE ST,201445895,04/10/2014,Sat,1425,MO,CW1C,371A 386A ,M,R,D,O ,F ,T,G,C,50,0,0,0,,,1757343,5919743
Auckland,LYNDOCK ST,15,W, ,WAKEFIELD ST,201438025,06/06/2014,Fri,1930,EA,CW1C,129A ,M,S,D,DO,F ,X,G,C,50,0,0,0,,,1757390,5919765
Auckland,LYNDOCK ST,20,W, ,WAKEFIELD ST,201436377,30/03/2014,Sun,0,EA,CE1C,129A ,M,R,D,DO,F , ,N,C,50,0,0,0,,,1757386,5919762
Auckland,LYNN ROAD,100,S, ,BAYVIEW ROAD,201411995,31/03/2014,Mon,1909,BA,SS1C,129A 375A ,,R,D,TO,F , ,N,N,50,0,0,1,,10,1752113,5929082
Auckland,LYNN ROAD,40,N, ,HALE CRESCENT,201450239,21/12/2014,Sun,2335,DB,CS1,111A 131A 402A ,KT,E,W,DO,L , ,N,C,50,0,0,0,,,1751926,5928891
Auckland,LYNN ROAD,30,N, ,HOUSTON PLACE,201444883,12/11/2014,Wed,750,CC,CS1,410A ,FP,R,D,OF,F , ,N,C,50,0,0,0,,,1752063,5928500
Auckland,LYNN ROAD,200,N, ,HOUSTON PLACE,201413678,05/01/2014,Sun,1525,LB,CN1C,144B 303B 801 929 ,,R,W,O ,L ,D, ,C,50,0,0,1,,,1752018,5928663
Auckland,LYNNGATE PLACE,110,S, ,ALTON AVENUE,201451067,22/11/2014,Sat,1330,EC,CN1C,308B 341B 375B 929 ,Q,R,D,BF,F ,D,N,C,50,0,0,0,,,1754885,5925930
Auckland,LYNTON ROAD,50,S, ,ROSLYN ROAD W,201441994,19/03/2014,Wed,2044,CB,TS1,130A ,KP,R,D,DO,F , , ,N,50,0,0,0,,,1763859,5913455
Auckland,LYON AVENUE,50,W, ,ST LUKES ROAD,201432981,06/02/2014,Thu,1600,EA,CS1C,129A 443B ,M,E,D,O ,F , , ,C,50,0,0,0,,,1754195,5916877
Auckland,LYTTLETON AVENUE,10,E, ,BECROFT DRIVE,201412203,01/05/2014,Thu,822,EA,CE1T,129A 363A 902 ,M,E,D,B ,F ,T,G,C,50,0,0,1,,,1755722,5929355
Auckland,LYTTLETON AVENUE,30,S, ,KENNEDY AVENUE S,201443465,22/09/2014,Mon,1746,EA,CN1C,129A 363A ,M,R,D,B ,F ,T,N,C,50,0,0,0,,,1755559,5929342
Auckland,MACAULAY ST,15,W, ,DIAMOND ST,201432282,13/01/2014,Mon,1233,AO,CW1C,386A ,,R,D,BF,F ,T,N,N,50,0,0,0,,,1756672,5918800
Auckland,MACAULAY ST,20,E, ,FLEET ST,201433561,12/04/2014,Sat,1730,EA,4W1C,129A ,M,R,D,TF,F , ,N,N,50,0,0,0,,,1756583,5918827
Auckland,MACAULAY ST,30,E, ,FLEET ST,201437869,08/05/2014,Thu,1400,EA,4E1C,129A 500A ,M,R,D,O ,F ,T,N,N,50,0,0,0,,,1756592,5918824
Auckland,MACAULAY ST,, ,I,FLEET ST,201445942,23/09/2014,Tue,1727,DB,CS1CC,103A 131A ,M,R,D,O ,F ,T,N,N,50,0,0,0,,,1756563,5918833
Auckland,MACK PLACE,, ,I,DOMINION ROAD,201444875,15/11/2014,Sat,109,DB,CS2,111A 131A ,T,E,D,DO,F ,T,N,C,70,0,0,0,,,1775174,5895333
Auckland,MACKELVIE ST,, ,I,CRUMMER ROAD,201439249,23/06/2014,Mon,950,FO,CS1C,129A ,,R,D,O ,F ,X,S,N,50,0,0,0,,,1755856,5919202
Auckland,MACLEANS ROAD,15,E, ,OLIVER ROAD,201434378,17/04/2014,Thu,813,MB,CW14,303B ,,E,W,O ,HS, , ,C,50,0,0,0,,,1770393,5916778
Auckland,MAGIC WAY,120,S, ,SKELTON AVENUE,201436906,27/05/2014,Tue,129,DA,CS1,102A 501A 929 ,J,E,D,DO,F ,D,N,N,50,0,0,0,,,1770277,5901152
Auckland,MAHIA ROAD,70,E, ,ANGLERS WAY,201451069,14/12/2014,Sun,2250,DB,CW1V,111A 131A ,M,E,D,DO,F , ,N,C,50,0,0,0,,,1767444,5899080
Auckland,MAHIA ROAD,, ,I,CASTLEFINN DRIVE,201440262,22/05/2014,Thu,1450,MA,CS1V,614A 373B 378B 831 ,P,M,D,B ,F ,T,N,C,50,0,0,0,,,1766555,5899410
Auckland,MAHIA ROAD,, ,I,CHRISTMAS ROAD,201435808,12/04/2014,Sat,2145,JC,CS2C,321A ,,R,D,DO,F ,T,S,C,50,0,0,0,,,1769215,5899683
Auckland,MAHIA ROAD,100,W, ,COXHEAD ROAD,201436298,14/05/2014,Wed,1435,CB,CE1,410A ,P,R,D,B ,F , , ,C,50,0,0,0,,,1768408,5899381
Auckland,MAHIA ROAD,, ,I,COXHEAD ROAD,201448628,21/11/2014,Fri,1540,FB,CS1C,331A 359A ,,R,D,O ,F ,R,G,C,50,0,0,0,,,1768496,5899415
Auckland,MAHIA ROAD,, ,I,COXHEAD ROAD,201437229,21/05/2014,Wed,1010,FB,CE1C,181A ,,R,D,OF,F ,R,G,R,50,0,0,0,,,1768496,5899415
Auckland,MAHIA ROAD,, ,I,COXHEAD ROAD,201447533,25/10/2014,Sat,109,DA,CE1,103A 111A 131A 402A ,P,R,D,DO,F ,R,G,R,50,0,0,0,,,1768501,5899423
Auckland,MAHIA ROAD,, ,I,COXHEAD ROAD,201417270,03/11/2014,Mon,1130,FA,4W1C,181A 331A 357A ,,R,D,O ,F ,R,G,C,50,0,0,1,,,1768515,5899423
Auckland,MAHIA ROAD,80,N, ,DAMIAN WAY,201417349,14/07/2014,Mon,1335,CA,CN1T,102A 109A 112A 130A 357A ,M,R,D,B ,F , , ,C,50,0,1,0,,,1766423,5899593
Auckland,MAHIA ROAD,20,W, ,GREAT SOUTH ROAD,201437295,04/05/2014,Sun,1330,KB,CW1C,308B 375B 922 ,,R,D,BN,F ,D,N,C,50,0,0,0,,,1769489,5899783
Auckland,MAHIA ROAD,50,W, ,GREAT SOUTH ROAD,201437203,10/05/2014,Sat,1149,FD,CW1C,181A ,,R,D,BF,F , ,N,C,50,0,0,0,,,1769461,5899773
Auckland,MAHIA ROAD,, ,I,GREAT SOUTH ROAD,201448196,12/11/2014,Wed,630,BF,CN2C,111A 131A 801 ,,M,W,O ,LS,T,T,C,50,0,0,0,,,1769508,5899789
Auckland,MAHIA ROAD,, ,I,GREAT SOUTH ROAD,201439949,20/06/2014,Fri,1515,FE,CE1C,181A ,,R,D,OF,F ,T,T,C,50,0,0,0,,,1769508,5899789
Auckland,MAHIA ROAD,, ,I,GREAT SOUTH ROAD,201440185,21/07/2014,Mon,910,FE,CE1C,330A 181 ,,R,D,B ,F ,T,T,C,50,0,0,0,,,1769508,5899789
Auckland,MAHIA ROAD,, ,I,HOLMES ROAD,201416555,27/09/2014,Sat,1400,JA,MW1C,303A 375A ,,R,D,BF,F ,T,N,C,50,0,0,1,,,1769307,5899716
Auckland,MAHIA ROAD,200,W, ,SISKA PLACE,201440972,15/07/2014,Tue,830,EA,CE1T,129A 363A 902 ,M,E,D,BF,F , ,N,C,50,0,0,0,,,1767625,5899084
Auckland,MAHIA ROAD,70,E, ,SOUTHVIEW PLACE,201417357,08/11/2014,Sat,1652,DB,CS1,131A 358A 402A 642A ,G,E,D,B ,F , , ,P,50,0,0,1,,,1767596,5899068
Auckland,MAHIA ROAD,10,W, ,THOMPSON TERRACE,201444444,29/06/2014,Sun,140,MO,CW1C,512A 517A ,,R,D,DO,F ,R,G,R,50,0,0,0,,,1768322,5899346
Auckland,MAHIA ROAD,200,S, ,WEYMOUTH ROAD,201415851,29/08/2014,Fri,710,BF,CS1T,131A 412A 817 ,,E,D,B ,F , , ,C,50,0,0,1,,,1766437,5899557
Auckland,MAHUHU CRESCENT,100,E, ,TAPORA ST,201432818,14/02/2014,Fri,15,MA,CE1C,373B ,,E,D,DO,F , , ,C,50,0,0,0,,,1758331,5920648
Auckland,MAHUNGA DRIVE,, ,I,RIMU OFF SBD,201442739,01/06/2014,Sun,515,FF,CE1C,323A ,,R,W,DO,H ,T,T,C,50,0,0,0,,,1759534,5910253
Auckland,MAHUNGA DRIVE,, ,I,RIMU OFF SBD,201450219,17/12/2014,Wed,1030,KB,CW1C,322B ,,R,W,OF,HS,X,T,R,50,0,0,0,,,1759534,5910253
Auckland,MAHUNGA DRIVE,, ,I,RIMU OFF SBD,201449952,24/12/2014,Wed,240,DB,CS2,111A 131A 514A ,G,S,D,DO,F ,T,G,R,50,0,0,0,,,1759534,5910253
Auckland,MAHUNGA DRIVE,, ,I,RIMU OFF SBD,201437910,25/05/2014,Sun,1240,DB,CE1,111A 131A ,T,E,D,BF,F ,T,G,R,50,0,0,0,,,1759534,5910253
Auckland,MAHUNGA DRIVE,50,N, ,WALMSLEY ROAD,201441080,25/07/2014,Fri,1500,CB,CS14,129A 410A ,M,R,D,OF,F , ,N,C,50,0,0,0,,,1760094,5908875
Auckland,MAHUNGA DRIVE,, ,I,WALMSLEY ROAD,201449909,28/11/2014,Fri,1538,FB,CS1C,181A 331A ,,E,D,B ,F ,X,G,R,50,0,0,0,,,1760116,5908830
Auckland,MAHURANGI EAST ROAD,, ,I,ARABELLA LANE,201412684,21/04/2014,Mon,825,DB,CW2,133A 402A ,C,E,D,BF,F ,T,S,C,50,0,0,2,,,1754163,5969485
Auckland,MAHURANGI EAST ROAD,90,N, ,ARIKI DRIVE,201440559,24/07/2014,Thu,2002,GB,4S1C,158A 372B 801 929 ,,R,W,DO,L ,D, ,C,50,0,0,0,,,1754554,5968349
Auckland,MAHURANGI EAST ROAD,, ,I,DAWSON ROAD,201437892,30/04/2014,Wed,1802,DB,VS1,103A 111A ,FT,M,D,DO,F ,T,N,C,50,0,0,0,,,1754968,5967335
Auckland,MAHURANGI EAST ROAD,, ,I,DAWSON ROAD,201411123,15/03/2014,Sat,930,BF,4S1C,111A 131A 801 903 ,,M,W,O ,LS,T,G,C,50,0,0,2,,,1754968,5967335
Auckland,MAHURANGI EAST ROAD,180,N, ,KAURI CRESCENT,201439631,04/06/2014,Wed,1815,EA,CS1V,129A 350A 402A ,M,R,D,DO,F , , ,C,50,0,0,0,,,1754649,5967895
Auckland,MAHURANGI EAST ROAD,25,S, ,SNELLS BEACH ROAD,201440560,27/06/2014,Fri,1130,CA,CS1,130A 504A ,S,R,D,O ,F , , ,C,50,0,0,0,,,1754569,5967997
Auckland,MAHURANGI EAST ROAD,, ,I,SNELLS BEACH ROAD,201446185,18/10/2014,Sat,2000,DA,4W2,131A 330A ,I,S,W,DO,F ,R,G,R,50,0,0,0,,,1754564,5968023
Auckland,MAHURANGI WEST ROAD,50,E, ,SH 1N,201433575,30/03/2014,Sun,1825,DB,CE1,133A ,,M,D,ON,F , ,N,C,100,0,0,0,,,1748681,5960363
Auckland,MAHURU ST,, ,I,BROADWAY,201436858,24/05/2014,Sat,1050,FB,VW1C,181A 331A ,,R,D,O ,F ,T,G,C,50,0,0,0,,,1758387,5917677
Auckland,MAICH ROAD,100,N, ,BEATTY AVENUE,201438153,26/05/2014,Mon,915,GD,CN14,331A 929 ,,E,D,OF,F ,D,N,C,50,0,0,0,,,1768215,5901445
Auckland,MAICH ROAD,150,S, ,BEATTY AVENUE,201434363,22/04/2014,Tue,1600,MD,CN1C,371B 929 ,,R,D,O ,F ,D,N,C,50,0,0,0,,,1768370,5901251
Auckland,MAICH ROAD,, ,I,BEATTY AVENUE,201437189,25/05/2014,Sun,232,QD,CS1,428A 514A ,H,R,W,DO,L ,T,G,C,50,0,0,0,,,1768273,5901366
Auckland,MAICH ROAD,20,S, ,BROWNS ROAD,201434887,19/04/2014,Sat,40,MO,CS1C,428A 514A ,M,R,D,DO,F , ,N,P,50,0,0,0,,,1768021,5902340
Auckland,MAICH ROAD,, ,I,HALSEY ROAD,201436109,04/04/2014,Fri,1940,HA,CW2C,302A 387A ,,R,D,DO,F ,X,G,C,50,0,0,0,,,1768144,5901773
Auckland,MAICH ROAD,, ,I,HALSEY ROAD,201434494,28/04/2014,Mon,1426,HA,VS1C,302B 375B 503B 801 ,,R,W,O ,L ,X,G,C,50,0,0,0,,,1768144,5901773
Auckland,MAICH ROAD,, ,I,MARTIN ROAD,201437325,15/05/2014,Thu,1600,DB,CE2,133A ,P,R,D,OF,F ,T,G,C,50,0,0,0,,,1768090,5902028
Auckland,MAICH ROAD,150,N, ,NORTHCREST WAY,201437752,21/05/2014,Wed,1559,EA,VS1C,129A 130A 412A ,M,R,D,O ,F , , ,C,50,0,0,0,,,1768348,5901277
Auckland,MAICH ROAD,15,S, ,RUTH ST,201410721,04/03/2014,Tue,840,NA,CN1E,713B 732B ,,E,D,O ,F , ,N,C,50,0,0,1,,,1768180,5901606
Auckland,MAICH ROAD,, ,I,RUTH ST,201442112,15/08/2014,Fri,1832,DC,CE2,112A 335A 402A ,CJP,R,D,TO,F ,T,S,C,50,0,0,0,,,1768177,5901620
Auckland,MAICH ROAD,5,N, ,STATION ROAD,201435058,11/04/2014,Fri,1541,FB,CS1C,181A ,,R,D,B ,F ,X,G,R,50,0,0,0,,,1768560,5901026
Auckland,MAIDSTONE ST,60,N, ,GREAT NORTH ROAD,201412983,19/05/2014,Mon,1725,MD,SN1C,204A 929 ,,R,D,DO,F ,D,N,N,50,0,1,0,,27,1756110,5919209
Auckland,MAIN HIGHWAY,25,S, ,AMY ST,201436546,15/04/2014,Tue,1721,KB,CS1C,308B 314B 387B 922 ,,R,D,O ,F ,D, ,C,50,0,0,0,,,1761536,5914776
Auckland,MAIN HIGHWAY,30,W, ,AMY ST,201448880,11/11/2014,Tue,1529,CB,CW1C,410A ,M,R,D,O ,F , , ,C,50,0,0,0,,,1761486,5914800
Auckland,MAIN HIGHWAY,15,W, ,ARTHUR ST,201442660,18/07/2014,Fri,1930,EA,VW1C,129A ,M,R,D,DO,F , ,N,C,50,0,0,0,,,1761335,5914868
Auckland,MAIN HIGHWAY,10,E, ,ELLERSLIE-PANMURE HIGHWAY,201432071,08/01/2014,Wed,1415,FB,CE1C,331A 353A ,,E,D,B ,F ,M,G,N,50,0,0,0,,,1761782,5914705
Auckland,MAIN HIGHWAY,15,N, ,ELLERSLIE-PANMURE HIGHWAY,201447978,27/11/2014,Thu,815,AC,CN1T,381A 184B ,,E,D,B ,F , , ,C,50,0,0,0,,,1761779,5914709
Auckland,MAIN HIGHWAY,40,W, ,ELLERSLIE-PANMURE HIGHWAY,201436215,01/04/2014,Tue,1920,NC,CE1E,376A 930 ,,R,D,TO,F ,D,N,C,50,0,0,0,,,1761795,5914723
Auckland,MAIN HIGHWAY,, ,I,ELLERSLIE-PANMURE HIGHWAY,201438403,19/05/2014,Mon,1058,AC,CE1C,172A 372A ,,M,D,O ,F ,T,T,R,50,0,0,0,,,1761787,5914696
Auckland,MAIN HIGHWAY,, ,I,KALMIA ST,201443488,29/08/2014,Fri,728,JA,BW1C,302B 504B ,,E,D,O ,F ,T,G,R,50,0,0,0,,,1760968,5915050
Auckland,MAIN HIGHWAY,, ,I,RAMSGATE ST,201437078,06/06/2014,Fri,845,HA,CS2C,302A ,,E,D,B ,F ,X,G,C,50,0,0,0,,,1761349,5914861
Auckland,MAIN HIGHWAY,130,S, ,WAIRAKEI ST,201418243,25/12/2014,Thu,830,QD,CS1,428A ,F,M,D,B ,F , , ,C,50,0,0,1,,,1760444,5915275
Auckland,MAIN HIGHWAY,50,E, ,WALPOLE ST,201413516,10/05/2014,Sat,1130,CB,TE1S,102A 129A 358A 197B ,PT,R,D,B ,F , , ,C,50,0,0,1,,31,1760582,5915214
Auckland,MAIN HIGHWAY,100,E, ,WALPOLE ST,201412562,01/04/2014,Tue,1725,FD,CE14,181A 331A 363A ,,R,D,B ,F , , ,C,50,0,0,1,,,1760628,5915193
Auckland,MAIN HIGHWAY,, ,I,WALPOLE ST,201444323,16/09/2014,Tue,1748,JA,4E1C,301B 375B 801 ,,R,W,O ,L ,T,S,C,50,0,0,0,,,1760536,5915234
Auckland,MAIN HIGHWAY S,, ,I,ELLERSLIE-PANMURE HIGHWAY,201439637,18/06/2014,Wed,1603,FB,CE1C,181A ,,E,D,O ,F ,T,G,R,50,0,0,0,,,1761787,5914696
Auckland,MAIN LINK,, ,I,EDMONTON ROAD,201445865,06/10/2014,Mon,1447,GC,TE2C,171A 330A ,,M,D,B ,F ,R,G,C,50,0,0,0,,,1746808,5918826
Auckland,MAIN LINK,, ,I,MUNROE LANE,201445898,12/10/2014,Sun,1815,GC,CN2C,171B 330B ,,E,D,O ,F ,R,G,C,60,0,0,0,,,1752590,5934743
Auckland,MAIN LINK,, ,I,PENROSE INT,201445858,14/10/2014,Tue,1013,FB,CS1C,111A 181A 331A ,,E,D,B ,F ,T,G,N,50,0,0,0,,,1761461,5914299
Auckland,MAIN LINK,, ,I,PENROSE ON SBD,201438133,08/05/2014,Thu,800,FB,CW1C,181A ,,R,D,OF,F ,R,G,C,50,0,0,0,,,1761461,5914299