TLANAME,CRASHROAD,CRASHDIST,CRASHDIRN,INTSN,SIDEROAD,CRASHID,CRASHDATE,CRASHDOW,CRASHTIME,MVMT,VEHICLES,CAUSES,OBJECTSSTRUCK,ROADCURVE,ROADWET,LIGHT,WTHRa,JUNCTYPE,TRAFCTRL,ROADMARK,SPDLIM,CRASHFATALCNT,CRASHSEVCNT,CRASHMINCNT,PERSAGE1,PERSAGE2,EASTING,NORTHING
Auckland,MAIN LINK,20,W, ,WILKINSON ROAD,201443021,04/09/2014,Thu,1915,FD,CE1C,331A ,,R,W,DO,  , , ,C,50,0,0,0,,,1761718,5914666
Auckland,MAIN ST S,, ,I,WHANGAPARAOA ROAD,201431840,21/01/2014,Tue,1700,GF,CE1C,381A ,,R,D,OF,F ,T,T,C,50,0,0,0,,,1756308,5944075
Auckland,MAIORO OFF WBD,100,E, ,MAIORO ST,201449181,06/12/2014,Sat,1500,AA,CW14,372A ,,R,D,BF,F , ,N,P,50,0,0,0,,,1753611,5914345
Auckland,MAIORO OFF WBD,20,S, ,MAIORO ST,201415476,06/08/2014,Wed,1810,AA,CN1C,372A ,,R,W,DO,L , , ,C,80,0,0,1,,,1753544,5914389
Auckland,MAIORO OFF WBD,, ,I,MAIORO ST,201447233,06/11/2014,Thu,1300,KB,CN2C,322A 334A ,,R,D,O ,F ,T,T,R,50,0,0,0,,,1753520,5914409
Auckland,MAIORO ST,20,E, ,MAIORO OFF WBD,201450294,10/12/2014,Wed,1730,AA,CE1C,381A ,,R,D,OF,F , ,N,R,50,0,0,0,,,1753534,5914422
Auckland,MAIORO ST,5,W, ,MAIORO OFF WBD,201416006,10/09/2014,Wed,1437,FD,CN1CC,103A 181A ,,E,D,B ,F ,M,T,N,80,0,0,2,,,1753516,5914405
Auckland,MAIORO ST,, ,I,MAIORO OFF WBD,201444861,26/10/2014,Sun,1613,CB,40,112A 132A 817 ,FP,R,D,BF,F ,T,T,R,50,0,0,0,,,1753520,5914409
Auckland,MAIORO ST,, ,I,MAIORO OFF WBD,201432995,18/02/2014,Tue,702,KB,CN1C,322A 334A ,,R,D,B ,F ,T,T,C,50,0,0,0,,,1753520,5914409
Auckland,MAIORO ST,, ,I,MAIORO OFF WBD,201431331,07/02/2014,Fri,1939,FE,CE1VC,181A ,,R,W,OF,L ,M,T,R,50,0,0,0,,,1753520,5914409
Auckland,MAIORO ST,, ,I,MAIORO OFF WBD,201445230,11/10/2014,Sat,,KB,CE1C,322B 517B ,,E,D,DO,F ,T,T,C,50,0,0,0,,,1753520,5914409
Auckland,MAIORO ST,60,S, ,MAIORO ON EBD,201435384,05/05/2014,Mon,1330,FD,CE1C,181A ,,R,D,O ,H , , ,C,50,0,0,0,,,1753525,5914414
Auckland,MAIORO ST,, ,I,MAIORO ON EBD,201432227,27/01/2014,Mon,1750,LB,CW1C,323B 334B ,,R,D,B ,F ,T,T,R,50,0,0,0,,,1753578,5914447
Auckland,MAIORO ST,, ,I,MAIORO ON EBD,201431829,10/02/2014,Mon,2110,DA,CE1,135A 806 ,G,R,D,DO,F ,M,T,R,60,0,0,0,,,1753569,5914455
Auckland,MAIORO ST,, ,I,MAIORO ON EBD,201430837,18/01/2014,Sat,938,JC,TE1C,324A ,,R,D,BF,F ,T,T,R,100,0,0,0,,,1753569,5914455
Auckland,MAIORO ST,, ,I,MAIORO ON EBD,201445393,24/09/2014,Wed,2112,LB,CW1C,303B 323B ,,R,D,DO,F ,T,T,R,50,0,0,0,,,1753578,5914447
Auckland,MAIORO ST,, ,I,MAIORO ON EBD,201444136,27/09/2014,Sat,2314,LB,CS1C,323B 334B ,,R,W,DO,L ,X,T,C,50,0,0,0,,,1753578,5914447
Auckland,MAIORO ST,, ,I,MAIORO ON EBD,201448451,13/11/2014,Thu,1329,FE,TN1C,331A 350A ,,R,W,OF,LS,T,T,P,50,0,0,0,,,1753569,5914455
Auckland,MAIORO ST,, ,I,MAIORO ON EBD,201417315,18/10/2014,Sat,2210,KC,CS1C,323A 334A 801 ,,R,W,DO,L ,T,T,R,50,0,0,1,,,1753578,5914447
Auckland,MAIORO ST,, ,I,MAIORO ON EBD,201417262,01/09/2014,Mon,1112,DA,VN1,131A 630A 801 ,G,S,W,O ,L ,T,T,C,50,0,0,1,,,1753569,5914455
Auckland,MAIORO ST,30,E, ,NEW WINDSOR ROAD,201438449,26/05/2014,Mon,1615,FD,CW1C,181A 331A ,,R,D,B ,F , , ,C,50,0,0,0,,,1752682,5914065
Auckland,MAIORO ST,, ,I,NEW WINDSOR ROAD,201449178,05/12/2014,Fri,1245,AC,CW14,372A ,,R,D,BF,F ,T,T,C,50,0,0,0,,,1752653,5914058
Auckland,MAIORO ST,10,E, ,ROSAMUND AVENUE,201417516,29/10/2014,Wed,1653,FD,MW1V,181A ,,R,D,BF,F ,T,N,P,50,0,1,0,,,1752960,5914135
Auckland,MAIORO ST,, ,I,ROSEVILLE ST,201438644,13/05/2014,Tue,1800,JA,CE1C,302B ,,R,D,DO,F ,T,G,P,50,0,0,0,,,1753120,5914181
Auckland,MAIORO ST,, ,I,ROSEVILLE ST,201449801,13/11/2014,Thu,715,BB,CS2C,124A ,,R,D,BN,F ,T,G,P,50,0,0,0,,,1753120,5914181
Auckland,MAIORO ST,15,W, ,STODDARD ROAD,201441083,17/07/2014,Thu,1815,FE,CE1C,181A ,,R,D,DO,F ,T,T,C,50,0,0,0,,,1753668,5914546
Auckland,MAIORO ST,, ,I,STODDARD ROAD,201443355,04/09/2014,Thu,2040,GD,CE1C,101A 110A ,,R,W,DO,L ,T,T,C,50,0,0,0,,,1753681,5914552
Auckland,MAKORA ROAD,5,S, ,CHLOE PLACE,201410848,06/01/2014,Mon,518,CB,CS1,130A 402A 412A ,P,R,D,TO,F ,T,G,C,50,0,0,1,,,1744306,5922237
Auckland,MAKORA ROAD,40,N, ,KASIA CLOSE,201439292,24/05/2014,Sat,1828,EA,CN1V,129A 410A ,M,R,D,DF,F , , ,C,50,0,0,0,,,1744298,5922163
Auckland,MAKORA ROAD,, ,I,ROYAL OFF WBD,201437384,19/05/2014,Mon,746,DA,CW2,103A 111A 131A ,K,E,W,OF,F ,Y,T,R,50,0,0,0,,,1744318,5922429
Auckland,MAKORA ROAD,, ,I,TRIANGLE ROAD,201447384,07/11/2014,Fri,355,DA,CW1,407A 423A ,G,M,W,DO,L ,T,G,R,50,0,0,0,,,1744216,5921922
Auckland,MAN O WAR BAY ROAD,270,N, ,STONYBATTER ROAD,201441406,27/06/2014,Fri,1930,DA,CE1,102A 131A ,,E,D,DN,F , ,N,N,80,0,0,0,,,1792090,5928546
Auckland,MAN O WAR BAY ROAD,1200,S, ,STONYBATTER ROAD,201418424,19/12/2014,Fri,1345,BB,PN1C,101A 110A 123A ,,M,D,B ,F , , ,N,80,0,0,1,,,1792071,5927470
Auckland,MAN O WAR BAY ROAD,430,N, ,WAIHEKE ROAD,201416649,12/10/2014,Sun,1740,DA,CS1,110A 138A ,F,E,D,B ,F , , ,N,80,0,0,3,,,1788351,5925859
Auckland,MANGAKURA ROAD,1000,S, ,ROGAN AVENUE,201433771,01/04/2014,Tue,1510,BF,CN1C,111A 129A ,,M,D,B ,F , , ,N,100,0,0,0,,,1729468,5937736
Auckland,MANGAWHAI ROAD,50,S, ,BRADDICK ROAD,201437822,21/04/2014,Mon,620,EC,4N1,912,W,E,W,DN,F , ,N,C,100,0,0,0,,,1742179,5992862
Auckland,MANGAWHAI ROAD,950,S, ,BRADDICK ROAD,201418485,23/11/2014,Sun,1100,FA,CS1S,380A ,,R,D,B ,F , , ,L,100,0,1,0,,54,1742175,5991982
Auckland,MANGAWHAI ROAD,1100,S, ,CARTER ROAD,201414334,01/07/2014,Tue,1756,DA,CN1,111A 131A 901 ,E,S,W,DN,H , , ,C,100,0,0,1,,,1742373,5996923
Auckland,MANGAWHAI ROAD,300,E, ,RYAN ROAD,201447083,03/10/2014,Fri,1945,DA,CE1,111A 131A ,F,S,W,TN,L , ,N,C,100,0,0,0,,,1740617,5990629
Auckland,MANGAWHAI ROAD,, ,I,SCHOOL ROAD,201439608,04/07/2014,Fri,1006,GD,CN14,181A ,P,M,W,B ,F ,T,G,C,100,0,0,0,,,1742546,5990809
Auckland,MANGERE ROAD,50,E, ,AWA ST,201430990,04/03/2014,Tue,1656,FA,CW1C,331A 352A ,,R,D,BF,F , ,N,C,50,0,0,0,,,1763810,5908894
Auckland,MANGERE ROAD,100,E, ,AWA ST,201444338,27/09/2014,Sat,615,CB,CE1,101A 410A ,S,R,D,TO,F , , ,C,50,0,0,0,,,1763860,5908894
Auckland,MANGERE ROAD,130,E, ,AWA ST,201442721,30/08/2014,Sat,750,FE,CE1C,181A ,,R,D,BF,F , ,T,C,50,0,0,0,,,1763890,5908894
Auckland,MANGERE ROAD,170,E, ,AWA ST,201430632,01/02/2014,Sat,1520,BE,4W1T44,125A 402A 410A ,,R,D,B ,F , ,N,C,50,0,0,0,,,1763930,5908899
Auckland,MANGERE ROAD,260,E, ,AWA ST,201431809,10/02/2014,Mon,1446,MC,4E1C,372B 517B ,,E,D,BN,F , ,N,C,50,0,0,0,,,1764017,5908921
Auckland,MANGERE ROAD,, ,I,GOLF AVENUE,201438550,14/06/2014,Sat,1211,FE,4W1C,331A 350A ,,R,D,B ,F ,X,T,C,50,0,0,0,,,1763695,5908892
Auckland,MANGERE ROAD,10,W, ,GREAT SOUTH ROAD,201449008,06/12/2014,Sat,705,CB,VW1,412A ,F,R,D,BF,F ,T,T,C,50,0,0,0,,,1764270,5908977
Auckland,MANGERE ROAD,10,W, ,GREAT SOUTH ROAD,201448359,29/12/2014,Mon,1200,FE,CE1CC,150A 331A ,,R,D,B ,F ,T,T,C,50,0,0,0,,,1764270,5908977
Auckland,MANGERE ROAD,50,W, ,GREAT SOUTH ROAD,201448225,26/11/2014,Wed,2230,FD,CE1C,181A ,,R,D,DO,F , ,N,C,80,0,0,0,,,1764230,5908972
Auckland,MANGERE ROAD,, ,I,GREAT SOUTH ROAD,201414190,13/06/2014,Fri,2310,BC,CN2C,122A 414A ,,E,D,DO,F ,T,T,N,50,0,0,1,,,1764279,5908979
Auckland,MANGERE ROAD,15,N, ,HOSPITAL ROAD,201442377,11/07/2014,Fri,2215,FD,CS1CC,104A 130A ,,R,D,DO,F ,T,T,L,50,0,0,0,,,1763386,5908453
Auckland,MANGERE ROAD,, ,I,HOSPITAL ROAD,201410969,01/02/2014,Sat,857,LB,CS1C,303B 375B ,,R,D,BF,F ,T,T,L,50,0,2,0,,,1763378,5908440
Auckland,MANGERE ROAD,, ,I,HOSPITAL ROAD,201448995,12/12/2014,Fri,1700,FE,CS1C,181A 410A ,,R,D,O ,F ,T,T,R,50,0,0,0,,,1763378,5908440
Auckland,MANGERE ROAD,, ,I,HOSPITAL ROAD,201413724,28/05/2014,Wed,615,FE,CN1CC,331A 645A ,,R,D,OF,F ,T,T,C,50,0,0,1,,,1763378,5908440
Auckland,MANGERE ROAD,, ,I,HOSPITAL ROAD,201438338,10/06/2014,Tue,1811,LB,CS1C,303B 334B 901 ,,R,W,DO,H ,Y,T,C,50,0,0,0,,,1763378,5908440
Auckland,MANGERE ROAD,, ,I,HOSPITAL ROAD,201418537,29/11/2014,Sat,1125,LB,CS1C,303B ,,R,D,BF,F ,T,T,L,50,0,0,1,,,1763378,5908440
Auckland,MANGERE ROAD,, ,I,MCDONALD PLACE,201449303,08/12/2014,Mon,1905,DC,CE2C,130A 653A ,,R,D,TO,F ,T,S,C,50,0,0,0,,,1763442,5908545
Auckland,MANGERE ROAD,5,E, ,PIKI THOMPSON WAY,201433229,03/03/2014,Mon,745,FD,TE1C,353A 385A ,,R,D,BF,F ,T,T,C,50,0,0,0,,,1764192,5908968
Auckland,MANGERE ROAD,60,W, ,PIKI THOMPSON WAY,201416829,01/11/2014,Sat,2314,LB,VE1C,104B 303B 929 ,,R,D,DO,F ,D,N,C,50,0,1,0,,,1764130,5908949
Auckland,MANGERE ROAD,200,W, ,PIKI THOMPSON WAY,201435226,20/03/2014,Thu,550,EA,CE1V,129A ,M,R,D,DO,F , , ,L,50,0,0,0,,,1763994,5908915
Auckland,MANGERE ROAD,, ,I,WALMSLEY ROAD,201433662,11/04/2014,Fri,1440,GF,CW1T,386A 503A ,,E,D,O ,F ,T,T,C,50,0,0,0,,,1763695,5908892
Auckland,MANGERE ROAD,, ,I,WALMSLEY ROAD,201444948,08/10/2014,Wed,825,LB,CE1C,303B 322B ,,R,D,O ,F ,X,T,C,50,0,0,0,,,1763695,5908892
Auckland,MANLY PARK AVENUE,, ,I,LAURENCE ST,201437372,04/05/2014,Sun,2221,DB,CW2,103A 131A ,,M,D,DO,F ,T,N,C,50,0,0,0,,,1757088,5944854
Auckland,MANTRA ROAD,, ,I,DON BUCK ROAD,201416163,22/09/2014,Mon,1000,BO,CE2S,434A ,,R,D,B ,F ,T,N,C,50,0,0,1,,30,1742991,5921376
Auckland,MANUKA ROAD,100,S, ,BAYVIEW ROAD,201432899,16/02/2014,Sun,2359,EA,CS1C,129A ,M,R,D,DO,L , , ,C,50,0,0,0,,,1752729,5928588
Auckland,MANUKA ROAD,20,E, ,EASTON PARK PARADE,201442060,27/07/2014,Sun,1800,FD,CW1C,181A ,,R,W,OF,F ,T,N,P,50,0,0,0,,,1753177,5928760
Auckland,MANUKA ROAD,, ,I,EASTON PARK PARADE,201433356,29/03/2014,Sat,755,DA,CW1,136A 350A 620A ,S,E,D,BF,F ,X,T,C,50,0,0,0,,,1753157,5928764
Auckland,MANUKA ROAD,, ,I,EASTON PARK PARADE,201430016,08/01/2014,Wed,707,JA,TW1C,322A ,,E,D,BF,F ,T,T,C,50,0,0,0,,,1753157,5928764
Auckland,MANUKA ROAD,30,W, ,GLENFIELD ROAD,201418033,21/11/2014,Fri,1920,MA,CW1C,381B ,,R,D,BF,F , ,N,C,50,0,0,1,,,1753576,5928789
Auckland,MANUKA ROAD,, ,I,PEMBERTON AVENUE,201444882,23/11/2014,Sun,51,DA,CN1,103A 111A 131A ,,M,W,DO,L ,T,G,C,50,0,0,0,,,1752192,5928168
Auckland,MANUKA ROAD,50,W, ,WITHEFORD DRIVE,201414306,07/06/2014,Sat,408,CC,CW1CC,101A 410A 801 ,M,R,W,DO,L , , ,C,50,0,0,1,,,1752438,5928270
Auckland,MANUKAU OFF NBD,, ,I,GREAT SOUTH ROAD,201435660,01/05/2014,Thu,1718,FE,CW1C,110A 331A ,G,R,D,TO,F ,T,T,C,100,0,0,0,,,1767780,5903864
Auckland,MANUKAU ROAD,100,S, ,ALPERS AVENUE,201442501,08/09/2014,Mon,950,EA,4N1C,129A ,M,R,D,BF,F , ,N,C,50,0,0,0,,,1758367,5917371
Auckland,MANUKAU ROAD,10,N, ,ARCADIA ROAD,201437345,08/06/2014,Sun,1300,FD,CN1C,331A 352A ,,R,D,BF,F ,X,G,P,50,0,0,0,,,1758092,5915397
Auckland,MANUKAU ROAD,20,N, ,ARCADIA ROAD,201414479,09/04/2014,Wed,710,NA,CN1E,711B 712B ,,R,D,BF,F ,T,N,C,50,0,0,1,47,,1758095,5915407
Auckland,MANUKAU ROAD,, ,I,ARCADIA ROAD,201450289,26/12/2014,Fri,2145,MO,CS1,101A 112A 136A 613A ,P,R,D,DO,F ,T,G,P,50,0,0,0,,,1758090,5915387
Auckland,MANUKAU ROAD,15,N, ,CAMPBELL CRESCENT N,201413958,26/05/2014,Mon,2217,FA,CN1C,181A 331A ,,R,D,DO,F , ,N,C,50,0,0,2,,,1758212,5916153
Auckland,MANUKAU ROAD,100,N, ,CAMPBELL CRESCENT N,201449866,11/12/2014,Thu,1436,MA,BE1C,373A 671A ,,R,D, F,  , ,N,C,50,0,0,0,,,1758222,5916238
Auckland,MANUKAU ROAD,, ,I,CAMPBELL CRESCENT N,201410613,10/02/2014,Mon,1743,BE,CS1C,125A 410A ,,R,D,B ,F ,T,G,P,50,0,0,2,,,1758210,5916139
Auckland,MANUKAU ROAD,, ,I,CAMPBELL CRESCENT N,201435912,05/05/2014,Mon,1545,FD,CS1C,181A ,,R,W,OF,F ,T,G,C,50,0,0,0,,,1758210,5916139
Auckland,MANUKAU ROAD,, ,I,CAMPBELL ROAD,201445705,13/10/2014,Mon,1800,HA,CN1C,302A 375A ,,E,D,B ,F ,R,G,C,50,0,0,0,,,1758227,5913409
Auckland,MANUKAU ROAD,, ,I,CLAUDE ROAD,201445583,24/09/2014,Wed,1220,EC,CN1C,129A 386A ,M,R,D,B ,F ,T,G,C,50,0,0,0,,,1758088,5915374
Auckland,MANUKAU ROAD,15,N, ,CLYDE ST,201410461,14/01/2014,Tue,800,NA,CN1E,711B 714B ,,R,D,B ,F , , ,C,50,0,0,1,16,,1758324,5917155
Auckland,MANUKAU ROAD,20,N, ,CLYDE ST,201438866,19/06/2014,Thu,930,MA,MN1C,373B 671B ,,R,D,BF,F , ,N,P,50,0,0,0,,,1758325,5917160
Auckland,MANUKAU ROAD,60,N, ,CLYDE ST,201438435,12/06/2014,Thu,1756,FD,CS1C,181A 331A ,,R,D,DO,F , , ,C,70,0,0,0,,,1758333,5917200
Auckland,MANUKAU ROAD,, ,I,CORBETT-SCOTT AVENUE,201432843,07/03/2014,Fri,745,GB,CN1C,172B ,,R,D,TF,F ,T,G,P,50,0,0,0,,,1758193,5915991
Auckland,MANUKAU ROAD,5,N, ,EMPIRE ROAD,201410626,20/01/2014,Mon,1500,FD,VS1CC,181A 350A ,,R,D,O ,F ,T,G,C,50,0,1,0,,,1757988,5914846
Auckland,MANUKAU ROAD,15,S, ,EPSOM AVENUE,201448601,27/11/2014,Thu,1540,AO,CN1C,129A ,,R,D,B ,F , , ,P,50,0,0,0,,,1758243,5916556
Auckland,MANUKAU ROAD,, ,I,EPSOM AVENUE,201445383,05/05/2014,Mon,810,FD,PN1C,181A ,,R,D,O ,F ,T,G,C,50,0,0,0,,,1758244,5916571
Auckland,MANUKAU ROAD,10,N, ,GARDNER ROAD,201443139,27/08/2014,Wed,1837,FD,CN1CC,181A ,,R,D,DO,F ,T,S,C,50,0,0,0,,,1758055,5915218
Auckland,MANUKAU ROAD,, ,I,GARDNER ROAD,201449862,12/12/2014,Fri,1615,AC,CN14,372A ,,R,D,BF,F ,T,G,C,50,0,0,0,,,1758055,5915208
Auckland,MANUKAU ROAD,50,N, ,GLASGOW ROAD,201412129,27/04/2014,Sun,1700,NA,CS1E,194A 711B ,,R,D,O ,F , , ,C,50,0,0,1,44,,1769435,5880476
Auckland,MANUKAU ROAD,170,N, ,GLASGOW ROAD,201415277,08/08/2014,Fri,1045,EA,CN1V,129A 341A ,M,R,D,BF,F , ,N,P,50,0,0,1,,,1769415,5880594
Auckland,MANUKAU ROAD,, ,I,GOLF ROAD,201449041,17/12/2014,Wed,1740,LB,CS1C,303B 377B ,,R,W,TF,L ,T,G,C,50,0,0,0,,,1758011,5914933
Auckland,MANUKAU ROAD,, ,I,GOLF ROAD,201442019,01/08/2014,Fri,1640,LB,VS1C,303B 377B ,,R,D,BF,F ,T,G,C,50,0,0,0,,,1758011,5914933
Auckland,MANUKAU ROAD,180,N, ,GOODLAND ST,201417481,07/11/2014,Fri,815,HA,SN1V,204A 308B 929 ,,R,D,BF,F ,D,N,C,50,0,1,0,,,1758062,5914336
Auckland,MANUKAU ROAD,20,N, ,GREEN LANE WEST,201444650,10/09/2014,Wed,1937,FD,CS1CC,181A 507A ,,R,D,DO,F ,M,T,C,50,0,0,0,,,1758114,5915506
Auckland,MANUKAU ROAD,30,N, ,GREEN LANE WEST,201412968,28/04/2014,Mon,817,NA,CS1E,713B ,,R,D,B ,F ,X,T,P,50,0,1,0,29,,1758115,5915516
Auckland,MANUKAU ROAD,30,N, ,GREEN LANE WEST,201440472,18/07/2014,Fri,2030,NB,CS1E,711B 720B ,,R,D,DO,L ,M,T,C,50,0,0,0,,,1758115,5915516
Auckland,MANUKAU ROAD,50,N, ,GREEN LANE WEST,201438923,09/06/2014,Mon,1250,NA,CS1E,711B ,,R,D,OF,F , ,N,C,50,0,0,0,,,1758119,5915535
Auckland,MANUKAU ROAD,100,N, ,GREEN LANE WEST,201449865,11/12/2014,Thu,1130,AO,CS1V,381A ,,R,D,BF,F , ,N,C,50,0,0,0,,,1758127,5915585
Auckland,MANUKAU ROAD,120,N, ,GREEN LANE WEST,201416405,25/09/2014,Thu,949,LB,CS14,303B 375B 929 ,,R,D,B ,F ,D, ,P,50,0,0,2,,,1758130,5915604
Auckland,MANUKAU ROAD,20,S, ,GREEN LANE WEST,201431877,05/03/2014,Wed,1550,AA,CN1C,382A ,,R,D,BF,F , ,N,C,50,0,0,0,,,1758107,5915466
Auckland,MANUKAU ROAD,30,S, ,GREEN LANE WEST,201434842,26/03/2014,Wed,905,MB,CS1C,303B 375B ,,R,D,BF,F , ,N,C,50,0,0,0,,,1758105,5915457
Auckland,MANUKAU ROAD,50,S, ,GREEN LANE WEST,201412165,01/04/2014,Tue,1745,NA,CN1E,711B 714B ,,R,D,B ,F , , ,P,50,0,0,1,34,,1758102,5915437
Auckland,MANUKAU ROAD,150,S, ,GREEN LANE WEST,201438962,13/06/2014,Fri,745,AA,CN1C,353A 372A ,,R,D,BF,F , ,N,C,50,0,0,0,,,1758079,5915340
Auckland,MANUKAU ROAD,, ,I,GREEN LANE WEST,201442508,04/09/2014,Thu,1730,FE,CN1C,181A ,,R,D,DO,F ,X,T,C,50,0,0,0,,,1758110,5915486
Auckland,MANUKAU ROAD,, ,I,GREEN LANE WEST,201441187,27/06/2014,Fri,1700,GF,MW2C,381A ,,R,D,BF,F ,X,T,C,60,0,0,0,,,1758110,5915486
Auckland,MANUKAU ROAD,, ,I,GREEN LANE WEST,201418553,04/12/2014,Thu,1250,FE,CN1CC,181A ,,R,D,OF,F ,X,T,C,50,0,0,1,,,1758110,5915486
Auckland,MANUKAU ROAD,, ,I,GREEN LANE WEST,201436539,20/04/2014,Sun,2030,FE,CN1CC,181A 331A 402A ,,R,D,DO,F ,X,T,P,50,0,0,0,,,1758110,5915486
Auckland,MANUKAU ROAD,, ,I,GREEN LANE WEST,201435303,03/05/2014,Sat,1320,AC,CW2C,159A ,,R,D,B ,F ,X,T,R,50,0,0,0,,,1758110,5915486
Auckland,MANUKAU ROAD,, ,I,GREEN LANE WEST,201410179,22/01/2014,Wed,1510,GA,CS1C,181A 331A ,,R,D,B ,F ,X,T,C,50,0,0,1,,,1758110,5915486
Auckland,MANUKAU ROAD,, ,I,GREEN LANE WEST,201444544,03/09/2014,Wed,1930,AO,TN1C,129A ,,R,D,O ,L ,X,T,C,50,0,0,0,,,1758110,5915486
Auckland,MANUKAU ROAD,15,N, ,HARRIS ST,201442627,25/06/2014,Wed,1520,FD,CN14,331A 352A ,,R,W,OF,L ,T,G,C,50,0,0,0,,,1769369,5880861
Auckland,MANUKAU ROAD,40,S, ,HARRIS ST,201449455,19/12/2014,Fri,1045,JA,CN1C,173A 927 ,,R,D,B ,F ,D,N,C,50,0,0,0,,,1769377,5880807
Auckland,MANUKAU ROAD,50,N, ,INVERARY AVENUE,201416996,21/10/2014,Tue,1320,FD,CN1VVC,331A 352A ,,R,D,OF,F , ,N,P,50,0,0,3,,,1758226,5916291
Auckland,MANUKAU ROAD,, ,I,INVERARY AVENUE,201415459,30/08/2014,Sat,2225,FD,CN14C,181A 359A 181B ,,R,W,DO,H ,T,N,C,50,0,0,1,,,1758222,5916241
Auckland,MANUKAU ROAD,, ,I,KIMBERLEY ROAD,201439564,19/06/2014,Thu,1515,AA,CS1C,372A ,,R,D,B ,F ,T,G,C,50,0,0,0,,,1758208,5916114
Auckland,MANUKAU ROAD,, ,I,KING EDWARD AVENUE,201410919,26/02/2014,Wed,919,NA,TN1E,711B ,,R,D,BF,F ,T,G,P,50,0,1,0,75,,1758151,5915728
Auckland,MANUKAU ROAD,15,N, ,KING GEORGE AVENUE,201450215,01/12/2014,Mon,1428,EE,SN1C,374B ,M,R,D,BF,F ,T,G,C,50,0,0,0,,,1758170,5915853
Auckland,MANUKAU ROAD,15,N, ,KING GEORGE AVENUE,201436068,24/04/2014,Thu,1300,FD,CN1C,181A ,,R,D,BF,F ,T,G,C,50,0,0,0,,,1758170,5915853
Auckland,MANUKAU ROAD,40,N, ,KIPLING AVENUE,201436106,31/03/2014,Mon,1715,AO,CS1C,372A ,,R,D,B ,F , , ,C,50,0,0,0,,,1758295,5917009
Auckland,MANUKAU ROAD,, ,I,KIPLING AVENUE,201412966,27/05/2014,Tue,1200,FD,CN1CCC,181A 181B 181C ,,R,D,B ,F ,T,G,C,50,0,0,2,,,1758286,5916970
Auckland,MANUKAU ROAD,100,S, ,MASSEY AVENUE,201447536,31/10/2014,Fri,1525,FC,CN1C,112A 181A 331A ,,R,D,O ,F , , ,X,50,0,0,0,,,1769350,5880978
Auckland,MANUKAU ROAD,400,S, ,MASSEY AVENUE,201444379,17/08/2014,Sun,1030,EA,TS14,386A 402A 929 ,M,R,D,B ,F ,D, ,C,50,0,0,0,,,1769399,5880682
Auckland,MANUKAU ROAD,80,N, ,MOUNT ALBERT ROAD,201447824,28/10/2014,Tue,2038,MA,CN1C,373B ,,R,W,DO,L , ,N,P,50,0,0,0,,,1758208,5913512
Auckland,MANUKAU ROAD,, ,I,MOUNT ALBERT ROAD,201415085,14/08/2014,Thu,1155,HA,4S1P,302A ,,E,W,O ,L ,R,G,R,50,0,0,1,,,1758227,5913409
Auckland,MANUKAU ROAD,, ,I,MOUNT ALBERT ROAD,201439568,21/06/2014,Sat,755,HA,CE2C,302A ,,R,D,B ,F ,R,G,R,50,0,0,0,,,1758212,5913424
Auckland,MANUKAU ROAD,, ,I,MOUNT ALBERT ROAD,201441004,19/07/2014,Sat,2130,CA,CN1,130A ,S,R,W,DO,L ,R,G,P,50,0,0,0,,,1758215,5913412
Auckland,MANUKAU ROAD,, ,I,MOUNT ST JOHN AVENUE,201449191,21/11/2014,Fri,1300,JA,CS1T,302B 377B 839 ,,R,D,BF,F ,T,G,P,50,0,0,0,,,1758270,5916880
Auckland,MANUKAU ROAD,, ,I,NELSON ST,201434788,17/04/2014,Thu,525,HA,CE2C,302A 375A ,,R,W,DO,L ,R,G,R,50,0,0,0,,,1769484,5880134
Auckland,MANUKAU ROAD,20,S, ,NGAROMA ROAD,201448473,11/11/2014,Tue,930,KB,CS1C,308B 375B 923 ,,R,D,OF,F ,D,N,C,50,0,0,0,,,1757998,5914704
Auckland,MANUKAU ROAD,, ,I,ONSLOW AVENUE,201415091,15/08/2014,Fri,1750,LB,PN1C,303B ,,M,D,DO,F ,T,G,C,50,0,0,1,,,1758059,5915122
Auckland,MANUKAU ROAD,, ,I,ONSLOW AVENUE,201441147,13/08/2014,Wed,2051,BA,XN1C,125A 410A ,,R,W,DO,L ,T,G,C,50,0,0,0,,,1758059,5915122
Auckland,MANUKAU ROAD,30,S, ,OWENS ROAD,201433999,11/04/2014,Fri,1615,EA,CN1C,386A ,M,R,D,B ,F , ,N,C,80,0,0,0,,,1758308,5917072
Auckland,MANUKAU ROAD,5,N, ,PAH ROAD,201431835,08/02/2014,Sat,1249,FD,CS1C,331A 358A ,,R,D,BF,F ,Y,T,C,50,0,0,0,,,1757972,5914791
Auckland,MANUKAU ROAD,, ,I,PAH ROAD,201444321,12/09/2014,Fri,1825,DB,CS1C,111A 131A 801 ,,M,W,DO,L ,T,T,R,50,0,0,0,,,1757971,5914786
Auckland,MANUKAU ROAD,50,N, ,QUEEN MARY AVENUE,201448395,21/12/2014,Sun,1330,JA,CS1C,308B 926 ,,R,D,B ,F ,D,N,P,50,0,0,0,,,1758136,5915643
Auckland,MANUKAU ROAD,80,N, ,QUEEN MARY AVENUE,201443150,24/07/2014,Thu,1215,FD,VS1C4,181A 181B 801 ,,R,W,O ,L , , ,P,50,0,0,0,,,1758141,5915672
Auckland,MANUKAU ROAD,, ,I,QUEEN MARY AVENUE,201437541,09/05/2014,Fri,1042,MC,CS1C,372B ,,R,D,B ,F ,T,G,C,50,0,0,0,,,1758128,5915593
Auckland,MANUKAU ROAD,, ,I,QUEEN MARY AVENUE,201441217,25/07/2014,Fri,1340,AO,CS1C,151A 173A 330A ,,R,D,B ,F ,T,T,P,50,0,0,0,,,1758128,5915593
Auckland,MANUKAU ROAD,50,S, ,RANFURLY ROAD,201439556,17/06/2014,Tue,810,FA,CN1C,181A ,,R,D,O ,F , , ,C,50,0,0,0,,,1758229,5916346
Auckland,MANUKAU ROAD,90,S, ,RANFURLY ROAD,201436696,14/05/2014,Wed,1520,FD,CN1C,181A ,,R,W,O ,F , ,N,C,80,0,0,0,,,1758226,5916306
Auckland,MANUKAU ROAD,, ,I,TRAFALGAR ST,201414629,15/07/2014,Tue,2104,JC,CS1C,322A 330A ,,R,D,DO,F ,X,T,C,50,0,0,1,,,1758419,5912918