TLANAME,CRASHROAD,CRASHDIST,CRASHDIRN,INTSN,SIDEROAD,CRASHID,CRASHDATE,CRASHDOW,CRASHTIME,MVMT,VEHICLES,CAUSES,OBJECTSSTRUCK,ROADCURVE,ROADWET,LIGHT,WTHRa,JUNCTYPE,TRAFCTRL,ROADMARK,SPDLIM,CRASHFATALCNT,CRASHSEVCNT,CRASHMINCNT,PERSAGE1,PERSAGE2,EASTING,NORTHING
Auckland,MANUKAU ROAD,, ,I,TRAFALGAR ST,201439516,26/05/2014,Mon,615,DA,CW2,111A 131A 423A ,HK,M,W,DO,L ,X,T,P,50,0,0,0,,,1758419,5912918
Auckland,MANUKAU ROAD,10,N, ,TURAMA ROAD,201411128,17/03/2014,Mon,1210,JA,MN1C,308B 375B 925 ,,R,D,B ,F ,D,S,P,50,0,0,1,,,1758193,5913589
Auckland,MANUKAU ROAD,, ,I,TURAMA ROAD,201418199,12/12/2014,Fri,1735,JA,CS1C,301B 330B ,,R,D,O ,F ,T,S,P,50,0,0,1,,,1758195,5913579
Auckland,MANUKAU ROAD,, ,I,TURAMA ROAD,201445075,16/10/2014,Thu,1515,JC,CN1C,301A 375A 402A ,,R,D,B ,F ,T,S,C,50,0,0,0,,,1758195,5913579
Auckland,MANUKAU ROAD,, ,I,TURAMA ROAD,201443248,23/08/2014,Sat,245,EO,CN1,512A 517A ,X,R,D,DO,F ,T,S,R,50,0,0,0,,,1758195,5913579
Auckland,MANUKAU ROAD,, ,I,WARBOROUGH AVENUE,201446528,07/10/2014,Tue,1648,LB,CS1C,303B ,,R,D,B ,F ,T,G,C,50,0,0,0,,,1758247,5916600
Auckland,MANUKAU ROAD,, ,I,WARBOROUGH AVENUE,201446460,29/10/2014,Wed,1525,LB,CS1C,314B 377B ,,R,D,OF,F ,T,G,P,50,0,0,0,,,1758247,5916600
Auckland,MANUKAU STATION ROAD,, ,I,BARROWCLIFFE PLACE,201444671,02/10/2014,Thu,1215,LB,CW1C,322A 402A ,,R,D,O ,F ,X,T,R,60,0,0,0,,,1767299,5904135
Auckland,MANUKAU STATION ROAD,, ,I,CLIST CRESCENT E,201442745,05/09/2014,Fri,1700,JC,CN2C,302A 375A ,,R,D,OF,F ,X,G,C,50,0,0,0,,,1767647,5904272
Auckland,MANUKAU STATION ROAD,, ,I,GREAT SOUTH ROAD,201438964,22/06/2014,Sun,1322,GB,CE1C,172B 358B ,,R,D,BF,F ,X,T,C,60,0,0,0,,,1767774,5904295
Auckland,MANUKAU STATION ROAD,, ,I,GREAT SOUTH ROAD,201436404,06/04/2014,Sun,2224,FB,CE1C,181A ,,R,D,DO,F ,M,G,R,50,0,0,0,,,1767774,5904295
Auckland,MANUKAU STATION ROAD,10,E, ,LAMBIE DRIVE,201436538,16/05/2014,Fri,1716,MO,CS1C,371B 386B ,,R,D,B ,F ,X,T,C,60,0,0,0,,,1766801,5904019
Auckland,MANUKAU STATION ROAD,, ,I,LAMBIE DRIVE,201448624,24/11/2014,Mon,945,FE,VW1C,181A 331A 801 ,,R,W,O ,L ,X,T,C,50,0,0,0,,,1766792,5904015
Auckland,MANUKAU STATION ROAD,, ,I,LEYTON WAY,201434693,23/03/2014,Sun,1300,FF,CW1C,191B 357B 510B ,,R,D,BF,F ,X,T,R,50,0,0,0,,,1767644,5904284
Auckland,MANUKAU STATION ROAD,, ,I,LEYTON WAY,201443555,18/08/2014,Mon,1559,LB,VE1C,322A 350A ,,R,D,BF,F ,T,T,R,50,0,0,0,,,1767644,5904284
Auckland,MANUKAU STATION ROAD,, ,I,OSTERLEY WAY,201410062,21/01/2014,Tue,1305,JA,CS2C,322A 322B 801 ,,E,W,O ,L ,X,T,R,60,0,0,1,,,1767294,5904146
Auckland,MANUKAU STATION ROAD,, ,I,OSTERLEY WAY,201442628,14/07/2014,Mon,1605,FF,CE1C,428B ,,R,D,OF,F ,X,T,R,50,0,0,0,,,1767294,5904146
Auckland,MANUKAU STATION ROAD,, ,I,WIRI STATION ROAD,201437278,06/06/2014,Fri,706,GF,TW1C,381A 671A ,,R,W,BF,F ,T,T,C,60,0,0,0,,,1767120,5904071
Auckland,MANUREWA ON NBD,150,E, ,GRANDE VUE ROAD,201443675,04/09/2014,Thu,625,DB,CE1,111A 131A ,G,M,W,B ,F , , ,R,100,0,0,0,,,1769486,5902016
Auckland,MANUREWA ON NBD,80,S, ,SH 1N,201443909,19/10/2014,Sun,120,DB,CN1,111A 131A ,G,S,W,DO,L , ,N,R,100,0,0,0,,,1769493,5901963
Auckland,MANUROA ROAD,200,E, ,GREAT SOUTH ROAD,201431816,14/02/2014,Fri,130,FF,CE1C,181A 434A ,,R,D,DO,F , ,N,C,50,0,0,0,,,1770519,5899017
Auckland,MANUROA ROAD,15,W, ,OAKLEIGH AVENUE,201445211,08/10/2014,Wed,1750,MD,CE1C,308A 371A 929 ,,R,D,O ,F ,D, ,C,50,0,0,0,,,1770593,5899040
Auckland,MANUROA ROAD,30,W, ,OAKLEIGH AVENUE,201430335,10/01/2014,Fri,18,AC,CW1C,112A 381A ,SF,R,D,DO,F , ,N,L,50,0,0,0,,,1770579,5899036
Auckland,MANUROA ROAD,, ,I,OAKLEIGH AVENUE,201436155,12/05/2014,Mon,705,JA,CE1C,302B ,,R,D,O ,F ,T,G,C,50,0,0,0,,,1770608,5899045
Auckland,MANUROA ROAD,30,E, ,PRINCESS ST,201437326,09/06/2014,Mon,1800,CB,CW1,112A 130A 901 ,IP,R,W,DO,H , ,N,R,50,0,0,0,,,1770746,5899089
Auckland,MANUROA ROAD,10,W, ,PRINCESS ST,201433307,10/04/2014,Thu,1030,EE,CE1C,374B ,M,R,D,BF,F ,T,T,C,50,0,0,0,,,1770708,5899077
Auckland,MANUROA ROAD,20,W, ,PRINCESS ST,201448008,12/11/2014,Wed,1715,GD,CE14,130A 331A 412A 925 ,,R,D,O ,F ,D,N,C,50,0,0,0,,,1770699,5899074
Auckland,MANUROA ROAD,, ,I,PRINCESS ST,201418149,16/12/2014,Tue,1306,NA,VW1E,191A 711B ,,R,D,O ,F ,T,G,C,50,0,0,1,21,,1770718,5899080
Auckland,MANUROA ROAD,100,E, ,TAKANINI SCHOOL ROAD,201435489,06/05/2014,Tue,1835,GA,CE1C,103A 181A 929 ,,R,D,DO,F ,D,N,C,50,0,0,0,,,1771156,5899218
Auckland,MANUROA ROAD,, ,I,TAKANINI SCHOOL ROAD,201430789,07/01/2014,Tue,2043,HA,CS2V,321A 375A ,,R,W,DO,L ,X,S,C,50,0,0,0,,,1771061,5899188
Auckland,MANUROA ROAD,, ,I,TAKANINI SCHOOL ROAD,201440793,01/08/2014,Fri,750,LB,CW1C,303B ,,R,W,O ,M ,X,S,C,50,0,0,0,,,1771061,5899188
Auckland,MANUROA ROAD,, ,I,TAKANINI SCHOOL ROAD,201438851,03/06/2014,Tue,902,HA,CE1C,321B 375B ,,R,D,OF,F ,X,S,R,50,0,0,0,,,1771061,5899188
Auckland,MANUROA ROAD,, ,I,TAKANINI SCHOOL ROAD,201441178,05/08/2014,Tue,804,LB,TN1C,303B 387B ,,R,W,OF,L ,X,S,C,50,0,0,0,,,1771061,5899188
Auckland,MANUROA ROAD,, ,I,TAKANINI SCHOOL ROAD,201410664,04/02/2014,Tue,1420,HA,CE1C,301B 353B ,,E,D,O ,F ,X,S,R,50,0,0,2,,,1771061,5899188
Auckland,MANUROA ROAD,, ,I,TAKANINI SCHOOL ROAD,201442538,01/09/2014,Mon,530,HA,CS2C,321A 375A ,,R,W,DO,L ,X,S,C,50,0,0,0,,,1771061,5899188
Auckland,MAPLESDEN DRIVE,50,W, ,BARNEYS FARM ROAD,201447471,28/11/2014,Fri,115,CB,CS1C,103A 130A ,M,R,D,DN,F , ,N,C,50,0,0,0,,,1765754,5900014
Auckland,MARAETAI COAST ROAD,560,N, ,NORTH ROAD,201412251,12/05/2014,Mon,1600,DA,CN1,104A 357A 504A ,C,E,D,O ,F , ,N,C,100,0,1,0,,,1783926,5914076
Auckland,MARAETAI COAST ROAD,1000,N, ,NORTH ROAD,201417174,29/10/2014,Wed,2000,DA,4S1,104A 111A 131A ,P,M,W,DN,L , , ,L,100,0,0,1,,,1783792,5914487
Auckland,MARAETAI COAST ROAD,1000,W, ,NORTH ROAD,201410899,11/01/2014,Sat,1100,BF,VS1C,121A 129A 404A ,,S,D,B ,F , , ,L,100,0,0,2,,,1783792,5914487
Auckland,MARAETAI DRIVE,100,S, ,OMANA BEACH ROAD,201444873,22/11/2014,Sat,2340,DB,CS1,111A 131A ,P,M,D,DO,M , ,N,L,50,0,0,0,,,1780677,5916503
Auckland,MARAETAI DRIVE,, ,I,OMANA BEACH ROAD,201418810,14/12/2014,Sun,200,DA,40,101A 111A 131A ,S,M,W,DO,L ,T,N,C,50,0,0,1,,,1780732,5916586
Auckland,MARAETAI DRIVE,, ,I,OMANA BEACH ROAD,201417398,29/11/2014,Sat,600,DC,CW1,103A 111A 130A 632A 801 ,ET,M,W,B ,L ,T,G,C,50,0,0,2,,,1780732,5916586
Auckland,MARAETAI DRIVE,, ,I,TE PENE ROAD,201416193,16/09/2014,Tue,1145,JA,PE1C,302B 375B ,,R,W,B ,F ,T,G,C,50,0,0,1,,,1781604,5916563
Auckland,MARELLEN DRIVE,60,S, ,UPPER CHELVERTON DRIVE,201445171,14/09/2014,Sun,26,DB,CN1C,103A 131A 410A 801 904 ,FM,M,W,DO,M , , ,C,50,0,0,0,,,1752959,5947127
Auckland,MARENDELLAS DRIVE,50,W, ,HUTCHINSON ROAD,201444349,18/09/2014,Thu,1555,EA,CE1C,129A ,Q,R,D,O ,F , , ,C,50,0,0,0,,,1770494,5915239
Auckland,MARGAN AVENUE,50,W, ,ASTLEY AVENUE,201450225,10/12/2014,Wed,1013,MO,VE1C,371A 929 ,M,R,D,OF,F ,D,N,C,50,0,0,0,,,1750191,5913212
Auckland,MARGAN AVENUE,400,E, ,TITIRANGI ROAD,201439288,19/06/2014,Thu,2124,KB,CE1C,308B 929 ,,R,W,DO,L ,D,N,C,50,0,0,0,,,1749616,5913444
Auckland,MARGARET ST,25,S, ,COLLEGE HILL,201435385,02/04/2014,Wed,1517,MO,CN1C,386A ,M,R,D,B ,F , , ,C,50,0,0,0,,,1755585,5920604
Auckland,MARGOT ST,, ,I,GREAT SOUTH ROAD,201444615,19/09/2014,Fri,1600,FA,CN1C,181A 386A ,,R,D,B ,F ,T,S,C,50,0,0,0,,,1758484,5917379
Auckland,MARINE TERRACE,, ,I,BAYSWATER AVENUE,201415675,02/05/2014,Fri,1600,HA,CN1S,302A 375A ,,E,D,O ,F ,R,G,C,50,0,0,1,,54,1757789,5924049
Auckland,MARINE TERRACE,, ,I,BAYSWATER AVENUE,201446601,12/10/2014,Sun,37,DB,CS1C,131A 514A 631A ,,R,D,DO,F ,R,G,R,50,0,0,0,,,1757786,5924048
Auckland,MARITIME TERRACE,150,E, ,PEREGRINE PLACE,201449821,04/12/2014,Thu,1812,CC,CW1,414A ,HX,R,D,BF,F , ,N,C,50,0,0,0,,,1755014,5924065
Auckland,MARJORIE JAYNE CRESCENT,20,S, ,STATION ROAD,201435421,08/04/2014,Tue,,MO,CS1C,103A 371A 929 ,,R,D,BN,F ,D,N,L,50,0,0,0,,,1763448,5909593
Auckland,MARKET PLACE,, ,I,PAKENHAM ST EAST,201445437,24/09/2014,Wed,1502,HA,CE2X,301A ,,R,D,B ,F ,X,S,C,50,0,0,0,,,1757042,5920903
Auckland,MARKET ROAD,40,E, ,CAMPBELL CRESCENT,201437281,06/06/2014,Fri,1350,FD,CE1C,181A ,,R,D,BF,F , ,N,C,50,0,0,0,,,1758351,5916105
Auckland,MARKET ROAD,100,N, ,CAMPBELL CRESCENT,201444319,19/09/2014,Fri,1512,MO,CN1C,386A ,M,R,D,B ,F , , ,C,50,0,0,0,,,1758398,5916142
Auckland,MARKET ROAD,50,E, ,CORNWALL PARK AVENUE,201410446,30/01/2014,Thu,2134,EA,CE1V,129A 358A ,MT,R,D,DO,F , , ,C,50,0,0,1,,,1758746,5916406
Auckland,MARKET ROAD,10,S, ,CORNWALL PARK AVENUE,201417452,05/11/2014,Wed,849,CB,CS1C4,129A 504A ,QM,R,D,BF,F ,T,S,C,50,0,0,2,,,1758698,5916369
Auckland,MARKET ROAD,, ,I,GREAT SOUTH ROAD,201414473,06/06/2014,Fri,2316,HA,CE1V,322B ,,R,D,DO,F ,X,T,C,50,0,0,3,,,1759075,5916659
Auckland,MARKET ROAD,100,W, ,HIGHWIC AVENUE,201439650,07/04/2014,Mon,1940,EA,CW1C,129A 358A ,KM,R,D,DO,F , , ,C,50,0,0,0,,,1758748,5916408
Auckland,MARKET ROAD,, ,I,MARKET OFF NBD,201445231,04/10/2014,Sat,617,DC,CN2,103A 112A ,GI,R,D,TO,F ,T,T,R,50,0,0,0,,,1759181,5916738
Auckland,MARKET ROAD,10,E, ,MAXFIELD PLACE,201447490,29/10/2014,Wed,1900,EA,CE1C,386A ,M,R,D,O ,F ,T,N,C,50,0,0,0,,,1758856,5916491
Auckland,MARKET ROAD,, ,I,MOUNT HOBSON ROAD,201437137,25/04/2014,Fri,924,JA,CE1C,322B ,,R,W,BF,F ,T,T,C,50,0,0,0,,,1759221,5916770
Auckland,MARKET ROAD,, ,I,PATEY ST,201437847,11/04/2014,Fri,910,JA,CW1C,301B 375B ,,R,D,B ,F ,T,S,C,50,0,0,0,,,1759108,5916684
Auckland,MARKET ROAD,, ,I,REMUERA ROAD,201439539,17/06/2014,Tue,1005,FE,CE1C,331A ,,R,W,B ,L ,T,T,C,50,0,0,0,,,1759570,5917047
Auckland,MARKET SQUARE,, ,I,PARKWAY,201439016,30/06/2014,Mon,1750,LB,CS1C,303B 375B ,,E,W,DO,L ,T,G,C,50,0,0,0,,,1770246,5910811
Auckland,MARMION ST,15,E, ,QUEEN ST,201438701,27/06/2014,Fri,930,EE,CE1C,374B ,M,R,W,BF,F , ,N,N,50,0,0,0,,,1757179,5919817
Auckland,MARNE ROAD,, ,I,CLEVEDON ROAD,201410906,07/03/2014,Fri,945,HA,CN1C,302A 375A ,,R,D,BF,F ,R,G,R,50,0,0,1,,,1773190,5896431
Auckland,MARNE ROAD,, ,I,CLEVEDON ROAD,201440289,05/07/2014,Sat,1804,JA,CS2C,302B 375B ,,E,D,DO,F ,R,G,R,50,0,0,0,,,1773194,5896445
Auckland,MARNE ROAD,10,S, ,ONSLOW ROAD,201434009,17/04/2014,Thu,914,MA,VS1C,373B ,,R,W,O ,F ,T,N,C,50,0,0,0,,,1773408,5895951
Auckland,MARNE ROAD,, ,I,WILLIS ROAD,201431676,19/02/2014,Wed,815,HA,CW2CC,302A 181C ,,E,D,O ,F ,R,G,R,50,0,0,0,,,1773196,5896437
Auckland,MARR ROAD,20,S, ,BROWNS ROAD,201436557,29/04/2014,Tue,1745,MC,CS1V,372B 801 ,,E,W,TO,L , , ,C,50,0,0,0,,,1767063,5901954
Auckland,MARR ROAD,160,S, ,BROWNS ROAD,201449058,02/12/2014,Tue,1851,MO,CS1C,371A ,M,R,D,BF,F , ,N,C,50,0,0,0,,,1767127,5901834
Auckland,MARSDEN AVENUE,300,E, ,DOMINION ROAD,201444119,27/09/2014,Sat,400,EA,CW1C,129A ,M,R,D,DO,F , ,N,N,50,0,0,0,,,1755861,5915636
Auckland,MARSDEN AVENUE,310,W, ,MOUNT EDEN ROAD,201433240,15/03/2014,Sat,1205,EA,CW1C,129A ,M,R,W,OF,L , ,N,C,50,0,0,0,,,1756396,5915501
Auckland,MARSH AVENUE,50,W, ,EAST COAST ROAD,201414889,31/07/2014,Thu,800,BA,CE1C,129A 363A 902 ,Q,R,D,BF,F , ,N,N,50,0,0,1,,,1756637,5929566
Auckland,MARSH AVENUE,80,E, ,SELWYN CRESCENT,201445580,10/10/2014,Fri,2312,EC,CW1CCC,103A 129A 359A ,M,E,D,DO,F , , ,C,50,0,0,0,,,1756560,5929523
Auckland,MARTIN AVENUE,15,N, ,BURNSIDE AVENUE,201437293,02/06/2014,Mon,145,CB,CN1,130A ,F,R, ,DO,  , ,N,N,50,0,0,0,,,1753380,5917649
Auckland,MARTIN AVENUE,40,S, ,CHATHAM AVENUE,201446041,08/10/2014,Wed,1530,MO,CS1C,330A 371A ,M,R,D,B ,F , , ,C,50,0,0,0,,,1753212,5917451
Auckland,MARU ROAD,100,E, ,MATAWALU PLACE,201441133,14/08/2014,Thu,830,EA,CE1C,129A ,M,R,W,OF,H , ,N,N,50,0,0,0,,,1770692,5898787
Auckland,MARUA ROAD,, ,I,BURT ROAD,201430877,18/02/2014,Tue,1305,DA,CE1V,111A 131A ,M,E,D,BF,F ,T,G,C,50,0,0,0,,,1763668,5915267
Auckland,MARUA ROAD,, ,I,CELTIC CRESCENT E,201416079,03/10/2014,Fri,2230,JO,CS1C,302A ,,R,W,DN,L ,T,G,C,50,0,0,1,,,1762485,5915595
Auckland,MARUA ROAD,, ,I,CELTIC CRESCENT W,201444747,23/08/2014,Sat,1740,KB,CW1C,302B ,,R,D,TF,F ,X,G,C,50,0,0,0,,,1762336,5915639
Auckland,MARUA ROAD,60,E, ,HARRIS ROAD,201436617,05/05/2014,Mon,1540,JA,4E1C,308B 375B 927 ,,R,W,O ,L ,D,N,R,50,0,0,0,,,1763483,5915365
Auckland,MARUA ROAD,250,W, ,HARRIS ROAD,201439235,09/06/2014,Mon,1555,DC,CW1,131A 427A ,PX,E,W,O ,H , , ,C,50,0,0,0,,,1763213,5915504
Auckland,MARUA ROAD,150,W, ,MICHAELS AVENUE,201446051,09/10/2014,Thu,2120,KB,CW1C,197A 308B 375B 929 ,,R,D,DO,F ,D, ,C,50,0,0,0,,,1761784,5915800
Auckland,MARUA ROAD,10,E, ,STANHOPE ROAD,201447493,03/12/2014,Wed,435,FA,CW1C,431A 431B ,,E,D,DO,F ,T,N,C,50,0,0,0,,,1763091,5915533
Auckland,MARUA ROAD,50,W, ,STANHOPE ROAD,201446053,10/10/2014,Fri,911,DA,CS1,130A 501A ,T,M,D,O ,F , , ,C,50,0,0,0,,,1763034,5915516
Auckland,MARUA ROAD,40,W, ,WHITES WAY,201441903,04/08/2014,Mon,1300,MO,TW1,371A ,P,R,D,B ,F , , ,P,50,0,0,0,,,1762298,5915650
Auckland,MASCOT AVENUE,, ,I,CANNING CRESCENT S,201413266,10/06/2014,Tue,930,LB,CS1CV,135B 303B 375B ,,R,W,O ,F ,T,G,C,50,0,0,2,,,1760464,5906694
Auckland,MASCOT AVENUE,, ,I,FRIESIAN DRIVE,201435182,03/04/2014,Thu,800,KB,CN1C,301B 375B ,,E,D,B ,F ,T,S,C,50,0,0,0,,,1760573,5906538
Auckland,MASCOT AVENUE,, ,I,FRIESIAN DRIVE,201441996,25/08/2014,Mon,502,DA,CN1,111A 131A 517A ,F,E,D,DO,F ,T,S,R,50,0,0,0,,,1760573,5906538
Auckland,MASCOT AVENUE,, ,I,HEYFORD CLOSE,201444373,15/06/2014,Sun,1445,GD,CS1C4,181A 331A 402A 181C 331C ,F,R,D,B ,F ,T,N,C,50,0,0,0,,,1760628,5906477
Auckland,MASCOT AVENUE,30,N, ,MASSEY ROAD,201436773,01/05/2014,Thu,830,GA,CN1C,181A 331A 929 ,,R,D,B ,F ,D,N,C,50,0,0,0,,,1760584,5906108
Auckland,MASKELL ST,25,E, ,ST HELIERS BAY ROAD,201436039,19/06/2014,Thu,835,MO,CE1C,333A ,,R,D,BF,F , ,N,C,50,0,0,0,,,1765862,5919120
Auckland,MASKELL ST,, ,I,ST HELIERS BAY ROAD,201441186,09/06/2014,Mon,1215,FE,CW1C,181A ,,R,W,OF,L ,M,T,C,50,0,0,0,,,1765838,5919111
Auckland,MASKELL ST,25,E, ,WALMSLEY ROAD,201448015,11/11/2014,Tue,1316,MO,CS1C,371A ,M,R,D,B ,F , , ,C,50,0,0,0,,,1765961,5919160
Auckland,MASON AVENUE,30,W, ,GREAT SOUTH ROAD,201450279,29/11/2014,Sat,500,CC,4W1,130A 410A ,H,R, ,DO,L , ,N,C,50,0,0,0,,,1764072,5909814
Auckland,MASON AVENUE,100,W, ,GREAT SOUTH ROAD,201446891,24/09/2014,Wed,1230,FA,TE1C,181A ,,R,D,B ,F , ,N,C,50,0,0,0,,,1764013,5909777
Auckland,MASON AVENUE,140,S, ,STATION ROAD,201434306,13/04/2014,Sun,1700,DA,CW1V,103A 111A 131A ,FJM,S,D,B ,F , , ,C,50,0,0,0,,,1763833,5909692
Auckland,MASON AVENUE,150,S, ,STATION ROAD,201433895,05/04/2014,Sat,1950,DA,CW1,111A 131A ,F,S,D,DO,F , , ,C,50,0,0,0,,,1763839,5909684
Auckland,MASON AVENUE,150,S, ,STATION ROAD,201443154,26/08/2014,Tue,835,MA,VN14C,373B ,M,R,D,B ,F , , ,C,50,0,0,0,,,1763839,5909684
Auckland,MASSEY AVENUE,70,E, ,CAMPBELL ROAD,201432692,04/04/2014,Fri,1730,MO,CE1C,386A ,M,R,D,B ,F , ,N,C,50,0,0,0,,,1760115,5914981
Auckland,MASSEY AVENUE,50,E, ,EDINBURGH ST,201446509,20/10/2014,Mon,1345,MO,CE1C,371A 423A ,,R,D,B ,F , , ,P,50,0,0,0,,,1768986,5881018
Auckland,MASSEY AVENUE,, ,I,EDINBURGH ST,201449186,27/11/2014,Thu,2238,DA,CW1,136A 631A ,K,E,D,DO,F ,R,G,R,50,0,0,0,,,1768934,5881018
Auckland,MASSEY OFF NBD,15,S, ,MASSEY ROAD,201444343,25/09/2014,Thu,1734,AC,CN1C,101A 372A ,,E,D,O ,F ,T,G,R,50,0,0,0,,,1761721,5906519
Auckland,MASSEY OFF NBD,, ,I,MASSEY ROAD,201436418,28/03/2014,Fri,751,FB,CN1C,181A ,,E,D,BF,F ,T,G,N,50,0,0,0,,,1761708,5906528
Auckland,MASSEY OFF SBD,, ,I,MASSEY ROAD,201442511,09/09/2014,Tue,730,FE,TS1C,181A ,,R,D,OF,F ,M,T,R,50,0,0,0,,,1761749,5906566
Auckland,MASSEY ROAD,20,S, ,BUCKLAND ROAD,201448989,02/12/2014,Tue,1600,AA,4N1C,372A ,,R,D,B ,F , , ,C,50,0,0,0,,,1762257,5907048
Auckland,MASSEY ROAD,, ,I,BUCKLAND ROAD,201441452,11/07/2014,Fri,2240,FE,CN1C,181A 330A ,,R,D,DO,F ,X,T,N,50,0,0,0,,,1762271,5907061
Auckland,MASSEY ROAD,, ,I,BUCKLAND ROAD,201430025,05/01/2014,Sun,1110,LB,CS1C,303B 353B ,,R,D,OF,F ,X,T,C,50,0,0,0,,,1762271,5907061
Auckland,MASSEY ROAD,, ,I,BUCKLAND ROAD,201412085,04/04/2014,Fri,1400,LB,CS1C,303B 375B ,,R,D,B ,F ,X,T,C,50,0,1,0,,,1762271,5907061
Auckland,MASSEY ROAD,, ,I,BUCKLAND ROAD,201416471,10/10/2014,Fri,2330,FE,CN1C,331A ,,R,D,DO,F ,X,T,C,50,0,0,1,,,1762271,5907061
Auckland,MASSEY ROAD,150,N, ,FERGUSON ST,201442619,14/07/2014,Mon,2311,EA,CS1V,129A ,M,R,W,DO,M , ,N,C,50,0,0,0,,,1762860,5907625
Auckland,MASSEY ROAD,50,S, ,GRAY AVENUE,201433168,19/03/2014,Wed,750,GD,4N1C,331A 922 ,,R,D,B ,F ,D,N,C,50,0,0,0,,,1763094,5907979
Auckland,MASSEY ROAD,, ,I,GRAY AVENUE,201445204,05/10/2014,Sun,2030,JA,CS1C,322A ,,E,D,TO,F ,T,T,C,50,0,0,0,,,1763121,5908021
Auckland,MASSEY ROAD,, ,I,GRAY AVENUE,201411723,16/03/2014,Sun,1030,FE,CN1C,181A ,,R,W,O ,L ,T,T,C,50,0,0,1,,,1763121,5908021
Auckland,MASSEY ROAD,, ,I,GRAY AVENUE,201449151,26/11/2014,Wed,1207,LB,VS1C,303B 334B ,,R,D,BF,F ,T,T,C,50,0,0,0,,,1763121,5908021
Auckland,MASSEY ROAD,50,E, ,HAIN AVENUE,201414518,11/07/2014,Fri,630,NA,CN1E,506B 713B 903 ,,R,D,DO,FS, , ,P,50,0,1,0,20,,1762696,5907468
Auckland,MASSEY ROAD,15,N, ,HAIN AVENUE,201449118,29/11/2014,Sat,1315,FD,CS1C,181A ,,R,D,BF,F , ,N,C,50,0,0,0,,,1762671,5907444
Auckland,MASSEY ROAD,, ,I,HAIN AVENUE,201446437,25/10/2014,Sat,1650,BA,CS1C,125A ,,R,D,BF,F ,T,G,C,50,0,0,0,,,1762660,5907434
Auckland,MASSEY ROAD,10,N, ,HENWOOD ROAD,201432675,29/03/2014,Sat,1526,MC,CN1C,372A 386A ,,R,D,B ,F ,T,N,C,50,0,0,0,,,1761884,5906696
Auckland,MASSEY ROAD,10,S, ,HOSPITAL ROAD,201446449,16/10/2014,Thu,750,FE,CN1M,181A ,,R,D,BF,F ,T,T,R,50,0,0,0,,,1763373,5908431
Auckland,MASSEY ROAD,, ,I,HOSPITAL ROAD,201437911,13/06/2014,Fri,2154,BA,CS14,103A 130A ,,R,D,DO,F ,M,T,C,50,0,0,0,,,1763378,5908440
Auckland,MASSEY ROAD,, ,I,HOSPITAL ROAD,201439174,20/06/2014,Fri,1642,AC,TS1C,372A ,,R,D,B ,F ,T,N,C,80,0,0,0,,,1763378,5908440
Auckland,MASSEY ROAD,50,W, ,IMRIE AVENUE,201435071,02/05/2014,Fri,2300,EA,CE1C,103A 129A ,M,R,D,DO,F , ,N,C,50,0,0,0,,,1761505,5906338
Auckland,MASSEY ROAD,, ,I,IMRIE AVENUE,201447067,02/11/2014,Sun,1900,AO,CE1C,151A 153A ,,R,D,OF,F ,T,G,P,60,0,0,0,,,1761545,5906368
Auckland,MASSEY ROAD,, ,I,JAMES ST,201415948,10/05/2014,Sat,1440,JA,CN1C,112A 150A 302B 314B 377B ,,R,D,O ,F ,T,G,C,50,0,0,1,,,1762082,5906885
Auckland,MASSEY ROAD,, ,I,JAMES ST,201414696,26/07/2014,Sat,830,GD,VS1C,112A 333A ,,R,D,O ,F ,T,S,C,50,0,0,1,,,1762082,5906885
Auckland,MASSEY ROAD,200,S, ,MASCOT AVENUE,201448004,08/11/2014,Sat,402,DA,4W1,103A 111A 131A 402A 817 ,FHJ,E,D,DO,F , , ,C,50,0,0,0,,,1760763,5906055
Auckland,MASSEY ROAD,, ,I,MASCOT AVENUE,201416708,09/08/2014,Sat,106,DC,CS1,101A 112A 514A ,F,R,D,DO,F ,T,S,C,50,0,0,2,,,1760569,5906081
Auckland,MASSEY ROAD,, ,I,MASCOT AVENUE,201438154,25/05/2014,Sun,2320,DC,CS2C,113A ,FM,R,W,DO,L ,T,S,P,50,0,0,0,,,1760569,5906081
Auckland,MASSEY ROAD,30,S, ,MASSEY OBR,201413635,10/02/2014,Mon,1000,LB,CN1C,303A 370A 930 ,,R,D,B ,F ,D, ,C,50,0,0,1,,,1761705,5906525
Auckland,MASSEY ROAD,, ,I,MASSEY OFF NBD,201441427,13/07/2014,Sun,1229,HA,CN1C,322A 334A ,,R,W,B ,F ,X,T,C,50,0,0,0,,,1761708,5906528
Auckland,MASSEY ROAD,, ,I,MASSEY ON NBD,201440933,06/08/2014,Wed,1930,LB,CW1C,322A ,,R,W,DO,F ,T,T,C,50,0,0,0,,,1761708,5906528
Auckland,MASSEY ROAD,, ,I,MASSEY ON NBD,201430482,28/01/2014,Tue,1910,HA,CE1C,323A ,,R,D,TF,F ,X,T,C,50,0,0,0,,,1761708,5906528
Auckland,MASSEY ROAD,, ,I,MASSEY ON SBD,201413681,15/06/2014,Sun,818,LB,CW1C,322A 412A ,,R,D,B ,F ,X,T,R,50,0,0,1,,,1761749,5906566
Auckland,MASSEY ROAD,, ,I,MASSEY ON SBD,201412677,06/04/2014,Sun,1255,LB,VW1VC,322A ,,R,D,BF,F ,M,T,R,60,0,0,1,,,1761749,5906566
Auckland,MASSEY ROAD,, ,I,MASSEY ON SBD,201444366,18/09/2014,Thu,559,LB,CS1C,322A 334A ,KK,R,D,TO,F ,X,T,R,50,0,0,0,,,1761749,5906566
Auckland,MASSEY ROAD,, ,I,MASSEY ON SBD,201439772,26/06/2014,Thu,722,FE,CN1C,331A ,,R,D,OF,F ,T,T,C,50,0,0,0,,,1761749,5906566
Auckland,MASSEY ROAD,, ,I,MASSEY ON SBD,201449632,09/08/2014,Sat,2358,LB,CS1C,303B ,,R,D,DO,F ,X,T,C,50,0,0,0,,,1761749,5906566
Auckland,MASSEY ROAD,, ,I,MASSEY ON SBD,201445109,02/10/2014,Thu,1615,GE,VN1C,173A 901 ,,R,W,O ,H ,X,T,C,50,0,0,0,,,1761749,5906566