TLANAME,CRASHROAD,CRASHDIST,CRASHDIRN,INTSN,SIDEROAD,CRASHID,CRASHDATE,CRASHDOW,CRASHTIME,MVMT,VEHICLES,CAUSES,OBJECTSSTRUCK,ROADCURVE,ROADWET,LIGHT,WTHRa,JUNCTYPE,TRAFCTRL,ROADMARK,SPDLIM,CRASHFATALCNT,CRASHSEVCNT,CRASHMINCNT,PERSAGE1,PERSAGE2,EASTING,NORTHING
Auckland,MASSEY ROAD,, ,I,MASSEY ON SBD,201415434,20/08/2014,Wed,928,GF,CS1C,386A 386B ,,E,D,O ,F ,T,T,C,50,0,0,1,,,1761749,5906566
Auckland,MASSEY ROAD,20,N, ,MIAMI ST,201446559,21/10/2014,Tue,1815,AC,CS1C,372A ,,R,W,O ,L , , ,P,50,0,0,0,,,1763192,5908137
Auckland,MASSEY ROAD,10,S, ,MIAMI ST,201418044,07/11/2014,Fri,1245,GD,BS1C,331A 927 ,,R,D,BF,F ,D,N,C,50,0,0,1,,,1763176,5908111
Auckland,MASSEY ROAD,100,E, ,PRANGLEY AVENUE,201443860,16/08/2014,Sat,120,DA,CE1C,129A ,M,E,D,DO,F , ,N,P,50,0,0,0,,,1761182,5906121
Auckland,MASSEY ROAD,, ,I,PRANGLEY AVENUE,201444878,24/11/2014,Mon,145,CB,CW1,112A 517A ,P,R,D,DO,F ,T,G,C,50,0,0,0,,,1761083,5906106
Auckland,MASSEY ROAD,15,W, ,PUKAKI ROAD,201442692,01/10/2014,Wed,1935,EC,CE1,330A 350A 817 ,R,R,D,DO,F , ,N,C,50,0,0,0,,,1760944,5906083
Auckland,MASSEY ROAD,15,N, ,ROBERTSON ROAD,201437724,06/06/2014,Fri,1615,AA,CS1V,372A ,,R,D,O ,F , , ,C,50,0,0,0,,,1761887,5906700
Auckland,MASSEY ROAD,, ,I,ROBERTSON ROAD,201418194,14/12/2014,Sun,1602,NA,CS1E,713B 727B ,,R,D,O ,F ,X,T,C,50,0,0,1,8,,1761877,5906689
Auckland,MASSEY ROAD,, ,I,ROBERTSON ROAD,201431512,25/01/2014,Sat,2105,FE,CN1C,101A 331A 101 331 ,,R,D,DO,F ,X,T,C,50,0,0,0,,,1761877,5906689
Auckland,MASSEY ROAD,, ,I,ROBERTSON ROAD,201443847,25/08/2014,Mon,815,FB,CN1C,181A ,,R,D,BF,F ,X,G,C,50,0,0,0,,,1761877,5906689
Auckland,MASSEY ROAD,25,S, ,ROSELLA ROAD,201440211,26/06/2014,Thu,1750,FD,CN1C,331A 801 ,,R,W,DO,L , , ,C,50,0,0,0,,,1763248,5908226
Auckland,MASSEY ROAD,130,S, ,ROSELLA ROAD,201449901,03/12/2014,Wed,1915,JA,CS1C,308A 314A 927 ,,R,D,B ,F ,D,N,C,50,0,0,0,,,1763192,5908137
Auckland,MASSEY ROAD,20,W, ,SAVILL DRIVE,201436867,23/05/2014,Fri,1230,JA,4E1C,308B 370B 927 ,,R,D,B ,F ,D, ,C,50,0,0,0,,,1763251,5908230
Auckland,MASSEY ROAD,50,W, ,SAVILL DRIVE,201449449,19/12/2014,Fri,720,FA,4E1V,331A ,,R,D,B ,F , , ,C,50,0,0,0,,,1763235,5908205
Auckland,MASSEY ROAD,, ,I,SAVILL DRIVE,201441174,16/08/2014,Sat,2044,JA,CN1C,324A ,,R,D,DO,F ,X,T,C,50,0,0,0,,,1763261,5908247
Auckland,MASSEY ROAD,, ,I,SAVILL DRIVE,201433275,16/03/2014,Sun,30,BF,CN1C,130A ,,R,W,DO,F ,X,T,C,50,0,0,0,,,1763261,5908247
Auckland,MASSEY ROAD,, ,I,SAVILL DRIVE,201441180,15/07/2014,Tue,635,FE,CN1C,181A ,,R,D,DO,F ,X,T,C,50,0,0,0,,,1763261,5908247
Auckland,MASSEY ROAD,, ,I,SH 20,201446863,11/10/2014,Sat,120,LB,CS1C,102A 322A 334A ,,R,D,DO,F ,X,T,R,50,0,0,0,,,1761708,5906528
Auckland,MASSEY ROAD,, ,I,SH 20 OFF SBD,201434307,15/04/2014,Tue,542,FE,CW1C,103A 331A ,,R,D,DO,F ,X,T,C,50,0,0,0,,,1761708,5906528
Auckland,MASSEY ROAD,, ,I,SH 20 SOUTHWESTERN M/WAY,201430601,31/01/2014,Fri,1645,GE,CE1V,173A 200A ,,R,D,B ,F ,M,T,C,50,0,0,0,,,1761708,5906528
Auckland,MASSEY ROAD,200,S, ,TENNESSEE AVENUE,201448169,25/11/2014,Tue,1110,FD,TN1C,181A 331A 353A ,,R,D,B ,F , , ,C,50,0,0,0,,,1762832,5907599
Auckland,MASSEY ROAD,, ,I,TENNESSEE AVENUE,201444971,09/09/2014,Tue,940,KA,CS1C,112A 514A 517A ,,R,D,B ,F ,T,S,C,50,0,0,0,,,1762954,5907755
Auckland,MASSEY ROAD,, ,I,TENNESSEE AVENUE,201443397,14/09/2014,Sun,259,DB,CN1,103A 111A ,F,M,W,DO,F ,T,G,C,50,0,0,0,,,1762954,5907755
Auckland,MASSEY ROAD,, ,I,TENNESSEE AVENUE,201447730,30/09/2014,Tue,730,GD,TS1C,129A 386A ,,R,D,DO,F ,T,G,C,50,0,0,0,,,1762954,5907755
Auckland,MASSEY ROAD,80,W, ,THOMAS ROAD,201415947,07/06/2014,Sat,,PO,CE1E,357A 722B ,,R,D,DO,F , , ,C,50,0,1,0,20,,1759930,5906266
Auckland,MASSEY ROAD,, ,I,TIDAL ROAD,201411087,21/01/2014,Tue,2030,LB,CS1C,322A 334A 404A ,,R,D,TO,F ,T,T,R,50,0,0,2,,,1761615,5906434
Auckland,MASSEY ROAD,, ,I,VINE ST,201433313,27/03/2014,Thu,900,LB,CN1C,303B 314B 377B ,,R,D,BN,F ,T,G,C,50,0,0,0,,,1763074,5907946
Auckland,MASSEY ROAD,, ,I,VINE ST,201430234,09/01/2014,Thu,1710,AO,BS1C,386A ,,E,D,O ,F ,T,G,C,50,0,0,0,,,1763074,5907946
Auckland,MASSEY ROAD,, ,I,VINE ST,201443867,28/08/2014,Thu,855,BB,CE2C,129A ,,R,D,BF,F ,T,G,R,50,0,0,0,,,1763074,5907946
Auckland,MASSEY ROAD,20,W, ,VIOLA AVENUE,201416055,08/03/2014,Sat,2330,CC,CW1,112A 431A ,FP,R,D,DO,F ,T,N,P,50,0,0,2,,,1762731,5907502
Auckland,MASSEY ROAD,, ,I,VIOLA AVENUE,201434232,28/02/2014,Fri,1745,FA,CS1C,181A 331A ,,R,D,B ,F ,T,G,C,50,0,0,0,,,1762745,5907515
Auckland,MASSEY ROAD,30,N, ,WALTER ST,201412408,19/03/2014,Wed,1825,BE,CN1T,130A 402A 412A ,,R,D,DF,F , , ,C,50,0,0,1,,,1762178,5906975
Auckland,MASSEY ROAD,30,E, ,YATES ROAD,201412191,11/05/2014,Sun,1329,NA,CE1E,726B ,,R,D,B ,F , , ,P,50,0,0,1,2,,1762568,5907346
Auckland,MASSEY ROAD,5,N, ,YATES ROAD,201441453,21/07/2014,Mon,1650,MF,CN1V,371B ,,E,W,O ,F ,T,N,C,50,0,0,0,,,1762550,5907328
Auckland,MASSEY ROAD,15,S, ,YATES ROAD,201430903,27/02/2014,Thu,1155,MF,CN1C,371B ,,R,D,BF,F , ,T,X,50,0,0,0,,,1762535,5907315
Auckland,MASSEY ROAD,50,S, ,YATES ROAD,201411160,06/04/2014,Sun,2115,NA,CN1E,713B 718B ,,R,D,DO,F , ,T,X,50,0,0,1,11,,1762510,5907290
Auckland,MASSEY ROAD W,10,E, ,PLUMLEY CRESCENT,201431173,02/03/2014,Sun,600,GE,CE1C,157A 160A 922 ,,R,D,B ,F ,D,N,C,50,0,0,0,,,1759888,5906264
Auckland,MATAKANA ROAD,150,W, ,ANDERSON ROAD,201445564,27/09/2014,Sat,2215,DB,CW1,111A 131A 801 901 ,F,S,W,DN,H , , ,C,80,0,0,0,,,1750886,5973715
Auckland,MATAKANA ROAD,630,E, ,ELIZABETH ST,201435264,06/04/2014,Sun,117,MO,CW1,103A 371A 929 ,V,R,D,DN,F ,D,N,N,80,0,0,0,,,1748967,5971343
Auckland,MATAKANA ROAD,, ,I,ELIZABETH ST,201447254,24/10/2014,Fri,910,JB,CN2C,370A 301B 308B 402B 926 ,,M,D,B ,F ,D,N,R,50,0,0,0,,,1748942,5970756
Auckland,MATAKANA ROAD,300,S, ,MELWOOD DRIVE,201441358,08/08/2014,Fri,2240,CC,VS1,103A 130A 358A 801 ,CV,R,W,DN,L , , ,C,80,0,0,0,,,1748941,5970756
Auckland,MATAKANA ROAD,5,N, ,SANDSPIT ROAD,201433305,06/04/2014,Sun,1105,AC,4S14,181A 333A ,,R,D,BF,F ,T,G,C,50,0,0,0,,,1748978,5970820
Auckland,MATAKANA ROAD,300,S, ,TAMAHUNGA DRIVE,201412752,11/04/2014,Fri,1445,NA,CS1E,713B ,,R,D,BF,F , ,N,C,50,0,0,1,,,1753496,5974947
Auckland,MATAKANA ROAD,100,S, ,WRIGHT ROAD,201430586,03/02/2014,Mon,1520,CB,4N1,130A 631A ,C,R,D,B ,F , , ,C,80,0,0,0,,,1753225,5974265
Auckland,MATAKANA VALLEY ROAD,100,N, ,SMITH ROAD,201432619,19/02/2014,Wed,1517,DA,4N1,111A 131A ,C,E,D,B ,F , ,N,C,50,0,0,0,,,1752312,5978582
Auckland,MATAKANA VALLEY ROAD,20,S, ,WARD ROAD,201448731,03/12/2014,Wed,855,FA,CN1C,181A 331A ,,R,D,B ,F , ,G,C,100,0,0,0,,,1752588,5977687
Auckland,MATANGI ROAD,200,E, ,CARBINE ROAD,201443881,20/08/2014,Wed,900,EA,TE1C,129A ,M,R,D,BF,F , ,N,N,50,0,0,0,,,1764629,5913192
Auckland,MATAPAN ROAD,20,W, ,DUNKIRK ROAD,201416492,02/10/2014,Thu,845,PC,CE1E,371A 834 929 ,,R,D,O ,F ,D, ,N,50,0,1,0,81,,1766128,5914591
Auckland,MATAPAN ROAD,180,E, ,TRIPOLI ROAD,201442055,16/07/2014,Wed,615,KB,CE1C,308B 929 ,,R,W,TN,M ,D,N,N,50,0,0,0,,,1765843,5914681
Auckland,MATIPO ROAD,100,N, ,TAIPARI ROAD,201432697,19/03/2014,Wed,1930,CC,VS1C,125A 129A ,M,R,D,O ,F , ,N,C,50,0,0,0,,,1746191,5921517
Auckland,MATIPO ST,50,S, ,BALMORAL ROAD,201437515,28/05/2014,Wed,545,MO,CN1C,386A ,M,R,D,DO,F , , ,C,50,0,0,0,,,1756087,5916073
Auckland,MATTHEWS ROAD,50,S, ,DAWSON ROAD,201443113,23/08/2014,Sat,757,EA,CN1C,410A ,M,R,D,B ,F , , ,C,50,0,0,0,,,1769284,5905524
Auckland,MATTHEWS ROAD,30,S, ,THOMAS ROAD,201438928,16/06/2014,Mon,1810,FE,CN1CCC,181A ,,R,W,DO,L ,T,T,P,50,0,0,0,,,1769289,5905543
Auckland,MATUA ROAD,40,N, ,MERLOT HEIGHTS,201417471,27/10/2014,Mon,1458,DC,CE1,133A 423A 929 ,FH,R,D,BF,F ,D,N,C,50,0,0,1,,,1737893,5929524
Auckland,MATUA ROAD,200,W, ,ORCHARD LANE,201447058,05/11/2014,Wed,,EA,CW1C,129A ,M,R,D,DN,F , ,N,C,50,0,0,0,,,1737291,5930085
Auckland,MAUKU ROAD,260,S, ,DAY ROAD,201430419,20/01/2014,Mon,1715,GE,CS14,181A 929 ,,R,D,O ,F ,D,N,C,80,0,0,0,,,1761570,5882037
Auckland,MAURICE ROAD,340,N, ,CHURCH ST,201445077,26/08/2014,Tue,844,MO,CE1C,371A 929 ,,R,D,B ,F , ,N,N,50,0,0,0,,,1761212,5912757
Auckland,MAXWELL AVENUE,, ,I,GREAT SOUTH ROAD,201441018,14/07/2014,Mon,1715,FF,CW1C,371B ,,R,D,TN,F ,T,S,N,50,0,0,0,,,1765410,5907186
Auckland,MAY ROAD,, ,I,GLYNN ST,201435499,16/04/2014,Wed,1900,KB,CN1C,302B ,,R,W,DO,F ,T,G,C,50,0,0,0,,,1754257,5913378
Auckland,MAY ROAD,, ,I,MARION AVENUE,201416919,31/08/2014,Sun,1530,JA,CN1C,301B 375B ,,R,W,OF,L ,T,S,C,50,0,0,1,,,1754216,5913321
Auckland,MAY ROAD,, ,I,MOUNT ALBERT ROAD,201442633,12/06/2014,Thu,1530,FB,CN1C,181A ,,R,D,OF,F ,T,S,C,50,0,0,0,,,1755014,5914433
Auckland,MAY ROAD,, ,I,MOUNT ALBERT ROAD,201449073,14/12/2014,Sun,1910,MG,CE1C,371B ,,R,D,OF,F ,T,S,C,50,0,0,0,,,1755014,5914433
Auckland,MAY ROAD,100,S, ,ROMA ROAD,201441957,28/06/2014,Sat,1246,GA,CN1T,112A 181A 331A 929 ,,R,D,O ,F ,D, ,C,50,0,0,0,,,1754379,5913550
Auckland,MAY ROAD,200,S, ,ROMA ROAD,201447822,07/11/2014,Fri,2228,EA,CN1C,129A ,M,R,D,DO,F , ,N,C,50,0,0,0,,,1754321,5913469
Auckland,MAY ROAD,50,N, ,STODDARD ROAD,201446467,22/10/2014,Wed,1535,FF,CN1C,181A 191B ,,R,D,BF,L , ,N,C,50,0,0,0,,,1754665,5913952
Auckland,MAY ROAD,, ,I,STODDARD ROAD,201418314,07/11/2014,Fri,2239,LB,CN1CCC,103A 322A ,MQ,R,D,DO,F ,X,T,C,50,0,2,5,,,1754625,5913894
Auckland,MAYBURY ST,100,E, ,DALTON ST,201442873,02/09/2014,Tue,2010,CC,CW1,112A 129A ,T,R,D,DO,F , ,N,R,50,0,0,0,,,1765803,5916718
Auckland,MAYBURY ST,, ,I,LINE ROAD,201412137,03/04/2014,Thu,846,HA,4W1S,204B 330B ,,R,D,O ,F ,T,S,C,50,0,0,1,,15,1765430,5916845
Auckland,MAYFAIR CRESCENT,30,S, ,RAMSGATE TERRACE,201441026,22/07/2014,Tue,1800,EA,CS1C,129A ,M,R,W,DO,L , ,N,N,50,0,0,0,,,1756141,5932365
Auckland,MAYFAIR PLACE,, ,I,MAYFAIR PLACE E,201436057,19/05/2014,Mon,1135,DC,CN2C,130A ,IM,R,D,BF,F ,R,G,R,50,0,0,0,,,1765379,5917085
Auckland,MAYFAIR PLACE,20,S, ,TANIWHA ST,201446855,10/11/2014,Mon,2010,EO,CS1,351A 420A ,H,R,D,TO,F , ,N,N,50,0,0,0,,,1765342,5917072
Auckland,MAYFAIR PLACE,80,S, ,TANIWHA ST,201433327,28/02/2014,Fri,1210,MF,CN1C,371B ,,R,D,BF,F , ,N,N,50,0,0,0,,,1765362,5917019
Auckland,MAYO ROAD,150,S, ,LANGLEY ROAD,201414094,30/05/2014,Fri,1450,LB,CN1C,303B 375B 929 ,,R,D,O ,F ,D,N,N,50,0,0,2,,,1765701,5902327
Auckland,MAYORAL DRIVE,25,N, ,COOK ST,201413835,27/05/2014,Tue,1320,NB,CS1E,711B ,,R,D,B ,F , , ,C,50,0,0,1,83,,1757005,5920118
Auckland,MAYORAL DRIVE,60,N, ,COOK ST,201413785,21/05/2014,Wed,930,NA,MN1E,713B ,,E,D,OF,F , ,N,R,50,0,0,2,18,,1757030,5920142
Auckland,MAYORAL DRIVE,, ,I,GREYS AVENUE,201449132,28/11/2014,Fri,2130,FE,CN1X,334A 350A ,,E,D,DO,F ,X,T,C,50,0,0,0,,,1757067,5919912
Auckland,MAYORAL DRIVE,20,E, ,QUEEN ST,201445637,11/10/2014,Sat,1340,EA,BW1C,129A ,M,R,D,B ,F , , ,C,50,0,0,0,,,1757198,5919865
Auckland,MAYORAL DRIVE,, ,I,WELLESLEY ST EAST,201412385,08/02/2014,Sat,535,DB,CN2,103A 111A 131A 634A ,J,E,W,DO,L ,T,T,R,80,0,1,0,,,1757431,5920144
Auckland,MAYORAL DRIVE,5,S, ,WELLESLEY ST WEST,201441983,16/08/2014,Sat,1025,MG,CN1C,371B ,,R,D,O ,F ,X,T,C,50,0,0,0,,,1757150,5920273
Auckland,MAYORAL DRIVE,, ,I,WELLESLEY ST WEST,201448480,25/11/2014,Tue,2230,AC,VN1C,372A ,,R,D,DO,F ,X,T,C,50,0,0,0,,,1757152,5920277
Auckland,MAYS ROAD,150,N, ,CHURCH ST,201436343,21/02/2014,Fri,1228,QG,VS1C,665A ,M,E,D,OF,F , ,N,C,50,0,0,0,,,1760558,5912489
Auckland,MAYS ROAD,, ,I,CURZON ST,201449546,12/09/2014,Fri,1215,HA,CE1C,321B ,F,R,D,B ,F ,X,S,C,50,0,0,0,,,1760026,5912847
Auckland,MAYS ROAD,, ,I,MOUNT SMART ROAD,201449850,05/12/2014,Fri,1640,FB,TW1C,181A ,,R,D,BF,F ,T,G,R,50,0,0,0,,,1759667,5912996
Auckland,MAYS ST,50,S, ,KERR ST,201438327,21/05/2014,Wed,1508,QD,VS1V,330A 428A ,CM,R,D,O ,F , , ,N,50,0,0,0,,,1760573,5922574
Auckland,MCANNALLEY ST,20,E, ,GREAT SOUTH ROAD,201440206,08/07/2014,Tue,1850,MO,CW1C,371A 801 ,M,R,W,TO,L , , ,C,50,0,0,0,,,1769097,5900615
Auckland,MCBURNEY PLACE,, ,I,CALVERT AVENUE,201441902,08/08/2014,Fri,1645,DB,CN2,111A 131A 801 ,FK,M,W,O ,L ,T,N,N,50,0,0,0,,,1763094,5907527
Auckland,MCCLYMONTS ROAD,, ,I,MEDALLION DRIVE,201431300,07/03/2014,Fri,840,HA,CW1C,302A 375A ,,R,D,BF,F ,R,G,R,50,0,0,0,,,1753224,5934326
Auckland,MCCRAE WAY,, ,I,GREAT NORTH ROAD,201437141,27/05/2014,Tue,2300,DB,CS2,103A 131A ,FJ,R,D,DO,F ,T,S,C,50,0,0,0,,,1749845,5913950
Auckland,MCCRAE WAY,30,W, ,MEMORIAL DRIVE E,201416643,16/10/2014,Thu,1633,NA,VW1E,510B 722B ,,E,D,O ,F , , ,N,50,0,1,0,19,,1750052,5913954
Auckland,MCCULLOUGH AVENUE,50,S, ,DUKE ST,201438826,13/07/2014,Sun,930,MC,CN1C,372B ,,R,W,OF,F , ,N,N,50,0,0,0,,,1756094,5914629
Auckland,MCDONALD ST,, ,I,ALTHAM AVENUE,201439513,29/05/2014,Thu,1015,BF,TS2C,131A 386A ,,S,D,O ,F ,T,G,C,50,0,0,0,,,1754842,5917538
Auckland,MCDONALD ST,, ,I,ALTHAM AVENUE,201415687,15/09/2014,Mon,709,LB,SE1C,302A 375A 363B 902 ,,M,D,B ,F ,T,G,C,50,0,1,0,,,1754842,5917538
Auckland,MCDONALD ST,, ,I,ALTHAM AVENUE,201417235,31/10/2014,Fri,1038,DB,ME1,111A 133A 158A ,K,E,D,O ,F ,T,G,C,50,0,0,1,,,1754842,5917538
Auckland,MCDOUGALL ST,50,W, ,BOWEN ST,201441997,18/08/2014,Mon,2200,CC,CW1,130A 517A ,F,R,D,DO,F , , ,N,50,0,0,0,,,1769388,5900592
Auckland,MCENTEE ROAD,60,E, ,TOWNSHIP ROAD,201432755,14/03/2014,Fri,2249,DA,CS1,103A 111A 131A ,T,E,D,DN,F , , ,C,80,0,0,0,,,1737689,5920506
Auckland,MCKENZIE ROAD,20,N, ,BADER DRIVE,201440907,31/07/2014,Thu,2040,AO,CS1C,381A ,,R,D,DO,F ,Y,G,C,50,0,0,0,,,1759321,5908372
Auckland,MCKENZIE ROAD,700,W, ,KINGSEAT ROAD,201439330,10/06/2014,Tue,1721,DB,VE1,137A 197A ,CT,M,W,DO,F , ,N,C,100,0,0,0,,,1758476,5888443
Auckland,MCKENZIE ROAD,700,W, ,KINGSEAT ROAD,201432077,17/01/2014,Fri,942,DB,CE1,111A 131A 402A ,T,M,W,O ,L , , ,C,100,0,0,0,,,1758474,5888443
Auckland,MCKENZIE ROAD,700,W, ,KINGSEAT ROAD,201411016,21/02/2014,Fri,715,BA,CW1C,129A 130A 350A 402A 197B ,,R,D,B ,F , , ,C,100,0,1,1,,,1758476,5888443
Auckland,MCKENZIE ROAD,840,W, ,KINGSEAT ROAD,201449543,17/12/2014,Wed,2130,DA,CW1,111A 131A 901 ,FS,M,W,DN,H , , ,C,100,0,0,0,,,1758353,5888500
Auckland,MCKENZIE ROAD,30,S, ,MILLER ROAD,201418040,03/12/2014,Wed,1324,NA,VN1E,711B ,,R,D,BF,F , ,N,C,50,0,0,1,42,,1759417,5908604
Auckland,MCKENZIE ROAD,1000,E, ,SEAGROVE ROAD,201430958,27/02/2014,Thu,1455,DA,40,111A 131A 402A ,,S,D,BN,F , ,N,C,100,0,0,0,,,1756972,5889253
Auckland,MCKENZIE ROAD,20,S, ,TARATA CRESCENT,201418564,17/12/2014,Wed,1640,CB,CS1CC,129A 504A ,M,R,W,OF,L , ,N,C,50,0,0,1,,,1759281,5908274
Auckland,MCKENZIE ROAD,50,S, ,VALIANT ST,201441108,20/08/2014,Wed,1130,EA,TN1V,129A 330A ,M,R,D,BF,F , ,N,C,60,0,0,0,,,1759088,5907786
Auckland,MCKENZIE ROAD,, ,I,WALMSLEY ROAD,201412986,04/06/2014,Wed,620,NE,CE1E,718B 724B ,,R,D,DO,F ,X,T,C,50,0,0,1,22,,1759428,5908632
Auckland,MCKENZIE ROAD,900,E, ,WRIGHT ROAD,201412981,25/03/2014,Tue,842,DA,CE1,131A 800 ,C,M,W,O ,F , , ,C,100,0,0,1,,,1757989,5888998
Auckland,MCKENZIE ROAD,1100,E, ,WRIGHT ROAD,201410356,08/01/2014,Wed,1700,AO,CW1O,153A 197A ,,E,D,ON,F , ,N,C,100,0,0,1,,,1758101,5888834
Auckland,MCKINSTRY AVENUE,30,W, ,GARUS AVENUE,201414881,02/08/2014,Sat,1349,CB,CE1V,103A 129A ,M,R,D,OF,F , ,N,C,50,0,0,1,,,1761443,5907901
Auckland,MCLEOD ROAD,, ,I,GREAT NORTH ROAD,201438910,16/06/2014,Mon,1740,AC,TW1C,372A 671A ,,R,W,DO,H ,T,G,C,50,0,0,0,,,1746123,5917006
Auckland,MCLEOD ROAD,80,E, ,TE ATATU ROAD,201430661,02/02/2014,Sun,1633,BA,CE1C,125A 129A 377A 830 ,,R,D,B ,F , ,N,N,50,0,0,0,,,1746847,5917593
Auckland,MCLEOD ROAD,90,E, ,TE ATATU ROAD,201431592,03/01/2014,Fri,1520,EA,CE14,129A 386A ,M,R,D,O ,F , , ,C,50,0,0,0,,,1746857,5917593
Auckland,MCLEOD ROAD,, ,I,TE ATATU ROAD,201411032,10/01/2014,Fri,1451,DA,CS2,131A 412A ,P,R,D,B ,F ,X,T,C,50,0,0,1,,,1746767,5917591
Auckland,MCMANUS PLACE,20,W, ,CURLEW BAY ROAD,201410455,12/02/2014,Wed,817,BC,CN1S,121A ,K,E,D,B ,F , , ,N,50,0,0,1,,47,1765187,5909688
Auckland,MEAD ST,50,E, ,WATERTON PLACE,201433579,15/04/2014,Tue,2200,EA,CW1C,103A 129A ,M,R,W,DO,L , ,N,C,50,0,0,0,,,1749772,5916530
Auckland,MEADOWBANK ROAD,5,N, ,BONNIE BRAE ROAD S,201434213,19/02/2014,Wed,754,FA,CN1C,331A 350A ,,R,D,O ,F ,T,G,C,50,0,0,0,,,1762483,5917833
Auckland,MEADOWBANK ROAD,150,S, ,MOUNT CARMEL PLACE,201443095,16/07/2014,Wed,1356,GA,CN1C,101A 181A 353A 929 ,,R,D,B ,F ,D, ,C,50,0,0,0,,,1762656,5917432
Auckland,MEADOWLAND DRIVE,100,N, ,ALICIA ROAD,201442116,18/08/2014,Mon,800,FC,CW1C,181A ,,E,D,B ,F , ,P,X,50,0,0,0,,,1772711,5913312
Auckland,MEADOWLAND DRIVE,15,W, ,ALICIA ROAD,201448033,18/11/2014,Tue,1915,MO,CE1,423A ,H,R,D,TF,F , , ,N,50,0,0,0,,,1772627,5913234
Auckland,MEADOWOOD DRIVE,50,N, ,SUNSET ROAD,201415568,13/09/2014,Sat,1515,NA,CN1E,712B 713B 726B 901 ,,R,W,B ,H , , ,L,50,0,0,1,2,,1754016,5930816
Auckland,MEADWAY,110,N, ,LUTON AVENUE,201437146,17/05/2014,Sat,1358,GE,CN14,160A 333A 929 ,,R,D,OF,F ,D,N,C,50,0,0,0,,,1768450,5914270
Auckland,MEDALLION DRIVE,100,N, ,LISMORE WAY,201442722,04/09/2014,Thu,1945,MD,MN1C,371B 929 ,,R,W,DO,L ,D,N,C,50,0,0,0,,,1753355,5934730
Auckland,MEDALLION DRIVE,50,N, ,MCCLYMONTS ROAD,201447871,04/12/2014,Thu,1305,EA,CS1C,129A ,M,R,D,BF,F , ,N,C,50,0,0,0,,,1753259,5934377
Auckland,MEDALLION DRIVE,, ,I,OTEHA VALLEY ROAD,201430072,03/01/2014,Fri,1315,FA,CN1C,181A ,,E,D,OF,F ,R,G,C,50,0,0,0,,,1753277,5935212
Auckland,MEDVALE AVENUE,50,W, ,CHAPEL ROAD N,201413007,20/05/2014,Tue,613,MO,CW1,423A 929 ,HX,R,D,TO,F ,D,N,R,50,0,0,1,,,1769459,5906457
Auckland,MEGAN AVENUE,110,S, ,LA TROBE ST,201411528,06/03/2014,Thu,1321,EA,CN1CC,129A 358A ,MM,R,D,BF,F , ,N,N,50,0,0,1,,,1768486,5912907
Auckland,MEIKLEJOHN WAY,, ,I,ARGO RISE,201400068,29/03/2014,Sat,1032,LB,MN1C,303B 375B ,,R,D,B ,F ,T,N,N,50,1,0,0,,,1759386,5977080
Auckland,MELANESIA ROAD,20,E, ,BADDELEY AVENUE,201437344,31/05/2014,Sat,1810,MO,CW1C,371A ,,R,D,BF,F , ,N,C,50,0,0,0,,,1764376,5919844
Auckland,MELANESIA ROAD,, ,I,BADDELEY AVENUE,201448949,07/12/2014,Sun,2105,DC,CN2C,111A 131A ,KM,M,D,TO,F ,T,G,R,50,0,0,0,,,1764357,5919849
Auckland,MELLONS BAY ROAD,60,N, ,PICTON ST,201433766,26/03/2014,Wed,2030,EA,4N1C,129A ,M,E,D,DO,F , , ,C,50,0,0,0,,,1771899,5915430
Auckland,MELROSE ROAD,, ,I,HAYR ROAD,201438640,24/05/2014,Sat,910,BF,CS24,131A 806 ,,M,W,B ,F ,T,N,C,50,0,0,0,,,1756179,5912930
Auckland,MELROSE ROAD,300,E, ,OLSEN AVENUE,201436355,28/03/2014,Fri,1945,LB,4W1C,303B 375B 929 ,,R,D,DO,F ,D,N,N,50,0,0,0,,,1756422,5912841
Auckland,MELTON ROAD,30,N, ,ARANUI ROAD,201433544,23/04/2014,Wed,1330,MO,CN1C,371A ,M,R,D,BF,F , ,N,C,50,0,0,0,,,1762683,5913267
Auckland,MELTON ROAD,50,N, ,ARANUI ROAD,201444110,20/09/2014,Sat,2000,MO,CS14,371A ,M,R,W,DO,L , ,N,N,50,0,0,0,,,1762686,5913287
Auckland,MEMORIAL AVENUE,, ,I,DOMINION ROAD,201415160,17/08/2014,Sun,1340,FB,CE1C,386A 404A ,,R,D,O ,F ,X,S,C,50,0,0,1,,,1755120,5914103
Auckland,MEMORIAL DRIVE,, ,I,GREAT NORTH ROAD,201439015,26/06/2014,Thu,1700,FE,CN1C,103A 330A ,,R,D,BF,F ,X,T,C,50,0,0,0,,,1749964,5914060
Auckland,MEOLA ROAD,250,W, ,MOA ROAD,201437378,28/02/2014,Fri,1536,FF,CW1C,331A 352A ,,R,D,BF,F , ,N,C,50,0,0,0,,,1752154,5918966
Auckland,MEOLA ROAD,50,E, ,POINT CHEVALIER ROAD,201413901,12/03/2014,Wed,1745,MC,MW1C,150A 372B ,,R,D,BF,F , ,G,C,50,0,0,1,,,1752050,5918906
Auckland,MEOLA ROAD,30,N, ,WALFORD ROAD,201449470,11/12/2014,Thu,820,EA,CE1C,129A ,MK,R,D,O ,F ,T,N,C,50,0,0,0,,,1752283,5919040
Auckland,MERCARI WAY,20,S, ,DON MCKINNON DRIVE,201439408,19/06/2014,Thu,1218,FD,VN1CCC,402A 427A ,,E,W,ON,L ,R,N,R,50,0,0,0,,,1752571,5933567
Auckland,MERCARI WAY,, ,I,DON MCKINNON DRIVE,201449104,29/11/2014,Sat,1500,FF,CN1C,181A ,,R,D,BF,FS,R,G,R,50,0,0,0,,,1752571,5933587
Auckland,MERCARI WAY,, ,I,DON MCKINNON DRIVE,201417196,27/11/2014,Thu,1318,FD,4N1CV,181A 331A 386A ,,R,D,B ,F ,R,G,R,50,0,0,2,,,1752571,5933567
Auckland,MERCHANT AVENUE,, ,I,LYNDHURST ROAD,201411104,12/03/2014,Wed,1252,DA,CN2,111A 131A 402A 632A ,P,R,D,B ,F ,T,S,C,50,0,0,1,,,1747076,5918717
Auckland,MERCURY LANE,20,N, ,CANADA ST,201439567,14/06/2014,Sat,2000,EA,CS1C,129A ,M,E,W,DO,L , , ,R,50,0,0,0,,,1756826,5919306
Auckland,MERCURY LANE,30,N, ,CANADA ST,201431971,14/03/2014,Fri,1340,GF,CS1C,381A 927 ,,R,D,OF,F ,D,N,N,50,0,0,0,,,1756828,5919316