TLANAME,CRASHROAD,CRASHDIST,CRASHDIRN,INTSN,SIDEROAD,CRASHID,CRASHDATE,CRASHDOW,CRASHTIME,MVMT,VEHICLES,CAUSES,OBJECTSSTRUCK,ROADCURVE,ROADWET,LIGHT,WTHRa,JUNCTYPE,TRAFCTRL,ROADMARK,SPDLIM,CRASHFATALCNT,CRASHSEVCNT,CRASHMINCNT,PERSAGE1,PERSAGE2,EASTING,NORTHING
Auckland,MERCURY LANE,50,S, ,KARANGAHAPE ROAD,201442063,27/07/2014,Sun,2050,EA,VS1C,129A ,M,R,D,DO,F , ,N,N,50,0,0,0,,,1756810,5919418
Auckland,MERTON ROAD,, ,I,APIRANA AVENUE,201444045,16/09/2014,Tue,1430,FB,CE1C,181A ,,R,D,BF,F ,R,G,C,50,0,0,0,,,1765338,5916719
Auckland,MERTON ROAD,20,W, ,FELTON MATHEW AVENUE,201447327,09/11/2014,Sun,1730,FD,CE1X,130A 410A ,,R,D,B ,F ,R,G,R,50,0,0,0,,,1764966,5916801
Auckland,MERTON ROAD,150,W, ,HOWARD HUNTER AVENUE,201412985,12/05/2014,Mon,1600,MB,CW14,303B ,,R,D,O ,F , , ,C,50,0,0,1,,,1764599,5916887
Auckland,MERTON ROAD,50,W, ,MORRIN ROAD,201449826,16/12/2014,Tue,600,AO,CW1SSS,381A ,,R,D,OF,F , ,N,C,50,0,0,0,,,1764937,5916808
Auckland,MERTON ROAD,, ,A,RAIL OBR,201440609,11/07/2014,Fri,830,EC,TE1C,385A ,XD,R,D,O ,F , , ,R,50,0,0,0,,,1765300,5916723
Auckland,METCALFE ROAD,5,E, ,SIMPSON ROAD,201416196,01/10/2014,Wed,1700,FB,VW1C,112A 331A ,,R,D,B ,F ,T,S,C,50,0,1,1,,,1742343,5917812
Auckland,METHUEN ROAD,100,E, ,BLOCKHOUSE BAY ROAD,201431848,28/02/2014,Fri,2305,CA,CE1C,103A 130A ,M,R,D,DO,F , ,N,C,50,0,0,0,,,1751671,5914984
Auckland,METHUEN ROAD,200,E, ,BOLLARD AVENUE,201430971,10/01/2014,Fri,1202,MA,CE1T,373B ,,E,D,BF,F , ,N,N,50,0,0,0,,,1752145,5914889
Auckland,METHUEN ROAD,20,N, ,CONDLIFFE PLACE,201436354,30/03/2014,Sun,1530,FD,CN1C,181A ,,R,D,BF,F , ,N,C,50,0,0,0,,,1752468,5914708
Auckland,MICHAEL JONES DRIVE,10,S, ,ORMISTON ROAD,201433556,15/04/2014,Tue,1125,FE,CN1C,181A ,,R,D,B ,F ,T,G,C,50,0,0,0,,,1769498,5907408
Auckland,MICHAEL JONES DRIVE,25,S, ,ORMISTON ROAD,201430932,25/02/2014,Tue,1719,KB,4S1C,308B 375B 925 ,,R,D,BF,F ,D,N,C,50,0,0,0,,,1769494,5907394
Auckland,MICHAELS AVENUE,120,N, ,JOPARD PLACE,201415679,01/08/2014,Fri,2259,DA,CN1C,103A 111A ,M,M,D,DO,F , ,N,C,50,0,0,1,,,1761960,5915603
Auckland,MIDDLEFIELD DRIVE,100,N, ,BAVERSTOCK ROAD,201416296,19/09/2014,Fri,2330,EA,VN1CC,103A 112A 129A 632A ,MM,R,W,DO,L , , ,N,50,0,0,2,,,1770571,5908409
Auckland,MIDDLEFIELD DRIVE,30,N, ,GRACECHURCH DRIVE,201413524,04/07/2014,Fri,745,NA,CN1E,306A ,,R,W,B ,L , ,P,X,40,0,0,1,11,,1770389,5909055
Auckland,MIDDLEFIELD DRIVE,10,S, ,WILLOWBANK CLOSE,201415773,23/09/2014,Tue,810,NA,CS1E,712B 713B ,,R,D,BF,F ,T,N,C,50,0,0,1,25,,1770429,5909188
Auckland,MIDDLEMORE CRESCENT,250,E, ,SWAFFIELD ROAD N,201418600,04/12/2014,Thu,210,QA,CE1,521A ,,E,D,DO,F , ,N,C,50,0,0,1,,,1764200,5907334
Auckland,MIDDLETON ROAD,20,S, ,BASSETT ROAD,201446886,08/11/2014,Sat,2230,EA,CN1C,129A ,M,R,D,DO,F ,R,G,C,50,0,0,0,,,1758949,5918379
Auckland,MILDMAY ROAD,50,W, ,LARISSA AVENUE,201442037,04/07/2014,Fri,1201,EA,VE1V,103A 129A ,M,R,W,OF,F , ,N,N,50,0,0,0,,,1744214,5919282
Auckland,MILL ROAD,, ,I,AIRFIELD ROAD,201410450,31/01/2014,Fri,2145,BF,CN1C,129A 410A ,,R,D,DN,F ,R,G,L,80,0,1,0,,,1773247,5899609
Auckland,MILL ROAD,, ,I,AIRFIELD ROAD,201431321,07/03/2014,Fri,1255,FB,CS1C,181A ,,R,D,BF,F ,R,G,C,50,0,0,0,,,1773249,5899604
Auckland,MILL ROAD,, ,I,AIRFIELD ROAD,201449612,13/12/2014,Sat,1445,DA,CS1,103A 111A 131A ,F,E,D,B ,F ,R,G,R,80,0,0,0,,,1773240,5899609
Auckland,MILL ROAD,, ,I,ALFRISTON ROAD,201414420,10/07/2014,Thu,1830,FB,CN1C,331A 353A ,,R,D,DO,F ,R,G,R,80,0,0,1,,,1772540,5901516
Auckland,MILL ROAD,, ,I,ALFRISTON ROAD,201447033,06/11/2014,Thu,713,HA,CN1C,302A 375A ,,E,W,OF,L ,R,G,R,80,0,0,0,,,1772538,5901520
Auckland,MILL ROAD,, ,I,ALFRISTON ROAD,201438750,30/06/2014,Mon,247,DB,CN1,103A 131A ,EFZ,R,D,DO,F ,R,G,C,80,0,0,0,,,1772534,5901520
Auckland,MILL ROAD,, ,I,ALFRISTON ROAD,201434108,14/04/2014,Mon,1640,EC,XS1T,668B ,X,R,D,OF,F ,R,G,R,80,0,0,0,,,1772533,5901536
Auckland,MILL ROAD,, ,I,ALFRISTON ROAD,201437309,05/06/2014,Thu,900,HA,CS1C,302A 375A ,,E,D,OF,F ,R,G,R,80,0,0,0,,,1772538,5901520
Auckland,MILL ROAD,400,E, ,HARRISVILLE ROAD,201435623,30/04/2014,Wed,2030,BF,CE1C,111A 130A 804 817 ,,E,D,DN,F , , ,C,100,0,0,0,,,1774237,5881362
Auckland,MILL ROAD,800,E, ,HARRISVILLE ROAD,201444331,16/09/2014,Tue,832,FD,CW1C,331A 350A 402A 901 ,,R,W,O ,H , , ,C,100,0,0,0,,,1774582,5881541
Auckland,MILL ROAD,, ,I,HARRISVILLE ROAD,201410536,26/01/2014,Sun,840,JA,CW1C,301B 377B ,,E,D,BF,F ,T,S,C,100,0,0,1,,,1773839,5881320
Auckland,MILL ROAD,, ,I,HARRISVILLE ROAD,201412341,27/03/2014,Thu,1620,JA,CW1C,301B 377B ,S,R,D,B ,F ,T,S,L,100,0,0,1,,,1773839,5881320
Auckland,MILL ROAD,30,W, ,MILL OFF SBD,201416122,03/10/2014,Fri,853,FD,VW1CCC,331A 350A ,,R,D,O ,F , , ,C,50,0,0,1,,,1775966,5881947
Auckland,MILL ROAD,, ,I,MILL OFF SBD,201433213,13/02/2014,Thu,1700,JA,CE1X,103A 129A 385A ,,R,D,OF,F ,T,S,R,70,0,0,0,,,1775995,5881954
Auckland,MILL ROAD,, ,I,MILL OFF SBD,201438649,16/04/2014,Wed,800,KB,VW1T,372A 301B ,,R,D,B ,F ,T,S,C,70,0,0,0,,,1775995,5881954
Auckland,MILL ROAD,50,N, ,POLO PRINCE DRIVE,201440563,05/07/2014,Sat,1045,DA,CS1,131A 134A 402A 801 ,V,M,W,B ,L , , ,C,80,0,0,0,,,1771733,5902945
Auckland,MILL ROAD,200,N, ,POLO PRINCE DRIVE,201412567,01/04/2014,Tue,802,BF,CS14,129A 134A ,,E,D,B ,F , , ,L,80,0,0,1,,,1771688,5903088
Auckland,MILL ROAD,400,S, ,POPES ROAD,201417927,15/11/2014,Sat,1630,GD,CN1VCC,331A 181B 181C 929 ,,R,W,O ,L ,D,N,C,80,0,0,2,,,1773011,5900244
Auckland,MILL ROAD,300,N, ,RANFURLY ROAD,201447264,08/11/2014,Sat,700,DA,CS1,102A 111A 131A 402A ,FS,M,D,O ,F , , ,C,80,0,0,0,,,1772158,5902499
Auckland,MILL ROAD,, ,I,RAZORBACK ROAD,201442734,06/09/2014,Sat,1500,GF,CN1C,381A 387A ,,E,D,OF,F ,T,S,C,50,0,0,0,,,1776805,5882184
Auckland,MILL ROAD,400,S, ,REDOUBT ROAD,201431851,28/02/2014,Fri,2134,DA,CN1,111A 131A ,C,E,W,DN,L , ,N,L,80,0,0,0,,,1771243,5903491
Auckland,MILL ROAD,, ,I,REDOUBT ROAD,201430629,29/01/2014,Wed,1015,JA,CS1C,301B 375B ,,M,D,B ,F ,T,S,P,60,0,0,0,,,1771072,5903851
Auckland,MILL ROAD,, ,I,SERVICELANE W,201441901,08/08/2014,Fri,1500,JA,CW1C,301B 375B 404B ,,R,D,B ,F ,T,S,C,70,0,0,0,,,1775823,5881906
Auckland,MILL ROAD,50,N, ,WALTERS ROAD,201449466,25/10/2014,Sat,1813,CB,CS1,410A ,PV,R,D,B ,F , , ,C,80,0,0,0,,,1773609,5898648
Auckland,MILLAIS ST,40,S, ,ROSE ROAD,201433560,06/04/2014,Sun,415,EA,CS1C,129A ,M,R,D,DO,F , ,N,N,50,0,0,0,,,1755323,5919357
Auckland,MILLAIS ST,40,S, ,ROSE ROAD,201433976,06/04/2014,Sun,345,EA,CN1C,386A ,M,R,D,DN,F , ,N,C,50,0,0,0,,,1755323,5919357
Auckland,MILLAIS ST,100,S, ,ROSE ROAD,201433583,11/04/2014,Fri,2150,CB,CS1CCC,103A ,MM,R,D,DO,F , ,N,N,50,0,0,0,,,1755327,5919297
Auckland,MILLBROOK ROAD,100,N, ,AWAROA ROAD,201441382,31/07/2014,Thu,1411,CA,CN1,194A ,I,R,D,B ,F , , ,R,50,0,0,0,,,1745617,5915651
Auckland,MILLBROOK ROAD,500,N, ,AWAROA ROAD,201445632,22/09/2014,Mon,1510,AC,CN1C,159A ,,E,D,B ,F , , ,L,50,0,0,0,,,1745533,5916037
Auckland,MILLER ROAD,30,W, ,MCKENZIE ROAD,201442534,03/09/2014,Wed,1450,MC,CW1C,372B 929 ,,R,D,BF,F ,D,N,C,50,0,0,0,,,1759399,5908623
Auckland,MILLHOUSE DRIVE,, ,I,BOTANY ROAD,201434372,08/04/2014,Tue,1824,MO,BW1C,386A ,,E,D,O ,F ,T,T,N,50,0,0,0,,,1770399,5912328
Auckland,MILLHOUSE DRIVE,, ,I,BOTANY ROAD,201446809,23/07/2014,Wed,750,FE,CW1C,181A 330A ,,R,D,O ,F ,T,T,C,50,0,0,0,,,1770399,5912328
Auckland,MILLHOUSE DRIVE,25,E, ,CAMPIAN PLACE,201444348,17/09/2014,Wed,2130,CB,CW1,410A ,KP,R,D,DO,F , , ,C,50,0,0,0,,,1770620,5912301
Auckland,MILLHOUSE DRIVE,, ,I,KILIMANJARO DRIVE,201430026,02/01/2014,Thu,1023,EA,CS1V,129A ,M,E,D,BF,F ,T,G,C,50,0,0,0,,,1770833,5912430
Auckland,MILLHOUSE DRIVE,, ,I,WHITFORD ROAD,201413826,30/04/2014,Wed,2020,DB,CN2,137A 402A ,T,E,D,DO,F ,R,G,R,50,0,0,1,,,1771670,5912982
Auckland,MILLHOUSE DRIVE,15,E, ,WINDSONG COURT,201415625,14/09/2014,Sun,140,CC,CE1,103A 410A ,T,R,W,DO,L , ,N,C,50,0,0,1,,,1771420,5912908
Auckland,MILLS LANE,130,N, ,OTEHA VALLEY ROAD,201410612,06/02/2014,Thu,2019,MO,4W1,110A 402A 433A ,,R,D,TO,F , ,N,N,50,0,0,1,,,1752213,5934709
Auckland,MILLWATER PARKWAY,220,S, ,LONGMORE LANE,201440386,16/07/2014,Wed,1407,GD,VN1C,333A 930 ,,R,D,B ,F ,D, ,C,50,0,0,0,,,1750100,5947389
Auckland,MINTON PLACE,200,N, ,WEYMOUTH ROAD,201449450,18/12/2014,Thu,1930,MO,CN1C,371A 929 ,,E,D,TF,F ,D,N,N,50,0,0,0,,,1767070,5900263
Auckland,MIRANDA ST,, ,I,RUAHINE ST N,201432048,06/02/2014,Thu,1700,HA,CW2C,309A 335A ,F,R,D,B ,F ,X,N,N,50,0,0,0,,,1751245,5913866
Auckland,MIRANDA ST,20,S, ,UMBRIEL LANE,201440919,07/08/2014,Thu,1236,GD,CS1C,333A 929 ,,R,D,OF,F ,D,N,C,50,0,0,0,,,1751284,5913803
Auckland,MIRO ROAD,90,W, ,MAHUNGA DRIVE,201444606,19/09/2014,Fri,1415,EA,TW1C,386A ,M,R,D,B ,F , ,N,C,50,0,0,0,,,1759645,5910064
Auckland,MIRO ST,60,E, ,HINEKOHU ST,201436108,06/05/2014,Tue,331,MO,CE1CC,108A 371A 433A ,M,R,W,DO,L , , ,N,50,0,0,0,,,1749059,5914490
Auckland,MIRRABOOKA AVENUE,20,S, ,BILLABONG PLACE,201416928,30/08/2014,Sat,2045,DA,CN1,111A 129A 131A ,F,M,W,DO,H , ,N,C,50,0,0,1,,,1771026,5913151
Auckland,MISSION BUSH ROAD,50,N, ,GLENBROOK-WAIUKU ROAD,201434102,15/04/2014,Tue,745,JA,CW1C,197A 308B 378B 929 ,,E,D,BF,F ,D, ,C,100,0,0,0,,,1754863,5879774
Auckland,MISSION BUSH ROAD,850,W, ,GLENBROOK-WAIUKU ROAD,201441341,28/06/2014,Sat,310,EC,CE1,195A 801 912 ,W,R,W,DN,L , , ,N,100,0,0,0,,,1754164,5880158
Auckland,MOANA AVENUE,, ,I,AMARU ROAD,201436344,13/03/2014,Thu,844,LB,CN1M,302A 375A ,,E,D,OF,F ,R,G,C,50,0,0,0,,,1759342,5913897
Auckland,MOANA AVENUE,100,N, ,BAYSWATER AVENUE,201436902,24/05/2014,Sat,1520,EA,CN1C,103A 129A ,M,R,D,O ,F , , ,C,50,0,0,0,,,1759540,5924931
Auckland,MOANA AVENUE,15,W, ,HIBISCUS COAST HIGHWAY,201440255,11/06/2014,Wed,1030,MF,CE1C,371B 377B 839 ,,R,D,B ,F , , ,C,50,0,0,0,,,1751726,5949690
Auckland,MOANA AVENUE,20,W, ,HIBISCUS COAST HIGHWAY,201446007,16/10/2014,Thu,1300,MO,CE1C,370A ,M,R,D,B ,F , , ,C,50,0,0,0,,,1751721,5949688
Auckland,MOANA AVENUE,50,W, ,HIBISCUS COAST HIGHWAY,201449465,22/12/2014,Mon,1210,MF,CW1C,371B ,,R,D,B ,F , , ,C,50,0,0,0,,,1751693,5949679
Auckland,MOENUI AVENUE,, ,I,CAMMISH LANE,201441989,21/08/2014,Thu,955,JA,CE1C,309B 377B ,,R,D,B ,F ,T,N,C,50,0,0,0,,,1751592,5949410
Auckland,MOENUI AVENUE,15,W, ,HIBISCUS COAST HIGHWAY,201442996,06/09/2014,Sat,1045,MO,CW1C,371A ,M,R,D,O ,F , , ,C,50,0,0,0,,,1751797,5949478
Auckland,MOIRE ROAD,, ,I,ELIZABETH DRIVE,201411217,13/02/2014,Thu,2143,GB,SS1C,387A 351B 372B 402B 929 ,,R,D,DO,F ,D,N,L,50,0,0,1,,53,1745056,5923706
Auckland,MOIRE ROAD,60,S, ,GRANVILLE DRIVE,201434579,20/03/2014,Thu,840,JC,4N1C,308A 375A 926 ,,R,D,BF,F ,D,N,C,50,0,0,0,,,1744760,5922964
Auckland,MOIRE ROAD,50,N, ,ROYAL ROAD,201446309,17/09/2014,Wed,1550,DA,CS1C,131A 514A ,J,E,D,BF,F , ,N,C,50,0,0,0,,,1744614,5922505
Auckland,MOIRE ROAD,, ,I,ROYAL ROAD,201435406,30/04/2014,Wed,2013,LB,CE1C,303B 375B ,,R,D,DO,F ,T,T,L,50,0,0,0,,,1744583,5922465
Auckland,MOKOIA ROAD,90,W, ,BIRKENHEAD AVENUE,201448013,04/04/2014,Fri,1530,MO,CW1C,371A 927 ,,R,D,O ,F ,D,N,X,50,0,0,0,,,1753877,5924586
Auckland,MOKOIA ROAD,50,E, ,CHELSEA VIEW DRIVE,201443116,13/08/2014,Wed,1835,JA,CW1C,308B 929 ,,R,W,O ,L ,D,N,C,50,0,0,0,,,1753223,5924706
Auckland,MOKOIA ROAD,5,W, ,CHELSEA VIEW DRIVE,201412856,21/05/2014,Wed,705,FE,4E1V,334A 358A ,,R,D,O ,F ,T,T,C,50,0,0,1,,,1753169,5924717
Auckland,MOKOIA ROAD,, ,I,COLONIAL ROAD,201447507,06/11/2014,Thu,858,HA,CW1X,302B 375B ,,E,D,O ,F ,X,G,C,50,0,0,0,,,1753483,5924653
Auckland,MOKOIA ROAD,230,W, ,ROSEBERRY AVENUE,201411722,20/02/2014,Thu,801,JA,SW1C,308B 922 ,,R,D,B ,F ,D,N,C,50,0,0,1,,11,1752737,5924746
Auckland,MOKOIA ROAD,, ,I,ROSEBERRY AVENUE,201433353,21/03/2014,Fri,418,CC,VW1,410A ,FJP,R,D,DO,F ,T,G,P,50,0,0,0,,,1752967,5924752
Auckland,MOKOIA ROAD,, ,I,ROSEBERRY AVENUE,201438935,23/06/2014,Mon,10,CC,CW1,410A ,FH,R,D,DO,F ,T,G,P,50,0,0,0,,,1752967,5924752
Auckland,MONAHAN ROAD,, ,I,MOUNT WELLINGTON HIGHWAY,201442719,01/09/2014,Mon,944,AO,CW1C,381A ,,R,W,OF,L ,R,G,R,50,0,0,0,,,1764008,5912072
Auckland,MONAHAN ROAD,, ,I,MOUNT WELLINGTON HIGHWAY,201415842,18/08/2014,Mon,1830,KA,CN2M,302A ,,E,D,TO,F ,R,G,R,50,0,0,1,,,1764003,5912084
Auckland,MONARCH AVENUE,130,E, ,SPEEDY CRESCENT,201442408,23/06/2014,Mon,815,MO,CE1C,371A 929 ,,R,D,OF,F ,D,N,N,50,0,0,0,,,1754051,5926440
Auckland,MONIER PLACE,, ,I,LEONARD ROAD,201441416,09/07/2014,Wed,1150,MO,CN1T,371A 386A 929 ,Q,R,D,O ,F ,D,N,C,50,0,0,0,,,1762520,5914161
Auckland,MONOWAI ROAD,3500,S, ,UPPER WAIWERA ROAD,201447252,30/10/2014,Thu,1220,DB,CN1,111A 131A 514A ,,M,D,O ,F , , ,N,100,0,0,0,,,1741704,5950735
Auckland,MONOWAI ROAD,15,N, ,WERANUI ROAD,201412882,22/03/2014,Sat,1810,CC,CS1,103A 130A ,ST,R,D,TN,F , , ,C,100,0,0,1,,,1742265,5949389
Auckland,MONTEITH CRESCENT,250,N, ,GRAND DRIVE N,201445838,05/09/2014,Fri,1210,GC,CS1C,197A 143B 171B 330B 929 ,,R,D,B ,F ,D,N,N,50,0,0,0,,,1762502,5916819
Auckland,MONTGOMERIE ROAD,20,S, ,ASCOT ROAD,201410370,24/01/2014,Fri,1700,DA,CN1,103A ,FT,E,D,BF,F , ,N,C,70,0,0,1,,,1758034,5906829
Auckland,MONTGOMERIE ROAD,200,S, ,ASCOT ROAD,201417645,01/12/2014,Mon,1014,GD,TN1C,929,P,R,D,B ,F ,D,N,C,50,0,0,1,,,1758007,5906652
Auckland,MONTGOMERY AVENUE,, ,I,GULF VIEW ROAD,201432760,10/03/2014,Mon,1645,HA,CW1C,302B 335B ,,R,D,B ,F ,X,G,C,50,0,0,0,,,1756402,5934086
Auckland,MONTGOMERY AVENUE,100,E, ,LAKE ROAD,201415088,28/07/2014,Mon,1830,EA,4W14,103A 129A ,M,R,D,DO,F , , ,N,50,0,0,1,,,1759862,5924705
Auckland,MONUMENT ROAD,350,N, ,MUNROS ROAD,201435209,17/04/2014,Thu,645,DA,CN1,131A 801 901 ,F,M,W,DN,H , , ,C,100,0,0,0,,,1782416,5899306
Auckland,MONUMENT ROAD,50,N, ,TOURIST ROAD,201415276,27/06/2014,Fri,2118,CB,CN1,101A 129A ,,R,W,DN,H , ,N,C,100,0,0,1,,,1782156,5901565
Auckland,MONUMENT ROAD,, ,I,TOURIST ROAD,201431223,03/03/2014,Mon,1315,HA,VN1T,301B 375B ,,R,W,OF,L ,T,S,C,100,0,0,0,,,1782156,5901515
Auckland,MONYASH ROAD,80,S, ,HURDLOW PLACE,201449617,04/11/2014,Tue,2310,DA,CS1,131A 433A ,F,E,W,DN,F , , ,C,50,0,0,0,,,1756417,5945102
Auckland,MOORE ST,20,S, ,ABERCROMBIE ST,201442166,16/08/2014,Sat,1700,EA,CN1C,129A ,M,R,D,B ,F , , ,C,50,0,0,0,,,1771955,5914725
Auckland,MOORE ST,150,E, ,BANK ST,201412190,14/05/2014,Wed,1630,MC,SE1C,372B ,,R,W,O ,L , , ,C,50,0,0,1,,18,1754130,5925836
Auckland,MOORE ST,170,E, ,BANK ST,201443230,08/08/2014,Fri,1517,LB,CE1C,303B 330B 929 ,,R,W,O ,F ,D,N,C,50,0,0,0,,,1754149,5925841
Auckland,MOORE ST,, ,I,CENTRAL TERRACE,201431603,07/01/2014,Tue,1315,JA,CE1V,302B ,,R,D,B ,F ,T,G,C,50,0,0,0,,,1772175,5914990
Auckland,MOORE ST,60,S, ,EBAN AVENUE,201435889,04/05/2014,Sun,2212,EA,CS1V,103A 129A ,M,R,D,DN,F , ,N,N,50,0,0,0,,,1754911,5926251
Auckland,MOORE ST,, ,I,ELLIOT ST,201416660,14/10/2014,Tue,830,HA,CS1C,321B 330B ,,R,D,B ,F ,X,S,C,50,0,0,1,,,1771759,5914295
Auckland,MOORE ST,150,S, ,FENCIBLE DRIVE,201413032,31/05/2014,Sat,1110,DB,CS1,129A 385A 929 ,FH,M,D,BF,F ,D,N,N,50,0,0,1,,,1772016,5914848
Auckland,MOORE ST,, ,I,GIBRALTAR ST,201432803,16/03/2014,Sun,1500,HA,CW2C,301A ,,R,D,O ,F ,T,S,C,50,0,0,0,,,1771759,5914295
Auckland,MOORE ST,25,E, ,GLENFIELD ROAD,201414761,07/08/2014,Thu,2030,QO,CE1,421A ,JK,R,W,DN,F , , ,R,50,0,0,1,,,1753886,5925763
Auckland,MOORE ST,, ,I,RODNEY ST,201415544,04/09/2014,Thu,1524,HA,CN2C,330A ,,R,D,O ,F ,R,G,R,50,0,0,1,,,1771695,5914135
Auckland,MORNING STAR PLACE,30,W, ,ST LUKES ROAD,201412972,19/05/2014,Mon,805,PA,CE1E,701B ,,R,D,B ,F , , ,P,50,0,0,1,11,,1754298,5916734
Auckland,MORNINGSIDE DRIVE,25,S, ,EXETER ROAD,201435228,26/03/2014,Wed,817,CC,CS1,130A 517A ,P,R,D,B ,F , , ,N,50,0,0,0,,,1754493,5916941
Auckland,MORNINGSIDE DRIVE,70,N, ,LESLIE AVENUE,201449127,20/11/2014,Thu,1020,MO,VN1C,385A ,M,R,D,OF,F , ,N,C,50,0,0,0,,,1754676,5917359
Auckland,MORNINGSIDE DRIVE,, ,I,MCDONALD ST,201448045,30/10/2014,Thu,1330,GE,CN1C,160A 181A ,,R,D,O ,F ,T,G,C,50,0,0,0,,,1754733,5917568
Auckland,MORNINGSIDE DRIVE,, ,I,SAINSBURY ROAD,201434004,02/04/2014,Wed,1348,JC,CE1C,302A 375A ,,R,D,B ,F ,T,G,C,50,0,0,0,,,1754592,5917097
Auckland,MORNINGSIDE DRIVE,, ,I,SAINSBURY ROAD,201436545,15/04/2014,Tue,1630,LB,CN1CC,303B 375B ,,R,D,O ,F ,T,G,C,50,0,0,0,,,1754592,5917097
Auckland,MORNINGSIDE DRIVE,, ,I,SAINSBURY ROAD,201418207,04/12/2014,Thu,1800,AB,CN2C,112A 157A ,,R,D,B ,F ,T,G,C,50,0,0,1,,,1754592,5917097
Auckland,MORNINGSIDE DRIVE,15,E, ,ST LUKES ROAD,201449532,09/12/2014,Tue,1420,KB,CW1C,308B 330B 929 ,,R,D,B ,F ,D, ,C,50,0,0,0,,,1754335,5916758
Auckland,MORRIN ROAD,, ,I,FRASER ROAD,201438390,09/06/2014,Mon,1738,LB,CW1C,303B 370B 386B 901 ,,M,W,DO,H ,T,G,C,50,0,0,0,,,1765058,5915377
Auckland,MORRIN ROAD,, ,I,MERTON ROAD,201437092,02/05/2014,Fri,1008,GF,BE2C,129A 386A ,,E,D,B ,F ,R,G,R,50,0,0,0,,,1764985,5916796
Auckland,MORRIN ROAD,20,N, ,TAINUI ROAD,201417154,11/10/2014,Sat,1740,BF,CS1C,111A 131A 402A ,,E,D,B ,F , , ,C,50,0,1,1,,,1764952,5915757
Auckland,MORRIN ST,, ,I,KENTUCKY ST,201444205,21/08/2014,Thu,1820,AA,CS1C,159A 330A ,,R,D,TF,F ,T,N,N,50,0,0,0,,,1760980,5915529
Auckland,MORRIN ST,50,W, ,MITCHELSON ST,201448498,17/11/2014,Mon,1525,BF,CW1C,135A 806 ,,M,W,OF,L , ,N,C,50,0,0,0,,,1760870,5915579
Auckland,MORROW ST,15,E, ,GILLIES AVENUE,201444139,23/09/2014,Tue,1605,KA,4W14,308B 353B 926 ,,R,D,BF,F ,D,N,N,50,0,0,0,,,1758213,5918071
Auckland,MORTIMER PASS,20,W, ,BROADWAY,201448986,24/11/2014,Mon,1545,AA,CE1CV,372A ,M,R,D,O ,F , , ,P,50,0,0,0,,,1758364,5917900
Auckland,MORTIMER PASS,, ,I,GILLIES AVENUE,201414405,07/07/2014,Mon,2301,DA,4N2,103A 131A ,C,R,D,DO,F ,T,N,N,50,0,1,0,,,1758165,5917956
Auckland,MOSELLE AVENUE,100,E, ,LINCOLN ROAD,201417714,14/11/2014,Fri,1150,KB,CW14,308B 375B 926 ,,R,D,O ,F ,D,N,C,50,0,0,1,,,1745314,5918965
Auckland,MOSTYN ST,, ,I,NEW NORTH ROAD,201439550,17/06/2014,Tue,750,MG,CE1C,371B ,,R,W,O ,L ,T,S,C,50,0,0,0,,,1756092,5918252
Auckland,MOSTYN ST,, ,I,NEW NORTH ROAD,201446243,28/02/2014,Fri,1725,HA,MW2C,300B 929 ,,R,D,BF,F ,D,N,C,50,0,0,0,,,1756092,5918252
Auckland,MOTATAU ROAD,100,E, ,GREAT SOUTH ROAD,201437726,07/06/2014,Sat,1530,LB,CW1C,303B 929 ,,E,D,B ,F ,D, ,C,50,0,0,0,,,1765243,5907598
Auckland,MOTATAU ROAD,, ,I,GREAT SOUTH ROAD,201412202,03/05/2014,Sat,1215,JA,SS1C,301B 387B ,,R,D,B ,F ,T,S,C,50,0,0,1,,53,1765146,5907607
Auckland,MOTUTARA ROAD,300,W, ,COAST ROAD,201434865,23/03/2014,Sun,2,EA,CE14,103A 129A ,M,E,D,DN,F , ,N,C,50,0,0,0,,,1727708,5923378
Auckland,MOUNT ALBERT ROAD,100,E, ,AKARANA AVENUE,201410868,07/01/2014,Tue,1800,EA,CE1C,130A 412A ,M,R,D,O ,F , , ,P,50,0,0,1,,,1755576,5914119
Auckland,MOUNT ALBERT ROAD,, ,I,ALLENDALE ROAD,201418490,09/12/2014,Tue,1542,LB,SW1C,303B 375B ,,R,D,O ,F ,X,S,C,50,0,1,0,,36,1753043,5916472
Auckland,MOUNT ALBERT ROAD,, ,I,BREMNER AVENUE,201435794,21/04/2014,Mon,213,DA,CN2,103A 111A 131A 800 ,KSX,E,W,DO,F ,X,S,C,50,0,0,0,,,1755787,5914033
Auckland,MOUNT ALBERT ROAD,, ,I,BUCKLEY ROAD,201449641,11/12/2014,Thu,750,JA,CE1V,301B ,,R,W,O ,L ,T,S,C,50,0,0,0,,,1757102,5913724
Auckland,MOUNT ALBERT ROAD,, ,I,BUCKLEY ROAD,201436428,04/05/2014,Sun,935,JA,CE1C,301B ,,R,D,BF,F ,T,S,C,50,0,0,0,,,1757102,5913724
Auckland,MOUNT ALBERT ROAD,, ,I,BUCKLEY ROAD,201442185,16/08/2014,Sat,1024,JA,CE1C,301B 353B ,,R,D,B ,F ,T,S,C,50,0,0,0,,,1757102,5913724
Auckland,MOUNT ALBERT ROAD,10,E, ,CROWN ST,201412965,21/05/2014,Wed,854,FD,CE1CC,181A 350A 181B ,,R,D,B ,F ,T,S,P,50,0,0,2,,,1757961,5913489
Auckland,MOUNT ALBERT ROAD,20,E, ,CROWN ST,201414868,01/07/2014,Tue,900,LB,CE1C,308B 377B 922 ,,R,D,OF,F ,D,N,C,50,0,0,1,,,1757971,5913487
Auckland,MOUNT ALBERT ROAD,120,E, ,CROWN ST,201443489,16/08/2014,Sat,2015,MO,CN1C,103A 371A 924 ,,R,D,DO,F ,D,N,N,50,0,0,0,,,1758067,5913461
Auckland,MOUNT ALBERT ROAD,20,W, ,CROWN ST,201447358,17/11/2014,Mon,1650,FD,CW1CCC,331A 353A ,,R,D,B ,F ,T,T,C,50,0,0,0,,,1757932,5913497
Auckland,MOUNT ALBERT ROAD,, ,I,CROWN ST,201444390,08/08/2014,Fri,1110,GB,CE1T,333A 387A 175B ,,R,D,B ,F ,T,G,C,50,0,0,0,,,1757951,5913492
Auckland,MOUNT ALBERT ROAD,50,E, ,DOMINION ROAD,201446050,08/10/2014,Wed,240,BF,CN1C,101A 131A 197B ,,E,D,DO,F , , ,C,50,0,0,0,,,1755210,5914257