TLANAME,CRASHROAD,CRASHDIST,CRASHDIRN,INTSN,SIDEROAD,CRASHID,CRASHDATE,CRASHDOW,CRASHTIME,MVMT,VEHICLES,CAUSES,OBJECTSSTRUCK,ROADCURVE,ROADWET,LIGHT,WTHRa,JUNCTYPE,TRAFCTRL,ROADMARK,SPDLIM,CRASHFATALCNT,CRASHSEVCNT,CRASHMINCNT,PERSAGE1,PERSAGE2,EASTING,NORTHING
Auckland,MOUNT ALBERT ROAD,, ,I,DOMINION ROAD,201439594,04/07/2014,Fri,1730,FE,CW1CC,103A 181A 181B ,,R,W,TO,F ,X,T,C,50,0,0,0,,,1755173,5914291
Auckland,MOUNT ALBERT ROAD,, ,I,DOMINION ROAD,201418034,21/11/2014,Fri,1907,GB,SN2C,204A 300A ,,M,D,BF,F ,X,T,C,50,0,0,1,,21,1755173,5914291
Auckland,MOUNT ALBERT ROAD,, ,I,DOMINION ROAD,201448029,01/11/2014,Sat,140,HA,CN2C,104B 205B 322B 402B ,,R,W,DO,L ,T,T,C,50,0,0,0,,,1755173,5914291
Auckland,MOUNT ALBERT ROAD,, ,I,DORNWELL ROAD,201412782,08/03/2014,Sat,1237,NF,VN2E,341A 715B ,,E,D,BF,F ,T,S,R,50,0,0,1,79,,1756310,5913736
Auckland,MOUNT ALBERT ROAD,, ,I,DUNCAN AVENUE,201415261,29/07/2014,Tue,810,LB,ME1C,303B 377B ,,R,D,BF,F ,T,G,C,50,0,1,0,,,1754281,5915266
Auckland,MOUNT ALBERT ROAD,50,E, ,FROST ROAD,201437074,30/05/2014,Fri,1530,FD,CW1C,181A ,,R,D,B ,F , , ,C,50,0,0,0,,,1756054,5913823
Auckland,MOUNT ALBERT ROAD,170,E, ,FROST ROAD,201446049,09/10/2014,Thu,25,EA,4W1C,103A 129A 330A ,M,R,D,TO,F , , ,R,50,0,0,0,,,1756167,5913784
Auckland,MOUNT ALBERT ROAD,100,E, ,HAYR ROAD,201415024,02/08/2014,Sat,1439,CB,CW1C,501A ,M,R,D,O ,F , , ,P,50,0,0,1,,,1756410,5913740
Auckland,MOUNT ALBERT ROAD,50,N, ,HIGHLAND ROAD,201413927,06/05/2014,Tue,34,CC,VN1C,132A 410A ,M,R,W,DO,F , ,N,C,50,0,0,1,,,1753725,5915649
Auckland,MOUNT ALBERT ROAD,, ,I,HIGHLAND ROAD,201416595,13/09/2014,Sat,230,DB,CS1,101A 131A ,FP,M,W,DO,L ,T,G,P,50,0,0,1,,,1753749,5915607
Auckland,MOUNT ALBERT ROAD,, ,I,HILLSBOROUGH ROAD,201433332,24/03/2014,Mon,850,CA,SE1C,130A ,,R,D,OF,F ,T,T,C,50,0,0,0,,,1757006,5913751
Auckland,MOUNT ALBERT ROAD,, ,I,HILLSBOROUGH ROAD,201441019,16/07/2014,Wed,1800,BB,CN2C,124A ,,R,D,BF,F ,T,T,C,50,0,0,0,,,1757006,5913751
Auckland,MOUNT ALBERT ROAD,20,N, ,KIWITEA ST,201444445,07/07/2014,Mon,1520,DA,CS1V,131A 402A 412A 504A ,FM,E,W,O ,L , , ,N,50,0,0,0,,,1754610,5914805
Auckland,MOUNT ALBERT ROAD,, ,I,KIWITEA ST,201417454,29/10/2014,Wed,700,BE,CW1CC,129A 412A ,M,R,W,OF,L ,T,N,C,50,0,0,1,,,1754625,5914792
Auckland,MOUNT ALBERT ROAD,, ,I,MANUKAU ROAD,201416336,14/10/2014,Tue,1950,HA,CE1M,302A 375A ,,M,D,DO,F ,R,G,R,50,0,0,1,,,1758212,5913424
Auckland,MOUNT ALBERT ROAD,15,E, ,MAY ROAD,201434691,02/04/2014,Wed,1325,AC,TE1C,372A 671A ,,R,D,BF,F , ,N,C,50,0,0,0,,,1755025,5914423
Auckland,MOUNT ALBERT ROAD,, ,I,MAY ROAD,201444203,05/08/2014,Tue,1710,LB,CS1C,303B 330B ,,R,D,O ,F ,T,S,C,50,0,0,0,,,1755014,5914433
Auckland,MOUNT ALBERT ROAD,, ,I,MAY ROAD,201410727,18/02/2014,Tue,1750,JA,MN14,301B 382B ,,R,D,B ,F ,T,S,C,50,0,1,0,,,1755014,5914433
Auckland,MOUNT ALBERT ROAD,, ,I,MONS AVENUE,201433330,25/03/2014,Tue,2030,BB,CN1C,124A ,,R,D,BF,F ,T,S,C,50,0,0,0,,,1754929,5914509
Auckland,MOUNT ALBERT ROAD,80,W, ,MOUNT EDEN ROAD,201444320,21/09/2014,Sun,1255,KB,CW1C,308B 375B 801 925 ,,R,W,O ,L ,D, ,P,50,0,0,0,,,1756584,5913754
Auckland,MOUNT ALBERT ROAD,, ,I,MOUNT EDEN ROAD,201433228,17/03/2014,Mon,744,BA,CE1C,125A ,,R,D,BF,F ,X,T,C,50,0,0,0,,,1756663,5913761
Auckland,MOUNT ALBERT ROAD,20,N, ,MOUNT ROYAL AVENUE,201417290,17/10/2014,Fri,900,MD,CS1C,110B 130B 507B 929 ,,R,D,B ,F ,D, ,C,50,0,0,2,,,1753665,5915850
Auckland,MOUNT ALBERT ROAD,50,E, ,NEW NORTH ROAD,201415872,16/09/2014,Tue,1950,FD,CW1C,103A 181A ,,R,D,OO,F , , ,C,50,0,0,1,,,1752918,5916580
Auckland,MOUNT ALBERT ROAD,20,S, ,NEW NORTH ROAD,201445511,24/07/2014,Thu,1900,FD,CN1CCC,181A 181B 181C 181D ,,R,W,O ,L , , ,C,50,0,0,0,,,1752895,5916599
Auckland,MOUNT ALBERT ROAD,, ,I,NEW NORTH ROAD,201435884,06/05/2014,Tue,2121,KB,CS2CC,103B 514B ,,E,W,DO,F ,X,G,C,50,0,0,0,,,1752880,5916612
Auckland,MOUNT ALBERT ROAD,, ,I,NEW NORTH ROAD,201435345,09/04/2014,Wed,1510,FE,CW1C,181A ,,R,D,B ,F ,X,T,C,50,0,0,0,,,1752880,5916612
Auckland,MOUNT ALBERT ROAD,, ,I,OWAIRAKA AVENUE,201442637,10/07/2014,Thu,,JA,VN1C,301A 375A ,,R,W,O ,L ,T,S,C,50,0,0,0,,,1753887,5915516
Auckland,MOUNT ALBERT ROAD,, ,I,OWAIRAKA AVENUE,201447827,15/11/2014,Sat,1800,KB,CE1C,103B 302B 375B ,,R,D,OF,F ,T,G,P,50,0,0,0,,,1753887,5915516
Auckland,MOUNT ALBERT ROAD,, ,I,OWAIRAKA AVENUE,201448461,14/11/2014,Fri,759,KB,CE1C,301B 375B ,,R,D,OF,F ,T,S,R,50,0,0,0,,,1753887,5915516
Auckland,MOUNT ALBERT ROAD,10,E, ,PAH ROAD,201433563,06/04/2014,Sun,1616,EE,CW1C,374B ,M,R, , F,  ,X,T,C,50,0,0,0,,,1757650,5913575
Auckland,MOUNT ALBERT ROAD,25,E, ,PAH ROAD,201431838,13/02/2014,Thu,1540,GA,CE1C,181A 929 ,,R,D,BF,F ,D,N,C,50,0,0,0,,,1757665,5913571
Auckland,MOUNT ALBERT ROAD,5,W, ,PAH ROAD,201446140,19/10/2014,Sun,2110,FE,CE1C,331A ,,R,D,DO,F ,X,T,C,50,0,0,0,,,1757636,5913579
Auckland,MOUNT ALBERT ROAD,50,W, ,PAH ROAD,201437920,20/05/2014,Tue,836,AA,CE1V,372A 357B ,,R,D,BF,F ,X,T,X,50,0,0,0,,,1757592,5913590
Auckland,MOUNT ALBERT ROAD,300,W, ,PAH ROAD,201418538,24/11/2014,Mon,1320,NA,CE1E,306A ,,R,D,BF,F , ,T,X,50,0,0,1,15,,1757351,5913655
Auckland,MOUNT ALBERT ROAD,, ,I,PAH ROAD,201412282,06/05/2014,Tue,2239,HA,4W1C,322A 334A ,,R,D,DO,F ,X,T,C,50,0,0,1,,,1757640,5913577
Auckland,MOUNT ALBERT ROAD,, ,I,PAH ROAD,201440741,29/07/2014,Tue,1540,KA,CN2C,308B 929 ,,R,D,O ,F ,D,N,C,50,0,0,0,,,1757640,5913577
Auckland,MOUNT ALBERT ROAD,10,E, ,SANDRINGHAM ROAD,201431303,02/02/2014,Sun,1015,GA,CE14,181A 927 ,,R, , F,  ,D,T,C,50,0,0,0,,,1754456,5915133
Auckland,MOUNT ALBERT ROAD,20,E, ,SANDRINGHAM ROAD,201441034,26/07/2014,Sat,1851,GD,CW1C,333A 927 ,,R,W,DF,L ,D,N,C,50,0,0,0,,,1754459,5915123
Auckland,MOUNT ALBERT ROAD,100,E, ,SANDRINGHAM ROAD,201445391,25/09/2014,Thu,1750,FD,CW1C,181A ,,R,D,TF,F , , ,C,50,0,0,0,,,1754486,5915048
Auckland,MOUNT ALBERT ROAD,30,N, ,SANDRINGHAM ROAD,201438446,23/05/2014,Fri,1805,FD,CS1CCC,181A 331A 801 ,,R,W,DO,L , , ,C,50,0,0,0,,,1754435,5915165
Auckland,MOUNT ALBERT ROAD,130,N, ,SANDRINGHAM ROAD,201450915,27/11/2014,Thu,940,GD,CS1C,333A 929 ,,R,D,B ,F ,D, ,P,50,0,0,0,,,1754351,5915220
Auckland,MOUNT ALBERT ROAD,30,W, ,SANDRINGHAM ROAD,201441088,24/07/2014,Thu,1524,FE,CE1CC,181A ,,R,D,BF,F ,T,T,C,50,0,0,0,,,1754435,5915165
Auckland,MOUNT ALBERT ROAD,, ,I,SANDRINGHAM ROAD,201414194,05/07/2014,Sat,25,LB,CS1C,303B ,,R,D,DO,F ,X,T,C,50,0,0,1,,,1754452,5915142
Auckland,MOUNT ALBERT ROAD,, ,I,TOROA TERRACE,201416232,02/10/2014,Thu,1750,BE,CN1C,103A 130A 359A ,,R,D,B ,F ,T,G,C,50,0,0,1,,,1753466,5916105
Auckland,MOUNT ALBERT ROAD,, ,I,WARREN AVENUE,201437165,06/05/2014,Tue,1932,FE,CN2C,181A ,,R,W,OF,L ,X,T,C,50,0,0,0,,,1756663,5913761
Auckland,MOUNT ALBERT ROAD,50,E, ,WINSTONE ROAD,201430325,04/01/2014,Sat,30,CB,CW1,410A ,P,R,D,DO,F , ,N,C,50,0,0,0,,,1755326,5914186
Auckland,MOUNT EDEN ROAD,20,N, ,BALMORAL ROAD,201413041,18/05/2014,Sun,35,FD,CS1CXV,103A 331A ,,R,D,DO,F , ,N,C,50,0,0,2,,,1756829,5915921
Auckland,MOUNT EDEN ROAD,20,N, ,BALMORAL ROAD,201412620,14/04/2014,Mon,745,AC,CN1S,372A ,,R,D,OF,F , ,N,P,50,0,0,1,,30,1756829,5915921
Auckland,MOUNT EDEN ROAD,50,S, ,BALMORAL ROAD,201448470,19/11/2014,Wed,658,AC,TN1C,372A ,,R,D,BF,F , ,N,C,50,0,0,0,,,1756811,5915853
Auckland,MOUNT EDEN ROAD,, ,I,BATGER ROAD,201417937,08/12/2014,Mon,1630,LB,PS1C,303B ,,E,D,B ,F ,T,G,C,50,0,1,0,,,1756972,5917129
Auckland,MOUNT EDEN ROAD,20,N, ,DISRAELI ST,201417903,27/11/2014,Thu,1228,LB,PN1C,303B 314B 927 ,,R,D,B ,F ,D,N,C,50,0,0,2,,,1756938,5916513
Auckland,MOUNT EDEN ROAD,, ,I,DUKE ST,201436415,20/04/2014,Sun,1440,DA,CN1,111A 131A ,H,M,W,OF,L ,X,G,P,50,0,0,0,,,1756527,5914843
Auckland,MOUNT EDEN ROAD,, ,I,DUKE ST,201411625,16/03/2014,Sun,1950,DA,CN1,111A 131A 801 ,,M,W,DO,L ,X,G,C,50,0,0,1,,,1756527,5914843
Auckland,MOUNT EDEN ROAD,, ,I,EDWIN ST,201444860,29/10/2014,Wed,921,DA,4N1C,111A 131A ,FM,E,W,OF,H ,T,N,C,50,0,0,0,,,1756898,5918128
Auckland,MOUNT EDEN ROAD,, ,I,ELLERTON ROAD,201435380,01/05/2014,Thu,1825,GF,CE2C,386A ,,E,D,DO,F ,T,G,C,50,0,0,0,,,1756730,5915551
Auckland,MOUNT EDEN ROAD,, ,I,ENFIELD ST,201414378,30/06/2014,Mon,1725,JA,SS1C,534A 302B 375B 901 ,,R,W,TO,H ,X,G,R,50,0,1,0,,27,1756936,5918249
Auckland,MOUNT EDEN ROAD,60,N, ,ESSEX ROAD,201443029,28/08/2014,Thu,1445,EA,CN1C,129A 507A 903 ,Q,R,D,B ,FS, , ,C,50,0,0,0,,,1757025,5916873
Auckland,MOUNT EDEN ROAD,30,S, ,ESSEX ROAD,201435320,26/03/2014,Wed,1520,MO,CN1M,371A ,M,R,D,B ,F ,T,T,C,50,0,0,0,,,1757032,5916783
Auckland,MOUNT EDEN ROAD,10,N, ,FAIRVIEW ROAD,201433329,26/03/2014,Wed,830,AO,VN1C,381A ,,R,D,BF,F ,T,G,P,50,0,0,0,,,1756943,5916424
Auckland,MOUNT EDEN ROAD,20,S, ,FAIRVIEW ROAD,201442723,06/09/2014,Sat,1530,MA,CN1C,373B ,,R,D,OF,F , ,N,C,50,0,0,0,,,1756948,5916395
Auckland,MOUNT EDEN ROAD,, ,I,FAIRVIEW ROAD,201438142,25/05/2014,Sun,30,BC,CN1C,101A 129A 359A ,,E,W,DO,L ,T,G,P,50,0,0,0,,,1756945,5916415
Auckland,MOUNT EDEN ROAD,60,S, ,GRANGE ROAD,201411219,28/02/2014,Fri,1247,EA,CN1C4M,129A 130A 517A 181D 197D ,M,E,D,B ,F , , ,P,50,0,0,1,,,1756960,5916561
Auckland,MOUNT EDEN ROAD,, ,I,GRANGE ROAD,201445367,26/09/2014,Fri,1235,LB,PN1C,303B 314B ,,R,D,B ,F ,T,G,C,50,0,0,0,,,1756989,5916614
Auckland,MOUNT EDEN ROAD,50,N, ,HILLSIDE CRESCENT S,201411608,06/03/2014,Thu,1315,MC,CN1C,372B 375B ,,R,D,BF,F , ,N,C,50,0,0,1,,,1757002,5917419
Auckland,MOUNT EDEN ROAD,80,N, ,HUNTERS PARK DRIVE,201414406,01/07/2014,Tue,1240,BE,CW1CO,501A ,M,R,W,OF,F , ,N,C,50,0,1,1,,,1756737,5914568
Auckland,MOUNT EDEN ROAD,, ,I,HUNTERS PARK DRIVE,201418562,13/12/2014,Sat,1414,GD,CS1CC,331A ,,E,D,OF,F ,T,G,C,50,0,0,2,,,1756751,5914490
Auckland,MOUNT EDEN ROAD,, ,I,KELLY ST,201436208,08/05/2014,Thu,145,DB,CS1CC,103A 131A 358A ,JMM,E,W,DO,L ,T,S,P,50,0,0,0,,,1756908,5918080
Auckland,MOUNT EDEN ROAD,, ,I,KINGSVIEW ROAD,201449484,20/12/2014,Sat,1815,FA,CN1C,181A ,,R,W,O ,L ,T,S,C,50,0,0,0,,,1756873,5916092
Auckland,MOUNT EDEN ROAD,, ,I,KINGSWAY,201443486,13/09/2014,Sat,1158,KB,CN1C,301B 375B ,,R,W,O ,L ,T,S,C,50,0,0,0,,,1756726,5914218
Auckland,MOUNT EDEN ROAD,70,N, ,LOVELOCK AVENUE,201441182,13/08/2014,Wed,1830,EA,BS1C,129A 671A ,M,R,W,OF,L , ,N,C,50,0,0,0,,,1756969,5917299
Auckland,MOUNT EDEN ROAD,20,S, ,LOVELOCK AVENUE,201412894,23/04/2014,Wed,945,MC,MS1C,372B ,,E,D,O ,F , , ,C,50,0,0,1,,,1756971,5917209
Auckland,MOUNT EDEN ROAD,100,S, ,LOVELOCK AVENUE,201414885,24/07/2014,Thu,1756,NB,4S1E,711B 712B ,,R,W,DO,F , ,N,C,50,0,0,1,56,,1756972,5917129
Auckland,MOUNT EDEN ROAD,40,S, ,MARSDEN AVENUE,201438842,17/05/2014,Sat,333,EA,CS1C,129A 927 ,M,R,D,DO,F ,D,N,C,50,0,0,0,,,1756682,5915372
Auckland,MOUNT EDEN ROAD,, ,I,MARSDEN AVENUE,201447577,22/09/2014,Mon,730,LB,MN1C,314B 377B 801 ,,R,W,O ,L ,T,G,C,50,0,0,0,,,1756693,5915410
Auckland,MOUNT EDEN ROAD,, ,I,MARSDEN AVENUE,201430606,30/01/2014,Thu,1600,KB,CS1V,309B 375B ,,R,D,B ,F ,T,N,C,50,0,0,0,,,1756693,5915410
Auckland,MOUNT EDEN ROAD,, ,I,MOUNT ALBERT ROAD,201434706,28/04/2014,Mon,1955,AA,CS1C,372A ,,R,D,DO,L ,X,T,C,50,0,0,0,,,1756663,5913761
Auckland,MOUNT EDEN ROAD,, ,I,MOUNT ALBERT ROAD,201414477,08/06/2014,Sun,1100,FE,CS1C,331A 350A ,,R,D,BF,F ,X,T,C,50,0,0,1,,,1756663,5913761
Auckland,MOUNT EDEN ROAD,15,N, ,NIKAU ST,201434600,15/04/2014,Tue,2325,MC,CS1C,372B ,,R,D,DO,F , ,N,L,50,0,0,0,,,1756972,5918590
Auckland,MOUNT EDEN ROAD,50,S, ,OAKLANDS ROAD,201431854,02/03/2014,Sun,1318,AA,CS1C,377A ,,R,D,BF,F , ,N,P,50,0,0,0,,,1757026,5916866
Auckland,MOUNT EDEN ROAD,20,N, ,PENCARROW AVENUE,201415767,17/09/2014,Wed,742,NA,CN1E,712B 713B ,,R,W,OF,F , ,N,P,50,0,0,1,16,,1756883,5916126
Auckland,MOUNT EDEN ROAD,20,N, ,PORONUI ST,201444618,12/09/2014,Fri,1559,MO,CN1M,371A ,M,R,W,O ,F , ,N,C,50,0,0,0,,,1757024,5916681
Auckland,MOUNT EDEN ROAD,, ,I,PUKA ST,201448352,05/12/2014,Fri,1330,GD,TS1C,330A 358A ,,M,D,O ,F ,T,S,C,50,0,0,0,,,1757049,5917816
Auckland,MOUNT EDEN ROAD,20,S, ,REWA ROAD,201410302,02/01/2014,Thu,2100,DB,CS1,103A 131A ,P,M,D,DO,F , ,N,P,50,0,0,1,,,1756529,5914823
Auckland,MOUNT EDEN ROAD,15,N, ,ST LEONARDS ROAD,201435831,14/03/2014,Fri,10,CB,CS1,112A 130A ,P,R,D,DO,F , ,N,P,50,0,0,0,,,1756639,5915211
Auckland,MOUNT EDEN ROAD,100,S, ,STOKES ROAD,201438458,14/06/2014,Sat,1315,JA,CS1C,308B 929 ,,R,D,B ,F ,D, ,C,50,0,0,0,,,1757036,5916713
Auckland,MOUNT EDEN ROAD,170,S, ,THREE KINGS GROVE,201449054,14/12/2014,Sun,1915,DA,CS1C,136A 669A ,M,E,D,OF,F , ,N,C,50,0,0,0,,,1756747,5914525
Auckland,MOUNT EDEN ROAD,10,N, ,VALLEY ROAD,201431833,08/02/2014,Sat,,FD,CN1C,501A ,,E,D,OF,F ,T,G,C,50,0,0,0,,,1757018,5916925
Auckland,MOUNT EDEN ROAD,40,N, ,VALLEY ROAD,201442727,04/09/2014,Thu,1930,EA,CS14,129A ,M,R,W,DO,F , ,N,C,50,0,0,0,,,1757006,5916952
Auckland,MOUNT EDEN ROAD,, ,I,VALLEY ROAD,201448720,02/12/2014,Tue,1450,JA,CN1CC,302B ,,R,D,B ,F ,T,G,C,50,0,0,0,,,1757022,5916916
Auckland,MOUNT EDEN ROAD,20,S, ,WAIRIKI ROAD,201440938,31/07/2014,Thu,1910,EA,CS1CCC,103A 129A ,M,R,D,DO,F , ,N,C,50,0,0,0,,,1756763,5915674
Auckland,MOUNT EDEN ROAD,40,S, ,WAIRIKI ROAD,201445572,06/10/2014,Mon,1316,MC,CN1C,372B 381B ,,R,W,O ,L , , ,C,50,0,0,0,,,1756758,5915655
Auckland,MOUNT EDEN ROAD,20,N, ,WINDMILL ROAD,201442164,09/08/2014,Sat,1930,MC,CN1C,372B ,,R,D,DO,F , , ,P,50,0,0,0,,,1756932,5916311
Auckland,MOUNT EDEN ROAD,20,S, ,WOODSIDE ROAD,201410348,23/01/2014,Thu,1750,FD,CN1C,331A 353A ,,E,D,BF,F , ,N,C,50,0,0,1,,,1756918,5916257
Auckland,MOUNT LEBANON CRESCENT,130,S, ,CHARLES PREVOST DRIVE E,201443975,19/08/2014,Tue,537,EA,CS1C,103A 129A ,M,E,W,DO,F , ,N,N,50,0,0,0,,,1770760,5902862
Auckland,MOUNT PLEASANT ROAD,100,E, ,DOMINION ROAD,201430069,12/01/2014,Sun,2030,EA,CE1C,129A ,M,R,D,DO,F , ,N,C,50,0,0,0,,,1755900,5916514
Auckland,MOUNT SMART ROAD,5,E, ,ATHENS ROAD,201443383,04/09/2014,Thu,915,AA,VW1C,382A ,,R,D,O ,F ,T,N,C,50,0,0,0,,,1759595,5913007
Auckland,MOUNT SMART ROAD,15,E, ,ATHENS ROAD,201441401,01/04/2014,Tue,2028,CB,CW1,129A 358A ,T,R,D,DO,F ,T,N,R,50,0,0,0,,,1759605,5913005
Auckland,MOUNT SMART ROAD,100,W, ,ATHENS ROAD,201446055,11/10/2014,Sat,2253,MO,CS1C,371A 412A 929 ,M,R,D,DO,F ,D, ,C,50,0,0,0,,,1759494,5913037
Auckland,MOUNT SMART ROAD,10,E, ,CAMERON ST,201448046,08/11/2014,Sat,658,EA,CW1C,129A ,M,R,D,DO,F ,X,S,P,50,0,0,0,,,1759134,5913147
Auckland,MOUNT SMART ROAD,10,S, ,CAMPBELL ROAD,201416404,26/09/2014,Fri,1119,HO,CW1S,353A 370A 210B ,,R,D,B ,F ,R,G,X,50,0,0,1,,47,1758245,5913415
Auckland,MOUNT SMART ROAD,, ,I,CAMPBELL ROAD,201435348,07/05/2014,Wed,1723,FB,CW1V,181A ,,R,D,B ,F ,R,G,R,50,0,0,0,,,1758240,5913416
Auckland,MOUNT SMART ROAD,80,W, ,CAPTAIN SPRINGS ROAD,201435465,28/02/2014,Fri,2230,MC,CE1C,330B 372B ,,R,D,DO,F , ,N,C,50,0,0,0,,,1760193,5913046
Auckland,MOUNT SMART ROAD,, ,I,CAPTAIN SPRINGS ROAD,201447833,16/11/2014,Sun,1140,FA,CW1CC,103A ,,R,D,BF,F ,T,S,P,50,0,0,0,,,1760273,5913053
Auckland,MOUNT SMART ROAD,15,E, ,CURZON ST,201450250,20/12/2014,Sat,350,CB,CE1,103A 130A ,P,R,D,DO,F , ,N,P,50,0,0,0,,,1760018,5913034
Auckland,MOUNT SMART ROAD,90,E, ,CURZON ST,201415621,14/09/2014,Sun,2300,NB,CE1E,105B ,,R,W,DO,F , ,N,C,70,0,0,1,,,1760093,5913039
Auckland,MOUNT SMART ROAD,, ,I,CURZON ST,201431306,05/03/2014,Wed,2100,HA,CW1C,301A 375A ,,R,D,DO,F ,X,S,C,50,0,0,0,,,1760003,5913033
Auckland,MOUNT SMART ROAD,40,W, ,FELIX ST,201435094,01/03/2014,Sat,144,EA,CE1C,101A 386A ,M,R,D,DO,F , ,N,P,50,0,0,0,,,1760644,5913079
Auckland,MOUNT SMART ROAD,100,W, ,FELIX ST,201443483,11/09/2014,Thu,1049,EA,TW1C,130A 410A ,M,R,D,B ,F , ,N,C,50,0,0,0,,,1760584,5913075
Auckland,MOUNT SMART ROAD,, ,I,FELIX ST,201447799,29/10/2014,Wed,2030,JA,CW14,101B 301B 330B ,,R,D,DO,F ,T,S,P,50,0,0,0,,,1760683,5913082
Auckland,MOUNT SMART ROAD,80,E, ,INKERMAN ST,201414624,21/07/2014,Mon,735,NA,CE1E,194A 725B ,,R,W,O ,H , , ,C,50,0,0,1,12,,1758598,5913307
Auckland,MOUNT SMART ROAD,180,W, ,INKERMAN ST,201412855,19/04/2014,Sat,1632,JA,CE1C,308B 375B 927 ,,R,D,B ,F ,D, ,C,50,0,0,2,,,1758349,5913383
Auckland,MOUNT SMART ROAD,70,E, ,MANUKAU ROAD,201449128,17/11/2014,Mon,2020,JA,CE1CC,308B 377B 839 925 ,M,R,D,DO,F ,D,N,C,50,0,0,0,,,1758303,5913397
Auckland,MOUNT SMART ROAD,, ,I,MAYS ROAD,201435485,05/04/2014,Sat,925,KA,CE1C,302B 375B ,,E,D,B ,F ,X,G,C,50,0,0,0,,,1759667,5912996
Auckland,MOUNT SMART ROAD,, ,I,MAYS ROAD,201435066,27/03/2014,Thu,1954,JA,CE1C,302B 386B ,,E,D,DO,F ,R,G,R,50,0,0,0,,,1759667,5912996
Auckland,MOUNT SMART ROAD,, ,I,MAYS ROAD,201415275,09/08/2014,Sat,1706,LB,CW1C,302A 363A 902 ,,E,D,TF,F ,T,G,R,50,0,0,1,,,1759667,5912996
Auckland,MOUNT SMART ROAD,, ,I,NAMATA ROAD,201448882,01/12/2014,Mon,1715,HA,TE1V4,301B 382B ,,R,D,B ,F ,X,S,C,50,0,0,0,,,1760003,5913033
Auckland,MOUNT SMART ROAD,, ,I,NAMATA ROAD,201418300,25/11/2014,Tue,815,HA,VW1XC,301B 377B ,Q,R,D,OF,F ,X,S,C,50,0,0,1,,,1760003,5913033
Auckland,MOUNT SMART ROAD,20,E, ,ONEHUNGA MALL,201441203,01/07/2014,Tue,1800,FD,CW1C,334A 386A 357B ,,R,D,DO,F , , ,C,50,0,0,0,,,1758955,5913199
Auckland,MOUNT SMART ROAD,50,E, ,ONEHUNGA MALL,201438641,28/05/2014,Wed,1616,MC,MW1C,372B ,,R,D,B ,F , , ,C,50,0,0,0,,,1758983,5913191
Auckland,MOUNT SMART ROAD,, ,I,ONEHUNGA MALL,201411609,12/03/2014,Wed,1427,LB,CE14,303B 375B ,,R,D,BF,F ,X,T,C,50,0,0,1,,,1758935,5913205
Auckland,MOUNT SMART ROAD,, ,I,ONEHUNGA MALL,201449035,11/12/2014,Thu,1402,LB,VE1C,303B ,,R,D,OF,L ,X,T,C,50,0,0,0,,,1758935,5913205
Auckland,MOUNT SMART ROAD,20,W, ,SELWYN ST,201434708,22/04/2014,Tue,2100,EA,CW1C,129A ,M,R,W,DO,L , ,N,P,50,0,0,0,,,1758708,5913274
Auckland,MOUNT SMART ROAD,30,W, ,SELWYN ST,201438615,01/06/2014,Sun,1317,QD,CE1,428A ,F,R,D,B ,F , , ,C,50,0,0,0,,,1758698,5913277
Auckland,MOUNT SMART ROAD,15,E, ,VICTORIA ST,201435883,05/03/2014,Wed,850,FD,VW1C,181A ,,R,D,OF,F , ,N,X,50,0,0,0,,,1759573,5913013
Auckland,MOUNT SMART ROAD,15,W, ,WAITANGI ROAD,201415480,29/08/2014,Fri,810,EE,SE1T,374B ,M,R,D,O ,F , , ,C,50,0,1,0,,44,1760416,5913062
Auckland,MOUNT SMART ROAD,, ,I,WAITANGI ROAD,201418818,13/12/2014,Sat,837,JA,CE1C,301B ,,R,D,OF,F ,T,S,C,50,0,0,1,,,1760431,5913064
Auckland,MOUNT ST,10,W, ,SYMONDS ST,201444107,01/08/2014,Fri,1700,MO,CE1C,371A ,M,R,D,OF,F ,T,S,N,50,0,0,0,,,1757565,5919781
Auckland,MOUNT ST,60,W, ,SYMONDS ST,201439540,07/06/2014,Sat,1200,EA,CW1C,129A ,M,R,D,O ,F , , ,N,50,0,0,0,,,1757516,5919791
Auckland,MOUNT ST,, ,I,WAKEFIELD ST,201432860,24/02/2014,Mon,1350,MG,CW1V,371B ,,R,D,B ,F ,X,G,C,50,0,0,0,,,1757404,5919771
Auckland,MOUNT TAYLOR DRIVE,200,E, ,SIERRA ST,201443140,22/08/2014,Fri,2210,DA,4E1CC,103A 357A 402A ,,E,D,DO,F , , ,C,50,0,0,0,,,1766115,5918497
Auckland,MOUNT TAYLOR DRIVE,40,W, ,SIERRA ST,201436060,29/05/2014,Thu,845,EA,CE1C,129A ,M,R,D,OF,F , ,N,C,50,0,0,0,,,1765890,5918414
Auckland,MOUNT TAYLOR DRIVE,, ,I,SIERRA ST,201430576,15/01/2014,Wed,1155,KA,CE1C,302B 832 ,,R,D,B ,F ,T,G,N,50,0,0,0,,,1765928,5918428
Auckland,MOUNT WELLINGTON HIGHWAY,, ,I,ARANUI ROAD,201443379,07/08/2014,Thu,1200,FE,CN1C,181A 330A ,,R,D,B ,F ,X,T,R,50,0,0,0,,,1763811,5912978
Auckland,MOUNT WELLINGTON HIGHWAY,5,N, ,CLEMOW DRIVE,201441904,08/08/2014,Fri,1125,AO,TS1C,129A 129B ,,E,D,O ,F ,R,G,C,50,0,0,0,,,1763986,5912093
Auckland,MOUNT WELLINGTON HIGHWAY,, ,I,CLEMOW DRIVE,201430616,07/02/2014,Fri,1325,HA,4S1C,302A 375A ,,E,D,B ,F ,R,G,C,50,0,0,0,,,1763987,5912088
Auckland,MOUNT WELLINGTON HIGHWAY,, ,I,CLEMOW DRIVE,201417644,27/11/2014,Thu,603,FA,CS1C,112A 181A 431A ,,R,D,B ,F ,R,G,R,50,0,0,1,,,1763987,5912088
Auckland,MOUNT WELLINGTON HIGHWAY,100,S, ,ELLERSLIE-PANMURE HIGHWAY,201439589,02/07/2014,Wed,1029,JA,CS1C,302B 927 ,,R,W,O ,L ,D,G,P,50,0,0,0,,,1764382,5914809
Auckland,MOUNT WELLINGTON HIGHWAY,200,S, ,ELLERSLIE-PANMURE HIGHWAY,201416401,10/09/2014,Wed,1600,AC,TN1C,177A 184A ,,R,D,B ,F , , ,C,100,0,0,1,,,1764335,5914721
Auckland,MOUNT WELLINGTON HIGHWAY,200,S, ,ELLERSLIE-PANMURE HIGHWAY,201450628,20/11/2014,Thu,1700,JA,CS1C,308B 375B 926 ,,R,D,B ,F ,D,N,C,50,0,0,0,,,1764335,5914721