TLANAME,CRASHROAD,CRASHDIST,CRASHDIRN,INTSN,SIDEROAD,CRASHID,CRASHDATE,CRASHDOW,CRASHTIME,MVMT,VEHICLES,CAUSES,OBJECTSSTRUCK,ROADCURVE,ROADWET,LIGHT,WTHRa,JUNCTYPE,TRAFCTRL,ROADMARK,SPDLIM,CRASHFATALCNT,CRASHSEVCNT,CRASHMINCNT,PERSAGE1,PERSAGE2,EASTING,NORTHING
Auckland,MOUNT WELLINGTON HIGHWAY,80,N, ,HAMLIN ROAD,201435204,29/03/2014,Sat,208,DB,CS1,111A 131A 431A ,P,M,D,DO,F , , ,P,50,0,0,0,,,1763726,5913407
Auckland,MOUNT WELLINGTON HIGHWAY,300,N, ,HAMLIN ROAD,201438360,21/04/2014,Mon,1159,FD,CS1CB,112A 181A 331A ,,R,D,B ,F , , ,C,50,0,0,0,,,1763766,5913614
Auckland,MOUNT WELLINGTON HIGHWAY,, ,I,HILLSIDE ROAD,201435975,15/05/2014,Thu,1757,GD,VN1CC,331A ,,R,D,DO,F ,T,G,C,50,0,0,0,,,1764166,5911163
Auckland,MOUNT WELLINGTON HIGHWAY,10,S, ,LONGFORD ST,201449638,18/12/2014,Thu,832,CB,CN1,181A 197A ,J,R,D,O ,L ,X,T,C,50,0,0,0,,,1763780,5913143
Auckland,MOUNT WELLINGTON HIGHWAY,80,S, ,LONGFORD ST,201440479,27/07/2014,Sun,1645,LB,CS1C,303B 375B 922 ,,E,D,B ,F ,D,N,C,50,0,0,0,,,1763793,5913074
Auckland,MOUNT WELLINGTON HIGHWAY,, ,I,LONGFORD ST,201446900,23/10/2014,Thu,2030,FE,CN1C,181A ,,R,D,DO,F ,T,T,C,50,0,0,0,,,1763778,5913152
Auckland,MOUNT WELLINGTON HIGHWAY,20,N, ,MALONE ROAD,201448383,26/12/2014,Fri,1320,FA,CS1C,181A 330A ,,R,D,B ,F , ,N,C,50,0,0,0,,,1764169,5914398
Auckland,MOUNT WELLINGTON HIGHWAY,130,N, ,MALONE ROAD,201438813,07/07/2014,Mon,1615,AA,CN1T4,381A ,,R,W,OF,L , ,N,C,50,0,0,0,,,1764219,5914496
Auckland,MOUNT WELLINGTON HIGHWAY,330,N, ,MALONE ROAD,201438372,11/04/2014,Fri,1740,JA,CS1C,308B 314B 377B 925 ,,E,D,O ,F ,D, ,C,50,0,0,0,,,1764311,5914674
Auckland,MOUNT WELLINGTON HIGHWAY,500,S, ,MALONE ROAD,201450161,29/10/2014,Wed,1205,FD,CS1C,112A 331A 901 ,,R,W,O ,H , , ,C,50,0,0,0,,,1763933,5913935
Auckland,MOUNT WELLINGTON HIGHWAY,, ,I,MALONE ROAD,201444652,19/09/2014,Fri,858,KA,CN1V,302B 387B ,,R,D,O ,F ,T,G,C,50,0,0,0,,,1764160,5914380
Auckland,MOUNT WELLINGTON HIGHWAY,, ,I,MT WGTN OFF NBD S,201444358,22/06/2014,Sun,1912,AA,CN1C,158A 159A 514A ,C,R,W,DO,F ,T,N,C,100,0,0,0,,,1763921,5912398
Auckland,MOUNT WELLINGTON HIGHWAY,, ,I,MT WGTN OFF SBD,201441221,21/05/2014,Wed,2140,DB,CN2,101A 131A 501A ,PS,M,W,DO,L ,T,T,R,50,0,0,0,,,1763867,5912692
Auckland,MOUNT WELLINGTON HIGHWAY,, ,I,MT WGTN OFF SBD N,201449685,04/12/2014,Thu,315,DC,CS2,412A 423A ,P,M,D,DO,F ,T,T,R,50,0,0,0,,,1763867,5912692
Auckland,MOUNT WELLINGTON HIGHWAY,10,S, ,MT WGTN ON NBD,201431248,19/01/2014,Sun,1116,FE,CN1CC,405A 423A ,,R,D,BF,F ,X,T,C,50,0,0,0,,,1763906,5912480
Auckland,MOUNT WELLINGTON HIGHWAY,, ,I,MT WGTN ON NBD N,201416986,05/10/2014,Sun,847,LB,VN1C,303B 387B ,,R,D,BF,F ,X,T,R,50,0,0,1,,,1763904,5912490
Auckland,MOUNT WELLINGTON HIGHWAY,, ,I,MT WGTN ON NBD N,201430378,10/01/2014,Fri,1315,AA,CN1C,372A ,,R,D,B ,F ,X,T,P,50,0,0,0,,,1763904,5912490
Auckland,MOUNT WELLINGTON HIGHWAY,, ,I,MT WGTN ON NBD N,201440273,12/06/2014,Thu,1100,GF,CS1C,176A ,,M,D,B ,F ,X,T,R,50,0,0,0,,,1763904,5912490
Auckland,MOUNT WELLINGTON HIGHWAY,, ,I,MT WGTN ON NBD S,201447157,03/11/2014,Mon,1811,FE,CN1C,331A ,,R,D,O ,F ,T,T,C,50,0,0,0,,,1763921,5912398
Auckland,MOUNT WELLINGTON HIGHWAY,, ,I,MT WGTN ON SBD S,201415686,16/09/2014,Tue,1306,FE,CN1C,104A 112A 181A ,,R,D,O ,F ,T,T,C,100,0,1,1,,,1763884,5912598
Auckland,MOUNT WELLINGTON HIGHWAY,20,S, ,PANAMA ROAD,201443100,26/08/2014,Tue,842,AA,CN1T,372A ,,R,D,B ,F , , ,R,50,0,0,0,,,1764091,5911544
Auckland,MOUNT WELLINGTON HIGHWAY,70,S, ,PANAMA ROAD,201442533,05/09/2014,Fri,1225,JA,CN14,308B 314B 377B 925 ,,R,D,BF,F ,D,N,C,50,0,0,0,,,1764101,5911494
Auckland,MOUNT WELLINGTON HIGHWAY,, ,I,PANAMA ROAD,201448600,25/11/2014,Tue,545,LB,CS1C,322A ,,R,D,O ,F ,X,T,C,50,0,0,0,,,1764087,5911563
Auckland,MOUNT WELLINGTON HIGHWAY,200,N, ,PENROSE ROAD,201430040,01/01/2014,Wed,2020,MC,4N1C,372B ,,R,D,DO,F , ,N,C,50,0,0,0,,,1763903,5913876
Auckland,MOUNT WELLINGTON HIGHWAY,100,S, ,PENROSE ROAD,201412702,20/03/2014,Thu,850,JA,CN1C,308B 314B 377B 925 ,,R,D,BF,F ,D,N,C,50,0,0,1,,,1763764,5913611
Auckland,MOUNT WELLINGTON HIGHWAY,20,S, ,ROSLYN ROAD,201447821,12/11/2014,Wed,1717,JA,4N14,308B 314B 377B 925 ,,E,W,OF,L ,D,G,C,50,0,0,0,,,1763740,5913565
Auckland,MOUNT WELLINGTON HIGHWAY,400,N, ,ROWLANDS AVENUE,201434018,05/04/2014,Sat,350,CB,4N1,103A 129A ,FP,R,D,DO,F , ,N,C,50,0,0,0,,,1764052,5914167
Auckland,MOUNT WELLINGTON HIGHWAY,, ,I,ROWLANDS AVENUE,201431307,01/03/2014,Sat,1115,JA,CS1C,302B 375B ,,R,D,BF,F ,T,G,C,50,0,0,0,,,1763868,5913811
Auckland,MOUNT WELLINGTON HIGHWAY,, ,I,SEL PEACOCK DRIVE,201441225,22/07/2014,Tue,1258,BO,CS2C,122A 386A 386B ,,E,D,B ,F ,R,G,C,50,0,0,0,,,1745561,5917550
Auckland,MOUNT WELLINGTON HIGHWAY,, ,I,SILVIA PARK ACCESSWAY,201441388,06/08/2014,Wed,1000,HA,CN1C,322A 334A 361A 801 ,,R,W,O ,L ,T,T,R,50,0,0,0,,,1763811,5912978
Auckland,MOUNT WELLINGTON HIGHWAY,, ,I,SILVIA PARK ACCESSWAY,201437183,26/04/2014,Sat,920,KA,CS1C,302B 375B ,,R,D,OF,F ,X,G,C,50,0,0,0,,,1763811,5912978
Auckland,MOUNT WELLINGTON HIGHWAY,, ,A,SILVIA PARK ACCESSWAY 1,201450114,20/11/2014,Thu,2045,FE,CS1C,181A 334A 387A ,,R,D,DO,F ,T,T,R,50,0,0,0,,,1763780,5913139
Auckland,MOUNT WELLINGTON HIGHWAY,, ,I,SILVIA PARK ACCESSWAY 1,201448623,25/08/2014,Mon,820,FB,CW2C,181A 331A ,,R,D,B ,F ,T,G,C,50,0,0,0,,,,
Auckland,MOUNT WELLINGTON HIGHWAY,30,N, ,SILVIA PARK ACCESSWAY 2,201448618,28/11/2014,Fri,1839,AC,VS1C,372A 904 ,,R,W,O ,M , , ,C,50,0,0,0,,,1763806,5913007
Auckland,MOUNT WELLINGTON HIGHWAY,, ,I,SILVIA PARK ACCESSWAY 3,201433677,15/04/2014,Tue,715,FE,CS1C,181A 331A ,,R,D,BF,F ,R,T,C,50,0,0,0,,,1763844,5912814
Auckland,MOUNT WELLINGTON HIGHWAY,20,N, ,SYLVIA PARK ROAD,201447374,14/11/2014,Fri,1340,AC,TS1C,372A 671A ,,R,D,B ,L , ,N,C,50,0,0,0,,,1763944,5912290
Auckland,MOUNT WELLINGTON HIGHWAY,50,S, ,SYLVIA PARK ROAD,201431340,28/02/2014,Fri,234,CA,4N1,103A 205A 817 ,IR,R,D,DO,F , ,N,R,50,0,0,0,,,1763966,5912224
Auckland,MOUNT WELLINGTON HIGHWAY,, ,I,SYLVIA PARK ROAD,201442713,05/09/2014,Fri,1756,KA,CN1C,322A ,,R,W,DO,L ,T,T,C,50,0,0,0,,,1763950,5912271
Auckland,MOUNT WELLINGTON HIGHWAY,, ,I,SYLVIA PARK ROAD,201410314,03/01/2014,Fri,1537,FE,CN1C,331A 358A ,,R,D,BF,F ,T,T,C,50,0,0,1,,,1763950,5912271
Auckland,MOUNT WELLINGTON HIGHWAY,70,N, ,TRIANGLE ROAD,201437187,01/05/2014,Thu,1145,FE,TS1V,331A 387A ,,R,D,BF,F , ,T,C,50,0,0,0,,,1764133,5914326
Auckland,MOUNT WELLINGTON HIGHWAY,200,S, ,TRIANGLE ROAD,201449064,26/12/2014,Fri,1315,AC,CN1C,159A 191A ,,R,D,BF,F , ,N,C,50,0,0,0,,,1764011,5914086
Auckland,MOUNT WELLINGTON HIGHWAY,, ,I,VESTEY DRIVE,201435051,30/04/2014,Wed,750,GO,TS1V,179A ,,E,D,B ,F ,R,G,L,50,0,0,0,,,1763987,5912088
Auckland,MOUNT WELLINGTON HIGHWAY,, ,I,VESTEY DRIVE,201437352,13/06/2014,Fri,1730,GF,CN1C,372A 381A ,,R,D,TO,F ,R,G,R,50,0,0,0,,,1763994,5912055
Auckland,MOUNT WELLINGTON HIGHWAY,, ,I,VESTEY DRIVE,201443076,05/09/2014,Fri,1035,AO,VS1V,172A 184A 330A ,,M,D,B ,F ,R,G,C,50,0,0,0,,,1763987,5912088
Auckland,MOUNT WELLINGTON HIGHWAY,, ,I,VESTEY DRIVE,201433265,21/03/2014,Fri,1615,HA,CN1C,302A 375A ,,R,D,BF,F ,R,G,R,50,0,0,0,,,1763987,5912088
Auckland,MOUNT WELLINGTON HIGHWAY,100,N, ,WILLIAM HARVEY PLACE,201436221,12/04/2014,Sat,1110,KA,CS1C,308B 926 ,,R,D,B ,F ,D,N,C,50,0,0,0,,,1764301,5914654
Auckland,MOUNTAIN ROAD,, ,I,ALBURY AVENUE,201437267,09/03/2014,Sun,859,KB,CN1C,301B 382B ,,R,W,OF,L ,T,S,C,50,0,0,0,,,1757794,5917395
Auckland,MOUNTAIN ROAD,, ,I,ALBURY AVENUE,201415732,04/09/2014,Thu,720,JC,4W2C,301A 375A ,,R,D,OF,F ,T,S,C,50,0,0,1,,,1757794,5917395
Auckland,MOUNTAIN ROAD,, ,I,CLIVE ROAD,201448353,20/12/2014,Sat,1900,BC,CN1C,111A 122A ,,M,W,O ,L ,T,S,C,50,0,0,0,,,1757625,5917886
Auckland,MOUNTAIN ROAD,, ,I,CORONATION ROAD,201431610,16/01/2014,Thu,1730,AC,4E1C,159A ,,R,D,O ,F ,T,G,C,50,0,0,0,,,1759402,5909238
Auckland,MOUNTAIN ROAD,100,N, ,MILLER ROAD,201450200,05/12/2014,Fri,1630,MD,CN1V,371B 929 ,,R,D,ON,F ,D,N,C,50,0,0,0,,,1758967,5908683
Auckland,MOUNTAIN ROAD,, ,I,MILLER ROAD,201447549,12/11/2014,Wed,745,FB,CN1C,331A 387A ,,R,D,B ,F ,T,G,L,50,0,0,0,,,1758930,5908591
Auckland,MOUNTAIN ROAD,, ,I,OWENS ROAD,201449545,14/12/2014,Sun,1100,LB,CE14,191A 353A 191B 353B 801 ,,E,W,O ,L ,T,G,P,50,0,0,0,,,1757815,5917154
Auckland,MOUNTAIN ROAD,50,N, ,ROCKWOOD PLACE,201415793,22/09/2014,Mon,1225,JA,CN1C,308B 375B 926 ,,R,W,OF,L ,D,N,C,50,0,0,1,,,1757621,5917977
Auckland,MOUNTAIN ROAD,30,N, ,SHARPE ROAD,201438130,09/05/2014,Fri,1705,NA,CN1E,713B ,,R,D,BF,F , ,N,C,50,0,0,0,,,1757800,5917320
Auckland,MOUNTAIN ROAD,, ,I,WITHIEL DRIVE,201413793,16/05/2014,Fri,1520,JA,SS1X,301B 375B ,,E,D,OF,F ,T,S,C,50,0,0,1,,67,1757787,5917492
Auckland,MOUNTAIN ROAD,, ,I,WITHIEL DRIVE,201411019,27/02/2014,Thu,1525,GA,SS1C,112A 331A 402A ,,R,D,B ,F ,T,S,C,50,0,0,1,,14,1757787,5917492
Auckland,MOUNTAIN VIEW ROAD,50,N, ,LEVONIA ST,201448525,27/05/2014,Tue,921,EO,TS1,686A ,B,R,D,BF,F , ,N,P,50,0,0,0,,,1754507,5918320
Auckland,MOUNTAIN VIEW ROAD,10,S, ,SPRINGFIELD ROAD,201442872,21/08/2014,Thu,845,CB,CS1,129A 357A ,C,R,W,O ,F ,T,N,N,50,0,0,0,,,1754420,5917846
Auckland,MOUNTAIN VIEWS MEWS,90,E, ,BARRACK ROAD,201442163,21/08/2014,Thu,315,CA,CE1,130A 423A ,,R,W,DO,L , , ,N,50,0,0,0,,,1763630,5914073
Auckland,MOUNTBATTEN AVENUE,, ,I,CORONATION ROAD,201447576,10/11/2014,Mon,233,DA,CE1,137A ,F,E,D,DO,F ,T,N,C,50,0,0,0,,,1754341,5926946
Auckland,MOUNTFORT ST,50,E, ,THOMPSON TERRACE,201447153,01/11/2014,Sat,2300,MO,CW1V,371A 929 ,M,R,D,DO,F ,D, ,C,50,0,0,0,,,1768134,5899956
Auckland,MOYRUS CRESCENT,, ,I,BEJOY RISE,201437254,14/05/2014,Wed,1615,DA,CE1,137A ,CJ,E,W,OF,H ,T,N,N,50,0,0,0,,,1771233,5910091
Auckland,MOYRUS CRESCENT,, ,I,GILNOCKIE CLOSE,201442167,27/07/2014,Sun,150,DA,CW1,111A 131A ,X,E,D,DO,F ,T,N,N,50,0,0,0,,,1771192,5910366
Auckland,MT WGTN OFF NBD,100,E, ,MOUNT WELLINGTON HIGHWAY,201417229,05/11/2014,Wed,1656,FD,TN1CC,181A 331A ,,R,D,B ,F , , ,C,100,0,0,1,,,1763995,5912450
Auckland,MT WGTN ON NBD,200,N, ,MOUNT WELLINGTON HIGHWAY,201438441,16/06/2014,Mon,1629,FD,CN1V,181A 331A 387A 200B 801 ,,R,W,O ,L , , ,C,100,0,0,0,,,1763740,5912602
Auckland,MT WGTN ON NBD,40,S, ,SH 1N,201413536,27/07/2014,Sun,1947,AA,VN14,101A 184A ,,R,D,DF,F , , ,N,70,0,0,1,,,1763680,5912646
Auckland,MT WGTN ON NBD,160,S, ,SH 1N,201411208,25/02/2014,Tue,1502,CC,CN1,130A 501A ,G,R,D,B ,F , , ,N,100,0,0,1,,,1763777,5912576
Auckland,MT WGTN ON SBD,200,E, ,MOUNT WELLINGTON HIGHWAY,201446312,26/09/2014,Fri,2118,FD,CS14,181A ,,R,D,DO,F , ,N,N,80,0,0,0,,,1764050,5912492
Auckland,MT WGTN ON SBD,150,S, ,MOUNT WELLINGTON HIGHWAY,201446479,30/10/2014,Thu,1813,AC,CS1C,159A ,,R,D,OF,F , ,N,N,100,0,0,0,,,1764008,5912519
Auckland,MT WGTN ON SBD,50,W, ,SH 1N,201441016,17/07/2014,Thu,1545,AC,CS1C,372A 381A ,,E,D,OF,F , ,N,C,50,0,0,0,,,1764338,5912298
Auckland,MULGAN ST,, ,I,MARY DREAVER ST,201432975,18/02/2014,Tue,917,LB,CW1C,321A ,,M,D,B ,F ,T,S,C,50,0,0,0,,,1752379,5913563
Auckland,MULGAN ST,100,S, ,NEW WINDSOR ROAD,201410867,06/01/2014,Mon,2318,CB,CN1,112A 130A ,PT,R,D,DO,F , , ,C,50,0,1,0,,,1752747,5913771
Auckland,MULGAN ST,, ,I,WHITNEY ST,201436704,09/05/2014,Fri,255,HA,CN2C,302A 375A ,,M,D,DO,F ,R,G,C,50,0,0,0,,,1752199,5913545
Auckland,MULLINS ROAD,, ,I,AIRFIELD ROAD,201414091,06/06/2014,Fri,640,BB,4S1C,124A 386A ,S,R,W,DN,M ,T,G,C,70,0,1,0,,,1776107,5900506
Auckland,MULLINS ROAD,350,N, ,PAPAKURA-CLEVEDON ROAD,201436414,07/05/2014,Wed,2215,DA,VS1C,103A 111A 131A ,MS,M,W,DN,L , ,N,C,100,0,0,0,,,1777060,5899135
Auckland,MULLINS ROAD,500,N, ,PAPAKURA-CLEVEDON ROAD,201449438,17/12/2014,Wed,1500,DB,CN1,111A 131A 402A ,FP,S,W,O ,L , , ,C,100,0,0,0,,,1776988,5899262
Auckland,MURDOCH ROAD,, ,I,MACKELVIE ST,201437379,23/02/2014,Sun,1359,BC,CN2C,103A 122A ,,R,D,BF,F ,T,G,C,50,0,0,0,,,1755731,5919381
Auckland,MURIWAI ROAD,500,N, ,HAMILTON ROAD,201418202,12/12/2014,Fri,345,DB,CS1,410A ,T,E,D,DN,F , , ,C,100,0,0,1,,,1731426,5927177
Auckland,MURIWAI ROAD,350,N, ,MOTUTARA ROAD,201414305,19/05/2014,Mon,1450,DA,CS1,129A 134A ,,M,D,B ,F , , ,C,100,0,0,1,,,1728985,5924260
Auckland,MURIWAI ROAD,850,N, ,MOTUTARA ROAD,201414574,16/05/2014,Fri,1120,BF,4N1C,136A 613A 622A ,F,E,D,B ,F , , ,C,100,0,0,1,,,1729203,5924703
Auckland,MURIWAI ROAD,, ,I,SCHOOL ROAD N,201412543,02/05/2014,Fri,811,BO,TN1C,124A 363A 370A ,,E,D,B ,F ,T,S,C,50,0,0,2,,,1732696,5928971
Auckland,MURIWAI ROAD,, ,I,SCHOOL ROAD S,201432279,26/01/2014,Sun,818,DC,CW2,103A 335A 357A ,X,R,D,ON,F ,T,N,C,100,0,0,0,,,1731443,5926318
Auckland,MURPHYS ROAD,450,N, ,FLAT BUSH SCHOOL ROAD,201416103,11/07/2014,Fri,716,NG,VS1E,371A 710B 929 ,,R,D,ON,F ,D, ,C,80,0,0,1,64,,1771233,5906599
Auckland,MURPHYS ROAD,300,S, ,FLAT BUSH SCHOOL ROAD,201433206,16/03/2014,Sun,1130,CB,CN1,137A 817 ,X,R,W,OF,H , ,N,C,80,0,0,0,,,1771055,5905871
Auckland,MURPHYS ROAD,, ,I,FLAT BUSH SCHOOL ROAD,201433374,20/03/2014,Thu,730,HA,CW2V,301A 375A 817 ,,R,D,BF,F ,X,S,C,80,0,0,0,,,1771125,5906162
Auckland,MURPHYS ROAD,15,S, ,JEFFS ROAD,201436866,22/05/2014,Thu,1807,FA,CN1C,357A 512A 357B 515B ,,E,D,DO,F , , ,C,60,0,0,0,,,1771446,5907690
Auckland,MURPHYS ROAD,, ,I,MALAHIDE DRIVE,201434395,03/04/2014,Thu,830,JA,CN1C,302B ,,R,D,B ,F ,T,G,C,70,0,0,0,,,1771447,5907456
Auckland,MURPHYS ROAD,20,N, ,ORMISTON ROAD,201441775,29/07/2014,Tue,1730,BA,CN1C,129A 350A ,,R,D,DO,F , , ,C,60,0,0,0,,,1771344,5907033
Auckland,MURPHYS ROAD,100,N, ,ORMISTON ROAD,201432270,13/01/2014,Mon,1700,AC,CN1V,177A 184A 181B 184B ,,R,D,BF,F , ,N,N,60,0,0,0,,,1771361,5907111
Auckland,MURPHYS ROAD,90,N, ,REDOUBT ROAD,201438151,09/05/2014,Fri,2305,DA,CN1,129A ,E,E,W,DN,F , ,N,C,50,0,0,0,,,1770531,5904615
Auckland,MURPHYS ROAD,280,N, ,REDOUBT ROAD,201449691,28/11/2014,Fri,955,BF,VS1V,131B 402B 420B ,,S,W,B ,L , , ,C,80,0,0,0,,,1770717,5904580
Auckland,MURPHYS ROAD,1000,N, ,REDOUBT ROAD,201412735,10/02/2014,Mon,1645,CB,CS1,112A 129A 514A 517A ,FP,R,D,BF,F , ,N,C,50,0,1,3,,,1770907,5905264
Auckland,MURPHYS ROAD,, ,I,REDOUBT ROAD,201431275,28/02/2014,Fri,1700,FB,CS1C,181A ,,E,D,BF,F ,T,G,R,60,0,0,0,,,1770463,5904569
Auckland,MURPHYS ROAD,15,S, ,THOMAS ROAD,201436898,06/05/2014,Tue,1400,FA,TN14,181A 331A ,FP,R,D,B ,F , , ,L,50,0,0,0,,,1770823,5904924
Auckland,MYERS ROAD,50,W, ,GREENMEADOWS AVENUE,201435044,20/04/2014,Sun,1830,MO,CN1,926,H,R,D,B ,F , ,N,C,50,0,0,0,,,1769554,5900447
Auckland,MYERS ROAD,20,E, ,LINCOLN ROAD,201430493,31/01/2014,Fri,1500,GB,CW1V,142B 192B 929 ,,R,D,B ,F ,D,N,N,50,0,0,0,,,1769410,5900386
Auckland,MYERS ROAD,20,S, ,SCOTTS ROAD,201434104,19/04/2014,Sat,1640,DA,CS1,103A 111A 131A 402A ,FG,M,W,ON,L , ,N,C,50,0,0,0,,,1769842,5900566
Auckland,NAIRN PLACE,, ,I,TYRONE ST,201443681,24/08/2014,Sun,805,DA,CE2,111A 131A 514A ,P,S,D,B ,F ,T,N,N,50,0,0,0,,,1767735,5908923
Auckland,NAMATA ROAD,, ,I,ORANGA AVENUE,201415273,13/06/2014,Fri,2210,DC,CW2,103A 111A 131A ,P,R,D,DO,F ,T,G,C,50,0,0,1,,,1759968,5913473
Auckland,NAYLORS DRIVE,300,S, ,MASSEY ROAD,201446596,05/10/2014,Sun,600,CC,CS1C,101A 130A 402A ,M,R,D,DO,F , , ,C,50,0,0,0,,,1759724,5905980
Auckland,NAYLORS DRIVE,20,E, ,SHAH LANE N,201441179,10/08/2014,Sun,1130,MD,CW1CC,371B 902 929 ,M,R,D,BF,F , ,N,C,50,0,0,0,,,1759800,5905900
Auckland,NEALES ROAD,, ,I,CARPENTER ROAD,201437253,13/05/2014,Tue,1740,HA,CE1C,302B 375B ,,R,D,BF,F ,X,G,C,50,0,0,0,,,1768245,5910678
Auckland,NEALES ROAD,200,W, ,HARRIS ROAD,201431821,27/02/2014,Thu,745,BA,CW1CV,125A 197A 839 ,B,R,D,OF,F , ,N,C,50,0,0,0,,,1768609,5910587
Auckland,NEILPARK DRIVE,200,N, ,KERWYN AVENUE,201430673,10/02/2014,Mon,730,EA,CN1C,129A 358A ,M,R,D,B ,F , ,N,C,50,0,0,0,,,1767732,5909872
Auckland,NEILSON ST,40,E, ,ALFRED ST,201448043,06/11/2014,Thu,615,AO,CE1C,184A ,P,R,D,B ,F , , ,C,50,0,0,0,,,1759921,5911768
Auckland,NEILSON ST,70,E, ,ALFRED ST,201444317,22/09/2014,Mon,1225,AC,CE1C,177A 372A 130B 191B 901 ,FJ,M,W,O ,H , , ,C,50,0,0,0,,,1759951,5911764
Auckland,NEILSON ST,150,E, ,ALFRED ST,201436593,09/05/2014,Fri,1047,FD,TE14T,181A 331A 352A ,,R,D,B ,F , , ,C,50,0,0,0,,,1760030,5911772
Auckland,NEILSON ST,10,W, ,ALFRED ST,201450066,21/12/2014,Sun,2350,DA,CE1,111A 131A ,P,E,D,DO,F ,X,S,C,50,0,0,0,,,1759844,5911803
Auckland,NEILSON ST,15,W, ,ALFRED ST,201414192,17/07/2014,Thu,1043,AA,CE1C,372A ,,R,D,BF,F , ,N,R,50,0,0,1,,,1759839,5911805
Auckland,NEILSON ST,40,W, ,ALFRED ST,201413525,12/06/2014,Thu,610,FD,VE1C4,181A 181B ,,E,W,DO,F , , ,R,50,0,0,1,,,1759815,5911809
Auckland,NEILSON ST,, ,I,ALFRED ST,201439588,25/06/2014,Wed,2036,DA,CE1,103A 801 ,IP,E,W,DO,L ,T,S,R,50,0,0,0,,,1759885,5911783
Auckland,NEILSON ST,, ,I,ALFRED ST,201439647,19/06/2014,Thu,740,JA,CE1C,301B ,,R,W,O ,L ,T,S,R,50,0,0,0,,,1759854,5911800
Auckland,NEILSON ST,, ,I,ALFRED ST,201418533,25/11/2014,Tue,2130,DC,CS2C,103A 113A 321A ,,R,D,DO,F ,T,S,C,50,0,2,1,,,1759854,5911800
Auckland,NEILSON ST,, ,I,ALFRED ST E,201414494,12/06/2014,Thu,555,JA,CE1C,301B 377B ,,E,W,DO,F ,X,S,C,50,0,0,1,,,1759885,5911783
Auckland,NEILSON ST,500,E, ,ALFRED ST W,201445952,26/09/2014,Fri,1215,AA,TE1C,184A ,,R,D,B ,F , , ,P,50,0,0,0,,,1760343,5911808
Auckland,NEILSON ST,100,E, ,CAPTAIN SPRINGS ROAD,201444654,22/09/2014,Mon,1700,AA,CE1T,372A 402A ,,R,D,O ,F , ,N,C,50,0,0,0,,,1760515,5911828
Auckland,NEILSON ST,15,W, ,CAPTAIN SPRINGS ROAD,201438709,11/07/2014,Fri,1300,AC,VE1C,372A ,,E,D,OF,F , ,N,C,50,0,0,0,,,1760401,5911814
Auckland,NEILSON ST,120,W, ,CAPTAIN SPRINGS ROAD,201438584,03/06/2014,Tue,1740,AO,TE1C,184A 184B ,,R,D,DO,F , , ,P,50,0,0,0,,,1760297,5911803
Auckland,NEILSON ST,150,W, ,CAPTAIN SPRINGS ROAD,201410941,28/01/2014,Tue,1508,FD,CE14,331A 350A ,,R,D,BF,F , ,N,C,50,0,0,1,,,1760267,5911799
Auckland,NEILSON ST,280,W, ,CAPTAIN SPRINGS ROAD,201449159,27/11/2014,Thu,1735,AO,TW1C,381A 671A ,,R,D,BF,F , ,N,C,50,0,0,0,,,1760138,5911785
Auckland,NEILSON ST,, ,I,CAPTAIN SPRINGS ROAD,201443398,13/09/2014,Sat,620,LB,TE1C,303B 322B ,,R,W,O ,F ,M,T,C,50,0,0,0,,,1760416,5911816
Auckland,NEILSON ST,150,S, ,CHURCH ST,201432837,05/02/2014,Wed,1010,EA,TN1V,129A ,M,R,D,B ,F , , ,C,50,0,0,0,,,1761448,5912318
Auckland,NEILSON ST,200,S, ,CHURCH ST,201448722,03/12/2014,Wed,1258,JA,TS1C,302B 927 ,,R,D,B ,F ,D,G,C,50,0,0,0,,,1761424,5912273
Auckland,NEILSON ST,300,S, ,CHURCH ST,201430922,18/02/2014,Tue,1120,FD,VS1CT,331A 352A ,,R,D,BF,F , ,N,C,50,0,0,0,,,1761377,5912185
Auckland,NEILSON ST,350,S, ,CHURCH ST,201410360,23/01/2014,Thu,1735,AA,VN1M,372A ,,R,D,BF,F , ,N,C,50,0,0,1,,,1761354,5912141
Auckland,NEILSON ST,450,S, ,CHURCH ST,201437516,22/05/2014,Thu,1009,KB,CN1T,386B 927 ,,E,D,B ,F ,D,N,P,50,0,0,0,,,1761303,5912055
Auckland,NEILSON ST,, ,I,CHURCH ST,201449513,07/11/2014,Fri,739,FE,VS1T,330B 420B ,,E,D,O ,F ,X,T,C,50,0,0,0,,,1761518,5912450
Auckland,NEILSON ST,150,E, ,EDINBURGH ST,201431175,07/03/2014,Fri,2315,AC,CN1C,150A 386A ,,R,D,DO,F , ,N,C,50,0,0,0,,,1761192,5911915
Auckland,NEILSON ST,100,E, ,GALWAY ST,201439559,20/06/2014,Fri,1415,AA,CE1C,372A ,,R,D,B ,F , , ,R,50,0,0,0,,,1759362,5911772
Auckland,NEILSON ST,, ,I,GLOUCESTER PARK ROAD,201412049,29/01/2014,Wed,908,HA,CS1C,322B 334B ,,R,D,O ,F ,M,T,P,50,0,0,1,,,1758766,5911767
Auckland,NEILSON ST,50,W, ,ONEHUNGA MALL,201445370,15/09/2014,Mon,950,AC,TW1CV,372A ,MPS,R,D,B ,F , , ,P,50,0,0,0,,,1759008,5911791
Auckland,NEILSON ST,10,W, ,ONEHUNGA ON SBD,201436336,04/03/2014,Tue,759,FE,TW1CC,181A ,,E,D,BF,F ,X,T,C,50,0,0,0,,,1758776,5911770
Auckland,NEILSON ST,, ,A,RAILFREIGHT ENT,201446500,14/10/2014,Tue,1315,JA,CS1T,302B 308B 927 ,,R,D,B ,F ,D,G,C,50,0,0,0,,,1761337,5912110
Auckland,NEILSON ST,10,E, ,SELWYN ST,201435048,05/04/2014,Sat,1630,AC,CW1C,372A ,,R,D,B ,F ,X,G,C,50,0,0,0,,,1758866,5911780
Auckland,NEILSON ST,, ,I,SELWYN ST,201443915,22/10/2014,Wed,1005,KB,CW1CC,322A ,,R,D,BF,F ,X,T,C,50,0,0,0,,,1758856,5911779
Auckland,NEILSON ST,120,W, ,VICTORIA ST,201435909,16/04/2014,Wed,1745,FD,4W1C,181A ,,R,D,OF,F , ,N,C,50,0,0,0,,,1759537,5911786
Auckland,NEILSON ST,, ,I,VICTORIA ST,201414630,01/07/2014,Tue,1145,JA,CE1V,302B 377B ,,R,W,O ,F ,X,G,R,50,0,0,2,,,1759657,5911796