TLANAME,CRASHROAD,CRASHDIST,CRASHDIRN,INTSN,SIDEROAD,CRASHID,CRASHDATE,CRASHDOW,CRASHTIME,MVMT,VEHICLES,CAUSES,OBJECTSSTRUCK,ROADCURVE,ROADWET,LIGHT,WTHRa,JUNCTYPE,TRAFCTRL,ROADMARK,SPDLIM,CRASHFATALCNT,CRASHSEVCNT,CRASHMINCNT,PERSAGE1,PERSAGE2,EASTING,NORTHING
Auckland,NELSON OFF NBD,, ,I,UNION ST,201439006,13/04/2014,Sun,1908,JA,CE2C,323B 351B ,,R,D,DO,F ,X,T,C,50,0,0,0,,,1756679,5919909
Auckland,NELSON OFF NBD,50,S, ,UNION ST E,201449121,13/08/2014,Wed,437,DB,CN1,102A 131A ,G,E,W,DO,F , ,N,N,50,0,0,0,,,1756660,5919862
Auckland,NELSON ST,10,N, ,COOK ST,201431557,09/01/2014,Thu,1022,AO,TN1C,129A ,,R,W,O ,F ,X,T, ,50,0,0,0,,,1756777,5920194
Auckland,NELSON ST,20,S, ,COOK ST,201444623,09/09/2014,Tue,1733,FD,CN1CC,181A 330A ,,R,D,O ,F ,M,T,L,50,0,0,0,,,1756767,5920166
Auckland,NELSON ST,, ,I,COOK ST,201439257,11/06/2014,Wed,1523,MG,CW2C,371B ,,R,D,B ,F ,X,T,C,50,0,0,0,,,1756774,5920184
Auckland,NELSON ST,, ,I,FANSHAWE ST,201431571,17/01/2014,Fri,1705,AO,4N1C,129A ,,M,D,B ,F ,X,T,C,50,0,0,0,,,1757012,5920810
Auckland,NELSON ST,, ,I,GORST LANE,201411053,21/01/2014,Tue,1247,GD,CN1C,112A 333A ,,R,D,B ,F ,T,N,C,50,0,0,1,,,1756977,5920714
Auckland,NELSON ST,, ,I,JOHN ST,201435621,14/04/2014,Mon,1656,HA,TN2V,301A 370A ,,R,D,O ,F ,X,S,R,50,0,0,0,,,1769089,5880074
Auckland,NELSON ST,20,E, ,RIDGE ROAD,201436425,29/04/2014,Tue,730,MO,CW1C,129A 922 ,,E,D,BF,F ,D,N,C,50,0,0,0,,,1771302,5914952
Auckland,NELSON ST,80,N, ,UNION ST,201436061,01/06/2014,Sun,1400,KB,CN1C,308B 375B 929 ,,R,D,BF,F ,D,N,N,50,0,0,0,,,1756698,5919985
Auckland,NELSON ST,, ,I,UNION ST,201410590,09/02/2014,Sun,2337,HA,CN1C,322B ,,R,D,DO,F ,X,T,C,50,0,0,1,,,1756679,5919909
Auckland,NELSON ST,, ,I,UNION ST,201434692,24/03/2014,Mon,1451,GF,4W24,103A 381A ,,R,D,BF,F ,X,T,R,50,0,0,0,,,1756679,5919909
Auckland,NELSON ST,10,N, ,VALENTINES LANE,201441370,03/08/2014,Sun,505,MO,TS1C,103A 371A 517A 801 ,M,R,W,DO,L ,T,N,C,50,0,0,0,,,1756885,5920473
Auckland,NELSON ST,100,S, ,WELLESLEY ST WEST,201431308,01/03/2014,Sat,1130,EA,CN1B,129A 385A ,Q,R,D,OF,F , ,N,N,50,0,0,0,,,1756817,5920296
Auckland,NELSON ST,, ,I,WELLESLEY ST WEST,201433196,21/03/2014,Fri,900,GF,CN1V,129A ,,E,D,O ,F ,X,T,N,50,0,0,0,,,1756853,5920389
Auckland,NELSON ST,, ,I,WELLESLEY ST WEST,201430438,15/01/2014,Wed,602,HA,CE2V,322A 334A ,,R,D,O ,F ,X,T,C,50,0,0,0,,,1756853,5920389
Auckland,NELSON ST,, ,I,WYNDHAM ST,201448464,25/11/2014,Tue,1554,AA,CN1B,352A 372A ,,R,D,OF,F ,T,T,N,50,0,0,0,,,1756998,5920769
Auckland,NESDALE AVENUE,30,N, ,CAVENDISH DRIVE,201415294,30/07/2014,Wed,620,EC,CS1,341A 410A ,X,R,W,OF,L , ,N,C,50,0,0,2,,,1765273,5904202
Auckland,NETA GROVE,10,N, ,STATESMAN ST,201417514,15/11/2014,Sat,1536,NA,CN1E,712B 713B 727B ,,E,W,OF,L ,T,S,C,50,0,1,0,8,,1744246,5917894
Auckland,NETHERTON ST,20,E, ,ROSEVILLE ST,201439625,18/06/2014,Wed,2344,DA,CW1,103A 111A 131A ,T,M,W,DO,L , , ,N,50,0,0,0,,,1753080,5914332
Auckland,NEW NORTH ROAD,20,W, ,ACE PLACE,201415282,31/07/2014,Thu,1620,CB,PW1,129A ,P,R,D,BF,F , ,N,C,50,0,1,0,,,1756200,5918287
Auckland,NEW NORTH ROAD,80,E, ,ALBERTON AVENUE,201418255,14/12/2014,Sun,1416,LB,CW1C,303B 930 ,,R,D,O ,F ,D,N,C,50,0,0,2,,,1753899,5917121
Auckland,NEW NORTH ROAD,, ,I,ALBERTON AVENUE,201430780,22/01/2014,Wed,1510,JA,CW1C,301B 353B 377B ,,R,D,OF,F ,T,S,P,50,0,0,0,,,1753837,5917071
Auckland,NEW NORTH ROAD,, ,I,ALBERTON AVENUE,201417352,19/11/2014,Wed,1830,JA,CS1C,301B 370B 401B ,,R,D,O ,F ,T,S,P,50,0,0,1,,,1753837,5917071
Auckland,NEW NORTH ROAD,, ,I,ALEXIS AVENUE,201413811,27/05/2014,Tue,827,NF,4S2E,370A 711B ,,E,D,B ,F ,T,S,P,50,0,0,1,15,,1753271,5916833
Auckland,NEW NORTH ROAD,200,E, ,ASQUITH AVENUE,201440764,20/05/2014,Tue,1535,FD,CW1CC,331A 181B 902 ,,R,D,B ,F , , ,C,50,0,0,0,,,1753255,5916831
Auckland,NEW NORTH ROAD,10,W, ,ASQUITH AVENUE,201417258,28/10/2014,Tue,545,AC,CN1M,330A 372A 801 ,,M,W,DO,L ,T,S,C,50,0,1,0,,,1753055,5916781
Auckland,NEW NORTH ROAD,, ,I,ASQUITH AVENUE,201436153,15/04/2014,Tue,1226,JA,CE1C,301B ,,M,D,O ,F ,T,S,C,50,0,0,0,,,1753062,5916788
Auckland,NEW NORTH ROAD,, ,I,ASQUITH AVENUE,201412587,11/04/2014,Fri,1510,JA,BN1C,301B 370B ,,M,D,B ,F ,T,S,C,50,0,1,0,,,1753062,5916788
Auckland,NEW NORTH ROAD,10,W, ,BASQUE ROAD,201431939,17/03/2014,Mon,1530,FF,CE1S,181A 357A 357B ,,R,D,BF,F ,T,G,C,50,0,0,0,,,1756899,5918616
Auckland,NEW NORTH ROAD,, ,I,BASQUE ROAD,201438830,11/07/2014,Fri,1014,LB,CN1C,314B 377B ,,R,D,OF,F ,X,G,C,50,0,0,0,,,1756906,5918623
Auckland,NEW NORTH ROAD,, ,I,BASQUE ROAD,201414757,17/07/2014,Thu,900,LB,CN14,303B 377B 404B ,,R,D,B ,F ,T,S,C,50,0,0,1,,,1756906,5918623
Auckland,NEW NORTH ROAD,30,E, ,BLOCKHOUSE BAY ROAD,201413929,13/06/2014,Fri,1750,GB,SS1C,370B 929 ,,R,D,DO,F ,D,N,C,50,0,0,1,,20,1751594,5915254
Auckland,NEW NORTH ROAD,300,E, ,BLOCKHOUSE BAY ROAD,201450088,22/12/2014,Mon,1712,MD,CN1C,308B 357B 371B 929 ,,R,D,B ,F ,D,N,C,50,0,0,0,,,1751829,5915381
Auckland,NEW NORTH ROAD,, ,I,BLOCKHOUSE BAY ROAD,201437046,15/05/2014,Thu,2245,HA,CS2C,334A 334B ,,R,D,DO,F ,M,T,C,50,0,0,0,,,1751565,5915247
Auckland,NEW NORTH ROAD,, ,I,BOLLARD AVENUE,201412297,15/04/2014,Tue,1856,JA,PS1C,301B 375B ,,R,D,DO,F ,T,S,C,50,0,0,1,,,1751925,5915485
Auckland,NEW NORTH ROAD,, ,I,BOLLARD AVENUE,201415634,29/08/2014,Fri,955,JA,VS14,301B 375B ,,R,D,B ,F ,X,S,C,50,0,0,1,,,1751925,5915485
Auckland,NEW NORTH ROAD,, ,I,BOLLARD AVENUE,201438827,12/07/2014,Sat,830,JA,CS1V,301B 353B 375B ,,R,W,OF,L ,T,S,C,50,0,0,0,,,1751925,5915485
Auckland,NEW NORTH ROAD,80,E, ,BOND ST,201435216,15/04/2014,Tue,1757,KC,CW1C,315B 922 ,,R,D,B ,F ,D,N,P,50,0,0,0,,,1755777,5917994
Auckland,NEW NORTH ROAD,50,W, ,BOND ST,201416030,13/08/2014,Wed,900,LB,PE1C,303B 314B 929 ,,R,D,O ,F ,D,N,N,50,0,0,1,,,1755668,5917938
Auckland,NEW NORTH ROAD,, ,I,BOND ST,201450203,30/12/2014,Tue,2000,AA,VE1C,184A 372A ,,R,D,BF,F ,X,T,N,50,0,0,0,,,1755717,5917946
Auckland,NEW NORTH ROAD,, ,I,BURCH ST,201413533,18/06/2014,Wed,1209,KB,MW1C,301B ,,R,D,B ,F ,T,S,N,50,0,0,1,,,1753606,5916959
Auckland,NEW NORTH ROAD,, ,I,BURCH ST,201413244,12/05/2014,Mon,1807,LB,SE1C,303B 375B ,,R,D,DN,F ,T,S,C,50,0,0,1,,25,1753606,5916959
Auckland,NEW NORTH ROAD,50,W, ,CARRINGTON ROAD,201412238,26/04/2014,Sat,1538,AC,CE1M,372A 386A ,,R,D,O ,F , ,N,C,50,0,0,1,,,1752847,5916574
Auckland,NEW NORTH ROAD,, ,I,CARRINGTON ROAD,201414410,07/07/2014,Mon,1215,HA,CS1C,322B ,,R,W,OF,L ,X,T,C,50,0,0,1,,,1752880,5916612
Auckland,NEW NORTH ROAD,, ,I,CARRINGTON ROAD,201438389,04/05/2014,Sun,745,HA,CS2C,322B 334B ,,R,D,B ,F ,X,T,C,50,0,0,0,,,1752880,5916612
Auckland,NEW NORTH ROAD,50,W, ,CENTRAL ROAD,201435795,10/05/2014,Sat,920,FE,CE1C,331A ,,R,D,B ,F , ,T,X,50,0,0,0,,,1755497,5917899
Auckland,NEW NORTH ROAD,, ,I,EXMOUTH ST,201441410,19/07/2014,Sat,1515,HA,CE1C,322B 334B ,,R,W,O ,F ,T,T,C,50,0,0,0,,,1756741,5918553
Auckland,NEW NORTH ROAD,, ,I,EXMOUTH ST,201434285,23/02/2014,Sun,1424,JA,CE1C,322A 334A ,,E,D,B ,F ,T,T,C,50,0,0,0,,,1756741,5918553
Auckland,NEW NORTH ROAD,30,W, ,GEORGE ST,201433226,06/03/2014,Thu,821,CB,CW1,129A 363A ,X,R,D,BF,F , ,N,P,50,0,0,0,,,1755997,5918220
Auckland,NEW NORTH ROAD,, ,I,GEORGE ST,201416750,09/10/2014,Thu,1730,LB,MW1C,209A 303B 314B ,,R,D,O ,F ,T,S,C,50,0,0,1,,,1756025,5918231
Auckland,NEW NORTH ROAD,20,E, ,HENDON AVENUE,201437340,28/05/2014,Wed,728,BA,CS1C,125A 410A ,,R,D,OF,M , ,N,C,50,0,0,0,,,1752021,5915595
Auckland,NEW NORTH ROAD,80,S, ,HENDON AVENUE,201439766,28/06/2014,Sat,1051,FA,CS1T,101A 181A 331A ,,R,W,OF,F , , ,C,50,0,0,0,,,1751956,5915520
Auckland,NEW NORTH ROAD,, ,I,HENDON AVENUE,201447832,07/10/2014,Tue,1432,FE,CN1X,330A 385A ,,R,D,BF,F ,T,T,C,50,0,0,0,,,1752008,5915580
Auckland,NEW NORTH ROAD,200,W, ,INWOOD ST,201445071,18/10/2014,Sat,1659,MA,ME1C,373B ,,R,W,O ,F , ,N,P,50,0,0,0,,,1754559,5917579
Auckland,NEW NORTH ROAD,20,E, ,KING ST,201414286,11/08/2014,Mon,1725,LB,MW14,303B 375B 926 ,,E,D,O ,F ,D,N,C,50,0,0,1,,,1755926,5918180
Auckland,NEW NORTH ROAD,20,W, ,KINGSLAND AVENUE,201446600,13/10/2014,Mon,935,MC,CW1C,372B 378B 831 ,,E,D,O ,F , , ,C,50,0,0,0,,,1755165,5917789
Auckland,NEW NORTH ROAD,150,W, ,KINGSLAND AVENUE,201443354,06/09/2014,Sat,2239,GD,CW1CCC,103A 112A 929 ,KM,R,D,DO,F ,D,N,C,50,0,0,0,,,1755040,5917759
Auckland,NEW NORTH ROAD,, ,I,KITENUI AVENUE,201443552,22/08/2014,Fri,1255,KA,CW1C,301B 375B ,,R,D,BF,F ,X,S,C,50,0,0,0,,,1753764,5917022
Auckland,NEW NORTH ROAD,, ,I,KORARI ST,201430934,17/02/2014,Mon,1650,AC,CW1CB,381A ,,R, , F,  ,T,G,C,50,0,0,0,,,1756761,5918553
Auckland,NEW NORTH ROAD,, ,I,LLOYD AVENUE,201440648,18/07/2014,Fri,1725,LB,CS1C,303B 377B 404B ,,R,D,DO,F ,X,G,C,50,0,0,0,,,1753036,5916759
Auckland,NEW NORTH ROAD,30,S, ,MAYBECK ROAD,201442710,16/09/2014,Tue,2230,EA,CN1C,129A ,M,R,D,DO,F , ,N,C,50,0,0,0,,,1753417,5916883
Auckland,NEW NORTH ROAD,300,N, ,MCLEAN ST,201444880,14/11/2014,Fri,730,LB,CN1C,303B 377B 929 ,,R,D,BF,L ,D,N,P,50,0,0,0,,,1752685,5916382
Auckland,NEW NORTH ROAD,15,E, ,MORNINGSIDE DRIVE,201449559,17/12/2014,Wed,1835,AA,VW1B,110A 159A ,,R,D,O ,F , , ,C,50,0,0,0,,,1754791,5917722
Auckland,NEW NORTH ROAD,20,E, ,MORNINGSIDE DRIVE,201441988,08/08/2014,Fri,1940,MO,CW1C,371A 801 ,M,R,W,DO,L , , ,L,50,0,0,0,,,1754796,5917723
Auckland,NEW NORTH ROAD,50,E, ,MORNINGSIDE DRIVE,201442587,09/09/2014,Tue,200,DA,CE1C,111A 131A 514A ,MP,M,D,DO,F , ,N,P,50,0,0,0,,,1754825,5917728
Auckland,NEW NORTH ROAD,40,W, ,MORNINGSIDE DRIVE,201448494,23/11/2014,Sun,950,MC,PE1C,372B ,,R,W, F,L , ,N,C,50,0,0,0,,,1754737,5917711
Auckland,NEW NORTH ROAD,, ,I,MORNINGSIDE DRIVE,201435225,17/01/2014,Fri,910,FE,CE1C,181A ,,M,W,O ,L ,T,T,C,100,0,0,0,,,1754776,5917720
Auckland,NEW NORTH ROAD,30,E, ,MOUNT ALBERT ROAD,201444868,11/11/2014,Tue,2015,MC,PW1C,372B 375B ,,R,W,DO,HS, ,N,C,50,0,0,0,,,1752905,5916629
Auckland,NEW NORTH ROAD,15,N, ,MOUNT ALBERT ROAD,201410501,10/01/2014,Fri,910,BO,CN1C,197A ,,E,D,BF,F ,X,T,C,50,0,0,2,,,1752892,5916621
Auckland,NEW NORTH ROAD,5,S, ,MOUNT ALBERT ROAD,201446144,17/10/2014,Fri,2100,AC,CN1C,372A 801 ,,R,W,DO,L ,X,T,C,50,0,0,0,,,1752876,5916608
Auckland,NEW NORTH ROAD,150,S, ,MOUNT ALBERT ROAD,201417798,12/12/2014,Fri,1620,MA,SS1C,330B 372B ,,R,D,O ,F , ,N,C,80,0,0,1,,24,1752783,5916498
Auckland,NEW NORTH ROAD,180,S, ,MOUNT ALBERT ROAD,201430465,19/01/2014,Sun,1300,KA,TS1C,308B 375B 930 ,,R,D,B ,F ,D,N,C,50,0,0,0,,,1752763,5916475
Auckland,NEW NORTH ROAD,250,S, ,MOUNT ALBERT ROAD,201418555,08/11/2014,Sat,1445,LB,SN1C,303B 925 ,,R,D,BF,F ,D,N,P,50,0,0,1,,31,1752718,5916422
Auckland,NEW NORTH ROAD,5,W, ,MOUNT ALBERT ROAD,201441114,05/08/2014,Tue,1530,FC,TS1C,331A ,,R,D,BF,F ,X,T,C,50,0,0,0,,,1752876,5916608
Auckland,NEW NORTH ROAD,30,W, ,MOUNT ALBERT ROAD,201431936,15/03/2014,Sat,1140,JA,CE1C,308B 375B 926 ,,R,W,OF,L ,D,N,P,50,0,0,0,,,1752860,5916589
Auckland,NEW NORTH ROAD,20,W, ,MOUNT EDEN ROAD,201416020,16/09/2014,Tue,1311,CB,CS1,130A 504A ,T,R,D,B ,F ,T,N,C,50,0,0,1,,,1756921,5918637
Auckland,NEW NORTH ROAD,, ,I,NEW BOND ST,201442915,23/08/2014,Sat,2135,ND,CS1E,370A 427A 710B ,,E,D,DO,F ,T,G,C,50,0,0,0,,,1755852,5918103
Auckland,NEW NORTH ROAD,, ,I,PORTERS AVENUE,201418484,01/11/2014,Sat,1700,JA,CW1C,301B 387B ,,R,D,B ,F ,T,S,R,50,0,0,1,,,1756486,5918371
Auckland,NEW NORTH ROAD,, ,I,RENDALL PLACE,201415278,13/08/2014,Wed,745,JA,PE1C,301B 377B ,,E,W,BF,L ,X,S,C,50,0,0,1,,,1756681,5918531
Auckland,NEW NORTH ROAD,30,S, ,RICHARDSON ROAD,201445894,09/10/2014,Thu,1240,MB,CS1C,303A 370A ,,R,D,B ,F , , ,P,50,0,0,0,,,1752385,5916027
Auckland,NEW NORTH ROAD,100,S, ,RICHARDSON ROAD,201444393,24/09/2014,Wed,1000,JA,CN1C,151A 314B 377B 927 ,,R,D,B ,F ,D, ,P,50,0,0,0,,,1752339,5915975
Auckland,NEW NORTH ROAD,240,S, ,RICHARDSON ROAD,201439487,11/05/2014,Sun,1856,MB,CS1C,372B 382B ,,E,D,DO,F , ,N,R,50,0,0,0,,,1752246,5915870
Auckland,NEW NORTH ROAD,300,S, ,RICHARDSON ROAD,201445439,17/09/2014,Wed,806,AA,CN1C,372A ,,R,D,O ,F , , ,P,50,0,0,0,,,1752207,5915824
Auckland,NEW NORTH ROAD,80,W, ,RICHARDSON ROAD,201449147,29/11/2014,Sat,1240,MG,CW1C,420B ,,R,D,BF,F , ,N,P,50,0,0,0,,,1752352,5915990
Auckland,NEW NORTH ROAD,150,W, ,RICHARDSON ROAD,201443475,18/09/2014,Thu,1850,AA,4N1C,372A 381A ,,R,D,DO,F , ,N,P,50,0,0,0,,,1752306,5915937
Auckland,NEW NORTH ROAD,50,N, ,ROCKY NOOK AVENUE,201437217,03/05/2014,Sat,502,DA,CN1C,111A 131A ,M,E,W,DO,L , ,N,P,50,0,0,0,,,1754414,5917531
Auckland,NEW NORTH ROAD,50,S, ,ROCKY NOOK AVENUE,201449074,27/11/2014,Thu,1755,FD,CS1C,331A 352A ,,R,D,BF,F , ,N,C,50,0,0,0,,,1754335,5917471
Auckland,NEW NORTH ROAD,15,W, ,SANDRINGHAM ROAD,201438582,26/06/2014,Thu,900,AA,BN1C,372A ,,R,W,O ,F , , ,C,50,0,0,0,,,1755702,5917944
Auckland,NEW NORTH ROAD,, ,I,SANDRINGHAM ROAD,201410981,11/03/2014,Tue,2200,AO,CW1S,183A ,,E,D,DO,F ,X,T,C,50,0,1,0,,,1755717,5917946
Auckland,NEW NORTH ROAD,, ,I,SELCOURT ROAD,201417521,12/11/2014,Wed,745,JA,CE1V,375B ,,R,W,BF,L ,T,N,P,50,0,0,2,,,1753905,5917125
Auckland,NEW NORTH ROAD,120,S, ,SOLJAK PLACE,201415779,19/09/2014,Fri,1753,JA,MN1C,308B 378B 839 930 ,,R,D,OF,F ,D,N,C,50,0,0,1,,,1751846,5915394
Auckland,NEW NORTH ROAD,, ,I,SOLJAK PLACE,201436055,14/05/2014,Wed,1745,JC,VW1C,308A 371A 929 ,,R,D,DO,F ,D,G,C,50,0,0,0,,,1751925,5915485
Auckland,NEW NORTH ROAD,, ,I,ST JUDE ST,201410606,16/02/2014,Sun,959,LB,CW1C,101B 303B ,,R,D,B ,F ,M,T,C,50,0,0,1,,,1751565,5915247
Auckland,NEW NORTH ROAD,200,W, ,ST LUKES ROAD,201440941,27/07/2014,Sun,1520,KB,CE1C,308B 353B 375B 927 ,,R,D,OF,F ,D,N,C,50,0,0,0,,,1753854,5917085
Auckland,NEW NORTH ROAD,, ,I,ST LUKES ROAD,201413105,21/04/2014,Mon,2355,CA,CN2,103A 130A 423A 801 ,P,R,W,DO,L ,X,T,P,50,0,0,1,,,1754009,5917211
Auckland,NEW NORTH ROAD,, ,I,ST LUKES ROAD,201442236,28/07/2014,Mon,832,FE,CN1C,181A 331A ,,R,D,O ,F ,X,T,C,50,0,0,0,,,1754009,5917211
Auckland,NEW NORTH ROAD,, ,I,ST LUKES ROAD,201412933,17/05/2014,Sat,2330,FE,CE1C,331A ,,R,D,DO,F ,X,T,C,70,0,0,1,,,1754009,5917211
Auckland,NEW NORTH ROAD,60,N, ,STORMONT PLACE,201435064,25/02/2014,Tue,1609,JA,CS1V,308B 375B 922 ,,R,D,B ,F ,D,N,C,50,0,0,0,,,1755813,5918046
Auckland,NEW NORTH ROAD,, ,I,STORMONT PLACE,201433796,12/03/2014,Wed,1335,JA,CS1C,301B 387B ,,R,D,B ,F ,T,S,C,50,0,0,0,,,1755779,5917996
Auckland,NEW NORTH ROAD,15,W, ,VIRGINIA AVENUE,201440942,05/08/2014,Tue,1845,JA,VW1C,308B 404B 927 ,,R,D,DO,F ,D,N,R,50,0,0,0,,,1756562,5918427
Auckland,NEW NORTH ROAD,, ,I,VIRGINIA AVENUE,201415630,15/08/2014,Fri,713,LB,ME1C,303B 375B ,,E,W,O ,LS,T,N,P,50,0,0,1,,,1756573,5918436
Auckland,NEW NORTH ROAD,10,E, ,WAIRERE AVENUE,201438748,27/04/2014,Sun,1753,FC,CE1C,181A ,,R,D,BF,F ,T,N,X,50,0,0,0,,,1753773,5917026
Auckland,NEW NORTH ROAD,5,W, ,WAIRERE AVENUE,201418472,20/12/2014,Sat,855,FD,CE1C,181A 331A ,,R,D,O ,F ,X,S,R,50,0,0,1,,,1753759,5917020
Auckland,NEW NORTH ROAD,40,W, ,WAIRERE AVENUE,201437540,05/06/2014,Thu,840,AA,CW1C,372A ,,R,D,B ,F , , ,N,50,0,0,0,,,1753727,5917007
Auckland,NEW NORTH ROAD,, ,I,WAIRERE AVENUE,201449490,28/11/2014,Fri,1611,CA,CE1CC,410A ,,R,D,B ,F ,X,S,C,50,0,0,0,,,1753764,5917022
Auckland,NEW NORTH ROAD,30,E, ,WOODWARD ROAD,201416572,20/09/2014,Sat,1520,FD,CW1C,181A ,,R,D,OF,F , ,N,C,50,0,0,2,,,1752422,5916075
Auckland,NEW NORTH ROAD,80,S, ,WOODWARD ROAD,201437870,29/04/2014,Tue,1910,FD,CN1CC,181A 330A ,,R,D,DO,F , ,N,C,50,0,0,0,,,1752352,5915990
Auckland,NEW NORTH ROAD,, ,I,WOODWARD ROAD,201435208,20/04/2014,Sun,9,HA,CS2C,103B 322B ,,R,W,DO,L ,X,T,P,50,0,0,0,,,1752402,5916052
Auckland,NEW WINDSOR ROAD,20,S, ,BATKIN ROAD,201436432,23/04/2014,Wed,830,EA,CN1C,129A ,M,R,D,BF,F , ,N,C,50,0,0,0,,,1752379,5914433
Auckland,NEW WINDSOR ROAD,15,E, ,BENTLEIGH AVENUE,201446026,08/10/2014,Wed,1120,EE,VE1C,374B ,M,R,D,O ,F , , ,C,50,0,0,0,,,1752022,5914688
Auckland,NEW WINDSOR ROAD,, ,A,BOUNDARY ROAD,201450198,14/12/2014,Sun,1747,DB,CN1,103A 111A 131A 801 ,HK,M,W,O ,L , , ,C,50,0,0,0,,,1752965,5913585
Auckland,NEW WINDSOR ROAD,, ,I,BOUNDARY ROAD,201433584,16/03/2014,Sun,2110,DB,CN1,103A 111A 131A ,K,M,W,DO,L ,M,N,C,50,0,0,0,,,1752966,5913584
Auckland,NEW WINDSOR ROAD,10,N, ,BRYDON PLACE,201446028,19/08/2014,Tue,1554,DA,VE1,108A 501A 901 ,FT,M,W,O ,H ,T,G,C,50,0,0,0,,,1752222,5914648
Auckland,NEW WINDSOR ROAD,30,S, ,BRYDON PLACE,201449873,24/12/2014,Wed,813,DA,CS1,131A ,F,E,W,OF,L , ,N,C,50,0,0,0,,,1752246,5914616
Auckland,NEW WINDSOR ROAD,, ,I,BRYDON PLACE,201435343,06/05/2014,Tue,101,DB,CN1,410A ,P,M,W,DO,L ,T,G,C,50,0,0,0,,,1752228,5914641
Auckland,NEW WINDSOR ROAD,, ,I,BRYDON PLACE,201434801,19/03/2014,Wed,4,DA,CS1,103A 131A ,F,M,D,DO,F ,T,G,C,50,0,0,0,,,1752228,5914641
Auckland,NEW WINDSOR ROAD,10,S, ,DALLAS PLACE,201415390,10/08/2014,Sun,800,DB,CN1V,103A 111A ,M,M,D,B ,F ,T,N,C,50,0,0,1,,,1752934,5913651
Auckland,NEW WINDSOR ROAD,20,S, ,DICKEY ST,201433212,19/02/2014,Wed,308,CA,CN1,103A 929 ,V,R,D,DO,F ,D,N,C,50,0,0,0,,,1752556,5914189
Auckland,NEW WINDSOR ROAD,80,S, ,DICKEY ST,201444666,03/10/2014,Fri,1750,AA,CN1T,372A 381A ,,R,D,O ,F , ,N,C,50,0,0,0,,,1752592,5914141
Auckland,NEW WINDSOR ROAD,80,N, ,MAIORO ST,201445405,23/09/2014,Tue,1455,AC,CN1C,372A ,,E,D,B ,F , , ,C,50,0,0,0,,,1752605,5914123
Auckland,NEW WINDSOR ROAD,10,S, ,MAIORO ST,201443082,01/09/2014,Mon,1550,MO,CN1C,330B 371B 801 ,,R,W,O ,L ,T,T,C,50,0,0,0,,,1752660,5914051
Auckland,NEW WINDSOR ROAD,50,S, ,MAIORO ST,201441109,30/07/2014,Wed,1940,MO,CN1C,330A ,,R,D,DO,F , ,N,C,50,0,0,0,,,1752685,5914020
Auckland,NEW WINDSOR ROAD,200,W, ,TIVERTON ROAD,201442667,23/04/2014,Wed,829,CB,CW1C,358A ,M,R,W,BF,F , ,N,C,50,0,0,0,,,1752395,5914411
Auckland,NEW WINDSOR ROAD,, ,I,WHITNEY ST,201449072,12/12/2014,Fri,1526,JA,CW1C,301B 375B ,,R,D,OF,F ,T,S,C,50,0,0,0,,,1752151,5914661
Auckland,NEWBURY ST,, ,I,EAST TAMAKI ROAD,201442701,06/09/2014,Sat,710,LB,CE2C4,322A ,,R,D,BF,F ,T,T,C,60,0,0,0,,,1766628,5907643
Auckland,NEWHOOK LANE,, ,I,HALVER ROAD,201448007,30/10/2014,Thu,930,MF,CN1C,377A 371B 377B 839 ,,R,D,O ,F ,T,G,C,50,0,0,0,,,1768844,5900995
Auckland,NEWTON OFF EBD,, ,I,NEWTON ROAD,201447148,31/10/2014,Fri,1130,FB,CE1C,181A 331A ,,E,D,O ,F ,T,G,C,50,0,0,0,,,1756324,5919106
Auckland,NEWTON ON WBD,100,S, ,NEWTON ROAD,201440508,14/07/2014,Mon,1650,FD,CS1C,331A ,,R,D,O ,F , , ,C,80,0,0,0,,,1756336,5918880
Auckland,NEWTON ROAD,, ,I,ABBEY ST,201414447,18/06/2014,Wed,1840,LB,MS1C,303B 375B ,,R,D,DO,F ,T,G,P,50,0,1,0,,,1756268,5919214
Auckland,NEWTON ROAD,20,E, ,DIAMOND ST,201448384,17/12/2014,Wed,1800,FD,CW1C,110A 181A ,,R,W,TF,F , ,N,C,50,0,0,0,,,1756723,5918864
Auckland,NEWTON ROAD,, ,I,DIAMOND ST,201413765,06/06/2014,Fri,1640,JA,CW1C,302B 314B 377B ,,R,D,OF,F ,T,G,C,50,0,0,2,,,1756703,5918869
Auckland,NEWTON ROAD,, ,I,DUNDONALD ST,201431834,03/02/2014,Mon,1618,JA,CW1C,301B 377B ,,R,D,BF,F ,T,S,C,50,0,0,0,,,1756895,5918811
Auckland,NEWTON ROAD,, ,I,EXMOUTH ST,201448408,23/11/2014,Sun,1013,JA,CW1C,302B 387B ,,R,D,BF,F ,T,G,C,50,0,0,0,,,1756821,5918835
Auckland,NEWTON ROAD,, ,I,EXMOUTH ST,201435405,12/04/2014,Sat,1220,JA,MW1C,302B 375B ,,R,D,BF,F ,T,G,C,50,0,0,0,,,1756821,5918835
Auckland,NEWTON ROAD,, ,I,FLEET ST,201440977,01/08/2014,Fri,1443,HA,CN2C,302A 375A ,,R,D,BF,F ,X,G,C,50,0,0,0,,,1756583,5918905
Auckland,NEWTON ROAD,, ,I,FLEET ST,201440699,07/07/2014,Mon,1313,KB,CE1C,303B 375B 402B ,,R,W,O ,L ,X,G,C,50,0,0,0,,,1756583,5918905
Auckland,NEWTON ROAD,, ,I,FRANCE ST SOUTH,201441746,06/08/2014,Wed,810,JA,CE1C,302B ,,R,D,B ,F ,T,G,C,50,0,0,0,,,1756652,5918885
Auckland,NEWTON ROAD,10,S, ,GREAT NORTH ROAD,201441009,25/07/2014,Fri,2305,AC,4N1C,372A ,,R,W,DO,L ,X,T,P,50,0,0,0,,,1756251,5919249
Auckland,NEWTON ROAD,, ,I,GREAT NORTH ROAD,201436560,17/05/2014,Sat,845,JA,CN1C,322B ,,E,D,O ,F ,X,T,C,50,0,0,0,,,1756247,5919258
Auckland,NEWTON ROAD,, ,I,KARANGAHAPE ROAD,201415026,29/07/2014,Tue,2115,FE,CN1C,181A ,,R,D,DO,F ,X,T,P,50,0,0,1,,,1756247,5919258
Auckland,NEWTON ROAD,, ,I,NEWTON OFF EBD,201436214,16/04/2014,Wed,1930,JA,CN1CC,322A ,,R,D,DO,F ,T,T,C,50,0,0,0,,,1756343,5919069