TLANAME,CRASHROAD,CRASHDIST,CRASHDIRN,INTSN,SIDEROAD,CRASHID,CRASHDATE,CRASHDOW,CRASHTIME,MVMT,VEHICLES,CAUSES,OBJECTSSTRUCK,ROADCURVE,ROADWET,LIGHT,WTHRa,JUNCTYPE,TRAFCTRL,ROADMARK,SPDLIM,CRASHFATALCNT,CRASHSEVCNT,CRASHMINCNT,PERSAGE1,PERSAGE2,EASTING,NORTHING
Auckland,NEWTON ROAD,, ,I,NEWTON OFF EBD,201443733,30/08/2014,Sat,1425,JA,CW1C,302B 357B ,,R,W,O ,H ,T,G,R,50,0,0,0,,,1756343,5919069
Auckland,NEWTON ROAD,, ,I,NEWTON OFF EBD,201431987,15/03/2014,Sat,920,JA,CN1C,322A ,,R,W,OF,HS,T,T,C,50,0,0,0,,,1756343,5919069
Auckland,NEWTON ROAD,, ,I,NEWTON OFF EBD S,201435235,28/04/2014,Mon,1720,FE,VS1C,181A ,,R,D,B ,F ,T,T,C,50,0,0,0,,,1756343,5919069
Auckland,NEWTON ROAD,15,N, ,NEWTON ON WBD,201448489,22/11/2014,Sat,1030,AC,CN1C,372A ,,R,D, F,F , ,N,R,50,0,0,0,,,1756399,5918962
Auckland,NEWTON ROAD,10,S, ,OPHIR ST,201417795,16/12/2014,Tue,1815,PC,CN1E,330A 371A 376A 926 ,,R,D,O ,F ,D,N,P,50,0,0,1,,,1756309,5919138
Auckland,NEWTON ROAD,, ,I,OPHIR ST,201442064,28/07/2014,Mon,1820,KA,CS1C,301B ,,R,D,DO,F ,T,S,C,50,0,0,0,,,1756305,5919147
Auckland,NEWTON ROAD,, ,I,OPHIR ST,201438719,29/06/2014,Sun,2150,LB,SS1C,602A 303B 375B ,,R,D,DO,F ,T,G,C,50,0,0,0,,,1756305,5919147
Auckland,NEWTON ROAD,, ,I,PIWAKAWAKA ST,201437297,05/05/2014,Mon,1408,KB,CE1C,322B ,,E, , F,  ,T,T,C,50,0,0,0,,,1756527,5918905
Auckland,NEWTON ROAD,, ,I,PIWAKAWAKA ST,201437522,31/05/2014,Sat,1840,AC,CE14,159A ,,E,D,TO,F ,T,T,R,50,0,0,0,,,1756527,5918905
Auckland,NEWTON ROAD,, ,I,PIWAKAWAKA ST,201410945,05/03/2014,Wed,1240,NA,VE1E,306A 359A ,,E,D,BN,F ,T,T,X,50,0,1,0,21,,1756527,5918905
Auckland,NEWTON ROAD,, ,I,PONSONBY ROAD,201416535,26/08/2014,Tue,930,LB,CN1C,323B ,,E,D,OF,F ,X,T,C,50,0,0,1,,,1756247,5919258
Auckland,NEWTON ROAD,, ,I,STABLE LANE,201437076,30/04/2014,Wed,1220,FE,CE1C,181A ,,R,D,B ,F ,T,T,C,50,0,0,0,,,1756930,5918801
Auckland,NEWTON ROAD,, ,I,SYMONDS ST,201412059,17/04/2014,Thu,830,AA,CE1C,330A 372A ,,R,W,O ,F ,X,G,C,50,0,0,1,,,1756969,5918790
Auckland,NEWTON ROAD,, ,I,SYMONDS ST,201448348,19/12/2014,Fri,2238,LB,CE1C,303B 375B 402B ,,M,D,DO,F ,X,T,R,50,0,0,0,,,1756969,5918790
Auckland,NEWTON ROAD,, ,I,SYMONDS ST,201440902,04/08/2014,Mon,1300,FE,CE1C,350A 387A ,,R,D,BF,F ,X,T,C,50,0,0,0,,,1756969,5918790
Auckland,NEWTON ROAD,, ,I,UPPER QUEEN ST,201445943,03/10/2014,Fri,1500,FE,CW1C,181A 800 ,,R,D,O ,FS,T,T,L,50,0,0,0,,,1756762,5918852
Auckland,NEWTON ROAD,, ,I,UPPER QUEEN ST,201411833,01/03/2014,Sat,711,JA,VE1C,322A ,,R,D,BF,F ,T,T,C,50,0,1,1,,,1756762,5918852
Auckland,NGAHUE DRIVE,5,W, ,COLLEGE ROAD,201416189,06/10/2014,Mon,1430,FB,4E1C,331A 352A 845 ,,E,D,O ,F ,T,G,C,50,0,0,1,,,1764008,5916641
Auckland,NGAHUE DRIVE,30,W, ,COLLEGE ROAD,201448355,09/12/2014,Tue,1414,CB,CE1,130A 504A ,T,R,D,B ,F ,T,T,C,50,0,0,0,,,1763984,5916637
Auckland,NGAKE ST,100,S, ,HAWAIKI ST,201438146,17/05/2014,Sat,2120,DA,CS1CC,103A 111A 131A ,MM,E,W,DO,F , ,N,N,50,0,0,0,,,1762490,5919319
Auckland,NGAOHO PLACE,70,N, ,SH 16,201413832,27/05/2014,Tue,755,DA,CW1,131A 363A 902 ,C,E,D,B ,F , , ,N,50,0,0,1,,,1758421,5920371
Auckland,NGAPIPI ROAD,, ,I,KEPA ROAD,201436547,16/05/2014,Fri,415,LB,CN2C,103A 302A 330A ,,M,D,DO,F ,R,G,P,50,0,0,0,,,1761605,5919011
Auckland,NGAPIPI ROAD,, ,I,NGAIWI ST,201431837,27/01/2014,Mon,1800,LB,CS14,303B 382B ,,R,D,BF,F ,T,G,C,50,0,0,0,,,1761340,5919330
Auckland,NGAPIPI ROAD,, ,I,NGAIWI ST,201445203,03/10/2014,Fri,1750,JA,VS1C,301B 375B ,,E,D,TF,F ,T,S,C,50,0,0,0,,,1761340,5919330
Auckland,NGAPIPI ROAD,200,N, ,PARITAI DRIVE,201447359,15/11/2014,Sat,2230,DB,CN1,110A 622A ,C,E,W,DO,F , ,N,C,50,0,0,0,,,1761287,5919649
Auckland,NGAPIPI ROAD,130,S, ,TAMAKI DRIVE,201414454,15/06/2014,Sun,235,DA,CS1,103A 111A 131A ,CT,M,W,DO,L , ,N,C,50,0,0,3,,,1760984,5919833
Auckland,NGAPIPI ROAD,140,S, ,TAMAKI DRIVE,201413056,23/05/2014,Fri,400,DA,CN1,111A 131A ,Z,E,D,DO,F , ,N,C,50,0,0,1,,,1760985,5919823
Auckland,NGAPIPI ROAD,290,S, ,TAMAKI DRIVE,201416297,13/10/2014,Mon,1945,DB,CS1,194A ,T,E,D,TO,F , , ,C,50,0,0,1,,,1761084,5919715
Auckland,NGAPIPI ROAD,300,S, ,TAMAKI DRIVE,201445527,05/10/2014,Sun,16,DB,CS1,111A 131A 801 ,C,M,W,DO,L , , ,C,50,0,0,0,,,1761093,5919711
Auckland,NGAURUHOE ST,20,W, ,MOUNT EDEN ROAD,201436620,30/04/2014,Wed,1300,MO,CE1C,371A ,M,R,D,B ,F , ,N,C,50,0,0,0,,,1757017,5916718
Auckland,NICHOLAS GIBBONS DRIVE,50,E, ,EBANJANE WAY,201449815,02/12/2014,Tue,1600,MO,CW1T,351A 357A 371A 929 ,M,E,D,BF,F ,D,N,N,50,0,0,0,,,1765400,5899110
Auckland,NICHOLAS GIBBONS DRIVE,, ,I,PALMERS ROAD,201432850,27/02/2014,Thu,1640,GF,CW1C,129A ,,R,D,TF,F ,X,G,C,50,0,0,0,,,1765253,5899323
Auckland,NICHOLSON PLACE,50,S, ,CORONATION ROAD,201440922,08/08/2014,Fri,1246,QD,CS1,428A ,F,R,D,BF,F , ,N,C,50,0,0,0,,,1755013,5927065
Auckland,NIKAU ST,90,N, ,MIRO ST,201437307,07/06/2014,Sat,145,DA,CS1,103A 131A ,F,M,D,DO,F , ,N,C,50,0,0,0,,,1749376,5914450
Auckland,NILE ROAD,100,S, ,MARGARET PLACE,201412283,17/05/2014,Sat,1554,MA,CS1C,373B ,,R,D,O ,F , ,N,C,50,0,0,1,,,1756341,5928300
Auckland,NILE ROAD,50,W, ,SEINE ROAD,201435451,08/05/2014,Thu,2143,DA,CE1C,111A ,M,E,W,DO,F , ,N,C,50,0,0,0,,,1756309,5929133
Auckland,NILE ROAD,90,W, ,VANGUARD ROAD,201412485,20/04/2014,Sun,1720,EA,CW1C,129A 130A 363A 902 ,M,R,W,B ,F , , ,C,50,0,0,1,,,1748276,5915299
Auckland,NILE ROAD S,50,E, ,FORREST HILL ROAD,201433261,17/03/2014,Mon,1735,EA,CE1C,129A ,M,M,D,BF,F , ,N,C,50,0,0,0,,,1756219,5928194
Auckland,NOEL BURNSIDE ROAD,, ,I,PUHINUI ROAD,201448040,11/11/2014,Tue,1715,FB,CN1C,331A ,,R,D,O ,F ,T,G,C,50,0,0,0,,,1764507,5904467
Auckland,NOLA CRESCENT,20,S, ,COBHAM CRESCENT E,201436419,10/05/2014,Sat,104,EA,CS1C,129A 517A ,M,E,D,DO,F , ,N,N,50,0,0,0,,,1767190,5907493
Auckland,NOLAN ROAD,50,N, ,DERRY ST,201438345,06/06/2014,Fri,420,EA,CS1C,103A 129A ,M,R,W,DO,F , , ,C,50,0,0,0,,,1760044,5915760
Auckland,NORMAN ROAD,100,S, ,ATKINSON ROAD,201435049,09/04/2014,Wed,1430,AO,CS1C,112A 150A ,,R,D,B ,F , ,N,C,50,0,0,0,,,1747817,5912438
Auckland,NORMAN SPENCER DRIVE,180,N, ,CAVENDISH DRIVE,201448625,24/11/2014,Mon,1545,MO,VS1C,386B 929 ,M,E,D,O ,F ,D, ,C,50,0,0,0,,,1766291,5904774
Auckland,NORMANBY ROAD,30,N, ,ENFIELD ST,201413191,08/04/2014,Tue,1459,EA,TS1CCC,130A 412A ,M,E,D,B ,F , , ,C,50,0,0,1,,,1757268,5918194
Auckland,NORMANBY ROAD,20,S, ,LAUDER ROAD,201436871,29/04/2014,Tue,1900,DA,VS1CCC,131A 358A 407A ,M,E,D,DO,F , , ,C,50,0,0,0,,,1757215,5918318
Auckland,NORRIE ROAD,, ,I,GREAT SOUTH ROAD,201441964,06/08/2014,Wed,1640,FB,VE1V,331A 350A ,,E,D,O ,F ,R,G,C,50,0,0,0,,,1773433,5891862
Auckland,NORTH CANDIA ROAD,, ,I,POOKS ROAD,201412162,14/05/2014,Wed,1400,HA,CW1S,302A 534B ,,R,W,O ,L ,R,G,R,50,0,0,1,,33,1741657,5918580
Auckland,NORTH ROAD,110,S, ,MARAETAI COAST ROAD,201417744,16/12/2014,Tue,2330,CB,CE1,103A 410A ,PT,R,D,DN,FS, ,N,C,100,0,0,1,,,1784294,5913662
Auckland,NORTH ROAD,550,N, ,MARK WILLIAMS PLACE,201447534,28/10/2014,Tue,830,DA,CS1,131A 402A 801 ,FT,M,W,O ,L , , ,C,100,0,0,0,,,1781820,5905040
Auckland,NORTH ROAD,3480,N, ,MARK WILLIAMS PLACE,201417640,15/10/2014,Wed,1750,DA,VN1,103A 111A ,C,M,D,B ,F , ,N,C,100,0,0,3,,,1782997,5907641
Auckland,NORTHCOTE ON NBD,, ,I,NORTHCOTE ROAD,201449614,17/12/2014,Wed,1200,DA,CS2,111A 131A 402A 901 ,G,M,W,O ,H ,X,T,C,50,0,0,0,,,1756357,5927148
Auckland,NORTHCOTE ON NBD,, ,I,NORTHCOTE ROAD,201446532,28/10/2014,Tue,857,DA,CW2,131A 801 901 ,K,S,W,O ,H ,X,G,N,50,0,0,0,,,1756357,5927148
Auckland,NORTHCOTE ROAD,80,W, ,AKORANGA DRIVE,201441733,15/08/2014,Fri,1110,CB,CW1,501A ,T,R,D,B ,F , , ,P,50,0,0,0,,,1755904,5926723
Auckland,NORTHCOTE ROAD,, ,I,AKORANGA DRIVE,201438125,13/05/2014,Tue,700,FB,CS1C,181A ,,E,D,BF,F ,X,T,C,50,0,0,0,,,1755962,5926779
Auckland,NORTHCOTE ROAD,, ,I,AKORANGA DRIVE,201443886,13/08/2014,Wed,945,FB,CN1C,331A ,,R,D,BF,F ,X,T,C,50,0,0,0,,,1755962,5926779
Auckland,NORTHCOTE ROAD,80,E, ,NORTHCOTE OFF NBD,201445504,29/09/2014,Mon,725,LB,CE1C,303B 927 ,,R,W,O ,L ,D,N,C,50,0,0,0,,,1756415,5927203
Auckland,NORTHCOTE ROAD,, ,I,NORTHCOTE OFF NBD W,201438149,16/05/2014,Fri,1452,JA,SE14,204A 302B 353B ,,R,D,BF,F ,T,G,R,50,0,0,0,,,1756331,5927124
Auckland,NORTHCOTE ROAD,15,W, ,NORTHCOTE OFF SBD,201431227,03/03/2014,Mon,1055,AC,TE1C,372A 671A ,,R,D,BF,F , ,N,R,50,0,0,0,,,1756431,5927217
Auckland,NORTHCOTE ROAD,, ,I,NORTHCOTE OFF SBD W,201442879,30/08/2014,Sat,2136,DA,CW1,110A 134A 402A ,G,S,W,DO,F ,X,G,C,50,0,0,0,,,1756442,5927227
Auckland,NORTHCOTE ROAD,, ,I,NORTHCOTE ON NBD,201444397,03/10/2014,Fri,603,DB,CE1,131A 801 ,G,R,W,TO,L ,X,T,C,100,0,0,0,,,1756357,5927148
Auckland,NORTHCOTE ROAD,, ,I,NORTHCOTE ON NBD,201415488,22/08/2014,Fri,1825,LB,CE1C,303B ,,R,D,DO,F ,X,T,C,50,0,0,2,,,1756357,5927148
Auckland,NORTHCOTE ROAD,10,E, ,NORTHCOTE ON SBD,201431329,10/02/2014,Mon,1035,FE,4W1C,133A 423A ,,R,D,BF,F ,X,T,R,50,0,0,0,,,1756449,5927234
Auckland,NORTHCOTE ROAD,, ,I,OCEAN VIEW ROAD,201440774,06/07/2014,Sun,920,KA,SS14,302B ,,M,D,O ,F ,R,G,N,50,0,0,0,,,1755755,5926581
Auckland,NORTHCOTE ROAD,15,W, ,SMALES FARM BUSINESS PARK,201434719,03/05/2014,Sat,1538,FD,CW1C,331A 361A ,,R,D,BF,F , ,N,C,50,0,0,0,,,1756584,5927362
Auckland,NORTHCOTE ROAD,, ,I,SMALES FARM BUSINESS PARK,201412095,01/05/2014,Thu,1500,JA,CE1C,302B 375B 830 ,,R,D,B ,F ,T,G,R,50,0,0,2,,,1756595,5927372
Auckland,NORTHCOTE ROAD,, ,I,SMALES FARM BUSINESS PARK,201414876,22/07/2014,Tue,1010,JA,CE1C,322A ,,R,D,OF,F ,T,T,R,50,0,0,1,,,1756595,5927372
Auckland,NORTHCOTE ROAD,, ,I,SUNNYBRAE ROAD,201433247,17/03/2014,Mon,800,FF,CE1T,428B ,,R,D,OF,F ,X,T,C,50,0,0,0,,,1755962,5926779
Auckland,NORTHCOTE ROAD,, ,I,SUNNYBRAE ROAD,201448822,21/11/2014,Fri,810,KA,CN1C,302B 375B ,,R,D,B ,F ,X,G,R,50,0,0,0,,,1755962,5926779
Auckland,NORTHCOTE ROAD,, ,I,SUNNYBRAE ROAD,201443252,29/07/2014,Tue,1851,AC,CS1C4,103A 330A 372A ,,R,D,DO,F ,X,T,R,50,0,0,0,,,1755962,5926779
Auckland,NORTHCROFT ST,80,E, ,AUBURN ST,201416754,14/10/2014,Tue,1742,EC,CS14,129A 359A 402A ,M,R,D,B ,F , , ,C,50,0,0,1,,,1757995,5926957
Auckland,NORTHLAND ST,15,N, ,CRUMMER ROAD,201437403,27/05/2014,Tue,705,CA,CN1CC,103A 129A 130A ,M,R,D,DO,F , , ,C,50,0,0,0,,,1755122,5918672
Auckland,NORTHPARK AVENUE,20,S, ,MILLHOUSE DRIVE,201433933,07/03/2014,Fri,2100,EA,CS1C,386A ,M,R,D,B ,F , ,N,C,50,0,0,0,,,1771516,5912897
Auckland,NORVAL ROAD,20,W, ,LINCOLN ROAD,201447530,06/11/2014,Thu,1130,EA,CE1C,129A ,M,R,D,O ,F , , ,N,50,0,0,0,,,1745110,5918322
Auckland,NORWICH ST,, ,I,DIAMOND ST,201435498,06/05/2014,Tue,2000,EA,CW1C,386A ,M,R,D,B ,F ,T,N,C,50,0,0,0,,,1756675,5918756
Auckland,NUFFIELD ST,20,N, ,BALM ST,201437879,06/03/2014,Thu,1000,PO,VS1E,440A 720B ,,E,D,B ,F , ,N,C,50,0,0,0,,,1758463,5917897
Auckland,NUFFIELD ST,, ,I,BALM ST,201448916,03/10/2014,Fri,1200,FE,CN1C,181A ,,R,D,B ,F ,T,T,C,50,0,0,0,,,1758457,5917878
Auckland,OAKDALE ROAD,100,N, ,ARUNDEL ST,201447535,01/11/2014,Sat,615,CC,CS1,103A 130A ,P,R,D,B ,F , , ,C,50,0,0,0,,,1755763,5912742
Auckland,OAKDALE ROAD,5,S, ,KATHRYN AVENUE,201411517,22/02/2014,Sat,1301,GB,MN1C,372B ,,E,W,OF,L ,T,G,C,50,0,0,1,,,1755766,5912237
Auckland,OAKLEIGH AVENUE,, ,I,HITCHCOCK ROAD,201442837,02/09/2014,Tue,1000,LB,VS1C,303B ,,R,D,B ,F ,T,N,C,50,0,0,0,,,1770447,5899289
Auckland,OAKLEIGH AVENUE,, ,I,HITCHCOCK ROAD,201416704,13/10/2014,Mon,1429,CA,MS1,130A 402A 804 ,,R,D,B ,F ,T,G,C,50,0,0,1,,,1770447,5899289
Auckland,OAKLEIGH AVENUE,80,N, ,MANUROA ROAD,201417457,29/10/2014,Wed,1015,JA,TN1C,308B 378B 830 927 ,,E,W,OF,L ,D,N,N,50,0,0,1,,,1770582,5899120
Auckland,OAKTREE AVENUE,50,N, ,FALLOW ST,201439329,03/06/2014,Tue,1900,FA,CN1C,181A 331A ,,R,D,O ,F , ,N,C,50,0,0,0,,,1754879,5934709
Auckland,OAKTREE AVENUE,30,W, ,LANGANA AVENUE,201440788,19/07/2014,Sat,1730,DA,40,103A 111A 131A ,T,E,W,DO,L , , ,C,50,0,0,0,,,1754039,5934228
Auckland,OAKTREE AVENUE,50,W, ,LANGANA AVENUE,201439769,29/06/2014,Sun,1104,EA,CW1C,129A 350A ,M,R,D,OF,F , , ,C,50,0,0,0,,,1754022,5934217
Auckland,OAKWAY DRIVE,, ,I,PIN OAK DRIVE,201431894,21/02/2014,Fri,2125,DB,CN1,103A 111A ,KS,E,D,DO,  ,R,G,C,50,0,0,0,,,1750948,5931095
Auckland,OATES ROAD,20,E, ,CAPTAIN SCOTT ROAD,201431039,15/02/2014,Sat,1843,FD,CE1C4C,103A 371A ,,R,D,B ,F , ,N,C,50,0,0,0,,,1747200,5913617
Auckland,OATES ROAD,100,E, ,GLENDALE ROAD,201450285,27/12/2014,Sat,2335,MO,CE1E,720B 929 ,J,R,D,DO,F ,D,N,C,50,0,0,0,,,1747029,5913680
Auckland,OATES ROAD,, ,I,GLENDALE ROAD,201434580,17/03/2014,Mon,715,LB,MN2C,303B 375B ,,E,D,OF,F ,T,S,C,50,0,0,0,,,1746936,5913718
Auckland,OCEAN VIEW ROAD,100,W, ,ALTON AVENUE,201448724,21/11/2014,Fri,930,EA,CW1C,129A 402A ,M,R,D,B ,F , , ,L,50,0,0,0,,,1755201,5926065
Auckland,OCEAN VIEW ROAD,10,E, ,EBAN AVENUE,201418296,19/12/2014,Fri,2114,CA,PW1,103A 129A 130A ,KT,R,D,DO,F ,T,S,C,50,0,1,0,,,1755369,5926220
Auckland,OCEAN VIEW ROAD,, ,I,EBAN AVENUE,201446530,12/09/2014,Fri,751,GB,CE1B,158A ,,E,W,O ,L ,T,G,C,50,0,0,0,,,1755362,5926213
Auckland,OCEAN VIEW ROAD,140,E, ,GOODWIN AVENUE,201430596,22/01/2014,Wed,1530,EA,CW14,129A ,M,R,D,O ,F , , ,C,50,0,0,0,,,1780252,5926950
Auckland,OCEAN VIEW ROAD,15,S, ,HILLCREST AVENUE,201437015,18/05/2014,Sun,1200,FC,MN1C,181A ,,R,D,B ,F , , ,X,50,0,0,0,,,1755625,5926459
Auckland,OCEAN VIEW ROAD,, ,I,HILLCREST AVENUE,201415020,07/07/2014,Mon,1832,GD,CW1C,103A 205A 331A 514A ,,R,W,DO,F ,T,G,P,50,0,0,1,,,1755636,5926470
Auckland,OCEAN VIEW ROAD,, ,I,LAKE ROAD,201437149,25/05/2014,Sun,1758,HA,CS1C,302A 375A ,,E,D,BF,F ,R,G,R,50,0,0,0,,,1755717,5926538
Auckland,OCEAN VIEW ROAD,1030,W, ,MAKO ST,201414412,23/03/2014,Sun,1320,GE,ME1C,387A 144B 927 ,,E,D,BF,F ,D,N,C,50,0,0,1,,,1778031,5927577
Auckland,OCEAN VIEW ROAD,40,S, ,POTTER AVENUE,201412052,13/03/2014,Thu,819,NB,CS1E,713B ,,R,D,B ,F , ,N,C,50,0,1,0,12,,1755316,5926171
Auckland,OCEAN VIEW ROAD,100,E, ,RALEIGH ROAD,201445526,13/07/2014,Sun,1640,MO,CE1C,371A ,,R,W,O ,L , , ,C,50,0,0,0,,,1754983,5925862
Auckland,OCEAN VIEW ROAD,, ,I,RALEIGH ROAD,201435784,05/05/2014,Mon,943,FB,CS14,130A 386A ,,R,D,O ,F ,T,G,P,50,0,0,0,,,1754923,5925787
Auckland,OCEAN VIEW ROAD,, ,I,RALEIGH ROAD,201447495,17/11/2014,Mon,1530,KA,CE1C,302B 375B ,,M,D,B ,F ,T,G,C,50,0,0,0,,,1754923,5925787
Auckland,OCEAN VIEW ROAD,2000,N, ,RED HILL ROAD,201442689,28/09/2014,Sun,1130,DB,CN1,131A 631A ,,S,D,BN,F , ,N,N,100,0,0,0,,,1746033,5995419
Auckland,OCEAN VIEW ROAD,, ,I,TUI ST,201432394,09/03/2014,Sun,1345,DC,CW1,335A ,IS,E,D,B ,F ,R,G,R,50,0,0,0,,,1779438,5927267
Auckland,OCEAN VIEW ROAD,, ,I,WAIKARE ROAD,201411621,17/02/2014,Mon,1554,DA,CE1X,136A 613A ,M,M,D,BF,F ,T,G,C,50,0,0,2,,,1779258,5927467
Auckland,OCONNOR ST,50,S, ,SANDBROOK AVENUE,201444554,19/09/2014,Fri,1630,DA,CN1,410A ,T,E,D,B ,F , , ,N,50,0,0,0,,,1767407,5906398
Auckland,ODONNELL AVENUE,, ,I,SANDRINGHAM ROAD,201436702,14/05/2014,Wed,1300,MG,CW1C,372B ,,E,D,O ,F ,T,T,C,50,0,0,0,,,1754223,5914744
Auckland,OKAHU ST,15,S, ,TAMAKI DRIVE,201445854,11/08/2014,Mon,1100,EC,TN1C,129A ,M,E,D,B ,F , , ,C,50,0,0,0,,,1761712,5920021
Auckland,OKURA RIVER ROAD,500,E, ,EAST COAST ROAD,201442544,29/08/2014,Fri,1850,DB,CS1,358A 407A ,F,M,D,DN,F , ,N,C,80,0,0,0,,,1753441,5937696
Auckland,OKURA RIVER ROAD,300,N, ,EAST COAST ROAD,201411767,22/03/2014,Sat,1720,DB,MN1,103A 111A 131A ,X,M,D,B ,F , , ,C,50,0,1,0,,,1753440,5937508
Auckland,OKURA RIVER ROAD,640,N, ,VAUGHANS ROAD,201418612,09/11/2014,Sun,2053,DB,CS1,111A 131A ,F,E,D,DN,F , ,N,C,80,0,0,2,,,1753463,5938738
Auckland,OLD MILL ROAD,, ,I,GARNET ROAD,201442634,11/07/2014,Fri,815,FB,CE1M,512A ,,R,D,OF,FS,T,G,C,50,0,0,0,,,1753762,5919085
Auckland,OLD MILL ROAD,40,S, ,SAVAGE ST,201438436,14/04/2014,Mon,,BO,CS1C,300A 818 ,,R,D,B ,F , , ,L,50,0,0,0,,,1753524,5919244
Auckland,OLD NORTH ROAD,580,W, ,ARARIMU VALLEY ROAD,201416980,17/10/2014,Fri,2016,DA,CW1,103A 131A ,F,M,W,DN,L , ,N,L,80,0,0,1,,,1736357,5932799
Auckland,OLD NORTH ROAD,150,N, ,BROADWOOD RISE,201431841,04/03/2014,Tue,1200,DB,TN1,135A 404A 801 ,V,M,W,BN,L , ,N,C,80,0,0,0,,,1739978,5929769
Auckland,OLD NORTH ROAD,150,N, ,BROADWOOD RISE,201435230,16/04/2014,Wed,55,DB,VS1,111A 131A 801 901 ,,M,W,DN,H , , ,C,80,0,0,0,,,1739978,5929769
Auckland,OLD NORTH ROAD,, ,I,BROADWOOD RISE,201434728,04/05/2014,Sun,100,DB,CS1,111A 131A 357A ,FT,E,D,DN,F ,T,N,C,80,0,0,0,,,1740102,5929692
Auckland,OLD NORTH ROAD,80,N, ,HIBISCUS COAST HIGHWAY,201412001,09/04/2014,Wed,1658,DA,CS1,111A 131A 402A ,,S,D,TO,F , ,N,N,50,0,0,2,,,1751205,5951079
Auckland,OLD NORTH ROAD,400,E, ,INLAND ROAD,201432501,20/01/2014,Mon,1530,DB,CS1,131A 804 ,V,M,D,O ,F , ,N,C,100,0,0,0,,,1732152,5937290
Auckland,OLD NORTH ROAD,100,S, ,OLD RAILWAY ROAD,201418278,02/11/2014,Sun,1,DB,CN1,111A 131A ,V,M,D,DO,F , , ,C,80,0,2,0,,,1740740,5928663
Auckland,OLD NORTH ROAD,200,S, ,OLD RAILWAY ROAD,201449896,16/12/2014,Tue,1320,QG,TN1C,687A ,,M,D,OF,FS, ,N,C,80,0,0,0,,,1740795,5928580
Auckland,OLD NORTH ROAD,290,S, ,OLD RAILWAY ROAD,201450154,23/12/2014,Tue,1420,BB,MS1C,123A 330A ,,S,D,B ,F , , ,C,80,0,0,0,,,1740843,5928504
Auckland,OLD NORTH ROAD,300,S, ,OLD RAILWAY ROAD,201418868,31/12/2014,Wed,1125,DB,MN14,111A 131A 532A ,,S,D,BN,F , ,N,C,80,0,1,0,,,1740845,5928494
Auckland,OLD NORTH ROAD,700,S, ,ORAHA ROAD,201411757,28/03/2014,Fri,2135,DA,CS1,103A 111A 131A ,F,M,D,DN,F , , ,C,80,0,0,1,,,1740011,5929756
Auckland,OLD NORTH ROAD,670,S, ,PEAK ROAD,201443102,28/08/2014,Thu,648,DA,CS1,111A 131A 402A ,TV,S,W,O ,F , , ,L,80,0,0,0,,,1734101,5933899
Auckland,OLD NORTH ROAD,700,S, ,PEAK ROAD,201444398,02/10/2014,Thu,1807,DA,CS1,111A 131A 191A 801 ,T,S,W,O ,L , , ,C,80,0,0,0,,,1734121,5933879
Auckland,OLD NORTH ROAD,500,N, ,PINETONE ROAD,201417465,02/11/2014,Sun,2230,DA,4N1,131A ,ST,E,D,DN,F , ,N,C,80,0,0,1,,,1738468,5931468
Auckland,OLD NORTH ROAD,300,N, ,TAYLOR ROAD,201448057,22/11/2014,Sat,1408,DA,MS1,131A 804 ,,M,D,B ,F , , ,C,80,0,0,0,,,1733527,5934639
Auckland,OLD NORTH ROAD,890,N, ,TAYLOR ROAD,201412176,13/05/2014,Tue,920,AD,4S1,110A 800 ,,E,W,B ,F , , ,C,100,0,0,1,,,1733398,5935199
Auckland,OLD NORTH ROAD,700,W, ,TAYLOR ROAD,201410937,03/03/2014,Mon,750,DA,CE1C,111A 131A ,D,M,W,ON,L , ,N,C,80,0,0,1,,,1733480,5935027
Auckland,OLD NORTH ROAD,200,N, ,WAIKOUKOU VALLEY ROAD,201439430,01/07/2014,Tue,1230,DA,CN1,131A 402A ,,M,W,O ,F , ,N,L,80,0,0,0,,,1734619,5932822
Auckland,OLD NORTH ROAD,300,N, ,WAIKOUKOU VALLEY ROAD,201447765,29/10/2014,Wed,558,DA,VS1,131A ,FV,M,W,DN,L , , ,C,80,0,0,0,,,1734539,5932881
Auckland,OLD NORTH ROAD,1300,N, ,WAIKOUKOU VALLEY ROAD,201410092,18/02/2014,Tue,900,BF,SS1V,111A 131A 197B ,,M,D,B ,F , , ,L,100,0,0,1,,,1734064,5933755
Auckland,OLD NORTH ROAD,200,S, ,WAIKOUKOU VALLEY ROAD,201416326,28/09/2014,Sun,340,CB,CN1,102A 129A ,B,R,W,DN,F , ,N,C,80,0,1,0,,,1734963,5932637
Auckland,OLD NORTH ROAD,, ,I,WAIKOUKOU VALLEY ROAD,201443131,26/08/2014,Tue,2056,DC,CN2,111A 402A 514A ,T,R,D,DO,F ,T,G,N,100,0,0,0,,,1734784,5932708
Auckland,OLD WAIROA ROAD,, ,I,BUNNYTHORPE ROAD,201430992,04/03/2014,Tue,2158,DA,CN2,111A 131A ,F,R,D,DO,F ,T,G,C,50,0,0,0,,,1773751,5897436
Auckland,OLD WAIROA ROAD,200,W, ,RENWICK ST,201442708,07/09/2014,Sun,140,CB,CE1,130A ,F,R,D,DO,F , ,N,C,50,0,0,0,,,1772797,5897083
Auckland,OLD WAIROA ROAD,, ,I,SHIRLEY AVENUE,201430950,18/02/2014,Tue,945,DB,CW1,111A 131A ,P,R,D,BF,F ,T,G,N,50,0,0,0,,,1773281,5897263
Auckland,OLD WAIROA ROAD,, ,I,SHIRLEY AVENUE,201412407,09/04/2014,Wed,1755,BF,CN2C,111A 131A 402A ,F,E,D,DO,F ,T,N,C,50,0,1,1,,,1773281,5897263
Auckland,OLD WAIROA ROAD,, ,I,SHIRLEY AVENUE,201449541,19/12/2014,Fri,1417,DB,CW1,111A 131A 402A 817 ,P,R,D,B ,F ,T,G,N,50,0,0,0,,,1773281,5897263
Auckland,OLSEN AVENUE,100,N, ,EATON ROAD,201437514,20/04/2014,Sun,1300,DA,CN1,108A 131A 358A ,FJX,E,W,O ,L , , ,C,50,0,0,0,,,1756026,5912563
Auckland,OLSEN AVENUE,100,S, ,LITTLEJOHN ST,201415314,28/08/2014,Thu,1828,MA,CS1C,330B 373B ,,E,D,DO,F , ,N,P,50,0,0,1,,,1756111,5912765
Auckland,OLSEN AVENUE,250,S, ,LITTLEJOHN ST,201447051,02/11/2014,Sun,1300,MO,CS1C,385A ,M,R,D,BF,F , ,N,C,50,0,0,0,,,1756050,5912629