TLANAME,CRASHROAD,CRASHDIST,CRASHDIRN,INTSN,SIDEROAD,CRASHID,CRASHDATE,CRASHDOW,CRASHTIME,MVMT,VEHICLES,CAUSES,OBJECTSSTRUCK,ROADCURVE,ROADWET,LIGHT,WTHRa,JUNCTYPE,TRAFCTRL,ROADMARK,SPDLIM,CRASHFATALCNT,CRASHSEVCNT,CRASHMINCNT,PERSAGE1,PERSAGE2,EASTING,NORTHING
Auckland,OLSEN AVENUE,, ,I,LITTLEJOHN ST,201438507,21/06/2014,Sat,105,DA,CS1C,121A 131A 862 ,M,E,D,DO,F ,T,G,C,50,0,0,0,,,1756190,5912826
Auckland,OMAHA FLATS ROAD,15,S, ,POINT WELLS ROAD,201436522,22/05/2014,Thu,720,CB,VN1,135A 191A 800 ,V,R,W,B ,F , , ,R,80,0,0,0,,,1757002,5977478
Auckland,OMAHU ROAD,, ,I,DROMORNE ROAD,201411014,06/02/2014,Thu,20,KB,CS1C,302B 375B ,I,R,D,DO,F ,X,G,R,50,0,0,2,,,1759676,5916847
Auckland,OMAHU ROAD,50,N, ,LILLINGTON ROAD,201447552,29/10/2014,Wed,815,QD,CS1C,330A 428A ,,R,W,O ,H , , ,C,50,0,0,0,,,1759502,5916553
Auckland,OMANA ROAD,15,W, ,CRAIG ROAD,201446459,06/11/2014,Thu,1045,EA,BE1C,385A ,M,E,D,BF,F , ,N,C,50,0,0,0,,,1757734,5929411
Auckland,OMANA ROAD,, ,I,IHUMATA ROAD,201417237,27/09/2014,Sat,1500,JA,SE1C,302B 375B ,,E,D,O ,F ,R,G,P,50,0,0,1,,14,1757635,5929121
Auckland,OMANA ROAD,, ,I,IHUMATA ROAD,201431162,21/02/2014,Fri,1934,FB,CS1C,102A 112A 514A ,,R,D,B ,F ,R,G,R,50,0,0,0,,,1757618,5929112
Auckland,ONDINE PLACE,, ,I,WELDENE AVENUE,201412969,05/05/2014,Mon,736,JA,SW2C,303B ,,R,D,O ,F ,T,N,N,50,0,1,0,,57,1753967,5928713
Auckland,ONEHUNGA HARBOUR ROAD,150,S, ,ONEHUNGA MALL,201416746,06/10/2014,Mon,120,BF,CS1C,111A 131A 402A ,,M,W,DO,F , , ,C,50,0,3,0,,,1759205,5911331
Auckland,ONEHUNGA HARBOUR ROAD,, ,I,ORPHEUS DRIVE,201412092,26/04/2014,Sat,1712,JA,CN1C,302B 375B ,,R,D,TO,F ,T,G,R,50,0,0,2,,,1758723,5911432
Auckland,ONEHUNGA MALL,, ,I,CAMPBELL ROAD,201415680,04/09/2014,Thu,830,HA,CE2M,302B 375B ,,E,D,O ,F ,R,G,C,50,0,0,1,,,1758874,5913783
Auckland,ONEHUNGA MALL,20,S, ,GREY ST,201449051,23/12/2014,Tue,830,FC,CS1V,181A ,,R,D,BF,F , ,N,C,50,0,0,0,,,1758982,5912658
Auckland,ONEHUNGA MALL,, ,I,GREY ST,201444208,03/09/2014,Wed,1740,HA,CW2V,321A 330A ,,R,D,B ,F ,X,S,C,50,0,0,0,,,1758980,5912678
Auckland,ONEHUNGA MALL,, ,I,GREY ST,201441770,12/08/2014,Tue,1250,HA,CW2C,301A 352A ,,R,D,B ,F ,X,S,C,50,0,0,0,,,1758980,5912678
Auckland,ONEHUNGA MALL,, ,I,GREY ST,201447380,07/11/2014,Fri,1630,HA,CN1X,301B 375B ,,R,D,B ,F ,X,S,R,50,0,0,0,,,1758980,5912678
Auckland,ONEHUNGA MALL,50,S, ,MOUNT SMART ROAD,201445570,27/09/2014,Sat,2230,EC,CS1C,129A 504A ,M,R,W,DO,L , , ,C,50,0,0,0,,,1758939,5913155
Auckland,ONEHUNGA MALL,, ,I,MOUNT SMART ROAD,201433227,06/03/2014,Thu,619,LB,CW2C,303B 375B ,,R,D,DO,F ,X,T,C,50,0,0,0,,,1758935,5913205
Auckland,ONEHUNGA MALL,, ,I,MOUNT SMART ROAD,201435256,24/03/2014,Mon,1019,FE,CN1C,181A ,,R,D,B ,F ,X,T,P,50,0,0,0,,,1758935,5913205
Auckland,ONEHUNGA MALL,60,N, ,NEILSON ST,201450271,29/12/2014,Mon,1245,GE,CN1C,160A 333A 925 ,,R,D,BF,F ,D,N,C,50,0,0,0,,,1759053,5911855
Auckland,ONEHUNGA MALL,10,S, ,NEILSON ST,201414657,30/06/2014,Mon,1225,AA,CN1T,330A 372A 901 ,,R,W,O ,H ,X,T,C,50,0,0,1,,,1759059,5911785
Auckland,ONEHUNGA MALL,40,S, ,NEILSON ST,201441235,11/07/2014,Fri,1703,AA,CN1C,372A 372B 801 ,,R,W,TO,L , , ,C,50,0,0,0,,,1759062,5911755
Auckland,ONEHUNGA MALL,160,S, ,NEILSON ST,201446884,01/11/2014,Sat,650,EA,VN1C,386A ,M,R,D,B ,F , ,N,C,50,0,0,0,,,1759074,5911636
Auckland,ONEHUNGA MALL,, ,I,NEILSON ST,201437038,17/01/2014,Fri,945,AO,TW2V,386A ,,R,D,O ,F ,X,T,C,50,0,0,0,,,1759058,5911795
Auckland,ONEHUNGA MALL,, ,I,NEILSON ST,201435903,24/02/2014,Mon,1040,AO,CN1C,381A ,,R,D,BF,F ,X,T,C,50,0,0,0,,,1759058,5911795
Auckland,ONEHUNGA MALL,, ,I,NEILSON ST,201438946,21/06/2014,Sat,700,FE,CN1C,181A ,,R,D,BF,F ,X,T,C,50,0,0,0,,,1759058,5911795
Auckland,ONEHUNGA MALL,, ,I,NEILSON ST,201441112,19/08/2014,Tue,855,GF,TN1C,671A ,,R,D,BF,F ,X,T,C,50,0,0,0,,,1759058,5911795
Auckland,ONEHUNGA MALL,10,N, ,PAYNES LANE,201445953,16/10/2014,Thu,1120,MO,CS1C,386A ,M,R,D,B ,F ,T,N,C,50,0,0,0,,,1759010,5912322
Auckland,ONEHUNGA MALL,20,S, ,PRINCES ST,201445636,29/09/2014,Mon,20,CA,CN1,103A 130A ,I,R,D,DO,F , , ,R,50,0,0,0,,,1759048,5911919
Auckland,ONEHUNGA MALL,60,N, ,TRAFALGAR ST,201443484,10/08/2014,Sun,131,EA,CN1CC,101A 129A ,M,R,D,DO,F , ,N,C,50,0,0,0,,,1758949,5913026
Auckland,ONEHUNGA OFF SBD,, ,I,GLOUCESTER PARK ROAD,201449639,17/12/2014,Wed,1201,HA,CS2C,334A 334B ,,E,W,O ,F ,X,T,R,50,0,0,0,,,1758766,5911767
Auckland,ONEHUNGA ON NBD,100,S, ,SH 20,201412673,18/04/2014,Fri,1413,BF,CS1C,205A 514A 517A ,,E,D,BF,F , ,N,N,100,0,0,1,,,1758638,5911589
Auckland,ONEHUNGA ON SBD,15,S, ,NEILSON ST,201415900,10/09/2014,Wed,915,AA,CS1C,330A 372A ,,R,D,B ,F , , ,R,50,0,0,1,,,1758760,5911753
Auckland,ONEHUNGA ON SBD,50,N, ,SH 20,201443683,06/09/2014,Sat,1445,AC,CS1C,184B ,,R,D,O ,F , , ,C,100,0,0,0,,,1758805,5911536
Auckland,ONEHUNGA ON SBD,100,N, ,SH 20,201449633,17/12/2014,Wed,1221,DB,CS1,111A 131A ,G,M,W,O ,F , , ,C,100,0,0,0,,,1758765,5911566
Auckland,ONEHUNGA ON SBD,60,W, ,SH 20,201448888,10/12/2014,Wed,1250,AA,TE1T,159A 191A 181B ,,R,D,B ,F , , ,C,50,0,0,0,,,1758797,5911542
Auckland,ONEILL ST,280,W, ,PONSONBY ROAD,201417223,07/10/2014,Tue,1710,NB,CW1E,712B 713B ,,R,D,O ,F , , ,N,50,0,0,1,19,,1755266,5920191
Auckland,ONETAUNGA ROAD,80,S, ,BALMAIN ROAD,201448377,13/12/2014,Sat,230,EA,CN1C,386A ,M,R,D,DO,F , ,N,C,50,0,0,0,,,1752269,5924200
Auckland,ONEWA OFF NBD,, ,I,ONEWA ROAD,201447511,01/11/2014,Sat,1728,FE,4W1C,331A 363A 902 ,,E,D,B ,F ,M,T,N,50,0,0,0,,,1756137,5924527
Auckland,ONEWA OFF SBD,, ,I,ONEWA ROAD,201440223,28/06/2014,Sat,654,FE,CW1C,181A 331A 387A ,,E,D,DO,F ,X,T,N,50,0,0,0,,,1756137,5924527
Auckland,ONEWA OFF SBD,50,N, ,SH 1N,201415844,16/09/2014,Tue,1029,DA,CS1,111A 131A 801 ,G,E,W,O ,L , , ,C,100,0,0,1,,,1756544,5924670
Auckland,ONEWA ON NBD,130,E, ,ONEWA ROAD,201443662,22/08/2014,Fri,1245,FD,CE1C,181A ,,R,D,B ,F , , ,C,80,0,0,0,,,1756331,5924578
Auckland,ONEWA ON SBD,20,E, ,ONEWA ROAD,201446037,15/10/2014,Wed,1750,FA,CN1C,181A ,,R,D,B ,F ,T,N,C,50,0,0,0,,,1756232,5924529
Auckland,ONEWA ON SBD,250,E, ,ONEWA ROAD,201438869,05/07/2014,Sat,1223,QG,TE1,135A 903 ,,M,D,OF,FS, ,N,N,100,0,0,0,,,1756449,5924540
Auckland,ONEWA ON SBD,280,E, ,ONEWA ROAD,201443949,15/10/2014,Wed,1732,FD,CE1C,181A ,,E,D,BF,F , ,N,N,100,0,0,0,,,1756466,5924516
Auckland,ONEWA ON SBD,300,E, ,ONEWA ROAD,201439001,30/06/2014,Mon,1843,CB,CS1,135A 801 ,G,R,W,DO,L , ,N,N,100,0,0,0,,,1756475,5924498
Auckland,ONEWA ROAD,70,E, ,AORANGI PLACE,201450254,28/12/2014,Sun,1905,GD,CW1C,333A 352A 929 ,,R,D,BF,F ,D,N,C,50,0,0,0,,,1754353,5924798
Auckland,ONEWA ROAD,30,E, ,BIRKENHEAD AVENUE,201449043,09/12/2014,Tue,545,ED,CW1T,331A ,Q,R,W,DO,H , ,N,C,50,0,0,0,,,1753945,5924807
Auckland,ONEWA ROAD,30,E, ,BIRKENHEAD AVENUE,201430946,08/02/2014,Sat,1302,FE,CW1CC,181A ,,R,D,OF,F , ,T,C,50,0,0,0,,,1753945,5924807
Auckland,ONEWA ROAD,, ,I,BIRKENHEAD AVENUE,201432385,07/03/2014,Fri,1130,FE,CS1C,181A ,,E,W,B ,F ,X,T,C,50,0,0,0,,,1753915,5924806
Auckland,ONEWA ROAD,, ,I,BIRKENHEAD AVENUE,201448009,16/11/2014,Sun,1845,FE,CS1C,181A 331A ,,R,D,B ,F ,X,T,C,50,0,0,0,,,1753915,5924806
Auckland,ONEWA ROAD,15,W, ,BRUCE ST,201438967,18/06/2014,Wed,815,FD,CE1V,181A ,,R,D,BF,F , ,N,C,50,0,0,0,,,1755740,5924587
Auckland,ONEWA ROAD,20,W, ,BRUCE ST,201445515,14/10/2014,Tue,918,LB,4E1C,303B 929 ,,R,D,B ,F ,D,N,C,50,0,0,0,,,1755736,5924589
Auckland,ONEWA ROAD,100,W, ,BRUCE ST,201438934,16/06/2014,Mon,1555,AC,TW1C,372A 671A ,,R,D,OF,L , ,N,C,50,0,0,0,,,1755661,5924618
Auckland,ONEWA ROAD,, ,I,BRUCE ST,201433881,14/04/2014,Mon,1348,LB,MW1C,303B ,,R,D,O ,F ,T,G,C,50,0,0,0,,,1755754,5924582
Auckland,ONEWA ROAD,, ,I,BRUCE ST,201440282,09/07/2014,Wed,833,KA,CW1C,145A 302B 387B 801 ,,R,W,O ,L ,T,G,P,50,0,0,0,,,1755754,5924582
Auckland,ONEWA ROAD,30,W, ,FAIRFAX AVENUE,201417307,21/11/2014,Fri,920,EE,ME1C,197A 330B 374B ,M,R,D,B ,F , , ,C,50,0,0,1,,,1754908,5924750
Auckland,ONEWA ROAD,80,W, ,FAIRFAX AVENUE,201439547,07/06/2014,Sat,700,EA,CW1C,129A ,M,R,D,O ,F , , ,C,50,0,0,0,,,1754858,5924754
Auckland,ONEWA ROAD,50,W, ,GLADSTONE ROAD,201434375,17/03/2014,Mon,1630,FD,CW1CC,181A 181B ,,R,D,B ,F , , ,C,50,0,0,0,,,1754901,5924751
Auckland,ONEWA ROAD,, ,I,GLADSTONE ROAD,201436901,06/05/2014,Tue,625,LB,CE1V,303B ,,R,W,O ,L ,T,S,C,50,0,0,0,,,1754951,5924747
Auckland,ONEWA ROAD,, ,I,GLADSTONE ROAD,201447000,23/10/2014,Thu,1145,FD,CE1C,181A ,,R,W,OF,L ,T,S,C,50,0,0,0,,,1754951,5924747
Auckland,ONEWA ROAD,, ,I,KAURI GLEN ROAD,201430637,07/02/2014,Fri,854,NB,CE1E,713B ,,R,D,O ,F ,T,S,C,50,0,0,0,,,1754629,5924776
Auckland,ONEWA ROAD,25,E, ,LAKE ROAD,201431567,25/01/2014,Sat,1030,KB,VW1C,308B 922 ,,R,D,B ,F ,D, ,C,50,0,0,0,,,1755552,5924662
Auckland,ONEWA ROAD,5,W, ,LAKE ROAD,201450115,30/09/2014,Tue,1330,FE,CE1C,181A 331A ,,R,D,B ,F ,T,T,C,50,0,0,0,,,1755524,5924673
Auckland,ONEWA ROAD,, ,I,LAKE ROAD,201443885,09/08/2014,Sat,1655,FE,CE1C,181A ,,R,D,BF,F ,T,T,X,50,0,0,0,,,1755528,5924671
Auckland,ONEWA ROAD,, ,I,NUTSEY AVENUE,201446581,27/10/2014,Mon,1408,EA,CW1C,331A 412A ,M,R,D,O ,F ,T,G,C,50,0,0,0,,,1755345,5924713
Auckland,ONEWA ROAD,, ,I,NUTSEY AVENUE,201430132,24/01/2014,Fri,830,LB,VE1C,303B 375B ,,R,D,BF,F ,T,N,C,50,0,0,0,,,1755345,5924713
Auckland,ONEWA ROAD,, ,I,NUTSEY AVENUE,201441766,13/08/2014,Wed,921,LB,CE1CC,303B 377B ,,R,D,OO,F ,T,G,C,50,0,0,0,,,1755345,5924713
Auckland,ONEWA ROAD,20,W, ,ONEWA OFF NBD,201439094,24/06/2014,Tue,1325,CA,CE1C,136A 668A ,D,R,D,BF,F , ,N,P,50,0,0,0,,,1756091,5924527
Auckland,ONEWA ROAD,70,W, ,PARK AVENUE,201413163,14/05/2014,Wed,1847,FD,CW1C,112A 181A 331A 358A 801 817 ,,R,W,DO,L , , ,C,50,0,0,1,,,1754445,5924791
Auckland,ONEWA ROAD,5,E, ,QUEEN ST,201441110,13/08/2014,Wed,745,FD,CE1C,181A ,,R,D,BF,F ,T,T,C,50,0,0,0,,,1755618,5924635
Auckland,ONEWA ROAD,25,E, ,QUEEN ST,201443103,18/08/2014,Mon,640,FD,CW1VV,181A 181B ,,R,D,O ,F , , ,C,50,0,0,0,,,1755637,5924628
Auckland,ONEWA ROAD,, ,I,QUEEN ST,201442651,19/07/2014,Sat,1851,AC,CW1C,372A ,,R,W,DO,L ,T,T,C,50,0,0,0,,,1755614,5924637
Auckland,ONEWA ROAD,, ,I,QUEEN ST,201431247,05/01/2014,Sun,800,JA,CW14,322A 334A ,,R,D,BF,F ,T,T,C,50,0,0,0,,,1755614,5924637
Auckland,ONEWA ROAD,, ,I,SEAVIEW AVENUE,201446583,12/10/2014,Sun,1530,FD,CE1C,181A 331A ,,R,D,O ,F ,T,G,C,50,0,0,0,,,1755002,5924742
Auckland,ONEWA ROAD,50,E, ,SYLVAN AVENUE,201449690,14/12/2014,Sun,1019,FD,CE14,181A 331A 633A 901 ,,R,W,O ,H , , ,C,50,0,0,0,,,1756187,5924527
Auckland,ONEWA ROAD,70,E, ,SYLVAN AVENUE,201448060,24/11/2014,Mon,1022,FD,CE1C,181A ,,R,W,O ,F , , ,C,50,0,0,0,,,1756207,5924527
Auckland,ONEWA ROAD,50,W, ,SYLVAN AVENUE,201442605,18/07/2014,Fri,710,FD,TE1VCC,181A ,,R,D,OF,F , ,N,C,50,0,0,0,,,1756087,5924527
Auckland,ONEWA ROAD,150,W, ,SYLVAN AVENUE,201443464,19/09/2014,Fri,814,FA,CE1C,132A 181A 352A 132B ,,R,W,O ,F , ,N,C,50,0,0,0,,,1755987,5924528
Auckland,ONEWA ROAD,200,W, ,SYLVAN AVENUE,201443467,19/09/2014,Fri,841,FA,CE1C,181A 191B ,,R,W,B ,F , ,N,C,50,0,0,0,,,1755937,5924528
Auckland,ONEWA ROAD,, ,I,SYLVAN AVENUE,201431897,19/02/2014,Wed,1714,MG,VE1C,371B ,,R,D,BF,F ,M,T,C,50,0,0,0,,,1756137,5924527
Auckland,ONEWA ROAD,50,E, ,VALLEY ROAD,201434204,16/03/2014,Sun,1100,FD,VE1C,181A 331A 801 ,,R,W,O ,L , , ,C,50,0,0,0,,,1754827,5924757
Auckland,ONEWA ROAD,, ,I,VALLEY ROAD,201415346,28/08/2014,Thu,1540,NB,CE1E,713B ,,R,D,O ,F ,T,N,C,50,0,0,1,18,,1754777,5924761
Auckland,ONEWA ROAD,40,E, ,WERNHAM PLACE,201440342,12/07/2014,Sat,1146,FD,CW1V,352A 387A ,,R,W,O ,F , , ,C,50,0,0,0,,,1754636,5924775
Auckland,ONEWA ROAD,, ,I,WERNHAM PLACE,201440551,17/06/2014,Tue,1740,KB,CE1C,301B 314B 372B ,,R,D,TO,F ,T,S,C,50,0,0,0,,,1754596,5924779
Auckland,ONEWA ROAD,, ,I,WERNHAM PLACE,201430639,07/02/2014,Fri,1608,JA,CW1V,301B 375B ,,R,D,O ,F ,T,S,C,50,0,0,0,,,1754596,5924779
Auckland,ONEWA ROAD,100,W, ,WOODSIDE AVENUE,201447607,22/11/2014,Sat,1830,MA,CW1C,373B ,,R,D,BF,F , ,N,C,50,0,0,0,,,1755152,5924729
Auckland,ONEWA ROAD,100,W, ,WOODSIDE AVENUE,201416056,05/02/2014,Wed,1704,PF,CE1E,112A 719B ,,R,D,O ,F , ,N,C,50,0,0,1,35,,1755152,5924729
Auckland,ONEWA ROAD,, ,I,WOODSIDE AVENUE,201441140,18/07/2014,Fri,640,FF,CE1C,181A 191B ,,R,W,DO,H ,T,G,C,60,0,0,0,,,1755251,5924720
Auckland,ONEWA ROAD,, ,I,WOODSIDE AVENUE,201442406,08/07/2014,Tue,710,LB,CE1C,303B 375B ,,E,D,OF,F ,T,G,C,50,0,0,0,,,1755251,5924720
Auckland,ONSLOW AVENUE,150,E, ,ST ANDREWS ROAD,201448721,23/11/2014,Sun,2145,EA,CW1C,103A ,M,R,D,DO,F , , ,N,50,0,0,0,,,1757406,5915300
Auckland,ONSLOW AVENUE,100,W, ,ST ANDREWS ROAD,201434730,20/04/2014,Sun,1931,EA,CW1C,103A 129A ,M,R,W,DO,L , ,N,C,50,0,0,0,,,1757358,5915313
Auckland,ONSLOW AVENUE,60,E, ,THE DRIVE,201447039,30/10/2014,Thu,1340,MO,40,385A 929 ,P,R,D,OF,F ,D,N,N,50,0,0,0,,,1757692,5915223
Auckland,ONSLOW ROAD,15,E, ,OPAHEKE ROAD,201435891,22/05/2014,Thu,810,EA,CE1V,129A ,Q,R,D,BF,F , ,N,C,50,0,0,0,,,1772992,5895736
Auckland,OPAHEKE ROAD,30,N, ,ALBERT ST,201450962,19/12/2014,Fri,1650,EA,4S1C,103A 129A 410A ,FMP,R,D,B ,F , , ,C,50,0,0,0,,,1773080,5895406
Auckland,OPAHEKE ROAD,70,S, ,LORELEI PLACE,201449452,06/12/2014,Sat,1940,CB,CS1,112A 130A ,J,R,D,TF,F , , ,C,50,0,0,0,,,1773466,5894534
Auckland,OPAHEKE ROAD,, ,I,SHORT ST,201418147,21/12/2014,Sun,1621,LB,MS1C,303B 370B ,,R,D,TF,F ,T,G,C,50,0,0,1,,,1773130,5895228
Auckland,OPAHEKE ROAD,250,E, ,WALKER ROAD,201416553,21/10/2014,Tue,810,DB,CW1,131A 132A ,,M,W,ON,L , ,N,C,80,0,0,1,,,1774217,5893955
Auckland,OPAL AVENUE,110,S, ,CARDIFF ROAD,201450223,30/12/2014,Tue,1600,MO,CN1C,371A 929 ,M,R,D,BF,F ,D,N,C,50,0,0,0,,,1767505,5912645
Auckland,ORAHA ROAD,120,N, ,BURNS LANE,201435792,14/05/2014,Wed,1840,DB,CW1,111A 132A 404A 901 ,FT,S,W,DN,H , , ,C,70,0,0,0,,,1738953,5930110
Auckland,ORAKEI ROAD,100,S, ,DELL AVENUE,201415035,30/07/2014,Wed,1940,EA,CS1C,129A 359A ,M,E,D,DO,F , , ,C,50,0,0,1,,,1760870,5917839
Auckland,ORAKEI ROAD,170,S, ,KEPA ROAD,201447094,29/10/2014,Wed,2100,KB,SS1C,204A 308B 929 ,,R,W,DO,L ,D,N,C,50,0,0,0,,,1761510,5918856
Auckland,ORAKEI ROAD,, ,I,UPLAND ROAD,201437243,15/04/2014,Tue,2025,GF,TS1C,381A 671A ,,E,D,DO,F ,R,G,R,50,0,0,0,,,1761073,5918364
Auckland,ORAMS ROAD,, ,I,ALICANTE AVENUE,201441243,12/07/2014,Sat,1355,JA,MW1X,302B 382B 801 ,,R,W,O ,L ,T,G,C,50,0,0,0,,,1768532,5902568
Auckland,ORAMS ROAD,, ,I,DAVID AVENUE,201436831,30/04/2014,Wed,430,KB,CE1C,321B 330B ,,R,D,DO,F ,T,S,C,50,0,0,0,,,1768777,5902665
Auckland,ORAMS ROAD,, ,I,DAVID AVENUE,201442712,05/09/2014,Fri,1615,BC,CN2C,122A ,,R,W,OF,L ,T,S,C,50,0,0,0,,,1768777,5902665
Auckland,ORAMS ROAD,, ,I,DAVID AVENUE,201449877,28/11/2014,Fri,212,CB,CW1,112A 130A 514A ,,R,D,DO,F ,T,S,R,50,0,0,0,,,1768777,5902665
Auckland,ORANGEWOOD DRIVE,40,E, ,NORTHPARK AVENUE,201411096,08/03/2014,Sat,15,EA,4W14,129A 358A ,MT,E,D,DN,F , , ,C,50,0,0,1,,,1771596,5912475
Auckland,ORCHARD ST,, ,I,KIRITOA ST,201447551,13/10/2014,Mon,1440,DA,CE1,111A 131A 423A ,F,M,D,B ,F ,T,N,N,50,0,0,0,,,1749839,5915966
Auckland,OREIL AVENUE,15,N, ,ST CATHERINE CRESCENT S,201450232,18/12/2014,Thu,100,DA,CN1C,103A 111A 131A ,M,E,W,DO,F , ,N,C,50,0,0,0,,,1744223,5923693
Auckland,ORERE POINT ROAD,500,S, ,BAYS ROAD,201414774,05/08/2014,Tue,951,QG,MN1,523A 688A 815 ,K,R,D,B ,F , , ,C,50,0,1,0,,,1799324,5906636
Auckland,ORERE POINT ROAD,700,N, ,KAWAKAWA-ORERE ROAD,201417515,04/11/2014,Tue,1700,DB,CN1,111A 131A 692A ,CT,E,D,ON,F , ,N,C,100,0,1,0,,,1798508,5905724
Auckland,ORERE-MATINGARAHI ROAD,1200,E, ,DEERYS ROAD,201437908,22/05/2014,Thu,1546,DA,TN1,129A 407A ,G,M,D,BN,F , ,N,C,100,0,0,0,,,1800961,5904102
Auckland,ORLY AVENUE,, ,I,BADER DRIVE,201445350,30/09/2014,Tue,800,JA,CW2C,302B ,,M,D,B ,F ,R,G,R,50,0,0,0,,,1760098,5907109
Auckland,ORLY AVENUE,, ,I,SERVICE LANE,201438847,07/06/2014,Sat,2020,HA,CE2C,300A ,,R,D,DO,F ,R,G,R,50,0,0,0,,,1760031,5906996
Auckland,ORLY AVENUE,, ,I,SERVICE LANE,201438124,14/05/2014,Wed,1900,HA,CN2C,302B ,,E,D,DO,F ,R,G,C,50,0,0,0,,,1760031,5906996
Auckland,ORLY AVENUE,15,N, ,STAVERTON CRESCENT S,201449046,15/12/2014,Mon,1700,KB,VS1C,308B 375B 929 ,,R,D,ON,F ,D,N,C,50,0,0,0,,,1759677,5906755
Auckland,ORLY AVENUE,10,E, ,WADDON PLACE,201417227,30/10/2014,Thu,2028,PO,CN1E,327A 510A 517A ,,R,D,DO,F ,R,G,R,50,0,0,1,25,,1760027,5907022
Auckland,ORLY AVENUE,80,N, ,WADDON PLACE,201450272,19/12/2014,Fri,930,FB,CN1C,181A ,,R,D,BF,F ,R,G,R,50,0,0,0,,,1760067,5907080
Auckland,ORMISTON ROAD,, ,I,BISHOP LENIHAN PLACE,201435527,28/04/2014,Mon,1720,LB,CE1C,151A 303B 375B ,,R,D,TF,F ,T,G,P,60,0,0,0,,,1769148,5907504
Auckland,ORMISTON ROAD,, ,I,CALDWELLS ROAD,201430032,06/01/2014,Mon,1405,DB,CN1,131A 402A ,F,E,D,BF,F ,T,N,C,80,0,0,0,,,1773497,5908069
Auckland,ORMISTON ROAD,, ,I,CHAPEL ROAD,201437037,26/02/2014,Wed,800,FE,TE1C,331A ,,R,D,B ,F ,X,T,C,50,0,0,0,,,1769733,5907358
Auckland,ORMISTON ROAD,, ,I,CHAPEL ROAD,201415848,20/09/2014,Sat,1550,DB,CE1VC,131A 504A ,,R,W,O ,L ,X,T,P,60,0,0,1,,,1769733,5907358
Auckland,ORMISTON ROAD,, ,I,CHAPEL ROAD,201414341,19/04/2014,Sat,824,LB,VW1C,303B ,,R,D,O ,F ,X,T,R,60,0,0,1,,,1769733,5907358
Auckland,ORMISTON ROAD,15,W, ,JARVIS WAY,201448604,27/11/2014,Thu,840,FD,CW1C,181A 331A ,,R,D,B ,F , , ,C,50,0,0,0,,,1768466,5907669
Auckland,ORMISTON ROAD,, ,I,MICHAEL JONES DRIVE,201443071,10/09/2014,Wed,1745,JA,VW1C,302B 375B ,,R,D,TF,F ,T,G,P,60,0,0,0,,,1769500,5907418
Auckland,ORMISTON ROAD,, ,I,MICHAEL JONES DRIVE,201432484,24/02/2014,Mon,820,AC,CE1C,350A 372A ,,R,D,BF,F ,T,N,P,60,0,0,0,,,1769500,5907418
Auckland,ORMISTON ROAD,400,E, ,MURPHYS ROAD,201413119,20/05/2014,Tue,840,KA,CS1V,308B 370B 929 ,,R,D,B ,F ,D, ,C,60,0,0,1,,,1771728,5906958
Auckland,ORMISTON ROAD,, ,I,MURPHYS ROAD,201417654,02/12/2014,Tue,1820,FB,4E1C,181A 330A ,,R,D,B ,F ,X,G,P,50,0,0,1,,,1771339,5907014
Auckland,ORMISTON ROAD,, ,I,MURPHYS ROAD,201415707,20/08/2014,Wed,1749,HA,CS24,322B ,,R,W,DO,L ,X,T,R,50,0,0,2,,,1771339,5907014
Auckland,ORMISTON ROAD,, ,I,MURPHYS ROAD,201438579,15/06/2014,Sun,1115,GA,CE1C,181A ,,R,D,O ,F ,X,G,R,50,0,0,0,,,1771339,5907014
Auckland,ORMISTON ROAD,50,E, ,PENCAITLAND DRIVE,201450109,20/11/2014,Thu,920,AA,4W14,387A 387B 817 903 ,,E,D,B ,FS, , ,C,50,0,0,0,,,1770540,5907163
Auckland,ORMISTON ROAD,, ,I,PRESTON ROAD,201411617,18/03/2014,Tue,1630,NA,CE1E,711B ,,R,D,OF,F ,T,G,C,50,0,0,1,33,,1768148,5907749
Auckland,ORMISTON ROAD,700,N, ,SHEPHERDS LANE,201417161,06/11/2014,Thu,1012,DB,CS1,111A 131A 402A ,FK,M,W,B ,F , , ,C,100,0,0,1,,,1772799,5907379
Auckland,ORMISTON ROAD,60,W, ,TE ARA KAHIKATEA,201437990,08/05/2014,Thu,1745,JA,CE1C,602A 308B 375B 922 ,,R,W,TF,F ,D,N,C,60,0,0,0,,,1770753,5907089
Auckland,ORMISTON ROAD,40,E, ,TE IRIRANGI DRIVE,201433770,21/03/2014,Fri,1650,FA,CE1C,181A 350A ,,R,D,O ,F , , ,C,50,0,0,0,,,1769366,5907450
Auckland,ORMISTON ROAD,10,W, ,TE IRIRANGI DRIVE,201431339,07/03/2014,Fri,1100,FE,CE14,331A 387A ,,R,D,BF,F ,X,T,R,60,0,0,0,,,1769305,5907465
Auckland,ORMISTON ROAD,15,W, ,TE IRIRANGI DRIVE,201437125,07/05/2014,Wed,1615,AA,CE14,372A ,,R,D,BF,F , ,T,R,60,0,0,0,,,1769301,5907466
Auckland,ORMISTON ROAD,, ,I,TE IRIRANGI DRIVE,201411306,19/03/2014,Wed,2135,HA,CN2C,322A ,,R,D,DO,F ,X,T,R,80,0,0,1,,,1769315,5907462
Auckland,ORMISTON ROAD,, ,I,TE IRIRANGI DRIVE,201441021,15/07/2014,Tue,1745,FB,CE1C,181A ,,R,D,DO,F ,X,G,R,50,0,0,0,,,1769315,5907462
Auckland,ORMISTON ROAD,, ,I,TE IRIRANGI DRIVE,201430915,17/02/2014,Mon,1645,AA,BW1C,372A 671A ,,R,D,BF,F ,X,T,C,50,0,0,0,,,1769327,5907459
Auckland,ORMISTON ROAD,, ,I,VALDERAMA DRIVE,201410870,09/01/2014,Thu,750,JA,VE1C,302B 382B 901 ,,R,W,O ,H ,T,G,P,60,0,0,1,,,1771801,5906933
Auckland,ORMISTON ROAD,, ,I,VALDERAMA DRIVE,201440212,24/06/2014,Tue,1630,LB,SE1C,303B ,,R,D,B ,F ,T,G,C,50,0,0,0,,,1771801,5906933
Auckland,ORORKE ROAD,200,N, ,CHURCH ST,201446576,17/10/2014,Fri,1106,QG,TN1TCC,330A 682A 683A ,X,R,D,B ,F , , ,C,50,0,0,0,,,1761999,5912680
Auckland,ORORKE ROAD,, ,I,CHURCH ST,201440605,27/06/2014,Fri,414,LB,CS1C,303B 517B 927 ,P,R,W,DO,F ,D,N,C,50,0,0,0,,,1762103,5912509