TLANAME,CRASHROAD,CRASHDIST,CRASHDIRN,INTSN,SIDEROAD,CRASHID,CRASHDATE,CRASHDOW,CRASHTIME,MVMT,VEHICLES,CAUSES,OBJECTSSTRUCK,ROADCURVE,ROADWET,LIGHT,WTHRa,JUNCTYPE,TRAFCTRL,ROADMARK,SPDLIM,CRASHFATALCNT,CRASHSEVCNT,CRASHMINCNT,PERSAGE1,PERSAGE2,EASTING,NORTHING
Auckland,ORORKE ROAD,15,S, ,STATION ROAD,201437298,05/05/2014,Mon,1430,AA,VN1T,372A ,,R,D,BF,F ,T,T,C,50,0,0,0,,,1761588,5913290
Auckland,ORUARANGI ROAD,300,N, ,IHUMATAO ROAD,201412872,11/04/2014,Fri,925,CC,CS1,130A ,C,R,D,B ,F , , ,C,100,0,0,1,,,1756604,5904809
Auckland,ORUARANGI ROAD,, ,I,IHUMATAO ROAD,201441373,23/07/2014,Wed,1545,DA,CS2,131A 195A 402A ,P,R,D,B ,F ,T,G,C,100,0,0,0,,,1756421,5904573
Auckland,ORWELL ROAD,, ,I,TE WHARAU DRIVE,201440665,22/07/2014,Tue,1351,JA,CN1C,197A 302B 375B ,,R,D,O ,F ,T,G,C,50,0,0,0,,,1750135,5929359
Auckland,OSHANNESSEY ST,60,N, ,BROADWAY,201416866,14/11/2014,Fri,1310,MO,CW1,112A 505A 920 ,CS,R,D,O ,F ,D,N,C,70,0,0,1,,,1772792,5896485
Auckland,OSHANNESSEY ST,, ,I,BROADWAY,201449171,10/12/2014,Wed,1406,FE,CS1C,181A ,,R,D,BF,F ,T,T,C,50,0,0,0,,,1772771,5896429
Auckland,OSHANNESSEY ST,, ,I,GREAT SOUTH ROAD,201448361,10/12/2014,Wed,1247,FE,CW1C,181A 330A 191B ,,R,D,B ,F ,T,T,C,50,0,0,0,,,1772550,5896704
Auckland,OSTEND ROAD,100,E, ,CALAIS TERRACE,201414769,21/06/2014,Sat,1211,GD,MW14,158A 380A 402A 927 ,,R,D,B ,F ,D, ,C,50,0,1,0,,,1783203,5925744
Auckland,OSTEND ROAD,, ,I,TAHI ROAD,201436592,15/05/2014,Thu,546,DB,CS2,103A 111A 131A 801 ,ET,R,W,DO,L ,T,G,C,50,0,0,0,,,1783369,5925653
Auckland,OSTERLEY WAY,, ,I,AMERSHAM WAY,201436567,13/03/2014,Thu,1150,LB,CW2C,330B 386B ,,E,D,B ,F ,X,G,X,50,0,0,0,,,1767217,5904432
Auckland,OSTERLEY WAY,10,N, ,PUTNEY WAY,201446455,23/10/2014,Thu,1410,FC,CS1C,181A ,,R,D,BF,F ,X,G,X,50,0,0,0,,,1767276,5904287
Auckland,OSTRICH FARM ROAD,750,N, ,HEIGHTS ROAD,201443680,05/09/2014,Fri,1845,DB,CN1,131A 363A ,V,M,D,DN,F , , ,N,100,0,0,0,,,1767197,5883956
Auckland,OSTRICH ROAD,590,S, ,GLENBROOK ROAD,201446054,18/10/2014,Sat,1608,DA,CN1,111A 131A 402A 901 ,P,E,W,O ,H , , ,C,100,0,0,0,,,1765185,5886617
Auckland,OSTRICH ROAD,690,S, ,GLENBROOK ROAD,201411678,25/03/2014,Tue,845,DA,CN1,111A 131A ,FPX,M,W,ON,F , ,N,C,100,0,1,0,,,1765114,5886546
Auckland,OSTRICH ROAD,700,S, ,GLENBROOK ROAD,201413697,14/06/2014,Sat,11,DA,CN1,103A 111A 131A 410A ,F,M,D,DN,F , , ,C,100,0,0,1,,,1765111,5886536
Auckland,OSTRICH ROAD,600,N, ,OSTRICH FARM ROAD,201430188,20/01/2014,Mon,2246,DA,CS1,129A 131A 363A ,F,M,W,DN,F , ,N,C,100,0,0,0,,,1765002,5885866
Auckland,OTARA OFF NBD,30,W, ,SH 1N,201415018,12/08/2014,Tue,850,FD,VW1CC,181A 181B ,,R,D,B ,F , , ,C,100,0,0,1,,,1766142,5907595
Auckland,OTARA ON NBD,60,N, ,EAST TAMAKI ROAD,201443890,22/08/2014,Fri,1800,FD,VN1C,181A ,,E,D,TO,F , ,N,R,50,0,0,0,,,1766168,5907492
Auckland,OTARA ROAD,, ,I,EAST TAMAKI ROAD,201450227,25/12/2014,Thu,1631,FE,CW1C,181A ,,R,D,BF,F ,X,T,C,50,0,0,0,,,1766444,5907620
Auckland,OTARA ROAD,100,S, ,FRANICH ST,201411502,09/02/2014,Sun,1525,JA,MN14,204A 308B 375B 930 ,,R,D,BF,F ,D,N,C,50,0,0,1,,,1766659,5908551
Auckland,OTEHA VALLEY OFF SBD,10,N, ,OTEHA VALLEY ROAD,201442021,04/08/2014,Mon,745,MO,CS1C,385A ,,E,D,OF,F ,T,T,N,50,0,0,0,,,1753006,5935049
Auckland,OTEHA VALLEY ON NBD,100,S, ,OTEHA VALLEY ROAD,201431753,14/02/2014,Fri,1720,FD,CS1C,181A 331A 350A ,,R,D,BF,F , , ,N,50,0,0,0,,,1752875,5935062
Auckland,OTEHA VALLEY ON SBD,50,S, ,OTEHA VALLEY ROAD,201417362,12/11/2014,Wed,1350,FD,CS1C,181A 331A ,,R,D,O ,F , , ,N,100,0,0,1,,,1753025,5934981
Auckland,OTEHA VALLEY ROAD,20,W, ,EAST COAST ROAD,201411049,19/01/2014,Sun,1325,AA,CE1C,372A 402A 671A ,,R,D,B ,F , , ,C,60,0,0,1,,,1754305,5935984
Auckland,OTEHA VALLEY ROAD,, ,I,EAST COAST ROAD,201412189,05/05/2014,Mon,1755,LB,CW2C,112A 322A ,,R,D,TO,F ,X,T,R,50,0,0,1,,,1754323,5935992
Auckland,OTEHA VALLEY ROAD,50,W, ,MEDALLION DRIVE,201438705,01/07/2014,Tue,845,FD,4E1V,181A ,,R,D,DO,FF, ,N,R,50,0,0,0,,,1753217,5935187
Auckland,OTEHA VALLEY ROAD,, ,I,MEDALLION DRIVE,201446302,03/09/2014,Wed,1628,HA,CN2S,302A 382A ,,E,D,BF,F ,R,G,R,50,0,0,0,,,1753277,5935212
Auckland,OTEHA VALLEY ROAD,, ,I,MUNROE LANE,201441745,17/08/2014,Sun,11,HA,CE1C,302A ,,R,D,DO,F ,R,G,R,50,0,0,0,,,1752565,5934759
Auckland,OTEHA VALLEY ROAD,, ,I,OTEHA VALLEY OFF NBD,201411108,10/03/2014,Mon,1605,JA,VS1C,322A 350A 322B 350B ,,R,D,B ,F ,X,T,C,60,0,0,1,,,1752914,5934957
Auckland,OTEHA VALLEY ROAD,, ,I,OTEHA VALLEY OFF NBD,201431855,10/03/2014,Mon,2035,JA,CW14,322A 351A ,,R,D,DO,F ,M,T,R,60,0,0,0,,,1752914,5934957
Auckland,OTEHA VALLEY ROAD,, ,I,OTEHA VALLEY OFF SBD,201432395,04/02/2014,Tue,1832,BF,CE2C,103A 113A 514A ,I,E,D,B ,F ,T,G,R,100,0,0,0,,,1753012,5935041
Auckland,OTEHA VALLEY ROAD,200,S, ,OTEHA VALLEY ON SBD,201437199,29/05/2014,Thu,1515,AO,VS14,372A ,,R,D,OF,F , ,N,R,100,0,0,0,,,1752855,5934914
Auckland,OTEHA VALLEY ROAD,, ,I,OTEHA VALLEY ON SBD,201442057,02/08/2014,Sat,1431,FB,CW1C,181A ,,R,D,OF,F ,X,G,C,50,0,0,0,,,1753018,5935030
Auckland,OTEHA VALLEY ROAD,100,W, ,RISING PARADE,201415461,27/08/2014,Wed,1049,CC,CE1,130A 402A 412A ,IT,R,D,O ,F , , ,R,60,0,0,1,,,1753676,5935574
Auckland,OTHELLO DRIVE,, ,I,BOUNDARY ROAD,201439158,07/06/2014,Sat,745,GD,CN1V,103A 112A ,,R,D,B ,F ,X,G,C,50,0,0,0,,,1768460,5905430
Auckland,OTHELLO DRIVE,, ,I,DAWSON ROAD,201447510,14/10/2014,Tue,1519,DB,CN2,131A 817 ,P,M,D,B ,F ,T,G,C,50,0,0,0,,,1768633,5906082
Auckland,OTHELLO DRIVE,, ,I,DAWSON ROAD,201412102,27/04/2014,Sun,1759,DA,CS2T,131A 514A ,M,R,D,B ,F ,T,S,C,50,0,0,1,,,1768633,5906082
Auckland,OWAIRAKA AVENUE,120,W, ,TYBURNIA AVENUE,201416574,18/09/2014,Thu,630,KA,VW1P,308B 377B 929 ,,R,D,OF,F ,D,N,C,50,0,0,1,,,1753720,5915467
Auckland,OWENS ROAD,20,N, ,EPSOM AVENUE,201446464,27/10/2014,Mon,2225,DB,CN1C,136A 620A ,MP,E,W,DO,H , ,N,L,50,0,0,0,,,1757268,5916838
Auckland,OWENS ROAD,20,S, ,EPSOM AVENUE,201438949,16/05/2014,Fri,1407,BF,CN1C,131A ,,M,W,OF,L ,T,G,C,50,0,0,0,,,1757268,5916838
Auckland,OWENS ROAD,20,E, ,MARAMA AVENUE,201438526,08/06/2014,Sun,2338,CB,CW1,410A 801 ,KT,R,W,DO,L , , ,C,50,0,0,0,,,1757606,5917088
Auckland,OWL COURT,30,S, ,BLUEBIRD CRESCENT,201414764,06/08/2014,Wed,1005,MO,CN1C,427A 507A 801 929 ,FX,R,W,O ,L ,D, ,N,50,0,0,1,,,1752932,5930694
Auckland,PACIFIC PARADE,50,W, ,SHORT ST,201442593,07/08/2014,Thu,,MF,CE1T,371B ,,R,D,OF,F , ,N,C,50,0,0,0,,,1781025,5926820
Auckland,PAERATA ROAD,30,S, ,ADAMS DRIVE S,201417458,22/10/2014,Wed,1740,FD,VN1C,181A ,,R,W,OF,H ,T,N,P,50,0,0,1,,,1768806,5882491
Auckland,PAGET ST,20,N, ,PICTON ST,201430867,08/02/2014,Sat,2300,EA,VS1C,129A ,M,R,D,DN,F ,T,N,N,50,0,0,0,,,1755794,5919688
Auckland,PAH ROAD,, ,I,ACORN ST,201448002,05/11/2014,Wed,1746,JA,CS1C,173A 200A 301B 314B ,,R,D,B ,F ,T,S,P,50,0,0,0,,,1757667,5913675
Auckland,PAH ROAD,, ,I,ACORN ST,201431879,19/02/2014,Wed,1530,JA,4S1VCX,301B 314B 377B ,,R,D,OF,F ,T,S,C,50,0,0,0,,,1757667,5913675
Auckland,PAH ROAD,, ,I,ACORN ST,201437324,15/05/2014,Thu,710,JA,CS1C,301B 314B 377B ,,R,D,B ,F ,T,S,P,50,0,0,0,,,1757667,5913675
Auckland,PAH ROAD,, ,I,FERNDOWN AVENUE,201446851,02/11/2014,Sun,430,DC,CS1,103A 112A ,F,R,D,DO,F ,T,G,C,50,0,0,0,,,1763825,5905002
Auckland,PAH ROAD,20,N, ,GREENFIELD ROAD,201450957,05/12/2014,Fri,2202,MO,CN1C,510A 691A 512B 514B 517B ,,R,D,DO,F , , ,C,50,0,0,0,,,1757852,5914356
Auckland,PAH ROAD,, ,I,HILLSIDE ROAD,201449881,16/12/2014,Tue,1705,HA,CE1C,321B 375B ,,R,D,OF,L ,T,S,C,70,0,0,0,,,1764025,5905057
Auckland,PAH ROAD,, ,I,MANUKAU ROAD,201436633,08/05/2014,Thu,1130,AO,TN1C,150A 381A ,,R,D,B ,F ,T,T,C,50,0,0,0,,,1757971,5914786
Auckland,PAH ROAD,15,N, ,MOUNT ALBERT ROAD,201448799,01/12/2014,Mon,815,FD,CN1C,181A ,,R,D,B ,F , , ,L,50,0,0,0,,,1757644,5913592
Auckland,PAH ROAD,15,N, ,MOUNT ALBERT ROAD,201434000,12/04/2014,Sat,520,FD,CS1C,181A ,,R,D,TO,F ,X,T,L,50,0,0,0,,,1757644,5913592
Auckland,PAH ROAD,10,S, ,MOUNT ALBERT ROAD,201448496,21/11/2014,Fri,1525,FE,CN1C,181A ,,R,D,BF,F ,T,T,C,50,0,0,0,,,1757639,5913567
Auckland,PAH ROAD,100,S, ,MOUNT ALBERT ROAD,201437109,30/04/2014,Wed,2140,AC,CS1C,372A ,,R,D,DO,F , ,N,C,50,0,0,0,,,1757622,5913479
Auckland,PAH ROAD,, ,I,OAK ST,201416876,31/10/2014,Fri,2037,NA,CS1E,711B 732B ,,R,D,DO,F ,T,N,C,50,0,0,1,17,,1757695,5913774
Auckland,PAH ROAD,25,S, ,ORAKAU AVENUE,201400165,31/07/2014,Thu,1359,NB,XS1E,711B 719B ,,R,D,B ,F , ,N,P,50,1,0,0,80,,1757948,5914705
Auckland,PAH ROAD,15,S, ,REWI ROAD,201442432,12/06/2014,Thu,655,AA,CN1T,381A ,,R,D,BF,F , ,N,C,50,0,0,0,,,1757680,5913722
Auckland,PAH ROAD,, ,I,SELWYN ROAD,201444709,20/08/2014,Wed,700,HA,CS1C,302B 375B ,,R,W,OF,L ,T,G,C,50,0,0,0,,,1757878,5914453
Auckland,PAH ROAD,, ,I,SELWYN ROAD,201412963,12/05/2014,Mon,1449,JA,CS1C,301B 377B ,,R,D,O ,F ,T,S,C,50,0,0,1,,,1757878,5914453
Auckland,PAH ROAD,, ,I,SELWYN ROAD,201442279,18/08/2014,Mon,920,KC,CS1C,330A 330B 929 ,,R,D,O ,F ,D,N,P,50,0,0,0,,,1757878,5914453
Auckland,PAH ROAD,20,N, ,TRAFALGAR ST,201433995,14/04/2014,Mon,1400,FD,CS1C,181A 330A ,,E,D,B ,F ,T,T,C,50,0,0,0,,,1757549,5913067
Auckland,PAH ROAD,40,W, ,WYLLIE ROAD,201449645,28/11/2014,Fri,1530,EE,CE1C,374B ,M,R,D,O ,F , , ,C,50,0,0,0,,,1764409,5905004
Auckland,PAKIRA AVENUE,200,S, ,FELGROVE ST,201417468,01/11/2014,Sat,434,EA,CN1T,103A 129A 358A ,M,E,W,DN,L , ,N,N,50,0,0,1,,,1746776,5915479
Auckland,PAKIRI RIVER ROAD,2300,N, ,PAKIRI ROAD,201441385,02/08/2014,Sat,1745,DA,CN1,129A 138A 191A 800 801 ,F,M,W,TN,L , , ,N,100,0,0,0,,,1754524,5987301
Auckland,PAKIRI ROAD,460,E, ,RAHUIKIRI ROAD,201411526,08/03/2014,Sat,1324,BB,CS1C,129A 404A ,,M,D,BN,F , ,N,C,100,0,0,1,,,1753523,5985476
Auckland,PAKURANGA HIGHWAY,, ,I,MASCOT AVENUE,201444885,22/11/2014,Sat,2330,EC,CN2,101A 410A ,I,R,D,DO,F ,R,G,R,50,0,0,0,,,1760394,5907036
Auckland,PAKURANGA HIGHWAY,, ,A,MILLEN UNDERPASS,201447370,18/11/2014,Tue,1820,FD,CS1CC,181A 330A ,,R,D,B ,F , ,N,R,80,0,0,0,,,1765814,5913150
Auckland,PAKURANGA HIGHWAY,10,W, ,TI RAKAU DRIVE,201435196,04/04/2014,Fri,1315,FD,CE1V,181A ,,R,D,B ,F ,X,G,C,50,0,0,0,,,1766642,5912919
Auckland,PAKURANGA HIGHWAY,100,W, ,TI RAKAU DRIVE,201444327,20/09/2014,Sat,245,DB,CE1,131A 353A ,G,E,D,DO,F , , ,C,80,0,0,0,,,1766573,5912862
Auckland,PAKURANGA HIGHWAY,110,W, ,TI RAKAU DRIVE,201436754,25/05/2014,Sun,2352,DB,CW1,111A 131A ,P,E,W,DO,F , ,N,C,60,0,0,0,,,1766572,5912848
Auckland,PAKURANGA HIGHWAY,150,W, ,TI RAKAU DRIVE,201418732,01/12/2014,Mon,700,DB,VE1,111A 131A 801 ,K,M,W,O ,L , , ,C,60,0,0,1,,,1766527,5912842
Auckland,PAKURANGA HIGHWAY,180,W, ,TI RAKAU DRIVE,201417113,11/11/2014,Tue,725,AA,CW1M,184A 184B ,,E,D,B ,F , , ,R,80,0,0,1,,,1766507,5912825
Auckland,PAKURANGA HIGHWAY,600,W, ,TI RAKAU DRIVE,201447089,20/10/2014,Mon,1800,FD,CE1C,331A 410A ,,E,D,BF,F , ,N,C,80,0,0,0,,,1766123,5913011
Auckland,PAKURANGA HIGHWAY,, ,I,TI RAKAU DRIVE,201444872,15/11/2014,Sat,2310,DA,CW1,103A 131A ,T,M,W,DO,F ,T,T,C,50,0,0,0,,,1766658,5912916
Auckland,PAKURANGA HIGHWAY,, ,I,TI RAKAU DRIVE,201447733,28/10/2014,Tue,520,DB,VW1,111A 131A 801 ,S,M,W,DO,L ,T,T,R,50,0,0,0,,,1766663,5912928
Auckland,PAKURANGA HIGHWAY,200,E, ,WAIPUNA ROAD,201432813,06/03/2014,Thu,745,AO,CW1CC,331A ,,E,D,B ,F , , ,C,80,0,0,0,,,1765355,5913339
Auckland,PAKURANGA HIGHWAY,200,E, ,WAIPUNA ROAD,201444328,16/09/2014,Tue,1650,FA,VE1C,181A 801 ,,R,W,O ,L , , ,C,80,0,0,0,,,1765354,5913352
Auckland,PAKURANGA HIGHWAY,, ,I,WAIPUNA ROAD,201413538,10/07/2014,Thu,2130,FE,CW1C,331A 358A ,,R,D,DO,F ,T,T,R,80,0,0,1,,,1765163,5913376
Auckland,PAKURANGA ROAD,, ,I,ANGELO AVENUE,201442885,06/09/2014,Sat,1132,JA,CE14,302B 387B ,,R,D,B ,F ,T,G,C,60,0,0,0,,,1770274,5914653
Auckland,PAKURANGA ROAD,, ,I,AVIEMORE DRIVE,201448627,30/11/2014,Sun,1150,FE,CN1C,173A 386A ,,R,D,B ,F ,X,T,R,50,0,0,0,,,1769862,5914774
Auckland,PAKURANGA ROAD,20,E, ,BUCKLANDS BEACH ROAD,201417537,07/10/2014,Tue,1850,FD,CE1P,181A ,,R,D,BF,F , ,N,C,50,0,0,1,,,1769882,5914768
Auckland,PAKURANGA ROAD,100,W, ,BUCKLANDS BEACH ROAD,201431224,20/02/2014,Thu,1800,LB,CW1C,303B 375B 925 ,,R,D,BF,F ,D,N,C,60,0,0,0,,,1769763,5914777
Auckland,PAKURANGA ROAD,, ,I,BUCKLANDS BEACH ROAD,201441774,28/05/2014,Wed,1220,AA,CE1C,372A ,,R,D,B ,F ,X,T,C,60,0,0,0,,,1769862,5914774
Auckland,PAKURANGA ROAD,10,W, ,CASCADES ROAD,201447828,17/11/2014,Mon,1145,FF,CW1C,181A 331A ,,R, , F,H ,T,T,C,60,0,0,0,,,1768777,5914113
Auckland,PAKURANGA ROAD,, ,I,CASCADES ROAD,201437255,05/06/2014,Thu,2008,JC,CW1C,102A 302A 352A ,,R,D,DO,F ,T,G,R,60,0,0,0,,,1768783,5914121
Auckland,PAKURANGA ROAD,50,E, ,CROMDALE AVENUE,201436775,26/05/2014,Mon,1750,EA,VW1CC,330A 386A ,M,R,D,DO,F , ,N,C,60,0,0,0,,,1770451,5914641
Auckland,PAKURANGA ROAD,, ,I,DUNROBIN PLACE,201435461,24/03/2014,Mon,1420,BC,CW1C,111A 122A 403A ,,E,D,BF,F ,T,T,P,60,0,0,0,,,1769671,5914742
Auckland,PAKURANGA ROAD,40,E, ,FORTUNES ROAD,201445293,12/09/2014,Fri,1720,LB,CE1C,102A 330A 314B 377B 801 922 ,,E,W,O ,L ,D, ,P,60,0,0,0,,,1769258,5914485
Auckland,PAKURANGA ROAD,80,E, ,FORTUNES ROAD,201437996,22/05/2014,Thu,1806,LB,CW1C,303B 375B 924 ,,R,D,DO,F ,D,N,C,60,0,0,0,,,1769292,5914507
Auckland,PAKURANGA ROAD,90,W, ,FORTUNES ROAD,201438852,12/03/2014,Wed,1915,KA,VE1C,308B 377B 929 ,,R,D,DO,F ,D,N,C,60,0,0,0,,,1769149,5914415
Auckland,PAKURANGA ROAD,200,W, ,FORTUNES ROAD,201433350,09/01/2014,Thu,920,AC,CE1T,372A ,,R,D,BF,F , ,N,P,60,0,0,0,,,1769063,5914346
Auckland,PAKURANGA ROAD,, ,I,FORTUNES ROAD,201446445,16/10/2014,Thu,2030,LB,CE1C,303B 375B ,,R,D,DO,F ,T,T,C,60,0,0,0,,,1769225,5914464
Auckland,PAKURANGA ROAD,, ,I,FORTUNES ROAD,201449153,11/11/2014,Tue,1245,FE,CW1C,181A ,,R,D,BF,F ,T,T,R,60,0,0,0,,,1769225,5914464
Auckland,PAKURANGA ROAD,, ,I,FORTUNES ROAD,201435314,22/04/2014,Tue,1645,FE,CE1C,331A ,,R,D,B ,F ,T,T,C,50,0,0,0,,,1769225,5914464
Auckland,PAKURANGA ROAD,20,E, ,GLENMORE ROAD,201447967,23/11/2014,Sun,1120,FE,CW1CCV,101A 331A 351A 101B ,,E,D,B ,F ,T,T,R,60,0,0,0,,,1767955,5913686
Auckland,PAKURANGA ROAD,50,E, ,GOSSAMER DRIVE,201448356,17/12/2014,Wed,726,FD,CW1C,334A 350A ,,R,D,O ,F , ,N,R,60,0,0,0,,,1768355,5913891
Auckland,PAKURANGA ROAD,20,S, ,GOSSAMER DRIVE,201430231,05/01/2014,Sun,1645,FD,4N1C,181A ,,R,W,O ,L , , ,N,50,0,0,0,,,1768288,5913869
Auckland,PAKURANGA ROAD,70,W, ,GOSSAMER DRIVE,201417849,19/11/2014,Wed,1645,GA,SE1C,181A 671B 929 ,,R,D,B ,F ,D, ,R,60,0,1,0,,41,1768243,5913846
Auckland,PAKURANGA ROAD,180,W, ,GOSSAMER DRIVE,201440469,31/07/2014,Thu,830,EA,CE1T,129A 363A 902 ,M,R,D,B ,F , ,N,R,60,0,0,0,,,1768145,5913796
Auckland,PAKURANGA ROAD,, ,I,GOSSAMER DRIVE,201433768,23/02/2014,Sun,1115,FE,4N2C,181A ,,R,D,B ,F ,T,T,C,50,0,0,0,,,1768311,5913868
Auckland,PAKURANGA ROAD,, ,I,GOSSAMER DRIVE,201439331,17/06/2014,Tue,1340,FO,VW14,358A 427A ,,R,W,O ,F ,T,T,C,60,0,0,0,,,1768311,5913868
Auckland,PAKURANGA ROAD,40,E, ,HUTCHINSON ROAD,201439290,13/06/2014,Fri,1815,EA,VE1C,129A 358A ,M,R,D,TO,F , , ,C,60,0,0,0,,,1770154,5914663
Auckland,PAKURANGA ROAD,25,E, ,JOHNS LANE,201430045,07/01/2014,Tue,700,AA,CW1T,381A ,,R,D,BF,F , ,N,C,60,0,0,0,,,1767790,5913600
Auckland,PAKURANGA ROAD,, ,I,JOHNS LANE,201445850,14/10/2014,Tue,815,JA,CS1C,303B 375B ,,R,D,B ,F ,T,G,R,60,0,0,0,,,1767767,5913589
Auckland,PAKURANGA ROAD,30,E, ,KENTIGERN CLOSE,201414198,13/07/2014,Sun,1758,NA,CW1E,105B 711B ,,R,D,TO,F , ,N,P,50,0,0,1,42,,1766711,5913323
Auckland,PAKURANGA ROAD,30,E, ,KENTIGERN CLOSE,201443062,13/06/2014,Fri,1830,MO,CW1C,184A 308A 372A 922 ,,R,D,DO,F ,D, ,C,60,0,0,0,,,1766711,5913323
Auckland,PAKURANGA ROAD,10,E, ,KERSWILL PLACE,201440221,20/06/2014,Fri,2040,FF,CE1C,181A 191B ,R,R,D,DO,F ,T,G,C,50,0,0,0,,,1765791,5913437
Auckland,PAKURANGA ROAD,130,N, ,KERSWILL PLACE,201442359,24/08/2014,Sun,1040,FD,CN1CC,112A 181A ,,R,D,B ,F , ,N,L,50,0,0,0,,,1765675,5913516
Auckland,PAKURANGA ROAD,15,E, ,LATHAM AVENUE,201439022,11/06/2014,Wed,1730,FD,CW1C,181A ,,R,D,OF,F , ,N,C,60,0,0,0,,,1766166,5913284
Auckland,PAKURANGA ROAD,120,W, ,LEWIS ROAD,201449742,26/12/2014,Fri,1005,FE,CE1C,112A 504A 930 ,,R,D,B ,F ,D,N,P,60,0,0,0,,,1767180,5913408
Auckland,PAKURANGA ROAD,, ,I,LEWIS ROAD,201432816,07/03/2014,Fri,2130,GA,CW1C,103A 181A 331A ,,R,D,DO,F ,T,G,R,60,0,0,0,,,1767298,5913426
Auckland,PAKURANGA ROAD,100,E, ,MILLEN AVENUE,201435487,03/05/2014,Sat,1736,FD,VW1CC,181A 330A ,,R,D,TO,F , ,N,R,60,0,0,0,,,1765964,5913330
Auckland,PAKURANGA ROAD,, ,I,MILLEN AVENUE,201411838,19/03/2014,Wed,205,EC,CW1,103A 129A ,GP,E,D,DO,F ,T,T,C,50,0,1,0,,,1765877,5913375
Auckland,PAKURANGA ROAD,, ,I,MILLEN AVENUE,201436066,30/04/2014,Wed,1730,AA,VW1C,372A ,,R,D,BF,F ,T,T,C,50,0,0,0,,,1765877,5913375
Auckland,PAKURANGA ROAD,, ,I,MILLEN AVENUE,201439558,08/06/2014,Sun,1830,JA,CW1C,322A ,,R,D,O ,F ,T,T,C,50,0,0,0,,,1765877,5913375
Auckland,PAKURANGA ROAD,60,W, ,PIGEON MOUNTAIN ROAD,201418748,19/12/2014,Fri,1500,LB,SE1C,303B 375B 927 ,,R,D,B ,F ,D, ,C,50,0,1,0,,69,1769445,5914605
Auckland,PAKURANGA ROAD,, ,I,PIGEON MOUNTAIN ROAD,201414580,11/07/2014,Fri,1340,HA,CW1C,334A 334B 801 927 ,,R,W,O ,L ,D,T,C,60,0,0,1,,,1769496,5914637
Auckland,PAKURANGA ROAD,, ,I,PIGEON MOUNTAIN ROAD,201430024,06/01/2014,Mon,1352,JA,CE1C,322A ,,R,D,BF,F ,T,T,C,60,0,0,0,,,1769496,5914637
Auckland,PAKURANGA ROAD,20,W, ,SIR LLOYD DRIVE,201417776,21/12/2014,Sun,1700,PC,CS1E,308A 330A 375A 924 ,,R,D,B ,F ,D,N,N,60,0,0,1,51,,1769321,5914526
Auckland,PAKURANGA ROAD,10,E, ,STANNILAND ST,201442401,29/07/2014,Tue,1855,FD,CE1C,181A ,,R,D,DO,F ,T,G,C,60,0,0,0,,,1768628,5914044
Auckland,PAKURANGA ROAD,10,E, ,STANNILAND ST,201430610,31/01/2014,Fri,820,FD,VW1CC,181A 330A ,,R,D,B ,F ,T,N,C,60,0,0,0,,,1768628,5914044
Auckland,PAKURANGA ROAD,50,E, ,STANNILAND ST,201433221,24/03/2014,Mon,820,FD,CE1CCC,331A 410A ,,E,D,BF,F , ,N,P,60,0,0,0,,,1768663,5914063
Auckland,PAKURANGA ROAD,5,W, ,STANNILAND ST,201449745,27/12/2014,Sat,2315,MC,CE1C,372B 386B ,,R,D,DO,F ,M,T,C,60,0,0,0,,,1768614,5914037
Auckland,PAKURANGA ROAD,20,E, ,TI RAKAU DRIVE,201449973,14/12/2014,Sun,1210,FD,CW1CC,331A 353A ,,E,W,O ,L , , ,C,60,0,0,0,,,1766549,5913284
Auckland,PAKURANGA ROAD,100,E, ,TI RAKAU DRIVE,201414719,15/07/2014,Tue,721,NA,VW1E,710B 712B ,,R,D,B ,F , , ,R,60,0,0,1,46,,1766627,5913303
Auckland,PAKURANGA ROAD,200,E, ,TI RAKAU DRIVE,201444556,07/08/2014,Thu,820,LB,MW1CBC,303B 377B 922 ,,R,D,B ,F ,D,N,P,60,0,0,0,,,1766724,5913326
Auckland,PAKURANGA ROAD,20,W, ,TI RAKAU DRIVE,201444717,21/08/2014,Thu,1740,AC,CE1C,372A ,,R,D,OF,F , ,N,C,50,0,0,0,,,1766549,5913284
Auckland,PAKURANGA ROAD,130,W, ,TI RAKAU DRIVE,201433360,22/02/2014,Sat,9,DB,CE1,103A 131A ,G,M,D,DO,F , ,N,C,80,0,0,0,,,1766656,5913310
Auckland,PAKURANGA ROAD,, ,I,TI RAKAU DRIVE,201440259,02/07/2014,Wed,2300,LB,CW1C,323B 353B ,,R,D,DO,F ,M,T,R,60,0,0,0,,,1766530,5913279
Auckland,PAKURANGA ROAD,, ,I,TI RAKAU DRIVE,201442640,17/07/2014,Thu,225,DB,CW1,130A 358A ,S,R,D,DO,F ,X,T,R,60,0,0,0,,,1766530,5913279
Auckland,PAKURANGA ROAD,, ,I,TI RAKAU DRIVE,201446167,29/09/2014,Mon,1500,FE,CN1M,181A 331A ,,R,D,O ,F ,T,T,R,50,0,0,0,,,1766519,5913270
Auckland,PAKURANGA ROAD,20,W, ,WILBUR PLACE,201446498,29/10/2014,Wed,855,FA,CE1C,330A 350A ,,R,D,BF,F , ,N,R,60,0,0,0,,,1768176,5913812
Auckland,PAKURANGA ROAD,5,E, ,WILLIAM ROBERTS ROAD,201414785,30/07/2014,Wed,1535,FD,CE1CC,181A 331A ,,R,D,B ,F ,T,G,P,60,0,0,3,,,1766999,5913380
Auckland,PAKURANGA ROAD,, ,I,WILLIAM ROBERTS ROAD,201414689,18/06/2014,Wed,900,JA,CW1C,302B 363B 801 902 ,,R,W,B ,L ,T,G,P,60,0,0,1,,,1766994,5913379
Auckland,PALMERS ROAD,40,W, ,BARNEYS FARM ROAD,201446450,19/10/2014,Sun,120,CC,CW1,130A ,H,R,W,DO,L , ,N,N,50,0,0,0,,,1765909,5899592
Auckland,PALMERS ROAD,, ,I,BARNEYS FARM ROAD,201416015,18/09/2014,Thu,2225,JA,CE1C,103A 112A 302B 375B ,,R,D,DO,F ,T,G,C,50,0,0,2,,,1765946,5899608
Auckland,PALMERS ROAD,270,S, ,ROSCOMMON ROAD,201441230,18/07/2014,Fri,1536,MO,CS1,130A 423A ,H,E,D,B ,F , , ,R,50,0,0,0,,,1766034,5899645
Auckland,PALMYRA WAY,, ,I,WILLIAM BRYAN DRIVE,201418866,31/12/2014,Wed,1410,JA,CN1C,375B ,,R,D,OF,F ,T,N,C,50,0,0,1,,,1768639,5915768