TLANAME,CRASHROAD,CRASHDIST,CRASHDIRN,INTSN,SIDEROAD,CRASHID,CRASHDATE,CRASHDOW,CRASHTIME,MVMT,VEHICLES,CAUSES,OBJECTSSTRUCK,ROADCURVE,ROADWET,LIGHT,WTHRa,JUNCTYPE,TRAFCTRL,ROADMARK,SPDLIM,CRASHFATALCNT,CRASHSEVCNT,CRASHMINCNT,PERSAGE1,PERSAGE2,EASTING,NORTHING
Auckland,PALOMA COURT,70,W, ,ALICANTE AVENUE,201436825,15/04/2014,Tue,730,MO,CW1C,330A 371A ,,E,D,O ,F , , ,N,50,0,0,0,,,1768431,5902632
Auckland,PALOMINO DRIVE,100,N, ,SAN BERNADINO DRIVE,201444962,10/10/2014,Fri,645,EA,CS1CC,129A ,M,R,D,O ,F , ,N,P,50,0,0,0,,,1743819,5916488
Auckland,PALOMINO DRIVE,250,S, ,SAN BERNADINO DRIVE,201432927,25/02/2014,Tue,1025,EA,CS1V,129A ,M,R,D,O ,F , , ,C,50,0,0,0,,,1743933,5916207
Auckland,PALOMINO DRIVE,, ,I,SAN BERNADINO DRIVE,201411021,23/02/2014,Sun,1031,JA,CN1M,302B 353B ,,M,D,B ,F ,T,G,R,50,0,1,2,,,1743778,5916399
Auckland,PALOMINO DRIVE,40,N, ,TUMANAKA PLACE,201415323,01/08/2014,Fri,2221,MC,CS1C,372B 404B ,,E,D,DO,F , ,N,C,50,0,0,1,,,1743834,5916511
Auckland,PANAMA ROAD,120,W, ,CARBINE ROAD,201411167,22/03/2014,Sat,5,BE,CE1V,103A 112A 130A ,,R,D,DO,F , , ,C,50,0,2,1,,,1764878,5911718
Auckland,PANAMA ROAD,, ,I,HILLSIDE ROAD,201410093,18/02/2014,Tue,1950,JA,CW1C,103B 111B 124B 202B ,,R,D,O ,F ,T,G,C,50,0,0,1,,,1764617,5911665
Auckland,PANAMA ROAD,100,W, ,KEALY ROAD,201415250,12/08/2014,Tue,910,MO,VW1C,512A 514A ,Q,R,W,OF,F , ,N,C,50,0,0,1,,,1765556,5911463
Auckland,PANAMA ROAD,150,E, ,MOUNT WELLINGTON HIGHWAY,201442598,28/07/2014,Mon,1550,KA,VE14,308B 927 ,,R,D,BF,F ,D,N,C,50,0,0,0,,,1764235,5911591
Auckland,PANAMA ROAD,20,W, ,RYBURN ROAD,201410236,21/01/2014,Tue,1648,MC,CW1C,372B ,,R,D,O ,LS, ,N,C,50,0,0,1,,,1764305,5911604
Auckland,PANAMA ROAD,60,W, ,RYBURN ROAD,201433339,20/03/2014,Thu,1800,MD,CW1C,371B 929 ,,R,D,BF,F ,D,N,C,50,0,0,0,,,1764266,5911596
Auckland,PANAMA ROAD,100,E, ,SOPHIA CLOSE,201440784,28/07/2014,Mon,810,JA,CE1C,308B 929 ,,R,D,B ,F ,D,N,C,50,0,0,0,,,1764631,5911668
Auckland,PANDORA PLACE,100,N, ,TIRAUMEA DRIVE,201432091,26/01/2014,Sun,1115,EA,CS1C,129A 130A 350A ,M,R,D,OF,F , ,N,N,50,0,0,0,,,1766212,5912665
Auckland,PANMURE ROUNDABOUT,, ,I,ELLERSLIE-PANMURE HIGHWAY,201446169,24/10/2014,Fri,1115,GB,CW1C,172B 330B ,,E,D,B ,F ,R,N,C,50,0,0,0,,,1764919,5914744
Auckland,PANMURE ROUNDABOUT,, ,I,IRELAND ROAD,201444206,23/08/2014,Sat,1210,GB,CW1V,171A 330A ,,E,D,B ,F ,R,G,C,50,0,0,0,,,1764924,5914719
Auckland,PANMURE ROUNDABOUT,, ,I,LAGOON DRIVE,201437181,28/04/2014,Mon,1225,HA,CS1C,302A 353A ,,R,D,BF,F ,R,G,R,50,0,0,0,,,1764962,5914710
Auckland,PANMURE ROUNDABOUT,, ,I,LAGOON DRIVE,201443352,06/08/2014,Wed,822,HA,CS1C,108A 302A 610A ,,E,D,B ,F ,R,G,R,50,0,0,0,,,1764962,5914710
Auckland,PANMURE ROUNDABOUT,, ,I,QUEENS ROAD,201449446,18/12/2014,Thu,2223,KA,4S1C,302B ,,R,D,DO,F ,R,G,C,50,0,0,0,,,1764977,5914726
Auckland,PANNILL PLACE,100,W, ,FERNHILL WAY,201432021,22/02/2014,Sat,730,MA,CW1T,373B 904 ,,R,W,O ,M , , ,N,50,0,0,0,,,1753679,5934444
Auckland,PANORAMA ROAD,50,W, ,ALMOND PLACE,201416668,20/10/2014,Mon,854,CB,CW1V,133A 402A ,M,R,D,B ,F , , ,C,50,0,0,1,,,1763128,5914517
Auckland,PANORAMA ROAD,, ,I,LEONARD ROAD,201418820,03/12/2014,Wed,650,HA,CS1C,302B ,,R,D,BF,F ,X,G,C,50,0,0,1,,,1763019,5914148
Auckland,PANORAMA ROAD,15,N, ,PENROSE ROAD,201440618,11/07/2014,Fri,1845,FA,CS1C,181A 357A 191B 357B ,,R,W,DO,L , , ,C,50,0,0,0,,,1762841,5913812
Auckland,PANORAMA ROAD,60,N, ,PENROSE ROAD,201439649,24/04/2014,Thu,1241,CA,CN1C,410A ,M,R,D,O ,F , , ,C,50,0,0,0,,,1762852,5913855
Auckland,PANORAMA ROAD,200,N, ,PENROSE ROAD,201446480,26/10/2014,Sun,2117,EA,4N1C,331A 357A ,FM,R,D,DO,F , ,N,C,50,0,0,0,,,1762918,5913978
Auckland,PAORA ST,, ,I,TAUTARI ST,201444570,25/08/2014,Mon,754,KB,CN1C,302B ,,M,D,O ,F ,T,G,C,50,0,0,0,,,1761762,5919669
Auckland,PAPAKURA-CLEVEDON ROAD,100,W, ,ARDMORE QUARRY ROAD,201438339,11/06/2014,Wed,1627,DB,CE1,111A 131A ,T,M,D,B ,F , , ,N,100,0,0,0,,,1777123,5898923
Auckland,PAPAKURA-CLEVEDON ROAD,, ,A,ARDMORE SCHOOL,201438318,04/06/2014,Wed,820,JA,CN1C,308A 370A 930 ,,R,D,B ,F ,D, ,C,80,0,0,0,,,1777957,5899528
Auckland,PAPAKURA-CLEVEDON ROAD,300,E, ,BULLENS ROAD,201442519,08/09/2014,Mon,50,DB,CW1,103A 111A 131A ,T,M,D,DN,F , ,N,L,100,0,0,0,,,1776400,5898684
Auckland,PAPAKURA-CLEVEDON ROAD,50,S, ,HEARD ROAD,201418191,10/12/2014,Wed,855,DA,TN1,111A 131A 330A ,FPT,M,D,B ,F , , ,L,100,0,0,1,,,1775498,5897900
Auckland,PAPAKURA-CLEVEDON ROAD,300,E, ,PARISH LINE ROAD,201434739,11/04/2014,Fri,1930,MC,CW1C,112B 512B 514B ,,R,D,DN,F , ,N,C,100,0,0,0,,,1779098,5900126
Auckland,PAPAKURA-CLEVEDON ROAD,160,E, ,PETERSONS ROAD,201433372,23/03/2014,Sun,130,DA,CW1,103A 111A ,,E,D,DO,F , ,N,C,100,0,0,0,,,1777080,5898902
Auckland,PAPAKURA-CLEVEDON ROAD,50,S, ,WEST ROAD,201441763,04/08/2014,Mon,1020,DB,CS1,131A ,F,M,D,B ,F , , ,C,100,0,0,0,,,1780460,5903000
Auckland,PAPARATA ROAD,100,W, ,MEDHURST ROAD,201449833,12/12/2014,Fri,430,DA,CE1,131A 410A ,PV,E,D,DN,F , ,N,C,100,0,0,0,,,1782793,5884585
Auckland,PAPARATA ROAD,400,E, ,TOTARA ROAD,201436385,06/05/2014,Tue,615,DB,VW1,111A 131A ,FT,E,W,DN,M , ,N,C,100,0,0,0,,,1781112,5884340
Auckland,PAPARIMU ROAD,220,S, ,BUSHMERE DRIVE,201441351,27/06/2014,Fri,900,DA,VS1,111A 131A 801 809 812 ++,C,E,W,O ,L , , ,C,100,0,0,0,,,1788043,5888886
Auckland,PAPARIMU ROAD,1280,E, ,PAPARATA ROAD,201411168,07/02/2014,Fri,1930,DA,4S1,102A 131A 801 ,V,M,W,TN,L , , ,C,100,0,1,0,,,1788407,5883133
Auckland,PARAGON AVENUE,, ,I,MELBA ST,201415564,18/08/2014,Mon,520,HA,CW2S,102A 302A 375A 410A ,,R,D,DO,F ,X,G,N,50,0,1,0,,73,1750939,5927323
Auckland,PARAMOUNT DRIVE,90,E, ,LINCOLN ROAD,201433991,14/04/2014,Mon,1600,EA,CE1C,386A ,M,R,D,O ,F , ,N,C,50,0,0,0,,,1745404,5919982
Auckland,PARAMOUNT DRIVE,20,W, ,SOLJAN DRIVE,201412754,09/05/2014,Fri,1640,NA,CE1E,713B ,,R,D,BF,F , ,N,C,50,0,0,1,26,,1745541,5919971
Auckland,PARAU ST,150,N, ,MOUNT ALBERT ROAD,201412686,13/04/2014,Sun,2055,CC,CN14C,103A 129A ,MM,R,D,DO,F , ,N,C,50,0,0,1,,,1755748,5914228
Auckland,PAREMOREMO ROAD,50,N, ,HARDENS LANE,201410223,20/01/2014,Mon,2136,CB,CN1,110A 125A 801 ,T,R,W,DN,L , ,N,P,80,0,0,1,,,1748357,5930896
Auckland,PAREMOREMO ROAD,1000,S, ,HARDENS LANE,201447561,29/10/2014,Wed,1420,DB,CN1,111A 131A 402A 632A ,V,M,D,O ,F , , ,C,80,0,0,0,,,1747665,5930556
Auckland,PAREMOREMO ROAD,2000,N, ,TE ARAROA DRIVE,201447835,04/11/2014,Tue,1455,AO,CW1C,381A 929 ,,R,D,ON,F ,D,N,C,80,0,0,0,,,1749246,5931909
Auckland,PARIS PLACE,80,N, ,CATRINA AVENUE,201433148,15/03/2014,Sat,,EA,CN1C,129A ,M,R,W,DO,H , , ,N,50,0,0,0,,,1752932,5925197
Auckland,PARITAI DRIVE,80,N, ,REWITI ST,201413259,04/05/2014,Sun,155,DB,MN14,104A 111A ,M,E,W,DO,L , ,N,C,50,0,1,0,,,1761489,5919659
Auckland,PARK AVENUE,, ,I,CLAUDE AVENUE,201410959,07/01/2014,Tue,1730,DA,CS2C,111A 131A ,FHM,M,D,BF,F ,T,S,C,50,0,0,1,,,1763353,5905724
Auckland,PARK AVENUE,70,N, ,ONEWA ROAD,201446434,26/09/2014,Fri,134,MO,VN1C,385A 929 ,M,R,D,DO,F , ,N,N,50,0,0,0,,,1754513,5924856
Auckland,PARK AVENUE,10,N, ,QUEEN ST,201435687,07/05/2014,Wed,1123,MO,CN1C,386A 402A ,M,R,D,B ,F ,X,S,N,50,0,0,0,,,1764216,5909555
Auckland,PARK ROAD,10,E, ,AUCKLAND HOSP ENT,201441978,14/08/2014,Thu,1230,FE,4W1C,331A ,,E,D,O ,F ,T,T,C,50,0,0,0,,,1757756,5919070
Auckland,PARK ROAD,, ,I,BOYLE CRESCENT,201415092,21/08/2014,Thu,1425,LB,PN1C,303B 377B ,,R,D,B ,F ,T,G,C,50,0,1,0,,,1757837,5918905
Auckland,PARK ROAD,10,S, ,CARLTON GORE ROAD,201435057,04/04/2014,Fri,1750,FA,CS1C,181A ,,R,D,B ,F ,X,G,C,50,0,0,0,,,1757870,5918731
Auckland,PARK ROAD,30,S, ,CARLTON GORE ROAD,201435242,28/03/2014,Fri,1620,FD,TW1C,181A ,,R,D,B ,F , , ,C,50,0,0,0,,,1757865,5918711
Auckland,PARK ROAD,, ,I,CARLTON GORE ROAD,201412697,15/03/2014,Sat,1432,LB,VS14,303B ,,E,D,OF,F ,X,T,C,50,0,0,1,,,1757873,5918740
Auckland,PARK ROAD,40,E, ,GRAFTON ROAD,201435797,20/04/2014,Sun,1139,FD,CE1X,181A 901 ,,R,W,O ,H , , ,C,50,0,0,0,,,1757539,5919137
Auckland,PARKHAVEN DRIVE,150,W, ,GREAT SOUTH ROAD,201445945,12/10/2014,Sun,1935,DB,CE1,111A 131A 402A ,JP,M,D,TO,F , , ,N,50,0,0,0,,,1772472,5893952
Auckland,PARKHURST ROAD,500,S, ,FORDYCE ROAD,201430969,09/01/2014,Thu,815,GE,4N1O,160A 333A 929 ,,R,W,ON,L ,D,N,C,80,0,0,0,,,1728466,5941031
Auckland,PARKWAY DRIVE,100,W, ,CONSTELLATION DRIVE,201410717,13/03/2014,Thu,1545,NB,CE1E,306A 376A ,,E,D,B ,F , ,N,X,20,0,0,1,,,1754408,5931399
Auckland,PARKWAY DRIVE,, ,I,RAMP ROAD,201440281,08/07/2014,Tue,724,KC,CW1C,315B 375B ,,R,D,O ,F ,T,G,C,50,0,0,0,,,1754639,5931450
Auckland,PARKWAY DRIVE W,, ,I,CONSTELLATION DRIVE,201433342,27/03/2014,Thu,1130,MG,CN1C,371B ,,R,D,BF,F ,T,G,C,50,0,0,0,,,1754343,5931475
Auckland,PARNELL RISE,, ,I,BEDFORD ST,201441356,19/07/2014,Sat,1120,LB,CN1C,303B 375B ,,R,D,B ,F ,T,G,C,50,0,0,0,,,1758462,5920099
Auckland,PARNELL RISE,10,S, ,CHURCHILL ST,201438340,06/06/2014,Fri,120,DA,CN1CCC,103A 131A 801 ,FX,M,W,DO,L ,Y, ,P,50,0,0,0,,,1758205,5920236
Auckland,PARNELL RISE,15,S, ,CHURCHILL ST,201434548,22/04/2014,Tue,1725,AO,CS1C,381A ,,M,D,OF,F , ,N,C,50,0,0,0,,,1758209,5920232
Auckland,PARNELL RISE,15,S, ,CHURCHILL ST,201438337,14/04/2014,Mon,1528,AO,TS1C,671A ,,M,D,B ,F , , ,R,50,0,0,0,,,1758209,5920232
Auckland,PARNELL RISE,10,E, ,SH 16,201444120,21/09/2014,Sun,1300,AC,CW1C,372A ,,R,D,OF,L ,X,T,R,50,0,0,0,,,1758283,5920193
Auckland,PARNELL RISE,10,W, ,SH 16,201444108,29/09/2014,Mon,1600,FE,TE1C,181A ,,R,D,OF,F ,X,T,R,60,0,0,0,,,1758255,5920208
Auckland,PARNELL RISE,30,W, ,SH 16,201431817,31/01/2014,Fri,1315,AC,TE1C,197A ,,E,D,BF,F ,X,T,R,50,0,0,0,,,1758237,5920218
Auckland,PARNELL RISE,70,W, ,SH 16,201438141,28/05/2014,Wed,915,AO,BE1C,372A ,,M,D,BF,F , ,N,R,50,0,0,0,,,1758203,5920238
Auckland,PARNELL RISE,, ,I,SHIPWRIGHT LANE,201442753,12/09/2014,Fri,1440,FE,VW1C,181A ,,R,W,OF,H ,X,T,R,50,0,0,0,,,1758327,5920169
Auckland,PARNELL ROAD,5,N, ,AKAROA ST,201415180,24/07/2014,Thu,1230,NB,CN1E,306A 376A 801 ,,R,W,O ,L ,T,S,X,50,0,0,1,21,,1758619,5919909
Auckland,PARNELL ROAD,15,N, ,AYR ST,201413527,08/06/2014,Sun,1028,FD,CN1C,181A 191B ,,R,D,B ,F , , ,C,50,0,0,1,,,1758856,5918981
Auckland,PARNELL ROAD,160,S, ,DENBY ST,201437019,23/05/2014,Fri,1430,EA,CS1C,129A ,M,R,D,O ,F , , ,C,50,0,0,0,,,1758771,5919589
Auckland,PARNELL ROAD,30,S, ,DOMAIN DRIVE,201448700,15/11/2014,Sat,1500,AO,CS1C,130A 514A ,,R,D,O ,F , , ,P,50,0,0,0,,,1758812,5918910
Auckland,PARNELL ROAD,, ,I,DOMAIN DRIVE,201438712,08/07/2014,Tue,1740,LB,CN1C,322A ,,R,W,OF,L ,T,T,C,50,0,0,0,,,1758832,5918933
Auckland,PARNELL ROAD,20,N, ,GIBRALTAR CRESCENT S,201418695,12/12/2014,Fri,1838,MD,CS1C,308B 375B 929 ,,R,D,TO,F ,D,N,P,50,0,0,1,,,1758780,5919571
Auckland,PARNELL ROAD,40,S, ,GIBRALTAR CRESCENT S,201442311,06/08/2014,Wed,2020,JA,CN1C,308B 375B 927 ,,R,D,DO,F ,D,N,P,50,0,0,0,,,1758806,5919517
Auckland,PARNELL ROAD,30,S, ,HEATHER ST,201439557,11/04/2014,Fri,1300,MO,CS1C,386A ,M,R,D,O ,F , , ,N,50,0,0,0,,,1758601,5919944
Auckland,PARNELL ROAD,, ,I,RUSKIN ST,201416116,26/08/2014,Tue,828,GE,PN1C,110A 151A 370B ,,R,D,B ,F ,T,G,P,50,0,1,0,,,1758657,5919829
Auckland,PARNELL ROAD,20,N, ,WINDSOR ST,201411837,08/02/2014,Sat,615,FA,CS1S,101A 181A ,,R,W,TN,L , ,N,C,50,0,0,1,,61,1758612,5919922
Auckland,PARRS CROSS ROAD,30,E, ,LEGACY DRIVE,201416739,17/10/2014,Fri,1424,FA,VE1C,181A 331A ,,R,D,O ,F , , ,C,50,0,0,1,,,1744755,5914464
Auckland,PARRS CROSS ROAD,15,S, ,SEYMOUR ROAD,201432924,28/02/2014,Fri,950,FD,CN1C,331A ,,R,D,O ,F , , ,C,50,0,0,0,,,1744921,5914371
Auckland,PARRS CROSS ROAD,50,W, ,SEYMOUR ROAD,201448163,29/11/2014,Sat,1210,CB,CW1,130A 354A ,B,R,D,B ,F , , ,C,50,0,0,0,,,1744865,5914421
Auckland,PARRS CROSS ROAD,5,N, ,WEST COAST ROAD,201416084,24/09/2014,Wed,1507,GO,TN1C,179A 381A ,,M,D,B ,F ,R,G,C,50,0,0,1,,,1745039,5914104
Auckland,PARRS CROSS ROAD,10,N, ,WEST COAST ROAD,201430313,14/01/2014,Tue,1730,AC,CN1C,372A ,,R,D,B ,F ,R,G,C,50,0,0,0,,,1745036,5914108
Auckland,PARRS CROSS ROAD,150,N, ,WEST COAST ROAD,201447553,04/11/2014,Tue,2000,AC,TS1C,159A 330A ,,R,D,TO,F , , ,C,50,0,0,0,,,1744979,5914236
Auckland,PARRS CROSS ROAD,70,W, ,WEST COAST ROAD,201434098,26/04/2014,Sat,1050,AC,CW1C,150A 381A ,,R,D,B ,F , ,N,C,50,0,0,0,,,1745011,5914163
Auckland,PARRY ST,, ,I,KIWITEA ST,201445392,26/09/2014,Fri,1750,HA,CE1C,301B ,,R,D,TF,F ,X,S,C,50,0,0,0,,,1754881,5915261
Auckland,PASADENA AVENUE,, ,I,PREMIER AVENUE,201448943,24/11/2014,Mon,1330,MO,CE1C,371A 929 ,M,R,D,B ,F ,D,N,C,50,0,0,0,,,1753005,5918423
Auckland,PATIKI ROAD,150,S, ,PATIKI OFF EBD,201417210,17/10/2014,Fri,1628,FD,CN1CV,110A 331A 355A ,,R,D,B ,F , , ,P,50,0,0,1,,,1748528,5918403
Auckland,PATIKI ROAD,, ,I,ROSEBANK ROAD,201444906,01/10/2014,Wed,1012,AO,CS1V,130A 501A ,,E,D,B ,F ,R,G,R,50,0,0,0,,,1748779,5917958
Auckland,PATON ROAD,70,E, ,VIDA PLACE,201437103,04/03/2014,Tue,630,EA,CW1C,129A ,M,R,D,DO,  , ,N,N,50,0,0,0,,,1770983,5915171
Auckland,PATTESON AVENUE,80,S, ,DUDLEY ROAD,201415389,30/08/2014,Sat,1504,AD,CN1C,137A 155A ,M,E,W,O ,L , ,N,L,50,0,0,3,,,1763137,5919574
Auckland,PATTESON AVENUE,, ,I,GODDEN CRESCENT,201435967,09/05/2014,Fri,738,HA,CS14,301B 375B ,,R,W,OF,F ,X,S,C,50,0,0,0,,,1763113,5919207
Auckland,PATTESON AVENUE,60,S, ,MARAU CRESCENT,201449189,20/11/2014,Thu,1025,KB,CS1CC,308B 377B 929 ,M,R,D,BF,F ,D,N,C,50,0,0,0,,,1763277,5920225
Auckland,PATTESON AVENUE,10,S, ,TAMAKI DRIVE,201432643,21/03/2014,Fri,1600,MO,CW1C,386A ,M,R,D,B ,F ,T,N,C,50,0,0,0,,,1763317,5920380
Auckland,PATTESON AVENUE,, ,I,TAMAKI DRIVE,201441769,12/08/2014,Tue,956,PO,VN1E,205A 376A ,,R,D,O ,L ,T,T,C,50,0,0,0,,,1763318,5920389
Auckland,PATUMAHOE ROAD,1000,N, ,GUN CLUB ROAD,201414938,01/07/2014,Tue,1945,CB,CN1,129A 410A ,T,R,W,DN,F , ,N,N,100,0,0,1,,,1763629,5881792
Auckland,PATUMAHOE ROAD,, ,I,GUN CLUB ROAD,201418144,31/12/2014,Wed,1858,DC,CS2,103A 112A 321A ,C,R,D,O ,F ,T,S,C,100,0,0,1,,,1764202,5880973
Auckland,PATUMAHOE ROAD,25,S, ,HUNTER ROAD,201411510,11/03/2014,Tue,2040,QC,CN1O,326A ,FN,R,D,DN,F , ,T,C,70,0,0,2,,,1763109,5882327
Auckland,PATUMAHOE ROAD,, ,I,WAIUKU ROAD,201432371,02/03/2014,Sun,1830,HA,CS1V,321A ,,R,D,B ,F ,X,S,C,50,0,0,0,,,1765886,5878541
Auckland,PAUL MATTHEWS ROAD,80,W, ,JACK HINTON DRIVE,201449813,12/12/2014,Fri,1638,EA,CE1CC,103A 129A ,M,R,D,OF,F , ,N,N,50,0,0,0,,,1752864,5931441
Auckland,PAUL MATTHEWS ROAD,80,W, ,JACK HINTON DRIVE,201449814,12/12/2014,Fri,1638,EA,CE1CC,103A 129A ,M,R,D,O ,F , ,N,N,50,0,0,0,,,1752864,5931441
Auckland,PAUL MATTHEWS ROAD,30,E, ,OMEGA ST,201436900,21/05/2014,Wed,835,FD,CW1CC,181A 181B ,,R,D,B ,F , , ,C,50,0,0,0,,,1752648,5931400
Auckland,PAUL MATTHEWS ROAD,50,N, ,PAUL MATTHEWS OFF WBD,201449459,11/12/2014,Thu,1810,JA,CN1C,308B 922 ,,M,D,O ,F ,D,N,C,50,0,0,0,,,1753147,5931243
Auckland,PAUL MATTHEWS ROAD,40,N, ,PAUL MATTHEWS ON WBD,201415468,23/08/2014,Sat,2312,DB,CS1,103A 131A ,J,E,D,DO,F , , ,C,50,0,0,1,,,1753152,5931235
Auckland,PAUL MATTHEWS ROAD,100,N, ,SATURN PLACE,201441663,04/08/2014,Mon,1715,JA,CN1V,308B 929 ,,R,D,O ,F ,D,N,C,50,0,0,0,,,1752995,5931382
Auckland,PAUL MATTHEWS ROAD,60,S, ,SATURN PLACE,201444147,27/06/2014,Fri,815,JA,CN14,308B 375B 922 ,,M,W,BF,L ,D,N,C,50,0,0,0,,,1753113,5931277
Auckland,PAVILION DRIVE,60,S, ,MONTGOMERIE ROAD,201437104,27/05/2014,Tue,1140,EA,CS1C,129A ,M,R,D,BF,F , ,N,N,50,0,0,0,,,1758098,5905868
Auckland,PAYNES LANE,10,E, ,ONEHUNGA MALL,201430475,12/01/2014,Sun,1700,EA,CE1C,386A ,M,R,D,B ,F ,T,N,C,50,0,0,0,,,1759021,5912313
Auckland,PEACH PARADE,100,S, ,GREEN LANE EAST,201437034,20/04/2014,Sun,1300,EA,CN1C,111A 131A ,M,E,W,O ,L , , ,C,50,0,0,0,,,1760735,5916240
Auckland,PEACH ROAD,90,W, ,POWRIE ST E,201412130,04/05/2014,Sun,1030,GC,CW1C,150A 330A 387A 386B 929 ,,R,D,B ,F ,D,N,L,50,0,0,1,,,1753382,5927794
Auckland,PEAK ROAD,30,N, ,CHATHAM ROAD,201417231,19/10/2014,Sun,816,DB,CN1,111A 131A ,VX,M,W,O ,F , , ,C,100,0,0,1,,,1736267,5942121
Auckland,PEAK ROAD,1880,N, ,OLD NORTH ROAD,201411100,21/02/2014,Fri,1655,DB,CS1,103A 111A 131A 402A ,T,M,D,B ,F , , ,C,80,0,1,0,,,1734472,5936041
Auckland,PEAK ROAD,2400,N, ,OLD NORTH ROAD,201435221,23/03/2014,Sun,105,CB,CN1,101A 410A ,P,R,D,DN,F , , ,C,100,0,0,0,,,1734574,5936537
Auckland,PEARY ROAD,, ,I,DOMINION ROAD,201446524,19/10/2014,Sun,1330,GF,CW1C,172A 372A ,,R,D,B ,F ,T,S,C,50,0,0,0,,,1755528,5915562
Auckland,PEMBROKE ST,, ,I,LLOYD AVENUE,201443145,10/08/2014,Sun,528,DA,CS1,111A 131A 517A ,F,R,D,DO,F ,T,N,C,50,0,0,0,,,1766916,5905874
Auckland,PENNELL PLACE,20,E, ,AYLESBURY ST,201431000,08/02/2014,Sat,1430,MO,4E1C,386A ,M,R,D,B ,F , ,N,C,50,0,0,0,,,1766824,5913187
Auckland,PENNEY AVENUE,, ,I,BOYCE AVENUE N,201444877,20/11/2014,Thu,1920,HA,CS24,302A 375A ,,R,W,BF,F ,X,G,P,50,0,0,0,,,1754088,5912996
Auckland,PENROSE INT,, ,I,GT SOUTH LINK,201444135,24/09/2014,Wed,1000,AO,CN1C,381A ,,M,D,BF,F ,R,G,R,50,0,0,0,,,1761372,5914222
Auckland,PENROSE INT,, ,I,MAIN LINK,201433661,03/02/2014,Mon,,FB,CS1C,331A 353A ,,E,D,DO,F ,R,G,C,50,0,0,0,,,1761461,5914299
Auckland,PENROSE INT,, ,I,PENROSE OFF NBD,201430751,11/02/2014,Tue,900,GF,CN2V,381A ,,R,D,BF,F ,R,S,R,50,0,0,0,,,1761382,5914217
Auckland,PENROSE INT,, ,I,PENROSE ON NBD,201431896,18/02/2014,Tue,15,CA,CE1,350A 817 ,C,R,D,DO,F ,R,G,R,50,0,0,0,,,1761367,5914267
Auckland,PENROSE OFF SBD,, ,I,PENROSE INT,201442182,23/08/2014,Sat,930,FB,VS1C,331A 353A ,,E,D,B ,F ,R,G,R,50,0,0,0,,,1761419,5914329
Auckland,PENROSE OFF SBD,, ,I,PENROSE INT,201449013,13/12/2014,Sat,1005,FB,4S1C,353A 387A ,,M,D,OF,F ,R,G,P,50,0,0,0,,,1761419,5914329
Auckland,PENROSE ROAD,100,E, ,BARRACK ROAD,201450228,19/12/2014,Fri,900,FD,CW1C,181A ,,R,D,BF,F , ,N,C,50,0,0,0,,,1763531,5913855
Auckland,PENROSE ROAD,, ,I,BARRACK ROAD,201416761,19/09/2014,Fri,1630,FB,CE1C,181A 387A ,,R,D,O ,F ,T,S,C,50,0,0,1,,,1763447,5913908
Auckland,PENROSE ROAD,, ,I,BARRACK ROAD,201414284,20/08/2014,Wed,1804,LB,CE1C,303B 375B ,,R,D,DO,F ,T,T,C,50,0,0,2,,,1763447,5913908
Auckland,PENROSE ROAD,, ,I,GAVIN ST,201449953,21/12/2014,Sun,300,CC,CN1,112A 130A ,P,R,W,DO,L ,X,G,R,50,0,0,0,,,1762273,5913761
Auckland,PENROSE ROAD,, ,I,GAVIN ST,201439181,05/06/2014,Thu,1715,FB,CE1C,181A ,,R,D,B ,F ,X,G,C,50,0,0,0,,,1762273,5913761
Auckland,PENROSE ROAD,150,E, ,LEONARD ROAD,201431597,09/01/2014,Thu,858,GD,CW1C,181A 333A 927 ,,R,D,O ,F ,D, ,C,50,0,0,0,,,1762556,5913817
Auckland,PENROSE ROAD,20,W, ,MOUNT WELLINGTON HIGHWAY,201437406,30/04/2014,Wed,1605,KA,CE1C,308B 927 ,,E,D,O ,F ,D,N,C,50,0,0,0,,,1763795,5913707
Auckland,PENROSE ROAD,20,W, ,MOUNT WELLINGTON HIGHWAY,201437900,05/05/2014,Mon,1935,KA,CN1C,308B 375B ,,E,W,DO,F ,T,G,C,50,0,0,0,,,1763795,5913707
Auckland,PENROSE ROAD,30,W, ,MOUNT WELLINGTON HIGHWAY,201449634,17/12/2014,Wed,1115,KB,CE1CB,308B 925 ,,R,W,O ,L ,D,N,C,50,0,0,0,,,1763786,5913712
Auckland,PENROSE ROAD,50,W, ,MOUNT WELLINGTON HIGHWAY,201436913,10/05/2014,Sat,1200,LB,CE1C,303B 925 ,,R,D,B ,F ,D,N,C,50,0,0,0,,,1763768,5913721
Auckland,PENROSE ROAD,70,W, ,MOUNT WELLINGTON HIGHWAY,201417651,14/11/2014,Fri,1215,LB,VE1CC,303B 375B 926 ,,R,D,B ,F ,D,N,C,50,0,0,1,,,1763750,5913730
Auckland,PENROSE ROAD,, ,I,MOUNT WELLINGTON HIGHWAY,201442052,04/08/2014,Mon,1500,AA,CE1T,372A ,,R,D,BF,F ,X,T,C,50,0,0,0,,,1763813,5913698
Auckland,PENROSE ROAD,, ,I,PORTMAN ROAD,201433772,30/01/2014,Thu,1643,KA,CW1C,301B ,,R,D,B ,F ,T,S,C,70,0,0,0,,,1762264,5913751
Auckland,PERCY ST,50,S, ,BAXTER ST,201432075,30/01/2014,Thu,1312,MO,CS1C,371A ,,R,D,BF,F , ,N,C,50,0,0,0,,,1749452,5970560
Auckland,PERCY ST,, ,I,BAXTER ST,201446170,28/09/2014,Sun,1446,HA,CW2C,308A 927 ,,R,D,B ,F ,D,G,C,50,0,0,0,,,1749477,5970603
Auckland,PERIDOT PLACE,50,S, ,WALTER STREVENS DRIVE,201435031,27/04/2014,Sun,,EA,CS1C,386A ,M,E,D,B ,F , ,N,N,50,0,0,0,,,1769720,5898001
Auckland,PERSHORE PLACE,70,N, ,MASSEY ROAD,201412871,20/04/2014,Sun,1330,DA,MN1,131A 901 930 ,,E,W,O ,H ,D, ,N,50,0,0,1,,,1760404,5906254
Auckland,PETER TERRACE,100,W, ,BEACH ROAD,201430388,17/01/2014,Fri,1950,DB,CE1C,103A 334A 433A ,M,E,D,B ,F , ,N,N,50,0,0,0,,,1757423,5930767