TLANAME,CRASHROAD,CRASHDIST,CRASHDIRN,INTSN,SIDEROAD,CRASHID,CRASHDATE,CRASHDOW,CRASHTIME,MVMT,VEHICLES,CAUSES,OBJECTSSTRUCK,ROADCURVE,ROADWET,LIGHT,WTHRa,JUNCTYPE,TRAFCTRL,ROADMARK,SPDLIM,CRASHFATALCNT,CRASHSEVCNT,CRASHMINCNT,PERSAGE1,PERSAGE2,EASTING,NORTHING
Auckland,PETERSONS ROAD,820,S, ,PAPAKURA-CLEVEDON ROAD,201433425,30/03/2014,Sun,100,DA,CN1,131A ,C,E,D,DN,F , ,N,N,100,0,0,0,,,1777170,5898081
Auckland,PHILOMEL CRESCENT,50,E, ,LEANDER ROAD,201447164,31/03/2014,Mon,1510,DA,4W1T,136A 650A ,FM,E,D,B ,F , , ,N,50,0,0,0,,,1759128,5924688
Auckland,PICTON ST,5,W, ,HEPBURN ST,201440613,04/06/2014,Wed,1030,FB,CE1C,331A ,,E,D,B ,F ,X,S,R,50,0,0,0,,,1756053,5919766
Auckland,PICTON ST,20,S, ,MELLONS BAY ROAD,201437102,29/05/2014,Thu,830,EA,CN1C,129A ,M,R,D,OF,F , ,N,L,50,0,0,0,,,1771863,5915376
Auckland,PICTON ST,, ,I,SELWYN ROAD,201414330,24/06/2014,Tue,700,JA,SS1C,302B ,,E,W,O ,F ,R,G,R,50,0,0,1,,18,1772274,5914992
Auckland,PIERMARK DRIVE,50,E, ,WILLIAM PICKERING DRIVE,201443837,19/08/2014,Tue,1800,EA,CE1C,129A ,M,E,W,TO,H , ,N,N,50,0,0,0,,,1751797,5931709
Auckland,PIGEON MOUNTAIN ROAD,120,N, ,CASUARINA ROAD,201414492,25/06/2014,Wed,1524,NA,CS1E,711B 712B ,,R,W,OF,HS, ,N,C,50,0,0,1,13,,1769308,5915118
Auckland,PIGEON MOUNTAIN ROAD,, ,I,CASUARINA ROAD,201438156,22/05/2014,Thu,845,LB,CW2C,303B ,,R,D,BF,F ,X,T,C,50,0,0,0,,,1769286,5915001
Auckland,PIGEON MOUNTAIN ROAD,, ,I,FORTUNES ROAD,201414188,02/06/2014,Mon,1034,DA,CE2,131A 634A ,FH,S,W,OF,L ,T,T,C,50,0,0,1,,,1769272,5914992
Auckland,PIGEON MOUNTAIN ROAD,, ,I,FORTUNES ROAD,201415080,09/08/2014,Sat,2355,HA,TS1C,103A 197A 322B ,,E,D,DO,F ,X,T,C,50,0,0,1,,,1769272,5914992
Auckland,PIGEON MOUNTAIN ROAD,15,S, ,HIMALAYA DRIVE,201411798,28/03/2014,Fri,2005,CA,MN1,101A 112A 132A ,,R,D,TO,F ,R,G,R,50,0,1,0,,,1769322,5915852
Auckland,PIGEON MOUNTAIN ROAD,10,N, ,PENRUDDOCKE ROAD,201413090,09/06/2014,Mon,1600,MC,4N1C,372B ,,R,W,OF,L ,T,G,C,50,0,0,2,,,1769405,5914781
Auckland,PIGEON MOUNTAIN ROAD,, ,I,PRINCE REGENT DRIVE,201440974,19/08/2014,Tue,1545,HA,CS1C,301B 375B ,,R,W,OF,H ,X,S,C,50,0,0,0,,,1769394,5916271
Auckland,PIGGOT WAY,5,N, ,DON MCKINNON DRIVE,201432025,14/02/2014,Fri,1411,FB,4S1C,331A 358A ,,R,D,B ,F ,R,G,C,50,0,0,0,,,1752571,5933625
Auckland,PIGGOT WAY,20,N, ,DON MCKINNON DRIVE,201449164,30/11/2014,Sun,1314,JA,4S1C,308B 375B 926 ,,R,D,OF,F ,D,N,P,50,0,0,0,,,1752571,5933622
Auckland,PIHA ROAD,1500,E, ,ANAWHATA ROAD,201437080,03/06/2014,Tue,2300,DA,CE1,111A 131A 800 ,CV,E,W,DN,F , , ,C,100,0,0,0,,,1737366,5910158
Auckland,PIHA ROAD,1000,S, ,ANAWHATA ROAD,201438715,06/07/2014,Sun,2205,DB,CS1,131A ,T,M,D,DN,F , ,N,C,80,0,0,0,,,1735271,5909533
Auckland,PIHA ROAD,1800,S, ,ANAWHATA ROAD,201418242,17/12/2014,Wed,1858,DA,CS1,103A 131A ,CT,S,W,O ,H , , ,C,70,0,0,1,,,1735312,5908925
Auckland,PIHA ROAD,850,W, ,ANAWHATA ROAD,201430925,07/02/2014,Fri,1755,DA,CW1,110A 135A 801 ,T,M,W,OF,M , ,N,C,100,0,0,0,,,1735390,5909615
Auckland,PIHA ROAD,1000,W, ,ANAWHATA ROAD,201412209,21/04/2014,Mon,1914,DB,CW1,101A 111A 431A ,C,M,W,DN,F , ,N,C,100,0,0,1,,,1735271,5909533
Auckland,PIHA ROAD,1850,W, ,ANAWHATA ROAD,201411506,15/03/2014,Sat,1414,DA,CS1,111A 131A ,CT,M,W,ON,L , ,N,C,100,0,0,1,,,1735334,5908880
Auckland,PIHA ROAD,2000,W, ,ANAWHATA ROAD,201435882,15/04/2014,Tue,1630,DA,CS1,135A 806 ,,M,W,ON,L , ,N,C,100,0,0,0,,,1735230,5908785
Auckland,PIHA ROAD,800,E, ,LONE KAURI ROAD,201430926,08/02/2014,Sat,1720,DA,CS1,135A 801 ,,M,W,OF,M , ,N,C,100,0,0,0,,,1734957,5907826
Auckland,PIHA ROAD,400,W, ,LONE KAURI ROAD,201435881,15/04/2014,Tue,1929,DA,CW1,131A 632A ,CT,M,W,DN,M , ,N,C,100,0,0,0,,,1734083,5907514
Auckland,PIHA ROAD,500,W, ,LONE KAURI ROAD,201441062,03/08/2014,Sun,2248,DA,CW1,131A 402A ,CT,S,W,DN,L , ,N,C,50,0,0,0,,,1734005,5907573
Auckland,PIHA ROAD,1000,W, ,LONE KAURI ROAD,201433256,15/03/2014,Sat,2000,BF,CW1V,135A ,,S,W,TN,HS, ,N,C,100,0,0,0,,,1733573,5907653
Auckland,PIHA ROAD,, ,I,SCENIC DRIVE,201431892,21/02/2014,Fri,942,FB,CN1C,181A ,,R,D,BF,F ,T,S,C,70,0,0,0,,,1740133,5911374
Auckland,PIHA ROAD,150,S, ,SEAVIEW ROAD,201450620,15/12/2014,Mon,15,DB,CN1,131A 404A ,T,E,D,DN,F , ,N,C,50,0,0,0,,,1731696,5908756
Auckland,PILKINGTON ROAD,10,S, ,COATES CRESCENT N,201438700,17/06/2014,Tue,2210,GD,CS1C,333A 927 ,,R,W,DO,H ,D,G,C,50,0,0,0,,,1765424,5915613
Auckland,PILKINGTON ROAD,, ,I,COATES CRESCENT S,201418852,17/12/2014,Wed,1740,FD,CN1CV,181A ,,R,D,OF,F ,T,S,C,50,0,0,2,,,1765340,5915287
Auckland,PILKINGTON ROAD,, ,I,COURT CRESCENT S,201439233,12/06/2014,Thu,1948,DC,CW2C,112A 402A 801 ,FM,R,W,DO,H ,T,G,C,50,0,0,0,,,1765311,5915170
Auckland,PILKINGTON ROAD,10,S, ,GREEN ROAD,201434863,03/04/2014,Thu,1705,EA,CN1C,129A 505A ,M,R,D,OF,L ,T,S,C,50,0,0,0,,,1765271,5915009
Auckland,PILKINGTON ROAD,60,S, ,JELLICOE ROAD,201437043,27/05/2014,Tue,1235,EA,CN1C,129A ,M,R,D,B ,F , , ,C,50,0,0,0,,,1765368,5915389
Auckland,PILKINGTON ROAD,, ,I,JELLICOE ROAD,201442312,14/08/2014,Thu,812,LB,CN1C,303B 375B ,,E,W,O ,F ,T,G,L,50,0,0,0,,,1765375,5915448
Auckland,PILKINGTON ROAD,, ,I,QUEENS ROAD,201431949,10/03/2014,Mon,1255,JA,VE2C,322A 351A ,,E,D,BF,F ,T,T,C,50,0,0,0,,,1765180,5914661
Auckland,PILKINGTON ROAD,, ,I,TRIPOLI ROAD,201449885,16/12/2014,Tue,1215,HA,CS1C,302A 375A ,,R,D,OF,F ,R,G,R,50,0,0,0,,,1765580,5916230
Auckland,PILKINGTON ROAD,, ,I,TRIPOLI ROAD,201449642,22/12/2014,Mon,1445,HA,CW2C,302A ,,E,D,B ,F ,R,G,R,50,0,0,0,,,1765588,5916212
Auckland,PINE AVENUE,400,S, ,HUIA ROAD,201449610,25/12/2014,Thu,1813,DB,VN1,103A 131A 138A ,E,E,D,O ,F , , ,N,50,0,0,0,,,1742691,5904296
Auckland,PINE ST,, ,I,BALMORAL ROAD,201432414,28/01/2014,Tue,1139,HA,CE2C,301B 375B ,,R,D,B ,F ,X,S,C,50,0,0,0,,,1755368,5916333
Auckland,PINE ST,, ,I,GREAT NORTH ROAD,201411813,26/03/2014,Wed,1730,NC,CE2E,711B ,I,S,D,BF,F ,T,S,R,50,0,0,1,66,,1749304,5913915
Auckland,PINE VALLEY ROAD,30,W, ,KAHIKATEA FLAT ROAD,201431642,09/01/2014,Thu,715,DA,CE1,131A 800 902 ,F,E,W,B ,F , , ,C,80,0,0,0,,,1744441,5944611
Auckland,PINE VALLEY ROAD,, ,I,KAHIKATEA FLAT ROAD,201430956,21/01/2014,Tue,940,DB,CS2,135A 801 815 ,E,R,W,OF,L ,T,S,C,80,0,0,0,,,1744413,5944601
Auckland,PINE VALLEY ROAD,, ,I,KAHIKATEA FLAT ROAD,201430237,13/01/2014,Mon,1600,BF,VS2C,122A 131A ,,R,D,O ,F ,T,N,C,80,0,0,0,,,1744413,5944601
Auckland,PINE VALLEY ROAD,, ,I,KAHIKATEA FLAT ROAD,201433364,15/03/2014,Sat,1440,DB,CS1,111A 135A 801 ,,R,W,OF,LS,T,S,C,80,0,0,0,,,1744413,5944601
Auckland,PINE VALLEY ROAD,, ,I,KAHIKATEA FLAT ROAD,201441222,31/07/2014,Thu,717,DB,CS2,131A 407A ,EF,S,D,O ,F ,T,S,L,80,0,0,0,,,1744413,5944601
Auckland,PINECREST DRIVE,10,S, ,VOYAGER DRIVE N,201441420,04/08/2014,Mon,1300,EA,VN1C,129A 370A ,M,R,D,B ,F ,T,N,C,50,0,0,0,,,1760458,5946113
Auckland,PINEDALE PLACE,100,N, ,NORVAL ROAD,201441982,18/08/2014,Mon,1502,GA,CN1V,181A 386A 929 ,,E,D,O ,F ,D, ,C,50,0,0,0,,,1745013,5918438
Auckland,PINOT LANE,25,N, ,CABERNET CRESCENT,201431153,09/02/2014,Sun,945,JA,CN1C,308B 375B 926 ,,R,D,B ,F ,D,N,C,50,0,0,0,,,1743510,5923640
Auckland,PIONEER ST,, ,I,CATHERINE ST,201440438,12/07/2014,Sat,1420,EA,CE1C,386A ,M,R,D,O ,F ,X,G,C,50,0,0,0,,,1745519,5916883
Auckland,PITT AVENUE,120,N, ,PALMERS ROAD,201445096,11/10/2014,Sat,700,EA,CN1C,386A ,M,R,D,B ,F , ,N,C,50,0,0,0,,,1765295,5899467
Auckland,PITT ST,5,S, ,GREYS AVENUE,201438570,19/06/2014,Thu,1652,MC,MS1C,372B ,,R,W,O ,F ,T,G,C,50,0,0,0,,,1756793,5919647
Auckland,PITT ST,, ,I,GREYS AVENUE,201446526,23/10/2014,Thu,1816,JA,CS1C,302B ,,R,D,O ,F ,T,G,C,50,0,0,0,,,1756792,5919652
Auckland,PITT ST,15,W, ,HOBSON ST,201432363,18/02/2014,Tue,1705,AA,VW1C,184A ,,R,D,B ,F , , ,C,80,0,0,0,,,1756768,5919862
Auckland,PITT ST,15,N, ,KARANGAHAPE ROAD,201445957,20/09/2014,Sat,2100,AA,CS1C,372A ,,R,W,DO,L ,X,T,C,50,0,0,0,,,1756811,5919483
Auckland,PITT ST,50,N, ,KARANGAHAPE ROAD,201449580,24/12/2014,Wed,1400,LB,CS14,303B 930 ,,R,D,B ,F ,D, ,C,50,0,0,0,,,1756807,5919518
Auckland,PITT ST,, ,I,KARANGAHAPE ROAD,201432976,16/02/2014,Sun,1140,FE,CS1C,331A 350A ,,R,D,BF,F ,X,T,C,50,0,0,0,,,1756812,5919468
Auckland,PITT ST,, ,I,KARANGAHAPE ROAD,201448351,17/12/2014,Wed,2145,FB,CW1C,181A 330A ,,R,D,TO,F ,X,T,C,50,0,0,0,,,1756812,5919468
Auckland,PITT ST,, ,I,POYNTON TERRACE,201449315,02/12/2014,Tue,1745,LB,CS1C,303B ,,R,D,B ,F ,T,T,C,50,0,0,0,,,1756801,5919573
Auckland,PITT ST,, ,I,VINCENT ST,201438433,10/06/2014,Tue,803,NC,BS2E,323A 334A 901 ,,M,W,O ,H ,X,T,C,50,0,0,0,,,1756782,5919750
Auckland,PIWAKAWAKA ST,10,S, ,NEWTON ROAD,201448486,13/11/2014,Thu,2130,FF,CN1C,428B ,,E,W,DO,L ,T,T,L,50,0,0,0,,,1756526,5918895
Auckland,PIWAKAWAKA ST,15,S, ,NEWTON ROAD,201432455,14/01/2014,Tue,900,FA,CN1C,196A ,,E,D,B ,F , , ,C,50,0,0,0,,,1756526,5918890
Auckland,PIXIE PLACE,80,W, ,MARVON DOWNS AVENUE,201435893,03/05/2014,Sat,1130,MO,XE1C,371A ,M,R,D,OF,F , ,N,N,50,0,0,0,,,1768725,5913279
Auckland,PLANE ST,, ,I,BEATRIX ST,201443237,28/08/2014,Thu,228,DB,CW2C,112A 129A 402A 514A ,,R,W,DO,F ,T,N,C,50,0,0,0,,,1751071,5916102
Auckland,PLANE ST,, ,I,VICTOR ST,201431211,22/02/2014,Sat,1250,HA,CS1S,204B 300B ,,R,D,OF,F ,T,G,N,50,0,0,0,,,1751121,5915887
Auckland,PLEASANT ROAD,, ,I,ATKINSON ROAD,201437342,21/05/2014,Wed,840,AO,4S1C,372A ,,E,D,BF,  ,R,G,C,50,0,0,0,,,1747913,5912527
Auckland,PLEASANT ROAD,, ,I,ATKINSON ROAD,201434293,09/03/2014,Sun,431,DB,CW1,111A 129A 131A ,F,M,D,DO,F ,R,G,R,50,0,0,0,,,1747924,5912529
Auckland,PLEASANT ROAD,270,S, ,ROLAND HILL,201444099,04/07/2014,Fri,620,MD,CN1C,371B 839 929 ,,R,W,DO,L ,D,N,C,80,0,0,0,,,1747669,5912779
Auckland,PLEASANT ROAD,150,S, ,WEST COAST ROAD,201433215,11/03/2014,Tue,1455,FF,CS14,191B 357B ,,R,D,BF,F , ,N,C,50,0,0,0,,,1747707,5913334
Auckland,PLYMOUTH CRESCENT,300,S, ,ROBERTS AVENUE E,201438455,14/06/2014,Sat,0,EA,CW1C,130A 433A ,M,R,D,DO,F , , ,C,50,0,0,0,,,1759257,5924338
Auckland,POINT CHEVALIER ROAD,150,N, ,BOSCAWEN ST,201443032,04/05/2014,Sun,259,EC,CW1,101A 330A ,G,R,D,DO,F , , ,C,50,0,0,0,,,1751923,5920131
Auckland,POINT CHEVALIER ROAD,30,N, ,FORMBY AVENUE,201449062,20/12/2014,Sat,2330,MC,CN1C,372B ,,R,D,DO,F , ,N,C,50,0,0,0,,,1752123,5918679
Auckland,POINT CHEVALIER ROAD,, ,I,GREAT NORTH ROAD,201432263,23/01/2014,Thu,1830,MO,CS1C,350A 371A ,,R,D,B ,F ,X,T,C,50,0,0,0,,,1752400,5918091
Auckland,POINT CHEVALIER ROAD,, ,I,JOAN ST,201449744,25/12/2014,Thu,1745,MO,BS1,179A 330A ,P,R,D,B ,F ,T,G,C,50,0,0,0,,,1751925,5919928
Auckland,POINT CHEVALIER ROAD,15,S, ,MONTROSE ST,201436219,06/05/2014,Tue,640,AO,CN1C,129A ,,R,W,B ,L , , ,C,50,0,0,0,,,1752372,5918253
Auckland,POINT CHEVALIER ROAD,70,N, ,OLIVER ST,201412678,12/04/2014,Sat,1730,MC,SN1C,372B ,,R,D,BF,F , ,N,C,50,0,0,1,,17,1751862,5919702
Auckland,POINT CHEVALIER ROAD,10,W, ,SMALE ST,201415945,27/07/2014,Sun,200,CC,CN1,103A 130A 402A ,T,R,W,DO,F ,T,G,C,50,0,0,1,,,1752201,5918547
Auckland,POINT CHEVALIER ROAD,, ,I,SMALE ST,201441349,01/08/2014,Fri,1755,NC,SN1E,713B ,,E,D,TO,F ,T,G,C,50,0,0,0,,,1752206,5918538
Auckland,POINT ENGLAND ROAD,, ,I,DALTON ST,201445227,08/09/2014,Mon,2024,HA,CW1C,301B 375B ,,R,D,DO,F ,X,S,C,50,0,0,0,,,1765680,5916633
Auckland,POINT ENGLAND ROAD,, ,I,ELSTREE AVENUE,201411912,22/03/2014,Sat,1005,HA,CW1S,302A 375A ,,E,D,BN,F ,R,G,R,50,0,1,0,,57,1766211,5916510
Auckland,POINT ENGLAND ROAD,20,E, ,FLANDERS ST,201415175,16/08/2014,Sat,1545,NA,CW1E,712B 713B ,,R,D,O ,F , , ,C,50,0,0,1,12,,1765601,5916652
Auckland,POINT ENGLAND ROAD,, ,I,KAWITI AVENUE,201443490,06/09/2014,Sat,2057,DA,CE1CC,111A 423A ,M,R,D,DO,F ,T,N,N,80,0,0,0,,,1766324,5916483
Auckland,POINT ENGLAND ROAD,, ,I,PILKINGTON ROAD,201413116,16/05/2014,Fri,825,HA,CW1C,321B 358B 402B ,,R,D,B ,F ,T,S,C,50,0,0,1,,,1765680,5916633
Auckland,POINT ENGLAND ROAD,20,W, ,TAURIMA AVENUE,201436054,12/05/2014,Mon,1300,MA,CW1C,373B ,,R,D,BF,F , ,N,C,50,0,0,0,,,1766093,5916536
Auckland,POINT VIEW DRIVE,300,N, ,CALDWELLS ROAD,201450600,23/01/2014,Thu,2340,EA,CS1C,386A ,M,R,D,DO,F , ,N,C,50,0,0,0,,,1771517,5909559
Auckland,POINT VIEW DRIVE,300,W, ,CALDWELLS ROAD,201412160,15/05/2014,Thu,916,DA,VW1,111A 129A 131A ,FS,E,W,O ,L , , ,L,50,0,0,1,,,1771155,5909215
Auckland,POINT VIEW DRIVE,300,W, ,CALDWELLS ROAD,201431895,22/02/2014,Sat,1015,DA,CW1,131A 632A ,V,S,W,OF,L , ,N,C,50,0,0,0,,,1771155,5909215
Auckland,POINT VIEW DRIVE,200,E, ,MIDDLEFIELD DRIVE,201439627,27/06/2014,Fri,2015,EA,CE14,195A ,M,R,W,DO,L , , ,N,50,0,0,0,,,1770672,5909529
Auckland,POINT VIEW DRIVE,240,E, ,WHITFORD ROAD,201416602,11/10/2014,Sat,903,DB,CN1,111A 131A ,FP,M,D,B ,F , , ,C,50,0,0,1,,,1772086,5911854
Auckland,POINT VIEW DRIVE,570,S, ,WHITFORD ROAD,201434635,07/02/2014,Fri,2025,DA,VN1,103A 131A ,CF,M,W,DN,L , ,N,C,50,0,0,0,,,1771934,5911563
Auckland,POINT VIEW DRIVE,1500,S, ,WHITFORD ROAD,201410448,04/01/2014,Sat,2158,DA,CN1,111A 131A 402A ,C,M,D,DO,F , , ,C,50,0,0,2,,,1771769,5910672
Auckland,POLAND ROAD,230,S, ,HILLSIDE ROAD,201440111,30/01/2014,Thu,1020,MD,CS1T,371B ,,R,D,B ,F , ,N,C,50,0,0,0,,,1755274,5928541
Auckland,POMARIA ROAD,50,E, ,KINGDALE ROAD,201449554,12/12/2014,Fri,703,EC,VW1,911,W,R,D,O ,F , , ,C,50,0,0,0,,,1744930,5919227
Auckland,POMARIA ROAD,200,W, ,LINCOLN ROAD,201440973,20/08/2014,Wed,1441,MB,TW1CC,303B 375B ,,R,W,OF,L , ,N,C,50,0,0,0,,,1745043,5919211
Auckland,POMPALLIER TERRACE,10,W, ,BAYARD ST,201445368,24/09/2014,Wed,100,QD,CE1CC,428A ,M,R,D,DO,F ,T,G,C,50,0,0,0,,,1755328,5920504
Auckland,POMPALLIER TERRACE,, ,I,CLARENCE ST,201437376,21/04/2014,Mon,1408,CA,CE1C,109A 410A ,IM,R,D,OF,F ,X,G,R,50,0,0,0,,,1755104,5920486
Auckland,POMPALLIER TERRACE,, ,I,JOHN ST,201430028,08/01/2014,Wed,710,HA,CE14,302B 375B ,,R,D,BF,F ,X,G,C,50,0,0,0,,,1754961,5920496
Auckland,PONGA ROAD,460,W, ,JACK PATERSON ROAD,201430369,17/01/2014,Fri,1520,FD,CE14,181A 330A ,,R,D,B ,F , ,N,C,100,0,0,0,,,1775112,5893597
Auckland,PONGA ROAD,200,N, ,LAURIE DRIVE,201450585,05/12/2014,Fri,237,DB,CN1,103A 131A ,C,E,W,DN,L , , ,C,100,0,0,0,,,1778493,5891444
Auckland,PONSONBY ROAD,20,S, ,ANGLESEA ST,201448209,04/12/2014,Thu,1200,EA,TS14,386A ,M,R,D,B ,F , ,N,C,80,0,0,0,,,1755671,5919773
Auckland,PONSONBY ROAD,20,S, ,ANGLESEA ST,201437018,11/05/2014,Sun,355,MB,CS1C,303B ,,R,D,DO,F , , ,P,50,0,0,0,,,1755671,5919773
Auckland,PONSONBY ROAD,15,N, ,BROWN ST,201449827,14/12/2014,Sun,314,MC,CN1X,372B ,,R,W,DO,L , ,N,C,50,0,0,0,,,1755693,5919709
Auckland,PONSONBY ROAD,30,N, ,BROWN ST,201444609,12/09/2014,Fri,130,EA,CN1C,129A 330A ,M,R,W,DN,F , ,N,C,50,0,0,0,,,1755688,5919724
Auckland,PONSONBY ROAD,100,N, ,BROWN ST,201430868,23/02/2014,Sun,250,MB,CS1C,303B ,,R,D,DO,F , ,N,P,50,0,0,0,,,1755666,5919790
Auckland,PONSONBY ROAD,15,S, ,BROWN ST,201411721,03/03/2014,Mon,820,AC,CN1P,159A ,,R,D,B ,F , , ,C,40,0,0,1,,,1755703,5919681
Auckland,PONSONBY ROAD,, ,I,COLLEGE HILL,201442700,30/07/2014,Wed,1717,KA,CS1C,302B 375B ,,R,D,DO,F ,X,G,C,50,0,0,0,,,1755507,5920645
Auckland,PONSONBY ROAD,40,S, ,COWAN ST,201442148,17/08/2014,Sun,1600,MC,CN1C,372B ,,R,D,O ,F , , ,P,40,0,0,0,,,1755501,5920400
Auckland,PONSONBY ROAD,15,S, ,DOUGLAS ST,201434203,15/02/2014,Sat,2220,EE,CN1X,525B ,Q,R,D,DO,F , , ,P,50,0,0,0,,,1755683,5919740
Auckland,PONSONBY ROAD,, ,I,FRANKLIN ROAD,201415742,21/08/2014,Thu,2235,LB,CS1C,103B 303B ,,R,D,DO,F ,T,T,C,50,0,0,2,,,1755608,5919957
Auckland,PONSONBY ROAD,, ,I,FRANKLIN ROAD,201410503,21/01/2014,Tue,555,LB,CS1C,322A ,,R,W,TO,M ,T,T,C,50,0,0,1,,,1755608,5919957
Auckland,PONSONBY ROAD,, ,I,FRANKLIN ROAD,201445625,03/10/2014,Fri,1125,MO,CN1C,101B 371B ,,R,D,O ,F ,T,T,C,50,0,0,0,,,1755608,5919957
Auckland,PONSONBY ROAD,, ,I,FRANKLIN ROAD,201430580,26/01/2014,Sun,1100,BB,CN1C,123A 927 ,,R,D,O ,F ,D,N,C,50,0,0,0,,,1755608,5919957
Auckland,PONSONBY ROAD,60,E, ,HEPBURN ST,201447224,09/11/2014,Sun,130,EA,CE1C,129A ,M,R,D,DO,F , , ,C,50,0,0,0,,,1755985,5919440
Auckland,PONSONBY ROAD,10,W, ,HEPBURN ST,201442278,16/08/2014,Sat,245,MC,4E1C,372B ,,R,D,DO,F ,X,T,C,50,0,0,0,,,1755928,5919480
Auckland,PONSONBY ROAD,50,N, ,KARANGAHAPE ROAD,201434707,29/04/2014,Tue,845,MC,CN1C,372B ,,R,W,OF,L , ,N,C,50,0,0,0,,,1756206,5919286
Auckland,PONSONBY ROAD,20,N, ,NORFOLK ST,201442068,19/07/2014,Sat,1620,EA,VN1C,129A ,M,R,W,OF,F , ,N,C,50,0,0,0,,,1755655,5919821
Auckland,PONSONBY ROAD,5,S, ,PEMBER REEVES ST,201448204,01/12/2014,Mon,1210,EA,TN1C,330A 386A ,M,R,D,B ,F ,T,N,P,40,0,0,0,,,1755556,5920168
Auckland,PONSONBY ROAD,15,N, ,POLLEN ST,201437148,24/05/2014,Sat,50,MB,CS1C,303B 375B ,,R,D,DO,F , ,N,C,50,0,0,0,,,1755839,5919542
Auckland,PONSONBY ROAD,5,N, ,PONSONBY TERRACE,201436067,30/04/2014,Wed,910,EA,CS1C,129A ,M,R,D,BF,F ,T,S,C,50,0,0,0,,,1755509,5920370
Auckland,PONSONBY ROAD,15,S, ,RICHMOND ROAD,201449530,03/12/2014,Wed,2010,EA,BS1X,129A 330A ,Q,R,D,B ,F , , ,C,50,0,0,0,,,1755728,5919624
Auckland,PONSONBY ROAD,, ,I,RICHMOND ROAD,201435309,03/05/2014,Sat,1800,FE,CS1M,101A 181A ,,R,D,B ,F ,X,T,C,50,0,0,0,,,1755719,5919636
Auckland,PONSONBY ROAD,, ,I,RICHMOND ROAD,201440674,17/07/2014,Thu,1024,GF,TE2C,172A 370A ,,R,D,B ,F ,X,T,C,40,0,0,0,,,1755719,5919636
Auckland,PONSONBY ROAD,, ,I,RICHMOND ROAD,201443350,31/08/2014,Sun,42,AC,XN1C,372A 381A ,,R,D,DO,F ,X,T,C,40,0,0,0,,,1755719,5919636
Auckland,PONSONBY ROAD,20,N, ,TOLE ST,201417709,16/12/2014,Tue,1230,EA,CN1T,129A 386A ,M,R,D,B ,F , ,N,C,50,0,0,1,,,1755524,5920304
Auckland,PONSONBY ROAD,50,N, ,VERMONT ST,201411567,24/02/2014,Mon,2054,AC,CS1P,372A 375A ,,R,D,DO,F , ,N,P,50,0,0,1,,,1755581,5920063
Auckland,PONSONBY ROAD,50,S, ,WILLIAMSON AVENUE,201413810,26/05/2014,Mon,1159,NB,CN1E,714B 715B ,,E,D,B ,F , , ,P,50,0,1,0,66,,1755977,5919445
Auckland,PONSONBY ROAD,, ,I,WILLIAMSON AVENUE,201416120,31/08/2014,Sun,500,HA,XE1C,101B 322B 334B 801 ,,R,W,DO,L ,X,T,C,50,0,0,1,,,1755936,5919475
Auckland,POOKS ROAD,, ,I,CANDIA ROAD,201444737,26/08/2014,Tue,1630,LB,TE14,302A ,,R,D,BF,F ,R,G,R,50,0,0,0,,,1741646,5918572
Auckland,POOKS ROAD,, ,I,SIMPSON ROAD,201449143,24/10/2014,Fri,1740,GD,CW1C,331A 357A 929 ,,R,D,BF,F ,T,G,C,50,0,0,0,,,1742212,5918593
Auckland,POOLEY ST,150,S, ,LARNE AVENUE,201440903,12/08/2014,Tue,10,MO,TS1C,512A ,,E,D,DO,F , ,N,N,50,0,0,0,,,1767952,5913375
Auckland,PORANA ROAD,100,S, ,SILVERFIELD,201435632,20/04/2014,Sun,1202,FD,CN1CC,112A 331A 801 927 ,,R,W,O ,L ,D, ,C,50,0,0,0,,,1755482,5927913
Auckland,PORANA ROAD,100,W, ,SILVERFIELD,201443033,03/09/2014,Wed,1325,JB,4W1C,370A 370B 927 ,,M,D,B ,F ,D, ,C,50,0,0,0,,,1755482,5927913
Auckland,PORANA ROAD,190,W, ,SILVERFIELD,201446537,26/10/2014,Sun,1431,EA,CW1C,129A ,M,R,D,O ,F , , ,C,50,0,0,0,,,1755417,5927851
Auckland,PORANA ROAD,50,E, ,SUNNYBRAE ROAD,201438841,17/07/2014,Thu,620,MD,CE1T,371B 927 ,,R,D,BF,F ,D,N,P,50,0,0,0,,,1755219,5927668
Auckland,PORANA ROAD,280,N, ,SUNNYBRAE ROAD,201441201,19/07/2014,Sat,915,AC,VS14,159A 357B 512B ,,R,D,O ,F , , ,C,50,0,0,0,,,1755388,5927824
Auckland,PORANA ROAD,90,W, ,WAIRAU ROAD,201450253,04/11/2014,Tue,1704,JA,4E1C,308B 375B 925 ,,R,D,OF,F ,D,N,P,50,0,0,0,,,1755720,5928138
Auckland,PORANA ROAD,, ,I,WAIRAU ROAD,201437151,22/05/2014,Thu,1345,JA,4N2C,322A 334A ,,R,D,OF,F ,T,T,P,50,0,0,0,,,1755786,5928200
Auckland,PORCHESTER ROAD,, ,I,AIRFIELD ROAD,201416124,02/09/2014,Tue,250,DA,CE1,103A 111A 131A 801 ,P,S,W,DO,L ,R,G,R,50,0,0,1,,,1771710,5899043
Auckland,PORCHESTER ROAD,, ,I,ALFRISTON ROAD,201448358,15/12/2014,Mon,815,FB,CN1C,181A 330A ,,E,D,O ,F ,T,G,C,50,0,0,0,,,1770763,5901610
Auckland,PORCHESTER ROAD,30,N, ,MANUROA ROAD,201448176,27/11/2014,Thu,1719,FD,CS14,181A 331A 402A ,,E,D,B ,F ,M,G,C,50,0,0,0,,,1771583,5899397
Auckland,PORCHESTER ROAD,, ,I,MARENGO PARKWAY,201442153,19/08/2014,Tue,1750,JA,PS1C,302B ,,R,W,DO,L ,T,G,C,50,0,0,0,,,1771948,5898422
Auckland,PORCHESTER ROAD,200,N, ,OLD WAIROA ROAD,201410458,21/02/2014,Fri,2226,EA,VN1V,410A ,M,R,D,TO,F , , ,C,50,0,0,1,,,1772444,5897161
Auckland,PORCHESTER ROAD,20,S, ,POPES ROAD,201438335,10/06/2014,Tue,1715,FD,CS14,331A 353A 901 ,,R,W,DN,H , , ,C,80,0,0,0,,,1771352,5900019