TLANAME,CRASHROAD,CRASHDIST,CRASHDIRN,INTSN,SIDEROAD,CRASHID,CRASHDATE,CRASHDOW,CRASHTIME,MVMT,VEHICLES,CAUSES,OBJECTSSTRUCK,ROADCURVE,ROADWET,LIGHT,WTHRa,JUNCTYPE,TRAFCTRL,ROADMARK,SPDLIM,CRASHFATALCNT,CRASHSEVCNT,CRASHMINCNT,PERSAGE1,PERSAGE2,EASTING,NORTHING
Auckland,PORCHESTER ROAD,280,S, ,POPES ROAD,201410272,19/02/2014,Wed,905,CB,CS1,130A 410A ,P,R,D,O ,F , ,N,C,80,0,0,1,,,1771443,5899775
Auckland,PORCHESTER ROAD,, ,I,POPES ROAD,201418143,16/12/2014,Tue,846,HA,CS1C4,301B 375B 404B ,V,R,D,O ,F ,X,S,R,80,0,0,2,,,1771345,5900037
Auckland,PORCHESTER ROAD,, ,I,POPES ROAD,201434495,07/04/2014,Mon,1720,HA,CE2C,301A ,,R,D,O ,F ,X,S,C,80,0,0,0,,,1771345,5900037
Auckland,PORCHESTER ROAD,, ,I,POPES ROAD,201417524,11/01/2014,Sat,622,HA,CN1V,102B 301B ,,R,D,BF,F ,X,S,C,80,0,0,2,,,1771345,5900037
Auckland,PORCHESTER ROAD,, ,I,SUBWAY ROAD,201433696,05/04/2014,Sat,1831,FE,CS1C,358A 402A 423A ,,R,D,DO,F ,T,T,C,50,0,0,0,,,1772616,5896914
Auckland,PORCHESTER ROAD,80,N, ,WALTERS ROAD,201417493,21/07/2014,Mon,1705,MC,MS1C,372B ,,R,W,OF,F , ,N,P,50,0,0,1,,,1772065,5898111
Auckland,PORCHESTER ROAD,, ,I,WALTERS ROAD,201431802,08/02/2014,Sat,1308,NA,TS1E,671A 711B ,,R,D,OF,F ,R,G,R,50,0,0,0,,,1772093,5898036
Auckland,PORT ALBERT ROAD,300,W, ,CHURCH HILL ROAD,201437382,24/03/2014,Mon,1312,CB,CW1,112A 130A ,F,R,D,BF,F , ,N,C,100,0,0,0,,,1729447,5983642
Auckland,PORT ALBERT ROAD,210,E, ,PARTRIDGE ROAD,201439782,30/06/2014,Mon,1610,CC,CN1,134A 195A ,V,R,W,TN,L , , ,C,100,0,0,0,,,1732673,5981391
Auckland,PORT ALBERT ROAD,100,S, ,PARTRIDGE ROAD,201438918,18/06/2014,Wed,2159,DA,CN1,103A 111A 131A ,V,M,W,DN,L , ,N,C,100,0,0,0,,,1732585,5981456
Auckland,PORTAGE ROAD,130,W, ,ATKINSON AVENUE,201400133,12/06/2014,Thu,1355,DB,CW1,101A 111A 131A 532A 660A ,T,M,D,O ,F , , ,L,50,1,0,0,,,1763927,5910700
Auckland,PORTAGE ROAD,170,S, ,BOLTON ST,201450275,15/12/2014,Mon,600,CB,CS1,130A 410A ,F,R,W,OF,L , ,N,C,50,0,0,0,,,1750676,5912621
Auckland,PORTAGE ROAD,400,N, ,CLARK ST,201412216,07/05/2014,Wed,955,LB,PN1C,303B 375B 926 ,,R,D,BF,F ,D,N,L,50,0,0,1,,,1750581,5913334
Auckland,PORTAGE ROAD,50,S, ,CLARK ST,201441060,01/08/2014,Fri,1107,JA,CN1C,308B 377B 839 922 ,,R,D,BF,F ,D,N,C,50,0,0,0,,,1750506,5913688
Auckland,PORTAGE ROAD,, ,I,CLARK ST,201442647,17/07/2014,Thu,1915,AC,4N1C,372A ,,R,D,DO,F ,X,T,C,50,0,0,0,,,1750493,5913737
Auckland,PORTAGE ROAD,, ,I,GOLF ROAD,201418870,30/09/2014,Tue,1305,JA,CN1C,302A 387A ,P,R,D,BF,F ,R,G,C,50,0,0,1,,,1750600,5912342
Auckland,PORTAGE ROAD,, ,I,GRAY AVENUE,201430223,11/01/2014,Sat,2300,KA,CE1C,302B ,,M,D,DO,F ,T,G,R,50,0,0,0,,,1763833,5906571
Auckland,PORTAGE ROAD,5,W, ,GRAY AVENUE S,201430619,31/01/2014,Fri,2040,MF,CE1C,371B ,,R,D,DO,F ,T,N,P,50,0,0,0,,,1763828,5906570
Auckland,PORTAGE ROAD,, ,I,GRAY AVENUE S,201450965,29/11/2014,Sat,455,DA,CE1,104A 111A 131A 801 ,G,M,W,DO,L ,T,G,R,50,0,0,0,,,1763833,5906571
Auckland,PORTAGE ROAD,20,S, ,GREAT NORTH ROAD,201414935,15/06/2014,Sun,1235,LB,CN1C,303B 929 ,,R,D,BF,F ,D,N,C,50,0,0,1,,,1750473,5914485
Auckland,PORTAGE ROAD,, ,I,GREAT NORTH ROAD,201430623,19/01/2014,Sun,1800,FE,CN14,350A 387A ,,R,D,B ,F ,T,T,C,50,0,0,0,,,1750463,5914502
Auckland,PORTAGE ROAD,15,E, ,GREAT SOUTH ROAD,201434549,20/04/2014,Sun,1925,AC,CE1C,159A 372A ,,R,D,DO,F , ,T,C,50,0,0,0,,,1763507,5910657
Auckland,PORTAGE ROAD,, ,I,GREAT SOUTH ROAD,201430133,04/02/2014,Tue,1030,LB,TS2C,303B 386B ,,R,D,BF,F ,T,T,C,50,0,0,0,,,1763494,5910652
Auckland,PORTAGE ROAD,, ,I,GREAT SOUTH ROAD,201440777,25/07/2014,Fri,1100,FB,CN14,181A ,,E,D,O ,F ,X,G,C,50,0,0,0,,,1763494,5910652
Auckland,PORTAGE ROAD,, ,I,GREAT SOUTH ROAD,201433819,08/04/2014,Tue,1500,LB,TW1C,303B 324B ,,R,D,O ,F ,X,T,P,50,0,0,0,,,1763494,5910652
Auckland,PORTAGE ROAD,, ,I,GREAT SOUTH ROAD,201431349,21/02/2014,Fri,1310,LB,CW1C,303B 334B ,,R,D,BF,F ,X,T,C,50,0,0,0,,,1763494,5910652
Auckland,PORTAGE ROAD,, ,I,GREVILLE ROAD,201442421,02/08/2014,Sat,1125,FF,VS24,191B ,,M,D,OF,F ,R,G,R,50,0,0,0,,,1753286,5933083
Auckland,PORTAGE ROAD,, ,I,KINROSS ST,201413004,21/03/2014,Fri,747,BF,CN1C,111A 131A ,,E,D,BF,F ,T,G,C,50,0,0,2,,,1750457,5911888
Auckland,PORTAGE ROAD,, ,I,LINKS ROAD,201417928,09/12/2014,Tue,2020,JA,CN1C,301B ,,R,D,TF,F ,T,S,C,50,0,0,1,,,1750639,5913011
Auckland,PORTAGE ROAD,, ,I,LONGFORD PARK DRIVE,201442513,02/09/2014,Tue,1030,FF,CE2C,181A ,,R,D,BF,F ,R,G,R,60,0,0,0,,,1771500,5897825
Auckland,PORTAGE ROAD,15,N, ,MCWHIRTER PLACE,201436065,07/06/2014,Sat,1205,EA,VN1V,129A ,M,R,D,BF,F , ,N,C,50,0,0,0,,,1750585,5913318
Auckland,PORTAGE ROAD,80,S, ,NEVILLE ST,201412035,13/01/2014,Mon,1142,CB,MN1,112A 330A 653A 927 ,H,R,D,B ,F ,D,N,C,50,0,0,1,,,1750551,5913448
Auckland,PORTAGE ROAD,, ,I,NEVILLE ST,201411146,04/04/2014,Fri,1330,LB,VN1C,303B 334B ,,R,D,B ,F ,T,T,C,50,0,0,2,,,1750535,5913526
Auckland,PORTAGE ROAD,15,E, ,PHOENIX PLACE,201444396,07/09/2014,Sun,130,CB,CS1,130A 410A ,,R,D,DO,F , , ,P,50,0,0,0,,,1763722,5906479
Auckland,PORTAGE ROAD,20,W, ,PHOENIX PLACE,201439367,04/07/2014,Fri,805,CB,CW1,402A 410A ,F,R,W,BF,F , ,N,C,50,0,0,0,,,1763695,5906458
Auckland,PORTAGE ROAD,180,N, ,PURIRI ST,201442502,01/09/2014,Mon,1500,GD,CN1C,333A 927 ,,R,W,BF,L ,D,N,C,50,0,0,0,,,1750603,5914017
Auckland,PORTAGE ROAD,, ,I,PURIRI ST,201436196,13/05/2014,Tue,1530,JA,CN1C,302B ,,R,D,O ,F ,T,G,C,50,0,0,0,,,1750532,5913852
Auckland,PORTAGE ROAD,50,W, ,SKIPTON ST,201443393,05/09/2014,Fri,645,CC,CW1,130A 410A ,P,R,W,B ,F , ,N,C,50,0,0,0,,,1762945,5905694
Auckland,PORTAGE ROAD,, ,I,STATION ROAD,201442235,11/08/2014,Mon,755,FB,4W2V,181B 331B ,,R,D,B ,F ,T,G,C,50,0,0,0,,,1763833,5906571
Auckland,PORTAGE ROAD,, ,I,STATION ROAD,201444558,16/09/2014,Tue,210,DB,CW2,111A 514A 517A ,J,M,W,DO,L ,T,G,R,50,0,0,0,,,1763833,5906571
Auckland,PORTAGE ROAD,, ,I,STATION ROAD,201449442,21/12/2014,Sun,235,DB,CN2C,103A 111A 131A ,M,M,W,DO,L ,T,G,R,50,0,0,0,,,1763833,5906571
Auckland,PORTAGE ROAD,, ,I,TIDAL ROAD,201443396,13/09/2014,Sat,1617,DA,CW1,130A 410A ,CT,M,D,O ,F ,T,N,C,50,0,0,0,,,1762665,5905547
Auckland,PORTAGE ROAD,40,N, ,TREAGON PLACE,201417347,19/11/2014,Wed,2137,AD,CS1CC,150A 197B 353B 407B 801 ,M,R,W,DO,L , , ,C,50,0,0,1,,,1763294,5906111
Auckland,PORTAGE ROAD,, ,I,TREAGON PLACE,201410964,08/01/2014,Wed,2216,EA,CN1V,103A 129A ,M,R,D,DO,F ,T,G,C,50,0,0,1,,,1763268,5906080
Auckland,PORTAGE ROAD,, ,I,TREAGON PLACE,201444725,20/08/2014,Wed,757,FE,VN1C,357A 512A ,,R,W,BF,F ,T,T,C,50,0,0,0,,,1763268,5906080
Auckland,PORTAGE ROAD,, ,I,WOBURN ST,201437273,02/06/2014,Mon,1543,DB,VN1,102A 111A 131A 357A ,FT,R,D,BF,F ,T,G,C,50,0,0,0,,,1763227,5906031
Auckland,PORTLAND ROAD,, ,I,SHORE ROAD,201431862,28/02/2014,Fri,840,JA,CW1C,301B 314B 377B ,,R,D,BF,F ,T,S,C,50,0,0,0,,,1760110,5918673
Auckland,POSTMAN ROAD,500,N, ,DAIRY STREAM ROAD,201433842,09/04/2014,Wed,1657,LB,VS1V,303B 902 929 ,,R,D,B ,F ,D,N,C,80,0,0,0,,,1747425,5941055
Auckland,POTTER AVENUE,, ,I,KO ST,201412053,07/04/2014,Mon,2018,CB,4N1,103A 112A ,,R,D,DO,F ,T,N,R,50,0,1,1,,,1755402,5925937
Auckland,POTTER AVENUE,20,S, ,PARKINSON AVENUE,201442281,25/08/2014,Mon,2235,DA,CN1,103A 111A 131A ,K,E,D,DO,F ,T,N,C,50,0,0,0,,,1753853,5914941
Auckland,PRESTON AVENUE,50,N, ,DAYTONA ROAD,201444104,23/06/2014,Mon,,CC,CS1C,130A ,M,R,D,DO,F , ,N,C,50,0,0,0,,,1745123,5920203
Auckland,PRESTON ROAD,110,N, ,AWATERE ST,201433957,04/01/2014,Sat,1804,GA,CS1C,181A 358A 929 ,,R,D,B ,F ,D,N,C,50,0,0,0,,,1767704,5905963
Auckland,PRESTON ROAD,20,N, ,BAIRDS ROAD,201444722,19/08/2014,Tue,1725,KA,CS1C,308B 377B 927 ,,R,W,OF,L ,D,N,C,50,0,0,0,,,1767807,5906378
Auckland,PRESTON ROAD,50,S, ,BAIRDS ROAD,201446585,25/10/2014,Sat,1055,GD,CS1C,331A 330B 929 ,,R,D,B ,F ,D,N,C,50,0,0,0,,,1767790,5906310
Auckland,PRESTON ROAD,30,N, ,BOUNDARY ROAD,201448454,18/11/2014,Tue,1610,FD,CS1C,331A 351A ,,R,D,BF,F ,R,G,P,50,0,0,0,,,1767660,5905788
Auckland,PRESTON ROAD,, ,I,BOUNDARY ROAD,201447557,31/10/2014,Fri,2243,HA,CE14,302A 330A ,,E,D,DO,F ,R,G,R,50,0,0,0,,,1767652,5905759
Auckland,PRESTON ROAD,, ,I,BOUNDARY ROAD,201433267,21/03/2014,Fri,1505,HA,CE1C,302A 375A ,,R,D,BF,F ,T,G,R,50,0,0,0,,,1767652,5905759
Auckland,PRESTON ROAD,50,S, ,DAWSON ROAD,201435645,24/04/2014,Thu,110,EA,CN1C,103A 129A 130A ,M,R,D,DO,F , , ,P,50,0,0,0,,,1767918,5906825
Auckland,PRESTON ROAD,, ,I,DAWSON ROAD,201442195,15/08/2014,Fri,530,EA,CN1V,129A 412A ,M,R,W,O ,L ,T,T,C,50,0,0,0,,,1767930,5906874
Auckland,PRESTON ROAD,, ,I,DAWSON ROAD,201447267,31/10/2014,Fri,2322,GB,CS1CCC,111A 172A 514A 197C ,,R,D,DO,F ,T,T,C,50,0,0,0,,,1767930,5906874
Auckland,PRESTON ROAD,, ,I,EAST TAMAKI DRIVE,201449602,16/12/2014,Tue,1023,GF,TE2C,129A ,,R,D,O ,F ,X,T,P,60,0,0,0,,,1768156,5907851
Auckland,PRESTON ROAD,20,N, ,FERGUSON ROAD,201416743,25/09/2014,Thu,1835,NA,CN1E,105B 711B ,,R,D,DO,F , , ,C,50,0,0,1,19,,1767949,5906955
Auckland,PRESTON ROAD,50,N, ,FERGUSON ROAD,201449603,25/11/2014,Tue,816,MO,CS1,130A 371A 929 ,T,R,D,B ,F ,D,N,C,50,0,0,0,,,1767956,5906984
Auckland,PRESTON ROAD,140,N, ,FERGUSON ROAD,201441017,14/07/2014,Mon,1640,EA,CN1C,129A ,M,R,D,TF,F , ,N,C,50,0,0,0,,,1767979,5907071
Auckland,PRESTON ROAD,10,S, ,FERGUSON ROAD,201445212,05/10/2014,Sun,1930,FE,CN1C,331A 801 ,,R,W,DO,L ,T,T,C,50,0,0,0,,,1767942,5906926
Auckland,PRESTON ROAD,, ,I,FERGUSON ROAD,201443148,28/08/2014,Thu,907,FE,CS1CC,181A 410A 181B ,,R,D,B ,F ,T,T,C,50,0,0,0,,,1767944,5906936
Auckland,PRESTON ROAD,, ,I,FISHER CRESCENT,201443147,20/08/2014,Wed,1530,KA,BN1C,129A ,,R,W,O ,L ,T,G,P,50,0,0,0,,,1768054,5907374
Auckland,PRESTON ROAD,50,N, ,FLAT BUSH ROAD,201449136,19/11/2014,Wed,1000,MD,CN1C,387B 929 ,,R,D,BF,F ,D,N,C,50,0,0,0,,,1767765,5906208
Auckland,PRESTON ROAD,, ,I,FLAT BUSH ROAD,201445357,11/09/2014,Thu,1545,FE,CS1VC,181A 501A 181B ,,R,D,B ,F ,X,T,C,50,0,0,0,,,1767753,5906159
Auckland,PRESTON ROAD,, ,I,FLAT BUSH ROAD,201435008,15/04/2014,Tue,1500,FE,CS1C,181A 330A ,,R,D,B ,F ,X,T,C,50,0,0,0,,,1767753,5906159
Auckland,PRESTON ROAD,50,S, ,GERALDINE ROAD,201440492,02/08/2014,Sat,1905,CC,CS1,103A 108A ,F,R,D,DO,F , ,N,R,50,0,0,0,,,1768087,5907506
Auckland,PRESTON ROAD,80,N, ,KUDU ROAD,201411920,15/03/2014,Sat,630,EA,CN1C,129A 359A ,Q,R,W,OF,H , ,N,P,50,0,0,1,,,1767910,5906790
Auckland,PRESTON ROAD,100,N, ,KUDU ROAD,201440208,09/07/2014,Wed,1700,FA,CS1C,181A 801 ,,R,W,DO,L , , ,C,50,0,0,0,,,1767914,5906810
Auckland,PRESTON ROAD,, ,I,KUDU ROAD,201443057,02/09/2014,Tue,1855,JA,CN1C,402A 302B 514B ,,M,D,DO,F ,T,G,C,50,0,0,0,,,1767890,5906713
Auckland,PRESTON ROAD,, ,I,ORMISTON ROAD,201413760,10/06/2014,Tue,2030,LB,CS1C,101A 303B 375B ,,R,W,DO,L ,T,T,N,50,0,0,1,,,1768148,5907749
Auckland,PRESTON ROAD,, ,I,ORMISTON ROAD,201438396,12/06/2014,Thu,1850,LB,VS1C,303B 402B ,,R,W,DO,F ,T,T,C,50,0,0,0,,,1768148,5907749
Auckland,PRESTON ROAD,, ,I,ORMISTON ROAD,201437249,08/05/2014,Thu,1655,LB,VS1C,303B 375B ,,R,D,DO,F ,T,T,C,50,0,0,0,,,1768148,5907749
Auckland,PRICTOR ST,, ,I,INGRAM ST,201433587,07/03/2014,Fri,1220,BB,TE1C,123A ,,S,D,BF,F ,T,N,C,50,0,0,0,,,1772976,5896853
Auckland,PRICTOR ST,10,N, ,VERNON ST,201437872,02/06/2014,Mon,1830,MO,CN1C,371A 929 ,,R,D,TO,F ,D,N,C,50,0,0,0,,,1773030,5896719
Auckland,PRINCE REGENT DRIVE,10,N, ,BUTLEY DRIVE,201439172,25/06/2014,Wed,2340,AO,CN1C,150A 381A ,,E,D,DO,F ,R,G,C,50,0,0,0,,,1769028,5914804
Auckland,PRINCES ST,, ,I,ALBERT ST,201440471,23/06/2014,Mon,1000,AA,CW1M,144A 386A ,,R,D,B ,F ,X,T,C,50,0,0,0,,,1764863,5910289
Auckland,PRINCES ST,30,N, ,ALFRED ST,201448942,30/11/2014,Sun,1915,MF,XN1C,371B ,,R,D,B ,F , , ,P,50,0,0,0,,,1757680,5920191
Auckland,PRINCES ST,100,N, ,ALFRED ST,201437333,26/05/2014,Mon,829,FC,CN1C,181A ,,R,D,BF,F , ,N,X,50,0,0,0,,,1757705,5920256
Auckland,PRINCES ST,10,E, ,ATKINSON AVENUE,201449540,20/12/2014,Sat,1820,KA,CS1C,308B 330B 801 924 ,,R,W,TO,L ,D, ,C,50,0,0,0,,,1764185,5910133
Auckland,PRINCES ST,20,W, ,ATKINSON AVENUE,201448363,27/12/2014,Sat,1610,MO,4E1C,371A 926 ,,R,D,B ,F ,D,N,N,50,0,0,0,,,1764155,5910126
Auckland,PRINCES ST,, ,I,ATKINSON AVENUE,201415623,07/09/2014,Sun,1355,KA,CW1CC,308B 375B 926 ,,E,D,B ,F ,D,N,C,50,0,0,1,,,1764175,5910131
Auckland,PRINCES ST,40,E, ,CHURCH ST,201410385,17/01/2014,Fri,2206,AA,CE1T,184A 381A ,,R,D,DO,F , ,N,C,50,0,0,1,,,1764390,5910179
Auckland,PRINCES ST,, ,I,CHURCH ST,201430023,07/01/2014,Tue,1115,HA,CN2C,322A ,,R,D,BF,F ,X,T,C,50,0,0,0,,,1764351,5910170
Auckland,PRINCES ST,, ,I,CHURCH ST,201440606,20/07/2014,Sun,1315,HA,CS2C,322B 402B ,,R,D,O ,F ,X,T,C,50,0,0,0,,,1764351,5910170
Auckland,PRINCES ST,, ,I,CHURCH ST,201415183,17/08/2014,Sun,1505,HA,CE1C,322A ,,R,D,B ,F ,X,T,C,50,0,1,3,,,1764351,5910170
Auckland,PRINCES ST,180,E, ,HELVETIA ROAD,201410925,27/02/2014,Thu,1825,FD,VE1C,181A ,,R,D,BF,F , ,N,C,50,0,0,2,,,1767978,5881532
Auckland,PRINCES ST,, ,I,HUTTON ST,201432540,25/01/2014,Sat,550,CC,CE1,410A ,CFH,R,D,O ,F ,X,S,C,50,0,0,0,,,1764528,5910211
Auckland,PRINCES ST,, ,I,OTAHUHU OFF NBD,201449194,30/11/2014,Sun,750,AO,TE1T,512A 514A ,,S,D,BF,F ,T,G,R,50,0,0,0,,,1764947,5910309
Auckland,PRINCES ST,, ,I,OTAHUHU ON NBD,201415081,20/08/2014,Wed,1605,HA,CE1C,302B ,,R,W,O ,L ,X,G,C,50,0,0,1,,,1765004,5910321
Auckland,PRINCES ST,, ,I,SERVICE LANE,201443143,29/08/2014,Fri,1105,JA,VW1C,303B ,,R,D,B ,F ,T,N,C,50,0,0,0,,,1763971,5910083
Auckland,PRINCES ST,, ,I,WATERLOO QUADRANT,201412168,14/04/2014,Mon,2329,DA,PN1,131A 132A 817 ,,R,D,DO,F ,M,T,C,50,0,0,1,,,1757798,5920490
Auckland,PRINCESS ST,, ,I,MANUROA ROAD,201439864,08/07/2014,Tue,1015,BO,VE2C,124A 386A ,,E,D,O ,F ,T,G,C,50,0,0,0,,,1770718,5899080
Auckland,PROVOST ST,20,N, ,PROSFORD ST,201439541,05/06/2014,Thu,2250,EA,CN1C,129A ,M,R,D,DO,F , , ,N,50,0,0,0,,,1755141,5920814
Auckland,PT CHEV OFF EBD,, ,I,GREAT NORTH ROAD E,201450067,24/11/2014,Mon,945,FB,CE1C,181A 331A ,,E,W,O ,L ,T,G,N,50,0,0,0,,,1752061,5918057
Auckland,PUHI HUIA ROAD,270,N, ,HILLSIDE CRESCENT,201440673,20/07/2014,Sun,2145,DA,CE1,195A 801 ,C,M,W,DN,L , , ,N,30,0,0,0,,,1757262,5917656
Auckland,PUHINUI OFF NBD,10,E, ,ROSCOMMON ROAD,201438411,18/06/2014,Wed,740,FE,CW1C,181A ,,R,D,B ,F ,X,T,C,50,0,0,0,,,1764793,5903704
Auckland,PUHINUI OFF SBD,, ,I,CAVENDISH DRIVE,201442698,01/10/2014,Wed,1630,FB,CE1C,181A ,,E,D,BF,F ,X,G,N,50,0,0,0,,,1764819,5903805
Auckland,PUHINUI ON NBD,300,N, ,SH 20B,201447600,15/11/2014,Sat,15,CB,CN1,103A 112A ,T,R,W,DO,F , ,N,N,100,0,0,0,,,1763803,5904488
Auckland,PUHINUI ON SBD,, ,I,PUHINUI ROAD,201433663,19/04/2014,Sat,150,AA,CS1V,157A 159A 818 ,,R, , F,F ,X,T,N,50,0,0,0,,,1764133,5904315
Auckland,PUHINUI ROAD,, ,I,CAMBRIDGE TERRACE,201437190,29/05/2014,Thu,750,JC,CE1V,308A 375A 927 ,,R,D,OF,F ,D,G,C,50,0,0,0,,,1765221,5904766
Auckland,PUHINUI ROAD,100,W, ,CARRUTH ROAD,201443247,25/08/2014,Mon,1330,MD,CW1C,308B 330B 387B 929 ,T,R,D,B ,F ,D,N,C,50,0,0,0,,,1766329,5905206
Auckland,PUHINUI ROAD,, ,I,CARRUTH ROAD,201415628,05/08/2014,Tue,915,NE,CE1E,306A 363A 902 ,,R,W,B ,F ,X,T,C,50,0,0,1,,,1766422,5905243
Auckland,PUHINUI ROAD,, ,I,CARRUTH ROAD,201437082,19/05/2014,Mon,2240,BC,CS2C,122A ,,R,D,DO,F ,X,T,C,50,0,0,0,,,1766423,5905254
Auckland,PUHINUI ROAD,, ,I,CLENDON AVENUE,201430052,12/01/2014,Sun,2302,DA,CW1,103A 131A 410A ,G,M,D,DO,F ,T,N,C,50,0,0,0,,,1765233,5904764
Auckland,PUHINUI ROAD,10,W, ,EDORVALE AVENUE,201431176,05/03/2014,Wed,815,KB,CE1C,308B 375B 930 ,,R,D,B ,F ,D,N,C,50,0,0,0,,,1766776,5905389
Auckland,PUHINUI ROAD,10,W, ,GREAT SOUTH ROAD,201434301,14/04/2014,Mon,1820,KB,CW1C,308B 924 ,,R,D,DO,F ,D,N,C,50,0,0,0,,,1767102,5905521
Auckland,PUHINUI ROAD,10,W, ,GREAT SOUTH ROAD,201439893,08/07/2014,Tue,2100,FE,CE1C,180A 420A ,,R,D,DO,F ,X,T,C,50,0,0,0,,,1767102,5905521
Auckland,PUHINUI ROAD,20,W, ,GREAT SOUTH ROAD,201411698,23/03/2014,Sun,1842,MC,MW1C,372B ,,R,D,BF,F , ,N,C,50,0,0,1,,,1767093,5905517
Auckland,PUHINUI ROAD,50,W, ,GREAT SOUTH ROAD,201442709,10/09/2014,Wed,810,FD,CE1C,181A ,,R,D,OF,F , ,N,C,50,0,0,0,,,1767065,5905506
Auckland,PUHINUI ROAD,50,W, ,GREAT SOUTH ROAD,201449904,05/12/2014,Fri,1455,AO,CE14,129A 386A 129B 386B ,,E,D,B ,F , , ,C,50,0,0,0,,,1767065,5905506
Auckland,PUHINUI ROAD,300,W, ,GREAT SOUTH ROAD,201432390,04/03/2014,Tue,815,FD,CW1C,181A 352A ,,R,W,O ,L , , ,C,50,0,0,0,,,1766833,5905412
Auckland,PUHINUI ROAD,, ,I,GREAT SOUTH ROAD,201442731,13/08/2014,Wed,2130,MG,CE1C,371B ,,R,W,DO,L ,T,T,C,50,0,0,0,,,1767111,5905524
Auckland,PUHINUI ROAD,, ,I,KENDERDINE ROAD,201440971,20/08/2014,Wed,2315,JA,CE1X,336A ,,R,W,DO,L ,M,N,C,50,0,0,0,,,1765030,5904684
Auckland,PUHINUI ROAD,, ,I,KENDERDINE ROAD,201439386,30/06/2014,Mon,1756,JA,VE1V,309B 375B ,,M,W,DO,F ,T,N,C,50,0,0,0,,,1765030,5904684
Auckland,PUHINUI ROAD,, ,I,KENDERDINE ROAD,201417559,25/09/2014,Thu,733,BC,CE1B,129A 363A 902 ,,S,D,BF,F ,T,N,C,50,0,0,1,,,1765030,5904684
Auckland,PUHINUI ROAD,, ,I,KENDERDINE ROAD,201442299,26/08/2014,Tue,702,JA,CW1V,303B ,,S,D,O ,F ,T,N,C,50,0,0,0,,,1765030,5904684
Auckland,PUHINUI ROAD,, ,I,LAMBIE DRIVE,201411227,18/02/2014,Tue,937,FB,CW1C,181A 331A ,,E,D,O ,F ,R,G,R,50,0,0,1,,,1766418,5905241
Auckland,PUHINUI ROAD,15,E, ,NOEL BURNSIDE ROAD,201447154,31/10/2014,Fri,830,MC,CW1C,372B ,,R,D,O ,F , , ,C,50,0,0,0,,,1764521,5904473
Auckland,PUHINUI ROAD,, ,I,NOEL BURNSIDE ROAD,201430688,13/02/2014,Thu,1800,BB,TE1C,124A 102B ,,R,D,O ,F ,T,G,C,50,0,0,0,,,1764507,5904467
Auckland,PUHINUI ROAD,, ,I,NOEL BURNSIDE ROAD,201410525,23/01/2014,Thu,730,GF,CN2T,158A ,,R,D,BF,F ,T,G,C,50,0,0,1,,,1764507,5904467
Auckland,PUHINUI ROAD,10,E, ,NORMAN SPENCER DRIVE,201441366,02/08/2014,Sat,2355,MO,CW1,130A 403A 929 ,F,R,D,DO,F ,D, ,C,50,0,0,0,,,1766193,5905152
Auckland,PUHINUI ROAD,150,W, ,NORMAN SPENCER DRIVE,201437720,09/06/2014,Mon,1715,JA,CW1C,308B 375B 801 930 ,,R,W,TO,L ,D, ,C,50,0,0,0,,,1766045,5905091
Auckland,PUHINUI ROAD,, ,I,NORMAN SPENCER DRIVE,201437222,24/05/2014,Sat,1718,KB,VE1B,301B 382B ,,R,D,BF,F ,T,S,C,50,0,0,0,,,1766183,5905148
Auckland,PUHINUI ROAD,, ,I,NORMAN SPENCER DRIVE,201430600,28/01/2014,Tue,1730,FA,CE1C,181A 359A ,,R,D,B ,F ,T,N,C,50,0,0,0,,,1766183,5905148
Auckland,PUHINUI ROAD,400,W, ,ORRS ROAD,201444371,17/06/2014,Tue,1700,FD,VE1CCC,112A 181A 331A 801 ,,R,W,TO,L , , ,C,70,0,0,0,,,1761612,5903321
Auckland,PUHINUI ROAD,, ,I,PUHINUI OFF SBD,201450242,27/12/2014,Sat,540,FE,CE1C,103A 181A ,,R,D,BF,F ,X,T,P,50,0,0,0,,,1764133,5904315
Auckland,PUHINUI ROAD,, ,I,PUHINUI OFF SBD,201443921,16/10/2014,Thu,1810,KA,VE1C,302B 375B ,,R,D,BF,F ,M,G,C,50,0,0,0,,,1764133,5904315
Auckland,PUHINUI ROAD,, ,I,PUHINUI OFF SBD,201444748,21/08/2014,Thu,1330,GC,CS2C,173B ,,E,D,BF,F ,T,T,C,50,0,0,0,,,1764133,5904315
Auckland,PUHINUI ROAD,60,E, ,RANFURLY ROAD,201448634,15/11/2014,Sat,15,FA,CE1C,112A 331A ,,R,D,DO,F , , ,P,50,0,0,0,,,1765609,5904914
Auckland,PUHINUI ROAD,60,W, ,RAYMOND ROAD,201412281,24/05/2014,Sat,1810,FO,CE1C,110A 133A 351A 181B ,T,R,W,DF,L , ,N,C,50,0,0,1,,,1764733,5904560
Auckland,PUHINUI ROAD,300,E, ,SH 20,201432868,24/03/2014,Mon,1410,FD,VE1T,181A 191B ,,R,D,B ,F , , ,P,50,0,0,0,,,1764363,5904408
Auckland,PUHINUI ROAD,550,E, ,TOM PEARCE DRIVE,201412857,19/05/2014,Mon,710,BE,CW1T,410A ,,R,D,B ,F , , ,C,60,0,1,0,,,1760881,5903436
Auckland,PUHINUI ROAD,60,E, ,VISION PLACE,201449444,24/12/2014,Wed,1753,CA,CW1,108A 112A 130A 514A ,P,R,D,B ,F , , ,C,50,0,0,0,,,1764297,5904382
Auckland,PUHINUI ROAD,, ,I,WYLLIE ROAD,201441758,15/08/2014,Fri,1920,LB,CE1C,322A 410A ,,R,D,DO,F ,T,T,C,50,0,0,0,,,1764422,5904432
Auckland,PUHINUI ROAD,, ,I,WYLLIE ROAD,201413120,12/05/2014,Mon,1700,NB,CW1E,713B ,,R,D,O ,F ,T,T,C,50,0,0,1,16,,1764422,5904432
Auckland,PUHINUI ROAD,, ,I,YORK ROAD,201433271,17/03/2014,Mon,645,JA,CE1C,302B 375B ,,R,D,DF,F ,T,G,C,50,0,0,0,,,1765884,5905026
Auckland,PUKA ST,15,E, ,ESPLANADE ROAD,201436553,14/05/2014,Wed,2145,LB,PW1C,303B 330B 801 929 ,,R,W,DO,L ,D, ,C,50,0,0,0,,,1756902,5917833
Auckland,PUKAKI ROAD,600,S, ,CYCLAMEN ROAD,201411512,11/03/2014,Tue,350,CB,MN1,103A 129A ,V,R,D,DO,F , ,N,N,70,0,1,0,,,1760746,5905208