TLANAME,CRASHROAD,CRASHDIST,CRASHDIRN,INTSN,SIDEROAD,CRASHID,CRASHDATE,CRASHDOW,CRASHTIME,MVMT,VEHICLES,CAUSES,OBJECTSSTRUCK,ROADCURVE,ROADWET,LIGHT,WTHRa,JUNCTYPE,TRAFCTRL,ROADMARK,SPDLIM,CRASHFATALCNT,CRASHSEVCNT,CRASHMINCNT,PERSAGE1,PERSAGE2,EASTING,NORTHING
Auckland,PUKEKOHE EAST ROAD,670,W, ,HARRISVILLE ROAD,201441181,08/08/2014,Fri,1505,QG,VS1,615A ,V,R,D,BN,F , ,N,L,100,0,0,0,,,1773266,5881595
Auckland,PUKEKOHE EAST ROAD,880,W, ,RUNCIMAN ROAD,201445313,30/09/2014,Tue,712,MC,VW1C,372B 386B ,,R,D,B ,F , , ,L,100,0,0,0,,,1772045,5881617
Auckland,PUKEKOHE EAST ROAD,350,E, ,VALLEY ROYAL WAY,201410369,09/01/2014,Thu,1948,DA,VE1,101A 129A 359A ,T,E,D,TN,F , ,N,C,100,0,0,1,,,1771987,5881629
Auckland,PUKEORA ROAD,130,E, ,CHURCH ST,201436753,22/05/2014,Thu,905,MO,CE1O,371A 386A ,M,R,D,B ,F , ,N,N,50,0,0,0,,,1764700,5909248
Auckland,PULHAM ROAD,260,N, ,WILSON ROAD,201440237,12/07/2014,Sat,2225,DA,CS1,103A 111A 131A 801 ,F,M,W,DN,F , , ,C,50,0,0,0,,,1749924,5969464
Auckland,PULMAN PLACE,70,W, ,DIORELLA DRIVE,201442177,23/08/2014,Sat,1640,DA,CN1,101A 131A 402A ,P,E,D,B ,F , , ,C,50,0,0,0,,,1768121,5904906
Auckland,PUNI ROAD,30,N, ,WARD ST,201442537,16/08/2014,Sat,1350,DA,CS1,111A 131A 410A ,F,E,D,BF,F , ,N,C,80,0,0,0,,,1767661,5880112
Auckland,PUNI ROAD,100,N, ,WARD ST,201438508,03/06/2014,Tue,1435,DB,CN1,131A 412A ,T,E,D,O ,F , , ,C,70,0,0,0,,,1767666,5880182
Auckland,PUPUKE ROAD,, ,I,BIRKENHEAD AVENUE,201412415,14/04/2014,Mon,1110,CB,CW1,130A 501A ,CS,R,D,O ,F ,T,T,C,50,0,2,0,,,1753910,5925528
Auckland,PUPUKE ROAD,, ,I,GLENFIELD ROAD,201446065,23/06/2014,Mon,645,FB,CS2C,181A 331A 801 ,,E,W,O ,L ,T,G,R,50,0,0,0,,,1753910,5925528
Auckland,PUPUKE ROAD,, ,I,KOWHAI ST,201442652,14/07/2014,Mon,1145,GC,CN1V,174B ,,R,D,OF,M ,T,N,N,50,0,0,0,,,1757281,5927213
Auckland,PUPUKE ROAD,, ,I,TILDEN AVENUE,201439629,05/07/2014,Sat,1048,GD,4W1V,181A ,,R,D,B ,F ,T,N,C,50,0,0,0,,,1754366,5925649
Auckland,PURIRI AVENUE,20,S, ,GREAT SOUTH ROAD,201410588,28/01/2014,Tue,1052,MO,CW1C,371A 371B ,,R,D,BF,F , ,N,C,50,0,0,1,,,1759970,5915651
Auckland,PURIRI AVENUE,20,W, ,HIBISCUS COAST HIGHWAY,201445592,08/09/2014,Mon,515,EC,CW1C,129A 330A 402A ,M,R,D,TO,L ,T,N,N,50,0,0,0,,,1751318,5950681
Auckland,PURIRI DRIVE,, ,I,GREEN LANE WEST,201449624,18/12/2014,Thu,1450,AO,CS1C,129A 386A 357B ,,R,D,O ,F ,X,T,C,50,0,0,0,,,1759206,5915523
Auckland,PURIRI ROAD,40,W, ,CHRISTMAS ROAD,201411564,27/02/2014,Thu,2115,CC,CE1C,103A 129A ,M,R,D,DO,F , ,N,N,50,0,0,1,,,1768934,5900162
Auckland,PUTNEY WAY,, ,I,MANUKAU STATION ROAD,201436861,21/05/2014,Wed,1545,MO,CS1C,371B ,,R,D,O ,F ,X,T,C,50,0,0,0,,,1767554,5904248
Auckland,QUAY ST,60,E, ,BRITOMART PLACE,201416333,14/10/2014,Tue,1555,MA,VE1C,373B 504B ,,R,D,B ,F , ,N,C,50,0,0,5,,,1757964,5920917
Auckland,QUAY ST,, ,I,BRITOMART PLACE,201445436,23/09/2014,Tue,1835,LB,MW1V,303B ,,R,D,DO,F ,T,T,C,50,0,0,0,,,1757907,5920937
Auckland,QUAY ST,, ,I,COMMERCE ST,201415467,29/08/2014,Fri,1850,AA,CE1S,372A ,,R,D,OO,F ,T,T,C,50,0,0,1,,36,1757693,5921011
Auckland,QUAY ST,, ,I,COMMERCE ST,201430497,06/02/2014,Thu,1705,FE,CW1C,181A ,,R,D,O ,F ,T,T,C,50,0,0,0,,,1757693,5921011
Auckland,QUAY ST,20,W, ,GORE ST,201449548,16/12/2014,Tue,1035,LB,CW1C,209A 314B 377B 927 ,,R,D,O ,F ,D, ,C,50,0,0,0,,,1757747,5920993
Auckland,QUAY ST,5,E, ,LOWER ALBERT ST,201442585,07/09/2014,Sun,45,FD,CE1CC,103A 331A ,,R,D,DO,F ,X,T,C,50,0,0,0,,,1757455,5921089
Auckland,QUAY ST,300,E, ,LOWER ALBERT ST,201416749,16/10/2014,Thu,2200,MO,ME1X,303B 370B 927 ,,R,D,DO,F ,D,N,R,50,0,0,1,,,1757735,5920996
Auckland,QUAY ST,10,W, ,LOWER ALBERT ST,201437317,09/06/2014,Mon,1850,AA,CW1C,372A ,,E,W,DO,H ,T,G,R,50,0,0,0,,,1757441,5921093
Auckland,QUAY ST,, ,I,LOWER ALBERT ST,201433242,20/03/2014,Thu,50,LB,CW1C,303B ,,R,D,DO,F ,T,T,R,50,0,0,0,,,1757450,5921090
Auckland,QUAY ST,60,E, ,LOWER HOBSON ST,201448956,30/11/2014,Sun,215,FA,CE1C,181A ,,R,D,DO,F , , ,C,50,0,0,0,,,1757358,5921121
Auckland,QUAY ST,, ,I,LOWER HOBSON ST,201435897,09/05/2014,Fri,1525,MG,CW1C,371B ,,E,D,BF,F ,X,T,R,50,0,0,0,,,1757301,5921135
Auckland,QUAY ST,, ,I,LOWER HOBSON ST,201448807,05/12/2014,Fri,1100,JA,CW1B,386B ,SX,E,D,B ,F ,M,T,R,50,0,0,0,,,1757301,5921135
Auckland,QUAY ST,170,W, ,MONASH ST,201448212,02/12/2014,Tue,1800,MO,CE1C,386A ,,R,D,B ,F , ,N,C,50,0,0,0,,,1758447,5920693
Auckland,QUAY ST,390,E, ,PLUMER ST,201444617,16/09/2014,Tue,1400,MO,CN1C,386A 926 ,M,R,D,B ,F , ,N,C,50,0,0,0,,,1758566,5920652
Auckland,QUAY ST,40,E, ,QUEEN ST,201447244,02/10/2014,Thu,2051,MO,CW1B,351A 386A ,M,R,W,DO,L , , ,C,50,0,0,0,,,1757610,5921040
Auckland,QUAY ST,, ,I,QUEEN ST,201432124,23/02/2014,Sun,1016,MA,XW1X,373B ,,R,D,B ,F ,X,T,C,50,0,0,0,,,1757572,5921053
Auckland,QUAY ST,, ,I,QUEEN ST,201431255,02/03/2014,Sun,159,FE,CE1X,103A 331A ,,R,D,DO,F ,T,T,R,50,0,0,0,,,1757572,5921053
Auckland,QUAY ST,180,W, ,SH 16,201413694,29/05/2014,Thu,815,LB,PW1C,209A 314B 375B 927 ,,R,D,O ,F ,D, ,R,50,0,1,0,,,1758840,5920543
Auckland,QUAY ST,230,W, ,SH 16,201415748,19/08/2014,Tue,800,GB,SW14,372B 922 ,,R,D,BF,F ,D,N,L,50,0,0,1,,24,1758793,5920560
Auckland,QUAY ST,430,W, ,SH 16,201411832,28/03/2014,Fri,900,LB,CW1C,129A 303B 377B 922 ,,R,D,BF,F ,D,N,R,50,0,0,1,,,1758604,5920626
Auckland,QUAY ST,15,W, ,TANGIHUA ST,201418318,04/12/2014,Thu,900,HA,CW1S,209A 177B ,,R,D,OF,F , ,N,C,50,0,0,1,,50,1758150,5920842
Auckland,QUAY ST,, ,I,TANGIHUA ST,201431878,05/03/2014,Wed,2208,LB,CW1C,102B 303B 361B ,,R,D,DO,F ,X,T,R,50,0,0,0,,,1758140,5920853
Auckland,QUAY ST,20,E, ,TAPORA ST,201443898,22/08/2014,Fri,1500,AA,CW1T,372A ,,E,D,BF,F , ,N,R,50,0,0,0,,,1758289,5920745
Auckland,QUAY ST,70,E, ,TAPORA ST,201445388,27/09/2014,Sat,1315,FD,CW1C,181A ,,R,D,B ,F , , ,R,50,0,0,0,,,1758332,5920721
Auckland,QUAY ST,360,E, ,TAPORA ST,201416107,24/09/2014,Wed,840,LB,MW1C,209A 303B 377B 922 ,,R,D,BF,F ,D, ,R,50,0,0,1,,,1758606,5920625
Auckland,QUEBEC ROAD,, ,I,FORREST HILL ROAD,201438854,04/06/2014,Wed,550,JA,SN2C,301B 375B ,,R,D,DO,F ,T,S,C,50,0,0,0,,,1756211,5928926
Auckland,QUEEN MARY AVENUE,, ,I,MANUKAU ROAD,201432072,18/01/2014,Sat,1550,MO,CN2,130A 423A ,H,R,D,BF,F ,T,G,N,50,0,0,0,,,1758128,5915593
Auckland,QUEEN ST,20,S, ,AIREDALE ST,201445371,27/09/2014,Sat,2059,FA,CS1X,181A 331A 352A ,,R,W,DO,L , , ,C,50,0,0,0,,,1757224,5919978
Auckland,QUEEN ST,50,S, ,BARTLEY ST,201411142,22/02/2014,Sat,916,DB,CS1C,111A 131A 801 ,M,M,W,O ,L , , ,C,50,0,0,1,,,1755674,5923865
Auckland,QUEEN ST,, ,I,CITY ROAD,201442030,29/07/2014,Tue,550,DA,CW24,111A 131A 514A 517A 103B ,,R,D,DO,F ,T,S,R,50,0,0,0,,,1757081,5919593
Auckland,QUEEN ST,, ,I,CLARENCE ROAD,201438592,25/06/2014,Wed,1157,EC,TN1,386A 801 ,H,R,W,O ,L ,X,N,C,50,0,0,0,,,1755671,5923914
Auckland,QUEEN ST,, ,I,CUSTOMS ST WEST,201434287,18/03/2014,Tue,950,BO,BE2B,124A 129A 402A ,,R,D,B ,F ,X,T,C,50,0,0,0,,,1757514,5920902
Auckland,QUEEN ST,, ,I,CUSTOMS ST WEST,201435905,30/04/2014,Wed,1640,AO,BN1C,381A 671A ,,R,D,OF,F ,X,T,C,50,0,0,0,,,1757514,5920902
Auckland,QUEEN ST,, ,I,CUSTOMS ST WEST,201410927,20/02/2014,Thu,130,NB,CE2E,306A ,,R,D,DO,F ,X,T,C,50,0,0,1,19,,1757514,5920902
Auckland,QUEEN ST,, ,I,DURHAM ST WEST,201415769,27/09/2014,Sat,206,NB,XN1E,105B 713B ,,R,D,DO,F ,T,T,C,50,0,1,0,47,,1757412,5920508
Auckland,QUEEN ST,10,E, ,EAST ST,201438412,18/06/2014,Wed,1400,GD,400000000000000,333A 927 ,,R,D,B , F,D,T,C,50,0,0,0,,,1772489,5896529
Auckland,QUEEN ST,, ,I,FORT ST,201414396,30/06/2014,Mon,745,KA,SS1C,322A 901 ,,R,W,O ,H ,T,T,L,50,0,0,1,,55,1757480,5920775
Auckland,QUEEN ST,40,N, ,HARRIS ST,201410193,10/01/2014,Fri,1214,PC,4S1,308A 376A 929 ,,R,D,B ,F ,D,N,N,50,0,0,1,84,,1768685,5880825
Auckland,QUEEN ST,10,N, ,KARANGAHAPE ROAD,201439308,05/06/2014,Thu,636,MA,CN1B,330B 373B ,,R,D,DO,F ,T,N,C,50,0,0,0,,,1757028,5919451
Auckland,QUEEN ST,15,N, ,KARANGAHAPE ROAD,201433268,17/03/2014,Mon,1730,AC,CS1C,372A ,,R,D,BF,F , ,N,R,50,0,0,0,,,1757030,5919456
Auckland,QUEEN ST,20,N, ,KARANGAHAPE ROAD,201411568,14/02/2014,Fri,1610,NA,4N1E,712B 713B ,,R,D,OF,F , ,N,R,50,0,0,1,13,,1757032,5919461
Auckland,QUEEN ST,50,N, ,KARANGAHAPE ROAD,201435477,09/04/2014,Wed,2225,QG,TN1,665A ,P,R,D,DO,F , ,N,R,50,0,0,0,,,1757042,5919489
Auckland,QUEEN ST,50,N, ,KARANGAHAPE ROAD,201414308,21/06/2014,Sat,408,CB,CS1V,103A 130A 801 ,M,R,W,DO,L , , ,R,50,0,0,1,,,1757042,5919489
Auckland,QUEEN ST,, ,I,KARANGAHAPE ROAD,201414581,14/07/2014,Mon,2328,LB,CS1C,323B ,,R,D,DO,F ,X,T,C,50,0,0,1,,,1757025,5919442
Auckland,QUEEN ST,, ,I,KARANGAHAPE ROAD,201432119,28/02/2014,Fri,1500,FE,CS1C,181A 330A ,,M,D,O ,F ,X,T,C,50,0,0,0,,,1757025,5919442
Auckland,QUEEN ST,500,S, ,KING ST S,201442327,29/06/2014,Sun,41,EA,CS1C,103A 386A ,Q,R,D,DO,F , ,N,C,50,0,0,0,,,1753503,5875741
Auckland,QUEEN ST,, ,I,MAYORAL DRIVE,201432029,01/02/2014,Sat,1335,FE,CS1V,331A ,,R,D,B ,F ,X,T,C,50,0,0,0,,,1757180,5919858
Auckland,QUEEN ST,, ,I,MAYORAL DRIVE,201446493,21/10/2014,Tue,1229,FE,VN1C4,181A ,,R,D,BF,F ,X,T,C,50,0,0,0,,,1757180,5919858
Auckland,QUEEN ST,, ,I,MAYORAL DRIVE,201449486,17/12/2014,Wed,1550,JA,CS1B,322B ,,M,W,O ,L ,X,T,C,50,0,0,0,,,1757180,5919858
Auckland,QUEEN ST,, ,I,MAYORAL DRIVE,201450528,27/12/2014,Sat,1632,FE,CN1C,181A 427A ,,R,D,B ,F ,X,T,C,50,0,0,0,,,1757180,5919858
Auckland,QUEEN ST,30,N, ,PARK AVENUE,201448615,29/11/2014,Sat,1220,MO,CN1C,371A ,,R,D,B ,F , , ,N,50,0,0,0,,,1764190,5909573
Auckland,QUEEN ST,20,N, ,SHORTLAND ST,201446494,30/10/2014,Thu,1654,AA,CN1C,372A ,,R,D,BF,F , ,N,C,50,0,0,0,,,1757469,5920735
Auckland,QUEEN ST,50,S, ,SHORTLAND ST,201439248,10/06/2014,Tue,1610,AO,CN1C,197A ,,R,W,O ,L , , ,C,50,0,0,0,,,1757452,5920667
Auckland,QUEEN ST,, ,I,SHORTLAND ST,201449173,08/12/2014,Mon,1300,FF,CN1C,358A 423A ,,R,D,OF,F ,T,T,C,50,0,0,0,,,1757464,5920716
Auckland,QUEEN ST,, ,I,TURNER ST,201413730,19/05/2014,Mon,1745,NF,CW2E,341A 724B ,,R,W,DO,F ,T,S,P,50,0,0,1,24,,1757129,5919723
Auckland,QUEEN ST,15,S, ,VICTORIA ST WEST,201433118,27/03/2014,Thu,1820,EA,BN1C,129A ,M,R,D,B ,F , , ,C,50,0,0,0,,,1757384,5920406
Auckland,QUEEN ST,, ,I,VICTORIA ST WEST,201447379,15/11/2014,Sat,1920,AA,TN1X,103A 112A ,,R,D,O ,H ,X,T,C,30,0,0,0,,,1757389,5920420
Auckland,QUEEN ST,20,S, ,VULCAN LANE,201448379,30/12/2014,Tue,1035,MO,BS1C,371A 386A ,M,R,D,B ,F , ,N,C,50,0,0,0,,,1757441,5920625
Auckland,QUEEN ST,20,S, ,WAKEFIELD ST,201433934,04/04/2014,Fri,1330,MO,TS1C,371A ,M,R,D,B ,F , ,N,C,50,0,0,0,,,1757251,5920053
Auckland,QUEEN ST,20,S, ,WAKEFIELD ST,201413957,11/06/2014,Wed,1720,NA,CN1E,712B ,,R,D,B ,F , ,N,R,30,0,0,1,,,1757251,5920053
Auckland,QUEEN ST,, ,I,WAKEFIELD ST,201437277,03/06/2014,Tue,2155,MG,CS1C,371B ,,R,D,DO,F ,Y,T,C,50,0,0,0,,,1757258,5920071
Auckland,QUEEN ST,, ,I,WAVERLEY ST,201413066,25/05/2014,Sun,239,EC,CS1E,103A 129A ,IS,R,W,DO,L ,T,G,R,50,0,0,1,28,,1757152,5919784
Auckland,QUEEN ST,50,N, ,WELLESLEY ST EAST,201415034,31/07/2014,Thu,2110,NB,CN1E,711B 718B ,,R,D,DO,F , ,T,X,50,0,0,1,26,,1757332,5920263
Auckland,QUEEN ST,40,S, ,WELLESLEY ST EAST,201430466,22/01/2014,Wed,1100,EA,CS1C,386A ,M,R,D,O ,F , ,N,C,50,0,0,0,,,1757297,5920180
Auckland,QUEEN ST,50,S, ,WELLESLEY ST EAST,201444700,20/08/2014,Wed,1830,AA,BN1C,372A ,,R,D,ON,F , ,N,C,50,0,0,0,,,1757293,5920171
Auckland,QUEEN ST,50,N, ,WELLESLEY ST WEST,201449950,20/12/2014,Sat,2343,AC,CN1C,177A 330A ,,R,W,DO,L , , ,C,30,0,0,0,,,1757332,5920263
Auckland,QUEEN ST,, ,I,WESLEY ST,201417777,11/09/2014,Thu,1500,HA,SW2C,302B 375B ,,E,D,B ,F ,R,G,C,50,0,0,1,,75,1768719,5881051
Auckland,QUEEN ST,5,N, ,WYNDHAM ST,201445575,01/10/2014,Wed,1208,MO,CN1V,386A 402A ,M,R,D,B ,F ,T,T,C,30,0,0,0,,,1757436,5920604
Auckland,QUEEN ST,20,S, ,WYNDHAM ST,201441151,13/08/2014,Wed,1010,MC,VS1C,372B 671B ,,R,D,OF,F , ,N,C,50,0,0,0,,,1757430,5920580
Auckland,QUEENS DRIVE,, ,I,HEKERUA ROAD,201441367,31/07/2014,Thu,30,DA,CN2,101A 131A 386A 412A ,C,E,D,DO,F ,X,G,C,50,0,0,0,,,1780846,5927242
Auckland,QUEENS DRIVE,20,N, ,KARAKA ROAD,201448349,03/12/2014,Wed,51,MO,CE1,104A 111A 929 ,CV,E,D,DN,F ,D,N,N,50,0,0,0,,,1781244,5927003
Auckland,QUEENS DRIVE,, ,I,KARAKA ROAD,201417722,21/10/2014,Tue,119,DB,PS1,103A 111A 817 ,,E,D,DO,F ,T,G,N,80,0,1,0,,,1781261,5926992
Auckland,QUEENS DRIVE,90,N, ,MCINTOSH ROAD,201418718,16/11/2014,Sun,200,DB,CW1,102A 111A 131A ,X,S,D,DN,F , , ,N,50,0,0,1,,,1780379,5927319
Auckland,QUEENS ROAD,, ,I,CHURCH CRESCENT,201433676,02/04/2014,Wed,815,FD,CS1C,181A 331A ,,R,D,BF,F ,R,G,R,50,0,0,0,,,1765438,5914497
Auckland,QUEENS ROAD,50,N, ,DOMAIN ROAD,201449429,02/12/2014,Tue,1700,MO,CW1C,138A ,M,R,D,B ,F , , ,C,50,0,0,0,,,1765416,5914517
Auckland,QUEENS ROAD,, ,I,KINGS ROAD,201434845,22/03/2014,Sat,1836,MG,CN14,103B 371B ,,E,D,BF,F ,R,G,R,50,0,0,0,,,1765463,5914467
Auckland,QUEENS ROAD,, ,I,PANMURE ROUNDABOUT,201446628,17/10/2014,Fri,1200,KA,4S24,302B ,,M,D,B ,F ,R,G,R,50,0,0,0,,,1764977,5914726
Auckland,QUEENS ROAD,, ,I,PANMURE ROUNDABOUT,201412174,27/03/2014,Thu,2101,HA,CW1C,302A ,,E,D,DO,F ,R,G,R,50,0,0,1,,,1764977,5914726
Auckland,QUEENS ROAD,10,E, ,PILKINGTON ROAD,201437101,27/05/2014,Tue,1130,AA,4E1C,372A ,,R,D,OF,F ,X,T,R,50,0,0,0,,,1765189,5914658
Auckland,QUEENS ROAD,40,E, ,PILKINGTON ROAD,201434214,21/02/2014,Fri,924,FC,MW1C,181A 331A 191B ,,E,D,O ,F , , ,X,50,0,0,0,,,1765218,5914649
Auckland,QUEENS ROAD,100,E, ,PILKINGTON ROAD,201417985,26/11/2014,Wed,530,NA,CE1,724B 836 ,,E,D,TO,F , , ,R,50,0,1,0,49,,1765274,5914628
Auckland,QUEENS ROAD,200,E, ,PILKINGTON ROAD,201416191,03/10/2014,Fri,1050,NA,CW1E,713B 726B ,,R,D,B ,F , , ,R,50,0,1,0,4,,1765353,5914567
Auckland,QUEENS ROAD,20,S, ,PILKINGTON ROAD,201438388,25/03/2014,Tue,1830,MF,VW1C,387A 372B ,,R,D,O ,F , , ,C,50,0,0,0,,,1765199,5914655
Auckland,QUEENS ROAD,80,W, ,PILKINGTON ROAD,201434292,13/02/2014,Thu,330,CB,CE1,101A 130A 412A ,KST,R,D,DO,F , , ,R,50,0,0,0,,,1765104,5914685
Auckland,QUEENS ROAD,100,W, ,PILKINGTON ROAD,201414790,05/07/2014,Sat,1130,NG,4W1E,371A 711B 714B ,,R,D,B ,F , , ,R,50,0,1,0,44,,1765085,5914691
Auckland,QUEENS ROAD,, ,I,QUEENSTOWN OFF NBD,201449460,26/12/2014,Fri,835,GE,CW2C,173A ,,E,D,B ,F ,R,G,R,50,0,0,0,,,1757398,5912299
Auckland,QUEENSTOWN OFF NBD,25,W, ,SH 20,201434020,07/04/2014,Mon,751,FE,TW1M,322A 334A ,,R,D,B ,F ,T,T,C,50,0,0,0,,,1757814,5912138
Auckland,QUEENSTOWN ROAD,, ,I,BEACHCROFT AVENUE,201431485,07/02/2014,Fri,900,FB,TS1C,181A ,,R,D,OF,F ,R,G,R,50,0,0,0,,,1757442,5912458
Auckland,QUEENSTOWN ROAD,, ,I,BEACHCROFT AVENUE,201445577,29/09/2014,Mon,955,LB,CS1C,302A 370A 402A ,,E,D,B ,F ,R,G,R,50,0,0,0,,,1757441,5912453
Auckland,QUEENSTOWN ROAD,40,N, ,BEL AIR DRIVE,201443028,29/08/2014,Fri,1330,MD,CN1C,308B 371B 929 ,,R,D,B ,F ,D, ,C,50,0,0,0,,,1757434,5912385
Auckland,QUEENSTOWN ROAD,100,N, ,BEL AIR DRIVE,201431283,01/01/2014,Wed,251,CA,CS1,130A 351A ,I,R,D,DO,F , ,N,R,50,0,0,0,,,1757464,5912550
Auckland,QUEENSTOWN ROAD,100,N, ,BEL AIR DRIVE,201449954,20/12/2014,Sat,624,CA,CS1,103A 130A ,I,R,D,B ,F , , ,R,50,0,0,0,,,1757464,5912550
Auckland,QUEENSTOWN ROAD,, ,I,BEL AIR DRIVE,201433244,25/03/2014,Tue,845,HA,CE2C,302A 375A ,,E,D,BF,F ,R,G,R,50,0,0,0,,,1757426,5912438
Auckland,QUEENSTOWN ROAD,, ,I,BEL AIR DRIVE,201410953,03/03/2014,Mon,701,DA,CN1,111A 131A ,P,M,W,OF,L ,R,G,C,50,0,0,1,,,1757430,5912429
Auckland,QUEENSTOWN ROAD,, ,I,BEL AIR DRIVE,201444087,08/09/2014,Mon,819,AA,CN1C,372A ,,E,D,OF,F ,R,G,R,50,0,0,0,,,1757430,5912429
Auckland,QUEENSTOWN ROAD,80,S, ,HERD ROAD,201443482,17/09/2014,Wed,145,CB,CS1,357A 512A ,P,R,D,DO,F , ,N,C,50,0,0,0,,,1757522,5912873
Auckland,QUEENSTOWN ROAD,200,S, ,HERD ROAD,201446141,22/10/2014,Wed,1615,AA,TS1C,372A ,,R,D,B ,F , , ,C,50,0,0,0,,,1757509,5912754
Auckland,QUEENSTOWN ROAD,, ,I,HERD ROAD,201436564,30/04/2014,Wed,1700,GD,CS1C,181A 331A ,,M,D,TO,F ,T,T,C,50,0,0,0,,,1757531,5912953
Auckland,QUEST TERRACE,80,W, ,AKARANA AVENUE,201449172,28/11/2014,Fri,1512,CB,CS1CC,133A 423A 929 ,HM,R,D,BF,F ,D,N,N,50,0,0,0,,,1755434,5914278
Auckland,RACECOURSE PARADE,10,W, ,GREAT NORTH ROAD,201414625,06/07/2014,Sun,936,JA,VW1C,101B 308B 925 ,,R,W,O ,L ,D, ,P,50,0,0,1,,,1751185,5915366
Auckland,RADNOR ROAD,50,S, ,COLEMAN AVENUE,201438834,10/07/2014,Thu,1500,EA,CS1C,129A ,M,R,W,OF,L , ,N,N,50,0,0,0,,,1754932,5913897
Auckland,RAGLAN ST,70,N, ,TIARI PLACE,201436521,14/05/2014,Wed,537,MO,CN1C,371A 801 929 ,M,R,W,DO,L ,D, ,P,50,0,0,0,,,1762568,5906717
Auckland,RAILSIDE AVENUE,10,N, ,BRUCE MCLAREN ROAD,201439775,29/06/2014,Sun,532,CC,CS1,103A 130A 412A ,CF,R,D,DO,F ,T,T,C,50,0,0,0,,,1745401,5915995
Auckland,RAILSIDE AVENUE,, ,I,STEVIES LANE,201431038,14/02/2014,Fri,830,CB,VN1,130A 350A ,T,R,D,O ,F ,T,N,C,50,0,0,0,,,1745371,5917157
Auckland,RAILSIDE AVENUE,100,S, ,VIEW ROAD,201436935,26/05/2014,Mon,1610,JA,CS1CCC,929,MM,R,D,O ,L ,D,N,L,50,0,0,0,,,1745388,5916478
Auckland,RAILSIDE AVENUE,, ,I,VIEW ROAD,201439549,22/06/2014,Sun,2013,FB,CN1C,181A ,,R,W,DO,F ,R,G,R,50,0,0,0,,,1745385,5916573
Auckland,RAILSIDE AVENUE,, ,I,VIEW ROAD,201437347,13/06/2014,Fri,815,HA,VW2C,302A 375A ,,R,D,BF,F ,R,G,R,50,0,0,0,,,1745389,5916579
Auckland,RAILSIDE AVENUE,, ,I,VIEW ROAD,201449139,25/11/2014,Tue,2032,MG,CS1C,103B 371B ,,E,W,DO,L ,R,G,R,50,0,0,0,,,1745385,5916594
Auckland,RAILWAY ST WEST,, ,I,AVERILL ST,201433800,26/03/2014,Wed,1730,LB,CN1C,158A 303B 314B ,,R,D,B ,F ,T,G,C,50,0,0,0,,,1772896,5896342
Auckland,RAILWAY ST WEST,, ,I,BROADWAY,201415494,03/09/2014,Wed,1800,FE,TN1C,181A ,,R,D,TO,F ,T,T,C,50,0,0,1,,,1772886,5896381
Auckland,RAILWAY ST WEST,, ,I,BROADWAY,201443918,11/10/2014,Sat,2100,FF,CN1C,428B ,,R,D,DO,F ,M,T,C,50,0,0,0,,,1772886,5896381
Auckland,RAILWAY ST WEST,40,N, ,WOOD ST,201438143,22/05/2014,Thu,1220,MA,CN1C,373B ,,E,D,BF,F , ,N,C,50,0,0,0,,,1772985,5896179
Auckland,RAILWAY ST WEST,5,S, ,WOOD ST,201413696,17/06/2014,Tue,1550,PO,BS1E,105B 722B ,,R,D,O ,F ,T,G,N,50,0,0,1,54,,1773006,5896139
Auckland,RAILWAY ST WEST,, ,I,WOOD ST,201446472,20/10/2014,Mon,850,LB,CN1C,302A 375A ,,R,D,BF,F ,T,G,R,50,0,0,0,,,1773004,5896143
Auckland,RAINES AVENUE,50,S, ,PAX AVENUE,201439351,26/06/2014,Thu,1420,MG,VN1V,371B 386B ,,R,D,ON, S, ,N,N,50,0,0,0,,,1755954,5929301
Auckland,RAINES AVENUE,200,E, ,TRISTRAM AVENUE,201435322,21/04/2014,Mon,1530,MB,CN14,372A 372B ,,R,D,B ,F , , ,N,50,0,0,0,,,1755934,5929361
Auckland,RAINES AVENUE,60,N, ,TRISTRAM AVENUE,201445523,01/10/2014,Wed,1037,EA,CS1C,129A ,M,R,D,B ,F , , ,N,50,0,0,0,,,1755979,5929228
Auckland,RALEIGH ROAD,20,W, ,FOWLER ST,201438325,08/06/2014,Sun,1006,CB,CE1,130A 197A ,X,R,D,O ,F , , ,C,50,0,0,0,,,1755479,5925619
Auckland,RALEIGH ROAD,30,W, ,HOLDAWAY AVENUE,201449818,10/12/2014,Wed,1322,EA,CE1C,129A 331A ,M,R,D,OF,F , ,N,C,50,0,0,0,,,1755098,5925734
Auckland,RALEIGH ROAD,, ,I,OCEAN VIEW ROAD,201442890,04/09/2014,Thu,1638,LB,CE1C,303B 330B ,,R,W,O ,F ,T,N,C,50,0,0,0,,,1754923,5925787
Auckland,RALEIGH ROAD,, ,I,OCEAN VIEW ROAD S,201433697,19/04/2014,Sat,1220,JC,CS24,302A 387A ,,E,D,OF,F ,T,G,C,50,0,0,0,,,1754923,5925787
Auckland,RAMARAMA ROAD,70,S, ,WILLOW ROAD,201438868,26/06/2014,Thu,2230,EC,4N1,912,W,R,W,DN,H , ,N,C,70,0,0,0,,,1775570,5888282
Auckland,RAMP ROAD,30,N, ,SUNSET ROAD,201447034,22/09/2014,Mon,1933,EA,CN1C,129A ,M,R,D,DO,F ,T,G,C,50,0,0,0,,,1754727,5931328
Auckland,RAMP ROAD,, ,I,SUNSET ROAD,201449822,14/12/2014,Sun,1342,DB,CE2,111A 131A ,EF,M,W,OF,L ,T,G,C,50,0,0,0,,,1754745,5931304
Auckland,RAMP ROAD,, ,I,SUNSET ROAD,201430755,17/01/2014,Fri,1624,FB,4S1C,181A ,,R,D,BF,F ,T,G,C,50,0,0,0,,,1754745,5931304
Auckland,RAMSGATE ST,, ,I,FINDLAY ST,201417641,04/12/2014,Thu,1729,HA,CE2C,302A 375A ,,R,D,B ,F ,X,G,C,50,0,0,1,,,1761297,5914761
Auckland,RANFURLY ROAD,50,E, ,MANUKAU ROAD,201448394,26/12/2014,Fri,1920,EA,CW1C,386A ,M,R,D,B ,F , ,N,C,50,0,0,0,,,1758281,5916389
Auckland,RANFURLY ROAD,200,S, ,STAFFORD AVENUE,201450264,05/12/2014,Fri,1802,FD,CW1CCC,331A 359A ,,R,D,ON,F , ,N,C,80,0,0,0,,,1765738,5904431