TLANAME,CRASHROAD,CRASHDIST,CRASHDIRN,INTSN,SIDEROAD,CRASHID,CRASHDATE,CRASHDOW,CRASHTIME,MVMT,VEHICLES,CAUSES,OBJECTSSTRUCK,ROADCURVE,ROADWET,LIGHT,WTHRa,JUNCTYPE,TRAFCTRL,ROADMARK,SPDLIM,CRASHFATALCNT,CRASHSEVCNT,CRASHMINCNT,PERSAGE1,PERSAGE2,EASTING,NORTHING
Auckland,RANGATIRA ROAD,150,E, ,ISLAND BAY ROAD,201448011,31/10/2014,Fri,130,DA,CS1,102A 131A 358A ,G,M,D,DO,F , , ,L,50,0,0,0,,,1751759,5924944
Auckland,RANGATIRA ROAD,30,S, ,MARINERS VIEW ROAD,201440923,03/08/2014,Sun,1718,MO,CS1C,371A 929 ,,R,W,OF,F ,D,N,C,50,0,0,0,,,1751135,5925324
Auckland,RANGATIRA ROAD,90,S, ,MARINERS VIEW ROAD,201415185,03/08/2014,Sun,1551,MC,CS1CCC,197A 407A 372B ,CFK,R,D,B ,F , , ,C,50,0,0,1,,,1751182,5925287
Auckland,RANGATIRA ROAD,15,S, ,ROSECAMP ROAD,201444561,19/09/2014,Fri,2130,EA,CS1C,103A 129A ,M,R,D,DO,F , , ,L,50,0,0,0,,,1750885,5925770
Auckland,RANGATIRA ROAD,70,S, ,ROSECAMP ROAD,201438324,24/05/2014,Sat,515,AD,CN1C,111A 131A 150A 801 ,FM,M,W,DO,L , , ,C,50,0,0,0,,,1750892,5925715
Auckland,RANGATIRA ROAD,15,N, ,SUNNYHAVEN AVENUE,201449150,03/12/2014,Wed,1502,MO,BN1,385A ,P,R,D,BF,F , ,N,C,50,0,0,0,,,1750566,5926853
Auckland,RANGIPAWA ROAD,50,N, ,HOUPARA ST,201441142,17/06/2014,Tue,1430,EA,CN1C,129A ,M,R,W,BF,F , ,N,N,50,0,0,0,,,1760311,5913902
Auckland,RANKIN AVENUE,10,N, ,AMBRICO PLACE,201412299,23/05/2014,Fri,625,NA,CN1E,711B 724B ,,R,D,DO,F ,T,N,C,50,0,0,1,31,,1749874,5913617
Auckland,RANKIN AVENUE,50,S, ,CLARK ST,201432114,11/03/2014,Tue,1815,MC,CN1C,372B ,,R,D,B ,F , ,N,C,50,0,0,0,,,1749939,5913763
Auckland,RANKIN AVENUE,80,S, ,CLARK ST,201439293,29/05/2014,Thu,1811,BC,CS14,120A 927 ,,S,W,DO,F ,D,N,C,50,0,0,0,,,1749927,5913736
Auckland,RANKIN AVENUE,, ,I,HUTCHINSON AVENUE,201439365,04/07/2014,Fri,1745,FB,VS1C,181A 330A ,,R,D,DO,F ,R,G,R,50,0,0,0,,,1749782,5913397
Auckland,RANKIN AVENUE,, ,I,TOTARA AVENUE,201436602,01/05/2014,Thu,1435,LB,CN1B,303B 375B ,,R,D,O ,F ,X,T,C,50,0,0,0,,,1749953,5913810
Auckland,RANSOM SMYTH DRIVE,15,E, ,EVERGLADE DRIVE S,201434490,30/04/2014,Wed,2040,MO,TW1C,371A ,M,R,D,DO,F , , ,C,50,0,0,0,,,1768757,5903958
Auckland,RANUI STATION ROAD,20,S, ,SWANSON ROAD,201431267,22/02/2014,Sat,530,EA,CN1C,129A ,M,R,D,BF,F , ,N,C,50,0,0,0,,,1742837,5919008
Auckland,RAPALLO PLACE,100,S, ,FRATLEY AVENUE,201447526,04/11/2014,Tue,1110,MO,4S1C,371A 929 ,M,R,D,B ,F ,D, ,N,50,0,0,0,,,1768595,5915131
Auckland,RATA ST,100,S, ,ASH ST,201448410,21/08/2014,Thu,1600,MG,CN1C,371B ,,E,D,BF,F , ,N,P,50,0,0,0,,,1749925,5914886
Auckland,RATA ST,20,S, ,BINSTED ROAD,201415178,24/08/2014,Sun,505,DA,CS1,102A 131A 410A ,ST,E,D,DO,F ,X,T,R,50,0,0,1,,,1749864,5914618
Auckland,RATA ST,60,S, ,BINSTED ROAD,201448885,14/11/2014,Fri,400,CA,CS1,410A 801 ,IT,R,W,DO,L , , ,R,50,0,0,0,,,1749837,5914589
Auckland,RATA ST,, ,I,BINSTED ROAD,201439325,18/06/2014,Wed,1903,AA,CN1C,372A ,,R,D,DO,F ,X,T,L,50,0,0,0,,,1749878,5914633
Auckland,RATA ST,150,N, ,GREAT NORTH ROAD,201447971,23/11/2014,Sun,950,AO,VS1C,357A 512A 357B ,,R,D,B ,F , , ,R,50,0,0,0,,,1749496,5914051
Auckland,RATA ST,, ,I,GREAT NORTH ROAD,201439517,22/06/2014,Sun,951,FE,CS1C,112A 331A ,,R,W,B ,F ,X,T,R,50,0,0,0,,,1749431,5913916
Auckland,RATA ST,50,W, ,KAPONGA CRESCENT,201413962,07/06/2014,Sat,1209,FD,CS1C,181A 331A ,,R,D,B ,F , ,N,P,50,0,1,0,,,1749506,5914071
Auckland,RATA ST,, ,I,MOA AVENUE,201445532,09/10/2014,Thu,900,MO,CE1C,371A ,M,R,D,O ,F ,T,N,N,50,0,0,0,,,1779687,5926677
Auckland,RATA ST,230,S, ,REID ROAD,201438735,04/07/2014,Fri,724,AO,VN1C,381A ,,R,W,DO,H , ,N,P,50,0,0,0,,,1749654,5914382
Auckland,RATA ST,10,E, ,RIMU ST,201441003,31/07/2014,Thu,1215,KA,CN1V,301B 375B ,,R,D,BF,F ,T,S,P,50,0,0,0,,,1749548,5914161
Auckland,RATA ST,, ,I,RIMU ST,201444117,27/09/2014,Sat,2340,KA,CN1C,301B 375B ,,R,D,DO,F ,T,S,R,50,0,0,0,,,1749544,5914152
Auckland,RATA ST,, ,I,RIMU ST,201410502,14/01/2014,Tue,1211,GB,MN1C,372B ,,R,D,BF,F ,T,S,R,50,0,1,0,,,1749544,5914152
Auckland,RATHGAR ROAD,100,S, ,GLEN NORMAN AVENUE,201416494,08/10/2014,Wed,912,CA,CS1B,130A 350A ,M,R,D,O ,F , , ,C,50,0,0,1,,,1744534,5918962
Auckland,RATHGAR ROAD,15,N, ,HARRINGTON ROAD,201411163,21/03/2014,Fri,10,CC,CN1,103A 112A 130A ,P,R,D,DO,F , , ,C,50,0,0,1,,,1744596,5919466
Auckland,RATHGAR ROAD,30,N, ,LARNOCH ROAD,201447354,15/11/2014,Sat,1115,ME,CS1C,351B 371B ,,E,D,B ,F , ,N,P,50,0,0,0,,,1744557,5919149
Auckland,RATHGAR ROAD,30,S, ,LARNOCH ROAD,201430073,07/01/2014,Tue,1515,MO,CN1C,371A ,M,R,D,BF,F , ,N,C,50,0,0,0,,,1744550,5919090
Auckland,RATHGAR ROAD,, ,I,LARNOCH ROAD,201431037,14/02/2014,Fri,1520,LB,CN1V,303B 375B ,,R,D,O ,F ,T,G,C,50,0,0,0,,,1744554,5919119
Auckland,RATHGAR ROAD,50,S, ,POMARIA ROAD,201434688,26/02/2014,Wed,1055,MO,CN1C,371A ,,R,D,O ,F , ,N,P,50,0,0,0,,,1744567,5919221
Auckland,RATHGAR ROAD,50,S, ,UNIVERSAL DRIVE,201437346,15/06/2014,Sun,50,CA,CS1C,103A 112A 130A 514A ,M,R,D,DO,F , ,N,P,50,0,0,0,,,1744633,5919754
Auckland,RAWHITI ROAD,, ,I,NGATIAWA ROAD,201440220,17/06/2014,Tue,1710,DB,CN2V,137A ,XF,R,W,TF,F ,X,S,C,50,0,0,0,,,1759929,5913865
Auckland,RAY EMERY DRIVE,300,W, ,TOM PEARCE DRIVE N,201439240,15/05/2014,Thu,1315,KB,4E1C,308B 927 ,,E,D,B ,F ,D,S,C,30,0,0,0,,,1758871,5903135
Auckland,RAY EMERY DRIVE,300,S, ,TOM PEARCE DRIVE W,201411922,22/03/2014,Sat,650,QD,XW1EX,428A ,Q,R,D,TO,F , ,N,C,20,0,0,1,31,,1758801,5903115
Auckland,REAGAN ROAD,, ,I,GREAT SOUTH ROAD,201442532,09/08/2014,Sat,1930,FB,CW1C,331A 387A ,,E,D,DO,F ,X,G,C,50,0,0,0,,,1767111,5905524
Auckland,REAGAN ROAD,, ,I,GREAT SOUTH ROAD,201442418,08/08/2014,Fri,2100,FB,CW1C,331A 353A ,,E,D,DO,F ,Y,G,N,50,0,0,0,,,1767111,5905524
Auckland,REAGAN ROAD,, ,I,GREAT SOUTH ROAD,201417273,02/11/2014,Sun,1759,KA,SE1C,302B ,,R,D,TF,F ,X,G,R,50,0,0,1,,20,1767111,5905524
Auckland,RED BEACH ROAD,100,N, ,WHANGAPARAOA ROAD,201417233,01/11/2014,Sat,910,JA,SS1C,308B 375B 929 ,,E,D,B ,F ,D, ,C,50,0,0,1,,49,1752161,5947022
Auckland,RED BEACH ROAD,10,W, ,WHANGAPARAOA ROAD,201436774,16/05/2014,Fri,1830,AO,CN1B,150A 381A ,,E,D,DO,F ,T,N,P,50,0,0,0,,,1752195,5946940
Auckland,RED BEACH ROAD,, ,I,WHANGAPARAOA ROAD,201438734,06/06/2014,Fri,815,DA,CW2CC,135A 137B 806 ,,M,W,OF,L ,T,T,C,50,0,0,0,,,1752197,5946930
Auckland,RED HILLS ROAD,150,E, ,BIRDWOOD ROAD,201433992,06/04/2014,Sun,1955,DB,CE1,101A 111A ,P,M,D,DO,F , ,N,C,50,0,0,0,,,1742510,5921973
Auckland,RED HILLS ROAD,800,W, ,BIRDWOOD ROAD,201450297,27/02/2014,Thu,1020,DA,CE1,131A 404A ,E,M,D,OF,F , ,N,C,70,0,0,0,,,1741682,5922041
Auckland,RED HILLS ROAD,, ,I,BIRDWOOD ROAD,201437194,29/05/2014,Thu,1710,DA,CN2,133A ,V,M,W,DO,L ,Y,N,C,50,0,0,0,,,1742398,5922073
Auckland,RED HILLS ROAD,400,E, ,SUNNYVALE ROAD,201416651,09/10/2014,Thu,640,DA,CE1,110A 131A 801 ,F,M,W,B ,L , , ,C,100,0,0,1,,,1741450,5922105
Auckland,REDCREST AVENUE,80,W, ,BALMERINO AVENUE,201438637,19/06/2014,Thu,218,DA,CW1,103A 111A 514A ,T,E,W,DO,F , , ,C,50,0,0,0,,,1775273,5895673
Auckland,REDOUBT ROAD,50,E, ,ALEXIA PLACE,201446338,19/09/2014,Fri,800,FD,CW1C,423A ,,R,W,OF,L , ,N,C,60,0,0,0,,,1769517,5904666
Auckland,REDOUBT ROAD,20,E, ,ANCONA LANE,201444662,26/09/2014,Fri,1700,LB,400000000000000,303B 375B 929 ,,R,D,O ,F ,D,N,P,50,0,0,0,,,1768669,5904528
Auckland,REDOUBT ROAD,25,E, ,BARTELLS DRIVE,201443987,05/10/2014,Sun,609,DB,CW1,131A 363A ,J,M,W,DO,L , ,N,C,60,0,0,0,,,1769237,5904710
Auckland,REDOUBT ROAD,, ,I,DIORELLA DRIVE,201430794,18/02/2014,Tue,830,JA,CE1C,302B 382B ,,R,D,BF,F ,T,G,C,50,0,0,0,,,1768371,5904445
Auckland,REDOUBT ROAD,20,E, ,EVERGLADE DRIVE,201438356,29/05/2014,Thu,840,AD,CW1C,129A 386A ,,E,D,O ,L , , ,C,50,0,0,0,,,1768769,5904551
Auckland,REDOUBT ROAD,, ,I,EVERGLADE DRIVE,201433801,07/04/2014,Mon,833,FE,CW1C,181A 387A ,,R,D,B ,F ,X,T,C,50,0,0,0,,,1768750,5904546
Auckland,REDOUBT ROAD,110,W, ,GOODWOOD DRIVE,201448572,05/12/2014,Fri,936,BA,CE1CC,125A 359A ,,R,D,OF,F , ,N,C,50,0,0,0,,,1768976,5904628
Auckland,REDOUBT ROAD,, ,I,GREAT SOUTH ROAD,201433384,01/04/2014,Tue,1320,FB,CW1C,181A ,,E,D,BF,F ,X,G,R,50,0,0,0,,,1767776,5904283
Auckland,REDOUBT ROAD,, ,I,GREAT SOUTH ROAD,201446059,02/08/2014,Sat,2120,DA,CN2,111A 131A 402A ,P,E,W,DO,F ,X,T,R,50,0,0,0,,,1767774,5904295
Auckland,REDOUBT ROAD,, ,I,GREAT SOUTH ROAD,201442431,05/08/2014,Tue,1530,FB,CW1C,387A ,,R,D,BF,F ,X,G,R,50,0,0,0,,,1767776,5904283
Auckland,REDOUBT ROAD,, ,I,HILLTOP ROAD,201417935,30/11/2014,Sun,2050,JA,ME1C,302B ,,R,W,DO,L ,T,G,C,60,0,1,0,,,1769705,5904689
Auckland,REDOUBT ROAD,20,W, ,HOLLYFORD DRIVE,201444757,26/08/2014,Tue,1905,AC,TW1C,372A ,,R,D,DO,F , ,N,C,50,0,0,0,,,1768730,5904542
Auckland,REDOUBT ROAD,150,W, ,HOLLYFORD DRIVE,201416740,28/10/2014,Tue,1030,NA,TW1E,713B ,,R,W,O ,L , , ,C,50,0,1,0,53,,1768604,5904512
Auckland,REDOUBT ROAD,, ,I,HOLLYFORD DRIVE,201430882,22/02/2014,Sat,1630,FE,CS2C,181A ,,R,D,BF,F ,X,T,C,50,0,0,0,,,1768750,5904546
Auckland,REDOUBT ROAD,, ,I,HOLLYFORD DRIVE,201430872,22/02/2014,Sat,1430,MO,CW1C,381A ,,R,D,OF,F ,X,T,C,50,0,0,0,,,1768750,5904546
Auckland,REDOUBT ROAD,, ,I,MANUKAU ON NBD E,201418535,05/12/2014,Fri,846,LB,CE1T,303B ,,R,D,BF,F ,T,G,R,50,0,0,1,,,1767869,5904310
Auckland,REDOUBT ROAD,, ,I,MANUKAU ON SBD,201443906,17/10/2014,Fri,1751,DB,CW1,111A 131A ,G,R,W,OF,L ,T,T,C,50,0,0,0,,,1768079,5904355
Auckland,REDOUBT ROAD,, ,I,MANUKAU ON SBD,201447368,14/11/2014,Fri,1423,FE,CW1V,103A 112A ,,R,D,B ,F ,X,T,R,50,0,0,0,,,1768079,5904355
Auckland,REDOUBT ROAD,100,W, ,MILL ROAD,201410066,05/01/2014,Sun,1600,BF,CE1C,111A 131A 402A 501A 191B 801 ,C,M,W,O ,L , , ,C,80,0,0,2,,,1770981,5903872
Auckland,REDOUBT ROAD,440,S, ,MURPHYS ROAD,201447469,17/09/2014,Wed,2200,DB,CN1,131A 358A ,T,E,D,DN,F , ,N,C,50,0,0,0,,,1770638,5904186
Auckland,REDOUBT ROAD,, ,I,MURPHYS ROAD,201432053,17/02/2014,Mon,810,JA,CE1C,302B ,F,E,D,B ,F ,T,G,C,60,0,0,0,,,1770463,5904569
Auckland,REDOUBT ROAD,10,E, ,WILISA RISE,201430499,25/01/2014,Sat,2245,BE,CE1C,112A 125A ,,R,D,DO,F ,T,T,C,50,0,0,0,,,1768298,5904423
Auckland,REDWOOD DRIVE,50,W, ,COLWILL ROAD,201441750,18/08/2014,Mon,2145,CB,CW1C,129A 358A ,M,R,W,DO,L , , ,C,50,0,0,0,,,1744975,5921937
Auckland,REEVES ROAD,50,W, ,ALTON TERRACE,201412153,10/05/2014,Sat,2315,EA,CE1CC,103A 129A ,MM,R,D,DO,F , , ,P,50,0,0,1,,,1767980,5912833
Auckland,REEVES ROAD,, ,I,AYLESBURY ST,201449305,13/10/2014,Mon,1650,KA,TE1C,302B 377B ,,E,D,B ,F ,T,G,P,50,0,0,0,,,1766865,5913114
Auckland,REEVES ROAD,15,E, ,CARDIFF ROAD,201443055,10/08/2014,Sun,1816,FC,CE1C,331A 350A ,,R,D,TO,F , , ,X,50,0,0,0,,,1767535,5912976
Auckland,REEVES ROAD,, ,I,GLENSIDE AVENUE,201432278,27/01/2014,Mon,1729,GA,CE1C,102A 181A 102B ,,R,D,B ,F ,T,S,C,50,0,0,0,,,1767472,5912991
Auckland,REEVES ROAD,50,E, ,LEWIS ROAD,201433264,22/03/2014,Sat,1700,EA,CE1C,129A ,M,R,D,BF,F , ,N,C,50,0,0,0,,,1767284,5913035
Auckland,REEVES ROAD,20,E, ,TI RAKAU DRIVE,201442054,17/07/2014,Thu,1215,KA,CW1C,308B 922 ,,R,D,OF,F ,D,N,N,50,0,0,0,,,1766678,5912942
Auckland,REEVES ROAD,50,E, ,TI RAKAU DRIVE,201410273,20/02/2014,Thu,815,JA,CN1C,308B 375B 926 ,,R,D,B ,F ,D,N,N,50,0,0,1,,,1766700,5912962
Auckland,REEVES ROAD,, ,I,TI RAKAU DRIVE,201442881,05/09/2014,Fri,1210,LB,CW1C,303B 330B ,,R,D,B ,F ,X,T,R,60,0,0,0,,,1766663,5912928
Auckland,REEVES ROAD,, ,I,WILLIAM ROBERTS ROAD,201436909,24/05/2014,Sat,2159,HA,CE1C,302B ,,E,W,DO,L ,T,G,C,50,0,0,0,,,1766930,5913119
Auckland,REEVES ROAD,, ,I,WILLIAM ROBERTS ROAD,201432812,09/03/2014,Sun,1215,LB,CN2C,303B ,,R,D,B ,F ,X,G,N,50,0,0,0,,,1766930,5913119
Auckland,REGENCY PLACE,60,S, ,LAVERY PLACE,201435458,09/05/2014,Fri,1807,BC,CN1C,103A 121A ,,M,W,DN,F , ,N,C,50,0,0,0,,,1755423,5931420
Auckland,REGIS LANE,820,E, ,SHEPHERDS LANE,201416867,30/10/2014,Thu,1830,DA,CE1,131A 504A ,T,E,D,B ,F , ,N,C,50,0,0,1,,,1772959,5906636
Auckland,REIMERS AVENUE,10,W, ,CRICKET AVENUE,201433370,27/02/2014,Thu,1005,DA,CW1C,111A 131A 517A ,M,S,D,BF,F ,T,N,N,50,0,0,0,,,1755591,5917394
Auckland,REMUERA ROAD,30,E, ,ARMADALE ROAD,201430578,21/01/2014,Tue,1505,MA,CE1C,373B ,,R,D,O ,F , , ,C,50,0,0,0,,,1759987,5916884
Auckland,REMUERA ROAD,60,E, ,ARMADALE ROAD,201410997,14/01/2014,Tue,1358,BA,CE1C4,129A ,,R,D,BF,F , ,N,C,50,0,0,1,,,1760017,5916880
Auckland,REMUERA ROAD,50,W, ,ARMADALE ROAD,201438559,03/06/2014,Tue,807,EE,CE14,374B 671B ,M,R,D,B ,F , , ,C,50,0,0,0,,,1759911,5916906
Auckland,REMUERA ROAD,70,E, ,BASSETT ROAD,201438920,04/06/2014,Wed,1240,GD,CE1C,333A 350A 929 ,,R,D,BF,F ,D,N,C,50,0,0,0,,,1759138,5917463
Auckland,REMUERA ROAD,10,N, ,BASSETT ROAD,201413601,03/05/2014,Sat,1108,MC,MN1C,197A 330B 372B ,,R,D,B ,F ,T,T,P,50,0,1,0,,,1759070,5917506
Auckland,REMUERA ROAD,90,N, ,BELMONT TERRACE,201442694,04/10/2014,Sat,1050,KA,CS1C,308B 375B 929 ,,R,D,OF,F ,D,N,C,50,0,0,0,,,1758626,5917882
Auckland,REMUERA ROAD,10,E, ,BROADWAY,201431305,27/02/2014,Thu,1800,MA,CE1C,373B ,,R,D,OF,F ,T,T,C,50,0,0,0,,,1758444,5918085
Auckland,REMUERA ROAD,70,W, ,COTTER AVENUE,201438583,23/06/2014,Mon,1500,FD,CE1C,331A ,,R,D,O ,F , , ,P,50,0,0,0,,,1760459,5916821
Auckland,REMUERA ROAD,10,N, ,DILWORTH AVENUE,201432027,15/01/2014,Wed,954,FD,VN1CCV,331A ,,R,D,B ,F ,T,N,C,50,0,0,0,,,1759056,5917517
Auckland,REMUERA ROAD,, ,I,DILWORTH AVENUE,201448449,11/10/2014,Sat,430,DA,CE1,103A 131A ,P,R,D,DO,F ,T,G,C,50,0,0,0,,,1759064,5917510
Auckland,REMUERA ROAD,, ,I,ENTRICAN AVENUE,201415791,22/09/2014,Mon,755,JA,SE1C,302B 375B ,,R,W,OF,L ,T,G,C,50,0,0,1,,19,1760994,5916715
Auckland,REMUERA ROAD,20,W, ,HAAST ST,201446496,19/09/2014,Fri,1840,MA,CW1C,103A 373B ,,R,D,DO,F , ,N,P,50,0,0,0,,,1761658,5916860
Auckland,REMUERA ROAD,, ,I,HAAST ST,201442065,26/07/2014,Sat,945,JA,CW1C,302B 377B ,,R,D,BF,F ,T,G,C,50,0,0,0,,,1761677,5916856
Auckland,REMUERA ROAD,, ,I,KELVIN ROAD,201446853,07/11/2014,Fri,1500,JA,CE1C,302B 375B ,,E,D,B ,F ,T,G,C,50,0,0,0,,,1762011,5916944
Auckland,REMUERA ROAD,, ,I,KORAHA ST,201451068,11/09/2014,Thu,835,FD,CW1C,181A ,,R,D,OF,F ,T,G,C,50,0,0,0,,,1762085,5916960
Auckland,REMUERA ROAD,, ,I,LUCERNE ROAD,201438128,10/05/2014,Sat,1015,LB,SE1C,303B 375B ,,R,D,BF,F ,T,G,C,50,0,0,0,,,1761582,5916878
Auckland,REMUERA ROAD,80,E, ,MARKET ROAD,201416319,21/09/2014,Sun,1155,BB,VN14,103A 123A ,,E,W,O ,F , ,N,C,50,0,0,1,,,1759644,5917017
Auckland,REMUERA ROAD,20,W, ,MARKET ROAD,201413773,24/04/2014,Thu,525,DA,CW1,111A 131A ,CP,E,W,DO,H , ,N,C,50,0,0,1,,,1759551,5917055
Auckland,REMUERA ROAD,10,W, ,MEADOWBANK ROAD,201438552,06/03/2014,Thu,1600,FE,BE1CC,331A 351A ,,R,D,B ,F ,T,T,C,50,0,0,0,,,1762709,5917251
Auckland,REMUERA ROAD,20,W, ,MEADOWBANK ROAD,201440652,23/07/2014,Wed,1145,LB,SE14,314B 377B 922 ,,R,D,B ,F ,D,N,C,50,0,0,0,,,1762701,5917245
Auckland,REMUERA ROAD,50,W, ,MEADOWBANK ROAD,201432382,04/03/2014,Tue,740,FD,CW1C,181A ,,R,W,B ,L , , ,C,50,0,0,0,,,1762677,5917227
Auckland,REMUERA ROAD,10,N, ,MIDDLETON ROAD,201433146,31/03/2014,Mon,1705,FE,VW1S,181A ,,R,D,B ,F ,T,T,C,50,0,0,0,,,1758562,5917953
Auckland,REMUERA ROAD,10,S, ,MIDDLETON ROAD,201413680,14/05/2014,Wed,744,EE,SN1C,158A 374B 525B ,Q,R,W,B ,F ,T,T,C,50,0,0,1,,33,1758575,5917938
Auckland,REMUERA ROAD,40,S, ,MIDDLETON ROAD,201436830,24/04/2014,Thu,1126,FD,CN1CV,181A 331A ,,R,D,B ,F , , ,C,50,0,0,0,,,1758595,5917916
Auckland,REMUERA ROAD,100,S, ,MIDDLETON ROAD,201413699,12/05/2014,Mon,821,GB,MS1C,175B 929 ,,R,D,O ,F ,D, ,C,50,0,0,1,,,1758635,5917871
Auckland,REMUERA ROAD,10,W, ,NGAPUHI ROAD,201447361,12/11/2014,Wed,1818,AD,VE1C,150A 357A ,,M,W,O ,F ,T,N,C,50,0,0,0,,,1761705,5916851
Auckland,REMUERA ROAD,, ,I,NORANA AVENUE,201449810,02/12/2014,Tue,1630,LB,CW1C,303B 377B ,,R,D,BF,F ,X,T,C,50,0,0,0,,,1760069,5916873
Auckland,REMUERA ROAD,120,E, ,OMAHU ROAD,201448202,26/11/2014,Wed,1759,AA,CE1C,330A 372A ,,R,D,B ,F , ,N,C,50,0,0,0,,,1759860,5916926
Auckland,REMUERA ROAD,25,E, ,ORAKEI ROAD,201449307,23/11/2014,Sun,1550,AA,CW1C,372A ,,R,D,B ,F , , ,L,50,0,0,0,,,1760668,5916785
Auckland,REMUERA ROAD,, ,I,ORAKEI ROAD,201412235,01/04/2014,Tue,1700,LB,SE1C,303B 375B ,,R,D,B ,F ,X,T,C,50,0,0,1,,29,1760643,5916791
Auckland,REMUERA ROAD,, ,I,ORAKEI ROAD,201442238,08/08/2014,Fri,1920,MO,BW1C,330A 386A ,,M,W,DO,L ,X,T,N,50,0,0,0,,,1760643,5916791
Auckland,REMUERA ROAD,, ,I,PORTLAND ROAD,201443865,01/09/2014,Mon,1700,JA,CE1C,302B 387B ,,R,W,OF,L ,T,G,C,50,0,0,0,,,1759692,5916997
Auckland,REMUERA ROAD,50,E, ,PUKEORA AVENUE,201412490,16/04/2014,Wed,818,MO,SE1C,204A 330A 370B 378B 929 ,,R,D,B ,F ,D, ,N,50,0,0,1,,9,1761974,5916931
Auckland,REMUERA ROAD,100,E, ,PUKEORA AVENUE,201445510,15/10/2014,Wed,845,AA,CW1V,372A ,,E,D,B ,F , , ,C,50,0,0,0,,,1762021,5916948
Auckland,REMUERA ROAD,110,E, ,STONEYROYD GARDENS,201438940,13/06/2014,Fri,1530,JA,CW1C,308B 375B 929 ,,R,W,OF,L ,D,N,C,50,0,0,0,,,1762319,5916937
Auckland,REMUERA ROAD,, ,I,UPLAND ROAD,201434003,28/03/2014,Fri,815,FE,CE1C,181A ,,R,D,B ,F ,X,T,C,50,0,0,0,,,1761472,5916865
Auckland,REMUERA ROAD,, ,I,UPLAND ROAD,201431951,06/02/2014,Thu,1723,FE,CE1C4C,423A ,,R,D,BF,F ,X,T,C,50,0,0,0,,,1761472,5916865
Auckland,REMUERA ROAD,70,E, ,VICTORIA AVENUE,201412489,07/04/2014,Mon,800,EE,TE14,374B ,M,R,D,B ,F , , ,C,50,0,0,1,,,1760322,5916838
Auckland,REMUERA ROAD,100,E, ,VICTORIA AVENUE,201416703,03/10/2014,Fri,1044,FD,TW1CC4,181A 181B 181C ,,R,D,O ,L , , ,P,50,0,0,1,,,1760352,5916834
Auckland,REMUERA ROAD,20,E, ,WAIRUA ROAD,201411623,08/03/2014,Sat,1845,FE,CW1C,331A 363A 902 ,,R,D,BF,F , ,T,R,50,0,0,2,,,1760894,5916740
Auckland,REMUERA ROAD,25,S, ,WESTBOURNE ROAD,201416403,03/10/2014,Fri,2210,DA,CS1,103A 131A 402A 801 ,HKP,E,W,DO,L , , ,C,50,0,0,1,,,1759462,5917182
Auckland,RENFREW AVENUE,, ,I,PARRY ST,201418206,13/12/2014,Sat,1120,MO,CS1C,371B ,,R,D,B ,F ,T,G,C,50,0,0,1,,,1754963,5915231
Auckland,RENOWN AVENUE,110,S, ,WHETURANGI ROAD,201413683,07/05/2014,Wed,845,PC,CN1E,311A 371A 378A 835 929 ,,R,D,O ,F ,D, ,N,50,0,0,1,5,,1759305,5915697
Auckland,RICE CRESCENT,, ,I,PEMBROOK ST,201432714,26/02/2014,Wed,2331,DB,CE2,101A 130A 402A 524A ,F,M,D,DO,F ,T,N,C,50,0,0,0,,,1774432,5896929
Auckland,RICHARD PEARSE DRIVE,220,S, ,ASCOT ROAD,201449067,23/12/2014,Tue,950,MO,TN1C,385A 927 ,,R,D,BF,F ,D,N,C,50,0,0,0,,,1758850,5906520
Auckland,RICHARD PEARSE DRIVE,, ,I,MONTGOMERIE ROAD,201441183,13/08/2014,Wed,1700,GC,CN1C,171A ,,M,W,OF,L ,R,G,R,50,0,0,0,,,1758578,5905711
Auckland,RICHARDS AVENUE,20,W, ,CROWN HILL CLOSE,201445506,04/10/2014,Sat,1320,MA,CW1V,373B ,,R,D,B ,F , , ,C,50,0,0,0,,,1756446,5930030
Auckland,RICHARDS AVENUE,, ,I,KELDALE PLACE,201430005,05/01/2014,Sun,15,DA,CE1,103A 110A ,T,R,D,DO,F ,T,G,C,50,0,0,0,,,1756318,5929973
Auckland,RICHARDS ROAD,1480,W, ,DAIRY FLAT HIGHWAY,201436598,19/05/2014,Mon,2030,DA,CS1,138A ,F,E,D,DN,F , , ,N,100,0,0,0,,,1745128,5940783
Auckland,RICHARDSON AVENUE,240,N, ,KAYES ROAD,201418497,26/12/2014,Fri,111,DC,CN1,103A 112A 130A 929 ,FJ,R,D,DO,F ,D, ,N,50,0,0,1,,,1768602,5882597
Auckland,RICHARDSON ROAD,, ,I,ALLENDALE ROAD,201433223,23/02/2014,Sun,1423,AC,CN1C,381A ,,R,D,BF,F ,T,T,L,50,0,0,0,,,1752538,5915876
Auckland,RICHARDSON ROAD,50,N, ,BROOKBY ROAD,201418761,22/12/2014,Mon,1500,DB,MS1,133A 814 929 ,F,R,D,B ,F ,D,N,C,50,0,1,0,,,1774334,5903147
Auckland,RICHARDSON ROAD,20,E, ,DOMINION ROAD,201410929,05/02/2014,Wed,2108,JA,PE1C,308B 927 ,,R,D,DO,F ,D,N,C,50,0,0,1,,,1754676,5912513
Auckland,RICHARDSON ROAD,30,E, ,DOMINION ROAD,201431213,24/01/2014,Fri,1700,MC,CE1C,372B ,,R,D,BF,F , ,N,C,50,0,0,0,,,1754683,5912506
Auckland,RICHARDSON ROAD,, ,I,DUART AVENUE,201442053,28/07/2014,Mon,1515,LB,ME1C,303B 377B ,,R,D,BN,F ,T,N,C,50,0,0,0,,,1752611,5915783
Auckland,RICHARDSON ROAD,50,E, ,HENDON AVENUE,201431609,12/01/2014,Sun,330,BO,VE1V,357A 512A ,,R,D,DO,F , , ,C,50,0,0,0,,,1753131,5915048
Auckland,RICHARDSON ROAD,170,N, ,HENDON AVENUE,201443106,24/08/2014,Sun,1600,CA,CN1CCC,103A 410A ,MM,R,D,B ,F , , ,C,50,0,0,0,,,1753014,5915235
Auckland,RICHARDSON ROAD,10,S, ,HENDON AVENUE,201438835,04/04/2014,Fri,745,FE,CN1C,181A ,,R,D,BF,F ,X,T,C,50,0,0,0,,,1753110,5915082