TLANAME,CRASHROAD,CRASHDIST,CRASHDIRN,INTSN,SIDEROAD,CRASHID,CRASHDATE,CRASHDOW,CRASHTIME,MVMT,VEHICLES,CAUSES,OBJECTSSTRUCK,ROADCURVE,ROADWET,LIGHT,WTHRa,JUNCTYPE,TRAFCTRL,ROADMARK,SPDLIM,CRASHFATALCNT,CRASHSEVCNT,CRASHMINCNT,PERSAGE1,PERSAGE2,EASTING,NORTHING
Auckland,RICHARDSON ROAD,20,S, ,HENDON AVENUE,201412359,20/02/2014,Thu,2219,FD,CS1CC,331A 800 ,,R,W,DO,F , , ,C,50,0,0,2,,,1753115,5915074
Auckland,RICHARDSON ROAD,, ,I,HENDON AVENUE,201435599,03/05/2014,Sat,1040,FE,4S1C,181A 331A ,,R,D,B ,F ,X,T,C,50,0,0,0,,,1753104,5915091
Auckland,RICHARDSON ROAD,, ,I,HENDON AVENUE,201440600,23/06/2014,Mon,1345,JC,TS1C,130A 322A 423A ,,R,D,O ,F ,X,T,C,50,0,0,0,,,1753104,5915091
Auckland,RICHARDSON ROAD,, ,I,HENDON AVENUE,201439180,12/06/2014,Thu,1850,JA,CN1C,112A 322A ,,R,W,TO,F ,X,T,C,50,0,0,0,,,1753104,5915091
Auckland,RICHARDSON ROAD,20,N, ,MAIORO ST,201442507,24/07/2014,Thu,830,MC,CN1C,372B ,,R,D,OF,F , ,N,C,50,0,0,0,,,1753333,5914272
Auckland,RICHARDSON ROAD,, ,I,MAIORO ST,201448390,27/12/2014,Sat,1525,AA,CS1C,386A ,,R,D,B ,F ,X,T,C,50,0,0,0,,,1753340,5914253
Auckland,RICHARDSON ROAD,, ,I,MAY ROAD,201440236,24/03/2014,Mon,1132,BO,CN14,103A 124A 323A ,,R,D,B ,F ,T,T,C,50,0,0,0,,,1754109,5913173
Auckland,RICHARDSON ROAD,30,E, ,MCKINNON ST,201444889,12/11/2014,Wed,1435,FC,CW1C,331A 358A ,,R,W,OF,H , ,P,L,50,0,0,0,,,1755292,5912146
Auckland,RICHARDSON ROAD,30,E, ,NEW NORTH ROAD,201438937,26/06/2014,Thu,1840,LB,4W1C,314B 377B 929 ,,R,W,DF,LS,D,N,C,50,0,0,0,,,1752418,5916027
Auckland,RICHARDSON ROAD,30,S, ,NEW NORTH ROAD,201431570,09/01/2014,Thu,936,BA,CS1C,358A 801 ,,R,W,O ,L , , ,C,50,0,0,0,,,1752418,5916027
Auckland,RICHARDSON ROAD,20,N, ,ODONNELL AVENUE,201410376,10/01/2014,Fri,2232,NA,CS1E,105B 711B ,,R,D,DO,F , ,N,C,50,0,0,1,38,,1753187,5914956
Auckland,RICHARDSON ROAD,100,S, ,PENNEY AVENUE,201414572,25/04/2014,Fri,2020,EA,CS1CCC,101A 129A 351A ,M,R,D,DO,F , , ,C,50,0,0,1,,,1754244,5912986
Auckland,RICHARDSON ROAD,, ,I,PENNEY AVENUE,201437405,01/05/2014,Thu,1739,JA,CN1C,151A 314B ,,R,D,TO,F ,T,S,P,50,0,0,0,,,1754186,5913067
Auckland,RICHARDSON ROAD,, ,I,PRESTON AVENUE,201413928,11/06/2014,Wed,1521,LB,MN1C,303B 375B ,,R,D,B ,F ,T,N,C,50,0,0,1,,,1752583,5915819
Auckland,RICHARDSON ROAD,, ,I,RANGE VIEW ROAD,201411844,11/01/2014,Sat,15,JA,MW1C,101A 302B ,,R,D,DO,F ,T,G,P,50,0,0,1,,,1752794,5915552
Auckland,RICHARDSON ROAD,, ,I,STODDARD ROAD,201446461,28/10/2014,Tue,1200,AC,CN1C,372A ,,E,D,OF,F ,Y,T,C,50,0,0,0,,,1753231,5914873
Auckland,RICHARDSON ROAD,, ,I,STODDARD ROAD,201444134,22/09/2014,Mon,1015,JC,CW2C,322A ,,E,W,OF,H ,T,T,C,50,0,0,0,,,1753231,5914873
Auckland,RICHARDSON ROAD,50,N, ,WELSH ST,201433203,19/02/2014,Wed,1445,FD,VS1C,181A ,,R,D,BF,F , ,N,N,50,0,0,0,,,1753390,5914182
Auckland,RICHARDSON ROAD,30,N, ,WESTON AVENUE,201415611,16/07/2014,Wed,1620,NA,CN1E,306A 376A ,,R,D,TN,F ,T,N,C,50,0,1,0,19,,1752667,5915713
Auckland,RICHARDSON ROAD,, ,I,WHITE SWAN ROAD,201447446,19/08/2014,Tue,1610,FE,CN1C,181A 331A ,,R,W,O ,F ,T,T,C,50,0,0,0,,,1753924,5913433
Auckland,RICHMOND ROAD,40,E, ,DICKENS ST,201449518,17/12/2014,Wed,1543,DB,CE1CC,103A 131A ,M,E,W,O ,F , , ,C,50,0,0,0,,,1755249,5919556
Auckland,RICHMOND ROAD,15,S, ,HAKANOA ST,201414336,14/06/2014,Sat,1358,MF,PS1C,372B 801 ,,R,W,O ,L , , ,C,50,0,1,0,,,1754323,5919378
Auckland,RICHMOND ROAD,20,N, ,KINGSLEY ST,201433348,28/02/2014,Fri,1443,FD,CS1C,181A ,,R,D,BF,F , ,N,C,50,0,0,0,,,1754237,5919775
Auckland,RICHMOND ROAD,, ,I,LEIGHTON ST,201436201,26/04/2014,Sat,2256,HA,CW1C,103B 302B ,,R,D,DO,F ,X,G,C,50,0,0,0,,,1755409,5919566
Auckland,RICHMOND ROAD,50,N, ,LINCOLN ST,201410359,16/01/2014,Thu,2105,DA,VE14,101A 129A 358A ,M,E,D,DO,F , ,N,P,50,0,0,1,,,1754977,5919844
Auckland,RICHMOND ROAD,, ,I,PARAWAI CRESCENT,201449615,17/12/2014,Wed,1832,JA,CN1C,302B 375B ,,R,W,O ,L ,T,G,C,50,0,0,0,,,1754504,5919921
Auckland,RICHMOND ROAD,10,W, ,PONSONBY ROAD,201444106,25/09/2014,Thu,1930,MC,CE1C,372B ,,R,D,DO,F ,T,T,C,50,0,0,0,,,1755710,5919631
Auckland,RICHMOND ROAD,, ,I,PONSONBY ROAD,201443744,05/07/2014,Sat,1808,DA,CS2CC,103A 111A 131A 800 ,MM,R,W,DO,F ,X,T,C,40,0,0,0,,,1755719,5919636
Auckland,RICHMOND ROAD,40,E, ,REGINA ST,201446142,21/10/2014,Tue,2120,FC,CE1C,331A ,,R,D,DO,F , , ,X,50,0,0,0,,,1754389,5919858
Auckland,RICHMOND ROAD,50,E, ,REGINA ST,201435911,09/05/2014,Fri,1015,MD,CE14,371B 929 ,,R,W,OF,L ,D,N,C,50,0,0,0,,,1754398,5919863
Auckland,RICHMOND ROAD,, ,I,SACKVILLE ST S,201446542,04/10/2014,Sat,100,EA,CS1C,103A 129A ,M,R,W,DO,L ,T,S,P,50,0,0,0,,,1754251,5919525
Auckland,RICHMOND ROAD,40,E, ,WESTMORELAND ST EAST,201433704,17/03/2014,Mon,1754,MO,CW1C,372B 929 ,,R,D,B ,F ,D,N,P,50,0,0,0,,,1754717,5919914
Auckland,RICHMOND ROAD,40,W, ,WESTMORELAND ST WEST,201410918,16/02/2014,Sun,1027,PC,TN1E,730B 927 ,,R,D,BF,F ,D,N,C,50,0,1,0,37,,1754417,5919873
Auckland,RIDDELL ROAD,200,E, ,GRANTHAM ROAD,201413690,27/05/2014,Tue,815,PC,CN1K,311A 376A 929 ,,R,D,B ,F ,D, ,C,50,0,0,1,12,,1766961,5918892
Auckland,RIDDELL ROAD,90,N, ,PEACOCK ST,201435486,21/04/2014,Mon,1645,DB,CN1,110A 134A ,F,M,W,O ,F , ,N,C,50,0,0,0,,,1767212,5919964
Auckland,RIDDELL ROAD,150,S, ,PEACOCK ST,201443840,22/08/2014,Fri,1130,EA,CN1V,129A ,M,E,D,BF,F , ,N,N,50,0,0,0,,,1767325,5919774
Auckland,RIDDELL ROAD,, ,I,PEACOCK ST,201441405,30/06/2014,Mon,330,BC,CN1B,110A 122A ,,M,W,DO,L ,T,N,N,50,0,0,0,,,1767289,5919919
Auckland,RIDDELL ROAD,, ,I,WAITARA ROAD,201412298,18/05/2014,Sun,1620,HA,CN1S,302A 375A ,,M,D,O ,F ,X,G,C,50,0,0,1,,27,1766722,5920304
Auckland,RIDDELL ROAD,, ,I,WHITEHAVEN ROAD,201412219,19/02/2014,Wed,755,NF,CS1E,376A 711B 726B ,,M,D,O ,F ,T,G,C,50,0,1,1,5,,1767647,5919045
Auckland,RIDGE ROAD,10,E, ,BLEAKHOUSE ROAD,201433371,19/03/2014,Wed,1740,FD,CE1VC,331A 350A ,,E,D,BF,F ,Y,T,C,50,0,0,0,,,1771484,5915275
Auckland,RIDGE ROAD,, ,I,BROOKDALE ROAD,201435207,16/04/2014,Wed,2053,DA,CW1,131A 801 ,P,E,W,DN,H ,T,G,C,80,0,0,0,,,1746377,5932050
Auckland,RIDGE ROAD,10,W, ,HOWE ST,201435491,28/04/2014,Mon,1245,AA,CW1C,372A 671A ,,E,D,B ,F ,T,N,C,50,0,0,0,,,1771590,5915310
Auckland,RIDGE ROAD,, ,I,MELLONS BAY ROAD,201433266,20/03/2014,Thu,1635,KB,CW1C,302B 375B ,,R,D,BF,F ,T,G,C,50,0,0,0,,,1771626,5915313
Auckland,RIDGE ROAD,300,E, ,OBRIEN ROAD,201442542,05/09/2014,Fri,2220,DB,CE1,102A 131A ,TX,S,W,DN,L , ,N,C,80,0,0,0,,,1749224,5934111
Auckland,RIDGE ROAD,, ,I,VINCENT ST,201415783,12/07/2014,Sat,800,KA,CS1C,302B 375B ,,R,W,DO,HS,T,G,C,50,0,0,1,,,1771086,5914685
Auckland,RIDGE ROAD,, ,I,VINCENT ST,201443027,04/09/2014,Thu,800,KB,CN1C,302B ,,R,D,B ,F ,T,G,C,50,0,0,0,,,1771086,5914685
Auckland,RIDGE ROAD,800,W, ,WAKE ROAD,201435900,05/05/2014,Mon,845,GA,SW1T,331A 929 ,,R,W,OF,F ,D,N,N,100,0,0,0,,,1745178,5931512
Auckland,RIDGE ROAD,170,E, ,WATTLE ROAD,201445702,18/10/2014,Sat,,EA,CE1C,386A ,M,R,W,DO,F , ,N,C,50,0,0,0,,,1779074,5927047
Auckland,RIDGE VALLEY DRIVE,25,S, ,BAYSIDE DRIVE,201417394,27/11/2014,Thu,1942,DA,CN1C,131A 386A 423A ,HX,E,D,TF,F , , ,N,50,0,0,1,,,1755135,5934074
Auckland,RIDINGS ROAD,10,N, ,DUNHOLME ROAD,201442038,21/06/2014,Sat,1500,QD,TN1,682A ,F,M,D,BF,F ,T,G,C,50,0,0,0,,,1759472,5917361
Auckland,RIDINGS ROAD,20,N, ,REMUERA ROAD,201434017,06/03/2014,Thu,1030,EA,CS1C,386A 443B ,M,R,D,B ,F ,T,N,C,50,0,0,0,,,1759432,5917296
Auckland,RIMMER ROAD,800,W, ,CHERRY BLOSSOM LANE,201415119,09/08/2014,Sat,2230,DA,4W1,101A 138A 630A ,,M,D,DN,F , , ,N,100,0,0,3,,,1725152,5939008
Auckland,RIMU ON NBD,50,N, ,RIMU ROAD,201449606,22/10/2014,Wed,1038,AC,4N1C,184A 386A 184B 386B ,,R,D,B ,F , , ,N,100,0,0,0,,,1759417,5910277
Auckland,RIMU ON NBD,100,S, ,SH 20,201447095,13/11/2014,Thu,1631,FE,CN1C,181A ,,E,D,OF,F , ,T,R,100,0,0,0,,,1759390,5910450
Auckland,RIMU ROAD,, ,I,CORONATION ROAD,201412484,12/02/2014,Wed,1035,NB,CW1E,710B ,,R,D,B ,F ,R,G,R,50,0,0,1,91,,1759131,5910170
Auckland,RIMU ROAD,, ,I,CORONATION ROAD,201448193,23/11/2014,Sun,1150,DA,CN2,131A 358A ,KP,R,D,B ,F ,R,G,R,50,0,0,0,,,1759119,5910162
Auckland,RIMU ROAD,20,W, ,CRAWFORD AVENUE,201411759,12/03/2014,Wed,1620,GD,VE1C,331A 929 ,,R,D,B ,F ,D,N,C,50,0,0,1,,,1759340,5910210
Auckland,RIMU ROAD,, ,I,RIMU ON NBD,201434308,11/04/2014,Fri,10,LB,CW1C,303B ,,R,D,DO,L ,T,G,R,50,0,0,0,,,1759425,5910228
Auckland,RIMU ST,50,W, ,LYNWOOD ROAD,201441756,15/08/2014,Fri,1844,FA,CW1CC,181A ,,R,W,O ,F , , ,P,50,0,0,0,,,1748731,5914502
Auckland,RIMU ST,100,E, ,NIKAU ST,201446505,20/10/2014,Mon,1515,MO,CE1C,371A 929 ,,R,D,B ,F ,D,N,P,50,0,0,0,,,1749390,5914217
Auckland,RIMU ST,, ,I,RATA ST,201440396,29/06/2014,Sun,1844,BA,CE1C,110A 205A ,,R,D,DO,F ,T,S,C,50,0,0,0,,,1749544,5914152
Auckland,RISERRA DRIVE,, ,I,METCALFE ROAD,201443117,25/08/2014,Mon,20,DB,CS2CC,111A 131A 517A ,MM,R,D,DO,F ,T,G,C,50,0,0,0,,,1743534,5919030
Auckland,RISING PARADE,20,S, ,SPRINGVALE DRIVE,201410539,30/01/2014,Thu,1821,EA,CS14,129A ,M,E,D,BF,F , ,N,L,50,0,0,1,,,1753613,5935808
Auckland,RIVERHEAD ROAD,200,E, ,OLD NORTH ROAD,201431845,16/02/2014,Sun,1134,LB,CS1CC,137A 303B 382B 929 ,M,R,D,BN,F ,D,N,C,80,0,0,0,,,1740560,5929546
Auckland,RIVERHILLS AVENUE,20,N, ,GOSSAMER DRIVE,201449420,12/12/2014,Fri,1730,FD,VS1CCC,191A 331A 191B 181C ,,R,D,O ,F , , ,C,50,0,0,0,,,1767983,5912054
Auckland,RIVERHILLS AVENUE,10,S, ,MIRAMAR PLACE,201449196,28/11/2014,Fri,2020,DB,CS1CCC,111A 131A ,,E,W,OF,L ,T,G,C,50,0,0,0,,,1767622,5912349
Auckland,RIVERSDALE ROAD,20,E, ,TE WIATA PLACE,201418048,21/11/2014,Fri,1659,CC,CW1,412A ,T,R,D,BF,F , ,N,P,50,0,0,2,,,1749472,5915411
Auckland,RIVERSDALE ROAD,, ,I,WAIRAU AVENUE,201435885,21/04/2014,Mon,1113,BC,CN2C,103A 122A ,,R,D,BF,F ,T,G,C,50,0,0,0,,,1750145,5915741
Auckland,RIVERSIDE AVENUE,20,N, ,RIKI ROAD,201449126,16/11/2014,Sun,1940,EA,CN1C,129A ,M,R,D,BF,F , ,N,C,50,0,0,0,,,1766518,5916347
Auckland,RIVERSIDE ROAD,, ,I,CENTREWAY ROAD,201416166,26/08/2014,Tue,949,HA,CW1S,302A 375A ,,R,D,O ,F ,R,G,C,50,0,0,1,,92,1751492,5949251
Auckland,RIVERSIDE ROAD,80,W, ,HIBISCUS COAST HIGHWAY,201448059,08/11/2014,Sat,1440,EA,4W1V,129A 352A 402A ,M,R,D,O ,F , , ,C,50,0,0,0,,,1751763,5949346
Auckland,ROBB ST,30,S, ,CLEVEDON ROAD,201435585,29/04/2014,Tue,1300,ME,CS1C,386A ,,R,D,B ,F , , ,C,50,0,0,0,,,1774678,5897352
Auckland,ROBERT ST,20,N, ,MAIN HIGHWAY,201441047,23/07/2014,Wed,1050,MD,CS1C,929,,R,D,BF,F ,D,N,C,50,0,0,0,,,1761159,5915123
Auckland,ROBERT ST,20,N, ,TECOMA ST,201413124,11/02/2014,Tue,1715,JA,SN1S,308B 370B 929 ,,R,D,B ,F ,D, ,C,50,0,1,1,,57,1761181,5915221
Auckland,ROBERTON ROAD,50,N, ,WALSALL ST,201441212,24/07/2014,Thu,1725,MO,CS1C,330A 371A 929 ,M,R,D,O ,F ,D, ,C,50,0,0,0,,,1751429,5915704
Auckland,ROBERTS AVENUE,25,W, ,LAKE ROAD,201435627,29/04/2014,Tue,2105,EA,CS1C,129A 404A ,M,R,D,DO,F , , ,C,50,0,0,0,,,1759721,5924731
Auckland,ROBERTS AVENUE,30,E, ,PLYMOUTH CRESCENT E,201436340,22/03/2014,Sat,2258,CB,CW1,410A ,F,R,D,DO,F , ,N,C,50,0,0,0,,,1759363,5924533
Auckland,ROBERTS AVENUE,70,E, ,PORTSMOUTH ST,201440351,13/07/2014,Sun,803,EA,CE1C,129A 363A 645A 902 ,M,R,D,B ,F , , ,C,50,0,0,0,,,1759398,5924552
Auckland,ROBERTS ROAD,, ,I,BALBOA DRIVE,201418871,12/12/2014,Fri,2154,DB,CE1,101A 111A 131A ,,E,D,DO,F ,T,N,C,50,0,0,1,,,1759113,5945726
Auckland,ROBERTS ROAD,200,W, ,GLENFIELD ROAD,201410462,12/02/2014,Wed,937,EA,CS1CC,129A 350A ,MM,R,W,O ,L , , ,R,50,0,0,1,,,1753352,5927010
Auckland,ROBERTS ROAD,200,S, ,GLYNNBROOKE ST,201436824,24/05/2014,Sat,1400,EA,CN1V,129A ,M,R,D,O ,F , , ,C,50,0,0,0,,,1746825,5917887
Auckland,ROBERTS ROAD,200,N, ,TE ATATU ROAD,201440550,18/07/2014,Fri,0,EA,VN1C,130A 631A 802 ,M,R,I,DO,FF, , ,N,50,0,0,0,,,1746854,5917906
Auckland,ROBERTSON ROAD,20,N, ,ASHLEY AVENUE,201448457,22/09/2014,Mon,1840,EA,BS1C,358A ,MP,R,D,DO,F , ,N,C,50,0,0,0,,,1761350,5907059
Auckland,ROBERTSON ROAD,, ,I,ASHLEY AVENUE,201412641,06/04/2014,Sun,1220,KB,CW1C,103A 301B 382B ,,E,D,BF,F ,T,S,C,50,0,0,2,,,1761366,5907048
Auckland,ROBERTSON ROAD,, ,I,BADER DRIVE,201444959,03/10/2014,Fri,740,FB,CN1C,181A ,,E,D,O ,F ,R,G,C,50,0,0,0,,,1761011,5907303
Auckland,ROBERTSON ROAD,40,S, ,BINGARA PLACE,201435288,10/04/2014,Thu,740,EA,TS1C,386A ,M,R,D,B ,F , , ,N,50,0,0,0,,,1760584,5908510
Auckland,ROBERTSON ROAD,100,N, ,BUCKLAND ROAD,201449057,09/12/2014,Tue,1400,MC,CN1C,372B ,,R,D,BN,F , ,N,C,50,0,0,0,,,1760930,5907420
Auckland,ROBERTSON ROAD,100,S, ,BUCKLAND ROAD,201431202,22/02/2014,Sat,828,CB,CS1,103A ,FT,R,D,OF,F , ,N,X,50,0,0,0,,,1761085,5907243
Auckland,ROBERTSON ROAD,, ,I,BUCKLAND ROAD,201431853,15/02/2014,Sat,615,FA,CS1T,181A 517A ,,R,D,BF,F ,R,G,C,50,0,0,0,,,1760984,5907337
Auckland,ROBERTSON ROAD,150,S, ,CALTHORP CLOSE,201434492,27/04/2014,Sun,450,CC,CS1,103A 410A ,KX,R,D,DO,F , , ,C,50,0,0,0,,,1760728,5908019
Auckland,ROBERTSON ROAD,30,S, ,FAVONA ROAD,201449430,22/12/2014,Mon,1535,MD,CN1V,371B 929 ,,R,D,B ,F ,X,T,C,50,0,0,0,,,1760468,5908896
Auckland,ROBERTSON ROAD,, ,I,GADSBY ROAD,201447070,06/11/2014,Thu,940,KA,CS1C,302B 382B ,,R,D,BF,F ,T,G,C,50,0,0,0,,,1760671,5908211
Auckland,ROBERTSON ROAD,30,S, ,HALL AVENUE,201443858,26/08/2014,Tue,2230,FD,CN1C,331A 353A ,,R,D,DO,F , ,N,N,50,0,0,0,,,1760625,5908372
Auckland,ROBERTSON ROAD,15,S, ,HARDIE ST,201446707,27/10/2014,Mon,30,CC,CS1,103A 125A ,FT,R,D,DO,F ,T,T,C,50,0,0,0,,,1761802,5906742
Auckland,ROBERTSON ROAD,70,N, ,MASSEY ROAD,201438845,09/06/2014,Mon,1255,GD,CN1C,333A 358A 929 ,,R,W,OF,L ,D,N,C,50,0,0,0,,,1761819,5906730
Auckland,ROBERTSON ROAD,10,S, ,MCKINSTRY AVENUE,201417364,20/11/2014,Thu,1924,NA,CS1E,713B ,,R,D,B ,F ,T,S,P,50,0,0,1,18,,1760831,5907683
Auckland,ROBERTSON ROAD,, ,I,MCKINSTRY AVENUE,201417259,09/11/2014,Sun,2005,NA,CN1E,402A 713B 727B 732B ,,R,D,B ,F ,T,S,P,50,0,1,0,5,,1760827,5907692
Auckland,ROBERTSON ROAD,, ,I,ROBERTSON ROAD,201436859,29/05/2014,Thu,1500,GB,CN2C,172B 801 ,,E,W,O ,L ,R,G,R,50,0,0,0,,,1760984,5907337
Auckland,ROBERTSON ROAD,20,S, ,WAKEFIELD ROAD,201417112,01/11/2014,Sat,430,CB,CS1,103A 410A ,P,R,D,DO,F , , ,P,50,0,0,1,,,1760605,5908437
Auckland,ROBERTSON ROAD,, ,I,WAKEFIELD ROAD,201430991,05/03/2014,Wed,1215,JC,CW2X,302A 375A ,,R,D,OF,F ,T,G,C,50,0,0,0,,,1760599,5908456
Auckland,ROCKFIELD ROAD,50,S, ,EDMONTON AVENUE,201444543,11/09/2014,Thu,1728,AC,CS1T,372A ,,R,D,O ,F , , ,P,50,0,0,0,,,1760839,5913348
Auckland,ROCKFIELD ROAD,, ,I,EDMONTON AVENUE,201440939,04/08/2014,Mon,715,JA,TN1C,301B 375B ,,R,W,BF,L ,T,S,C,50,0,0,0,,,1760837,5913398
Auckland,ROCKFIELD ROAD,50,S, ,GREENPARK ROAD,201442118,16/08/2014,Sat,645,DB,CN1CCC,111A 514A 517A ,MP,M,D,DO,F , , ,C,50,0,0,0,,,1760783,5914080
Auckland,ROCKFIELD ROAD,, ,I,KONINI ROAD,201443743,28/08/2014,Thu,1530,GD,CS1C,181A 331A ,,E,D,O ,F ,T,S,C,50,0,0,0,,,1760711,5914569
Auckland,ROCKFIELD ROAD,, ,I,STATION ROAD,201444201,09/09/2014,Tue,930,DA,CW2T,131A 351A ,,M,D,B ,F ,T,G,C,50,0,0,0,,,1760853,5913095
Auckland,ROCKFIELD ROAD,50,N, ,WALLATH ROAD,201413965,24/04/2014,Thu,1447,JA,CN1C,308B 375B 929 ,,R,D,O ,F ,D,N,N,50,0,0,1,,,1760821,5913740
Auckland,ROCKFIELD ROAD,, ,I,WALLATH ROAD,201442752,07/09/2014,Sun,600,CB,CS1C,103A ,M,R,D,BF,F ,T,G,P,50,0,0,0,,,1760824,5913690
Auckland,ROCKLANDS AVENUE,50,E, ,DOMINION ROAD,201448381,31/12/2014,Wed,1445,MO,CE1C,371A ,,R,D,B ,F , ,N,C,30,0,0,0,,,1755723,5916074
Auckland,ROCKLANDS AVENUE,50,E, ,DOMINION ROAD,201440465,03/07/2014,Thu,830,GA,CE1C,181A 142B 926 ,,R,W,O ,F ,D,N,N,50,0,0,0,,,1755723,5916074
Auckland,ROCKRIDGE AVENUE,15,W, ,ORORKE ROAD,201433199,04/04/2014,Fri,830,MA,CW1C,373B ,,R,D,B ,F , , ,R,50,0,0,0,,,1761762,5913045
Auckland,ROCKY NOOK AVENUE,, ,I,NEW NORTH ROAD,201438963,13/06/2014,Fri,2140,BC,CN1C,122A ,M,R,W,DO,F ,T,G,N,50,0,0,0,,,1754373,5917503
Auckland,RODNEY ST,40,N, ,FAIRBURN ROAD,201437083,02/04/2014,Wed,2356,CC,CS1C,103A 130A ,,R,D,DO,F , , ,C,50,0,0,0,,,1764837,5909486
Auckland,RODNEY ST,200,N, ,FAIRBURN ROAD,201430943,18/02/2014,Tue,2320,MO,CS1C,371A 929 ,M,E,D,DO,F ,D,N,N,50,0,0,0,,,1764902,5909598
Auckland,RODNEY ST,, ,I,MOORE ST,201412401,04/04/2014,Fri,650,KA,MS2C,302B 375B ,,E,D,O ,F ,R,G,P,50,0,0,1,,,1771681,5914141
Auckland,ROGERS ROAD,120,W, ,CHRISTMAS ROAD,201435333,11/04/2014,Fri,637,BF,CE1C,111A 131A ,,M,W,DO,F , , ,C,50,0,0,0,,,1768799,5900264
Auckland,ROLLERSON ST,, ,I,CROSS ST,201441764,29/07/2014,Tue,1054,MO,CN1,371A 517A ,FH,R,D,O ,F ,T,N,C,50,0,0,0,,,1774156,5896825
Auckland,ROMA ROAD,50,W, ,MAY ROAD,201432121,12/02/2014,Wed,1420,MC,CW1V,372B ,,R,D,B ,F , ,N,C,50,0,0,0,,,1754396,5913660
Auckland,RON DRIVER PLACE,260,S, ,NANDINA AVENUE,201444759,19/08/2014,Tue,1800,AC,CN1V,381A ,,R,W,TF,L , ,N,C,50,0,0,0,,,1769122,5910963
Auckland,RONWOOD AVENUE,, ,I,DAVIES AVENUE,201432804,14/03/2014,Fri,1700,KB,CW1C,303B 929 ,,R,D,O ,F ,D,G,R,50,0,0,0,,,1767048,5904496
Auckland,RONWOOD AVENUE,15,W, ,GREAT SOUTH ROAD,201446438,26/10/2014,Sun,1847,AA,CE1C,372A ,,R,D,BF,F , ,N,R,50,0,0,0,,,1767573,5904636
Auckland,RONWOOD AVENUE,100,W, ,GREAT SOUTH ROAD,201412278,27/02/2014,Thu,1250,GA,CS1C,181A 926 ,,R,D,O ,F ,D,N,C,50,0,0,2,,,1767490,5904609
Auckland,RONWOOD AVENUE,200,W, ,GREAT SOUTH ROAD,201438577,16/06/2014,Mon,1715,FD,CE1CC,331A 801 ,,R,W,DO,L , , ,R,50,0,0,0,,,1767389,5904617
Auckland,RONWOOD AVENUE,, ,I,GREAT SOUTH ROAD,201437252,23/05/2014,Fri,1330,AA,CE1C,372A ,,R,D,OF,F ,T,T,R,50,0,0,0,,,1767587,5904632
Auckland,RONWOOD AVENUE,20,E, ,LAMBIE DRIVE,201448991,23/11/2014,Sun,1220,MD,CW1T,308B 377B 929 ,,R,D,B ,F ,D,N,N,50,0,0,0,,,1766742,5904423
Auckland,RONWOOD AVENUE,, ,I,LAMBIE DRIVE,201435447,19/03/2014,Wed,1105,GA,OW1C,181A ,,E,D,B ,F ,R,G,R,50,0,0,0,,,1766723,5904428
Auckland,RONWOOD AVENUE,20,E, ,LEYTON WAY,201417260,13/05/2014,Tue,1201,FC,VW1C,181A 331A 501A ,,R,D,B ,F , , ,R,50,0,0,1,,,1767513,5904613
Auckland,RONWOOD AVENUE,, ,I,OSTERLEY WAY,201448228,21/11/2014,Fri,1700,FB,CW1C,181A ,,E,D,B ,F ,R,G,C,50,0,0,0,,,1767193,5904553
Auckland,RONWOOD AVENUE,60,E, ,SHARKEY ST,201444449,11/07/2014,Fri,1650,MA,CW1C,373B 402B ,,R,W,O ,L , , ,C,50,0,0,0,,,1767245,5904584
Auckland,RONWOOD AVENUE,, ,I,SHARKEY ST,201415849,11/07/2014,Fri,2145,HA,CS2V,302B 330B 402B ,,E,W,DO,L ,R,G,R,50,0,0,1,,,1767188,5904564
Auckland,RONWOOD DRIVE,, ,I,LAMBIE DRIVE,201438725,29/06/2014,Sun,1600,AC,CS2C,381A ,,E,D,OF,F ,R,G,C,50,0,0,0,,,1766715,5904425
Auckland,ROPATA AVENUE,20,S, ,POINT ENGLAND ROAD,201414860,23/06/2014,Mon,1849,LB,SN1C,534A 303B 375B 930 ,,R,D,DF,F ,D,N,R,50,0,0,1,,23,1765789,5916587
Auckland,ROSAMUND AVENUE,60,E, ,HILLVIEW AVENUE,201438617,04/05/2014,Sun,19,DA,CW1,111A 131A ,PT,M,W,DO,M , , ,N,50,0,0,0,,,1753203,5913718
Auckland,ROSCOMMON ON NBD,, ,I,ROSCOMMON ROAD,201414880,15/07/2014,Tue,705,DB,VN2,111A 131A ,,M,D,TO,F ,X,T,C,80,0,0,1,,,1764771,5903711
Auckland,ROSCOMMON ON NBD,, ,I,ROSCOMMON ROAD,201444576,28/08/2014,Thu,1840,DB,CN2C,111A 131A 402A ,P,E,D,DO,F ,X,T,C,80,0,0,0,,,1764771,5903711
Auckland,ROSCOMMON ROAD,100,S, ,BOLDERWOOD PLACE,201446550,18/09/2014,Thu,1830,KA,CS1C,308B 923 ,,R,D,DO,F ,D,N,R,60,0,0,0,,,1765476,5901860
Auckland,ROSCOMMON ROAD,, ,I,BOLDERWOOD PLACE,201418043,21/11/2014,Fri,502,JA,CS1C,302B 375B ,,R,D,DO,F ,T,G,R,50,0,0,2,,,1765438,5901953
Auckland,ROSCOMMON ROAD,15,N, ,BROWNS ROAD,201446013,06/10/2014,Mon,545,FA,CS1CCV,512A 103B 131B ,,M,D,DO,F , , ,C,50,0,0,0,,,1765656,5901420
Auckland,ROSCOMMON ROAD,10,S, ,BROWNS ROAD,201441242,28/07/2014,Mon,1504,FA,4S14,181A 387A ,,R,D,O ,F ,X,T,C,60,0,0,0,,,1765665,5901397
Auckland,ROSCOMMON ROAD,, ,I,BROWNS ROAD,201447966,19/11/2014,Wed,954,JA,CS1C,322A 352A ,,S,D,B ,F ,T,T,R,60,0,0,0,,,1765662,5901407
Auckland,ROSCOMMON ROAD,, ,I,BROWNS ROAD,201436823,22/05/2014,Thu,1740,FD,CN1C,181A 330A ,,R,D,DO,F ,T,T,C,50,0,0,0,,,1765650,5901402
Auckland,ROSCOMMON ROAD,, ,I,BROWNS ROAD,201440572,12/07/2014,Sat,1800,DA,CW2C,111A 131A 197B 801 ,,E,W,TO,L ,T,T,R,50,0,0,0,,,1765650,5901402
Auckland,ROSCOMMON ROAD,, ,I,BROWNS ROAD,201417363,13/11/2014,Thu,1845,LB,CS1C,197A 303B 351B 402B ,,R,D,O ,F ,X,T,R,50,0,0,3,,,1765662,5901407
Auckland,ROSCOMMON ROAD,, ,I,BROWNS ROAD,201433543,24/04/2014,Thu,900,LB,CS1C,303B ,,R,D,BF,F ,T,T,R,60,0,0,0,,,1765662,5901407