TLANAME,CRASHROAD,CRASHDIST,CRASHDIRN,INTSN,SIDEROAD,CRASHID,CRASHDATE,CRASHDOW,CRASHTIME,MVMT,VEHICLES,CAUSES,OBJECTSSTRUCK,ROADCURVE,ROADWET,LIGHT,WTHRa,JUNCTYPE,TRAFCTRL,ROADMARK,SPDLIM,CRASHFATALCNT,CRASHSEVCNT,CRASHMINCNT,PERSAGE1,PERSAGE2,EASTING,NORTHING
Auckland,ROSCOMMON ROAD,, ,I,BROWNS ROAD,201438651,01/07/2014,Tue,1440,FB,CW1C,181A ,,E,D,B ,F ,X,T,N,50,0,0,0,,,1765650,5901402
Auckland,ROSCOMMON ROAD,, ,I,BROWNS ROAD,201446057,20/09/2014,Sat,1850,JA,CS1C,322A 334A 402A ,,R,D,DO,F ,T,T,C,50,0,0,0,,,1765662,5901407
Auckland,ROSCOMMON ROAD,, ,I,BROWNS ROAD,201448993,06/12/2014,Sat,108,LB,CS1C,303B 691B ,,R,D,DO,F ,X,T,R,60,0,0,0,,,1765662,5901407
Auckland,ROSCOMMON ROAD,, ,I,FINLAYSON AVENUE,201449423,28/12/2014,Sun,2300,DA,CE2,111A 131A ,,M,D,DO,F ,T,G,R,60,0,0,0,,,1765770,5901148
Auckland,ROSCOMMON ROAD,10,S, ,KIWI TAMAKI ROAD,201433395,29/03/2014,Sat,2045,AO,CN14,381A ,,R,D,DO,F ,T,T,C,60,0,0,0,,,1765407,5901997
Auckland,ROSCOMMON ROAD,, ,I,KIWI TAMAKI ROAD,201434757,02/03/2014,Sun,1335,DA,VE2,501A ,F,R,D,BF,F ,T,T,R,60,0,0,0,,,1765403,5902007
Auckland,ROSCOMMON ROAD,50,N, ,PALMERS ROAD,201448217,29/11/2014,Sat,2030,EA,CN1C,386A ,M,E,D,DO,F , ,N,C,80,0,0,0,,,1766293,5899857
Auckland,ROSCOMMON ROAD,, ,I,PUHINUI OFF NBD,201446468,08/08/2014,Fri,352,HA,CW2V,322B 410B ,,R,W,DO,L ,M,T,C,60,0,0,0,,,1764783,5903705
Auckland,ROSCOMMON ROAD,20,S, ,PUSHON PLACE,201433269,15/03/2014,Sat,2055,EA,CS1C,129A 331A ,M,R,W,DO,L , ,N,C,50,0,0,0,,,1765910,5900806
Auckland,ROSCOMMON ROAD,5,N, ,ROBERT ROSS PLACE,201442310,31/07/2014,Thu,2335,CA,CN1,103A 112A 134A ,S,R,D,DO,F ,T,N,R,50,0,0,0,,,1766207,5900041
Auckland,ROSCOMMON ROAD,30,N, ,ROBERT ROSS PLACE,201449197,04/11/2014,Tue,1900,CC,CS1C,137A ,Q,R,D,BF,F , ,N,R,60,0,0,0,,,1766209,5900068
Auckland,ROSCOMMON ROAD,40,S, ,ROBERT ROSS PLACE,201446474,24/10/2014,Fri,2100,AC,CN1C,159A 381A ,,R,D,DO,F , ,N,R,60,0,0,0,,,1766224,5899999
Auckland,ROSCOMMON ROAD,50,S, ,ROBERT ROSS PLACE,201410720,14/02/2014,Fri,1815,JA,CS1S,102A 308B 377B 839 929 ,,R,D,B ,F ,D,N,N,50,0,0,1,,13,1766239,5899994
Auckland,ROSCOMMON ROAD,, ,I,ROBERT ROSS PLACE,201449443,19/12/2014,Fri,810,CC,VN1,501A ,T,R,D,B ,F ,T,G,N,60,0,0,0,,,1766209,5900036
Auckland,ROSCOMMON ROAD,, ,I,ROBERT ROSS PLACE,201416525,22/08/2014,Fri,640,LB,MN14,303B ,,R,D,OF,F ,T,G,R,50,0,1,0,,,1766209,5900036
Auckland,ROSCOMMON ROAD,, ,I,ROSCOMMON ON NBD,201441020,17/07/2014,Thu,909,AO,TN1C,671A ,,R,D,BF,F ,Y,T,C,50,0,0,0,,,1764771,5903711
Auckland,ROSCOMMON ROAD,100,N, ,SHARLAND AVENUE,201436146,01/02/2014,Sat,529,CB,CN1T,130A ,M,R,D,O ,F , , ,C,80,0,0,0,,,1766094,5900319
Auckland,ROSCOMMON ROAD,, ,I,SHARLAND AVENUE,201447161,21/10/2014,Tue,700,GF,CW2C,110A 131A 402A 801 ,,R,W,O ,L ,T,G,C,50,0,0,0,,,1766143,5900231
Auckland,ROSCOMMON ROAD,, ,I,SHARLAND AVENUE,201450292,02/11/2014,Sun,1545,KA,CS1C,103A 302B 382B ,,R,D,OF,F ,T,G,R,50,0,0,0,,,1766143,5900231
Auckland,ROSCOMMON ROAD,10,S, ,VOGLER DRIVE,201442737,09/09/2014,Tue,715,FE,4N1C,181A ,,R,D,BF,F ,T,T,R,60,0,0,0,,,1764868,5903313
Auckland,ROSCOMMON ROAD,100,N, ,WEYMOUTH ROAD,201440920,15/08/2014,Fri,1246,CB,CS1,102A 109A 130A ,P,R,D,BF,F , ,N,N,50,0,0,0,,,1766275,5899904
Auckland,ROSCOMMON ROAD,100,N, ,WEYMOUTH ROAD,201434679,31/03/2014,Mon,820,LB,CS1CC,303B 387B 925 ,,R,D,BF,F ,D,N,R,50,0,0,0,,,1766275,5899904
Auckland,ROSCOMMON ROAD,15,N, ,WIRI STATION ROAD,201432884,10/03/2014,Mon,735,FA,TN1C,331A ,,R,D,B ,F , , ,R,50,0,0,0,,,1765049,5902871
Auckland,ROSCOMMON ROAD,100,N, ,WIRI STATION ROAD,201410584,29/01/2014,Wed,807,FD,CN1CT,181A ,,R,D,BF,F , ,N,R,80,0,0,2,,,1765017,5902950
Auckland,ROSCOMMON ROAD,150,N, ,WIRI STATION ROAD,201441000,05/08/2014,Tue,330,AC,CS1C,372A ,,R,D,DO,F , ,N,C,70,0,0,0,,,1765009,5903001
Auckland,ROSCOMMON ROAD,, ,I,WIRI STATION ROAD,201435890,25/04/2014,Fri,1930,FE,CN1C,181A ,,R,D,DO,F ,X,T,C,50,0,0,0,,,1765059,5902846
Auckland,ROSCOMMON ROAD,, ,I,WIRI STATION ROAD,201446915,22/10/2014,Wed,2105,GF,TN1C,671A ,,R,D,DO,F ,T,T,R,50,0,0,0,,,1765055,5902857
Auckland,ROSCOMMON ROAD,, ,I,WIRI STATION ROAD,201443868,28/08/2014,Thu,718,FD,CN1T,181A ,,R,D,BF,F ,X,T,R,50,0,0,0,,,1765059,5902846
Auckland,ROSCOMMON ROAD,, ,I,WIRI STATION ROAD,201414906,15/06/2014,Sun,652,LB,CS1C,322A ,,R,D,TO,F ,X,T,R,50,0,0,1,,,1765066,5902862
Auckland,ROSCOMMON ROAD,, ,I,WIRI STATION ROAD,201431516,25/01/2014,Sat,2,FE,CS1C,103A 331A ,,R,D,DO,F ,T,T,R,50,0,0,0,,,1765066,5902862
Auckland,ROSCOMMON ROAD,, ,I,WORDSWORTH ROAD,201432980,04/03/2014,Tue,1332,JA,CS1X,302B 377B 839 ,,R,D,B ,F ,T,G,R,60,0,0,0,,,1766000,5900581
Auckland,ROSE ROAD,, ,I,POLLEN ST,201448719,28/11/2014,Fri,1945,HA,CW1C,301B 355B ,,R,D,O ,F ,X,S,C,50,0,0,0,,,1755822,5919434
Auckland,ROSEBANK ROAD,10,W, ,ASH ST,201438343,18/05/2014,Sun,1500,FE,CE1C,331A ,,R,D,B ,F ,X,T,C,50,0,0,0,,,1750827,5915593
Auckland,ROSEBANK ROAD,80,W, ,ASH ST,201440235,27/06/2014,Fri,900,AA,TE1C,372A 181B ,,R,D,B ,F , , ,C,50,0,0,0,,,1750760,5915613
Auckland,ROSEBANK ROAD,100,W, ,ASH ST,201445438,10/09/2014,Wed,1120,AA,CE1C,372A ,,R,D,B ,F , , ,C,50,0,0,0,,,1750741,5915618
Auckland,ROSEBANK ROAD,, ,I,ASH ST,201443838,29/07/2014,Tue,1630,FE,CN1V,181A ,,R,D,OF,F ,X,T,C,50,0,0,0,,,1750837,5915590
Auckland,ROSEBANK ROAD,, ,I,ASH ST,201440462,26/07/2014,Sat,1725,FE,CS1C,181A 330A ,,R,D,B ,F ,M,T,L,50,0,0,0,,,1750837,5915590
Auckland,ROSEBANK ROAD,, ,I,ASH ST,201433994,09/04/2014,Wed,1830,GD,CS1C,112A 181A ,,R,D,DO,F ,X,T,C,50,0,0,0,,,1750837,5915590
Auckland,ROSEBANK ROAD,15,W, ,ASPEN ST,201417533,04/11/2014,Tue,1600,NB,CE1E,341A 353A 715B ,,R,D,BF,F ,T,G,P,50,0,0,1,19,,1750729,5915622
Auckland,ROSEBANK ROAD,, ,I,ASPEN ST,201433243,14/03/2014,Fri,1530,LB,CE1C,303B 375B ,,R,D,BF,F ,T,G,P,50,0,0,0,,,1750743,5915618
Auckland,ROSEBANK ROAD,, ,I,ASPEN ST,201439183,11/06/2014,Wed,1545,AC,CW1C,372A ,,R,D,B ,F ,T,G,C,50,0,0,0,,,1750743,5915618
Auckland,ROSEBANK ROAD,, ,I,AVONDALE ROAD,201438718,29/06/2014,Sun,1316,JC,CN1C,322A ,,R,D,OF,F ,X,T,C,50,0,0,0,,,1750139,5916292
Auckland,ROSEBANK ROAD,15,S, ,CANAL ROAD,201444037,30/08/2014,Sat,1955,DA,CN1,111A 131A ,F,E,W,DO,L ,T,S,C,50,0,0,0,,,1750610,5915660
Auckland,ROSEBANK ROAD,50,N, ,CHARANN PLACE,201437140,12/05/2014,Mon,200,DA,CN1C,103A 431A 103B 431B ,K,E,D,DO,F , ,N,C,50,0,0,0,,,1749196,5917097
Auckland,ROSEBANK ROAD,150,N, ,CHARANN PLACE,201438453,22/05/2014,Thu,800,JA,CS1C,308B 375B 929 ,,M,D,B ,F ,D, ,N,50,0,0,0,,,1749101,5917127
Auckland,ROSEBANK ROAD,, ,I,COMMUNITY LANE,201442222,05/07/2014,Sat,1300,LB,CS14,303B 330B ,,R,D,B ,F ,T,G,C,50,0,0,0,,,1750950,5915531
Auckland,ROSEBANK ROAD,10,E, ,ELM ST,201442641,05/07/2014,Sat,1253,NB,CW1E,712B 713B 839 ,,R,D,OF,L ,T,S,C,50,0,0,0,,,1751090,5915485
Auckland,ROSEBANK ROAD,30,E, ,ELM ST,201449502,09/12/2014,Tue,1050,LB,CE1C,314B 377B 927 ,,R,D,B ,F ,D, ,C,50,0,0,0,,,1751110,5915484
Auckland,ROSEBANK ROAD,, ,I,ELM ST,201416410,07/10/2014,Tue,1455,NB,CW1E,194A 713B ,,R,D,B ,F ,T,T,C,50,0,0,1,19,,1751080,5915485
Auckland,ROSEBANK ROAD,200,N, ,FREMLIN PLACE,201448717,20/08/2014,Wed,1625,JA,CN1C,197A 308B 330B 929 ,,R,W,O ,F ,D,N,P,50,0,0,0,,,1749361,5916997
Auckland,ROSEBANK ROAD,, ,I,FREMLIN PLACE,201434557,02/04/2014,Wed,1706,JO,CW1C,314B 377B ,,R,D,OF,F ,T,G,P,50,0,0,0,,,1749531,5916891
Auckland,ROSEBANK ROAD,10,E, ,MEAD ST,201410922,07/01/2014,Tue,1729,DA,CE1,101A 111A 131A ,F,M,D,BF,F ,T,S,P,50,0,2,0,,,1749965,5916623
Auckland,ROSEBANK ROAD,60,S, ,MEAD ST,201432254,05/01/2014,Sun,1530,CB,VN1,130A 801 ,C,R,W,B ,L , , ,P,50,0,0,0,,,1749993,5916582
Auckland,ROSEBANK ROAD,, ,I,MEAD ST,201442414,11/08/2014,Mon,820,KA,SN1C,301B 375B 671B ,,E,W,BF,F ,T,S,P,50,0,0,0,,,1749957,5916629
Auckland,ROSEBANK ROAD,20,S, ,ORCHARD ST,201442150,12/08/2014,Tue,1700,FD,CN1V,181A 331A ,,R,D,O ,F , , ,C,50,0,0,0,,,1750219,5916133
Auckland,ROSEBANK ROAD,5,S, ,PATIKI ROAD,201449575,02/12/2014,Tue,1454,FB,CN1C,181A 331A ,,R,D,B ,F ,R,G,C,50,0,0,0,,,1748794,5917936
Auckland,ROSEBANK ROAD,20,S, ,RIVERSDALE ROAD,201440649,17/07/2014,Thu,1654,FD,CS1C,331A 350A ,,R,D,B ,F , , ,C,50,0,0,0,,,1750435,5915864
Auckland,ROSEBANK ROAD,50,S, ,RIVERSDALE ROAD,201442662,21/07/2014,Mon,200,EA,CS1C,129A ,M,R,W,DO,L , ,N,C,50,0,0,0,,,1750455,5915841
Auckland,ROSEBANK ROAD,100,S, ,TIMOTHY PLACE,201449889,05/12/2014,Fri,1705,JA,CN1C,308B 314B 377B 929 ,,R,D,BF,F ,D,N,P,50,0,0,0,,,1748830,5917491
Auckland,ROSEBANK ROAD,100,S, ,TIMOTHY PLACE,201410049,12/02/2014,Wed,1801,BF,4S14,131A 412A 197B ,P,E,D,B ,F , , ,C,50,0,0,1,,,1748830,5917491
Auckland,ROSEBANK ROAD,200,S, ,TIMOTHY PLACE,201417564,06/09/2014,Sat,1030,BC,VS1C,129A 358A ,,E,D,BF,F , ,N,P,50,0,1,1,,,1748844,5917392
Auckland,ROSEDALE ROAD,50,E, ,ALBANY HIGHWAY,201413973,10/06/2014,Tue,1710,LB,PW1C,303B 375B 830 927 ,,R,W,DF,HS,D,N,C,50,0,0,1,,,1751196,5932315
Auckland,ROSEDALE ROAD,50,E, ,ALBANY HIGHWAY,201436905,23/05/2014,Fri,1505,EA,CW1CC,103A 129A 130A ,M,R,D,O ,F , , ,C,50,0,0,0,,,1751196,5932315
Auckland,ROSEDALE ROAD,250,W, ,APOLLO DRIVE,201446061,10/10/2014,Fri,1030,MD,CW1C,353B 377B 839 ,,E,D,O ,F , , ,L,50,0,0,0,,,1754016,5933005
Auckland,ROSEDALE ROAD,430,W, ,APOLLO DRIVE,201449002,01/12/2014,Mon,923,GA,CW14,181A 333A 929 ,,R,D,BF,F ,D,N,C,50,0,0,0,,,1753882,5932886
Auckland,ROSEDALE ROAD,, ,I,APOLLO DRIVE,201445639,01/10/2014,Wed,1800,HA,4N2C,113B ,,E,D,O ,F ,R,G,P,50,0,0,0,,,1754222,5933114
Auckland,ROSEDALE ROAD,, ,I,BUSH ROAD,201412063,24/04/2014,Thu,1450,DA,CN1,111A 631A ,T,R,W,O ,  ,X,T,C,50,0,0,1,,,1752152,5932472
Auckland,ROSEDALE ROAD,, ,I,COWLEY PLACE,201438900,20/06/2014,Fri,1219,FF,CE1C,387A ,,E,D,BF,F ,R,G,C,50,0,0,0,,,1753354,5932477
Auckland,ROSEDALE ROAD,, ,I,COWLEY PLACE,201411028,16/01/2014,Thu,1616,HA,CE1M,302A 375A ,,R,D,O ,F ,R,G,C,50,0,0,1,,,1753354,5932477
Auckland,ROSEDALE ROAD,, ,I,DOUGLAS ALEXANDER PARADE,201417355,21/11/2014,Fri,900,GB,SW1C,330B 372B ,,E,D,O ,F ,T,G,P,50,0,0,1,,16,1751708,5932371
Auckland,ROSEDALE ROAD,, ,I,EAST COAST ROAD,201430754,20/01/2014,Mon,1236,DA,CE1,135A 801 ,FKS,M,W,OF,L ,T,T,C,50,0,0,0,,,1754857,5933182
Auckland,ROSEDALE ROAD,, ,I,EAST COAST ROAD,201437835,02/06/2014,Mon,1200,FE,CE1V,181A ,,R,D,B ,F ,T,T,C,50,0,0,0,,,1754857,5933182
Auckland,ROSEDALE ROAD,, ,I,EAST COAST ROAD,201440930,12/08/2014,Tue,1033,BF,CN2C,111A 131A ,,E,W,BF,L ,T,T,C,50,0,0,0,,,1754857,5933182
Auckland,ROSEDALE ROAD,40,W, ,GRAHAM COLLINS DRIVE,201447519,05/11/2014,Wed,814,FD,CW1CC,181A 331A 358A 801 ,,R,W,O ,L , , ,P,50,0,0,0,,,1754585,5933152
Auckland,ROSEDALE ROAD,, ,I,HENRY ROSE PLACE,201411515,07/03/2014,Fri,1035,BF,CE1C,131A 501A ,HQ,M,D,BF,F ,T,G,P,50,0,0,1,,,1753158,5932392
Auckland,ROSEDALE ROAD,, ,I,HENRY ROSE PLACE,201444715,21/08/2014,Thu,1310,JA,CE1C,302B ,,E,D,BF,F ,T,G,C,50,0,0,0,,,1753158,5932392
Auckland,ROSEDALE ROAD,, ,I,HENRY ROSE PLACE,201411835,02/04/2014,Wed,1053,KB,VW1B,302B 375B ,,E,D,BF,F ,T,G,C,50,0,0,1,,,1753158,5932392
Auckland,ROSEDALE ROAD,5,E, ,JACK HINTON DRIVE,201433942,01/04/2014,Tue,1630,KA,CE1V,308B 375B 929 ,,R,D,B ,F ,D,N,C,50,0,0,0,,,1752853,5932406
Auckland,ROSEDALE ROAD,100,E, ,JACK HINTON DRIVE,201448075,13/11/2014,Thu,1640,FD,CE1C,181A 197A ,,R,D,O ,F , , ,P,50,0,0,0,,,1752948,5932397
Auckland,ROSEDALE ROAD,50,E, ,MANA LANE,201410913,04/03/2014,Tue,825,FD,CW1CCC,181A ,,R,D,OF,F , ,N,C,50,0,0,2,,,1754544,5933139
Auckland,ROSEDALE ROAD,, ,I,TAWA DRIVE,201412436,21/04/2014,Mon,1925,HA,4S2C,302A 375A 412A 817 ,I,E,D,DO,F ,R,G,R,50,0,0,1,,,1753361,5932495
Auckland,ROSEDALE ROAD,100,W, ,WILLIAM PICKERING DRIVE,201414347,25/06/2014,Wed,905,FD,CW1V,331A ,,R,D,O ,F , , ,C,50,0,0,1,,,1751363,5932339
Auckland,ROSEHILL DRIVE,300,E, ,EDINBURGH AVENUE,201436537,15/05/2014,Thu,1300,CC,CE1C,130A 501A ,M,R,D,B ,F , , ,C,50,0,0,0,,,1772465,5894959
Auckland,ROSEHILL DRIVE,200,W, ,EDINBURGH AVENUE,201432519,07/02/2014,Fri,1530,EA,VE1C,386A ,M,E,D,B ,F , ,N,C,50,0,0,0,,,1772018,5895035
Auckland,ROSELLA ROAD,280,N, ,GRAY AVENUE,201442685,27/09/2014,Sat,2230,EA,CS1C,129A ,M,M,W,DO,F , ,N,C,50,0,0,0,,,1763563,5907794
Auckland,ROSELLA ROAD,, ,I,MASSEY ROAD,201440210,30/06/2014,Mon,1700,JA,CS2C,322A 801 ,,R,W,TO,L ,X,T,C,50,0,0,0,,,1763261,5908247
Auckland,ROSEMAN AVENUE,30,S, ,FREELAND AVENUE N,201448532,23/11/2014,Sun,2230,EA,CN1C,129A ,M,R,D,DO,F , ,N,C,50,0,0,0,,,1754525,5913442
Auckland,ROSIER ROAD,100,N, ,GLENGARRY ROAD,201417924,22/11/2014,Sat,1621,NA,CS1E,727B ,,R,D,O ,F , , ,C,50,0,0,1,2,,1746008,5912684
Auckland,ROSIER ROAD,20,N, ,KARINA PLACE,201439363,06/07/2014,Sun,1600,EA,CS1C,129A 350A ,M,R,D,OF,F , ,N,C,50,0,0,0,,,1746173,5913790
Auckland,ROSIER ROAD,50,N, ,KARINA PLACE,201438716,28/06/2014,Sat,120,EA,CS1C,129A ,M,R,W,DO,L , ,N,C,50,0,0,0,,,1746181,5913818
Auckland,ROSSGROVE TERRACE,, ,I,LINWOOD AVENUE,201440773,17/07/2014,Thu,1717,KB,CW2C,301B ,,R,D,O ,F ,T,S,N,50,0,0,0,,,1753350,5917453
Auckland,ROSSGROVE TERRACE,, ,I,LINWOOD AVENUE,201434021,04/04/2014,Fri,10,DC,VS1,103A 112A ,C,R,D,DO,F ,T,N,C,50,0,0,0,,,1753350,5917453
Auckland,ROSSMAY TERRACE,50,W, ,SANDRINGHAM ROAD,201414614,20/05/2014,Tue,2000,EA,CW1C,129A 330A ,M,R,D,DO,F , , ,C,50,0,0,1,,,1755194,5917627
Auckland,ROSSMAY TERRACE,50,W, ,SANDRINGHAM ROAD,201443845,20/05/2014,Tue,2015,EA,CE1C,129A ,M,R,D,DO,F , ,N,C,50,0,0,0,,,1755194,5917627
Auckland,ROSSMAY TERRACE,, ,I,SANDRINGHAM ROAD,201448203,02/12/2014,Tue,905,GF,TE1C,179A 381A ,,R,D,B ,F ,T,G,C,50,0,0,0,,,1755242,5917615
Auckland,ROTHERY ROAD,50,S, ,ORAMS ROAD,201438599,19/06/2014,Thu,450,CC,CS1,103A 410A ,FKT,R,D,DO,F , , ,N,50,0,0,0,,,1768551,5902522
Auckland,ROTHESAY BAY ROAD,, ,I,MONTGOMERY AVENUE,201434690,27/03/2014,Thu,1809,HA,CW2C,302B 361B 375B ,,R,D,OF,F ,X,G,C,50,0,0,0,,,1756402,5934086
Auckland,ROTHWELL AVENUE,150,W, ,WILLIAM PICKERING DRIVE,201438936,17/06/2014,Tue,1746,DA,CE1C,111A 135A 801 ,M,E,W,DO,L , ,N,C,50,0,0,0,,,1751755,5931421
Auckland,ROTHWELL AVENUE,, ,I,WILLIAM PICKERING DRIVE,201442283,14/08/2014,Thu,1230,FB,CE1C,181A ,,R,D,B ,F ,T,S,C,50,0,0,0,,,1751858,5931530
Auckland,ROTOMAHANA TERRACE,230,E, ,PEACH PARADE,201442514,03/09/2014,Wed,1730,MO,CW1C,371A 929 ,M,R,D,OF,F ,D,N,N,50,0,0,0,,,1760946,5916364
Auckland,ROWANDALE AVENUE,, ,I,BURBANK AVENUE,201435887,06/05/2014,Tue,139,DA,CS1,111A 131A 514A ,F,E,W,DO,L ,T,G,P,50,0,0,0,,,1766501,5901239
Auckland,ROWANDALE AVENUE,, ,I,BURBANK AVENUE,201440958,22/08/2014,Fri,915,JA,CN1C,302B 353B ,,R,D,BF,F ,T,G,C,50,0,0,0,,,1766501,5901239
Auckland,ROWANDALE AVENUE,10,N, ,SUNLANDS DRIVE,201443359,25/08/2014,Mon,1509,BA,CS1CC,125A 137A ,M,R,D,B ,F ,T,N,C,50,0,0,0,,,1766628,5901010
Auckland,ROWANDALE AVENUE,20,N, ,SUNLANDS DRIVE,201411176,09/02/2014,Sun,615,CB,CS1T,410A ,M,R,D,O ,F , , ,C,50,0,1,0,,,1766622,5901018
Auckland,ROWANDALE AVENUE,80,N, ,SUNLANDS DRIVE,201434275,19/03/2014,Wed,2025,FA,CN1CC,331A 358A 197C 929 ,,R,D,DO,F ,D, ,C,50,0,0,0,,,1766589,5901068
Auckland,ROWANDALE AVENUE,30,N, ,WEYMOUTH ROAD,201416258,20/09/2014,Sat,31,DB,CE1,111A 131A 402A 514A 801 ,FT,S,W,DO,L ,T,G,C,50,0,0,1,,,1767043,5900093
Auckland,ROWANDALE AVENUE,, ,I,WEYMOUTH ROAD,201444727,22/08/2014,Fri,1708,KB,CW1C,302A 375A ,,R,D,OF,F ,T,G,P,50,0,0,0,,,1767054,5900065
Auckland,ROWANDALE AVENUE,, ,I,WEYMOUTH ROAD,201449542,13/12/2014,Sat,310,DA,CW2,103A 131A 402A ,FK,M,D,DO,F ,T,G,C,50,0,0,0,,,1767054,5900065
Auckland,ROWANDALE AVENUE,, ,I,WORDSWORTH ROAD,201438595,30/05/2014,Fri,1045,HA,CE2V,302A 375A ,,R,D,B ,F ,R,G,R,50,0,0,0,,,1766730,5900874
Auckland,ROWANDALE AVENUE,, ,I,WORDSWORTH ROAD,201430229,04/01/2014,Sat,840,HA,CW2C,302A ,,M,D,B ,F ,R,G,C,50,0,0,0,,,1766730,5900874
Auckland,ROYAL OFF WBD N,, ,I,MAKORA ROAD,201432003,04/02/2014,Tue,1632,FD,CN1CC,181A 331A 414A ,,M,D,BF,F ,T,T,R,100,0,0,0,,,1744318,5922429
Auckland,ROYAL ON EBD,80,W, ,ROYAL ROAD E,201412699,18/04/2014,Fri,1903,DB,CS1,111A 131A ,PS,E,W,DO,L , ,N,N,50,0,0,2,,,1744487,5922489
Auckland,ROYAL ROAD,50,E, ,DON BUCK ROAD,201432635,27/03/2014,Thu,2145,FA,CE1C,181A 330A ,,R,D,B ,F , ,N,C,50,0,0,0,,,1743253,5922658
Auckland,ROYAL ROAD,, ,I,DON BUCK ROAD,201437385,03/05/2014,Sat,1618,DA,CN2,103A 131A ,CK,E,D,OF,F ,R,G,P,50,0,0,0,,,1743192,5922656
Auckland,ROYAL ROAD,10,S, ,MOIRE ROAD,201438394,03/06/2014,Tue,1630,JA,CS1C,308B 922 ,,E,D,B ,F ,D, ,C,50,0,0,0,,,1744590,5922458
Auckland,ROYAL ROAD,, ,I,ROYAL ON EBD W,201438587,27/06/2014,Fri,1536,DB,CW1,131A 191A 403A 801 ,S,E,W,O ,L ,T,N,N,100,0,0,0,,,1744504,5922538
Auckland,ROYAL ROAD,200,W, ,WIDMORE DRIVE,201442412,04/07/2014,Fri,1918,EA,CE1C,331A 359A ,M,R,D,DO,F , ,N,C,50,0,0,0,,,1744940,5922370
Auckland,ROYAL ROAD,, ,I,WIDMORE DRIVE,201411899,26/03/2014,Wed,803,JA,CE1M,302B 375B ,,R,D,OF,F ,T,G,C,50,0,1,0,,,1745114,5922458
Auckland,ROYAL ROAD N,, ,I,ROYAL ON EBD,201430676,19/01/2014,Sun,2130,LB,CW1C,111A 303B 386B ,,E,D,DN,F ,T,G,C,50,0,0,0,,,1744504,5922538
Auckland,ROYAL VIEW ROAD,80,N, ,MILICH TERRACE,201444114,20/09/2014,Sat,1000,EA,CN1C,129A ,M,R,D,BF,F , ,N,N,50,0,0,0,,,1746687,5919769
Auckland,RUAHINE ST N,100,E, ,MIRANDA ST,201438643,15/06/2014,Sun,212,DB,CW1C,111A 131A ,M,E,D,DO,F , , ,C,50,0,0,0,,,1751335,5913899
Auckland,RUAWAI ROAD,15,S, ,COMMISSARIAT ROAD,201447381,07/11/2014,Fri,1802,DA,CN1,130A 410A ,IK,M,D,B ,FF, ,N,R,50,0,0,0,,,1763234,5913656
Auckland,RUAWAI ROAD,, ,I,COMMISSARIAT ROAD,201446181,23/10/2014,Thu,745,CB,CN1,130A 501A ,KP,R,D,O ,F ,T,S,C,50,0,0,0,,,1763234,5913671
Auckland,RUNCIMAN ROAD,470,W, ,GREAT SOUTH ROAD,201450251,07/12/2014,Sun,2057,DB,CE1,103A 131A 358A ,C,E,D,DN,F , ,N,C,100,0,0,0,,,1773196,5889167
Auckland,RUNCIMAN ROAD,30,E, ,NGAKOROA ROAD,201443536,10/08/2014,Sun,2009,DA,40,129A 904 ,P,M,W,DN,M , ,N,C,100,0,0,0,,,1773016,5889053
Auckland,RUNCIMAN ROAD,90,S, ,NGAKOROA ROAD,201434114,11/04/2014,Fri,2158,DA,CN1,103A 111A 131A ,FX,E,W,DN,L , ,N,C,100,0,0,0,,,1772914,5888989
Auckland,RUNCIMAN ROAD,100,N, ,PUKEKOHE EAST ROAD,201432078,26/01/2014,Sun,1915,DB,4S1,131A 407A 800 901 ,T,E,W, N,H , ,N,C,100,0,0,0,,,1772885,5881733
Auckland,RUNCIMAN ROAD,250,S, ,RUTHERFORD ROAD,201431628,19/01/2014,Sun,950,CA,CS1,129A 197A 407A ,FPX,R,D,B ,F , , ,C,100,0,0,0,,,1772928,5882229
Auckland,RUSSELL ROAD,160,S, ,BROWNS ROAD,201418750,17/12/2014,Wed,548,EA,CN1C,103A 410A ,M,R,D,TF,F , , ,C,50,0,0,1,,,1766840,5901711
Auckland,RUSSELL ROAD,5,E, ,FRANCES ST,201441998,08/06/2014,Sun,,EA,CW1C,129A 330A ,M,R,D,B ,F ,T,G,P,50,0,0,0,,,1767954,5900894
Auckland,RUSSELL ROAD,50,N, ,HEALY ROAD,201414468,20/04/2014,Sun,824,CB,CS1,411A ,P,R,D,OF,F , ,N,C,50,0,1,4,,,1766875,5901624
Auckland,RUSSELL ROAD,40,E, ,JAMES ROAD,201448191,19/11/2014,Wed,644,EA,CE1T,129A 902 ,M,E,D,B ,F , , ,P,50,0,0,0,,,1768203,5900799
Auckland,RUSSELL ROAD,15,E, ,KENT ROAD,201432841,15/03/2014,Sat,1130,FD,CW1C,191B ,,R,W,O ,H , , ,C,50,0,0,0,,,1767332,5901238
Auckland,RUSSELL ROAD,20,E, ,KERRYDALE ROAD,201416981,31/10/2014,Fri,1503,NA,CW1E,712B 713B ,,R,D,BF,F , ,N,P,50,0,0,1,13,,1767681,5901013
Auckland,RUSSELL ROAD,50,E, ,KERRYDALE ROAD,201445294,20/08/2014,Wed,830,EC,CW1V,668B 930 ,D,R,D,B ,F ,D, ,R,50,0,0,0,,,1767709,5901001
Auckland,RUSSELL ROAD,, ,I,LUPTON ROAD,201449193,26/11/2014,Wed,1835,MA,CN1C,373B ,,R,D,BF,F ,T,G,R,50,0,0,0,,,1768341,5900719
Auckland,RUSSELL ROAD,, ,I,MONTILLA PLACE,201448221,23/11/2014,Sun,2210,EA,CE1C,386A ,M,R,D,DO,F ,T,N,C,50,0,0,0,,,1767538,5901092
Auckland,RUSSELL ROAD,100,S, ,SWALLOW DRIVE,201446850,18/10/2014,Sat,420,EA,CN1C,129A 410A ,M,R,W,DO,F , ,N,C,50,0,0,0,,,1767318,5901248
Auckland,RUSSELL ROAD,, ,I,SWALLOW DRIVE,201416705,15/09/2014,Mon,940,FB,4N1V,181A 387A ,,R,D,O ,F ,T,G,P,50,0,0,1,,,1767236,5901306
Auckland,RUSSELL ROAD,20,N, ,WEYMOUTH ROAD,201413086,05/06/2014,Thu,1800,CC,CS1,103A 108A 112A ,P,R,D,DO,F , ,N,L,50,0,0,1,,,1768415,5900650
Auckland,RUSSELL ROAD,20,N, ,WEYMOUTH ROAD,201438578,16/06/2014,Mon,1736,MO,CS1C,371B 801 ,,R,W,DO,L , , ,C,50,0,0,0,,,1768415,5900650