TLANAME,CRASHROAD,CRASHDIST,CRASHDIRN,INTSN,SIDEROAD,CRASHID,CRASHDATE,CRASHDOW,CRASHTIME,MVMT,VEHICLES,CAUSES,OBJECTSSTRUCK,ROADCURVE,ROADWET,LIGHT,WTHRa,JUNCTYPE,TRAFCTRL,ROADMARK,SPDLIM,CRASHFATALCNT,CRASHSEVCNT,CRASHMINCNT,PERSAGE1,PERSAGE2,EASTING,NORTHING
Auckland,SABULITE ROAD,100,S, ,ST LEONARDS ROAD,201447206,03/11/2014,Mon,2013,DA,CN1,103A 111A 131A 929 ,FJ,E,D,DO,F ,D,N,C,50,0,0,0,,,1747730,5915053
Auckland,SACKVILLE ST,15,S, ,RICHMOND ROAD N,201430150,01/02/2014,Sat,2350,EA,VS1C,103A 386A ,M,R,D,DF,F ,M,N,C,50,0,0,0,,,1754769,5919874
Auckland,SADDLEBACK RISE,130,N, ,SUNRISE AVENUE,201440258,11/07/2014,Fri,2356,DA,CN1C,111A 129A 131A 800 801 ,M,E,W,DO,L , , ,C,50,0,0,0,,,1755530,5933253
Auckland,SAINSBURY ROAD,120,E, ,NEW NORTH ROAD,201445390,19/09/2014,Fri,1600,DA,CW1,101A 111A 131A ,T,E,W,O ,L , , ,C,50,0,0,0,,,1754248,5917248
Auckland,SALE ST,, ,I,WELLESLEY ST WEST,201449039,04/12/2014,Thu,1740,JC,CN1C,302A 377A ,,R, ,O ,  ,T,G,P,50,0,0,0,,,1756723,5920438
Auckland,SALEYARDS ROAD,15,S, ,PORTAGE ROAD,201445128,02/04/2014,Wed,735,FA,CN1C,331A ,,E,D,TF,F , , ,C,50,0,0,0,,,1763436,5910607
Auckland,SALEYARDS ROAD,20,S, ,PORTAGE ROAD,201446849,04/11/2014,Tue,2000,DA,CN1,130A 414A ,ST,M,D,DN,F , ,N,C,50,0,0,0,,,1763437,5910602
Auckland,SALEYARDS ROAD,, ,I,PORTAGE ROAD,201436100,05/05/2014,Mon,1715,JA,CW1C,321A ,,E,W,O ,L ,T,S,C,50,0,0,0,,,1763438,5910622
Auckland,SALEYARDS ROAD,20,N, ,RAILWAY LANE,201416556,17/10/2014,Fri,1006,EA,CN1C,129A 359A ,Q,R,D,BF,F , ,N,C,50,0,0,1,,,1763305,5909776
Auckland,SALEYARDS ROAD,, ,I,STATION ROAD,201418152,11/12/2014,Thu,615,CC,VS1,130A 412A ,C,R,D,TO,F ,T,T,L,50,0,1,1,,,1763329,5909543
Auckland,SALTBURN ROAD,40,N, ,KITCHENER ROAD,201444601,17/09/2014,Wed,1633,MA,CN1C,373B ,,R,D,B ,F , ,N,C,50,0,0,0,,,1757933,5928796
Auckland,SAM WRIGLEY ST E,20,W, ,COOK ST,201430222,12/01/2014,Sun,935,FO,CW1C,331A ,,R,W,B ,F , , ,C,50,0,0,0,,,1756600,5920247
Auckland,SAM WRIGLEY ST W,, ,I,COOK ST,201433576,20/04/2014,Sun,2120,DB,CE2,111A 131A 404A ,HI,M,W,DO,F ,Y,N,R,50,0,0,0,,,1756532,5920278
Auckland,SAN BERNADINO DRIVE,50,E, ,PALOMINO DRIVE,201417738,02/12/2014,Tue,2014,DA,CS1,102A 111A ,T,E,D,TF,F , ,N,P,50,0,1,1,,,1743728,5916399
Auckland,SAN BERNADINO DRIVE,, ,I,SAN VALENTINO DRIVE,201417952,28/11/2014,Fri,1256,DA,CW1,501A ,IT,E,D,O ,F ,R,G,R,50,0,0,1,,,1743520,5916345
Auckland,SANDERS AVENUE,250,E, ,LAKE ROAD,201443121,18/08/2014,Mon,1050,MO,TE1,371A 671A 929 ,P,R,D,O ,F ,D,N,N,50,0,0,0,,,1758508,5926914
Auckland,SANDRINGHAM ROAD,15,N, ,AROHA AVENUE,201431940,07/03/2014,Fri,1800,FD,CS1CCC,331A 359A ,,R,D,OF,F , ,N,C,50,0,0,0,,,1754993,5916728
Auckland,SANDRINGHAM ROAD,, ,I,AROHA AVENUE,201415563,29/08/2014,Fri,757,GB,SN1C,192B 353B 370B ,,R,D,B ,F ,T,S,C,50,0,1,0,,50,1754988,5916714
Auckland,SANDRINGHAM ROAD,150,N, ,BALMORAL ROAD,201448448,20/11/2014,Thu,830,FD,CN1CC,181A ,,R,D,BF,F , ,N,C,50,0,0,0,,,1754957,5916600
Auckland,SANDRINGHAM ROAD,40,S, ,BALMORAL ROAD,201433235,12/03/2014,Wed,950,GB,BN1C,333A 387B 927 ,,R,D,BF,F ,D,N,C,50,0,0,0,,,1754907,5916417
Auckland,SANDRINGHAM ROAD,10,S, ,BEGBIE PLACE,201413843,15/06/2014,Sun,1445,EA,CN1V,129A 350A ,MF,R,D,B ,F ,X,S,C,50,0,0,1,,,1755013,5916801
Auckland,SANDRINGHAM ROAD,20,N, ,CALGARY ST,201441210,25/07/2014,Fri,2320,EA,CS1C,112A 129A 514A ,GHM,R,W,DO,F , , ,X,50,0,0,0,,,1754718,5915736
Auckland,SANDRINGHAM ROAD,10,S, ,CAMBOURNE ROAD,201438391,26/05/2014,Mon,1815,FD,CS1CC,112A 181A 331A 359A ,,R,D,DO,F ,X,S,C,50,0,0,0,,,1755013,5916801
Auckland,SANDRINGHAM ROAD,40,S, ,COYLE ST,201435377,01/05/2014,Thu,1545,KA,CN1C,308B 929 ,,E,D,B ,F ,D,N,C,50,0,0,0,,,1754746,5915836
Auckland,SANDRINGHAM ROAD,15,E, ,EDENDALE ROAD,201432063,15/02/2014,Sat,728,EC,CE1C,363A 645A 902 ,M,E,D,B ,F , , ,C,50,0,0,0,,,1755492,5917826
Auckland,SANDRINGHAM ROAD,5,S, ,ETHEL ST,201437316,07/06/2014,Sat,2218,MO,BN1C,385A ,M,R,D,DO,F ,X,T,C,50,0,0,0,,,1755151,5917289
Auckland,SANDRINGHAM ROAD,60,N, ,FARRELLY AVENUE,201442147,06/08/2014,Wed,715,FD,CN14C,181A 181B ,,R,W,O ,L , , ,C,50,0,0,0,,,1754077,5914512
Auckland,SANDRINGHAM ROAD,50,S, ,HAVERSTOCK ROAD,201415747,21/08/2014,Thu,1830,FD,CN1CCC,181A ,,R,D,DO,F , ,N,C,50,0,0,1,,,1754687,5915511
Auckland,SANDRINGHAM ROAD,20,S, ,KITCHENER ROAD,201412473,07/01/2014,Tue,1230,NB,CN1E,306A 376A ,,R,D,O ,F , , ,X,50,0,0,1,68,,1754715,5915675
Auckland,SANDRINGHAM ROAD,30,S, ,KITCHENER ROAD,201444311,05/09/2014,Fri,1342,MF,TN1C,330A 371A 671A ,,E,D,B ,F , , ,P,50,0,0,0,,,1754717,5915666
Auckland,SANDRINGHAM ROAD,, ,I,LANCING ROAD,201442582,12/08/2014,Tue,1725,LB,CS1C,303B 377B ,,R,D,OF,F ,T,N,C,50,0,0,0,,,1754946,5916560
Auckland,SANDRINGHAM ROAD,, ,I,LESLIE AVENUE,201412402,29/03/2014,Sat,1120,LB,MN1C,303B 314B 375B ,,R,D,B ,F ,X,S,C,50,0,0,1,,,1755125,5917198
Auckland,SANDRINGHAM ROAD,15,N, ,MARS AVENUE,201441091,22/07/2014,Tue,1715,JA,CN1C,308B 382B 925 ,,R,D,BF,F ,D,N,C,50,0,0,0,,,1754826,5916123
Auckland,SANDRINGHAM ROAD,15,S, ,MOUNT ALBERT ROAD,201438452,26/05/2014,Mon,950,AC,CN1C,330A 372A ,,R,D,O ,F , , ,C,50,0,0,0,,,1754444,5915130
Auckland,SANDRINGHAM ROAD,30,S, ,MOUNT ALBERT ROAD,201446456,22/10/2014,Wed,1900,MA,CS1C,373B ,,R,D,BF,F , ,N,C,50,0,0,0,,,1754435,5915117
Auckland,SANDRINGHAM ROAD,, ,I,MOUNT ALBERT ROAD,201440554,08/07/2014,Tue,1945,LB,VS1C,202B 303B 903 ,,M,W,DO, S,X,T,C,50,0,0,0,,,1754452,5915142
Auckland,SANDRINGHAM ROAD,, ,I,ONSLOW ROAD,201433337,20/03/2014,Thu,1740,JA,CS1C,302B 375B ,,R,D,BF,F ,T,G,C,50,0,0,0,,,1755698,5917864
Auckland,SANDRINGHAM ROAD,10,N, ,OXTON ROAD,201441084,19/07/2014,Sat,1320,FD,CS1C,331A 352A ,,R,D,BF,F ,X,S,C,50,0,0,0,,,1754796,5916016
Auckland,SANDRINGHAM ROAD,, ,I,PAICE AVENUE,201410349,14/01/2014,Tue,1155,HA,CS14,301B 387B ,,R,D,BN,F ,X,S,C,50,0,0,1,,,1755100,5917107
Auckland,SANDRINGHAM ROAD,, ,I,ROSSMAY TERRACE,201417263,24/09/2014,Wed,833,LB,MN1C,101A 303B 377B ,,R,D,B ,F ,T,G,P,50,0,0,1,,,1755242,5917615
Auckland,SANDRINGHAM ROAD,, ,I,ROSSMAY TERRACE,201438523,28/05/2014,Wed,1811,LB,PN1C,158A 209A 314B ,,E,D,DO,F ,T,G,C,50,0,0,0,,,1755242,5917615
Auckland,SANDRINGHAM ROAD,30,S, ,SHEPPARD AVENUE,201418785,24/12/2014,Wed,1027,BE,XS1CCC,410A 197C ,M,E,D,B ,F , , ,P,50,0,1,0,,,1754317,5914947
Auckland,SANDRINGHAM ROAD,, ,I,SHORWELL ST,201411633,15/02/2014,Sat,1126,CB,CN1,101A 129A ,P,R,D,BF,F ,T,S,P,50,0,0,1,,,1754793,5916006
Auckland,SANDRINGHAM ROAD,40,N, ,SKEATES AVENUE,201437542,13/05/2014,Tue,2318,CC,CS1,130A ,FI,R,W,DO,L , , ,R,50,0,0,0,,,1754190,5914675
Auckland,SANDRINGHAM ROAD,40,N, ,SKEATES AVENUE,201412671,14/04/2014,Mon,1513,PO,CN1E,512A ,,R,D,OF,F , ,N,C,50,0,0,1,44,,1754190,5914675
Auckland,SANDRINGHAM ROAD,20,N, ,ST LUKES ROAD,201432037,02/02/2014,Sun,1900,AA,CS1C,372A ,,R,D,TO,F , , ,C,50,0,0,0,,,1754923,5916475
Auckland,SANDRINGHAM ROAD,5,S, ,ST LUKES ROAD,201447574,09/11/2014,Sun,2105,FE,CN1C,331A ,,R,D,TO,F ,X,T,C,50,0,0,0,,,1754916,5916451
Auckland,SANDRINGHAM ROAD,20,S, ,ST LUKES ROAD,201447093,04/11/2014,Tue,1740,JA,CN1C,308B 314B 377B 929 ,,R,D,BF,F ,D,N,C,50,0,0,0,,,1754912,5916437
Auckland,SANDRINGHAM ROAD,, ,I,ST LUKES ROAD,201410372,28/01/2014,Tue,715,NB,CN1E,712B 713B 718B ,,R,D,BF,F ,X,T,C,50,0,1,0,38,,1754917,5916456
Auckland,SANDRINGHAM ROAD,, ,I,ST LUKES ROAD,201415036,09/08/2014,Sat,1020,HA,CE2CC,322A 334A ,,R,D,B ,F ,X,T,R,50,0,0,2,,,1754917,5916456
Auckland,SANDRINGHAM ROAD,, ,I,STODDARD ROAD,201431818,05/03/2014,Wed,1800,FF,CN1C,197B ,,R,D,BF,F ,X,T,C,50,0,0,0,,,1753966,5914354
Auckland,SANDRINGHAM ROAD,, ,I,TRURO ROAD,201444907,03/10/2014,Fri,1730,LB,CS1C,303B 375B ,,R,D,B ,F ,X,G,C,50,0,0,0,,,1754988,5916714
Auckland,SANDRINGHAM ROAD,5,N, ,WALTERS ROAD,201417775,08/12/2014,Mon,1500,FA,4N1S,181A ,,R,D,B ,F ,X,G,C,50,0,0,1,,28,1755351,5917760
Auckland,SANDRINGHAM ROAD,40,N, ,WALTERS ROAD,201415802,05/06/2014,Thu,825,NA,CN1E,306A ,,E,D,B ,F , , ,X,50,0,0,1,11,,1755378,5917782
Auckland,SANDRINGHAM ROAD,, ,I,WALTERS ROAD,201447270,08/11/2014,Sat,1925,KB,CN1V,301B 363B 375B 902 ,,R,D,TO,F ,T,S,P,50,0,0,0,,,1755347,5917757
Auckland,SANDRINGHAM ROAD,, ,I,WALTERS ROAD,201414391,26/06/2014,Thu,1801,LB,SS1C,209A 303B 377B 801 ,,R,W,DO,L ,T,S,C,50,0,0,1,,53,1755347,5917757
Auckland,SANDRINGHAM ROAD,10,N, ,WARD TERRACE,201444864,15/11/2014,Sat,2127,FD,CN14C,181A ,,R,D,DO,F ,T,N,C,50,0,0,0,,,1755130,5917217
Auckland,SANDSPIT ROAD,, ,I,GREENFIELD CLOSE,201444645,24/08/2014,Sun,1937,JA,CN1C,103B 302B ,F,R,D,DO,F ,T,G,C,50,0,0,0,,,1752861,5876894
Auckland,SANDSPIT ROAD,100,W, ,HAMILTON ROAD,201449834,25/12/2014,Thu,325,CB,CW1,130A 410A ,TX,R,D,DN,F , ,N,C,100,0,0,0,,,1751937,5970339
Auckland,SANDSPIT ROAD,1200,W, ,HAMILTON ROAD,201443872,19/08/2014,Tue,1717,DA,CE1,129A ,T,M,W,ON,HS, ,N,C,100,0,0,0,,,1750938,5970639
Auckland,SANDSPIT ROAD,1400,W, ,HAMILTON ROAD,201437237,24/05/2014,Sat,1835,DB,CW1,135A 402A 804 817 ,X,M,D,DN,F , ,N,N,100,0,0,0,,,1750746,5970696
Auckland,SANDSPIT ROAD,1900,E, ,MATAKANA ROAD,201447963,24/05/2014,Sat,2245,DB,CE1,116A 135A 804 817 901 ,V,M,W,DN,H , , ,C,100,0,0,0,,,1750574,5970681
Auckland,SANDSPIT ROAD,, ,I,MEADOWLAND DRIVE,201437321,10/06/2014,Tue,1640,HA,CE2T,302A 375A ,,R,W,OF,H ,X,G,C,50,0,0,0,,,1772981,5913518
Auckland,SANDSPIT ROAD,50,N, ,REYDON PLACE,201413913,22/05/2014,Thu,820,NO,LN1E,711B 729B ,,R,D,BF,F , ,N, ,50,0,0,1,17,,1772857,5913682
Auckland,SANDSPIT ROAD,130,E, ,VIEW ROAD,201447209,21/10/2014,Tue,1045,MD,TW1C,371B 423B 929 ,,R,D,B ,F ,D,N,N,50,0,0,0,,,1773824,5913458
Auckland,SANDSPIT ROAD,230,E, ,WITHERS LANE,201438917,29/05/2014,Thu,1100,DB,CE1,111A 135A 804 817 ,R,M,D,BN,F , ,N,C,100,0,0,0,,,1749554,5971113
Auckland,SANDSTONE ROAD,100,W, ,WHITFORD PARK ROAD,201436407,30/04/2014,Wed,1900,EC,CW1,341A 363A 601A 912 ,W,R,D,DN,F , ,N,C,100,0,0,0,,,1774987,5908788
Auckland,SANDSTONE ROAD,500,W, ,WHITFORD PARK ROAD,201414818,22/05/2014,Thu,1610,CB,ME1,129A 410A ,,R,D,ON,F , ,N,C,100,0,0,1,,,1774659,5908558
Auckland,SANDSTONE ROAD,1200,W, ,WHITFORD PARK ROAD,201450196,28/12/2014,Sun,1913,AO,CE1C,184A 205A ,,R,D,B ,F , , ,P,100,0,0,0,,,1774018,5908286
Auckland,SANTA ANA DRIVE,150,N, ,MALDON COURT,201440779,17/07/2014,Thu,1500,EA,TN1C,129A ,M,R,W,O ,L , , ,N,50,0,0,0,,,1771543,5911655
Auckland,SANTA ANA DRIVE,, ,I,SANTA CRUZ DRIVE,201440762,03/08/2014,Sun,1330,DA,CS1,111A 131A ,FK,E,W,O ,M ,T,N,C,50,0,0,0,,,1771625,5912038
Auckland,SANTA MONICA PLACE,40,W, ,SAN MARTIN PLACE,201438945,17/06/2014,Tue,710,EA,VE1C,129A ,M,R,W,BF,F , ,N,N,50,0,0,0,,,1768968,5904805
Auckland,SARAWIA ST,, ,I,PARNELL ROAD,201436641,06/05/2014,Tue,1820,MG,CW1C,372B 512B ,,R,D,B ,F ,T,N,C,50,0,0,0,,,1758660,5918740
Auckland,SARAWIA ST,80,N, ,YOUNGS LANE,201448230,18/11/2014,Tue,2050,DA,CE1,103A 131A ,C,E,D,DO,F , ,N,C,50,0,0,0,,,1758776,5918632
Auckland,SARSFIELD ST,, ,I,CURRAN ST,201449735,28/12/2014,Sun,1600,HA,CE1C,301A 375A ,,R,D,B ,F ,X,S,C,50,0,0,0,,,1755106,5921368
Auckland,SARSFIELD ST,, ,I,CURRAN ST,201434286,13/03/2014,Thu,1901,HA,4E1C,112A 301A 370A ,,R,D,B ,F ,X,S,C,50,0,0,0,,,1755106,5921368
Auckland,SARTORS AVENUE,40,E, ,ROBIN LANE,201439845,20/06/2014,Fri,1410,BO,TE1C,129A 129B 818 ,,R,D,B ,F , , ,C,50,0,0,0,,,1754864,5935230
Auckland,SARTORS AVENUE,10,E, ,WOODRIDGE AVENUE,201439004,02/07/2014,Wed,1458,BO,VE1V,129A ,,R,W,OF,F ,T,G,C,50,0,0,0,,,1754474,5935416
Auckland,SARTORS AVENUE,180,E, ,WOODRIDGE AVENUE,201439435,20/06/2014,Fri,1406,BB,TW1C,123A ,,E,D,B ,F , ,N,C,50,0,0,0,,,1754610,5935321
Auckland,SAVILL DRIVE,50,N, ,MASSEY ROAD,201435580,01/05/2014,Thu,1915,GD,CN1C,331A 386A 925 ,,R,D,DO,F ,D, ,C,50,0,0,0,,,1763219,5908274
Auckland,SAVOY ROAD,50,W, ,PLEASANT ROAD,201430951,26/02/2014,Wed,1835,GB,CW1C,387A 929 ,,R,D,BF,F ,D,N,N,50,0,0,0,,,1747633,5913160
Auckland,SCANLAN ST,30,N, ,CRUMMER ROAD,201435595,14/04/2014,Mon,1030,BO,TN1C,386A ,M,R,D,O ,F , , ,N,50,0,0,0,,,1755758,5919166
Auckland,SCARBOROUGH TERRACE,10,N, ,DENBY ST,201418613,12/12/2014,Fri,945,QO,CN14,423A 428A ,M,R,W,OF,L ,T,N,C,50,0,0,1,,,1758766,5919774
Auckland,SCENIC DRIVE,, ,I,BRABANT ROAD,201446032,03/10/2014,Fri,1538,DA,CS1,131A 402A 632A 801 ,C,E,W,O ,L ,T,N,C,50,0,0,0,,,1739674,5912082
Auckland,SCENIC DRIVE,300,N, ,KOHU ROAD,201439358,05/07/2014,Sat,1800,BB,VW1C,101A 123A ,,M,W,DO,L , ,N,C,50,0,0,0,,,1746360,5911025
Auckland,SCENIC DRIVE,450,N, ,PIHA ROAD,201414897,19/07/2014,Sat,821,DA,CS1,131A ,F,M,I,OF,FF, ,N,C,70,0,0,1,,,1739913,5911683
Auckland,SCENIC DRIVE,1750,N, ,PIHA ROAD,201416652,25/10/2014,Sat,1634,DA,CN1,111A 131A ,T,S,D,B ,F , , ,C,70,0,0,1,,,1739342,5912567
Auckland,SCENIC DRIVE,60,E, ,QUINNS ROAD,201414333,28/06/2014,Sat,1028,DA,CN1,131A 404A ,TV,M,W,B ,F , , ,C,70,0,0,1,,,1740312,5911447
Auckland,SCENIC DRIVE,140,N, ,SHAW ROAD,201437122,27/04/2014,Sun,1230,FD,CS1C,181A ,,R,D,BF,F , ,N,C,50,0,0,0,,,1744808,5910505
Auckland,SCENIC DRIVE,660,N, ,SHAW ROAD,201435122,11/01/2014,Sat,52,DA,CN1C,103A 111A ,M,E,D,TF,F , ,N,C,50,0,0,0,,,1745170,5910771
Auckland,SCENIC DRIVE,, ,I,SHAW ROAD,201417217,31/10/2014,Fri,1025,KB,MN1B,137A 191A 301B 375B ,,E,D,B ,F ,T,S,C,50,0,1,0,,,1744731,5910388
Auckland,SCENIC DRIVE,800,N, ,SUMMIT RD NTH,201441658,26/07/2014,Sat,1745,DA,CN1,111A 131A 801 ,C,E,W,DN,L , , ,C,80,0,0,0,,,1737143,5917498
Auckland,SCENIC DRIVE,, ,I,TAWINI ROAD,201444550,17/09/2014,Wed,2030,BF,CW1C,101A 131A 410A ,T,S,W,DN,L ,T,G,C,70,0,0,0,,,1745870,5911069
Auckland,SCENIC DRIVE,5000,S, ,WAITAKERE ROAD,201439506,23/05/2014,Fri,2124,DB,CS1,111A 131A 801 ,T,S,W,DN,L , , ,C,100,0,0,0,,,1737591,5916407
Auckland,SCENIC DRIVE,5000,W, ,WAITAKERE ROAD,201439507,28/04/2014,Mon,1045,DA,CS1,103A 131A ,C,E,D,O ,F , , ,C,100,0,0,0,,,1737591,5916407
Auckland,SCENIC DRIVE,910,S, ,WEST COAST ROAD,201410963,09/01/2014,Thu,1813,BB,CS14,129A 404A ,,M,D,OF,F , ,N,C,80,0,1,2,,,1740939,5910507
Auckland,SCENIC DRIVE,1000,S, ,WEST COAST ROAD,201415435,11/08/2014,Mon,330,DB,CN1,111A 131A 404A ,X,M,W,DN,M , , ,C,100,0,0,1,,,1740939,5910419
Auckland,SCENIC DRIVE,1440,S, ,WEST COAST ROAD,201438395,13/06/2014,Fri,1229,BF,VS1C,129A 131A 330A ,,M,D,B ,F , , ,C,70,0,0,0,,,1741241,5910250
Auckland,SCENIC DRIVE,2000,S, ,WEST COAST ROAD,201437143,30/05/2014,Fri,1006,BF,CN1C,129A 134A ,,M,W,OF,M , ,N,C,100,0,0,0,,,1741628,5910332
Auckland,SCENIC DRIVE,, ,I,WEST COAST ROAD,201438647,14/06/2014,Sat,959,JA,4S1C,302B ,,M,D,B ,F ,T,G,N,70,0,0,0,,,1740581,5911291
Auckland,SCENIC DRIVE,700,S, ,WOODLANDS PARK ROAD,201449477,30/12/2014,Tue,219,DC,CS1,111A 131A 402A ,P,M,D,DN,F , , ,N,80,0,0,0,,,1747022,5910497
Auckland,SCENIC DRIVE,740,S, ,WOODLANDS PARK ROAD,201411900,19/03/2014,Wed,1450,BC,ME14,111A 129A 402A ,,M,D,BN,F , ,N,L,50,0,0,1,,,1747059,5910511
Auckland,SCHNAPPER ROCK ROAD,, ,I,ALBANY HIGHWAY N,201445594,23/09/2014,Tue,1630,KA,VS2C,302B 330B ,,R,D,O ,F ,T,G,C,50,0,0,0,,,1751362,5931276
Auckland,SCHNAPPER ROCK ROAD,170,S, ,ALBANY HIGHWAY W,201435633,25/02/2014,Tue,1254,EA,4S1T,129A 130A ,M,E,D,B ,F , , ,C,50,0,0,0,,,1751371,5931108
Auckland,SCHOOL ROAD,200,W, ,EDMONTON ROAD,201440787,22/05/2014,Thu,1530,MO,CW1C,386B 929 ,,R,D,O ,F ,D,N,C,50,0,0,0,,,1746240,5918714
Auckland,SCHOOL ROAD,1200,W, ,HINAU ROAD,201413261,13/06/2014,Fri,2228,DA,CS1,121A 131A 860 ,C,M,D,DN,F , ,N,C,80,0,0,1,,,1731758,5927193
Auckland,SCHOOL ROAD,750,E, ,PAKIRI BLOCK ROAD N,201447162,18/10/2014,Sat,933,CB,CS1,138A 191A 353A ,JP,R,D,O ,F , , ,N,100,0,0,0,,,1747407,5988944
Auckland,SCHOOL ROAD,, ,I,VODANOVICH ROAD,201410041,21/02/2014,Fri,735,HA,CE1C,301B 375B ,,R,D,B ,F ,X,S,C,50,0,0,3,,,1746025,5918713
Auckland,SCOTT ROAD,450,W, ,NORFOLK ROAD,201445172,07/10/2014,Tue,1035,DB,CW1,111A 131A 514A ,T,S,D,B ,F , , ,C,50,0,0,0,,,1754430,5944432
Auckland,SCOTT ROAD,90,E, ,RIVERHAVEN DRIVE,201414130,08/06/2014,Sun,5,DA,CE1,137A ,X,M,D,DN,F , ,N,C,50,0,0,1,,,1754305,5944151
Auckland,SEA VIEW ROAD,500,N, ,ERUA ROAD,201446052,20/09/2014,Sat,30,BB,CS1C,123A 197B 801 818 ,EFT,E,W,DN,L , , ,N,50,0,0,0,,,1783754,5926681
Auckland,SEA VIEW ROAD,100,S, ,HARTLEY AVENUE,201439645,27/06/2014,Fri,8,DA,CS1,104A 111A 131A 801 ,T,E,W,DN,F , , ,C,50,0,0,0,,,1785532,5926155
Auckland,SEA VIEW ROAD,, ,I,OSTEND ROAD,201440672,04/07/2014,Fri,2256,DB,CE2,103A 111A 131A ,IK,R,W,DO,L ,T,N,R,50,0,0,0,,,1782807,5925816
Auckland,SEA VIEW ROAD,130,S, ,PAH ROAD,201449883,23/11/2014,Sun,1330,MG,CN14,197A 371B ,,R,D,BF,F , ,N,C,50,0,0,0,,,1785441,5926396
Auckland,SEA VIEW ROAD,250,S, ,PAH ROAD,201441749,09/08/2014,Sat,2350,DA,CS1,103A 131A ,,M,D,DN,F , , ,C,50,0,0,0,,,1785443,5926277
Auckland,SEA VIEW ROAD,380,S, ,SEVENTH AVENUE,201413692,13/06/2014,Fri,1410,DA,TS1,129A 131A 816 ,,S,D,B ,F , , ,C,50,0,0,1,,,1785138,5926287
Auckland,SEABROOK AVENUE,, ,I,GARDNER AVENUE,201416667,21/10/2014,Tue,955,HA,CN1C,321B 330B ,,R,D,B ,F ,X,S,R,50,0,0,2,,,1749366,5913204
Auckland,SEABROOK AVENUE,, ,I,MARGAN AVENUE,201442750,27/08/2014,Wed,457,JA,CS1C,321B 375B ,,R,D,DO,F ,Y,S,C,50,0,0,0,,,1749631,5913438
Auckland,SEABROOK AVENUE,, ,I,MARGAN AVENUE,201417929,25/11/2014,Tue,830,FB,CN1C,181A 353A ,,E,D,O ,F ,T,S,R,50,0,0,1,,,1749631,5913438
Auckland,SEABROOK AVENUE,, ,I,MARGAN AVENUE,201445867,04/10/2014,Sat,1525,FB,CE2C,181A 331A ,,E,D,O ,F ,T,S,C,50,0,0,0,,,1749631,5913438
Auckland,SEABROOK AVENUE,100,E, ,PARKER AVENUE,201431891,17/02/2014,Mon,51,CC,CE1,103A 359A ,T,R,D,DO,F , ,N,C,50,0,0,0,,,1748804,5912763
Auckland,SEABROOK AVENUE,, ,I,PARKER AVENUE,201442189,22/07/2014,Tue,1013,HA,VN1T,301B 375B ,,R,D,B ,F ,X,S,C,50,0,0,0,,,1748718,5912713
Auckland,SEACLIFFE AVENUE,50,N, ,WESTWELL ROAD,201446602,12/10/2014,Sun,29,MO,CN1C,512A 514A 191B 197B ,,R,D,DO,F , , ,R,50,0,0,0,,,1759976,5925356
Auckland,SEAFIELD VIEW ROAD,20,N, ,CARLTON GORE ROAD,201432389,06/03/2014,Thu,1600,MD,CS1C,308B 371B 929 ,,R,D,B ,F ,D,N,C,50,0,0,0,,,1757514,5918865
Auckland,SEAFORTH AVENUE,90,S, ,NADINE PLACE,201437913,15/06/2014,Sun,1550,AO,CS1C,103A 150A ,,R,D,BF,F , ,N,C,50,0,0,0,,,1757701,5910058
Auckland,SEART OFF SBD,50,W, ,SEMW ON WBD,201447611,12/11/2014,Wed,1631,AC,CE1C,372A ,,E,W,OF,L , ,N,C,80,0,0,0,,,1763459,5912898
Auckland,SEART OFF SBD,15,E, ,SOUTH-EASTERN HIGHWAY,201450274,24/12/2014,Wed,1740,FD,CE1C,181A ,,R,D,BF,F , ,N,C,100,0,0,0,,,1763776,5912896
Auckland,SEART ON NBD,60,W, ,SH 1N,201415764,29/08/2014,Fri,1310,FE,VN1C,181A ,,E,D,BF,F , ,T,C,80,0,0,1,,,1762432,5913196
Auckland,SEART ON NBD,80,N, ,SOUTH-EASTERN HIGHWAY,201446024,15/10/2014,Wed,1202,FE,TN1C,181A 190B ,,R,D,B ,F , ,T,C,100,0,0,0,,,1762629,5912972
Auckland,SEART ON NBD,350,N, ,SOUTH-EASTERN HIGHWAY,201440966,23/08/2014,Sat,1808,FD,CN1C,331A 353A 402A ,,R,D,DO,F , ,N,N,50,0,0,0,,,1762449,5913172
Auckland,SEASCAPE ROAD,20,W, ,WAIATARUA ROAD,201437072,15/05/2014,Thu,,KB,CW1C,308B 929 ,,R,D,B ,F ,D,N,N,50,0,0,0,,,1762330,5917316
Auckland,SEAVIEW ROAD,15,E, ,GARDEN ROAD,201432018,02/01/2014,Thu,1800,MO,4E1C,370A 371B 927 ,,R,D,B ,F ,D, ,N,50,0,0,0,,,1731040,5909268
Auckland,SEAVIEW ROAD,20,E, ,GARDEN ROAD,201450156,30/12/2014,Tue,1430,EA,4W1V,129A 330A ,M,R,D,B ,F , , ,C,50,0,0,0,,,1731044,5909266
Auckland,SEAVIEW ROAD,40,W, ,VALLEY VIEW ROAD,201434802,13/02/2014,Thu,2154,EA,4W1C,103A 112A 129A ,M,R,D,DO,F , ,N,C,50,0,0,0,,,1752870,5927092
Auckland,SECOND VIEW AVENUE,140,W, ,POHUTUKAWA ROAD,201445944,11/10/2014,Sat,2358,EA,CW1C,103A 129A 402A ,M,R,D,DO,F , , ,N,50,0,0,0,,,1778560,5916530
Auckland,SEDDON AVENUE,160,E, ,CLENDON AVENUE,201440775,26/07/2014,Sat,1600,EA,CW1C,129A ,M,E,D,B ,F , , ,N,50,0,0,0,,,1765514,5904492
Auckland,SEDDON ST,, ,I,VICTORIA ST,201431626,21/01/2014,Tue,1750,KB,CS1C,302B 402B ,,R,W,O ,L ,T,G,C,50,0,0,0,,,1768750,5881497
Auckland,SEGEDIN PLACE,, ,I,WAVERLEY AVENUE,201439842,01/06/2014,Sun,,EA,CN1C,129A ,M,R,D,DO,F ,T,N,N,50,0,0,0,,,1753159,5927834
Auckland,SEINE ROAD,, ,I,MARSH AVENUE,201442192,23/08/2014,Sat,1015,JA,VS1CC,197A 302B 375B ,,R,D,B ,F ,T,G,N,50,0,0,0,,,1756330,5929438