TLANAME,CRASHROAD,CRASHDIST,CRASHDIRN,INTSN,SIDEROAD,CRASHID,CRASHDATE,CRASHDOW,CRASHTIME,MVMT,VEHICLES,CAUSES,OBJECTSSTRUCK,ROADCURVE,ROADWET,LIGHT,WTHRa,JUNCTYPE,TRAFCTRL,ROADMARK,SPDLIM,CRASHFATALCNT,CRASHSEVCNT,CRASHMINCNT,PERSAGE1,PERSAGE2,EASTING,NORTHING
Auckland,SEL PEACOCK DRIVE,30,N, ,ALDERMAN DRIVE,201432068,28/01/2014,Tue,1110,MD,CS1C,308B 371B 927 ,,R,D,B ,F ,D, ,C,50,0,0,0,,,1745543,5917573
Auckland,SEL PEACOCK DRIVE,100,N, ,ALDERMAN DRIVE,201444667,12/09/2014,Fri,1320,FA,CN1C,181A 353A ,,R,W,O ,L , ,N,C,50,0,0,0,,,1745486,5917614
Auckland,SEL PEACOCK DRIVE,, ,I,ALDERMAN DRIVE,201441051,26/07/2014,Sat,807,HA,CN14,302A 375A 930 ,,M,W,BF,F ,D,G,R,50,0,0,0,,,1745561,5917550
Auckland,SEL PEACOCK DRIVE,, ,I,ALDERMAN DRIVE,201446023,11/10/2014,Sat,2325,DA,VN2,102A 501A ,B,R,W,DO,F ,R,G,R,50,0,0,0,,,1745568,5917531
Auckland,SEL PEACOCK DRIVE,, ,I,ALDERMAN DRIVE,201417517,04/09/2014,Thu,1855,FB,4S1C,103A 331A ,,R,W,DO,L ,R,G,R,50,0,1,1,,,1745559,5917554
Auckland,SEL PEACOCK DRIVE,, ,I,BUSCOMB AVENUE,201415465,09/09/2014,Tue,1151,LB,CW1C,303B ,,E,D,B ,F ,X,S,C,50,0,0,1,,,1745209,5917870
Auckland,SEL PEACOCK DRIVE,, ,I,BUSCOMB AVENUE,201449308,02/12/2014,Tue,1449,HA,CN2C,301A 375A ,,R,D,B ,F ,X,S,C,50,0,0,0,,,1745209,5917870
Auckland,SEL PEACOCK DRIVE,, ,I,LINCOLN ROAD,201437374,24/05/2014,Sat,1919,FE,4W1C,103A 331A ,,E,D,DO,F ,T,T,R,50,0,0,0,,,1745082,5917939
Auckland,SEL PEACOCK DRIVE,40,N, ,WADIER PLACE,201434097,15/01/2014,Wed,1624,MO,CS1C,386A 407A 922 ,M,R,D,B ,F ,D,N,C,50,0,0,0,,,1745324,5917758
Auckland,SEL PEACOCK DRIVE,30,S, ,WADIER PLACE,201442748,12/09/2014,Fri,1257,FA,CN1C,181A ,,R,W,OF,F , ,N,R,50,0,0,0,,,1745371,5917706
Auckland,SELAK PLACE,, ,I,WEST COAST ROAD,201438844,15/07/2014,Tue,1800,JA,CW1C,103B 302B ,,R,D,DO,F ,T,G,P,50,0,0,0,,,1745338,5914009
Auckland,SELWYN ROAD,60,W, ,BUCKLEY ROAD,201437218,19/05/2014,Mon,2346,CC,CE1C,112A 130A 517A ,M,R,D,DO,F , ,N,C,50,0,0,0,,,1757352,5914600
Auckland,SELWYN ROAD,, ,I,BUCKLEY ROAD,201449503,08/12/2014,Mon,1820,KB,CE1C,301B 330B ,,R,D,B ,F ,T,S,C,50,0,0,0,,,1757410,5914584
Auckland,SELWYN ROAD,20,W, ,SALE ST,201433365,23/03/2014,Sun,540,CB,CE1,130A 517A ,F,R,D,DO,F , ,N,C,50,0,0,0,,,1772749,5915092
Auckland,SELWYN ROAD,25,S, ,STATION ROAD,201437179,18/03/2014,Tue,1500,MO,CS1C,371A ,M,R,D,BF,F , ,N,C,50,0,0,0,,,1768528,5900891
Auckland,SELWYN ROAD,20,E, ,THE GLEBE,201413089,02/06/2014,Mon,1440,JA,CE1C,308B 375B 929 ,,R,D,BF,F ,D,N,C,50,0,0,2,,,1772403,5915000
Auckland,SELWYN ST,, ,I,ARTHUR ST,201446042,11/10/2014,Sat,1450,HA,CW2C,301A 330A ,C,R,D,B ,F ,X,S,C,50,0,0,0,,,1758802,5912416
Auckland,SELWYN ST,, ,I,CHURCH ST,201441116,12/08/2014,Tue,1530,FE,CN1C,181A ,,R,D,BF,F ,X,T,C,50,0,0,0,,,1758822,5912172
Auckland,SELWYN ST,, ,I,CHURCH ST,201412101,22/04/2014,Tue,1056,HA,CW24V4,322A 350A 322B 350B ,,R,D,B ,F ,X,T,C,50,0,0,1,,,1758822,5912172
Auckland,SELWYN ST,140,N, ,GREY ST,201444622,12/09/2014,Fri,845,EA,VN1C,386A ,M,R,D,B ,F , ,N,C,50,0,0,0,,,1758768,5912800
Auckland,SELWYN ST,, ,I,GREY ST,201438828,07/07/2014,Mon,1730,LB,CS1C,303B 375B ,,R,W,DO,L ,X,S,C,50,0,0,0,,,1758779,5912660
Auckland,SEMW ON WBD,70,S, ,SEART OFF SBD,201417525,15/11/2014,Sat,749,DA,TS1,111A 131A ,B,S,D,BF,F , ,N,N,80,0,0,1,,,1763574,5912905
Auckland,SERVICE LANE,, ,I,CHURCH ST,201438454,08/06/2014,Sun,1230,BB,CS1V,123A 130B 197B 927 ,K,R,D,B ,F ,D,S,C,50,0,0,0,,,1759068,5912193
Auckland,SERVICE LANE,20,S, ,RIMU ROAD,201450625,09/12/2014,Tue,1519,MO,CN1C,371A 420A ,M,R,D,B ,F , ,N,N,50,0,0,0,,,1759176,5910157
Auckland,SETTLEMENT ROAD,40,E, ,DOMINION ROAD,201418419,27/11/2014,Thu,1940,PO,CE1E,129A 357A 720B ,,R,D,O ,F , , ,C,50,0,1,0,16,,1774752,5896039
Auckland,SETTLEMENT ROAD,80,E, ,KING EDWARD AVENUE,201413723,16/05/2014,Fri,1655,FD,VW1VC,331A 363A 902 ,,R,W,TO,L , ,N,C,50,0,0,2,,,1773196,5895710
Auckland,SETTLEMENT ROAD,150,E, ,KING EDWARD AVENUE,201441376,30/06/2014,Mon,1842,MD,CS1C,308B 371B 929 ,,R,D,DO,F ,D, ,C,50,0,0,0,,,1773257,5895743
Auckland,SETTLEMENT ROAD,, ,I,KING EDWARD AVENUE,201434103,17/04/2014,Thu,1550,KB,CN1C,303B 314B 402B ,,R,D,BF,F ,X,S,C,50,0,0,0,,,1773126,5895671
Auckland,SETTLEMENT ROAD,20,W, ,LIVERPOOL ST,201449202,11/12/2014,Thu,1800,MG,4E1V,357B 371B ,,E,D,B ,F , , ,C,50,0,0,0,,,1772803,5895515
Auckland,SETTLEMENT ROAD,40,W, ,MARNE ROAD,201413787,05/06/2014,Thu,755,FD,CE1CC,331A 363A 378A 902 ,,R,D,BF,F , ,N,C,50,0,0,1,,,1773418,5895831
Auckland,SETTLEMENT ROAD,40,E, ,OAKLEAF DRIVE,201415682,18/09/2014,Thu,1637,PD,TE1E,722B 727B ,,E,D,O ,F , ,N,C,50,0,1,0,6,,1775136,5896172
Auckland,SETTLEMENT ROAD,10,E, ,OPAHEKE ROAD,201437916,14/06/2014,Sat,1054,FD,CW1CC,181A 330A ,,R,D,B ,F ,X,T,C,50,0,0,0,,,1773042,5895626
Auckland,SETTLEMENT ROAD,50,W, ,OPAHEKE ROAD,201433588,08/04/2014,Tue,1017,FD,TE1C,181A ,,R,D,BF,F , ,N,C,50,0,0,0,,,1772990,5895597
Auckland,SETTLEMENT ROAD,, ,I,SMITHS AVENUE,201412816,10/05/2014,Sat,1100,LB,CS1C,103B 303B ,,E,D,B ,F ,T,S,C,50,0,0,1,,,1773629,5895946
Auckland,SEYMOUR AVENUE,5,S, ,KAUTAMI AVENUE,201435453,30/04/2014,Wed,300,CB,CN1,130A 410A ,P,R,D,DO,F ,M,N,C,50,0,0,0,,,1765357,5907488
Auckland,SEYMOUR ROAD,20,S, ,BENITA PLACE,201411111,10/03/2014,Mon,1330,PO,CS1E,129A 357A ,,R,D,B ,F , , ,P,50,0,0,1,28,,1745331,5914992
Auckland,SEYMOUR ROAD,30,N, ,BORICH ROAD,201412067,26/04/2014,Sat,2305,EA,CS1C,103A 129A ,M,R,D,DO,F , ,N,C,50,0,0,1,,,1745009,5914517
Auckland,SEYMOUR ROAD,50,N, ,BORICH ROAD,201444668,30/09/2014,Tue,1322,EA,CN1C,129A 358A ,M,R,D,B ,F , ,N,L,50,0,0,0,,,1745021,5914533
Auckland,SEYMOUR ROAD,50,S, ,BORICH ROAD,201440561,19/07/2014,Sat,2305,CB,CS1,101A 112A 130A ,P,R,W,DO,L , , ,R,50,0,0,0,,,1744960,5914454
Auckland,SEYMOUR ROAD,100,N, ,RANGEVIEW ROAD,201443668,01/09/2014,Mon,2128,EA,CS1C,129A ,M,R,W,DO,L , , ,P,50,0,0,0,,,1745649,5915332
Auckland,SEYMOUR ROAD,80,S, ,SOLEA ROAD,201430628,04/01/2014,Sat,2240,EA,CN1C,103A 386A ,M,R,D,DO,F , ,N,C,50,0,0,0,,,1745152,5914706
Auckland,SH 16,110,E, ,UPPER QUEEN OBR,201418789,14/12/2014,Sun,1307,CC,CN1,130A 501A ,G,R,D,B ,F , , ,C,80,0,0,1,,,,
Auckland,SH 20A,, ,I,JOHN GOULTER DRIVE,201435304,19/04/2014,Sat,1615,AA,CS1C,372A ,,R,W,B ,F ,R,G,R,50,0,0,0,,,1759070,5903825
Auckland,SH 20A,, ,I,JOHN GOULTER DRIVE,201441053,02/07/2014,Wed,1815,DA,CS1C,135A 801 ,,E,W,DO,F ,R,G,R,50,0,0,0,,,1759070,5903825
Auckland,SH 20A,, ,I,JOHN GOULTER DRIVE,201433207,05/03/2014,Wed,1245,HA,CW2C,302A 387A ,,R,D,BF,F ,R,G,C,50,0,0,0,,,1759079,5903816
Auckland,SH 20A,, ,I,JOHN GOULTER DRIVE,201437276,03/06/2014,Tue,1730,HA,CW2C,302A 375A ,,R,D,DO,F ,R,G,R,50,0,0,0,,,1759079,5903816
Auckland,SHACKLETON ROAD,, ,I,MOUNT EDEN ROAD,201410050,18/02/2014,Tue,759,LB,SN1V,197A 303B 314B 375B ,,R,D,B ,F ,T,S,R,50,0,1,0,,31,1756615,5915130
Auckland,SHAKESPEARE ROAD,, ,I,ACCESS ROAD,201414933,29/06/2014,Sun,1421,CB,CE1,501A ,P,R,D,OF,F ,T,T,R,50,0,0,1,,,1756528,5927959
Auckland,SHAKESPEARE ROAD,160,N, ,BROOK ST,201416165,16/08/2014,Sat,1440,NA,CS1E,387A 105B 929 ,,R,D,O ,F ,D, ,C,50,0,0,1,,,1756664,5928111
Auckland,SHAKESPEARE ROAD,130,S, ,KITCHENER ROAD,201410384,08/01/2014,Wed,2134,EA,SS1C,331A 361A ,M,R,D,DO,F , ,N,C,50,0,0,1,,55,1757314,5928839
Auckland,SHAKESPEARE ROAD,30,W, ,STRATFORD AVENUE,201438745,05/07/2014,Sat,1105,BC,CW1C,122A 929 ,,R,D,OF,F ,D,N,C,50,0,0,0,,,1757165,5928672
Auckland,SHAKESPEARE ROAD,30,N, ,THORNTON ROAD,201413867,20/06/2014,Fri,1817,ND,VS1E,711B 724B 862 927 ,,R,D,DO,F ,D, ,C,50,0,0,1,43,,1756499,5927925
Auckland,SHAKESPEARE ROAD,, ,I,WAIRAU ROAD,201449480,29/12/2014,Mon,1230,FE,CS1C,181A ,,R,D,B ,F ,X,T,C,50,0,0,0,,,1756431,5927790
Auckland,SHAKESPEARE ROAD,, ,I,WAIRAU ROAD,201412131,03/05/2014,Sat,1311,LB,CS2C,303B 375B ,,E,D,B ,F ,X,T,R,50,0,0,1,,,1756431,5927790
Auckland,SHAKESPEARE ROAD,, ,I,WAIRAU ROAD,201415041,09/07/2014,Wed,24,DC,CW1,111A 402A 514A ,IP,E,D,DO,FS,X,T,R,50,0,2,1,,,1756431,5927790
Auckland,SHAKESPEARE ROAD,100,N, ,WATERLOO ROAD,201449055,12/12/2014,Fri,1015,KB,CN1C,929,,R,W,OF,L ,D,N,C,50,0,0,0,,,1756891,5928365
Auckland,SHAKESPEARE ROAD,50,S, ,WATERLOO ROAD,201416661,12/09/2014,Fri,730,GD,CN1CC,181A 331A 930 ,,R,W,O ,F ,D, ,C,50,0,0,1,,,1756790,5928253
Auckland,SHAKESPEARE ROAD,100,S, ,WATERLOO ROAD,201436327,19/03/2014,Wed,744,MA,CN1C,373B ,,R,D,BF,F , ,N,C,50,0,0,0,,,1756757,5928216
Auckland,SHAKESPEARE ROAD,10,S, ,WOODBRIDGE LANE,201411048,06/01/2014,Mon,1723,PO,4S1E,308A 370A 927 ,,R,D,B ,F ,D, ,C,50,0,1,0,7,,1757074,5928569
Auckland,SHAMROCK DRIVE,420,W, ,ACCESS ROAD,201444339,28/07/2014,Mon,2031,CB,CW1C4,109A 130A ,MH,R,D,DO,F , , ,N,50,0,0,0,,,1738561,5928936
Auckland,SHARKEY ST,, ,I,CAVENDISH DRIVE,201432839,28/02/2014,Fri,1643,MG,CW1C,371B ,,R,D,B ,F ,T,G,N,50,0,0,0,,,1767113,5904755
Auckland,SHARKEY ST,20,N, ,RONWOOD AVENUE,201433554,04/04/2014,Fri,1732,FD,CS1C,181A ,,R,D,BF,F ,R,G,C,50,0,0,0,,,1767181,5904582
Auckland,SHARKEY ST S,, ,I,CAVENDISH DRIVE,201410662,01/03/2014,Sat,2041,LB,CW1C,322A 334A ,,R,D,DO,F ,T,T,P,60,0,1,1,,,1767113,5904755
Auckland,SHARLAND AVENUE,20,E, ,KERN PLACE,201431720,25/01/2014,Sat,400,CB,CW1,112A 130A ,S,R,D,DO,F , , ,N,50,0,0,0,,,1766332,5900306
Auckland,SHARLAND AVENUE,, ,I,MON DESIR PLACE,201437201,10/05/2014,Sat,1145,MG,CW1C,371B ,,R,D,BF,F ,X,G,C,50,0,0,0,,,1766662,5900389
Auckland,SHARP ROAD,500,S, ,MONARCH DOWNS WAY,201446186,27/10/2014,Mon,1400,BF,CN1C,123A 404A 901 ,,M,W,O ,H , , ,C,100,0,0,0,,,1752627,5971637
Auckland,SHARP ROAD,510,S, ,MONARCH DOWNS WAY,201412751,17/04/2014,Thu,1622,DA,CS1,111A 131A ,V,S,D,ON,F , ,N,C,80,0,0,1,,,1752635,5971631
Auckland,SHAW ROAD,, ,I,CARTER ROAD,201413054,26/02/2014,Wed,1100,CB,MN1,137A 197A ,,R,D,BF,F ,T,S,C,70,0,0,1,,,1744696,5910885
Auckland,SHEA TERRACE,20,E, ,TAHAROTO ROAD,201437070,01/06/2014,Sun,1200,MO,CE1C,386A ,M,R,D,B ,F , , ,N,50,0,0,0,,,1756649,5927586
Auckland,SHEEHAN AVENUE,50,E, ,MAURICE ST,201444658,01/10/2014,Wed,1830,MO,CW1C,352A 371A ,,R,D,TF,F , ,N,N,50,0,0,0,,,1774388,5896567
Auckland,SHEEHAN AVENUE,15,E, ,PRESIDENT AVENUE,201438520,20/06/2014,Fri,2315,CC,CW1,101A 112A 130A ,P,R,D,DO,F , , ,N,50,0,0,0,,,1774602,5896581
Auckland,SHELLY BEACH ROAD,50,N, ,JERVOIS ROAD,201444039,24/08/2014,Sun,143,EA,CS1CC,103A 129A ,M,R,D,DO,F , ,N,C,50,0,0,0,,,1755266,5920898
Auckland,SHELLY BEACH ROAD,200,E, ,SOUTH HEAD ROAD,201442672,13/07/2014,Sun,1331,DB,CW1,132A ,V,S,W,ON,L , ,N,C,100,0,0,0,,,1719214,5950540
Auckland,SHELLY BEACH ROAD,2700,E, ,SOUTH HEAD ROAD,201440569,07/07/2014,Mon,1800,DB,CE1,111A 131A 801 903 ,T,M,W,DN,LS, , ,C,100,0,0,0,,,1721110,5951287
Auckland,SHELLY OFF SBD,300,N, ,SARSFIELD ST,201443667,06/09/2014,Sat,909,DA,CS1,111A 131A ,G,E,D,O ,F , , ,C,80,0,0,0,,,1755338,5921789
Auckland,SHELLY OFF SBD,100,S, ,SH 1N,201444895,17/11/2014,Mon,1333,DA,CS1,131A ,G,E,W,OF,L , ,N,N,80,0,0,0,,,1755377,5921915
Auckland,SHERWOOD AVENUE,50,W, ,FLANSHAW ROAD N,201436625,11/05/2014,Sun,800,EA,CE14,386A ,M,R,D,DO,F , ,N,N,50,0,0,0,,,1746394,5919695
Auckland,SHIFNAL DRIVE,, ,I,HYPERION DRIVE,201437580,03/05/2014,Sat,1815,DC,CW1,103A 335A ,F,R,D,DO,F ,T,S,R,50,0,0,0,,,1770090,5900148
Auckland,SHIRLEY ROAD,50,N, ,CAMBOURNE ROAD,201413494,23/06/2014,Mon,1830,EA,CS1VEE,129A ,M,R,D,DO,F , , ,P,50,0,1,1,38,,1765037,5906850
Auckland,SHIRLEY ROAD,100,N, ,CORONATION ROAD,201444660,02/10/2014,Thu,1445,JA,CS1X,308B 375B 839 929 ,,E,D,O ,F ,D,N,C,50,0,0,0,,,1764652,5905978
Auckland,SHIRLEY ROAD,260,N, ,CORONATION ROAD,201430631,26/01/2014,Sun,1942,DA,CN1,110A 131A ,F,M,W,TO,F , ,N,C,50,0,0,0,,,1764579,5906120
Auckland,SHIRLEY ROAD,5,S, ,CORONATION ROAD,201447512,30/10/2014,Thu,2232,MO,CS1C,510A 691A 402B 512B 514B ,,M,D,DO,F ,R,G,C,50,0,0,0,,,1764693,5906459
Auckland,SHIRLEY ROAD,, ,I,CORONATION ROAD S,201446339,18/09/2014,Thu,805,EE,CW2M,525A ,Q,R,D,BF,F ,T,G,P,50,0,0,0,,,1764698,5905890
Auckland,SHIRLEY ROAD,30,W, ,DREADON AVENUE,201444611,16/09/2014,Tue,700,KA,CE1C,308B 375B 929 ,,R,W,O ,F ,D,N,C,50,0,0,0,,,1765205,5906976
Auckland,SHIRLEY ROAD,30,E, ,GREAT SOUTH ROAD,201440668,23/07/2014,Wed,859,FD,CE1CCV,501A ,,R,D,B ,F ,T,T,C,50,0,0,0,,,1765429,5907110
Auckland,SHIRLEY ROAD,20,W, ,GREAT SOUTH ROAD,201448050,16/11/2014,Sun,1604,JA,CW1C,308B 402B 927 ,,R,D,B ,F ,D,N,C,50,0,0,0,,,1765438,5907116
Auckland,SHIRLEY ROAD,60,E, ,TRIMMER TERRACE,201417642,06/11/2014,Thu,2210,EA,CW1C,103A 129A ,M,R,D,DO,F , ,N,C,50,0,1,0,,,1764872,5906671
Auckland,SHIRLEY ROAD,20,N, ,TRIMMER TERRACE,201446439,26/10/2014,Sun,1640,EA,CS1C,129A ,M,R,D,BF,F , ,N,P,50,0,0,0,,,1764846,5906640
Auckland,SHOAL BAY ROAD,, ,I,HASTINGS PARADE,201431377,11/02/2014,Tue,1252,EC,TN1,686A ,P,R,D,BF,F ,T,G,R,50,0,0,0,,,1759845,5922763
Auckland,SHORE ROAD,25,E, ,ARNEY ROAD,201440283,30/04/2014,Wed,742,FD,CW1C,331A ,,E,D,B ,F , , ,L,50,0,0,0,,,1759569,5918553
Auckland,SHORE ROAD,, ,I,BASSETT ROAD,201437366,29/04/2014,Tue,1850,HA,CN2C,302A 375A ,,R,D,DO,F ,R,G,R,50,0,0,0,,,1759320,5918683
Auckland,SHORE ROAD,, ,I,BRIGHTON ROAD,201433349,09/03/2014,Sun,857,AO,BW1C,381A 671A ,,E,D,BF,F ,X,G,R,50,0,0,0,,,1759343,5918685
Auckland,SHORE ROAD,300,W, ,PORTLAND ROAD,201442176,01/08/2014,Fri,915,GD,CW1C,181A 197A 386A 930 ,,R,D,O ,M ,D,N,C,50,0,0,0,,,1759826,5918594
Auckland,SHORT ST,30,W, ,GREENHAVEN AVENUE,201435296,22/01/2014,Wed,2130,EA,CW1C,129A 330A ,M,R,D,DO,F , , ,N,50,0,0,0,,,1773370,5895357
Auckland,SHORTLAND ST,20,W, ,FIELDS LANE,201410998,20/02/2014,Thu,718,MC,ME1C,372B 375B ,,R,D,BF,F , ,N,C,50,0,0,1,,,1757623,5920654
Auckland,SHORTLAND ST,20,W, ,FIELDS LANE,201446544,18/10/2014,Sat,150,EA,CW1C,103A 129A ,M,E,D,DO,F ,T,G,C,50,0,0,0,,,1757623,5920654
Auckland,SHORTLAND ST,, ,I,JEAN BATTEN PLACE,201418196,19/12/2014,Fri,1805,ND,XE1E,711B ,,R,D,B ,F ,T,N,C,50,0,0,1,29,,1757532,5920693
Auckland,SHORTLAND ST,20,W, ,PRINCES ST,201447547,03/11/2014,Mon,1625,EA,CE14,181A 331A 358A ,M,E,D,B ,F , , ,C,50,0,0,0,,,1757829,5920631
Auckland,SHORWELL ST,20,E, ,FOWLDS AVENUE,201441969,14/08/2014,Thu,840,AB,TW1C,129A ,,R,D,O ,F , , ,N,50,0,0,0,,,1754430,5916218
Auckland,SILVERDALE OFF NBD,, ,I,DAIRY FLAT HIGHWAY,201434703,28/04/2014,Mon,1830,AC,CN1C,381A ,,E,D, F,F ,R,G,R,80,0,0,0,,,1748572,5945368
Auckland,SILVERDALE ON NBD,50,N, ,DAIRY FLAT HIGHWAY,201438596,28/06/2014,Sat,1736,CC,CN1,102A 133A 800 ,E,R,W,TO,F , , ,N,80,0,0,0,,,1748613,5945455
Auckland,SILVERDALE ON NBD,, ,I,DAIRY FLAT HIGHWAY,201449839,27/12/2014,Sat,1200,GC,CE2C,330B 387B ,,R,D,BF,F ,R,G,R,70,0,0,0,,,1748563,5945377
Auckland,SILVERDALE ON NBD,, ,I,SILVERDALE ON NBD,201433233,14/03/2014,Fri,1220,FF,CE2T,191B ,,E,D,OF,F ,R,G,R,50,0,0,0,,,1748585,5945414
Auckland,SILVERDALE ON SBD,60,S, ,HIBISCUS COAST HIGHWAY,201433580,22/04/2014,Tue,1126,DB,TS1,136A 631A ,G,E,D,OF,F , ,N,C,50,0,0,0,,,1748819,5945443
Auckland,SILVERDALE PARKWAY,20,W, ,HIBISCUS COAST HIGHWAY,201433340,07/03/2014,Fri,1100,AC,VW1C,372A 381A ,,R, , F,  , ,N,C,50,0,0,0,,,1750693,5946699
Auckland,SILVERDALE PARKWAY,, ,I,HIBISCUS COAST HIGHWAY,201450530,18/12/2014,Thu,930,MC,TE1T,372B ,,M,D,O ,F ,M,T,R,50,0,0,0,,,1750709,5946689
Auckland,SILVERDALE PARKWAY,, ,I,HIBISCUS COAST HIGHWAY,201449859,19/12/2014,Fri,1320,FB,CE1C,181A ,,R,D,BF,F ,X,G,C,50,0,0,0,,,1750709,5946689
Auckland,SILVERDALE ST,, ,I,HIBISCUS COAST HIGHWAY,201437871,17/04/2014,Thu,1430,FB,CS1C,181A 331A ,,R,D,B ,F ,T,S,C,50,0,0,0,,,1749948,5946088
Auckland,SILVERDALE ST,50,N, ,WAINUI ROAD,201440657,26/07/2014,Sat,1659,AC,CN1C,372A ,,R,D,O ,F , , ,R,50,0,0,0,,,1750103,5946501
Auckland,SILVERDALE ST,, ,I,WAINUI ROAD,201415320,22/08/2014,Fri,1740,FB,CE1C,181A 350A ,,R,D,TO,F ,R,G,P,50,0,0,1,,,1750053,5946437
Auckland,SIMPSON ROAD,250,E, ,CANDIA ROAD,201412432,17/04/2014,Thu,1242,DA,CW1,130A 354A 402A 818 ,P,E,D,B ,F , , ,C,70,0,0,1,,,1742273,5916766
Auckland,SIMPSON ROAD,10,S, ,LAKE PANORAMA DRIVE,201416496,11/10/2014,Sat,2200,DB,CN1,101A 111A 130A 197A ,FV,M,D,DN,F ,T,G,C,50,0,1,1,,,1742427,5917119
Auckland,SIMS ROAD,15,E, ,GREAT SOUTH ROAD,201435904,26/03/2014,Wed,830,EA,TW1C,129A ,M,R,D,BF,F , ,N,C,50,0,0,0,,,1762431,5912858
Auckland,SIR PETER BLAKE PARADE,250,S, ,BAYSWATER AVENUE,201438165,26/05/2014,Mon,1517,EC,CS1,129A 358A ,G,R,D,BN,F , ,N,R,50,0,0,0,,,1757718,5923818
Auckland,SIR WOOLF FISHER DRIVE,40,W, ,BUSINESS PARADE SOUTH,201443363,12/09/2014,Fri,1635,FA,CE1C,181A 386A 927 ,,R,W,O ,F ,D,N,C,50,0,0,0,,,1766978,5910344
Auckland,SKELTON AVENUE,20,W, ,MAGIC WAY,201432711,16/02/2014,Sun,2220,MO,CW1,103A 112A 130A ,T,R,D,DO,F , , ,C,50,0,0,0,,,1770172,5901241
Auckland,SKIPTON ST,200,N, ,CRAMOND DRIVE,201445951,04/10/2014,Sat,2231,CC,CN1,101A 112A 130A 801 ,P,R,W,DO,L , , ,C,50,0,0,0,,,1762657,5905871
Auckland,SKIPTON ST,400,E, ,HADDON ST,201400192,28/09/2014,Sun,640,DA,CN1,104A 111A 131A 801 ,FP,M,W,O ,L , , ,C,50,1,0,0,,,1762635,5905884
Auckland,SKIPTON ST,400,E, ,HADDON ST,201416127,28/09/2014,Sun,640,DA,CN1,104A 111A 131A 801 ,FP,M,W,O ,L , ,N,C,50,0,1,0,,,1762635,5905884
Auckland,SLIP,70,N, ,GILLS ROAD,201415179,24/08/2014,Sun,1615,NA,CS1E,712B 713B ,,R,D,B ,F , , ,C,50,0,0,1,11,,1770075,5915706
Auckland,SLIP,100,N, ,GILLS ROAD,201436752,26/05/2014,Mon,1535,FA,CS1C,181A 351A ,,R,D,B ,F , ,N,C,50,0,0,0,,,1770097,5915727
Auckland,SLIP ROAD,100,W, ,MASCOT AVENUE,201431005,08/02/2014,Sat,1505,FA,CE1C,112A 181A ,,R,D,B ,F , ,N,C,50,0,0,0,,,1760289,5907067
Auckland,SMALES ROAD,15,E, ,HARRIS ROAD,201447210,31/10/2014,Fri,850,FD,CW1C,331A ,,R,D,O ,F , , ,C,50,0,0,0,,,1768638,5909748
Auckland,SMALES ROAD,100,E, ,KELVIN HART DRIVE,201440976,21/08/2014,Thu,1738,AO,CE1C,381A ,,E,D,BF,F , ,N,P,60,0,0,0,,,1769670,5909897
Auckland,SMALES ROAD,50,W, ,SIR WILLIAM AVENUE,201446046,15/10/2014,Wed,1100,FA,VW1C,181A 330A 929 ,,R,D,B ,F ,D, ,C,50,0,0,0,,,1768863,5909735
Auckland,SMALES ROAD,, ,I,SIR WILLIAM AVENUE,201436501,03/03/2014,Mon,845,LB,CW1CC,303B ,,R,D,B ,F ,T,G,C,50,0,0,0,,,1768913,5909733
Auckland,SMALES ROAD,10,E, ,TE IRIRANGI DRIVE,201433361,18/03/2014,Tue,1528,AO,CW1C,120A 120B ,,R,D,BF,F ,T,T,C,60,0,0,0,,,1769953,5909842
Auckland,SMEDLEY ST,, ,I,PALLANT ST,201437511,05/06/2014,Thu,442,DC,CE2,111A 131A ,F,E,D,DO,F ,T,G,C,50,0,0,0,,,1766216,5900825
Auckland,SOLAR ROAD,40,W, ,SUNVUE ROAD,201432073,25/01/2014,Sat,2311,EA,CW1C,129A 130A ,M,R,D,DO,F , ,N,P,50,0,0,0,,,1745264,5913277
Auckland,SOMERVILLE ROAD,140,S, ,JANE EYRE DRIVE,201413938,10/03/2014,Mon,1745,CC,CN1,504A 692A ,,R,D,B ,F , ,N,C,50,0,0,1,,,1772519,5912616
Auckland,SORREL CRESCENT,20,S, ,SEA SPRAY DRIVE S,201436544,20/05/2014,Tue,2345,DA,CS1,104A 403A 423A 929 ,H,E,D,DO,F ,D, ,N,50,0,0,0,,,1769802,5916828
Auckland,SORREL CRESCENT,120,S, ,SEA SPRAY DRIVE W,201435316,03/04/2014,Thu,1325,MO,CS1C,371A 929 ,M,R,D,O ,F ,D,N,N,50,0,0,0,,,1769864,5916758
Auckland,SOUTH HEAD ROAD,150,S, ,CROSLAND ROAD,201417748,17/12/2014,Wed,1335,DB,CS1,111A 131A ,T,M,W,O ,F , ,N,L,100,0,0,1,,,1719323,5948197
Auckland,SOUTH HEAD ROAD,210,N, ,EVANS ROAD,201431030,06/02/2014,Thu,300,DA,CS1,111A 410A ,FT,E,D,DN,F , ,N,C,100,0,0,0,,,1724587,5943889
Auckland,SOUTH HEAD ROAD,340,S, ,EVANS ROAD,201414385,09/07/2014,Wed,701,DB,CS1,131A 350A 801 ,PVX,E,W,DN,L , , ,C,100,0,0,1,,,1724958,5943485
Auckland,SOUTH HEAD ROAD,400,W, ,GREEN ROAD,201415253,25/07/2014,Fri,2018,DA,CN1,131A ,GT,E,W,DN,L , ,N,C,100,0,0,1,,,1726685,5942923
Auckland,SOUTH HEAD ROAD,7000,W, ,GREEN ROAD,201443679,01/09/2014,Mon,1600,CB,CW1,129A 130A ,V,R,D,B ,F , , ,C,100,0,0,0,,,1721015,5945871
Auckland,SOUTH HEAD ROAD,20,E, ,HARANUI ROAD,201438155,23/05/2014,Fri,800,GE,4E1V,144B 929 ,,E,D,OF,F ,D,N,C,100,0,0,0,,,1723421,5944708
Auckland,SOUTH HEAD ROAD,400,S, ,HARANUI ROAD,201442429,06/07/2014,Sun,1807,EC,VS1,912,W,R,D,DN,F , ,N,C,100,0,0,0,,,1723754,5944534
Auckland,SOUTH HEAD ROAD,3140,N, ,SHELLY BEACH ROAD,201410511,03/01/2014,Fri,832,DA,TN1,129A 131A ,V,M,D,BN,F , ,N,C,100,0,0,1,,,1717801,5952919