TLANAME,CRASHROAD,CRASHDIST,CRASHDIRN,INTSN,SIDEROAD,CRASHID,CRASHDATE,CRASHDOW,CRASHTIME,MVMT,VEHICLES,CAUSES,OBJECTSSTRUCK,ROADCURVE,ROADWET,LIGHT,WTHRa,JUNCTYPE,TRAFCTRL,ROADMARK,SPDLIM,CRASHFATALCNT,CRASHSEVCNT,CRASHMINCNT,PERSAGE1,PERSAGE2,EASTING,NORTHING
Auckland,SOUTH HEAD ROAD,900,S, ,SLATER ROAD,201412818,09/05/2014,Fri,1815,BF,CN1C,101A 111A 131A 801 ,,S,W,DN,L , , ,C,100,0,1,3,,,1720847,5945890
Auckland,SOUTH HEAD ROAD,900,S, ,SLATER ROAD,201414597,02/07/2014,Wed,1210,DA,CN1,129A 131A ,V,E,D,O ,F , , ,C,100,0,0,1,,,1720847,5945890
Auckland,SOUTH HEAD ROAD,, ,I,SLATER ROAD,201415691,30/08/2014,Sat,1536,BA,CN1C,153A 155A ,,R,W,O ,L ,T,N,L,100,0,0,1,,,1720337,5946538
Auckland,SOUTH HEAD ROAD,200,S, ,TRIG ROAD,201447050,09/11/2014,Sun,1230,BC,CS1V,121A ,,S,D,BF,F , ,N,C,80,0,0,0,,,1711728,5961169
Auckland,SOUTH HEAD ROAD,550,S, ,TRIG ROAD,201413246,01/06/2014,Sun,1359,DB,MN1,110A 131A ,V,M,D,B ,F , ,N,C,100,0,1,0,,,1711801,5960894
Auckland,SOUTH HEAD ROAD,200,N, ,WEBBER ROAD,201438573,14/06/2014,Sat,2230,DA,4N1,101A 131A 904 ,EF,E,D,DN,M , , ,N,100,0,0,0,,,1717922,5952550
Auckland,SOUTH-EASTERN HIGHWAY,170,E, ,CARBINE ROAD,201417361,13/11/2014,Thu,1448,FA,MW1C,181A 331A 350A ,,E,D,B ,F , , ,R,80,0,0,1,,,1764639,5912993
Auckland,SOUTH-EASTERN HIGHWAY,200,E, ,CARBINE ROAD,201442926,26/08/2014,Tue,1255,AO,CE1T,184A 184B ,,R,D,B ,F , , ,R,80,0,0,0,,,1764665,5913012
Auckland,SOUTH-EASTERN HIGHWAY,200,E, ,CARBINE ROAD,201438733,01/07/2014,Tue,1840,DB,4E1CC,131A 181B ,,E,W,DO,L , ,N,C,80,0,0,0,,,1764665,5913012
Auckland,SOUTH-EASTERN HIGHWAY,400,E, ,CARBINE ROAD,201446523,20/10/2014,Mon,1050,DA,VW1,131A 800 ,,M,W,B ,F , , ,R,80,0,0,0,,,1764866,5913025
Auckland,SOUTH-EASTERN HIGHWAY,600,E, ,CARBINE ROAD,201414688,04/07/2014,Fri,1619,FD,CS1CV,112A 331A 358A ,,R,D,B ,F , , ,C,80,0,0,1,,,1765006,5913153
Auckland,SOUTH-EASTERN HIGHWAY,50,W, ,CARBINE ROAD,201438721,19/06/2014,Thu,1730,FD,CE1C4,181A ,,R,W,DO,F , ,N,R,80,0,0,0,,,1764428,5912935
Auckland,SOUTH-EASTERN HIGHWAY,170,W, ,CARBINE ROAD,201418209,28/11/2014,Fri,1800,CA,CE1C4C,112A 130A 402A ,,R,D,B ,F , , ,R,80,0,1,5,,,1764309,5912928
Auckland,SOUTH-EASTERN HIGHWAY,250,W, ,CARBINE ROAD,201440219,27/06/2014,Fri,2355,DA,CE1,111A 131A 801 ,G,E,W,DO,L , , ,R,80,0,0,0,,,1764231,5912945
Auckland,SOUTH-EASTERN HIGHWAY,300,W, ,CARBINE ROAD,201430944,24/02/2014,Mon,721,FA,CW1C,330A 358A ,,R,D,BN,F , ,N,C,80,0,0,0,,,1764185,5912944
Auckland,SOUTH-EASTERN HIGHWAY,500,W, ,CARBINE ROAD,201446040,15/10/2014,Wed,1740,FD,CE1C,110A 331A ,,E,D,O ,F , , ,C,70,0,0,0,,,1763985,5912936
Auckland,SOUTH-EASTERN HIGHWAY,, ,I,CARBINE ROAD,201417530,07/11/2014,Fri,1307,LB,CE1C,303B ,,R,D,BF,F ,X,T,C,50,0,0,1,,,1764475,5912951
Auckland,SOUTH-EASTERN HIGHWAY,, ,I,CARBINE ROAD,201447726,13/11/2014,Thu,2115,GE,CN2C,171B ,,R,D,O ,F ,X,T,C,50,0,0,0,,,1764478,5912940
Auckland,SOUTH-EASTERN HIGHWAY,, ,I,CARBINE ROAD,201415731,03/09/2014,Wed,1959,CB,CW1,410A ,P,R,D,DO,F ,X,T,R,50,0,1,0,,,1764478,5912940
Auckland,SOUTH-EASTERN HIGHWAY,, ,I,CARBINE ROAD,201435973,10/04/2014,Thu,2242,LB,CE1C,200B 303B 375B ,,R,W,DO,L ,X,T,C,80,0,0,0,,,1764475,5912951
Auckland,SOUTH-EASTERN HIGHWAY,, ,I,CARBINE ROAD,201448630,28/11/2014,Fri,1440,AO,VE1V,129A 330A ,,R,D,O ,F ,X,T,C,80,0,0,0,,,1764475,5912951
Auckland,SOUTH-EASTERN HIGHWAY,, ,I,CARBINE ROAD,201440927,08/08/2014,Fri,1400,FE,CW1C,181A ,,R,D,BF,F ,X,T,R,50,0,0,0,,,1764478,5912940
Auckland,SOUTH-EASTERN HIGHWAY,5,W, ,GREAT SOUTH ROAD,201440614,19/07/2014,Sat,830,FE,TE1C,181A 331A ,,R,W,O ,F ,X,T,C,50,0,0,0,,,1762487,5912768
Auckland,SOUTH-EASTERN HIGHWAY,100,W, ,GREAT SOUTH ROAD,201448380,29/12/2014,Mon,1640,AC,CE1C,372A ,,R,D,B ,F , ,N,C,50,0,0,0,,,1762419,5912702
Auckland,SOUTH-EASTERN HIGHWAY,200,W, ,GREAT SOUTH ROAD,201434676,01/04/2014,Tue,1300,FD,CE1V,181A ,,E,D,BF,F , ,N,C,80,0,0,0,,,1762346,5912635
Auckland,SOUTH-EASTERN HIGHWAY,540,W, ,GREAT SOUTH ROAD,201431206,04/03/2014,Tue,1645,FD,CW1C,181A ,,R,D,BF,F , ,N,C,80,0,0,0,,,1762154,5912528
Auckland,SOUTH-EASTERN HIGHWAY,10,E, ,ORORKE ROAD,201438848,09/06/2014,Mon,940,FE,CW1C,181A ,,R,D,OF,F ,X,T,C,50,0,0,0,,,1762113,5912508
Auckland,SOUTH-EASTERN HIGHWAY,30,E, ,SEART ON NBD,201416586,03/09/2014,Wed,703,FD,CW1C,331A ,,E,D,OF,F , ,N,C,80,0,0,2,,,1762772,5912911
Auckland,SOUTH-EASTERN HIGHWAY,, ,I,SEART ON NBD,201438941,23/06/2014,Mon,938,GF,TE1C,381A 671A ,,R,D,BF,F ,M,T,C,50,0,0,0,,,1762687,5912927
Auckland,SOUTH-EASTERN HIGHWAY,180,S, ,SLIP ROAD,201433936,03/04/2014,Thu,830,AD,CN1M,110A 150A ,,R,D,B ,F , ,N,C,50,0,0,0,,,1765001,5913182
Auckland,SOUTH-EASTERN HIGHWAY,40,W, ,WAIPUNA ROAD,201432074,27/01/2014,Mon,1627,AO,CN1C,158A 381A 372B ,,E,D,BF,F , , ,C,80,0,0,0,,,1765104,5913360
Auckland,SOUTH-EASTERN HIGHWAY,, ,I,WAIPUNA ROAD,201411624,16/03/2014,Sun,844,DB,CS2,131A 801 ,P,E,W,OF,L ,T,T,R,50,0,0,1,,,1765161,5913389
Auckland,SPARTAN ROAD,, ,I,GREAT SOUTH ROAD,201440925,07/06/2014,Sat,345,BB,CN1T,103A 124A ,,E,D,DO,F ,T,G,C,60,0,0,0,,,1769910,5899366
Auckland,SPARTAN ROAD,, ,I,OAKLEIGH AVENUE,201431812,01/02/2014,Sat,1504,LB,CW1C,303B 375B ,,R,D,OF,F ,T,G,P,70,0,0,0,,,1770314,5899480
Auckland,SPEEDY CRESCENT,90,E, ,GLENFIELD ROAD,201411138,04/04/2014,Fri,826,BF,CE1C,131A 363A 902 ,,M,D,B ,F , , ,N,50,0,0,1,,,1753866,5926322
Auckland,SPEIGHT ROAD,100,E, ,SAGE ROAD,201437266,06/05/2014,Tue,1015,EO,TW1,686A ,P,R,W,BF,F , ,N,C,50,0,0,0,,,1764668,5919895
Auckland,SPENCER ROAD,, ,I,EAST COAST ROAD,201447219,09/10/2014,Thu,1115,FB,CE1C,181A ,,R,D,B ,F ,T,S,C,50,0,0,0,,,1753902,5934309
Auckland,SPINELLA DRIVE,200,E, ,CANTINA AVENUE,201449844,02/12/2014,Tue,721,EA,CE1V,129A 363A 902 ,M,R,D,BF,F , ,N,C,50,0,0,0,,,1752827,5929060
Auckland,SPINELLA DRIVE,, ,I,CANTINA AVENUE,201437373,22/05/2014,Thu,1537,DB,CN2,131A ,FH,R,D,BF,F ,T,G,C,50,0,0,0,,,1752634,5929115
Auckland,SPINELLA DRIVE,80,S, ,FERNWOOD GROVE,201412064,25/04/2014,Fri,1900,JO,MS1C,130A 653A 929 ,,E,D,DO,F ,D,N,N,50,0,0,1,,,1753241,5929165
Auckland,SPINELLA DRIVE,, ,I,LASER PLACE,201431745,07/02/2014,Fri,915,EA,CS1C,130A 423A ,M,E,D,OF,F ,T,N,C,50,0,0,0,,,1752904,5929026
Auckland,SPINELLA DRIVE,5,W, ,SAPPHIRE PLACE,201432925,19/02/2014,Wed,1654,ME,CW1X,371B ,,E,D,O ,F ,T,N,C,50,0,0,0,,,1753376,5929311
Auckland,SPRING ST,20,S, ,GREY ST,201447837,18/11/2014,Tue,740,CB,CN1C,353A 385A ,M,R,D,BF,F , ,N,N,50,0,0,0,,,1759385,5912693
Auckland,SPRINGFIELD ROAD,100,S, ,WESTERN SPRINGS ROAD,201410143,26/01/2014,Sun,128,CA,MS1,112A 130A 514A ,,R,D,DO,F , , ,N,50,0,0,1,,,1754011,5918082
Auckland,SPRINGS ROAD,350,S, ,ALLENS ROAD,201450963,22/11/2014,Sat,1039,KA,TS1C,308B 927 ,,R,D,O ,F ,D, ,P,60,0,0,0,,,1768552,5909406
Auckland,SPRINGS ROAD,, ,I,ALLENS ROAD,201412218,21/04/2014,Mon,1540,FE,CN1C,181A 402A ,,R,D,TF,F ,X,T,P,60,0,0,1,,,1768623,5909749
Auckland,SPRINGS ROAD,10,N, ,EAST TAMAKI ROAD,201440437,10/07/2014,Thu,830,MA,CN1C,373B ,,R,D,B ,F ,T,N,C,60,0,0,0,,,1768352,5908575
Auckland,SPRINGS ROAD,10,N, ,EAST TAMAKI ROAD,201440457,10/07/2014,Thu,830,FD,CN1C,181A 330A ,,R,D,B ,F ,T,N,P,60,0,0,0,,,1768352,5908575
Auckland,SPRINGS ROAD,40,N, ,KERWYN AVENUE,201431343,26/02/2014,Wed,1648,JA,CN1C,308B 314B 377B 929 ,,R,D,BF,F ,D,N,C,60,0,0,0,,,1768498,5909181
Auckland,SPRINGS ROAD,25,S, ,KERWYN AVENUE,201413906,05/03/2014,Wed,800,KA,CS1CC,308B 375B 410B 926 ,,R,W,BF,F ,D,T,P,60,0,1,0,,,1768483,5909118
Auckland,SPRINGS ROAD,, ,I,KERWYN AVENUE,201410869,08/01/2014,Wed,1135,HA,4N1CCV,112A 130A 322A ,,R,D,O ,F ,X,T,C,60,0,1,1,,,1768488,5909142
Auckland,SPRINGS ROAD,, ,I,KERWYN AVENUE,201410377,24/01/2014,Fri,849,HA,CN1CS4,322A ,Q,R,D,BF,F ,X,T,C,50,0,0,1,,35,1768488,5909142
Auckland,SPRINGS ROAD,, ,I,KERWYN AVENUE,201436535,01/05/2014,Thu,1238,JA,TN1C,308B 314B 353B 927 ,,R,D,B ,F ,D,T,C,50,0,0,0,,,1768488,5909142
Auckland,SPRINGS ROAD,100,S, ,LADY RUBY DRIVE,201410916,26/02/2014,Wed,1559,FD,CN1CCC,331A 353A ,,R,D,BF,F , ,N,C,50,0,0,1,,,1768465,5909045
Auckland,SPRINGS ROAD,, ,I,PEARL BAKER DRIVE,201430070,16/01/2014,Thu,930,MB,VS1V,303B 375B ,,R,D,OF,F ,T,T,P,50,0,0,0,,,1768412,5908828
Auckland,SPRINGS ROAD,150,S, ,SMALES ROAD,201439173,25/06/2014,Wed,1313,MO,TS14,179A 386A 929 ,,R,D,O ,F ,D,N,C,50,0,0,0,,,1768599,5909601
Auckland,SPRINGS ROAD,150,S, ,SMALES ROAD,201430657,22/01/2014,Wed,1500,GF,CN1C,381B 927 ,,R,D,O ,F ,D,N,P,60,0,0,0,,,1768599,5909601
Auckland,SPRINGS ROAD,, ,I,VALDER AVENUE,201443478,20/09/2014,Sat,1253,LB,CN1C,303B 382B ,,R,D,O ,F ,M,G,R,60,0,0,0,,,1768375,5908669
Auckland,SPUR ROAD,290,N, ,NEWMAN ROAD,201434593,14/04/2014,Mon,500,DB,CN1,111A 135A 801 ,F,S,W,DN,F , ,N,C,80,0,0,0,,,1750759,5944323
Auckland,ST ALBANS AVENUE,30,W, ,DOMINION ROAD,201433346,24/03/2014,Mon,1920,MO,CW1,363A 371A 902 ,P,R,D,TF,F , ,N,C,50,0,0,0,,,1755816,5916701
Auckland,ST ANDREWS ROAD,100,S, ,BALMORAL ROAD,201442703,16/09/2014,Tue,825,KA,CN1C,308B 929 ,,R,W,OF,H ,D,N,C,50,0,0,0,,,1757346,5915651
Auckland,ST ANDREWS ROAD,, ,I,BALMORAL ROAD,201434129,12/04/2014,Sat,1405,DA,CS1CC,131A 193A 355A ,,R,D,O ,F ,X,T,C,50,0,0,0,,,1757372,5915748
Auckland,ST ANDREWS ROAD,, ,I,LANDSCAPE ROAD,201441213,29/07/2014,Tue,720,JA,VN1C,301B 375B 817 ,,R,D,O ,F ,T,S,C,50,0,0,0,,,1757106,5914769
Auckland,ST ANDREWS ROAD,, ,I,ONSLOW AVENUE,201415173,22/08/2014,Fri,1803,HA,CN1C,301B 375B ,,R,D,DO,F ,X,S,R,50,0,0,1,,,1757261,5915339
Auckland,ST ANDREWS ROAD,20,N, ,QUENTIN AVENUE,201449491,28/11/2014,Fri,2213,BE,VS1C,130A 205A ,,R,D,DO,F , , ,C,50,0,0,0,,,1756984,5914320
Auckland,ST ANDREWS ROAD,, ,I,ST LEONARDS ROAD,201440467,23/07/2014,Wed,930,KB,CS1C,322A 817 ,,R,D,B ,F ,T,T,N,50,0,0,0,,,1757192,5915084
Auckland,ST ANDREWS ROAD,100,N, ,WATLING ST,201412973,13/05/2014,Tue,849,FD,MS1C,331A 350A ,,R,D,B ,F , , ,C,50,0,0,1,,,1757288,5915436
Auckland,ST GEORGE ST,40,N, ,CARRUTH ROAD,201440347,13/07/2014,Sun,2047,EA,CN1C,129A ,M,S,W,DO,F , , ,C,50,0,0,0,,,1765606,5905909
Auckland,ST GEORGE ST,10,W, ,CARRUTH ROAD,201414440,25/06/2014,Wed,1000,NA,CW1E,306A 376A ,,R,D,OF,F ,R,G,C,50,0,0,2,24,,1765566,5905865
Auckland,ST GEORGE ST,20,W, ,CARRUTH ROAD,201417321,01/09/2014,Mon,1913,NA,CE1E,306A 801 ,,R,W,DO,L ,R,G,X,50,0,0,1,31,,1765556,5905863
Auckland,ST GEORGE ST,, ,I,CARRUTH ROAD,201436370,29/03/2014,Sat,2021,GF,CW1C,129A ,,E,D,DO,F ,R,G,R,50,0,0,0,,,1765586,5905875
Auckland,ST GEORGE ST,, ,I,CARTERS LANE,201415870,06/06/2014,Fri,1355,GD,CW1C,181A 410A ,,R,D,O ,F ,T,N,C,50,0,1,0,,,1765138,5905799
Auckland,ST GEORGE ST,180,W, ,GREAT SOUTH ROAD,201412334,09/03/2014,Sun,2330,CB,CS1,103A 130A 359A ,PT,R,D,DO,F , , ,P,50,0,0,1,,,1765860,5906266
Auckland,ST GEORGE ST,, ,I,KINGSWOOD ROAD,201411113,01/04/2014,Tue,1221,LB,CN14,303B ,,R,D,B ,F ,T,G,C,50,0,0,1,,,1765815,5906203
Auckland,ST GEORGE ST,10,E, ,LANDSCAPE ROAD,201446453,15/10/2014,Wed,845,AC,TW1C,159A 381A ,,R,D,BF,F ,T,G,C,50,0,0,0,,,1765357,5905829
Auckland,ST GEORGE ST,130,W, ,LANDSCAPE ROAD,201444614,14/09/2014,Sun,1500,MO,CS1C,371A ,M,R,D,B ,F , ,N,C,50,0,0,0,,,1765219,5905805
Auckland,ST GEORGE ST,, ,I,LANDSCAPE ROAD,201437521,30/05/2014,Fri,1025,FD,CE1V,410A 414A ,,R,D,O ,F ,T,G,C,50,0,0,0,,,1765347,5905827
Auckland,ST GEORGE ST,, ,I,MAHON PLACE,201431875,13/02/2014,Thu,930,BE,CW1C,130A 501A ,HS,R,D,BF,F ,T,G,C,50,0,0,0,,,1765492,5905852
Auckland,ST GEORGE ST,10,E, ,RANGITOTO ROAD,201431054,18/02/2014,Tue,1748,FD,CW1CC,112A 181A 191B 191C ,,R,D,B ,F ,T,N,C,50,0,0,0,,,1764848,5905777
Auckland,ST GEORGE ST,50,E, ,RANGITOTO ROAD,201432268,20/01/2014,Mon,2010,MO,CN1M,512A 514A ,,R,D,TO,F , ,N,C,50,0,0,0,,,1764888,5905780
Auckland,ST GEORGE ST,, ,I,RANGITOTO ROAD,201442741,09/09/2014,Tue,1540,FB,CW1C,181A ,,R,D,BF,F ,T,G,C,50,0,0,0,,,1764838,5905776
Auckland,ST GEORGE ST,, ,I,SHIRLEY ROAD,201440201,06/07/2014,Sun,1340,HA,CW1C,322B ,,R,D,B ,F ,X,T,C,50,0,0,0,,,1764765,5905770
Auckland,ST GEORGE ST,, ,I,TAVERN LANE,201413528,03/07/2014,Thu,1706,HA,CW1CE,322B ,G,E,W,O ,L ,X,T,C,50,0,1,0,22,,1764765,5905770
Auckland,ST GEORGE ST,, ,I,WILMAY AVENUE,201418046,02/12/2014,Tue,853,JA,CN1CC,302B ,,R,D,BF,F ,T,G,C,50,0,0,1,,,1765691,5906028
Auckland,ST GEORGE ST,, ,I,WILMAY AVENUE,201432849,27/02/2014,Thu,1720,JA,CN1C,302B ,,R,D,O ,F ,T,G,C,50,0,0,0,,,1765691,5906028
Auckland,ST GEORGES BAY ROAD,, ,I,FARNHAM ST,201411105,06/03/2014,Thu,1736,GE,CS1P,157A 160A 333A ,,R,D,B ,F ,T,N,N,50,0,0,1,,,1758920,5920120
Auckland,ST GEORGES BAY ROAD,, ,I,KENWYN ST,201414615,08/07/2014,Tue,1310,MC,CS1C,372B ,,R,D,O ,F ,T,G,C,50,0,0,1,,,1758887,5920232
Auckland,ST GEORGES BAY ROAD,50,N, ,PARNELL ROAD,201432752,19/02/2014,Wed,1845,QD,CN1C,428A ,M,E,D,TO,F , , ,N,50,0,0,0,,,1758913,5919396
Auckland,ST GEORGES ROAD,50,S, ,GREAT NORTH ROAD,201432364,02/03/2014,Sun,1030,EE,CS1C,374B ,M,R,D,B ,F , , ,C,50,0,0,0,,,1751196,5914979
Auckland,ST GEORGES ROAD,, ,I,GREAT NORTH ROAD,201436826,27/04/2014,Sun,1900,KA,SS2C,302B 370B ,,S,D,DO,F ,R,G,R,50,0,0,0,,,1751177,5915045
Auckland,ST GEORGES ROAD,20,N, ,KELVINSIDE TERRACE,201444204,15/08/2014,Fri,720,EC,CS1C,101A 129A ,M,E,D,DO,F , , ,C,50,0,0,0,,,1751155,5914485
Auckland,ST GEORGES ROAD,, ,A,RAIL XING,201416672,08/09/2014,Mon,57,EA,PS1V,331A 352A 402A ,M,R,D,DO,F , , ,C,50,0,0,1,,,1751137,5914249
Auckland,ST HELIERS BAY ROAD,20,S, ,ASHBY AVENUE,201410477,04/02/2014,Tue,1045,FA,4N1C,181A 331A 350A ,,R,D,B ,F , , ,C,50,0,0,1,,,1765464,5918732
Auckland,ST HELIERS BAY ROAD,, ,I,BENBOW ST,201412164,11/04/2014,Fri,1655,HA,MN1C,301B ,,R,D,O ,F ,X,S,C,50,0,0,2,,,1765696,5919874
Auckland,ST HELIERS BAY ROAD,50,N, ,BRILLIANT ST,201436479,23/03/2014,Sun,2130,EA,CN1C,101A 129A ,M,R,D,DO,F , ,N,C,50,0,0,0,,,1765834,5919581
Auckland,ST HELIERS BAY ROAD,50,N, ,GRAMPIAN ROAD,201411140,01/03/2014,Sat,740,CC,CN1,130A ,CT,R,D,TF,F , , ,C,50,0,0,1,,,1765107,5918438
Auckland,ST HELIERS BAY ROAD,, ,I,KOHIMARAMA ROAD,201410449,27/01/2014,Mon,1305,GE,CW1M,129A 334A ,,M,D,O ,F ,T,T,C,50,0,0,1,,,1764489,5918149
Auckland,ST HELIERS BAY ROAD,, ,I,LONG DRIVE,201437180,01/05/2014,Thu,754,LB,CE1C,303B 324B ,,E,D,BF,F ,X,T,C,50,0,0,0,,,1765480,5918745
Auckland,ST HELIERS BAY ROAD,, ,I,LONG DRIVE,201449867,03/12/2014,Wed,1615,GF,BE1C,381A 671A ,,R,D,BF,F ,X,T,C,50,0,0,0,,,1765480,5918745
Auckland,ST HELIERS BAY ROAD,25,N, ,MAXINE PLACE,201436156,06/05/2014,Tue,835,GB,CS1C,158B 929 ,,R,D,B ,F ,D,N,C,50,0,0,0,,,1765315,5918610
Auckland,ST HELIERS BAY ROAD,, ,I,PARKSIDE ST,201414086,26/07/2014,Sat,1347,LB,CN1C,303B 352B 375B ,,R,D,B ,F ,M,G,X,50,0,0,2,,,1765838,5919111
Auckland,ST HELIERS BAY ROAD,, ,I,ST JOHNS ROAD,201433562,11/04/2014,Fri,1800,GF,CW1C,381A ,,E, , F,  ,T,G,C,50,0,0,0,,,1764489,5918149
Auckland,ST HELIERS BAY ROAD,70,N, ,SUMMERHILL PLACE,201449635,18/12/2014,Thu,1230,GD,4N1C,331A 355A 929 ,,R,D,B ,F ,D,N,C,50,0,0,0,,,1765664,5918894
Auckland,ST HELIERS BAY ROAD,, ,I,WEST TAMAKI ROAD,201435646,04/04/2014,Fri,16,DB,CW2C,101A 111A 131A 801 ,M,E,W,DO,L ,T,G,C,50,0,0,0,,,1765037,5918379
Auckland,ST HELIERS BAY ROAD,80,S, ,WOODSIDE CRESCENT,201448000,31/10/2014,Fri,1500,CA,CN1C,130A 194A ,,R,D,B ,F , , ,C,50,0,0,0,,,1765836,5919255
Auckland,ST JOHNS ROAD,25,E, ,BLACKETT CRESCENT,201449951,22/12/2014,Mon,20,DA,CN1,131A ,F,M,D,DO,F , , ,C,50,0,0,0,,,1763059,5917601
Auckland,ST JOHNS ROAD,, ,I,BLACKETT CRESCENT,201432534,08/02/2014,Sat,1258,DA,CE1,101A 111A 402A ,K,E,W,B ,F ,T,N,C,50,0,0,0,,,1763035,5917594
Auckland,ST JOHNS ROAD,200,N, ,COLLEGE ROAD,201416406,06/10/2014,Mon,1431,MC,TN1C,197A 330B 372B ,,R,D,O ,F , , ,C,50,0,0,1,,,1764299,5917645
Auckland,ST JOHNS ROAD,100,W, ,COLLEGE ROAD,201430808,10/02/2014,Mon,2006,JA,CE1C,308B 375B 929 ,,R,W,BF,F ,D,N,L,50,0,0,0,,,1764105,5917474
Auckland,ST JOHNS ROAD,100,E, ,DORCHESTER ST,201449743,29/12/2014,Mon,1155,CB,CE1,130A 504A ,KT,R,D,B ,F , ,N,C,50,0,0,0,,,1763423,5917652
Auckland,ST JOHNS ROAD,40,W, ,DORCHESTER ST,201450554,09/11/2014,Sun,1829,EA,CE1CC,104A 129A ,M,E,D,B ,F , , ,C,50,0,0,0,,,1763285,5917662
Auckland,ST JOHNS ROAD,, ,I,DORCHESTER ST,201448602,28/11/2014,Fri,1900,BB,CS2C,124A 129B ,,E,D,B ,F ,T,S,C,50,0,0,0,,,1763324,5917669
Auckland,ST JOHNS ROAD,30,N, ,FELTON MATHEW AVENUE,201450169,26/12/2014,Fri,1700,EA,CS1V,129A 358A ,M,R,D,B ,F , , ,C,50,0,0,0,,,1764472,5917861
Auckland,ST JOHNS ROAD,, ,I,FELTON MATTHEW AVENUE,201438639,31/05/2014,Sat,835,DA,MW2,131A ,,E,D,O ,F ,T,G,C,50,0,0,0,,,1764455,5917836
Auckland,ST JOHNS ROAD,, ,I,GERARD WAY,201438722,22/06/2014,Sun,1600,FE,CE1CC,331A 500A ,,R,D,BF,F ,T,T,C,50,0,0,0,,,1762932,5917441
Auckland,ST JOHNS ROAD,, ,I,GERARD WAY,201431598,07/01/2014,Tue,1250,LB,VS1C,322A ,,R,D,B ,F ,T,T,C,50,0,0,0,,,1762932,5917441
Auckland,ST JOHNS ROAD,, ,I,GERARD WAY,201413042,25/05/2014,Sun,1315,LB,SS1C,303B ,,R,D,BF,F ,T,T,C,50,0,0,1,,26,1762932,5917441
Auckland,ST JOHNS ROAD,20,N, ,GOWING DRIVE,201447231,30/10/2014,Thu,652,EA,CS1CC,129A 358A ,MM,R,D,B ,F , , ,C,50,0,0,0,,,1764375,5917749
Auckland,ST JOHNS ROAD,50,N, ,GOWING DRIVE,201414485,21/05/2014,Wed,2316,BA,TS1P,101B 341B ,,R,W,DO,L , ,N,C,50,0,0,1,,,1764396,5917771
Auckland,ST JOHNS ROAD,30,E, ,IPSWICH PLACE,201448735,04/12/2014,Thu,1500,FC,CW1CC,181A 191B ,,R,D,O ,F , , ,X,50,0,0,0,,,1763675,5917617
Auckland,ST JOHNS ROAD,70,W, ,LAVENDER COURT,201442123,16/08/2014,Sat,1918,MO,CW1C,386A ,M,R,D,DO,F , , ,C,50,0,0,0,,,1762739,5917270
Auckland,ST JOHNS ROAD,, ,I,MEADOWBANK ROAD,201415086,12/08/2014,Tue,648,CA,MW1,130A 801 ,,R,W,O ,F ,T,T,C,50,0,0,1,,,1762717,5917257
Auckland,ST JOHNS ROAD,, ,I,MEADOWBANK ROAD,201447725,17/09/2014,Wed,2100,LB,CE1C,322A ,,R,D,B ,F ,T,T,C,50,0,0,0,,,1762717,5917257
Auckland,ST JOHNS ROAD,, ,I,ST HELIERS BAY ROAD,201445528,05/10/2014,Sun,1025,DA,CN1,133A ,P,R,W,O ,L ,T,T,P,50,0,0,0,,,1764489,5918149
Auckland,ST JUDE ST,, ,I,BLOCKHOUSE BAY ROAD,201412487,13/04/2014,Sun,720,BE,XW1C,130A 358A ,,R,D,B ,F ,M,T,P,50,0,0,1,,,1751565,5915247
Auckland,ST JUDE ST,60,E, ,GEDDES TERRACE,201438927,04/06/2014,Wed,1202,EA,CW1C,129A 331A ,M,R,D,BF,F , ,N,C,50,0,0,0,,,1751351,5915032
Auckland,ST JUDE ST,15,W, ,GEDDES TERRACE,201447227,24/10/2014,Fri,956,EA,CE1CC,129A 358A ,M,R,D,O ,F , , ,P,50,0,0,0,,,1751276,5915034
Auckland,ST JUDE ST,, ,I,GEDDES TERRACE,201418371,10/11/2014,Mon,800,LB,ME1CC,303B 377B ,Q,R,D,BF,F ,T,G,P,50,0,1,1,,,1751291,5915034
Auckland,ST JUDE ST,200,E, ,GREAT NORTH ROAD,201443118,19/08/2014,Tue,355,DA,CW1,103A 111A 131A ,X,M,D,DO,F , , ,L,50,0,0,0,,,1751395,5915041
Auckland,ST JUDE ST,, ,I,GREAT NORTH ROAD,201414202,16/07/2014,Wed,1605,HA,CW1C,302A 375A ,,M,D,B ,F ,R,G,R,50,0,0,1,,,1751198,5915037
Auckland,ST JUDE ST,15,W, ,LAYARD ST,201431599,18/01/2014,Sat,1630,FD,CE1C,331A ,,R,D,B ,F , , ,C,50,0,0,0,,,1751370,5915032
Auckland,ST JUDE ST,, ,I,ST JUDE ROAD,201444074,27/08/2014,Wed,2337,HA,CW2C,302A 375A ,,R,D,DO,F ,R,G,R,50,0,0,0,,,1751198,5915037
Auckland,ST LEONARDS ROAD,20,W, ,ARCHIBALD ROAD,201412733,23/01/2014,Thu,1915,PO,CE1E,722B 732B ,,R,D,BF,F , ,N,C,50,0,0,1,54,,1748445,5914853
Auckland,ST LEONARDS ROAD,50,E, ,BAMBOO GROVE,201447383,08/11/2014,Sat,1545,MF,CE1C,330B 371B ,,R,D,B ,F , ,N,C,50,0,0,0,,,1748400,5914874
Auckland,ST LEONARDS ROAD,, ,I,BARBARY AVENUE,201431576,22/01/2014,Wed,1810,GE,4E1C,160A 333A 387A ,,R,D,TF,F ,T,S,C,50,0,0,0,,,1748124,5914991
Auckland,ST LUKES OFF WBD,50,E, ,ST LUKES ROAD,201447266,04/11/2014,Tue,1459,AC,CW1C,330A 372A 402A ,,R,D,O ,F , , ,N,100,0,0,0,,,1753876,5918248
Auckland,ST LUKES OFF WBD,, ,I,ST LUKES ROAD,201441119,17/07/2014,Thu,1100,FE,MW1C,181A ,,R,D,BF,F ,T,T,N,50,0,0,0,,,1753826,5918247
Auckland,ST LUKES ROAD,15,N, ,ASQUITH AVENUE,201445589,04/10/2014,Sat,1028,FD,CS1CC,331A 358A 402A ,,R,W,O ,F , , ,P,50,0,0,0,,,1753810,5917622
Auckland,ST LUKES ROAD,100,S, ,ASQUITH AVENUE,201415790,24/09/2014,Wed,1600,FC,CN1CC,351A 423A ,,R,D,BF,F , ,N,X,50,0,0,2,,,1753814,5917509