TLANAME,CRASHROAD,CRASHDIST,CRASHDIRN,INTSN,SIDEROAD,CRASHID,CRASHDATE,CRASHDOW,CRASHTIME,MVMT,VEHICLES,CAUSES,OBJECTSSTRUCK,ROADCURVE,ROADWET,LIGHT,WTHRa,JUNCTYPE,TRAFCTRL,ROADMARK,SPDLIM,CRASHFATALCNT,CRASHSEVCNT,CRASHMINCNT,PERSAGE1,PERSAGE2,EASTING,NORTHING
Auckland,ST LUKES ROAD,, ,I,ASQUITH AVENUE,201450209,24/12/2014,Wed,0,LB,CN1C,136B 303B 631B ,,R,D,DO,F ,T,G,R,50,0,0,0,,,1753804,5917608
Auckland,ST LUKES ROAD,50,W, ,CORNWALLIS ST,201449038,30/12/2014,Tue,1505,KA,CE1C,308B 375B 930 ,,R,D,BF,F ,D,N,C,50,0,0,0,,,1754600,5916553
Auckland,ST LUKES ROAD,, ,I,CORNWALLIS ST,201447246,29/10/2014,Wed,1315,FE,CW1C,181A 331A ,,R,W,O ,L ,X,T,C,50,0,0,0,,,1754646,5916534
Auckland,ST LUKES ROAD,40,S, ,DUNCAN MACLEAN LINK,201440232,25/06/2014,Wed,800,AA,CN1C,313A 372A 691B ,,R,D,OF,F , , ,R,50,0,0,0,,,1753796,5918069
Auckland,ST LUKES ROAD,15,E, ,FOWLDS AVENUE,201433338,25/03/2014,Tue,830,FD,CW1C,181A ,,R, , F,  , ,N,C,50,0,0,0,,,1754515,5916566
Auckland,ST LUKES ROAD,, ,I,FOWLDS AVENUE,201446462,28/10/2014,Tue,1820,KA,CW1C,302B 375B ,,R,W,OF,L ,T,G,R,50,0,0,0,,,1754500,5916570
Auckland,ST LUKES ROAD,10,S, ,GREAT NORTH ROAD,201431625,17/01/2014,Fri,2342,FC,CN1C,181A ,,E,D,DO,F ,T,G,X,50,0,0,0,,,1753837,5918347
Auckland,ST LUKES ROAD,15,E, ,KINGSWAY AVENUE,201446476,27/10/2014,Mon,1340,AA,CE14C,372A ,,R,D,OF,F ,X,T,R,50,0,0,0,,,1754660,5916530
Auckland,ST LUKES ROAD,, ,I,KINGSWAY AVENUE,201440458,25/07/2014,Fri,1405,KA,CW1V,322B ,,R,W,O ,F ,T,T,C,50,0,0,0,,,1754646,5916534
Auckland,ST LUKES ROAD,20,N, ,LINWOOD AVENUE,201444741,28/08/2014,Thu,750,FD,CN1C,181A ,,R,D,BF,F , ,N,L,50,0,0,0,,,1753788,5917897
Auckland,ST LUKES ROAD,40,N, ,LINWOOD AVENUE,201430436,20/01/2014,Mon,14,EA,CN1C,102A 129A 402A ,M,R,D,DO,F , ,N,R,50,0,0,0,,,1753788,5917917
Auckland,ST LUKES ROAD,15,N, ,LYON AVENUE,201433762,14/03/2014,Fri,1500,FD,CS1C,181A ,,R,D,O ,F , , ,C,50,0,0,0,,,1754219,5916924
Auckland,ST LUKES ROAD,20,N, ,MORNING STAR PLACE,201432859,24/02/2014,Mon,1525,KA,CN1C,308B 922 ,,R,D,B ,F ,D,N,C,50,0,0,0,,,1754315,5916764
Auckland,ST LUKES ROAD,50,N, ,MORNING STAR PLACE,201439312,10/04/2014,Thu,1530,FD,CN1C,181A 330A ,,R,D,B ,F , ,N,C,50,0,0,0,,,1754300,5916789
Auckland,ST LUKES ROAD,, ,I,MORNING STAR PLACE,201442690,05/10/2014,Sun,2030,FE,CS1C,181A ,,R,W,DO,L ,X,T,C,50,0,0,0,,,1754325,5916746
Auckland,ST LUKES ROAD,50,N, ,MORNINGSIDE DRIVE,201446466,22/10/2014,Wed,1024,MC,CN1C,372B ,,R,D,BF,F , ,N,R,50,0,0,0,,,1754300,5916789
Auckland,ST LUKES ROAD,20,S, ,MORNINGSIDE DRIVE,201444978,04/10/2014,Sat,1445,EA,CS1C,386A ,M,R,D,B ,F ,X,G,C,50,0,0,0,,,1754340,5916734
Auckland,ST LUKES ROAD,, ,I,MORNINGSIDE DRIVE,201430221,05/01/2014,Sun,1600,FE,CN1C,181A ,,E,W,O ,H ,M,T,C,50,0,0,0,,,1754325,5916746
Auckland,ST LUKES ROAD,, ,I,MORNINGSIDE DRIVE,201442221,17/07/2014,Thu,2204,HA,4S2C,322B 330B 402B ,,R,D,DO,F ,M,T,C,50,0,0,0,,,1754325,5916746
Auckland,ST LUKES ROAD,, ,I,MORNINGSIDE DRIVE,201432610,26/02/2014,Wed,1515,FE,CS1C,181A 334A ,,R,D,B ,F ,M,T,C,50,0,0,0,,,1754325,5916746
Auckland,ST LUKES ROAD,10,N, ,NEW NORTH ROAD,201434567,19/04/2014,Sat,2000,FE,CS1CC,181A ,,R,D,DO,F ,X,T,C,50,0,0,0,,,1754002,5917219
Auckland,ST LUKES ROAD,15,N, ,NEW NORTH ROAD,201442914,27/08/2014,Wed,1120,FE,CS1C,181A 331A 358A ,,R,D,B ,F ,X,T,C,50,0,0,0,,,1753999,5917222
Auckland,ST LUKES ROAD,20,N, ,NEW NORTH ROAD,201450206,31/10/2014,Fri,1123,FE,CS14,181A ,,R,D,BF,F ,X,T,R,50,0,0,0,,,1753996,5917226
Auckland,ST LUKES ROAD,, ,I,NEW NORTH ROAD,201444714,25/06/2014,Wed,1800,FE,CN1C,181A ,,R,W,BF,F ,X,T,C,50,0,0,0,,,1754009,5917211
Auckland,ST LUKES ROAD,, ,I,NEW NORTH ROAD,201433239,16/03/2014,Sun,1445,AO,CN1C,381A ,,E,D,OF,F ,X,T,C,50,0,0,0,,,1754009,5917211
Auckland,ST LUKES ROAD,15,W, ,SANDRINGHAM ROAD,201450288,26/12/2014,Fri,1442,AC,CW1C,372A ,,R,D,BF,F , ,N,R,50,0,0,0,,,1754903,5916460
Auckland,ST LUKES ROAD,20,W, ,SANDRINGHAM ROAD,201433380,03/04/2014,Thu,800,AA,CW1T,372A ,,R,D,BF,F , ,N,C,50,0,0,0,,,1754898,5916461
Auckland,ST LUKES ROAD,30,W, ,SANDRINGHAM ROAD,201431063,14/02/2014,Fri,1313,FD,4E1CC,181A 350A ,,R,D,O ,F , ,N,C,50,0,0,0,,,1754888,5916464
Auckland,ST LUKES ROAD,, ,I,SANDRINGHAM ROAD,201433765,21/01/2014,Tue,940,AO,BE1V,129A 386A ,,R,D,B ,F ,X,T,C,50,0,0,0,,,1754917,5916456
Auckland,ST LUKES ROAD,, ,I,SANDRINGHAM ROAD,201436701,13/05/2014,Tue,1515,MG,CE1C,371B ,,E,D,B ,F ,X,T,C,50,0,0,0,,,1754917,5916456
Auckland,ST LUKES ROAD,, ,I,ST LUKES OFF WBD,201431843,06/03/2014,Thu,1847,DA,CW2,103A 111A 131A ,G,M,D,BF,F ,M,T,P,50,0,0,0,,,1753826,5918247
Auckland,ST LUKES ROAD,, ,I,ST LUKES OFF WBD N,201445855,30/08/2014,Sat,2345,JA,CS1C,322A 322B ,,E,D,DO,F ,X,T,C,50,0,0,0,,,1753826,5918247
Auckland,ST LUKES ROAD,, ,I,ST LUKES OFF WBD N,201439764,17/06/2014,Tue,1146,JA,CS1C,322A 334A ,,R,W,OF,L ,X,T,C,50,0,0,0,,,1753826,5918247
Auckland,ST LUKES ROAD,, ,I,ST LUKES OFF WBD N,201434380,19/04/2014,Sat,538,HA,CW2C,322B 350B ,,R,D,DO,F ,X,T,C,50,0,0,0,,,1753826,5918247
Auckland,ST LUKES ROAD,, ,I,ST LUKES OFF WBD N,201412740,12/04/2014,Sat,810,JA,4S1C,322A ,,R,D,BF,F ,X,T,C,50,0,0,1,,,1753826,5918247
Auckland,ST LUKES ROAD,, ,I,ST LUKES ON WBD N,201410907,05/03/2014,Wed,1441,FE,CN1CC,331A 353A ,,R,D,BF,F ,X,T,R,50,0,0,1,,,1753826,5918247
Auckland,ST LUKES ROAD,, ,I,TAYLORS ROAD,201433795,18/03/2014,Tue,858,JA,CN1C,301B ,,R,D,B ,F ,T,S,C,50,0,0,0,,,1754197,5916958
Auckland,ST LUKES ROAD,, ,I,TAYLORS ROAD,201411509,03/03/2014,Mon,1230,CA,PW14C,137A 191A 181C ,,R,D,BF,F ,X,S,C,50,0,0,1,,,1754197,5916958
Auckland,ST LUKES ROAD,, ,I,WAGENER PLACE,201448354,22/12/2014,Mon,1545,FF,CE1C,330A ,,R,D,B ,F ,X,T,C,50,0,0,0,,,1754400,5916643
Auckland,ST MARKS ROAD,40,S, ,REMUERA ROAD,201445529,07/10/2014,Tue,1020,JA,CS1C,308B 927 ,,R,D,B ,F ,D,N,C,50,0,0,0,,,1758748,5917706
Auckland,ST PAUL ST,, ,I,GOVERNOR FITZROY PLACE,201435970,14/05/2014,Wed,22,DA,VE1C,103A ,,E,W,DO,L ,T,N,N,50,0,0,0,,,1757422,5919892
Auckland,ST PAUL ST,20,E, ,WAKEFIELD ST,201442066,29/07/2014,Tue,1505,MA,CE1C,372B ,,R,D,BF,F , ,N,C,50,0,0,0,,,1757379,5919873
Auckland,ST STEPHENS AVENUE,, ,I,BRIGHTON ROAD,201438451,14/06/2014,Sat,1810,FA,CS1S,331A 350A ,,R,D,TO,F ,T,G,P,50,0,0,0,,,1759051,5919348
Auckland,ST STEPHENS AVENUE,20,E, ,PARNELL ROAD,201449180,08/10/2014,Wed,1810,AA,VW1C,381A ,,R,D,BF,F , ,N,C,50,0,0,0,,,1758955,5919294
Auckland,ST VINCENT AVENUE,20,S, ,REMUERA ROAD,201436217,07/04/2014,Mon,945,MA,CN1C,373B ,,R,D,B ,F , , ,C,50,0,0,0,,,1760391,5916809
Auckland,STADIUM DRIVE,, ,I,EAST ST,201444214,21/08/2014,Thu,950,JA,CE1C,370A 370B ,,E,D,O ,F ,T,G,C,50,0,0,0,,,1769392,5881145
Auckland,STADIUM DRIVE,, ,I,EAST ST,201435210,10/04/2014,Thu,1655,GF,TE1C,158B ,,S,W,O ,L ,T,S,R,50,0,0,0,,,1769392,5881145
Auckland,STANCOMBE ROAD,, ,I,BAVERSTOCK ROAD,201432361,18/02/2014,Tue,2245,KA,CE1C,302B ,,E,D,DO,F ,T,G,R,50,0,0,0,,,1771010,5907878
Auckland,STANCOMBE ROAD,100,E, ,CHAPEL ROAD,201439553,10/06/2014,Tue,755,FD,CW1C,181A ,,R,W,O ,H , , ,P,70,0,0,0,,,1770025,5908118
Auckland,STANCOMBE ROAD,5,E, ,LORENZO WAY,201431235,21/02/2014,Fri,750,FD,CW1CC,181A ,,R,D,BF,F ,T,G,C,60,0,0,0,,,1770535,5907993
Auckland,STANCOMBE ROAD,, ,I,TOPLAND DRIVE,201400081,11/04/2014,Fri,1900,CA,MW1C4,112A 197A 302B ,,R,D,DO,F ,T,G,P,60,1,0,0,,,1771250,5907820
Auckland,STANLEY ROAD,, ,I,PAVOLA GROVE,201435287,04/04/2014,Fri,1630,JA,CN1T,303B ,,M,D,B ,F ,T,N,C,50,0,0,0,,,1752987,5927511
Auckland,STANLEY ROAD,, ,I,ROBERTS ROAD,201432380,07/02/2014,Fri,1934,DA,CW2CCC,111A 131A ,MM,E,D,O ,F ,T,S,C,50,0,0,0,,,1753282,5927004
Auckland,STANLEY ROAD,100,N, ,SEAVIEW ROAD,201438031,03/06/2014,Tue,1630,MO,CS1C,371A 929 ,M,E,D,O ,  ,D,N,C,50,0,0,0,,,1753184,5927221
Auckland,STANLEY ST,, ,I,GRAFTON ROAD,201418568,18/12/2014,Thu,834,MC,CS1P,372B ,,R,W,OF,L ,T,T,P,50,0,0,1,,,1757903,5919725
Auckland,STANLEY ST,, ,I,LOWER DOMAIN DRIVE,201447369,13/11/2014,Thu,1140,LB,BS1C,302B 375B ,,M,W,O ,F ,T,G,P,50,0,0,0,,,1757973,5919812
Auckland,STANMORE BAY ROAD,50,W, ,BONITA AVENUE,201412681,07/04/2014,Mon,710,NA,CW1E,505B 506B ,,R,D,BF,F , ,N,C,50,0,0,1,20,,1756253,5945101
Auckland,STANMORE BAY ROAD,, ,I,POLKINGHORNE DRIVE,201412799,09/05/2014,Fri,1640,JA,MS1C,301B 382B ,,E,W,DO,L ,T,S,C,50,0,0,1,,,1756275,5944252
Auckland,STANMORE BAY ROAD,, ,I,SHUTTLEWORTH PLACE,201415690,25/08/2014,Mon,1310,GD,MS1C,181A 387A 402A ,,R,D,O ,F ,T,N,C,50,0,0,1,,,1756421,5944927
Auckland,STAPLEFORD CRESCENT,60,S, ,NEWSTEAD AVENUE,201412289,16/03/2014,Sun,304,DB,CW1C,103A 110A ,M,M,W,DO,LS, ,N,C,50,0,0,1,,,1754901,5935662
Auckland,STATION ROAD,15,S, ,ASHLYNNE AVENUE,201434386,09/03/2014,Sun,2110,EA,VS1CC,103A 129A ,MM,R,D,DO,F , , ,P,50,0,0,0,,,1763930,5906490
Auckland,STATION ROAD,20,S, ,ASHLYNNE AVENUE,201417572,22/11/2014,Sat,2340,MA,CS1C,103B 373B ,,R,D,DO,F , ,N,C,50,0,0,1,,,1763933,5906486
Auckland,STATION ROAD,50,S, ,ASHLYNNE AVENUE,201412159,08/04/2014,Tue,1100,BF,CN1V,130A 410A ,,R,D,B ,F , , ,P,50,0,0,1,,,1763956,5906467
Auckland,STATION ROAD,100,S, ,ASHLYNNE AVENUE,201445397,29/09/2014,Mon,255,CA,CN1CC,112A 130A ,M,R,W,DO,L , , ,P,50,0,0,0,,,1763994,5906435
Auckland,STATION ROAD,15,E, ,GRAY AVENUE,201417226,19/10/2014,Sun,1140,DB,CN1CC,131A 423A ,IMQ,M,D,B ,F , , ,R,50,0,0,2,,,1763847,5906565
Auckland,STATION ROAD,20,E, ,GRAY AVENUE,201415033,03/08/2014,Sun,656,EA,CW1CC,410A ,MM,E,W,TO,L , , ,C,50,0,0,2,,,1763850,5906562
Auckland,STATION ROAD,15,S, ,GREAT SOUTH ROAD,201446171,22/10/2014,Wed,1055,MO,VN1C,330A 371A ,M,R,D,B ,F , , ,C,50,0,0,0,,,1768637,5901085
Auckland,STATION ROAD,50,S, ,GREAT SOUTH ROAD,201439950,23/06/2014,Mon,0,MO,VS1C,385A ,M,R,D,TO,F , ,N,C,50,0,0,0,,,1768612,5901060
Auckland,STATION ROAD,, ,I,GREAT SOUTH ROAD,201439619,16/06/2014,Mon,500,DA,CS1,103A 131A ,FM,M,D,DO,F ,T,T,C,50,0,0,0,,,1761513,5913803
Auckland,STATION ROAD,30,S, ,HILLCREST ROAD,201449170,01/12/2014,Mon,910,EA,CS1C,129A ,M,R,D,BF,F , ,N,C,50,0,0,0,,,1764609,5905876
Auckland,STATION ROAD,100,S, ,HILLCREST ROAD,201449195,27/11/2014,Thu,1617,FD,CS1CC,181A ,,R,D,BF,F , ,N,C,50,0,0,0,,,1764641,5905814
Auckland,STATION ROAD,, ,I,HILLCREST ROAD,201438911,30/05/2014,Fri,815,DA,CE2,133A 423A ,F,R,W,OF,L ,T,S,C,50,0,0,0,,,1764595,5905903
Auckland,STATION ROAD,50,E, ,MAICH ROAD,201433386,25/03/2014,Tue,730,MO,TE1,385A ,S,R,D,BF,F , ,N,C,50,0,0,0,,,1768611,5901058
Auckland,STATION ROAD,50,E, ,MARJORIE JAYNE CRESCENT,201440277,03/07/2014,Thu,1500,EA,TW1CCC,129A 353A ,M,R,D,B ,F , , ,C,50,0,0,0,,,1763479,5909637
Auckland,STATION ROAD,40,E, ,MOA ST,201445351,16/09/2014,Tue,1240,MC,CE1C,372B ,,R,D,O ,FF, , ,C,50,0,0,0,,,1763774,5909820
Auckland,STATION ROAD,10,W, ,MOA ST,201446016,13/10/2014,Mon,1030,EA,VE14,129A ,M,R,D,B ,F ,T,S,C,50,0,0,0,,,1763732,5909793
Auckland,STATION ROAD,50,E, ,NIKAU ROAD,201430633,29/01/2014,Wed,1155,MG,CE1C,330B 423B ,,R,D,B ,F , ,N,C,50,0,0,0,,,1763708,5909779
Auckland,STATION ROAD,30,W, ,ORORKE ROAD,201439306,10/06/2014,Tue,1040,AC,CE1C,372A ,,R,W,O ,L ,T,N,R,50,0,0,0,,,1761554,5913290
Auckland,STATION ROAD,60,E, ,PRINCESS ST,201433399,28/03/2014,Fri,153,CC,CE1,130A 433A 517A ,F,R,D,DO,F , ,N,C,50,0,0,0,,,1770836,5898907
Auckland,STATION ROAD,15,N, ,ROSEMARY LANE,201437715,12/06/2014,Thu,900,FC,CN1C,331A ,,R,D,B ,F , , ,X,50,0,0,0,,,1768512,5900928
Auckland,STATION ROAD,, ,I,SELWYN ROAD,201440337,05/07/2014,Sat,1950,LB,CN2C,302A 375A ,,R,D,DO,F ,R,G,C,50,0,0,0,,,1768519,5900901
Auckland,STATION ROAD,, ,I,SELWYN ROAD,201439704,21/06/2014,Sat,1943,KA,CN2C,302B 375B ,,E,D,DO,F ,R,G,R,50,0,0,0,,,1768519,5900901
Auckland,STATION ROAD,100,W, ,SLIP ROAD,201449426,21/12/2014,Sun,1300,FD,CE1C,181A ,,E,D,B ,F , , ,N,50,0,0,0,,,1764641,5905815
Auckland,STATION ROAD,15,N, ,SPRING ST,201449514,09/11/2014,Sun,1532,EA,CS1V,129A 130A 412A ,M,R,D,O ,F , , ,C,50,0,0,0,,,1764218,5906245
Auckland,STATION ROAD,50,N, ,SPRING ST,201441216,02/08/2014,Sat,500,CB,4N1,103A 130A ,P,R,W,DO,F , , ,C,50,0,0,0,,,1764191,5906267
Auckland,STATION ROAD,120,E, ,WALLS ROAD,201449034,17/12/2014,Wed,1702,JA,CE1C,308B 375B 402B 927 ,,R,W,OF,L ,D,N,P,50,0,0,0,,,1761607,5913669
Auckland,STATION ROAD,190,S, ,WALLS ROAD,201444866,30/10/2014,Thu,600,DB,4N1V,131A ,M,M,W,DN,L , ,N,C,50,0,0,0,,,1761660,5913623
Auckland,STATION ROAD,20,N, ,WYLLIE ROAD,201446308,19/09/2014,Fri,1915,AO,CS1C,381A ,,R,D,TN,F , ,N,C,50,0,0,0,,,1764659,5905780
Auckland,STATION ROAD,100,N, ,WYLLIE ROAD,201438598,23/06/2014,Mon,1745,FD,CS1CC,331A 358A ,,R,D,DO,F , , ,C,50,0,0,0,,,1764622,5905851
Auckland,STATION ROAD,, ,I,WYLLIE ROAD,201447373,13/11/2014,Thu,755,FB,CN1C,181A 330A ,,E,D,O ,L ,T,G,P,50,0,0,0,,,1764673,5905766
Auckland,STATION ROAD,, ,I,WYLLIE ROAD,201449525,21/12/2014,Sun,500,JA,CN1C,322A 330A ,,R,W,DO,F ,T,T,C,50,0,0,0,,,1764673,5905766
Auckland,STAVELEY AVENUE,, ,I,ARUNDEL ST,201438839,29/06/2014,Sun,1400,DA,CE2,131A ,H,R,D,BF,F ,T,G,C,50,0,0,0,,,1755616,5912659
Auckland,STAVERTON CRESCENT,, ,I,ORLY AVENUE N,201443142,09/08/2014,Sat,200,DA,CS1,131A ,P,R,D,DO,F ,T,N,N,50,0,0,0,,,1759670,5906835
Auckland,STEWART ROAD,30,N, ,GLENTUI ROAD,201433211,18/03/2014,Tue,1309,CC,CS1,130A 433A 517A ,T,R,D,BF,F , ,N,C,50,0,0,0,,,1752542,5915450
Auckland,STEWART ROAD,200,E, ,HENDON AVENUE,201437238,30/04/2014,Wed,1130,MG,CE14,371B ,,R,D,BF,F , ,N,C,50,0,0,0,,,1752491,5915392
Auckland,STEWART ST,20,E, ,VALENTINE ST,201436384,01/05/2014,Thu,806,EA,CE1C,129A 363A 902 ,M,R,D,BF,F , ,N,N,50,0,0,0,,,1774526,5896986
Auckland,STEWART ST,, ,I,VALENTINE ST,201440117,08/06/2014,Sun,700,DB,CW1,111A 517A ,F,M,W,DN,L ,T,N,C,50,0,0,0,,,1774506,5896980
Auckland,STOCK ST,20,N, ,DRURY ST,201441757,18/08/2014,Mon,954,KB,CS1C,308B 927 ,,R,D,O ,F ,D,N,C,50,0,0,0,,,1750338,5914529
Auckland,STOCK ST,40,N, ,GREAT NORTH ROAD,201439774,30/06/2014,Mon,1220,CC,CN1,130A 402A 501A ,F,R,W,OF,L , , ,C,50,0,0,0,,,1750380,5914482
Auckland,STODDARD ROAD,30,W, ,DENNY AVENUE,201434699,19/03/2014,Wed,1720,FD,CW1C,181A ,,R,D,BF,F , ,N,C,50,0,0,0,,,1754203,5914193
Auckland,STODDARD ROAD,, ,I,DENNY AVENUE,201442186,16/08/2014,Sat,1320,FD,CN1C,181A 331A 402A ,,R,D,O ,F ,T,S,C,50,0,0,0,,,1754228,5914176
Auckland,STODDARD ROAD,40,S, ,GLENARM AVENUE,201445066,01/10/2014,Wed,1430,AC,CN1C,372B ,,R,D,B ,F , ,N,C,50,0,0,0,,,1754558,5913951
Auckland,STODDARD ROAD,, ,I,GLENARM AVENUE,201443384,30/08/2014,Sat,1203,FD,CN1C,181A ,,E,D,O ,F ,X,G,C,70,0,0,0,,,1754524,5913973
Auckland,STODDARD ROAD,, ,I,MAIORO ST,201449825,20/11/2014,Thu,1100,FE,CS1T,358A ,,E,D,BF,F ,T,T,R,50,0,0,0,,,1753681,5914552
Auckland,STODDARD ROAD,15,W, ,MAY ROAD,201433368,26/03/2014,Wed,1115,MB,CW1C,303B 375B ,,R,D,BF,F , ,N,C,50,0,0,0,,,1754609,5913916
Auckland,STODDARD ROAD,, ,I,MAY ROAD,201442695,01/10/2014,Wed,2046,FE,CN1C,181A ,,R,D,OF,F ,X,T,C,50,0,0,0,,,1754625,5913894
Auckland,STODDARD ROAD,, ,I,MAY ROAD,201435213,30/03/2014,Sun,1035,MO,CE1C,690A ,,R,D,B ,F ,X,T,C,50,0,0,0,,,1754622,5913907
Auckland,STODDARD ROAD,, ,I,MAY ROAD,201412750,07/04/2014,Mon,1600,HA,CS2C,324B ,,R,D,BF,F ,X,T,C,50,0,0,1,,,1754625,5913894
Auckland,STODDARD ROAD,50,E, ,RICHARDSON ROAD,201438815,15/07/2014,Tue,935,MC,CW1C,372B 671B ,,R,D,BF,F , ,N,C,50,0,0,0,,,1753272,5914844
Auckland,STODDARD ROAD,90,E, ,RICHARDSON ROAD,201432983,17/02/2014,Mon,1630,CB,CW1CC,410A ,M,R,D,B ,F , , ,C,50,0,0,0,,,1753304,5914821
Auckland,STODDARD ROAD,200,E, ,RICHARDSON ROAD,201417562,15/05/2014,Thu,1620,FC,TE1C,181A ,,R,D,OF,F , ,P,C,50,0,0,2,,,1753394,5914757
Auckland,STODDARD ROAD,50,W, ,RICHARDSON ROAD,201446343,10/09/2014,Wed,1550,MA,CW1C,373B ,,R,D,BF,F , ,N,C,50,0,0,0,,,1753272,5914844
Auckland,STODDARD ROAD,, ,I,RICHARDSON ROAD,201432840,07/03/2014,Fri,2050,FE,CW1C,181A ,,R,D,DO,F ,T,T,C,50,0,0,0,,,1753231,5914873
Auckland,STODDARD ROAD,40,W, ,SANDRINGHAM ROAD,201432281,16/01/2014,Thu,2254,MC,CW1C,313A 372B ,,R,D,DO,F , , ,P,50,0,0,0,,,1753933,5914377
Auckland,STODDARD ROAD,, ,I,SANDRINGHAM ROAD,201432986,23/02/2014,Sun,810,JA,CE1C,102A 322A 334A ,,R,D,B ,F ,X,T,C,50,0,0,0,,,1753966,5914354
Auckland,STODDARD ROAD,, ,I,SANDRINGHAM ROAD,201437116,13/05/2014,Tue,1020,FE,CN14,181A ,,R,D,BF,F ,X,T,P,50,0,0,0,,,1753966,5914354
Auckland,STODDARD ROAD,, ,I,SANDRINGHAM ROAD,201442588,27/08/2014,Wed,1305,HA,CN2V,322B ,,R,D,BF,F ,X,T,C,50,0,0,0,,,1753966,5914354
Auckland,STODDARD ROAD,, ,I,SANDRINGHAM ROAD,201413551,20/06/2014,Fri,905,HA,4W1C,322A 334A ,,R,D,B ,L ,X,T,C,50,0,0,1,,,1753966,5914354
Auckland,STODDARD ROAD,, ,I,SANDRINGHAM ROAD,201443735,30/08/2014,Sat,1845,DA,VS1,111A 131A ,P,M,W,DO,L ,X,T,C,50,0,0,0,,,1753966,5914354
Auckland,STODDARD ROAD,, ,I,SANDRINGHAM ROAD,201411099,15/02/2014,Sat,1837,JA,CN14,322A 334A ,,R,D,B ,F ,X,T,C,50,0,0,1,,,1753966,5914354
Auckland,STODDARD ROAD,100,E, ,TORY ST,201443729,07/09/2014,Sun,1155,KB,CE1C,308B 927 ,,R,D,B ,F ,D,N,C,50,0,0,0,,,1754404,5914056
Auckland,STOKES ROAD,10,E, ,MOUNT EDEN ROAD,201411610,05/03/2014,Wed,626,PC,TN1E,308A 341A 927 ,,R,D,TO,F ,D,N,C,50,0,0,1,53,,1757040,5916814
Auckland,STOKES ROAD,60,E, ,MOUNT EDEN ROAD,201444890,13/11/2014,Thu,1240,FD,CW1C,331A 350A ,,R,D,BF,F , ,N,C,50,0,0,0,,,1757090,5916818
Auckland,STOKES ROAD,, ,I,MOUNT EDEN ROAD,201444133,22/09/2014,Mon,1400,BF,MS2V,129A 131A ,K,R,D,BF,F ,X,T,C,50,0,0,0,,,1757030,5916813
Auckland,STONEBROOK LANE,, ,I,OAKVILLE AVENUE,201416860,10/11/2014,Mon,1845,JA,CW1C,309B 375B ,,R,D,B ,F ,T,N,R,50,0,0,1,,,1770770,5908323
Auckland,STONEX ROAD,15,E, ,BERNARD ST,201450234,24/12/2014,Wed,2000,EA,CW14,129A ,M,R,D,DO,F , ,N,L,50,0,0,0,,,1766384,5907213
Auckland,STRATFORD ROAD,180,S, ,HILL ROAD,201438558,19/01/2014,Sun,1830,EA,CS1CC,129A 350A ,M,E,D,B ,F , , ,C,50,0,0,0,,,1770493,5901965
Auckland,STRID ROAD,20,E, ,EDMONTON ROAD,201410347,31/01/2014,Fri,710,EA,CE14,129A 363A ,M,R,D,BF,F , ,N,C,50,0,0,1,,,1746244,5918462
Auckland,STRONG ST,70,W, ,HOWARD HUNTER AVENUE,201442280,20/08/2014,Wed,630,DA,CE1,131A 517A ,KT,E,W,TF,L , , ,N,50,0,0,0,,,1764676,5917291
Auckland,STRONG ST,70,W, ,HOWARD HUNTER AVENUE,201442424,03/05/2014,Sat,1315,EA,BW1C,129A ,M,R,D,OF,F , ,N,N,50,0,0,0,,,1764676,5917291
Auckland,STUD WAY,, ,I,SILVIA PARK ACCESSWAY,201436742,29/05/2014,Thu,759,AC,CS1C,372A ,,M,D,B ,F ,R,G,C,30,0,0,0,,,1764012,5913250
Auckland,STURDEE ST,, ,I,CUSTOMS ST WEST,201450246,19/12/2014,Fri,1145,AC,TN1C,372A 671A ,,M,D,BF,F ,T,G,P,50,0,0,0,,,1757285,5920988
Auckland,STURDEE ST,, ,I,MARKET LANE W,201410957,07/01/2014,Tue,1730,CC,4E14CC,129A ,MMM,R,D,OF,F ,T,N,C,50,0,0,1,,,1757096,5920899
Auckland,STURGES ROAD,, ,I,BRAMBLE LANE,201443670,29/08/2014,Fri,805,DA,CE1,131A 191A 402A ,K,M,D,B ,F ,T,N,C,50,0,0,0,,,1742974,5916171
Auckland,STURGES ROAD,200,E, ,CANDIA ROAD,201439324,28/06/2014,Sat,39,DA,CW1,103A 402A ,CV,M,W,DN,L , ,N,C,70,0,0,0,,,1742381,5916224
Auckland,STURGES ROAD,150,W, ,PALOMINO DRIVE,201412380,02/04/2014,Wed,2310,EA,CW1C,410A ,M,R,D,DO,F , , ,C,50,0,0,1,,,1743731,5916838
Auckland,STURGES ROAD,25,W, ,SPRING GROVE,201433586,08/04/2014,Tue,1920,EA,CE14,331A 352A ,M,R,D,DO,F , ,N,C,50,0,0,0,,,1744433,5917675
Auckland,STURGES ROAD,, ,I,SUMMERLAND DRIVE,201434272,10/03/2014,Mon,2108,HA,CE1C,302A 375A ,,E,D,DO,F ,R,G,C,50,0,0,0,,,1743870,5916893
Auckland,STURGES ROAD,100,S, ,SWANSON ROAD,201437525,27/05/2014,Tue,1916,FD,CS1C,181A 358A ,,R,D,DO,F , , ,C,50,0,0,0,,,1744689,5917890
Auckland,STURGES ROAD,20,W, ,SWANSON ROAD,201413541,29/07/2014,Tue,1618,FE,CE1CC,103A 112A 331A ,MF,R,D,B ,F ,T,T,C,50,0,0,1,,,1744759,5917929
Auckland,STURGES ROAD,, ,I,SWANSON ROAD,201418729,27/12/2014,Sat,1300,JA,MN2V,322A 357A ,,R,D,B ,F ,T,T,C,50,0,1,0,,,1744776,5917939
Auckland,SUBWAY ROAD,70,E, ,GREAT SOUTH ROAD,201437922,13/06/2014,Fri,1700,AO,CW1V,150A 381A ,,R,D,TF,F , ,N,C,50,0,0,0,,,1772567,5896861
Auckland,SUBWAY ROAD,15,E, ,MANUKAU ROAD,201432020,15/02/2014,Sat,930,MO,CW1C,371B 922 ,,R,D,B ,F ,D, ,C,50,0,0,0,,,1769463,5880404
Auckland,SUBWAY ROAD,50,E, ,MANUKAU ROAD,201443471,09/09/2014,Tue,1040,MO,CE1,427A 501A 927 ,,M,D,B ,F ,D,N,N,20,0,0,0,,,1769498,5880410