TLANAME,CRASHROAD,CRASHDIST,CRASHDIRN,INTSN,SIDEROAD,CRASHID,CRASHDATE,CRASHDOW,CRASHTIME,MVMT,VEHICLES,CAUSES,OBJECTSSTRUCK,ROADCURVE,ROADWET,LIGHT,WTHRa,JUNCTYPE,TRAFCTRL,ROADMARK,SPDLIM,CRASHFATALCNT,CRASHSEVCNT,CRASHMINCNT,PERSAGE1,PERSAGE2,EASTING,NORTHING
Auckland,SUBWAY ROAD,, ,I,MANUKAU ROAD,201416081,01/09/2014,Mon,710,BB,VN1M,134A 370A ,,R,W,O ,L ,T,G,C,50,0,0,1,,,1769448,5880402
Auckland,SUMMER ST,230,E, ,JOHN ST,201439179,11/06/2014,Wed,1330,EA,TE1C,386A ,M,R,D,B ,F , ,N,C,50,0,0,0,,,1755239,5920115
Auckland,SUMMERLAND DRIVE,, ,I,BASRA DRIVE,201446548,24/09/2014,Wed,859,MB,CS1C,303B ,,R,D,B ,F ,T,G,P,50,0,0,0,,,1743605,5917334
Auckland,SUMMERLAND DRIVE,, ,I,SANDHURST RISE,201414199,18/07/2014,Fri,800,EA,CS1C,102A 129A ,M,R,D,BF,F ,T,G,C,50,0,0,1,,,1743666,5917133
Auckland,SUMMERLAND DRIVE,30,E, ,SOMERTON RISE,201414483,01/06/2014,Sun,39,EA,CW1C,103A 129A ,M,R,D,DO,F , ,N,P,50,0,1,0,,,1743789,5917015
Auckland,SUMMERLAND DRIVE,, ,I,WATERSTONE WAY,201417107,31/07/2014,Thu,910,JA,CS1C,302B ,,R,D,B ,F ,T,G,C,50,0,0,1,,,1743522,5917982
Auckland,SUNBURST ST,50,E, ,GROVE ROAD,201447041,09/11/2014,Sun,2100,EA,CE1C,129A ,M,R,D,DO,F , ,N,C,50,0,0,0,,,1773415,5897450
Auckland,SUNHILL ROAD,50,S, ,SUNGROVE RISE,201413200,19/03/2014,Wed,1735,EA,CN14,101A 386A ,M,R,D,B ,F , ,N,C,50,0,0,1,,,1746337,5914971
Auckland,SUNNYBRAE ROAD,, ,I,CORONATION ROAD,201412439,01/04/2014,Tue,1356,LB,CN14,322A 334A ,,R,D,B ,F ,T,T,C,50,0,0,1,,,1755432,5927366
Auckland,SUNNYBRAE ROAD,30,N, ,EVELYN PLACE,201410633,17/02/2014,Mon,530,NA,4N1E,356A 712B 724B ,,R,D,DO,F , ,N,C,50,0,1,0,84,,1755858,5926876
Auckland,SUNNYBRAE ROAD,, ,I,EVELYN PLACE,201445899,16/10/2014,Thu,820,AA,VS1V,184A 381A ,,R,D,O ,F ,T,N,C,50,0,0,0,,,1755878,5926854
Auckland,SUNNYBRAE ROAD,, ,I,NORTHCOTE ROAD,201450522,23/12/2014,Tue,1430,FB,CS1C,181A ,,E,D,O ,F ,X,G,R,50,0,0,0,,,1755962,5926779
Auckland,SUNNYBRAE ROAD,100,S, ,PORANA ROAD,201437411,26/05/2014,Mon,1726,MO,PS1C,370A 370B 801 927 ,,R,W,TO,L ,D,N,P,50,0,0,0,,,1755250,5927562
Auckland,SUNNYHAVEN AVENUE,10,W, ,RANGATIRA ROAD,201431028,14/02/2014,Fri,1456,MF,CW1T,371B ,,R,D,B ,F ,T,N,C,50,0,0,0,,,1750563,5926836
Auckland,SUNNYNOOK ROAD,50,N, ,BECROFT DRIVE,201447516,15/10/2014,Wed,29,CA,CN1,102A 130A 359A 817 ,G,R,D,DO,F , , ,C,50,0,0,0,,,1755380,5930364
Auckland,SUNNYNOOK ROAD,100,S, ,EAST COAST ROAD,201412525,23/04/2014,Wed,1635,MA,CS1C,373B ,M,R,D,B ,F , , ,C,50,0,0,1,,,1755914,5931248
Auckland,SUNNYNOOK ROAD,, ,I,LINK DRIVE,201437197,30/05/2014,Fri,2100,HA,CW1C,302A 375A ,,R,D,DO,F ,R,G,C,50,0,0,0,,,1755051,5930062
Auckland,SUNNYNOOK ROAD,, ,I,LINK DRIVE,201414894,03/08/2014,Sun,907,HA,CN1C,302A 375A ,,R,W,OF,L ,R,G,N,50,0,0,1,,,1755051,5930062
Auckland,SUNNYNOOK ROAD,, ,I,SYCAMORE DRIVE,201431208,05/03/2014,Wed,2019,JC,CE2C,300A ,,R,D,DO,F ,T,T,P,50,0,0,0,,,1755414,5930442
Auckland,SUNNYNOOK ROAD,80,E, ,TARGET ROAD,201442886,18/08/2014,Mon,1105,EA,CE1CC,198A ,M,E,D,B ,F , ,N,C,50,0,0,0,,,1754764,5929868
Auckland,SUNNYNOOK ROAD,, ,I,TARGET ROAD,201442550,09/09/2014,Tue,2032,DB,CS1,111A 131A ,P,R,W,DO,F ,R,G,R,50,0,0,0,,,1754707,5929808
Auckland,SUNNYSIDE ROAD,80,S, ,AWAROA ROAD,201412066,26/04/2014,Sat,810,EA,CN1C,129A 386A ,M,R,D,O ,F , ,N,C,50,0,0,1,,,1745695,5915489
Auckland,SUNNYSIDE ROAD,1000,W, ,GREEN ROAD,201435411,10/05/2014,Sat,112,DA,CW1,102A 111A ,T,M,W,DN,M , ,N,C,80,0,0,0,,,1746597,5937229
Auckland,SUNNYSIDE ROAD,770,N, ,ROBINSON ROAD,201442596,05/08/2014,Tue,1500,DA,CN1,111A 135A 801 ,,S,W,BN,L , ,N,N,80,0,0,0,,,1745585,5937405
Auckland,SUNNYVALE ROAD,460,N, ,CROWS ROAD,201438536,18/05/2014,Sun,1915,DA,CN1,103A 131A ,E,E,D,DN,F , , ,C,80,0,0,0,,,1740372,5920609
Auckland,SUNNYVALE ROAD,300,S, ,CROWS ROAD,201448069,19/07/2014,Sat,2245,DB,CN1,111A 131A 801 ,FP,E,W,DF,L , , ,C,70,0,0,0,,,1740304,5920475
Auckland,SUNNYVALE ROAD,2000,W, ,CROWS ROAD,201448403,08/10/2014,Wed,1938,DB,CW1,135A 810 ,E,M,D,ON,F , ,N,C,70,0,0,0,,,1741085,5921887
Auckland,SUNNYVALE ROAD,300,S, ,HASZARD ROAD,201446861,24/10/2014,Fri,19,CC,CS1,112A 431A ,P,R,W,DO,F , ,N,N,70,0,0,0,,,1740866,5921465
Auckland,SUNNYVALE ROAD,550,S, ,HASZARD ROAD,201411000,12/01/2014,Sun,807,DA,CN1,111A 131A 402A 801 ,ET,M,W,O ,L , , ,C,80,0,0,1,,,1740715,5921279
Auckland,SUNNYVALE ROAD,20,S, ,RED HILLS ROAD,201433426,26/03/2014,Wed,1111,MC,CS1C,372B ,,R,D,OF,F , ,N,C,70,0,0,0,,,1741122,5921944
Auckland,SUNNYVALE ROAD E,220,N, ,CROWS ROAD,201436643,16/05/2014,Fri,1015,DB,CN1,111A 134A ,,E,D,B ,F , ,N,C,80,0,0,0,,,1740284,5920409
Auckland,SUNRISE AVENUE,60,W, ,WISTERIA WAY,201441064,21/07/2014,Mon,1501,FD,CE1C,181A 331A ,,R,W,OF,F , ,N,C,50,0,0,0,,,1755406,5933082
Auckland,SUNSET ROAD,, ,I,CARIBBEAN DRIVE,201418036,20/11/2014,Thu,1515,LB,CN1M,302A 375A ,,S,D,BF,F ,R,G,R,50,0,0,1,,,1753835,5930216
Auckland,SUNSET ROAD,, ,I,CARIBBEAN DRIVE,201446512,22/10/2014,Wed,1201,HA,CE2C,302A ,,E,D,B ,F ,X,G,R,50,0,0,0,,,1753822,5930211
Auckland,SUNSET ROAD,, ,I,DON MCKINNON DRIVE,201446060,07/10/2014,Tue,1050,GB,CS2C,172A 330A ,,E,D,O ,F ,R,G,C,50,0,0,0,,,1752589,5933604
Auckland,SUNSET ROAD,70,N, ,GIRRAHWEEN DRIVE,201447203,15/07/2014,Tue,2025,AO,CN1C,158A 357A ,,R,D,DO,F , , ,C,50,0,0,0,,,1753648,5929965
Auckland,SUNSET ROAD,200,E, ,GLENFIELD ROAD,201439093,04/07/2014,Fri,1800,EA,CW1C,129A ,M,R, ,DO,F , ,N,C,50,0,0,0,,,1753582,5929889
Auckland,SUNSET ROAD,, ,I,JUNIPER ROAD,201411523,11/03/2014,Tue,819,JC,CN2V,302A ,,R,D,BF,F ,T,G,C,50,0,0,1,,,1755069,5931484
Auckland,SUNSET ROAD,40,W, ,NORTHERN BUSWAY,201445219,02/10/2014,Thu,1515,EC,CE1,357A 385A ,I,E,D,O ,F , , ,R,50,0,0,0,,,1754361,5931153
Auckland,SUNSET ROAD,10,E, ,RAMP ROAD,201447212,03/11/2014,Mon,1630,KB,CW1C,308B 929 ,,R,D,B ,F ,D,N,C,50,0,0,0,,,1754753,5931310
Auckland,SUNSET ROAD,, ,I,RAMP ROAD,201442500,21/08/2014,Thu,1713,JA,CE1C,301B 375B ,,R,D,OF,F ,T,S,C,50,0,0,0,,,1754745,5931304
Auckland,SUNSET ROAD,, ,I,SYCAMORE DRIVE,201438840,17/07/2014,Thu,945,KB,TE1C,302B 375B ,,R,D,BF,F ,T,G,C,50,0,0,0,,,1754661,5931244
Auckland,SUNWARD RISE,170,S, ,POWRIE ST,201436750,27/05/2014,Tue,859,DB,CN1T,129A 363A 902 ,M,E,D,B ,F , ,N,N,50,0,0,0,,,1753417,5927491
Auckland,SURREY CRESCENT,, ,I,BROWNING ST,201413956,09/05/2014,Fri,1900,MA,VW1C,373B ,,E,W,DO,F ,T,N,C,50,0,0,1,,,1754642,5919008
Auckland,SURREY CRESCENT,, ,I,BULLOCK TRACK,201444865,15/11/2014,Sat,1953,KA,BW1C,302B 423B ,,E,W,DO,H ,T,G,R,50,0,0,0,,,1754188,5918876
Auckland,SURREY CRESCENT,, ,I,FIRTH ROAD,201412795,19/04/2014,Sat,1450,JA,TS1C,302B 375B ,,E,D,BF,F ,X,G,C,50,0,0,1,,,1754682,5918989
Auckland,SURREY CRESCENT,30,N, ,GREAT NORTH ROAD,201417569,09/11/2014,Sun,1230,EE,SS1C,374B ,Q,R,D,BF,F , ,N,R,50,0,1,0,,26,1754863,5918787
Auckland,SURREY CRESCENT,, ,I,STANMORE ROAD,201447269,08/11/2014,Sat,1350,GB,CN1C,312A 330A ,,R,D,B ,F ,T,G,C,50,0,0,0,,,1754381,5918975
Auckland,SUTTON CRESCENT,, ,I,GREAT SOUTH ROAD,201443362,11/09/2014,Thu,2010,MO,CE1C,371A ,M,R,D,DO,F ,T,N,C,50,0,0,0,,,1765734,5906735
Auckland,SUTTON CRESCENT,140,S, ,KOLMAR ROAD,201436565,27/04/2014,Sun,1115,MO,CN1C,372A 386A ,,R,D,B ,F , , ,C,50,0,0,0,,,1765479,5906637
Auckland,SUTTON ROAD,500,S, ,OPAHEKE ROAD,201444874,11/11/2014,Tue,1930,DB,4S1,129A 133A ,V,S,W,DN,L , ,N,L,50,0,0,0,,,1773927,5893638
Auckland,SUTTON ROAD,500,S, ,PONGA ROAD,201431705,22/01/2014,Wed,1718,DA,CN1,104A 116A 131A 817 ,,S,D,O ,F , , ,N,80,0,0,0,,,1773927,5893638
Auckland,SUTTON ROAD,550,E, ,YORK ST,201416024,03/10/2014,Fri,1700,BC,CE1C,121A ,,M,W,O ,LS, ,N,C,100,0,0,2,,,1773686,5892833
Auckland,SWAFFIELD ROAD,, ,I,MCLEAN AVENUE S,201435305,05/05/2014,Mon,1409,LB,4S1C,303B ,,R,W,O ,L ,X,G,C,50,0,0,0,,,1764444,5906690
Auckland,SWAFFIELD ROAD,70,S, ,MIDDLEMORE CRESCENT N,201418691,15/12/2014,Mon,1515,BE,CS1C,129A 358A ,,R,D,BF,F , ,N,C,50,0,0,2,,,1764018,5907209
Auckland,SWAFFIELD ROAD,, ,I,MIDDLEMORE CRESCENT N,201439156,17/06/2014,Tue,1204,GE,VN1C,157A 145B ,,R,W,O ,F ,T,N,C,50,0,0,0,,,1763987,5907271
Auckland,SWAFFIELD ROAD,15,N, ,ROSS AVENUE,201442697,04/10/2014,Sat,103,BA,CS1C,103A 120A ,M,R,D,DO,F ,T,G,C,50,0,0,0,,,1764347,5906772
Auckland,SWAFFIELD ROAD,20,S, ,ROSS AVENUE,201443917,13/10/2014,Mon,1600,MO,CN1C,371A ,M,R,D,BF,F , ,N,C,50,0,0,0,,,1764374,5906750
Auckland,SWAFFIELD ROAD,, ,I,WOOLFIELD ROAD,201450260,23/12/2014,Tue,1900,KB,CW1C,301B 351B 375B ,,R,D,DO,F ,T,S,N,50,0,0,0,,,1764533,5906614
Auckland,SWAN HILL DRIVE,80,S, ,WEST COAST ROAD,201416220,16/08/2014,Sat,1800,FA,CN1C,331A 359A ,,R,D,TF,F , , ,N,50,0,0,1,,,1746669,5913917
Auckland,SWANSON ROAD,50,S, ,AFTON PLACE,201410089,10/02/2014,Mon,1616,NA,CS1E,710B ,,R,D,B ,F , , ,C,50,0,0,1,18,,1743214,5919138
Auckland,SWANSON ROAD,, ,I,AFTON PLACE,201412982,28/05/2014,Wed,,HA,CN2P,302A ,,R,D,DO,F ,T,G,C,50,0,0,2,,,1743253,5919169
Auckland,SWANSON ROAD,140,E, ,AIRDRIE ROAD,201433218,20/03/2014,Thu,757,JA,CW1C,308B 363B 902 929 ,,R,D,BF,F ,D,N,P,50,0,0,0,,,1742219,5919014
Auckland,SWANSON ROAD,90,E, ,BAHARI DRIVE,201431278,01/03/2014,Sat,1920,EA,TE1C,358A ,M,R,D,OF,F , ,N,C,50,0,0,0,,,1743322,5919227
Auckland,SWANSON ROAD,200,W, ,BAHARI DRIVE,201447532,27/09/2014,Sat,1926,EA,CN1C,103A 129A 330A 801 ,M,R,W,TO,L , , ,C,50,0,0,0,,,1743089,5919059
Auckland,SWANSON ROAD,100,S, ,BRICK ST,201414009,30/06/2014,Mon,1554,MA,CS1V,373B 402B ,,R,W,O ,F , ,N,C,50,0,0,1,,,1744034,5918719
Auckland,SWANSON ROAD,, ,I,CHRISTIAN ROAD,201435012,25/04/2014,Fri,2123,CB,CW1,104A 108A 358A ,ST,R,D,DO,F ,T,N,C,50,0,0,0,,,1740207,5918886
Auckland,SWANSON ROAD,40,W, ,CHURCH ST,201437301,11/06/2014,Wed,1200,EA,CW1C,129A ,M,R,W,OF,H , ,N,C,50,0,0,0,,,1740782,5918854
Auckland,SWANSON ROAD,300,W, ,CHURCH ST,201412727,21/01/2014,Tue,1924,CB,CW1,197A ,P,R,D,BF,F , ,N,C,50,0,0,1,,,1740526,5918856
Auckland,SWANSON ROAD,, ,I,DON BUCK ROAD,201439096,15/06/2014,Sun,1130,AA,CS2C,381A ,,E, ,BF,  ,R,G,R,50,0,0,0,,,1743681,5919384
Auckland,SWANSON ROAD,, ,I,DON BUCK ROAD,201449114,27/11/2014,Thu,720,HA,CS2C,302A 375A ,,R,D,BF,F ,R,G,R,50,0,0,0,,,1743670,5919383
Auckland,SWANSON ROAD,, ,I,DON BUCK ROAD,201430674,11/02/2014,Tue,2100,GB,4N14,181A 387A 142B ,,E,D,DO,F ,R,G,R,50,0,0,0,,,1743697,5919354
Auckland,SWANSON ROAD,, ,I,DON BUCK ROAD,201416927,11/09/2014,Thu,810,HA,CE1M,302A ,,M,D,BF,F ,R,G,R,50,0,0,1,,,1743666,5919379
Auckland,SWANSON ROAD,, ,I,DON BUCK ROAD,201430007,05/01/2014,Sun,1135,AC,CN1C,372A ,,R,D,BF,F ,R,G,C,50,0,0,0,,,1743668,5919381
Auckland,SWANSON ROAD,, ,I,DON BUCK ROAD,201434681,26/03/2014,Wed,1647,GF,BN1C,381A 671A ,,M,D,OF,F ,R,G,R,50,0,0,0,,,1743697,5919354
Auckland,SWANSON ROAD,, ,I,DON BUCK ROAD,201411161,05/04/2014,Sat,1527,GB,CE1M,172B ,,E,D,B ,F ,R,G,C,50,0,0,1,,,1743666,5919379
Auckland,SWANSON ROAD,60,S, ,FRANK EVANS PLACE,201437771,20/05/2014,Tue,810,GB,SS1C,372B 671B 929 ,,R,D,B ,F ,D,N,C,50,0,0,0,,,1744006,5918799
Auckland,SWANSON ROAD,50,N, ,GREAT NORTH ROAD,201444052,05/09/2014,Fri,1813,GC,CN1C,353B 372B 930 ,,R,W,DO,L ,D,N,C,50,0,0,0,,,1745021,5917777
Auckland,SWANSON ROAD,5,S, ,LARNOCH ROAD,201448895,27/10/2014,Mon,2050,FE,VN1C,103A 387A 801 ,,E,W,DO,L ,T,T,C,50,0,0,0,,,1743921,5919054
Auckland,SWANSON ROAD,, ,I,LARNOCH ROAD,201441781,13/08/2014,Wed,757,AO,CW14,159A 357A 357B ,,R,W,B ,L ,T,T,R,50,0,0,0,,,1743920,5919059
Auckland,SWANSON ROAD,50,W, ,LINCOLN ROAD,201430003,03/01/2014,Fri,1820,AE,CN1C,159A ,,R,D,BF,F , ,N,L,50,0,0,0,,,1745021,5917777
Auckland,SWANSON ROAD,100,W, ,LINCOLN ROAD,201414400,11/07/2014,Fri,512,CB,CE1,410A ,X,R,D,DO,F , ,N,C,50,0,0,1,,,1744979,5917805
Auckland,SWANSON ROAD,30,W, ,LUANDA DRIVE,201416601,16/10/2014,Thu,1606,EA,4E1C,410A ,M,E,D,B ,F , , ,C,50,0,0,1,,,1742426,5918995
Auckland,SWANSON ROAD,, ,I,METCALFE ROAD,201440246,11/07/2014,Fri,1820,LB,CN1C,302A 375A 801 ,,M,W,DO,L ,R,G,C,50,0,0,0,,,1743803,5919226
Auckland,SWANSON ROAD,10,W, ,NORTH CANDIA ROAD,201431991,20/03/2014,Thu,840,FF,CW1T,331A ,,R,D,BF,F ,T,S,P,50,0,0,0,,,1741490,5918931
Auckland,SWANSON ROAD,50,S, ,RAKICH PLACE,201439644,30/06/2014,Mon,1030,FD,4N1C,181A ,,R,W,O ,L , , ,R,50,0,0,0,,,1743899,5919101
Auckland,SWANSON ROAD,150,E, ,RATHGAR ROAD,201415853,20/09/2014,Sat,1142,NF,CN1EE,370A 710B 710C 927 ,,R,D,B ,F ,D,N,P,50,0,0,2,1,,1744552,5918107
Auckland,SWANSON ROAD,100,W, ,RATHGAR ROAD,201416654,30/10/2014,Thu,1247,CB,CE1,505A 524A ,P,R,D,B ,F , , ,C,50,0,0,1,,,1744357,5918263
Auckland,SWANSON ROAD,320,W, ,RATHGAR ROAD,201437304,31/05/2014,Sat,1215,FF,VW1C,357A ,,R,D,BF,F , ,N,C,50,0,0,0,,,1744193,5918409
Auckland,SWANSON ROAD,, ,I,RATHGAR ROAD,201440241,14/06/2014,Sat,1359,LB,CS1TC,303A ,,R,D,B ,F ,T,T,C,50,0,0,0,,,1744434,5918200
Auckland,SWANSON ROAD,60,N, ,STURGES ROAD,201430974,11/01/2014,Sat,2245,CA,MN1,103A 133A ,,R,D,DO,F , ,N,C,50,0,0,0,,,1744729,5917975
Auckland,SWANSON ROAD,100,W, ,STURGES ROAD,201414413,28/06/2014,Sat,1839,MA,4E1C,373B 375B ,,R,D,DO,F , ,N,P,50,0,0,1,,,1744696,5917999
Auckland,SWANSON ROAD,, ,I,STURGES ROAD,201415272,10/08/2014,Sun,1722,JA,CN1C,322A ,,R,D,OF,F ,T,T,L,50,0,0,2,,,1744776,5917939
Auckland,SWANSON ROAD,, ,I,STURGES ROAD,201446305,18/09/2014,Thu,600,KB,BS1C,322B ,,R,D,BF,F ,T,T,L,50,0,0,0,,,1744776,5917939
Auckland,SWANSON ROAD,, ,I,STURGES ROAD,201450205,01/11/2014,Sat,1425,FE,CS1C,181A ,,R,D,BF,F ,T,T,C,50,0,0,0,,,1744776,5917939
Auckland,SWANSON ROAD,, ,I,STURGES ROAD,201433427,29/03/2014,Sat,2050,FE,CN1C,181A ,,R,D,DO,F ,T,T,C,50,0,0,0,,,1744776,5917939
Auckland,SWANSON ROAD,, ,I,UNIVERSAL DRIVE,201440562,08/07/2014,Tue,1745,HA,CS2C,302A 375A 402A 901 903 ,,E,W,DO,HS,R,G,R,50,0,0,0,,,1743701,5919360
Auckland,SWANSON ROAD,60,E, ,WAITEMATA DRIVE,201400101,07/05/2014,Wed,2255,DB,CE1,131A 901 ,T,E,W,DO,H , , ,C,50,1,0,0,,,1743169,5919100
Auckland,SWANSON ROAD W,, ,I,DON BUCK ROAD,201449626,12/12/2014,Fri,1445,AA,TN1C,129A 386A ,,S,D,O ,F ,R,G,C,50,0,0,0,,,1743668,5919381
Auckland,SWANSON ST,20,W, ,FEDERAL ST,201443353,03/09/2014,Wed,810,GA,CW1M,331A 355A ,,R,D,O ,F ,T,N,C,50,0,0,0,,,1757233,5920797
Auckland,SYCAMORE DRIVE,70,S, ,LAURINA ROAD,201431228,25/02/2014,Tue,1623,JA,CN1C,308B 353B 377B 925 ,,R,D,BF,F ,D,N,C,50,0,0,0,,,1754809,5931074
Auckland,SYCAMORE DRIVE,, ,I,LAURINA ROAD,201417495,01/11/2014,Sat,1940,GE,CE1C,387A 145B ,,R,D,BF,F ,T,N,C,50,0,0,1,,,1754758,5931121
Auckland,SYCAMORE DRIVE,10,S, ,MOWBRAY PLACE,201415681,21/08/2014,Thu,1815,CB,CN1T,129A 330A 350A ,M,R,D,DO,F ,T,N,N,50,0,0,1,,,1755084,5930772
Auckland,SYCAMORE DRIVE,40,N, ,SUNNYNOOK ROAD,201445896,08/10/2014,Wed,1640,FO,CS1B,330A 386A ,M,R,D,O ,F , , ,C,50,0,0,0,,,1755377,5930457
Auckland,SYCAMORE DRIVE,, ,I,SUNNYNOOK ROAD,201447562,07/11/2014,Fri,1835,FB,CE1C,181A 331A 434A ,,R,D,B ,F ,T,S,C,50,0,0,0,,,1755414,5930442
Auckland,SYCAMORE DRIVE,110,S, ,SUNSET ROAD,201437198,15/05/2014,Thu,2300,EA,CN1C,129A ,M,E,D,DN,F , ,N,C,50,0,0,0,,,1754717,5931150
Auckland,SYCAMORE DRIVE,, ,I,SUNSET ROAD,201439434,20/06/2014,Fri,1855,FB,CN1C,181A ,,R,D,DO,F ,T,G,C,50,0,0,0,,,1754661,5931244
Auckland,SYKES ROAD,30,S, ,ASHMERE LANE,201400117,24/05/2014,Sat,1244,NA,CN1E,712B 713B 727B ,,R,D,O ,F , , ,L,50,1,0,0,5,,1767197,5899394
Auckland,SYKES ROAD,20,S, ,WEYMOUTH ROAD,201434312,09/04/2014,Wed,1830,MO,CN1C,386A ,M,R,D,TO,F , , ,C,50,0,0,0,,,1766947,5899998
Auckland,SYLVAN AVENUE,40,S, ,EXMOUTH ROAD,201449851,07/12/2014,Sun,2115,MO,CS1C,371A 929 ,M,R,D,DO,F ,D,N,C,50,0,0,0,,,1756477,5925161
Auckland,SYLVIA PARK ROAD,15,E, ,GREAT SOUTH ROAD,201417992,02/12/2014,Tue,1950,FA,VW1S,181A 902 ,,R,D,B ,F , , ,C,50,0,0,1,,36,1763201,5911863
Auckland,SYLVIA PARK ROAD,15,E, ,GREAT SOUTH ROAD,201437402,24/05/2014,Sat,920,FF,CE1CTC,331A 191B 191C 205D ,,R,D,B ,F , , ,R,50,0,0,0,,,1763201,5911863
Auckland,SYLVIA PARK ROAD,350,E, ,GREAT SOUTH ROAD,201442026,16/07/2014,Wed,830,GD,TE1T,331A 363A 922 ,,R,D,BF,F ,D,N,C,50,0,0,0,,,1763509,5911993
Auckland,SYMONDS OFF NBD,50,E, ,SYMONDS ST,201431825,15/02/2014,Sat,2320,DA,4W1,103A ,C,E,D,DN,F , ,N,N,100,0,0,0,,,1757112,5919058
Auckland,SYMONDS OFF NBD,100,E, ,SYMONDS ST,201449891,14/12/2014,Sun,1313,CB,CN1,112A 130A ,C,R,W,OF,L , ,N,N,80,0,0,0,,,1757155,5919032
Auckland,SYMONDS OFF NBD,30,N, ,WELLESLEY OFF NBD,201438588,27/06/2014,Fri,1440,DA,CN1,111A 131A 801 ,C,M,W,O ,L , , ,N,80,0,0,0,,,1757243,5918896
Auckland,SYMONDS OFF NBD,, ,I,WELLESLEY OFF NBD,201437329,03/04/2014,Thu,2142,DB,CN1,110A 132A 410A 901 ,G,R,W,DO,H ,Y,N,C,80,0,0,0,,,1757262,5918872
Auckland,SYMONDS OFF NBD,, ,I,WELLESLEY OFF NBD,201450168,09/12/2014,Tue,1620,AA,VN1T,355A 372A ,,E,D,O ,F ,T,N,P,80,0,0,0,,,1757262,5918872
Auckland,SYMONDS ON SBD,15,S, ,KARANGAHAPE ROAD,201439256,10/06/2014,Tue,1740,MA,CS1C,371B ,,E,W,DO,L ,M,T,C,50,0,0,0,,,1757213,5919367
Auckland,SYMONDS ON SBD,, ,I,KARANGAHAPE ROAD,201442119,14/08/2014,Thu,345,CB,CS1,129A ,CG,R,W,DO,L ,M,G,N,50,0,0,0,,,1757215,5919382
Auckland,SYMONDS ST,90,S, ,ALEX EVANS ST,201435586,22/04/2014,Tue,745,MO,CN1C,371A ,M,R,D,O ,F , , ,C,50,0,0,0,,,1757028,5919001
Auckland,SYMONDS ST,, ,I,ALEX EVANS ST,201442028,15/07/2014,Tue,1304,JA,CN1C,322A 334A ,,R,D,OF,F ,X,T,N,50,0,0,0,,,1757068,5919082
Auckland,SYMONDS ST,, ,I,ALEX EVANS ST,201446441,27/10/2014,Mon,1400,AA,CN1C,372A ,,R,D,OF,F ,X,T,C,50,0,0,0,,,1757068,5919082
Auckland,SYMONDS ST,15,N, ,CITY ROAD,201433387,03/04/2014,Thu,1800,AA,CS1C,381A ,,R,W,DO,L ,X,T,C,50,0,0,0,,,1757332,5919518
Auckland,SYMONDS ST,50,N, ,CITY ROAD,201418256,02/12/2014,Tue,1738,NA,CN1E,713B ,,R,D,B ,F , , ,P,50,0,0,1,22,,1757355,5919544
Auckland,SYMONDS ST,, ,I,CITY ROAD,201414771,02/08/2014,Sat,2040,LB,PN1C,303B 377B ,,R,D,DO,F ,T,G,C,50,0,1,1,,,1757321,5919507
Auckland,SYMONDS ST,, ,I,GRAFTON BR,201441404,21/07/2014,Mon,113,CB,CS1,103A 130A ,C,R,D,DO,F ,X,T,R,50,0,0,0,,,1757215,5919382
Auckland,SYMONDS ST,10,N, ,GRAFTON BRIDGE,201434264,11/02/2014,Tue,1634,AO,BS1S,129A ,,M,D,B ,F ,X,T, ,50,0,0,0,,,1757220,5919391
Auckland,SYMONDS ST,15,S, ,GRAFTON BRIDGE,201433394,23/03/2014,Sun,700,MC,CS1V,103A 410A 103B 372B 410B ,,R,D,DO,F , ,N,L,50,0,0,0,,,1757208,5919369
Auckland,SYMONDS ST,, ,I,GRAFTON BRIDGE,201442427,07/08/2014,Thu,1830,FE,CS1CC,181A ,,R,D,DO,F ,X,T,C,50,0,0,0,,,1757215,5919382
Auckland,SYMONDS ST,, ,I,GRAFTON BRIDGE,201436373,24/03/2014,Mon,1715,FE,CN1C,181A ,,R,D,BF,F ,X,T,C,50,0,0,0,,,1757215,5919382
Auckland,SYMONDS ST,10,W, ,GRAFTON ROAD,201437247,16/04/2014,Wed,1830,AC,CN1C,372A ,,R,D,DO,L ,T,T,L,50,0,0,0,,,1757830,5920089
Auckland,SYMONDS ST,10,N, ,KARANGAHAPE ROAD,201435238,13/03/2014,Thu,2123,FE,CS1CX,181A 423A 181B ,,R,D,DO,F ,X,T,C,50,0,0,0,,,1757220,5919391
Auckland,SYMONDS ST,20,N, ,KARANGAHAPE ROAD,201447727,12/11/2014,Wed,1225,FD,CN1C,181A 331A ,,R,D,B ,F , , ,C,50,0,0,0,,,1757225,5919400
Auckland,SYMONDS ST,30,S, ,KARANGAHAPE ROAD,201436430,24/04/2014,Thu,1600,AA,CN1V,372A ,,R,D,OF,F , ,N,C,50,0,0,0,,,1757202,5919355
Auckland,SYMONDS ST,, ,I,KARANGAHAPE ROAD,201433381,01/03/2014,Sat,745,AC,CN1C,381A ,,R,D,BF,F ,X,T,C,50,0,0,0,,,1757215,5919382
Auckland,SYMONDS ST,, ,I,KARANGAHAPE ROAD,201444169,25/07/2014,Fri,1630,MG,CN1C,371B ,,R,W,DO,F ,T,T,C,50,0,0,0,,,1757215,5919382
Auckland,SYMONDS ST,, ,I,KHYBER PASS ROAD,201411790,31/03/2014,Mon,654,LB,MW2C,303B ,,E,D,DO,F ,X,T,R,50,0,0,1,,,1756969,5918790
Auckland,SYMONDS ST,40,W, ,MANUKAU ROAD,201445105,30/09/2014,Tue,1630,JA,CE1C,308B 927 ,,R,D,B ,F ,D, ,C,50,0,0,0,,,1758213,5913344
Auckland,SYMONDS ST,, ,I,MOUNT EDEN ROAD,201449820,05/12/2014,Fri,2237,AA,CS1C,372A ,,E,D,DO,F ,Y,T,C,50,0,0,0,,,1756935,5918650
Auckland,SYMONDS ST,, ,I,MOUNT ST,201439100,22/05/2014,Thu,500,EA,CS1CC,129A 410A ,MP,R,W,DO,F ,T,N,C,50,0,0,0,,,1757575,5919779
Auckland,SYMONDS ST,10,N, ,NEWTON ROAD,201433941,27/03/2014,Thu,1805,AO,BN1C,386A ,,R,D,B ,F ,X,T,C,50,0,0,0,,,1756971,5918800
Auckland,SYMONDS ST,50,N, ,NEWTON ROAD,201444101,28/08/2014,Thu,856,AA,MN1X,372A ,,R,D,BF,F , ,N,R,50,0,0,0,,,1756982,5918838