TLANAME,CRASHROAD,CRASHDIST,CRASHDIRN,INTSN,SIDEROAD,CRASHID,CRASHDATE,CRASHDOW,CRASHTIME,MVMT,VEHICLES,CAUSES,OBJECTSSTRUCK,ROADCURVE,ROADWET,LIGHT,WTHRa,JUNCTYPE,TRAFCTRL,ROADMARK,SPDLIM,CRASHFATALCNT,CRASHSEVCNT,CRASHMINCNT,PERSAGE1,PERSAGE2,EASTING,NORTHING
Auckland,SYMONDS ST,, ,I,NEWTON ROAD,201439090,05/07/2014,Sat,15,GB,CN1C,172B ,,R,D,DO,F ,X,T,R,50,0,0,0,,,1756969,5918790
Auckland,SYMONDS ST,40,N, ,ST MARTINS LANE,201444739,26/08/2014,Tue,1020,EA,BS1C,512A ,M,R,D,BF,F , ,N,L,50,0,0,0,,,1757357,5919546
Auckland,SYMONDS ST,, ,I,ST MARTINS LANE N,201416154,24/09/2014,Wed,1617,JA,CS1X,200A 377A 301B 375B ,,R,D,B ,F ,T,S,C,50,0,0,1,,,1757330,5919516
Auckland,SYMONDS ST,, ,I,SYMONDS OFF NBD,201418187,19/12/2014,Fri,1610,JA,CS1C,322A 334A ,,R,D,B ,F ,X,T,C,50,0,0,2,,,1757068,5919082
Auckland,SYMONDS ST,250,N, ,WAKEFIELD ST,201417936,26/11/2014,Wed,810,AO,BN1S,129A 208A ,,R,D,B ,F , , ,C,50,0,1,0,,51,1757626,5919848
Auckland,SYMONDS ST,30,S, ,WAKEFIELD ST,201436639,12/05/2014,Mon,845,FD,CW1CV,181A ,,R,D,B ,F , ,N,C,50,0,0,0,,,1757397,5919592
Auckland,SYMONDS ST,, ,I,WAKEFIELD ST,201436891,23/04/2014,Wed,2010,LB,CS1C,302B 370B ,,M,D,DO,F ,T,G,R,50,0,0,0,,,1757417,5919614
Auckland,SYMONDS ST,5,S, ,WATERLOO QUADRANT,201446020,18/10/2014,Sat,2140,FE,CN1C,331A 901 ,,R,W,DO,H ,X,T,C,50,0,0,0,,,1758015,5920273
Auckland,SYMONDS ST,20,N, ,WELLESLEY ST EAST,201442916,12/08/2014,Tue,1820,MO,BS1V,357A 386A 209B ,M,R,D,DO,F , , ,C,50,0,0,0,,,1757668,5919898
Auckland,SYMONDS ST,, ,I,WELLESLEY ST EAST S,201416646,23/10/2014,Thu,1226,LB,SN1P,303B 375B ,,R,W,O ,  ,M,T,C,50,0,0,2,,40,1757636,5919862
Auckland,SYMONDS ST,5,N, ,WHITAKER PLACE,201437828,21/05/2014,Wed,1850,AC,CN1C,372A ,,R,W,DO,F ,T,N,C,50,0,0,0,,,1757427,5919626
Auckland,TACOMA ROAD,100,W, ,LANGLEY ROAD N,201438611,20/03/2014,Thu,2140,DB,CW1T,131A 502A ,M,M,D,DO,F , , ,N,50,0,0,0,,,1765652,5902652
Auckland,TAHAROTO ROAD,70,N, ,DOMINION ST,201417249,06/11/2014,Thu,859,GA,CS1CC,181A 331A 181B 801 930 ,,R,W,O ,L ,D, ,C,50,0,0,1,,,1757083,5927098
Auckland,TAHAROTO ROAD,100,N, ,DOMINION ST,201440945,01/09/2014,Mon,915,FD,CS1C,181A ,,R,W,OF,H , ,N,C,50,0,0,0,,,1757062,5927120
Auckland,TAHAROTO ROAD,, ,I,FRED THOMAS DRIVE,201430131,02/02/2014,Sun,1655,FB,CS1C,331A 412A ,,M,D,BF,F ,X,T,P,50,0,0,0,,,1757222,5926964
Auckland,TAHAROTO ROAD,, ,I,FRED THOMAS DRIVE,201434281,11/03/2014,Tue,2138,LB,BW1C,303B 375B 402B ,,E,D,DO,F ,X,T,C,50,0,0,0,,,1757222,5926964
Auckland,TAHAROTO ROAD,40,N, ,KARAKA ST,201430788,15/01/2014,Wed,1621,AA,CN1C,372A ,,R,D,OF,F , ,N,C,50,0,0,0,,,1756939,5927250
Auckland,TAHAROTO ROAD,20,S, ,KARAKA ST,201417890,05/11/2014,Wed,1700,FD,CN1C,181A 331A 359A ,,R,D,B ,F , , ,C,50,0,0,1,,,1756981,5927206
Auckland,TAHAROTO ROAD,, ,I,KARAKA ST,201439328,28/06/2014,Sat,1447,AA,CN1C,372A 671A ,,R,W,O ,H ,T,N,C,50,0,0,0,,,1756967,5927221
Auckland,TAHAROTO ROAD,200,N, ,KILLARNEY ST,201442893,30/08/2014,Sat,2200,MO,4N1C,101A 129A 930 ,,R,W,DO,F ,D,N,C,50,0,0,0,,,1757079,5927102
Auckland,TAHAROTO ROAD,5,S, ,NGAIO ST,201418746,17/12/2014,Wed,1357,LB,4N1CC,314B 377B 927 ,,R,D,O ,F ,D, ,P,50,0,1,0,,,1756924,5927266
Auckland,TAHAROTO ROAD,110,S, ,NGAIO ST,201434720,17/04/2014,Thu,1110,EC,CS1,821 901 903 ,X,R,W,OF,HS, ,N,C,50,0,0,0,,,1756997,5927189
Auckland,TAHAROTO ROAD,10,N, ,NORTHCOTE ROAD,201444209,04/09/2014,Thu,1610,FE,CS1C,181A 331A 801 ,,R,W,O ,L ,X,T,C,50,0,0,0,,,1756711,5927491
Auckland,TAHAROTO ROAD,5,S, ,NORTHCOTE ROAD,201430667,12/02/2014,Wed,1650,LB,CN1C,303B 314B 926 ,,R,D,B ,F ,D,T,C,50,0,0,0,,,1756721,5927480
Auckland,TAHAROTO ROAD,30,S, ,NORTHCOTE ROAD,201432758,07/03/2014,Fri,1045,AC,BN1V,381A ,,R,D,B ,F , , ,P,50,0,0,0,,,1756739,5927462
Auckland,TAHAROTO ROAD,180,S, ,NORTHCOTE ROAD,201442543,03/09/2014,Wed,1740,LB,CS1C,303B 377B 929 ,,R,D,OF,F ,D,N,C,50,0,0,0,,,1756842,5927353
Auckland,TAHAROTO ROAD,, ,I,NORTHCOTE ROAD,201444212,12/09/2014,Fri,720,FE,CN1C,181A 331A ,,S,W,O ,L ,X,T,R,50,0,0,0,,,1756718,5927483
Auckland,TAHAROTO ROAD,, ,I,NORTHCOTE ROAD,201410923,01/03/2014,Sat,1015,FE,VW1S,341A ,,R,D,BF,F ,X,T,N,50,0,0,1,,24,1756718,5927483
Auckland,TAHAROTO ROAD,, ,I,NORTHCOTE ROAD,201433822,14/04/2014,Mon,2237,LB,CN1C,303B ,,R,D,DO,F ,X,T,R,50,0,0,0,,,1756718,5927483
Auckland,TAHAROTO ROAD,, ,I,NORTHCOTE ROAD,201437318,10/06/2014,Tue,815,GF,4N1C,381A ,,R,W,OF,L ,X,T,R,50,0,0,0,,,1756718,5927483
Auckland,TAHAROTO ROAD,, ,I,NORTHCOTE ROAD,201442638,14/07/2014,Mon,1640,FB,VN1V,353A 387A ,,R, ,BF,F ,X,G,C,50,0,0,0,,,1756718,5927483
Auckland,TAHAROTO ROAD,, ,I,NORTHCOTE ROAD,201442122,21/08/2014,Thu,1741,FE,CS1C,181A ,,R,D,O ,F ,X,T,C,50,0,0,0,,,1756718,5927483
Auckland,TAHAROTO ROAD,15,N, ,RANGITIRA AVENUE,201443034,31/08/2014,Sun,1524,CA,VN1C,130A ,,R,W,O ,F , , ,P,50,0,0,0,,,1756838,5927357
Auckland,TAHAROTO ROAD,40,S, ,SHEA TERRACE,201435448,08/05/2014,Thu,2240,CB,CN1,101A 108A ,P,R,W,DO,F , ,N,C,50,0,0,0,,,1756662,5927543
Auckland,TAHAROTO ROAD,, ,I,SMALES FARM BUSINESS PARK,201437305,04/06/2014,Wed,826,LB,CN1C,303B 377B ,,R,D,BF,F ,T,T,C,50,0,0,0,,,1756558,5927651
Auckland,TAHAROTO ROAD,, ,I,WAIRAU ROAD,201433357,29/03/2014,Sat,1244,DA,CN1C,133A 423A ,IS,E,D,BF,F ,T,T,R,50,0,0,0,,,1756431,5927790
Auckland,TAHINGA DRIVE,180,S, ,MANU TAPU DRIVE,201418434,26/11/2014,Wed,1700,LB,CS1C,303B 353B 375B 922 ,,R,D,B ,F ,D, ,C,50,0,0,2,,,1759008,5903585
Auckland,TAHORA AVENUE,100,N, ,MAINSTON ROAD,201444672,21/08/2014,Thu,1825,JA,CS1C,308B 377B 839 929 ,,R,D,DO,F ,D,N,C,50,0,0,0,,,1761334,5916611
Auckland,TAHORA AVENUE,90,S, ,REMUERA ROAD,201440482,22/07/2014,Tue,1430,MO,VN1C,371A 386A 929 ,M,M,D,B ,F , ,N,C,50,0,0,0,,,1761336,5916654
Auckland,TAIAPA ROAD,2000,N, ,MURIWAI VALLEY ROAD,201433764,21/03/2014,Fri,1800,DA,VN1,111A 131A 813 ,C,M,D,TN,F , , ,N,80,0,0,0,,,1729833,5922997
Auckland,TAIKATA ROAD,, ,I,YEOVIL ROAD,201400180,08/09/2014,Mon,613,DB,CE1,101A 111A 131A ,KP,M,D,DO,F ,T,N,C,50,1,2,0,,,1746831,5921418
Auckland,TAKA ST,, ,I,TAKANINI ROAD,201443109,11/08/2014,Mon,1341,KB,CE1C,302B 377B ,,R,D,O ,F ,T,G,C,50,0,0,0,,,1770873,5898680
Auckland,TAKAHE ROAD,50,N, ,WOOD BAY ROAD,201432869,16/02/2014,Sun,1150,BF,CS1C,131A 358A ,,M,D,B ,F , , ,C,50,0,0,0,,,1748153,5910183
Auckland,TAKANINI OFF SBD,15,W, ,GREAT SOUTH ROAD,201442770,18/08/2014,Mon,1900,FD,CW1C,181A ,,R,D,DO,F ,Y,N,C,50,0,0,0,,,1770067,5899220
Auckland,TAKANINI OFF SBD,20,W, ,GREAT SOUTH ROAD E,201414872,30/07/2014,Wed,1308,NB,VE1S,312B ,,R,D,OF,F , ,N,R,70,0,1,0,,23,1770066,5899224
Auckland,TAKANINI ON NBD,40,S, ,SH 1N,201444360,17/09/2014,Wed,1034,DB,CN1,111A 131A 402A ,G,S,W,O ,F , , ,N,100,0,0,0,,,1769868,5899258
Auckland,TAKANINI SCHOOL ROAD,5,N, ,STATION ROAD,201436834,20/05/2014,Tue,315,MO,CS1T,353A 371A 904 ,,R,D,DO,M ,T,G,C,50,0,0,0,,,1771119,5898999
Auckland,TAKATU ROAD,300,E, ,BADDELEYS BEACH ROAD,201412683,21/04/2014,Mon,1040,DB,CE1,136A 631A ,C,M,D,ON,F , ,N,C,100,0,0,2,,,1758701,5973629
Auckland,TAKATU ROAD,2380,E, ,BADDELEYS BEACH ROAD,201432299,02/01/2014,Thu,,DB,VE1,131A ,,M,D,B ,F , , ,N,100,0,0,0,,,1760218,5972479
Auckland,TAKATU ROAD,3200,E, ,BADDELEYS BEACH ROAD,201432080,06/01/2014,Mon,1450,DA,CS1,103A 131A ,T,S,D,BN,F , ,N,N,100,0,0,0,,,1760837,5972470
Auckland,TAKATU ROAD,900,N, ,BADDELEYS BEACH ROAD,201447258,18/10/2014,Sat,107,DA,CN1,111A 131A 402A ,V,S,D,DN,F , , ,C,100,0,0,0,,,1757913,5974318
Auckland,TAKUTAI AVENUE,, ,I,TE AKAU CRESCENT,201447371,25/10/2014,Sat,1410,FA,CE1C,181A 182B 404B ,,E,D,B ,F ,T,G,N,50,0,0,0,,,1769948,5917071
Auckland,TALMAR PLACE,50,N, ,REYNELLA DRIVE,201431274,14/02/2014,Fri,2131,MO,VS1C,371A ,M,E,D,DN,F , ,N,N,50,0,0,0,,,1743561,5921393
Auckland,TAMAKI DRIVE,100,E, ,ATKIN AVENUE,201432838,25/02/2014,Tue,640,DA,CE1,410A ,J,E,D,B ,F , , ,C,50,0,0,0,,,1763218,5920425
Auckland,TAMAKI DRIVE,50,W, ,ATKIN AVENUE,201449122,22/11/2014,Sat,2344,DA,CW1,102A 133A 926 ,J,E,W,DO,L ,D,N,C,50,0,0,0,,,1763079,5920479
Auckland,TAMAKI DRIVE,60,W, ,AVERILL AVENUE,201416091,19/07/2014,Sat,300,CC,CE1,103A 112A ,P,R,D,DO,F , ,N,P,50,0,1,0,,,1764201,5920226
Auckland,TAMAKI DRIVE,40,W, ,CLIFF ROAD,201448881,04/12/2014,Thu,1844,DA,CE1V,131A ,M,E,D,B ,F , , ,C,50,0,0,0,,,1765697,5920168
Auckland,TAMAKI DRIVE,100,W, ,CLIFF ROAD,201442056,05/08/2014,Tue,1300,EA,CE1C,129A ,Q,R,D,BF,F , ,N,C,50,0,0,0,,,1765642,5920145
Auckland,TAMAKI DRIVE,320,E, ,HAPIMANA ST,201410586,15/02/2014,Sat,139,DA,ME1,129A 131A ,,M,D,DO,F , ,N,C,50,0,0,2,,,1762671,5920820
Auckland,TAMAKI DRIVE,400,E, ,HAPIMANA ST,201415619,05/09/2014,Fri,1533,BF,CE1C,111A 131A ,,M,W,O ,L , ,N,C,50,0,0,3,,,1762746,5920796
Auckland,TAMAKI DRIVE,100,W, ,HAPIMANA ST,201410940,27/01/2014,Mon,1720,GB,SE1C,927,,E,D,BF,F ,D,N,C,50,0,0,1,,49,1762293,5920700
Auckland,TAMAKI DRIVE,, ,I,HAPIMANA ST,201417701,25/11/2014,Tue,220,DA,CW1,111A 131A 403A ,T,E,D,DO,F ,T,G,C,50,0,0,3,,,1762393,5920691
Auckland,TAMAKI DRIVE,, ,I,HAPIMANA ST,201418188,07/12/2014,Sun,227,CB,CW1,103A 130A 351A ,P,R,D,DO,F ,T,G,C,50,0,0,1,,,1762393,5920691
Auckland,TAMAKI DRIVE,, ,I,HAPIMANA ST,201449504,06/12/2014,Sat,1315,GB,SW1C,191A 197A 172B 330B ,,R,D,B ,F ,T,G,C,50,0,0,0,,,1762393,5920691
Auckland,TAMAKI DRIVE,100,N, ,KITEMOANA ST,201414397,30/06/2014,Mon,1739,HO,CN1S,370A 210B 801 ,,R,W,DO,L , , ,X,50,0,0,1,,21,1762111,5920360
Auckland,TAMAKI DRIVE,300,N, ,KITEMOANA ST,201414444,29/06/2014,Sun,1500,GB,SS1C,303B 375B 927 ,,R,D,BF,F ,D,N,C,50,0,0,1,,54,1762027,5920541
Auckland,TAMAKI DRIVE,320,N, ,KITEMOANA ST,201414121,10/04/2014,Thu,1441,FC,4N1C,181A ,,R,D,BF,F , ,N,X,50,0,0,1,,,1762023,5920561
Auckland,TAMAKI DRIVE,400,N, ,KITEMOANA ST,201438730,21/06/2014,Sat,250,BA,CS1CC,125A 137B 137C ,SX,R,D,DO,F , ,N,P,50,0,0,0,,,1762011,5920640
Auckland,TAMAKI DRIVE,220,S, ,KITEMOANA ST,201431990,12/03/2014,Wed,1655,MB,4S1CC,303B 382B ,,R,D,BF,F , ,N,P,50,0,0,0,,,1761975,5920100
Auckland,TAMAKI DRIVE,350,E, ,KOHIMARAMA ROAD,201417359,13/11/2014,Thu,1448,BF,CE1CV,130A 504A ,FM,E,D,O ,F , , ,C,50,0,0,1,,,1764325,5920163
Auckland,TAMAKI DRIVE,40,W, ,MARAU CRESCENT,201448411,25/11/2014,Tue,1825,MA,VW1C,373B ,,R,D,OF,F , ,N,C,50,0,0,0,,,1763511,5920390
Auckland,TAMAKI DRIVE,100,E, ,NGAPIPI ROAD,201410722,05/03/2014,Wed,620,EE,SE1C,330B 374B ,M,R,W,TO,F , ,N,C,50,0,1,0,,35,1761060,5919988
Auckland,TAMAKI DRIVE,200,E, ,NGAPIPI ROAD,201439258,09/06/2014,Mon,2030,CB,CW1,130A 402A 801 901 ,KT,R,W,DO,H , , ,C,50,0,0,0,,,1761156,5920016
Auckland,TAMAKI DRIVE,210,E, ,NGAPIPI ROAD,201430970,05/01/2014,Sun,805,MO,VE14C,423A ,MM,R,D,OF,F , ,N,C,50,0,0,0,,,1761166,5920019
Auckland,TAMAKI DRIVE,320,E, ,NGAPIPI ROAD,201415121,14/08/2014,Thu,1750,MC,SE1C,372B 801 903 ,,E,W,TO,LS, , ,C,50,0,0,1,,40,1761257,5920073
Auckland,TAMAKI DRIVE,10,W, ,NGAPIPI ROAD,201430618,27/01/2014,Mon,1911,AO,CW1B,129A 363A 902 ,,R,D,B ,F ,T,N,C,50,0,0,0,,,1760956,5919954
Auckland,TAMAKI DRIVE,40,W, ,NGAPIPI ROAD,201438571,04/06/2014,Wed,841,FD,CW14,110A 331A 352A ,,R,D,B ,F , , ,C,50,0,0,0,,,1760927,5919945
Auckland,TAMAKI DRIVE,700,W, ,NGAPIPI ROAD,201434556,05/04/2014,Sat,1810,FD,CE1C,181A 191B ,,R,D,OF,F , ,N,C,50,0,0,0,,,1760288,5919967
Auckland,TAMAKI DRIVE,, ,I,NGAPIPI ROAD,201410625,16/02/2014,Sun,730,LB,SW1C,303B 375B ,,R,D,O ,F ,T,G,C,50,0,0,1,,66,1760965,5919957
Auckland,TAMAKI DRIVE,, ,I,NGAPIPI ROAD,201432973,11/03/2014,Tue,1224,JA,CW1C,302B 382B ,,R,D,B ,F ,T,G,C,50,0,0,0,,,1760965,5919957
Auckland,TAMAKI DRIVE,, ,I,NGAPIPI ROAD,201442324,19/07/2014,Sat,1031,JC,CN1C,302A 375A ,,R,D,B ,F ,T,G,R,50,0,0,0,,,1760965,5919957
Auckland,TAMAKI DRIVE,, ,I,NGAPIPI ROAD,201415739,23/08/2014,Sat,1615,LB,SW1C,303B 377B ,,R,D,BF,F ,T,G,C,50,0,0,1,,37,1760965,5919957
Auckland,TAMAKI DRIVE,, ,I,NGAPIPI ROAD,201415256,23/07/2014,Wed,1906,LB,SW1C,534A 602A 103B 303B 375B ,,R,D,DO,F ,T,G,C,50,0,1,0,,25,1760965,5919957
Auckland,TAMAKI DRIVE,50,E, ,OKAHU ST,201416987,28/10/2014,Tue,2310,DA,CW1,131A 504A ,,M,W,DO,H , ,N,P,50,0,0,1,,,1761757,5920009
Auckland,TAMAKI DRIVE,20,S, ,OKAHU ST,201449949,10/12/2014,Wed,2259,DA,CW1,104A 111A 131A 901 ,C,M,W,DO,H , , ,P,50,0,0,0,,,1761731,5920024
Auckland,TAMAKI DRIVE,50,W, ,OKAHU ST,201412270,30/03/2014,Sun,1540,EA,CE1CCC,129A 130A 410A ,M,E,D,B ,F , ,N,R,50,0,0,1,,,1761675,5920065
Auckland,TAMAKI DRIVE,140,W, ,OKAHU ST,201437239,17/05/2014,Sat,1204,MO,CE1V,385A ,M,R,D,BF,F , ,N,P,50,0,0,0,,,1761589,5920089
Auckland,TAMAKI DRIVE,10,E, ,PATTESON AVENUE,201436697,14/05/2014,Wed,1300,EA,VW1C,386A ,M,R,D,B ,F ,T,N,C,50,0,0,0,,,1763328,5920389
Auckland,TAMAKI DRIVE,20,W, ,PATTESON AVENUE,201413045,07/05/2014,Wed,1907,LB,ME1CC,303B 375B 926 ,Q,R,D,DO,F ,D,N,P,50,0,0,1,,,1763299,5920396
Auckland,TAMAKI DRIVE,, ,I,PATTESON AVENUE,201444870,15/11/2014,Sat,1620,FD,4E1CCC,181A ,,R,W,OF,L ,T,T,C,50,0,0,0,,,1763318,5920389
Auckland,TAMAKI DRIVE,30,E, ,SOLENT ST,201445342,28/09/2014,Sun,1100,AC,4W1S,372A ,,R,D,B ,F , , ,C,80,0,0,0,,,1759416,5920523
Auckland,TAMAKI DRIVE,50,E, ,SOLENT ST,201443742,07/09/2014,Sun,1204,MC,VW1C,372B ,,R,D,B ,F , , ,C,50,0,0,0,,,1759435,5920521
Auckland,TAMAKI DRIVE,100,E, ,SOLENT ST,201439099,27/06/2014,Fri,1030,AO,CE1C,381A ,,R,D,OF,F , ,N,C,50,0,0,0,,,1759485,5920515
Auckland,TAMAKI DRIVE,130,E, ,SOLENT ST,201439486,05/06/2014,Thu,1810,EA,CW1C,129A 386A ,M,M,D,TO,F , ,N,C,50,0,0,0,,,1759515,5920513
Auckland,TAMAKI DRIVE,180,E, ,SOLENT ST,201410213,07/01/2014,Tue,716,NB,BE1E,711B 731B ,,E,D,B ,F , ,N,C,50,0,0,1,50,,1759565,5920511
Auckland,TAMAKI DRIVE,200,E, ,SOLENT ST,201411508,18/02/2014,Tue,1619,EA,CW1CCC,129A 350A ,MMM,E,D,BF,F , ,N,C,50,0,0,2,,,1759585,5920511
Auckland,TAMAKI DRIVE,250,E, ,SOLENT ST,201416331,16/10/2014,Thu,2110,EA,CE1C,129A 386A ,M,E,D,TO,F , ,N,C,50,0,0,1,,,1759634,5920503
Auckland,TAMAKI DRIVE,350,E, ,SOLENT ST,201413861,22/06/2014,Sun,1013,EA,ME1C,129A 130A 358A 405A ,M,E,D,B ,F , , ,C,50,0,0,1,,,1759729,5920472
Auckland,TAMAKI DRIVE,500,E, ,SOLENT ST,201435799,13/05/2014,Tue,801,FD,CN1CC,181A 191B 191C ,,R,D,B ,F , , ,C,50,0,0,0,,,1759850,5920386
Auckland,TAMAKI DRIVE,580,E, ,SOLENT ST,201441383,18/07/2014,Fri,1400,MC,CS1C,353A 372A 691A 313B ,,E,D,B ,F , , ,C,50,0,0,0,,,1759903,5920326
Auckland,TAMAKI DRIVE,, ,I,ST HELIERS BAY ROAD,201413685,01/05/2014,Thu,1045,LB,SW1C,331A 353A 303B ,,R,D,O ,F ,T,G,C,50,0,0,1,,47,1765591,5920123
Auckland,TAMAKI DRIVE,40,E, ,TURUA ST,201436062,03/06/2014,Tue,1530,JA,CW1C,303B 375B 926 ,,E,D,OF,F ,D,N,C,50,0,0,0,,,1765701,5920170
Auckland,TAMAKI DRIVE,, ,I,TURUA ST,201433198,28/03/2014,Fri,1250,KB,CW1C,301B ,,R,D,B ,F ,T,S,C,50,0,0,0,,,1765664,5920154
Auckland,TAMAKI DRIVE,25,E, ,WATENE CRESCENT,201413158,24/04/2014,Thu,1845,FA,CE1S,129A 873 ,,R,D,DO,F , , ,R,50,0,0,1,,31,1761854,5920033
Auckland,TAMAKI DRIVE,140,E, ,WATENE CRESCENT,201416977,21/10/2014,Tue,1721,MC,MW1C,372B ,,R,D,OF,F , ,N,C,50,0,0,1,,,1761956,5920087
Auckland,TAMAKI DRIVE,, ,I,WATENE CRESCENT,201411081,05/02/2014,Wed,1110,JA,SW1X,302B 375B 671B ,,R,D,B ,F ,T,G,C,50,0,0,1,,16,1761831,5920024
Auckland,TAMATEA DRIVE,, ,I,AROHIA PLACE,201431883,08/02/2014,Sat,2339,CC,CW1,103A ,K,R,D,DO,F ,T,N,N,50,0,0,0,,,1754883,5968694
Auckland,TANIWHA ST,40,E, ,APIRANA AVENUE,201434354,03/03/2014,Mon,1300,EA,BE1C,386A ,M,R,D,B ,F , , ,C,50,0,0,0,,,1765305,5917087
Auckland,TANIWHA ST,200,W, ,FENCHURCH ST,201450529,22/11/2014,Sat,1840,EA,CE1C,129A ,M,R,D,B ,F , , ,C,50,0,0,0,,,1766572,5917061
Auckland,TANIWHA ST,15,W, ,HEATHERBANK ST,201412295,18/05/2014,Sun,2223,EA,4W1C,103A 410A ,M,R,D,DO,F , ,N,C,50,0,0,1,,,1765725,5917009
Auckland,TANIWHA ST,70,S, ,KOTAE ROAD,201413772,08/04/2014,Tue,2207,DB,CN1,103A 111A 131A ,PT,M,D,DO,F , ,N,C,50,0,1,1,,,1766940,5917293
Auckland,TAONUI ST,40,W, ,TATARIKI ST,201445375,29/05/2014,Thu,1554,EA,CE1V,129A 357A ,M,R,D,O ,F , , ,N,50,0,0,0,,,1772495,5894643
Auckland,TAONUI ST,150,W, ,TATARIKI ST,201436081,16/05/2014,Fri,1303,MO,CW1C,371A 929 ,M,R,D,BF,F ,D,N,N,50,0,0,0,,,1772392,5894626
Auckland,TAONUI ST,, ,I,TATARIKI ST,201442098,06/08/2014,Wed,1800,DA,CN2,111A 131A ,F,R,D,TO,F ,T,N,N,50,0,0,0,,,1772535,5894640
Auckland,TARANUI PLACE,230,E, ,BORDER ROAD,201449071,30/11/2014,Sun,1556,MO,CS1C,371A 929 ,M,E,D,OF,F ,D,N,N,50,0,0,0,,,1744225,5916090
Auckland,TARAWERA TERRACE,, ,I,ALLUM ST,201438554,08/06/2014,Sun,221,DA,CN2,130A 357A 524A ,KT,E,D,DO,F ,T,S,C,50,0,0,0,,,1764540,5919155
Auckland,TARGET ROAD,300,N, ,LAMBROWN DRIVE,201450613,27/11/2014,Thu,1030,EA,CE1VT,110A 620A ,M,E,D,B ,F , ,N,C,50,0,0,0,,,1754494,5930076
Auckland,TARGET ROAD,, ,I,LINK DRIVE,201443469,22/09/2014,Mon,1027,FB,CW1C,331A 645A ,,E,W,O ,F ,T,G,R,50,0,0,0,,,1755000,5929384
Auckland,TARGET ROAD,, ,I,LINK DRIVE,201445505,07/10/2014,Tue,1858,LB,CS1C,322A ,,R,D,O ,F ,T,T,C,50,0,0,0,,,1755000,5929384
Auckland,TARGET ROAD,80,N, ,WAIRAU ROAD,201441384,04/08/2014,Mon,1353,MO,VN1C,371B 927 ,,E,D,O ,F ,D, ,P,50,0,0,0,,,1755067,5929283
Auckland,TARNICA ROAD,, ,I,YARLSIDE PLACE,201447063,31/10/2014,Fri,1320,MC,CN1C,372B ,,R,D,BF,F ,T,N,N,50,0,0,0,,,1770812,5911747
Auckland,TATARIKI ST,, ,I,EDINBURGH AVENUE,201410917,26/02/2014,Wed,1736,HA,SS2V,204A 352A 375A ,,R,D,BF,F ,T,S,C,50,0,0,1,,7,1772221,5894457
Auckland,TAUHINU ROAD,250,S, ,GREENHITHE ROAD,201437113,01/06/2014,Sun,2139,CC,CS1,103A 112A 137A ,,R,D,DO,F , ,N,C,50,0,0,0,,,1749154,5928388
Auckland,TAUHINU ROAD,50,S, ,POUNAMU AVENUE,201435629,26/04/2014,Sat,538,EA,4N14,129A 412A 801 ,M,R,W,DO,L , , ,C,50,0,0,0,,,1749318,5928202
Auckland,TAUHINU ROAD,20,E, ,THE KNOLL,201430130,02/02/2014,Sun,1940,CC,CN1,130A 358A ,P,R,D,OF,F , , ,C,50,0,0,0,,,1749424,5928080
Auckland,TAUPAKI ROAD,, ,I,AMREINS ROAD,201412975,26/05/2014,Mon,742,DA,TS1,111A 131A ,T,M,W,O ,L ,X,G,C,70,0,0,1,,,1739222,5924048
Auckland,TAUPAKI ROAD,200,S, ,NELSON ROAD,201431238,02/03/2014,Sun,1830,FA,CS1C,181A ,,R,D,BN,F , ,N,C,70,0,0,0,,,1739091,5923930
Auckland,TAUPAKI ROAD,, ,I,NELSON ROAD,201441226,30/06/2014,Mon,620,DB,TN1,131A 407A 801 ,FP,E,W,DO,L ,T,N,C,50,0,0,0,,,1739234,5924068
Auckland,TAUPAKI ROAD,80,W, ,NIXON ROAD,201434731,02/05/2014,Fri,2115,DB,CW1,103A 111A 131A 514A ,V,S,D,DN,F , ,N,C,70,0,0,0,,,1740348,5926136
Auckland,TAUPO ST,200,N, ,THUJA ST,201442117,16/08/2014,Sat,1115,MG,CN1C,371B ,,R,D,O ,F , , ,C,50,0,0,0,,,1749756,5911800
Auckland,TAVERN LANE,, ,I,ST GEORGE ST,201449629,17/12/2014,Wed,1330,FE,CN1C,181A 331A 901 ,,E,W,O ,H ,X,T,C,50,0,0,0,,,1764765,5905770
Auckland,TAVERN ROAD,, ,I,EAST COAST ROAD,201430604,07/02/2014,Fri,1145,FB,CW1C,331A ,,R,D,B ,F ,T,N,N,50,0,0,0,,,1749560,5945448
Auckland,TAWA DRIVE,10,S, ,ALBANY EXPRESSWAY,201445863,18/06/2014,Wed,1600,FB,TN1C,181A 331A 386A ,,R,D,O ,F ,R,G,C,50,0,0,0,,,1753262,5933039
Auckland,TAWA DRIVE,50,S, ,ALBANY EXPRESSWAY,201449157,19/11/2014,Wed,1620,FA,CS1C,181A ,,E,D,OF,F , ,N,C,50,0,0,0,,,1753245,5933003
Auckland,TAWA DRIVE,, ,I,GREVILLE OFF NBD,201442121,21/07/2014,Mon,1545,GF,CN1T,129A ,,S,W,O ,F ,R,G,C,50,0,0,0,,,1753266,5933048
Auckland,TAWA DRIVE,, ,I,GREVILLE ROAD,201431015,07/02/2014,Fri,1600,FA,CN1C,181A ,,M,D,B ,F ,R,G,C,50,0,0,0,,,1753266,5933048
Auckland,TAWA DRIVE,100,S, ,MIRO PLACE,201431351,05/03/2014,Wed,1727,CC,4S1,410A ,S,R, , F,  , ,N,C,50,0,0,0,,,1753288,5932658
Auckland,TAWARI ST,10,E, ,GEORGE ST,201433700,06/03/2014,Thu,745,MO,CE1C,386A ,M,R,D,B ,F ,X,G,C,50,0,0,0,,,1756023,5918003
Auckland,TAYLOR ROAD,40,W, ,CORONATION ROAD,201433369,11/03/2014,Tue,840,EC,CE1,363A 902 ,S,R,D,BN,F , ,P,N,50,0,0,0,,,1759170,5909739
Auckland,TAYLOR ROAD,50,N, ,WAIKOUKOU VALLEY ROAD,201412542,02/05/2014,Fri,807,CB,4S1,130A 359A 904 ,V,R,D,B ,M , , ,L,80,0,0,1,,,1733793,5930854
Auckland,TAYLOR ST,200,S, ,WOLVERTON ST,201444308,11/09/2014,Thu,2350,EA,CN1CV,101A 129A ,M,R,D,DO,F , , ,C,50,0,0,0,,,1751012,5913623
Auckland,TAYLORS ROAD,50,W, ,MORNINGSIDE DRIVE,201444567,18/09/2014,Thu,925,MO,CW1C,386A 929 ,M,R,D,O ,F ,D,N,C,50,0,0,0,,,1754665,5917473