TLANAME,CRASHROAD,CRASHDIST,CRASHDIRN,INTSN,SIDEROAD,CRASHID,CRASHDATE,CRASHDOW,CRASHTIME,MVMT,VEHICLES,CAUSES,OBJECTSSTRUCK,ROADCURVE,ROADWET,LIGHT,WTHRa,JUNCTYPE,TRAFCTRL,ROADMARK,SPDLIM,CRASHFATALCNT,CRASHSEVCNT,CRASHMINCNT,PERSAGE1,PERSAGE2,EASTING,NORTHING
Auckland,TE ATATU OFF EBD,, ,I,TE ATATU ROAD,201434188,05/04/2014,Sat,900,FB,CN1C,331A ,,E,D,B ,F ,T,G,N,50,0,0,0,,,1747237,5919867
Auckland,TE ATATU OFF WBD,150,W, ,SH 16,201444126,15/09/2014,Mon,1704,FD,CW1CC,331A 363A 902 ,,R,D,BF,F , ,N,C,80,0,0,0,,,1747350,5919573
Auckland,TE ATATU OFF WBD,10,E, ,TE ATATU ROAD,201431236,03/03/2014,Mon,715,FE,CW1C,181A ,,E,W,OF,F ,T,T,N,50,0,0,0,,,1747302,5919580
Auckland,TE ATATU OFF WBD,90,E, ,TE ATATU ROAD,201436549,18/04/2014,Fri,1315,AA,CW1C,372A ,,E,D,O ,F , , ,C,50,0,0,0,,,1747381,5919569
Auckland,TE ATATU ON EBD WEST,80,N, ,SH 16,201417526,04/11/2014,Tue,1910,AO,MS1C,129A 197A ,,S,D,BF,F , ,N,C,100,0,0,1,,,1747166,5919753
Auckland,TE ATATU ON EBD WEST,130,W, ,TE ATATU ROAD,201434601,19/04/2014,Sat,1201,DB,CW1,131A 132A ,G,S,W,OF,H , ,N,C,100,0,0,0,,,1747176,5919782
Auckland,TE ATATU ROAD,, ,I,BRIDGE AVENUE,201431104,27/02/2014,Thu,2352,DA,CW1,103A 111A ,P,M,D,DO,F ,T,T,R,50,0,0,0,,,1747250,5919464
Auckland,TE ATATU ROAD,70,S, ,CONISTON AVENUE,201413784,10/04/2014,Thu,1825,BA,CN1CC,129A 410A ,Q,R,D,DO,F , ,N,C,50,0,0,1,,,1746659,5917997
Auckland,TE ATATU ROAD,100,S, ,CONISTON AVENUE,201436348,12/03/2014,Wed,300,EA,CS1C,129A ,M,R,D,DO,F , ,N,C,50,0,0,0,,,1746649,5917968
Auckland,TE ATATU ROAD,, ,I,CONISTON AVENUE,201441365,08/08/2014,Fri,712,KB,CN1C,302B 382B ,,R,D,O ,F ,T,G,C,50,0,0,0,,,1746681,5918063
Auckland,TE ATATU ROAD,15,N, ,COVIL AVENUE,201430960,26/02/2014,Wed,1835,FD,CN1C,181A ,,R,D,BF,F , ,N,C,50,0,0,0,,,1747181,5919382
Auckland,TE ATATU ROAD,10,S, ,COVIL AVENUE,201446546,24/10/2014,Fri,1745,FD,CS1C,181A 351A ,,R,D,TF,F ,T,T,C,50,0,0,0,,,1747164,5919363
Auckland,TE ATATU ROAD,25,S, ,COVIL AVENUE,201431801,21/02/2014,Fri,1400,GD,CN1C,181A 333A 929 ,,R,D,BF,F ,D,N,C,50,0,0,0,,,1747154,5919352
Auckland,TE ATATU ROAD,, ,I,COVIL AVENUE,201440217,07/07/2014,Mon,1429,FE,VN14,181A 331A 801 ,,R,W,O ,L ,T,T,C,50,0,0,0,,,1747171,5919371
Auckland,TE ATATU ROAD,, ,I,COVIL AVENUE,201437302,11/06/2014,Wed,1530,AA,CN14,159A 381A ,,R,D,OF,F ,T,T,L,50,0,0,0,,,1747171,5919371
Auckland,TE ATATU ROAD,50,N, ,DIVICH AVENUE,201450562,28/12/2014,Sun,845,EA,CS1C,129A ,M,R,D,B ,F , , ,C,50,0,0,0,,,1746747,5917390
Auckland,TE ATATU ROAD,, ,I,EDMONTON ROAD,201441340,28/07/2014,Mon,1518,FB,TN1C,181A 331A 350A ,,R,D,B ,F ,R,G,R,50,0,0,0,,,1746817,5918813
Auckland,TE ATATU ROAD,, ,I,EDMONTON ROAD,201445866,05/09/2014,Fri,2259,DA,CE2,103A 111A 131A 402A ,FT,M,W,DO,L ,R,G,C,50,0,0,0,,,1746808,5918833
Auckland,TE ATATU ROAD,, ,I,EDMONTON ROAD,201445590,10/09/2014,Wed,1540,FA,BN1C,330A 386A ,,M,D,B ,F ,R,G,P,50,0,0,0,,,1746817,5918818
Auckland,TE ATATU ROAD,, ,I,EDMONTON ROAD,201410624,25/01/2014,Sat,246,DA,VS1,103A 111A ,S,E,D,DO,F ,R,G,C,50,0,0,1,,,1746811,5918821
Auckland,TE ATATU ROAD,, ,I,EDMONTON ROAD,201438744,07/07/2014,Mon,930,HA,CN1C,302A 375A ,,M,D,OF,F ,R,G,R,50,0,0,0,,,1746817,5918818
Auckland,TE ATATU ROAD,, ,I,EDMONTON ROAD,201442369,15/08/2014,Fri,1600,FB,4N1C,112A ,,R,D,B ,F ,R,G,C,50,0,0,0,,,1746817,5918813
Auckland,TE ATATU ROAD,, ,I,EDMONTON ROAD,201442645,20/07/2014,Sun,1410,HA,CN1C,302A 375A ,,M,D,OF,F ,R,G,R,50,0,0,0,,,1746817,5918818
Auckland,TE ATATU ROAD,, ,I,EDMONTON ROAD,201430900,15/02/2014,Sat,428,DB,CN1,103A 410A ,S,M,D,DO,F ,R,G,R,50,0,0,0,,,1746811,5918821
Auckland,TE ATATU ROAD,5,E, ,FLANSHAW ROAD,201440444,11/06/2014,Wed,1500,FC,VE1V,181A 330A ,,M,D,O ,F ,R,G,R,50,0,0,0,,,1746831,5918842
Auckland,TE ATATU ROAD,, ,I,FLANSHAW ROAD,201447032,11/11/2014,Tue,910,GF,TN1C,381A 671A ,,M,D,BF,F ,R,G,R,50,0,0,0,,,1746817,5918818
Auckland,TE ATATU ROAD,, ,I,FLANSHAW ROAD,201444718,21/08/2014,Thu,1825,HA,CS2C,302A ,,M,D,DO,F ,R,G,R,50,0,0,0,,,1746810,5918838
Auckland,TE ATATU ROAD,, ,I,FLANSHAW ROAD,201434376,18/03/2014,Tue,702,LB,CS2C,302A ,,M,D,TF,F ,R,G,R,50,0,0,0,,,1746810,5918838
Auckland,TE ATATU ROAD,5,N, ,GREAT NORTH ROAD,201449565,10/11/2014,Mon,1504,FB,CS1C,331A 517A ,,R,W,B ,F ,R,G,R,50,0,0,0,,,1746543,5916507
Auckland,TE ATATU ROAD,10,N, ,HARBOUR VIEW ROAD,201417212,24/09/2014,Wed,1630,NA,CS1E,306A 376A ,,R,D,B ,F ,R,G,X,50,0,1,0,65,,1747282,5921503
Auckland,TE ATATU ROAD,15,S, ,HARBOUR VIEW ROAD,201451059,01/12/2014,Mon,1726,FB,CN1CC,331A 358A ,,R,D,BF,F ,R,G,C,50,0,0,0,,,1747283,5921448
Auckland,TE ATATU ROAD,30,N, ,KOKIRI ST,201439265,22/06/2014,Sun,2035,EA,TS1C,129A 645A ,M,R,D,DO,F , , ,C,50,0,0,0,,,1746712,5917179
Auckland,TE ATATU ROAD,40,N, ,KOKIRI ST,201439783,05/06/2014,Thu,1330,FC,CS1VT,331A 359A ,,R,D,B ,F , , ,X,50,0,0,0,,,1746713,5917189
Auckland,TE ATATU ROAD,15,N, ,LYNDHURST ROAD,201449576,04/12/2014,Thu,1712,MG,CS1C,357A 357B 512B ,,R,D,B ,F , , ,C,50,0,0,0,,,1746847,5918867
Auckland,TE ATATU ROAD,15,N, ,LYNDHURST ROAD,201412338,10/04/2014,Thu,906,FD,CS14C,181A 331A ,,R,D,O ,F , , ,C,50,0,0,2,,,1746847,5918867
Auckland,TE ATATU ROAD,20,N, ,LYNDHURST ROAD,201449141,18/06/2014,Wed,1440,AO,CN1C,101A 381A ,,R,D,BF,F , ,N,C,60,0,0,0,,,1746850,5918871
Auckland,TE ATATU ROAD,, ,I,LYNDHURST ROAD,201433691,17/04/2014,Thu,1830,KA,CS1C,145B 302B ,,R,D,DO,F ,T,G,R,50,0,0,0,,,1746840,5918854
Auckland,TE ATATU ROAD,, ,I,MILTONIA AVENUE,201411823,25/02/2014,Tue,2032,KA,MN1C,103A 101B 302B ,,R,D,DO,F ,T,G,R,50,0,1,0,,,1746740,5917341
Auckland,TE ATATU ROAD,150,S, ,MOOR AVENUE,201439546,21/06/2014,Sat,1030,MO,CN1C,371A 929 ,M,R,D,B ,F ,D,N,C,50,0,0,0,,,1747259,5921596
Auckland,TE ATATU ROAD,, ,I,OLD TE ATATU ROAD,201446547,22/09/2014,Mon,1000,FE,CS1C,181A 801 ,,R,W,O ,L ,T,T,C,50,0,0,0,,,1747187,5920216
Auckland,TE ATATU ROAD,140,N, ,ROBERTS ROAD,201442877,01/09/2014,Mon,1951,BB,CN1C,101A 123A ,,M,W,DO,L , ,N,P,50,0,0,0,,,1746642,5917923
Auckland,TE ATATU ROAD,240,N, ,ROBERTS ROAD,201417555,18/11/2014,Tue,53,DA,CN1,111A 131A ,FP,M,D,DO,F , ,N,C,50,0,0,1,,,1746667,5918019
Auckland,TE ATATU ROAD,, ,I,ROBERTS ROAD,201437526,26/05/2014,Mon,1528,FC,CN1C,331A ,,R,D,O ,F ,T,G,X,50,0,0,0,,,1746690,5917792
Auckland,TE ATATU ROAD,, ,I,ROBERTS ROAD,201430605,29/01/2014,Wed,1810,FB,CS1C,181A 191B ,,R,D,B ,F ,T,N,C,70,0,0,0,,,1746690,5917792
Auckland,TE ATATU ROAD,15,N, ,ROYAL VIEW ROAD,201431992,21/03/2014,Fri,959,AC,TN1C,372A 671A ,,R,D,BF,F , ,N,L,50,0,0,0,,,1747231,5919441
Auckland,TE ATATU ROAD,, ,I,ROYAL VIEW ROAD,201437225,21/05/2014,Wed,1451,KA,CN1C,302B 353B 377B ,,R,D,BF,F ,T,G,C,50,0,0,0,,,1747222,5919429
Auckland,TE ATATU ROAD,40,S, ,STRID ROAD,201410374,28/01/2014,Tue,1639,FD,VS1C,181A ,F,R,D,BF,F , ,N,X,50,0,0,1,,,1746744,5918252
Auckland,TE ATATU ROAD,150,S, ,TAIKATA ROAD,201437343,02/06/2014,Mon,1800,FF,CN1C,103A 112A 181A ,,R,D,DO,F , ,N,C,50,0,0,0,,,1747272,5921314
Auckland,TE ATATU ROAD,, ,I,TE ATATU OFF EBD,201416737,20/10/2014,Mon,735,FB,CN2M,181A ,,M,D,B ,F ,T,G,N,50,0,0,1,,,1747237,5919867
Auckland,TE ATATU ROAD,, ,I,TE ATATU OFF WBD N,201435231,01/04/2014,Tue,1420,FE,CS1C,101A 331A ,,R,D,B ,F ,X,T,R,50,0,0,0,,,1747292,5919582
Auckland,TE ATATU ROAD,10,S, ,TE ATATU ON WBD,201438714,10/07/2014,Thu,610,FE,CN1C,181A ,,R,W,DO,F ,T,T,R,60,0,0,0,,,1747281,5919571
Auckland,TE ATATU ROAD,, ,I,TE ATATU ON WBD,201417100,11/11/2014,Tue,745,LB,MN1V,303B ,,R,D,B ,F ,T,T,N,30,0,1,0,,,1747280,5919581
Auckland,TE ATATU ROAD,, ,I,TE ATATU ON WBD,201438713,08/07/2014,Tue,815,FE,CN1C,181A ,,R,D,OF,F ,T,T,C,50,0,0,0,,,1747280,5919581
Auckland,TE ATATU ROAD,15,S, ,TIRIMOANA ROAD,201436333,01/04/2014,Tue,1754,FC,CS1C,331A 353A ,,R,D,TF,F , ,N,C,50,0,0,0,,,1746583,5916568
Auckland,TE ATATU ROAD,, ,I,TIRIMOANA ROAD,201435007,24/04/2014,Thu,1212,JA,CS1C,301B 375B ,,R,D,O ,F ,T,S,C,50,0,0,0,,,1746591,5916581
Auckland,TE ATATU ROAD,, ,I,TIRIMOANA ROAD,201411629,22/03/2014,Sat,1400,CB,MS1,137A ,,R,D,BF,F ,T,S,C,50,0,0,1,,,1746591,5916581
Auckland,TE ATATU ROAD,, ,I,TIRIMOANA ROAD,201435642,02/05/2014,Fri,1130,KA,CS1C,301B 372B ,,R,D,O ,F ,T,S,P,50,0,0,0,,,1746591,5916581
Auckland,TE ATATU ROAD,10,N, ,TIROROA AVENUE,201416223,17/09/2014,Wed,710,FC,CN1C,181A ,,R,D,B ,F ,T,G,X,50,0,0,1,,,1746734,5918222
Auckland,TE ATATU ROAD,100,N, ,TITOKI ST,201433392,10/04/2014,Thu,1600,FD,CN1C,181A 363A 410A 902 ,,R,D,BF,F , ,N,C,50,0,0,0,,,1747203,5920001
Auckland,TE ATATU ROAD,30,N, ,WAKELING AVENUE,201417224,11/09/2014,Thu,810,NO,CN1S,370A 210B 377B ,,R,D,B ,F , , ,X,50,0,0,1,,14,1746820,5918676
Auckland,TE ATATU ROAD,30,N, ,WAKELING AVENUE,201431612,15/01/2014,Wed,945,FC,CN1C,181A 402A ,,R,D,O ,F , , ,X,50,0,0,0,,,1746820,5918676
Auckland,TE ATATU ROAD,15,S, ,WAKELING AVENUE,201415466,07/06/2014,Sat,1440,FC,CS1C,181A 331A ,,R,D,B ,F , , ,X,50,0,0,3,,,1746821,5918631
Auckland,TE ATATU ROAD,100,S, ,WAKELING AVENUE,201411903,16/03/2014,Sun,652,CC,VN1C,103A 410A ,CFM,R,D,TF,F , ,N,C,50,0,0,1,,,1746823,5918546
Auckland,TE ATATU ROAD,, ,I,WAKELING AVENUE,201417467,10/11/2014,Mon,1817,JA,CS1C,302B 375B ,,R,D,BF,F ,T,G,C,50,0,0,1,,,1746821,5918646
Auckland,TE ATATU ROAD,, ,I,YEOVIL ROAD,201415475,25/08/2014,Mon,1151,JA,VN1CT,302B ,,R,D,B ,F ,T,G,C,50,0,0,1,,,1747258,5921132
Auckland,TE COMA OFF SBD,20,N, ,KENTUCKY ST,201415029,07/08/2014,Thu,2341,DB,CS1,103A 131A ,CX,E,W,DO,L , , ,N,100,0,1,0,,,1760875,5915346
Auckland,TE COMA OFF SBD,, ,I,KENTUCKY ST,201438444,12/06/2014,Thu,251,CA,CS1,103A 111A 130A 402A ,IX,R,W,DO,F ,T,S,R,50,0,0,0,,,1760891,5915335
Auckland,TE COMA OFF SBD,15,S, ,SH 1N,201430993,16/02/2014,Sun,1645,FA,CS1C,102A 112A 181A ,G,R,D,BF,F , ,N,N,100,0,0,0,,,1760767,5915438
Auckland,TE HENGA ROAD,200,E, ,AIO WIRA ROAD,201437377,13/04/2014,Sun,600,DA,CW1,131A 410A ,C,M,D,DN,F , ,N,C,50,0,0,0,,,1735237,5918231
Auckland,TE HENGA ROAD,70,S, ,AIO WIRA ROAD,201417923,26/11/2014,Wed,1900,DA,CN1,111A 402A ,C,E,D,B ,F , , ,C,100,0,0,2,,,1735113,5918259
Auckland,TE HENGA ROAD,300,S, ,AIO WIRA ROAD,201418777,16/12/2014,Tue,937,DA,TS1,111A 131A 402A ,C,M,D,O ,F , , ,C,100,0,2,0,,,1735312,5918173
Auckland,TE HENGA ROAD,2050,N, ,FALLS ROAD,201414390,09/06/2014,Mon,1912,DB,VN1,103A 111A 131A 801 ,CT,E,W,DN,H , , ,C,100,0,0,1,,,1734413,5918658
Auckland,TE HORETA ROAD - NEW ROAD,100,E, ,MOUNT WELLINGTON HIGHWAY,201418299,08/11/2014,Sat,230,DA,CS1,102A 111A 131A ,G,M,D,DO,F , , ,C,50,0,0,1,,,,
Auckland,TE IRIRANGI DRIVE,5,N, ,ACCENT DRIVE,201431728,25/01/2014,Sat,1600,FE,CS1C,331A ,,R,D,O ,F ,X,T,C,50,0,0,0,,,1769616,5908515
Auckland,TE IRIRANGI DRIVE,400,N, ,ACCENT DRIVE,201446499,28/10/2014,Tue,710,GB,CS1C,175B 922 ,P,R,W,OF,L ,D,N,R,80,0,0,0,,,1769711,5908899
Auckland,TE IRIRANGI DRIVE,, ,I,ACCENT DRIVE,201414474,18/06/2014,Wed,838,LB,CN1C,303B ,,R,W,OF,F ,X,T,R,80,0,0,1,,,1769603,5908513
Auckland,TE IRIRANGI DRIVE,, ,I,ACCENT DRIVE,201446552,23/10/2014,Thu,2015,HA,CS1C,322B ,,E,D,DO,F ,X,T,C,50,0,0,0,,,1769615,5908511
Auckland,TE IRIRANGI DRIVE,, ,I,ACCENT DRIVE,201430790,11/01/2014,Sat,2220,FE,CN14,181A ,,R,D,DO,F ,T,T,P,80,0,0,0,,,1769603,5908513
Auckland,TE IRIRANGI DRIVE,, ,I,ACCENT DRIVE,201430031,08/01/2014,Wed,2345,HA,CN1C,322B ,,R,D,DO,F ,X,T,C,80,0,0,0,,,1769603,5908513
Auckland,TE IRIRANGI DRIVE,, ,I,ACCENT DRIVE,201433550,19/04/2014,Sat,1430,FE,VS1C,181A ,,R,D,OF,  ,X,T,R,50,0,0,0,,,1769615,5908511
Auckland,TE IRIRANGI DRIVE,, ,I,BANVILLE ROAD,201414491,18/06/2014,Wed,2000,FD,CS1C,331A 353A 431A ,,R,D,DO,F ,T,N,C,80,0,0,1,,,1769791,5909233
Auckland,TE IRIRANGI DRIVE,300,N, ,BELINDA AVENUE,201433708,27/03/2014,Thu,2350,CC,CN1,194A ,RT,R,D,DO,F , , ,R,80,0,0,0,,,1769119,5906706
Auckland,TE IRIRANGI DRIVE,20,S, ,BISHOP DUNN PLACE,201436691,20/03/2014,Thu,2115,FA,CN1C,191B 357B 512B ,,R,D,DO,F , ,N,R,80,0,0,0,,,1769439,5907936
Auckland,TE IRIRANGI DRIVE,, ,I,BISHOP DUNN PLACE,201437959,19/05/2014,Mon,840,FB,CS1C,181A 402A ,,E,D,B ,F ,X,T,R,80,0,0,0,,,1769456,5907952
Auckland,TE IRIRANGI DRIVE,, ,I,BISHOP DUNN PLACE,201414197,24/06/2014,Tue,645,CA,VN1,112A 197A ,P,R,W,OF,F ,X,T,R,80,0,0,1,,,1769444,5907955
Auckland,TE IRIRANGI DRIVE,, ,I,BOTANY ROAD,201443054,10/08/2014,Sun,1912,LB,CN1C,191A 303B 323B 404B ,,E,W,DO,F ,X,T,C,60,0,0,0,,,1770324,5911308
Auckland,TE IRIRANGI DRIVE,, ,I,BOUNDARY ROAD,201447325,17/11/2014,Mon,1145,LB,CE1C,303B ,,R,D,B ,F ,X,G,C,50,0,0,0,,,1768657,5905323
Auckland,TE IRIRANGI DRIVE,10,S, ,DAWSON ROAD,201443477,20/09/2014,Sat,952,FE,CN1C,130A 501A ,,R,W,O ,L ,M,T,P,60,0,0,0,,,1768904,5905862
Auckland,TE IRIRANGI DRIVE,15,S, ,DAWSON ROAD,201448952,28/09/2014,Sun,1730,FD,4N1C,181A ,,R,D,B ,F , , ,R,50,0,0,0,,,1768903,5905857
Auckland,TE IRIRANGI DRIVE,300,S, ,DAWSON ROAD,201433707,01/04/2014,Tue,839,FD,CS1C4,181A 181B ,,R,D,B ,F , , ,R,60,0,0,0,,,1768842,5905573
Auckland,TE IRIRANGI DRIVE,30,W, ,DIORELLA DRIVE,201440207,01/07/2014,Tue,1530,GA,CW1C,333A 801 929 ,,R,W,O ,L ,D, ,N,50,0,0,0,,,1768042,5905181
Auckland,TE IRIRANGI DRIVE,, ,I,DIORELLA DRIVE,201447739,07/11/2014,Fri,1450,FE,4E1C,181A 503A ,,R,D,B ,F ,X,T,R,60,0,0,0,,,1768065,5905204
Auckland,TE IRIRANGI DRIVE,5,N, ,GREAT SOUTH ROAD,201431553,18/01/2014,Sat,1342,FE,CS1C,331A ,,R,D,B ,F ,X,T,C,50,0,0,0,,,1767442,5904928
Auckland,TE IRIRANGI DRIVE,20,N, ,HAVEN DRIVE,201446177,18/10/2014,Sat,1230,FD,CN14,181A 331A 358A 801 ,,R,W,O ,L , , ,R,50,0,0,0,,,1770116,5910715
Auckland,TE IRIRANGI DRIVE,, ,I,HAVEN DRIVE,201412399,08/04/2014,Tue,1910,LB,CS1C,323B 351B 410B ,,R,D,DO,F ,X,T,P,80,0,0,1,,,1770124,5910694
Auckland,TE IRIRANGI DRIVE,, ,I,HAVEN DRIVE,201412084,10/04/2014,Thu,1430,LB,4N1CCC,303B 375B ,,R,D,B ,F ,X,T,R,80,0,0,1,,,1770112,5910696
Auckland,TE IRIRANGI DRIVE,, ,I,HOLLYFORD DRIVE,201447066,07/09/2014,Sun,520,DA,CN2,129A 131A ,K,E,D,DO,F ,X,T,R,60,0,0,0,,,1768661,5905312
Auckland,TE IRIRANGI DRIVE,100,N, ,LEIXLEP LANE,201435312,09/04/2014,Wed,1340,CB,4N1,501A ,T,R,D,B ,F , , ,C,80,0,0,0,,,1770121,5910743
Auckland,TE IRIRANGI DRIVE,15,N, ,ORMISTON ROAD,201447155,04/11/2014,Tue,1620,AC,CS1C,372A ,,E,D,O ,F , , ,C,50,0,0,0,,,1769331,5907474
Auckland,TE IRIRANGI DRIVE,, ,I,ORMISTON ROAD,201444733,23/08/2014,Sat,2045,LB,CN1C,303B ,,R,D,DO,F ,X,T,C,50,0,0,0,,,1769315,5907462
Auckland,TE IRIRANGI DRIVE,, ,I,ORMISTON ROAD,201448919,04/12/2014,Thu,2200,HA,CS1C,309A 845 ,,R,D,DO,F ,M,T,R,80,0,0,0,,,1769327,5907459
Auckland,TE IRIRANGI DRIVE,50,N, ,PENION DRIVE,201437412,27/05/2014,Tue,1110,AC,CN1C,372A ,,R,D,B ,F , , ,C,60,0,0,0,,,1768975,5906155
Auckland,TE IRIRANGI DRIVE,100,N, ,PENION DRIVE,201442742,11/09/2014,Thu,730,MB,CN1C,303B 375B ,,R,D,BF,F , ,N,R,60,0,0,0,,,1768987,5906203
Auckland,TE IRIRANGI DRIVE,150,N, ,PENION DRIVE,201415920,02/07/2014,Wed,818,MD,SN1C,308B 371B 929 ,,R,W,O ,F ,D, ,R,50,0,0,1,,35,1768998,5906252
Auckland,TE IRIRANGI DRIVE,150,N, ,PENION DRIVE,201442746,08/09/2014,Mon,1815,MB,CS1C,303B 375B ,,R,D,BF,F , ,N,C,60,0,0,0,,,1768998,5906252
Auckland,TE IRIRANGI DRIVE,40,S, ,PENION DRIVE,201415766,09/09/2014,Tue,843,MB,CS1V,382B ,,S,D,BF,F , ,N,R,50,0,0,1,,,1768954,5906067
Auckland,TE IRIRANGI DRIVE,20,E, ,SHALIMAR PLACE,201443366,27/08/2014,Wed,1310,FD,VW1CC,181A 330A ,,R,D,O ,F , ,N,R,60,0,0,0,,,1768276,5905274
Auckland,TE IRIRANGI DRIVE,20,N, ,SMALES ROAD,201450229,15/12/2014,Mon,1456,KA,CS1C,302B 375B ,,R,D,OF,F ,X,G,R,80,0,0,0,,,1769948,5909864
Auckland,TE IRIRANGI DRIVE,100,N, ,SMALES ROAD,201413091,09/06/2014,Mon,1920,CC,CN1,139A 197A ,T,R,W,DO,L , ,N,R,80,0,0,1,,,1769954,5909945
Auckland,TE IRIRANGI DRIVE,50,S, ,SMALES ROAD,201444374,25/09/2014,Thu,1530,AO,CN1C,386A 401A ,,R,D,B ,F , , ,R,80,0,0,0,,,1769919,5909799
Auckland,TE IRIRANGI DRIVE,, ,I,SMALES ROAD,201416221,05/08/2014,Tue,1710,KA,CS1V,302B ,,R,D,O ,F ,X,G,C,80,0,0,1,,,1769943,5909844
Auckland,TE IRIRANGI DRIVE,, ,I,SMALES ROAD,201433303,04/04/2014,Fri,1525,KA,CN1CC,302B 382B ,,R,D,OF,F ,X,G,R,80,0,0,0,,,1769931,5909847
Auckland,TE IRIRANGI DRIVE,, ,I,SMALES ROAD,201438392,16/05/2014,Fri,1600,FE,CS1C,181A 331A 402B 801 ,,R,W,O ,L ,X,T,R,80,0,0,0,,,1769943,5909844
Auckland,TE IRIRANGI DRIVE,, ,I,SMALES ROAD,201443364,12/09/2014,Fri,1510,LB,CN1C,303B ,,R,W,O ,L ,X,T,R,80,0,0,0,,,1769931,5909847
Auckland,TE IRIRANGI DRIVE,, ,I,SMALES ROAD,201450276,21/11/2014,Fri,1139,LB,VN1C,322A ,,R,D,BF,F ,X,T,R,80,0,0,0,,,1769931,5909847
Auckland,TE IRIRANGI DRIVE,, ,I,TE IRIRANGI OFF SBD,201431201,22/02/2014,Sat,2030,KA,CE1C,184B ,,R,D,DO,F ,T,G,R,60,0,0,0,,,1767765,5905083
Auckland,TE IRIRANGI DRIVE,, ,I,TE IRIRANGI OFF SBD,201433799,07/04/2014,Mon,1300,JA,CE1C,322B 334B ,,R,D,B ,F ,T,T,R,50,0,0,0,,,1767765,5905083
Auckland,TE IRIRANGI DRIVE,50,S, ,TI RAKAU DRIVE,201446012,14/10/2014,Tue,1820,FA,CN1C,110A 331A ,,R,D,TF,F , , ,R,60,0,0,0,,,1770310,5911261
Auckland,TE IRIRANGI DRIVE,100,S, ,TI RAKAU DRIVE,201418543,09/12/2014,Tue,1230,AA,CN1CC,372A ,,R,D,BF,F , ,N,C,50,0,0,2,,,1770293,5911214
Auckland,TE IRIRANGI DRIVE,100,S, ,TI RAKAU DRIVE,201430334,10/01/2014,Fri,1930,KA,CN1C,308B 375B 926 ,,R,D,B ,F ,D,N,C,80,0,0,0,,,1770293,5911214
Auckland,TE IRIRANGI DRIVE,, ,I,TI RAKAU DRIVE,201444724,23/08/2014,Sat,900,FB,CW14,331A 387A ,,R,D,BF,F ,X,T,C,60,0,0,0,,,1770336,5911306
Auckland,TE IRIRANGI DRIVE,, ,I,TI RAKAU DRIVE,201437327,12/06/2014,Thu,2135,MC,CN1C,372B ,,R,W,DO,L ,X,T,C,80,0,0,0,,,1770324,5911308
Auckland,TE IRIRANGI DRIVE,, ,I,TI RAKAU DRIVE,201430001,02/01/2014,Thu,1102,GE,CN1X,193B ,,R,D,BF,F ,X,T,C,50,0,0,0,,,1770324,5911308
Auckland,TE IRIRANGI DRIVE,10,S, ,TOWN CENTRE DRIVE,201411856,16/03/2014,Sun,54,CC,CN1,102A 112A ,P,R,W,DO,L ,X,T,R,80,0,0,1,,,1770192,5910996
Auckland,TE IRIRANGI DRIVE,100,S, ,WANDO LANE S,201430672,15/02/2014,Sat,1708,CB,CN1,129A 355A ,P,R,D,B ,F , ,N,C,80,0,0,0,,,1769747,5909097
Auckland,TE IRIRANGI DRIVE,200,S, ,WANDO LANE S,201440975,19/08/2014,Tue,1750,FD,CN1C,181A ,,R,W,DO,H , ,N,C,80,0,0,0,,,1769723,5909000
Auckland,TE KANAWA CRESCENT,150,W, ,LINCOLN ROAD,201436346,28/02/2014,Fri,835,MA,CW1C,373B ,,R,D,ON,F , ,N,N,50,0,0,0,,,1744956,5918127
Auckland,TE TAOU CRESCENT,15,W, ,MAHUHU CRESCENT,201412288,07/02/2014,Fri,1950,ND,CE1E,111A 370A 711B ,,M,D,B ,F , ,N,C,50,0,0,1,49,,1758326,5920543
Auckland,TE TOKI ROAD,180,N, ,WILMA ROAD,201450966,19/10/2014,Sun,1938,DA,CN1,116A 131A 804 817 ,,E,D,TF,F , , ,N,50,0,0,0,,,1782397,5926911
Auckland,TE TOKI ROAD,, ,I,WILMA ROAD,201447243,29/05/2014,Thu,1355,KB,CS1C,111A 330A 303B 378B 831 ,,E,D,B ,F ,T,N,C,50,0,0,0,,,1782416,5926742
Auckland,TE TORO ROAD,310,N, ,AWHITU ROAD,201450601,17/12/2014,Wed,1101,DB,TN1,110A 129A ,Z,E,D,B ,F , ,N,C,100,0,0,0,,,1748947,5884025
Auckland,TECOMA ST,, ,I,KENTUCKY ST,201442547,03/09/2014,Wed,535,HA,CS2C,301A 375A ,,E,D,DO,F ,T,S,N,50,0,0,0,,,1760891,5915335
Auckland,TECOMA ST,30,E, ,TE COMA ON SBD,201448161,15/11/2014,Sat,1800,JA,CN1V,308B 330B 901 930 ,,R,W,O ,H ,D,N,C,50,0,0,0,,,1760918,5915322
Auckland,TEED ST,15,W, ,BROADWAY,201449432,10/12/2014,Wed,745,CB,TW1,129A ,H,R,D,B ,F , , ,N,50,0,0,0,,,1758441,5918156
Auckland,TENNESSEE AVENUE,40,W, ,FLEMING ST,201448453,25/09/2014,Thu,1030,EA,400000000000000,359A ,M,E,D,BF,F , ,N,C,50,0,0,0,,,1762086,5908108
Auckland,TENNESSEE AVENUE,, ,I,FLEMING ST,201410920,24/02/2014,Mon,830,NA,CE1E,713B ,,R,D,BN,F ,T,N,N,50,0,1,0,13,,1762125,5908100
Auckland,TERRA NOVA ST,300,E, ,CAPTAIN SCOTT ROAD,201436052,25/04/2014,Fri,18,EA,CW1C,129A ,M,M,W,DO,L , ,N,N,50,0,0,0,,,1747470,5912842
Auckland,TERRY PLACE,, ,I,CLAYTON AVENUE,201443947,02/08/2014,Sat,834,DB,CN2,112A 131A 514A ,P,R,W,OF,F ,T,N,C,50,0,0,0,,,1766667,5907451
Auckland,TERRY ST,200,E, ,BLOCKHOUSE BAY ROAD,201431988,13/03/2014,Thu,851,MD,4W1T,371B 927 ,,R,D,BF,F ,D,N,C,50,0,0,0,,,1751835,5912963
Auckland,TERRY ST,70,W, ,BOUNDARY ROAD,201415040,14/08/2014,Thu,1543,NA,TW1E,712B 713B ,,R,D,B ,F , , ,C,50,0,1,0,17,,1752712,5913008