TLANAME,CRASHROAD,CRASHDIST,CRASHDIRN,INTSN,SIDEROAD,CRASHID,CRASHDATE,CRASHDOW,CRASHTIME,MVMT,VEHICLES,CAUSES,OBJECTSSTRUCK,ROADCURVE,ROADWET,LIGHT,WTHRa,JUNCTYPE,TRAFCTRL,ROADMARK,SPDLIM,CRASHFATALCNT,CRASHSEVCNT,CRASHMINCNT,PERSAGE1,PERSAGE2,EASTING,NORTHING
Auckland,THE AVENUE,60,W, ,CARONIA CRESCENT,201440934,06/08/2014,Wed,1930,GB,CW1C,333A 929 ,,R,D,DO,F ,D,N,C,50,0,0,0,,,1753266,5911701
Auckland,THE AVENUE,, ,I,HILLSBOROUGH ROAD,201411637,11/03/2014,Tue,730,JA,CW1S,324A ,,R,D,BF,F ,X,T,C,50,0,0,1,,26,1753578,5911992
Auckland,THE AVENUE,, ,I,THE BOULEVARD,201414488,12/06/2014,Thu,1528,LB,SN1C,210A ,,R,D,BN,F ,R,G,X,50,0,0,1,,12,1756446,5927541
Auckland,THE AVENUE,50,S, ,TWIN COURT,201415251,11/07/2014,Fri,2136,DA,CS1T,103A 129A ,M,E,W,DO,L , ,N,C,50,0,0,1,,,1750749,5934200
Auckland,THE DRIVE,, ,I,EMPIRE ROAD,201441265,22/07/2014,Tue,800,KB,CN1C,301B 375B ,,R,D,B ,F ,T,S,C,50,0,0,0,,,1757575,5914954
Auckland,THE DRIVE,, ,I,GREEN LANE WEST,201445846,17/10/2014,Fri,1750,CA,CS1C4,130A 514A ,,R,D,B ,F ,X,T,C,50,0,0,0,,,1757732,5915590
Auckland,THE DRIVE,20,S, ,KING EDWARD AVENUE,201434843,03/03/2014,Mon,1202,CA,CS1CC,130A 358A ,,R,W,OF,F , ,N,C,50,0,0,0,,,1757790,5915802
Auckland,THE DRIVE,, ,I,KING GEORGE AVENUE,201450295,09/12/2014,Tue,1045,FE,CN1C,181A ,,R,D,OF,F ,X,T,C,50,0,0,0,,,1757826,5915936
Auckland,THE DRIVE,15,N, ,RANGIATEA ROAD,201431256,06/02/2014,Thu,130,EA,CS1C,101A 129A ,M,R,D,DO,F , ,N,C,50,0,0,0,,,1757682,5915410
Auckland,THE ESPLANADE,150,S, ,LUKE PLACE,201418845,23/12/2014,Tue,1930,MO,CN1,433A ,FIT,S,D,BF,F , ,N,R,50,0,2,1,,,1771018,5916939
Auckland,THE STRAND,200,E, ,HURSTMERE ROAD,201434701,01/05/2014,Thu,1255,MO,4E1C,371A ,M,E,D,BF,F , ,N,C,50,0,0,0,,,1758307,5927287
Auckland,THE STRAND,25,E, ,LAKE ROAD,201444312,01/09/2014,Mon,1715,MA,CE1C,373B 402B 801 ,,R,W,DO,L , , ,C,50,0,0,0,,,1758161,5927046
Auckland,THE TERRACE,, ,I,KILLARNEY ST,201433845,17/03/2014,Mon,2008,DB,4N2C,103A 111A 131A ,M,M,D,DO,F ,X,S,C,50,0,0,0,,,1757879,5927452
Auckland,THE TERRACE,, ,I,KILLARNEY ST,201441065,28/07/2014,Mon,905,MG,CN1C,371B ,,R,W,BF,F ,T,G,C,50,0,0,0,,,1757879,5927452
Auckland,THIRD VIEW AVENUE,200,W, ,BELL ROAD,201413943,15/05/2014,Thu,1712,CB,CE1,130A 504A ,P,R,D,O ,F , ,N,C,50,0,0,1,,,1778098,5916289
Auckland,THOMAS ROAD,40,E, ,ASPIRING AVENUE,201433375,29/03/2014,Sat,533,CB,CE1C,410A ,M,R,D,DO,F , ,N,C,50,0,0,0,,,1769644,5905386
Auckland,THOMAS ROAD,25,E, ,GLENLEA PLACE,201417250,03/11/2014,Mon,1630,MC,ME1C,372A ,,R,D,B ,F , , ,C,50,0,0,1,,,1769407,5905488
Auckland,THOMAS ROAD,30,W, ,GLENLEA PLACE,201415069,08/08/2014,Fri,400,CB,CW1,103A 130A 402A ,T,R,W,DO,L , , ,C,50,0,0,1,,,1769361,5905517
Auckland,THOMAS ROAD,10,S, ,JORDAN ROAD,201444619,11/09/2014,Thu,950,MO,CS1V,371A 386A ,M,R,D,B ,F ,T,N,C,50,0,0,0,,,1759767,5906633
Auckland,THOMPSON TERRACE,50,S, ,MOUNTFORT ST,201430941,16/02/2014,Sun,,DB,CN1,103A 131A ,K,M,D,BF,F , ,N,C,50,0,0,0,,,1768199,5899929
Auckland,THORNLOW ST,40,S, ,KIRBY ST,201417513,02/04/2014,Wed,1800,MO,CE1,103A 501A ,H,R,D,OF,F , ,N,C,50,0,0,1,,,1746987,5916090
Auckland,TI RAKAU DRIVE,10,W, ,AMERA PLACE W,201447062,03/11/2014,Mon,710,AC,TW1C,372A 671A ,,R,D,OF,F ,T,G,C,50,0,0,0,,,1769509,5911376
Auckland,TI RAKAU DRIVE,30,N, ,AYLESBURY ST,201430904,18/02/2014,Tue,727,AO,MS1C,381A ,,R,D,BF,F , ,N,R,50,0,0,0,,,1766559,5913162
Auckland,TI RAKAU DRIVE,, ,I,AYLESBURY ST,201413088,13/05/2014,Tue,1610,JA,CS1C,302B 314B 377B ,,R,D,BF,F ,T,G,R,50,0,0,1,,,1766566,5913133
Auckland,TI RAKAU DRIVE,20,W, ,BOTANY ROAD,201450964,18/12/2014,Thu,159,CB,CE1,103A 130A 801 ,P,R,W,DO,L , , ,C,60,0,0,0,,,1770308,5911325
Auckland,TI RAKAU DRIVE,, ,I,BOTANY ROAD,201446158,31/07/2014,Thu,1915,DA,CS2,133A ,P,M,D,DO,F ,X,T,R,60,0,0,0,,,1770339,5911317
Auckland,TI RAKAU DRIVE,, ,I,BOTANY ROAD,201416112,04/09/2014,Thu,1850,LB,CW1C,323B 334B 801 ,,R,W,DO,L ,X,T,R,60,0,0,2,,,1770327,5911320
Auckland,TI RAKAU DRIVE,30,E, ,BURSWOOD DRIVE W,201431815,13/03/2014,Thu,830,LB,CE1C,303B 314B 377B 921 ,,R,D,BF,F ,D,N,R,60,0,0,0,,,1768763,5911609
Auckland,TI RAKAU DRIVE,100,E, ,BURSWOOD DRIVE W,201440780,24/07/2014,Thu,1800,LB,CE1C,303B 929 ,,R,W,DO,L ,D,N,R,50,0,0,0,,,1768831,5911593
Auckland,TI RAKAU DRIVE,, ,I,BURSWOOD DRIVE W,201446587,20/10/2014,Mon,640,JA,CE1V,322A 363A 902 ,,R,D,B ,F ,T,T,R,60,0,0,0,,,1768734,5911616
Auckland,TI RAKAU DRIVE,, ,I,BURSWOOD DRIVE W,201444337,12/09/2014,Fri,2125,JA,CE1C,322A 334A 801 ,,R,W,DO,L ,T,T,C,60,0,0,0,,,1768734,5911616
Auckland,TI RAKAU DRIVE,, ,I,CHAPEL ROAD,201438800,04/07/2014,Fri,1530,FB,CE1C,387A 387B ,,E,D,BF,F ,X,T,C,50,0,0,0,,,1770634,5911226
Auckland,TI RAKAU DRIVE,, ,I,CHAPEL ROAD,201437751,06/06/2014,Fri,1115,FE,CE1C,181A 331A ,,R,D,O ,F ,X,T,R,50,0,0,0,,,1770634,5911226
Auckland,TI RAKAU DRIVE,40,S, ,EDGEWATER DRIVE,201415915,15/07/2014,Tue,1515,FD,CN1CCC,331A ,,R,W,B ,F , , ,C,60,0,0,2,,,1767235,5912285
Auckland,TI RAKAU DRIVE,10,N, ,EDGEWATER DRIVE N,201433283,19/03/2014,Wed,700,FA,CN1C,181A ,,R,D,BF,F ,T,T,C,60,0,0,0,,,1767201,5912321
Auckland,TI RAKAU DRIVE,20,S, ,EDGEWATER DRIVE N,201440620,18/07/2014,Fri,1500,AO,CN1B,129A 129B ,,R,D,B ,F , , ,C,60,0,0,0,,,1767221,5912300
Auckland,TI RAKAU DRIVE,5,N, ,EDGEWATER DRIVE S,201430390,15/01/2014,Wed,635,MO,CS1,371A 423A ,H,R,D,B ,F ,T,N,N,50,0,0,0,,,1767440,5912107
Auckland,TI RAKAU DRIVE,240,W, ,GOSSAMER DRIVE,201437126,27/05/2014,Tue,2050,CB,CW1,501A ,T,R,D,DO,F , ,N,C,60,0,0,0,,,1767673,5912008
Auckland,TI RAKAU DRIVE,, ,I,GOSSAMER DRIVE,201416014,20/09/2014,Sat,720,KA,SS1CS,302B 375B ,,R,W,O ,F ,T,G,C,50,0,0,2,,,1767892,5911916
Auckland,TI RAKAU DRIVE,100,E, ,GREENMOUNT DRIVE,201430931,25/02/2014,Tue,1740,MB,4E1C,314B 377B ,,E,D,BF,F , ,N,R,60,0,0,0,,,1769496,5911396
Auckland,TI RAKAU DRIVE,200,W, ,GREENMOUNT DRIVE,201448365,16/12/2014,Tue,1135,AA,CW1V,372A 926 ,,R,D,O ,F ,D,N,C,60,0,0,0,,,1769211,5911488
Auckland,TI RAKAU DRIVE,, ,I,GREENMOUNT DRIVE,201442051,31/07/2014,Thu,2350,KB,CE1C,322B ,,R,D,DO,F ,T,T,C,50,0,0,0,,,1769405,5911439
Auckland,TI RAKAU DRIVE,10,E, ,HARRIS ROAD,201416482,09/10/2014,Thu,2035,FE,CW1CC,112A 331A 402A 862 ,,R,D,DO,F ,X,T,R,60,0,0,1,,,1769050,5911528
Auckland,TI RAKAU DRIVE,15,E, ,HARRIS ROAD,201434677,04/04/2014,Fri,1840,FD,CE1C,181A ,,R,D,OF,F , ,N,R,60,0,0,0,,,1769057,5911539
Auckland,TI RAKAU DRIVE,50,E, ,HARRIS ROAD,201416480,07/09/2014,Sun,1515,CC,CE1CC,103A 130A ,,R,D,B ,F , , ,R,60,0,0,3,,,1769091,5911530
Auckland,TI RAKAU DRIVE,50,E, ,HARRIS ROAD,201414439,08/07/2014,Tue,2007,NA,CW1E,713B ,,R,W,DO,LS, ,N,R,50,0,0,1,,,1769088,5911518
Auckland,TI RAKAU DRIVE,200,E, ,HARRIS ROAD,201413841,04/06/2014,Wed,1740,LB,TW1C,303B 375B 927 ,,R,D,TO,F ,D, ,R,60,0,1,1,,,1769234,5911482
Auckland,TI RAKAU DRIVE,50,W, ,HARRIS ROAD,201444578,15/09/2014,Mon,745,AA,CE1CC,372A ,,R,D,B ,F , , ,C,60,0,0,0,,,1768994,5911555
Auckland,TI RAKAU DRIVE,80,W, ,HARRIS ROAD,201437271,05/06/2014,Thu,720,FD,CW1C,331A ,,R,D,OF,F , ,N,R,60,0,0,0,,,1768962,5911550
Auckland,TI RAKAU DRIVE,, ,I,HARRIS ROAD,201434371,06/04/2014,Sun,1726,LB,CW1C,303B ,,R,D,O ,F ,T,T,C,50,0,0,0,,,1769040,5911530
Auckland,TI RAKAU DRIVE,, ,I,HARRIS ROAD,201435907,01/05/2014,Thu,550,LB,CW1C,303B 375B ,,R,W,DO,F ,T,T,C,60,0,0,0,,,1769040,5911530
Auckland,TI RAKAU DRIVE,, ,I,HARRIS ROAD,201436688,30/03/2014,Sun,2040,CA,CE1,103A ,IP,R,D,B ,F ,X,G,R,50,0,0,0,,,1769043,5911542
Auckland,TI RAKAU DRIVE,, ,I,HUNTINGTON DRIVE,201447091,06/11/2014,Thu,1220,FF,4W1C,313A 387A ,,R,D,OF,F ,T,T,R,60,0,0,0,,,1769685,5911298
Auckland,TI RAKAU DRIVE,, ,I,MARRIOTT ROAD,201416295,17/10/2014,Fri,845,NF,CS1E,376A ,,M,D,B ,F ,T,G,R,60,0,0,1,79,,1767161,5912377
Auckland,TI RAKAU DRIVE,, ,I,MATTSON ROAD,201437863,07/06/2014,Sat,230,CB,CS1,130A 410A ,P,R,D,DO,F ,T,T,R,60,0,0,0,,,1766856,5912725
Auckland,TI RAKAU DRIVE,, ,I,MATTSON ROAD,201437250,07/05/2014,Wed,1934,LB,CN1C,303B 375B ,S,R,D,DO,F ,T,T,C,60,0,0,0,,,1766846,5912717
Auckland,TI RAKAU DRIVE,50,N, ,PAKURANGA HIGHWAY,201436828,13/05/2014,Tue,1332,KA,CS14,308B 353B 925 ,,R,D,O ,F ,D, ,C,50,0,0,0,,,1766632,5912967
Auckland,TI RAKAU DRIVE,15,S, ,PAKURANGA HIGHWAY,201432852,22/02/2014,Sat,1355,AO,CN1C,184A ,,R,D,B ,F ,T,T,C,60,0,0,0,,,1766668,5912906
Auckland,TI RAKAU DRIVE,5,S, ,PAKURANGA ROAD,201431550,25/01/2014,Sat,1805,FE,CN1C,331A ,,R,D,B ,F ,T,T,C,50,0,0,0,,,1766521,5913265
Auckland,TI RAKAU DRIVE,50,S, ,PAKURANGA ROAD,201449838,09/12/2014,Tue,1720,MB,CN1C,303B 375B ,,R,W,OF,L , ,N,R,60,0,0,0,,,1766532,5913222
Auckland,TI RAKAU DRIVE,100,S, ,PAKURANGA ROAD,201444207,02/08/2014,Sat,1625,AA,CN1C,330A 372A ,,R,D,O ,F , , ,R,50,0,0,0,,,1766544,5913173
Auckland,TI RAKAU DRIVE,, ,I,PAKURANGA ROAD,201435315,14/04/2014,Mon,1800,FB,CN1C,181A ,,M,D,TO,F ,T,G,C,70,0,0,0,,,1766519,5913270
Auckland,TI RAKAU DRIVE,, ,I,PAKURANGA ROAD,201443385,31/08/2014,Sun,1340,FB,CN1V,181A ,,R,D,O ,F ,T,G,C,50,0,0,0,,,1766519,5913270
Auckland,TI RAKAU DRIVE,, ,I,PAKURANGA ROAD,201440782,29/07/2014,Tue,1500,FB,CN1C,181A ,,R,D,B ,F ,T,G,R,50,0,0,0,,,1766519,5913270
Auckland,TI RAKAU DRIVE,, ,I,PALM AVENUE,201430029,07/01/2014,Tue,,JA,CN1C,302B 375B ,,R,D,BF,F ,T,G,R,60,0,0,0,,,1766573,5913057
Auckland,TI RAKAU DRIVE,, ,I,PALM AVENUE,201436772,06/05/2014,Tue,1400,LB,CW1CC,303B 375B ,,E,D,O ,F ,T,G,R,60,0,0,0,,,1766573,5913057
Auckland,TI RAKAU DRIVE,, ,I,PALM AVENUE,201430572,28/01/2014,Tue,,LB,CN1C,303B ,,R,D,B ,F ,T,G,P,50,0,0,0,,,1766573,5913057
Auckland,TI RAKAU DRIVE,, ,I,REEVES ROAD,201432811,07/03/2014,Fri,1300,LB,CW2C,303B 323B ,,R,D,B ,F ,X,T,C,50,0,0,0,,,1766663,5912928
Auckland,TI RAKAU DRIVE,25,S, ,ROSEBURN PLACE,201418154,14/11/2014,Fri,2100,CB,CS1,112A 130A 903 ,FT,R,D,DO, S, , ,R,60,0,1,0,,,1766991,5912531
Auckland,TI RAKAU DRIVE,10,E, ,TE IRIRANGI DRIVE,201443954,03/09/2014,Wed,845,FE,CW1CCC,181A 181D ,,R,D,BF,F ,M,T,C,50,0,0,0,,,1770346,5911303
Auckland,TI RAKAU DRIVE,140,E, ,TE IRIRANGI DRIVE,201443056,19/08/2014,Tue,1734,AC,VW1V,372A 381A 901 925 ,,E,W,DO,H ,D, ,C,60,0,0,0,,,1770472,5911271
Auckland,TI RAKAU DRIVE,100,W, ,TE IRIRANGI DRIVE,201431487,10/02/2014,Mon,830,FD,CW1C,181A ,,R,D,BF,F , ,N,R,60,0,0,0,,,1770226,5911322
Auckland,TI RAKAU DRIVE,, ,I,TE IRIRANGI DRIVE,201447065,05/10/2014,Sun,,HA,4W1C,313A 327A ,,R,D,OF,F ,X,T,C,50,0,0,0,,,1770336,5911306
Auckland,TI RAKAU DRIVE,, ,I,TE IRIRANGI DRIVE,201444342,16/08/2014,Sat,640,HA,CE1C,322A 351A ,,R,D,DO,F ,X,T,N,60,0,0,0,,,1770336,5911306
Auckland,TI RAKAU DRIVE,, ,I,TE IRIRANGI DRIVE,201443108,23/08/2014,Sat,2020,LB,CW1C,323B ,,R,D,DO,F ,X,T,N,60,0,0,0,,,1770336,5911306
Auckland,TI RAKAU DRIVE,, ,I,TE IRIRANGI DRIVE S,201435068,26/04/2014,Sat,1915,LB,CW1C,303B 375B ,,E,D,TO,F ,X,T,C,60,0,0,0,,,1770336,5911306
Auckland,TI RAKAU DRIVE,, ,I,TE KOHA ROAD,201430481,29/01/2014,Wed,1345,FA,CW1C,110A 181A ,,E,D,B ,F ,T,N,C,50,0,0,0,,,1770020,5911250
Auckland,TI RAKAU DRIVE,, ,I,TE KOHA ROAD,201433769,21/03/2014,Fri,1350,JA,VE1C,322B ,,M,D,O ,F ,T,T,N,50,0,0,0,,,1770018,5911262
Auckland,TI RAKAU DRIVE,30,W, ,TRUGOOD DRIVE,201441238,30/06/2014,Mon,1800,FD,CW1CC,181A 331A 353A 402A ,,R,D,TF,F , , ,R,60,0,0,0,,,1768462,5911673
Auckland,TI RAKAU DRIVE,, ,I,TRUGOOD DRIVE,201415735,19/08/2014,Tue,550,LB,TW1C,303B ,,E,D,TO,F ,T,T,R,50,0,1,1,,,1768490,5911664
Auckland,TI RAKAU DRIVE,, ,I,TRUGOOD DRIVE,201415472,31/08/2014,Sun,1000,LB,BW1C,303B ,,R,W,O ,L ,T,T,R,60,0,0,4,,,1768490,5911664
Auckland,TI RAKAU DRIVE,, ,I,TRUGOOD DRIVE,201410865,18/01/2014,Sat,1140,LB,CW1C,303B 334B ,,R,D,B ,F ,T,T,R,60,0,0,1,,,1768490,5911664
Auckland,TI RAKAU DRIVE,, ,I,TRUGOOD DRIVE,201439332,22/06/2014,Sun,1710,LB,CW1C,303B 375B ,,R,D,B ,F ,T,T,C,50,0,0,0,,,1768490,5911664
Auckland,TI RAKAU DRIVE,, ,I,TRUGOOD DRIVE,201435488,01/05/2014,Thu,2200,LB,CW1C,303B 375B ,,R,D,DO,F ,T,T,R,60,0,0,0,,,1768490,5911664
Auckland,TI RAKAU DRIVE,20,N, ,WHEATLEY AVENUE,201440238,10/07/2014,Thu,1830,FD,CN1CCC,110A 331A 402A ,,R,D,TO,F , , ,C,60,0,0,0,,,1767328,5912185
Auckland,TI RAKAU DRIVE,, ,I,WHEATLEY AVENUE,201441023,05/07/2014,Sat,1700,JA,CN1CC,302B 314B 377B ,,R,D,TF,F ,T,G,C,60,0,0,0,,,1767342,5912170
Auckland,TI RAKAU DRIVE W,, ,I,TE IRIRANGI DRIVE,201412061,21/04/2014,Mon,1200,LB,CW1C,303B 375B ,,R,D,B ,F ,M,T,C,60,0,0,1,,,1770324,5911308
Auckland,TIHI ST,, ,I,WYNNE GRAY AVENUE,201450539,22/12/2014,Mon,1435,HA,CS1C,302B 375B ,,R,D,B ,F ,X,G,C,50,0,0,0,,,1763857,5916043
Auckland,TILBERG ST,, ,I,MOREWOOD LANE,201416993,31/10/2014,Fri,1927,NA,VW1E,713B 727B ,,R,D,OF,F ,T,N,C,50,0,0,1,7,,1760360,5908663
Auckland,TINDALL CRESCENT,15,S, ,BOND ST,201450236,26/12/2014,Fri,200,CB,CE1,130A ,F,R,D,DO,F , ,N,C,50,0,0,0,,,1767437,5907317
Auckland,TINDALL CRESCENT,10,W, ,GARRETT PLACE,201445406,18/08/2014,Mon,324,DA,CW1C,111A 131A 514A 517A ,M,M,D,DO,F ,T,N,N,50,0,0,0,,,1767363,5907143
Auckland,TIRI TIRI ROAD,120,N, ,SAFFRON ST,201448726,28/11/2014,Fri,2328,EA,CN1C,129A 517A ,M,R,D,DO,F , , ,C,50,0,0,0,,,1751498,5926350
Auckland,TIRI TIRI ROAD,, ,I,SAFFRON ST,201413185,12/04/2014,Sat,322,DA,CN2,103A 111A 131A 402A ,C,M,D,DO,F ,T,G,C,50,0,0,2,,,1751548,5926241
Auckland,TIRIMOANA ROAD,20,N, ,CHRISTINA AVENUE,201436379,12/03/2014,Wed,1600,CC,CS1,103A ,F,R,D,BF,F , ,N,C,50,0,0,0,,,1747162,5916724
Auckland,TIRIMOANA ROAD,200,S, ,MEADOW CRESCENT,201417602,01/06/2014,Sun,1220,PC,CN1E,371A 726B 929 ,,E,D,B ,F ,D,N,N,10,0,0,1,1,,1747323,5917053
Auckland,TIRIMOANA ROAD,, ,I,TE ATATU ROAD,201437144,30/05/2014,Fri,1755,DA,CN2,131A 363A ,K,R,D,DO,F ,T,S,P,50,0,0,0,,,1746591,5916581
Auckland,TIRIMOANA ROAD,200,N, ,TRACEY TERRACE,201438537,22/06/2014,Sun,650,DA,VS1,101A 111A 131A 414A 801 ,CP,E,W,DO,L , , ,C,50,0,0,0,,,1747287,5916981
Auckland,TIRONUI ROAD,100,N, ,TIRONUI STATION ROAD WEST,201444876,18/11/2014,Tue,1245,EA,CS1VCC,103A 129A ,MM,R,D,BF,F , ,N,N,50,0,0,0,,,1771802,5897711
Auckland,TIRONUI ROAD,120,N, ,WATERVIEW ROAD,201445353,30/09/2014,Tue,2100,DA,CS1,111A 131A ,P,E,D,DO,F , , ,C,50,0,0,0,,,1771898,5897520
Auckland,TIROROA AVENUE,170,N, ,WAIRATA PLACE,201449517,17/09/2014,Wed,1000,MO,TS1C,371A ,M,M,D,B ,F , , ,N,50,0,0,0,,,1747408,5918627
Auckland,TIROROA AVENUE,50,N, ,WAKELING AVENUE,201449133,24/07/2014,Thu,715,EA,CN1C,331A 645A ,M,R,D,DO,F , ,N,C,50,0,0,0,,,1747123,5918548
Auckland,TITIRANGI BEACH ROAD,, ,I,PARK ROAD,201439746,23/06/2014,Mon,1215,JA,CN1V,303B 330B ,,M,D,BF,F ,T,N,C,50,0,0,0,,,1747677,5910595
Auckland,TITIRANGI ROAD,15,E, ,ATKINSON ROAD,201447046,26/10/2014,Sun,1030,AA,CE1V,184A ,,R,D,BF,F , ,N,C,50,0,0,0,,,1747327,5910693
Auckland,TITIRANGI ROAD,40,N, ,AVA AVENUE,201412884,12/05/2014,Mon,801,DA,CS1,131A 504A ,P,E,D,O ,F , , ,C,50,0,0,1,,,1748023,5911899
Auckland,TITIRANGI ROAD,240,E, ,CROYDON ROAD,201442922,22/08/2014,Fri,1709,DA,CS1CC,352A ,M,M,W,B ,F , , ,C,50,0,0,0,,,1748712,5913178
Auckland,TITIRANGI ROAD,20,W, ,CROYDON ROAD,201418849,18/12/2014,Thu,914,NB,CW1E,306A 727B ,,R,D,OF,F , ,T,X,50,0,1,0,6,,1748483,5913055
Auckland,TITIRANGI ROAD,, ,I,CROYDON ROAD,201413035,09/05/2014,Fri,1210,LB,CE1C,303B 375B ,,R,D,OF,F ,T,T,C,50,0,0,2,,,1748501,5913064
Auckland,TITIRANGI ROAD,, ,I,CROYDON ROAD,201442917,16/08/2014,Sat,2104,LB,CE1C,303B ,,R,D,DO,F ,T,T,R,50,0,0,0,,,1748501,5913064
Auckland,TITIRANGI ROAD,, ,I,CROYDON ROAD,201410079,06/02/2014,Thu,1812,LB,SN1C,534A 303B 375B ,,R,D,B ,F ,T,T,R,50,0,1,0,,46,1748501,5913064
Auckland,TITIRANGI ROAD,, ,I,GODLEY ROAD,201437035,26/05/2014,Mon,1630,FA,4N1CC,357A 371A 512A ,M,M,D,B ,F ,R,G,R,50,0,0,0,,,1747797,5911255
Auckland,TITIRANGI ROAD,, ,I,GREAT NORTH ROAD,201431016,14/02/2014,Fri,1824,FB,CW1C,181A 350A ,,E,W,O ,F ,T,G,C,50,0,0,0,,,1749431,5913916
Auckland,TITIRANGI ROAD,50,S, ,MARGAN AVENUE,201414573,12/05/2014,Mon,1845,JA,MS1C,308B 375B 922 ,,R,D,DO,F ,D, ,C,50,0,0,1,,,1749204,5913560
Auckland,TITIRANGI ROAD,, ,I,MARGAN AVENUE,201411627,22/03/2014,Sat,2350,JA,4S1C,322A 101B ,,E,D,DO,F ,T,T,R,50,0,0,1,,,1749245,5913590
Auckland,TITIRANGI ROAD,, ,I,OLD TITIRANGI ROAD N,201447923,10/07/2014,Thu,2350,CB,CS1,412A 903 ,JKP,R,D,DO,FS,T,G,C,50,0,0,0,,,1748254,5912852
Auckland,TITIRANGI ROAD,, ,I,PARK ROAD,201433877,27/03/2014,Thu,1745,KB,CN1C,302B ,,R,D,O ,F ,T,G,C,50,0,0,0,,,1747787,5911113
Auckland,TITIRANGI ROAD,20,S, ,PARKER AVENUE,201435590,22/04/2014,Tue,750,FC,CN1C,181A 331A ,,R,W,O ,F , , ,X,50,0,0,0,,,1748514,5913071
Auckland,TITIRANGI ROAD,250,W, ,PARKER AVENUE,201430178,07/01/2014,Tue,1520,FD,CS1CC,181A 331A 410A ,,R,D,BF,F , ,N,C,50,0,0,0,,,1748334,5912932
Auckland,TITIRANGI ROAD,, ,I,PARKER AVENUE,201443534,14/08/2014,Thu,1638,LB,CW1C,303B 377B ,,E,W,OF,L ,T,S,L,50,0,0,0,,,1748532,5913080
Auckland,TITIRANGI ROAD,15,N, ,PLEASANT ROAD,201450573,20/12/2014,Sat,851,DB,CS1C,111A 131A 514A 517A ,,M,D,O ,F ,T,T,C,50,0,0,0,,,1747964,5912524
Auckland,TITIRANGI ROAD,, ,I,PLEASANT ROAD,201411898,27/03/2014,Thu,1630,LB,VN1C,303B 375B ,,R,D,BF,F ,T,T,C,50,0,0,1,,,1747965,5912509
Auckland,TITIRANGI ROAD,, ,I,PLEASANT ROAD,201417528,13/11/2014,Thu,1728,LB,CN1C,303B ,,E,D,BF,F ,T,T,C,50,0,0,1,,,1747965,5912509
Auckland,TITIRANGI ROAD,, ,I,PLEASANT ROAD,201414387,24/06/2014,Tue,1715,LB,CN1C,323B 334B 801 ,,E,W,TF,L ,T,T,R,50,0,0,2,,,1747965,5912509
Auckland,TITIRANGI ROAD,50,N, ,RANGIWAI ROAD,201449741,12/01/2014,Sun,1005,DA,CS1C,131A 386A ,M,M,D,B ,F , ,N,P,50,0,0,0,,,1747644,5910783
Auckland,TITIRANGI ROAD,, ,I,RANGIWAI ROAD,201416085,12/10/2014,Sun,1530,MA,PE1C,373B ,,R,D,B ,F ,T,N,C,50,0,0,1,,,1747601,5910759
Auckland,TITIRANGI ROAD,, ,I,SOUTH TITIRANGI ROAD,201414882,27/06/2014,Fri,840,JA,CW1C,301B 363B 902 ,,R,W,BF,F ,T,S,C,50,0,0,1,,,1747463,5910727
Auckland,TITIRANGI ROAD,15,N, ,WILLERTON AVENUE,201437288,07/06/2014,Sat,1630,ME,VN1C,371B ,,R,D,BF,F , ,N,C,50,0,0,0,,,1748862,5913319
Auckland,TITIRANGI ROAD,, ,I,WILLERTON AVENUE,201445345,11/09/2014,Thu,1830,LB,CW1C,303B ,,E,D,B ,F ,T,N,C,50,0,0,0,,,1748849,5913311
Auckland,TITOKI ST,, ,I,MAUNSELL ROAD,201437091,07/05/2014,Wed,2330,HA,PN1X,301B ,,R,W,DO,L ,X,S,R,50,0,0,0,,,1758656,5918970
Auckland,TITOKI ST,, ,I,TE ATATU ROAD,201430675,10/02/2014,Mon,1901,BB,CS1C,124A ,,E,D,TF,F ,T,G,R,50,0,0,0,,,1747231,5919905
Auckland,TITOKI ST,100,S, ,TORU ST,201413961,26/02/2014,Wed,1438,CB,MN1,103A 112A ,IK,R,D,B ,F , ,N,R,50,0,1,0,,,1746930,5920031
Auckland,TIVERTON ROAD,120,E, ,BLOCKHOUSE BAY ROAD,201414895,25/07/2014,Fri,1854,FD,CW1C,181A ,,R,W,DO,L , ,N,P,50,0,0,1,,,1751726,5914211
Auckland,TIVERTON ROAD,, ,I,BLOCKHOUSE BAY ROAD,201430134,24/01/2014,Fri,1700,FB,CW1C,331A 817 ,,R,D,BF,F ,R,G,C,50,0,0,0,,,1751612,5914204
Auckland,TIVERTON ROAD,, ,I,BLOCKHOUSE BAY ROAD,201438944,14/06/2014,Sat,2000,FE,CW1C,181A ,,R,D,DO,F ,R,G,P,50,0,0,0,,,1751607,5914203
Auckland,TIVERTON ROAD,20,W, ,NEW WINDSOR ROAD,201443725,12/09/2014,Fri,1715,JA,CW1C,308B 929 ,,R,D,B ,F ,D,N,C,50,0,0,0,,,1752483,5914247
Auckland,TIVERTON ROAD,100,W, ,NEW WINDSOR ROAD,201435241,28/03/2014,Fri,1034,AA,CE1T,372A ,,R,D,B ,F , , ,C,80,0,0,0,,,1752403,5914246
Auckland,TIVERTON ROAD,, ,I,NEW WINDSOR ROAD,201441214,28/07/2014,Mon,1145,LB,VE1V,323B 330B ,,E,D,B ,F ,T,T,C,50,0,0,0,,,1752503,5914247
Auckland,TIVERTON ROAD,10,E, ,PITCAIRN PLACE,201410719,08/03/2014,Sat,1250,FD,4W1CC,181A 330A ,,R,D,B ,F ,T,N,P,50,0,0,1,,,1751752,5914212
Auckland,TIVERTON ROAD,200,E, ,WHITNEY ST,201412679,30/03/2014,Sun,900,FD,PW1C,181A ,,R,D,BF,F , ,N,C,50,0,0,1,,,1752371,5914245
Auckland,TIVERTON ROAD,50,W, ,WHITNEY ST,201435378,15/04/2014,Tue,758,JA,CE1C,308B 929 ,,R,D,B ,F ,D,N,C,50,0,0,0,,,1752104,5914231
Auckland,TIVERTON ROAD,, ,I,WHITNEY ST,201431209,22/02/2014,Sat,1505,HA,CS2S,302A 375A ,,R,D,BF,F ,R,G,R,50,0,0,0,,,1752161,5914243
Auckland,TOBIN ST,, ,I,EDINBURGH ST,201418204,21/12/2014,Sun,345,DA,CE1,103A 111A 131A 357A ,SX,R,W,DO,F ,R,G,R,50,0,0,1,,,1768951,5881348
Auckland,TOM PEARCE DRIVE,130,E, ,GEOFFREY ROBERTS ROAD,201450283,22/12/2014,Mon,1635,JA,CW14,308B 314B 377B 927 ,,R,D,BF,F ,D,N,C,50,0,0,0,,,1759769,5903614