TLANAME,CRASHROAD,CRASHDIST,CRASHDIRN,INTSN,SIDEROAD,CRASHID,CRASHDATE,CRASHDOW,CRASHTIME,MVMT,VEHICLES,CAUSES,OBJECTSSTRUCK,ROADCURVE,ROADWET,LIGHT,WTHRa,JUNCTYPE,TRAFCTRL,ROADMARK,SPDLIM,CRASHFATALCNT,CRASHSEVCNT,CRASHMINCNT,PERSAGE1,PERSAGE2,EASTING,NORTHING
Auckland,TOM PEARCE DRIVE,, ,I,GEORGE BOLT MEMORIAL DRIV,201438960,26/06/2014,Thu,2015,GF,CN2V,381A ,,E,D,DO,F ,X,T,C,50,0,0,0,,,1759206,5903430
Auckland,TOM PEARCE DRIVE,40,E, ,TAHINGA DRIVE,201443042,02/09/2014,Tue,1400,AC,CE1C,372A ,,R,D,B ,F , , ,R,50,0,0,0,,,1759120,5903406
Auckland,TOM PEARCE DRIVE,15,W, ,UENUKU WAY,201444028,14/10/2014,Tue,1620,FD,TE14,181A ,,R,D,BF,F ,X,G,C,50,0,0,0,,,1759876,5903648
Auckland,TOM PEARCE DRIVE,20,W, ,UENUKU WAY,201418041,03/12/2014,Wed,1600,FD,4E1C,181A 352A ,,R,D,BF,F , ,N,C,50,0,0,1,,,1759871,5903647
Auckland,TOM PEARCE DRIVE,30,W, ,UENUKU WAY,201414384,04/07/2014,Fri,1450,FA,CE1C,331A 355A ,,R,D,B ,F , , ,C,60,0,0,2,,,1759862,5903644
Auckland,TOMARATA VALLEY ROAD,680,S, ,SCHOOL ROAD,201417650,05/12/2014,Fri,1045,BC,MS1C,111A 121A ,V,E,D,B ,F , ,N,C,100,0,0,1,,,1745077,5989105
Auckland,TONAR ST,30,E, ,LAKE ROAD,201413777,31/05/2014,Sat,1500,CA,MW1,433A ,,R,D,BF,F , ,N,N,50,0,0,1,,,1755741,5926452
Auckland,TORU ST,, ,I,OLD TE ATATU ROAD,201439362,04/07/2014,Fri,830,JC,CN1V,302A 375A ,,E,D,OF,F ,T,G,C,50,0,0,0,,,1747130,5920212
Auckland,TOSCANA DRIVE,, ,I,SOPHIA PLACE,201432922,21/02/2014,Fri,1657,DB,CS1,111A 131A 427A 502A ,T,S,D,B ,F ,T,N,C,50,0,0,0,,,1770805,5896148
Auckland,TOTARA AVENUE,, ,I,HETANA ST,201414778,02/08/2014,Sat,2110,DA,4N2,131A 801 ,S,M,W,DO,L ,T,T,C,50,0,0,1,,,1750241,5913957
Auckland,TOTARA ROAD,200,E, ,WHANGAPARAOA ROAD,201448965,09/12/2014,Tue,2140,MO,CW1C,386A 929 ,M,R,D,O ,F ,D,N,C,50,0,0,0,,,1755329,5944708
Auckland,TOTARA VIEWS DRIVE,100,W, ,SALTWOOD ST,201446440,02/11/2014,Sun,1520,MO,CW1C,371A 929 ,M,R,D,BF,F ,D,N,C,50,0,0,0,,,1750397,5947264
Auckland,TOTARAVALE DRIVE,40,N, ,MIROVALE PLACE,201438968,26/06/2014,Thu,2100,EA,CS1C,102A 129A ,M,E,W,DO,F , ,N,C,50,0,0,0,,,1754991,5930176
Auckland,TOTARAVALE DRIVE,30,N, ,SUNNYNOOK ROAD,201442016,04/08/2014,Mon,850,FD,CS1C,181A ,,R,D,BF,F , ,N,C,50,0,0,0,,,1755028,5930092
Auckland,TOURIST ROAD,670,W, ,MCNICOL ROAD,201436454,08/05/2014,Thu,215,DA,CE1,111A 131A ,F,M,W,DN,L , ,N,C,100,0,0,0,,,1782841,5901875
Auckland,TOURIST ROAD,250,E, ,PAPAKURA-CLEVEDON ROAD,201411126,27/02/2014,Thu,1813,DA,CE1,103A 111A 131A 506A ,GP,E,D,B ,F , , ,C,100,0,0,1,,,1780276,5900890
Auckland,TRAFALGAR ST,20,E, ,INKERMAN ST,201438129,14/05/2014,Wed,1730,EA,CE14,129A ,M,R,W,DO,L , ,N,C,50,0,0,0,,,1758573,5912933
Auckland,TRAFALGAR ST,50,E, ,MANUKAU ROAD,201442707,13/09/2014,Sat,1210,MD,CE1C,371B 929 ,,R,W,OF,L ,D,N,C,50,0,0,0,,,1758469,5912923
Auckland,TRAFALGAR ST,, ,I,SELWYN ST,201435234,04/04/2014,Fri,1648,HA,CE1CC,301B ,,R,D,B ,F ,X,S,C,50,0,0,0,,,1758755,5912949
Auckland,TRAFALGAR ST,40,E, ,VIEWLAND AVENUE,201445531,25/09/2014,Thu,931,DA,CW1,131A 359A 930 ,P,R,D,B ,F ,D,N,C,50,0,0,0,,,1757976,5912922
Auckland,TRAM GULLY ROAD,1000,N, ,AWHITU ROAD,201417163,23/11/2014,Sun,235,CB,CS1,195A ,T,R,W,DN,L , , ,N,100,0,0,3,,,1743995,5895582
Auckland,TRANMERE ROAD,120,E, ,ARABI ST,201440937,09/08/2014,Sat,,MO,CE1C4,385A 514A 517A ,M,M,D,DO,F , ,N,N,50,0,0,0,,,1755147,5915805
Auckland,TRAVIS VIEW DRIVE,60,W, ,FAIRVIEW AVENUE,201433144,26/03/2014,Wed,1620,EA,VE1C,129A ,M,R,D,B ,FS, , ,N,50,0,0,0,,,1753174,5935668
Auckland,TREVONE PLACE,30,W, ,BECROFT DRIVE,201413792,23/05/2014,Fri,800,PC,CN1E,308A 929 ,,R,D,OF,F ,D,N,R,50,0,0,1,72,,1755600,5929835
Auckland,TREVOR HOSKEN DRIVE,40,S, ,TOPAZ PLACE,201448047,10/11/2014,Mon,1338,EA,CN14,129A ,M,E,D,B ,F , , ,N,50,0,0,0,,,1767450,5903213
Auckland,TREVOR HOSKEN DRIVE,10,E, ,TOURMALIN PLACE,201441657,08/08/2014,Fri,1653,MC,VW14,372B ,,E,W,O ,L ,T,N,R,50,0,0,0,,,1767230,5903521
Auckland,TREVOR HOSKEN DRIVE,50,E, ,TOURMALIN PLACE,201415186,23/08/2014,Sat,2120,BB,CW1C,103A 111A 123A ,,E,D,DO,F , , ,C,50,0,0,1,,,1767269,5903516
Auckland,TRIANGLE ROAD,, ,I,BELLRINGER ROAD,201413111,11/05/2014,Sun,1203,GB,SE1C,350B 372B ,,M,D,B ,F ,X,S,C,50,0,1,0,,43,1743578,5922043
Auckland,TRIANGLE ROAD,50,E, ,DON BUCK ROAD,201449860,17/12/2014,Wed,1240,MO,VW1V,331B 929 ,M,R,W,OF,L ,D,N,C,50,0,0,0,,,1743008,5922265
Auckland,TRIANGLE ROAD,140,E, ,DON BUCK ROAD,201411531,06/03/2014,Thu,1648,PD,CW1E,722B ,,E,D,BF,F , ,N,C,50,0,0,1,8,,1743044,5922183
Auckland,TRIANGLE ROAD,, ,I,DOONE PLACE,201444887,02/11/2014,Sun,1100,QD,400,613A ,F,R,D,BF,F ,T,S,C,50,0,0,0,,,1744684,5921349
Auckland,TRIANGLE ROAD,, ,I,HURUHURU ROAD,201414480,02/05/2014,Fri,1950,DA,CN1,103A 111A 131A ,,M,D,DO,F ,R,G,R,50,0,0,1,,,1744881,5921173
Auckland,TRIANGLE ROAD,, ,I,MAKORA ROAD,201417989,04/12/2014,Thu,2018,DB,CE1,103A 111A 131A ,F,E,D,O ,F ,T,G,R,50,0,0,1,,,1744216,5921922
Auckland,TRIANGLE ROAD,, ,I,REYNELLA DRIVE,201447353,25/09/2014,Thu,2216,LB,4W1C,101B 303B ,,R,D,DO,F ,T,S,C,50,0,0,0,,,1743698,5922023
Auckland,TRIANGLE ROAD,400,E, ,WAIMUMU ROAD,201412851,20/05/2014,Tue,1500,BO,CW1C,129A 129B ,,R,D,O ,F , , ,L,50,0,0,2,,,1745077,5920810
Auckland,TRIANGLE ROAD,, ,I,WAIMUMU ROAD,201445176,07/05/2014,Wed,2200,DA,CN1,101A 111A 131A 801 ,FH,R,W,DO,L ,R,G,R,50,0,0,0,,,1744881,5921173
Auckland,TRIANGLE ROAD,, ,I,WAIMUMU ROAD,201431334,07/03/2014,Fri,1710,AO,CN1C,381A ,,M,D,OF,F ,R,G,R,50,0,0,0,,,1744888,5921156
Auckland,TRIANGLE ROAD,, ,I,WAIMUMU ROAD,201413000,15/05/2014,Thu,630,HA,CE2S,302A ,,M,W,DO,F ,R,G,C,50,0,0,1,,35,1744874,5921156
Auckland,TRIAS ROAD,20,W, ,ROMULUS PLACE,201441755,15/08/2014,Fri,2241,DB,CE1C,104A 111A 131A ,MFH,E,D,DO,F , , ,L,50,0,0,0,,,1754548,5930255
Auckland,TRIAS ROAD,, ,I,SUNSET ROAD,201433939,06/04/2014,Sun,1200,JC,CW1C,302A 375A ,,R,D,B ,F ,T,G,C,50,0,0,0,,,1753831,5930313
Auckland,TRIG ROAD,400,S, ,BRIGHAM CREEK ROAD,201446502,24/10/2014,Fri,832,DA,4S1,111A 131A ,C,M,W,O ,L , , ,C,70,0,0,0,,,1744640,5925959
Auckland,TRIG ROAD,, ,I,RYANS ROAD,201435910,05/05/2014,Mon,1235,JA,MN1C,301B 353B ,,R,W,OF,L ,T,S,C,50,0,0,0,,,1744781,5924577
Auckland,TRIG ROAD,200,N, ,SPEDDINGS ROAD,201445507,08/10/2014,Wed,1815,DA,CN1,103A 111A 131A ,F,E,D,TN,F , , ,C,70,0,0,0,,,1744505,5925791
Auckland,TRIGG ROAD,790,S, ,SH 16,201433683,07/04/2014,Mon,2210,DA,CS1,111A 131A 862 ,F,E,D,DO,F , , ,C,80,0,0,0,,,1736490,5928934
Auckland,TRIMDON ST,, ,I,SHIFNAL DRIVE,201447061,06/11/2014,Thu,140,DA,CS1,103A 111A 131A ,K,R,D,DO,F ,T,G,N,50,0,0,0,,,1770149,5900006
Auckland,TRINIDAD ST,, ,I,TERRY ST,201447732,16/11/2014,Sun,1030,CB,CE1,112A 130A 514A ,T,R,D,B ,F ,T,N,C,50,0,0,0,,,1752381,5912997
Auckland,TRIPOLI ROAD,10,N, ,ALAMEIN ROAD,201436056,15/05/2014,Thu,1800,LB,CN1C,303B 375B 929 ,,E,D,DO,F ,D,G,C,50,0,0,0,,,1765972,5915148
Auckland,TRIPOLI ROAD,, ,I,ERIMA AVENUE,201437323,21/05/2014,Wed,1252,LB,CE1C,303B 375B ,,E,W,OF,L ,T,G,P,50,0,0,0,,,1766088,5915957
Auckland,TRIPOLI ROAD,30,E, ,HINAKI ST,201416700,12/10/2014,Sun,848,CA,CW1,501A ,IP,R,D,B ,F , , ,R,50,0,0,1,,,1765707,5916151
Auckland,TRIPOLI ROAD,70,S, ,HOBSON DRIVE,201442696,02/09/2014,Tue,750,CB,CS1,181A 197A ,F,R,W,BF,F , ,N,R,50,0,0,0,,,1766006,5915234
Auckland,TRIPOLI ROAD,20,E, ,PILKINGTON ROAD,201432360,24/02/2014,Mon,,EA,CW1C,129A ,M,R,D,O ,F , , ,C,50,0,0,0,,,1765605,5916203
Auckland,TRIPOLI ROAD,, ,I,STEWART AVENUE,201449130,18/11/2014,Tue,1205,GD,CS1CC,333A 387A ,,R,D,BF,F ,T,G,C,50,0,0,0,,,1765723,5914817
Auckland,TRIPOLI ROAD,, ,I,STEWART AVENUE,201437832,05/06/2014,Thu,438,BA,CS1C,125A 205A ,,R,D,DO,F ,T,N,C,80,0,0,0,,,1765723,5914817
Auckland,TRIPOLI ROAD,, ,I,TOBRUK ROAD,201431611,16/01/2014,Thu,100,DA,CN1,111A 131A ,GT,E,D,DO,F ,T,G,C,50,0,0,0,,,1766090,5915610
Auckland,TRIPOLI ROAD,10,S, ,TUAKIRI ST,201446501,28/10/2014,Tue,1600,GA,CN1C,181A 929 ,,R,W,O ,L ,D,N,C,50,0,0,0,,,1766138,5915883
Auckland,TRIPOLI ROAD,40,E, ,WADDELL AVENUE,201414084,20/07/2014,Sun,50,CB,CE1C,129A 190A ,M,R,W,DO,L , ,N,C,50,0,0,1,,,1765910,5916051
Auckland,TRIPOLI ROAD,100,W, ,WADDELL AVENUE,201431259,24/02/2014,Mon,109,EA,4W1CC,129A ,MM,R,D,DO,F , ,N,C,50,0,0,0,,,1765784,5916113
Auckland,TRISTRAM AVENUE,, ,I,CROFTFIELD LANE,201414814,24/07/2014,Thu,1852,HA,VE1C,322A ,,R,W,TF,F ,X,T,R,50,0,0,2,,,1755492,5929002
Auckland,TRISTRAM AVENUE,, ,I,CROFTFIELD LANE,201441694,24/07/2014,Thu,2044,HA,CE1C,322B ,,R,D,DO,F ,X,T,C,50,0,0,0,,,1755492,5929002
Auckland,TRISTRAM AVENUE,, ,I,CROFTFIELD LANE,201442751,01/09/2014,Mon,1205,DA,CW1C,110A 135A 110B 135B 801 ,Q,R,W,OF,L ,X,T,R,50,0,0,0,,,1755492,5929002
Auckland,TRISTRAM AVENUE,, ,I,CROFTFIELD LANE,201450226,29/12/2014,Mon,1235,FE,4E1C,181A ,,R,D,BF,F ,X,T,C,50,0,0,0,,,1755492,5929002
Auckland,TRISTRAM AVENUE,15,W, ,RAINES AVENUE,201436849,12/05/2014,Mon,1720,FA,VE14,101A 112A 130A 331A ,T,R,D,TF,F ,T,S,L,50,0,0,0,,,1755984,5929167
Auckland,TRISTRAM AVENUE,25,W, ,RAINES AVENUE,201415345,31/08/2014,Sun,1536,CB,CW1,197A 422A ,FT,R,W,O ,F , ,N,C,50,0,0,1,,,1755974,5929164
Auckland,TRISTRAM AVENUE,, ,I,RAINES AVENUE,201441120,13/08/2014,Wed,730,GE,CW14,160A 333A ,,R,W,OF,  ,T,G,C,50,0,0,0,,,1755998,5929171
Auckland,TRISTRAM AVENUE,, ,I,TRISTRAM OFF NBD,201444034,31/08/2014,Sun,1428,DA,CN2,111A 131A 357A 402A ,K,E,W,ON,L ,T,T,C,50,0,0,0,,,1755492,5929002
Auckland,TRISTRAM AVENUE,, ,I,TRISTRAM OFF NBD,201448642,28/10/2014,Tue,1854,HA,4N2C,324A 330A 322B 330B ,,R,D,O ,F ,X,T,C,50,0,0,0,,,1755492,5929002
Auckland,TRISTRAM AVENUE,, ,I,TRISTRAM OFF NBD E,201434682,23/03/2014,Sun,229,DA,CN2,102A 129A 131A 402A ,K,E,D,DO,F ,T,T,R,50,0,0,0,,,1755492,5929002
Auckland,TRISTRAM AVENUE,, ,I,TRISTRAM OFF SBD,201437287,20/05/2014,Tue,955,FE,CS2C,181A ,,R,D,BF,F ,X,T,N,50,0,0,0,,,1755575,5929035
Auckland,TRISTRAM AVENUE,, ,I,TRISTRAM OFF SBD,201447260,27/10/2014,Mon,320,DB,CS2,103A 111A 131A 402A ,G,R,D,DO,F ,T,G,R,50,0,0,0,,,1755575,5929035
Auckland,TRISTRAM AVENUE,50,W, ,TRISTRAM ON SBD,201440790,27/07/2014,Sun,1257,FD,4W1CCC,181A 181B 181C ,,R,W,O ,F , , ,R,50,0,0,0,,,1755528,5929017
Auckland,TRISTRAM AVENUE,, ,I,TRISTRAM ON SBD,201437215,10/06/2014,Tue,2007,GF,CE1C,173A 338A ,,E,W,DO,L ,T,T,R,50,0,0,0,,,1755575,5929035
Auckland,TRISTRAM AVENUE,, ,I,TRISTRAM ON SBD,201449869,14/12/2014,Sun,1019,DA,CE1,111A 131A ,G,R,W,OF,L ,T,T,R,50,0,0,0,,,1755575,5929035
Auckland,TRISTRAM AVENUE,20,E, ,WAIRAU ROAD,201433351,13/03/2014,Thu,1237,AC,VW1C,372A ,,E,D,BF,F , ,T,C,50,0,0,0,,,1755407,5928964
Auckland,TRISTRAM AVENUE,25,E, ,WAIRAU ROAD,201445525,28/07/2014,Mon,1044,AA,CW1B,387A ,,R,D,B ,F , , ,C,50,0,0,0,,,1755411,5928966
Auckland,TRISTRAM AVENUE,40,E, ,WAIRAU ROAD,201435217,20/04/2014,Sun,4,AC,CW1C,372A ,,E,D,DO,F , , ,R,50,0,0,0,,,1755425,5928972
Auckland,TRISTRAM AVENUE,, ,I,WAIRAU ROAD,201410996,12/03/2014,Wed,2100,AA,MW1C,197A 372B ,,R,D,BF,F ,T,T,C,50,0,0,1,,,1755388,5928957
Auckland,TRISTRAM OFF NBD,10,N, ,TRISTRAM AVENUE,201415298,30/06/2014,Mon,1832,AC,CN1SCC,372A ,,M,W,DO,H ,T,G,C,80,0,0,2,,24,1755467,5928984
Auckland,TRISTRAM OFF SBD,50,S, ,SH 1N,201442683,06/10/2014,Mon,1405,FD,CS14,181A ,,R,D,BN,F , ,N,N,70,0,0,0,,,1755413,5929364
Auckland,TRITON DRIVE,, ,I,CANAVERAL DRIVE S,201444602,08/08/2014,Fri,700,FA,CS1V,181A 330A ,,R,D,O ,F ,T,G,R,50,0,0,0,,,1753997,5932320
Auckland,TRUGOOD DRIVE,100,N, ,CRYERS ROAD,201415567,06/08/2014,Wed,720,MD,VN1T,158A 927 ,,E,D,O ,F ,D, ,C,50,0,1,0,,,1768654,5911257
Auckland,TRUGOOD DRIVE,300,N, ,CRYERS ROAD,201441013,21/07/2014,Mon,1230,GB,VN1V,372B 671B 929 ,,R,D,BF,F ,D,N,C,60,0,0,0,,,1768529,5911409
Auckland,TRUGOOD DRIVE,200,S, ,TI RAKAU DRIVE,201418254,22/12/2014,Mon,839,BF,CS1T,129A 205A ,,E,D,B ,F , , ,C,50,0,0,1,,,1768465,5911469
Auckland,TRUGOOD DRIVE S,, ,I,TI RAKAU DRIVE,201413931,10/05/2014,Sat,1338,GA,CN1C,181A ,,R,D,B ,F ,T,G,C,50,0,0,2,,,1768490,5911664
Auckland,TUAKAU ROAD,390,N, ,BUCKLAND ROAD,201444664,02/10/2014,Thu,1548,DB,CS1,129A 134A ,CV,M,W,O ,F , ,N,C,100,0,0,0,,,1770052,5877488
Auckland,TUAKAU ROAD,300,S, ,KITCHENER ROAD,201433808,05/04/2014,Sat,2325,MO,CN1,386A 402A ,V,R,D,DN,F , , ,L,50,0,0,0,,,1768903,5879128
Auckland,TUAKAU ROAD,200,S, ,WOODLANDS ROAD,201436980,09/05/2014,Fri,10,DA,VN1,104A 131A ,C,S,W,DN,L , , ,C,100,0,0,0,,,1769448,5878124
Auckland,TUARANGI ROAD,100,N, ,WEXFORD ROAD,201435344,05/05/2014,Mon,1455,DA,CS1,111A 131A 402A 801 ,FP,M,W,O ,L , , ,L,50,0,0,0,,,1754475,5918582
Auckland,TUARANGI ROAD E,30,S, ,GREAT NORTH ROAD,201440466,23/07/2014,Wed,906,NB,CW1E,713B 724B ,,R,D,B ,F , ,N,C,50,0,0,0,,,1754849,5918678
Auckland,TUHIMATA ROAD,80,W, ,BURTT ROAD,201437918,12/06/2014,Thu,1730,DA,VE1,131A 407A ,F,M,W,DN,L , ,N,C,100,0,0,0,,,1769811,5885144
Auckland,TUHIMATA ROAD,100,W, ,BURTT ROAD,201418819,18/09/2014,Thu,1300,DB,OW1,197A ,C,S,W,ON,F , ,N,C,100,0,0,1,,,1769795,5885133
Auckland,TUI ROAD,, ,I,HUIA ROAD,201445954,02/09/2014,Tue,345,DC,CW1,112A 191A ,T,R,W,DO,F ,T,G,C,50,0,0,0,,,1766168,5906552
Auckland,TUI ROAD,150,E, ,MORRIS AVENUE,201438867,06/07/2014,Sun,1745,LB,CE1C,303B 382B 929 ,,R,D,DO,F ,D,N,C,50,0,0,0,,,1766908,5906367
Auckland,TUI ST,, ,I,RIRO ST,201441422,04/08/2014,Mon,806,HA,CW1C,302B 375B ,,R,D,O ,F ,X,G,C,50,0,0,0,,,1752816,5918569
Auckland,TURAMA ROAD,20,E, ,MANUKAU ROAD,201413939,14/06/2014,Sat,1356,CB,CW1,130A 423A ,F,R,D,B ,F ,T,G,C,50,0,0,1,,,1758214,5913583
Auckland,TURAMA ROAD,, ,I,RONGO ROAD,201412395,21/03/2014,Fri,730,LB,SS1C,303B 375B ,,R,D,TO,F ,T,G,C,50,0,0,1,,36,1758512,5913739
Auckland,TURNBERRY DRIVE,70,E, ,ABERDEEN CRESCENT,201441377,25/07/2014,Fri,825,MD,TW1C,308B 382B 801 929 ,,R,W,O ,L ,D, ,N,50,0,0,0,,,1766842,5898000
Auckland,TURNER ST,50,E, ,QUEEN ST,201435906,27/04/2014,Sun,1030,MO,CW14,371A ,M,R,D,BF,F , ,N,N,50,0,0,0,,,1757176,5919706
Auckland,TURNER ST,90,E, ,QUEEN ST,201449061,21/12/2014,Sun,1515,MO,4E1C,385A ,M,R,D,BF,F , ,N,N,50,0,0,0,,,1757214,5919693
Auckland,TWILIGHT ROAD,2000,W, ,NORTH ROAD,201444879,13/11/2014,Thu,1145,DB,CE1,131A ,E,S,W,ON,L , ,N,C,100,0,0,0,,,1779713,5904873
Auckland,TWIN OAK DRIVE,10,W, ,CAMPBELL ROAD,201442365,30/08/2014,Sat,1910,CA,CW1,103A ,C,R,W,DO,F ,T,N,R,40,0,0,0,,,1759428,5914190
Auckland,TWIN OAK DRIVE,100,S, ,POHUTUKAWA DRIVE,201440901,18/07/2014,Fri,1500,EC,CS1,820,X,R,D,BF,F , ,N,N,50,0,0,0,,,1759269,5915021
Auckland,TYLER ST,, ,I,QUEEN ST,201435293,22/04/2014,Tue,1410,EA,BW1C,129A ,M,R,D,O ,F ,T,S,X,50,0,0,0,,,1757557,5921008
Auckland,TYRICO CLOSE,150,N, ,MANDEVILLE PLACE,201430968,24/02/2014,Mon,1230,MO,TN1V,371A 929 ,,R,D,BF,F ,D,N,N,50,0,0,0,,,1753608,5930685
Auckland,TYRONE ST,25,N, ,JOHNSTONES ROAD E,201412335,08/04/2014,Tue,945,NA,CN1E,713B ,,R,D,B ,F , , ,N,50,0,0,1,8,,1767796,5908689
Auckland,UNION ROAD,15,E, ,PEGLER DRIVE,201434778,05/04/2014,Sat,1400,CB,VE1C,501A ,M,R,D,BF,F , ,N,C,50,0,0,0,,,1771144,5914085
Auckland,UNION ROAD,, ,I,TITI ROAD,201448898,11/11/2014,Tue,2025,DB,CW1,111A 131A 901 ,P,M,W,DN,H ,T,G,C,100,0,0,0,,,1761531,5880858
Auckland,UNION ST,, ,I,DRAKE ST,201441184,11/08/2014,Mon,1655,GB,MS1C,175B ,,R,D,BF,F ,T,N,N,50,0,0,0,,,1756336,5920460
Auckland,UNION ST,, ,I,HOBSON ST,201441092,16/07/2014,Wed,1209,GC,CE1C,173A ,,R,D,BF,F ,X,T,R,50,0,0,0,,,1756759,5919874
Auckland,UNION ST,10,W, ,NELSON ST,201431824,11/03/2014,Tue,1719,AA,CE1C,372A ,,E,D,BF,F ,M,T,R,50,0,0,0,,,1756669,5919911
Auckland,UNION ST,20,W, ,NELSON ST,201448947,06/12/2014,Sat,1007,AC,CE1C,372A 671A ,,E,D,O ,F , , ,R,50,0,0,0,,,1756659,5919914
Auckland,UNION ST,, ,I,NELSON ST,201430083,15/02/2014,Sat,1930,FB,CW1C,181A ,,R,D,BF,F ,T,G,X,50,0,0,0,,,1756679,5919909
Auckland,UNION ST,, ,I,NELSON ST,201437175,01/06/2014,Sun,1858,FB,CE14,331A 353A ,,E,D,DO,F ,Y,G,R,50,0,0,0,,,1756679,5919909
Auckland,UNION ST,, ,I,NELSON ST,201446463,01/11/2014,Sat,2250,GC,4W1C,173A ,,R,D,DO,F ,X,T,R,50,0,0,0,,,1756679,5919909
Auckland,UNION ST,, ,I,VICTORIA ST WEST,201436416,08/02/2014,Sat,1552,GD,VE1C,181A ,,R,D,BF,F ,T,T,C,50,0,0,0,,,1756326,5920545
Auckland,UNION ST,20,S, ,WELLINGTON ST,201412974,23/05/2014,Fri,1518,NA,4N1E,712B 714B ,,R,D,O ,F ,T,T,P,50,0,0,1,20,,1756585,5919990
Auckland,UNION ST,, ,I,WELLINGTON ST,201447247,31/10/2014,Fri,1523,FD,CS1VC,181A 331A 387A ,,R,D,B ,F ,T,T,C,50,0,0,0,,,1756575,5920007
Auckland,UNIVERSAL DRIVE,50,E, ,BITTERN PLACE,201435504,30/04/2014,Wed,136,DA,CW1,111A 131A 402A ,P,E,D,DO,F , , ,P,50,0,0,0,,,1744495,5919847
Auckland,UNIVERSAL DRIVE,150,W, ,CENTRAL PARK DRIVE,201448613,16/11/2014,Sun,2248,CB,CW1T,410A ,M,R,D,DO,F , , ,C,50,0,0,0,,,1745775,5919741
Auckland,UNIVERSAL DRIVE,50,E, ,LINCOLN GARDEN CLOSE,201430625,02/02/2014,Sun,1430,EA,CE1CC,103A 359A ,M,R,D,B ,F , ,N,R,50,0,0,0,,,1744008,5919618
Auckland,UNIVERSAL DRIVE,40,W, ,LINCOLN ROAD,201432807,13/03/2014,Thu,821,LB,CE1C,303B 925 ,,R,D,B ,F ,D,N,C,50,0,0,0,,,1745266,5919752
Auckland,UNIVERSAL DRIVE,100,W, ,LINCOLN ROAD,201440398,10/07/2014,Thu,1315,JA,CE1C,925,,R,D,B ,F ,D, ,C,50,0,0,0,,,1745206,5919758
Auckland,UNIVERSAL DRIVE,100,E, ,RATHGAR ROAD,201430665,29/01/2014,Wed,1044,QG,VW1,128A 682A 687A ,,R,D,O ,F , ,N,C,50,0,0,0,,,1744739,5919818
Auckland,UNIVERSAL DRIVE,, ,I,RATHGAR ROAD,201449608,18/12/2014,Thu,2300,LB,CW1C,102A 101B 303B 386B ,,R,D,DO,F ,T,G,C,50,0,0,0,,,1744640,5919803
Auckland,UNIVERSAL DRIVE,, ,I,RATHGAR ROAD,201416650,30/10/2014,Thu,812,KB,4E1C,133B 302B 801 ,F,M,W,O ,L ,T,G,C,50,0,0,1,,,1744640,5919803
Auckland,UNIVERSAL DRIVE,20,E, ,TUDOR ROAD,201431014,15/02/2014,Sat,1400,AD,CW1C,150A 381A ,,R,D,B ,F , ,N,C,50,0,0,0,,,1745071,5919776
Auckland,UPLAND ROAD,300,N, ,REMUERA ROAD,201447492,27/11/2014,Thu,1258,EA,CS1V,129A 504A ,M,E,D,B ,F , ,N,C,50,0,0,0,,,1761281,5917088
Auckland,UPPER HARBOUR DRIVE,190,E, ,SHELTER DRIVE,201442649,20/07/2014,Sun,252,DB,CE1,102A 111A 131A ,P,E,W,DF,F , ,N,C,70,0,0,0,,,1750840,5928489
Auckland,UPPER HWY OFF SBD,250,S, ,SH 1N,201434732,05/05/2014,Mon,1700,FD,CS1CV,331A 645A ,,R,W,OF,L , ,N,N,100,0,0,0,,,1754008,5931546
Auckland,UPPER HWY ON NBD,280,N, ,SH 18,201443239,11/06/2014,Wed,1424,FA,CN1C,181A 331A ,,R,D,B ,F , , ,C,100,0,0,0,,,1753908,5931620
Auckland,UPPER HWY ON SBD,30,N, ,SH 1N,201449184,28/11/2014,Fri,1100,FD,CS1C,331A 358A ,,R,D,BF,F , ,N,N,100,0,0,0,,,1754585,5930796
Auckland,UPPER HWY ON SBD,600,N, ,SH 1N,201439234,19/05/2014,Mon,750,AA,TS1C,372A ,,R,D,O ,F , , ,C,70,0,0,0,,,1754231,5931242
Auckland,UPPER HWY ON SBD,400,S, ,SUNSET OBR,201412357,01/04/2014,Tue,1425,FA,CS1V,110A 331A 358A ,,R,D,B ,F , , ,N,100,0,0,4,,,1754586,5930795
Auckland,UPPER OREWA ROAD,200,N, ,WAINUI ROAD,201437861,02/06/2014,Mon,1610,CB,CN1,112A 129A ,,R,D,O ,F , ,N,C,100,0,0,0,,,1747772,5948556
Auckland,UPPER QUEEN ST,5,S, ,ALEX EVANS ST,201438580,25/06/2014,Wed,1400,FE,CN1C,331A 801 ,,R,W,O ,L ,X,T,C,50,0,0,0,,,1756906,5919150
Auckland,UPPER QUEEN ST,, ,I,CANADA ST,201436699,15/05/2014,Thu,605,JA,CN1C,323B 334B ,,E,W,O ,F ,T,T,N,50,0,0,0,,,1756951,5919261
Auckland,UPPER QUEEN ST,, ,I,CANADA ST,201418035,24/11/2014,Mon,1849,JA,CN1C,102A 322A 361A ,,R,D,OF,F ,T,T,P,50,0,0,3,,,1756951,5919261
Auckland,UPPER QUEEN ST,, ,I,CANADA ST,201439561,10/06/2014,Tue,710,LB,CN1C,303B ,,E,W,DO,L ,T,T,N,50,0,0,0,,,1756951,5919261
Auckland,UPPER QUEEN ST,, ,I,CROSS ST,201414409,07/03/2014,Fri,1810,LB,SN1C,101B 303B 375B ,,R,D,BF,F ,T,N,P,50,0,0,1,,38,1756995,5919369
Auckland,UPPER WAIWERA ROAD,550,N, ,WERANUI ROAD,201413125,29/04/2014,Tue,1635,DA,VE1,103A 131A ,T,M,W,TN,F , , ,N,100,0,0,2,,,1747456,5953839
Auckland,URLICH DRIVE,15,W, ,LUANDA DRIVE S,201448616,21/11/2014,Fri,1915,FD,CW1C,181A 357A 434A ,,M,D,O ,F , , ,C,50,0,0,0,,,1742439,5919122
Auckland,URQUHART ROAD,200,N, ,AULYN DRIVE,201437362,07/05/2014,Wed,,CB,CN1,130A 517A ,P,R,D,DN,F , ,N,N,100,0,0,0,,,1764484,5895443
Auckland,VALIANT ST,, ,I,MCKENZIE ROAD,201447060,20/10/2014,Mon,2040,CB,CW1,130A 517A ,S,R,D,DO,F ,T,G,C,50,0,0,0,,,1759107,5907832