TLANAME,CRASHROAD,CRASHDIST,CRASHDIRN,INTSN,SIDEROAD,CRASHID,CRASHDATE,CRASHDOW,CRASHTIME,MVMT,VEHICLES,CAUSES,OBJECTSSTRUCK,ROADCURVE,ROADWET,LIGHT,WTHRa,JUNCTYPE,TRAFCTRL,ROADMARK,SPDLIM,CRASHFATALCNT,CRASHSEVCNT,CRASHMINCNT,PERSAGE1,PERSAGE2,EASTING,NORTHING
Auckland,VALIANT ST,15,W, ,VICKERS CRESCENT E,201439028,20/03/2014,Thu,1030,EA,CW1C,129A ,M,R,D,B ,F ,T,N,C,50,0,0,0,,,1759378,5907750
Auckland,VALLEY ROAD,130,E, ,BEACH ROAD,201449819,14/12/2014,Sun,132,DA,CW1,103A 131A ,K,E,W,DO,L , ,N,C,50,0,0,0,,,1755971,5935631
Auckland,VALLEY ROAD,, ,I,BELGIUM ROAD,201440571,19/07/2014,Sat,1230,FB,CN1C,112A 181A 331A ,,R,D,B ,F ,T,G,C,50,0,0,0,,,1770206,5882085
Auckland,VALLEY ROAD,20,E, ,DOMINION ROAD,201441125,10/08/2014,Sun,1115,GA,VW1C,181A 333A 929 ,,R,D,BF,F ,D,N,C,50,0,0,0,,,1756078,5917447
Auckland,VALLEY ROAD,200,E, ,DOMINION ROAD,201439537,23/06/2014,Mon,1530,EA,CW1X,129A ,M,R,D,B ,F , , ,C,50,0,0,0,,,1756251,5917397
Auckland,VALLEY ROAD,30,N, ,DOMINION ROAD,201447604,13/11/2014,Thu,1545,AA,CN1C,372A ,,R,D,BF,F ,X,T,C,50,0,0,0,,,1756087,5917444
Auckland,VALLEY ROAD,90,W, ,GRACE JAMES ROAD,201446469,28/10/2014,Tue,748,DA,CW1,131A ,F,M,W,ON,L , ,N,C,100,0,0,0,,,1769873,5882771
Auckland,VALLEY ROAD,500,E, ,LEAMINGTON ROAD,201413829,23/05/2014,Fri,2300,NA,CW1E,105B 722B ,,R,D,DO,F , , ,C,50,0,0,1,17,,1756592,5917185
Auckland,VALLEY ROAD,40,N, ,RIDGEWAY ROAD,201442733,07/09/2014,Sun,30,EA,CN1C,129A ,M,R,D,DN,F , ,N,N,50,0,0,0,,,1770074,5881715
Auckland,VAUXHALL ROAD,80,N, ,GROVE ROAD,201411821,17/02/2014,Mon,10,DA,CS1,104A 111A 131A ,P,M,D,DO,F , ,N,C,50,0,0,3,,,1761066,5923685
Auckland,VAUXHALL ROAD,100,N, ,GROVE ROAD,201444332,19/09/2014,Fri,41,AD,CS1CC,103A 111A 131A 407A 103B 111B ,KMK,M,W,DO,F , , ,C,50,0,0,0,,,1761067,5923705
Auckland,VAUXHALL ROAD,, ,I,MORRISON AVENUE,201440615,22/07/2014,Tue,1320,JA,VN1C,302B 375B ,,R,D,B ,F ,T,G,C,50,0,0,0,,,1760918,5923987
Auckland,VELMA ROAD,50,E, ,ALICE PLACE,201433680,17/04/2014,Thu,957,DB,CE1,131A 402A 901 ,P,M,W,OF,H , ,N,N,50,0,0,0,,,1754811,5927294
Auckland,VELVET CRESCENT,140,N, ,HILLS ROAD,201443682,05/09/2014,Fri,2152,MD,CN1C,512B 514B 929 ,,E,W,DO,F ,D,N,N,50,0,0,0,,,1767499,5908166
Auckland,VERA ROAD,20,W, ,HARDING AVENUE,201439359,01/07/2014,Tue,806,EA,CE1T,363A 386A 902 ,M,R,W,BF,F , ,N,C,50,0,0,0,,,1746923,5919483
Auckland,VERBENA ROAD,240,N, ,CASTLETON ST,201432266,14/01/2014,Tue,2339,CC,CN1C,103A 112A 130A ,IM,R,D,DO,F , , ,R,50,0,0,0,,,1752494,5926164
Auckland,VERBENA ROAD,250,N, ,CASTLETON ST,201449464,26/11/2014,Wed,1336,BE,CS1C,130A 427A ,,R,D,O ,F , , ,C,50,0,0,0,,,1752494,5926174
Auckland,VERBENA ROAD,300,N, ,CASTLETON ST,201436297,06/05/2014,Tue,1230,EA,CN1C,129A ,M,R,D,O ,F , , ,N,50,0,0,0,,,1752493,5926224
Auckland,VERBENA ROAD,, ,I,CASTLETON ST,201446162,27/10/2014,Mon,1035,GF,CN1V,129A 129B ,,R,D,O ,F ,T,G,C,50,0,0,0,,,1752495,5925924
Auckland,VERCOE ST,80,W, ,FREELAND AVENUE,201445679,09/09/2014,Tue,242,DA,CS1V,131A 514A 929 ,M,R,D,DO,F ,D,N,N,50,0,0,0,,,1754292,5913085
Auckland,VERISSIMO DRIVE,20,E, ,SH 20A,201445635,01/10/2014,Wed,1310,FB,CS1T,420B ,,M,D,B ,F ,R,G,C,50,0,0,0,,,1758998,5904644
Auckland,VERISSIMO DRIVE,200,N, ,TIMBERLY ROAD,201416188,01/09/2014,Mon,515,EA,CN1C,129A 645A 801 ,M,R,W,DO,L , , ,C,50,0,0,1,,,1759447,5905567
Auckland,VERONICA ST,50,N, ,GREAT NORTH ROAD,201442878,05/09/2014,Fri,1216,FD,CN1C,331A 351A ,,R,W,O ,F , ,N,P,50,0,0,0,,,1750176,5914316
Auckland,VERONICA ST,, ,I,GREAT NORTH ROAD,201442546,05/09/2014,Fri,1730,HA,MN1C,322B 351B ,,R,W,BF,L ,X,T,C,50,0,0,0,,,1750209,5914278
Auckland,VERRAN ROAD,120,E, ,VERBENA ROAD,201416339,06/08/2014,Wed,1026,GD,ME1C,181A 929 ,,E,D,O ,F ,D,N,C,50,0,0,1,,,1752341,5925251
Auckland,VESTEY DRIVE,, ,I,GREAT SOUTH ROAD,201447740,29/10/2014,Wed,1810,GO,TW1C,172A ,,R,D,O ,F ,T,T,C,50,0,0,0,,,1763323,5911519
Auckland,VESTEY DRIVE,200,W, ,MOUNT WELLINGTON HIGHWAY,201437894,11/01/2014,Sat,1000,EA,CE1C,181A 331A ,M,R,D,B ,F , ,N,C,50,0,0,0,,,1763793,5911992
Auckland,VESTEY DRIVE,40,E, ,NIALL BURGESS ROAD,201415688,10/09/2014,Wed,1050,DA,CN1CC,111A 131A ,MS,M,D,B ,F , ,N,C,50,0,0,1,,,1763656,5911627
Auckland,VICKERS CRESCENT W,100,S, ,VALIANT ST,201415470,05/09/2014,Fri,1850,DB,MS1,101A 131A 501A ,,E,W,DO,L , , ,N,50,0,0,1,,,1759176,5907712
Auckland,VICTOR ST,160,E, ,ROSEBANK ROAD,201447242,31/10/2014,Fri,830,KB,CW1CC,130A 308B 330B 402B 930 ,,R,W,O ,L ,D,N,C,50,0,0,0,,,1750689,5915788
Auckland,VICTOR ST,, ,I,ROSEBANK ROAD,201432120,05/03/2014,Wed,1402,BB,CN1CCV,124A 150A ,M,E,D,B ,F ,T,S,C,50,0,0,0,,,1750534,5915748
Auckland,VICTORIA AVENUE,, ,I,ALDRED ROAD,201440662,21/07/2014,Mon,805,LB,CN1C,303B 353B 375B 801 ,,R,W,O ,L ,T,G,C,50,0,0,0,,,1760328,5917630
Auckland,VICTORIA AVENUE,, ,I,COMBES ROAD,201416992,20/10/2014,Mon,715,NB,CN1E,713B ,,R,D,BF,F ,T,N,C,50,0,0,1,66,,1760359,5917771
Auckland,VICTORIA AVENUE,20,N, ,REMUERA ROAD,201411911,13/03/2014,Thu,720,NB,TS1E,711B 712B ,,R,D,OF,F ,T,T,C,50,0,0,2,11,,1760254,5916867
Auckland,VICTORIA AVENUE,, ,I,REMUERA ROAD,201435237,13/03/2014,Thu,900,DB,BS1,129A 386A ,S,R,D,O ,F ,T,T,C,50,0,0,0,,,1760253,5916847
Auckland,VICTORIA AVENUE,20,S, ,SONIA AVENUE,201449829,13/12/2014,Sat,2000,CA,CN1,103A 130A ,IS,R,W,DO,L , ,N,R,50,0,0,0,,,1760442,5918343
Auckland,VICTORIA AVENUE,50,N, ,TIROHANGA AVENUE,201432399,13/03/2014,Thu,920,MO,CS1,385A 929 ,C,R,D,B ,F ,D,N,C,50,0,0,0,,,1760277,5917118
Auckland,VICTORIA ROAD,30,S, ,CLARENCE ST,201439544,14/06/2014,Sat,1100,EA,CN1C,129A ,M,E,D,O ,F , , ,C,50,0,0,0,,,1760293,5922365
Auckland,VICTORIA ROAD,, ,I,LANDSCAPE ROAD,201414951,08/07/2014,Tue,1054,LB,CN14,303B 352B ,,R,D,OF,F ,T,N,C,50,0,0,2,,,1765660,5905363
Auckland,VICTORIA ST,, ,I,GREY ST,201410324,22/01/2014,Wed,1042,HA,4S1V,102B 321B ,,R,D,BN,F ,X,S,C,50,0,0,1,,,1759584,5912730
Auckland,VICTORIA ST,, ,I,HELVETIA ROAD,201438152,23/05/2014,Fri,2350,DB,CN2CC,101A 111A 131A ,M,M,W,DO,L ,X,S,C,50,0,0,0,,,1768077,5881054
Auckland,VICTORIA ST EAST,, ,I,HIGH ST,201449047,20/12/2014,Sat,2345,HA,CW1C,322B ,,R,W,DO,L ,X,T,C,50,0,0,0,,,1757456,5920394
Auckland,VICTORIA ST EAST,, ,I,HIGH ST,201432260,11/01/2014,Sat,1708,AA,CE1C,372A 381A ,,R,D,BF,F ,X,T,C,50,0,0,0,,,1757456,5920394
Auckland,VICTORIA ST EAST,, ,I,KITCHENER ST,201410866,07/01/2014,Tue,815,GF,VE1C,129A 386A ,,M,D,B ,F ,T,N,C,50,0,0,1,,,1757517,5920371
Auckland,VICTORIA ST EAST,, ,I,KITCHENER ST,201442062,02/08/2014,Sat,1900,AO,BE1C,129A ,,R,D,DO,F ,T,G,C,50,0,0,0,,,1757517,5920371
Auckland,VICTORIA ST EAST,, ,I,KITCHENER ST,201436376,26/03/2014,Wed,1600,FE,4E1C,181A ,,M,D,BF,F ,T,T,C,50,0,0,0,,,1757517,5920371
Auckland,VICTORIA ST EAST,, ,I,KITCHENER ST,201447230,08/11/2014,Sat,1201,AO,400000000000000,386A 386B ,,E,D,B ,F ,T,T,C,50,0,0,0,,,1757517,5920371
Auckland,VICTORIA ST EAST,15,E, ,QUEEN ST,201435443,01/05/2014,Thu,1824,MG,CE1C,371B ,,R,D,B ,F , ,N,C,50,0,0,0,,,1757403,5920415
Auckland,VICTORIA ST WEST,20,W, ,ALBERT ST,201444210,12/09/2014,Fri,1800,AA,CE1C,330A 372A 901 ,,E,W,TO,H ,X,T,C,50,0,0,0,,,1757208,5920489
Auckland,VICTORIA ST WEST,, ,I,ALBERT ST,201444118,02/10/2014,Thu,1755,FE,CE1C,181A ,,R,W,OF,L ,X,T,C,50,0,0,0,,,1757227,5920482
Auckland,VICTORIA ST WEST,, ,I,ALBERT ST,201449317,09/12/2014,Tue,1720,GO,CE1B,381B ,,R,D,O ,F ,X,T,C,50,0,0,0,,,1757227,5920482
Auckland,VICTORIA ST WEST,, ,I,ALBERT ST,201436218,12/04/2014,Sat,945,GF,BE1X,372A ,,M,D,B ,F ,X,T,C,50,0,0,0,,,1757227,5920482
Auckland,VICTORIA ST WEST,, ,I,DOCK ST,201411879,26/03/2014,Wed,1715,NF,CS2E,714B ,,R,D,BF,F ,T,G,C,50,0,0,1,23,,1756670,5920538
Auckland,VICTORIA ST WEST,20,W, ,ELLIOTT ST,201437115,12/04/2014,Sat,935,QD,TE1,428A ,S,R,D,BF,F , ,N,C,50,0,0,0,,,1757289,5920459
Auckland,VICTORIA ST WEST,, ,I,ELLIOTT ST,201415789,01/10/2014,Wed,1920,NA,CE1E,306A 353A ,,R,D,TO,F ,T,T,C,50,0,0,1,36,,1757307,5920451
Auckland,VICTORIA ST WEST,15,E, ,FEDERAL ST,201436637,09/05/2014,Fri,1445,FD,CE1C,181A ,,R,D,O ,F ,X,T,C,50,0,0,0,,,1757161,5920506
Auckland,VICTORIA ST WEST,, ,I,FEDERAL ST,201445631,01/10/2014,Wed,2300,FE,CW1C,103A 331A ,,R,D,DO,F ,X,T,C,50,0,0,0,,,1757147,5920511
Auckland,VICTORIA ST WEST,, ,I,FEDERAL ST,201432116,05/03/2014,Wed,,GD,CN1C,181A ,,R,D,B ,F ,X,G,C,50,0,0,0,,,1757147,5920511
Auckland,VICTORIA ST WEST,, ,I,FRANKLIN ROAD,201414443,05/07/2014,Sat,230,JA,CW1C,103A 322A ,,R,W,DO,L ,T,T,L,50,0,0,1,,,1756295,5920546
Auckland,VICTORIA ST WEST,, ,I,FRANKLIN ROAD,201414578,16/06/2014,Mon,1900,LB,PW1C,670A 303B 375B 801 ,,R,W,DO,L ,T,T,C,50,0,0,1,,,1756295,5920546
Auckland,VICTORIA ST WEST,, ,I,HALSEY ST,201448445,05/11/2014,Wed,1140,FE,CE1C,387A ,,R,D,BF,F ,T,T,C,50,0,0,0,,,1756593,5920535
Auckland,VICTORIA ST WEST,15,W, ,HOBSON ST,201431586,23/01/2014,Thu,1712,FD,CW1C,181A 331A 350A 191B ,,R,D,O ,F , , ,P,50,0,0,0,,,1757051,5920548
Auckland,VICTORIA ST WEST,50,W, ,HOBSON ST,201450506,08/12/2014,Mon,1620,AA,CE1C,372A ,,R,D,O ,F , , ,C,50,0,0,0,,,1757018,5920560
Auckland,VICTORIA ST WEST,, ,I,HOBSON ST,201443231,24/08/2014,Sun,1900,BO,BS1T,129A 386A ,M,M,D,DO,F ,X,T,C,50,0,0,0,,,1757065,5920542
Auckland,VICTORIA ST WEST,, ,I,HOBSON ST,201440355,01/07/2014,Tue,1755,GF,BW1V,172A 338A 801 ,,E,W,TO,L ,X,T,C,50,0,0,0,,,1757065,5920542
Auckland,VICTORIA ST WEST,, ,I,HOBSON ST,201438846,28/05/2014,Wed,1537,GF,TW1V,381A 671A ,,R,D,BF,F ,X,T,C,50,0,0,0,,,1757065,5920542
Auckland,VICTORIA ST WEST,, ,I,HOBSON ST,201431569,12/01/2014,Sun,2300,HA,CS2C,322B 334B ,,R,D,DO,F ,X,T,C,50,0,0,0,,,1757065,5920542
Auckland,VICTORIA ST WEST,, ,I,HOBSON ST,201433701,19/03/2014,Wed,742,GA,VW1B,181A ,,R,D,B ,F ,X,T,C,50,0,0,0,,,1757065,5920542
Auckland,VICTORIA ST WEST,, ,I,HOBSON ST,201435825,12/04/2014,Sat,440,HA,XS2C,322B ,,R,D,DO,F ,X,T,N,50,0,0,0,,,1757065,5920542
Auckland,VICTORIA ST WEST,, ,I,HOBSON ST,201436608,12/03/2014,Wed,1430,AC,CN1LC,372A 386A ,M,E,D,B ,F ,M,T,C,50,0,0,0,,,1757065,5920542
Auckland,VICTORIA ST WEST,, ,I,HOBSON ST,201448490,20/11/2014,Thu,1800,FE,CW1C,331A ,,R,D,OF,F ,X,T,C,50,0,0,0,,,1757065,5920542
Auckland,VICTORIA ST WEST,, ,I,HOBSON ST,201447056,02/11/2014,Sun,38,FE,CW1C,181A ,,R, ,DO,F ,X,T,C,50,0,0,0,,,1757065,5920542
Auckland,VICTORIA ST WEST,15,E, ,NELSON ST,201448914,01/12/2014,Mon,1645,AA,BE1C,372A ,,R,D,B ,F , , ,C,50,0,0,0,,,1756943,5920584
Auckland,VICTORIA ST WEST,80,E, ,NELSON ST,201441127,12/08/2014,Tue,1515,FA,VW1C,181A ,,R,D,BF,F , ,N,C,60,0,0,0,,,1757005,5920565
Auckland,VICTORIA ST WEST,50,W, ,NELSON ST,201411630,25/02/2014,Tue,2149,MC,PW1C,372B 375B ,,R,D,DO,F , ,N,C,50,0,0,1,,,1756879,5920577
Auckland,VICTORIA ST WEST,200,W, ,NELSON ST,201415025,31/07/2014,Thu,1215,LB,MW1V,303B 929 ,,R,D,B ,F ,D,N,C,50,0,0,1,,,1756731,5920550
Auckland,VICTORIA ST WEST,, ,I,UNION ST,201447234,05/11/2014,Wed,730,LB,MW1C,158A 303B ,,R,W,O ,L ,T,N,C,50,0,0,0,,,1756326,5920545
Auckland,VICTORIA ST WEST,, ,I,UNION ST,201431046,31/01/2014,Fri,520,LB,CW1C,303B ,,R,D,B ,F ,T,N,C,50,0,0,0,,,1756326,5920545
Auckland,VICTORIA ST WEST,, ,I,UNION ST,201433608,13/03/2014,Thu,1120,MO,VE1M,370A 371A 671A ,,R,D,B ,F ,T,N,N,50,0,0,0,,,1756326,5920545
Auckland,VICTORIA ST WEST,, ,I,WELLESLEY ST WEST W,201445374,14/09/2014,Sun,740,KB,CE1C,303B ,,R,W,O ,H ,M,T,P,50,0,0,0,,,1756553,5920534
Auckland,VICTORY ROAD,200,W, ,KAURI POINT ROAD,201417216,17/10/2014,Fri,2210,DA,CW1,103A 131A 801 ,C,M,W,DN,L , , ,C,50,0,0,1,,,1745446,5907298
Auckland,VICTORY ROAD,200,W, ,SANDYS PARADE,201437371,13/05/2014,Tue,2000,DA,CE1,103A 111A 131A ,P,E,D,DO,F , ,N,C,50,0,0,0,,,1746024,5907407
Auckland,VIENNA ROW,20,E, ,ROWENA CRESCENT S,201445847,08/10/2014,Wed,2130,DA,CS1C,130A 350A 402A 517A ,H,E,D,DO,F , , ,N,50,0,0,0,,,1766096,5916955
Auckland,VIEW ROAD,5,E, ,DOMINION ROAD,201447575,12/11/2014,Wed,730,FE,CW1C,331A 801 ,,R,W,O ,L ,T,T,C,50,0,0,0,,,1756184,5917880
Auckland,VIEW ROAD,20,E, ,DOMINION ROAD,201414085,18/07/2014,Fri,1347,JA,ME1C,308B 375B 926 ,,M,D,B ,F ,D,N,C,50,0,0,1,,,1756198,5917876
Auckland,VIEW ROAD,100,W, ,ESPLANADE ROAD,201411122,19/01/2014,Sun,2046,CA,CE1,501A ,CJ,R,D,TO,F , , ,N,50,0,1,0,,,1756739,5917726
Auckland,VIEW ROAD,100,S, ,HOWDEN ST,201444553,21/09/2014,Sun,1010,EA,CS1C,129A ,M,R,W,O ,L , , ,C,50,0,0,0,,,1753682,5876386
Auckland,VIEW ROAD,150,N, ,JAMES LAURIE ST,201441261,25/07/2014,Fri,,EA,CN1C,129A 801 ,M,R,W,DO,L , , ,C,50,0,0,0,,,1745796,5916319
Auckland,VIEW ROAD,120,E, ,MERTON AVENUE,201437906,13/06/2014,Fri,1211,MG,CS1C,371B 817 930 ,,M,D,BF,F ,D, ,N,50,0,0,0,,,1754564,5929103
Auckland,VIEW ROAD,50,W, ,MOUNT EDEN ROAD,201438631,15/06/2014,Sun,2320,EA,CW1CCC,129A 517A ,MMM,R,D,DO,F , , ,C,50,0,0,0,,,1757008,5917654
Auckland,VIEW ROAD,120,E, ,RAILSIDE AVENUE,201439364,01/07/2014,Tue,1745,FD,CE1CC,181A 427A ,,R,W,TO,H , ,N,C,50,0,0,0,,,1745490,5916515
Auckland,VIEW ROAD,, ,I,VITASOVICH AVENUE,201432687,31/03/2014,Mon,723,FE,CW1C,181A 334A ,,R,D,O ,F ,M,T,C,50,0,0,0,,,1745597,5916437
Auckland,VIEW ROAD,50,S, ,WAIRAU ROAD E,201435294,19/04/2014,Sat,1655,MD,CS1C,308B 371B 925 ,,R,D,B ,F ,D,N,C,50,0,0,0,,,1755050,5929124
Auckland,VIEW ROAD,100,W, ,WAIRAU ROAD E,201437358,09/06/2014,Mon,1435,LB,CE1C,303B 375B 925 ,,R,D,OF,F ,D,N,C,50,0,0,0,,,1755012,5929091
Auckland,VIEW ROAD,20,S, ,WAIRAU ROAD W,201446062,11/07/2014,Fri,1815,FD,CN1C,181A 331A 901 ,,R,W,DO,H ,T,G,P,50,0,0,0,,,1754418,5929211
Auckland,VIEW ROAD E,, ,I,WAIRAU ROAD,201440250,04/07/2014,Fri,2100,FB,VN1C,103A 111A 331A ,,R,D,DO,F ,T,G,C,50,0,0,0,,,1755087,5929158
Auckland,VIEW ROAD W,50,S, ,WAIRAU ROAD,201433566,24/04/2014,Thu,1618,JA,TN1C,308B 375B 929 ,,M,D,OF,F ,D,N,P,50,0,0,0,,,1754428,5929183
Auckland,VIEW ROAD W,, ,I,WAIRAU ROAD,201442653,27/06/2014,Fri,1719,JA,CW14,302B 375B ,,R,W,OF,L ,T,G,C,50,0,0,0,,,1754412,5929230
Auckland,VIEWLAND AVENUE,170,S, ,TRAFALGAR ST,201444565,08/09/2014,Mon,1340,MO,VS1C,386A ,M,R,D,B ,F , , ,N,50,0,0,0,,,1757905,5912764
Auckland,VILLAGE ROAD,90,S, ,COUNTESS LANE,201412237,09/02/2014,Sun,720,MO,CN1,371A 386A 929 ,T,E,D,O ,F ,D,N,P,30,0,0,1,,,1768769,5914251
Auckland,VINCENT ST,, ,I,COOK ST,201436705,14/05/2014,Wed,1730,AC,BN1C,372A ,,R,D,O ,F ,X,G,C,50,0,0,0,,,1756988,5920099
Auckland,VINCENT ST,230,E, ,PITT ST,201410928,28/02/2014,Fri,1630,EE,SW1C,374B ,Q,R,D,BF,F , ,N,C,50,0,0,1,,28,1756898,5919947
Auckland,VINCENT ST,40,N, ,PITT ST,201416334,15/10/2014,Wed,1829,JA,SN1C,308B 375B 929 ,,R,D,O ,F ,D,N,C,50,0,0,1,,44,1756805,5919781
Auckland,VINCENT ST,150,N, ,PITT ST,201432280,16/01/2014,Thu,1013,QD,CN1M,428A ,M,R,D,OF,F , ,N,C,50,0,0,0,,,1756859,5919878
Auckland,VINCENT ST,, ,I,WELLINGTON ST,201437173,20/05/2014,Tue,1830,HA,CE2V,302A 375A ,,R,D,BF,F ,R,G,R,50,0,0,0,,,1771523,5914219
Auckland,VIOLA AVENUE,50,W, ,CALVERT AVENUE,201441737,03/08/2014,Sun,253,CB,CS1,109A 130A ,FP,R,D,DO,F , , ,N,50,0,0,0,,,1762948,5907386
Auckland,VIPOND ROAD,, ,I,BRIAN CRESCENT,201433938,18/03/2014,Tue,905,JA,CN1C,301B 375B ,,R,D,B ,F ,T,S,C,50,0,0,0,,,1753960,5946437
Auckland,VIPOND ROAD,15,N, ,LANGTON ROAD,201447052,22/10/2014,Wed,1810,FA,VS1C,181A ,,M,D,OF,F , ,N,C,50,0,0,0,,,1755119,5945288
Auckland,VIPOND ROAD,150,N, ,SH 1N,201447540,05/11/2014,Wed,1120,BF,4E1C,131A 330A 386A ,,S,D,O ,F , , ,N,100,0,0,0,,,1735268,5989620
Auckland,VIRGINIA AVENUE,20,N, ,NEW NORTH ROAD,201430479,12/01/2014,Sun,1900,MO,CN1C,371A 386A ,,R,D,O ,F ,T,N,C,50,0,0,0,,,1756561,5918452
Auckland,VISCOUNT ST,50,S, ,WIMPEY ST,201449512,05/12/2014,Fri,2030,DB,CN1,111A 131A 517A ,T,E,D,O ,F , , ,C,50,0,0,0,,,1759317,5906990
Auckland,VITASOVICH AVENUE,180,S, ,EDSEL ST,201413684,01/05/2014,Thu,1700,NB,CS1E,311A 376A 925 ,,R,D,B ,F ,D, ,C,50,0,0,1,42,,1745634,5916822
Auckland,VITASOVICH AVENUE,200,S, ,EDSEL ST,201440389,11/07/2014,Fri,2053,AC,4N14,159A 801 ,,R,W,TO,L , , ,C,50,0,0,0,,,1745626,5916803
Auckland,VITASOVICH AVENUE,, ,I,EDSEL ST,201448909,05/12/2014,Fri,2025,AA,CN1C,372A ,,E,D,B ,F ,R,G,R,50,0,0,0,,,1745686,5916993
Auckland,VITASOVICH AVENUE,150,N, ,VIEW ROAD,201440951,12/08/2014,Tue,1522,MC,VN1C,372B ,,E,D,BF,F , ,N,C,50,0,0,0,,,1745609,5916585
Auckland,VITASOVICH AVENUE,, ,I,VIEW ROAD,201442646,20/07/2014,Sun,1511,FE,CS1C,158A 331A ,,R,W,OF,F ,X,T,C,50,0,0,0,,,1745597,5916437
Auckland,VIVIAN WILSON DRIVE,80,N, ,MALLOY PLACE,201449454,28/12/2014,Sun,1135,DB,CW1CC,358A 423A ,M,S,D,O ,F , , ,N,50,0,0,0,,,1770170,5917515
Auckland,WADDELL AVENUE,20,S, ,ANDERSON AVENUE,201450523,16/11/2014,Sun,350,CC,VN1,112A 130A 402A ,FK,R,D,DO,F , , ,R,50,0,0,0,,,1765941,5916280
Auckland,WADDON PLACE,, ,I,MASCOT AVENUE,201445396,22/09/2014,Mon,1700,GD,CE1C,331A ,,E,D,O ,F ,T,G,N,50,0,0,0,,,1760387,5906831
Auckland,WADDON PLACE,70,S, ,ORLY AVENUE,201448996,08/12/2014,Mon,1120,KB,CW1C,302B 927 ,,E,D,B ,F ,D,G,C,50,0,0,0,,,1759994,5906884
Auckland,WADE RIVER ROAD,330,E, ,FERRY ROAD,201442631,22/07/2014,Tue,0,EA,CW1V,129A ,M,M,W,DO,F , ,N,C,50,0,0,0,,,1755081,5943331
Auckland,WADE RIVER ROAD,10,W, ,WHANGAPARAOA ROAD E,201445764,07/10/2014,Tue,1700,KB,CW1C,926,,R,D,B ,F ,D,N,N,50,0,0,0,,,1756342,5944001
Auckland,WAIATARUA ROAD,, ,I,REMUERA ROAD,201411880,25/03/2014,Tue,1500,MO,VN1C,371A ,,E,D,BF,F ,T,S,C,50,0,0,1,,,1762435,5917018
Auckland,WAIAU PA ROAD,700,W, ,KINGSEAT ROAD,201445385,17/09/2014,Wed,2021,DA,CW1,111A 131A ,T,M,D,DN,F , , ,C,100,0,0,0,,,1759287,5886159
Auckland,WAIAU PA ROAD,130,S, ,SADDLETON ROAD,201410201,13/01/2014,Mon,1830,DA,VN1,134A 139A ,,M,D,B ,F , ,N,C,80,0,0,1,,,1755732,5888004
Auckland,WAIHEKE ROAD,100,W, ,AWAAWAROA ROAD,201437110,16/05/2014,Fri,1730,CB,40,129A 815 ,FT,R,D,DN,F , ,N,C,50,0,0,0,,,1788415,5925478
Auckland,WAIHEKE ROAD,230,E, ,BELLE TERRACE E,201436210,25/04/2014,Fri,2340,CA,40,103A 130A ,,R,D,DN,F , , ,C,50,0,0,0,,,1787044,5926327
Auckland,WAIHEKE ROAD,200,S, ,BELLE TERRACE E,201448985,03/12/2014,Wed,1312,BF,CS1V,501A ,,M,D,B ,F , , ,C,50,0,0,0,,,1787059,5926353
Auckland,WAIHEKE ROAD,920,S, ,BELLE TERRACE E,201445565,04/10/2014,Sat,1850,DB,CN1,111A 131A 404A ,EF,M,W,O ,L , , ,C,80,0,0,0,,,1787094,5925811
Auckland,WAIHOEHOE ROAD,, ,I,COSSEY ROAD,201413263,11/05/2014,Sun,234,CC,CE1,101A 111A ,S,R,D,DN,F ,X,G,C,80,0,0,1,,,1775232,5891087
Auckland,WAIKOUKOU VALLEY ROAD,200,N, ,TAYLOR ROAD,201418305,13/12/2014,Sat,1200,DB,4N1,111A 131A ,C,M,W,ON,L , ,N,C,80,0,0,3,,,1733882,5931000
Auckland,WAIMATE ST,50,S, ,ANTYCH PLACE,201417162,27/01/2014,Mon,915,CC,4S1,112A 410A ,P,R,D,B ,F , , ,C,50,0,0,1,,,1767479,5905999
Auckland,WAIMATE ST,100,S, ,ANTYCH PLACE,201449970,10/08/2014,Sun,140,CC,VN1,130A 358A ,KT,R,D,DO,F , , ,C,50,0,0,0,,,1767491,5905951
Auckland,WAIMUMU ROAD,10,W, ,CHORLEY AVENUE,201439520,09/06/2014,Mon,1838,DA,CW1,111A 131A 514A 801 929 ,X,E,W,DO,H ,D,N,C,50,0,0,0,,,1744562,5920875
Auckland,WAIMUMU ROAD,50,W, ,CHORLEY AVENUE,201433689,22/03/2014,Sat,1907,EA,CW1C,130A 351A 524A ,M,E,D,TF,F , ,N,C,50,0,0,0,,,1744523,5920881
Auckland,WAIMUMU ROAD,90,S, ,HALLORAN PLACE,201445087,19/10/2014,Sun,1600,EA,CN1C,386A ,M,R,D,B ,F , ,N,C,50,0,0,0,,,1744810,5920998
Auckland,WAIMUMU ROAD,, ,I,ZITA MARIA DRIVE,201418146,08/12/2014,Mon,940,KB,4S1V,197A ,,R,D,B ,F ,T,S,R,50,0,0,2,,,1744008,5921010
Auckland,WAINUI ROAD,1100,W, ,JOBLIN ROAD,201412032,14/04/2014,Mon,1938,DA,CN1,129A 134A ,,M,W,DN,F , ,N,C,100,0,0,1,,,1742977,5948094
Auckland,WAINUI ROAD,260,W, ,LYSNAR ROAD,201412381,08/04/2014,Tue,930,CC,TW1,129A 134A ,,R,D,B ,F , , ,C,100,0,0,1,,,1747117,5947807
Auckland,WAINUI ROAD,160,W, ,OLD MILL ROAD,201440209,05/07/2014,Sat,1500,MC,VW1C,372B ,,M,W,ON,F , , ,C,50,0,0,0,,,1749815,5946535
Auckland,WAIORA ROAD,15,E, ,DOYLY DRIVE,201437162,17/05/2014,Sat,1540,MD,CE1C,371B 929 ,,R,D,BF,F ,D,N,N,50,0,0,0,,,1754234,5945623
Auckland,WAIPA ST,200,E, ,KAURI ROAD,201414134,03/06/2014,Tue,1830,EA,CE1V,129A 363A 601A ,M,R,D,DO,F , ,N,C,50,0,0,1,,,1752414,5924922
Auckland,WAIPA ST,50,S, ,KAURI ROAD,201440918,07/08/2014,Thu,1846,CB,CN1C,129A 358A ,M,R,W,DO,F , ,N,C,50,0,0,0,,,1752305,5925026