TLANAME,CRASHROAD,CRASHDIST,CRASHDIRN,INTSN,SIDEROAD,CRASHID,CRASHDATE,CRASHDOW,CRASHTIME,MVMT,VEHICLES,CAUSES,OBJECTSSTRUCK,ROADCURVE,ROADWET,LIGHT,WTHRa,JUNCTYPE,TRAFCTRL,ROADMARK,SPDLIM,CRASHFATALCNT,CRASHSEVCNT,CRASHMINCNT,PERSAGE1,PERSAGE2,EASTING,NORTHING
Auckland,WAIPUNA ROAD,15,E, ,CARBINE ROAD,201434546,19/04/2014,Sat,1829,MO,CW1C,357A 512A ,,R,W,DO,L , ,T,C,60,0,0,0,,,1764365,5913591
Auckland,WAIPUNA ROAD,400,E, ,CARBINE ROAD,201436800,24/05/2014,Sat,1504,DB,CE1,131A 198A ,CPY,E,D,B ,F , , ,C,80,0,0,0,,,1764749,5913564
Auckland,WAIPUNA ROAD,, ,I,IRELAND ROAD,201446147,05/10/2014,Sun,1330,LB,CE1C,303B 845 ,,R,D,B ,F ,T,T,R,50,0,0,0,,,1764132,5913611
Auckland,WAIPUNA ROAD,, ,I,IRELAND ROAD,201412107,26/03/2014,Wed,1623,LB,CE1VC,323B 334B ,,R,D,B ,F ,T,T,C,50,0,0,1,,,1764132,5913611
Auckland,WAIPUNA ROAD,, ,I,IRELAND ROAD,201439137,18/06/2014,Wed,2230,LB,CE1C,303B 375B ,,E,D,DO,F ,T,T,C,50,0,0,0,,,1764132,5913611
Auckland,WAIPUNA ROAD,, ,I,IRELAND ROAD,201441033,21/07/2014,Mon,755,FE,CW1C,387A ,,R,W,OF,F ,T,T,C,50,0,0,0,,,1764132,5913611
Auckland,WAIPUNA ROAD,, ,I,MOUNT WELLINGTON HIGHWAY,201448001,10/11/2014,Mon,1900,CA,CN1CCC,130A 514A ,,R,D,B ,F ,X,T,C,50,0,0,0,,,1763813,5913698
Auckland,WAIPUNA ROAD,, ,I,MUSKET PLACE,201442321,13/08/2014,Wed,645,JA,CW1C,322B 334B ,,R,W,TO,F ,T,T,C,50,0,0,0,,,1763979,5913625
Auckland,WAIPUNA ROAD,, ,I,PAKURANGA HIGHWAY,201450245,20/12/2014,Sat,1725,GF,CW2C,381A ,,E,W,OF,L ,T,T,C,50,0,0,0,,,1765163,5913376
Auckland,WAIPUNA ROAD,110,E, ,PETERSON ROAD,201416013,18/07/2014,Fri,2030,GD,CE1V,112A 929 ,,R,D,DO,F ,D,N,C,50,0,0,1,,,1764666,5913568
Auckland,WAIRAU AVENUE,, ,I,CANAL ROAD,201437100,29/05/2014,Thu,1730,HA,CE2V,301B 375B ,,R,D,OF,F ,X,S,C,50,0,0,0,,,1750263,5915496
Auckland,WAIRAU ROAD,60,S, ,ARCHERS ROAD,201443876,30/08/2014,Sat,1230,FD,CS1C,181A ,,R,W,OF,L , ,N,C,50,0,0,0,,,1755675,5928393
Auckland,WAIRAU ROAD,20,N, ,CURRYS LANE S,201449461,04/11/2014,Tue,815,FA,CS1V,184A ,,R,D,B ,F , , ,P,50,0,0,0,,,1755638,5928464
Auckland,WAIRAU ROAD,140,E, ,DIANA DRIVE,201441137,04/09/2014,Thu,2120,JA,CN1C,308B 375B 901 929 ,,R,W,DO,H ,D,N,C,50,0,0,0,,,1755286,5929039
Auckland,WAIRAU ROAD,140,S, ,DIANA DRIVE,201440646,21/06/2014,Sat,1155,FD,CS1CC,331A 350A ,,R,D,B ,F , , ,C,50,0,0,0,,,1755286,5929039
Auckland,WAIRAU ROAD,15,W, ,DIANA DRIVE,201449458,15/12/2014,Mon,1423,AC,CE14,102A 372A ,,R,D,O ,F , , ,C,50,0,0,0,,,1755147,5929108
Auckland,WAIRAU ROAD,50,W, ,ELLICE ROAD,201440769,03/07/2014,Thu,1724,AC,4W1C,159A ,,E,D,O ,F , , ,C,50,0,0,0,,,1753932,5929356
Auckland,WAIRAU ROAD,, ,I,ELLICE ROAD,201430838,16/01/2014,Thu,1929,JC,CS2C,302B 314B 377B ,,R,D,OF,F ,T,G,C,50,0,0,0,,,1753981,5929363
Auckland,WAIRAU ROAD,, ,I,ELLICE ROAD,201433334,28/03/2014,Fri,1340,JC,CE2C,302A ,,R,D,BF,F ,T,G,C,50,0,0,0,,,1753981,5929363
Auckland,WAIRAU ROAD,, ,I,ELLICE ROAD,201416412,29/09/2014,Mon,817,LB,CE1C,303B 375B 801 ,,E,W,O ,L ,T,G,P,50,0,0,2,,,1753981,5929363
Auckland,WAIRAU ROAD,70,W, ,FORREST HILL ROAD,201413833,06/06/2014,Fri,1736,BE,CW1C,130A ,,R,D,TO,F , , ,C,50,0,1,2,,,1756089,5928106
Auckland,WAIRAU ROAD,220,E, ,GLENFIELD ROAD,201436748,21/05/2014,Wed,1714,GD,VE1CC,181A 331A 929 ,,R,D,DO,F ,D,N,C,50,0,0,0,,,1753893,5929345
Auckland,WAIRAU ROAD,100,S, ,HILLSIDE ROAD,201433232,19/03/2014,Wed,1320,FD,4N1C,181A ,,R,D,BF,F , ,N,P,50,0,0,0,,,1755434,5928868
Auckland,WAIRAU ROAD,, ,I,HILLSIDE ROAD,201450955,27/10/2014,Mon,1100,FE,CN1C,386A ,,R,D,B ,F ,X,T,C,50,0,0,0,,,1755388,5928957
Auckland,WAIRAU ROAD,, ,I,HILLSIDE ROAD,201417648,05/12/2014,Fri,736,HA,CN1V,320A 377A 322B ,,R,D,B ,F ,X,T,C,50,0,0,1,,,1755388,5928957
Auckland,WAIRAU ROAD,, ,I,HILLSIDE ROAD,201450296,18/12/2014,Thu,1502,FE,4S14,181A ,,R,D,BF,F ,X,T,P,50,0,0,0,,,1755388,5928957
Auckland,WAIRAU ROAD,, ,I,KATHLEEN ST,201417463,08/11/2014,Sat,950,JA,CW1C,302B 377B ,,R,D,BF,F ,T,G,C,50,0,0,1,,,1754402,5929227
Auckland,WAIRAU ROAD,100,E, ,PORANA ROAD,201417527,12/11/2014,Wed,1610,FD,CW1C,181A ,,M,W,OF,L , ,N,P,50,0,0,1,,,1755866,5928142
Auckland,WAIRAU ROAD,20,S, ,PORANA ROAD,201449846,01/12/2014,Mon,1314,FD,CN1CC,331A ,,R,D,BF,F ,T,T,C,50,0,0,0,,,1755800,5928186
Auckland,WAIRAU ROAD,, ,I,PORANA ROAD,201431269,03/03/2014,Mon,1900,KA,CN1C,302B 375B ,,E,D,BF,F ,X,G,R,50,0,0,0,,,1755786,5928200
Auckland,WAIRAU ROAD,, ,I,PORANA ROAD,201440666,12/07/2014,Sat,1435,JA,4N14,334A 334B 801 ,,R,W,O ,L ,T,T,C,50,0,0,0,,,1755786,5928200
Auckland,WAIRAU ROAD,, ,I,PORANA ROAD,201442888,06/09/2014,Sat,1845,FA,CS1C,102A 181A ,,R,D,DO,F ,T,N,R,50,0,0,0,,,1755786,5928200
Auckland,WAIRAU ROAD,, ,I,PORANA ROAD,201449686,13/12/2014,Sat,1435,BF,CW1C,322A 330A ,,R,D,O ,F ,T,T,C,50,0,0,0,,,1755786,5928200
Auckland,WAIRAU ROAD,, ,I,PORANA ROAD,201444436,01/09/2014,Mon,1906,LB,CN1C,303B ,,E,W,DO,L ,T,T,R,50,0,0,0,,,1755786,5928200
Auckland,WAIRAU ROAD,, ,I,PORANA ROAD,201444620,20/09/2014,Sat,1350,FE,CS1C,181A 330A ,,R,D,B ,F ,T,T,R,50,0,0,0,,,1755786,5928200
Auckland,WAIRAU ROAD,, ,I,PORANA ROAD,201438909,20/06/2014,Fri,2026,LB,CN1C,303B 334B ,,R,D,DO,F ,T,T,R,50,0,0,0,,,1755786,5928200
Auckland,WAIRAU ROAD,, ,I,PORANA ROAD,201439638,07/07/2014,Mon,1836,LB,CN1CV,303B 323B ,,R,W,DO,L ,T,T,C,50,0,0,0,,,1755786,5928200
Auckland,WAIRAU ROAD,, ,I,SHAKESPEARE ROAD,201430384,15/01/2014,Wed,1642,FE,CN1C,181A 351A ,,R,D,B ,F ,M,T,C,80,0,0,0,,,1756431,5927790
Auckland,WAIRAU ROAD,, ,I,SHAKESPEARE ROAD,201432622,12/03/2014,Wed,1430,GB,CS1C,142B 175B ,,R,D,B ,F ,X,G,C,50,0,0,0,,,1756431,5927790
Auckland,WAIRAU ROAD,15,S, ,TARGET ROAD,201442604,19/07/2014,Sat,1535,AC,CS1C,372A ,,E,W,OF,L , ,N,R,60,0,0,0,,,1755054,5929195
Auckland,WAIRAU ROAD,, ,I,TARGET ROAD,201439132,02/06/2014,Mon,1117,FE,CE1C,132A 334A ,,R,D,B ,F ,T,T,C,50,0,0,0,,,1755044,5929206
Auckland,WAIRAU ROAD,, ,I,TARGET ROAD,201436328,31/03/2014,Mon,1205,AC,4W1C,372A ,,R,D,BF,F ,T,T,C,50,0,0,0,,,1755044,5929206
Auckland,WAIRAU ROAD,30,N, ,TRISTRAM AVENUE,201441025,30/07/2014,Wed,1115,AC,CN1V,372A ,,R,D,BF,F , ,N,R,50,0,0,0,,,1755368,5928979
Auckland,WAIRAU ROAD,100,N, ,TRISTRAM AVENUE,201432898,26/03/2014,Wed,1335,FA,CS1C,181A ,,R,D,B ,F , , ,R,50,0,0,0,,,1755316,5929025
Auckland,WAIRAU ROAD,, ,I,TRISTRAM AVENUE,201448728,06/12/2014,Sat,1959,FE,VS1C,103A 181A ,,R,D,B ,F ,X,T,C,50,0,0,0,,,1755388,5928957
Auckland,WAIRAU ROAD,, ,I,TRISTRAM AVENUE,201431008,07/02/2014,Fri,1145,FE,VN1C,112A 334A ,,R,D,B ,F ,X,T,C,50,0,0,0,,,1755388,5928957
Auckland,WAIRAU ROAD,30,N, ,TRISTRAM ON NBD,201432537,10/02/2014,Mon,1430,JA,CN1C,308B 375B 924 ,,R,D,B ,F ,D,N,P,50,0,0,0,,,1755368,5928979
Auckland,WAIRAU ROAD,, ,I,VIEW ROAD,201415031,15/08/2014,Fri,1625,JA,CW1C,302B ,,R,D,O ,F ,X,G,C,50,0,0,1,,,1754412,5929230
Auckland,WAIRAU ROAD,15,S, ,VIEW ROAD E,201450267,12/12/2014,Fri,1430,JA,4S1V,308B 377B 927 ,,R,D,BF,F ,D,N,P,50,0,0,0,,,1755098,5929147
Auckland,WAIRAU ROAD,, ,I,VIEW ROAD E,201432928,22/02/2014,Sat,1455,LB,CN1V,303B 377B ,,R,D,B ,F ,T,G,R,50,0,0,0,,,1755087,5929158
Auckland,WAIRAU ROAD,, ,I,VIEW ROAD E,201431226,26/02/2014,Wed,2054,JA,CN1C,302B 375B ,,R,D,DO,F ,T,G,P,50,0,0,0,,,1755087,5929158
Auckland,WAIRAU ROAD,, ,I,VIEW ROAD E,201441037,25/07/2014,Fri,1335,JA,CN14,302B 387B ,,R,W,OF,F ,T,G,C,50,0,0,0,,,1755087,5929158
Auckland,WAIRAU ROAD,, ,I,VIEW ROAD W,201414772,08/08/2014,Fri,1700,JA,CW1C,302B 377B 801 ,,R,W,O ,L ,T,G,C,50,0,0,1,,,1754412,5929230
Auckland,WAIRAU ROAD,, ,I,VIEW ROAD W,201431718,23/01/2014,Thu,1155,JC,CN2M,302A 375A ,,R,D,O ,F ,T,G,C,50,0,0,0,,,1754412,5929230
Auckland,WAIRERE ROAD,, ,I,BETHELLS ROAD,201416493,08/10/2014,Wed,630,FB,4E1C,111A 331A 387A ,,E,D,B ,F ,T,G,C,80,0,0,1,,,1736949,5920476
Auckland,WAIRERE ROAD,290,W, ,DUFFY ROAD,201411504,22/02/2014,Sat,1214,DA,CN1,129A 131A ,T,M,W,OF,L , ,N,C,80,0,1,0,,,1734878,5920576
Auckland,WAITAKERE ROAD,300,N, ,BETHELLS ROAD,201431880,04/02/2014,Tue,2105,EC,CN1,402A 912 ,W,R,D,DN,F , ,N,C,80,0,0,0,,,1737629,5920903
Auckland,WAITAKERE ROAD,400,S, ,HANHAM ROAD,201441059,25/07/2014,Fri,1700,DA,CS1,103A 131A ,V,M,W,ON,L , ,N,C,100,0,0,0,,,1738110,5925623
Auckland,WAITAKERE ROAD,300,S, ,TAUPAKI ROAD,201410301,05/01/2014,Sun,1345,DB,VN1,111A 131A ,V,M,W,ON,L , ,N,C,80,0,0,1,,,1738199,5923599
Auckland,WAITANGI ROAD,15,S, ,STATE AVENUE,201442600,05/07/2014,Sat,1900,EA,CN1C,129A ,M,R,D,DO,F , ,N,C,50,0,0,0,,,1760419,5913279
Auckland,WAITANGI ROAD,, ,I,STATE AVENUE,201437400,23/05/2014,Fri,1600,LB,CS1C,382B ,,R,D,O ,F ,T,G,C,50,0,0,0,,,1760419,5913294
Auckland,WAITANGI ROAD,, ,I,STATE AVENUE,201418494,29/12/2014,Mon,2040,KA,SS1C,302B 375B ,,R,D,TF,F ,T,G,C,50,0,0,1,,70,1760419,5913294
Auckland,WAITANGI ROAD,, ,I,STATE AVENUE,201447038,02/11/2014,Sun,900,MD,CS1C,371B 929 ,,R,D,OF,F ,D,N,C,50,0,0,0,,,1760419,5913294
Auckland,WAITE AVENUE,40,E, ,GIFFORD AVENUE,201442520,27/08/2014,Wed,1913,MO,CE14,371B ,,R,D,DO,F , ,N,L,50,0,0,0,,,1754542,5914622
Auckland,WAITEITEI ROAD,, ,I,DAY ROAD,201438803,18/07/2014,Fri,1950,GD,4N14,181A 144B 631B ,,R,D,DN,F ,T,N,C,100,0,0,0,,,1741685,5986823
Auckland,WAITEITEI ROAD,120,S, ,FARMERS LIME ROAD,201418544,21/12/2014,Sun,1400,DA,MN1,131A ,V,M,D,BN,F , ,N,C,100,0,0,1,,,1740227,5984372
Auckland,WAITEITEI ROAD,500,S, ,FARMERS LIME ROAD,201410194,03/01/2014,Fri,702,DA,CS1,131A 902 ,C,E,D,B ,F , , ,C,100,0,0,1,,,1740540,5984170
Auckland,WAITEITEI ROAD,660,N, ,WHANGARIPO VALLEY ROAD,201432283,27/01/2014,Mon,1505,DA,CS1,131A 191A ,F,M,D,O ,F , , ,C,100,0,0,0,,,1740561,5984162
Auckland,WAITEMATA DRIVE,20,S, ,DRUMMOND DRIVE,201416762,17/10/2014,Fri,1000,GB,CS1C,103A 112A 929 ,,R,D,B ,F ,D,N,C,50,0,0,2,,,1743033,5919260
Auckland,WAIUKU ROAD,50,W, ,AKA AKA ROAD,201434726,04/05/2014,Sun,204,CC,CW1,137A 817 ,V,R,D,DN,F , ,N,N,80,0,0,0,,,1764463,5877819
Auckland,WAIUKU ROAD,, ,I,ATTEWELL ROAD,201443472,24/09/2014,Wed,646,HA,CN1C,301A 375A ,,E,D,O ,F ,X,S,C,100,0,0,0,,,1765886,5878541
Auckland,WAIUKU ROAD,200,E, ,COLOMBO ROAD,201441361,05/08/2014,Tue,845,CB,TE1,130A 330A ,F,R,D,O ,F , , ,L,70,0,0,0,,,1755440,5875902
Auckland,WAIUKU ROAD,, ,I,COLOMBO ROAD,201411130,05/04/2014,Sat,1001,LB,4W1CC,303B ,,R,D,O ,F ,T,G,P,70,0,1,0,,,1755257,5875981
Auckland,WAIUKU ROAD,100,W, ,GLENBROOK STATION ROAD,201418201,03/12/2014,Wed,720,DB,CW1,129A 131A 358A ,F,E,D,B ,F , , ,C,100,0,0,1,,,1759430,5879762
Auckland,WAIUKU ROAD,200,W, ,GLENBROOK STATION ROAD,201434591,02/04/2014,Wed,820,DA,CE1,131A ,C,M,D,BN,F , ,N,C,100,0,0,0,,,1759330,5879753
Auckland,WAIUKU ROAD,800,W, ,GLENBROOK STATION ROAD,201416481,13/10/2014,Mon,1528,DB,CW1,111A 131A 402A ,FT,M,D,B ,F , , ,C,100,0,0,1,,,1758834,5879512
Auckland,WAIUKU ROAD,610,S, ,HALL ROAD,201416026,04/09/2014,Thu,2310,DA,CS1,103A 111A ,FJ,M,W,DN,L , ,N,C,100,0,0,1,,,1756925,5876196
Auckland,WAIUKU ROAD,, ,I,HALL ROAD,201431504,26/01/2014,Sun,930,JA,CN1C,301B ,,E,D,B ,F ,T,S,C,100,0,0,0,,,1757269,5876692
Auckland,WAIUKU ROAD,, ,I,HALL ROAD,201445643,06/10/2014,Mon,1715,KA,CN1C,301B ,,M,D,O ,F ,X,S,C,100,0,0,0,,,1757269,5876692
Auckland,WAIUKU ROAD,400,E, ,MORLEY ROAD,201445946,06/10/2014,Mon,535,DA,CN1,131A 191A 800 ,K,M,W,DN,F , , ,C,100,0,0,0,,,1758385,5879175
Auckland,WAIUKU ROAD,700,E, ,MORLEY ROAD,201414093,03/06/2014,Tue,1540,DB,CE1,101A ,V,E,D,O ,F , ,N,L,100,0,0,2,,,1758615,5879345
Auckland,WAIUKU ROAD,270,S, ,MORLEY ROAD,201436150,27/03/2014,Thu,2330,DA,CN1,111A 131A 817 ,,M,D,DN,F , , ,N,100,0,0,0,,,1757891,5879034
Auckland,WAIUKU ROAD,440,S, ,MORLEY ROAD,201412234,04/05/2014,Sun,1042,CB,CS1,137A 195A ,FP,R,D,B ,F , ,N,L,100,0,0,1,,,1757846,5878870
Auckland,WAIUKU ROAD,800,S, ,MORLEY ROAD,201436349,29/03/2014,Sat,430,CB,CN1,112A 410A ,F,R,D,DN,F , ,N,N,100,0,0,0,,,1757750,5878523
Auckland,WAIUKU ROAD,100,W, ,MORLEY ROAD,201433806,28/03/2014,Fri,706,DB,CW1,131A 804 ,ET,M,D,O ,F , , ,N,100,0,0,0,,,1757942,5879196
Auckland,WAIUKU ROAD,, ,I,MORLEY ROAD,201443369,27/08/2014,Wed,1420,FO,TW1V,145A 173A 132B ,,M,D,O ,F ,T,N,P,100,0,0,0,,,1757998,5879276
Auckland,WAIUKU ROAD,, ,I,ROGERS ROAD,201436478,05/03/2014,Wed,1130,FD,CW1C,181A ,,R,W,ON,L ,T,G,C,80,0,0,0,,,1764029,5877976
Auckland,WAIUKU ROAD,, ,I,STUART ROAD,201411132,23/03/2014,Sun,1027,HA,CW1C,321B 335B ,,E,D,B ,F ,X,S,C,100,0,1,6,,,1767019,5879552
Auckland,WAIUKU ROAD,, ,I,TITI ROAD,201449508,17/12/2014,Wed,1715,JA,CE1C,302B 375B 901 ,,R,W,O ,H ,T,G,L,100,0,0,0,,,1760381,5879313
Auckland,WAIUKU ROAD,320,N, ,TRAMWAY ROAD,201442535,05/09/2014,Fri,1230,DA,CN1,111A 131A ,X,M,D,ON,F , ,N,C,80,0,0,0,,,1765055,5877897
Auckland,WAIUKU ROAD,500,N, ,TRAMWAY ROAD,201416709,18/08/2014,Mon,1630,DA,CN1,129A 131A ,C,M,D,O ,F , , ,C,100,0,0,1,,,1765198,5878006
Auckland,WAKATIPU ST,, ,I,WALMER ROAD,201430583,31/01/2014,Fri,2254,DB,CN2C,111A 122A ,M,S,D,DO,F ,T,G,C,50,0,0,0,,,1752416,5918817
Auckland,WAKE ROAD,40,E, ,COATESVILLE-RIVERHEAD HIG,201439238,28/06/2014,Sat,811,DB,CW1,111A 131A 191A 800 ,V,M,W,O ,F , , ,C,80,0,0,0,,,1744790,5932710
Auckland,WAKE ROAD,140,N, ,RIDGE ROAD,201417351,05/10/2014,Sun,1802,DA,CN1T,101A 111A 131A 402A 407A 818 ,PV,E,D,B ,F , , ,C,100,0,0,2,,,1745780,5932007
Auckland,WAKEFIELD ROAD,, ,I,BURBRIDGE ROAD,201446506,10/10/2014,Fri,2130,EA,CW1TV,103A 130A ,MM,R,D,TO,F ,T,N,C,50,0,0,0,,,1760787,5908565
Auckland,WAKEFIELD ROAD,50,E, ,ROBERTSON ROAD,201447302,07/11/2014,Fri,2300,EA,CW14,103A 129A ,M,R,D,DO,F , ,N,C,50,0,0,0,,,1760642,5908482
Auckland,WAKEFIELD ST,10,N, ,LYNDOCK ST,201435602,21/04/2014,Mon,1610,MO,CS1C,371A ,M,R,D,O ,F ,X,G,C,50,0,0,0,,,1757400,5919780
Auckland,WAKEFIELD ST,, ,I,LYNDOCK ST,201418784,21/10/2014,Tue,1215,JA,CN1C,302B 377B 839 ,,R,D,O ,F ,X,G,C,50,0,0,1,,,1757404,5919771
Auckland,WAKEFIELD ST,, ,I,LYNDOCK ST,201442031,17/07/2014,Thu,1724,BE,CN1CC,137A ,,R,D,TF,F ,X,S,C,50,0,0,0,,,1757404,5919771
Auckland,WAKEFIELD ST,, ,I,MAYORAL DRIVE,201436554,21/05/2014,Wed,0,FE,CN1C,181A 331A 801 ,,R,W,DO,L ,T,T,C,50,0,0,0,,,1757333,5919932
Auckland,WAKEFIELD ST,50,N, ,MOUNT ST,201445433,02/10/2014,Thu,1620,MC,CN1C,372B ,,R,W,O ,L , , ,P,50,0,0,0,,,1757383,5919816
Auckland,WAKEFIELD ST,, ,I,MOUNT ST,201445213,27/09/2014,Sat,2130,JA,CS1C,301B ,J,R,D,DO,F ,X,S,C,50,0,0,0,,,1757404,5919771
Auckland,WAKEFIELD ST,, ,I,MOUNT ST,201434207,14/03/2014,Fri,1220,GA,PS1C,181A ,,R,D,B ,F ,T,G,C,50,0,0,0,,,1757404,5919771
Auckland,WAKEFIELD ST,25,E, ,QUEEN ST,201440354,30/06/2014,Mon,1816,MC,CS1C,372B ,,R,D,DO,F , , ,C,50,0,0,0,,,1757276,5920054
Auckland,WAKEFIELD ST,200,E, ,QUEEN ST,201441106,06/08/2014,Wed,1400,EA,CE1C,129A ,M,R,D,BF,F , ,N,C,50,0,0,0,,,1757348,5919895
Auckland,WAKEFIELD ST,, ,I,QUEEN ST,201442072,02/08/2014,Sat,2015,FE,CW1C,181A ,,R,D,TO,F ,T,T,C,50,0,0,0,,,1757258,5920071
Auckland,WAKEFIELD ST,, ,I,QUEEN ST,201438132,16/05/2014,Fri,1030,FE,BW1C,181A 387A ,,R,D,BF,F ,T,T,R,50,0,0,0,,,1757258,5920071
Auckland,WAKEFIELD ST,30,S, ,ST PAUL ST,201433730,06/03/2014,Thu,1300,EA,CS1C,129A ,M,R,D,O ,F , , ,C,50,0,0,0,,,1757373,5919838
Auckland,WAKEFIELD ST,30,W, ,SYMONDS ST N,201438134,10/05/2014,Sat,2300,EA,CE1C,129A ,M,R,D,DO,F , ,N,C,50,0,0,0,,,1757446,5919687
Auckland,WAKELIN ROAD,100,N, ,THIRD VIEW AVENUE,201416234,07/05/2014,Wed,1100,MO,CN1,420A 507A ,H,R,D,B ,F , , ,R,50,0,0,1,,,1777970,5916360
Auckland,WALLACE ROAD,60,N, ,KAPUKA ROAD,201411223,26/02/2014,Wed,2340,DB,CN1,103A 130A 402A ,F,E,D,DO,F , , ,C,50,0,0,5,,,1758566,5908757
Auckland,WALLACE ROAD,, ,I,KEA PLACE,201441128,06/08/2014,Wed,1250,GD,CN1C,181A 333A ,,E,D,OF,F ,T,G,C,60,0,0,0,,,1758137,5909360
Auckland,WALLS ROAD,, ,I,FAIRFAX AVENUE,201438819,10/07/2014,Thu,1125,AB,CE14,153A 357A ,,R,W,OF,L ,T,G,C,50,0,0,0,,,1761241,5913652
Auckland,WALMER ROAD,200,N, ,TUI ST,201416702,13/09/2014,Sat,46,EA,CN1C,103A 129A ,M,R,D,DO,F , , ,C,50,0,1,0,,,1752525,5918631
Auckland,WALMSLEY ROAD,110,W, ,DONNELL AVENUE,201447527,03/10/2014,Fri,1450,JA,CE1C,308B 314B 801 927 ,,R,W,O ,L ,D, ,C,50,0,0,0,,,1760010,5908799
Auckland,WALMSLEY ROAD,, ,I,DONNELL AVENUE,201418812,20/12/2014,Sat,1720,LB,VW1C,303B 375B ,,R,W,OF,L ,X,T,C,50,0,0,1,,,1760116,5908830
Auckland,WALMSLEY ROAD,, ,I,DONNELL AVENUE,201446507,14/10/2014,Tue,850,FD,CW1CC,181A 331A 358A 181B ,,R,D,B ,F ,X,T,C,60,0,0,0,,,1760116,5908830
Auckland,WALMSLEY ROAD,30,E, ,HALL AVENUE,201432881,17/03/2014,Mon,2210,EA,CW1C,103A 129A ,M,R,D,DO,F , , ,C,50,0,0,0,,,1759687,5908707
Auckland,WALMSLEY ROAD,, ,I,HALL AVENUE,201430738,13/02/2014,Thu,825,JA,CW1C,300B 353B ,,R,D,OF,F ,T,N,N,50,0,0,0,,,1759659,5908699
Auckland,WALMSLEY ROAD,, ,I,HALL AVENUE,201435176,07/04/2014,Mon,630,JA,CW1C,302B 375B ,,R,D,TF,F ,T,G,C,50,0,0,0,,,1759659,5908699
Auckland,WALMSLEY ROAD,30,E, ,MAHUNGA DRIVE,201446571,15/10/2014,Wed,1530,LB,CE1C,103B 303B 375B 929 ,,R,D,B ,F ,D,N,C,50,0,0,0,,,1760145,5908838
Auckland,WALMSLEY ROAD,160,E, ,MAHUNGA DRIVE,201435462,08/05/2014,Thu,900,JA,VE1C,308B 375B 922 ,,R,W,BF,F ,D,N,L,50,0,0,0,,,1760270,5908872
Auckland,WALMSLEY ROAD,70,W, ,MAHUNGA DRIVE,201412340,14/04/2014,Mon,750,NA,CE1E,712B ,,R,D,B ,F , , ,C,50,0,0,1,15,,1760049,5908810
Auckland,WALMSLEY ROAD,15,W, ,ROBERTSON ROAD,201446176,03/10/2014,Fri,1410,AC,CE1V,372A ,,R,D,O ,F , , ,C,60,0,0,0,,,1760445,5908920
Auckland,WALMSLEY ROAD,, ,I,STATION ROAD,201430699,12/02/2014,Wed,2245,FE,CN1C,112A 334A ,,R,D,DO,F ,X,T,C,50,0,0,0,,,1763329,5909543
Auckland,WALMSLEY ROAD,, ,I,STATION ROAD,201448041,08/11/2014,Sat,442,LB,CS1C,303B ,,E,D,DO,F ,T,T,C,50,0,0,0,,,1763329,5909543
Auckland,WALMSLEY ROAD,, ,I,WALMSLEY OFF SBD,201445349,28/09/2014,Sun,1700,JA,4E1C,322A 410A ,,R,D,B ,F ,X,T,R,50,0,0,0,,,1759891,5908764
Auckland,WALMSLEY ROAD,, ,I,WALMSLEY ON SBD,201434899,13/04/2014,Sun,1045,FE,4E1C,181A ,,R,D,BF,F ,T,T,C,50,0,0,0,,,1759891,5908764
Auckland,WALMSLEY ROAD,, ,I,WALMSLEY ON SBD,201435962,19/05/2014,Mon,315,CB,CW1,111A 131A 514A ,,R,D,DO,F ,T,T,R,50,0,0,0,,,1759891,5908764
Auckland,WALSALL ST,, ,I,GREAT NORTH ROAD,201449620,14/10/2014,Tue,1400,MO,TE1C,386A ,M,R,D,B ,F ,T,S,C,50,0,0,0,,,1751130,5915645
Auckland,WALTER CRESCENT,, ,I,LAURA JANE DRIVE,201436767,07/05/2014,Wed,855,LB,TW1C,303B 375B ,,E,D,B ,FF,T,N,C,50,0,0,0,,,1749862,5947994
Auckland,WALTER STREVENS DRIVE,50,W, ,GREAT SOUTH ROAD,201442422,11/08/2014,Mon,730,EA,CE1C,351A 363A 902 ,M,R,W,BF,F , ,N,C,50,0,0,0,,,1770622,5898600
Auckland,WALTERS ROAD,90,E, ,BLACKBRIDGE ROAD,201442540,03/09/2014,Wed,718,DB,CE1,111A 131A ,C,M,D,BN,F , ,N,N,100,0,0,0,,,1767995,5891533
Auckland,WALTERS ROAD,1000,E, ,BLACKBRIDGE ROAD,201411593,21/03/2014,Fri,650,EC,CE1,912,W,E,D,DN,F , ,N,C,100,0,0,1,,,1768698,5892053
Auckland,WALTERS ROAD,850,N, ,BLACKBRIDGE ROAD,201435787,13/05/2014,Tue,815,CB,CN1,134A 402A 407A ,V,R,W,B ,F , , ,C,100,0,0,0,,,1768617,5891947
Auckland,WALTERS ROAD,120,W, ,BRAEBURN PLACE,201443869,02/09/2014,Tue,1630,QC,CW1,447A ,N,R,D,OF,F , ,T,C,50,0,0,0,,,1771795,5897919
Auckland,WALTERS ROAD,160,W, ,BRAEBURN PLACE,201436616,01/05/2014,Thu,1125,MO,CW1C,371A 371B 926 ,,R,D,B ,F ,D,N,N,50,0,0,0,,,1771758,5897905
Auckland,WALTERS ROAD,100,E, ,GILLIES ROAD,201432715,14/02/2014,Fri,220,DA,CS1,103A 111A 131A ,K,M,W,DN,F , , ,N,50,0,0,0,,,1764519,5910814
Auckland,WALTERS ROAD,, ,I,GREAT SOUTH ROAD,201441132,19/08/2014,Tue,215,HA,VW1C,302A 375A ,,R,W,DO,L ,R,G,R,50,0,0,0,,,1771523,5897827
Auckland,WALTERS ROAD,300,W, ,GROVE ROAD,201438521,18/05/2014,Sun,2015,MB,CW1C,370B ,,R,D,DO,F , , ,C,70,0,0,0,,,1772835,5898300
Auckland,WALTERS ROAD,450,S, ,LINWOOD ROAD,201415335,25/08/2014,Mon,2110,DA,CS1,101A 111A ,C,M,D,DN,F , ,N,C,100,0,2,0,,,1769333,5892794
Auckland,WALTERS ROAD,600,S, ,LINWOOD ROAD,201432050,11/02/2014,Tue,600,CC,CE1,195A 410A ,V,R,D,DN,F , , ,C,100,0,0,0,,,1769226,5892710
Auckland,WALTERS ROAD,50,W, ,MILL ROAD,201414817,21/07/2014,Mon,730,CB,CE1,129A ,P,R,W,OF,L , ,N,C,70,0,0,1,,,1773580,5898583
Auckland,WALTERS ROAD,, ,I,PORCHESTER ROAD,201438397,16/06/2014,Mon,1815,HA,CS2C,302A 370A 404A 801 ,,E,W,DO,L ,R,G,C,50,0,0,0,,,1772098,5898022