TLANAME,CRASHROAD,CRASHDIST,CRASHDIRN,INTSN,SIDEROAD,CRASHID,CRASHDATE,CRASHDOW,CRASHTIME,MVMT,VEHICLES,CAUSES,OBJECTSSTRUCK,ROADCURVE,ROADWET,LIGHT,WTHRa,JUNCTYPE,TRAFCTRL,ROADMARK,SPDLIM,CRASHFATALCNT,CRASHSEVCNT,CRASHMINCNT,PERSAGE1,PERSAGE2,EASTING,NORTHING
Auckland,WALTERS ROAD,160,E, ,SANDRINGHAM ROAD,201435381,30/04/2014,Wed,,MO,CW1C,112A 129A ,M,R,D,O ,F , , ,N,50,0,0,0,,,1755502,5917717
Auckland,WALTERS ROAD,, ,I,SANDRINGHAM ROAD,201448915,04/10/2014,Sat,1600,FB,CW1C,331A ,,E,D,B ,F ,T,G,C,50,0,0,0,,,1755347,5917757
Auckland,WAPITI AVENUE,100,W, ,KORAU ROAD,201433737,19/03/2014,Wed,,EA,CE1C,129A ,M,R,D,DO,F , , ,N,50,0,0,0,,,1758866,5916138
Auckland,WARD ST,, ,I,CLARK ST,201432269,29/01/2014,Wed,1812,FE,CS1C,181A 331A ,,R,D,B ,F ,T,T,C,50,0,0,0,,,1750380,5913767
Auckland,WARD ST,, ,I,WELLINGTON ST,201450069,24/12/2014,Wed,830,CA,CS2C,112A 335A 350A ,IX,R,D,B ,F ,R,G,R,50,0,0,0,,,1768318,5880029
Auckland,WARNER PARK AVENUE,, ,I,LAINGHOLM DRIVE,201430677,27/01/2014,Mon,2026,FA,VW1C,103A 111A ,,M,D,TF,F ,T,G,C,50,0,0,0,,,1745788,5907601
Auckland,WARREN AVENUE,50,E, ,HAYR ROAD,201412964,07/05/2014,Wed,1630,DA,CW1C,131A 929 ,M,M,D,O ,F ,D,N,C,50,0,0,1,,,1756511,5913500
Auckland,WARREN AVENUE,100,E, ,HAYR ROAD,201439161,23/04/2014,Wed,735,FD,CE1CC,181A 331A 191B 902 ,,M,D,B ,F , ,N,C,50,0,0,0,,,1756559,5913516
Auckland,WARREN AVENUE,100,E, ,HAYR ROAD,201439163,23/04/2014,Wed,735,EA,CE1T,363A 370A 902 ,M,M,D,B ,F , ,N,C,50,0,0,0,,,1756559,5913516
Auckland,WARREN AVENUE,, ,I,HAYR ROAD,201447932,19/11/2014,Wed,1350,KB,CS1C,301B ,,M,D,B ,F ,T,S,C,50,0,0,0,,,1756466,5913479
Auckland,WARREN AVENUE,5,N, ,MOUNT ALBERT ROAD,201415043,29/07/2014,Tue,1005,MC,CN1C,372B ,,R,D,B ,F ,X,T,C,50,0,0,1,,,1756663,5913756
Auckland,WARREN AVENUE,40,S, ,MOUNT ALBERT ROAD,201449146,25/11/2014,Tue,1750,FD,CN1C,331A 353A ,,R,D,BF,F , ,N,C,50,0,0,0,,,1756657,5913722
Auckland,WATENE CRESCENT,, ,I,TAMAKI DRIVE,201413838,19/05/2014,Mon,1640,KA,SE1C,302B 375B ,,E,D,B ,F ,X,G,C,50,0,0,1,,61,1761831,5920024
Auckland,WATERLOO QUADRANT,50,N, ,PARLIAMENT ST,201450568,18/12/2014,Thu,2050,MA,XN1C,373B ,,R,D,DO,F , , ,C,50,0,0,0,,,1757902,5920400
Auckland,WATERVIEW OFF WBD,, ,I,GREAT NORTH ROAD N,201446520,17/10/2014,Fri,2030,FB,CS1C,380A ,,E,W,DO,L ,T,G,C,50,0,0,0,,,1751979,5917906
Auckland,WATERVIEW ON WBD,30,E, ,SH 16,201433319,10/04/2014,Thu,2022,FE,CW1C,103A 181A ,,R,W,DO,L , ,T,N,50,0,0,0,,,1751273,5917999
Auckland,WATERVIEW ON WBD,480,E, ,SH 16,201413149,23/05/2014,Fri,1740,FA,CW1C,130A 427A 801 ,,R,W,DO,L , , ,N,100,0,0,1,,,1751712,5917906
Auckland,WATFORD ST,50,S, ,NEWBURY ST,201412236,28/04/2014,Mon,1220,PD,CS1E,722B ,,R,D,B ,F , ,N,C,50,0,0,2,11,,1766720,5907875
Auckland,WATLING ST,50,W, ,FERRYHILL ROAD,201436216,07/04/2014,Mon,300,CC,CE1,129A 130A ,JP,R,W,DO,F , , ,C,50,0,0,0,,,1756994,5915415
Auckland,WATTLE FARM ROAD,70,E, ,RANGER PLACE,201442717,03/09/2014,Wed,1745,EA,CE1C,129A ,M,R,D,OF,F , ,N,C,50,0,0,0,,,1768614,5898916
Auckland,WAYBY VALLEY ROAD,20,N, ,ROBERTSON ROAD,201445067,11/10/2014,Sat,708,BE,CN1T,125A 197A 330A ,,R,W,B ,F , ,N,C,100,0,0,0,,,1739237,5979895
Auckland,WAYBY VALLEY ROAD,500,N, ,SH 1N,201440621,24/07/2014,Thu,650,EC,CS1,195A 912 ,W,R,W,DN,F , , ,C,100,0,0,0,,,1738956,5978899
Auckland,WAYBY VALLEY ROAD,800,N, ,WILSON ROAD,201411827,27/03/2014,Thu,1230,DA,CS1,410A ,CF,E,D,BN,F , ,N,C,100,0,0,1,,,1740348,5981953
Auckland,WEATHERLY ROAD,, ,I,CERAMCO PLACE,201432921,27/02/2014,Thu,1544,LB,CW1C,303B 352B ,,R,D,B ,F ,T,N,C,50,0,0,0,,,1755013,5936527
Auckland,WELDENE AVENUE,, ,I,DIANA DRIVE,201447249,24/06/2014,Tue,1019,FB,4S1C,181A 331A ,,R,D,B ,F ,T,G,C,50,0,0,0,,,1754552,5928528
Auckland,WELDENE AVENUE,, ,I,HOGANS ROAD,201417522,19/11/2014,Wed,825,BB,CE2C,124A 363A 902 ,,E,D,BF,F ,T,G,C,50,0,0,1,,,1753762,5928889
Auckland,WELLESLEY OFF EBD,100,S, ,WELLESLEY ST BRIDGE,201438952,27/06/2014,Fri,655,FD,VN1C,110A 331A 350A ,,R,W,DO,L , ,N,N,50,0,0,0,,,1757672,5919666
Auckland,WELLESLEY OFF NBD,220,W, ,SH 1N,201431751,14/02/2014,Fri,941,FD,TW1C,111A 331A ,,M,D,BF,F , ,N,N,80,0,0,0,,,1757255,5918894
Auckland,WELLESLEY OFF NBD,, ,I,WELLESLEY ST BRIDGE,201418853,24/12/2014,Wed,909,JA,CW1C,322A ,,R,D,OF,F ,T,T,R,50,0,0,2,,,1757721,5919763
Auckland,WELLESLEY ST BRIDGE,, ,I,WELLESLEY OFF EBD,201417232,03/10/2014,Fri,234,DA,CN2,103A 111A 131A 801 ,G,S,W,DO,L ,T,T,R,50,0,0,1,,,1757734,5919745
Auckland,WELLESLEY ST BRIDGE,, ,I,WELLESLEY OFF EBD,201410522,21/01/2014,Tue,2128,JA,CW1C,322A 351A ,,E,D,DO,F ,T,T,R,50,0,0,1,,,1757734,5919745
Auckland,WELLESLEY ST EAST,, ,I,LORNE ST,201442151,20/08/2014,Wed,1152,JA,CE14,301B ,,E,D,O ,F ,T,S,R,50,0,0,0,,,1757380,5920188
Auckland,WELLESLEY ST EAST,50,E, ,PRINCES ST W,201444661,02/10/2014,Thu,1810,FD,CN1V,331A 359A ,,R,D,B ,F , ,N,C,50,0,0,0,,,1757590,5919959
Auckland,WELLESLEY ST WEST,20,W, ,ALBERT ST,201437090,07/05/2014,Wed,1924,AO,XW1C,129A ,,R,D,DO,F ,X,T,C,50,0,0,0,,,1757133,5920284
Auckland,WELLESLEY ST WEST,50,S, ,DRAKE ST,201441055,22/07/2014,Tue,1805,MF,BN1V,371B ,,R,D,DO,F , ,N,C,50,0,0,0,,,1756606,5920484
Auckland,WELLESLEY ST WEST,20,E, ,ELLIOTT ST,201439259,09/06/2014,Mon,1716,MO,CE1C,371A ,,R,W,DF,L , , ,N,50,0,0,0,,,1757249,5920240
Auckland,WELLESLEY ST WEST,, ,I,ELLIOTT ST,201414303,09/06/2014,Mon,1545,NA,ME1E,370A 711B 801 841 ,,R,W,O ,L ,T,T,C,50,0,0,2,27,,1757230,5920247
Auckland,WELLESLEY ST WEST,5,E, ,HOBSON ST,201446143,19/10/2014,Sun,730,NB,CW1E,713B ,,R,D,B ,F ,X,T,C,50,0,0,0,,,1756994,5920336
Auckland,WELLESLEY ST WEST,, ,I,HOBSON ST,201438865,19/06/2014,Thu,2357,FF,CE1C,181A 420B ,,R,D,DO,F ,X,T,C,50,0,0,0,,,1756989,5920338
Auckland,WELLESLEY ST WEST,, ,I,HOBSON ST,201448484,25/11/2014,Tue,2330,FE,CE1C,181A ,,R,D,DO,F ,T,T,L,50,0,0,0,,,1756989,5920338
Auckland,WELLESLEY ST WEST,, ,I,MAYORAL DRIVE,201433605,15/02/2014,Sat,1042,MO,BW1C,129A 386A ,,R,D,B ,F ,X,T,C,50,0,0,0,,,1757152,5920277
Auckland,WELLESLEY ST WEST,, ,I,NELSON ST,201435239,22/04/2014,Tue,2045,LB,MW1C,201B 303B ,,R,D,DO,F ,X,T,C,50,0,0,0,,,1756853,5920389
Auckland,WELLESLEY ST WEST,, ,I,NELSON ST,201435342,29/03/2014,Sat,2200,FE,CW1C,386A ,,R,D,DO,F ,X,T,C,50,0,0,0,,,1756853,5920389
Auckland,WELLESLEY ST WEST,, ,I,NELSON ST,201439307,28/06/2014,Sat,705,FE,4E1C,103A 181A ,,R,W,B ,F ,X,T,C,50,0,0,0,,,1756853,5920389
Auckland,WELLESLEY ST WEST,, ,I,QUEEN ST,201444977,01/10/2014,Wed,1200,GF,4N1C,172A 381A ,,R,D,B ,F ,X,T,C,50,0,0,0,,,1757315,5920216
Auckland,WELLESLEY ST WEST,40,W, ,SALE ST,201438818,05/07/2014,Sat,335,GD,CW1C,181A 333A 929 ,,R,W,DO,L ,D,N,C,50,0,0,0,,,1756686,5920452
Auckland,WELLESLEY ST WEST,, ,I,SALE ST,201435407,30/04/2014,Wed,1730,MC,CE1C,372B ,,R,D,TO,F , ,N,P,50,0,0,0,,,1756723,5920438
Auckland,WELLESLEY ST WEST,, ,I,VICTORIA ST WEST,201439606,20/06/2014,Fri,2320,FE,CN1C,181A 387A ,,R,D,DO,F ,T,T,C,50,0,0,0,,,1756593,5920535
Auckland,WELLESLEY ST WEST,50,S, ,VICTORIA ST WEST W,201432070,09/01/2014,Thu,835,LB,CN1C,303B 314B 375B 927 ,,R,D,BF,F ,D, ,C,50,0,0,0,,,1756581,5920494
Auckland,WELLINGTON ON NBD,170,N, ,WELLINGTON ST,201438402,17/06/2014,Tue,1109,FE,CN1V,112A 331A ,,R,W,O ,F , ,T,N,100,0,0,0,,,1756404,5920151
Auckland,WELLINGTON ST,5,W, ,COLLINGWOOD ST,201449888,15/12/2014,Mon,1015,EA,CE1B,358A ,M,R,D,BF,F ,T,G,R,50,0,0,0,,,1755963,5920156
Auckland,WELLINGTON ST,, ,I,DUKE ST,201413239,22/05/2014,Thu,1248,HA,CS2C,302A 375A ,S,R,D,B ,F ,X,G,C,50,0,0,1,,,1772568,5896008
Auckland,WELLINGTON ST,50,S, ,ELLIOT ST,201433894,02/04/2014,Wed,2005,EA,CS1CC,103A 129A ,M,R,D,DO,F , , ,C,50,0,0,0,,,1771571,5914325
Auckland,WELLINGTON ST,, ,I,GRATTAN PLACE,201410783,08/02/2014,Sat,324,FD,4W1CC,103A 331A ,,R,D,DO,F ,T,N,C,50,0,0,1,,,1756021,5920136
Auckland,WELLINGTON ST,100,E, ,HEPBURN ST,201433117,21/03/2014,Fri,1800,MD,CW1C,308B 371B 930 ,,R,D,B ,F ,D,N,L,50,0,0,0,,,1756283,5920048
Auckland,WELLINGTON ST,50,W, ,HOWE ST,201435968,17/04/2014,Thu,1645,FD,CW1C,181A 331A ,,R,D,BF,F , ,N,C,50,0,0,0,,,1756322,5920034
Auckland,WELLINGTON ST,, ,I,HOWE ST,201411910,18/02/2014,Tue,1900,NF,CS2E,383A ,,R,D,BF,F ,T,G,C,50,0,0,1,35,,1756369,5920018
Auckland,WELLINGTON ST,, ,I,HOWE ST,201445078,16/10/2014,Thu,2130,JA,CW1C,302B 375B ,,E,D,DO,F ,T,G,R,50,0,0,0,,,1756369,5920018
Auckland,WELLINGTON ST,, ,I,HOWE ST,201441057,26/06/2014,Thu,1715,JA,CW1C,302B 423B ,,E,D,DO,F ,T,G,C,50,0,0,0,,,1756369,5920018
Auckland,WELLINGTON ST,250,N, ,NELSON ST,201418786,26/11/2014,Wed,1547,EA,CS1CC,112A 130A 198A ,MM,R,D,B ,F , , ,C,50,0,0,1,,,1771810,5914855
Auckland,WELLINGTON ST,20,E, ,PRATT ST,201433735,07/02/2014,Fri,1215,FD,CW1V,181A ,,R,D,O ,F , , ,C,50,0,0,0,,,1756111,5920105
Auckland,WELLINGTON ST,30,E, ,WELLINGTON ON NBD,201432754,24/02/2014,Mon,1755,AA,CW1C,372A ,,R,D,B ,F , , ,R,50,0,0,0,,,1756495,5919999
Auckland,WERANUI ROAD,2220,W, ,JERVIS ROAD,201416328,01/10/2014,Wed,1915,BB,CN1C,111A 123A ,,M,D,DN,F , ,N,N,100,0,0,1,,,1749954,5954704
Auckland,WESLEY ST,100,E, ,EDINBURGH ST,201441778,12/08/2014,Tue,1710,JA,CW1C,308B 377B 929 ,,R,W,O ,L ,D,N,C,50,0,0,0,,,1768822,5881034
Auckland,WESLEY ST,, ,I,QUEEN ST,201439705,13/05/2014,Tue,1830,HA,4W1C,302A 375A ,,R,D,DO,F ,R,G,R,50,0,0,0,,,1768719,5881051
Auckland,WEST COAST ROAD,30,W, ,BOWERS ROAD,201417933,06/12/2014,Sat,1901,LB,4W1C,303B 925 ,,R,D,B ,F ,D,N,C,50,0,0,2,,,1747373,5913711
Auckland,WEST COAST ROAD,100,W, ,BOWERS ROAD,201439361,25/06/2014,Wed,1820,MC,CE1C,110B 135B 308B 901 ,,R,W,DO,H ,D,N,C,50,0,0,0,,,1747314,5913748
Auckland,WEST COAST ROAD,, ,I,BOWERS ROAD,201432185,16/01/2014,Thu,1900,KB,CS1C,302B 386B ,,R,D,O ,F ,T,T,C,80,0,0,0,,,1747398,5913695
Auckland,WEST COAST ROAD,, ,I,BOWERS ROAD,201430581,23/01/2014,Thu,740,AA,CE1C,184A ,,E,D,B ,F ,T,T,C,50,0,0,0,,,1747398,5913695
Auckland,WEST COAST ROAD,, ,I,BOWERS ROAD,201438736,04/07/2014,Fri,700,LB,CW1C,303B 353B 375B ,,R,W,DO,HS,T,T,C,50,0,0,0,,,1747398,5913695
Auckland,WEST COAST ROAD,, ,I,BOWERS ROAD,201438777,11/04/2014,Fri,1130,FA,CN2C,181A 330A ,,R,W,OF,L ,T,T,P,50,0,0,0,,,1747398,5913695
Auckland,WEST COAST ROAD,, ,I,BOWERS ROAD,201439319,05/06/2014,Thu,2015,LB,CW1V,322B ,,R,W,DO,L ,T,T,C,50,0,0,0,,,1747398,5913695
Auckland,WEST COAST ROAD,, ,I,BOWERS ROAD,201411616,24/03/2014,Mon,630,LB,CW1C,303B 375B 404B ,,R,D,DO,F ,T,T,C,50,0,0,2,,,1747398,5913695
Auckland,WEST COAST ROAD,15,W, ,CAPTAIN SCOTT ROAD,201411136,23/02/2014,Sun,1912,FD,CE14C,331A 331B 350B 817 ,,R,D,O ,F , , ,L,50,0,1,0,,,1747252,5913776
Auckland,WEST COAST ROAD,15,W, ,CAPTAIN SCOTT ROAD,201436857,22/05/2014,Thu,1615,AA,4E1C,372A 381A ,,R,D,O ,F , , ,C,50,0,0,0,,,1747252,5913776
Auckland,WEST COAST ROAD,, ,I,CAPTAIN SCOTT ROAD,201446163,17/08/2014,Sun,1750,LB,CW1C,103B 303B ,,R,D,TF,F ,T,S,C,50,0,0,0,,,1747267,5913773
Auckland,WEST COAST ROAD,50,N, ,CARTER ROAD,201410567,14/02/2014,Fri,730,CC,CN1,129A 358A ,T,R,W,OF,F , ,N,N,70,0,0,1,,,1743871,5913266
Auckland,WEST COAST ROAD,100,N, ,CASCADE AVENUE,201410432,27/01/2014,Mon,901,BF,CN1B,111A 132A ,,S,D,B ,F , , ,C,70,0,0,1,,,1740771,5911572
Auckland,WEST COAST ROAD,50,S, ,CASCADE AVENUE,201417560,24/11/2014,Mon,1905,BF,CN14,111A 131A ,,M,W,TN,L , ,N,C,70,0,0,4,,,1740791,5911426
Auckland,WEST COAST ROAD,120,S, ,CASCADE AVENUE,201431277,03/03/2014,Mon,1029,DB,VN1,131A ,X,S,D,OF,F , ,N,C,50,0,0,0,,,1740795,5911361
Auckland,WEST COAST ROAD,170,S, ,CASCADE AVENUE,201414845,18/06/2014,Wed,1129,BF,CN1T,111A 131A ,,S,W,BF,F , ,N,C,50,0,0,1,,,1740746,5911360
Auckland,WEST COAST ROAD,5,E, ,GLENDALE ROAD,201417568,19/11/2014,Wed,2200,NG,CW1E,341A 715B ,,E,D,DO,F ,X,T,L,50,0,0,1,41,,1747059,5913844
Auckland,WEST COAST ROAD,15,W, ,GLENDALE ROAD,201416759,17/10/2014,Fri,1735,FD,CE1C,181A 358A ,,R,D,O ,F , , ,C,50,0,0,1,,,1747041,5913852
Auckland,WEST COAST ROAD,20,W, ,GLENDALE ROAD,201437995,31/01/2014,Fri,1340,LB,CW1C,303B 375B 930 ,,R,D,B ,F ,D,N,P,50,0,0,0,,,1747036,5913854
Auckland,WEST COAST ROAD,120,W, ,GLENDALE ROAD,201437124,05/06/2014,Thu,1210,GD,CW1C,331A 927 ,,R,D,BF,F ,D,N,C,80,0,0,0,,,1746946,5913896
Auckland,WEST COAST ROAD,, ,I,GLENDALE ROAD,201417561,12/11/2014,Wed,720,NA,VE1E,713B ,,R,W,OF,L ,T,T,C,50,0,0,1,,,1747055,5913846
Auckland,WEST COAST ROAD,, ,I,GLENDALE ROAD,201449835,16/12/2014,Tue,1630,FE,CE1C,181A ,,R,D,ON,F ,T,T,C,50,0,0,0,,,1747055,5913846
Auckland,WEST COAST ROAD,, ,I,GLENDALE ROAD,201435965,28/04/2014,Mon,1939,LB,CW1CC,303B 375B 103C ,,R,W,DO,L ,T,T,L,50,0,0,0,,,1747055,5913846
Auckland,WEST COAST ROAD,, ,I,GLENGARRY ROAD,201430079,16/02/2014,Sun,1400,KB,400000000000000,302B 375B ,,E,D,BF,F ,T,G,C,50,0,0,0,,,1744942,5914034
Auckland,WEST COAST ROAD,40,W, ,GLENVIEW ROAD,201448031,05/11/2014,Wed,1006,EE,CN1C,374B 384B ,M,R,D,B ,F , , ,C,50,0,0,0,,,1747142,5913808
Auckland,WEST COAST ROAD,, ,I,GLENVIEW ROAD,201416846,29/08/2014,Fri,1924,LB,PE1C,303B 375B ,,R,D,DO,F ,T,T,C,50,0,0,1,,,1747179,5913794
Auckland,WEST COAST ROAD,, ,I,GLENVIEW ROAD,201414484,19/06/2014,Thu,1500,JA,CE14,113A 322A ,,R,W,OF,L ,T,T,C,50,0,0,1,,,1747179,5913794
Auckland,WEST COAST ROAD,, ,I,GLENVIEW ROAD,201448734,05/12/2014,Fri,725,LB,CE1C,303B ,,R,D,O ,F ,T,T,R,50,0,0,0,,,1747179,5913794
Auckland,WEST COAST ROAD,, ,I,GLENVIEW ROAD,201449692,28/11/2014,Fri,2215,LB,4E1C,323B 330B 402B ,,E,D,DO,F ,T,T,R,50,0,0,0,,,1747179,5913794
Auckland,WEST COAST ROAD,100,S, ,GREAT NORTH ROAD,201440768,18/06/2014,Wed,1519,KA,CS1C,308B 925 ,,R,D,B ,F ,D,N,C,50,0,0,0,,,1748177,5913934
Auckland,WEST COAST ROAD,20,N, ,JANET CLEWS PLACE,201432676,30/03/2014,Sun,1145,AA,CN1C,181A 372A ,,R,D,B ,F , ,N,C,50,0,0,0,,,1747506,5913628
Auckland,WEST COAST ROAD,, ,I,JANET CLEWS PLACE,201441117,27/06/2014,Fri,1520,FE,CE1C,331A ,,R,W,OF,L ,X,T,C,60,0,0,0,,,1747523,5913617
Auckland,WEST COAST ROAD,20,E, ,KAMARA ROAD,201435123,01/01/2014,Wed,1635,AC,CW1C,103A 150A 372A ,,R,D,O ,F , ,N,P,50,0,0,0,,,1746088,5913982
Auckland,WEST COAST ROAD,60,E, ,KAMARA ROAD,201444081,09/09/2014,Tue,850,AC,CE1C,381A ,,R,D,BF,F , ,N,C,50,0,0,0,,,1746127,5913992
Auckland,WEST COAST ROAD,, ,I,KAMARA ROAD,201436737,20/05/2014,Tue,1840,JA,CW1C,301B 375B ,,R,D,DO,F ,T,S,P,50,0,0,0,,,1746069,5913977
Auckland,WEST COAST ROAD,70,N, ,KAURI LOOP ROAD N,201449476,16/11/2014,Sun,320,DA,CN1,101A 131A 357A ,C,M,D,DN,F , , ,C,80,0,0,0,,,1742799,5912583
Auckland,WEST COAST ROAD,30,E, ,PARRS CROSS ROAD,201433841,24/03/2014,Mon,825,AC,CW1C,184A ,,R,D,B ,F , , ,C,50,0,0,0,,,1745082,5914075
Auckland,WEST COAST ROAD,, ,I,PARRS CROSS ROAD,201443673,27/07/2014,Sun,1837,LB,CE1C,302A ,,E,D,DO,F ,R,G,R,50,0,0,0,,,1745054,5914086
Auckland,WEST COAST ROAD,, ,I,PARRS CROSS ROAD,201432199,04/02/2014,Tue,1948,FB,CW1C,181A 330A ,,R,D,TO,F ,R,G,R,50,0,0,0,,,1745059,5914084
Auckland,WEST COAST ROAD,, ,I,PARRS CROSS ROAD,201446504,05/10/2014,Sun,1000,AC,CW1C,159A 197B ,P,R,D,B ,F ,R,G,R,50,0,0,0,,,1745046,5914082
Auckland,WEST COAST ROAD,, ,I,PLEASANT ROAD,201433685,29/03/2014,Sat,1018,JA,4W1C,197A 301B 375B ,,E,D,BF,F ,T,S,R,50,0,0,0,,,1747725,5913483
Auckland,WEST COAST ROAD,, ,I,PLEASANT ROAD,201448467,03/11/2014,Mon,1600,DB,VE1,195A ,KP,E,D,BF,F ,T,N,C,50,0,0,0,,,1747725,5913483
Auckland,WEST COAST ROAD,, ,I,PLEASANT ROAD,201432806,22/02/2014,Sat,1619,LB,BW1C,303B ,,M,D,B ,F ,T,G,C,50,0,0,0,,,1747725,5913483
Auckland,WEST COAST ROAD,30,W, ,ROSIER ROAD,201439770,18/06/2014,Wed,831,AA,CE1C,372A 402A ,,R,D,BF,F , , ,C,50,0,0,0,,,1746206,5914011
Auckland,WEST COAST ROAD,30,S, ,RUA ROAD,201433145,07/03/2014,Fri,1410,FD,CN1C,111A 331A ,,S,D,B ,F , , ,C,50,0,0,0,,,1747914,5913597
Auckland,WEST COAST ROAD,30,S, ,RUA ROAD,201433692,14/04/2014,Mon,740,BE,CN1V,112A 130A 402A ,,R,W,OF,F , ,N,C,50,0,0,0,,,1747914,5913597
Auckland,WEST COAST ROAD,, ,I,RUA ROAD,201430563,27/01/2014,Mon,1700,KA,CW1C,372B 929 ,,R,D,B ,F ,D,N,C,50,0,0,0,,,1747932,5913620
Auckland,WEST COAST ROAD,50,E, ,SH 16,201413112,10/05/2014,Sat,1450,FD,MS1MM,181A 331A 387A 130B 130C ,,E,D,B ,F , , ,C,100,0,1,1,,,1730518,5958739
Auckland,WEST COAST ROAD,2090,E, ,SH 16,201417519,12/11/2014,Wed,1415,DA,40,111A 131A ,FV,M,W,ON,LS, ,N,C,100,0,0,1,,,1732294,5959360
Auckland,WEST COAST ROAD,4200,E, ,SH 16,201417994,21/12/2014,Sun,1145,DA,ME1,131A ,FK,M,D,B ,F , , ,C,100,0,0,1,,,1734300,5959539
Auckland,WEST COAST ROAD,15,E, ,SWAN HILL DRIVE,201441122,26/07/2014,Sat,1510,AC,4W1C,381A ,,R,D,OF,F , ,N,P,50,0,0,0,,,1746722,5913979
Auckland,WEST COAST ROAD,50,E, ,SWAN HILL DRIVE,201447294,13/10/2014,Mon,2130,FA,CE1C,181A 817 ,,R,D,DO,F , , ,N,80,0,0,0,,,1746753,5913963
Auckland,WEST COAST ROAD,120,W, ,SWAN HILL DRIVE,201412068,24/04/2014,Thu,1659,FD,TW1C,112A 181A ,,R,D,TF,F , ,N,C,50,0,0,1,,,1746597,5914023
Auckland,WEST COAST ROAD,, ,I,TUI CRESCENT,201410047,06/01/2014,Mon,740,MB,SE1C,197A 378B ,,M,D,B ,F ,T,N,C,70,0,0,1,,45,1740963,5911586
Auckland,WEST COAST ROAD,50,E, ,WAIKAUKAU ROAD,201434185,07/04/2014,Mon,800,JA,TE1C,308B 375B 929 ,,R,D,B ,F ,D, ,C,50,0,0,0,,,1745875,5913967
Auckland,WEST COAST ROAD,80,N, ,WESTWARD HO,201437370,10/05/2014,Sat,2155,KB,MN1C,308B 375B 925 ,,R,D,DO,F ,D,N,C,50,0,0,0,,,1748185,5913945
Auckland,WEST COAST ROAD,50,S, ,WESTWARD HO,201446031,31/07/2014,Thu,2200,CB,CN1,410A ,KP,R,D,DO,F , , ,C,50,0,0,0,,,1748090,5913824
Auckland,WEST COAST ROAD,, ,I,WESTWARD HO,201410433,16/01/2014,Thu,1205,DB,CW14,103A 131A ,M,R,D,O ,F ,R,G,R,50,0,0,1,,,1748142,5913862
Auckland,WEST COAST ROAD,50,W, ,WOODBANK DRIVE,201410786,07/04/2014,Mon,820,FD,CE1C,181A 330A 102B 191B ,,R,D,B ,F , ,N,C,50,0,0,1,,,1745544,5913955
Auckland,WEST COAST ROAD S,30,W, ,PARKER ROAD,201413240,15/05/2014,Thu,2132,DA,VW1,103A 111A 131A ,T,M,D,DN,M , ,N,C,80,0,0,1,,,1743559,5912877
Auckland,WEST END ROAD,50,W, ,FIFE ST,201446152,21/08/2014,Thu,220,CB,CW14,101A 110A 358A 801 ,M,R,W,DO,L , , ,C,50,0,0,0,,,1753500,5920176
Auckland,WEST END ROAD,120,E, ,GARNET ROAD,201444734,28/08/2014,Thu,2353,CC,CE1,129A ,F,R,D,DO,F , ,N,C,50,0,0,0,,,1753240,5920047
Auckland,WEST END ROAD,200,S, ,JERVOIS ROAD,201415772,16/09/2014,Tue,1816,FD,PS1C,181A ,,R,W,DO,L , ,N,C,50,0,0,1,,,1754131,5920424
Auckland,WEST END ROAD,370,S, ,JERVOIS ROAD,201438147,21/05/2014,Wed,2030,DA,CS1,131A ,FP,E,W,DO,F , ,N,C,50,0,0,0,,,1753985,5920340
Auckland,WEST HOE HEIGHTS,, ,I,WEST HOE ROAD,201447160,05/11/2014,Wed,850,FB,CS1C,331A 801 ,,R,W,O ,L ,T,G,C,50,0,0,0,,,1750860,5950087
Auckland,WEST LYNN ROAD,150,E, ,TITIRANGI ROAD,201450509,10/11/2014,Mon,1620,MO,CE1,371A 929 ,C,R,D,B ,F ,D,N,N,50,0,0,0,,,1748172,5912338
Auckland,WEST ROAD,200,E, ,BROOKBY ROAD,201449200,09/12/2014,Tue,1700,DB,TW1,111A 131A ,C,M,W,O ,H , , ,N,100,0,0,0,,,1777661,5904592
Auckland,WEST ROAD,10,E, ,TYLDENS ROAD,201449296,05/09/2014,Fri,536,CC,CW1,410A 414A ,GV,R,D,DN,L ,T,G,C,100,0,0,0,,,1779216,5903355
Auckland,WEST ROAD,1000,E, ,TYLDENS ROAD,201449295,04/09/2014,Thu,2305,DA,CW1,111A 131A ,E,M,W,DN,L , , ,C,100,0,0,0,,,1780177,5903118
Auckland,WEST ROAD,500,N, ,TYLDENS ROAD,201411234,15/02/2014,Sat,950,DB,CS1,101A 131A ,JV,M,D,B ,F , , ,C,100,0,0,1,,,1778754,5903548
Auckland,WEST ROAD,290,W, ,TYLDENS ROAD,201437823,28/04/2014,Mon,2159,DA,CW1,131A 620A ,CV,M,W,DN,L , ,N,C,100,0,0,0,,,1778924,5903425
Auckland,WEST ST,20,E, ,HARRINGTON AVENUE,201416111,12/09/2014,Fri,1245,FD,CE1CC,331A 501A ,,R,D,B ,F , , ,C,50,0,0,1,,,1768688,5881186
Auckland,WEST ST,, ,I,HELVETIA ROAD,201447558,27/08/2014,Wed,1120,FB,CN1C,181A 331A ,,R,D,O ,F ,R,G,C,50,0,0,0,,,1768185,5880863
Auckland,WEST TAMAKI ROAD,, ,I,ASHBY AVENUE,201411834,24/03/2014,Mon,836,JA,CE1C,302B 375B ,,E,D,BF,F ,T,G,P,50,0,0,2,,,1765752,5917984
Auckland,WEST TAMAKI ROAD,10,E, ,COURTLAND AVENUE,201417360,12/11/2014,Wed,855,LB,SE1C,303B 375B 402B 930 ,,R,D,B ,F ,D, ,C,50,0,0,1,,57,1766944,5917989
Auckland,WEST TAMAKI ROAD,, ,I,TANIWHA ST,201416012,31/07/2014,Thu,810,JA,MW1C,302B 375B ,,E,D,B ,F ,T,G,C,50,0,0,1,,,1767045,5917972