TLANAME,CRASHROAD,CRASHDIST,CRASHDIRN,INTSN,SIDEROAD,CRASHID,CRASHDATE,CRASHDOW,CRASHTIME,MVMT,VEHICLES,CAUSES,OBJECTSSTRUCK,ROADCURVE,ROADWET,LIGHT,WTHRa,JUNCTYPE,TRAFCTRL,ROADMARK,SPDLIM,CRASHFATALCNT,CRASHSEVCNT,CRASHMINCNT,PERSAGE1,PERSAGE2,EASTING,NORTHING
Auckland,WESTERN SPRINGS ROAD,, ,I,MOUNTAIN VIEW ROAD,201434289,12/03/2014,Wed,1213,LB,CE1C,303B 370B ,,R,D,B ,F ,T,N,C,50,0,0,0,,,1754372,5917758
Auckland,WESTGATE DRIVE,10,W, ,CABERNET CRESCENT,201415188,29/08/2014,Fri,1248,CB,CW1C,501A ,M,R,D,B ,F ,T,G,C,50,0,0,1,,,1743520,5923452
Auckland,WESTGATE DRIVE,80,W, ,FERNHILL DRIVE,201434499,16/04/2014,Wed,1440,EA,CE1C,129A ,M,R,D,O ,F , , ,C,50,0,0,0,,,1743646,5923518
Auckland,WESTMINSTER ST,70,W, ,ROSEVILLE ST,201412185,21/05/2014,Wed,140,DB,CE1C,103A 131A 410A ,M,E,D,DO,F , , ,C,50,0,0,1,,,1752988,5914318
Auckland,WESTNEY ROAD,15,S, ,KIRKBRIDE ROAD,201442724,02/09/2014,Tue,1545,AC,CN1C,372A ,,R,D,BF,F , ,N,C,50,0,0,0,,,1759577,5906338
Auckland,WESTNEY ROAD,, ,I,KIRKBRIDE ROAD,201433279,19/02/2014,Wed,1745,FB,CN1C,181A ,,R,D,BF,F ,T,S,C,50,0,0,0,,,1759584,5906351
Auckland,WESTNEY ROAD,, ,I,KIRKBRIDE ROAD,201434358,11/04/2014,Fri,1425,FB,CN1C,331A ,,R,W,O ,L ,T,G,C,40,0,0,0,,,1759584,5906351
Auckland,WESTNEY ROAD,150,N, ,MONTGOMERIE ROAD,201414760,30/07/2014,Wed,1124,LB,CN1C,303B 375B 927 ,,R,D,O ,F ,D, ,C,50,0,0,2,,,1759187,5905629
Auckland,WESTWARD HO,180,N, ,WEST COAST ROAD,201436518,15/04/2014,Tue,1045,MO,TS1C,371A ,M,R,D,O ,F , , ,C,50,0,0,0,,,1747989,5913997
Auckland,WEYMOUTH ROAD,130,S, ,BLANES ROAD,201413921,03/04/2014,Thu,110,CC,CS1,101A 112A ,T,R,D,DO,F , , ,C,50,0,1,0,,,1765732,5898402
Auckland,WEYMOUTH ROAD,60,W, ,BOWATER PLACE,201415770,17/09/2014,Wed,1401,CC,CW1C,129A 197A ,FT,R,D,OF,F , ,N,P,50,0,0,1,,,1768274,5900571
Auckland,WEYMOUTH ROAD,50,W, ,CASTLEFINN DRIVE,201442379,25/07/2014,Fri,1920,DA,CE1,103A 129A ,GS,M,W,DO,FF, ,N,C,50,0,0,0,,,1766447,5899817
Auckland,WEYMOUTH ROAD,30,E, ,CHURCHILL AVENUE,201415077,17/08/2014,Sun,1442,FD,CE1CC,181A 181B ,,R,D,O ,F , , ,C,50,0,0,1,,,1768520,5900675
Auckland,WEYMOUTH ROAD,, ,I,COXHEAD ROAD,201442191,22/08/2014,Fri,719,JA,CW1V,302B 377B ,,R,D,B ,F ,T,G,C,50,0,0,0,,,1768082,5900493
Auckland,WEYMOUTH ROAD,180,N, ,DAMIAN WAY,201430635,03/02/2014,Mon,2037,MC,CS1C,372B 402B ,,R,D,DO,F , ,N,C,50,0,0,0,,,1766304,5899697
Auckland,WEYMOUTH ROAD,, ,I,GLENVEAGH PARK DRIVE,201448629,25/11/2014,Tue,805,MO,VS1C,330A 371A 302B 330B ,,R,W,O ,  ,T,G,N,50,0,0,0,,,1766645,5899897
Auckland,WEYMOUTH ROAD,, ,I,GREAT SOUTH ROAD,201418216,08/11/2014,Sat,1910,JO,CE1C,129A ,,E,D,OO,F ,T,G,C,50,0,0,1,,,1768916,5900839
Auckland,WEYMOUTH ROAD,50,S, ,HANAN PLACE,201418050,02/12/2014,Tue,851,BA,CS1C,129A 358A ,,R,D,BF,F , ,N,C,50,0,1,1,,,1766141,5899344
Auckland,WEYMOUTH ROAD,150,E, ,JOHN WALKER DRIVE,201444453,04/08/2014,Mon,925,MC,CE1C,101A 112A 402A 381B ,,R,D,B ,F , , ,C,50,0,0,0,,,1766701,5899919
Auckland,WEYMOUTH ROAD,, ,I,MCKEAN AVENUE,201448042,06/11/2014,Thu,845,LB,4E1C,303B ,,R,D,B ,F ,T,G,C,50,0,0,0,,,1767883,5900410
Auckland,WEYMOUTH ROAD,, ,I,RUSSELL ROAD,201430630,04/02/2014,Tue,2000,JC,CS1V,302A 111B 131B ,,M,D,O ,F ,T,G,R,50,0,0,0,,,1768430,5900636
Auckland,WEYMOUTH ROAD,80,W, ,SELWYN ROAD,201435630,04/05/2014,Sun,51,EA,CW1C,129A 130A ,M,R,D,DO,F , , ,C,50,0,0,0,,,1768525,5900677
Auckland,WEYMOUTH ROAD,, ,I,SELWYN ROAD,201440663,09/07/2014,Wed,1030,HA,CS2CC,197A 302A 350A ,M,M,D,B ,F ,R,G,C,50,0,0,0,,,1768602,5900719
Auckland,WEYMOUTH ROAD,, ,I,TAITIMU DRIVE,201444755,22/08/2014,Fri,830,GD,4S1C,331A 351A ,,R,D,BN,F ,T,G,C,50,0,0,0,,,1766069,5899256
Auckland,WEYMOUTH ROAD,60,W, ,WORDSWORTH ROAD,201412099,30/04/2014,Wed,650,CB,CE1,102A 130A 410A ,P,R,D,TF,F , ,N,C,50,0,0,1,,,1767587,5900286
Auckland,WHAKARITE ROAD,20,N, ,WAITAI ROAD,201448474,20/11/2014,Thu,1200,QD,CS1,428A ,BF,R,D,BF,F , ,N,C,50,0,0,0,,,1782710,5925939
Auckland,WHANGAPARAOA ROAD,80,E, ,BEVERLEY ROAD,201431240,19/01/2014,Sun,1230,GA,CE1C,181A 929 ,,R,D,BF,F ,D,N,P,50,0,0,0,,,1754849,5944911
Auckland,WHANGAPARAOA ROAD,50,W, ,BRIGHTSIDE ROAD,201437369,08/05/2014,Thu,510,DB,CE1,131A ,C,E,W,DO,H , ,N,C,50,0,0,0,,,1754203,5945180
Auckland,WHANGAPARAOA ROAD,100,W, ,BRIGHTSIDE ROAD,201432765,12/03/2014,Wed,1200,GA,CW1C,181A 929 ,T,R,D,B ,F ,D, ,C,50,0,0,0,,,1754153,5945182
Auckland,WHANGAPARAOA ROAD,120,S, ,CROWN ROAD,201430053,03/01/2014,Fri,1106,EA,CS1C,129A 350A ,M,R,D,BF,F , ,N,C,50,0,0,0,,,1758231,5945234
Auckland,WHANGAPARAOA ROAD,50,W, ,CROWN ROAD,201410078,01/02/2014,Sat,2336,DB,CN1,103A 111A 131A ,FP,E,D,DO,F , , ,C,50,0,1,0,,,1758245,5945303
Auckland,WHANGAPARAOA ROAD,15,W, ,DOBELL ROAD,201430957,21/01/2014,Tue,715,EA,CE1TC,101A 129A ,M,E,D,OF,L ,T,N,C,50,0,0,0,,,1753740,5945681
Auckland,WHANGAPARAOA ROAD,, ,I,DOBELL ROAD,201440905,12/08/2014,Tue,712,JA,CE1C,302B 375B ,,R,W,OF,H ,T,G,C,50,0,0,0,,,1753753,5945672
Auckland,WHANGAPARAOA ROAD,20,S, ,DOYLY DRIVE,201448746,30/11/2014,Sun,1818,DB,VW1,131A 801 ,K,M,W,O ,L , , ,P,50,0,0,0,,,1753983,5945413
Auckland,WHANGAPARAOA ROAD,50,S, ,DOYLY DRIVE,201441743,26/07/2014,Sat,2315,DA,CS1,131A 363A ,,M,D,DO,F , , ,L,50,0,0,0,,,1753998,5945387
Auckland,WHANGAPARAOA ROAD,5,E, ,FISHERMANS COVE,201416327,28/09/2014,Sun,1710,NB,CE1E,713B ,,R,D,B ,F ,T,N,C,50,0,0,1,,,1760366,5947434
Auckland,WHANGAPARAOA ROAD,80,E, ,HIBISCUS COAST HIGHWAY,201411030,19/02/2014,Wed,803,FD,CW1CC,181A 331A 353A 181B 331B 353B ,,E,D,B ,F , , ,C,60,0,0,1,,,1750780,5946657
Auckland,WHANGAPARAOA ROAD,, ,I,HIBISCUS COAST HIGHWAY,201431486,24/01/2014,Fri,1710,MG,CW1C,371B ,,R,D,BF,F ,X,T,C,50,0,0,0,,,1750709,5946689
Auckland,WHANGAPARAOA ROAD,50,N, ,HIWI CRESCENT,201412895,07/05/2014,Wed,1640,BE,MN1C,132A ,,R,W,O ,F , , ,P,50,0,1,0,,,1754934,5944845
Auckland,WHANGAPARAOA ROAD,, ,I,HIWI CRESCENT,201414784,04/08/2014,Mon,820,BE,CS1T,501A ,,R,D,O ,F ,T,G,C,50,0,0,1,,,1754969,5944809
Auckland,WHANGAPARAOA ROAD,, ,I,HIWI CRESCENT,201433363,09/03/2014,Sun,900,CB,CS1,136A 631A ,C,R,W,BF,F ,T,N,C,50,0,0,0,,,1754969,5944809
Auckland,WHANGAPARAOA ROAD,160,W, ,HOMESTEAD ROAD,201440256,28/06/2014,Sat,135,EA,CN1C,129A 801 ,FM,R,W,DO,L , , ,C,50,0,0,0,,,1756341,5944021
Auckland,WHANGAPARAOA ROAD,, ,I,KAREPIRO DRIVE,201417523,19/11/2014,Wed,919,JA,CW1C,301B 375B ,,E,D,BF,F ,T,S,C,50,0,0,1,,,1755595,5944237
Auckland,WHANGAPARAOA ROAD,300,E, ,LADIES MILE,201431328,09/01/2014,Thu,1600,GA,VE1C,181A 333A 929 ,,R,D,BF,F ,D,N,P,50,0,0,0,,,1757015,5943543
Auckland,WHANGAPARAOA ROAD,50,W, ,LADIES MILE,201434716,26/04/2014,Sat,2047,CA,CE1,103A 359A ,G,R,D,DO,F , ,N,P,50,0,0,0,,,1756730,5943744
Auckland,WHANGAPARAOA ROAD,, ,I,LINK CRESCENT,201439551,18/06/2014,Wed,1800,AO,CE1V,129A ,,R,D,DO,F ,T,G,P,50,0,0,0,,,1756028,5944184
Auckland,WHANGAPARAOA ROAD,15,N, ,MATAI ROAD,201447737,16/11/2014,Sun,850,QD,CS1C,428A ,M,E,D,B ,F , , ,C,50,0,0,0,,,1755463,5944385
Auckland,WHANGAPARAOA ROAD,30,N, ,MATAI ROAD,201411620,26/02/2014,Wed,851,EA,CN1V,129A 350A ,Q,R,D,OF,F , ,N,P,50,0,0,1,,,1755454,5944396
Auckland,WHANGAPARAOA ROAD,40,W, ,MATHESON ROAD,201411797,27/03/2014,Thu,1829,DB,VE1,131A ,GIK,E,D,B ,F , , ,R,60,0,1,0,,,1752661,5946862
Auckland,WHANGAPARAOA ROAD,60,W, ,PALMGREEN COURT,201442687,04/10/2014,Sat,1040,KB,CE1C,308B 375B 926 ,,R,D,BF,F ,D,N,C,50,0,0,0,,,1755933,5944191
Auckland,WHANGAPARAOA ROAD,100,E, ,PANORAMA COURT,201437368,15/05/2014,Thu,1815,AO,VE1T,381A ,,R,D,DO,F , ,N,C,60,0,0,0,,,1750975,5946649
Auckland,WHANGAPARAOA ROAD,50,N, ,PENTON ROAD,201416294,13/10/2014,Mon,1405,EA,CE1T,129A ,M,R,D,B ,F , , ,C,50,0,0,1,,,1755248,5944608
Auckland,WHANGAPARAOA ROAD,40,S, ,PENTON ROAD,201411525,25/02/2014,Tue,1541,JA,CN1444,308B 375B 927 ,EM,R,D,BF,F ,D,N,C,50,0,0,1,,,1755316,5944549
Auckland,WHANGAPARAOA ROAD,300,N, ,POPLAR ROAD,201451061,27/11/2014,Thu,1310,AO,TN1V,184A 184B ,,R,D,BF,F , ,N,P,50,0,0,0,,,1753205,5946482
Auckland,WHANGAPARAOA ROAD,, ,I,RAWHITI ROAD,201417566,14/11/2014,Fri,1806,LB,CN1MC,302A ,,R,D,TF,F ,R,G,R,50,0,0,1,,,1757715,5944603
Auckland,WHANGAPARAOA ROAD,400,E, ,RED BEACH ROAD,201450173,24/12/2014,Wed,1340,FD,CE14,181A 331A 402A ,,E,D,B ,F , , ,C,60,0,0,0,,,1752563,5946913
Auckland,WHANGAPARAOA ROAD,, ,I,RED BEACH ROAD,201413731,29/05/2014,Thu,844,FE,4W14,181A 403A ,,R,D,BF,F ,X,T,C,60,0,0,1,,,1752197,5946930
Auckland,WHANGAPARAOA ROAD,, ,I,RED BEACH ROAD,201431241,25/01/2014,Sat,1849,FE,CW14,331A ,,M,D,OF,F ,T,T,C,50,0,0,0,,,1752197,5946930
Auckland,WHANGAPARAOA ROAD,, ,I,RED BEACH ROAD,201418056,22/11/2014,Sat,1327,FE,VE1C,181A ,,R,D,BF,F ,X,T,C,50,0,0,1,,,1752197,5946930
Auckland,WHANGAPARAOA ROAD,250,W, ,SHAKESPEAR ROAD,201414684,25/07/2014,Fri,920,DA,CE1,110A 131A 407A 800 ,F,M,W,O ,F , , ,C,50,0,0,2,,,1760951,5947651
Auckland,WHANGAPARAOA ROAD,160,N, ,SIESTA TERRACE,201411826,10/03/2014,Mon,1320,DB,CS1,524A ,X,E,D,BF,F , ,N,C,50,0,0,2,,,1759781,5947411
Auckland,WHANGAPARAOA ROAD,5,E, ,TAWHANA CRESCENT,201414685,24/07/2014,Thu,706,BA,MW1T,110A 151A 929 ,,R,D,B ,F ,D, ,C,60,0,1,0,,,1751357,5946739
Auckland,WHANGAPARAOA ROAD,, ,I,TINDALLS BAY ROAD,201445170,09/09/2014,Tue,958,KB,VS1C,302B 375B ,,M,D,B ,F ,T,G,L,50,0,0,0,,,1758178,5944941
Auckland,WHANGAPARAOA ROAD,400,N, ,TIRI ROAD,201413026,03/05/2014,Sat,2117,EA,CS1C,129A 352A ,M,R,D,DO,F , ,N,C,50,0,0,1,,,1757697,5944578
Auckland,WHANGAPARAOA ROAD,50,S, ,VIPOND ROAD,201442512,02/09/2014,Tue,900,FF,CS1C,357A 512A ,,E,D,BF,F , ,N,C,50,0,0,0,,,1753210,5946568
Auckland,WHANGAPARAOA ROAD,, ,I,VIPOND ROAD,201414888,21/07/2014,Mon,959,JA,CS1C,322A ,,R,D,BF,F ,T,T,C,50,0,0,4,,,1753220,5946617
Auckland,WHANGAPARAOA ROAD,, ,I,VIPOND ROAD,201433208,24/02/2014,Mon,1814,BE,CS1C,501A ,,R,D,BF,F ,T,T,C,60,0,0,0,,,1753220,5946617
Auckland,WHANGAPARAOA ROAD,, ,I,WADE RIVER ROAD,201440387,20/06/2014,Fri,1055,DA,CE2C,131A 358A ,I,E,D,B ,F ,T,T,R,50,0,0,0,,,1756350,5944007
Auckland,WHANGAPARAOA ROAD,, ,I,WADE RIVER ROAD E,201439129,02/05/2014,Fri,1050,FE,CS1C,181A 334A 191B ,,R,D,O ,F ,M,T,C,50,0,0,0,,,1756350,5944007
Auckland,WHANGARIPO VALLEY ROAD,500,N, ,MILLETT ROAD N,201417266,29/10/2014,Wed,1915,DA,4N1,101A 131A 412A 801 ,V,E,W,DN,L , , ,C,100,0,0,1,,,1744526,5983463
Auckland,WHANGARIPO VALLEY ROAD,400,E, ,RUSTYBROOK ROAD,201415668,14/09/2014,Sun,1230,FA,VE1C,181A 140B 191B ,,M,D,B ,F , ,N,C,100,0,0,1,,,1738295,5982272
Auckland,WHANGARIPO VALLEY ROAD,, ,I,TOMARATA VALLEY ROAD,201417925,01/12/2014,Mon,830,JA,4E1C,302B ,,E,D,O ,F ,T,G,C,100,0,0,1,,,1741074,5983670
Auckland,WHANGARIPO VALLEY ROAD,, ,I,WAITEITEI ROAD,201414821,23/05/2014,Fri,1310,DA,MN1,131A ,V,M,D,ON,F ,T,G,C,100,0,1,0,,,1740724,5983560
Auckland,WHARANGI ST,100,S, ,PRINCES ST,201449048,20/12/2014,Sat,1709,EA,CS1C,129A ,M,R,W,BF,L , ,N,N,50,0,0,0,,,1758498,5911801
Auckland,WHARF ROAD,300,W, ,ABBOTLEIGH AVENUE,201448736,07/11/2014,Fri,2315,DC,CW1,103A 330A ,KT,R,D,DO,F , , ,N,50,0,0,0,,,1746516,5922538
Auckland,WHARF ROAD,, ,I,BELGIUM ST,201444395,21/09/2014,Sun,1325,LB,CS1C,321A 335A 801 ,,E,W,O ,L ,T,S,C,50,0,0,0,,,1782345,5925864
Auckland,WHARF ROAD,20,W, ,GILL AVENUE,201441050,28/07/2014,Mon,1830,EA,CE1C,129A 363A 902 ,M,R,D,BF,F , ,N,C,50,0,0,0,,,1747471,5922548
Auckland,WHARF ROAD,, ,I,MATIPO ROAD,201417708,16/11/2014,Sun,1747,CC,CW1V,103A 129A ,MP,R,D,B ,F ,T,G,C,50,0,0,1,,,1746766,5922531
Auckland,WHARF ROAD,60,N, ,MURITAI ROAD,201439301,20/06/2014,Fri,2142,CB,CN1,103A 134A ,GT,R,D,DN,F , ,N,C,50,0,0,0,,,1782567,5926123
Auckland,WHARF ROAD,, ,I,PUTIKI ROAD,201435484,19/04/2014,Sat,1006,GD,CN1T,181A 330A 191B ,,R,W,B ,F ,T,N,C,50,0,0,0,,,1782184,5925652
Auckland,WHEATLEY AVENUE,50,W, ,TI RAKAU DRIVE,201437040,26/05/2014,Mon,2130,EA,CE1C,129A ,M,R,D,DO,F , , ,N,50,0,0,0,,,1767305,5912137
Auckland,WHETURANGI ROAD,50,S, ,ATARANGI ROAD,201431574,15/01/2014,Wed,2208,CA,CS1C,101A 130A ,M,R,D,DO,F , , ,R,50,0,0,0,,,1759823,5915271
Auckland,WHITAKER PLACE,, ,I,CINTRA PLACE,201436350,28/03/2014,Fri,1830,EA,CS1C,129A ,M,R,D,TO,F ,T,N,N,50,0,0,0,,,1757465,5919584
Auckland,WHITAKER ROAD,100,W, ,MILL LANE,201440502,15/07/2014,Tue,1430,BE,4W14,352A ,,R,D,B ,F , , ,C,50,0,0,0,,,1749116,5970297
Auckland,WHITAKER ROAD,100,W, ,MILL LANE,201431867,13/02/2014,Thu,1200,EA,CW1C,129A 501A ,M,R,D,BN,F , ,N,C,50,0,0,0,,,1749116,5970297
Auckland,WHITE HERON DRIVE,60,S, ,GRANVILLE DRIVE,201411591,23/02/2014,Sun,1442,BB,CN1C4,129A 359A ,M,E,D,BF,F , ,N,N,50,0,0,2,,,1744856,5922904
Auckland,WHITE SWAN ROAD,, ,I,ELLIS AVENUE,201416222,10/09/2014,Wed,1140,HA,CW14C,301B ,,R,D,B ,F ,X,S,C,50,0,0,1,,,1753494,5913053
Auckland,WHITE SWAN ROAD,, ,I,HILLSBOROUGH ROAD,201448450,02/10/2014,Thu,1904,JA,CE1C,321B 353B 375B ,,E,W,OF,L ,T,S,R,50,0,0,0,,,1753034,5912486
Auckland,WHITE SWAN ROAD,100,S, ,KIMBER HALL AVENUE,201448491,07/11/2014,Fri,1845,FD,CN1C,181A ,,R,D,BF,F , ,N,C,50,0,0,0,,,1753172,5912660
Auckland,WHITE SWAN ROAD,15,E, ,LYNBROOKE AVENUE,201415079,14/08/2014,Thu,1609,NA,CW1E,713B ,,R,W,O ,L , , ,X,50,0,0,1,16,,1752577,5912403
Auckland,WHITE SWAN ROAD,20,E, ,LYNBROOKE AVENUE,201446442,23/10/2014,Thu,1530,FD,CW1C,181A ,,R,D,BF,F , ,N,X,50,0,0,0,,,1752582,5912404
Auckland,WHITE SWAN ROAD,100,E, ,LYNBROOKE AVENUE,201438704,19/06/2014,Thu,645,AC,CE1C,372A ,,R,W,OF,F , ,N,C,50,0,0,0,,,1752660,5912419
Auckland,WHITE SWAN ROAD,30,N, ,RICHARDSON ROAD,201446889,25/10/2014,Sat,1730,AC,CN1V,381A ,,R,D,B ,F , ,N,C,80,0,0,0,,,1753901,5913414
Auckland,WHITE SWAN ROAD,20,S, ,RICHARDSON ROAD,201445849,08/10/2014,Wed,1825,KB,VN1C,308B 375B 927 ,,R,D,TF,F ,D,N,C,50,0,0,0,,,1753908,5913420
Auckland,WHITE SWAN ROAD,30,S, ,RICHARDSON ROAD,201441259,20/07/2014,Sun,1220,KB,CN1C,308A 375A 927 ,,R,D,B ,F ,D, ,C,50,0,0,0,,,1753901,5913414
Auckland,WHITE SWAN ROAD,300,S, ,RICHARDSON ROAD,201418495,11/12/2014,Thu,120,DB,CS1CC,103A 111A 131A 801 ,M,E,W,DO,L , , ,C,50,0,0,1,,,1753697,5913237
Auckland,WHITFORD PARK ROAD,100,N, ,ARA-KOTINGA,201450197,30/11/2014,Sun,1405,CC,CN1,133A 433A ,T,R,D,B ,F , , ,C,100,0,0,0,,,1777178,5906184
Auckland,WHITFORD PARK ROAD,, ,I,BROOKBY ROAD,201443119,26/08/2014,Tue,820,JA,TN2C,301B ,,E,D,B ,F ,T,S,L,100,0,0,0,,,1777275,5906157
Auckland,WHITFORD PARK ROAD,400,S, ,SANDSTONE ROAD,201412748,03/05/2014,Sat,400,DB,CS1,410A ,ST,E,D,DN,F , ,N,C,70,0,0,1,,,1775238,5908483
Auckland,WHITFORD PARK ROAD,, ,I,SANDSTONE ROAD,201431356,25/02/2014,Tue,1552,LB,CW1C,303B 375B ,,R,D,BF,F ,T,G,C,70,0,0,0,,,1775069,5908845
Auckland,WHITFORD PARK ROAD,200,S, ,WHITFORD-MARAETAI ROAD,201436615,20/04/2014,Sun,2224,DA,CN1,130A 631A ,T,M,W,DN,F , ,N,C,70,0,0,0,,,1774867,5909168
Auckland,WHITFORD ROAD,430,N, ,BROOMFIELDS ROAD,201414411,12/07/2014,Sat,2040,DA,CN1,111A 131A ,CFT,M,W,DN,L , ,N,C,80,0,0,1,,,1772900,5910431
Auckland,WHITFORD ROAD,870,N, ,BROOMFIELDS ROAD,201433649,03/01/2014,Fri,1220,DA,CN1,131A 402A ,V,E,D,B ,F , , ,C,80,0,0,0,,,1772600,5910745
Auckland,WHITFORD ROAD,1260,N, ,BROOMFIELDS ROAD,201410585,08/02/2014,Sat,809,BF,CN1C,111A 131A ,,M,W,ON,H , ,N,C,80,0,2,0,,,1772553,5911123
Auckland,WHITFORD ROAD,20,S, ,EDGAR PEARCE PLACE,201411519,06/03/2014,Thu,1130,CC,CN1C,350A ,M,R,D,BF,F , ,N,C,50,0,0,1,,,1771863,5913553
Auckland,WHITFORD ROAD,260,N, ,GRIGGS ROAD,201444493,13/09/2014,Sat,2200,DA,CN1,103A 131A ,V,E,W,DN,L , , ,C,80,0,0,0,,,1773281,5909993
Auckland,WHITFORD ROAD,, ,A,MAUNGAMAUNGAROA BR,201418733,15/11/2014,Sat,1440,BF,CE14,131A ,,S,D,O ,F , , ,C,80,0,1,2,,,1772375,5911756
Auckland,WHITFORD ROAD,70,S, ,MILLHOUSE DRIVE,201437172,22/05/2014,Thu,830,FD,CN14,181A ,,R,D,OF,F , ,N,C,50,0,0,0,,,1771729,5912916
Auckland,WHITFORD ROAD,, ,I,MILLHOUSE DRIVE,201439748,02/07/2014,Wed,1000,HA,CN2C,302A ,,M,W,OF,L ,R,G,L,50,0,0,0,,,1771660,5912964
Auckland,WHITFORD ROAD,2000,E, ,POINT VIEW DRIVE,201418045,03/11/2014,Mon,1030,DB,4N1,131A ,P,M,W,OF,L , ,N,C,80,0,0,2,,,1772744,5910558
Auckland,WHITFORD ROAD,310,S, ,POINT VIEW DRIVE,201432536,08/02/2014,Sat,824,DA,CN1,134A 135A 806 ,T,E,W,O ,F , ,N,C,80,0,0,0,,,1771885,5912286
Auckland,WHITFORD ROAD,800,S, ,POINT VIEW DRIVE,201443677,30/08/2014,Sat,1510,DB,VN1,131A 801 ,P,M,W,O ,L , , ,C,80,0,0,0,,,1772418,5911620
Auckland,WHITFORD ROAD,1000,S, ,POINT VIEW DRIVE,201412502,15/03/2014,Sat,1500,DA,CN1C,131A 801 ,,E,W,O ,L , , ,C,80,0,2,0,,,1772383,5911427
Auckland,WHITFORD ROAD,1100,S, ,POINT VIEW DRIVE,201450152,21/12/2014,Sun,617,DA,CN1,131A 801 ,ET,M,W,O ,L , , ,C,100,0,0,0,,,1772407,5911330
Auckland,WHITFORD ROAD,25,W, ,POINT VIEW DRIVE,201446145,24/10/2014,Fri,830,FD,CE1C,181A ,,R,D,B ,F , , ,P,50,0,0,0,,,1772115,5912118
Auckland,WHITFORD ROAD,670,E, ,SOMERVILLE ROAD,201443986,02/07/2014,Wed,1125,DA,CN14,111A 131A ,FHM,M,W,OF,L , ,N,C,80,0,0,0,,,1772392,5911736
Auckland,WHITFORD ROAD,240,N, ,SOMERVILLE ROAD,201436596,10/05/2014,Sat,1500,BF,CN14,111A 131A 402A ,,M,D,B ,F , , ,P,80,0,0,0,,,1771942,5912246
Auckland,WHITFORD ROAD,80,S, ,SOMERVILLE ROAD,201438916,19/06/2014,Thu,1921,DB,VN1,131A ,C,M,W,OF,L , ,N,C,80,0,0,0,,,1772201,5912030
Auckland,WHITFORD ROAD,170,S, ,SOMERVILLE ROAD,201431368,03/03/2014,Mon,752,DA,XN1,111A 131A ,V,S,W,OF,L , ,N,C,60,0,0,0,,,1772203,5911940
Auckland,WHITFORD ROAD,1400,S, ,SOMERVILLE ROAD,201431246,08/02/2014,Sat,926,DA,CS1,135A 801 ,F,M,W,ON,H , ,N,C,80,0,0,0,,,1772571,5911107
Auckland,WHITFORD ROAD,1400,S, ,SOMERVILLE ROAD,201443958,06/07/2014,Sun,2310,BC,CN1C,121A 137B ,V,M,D,DN,F , ,N,C,80,0,0,0,,,1772571,5911107
Auckland,WHITFORD ROAD,180,E, ,WADES ROAD,201417494,15/11/2014,Sat,2211,DA,40,101A 131A ,T,E,W,DN,L , ,N,L,80,0,0,1,,,1774250,5909469
Auckland,WHITFORD ROAD,200,E, ,WADES ROAD,201447731,15/11/2014,Sat,1735,DA,TE1,111A 131A ,G,E,W,O ,L , , ,C,80,0,0,0,,,1774262,5909453
Auckland,WHITFORD ROAD,500,E, ,WADES ROAD,201446551,16/10/2014,Thu,2115,FA,CW1C,181A 191B ,,M,D,DN,F , , ,C,80,0,0,0,,,1774549,5909487
Auckland,WHITFORD ROAD,220,W, ,WADES ROAD,201446160,23/10/2014,Thu,900,DB,CE1,137A ,E,E,D,B ,F , , ,C,80,0,0,0,,,1773874,5909476
Auckland,WHITFORD ROAD,400,W, ,WHITFORD PARK ROAD,201447734,16/10/2014,Thu,2112,DB,CW1,111A 131A ,,M,D,TN,F , , ,C,80,0,0,0,,,1774634,5909591
Auckland,WHITFORD ROAD,700,N, ,WHITFORD-MARAETAI ROAD,201430514,05/01/2014,Sun,1503,DB,CN1,111A 131A ,CK,M,W,O ,L , , ,C,80,0,0,0,,,1774398,5909432
Auckland,WHITFORD ROAD,, ,I,WHITFORD-MARAETAI ROAD,201444551,20/09/2014,Sat,800,DA,CW1,131A ,T,M,W,O ,L ,R,G,R,60,0,0,0,,,1774864,5909391
Auckland,WHITFORD-MARAETAI ROAD,100,S, ,BEACHLANDS ROAD,201434096,12/04/2014,Sat,800,BC,CN1,130A 410A ,PS,R,D,B ,F , ,N,C,50,0,0,0,,,1779347,5915315
Auckland,WHITFORD-MARAETAI ROAD,, ,I,BEACHLANDS ROAD,201431805,04/03/2014,Tue,1800,FB,4N1C,181A ,,R,D,BF,F ,R,G,R,50,0,0,0,,,1779349,5915409
Auckland,WHITFORD-MARAETAI ROAD,150,N, ,CLIFTON ROAD,201415076,14/08/2014,Thu,1850,CB,CS1,130A 358A ,P,R,W,DN,L , , ,C,100,0,0,2,,,1777187,5910243
Auckland,WHITFORD-MARAETAI ROAD,730,N, ,CLIFTON ROAD,201435001,11/04/2014,Fri,1530,DA,CS1,110A 134A ,,M,W,B ,F , ,N,C,80,0,0,0,,,1777446,5910759
Auckland,WHITFORD-MARAETAI ROAD,5,S, ,CLIFTON ROAD,201441394,26/07/2014,Sat,550,AC,CN14,357A 434A 512A ,,M,D,DO,F ,T,G,P,80,0,0,0,,,1777114,5910106
Auckland,WHITFORD-MARAETAI ROAD,50,S, ,CLIFTON ROAD,201449201,24/11/2014,Mon,1620,BF,CS1C,111A 131A 800 ,,E,W,O ,M , , ,P,80,0,0,0,,,1777089,5910069
Auckland,WHITFORD-MARAETAI ROAD,, ,I,CLIFTON ROAD,201447990,28/11/2014,Fri,1500,JA,4N14,301B 375B ,,E,D,B ,F ,T,S,P,80,0,0,0,,,1777117,5910110
Auckland,WHITFORD-MARAETAI ROAD,100,N, ,HENSON ROAD,201434496,07/02/2014,Fri,2316,DA,CN1,111A 131A 800 901 ,V,S,W,DN,H , , ,C,100,0,0,0,,,1777640,5911463
Auckland,WHITFORD-MARAETAI ROAD,880,S, ,OKARORO DRIVE,201439755,23/05/2014,Fri,1420,BF,CS1CC,111A 131A 197B 197C ,,M,D,ON,F , , ,C,80,0,0,0,,,1778625,5913527
Auckland,WHITFORD-MARAETAI ROAD,1300,S, ,OKARORO DRIVE,201412883,28/04/2014,Mon,343,DA,VS1,111A 131A 801 830 ,F,M,W,DO,L , , ,C,100,0,0,1,,,1778794,5913152