TLANAME,CRASHROAD,CRASHDIST,CRASHDIRN,INTSN,SIDEROAD,CRASHID,CRASHDATE,CRASHDOW,CRASHTIME,MVMT,VEHICLES,CAUSES,OBJECTSSTRUCK,ROADCURVE,ROADWET,LIGHT,WTHRa,JUNCTYPE,TRAFCTRL,ROADMARK,SPDLIM,CRASHFATALCNT,CRASHSEVCNT,CRASHMINCNT,PERSAGE1,PERSAGE2,EASTING,NORTHING
Auckland,WHITFORD-MARAETAI ROAD,300,E, ,TRIG ROAD E,201447049,26/09/2014,Fri,300,DB,CE1,101A 131A ,FX,E,D,DN,F , ,N,L,80,0,0,0,,,1777175,5910221
Auckland,WHITFORD-MARAETAI ROAD,100,N, ,TRIG ROAD E,201442165,04/08/2014,Mon,1030,DA,TN1,131A 927 ,,S,D,B ,F ,D,N,P,80,0,0,0,,,1777072,5910050
Auckland,WHITFORD-MARAETAI ROAD,160,N, ,TRIG ROAD W,201443686,20/08/2014,Wed,900,DB,CN1,131A 801 ,F,M,W,O ,L , , ,C,80,0,0,0,,,1775601,5909784
Auckland,WHITFORD-MARAETAI ROAD,230,W, ,TRIG ROAD W,201441172,30/07/2014,Wed,611,DA,CE1,131A ,V,E,W,DO,L , ,N,C,80,0,0,0,,,1775226,5909729
Auckland,WHITFORD-MARAETAI ROAD,120,N, ,WAIKOPUA ROAD,201450932,24/11/2014,Mon,1340,LB,CS1CCC,303B 927 ,,E,D,B ,F ,D, ,C,100,0,0,0,,,1777994,5911740
Auckland,WHITFORD-MARAETAI ROAD,15,E, ,WHITFORD WHARF ROAD,201437719,10/06/2014,Tue,1417,MF,CE1V,371A 370B 801 ,,R,W,O ,L , , ,C,50,0,0,0,,,1774895,5909367
Auckland,WHITFORD-MARAETAI ROAD S,490,S, ,HENSON ROAD,201414218,30/07/2014,Wed,1730,CA,MS1,132A 151A ,T,R,D,TN,F , ,N,C,100,0,0,1,,,1777445,5910791
Auckland,WHITMORE ROAD,20,S, ,RICHARDSON ROAD,201441414,15/07/2014,Tue,728,EA,CN1C,129A 350A ,M,R,D,B ,F , ,N,N,50,0,0,0,,,1755508,5912029
Auckland,WHITNEY ST,, ,I,DUNDALE AVENUE,201445073,19/10/2014,Sun,1654,JA,CS1C,302B 353B ,,R,D,B ,F ,T,G,C,50,0,0,0,,,1752207,5913376
Auckland,WHITNEY ST,, ,I,MARGATE ROAD,201442738,20/08/2014,Wed,720,HA,CS1C,302A 375A ,,E,W,OF,F ,R,G,R,50,0,0,0,,,1752199,5913545
Auckland,WICKMAN WAY,10,N, ,GARUS AVENUE,201441039,24/07/2014,Thu,827,MD,VN1C,371B 925 ,,R,D,OF,F ,T,T,C,50,0,0,0,,,1761548,5907696
Auckland,WICKMAN WAY,50,N, ,GARUS AVENUE,201446864,13/11/2014,Thu,2105,MO,4E1C,371A 926 ,,R,D,B ,F ,D,N,C,50,0,0,0,,,1761565,5907732
Auckland,WICKMAN WAY,30,S, ,GARUS AVENUE,201435047,16/04/2014,Wed,832,MG,CS14,371B ,,R,D,O ,F , ,N,C,40,0,0,0,,,1761532,5907659
Auckland,WICKMAN WAY,30,W, ,GARUS AVENUE,201445356,30/08/2014,Sat,1400,CB,CE1,104A 410A ,T,R,W,O ,L , , ,C,50,0,0,0,,,1761532,5907659
Auckland,WICKMAN WAY,20,E, ,TANNOCK PLACE,201410663,24/02/2014,Mon,1550,AO,CW1S,150A 351A 512A ,,R,D,B ,F , ,N,C,50,0,0,2,,,1762023,5907905
Auckland,WICKMAN WAY,100,S, ,TENNESSEE AVENUE,201444451,23/07/2014,Wed,1330,MO,CS1C,350A 371A 514A ,,E,D,B ,F , , ,C,50,0,0,0,,,1762132,5907990
Auckland,WICKMAN WAY,, ,I,YATES ROAD,201413689,15/06/2014,Sun,1310,LB,CW1C,303B ,,R,D,O ,F ,T,G,C,50,0,0,3,,,1761926,5907897
Auckland,WIDMORE DRIVE,, ,I,MOIRE ROAD,201439505,01/06/2014,Sun,948,JC,CW14,301A ,,R,D,B ,F ,T,S,C,50,0,0,0,,,1744623,5922541
Auckland,WILKINSON ROAD,200,S, ,GAVIN ST,201432809,16/02/2014,Sun,1809,JA,CS1C,308B 926 ,,S,D,B ,F ,D,N,C,50,0,0,0,,,1761515,5914357
Auckland,WILKINSON ROAD,, ,I,GAVIN ST,201416461,09/10/2014,Thu,2056,JA,CS1C,302B 375B 861 ,,R,D,DF,F ,T,G,C,50,0,0,1,,,1761633,5914518
Auckland,WILKS ROAD,, ,I,POSTMAN ROAD,201433873,05/04/2014,Sat,636,DC,CN2,335A 904 ,F,E,D,DN,M ,T,G,C,80,0,0,0,,,1748056,5942942
Auckland,WILKS ROAD WEST,600,W, ,DAIRY FLAT HIGHWAY,201413084,31/03/2014,Mon,1200,QD,4S1E,428A 929 ,,R,D,BN,F ,D,N,N,50,0,1,0,69,,1746660,5943866
Auckland,WILLCOTT ST,20,N, ,BENFIELD AVENUE,201435379,02/05/2014,Fri,1700,EA,CN1C,129A 130A ,M,R,D,O ,F , , ,N,50,0,0,0,,,1752618,5916558
Auckland,WILLCOTT ST,, ,I,CARRINGTON ROAD,201432866,23/03/2014,Sun,1020,GD,CS2C,331A ,,R,D,B ,F ,T,G,C,50,0,0,0,,,1752761,5916718
Auckland,WILLIAM PICKERING DRIVE,20,S, ,PIERMARK DRIVE,201439543,09/06/2014,Mon,1900,EA,CN1C,129A ,M,R,W,O ,H , , ,C,50,0,0,0,,,1751764,5931669
Auckland,WILLIAM PICKERING DRIVE,, ,I,RIDE WAY,201432198,05/02/2014,Wed,1720,LB,CN1CC,303B 375B ,,R,D,B ,F ,T,G,P,50,0,0,0,,,1752026,5931375
Auckland,WILLIAMSON AVENUE,, ,I,ARIKI ST,201413847,13/06/2014,Fri,1929,HA,CN2S,301A 375A ,,R,D,DO,F ,X,S,C,50,0,1,0,,34,1755435,5919095
Auckland,WILLIAMSON AVENUE,, ,I,DRYDEN ST,201412962,06/05/2014,Tue,820,HA,CW14,301B ,,R,W,O ,L ,X,S,N,50,0,0,1,,,1755033,5918791
Auckland,WILLIAMSON AVENUE,, ,I,GROSVENOR ST,201413114,14/05/2014,Wed,8,CB,4N1CCC,103A 112A 130A 801 ,FM,R,W,DO,L ,X,S,R,50,0,0,1,,,1755273,5918973
Auckland,WILLIAMSON AVENUE,20,E, ,LEIGHTON ST,201446491,16/10/2014,Thu,1835,MA,CE1C,373B ,,R,D,BF,F , ,N,P,50,0,0,0,,,1755532,5919166
Auckland,WILLIAMSON AVENUE,100,N, ,MACKELVIE ST,201418195,19/12/2014,Fri,2315,NF,CS1E,103A 370A 724B 922 ,,R,D,DO,F ,D, ,C,50,0,0,1,36,,1755838,5919395
Auckland,WILLIAMSON AVENUE,, ,I,MILLAIS ST,201412167,06/05/2014,Tue,920,HA,PE1C,301B ,,R,D,B ,F ,X,S,C,50,0,0,1,,,1755435,5919095
Auckland,WILLIAMSON AVENUE,, ,I,POLLEN ST,201412328,03/04/2014,Thu,1554,JA,MW1C,301B 377B ,,R,D,B ,F ,T,S,P,50,0,1,0,,,1755838,5919395
Auckland,WILLIAMSON AVENUE,, ,I,POLLEN ST,201444862,16/11/2014,Sun,1259,FD,CS1C,181A ,,R,D,BF,F ,T,N,C,50,0,0,0,,,1755838,5919395
Auckland,WILLIAMSON AVENUE,10,S, ,PONSONBY ROAD,201438346,19/05/2014,Mon,841,FE,CN1C,331A 363A 902 ,,R,D,B ,F ,X,T,C,50,0,0,0,,,1755931,5919466
Auckland,WILLIAMSON AVENUE,, ,I,ROSE ROAD,201441895,01/08/2014,Fri,835,LB,CN1C,303B 377B ,,R,D,O ,F ,T,S,R,50,0,0,0,,,1755894,5919437
Auckland,WILLIS ROAD,, ,I,ALPHA ST,201411695,25/03/2014,Tue,1617,NA,VE1E,105B 711B ,,E,D,OF,F ,T,G,C,50,0,0,1,,,1773261,5896434
Auckland,WILLIS ROAD,, ,I,CLEVEDON ROAD,201437159,28/05/2014,Wed,1200,FB,CW1C,181A ,,R,D,BF,F ,R,G,R,50,0,0,0,,,1773201,5896435
Auckland,WILLIS ROAD,150,W, ,EDMUND HILLARY AVENUE,201442074,28/07/2014,Mon,900,EA,CE1C,129A ,M,R,D,BF,F , ,N,C,50,0,0,0,,,1773520,5896473
Auckland,WILLIS ROAD,, ,I,LAURIE AVENUE,201438506,17/06/2014,Tue,655,KB,CE1C,302B 375B 801 ,,R,W,OO,L ,T,G,C,50,0,0,0,,,1773743,5896509
Auckland,WILLIS ROAD,, ,I,LAURIE AVENUE,201431584,26/01/2014,Sun,12,DC,CN24,103A 112A 130A ,HKX,R,D,DO,F ,T,N,N,50,0,0,0,,,1773743,5896509
Auckland,WILMAY AVENUE,, ,I,GLEN AVENUE,201416218,29/09/2014,Mon,1847,HA,CW1C,302B ,,R,D,TF,F ,X,G,N,50,0,0,1,,,1765572,5906112
Auckland,WILSON ROAD,5,E, ,CAPTAIN SCOTT ROAD,201446010,16/10/2014,Thu,1225,FB,CW1C,331A ,,R,D,B ,F ,R,G,C,50,0,0,0,,,1747239,5913608
Auckland,WILSON ROAD,, ,I,CAPTAIN SCOTT ROAD,201437123,25/05/2014,Sun,1246,FB,CW1C,181A ,,E,D,OF,F ,R,G,C,50,0,0,0,,,1747239,5913608
Auckland,WILSON ROAD,100,E, ,PULHAM ROAD,201431884,04/02/2014,Tue,1715,BF,CW1C,111A 131A ,,S,D,BN,F , ,N,N,50,0,0,0,,,1750143,5969314
Auckland,WILSON ROAD,4000,W, ,SOUTH HEAD ROAD,201430474,28/01/2014,Tue,1650,BC,CE14,121A 330B ,,E,D,O ,F , ,N,N,80,0,0,0,,,1715125,5950013
Auckland,WILSON WAY,30,S, ,PENROSE ROAD,201442521,09/08/2014,Sat,1028,EA,CN1T,103A ,M,R,D,BF,F , ,N,C,50,0,0,0,,,1763660,5913743
Auckland,WINDMILL ROAD,, ,I,HASBURY AVENUE,201442029,11/07/2014,Fri,1622,KB,CW1C,302B ,,E,D,OF,F ,T,G,C,50,0,0,0,,,1757188,5916137
Auckland,WINGATE ST,, ,I,LARCH ST,201440772,22/07/2014,Tue,740,KB,CE1C,302B ,,R,D,O ,F ,T,G,C,50,0,0,0,,,1750916,5914949
Auckland,WINSCOMBE ST,20,E, ,LAKE ROAD,201411613,13/03/2014,Thu,845,NA,CW1E,713B ,,R,D,OF,F , ,P,C,50,0,0,1,,,1759577,5925263
Auckland,WINTERE ROAD,, ,I,CHARLES ST,201410476,20/01/2014,Mon,1715,JA,SN1C,204A ,,M,D,B ,F ,T,G,N,50,0,0,1,,14,1765975,5907095
Auckland,WINTERE ROAD,300,S, ,HOTEO AVENUE,201443063,05/08/2014,Tue,710,CC,CN1,110A 130A 410A 800 812 ,KTX,R,W,TF,F , , ,C,50,0,0,0,,,1766037,5906693
Auckland,WIREMU ST,20,W, ,DOMINION ROAD,201443895,08/08/2014,Fri,100,MO,CW1C,385A ,M,R,D,DO,F , ,N,C,50,0,0,0,,,1755670,5916143
Auckland,WIREMU ST,50,W, ,DOMINION ROAD,201442071,02/08/2014,Sat,1010,MO,CE1C,341A 929 ,M,R,D,BF,F ,D,N,C,50,0,0,0,,,1755641,5916151
Auckland,WIREMU ST,, ,I,VOLCANIC ST,201441150,09/08/2014,Sat,1830,HA,CE1C,321B 375B ,,R,D,DO,F ,X,S,C,50,0,0,0,,,1755430,5916211
Auckland,WIRI STATION ROAD,10,E, ,ASH ROAD,201437282,09/06/2014,Mon,1725,FE,CW1C,181A ,,R,W,DO,H ,X,T,R,60,0,0,0,,,1765977,5903282
Auckland,WIRI STATION ROAD,130,W, ,DRUCES ROAD,201437279,04/06/2014,Wed,1538,AC,TW1C,372A 671A ,,R, , F,  , ,N,C,50,0,0,0,,,1766856,5903651
Auckland,WIRI STATION ROAD,50,E, ,HOBILL AVENUE,201415629,02/09/2014,Tue,1010,AC,VW1T,331A 358A ,,R,D,O ,F , ,N,P,60,0,0,1,,,1766666,5903564
Auckland,WIRI STATION ROAD,, ,I,LAMBIE DRIVE,201418783,26/12/2014,Fri,1537,DA,CS2CC,501A ,MP,R,D,B ,F ,X,T,R,60,0,0,1,,,1766967,5903715
Auckland,WIRI STATION ROAD,160,E, ,MANA PLACE,201433382,27/03/2014,Thu,1500,FA,CE1C,330A ,,R,D,BF,F , ,N,C,60,0,0,0,,,1766760,5903620
Auckland,WIRI STATION ROAD,, ,I,PLUNKET AVENUE,201449117,27/11/2014,Thu,2205,JA,CE1C,302B 377B ,,R,D,DO,F ,T,G,C,50,0,0,0,,,1766331,5903435
Auckland,WIRI STATION ROAD,, ,I,PLUNKET AVENUE,201438856,28/05/2014,Wed,1845,LB,CE14,303B 375B ,,M,D,DO,F ,T,G,R,70,0,0,0,,,1766331,5903435
Auckland,WIRI STATION ROAD,, ,I,PLUNKET AVENUE,201431607,14/01/2014,Tue,1550,LB,TE1V,303B ,,R,D,B ,F ,T,G,R,50,0,0,0,,,1766331,5903435
Auckland,WIRI STATION ROAD,, ,I,PLUNKET AVENUE,201431729,24/01/2014,Fri,1110,LB,VE1T,303B 387B ,,R,D,B ,F ,T,G,R,50,0,0,0,,,1766331,5903435
Auckland,WIRI STATION ROAD,, ,I,PLUNKET AVENUE,201441014,22/07/2014,Tue,1437,KA,CE1C,302B 375B ,,R,D,BF,F ,T,G,R,60,0,0,0,,,1766331,5903435
Auckland,WIRI STATION ROAD,, ,I,ROSCOMMON ROAD,201440898,26/06/2014,Thu,1440,FB,TW1C,181A ,,E,D,B ,F ,T,G,R,60,0,0,0,,,1765070,5902851
Auckland,WISHART ROAD,800,W, ,INLAND ROAD,201413812,01/06/2014,Sun,905,CB,CS1,130A 402A 412A ,ET,R,D,B ,F , , ,C,100,0,0,1,,,1731183,5937437
Auckland,WISHART ROAD,1280,W, ,INLAND ROAD,201414846,29/06/2014,Sun,1829,DA,4W1,101A 111A 131A ,CFT,E,D,DN,F , ,N,C,100,0,0,1,,,1730800,5937715
Auckland,WITHEFORD DRIVE,, ,I,VALECREST PLACE,201432847,23/02/2014,Sun,1710,JA,CS1C,303B ,,E,D,O ,F ,T,N,N,50,0,0,0,,,1752544,5928154
Auckland,WITHERS ROAD,50,S, ,KAURILANDS ROAD,201446017,14/10/2014,Tue,1743,MO,BN1,386A ,J,R,D,B ,F , , ,C,50,0,0,0,,,1746753,5912515
Auckland,WOBURN ST,, ,I,CRAMOND DRIVE,201441224,28/07/2014,Mon,1737,EA,CN1C,129A 517A ,M,R,D,TF,F ,T,N,N,50,0,0,0,,,1763039,5906174
Auckland,WOLFE ST,20,W, ,FEDERAL ST,201448219,29/11/2014,Sat,1500,EA,CW1C,386A ,M,R,D,B ,F , ,N,C,50,0,0,0,,,1757268,5920891
Auckland,WOLVERTON ST,30,W, ,LANSFORD CRESCENT E,201448405,14/11/2014,Fri,1626,AC,TW1CT,372A ,,R,D,ON,F , ,N,P,50,0,0,0,,,1751390,5914082
Auckland,WOLVERTON ST,, ,I,MIRANDA ST,201430924,25/02/2014,Tue,1415,LB,CW1C,303B 314B 377B ,,R,D,BF,F ,T,S,C,50,0,0,0,,,1751189,5913960
Auckland,WOLVERTON ST,, ,I,MIRANDA ST,201441985,13/08/2014,Wed,1040,LB,CW1C,302B 375B ,,R,D,O ,F ,T,G,C,50,0,0,0,,,1751189,5913960
Auckland,WOLVERTON ST,, ,I,MIRANDA ST,201415622,16/09/2014,Tue,1805,JA,CW1C,301B 321B ,,R,D,O ,F ,T,S,C,50,0,0,1,,,1751189,5913960
Auckland,WOLVERTON ST,, ,I,ST GEORGES ROAD,201432261,15/01/2014,Wed,2250,FE,CN1C,331A 387A 402A ,,R,D,DO,F ,T,T,C,50,0,0,0,,,1751120,5913918
Auckland,WOLVERTON ST,50,E, ,TAYLOR ST,201446535,08/10/2014,Wed,1315,FA,TW1C,181A ,,R,D,B ,F , , ,C,50,0,0,0,,,1750971,5913829
Auckland,WOLVERTON ST,, ,I,ULSTER ROAD,201417877,27/11/2014,Thu,40,BF,CW1C,103A 111A 131A 197B ,,E,D,DO,F ,T,G,P,50,0,0,1,,,1750746,5913719
Auckland,WOOD ST,140,S, ,COLLEGE HILL,201450213,22/12/2014,Mon,1930,MO,CN1C,371A 385A ,M,R,D,BF,F , ,N,N,50,0,0,0,,,1755652,5920460
Auckland,WOODALL PLACE,190,N, ,WAIRAU ROAD,201442702,12/09/2014,Fri,1300,EA,TN1C,129A ,M,R,D,OF,F , ,N,N,50,0,0,0,,,1754779,5929452
Auckland,WOODCOCKS ROAD,90,W, ,CAMPBELL DRIVE,201411221,18/02/2014,Tue,545,DB,CE1,111A 131A 402A ,G,E,D,DF,F , , ,X,50,0,0,1,,,1748451,5969654
Auckland,WOODCOCKS ROAD,640,W, ,CARRAN ROAD,201416337,15/10/2014,Wed,2157,DB,CW1,101A 111A ,TV,E,D,DN,F , ,N,C,100,0,1,0,,,1745530,5969747
Auckland,WOODCOCKS ROAD,100,E, ,FALLS ROAD,201440588,15/07/2014,Tue,910,DA,CE1,111A 131A 404A 904 ,V,M,W,B ,M , , ,C,100,0,0,0,,,1747108,5969626
Auckland,WOODCOCKS ROAD,30,E, ,MASON HEIGHTS,201415333,19/08/2014,Tue,1853,BE,CW1C,125A 137A 404A ,FP,R,D,DN,F , ,N,C,80,0,1,0,,,1747572,5969499
Auckland,WOODCOCKS ROAD,50,E, ,OLD KAIPARA ROAD,201413859,17/06/2014,Tue,735,DA,40,111A 131A 633A 801 ,F,M,W,O ,L , , ,C,100,0,0,1,,,1744399,5969037
Auckland,WOODCOCKS ROAD,50,W, ,SH 1N,201446588,22/10/2014,Wed,1645,JA,VE1C,112A 158A 330A 308B 314B 377B 930 ,,R,D,O ,F ,D,N,C,50,0,0,0,,,1748596,5969753
Auckland,WOODCOCKS ROAD,230,W, ,SH 1N,201447272,10/11/2014,Mon,1730,MC,CW1C,330A 330B 372B ,,R,D,B ,F , , ,C,50,0,0,0,,,1748447,5969653
Auckland,WOODFORD AVENUE,15,W, ,WAIPAREIRA AVENUE,201435888,12/05/2014,Mon,1237,GE,VW1C,387A 929 ,,R,D,BF,F ,D,N,C,50,0,0,0,,,1745425,5918587
Auckland,WOODLANDS PARK ROAD,20,N, ,WAIMA CRESCENT N,201441977,24/08/2014,Sun,2315,BC,CS1C,121A ,,M,D,DN,F , , ,C,50,0,0,0,,,1745888,5910694
Auckland,WOODSIDE ROAD,250,W, ,MOUNT EDEN ROAD,201416009,29/09/2014,Mon,2123,CA,MW1,181A 387A 407A ,,R,W,DO,F , ,N,N,50,0,0,1,,,1756683,5916345
Auckland,WOODSTOCK ROAD,80,S, ,MANUTARA AVENUE,201436278,10/05/2014,Sat,1649,DA,CS1,197A 402A 407A 929 ,F,R,D,O ,F ,D,N,N,50,0,0,0,,,1755802,5930771
Auckland,WOODWARD AVENUE,, ,I,MCINTYRE ROAD,201415677,21/09/2014,Sun,1650,HA,CW2CC,302B 375B 400B ,,R,D,B ,F ,X,G,C,50,0,0,1,,,1758924,5909917
Auckland,WOODWARD ROAD,25,N, ,JERSEY AVENUE,201446011,19/10/2014,Sun,1618,FD,CS1C,181A 331A ,,R,D,B ,F , , ,C,50,0,0,0,,,1752383,5916232
Auckland,WOODWARD ROAD,, ,I,NEW NORTH ROAD,201448468,07/11/2014,Fri,1640,FE,CS1C,331A 359A ,,R,D,BF,F ,X,T,C,50,0,0,0,,,1752402,5916052
Auckland,WOODWARD ROAD,, ,I,NEW NORTH ROAD,201444375,21/09/2014,Sun,155,EC,CS1,103A 130A 645A ,P,R,W,DO,F ,X,T,C,50,0,0,0,,,1752402,5916052
Auckland,WOODWARD ROAD,20,S, ,WILLCOTT ST,201450290,22/12/2014,Mon,2349,EA,CN1C,103A 129A 359A ,M,R,D,DO,F , ,N,L,50,0,0,0,,,1752376,5916303
Auckland,WOOLFIELD ROAD,50,N, ,SWAFFIELD ROAD,201432842,03/03/2014,Mon,1000,MO,CN1C,371A 929 ,M,R,D,O ,F ,D,N,C,50,0,0,0,,,1764566,5906652
Auckland,WORCESTER ROAD,70,S, ,HAWKINS ST,201437087,06/05/2014,Tue,2355,CC,CS1C,104A 130A ,M,R,D,DO,F , , ,N,50,0,0,0,,,1763967,5917881
Auckland,WORDSWORTH ROAD,80,W, ,BEDLINGTON AVENUE,201413788,25/05/2014,Sun,2008,EA,CE1T,103A 410A ,M,R,D,DO,F , ,N,C,50,0,0,1,,,1766900,5900943
Auckland,WORDSWORTH ROAD,10,W, ,JOHN WALKER DRIVE,201431232,02/03/2014,Sun,1607,ME,CW14,371B 925 ,,R,D,BF,F ,D,N,C,50,0,0,0,,,1766446,5900762
Auckland,WORDSWORTH ROAD,60,W, ,PALLANT ST,201441759,16/08/2014,Sat,1858,MO,VE1C,371A 929 ,M,R,D,DO,F ,D,N,C,80,0,0,0,,,1766230,5900674
Auckland,WORDSWORTH ROAD,, ,I,PALLANT ST,201449628,07/12/2014,Sun,1615,GE,CE1C,160A 330A ,,R,D,B ,F ,X,G,C,50,0,0,0,,,1766286,5900696
Auckland,WORDSWORTH ROAD,, ,I,POUTINI PLACE,201413539,28/07/2014,Mon,1635,HA,CN2C,302A ,,R,D,B ,F ,X,G,R,50,0,0,2,,,1766286,5900696
Auckland,WORDSWORTH ROAD,30,E, ,ROSCOMMON ROAD,201415022,11/08/2014,Mon,1029,NA,CW1E,713B ,,R,D,B ,F ,T,G,C,50,0,0,1,24,,1766028,5900592
Auckland,WORDSWORTH ROAD,, ,I,ROWANDALE AVENUE,201415158,20/08/2014,Wed,1647,KB,VW1M,302A 375A 801 ,,R,W,O ,L ,R,G,R,50,0,0,1,,,1766730,5900874
Auckland,WORDSWORTH ROAD,, ,I,ROWANDALE AVENUE,201445395,26/09/2014,Fri,240,DA,CW1,331A ,I,S,D,DO,F ,R,G,R,50,0,0,0,,,1766729,5900867
Auckland,WORDSWORTH ROAD,20,E, ,SWALLOW DRIVE,201432761,15/03/2014,Sat,1335,DA,CE1V,132A 402A 801 ,Q,M,W,O ,L , , ,C,50,0,0,0,,,1767122,5901012
Auckland,WORDSWORTH ROAD,, ,I,SWALLOW DRIVE,201416830,28/08/2014,Thu,1630,JA,ME1C,302B 375B ,,E,D,O ,F ,T,G,P,50,0,0,1,,,1767103,5901019
Auckland,WORDSWORTH ROAD W,, ,I,ROSCOMMON ROAD,201430487,06/02/2014,Thu,1400,FB,CW1V,181A ,,E,D,B ,F ,T,G,C,50,0,0,0,,,1765989,5900577
Auckland,WORKER ROAD,, ,I,HOOD ST,201447159,20/10/2014,Mon,1435,JA,400000000000000,197A 309B 375B ,,R,D,B ,F ,T,N,N,50,0,0,0,,,1736639,5982125
Auckland,WRIGHT ROAD,150,W, ,POINT CHEVALIER ROAD,201416022,19/09/2014,Fri,,JO,4S1S,308A 204B 929 ,,R,D,B ,F ,D,N,C,50,0,0,2,,20,1751652,5919189
Auckland,WYLLIE ROAD,20,N, ,GIFFORD ROAD,201415479,05/09/2014,Fri,805,EA,CN1T,101A 129A 402A ,M,R,W,B ,F , , ,C,50,0,1,1,,,1764406,5904696
Auckland,WYLLIE ROAD,5,S, ,GIFFORD ROAD,201442658,09/07/2014,Wed,1746,GD,4S1CC,181A 333A ,,R,W,DO,L ,T,G,C,50,0,0,0,,,1764407,5904671
Auckland,WYLLIE ROAD,, ,I,HILL ROAD,201433533,23/04/2014,Wed,1800,LB,CN1C,303B 375B ,,R,D,BF,F ,T,G,C,50,0,0,0,,,1764595,5905553
Auckland,WYLLIE ROAD,, ,I,KENDERDINE ROAD,201414077,25/07/2014,Fri,825,NA,CS1E,711B 726B ,,R,W,O ,F ,X,G,C,50,0,0,1,,,1764636,5905682
Auckland,WYLLIE ROAD,15,S, ,PAH ROAD,201432386,12/03/2014,Wed,820,FC,CN1C,181A 427A ,,R,D,B ,F , , ,C,50,0,0,0,,,1764444,5904990
Auckland,WYLLIE ROAD,100,S, ,PAH ROAD,201446578,05/08/2014,Tue,500,EA,CS1C,129A 331A ,M,R,W,DO,L , , ,C,50,0,0,0,,,1764417,5904909
Auckland,WYLLIE ROAD,110,S, ,PAH ROAD,201412200,30/01/2014,Thu,1145,MD,CN1C,371B 929 ,,E,D,B ,F ,D,N,C,50,0,0,2,,,1764414,5904899
Auckland,WYLLIE ROAD,, ,I,PAH ROAD,201447997,29/11/2014,Sat,1821,JA,CS1C,302B 353B 375B ,,R,D,O ,F ,T,G,P,50,0,0,0,,,1764449,5905004
Auckland,WYLLIE ROAD,20,N, ,PUHINUI ROAD,201438144,24/05/2014,Sat,1905,GA,CN1C,181A 925 ,,R,W,DO,F ,D,N,L,50,0,0,0,,,1764421,5904452
Auckland,WYLLIE ROAD,70,N, ,PUHINUI ROAD,201441011,23/07/2014,Wed,1900,MB,CS1C,303B 357B 375B ,,R,D,DO,F , ,N,C,50,0,0,0,,,1764418,5904502
Auckland,WYMONDLEY ROAD,20,S, ,KINGSFORD PLACE,201446174,23/10/2014,Thu,2100,CB,CN1,112A 130A 402A ,F,R,D,DO,F , , ,N,50,0,0,0,,,1765543,5908576
Auckland,WYMONDLEY ROAD,50,N, ,LARSEN ST,201430230,02/01/2014,Thu,1900,MO,CS1C,371A ,M,R,D,B ,F , , ,C,50,0,0,0,,,1765587,5908297
Auckland,WYNDHAM ST,5,W, ,HOBSON ST,201448955,04/12/2014,Thu,845,AC,CE1C,372A ,,R,D,O ,F ,X,T,L,50,0,0,0,,,1757127,5920719
Auckland,WYNDHAM ST,, ,I,HOBSON ST,201444115,11/09/2014,Thu,1430,GF,CN1C,381A ,,R,D,BF,F ,X,T,N,50,0,0,0,,,1757132,5920717
Auckland,WYNDHAM ST,, ,I,HOBSON ST,201449544,18/12/2014,Thu,1043,GF,VW1C,129A 404A 801 ,,E,W,O ,L ,M,T,P,50,0,0,0,,,1757132,5920717
Auckland,WYNDHAM ST,, ,I,HOBSON ST,201444744,30/08/2014,Sat,30,FE,CW1C,181A ,,R,D,DO,F ,X,T,C,50,0,0,0,,,1757132,5920717
Auckland,WYNDHAM ST,20,W, ,QUEEN ST,201412214,24/04/2014,Thu,135,NA,CW1E,105B 712B ,,R,D,DO,F , ,N,L,30,0,0,1,20,,1757416,5920606
Auckland,WYNDHAM ST,, ,I,QUEEN ST,201418556,28/12/2014,Sun,10,ND,VS2E,711B 718B ,,S,D,DO,F ,T,T,C,50,0,0,1,47,,1757434,5920599
Auckland,WYNYARD ROAD,5,S, ,PUNGA ST,201410398,16/01/2014,Thu,2050,JA,CN1S,308B 382B 929 ,,R,D,DO,F ,D,N,C,50,0,0,2,,17,1756503,5917891
Auckland,XENA WAY,, ,I,CHADLINGTON AVENUE,201442921,02/08/2014,Sat,20,CC,CS1,103A 410A ,PSX,R,W,DO,F ,X,S,C,50,0,0,0,,,1743224,5916800
Auckland,YATES ROAD,20,W, ,MASSEY ROAD,201410915,27/02/2014,Thu,2220,LB,CE1C,303B 382B 929 ,,R,D,DO,F ,D,N,C,50,0,0,1,,,1762530,5907337
Auckland,YATES ROAD,, ,I,MASSEY ROAD,201434498,20/04/2014,Sun,1903,DA,4S2V,110A 131A 402A 423A 801 ,Q,E,W,DO,L ,T,S,C,50,0,0,0,,,1762546,5907325
Auckland,YATES ROAD,, ,I,MASSEY ROAD,201443859,27/08/2014,Wed,1632,FB,CE1V,331A 350A ,,R,D,BN,F ,T,S,C,50,0,0,0,,,1762546,5907325
Auckland,YATES ROAD,, ,I,ROYTON AVENUE,201438930,10/06/2014,Tue,1710,JA,CN1C,302B 387B ,,R,W,DO,L ,T,G,C,50,0,0,0,,,1762214,5907565
Auckland,YORK ROAD,50,N, ,FITZROY ST,201434545,24/04/2014,Thu,1230,MO,CN1C,371A 929 ,M,R,D,OF,F ,D,N,C,50,0,0,0,,,1765815,5905194
Auckland,YORK ROAD,100,N, ,FITZROY ST,201447274,24/10/2014,Fri,1750,MO,CS1C,371A 386A ,,R,D,B ,F , , ,N,50,0,0,0,,,1765797,5905240
Auckland,YORK ST,, ,I,FOX ST,201444738,01/08/2014,Fri,1400,EA,CW1C,129A ,M,R,D,BF,F ,T,N,C,50,0,0,0,,,1758606,5920179
Auckland,YOUTH ST,20,E, ,ROSEMAN AVENUE,201437106,29/05/2014,Thu,925,MO,CE1C,371A 385A ,M,R,D,OF,F , ,N,C,50,0,0,0,,,1754740,5913200
Auckland,Z BCH MURIWAI,200,N, ,KERETA ROAD,201418747,31/12/2014,Wed,2245,MO,4S14,370A 102B 370B 812 904 ,,R,D,DN,M , , ,N,100,0,0,1,,,1712527,5949475
Auckland,Z BEACH MURIWAI,2000,N, ,RIMMER ROAD,201411017,22/02/2014,Sat,1400,QO,MN1M,370A 430A 370B ,,R,D,B ,F , , ,N,60,0,1,1,,,1719219,5938915