TLANAME,CRASHROAD,CRASHDIST,CRASHDIRN,INTSN,SIDEROAD,CRASHID,CRASHDATE,CRASHDOW,CRASHTIME,MVMT,VEHICLES,CAUSES,OBJECTSSTRUCK,ROADCURVE,ROADWET,LIGHT,WTHRa,JUNCTYPE,TRAFCTRL,ROADMARK,SPDLIM,CRASHFATALCNT,CRASHSEVCNT,CRASHMINCNT,PERSAGE1,PERSAGE2,EASTING,NORTHING
Auckland,Z CPK AUCKLAND INT AIRPOR,80,N, ,RAY EMERY DRIVE,201418431,13/11/2014,Thu,100,HA,CN1C,370A 901 ,,R,W,DO,H ,X,G,N,30,0,0,1,,,1758798,5903198
Auckland,Z CPK BP MANUKAU ROAD,40,S, ,ONSLOW AVENUE,201412971,08/05/2014,Thu,721,PO,CE1E,376A ,,R,D,O ,F , , ,N,10,0,0,1,,,1758038,5915095
Auckland,Z CPK GOOCH PLACE,100,N, ,MEADOWLAND DRIVE,201400210,18/10/2014,Sat,215,PO,CE1E,101A 371A 512A 105B 926 ,,R,D,DO,F ,D,N,C,50,1,0,0,42,,1771723,5913103
Auckland,Z CPK MAICH ROAD,50,S, ,NORTHCREST WAY,201416484,14/10/2014,Tue,2330,MO,CN1,103A 130A 402A ,P,R,D,TO,F , , ,N,50,0,0,1,,,1768502,5901152
Auckland,Z CPK NEW WORLD,30,N, ,PALMERS ROAD,201433671,14/04/2014,Mon,1645,MO,CS1C,371A ,M,R,D,BF,F , ,N,C,50,0,0,0,,,1766223,5899868
Auckland,Z CPK PAK N SAVE,25,S, ,UNIVERSAL DRIVE,201416497,14/09/2014,Sun,1400,PO,CS1EC,130A 423A 501A 801 ,MX,R,W,O ,L , , ,N,20,0,1,0,22,,1745254,5919713
Auckland,Z CPK RAIL STN,, ,I,TYLER ST,201412193,17/04/2014,Thu,1100,PO,CN1E,370A ,,R,W,O ,HS,T,N,C,30,0,1,0,72,,1757729,5920928
Auckland,Z CPK THE PROMENADE,100,E, ,ALISON AVENUE,201450602,27/12/2014,Sat,2125,MO,CE1,370A 386A 926 ,P,R,D,B ,F , ,N,N,50,0,0,0,,,1758435,5927596
Auckland,Z CPK VEGE OASIS,100,S, ,YATES ROAD,201433670,13/04/2014,Sun,1224,MO,CS1C,386A ,M,R,D,BF,F , ,N,N,50,0,0,0,,,1762408,5907273
Auckland,Z CPK WESTCITY,20,N, ,EDSEL ST,201414193,20/07/2014,Sun,1310,EA,CN14,423A ,M,R,D,ON,F , ,N,N,15,0,0,1,,,1745396,5917023
Auckland,Z CPK WESTFIELD,40,W, ,BROADWAY,201418126,07/11/2014,Fri,1154,MO,CW1,423A ,C,R,D,B ,F , , ,N,20,0,0,1,,,1758394,5918001
Auckland,Z CPK WESTFIELD WEST CITY,50,N, ,EDSEL ST,201417826,18/09/2014,Thu,1100,PO,CN1E,370A 720B ,,R,D,O ,F , , ,N,80,0,0,1,64,,1745654,5917031
Auckland,Z CPK WESTGATE,20,N, ,FERNHILL DRIVE,201417175,18/11/2014,Tue,1120,MO,CN1C44,130A 423A ,M,R,D,B ,F , , ,N,20,0,0,1,,,1743642,5923702
Auckland,Z CPK WESTHAVEN MARINA,200,E, ,WESTHAVEN DRIVE,201413693,07/06/2014,Sat,1555,MO,CW1,103A 108A 410A ,JST,E,D,O ,F , , ,R,30,0,0,1,,,1755701,5921408
Auckland,Z CPK WESTNEY ROAD,50,N, ,KOHINOOR AVENUE,201445088,16/10/2014,Thu,1100,MO,VN1C,930,M,E,D,B ,F ,D,N,N,50,0,0,0,,,1759377,5906135
Auckland,Z DRIVE 762 BEACH ROAD,30,N, ,GLENCOE ROAD,201410276,09/02/2014,Sun,1244,NB,CE1E,929,,R,D,B ,F ,D,N,N,50,0,0,1,7,,1755595,5935195
Auckland,Z DWY 17 GALILEE AVE,10,S, ,IGLOO PLACE,201415334,20/08/2014,Wed,1245,MO,VE1E,371A 727B 929 ,,R,D,B ,F ,D,N,N,50,0,1,0,2,,1775008,5895900
Auckland,Z DWY 32 FREELAND AVENUE,100,N, ,GLYNN ST,201436747,18/05/2014,Sun,430,MO,CW1C,386A 929 ,M,R,D,DO,F , ,N,N,20,0,0,0,,,1754351,5913317
Auckland,Z DWY BP MAIN HIGHWAY,5,E, ,AMY ST,201414290,05/07/2014,Sat,1025,MO,CE1C,330A 371A 671A 922 ,Q,R,D,B ,F ,D,N,N,50,0,1,0,,,1761518,5914785
Auckland,Z DWY KELSTON PLAZA,5,E, ,WEST COAST ROAD,201449558,18/12/2014,Thu,1705,FB,CW1C,181A 331A 925 ,,R,D,O ,F ,D,G,N,50,0,0,0,,,1748260,5913908
Auckland,Z DWY PLANT BARN PORANA R,20,W, ,GOLDFIELD,201436749,16/05/2014,Fri,1511,MO,CE1C,927,FM,R,D,B ,F ,D,N,N,50,0,0,0,,,1755637,5928061
Auckland,Z DWY VTNZ,60,N, ,SPARTAN ROAD,201411125,02/04/2014,Wed,945,BO,CS1M,201A 927 ,,M,D,B ,F ,D, ,C,30,0,0,1,,,1769970,5899466
Auckland,Z DWY WESTGATE MALL,100,S, ,FRED TAYLOR DRIVE,201411008,11/02/2014,Tue,1812,HA,CW1M,302A 370A ,,R,D,O ,F ,X,G,C,50,0,0,1,,,1743725,5923759
Auckland,Z FCT MOBIL MASSEY ROAD,20,E, ,PLUMLEY CRESCENT,201449421,08/11/2014,Sat,2205,MO,CE1C,371A 386A ,M,R,D,DO,F , , ,N,50,0,0,0,,,1759887,5906301
Auckland,Z FCT Z,40,W, ,GLADSTONE ROAD,201414779,30/07/2014,Wed,1330,QO,CW1CE,350A 423A 428A ,X,R,D,O ,F , , ,N,20,0,0,1,41,,1755017,5924793
Auckland,Z HIGHFIELD GARDEN RESERV,300,N, ,MARINERS GROVE,201410150,22/01/2014,Wed,2359,CB,CW1,105A 130A 524A ,PX,R,D,DN,F , , ,N,50,0,0,2,,,1755792,5967045
Auckland,Z LYNFIELD COLLEGE,, ,A,WHITE SWANN ROAD,201410460,04/02/2014,Tue,1000,NG,CE1E,371A ,,R,D,B ,F , , ,N,30,0,0,1,6,,1752904,5912591
Auckland,Z MURIWAI BEACH,3700,N, ,MOTUTARA ROAD,201416132,01/02/2014,Sat,1900,MO,4N1,101A 130A 812 ,,R,W,B ,F , , ,N,60,0,1,1,,,1725894,5926471
Auckland,Z NORTH SHORE CEMETERY,80,W, ,SCHNAPPER ROCK ROAD,201440276,07/07/2014,Mon,1012,MO,4N1,130A 407A 423A ,X,R,D,O ,F , , ,N,20,0,0,0,,,1750244,5931058
Auckland,Z PUBLIC DRIVWAY 240,50,N, ,BLACKBRIDGE ROAD,201418212,13/12/2014,Sat,2335,DB,CS1,104A 111A 131A 929 ,GZ,M,W,DN,L , , ,N,30,0,1,1,,,1743996,5939146
Auckland,Z VTNZ,30,N, ,SUBWAY ROAD,201416644,20/10/2014,Mon,1110,MO,MN1,130A 403A ,X,R,D,O ,F , , ,N,20,0,0,1,,,1769589,5880454
Auckland,ZANDERS ROAD,1300,S, ,ARARIMU VALLEY ROAD S,201442375,28/08/2014,Thu,1345,DA,CN1,111A 131A ,F,E,D,O ,F , ,N,N,80,0,0,0,,,1737872,5936495
Auckland,TAMAKI DRIVE,, ,I,16/0/0,201446477,12/10/2014,Sun,950,LB,CW1C,303B 387B ,,E,D,BF,F ,T,T,C,50,0,0,0,,,1759016,5920539
Auckland,GLADSTONE ROAD,, ,I,16/0/0.133,201410632,03/02/2014,Mon,2135,BB,CN1C,124A ,,E,D,TO,F ,T,G,C,50,0,0,2,,,1758971,5920416
Auckland,16/0/0.133,, ,I,GLADSTONE ROAD,201418560,01/12/2014,Mon,600,JA,CS1C,302B ,,R,D,BF,F ,T,G,C,50,0,0,1,,,1758971,5920416
Auckland,16/0/0.133,, ,I,GLADSTONE ROAD,201446045,22/09/2014,Mon,830,KB,CN1C,302B 375B ,,E,D,B ,F ,T,G,C,50,0,0,0,,,1758971,5920416
Auckland,16/0/0.141,850,N, ,PARNELL RISE,201443728,08/09/2014,Mon,1957,FD,CN1C,181A ,G,R,D,DO,F , , ,N,80,0,0,0,,,1758966,5920410
Auckland,16/0/0.189,20,N, ,SUDBURY TERRACE,201443430,08/08/2014,Fri,1803,EA,CS1CC4,129A 504A ,M,R,W,O ,H , ,N,P,50,0,0,0,,,1758935,5920374
Auckland,16/0/0.213,80,S, ,GLADSTONE ROAD,201430328,04/01/2014,Sat,100,EA,CS1CC,129A 350A ,M,R,W,DO,F , ,N,P,50,0,0,0,,,1758919,5920355
Auckland,16/0/0.396,100,W, ,ST GEORGES BAY ROAD,201436207,17/04/2014,Thu,1510,JA,MW1C,308B 927 ,,R,D,B ,F ,D,N,C,50,0,0,0,,,1758774,5920331
Auckland,16/0/0.626,160,W, ,AUGUSTUS STEPS,201435408,01/05/2014,Thu,1130,AO,CE1T,150A 386A ,,E,D,OF,F , ,N,C,50,0,0,0,,,1758570,5920386
Auckland,16/0/0.732,250,N, ,PARNELL RISE,201430777,26/01/2014,Sun,157,CB,VS1,103A ,P,R,D,DO,F , ,N,C,50,0,0,0,,,1758475,5920338
Auckland,16/0/0.976,15,N, ,PARNELL RISE,201447933,15/10/2014,Wed,810,AC,CN1C,372A ,K,R,D,O ,F , , ,C,50,0,0,0,,,1758272,5920217
Auckland,16/0/0.982,, ,I,PARNELL RISE,201400006,07/01/2014,Tue,1415,KA,TS1S,322B ,,S,D,B ,F ,X,T,C,50,1,0,0,,37,1758274,5920198
Auckland,16/0/0.982,, ,I,PARNELL RISE,201447055,02/11/2014,Sun,1000,BF,VE2M,131A ,I,R,D,BF,F ,X,T,R,50,0,0,0,,,1758274,5920198
Auckland,PARNELL RISE,, ,I,16/0/0.991,201435319,14/04/2014,Mon,1530,AC,CS1C,159A ,,R,D,B ,F ,X,T,C,50,0,0,0,,,1758264,5920204
Auckland,16/0/0.991,, ,I,PARNELL RISE,201437848,06/05/2014,Tue,1740,AA,CN1C,372A ,,R,D,O ,F ,M,T,R,50,0,0,0,,,1758264,5920204
Auckland,16/0/0.996,5,S, ,PARNELL RISE,201432024,18/01/2014,Sat,1800,FE,CN1C,331A ,,R,D,B ,F ,X,T,C,50,0,0,0,,,1758261,5920199
Auckland,16/0/1.203,, ,I,NICHOLLS LANE,201445372,20/09/2014,Sat,1105,FE,CS1C,501A ,,R,D,B ,F ,X,T,R,50,0,0,0,,,1758145,5920019
Auckland,ALTEN ROAD,, ,I,16/0/1.21,201439239,27/06/2014,Fri,30,DB,CS1,111A 131A ,KP,M,W,DO,L ,X,T,C,50,0,0,0,,,1758136,5920027
Auckland,16/0/1.31,100,S, ,ALTEN ROAD,201430046,09/01/2014,Thu,810,AA,CS1C,372A ,,R,D,BF,F , ,N,C,50,0,0,0,,,1758074,5919949
Auckland,16/0/1.344,15,N, ,STANLEY ST,201436938,20/05/2014,Tue,357,AO,CS1T,129A 386A ,,R,D,DO,F , , ,N,80,0,0,0,,,1758056,5919911
Auckland,16/0/1.429,70,S, ,STANLEY ST,201443950,14/09/2014,Sun,1840,AD,CS1,136A 801 ,G,E,W,DO,F , ,N,R,50,0,0,0,,,1757984,5919868
Auckland,16/0/1.444,50,E, ,GRAFTON ON EBD,201448213,05/11/2014,Wed,1718,AA,CE1C,372A 357B ,,M,D,B ,F , ,N,P,50,0,0,0,,,1757966,5919874
Auckland,16/0/1.684,20,N, ,WELLESLEY ST BRIDGE,201450070,10/12/2014,Wed,2226,CA,CN1,101A 133A 330A ,G,R,W,DO,L , , ,C,80,0,0,0,,,1757778,5919733
Auckland,16/0/1.704,, ,I,WELLESLEY ST BRIDGE,201442366,25/08/2014,Mon,1045,KA,CS1C,302B ,,R,D,B ,F ,T,G,C,80,0,0,0,,,1757765,5919718
Auckland,16/0/1.704,, ,I,WELLESLEY ST BRIDGE,201435067,09/04/2014,Wed,1040,HA,CW1C,322A 334A ,,R,D,B ,F ,R,T,R,50,0,0,0,,,1757765,5919718
Auckland,16/0/1.894,400,S, ,GRAFTON ON EBD,201430565,02/02/2014,Sun,439,CA,CW1,103A 130A 357A ,G,R,D,DO,F , , ,N,80,0,0,0,,,1757644,5919572
Auckland,16/0/2.107,50,S, ,WELLESLEY OFF NBD,201435663,29/04/2014,Tue,646,FA,CN1CC,331A ,,R,D,DO,F , , ,C,80,0,0,0,,,1757524,5919396
Auckland,16/0/2.293,10,E, ,GRAFTON OBR,201412290,27/05/2014,Tue,915,FD,CN1V,181A ,,S,D,B ,F , ,N,C,80,0,0,1,,,1757434,5919233
Auckland,16/0/2.297,, ,A,GRAFTON OBR,201433980,15/03/2014,Sat,1030,CB,CS1,110A 133A ,G,R,W,O ,F , ,N,C,80,0,0,0,,,1757448,5919209
Auckland,16/0/2.347,50,S, ,GRAFTON OBR,201438969,27/06/2014,Fri,2252,CB,CW1,133A 402A 431A ,C,R,W,DO,L , ,N,R,80,0,0,0,,,1757414,5919172
Auckland,16/0/2.457,400,S, ,WELLESLEY OFF EBD,201448347,10/10/2014,Fri,37,DB,CN1,111A ,G,E,D,DO,F , ,N,C,80,0,0,0,,,1757308,5919133
Auckland,16/0/2.467,410,W, ,WELLESLEY OFF NBD,201412239,29/03/2014,Sat,1459,AC,4S1C,372A ,G,M,D,B ,F , ,N,N,80,0,1,0,,,1757299,5919130
Auckland,16/0/2.794,100,W, ,SYMONDS OBR,201444091,09/09/2014,Tue,1510,AA,CW1C,381A ,,R,D,BF,F , ,N,R,80,0,0,0,,,1757003,5919174
Auckland,16/0/2.883,30,S, ,UPPER QUEEN OBR,201418499,22/12/2014,Mon,230,DA,CE1,103A 131A ,G,M,D,DO,F , , ,C,80,0,1,1,,,1756907,5919225
Auckland,16/0/2.953,100,W, ,UPPER QUEEN OBR,201436431,06/05/2014,Tue,2210,BA,CE1C,205A ,,R,D,DO,F , ,N,N,100,0,0,0,,,1756838,5919234
Auckland,16/0/3.034,1000,E, ,NEWTON OFF EBD,201432690,04/04/2014,Fri,1602,CB,CN1,112A 132A ,P,R,D,B ,F , ,N,N,100,0,0,0,,,1756756,5919235
Auckland,16/0/3.27,200,E, ,NEWTON OBR,201449578,26/12/2014,Fri,645,AC,CW1C,372A ,,M,D,B ,F , , ,N,80,0,0,0,,,1756562,5919077
Auckland,16/0/3.39,80,E, ,NEWTON OBR,201437737,11/06/2014,Wed,1746,FD,CW1CC,110A 181A 331A ,,R,D,DO,F , , ,C,80,0,0,0,,,1756464,5919008
Auckland,16/0/3.395,100,E, ,NEWTON OBR,201443861,22/08/2014,Fri,1513,FD,CE1V,181A ,,R,D,BN,F , ,N,C,100,0,0,0,,,1756441,5919083
Auckland,16/0/3.445,50,E, ,NEWTON OBR,201433320,11/04/2014,Fri,1453,FD,VE1V,181A ,,R,D,BF,F , ,N,R,100,0,0,0,,,1756406,5919048
Auckland,16/0/3.475,20,N, ,NEWTON OBR,201432691,22/03/2014,Sat,1137,FD,CN1CCC,181A 351A ,,R,D,B ,F ,M,N,C,100,0,0,0,,,1756385,5919026
Auckland,16/0/3.57,100,S, ,NEWTON OBR,201430568,29/01/2014,Wed,1003,FD,4S144C,181A 181B 181C 181D ,,R,D,B ,F , , ,C,100,0,0,0,,,1756318,5918904
Auckland,16/0/3.57,100,W, ,NEWTON OBR,201441071,11/07/2014,Fri,1335,AA,CW1C,103A 632A ,,R,D,OF,F , ,N,P,80,0,0,0,,,1756318,5918904
Auckland,16/0/3.646,80,E, ,16 LINK 1 NBD,201449185,02/12/2014,Tue,1303,FD,CE1V,331A 358A ,,R,D,BF,F , ,N,R,80,0,0,0,,,1756266,5918904
Auckland,16/0/3.656,120,S, ,UNION ON WBD,201415541,13/08/2014,Wed,1223,CA,VS1C,132A 181A 331A 615A 801 ,G,R,W,B ,L , , ,C,80,0,0,1,,,1756254,5918846
Auckland,16/0/3.665,170,W, ,NEWTON OBR,201443907,30/08/2014,Sat,1454,FD,CE1C,181A ,,R,W,OF,L , ,N,R,80,0,0,0,,,1756253,5918890
Auckland,16/0/3.695,200,S, ,NEWTON OBR,201431644,24/01/2014,Fri,1615,FD,CN1C,181A ,,R,D,B ,F , , ,N,80,0,0,0,,,1756233,5918868
Auckland,16/0/3.695,200,W, ,NEWTON OBR,201437264,09/06/2014,Mon,1658,FD,CE1C4,181A ,,R,W,DO,L , ,N,R,100,0,0,0,,,1756233,5918868
Auckland,16/0/3.725,320,N, ,NEWTON ON WBD,201433172,18/03/2014,Tue,1849,FD,CN1CC,112A 331A 181B ,,R,D,TN,F , , ,C,100,0,0,0,,,1756204,5918798
Auckland,16/0/3.741,15,S, ,16 LINK 1 NBD,201443060,07/09/2014,Sun,1356,FD,CN14C,181A 331A 402A ,,R,D,B ,F , , ,C,80,0,0,0,,,1756202,5918834
Auckland,16/0/3.746,20,W, ,16 LINK 1 NBD,201448159,02/12/2014,Tue,1217,FD,CE1CCV,181A 331A 181B 181C ,,R,D,B ,F , , ,N,80,0,0,0,,,1756198,5918831
Auckland,16/0/3.795,300,W, ,NEWTON OBR,201415712,02/08/2014,Sat,1231,FD,TE1VC,181A ,,R,D,OF,F , ,N,N,100,0,0,2,,,1756166,5918793
Auckland,16/0/3.872,650,E, ,BOND OBR,201416655,30/10/2014,Thu,717,CA,MN1,110A 130A 191A 331A 801 ,,R,W,O ,L , , ,C,80,0,0,1,,,1756116,5918735
Auckland,16/0/3.945,100,E, ,NEWTON ON WBD,201446868,13/11/2014,Thu,1631,FD,VW1CC,132A 181A ,,R,W,O ,F , ,N,C,80,0,0,0,,,1756053,5918638
Auckland,16/0/3.97,500,W, ,NEWTON OBR,201435634,02/05/2014,Fri,1849,FA,CW1C,112A 331A 402A ,,R,D,DO,F , , ,C,100,0,0,0,,,1756036,5918620
Auckland,16/0/3.995,500,W, ,NEWTON OBR,201410646,26/02/2014,Wed,949,FD,CE1C,331A 353A ,,R,D,B ,F , ,N,C,100,0,0,2,,,1756031,5918646
Auckland,16/0/3.995,500,W, ,NEWTON OBR,201439762,02/07/2014,Wed,741,FD,CE1C,181A 331A ,,R,W,OO,L , , , ,100,0,0,0,,,1756031,5918646
Auckland,16/0/4.034,, ,I,NEWTON OFF EBD,201410540,17/02/2014,Mon,1235,FD,CE1C,181A ,,R,D,BF,F ,Y,N,C,100,0,0,2,,,1756004,5918618
Auckland,16/0/4.045,, ,I,NEWTON ON WBD,201416848,18/08/2014,Mon,913,AA,VN1M,330A 372A ,,R,D,B ,F ,T,N,N,80,0,0,1,,,1755984,5918565
Auckland,16/0/4.104,70,S, ,NEWTON OFF EBD,201412206,05/05/2014,Mon,1517,FD,TS1CC,112A ,,R,W,O ,F , ,N,C,80,0,0,2,,,1755959,5918564
Auckland,16/0/4.126,400,S, ,16 LINK 1 NBD,201446039,21/10/2014,Tue,1209,AC,TN1C,671A 333B ,,R,D,B ,F , , ,C,100,0,0,0,,,1755945,5918548
Auckland,16/0/4.134,100,S, ,NEWTON OFF EBD,201415484,05/09/2014,Fri,1625,AC,CN14C,372A ,,R,W,O ,L , , ,N,100,0,0,3,,,1755939,5918542
Auckland,16/0/4.222,300,E, ,BOND OBR,201440505,18/07/2014,Fri,1602,FD,CE1V,181A 331A 191B ,,R,D,B ,F , , ,C,100,0,0,0,,,1755876,5918480
Auckland,16/0/4.334,300,W, ,NEWTON OFF EBD,201410784,11/04/2014,Fri,1638,FD,4E1C,181A 331A ,,E,D,B ,F , ,N,C,80,0,0,1,,,1755793,5918406
Auckland,16/0/4.361,130,E, ,BOND OBR,201448617,02/12/2014,Tue,1841,FA,CW1C,331A 352A ,,R,D,B ,F , , ,C,100,0,0,0,,,1755752,5918353
Auckland,16/0/4.421,70,E, ,BOND OBR,201417706,10/12/2014,Wed,2312,AA,CW1CCC,103A 372A 386A ,,E,W,DO,L , ,N, ,100,0,0,1,,,1755699,5918325
Auckland,16/0/4.461,30,E, ,BOND OBR,201430642,06/02/2014,Thu,1730,AC,CW1C,103A 381A 410A ,,E,D,B ,F , ,N,C,100,0,0,0,,,1755663,5918306
Auckland,16/0/4.491,, ,A,BOND OBR,201450170,15/11/2014,Sat,1211,FA,CW1C,112A 330A 372A ,,R,D,O ,F , , ,C,100,0,0,0,,,1755637,5918292
Auckland,16/0/4.512,10,E, ,BOND OBR,201430179,24/01/2014,Fri,1650,FD,CE14,181A 331A ,,R,D,BF,F , ,N,C,100,0,0,0,,,1755641,5918315
Auckland,16/0/4.622,100,W, ,BOND OBR,201442602,23/07/2014,Wed,1514,EC,CE1,820,Y,R,D,BF,F , ,N,R,100,0,0,0,,,1755537,5918278
Auckland,16/0/4.695,1200,W, ,NEWTON OBR,201450195,28/11/2014,Fri,1540,FD,CE1C,112A 331A ,,R,D,B ,F , , ,C,100,0,0,0,,,1755466,5918264
Auckland,16/0/4.722,200,W, ,BOND OBR,201442621,02/07/2014,Wed,749,AC,TE1C,372A 671A ,,R,W,OF,L , ,N,R,100,0,0,0,,,1755439,5918262
Auckland,16/0/4.791,300,W, ,BOND OBR,201435798,14/05/2014,Wed,1929,AA,CW1C,524A 130B 197B 801 ,,R,W,DO,L , , ,C,100,0,0,0,,,1755345,5918242
Auckland,16/0/4.822,300,W, ,BOND OBR,201435637,03/05/2014,Sat,955,FD,CE1VC,181A 197A 331A 181B 331B ,,R,D,B ,F , , ,C,100,0,0,0,,,1755340,5918260
Auckland,16/0/4.895,1400,W, ,NEWTON OBR,201443903,29/09/2014,Mon,920,FD,VE1V,181A ,,R,W,BF,F , ,N,R,100,0,0,0,,,1755267,5918269
Auckland,16/0/4.895,1400,W, ,NEWTON OBR,201438955,27/06/2014,Fri,715,AC,CE1VC,331A 353A ,,R,W,OF,L , ,N,R,100,0,0,0,,,1755267,5918269
Auckland,16/0/5.022,500,W, ,BOND OBR,201417173,01/10/2014,Wed,1644,FD,4E1C,181A 331A 501A ,,R,D,B ,F , , ,N,100,0,0,1,,,1755141,5918284
Auckland,16/0/5.045,1000,W, ,NEWTON ON WBD,201416133,25/09/2014,Thu,1825,FD,CW1CCC,331A ,,R,D,TO,F , , ,C,80,0,0,2,,,1755092,5918271
Auckland,16/0/5.279,700,E, ,ST LUKES OFF WBD,201445379,01/10/2014,Wed,1044,FD,CW1CC,181A 181B ,,R,D,B ,F , , ,N,100,0,0,0,,,1754860,5918299
Auckland,16/0/5.308,1000,E, ,GREAT NORTH ROAD,201410202,13/01/2014,Mon,730,FD,CE14CC,110A 181A ,,R,D,B ,F , ,N,N,100,0,0,2,,,1754857,5918318
Auckland,16/0/5.308,1000,E, ,MOTAT OFF EBD,201441032,22/07/2014,Tue,545,FD,CW1C,181A ,,R, ,O ,  , ,N,R,100,0,0,0,,,1754857,5918318
Auckland,16/0/5.322,1000,E, ,ST LUKES OBR,201432482,02/03/2014,Sun,335,AC,CW1C,103A 357A 372A ,,R,D,DO,F , ,N,N,100,0,0,0,,,1754818,5918304
Auckland,16/0/5.358,300,E, ,MOUNTAIN VIEW OBR,201437341,05/06/2014,Thu,950,FA,400000000000000,181A 330A 350A ,,R,D,BF,F , ,N,R,80,0,0,0,,,1754807,5918324
Auckland,16/0/5.392,400,E, ,MOTAT ON EBD,201417228,17/09/2014,Wed,927,FA,VE1C,331A 614A 191B ,,R,D,O ,F , , ,R,100,0,0,1,,,1754773,5918328
Auckland,16/0/5.392,930,E, ,ST LUKES OBR,201430994,08/03/2014,Sat,1223,FD,CW1C4,181A ,,R,D,BF,F , ,N,R,100,0,0,0,,,1754748,5918312
Auckland,16/0/5.432,890,E, ,ST LUKES OBR,201431205,03/03/2014,Mon,1804,FD,CW1CC,181A ,,R,D,BF,F , ,N,R,100,0,0,0,,,1754708,5918316
Auckland,16/0/5.472,850,E, ,ST LUKES OBR,201430938,15/02/2014,Sat,1505,FF,CW1C,181A 191B ,,R,D,BF,F , ,N,R,100,0,0,0,,,1754669,5918321
Auckland,16/0/5.492,300,E, ,MOTAT ON EBD,201447524,06/11/2014,Thu,947,FD,TE1CM,181A 331A 130C 800 ,,R,W,B ,F , , ,C,100,0,0,0,,,1754674,5918340
Auckland,16/0/5.522,800,E, ,ST LUKES OBR,201411794,02/04/2014,Wed,1818,FD,CW1CC,181A 197B 191C ,,R,D,TO,F , , ,C,100,0,0,1,,,1754619,5918327
Auckland,16/0/5.722,600,E, ,ST LUKES OBR,201444897,16/11/2014,Sun,1235,FD,CW1C,181A ,,R,D,BF,F , ,N,C,100,0,0,0,,,1754420,5918337
Auckland,16/0/5.779,200,E, ,ST LUKES OFF WBD,201431185,08/03/2014,Sat,1247,AA,4W1C,179A 386A ,,R,D,B ,F , ,N,C,100,0,0,0,,,1754363,5918331
Auckland,MOTAT ON EBD,, ,I,16/0/5.792,201437335,08/05/2014,Thu,2051,AA,CE14,372B ,,R,W,DO,L ,Y,N,N,100,0,0,0,,,1754375,5918354
Auckland,16/0/5.847,500,E, ,ST LUKES OBR,201413127,19/05/2014,Mon,627,AA,VE1C,197A 331A 372A ,G,R,D,DO,F , , ,C,100,0,0,2,,,1754321,5918344
Auckland,16/0/5.872,450,E, ,ST LUKES OBR,201438566,06/04/2014,Sun,251,CA,VW1,104A 130A ,G,R,D,DO,F , , ,C,100,0,0,0,,,1754272,5918313
Auckland,16/0/5.879,100,E, ,ST LUKES OFF WBD,201433389,02/04/2014,Wed,700,FD,VW1C,181A ,,R,D,DO,F , ,N,R,100,0,0,0,,,1754265,5918312
Auckland,16/0/5.922,400,E, ,ST LUKES OBR,201417323,12/11/2014,Wed,1910,FD,CW1CCC,112A 181A 331A ,,R,D,B ,F , , ,C,100,0,0,2,,,1754223,5918303
Auckland,16/0/5.947,400,S, ,ST LUKES OBR,201443653,05/09/2014,Fri,1634,FD,CE1CC,181A 181B ,,R,W,O ,L , , ,C,100,0,0,0,,,1754223,5918326
Auckland,16/0/5.959,20,E, ,ST LUKES OFF WBD,201410281,13/02/2014,Thu,653,FD,CE1C,110A 181A ,,E,W,O ,L , ,N,C,100,0,0,2,,,1754187,5918295
Auckland,16/0/5.979,, ,I,ST LUKES OFF WBD,201443373,30/08/2014,Sat,314,DB,CW1,101A 111A 410A ,IP,M,W,DO,F ,X,G,R,50,0,0,0,,,1754167,5918291
Auckland,16/0/6.008,300,E, ,ST LUKES ROAD,201410640,26/02/2014,Wed,958,FD,CE14C,181A 350A ,,E,D,O ,F , ,N,N,100,0,0,2,,,1754163,5918315
Auckland,16/0/6.022,300,E, ,ST LUKES OBR,201431850,08/03/2014,Sat,1339,FD,CW1C,181A ,,R,D,OF,F , ,N,R,100,0,0,0,,,1754125,5918284
Auckland,16/0/6.047,300,E, ,ST LUKES OBR,201445221,07/10/2014,Tue,1953,CB,CE1,101A 130A ,P,R,D,DO,F , , ,C,80,0,0,0,,,1754124,5918307
Auckland,16/0/6.047,300,E, ,ST LUKES OBR,201440996,30/07/2014,Wed,838,FD,CE1VC,181A 181C ,,R,D,BF,F , ,N,R,100,0,0,0,,,1754124,5918307
Auckland,16/0/6.108,200,E, ,ST LUKES ROAD,201418473,19/12/2014,Fri,840,FD,CE1CC,181A 331A 191C ,,R,D,B ,F , , ,C,100,0,0,1,,,1754065,5918298
Auckland,16/0/6.147,200,E, ,ST LUKES OBR,201439046,08/05/2014,Thu,2247,DA,CE1,131A ,IS,M,W,DO,L , ,N,R,100,0,0,0,,,1754025,5918294
Auckland,16/0/6.197,150,E, ,ST LUKES OBR,201446025,20/10/2014,Mon,1025,FD,VE14,110A 331A 191B 801 ,,R,W,O ,L , , ,C,100,0,0,0,,,1753976,5918292
Auckland,16/0/6.247,100,E, ,ST LUKES OBR,201416710,14/10/2014,Tue,1555,AA,TE1C,112A 197A 372A ,G,R,D,B ,F , , ,C,100,0,0,1,,,1753926,5918296
Auckland,16/0/6.279,300,W, ,ST LUKES OFF WBD,201414886,04/08/2014,Mon,2335,FD,CW1C,331A 350A ,,R,W,DO,L , ,N,N,100,0,0,3,,,1753869,5918276
Auckland,16/0/6.297,50,E, ,ST LUKES OBR,201411815,31/03/2014,Mon,1651,FD,CE1C,181A ,,R,D,BF,F , ,N,N,100,0,0,1,,,1753876,5918299
Auckland,16/0/6.327,20,E, ,ST LUKES OBR,201430566,21/01/2014,Tue,733,FD,CE1CC,181A 181B ,,R,W,O ,H , , ,R,100,0,0,0,,,1753846,5918301