TLANAME,CRASHROAD,CRASHDIST,CRASHDIRN,INTSN,SIDEROAD,CRASHID,CRASHDATE,CRASHDOW,CRASHTIME,MVMT,VEHICLES,CAUSES,OBJECTSSTRUCK,ROADCURVE,ROADWET,LIGHT,WTHRa,JUNCTYPE,TRAFCTRL,ROADMARK,SPDLIM,CRASHFATALCNT,CRASHSEVCNT,CRASHMINCNT,PERSAGE1,PERSAGE2,EASTING,NORTHING
Auckland,16/0/6.358,50,W, ,GREAT NORTH ROAD,201442157,16/08/2014,Sat,1946,FD,CE1CV,181A 181B ,,S,W,DO,F , , ,C,80,0,0,0,,,1753816,5918303
Auckland,16/0/6.358,50,W, ,MOTAT OFF EBD,201433616,03/04/2014,Thu,751,FD,CE1C,110A 331A 191B ,,E,D,B ,F , , ,C,100,0,0,0,,,1753816,5918303
Auckland,16/0/6.367,20,W, ,ST LUKES OBR,201411047,21/01/2014,Tue,642,FD,4E1C,181A 331A 801 ,,R,W,O ,L , , ,C,100,0,0,2,,,1753806,5918304
Auckland,16/0/6.397,50,W, ,ST LUKES OBR,201432990,18/03/2014,Tue,1300,QG,VE1,630A 687A ,,R,D,B ,F , , ,C,100,0,0,0,,,1753776,5918306
Auckland,16/0/6.417,70,W, ,ST LUKES OBR,201436326,31/03/2014,Mon,1651,FD,4E1VC,181A 181C ,,R,D,BN,F , ,N,N,50,0,0,0,,,1753756,5918308
Auckland,16/0/6.422,100,W, ,ST LUKES OBR,201443538,13/08/2014,Wed,155,FD,CW1C,181A 103B 817 ,,R,W,DO,L , ,N,N,100,0,0,0,,,1753726,5918288
Auckland,16/0/6.558,250,W, ,ST LUKES ROAD,201430136,04/02/2014,Tue,745,FD,CE1CC,112A 331A 353A ,,R,D,BF,F , ,N,N,100,0,0,0,,,1753616,5918317
Auckland,16/0/6.614,20,W, ,ST LUKES ON WBD,201442113,15/08/2014,Fri,718,FD,VE1C,181A 191B 817 ,,R,W,B ,F , , ,C,100,0,0,0,,,1753534,5918304
Auckland,16/0/6.654,60,W, ,ST LUKES ON WBD,201410726,15/03/2014,Sat,2022,AO,CE1C,110A 403A ,,R,W,DO,F , ,N,C,100,0,0,1,,,1753494,5918306
Auckland,16/0/6.747,400,W, ,ST LUKES OBR,201449903,17/12/2014,Wed,1015,AA,CE1C,111A 177A 372A 901 ,G,E,W,O ,H , , ,C,80,0,0,0,,,1753427,5918323
Auckland,16/0/6.794,200,W, ,ST LUKES ON WBD,201445082,16/10/2014,Thu,1135,FD,CW1CT,181A 330A ,,R,D,B ,F , ,N,C,80,0,0,0,,,1753355,5918297
Auckland,16/0/6.847,500,W, ,ST LUKES OBR,201413761,05/06/2014,Thu,627,FD,CE1C4,181A ,,R,D,DO,F , ,N,R,80,0,0,1,,,1753328,5918311
Auckland,16/0/6.922,600,W, ,ST LUKES OBR,201447518,11/10/2014,Sat,350,CC,CW1,103A 130A 359A 817 ,G,R,D,DO,F , , ,C,100,0,0,0,,,1753232,5918266
Auckland,16/0/6.979,1000,W, ,ST LUKES OFF WBD,201435426,05/04/2014,Sat,1415,AC,CE1C,372B ,,E, ,BF,F , , , ,100,0,0,0,,,1753178,5918247
Auckland,16/0/7.022,700,W, ,ST LUKES OBR,201410954,28/01/2014,Tue,1830,FD,CW1CCC,181A ,,R,D,BF,F , ,N,N,100,0,0,1,,,1753138,5918232
Auckland,16/0/7.03,1200,E, ,GT NORTH OBR,201445220,24/09/2014,Wed,800,FD,CW1V,181A 331A 191B 817 ,,R,D,B ,F , , ,C,100,0,0,0,,,1753130,5918229
Auckland,16/0/7.094,500,W, ,ST LUKES ON WBD,201433996,10/04/2014,Thu,1840,FD,CW1C,181A 330A ,,E,D,TO,F , ,N,C,80,0,0,0,,,1753070,5918206
Auckland,16/0/7.122,800,W, ,ST LUKES OBR,201441006,13/08/2014,Wed,2125,FD,VW1CC,181A ,,R,W,DO,L , ,N,R,100,0,0,0,,,1753044,5918196
Auckland,16/0/7.172,850,W, ,ST LUKES OBR,201415044,13/08/2014,Wed,2125,AA,CW1CC,181A 197A ,,R,W,DO,L , , ,N,100,0,0,1,,,1752997,5918179
Auckland,16/0/7.217,600,E, ,CARRINGTON OBR,201442536,10/09/2014,Wed,815,FD,CE1C,181A ,,R,D,OF,F , ,N,R,100,0,0,0,,,1752978,5918191
Auckland,16/0/7.265,500,E, ,WATERVIEW OFF WBD,201446870,13/11/2014,Thu,1615,AC,TE1C,381A ,,R,D,B ,F , ,N,N,80,0,0,0,,,1752910,5918146
Auckland,16/0/7.265,500,E, ,WATERVIEW OFF WBD,201448889,10/12/2014,Wed,1845,FD,CW1XC,331A 801 ,,R,W,O ,L , , ,R,80,0,0,0,,,1752910,5918146
Auckland,16/0/7.565,200,E, ,WATERVIEW OFF WBD,201438590,28/06/2014,Sat,1644,FD,CW1C4,331A 350A 801 ,,R,W,DO,L , , ,C,80,0,0,0,,,1752626,5918049
Auckland,16/0/7.715,50,E, ,WATERVIEW OFF WBD,201448073,18/11/2014,Tue,2208,FD,CW1C4,181A 181B ,,R,D,TO,F , , ,C,80,0,0,0,,,1752480,5918016
Auckland,16/0/7.741,50,E, ,CARRINGTON OBR,201441058,04/08/2014,Mon,753,FD,4W1CC4,181A ,,R,D,BF,F , ,N,R,100,0,0,0,,,1752455,5918012
Auckland,16/0/7.741,50,E, ,CARRINGTON OBR,201442526,31/08/2014,Sun,0,FD,CW1C,103A 181A ,,R,W,DO,L , ,N,R,100,0,0,0,,,1752455,5918012
Auckland,16/0/7.767,50,E, ,CARRINGTON OBR,201410908,05/03/2014,Wed,855,FD,ME1C,181A ,,R,D,BF,F , ,N,N,100,0,0,2,,,1752453,5918030
Auckland,16/0/7.791,, ,A,CARRINGTON OBR,201417934,25/09/2014,Thu,744,AA,CW1M,372A 120B ,,R,D,B ,F , , ,C,80,0,0,1,,,1752405,5918006
Auckland,16/0/7.791,, ,A,CARRINGTON OBR,201434294,17/03/2014,Mon,1700,FD,4W1CV,181A 331A 353A ,,R,D,B ,F , , ,C,80,0,0,0,,,1752405,5918006
Auckland,16/0/7.865,100,W, ,WATERVIEW OFF WBD,201448636,27/11/2014,Thu,1630,AC,TW1C,177A 372A ,,R,D,B ,F , , ,C,80,0,0,0,,,1752331,5918006
Auckland,16/0/7.89,100,W, ,CARRINGTON OBR,201430883,25/01/2014,Sat,242,AO,VW1C,103A 120A ,,R,D,DO,F , ,N,C,100,0,0,0,,,1752306,5918005
Auckland,16/0/7.958,300,E, ,GT NORTH OBR,201442758,05/09/2014,Fri,751,FD,CE1CC,181A ,,R,D,BF,F , ,N,R,100,0,0,0,,,1752264,5918020
Auckland,16/0/7.99,200,W, ,CARRINGTON OBR,201440224,11/07/2014,Fri,1745,FA,CW1C,110A 331A 901 ,,R,W,DO,H , , ,C,100,0,0,0,,,1752207,5917994
Auckland,16/0/7.996,180,W, ,CARRINGTON OBR,201431527,12/01/2014,Sun,1825,AD,CE1C,101A 130A ,G,R,D,OF,F , , ,C,100,0,0,0,,,1752225,5918014
Auckland,16/0/8.016,200,W, ,CARRINGTON OBR,201438567,21/05/2014,Wed,702,FD,VE1C,110A 132A 181A 191B ,,E,W,B ,F , , ,C,100,0,0,0,,,1752206,5918011
Auckland,16/0/8.058,200,E, ,GT NORTH OBR,201450231,03/10/2014,Fri,955,AC,TE1C,372A 671A ,G,R,D,OF,F , ,N,R,100,0,0,0,,,1752165,5918004
Auckland,16/0/8.058,200,E, ,GT NORTH OBR,201446015,10/10/2014,Fri,1652,EB,CE1C,331A 402A 440B ,Q,M,D,BF,F , , ,C,100,0,0,0,,,1752165,5918004
Auckland,16/0/8.098,160,E, ,GT NORTH OBR,201431876,27/02/2014,Thu,612,AC,TE1C,372A 671A ,,R,D,DO,F , ,N,R,100,0,0,0,,,1752127,5917992
Auckland,16/0/8.116,300,W, ,CARRINGTON OBR,201445859,17/10/2014,Fri,807,FD,TE1T,112A 181A 331A ,,R,D,O ,F , , ,C,100,0,0,0,,,1752109,5917987
Auckland,16/0/8.158,100,E, ,GT NORTH OBR,201441342,04/08/2014,Mon,654,AA,CE1T,372A 381A 817 ,,E,D,B ,F , , ,C,100,0,0,0,,,1752069,5917975
Auckland,16/0/8.208,50,E, ,GT NORTH OBR,201433613,04/04/2014,Fri,936,FD,CE1C,181A 331A 191B ,,E,D,B ,F , , ,C,80,0,0,0,,,1752021,5917962
Auckland,16/0/8.21,20,E, ,GT NORTH OBR,201441219,19/07/2014,Sat,411,DB,CW1C,103A 111A 131A ,G,E,W,DO,F , , ,C,100,0,0,0,,,1751995,5917937
Auckland,16/0/8.23,, ,A,GT NORTH OBR,201448048,14/10/2014,Tue,556,AC,TW1C,372A ,,R,D,O ,F , , ,C,100,0,0,0,,,1751975,5917933
Auckland,16/0/8.28,50,W, ,GT NORTH OBR,201440575,25/07/2014,Fri,1614,FD,CW1C,130A 427A 801 ,,R,W,O ,L , , ,R,100,0,0,0,,,1751926,5917923
Auckland,16/0/8.376,, ,I,PT CHEV ON EBD,201447818,08/11/2014,Sat,1315,AA,CE1C,372A ,,R,D,BF,F ,T,N,R,100,0,0,0,,,1751855,5917935
Auckland,16/0/8.458,200,W, ,GT NORTH OBR,201436528,19/05/2014,Mon,904,FA,CE1M,131A 181A 402A ,,R,D,B ,F , , ,C,100,0,0,0,,,1751774,5917934
Auckland,16/0/8.458,200,W, ,GT NORTH OBR,201430886,17/02/2014,Mon,930,FD,CE1C,181A ,,R,D,BF,F , ,N,R,100,0,0,0,,,1751774,5917934
Auckland,16/0/8.53,300,W, ,GT NORTH OBR,201443655,04/09/2014,Thu,2145,FD,CW1C,181A ,,E,W,DO,L , , ,C,100,0,0,0,,,1751677,5917928
Auckland,16/0/8.558,300,W, ,GT NORTH OBR,201443539,12/08/2014,Tue,1722,AA,VE1M,372A 671A ,,R,D,TF,FF, ,N,N,100,0,0,0,,,1751675,5917947
Auckland,16/0/8.66,430,W, ,GT NORTH OBR,201443130,30/08/2014,Sat,2213,CA,CW1,130A 801 817 ,G,R,W,DO,L , , ,C,100,0,0,0,,,1751550,5917955
Auckland,16/0/8.73,500,W, ,GT NORTH OBR,201431994,26/03/2014,Wed,1911,FD,CW1C,181A ,,R,D,BF,F , ,N,R,100,0,0,0,,,1751482,5917970
Auckland,16/0/8.73,500,W, ,GT NORTH OBR,201434709,03/04/2014,Thu,2300,AD,CW14,133A ,,R,W,DO,F , ,N,R,80,0,0,0,,,1751482,5917970
Auckland,16/0/8.758,500,W, ,GT NORTH OBR,201411023,27/02/2014,Thu,640,FD,CE14VV,181A 331A 402A 181B 331B ,,R,D,DO,F , , ,C,100,0,0,1,,,1751479,5917989
Auckland,16/0/8.958,700,W, ,GT NORTH OBR,201450071,26/12/2014,Fri,2252,CA,CE1,101A 112A 130A ,G,R,D,DO,F , , ,N,100,0,0,0,,,1751282,5918017
Auckland,16/0/8.972,, ,I,WATERVIEW ON WBD,201447985,29/11/2014,Sat,1321,AC,CW1T,177A 184A 817 ,,M,D,B ,F ,T,N,C,80,0,0,0,,,1751243,5918003
Auckland,WATERVIEW ON WBD,, ,I,16/0/8.972,201438807,15/07/2014,Tue,1440,AA,CW1C,381A ,,R,D,BF,F ,Y,N,R,100,0,0,0,,,1751243,5918003
Auckland,16/0/9.022,50,W, ,WATERVIEW ON WBD,201442682,04/10/2014,Sat,1048,FD,VW1CC,181A ,,R,W,OF,L , ,N,R,80,0,0,0,,,1751193,5918002
Auckland,16/0/9.072,100,W, ,WATERVIEW ON WBD,201443656,04/09/2014,Thu,2129,FD,CW1T,181A ,,R,W,O ,L , , ,N,100,0,0,0,,,1751143,5918000
Auckland,16/0/9.242,270,W, ,WATERVIEW ON WBD,201445765,12/10/2014,Sun,957,AD,CW1T,150A 381A ,,R,D,B ,F , ,N,C,80,0,0,0,,,1750973,5917996
Auckland,16/7/0.22,560,W, ,WATERVIEW ON WBD,201442880,10/09/2014,Wed,57,FD,VE1C,181A 330A 191B ,,E,D,DO,F , ,N,N,80,0,0,0,,,1750683,5917995
Auckland,16/7/0.276,1550,E, ,ROSEBANK OBR,201414903,19/06/2014,Thu,1704,CA,PW1,191A ,,R,D,OF,F , ,N,R,100,0,1,0,,,1750627,5917995
Auckland,16/7/0.306,1500,E, ,ROSEBANK OBR,201416117,03/10/2014,Fri,2222,AC,CE1M,159A 801 ,G,R,W,DO,L , , ,C,80,0,0,1,,,1750597,5918010
Auckland,16/7/0.421,1500,W, ,GT NORTH OBR,201448168,27/11/2014,Thu,730,AA,VE1M,330A 372A ,G,R,D,B ,F , , ,C,100,0,0,0,,,1750482,5918009
Auckland,16/7/0.491,1000,E, ,ROSEBANK OFF WBD,201449000,11/09/2014,Thu,1830,AA,CW14,372A ,,R,D,DO,F , ,N,R,100,0,0,0,,,1750412,5917995
Auckland,16/7/0.66,1000,W, ,WATERVIEW ON WBD,201437099,12/05/2014,Mon,214,CB,CW1,410A ,G,R,D,DO,F , , ,C,100,0,0,0,,,1750243,5917995
Auckland,16/7/0.826,1000,E, ,ROSEBANK OBR,201446534,27/10/2014,Mon,1948,EB,CW1CC,331A ,Q,R,W,DO,L , , ,N,80,0,0,0,,,1750077,5918002
Auckland,16/7/0.891,600,E, ,ROSEBANK OFF WBD,201416924,11/09/2014,Thu,1832,FD,CW1CCV,181A ,,R,D,DO,F , ,N,R,100,0,0,3,,,1750012,5918006
Auckland,16/7/0.913,500,E, ,ROYAL ON EBD,201415737,07/08/2014,Thu,643,AG,ME1C,381A ,,R,W,OF,F , ,N,C,80,0,0,1,,,1749991,5918022
Auckland,16/7/1.291,200,E, ,ROSEBANK OFF WBD,201418809,24/09/2014,Wed,635,CC,CW1,198A ,G,R,D,OF,F , ,N,C,100,0,0,1,,,1749613,5918030
Auckland,16/7/1.313,100,E, ,ROSEBANK ON EBD,201411634,03/03/2014,Mon,700,CA,ME1,181A 191A ,,R,W,BF,L , ,N,N,80,0,0,1,,,1749592,5918049
Auckland,16/7/1.341,150,E, ,ROSEBANK OFF WBD,201449138,28/11/2014,Fri,1100,CC,CW1,136A 631A ,G,R,D,OF,F , ,N,C,100,0,0,0,,,1749564,5918039
Auckland,16/7/1.363,50,E, ,ROSEBANK ON EBD,201449010,12/12/2014,Fri,1022,FD,CE1VC,181A ,,R,W,OF,L , ,N,R,80,0,0,0,,,1749544,5918063
Auckland,16/7/1.363,50,E, ,ROSEBANK ON EBD,201430659,12/02/2014,Wed,652,FD,VE14,132A 181A 191B ,,R,D,O ,F , ,N,C,100,0,0,0,,,1749544,5918063
Auckland,16/7/1.411,80,E, ,ROSEBANK OFF WBD,201443499,20/09/2014,Sat,1403,CB,4W1,129A 350A ,G,R,D,O ,F , ,N,R,80,0,0,0,,,1749496,5918057
Auckland,16/7/1.526,300,E, ,ROSEBANK OBR,201438619,09/06/2014,Mon,1617,AA,CW1M,372A ,,R,W,DO,F , , ,C,80,0,0,0,,,1749393,5918107
Auckland,16/7/1.691,200,W, ,ROSEBANK OFF WBD,201449134,02/10/2014,Thu,700,CB,4W1,130A 517A ,G,R,D,OF,F , ,N,R,100,0,0,0,,,1749254,5918196
Auckland,16/7/1.756,1000,E, ,PATIKI ON WBD,201436740,29/05/2014,Thu,1852,FD,CW1CC,181A ,,R,W,DO,F , ,N,N,80,0,0,0,,,1749199,5918231
Auckland,16/7/1.756,50,E, ,ROSEBANK OBR,201448645,26/11/2014,Wed,1626,AC,CS1C,177A 357A ,,R,D,O ,F , , ,R,80,0,0,0,,,1749201,5918252
Auckland,16/7/1.786,20,E, ,ROSEBANK OBR,201442318,19/08/2014,Tue,2059,FA,CE1C,181A 377A 191B 830 ,,R,W,DO,F , ,N,C,100,0,0,0,,,1749176,5918268
Auckland,16/7/1.796,30,E, ,ROSEBANK OBR,201437375,20/05/2014,Tue,1914,FD,CW1C,181A ,,E,D,DO,F , ,N,R,100,0,0,0,,,1749166,5918252
Auckland,16/7/1.856,30,W, ,ROSEBANK OBR,201438561,18/06/2014,Wed,1845,FD,CW1CC,331A 358A 801 817 ,,R,W,DO,L , , ,C,100,0,0,0,,,1749115,5918284
Auckland,16/7/1.906,100,W, ,ROSEBANK OBR,201441654,06/08/2014,Wed,829,FD,BE1CC,181A 181B 801 ,,R,W,B ,L , , ,N,100,0,0,0,,,1749075,5918333
Auckland,16/7/1.926,100,W, ,ROSEBANK OBR,201416921,12/09/2014,Fri,1646,FD,CW14,181A ,,R,W,OF,L , ,N,C,100,0,0,2,,,1749056,5918322
Auckland,16/7/2.006,200,W, ,ROSEBANK OBR,201417948,11/12/2014,Thu,1620,FF,CE14CT,372A 386A ,,E,D,O ,F , , ,C,100,0,0,1,,,1748991,5918387
Auckland,16/7/2.026,220,N, ,ROSEBANK OBR,201445864,08/10/2014,Wed,1625,FA,CS1C,330A 386A ,,R,D,B ,F , , ,C,100,0,0,0,,,1748974,5918398
Auckland,16/7/2.284,300,E, ,PATIKI OBR,201449015,09/12/2014,Tue,1415,AO,TE1T,381A ,,R,D,BF,F , ,N,R,100,0,0,0,,,1748760,5918543
Auckland,16/7/2.381,200,S, ,PATIKI OBR,201416418,02/10/2014,Thu,1643,FD,CN1C,110A 331A 801 ,,R,W,O ,L , , ,C,100,0,1,0,,,1748681,5918578
Auckland,16/7/2.524,60,E, ,PATIKI OBR,201417466,29/10/2014,Wed,738,FD,ME1C,181A ,,R,W,OF,H , ,N,N,100,0,0,1,,,1748580,5918698
Auckland,16/7/2.534,50,S, ,PATIKI OBR,201442919,21/08/2014,Thu,1055,AC,TS1C,350A 372A ,,E,D,B ,F , , ,C,80,0,0,0,,,1748574,5918706
Auckland,16/7/2.581,, ,A,PATIKI OBR,201447362,28/10/2014,Tue,2108,EC,CN1C4,191A 341A 181B ,C,E,W,O ,FF, ,N,C,80,0,0,0,,,1748542,5918720
Auckland,16/7/2.606,150,E, ,PATIKI ON WBD,201439639,08/07/2014,Tue,1720,FD,CW1C,181A ,,E,W,O ,L , , ,C,100,0,0,0,,,1748526,5918740
Auckland,16/7/2.629,50,N, ,PATIKI OBR,201414221,27/07/2014,Sun,523,DA,CN1,130A 410A ,G,E,D,DO,F , ,N,N,100,0,0,1,,,1748515,5918759
Auckland,16/7/2.664,80,N, ,PATIKI OBR,201411131,29/01/2014,Wed,753,FD,MS1C,331A 350A ,,E,D,O ,F , , ,C,80,0,1,0,,,1748502,5918815
Auckland,16/7/2.756,, ,I,PATIKI ON WBD,201415632,30/08/2014,Sat,255,AA,TN1V,181A 193B ,,R,D,DO,F ,T,N,C,80,0,0,1,,,1748451,5918870
Auckland,16/7/2.779,200,W, ,PATIKI OBR,201412874,14/05/2014,Wed,1852,FD,CN14,181A 331A 402A ,,R,D,TO,F , , ,C,100,0,0,1,,,1748440,5918889
Auckland,16/7/2.779,200,W, ,PATIKI OBR,201435353,13/02/2014,Thu,2251,DB,CW1,108A 131A ,G,E,D,DO,F , , ,R,100,0,0,0,,,1748440,5918889
Auckland,16/7/2.856,100,N, ,PATIKI ON WBD,201438560,19/06/2014,Thu,607,CA,CN1C,137A 197A 197B ,,R,D,DO,F , , ,C,100,0,0,0,,,1748402,5918957
Auckland,16/7/2.954,1000,E, ,TE ATATU OFF WBD,201439266,24/06/2014,Tue,644,AA,CW14,197A ,,E,D,DO,F , , ,C,100,0,0,0,,,1748350,5919040
Auckland,16/7/3.256,500,W, ,PATIKI ON WBD,201443902,13/05/2014,Tue,1810,AO,CW1C,381A ,,R,D,DO,F , ,N,R,100,0,0,0,,,1748124,5919235
Auckland,16/7/3.356,600,W, ,PATIKI ON WBD,201414452,05/07/2014,Sat,1130,AA,CW1T,372A ,G,E,D,BF,F , ,N,N,100,0,0,1,,,1748034,5919279
Auckland,16/7/3.379,800,N, ,PATIKI OBR,201418291,26/11/2014,Wed,2101,AA,CN1C,386A ,G,R,D,DO,F , , ,C,80,0,0,1,,,1748014,5919289
Auckland,16/7/3.454,500,E, ,TE ATATU OFF WBD,201433854,17/04/2014,Thu,1755,AO,VW1T,103A 129A ,,R,D,O ,F , , ,C,80,0,0,0,,,1747946,5919322
Auckland,16/7/3.481,400,E, ,TE ATATU ON EBD EAST,201431027,17/02/2014,Mon,1700,AO,CE1C,125A 128A 130A ,G,R,D,B ,F , ,N,C,80,0,0,0,,,1747924,5919354
Auckland,16/7/3.581,300,E, ,TE ATATU ON EBD EAST,201445108,22/09/2014,Mon,837,FD,TE14C,331A 901 ,,R,W,O ,H , , ,C,80,0,0,0,,,1747834,5919398
Auckland,16/7/3.606,600,E, ,TE ATATU OBR,201436420,06/05/2014,Tue,829,CA,MW1,181A 191A ,,R,W,BF,F , ,N,C,100,0,0,0,,,1747810,5919389
Auckland,16/7/3.654,300,S, ,TE ATATU OFF WBD,201447239,05/11/2014,Wed,1659,FD,CN1C,181A 331A 359A ,,R,D,B ,F , , ,R,100,0,0,0,,,1747766,5919410
Auckland,16/7/3.708,500,E, ,TE ATATU OBR,201441070,29/07/2014,Tue,825,FF,ME1C,132A 181A ,,R,D,BF,F , ,N,R,100,0,0,0,,,1747719,5919453
Auckland,16/7/3.756,1000,W, ,PATIKI ON WBD,201441068,18/07/2014,Fri,1600,FA,TW14,181A ,,R,D,OF,F , ,N,R,100,0,0,0,,,1747675,5919455
Auckland,16/7/3.854,100,E, ,TE ATATU OFF WBD,201438823,18/07/2014,Fri,1524,FD,4W14,181A 363A 902 ,,R,D,BF,F , ,N,R,100,0,0,0,,,1747587,5919498
Auckland,16/7/3.881,, ,I,TE ATATU ON EBD EAST,201446573,30/10/2014,Thu,925,FE,CE1C,331A 903 ,,R,W,B ,FS,T,T,C,100,0,0,0,,,1747563,5919528
Auckland,16/7/3.904,50,E, ,TE ATATU OFF WBD,201436320,17/03/2014,Mon,1745,FD,CW1C,181A ,,E,D,BF,F , ,N,C,100,0,0,0,,,1747542,5919520
Auckland,16/7/3.906,300,E, ,TE ATATU OBR,201432994,22/03/2014,Sat,1704,FD,4W1V,197A 331A ,,E,D,B ,F , , ,C,80,0,0,0,,,1747540,5919521
Auckland,16/7/3.908,300,E, ,TE ATATU OBR,201438811,18/07/2014,Fri,654,FD,VE1VCC,181A ,,R,D,BF,F , ,N,R,100,0,0,0,,,1747539,5919540
Auckland,16/7/3.911,30,N, ,TE ATATU ON EBD EAST,201433171,18/03/2014,Tue,1453,AC,CN1C,159A ,,R,D,B ,F , , ,N,100,0,0,0,,,1747536,5919541
Auckland,16/7/3.954,, ,I,TE ATATU OFF WBD,201443138,29/08/2014,Fri,1844,AO,CW2C,184A ,,E,D,DO,F ,T,N,C,80,0,0,0,,,1747497,5919542
Auckland,16/7/3.954,, ,I,TE ATATU OFF WBD,201438951,29/06/2014,Sun,245,AC,CW1C,159A 372A 137B ,G,R,D,DO,F ,Y,N,R,100,0,0,0,,,1747497,5919542
Auckland,16/7/4.054,100,W, ,TE ATATU OFF WBD,201433150,05/03/2014,Wed,2230,FD,CW1C,181A ,,E,D,DO,F , , ,C,100,0,0,0,,,1747407,5919586
Auckland,16/7/4.106,100,E, ,TE ATATU OBR,201435768,15/05/2014,Thu,1642,FA,CW1C,181A 331A 402A ,,R,D,O ,F , , ,C,70,0,0,0,,,1747360,5919608
Auckland,16/7/4.184,80,S, ,TE ATATU ROAD,201417254,11/10/2014,Sat,110,FA,CN1C,103A 112A 331A 817 ,G,R,D,DO,F , , ,R,100,0,1,1,,,1747291,5919660
Auckland,16/7/4.186,20,E, ,TE ATATU OBR,201444083,02/09/2014,Tue,1623,FD,CW1CC,331A 352A ,,R,D,OF,F , ,N,R,100,0,0,0,,,1747288,5919642
Auckland,16/7/4.203,5,E, ,TE ATATU OBR,201432762,19/03/2014,Wed,739,FA,CE1C,181A 331A ,,R,D,O ,F , , ,C,80,0,0,0,,,1747273,5919669
Auckland,16/7/4.206,, ,A,TE ATATU OBR,201446540,28/10/2014,Tue,1645,AO,CW1C,386A 402A ,,E,W,O ,L , , ,R,100,0,0,0,,,1747270,5919651
Auckland,16/7/4.208,, ,A,TE ATATU OBR,201441072,26/07/2014,Sat,1230,EC,TE1,686A ,B,R,D,BF,F , ,N,R,100,0,0,0,,,1747269,5919671
Auckland,16/7/4.256,50,W, ,TE ATATU OBR,201434687,12/03/2014,Wed,1742,FD,CW1C,181A ,,R,D,OF,F , ,N,C,100,0,0,0,,,1747225,5919673
Auckland,16/7/4.264,, ,I,TE ATATU ON EBD WEST,201438367,29/04/2014,Tue,924,DB,CS1C,111A 131A 801 ,G,S,W,O ,L ,T,S,C,100,0,0,0,,,1747219,5919696
Auckland,16/7/4.264,, ,I,TE ATATU ON EBD WEST,201443657,04/09/2014,Thu,1757,BF,CE2C,111A 131A ,,M,W,OO,L ,T,N,C,80,0,0,0,,,1747219,5919696
Auckland,16/7/4.464,200,W, ,TE ATATU ROAD,201440504,18/07/2014,Fri,1524,FD,CW1V,181A 331A 191B ,,R,D,B ,F , , ,C,80,0,0,0,,,1747039,5919783
Auckland,16/7/4.472,50,E, ,TE ATATU OFF EBD,201414783,06/08/2014,Wed,1714,FD,CS1CC4,112A 331A 632A ,,R,D,O ,F , , ,C,100,0,0,1,,,1747031,5919786
Auckland,16/7/4.502,20,E, ,TE ATATU OFF EBD,201444351,25/09/2014,Thu,1744,FD,CE1C,331A ,,R,D,TF,F , , ,C,80,0,0,0,,,1747004,5919799
Auckland,16/7/4.505,300,W, ,TE ATATU OBR,201445107,03/10/2014,Fri,2236,FA,CE1C,331A 801 ,,R,W,DO,L , , ,C,80,0,0,0,,,1747001,5919801
Auckland,16/7/4.505,300,W, ,TE ATATU OBR,201449579,26/12/2014,Fri,2339,CB,CE1,129A 130A 817 ,G,R,D,DO,F , , ,C,100,0,0,0,,,1747001,5919801
Auckland,16/7/4.522,, ,I,TE ATATU OFF EBD,201442725,29/08/2014,Fri,1145,CA,OE1C,668A ,D,R,D,BF,F ,Y,N,R,100,0,0,0,,,1746986,5919808
Auckland,16/7/4.523,100,W, ,TE ATATU ON WBD,201438622,09/06/2014,Mon,1850,FD,4W1CC,181A 181B ,,R,W,DO,F , , ,N,80,0,0,0,,,1746985,5919790
Auckland,16/7/4.606,400,W, ,TE ATATU OBR,201440997,11/08/2014,Mon,1925,FD,CW1CB,181A 181C ,,R,D,DO,F , ,N,R,100,0,0,0,,,1746911,5919827
Auckland,16/7/4.622,100,W, ,TE ATATU OFF EBD,201417447,03/11/2014,Mon,1735,FD,CE1CCC,181A ,,R,D,BF,F , ,N,R,100,0,0,2,,,1746897,5919853
Auckland,16/7/4.706,500,W, ,TE ATATU OBR,201442155,14/08/2014,Thu,1930,AA,CW1M,159A 817 ,,R,W,DO,L , , ,C,100,0,0,0,,,1746822,5919872
Auckland,16/7/4.784,520,W, ,TE ATATU ROAD,201430508,15/01/2014,Wed,1152,CB,TW1,191A 197A ,,R,D,B ,F , , ,C,100,0,0,0,,,1746753,5919927
Auckland,16/7/5.206,1000,N, ,TE ATATU OBR,201448686,23/10/2014,Thu,1650,AA,VW1T,330A 372A ,,R,D,O ,F , , ,C,100,0,0,0,,,1746389,5920123
Auckland,16/7/5.565,400,S, ,LINCOLN ON EBD,201410204,12/01/2014,Sun,405,AF,CS1C,112A 158A ,G,R,D,DO,F , ,N,C,70,0,0,1,,,1746091,5920338
Auckland,16/7/5.62,700,E, ,LINCOLN OBR,201412350,26/03/2014,Wed,1840,CA,CE1,130A ,G,R,D,O ,F , , ,R,100,0,0,1,,,1746041,5920348
Auckland,16/7/5.686,10,E, ,LINCOLN OFF WBD,201435111,06/04/2014,Sun,804,CC,CW1,130A 410A ,G,R,D,B ,F ,T,T,C,70,0,0,0,,,1745987,5920384
Auckland,16/7/5.696,, ,I,LINCOLN OFF WBD,201448637,16/11/2014,Sun,1026,CA,CN14,130A 504A 903 ,,R,D,O ,FS,T,N,C,80,0,0,0,,,1745978,5920389
Auckland,16/7/5.766,70,W, ,LINCOLN OFF WBD,201431580,17/01/2014,Fri,1643,FD,CW1C,181A 191B ,,R,D,B ,F , , ,C,80,0,0,0,,,1745920,5920427