TLANAME,CRASHROAD,CRASHDIST,CRASHDIRN,INTSN,SIDEROAD,CRASHID,CRASHDATE,CRASHDOW,CRASHTIME,MVMT,VEHICLES,CAUSES,OBJECTSSTRUCK,ROADCURVE,ROADWET,LIGHT,WTHRa,JUNCTYPE,TRAFCTRL,ROADMARK,SPDLIM,CRASHFATALCNT,CRASHSEVCNT,CRASHMINCNT,PERSAGE1,PERSAGE2,EASTING,NORTHING
Auckland,16/7/5.845,120,E, ,LINCOLN ON EBD,201447929,18/11/2014,Tue,625,AG,ME1V,159A ,,R,D,O ,F , , ,C,50,0,0,0,,,1745857,5920492
Auckland,16/7/5.915,50,E, ,LINCOLN ON EBD,201431993,15/03/2014,Sat,1840,FD,CE1C,331A 353A 817 ,,E,W,OF,L , ,N,R,100,0,0,0,,,1745798,5920531
Auckland,16/7/5.945,20,E, ,LINCOLN ON EBD,201436600,14/05/2014,Wed,658,FD,CE1C4,112A 181A ,,R,W,O ,F , ,N,C,80,0,0,0,,,1745773,5920547
Auckland,16/7/5.965,, ,I,LINCOLN ON EBD,201443893,13/08/2014,Wed,1105,AO,CE1T,184B ,,R,D,BF,F ,Y,N,C,80,0,0,0,,,1745756,5920558
Auckland,16/7/5.965,, ,I,LINCOLN ON EBD,201435636,30/04/2014,Wed,1832,AA,CS1V,372A 402A ,,R,D,DO,F ,T,N,C,70,0,0,0,,,1745756,5920558
Auckland,16/7/5.965,, ,I,LINCOLN ON EBD,201415392,26/07/2014,Sat,1940,LB,CS1C,322A 334A ,,E,D,DO,F ,M,T,R,50,0,1,1,,,1745756,5920558
Auckland,16/7/6.015,50,W, ,LINCOLN ON EBD,201414879,25/07/2014,Fri,746,FD,CE1CC,181A ,,R,D,BF,F , ,N,N,100,0,0,1,,,1745715,5920586
Auckland,16/7/6.12,200,E, ,LINCOLN OBR,201431882,15/03/2014,Sat,1840,CA,CE1,137A 407A ,G,R,W,OF,L , ,N,R,100,0,0,0,,,1745623,5920622
Auckland,16/7/6.27,50,E, ,LINCOLN OBR,201414340,21/06/2014,Sat,759,FA,CW1C,181A 817 ,,R,W,O ,F , , ,C,100,0,0,1,,,1745501,5920709
Auckland,16/7/6.32,, ,A,LINCOLN OBR,201430309,14/01/2014,Tue,741,AO,VE1V,129A ,,R,D,O ,F , ,N,C,100,0,0,0,,,1745461,5920739
Auckland,16/7/6.415,20,E, ,LINCOLN ON WBD,201435427,08/04/2014,Tue,822,FD,CE1C,181A 330A ,,R,D,BF,F , ,N,N,100,0,0,0,,,1745388,5920799
Auckland,16/7/6.435,, ,I,LINCOLN ON WBD,201435423,10/01/2014,Fri,1040,GF,ON1C,179A 381A ,,M,D,B ,F ,Y,N,N,100,0,0,0,,,1745373,5920812
Auckland,16/7/6.445,10,N, ,LINCOLN ON WBD,201438589,14/06/2014,Sat,1228,FD,CN1C,112A 331A 353A ,,R,D,B ,F ,T,N,C,100,0,0,0,,,1745365,5920819
Auckland,16/7/6.455,20,W, ,LINCOLN ON WBD,201418483,13/10/2014,Mon,1904,CA,MN1,104A 130A ,G,R,D,O ,F , , ,C,80,0,1,0,,,1745358,5920825
Auckland,16/7/6.515,80,W, ,LINCOLN ON WBD,201410292,12/02/2014,Wed,1318,FD,VW1V,181A 330A ,,R,D,B ,F , ,N,C,80,0,0,1,,,1745312,5920865
Auckland,16/7/6.52,200,W, ,LINCOLN OBR,201438808,22/07/2014,Tue,836,CA,VW1,130A 501A ,G,R,W,BF,F , ,N,R,100,0,0,0,,,1745308,5920868
Auckland,16/7/6.716,400,W, ,LINCOLN OBR,201441075,28/07/2014,Mon,900,FD,CE1CT,331A 353A ,,R,D,BF,F , ,N,C,100,0,0,0,,,1745168,5921023
Auckland,16/7/6.795,480,N, ,LINCOLN OBR,201445860,16/10/2014,Thu,1152,QG,CN1CV4,682A 181D 197D 331D ,D,R,D,B ,F , , ,C,100,0,0,0,,,1745108,5921056
Auckland,16/7/6.916,600,W, ,LINCOLN OBR,201415542,02/09/2014,Tue,720,FD,VS1C,181A 191B ,,R,D,B ,F , , ,C,80,0,0,1,,,1745024,5921162
Auckland,16/7/7.133,100,N, ,HURUHURU OBR,201440932,28/05/2014,Wed,1850,FF,CW1C,434A ,,R,D,DO,F , ,N,C,100,0,0,0,,,1744864,5921289
Auckland,16/7/7.339,1200,S, ,ROYAL OBR,201436296,16/05/2014,Fri,1913,AA,CN1C,372A ,,R,D,DO,F , , ,C,100,0,0,0,,,1744714,5921430
Auckland,16/7/7.689,850,S, ,ROYAL OBR,201439005,01/07/2014,Tue,255,DA,CW1,103A 410A ,G,E,W,DO,L , ,N,R,100,0,0,0,,,1744519,5921717
Auckland,16/7/8.009,500,E, ,ROYAL OBR,201448459,18/10/2014,Sat,1907,CB,CE1,103A 137A ,P,R,W,BF,H , ,N,R,100,0,0,0,,,1744472,5922058
Auckland,16/7/8.151,100,S, ,ROYAL OFF WBD,201433612,05/04/2014,Sat,942,AA,CN1C,381A ,,E,D,B ,F , , ,C,100,0,0,0,,,1744440,5922171
Auckland,16/7/8.204,20,S, ,ROYAL ON EBD,201445312,13/09/2014,Sat,1345,AA,TS1C,184A 330A ,,R,D,B ,F , , ,C,100,0,0,0,,,1744450,5922252
Auckland,16/7/8.251,, ,I,ROYAL OFF WBD,201448177,29/11/2014,Sat,325,CB,CN1,102A 130A 412A ,S,R,D,DO,F ,T,N,R,100,0,0,0,,,1744429,5922270
Auckland,16/7/8.254,30,N, ,ROYAL ON EBD,201434561,27/02/2014,Thu,810,FD,CS1C,181A ,,R,D,BF,F , ,N,R,100,0,0,0,,,1744444,5922302
Auckland,16/7/8.839,300,N, ,ROYAL OBR,201430591,02/02/2014,Sun,1736,DB,CN1,131A 402A ,G,E,D,B ,F , , ,N,100,0,0,0,,,1744334,5922849
Auckland,BRIGHAM CREEK ROAD,, ,I,16/7/12.907,201435796,15/05/2014,Thu,1530,AA,VW1C,101A 177A ,,M,D,B ,F ,R,G,C,50,0,0,0,,,1742501,5926444
Auckland,16/7/12.924,, ,I,FRED TAYLOR DRIVE,201413899,20/06/2014,Fri,1641,GC,MN14,171B 340B ,,E,D,B ,F ,R,G,R,80,0,0,1,,,1742480,5926410
Auckland,16/7/12.924,, ,I,FRED TAYLOR DRIVE N,201434295,22/03/2014,Sat,1300,GB,4N1C,197A 370A 172B 372B ,,M,D,B ,F ,R,G,C,80,0,0,0,,,1742480,5926410
Auckland,16/7/12.984,, ,I,FRED TAYLOR DRIVE,201443348,27/08/2014,Wed,334,DA,CN1,103A 357A 817 ,IPR,E,D,DN,F ,R,G,R,70,0,0,0,,,1742475,5926470
Auckland,16/7/12.984,, ,I,FRED TAYLOR DRIVE,201444131,13/09/2014,Sat,500,DB,CN1,131A 410A ,IPX,E,W,DO,M ,R,G,R,100,0,0,0,,,1742475,5926470
Auckland,16/7/12.984,, ,I,FRED TAYLOR DRIVE,201430236,14/01/2014,Tue,745,AA,VS1C,372A ,,E,D,B ,F ,R,G,C,80,0,0,0,,,1742475,5926470
Auckland,16/19/0,, ,I,BRIGHAM CREEK ROAD,201440512,18/06/2014,Wed,1135,GF,CS1C,129A 129B 801 ,,S,W,O ,L ,R,G,R,80,0,0,0,,,1742452,5926465
Auckland,16/19/0.316,5,N, ,KENNEDYS ROAD,201432184,19/01/2014,Sun,1530,FD,CS1CCC,331A ,,R,D,B ,F ,T,N,L,50,0,0,0,,,1742262,5926713
Auckland,16/19/0.881,570,N, ,KENNEDYS ROAD,201412959,01/06/2014,Sun,1300,GD,CS14,331A 350A 929 ,,R,D,B ,F ,D,N,C,80,0,0,1,,,1741764,5926976
Auckland,16/19/1.049,500,S, ,COATESVILLE-RIVERHEAD HIG,201444078,04/09/2014,Thu,214,EC,VS1,912,W,R,D,DO,M , ,N,C,80,0,0,0,,,1741630,5927076
Auckland,COATESVILLE-RIVERHEAD HIG,, ,I,16/19/1.549,201441118,24/06/2014,Tue,655,FB,VS14,181A ,,R,D,DO,F ,T,S,R,50,0,0,0,,,1741287,5927439
Auckland,16/19/1.549,, ,I,COATESVILLE-RIVERHEAD HIG,201447603,23/11/2014,Sun,1617,EC,CN1,129A ,I,E,D,BF,F ,T,S,R,80,0,0,0,,,1741287,5927439
Auckland,16/19/1.549,, ,I,COATESVILLE-RIVERHEAD HIG,201415019,08/08/2014,Fri,1323,KB,TW1C,301B 382B ,,E,D,O ,F ,T,S,C,80,0,0,1,,,1741287,5927439
Auckland,16/19/1.549,, ,I,COATESVILLE-RIVERHEAD HIG,201413162,19/05/2014,Mon,948,LB,CE2C,197A 303A 353A ,,E,D,B ,F ,T,S,L,80,0,0,2,,,1741287,5927439
Auckland,TAUPAKI ROAD,, ,I,16/19/2.177,201411518,22/02/2014,Sat,1549,DB,CW2,103A 131A ,FIS,E,D,BF,F ,R,G,R,80,0,0,1,,,1740669,5927578
Auckland,16/19/2.724,500,W, ,TAUPAKI ROAD,201400085,17/04/2014,Thu,1856,AC,4W14CV,159A 197B ,,E,D,TO,F , , ,C,80,1,4,2,,,1740271,5927799
Auckland,16/19/2.874,800,S, ,OLD RAILWAY ROAD,201434602,23/04/2014,Wed,1500,FD,CN1C,331A 352A ,,R,D,OF,F , ,N,C,80,0,0,0,,,1740223,5927942
Auckland,16/19/2.954,730,W, ,OLD NORTH ROAD,201433323,27/03/2014,Thu,1145,GD,VN1C,333A 929 ,,R,D,BF,F ,D,N,C,80,0,0,0,,,1740197,5928017
Auckland,16/19/2.974,750,W, ,OLD NORTH ROAD,201416975,25/10/2014,Sat,1415,FD,CE1C,181A ,,R,D,BN,F , ,N,C,80,0,0,1,,,1740191,5928036
Auckland,16/19/3.474,200,S, ,OLD RAILWAY ROAD,201434637,23/04/2014,Wed,1440,GD,VS14,333A 358A 929 ,,R,D,BF,F ,D,N,L,80,0,0,0,,,1739911,5928428
Auckland,16/19/3.87,, ,I,RIVERHEAD ROAD,201440511,09/07/2014,Wed,1509,BB,4E1C,103A 123A 801 ,,E,W,O ,L ,T,G,P,60,0,0,0,,,1739586,5928652
Auckland,16/19/3.87,, ,I,RIVERHEAD ROAD,201412208,20/04/2014,Sun,1236,JA,CE14,350A 302B 375B ,,E,W,O ,F ,T,G,C,60,0,0,1,,,1739586,5928652
Auckland,16/19/4.281,15,W, ,WEZA LANE,201413815,18/06/2014,Wed,1415,GD,4W1C,331A 350A 378A 902 927 ,,R,D,B ,F ,D, ,C,60,0,1,1,,,1739192,5928646
Auckland,16/19/4.551,, ,I,ACCESS ROAD,201436482,21/05/2014,Wed,629,DB,CN2V,131A 133A ,,R,D,TO,F ,T,T,C,50,0,0,0,,,1738960,5928779
Auckland,16/19/4.627,1000,E, ,MATUA ROAD E,201433798,07/04/2014,Mon,1150,JA,VE1V,308B 929 ,,R,D,B ,F ,D,N,P,60,0,0,0,,,1738888,5928803
Auckland,16/19/4.701,150,W, ,ACCESS ROAD,201411158,04/04/2014,Fri,1300,JA,CE1C,308B 377B 925 ,,R,D,B ,F ,D,S,P,60,0,0,2,,,1738825,5928841
Auckland,16/19/5.677,50,W, ,MATUA ROAD E,201400071,01/04/2014,Tue,1550,NB,TW1E,507B 710B ,,R,D,BF,F , , ,P,60,1,0,0,90,,1737957,5929258
Auckland,16/19/5.677,50,W, ,MATUA ROAD E,201417570,26/11/2014,Wed,1215,NB,VW1E,711B ,,R,W,OF,L , ,N,C,50,0,0,1,84,,1737957,5929258
Auckland,16/19/5.811,, ,I,ORAHA ROAD,201416195,11/10/2014,Sat,1847,JA,VE1C,302B 902 ,,R,D,B ,F ,T,G,C,60,0,0,2,,,1737829,5929297
Auckland,16/19/8.27,150,E, ,MATUA ROAD W,201439630,29/06/2014,Sun,718,BF,CW1V,101A 410A ,,R,D,DN,F , , ,C,100,0,0,0,,,1735486,5929935
Auckland,16/19/8.776,, ,I,FOSTER ROAD,201430034,10/01/2014,Fri,1630,GD,CE1C,181A 333A ,,R,D,ON,F ,T,N,C,100,0,0,0,,,1734980,5929967
Auckland,16/19/9.583,10,E, ,JOYCE ADAMS PLACE,201448162,23/11/2014,Sun,1047,QG,CE1C,682A 198B ,D,R,D,O ,F ,T,S,C,100,0,0,0,,,1734175,5929988
Auckland,16/19/9.593,, ,I,JOYCE ADAMS PLACE,201414219,08/07/2014,Tue,720,GD,CW1C,181A 333A 350A ,,R,D,DO,F ,T,N,C,100,0,0,2,,,1734165,5929987
Auckland,16/19/9.626,850,W, ,FOSTER ROAD,201413085,07/05/2014,Wed,1420,NB,TW1E,711B ,,R,D,OF,L , ,N,L,100,0,1,0,16,,1734132,5929984
Auckland,16/19/9.633,40,W, ,JOYCE ADAMS PLACE,201412062,20/04/2014,Sun,1211,GD,CW1C,331A 353A 926 ,,R,W,O ,L ,D,N,C,100,0,0,1,,,1734125,5929984
Auckland,16/19/10.677,, ,I,WAIMAUKU STATION ROAD,201410323,18/01/2014,Sat,1300,LB,CS2C,301A 387A ,,R,D,ON,F ,X,S,C,70,0,0,2,,,1733167,5929690
Auckland,16/19/10.677,, ,I,WAIMAUKU STATION ROAD,201448071,02/11/2014,Sun,935,HA,CW14,302B ,,E,D,B ,F ,X,G,C,50,0,0,0,,,1733167,5929690
Auckland,16/19/10.693,, ,I,MURIWAI ROAD,201438959,24/06/2014,Tue,1715,HA,CW1V,301B 375B ,,R,D,DO,F ,X,S,C,70,0,0,0,,,1733152,5929686
Auckland,16/19/11.803,1110,W, ,MURIWAI ROAD,201400155,18/07/2014,Fri,2016,DA,MW1,103A 131A 412A ,FP,M,W,DN,F , , ,L,100,1,0,0,,,1732074,5929816
Auckland,16/19/15.697,770,S, ,RESTAL ROAD,201431980,08/01/2014,Wed,825,MC,VS14,372B ,,R,D,BN,F , ,N,C,100,0,0,0,,,1728929,5931660
Auckland,16/19/15.967,500,E, ,RESTAL ROAD,201411153,30/03/2014,Sun,2045,EO,TN1C,129A 443B 692B ,QP,R,D,DN,F , , ,C,100,0,1,1,,,1728720,5931820
Auckland,16/37/0.907,150,S, ,KIWITAHI ROAD,201440493,01/08/2014,Fri,1449,CB,CS1,130A 415A ,X,R,D,O ,F , ,N,C,100,0,0,0,,,1728699,5932929
Auckland,16/37/5.196,450,S, ,BRADLY ROAD S,201431332,07/03/2014,Fri,830,DA,CS1,131A ,G,M,D,BN,F , ,N,N,80,0,0,0,,,1728420,5937044
Auckland,16/37/6.959,600,S, ,RIMMER ROAD,201416338,13/10/2014,Mon,2300,DB,CS1,101A 111A ,FT,M,D,DN,F , ,N,C,100,0,1,0,,,1727653,5938540
Auckland,16/37/7.259,300,S, ,RIMMER ROAD,201416224,11/09/2014,Thu,1745,DA,4N1,501A ,G,E,W,O ,F , , ,C,100,0,0,1,,,1727780,5938805
Auckland,16/37/7.559,, ,I,RIMMER ROAD,201439779,15/06/2014,Sun,59,CB,CN1,112A 130A ,V,R,W,DN,M ,T,G,C,100,0,0,0,,,1727952,5939051
Auckland,16/37/7.959,400,N, ,RIMMER ROAD,201449507,21/12/2014,Sun,705,CC,CN1,130A 402A 412A ,T,R,D,O ,F , , ,N,100,0,0,0,,,1728189,5939374
Auckland,16/47/0.646,110,S, ,BAKER ST,201436599,22/05/2014,Thu,1125,GA,TS1T,181A 331A 333A 929 ,,R,D,B ,F ,D, ,C,70,0,0,0,,,1729165,5939780
Auckland,16/47/1.312,, ,I,RATA ST,201430048,04/01/2014,Sat,1415,JA,CN1C,308B 375B 926 ,,R,D,BF,F ,D,N,C,50,0,0,0,,,1729589,5939868
Auckland,16/47/1.462,50,S, ,PORTER CRESCENT,201449854,11/12/2014,Thu,1200,EA,TN1C,129A ,M,R, , F,F , ,N,N,50,0,0,0,,,1729618,5940015
Auckland,16/47/2.025,170,S, ,STEWART ST,201448201,18/10/2014,Sat,1840,DB,CS1,131A 901 ,F,S,W,TF,H , ,N,C,50,0,0,0,,,1729650,5940462
Auckland,16/47/3.203,400,N, ,PIPITIWAI DRIVE,201417848,20/11/2014,Thu,835,CC,CN1,501A ,V,R,D,B ,F , , ,C,100,0,0,4,,,1729644,5941604
Auckland,16/47/3.733,930,N, ,PIPITIWAI DRIVE,201432028,07/02/2014,Fri,2009,DB,CS1,111A 131A 191A 801 ,F,E,W,O ,L , , ,C,100,0,0,0,,,1729625,5942062
Auckland,16/47/4.195,2000,N, ,STEWART ST,201414931,15/06/2014,Sun,1457,BF,CS14,131A ,,E,D,BN,F , ,N,N,100,0,2,1,,,1729495,5942501
Auckland,16/47/5.304,1500,W, ,ABEL ROAD,201450291,09/12/2014,Tue,1900,DA,CW1,135A 801 ,F,M,W,ON,L , ,N,C,100,0,0,0,,,1729421,5943425
Auckland,16/47/5.803,3000,N, ,PIPITIWAI DRIVE,201415042,29/07/2014,Tue,620,BF,CS1CV,131A ,V,E,D,DN,F , , ,C,100,0,3,0,,,1729918,5943437
Auckland,16/47/6.404,400,W, ,ABEL ROAD,201448442,03/11/2014,Mon,1400,DA,CE1,131A 404A ,V,M,D,ON,F , ,N,C,100,0,0,0,,,1730386,5943774
Auckland,16/47/9.036,670,S, ,BARR ROAD,201418749,27/12/2014,Sat,1622,BF,MS1C,111A 131A 191A ,,E,D,B ,F , , ,L,100,0,2,0,,,1732733,5944607
Auckland,16/47/10.89,15,W, ,PEAK ROAD,201410161,05/01/2014,Sun,1530,MC,MW14,137A 191A ,,R,W,O ,L , , ,C,100,0,1,0,,,1734246,5945508
Auckland,16/47/11.104,25,S, ,KAHIKATEA FLAT ROAD,201431231,08/02/2014,Sat,2209,MC,CS1C,372B ,,R,D,DN,F , ,N,C,100,0,0,0,,,1734307,5945699
Auckland,16/47/11.129,, ,I,KAHIKATEA FLAT ROAD,201433276,26/01/2014,Sun,1620,JA,VN1C,302B 382B 901 ,,R,W,ON,H ,T,G,N,100,0,0,0,,,1734308,5945724
Auckland,16/47/11.53,, ,I,STONEY CREEK ROAD,201416597,08/09/2014,Mon,1729,GD,CN1CC,331A 350A ,,E,D,OF,F ,T,G,C,100,0,0,2,,,1734312,5946125
Auckland,16/47/12.065,1000,S, ,NORTH CRESCENT N,201430792,14/02/2014,Fri,1550,AA,CS1C,140A ,,R,D,BN,F , ,N,C,100,0,0,0,,,1733856,5946371
Auckland,16/47/15.053,160,S, ,MCLACHLAN ROAD,201445173,27/08/2014,Wed,538,DB,4S1,111A 131A 800 ,T,M,W,DN,F , , ,C,100,0,0,0,,,1732372,5948522
Auckland,16/47/15.345,1200,N, ,KANOHI ROAD,201438361,01/06/2014,Sun,1138,DB,CS1,131A 354A ,V,E,D,B ,F , , ,C,100,0,0,0,,,1732551,5948742
Auckland,16/47/18.84,, ,I,JORDAN ROAD,201415248,18/07/2014,Fri,1505,JA,VN1C,302B 375B ,,R,D,OF,F ,T,G,C,100,0,0,1,,,1732169,5951699
Auckland,16/47/20.44,1600,N, ,JORDAN ROAD,201438531,17/05/2014,Sat,1142,DA,CN1,101A 111A 131A ,C,M,D,O ,F , , ,L,100,0,0,0,,,1731820,5953165
Auckland,16/69/0.303,550,N, ,MAKARAU ROAD,201436383,06/05/2014,Tue,620,EC,CS1,912,W,M,W,DN,M , ,N,C,100,0,0,0,,,1730941,5954420
Auckland,16/69/1.053,1300,N, ,MAKARAU ROAD,201412087,29/03/2014,Sat,1148,DA,MN1,139A 350A ,T,E,D,B ,F , ,N,C,100,0,1,0,,,1730575,5954963
Auckland,16/69/9.809,1150,S, ,KAIPARA HILLS ROAD,201417240,22/10/2014,Wed,1923,CB,CS1,410A ,V,R,D,O ,F , , ,C,100,0,1,0,,,1729799,5962498
Auckland,16/82/0.2,200,N, ,OMAUMAU ROAD,201437129,03/06/2014,Tue,1230,AD,CS1C,111A 137A ,,E,D,BN,F , ,N,C,100,0,0,0,,,1728474,5965367
Auckland,16/82/0.5,500,N, ,OMAUMAU ROAD,201410667,08/01/2014,Wed,1119,DA,MN1,111A 121A ,,E,D,B ,F , ,N,C,100,0,0,1,,,1728404,5965654
Auckland,16/82/2.042,2000,S, ,OGLE ROAD,201412970,28/02/2014,Fri,2330,DA,CN1,103A 131A ,C,E,D,DN,F , , ,C,100,0,4,3,,,1728700,5967065
Auckland,16/82/3.552,490,S, ,OGLE ROAD,201417710,26/12/2014,Fri,1200,EC,MS1,350A 911 ,W,R,D,B ,F , ,N,L,100,0,0,1,,,1729922,5967885
Auckland,16/92/2.634,8000,S, ,PORT ALBERT ROAD,201400093,27/04/2014,Sun,1331,DA,MS1,111A 129A 131A 532A ,EFS,M,D,B ,F , , ,C,100,1,1,0,,,1731066,5974990
Auckland,16/92/6.967,500,N, ,INGLETON ROAD,201414088,04/07/2014,Fri,1420,BA,VN1C,330A 665A ,,R,D,O ,F , ,N,C,100,0,0,1,,,1731817,5978164
Auckland,16/92/12.864,670,W, ,PRICTOR ROAD,201442693,21/09/2014,Sun,1500,GE,4W1C,197A 929 ,,M, ,ON,  ,D,N,C,70,0,0,0,,,1735755,5981814
Auckland,16/92/13.514,20,W, ,PRICTOR ROAD,201443041,06/09/2014,Sat,1500,CC,CE1,130A 354A ,F,R,W,O ,F , , ,C,50,0,0,0,,,1736399,5981852
Auckland,18/0/0.033,, ,I,UPPER HWY ON SBD,201448477,12/11/2014,Wed,703,GF,CE1C,381A ,,M,D,BF,F ,T,T,R,50,0,0,0,,,1754197,5931414
Auckland,UPPER HWY ON SBD,, ,I,CONSTELLATION DRIVE,201439522,12/06/2014,Thu,1530,GF,VE1C,129A ,,R,D,B ,F ,X,T,C,50,0,0,0,,,1754197,5931414
Auckland,UPPER HWY OFF SBD,, ,I,18/0/0.096,201449012,05/12/2014,Fri,1605,FB,CS1C,331A 353A ,,E,D,OF,F ,R,G,N,50,0,0,0,,,1754134,5931406
Auckland,18/0/0.109,, ,I,UPPER HWY OFF SBD,201444881,17/11/2014,Mon,1540,AA,CW1T,372A ,,R,D,OF,FS,X,T,R,80,0,0,0,,,1754126,5931391
Auckland,18/0/0.109,, ,I,UPPER HWY ON SBD W,201437150,21/05/2014,Wed,1230,AA,VE1C,381A ,,R,D,BF,F ,T,T,C,50,0,0,0,,,1754126,5931391
Auckland,18/0/0.109,, ,I,UPPER HWY ON SBD W,201436388,10/05/2014,Sat,1216,MG,CW1C,428B ,,R,D,BF,F ,X,T,C,50,0,0,0,,,1754126,5931391
Auckland,UPPER HWY OFF SBD,, ,I,CONSTELLATION DRIVE,201417111,12/09/2014,Fri,720,FB,CS1C,181A ,,R,W,O ,L ,T,G,P,50,0,0,1,,,1754118,5931401
Auckland,18/0/0.163,30,E, ,UPPER HWY ON NBD,201447931,14/11/2014,Fri,1115,FD,CE1C,387A ,,R,D,O ,F , , ,C,50,0,0,0,,,1754071,5931384
Auckland,18/0/0.183,10,E, ,UPPER HWY ON NBD,201438703,23/06/2014,Mon,820,FD,CE1C,181A ,,R,D,BF,F ,X,T,C,60,0,0,0,,,1754052,5931378
Auckland,18/0/0.19,, ,I,UPPER HWY OFF NBD,201435596,19/04/2014,Sat,1010,MG,CW1C,371A 400A ,,R,D,B ,F ,T,T,R,50,0,0,0,,,1754049,5931364
Auckland,18/0/0.19,, ,I,UPPER HWY OFF NBD,201443748,04/08/2014,Mon,1451,JA,CE1C,322B ,,E,D,O ,F ,T,T,C,50,0,0,0,,,1754049,5931364
Auckland,18/0/0.19,, ,I,UPPER HWY OFF NBD,201431353,06/03/2014,Thu,845,FE,CN2C,112A 130A ,,R,D,BF,F ,T,T,N,50,0,0,0,,,1754049,5931364
Auckland,UPPER HWY OFF NBD,, ,I,18/0/0.19,201433546,07/04/2014,Mon,725,GF,BN1C,381A 671A ,,R, , F,  ,M,T,R,60,0,0,0,,,1754049,5931364
Auckland,UPPER HWY OFF NBD,, ,I,18/0/0.19,201447993,21/11/2014,Fri,705,FB,CN1V,181A 387A 191B ,,R,D,O ,F ,T,G,C,50,0,0,0,,,1754049,5931364
Auckland,UPPER HWY OFF NBD,, ,I,18/0/0.19,201432019,19/02/2014,Wed,2000,FB,CN1C,331A ,,R,D,O ,F ,T,G,N,50,0,0,0,,,1754049,5931364
Auckland,18/0/0.21,, ,I,UPPER HWY OFF NBD W,201446603,15/10/2014,Wed,1450,KB,CE1C,322A 353A ,,R,D,B ,F ,X,T,C,50,0,0,0,,,1754030,5931358
Auckland,UPPER HWY OFF NBD,, ,I,18/0/0.21,201440353,16/07/2014,Wed,1845,FB,CN1C,331A 350A ,,R,D,DO,F ,T,G,N,50,0,0,0,,,1754030,5931358
Auckland,UPPER HWY OFF NBD,, ,I,18/0/0.21,201441754,15/08/2014,Fri,910,FB,CN1C,181A 387A ,,R,D,B ,F ,X,G,C,50,0,0,0,,,1754030,5931358
Auckland,18/0/0.24,30,W, ,UPPER HWY OFF NBD W,201447555,25/10/2014,Sat,1926,CB,CW1,129A 353A 357A 402A ,P,R,D,B ,F ,X,G,P,50,0,0,0,,,1754001,5931349
Auckland,18/0/0.525,50,E, ,CARIBBEAN DRIVE,201443244,25/08/2014,Mon,1730,FD,CW1V,112A 181A 331A ,,R,D,O ,F , , ,R,80,0,0,0,,,1753729,5931265
Auckland,CARIBBEAN DRIVE,, ,I,18/0/0.575,201416233,12/10/2014,Sun,933,FE,CN1C,371B 427B ,,R,D,O ,F ,T,T,R,50,0,0,1,,,1753681,5931251
Auckland,18/0/0.575,, ,I,CARIBBEAN DRIVE,201446570,15/10/2014,Wed,1435,KA,CW1V,322B ,,R,D,B ,F ,T,T,C,80,0,0,0,,,1753681,5931251
Auckland,18/0/0.575,, ,I,CARIBBEAN DRIVE,201445102,26/09/2014,Fri,1620,FE,CW1V,331A ,,R,D,O ,F ,T,T,R,50,0,0,0,,,1753681,5931251
Auckland,18/0/0.624,50,W, ,CARIBBEAN DRIVE,201446157,21/10/2014,Tue,925,FD,CE1C,181A 331A ,,R,D,B ,F , , ,C,80,0,0,0,,,1753630,5931248
Auckland,18/0/1.065,40,E, ,PAUL MATTHEWS ROAD,201413101,23/05/2014,Fri,1717,FA,CE1C,331A 350A ,,R,D,TO,F , , ,R,80,0,0,2,,,1753194,5931195
Auckland,18/0/1.317,50,W, ,PAUL MATTHEWS ON WBD,201437858,08/06/2014,Sun,1027,AO,CW1V,375A 381A ,,R,D,B ,F , ,N,C,80,0,0,0,,,1752947,5931171
Auckland,18/0/1.367,100,W, ,PAUL MATTHEWS ON WBD,201413532,26/06/2014,Thu,1755,FD,4W1C4,181A 331A 181B ,,R,D,DO,F , , ,R,80,0,0,1,,,1752898,5931166
Auckland,18/0/1.97,, ,I,ALBANY HIGHWAY OFF WBD,201441425,08/07/2014,Tue,710,GF,TW1C,179A 381A ,,R,D,DO,F ,X,G,R,50,0,0,0,,,1752341,5930946
Auckland,18/0/1.973,, ,I,ALBANY HIGHWAY ON EBD,201432621,08/03/2014,Sat,845,MC,CS1C,372B ,,R,D,B ,F ,X,T,R,50,0,0,0,,,1752336,5930955
Auckland,18/0/2.405,50,S, ,ALBANY HWAY OBR,201445399,06/09/2014,Sat,1638,AA,4S1C,372A 386A ,,R,D,O ,F , , ,N,100,0,0,0,,,1752035,5930641
Auckland,18/0/2.766,, ,I,ALBANY HIGHWAY OFF EBD,201436692,16/05/2014,Fri,1630,FB,CE2C,181A 191B ,,E,D,B ,F ,T,G,C,80,0,0,0,,,1751829,5930353
Auckland,18/0/3.255,900,S, ,ALBANY HWAY OBR,201438365,10/06/2014,Tue,532,CC,CS1,112A 130A 901 ,G,R,W,DO,H , , ,C,100,0,0,0,,,1751475,5930014
Auckland,18/0/3.389,1250,N, ,GREENHITHE OBR,201416186,22/09/2014,Mon,1442,DA,CS1C,501A 512B ,G,E,D,B ,F , , ,C,100,0,1,0,,,1751357,5929950
Auckland,18/0/4.555,100,N, ,GREENHITHE OBR,201414386,02/07/2014,Wed,630,AD,CN1V,130A 181A 197A 331A ,,R,W,DO,F , , ,C,100,0,0,1,,,1750495,5929245
Auckland,18/0/4.605,50,E, ,GREENHITHE OBR,201443129,31/08/2014,Sun,1719,CA,CE1,112A 801 ,G,R,W,O ,L , , ,C,100,0,0,0,,,1750475,5929199
Auckland,18/0/5.099,460,S, ,GREENHITHE OBR,201448769,06/10/2014,Mon,1615,FA,CS1V,181A 331A ,,R,D,O ,F , , ,N,100,0,0,0,,,1750276,5928737