TLANAME,CRASHROAD,CRASHDIST,CRASHDIRN,INTSN,SIDEROAD,CRASHID,CRASHDATE,CRASHDOW,CRASHTIME,MVMT,VEHICLES,CAUSES,OBJECTSSTRUCK,ROADCURVE,ROADWET,LIGHT,WTHRa,JUNCTYPE,TRAFCTRL,ROADMARK,SPDLIM,CRASHFATALCNT,CRASHSEVCNT,CRASHMINCNT,PERSAGE1,PERSAGE2,EASTING,NORTHING
Auckland,18/0/6.017,20,W, ,TAUHINU OBR,201411527,30/01/2014,Thu,1214,CC,CW1,504A ,,R,D,OF,F , ,N,C,100,0,0,1,,,1749665,5928066
Auckland,18/0/6.097,100,W, ,TAUHINU OBR,201443661,04/09/2014,Thu,1740,AC,CW1CC,197A 386A ,,R,W,DO,L , , ,C,100,0,0,0,,,1749605,5928012
Auckland,18/0/6.32,2000,N, ,SQUADRON OBR,201438740,07/07/2014,Mon,1450,QG,VS1,130A 687A ,G,R,W,OF,L , ,N,R,100,0,0,0,,,1749424,5927878
Auckland,18/0/6.62,1700,E, ,SQUADRON OBR,201445401,04/10/2014,Sat,2301,QG,VW1C,682A 198B ,G,E,W,DO,L , , ,C,100,0,0,0,,,1749144,5927773
Auckland,18/7/0.015,700,W, ,TAUHINU OBR,201449842,24/12/2014,Wed,1841,DA,CW1,136A 631A ,G,E,D,BF,F , ,N,R,100,0,0,0,,,1749066,5927762
Auckland,18/7/2.288,650,W, ,SQUADRON OBR,201442169,25/08/2014,Mon,1,CA,CW1,410A ,G,R,D,DO,F , , ,C,100,0,0,0,,,1747116,5926653
Auckland,18/7/3.097,100,N, ,BRIGHAM ON EBD,201443091,09/09/2014,Tue,1650,FA,4N1C,112A 181A 357A ,,R,D,O ,F , , ,C,100,0,0,0,,,1746417,5926247
Auckland,18/7/3.197,, ,A,BRIGHAM ON EBD,201413118,23/05/2014,Fri,827,CC,CE1,130A 357A ,G,R,D,B ,F ,T,N,C,100,0,0,2,,,1746331,5926195
Auckland,18/7/4.584,500,E, ,TRIG ON EBD,201412034,25/03/2014,Tue,1253,CC,VE1,129A 359A ,G,R,D,B ,F , ,N,C,100,0,0,2,,,1745145,5925477
Auckland,18/7/4.984,100,E, ,TRIG ON EBD,201448076,03/11/2014,Mon,822,QG,VE1,682A ,G,R,W,O ,L , , ,N,100,0,0,0,,,1744803,5925270
Auckland,18/7/5.243,200,E, ,TRIG OBR,201445398,30/09/2014,Tue,1446,CA,CE1,130A ,G,R,D,B ,F , , ,C,100,0,0,0,,,1744582,5925135
Auckland,18/7/5.341,100,E, ,TRIG OBR,201444389,26/09/2014,Fri,720,AO,CW1C,370A 370B ,,R,D,B ,F , , ,C,100,0,0,0,,,1744504,5925075
Auckland,1N/336/1.852,200,W, ,VIPOND ROAD,201447042,08/11/2014,Sat,2315,CB,CE1,103A ,BG,R,D,DN,F , ,N,C,100,0,0,0,,,1734989,5989477
Auckland,1N/336/2.352,300,E, ,VIPOND ROAD,201410278,07/02/2014,Fri,1008,CB,40,135A 330A 631A 801 903 ,C,R,W,O ,LS, ,N,C,100,0,0,1,,,1735455,5989378
Auckland,1N/336/3.006,50,N, ,MANGAWHAI ROAD,201449537,29/12/2014,Mon,830,BA,CS1C,129A 130A 330A ,,R,D,B ,F , , ,C,100,0,0,0,,,1735790,5988849
Auckland,1N/336/4.056,1000,S, ,MANGAWHAI ROAD,201434740,30/04/2014,Wed,2330,CB,CS1,101A 112A 130A ,F,R,D,DN,F , ,N,L,100,0,0,0,,,1735574,5987846
Auckland,1N/336/5.554,, ,I,CORONATION ST,201410346,17/01/2014,Fri,1420,JA,CN1C,302B 375B ,,R,D,BN,F ,T,G,C,70,0,0,6,,,1735626,5986396
Auckland,1N/336/5.571,, ,I,SILVER HILL ROAD,201440969,16/08/2014,Sat,1915,BE,CN1V,112A 137A 632A ,G,R,D,DO,F ,T,G,C,70,0,0,0,,,1735628,5986379
Auckland,1N/336/6.519,800,N, ,LOVERS LANE N,201415788,04/10/2014,Sat,708,CB,CS1,410A ,V,R,W,ON,F , ,N,C,100,0,0,1,,,1735822,5985483
Auckland,1N/336/8.522,500,N, ,SCHOOL ROAD,201433876,08/03/2014,Sat,815,BF,CS1C,131A ,,M,D,B ,F , , ,C,100,0,0,0,,,1736435,5983701
Auckland,1N/336/8.822,200,N, ,SCHOOL ROAD,201415776,21/09/2014,Sun,913,FD,CS1CC,181A ,,R,W,OF,L , ,N,C,50,0,0,1,,,1736516,5983412
Auckland,1N/336/9.78,, ,I,MATHESON ROAD,201430666,03/02/2014,Mon,1408,FD,CS1CCC,181A 331A 191B ,,R,D,B ,F ,X,G,C,50,0,0,0,,,1736884,5982559
Auckland,1N/336/9.78,, ,I,MATHESON ROAD,201450249,07/01/2014,Tue,1939,DA,CW2,103A 131A 433A ,F,R,D,BF,F ,T,G,R,50,0,0,0,,,1736884,5982559
Auckland,1N/336/9.933,50,S, ,EL HAMA ROAD,201448612,23/11/2014,Sun,300,MO,TN1,386A 801 ,P,R,W,DO,L , , ,C,50,0,0,0,,,1736851,5982410
Auckland,1N/346/0.1,100,S, ,PORT ALBERT ROAD,201447237,01/11/2014,Sat,1844,EA,CN1C,103A 129A ,M,R,D,O ,F , , ,C,50,0,0,0,,,1736807,5982032
Auckland,1N/346/0.15,150,S, ,SH 16,201431203,02/03/2014,Sun,1845,JA,CS1C,308B 375B 930 ,,R,D,BF,F ,D,N,C,50,0,0,0,,,1736814,5981983
Auckland,1N/346/0.25,250,S, ,SH 16,201437242,16/05/2014,Fri,1410,CC,CN1,410A ,P,R,D,BF,F , ,N,C,50,0,0,0,,,1736827,5981883
Auckland,1N/346/0.52,200,N, ,DAVIES ROAD,201446545,21/10/2014,Tue,920,MC,CN1C,372B ,,R,D,B ,F , , ,C,50,0,0,0,,,1736869,5981617
Auckland,1N/346/0.72,, ,I,DAVIES ROAD,201430962,14/02/2014,Fri,1345,GD,CS1V,333A 387A ,,R,D,BF,F ,T,G,C,50,0,0,0,,,1736944,5981432
Auckland,1N/346/1.679,750,S, ,CENTENNIAL PARK ROAD,201410274,04/02/2014,Tue,1410,BC,CS14,121A ,C,E,W,B ,L , ,N,L,100,0,0,3,,,1737303,5980621
Auckland,1N/346/1.72,1000,S, ,DAVIES ROAD,201412000,09/04/2014,Wed,555,DB,CS1,116A 150A ,C,M,D,TN,F , ,N,L,80,0,0,1,,,1737315,5980582
Auckland,1N/346/1.929,1000,S, ,CENTENNIAL PARK ROAD,201410277,08/02/2014,Sat,1412,DA,CS1,110A 131A ,CS,E,W,B ,F , ,N,C,100,0,0,1,,,1737435,5980412
Auckland,1N/346/3.511,970,N, ,WAYBY VALLEY ROAD,201449830,09/12/2014,Tue,1021,CB,CN1,402A 410A 632A ,G,R,D,OF,F , ,N,C,100,0,0,0,,,1738338,5979249
Auckland,1N/346/4.331,150,N, ,WAYBY STATION ROAD,201444315,08/08/2014,Fri,845,CB,CN1,130A 412A ,G,R,D,O ,F , , ,R,80,0,0,0,,,1738715,5978542
Auckland,1N/346/4.981,500,S, ,WAYBY STATION ROAD,201442625,13/06/2014,Fri,1450,BC,CN1C,121A ,,E,D,BN,F , ,N,C,100,0,0,0,,,1739133,5978045
Auckland,1N/346/8.017,, ,A,PICNIC AREA,201432033,13/02/2014,Thu,1955,DB,CN1,132A 930 ,X,E,D,TN,F ,D, ,C,80,0,0,0,,,1741134,5976273
Auckland,1N/346/8.224,500,W, ,SAUNDERS ROAD,201416123,30/08/2014,Sat,1346,BF,CS1C,131A 197B 800 ,G,M,W,O ,  , , ,C,80,0,1,1,,,1741209,5976087
Auckland,1N/346/8.874,150,S, ,VIPOND ROAD,201444367,22/09/2014,Mon,850,DA,CS1,131A 402A 812 901 ,FV,E,W,O ,H , , ,L,100,0,0,0,,,1741837,5976084
Auckland,1N/346/10.717,900,N, ,WAIWHIU ROAD,201430564,27/01/2014,Mon,1610,FD,CN1C,181A ,,E,D,B ,F , , ,C,80,0,0,0,,,1743409,5975715
Auckland,1N/346/11.481,7000,S, ,WAYBY STATION ROAD,201411830,29/03/2014,Sat,1559,BA,CS1C,129A 410A ,,R,D,BN,F , ,N,C,80,0,1,0,,,1743802,5975075
Auckland,1N/346/12.642,40,N, ,KRAACK ROAD,201411607,04/03/2014,Tue,1220,FD,CN1C,181A ,,E,D,BF,F , ,N,L,80,0,0,2,,,1744671,5974385
Auckland,1N/346/12.682,, ,I,KRAACK ROAD,201411020,27/02/2014,Thu,1331,LB,CS1C,303B 370B 404B ,,E,D,B ,F ,T,N,C,80,0,0,1,,,1744668,5974345
Auckland,1N/346/13.082,400,S, ,KRAACK ROAD,201416539,03/10/2014,Fri,615,DA,CN1,131A 410A ,C,M,W,DN,F , ,N,C,80,0,0,1,,,1744832,5974010
Auckland,1N/346/13.728,600,N, ,L PHILLIPS ROAD,201449616,25/10/2014,Sat,440,BF,TN1T,129A 131A 411A 197B ,,M,D,DN,F , , ,L,80,0,0,0,,,1745467,5974001
Auckland,1N/346/15.78,500,N, ,KAIPARA FLATS ROAD,201410653,01/03/2014,Sat,1655,AG,CS1CCV,125A 410A ,,R,D,B ,F , ,N,C,100,0,2,2,,,1746813,5972552
Auckland,1N/363/0.296,1000,N, ,HUDSON ROAD,201446184,17/10/2014,Fri,1515,DA,CS1,131A 501A ,V,E,D,B ,F , , ,L,100,0,0,0,,,1747261,5971894
Auckland,1N/363/1.096,200,N, ,HUDSON ROAD,201441381,02/08/2014,Sat,948,AO,CS1CC,691A 512B 514B ,,R,D,O ,F , , ,L,70,0,0,0,,,1747902,5971436
Auckland,1N/363/1.266,30,N, ,HUDSON ROAD,201447043,11/10/2014,Sat,1900,AO,BS1C,381A 434B ,,R,D,OF,F , ,N,C,70,0,0,0,,,1748051,5971354
Auckland,1N/363/1.296,, ,I,HUDSON ROAD,201417576,19/11/2014,Wed,1520,FE,TW1C,112A 181A ,,R,D,BF,F ,X,T,R,100,0,0,1,,,1748077,5971340
Auckland,1N/363/1.546,250,E, ,HUDSON ROAD,201411563,13/03/2014,Thu,1440,FD,CE1C,181A ,,R,D,BN,F , ,N,P,70,0,0,2,,,1748296,5971219
Auckland,1N/363/2.673,100,S, ,SHOESMITH ST,201443025,02/09/2014,Tue,1420,AA,CN1T,381A 386B ,,E,D,B ,F , , ,C,50,0,0,0,,,1748862,5970431
Auckland,1N/363/2.723,150,S, ,SHOESMITH ST,201448614,06/11/2014,Thu,1425,AA,CN14,184A 184B ,,R,D,B ,F , , ,C,60,0,0,0,,,1748844,5970385
Auckland,1N/363/2.889,100,N, ,WHITAKER ROAD,201430800,12/01/2014,Sun,1427,FD,CS1C,181A ,,R,D,OF,F , ,N,C,60,0,0,0,,,1748783,5970230
Auckland,1N/363/2.989,, ,I,WHITAKER ROAD,201445633,10/10/2014,Fri,1310,FE,CN1C,331A ,,R,D,O ,F ,T,T,C,60,0,0,0,,,1748747,5970137
Auckland,1N/363/2.989,, ,I,WHITAKER ROAD,201450589,21/09/2014,Sun,2000,FE,4N1C,181A 357B 512B ,,R,D,DO,F ,T,T,C,60,0,0,0,,,1748747,5970137
Auckland,1N/363/3.009,20,S, ,WHITAKER ROAD,201449870,30/12/2014,Tue,1120,AC,CS1T,184A ,,R,D,BF,F , ,N,P,60,0,0,0,,,1748740,5970118
Auckland,1N/363/4.233,60,S, ,WECH DRIVE S,201437381,02/04/2014,Wed,712,BA,CN1C,125A 358A ,,R,D,OF,F , ,N,C,50,0,0,0,,,1748580,5968975
Auckland,1N/363/5.224,320,S, ,TOOVEY ROAD,201411011,25/01/2014,Sat,1145,FD,CN1VCC,181C 331C 402C 331D ,,R,D,B ,F , , ,C,100,0,0,1,,,1747972,5968197
Auckland,1N/363/5.304,400,S, ,TOOVEY ROAD,201411079,24/01/2014,Fri,1024,MC,CS1C,197A 110B 372B 381B 507B ,,R,D,B ,F , , ,C,100,0,0,1,,,1747920,5968137
Auckland,1N/363/5.437,250,N, ,VALERIE CLOSE N,201433843,19/03/2014,Wed,510,FA,CS1C,181A ,,M,D,DF,F , , ,L,100,0,0,0,,,1747818,5968052
Auckland,1N/363/5.861,, ,I,VALERIE CLOSE S,201448366,22/12/2014,Mon,1222,GD,TS1C,157A 386A ,,M,D,B ,F ,T,S,C,100,0,0,0,,,1747609,5967709
Auckland,1N/363/5.881,20,S, ,VALERIE CLOSE S,201445068,07/10/2014,Tue,518,EC,CS1C,912,W,E,W,DN,L , ,N,L,100,0,0,0,,,1747607,5967689
Auckland,1N/363/6.361,500,S, ,VALERIE CLOSE S,201440589,11/07/2014,Fri,1607,CC,CN1,112A 130A 402A 901 ,P,R,W,O ,H , , ,C,100,0,0,0,,,1747654,5967226
Auckland,1N/363/7.222,, ,I,PERRY ROAD,201431292,20/02/2014,Thu,1610,JA,TN1CC,301B 375B ,,M,D,OF,F ,T,S,N,100,0,0,0,,,1747734,5966458
Auckland,1N/363/8.215,1200,S, ,SATELLITE STATION ROAD,201431846,19/02/2014,Wed,1901,DB,CS1,131A 404A ,G,M,W,OF,L , ,N,C,100,0,0,0,,,1747934,5965526
Auckland,1N/363/8.622,1400,S, ,PERRY ROAD,201411696,20/03/2014,Thu,720,DB,CS1,111A 131A ,C,E,D,TN,F , ,N,C,100,0,0,2,,,1747920,5965132
Auckland,1N/373/0.134,400,N, ,COWAN BAY ROAD,201450216,06/01/2014,Mon,1142,FD,VN1CC,181A ,,E,D,OF,F , ,N,L,100,0,0,0,,,1748087,5963753
Auckland,1N/373/2.948,40,S, ,SCHOLLUM ACCESS ROAD,201418192,27/10/2014,Mon,120,DA,4S1,103A 111A 131A ,C,M,D,DO,F , , ,C,100,0,0,1,,,1748513,5961429
Auckland,1N/373/3.008,100,S, ,SCHOLLUM ACCESS ROAD,201441889,03/08/2014,Sun,1410,DA,CS1,111A 131A ,S,M,W,O ,F , , ,L,100,0,0,0,,,1748500,5961371
Auckland,1N/373/3.058,150,S, ,SCHOLLUM ACCESS ROAD,201441779,03/08/2014,Sun,1519,DA,CS1,111A 131A 407A ,C,M,W,O ,F , , ,L,100,0,0,0,,,1748465,5961336
Auckland,1N/373/3.208,300,S, ,SCHOLLUM ACCESS ROAD,201415781,12/09/2014,Fri,1957,DA,CS1,111A 131A ,T,E,W,DN,H , ,N,C,100,0,0,1,,,1748334,5961263
Auckland,1N/373/3.258,350,S, ,SCHOLLUM ACCESS ROAD,201443901,21/08/2014,Thu,1902,DB,CS1,131A 410A 501A ,,E,D,DN,F , ,N,L,100,0,0,0,,,1748295,5961233
Auckland,1N/373/3.328,2000,S, ,MOIRS HILL ROAD,201439754,04/07/2014,Fri,1625,AO,CN1C,129A 330A 129B 330B 902 ,,R,D,BN,F , , ,C,100,0,0,0,,,1748250,5961179
Auckland,1N/373/3.374,1180,N, ,MAHURANGI WEST ROAD,201414407,13/07/2014,Sun,1831,EC,CS1C,826,DD,M,D,DN,M , ,N,N,100,0,0,1,,,1748226,5961140
Auckland,1N/373/3.654,900,N, ,MAHURANGI WEST ROAD,201431857,06/03/2014,Thu,1815,CB,CN1,129A 363A 902 ,F,R,D,BN,F , ,N,L,100,0,0,0,,,1748448,5961014
Auckland,1N/373/3.984,570,N, ,MAHURANGI WEST ROAD,201418489,20/10/2014,Mon,740,DA,4S1,131A ,ST,M,D,B ,F , , ,L,100,0,1,0,,,1748755,5960916
Auckland,1N/373/4.304,250,N, ,MAHURANGI WEST ROAD,201437881,15/05/2014,Thu,1548,DA,TS1,110A 131A ,S,M,D,B ,F , ,N,L,100,0,0,0,,,1748755,5960606
Auckland,1N/373/4.404,150,N, ,MAHURANGI WEST ROAD,201442298,23/08/2014,Sat,928,AA,CN1T,372A ,,R,D,B ,F , , ,C,100,0,0,0,,,1748709,5960518
Auckland,1N/373/4.494,60,N, ,MAHURANGI WEST ROAD,201415181,27/08/2014,Wed,1622,BF,4S1VCT,111A 131A 632A 901 ,G,E,W,O ,H , , ,C,100,0,0,1,,,1748662,5960441
Auckland,1N/373/5.554,1000,S, ,MAHURANGI WEST ROAD,201437339,06/06/2014,Fri,714,AD,TS1,131A ,,E,W,ON,F , ,N,L,100,0,0,0,,,1748932,5959506
Auckland,1N/373/8.373,450,S, ,PUHOI ROAD,201415487,27/08/2014,Wed,1800,FD,CN1CC,181A 410A 181B 901 ,,E,W,DO,H , , ,C,100,0,1,0,,,1749787,5957171
Auckland,1N/373/9.15,300,N, ,BILLING ROAD,201440490,29/07/2014,Tue,1755,BF,CS1V,125A 507A 197B ,,R,D,DO,F , ,N,C,80,0,0,0,,,1750163,5956509
Auckland,1N/373/9.66,210,S, ,BILLING ROAD,201430562,04/02/2014,Tue,1629,CA,4N1,197A ,G,R,D,O ,F , , ,P,80,0,0,0,,,1750194,5956006
Auckland,1N/373/10.052,70,N, ,JOHNSTONES TUNNEL NTH,201447098,12/10/2014,Sun,601,CC,CN1,103A ,G,R,D,DO,F , ,N,R,100,0,0,0,,,1750288,5955635
Auckland,1N/373/10.122,, ,A,JOHNSTONES TUNNEL NTH,201435460,09/05/2014,Fri,2218,DA,CW1,103A 111A ,G,S,W,DO,F , ,N,C,80,0,0,0,,,1750321,5955574
Auckland,1N/373/10.2,750,S, ,BILLING ROAD,201440344,09/07/2014,Wed,730,EC,CS1,341A 820 901 ,X,E,W,O ,H , , ,C,80,0,0,0,,,1750380,5955509
Auckland,1N/373/10.463,, ,A,JOHNSTONES TUNNEL STH,201435124,26/02/2014,Wed,920,FA,TS1C,181A 191B ,,R,D,B ,F , ,N,C,80,0,0,0,,,1750463,5955260
Auckland,1N/373/11.843,1000,S, ,WAIWERA VIADUCT MID,201437081,31/05/2014,Sat,2033,DB,CN1,131A ,G,S,D,DN,F , , ,C,80,0,0,0,,,1750398,5953889
Auckland,1N/373/12.45,3000,S, ,BILLING ROAD,201414756,29/06/2014,Sun,1648,QG,VS1,130A 665A 682A ,G,E,D,TN,F , , ,C,100,0,1,3,,,1750391,5953288
Auckland,1N/373/16.139,40,N, ,OREWA ON NBD,201430310,14/01/2014,Tue,1725,FD,CN1C,350A ,,R,D,B ,F , ,N,C,100,0,0,0,,,1748970,5950058
Auckland,1N/373/16.613,, ,I,GRAND OBR,201439326,27/06/2014,Fri,1719,FB,CW1C,181A 330A ,,R,W,O ,L ,X,G,C,70,0,0,0,,,1748896,5949598
Auckland,1N/373/17.513,900,S, ,GRAND OBR,201441352,09/08/2014,Sat,1615,FA,VS1V,103A 331A 370A ,,R,D,O ,F , , ,C,100,0,0,0,,,1748733,5948714
Auckland,1N/373/17.753,800,S, ,OREWA ON SBD,201435483,08/05/2014,Thu,1615,FD,CS1C,181A 331A ,,R,D,TF,F , ,N,C,80,0,0,0,,,1748717,5948474
Auckland,1N/373/18.307,100,N, ,WAINUI OBR,201431154,16/01/2014,Thu,1847,AA,VN1C,103A 150A 372A ,,R,D,O ,F , ,N,C,100,0,0,0,,,1748670,5947916
Auckland,1N/373/18.456,50,S, ,WAINUI OBR,201445587,03/10/2014,Fri,1355,CA,CN1,130A 412A ,F,R,W,O ,L , , ,R,100,0,0,0,,,1748640,5947770
Auckland,1N/373/19.88,1000,N, ,SILVERDALE OBR,201440254,21/06/2014,Sat,543,DB,CN1,130A 412A ,G,E,D,DO,F , , ,C,80,0,0,0,,,1748662,5946412
Auckland,1N/373/20.234,650,N, ,SILVERDALE OBR,201447744,15/11/2014,Sat,553,DA,CS1,131A 195A ,,E,D,O ,F , , ,N,100,0,0,0,,,1748712,5946069
Auckland,1N/373/20.31,1000,N, ,SILVERDALE ON SBD,201447494,09/12/2014,Tue,2240,CB,CS1,130A 402A ,G,R,D,DN,F , ,N,R,100,0,0,0,,,1748709,5945992
Auckland,1N/398/0.008,, ,A,SILVERDALE OBR,201439753,01/07/2014,Tue,720,FD,CS1C,181A 331A 402A 197B 904 ,G,R,W,OF,M , , ,R,100,0,0,0,,,1748694,5945419
Auckland,1N/398/0.4,400,S, ,SILVERDALE OBR,201438145,14/05/2014,Wed,636,FD,4S1VCV,181A 181D ,,R,W,DN,M , ,N,R,100,0,0,0,,,1748682,5945027
Auckland,1N/398/0.41,25,N, ,SILVERDALE ON SBD,201412180,14/05/2014,Wed,735,FA,CS1C,181A 353A ,,R,W,TF,M , , ,C,100,0,0,1,,,1748682,5945017
Auckland,SILVERDALE ON SBD,, ,I,1N/398/0.435,201448166,25/11/2014,Tue,815,AA,CS1C4,330A 372A 434A 197B ,,R,D,O ,F ,T,N,N,100,0,0,0,,,1748683,5944992
Auckland,1N/398/1.035,600,S, ,SILVERDALE OFF NBD,201411233,17/02/2014,Mon,1219,AO,4S1C,129A 357A ,,R,D,O ,F , , ,N,100,0,0,1,,,1748654,5944394
Auckland,1N/398/1.7,1700,S, ,SILVERDALE OBR,201449304,08/12/2014,Mon,1104,FA,CS14,110A 331A 358A ,,R,D,B ,F , , ,C,100,0,0,0,,,1748648,5943728
Auckland,1N/398/1.8,1800,S, ,SILVERDALE OBR,201447528,10/11/2014,Mon,1217,FA,MS1C,181A 331A 377A ,,R,D,B ,F , , ,R,100,0,0,0,,,1748645,5943628
Auckland,1N/398/2.5,2500,S, ,SILVERDALE OBR,201445467,11/08/2014,Mon,2230,CB,CS1,130A ,FT,R,D,DN,F , , ,C,100,0,0,0,,,1748627,5942928
Auckland,1N/398/2.635,2200,S, ,SILVERDALE OFF NBD,201436475,12/05/2014,Mon,1815,FD,CN1C,181A ,,R,D,DN,F , ,N,C,100,0,0,0,,,1748621,5942794
Auckland,1N/398/2.964,20,S, ,WILKS OBR,201438530,21/05/2014,Wed,200,CB,CN1,130A ,G,R,D,DN,F , , ,C,100,0,0,0,,,1748669,5942469
Auckland,1N/398/2.969,25,S, ,WILKS OBR,201450217,27/12/2014,Sat,1423,FA,CN14,331A 410A 500A ,,E,D,BF,F , ,N,R,100,0,0,0,,,1748670,5942464
Auckland,1N/398/3.884,600,S, ,DAIRY FLAT SERVICES ON,201430663,31/01/2014,Fri,1540,FA,TN1C,112A 132A 181A ,,R,D,O ,F , ,N,C,100,0,0,0,,,1749029,5941628
Auckland,1N/398/4,4000,S, ,SILVERDALE OBR,201443135,01/07/2014,Tue,642,AA,CS1C,372A ,,R,D,DN,F , , ,N,100,0,0,0,,,1749112,5941534
Auckland,1N/398/4.254,2000,N, ,BAWDEN OBR,201438717,01/07/2014,Tue,642,FD,CS14VC,181A ,,R,W,DN,L , ,N,R,100,0,0,0,,,1749274,5941339
Auckland,1N/398/4.596,200,S, ,DAIRY FLAT SERVICES OFF,201438123,14/05/2014,Wed,1417,EC,CN1,827,D,R,D,ON,F , ,N,C,100,0,0,0,,,1749504,5941101
Auckland,1N/398/5.254,1000,N, ,BAWDEN OBR,201414568,21/06/2014,Sat,427,CB,VS1,137A 195A 800 ,,R,W,DN,F , , ,C,100,0,1,0,,,1750016,5940668
Auckland,1N/398/5.354,900,N, ,BAWDEN OBR,201433574,17/04/2014,Thu,1104,DA,VS1V,137A ,,E,W,OF,FS, ,N,R,100,0,0,0,,,1750088,5940599
Auckland,1N/398/6.336,80,S, ,BAWDEN OBR,201415850,27/08/2014,Wed,1119,CB,CN1,130A 501A ,G,R,D,O ,F , , ,C,100,0,0,1,,,1750565,5939757
Auckland,1N/398/6.351,100,S, ,BAWDEN OBR,201448593,11/10/2014,Sat,325,CC,CS1,103A 410A ,G,R,W,DF,H , ,N,R,100,0,0,0,,,1750595,5939748
Auckland,1N/398/7.051,800,S, ,BAWDEN OBR,201410658,03/03/2014,Mon,1545,CC,VS1,134A 402A 410A ,,R,D,B ,F , ,N,C,100,0,0,1,,,1751158,5939354
Auckland,1N/398/7.612,4000,N, ,OTEHA VALLEY ON NBD,201432672,29/03/2014,Sat,1836,CB,CN1,129A 358A ,G,R,D,O ,F , ,N,N,100,0,0,0,,,1751621,5939083
Auckland,1N/398/7.756,1500,S, ,BAWDEN OBR,201440656,05/07/2014,Sat,1205,FF,CN1C,181A 191B ,,E,D,B ,F , , ,C,100,0,0,0,,,1751719,5938978
Auckland,1N/398/7.843,50,N, ,AWANOHI OBR,201433573,24/04/2014,Thu,715,AC,CN1C,372A ,,R,D,ON,F , ,N,C,100,0,0,0,,,1751774,5938910
Auckland,1N/398/8.109,2850,N, ,LONELY TRACK OBR,201443669,05/09/2014,Fri,1555,FD,VN1C,181A ,,E,W,O ,H , , ,C,100,0,0,0,,,1751930,5938695
Auckland,1N/398/9.501,2000,N, ,OTEHA VALLEY OFF SBD,201442997,27/05/2014,Tue,620,AD,CS1C,130A ,,R,D,DO,F , , ,C,100,0,0,0,,,1752250,5937348
Auckland,1N/398/9.559,1400,N, ,LONELY TRACK OBR,201414775,23/07/2014,Wed,633,FD,CN1V,181A 331A 191B ,,R,W,DN,F , , ,C,100,0,0,1,,,1752244,5937293
Auckland,1N/398/9.559,1400,N, ,LONELY TRACK OBR,201414220,01/08/2014,Fri,633,FD,4N14,112A 132A 191B ,,R,D,DN,F , ,N,C,100,0,0,1,,,1752244,5937293
Auckland,1N/398/10.501,1000,N, ,OTEHA VALLEY OFF SBD,201439447,01/07/2014,Tue,1745,FD,CS1V,181A ,,R,D,B ,F , ,N,C,100,0,0,0,,,1752381,5936356
Auckland,1N/398/10.539,420,N, ,LONELY TRACK OBR,201440477,08/07/2014,Tue,1427,AC,VN1T,372A 386A ,,R,W,O ,F , ,N,C,100,0,0,0,,,1752371,5936321
Auckland,1N/398/11.499,500,N, ,OTEHA VALLEY OBR,201448460,21/11/2014,Fri,1605,AO,TN1C,671A ,,R,D,BF,F , ,N,R,100,0,0,0,,,1752707,5935432
Auckland,1N/398/11.501,, ,I,OTEHA VALLEY OFF SBD,201446521,06/10/2014,Mon,820,AC,CS1C,159A ,,R,D,O ,F ,T,N,R,100,0,0,0,,,1752730,5935430
Auckland,1N/398/11.712,100,S, ,OTEHA VALLEY ON NBD,201410368,27/01/2014,Mon,1408,CB,CN1,136A 621A ,CT,R,D,OF,F , ,N,N,100,0,0,1,,,1752816,5935249
Auckland,1N/398/11.788,200,N, ,OTEHA VALLEY OBR,201446490,28/10/2014,Tue,1013,FD,CS1CC,181A ,,R,W,OF,L , ,N,R,100,0,0,0,,,1752869,5935180
Auckland,1N/398/12.137,150,S, ,OTEHA VALLEY OBR,201432391,16/02/2014,Sun,1709,FD,CS1V,181A ,,R,D,B ,F , , ,C,100,0,0,0,,,1753004,5934859
Auckland,1N/398/12.416,, ,I,OTEHA VALLEY ON SBD,201433558,10/04/2014,Thu,728,FD,CS1C,181A ,,R,D,OF,F ,Y,N,N,50,0,0,0,,,1753081,5934590
Auckland,1N/398/12.485,, ,I,OTEHA VALLEY OFF NBD,201432686,07/04/2014,Mon,2220,HA,CN1C,322B 334B ,,R,D,DO,F ,T,T,C,50,0,0,0,,,1753080,5934526
Auckland,1N/398/12.487,500,S, ,OTEHA VALLEY OBR,201431640,22/01/2014,Wed,803,FD,CS1C,181A 350A ,,R,D,O ,F , , ,N,100,0,0,0,,,1753094,5934521
Auckland,1N/398/12.613,50,N, ,MCCLYMONTS OBR,201417264,30/10/2014,Thu,611,CB,CS1,133A 350A ,K,R,D,O ,F , , ,C,100,0,1,0,,,1753112,5934396
Auckland,1N/398/12.863,200,S, ,MCCLYMONTS OBR,201430759,19/01/2014,Sun,1631,FD,CS1CC,331A 832 ,,R,D,OF,F , ,N,R,100,0,0,0,,,1753133,5934147
Auckland,1N/398/12.963,300,S, ,MCCLYMONTS OBR,201446533,28/10/2014,Tue,631,FD,CS1CC,181A 181B 801 ,,R,W,O ,L , , ,R,100,0,0,0,,,1753139,5934047
Auckland,1N/398/12.963,300,S, ,MCCLYMONTS OBR,201416016,22/08/2014,Fri,1025,CA,MS1,132A 507A 832 ,,R,D,B ,F , ,N,C,100,0,1,0,,,1753139,5934047
Auckland,1N/398/12.981,150,N, ,MCCLYMONTS ON SBD,201410280,10/02/2014,Mon,704,FD,CS1C,181A 358A ,,R,D,B ,F , ,N,C,100,0,0,2,,,1753140,5934029