TLANAME,CRASHROAD,CRASHDIST,CRASHDIRN,INTSN,SIDEROAD,CRASHID,CRASHDATE,CRASHDOW,CRASHTIME,MVMT,VEHICLES,CAUSES,OBJECTSSTRUCK,ROADCURVE,ROADWET,LIGHT,WTHRa,JUNCTYPE,TRAFCTRL,ROADMARK,SPDLIM,CRASHFATALCNT,CRASHSEVCNT,CRASHMINCNT,PERSAGE1,PERSAGE2,EASTING,NORTHING
Auckland,1N/398/12.987,1000,S, ,OTEHA VALLEY OBR,201444899,04/10/2014,Sat,725,CA,CS1C,137A 197A ,,R,W,OF,F , ,N,C,100,0,0,0,,,1753140,5934023
Auckland,1N/398/13.233,200,N, ,GREVILLE OFF SBD,201410914,21/01/2014,Tue,900,FD,CS1CC,181A ,,R,W,OF,L , ,N,C,100,0,0,1,,,1753159,5933777
Auckland,1N/398/13.333,100,N, ,GREVILLE OFF SBD,201438821,20/07/2014,Sun,1810,CA,VS1,103A 137A ,G,R,D,DO,F , ,N,N,100,0,0,0,,,1753175,5933679
Auckland,1N/398/13.364,500,N, ,GREVILLE OBR,201448962,08/12/2014,Mon,830,FD,4S1C,181A ,,R,D,O ,F , , ,C,10,0,0,0,,,1753182,5933648
Auckland,1N/398/13.421,290,S, ,MCCLYMONTS ON SBD,201439321,21/06/2014,Sat,1855,CB,CS1,350A 410A ,G,R,D,DO,F , ,N,P,100,0,0,0,,,1753194,5933593
Auckland,1N/398/13.433,, ,I,GREVILLE OFF SBD,201431004,07/02/2014,Fri,1250,GO,CN1T,205A 444A ,,E,D,O ,F ,R,G,C,50,0,0,0,,,1753197,5933581
Auckland,1N/398/13.602,280,N, ,GREVILLE OBR,201443910,31/08/2014,Sun,849,CA,CN1,135A 801 ,G,R,W,OF,LS, ,N,R,100,0,0,0,,,1753232,5933424
Auckland,1N/398/13.627,150,N, ,GREVILLE ON NBD,201415840,19/09/2014,Fri,2029,CA,VN1,130A 410A ,G,R,D,DO,F , , ,C,100,0,0,1,,,1753241,5933401
Auckland,1N/398/13.664,200,N, ,GREVILLE OBR,201412778,01/04/2014,Tue,750,AA,CS1M,372A ,,R,D,BF,F , ,N,N,100,0,0,1,,,1753270,5933362
Auckland,1N/398/13.764,100,N, ,GREVILLE OBR,201431962,13/02/2014,Thu,825,FD,CS1C,331A 353A ,,R,D,BF,F , ,N,R,100,0,0,0,,,1753311,5933271
Auckland,1N/398/13.777,, ,I,GREVILLE ON NBD,201430488,03/02/2014,Mon,1215,AO,TN1C,150A 381A ,,E,D,B ,F ,R,G,C,50,0,0,0,,,1753301,5933264
Auckland,1N/398/13.814,50,N, ,GREVILLE OBR,201436732,18/03/2014,Tue,800,FD,TS1C,191A 620A ,,R,D,B ,F , ,N,C,100,0,0,0,,,1753333,5933226
Auckland,1N/398/13.977,200,S, ,GREVILLE ROAD,201417160,16/10/2014,Thu,1355,FD,CN1C,181A 817 ,,R,D,B ,F , , ,C,100,0,0,1,,,1753384,5933082
Auckland,1N/398/13.998,2000,S, ,OTEHA VALLEY OBR,201434590,12/04/2014,Sat,527,DB,CN1,414A ,G,E,D,DN,F , ,N,C,100,0,0,0,,,1753393,5933062
Auckland,1N/398/14.072,200,N, ,GREVILLE OFF NBD,201430647,04/02/2014,Tue,1645,FD,CN1C,181A 330A ,,R,D,B ,F , ,N,C,50,0,0,0,,,1753419,5932993
Auckland,1N/398/14.082,200,S, ,GREVILLE OBR,201416663,15/10/2014,Wed,953,AO,CN1BV,129A 130A 407A 423A 129B ,G,R,D,B ,F , , ,C,50,0,0,1,,,1753423,5932984
Auckland,1N/398/14.214,350,S, ,GREVILLE OBR,201430760,19/01/2014,Sun,1351,AA,TS1C,197A ,,R,D,BF,F , ,N,R,100,0,0,0,,,1753480,5932855
Auckland,1N/398/14.214,350,S, ,GREVILLE OBR,201443864,01/09/2014,Mon,1753,FD,CS1C,181A ,,R,W,DO,F , ,N,C,100,0,0,0,,,1753480,5932855
Auckland,GREVILLE ON SBD,, ,I,1N/398/14.221,201436199,14/05/2014,Wed,1330,FA,CS1C,181A 331A 901 ,,R,W,O ,H ,T,N,C,80,0,0,0,,,1753482,5932849
Auckland,1N/398/14.221,, ,I,GREVILLE ON SBD,201444085,27/07/2014,Sun,915,AC,4S1C,372A 372 ,,E,D,B ,F ,R,G,C,50,0,0,0,,,1753482,5932849
Auckland,1N/398/14.221,, ,I,GREVILLE ON SBD,201443593,14/05/2014,Wed,1530,FD,CS1C,191A ,,R,W,OF,H ,T,N,N,80,0,0,0,,,1753482,5932849
Auckland,1N/398/14.221,, ,I,GREVILLE ON SBD,201440485,27/07/2014,Sun,915,AC,4S1C,372A ,,E,D,B ,L ,T,G,C,50,0,0,0,,,1753482,5932849
Auckland,1N/398/14.251,30,S, ,GREVILLE ON SBD,201448646,01/05/2014,Thu,622,FD,4S1C,181A 331A 361A ,,E,D,B ,F ,T,N,C,100,0,0,0,,,1753490,5932820
Auckland,1N/398/14.272,, ,I,GREVILLE OFF NBD,201412793,05/04/2014,Sat,303,CB,CN1,104A 112A ,,R,D,DO,F ,Y,N,N,80,0,1,0,,,1753481,5932803
Auckland,1N/398/14.272,, ,I,GREVILLE OFF NBD,201415670,13/08/2014,Wed,905,FA,CN1C,110A 181A ,,R,W,O ,F ,T,N,R,100,0,0,1,,,1753481,5932803
Auckland,1N/398/14.272,, ,I,GREVILLE OFF NBD,201449757,11/01/2014,Sat,1210,MG,CN2C,371B ,,E,D,B ,F ,T,N,C,80,0,0,0,,,1753481,5932803
Auckland,1N/398/14.321,100,S, ,GREVILLE ON SBD,201413046,03/06/2014,Tue,655,AC,CS1M,372A 671A ,,R,W,OF,F , ,N,C,100,0,0,1,,,1753508,5932752
Auckland,1N/398/14.364,500,S, ,GREVILLE OBR,201436530,22/05/2014,Thu,211,CA,CS1,112A 130A 402A ,G,R,D,DO,F , , ,C,100,0,0,0,,,1753518,5932709
Auckland,1N/398/14.372,100,S, ,GREVILLE OFF NBD,201439488,10/06/2014,Tue,843,CC,VN14,110A 132A 402A ,,R,W,O ,L , ,N,C,80,0,0,0,,,1753503,5932705
Auckland,1N/398/14.772,500,S, ,GREVILLE OFF NBD,201439640,08/07/2014,Tue,1624,CA,MN1,130A 901 903 ,,R,W,TO,HS, , ,C,100,0,0,0,,,1753585,5932314
Auckland,1N/398/14.825,1000,N, ,CONSTELLATION OBR,201437312,12/06/2014,Thu,843,AA,CN1V,372A ,G,R,D,BF,F , ,N,R,80,0,0,0,,,1753601,5932263
Auckland,1N/398/14.893,500,N, ,UPPER HWY OFF SBD,201435664,16/04/2014,Wed,856,FA,CS1C,181A 331A ,,R,D,O ,F , , ,R,100,0,0,0,,,1753641,5932197
Auckland,1N/398/15.225,600,N, ,CONSTELLATION OBR,201411155,06/04/2014,Sun,1320,FD,CN1CC4,181A 331A 191B 191C 191D 817 ,,R,D,B ,F , , ,C,100,0,0,2,,,1753767,5931900
Auckland,1N/398/15.277,1500,S, ,GREVILLE ROAD,201431649,22/01/2014,Wed,710,FD,4S1CC,181A 352A 181B ,,R,D,O ,F , , ,C,100,0,0,0,,,1753791,5931855
Auckland,1N/398/15.393,, ,I,UPPER HWY OFF SBD,201449100,02/12/2014,Tue,1645,AC,CS1V,381A ,,R,D,BF,F ,T,N,R,100,0,0,0,,,1753863,5931749
Auckland,1N/398/15.625,200,N, ,CONSTELLATION OBR,201443862,17/08/2014,Sun,1619,FD,4N1V,181A ,,R,D,OF,F , ,N,N,100,0,0,0,,,1753965,5931553
Auckland,1N/398/15.675,150,N, ,CONSTELLATION OBR,201412938,16/05/2014,Fri,2016,FA,CN1C,331A 353A 191B ,,R,D,DO,F , , ,C,100,0,0,1,,,1753991,5931510
Auckland,1N/398/15.731,100,N, ,CONSTELATION UNDERPASS,201417283,24/10/2014,Fri,1741,AF,MN1V,158A 159A 330A ,,R,D,B ,F , , ,C,100,0,0,1,,,1754022,5931464
Auckland,1N/398/15.775,50,N, ,CONSTELLATION OBR,201440218,10/07/2014,Thu,1535,QG,CN1C,682A ,D,R,D,O ,F , , ,C,100,0,0,0,,,1754046,5931427
Auckland,1N/398/15.786,30,N, ,CONSTELLATION OBR,201431029,14/02/2014,Fri,1900,FD,CS1C,181A ,,R,D,TF,F , ,N,C,100,0,0,0,,,1754069,5931414
Auckland,1N/398/15.805,20,N, ,CONSTELLATION OBR,201432182,16/02/2014,Sun,1146,FD,CN1C,181A 191B ,,E,D,B ,F , ,N,C,100,0,0,0,,,1754063,5931402
Auckland,1N/414/0.06,60,S, ,CONSTELLATION OBR,201446866,15/11/2014,Sat,1342,FD,CS1CC,181A 353A ,,R,W,O ,F , ,N,C,100,0,0,0,,,1754116,5931347
Auckland,1N/414/0.065,50,S, ,CONSTELLATION UNDERPASS,201418598,17/12/2014,Wed,1127,FD,4S1CV,181A ,G,R,W,ON,L , ,N,N,100,0,0,2,,,1754118,5931343
Auckland,1N/414/0.1,100,S, ,CONSTELLATION OBR,201415327,09/08/2014,Sat,1440,AA,CN1M,372A 381A 132B ,,R,D,B ,F , ,N,C,100,0,0,1,,,1754128,5931309
Auckland,1N/414/0.2,200,S, ,CONSTELLATION OBR,201411029,15/01/2014,Wed,722,FD,CS1C4,181A 331A ,,R,D,O ,F , , ,C,100,0,0,2,,,1754200,5931235
Auckland,1N/414/0.293,100,N, ,SUNSET OBR,201430987,14/02/2014,Fri,1152,FD,VS1C,181A ,,R,D,BF,F , ,N,R,100,0,0,0,,,1754258,5931161
Auckland,1N/414/0.343,50,N, ,SUNSET OBR,201417209,19/08/2014,Tue,1828,CA,CS1,103A 109A 901 ,G,R,W,DO,H , , ,C,100,0,0,1,,,1754289,5931122
Auckland,1N/414/0.343,50,N, ,SUNSET OBR,201415485,30/08/2014,Sat,1416,FD,4S1CC,181A 181B ,,R,W,O ,L , , ,N,100,0,0,1,,,1754289,5931122
Auckland,1N/414/0.353,50,N, ,SUNSET OBR,201400243,14/11/2014,Fri,1705,CC,CN1,130A 504A ,G,R,D,O ,FS, ,N,R,100,1,0,0,,,1754282,5931108
Auckland,1N/414/0.393,, ,A,SUNSET OBR,201449007,12/12/2014,Fri,1335,FD,XS1CC,181A 181C ,,R,W,OF,L , ,N,R,100,0,0,0,,,1754321,5931084
Auckland,1N/414/0.393,, ,A,SUNSET OBR,201432234,14/02/2014,Fri,1900,FD,CS1C,181A 402A 191B ,,R,D,TF,F , , ,N,100,0,0,0,,,1754321,5931084
Auckland,1N/414/0.393,, ,A,SUNSET OBR,201430174,17/01/2014,Fri,1125,FA,CS1C,112A 181A 331A ,,R,D,BF,F , ,N,N,100,0,0,0,,,1754321,5931084
Auckland,1N/414/0.4,400,S, ,CONSTELLATION OBR,201436330,27/03/2014,Thu,2117,FD,CS1C,181A ,,R,D,DO,F , ,N,C,100,0,0,0,,,1754325,5931079
Auckland,1N/414/0.443,40,S, ,SUNSET OBR,201436313,27/03/2014,Thu,1643,AA,TN14,372A ,,R,D,OF,F , ,N,N,100,0,0,0,,,1754340,5931039
Auckland,1N/414/0.443,50,S, ,SUNSET OBR,201444898,15/11/2014,Sat,1415,FD,VS1C,181A ,,R,D,OF,F , ,N,N,100,0,0,0,,,1754353,5931046
Auckland,1N/414/0.463,70,S, ,SUNSET OBR,201433617,27/03/2014,Thu,2130,FD,4S1C,110A 181A 191B 817 ,,R,D,DO,F , , ,C,100,0,0,0,,,1754366,5931031
Auckland,1N/414/0.503,100,S, ,SUNSET OBR,201415046,20/08/2014,Wed,859,FD,CN1CC,181A 181B ,,R,D,OO,F , , ,N,100,0,0,2,,,1754379,5930993
Auckland,1N/414/0.543,150,S, ,SUNSET OBR,201444090,12/09/2014,Fri,834,FD,CS1C,181A ,,R,W,OF,L , ,N,R,100,0,0,0,,,1754418,5930970
Auckland,1N/414/0.764,50,N, ,UPPER HWY ON SBD,201431823,14/03/2014,Fri,648,FD,CS1V,181A ,,R,D,DO,F , ,N,R,100,0,0,0,,,1754569,5930808
Auckland,1N/414/0.764,50,N, ,UPPER HWY ON SBD,201431872,13/03/2014,Thu,740,FD,CS14,181A ,,R,D,OF,F , ,N,R,100,0,0,0,,,1754569,5930808
Auckland,1N/414/0.814,, ,I,UPPER HWY ON SBD,201414131,25/06/2014,Wed,1850,FD,CS1C,181A 331A ,,R,W,DO,H ,Y,N,C,100,0,0,2,,,1754603,5930771
Auckland,UPPER HWY ON SBD,, ,I,1N/414/0.814,201444082,06/09/2014,Sat,943,FD,CS14,331A 353A ,,R,W,OF,F ,Y,N,N,100,0,0,0,,,1754603,5930771
Auckland,1N/414/0.816,10,N, ,UPPER HWY OFF NBD,201418039,06/12/2014,Sat,1747,FD,CN1V,181A ,,R,D,BF,F ,Y,N,N,100,0,0,3,,,1754589,5930762
Auckland,1N/414/0.829,15,S, ,UPPER HWY ON SBD,201415970,26/08/2014,Tue,2047,FA,CS1T,103A 112A 330A ,G,R,D,DO,F , , ,C,100,0,2,0,,,1754613,5930760
Auckland,1N/414/0.854,800,N, ,SUNNYNOOK OBR,201445586,14/08/2014,Thu,1902,FA,VN14,181A 331A ,,R,W,DO,L , , ,C,100,0,0,0,,,1754615,5930733
Auckland,1N/414/1,1000,S, ,CONSTELLATION OBR,201438439,17/06/2014,Tue,1846,FD,CN1C,197A 331A 501A 801 ,,R,W,DO,L , , ,C,100,0,0,0,,,1754713,5930625
Auckland,1N/414/1.026,200,S, ,UPPER HWY OFF NBD,201446313,24/09/2014,Wed,1528,FD,CN1C,181A ,,R,D,BF,F , ,N,R,100,0,0,0,,,1754730,5930607
Auckland,1N/414/1.114,300,S, ,UPPER HWY ON SBD,201413126,22/05/2014,Thu,1743,FD,CS1C,181A 331A ,,R,D,DO,F , , ,C,100,0,0,2,,,1754808,5930552
Auckland,1N/414/1.126,300,S, ,UPPER HWY OFF NBD,201411791,20/03/2014,Thu,1543,CA,MN1,130A 191A ,,R,D,B ,F , , ,N,100,0,0,1,,,1754797,5930532
Auckland,1N/414/1.144,510,N, ,SUNNYNOOK OBR,201411154,20/03/2014,Thu,653,EB,TN1C,330A 350A ,Q,E,D,O ,F , , ,C,100,0,0,2,,,1754810,5930519
Auckland,1N/414/1.154,500,N, ,SUNNYNOOK OBR,201437314,12/06/2014,Thu,1020,FD,CN14,331A 358A ,,R,D,BF,F , ,N,R,100,0,0,0,,,1754817,5930511
Auckland,1N/414/1.184,470,N, ,SUNNYNOOK OBR,201435770,15/05/2014,Thu,1609,FA,CN1C,181A 331A 353A ,,R,D,O ,F , , ,C,100,0,0,0,,,1754837,5930489
Auckland,1N/414/1.354,300,N, ,SUNNYNOOK OBR,201443913,15/10/2014,Wed,1528,FD,CN1C,181A ,,R,D,BF,F , ,N,R,100,0,0,0,,,1754950,5930363
Auckland,1N/414/1.431,1400,N, ,TRISTRAM OBR,201430937,20/02/2014,Thu,642,FD,CS1444,331A 358A ,,R,D,OF,F , ,N,N,100,0,0,0,,,1755012,5930312
Auckland,1N/414/1.651,, ,A,SUNNYNOOK OBR,201449868,14/12/2014,Sun,1053,FD,CS1C,181A ,,R,W,OF,L , ,N,R,100,0,0,0,,,1755130,5930126
Auckland,1N/414/1.7,50,S, ,SUNNYNOOK OBR,201443666,15/08/2014,Fri,2015,CA,CS1,130A 197A ,G,R,D,DO,F , , ,N,100,0,0,0,,,1755153,5930082
Auckland,1N/414/1.702,50,S, ,SUNNYNOOK OBR,201416707,20/10/2014,Mon,1747,FD,CN1V,331A 351A ,,R,D,O ,F , , ,R,100,0,0,1,,,1755136,5930069
Auckland,1N/414/1.896,930,N, ,TRISTRAM OBR,201417872,02/12/2014,Tue,1240,QG,VN1,130A 330A 687A ,FP,R,D,B ,F , , ,C,100,0,0,1,,,1755215,5929892
Auckland,1N/414/1.9,250,S, ,SUNNYNOOK OBR,201440916,25/06/2014,Wed,1743,FD,VS1CCC,181A ,,R,W,BF,HS, ,N,C,100,0,0,0,,,1755234,5929899
Auckland,1N/414/1.95,300,S, ,SUNNYNOOK OBR,201441894,19/08/2014,Tue,1906,FD,CS1C,197A 191B 901 ,,R,W,DO,H , , ,C,100,0,0,0,,,1755251,5929853
Auckland,1N/414/2.006,820,N, ,TRISTRAM OBR,201447764,18/11/2014,Tue,1415,FA,CN1C,331A 352A ,,E,D,B ,F , , ,C,100,0,0,0,,,1755253,5929789
Auckland,1N/414/2.032,380,S, ,SUNNYNOOK OBR,201449893,03/12/2014,Wed,1552,FD,CN1C,331A 410A ,,R,D,BF,F , ,N,N,100,0,0,0,,,1755260,5929764
Auckland,1N/414/2.05,400,S, ,SUNNYNOOK OBR,201430995,13/02/2014,Thu,1547,FD,VS1C,181A ,,R,D,BF,F , ,N,C,100,0,0,0,,,1755283,5929758
Auckland,1N/414/2.153,300,N, ,TRISTRAM ON NBD,201437998,10/05/2014,Sat,1506,FD,CN1CCC,110A 181A ,,R,D,O ,F , ,N,N,100,0,0,0,,,1755293,5929648
Auckland,1N/414/2.316,100,N, ,TRISTRAM OFF SBD,201435000,28/04/2014,Mon,1345,FD,CS1C,331A 355A ,,R,D,B ,F , ,N,C,50,0,0,0,,,1755357,5929502
Auckland,1N/414/2.426,400,N, ,TRISTRAM OBR,201435769,15/05/2014,Thu,1824,FD,CN1CCC,181A 331A ,,R,D,DO,F , , ,C,100,0,0,0,,,1755375,5929387
Auckland,1N/414/2.431,400,N, ,TRISTRAM OBR,201442162,22/08/2014,Fri,1724,FD,CS1CC,181A 181B ,,R,D,B ,F , , ,C,100,0,0,0,,,1755395,5929395
Auckland,1N/414/2.466,50,S, ,TRISTRAM OFF SBD,201440587,24/07/2014,Thu,746,FA,CS1C,181A 331A ,,R,D,B ,F , , ,C,100,0,0,0,,,1755408,5929361
Auckland,1N/414/2.626,200,N, ,TRISTRAM OBR,201437315,12/06/2014,Thu,945,FD,CN1C,331A 353A ,,R,D,BF,F , ,N,R,100,0,0,0,,,1755449,5929201
Auckland,1N/414/2.631,200,N, ,TRISTRAM OBR,201411714,19/03/2014,Wed,1839,FD,CS1CCC,181A 191A 181B 181C ,,R,D,B ,F , , ,C,100,0,0,1,,,1755468,5929208
Auckland,1N/414/2.766,60,N, ,TRISTRAM OBR,201412351,16/04/2014,Wed,1844,FD,CN1C,181A 331A 191B 801 ,,R,W,O ,L , , ,C,100,0,0,2,,,1755501,5929072
Auckland,1N/414/2.826,, ,A,TRISTRAM OBR,201448165,21/11/2014,Fri,1517,FA,CN14,181A 331A 358A ,,R,D,B ,F , , ,N,100,0,0,0,,,1755524,5929016
Auckland,1N/414/2.84,10,S, ,TRISTRAM OBR,201411124,04/04/2014,Fri,704,FA,CS14C,331A 353A ,,R,D,B ,F , , ,C,100,0,0,1,,,1755547,5929014
Auckland,1N/414/2.91,80,S, ,TRISTRAM OBR,201442115,13/08/2014,Wed,906,CA,TS1,132A ,G,R,W,O ,L , , ,C,100,0,0,0,,,1755572,5928949
Auckland,1N/414/2.917,300,N, ,TRISTRAM OFF NBD,201436111,07/05/2014,Wed,839,FA,MS1C,331A 353A ,,E,D,B ,F , , ,C,100,0,0,0,,,1755560,5928932
Auckland,1N/414/2.925,100,S, ,TRISTRAM OBR,201415708,21/08/2014,Thu,1755,AG,MN14,386A ,,R,D,TO,F , ,N,C,100,0,0,1,,,1755564,5928925
Auckland,1N/414/2.93,100,S, ,TRISTRAM OBR,201443923,17/10/2014,Fri,1354,FF,CS1C,331A 353A 387A ,,R,D,BF,F , ,N,R,100,0,0,0,,,1755579,5928930
Auckland,1N/414/2.93,100,S, ,TRISTRAM OBR,201416575,17/10/2014,Fri,1354,FD,VS1CCC,181A 181C ,,R,D,BF,F , ,N,C,100,0,0,1,,,1755579,5928930
Auckland,1N/414/2.971,300,N, ,TRISTRAM ON SBD,201442376,22/08/2014,Fri,1059,FD,CS14,331A 352A ,,R,D,B ,F , ,N,C,100,0,0,0,,,1755595,5928893
Auckland,1N/414/2.98,150,S, ,TRISTRAM OBR,201417230,14/08/2014,Thu,938,FA,MS1C,181A 331A ,,R,W,B ,F , , ,C,100,0,1,0,,,1755599,5928884
Auckland,1N/414/3.03,200,S, ,TRISTRAM OBR,201444035,03/09/2014,Wed,845,FD,CS1C,331A 353A ,,R,D,OF,F , ,N,R,100,0,0,0,,,1755619,5928838
Auckland,1N/414/3.13,300,S, ,TRISTRAM OBR,201410445,22/01/2014,Wed,1949,CA,MS1,108A 130A 514A ,,R,D,TF,F , , ,C,100,0,0,1,,,1755660,5928747
Auckland,1N/414/3.217,, ,I,TRISTRAM OFF NBD,201410654,03/03/2014,Mon,1319,DA,CE1,133A 632A ,G,M,W,O ,L ,M,T,C,50,0,0,2,,,1755683,5928659
Auckland,1N/414/3.225,400,S, ,TRISTRAM OBR,201436322,22/03/2014,Sat,1726,EC,CN1,827,D,R,D,BF,F , ,N,C,100,0,0,0,,,1755687,5928651
Auckland,1N/414/3.317,100,S, ,TRISTRAM OFF NBD,201435598,24/04/2014,Thu,1600,FD,4N1C,181A 331A ,,R,W,O ,F , , ,C,100,0,0,0,,,1755726,5928568
Auckland,1N/414/3.317,100,S, ,TRISTRAM OFF NBD,201443357,22/08/2014,Fri,1845,FA,CN1C,181A 191B ,,R,D,DO,F , ,N,C,100,0,0,0,,,1755726,5928568
Auckland,1N/414/3.325,500,S, ,TRISTRAM OBR,201450171,23/12/2014,Tue,831,CB,CN1,130A 197A ,G,R,D,O ,F , , ,C,80,0,0,0,,,1755730,5928561
Auckland,1N/414/3.325,500,S, ,TRISTRAM OBR,201418253,25/12/2014,Thu,1127,FD,CN1C,331A ,,R,D,B ,F , , ,C,100,0,0,1,,,1755730,5928561
Auckland,1N/414/3.371,100,S, ,TRISTRAM ON SBD,201412098,01/05/2014,Thu,1757,FD,CS14,112A 181A 191B ,,R,D,DO,F , ,N,C,100,0,0,1,,,1755764,5928530
Auckland,1N/414/3.46,630,S, ,TRISTRAM OBR,201442160,25/08/2014,Mon,829,FD,CS1C,181A ,,R,D,B ,F , , ,C,100,0,0,0,,,1755803,5928450
Auckland,1N/414/3.471,200,S, ,TRISTRAM ON SBD,201436745,27/05/2014,Tue,1236,AC,TS1CC,372A 386A ,G,R,D,B ,F , ,N,C,100,0,0,0,,,1755807,5928440
Auckland,1N/414/3.717,500,S, ,TRISTRAM OFF NBD,201438564,20/06/2014,Fri,1843,FD,CN1CC,331A 350A ,,R,D,TO,F , , ,C,100,0,0,0,,,1755899,5928207
Auckland,1N/414/3.971,700,S, ,TRISTRAM ON SBD,201430372,21/01/2014,Tue,1759,FD,VS1C,181A 191B ,,R,D,O ,F , ,N,C,100,0,0,0,,,1756024,5927989
Auckland,1N/414/4.027,200,S, ,WAIRAU OBR,201441891,19/08/2014,Tue,1739,FD,4S1CC,331A 191B 191C 901 ,,R,W,DO,H , , ,C,100,0,0,0,,,1756048,5927938
Auckland,1N/414/4.154,700,N, ,NORTHCOTE OBR,201415252,16/07/2014,Wed,1800,FD,CS1CV,181A ,,R,D,DO,F , ,N,C,100,0,0,2,,,1756103,5927824
Auckland,1N/414/4.217,1000,S, ,TRISTRAM OFF NBD,201439003,30/06/2014,Mon,1635,FD,CN1CV,181A ,,R,W,DO,H , ,N,R,100,0,0,0,,,1756115,5927757
Auckland,1N/414/4.254,600,N, ,NORTHCOTE OBR,201441890,19/08/2014,Tue,1800,FA,CS1C,181A 331A 901 ,,R,W,DO,H , , ,C,100,0,0,0,,,1756146,5927734
Auckland,1N/414/4.396,150,N, ,NORTHCOTE ON NBD,201440349,13/07/2014,Sun,1205,BC,CN1,110A 137A 407A 801 ,G,R,W,O ,L , , ,C,100,0,0,0,,,1756193,5927596
Auckland,1N/414/4.456,400,N, ,NORTHCOTE OBR,201442998,02/09/2014,Tue,710,EC,CN1C,827,DD,R,D,B ,F , , ,C,100,0,0,0,,,1756219,5927541
Auckland,1N/414/4.546,, ,I,NORTHCOTE ON NBD,201444969,10/10/2014,Fri,1758,FD,CN1CC,181A ,,R,D,O ,F ,T,N,N,100,0,0,0,,,1756258,5927461
Auckland,1N/414/4.574,100,S, ,NORTHCOTE OFF SBD,201411715,19/03/2014,Wed,1748,FD,CS1CC,181A 181B ,,R,D,B ,F , , ,C,100,0,0,2,,,1756284,5927445
Auckland,1N/414/4.624,150,S, ,NORTHCOTE OFF SBD,201442319,19/08/2014,Tue,1727,FD,CS1C,181A 330A 132B ,,R,W,DO,F , ,N,C,100,0,0,0,,,1756306,5927400
Auckland,1N/414/4.696,150,S, ,NORTHCOTE ON NBD,201435403,08/05/2014,Thu,1812,FD,CN1C,181A 191B ,,R,D,DO,F , ,N,C,100,0,0,0,,,1756322,5927325
Auckland,1N/414/4.724,130,N, ,NORTHCOTE OBR,201450587,25/12/2014,Thu,1209,CA,CS1,130A 504A ,G,R,D,B ,F , , ,C,100,0,0,0,,,1756349,5927310
Auckland,1N/414/4.754,100,N, ,NORTHCOTE OBR,201414421,04/07/2014,Fri,1823,FD,CS1V,181A ,,R,D,DO,F , ,N,R,100,0,0,2,,,1756361,5927283
Auckland,1N/414/4.774,300,S, ,NORTHCOTE OFF SBD,201444314,23/09/2014,Tue,1215,AC,TS1C,330A 372A 671A ,,R,D,O ,F , , ,C,100,0,0,0,,,1756370,5927264
Auckland,1N/414/4.804,50,N, ,NORTHCOTE OBR,201417563,28/03/2014,Fri,722,AA,CS1M,372A ,,R,D,BF,F , ,N,N,100,0,0,1,,,1756383,5927238
Auckland,1N/414/4.804,50,N, ,NORTHCOTE OBR,201441049,30/07/2014,Wed,921,FD,CS1C,181A ,,R,D,BF,F , ,N,R,100,0,0,0,,,1756383,5927238
Auckland,1N/414/4.814,40,N, ,NORTHCOTE OBR,201448733,03/12/2014,Wed,1507,AC,TS1C,372A ,,R,D,B ,F , , ,C,100,0,0,0,,,1756387,5927229
Auckland,1N/414/4.824,350,S, ,NORTHCOTE OFF SBD,201443870,28/08/2014,Thu,915,AA,CS1T,372A ,,R,D,BF,F , ,N,N,100,0,0,0,,,1756392,5927219
Auckland,1N/414/4.854,, ,A,NORTHCOTE OBR,201410203,10/01/2014,Fri,1738,FD,CS1C,110A 181A ,,R,D,B ,F , ,N,N,100,0,0,1,,,1756405,5927193
Auckland,1N/414/4.854,, ,A,NORTHCOTE OBR,201436638,12/05/2014,Mon,1630,FD,CS1C,181A 330A ,,R,D,O ,F , ,N,C,50,0,0,0,,,1756405,5927193
Auckland,1N/414/4.854,, ,A,NORTHCOTE OBR,201443628,22/08/2014,Fri,1950,FD,CS1V,181A 331A ,,R,D,TO,F , , ,C,100,0,0,0,,,1756405,5927193
Auckland,1N/414/4.854,, ,A,NORTHCOTE OBR,201435352,03/05/2014,Sat,1204,CC,VS1,132A 331A ,G,R,D,B ,F , , ,N,100,0,0,0,,,1756405,5927193
Auckland,1N/414/4.856,, ,A,NORTHCOTE OBR,201436624,07/05/2014,Wed,1230,AO,CN1T,150A 197A ,,M,D,O ,F , ,N,C,80,0,0,0,,,1756391,5927180
Auckland,1N/414/4.873,20,S, ,NORTHCOTE OBR,201450243,09/12/2014,Tue,1754,CC,CS1,136A 631A 660A ,G,R,D,BF,F , ,N,R,100,0,0,0,,,1756413,5927175
Auckland,1N/414/4.903,50,S, ,NORTHCOTE OBR,201432034,11/02/2014,Tue,1009,FD,CS14,181A 191B 350B ,,R,D,B ,F , , ,C,100,0,0,0,,,1756426,5927148
Auckland,1N/414/4.933,80,S, ,NORTHCOTE OBR,201436915,29/05/2014,Thu,751,AA,CS1C,372A ,,R,D,O ,F , , ,C,100,0,0,0,,,1756439,5927121
Auckland,1N/414/4.953,100,S, ,NORTHCOTE OBR,201439018,04/07/2014,Fri,1820,FD,CS1CC,181A 181B ,,R,D,DO,F , ,N,R,100,0,0,0,,,1756448,5927103
Auckland,1N/414/4.953,100,S, ,NORTHCOTE OBR,201439013,03/07/2014,Thu,919,FD,CS14,331A 353A ,,R,W,OF,F , ,N,R,100,0,0,0,,,1756448,5927103