TLANAME,CRASHROAD,CRASHDIST,CRASHDIRN,INTSN,SIDEROAD,CRASHID,CRASHDATE,CRASHDOW,CRASHTIME,MVMT,VEHICLES,CAUSES,OBJECTSSTRUCK,ROADCURVE,ROADWET,LIGHT,WTHRa,JUNCTYPE,TRAFCTRL,ROADMARK,SPDLIM,CRASHFATALCNT,CRASHSEVCNT,CRASHMINCNT,PERSAGE1,PERSAGE2,EASTING,NORTHING
Auckland,1N/414/4.953,100,S, ,NORTHCOTE OBR,201433803,13/04/2014,Sun,1455,FD,CS14M,181A 181B 651C ,,R,D,B ,F , , ,C,100,0,0,0,,,1756448,5927103
Auckland,1N/414/4.953,100,S, ,NORTHCOTE OBR,201438633,17/06/2014,Tue,917,FD,CS14,181A 331A ,,R,W,O ,F , , ,C,100,0,0,0,,,1756448,5927103
Auckland,1N/414/4.994,200,N, ,NORTHCOTE ON SBD,201444946,20/09/2014,Sat,,AO,CS1C,150A 386A ,,R,D,B ,F , ,N,C,100,0,0,0,,,1756466,5927067
Auckland,1N/414/5.053,200,S, ,NORTHCOTE OBR,201432002,05/02/2014,Wed,1719,FD,CS1C4,112A 181A 331A ,,R,D,OF,F , ,N,C,100,0,0,0,,,1756492,5927013
Auckland,1N/414/5.092,100,N, ,NORTHCOTE OFF NBD,201431260,28/02/2014,Fri,1721,FD,CN1C,181A ,,R,D,BF,F , ,N,N,100,0,0,0,,,1756495,5926968
Auckland,1N/414/5.153,300,S, ,NORTHCOTE OBR,201441752,20/08/2014,Wed,624,FD,CS1C,181A ,,R,D,O ,F , , ,C,100,0,0,0,,,1756536,5926923
Auckland,1N/414/5.394,200,S, ,NORTHCOTE ON SBD,201449149,05/12/2014,Fri,1632,AA,CS1C,357A 381A 507A ,,R,D,BF,F , ,N,R,100,0,0,0,,,1756650,5926712
Auckland,1N/414/5.494,300,S, ,NORTHCOTE ON SBD,201446036,21/10/2014,Tue,1002,FD,CS1CC,181A 181B 191C ,,R,D,B ,F , , ,C,100,0,0,0,,,1756705,5926628
Auckland,1N/414/5.556,700,S, ,NORTHCOTE OBR,201431661,30/01/2014,Thu,1639,FD,CN1CC,181A 331A 181B ,,R,D,B ,FS, , ,N,100,0,0,0,,,1756725,5926566
Auckland,1N/414/5.612,690,N, ,ESMONDE OBR,201443240,19/08/2014,Tue,1758,FA,CS14,112A 331A ,,R,W,DO,H , , ,N,100,0,0,0,,,1756771,5926531
Auckland,1N/414/5.702,600,N, ,ESMONDE OBR,201414773,06/08/2014,Wed,638,FD,VS1C,181A 191B 801 ,,R,W,TO,L , , ,C,100,0,0,1,,,1756825,5926459
Auckland,1N/414/5.768,100,N, ,ESMONDE OFF SBD,201440583,25/07/2014,Fri,1745,FD,CS1V,181A 331A 402A ,,R,W,TO,F , , ,C,100,0,0,0,,,1756865,5926406
Auckland,1N/414/5.768,100,N, ,ESMONDE OFF SBD,201445317,02/10/2014,Thu,1759,FA,CS1C,112A 181A 331A 353A ,,R,W,OO,L , , ,C,100,0,0,0,,,1756865,5926406
Auckland,1N/414/5.868,, ,I,ESMONDE OFF SBD,201432275,30/01/2014,Thu,1650,FA,CS1C,181A 331A ,,R,D,  ,  ,T,N,N,100,0,0,0,,,1756926,5926327
Auckland,1N/414/5.868,, ,I,ESMONDE OFF SBD,201432032,16/02/2014,Sun,2349,CA,CS1,130A 190A 335A 404A ,GP,R,D,DO,F ,T,N,C,100,0,0,0,,,1756926,5926327
Auckland,1N/414/6.002,300,N, ,ESMONDE OBR,201411503,10/03/2014,Mon,1634,FD,CN1CV,181A ,,R,D,BF,F , ,N,N,100,0,0,1,,,1756992,5926209
Auckland,1N/414/6.012,290,N, ,ESMONDE OBR,201415471,05/09/2014,Fri,1748,AG,MS1CCC,177A ,,R,W,O ,L , , ,C,100,0,1,0,,,1757012,5926212
Auckland,1N/414/6.052,250,N, ,ESMONDE OBR,201440231,11/07/2014,Fri,1808,FA,CS14,101A 110A 331A 191B ,,R,W,TO,FS, , ,C,100,0,0,0,,,1757036,5926180
Auckland,1N/414/6.152,150,N, ,ESMONDE OBR,201415082,22/08/2014,Fri,853,FD,MS1C,181A ,,M,D,B ,F , , ,C,100,0,0,2,,,1757088,5926095
Auckland,1N/414/6.202,100,N, ,ESMONDE OBR,201449110,02/12/2014,Tue,939,FD,CN1C,181A ,,R,D,BF,F , ,N,R,100,0,0,0,,,1757095,5926039
Auckland,1N/414/6.23,15,N, ,ESMONDE ON NBD,201433852,17/04/2014,Thu,1654,FD,CN1C,181A ,,R,D,O ,F , , ,N,100,0,0,0,,,1757105,5926013
Auckland,1N/414/6.265,20,S, ,ESMONDE ON NBD,201435201,10/04/2014,Thu,1627,FD,CN1CV,331A 350A 181B ,,E,D,O ,F ,T,N,C,100,0,0,0,,,1757115,5925979
Auckland,1N/414/6.345,100,S, ,ESMONDE ON NBD,201412094,27/03/2014,Thu,925,FA,TN1C,129A 358A ,G,R,D,O ,F , ,N,N,100,0,0,1,,,1757133,5925902
Auckland,1N/414/6.362,60,S, ,ESMONDE OBR,201430055,05/01/2014,Sun,1443,DB,CS1,131A ,G,M,W,OF,L , ,N,R,100,0,0,0,,,1757150,5925895
Auckland,1N/414/6.502,200,S, ,ESMONDE OBR,201433619,03/04/2014,Thu,618,FA,CS1V,181A 331A 191B ,,R,D,DO,F , , ,C,100,0,0,0,,,1757151,5925756
Auckland,1N/414/6.602,300,S, ,ESMONDE OBR,201435351,07/05/2014,Wed,1903,AA,CS1CT,372A ,,R,W,DO,L , , ,N,100,0,0,0,,,1757135,5925657
Auckland,1N/414/6.602,300,S, ,ESMONDE OBR,201438072,12/06/2014,Thu,1911,FD,CS14,181A ,,R,W,DO,L , , ,C,100,0,0,0,,,1757135,5925657
Auckland,1N/414/6.63,60,S, ,ESMONDE ON SBD,201414588,25/06/2014,Wed,1855,FA,CS1CC,110A 331A 801 903 ,,R,W,B ,LS, , ,C,100,0,0,1,,,1757127,5925631
Auckland,1N/414/6.64,70,S, ,ESMONDE ON SBD,201430624,09/02/2014,Sun,2226,DB,CS1,121A 131A ,G,M,W,DO,F , ,N,N,60,0,0,0,,,1757124,5925621
Auckland,1N/414/6.64,70,S, ,ESMONDE ON SBD,201444954,14/08/2014,Thu,1157,FD,VS1CC,112A 132A ,,R,W,B ,F , ,N,N,100,0,0,0,,,1757124,5925621
Auckland,1N/414/6.67,100,S, ,ESMONDE ON SBD,201432817,05/02/2014,Wed,800,AA,CS1T,372A ,,R,D,B ,F , , ,C,100,0,0,0,,,1757115,5925593
Auckland,1N/414/6.77,200,S, ,ESMONDE ON SBD,201413959,15/06/2014,Sun,455,CB,CS1,201A 407A 507A ,G,R,D,DO,F , ,N,N,80,0,0,1,,,1757082,5925498
Auckland,1N/414/6.802,500,S, ,ESMONDE OBR,201441266,24/07/2014,Thu,1318,QG,CS1C,330A 682A ,D,R,D,O ,F , , ,C,100,0,0,0,,,1757071,5925468
Auckland,1N/414/7.302,1000,S, ,ESMONDE OBR,201438562,18/06/2014,Wed,1651,FD,CN1C,181A ,,R,W,O ,F , , ,C,100,0,0,0,,,1756799,5925028
Auckland,1N/414/7.302,1000,S, ,ESMONDE OBR,201444344,25/09/2014,Thu,1535,QG,TS14,682A ,D,R,D,B ,F , , ,C,100,0,0,0,,,1756827,5925035
Auckland,1N/414/7.393,300,N, ,ONEWA ON NBD,201444967,11/10/2014,Sat,1555,EC,CN1C,137A 137B ,D,R,D,B ,F , ,N,N,100,0,0,0,,,1756743,5924957
Auckland,1N/414/7.504,500,N, ,OLD ONEWA OBR,201441362,09/08/2014,Sat,1620,FA,CS14B,197A 331A 358A ,G,R,D,B ,F , , ,C,100,0,0,0,,,1756701,5924876
Auckland,1N/414/7.558,1400,N, ,STAFFORD OFF NBD,201411785,07/03/2014,Fri,1111,FA,TN1TCV,181A 614A ,,R,D,B ,F , , ,N,80,0,0,1,,,1756641,5924827
Auckland,1N/414/7.644,280,N, ,ONEWA OBR ON,201435219,24/04/2014,Thu,1824,FD,CS1C,181A ,,R,D,DO,F , , ,C,100,0,0,0,,,1756614,5924766
Auckland,1N/414/7.663,50,N, ,ONEWA OFF SBD,201445579,09/10/2014,Thu,1629,FA,CS14,331A 358A 402A ,,R,D,O ,F , , ,N,100,0,0,0,,,1756602,5924751
Auckland,1N/414/7.693,, ,I,ONEWA ON NBD,201432167,25/01/2014,Sat,1343,FE,CW1C,181A ,,E,D,B ,F ,M,T,C,50,0,0,0,,,1756558,5924721
Auckland,1N/414/7.693,, ,I,ONEWA ON NBD,201436937,22/05/2014,Thu,2240,FA,CN24,181A 331A ,,R,D,DO,F ,T,N,C,80,0,0,0,,,1756558,5924721
Auckland,1N/414/7.824,100,N, ,ONEWA OBR ON,201431996,24/03/2014,Mon,1517,FD,CS14,181A ,,R,D,BF,F , ,N,R,80,0,0,0,,,1756503,5924625
Auckland,1N/414/7.948,400,N, ,SEART OFF SBD,201445319,02/10/2014,Thu,1620,FD,CS1CCC,181A 331A 181B 358B 801 ,,R,W,O ,L , , ,C,100,0,0,0,,,1756426,5924528
Auckland,1N/414/7.954,50,S, ,ONEWA OBR ON,201415360,29/08/2014,Fri,827,FA,CN1C,112A ,,R,D,B ,F , ,N,C,100,0,0,1,,,1756396,5924516
Auckland,1N/414/7.993,300,S, ,ONEWA ON NBD,201439433,04/07/2014,Fri,1845,FD,CS14,181A ,,R,D,DF,F , ,N,C,80,0,0,0,,,1756373,5924485
Auckland,1N/414/8.004,100,S, ,ONEWA OBR ON,201445857,18/10/2014,Sat,310,CA,CN1,102A 130A ,G,R,D,DN,F , , ,C,100,0,0,0,,,1756367,5924476
Auckland,1N/414/8.024,100,S, ,ONEWA OBR ON,201442373,29/07/2014,Tue,1746,AC,CS1C,112A 386A ,,R,D,TO,F , ,N,N,80,0,0,0,,,1756381,5924467
Auckland,1N/414/8.048,300,N, ,SEART OFF SBD,201440557,26/07/2014,Sat,1836,FD,CS1C,331A 352A ,,R,D,TO,F , , ,C,100,0,0,0,,,1756367,5924447
Auckland,1N/414/8.104,200,S, ,ONEWA OBR ON,201435643,01/05/2014,Thu,1830,FD,CN1C,112A 181A 331A ,,R,D,DO,F , , ,C,100,0,0,0,,,1756308,5924395
Auckland,1N/414/8.177,50,S, ,ONEWA OBR OFF,201443863,01/09/2014,Mon,1621,FD,TS1V,181A ,,E,W,OF,L , ,N,C,80,0,0,0,,,1756293,5924342
Auckland,1N/414/8.177,50,S, ,ONEWA OBR OFF,201430948,15/01/2014,Wed,831,FD,CS1CC,181A ,,R,D,OF,F , ,N,C,100,0,0,0,,,1756293,5924342
Auckland,1N/414/8.177,50,S, ,ONEWA OBR OFF,201431673,03/02/2014,Mon,1632,AA,TS1V,184A ,,E,D,B ,F , , ,N,100,0,0,0,,,1756293,5924342
Auckland,1N/414/8.177,50,S, ,ONEWA OBR OFF,201449564,22/12/2014,Mon,1627,FD,CS1C,331A 358A ,,R,D,B ,F , , ,C,100,0,0,0,,,1756293,5924342
Auckland,1N/414/8.227,100,S, ,ONEWA OBR OFF,201450218,26/12/2014,Fri,1108,FD,CS1CC,331A 353A ,,R,D,BF,F , ,N,R,80,0,0,0,,,1756264,5924301
Auckland,1N/414/8.227,100,S, ,ONEWA OBR OFF,201443125,29/08/2014,Fri,1907,FD,CS1C,181A ,,R,D,DO,F , , ,R,80,0,0,0,,,1756264,5924301
Auckland,1N/414/8.227,100,S, ,ONEWA OBR OFF,201431998,24/03/2014,Mon,1639,FD,CS1C,181A ,,R, , F,  , ,N,R,100,0,0,0,,,1756264,5924301
Auckland,1N/414/8.248,100,N, ,MT WGTN OFF SBD,201436319,26/03/2014,Wed,1627,CA,TS1C,191A ,,R,D,BF,F , ,N,N,100,0,0,0,,,1756253,5924283
Auckland,1N/414/8.248,100,N, ,SEART OFF SBD,201445465,08/10/2014,Wed,1750,FD,CS1CC,181A 331A 181B ,,E,D,B ,F , , ,C,100,0,0,0,,,1756253,5924283
Auckland,1N/414/8.257,130,S, ,ONEWA OBR OFF,201436936,27/05/2014,Tue,1833,FD,VS1C,181A 191B ,,R,D,DO,F , , ,C,80,0,0,0,,,1756248,5924275
Auckland,1N/414/8.265,150,S, ,ONEWA OBR OFF,201443674,02/09/2014,Tue,555,AC,4N1V,372A ,,R,W,OO,F , , ,C,100,0,0,0,,,1756218,5924261
Auckland,1N/414/8.277,150,S, ,ONEWA OBR OFF,201438150,27/05/2014,Tue,1833,FD,CS1CM,181A ,,R,D,DO,F , ,N,N,80,0,0,0,,,1756238,5924258
Auckland,1N/414/8.304,300,S, ,OLD ONEWA OBR,201450172,15/12/2014,Mon,1519,FD,CS1C,112A 181A 331A 402A 817 ,,R,D,O ,F , , ,C,80,0,0,0,,,1756224,5924234
Auckland,1N/414/8.325,20,S, ,ONEWA ON SBD,201445852,15/10/2014,Wed,1835,AC,CS1C,130A 423A ,,R,D,B ,F , , ,N,100,0,0,0,,,1756217,5924215
Auckland,1N/414/8.327,200,S, ,ONEWA OBR OFF,201449808,27/12/2014,Sat,1050,FD,CS1C,372A 372B 817 ,,R,D,BF,F , ,N,R,80,0,0,0,,,1756216,5924213
Auckland,1N/414/8.327,200,S, ,ONEWA OBR OFF,201437132,08/05/2014,Thu,1533,FD,CS14,181A ,,R,D,BF,F , ,N,R,80,0,0,0,,,1756216,5924213
Auckland,1N/414/8.355,50,S, ,ONEWA ON SBD,201435641,07/05/2014,Wed,1801,FD,CS1V,112A 181A 331A ,,R,W,TO,F , , ,C,80,0,0,0,,,1756206,5924187
Auckland,1N/414/8.358,600,N, ,STAFFORD OFF NBD,201436910,28/05/2014,Wed,1014,FD,VS1V4,181A 181B ,,M,D,B ,F , , ,C,80,0,0,0,,,1756175,5924178
Auckland,1N/414/8.358,600,N, ,STAFFORD OFF NBD,201434686,28/03/2014,Fri,1807,FD,CN1C,181A ,,R,D,BF,F , ,N,R,100,0,0,0,,,1756175,5924178
Auckland,1N/414/8.375,70,S, ,ONEWA ON SBD,201439335,25/06/2014,Wed,1746,AO,CS1C,372A 381A 372B 381B ,,R,D,DO,F , ,N,C,80,0,0,0,,,1756199,5924168
Auckland,1N/414/8.413,700,S, ,ONEWA OFF SBD,201433804,13/04/2014,Sun,2105,FD,CS1C,181A ,,R,D,DO,F , , ,R,80,0,0,0,,,1756189,5924131
Auckland,1N/414/8.424,500,S, ,ONEWA OBR ON,201436323,01/04/2014,Tue,1144,AA,CS1C,372A ,,R,D,BF,F , ,N,N,80,0,0,0,,,1756187,5924121
Auckland,1N/414/8.427,300,S, ,ONEWA OBR OFF,201443123,29/08/2014,Fri,1445,AO,CS1C,184A ,,R,D,O ,F , , ,N,80,0,0,0,,,1756186,5924118
Auckland,1N/414/8.427,300,S, ,ONEWA OBR OFF,201433315,10/04/2014,Thu,1840,FD,VS1CCC,181A 181C ,,R,D,DO,F , ,N,R,80,0,0,0,,,1756186,5924118
Auckland,1N/414/8.427,300,S, ,ONEWA OBR OFF,201410581,18/02/2014,Tue,1536,FD,CS1CC,181A ,,R,D,BF,F , ,N,C,80,0,0,1,,,1756186,5924118
Auckland,1N/414/8.434,430,S, ,OLD ONEWA OBR,201440580,27/06/2014,Fri,1728,FD,CS1C,331A 353A ,,R,W,DO,L , , ,C,80,0,0,0,,,1756184,5924111
Auckland,1N/414/8.447,320,S, ,ONEWA OBR OFF,201443659,05/09/2014,Fri,2002,FD,CS1C,181A ,,R,W,DO,L , , ,C,80,0,0,0,,,1756182,5924099
Auckland,1N/414/8.457,330,S, ,ONEWA OBR OFF,201410958,07/01/2014,Tue,1631,FD,CS1C,181A ,,R,D,BF,F , ,N,C,80,0,0,1,,,1756179,5924089
Auckland,1N/414/8.458,200,S, ,ONEWA OFF NBD,201444746,25/08/2014,Mon,1740,FD,CN1C,181A ,,R,D,TO,F , ,N,R,100,0,0,0,,,1756143,5924085
Auckland,1N/414/8.477,350,S, ,ONEWA OBR OFF,201441768,24/06/2014,Tue,1620,FD,CS1V,181A ,,R,D,TF,F , , ,C,80,0,0,0,,,1756175,5924069
Auckland,1N/414/8.5,200,S, ,ONEPOTO STM BR,201438702,26/06/2014,Thu,1750,FA,CS1C,181A ,,R,D,BF,F , ,N,R,80,0,0,0,,,1756170,5924047
Auckland,1N/414/8.525,220,S, ,ONEWA ON SBD,201442380,27/08/2014,Wed,1505,FD,CS14,181A 331A ,,R,D,O ,F , ,N,C,100,0,0,0,,,1756164,5924022
Auckland,1N/414/8.527,400,S, ,ONEWA OBR OFF,201438824,20/07/2014,Sun,1319,FD,CS1C,331A 351A ,,R,W,OF,L , ,N,R,100,0,0,0,,,1756164,5924021
Auckland,1N/414/8.558,300,S, ,ONEWA OFF NBD,201443235,29/07/2014,Tue,1745,FD,CN1C,112A 331A 358A 401A ,,R,D,DO,F , , ,C,100,0,0,0,,,1756117,5923988
Auckland,1N/414/8.577,450,S, ,ONEWA OBR OFF,201432763,13/03/2014,Thu,1659,AC,TS1C,380A 671A ,,R,D,O ,F , , ,C,80,0,0,0,,,1756153,5923972
Auckland,1N/414/8.608,2500,N, ,SHELLY BEACH OBR,201430044,08/01/2014,Wed,1642,FD,CS1V,181A ,,R,D,BF,F , ,N,R,70,0,0,0,,,1756146,5923942
Auckland,1N/414/8.625,320,S, ,ONEWA ON SBD,201443660,05/09/2014,Fri,1903,FD,CS1CC,181A 181B ,,R,W,DO,L , , ,C,80,0,0,0,,,1756142,5923925
Auckland,1N/414/8.627,500,S, ,ONEWA OBR OFF,201442154,22/08/2014,Fri,1512,FD,CS1C4,181A 181B ,,E,D,B ,F , , ,C,80,0,0,0,,,1756142,5923923
Auckland,1N/414/8.704,700,S, ,OLD ONEWA OBR,201440348,16/07/2014,Wed,1845,FD,CS1CC,331A ,,R,D,DO,F , , ,C,80,0,0,0,,,1756126,5923847
Auckland,1N/414/8.704,700,S, ,OLD ONEWA OBR,201440509,15/07/2014,Tue,1536,FD,CS1C,181A 387A 191B ,,E,D,B ,F , , ,C,80,0,0,0,,,1756126,5923847
Auckland,1N/414/8.724,800,S, ,ONEWA OBR ON,201444958,04/10/2014,Sat,1048,FD,CS14C,331A 341A ,,R,W,O ,L , ,N,R,80,0,0,0,,,1756121,5923829
Auckland,1N/414/8.727,600,S, ,ONEWA OBR OFF,201445619,18/09/2014,Thu,1846,FD,CS1VC,181A 191B ,,R,D,DO,F , , ,C,80,0,0,0,,,1756121,5923825
Auckland,1N/414/8.727,600,S, ,ONEWA OBR OFF,201415084,19/08/2014,Tue,1544,FD,CS14,181A 801 ,,R,W,OO,L , , ,C,80,0,0,2,,,1756121,5923825
Auckland,1N/414/8.727,600,S, ,ONEWA OBR OFF,201438158,27/05/2014,Tue,1310,AA,TS1C,197A 372A ,,R,D,BF,F , ,N,C,80,0,0,0,,,1756121,5923825
Auckland,1N/414/8.772,200,S, ,WEIGH BRIDGE,201432999,11/03/2014,Tue,1645,FA,CS1V,330A 352A ,,R,D,O ,F , , ,C,80,0,0,0,,,1756111,5923782
Auckland,1N/414/8.795,490,S, ,ONEWA ON SBD,201449167,04/12/2014,Thu,1515,FD,CS1CC,181A ,,R,D,OF,F , ,N,R,80,0,0,0,,,1756106,5923758
Auckland,1N/414/8.805,500,S, ,ONEWA ON SBD,201436590,23/05/2014,Fri,1832,FD,4S1CC,181A 331A 353A ,,R,W,DO,F , , ,C,80,0,0,0,,,1756104,5923749
Auckland,1N/414/8.827,700,S, ,ONEWA OBR OFF,201431658,21/01/2014,Tue,2243,AC,TS1C,386A ,,R,D,DO,F , , ,N,100,0,0,0,,,1756100,5923728
Auckland,1N/414/8.855,550,S, ,ONEWA ON SBD,201437098,30/05/2014,Fri,1512,FD,CS1CC,181A 181B ,,R,D,B ,F , , ,C,80,0,0,0,,,1756094,5923700
Auckland,1N/414/8.858,100,N, ,STAFFORD OFF NBD,201443232,28/07/2014,Mon,1645,FD,4N1C,112A 331A ,,R,D,B ,F , , ,C,80,0,0,0,,,1756053,5923695
Auckland,1N/414/8.858,100,N, ,STAFFORD OFF NBD,201443924,18/10/2014,Sat,2351,FD,CN1C,181A ,,R,D,DO,F , ,N,R,80,0,0,0,,,1756053,5923695
Auckland,1N/414/8.865,560,S, ,ONEWA ON SBD,201416985,22/08/2014,Fri,1510,FD,CS14,181A ,,R,D,BF,F , ,N,C,80,0,0,1,,,1756093,5923690
Auckland,1N/414/8.877,300,N, ,HARBOUR BR N,201443381,09/09/2014,Tue,1850,FA,CS14,331A 350A ,,E,W,DO,L , ,N,N,80,0,0,0,,,1756091,5923679
Auckland,1N/414/8.877,300,N, ,HARBOUR BR N,201443388,09/09/2014,Tue,1851,FA,CS14,112A 402A ,,R,W,DO,L , ,N,C,80,0,0,0,,,1756091,5923679
Auckland,1N/414/8.977,200,N, ,HARBOUR BR N,201440500,18/07/2014,Fri,1904,FD,CS1C,181A 331A 191B ,,R,D,DO,F , , ,C,70,0,0,0,,,1756091,5923579
Auckland,1N/414/9.005,700,S, ,ONEWA ON SBD,201431591,17/01/2014,Fri,1533,AO,TS1C,372A 372B ,,R,D,B ,F , , ,C,80,0,0,0,,,1756094,5923550
Auckland,1N/414/9.008,50,S, ,STAFFORD OFF NBD,201430989,07/03/2014,Fri,1815,FD,CN1C,181A ,,R,D,BF,F , ,N,R,80,0,0,0,,,1756073,5923547
Auckland,1N/414/9.008,50,S, ,STAFFORD OFF NBD,201441268,23/07/2014,Wed,1811,FD,CN1C,181A 331A ,,E,D,DO,F , , ,C,80,0,0,0,,,1756073,5923547
Auckland,1N/414/9.127,1000,S, ,ONEWA OBR OFF,201432173,18/02/2014,Tue,1849,FD,CS1CC,181A 191B ,,R,D,B ,F , ,N,C,80,0,0,0,,,1756109,5923430
Auckland,1N/414/9.127,1000,S, ,ONEWA OBR OFF,201410659,06/03/2014,Thu,1522,FD,CS1CCC,112A 181A ,,R,D,B ,F , ,N,C,80,0,0,1,,,1756109,5923430
Auckland,1N/414/9.148,30,N, ,HARBOUR BR N,201438368,29/04/2014,Tue,1635,FD,CN1C,331A ,,M,D,O ,F , , ,C,50,0,0,0,,,1756095,5923409
Auckland,1N/414/9.148,190,S, ,STAFFORD OFF NBD,201440494,05/08/2014,Tue,826,DA,CN1,130A 631A ,,E,D,O ,F , ,N,N,80,0,0,0,,,1756095,5923409
Auckland,1N/414/9.177,, ,A,HARBOUR BR N,201430239,14/01/2014,Tue,716,FD,CS1C,181A ,,R,D,O ,F , , ,N,80,0,0,0,,,1756112,5923380
Auckland,1N/414/9.178,, ,A,HARBOUR BR N,201412254,04/05/2014,Sun,2215,CC,CN1,103A 112A ,G,R,D,DO,F , ,N,C,80,0,0,3,,,1756097,5923379
Auckland,1N/414/9.178,, ,A,HARBOUR BR N,201433849,27/03/2014,Thu,1440,FD,CN1C,181A ,,E,D,B ,F , , ,C,80,0,0,0,,,1756097,5923379
Auckland,1N/414/9.178,, ,A,HARBOUR BR N,201438645,13/06/2014,Fri,1734,FD,CN14,181A ,,R,D,TO,F , , ,C,80,0,0,0,,,1756097,5923379
Auckland,1N/414/9.178,, ,A,HARBOUR BR N,201433855,11/04/2014,Fri,1048,AO,CN1T,129A 130A 197B ,,R,D,B ,F , , ,C,90,0,0,0,,,1756097,5923379
Auckland,1N/414/9.215,1100,S, ,ONEWA OBR OFF,201442522,24/08/2014,Sun,1230,AO,VN14,381A ,,R,D,BF,F , ,N,R,80,0,0,0,,,1756094,5923342
Auckland,1N/414/9.758,800,S, ,STAFFORD OFF NBD,201450244,25/12/2014,Thu,1023,CA,CS1C,136A 668A ,D,R,D,BF,F , ,N,R,80,0,0,0,,,1755864,5922854
Auckland,1N/414/9.758,800,S, ,STAFFORD OFF NBD,201439134,06/03/2014,Thu,1742,FD,CN1CC,181A 330A ,,R,D,O ,F , ,N,N,80,0,0,0,,,1755864,5922854
Auckland,1N/414/9.83,360,N, ,TOP OF HARBOUR BRIDGE,201412588,07/05/2014,Wed,2025,FD,CN1C,112A 331A ,,R,W,DO,F , , ,C,80,0,0,1,,,1755830,5922792
Auckland,1N/414/9.838,880,S, ,STAFFORD OFF NBD,201430311,13/01/2014,Mon,2014,FD,VS1CC,181A 330A ,,R,D,B ,F , ,N,C,80,0,0,0,,,1755826,5922785
Auckland,1N/414/9.86,330,N, ,TOP OF HARBOUR BRIDGE,201446182,25/10/2014,Sat,216,CA,CN1,102A 412A ,G,R,D,DO,F , , ,P,80,0,0,0,,,1755815,5922766
Auckland,1N/414/9.925,800,N, ,SHELLY OFF SBD,201437857,09/06/2014,Mon,652,FD,MS1C,181A ,,R,W,DO,F , ,N,R,80,0,0,0,,,1755804,5922708
Auckland,1N/414/9.94,250,N, ,TOP OF HARBOUR BRIDGE,201412561,28/04/2014,Mon,829,FD,CN1CCC,110A 110C 801 ,,R,W,O ,L , , ,C,80,0,0,1,,,1755776,5922696
Auckland,1N/414/9.946,1200,N, ,SHELLY BEACH OBR,201443900,15/10/2014,Wed,1005,FD,TN14C,181A 181C ,,R,D,BF,F , ,N,R,80,0,0,0,,,1755773,5922690
Auckland,1N/414/10.025,700,N, ,SHELLY OFF SBD,201445376,25/06/2014,Wed,1845,FD,CS1C,112A 181A ,,R,W,DO,H , , ,C,80,0,0,0,,,1755755,5922620
Auckland,1N/414/10.025,700,N, ,SHELLY OFF SBD,201431871,06/03/2014,Thu,1146,AC,CS1V,129A 363A ,,R,D,BF,F , ,N,R,80,0,0,0,,,1755755,5922620
Auckland,1N/414/10.127,2000,S, ,ONEWA OBR OFF,201437334,11/06/2014,Wed,321,CA,TS1,135A 903 ,,R,W,DO,LS, ,N,P,100,0,0,0,,,1755706,5922531
Auckland,1N/414/10.158,1200,S, ,STAFFORD OFF NBD,201413537,04/07/2014,Fri,1720,AA,CN1M,372A ,,R,D,O ,F , , ,R,80,0,0,1,,,1755670,5922505
Auckland,1N/414/10.177,1000,S, ,HARBOUR BR N,201442133,13/08/2014,Wed,1005,FD,CS1C,181A ,,R,W,O ,L , , ,C,100,0,0,0,,,1755682,5922487
Auckland,1N/414/10.19,, ,A,TOP OF HARBOUR BRIDGE,201445508,15/09/2014,Mon,1005,FD,CN1C,181A ,,R,D,O ,F , , ,C,80,0,0,0,,,1755655,5922477
Auckland,1N/414/10.19,, ,A,TOP OF HARBOUR BRIDGE,201438563,06/06/2014,Fri,1328,AO,CN1T,184A 181B ,,R,D,B ,F , , ,C,80,0,0,0,,,1755655,5922477
Auckland,1N/414/10.19,, ,A,TOP OF HARBOUR BRIDGE,201414579,15/07/2014,Tue,2021,FD,MN1C,181A 331A 191B ,,R,D,DO,F , , ,C,80,0,0,1,,,1755655,5922477
Auckland,1N/414/10.19,, ,A,TOP OF HARBOUR BRIDGE,201435202,20/02/2014,Thu,2104,AC,CN1C,372A ,,E,D,DO,F , , ,C,80,0,0,0,,,1755655,5922477
Auckland,1N/414/10.198,, ,A,TOP OF HARBOUR BRIDGE,201440399,25/06/2014,Wed,1300,AC,CS1C,372A ,,R,D,O ,F , , ,C,80,0,0,0,,,1755671,5922469
Auckland,1N/414/10.198,, ,A,TOP OF HARBOUR BRIDGE,201433887,17/04/2014,Thu,1535,FD,CS1C,181A ,,R,D,B ,F , , ,C,80,0,0,0,,,1755671,5922469
Auckland,1N/414/10.198,, ,A,TOP OF HARBOUR BRIDGE,201415738,24/08/2014,Sun,1228,FD,CS1CC,181A 181C ,,R,D,BF,F , ,N,N,80,0,0,2,,,1755671,5922469
Auckland,1N/414/10.198,, ,A,TOP OF HARBOUR BRIDGE,201434357,14/04/2014,Mon,630,FD,CS1C,181A ,,R,D,TO,F , , ,C,50,0,0,0,,,1755671,5922469
Auckland,1N/414/10.325,400,N, ,SHELLY OFF SBD,201416164,08/10/2014,Wed,1817,FD,VS1CC,181A 331A ,,R,D,DO,F , , ,C,80,0,0,1,,,1755610,5922358
Auckland,1N/414/10.34,150,S, ,TOP OF HARBOUR BRIDGE,201417239,18/10/2014,Sat,1711,FD,CN1VCC,331A 331B 801 ,,R,W,O ,L , , ,C,80,0,0,1,,,1755582,5922346