TLANAME,CRASHROAD,CRASHDIST,CRASHDIRN,INTSN,SIDEROAD,CRASHID,CRASHDATE,CRASHDOW,CRASHTIME,MVMT,VEHICLES,CAUSES,OBJECTSSTRUCK,ROADCURVE,ROADWET,LIGHT,WTHRa,JUNCTYPE,TRAFCTRL,ROADMARK,SPDLIM,CRASHFATALCNT,CRASHSEVCNT,CRASHMINCNT,PERSAGE1,PERSAGE2,EASTING,NORTHING
Auckland,1N/414/10.354,500,N, ,CURRAN ON NBD,201441077,28/07/2014,Mon,638,EO,ON1,686A ,G,R,D,BF,F , ,N,R,80,0,0,0,,,1755575,5922333
Auckland,1N/414/10.446,700,N, ,SHELLY BEACH OBR,201449804,27/12/2014,Sat,1320,FD,CN1C,181A ,,R,D,BF,F , ,N,R,80,0,0,0,,,1755531,5922253
Auckland,1N/414/10.554,300,N, ,CURRAN ON NBD,201445316,09/09/2014,Tue,1720,FD,CN1CC,112A 181A 331A ,,R,D,O ,F , , ,N,80,0,0,0,,,1755478,5922158
Auckland,1N/414/10.572,200,N, ,HARBOUR BR S,201450583,27/12/2014,Sat,1316,AO,VN1C,129A 380A ,,R,D,B ,F , , ,C,80,0,0,0,,,1755469,5922143
Auckland,1N/414/10.574,280,N, ,CURRAN ST,201446180,24/10/2014,Fri,1357,FD,CN1C,181A 331A ,,R,D,B ,F , , ,C,80,0,0,0,,,1755468,5922141
Auckland,1N/414/10.646,500,N, ,SHELLY BEACH OBR,201443663,20/08/2014,Wed,1030,FD,4N14,181A ,,R,W,O ,L , , ,N,80,0,0,0,,,1755433,5922079
Auckland,1N/414/10.654,200,N, ,CURRAN ON NBD,201447240,05/11/2014,Wed,1755,FD,MN1C,102A 181A 331A ,,R,D,B ,F , , ,R,80,0,0,0,,,1755429,5922071
Auckland,1N/414/10.654,200,N, ,CURRAN ON NBD,201443495,22/09/2014,Mon,1725,FD,CN1CC,132A 181A 191B ,,R,D,B ,F , ,N,C,80,0,0,0,,,1755429,5922071
Auckland,1N/414/10.654,200,N, ,CURRAN ON NBD,201445292,01/09/2014,Mon,1048,FD,CN1C,181A 331A 901 ,,R,W,O ,H , , ,C,80,0,0,0,,,1755429,5922071
Auckland,1N/414/10.654,200,N, ,CURRAN ON NBD,201449607,19/12/2014,Fri,1347,AC,CN1B,372A 404A ,,R,D,B ,F , , ,R,80,0,0,0,,,1755429,5922071
Auckland,1N/414/10.672,100,N, ,HARBOUR BR S,201414594,23/07/2014,Wed,909,FD,4N1CC,331A 352A ,,R,D,B ,F , , ,C,80,0,0,1,,,1755421,5922055
Auckland,1N/414/10.675,50,N, ,SHELLY OFF SBD,201436739,27/05/2014,Tue,1618,AC,TN1C,372A ,,M,W,O ,F , ,N,N,80,0,0,0,,,1755441,5922051
Auckland,1N/414/10.695,30,N, ,SHELLY OFF SBD,201436653,09/05/2014,Fri,1600,FA,CN1C,181A ,,R,D,B ,F , ,N,C,80,0,0,0,,,1755431,5922034
Auckland,1N/414/10.708,400,N, ,SHELLY BEACH OBR,201441767,16/08/2014,Sat,2149,EA,CS1C,330A ,Q,R,D,DO,F , , ,C,80,0,0,0,,,1755425,5922022
Auckland,1N/414/10.725,, ,I,SHELLY OFF SBD,201445578,27/09/2014,Sat,1154,CC,TS1C,130A 330A 668A ,D,R,D,B ,F ,T,N,P,80,0,0,0,,,1755416,5922008
Auckland,SHELLY OFF SBD,, ,I,1N/414/10.725,201414493,30/06/2014,Mon,832,FD,MS1C,181A ,,R,W,OF,L ,Y,N,C,80,0,0,1,,,1755416,5922008
Auckland,1N/414/10.754,100,N, ,CURRAN ON NBD,201433614,03/04/2014,Thu,1305,AD,VN1,130A 901 ,G,R,W,O ,H , , ,C,80,0,0,0,,,1755381,5921984
Auckland,1N/414/10.754,100,N, ,CURRAN ON NBD,201442591,05/09/2014,Fri,1756,FD,CN1C,331A ,,R,W,DO,L , ,N,R,80,0,0,0,,,1755381,5921984
Auckland,1N/414/10.755,30,S, ,SHELLY OFF SBD,201430927,14/02/2014,Fri,124,AO,4S14,381A ,,M,W,DO,L , ,N,R,80,0,0,0,,,1755401,5921982
Auckland,1N/414/10.772,, ,A,HARBOUR BR S,201449604,29/12/2014,Mon,1454,FD,CN1CCV,181A 181B 181C ,,R,D,B ,F , , ,R,80,0,0,0,,,1755372,5921968
Auckland,1N/414/10.775,50,S, ,SHELLY OFF SBD,201411822,17/03/2014,Mon,1428,AC,CS1C,372A ,,M,D,BF,F , ,N,C,80,0,0,1,,,1755391,5921964
Auckland,1N/414/10.804,50,N, ,CURRAN ON NBD,201434100,01/04/2014,Tue,2240,FA,CN14,331A 614A 817 ,,M,W,DO,L , ,N,C,100,0,0,0,,,1755356,5921940
Auckland,1N/414/10.804,50,N, ,CURRAN ON NBD,201448056,19/11/2014,Wed,943,AC,CN1BC,184A 197B ,,R,D,B ,F , , ,C,80,0,0,0,,,1755356,5921940
Auckland,1N/414/10.808,300,N, ,SHELLY BEACH OBR,201410153,10/01/2014,Fri,,FA,CS1C,104A 112A 331A ,,R,D,B ,F , , ,C,80,0,0,1,,,1755376,5921935
Auckland,1N/414/10.825,100,S, ,SHELLY OFF SBD,201450614,30/12/2014,Tue,1320,FD,CS1C,181A 330A 191B ,,R,D,B ,F , ,N,C,80,0,0,0,,,1755368,5921920
Auckland,1N/414/10.825,100,S, ,SHELLY OFF SBD,201413028,14/04/2014,Mon,630,FD,CS14CC,181A ,,R,W,DO,L , ,N,C,80,0,0,1,,,1755368,5921920
Auckland,1N/414/10.846,300,N, ,SHELLY BEACH OBR,201410183,17/01/2014,Fri,1400,EO,CN1T,198A 330B 682B ,D,R,D,B ,F , , ,C,80,0,0,1,,,1755336,5921904
Auckland,1N/414/10.846,300,N, ,SHELLY BEACH OBR,201446593,02/11/2014,Sun,1148,FD,CN1C,112A 181A 331A ,,R,D,O ,F , , ,N,80,0,0,0,,,1755336,5921904
Auckland,1N/414/10.946,200,N, ,SHELLY BEACH OBR,201417538,15/10/2014,Wed,1050,AC,TN1C,372A 671A ,,R,D,OF,F , ,N,C,80,0,0,1,,,1755296,5921812
Auckland,1N/414/10.946,200,N, ,SHELLY BEACH OBR,201438400,09/06/2014,Mon,1756,FA,CN1C,181A 331A 801 ,,R,W,DO,L , , ,C,80,0,0,0,,,1755296,5921812
Auckland,1N/414/11.008,100,N, ,SHELLY BEACH OBR,201450068,19/01/2014,Sun,1524,FD,VS1CC,112A 331A ,,R,D,B ,F , , ,N,80,0,0,0,,,1755305,5921750
Auckland,1N/414/11.046,100,N, ,SHELLY BEACH OBR,201440962,23/07/2014,Wed,904,FD,CN1C4,181A ,,R,D,BF,F , ,N,C,80,0,0,0,,,1755285,5921714
Auckland,1N/414/11.054,200,S, ,CURRAN ON NBD,201433391,10/04/2014,Thu,2141,FF,CN1C,181A 387A ,,R,W,DO,F , ,N,R,80,0,0,0,,,1755285,5921705
Auckland,1N/414/11.058,50,N, ,SHELLY BEACH OBR,201411010,21/02/2014,Fri,759,AA,MS1C,372A 402A 630A ,,M,D,B ,F , , ,C,80,0,0,1,,,1755306,5921700
Auckland,1N/414/11.096,50,N, ,SHELLY BEACH OBR,201434587,16/04/2014,Wed,1840,FD,CN14,331A 353A ,,R,W,DO,L , ,N,R,80,0,0,0,,,1755292,5921665
Auckland,1N/414/11.137,30,S, ,SHELLY BEACH OBR,201430013,02/01/2014,Thu,1920,CC,CS1CC,137A ,,R,D,OF,F , ,N,N,80,0,0,0,,,1755335,5921627
Auckland,1N/414/11.146,, ,I,SHELLY BEACH OBR,201430478,25/01/2014,Sat,1645,AF,CN1C,129A 150A ,G,E,D,DO,F ,M,N,N,50,0,0,0,,,1755312,5921619
Auckland,1N/414/11.155,10,S, ,SHELLY BEACH OBR,201430437,25/01/2014,Sat,457,AA,XN1C,372A 381A ,G,R,D,DO,F ,M,N,C,80,0,0,0,,,1755317,5921611
Auckland,1N/414/11.195,50,S, ,SHELLY BEACH OBR,201446592,03/11/2014,Mon,1405,EC,CN1,198A ,D,R,D,O ,F , , ,C,80,0,0,0,,,1755342,5921580
Auckland,1N/414/11.195,50,S, ,SHELLY BEACH OBR,201431839,13/02/2014,Thu,1739,FD,VN1C,181A ,,M, , F,  , ,N,R,80,0,0,0,,,1755342,5921580
Auckland,1N/414/11.225,500,S, ,SHELLY OFF SBD,201437874,09/06/2014,Mon,650,FD,CN1C,112A 181A ,,R,W,TO,L , ,N,R,80,0,0,0,,,1755393,5921562
Auckland,1N/414/11.245,100,S, ,SHELLY BEACH OBR,201431648,22/01/2014,Wed,1011,AC,TN1C,372A ,,E,D,B ,F , , ,C,80,0,0,0,,,1755377,5921545
Auckland,1N/414/11.254,400,S, ,CURRAN ON NBD,201444957,19/09/2014,Fri,802,FD,CN1C,331A 353A 191B ,,R,D,O ,L , ,N,R,80,0,0,0,,,1755384,5921539
Auckland,1N/414/11.397,1000,N, ,FANSHAWE OBR,201450958,09/12/2014,Tue,1930,AC,CS1V,372A ,,E,W,O ,F , , ,C,80,0,0,0,,,1755526,5921453
Auckland,1N/414/11.407,300,S, ,SHELLY BEACH OBR,201433547,14/04/2014,Mon,625,FD,CS14,181A ,,R,W,DF,L , ,N,R,80,0,0,0,,,1755534,5921447
Auckland,1N/414/11.645,500,S, ,SHELLY BEACH OBR,201449847,16/12/2014,Tue,1005,FD,CN1C,181A ,,R,D,OF,F , ,N,C,80,0,0,0,,,1755651,5921261
Auckland,1N/414/11.707,600,S, ,SHELLY BEACH OBR,201449806,30/12/2014,Tue,1035,FD,CS1V,181A ,,R,D,BN,F , ,N,C,80,0,0,0,,,1755713,5921211
Auckland,1N/414/11.743,360,N, ,FANSHAWE ON NBD,201444608,20/09/2014,Sat,1507,AA,CN1C4,372A 381A ,,R,D,O ,F , ,N,C,70,0,0,0,,,1755713,5921186
Auckland,1N/414/11.803,300,N, ,FANSHAWE ON NBD,201416863,14/11/2014,Fri,1631,FD,CS1C,130A 410A ,,R,D,B ,F , ,N,C,80,0,0,1,,,1755765,5921156
Auckland,1N/414/11.933,170,N, ,FANSHAWE ON NBD,201447097,16/10/2014,Thu,1700,AA,CN14C,103A 177A 372A ,,R,D,BF,F , ,N,R,80,0,0,0,,,1755889,5921116
Auckland,1N/414/12.025,200,N, ,VICTORIA PARK TUNNEL N,201430973,03/01/2014,Fri,1220,AA,CN1C,372A ,,E,D,OF,F , ,N,R,80,0,0,0,,,1755974,5921085
Auckland,1N/414/12.029,400,N, ,FANSHAWE OBR,201434189,10/04/2014,Thu,2105,AA,CN1C,372A ,,M,W,TO,F , , ,C,70,0,0,0,,,1755978,5921083
Auckland,1N/414/12.103,, ,I,FANSHAWE ON NBD,201432617,27/02/2014,Thu,1900,AA,BN1C,372A ,,R,D,O ,F ,T,N,R,80,0,0,0,,,1756044,5921049
Auckland,1N/414/12.125,100,N, ,VICTORIA PARK TUNNEL N,201441074,25/07/2014,Fri,955,AC,TN1C,372A 671A ,,R,D,BF,F , ,N,N,80,0,0,0,,,1756061,5921035
Auckland,1N/414/12.157,240,N, ,FANSHAWE OBR,201444130,02/10/2014,Thu,1836,DA,VS1,137A 181A ,G,M,W,OF,F , ,N,R,80,0,0,0,,,1756113,5921016
Auckland,1N/414/12.237,800,N, ,WELLINGTON ON NBD,201416917,14/09/2014,Sun,21,AA,CN1C,103A 372A ,,M,W,DO,L , ,N,C,80,0,0,1,,,1756148,5920964
Auckland,1N/414/12.275,50,S, ,VICTORIA PARK TUNNEL N,201439773,25/06/2014,Wed,2240,AD,CN1C,111A 133A 402A 800 ,X,E,W,DO,L , , ,N,80,0,0,0,,,1756177,5920941
Auckland,1N/414/12.329,100,N, ,FANSHAWE OBR,201436324,13/03/2014,Thu,651,DB,CN1C,131A 631A ,G,E,D,BF,F , ,N,N,80,0,0,0,,,1756214,5920901
Auckland,1N/414/12.399,30,N, ,FANSHAWE OBR,201443654,04/09/2014,Thu,2043,AC,CN1C,184A ,,E,W,DO,H , , ,C,80,0,0,0,,,1756251,5920842
Auckland,1N/414/12.446,50,S, ,FANSHAWE OBR,201416137,02/10/2014,Thu,1638,FA,TS1C,181A 191B ,,R,W,O ,  , , ,C,100,0,0,3,,,1756297,5920802
Auckland,1N/414/12.496,100,S, ,FANSHAWE OBR,201440574,25/07/2014,Fri,2024,DA,CS1,101A 131A 801 ,GK,E,W,DO,L , , ,R,80,0,0,0,,,1756307,5920753
Auckland,1N/414/12.507,790,N, ,WELLINGTON OBR,201439287,19/06/2014,Thu,1529,AO,VN1V,130A 191A ,,M,W,OO,F , , ,N,80,0,0,0,,,1756282,5920739
Auckland,1N/414/12.628,200,S, ,FANSHAWE OBR,201441078,28/07/2014,Mon,837,AC,TN1C,372A 671A ,,R,D,BF,F , ,N,R,80,0,0,0,,,1756294,5920618
Auckland,1N/414/12.669,200,N, ,COOK OFF SBD,201436526,25/05/2014,Sun,403,CA,4S1,103A 110A 130A ,G,R,W,DO,F , , ,N,80,0,0,0,,,1756313,5920581
Auckland,1N/414/12.769,100,N, ,COOK OFF SBD,201437119,26/05/2014,Mon,654,FD,CS1C,103A 181A ,,R,W,DO,H , ,N,R,80,0,0,0,,,1756321,5920481
Auckland,1N/414/12.796,400,S, ,FANSHAWE OBR,201411697,25/03/2014,Tue,1809,FD,CS1CC,331A 358A ,,R,D,OF,F , ,N,R,80,0,0,1,,,1756324,5920454
Auckland,1N/414/12.816,20,N, ,VICTORIA PARK TUNNEL S,201432946,25/02/2014,Tue,1610,FA,CN1C,181A ,,E,D,B ,F , , ,C,80,0,0,0,,,1756316,5920432
Auckland,1N/414/12.937,100,N, ,WELLINGTON ON NBD,201431874,09/03/2014,Sun,1818,AC,CN14,372A ,,R,D,OF,F , ,N,R,80,0,0,0,,,1756341,5920314
Auckland,1N/414/13.022,15,N, ,WELLINGTON ON NBD,201437320,16/06/2014,Mon,710,FD,CN1C,181A ,,E,D,BF,F , ,N,R,80,0,0,0,,,1756371,5920235
Auckland,1N/414/13.067,30,S, ,WELLINGTON ON NBD,201431215,06/03/2014,Thu,1715,FD,CN1C,331A 358A ,,R,D,BF,F , ,N,R,80,0,0,0,,,1756391,5920194
Auckland,1N/414/13.087,50,S, ,WELLINGTON ON NBD,201440576,27/07/2014,Sun,1656,AC,CN1CC,159A 184A 357A 191B 386C 402C ,,R,D,O ,F , , ,R,80,0,0,0,,,1756400,5920177
Auckland,1N/414/13.097,200,N, ,WELLINGTON OBR,201435766,15/05/2014,Thu,1800,FA,CN14,181A 331A ,,E,D,DO,F , , ,C,80,0,0,0,,,1756405,5920167
Auckland,1N/414/13.137,100,S, ,WELLINGTON ON NBD,201451066,30/12/2014,Tue,1301,FD,CN1C,181A ,,E,D,BF,F , ,N,C,80,0,0,0,,,1756425,5920133
Auckland,1N/414/13.137,100,S, ,WELLINGTON ON NBD,201439176,25/06/2014,Wed,1740,FD,CN1C,181A 330A ,,E,W,DO,F , ,N,C,80,0,0,0,,,1756425,5920133
Auckland,1N/414/13.228,800,S, ,FANSHAWE OBR,201441892,20/08/2014,Wed,1629,FA,CN1C,110A 331A ,,R,D,O ,F , , ,C,80,0,0,0,,,1756473,5920055
Auckland,1N/414/13.276,300,N, ,HOBSON OBR,201442527,03/09/2014,Wed,1217,CB,CN1,501A ,,R,D,OF,F , ,N,R,80,0,0,0,,,1756511,5920019
Auckland,1N/414/13.447,150,S, ,WELLINGTON OBR,201449107,01/12/2014,Mon,905,AC,TN1C,372A 671A ,,R,D,OF,F , ,N,R,80,0,0,0,,,1756580,5919865
Auckland,1N/414/13.466,110,N, ,HOBSON OBR,201435121,05/03/2014,Wed,800,FD,CS1C,181A ,,M,D,O ,F , ,N,C,100,0,0,0,,,1756612,5919858
Auckland,1N/427/0.168,, ,A,HOPETOUN OBR,201433943,20/02/2014,Thu,750,AC,VN1C,372A ,,E,D,B ,F ,T,N,C,100,0,0,0,,,1756523,5919536
Auckland,1N/427/0.176,50,S, ,HOBSON ON SBD,201443019,28/08/2014,Thu,2230,FD,CS1C,181A 331A ,,R,D,DO,F , , ,C,70,0,0,0,,,1756600,5919603
Auckland,1N/427/0.326,200,S, ,HOBSON ON SBD,201444955,11/10/2014,Sat,2210,EC,CS1,198A 341A ,D,M,D,DO,F , ,N,N,80,0,0,0,,,1756562,5919461
Auckland,1N/427/0.356,230,S, ,HOBSON ON SBD,201431797,08/02/2014,Sat,1740,AO,CS14,381A 381B ,,R,D,B ,F , , ,C,80,0,0,0,,,1756566,5919431
Auckland,1N/427/0.389,20,S, ,NELSON OFF NBD,201432538,15/01/2014,Wed,935,AC,TN1C,372A 671A ,GG,E,D,B ,F , ,N,C,80,0,0,0,,,1756584,5919326
Auckland,1N/427/0.469,100,S, ,NELSON OFF NBD,201448476,14/11/2014,Fri,1405,AC,TN1C,372A 671A ,,E,D,BF,F , ,N,R,80,0,0,0,,,1756630,5919261
Auckland,1N/427/0.555,400,N, ,SYMONDS OBR,201448382,16/12/2014,Tue,1510,FA,TN1C,181A ,,E,D,B ,F , ,N,C,100,0,0,0,,,1756700,5919211
Auckland,1N/427/0.758,20,N, ,UPPER QUEEN OBR,201437310,27/05/2014,Tue,807,FD,CN1CT,331A 353A ,,E,D,OF,F , ,N,R,80,0,0,0,,,1756898,5919178
Auckland,1N/427/0.794,100,E, ,16 LINK 1,201449884,26/11/2014,Wed,1704,AC,TE1CC,372A 671A ,,M,D,BF,F , ,N,R,80,0,0,0,,,1756914,5919242
Auckland,1 LINK 16,, ,I,1N/427/0.802,201430022,07/01/2014,Tue,2356,DB,CE1,101A 111A 131A ,G,M,W,DO,L ,Y,N,R,80,0,0,0,,,1756942,5919170
Auckland,1N/427/0.902,100,E, ,1 LINK 16,201436738,28/05/2014,Wed,831,AA,TW1C,372A ,,R,D,B ,F , ,N,C,80,0,0,0,,,1757036,5919136
Auckland,1N/427/1.005,50,S, ,SYMONDS OBR,201434382,12/04/2014,Sat,1145,FD,CN1C,181A ,,M,D,B ,F , , ,C,80,0,0,0,,,1757125,5919086
Auckland,1N/427/1.005,, ,A,SYMONDS OBR,201436113,09/05/2014,Fri,703,AA,TS1C,372A 671A ,,M,W,O ,L , , ,C,80,0,0,0,,,1757108,5919163
Auckland,1N/427/1.055,100,E, ,SYMONDS OBR,201436523,23/05/2014,Fri,2229,DB,CN1,131A 355A 801 ,G,M,W,DO,L , , ,C,80,0,0,0,,,1757162,5919052
Auckland,1N/427/1.055,100,S, ,SYMONDS OBR,201448185,28/11/2014,Fri,1407,FD,TN1C,181A 331A ,,R,W,O ,L , , ,N,80,0,0,0,,,1757162,5919052
Auckland,1N/427/1.212,100,S, ,SYMONDS ON SBD,201430660,12/02/2014,Wed,1816,AO,CS1C,150A 381A ,,R,D,O ,F , ,N,N,80,0,0,0,,,1757233,5919004
Auckland,1N/427/1.245,100,N, ,GRAFTON ROAD,201441651,06/08/2014,Wed,1127,AC,TS1C,386A ,,R,W,O ,F , , ,C,80,0,0,0,,,1757247,5918974
Auckland,1N/427/1.255,300,S, ,SYMONDS OBR,201437042,15/05/2014,Thu,1800,FD,CN1C,331A ,,R,D,TF,F , , ,C,100,0,0,0,,,1757280,5918892
Auckland,1N/427/1.258,100,N, ,GRAFTON OBR,201447163,24/10/2014,Fri,1637,FD,CS1C,331A ,,R,D,O ,F , , ,C,80,0,0,0,,,1757253,5918963
Auckland,1N/427/1.258,100,N, ,GRAFTON OBR,201431826,10/03/2014,Mon,1534,FD,CS1CC,181A ,,R,D,BF,F , ,N,R,80,0,0,0,,,1757253,5918963
Auckland,1N/427/1.289,, ,A,GRAFTON OBR,201443132,25/08/2014,Mon,1246,QO,4N1,826,Y,E,D,B ,F , , ,C,80,0,0,0,,,1757303,5918867
Auckland,1N/427/1.308,20,S, ,GRAFTON OBR,201438822,18/07/2014,Fri,1654,AA,CN1C,381A ,,R,D,DO,F , ,N,R,100,0,0,0,,,1757317,5918853
Auckland,1N/427/1.312,200,S, ,SYMONDS ON SBD,201448211,27/11/2014,Thu,1320,AA,CN1C,372A ,,R,D,B ,F , ,N,L,70,0,0,0,,,1757281,5918916
Auckland,1N/427/1.345,, ,I,GRAFTON ON SBD,201450914,08/11/2014,Sat,948,CB,CS1C,132A 137A 181A ,,R,D,B ,F ,T,N,C,80,0,0,0,,,1757299,5918889
Auckland,1N/427/1.345,, ,I,GRAFTON ROAD,201448170,21/11/2014,Fri,1612,AA,CS1T,184A 372A ,,R,D,B ,F ,T,N,C,80,0,0,0,,,1757299,5918889
Auckland,1N/427/1.346,100,N, ,WELLESLEY OFF NBD,201431881,15/03/2014,Sat,1724,DB,CN1,131A ,G,E,D,OF,FS, ,N,R,80,0,0,0,,,1757343,5918826
Auckland,1N/427/1.377,20,S, ,GRAFTON OBR,201439289,20/06/2014,Fri,1803,FD,CS1C,103A 181A ,,E,D,DO,F , , ,N,80,0,0,0,,,1757321,5918866
Auckland,1N/427/1.395,50,S, ,GRAFTON ON SBD,201435665,28/04/2014,Mon,1840,AC,TS1C,372A 671A ,,R,D,TO,F , , ,C,80,0,0,0,,,1757334,5918853
Auckland,1N/427/1.396,50,N, ,WELLESLEY OFF NBD,201415030,16/07/2014,Wed,1759,FA,CN1M,181A 352A ,,E,D,TO,F , , ,C,80,0,0,1,,,1757382,5918795
Auckland,1N/427/1.418,130,S, ,GRAFTON OBR,201433577,23/04/2014,Wed,650,AC,CN1C,372A 381A ,,E,W,OF,F , ,N,R,80,0,0,0,,,1757400,5918781
Auckland,1N/427/1.431,200,N, ,KHYBER PASS OBR,201438568,07/06/2014,Sat,1404,FD,CN1CCC,181A 331A ,,R,D,B ,F , , ,C,80,0,0,0,,,1757410,5918773
Auckland,1N/427/1.431,15,N, ,WELLESLEY OFF NBD,201417225,30/08/2014,Sat,1956,DB,CN1,131A 351A 402A 801 ,G,E,W,TO,L , , ,C,80,0,0,2,,,1757410,5918773
Auckland,1N/427/1.445,100,S, ,GRAFTON ON SBD,201445243,25/06/2014,Wed,1815,FA,TS1C,331A 801 ,,E,W,DN,L , , ,C,50,0,0,0,,,1757373,5918822
Auckland,1N/427/1.446,, ,I,WELLESLEY OFF NBD,201443053,02/09/2014,Tue,1323,GF,VN1T,129A 330A 129B 330B ,,R,D,B ,F ,T,N,C,80,0,0,0,,,1757422,5918764
Auckland,1N/427/1.488,200,S, ,GRAFTON OBR,201432174,19/02/2014,Wed,1830,AA,CN1T,372A ,,E,D,O ,F , ,N,N,80,0,0,0,,,1757450,5918732
Auckland,1N/427/1.488,200,S, ,GRAFTON OBR,201444309,18/09/2014,Thu,1303,AA,CN1V,370A 372A 671A ,,E,D,O ,F , , ,C,80,0,0,0,,,1757450,5918732
Auckland,1N/427/1.515,170,S, ,GRAFTON ROAD,201435120,05/03/2014,Wed,2205,FD,CS1C,181A 330A ,,M,D,DO,F , ,N,C,100,0,0,0,,,1757429,5918779
Auckland,1N/427/1.525,1200,N, ,GILLIES OBR,201414878,29/07/2014,Tue,1807,FD,CS1C4,181A ,,R,D,DO,F , ,N,N,100,0,0,1,,,1757436,5918772
Auckland,1N/427/1.545,200,S, ,GRAFTON ON SBD,201443496,22/09/2014,Mon,1615,FD,CS1C,112A 181A ,,R,D,O ,F , ,N,C,80,0,0,0,,,1757450,5918758
Auckland,1N/427/1.545,200,S, ,GRAFTON ROAD,201430693,05/02/2014,Wed,814,AO,CS1C,381A ,,R,D,O ,F , ,N,C,80,0,0,0,,,1757450,5918758
Auckland,1N/427/1.551,80,N, ,KHYBER PASS OBR,201449705,15/10/2014,Wed,1148,FD,CN1CC,132A 330A ,,R,D,B ,F , ,N,N,80,0,0,0,,,1757488,5918683
Auckland,1N/427/1.631,, ,A,KHYBER PASS OBR,201436527,17/05/2014,Sat,1355,FD,XN1C,181A 331A ,,R,D,B ,F , , ,C,100,0,0,0,,,1757521,5918610
Auckland,1N/427/1.657,300,S, ,GRAFTON OBR,201437182,04/04/2014,Fri,145,AC,CS1C,103A ,,R,D,DO,F , ,N,C,80,0,0,0,,,1757514,5918668
Auckland,1N/427/1.676,50,N, ,KHYBER PASS OBR,201411317,12/08/2014,Tue,1803,FD,CS1C,181A ,,R,D,OF,L , ,N,R,80,0,0,1,,,1757523,5918651
Auckland,1N/427/1.757,400,S, ,GRAFTON OBR,201442135,13/08/2014,Wed,822,FD,CS1C,181A ,,R,W,O ,L , , ,N,80,0,0,0,,,1757548,5918574
Auckland,1N/427/1.795,200,N, ,KHYBER PASS OFF NBD,201418808,06/08/2014,Wed,140,DA,CN1,111A 131A ,G,M,D,DO,F , ,N,N,80,0,0,3,,,1757568,5918453
Auckland,1N/427/1.831,200,S, ,KHYBER PASS OBR,201414780,08/08/2014,Fri,1842,FD,CN1CC,331A 353A ,,R,D,DF,F , , ,C,80,0,0,1,,,1757582,5918420
Auckland,1N/427/1.871,500,N, ,GILLIES ON NBD,201443481,12/08/2014,Tue,1241,AA,4N1TC,372A 381A ,,R,D,B ,F , ,N,C,80,0,0,0,,,1757600,5918385
Auckland,1N/427/1.895,100,N, ,KHYBER PASS OFF NBD,201432183,11/02/2014,Tue,1414,FA,BN1C,331A 353A ,,R,D,B ,F , ,N,C,80,0,0,0,,,1757614,5918365
Auckland,1N/427/1.924,200,S, ,KHYBER PASS OBR,201440978,21/08/2014,Thu,1055,FA,TS1C,181A 331A ,,R,D,BF,F , ,N,C,100,0,0,0,,,1757601,5918416
Auckland,1N/427/1.931,300,S, ,KHYBER PASS OBR,201442130,09/08/2014,Sat,1751,FD,CN1C,181A ,,R,D,TO,F , , ,C,80,0,0,0,,,1757637,5918338
Auckland,1N/427/1.971,400,N, ,GILLIES ON NBD,201432696,08/04/2014,Tue,1537,FD,CN1C,181A 353A ,,R,D,O ,F , ,N,N,80,0,0,0,,,1757664,5918308
Auckland,1N/427/1.976,100,N, ,MOUNTAIN OBR,201443122,19/08/2014,Tue,917,AA,CN1C,372A ,,E,D,B ,F , , ,N,80,0,0,0,,,1757668,5918304
Auckland,1N/427/1.985,10,N, ,KHYBER PASS OFF NBD,201410524,24/01/2014,Fri,2300,CA,CN1C,103A 129A ,G,R,D,DO,F ,Y,N,P,100,0,0,2,,,1757674,5918297
Auckland,1N/427/1.986,100,N, ,KHYBER PASS ON SBD,201439009,06/06/2014,Fri,1806,FD,CS1V,181A ,,R,D,DO,F , ,N,R,80,0,0,0,,,1757635,5918364
Auckland,1N/427/1.995,, ,I,KHYBER PASS OFF NBD,201435004,20/04/2014,Sun,2303,CC,CN1,103A 112A ,G,R,W,DO,F ,T,N,N,100,0,0,0,,,1757681,5918290
Auckland,1N/427/2.01,15,S, ,KHYBER PASS OFF NBD,201415182,29/08/2014,Fri,1609,FD,CN1CC,110A 331A 350A ,,R,D,O ,F , , ,C,80,0,0,1,,,1757692,5918280
Auckland,1N/427/2.015,20,S, ,KHYBER PASS OFF NBD,201443347,12/09/2014,Fri,1425,FD,CN1C4,181A 330A ,,R,W,O ,F , ,N,C,80,0,0,0,,,1757695,5918276
Auckland,1N/427/2.025,30,S, ,KHYBER PASS OFF NBD,201437213,16/05/2014,Fri,645,AC,TN1C,372A 671A ,,R,D,DO,F , ,N,R,100,0,0,0,,,1757703,5918270
Auckland,1N/427/2.025,30,S, ,MOUNTAIN ROAD,201447363,16/11/2014,Sun,1500,FD,CN1CCC,181A 330A 191B ,,R,D,B ,F , ,N,C,80,0,0,0,,,1757703,5918270
Auckland,1N/427/2.036,40,N, ,MOUNTAIN OBR,201412342,19/04/2014,Sat,1328,FD,CN1CC,331A 350A ,,R,W,B ,F , , ,C,80,0,0,4,,,1757711,5918262
Auckland,1N/427/2.045,50,S, ,MOUNTAIN ROAD,201440904,02/08/2014,Sat,1615,FD,CN1C,331A 353A ,,R,D,OF,F , ,N,N,80,0,0,0,,,1757717,5918256