TLANAME,CRASHROAD,CRASHDIST,CRASHDIRN,INTSN,SIDEROAD,CRASHID,CRASHDATE,CRASHDOW,CRASHTIME,MVMT,VEHICLES,CAUSES,OBJECTSSTRUCK,ROADCURVE,ROADWET,LIGHT,WTHRa,JUNCTYPE,TRAFCTRL,ROADMARK,SPDLIM,CRASHFATALCNT,CRASHSEVCNT,CRASHMINCNT,PERSAGE1,PERSAGE2,EASTING,NORTHING
Auckland,1N/427/2.046,30,N, ,MOUNTAIN OBR,201435805,14/05/2014,Wed,1444,FD,CN1CC,181A ,,R,W,BF,F , ,N,R,80,0,0,0,,,1757718,5918255
Auckland,1N/427/2.071,300,N, ,GILLIES ON NBD,201443346,08/07/2014,Tue,1845,AC,CN1C,372A 381A ,,R,W,DO,L , ,N,C,100,0,0,0,,,1757736,5918238
Auckland,1N/427/2.075,80,S, ,KHYBER PASS OFF NBD,201433222,22/03/2014,Sat,1340,FD,CN1VC4,331A 353A ,,R,D,BF,F , ,N,R,80,0,0,0,,,1757739,5918236
Auckland,1N/427/2.076,, ,A,MOUNTAIN OBR,201431808,04/03/2014,Tue,1535,FD,TN1CCC,181A ,,R,D,BF,F , ,N,R,80,0,0,0,,,1757740,5918235
Auckland,1N/427/2.076,, ,A,MOUNTAIN OBR,201414877,28/07/2014,Mon,1923,FD,CN1CV,181A ,,R,D,DO,F , ,N,C,80,0,0,3,,,1757740,5918235
Auckland,1N/427/2.076,, ,A,MOUNTAIN OBR,201446574,01/11/2014,Sat,1355,FD,CN1C4,181A 331A ,,E,D,B ,F , , ,C,80,0,0,0,,,1757740,5918235
Auckland,1N/427/2.086,, ,I,KHYBER PASS ON SBD,201443844,18/08/2014,Mon,1140,AC,TS1C,372A ,,R,D,OF,F ,Y,N,C,70,0,0,0,,,1757704,5918292
Auckland,1N/427/2.086,, ,I,KHYBER PASS ON SBD,201436409,27/04/2014,Sun,14,CB,CS2,111A 131A ,,R,D,DO,F ,Y,N,C,80,0,0,0,,,1757704,5918292
Auckland,1N/427/2.086,, ,I,KHYBER PASS ON SBD,201440970,21/08/2014,Thu,1854,FD,CS1C,181A ,,R,D,DO,F ,Y,N,R,80,0,0,0,,,1757704,5918292
Auckland,1N/427/2.086,, ,I,KHYBER PASS ON SBD,201446443,24/10/2014,Fri,1250,AC,CN1C,372A ,,R,D,BF,F ,Y,N,R,80,0,0,0,,,1757704,5918292
Auckland,1N/427/2.086,, ,I,KHYBER PASS ON SBD,201416162,25/09/2014,Thu,1715,FA,MS1C,150A 330A 434A ,,E,D,B ,F ,T,N,C,80,0,1,0,,,1757704,5918292
Auckland,1N/427/2.091,15,S, ,MOUNTAIN OBR,201414683,10/07/2014,Thu,1441,FD,CN1CC4,110A 110C 191D ,,R,D,O ,F , , ,C,80,0,0,6,,,1757751,5918225
Auckland,1N/427/2.095,100,S, ,KHYBER PASS OFF NBD,201433318,10/04/2014,Thu,1458,FD,CN1C,181A ,,R,D,BF,F , ,N,R,80,0,0,0,,,1757754,5918222
Auckland,1N/427/2.095,100,S, ,KHYBER PASS OFF NBD,201435043,19/04/2014,Sat,1500,FD,CN1C,181A 191B ,,R,D,B ,F , ,N,C,100,0,0,0,,,1757754,5918222
Auckland,1N/427/2.095,100,S, ,KHYBER PASS OFF NBD,201440395,21/07/2014,Mon,945,FA,CN1C,331A 353A ,,R,W,O ,F , , ,C,80,0,0,0,,,1757754,5918222
Auckland,1N/427/2.096,20,S, ,MOUNTAIN OBR,201442680,30/09/2014,Tue,1703,FD,CN1CC,181A ,,R,D,BF,F , ,N,R,80,0,0,0,,,1757754,5918221
Auckland,1N/427/2.106,30,S, ,MOUNTAIN OBR,201436743,20/05/2014,Tue,1537,FD,CN1CC4,112A 181A 191D ,,R,D,O ,F , ,N,N,80,0,0,0,,,1757762,5918214
Auckland,1N/427/2.123,20,N, ,MOUNTAIN OBR,201430966,26/02/2014,Wed,1704,FD,MS14,331A 353A ,,R,D,BF,F , ,N,R,80,0,0,0,,,1757730,5918267
Auckland,1N/427/2.126,50,S, ,MOUNTAIN OBR,201412897,04/05/2014,Sun,2044,AC,CN1C,103A 110A 372A ,G,R,D,DO,F , , ,C,80,0,1,4,,,1757776,5918201
Auckland,1N/427/2.156,80,S, ,MOUNTAIN OBR,201433567,22/04/2014,Tue,1652,FD,CN1CC,331A 353A ,,R,D,OF,F , ,N,R,80,0,0,0,,,1757798,5918180
Auckland,1N/427/2.162,20,S, ,MOUNTAIN OBR,201441073,08/07/2014,Tue,1229,AC,VS1C,372A ,,R,D,OF,F , ,N,R,80,0,0,0,,,1757759,5918240
Auckland,1N/427/2.166,80,S, ,KHYBER PASS ON SBD,201413955,23/04/2014,Wed,1204,MC,SN1V,330B 372B ,,E,D,B ,F , ,N,C,50,0,0,1,,,1757762,5918237
Auckland,1N/427/2.172,30,S, ,MOUNTAIN OBR,201413789,13/06/2014,Fri,1754,FD,MS14,331A 353A ,,R,D,DO,F , ,N,N,80,0,0,1,,,1757766,5918233
Auckland,1N/427/2.176,100,S, ,MOUNTAIN OBR,201433711,02/04/2014,Wed,1155,FD,CN1C,181A ,,E,D,O ,F , , ,N,80,0,0,0,,,1757813,5918166
Auckland,1N/427/2.176,100,S, ,MOUNTAIN OBR,201414300,21/06/2014,Sat,1319,FD,VN1C,181A 331A ,,R,D,B ,F , , ,C,80,0,0,1,,,1757813,5918166
Auckland,1N/427/2.176,100,S, ,MOUNTAIN OBR,201414113,02/05/2014,Fri,1850,CC,VN1C,102A 110A 197A 331A 351A ,G,R,D,DO,F , ,N,N,80,0,1,2,,,1757813,5918166
Auckland,1N/427/2.192,50,S, ,MOUNTAIN OBR,201430939,26/02/2014,Wed,1525,AA,TS1C,372A 671A ,,R,D,BF,F , ,N,R,80,0,0,0,,,1757781,5918220
Auckland,1N/427/2.195,200,S, ,KHYBER PASS OFF NBD,201440227,12/07/2014,Sat,1547,FA,CN1C,331A 801 903 ,,R,W,BF,LS, ,N,N,100,0,0,0,,,1757827,5918153
Auckland,1N/427/2.231,600,S, ,KHYBER PASS OBR,201443127,29/08/2014,Fri,1649,FD,4N1C,181A ,,E,D,O ,F , , ,N,80,0,0,0,,,1757852,5918129
Auckland,1N/427/2.271,100,N, ,GILLIES ON NBD,201431053,10/02/2014,Mon,900,AC,TN1CCC,372A 150B ,,R,D,B ,F , ,N,N,80,0,0,0,,,1757881,5918101
Auckland,1N/427/2.272,150,N, ,GILLIES OFF SBD,201440506,18/07/2014,Fri,1534,FD,CS1CC,410A 504A ,,R,D,B ,F , , ,C,80,0,0,0,,,1757839,5918165
Auckland,1N/427/2.295,300,S, ,KHYBER PASS OFF NBD,201416983,23/08/2014,Sat,1438,FD,CN144,181A ,,R,D,BF,F , ,N,N,80,0,0,1,,,1757898,5918083
Auckland,1N/427/2.359,300,N, ,GILLIES OBR,201434711,24/04/2014,Thu,1515,FD,CN1T,331A 352A ,,R,D,OF,F , ,N,R,80,0,0,0,,,1757940,5918035
Auckland,1N/427/2.359,300,N, ,GILLIES OBR,201432993,20/03/2014,Thu,1522,AA,CN1CC,386A 130B 197C ,G,R,D,B ,F , , ,C,80,0,0,0,,,1757940,5918035
Auckland,1N/427/2.371,, ,I,GILLIES ON NBD,201443848,23/08/2014,Sat,1545,AC,CN1M,372A ,,E,D,BN,F ,Y,N,N,100,0,0,0,,,1757947,5918026
Auckland,1N/427/2.371,, ,I,GILLIES ON NBD,201431667,11/02/2014,Tue,1015,FD,VN1CC,331A 353A 181B ,,E,D,B ,F ,T,N,C,80,0,0,0,,,1757947,5918026
Auckland,1N/427/2.371,, ,I,GILLIES ON NBD,201444756,13/08/2014,Wed,1700,KO,VN14,184A ,,R,W,OF,L ,Y,N,N,100,0,0,0,,,1757947,5918026
Auckland,1N/427/2.371,, ,I,GILLIES ON NBD,201449498,27/11/2014,Thu,1450,FA,CN2C,181A ,,E,D,B ,F ,T,N,C,80,0,0,0,,,1757947,5918026
Auckland,1N/427/2.371,, ,I,GILLIES ON NBD,201437827,26/05/2014,Mon,2051,LB,CS1C,322A 334A ,,R,D,DO,F ,T,T,C,50,0,0,0,,,1757947,5918026
Auckland,1N/427/2.401,30,S, ,GILLIES ON NBD,201435428,08/04/2014,Tue,815,AA,CN1T,372A ,,R,D,BF,F , , , ,80,0,0,0,,,1757965,5918002
Auckland,1N/427/2.402,20,N, ,GILLIES OFF SBD,201434373,10/04/2014,Thu,1630,FD,CS1C,181A ,,R,D,O ,F , , ,N,100,0,0,0,,,1757929,5918071
Auckland,1N/427/2.402,20,N, ,GILLIES OFF SBD,201449158,05/12/2014,Fri,1535,FD,CS1C,331A 353A ,,R,D,BF,F ,T,N,R,100,0,0,0,,,1757929,5918071
Auckland,1N/427/2.422,, ,I,GILLIES OFF SBD,201431345,06/03/2014,Thu,1355,FD,CS1C,181A ,,R,D,BF,F ,Y,N,R,50,0,0,0,,,1757942,5918056
Auckland,1N/427/2.426,300,N, ,GILLIES OBR,201432991,22/03/2014,Sat,1746,AC,XS1C,372A ,,R,D,B ,F , , ,C,80,0,0,0,,,1757944,5918053
Auckland,1N/427/2.442,300,S, ,MOUNTAIN OBR,201444956,12/09/2014,Fri,1847,FD,CS1C,181A 191B ,,R,W,DO,F , ,N,N,80,0,0,0,,,1757954,5918040
Auckland,1N/427/2.459,200,N, ,GILLIES OBR,201440999,12/08/2014,Tue,2133,FD,CN1CC,331A 353A ,,R,W,DO,F , ,N,R,100,0,0,0,,,1757999,5917955
Auckland,1N/427/2.472,50,S, ,GILLIES OFF SBD,201445216,03/10/2014,Fri,2000,AA,TS1C,671A 801 ,,R,W,DO,L , , ,C,50,0,0,0,,,1757972,5918016
Auckland,1N/427/2.526,200,N, ,GILLIES OBR,201434309,03/04/2014,Thu,1320,AO,TS1T,129A ,,R,W,O ,H , , ,N,80,0,0,0,,,1758004,5917973
Auckland,1N/427/2.571,200,S, ,GILLIES ON NBD,201446027,21/08/2014,Thu,1505,AO,TN1C4,129A 130B ,,R,D,O ,F , , ,C,80,0,0,0,,,1758066,5917865
Auckland,1N/427/2.571,200,S, ,GILLIES ON NBD,201444340,27/09/2014,Sat,816,AC,TN1C,370A 671A ,,R,D,B ,F , , ,C,80,0,0,0,,,1758066,5917865
Auckland,1N/427/2.619,40,N, ,GILLIES OBR,201447251,14/10/2014,Tue,1113,AC,VN14,177A 330A 130B ,G,R,D,O ,F , , ,N,80,0,0,0,,,1758100,5917831
Auckland,1N/427/2.622,200,S, ,GILLIES OFF SBD,201431270,21/02/2014,Fri,1700,FD,VS1C,181A ,,R,D,BF,F , ,N,R,100,0,0,0,,,1758063,5917897
Auckland,1N/427/2.622,200,S, ,GILLIES OFF SBD,201438825,17/07/2014,Thu,1827,FD,CS1CC,181A ,,R,D,DO,F , ,N,R,80,0,0,0,,,1758063,5917897
Auckland,1N/427/2.659,50,N, ,NEWMARKET VDT N,201440481,18/07/2014,Fri,1600,FD,CN1C,181A 330A ,,R,D,O ,F , ,N,R,100,0,0,0,,,1758129,5917804
Auckland,1N/427/2.722,300,S, ,GILLIES OFF SBD,201432031,14/02/2014,Fri,1757,FD,CS1C,331A 191B ,,R,D,B ,F , , , ,80,0,0,0,,,1758130,5917823
Auckland,1N/427/2.722,300,S, ,GILLIES OFF SBD,201443866,14/05/2014,Wed,1300,AA,CS1C,381A ,,R,W,OF,L , ,N,C,80,0,0,0,,,1758130,5917823
Auckland,1N/427/2.822,400,S, ,GILLIES OFF SBD,201440394,19/07/2014,Sat,1420,QG,4S1C,682A 801 ,D,R,W,O ,L , , ,C,80,0,0,0,,,1758209,5917762
Auckland,1N/427/2.825,100,S, ,GILLIES OBR,201431671,20/02/2014,Thu,1913,AG,CS14C,150A 191C ,,R,D,TO,F , , ,C,80,0,0,0,,,1758212,5917760
Auckland,1N/427/2.825,100,S, ,GILLIES OBR,201435506,28/04/2014,Mon,1825,FD,CS1C,181A 191B 801 ,,R,W,DO,L , , ,R,80,0,0,0,,,1758212,5917760
Auckland,1N/427/2.876,800,S, ,MOUNTAIN OBR,201435803,09/05/2014,Fri,1836,AC,CN1C,181B 197B ,,R,W,DO,L , ,N,R,100,0,0,0,,,1758313,5917690
Auckland,1N/427/2.922,500,S, ,GILLIES OFF SBD,201432503,05/02/2014,Wed,800,FD,4S1V,181A 191B ,,R,D,B ,F , ,N,C,100,0,0,0,,,1758297,5917714
Auckland,1N/427/2.922,500,S, ,GILLIES OFF SBD,201440496,04/08/2014,Mon,916,AC,TS1C,372A 671A ,G,R,D,B ,F , ,N,C,80,0,0,0,,,1758297,5917714
Auckland,1N/427/2.925,200,S, ,GILLIES OBR,201432919,25/02/2014,Tue,1824,FD,CS1CCC,331A 363A 902 ,,E,D,B ,F , , ,N,80,0,0,0,,,1758300,5917713
Auckland,1N/427/3.059,400,S, ,GILLIES OBR,201436248,24/05/2014,Sat,2349,DB,CN1,101A 131A 517A ,G,E,W,DO,L , , ,C,80,0,0,0,,,1758475,5917606
Auckland,1N/427/3.078,600,N, ,DILWORTH FTBR,201436325,01/04/2014,Tue,1332,EC,CS1,827,D,E,D,BF,F , ,N,N,80,0,0,0,,,1758437,5917645
Auckland,1N/427/3.105,800,N, ,MARKET OFF SBD,201432134,17/01/2014,Fri,1311,EC,CS1,341A ,D,R,D,B ,F , ,N,N,80,0,0,0,,,1758460,5917633
Auckland,1N/427/3.125,400,S, ,GILLIES OBR,201436315,27/03/2014,Thu,1657,FD,CS1C,181A ,,R,D,BF,F , ,N,C,80,0,0,0,,,1758479,5917624
Auckland,1N/427/3.159,500,S, ,GILLIES OBR,201412581,03/05/2014,Sat,2243,FA,CN1C,103A 110A 181A ,,R,D,DO,F , , ,C,80,0,0,3,,,1758559,5917552
Auckland,1N/427/3.187,1000,N, ,MARKET OBR,201414335,02/07/2014,Wed,705,FA,CN1C,181A 191B ,,R,W,DO,F , , ,C,80,0,0,1,,,1758581,5917535
Auckland,1N/427/3.225,500,S, ,GILLIES OBR,201441067,18/07/2014,Fri,1408,AC,TS1C,372A 671A ,,R,D,BF,F , ,N,R,80,0,0,0,,,1758563,5917569
Auckland,1N/431/0.063,400,N, ,MARKET OFF SBD,201432186,13/02/2014,Thu,1621,FA,CS14,181A 402A ,,R,D,B ,F , ,N,N,80,0,0,0,,,1758750,5917364
Auckland,1N/431/0.09,70,N, ,ST MARKS ON SBD,201434685,12/04/2014,Sat,1630,AC,CS1T4,372A ,,E,D,B ,F , ,N,C,80,0,0,0,,,1758766,5917342
Auckland,1N/431/0.144,1500,S, ,KHYBER PASS ON SBD,201437131,29/05/2014,Thu,2123,FD,CS1V,181A 357A ,,R,D,DO,F , ,N,R,80,0,0,0,,,1758798,5917299
Auckland,1N/431/0.172,650,N, ,MARKET OBR,201438810,01/07/2014,Tue,1839,FD,CS1V,181A ,,R,D,DO,F , ,N,R,100,0,0,0,,,1758815,5917276
Auckland,1N/431/0.21,50,S, ,ST MARKS ON SBD,201444172,07/09/2014,Sun,1222,FD,CS1C4,181A ,,R,D,OF,F , ,N,R,80,0,0,0,,,1758838,5917246
Auckland,1N/431/0.22,600,N, ,MARKET OBR,201440658,13/05/2014,Tue,1741,FD,VN1T,181A 191B ,,R,D,DO,F , , ,C,80,0,0,0,,,1758831,5917226
Auckland,1N/431/0.305,500,S, ,ST MARKS OBR,201435501,28/04/2014,Mon,1757,FD,CS1CC,331A 350A ,,R,W,TO,F , , ,C,100,0,0,0,,,1758895,5917170
Auckland,1N/431/0.413,50,N, ,MARKET OFF SBD,201438131,14/05/2014,Wed,1452,FD,CS1C,181A ,,R,W,BF,F , ,N,N,100,0,0,0,,,1758959,5917083
Auckland,1N/431/0.42,400,N, ,MARKET OBR,201440340,16/07/2014,Wed,1801,FD,CN1CC,181A 331A ,,E,D,DO,F , , ,C,80,0,0,0,,,1758951,5917065
Auckland,1N/431/0.473,10,S, ,MARKET OFF SBD,201449166,05/12/2014,Fri,810,FD,CS1C,181A ,,R,D,BF,F ,T,N,N,100,0,0,0,,,1758995,5917035
Auckland,1N/431/0.663,200,S, ,MARKET OFF SBD,201412217,09/05/2014,Fri,1843,FD,CS1CC,181A 330A 191B ,,R,W,DO,F , ,N,C,100,0,0,2,,,1759110,5916884
Auckland,1N/431/0.72,100,N, ,MARKET OBR,201449755,06/12/2014,Sat,1524,FD,CN1C,181A ,,R,D,O ,F , ,N,C,80,0,0,0,,,1759132,5916826
Auckland,1N/431/0.72,100,N, ,MARKET OBR,201446531,26/10/2014,Sun,1041,FD,CN1VC,181A 181B ,,R,D,O ,F , , ,R,80,0,0,0,,,1759132,5916826
Auckland,1N/431/0.722,100,N, ,MARKET OBR,201432049,17/02/2014,Mon,1832,FD,VS1C,181A 331A ,,R,D,B ,F , , ,C,100,0,0,0,,,1759146,5916837
Auckland,1N/431/0.84,20,S, ,MARKET OBR,201443925,20/10/2014,Mon,1745,FD,CN1C,181A ,,R,D,BF,F , ,N,R,100,0,0,0,,,1759205,5916731
Auckland,1N/431/0.862,40,S, ,MARKET OBR,201440229,01/07/2014,Tue,639,FD,CS1V,110A 331A 352A 801 ,,R,W,TO,L , , ,C,100,0,0,0,,,1759232,5916727
Auckland,1N/431/0.92,100,S, ,MARKET OBR,201431986,20/03/2014,Thu,2001,CA,CN14,137A ,G,R,D,BF,F , ,N,R,100,0,0,0,,,1759255,5916669
Auckland,1N/431/0.922,100,S, ,MARKET OBR,201437272,09/05/2014,Fri,1843,FD,4S1C,181A ,,R,W,DO,L , ,N,R,100,0,0,0,,,1759269,5916680
Auckland,1N/431/0.922,100,S, ,MARKET OBR,201442590,10/09/2014,Wed,1845,FD,CS1C,181A 191B ,,R,D,DO,F , ,N,R,100,0,0,0,,,1759269,5916680
Auckland,1N/431/1.116,, ,I,MARKET OFF NBD,201448626,30/11/2014,Sun,1200,AA,VN1C,177A 330A 357A ,,R,D,B ,F ,T,N,C,100,0,0,0,,,1759376,5916515
Auckland,1N/431/1.12,300,S, ,MARKET OBR,201432005,07/02/2014,Fri,851,FA,CN14,331A 353A ,,R,D,OF,F , ,N,R,100,0,0,0,,,1759379,5916512
Auckland,1N/431/1.122,300,S, ,MARKET OBR,201443234,30/07/2014,Wed,1757,FO,VS1C,130A 428A 651A ,,R,D,O ,F , , ,N,100,0,0,0,,,1759392,5916522
Auckland,1N/431/1.157,50,N, ,OMAHU OBR,201417448,22/10/2014,Wed,632,AC,TS1C,372A ,,R,D,OF,F , ,N,N,100,0,0,1,,,1759414,5916494
Auckland,1N/431/1.157,50,N, ,OMAHU OBR,201439771,27/06/2014,Fri,1840,FD,CS1CCC,181A 331A 181B 331B 181C 331C 181D 901+,,R,W,DO,H , , ,N,100,0,0,0,,,1759414,5916494
Auckland,1N/431/1.157,50,N, ,OMAHU OBR,201439763,27/06/2014,Fri,1840,FF,4S1VC,181A 331A 191B 196B 901 ,,R,W,DO,H , , , ,100,0,0,0,,,1759414,5916494
Auckland,1N/431/1.182,25,N, ,OMAHU OBR,201440584,28/07/2014,Mon,221,CA,CS1,103A 130A ,G,R,D,DO,F , , ,C,100,0,0,0,,,1759430,5916476
Auckland,1N/431/1.187,20,N, ,OMAHU OBR,201436226,01/05/2014,Thu,1438,CA,TS1,130A 197A ,G,R,D,O ,F , , ,C,80,0,0,0,,,1759434,5916472
Auckland,1N/431/1.207,, ,A,OMAHU OBR,201432997,05/03/2014,Wed,1850,CB,4S1C,103A 197A ,GG,R,D,TF,F , ,N, ,100,0,0,0,,,1759447,5916457
Auckland,1N/431/1.216,100,S, ,MARKET OFF NBD,201437296,29/04/2014,Tue,1845,FD,CN1V,181A ,,R,D,DO,F , ,N,C,100,0,0,0,,,1759442,5916439
Auckland,1N/431/1.222,400,S, ,MARKET OBR,201446591,31/10/2014,Fri,818,FD,CS1C,181A 331A ,,E,D,B ,F , , ,C,100,0,0,0,,,1759458,5916447
Auckland,1N/431/1.236,30,S, ,OMAHU OBR,201449011,12/12/2014,Fri,1055,FD,CS1CV,181A ,,R,D,OF,F , ,N,R,100,0,0,0,,,1759468,5916437
Auckland,1N/431/1.27,450,S, ,MARKET OBR,201432989,17/03/2014,Mon,905,FA,CN1CC,331A 350A ,,E,D,O ,F , , ,C,80,0,0,0,,,1759481,5916402
Auckland,1N/431/1.284,500,N, ,GREENLANE OFF SBD,201432171,18/02/2014,Tue,1828,FD,CS1C,181A 191B ,,R,D,B ,F , ,N,N,80,0,0,0,,,1759503,5916404
Auckland,1N/431/1.284,500,N, ,GREENLANE OFF SBD,201440979,20/08/2014,Wed,1845,FD,CS1C,181A ,,R,W,DO,L , ,N,R,100,0,0,0,,,1759503,5916404
Auckland,1N/431/1.284,500,N, ,GREENLANE OFF SBD,201445568,25/09/2014,Thu,822,FA,CS14,112A 331A 402A ,,R,D,O ,F , , ,C,100,0,0,0,,,1759503,5916404
Auckland,1N/431/1.306,100,S, ,OMAHU OBR,201443037,01/09/2014,Mon,851,FD,CS1C,358A 427A 801 ,,R,W,O ,L , , ,C,100,0,0,0,,,1759519,5916389
Auckland,1N/431/1.316,200,S, ,MARKET OFF NBD,201448386,29/12/2014,Mon,858,QD,CN1C,682A ,,R,D,B ,F , ,N,C,100,0,0,0,,,1759514,5916370
Auckland,1N/431/1.384,400,N, ,GREENLANE OFF SBD,201413003,14/05/2014,Wed,1430,FD,TS1T,181A ,,R,D,BF,F , ,N,C,100,0,0,1,,,1759576,5916336
Auckland,1N/431/1.406,200,S, ,OMAHU OBR,201415083,22/08/2014,Fri,745,CA,CS1,132A ,G,R,D,B ,F , , ,C,100,0,0,2,,,1759593,5916322
Auckland,1N/431/1.406,200,S, ,OMAHU OBR,201438393,14/06/2014,Sat,1350,CB,CS1,130A 181A 331A ,G,R,D,B ,F , , ,C,100,0,0,0,,,1759593,5916322
Auckland,1N/431/1.416,300,S, ,OMAHU ROAD,201449798,09/11/2014,Sun,1849,AA,CN1C4,372A ,,R,D,B ,F , ,N,N,100,0,0,0,,,1759588,5916303
Auckland,1N/431/1.426,220,S, ,OMAHU OBR,201415176,22/08/2014,Fri,1114,FA,VS1C,181A 331A ,,R,D,B ,F , , ,C,100,0,0,2,,,1759608,5916309
Auckland,1N/431/1.522,700,S, ,MARKET OBR,201445403,02/10/2014,Thu,1658,FD,CS1C,181A 353A ,,R,W,O ,L , , ,R,100,0,0,0,,,1759684,5916251
Auckland,1N/431/1.581,800,N, ,GREENLANE ON SBD,201439621,07/07/2014,Mon,1818,FD,4S1C4,181A 181B ,,R,D,DO,F , , ,N,100,0,0,0,,,1759731,5916215
Auckland,1N/431/1.584,200,N, ,GREENLANE OFF SBD,201437882,09/06/2014,Mon,1852,FD,CS1C,110A 181A ,,R,W,DO,L , ,N,C,100,0,0,0,,,1759734,5916213
Auckland,1N/431/1.608,200,N, ,GREENLANE ON NBD,201444304,25/09/2014,Thu,1810,FA,CN1C,112A 331A 370A ,,R,D,TF,F , , ,C,100,0,0,0,,,1759741,5916187
Auckland,1N/431/1.638,400,N, ,GREENLANE INT N,201413686,14/06/2014,Sat,1349,FD,MS1C,181A 191B ,,E,D,B ,F , , ,C,100,0,1,0,,,1759779,5916183
Auckland,1N/431/1.708,100,N, ,GREENLANE ON NBD,201441753,19/08/2014,Tue,1925,FD,CS14C,181A 181B ,,R,W,O ,LS, , ,N,100,0,0,0,,,1759825,5916133
Auckland,1N/431/1.734,50,N, ,GREENLANE OFF SBD,201446310,20/09/2014,Sat,1922,FD,VS1CV,181A ,,R,D,DO,F , ,N,R,100,0,0,0,,,1759859,5916130
Auckland,1N/431/1.744,40,W, ,GREENLANE OFF SBD,201440459,19/07/2014,Sat,1220,FA,CS1C,181A 191B ,,R,D,O ,F , ,N,C,50,0,0,0,,,1759867,5916125
Auckland,1N/431/1.764,20,N, ,GREENLANE OFF SBD,201446860,12/11/2014,Wed,758,AC,MS1C,372A 381A ,,R,W,B ,F , ,N,C,100,0,0,0,,,1759885,5916114
Auckland,1N/431/1.784,, ,I,GREENLANE OFF SBD,201435480,11/04/2014,Fri,1235,FD,VS1CC,110A 350A 181B ,,E,W,O ,L ,R,G,C,50,0,0,0,,,1759902,5916104
Auckland,1N/431/1.784,, ,I,GREENLANE OFF SBD,201448173,25/11/2014,Tue,1235,FD,VS1VC4,181A 331A 355C 370C 446C 197D ,,E,D,O ,F ,T,N,P,100,0,0,0,,,1759902,5916104
Auckland,1N/431/1.804,20,S, ,GREENLANE OFF SBD,201446858,12/11/2014,Wed,820,FD,CS1C,181A 353A ,,R,W,O ,F , ,N,N,100,0,0,0,,,1759919,5916094
Auckland,1N/431/1.804,20,S, ,GREENLANE OFF SBD,201449009,11/12/2014,Thu,1702,FF,CS1C,414A ,,R,W,BF,F , ,N,R,100,0,0,0,,,1759919,5916094
Auckland,1N/431/1.808,, ,I,GREENLANE ON NBD,201432673,20/03/2014,Thu,1719,AA,CN1M,372A ,,E,D,B ,F ,R,G,C,100,0,0,0,,,1759911,5916081
Auckland,1N/431/1.809,230,N, ,GREENLANE INT N,201436531,24/03/2014,Mon,1554,FD,VN1CVC,181A 331A ,,R,D,B ,F , , ,C,100,0,0,0,,,1759912,5916080
Auckland,1N/431/1.834,50,S, ,GREENLANE OFF SBD,201434551,07/04/2014,Mon,1840,FD,CS1C,181A ,,R,D,BF,F , ,N,R,100,0,0,0,,,1759945,5916079
Auckland,1N/431/1.834,50,S, ,GREENLANE OFF SBD,201446854,13/11/2014,Thu,1246,FD,CS1C,110A 181A ,,R,D,B ,F , ,N,N,100,0,0,0,,,1759945,5916079
Auckland,1N/431/1.87,200,N, ,GREENLANE INT,201434722,06/05/2014,Tue,818,FD,CS1C,181A ,,R,D,OF,F , ,N,R,100,0,0,0,,,1759976,5916060
Auckland,1N/431/1.888,150,N, ,GREENLANE INT N,201437738,09/06/2014,Mon,1819,AC,CS1C,372A 801 ,,R,W,DO,L , , ,C,100,0,0,0,,,1759991,5916051
Auckland,1N/431/1.908,100,S, ,GREENLANE ON NBD,201443664,07/09/2014,Sun,1146,FD,CS14,181A ,,R,D,B ,F , , ,N,100,0,0,0,,,1759997,5916030
Auckland,1N/431/1.938,100,N, ,GREENLANE INT N,201439777,03/07/2014,Thu,811,FD,CS1C,181A 331A ,,E,W,OF,L , , ,N,100,0,0,0,,,1760034,5916025
Auckland,1N/431/1.97,100,N, ,GREENLANE INT,201439011,03/07/2014,Thu,1821,FD,CS1C,181A ,,R,W,DO,F , ,N,N,100,0,0,0,,,1760061,5916008
Auckland,1N/431/1.989,50,N, ,GREENLANE INT N,201440781,28/07/2014,Mon,1855,FD,CN1C,181A 331A ,,R,D,O ,F , , ,N,50,0,0,0,,,1760067,5915989
Auckland,1N/431/2.018,20,N, ,GREENLANE INT N,201432979,20/03/2014,Thu,1346,AA,CS1C,372A 181B ,,E,D,B ,F , , ,C,100,0,0,0,,,1760102,5915983
Auckland,1N/431/2.033,40,N, ,GREENLANE INT,201431204,03/03/2014,Mon,1535,FD,4N14,331A 358A ,,R,D,OF,F , ,N,R,100,0,0,0,,,1760104,5915966
Auckland,1N/431/2.038,, ,A,GREENLANE INT N,201411828,22/02/2014,Sat,1819,EB,CS1C,331A 378A 831 ,Q,M,D,BF,F , ,N,N,100,0,0,1,,,1760118,5915971
Auckland,1N/431/2.038,, ,I,GREENLANE INT N,201431172,10/03/2014,Mon,1655,FB,TS1C,181A ,,R,D,B ,F ,R,G,C,50,0,0,0,,,1760118,5915971
Auckland,1N/431/2.053,15,S, ,GREENLANE INT N,201445862,15/10/2014,Wed,752,FD,MS1C,112A 331A 358A ,,R,D,B ,F , , ,N,100,0,0,0,,,1760131,5915963
Auckland,1N/431/2.123,50,S, ,GREENLANE INT,201442530,05/09/2014,Fri,540,EC,CN1,135A 136A 631A 823 ,L,R,W,DO,H , ,N,R,100,0,0,0,,,1760176,5915912