TLANAME,CRASHROAD,CRASHDIST,CRASHDIRN,INTSN,SIDEROAD,CRASHID,CRASHDATE,CRASHDOW,CRASHTIME,MVMT,VEHICLES,CAUSES,OBJECTSSTRUCK,ROADCURVE,ROADWET,LIGHT,WTHRa,JUNCTYPE,TRAFCTRL,ROADMARK,SPDLIM,CRASHFATALCNT,CRASHSEVCNT,CRASHMINCNT,PERSAGE1,PERSAGE2,EASTING,NORTHING
Auckland,1N/431/2.17,100,S, ,GREENLANE INT,201444124,26/09/2014,Fri,654,AA,CS1C,372A ,,R,D,BF,F , ,N,R,100,0,0,0,,,1760221,5915889
Auckland,1N/431/2.196,200,N, ,GREENLANE OFF NBD,201445377,28/09/2014,Sun,1542,FD,CS1C,181A ,,R,D,B ,F , , ,C,100,0,0,0,,,1760229,5915862
Auckland,1N/431/2.21,100,S, ,GREENLANE INT S,201439752,01/07/2014,Tue,630,FF,CS1C4,112A 181A 331A 130C 196C ,Q,R,W,OF,F , , ,C,100,0,0,0,,,1760249,5915862
Auckland,1N/431/2.253,180,S, ,GREENLANE INT,201435802,12/05/2014,Mon,1828,FD,CN1CC,181A ,,R,D,DO,F , ,N,R,100,0,0,0,,,1760270,5915822
Auckland,1N/431/2.256,150,S, ,GREENLANE INT S,201430662,24/01/2014,Fri,900,FD,CN1C,181A ,,R,D,B ,F , ,N,C,100,0,0,0,,,1760273,5915820
Auckland,1N/431/2.281,100,N, ,GREENLANE ON SBD,201447445,26/11/2014,Wed,819,FD,CS1C,112A 181A ,,R,D,B ,F , ,N,C,100,0,0,0,,,1760301,5915813
Auckland,1N/431/2.381,, ,I,GREENLANE ON SBD,201446887,09/11/2014,Sun,1015,FA,CS2C,181A ,,R,D,B ,F ,R,G,C,50,0,0,0,,,1760378,5915750
Auckland,1N/431/2.381,, ,I,GREENLANE ON SBD,201446888,04/11/2014,Tue,1338,FA,CS1C,181A 330A ,,E,D,B ,F ,R,G,C,50,0,0,0,,,1760378,5915750
Auckland,1N/431/2.401,20,S, ,GREENLANE ON SBD,201414937,01/07/2014,Tue,1429,FD,TS1T,181A ,,R,D,OF,F , ,N,C,100,0,0,1,,,1760394,5915737
Auckland,1N/431/2.406,300,S, ,GREENLANE INT S,201446178,25/10/2014,Sat,1248,FD,CN1C,181A 331A ,,R,D,B ,F , , ,C,100,0,0,0,,,1760387,5915723
Auckland,1N/431/2.431,50,S, ,GREENLANE ON SBD,201440278,11/07/2014,Fri,1154,FA,CS1C,181A 331A 353A 191B ,,R,D,B ,F , , ,C,100,0,0,0,,,1760417,5915718
Auckland,1N/431/2.434,650,S, ,GREENLANE OFF SBD,201415785,25/09/2014,Thu,1758,FD,CN1C,181A ,,R,D,BN,F , ,N,N,100,0,0,1,,,1760420,5915716
Auckland,1N/431/2.446,50,S, ,GREENLANE OFF NBD,201430916,20/02/2014,Thu,600,CB,CN1,136A 668A ,G,R,D,DO,F , ,N,R,100,0,0,0,,,1760418,5915697
Auckland,1N/431/2.473,400,S, ,GREENLANE INT,201431800,12/02/2014,Wed,1416,AA,VN1T,372A ,,R,D,BF,F , ,N,R,100,0,0,0,,,1760438,5915680
Auckland,1N/431/2.493,1500,N, ,PENROSE ON NBD,201442757,08/09/2014,Mon,2112,FD,CN1C,181A ,,R,D,DO,F , ,N,C,100,0,0,0,,,1760454,5915668
Auckland,1N/431/2.496,100,S, ,GREENLANE OFF NBD,201415120,19/08/2014,Tue,1620,FD,4N1CT,331A 410A 801 ,,R,W,O ,L , , ,C,100,0,0,1,,,1760456,5915665
Auckland,1N/431/2.496,100,S, ,GREENLANE OFF NBD,201417115,15/11/2014,Sat,1240,FD,CN14C,181A 181B ,,R,D,O ,F , , ,N,100,0,0,1,,,1760456,5915665
Auckland,1N/431/2.496,100,S, ,GREENLANE OFF NBD,201435898,06/05/2014,Tue,1500,AA,CN1C,372A ,,R,D,BF,F , ,N,R,100,0,0,0,,,1760456,5915665
Auckland,1N/431/2.521,140,S, ,GREENLANE ON SBD,201414223,18/06/2014,Wed,1730,FD,CS1C4,331A 353A ,,R,D,DO,F , ,N,C,100,0,1,1,,,1760487,5915662
Auckland,1N/431/2.564,300,N, ,TE COMA OFF SBD,201447544,02/11/2014,Sun,2030,EC,CS1,112A 330A 341A ,X,R,D,DO,F , , ,C,100,0,0,0,,,1760521,5915635
Auckland,1N/431/2.564,300,N, ,TE COMA OFF SBD,201417247,02/11/2014,Sun,2024,AC,CS1C,112A 177A 330A 387A ,,R,D,DO,F , , ,C,100,0,0,1,,,1760521,5915635
Auckland,1N/431/2.664,200,N, ,TE COMA OFF SBD,201441968,19/08/2014,Tue,1830,FD,CS1C,181A 901 ,,R,W,DO,H , , ,C,50,0,0,0,,,1760599,5915572
Auckland,1N/431/2.764,100,N, ,TE COMA OFF SBD,201435640,06/05/2014,Tue,1829,FD,CS1CCC,181A 331A ,,R,D,TO,F , , ,C,100,0,0,0,,,1760676,5915508
Auckland,1N/431/2.764,100,N, ,TE COMA OFF SBD,201440225,02/07/2014,Wed,2323,CA,CS1,135A 802 901 903 ,G,R,I,DO,HS, , ,C,100,0,0,0,,,1760676,5915508
Auckland,1N/431/2.806,, ,A,WALPOLE OBR,201437866,06/05/2014,Tue,940,FA,CN1C,181A 331A ,,R,W,O ,L , ,N,N,50,0,0,0,,,1760697,5915471
Auckland,1N/431/2.814,50,N, ,TE COMA OFF SBD,201439320,02/07/2014,Wed,2320,CC,CS1,135A 901 903 ,G,R,W,DO,HS, ,N,C,100,0,0,0,,,1760715,5915477
Auckland,1N/431/2.864,, ,I,TE COMA OFF SBD,201450143,01/09/2014,Mon,1609,CA,CS1C,130A 668A ,D,R,D,O ,F ,T,N,C,100,0,0,0,,,1760754,5915445
Auckland,1N/431/2.87,800,S, ,GREENLANE INT,201450298,20/12/2014,Sat,457,CC,CS1,103A 112A 130A ,G,R,D,DO,F , ,N,R,100,0,0,0,,,1760759,5915441
Auckland,1N/431/2.881,500,S, ,GREENLANE ON SBD,201440507,14/07/2014,Mon,1843,FD,CS14,331A ,,R,D,DO,F , , ,C,100,0,0,0,,,1760766,5915435
Auckland,1N/431/2.896,500,S, ,GREENLANE OFF NBD,201445400,30/09/2014,Tue,710,CA,CN1,501A ,G,R,D,O ,F , , ,C,100,0,0,0,,,1760766,5915413
Auckland,1N/431/3.073,1000,S, ,GREENLANE INT,201446575,01/11/2014,Sat,1011,AC,CN1C,387A 402A 650A ,,R,D,B ,F , , ,C,100,0,0,0,,,1760893,5915289
Auckland,1N/431/3.182,70,N, ,TE COMA ON SBD,201443871,27/08/2014,Wed,1148,AA,CS1T,184A ,,R,D,BF,F , ,N,N,100,0,0,0,,,1760976,5915218
Auckland,1N/431/3.297,40,N, ,MAIN OBR,201440913,22/07/2014,Tue,1830,FD,CS1CC,181A ,,R,D,DO,F , ,N,R,100,0,0,0,,,1761036,5915119
Auckland,1N/431/3.352,100,S, ,TE COMA ON SBD,201414782,06/08/2014,Wed,1812,FA,CS1C,112A 331A 353A ,,R,D,DO,F , , ,C,100,0,0,1,,,1761060,5915071
Auckland,1N/431/3.363,100,N, ,ELLERSLIE FTBR,201431010,02/02/2014,Sun,1415,AC,CN1C,133A 381A ,,R,D,B ,F , ,N,C,100,0,0,0,,,1761053,5915051
Auckland,1N/431/3.39,80,N, ,ELLERSLIE FTBR,201411708,14/02/2014,Fri,1026,DA,CS1,131A ,G,E,D,B ,F , , ,C,100,0,0,1,,,1761074,5915036
Auckland,1N/431/3.632,300,S, ,MAIN OBR,201447522,05/11/2014,Wed,1010,EC,CN1,130A 341A 668A ,D,E,D,O ,F , , ,C,100,0,0,0,,,1761153,5914801
Auckland,1N/431/3.719,200,N, ,PENROSE OFF SBD,201439021,25/06/2014,Wed,755,FD,CS1C,181A ,,R,D,OF,F , ,N,R,100,0,0,0,,,1761194,5914730
Auckland,1N/431/3.742,450,N, ,PENROSE INT N,201414482,09/05/2014,Fri,805,AA,CN1T,372A ,,R,W,BF,F , ,N,C,100,0,0,1,,,1761192,5914698
Auckland,1N/431/3.793,200,N, ,PENROSE ON NBD,201443989,02/10/2014,Thu,820,FD,VN1V,181A ,,R,D,OF,F , ,N,R,100,0,0,0,,,1761211,5914651
Auckland,1N/431/3.826,400,N, ,PENROSE INT,201449600,16/12/2014,Tue,1715,FD,CN1CC,181A 181B ,,E,D,O ,F , , ,C,100,0,0,0,,,1761223,5914620
Auckland,1N/431/3.869,50,N, ,PENROSE OFF SBD,201432169,18/02/2014,Tue,1615,FD,VS1C,181A ,,R,D,B ,F , ,N,C,100,0,0,0,,,1761249,5914590
Auckland,1N/431/3.889,30,N, ,PENROSE OFF SBD,201438535,25/06/2014,Wed,719,FD,CS1C,181A 331A 800 ,,R,W,O ,F , , ,C,100,0,0,0,,,1761257,5914571
Auckland,1N/431/3.892,300,N, ,PENROSE INT N,201445624,10/10/2014,Fri,812,FD,CN1CC,181A 181B ,,R,D,O ,F , , ,N,100,0,0,0,,,1761247,5914558
Auckland,1N/431/3.899,20,N, ,PENROSE OFF SBD,201440489,01/08/2014,Fri,725,CA,MS1,132A 407A ,,R,W,B ,F , ,N,C,100,0,0,0,,,1761260,5914562
Auckland,1N/431/3.904,15,N, ,PENROSE OFF SBD,201447977,13/11/2014,Thu,1549,FD,CS1C,331A ,,R,D,O ,F , , ,C,50,0,0,0,,,1761262,5914557
Auckland,1N/431/3.912,280,N, ,PENROSE INT N,201441956,14/08/2014,Thu,947,FD,TN1C,181A 331A ,,R,D,B ,F , , ,C,100,0,0,0,,,1761254,5914540
Auckland,1N/431/3.919,, ,I,PENROSE OFF SBD,201445700,11/10/2014,Sat,1310,GA,CS1C,181A 330A ,,R,D,B ,F ,T,G,C,50,0,0,0,,,1761268,5914544
Auckland,1N/431/3.969,50,S, ,PENROSE OFF SBD,201417288,11/10/2014,Sat,300,CC,CS1,103A 130A 402A ,G,R,D,DO,F , , ,C,100,0,0,1,,,1761287,5914497
Auckland,1N/431/4.089,100,N, ,PENROSE INT N,201410327,20/01/2014,Mon,1305,AA,CS1T,372A ,G,E,W,OF,L , ,N,N,100,0,0,1,,,1761341,5914390
Auckland,1N/431/4.089,100,N, ,PENROSE INT N,201439776,02/07/2014,Wed,2328,CA,CS1,135A 402A 407A 802 803 ,G,R,I,DO,H , , ,C,100,0,0,0,,,1761341,5914390
Auckland,1N/431/4.107,150,N, ,PENROSE INT S,201447991,01/12/2014,Mon,1831,FD,CS1C,181A 331A ,,R,D,B ,F , , ,C,100,0,0,0,,,1761350,5914375
Auckland,1N/431/4.112,80,N, ,PENROSE INT N,201438532,24/06/2014,Tue,654,FA,VN1V,331A ,,R,D,B ,F , , ,C,100,0,0,0,,,1761342,5914361
Auckland,1N/431/4.159,30,N, ,PENROSE INT N,201443151,31/08/2014,Sun,108,CA,4S1,103A 130A 631A ,G,R,W,DO,L , , ,C,100,0,0,0,,,1761380,5914332
Auckland,1N/431/4.189,, ,A,PENROSE INT N,201416596,13/09/2014,Sat,15,EC,4S1,135A ,CL,E,W,DO,H , ,N,C,100,0,0,1,,,1761397,5914307
Auckland,1N/431/4.278,200,N, ,PENROSE ON SBD,201432191,20/01/2014,Mon,1338,FD,VS1CCV,181A 350A ,,E,W,O ,F , ,N,C,100,0,0,0,,,1761454,5914239
Auckland,1N/431/4.31,50,S, ,PENROSE INT S,201441363,08/08/2014,Fri,1615,FD,CN1C,181A 331A 358A 801 ,,R,W,O ,L , , ,C,100,0,0,0,,,1761466,5914208
Auckland,1N/431/4.326,100,S, ,PENROSE INT,201449499,11/10/2014,Sat,1228,FD,CN1V,181A ,,R,D,B ,F , , ,C,100,0,0,0,,,1761478,5914197
Auckland,1N/431/4.426,200,S, ,PENROSE INT,201412621,29/04/2014,Tue,1837,FD,CN1CC,181A ,,R,D,DO,F , ,N,C,100,0,0,1,,,1761556,5914135
Auckland,1N/431/4.428,800,N, ,PENROSE OBR,201414887,05/08/2014,Tue,812,FD,CN1V,181A ,,R,D,BN,F , ,N,N,100,0,0,1,,,1761558,5914134
Auckland,1N/431/4.458,20,W, ,PENROSE ON SBD,201436227,04/04/2014,Fri,1500,FD,TN1CC,181A 331A 181B ,,R,D,B ,F , , ,C,80,0,0,0,,,1761594,5914127
Auckland,1N/431/4.476,100,N, ,PENROSE OFF NBD,201430176,16/01/2014,Thu,1420,FD,VS1T,181A 331A 402A ,,R,D,BF,F , , ,C,100,0,0,0,,,1761599,5914108
Auckland,1N/431/4.518,40,S, ,PENROSE ON SBD,201441403,22/07/2014,Tue,1810,FD,CS1C,181A 191B ,,R,D,DO,F , ,N,N,100,0,0,0,,,1761647,5914098
Auckland,1N/431/4.526,700,N, ,PENROSE OBR,201446867,14/11/2014,Fri,1648,FD,CS14,132A 351A 402A ,,R,D,O ,F , ,N,N,100,0,0,0,,,1761654,5914094
Auckland,1N/431/4.557,300,S, ,PENROSE INT S,201438373,16/03/2014,Sun,1200,AA,CS1C,372A ,,R,D,O ,F , , ,C,100,0,0,0,,,1761681,5914080
Auckland,1N/431/4.598,120,S, ,PENROSE ON SBD,201431526,28/01/2014,Tue,1728,FD,CS14C,331A 358A ,,E,D,BF,F , , ,C,100,0,0,0,,,1761718,5914061
Auckland,1N/431/4.626,50,S, ,PENROSE OFF NBD,201439237,25/06/2014,Wed,736,FD,CS1C,181A ,,R,W,O ,L , , ,C,100,0,0,0,,,1761731,5914036
Auckland,1N/431/4.628,600,N, ,PENROSE OBR,201437117,06/06/2014,Fri,1341,FD,CN1CC,181A ,,R,D,BF,F , ,N,R,100,0,0,0,,,1761732,5914036
Auckland,1N/431/4.66,400,S, ,PENROSE INT S,201412958,29/05/2014,Thu,1219,FD,CN14,184A ,,R,D,O ,F , , ,N,100,0,0,1,,,1761761,5914021
Auckland,1N/431/4.678,550,N, ,PENROSE OBR,201446589,26/09/2014,Fri,911,AC,TN1CV,159A 330A 671A 130B 197B ,G,R,D,B ,F , , ,C,100,0,0,0,,,1761777,5914013
Auckland,1N/431/4.926,300,N, ,PENROSE OBR,201430965,25/02/2014,Tue,1613,FD,CS1C,181A ,,R,D,BF,F , ,N,N,100,0,0,0,,,1762004,5913902
Auckland,1N/431/4.978,500,S, ,PENROSE ON SBD,201441460,21/07/2014,Mon,1750,AC,TS1C,372A 381A ,,E,W,DO,F , ,N,N,100,0,0,0,,,1762043,5913868
Auckland,1N/431/4.978,500,S, ,PENROSE ON SBD,201432175,19/02/2014,Wed,1557,FD,4N1CCC,331A 350A ,,R,D,O ,F , ,N,R,100,0,0,0,,,1762043,5913868
Auckland,1N/431/4.978,500,S, ,PENROSE ON SBD,201450622,17/12/2014,Wed,1832,FA,CS1C,331A 351A ,,R,D,B ,F , ,N,C,100,0,0,0,,,1762043,5913868
Auckland,1N/431/5.028,200,N, ,PENROSE OBR,201435981,13/05/2014,Tue,1836,FD,TN1C,671A ,,R,D,OF,F , ,N,R,100,0,0,0,,,1762066,5913821
Auckland,1N/431/5.028,200,N, ,PENROSE OBR,201433850,03/04/2014,Thu,708,FO,CN14,184A 352A 386A ,,R,D,B ,F , , ,N,100,0,0,0,,,1762066,5913821
Auckland,1N/431/5.078,150,N, ,PENROSE OBR,201442601,22/07/2014,Tue,1820,FD,CN1CC,181A ,,R,D,DO,F , ,N,R,100,0,0,0,,,1762098,5913783
Auckland,1N/431/5.126,100,N, ,PENROSE OBR,201441773,18/08/2014,Mon,1554,FD,4S1C,181A 353A ,,R,D,O ,F , , ,N,100,0,0,0,,,1762136,5913753
Auckland,1N/431/5.128,100,N, ,PENROSE OBR,201441893,18/08/2014,Mon,1550,FD,4N1C,331A 352A ,,E,D,B ,F , , ,C,100,0,0,0,,,1762126,5913742
Auckland,1N/431/5.128,100,N, ,PENROSE OBR,201442900,25/08/2014,Mon,821,FA,CN1C,181A 331A 359A 402A ,,E,D,OF,F , , ,N,100,0,0,0,,,1762126,5913742
Auckland,1N/431/5.178,50,N, ,PENROSE OBR,201447036,29/10/2014,Wed,1045,FD,CN14,181A ,,R,W,OF,L , ,N,R,100,0,0,0,,,1762152,5913699
Auckland,1N/431/5.178,50,N, ,PENROSE OBR,201442159,22/08/2014,Fri,1359,FA,CN1C,181A ,,R,D,B ,F , , ,C,100,0,0,0,,,1762152,5913699
Auckland,1N/431/5.208,20,N, ,PENROSE OBR,201436110,09/05/2014,Fri,734,FD,CN1C,181A ,,R,W,B ,F , , ,C,100,0,0,0,,,1762168,5913674
Auckland,1N/431/5.213,15,N, ,PENROSE OBR,201438956,27/06/2014,Fri,848,FD,TN1C,331A 353A ,,R,W,OF,F , ,N,R,100,0,0,0,,,1762171,5913670
Auckland,1N/431/5.226,, ,A,PENROSE OBR,201440578,14/07/2014,Mon,1228,EC,TS1,330A 386A ,B,R,D,B ,F , , ,C,100,0,0,0,,,1762190,5913669
Auckland,1N/431/5.226,, ,A,PENROSE OBR,201441652,07/08/2014,Thu,1127,EC,TS1,386A ,B,E,D,O ,F , , ,N,100,0,0,0,,,1762190,5913669
Auckland,1N/431/5.226,, ,A,PENROSE OBR,201443238,25/08/2014,Mon,1621,EC,TS1,330A 386A ,B,R,D,B ,F , , ,N,100,0,0,0,,,1762190,5913669
Auckland,1N/431/5.228,, ,A,PENROSE OBR,201415483,21/08/2014,Thu,843,FD,TN1T,181A ,,R,D,B ,F , , ,C,100,0,0,1,,,1762179,5913657
Auckland,1N/431/5.228,, ,A,PENROSE OBR,201430895,18/02/2014,Tue,1134,FD,TN14TC,181A ,,R,D,BF,F , ,N,R,100,0,0,0,,,1762179,5913657
Auckland,1N/431/5.243,15,S, ,PENROSE OBR,201438459,16/06/2014,Mon,1815,FD,CN1CC,181A 331A 801 ,,R,W,DO,L , , ,C,100,0,0,0,,,1762186,5913644
Auckland,1N/431/5.248,20,S, ,PENROSE OBR,201442161,18/08/2014,Mon,1527,FD,CN1C,181A ,,R,D,B ,F , , ,C,100,0,0,0,,,1762189,5913640
Auckland,1N/431/5.248,20,S, ,PENROSE OBR,201439642,09/07/2014,Wed,1822,FD,4N1V,181A 191A ,,R,W,DO,L , , ,C,100,0,0,0,,,1762189,5913640
Auckland,1N/431/5.248,20,S, ,PENROSE OBR,201414701,22/07/2014,Tue,818,FD,CN1C,181A 331A 358A 402A ,,R,W,O ,F , , ,C,100,0,0,1,,,1762189,5913640
Auckland,1N/431/5.253,25,S, ,PENROSE OBR,201449899,01/12/2014,Mon,1715,FD,CN1C,181A ,,R,D,BF,F , ,N,R,100,0,0,0,,,1762191,5913635
Auckland,1N/431/5.257,1000,S, ,PENROSE INT S,201441751,14/08/2014,Thu,1646,AO,CS1C,181A ,,R,D,TN,F , , ,C,100,0,0,0,,,1762205,5913643
Auckland,1N/431/5.258,30,S, ,PENROSE OBR,201432716,01/03/2014,Sat,1440,FA,4N1C,181A 331A ,,R,D,B ,F , , ,C,100,0,0,0,,,1762194,5913631
Auckland,1N/431/5.278,50,S, ,PENROSE OBR,201416922,12/09/2014,Fri,1910,FD,CN1C,181A ,,R,W,DO,L , ,N,C,100,0,0,1,,,1762203,5913613
Auckland,1N/431/5.278,50,S, ,PENROSE OBR,201444086,20/08/2014,Wed,847,FD,CN1C,181A ,,R,D,OF,F , ,N,R,100,0,0,0,,,1762203,5913613
Auckland,1N/431/5.278,50,S, ,PENROSE OBR,201445386,23/09/2014,Tue,845,FD,TN1C,181A ,,R,D,B ,F , , ,N,100,0,0,0,,,1762203,5913613
Auckland,1N/431/5.278,50,S, ,PENROSE OBR,201448890,10/12/2014,Wed,1449,FD,CN14,331A ,,R,D,B ,F , , ,C,100,0,0,0,,,1762203,5913613
Auckland,1N/431/5.296,70,S, ,PENROSE OBR,201416923,12/09/2014,Fri,1528,FD,TS1C,181A ,,R,W,OF,L , ,N,N,100,0,0,1,,,1762225,5913608
Auckland,1N/431/5.296,70,S, ,PENROSE OBR,201444122,07/09/2014,Sun,1027,CB,CS1,136A 613A ,P,R,D,BF,F , ,N,R,100,0,0,0,,,1762225,5913608
Auckland,1N/431/5.308,80,S, ,PENROSE OBR,201413530,25/06/2014,Wed,653,AD,CN1,130A 357A 801 ,T,R,W,O ,L , , ,N,100,0,0,1,,,1762218,5913587
Auckland,1N/431/5.326,100,S, ,PENROSE OBR,201417245,30/10/2014,Thu,1542,FD,CS1C,181A ,,R,D,O ,F , , ,C,100,0,0,1,,,1762240,5913582
Auckland,1N/431/5.326,100,S, ,PENROSE OBR,201448611,28/11/2014,Fri,1922,AA,CS1T,372A 801 ,,R,W,O ,L , , ,C,100,0,0,0,,,1762240,5913582
Auckland,1N/431/5.326,100,S, ,PENROSE OBR,201415028,18/08/2014,Mon,1754,FD,CS1C,181A ,,R,D,O ,F , , ,N,100,0,0,1,,,1762240,5913582
Auckland,1N/431/5.328,100,S, ,PENROSE OBR,201416217,06/09/2014,Sat,1151,FD,VN14,181A 331A ,,R,D,B ,F , , ,N,100,0,0,1,,,1762228,5913570
Auckland,1N/431/5.328,100,S, ,PENROSE OBR,201438623,16/06/2014,Mon,734,FD,CN1C,181A 331A ,,R,D,O ,F , , ,C,100,0,0,0,,,1762228,5913570
Auckland,1N/431/5.376,150,S, ,PENROSE OBR,201411226,21/02/2014,Fri,1829,FD,CS1C,181A ,,R,D,B ,F , , ,N,100,0,0,1,,,1762265,5913539
Auckland,1N/431/5.378,150,S, ,PENROSE OBR,201417284,08/10/2014,Wed,1908,FD,CN1C,112A 181A 331A ,,R,D,O ,F , , ,C,100,0,0,1,,,1762252,5913526
Auckland,1N/431/5.426,200,S, ,PENROSE OBR,201440286,10/07/2014,Thu,1800,FA,CS1CC,110A 331A ,,R,D,DO,F , , ,C,100,0,0,0,,,1762290,5913496
Auckland,1N/431/5.426,200,S, ,PENROSE OBR,201440573,25/07/2014,Fri,1515,FD,CS14,181A 330A 801 ,,R,W,O ,L , , ,C,100,0,0,0,,,1762290,5913496
Auckland,1N/431/5.426,200,S, ,PENROSE OBR,201445224,10/10/2014,Fri,1632,AC,TS1CC,372A 671A ,,R,D,O ,F , , ,C,100,0,0,0,,,1762290,5913496
Auckland,1N/431/5.426,200,S, ,PENROSE OBR,201415482,21/08/2014,Thu,1212,AA,TS1C,372A 671A ,G,R,D,B ,F , , ,C,100,0,0,1,,,1762290,5913496
Auckland,1N/431/5.428,200,S, ,PENROSE OBR,201431415,12/03/2014,Wed,919,AA,TN1C,381A ,,E,D,BF,F , ,N,N,100,0,0,0,,,1762277,5913483
Auckland,1N/431/5.428,200,S, ,PENROSE OBR,201449108,02/12/2014,Tue,757,AC,CN1V,159A ,,E,D,BF,F , ,N,R,100,0,0,0,,,1762277,5913483
Auckland,1N/431/5.428,200,S, ,PENROSE OBR,201438809,16/07/2014,Wed,1146,FD,CN1C,331A 353A ,,R,D,BF,F , ,N,C,80,0,0,0,,,1762277,5913483
Auckland,1N/431/5.428,200,S, ,PENROSE OBR,201411031,25/02/2014,Tue,1611,FA,VN1V,331A 359A 101B ,,E,D,B ,F , , ,C,100,0,0,1,,,1762277,5913483
Auckland,1N/431/5.476,250,S, ,PENROSE OBR,201442603,21/07/2014,Mon,1831,FD,CS1C4C,181A ,,R,W,DO,F , ,N,R,100,0,0,0,,,1762315,5913452
Auckland,1N/431/5.526,300,S, ,PENROSE OBR,201432000,05/02/2014,Wed,1635,FD,CS1C,112A 181A 331A ,,R,D,OF,F , ,N,C,100,0,0,0,,,1762340,5913409
Auckland,1N/431/5.528,300,S, ,PENROSE OBR,201439595,09/07/2014,Wed,1653,FD,CN1CC,181A 191A 181B ,,R,W,DO,L , , ,C,100,0,0,0,,,1762326,5913395
Auckland,1N/431/5.528,300,S, ,PENROSE OBR,201431672,20/02/2014,Thu,1812,FD,CN14,331A 353A ,,R,D,O ,F , , ,C,100,0,0,0,,,1762326,5913395
Auckland,1N/431/5.528,300,S, ,PENROSE OBR,201441218,31/07/2014,Thu,1800,FD,CN1CC,181A 331A 353A ,,R,D,DO,F , , ,C,100,0,0,0,,,1762326,5913395
Auckland,1N/431/5.576,350,S, ,PENROSE OBR,201431266,06/03/2014,Thu,1708,FD,4S14,181A ,,R,D,BF,F , ,N,R,100,0,0,0,,,1762365,5913366
Auckland,1N/431/5.594,100,N, ,SEART ON NBD,201435978,15/05/2014,Thu,1105,FD,CN1TV,181A ,,R,D,BF,F , ,N,C,100,0,0,0,,,1762358,5913338
Auckland,1N/431/5.626,400,S, ,PENROSE OBR,201449551,26/12/2014,Fri,2145,MO,CS1C,434A 515A ,Y,R,D,DO,F , , ,C,100,0,0,0,,,1762390,5913322
Auckland,1N/431/5.644,50,N, ,SEART ON NBD,201442364,19/08/2014,Tue,1515,AA,VN1C,372A ,,E,D,O ,F , ,N,C,100,0,0,0,,,1762383,5913294
Auckland,1N/431/5.726,500,S, ,PENROSE OBR,201432996,03/03/2014,Mon,1740,FD,VS1CC,181A 331A 410A ,,E,D,B ,F , , ,C,100,0,0,0,,,1762440,5913236
Auckland,1N/431/5.726,500,S, ,PENROSE OBR,201437118,05/06/2014,Thu,1732,FD,TS1C,181A ,,R,D,DO,F , ,N,R,100,0,0,0,,,1762440,5913236
Auckland,1N/431/5.728,500,S, ,PENROSE OBR,201447523,06/11/2014,Thu,815,FA,VN1T,181A 331A 801 ,,R,W,O ,L , , ,C,100,0,0,0,,,1762426,5913222
Auckland,1N/431/5.794,100,S, ,SEART ON NBD,201448458,29/05/2014,Thu,1813,FD,TN1C,181A ,,R,D,DO,F , ,N,R,80,0,0,0,,,1762465,5913169
Auckland,1N/431/5.828,600,S, ,PENROSE OBR,201439007,25/06/2014,Wed,611,DB,TN14VC,136A 668A ,DDD,M,W,DO,F , ,N,R,100,0,0,0,,,1762487,5913143
Auckland,1N/431/5.928,700,S, ,PENROSE OBR,201412526,22/04/2014,Tue,1221,FD,TN1C,181A 331A ,,R,D,B ,F , , ,C,100,0,0,1,,,1762561,5913076
Auckland,1N/431/5.944,250,S, ,SEART ON NBD,201411606,22/02/2014,Sat,828,FD,VN1CC,181A 504A ,G,E,W,OF,L , ,N,N,100,0,0,1,,,1762573,5913066
Auckland,1N/431/6.226,1000,S, ,PENROSE OBR,201436329,01/04/2014,Tue,1650,FD,TS1C,181A ,,E,D,BF,F , ,N,C,100,0,0,0,,,1762843,5912961
Auckland,1N/431/6.326,1100,S, ,PENROSE OBR,201417461,10/11/2014,Mon,1641,FD,VS1C,181A ,,R,D,BF,F , ,N,C,100,0,0,1,,,1762938,5912930
Auckland,1N/431/6.359,1000,N, ,MT WGTN OBR,201432172,18/02/2014,Tue,1606,FD,VS1CC4,181A ,,R,D,B ,F , ,N,N,100,0,0,0,,,1762969,5912920
Auckland,1N/431/6.396,980,N, ,MT WGTN OBR,201438442,16/06/2014,Mon,1826,FD,CN1C,331A 353A 801 ,,R,W,DO,L , , ,C,100,0,0,0,,,1762990,5912896
Auckland,1N/431/6.428,1200,S, ,PENROSE OBR,201418203,13/12/2014,Sat,1210,AG,CN1C,357A 357B ,,R,D,O ,F , , ,N,100,0,0,1,,,1763020,5912886
Auckland,1N/431/6.476,900,N, ,MT WGTN OBR,201445621,26/09/2014,Fri,1431,AC,CN1BC,372A ,,R,D,B ,F , , ,C,100,0,0,0,,,1763066,5912871
Auckland,1N/431/6.493,600,N, ,MT WGTN ON NBD,201437308,09/02/2014,Sun,654,FA,CN1C,181A ,,R,D,OF,F , ,N,R,100,0,0,0,,,1763082,5912866
Auckland,1N/431/6.576,800,N, ,MT WGTN OBR,201439012,04/07/2014,Fri,1521,FD,CN1C,331A 353A ,,R,D,BF,F , ,N,R,100,0,0,0,,,1763161,5912841