TLANAME,CRASHROAD,CRASHDIST,CRASHDIRN,INTSN,SIDEROAD,CRASHID,CRASHDATE,CRASHDOW,CRASHTIME,MVMT,VEHICLES,CAUSES,OBJECTSSTRUCK,ROADCURVE,ROADWET,LIGHT,WTHRa,JUNCTYPE,TRAFCTRL,ROADMARK,SPDLIM,CRASHFATALCNT,CRASHSEVCNT,CRASHMINCNT,PERSAGE1,PERSAGE2,EASTING,NORTHING
Auckland,1N/431/6.593,500,W, ,MT WGTN ON NBD,201435500,30/04/2014,Wed,1816,FD,CN1C,110A 331A ,,R,D,DO,F , , ,C,100,0,0,0,,,1763177,5912836
Auckland,1N/431/6.602,200,N, ,SEART OBR,201440288,11/07/2014,Fri,1833,FD,CN1VVC,331A 331B 801 ,,R,W,TO,L , , ,C,100,0,0,0,,,1763186,5912833
Auckland,1N/431/6.608,200,W, ,SEART OBR,201448160,26/11/2014,Wed,1215,AO,VS1T,330A 372A 330B 372B ,,R,D,B ,F , , ,N,100,0,0,0,,,1763205,5912843
Auckland,1N/431/6.658,150,N, ,SEART OBR,201444448,06/06/2014,Fri,1745,FA,CS1C,112A 181A 331A ,,R,D,DO,F , , ,C,100,0,0,0,,,1763253,5912827
Auckland,1N/431/6.676,700,W, ,MT WGTN OBR,201416656,26/09/2014,Fri,1458,FD,CW1C4,110A 331A ,,R,D,B ,F , , ,C,100,0,0,1,,,1763256,5912811
Auckland,1N/431/6.693,400,N, ,MT WGTN ON NBD,201436112,07/05/2014,Wed,910,FD,CN1C,181A ,,R,W,O ,L , , ,C,100,0,0,0,,,1763273,5912806
Auckland,1N/431/6.693,400,N, ,MT WGTN ON NBD,201446179,25/10/2014,Sat,1110,FD,CN1C,181A 331A ,,R,D,B ,F , , ,C,100,0,0,0,,,1763273,5912806
Auckland,1N/431/6.759,600,N, ,MT WGTN OBR,201441227,30/07/2014,Wed,734,FD,CS1V,181B 331B ,,E,W,O ,F , , ,C,100,0,0,0,,,1763350,5912796
Auckland,1N/431/6.776,600,N, ,MT WGTN OBR,201446590,07/10/2014,Tue,1547,AA,TN1C,370A 381A ,,E,D,B ,F , , ,C,100,0,0,0,,,1763352,5912781
Auckland,1N/431/6.787,15,N, ,SEART OBR,201447054,06/11/2014,Thu,720,AA,CN1M,372A ,,R,W,ON,L , ,N,R,100,0,0,0,,,1763363,5912777
Auckland,1N/431/6.834,20,W, ,SOUTH-EASTERN HIGHWAY,201432170,17/02/2014,Mon,1758,FA,MW1C,330A ,,M,D,B ,F , ,N,C,80,0,0,0,,,1763421,5912775
Auckland,1N/431/6.859,500,N, ,MT WGTN OBR,201440579,09/07/2014,Wed,1734,FD,CS14,112A 331A 353A 801 ,,R,W,TO,L , , ,C,100,0,0,0,,,1763445,5912767
Auckland,1N/431/6.859,500,W, ,MT WGTN OBR,201438534,20/05/2014,Tue,1406,AC,CE1T,110A 197A 353A 370A ,,E,D,B ,F , , ,C,100,0,0,0,,,1763445,5912767
Auckland,1N/431/6.876,500,N, ,MT WGTN OBR,201417286,06/11/2014,Thu,1654,AO,TN1C,129A 330A 129B 330B ,,R,D,O ,F , , ,C,100,0,0,1,,,1763447,5912751
Auckland,1N/431/6.876,500,W, ,MT WGTN OBR,201440341,14/07/2014,Mon,1805,FD,CW1C,331A 358A ,G,R,D,DO,F , , ,C,100,0,0,0,,,1763447,5912751
Auckland,1N/431/6.909,450,N, ,MT WGTN OBR,201416662,28/10/2014,Tue,1724,FA,CS1C,181A 331A 801 ,,R,W,O ,L , , ,C,100,0,0,2,,,1763493,5912751
Auckland,1N/431/6.973,120,N, ,MT WGTN ON NBD,201437851,09/06/2014,Mon,1742,FD,CN1CT,181B 330C ,,R,W,DO,H , ,N,C,100,0,0,0,,,1763540,5912721
Auckland,1N/431/6.976,400,N, ,MT WGTN OBR,201433710,02/04/2014,Wed,958,FD,CN1CCC,181A 181B 181C ,,R,D,B ,F , , ,N,100,0,0,0,,,1763542,5912720
Auckland,1N/431/7.004,150,S, ,MT WGTN OFF SBD,201433176,23/03/2014,Sun,622,AO,BS1C,184A 184B ,,E,D,DO,F , , ,C,100,0,0,0,,,1763582,5912720
Auckland,1N/431/7.059,300,N, ,MT WGTN OBR,201444089,16/09/2014,Tue,1705,FD,CS1C,181A ,,R,W,OF,L , ,N,R,100,0,0,0,,,1763632,5912698
Auckland,1N/431/7.073,20,W, ,TAKANINI ON NBD,201444132,25/08/2014,Mon,1545,AO,TE1C,671A ,,M,D,BF,F , ,N,R,100,0,0,0,,,1763631,5912681
Auckland,MT WGTN ON NBD,, ,I,1N/431/7.093,201414475,19/06/2014,Thu,1024,CB,CN1,136A 631A ,G,R,W,OF,L ,Y,N,C,100,0,0,1,,,1763649,5912672
Auckland,1N/431/7.093,, ,I,MT WGTN ON NBD,201411036,26/02/2014,Wed,1115,AO,CN1T,184A 402A ,G,R,D,O ,F ,T,N,C,100,0,0,1,,,1763649,5912672
Auckland,1N/431/7.093,, ,I,MT WGTN ON NBD,201437921,13/06/2014,Fri,1915,FA,CW1C,181A 191B ,,R,D,B ,F ,T,N,C,100,0,0,0,,,1763649,5912672
Auckland,1N/431/7.093,, ,I,MT WGTN ON NBD,201436634,07/05/2014,Wed,645,FD,CN1C,181A ,,R,D,B ,F ,T,N,C,100,0,0,0,,,1763649,5912672
Auckland,1N/431/7.113,20,S, ,MT WGTN ON NBD,201442134,02/05/2014,Fri,745,FD,CN1C,181A ,,R,D,B ,F , , ,N,100,0,0,0,,,1763667,5912662
Auckland,1N/431/7.126,250,W, ,MT WGTN OBR,201436525,14/05/2014,Wed,1433,FD,CN1C,181A 331A 191B 801 ,,R,W,O ,L , , ,C,100,0,0,0,,,1763678,5912656
Auckland,1N/431/7.153,60,S, ,MT WGTN ON NBD,201447763,17/11/2014,Mon,1328,FD,CN1C,181A 331A 358A ,,R,W,O ,L , , ,C,100,0,0,0,,,1763702,5912644
Auckland,1N/431/7.159,200,N, ,MT WGTN OBR,201440252,25/07/2014,Fri,1650,FD,4S1V,181A 331A ,,R,D,O ,F , , ,C,100,0,0,0,,,1763719,5912648
Auckland,1N/431/7.159,200,N, ,MT WGTN OBR,201414656,24/07/2014,Thu,1846,FD,CS1C,181A 331A 353A 402A ,,R,D,DO,F , , ,R,100,0,0,1,,,1763719,5912648
Auckland,1N/431/7.176,200,N, ,MT WGTN OBR,201448074,14/11/2014,Fri,1417,FD,CN1C,181A 191B ,,R,D,B ,F , , ,N,100,0,0,0,,,1763722,5912633
Auckland,1N/431/7.176,200,N, ,MT WGTN OBR,201444896,12/11/2014,Wed,1534,FD,CN1C,181A ,,E,W,OF,L , ,N,N,100,0,0,0,,,1763722,5912633
Auckland,1N/431/7.176,200,N, ,MT WGTN OBR,201435806,14/05/2014,Wed,1430,FD,CN1C,181A ,,R,W,BF,F , ,N,R,100,0,0,0,,,1763722,5912633
Auckland,1N/431/7.176,200,N, ,MT WGTN OBR,201415999,19/09/2014,Fri,1930,FD,CN1CC,112A 181A 331A ,,R,D,DO,F , , ,C,100,0,0,1,,,1763722,5912633
Auckland,1N/431/7.176,200,N, ,MT WGTN OBR,201434721,05/05/2014,Mon,1703,FD,CN1C,331A 361A ,,R,W,BF,L , ,N,R,100,0,0,0,,,1763722,5912633
Auckland,1N/431/7.176,200,N, ,MT WGTN OBR,201430567,05/02/2014,Wed,933,FD,CN14C,181A 181B ,,R,D,B ,F , , ,C,100,0,0,0,,,1763722,5912633
Auckland,1N/431/7.259,100,N, ,MT WGTN OBR,201444313,20/09/2014,Sat,636,AO,CS1TT,184A 330A 370B 671B ,G,R,W,B ,F , , ,C,100,0,0,0,,,1763806,5912599
Auckland,1N/431/7.359,, ,A,MT WGTN OBR,201444600,09/09/2014,Tue,825,FA,CS1C,181A 330A 191B ,,R,D,B ,F , ,N,C,100,0,0,0,,,1763893,5912549
Auckland,1N/431/7.376,, ,A,MT WGTN OBR,201439014,04/07/2014,Fri,636,FD,CN14,181A ,,R,W,DO,F , ,N,R,100,0,0,0,,,1763896,5912534
Auckland,1N/431/7.378,20,S, ,MT WGTN OBR,201430996,21/02/2014,Fri,737,AC,CS1T,381A ,,R,D,BF,F , ,N,R,100,0,0,0,,,1763910,5912540
Auckland,1N/431/7.395,20,S, ,MT WGTN OBR,201430012,03/01/2014,Fri,1847,FD,CN1C,331A 358A ,,R,D,OF,F , ,N,R,50,0,0,0,,,1763912,5912525
Auckland,1N/431/7.408,50,S, ,MT WGTN OBR,201417101,17/11/2014,Mon,325,CA,CS1,112A 130A 402A ,G,R,D,DO,F , , ,N,100,0,0,1,,,1763936,5912525
Auckland,1N/431/7.458,100,S, ,MT WGTN OBR,201438157,27/05/2014,Tue,1623,FD,4S1C,181A ,,R,D,BF,F , ,N,C,100,0,0,0,,,1763979,5912500
Auckland,1N/431/7.475,100,E, ,MT WGTN OBR,201433618,03/04/2014,Thu,900,FA,TW1C,331A 350A ,,R,D,B ,F , , ,C,100,0,0,0,,,1763982,5912485
Auckland,1N/431/7.475,100,S, ,MT WGTN OBR,201442681,06/10/2014,Mon,646,FD,CN1C,181A ,,R,D,DF,F , ,N,R,100,0,0,0,,,1763982,5912485
Auckland,1N/431/7.5,420,N, ,MT WGTN ON SBD,201415692,27/08/2014,Wed,1515,FA,VS1C,331A 351A ,,R,D,B ,F , ,N,C,100,0,0,1,,,1764016,5912480
Auckland,1N/431/7.538,180,S, ,MT WGTN OBR,201449570,18/12/2014,Thu,1815,CA,MS1,135A 191A 804 901 ,,R,W,O ,H , , ,C,100,0,0,0,,,1764049,5912461
Auckland,1N/431/7.555,180,S, ,MT WGTN OBR,201413053,28/05/2014,Wed,855,AA,TN1M,372A ,,R,D,BF,F , ,N,N,100,0,0,1,,,1764051,5912446
Auckland,1N/431/7.575,200,E, ,MT WGTN OBR,201414388,09/07/2014,Wed,937,FD,VW14VV,110A 181A 110B 181B 110C 181C 801 ,,R,W,O ,L , , ,C,100,0,0,1,,,1764069,5912436
Auckland,1N/431/7.575,200,S, ,MT WGTN OBR,201437331,13/06/2014,Fri,1854,FD,CN1C,181A ,,E,D,DO,F , ,N,R,100,0,0,0,,,1764069,5912436
Auckland,1N/431/7.575,200,S, ,MT WGTN OBR,201450299,27/11/2014,Thu,1449,FD,TN1CC,181A ,,E,D,BF,F , ,N,C,100,0,0,0,,,1764069,5912436
Auckland,1N/431/7.625,250,S, ,MT WGTN OBR,201418482,11/10/2014,Sat,1410,AG,MN1C,110A 158A ,,R,D,B ,F , , ,C,100,0,0,1,,,1764112,5912411
Auckland,1N/431/7.658,300,E, ,MT WGTN OBR,201432689,04/04/2014,Fri,1543,FA,CE1C,181A ,,R,D,B ,F , ,N,C,50,0,0,0,,,1764153,5912402
Auckland,1N/431/7.672,20,S, ,SYLVIA PARK RAIL OBR,201444341,24/09/2014,Wed,1425,AA,CN1T,184A 404A ,,R,D,O ,F , , ,C,100,0,0,0,,,1764153,5912388
Auckland,1N/431/7.675,300,S, ,MT WGTN OBR,201431677,16/02/2014,Sun,1650,FD,CN1CCC,181A 181B 181C ,,R,D,B ,F , , ,N,100,0,0,0,,,1764156,5912387
Auckland,1N/431/7.716,2000,N, ,OTAHUHU ON NBD,201447273,07/11/2014,Fri,1250,FD,CN1CC,112A 331A 402A ,,R,D,O ,F , , ,N,100,0,0,0,,,1764191,5912366
Auckland,1N/431/7.764,200,N, ,MT WGTN OFF NBD,201447601,22/11/2014,Sat,1311,FD,CN1C,181A ,,R,D,BF,F , ,N,N,100,0,0,0,,,1764233,5912342
Auckland,1N/431/7.775,400,S, ,MT WGTN OBR,201418486,03/12/2014,Wed,838,AA,CN1M,372A ,,E,D,B ,F , , ,C,100,0,1,0,,,1764242,5912337
Auckland,1N/431/7.808,450,S, ,MT WGTN OBR,201416499,03/10/2014,Fri,1420,FD,TS1C4C,181A 191A 181B 181C 181D 801 ,,R,W,O ,L , , ,C,100,0,0,2,,,1764284,5912328
Auckland,1N/431/7.864,100,N, ,MT WGTN OFF NBD,201447823,13/11/2014,Thu,1505,AC,CN1T,372A ,,R,D,BF,F , ,N,R,100,0,0,0,,,1764318,5912290
Auckland,1N/431/7.894,250,S, ,SYLVIA PARK RAIL OBR,201442114,08/08/2014,Fri,2053,AO,CE1T,184A ,,R,W,DO,L , , ,C,100,0,0,0,,,1764356,5912282
Auckland,1N/431/7.914,50,N, ,MT WGTN OFF NBD,201443912,17/10/2014,Fri,348,CB,CN1,129A 358A ,G,R,D,DO,F , ,N,R,100,0,0,0,,,1764359,5912262
Auckland,1N/431/7.92,, ,I,MT WGTN ON SBD,201446522,29/10/2014,Wed,1553,AO,CS2C,199A ,,R,D,O ,F ,T,N,N,100,0,0,0,,,1764378,5912267
Auckland,1N/431/7.944,20,N, ,MT WGTN OFF NBD,201439623,08/07/2014,Tue,1719,FD,CN1CCC,181A 181B 181C ,,R,W,DO,H , , ,N,100,0,0,0,,,1764384,5912244
Auckland,1N/431/7.975,600,S, ,MT WGTN OBR,201434384,09/04/2014,Wed,1828,FD,CN1C,181A ,,R,D,O ,F , , ,C,100,0,0,0,,,1764407,5912224
Auckland,1N/431/8.058,2000,N, ,PRINCES OBR,201410541,15/02/2014,Sat,1059,FD,CN1CCC,181A ,,R,D,BF,F , ,N,C,100,0,0,2,,,1764464,5912164
Auckland,1N/431/8.064,100,S, ,MT WGTN OFF NBD,201439750,01/05/2014,Thu,1820,FD,TN1C,181A 331A ,,R,D,TF,F , , ,N,100,0,0,0,,,1764468,5912159
Auckland,1N/431/8.175,800,S, ,MT WGTN OBR,201449106,06/12/2014,Sat,149,CB,CN1,130A 410A ,FX,R,W,DO,F , ,N,R,100,0,0,0,,,1764529,5912067
Auckland,1N/431/8.264,300,S, ,MT WGTN OFF NBD,201416833,13/11/2014,Thu,,FD,VN1C,110A 181A ,,E,W,B ,L , ,N,N,100,0,0,1,,,1764566,5911986
Auckland,1N/431/8.39,200,N, ,PANAMA OBR,201410293,13/02/2014,Thu,949,FD,CN1CVC,181A 402A ,,E,D,O ,F , ,N,N,100,0,0,2,,,1764603,5911866
Auckland,1N/431/8.464,500,S, ,MT WGTN OFF NBD,201442759,12/09/2014,Fri,1136,FD,VN1CC,181A ,,R,W,OF,L , ,N,C,100,0,0,0,,,1764624,5911794
Auckland,1N/431/8.49,100,N, ,PANAMA OBR,201442172,23/08/2014,Sat,1305,MO,CN1C,357A 386A 423A ,,E,D,B ,F , , ,C,100,0,0,0,,,1764631,5911770
Auckland,1N/431/8.57,20,N, ,PANAMA OBR,201436561,15/05/2014,Thu,1045,FA,CN1C,181A 331A ,,R,D,O ,F , , ,C,100,0,0,0,,,1764654,5911693
Auckland,1N/431/8.575,15,N, ,PANAMA OBR,201432923,03/03/2014,Mon,651,FD,CN1C,181A 191B ,,E,W,O ,F , , ,C,100,0,0,0,,,1764656,5911688
Auckland,1N/431/8.594,5,S, ,PANAMA OBR,201442317,20/08/2014,Wed,1707,FD,VN14,181A 330A 190B ,,R,W,O ,L , ,N,C,100,0,0,0,,,1764661,5911670
Auckland,1N/431/8.609,20,S, ,PANAMA OBR,201433805,11/04/2014,Fri,1846,FD,CN14,181A 352A ,,R,D,DO,F , , ,C,100,0,0,0,,,1764665,5911655
Auckland,1N/431/8.644,50,S, ,PANAMA OBR,201448649,13/11/2014,Thu,1630,AC,TS1C,372A 671A ,,R,D,B ,F , , ,C,100,0,0,0,,,1764686,5911629
Auckland,1N/431/8.679,90,S, ,PANAMA OBR,201447694,16/12/2014,Tue,950,FD,VN1T,181A ,,R,D,OF,F , ,N,C,100,0,0,0,,,1764684,5911588
Auckland,1N/431/8.689,100,S, ,PANAMA OBR,201437313,13/06/2014,Fri,700,FD,VN1C,181A ,,R,D,BF,F , ,N,R,100,0,0,0,,,1764687,5911578
Auckland,1N/431/8.694,100,S, ,PANAMA OBR,201413181,18/04/2014,Fri,731,FA,CS1C,331A ,G,R,D,B ,F , , ,C,100,0,0,3,,,1764700,5911581
Auckland,1N/431/8.889,300,S, ,PANAMA OBR,201438565,20/06/2014,Fri,1643,FD,VN1CC,181A 191B ,,R,D,B ,F , , ,C,100,0,0,0,,,1764742,5911386
Auckland,1N/431/8.92,1000,S, ,MT WGTN ON SBD,201415693,06/09/2014,Sat,1038,FD,CN1CC,181A 410A 191B ,,R,D,O ,F , ,N,N,100,0,0,1,,,1764764,5911364
Auckland,1N/431/8.92,1000,S, ,MT WGTN ON SBD,201446035,20/10/2014,Mon,824,FD,CS1CC,181A 191A 181B 191B 191C ,,R,D,O ,F , , ,C,100,0,0,0,,,1764764,5911364
Auckland,1N/431/9.014,500,N, ,OTAHUHU OFF SBD,201449497,27/11/2014,Thu,1642,CA,CS1T,650A ,,R,D,B ,F , , ,C,100,0,0,0,,,1764790,5911274
Auckland,1N/431/9.158,900,N, ,PRINCES OBR,201449109,06/12/2014,Sat,303,CC,CN1,103A 130A ,G,R,W,DO,F , ,N,R,100,0,0,0,,,1764818,5911128
Auckland,1N/431/9.216,500,N, ,OTAHUHU ON NBD,201411604,24/03/2014,Mon,623,FD,VN1VC,181A ,,R,D,TO,F , ,N,C,100,0,0,1,,,1764834,5911073
Auckland,1N/431/9.458,600,N, ,PRINCES OBR,201433615,03/04/2014,Thu,723,AC,TN1C,372A ,,R,D,B ,F , , , ,100,0,0,0,,,1764900,5910840
Auckland,1N/431/9.558,500,N, ,PRINCES OBR,201418567,17/12/2014,Wed,1320,FD,CN1T,181A ,,R,W,OF,L , ,N,C,100,0,0,1,,,1764928,5910744
Auckland,1N/431/9.558,500,N, ,PRINCES OBR,201433847,09/04/2014,Wed,731,FD,4N1V,181A ,,R,D,B ,F , , ,C,100,0,0,0,,,1764928,5910744
Auckland,1N/431/9.558,500,N, ,PRINCES OBR,201440284,11/07/2014,Fri,1838,FD,CN1C,110A 331A 901 903 ,,R,W,DO,HS, , ,C,100,0,0,0,,,1764928,5910744
Auckland,1N/431/9.563,500,N, ,PRINCES OBR,201448164,26/11/2014,Wed,1110,QG,VS1C,330A 682A 198B ,D,R,D,B ,F , , ,C,100,0,0,0,,,1764943,5910747
Auckland,1N/431/9.589,1000,S, ,PANAMA OBR,201437311,13/06/2014,Fri,632,FD,CN1C,181A ,,R,D,BN,F , ,N,R,100,0,0,0,,,1764937,5910714
Auckland,1N/431/9.589,1000,S, ,PANAMA OBR,201418558,22/12/2014,Mon,1727,FD,CN14CC,181A ,,R,D,BN,F , ,N,N,100,0,0,3,,,1764937,5910714
Auckland,1N/431/9.633,430,N, ,PRINCES OBR,201439000,05/07/2014,Sat,1856,CA,CS1,136A 630A 650A ,G,R,W,DO,F , ,N,R,100,0,0,0,,,1764962,5910680
Auckland,1N/431/9.713,350,N, ,PRINCES OBR,201432030,06/01/2014,Mon,1205,CA,CS1,353A ,G,R,D,B ,F , , ,C,100,0,0,0,,,1764984,5910603
Auckland,1N/431/9.716,, ,I,OTAHUHU ON NBD,201440582,24/07/2014,Thu,1723,AA,CN1T,184A ,,R,W,TO,L ,T,N,C,100,0,0,0,,,1764973,5910592
Auckland,1N/431/9.858,200,N, ,PRINCES OBR,201436321,21/03/2014,Fri,1738,FD,CN1C,181A ,,R,D,BF,F , ,N,C,100,0,0,0,,,1765011,5910455
Auckland,1N/431/9.858,200,N, ,PRINCES OBR,201444447,09/06/2014,Mon,1118,QG,VN1,130A 688A 903 ,P,R,D,O ,FS, , ,N,100,0,0,0,,,1765011,5910455
Auckland,1N/431/9.863,200,N, ,PRINCES OBR,201412173,04/04/2014,Fri,1443,AA,4S1C,372A ,,R,D,B ,F , , ,C,100,0,0,1,,,1765025,5910458
Auckland,1N/431/9.908,150,N, ,PRINCES OBR,201442158,09/08/2014,Sat,257,CA,4N1,130A ,G,R,W,DO,M , , ,C,100,0,0,0,,,1765025,5910407
Auckland,1N/431/9.908,150,N, ,PRINCES OBR,201439010,03/07/2014,Thu,1811,FD,CN1CCC,331A 352A ,,R,W,OF,L , ,N,C,100,0,0,0,,,1765025,5910407
Auckland,1N/431/9.963,100,N, ,PRINCES OBR,201446481,31/10/2014,Fri,2359,CB,CS1,103A 130A ,BG,R,D,DO,F , ,N,R,100,0,0,0,,,1765053,5910362
Auckland,1N/431/9.963,100,N, ,PRINCES OBR,201412105,29/04/2014,Tue,754,CC,TS1CVC,132A ,G,R,W,O ,L , , ,C,100,0,0,2,,,1765053,5910362
Auckland,1N/431/9.963,100,N, ,PRINCES OBR,201432977,20/03/2014,Thu,1144,CA,4S1TT,130A 190A 680A 191B 191C ,E,R,D,B ,F , , ,C,100,0,0,0,,,1765053,5910362
Auckland,1N/431/9.963,100,N, ,PRINCES OBR,201441079,29/05/2014,Thu,1508,CB,CS1,501A ,FP,R,D,OF,F , ,N,R,100,0,0,0,,,1765053,5910362
Auckland,1N/431/9.963,100,N, ,PRINCES OBR,201441138,21/08/2014,Thu,1000,CA,TS1C,682A ,D,R,D,BF,F , ,N,R,100,0,0,0,,,1765053,5910362
Auckland,1N/431/10.008,50,N, ,PRINCES OBR,201412163,20/04/2014,Sun,640,AA,CN1C,103A 372A ,,R,D,O ,F , , ,N,100,0,0,1,,,1765050,5910311
Auckland,1N/431/10.038,20,N, ,PRINCES OBR,201413688,07/05/2014,Wed,1015,CA,CN1,197A 350A ,G,R,D,B ,F , , ,C,10,0,0,1,,,1765057,5910281
Auckland,1N/431/10.056,, ,A,PRINCES OBR,201415067,14/08/2014,Thu,1319,FD,VN1C,181A 331A ,,R,W,O ,F , , ,C,100,0,0,1,,,1765060,5910263
Auckland,1N/431/10.062,, ,A,PRINCES OBR,201432992,04/02/2014,Tue,838,AC,TS1C,372A 671A ,,R,D,B ,F , , ,N,100,0,0,0,,,1765073,5910266
Auckland,1N/431/10.096,40,S, ,PRINCES OBR,201417797,12/12/2014,Fri,734,FD,VN1CC,181A 330A ,,R,D,B ,F , ,N,C,100,0,0,1,,,1765067,5910224
Auckland,1N/431/10.106,50,S, ,PRINCES OBR,201433848,04/04/2014,Fri,1501,FD,TN14,181A ,,R,D,B ,F , , ,C,100,0,0,0,,,1765068,5910214
Auckland,1N/431/10.262,200,S, ,PRINCES OBR,201448481,24/10/2014,Fri,1640,FA,CS14,181A ,,R,D,BF,F , ,N,R,100,0,0,0,,,1765104,5910068
Auckland,OTAHUHU ON SBD,, ,I,1N/431/10.276,201433147,25/03/2014,Tue,1525,AA,CS1T,184B ,,R,D,O ,F ,T,N,N,100,0,0,0,,,1765106,5910054
Auckland,1N/431/10.402,30,S, ,OTAHUHU OFF NBD,201430928,28/02/2014,Fri,1534,FD,CN1T,331A 353A ,,R,D,BF,F , ,N,C,100,0,0,0,,,1765112,5909922
Auckland,1N/431/10.422,50,S, ,OTAHUHU OFF NBD,201443553,04/09/2014,Thu,1915,AC,TN1C,372A ,,R,W,DO,F , ,N,N,100,0,0,0,,,1765115,5909902
Auckland,1N/431/10.462,400,S, ,PRINCES OBR,201437121,03/06/2014,Tue,1816,FD,CS14,181A ,,R,D,DO,F , ,N,R,100,0,0,0,,,1765133,5909871
Auckland,1N/431/10.462,400,S, ,PRINCES OBR,201440287,11/07/2014,Fri,1740,FA,CS1C,331A 353A 801 ,,R,W,TO,L , , ,C,100,0,0,0,,,1765133,5909871
Auckland,1N/431/10.462,400,S, ,PRINCES OBR,201433888,18/04/2014,Fri,1106,FD,CS1CCC,181A 181B 181C ,,R,D,B ,F , , ,P,100,0,0,0,,,1765133,5909871
Auckland,1N/431/10.472,100,S, ,OTAHUHU OFF NBD,201440581,26/07/2014,Sat,2209,CA,CN1,103A 130A ,G,R,W,DO,F , , ,C,100,0,0,0,,,1765123,5909852
Auckland,1N/431/10.476,200,S, ,OTAHUHU ON SBD,201438597,30/06/2014,Mon,1635,FD,CS1C,110A 331A 901 ,,R,W,O ,H , , ,C,100,0,0,0,,,1765136,5909856
Auckland,1N/431/10.476,200,S, ,OTAHUHU ON SBD,201414338,01/07/2014,Tue,1804,FA,CS1C,110A 331A 801 ,,R,W,DO,L , , ,C,100,0,0,1,,,1765136,5909856
Auckland,1N/431/10.532,160,S, ,TRENWITH ST,201414812,04/07/2014,Fri,1902,FD,CN1C,331A 353A ,G,R,W,DO,F , ,N,C,100,0,0,2,,,1765132,5909793
Auckland,1N/431/10.556,500,S, ,PRINCES OBR,201412177,13/05/2014,Tue,641,FD,CN14CC,181A 181B 181C ,,R,D,DO,F , , ,N,100,0,0,1,,,1765135,5909769
Auckland,1N/431/10.562,500,S, ,PRINCES OBR,201440285,11/07/2014,Fri,1800,FD,CS1C,181A 331A 901 903 ,,R,W,DO,HS, , ,C,100,0,0,0,,,1765149,5909772
Auckland,1N/431/10.576,300,S, ,OTAHUHU ON SBD,201417265,28/10/2014,Tue,1512,AA,CS1CV,330A 372A 130B 801 ,,R,W,O ,L , , ,C,100,0,0,1,,,1765152,5909757
Auckland,1N/431/10.594,2000,S, ,PANAMA OBR,201416744,11/07/2014,Fri,1843,FD,CS1CCC,181A 181B 181C 181D ,,R,W,DN,L , , ,C,100,0,0,1,,,1765156,5909740
Auckland,1N/431/10.619,600,N, ,HIGHBROOK ON NBD,201436730,27/05/2014,Tue,645,FD,CN1V,181A 191B ,,E,D,B ,F , ,N,C,100,0,0,0,,,1765150,5909708
Auckland,1N/431/10.656,600,S, ,PRINCES OBR,201447543,06/11/2014,Thu,2115,FA,CN1C,181A 331A 402A ,,R,D,DO,F , , ,R,100,0,0,0,,,1765164,5909673
Auckland,1N/431/10.662,600,S, ,PRINCES OBR,201433889,18/04/2014,Fri,1230,FD,4S1CCC,181A 181B 181C 181D ,,R,D,B ,F , , ,R,100,0,0,0,,,1765177,5909676
Auckland,1N/431/10.672,300,S, ,OTAHUHU OFF NBD,201443546,09/05/2014,Fri,1754,FD,VN1CC,181A ,,R,D,TO,F , ,N,C,100,0,0,0,,,1765169,5909659
Auckland,1N/431/10.777,800,N, ,HIGHBROOK OBR,201447241,23/10/2014,Thu,835,FA,MN1CV,112A 181A 331A ,,R,D,B ,F , , ,C,100,0,0,0,,,1765207,5909560
Auckland,1N/431/10.777,800,N, ,HIGHBROOK OBR,201449845,18/12/2014,Thu,956,FD,4N1C,181A ,,M,W,OF,F , ,N,R,100,0,0,0,,,1765207,5909560
Auckland,1N/431/10.919,300,N, ,HIGHBROOK ON NBD,201431650,23/01/2014,Thu,1733,FD,CN1CVC,181A 181B 181C ,,R,D,O ,F , , ,N,100,0,0,0,,,1765259,5909428
Auckland,1N/431/11.119,100,N, ,HIGHBROOK ON NBD,201417804,02/12/2014,Tue,1501,AC,TN14,177A 370A 671A ,G,R,D,B ,F , , ,C,100,0,0,1,,,1765333,5909243
Auckland,1N/431/11.119,100,N, ,HIGHBROOK ON NBD,201431237,03/03/2014,Mon,1400,EC,VN1,820,D,E,D,BF,F , ,N,N,100,0,0,0,,,1765333,5909243
Auckland,1N/431/11.161,420,N, ,HIGHBROOK OBR,201435979,08/04/2014,Tue,1747,CA,CS1,137A 350A ,G,R,D,DO,F , ,N,R,100,0,0,0,,,1765360,5909212
Auckland,1N/431/11.169,50,N, ,HIGHBROOK ON NBD,201447364,19/11/2014,Wed,205,AC,TN1C,372A 671A ,,R,D,DO,F , ,N,C,100,0,0,0,,,1765351,5909196
Auckland,1N/431/11.169,50,N, ,HIGHBROOK ON NBD,201444705,01/08/2014,Fri,730,FD,CN1C,181A ,,R,D,OF,F , ,N,C,100,0,0,0,,,1765351,5909196
Auckland,1N/431/11.177,400,N, ,HIGHBROOK OBR,201435765,16/05/2014,Fri,1841,FA,CN1C,181A 331A ,,R,D,DO,F , , ,C,100,0,0,0,,,1765355,5909188
Auckland,1N/431/11.222,, ,I,HIGHBROOK OFF SBD,201439310,17/06/2014,Tue,1635,FA,CS1C,110A 181A ,,R,W,O ,F ,R,G,R,50,0,0,0,,,1765383,5909155