TLANAME,CRASHROAD,CRASHDIST,CRASHDIRN,INTSN,SIDEROAD,CRASHID,CRASHDATE,CRASHDOW,CRASHTIME,MVMT,VEHICLES,CAUSES,OBJECTSSTRUCK,ROADCURVE,ROADWET,LIGHT,WTHRa,JUNCTYPE,TRAFCTRL,ROADMARK,SPDLIM,CRASHFATALCNT,CRASHSEVCNT,CRASHMINCNT,PERSAGE1,PERSAGE2,EASTING,NORTHING
Auckland,1N/431/11.222,, ,I,HIGHBROOK OFF SBD,201444758,19/08/2014,Tue,1620,FD,CS1C,181A ,,R,W,OF,L ,Y,N,N,100,0,0,0,,,1765383,5909155
Auckland,1N/431/11.272,50,S, ,HIGHBROOK OFF SBD,201436316,27/03/2014,Thu,1650,FD,CS1C,181A ,,R,D,BF,F , ,N,C,100,0,0,0,,,1765402,5909108
Auckland,1N/431/11.277,300,N, ,HIGHBROOK OBR,201441653,06/08/2014,Wed,800,FD,CN1CC,181A 181B ,,R,W,O ,F , , ,N,100,0,0,0,,,1765392,5909096
Auckland,1N/431/11.281,300,N, ,HIGHBROOK OBR,201414476,21/06/2014,Sat,2030,AA,CS1C,372A ,C,R,W,DO,F , ,N,R,100,0,0,1,,,1765405,5909100
Auckland,1N/431/11.327,250,N, ,HIGHBROOK OBR,201415118,28/07/2014,Mon,703,FD,CN1CCC,331A 410A ,,R,D,B ,F , , ,C,100,0,0,1,,,1765411,5909049
Auckland,1N/431/11.377,200,N, ,HIGHBROOK OBR,201438970,24/06/2014,Tue,836,FD,CN1C,331A 353A ,,R,D,BF,F , ,N,R,100,0,0,0,,,1765429,5909003
Auckland,1N/431/11.381,200,N, ,HIGHBROOK OBR,201445402,01/10/2014,Wed,1757,FD,CS1V,181A ,,R,D,B ,F , , ,N,100,0,0,0,,,1765443,5909008
Auckland,1N/431/11.381,200,N, ,HIGHBROOK OBR,201439648,08/07/2014,Tue,1626,FD,CS14,181A ,,R,W,O ,H , , ,N,100,0,0,0,,,1765443,5909008
Auckland,1N/431/11.427,150,N, ,HIGHBROOK OBR,201448621,28/11/2014,Fri,743,FD,VN1C4,112A 181A 331A ,,R,W,O ,L , , ,C,100,0,0,0,,,1765448,5908956
Auckland,1N/431/11.477,100,N, ,HIGHBROOK OBR,201449006,11/12/2014,Thu,1535,FD,CN1CV,181A ,,R,D,OF,F , ,N,N,100,0,0,0,,,1765466,5908910
Auckland,1N/431/11.481,100,N, ,HIGHBROOK OBR,201443105,29/08/2014,Fri,1825,FD,CS1CC,181A 181B ,,R,D,DO,F , , ,R,100,0,0,0,,,1765480,5908915
Auckland,1N/431/11.481,100,N, ,HIGHBROOK OBR,201449552,25/12/2014,Thu,1448,AA,CS14,372A 402A ,,R,D,B ,F , , ,C,100,0,0,0,,,1765480,5908915
Auckland,1N/431/11.481,100,N, ,HIGHBROOK OBR,201439641,08/07/2014,Tue,1659,FD,CS1C,181A 191A ,,R,W,TF,H , , ,C,100,0,0,0,,,1765480,5908915
Auckland,1N/431/11.481,100,N, ,HIGHBROOK OBR,201436899,03/06/2014,Tue,1812,FD,CS1CC,110A 181A 331A ,,R,D,DO,F , , ,C,100,0,0,0,,,1765480,5908915
Auckland,1N/431/11.527,50,N, ,HIGHBROOK OBR,201447989,01/12/2014,Mon,1050,EC,CN1,911,W,R,D,B ,F , , ,C,100,0,0,0,,,1765485,5908863
Auckland,1N/431/11.547,30,N, ,HIGHBROOK OBR,201445175,01/10/2014,Wed,855,FD,CN1CC,181A 331A ,,R,D,B ,F , , ,C,100,0,0,0,,,1765492,5908845
Auckland,1N/431/11.547,30,N, ,HIGHBROOK OBR,201431674,20/01/2014,Mon,2310,CA,CN1,130A 903 ,G,R,W,DO,HS, , ,C,100,0,0,0,,,1765492,5908845
Auckland,1N/431/11.596,15,S, ,HIGHBROOK OBR,201441046,30/07/2014,Wed,1800,FD,CS1CC,181A ,,R,D,DO,F ,T,N,C,100,0,0,0,,,1765522,5908808
Auckland,1N/431/11.627,50,S, ,HIGHBROOK OBR,201434733,05/05/2014,Mon,1252,FD,CN1V,181A ,,R,W,OF,L , ,N,R,100,0,0,0,,,1765522,5908771
Auckland,1N/431/11.657,80,S, ,HIGHBROOK OBR,201442728,15/09/2014,Mon,930,AC,CN14,372A ,,R,D,BF,F , ,N,R,100,0,0,0,,,1765533,5908743
Auckland,1N/431/11.677,100,S, ,HIGHBROOK OBR,201436247,20/05/2014,Tue,903,FD,CN1C,181A ,,R,D,B ,F , , ,C,100,0,0,0,,,1765541,5908724
Auckland,1N/431/11.677,100,S, ,HIGHBROOK OBR,201440963,25/07/2014,Fri,1417,CB,CN1,136A 650A ,G,R,D,BF,F , ,N,C,100,0,0,0,,,1765541,5908724
Auckland,1N/431/11.827,250,S, ,HIGHBROOK OBR,201438540,27/05/2014,Tue,759,FD,4N1CC,331A 352A ,,R,D,B ,F , , ,C,100,0,0,0,,,1765597,5908585
Auckland,1N/431/11.862,1800,S, ,PRINCES OBR,201433174,03/04/2014,Thu,1440,AC,TS1C,372A ,,R,D,B ,F , , ,N,100,0,0,0,,,1765621,5908561
Auckland,1N/431/12.023,, ,I,HIGHBROOK ON SBD,201450166,11/11/2014,Tue,2049,CB,CS1,112A 130A 330A 901 ,P,R,W,DO,H ,T,N,C,100,0,0,0,,,1765682,5908412
Auckland,1N/431/12.023,, ,I,HIGHBROOK ON SBD,201431110,08/01/2014,Wed,823,KA,CN1C,302B 387B ,,M,D,B ,F ,R,G,C,50,0,0,0,,,1765682,5908412
Auckland,1N/431/12.186,, ,A,BAIRDS OBR,201448220,03/12/2014,Wed,1845,FD,CE1C,181A 330A ,,R,D,O ,F ,M,T,C,50,0,0,0,,,1765743,5908261
Auckland,1N/431/12.186,, ,I,BAIRDS OBR,201416865,14/11/2014,Fri,2020,JA,CS1C4,103B 322B ,,M,D,TO,F ,T,T,C,50,0,0,1,,,1765743,5908261
Auckland,1N/431/12.265,80,S, ,BAIRDS OBR,201415068,17/08/2014,Sun,950,QG,4S1CCC,682A ,,R,D,B ,F , , ,N,100,0,0,1,,,1765772,5908188
Auckland,1N/431/12.435,250,S, ,BAIRDS OBR,201435091,05/05/2014,Mon,1742,FD,CS1CC,181A 320A ,,R,W,DO,F , ,N,N,100,0,0,0,,,1765836,5908030
Auckland,1N/431/12.565,380,S, ,BAIRDS OBR,201442754,12/09/2014,Fri,1538,FD,CS14,181A ,,E,W,OF,L , ,N,R,100,0,0,0,,,1765892,5907913
Auckland,1N/431/12.581,1000,S, ,HIGHBROOK OBR,201443726,18/09/2014,Thu,516,FD,CS1C,181A ,,R,D,DO,F , , ,C,100,0,0,0,,,1765900,5907899
Auckland,1N/431/12.617,500,N, ,EAST TAMAKI OBR,201443908,18/10/2014,Sat,1610,CA,4S1,136A ,G,R,W,OF,L , ,N,R,100,0,0,0,,,1765920,5907869
Auckland,1N/431/12.876,, ,I,OTARA ON NBD,201449902,02/12/2014,Tue,830,FD,CN1C,181A 331A ,,R,D,B ,F ,T,N,N,100,0,0,0,,,1766086,5907673
Auckland,1N/431/12.877,20,S, ,OTARA OFF SBD,201416128,27/08/2014,Wed,715,CB,MS1,191A 407A 651A ,,R,D,O ,F , , ,C,100,0,0,1,,,1766099,5907681
Auckland,1N/431/12.886,10,S, ,OTARA ON NBD,201400127,30/05/2014,Fri,40,BA,CS1C,103A 205A 338A 801 ,G,R,W,DO,L ,T,N,C,100,1,1,0,,,1766093,5907666
Auckland,1N/431/12.957,100,S, ,OTARA OFF SBD,201439327,30/06/2014,Mon,1740,FD,CS1C,181A 330A 181B ,,R,W,DO,F , ,N,C,100,0,0,0,,,1766156,5907625
Auckland,1N/431/12.97,150,N, ,EAST TAMAKI OBR,201415671,27/09/2014,Sat,2356,CA,CN1,112A 431A ,G,R,D,DO,F , ,N,R,100,0,0,2,,,1766153,5907607
Auckland,1N/431/13.026,30,S, ,OTARA OFF NBD,201433273,18/03/2014,Tue,850,FA,CN1C,331A ,,R,D,OF,F , ,N,R,100,0,0,0,,,1766193,5907568
Auckland,1N/431/13.037,80,N, ,EAST TAMAKI OBR,201417191,23/10/2014,Thu,827,AC,TS1C,177A ,G,R,D,O ,F , , ,N,100,0,0,1,,,1766213,5907568
Auckland,1N/431/13.04,80,N, ,EAST TAMAKI OBR,201430622,02/02/2014,Sun,1014,DB,CN1,111A 131A ,P,S,D,B ,F , ,N,R,100,0,0,0,,,1766203,5907558
Auckland,1N/431/13.04,80,N, ,EAST TAMAKI OBR,201414704,17/07/2014,Thu,710,FD,CN1C,112A 181A 331A ,,R,D,TO,F , , ,C,100,0,0,2,,,1766203,5907558
Auckland,1N/431/13.067,300,N, ,OTARA ON SBD,201433170,23/03/2014,Sun,2026,DB,CN1,111A 131A ,G,M,D,DO,F , , ,N,100,0,0,0,,,1766234,5907547
Auckland,1N/431/13.07,50,N, ,EAST TAMAKI OBR,201439008,01/07/2014,Tue,1331,AA,VN1C,372A 671A ,,R,D,BF,F , ,N,R,100,0,0,0,,,1766224,5907537
Auckland,1N/431/13.07,50,N, ,EAST TAMAKI OBR,201436417,02/05/2014,Fri,910,AC,TN1C,372A ,,R,D,BF,F , ,N,N,100,0,0,0,,,1766224,5907537
Auckland,1N/431/13.115,5,N, ,EAST TAMAKI OBR,201444950,07/10/2014,Tue,830,AC,TN1C,372A 381A ,,R,D,B ,F , ,N,C,60,0,0,0,,,1766256,5907505
Auckland,1N/431/13.12,, ,A,EAST TAMAKI OBR,201437111,31/05/2014,Sat,2317,EO,TN1,686A ,B,R,D,DO,F , ,N,R,100,0,0,0,,,1766260,5907502
Auckland,1N/431/13.127,10,S, ,EAST TAMAKI OBR,201436334,31/03/2014,Mon,1640,FD,CS1C,181A ,,R,D,BN,F , ,N,N,100,0,0,0,,,1766277,5907505
Auckland,1N/431/13.14,20,S, ,EAST TAMAKI OBR,201438443,06/06/2014,Fri,842,FD,CN1C,181A 331A 402A 191B ,,R,D,O ,F , , ,C,100,0,0,0,,,1766274,5907488
Auckland,1N/431/13.14,20,S, ,EAST TAMAKI OBR,201442033,17/07/2014,Thu,1606,FD,CN1V,181A ,,R,D,BF,F , ,N,N,100,0,0,0,,,1766274,5907488
Auckland,1N/431/13.217,100,S, ,EAST TAMAKI OBR,201432168,17/02/2014,Mon,1919,EC,CS1C,341B 827 ,DD,R,D,TF,F , ,N,C,100,0,0,0,,,1766341,5907442
Auckland,1N/431/13.217,100,S, ,EAST TAMAKI OBR,201433890,10/04/2014,Thu,2142,CA,TS1,103A 130A ,G,R,D,B ,F , , ,N,100,0,0,0,,,1766341,5907442
Auckland,1N/431/13.22,100,S, ,EAST TAMAKI OBR,201434215,15/02/2014,Sat,450,FA,CN14,103A 181A 331A ,,R,D,DO,F , , ,C,100,0,0,0,,,1766331,5907432
Auckland,1N/431/13.22,100,S, ,EAST TAMAKI OBR,201445620,26/09/2014,Fri,2306,CA,CN1,130A 351A ,G,R,D,DO,F , , ,N,100,0,0,0,,,1766331,5907432
Auckland,1N/431/13.267,100,N, ,OTARA ON SBD,201444125,01/10/2014,Wed,900,AC,TS1C,372A 671A ,,R,D,BF,F , ,N,R,100,0,0,0,,,1766377,5907407
Auckland,1N/431/13.27,150,S, ,EAST TAMAKI OBR,201444032,26/08/2014,Tue,724,AC,CN1C,197A 372A ,,R,D,BF,F , ,N,N,100,0,0,0,,,1766366,5907396
Auckland,1N/431/13.317,200,S, ,EAST TAMAKI OBR,201435804,14/05/2014,Wed,1748,FD,TS1C,181A ,,R,W,DO,L , ,N,R,100,0,0,0,,,1766412,5907372
Auckland,1N/431/13.367,250,S, ,EAST TAMAKI OBR,201436250,16/04/2014,Wed,1010,AC,CS1C,159A 372A ,,R,D,B ,F , , ,C,100,0,0,0,,,1766448,5907337
Auckland,1N/431/13.496,500,S, ,OTARA OFF NBD,201447367,14/11/2014,Fri,643,FD,4N1C,181A 331A ,,R,W,O ,F , ,N,C,100,0,0,0,,,1766527,5907238
Auckland,1N/431/13.817,700,S, ,EAST TAMAKI OBR,201430000,01/01/2014,Wed,110,CC,CS1,105A 524A ,G,R,D,DO,F , ,N,C,100,0,0,0,,,1766768,5907020
Auckland,1N/431/13.867,500,S, ,OTARA ON SBD,201441415,03/05/2014,Sat,1250,AA,4S1C,150A 372A 381A ,,R,D,B ,F , ,N,C,100,0,0,0,,,1766804,5906986
Auckland,1N/431/13.867,500,S, ,OTARA ON SBD,201438569,19/06/2014,Thu,1544,FA,CS1CCT,110A 331A 191B 132C 801 ,,R,W,O ,L , , ,N,100,0,0,0,,,1766804,5906986
Auckland,1N/431/14.32,1200,S, ,EAST TAMAKI OBR,201434723,06/05/2014,Tue,714,FD,CN1T,181A ,,R,W,BF,F , ,N,N,100,0,0,0,,,1767115,5906660
Auckland,1N/431/14.89,500,N, ,REAGAN OBR,201414811,18/06/2014,Wed,1359,AC,TN1C,331A 353A ,,R,D,BF,F , ,N,N,100,0,0,1,,,1767361,5906159
Auckland,1N/431/14.99,400,N, ,REAGAN OBR,201436524,25/05/2014,Sun,212,AD,CN1,103A 112A 130A 801 ,P,R,W,DO,L , , ,R,100,0,0,0,,,1767384,5906062
Auckland,1N/431/15.049,1000,N, ,TE IRIRANGI OBR,201444084,08/09/2014,Mon,727,FD,4N1VC,181A ,,R,D,OF,F , ,N,R,100,0,0,0,,,1767398,5906004
Auckland,1N/431/15.092,300,N, ,REAGAN OBR,201440610,24/07/2014,Thu,1745,FD,CS1CV,102A 112A 331A ,,R,D,OO,F , , ,N,100,0,0,0,,,1767421,5905972
Auckland,1N/431/15.22,170,N, ,REAGAN OBR,201434683,25/03/2014,Tue,1633,QG,VN1,402A 682A ,G,R,D,BF,F , ,N,R,100,0,0,0,,,1767437,5905838
Auckland,1N/431/15.252,800,N, ,TE IRIRANGI OBR,201442592,10/09/2014,Wed,1146,AC,TS1C,372A 671A ,G,R,D,BF,F , ,N,R,100,0,0,0,,,1767458,5905815
Auckland,1N/431/15.29,100,N, ,REAGAN OBR,201413257,02/06/2014,Mon,520,CB,CN1,103A 410A ,T,R,D,DO,F , ,N,C,100,0,0,1,,,1767456,5905770
Auckland,1N/431/15.362,30,N, ,REAGAN OBR,201414339,21/06/2014,Sat,2338,EB,CS1C,129A 443B ,GQ,R,D,DO,F , , ,C,100,0,0,1,,,1767487,5905710
Auckland,1N/431/15.549,500,N, ,TE IRIRANGI OBR,201414575,13/07/2014,Sun,1132,CB,CN1,112A 130A 357A 524A ,T,R,D,O ,F , , ,C,100,0,0,1,,,1767535,5905524
Auckland,1N/431/15.725,50,S, ,TE IRIRANGI OFF SBD,201449050,09/08/2014,Sat,1355,AO,TS1CC,381A 130B 130C ,,R,D,BF,F , ,N,C,100,0,0,0,,,1767612,5905369
Auckland,1N/431/15.735,40,N, ,TE IRIRANGI ON NBD,201434383,12/04/2014,Sat,820,EC,4S1,131A 631A 820 ,GX,M,D,B ,F , , ,C,100,0,0,0,,,1767602,5905351
Auckland,1N/431/15.949,100,N, ,TE IRIRANGI OBR,201433160,25/03/2014,Tue,712,FD,CN1CCC,181A 331A 181B 181C ,,R,D,O ,F , , ,C,100,0,0,0,,,1767679,5905150
Auckland,1N/431/15.972,80,N, ,TE IRIRANGI OBR,201416411,30/08/2014,Sat,227,DA,CS1,102A 111A 131A 402A ,G,E,D,DO,F , , ,C,100,0,0,1,,,1767699,5905138
Auckland,1N/431/15.999,50,N, ,TE IRIRANGI OBR,201417102,11/11/2014,Tue,808,FD,CN14C,181A 358A 181B ,,R,D,B ,F , , ,C,100,0,0,1,,,1767697,5905104
Auckland,1N/431/15.999,50,N, ,TE IRIRANGI OBR,201411829,03/04/2014,Thu,700,FD,VN1CC,181A ,,R,D,BF,F , ,N,C,100,0,0,1,,,1767697,5905104
Auckland,1N/431/16.072,20,S, ,TE IRIRANGI OBR,201412987,30/05/2014,Fri,1828,FD,CS14,181A ,,R,D,DO,F , , ,C,100,0,0,2,,,1767735,5905044
Auckland,1N/431/16.175,500,S, ,TE IRIRANGI OFF SBD,201411147,18/03/2014,Tue,1548,FA,VS1C,181A ,,R,D,B ,F , , ,C,100,0,0,1,,,1767773,5904949
Auckland,1N/431/16.198,300,N, ,MANUKAU OFF SBD,201416126,03/09/2014,Wed,2,FA,TS1C,330A ,G,R,D,DO,F , , ,C,100,0,0,1,,,1767781,5904927
Auckland,1N/431/16.398,100,N, ,MANUKAU OFF SBD,201431889,21/02/2014,Fri,1557,FD,CS1C,181A ,,R,D,BF,F , ,N,C,100,0,0,0,,,1767855,5904741
Auckland,1N/431/16.521,300,N, ,REDOUBT OBR,201431595,28/01/2014,Tue,731,CA,CN1C,132A 181A 197A ,,R,D,B ,F , , ,C,100,0,0,0,,,1767886,5904617
Auckland,1N/431/16.525,100,N, ,MANUKAU ON NBD,201440470,27/07/2014,Sun,1723,AD,CN1C,112A 514A ,,R,D,TF,F , ,N,C,100,0,0,0,,,1767888,5904613
Auckland,1N/431/16.571,250,N, ,REDOUBT OBR,201431798,08/02/2014,Sat,1659,AA,CN1,130A 372A 671A ,G,R,D,B ,F , , ,N,100,0,0,0,,,1767903,5904570
Auckland,1N/431/16.675,, ,I,1 LINK 20 SBD,201435110,05/04/2014,Sat,1042,KA,CS1T,302A ,,R,D,B ,F ,T,G,C,100,0,0,0,,,1767952,5904482
Auckland,1N/431/16.727,100,N, ,REDOUBT OBR,201433899,17/04/2014,Thu,1747,FD,CS1CC,181A 181B ,,R,D,B ,F , , ,C,100,0,0,0,,,1767971,5904433
Auckland,1N/448/0.013,, ,A,REDOUBT OBR,201436591,21/05/2014,Wed,1523,AA,TS1C,362A 372A 386A 801 ,G,R,W,O ,L , , ,C,100,0,0,0,,,1768007,5904340
Auckland,1N/448/0.517,50,N, ,LINK 1N SBD OBR,201443128,29/08/2014,Fri,1912,FD,CS1V,181A ,,R,D,DO,F , , ,N,100,0,0,0,,,1768197,5903874
Auckland,1N/448/0.828,300,S, ,MANUKAU ON SBD,201442316,19/08/2014,Tue,1736,CA,TS1,110A 132A ,,R,W,DO,F , ,N,C,100,0,0,0,,,1768331,5903593
Auckland,1N/448/0.891,, ,I,20 LINK 1 SBD,201440279,10/07/2014,Thu,830,FA,TS1CC,132A 181A 184C ,,R,W,DO,F ,T,G,C,100,0,0,0,,,1768361,5903538
Auckland,1N/448/1.013,1000,S, ,REDOUBT OBR,201417269,17/10/2014,Fri,1744,AG,MS1C,177A 200A 330A 402A 372B ,,R,D,B ,F , , ,C,100,0,0,1,,,1768423,5903433
Auckland,1N/448/1.177,170,N, ,MANUKAU OFF NBD,201442404,13/06/2014,Fri,1020,AA,CN1C,372A ,,R,D,BF,F , ,N,R,100,0,0,0,,,1768486,5903289
Auckland,1N/448/1.347,, ,I,MANUKAU OFF NBD,201450220,19/12/2014,Fri,1245,AC,TN1C,372A 671A ,,R,D,BF,F ,T,N,R,100,0,0,0,,,1768573,5903143
Auckland,1N/448/1.362,500,N, ,ORAMS OBR,201411611,17/03/2014,Mon,520,AD,VN1,111A 131A ,G,E,W,DO,M , ,N,N,100,0,0,1,,,1768581,5903130
Auckland,1N/448/1.362,500,N, ,ORAMS OBR,201437263,09/06/2014,Mon,605,CC,CN1,501A ,G,R,W,DO,F , ,N,R,100,0,0,0,,,1768581,5903130
Auckland,1N/448/1.612,250,N, ,ORAMS OBR,201440230,12/06/2014,Thu,805,CA,CN1,103A 130A 330A ,E,R,D,O ,F , , ,C,100,0,0,0,,,1768709,5902915
Auckland,1N/448/1.647,300,S, ,MANUKAU OFF NBD,201439089,08/07/2014,Tue,555,AC,TN1C,372A 671A ,,R,D,DO,F , ,N,R,100,0,0,0,,,1768727,5902885
Auckland,1N/448/1.802,60,N, ,ORAMS OBR,201438621,10/06/2014,Tue,2132,DA,CN1,111A 131A 191A 402A 800 ,G,E,W,DO,F , , ,C,100,0,0,0,,,1768819,5902761
Auckland,1N/448/1.814,40,N, ,ORAMS OBR,201438957,27/06/2014,Fri,1807,AC,CS1T,372A ,,R,W,DO,L , ,N,R,100,0,0,0,,,1768848,5902755
Auckland,1N/448/1.854,, ,A,ORAMS OBR,201417950,18/10/2014,Sat,2231,CA,CS1,130A 402A ,G,R,W,DO,H , , ,N,100,0,0,1,,,1768875,5902726
Auckland,1N/448/1.862,, ,A,ORAMS OBR,201431670,03/02/2014,Mon,926,EC,CN1,827,X,E,D,B ,F , , ,C,100,0,0,0,,,1768859,5902716
Auckland,1N/448/1.904,50,S, ,ORAMS OBR,201414285,15/08/2014,Fri,1506,FD,4S1CCC,181A 350A 191B ,,R,D,B ,F , ,N,C,100,0,0,2,,,1768912,5902693
Auckland,1N/448/1.974,120,S, ,ORAMS OBR,201432978,21/03/2014,Fri,707,FD,CS1C,181A 331A 402A ,,R,D,TO,F , , ,C,100,0,0,0,,,1768966,5902648
Auckland,1N/448/2.244,800,N, ,HILL OBR,201441905,15/08/2014,Fri,1911,FD,4S1CC,110A 331A 110B 331B ,,R,D,DN,F , , ,C,100,0,0,0,,,1769175,5902477
Auckland,1N/448/2.302,3000,N, ,TAKANINI RAIL OBR,201441129,20/08/2014,Wed,1835,CB,MN1,135A 801 901 ,,R,W,DO,H , ,N,R,100,0,0,0,,,1769197,5902436
Auckland,1N/448/2.403,400,N, ,MANUREWA OFF SBD,201432857,18/02/2014,Tue,1628,FD,TS1C,181A 331A ,P,R,D,B ,F , , ,C,100,0,0,0,,,1769297,5902375
Auckland,1N/448/2.496,300,N, ,MANUREWA ON NBD,201431873,04/03/2014,Tue,1125,QG,VN1,682A ,,R,D,BF,F , ,N,R,100,0,0,0,,,1769340,5902304
Auckland,1N/448/2.596,200,N, ,MANUREWA ON NBD,201443255,23/08/2014,Sat,1343,FA,CN1C,101A 181A 331A ,,R,D,B ,F , , ,N,100,0,0,0,,,1769399,5902224
Auckland,1N/448/2.603,200,N, ,MANUREWA OFF SBD,201437262,09/06/2014,Mon,1754,AC,TN1C,372A 671A ,,R,W,DO,L , ,N,R,100,0,0,0,,,1769421,5902220
Auckland,1N/448/2.65,400,N, ,HILL OBR,201413489,11/06/2014,Wed,640,FD,CN1CCC,181A 181B 181C 181D ,,R,D,TN,F , , ,C,100,0,0,1,,,1769426,5902177
Auckland,1N/448/2.7,350,N, ,HILL OBR,201441076,28/07/2014,Mon,630,DB,CN1,131A 358A ,G,E,W,DO,F , ,N,R,100,0,0,0,,,1769448,5902132
Auckland,1N/448/2.803,, ,I,MANUREWA OFF SBD,201446857,01/11/2014,Sat,1019,FA,CS14,103A 132A ,,R,D,B ,F ,M,T,C,100,0,0,0,,,1769502,5902037
Auckland,1N/448/2.803,, ,I,MANUREWA OFF SBD,201444754,24/08/2014,Sun,1241,FD,CS1C,181A ,,E,D,BF,F ,Y,N,C,100,0,0,0,,,1769502,5902037
Auckland,1N/448/2.81,240,N, ,HILL OBR,201418850,20/12/2014,Sat,2159,DB,CN1,103A 111A 131A ,C,E,D,DO,F , ,N,C,100,0,0,1,,,1769488,5902029
Auckland,1N/448/2.844,200,N, ,HILL OBR,201440660,29/06/2014,Sun,250,CB,CS1,130A 517A ,G,R,D,DO,F , , ,C,100,0,0,0,,,1769517,5901998
Auckland,1N/448/2.85,200,N, ,HILL OBR,201431018,29/01/2014,Wed,1710,FD,CN1C,181A ,,R,D,B ,F , ,N,R,100,0,0,0,,,1769503,5901992
Auckland,1N/448/2.994,50,N, ,HILL OBR,201435976,16/05/2014,Fri,1435,FD,CS1O,181A ,,R,D,BF,F , ,N,R,100,0,0,0,,,1769573,5901859
Auckland,1N/448/2.994,50,N, ,HILL OBR,201431999,21/03/2014,Fri,1430,FD,CS1C,181A ,,R,D,BF,F , ,N,R,100,0,0,0,,,1769573,5901859
Auckland,1N/448/3.144,100,S, ,HILL OBR,201448068,30/09/2014,Tue,1426,AA,TS1C,372A 197B ,,R,D,B ,F , , ,N,100,0,0,0,,,1769633,5901722
Auckland,1N/448/3.144,100,S, ,HILL OBR,201438632,10/06/2014,Tue,1821,FD,CS1CC,181A 331A 181B ,,R,D,O ,F , , ,N,100,0,0,0,,,1769633,5901722
Auckland,1N/448/3.144,100,S, ,HILL OBR,201435006,24/04/2014,Thu,1356,FD,CS1C,132A 181A ,,R,D,B ,F , ,N,C,100,0,0,0,,,1769633,5901722
Auckland,1N/448/3.15,100,S, ,HILL OBR,201435977,16/05/2014,Fri,1426,FD,CN1C,181A ,,R,D,BF,F , ,N,R,100,0,0,0,,,1769616,5901715
Auckland,1N/448/3.244,200,S, ,HILL OBR,201439017,04/07/2014,Fri,1508,FD,CS1C,181A ,G,R,D,BF,F , ,N,R,100,0,0,0,,,1769677,5901632
Auckland,1N/448/3.712,20,S, ,ALFRISTON OBR,201447975,14/11/2014,Fri,612,FA,CN1C,181A 801 ,,R,W,O ,L , , ,C,100,0,0,0,,,1769861,5901209
Auckland,1N/448/3.736,50,E, ,ALFRISTON OBR,201433712,28/03/2014,Fri,230,CB,CS1,130A 410A ,PS,R,D,DO,F , , ,C,100,0,0,0,,,1769886,5901187
Auckland,1N/448/3.986,300,S, ,ALFRISTON OBR,201447542,06/11/2014,Thu,1500,FD,CS1CC,181A 331A 402A 191B 191C ,,R,D,B ,F , , ,C,100,0,0,0,,,1769910,5900940
Auckland,1N/448/4.286,600,S, ,ALFRISTON OBR,201449882,17/12/2014,Wed,1023,AA,TS1C,372A 671A ,,R,W,OF,L , ,N,C,100,0,0,0,,,1769907,5900640
Auckland,1N/448/4.429,1000,N, ,TAKANINI OFF SBD,201416984,30/10/2014,Thu,1500,FD,TS14B,181A ,,R,D,OF,F , ,N,C,100,0,0,1,,,1769905,5900497
Auckland,1N/448/4.679,750,N, ,TAKANINI OFF SBD,201411592,11/02/2014,Tue,1504,AA,CS14C,181A 197A ,,R,D,BF,F , ,N,C,100,0,0,1,,,1769902,5900247
Auckland,1N/448/4.686,1000,S, ,ALFRISTON OBR,201430021,01/01/2014,Wed,2105,QG,CS1,131A 687A ,G,E,D,DO,F , ,N,C,100,0,0,0,,,1769902,5900240
Auckland,1N/448/4.692,1000,S, ,ALFRISTON OBR,201430377,21/01/2014,Tue,1421,EO,TN1,666A 682A ,P,R,D,O ,F , ,N,C,100,0,0,0,,,1769886,5900233
Auckland,1N/448/4.751,790,N, ,GT SOUTH OBR,201449182,23/07/2014,Wed,606,CB,VS1,103A 410A ,S,R,D,DO,F , ,N,R,100,0,0,0,,,1769901,5900175
Auckland,1N/448/4.902,400,N, ,TAKANINI RAIL OBR,201447517,03/11/2014,Mon,1619,AA,TN1C,330A 372A 671A ,,R,D,B ,F , , ,C,100,0,0,0,,,1769885,5900023
Auckland,1N/448/5.129,300,N, ,TAKANINI OFF SBD,201440965,24/08/2014,Sun,1624,FD,CS1C,181A ,,R,D,BF,F , ,N,N,100,0,0,0,,,1769896,5899797
Auckland,1N/448/5.222,80,N, ,TAKANINI RAIL OBR,201448730,08/12/2014,Mon,539,AA,CN1C,184A ,,R,W,O ,L , , ,C,100,0,0,0,,,1769883,5899703
Auckland,1N/448/5.329,100,N, ,TAKANINI OFF SBD,201443905,30/09/2014,Tue,1328,FD,CS14,181A ,,R,D,BF,F , ,N,R,100,0,0,0,,,1769893,5899597
Auckland,1N/448/5.329,100,N, ,TAKANINI OFF SBD,201444033,29/08/2014,Fri,1912,FD,CS14CC,181A ,,R,D,DO,F , ,N,C,100,0,0,0,,,1769893,5899597
Auckland,1N/448/5.379,50,N, ,TAKANINI OFF SBD,201437135,31/05/2014,Sat,1043,FD,CS14C4,181A ,,R,D,BF,F , ,N,N,100,0,0,0,,,1769893,5899547
Auckland,1N/448/5.399,30,N, ,TAKANINI OFF SBD,201412352,14/04/2014,Mon,1750,FD,CS14,181A 331A 191B ,,R,D,DO,F , , ,C,100,0,0,2,,,1769892,5899527