TLANAME,CRASHROAD,CRASHDIST,CRASHDIRN,INTSN,SIDEROAD,CRASHID,CRASHDATE,CRASHDOW,CRASHTIME,MVMT,VEHICLES,CAUSES,OBJECTSSTRUCK,ROADCURVE,ROADWET,LIGHT,WTHRa,JUNCTYPE,TRAFCTRL,ROADMARK,SPDLIM,CRASHFATALCNT,CRASHSEVCNT,CRASHMINCNT,PERSAGE1,PERSAGE2,EASTING,NORTHING
Auckland,1N/448/5.409,20,N, ,TAKANINI OFF SBD,201412069,25/04/2014,Fri,1028,FD,CS1C,181A 191B ,,R,W,O ,F , ,N,N,100,0,0,1,,,1769892,5899517
Auckland,1N/448/5.411,130,N, ,GT SOUTH OBR,201437134,30/05/2014,Fri,1905,FD,CS1CV,181A ,,R,D,DO,F , ,N,R,100,0,0,0,,,1769892,5899515
Auckland,1N/448/5.429,, ,I,TAKANINI OFF SBD,201414596,26/07/2014,Sat,2215,CC,CS1C,501A ,G,R,D,DO,F ,T,N,C,100,0,1,0,,,1769892,5899497
Auckland,1N/448/5.429,, ,I,TAKANINI OFF SBD,201446599,25/10/2014,Sat,1252,FD,CS1C,181A 331A ,,R,D,B ,F ,T,N,C,100,0,0,0,,,1769892,5899497
Auckland,1N/448/5.469,40,S, ,TAKANINI OFF SBD,201433853,18/04/2014,Fri,1513,FD,CS14,181A 191B ,,R,D,B ,F , , ,C,100,0,0,0,,,1769891,5899457
Auckland,1N/448/5.478,50,N, ,GT SOUTH OBR,201431827,28/02/2014,Fri,1100,AC,TN1C,372A 671A ,,R,D,BF,F , ,N,C,100,0,0,0,,,1769880,5899447
Auckland,1N/448/5.478,50,N, ,GT SOUTH OBR,201450582,19/12/2014,Fri,1639,AC,TN1C,372A 671A ,,R,D,B ,F , , ,C,100,0,0,0,,,1769880,5899447
Auckland,1N/448/5.478,150,N, ,TAKANINI ON NBD,201449841,23/12/2014,Tue,2150,AA,CN1T,372A ,,R,D,DO,F , ,N,R,100,0,0,0,,,1769879,5899446
Auckland,1N/448/5.528,, ,A,GT SOUTH OBR,201415777,18/07/2014,Fri,1121,FD,CN1C,101A 351A ,,R,D,BF,F ,Y,N,C,100,0,0,1,,,1769879,5899397
Auckland,1N/448/5.541,, ,A,GT SOUTH OBR,201417987,27/12/2014,Sat,1423,FD,CS14,181A ,,R,D,B ,F , , ,C,100,0,0,1,,,1769891,5899385
Auckland,1N/448/5.541,, ,A,GT SOUTH OBR,201449456,27/12/2014,Sat,1327,FD,CS1CC,181A 181B ,,R,D,B ,F , , ,C,100,0,0,0,,,1769891,5899385
Auckland,1N/448/5.541,, ,A,GT SOUTH OBR,201441398,09/08/2014,Sat,1542,FD,CS1CC,181A 331A 181B 331B 191C 197C ,,R,D,B ,F , , ,C,100,0,0,0,,,1769891,5899385
Auckland,1N/448/5.573,300,N, ,TAKANINI ON SBD,201418817,25/12/2014,Thu,1043,FD,CS1CCC,181A ,,R,D,BF,F , ,N,C,100,0,0,1,,,1769890,5899353
Auckland,1N/448/5.628,, ,I,TAKANINI ON NBD,201442430,28/07/2014,Mon,715,AA,CN1C,372A ,,R, ,BF,  ,Y,N,R,100,0,0,0,,,1769879,5899296
Auckland,1N/448/5.628,, ,I,TAKANINI ON NBD,201433568,11/04/2014,Fri,542,FD,CN2C,181A ,,M,W,DO,F ,Y,T,N,100,0,0,0,,,1769879,5899296
Auckland,1N/448/5.628,, ,I,TAKANINI ON NBD,201430151,30/01/2014,Thu,1816,AA,TN1C,372A ,,R,D,OF,F ,T,N,C,100,0,0,0,,,1769879,5899296
Auckland,1N/448/5.629,200,S, ,TAKANINI OFF SBD,201445314,28/09/2014,Sun,2147,AC,CN1T,184A 339A 817 ,,R,D,DO,F , , ,N,100,0,0,0,,,1769890,5899297
Auckland,1N/448/5.64,100,S, ,GT SOUTH OBR,201447554,07/11/2014,Fri,1658,FD,TS14C,112A 181A 331A ,,R,D,B ,F , , ,C,100,0,0,0,,,1769890,5899286
Auckland,1N/448/5.683,800,N, ,WALTER STREVENS OBR,201432001,05/01/2014,Sun,1321,FD,CN1C,112A 331A 402A ,,R,W,OF,H , ,N,N,100,0,0,0,,,1769879,5899242
Auckland,1N/448/5.71,170,S, ,GT SOUTH OBR,201443658,05/09/2014,Fri,1826,FD,CS1C,181A ,,R,W,DO,F , , ,C,100,0,0,0,,,1769889,5899216
Auckland,1N/448/5.74,200,S, ,GT SOUTH OBR,201441042,23/07/2014,Wed,1822,EB,TS1T,378A 838 ,MP,E,D,DO,F , ,N,R,100,0,0,0,,,1769889,5899186
Auckland,1N/448/5.873,, ,I,TAKANINI ON SBD,201443124,29/08/2014,Fri,1617,AA,CS2T,372A ,,R,D,O ,F ,T,G,R,100,0,0,0,,,1769889,5899053
Auckland,1N/448/5.873,, ,I,TAKANINI ON SBD,201449102,05/12/2014,Fri,937,AA,CS1C,372A ,,E,D,BF,F ,T,N,R,100,0,0,0,,,1769889,5899053
Auckland,1N/448/5.893,20,S, ,TAKANINI ON SBD,201418552,24/12/2014,Wed,1442,FD,CS1C,181A ,,R,D,BF,F , ,N,C,100,0,0,1,,,1769890,5899033
Auckland,1N/448/5.973,100,S, ,TAKANINI ON SBD,201439431,24/06/2014,Tue,1750,FD,CS1C,181A ,,R,D,DO,F , ,N,R,100,0,0,0,,,1769902,5898954
Auckland,1N/448/6.278,200,N, ,WALTER STREVENS OBR,201449840,24/12/2014,Wed,1555,AA,CS1V,372A ,,R,D,BF,F , ,N,R,100,0,0,0,,,1770017,5898674
Auckland,1N/448/6.383,100,N, ,WALTER STREVENS OBR,201440248,10/07/2014,Thu,638,FD,CN1VC,181A 331A ,,R,W,DO,F , , ,C,100,0,0,0,,,1770051,5898579
Auckland,1N/448/6.406,500,S, ,TAKANINI OFF NBD,201442170,30/07/2014,Wed,618,FD,CN1CC,181A 181B ,,R,W,DO,F , , ,C,100,0,0,0,,,1770061,5898558
Auckland,1N/448/6.458,20,N, ,WALTER STREVENS OBR,201441906,31/05/2014,Sat,236,CB,CS1,101A 110A 130A ,G,R,D,DO,F , , ,C,100,0,0,0,,,1770100,5898514
Auckland,1N/448/6.463,20,N, ,WALTER STREVENS OBR,201430658,12/02/2014,Wed,852,FD,CN1C,181A ,,R,W,B ,F , ,N,C,100,0,0,0,,,1770088,5898508
Auckland,1N/448/6.463,20,N, ,WALTER STREVENS OBR,201414595,25/07/2014,Fri,731,FD,4N1CC,101A 110A 331A ,,R,W,O ,F , , ,C,100,0,1,2,,,1770088,5898508
Auckland,1N/448/6.478,, ,A,WALTER STREVENS OBR,201439160,21/05/2014,Wed,820,CB,CE1,363A ,G,R,D,B ,F , ,N,C,50,0,0,0,,,1770109,5898496
Auckland,1N/448/6.582,100,S, ,WALTER STREVENS OBR,201445622,09/10/2014,Thu,805,FD,CN1CC,181A 181B ,,R,D,B ,F , , ,C,100,0,0,0,,,1770142,5898401
Auckland,1N/448/6.582,100,S, ,WALTER STREVENS OBR,201411768,24/03/2014,Mon,839,FD,CN1CC,181A 181B ,,R,D,B ,F , , ,C,100,0,0,1,,,1770142,5898401
Auckland,1N/448/6.682,200,S, ,WALTER STREVENS OBR,201432988,17/03/2014,Mon,644,FD,CN1V4,331A ,,E,D,TO,F , , ,C,100,0,0,0,,,1770188,5898313
Auckland,1N/448/6.782,300,S, ,WALTER STREVENS OBR,201436225,14/05/2014,Wed,1617,CC,CN1,130A 801 806 ,G,R,W,TF,L , , ,C,100,0,0,0,,,1770234,5898224
Auckland,1N/448/6.877,400,S, ,WALTER STREVENS OBR,201438954,25/06/2014,Wed,809,FD,CS1CC,181A ,,R,W,BF,F , ,N,R,100,0,0,0,,,1770292,5898141
Auckland,1N/448/7.073,1200,S, ,TAKANINI ON SBD,201418432,22/12/2014,Mon,1714,AD,4S1C,132A ,P,R,D,B ,F , , ,C,100,0,0,2,,,1770381,5897967
Auckland,1N/448/7.506,1600,S, ,TAKANINI OFF NBD,201414655,23/07/2014,Wed,941,FD,TN1VC,112A 386A 412A ,G,R,D,B ,F , , ,C,100,0,0,1,,,1770566,5897581
Auckland,1N/448/7.527,2000,S, ,GT SOUTH OBR,201448452,11/10/2014,Sat,1930,AA,CN14,381A ,,R,D,DO,F , ,N,R,100,0,0,0,,,1770576,5897562
Auckland,1N/448/7.873,2000,S, ,TAKANINI ON SBD,201416343,19/08/2014,Tue,25,CC,4S1,129A 687A ,G,R,D,DO,F , ,N,C,100,0,0,1,,,1770749,5897256
Auckland,1N/448/8.031,2000,N, ,BEACH OBR,201447071,10/11/2014,Mon,729,FD,CN14,331A 358A ,,R,D,BF,F , ,N,R,100,0,0,0,,,1770807,5897114
Auckland,1N/448/8.077,2000,N, ,PAPAKURA ON NBD,201413687,19/06/2014,Thu,720,FD,VN1T,331A 500A 800 ,,R,W,O ,F , , ,C,100,0,0,1,,,1770828,5897073
Auckland,1N/448/8.192,200,N, ,PAHUREHURE NO 2 BR,201416849,12/11/2014,Wed,830,AC,TN1C,372A 671A ,,R,D,O ,FS, ,N,C,100,0,0,1,,,1770881,5896971
Auckland,1N/448/8.277,1800,N, ,BEACH ROAD,201436735,28/05/2014,Wed,856,FD,CN14,181A 331A ,,R,W,B ,F , ,N,C,100,0,0,0,,,1770920,5896895
Auckland,1N/448/8.281,1750,N, ,BEACH OBR,201417159,27/11/2014,Thu,910,FD,CN1C,181A ,,R,D,B ,F , , ,N,100,0,0,1,,,1770922,5896892
Auckland,1N/448/8.631,1400,N, ,BEACH OBR,201448055,23/11/2014,Sun,1807,FD,CN1C4,181A 331A 181B ,,R,D,B ,F , , ,C,100,0,0,0,,,1771069,5896575
Auckland,1N/448/9.031,1000,N, ,BEACH OBR,201437086,28/05/2014,Wed,1713,QG,4N1CC,682A ,,R,D,TO,F , , ,C,100,0,0,0,,,1771188,5896193
Auckland,1N/448/9.431,600,N, ,BEACH OBR,201411711,14/03/2014,Fri,613,FD,4N14CC,181A 181B 181C 181D ,,R,D,DO,F , , ,N,100,0,0,1,,,1771300,5895809
Auckland,1N/448/9.531,500,N, ,BEACH OBR,201432047,14/02/2014,Fri,639,FD,VN1CC,181A 331A ,,R,D,B ,F , , ,C,100,0,0,0,,,1771328,5895713
Auckland,1N/448/9.702,40,N, ,PAPAKURA OFF SBD,201441981,15/08/2014,Fri,1930,FA,CS1C,331A 359A ,,R,D,DO,F , , ,C,100,0,0,0,,,1771390,5895551
Auckland,1N/448/9.731,300,N, ,BEACH OBR,201430885,04/03/2014,Tue,1429,QG,TN1,137A 181A ,GV,R,D,BF,F , ,N,R,100,0,0,0,,,1771384,5895521
Auckland,1N/448/9.734,300,N, ,BEACH OBR,201442920,27/08/2014,Wed,2348,CB,CS1C,410A ,PD,R,D,DO,F , , ,C,100,0,0,0,,,1771399,5895520
Auckland,1N/448/9.742,, ,I,PAPAKURA OFF SBD,201435070,28/04/2014,Mon,1212,AA,TS1C,372A 381A ,,E,D,B ,F ,T,T,R,50,0,0,0,,,1771402,5895512
Auckland,1N/448/9.742,, ,I,PAPAKURA OFF SBD,201412233,01/04/2014,Tue,1755,BA,CS1C,130A 500A ,,R,D,B ,F ,T,N,C,50,0,0,1,,,1771402,5895512
Auckland,1N/448/9.834,200,N, ,BEACH OBR,201446598,25/10/2014,Sat,1254,FD,CS1V4,181A 331A ,,R,D,B ,F , , ,R,100,0,0,0,,,1771428,5895425
Auckland,1N/448/9.981,50,N, ,BEACH OBR,201450167,10/11/2014,Mon,1511,AA,TN1C,184A 330A ,,R,D,B ,F , , ,C,100,0,0,0,,,1771455,5895281
Auckland,1N/448/9.981,50,N, ,BEACH OBR,201411514,09/03/2014,Sun,1622,FD,CN1C,181A ,,R,D,BF,F , ,N,C,100,0,0,1,,,1771455,5895281
Auckland,1N/448/9.998,, ,I,PAPAKURA ON SBD,201442887,08/09/2014,Mon,1815,CB,CS1,103A 410A ,G,R,D,DO,F ,M,N,C,50,0,0,0,,,1771474,5895267
Auckland,1N/448/10.027,50,N, ,PAPAKURA ON NBD,201433173,07/03/2014,Fri,709,FD,CN1VV4,181A 181B 181C 181D ,,R,D,B ,F , , ,C,100,0,0,0,,,1771468,5895237
Auckland,1N/448/10.031,, ,I,BEACH OBR,201448367,31/12/2014,Wed,1401,DB,MW1,110A 330A 806 ,,E,D,B ,F ,T,N,R,80,0,0,0,,,1771468,5895233
Auckland,1N/448/10.051,20,S, ,BEACH OBR,201436382,11/05/2014,Sun,1706,FD,CN14,181A ,,R,D,BF,F , ,N,C,100,0,0,0,,,1771474,5895214
Auckland,1N/448/10.057,20,N, ,BEACH ROAD,201448475,24/11/2014,Mon,920,FD,CN1C,181A ,,R,D,BF,F , ,N,R,100,0,0,0,,,1771476,5895208
Auckland,1N/448/10.071,40,S, ,BEACH OBR,201431647,23/01/2014,Thu,821,FD,CN1C,181A ,,R,D,B ,F , , ,C,100,0,0,0,,,1771480,5895195
Auckland,1N/448/10.281,250,S, ,BEACH OBR,201417905,28/11/2014,Fri,835,FD,CN1C,181A ,,R,W,O ,L , , ,N,100,0,0,1,,,1771539,5894994
Auckland,1N/448/10.462,430,S, ,BEACH OBR,201447499,01/12/2014,Mon,1504,CC,CS1,130A 410A ,G,R,D,B ,F , ,N,C,100,0,0,0,,,1771606,5894822
Auckland,1N/448/10.531,500,S, ,BEACH OBR,201410641,25/02/2014,Tue,811,FD,CN1VC,181A 331A ,,R,D,B ,F , ,N,C,100,0,0,1,,,1771614,5894755
Auckland,1N/448/10.631,600,S, ,BEACH OBR,201436734,28/05/2014,Wed,759,FD,CN1VC,181A 353A ,,R,W,B ,F , ,N,C,100,0,0,0,,,1771652,5894663
Auckland,1N/448/11.287,130,N, ,PARK ESTATE OBR,201411127,28/01/2014,Tue,1635,CB,CS1,103A 410A ,T,R,D,B ,F , , ,C,100,0,0,1,,,1772001,5894100
Auckland,1N/448/11.347,70,N, ,PARK ESTATE OBR,201435980,28/03/2014,Fri,1308,CC,TS1,136A 631A ,G,R,D,BF,F , ,N,R,100,0,0,0,,,1772033,5894050
Auckland,1N/448/11.417,, ,A,PARK ESTATE OBR,201433989,02/04/2014,Wed,125,CC,CS1,112A 130A ,G,R,D,DO,F , ,N,C,100,0,0,0,,,1772071,5893991
Auckland,1N/448/11.433,15,S, ,PARK ESTATE OBR,201416325,28/07/2014,Mon,719,FD,CN1CC,112A 181A ,,R,D,B ,F , ,N,C,100,0,0,1,,,1772060,5893974
Auckland,1N/448/11.488,70,S, ,PARK ESTATE OBR,201449016,21/11/2014,Fri,1518,FD,CN1C,181A ,,R,D,BF,F , ,N,R,100,0,0,0,,,1772090,5893927
Auckland,1N/448/11.617,200,S, ,PARK ESTATE OBR,201448058,22/11/2014,Sat,1014,CA,TS1,631A ,CX,R,D,B ,F , , ,N,100,0,0,0,,,1772179,5893823
Auckland,1N/448/11.831,1500,S, ,PAPAKURA OFF NBD,201435982,05/05/2014,Mon,713,FD,VN1C,181A ,,R,D,BF,F , ,N,R,100,0,0,0,,,1772275,5893638
Auckland,1N/448/11.917,500,S, ,PARK ESTATE OBR,201434710,26/04/2014,Sat,1833,FD,CS1CC,331A 351A ,,R,D,DO,F , ,N,C,100,0,0,0,,,1772341,5893570
Auckland,1N/448/11.932,2000,N, ,DRURY ON NBD,201433892,21/04/2014,Mon,1354,FD,CN1C,181A 191B ,,R,D,B ,F , , ,C,100,0,0,0,,,1772330,5893553
Auckland,1N/448/13.201,1000,N, ,KARAKA OBR,201434291,06/03/2014,Thu,1841,FA,CN1CC,177A 181A 357A 512A 357B ,GP,R,D,O ,F , , ,C,100,0,0,0,,,1772818,5892404
Auckland,1N/448/13.596,600,N, ,KARAKA OBR,201446597,25/10/2014,Sat,1207,AA,CS144,197A 331A 372A 197B 191C 615C ,,R,D,B ,F , , ,R,100,0,0,0,,,1772864,5892012
Auckland,1N/448/13.597,150,N, ,BREMNER OBR,201430964,26/02/2014,Wed,1349,QG,VN1,130A ,G,E,D,BF,F , ,N,R,100,0,0,0,,,1772851,5892009
Auckland,1N/448/13.697,50,N, ,BREMNER OBR,201438616,12/06/2014,Thu,815,CA,TN1,410A ,G,R,D,O ,F , , ,C,100,0,0,0,,,1772862,5891910
Auckland,1N/448/13.732,200,N, ,DRURY ON NBD,201437520,31/05/2014,Sat,1250,CB,CN1,103A ,P,R,D,O ,F , , ,C,100,0,0,0,,,1772866,5891875
Auckland,1N/448/13.962,30,S, ,DRURY ON NBD,201446871,03/10/2014,Fri,947,CB,VN1,112A 132A ,,R,W,O ,L , ,N,C,100,0,0,0,,,1772900,5891647
Auckland,1N/461/0.191,, ,I,DRURY ON SBD,201413207,04/05/2014,Sun,300,CB,CS1,112A 514A ,G,R,D,DO,F ,T,N,C,100,0,0,4,,,1772960,5891261
Auckland,1N/461/1.452,150,S, ,QUARRY OBR,201415089,12/08/2014,Tue,1720,AC,TS1C,372A 671A ,,R,W,TO,L , , ,C,100,0,0,1,,,1773541,5890196
Auckland,1N/461/2.802,1500,S, ,QUARRY OBR,201438812,17/07/2014,Thu,1029,DA,CS1,131A 351A ,FG,E,D,BF,F , ,N,R,100,0,0,0,,,1774196,5889041
Auckland,1N/461/3.618,1000,N, ,ARARIMU OBR,201448622,05/11/2014,Wed,1848,CC,CN1,130A 503A ,G,R,D,B ,F , , ,C,100,0,0,0,,,1774512,5888292
Auckland,1N/461/4.113,500,N, ,ARARIMU OBR,201449809,27/12/2014,Sat,927,FD,CS1C,181A ,,R,D,BN,F , ,N,R,100,0,0,0,,,1774736,5887847
Auckland,1N/461/4.273,5,N, ,RAMARAMA ON NBD,201446038,20/10/2014,Mon,1136,CC,CN1,135A 806 ,G,R,D,B ,F ,T,N,N,100,0,0,0,,,1774788,5887698
Auckland,1N/461/4.413,200,N, ,ARARIMU OBR,201418549,05/10/2014,Sun,824,CB,CS1,136A 660A ,E,R,W,OF,F , ,N,R,100,0,0,1,,,1774863,5887575
Auckland,1N/461/4.418,200,N, ,ARARIMU OBR,201441136,16/08/2014,Sat,804,CC,CN1,130A 414A ,P,R,D,BN,F , ,N,N,100,0,0,0,,,1774849,5887567
Auckland,1N/461/4.418,200,N, ,ARARIMU OBR,201438646,18/06/2014,Wed,905,AA,TN1C,372A ,,R,W,O ,F , , ,C,100,0,0,0,,,1774849,5887567
Auckland,1N/461/4.76,150,N, ,RAMARAMA OFF NBD,201450591,11/12/2014,Thu,1027,CB,TN1,129A 386A ,P,R,D,B ,F , , ,N,100,0,0,0,,,1774993,5887256
Auckland,1N/461/6.618,2000,S, ,ARARIMU OBR,201447382,23/09/2014,Tue,1004,AD,CN1,112A 150A 404A ,G,R,D,B ,F , ,N,C,100,0,0,0,,,1775779,5885573
Auckland,1N/461/6.618,2000,S, ,ARARIMU OBR,201438864,08/07/2014,Tue,702,EC,CN1,820,DP,R,D,DO,F , ,N,R,100,0,0,0,,,1775779,5885573
Auckland,1N/461/6.627,3800,N, ,MILL OBR,201448346,24/09/2014,Wed,1650,CC,CN1,688A ,G,R,D,B ,F , ,N,C,100,0,0,0,,,1775784,5885565
Auckland,1N/461/6.918,2300,S, ,ARARIMU OBR,201448441,25/11/2014,Tue,729,CC,VN1,130A 359A ,G,R,W,OF,L , ,N,R,100,0,0,0,,,1775917,5885307
Auckland,1N/461/8.156,2000,N, ,MILL ON NBD,201435005,24/03/2014,Mon,900,FA,CN1C,129A 190A ,,R,D,B ,F , ,N,C,100,0,0,0,,,1776138,5884131
Auckland,1N/461/8.427,2000,N, ,MILL OBR,201431828,13/03/2014,Thu,1320,EC,TN1,827,D,R,D,BF,F , ,N,R,100,0,0,0,,,1776026,5883884
Auckland,1N/461/8.427,2000,N, ,MILL OBR,201438953,27/06/2014,Fri,740,CC,CN1,130A 350A 410A ,G,R,W,OF,F , ,N,N,100,0,0,0,,,1776026,5883884
Auckland,1N/461/8.927,1500,N, ,MILL OBR,201449754,24/11/2014,Mon,920,FD,VN1C,181A 330A ,,R,W,O ,L , ,N,C,100,0,0,0,,,1775840,5883424
Auckland,1N/461/9.438,1000,N, ,MILL OBR,201444231,28/08/2014,Thu,1145,AA,TS1C,372A 671A ,,R,D,B ,F , , ,C,100,0,0,0,,,1775805,5882932
Auckland,1N/461/10.056,100,N, ,MILL ON NBD,201435142,13/02/2014,Thu,2000,FD,CN1C,181A 191B ,,R,D,B ,F , ,N,C,100,0,0,0,,,1775878,5882307
Auckland,1N/461/10.067,100,N, ,MILL OFF SBD,201415676,23/09/2014,Tue,809,QG,VS1,402A 406A 665A ,,E,D,B ,F , ,N,N,100,0,0,1,,,1775891,5882310
Auckland,1N/461/10.117,50,N, ,MILL OFF SBD,201432808,17/03/2014,Mon,1015,FD,CN1C,181A 352A ,,R,D,O ,F , , ,C,100,0,0,0,,,1775901,5882261
Auckland,1N/461/10.256,100,S, ,MILL ON NBD,201435063,02/04/2014,Wed,841,FA,4N1C,110A 181A ,,R,D,B ,F , ,N,N,100,0,0,0,,,1775917,5882110
Auckland,1N/461/10.377,50,N, ,MILL OBR,201436314,17/03/2014,Mon,719,CC,4N1,136A 652A ,G,R,D,BN,F , ,N,N,100,0,0,0,,,1775946,5881993
Auckland,1N/461/10.388,50,N, ,MILL OBR,201447965,22/11/2014,Sat,19,CB,CS1,112A 130A ,P,R,D,DO,F , , ,C,100,0,0,0,,,1775958,5881996
Auckland,1N/461/10.401,500,N, ,MILL OFF NBD,201448171,23/11/2014,Sun,1639,FA,CN1C,112A 331A 434A 632A ,,R,D,B ,F , , ,N,100,0,0,0,,,1775953,5881970
Auckland,1N/461/10.833,200,N, ,GREAT SOUTH ROAD,201443126,29/08/2014,Fri,2003,FD,CS1CVC,181A 181B 181C ,,R,D,DO,F , , ,N,100,0,0,0,,,1776164,5881604
Auckland,1N/461/11.023,10,N, ,GREAT SOUTH ROAD,201412097,14/04/2014,Mon,1750,FD,VS14CC,112A 181A 191C ,,R,D,O ,F ,T,N,C,100,0,0,2,,,1776291,5881463
Auckland,1N/461/11.033,, ,I,GREAT SOUTH ROAD,201430498,25/01/2014,Sat,1720,FB,CW1C,181A ,,R,D,B ,F ,X,G,C,50,0,0,0,,,1776297,5881455
Auckland,1N/461/11.581,650,N, ,BEAVER ROAD,201447970,21/11/2014,Fri,2224,CB,CN1,130A 351A 402A 407A ,GJK,R,D,DO,F , , ,R,100,0,0,0,,,1776540,5880973
Auckland,1N/461/12.824,690,S, ,BEAVER ON NBD,201414003,30/06/2014,Mon,1300,KA,CN1C,308B 375B 927 ,,M,W,O ,F ,D,N,R,100,0,0,2,,,1777149,5879928
Auckland,20 LINK 1 NBD,, ,I,20/0/0,201440585,27/07/2014,Sun,456,DB,CN1,103A 111A 130A 801 ,G,M,W,DO,L ,T,N,N,100,0,0,0,,,1767888,5903934
Auckland,20/0/0.128,30,W, ,GREAT SOUTH OBR,201430748,13/02/2014,Thu,1830,EC,TW1,820,D,R,D,BF,F , ,N,R,80,0,0,0,,,1767757,5903919
Auckland,20/0/0.147,, ,I,1 LINK 20 SBD,201416130,11/09/2014,Thu,1658,AC,CW1TC,668A 330B 372B ,DG,E,D,BF,F ,Y,N,C,100,0,0,1,,,1767738,5903919
Auckland,20/0/0.198,100,W, ,GREAT SOUTH OBR,201434684,29/03/2014,Sat,1119,AC,TW1C,372A 671A ,,R,D,BF,F , ,N,R,100,0,0,0,,,1767687,5903918
Auckland,20/0/0.371,400,E, ,WIRI STATION OBR,201411839,10/03/2014,Mon,1700,FD,TE1C4C,331A 358A ,,R,D,OF,F , ,N,C,100,0,0,3,,,1767517,5903934
Auckland,20/0/0.471,300,E, ,WIRI STATION OBR,201412284,23/03/2014,Sun,238,DA,CE1,103A 111A ,G,M,D,DO,F , ,N,C,100,0,1,0,,,1767417,5903935
Auckland,20/0/0.583,20,E, ,LAMBIE OFF WBD,201416268,02/10/2014,Thu,2025,CA,CW1,130A 190A 338A ,S,R,D,DO,F , , ,C,100,0,0,1,,,1767302,5903920
Auckland,20/0/0.989,50,E, ,LAMBIE OBR,201411129,28/02/2014,Fri,1428,CB,CE1,410A ,CP,R,D,B ,F , , ,C,100,0,0,1,,,1766900,5903900
Auckland,20/0/0.992,20,E, ,LAMBIE ON EBD,201450630,28/11/2014,Fri,1640,FD,CE1CCC,112A 350A ,,R,D,B ,F ,T,N,C,100,0,0,0,,,1766897,5903900
Auckland,20/0/1.012,, ,I,LAMBIE DRIVE,201413911,29/03/2014,Sat,1819,FE,CE1C,103A 112A ,,R,D,TF,F ,X,T,R,60,0,0,1,,,1766877,5903897
Auckland,20/0/1.012,, ,I,LAMBIE ON EBD,201433259,25/03/2014,Tue,1755,AA,CE1T,372A ,,R,D,BF,F ,Y,N,R,100,0,0,0,,,1766877,5903897
Auckland,20/0/1.029,10,E, ,LAMBIE OBR,201436105,28/02/2014,Fri,1730,FD,CE1C,181A ,,R,D,B ,F , , ,R,100,0,0,0,,,1766861,5903895
Auckland,20/0/1.05,20,W, ,LAMBIE OBR,201416080,30/09/2014,Tue,1643,FD,CW1CC,181A 330A 191B ,,R,D,B ,F , ,N,N,100,0,0,2,,,1766837,5903877
Auckland,20/0/1.05,20,W, ,LAMBIE OBR,201446869,14/11/2014,Fri,1640,CC,CW1,137A 197A ,G,R,W,O ,F , ,N,N,60,0,0,0,,,1766837,5903877
Auckland,20/0/1.069,30,W, ,LAMBIE OBR,201413790,12/06/2014,Thu,1756,FD,CE1CCC,101A 181A ,,R,D,DO,L , ,N,N,100,0,0,1,,,1766821,5903889
Auckland,20/0/1.08,50,W, ,LAMBIE OBR,201436897,15/05/2014,Thu,1530,AA,CW1T,372A 501A ,,R,D,B ,F , , ,C,100,0,0,0,,,1766808,5903873
Auckland,20/0/1.13,100,W, ,LAMBIE OBR,201439002,01/07/2014,Tue,1555,CB,CW1,130A 501A ,P,R,D,OF,L , ,N,N,100,0,0,0,,,1766758,5903866
Auckland,20/0/1.23,200,W, ,LAMBIE OBR,201449955,11/12/2014,Thu,1436,CA,TW1C,130A 181A 191A 197B ,,R,W,O ,L , , ,N,100,0,0,0,,,1766659,5903851
Auckland,20/0/1.287,160,E, ,LAMBIE ON WBD,201447365,08/11/2014,Sat,1654,FA,CW1C,181A ,,R,D,B ,F , ,N,C,100,0,0,0,,,1766603,5903843
Auckland,20/0/1.43,400,W, ,LAMBIE OBR,201433898,17/04/2014,Thu,1815,QG,CW1,682A 683A ,,E,D,DN,F , , ,C,100,0,0,0,,,1766461,5903824
Auckland,20/0/1.447,, ,I,LAMBIE ON WBD,201437349,12/06/2014,Thu,1750,AC,CW1C,330A 350A ,,R,D,BF,F ,Y,N,R,100,0,0,0,,,1766444,5903822
Auckland,20/0/1.501,100,E, ,LAMBIE OFF EBD,201412749,04/04/2014,Fri,634,CB,CE1,137A ,G,R,D,ON,F , ,N,C,100,0,0,1,,,1766393,5903832
Auckland,20/0/1.597,150,W, ,LAMBIE ON WBD,201447366,08/11/2014,Sat,1603,CA,40,130A 198A ,G,R,D,B ,F , ,N,C,100,0,0,0,,,1766295,5903807
Auckland,LAMBIE OFF EBD,, ,I,20/0/1.601,201417969,03/12/2014,Wed,15,HA,CE1C,334A 334B ,,E,D,DO,F ,T,T,R,50,0,0,1,,,1766294,5903820
Auckland,20/0/1.651,50,W, ,LAMBIE OFF EBD,201437085,04/06/2014,Wed,530,AC,CE1T,372A ,G,R,D,DO,F , , ,C,100,0,0,0,,,1766244,5903814
Auckland,20/0/1.651,50,W, ,LAMBIE OFF EBD,201449115,28/11/2014,Fri,1535,FD,CE1CC,181A 181C ,,R,D,BF,F , ,N,R,100,0,0,0,,,1766244,5903814
Auckland,20/0/1.677,50,E, ,PLUNKET OBR,201433175,25/03/2014,Tue,930,AD,VW1CCC,112A 130A ,,R,D,B ,F , , ,C,100,0,0,0,,,1766216,5903797