TLANAME,CRASHROAD,CRASHDIST,CRASHDIRN,INTSN,SIDEROAD,CRASHID,CRASHDATE,CRASHDOW,CRASHTIME,MVMT,VEHICLES,CAUSES,OBJECTSSTRUCK,ROADCURVE,ROADWET,LIGHT,WTHRa,JUNCTYPE,TRAFCTRL,ROADMARK,SPDLIM,CRASHFATALCNT,CRASHSEVCNT,CRASHMINCNT,PERSAGE1,PERSAGE2,EASTING,NORTHING
Auckland,20/0/1.787,340,W, ,LAMBIE ON WBD,201416017,25/09/2014,Thu,839,FD,CW1C,181A 330A 191B ,,R,D,B ,F , ,N,C,100,0,0,1,,,1766107,5903783
Auckland,20/0/2.443,660,E, ,CAVENDISH UNDERPASS,201417734,12/12/2014,Fri,320,CB,VW1,103A 410A ,G,R,D,DO,F , ,N,C,100,0,0,1,,,1765454,5903716
Auckland,20/0/3.02,1000,S, ,PUHINUI OBR,201449314,10/10/2014,Fri,2356,CA,CS1C,103A 112A 130A 359A ,GG,R,D,DO,F , , ,C,100,0,0,0,,,1764884,5903754
Auckland,20/0/3.33,, ,I,PUHINUI ON SBD,201433891,25/02/2014,Tue,1142,KB,TS1V,303B ,,R,D,O ,F ,T,N,N,100,0,0,0,,,1764590,5903853
Auckland,20/0/3.33,, ,I,PUHINUI ON SBD,201444947,02/10/2014,Thu,1255,GE,CS1T,174B 330B ,,R,D,B ,F ,X,T,C,50,0,0,0,,,1764590,5903853
Auckland,20/0/3.517,50,E, ,ROSCOMMON ON NBD,201443133,29/08/2014,Fri,957,EB,TW1V,129A 352A ,Q,R,D,B ,F , , ,N,100,0,0,0,,,1764423,5903928
Auckland,20/0/3.567,, ,I,ROSCOMMON ON NBD,201437837,10/06/2014,Tue,821,AC,TN1C,372A ,,E,W,O ,H ,T,N,C,50,0,0,0,,,1764380,5903952
Auckland,20/0/3.763,270,S, ,PUHINUI OBR,201441900,14/08/2014,Thu,757,CA,CN1,110A 130A 191A 800 ,G,R,W,O ,F , , ,C,100,0,0,0,,,1764229,5904077
Auckland,20/0/3.903,800,W, ,CAVENDISH UNDERPASS,201416756,13/10/2014,Mon,1151,CA,CW1,101A 112A 130A 402A ,G,R,D,B ,F , , ,N,100,0,1,0,,,1764136,5904181
Auckland,20/0/4.26,240,N, ,PUHINUI OBR,201437133,31/05/2014,Sat,1513,CA,4S1CC,136A 668A ,DD,R,D,BF,F , ,N,R,100,0,0,0,,,1763895,5904455
Auckland,20/0/4.295,200,E, ,PUHINUI OFF SBD,201414617,16/07/2014,Wed,2025,AF,TE1V,129A 129B ,G,R,D,DO,F , , ,C,100,0,0,1,,,1763869,5904479
Auckland,20/0/4.389,120,E, ,PUHINUI ON NBD,201440964,06/08/2014,Wed,1906,FF,CN1C,181A 197B ,,R,D,DO,F , ,N,R,100,0,0,0,,,1763795,5904526
Auckland,20/0/4.495,, ,I,PUHINUI OFF SBD,201449431,24/12/2014,Wed,1000,FB,4S1C,181A ,,R,D,B ,F ,X,G,N,70,0,0,0,,,1763715,5904607
Auckland,20/0/4.609,100,N, ,PUHINUI ON NBD,201443493,17/09/2014,Wed,843,FD,CN14,132A 407A ,,R,D,O ,F , ,N,C,100,0,0,0,,,1763632,5904673
Auckland,20/0/4.998,2000,E, ,MASSEY OFF NBD,201413960,12/06/2014,Thu,1808,FD,CN1C,104A 110A 181A 191B ,,R,W,DO,F , ,N,N,100,0,0,1,,,1763364,5904956
Auckland,20/0/5.298,1700,S, ,MASSEY OFF NBD,201446014,16/10/2014,Thu,804,FA,CN1CC,331A 350A ,,E,D,O ,F , , ,C,100,0,0,0,,,1763161,5905176
Auckland,20/0/5.52,1500,N, ,PUHINUI OBR,201415841,17/09/2014,Wed,1728,FD,TS1CC,181A 191A 181B ,,R,D,O ,F , , ,R,100,0,0,2,,,1763020,5905359
Auckland,20/0/5.608,200,S, ,PORTAGE OBR,201415672,30/08/2014,Sat,950,CB,CN1,130A 402A 630A ,P,R,W,O ,F , ,N,N,100,0,0,1,,,1762956,5905408
Auckland,20/0/5.738,70,S, ,PORTAGE OBR,201438870,08/07/2014,Tue,718,FD,4N1CC,181A ,,R,D,OF,F , ,N,C,100,0,0,0,,,1762869,5905506
Auckland,20/0/5.755,40,S, ,PORTAGE OBR,201439323,16/06/2014,Mon,1730,FD,CS1CC,181A 330A ,,R,W,DO,F , ,N,N,100,0,0,0,,,1762863,5905535
Auckland,20/0/5.758,50,S, ,PORTAGE OBR,201416573,17/09/2014,Wed,1219,CC,CN1TC,198A ,GD,R,W,OF,F , ,N,N,100,0,0,2,,,1762856,5905521
Auckland,20/0/5.895,100,N, ,PORTAGE OBR,201437543,30/05/2014,Fri,638,FD,CS14C,181A ,,R,W,DO,F , , ,N,100,0,0,0,,,1762770,5905639
Auckland,20/0/5.908,100,N, ,PORTAGE OBR,201417991,23/10/2014,Thu,717,FD,CN1CC,181A 181B ,,R,D,O ,F , , ,N,100,0,0,1,,,1762756,5905632
Auckland,20/0/6.285,1000,S, ,MASSEY OBR,201442205,21/08/2014,Thu,1240,FD,VN1V,181A 331A 402A ,,R,D,B ,F , , ,R,100,0,0,0,,,1762491,5905899
Auckland,20/0/6.698,300,S, ,MASSEY OFF NBD,201439624,08/07/2014,Tue,1746,FD,CN1VC,181A 181B ,,R,W,DO,L , , ,N,100,0,0,0,,,1762174,5906166
Auckland,20/0/6.766,520,S, ,MASSEY OBR,201411089,08/02/2014,Sat,1928,MC,VN1C,197A 101B 372B 402B ,,R,D,B ,F , , ,C,100,0,0,1,,,1762121,5906208
Auckland,20/0/6.873,700,S, ,MASSEY OFF SBD,201440900,17/08/2014,Sun,2145,FA,CS1C,181A ,CT,R,D,DO,F , ,N,R,100,0,0,0,,,1762044,5906292
Auckland,20/0/6.998,, ,I,MASSEY OFF NBD,201444657,29/09/2014,Mon,750,FB,CN1V,181A ,,R,D,B ,F ,T,N,C,50,0,0,0,,,1761942,5906355
Auckland,20/0/7.035,30,S, ,MASSEY ON SBD,201431643,24/01/2014,Fri,2116,AC,CS1C,159A ,,R,D,DO,F , , ,N,100,0,0,0,,,1761919,5906395
Auckland,20/0/7.177,100,S, ,MASSEY OBR,201437265,24/05/2014,Sat,1145,AA,CS1C,372A ,,R,D,OF,F , ,N,R,100,0,0,0,,,1761809,5906486
Auckland,20/0/7.277,, ,A,MASSEY OBR,201412100,29/03/2014,Sat,400,DA,CS1,111A 131A ,,E,D,DO,F ,M,T,N,50,0,0,1,,,1761732,5906550
Auckland,20/0/7.277,, ,I,MASSEY OBR,201430491,06/02/2014,Thu,930,GE,CE1C,173B ,,R,D,O ,F ,M,T,R,50,0,0,0,,,1761732,5906550
Auckland,20/0/7.477,200,N, ,MASSEY OBR,201412803,01/05/2014,Thu,1619,FD,CS1C,110A 181A 191B ,,E,D,O ,F , , ,C,100,0,0,1,,,1761573,5906672
Auckland,20/0/7.477,200,N, ,MASSEY OBR,201416168,04/07/2014,Fri,2044,CB,CS1,103A 105A 130A 412A ,G,R,D,DO,F , , ,C,100,0,2,0,,,1761574,5906671
Auckland,20/0/7.573,, ,I,MASSEY OFF SBD,201446183,26/10/2014,Sun,2230,FA,CS1C,112A 331A 191B 195B ,,R,D,DO,F ,T,N,C,100,0,0,0,,,1761498,5906730
Auckland,20/0/7.677,100,N, ,MASSEY ON NBD,201441664,30/06/2014,Mon,1522,AO,CN1T,130A 631A 197B ,G,R,W,O ,L , , ,C,100,0,0,0,,,1761406,5906771
Auckland,20/0/7.686,400,N, ,MASSEY OBR,201435771,15/05/2014,Thu,1822,FA,CN1C,181A 331A ,,E,D,DO,F , , ,C,100,0,0,0,,,1761398,5906776
Auckland,20/0/7.877,300,N, ,MASSEY ON NBD,201436589,24/05/2014,Sat,1755,AA,CN1C,330B 372B ,,R,D,DO,F , , ,C,100,0,0,0,,,1761242,5906885
Auckland,20/0/7.884,600,N, ,MASSEY OBR,201445853,14/10/2014,Tue,1353,CB,CN1,130A 357A 410A ,P,R,D,B ,F , , ,N,100,0,0,0,,,1761236,5906890
Auckland,20/0/8.086,300,S, ,BADER OBR,201418433,23/10/2014,Thu,1234,CB,CN1,132A 191A ,X,R,D,B ,F , , ,C,100,0,0,1,,,1761070,5907006
Auckland,20/0/8.286,100,S, ,BADER OBR,201437261,09/06/2014,Mon,1707,FD,CN1C,181A ,,R,W,DO,L , ,N,R,100,0,0,0,,,1760907,5907121
Auckland,20/0/8.286,100,S, ,BADER OBR,201414874,20/06/2014,Fri,1743,CC,CN1VX,103A ,G,R,D,DO,F , ,N,C,100,0,1,1,,,1760907,5907121
Auckland,20/0/8.477,900,N, ,MASSEY ON NBD,201441001,11/07/2014,Fri,1453,AC,CN1T,159A 381A 671A ,,R,D,OF,F , ,N,C,100,0,0,0,,,1760751,5907231
Auckland,20/0/8.526,150,N, ,BADER OBR,201411605,19/02/2014,Wed,211,DB,VS1T,410A ,Q,M,D,DO,F , ,N,N,100,0,1,0,,,1760718,5907278
Auckland,20/0/8.586,200,N, ,BADER OBR,201413001,24/05/2014,Sat,1703,AG,VN1CC,103A 112A ,GP,R,D,BF,F , ,N,C,100,0,0,1,,,1760662,5907293
Auckland,20/0/8.784,1500,N, ,MASSEY OBR,201449805,24/12/2014,Wed,1545,AO,VN14,381A ,,R,D,BN,F , ,N,C,100,0,0,0,,,1760502,5907411
Auckland,20/0/9.446,100,S, ,WALMSLEY ON SBD,201432104,09/03/2014,Sun,2003,CB,CS1,103A 112A ,G,R,D,O ,F , ,N,C,100,0,0,0,,,1760176,5908013
Auckland,20/0/9.546,, ,I,WALMSLEY ON SBD,201444968,28/09/2014,Sun,727,DA,CS1,103A 111A ,IKP,E,W,TF,F ,X,T,R,100,0,0,0,,,1760126,5908099
Auckland,20/0/9.649,100,S, ,HALL FTBR,201413698,10/06/2014,Tue,1741,FA,CN1C,181A 191A 331A 801 ,,R,W,DO,L , , ,C,100,0,0,1,,,1760069,5908143
Auckland,20/0/9.673,580,S, ,WALMSLEY OBR,201417238,04/11/2014,Tue,1125,CA,CS1,130A 191A 330A 402A 632A ,GIX,R,D,O ,F , , ,R,100,0,0,1,,,1760069,5908214
Auckland,20/10/0.1,100,N, ,SH 20A,201446859,13/10/2014,Mon,1015,AC,TN1C,381A ,,M,W,O ,F , ,N,C,100,0,0,0,,,1760001,5908326
Auckland,20/10/0.392,20,S, ,CORONATION OFF NBD,201430981,07/02/2014,Fri,1530,EC,TN1,820,S,R,D,ON,F , ,N,R,100,0,0,0,,,1759896,5908599
Auckland,20/10/0.453,100,S, ,WALMSLEY OBR,201434718,05/05/2014,Mon,1810,FD,CN1CCC,181A ,,R,W,DO,L , ,N,R,100,0,0,0,,,1759876,5908656
Auckland,20/10/0.5,500,N, ,SH 20A,201443498,17/09/2014,Wed,1709,FD,CN1CC,331A 350A ,,E,D,O ,F , ,N,C,100,0,0,0,,,1759860,5908701
Auckland,20/10/0.562,150,N, ,CORONATION OFF NBD,201430929,28/02/2014,Fri,1741,FD,CN1CC,181A ,,R,D,BF,F , ,N,N,100,0,0,0,,,1759840,5908759
Auckland,20/10/0.653,100,N, ,WALMSLEY OBR,201440659,23/06/2014,Mon,813,QG,TN1,130A 682A ,,R,D,B ,F , , ,C,100,0,0,0,,,1759811,5908845
Auckland,20/10/0.81,, ,I,WALMSLEY OFF SBD,201448368,17/11/2014,Mon,1415,CA,CS1,198A 330A ,D,R,W,O ,F ,X,T,C,50,0,0,0,,,1759780,5908998
Auckland,20/10/0.853,300,N, ,WALMSLEY OBR,201440586,26/07/2014,Sat,43,CC,CN1,130A 631A 801 ,G,R,W,DO,L , , ,C,100,0,0,0,,,1759752,5909036
Auckland,20/10/1.053,500,N, ,WALMSLEY OBR,201446482,10/10/2014,Fri,2318,CB,CS1,136A 632A 661A ,G,R,D,DO,F , ,N,R,100,0,0,0,,,1759719,5909234
Auckland,20/10/1.101,100,N, ,CORONATION ON NBD,201416489,08/10/2014,Wed,721,AC,4N1C,112A 177A 330A ,,R,D,B ,F , , ,C,100,0,0,1,,,1759690,5909276
Auckland,20/10/1.403,850,N, ,WALMSLEY OBR,201413052,18/05/2014,Sun,1503,CC,CS1,129A 350A ,,R,D,OF,F , ,N,R,100,0,0,1,,,1759632,5909573
Auckland,20/10/1.505,, ,A,HASTIE FTBR,201416082,24/05/2014,Sat,50,FA,BS1T,130A 410A ,G,R,D,DO,F , ,N,R,100,0,1,1,,,1759606,5909672
Auckland,20/10/1.686,400,S, ,RIMU OBR,201414516,10/07/2014,Thu,1741,FD,CN1CCX,181A 331A ,,R,D,TN,F , , ,C,100,0,0,1,,,1759549,5909845
Auckland,20/10/1.986,100,S, ,RIMU OBR,201433997,10/03/2014,Mon,1620,AA,CN1C,372A ,,R,D,B ,F , ,N,C,80,0,0,0,,,1759476,5910136
Auckland,20/10/2.036,50,S, ,RIMU OBR,201435062,16/04/2014,Wed,1824,FD,CN1C,181A 330A ,,E,D,DO,F , ,N,C,100,0,0,0,,,1759464,5910184
Auckland,20/10/2.116,30,N, ,RIMU OBR,201410091,08/02/2014,Sat,2209,CB,CS1,103A 133A 431A ,GX,R,D,DO,F , , ,C,100,0,0,1,,,1759459,5910265
Auckland,20/10/2.186,100,N, ,RIMU OBR,201442190,15/08/2014,Fri,1626,FD,VN1C,112A 181A 331A ,,R,D,B ,F , , ,N,100,0,0,0,,,1759429,5910330
Auckland,20/10/2.286,200,N, ,RIMU OBR,201435635,21/04/2014,Mon,712,FA,CN1C,112A 181A 331A 402A 801 904 ,,R,W,O ,M , , ,C,100,0,0,0,,,1759404,5910427
Auckland,20/10/2.396,310,N, ,RIMU OBR,201412541,03/05/2014,Sat,1308,AA,CN1C,177A 372A 386A ,GT,R,D,B ,F , , ,C,100,0,0,1,,,1759378,5910534
Auckland,20/10/2.556,470,N, ,RIMU OBR,201441267,26/07/2014,Sat,1327,QG,4S1C,330A 682A 198B ,D,E,D,B ,F , , ,C,100,0,0,0,,,1759355,5910693
Auckland,20/10/2.614,150,N, ,RIMU OFF SBD,201411603,23/03/2014,Sun,750,FD,CS1C,181A ,,R,W,OF,L , ,N,C,100,0,0,1,,,1759341,5910749
Auckland,20/10/2.686,600,N, ,RIMU OBR,201439780,02/07/2014,Wed,820,FD,CS1CCC,112A 181A 331A 112C 181C 331C 903 ,,R,W,OF, S, , , ,100,0,0,0,,,1759324,5910819
Auckland,20/10/2.886,800,N, ,RIMU OBR,201412563,29/04/2014,Tue,1800,FD,CN1CC,181A 191B 191C ,,R,D,DO,F , , ,C,100,0,0,1,,,1759251,5911007
Auckland,20/10/2.906,, ,A,MANGERE BR,201441690,06/08/2014,Wed,834,QG,CS1CCC,181A 331A 181B 331B 181D 331D ,,R,W,O ,L , , ,N,100,0,0,0,,,1759259,5911028
Auckland,20/10/2.906,, ,A,MANGERE BR,201443554,14/08/2014,Thu,425,QG,TW1,682A ,,R,W,DO,FS, ,N,C,100,0,0,0,,,1759259,5911028
Auckland,20/10/2.967,200,S, ,ONEHUNGA HBR UNDERPASS,201446810,30/09/2014,Tue,2015,FA,CS1C,514A 517A ,,E,D,DO,F , ,N,C,100,0,0,0,,,1759234,5911085
Auckland,20/10/3.106,200,N, ,MANGERE BR,201416210,30/09/2014,Tue,207,FA,CN14,181A ,,R,W,DO,L , , ,N,100,0,0,1,,,1759161,5911201
Auckland,20/10/3.115,50,S, ,ONEHUNGA HBR UNDERPASS,201438533,24/06/2014,Tue,1013,QG,VN1C,631A 687A ,,R,D,B ,F , , ,R,100,0,0,0,,,1759139,5911206
Auckland,20/10/3.126,250,S, ,ONEHUNGA OFF NBD,201415685,13/09/2014,Sat,658,AC,BN1C,372A 386A ,G,E,W,O ,L , ,N,C,100,0,0,1,,,1759133,5911214
Auckland,20/10/3.248,300,S, ,ONEHUNGA ON SBD,201433955,16/01/2014,Thu,1555,FA,CS1T,110A 181A 330A ,,E,D,O ,F , ,N,C,100,0,0,0,,,1759074,5911313
Auckland,20/10/3.276,100,S, ,ONEHUNGA OFF NBD,201438440,18/06/2014,Wed,1825,FD,4N1C,112A 181A 331A ,,R,D,DO,F , , ,R,100,0,0,0,,,1759036,5911328
Auckland,20/10/3.326,50,S, ,ONEHUNGA OFF NBD,201441148,17/02/2014,Mon,810,FD,VN1CC,181A ,,R,D,BF,F , ,N,R,100,0,0,0,,,1759000,5911363
Auckland,20/10/3.348,200,S, ,ONEHUNGA ON SBD,201435429,08/04/2014,Tue,1058,QG,CS1,665A 688A ,G,R,D,BF,F , ,N,N,100,0,0,0,,,1759002,5911383
Auckland,20/10/3.348,200,S, ,ONEHUNGA ON SBD,201446894,14/10/2014,Tue,657,AO,CN1VC,132A 193A 357A ,,R,D,B ,F , ,N,C,100,0,0,0,,,1759002,5911383
Auckland,20/10/3.376,, ,I,ONEHUNGA OFF NBD,201417986,27/12/2014,Sat,952,CA,CN2,353A 407A ,G,R,D,B ,F ,T,T,N,50,0,0,1,,,1758962,5911395
Auckland,20/10/3.398,150,S, ,ONEHUNGA ON SBD,201410728,18/03/2014,Tue,831,FD,CN14,181A 191B ,,R,D,B ,F , ,N,N,100,0,0,2,,,1758964,5911415
Auckland,20/10/3.476,100,N, ,ONEHUNGA OFF NBD,201440305,16/07/2014,Wed,,EO,TN1C,682A ,X,R,D,O ,F , , ,L,100,0,0,0,,,1758879,5911451
Auckland,20/10/3.548,, ,I,ONEHUNGA ON SBD,201447271,12/11/2014,Wed,751,AC,TS1C,184A 330A ,,R,D,O ,F ,T,N,N,100,0,0,0,,,1758844,5911505
Auckland,20/10/3.548,, ,I,ONEHUNGA ON SBD,201413238,07/06/2014,Sat,450,AD,CS1CT,103A 151A 410A ,,R,D,DO,F ,T,N,N,100,0,0,1,,,1758844,5911505
Auckland,20/10/3.568,20,N, ,ONEHUNGA ON SBD,201450214,20/12/2014,Sat,2153,CC,CS1,103A 130A ,G,R,D,DO,F , ,N,R,100,0,0,0,,,1758828,5911516
Auckland,20/10/3.698,150,N, ,ONEHUNGA ON SBD,201442328,01/07/2014,Tue,1453,FD,CS1V,331A 361A ,,R,W,B ,L , ,N,C,100,0,0,0,,,1758718,5911586
Auckland,20/10/3.703,150,S, ,ONEHUNGA ON NBD,201442755,01/09/2014,Mon,545,EC,4N1,136A 402A 823 ,GL,R,W,DO,H , ,N,C,100,0,0,0,,,1758686,5911571
Auckland,20/10/3.753,100,S, ,ONEHUNGA ON NBD,201436746,27/05/2014,Tue,901,FD,CN1CV,181A 191B ,,R,D,B ,F , ,N,C,100,0,0,0,,,1758643,5911597
Auckland,20/10/3.803,50,S, ,ONEHUNGA ON NBD,201431869,24/02/2014,Mon,807,CB,TN1,137A 181A ,,R,D,BF,F , ,N,R,100,0,0,0,,,1758601,5911623
Auckland,20/10/3.955,200,S, ,ONEHUNGA OFF SBD,201438922,16/06/2014,Mon,1245,AC,TS1C,372A 671A ,,R,D,OF,F , ,N,R,100,0,0,0,,,1758493,5911710
Auckland,20/10/4.053,200,N, ,ONEHUNGA ON NBD,201449005,14/12/2014,Sun,456,AA,VN1B,372A ,,E,W,DO,H , ,N,C,100,0,0,0,,,1758388,5911754
Auckland,20/10/4.055,100,S, ,ONEHUNGA OFF SBD,201441897,11/06/2014,Wed,235,CB,CS1,410A 901 903 ,,R,W,DO,HS, , ,C,100,0,0,0,,,1758405,5911758
Auckland,20/10/4.205,50,N, ,ONEHUNGA OFF SBD,201430621,10/02/2014,Mon,820,FD,CN1C,181A 350A ,,R,D,B ,F , ,N,C,100,0,0,0,,,1758281,5911842
Auckland,20/10/4.252,750,E, ,QUEENSTOWN ON SBD,201410666,02/03/2014,Sun,953,CC,CS1,197A 407A ,,R,D,B ,F , ,N,C,100,0,0,1,,,1758241,5911869
Auckland,20/10/4.519,200,S, ,QUEENSTOWN OFF NBD,201410965,08/01/2014,Wed,1159,CC,TN1,136A 631A ,G,R,D,BF,F , ,N,N,100,0,0,1,,,1758003,5912016
Auckland,20/10/4.619,100,S, ,QUEENSTOWN OFF NBD,201432004,07/02/2014,Fri,2014,AC,CN1C,372A ,,R,D,DO,F , ,N,C,100,0,0,0,,,1757920,5912072
Auckland,20/10/4.702,300,S, ,QUEENSTOWN ON SBD,201445318,17/09/2014,Wed,1940,QG,TS1,130A 682A 688A ,G,R,D,DO,F , , ,N,100,0,0,0,,,1757870,5912124
Auckland,20/10/4.719,, ,I,QUEENSTOWN OFF NBD,201444359,27/09/2014,Sat,23,FA,CN1C,181A 331A 192B 403B 404B ,,R,D,DO,F ,T,N,C,100,0,0,0,,,1757837,5912127
Auckland,20/10/4.81,400,S, ,QUEENSTOWN OBR,201443904,19/09/2014,Fri,815,FD,4S1C,181A ,,R,W,OF,L , ,N,R,100,0,0,0,,,1757778,5912178
Auckland,20/10/4.844,350,E, ,QUEENSTOWN OBR,201442156,15/08/2014,Fri,1548,AC,4W1V,372A ,,R,D,B ,F , , ,C,100,0,0,0,,,1757728,5912190
Auckland,20/10/4.91,300,E, ,QUEENSTOWN OBR,201447211,03/11/2014,Mon,906,CA,CE1C,112A 130A 801 901 ,,R,W,O ,H , , ,N,100,0,0,0,,,1757691,5912227
Auckland,20/10/4.952,50,S, ,QUEENSTOWN ON SBD,201430935,28/02/2014,Fri,255,CB,CS1,103A ,S,R,D,DO,F , ,N,R,100,0,0,0,,,1757653,5912247
Auckland,20/10/4.992,10,E, ,QUEENSTOWN ON SBD,201430697,07/02/2014,Fri,1400,FD,TE1CC,181A ,,R,D,B ,F ,T,N,C,50,0,0,0,,,1757618,5912266
Auckland,20/10/5.13,80,E, ,QUEENSTOWN OBR,201449183,28/11/2014,Fri,735,FD,CE1C,181A ,,R,W,OF,H , ,N,R,100,0,0,0,,,1757496,5912329
Auckland,20/10/5.16,50,S, ,QUEENSTOWN OBR,201417906,28/11/2014,Fri,735,AA,CS1CC,159A ,,R,D,B ,F , , ,C,100,0,0,1,,,1757469,5912343
Auckland,20/10/5.229,20,N, ,QUEENSTOWN OBR,201441262,25/07/2014,Fri,1500,AC,CS1C,330A 372A ,,R,D,O ,F , , ,C,100,0,0,0,,,1757408,5912375
Auckland,20/10/5.294,100,N, ,QUEENSTOWN OBR,201437770,10/06/2014,Tue,1636,EC,CN1,801,D,R,W, O,L , , , ,100,0,0,0,,,1757328,5912395
Auckland,20/10/5.394,200,W, ,QUEENSTOWN OBR,201431830,03/02/2014,Mon,1735,FF,CW1V,181A ,,R,D,BF,F , ,N,R,100,0,0,0,,,1757243,5912447
Auckland,20/10/5.429,220,W, ,QUEENSTOWN OBR,201449550,24/10/2014,Fri,1516,CB,CE1,137A 191A ,G,R,D,B ,F , , ,C,100,0,0,0,,,1757236,5912476
Auckland,20/10/5.483,660,E, ,HILLSBOROUGH OBR,201416423,26/09/2014,Fri,1248,QG,VS1T,130A 682A ,,R,D,B ,F , , ,P,100,0,0,2,,,1757192,5912508
Auckland,20/10/5.763,380,E, ,HILLSBOROUGH OBR,201430569,01/02/2014,Sat,1458,QF,4S1,668A 669A ,,R,D,B ,F , , ,C,100,0,0,0,,,1756975,5912684
Auckland,20/10/5.802,, ,I,HILLSBOROUGH OFF WBD,201416329,15/10/2014,Wed,1024,CC,CN1,501A 503A ,P,R,D,B ,F ,X,T,R,50,0,0,1,,,1756922,5912696
Auckland,20/10/5.902,100,N, ,HILLSBOROUGH OFF WBD,201448409,24/11/2014,Mon,740,AC,CW1C,372A ,,R,D,OF,L , ,N,R,100,0,0,0,,,1756828,5912730
Auckland,20/10/5.982,2000,E, ,DOMINION OBR,201438833,07/07/2014,Mon,1745,AA,CE1C,410A ,,R,D,BF,F , ,N,R,100,0,0,0,,,1756773,5912765
Auckland,20/10/6.343,200,N, ,HILLSBOROUGH OBR,201439622,07/07/2014,Mon,1637,CA,CS1,130A 404A ,G,R,W,O ,L , , ,N,100,0,0,0,,,1756443,5912907
Auckland,20/10/6.43,, ,I,HILLSBOROUGH ON WBD,201447352,03/11/2014,Mon,728,LB,CW1C,322A 334A ,,R,W,O ,H ,X,T,R,50,0,0,0,,,1756350,5912952
Auckland,20/10/6.43,, ,I,HILLSBOROUGH ON WBD,201417949,07/12/2014,Sun,1830,CB,CE1,506A 512A ,G,R,D,B ,F ,T,N,N,100,0,0,1,,,1756350,5912952
Auckland,20/10/6.43,, ,I,HILLSBOROUGH ON WBD,201437330,12/06/2014,Thu,1729,AA,CW1C,372A ,,E,W,DO,L ,Y,N,N,100,0,0,0,,,1756350,5912952
Auckland,20/17/0.354,400,W, ,HAYR OBR,201445065,16/10/2014,Thu,2102,CB,CW1,112A 353A ,,R,D,DO,F , ,N,R,100,0,0,0,,,1755818,5913195
Auckland,20/17/0.659,900,N, ,HILLSBOROUGH ON WBD,201400236,10/11/2014,Mon,1625,DB,TW1,134A 532A ,GS,E,D,B ,F , ,N,C,100,1,0,0,,,1755518,5913246
Auckland,20/17/1.193,100,S, ,DOMINION OBR,201418532,11/11/2014,Tue,1727,FD,CW1CCC,181A ,,R,W,OF,L , ,N,N,100,0,1,0,,,1755045,5913489
Auckland,20/17/1.297,300,S, ,DOMINION OBR,201430620,10/02/2014,Mon,800,FD,CE1C,181A ,,E,D,B ,F , ,N,C,100,0,0,0,,,1754968,5913559
Auckland,20/17/1.365,100,N, ,LAMBIE ON WBD,201430896,23/02/2014,Sun,441,CA,TW1,136A 631A ,G,R,D,DO,F , ,N,R,100,0,0,0,,,1754905,5913589
Auckland,20/17/1.445,20,S, ,DOMINION ON WBD,201430678,01/02/2014,Sat,1515,CB,CW1,129A 350A ,PS,R,D,B ,F ,T,T,R,100,0,0,0,,,1754832,5913620
Auckland,20/17/1.447,150,N, ,DOMINION OBR,201431870,24/02/2014,Mon,725,FD,CS14V,331A 363A 902 ,,R,D,BF,F , ,N,R,100,0,0,0,,,1754837,5913631
Auckland,20/17/1.565,100,W, ,DOMINION ON WBD,201439026,26/06/2014,Thu,1614,AA,CW14,372A ,,R,D,BF,F , ,N,R,100,0,0,0,,,1754717,5913653
Auckland,20/17/1.665,200,W, ,DOMINION ON WBD,201439322,19/06/2014,Thu,1740,FD,CW1CC,112A 386A 692A ,,R,W,DO,F , ,N,N,100,0,0,0,,,1754624,5913690
Auckland,20/17/1.775,800,S, ,ERNIE PINCHES ST,201445591,10/10/2014,Fri,855,CB,VN1,130A 412A ,,R,D,B ,F , , ,C,80,0,0,0,,,1754525,5913737
Auckland,20/17/2.075,500,S, ,MAIORO OFF WBD,201443022,06/09/2014,Sat,2130,FA,CW1C,181A ,,R,D,DO,F , , ,C,50,0,0,0,,,1754269,5913893
Auckland,20/17/2.115,460,S, ,MAIORO OFF WBD,201445095,12/10/2014,Sun,850,AC,CS1C,372A 381A ,,R,D,B ,F , ,N,C,100,0,0,0,,,1754235,5913915
Auckland,20/17/2.375,200,S, ,MAIORO OFF WBD,201430312,13/01/2014,Mon,1814,AA,CW1C,372A 386A ,G,R,D,O ,F , ,N,C,80,0,0,0,,,1754022,5914064
Auckland,20/17/2.455,120,S, ,MAIORO OFF WBD,201440247,11/07/2014,Fri,652,AA,CN1C,129A 330A 903 ,,R,W,TO,FS, , ,C,100,0,0,0,,,1753957,5914110
Auckland,20/17/2.524,50,S, ,MAIORO ON EBD,201446896,04/08/2014,Mon,450,CC,CS1,112A 402A ,,R,W,DO,F , ,N,C,100,0,0,0,,,1753908,5914161
Auckland,MAIORO OFF WBD,, ,I,20/17/2.575,201442132,08/07/2014,Tue,1048,GE,CE14,173A ,,R,D,O ,F ,M,T,C,50,0,0,0,,,1753859,5914180
Auckland,20/17/2.575,, ,I,MAIORO OFF WBD,201447378,08/11/2014,Sat,550,DB,CN1,101A 112A ,T,R,D,O ,F ,T,T,C,50,0,0,0,,,1753859,5914180
Auckland,20/17/2.575,, ,I,MAIORO OFF WBD,201437907,15/06/2014,Sun,148,DA,CW1,131A 514A 517A ,B,S,D,DO,F ,T,T,C,50,0,0,0,,,1753859,5914180
Auckland,20A/0/0.752,300,N, ,BADER OBR,201416600,20/10/2014,Mon,1730,DB,CN1,131A 353A 407A ,G,E,D,O ,F , , ,C,100,0,0,1,,,1760141,5907540