TLANAME,CRASHROAD,CRASHDIST,CRASHDIRN,INTSN,SIDEROAD,CRASHID,CRASHDATE,CRASHDOW,CRASHTIME,MVMT,VEHICLES,CAUSES,OBJECTSSTRUCK,ROADCURVE,ROADWET,LIGHT,WTHRa,JUNCTYPE,TRAFCTRL,ROADMARK,SPDLIM,CRASHFATALCNT,CRASHSEVCNT,CRASHMINCNT,PERSAGE1,PERSAGE2,EASTING,NORTHING
Auckland,20A/0/1.152,100,S, ,BADER OBR,201437332,12/06/2014,Thu,1745,FD,CN1X,102A 181A ,,R,D,DO,F , ,N,R,100,0,0,0,,,1759837,5907280
Auckland,KIRKBRIDE ROAD,, ,I,GEORGE BOLT MEMORIAL DRIV,201443738,02/09/2014,Tue,730,FE,CE14,181A ,,R,D,O ,F ,X,T,C,50,0,0,0,,,1759265,5906547
Auckland,20A/0/2.095,, ,I,KIRKBRIDE ROAD,201441741,01/08/2014,Fri,15,FE,CN1CC,181A 181B ,,R,D,DO,F ,X,T,R,100,0,0,0,,,1759265,5906547
Auckland,20A/0/2.095,, ,I,KIRKBRIDE ROAD,201410947,23/02/2014,Sun,559,LB,CN1C,323B ,,R,W,DO,L ,X,T,R,50,0,0,2,,,1759265,5906547
Auckland,20A/0/2.095,, ,I,KIRKBRIDE ROAD,201436172,09/05/2014,Fri,1200,FA,CE1C,181A 191B ,,R,D,O ,F ,X,T,C,50,0,0,0,,,1759265,5906547
Auckland,20A/0/2.1,5,S, ,KIRKBRIDE ROAD,201448632,28/11/2014,Fri,1725,AC,VN1C,372A ,,R,D,O ,F ,T,T,C,50,0,0,0,,,1759263,5906543
Auckland,20A/0/2.102,5,N, ,KIRKBRIDE ROAD,201444605,15/09/2014,Mon,800,AC,CS1C,386A ,,R,D,B ,F ,X,G,C,50,0,0,0,,,1759283,5906542
Auckland,KIRKBRIDE ROAD,, ,I,20A/0/2.107,201447214,17/11/2014,Mon,650,FE,CS2C,181A ,,R,D,O ,F ,X,T,C,60,0,0,0,,,1759281,5906538
Auckland,20A/0/2.107,, ,I,KIRKBRIDE ROAD,201449101,25/11/2014,Tue,620,FE,TS1C,331A 350A ,,R,D,OF,F ,X,T,R,100,0,0,0,,,1759281,5906538
Auckland,MONTGOMERIE ROAD,, ,I,20A/0/3.18,201442730,11/09/2014,Thu,825,MG,CE1T,371B ,,R,D,OF,F ,T,T,C,50,0,0,0,,,1758803,5905575
Auckland,20A/0/3.336,150,S, ,MONTGOMERIE ROAD,201435790,11/04/2014,Fri,728,CC,CS1,130A ,FG,R,W,B ,F , , ,C,100,0,0,0,,,1758848,5905425
Auckland,20A/0/3.907,200,N, ,LANDING DRIVE,201443386,20/07/2014,Sun,415,CB,CN1,101A 351A 402A ,P,R,W,TO,F , ,N,C,100,0,0,0,,,1758923,5904860
Auckland,20A/0/4.108,, ,I,VERISSIMO DRIVE,201445354,23/09/2014,Tue,1250,FB,CS1C,181A ,,R,D,O ,F ,R,G,C,60,0,0,0,,,1758958,5904668
Auckland,VERISSIMO DRIVE,, ,I,20A/0/4.143,201444644,23/09/2014,Tue,1420,GB,CW1T,142B 172B ,,E,D,O ,F ,R,G,C,60,0,0,0,,,1758979,5904638
Auckland,20A/0/4.487,, ,I,IHUMATAO ROAD,201411819,22/03/2014,Sat,1416,LB,CN1C,303B 361B 375B ,,R,D,BF,F ,T,S,R,50,0,0,3,,,1758935,5904301
Auckland,20A/0/4.497,10,S, ,IHUMATAO ROAD,201444659,01/10/2014,Wed,937,FD,CN1V,181A 331A ,,R,D,B ,F ,T,N,R,60,0,0,0,,,1758933,5904291
Auckland,20A/0/4.968,20,N, ,MANU TAPU DRIVE,201446594,21/09/2014,Sun,1235,DA,CS1,111A 131A ,,M,W,O ,L ,R,G,R,50,0,0,0,,,1759050,5903847
Auckland,20A/0/4.988,, ,I,JOHN GOULTER DRIVE,201448027,15/11/2014,Sat,800,GB,XS1C,330B 404B ,,M,D,O ,L ,R,G,C,50,0,0,0,,,1759057,5903829
Auckland,20A/0/4.988,, ,I,JOHN GOULTER DRIVE,201448061,13/11/2014,Thu,745,GE,4S1C,171B ,,E,W,O ,L ,R,G,R,50,0,0,0,,,1759057,5903829
Auckland,20A/0/4.988,, ,I,JOHN GOULTER DRIVE,201436353,28/03/2014,Fri,740,GF,CS1V,171B ,,E,D,OF,F ,R,G,R,50,0,0,0,,,1759057,5903829
Auckland,20A/0/4.988,, ,I,JOHN GOULTER DRIVE,201437127,16/05/2014,Fri,1845,GC,CS1T,171B ,,R,D,DO,F ,R,G,R,50,0,0,0,,,1759057,5903829
Auckland,20A/0/4.996,, ,I,MANU TAPU DRIVE,201443115,15/08/2014,Fri,2140,HA,CN1CC,302B 181C ,,R,D,DO,F ,R,G,C,50,0,0,0,,,1759036,5903816
Auckland,20A/0/4.996,, ,I,MANU TAPU DRIVE,201445584,08/10/2014,Wed,620,FB,CN1C,181A 331A ,,R,D,OO,F ,R,G,C,50,0,0,0,,,1759034,5903821
Auckland,20B/0/0.1,, ,I,PUHINUI ON NBD,201444760,22/08/2014,Fri,615,LB,CE1C,322A ,,R,D,BF,F ,X,T,C,50,0,0,0,,,1763993,5904256
Auckland,20B/0/0.1,, ,I,PUHINUI ON NBD,201432093,31/01/2014,Fri,2233,GF,CW1C,124A 159A 184A 170B 184B ,,E,D,DO,F ,T,T, ,60,0,0,0,,,1763993,5904256
Auckland,20B/0/0.1,, ,I,PUHINUI ON NBD,201446175,22/10/2014,Wed,1856,AA,TE14,176A 357A 512A ,,R,D,B ,F ,X,T,L,50,0,0,0,,,1763993,5904256
Auckland,20B/0/0.406,180,W, ,SELFS ROAD,201430791,29/01/2014,Wed,1052,AC,TW1V,372A 671A ,,R,D,BF,F , ,N,C,100,0,0,0,,,1763709,5904141
Auckland,20B/0/0.998,200,E, ,PRICES ROAD,201432883,12/03/2014,Wed,820,FD,CW1CC,181A 181B ,,R,D,B ,F , , ,C,80,0,0,0,,,1763160,5903920
Auckland,20B/0/1.198,, ,I,PRICES ROAD,201411520,31/01/2014,Fri,1630,FD,4E1CV,331A 352A ,,E,D,BF,F ,T,S,P,80,0,0,2,,,1762976,5903844
Auckland,20B/0/1.248,50,W, ,PRICES ROAD,201445358,13/09/2014,Sat,342,CB,CW1,130A 410A ,FP,R,W,DO,L , , ,C,100,0,0,0,,,1762933,5903818
Auckland,20B/0/1.248,50,W, ,PRICES ROAD,201444457,21/07/2014,Mon,1900,MC,CE1C,102B 370B 372B ,,R,D,DO,FS, , ,C,60,0,0,0,,,1762933,5903818
Auckland,20B/0/1.738,, ,I,CAMPANA ROAD,201431034,08/01/2014,Wed,1410,GD,CW1C,137A 181A 333A ,P,R,D,B ,F ,T,N,L,100,0,0,0,,,1762480,5903638
Auckland,20B/0/1.938,200,W, ,CAMPANA ROAD,201432454,03/02/2014,Mon,555,AC,CW1C,153A 155A 159A ,V,R,D,DO,F , , ,L,100,0,0,0,,,1762294,5903563
Auckland,20B/0/2.038,300,W, ,CAMPANA ROAD,201447268,11/10/2014,Sat,915,FD,CW1C,181A 331A 352A ,,R,D,B ,F , , ,C,100,0,0,0,,,1762202,5903525
Auckland,20B/0/2.067,200,E, ,ORRS ROAD,201434111,15/04/2014,Tue,845,FD,CW1CC,181A 331A 350A ,,R,D,OF,F , ,N,C,100,0,0,0,,,1762175,5903514
Auckland,22/0/0.081,, ,I,FIRTH ST,201438817,25/06/2014,Wed,1410,JA,TE1T,301B 353B 377B ,,R,W,OF,L ,T,S,C,70,0,0,0,,,1773133,5891535
Auckland,22/0/0.201,, ,I,DRURY OFF SBD,201431803,16/03/2014,Sun,305,FE,CS2C,112A 181A ,,R,W,DO,LS,T,T,C,70,0,0,0,,,1773031,5891470
Auckland,22/0/0.281,200,W, ,FIRTH ST,201443345,12/07/2014,Sat,208,CA,CW1,112A 130A ,G,R,W,DO,F , ,N,C,50,0,0,0,,,1772962,5891431
Auckland,DRURY OFF NBD,, ,I,22/0/0.373,201449630,29/12/2014,Mon,1420,FE,CN14,181A 331A ,,R,D,B ,F ,X,T,N,50,0,0,0,,,1772881,5891388
Auckland,22/0/1.634,330,N, ,JESMOND ROAD,201448899,08/12/2014,Mon,1945,DA,CE1,111A 131A 410A ,T,E,D,TF,F , , ,C,100,0,0,0,,,1772257,5890360
Auckland,22/0/2.064,100,W, ,JESMOND ROAD,201437220,16/03/2014,Sun,809,DA,CE1,131A 402A ,F,E,W,OF,L , ,N,L,100,0,0,0,,,1771892,5890140
Auckland,22/0/2.064,100,W, ,JESMOND ROAD,201434553,26/04/2014,Sat,130,DA,CW1,111A 131A ,FP,E,W,DO,L , ,N,C,100,0,0,0,,,1771892,5890140
Auckland,22/0/2.873,, ,I,OIRA ROAD,201414331,25/06/2014,Wed,1640,GD,CW1C,333A 901 ,,R,W,TO,H ,T,S,C,100,0,0,1,,,1771113,5889962
Auckland,22/0/2.993,120,W, ,OIRA ROAD,201412038,12/04/2014,Sat,45,DB,CW1,103A 111A ,FT,E,D,DO,F , ,N,C,100,0,0,1,,,1770994,5889943
Auckland,22/0/3.593,100,E, ,WOODLYN DRIVE,201436411,22/04/2014,Tue,825,FD,CW1T,181A ,,E,W,BF,F , ,N,L,100,0,0,0,,,1770459,5889678
Auckland,22/0/4.026,220,E, ,BYCROFT ROAD,201432709,07/02/2014,Fri,2003,BF,CW1T,110A 131A 800 801 ,,M,W,O ,L , , ,L,100,0,0,0,,,1770034,5889688
Auckland,22/0/4.246,, ,I,BYCROFT ROAD,201450230,27/11/2014,Thu,1640,JA,4W1C,301B 375B ,,R,D,BF,F ,X,S,C,100,0,0,0,,,1769823,5889637
Auckland,22/0/4.346,100,W, ,BYCROFT ROAD,201434631,20/04/2014,Sun,1920,DA,CE1,111A 131A ,G,M,W,DO,L , ,N,L,100,0,0,0,,,1769723,5889640
Auckland,22/0/4.466,220,W, ,BYCROFT ROAD,201418559,29/10/2014,Wed,1222,BF,CE1V,131A ,F,E,W,OF,L , ,N,C,100,0,0,1,,,1769603,5889643
Auckland,22/0/4.476,230,W, ,WHANGAPOURI ROAD,201443480,12/09/2014,Fri,2018,BF,VE14,110A 135A 801 901 ,,M,W,DO,H , ,N,C,100,0,0,0,,,1769593,5889643
Auckland,22/0/4.486,240,W, ,BYCROFT ROAD,201400010,13/01/2014,Mon,1525,BF,CE1C4,410A ,GCG,E,W,OF,L , ,N,L,100,1,1,0,,,1769583,5889642
Auckland,22/0/4.546,300,W, ,BYCROFT ROAD,201417535,25/11/2014,Tue,440,DA,CE1,111A 131A ,FP,M,W,DO,L , ,N,C,100,0,0,1,,,1769524,5889634
Auckland,22/0/4.664,350,E, ,BLACKBRIDGE ROAD,201430383,21/01/2014,Tue,1031,DA,CE1,110A 131A ,G,E,W,O ,F , ,N,C,100,0,0,0,,,1769423,5889576
Auckland,22/0/5.014,, ,I,BLACKBRIDGE ROAD,201437274,03/06/2014,Tue,734,DB,CE1,133A 428A ,C,R,D,BF,F ,T,G,C,80,0,0,0,,,1769117,5889408
Auckland,22/0/5.114,100,W, ,BLACKBRIDGE ROAD,201447301,12/09/2014,Fri,2145,DA,CE1,129A 134A ,FP,E,W,DO,H , ,N,C,100,0,0,0,,,1769046,5889337
Auckland,22/0/5.563,70,S, ,SIM ROAD,201431704,21/01/2014,Tue,1056,DB,4N1,111A 131A 191A 801 ,P,E,W,OF,L , , ,L,100,0,0,0,,,1768763,5888996
Auckland,22/0/5.563,70,W, ,SIM ROAD,201443094,25/07/2014,Fri,1730,QG,TW1CCC,682A 191B 198B 191C 181D ,D,E,W,TO,F , , ,C,100,0,0,0,,,1768763,5888996
Auckland,22/0/7.268,100,E, ,GLENBROOK ROAD,201416208,26/08/2014,Tue,815,JA,TW1C,308B 922 ,,E,D,B ,F ,D,N,P,100,0,1,0,,,1767278,5888174
Auckland,22/0/7.358,10,N, ,GLENBROOK ROAD,201434279,18/03/2014,Tue,,FA,CE1T,181A 331A 387A ,,R,D,B ,F ,T,G,N,70,0,0,0,,,1767232,5888098
Auckland,22/0/7.363,5,N, ,GLENBROOK ROAD,201444301,22/09/2014,Mon,725,FD,CN1C,181A 331A ,,R,D,B ,F ,T,G,R,100,0,0,0,,,1767230,5888094
Auckland,GLENBROOK ROAD,, ,I,22/0/7.368,201436410,22/04/2014,Tue,1305,FB,CE14,331A 387A ,,E,D,OF,F ,Y,G,N,50,0,0,0,,,1767228,5888089
Auckland,22/0/7.368,, ,I,GLENBROOK ROAD,201430584,20/01/2014,Mon,844,LB,CN1C,302B ,,E,D,B ,F ,T,G,C,100,0,0,0,,,1767228,5888089
Auckland,22/0/7.368,, ,I,GLENBROOK ROAD,201437221,21/04/2014,Mon,841,LB,CN14,303B 382B ,,E,D,BF,F ,M,G,R,100,0,0,0,,,1767228,5888089
Auckland,22/0/7.368,, ,I,GLENBROOK ROAD,201447973,14/11/2014,Fri,1540,KB,CS1C,302B 382B ,,E,D,B ,F ,T,G,C,100,0,0,0,,,1767228,5888089
Auckland,22/0/7.448,80,S, ,GLENBROOK ROAD,201444465,04/07/2014,Fri,1100,GD,VN1CC,181A 331A 351A 181B 387B 929 ,,R,W,B ,F ,D,N,L,100,0,0,0,,,1767245,5888011
Auckland,22/0/7.768,400,S, ,GLENBROOK ROAD,201448364,15/12/2014,Mon,2228,FA,CW1C,110A 330A 817 ,,R,D,DO,F , ,N,L,80,0,0,0,,,1767313,5887698
Auckland,22/0/12.335,, ,I,BUTCHER ROAD,201441600,08/08/2014,Fri,1412,GD,VS1C,181A 331A ,,R,D,O ,F ,T,G,C,70,0,0,0,,,1768532,5883553
Auckland,22/0/12.583,310,N, ,LOUGH BOURNE DRIVE,201418811,19/12/2014,Fri,546,FA,CN1C,112A ,F,R,D,ON,F , ,N,L,70,0,0,2,,,1768576,5883310
Buller District,ATARAU ROAD,270,E, ,ROUGH RIV BR,201412316,09/02/2014,Sun,330,DB,VW1,103A 131A ,BG,M,D,DN,F , , ,C,100,0,0,1,,,1489286,5319922
Buller District,BENTHAM ST,, ,I,PEEL ST,201430204,12/01/2014,Sun,1830,HA,CS2V,302B ,,R,W,O ,L ,X,G,C,50,0,0,0,,,1484019,5375679
Buller District,COATES ST,300,S, ,CRADDOCK DRIVE,201450063,07/12/2014,Sun,1435,DB,CS1,111A 131A 402A ,F,S,D,B ,F , , ,C,50,0,0,0,,,1483095,5378480
Buller District,COBDEN ST,, ,I,RUSSELL ST,201447939,17/11/2014,Mon,1412,HA,4W1C,302B 350B 375B ,,R,D,O ,F ,X,G,C,50,0,0,0,,,1483491,5377150
Buller District,COBDEN ST,, ,I,RUSSELL ST,201414470,26/05/2014,Mon,1045,HA,CN2C,302A 355A ,,R,D,OF,F ,X,G,C,50,0,0,2,,,1483491,5377150
Buller District,DOMETT ST,, ,I,MILL ST,201418648,21/11/2014,Fri,1830,JC,CE2C,302A ,,R,D,OF,L ,T,G,C,50,0,1,1,,,1484640,5375966
Buller District,FONBLANQUE ST,40,W, ,RUSSELL ST,201432272,20/01/2014,Mon,1510,MC,CE14,372B 377B 839 ,,R,D,OF,L , , ,N,50,0,0,0,,,1483675,5375953
Buller District,FONBLANQUE ST,, ,I,RUSSELL ST,201434418,22/04/2014,Tue,1145,HA,4S2C,302B 375B ,,R,W,O ,F ,X,G,R,50,0,0,0,,,1483714,5375961
Buller District,LANDING CREEK ROAD,30,E, ,SH 69,201400114,21/05/2014,Wed,1250,QC,CW1,302A 330A ,N,R,W,O ,L ,X,G,N,100,2,0,0,,,1508455,5352183
Buller District,MAIMAI ROAD,2300,N, ,SH 7,201432918,06/01/2014,Mon,839,DA,4S1,111A 131A ,EZ,S,W,ON,F , ,N,C,100,0,0,0,,,1497780,5334656
Buller District,MILLERTON ROAD,700,E, ,SH 67,201448790,22/11/2014,Sat,2300,DB,CW1,131A 804 ,,M,W,DN,L , , ,C,100,0,0,0,,,1505095,5390980
Buller District,PAKINGTON ST,, ,I,ROMILLY ST,201413544,26/06/2014,Thu,849,HA,CW1C,302A ,,E,W,O ,L ,T,G,L,50,0,0,1,,,1483880,5377069
Buller District,PEEL ST,, ,I,MILL ST,201443834,16/08/2014,Sat,905,HA,CW24,302B 375B ,,R,D,OF,F ,X,G,C,50,0,0,0,,,1483988,5375843
Buller District,ROMILLY ST,, ,I,LYNDHURST ST,201412073,16/04/2014,Wed,1910,HA,SS1C,302A 534A ,,R,D,DO,F ,X,G,C,50,0,0,1,,55,1483941,5376743
Buller District,SWAMP CREEK ROAD,20,E, ,SH 69,201400019,23/01/2014,Thu,1330,QC,4W1,321A ,N,R,D,ON,L , ,S,N,100,1,0,0,,,1508368,5353735
Buller District,WAIUTA ROAD,3000,E, ,SH 7,201442129,04/08/2014,Mon,1950,DB,CW1,111A 131A ,F,M,D,DN,F , , ,N,100,0,0,0,,,1495623,5322801
Buller District,WANGAPEKA ROAD,70,E, ,KARAMEA HIGHWAY,201437984,06/06/2014,Fri,2355,DA,4W1,101A 138A ,T,M,D,DN,F , ,N,N,100,0,0,0,,,1524116,5419228
Buller District,WAVERLEY ST,50,E, ,WHARF ROAD,201412309,08/02/2014,Sat,1300,CB,CW14,501A ,M,R,D,B ,F , , ,C,50,0,0,2,,,1525606,5433365
Buller District,WILSONS LEAD ROAD,4370,S, ,BULLS ROAD,201444094,26/06/2014,Thu,635,EC,4S1,912,W,E,W,DN,M , ,N,N,100,0,0,0,,,1478932,5369244
Buller District,6/269/1.539,, ,A,STONEY CRK CV BULLER GOR,201411117,08/01/2014,Wed,30,DA,TN1T,136A 650A 901 ,,E,W,DN,H , , ,C,100,0,0,1,,,1525880,5371953
Buller District,6/269/6.276,5,E, ,NEWMANS LOOKOUT,201434211,15/03/2014,Sat,1500,DB,CW1,116A 131A 191A 817 ,T,M,D,B ,F , , ,C,100,0,0,0,,,1522639,5370694
Buller District,6/269/10.31,150,S, ,LYELL CRK CV,201400212,21/10/2014,Tue,850,BA,VS1T,125A 153A ,,R,W,O ,F , ,N,C,100,1,0,0,,,1520788,5372464
Buller District,6/282/2.6,2600,S, ,NEW CREEK ROAD,201413944,21/05/2014,Wed,1835,BC,CN1C,121A ,V,E,W,DN,F , ,N,C,100,0,0,1,,,1519057,5371751
Buller District,6/282/3.169,300,N, ,BENS CRK BR,201439862,05/07/2014,Sat,1440,DB,4N1,111A 131A 407A 801 ,C,M,W,O ,L , , ,C,100,0,0,0,,,1518954,5371214
Buller District,6/282/4.26,4260,W, ,NEW CREEK ROAD,201414018,16/06/2014,Mon,30,DB,CW1,110A 131A ,CV,S,W,DN,F , ,N,C,100,0,0,1,,,1517997,5370740
Buller District,6/282/10,10000,S, ,NEW CREEK ROAD,201444900,15/05/2014,Thu,730,DA,VE1,129A 134A 500A ,,M,D,O ,F , ,N,C,100,0,0,0,,,1515476,5365992
Buller District,6/282/10.083,80,S, ,SPRING CRK CV,201417169,04/10/2014,Sat,1159,DA,4S1,131A 402A ,C,E,W,O ,L , , ,C,100,0,0,2,,,1515452,5365914
Buller District,6/282/13.866,, ,A,INANGAHUA RIV BR,201413570,22/06/2014,Sun,1100,BA,CE1C,310A ,,R,D,B ,F , ,G,N,100,0,0,1,,,1512476,5365251
Buller District,6/296/6.462,730,S, ,MEADOWS ROAD,201438214,01/06/2014,Sun,1535,DA,CN1,101A 129A ,,M,D,BN,F , ,N,C,100,0,0,0,,,1508107,5366716
Buller District,6/313/13.088,, ,A,FUSCHIA CRK BR,201415527,23/07/2014,Wed,810,DA,TE1,130A 407A 802 ,,E,I,B ,FF, , ,C,100,0,0,2,,,1490719,5367643
Buller District,6/313/19.161,3000,E, ,SH 67,201400193,02/10/2014,Thu,1525,BE,CW1V,125A 386A ,B,R,W,O ,L , , ,C,100,1,1,0,,,1484934,5369031
Buller District,6/313/22.161,, ,I,SH 67,201413370,14/05/2014,Wed,1619,LB,CN1V,303B 363B 375B ,,R,D,B ,F ,T,G,R,100,0,0,2,,,1482939,5370757
Buller District,6/336/0.05,50,W, ,SH 67,201410365,26/01/2014,Sun,1000,DA,ME1,131A ,,S,W,ON,HS, ,N,R,100,0,0,1,,,1482891,5370764
Buller District,6/336/8.062,, ,I,VIRGIN FLAT ROAD,201438306,26/04/2014,Sat,1645,GC,VW1C,171B 330B ,,E,D,B ,F ,T,G,L,100,0,0,0,,,1478703,5364391
Buller District,6/336/9.062,1000,W, ,VIRGIN FLAT ROAD,201444195,14/08/2014,Thu,1910,EC,CW1,915,W,R,D,DN,F , ,N,C,100,0,0,0,,,1477747,5364095
Buller District,6/336/9.888,1000,E, ,BIRDS FERRY ROAD,201440748,06/07/2014,Sun,1300,DA,CW1,129A 131A ,X,E,D,B ,F , , ,C,100,0,0,0,,,1476940,5363968
Buller District,6/351/8.699,, ,A,DEEP CRK CV,201412314,29/03/2014,Sat,1300,DB,MS1,111A 131A ,,S,D,O ,F , , ,C,100,0,0,1,,,1469883,5356123
Buller District,6/363/8.973,2000,N, ,FOX RIV BR,201434408,17/04/2014,Thu,2000,EC,TS1,821 903 ,VX,E,D,DN,FS, , ,C,100,0,0,0,,,1467058,5347166
Buller District,6/374/2.543,2500,W, ,FOX RIV BR,201435639,08/02/2014,Sat,1930,DA,4W1,101A 111A 131A ,F,M,D,TN,F , , ,C,100,0,0,0,,,1464974,5343817
Buller District,6/374/3.299,10000,N, ,PUNAKAIKI RIV BR,201413273,16/06/2014,Mon,1330,DA,CS1,110A 131A ,C,M,W,O ,L , ,N,C,100,0,0,1,,,1464783,5343127
Buller District,65/47/2.506,, ,A,DEEP GULLY CRK CV,201437979,08/06/2014,Sun,1140,DA,TS1,131A 139A ,CV,M,W,O ,F , ,N,C,100,0,0,0,,,1536864,5332620
Buller District,65/54/3.871,1930,N, ,BAILEY CRK CV,201415884,26/09/2014,Fri,1300,DA,CS1,111A 131A ,C,M,W,O ,L , , ,C,100,0,0,1,,,1537098,5325606
Buller District,65/54/11.118,7270,N, ,SH 7,201414414,07/06/2014,Sat,1548,CB,CN1,410A ,FT,R,W,ON,H , ,N,C,100,0,0,3,,,1535059,5318827
Buller District,65/54/14.517,, ,A,MARUIA RIV BR,201417332,29/08/2014,Fri,2120,BF,CN1T,310A 337A 412A ,B,M,D,DN,F , ,G,N,100,0,1,2,,,1534327,5315598
Buller District,67/0/4.548,, ,I,SH 67,201445913,12/09/2014,Fri,1515,JA,CW2C,302B ,,R,D,O ,F ,T,G,R,100,0,0,0,,,1483033,5375149
Buller District,67/0/6.092,, ,I,WAKEFIELD ST,201430154,04/01/2014,Sat,1500,HA,4N1C,302B 375B ,,R,D,BF,F ,X,G,C,50,0,0,0,,,1483534,5376265
Buller District,67/0/6.238,20,S, ,BROUGHAM ST,201445276,17/09/2014,Wed,1115,MO,VN1C,386A ,M,R,W,O ,  ,X,G,C,50,0,0,0,,,1483509,5376408
Buller District,67/14/0.714,670,W, ,POWERHOUSE ROAD,201416390,13/07/2014,Sun,844,CC,CW1,130A 410A ,P,R,D,O ,F , ,N,C,100,0,0,2,,,1491390,5378054
Buller District,67/14/0.763,1000,S, ,BEACH ROAD,201437704,25/05/2014,Sun,400,CB,CS1,130A 901 903 ,V,R,W,DN,HS, , ,C,100,0,0,0,,,1491432,5378078
Buller District,67/14/7.551,, ,A,RAPID CRK BR,201430101,01/01/2014,Wed,1200,FA,VS14,197A 331A 191B ,,R,W,O ,  , , ,C,100,0,0,0,,,1496390,5380531
Buller District,67/14/10.155,1600,S, ,MCGILL ST,201430207,01/01/2014,Wed,1500,CC,CN1,101A 410A ,FV,R,D,B ,F , , ,C,100,0,0,0,,,1497679,5382679
Buller District,67/30/2.382,, ,A,KERRS RAIL XING,201443422,04/09/2014,Thu,1830,DA,CS1,103A 111A ,PS,E,D,TN,F , ,N,C,100,0,0,0,,,1502557,5388303
Buller District,67/30/7.088,780,N, ,MILLERTON ROAD,201414225,10/06/2014,Tue,420,DB,CN1,103A 131A 400A ,V,E,W,DO,F , ,N,C,70,0,1,0,,,1505380,5391958
Buller District,67A/0/1.489,220,E, ,MARTINS CRK BR,201413372,16/01/2014,Thu,1730,BA,4S14,101A 125A 801 ,,R,W,O ,L , , ,C,100,0,0,1,,,1482453,5376484
Buller District,67A/0/3.381,, ,I,BRUNINGS ROAD,201413779,28/04/2014,Mon,1040,KB,TE1C,302B 375B ,,E,W,OF,L ,T,G,C,100,0,0,1,,,1480727,5377128
Buller District,69/17/9.773,200,S, ,GILMOURS ROAD,201418658,17/12/2014,Wed,1230,CB,4N1,129A 134A ,EP,R,W,ON,L , ,N,C,100,0,0,1,,,1504452,5342038
Buller District,7/131/0.534,, ,A,LEWIS PASS SUMMIT,201432524,12/01/2014,Sun,1807,DA,CE1,111A ,FT,M,W,O ,L , ,N,C,100,0,0,0,,,1550339,5308538
Buller District,7/131/1.975,200,E, ,TINDALL CRK BR,201415497,16/09/2014,Tue,1315,DA,CW1,131A 407A 800 901 ,C,M,W,O ,H , , ,C,100,0,0,1,,,1548962,5308495
Buller District,7/131/2.175,, ,A,TINDALL CRK BR,201418657,26/12/2014,Fri,1350,DB,40,129A 358A ,C,E,D,BN,F , ,G,C,100,0,0,1,,,1548770,5308540
Buller District,7/131/2.825,650,W, ,TINDALL CRK BR,201412319,05/01/2014,Sun,2030,DB,CE1,131A ,T,M,W,DN,H , , ,C,100,0,1,0,,,1548142,5308469
Buller District,7/131/10.671,, ,A,ROUGH CRK BR,201414289,27/06/2014,Fri,530,DA,TW1,110A 410A ,T,E,W,DN,M , ,N,C,100,0,1,0,,,1540602,5307880
Buller District,7/131/18.012,1800,E, ,HUNTERS ROAD,201437701,29/05/2014,Thu,1310,AC,CE1C,156A 159A 330A 839 901 ,,M,W,ON,H , , ,C,100,0,0,0,,,1534514,5310464
Buller District,7/131/19.772,40,S, ,HUNTERS ROAD,201410366,14/01/2014,Tue,915,DB,CS1,131A 351A ,F,E,D,ON,F , ,N,C,100,0,0,1,,,1533036,5311371
Buller District,7/152/13.527,, ,A,PATTERSONS CRK BR,201418737,30/12/2014,Tue,1435,DA,4S1,131A 404A ,E,M,D,B ,F , , ,C,100,0,0,1,,,1523223,5317487
Buller District,7/152/16.189,200,E, ,HESLOPS CRK BR,201416887,24/08/2014,Sun,1944,DB,CW1,111A 135A 804 ,C,E,D,DN,F , ,N,C,100,0,0,1,,,1520705,5317355
Buller District,7/152/16.349,40,E, ,HESLOPS CRK BR,201439410,29/06/2014,Sun,2300,DB,CE1,101A 110A ,T,M,W,DN,H , ,N,C,100,0,0,0,,,1520547,5317340
Buller District,7/169/1.056,14000,W, ,PALMERS BEND,201414283,14/08/2014,Thu,1235,DA,CE1,110A 131A 802 905 ,C,M,I,O ,SF, ,N,C,100,0,0,1,,,1519500,5317357
Buller District,7/169/1.935,1740,E, ,CRATE CRK BR,201438500,16/03/2014,Sun,1630,DB,VE1,111A 131A 407A 801 ,ET,M,W,ON,L , , ,C,100,0,0,0,,,1518729,5317523
Buller District,7/169/15.16,1000,S, ,BRANCH CRK BR,201438215,23/05/2014,Fri,1915,EC,CN14,135A 823 ,FL,R,W,DN,L , ,N,C,100,0,0,0,,,1512410,5327589
Buller District,7/185/1.603,480,S, ,GARVEYS CREEK ROAD,201412312,15/02/2014,Sat,1820,DB,MN1,111A 131A ,,M,D,B ,F , , ,C,100,0,1,0,,,1512107,5329928
Buller District,7/185/11.423,, ,I,WALSH ST,201417861,19/11/2014,Wed,1350,HA,CW1C,112B 302B 412B 801 ,,R,W,O ,L ,X,G,C,50,0,0,1,,,1506298,5336317