TLANAME,CRASHROAD,CRASHDIST,CRASHDIRN,INTSN,SIDEROAD,CRASHID,CRASHDATE,CRASHDOW,CRASHTIME,MVMT,VEHICLES,CAUSES,OBJECTSSTRUCK,ROADCURVE,ROADWET,LIGHT,WTHRa,JUNCTYPE,TRAFCTRL,ROADMARK,SPDLIM,CRASHFATALCNT,CRASHSEVCNT,CRASHMINCNT,PERSAGE1,PERSAGE2,EASTING,NORTHING
Buller District,7/185/11.545,, ,I,SMITH ST,201412466,11/04/2014,Fri,1120,LB,CW1C,303B 375B 801 ,,R,W,O ,L ,X,G,C,50,0,0,1,,,1506176,5336322
Buller District,7/185/11.665,, ,I,KELLY ST,201435989,03/03/2014,Mon,1250,MC,CW14,372B ,,R,W,OF,L ,X,G,C,50,0,0,0,,,1506056,5336328
Buller District,7/196/3.379,500,S, ,DEVILS CRK BR,201437705,25/05/2014,Sun,320,CB,4S1,103A 130A ,V,R,W,DN,L , , ,C,100,0,0,0,,,1503368,5335186
Carterton District,BELVEDERE ROAD,60,N, ,TAVERNER ST,201449290,31/12/2014,Wed,2209,MO,CS1C,386A ,M,R,D,DO,F , , ,C,50,0,0,0,,,1811936,5456161
Carterton District,BROADWAY,15,N, ,SH 2,201434877,28/02/2014,Fri,50,MO,CS1,103A 371A 926 ,I,R,D,DO,F , ,N,R,50,0,0,0,,,1812561,5455506
Carterton District,BROOKLYN ROAD,, ,I,LINCOLN ROAD,201439299,07/06/2014,Sat,630,CA,CN2,103A 402A 433A ,,R,D,DO,F ,X,S,C,70,0,0,0,,,1811042,5454989
Carterton District,CARTERTON GLADSTONE ROAD,250,S, ,RUTLAND ROAD,201418752,23/01/2014,Thu,1225,MO,CN1S,197A 378A 205B 330B 831 ,,M,D,B ,F , , ,C,100,0,1,0,,,1813467,5454898
Carterton District,CARTERTON GLADSTONE ROAD,100,N, ,TIFFIN ROAD,201415648,04/09/2014,Thu,820,CB,TN1,129A 134A ,,R,D,O ,F , ,N,C,100,0,0,1,,,1817819,5453212
Carterton District,CHESTER ROAD,200,S, ,NORFOLK ROAD,201410890,04/03/2014,Tue,1500,CC,4N1,130A 412A 801 ,FT,R,W,O ,L , , ,N,100,0,0,2,,,1816016,5465157
Carterton District,CHESTER ROAD,900,S, ,NORFOLK ROAD,201442219,24/08/2014,Sun,1227,EA,CS1T,129A ,M,R,D,O ,F , , ,C,100,0,0,0,,,1815527,5464656
Carterton District,CHESTER ROAD,, ,I,NORFOLK ROAD,201411209,02/01/2014,Thu,1804,DB,CN2,131A 402A 420A ,P,R,D,O ,F ,T,G,C,100,0,0,2,,,1816157,5465299
Carterton District,DAKINS ROAD,580,E, ,EAST TARATAHI ROAD,201439709,01/07/2014,Tue,1100,DA,CN1,135A 806 ,F,M,W,ON,F , , ,N,100,0,0,0,,,1821840,5453992
Carterton District,DALEFIELD ROAD,, ,I,HODDERS ROAD,201440848,08/08/2014,Fri,2215,CB,40,103A 130A ,FP,R,W,DO,L ,T,N,C,100,0,0,0,,,1809504,5454407
Carterton District,DALEFIELD ROAD,, ,I,THOMAS ROAD,201448329,22/12/2014,Mon,1720,HA,TN1C,301B 433B ,,R,D,B ,F ,X,S,C,100,0,0,0,,,1808292,5455417
Carterton District,EAST TARATAHI ROAD,, ,I,PERRYS ROAD,201411951,30/03/2014,Sun,1046,HA,CW1C,302B 335B ,,E,D,BN,F ,X,G,C,100,0,0,3,,,1819178,5458045
Carterton District,GARRISON ST,20,S, ,PEMBROKE ST,201440068,16/07/2014,Wed,1050,KB,CS1C,308B 929 ,,R,W,BF,L ,D,N,C,50,0,0,0,,,1812283,5455415
Carterton District,HUGHES LINE,840,N, ,CORNWALL ROAD,201441257,26/07/2014,Sat,2230,DA,CN1,101A 111A 130A 402A 514A 801 811 812+,X,E,W,DN,L , , ,N,100,0,0,0,,,1820455,5460762
Carterton District,KOKOTAU ROAD,520,N, ,MILLARS ROAD W,201447376,24/10/2014,Fri,1016,DB,TN1,132A 407A ,C,E,W,O ,L , ,N,C,100,0,0,0,,,1815858,5447012
Carterton District,KOKOTAU ROAD,280,N, ,OPUAKAIO ROAD,201448860,10/10/2014,Fri,1300,DA,TS1,129A 134A 407A ,C,E,D,O ,F , , ,C,100,0,0,0,,,1815302,5449624
Carterton District,MATARAWA ROAD,200,W, ,WATERSONS LINE,201442940,28/08/2014,Thu,2130,CB,CW1,103A 130A ,F,R,D,DN,F , , ,N,100,0,0,0,,,1807008,5452167
Carterton District,PONATAHI ROAD,150,S, ,FOREMAN JURY ROAD,201412649,02/03/2014,Sun,1930,DA,CN1,131A ,FT,M,D,BF,F , ,N,C,100,0,0,4,,,1814020,5445324
Carterton District,PONATAHI ROAD,30,W, ,KOKOTAU ROAD,201412047,19/04/2014,Sat,1300,DB,ME1,110A 131A 840 ,,S,W,O ,F ,M,N,C,100,0,0,1,,,1815867,5446517
Carterton District,SHORT ST,500,N, ,CARTERTON GLADSTONE ROAD,201448330,19/12/2014,Fri,1930,CC,CW1,112A 433A ,T,R,D,B ,F , ,N,N,100,0,0,0,,,1814420,5454324
Carterton District,TE WHARAU ROAD,200,W, ,PUKETIRO ROAD,201417675,16/12/2014,Tue,705,DA,TW1,129A 139A 816 ,,E,D,B ,F , ,N,C,100,0,0,1,,,1827517,5447670
Carterton District,2/883/6.728,, ,I,NORFOLK ROAD,201443432,05/09/2014,Fri,1925,DB,CS1,131A 133A ,,S,W,DN,F ,T,G,C,100,0,0,0,,,1818961,5461340
Carterton District,2/883/8.415,200,E, ,WILTONS ROAD,201434450,01/05/2014,Thu,1120,CB,40,110A 197A 331A 801 ,FV,R,W,O ,L , , ,L,100,0,0,0,,,1817665,5460260
Carterton District,2/883/8.603,, ,I,EAST TARATAHI ROAD,201431113,24/02/2014,Mon,810,JA,CW1C,303B 375B ,,R,D,B ,F ,T,G,L,100,0,0,0,,,1817519,5460141
Carterton District,2/883/8.603,, ,I,EAST TARATAHI ROAD,201444248,08/09/2014,Mon,830,JA,VW1C,302B 375B ,,R,D,B ,F ,T,G,C,100,0,0,0,,,1817519,5460141
Carterton District,2/883/8.603,, ,I,EAST TARATAHI ROAD,201447408,16/11/2014,Sun,1150,JA,CW14,302B 375B ,,R,D,B ,F ,T,G,C,100,0,0,0,,,1817519,5460141
Carterton District,2/883/9.935,1400,S, ,WILTONS ROAD,201433857,14/04/2014,Mon,750,CB,CN1,197A 801 ,FT,R,W,O ,L , , ,C,100,0,0,0,,,1816426,5459248
Carterton District,2/883/11.668,720,N, ,HUGHES LINE N,201410208,05/01/2014,Sun,904,DB,CS1,104A 110A ,P,M,W,O ,HS, ,N,C,100,0,1,0,,,1815148,5458200
Carterton District,2/883/11.688,700,N, ,HUGHES LINE,201412551,16/04/2014,Wed,1655,DA,CS1,131A 801 ,P,M,W,O ,L , , ,C,100,0,0,1,,,1815136,5458184
Carterton District,2/883/13.551,250,W, ,NEICHES LANE,201416064,03/10/2014,Fri,1400,GE,ME1C,144B 145B 929 ,,R,D,O ,F ,D,N,C,100,0,0,1,,,1813983,5456872
Carterton District,2/883/14.84,, ,I,KENT ST,201437748,09/06/2014,Mon,1400,JA,VN1C,197A 302B 375B 901 ,,R,W,O ,H ,T,G,P,50,0,0,0,,,1812957,5456015
Carterton District,2/883/14.967,60,N, ,RHODES ST,201445493,01/10/2014,Wed,1655,EA,CN1V,129A 358A ,M,R,D,B ,F , , ,C,50,0,0,0,,,1812882,5455912
Carterton District,2/883/15.446,50,N, ,BROADWAY,201445420,05/09/2014,Fri,155,CA,CN1V,103A 194A ,M,R,D,DO,F , , ,X,50,0,0,0,,,1812602,5455537
Carterton District,2/883/15.619,25,S, ,HOLLOWAY ST,201447326,13/10/2014,Mon,750,MA,CN1C,373B ,,R,D,B ,F ,T,N,C,50,0,0,0,,,1812499,5455398
Carterton District,2/883/16.246,20,S, ,REXWOOD ST,201438160,31/05/2014,Sat,1140,FD,4N1V4,181A ,,R,D,BF,F , ,N,C,50,0,0,0,,,1812118,5454901
Carterton District,2/883/16.398,15,N, ,CLIFTON AVENUE,201431263,09/02/2014,Sun,1425,MO,VN1V,371A ,M,R,W,OF,L , ,N,C,50,0,0,0,,,1812023,5454782
Carterton District,2/883/16.918,20,N, ,BROOKLYN ROAD,201444249,18/09/2014,Thu,1500,FC,CS1T,181A 331A ,,R,D,O ,F , , ,X,50,0,0,0,,,1811745,5454440
Carterton District,2/883/17.144,25,N, ,DIAMOND ST,201431371,15/01/2014,Wed,2350,CA,VN1,514A ,,R,D,DO,F , ,N,C,50,0,0,0,,,1811548,5454206
Carterton District,2/883/17.943,10,N, ,PHILIP ST,201412046,21/04/2014,Mon,1050,GD,CS1C,331A 358A ,,R,D,B ,F ,T,N,C,50,0,0,1,,,1811071,5453668
Carterton District,DALEFIELD ROAD,, ,I,HIGH ST SOUTH,201414000,16/06/2014,Mon,2216,DC,CS1,103A 321A ,FT,R,D,DO,F ,T,S,C,50,0,1,0,,,1810774,5453348
Carterton District,2/883/19.463,, ,I,WAIHAKEKE ROAD,201413571,05/08/2014,Tue,845,JA,VS1V,302B ,,E,D,B ,F ,T,G,P,100,0,0,2,,,1809987,5452603
Central Hawkes Bay District,BLACK ROAD,2000,W, ,ASHLEY CLINTON ROAD,201413420,28/06/2014,Sat,903,BA,VW1C,129A 902 ,,R,D,B ,F , , ,N,100,0,0,3,,,1878402,5570187
Central Hawkes Bay District,BURNSIDE ROAD,430,N, ,SH 2,201432240,13/02/2014,Thu,1630,DB,CS1,129A 134A 402A ,V,E,D,B ,F , , ,C,100,0,0,0,,,1886609,5565433
Central Hawkes Bay District,CHURCH ST,, ,I,KENILWORTH ST,201430797,26/02/2014,Wed,735,HA,CN2V,301B 375B ,,R,W,OF,F ,X,S,C,50,0,0,0,,,1906284,5572649
Central Hawkes Bay District,CLAREINCH ROAD,3400,N, ,POURERERE ROAD,201417539,27/11/2014,Thu,1334,DA,CN1,195A ,V,E,D,BN,F , ,N,N,100,0,0,2,,,1925749,5560534
Central Hawkes Bay District,EAGLE ST,, ,I,RACECOURSE ROAD,201418449,21/12/2014,Sun,55,EA,CN1V,103A 112A 129A 330A 606B ,M,R,D,DO,F ,T,G,C,100,0,1,0,,,1907396,5573862
Central Hawkes Bay District,ELSTHORPE ROAD,1820,W, ,MIDDLE ROAD,201413306,25/01/2014,Sat,2000,DA,CN1,129A 130A ,CV,M,D,DN,F , , ,C,100,0,0,1,,,1916098,5577524
Central Hawkes Bay District,FRANCIS DRAKE ST,100,E, ,ST JOSEPH ST,201410515,25/01/2014,Sat,2030,CA,PE1,103A 112A 433A ,,R,D,DO,F , ,N,N,50,0,0,1,,,1904045,5566643
Central Hawkes Bay District,MAKARETU ROAD,3000,W, ,SH 50,201448588,29/09/2014,Mon,1540,DA,CE1,131A 404A ,VX,M,D,ON,F , ,N,C,100,0,0,0,,,1883199,5573115
Central Hawkes Bay District,MIDDLETON ROAD,3980,E, ,PORANGAHAU ROAD,201412783,18/03/2014,Tue,1400,DA,CW1,131A 692A ,T,E,D,BN,F , ,N,C,100,0,3,0,,,1903144,5558611
Central Hawkes Bay District,MOUNT HERBERT ROAD,750,N, ,MANGATARATA ROAD,201431531,25/01/2014,Sat,130,CC,CN1,139A 402A 410A ,TV,R,D,DN,F , , ,N,100,0,0,0,,,1906550,5567915
Central Hawkes Bay District,NGAHAPE ROAD,, ,I,ARLINGTON ROAD,201413805,27/05/2014,Tue,1502,HA,VN1C,112A 302A 363A 902 ,FV,R,D,B ,F ,X,G,P,100,0,1,1,,,1897285,5561435
Central Hawkes Bay District,NGAWAKA ROAD,1620,S, ,ROTOHIWI ROAD,201414715,05/07/2014,Sat,1930,DB,4N1,135A 808 901 903 ,F,M,W,DN,HS, , ,N,100,0,0,1,,,1893455,5548229
Central Hawkes Bay District,PAGET ROAD,9550,W, ,SH 50,201418198,25/12/2014,Thu,2100,DA,CW1,131A 138A 402A 815 ,P,E,D,DN,F , , ,N,100,0,0,1,,,1874411,5566961
Central Hawkes Bay District,PORANGAHAU ROAD,860,S, ,ARLINGTON ROAD,201416671,26/10/2014,Sun,1523,FA,CN1M,112A 181A 331A ,,R,D,B ,F , , ,C,100,0,0,1,,,1900208,5560017
Central Hawkes Bay District,PORANGAHAU ROAD,3300,N, ,LAKE ROAD,201410903,01/03/2014,Sat,2030,DA,CS1,101A 410A ,C,M,D,DN,F , ,N,C,100,0,0,1,,,1900383,5553371
Central Hawkes Bay District,PORANGAHAU ROAD,190,N, ,LAKE VIEW ROAD,201400098,24/04/2014,Thu,1955,CB,MN1,112A 130A ,K,R,D,DO,F , , ,C,50,1,0,0,,,1902997,5565522
Central Hawkes Bay District,PORANGAHAU ROAD,700,N, ,MIDDLETON ROAD,201418179,17/12/2014,Wed,1150,DA,CN1,103A 131A 402A 801 ,V,E,W,O ,L , , ,C,100,0,0,3,,,1899801,5558939
Central Hawkes Bay District,PORANGAHAU ROAD,1000,S, ,UGLY HILL ROAD,201411007,03/02/2014,Mon,800,PE,CS1EEV,129A 363A 370A 642A 440D ,,R,D,B ,F , , ,C,100,0,0,2,66,,1903259,5547765
Central Hawkes Bay District,POURERERE ROAD,, ,I,JOHNSON ST,201412329,04/04/2014,Fri,1800,JA,VW1C,302B 378B 836 ,,R,D,B ,F ,T,G,C,70,0,1,0,,,1908040,5572288
Central Hawkes Bay District,RUATANIWHA ST,70,W, ,ST JOSEPH ST,201433856,17/04/2014,Thu,2325,DA,CE1C,111A 131A 923 ,M,E,W,DO,L ,D,N,C,50,0,0,0,,,1903855,5566617
Central Hawkes Bay District,RUSSELL ST,, ,I,NORTHUMBERLAND ST,201446518,21/10/2014,Tue,920,HA,VS2C,302A ,,R,D,O ,F ,X,G,C,50,0,0,0,,,1903483,5566838
Central Hawkes Bay District,SCENIC ROAD,100,S, ,LINDSAY ROAD,201443523,06/08/2014,Wed,1200,DB,CN1,111A 131A ,,M,W,ON,L , ,N,N,100,0,0,0,,,1901510,5568217
Central Hawkes Bay District,SNEE ROAD,150,E, ,ELLISON ROAD,201431749,18/01/2014,Sat,1505,EC,VW1,912,W,E,D,BN,F , , ,N,100,0,0,0,,,1871524,5566325
Central Hawkes Bay District,TAMUMU ROAD,, ,I,MCGREEVY ST,201449087,05/12/2014,Fri,1620,MG,VE1C,371B ,,E,D,OF,F ,T,G,C,50,0,0,0,,,1907315,5572748
Central Hawkes Bay District,TAVISTOCK ROAD,, ,I,JELLICOE ST,201449085,06/12/2014,Sat,1215,FF,CN1C,181A 191B ,,R,D,BF,F ,T,G,C,50,0,0,0,,,1903928,5565949
Central Hawkes Bay District,TIKOKINO ROAD,320,W, ,CEMETERY ROAD,201431533,24/01/2014,Fri,550,DB,VE1,102A 111A 131A ,F,M,D,TN,F , , ,C,100,0,0,0,,,1904821,5572281
Central Hawkes Bay District,TOURERE ROAD,430,W, ,NGAHAPE ROAD,201413989,07/07/2014,Mon,1235,DA,TE1,134A 652A ,FP,M,D,B ,F , ,N,C,100,0,0,1,,,1890543,5552914
Central Hawkes Bay District,WAKARARA ROAD,870,N, ,PLANTATION ROAD N,201437814,06/04/2014,Sun,1414,FA,TW1O,181A 330A ,,R,D,B ,F , ,N,C,100,0,0,0,,,1894522,5576848
Central Hawkes Bay District,WELLINGTON ROAD,, ,I,RUATANIWHA ROAD,201446787,05/11/2014,Wed,1730,HA,CE2CC,302A 375A ,M,R,D,O ,L ,X,G,C,50,0,0,0,,,1903920,5566596
Central Hawkes Bay District,Z DWY 161 ASHLEY CLINTON,1600,W, ,SH 50,201413493,24/06/2014,Tue,1842,DC,CN1,103A 112A 430A 929 ,T,R,D,DN,F ,D,N,C,100,0,1,2,,,1882496,5569038
Central Hawkes Bay District,2/691/10.682,1000,S, ,COLLEGE ROAD,201449093,15/11/2014,Sat,2203,DB,CN1,116A 131A ,F,E,D,DN,F , ,N,C,100,0,0,0,,,1910636,5583029
Central Hawkes Bay District,2/691/15.227,900,N, ,HIGGINSON ST,201440193,11/07/2014,Fri,1700,FD,VN1CC,112A 181A ,,R,D,TF,F , ,N,C,100,0,0,0,,,1910047,5578594
Central Hawkes Bay District,2/691/15.327,800,N, ,HIGGINSON ST,201441828,14/08/2014,Thu,1705,CA,CN1,110A 129A 134A 901 ,C,R,W,TN,H , , ,C,100,0,0,0,,,1910012,5578500
Central Hawkes Bay District,2/707/4.358,400,N, ,RACECOURSE ROAD,201444458,17/07/2014,Thu,1535,EE,CS1C,374A 443A 501A ,M,R,D,B ,F , , ,C,100,0,0,0,,,1907237,5574299
Central Hawkes Bay District,2/707/4.648,110,N, ,RACECOURSE ROAD,201449664,28/12/2014,Sun,1404,CB,CS1,130A 356A ,,R,D,B ,F , , ,C,70,0,0,0,,,1907190,5574012
Central Hawkes Bay District,2/707/4.858,100,S, ,RACECOURSE ROAD,201432871,07/03/2014,Fri,1720,CB,CS1,129A 358A ,K,R,D,B ,F , , ,C,70,0,0,0,,,1907157,5573805
Central Hawkes Bay District,2/707/5.686,, ,I,TAMUMU ROAD,201436145,18/03/2014,Tue,1700,GD,CN1C,181A 331A ,,E,D,B ,F ,T,G,C,50,0,0,0,,,1907023,5572988
Central Hawkes Bay District,2/707/5.974,120,S, ,COLLINS ST,201431220,01/03/2014,Sat,2345,CB,CN1,410A ,P,R,D,DO,F , ,N,C,50,0,0,0,,,1906901,5572735
Central Hawkes Bay District,2/707/6.243,, ,I,VICTORIA ST,201440194,18/07/2014,Fri,1130,HA,CW2CC,302A 375A ,,R,D,B ,F ,X,G,C,50,0,0,0,,,1906705,5572552
Central Hawkes Bay District,2/707/7.545,120,S, ,TAPAIRU ROAD,201414558,04/07/2014,Fri,1340,DA,CS1,131A 501A ,FVX,E,D,B ,F , , ,L,100,0,0,1,,,1906310,5571368
Central Hawkes Bay District,2/707/7.605,180,S, ,TAPAIRU ROAD,201418180,24/12/2014,Wed,2115,AF,PS1T,130A 402A 671B ,,E,D,DN,F , , ,L,100,0,0,1,,,1906303,5571308
Central Hawkes Bay District,2/707/10.416,50,N, ,KAIMO ROAD,201444762,07/10/2014,Tue,1330,FD,CN1C,181A ,,R,D,ON,F , ,N,C,100,0,0,0,,,1904828,5569001
Central Hawkes Bay District,2/707/11.019,50,N, ,WAIPUKURAU OBR,201431530,25/01/2014,Sat,1715,DB,4S1,410A ,BG,E,D,BF,F , , ,L,70,0,0,0,,,1904546,5568492
Central Hawkes Bay District,2/707/11.774,100,N, ,FORD ROAD,201434879,14/03/2014,Fri,430,DA,CS1,136A 410A 620A ,G,M,D,DN,F , ,N,L,100,0,0,0,,,1904226,5567829
Central Hawkes Bay District,2/707/12.887,, ,I,PEEL ST,201449086,04/12/2014,Thu,1205,KA,CN1T,302B 375B ,,R,D,BF,F ,T,G,C,50,0,0,0,,,1903715,5566903
Central Hawkes Bay District,2/707/13.068,60,S, ,RUSSELL ST,201432872,28/02/2014,Fri,1320,MC,VN1C,372B ,,R,D,B ,F , , ,C,50,0,0,0,,,1903672,5566727
Central Hawkes Bay District,2/721/0.378,40,E, ,RAILWAY ESPLANADE,201430374,13/01/2014,Mon,1000,FA,CE1C,505A 512A ,,R,D,B ,F , ,N,C,50,0,0,0,,,1903289,5566767
Central Hawkes Bay District,RAILWAY ESPLANADE,, ,I,2/721/0.418,201435807,31/03/2014,Mon,1511,HA,CS1C,302B 375B ,,M,D,BF,F ,X,G,C,50,0,0,0,,,1903250,5566777
Central Hawkes Bay District,2/721/6.173,200,E, ,ASHCOTT ROAD,201410144,15/01/2014,Wed,905,BO,CW1M,156A 197B 831 ,,E,D,B ,F , , ,C,100,0,1,0,,,1898368,5569260
Central Hawkes Bay District,2/729/5.035,2400,W, ,SPEEDY ROAD,201446214,27/09/2014,Sat,1621,CB,CW1,410A ,V,R,D,ON,F , ,N,C,100,0,0,0,,,1892173,5567023
Central Hawkes Bay District,2/729/6.273,1000,E, ,FRASER ROAD,201446213,02/10/2014,Thu,1800,DA,CW1,134A 402A ,F,E,D,BN,F , ,N,C,100,0,0,0,,,1890948,5566853
Central Hawkes Bay District,2/729/7.273,, ,I,FRASER ROAD,201438661,24/06/2014,Tue,1515,JC,CN2C,302A 902 ,,R,D,B ,F ,T,G,L,100,0,0,0,,,1890020,5566503
Central Hawkes Bay District,2/729/7.273,, ,I,FRASER ROAD,201439717,19/06/2014,Thu,1520,JA,CW1C,302B 377B ,,R,D,O ,F ,T,G,L,100,0,0,0,,,1890020,5566503
Central Hawkes Bay District,2/729/8.273,1000,W, ,FRASER ROAD,201445598,12/10/2014,Sun,2255,CC,VE1,130A 402A 414A ,FT,R,D,DN,F , , ,C,100,0,0,0,,,1889151,5566009
Central Hawkes Bay District,2/729/10.765,390,E, ,CHARLOTTE ST,201433138,29/03/2014,Sat,1600,CB,CW1,129A 130A ,F,R,D,O ,F , , ,C,100,0,0,0,,,1886815,5565141
Central Hawkes Bay District,2/729/13.161,, ,I,SYDNEY ST,201410967,28/02/2014,Fri,1218,LB,OW1C,303B ,,R,D,BN,F ,T,G,C,100,0,0,2,,,1884493,5564559
Central Hawkes Bay District,2/729/13.491,330,W, ,SYDNEY ST,201441502,17/06/2014,Tue,2359,DA,CW1,103A 131A 410A ,FP,E,W,DN,F , ,N,C,100,0,0,0,,,1884165,5564553
Central Hawkes Bay District,2/743/4.986,80,S, ,SNEE ROAD,201446283,20/10/2014,Mon,1520,DB,CS1,129A 131A 410A ,F,E,D,BF,F , ,N,L,100,0,0,0,,,1878815,5564642
Central Hawkes Bay District,2/743/5.156,250,S, ,SNEE ROAD,201432856,20/02/2014,Thu,230,DA,CN1,410A ,F,E,D,DN,F , , ,L,100,0,0,0,,,1878706,5564511
Central Hawkes Bay District,2/743/5.406,500,S, ,SNEE ROAD,201443291,05/07/2014,Sat,510,CA,TS1,130A 903 ,,R,D,DN,FS, , ,C,100,0,0,0,,,1878548,5564318
Central Hawkes Bay District,50/49/8.835,300,N, ,GWAVAS ROAD,201446215,20/09/2014,Sat,1228,DA,4N1,135A 903 ,,M,W,OF,LS, ,N,C,100,0,0,0,,,1897232,5590609
Central Hawkes Bay District,50/49/9.035,100,N, ,GWAVAS ROAD,201436883,01/06/2014,Sun,1300,DA,4N1,131A ,FV,E,W,O ,F , , ,L,100,0,0,0,,,1897153,5590428
Central Hawkes Bay District,50/79/0.939,, ,A,ASHCOTT BR,201416267,22/09/2014,Mon,705,CA,CN1,130A 359A 402A ,B,R,W,O ,F , , ,C,100,0,1,0,,,1886476,5573130
Central Otago District,CAIRNMUIR ROAD,50,E, ,BANNOCKBURN ROAD,201400021,03/02/2014,Mon,1850,BF,ME1C,111A 120A 132A 137B ,,E,D,B ,F , ,N,C,100,1,0,0,,,1298404,5000856
Central Otago District,CONROYS ROAD,, ,I,CONROYS DAM ROAD,201432157,09/02/2014,Sun,2130,DA,CS1,111A 500A ,X,R,D,TN,F ,T,N,C,100,0,0,0,,,1312098,4979922
Central Otago District,CRAWFORD HILLS ROAD,1100,E, ,GALLOWAY ROAD,201444433,03/09/2014,Wed,1845,DA,CE1,131A 813 ,F,M,D,TN,F , , ,N,100,0,0,0,,,1323487,4987976
Central Otago District,DANSEYS PASS ROAD,2890,S, ,DANSEYS PASS RESERVE ROAD,201434234,12/03/2014,Wed,1400,DB,4N1,111A 131A 138A ,C,M,D,B ,F , , ,N,100,0,0,0,,,1385210,5012683
Central Otago District,DUNSTAN ROAD,1000,S, ,AIRPORT ROAD,201413463,31/05/2014,Sat,1530,CA,VN1,198A 902 ,,R,D,B ,F , , ,C,100,0,0,2,,,1315265,4985583
Central Otago District,DUNSTAN ROAD,, ,I,SPRINGVALE ROAD,201445040,20/10/2014,Mon,2220,DB,CN1,103A 131A ,C,M,D,DO,F ,T,S,C,50,0,0,0,,,1313830,4988367
Central Otago District,ENTERPRISE ST,, ,I,ROYAL TERRACE,201410290,10/02/2014,Mon,320,BC,SN1C,122A 404A ,,R,D,DF,F ,X,G,C,50,0,0,1,,24,1316439,4983266
Central Otago District,HAWKDUN RUNS ROAD,3900,N, ,LOOP ROAD,201418011,22/11/2014,Sat,1430,DB,4S1,129A 131A ,V,E,W,ON,H , ,N,N,100,0,0,2,,,1350615,5027801
Central Otago District,HAZLETT ST,80,S, ,NAYLOR ST,201418471,29/12/2014,Mon,633,EA,CS1C,129A 363A 386A 818 902 ,M,R,D,B ,F , , ,C,50,0,0,1,,,1310868,4989795
Central Otago District,IDA VALLEY-OMAKAU ROAD,700,S, ,IDA VALLEY BACK ROAD,201435964,11/04/2014,Fri,630,EC,4S1,915,W,R,D,DF,F , ,N,C,100,0,0,0,,,1352241,5007636
Central Otago District,INNISCORT ST,, ,I,ACHIL ST,201431418,22/02/2014,Sat,950,HA,CN2C,302A 382A ,,R,D,BF,F ,X,G,C,50,0,0,0,,,1301197,5004715
Central Otago District,KILLARNEY ST,, ,I,BRANDON ST,201434158,11/04/2014,Fri,1509,HA,CE1C,301B 375B ,,E,D,B ,F ,X,S,C,50,0,0,0,,,1316980,4983055
Central Otago District,LADYSMITH ROAD,, ,I,ROXBURGH EAST ROAD,201431114,19/02/2014,Wed,2328,DA,CN1,131A 400A ,,S,D,DN,F ,T,N,C,100,0,0,0,,,1312273,4951775
Central Otago District,LITTLE VALLEY ROAD,250,E, ,GLENCARRON ST,201413444,12/06/2014,Thu,2345,CC,CE1,103A 112A 802 ,G,R,I,DO,MF, , ,N,50,0,0,1,,,1317665,4982961
Central Otago District,LITTLE VALLEY ROAD,1450,E, ,GRAVEYARD GULLY ROAD,201414310,20/06/2014,Fri,1409,DA,TW1,131A ,E,S,D,B ,F , , ,C,100,0,1,0,,,1318655,4982803
Central Otago District,MAORI POINT ROAD,1800,S, ,SH 8A,201413139,04/04/2014,Fri,1340,DB,4S1,110A 138A 407A ,P,E,D,B ,F , , ,N,100,0,0,1,,,1312341,5028541
Central Otago District,MCARTHUR ROAD,3170,N, ,SPRINGVALE ROAD,201418772,10/11/2014,Mon,1240,DA,4N1,131A 191A 402A 813 ,,M,D,O ,F , , ,N,100,0,0,1,,,1315830,4991393
Central Otago District,MCKINLAY LANE,50,N, ,MELMORE TERRACE,201432876,24/02/2014,Mon,1,EA,CN1C,129A ,M,E,D,DO,F , , ,N,50,0,0,0,,,1301239,5004584
Central Otago District,OLD BRIDGE ROAD,100,E, ,ONEILL CRESCENT,201443563,14/08/2014,Thu,2300,CB,CE1,129A ,F,R,D,DO,F , ,N,C,50,0,0,0,,,1316737,4981756