TLANAME,CRASHROAD,CRASHDIST,CRASHDIRN,INTSN,SIDEROAD,CRASHID,CRASHDATE,CRASHDOW,CRASHTIME,MVMT,VEHICLES,CAUSES,OBJECTSSTRUCK,ROADCURVE,ROADWET,LIGHT,WTHRa,JUNCTYPE,TRAFCTRL,ROADMARK,SPDLIM,CRASHFATALCNT,CRASHSEVCNT,CRASHMINCNT,PERSAGE1,PERSAGE2,EASTING,NORTHING
Central Otago District,PAERAU ROAD,7800,S, ,LINNBURN RUNS ROAD,201418402,08/11/2014,Sat,1700,DA,MS1,138A 433A 813 ,,E,D,B ,F , , ,N,100,0,1,0,,,1361030,4968097
Central Otago District,PATEAROA-WAIPIATA ROAD,1100,N, ,GREER ROAD,201416685,17/06/2014,Tue,2240,DB,CS1,103A 111A 131A 800 ,FV,M,W,DN,F , , ,C,100,0,1,0,,,1372739,4987870
Central Otago District,PUKETOI ROAD,500,E, ,PUKETOI RUNS ROAD,201434235,22/02/2014,Sat,1500,CC,CE1,138A 422A 433A ,F,R,D,O ,F , , ,N,100,0,0,0,,,1358370,4983077
Central Otago District,RANFURLY-PATEAROA ROAD,1000,S, ,ONEILL ROAD,201416347,17/06/2014,Tue,2240,DA,CS1,103A 111A ,,M,W,DN,F , ,N,C,100,0,1,0,,,1370356,4989370
Central Otago District,ROXBURGH EAST ROAD,200,S, ,GILMOUR ROAD,201411232,08/02/2014,Sat,1545,DB,MN1,131A 681A ,,M,D,O ,F , , ,C,100,0,0,1,,,1312508,4954936
Central Otago District,ROXBURGH EAST ROAD,2000,N, ,KNOBBY RANGE ROAD,201439213,18/03/2014,Tue,1900,BB,TN1C,205A 404A ,,M,D,B ,F , , ,C,100,0,0,0,,,1312403,4957048
Central Otago District,ROXBURGH EAST ROAD,1000,E, ,LADYSMITH ROAD,201448415,18/10/2014,Sat,1715,DB,CW1,111A 131A ,F,M,W,ON,L , ,N,C,100,0,0,0,,,1312882,4951059
Central Otago District,ROYAL TERRACE,30,W, ,ENTERPRISE ST,201445118,02/10/2014,Thu,2121,EA,VW1C,103A 129A ,FKM,R,D,DO,F , , ,R,50,0,0,0,,,1316409,4983270
Central Otago District,SCOTT LANE,490,E, ,KYEBURN RIVER ROAD,201413234,23/05/2014,Fri,1535,CB,TW1,110A 134A ,G,R,W,O ,L , ,N,C,100,0,0,1,,,1383714,5000950
Central Otago District,SHORTCUT ROAD,, ,I,LAKEVIEW TERRACE,201434919,20/01/2014,Mon,815,DC,CE1,501A ,F,R,D,BF,F ,X,G,C,50,0,0,0,,,1300939,5006593
Central Otago District,SPRINGVALE ROAD,200,E, ,SH 8,201437885,23/05/2014,Fri,1135,EC,CW1,132A 350A 912 ,W,M,W,O ,F , ,N,N,100,0,0,0,,,1312226,4988997
Central Otago District,TAY ST,, ,I,DERWENT ST,201440115,09/01/2014,Thu,1100,DB,CS1,130A 501A ,X,E,D,O ,F ,T,G,C,50,0,0,0,,,1375200,5010440
Central Otago District,TEVIOT ROAD,620,N, ,OVEN HILL ROAD,201418119,09/11/2014,Sun,1711,DB,MN1,131A 810 ,,M,D,B ,F , , ,C,100,0,1,0,,,1319542,4938488
Central Otago District,TIMA BURN ROAD,2000,N, ,OVEN HILL ROAD,201410010,06/01/2014,Mon,1210,AB,MN14C,104A 156A 810 831 ,,E,D,B ,F , , ,N,100,0,1,0,,,1321178,4939574
Central Otago District,VENTRY ST,90,N, ,BRANDON ST,201435157,16/03/2014,Sun,2030,EA,CS1C,386A ,M,R,D,DO,F , ,N,C,50,0,0,0,,,1316455,4982737
Central Otago District,WAENGA DRIVE,50,N, ,WISHART CRESCENT S,201449945,05/12/2014,Fri,2015,EA,CS1V,129A 386A ,M,R,D,TF,F , , ,C,50,0,0,0,,,1299437,5004821
Central Otago District,WINSTON PLACE,20,S, ,MCKELLAR ST,201434509,17/03/2014,Mon,2300,DA,TS1,129A ,X,M,D,DO,F ,R,G,R,50,0,0,0,,,1316688,4983345
Central Otago District,6/901/11.464,500,N, ,PUKEKOWHAI DRIVE,201446689,05/11/2014,Wed,800,DA,VN1,111A 131A 358A ,G,M,D,B ,F , , ,L,100,0,0,0,,,1310209,5032611
Central Otago District,6/918/15.264,4800,S, ,GILMORE ROAD,201414425,20/07/2014,Sun,730,DA,CN1,135A 802 ,C,E,I,DN,F , ,N,C,100,0,0,2,,,1303687,5013984
Central Otago District,6/918/15.694,1000,N, ,PISA MOORINGS ROAD,201449921,31/12/2014,Wed,1706,MC,4N1C,191A 352B 372B ,F,R,D,O ,F , , ,C,100,0,0,0,,,1303530,5013583
Central Otago District,6/938/2.935,200,S, ,BURN COTTAGE ROAD,201448246,07/11/2014,Fri,2200,EC,CN1,911,W,R,D,DN,F , ,N,C,100,0,0,0,,,1300547,5006968
Central Otago District,6/942/0,, ,A,SH 8B,201431547,08/01/2014,Wed,1010,JA,4S1C,302B 375B ,,R,D,O ,F ,T,G,C,80,0,0,0,,,1300057,5006224
Central Otago District,6/942/0.973,380,N, ,RIPPONVALE ROAD N,201432435,09/02/2014,Sun,1600,KA,CN1C,308B 375B 927 ,,R,D,O ,F ,D, ,C,100,0,0,0,,,1299271,5005659
Central Otago District,6/942/3.357,80,E, ,SANDFLAT ROAD,201440312,01/06/2014,Sun,835,DA,4S1,135A 802 904 ,PX,E,I,O ,MF, , ,C,100,0,0,0,,,1298033,5003726
Central Otago District,6/942/4.377,750,E, ,PEARSON ROAD,201412723,18/03/2014,Tue,1730,AO,BW1S,183A ,,R,D,BF,F , ,N,C,100,0,0,1,,23,1297042,5003483
Central Otago District,6/942/4.727,400,E, ,PEARSON ROAD,201413496,05/07/2014,Sat,1010,BF,CN14,103A 111A 131A ,,M,D,B ,F , , ,L,100,0,3,0,,,1296701,5003402
Central Otago District,8/217/0.344,300,W, ,LINDIS PASS SUMMIT,201440091,14/07/2014,Mon,1720,DA,4W1,135A 804 ,,M,D,ON,F , ,N,C,100,0,0,0,,,1333265,5057486
Central Otago District,8/217/0.511,500,S, ,LINDIS PASS SUMMIT,201413459,18/04/2014,Fri,1615,DB,CN1,111A 131A ,C,M,W,DN,L , , ,L,100,0,0,3,,,1333213,5057644
Central Otago District,8/217/2.73,2010,S, ,MT THOMAS STATION,201435302,25/02/2014,Tue,1230,AB,CN1C,153A 156A 831 ,,M,D,B ,F , , ,C,100,0,0,0,,,1331327,5058361
Central Otago District,8/217/3.74,1000,S, ,MT THOMAS STATION,201413454,02/06/2014,Mon,1021,DA,VN1,131A 802 ,V,M,I,O ,FF, , ,C,100,0,0,4,,,1330412,5058049
Central Otago District,8/217/8.044,8000,W, ,LINDIS PASS SUMMIT,201449653,15/12/2014,Mon,1900,DA,CS1,131A 404A ,F,M,D,B ,F , , ,C,100,0,0,0,,,1327265,5055712
Central Otago District,8/217/11.186,1000,S, ,DIP CRK BR,201410993,07/02/2014,Fri,1325,BB,VS1C,129A 410A ,,M,D,BN,F , ,N,C,100,0,0,1,,,1324751,5054396
Central Otago District,8/233/2.722,6000,N, ,GOODGER ROAD,201436128,07/05/2014,Wed,1645,EC,4S1,132A 801 901 ,X,R,W,O ,H , , ,C,100,0,0,0,,,1321660,5048733
Central Otago District,8/233/8.722,, ,I,GOODGER ROAD,201437600,10/05/2014,Sat,430,DB,CN1,131A 412A ,F,M,D,DN,F ,T,N,C,100,0,0,0,,,1322769,5044138
Central Otago District,8/233/9.182,460,S, ,GOODGER ROAD,201447386,08/04/2014,Tue,1610,DA,CN1,350A 404A ,F,M,D,B ,F , ,N,C,100,0,0,0,,,1322969,5043743
Central Otago District,8/233/9.722,1000,S, ,GOODGER ROAD,201433903,07/04/2014,Mon,1203,CB,4S1,128A 665A ,,R,D,B ,F , ,N,C,100,0,0,0,,,1323015,5043205
Central Otago District,8/233/10.977,10200,N, ,CLUDEN HILL ROAD,201400032,16/02/2014,Sun,1730,DA,CN1,410A 692A ,FT,E,D,BN,F , ,N,C,100,1,0,0,,,1323324,5042025
Central Otago District,8/233/11.946,30,N, ,LINDIS ARMCO NO2 CV,201418248,28/12/2014,Sun,1540,BF,CS1V,131A 156A 197B 831 ,,M,D,B ,F , , ,C,100,0,3,1,,,1323436,5041081
Central Otago District,8/247/5.149,3800,S, ,PHILLIPS ROAD N,201440093,18/07/2014,Fri,1511,DB,CS1,410A ,FS,M,D,BN,F , ,N,C,100,0,0,0,,,1323459,5034058
Central Otago District,8/247/6.459,660,N, ,CLUDEN HILL ROAD,201416676,04/11/2014,Tue,1930,BB,CN1C,123A 205A 404A 801 ,,M,W,O ,L , , ,L,100,0,1,1,,,1323755,5033139
Central Otago District,8/247/6.719,400,E, ,CLUDEN HILL ROAD,201411937,13/02/2014,Thu,1232,BC,CE1C,181A 197A ,,M,D,ON,F , ,N,C,100,0,0,1,,,1323897,5032933
Central Otago District,8/247/7.914,100,E, ,ARCHIES FLAT ROAD,201418219,16/12/2014,Tue,1720,BF,CW1C,131A 134A 191B 197B ,,M,D,B ,F , , ,C,100,0,0,1,,,1323357,5032002
Central Otago District,8/247/10.343,2110,E, ,PHILLIPS ROAD S,201413222,01/06/2014,Sun,1800,BF,CE1C,120A 134A 135A 120B 135B 802 905 ,,E,I,DN,SF, ,N,C,100,0,0,1,,,1321209,5032986
Central Otago District,8/247/16.338,, ,I,ARDGOUR ROAD N,201432158,06/02/2014,Thu,1210,DB,CE1,111A 350A 402A ,GP,E,D,B ,F ,T,G,C,100,0,0,0,,,1317561,5029103
Central Otago District,8/247/16.338,, ,I,ARDGOUR ROAD N,201411948,29/03/2014,Sat,1018,BF,4E1V,111A 131A ,,S,D,ON,F ,T,G,C,100,0,0,1,,,1317561,5029103
Central Otago District,8/266/3.685,1150,N, ,MAORI POINT ROAD,201432938,08/03/2014,Sat,2100,EC,BS1,195A 912 ,VW,R,D,DN,F , , ,C,100,0,0,0,,,1313202,5025364
Central Otago District,8/266/5.313,300,N, ,LINDIS RIV BR,201418787,23/12/2014,Tue,900,CB,CN1,130A 352A 404A ,EF,R,D,B ,F , , ,C,100,0,0,1,,,1312249,5024081
Central Otago District,8/271/0.031,, ,A,LINDIS RIV BR,201440092,06/07/2014,Sun,530,EC,4S1,129A 386A ,B,E,D,DN,FS,T,G,C,100,0,0,0,,,1312087,5023831
Central Otago District,8/271/0.084,25,N, ,ARDGOUR ROAD S,201450162,24/11/2014,Mon,1600,DB,CN1,111A 131A 357A ,B,S,D,B ,F , , ,C,100,0,0,0,,,1312063,5023784
Central Otago District,8/271/0.109,, ,I,ARDGOUR ROAD,201439142,29/04/2014,Tue,1450,DB,CS1,111A ,,M,D,O ,F ,T,N,C,100,0,0,0,,,1312046,5023765
Central Otago District,8/271/3.376,920,S, ,LOOP ROAD N,201438492,22/06/2014,Sun,1130,CC,CS1,129A 134A 407A ,C,R,D,B ,F , , ,C,100,0,0,0,,,1309955,5021420
Central Otago District,8/271/9.822,2600,S, ,LOOP ROAD S,201439964,05/07/2014,Sat,1715,DA,VS1,136A 682A ,G,E,D,TN,F , ,N,C,90,0,0,0,,,1306801,5015942
Central Otago District,8/271/12.122,4900,S, ,LOOP ROAD S,201439965,18/03/2014,Tue,1535,BC,CN14,129A 411A ,,E,D,BN,F , ,N,C,100,0,0,0,,,1305958,5013861
Central Otago District,8/271/15.787,150,S, ,JOHN BULL CRK,201448672,19/11/2014,Wed,1830,DA,4N1,131A 501A ,G,M,D,B ,F , , ,C,100,0,0,0,,,1303752,5011001
Central Otago District,8/271/16.944,500,N, ,MCLEAN ROAD,201416356,19/10/2014,Sun,1320,CC,CS1,129A 134A ,T,R,D,B ,F , ,N,C,100,0,0,2,,,1303331,5009925
Central Otago District,8/297/0,, ,I,SH 8B,201430160,04/01/2014,Sat,1035,DA,CS14C,130A 205A 404A ,,R,D,B ,F ,T,G,C,100,0,0,0,,,1302535,5005750
Central Otago District,8/297/7.318,3700,S, ,BREWERY CRK TUNNEL,201410101,17/01/2014,Fri,1755,CB,CN1,129A 130A 402A ,E,R,D,B ,F , , ,C,100,0,0,1,,,1305680,5000958
Central Otago District,8/297/12.238,400,S, ,LEANING ROCK CRK,201446686,07/11/2014,Fri,1445,CB,CN1,129A 130A 330A ,G,R,D,B ,F , , ,C,100,0,0,0,,,1309451,4998181
Central Otago District,8/310/7.557,200,S, ,CLYDE LOOKOUT ROAD,201439656,24/06/2014,Tue,715,DB,CS1,111A 131A 802 ,G,E,I,DN,FF, , ,L,100,0,0,0,,,1310646,4990272
Central Otago District,8/310/8.399,1000,N, ,HAZLETT ST,201432295,11/01/2014,Sat,1629,DA,CS1,131A 681A ,G,M,D,B ,F , , ,C,100,0,0,0,,,1311344,4989805
Central Otago District,8/310/8.499,900,N, ,HAZLETT ST,201435532,03/05/2014,Sat,1000,DB,CN1,130A 357A 505A ,G,E,D,B ,F , , ,L,100,0,0,0,,,1311426,4989749
Central Otago District,8/310/15.046,1100,N, ,HENDERSON DRIVE,201415205,29/07/2014,Tue,2215,CB,CN1,506A 512A ,T,R,D,DN,F , ,N,C,100,0,0,1,,,1315128,4984760
Central Otago District,8/310/17.048,, ,I,CLUTHA ST,201413637,09/06/2014,Mon,1530,DA,CS1,131A 133A 402A 403A 801 ,CX,R,W,O ,L ,R,G,R,50,0,0,2,,,1316263,4983156
Central Otago District,8/310/17.048,, ,I,CLUTHA ST,201435535,03/05/2014,Sat,1135,EA,VN1T,129A 330A 404A ,M,R,D,B ,F ,R,G,R,50,0,0,0,,,1316263,4983156
Central Otago District,8/310/17.068,20,S, ,KILLARNEY ST,201434991,25/04/2014,Fri,1520,MC,CS1C,372B ,,E,D,OF,F , ,N,C,50,0,0,0,,,1316276,4983141
Central Otago District,8/310/17.562,20,N, ,BRANDON ST,201430338,02/01/2014,Thu,1400,MO,TS1,131A 385A 922 ,H,E,D,O ,F ,D,N,C,50,0,0,0,,,1316593,4982762
Central Otago District,8/310/17.875,50,S, ,SHANNON ST,201449700,20/12/2014,Sat,920,MC,CS1C,372B ,,R,D,O ,F , ,N,C,50,0,0,0,,,1316794,4982522
Central Otago District,LIMERICK ST,, ,I,KELMAN ST,201432156,07/02/2014,Fri,1155,JA,CS1C,302B 375B ,,E,D,B ,F ,T,G,C,50,0,0,0,,,1316873,4982094
Central Otago District,8/328/6.222,180,N, ,CONROYS ROAD,201414613,10/04/2014,Thu,850,DA,MN1,135A 804 ,GV,M,D,O ,F , , ,C,100,0,1,0,,,1312711,4978315
Central Otago District,8/328/7.902,1500,S, ,CONROYS ROAD,201441681,09/08/2014,Sat,1925,BF,CN1C,134A 402A 444A 378B 832 ,,E,D,DN,F , , ,L,100,0,0,0,,,1312330,4976776
Central Otago District,8/328/12.265,650,N, ,SYMES ROAD,201435534,03/05/2014,Sat,1100,CC,4S1,130A 631A ,F,R,D,B ,F , , ,C,100,0,0,0,,,1310394,4972929
Central Otago District,8/328/12.915,, ,I,SYMES ROAD,201432632,22/03/2014,Sat,305,EC,CN1,912,W,R,D,DN,F ,T,G,C,100,0,0,0,,,1310248,4972298
Central Otago District,8/343/0.927,2800,S, ,SYMES ROAD,201450945,20/12/2014,Sat,1330,DB,CN1,129A 131A 410A ,E,E,D,B ,F , , ,C,100,0,0,0,,,1309805,4969558
Central Otago District,8/343/1.027,2900,S, ,SYMES ROAD,201418246,06/12/2014,Sat,1530,DB,CN1,131A 330A ,E,E,D,B ,F , , ,C,100,0,0,1,,,1309825,4969460
Central Otago District,8/343/3.023,, ,A,GORGE CRK BR,201444244,25/05/2014,Sun,720,DA,TN1,129A 680A 801 ,G,S,W,TN,L , , ,C,100,0,0,0,,,1308318,4968505
Central Otago District,8/350/2.904,1000,S, ,SHINGLE CREEK HOTEL,201446137,25/10/2014,Sat,700,QG,4W1,130A 682A ,G,M,D,B ,F , , ,C,100,0,0,0,,,1310176,4962985
Central Otago District,8/350/11.206,1000,S, ,TAMBLYN ROAD,201432436,05/02/2014,Wed,1525,GD,CS1C,333A 927 ,,R,D,O ,F ,D, ,C,100,0,0,0,,,1311030,4956140
Central Otago District,8/365/3.127,, ,I,HAWICK ST,201414738,03/08/2014,Sun,1455,FA,CS1C,331A 402A 412A ,,E,D,O ,F ,X,G,C,50,0,1,0,,,1312308,4950377
Central Otago District,8/381/1.123,1000,S, ,NORMAN ROAD,201418068,03/12/2014,Wed,40,CB,CS1,195A ,T,R,D,DN,F , ,N,C,100,0,0,3,,,1318310,4938478
Central Otago District,8/381/1.423,1300,S, ,NORMAN ROAD,201444060,26/07/2014,Sat,1135,CB,CN1,130A 402A ,V,R,W,ON,L , ,N,C,100,0,0,0,,,1318542,4938289
Central Otago District,8/381/3.115,500,N, ,MILLERS FLAT BRIDGE ROAD,201416536,18/09/2014,Thu,1450,DB,4N1,131A 501A ,EFT,E,D,ON,F , ,N,C,100,0,0,1,,,1319914,4937315
Central Otago District,8/381/8.615,5000,S, ,MILLERS FLAT BRIDGE ROAD,201432294,12/01/2014,Sun,1650,CA,CN1,404A 410A ,VX,R,D,B ,F , , ,C,100,0,0,0,,,1322552,4932554
Central Otago District,8/381/9.415,5800,S, ,MILLERS FLAT BRIDGE ROAD,201440843,03/08/2014,Sun,1400,CB,CS1,410A ,K,R,D,O ,F , , ,C,100,0,0,0,,,1322881,4931828
Central Otago District,8/381/12.289,3000,N, ,MCCUNN ROAD,201410759,25/03/2014,Tue,1425,BF,CN1V,350A 410A ,,E,D,B ,F , ,N,C,100,0,2,0,,,1324427,4929429
Central Otago District,8/381/13.289,2000,E, ,MCCUNN ROAD,201436728,22/05/2014,Thu,1615,DB,4S1,130A 504A ,,E,D,O ,F , ,N,C,100,0,0,0,,,1325261,4928878
Central Otago District,85/62/2.603,460,W, ,RIDGE ROAD,201445234,12/10/2014,Sun,815,DA,4W1,131A ,S,M,D,B ,F , , ,L,100,0,0,0,,,1382629,4997909
Central Otago District,85/62/5.822,1700,E, ,RING FENCE ROAD,201415752,18/08/2014,Mon,830,DA,40,129A 363A 902 ,V,E,D,BN,F , ,N,C,100,0,0,1,,,1380339,5000137
Central Otago District,85/79/2.674,200,S, ,RANFURLY-NASEBY ROAD,201412788,10/04/2014,Thu,2000,EC,CN1,912,W,R,D,DN,F , ,N,C,100,0,0,1,,,1371267,5002863
Central Otago District,85/92/5.373,1000,E, ,IDA VALLEY-OMAKAU ROAD E,201415667,10/09/2014,Wed,1300,DB,CN1,129A 134A ,F,E,D,B ,F , ,N,C,100,0,0,1,,,1361873,5013610
Central Otago District,85/134/4.152,10,E, ,HARVEY ST,201432615,09/03/2014,Sun,1530,MO,400000000000000,371A ,M,R,D,B ,F ,T,N,C,50,0,0,0,,,1332627,5000955
Central Otago District,85/134/11.871,1990,N, ,KINNEY ROAD,201414129,14/03/2014,Fri,2320,CC,CS1,103A ,C,R,D,DN,F , ,N,C,100,0,1,0,,,1326606,4997407
Central Otago District,85/148/16.12,40,N, ,BANTRY ST,201447481,30/11/2014,Sun,1010,CC,CS1,130A 504A ,KP,R,D,B ,F , ,N,C,50,0,0,0,,,1317093,4982608
Central Otago District,85/148/16.14,20,N, ,BANTRY ST,201443929,25/08/2014,Mon,2000,MB,CN1P,303B 375B ,,R,D,DO,F , ,N,C,50,0,0,0,,,1317085,4982590
Central Otago District,87/110/4.039,300,S, ,CEMETERY ROAD,201434989,16/04/2014,Wed,635,EC,VN1,912,W,R,W,DN,L , ,N,C,100,0,0,0,,,1384325,4995005
Central Otago District,8A/0/3.503,70,W, ,COLLING ROAD,201414426,20/07/2014,Sun,920,DA,VE1,135A ,V,E,I,BN,F , ,N,C,100,0,0,1,,,1312464,5029945
Central Otago District,8B/0/0.594,, ,I,ALPHA ST,201434990,26/04/2014,Sat,1745,GD,CE14,181A ,,R,D,TF,F ,T,G,P,80,0,0,0,,,1301982,5005964
Central Otago District,90/0/0.7,700,W, ,SH 8,201411976,26/03/2014,Wed,1815,CB,CW1,129A 134A ,F,R,D,BF,F , ,N,C,100,0,1,0,,,1324817,4923386
Chatham Islands County,AIR BASE ROAD,1790,W, ,NORTH ROAD,201416884,12/09/2014,Fri,900,DA,VN1,129A 134A ,,M,D,B ,F , ,N,N,80,0,0,1,,,2084966,5188931
Chatham Islands County,NORTH ROAD,9000,N, ,WAIPAPA CRK BR,201437768,07/06/2014,Sat,1800,EC,CN1,915,W,R,D,DN,F , , ,N,80,0,0,0,,,2086567,5201456
Chatham Islands County,TIKITIKI HILL ROAD,280,S, ,TV STN,201412900,25/05/2014,Sun,230,DB,MN1,103A 433A 813 ,P,M,W,DN,L , , ,N,40,0,0,1,,,2081497,5176990
Chatham Islands County,WAITANGI TUKU ROAD,5340,S, ,METEOROLOGICAL LANE,201431699,14/01/2014,Tue,945,DB,4N1,131A 813 ,,S,D,O ,F , , ,N,80,0,0,0,,,2077849,5172857
Chatham Islands County,WAITANGI WHARF OWENGA ROA,300,W, ,NORTH ROAD,201447404,14/11/2014,Fri,100,CC,4000000000000000000000000000000000000000000000000000000000000000000000000000000000000000000000000000000000000000000000000000000000000000000000000,103A 125A ,M,R,D,DN,F , ,N,C,50,0,0,0,,,2082573,5176503
Chatham Islands County,WAITANGI WHARF OWENGA ROA,100,E, ,WAITANGI TUKU ROAD,201439064,16/06/2014,Mon,1430,QD,4W1,428A ,F,R,D,BF,F , ,N,C,50,0,0,0,,,2081855,5176615
Christchurch City,ABROS PLACE,, ,I,WAIRAKEI ROAD,201448122,17/11/2014,Mon,1220,JA,CW1C,303B ,,R,D,O ,F ,T,N,C,50,0,0,0,,,1565228,5184658
Christchurch City,AIDANFIELD DRIVE,80,E, ,BIBIANA ST,201442799,30/07/2014,Wed,2115,CB,CE1,330A 350A ,P,R,D,DO,F , ,N,R,50,0,0,0,,,1565631,5176260
Christchurch City,AIKMANS ROAD,20,W, ,PAPANUI ROAD,201416379,14/10/2014,Tue,1623,PC,XW1E,371A 711B 926 ,,R,D,O ,F ,D,N,N,50,0,0,1,48,,1569379,5182281
Christchurch City,AKAROA ST,, ,I,DAWE ST,201415868,25/09/2014,Thu,2030,KB,CN1C,101B 303B ,,M,D,DO,F ,T,N,C,50,0,0,1,,,1571854,5183774
Christchurch City,AKAROA ST,, ,I,HILLS ROAD,201431085,03/02/2014,Mon,752,JB,CE1S,302A 375A ,,R,D,B ,F ,T,G,C,50,0,0,0,,,1571834,5183651
Christchurch City,ALDWINS ROAD,, ,I,BASS ST,201416378,14/10/2014,Tue,800,FE,4S1C,331A 350A ,,R,D,O ,F ,T,T,R,60,0,0,1,,,1573145,5179162
Christchurch City,ALDWINS ROAD,, ,I,EDMOND ST,201417599,07/10/2014,Tue,833,MB,SS1C,372B 382B 929 ,,R,D,BF,F ,D,N,R,50,0,1,0,,75,1573093,5179059
Christchurch City,ALDWINS ROAD,, ,I,EDMOND ST,201435732,10/04/2014,Thu,1957,FA,CN1C,103A 130A 331A 801 ,IPS,R,W,DO,L ,T,N,R,60,0,0,0,,,1573083,5179065
Christchurch City,ALDWINS ROAD,20,N, ,HARROW ST,201432773,26/02/2014,Wed,1705,GA,4N1C,181A 142B 929 ,,R,D,B ,F ,D, ,R,50,0,0,0,,,1573275,5179445
Christchurch City,ALDWINS ROAD,, ,I,HARROW ST,201447689,20/11/2014,Thu,940,FE,CN1C,181A 387A ,,R,D,BF,F ,T,T,R,50,0,0,0,,,1573266,5179427
Christchurch City,ALDWINS ROAD,, ,I,LINWOOD AVENUE,201448901,22/11/2014,Sat,1848,DB,CW1CC,131A 358A ,MM,R,D,O ,F ,X,T,R,50,0,0,0,,,1573589,5179867
Christchurch City,ALDWINS ROAD,, ,I,LINWOOD AVENUE,201433624,10/03/2014,Mon,645,HA,CN1C,309A 350A 817 845 ,,R,D,DO,F ,X,T,C,50,0,0,0,,,1573588,5179885
Christchurch City,ALLOY ST,, ,I,NGA MAHI ROAD,201447771,23/10/2014,Thu,1554,LB,TN14,197B 303B 927 ,,R,D,B ,F ,D,N,C,50,0,0,0,,,1563967,5179091
Christchurch City,ALPORT PLACE,, ,I,FERRY ROAD,201435717,28/04/2014,Mon,952,MG,CS1C,330B 371B 801 817 ,,R,W,O ,L ,T,S,C,50,0,0,0,,,1574916,5177756
Christchurch City,AMYES ROAD,130,S, ,BRANSTON ST,201450487,01/11/2014,Sat,1503,CB,CW1CC,129A 359A ,MM,R,D,BF,F , ,N,C,50,0,0,0,,,1561953,5178181
Christchurch City,AMYES ROAD,, ,I,TREVOR ST,201442577,10/07/2014,Thu,1158,EO,TW2,686A ,X,R,D,OF,F ,T,G,C,50,0,0,0,,,1562275,5177830
Christchurch City,AMYES ROAD,60,W, ,WITHAM ST,201414942,20/06/2014,Fri,1619,CB,CE1,412A ,P,R,D,OF,F , ,N,C,50,0,0,1,,,1562145,5177970
Christchurch City,ANNELL PLACE,80,W, ,WITBROCK CRESCENT,201442374,26/08/2014,Tue,2000,DC,CW1,112A 653A ,FK,R,D,TN,F , ,N,N,50,0,0,0,,,1565248,5183279
Christchurch City,ANTIGUA ST,20,S, ,BURKE ST,201448115,03/11/2014,Mon,1230,GD,TN1V,331A 352A 927 ,,R,D,B ,F ,D,N,C,50,0,0,0,,,1569944,5178549
Christchurch City,ANTIGUA ST,, ,I,BURKE ST,201431577,13/01/2014,Mon,1940,HA,CE2C,301A 357A 377A 839 ,,R,D,TF,F ,X,S,C,50,0,0,0,,,1569943,5178569
Christchurch City,ANTIGUA ST,, ,I,DISRAELI ST,201446232,07/10/2014,Tue,1713,HA,CS1CC,301B 377B ,,R,D,OF,F ,X,S,R,50,0,0,0,,,1569941,5178895
Christchurch City,ANTIGUA ST,, ,I,DISRAELI ST,201416478,20/08/2014,Wed,1540,HA,CN1CC,301B 375B ,,R,D,B ,F ,X,S,R,50,0,0,1,,,1569941,5178895
Christchurch City,ANTIGUA ST,30,N, ,HAZELDEAN ROAD,201410836,30/01/2014,Thu,826,LB,SN1C,303B 314B 377B 927 ,,R,D,B ,F ,D, ,N,50,0,0,1,,53,1569940,5179048
Christchurch City,ANTIGUA ST,, ,I,MOORHOUSE AVENUE,201418460,09/12/2014,Tue,1145,GB,SN1C,330B 372B ,,E,D,B ,F ,X,T,C,50,0,0,1,,66,1569941,5179148
Christchurch City,ANTIGUA ST,, ,I,MOORHOUSE AVENUE,201416287,11/04/2014,Fri,1320,LB,SW2V,303B ,,R,D,O ,F ,X,T,R,50,0,0,1,,28,1569941,5179148