TLANAME,CRASHROAD,CRASHDIST,CRASHDIRN,INTSN,SIDEROAD,CRASHID,CRASHDATE,CRASHDOW,CRASHTIME,MVMT,VEHICLES,CAUSES,OBJECTSSTRUCK,ROADCURVE,ROADWET,LIGHT,WTHRa,JUNCTYPE,TRAFCTRL,ROADMARK,SPDLIM,CRASHFATALCNT,CRASHSEVCNT,CRASHMINCNT,PERSAGE1,PERSAGE2,EASTING,NORTHING
Christchurch City,ANTIGUA ST,, ,I,MOORHOUSE AVENUE,201440415,25/06/2014,Wed,1500,HA,CE24CS,322B 334B ,M,R,W,O ,F ,X,T,C,50,0,0,0,,,1569941,5179160
Christchurch City,ANTIGUA ST,30,S, ,ST ASAPH ST,201436810,24/04/2014,Thu,530,MO,VN1C,371A ,M,R,D,DO,F , , ,C,50,0,0,0,,,1569914,5179517
Christchurch City,AORANGI ROAD,, ,I,ILAM ROAD,201411293,10/03/2014,Mon,710,JA,SN2C,302B ,,M,D,O ,F ,T,G,C,50,0,1,0,,51,1566469,5182585
Christchurch City,AORANGI ROAD,300,S, ,WAIRAKEI ROAD,201416786,14/09/2014,Sun,40,EA,CS1C,103A 130A ,M,R,D,DO,F , , ,C,50,0,1,0,,,1566954,5182987
Christchurch City,APSLEY DRIVE,50,W, ,ABINGDON COURT,201416735,07/10/2014,Tue,2325,EA,VW1CV,102A 129A 410A ,MM,E,D,DO,F , , ,C,50,0,0,1,,,1563572,5182040
Christchurch City,ARCON DRIVE,100,E, ,CYCLEWAY,201450645,28/12/2014,Sun,2020,DB,4N1C4,111A 131A 430A ,M,M,D,TF,F , ,N,N,50,0,0,0,,,1562161,5180583
Christchurch City,ARCON DRIVE,100,N, ,VANGUARD DRIVE,201439890,27/06/2014,Fri,725,EA,CS1C,129A 645A ,M,R,D,B ,F , , ,C,50,0,0,0,,,1561924,5180628
Christchurch City,ARMAGH ST,, ,I,FITZGERALD AVENUE W,201433958,30/03/2014,Sun,1655,HA,CN2C,322B 334B ,,R,D,O ,F ,X,T,R,50,0,0,0,,,1571755,5180407
Christchurch City,ARMAGH ST,, ,I,MADRAS ST,201440408,29/06/2014,Sun,1215,HA,CE1C,322A 334A ,,R,D,B ,F ,X,T,C,50,0,0,0,,,1571124,5180403
Christchurch City,ASHGROVE TERRACE,, ,I,CASHMERE VIEW ST,201442303,07/08/2014,Thu,1000,KA,CE1C,309B 375B ,,R,D,B ,F ,T,N,N,50,0,0,0,,,1569409,5175905
Christchurch City,ASHWOOD ST,10,N, ,QUEENSPARK DRIVE,201416561,29/09/2014,Mon,900,NA,CS1E,712B 713B ,,R,D,BF,F ,T,G,C,50,0,0,1,32,,1575667,5185933
Christchurch City,ATHELSTAN ST,50,S, ,SIMEON ST,201445994,28/09/2014,Sun,1730,CA,CN1,102A 130A ,S,R,D,B ,F , , ,X,50,0,0,0,,,1569473,5177384
Christchurch City,ATHELSTAN ST,100,W, ,SIMEON ST,201444096,20/07/2014,Sun,2334,CA,CE1,103A ,IS,R,D,DO,F , ,N,R,50,0,0,0,,,1569434,5177352
Christchurch City,ATHOL TERRACE,80,E, ,BRODIE ST,201436972,18/04/2014,Fri,708,EA,CE1V,112A 129A 517A 901 ,M,R,W,DO,H , , ,C,50,0,0,0,,,1565257,5180862
Christchurch City,AVONDALE ROAD,20,N, ,BREEZES ROAD,201440414,27/06/2014,Fri,800,CC,CN1,112A 125A ,P,R,D,TO,F , ,N,C,50,0,0,0,,,1574643,5182700
Christchurch City,AVONHEAD ROAD,, ,I,MAIDSTONE ROAD,201413465,26/06/2014,Thu,2300,LB,PS1C,201B ,,M,D,DO,FF,R,G,R,50,0,0,1,,,1564747,5181683
Christchurch City,AVONHEAD ROAD,100,S, ,PARKSTONE AVENUE,201438261,10/06/2014,Tue,1550,MC,CS1C,375B ,,R,W,OO,L , ,N,C,50,0,0,0,,,1564504,5181014
Christchurch City,AVONHEAD ROAD,, ,A,RON GUTHREY ROAD,201418080,04/12/2014,Thu,1013,HA,CE14,302B 377B ,,R,D,BF,F ,X,G,C,100,0,0,1,,,1563207,5183890
Christchurch City,AVONHEAD ROAD,, ,A,RON GUTHREY ROAD,201418436,27/12/2014,Sat,1130,HA,VE1C,302B 355B 375B ,,R,D,B ,F ,X,G,C,100,0,1,0,,,1563207,5183890
Christchurch City,AVONHEAD ROAD,, ,I,RON GUTHREY ROAD,201448651,17/07/2014,Thu,2205,HA,400000000000000,302B 375B 901 903 ,,R,W,DO,HS,X,G,C,100,0,0,0,,,1563299,5183852
Christchurch City,AVONHEAD ROAD,70,E, ,ROYDVALE AVENUE,201415223,04/06/2014,Wed,1620,EA,CW1TC,129A 363A 181C ,M,R,D,BF,F , ,N,C,50,0,1,1,,,1564287,5183291
Christchurch City,AVONHEAD ROAD,100,E, ,WITHELLS ROAD,201417583,06/11/2014,Thu,825,MD,VW1C,308B 929 ,,R,D,BF,F ,D,N,C,50,0,0,1,,,1564527,5183083
Christchurch City,AVONSIDE DRIVE,5,E, ,FITZGERALD AVENUE,201447120,21/09/2014,Sun,1245,MO,CE1C,691A 313B 372B ,,E,D,B ,F ,X,T,C,50,0,0,0,,,1571771,5180650
Christchurch City,AVONSIDE DRIVE,50,E, ,STANMORE ROAD,201439083,14/04/2014,Mon,1450,FD,CW1C,331A 358A ,,R,D,BF,F , ,N,L,50,0,0,0,,,1572337,5180777
Christchurch City,AVONSIDE DRIVE,10,E, ,TRENT ST,201411297,05/03/2014,Wed,650,AO,PW1C,198A ,,R,W,DO,HS,T,G,C,50,0,1,0,,,1572514,5180785
Christchurch City,AVONSIDE DRIVE,, ,I,WOODHAM ROAD,201439241,16/04/2014,Wed,1348,LB,CW2C,303B ,,E,D,B ,F ,X,G,C,50,0,0,0,,,1572555,5180802
Christchurch City,AWATEA ROAD,500,S, ,SPRINGS ROAD,201416146,04/09/2014,Thu,650,CB,CN1,112A 130A ,PX,R,D,DO,F , , ,C,50,0,1,0,,,1562779,5177460
Christchurch City,AYLESFORD ST,100,W, ,HILLS ROAD,201446748,18/10/2014,Sat,2241,CC,CW1V,112A 125A ,FMT,R,D,DO,F , ,N,N,50,0,0,0,,,1571768,5182837
Christchurch City,AZTEC PLACE,, ,I,PRESTONS ROAD,201446233,06/10/2014,Mon,1330,JA,TE2C,377B 839 ,,R,D,OF,F ,T,N,C,50,0,0,0,,,1569632,5186479
Christchurch City,BALCAIRN ST,100,W, ,ENSIGN ST,201442443,08/07/2014,Tue,1542,GB,CW1C,158A 333A 930 ,,R,D,OF,F ,D,N,N,50,0,0,0,,,1564998,5175283
Christchurch City,BANBURY ST,, ,I,DALTON PLACE,201440891,05/07/2014,Sat,430,CB,CN1,101A 112A ,P,R,D,DO,F ,T,N,N,50,0,0,0,,,1565665,5183391
Christchurch City,BARBADOES ST,, ,I,AMURI PARK LANE,201446911,10/10/2014,Fri,720,GB,CS1T,158A 671B 929 ,,R,D,BF,F ,D,N,C,50,0,0,0,,,1571363,5181200
Christchurch City,BARBADOES ST,5,N, ,BEALEY AVENUE,201416274,09/10/2014,Thu,1804,FA,CN1S,181A ,,R,D,O ,F ,X,T,R,50,0,0,1,,45,1571371,5181293
Christchurch City,BARBADOES ST,50,S, ,CASHEL ST,201445995,17/09/2014,Wed,712,FD,VS1C,331A 358A ,,R,W,O ,L , , ,C,50,0,0,0,,,1571371,5179870
Christchurch City,BARBADOES ST,, ,I,COVENTRY ST,201414364,09/06/2014,Mon,903,KB,MS1CC,112A 330A 302B 370B 925 ,M,R,W,O ,L ,D,G,C,50,0,1,0,,,1571375,5179394
Christchurch City,BARBADOES ST,50,S, ,EDGEWARE ROAD,201438791,17/04/2014,Thu,1500,EE,CN1V,129A ,M,R,W,OF,L , ,N,C,50,0,0,0,,,1571383,5182057
Christchurch City,BARBADOES ST,, ,I,EDGEWARE ROAD,201450464,02/12/2014,Tue,1505,LB,CS1C,303B ,,R,D,BF,F ,X,T,C,50,0,0,0,,,1571383,5182107
Christchurch City,BARBADOES ST,, ,I,EDGEWARE ROAD,201416443,17/09/2014,Wed,1435,HA,CS14,322B 801 ,,R,W,O ,L ,X,T,C,50,0,0,2,,,1571383,5182107
Christchurch City,BARBADOES ST,, ,I,EDGEWARE ROAD,201445200,23/09/2014,Tue,1447,HA,CS1T,322B 334B 350B ,,R,D,B ,F ,X,T,C,50,0,0,0,,,1571383,5182107
Christchurch City,BARBADOES ST,, ,I,GLOUCESTER ST,201412441,15/04/2014,Tue,2003,HA,CS1S,322B 334B 801 ,,R,W,DO,L ,X,T,C,50,0,0,1,,34,1571368,5180284
Christchurch City,BARBADOES ST,, ,I,GLOUCESTER ST,201441592,01/08/2014,Fri,1045,HA,CS1T,322A 330A ,,R,D,B ,F ,X,T,C,50,0,0,0,,,1571368,5180284
Christchurch City,BARBADOES ST,, ,I,GLOUCESTER ST,201444789,11/09/2014,Thu,1115,HA,4W2C,322B ,,R,D,BF,F ,X,T,C,50,0,0,0,,,1571368,5180284
Christchurch City,BARBADOES ST,, ,I,HEREFORD ST,201441490,25/07/2014,Fri,550,BB,CS1S,124A ,,R,D,DO,F ,X,T,C,50,0,0,0,,,1571370,5180041
Christchurch City,BARBADOES ST,, ,I,HEREFORD ST,201447755,06/10/2014,Mon,2000,HA,CW2C,322A ,,R,W,DO,H ,X,T,C,50,0,0,0,,,1571370,5180041
Christchurch City,BARBADOES ST,, ,I,NOVA PLACE,201414565,03/06/2014,Tue,1529,KA,SS1C,309B 375B ,,R,D,B ,F ,T,N,C,50,0,1,0,,58,1571367,5180722
Christchurch City,BARBADOES ST,5,N, ,OXFORD TERRACE,201415904,13/08/2014,Wed,750,DA,PS1,111A 131A 802 812 ,,E,I,B ,FF,T,G,C,50,0,0,1,,,1571366,5180783
Christchurch City,BARBADOES ST,15,N, ,WORCESTER ST,201443715,12/08/2014,Tue,1237,AA,TS1V,372A ,,R,D,B ,F ,X,T,C,50,0,0,0,,,1571369,5180177
Christchurch City,BARBADOES ST,30,N, ,WORCESTER ST,201431736,03/01/2014,Fri,1630,NB,CS1E,506B 722B ,,R,D,BF,F , , ,C,50,0,0,0,,,1571369,5180192
Christchurch City,BARBADOES ST,, ,I,WORCESTER ST,201451056,10/12/2014,Wed,700,DB,CW2C,111A 131A ,M,R,W,OF,L ,T,G,C,50,0,0,0,,,1571370,5180162
Christchurch City,BARBADOES ST,, ,I,WORCESTER ST,201410045,09/02/2014,Sun,1328,FE,4S1CC,101A 331A 353A ,,R,D,O ,F ,X,T,C,50,0,0,1,,,1571370,5180162
Christchurch City,BARRINGTON ST,, ,I,ASHGROVE TERRACE,201445556,26/09/2014,Fri,1049,GD,VN1C,331A ,,R,D,B ,F ,X,G,C,50,0,0,0,,,1570102,5176155
Christchurch City,BARRINGTON ST,100,N, ,BEWDLEY ST,201418856,30/11/2014,Sun,2235,CB,CN1C,103A 195A ,M,R,W,DO,L , ,N,C,50,0,0,1,,,1568666,5177902
Christchurch City,BARRINGTON ST,70,N, ,COBHAM ST,201415574,26/05/2014,Mon,2220,PO,CN1E,506B 728B ,,R,D,DO,F , , ,C,50,0,1,0,37,,1568773,5177774
Christchurch City,BARRINGTON ST,, ,I,COBHAM ST,201436992,17/05/2014,Sat,1711,JA,CN1C,302B ,,R,D,DO,F ,T,G,R,50,0,0,0,,,1568817,5177720
Christchurch City,BARRINGTON ST,, ,I,COBHAM ST,201444798,24/09/2014,Wed,1652,LB,SN1C,303B 352B ,,R,D,BF,F ,T,G,P,50,0,0,0,,,1568817,5177720
Christchurch City,BARRINGTON ST,60,S, ,CORONATION ST,201439087,29/05/2014,Thu,1710,CB,CS1,129A 358A ,P,R,D,DO,F , ,N,C,50,0,0,0,,,1568921,5177594
Christchurch City,BARRINGTON ST,, ,I,FRANKLEIGH ST,201432770,22/02/2014,Sat,2010,LB,CN14,101B 303B ,,R,D,DO,F ,X,T,C,50,0,0,0,,,1569316,5177112
Christchurch City,BARRINGTON ST,, ,I,FRANKLEIGH ST,201412230,31/03/2014,Mon,1311,GB,ON1C,142B ,,R,D,BF,F ,X,T,L,50,0,0,1,,,1569316,5177112
Christchurch City,BARRINGTON ST,200,S, ,HAMMOND PLACE,201435837,03/02/2014,Mon,1730,FD,CS1C,181A ,,R,W,OF,L , ,N,C,50,0,0,0,,,1568707,5177855
Christchurch City,BARRINGTON ST,, ,I,MACANN LANE,201410743,25/02/2014,Tue,1735,GB,SS1C,112A 175B 830 ,,E,D,O ,F ,T,N,C,50,0,0,1,,47,1568540,5178050
Christchurch City,BARRINGTON ST,, ,I,MACANN LANE,201413249,20/05/2014,Tue,2150,GD,CN1C,181A 330A ,,E,D,DO,F ,T,N,C,50,0,0,2,,,1568540,5178050
Christchurch City,BARRINGTON ST,, ,I,RAHERA ST,201438314,24/05/2014,Sat,1300,GD,TS14,331A 370A ,,R,D,B ,F ,T,G,C,50,0,0,0,,,1568905,5177613
Christchurch City,BARRINGTON ST,, ,I,ROSE ST,201410430,15/01/2014,Wed,1050,GA,4S1C,181A 331A 930 ,KP,R,D,B ,F ,D,N,P,50,0,0,1,,,1569745,5176590
Christchurch City,BARRINGTON ST,40,N, ,STOURBRIDGE ST,201414647,06/07/2014,Sun,1806,KA,SS1C,534A 302B 308B 375B 925 ,,R,D,DO,F ,D,G,R,50,0,0,1,,84,1569174,5177285
Christchurch City,BARRINGTON ST,15,S, ,STUDHOLME ST,201417379,04/09/2014,Thu,843,NA,CS1E,306A 717B ,,R,D,O ,F ,X,S,X,50,0,1,0,,,1569644,5176712
Christchurch City,BARRINGTON ST E,50,S, ,JERROLD ST,201430355,15/01/2014,Wed,2014,AC,VS1C,381A ,,R,D,B ,F , ,N,N,50,0,0,0,,,1568507,5178251
Christchurch City,BARTERS ROAD,, ,I,HASKETTS ROAD,201417143,16/10/2014,Thu,2030,DA,VN1,111A 131A 402A ,P,M,D,DO,F ,T,G,C,100,0,1,1,,,1558085,5178991
Christchurch City,BARTERS ROAD,, ,I,MADDISONS ROAD,201430120,22/01/2014,Wed,1803,DA,CE2,131A 402A 614A ,V,R,D,BF,F ,T,G,C,80,0,0,0,,,1558095,5178967
Christchurch City,BASINGSTOKE ST,20,E, ,SOLENT PLACE,201444626,05/07/2014,Sat,345,CA,CW1,101A 433A ,P,R,D,DO,F , ,N,C,50,0,0,0,,,1576043,5182874
Christchurch City,BATH ST,, ,I,COLOMBO ST,201410604,20/02/2014,Thu,1620,NB,CE1E,133A 357A 512A 711B ,,R,D,B ,F ,T,N,C,50,0,0,1,53,,1570644,5179260
Christchurch City,BAYLEYS ROAD,3000,E, ,FACILITY ACCESS,201449792,23/11/2014,Sun,200,CA,40,102A 112A 138A ,,R,D,DN,F , ,N,N,100,0,0,0,,,1561043,5146780
Christchurch City,BEACH ROAD,280,N, ,HEMPLEMAN DRIVE,201451096,05/12/2014,Fri,2230,DA,CS1,129A 350A ,C,E,D,DN,F , ,N,N,50,0,0,0,,,1596627,5148958
Christchurch City,BEALEY AVENUE,, ,I,BARBADOES ST,201411272,10/03/2014,Mon,959,HA,TS2C,322B 334B ,,R,D,O ,F ,X,T,R,50,0,0,1,,,1571370,5181288
Christchurch City,BEALEY AVENUE,, ,I,BARBADOES ST,201445816,06/10/2014,Mon,1505,LB,CW1C,113A 402A ,,R,D,O ,F ,X,T,R,50,0,0,0,,,1571367,5181276
Christchurch City,BEALEY AVENUE,, ,I,COLOMBO ST,201445977,13/10/2014,Mon,730,HA,4S2C,322B 334B ,,R,D,B ,F ,X,T,R,50,0,0,0,,,1570632,5181283
Christchurch City,BEALEY AVENUE,, ,I,COLOMBO ST,201449774,25/12/2014,Thu,845,LB,CW1C,303B 375B ,,R,D,O ,F ,X,T,C,50,0,0,0,,,1570632,5181271
Christchurch City,BEALEY AVENUE,, ,I,COLOMBO ST,201447757,21/10/2014,Tue,2150,AA,4W1V,372A ,,R,D,DO,F ,X,T,R,50,0,0,0,,,1570632,5181271
Christchurch City,BEALEY AVENUE,, ,I,DURHAM ST,201439680,14/07/2014,Mon,538,LB,CW1C,102B 303B 404B ,,R,D,DO,F ,X,T,R,50,0,0,0,,,1570388,5181270
Christchurch City,BEALEY AVENUE,80,W, ,FITZGERALD AVENUE,201446655,31/10/2014,Fri,2251,EA,CW1C,129A 358A ,M,R,D,DO,F , , ,N,50,0,0,0,,,1571670,5181278
Christchurch City,BEALEY AVENUE,, ,I,GERALDINE ST,201416242,26/08/2014,Tue,805,KA,SE1C,302B ,,R,D,O ,F ,T,G,C,50,0,1,0,,78,1571513,5181289
Christchurch City,BEALEY AVENUE,30,E, ,MADRAS ST,201436957,19/05/2014,Mon,1625,EC,TE1C,386A ,X,R,D,TF,F , , ,C,50,0,0,0,,,1571150,5181287
Christchurch City,BEALEY AVENUE,40,W, ,MADRAS ST,201416135,27/08/2014,Wed,750,FD,CW1C,331A 350A ,,R,D,B ,F , , ,R,50,0,0,1,,,1571080,5181274
Christchurch City,BEALEY AVENUE,80,W, ,MADRAS ST,201418672,04/10/2014,Sat,2300,NA,CW1E,105B 711B 712B ,,R,D,TO,F , ,N,R,50,0,1,0,27,,1571040,5181274
Christchurch City,BEALEY AVENUE,, ,I,MADRAS ST,201431965,12/02/2014,Wed,1630,DB,CS2,131A 201A ,IPT,R,D,OF,F ,X,T,R,50,0,0,0,,,1571120,5181287
Christchurch City,BEALEY AVENUE,, ,I,MADRAS ST,201414268,15/08/2014,Fri,2040,HA,CE1C,322A 334A ,,R,D,DO,F ,X,T,C,50,0,0,1,,,1571120,5181287
Christchurch City,BEALEY AVENUE,, ,I,MADRAS ST,201411933,17/03/2014,Mon,1814,HA,CE1C,322A ,,R,D,BF,F ,X,T,C,50,0,0,1,,,1571120,5181287
Christchurch City,BEALEY AVENUE,, ,I,MADRAS ST,201446742,29/10/2014,Wed,935,HA,CE1C,322A 334A ,,R,D,B ,F ,X,T,C,50,0,0,0,,,1571120,5181287
Christchurch City,BEALEY AVENUE,50,W, ,MANCHESTER ST,201446740,28/10/2014,Tue,1700,LO,SE1C,204A 927 ,,R,D,B ,F ,D,N,R,50,0,0,0,,,1570826,5181284
Christchurch City,BEALEY AVENUE,100,W, ,MANCHESTER ST,201445976,25/10/2014,Sat,917,FA,CW1C,357A 505A 512A ,,R,D,B ,F , , ,C,50,0,0,0,,,1570776,5181272
Christchurch City,BEALEY AVENUE,, ,I,MANCHESTER ST,201448112,15/11/2014,Sat,2200,LB,CW1C,303B ,,R,D,DO,F ,X,T,C,50,0,0,0,,,1570876,5181273
Christchurch City,BEALEY AVENUE,, ,I,MANCHESTER ST,201432571,16/01/2014,Thu,1620,GF,TW1C,179A 381A ,P,R,D,B ,F ,X,T,C,50,0,0,0,,,1570876,5181273
Christchurch City,BEALEY AVENUE,, ,I,MANCHESTER ST,201411557,26/02/2014,Wed,634,LB,CW14,303B 375B ,,R,D,TO,L ,X,T,R,50,0,0,1,,,1570876,5181273
Christchurch City,BEALEY AVENUE,, ,I,MANCHESTER ST,201413576,03/08/2014,Sun,1015,HA,CS2C,322B 334B ,,R,W,O ,L ,X,T,R,50,0,0,1,,,1570876,5181285
Christchurch City,BEALEY AVENUE,40,E, ,MONTREAL ST,201433478,17/03/2014,Mon,812,NB,4W1E,711B 732B ,,R,W,OF,F , ,N,R,50,0,0,0,,,1570184,5181268
Christchurch City,BEALEY AVENUE,, ,I,MONTREAL ST,201430109,24/01/2014,Fri,1716,FD,CW1CC,181A 331A ,,R,D,BF,F ,T,T,R,50,0,0,0,,,1570144,5181268
Christchurch City,BEALEY AVENUE,, ,I,PAPANUI ROAD,201415586,17/08/2014,Sun,2030,NA,CE1E,711B 718B ,,R,D,DO,F ,X,T,R,50,0,0,1,42,,1569939,5181278
Christchurch City,BEALEY AVENUE,50,W, ,SHERBORNE ST,201434653,19/04/2014,Sat,1233,AO,TW1C,381A 671A ,,R,D,BF,F , ,N,N,50,0,0,0,,,1570702,5181272
Christchurch City,BEALEY AVENUE,, ,I,SHERBORNE ST,201446651,01/11/2014,Sat,715,JA,CE14,322A 334A ,,R,D,B ,F ,T,T,R,50,0,0,0,,,1570752,5181284
Christchurch City,BEALEY AVENUE,, ,I,SHERBORNE ST,201448907,20/11/2014,Thu,832,LB,CE1C,303B 324B ,,R,D,B ,F ,T,T,C,50,0,0,0,,,1570752,5181284
Christchurch City,BEALEY AVENUE,, ,I,SHERBORNE ST,201432774,26/02/2014,Wed,731,LB,VE1C,303B 801 ,,R,W,TO,L ,T,T,R,50,0,0,0,,,1570752,5181284
Christchurch City,BEALEY AVENUE,, ,I,SHERBORNE ST,201432557,21/01/2014,Tue,926,KB,CW1C,322B 334B ,,R,W,O ,F ,T,T,R,50,0,0,0,,,1570752,5181272
Christchurch City,BEALEY AVENUE,, ,I,SHERBORNE ST,201433964,21/03/2014,Fri,1740,FE,VE1C,132A 387A ,,E,D,B ,F ,T,T,C,50,0,0,0,,,1570752,5181284
Christchurch City,BEALEY AVENUE,80,E, ,VICTORIA ST,201414587,20/06/2014,Fri,2107,FD,CW1CC,331A ,,R,D,DO,F , , ,C,50,0,0,1,,,1570025,5181267
Christchurch City,BEALEY AVENUE,, ,I,VICTORIA ST,201444406,30/08/2014,Sat,1911,LB,CN24,303B ,,R,D,DO,F ,X,T,R,50,0,0,0,,,1569945,5181266
Christchurch City,BECKFORD ROAD,, ,I,FIFIELD TERRACE,201416877,20/10/2014,Mon,1038,HA,VS2S,301A 375A ,,R,D,O ,F ,X,S,C,50,0,1,0,,40,1572425,5177182
Christchurch City,BELFAST ROAD,50,E, ,STATION ROAD,201446937,23/07/2014,Wed,45,BA,CE1C,125A 137B ,T,R,D,DO,F , ,N,C,50,0,0,0,,,1570541,5189031
Christchurch City,BELLBROOK CRESCENT,70,E, ,EMMETT ST N,201415436,13/07/2014,Sun,400,DB,CW1,111A 131A 357A ,P,E,D,DO,F , , ,N,50,0,0,1,,,1572176,5183969
Christchurch City,BERESFORD ST,15,W, ,MAFEKING ST,201442830,15/07/2014,Tue,1202,MO,CE1T,357A 512A 357B 926 ,,R,D,B ,F ,D,N,N,50,0,0,0,,,1578040,5182714
Christchurch City,BERWICK ST,70,W, ,FORFAR ST,201437932,01/06/2014,Sun,2156,EA,4W1V,357A 386A ,M,E,D,DO,M , ,N,C,50,0,0,0,,,1570960,5182716
Christchurch City,BERWICK ST,, ,I,FORFAR ST,201449795,08/12/2014,Mon,2140,HA,VW1C,302A 386A ,,R,D,DO,F ,X,G,R,50,0,0,0,,,1571018,5182754
Christchurch City,BICKERTON ST,120,S, ,TAHUNA ST,201446729,19/10/2014,Sun,912,CC,CN1C,103A 129A ,MT,R,D,O ,F , ,N,N,50,0,0,0,,,1574956,5181589
Christchurch City,BIRDWOOD AVENUE,30,N, ,EASTERN TERRACE,201433954,06/03/2014,Thu,1930,CB,VS1,129A 500A 631A ,KS,R,D,DO,F , ,N,R,50,0,0,0,,,1571115,5175799
Christchurch City,BIRMINGHAM DRIVE,, ,I,ANNEX ROAD,201435710,04/05/2014,Sun,400,DB,CS2,101A 111A 131A 402A 862 904 ,KT,M,W,DO,M ,T,G,C,50,0,0,0,,,1566338,5178695
Christchurch City,BIRMINGHAM DRIVE,50,W, ,PRINT PLACE,201446514,27/09/2014,Sat,1550,EA,CW1T,129A 350A ,M,E,D,O ,F , , ,C,50,0,0,0,,,1566786,5178761
Christchurch City,BLAKES ROAD,, ,I,BELFAST ROAD,201413320,21/03/2014,Fri,715,DB,4W1,111A 131A ,FT,R,D,DN,F ,X,S,C,80,0,0,1,,,1570801,5188908
Christchurch City,BLENHEIM ROAD,10,W, ,ACHERON DRIVE E,201416582,12/09/2014,Fri,1316,FD,CW1C,331A 358A ,,R,D,BF,F ,T,T,R,50,0,0,2,,,1566901,5179355
Christchurch City,BLENHEIM ROAD,100,W, ,ACHERON DRIVE W,201448121,17/11/2014,Mon,1615,FD,VE14,181A ,,R,D,O ,F , , ,R,60,0,0,0,,,1566474,5179303
Christchurch City,BLENHEIM ROAD,, ,I,ACHERON DRIVE W,201447124,13/10/2014,Mon,1323,LB,CW1C,113A 322A ,,R,D,B ,F ,T,T,R,60,0,0,0,,,1566574,5179313
Christchurch City,BLENHEIM ROAD,, ,I,ACHERON DRIVE W,201412691,12/04/2014,Sat,1842,LB,CW1C,303B 375B ,,R,D,DO,F ,T,T,R,50,0,0,1,,,1566574,5179313
Christchurch City,BLENHEIM ROAD,, ,I,ANNEX ROAD,201434855,05/03/2014,Wed,720,LB,4W1C,303B 375B ,,R,W,OF,HS,T,T,R,60,0,0,0,,,1565780,5179229
Christchurch City,BLENHEIM ROAD,, ,I,CLARENCE ST,201411285,15/03/2014,Sat,2030,LB,CE1C,303B 404B ,,R,W,DO,L ,X,T,R,60,0,0,1,,,1567930,5179478
Christchurch City,BLENHEIM ROAD,, ,I,CLARENCE ST,201442445,25/06/2014,Wed,2248,LB,CE1C,303B 387B ,,R,W,DO,L ,X,T,R,60,0,0,0,,,1567930,5179478
Christchurch City,BLENHEIM ROAD,30,W, ,DEANS AVENUE,201442207,17/05/2014,Sat,2150,DB,CE1,111A 131A 404A ,GIP,E,D,DO,F ,X,T,R,60,0,0,0,,,1568653,5179118
Christchurch City,BLENHEIM ROAD,, ,I,DEANS AVENUE,201412458,18/04/2014,Fri,1439,LB,CE1C,324A ,,R,W,O ,  ,X,T,C,60,0,0,1,,,1568682,5179126
Christchurch City,BLENHEIM ROAD,, ,I,DEANS AVENUE,201412808,05/05/2014,Mon,1328,LB,TE1C,362A 303B 370B ,,R,D,O ,F ,X,T,R,50,0,0,1,,,1568682,5179126
Christchurch City,BLENHEIM ROAD,, ,I,HANSONS LANE,201437575,04/05/2014,Sun,1400,LB,4E1V,303B ,,R,D,O ,F ,T,T,R,60,0,0,0,,,1565644,5179227
Christchurch City,BLENHEIM ROAD,, ,I,HANSONS LANE,201434044,07/04/2014,Mon,1850,LB,CE1C,303B 375B ,,R,W,DO,H ,T,T,R,60,0,0,0,,,1565644,5179227
Christchurch City,BLENHEIM ROAD,100,E, ,LOWE ST,201413953,31/05/2014,Sat,1608,FD,CW1CC,181A 330A ,,R,D,B ,F , ,N,R,60,0,0,1,,,1568391,5179512
Christchurch City,BLENHEIM ROAD,40,E, ,MANDEVILLE ST,201431983,22/01/2014,Wed,1703,FD,VS1CCC,181A 191B 181C ,,R,D,BF,F , ,N,R,60,0,0,0,,,1568275,5179466
Christchurch City,BLENHEIM ROAD,300,E, ,MANDEVILLE ST,201446311,05/09/2014,Fri,1250,FD,CS1C4,112A 331A ,,R,W,OF,L , ,N,C,50,0,0,0,,,1568443,5179267
Christchurch City,BLENHEIM ROAD,5,W, ,MANDEVILLE ST,201412460,16/04/2014,Wed,1136,FE,TE1C,331A 387A 801 ,,E,W,O ,L ,X,T,C,60,0,0,1,,,1568236,5179486
Christchurch City,BLENHEIM ROAD,, ,I,MANDEVILLE ST,201437965,09/06/2014,Mon,1325,KB,VW14,324B 375B ,,E,W,O ,F ,X,T,R,60,0,0,0,,,1568240,5179485
Christchurch City,BLENHEIM ROAD,, ,I,MATIPO ST,201418442,21/12/2014,Sun,2010,LB,CE1C,303B 330B ,,R,D,O ,F ,X,T,R,60,0,0,2,,,1567404,5179423
Christchurch City,BLENHEIM ROAD,, ,I,MATIPO ST,201442570,15/06/2014,Sun,1438,LB,CW1CC,322A ,,R,D,OF,F ,X,T,R,60,0,0,0,,,1567405,5179411