TLANAME,CRASHROAD,CRASHDIST,CRASHDIRN,INTSN,SIDEROAD,CRASHID,CRASHDATE,CRASHDOW,CRASHTIME,MVMT,VEHICLES,CAUSES,OBJECTSSTRUCK,ROADCURVE,ROADWET,LIGHT,WTHRa,JUNCTYPE,TRAFCTRL,ROADMARK,SPDLIM,CRASHFATALCNT,CRASHSEVCNT,CRASHMINCNT,PERSAGE1,PERSAGE2,EASTING,NORTHING
Christchurch City,BLENHEIM ROAD,, ,I,MATIPO ST,201410163,10/01/2014,Fri,2140,LB,CE1C,191A 602A 303B 375B ,,R,D,DO,F ,X,T,R,60,0,0,1,,,1567404,5179423
Christchurch City,BLENHEIM ROAD,, ,I,MATIPO ST,201414465,24/06/2014,Tue,1810,LB,ME1C,303B 377B ,,R,D,DO,F ,X,T,R,50,0,0,1,,,1567404,5179423
Christchurch City,BLENHEIM ROAD,, ,I,MATIPO ST,201439071,09/06/2014,Mon,755,LB,CE1C,322A 334A ,,R,D,OF,F ,X,T,R,60,0,0,0,,,1567404,5179423
Christchurch City,BLENHEIM ROAD,, ,I,MATIPO ST,201441489,25/07/2014,Fri,800,LB,CE1C,303B 375B ,,R,D,B ,F ,X,T,R,60,0,0,0,,,1567404,5179423
Christchurch City,BLENHEIM ROAD,, ,I,MATIPO ST,201416276,16/10/2014,Thu,2110,HA,CE1C,322B 334B 410B ,,R,D,DO,F ,X,T,R,60,0,0,1,,,1567404,5179423
Christchurch City,BLENHEIM ROAD,5,E, ,MIDDLETON ROAD,201448874,25/11/2014,Tue,850,GB,VW1T,158A 387A 175B 372B 671B 927 ,,R,D,O ,F ,D,T,C,60,0,0,0,,,1566162,5179269
Christchurch City,BLENHEIM ROAD,, ,I,MIDDLETON ROAD,201436956,14/05/2014,Wed,1500,LB,CE1C,303B ,,R,D,O ,F ,T,S,R,60,0,0,0,,,1566156,5179281
Christchurch City,BLENHEIM ROAD,10,E, ,SH 73,201432655,18/02/2014,Tue,1125,FD,CW1CM,181A 191C ,,R,D,B ,F ,M,T,R,60,0,0,0,,,1565148,5179196
Christchurch City,BLENHEIM ROAD,10,E, ,WHARENUI ROAD,201450485,05/12/2014,Fri,1535,MG,CW1C,371B ,,R,D,BF,F ,T,T,R,50,0,0,0,,,1566669,5179324
Christchurch City,BLENHEIM ROAD,30,E, ,WHARENUI ROAD,201434857,21/03/2014,Fri,805,FD,CE1CV,181A ,,R,D,BF,F , ,N,R,60,0,0,0,,,1566687,5179338
Christchurch City,BLENHEIM ROAD,150,E, ,WHARENUI ROAD,201434776,24/04/2014,Thu,1250,AA,CW1C,372A ,,R,D,BF,F , ,N,R,60,0,0,0,,,1566807,5179342
Christchurch City,BLENHEIM ROAD,, ,I,WHARENUI ROAD,201417149,30/10/2014,Thu,1327,LB,CE1C,324A 303B 324B ,,R,D,B ,F ,T,T,R,60,0,0,2,,,1566657,5179334
Christchurch City,BLENHEIM ROAD,, ,I,WHARENUI ROAD,201410410,06/01/2014,Mon,1505,HA,SN2C,322A ,,R,D,B ,F ,T,T,R,60,0,0,1,,17,1566659,5179322
Christchurch City,BLENHEIM ROAD,, ,I,WHARENUI ROAD,201416783,25/09/2014,Thu,708,JA,CE1C,322A 379B ,,R,D,B ,F ,T,T,R,60,0,1,0,,,1566657,5179334
Christchurch City,BLENHEIM ROAD,50,E, ,WHITELEIGH AVENUE,201431973,04/02/2014,Tue,1130,FD,CW1C,331A ,,R,D,OF,F , ,N,R,50,0,0,0,,,1567986,5179472
Christchurch City,BLENHEIM ROAD,, ,I,WHITELEIGH AVENUE,201416883,07/11/2014,Fri,1542,LB,CW1C,303B 322B ,,R,D,B ,F ,X,T,R,60,0,0,1,,,1567936,5179466
Christchurch City,BLETSOE AVENUE,60,W, ,STRICKLAND ST,201438271,15/06/2014,Sun,441,EA,CE1C,129A 517A ,M,R,D,DO,M , ,N,C,50,0,0,0,,,1569891,5178111
Christchurch City,BLIGHS ROAD,15,E, ,WINDERMERE ROAD,201443791,09/09/2014,Tue,1543,FD,4E1C,181A 377A ,,R,D,B ,F , , ,C,50,0,0,0,,,1568097,5183278
Christchurch City,BLUESTONE DRIVE,20,N, ,PRESTONS ROAD,201444356,22/08/2014,Fri,2140,CB,CS1,103A 129A 198A 407A 862 ,P,R,D,DO,F , , ,R,50,0,0,0,,,1573560,5186518
Christchurch City,BORDESLEY ST,60,E, ,OLLIVIERS ROAD,201413632,19/05/2014,Mon,,NG,CS1E,330A 371A 730B 929 ,,R,D,B ,F ,D, ,N,50,0,1,0,84,,1572939,5179757
Christchurch City,BOWER AVENUE,70,N, ,KIRSTEN PLACE,201442768,09/08/2014,Sat,1800,EA,CN1V,330A 358A ,M,R,D,DO,F , ,N,C,50,0,0,0,,,1576695,5185496
Christchurch City,BOWER AVENUE,, ,I,NEW BRIGHTON ROAD,201414968,20/06/2014,Fri,839,FB,CS1CC,181A ,,R,D,BF,FF,T,G,R,50,0,0,1,,,1576523,5183180
Christchurch City,BOWER AVENUE,10,N, ,TRAVIS ROAD,201442814,26/08/2014,Tue,1045,FA,CN14,181A ,,R,D,O ,F ,X,G,N,50,0,0,0,,,1576628,5184172
Christchurch City,BOWER AVENUE,40,N, ,TRAVIS ROAD,201440003,03/07/2014,Thu,145,EA,CN1C,129A ,FMP,R,D,DO,F , ,N,C,50,0,0,0,,,1576632,5184202
Christchurch City,BOWER AVENUE,, ,I,TRAVIS ROAD,201411052,31/01/2014,Fri,1053,HA,CE2P,302A 375A 402B ,,R,D,O ,F ,R,G,R,50,0,0,1,,,1576616,5184153
Christchurch City,BRACKEN ST,70,E, ,AVONSIDE DRIVE,201451098,27/12/2014,Sat,320,DA,CW1,111A 131A ,,E,D,DN,F , ,N,N,50,0,0,0,,,1572865,5181335
Christchurch City,BREENS ROAD,, ,I,ISLEWORTH ROAD,201410220,11/01/2014,Sat,750,DC,CW1,407A 500A ,FP,R,D,B ,F ,T,N,C,50,0,1,0,,,1565750,5184798
Christchurch City,BREEZES ROAD,50,E, ,CARTERS ROAD,201433652,19/03/2014,Wed,1617,GD,4S1C,181A 331A 350A 929 ,,R,D,B ,F ,D, ,C,50,0,0,0,,,1576270,5181267
Christchurch City,BREEZES ROAD,50,S, ,HAMPSHIRE ST,201414206,30/07/2014,Wed,2350,CC,CN1C,103A 125A ,MP,R,D,DO,F , ,N,C,50,0,0,2,,,1575653,5181965
Christchurch City,BREEZES ROAD,, ,I,PAGES ROAD,201416517,28/09/2014,Sun,1304,NC,CE2E,713B ,,R,D,OF,F ,X,T,C,50,0,0,1,56,,1575895,5181699
Christchurch City,BREEZES ROAD,800,S, ,SH 74,201432150,02/02/2014,Sun,305,AD,CN1,103A 160A 402A ,P,E,D,DO,F , ,N,C,70,0,0,0,,,1576660,5181029
Christchurch City,BREEZES ROAD,20,W, ,SH 74,201431709,06/01/2014,Mon,325,CA,CE1,112A 130A 514A ,IS,R,D,DO,F , , ,R,50,0,0,0,,,1577393,5180774
Christchurch City,BREEZES ROAD,, ,I,SH 74,201418531,11/12/2014,Thu,1825,FB,VE1C,104A 331A ,,E,D,OF,F ,R,G,R,50,0,1,1,,,1577408,5180774
Christchurch City,BRETTS ROAD,, ,I,WESTON ROAD,201449211,16/11/2014,Sun,1658,DA,CE2,131A 405A ,F,R,D,B ,F ,X,S,C,50,0,0,0,,,1569471,5183024
Christchurch City,BRIDGE ST,500,W, ,CROMER PLACE,201415814,18/08/2014,Mon,1040,MC,VW1V,112A 402A 381B ,,R,D,B ,F , , ,C,50,0,0,3,,,1577758,5180844
Christchurch City,BRIDGE ST,, ,I,ESTUARY ROAD,201433753,11/03/2014,Tue,1809,DB,VS1,103A 131A 817 ,FX,R,D,O ,F ,R,G,C,50,0,0,0,,,1578404,5181045
Christchurch City,BRIDLE PATH ROAD,400,S, ,MAIN ROAD,201433292,15/02/2014,Sat,1137,DB,VN1,109A 111A 131A ,FX,E,D,BF,F , ,N,C,50,0,0,0,,,1576526,5176746
Christchurch City,BRIGGS ROAD,15,W, ,PALM DRIVE,201418756,10/12/2014,Wed,830,MC,MW1C,130A 330B 372B ,,R,D,O ,F , , ,C,50,0,0,1,,,1572343,5184143
Christchurch City,BRIGGS ROAD,, ,I,PALM DRIVE,201445991,15/10/2014,Wed,1635,FD,CE1VC,181A 181B ,,R,D,O ,F ,T,N,C,50,0,0,0,,,1572357,5184147
Christchurch City,BRIGGS ROAD,, ,I,QUINNS ROAD,201412629,11/03/2014,Tue,1135,BA,CE1CC,410A ,,R,W,OF,L ,T,G,C,50,0,2,0,,,1572228,5184117
Christchurch City,BRISBANE ST,30,S, ,KINGSLEY ST,201431683,03/02/2014,Mon,936,EA,CN14,386A 445B ,M,R,D,B ,FS, , ,N,50,0,0,0,,,1571334,5178722
Christchurch City,BRISTOL ST,10,N, ,HOLLY ROAD,201418825,20/12/2014,Sat,30,MO,CS1,103A 433A ,C,R,W,DO,L ,R,G,C,50,0,0,1,,,1569970,5181842
Christchurch City,BRITTAN TERRACE,10,W, ,VOELAS ROAD,201414090,04/06/2014,Wed,1300,PC,TW1E,357A 371A 386A ,,R,W,O ,F ,T,N,C,50,0,0,1,4,,1576695,5172115
Christchurch City,BROADHAVEN AVENUE,60,W, ,BOWER AVENUE,201443720,06/09/2014,Sat,732,EA,CE1V,129A 902 ,M,R,D,B ,F , , ,C,50,0,0,0,,,1576486,5186356
Christchurch City,BROMLEY ROAD,100,E, ,KEIGHLEYS ROAD,201415717,13/08/2014,Wed,808,EA,4E1T,129A 645A ,M,R,W,BF,FF, ,N,C,50,0,0,1,,,1574866,5179343
Christchurch City,BRONTE PLACE,, ,I,WALPOLE ST,201439075,05/06/2014,Thu,110,DB,CW2,111A 131A 514A ,PT,R,W,DO,L ,T,N,N,50,0,0,0,,,1571850,5178334
Christchurch City,BROOKSIDE TERRACE,, ,I,AORANGI ROAD,201439084,22/04/2014,Tue,1022,HA,CW2V,302B 375B 830 901 ,,R,W,OF,H ,X,G,R,50,0,0,0,,,1566941,5182975
Christchurch City,BROOKSIDE TERRACE,, ,I,HOOKER AVENUE,201445808,09/09/2014,Tue,1350,JA,VW1C,303B ,,E,D,B ,F ,T,N,C,50,0,0,0,,,1566691,5183310
Christchurch City,BROOKSIDE TERRACE,100,E, ,MURDOCH ST,201450031,18/12/2014,Thu,30,DB,CW1,103A 111A 131A 801 ,,M,W,DO,F , , ,N,50,0,0,0,,,1566810,5183227
Christchurch City,BRYNLEY ST,, ,I,TREVOR ST,201449777,13/12/2014,Sat,300,DA,CS1,101A 111A ,JT,R,D,DO,F ,R,G,R,50,0,0,0,,,1562199,5178305
Christchurch City,BUCHAN ST,, ,I,BYRON ST,201412241,09/05/2014,Fri,1358,NB,CS1E,711B ,,R,D,B ,F ,X,S,C,50,0,1,0,27,,1570777,5178869
Christchurch City,BUCHANANS ROAD,30,E, ,LITTLE OAKS DRIVE,201433835,11/03/2014,Tue,1315,FA,CW1C,501A ,IJ,R,D,B ,F , , ,R,50,0,0,0,,,1561297,5180457
Christchurch City,BUCHANANS ROAD,, ,I,POUND ROAD,201440896,22/05/2014,Thu,2145,HA,4N2C,302A ,,M,D,DO,F ,R,G,C,80,0,0,0,,,1559976,5181365
Christchurch City,BUCHANANS ROAD,100,N, ,RACECOURSE ROAD,201434253,27/02/2014,Thu,1520,GD,CW1C,181A 331A 929 ,,R,D,B ,F ,D, ,C,50,0,0,0,,,1563230,5179626
Christchurch City,BUCHANANS ROAD,30,E, ,SH 73,201435468,20/04/2014,Sun,324,CB,40,129A 359A ,V,R,W,DO,  , , ,C,100,0,0,0,,,1557998,5182203
Christchurch City,BUCHANANS ROAD W,70,E, ,VANGUARD DRIVE,201413280,09/06/2014,Mon,1705,MC,CW1C,330B 372B ,,R,W,DO,F , ,N,C,50,0,1,1,,,1561653,5180277
Christchurch City,BUCKHURST AVENUE,80,W, ,DALWOOD DRIVE,201440831,16/07/2014,Wed,1130,MD,4W1C,308B 929 ,,R,D,O ,F ,D,N,N,50,0,0,0,,,1563347,5177559
Christchurch City,BUCKLEYS ROAD,15,S, ,CARNARVON ST,201439924,20/06/2014,Fri,1640,MA,CN1B,372B 817 ,,R,D,TO,F , ,N,R,50,0,0,0,,,1574114,5180474
Christchurch City,BUCKLEYS ROAD,50,N, ,LINWOOD AVENUE,201433650,12/02/2014,Wed,1000,MO,CN1C,386A 501A ,M,R,D,B ,F , , ,C,50,0,0,0,,,1573622,5179922
Christchurch City,BUCKLEYS ROAD,60,N, ,LINWOOD AVENUE,201439745,24/06/2014,Tue,1800,FC,CN1T,110A 331A 191B ,,R,D,DO,F , , ,C,50,0,0,0,,,1573628,5179929
Christchurch City,BUCKLEYS ROAD,, ,I,LINWOOD AVENUE,201414918,20/06/2014,Fri,1201,NF,CW2E,105B 711B ,,R,D,BF,F ,X,T,C,50,0,0,1,34,,1573596,5179876
Christchurch City,BUCKLEYS ROAD,30,W, ,NORWICH ST,201415375,15/08/2014,Fri,651,FD,CW1C4,181A 330A ,,R,D,O ,F , ,N,C,50,0,0,1,,,1573668,5179974
Christchurch City,BUCKLEYS ROAD,, ,I,RUDDS ROAD,201417158,25/11/2014,Tue,715,DA,MN1,131A ,,R,D,O ,F ,T,G,R,60,0,1,0,,,1574346,5180676
Christchurch City,BUCKLEYS ROAD,, ,I,RUSSELL ST,201439679,13/07/2014,Sun,1255,FE,VN1C,181A 387A ,,R,D,B ,F ,T,T,R,50,0,0,0,,,1573819,5180142
Christchurch City,BUCKLEYS ROAD,, ,I,RUSSELL ST,201411051,23/01/2014,Thu,2101,MB,MS1C,303B 353B 801 ,,R,W,TO,L ,T,T,R,60,0,0,1,,,1573827,5180134
Christchurch City,BURLINGTON ST,20,S, ,HASTINGS ST E,201417132,13/10/2014,Mon,749,AC,VN1S,372A 902 ,,R,D,B ,F , , ,C,50,0,0,1,,36,1571111,5178216
Christchurch City,BURLINGTON ST,, ,I,HASTINGS ST S,201415226,25/07/2014,Fri,859,LB,SN14,303B 377B ,,R,W,OF,L ,T,G,C,50,0,0,1,,27,1571100,5178203
Christchurch City,BURLINGTON ST,20,N, ,HUXLEY ST,201414137,22/04/2014,Tue,1712,AC,CS1P,372A 375A ,,R,W,DO,L , ,N,R,50,0,0,1,,,1570924,5178013
Christchurch City,BURNBRAE ST,, ,I,PALATINE TERRACE,201436969,03/05/2014,Sat,1535,DA,VE1T,131A 433A ,,E,D,B ,F ,X,S,C,50,0,0,0,,,1571530,5177159
Christchurch City,BURWOOD ROAD,, ,I,LAKE TERRACE ROAD,201443719,28/08/2014,Thu,1508,NF,4W1K,711B ,,E,D,B ,F ,T,G,R,50,0,0,0,,,1574352,5183657
Christchurch City,BURWOOD ROAD,, ,I,MAIREHAU ROAD,201413474,09/06/2014,Mon,620,HA,VW2S,302A ,,E,W,DO,L ,R,G,R,50,0,0,1,,41,1574205,5185521
Christchurch City,BURWOOD ROAD,, ,I,MAIREHAU ROAD,201431468,01/02/2014,Sat,1130,DA,CS1,111A 131A ,FK,R,D,ON,F ,R,G,C,50,0,0,0,,,1574220,5185532
Christchurch City,BURWOOD ROAD,25,N, ,NEWHAVEN ST,201445552,27/09/2014,Sat,230,CB,CN1,103A 130A ,P,R,D,DO,F , , ,C,50,0,0,0,,,1574363,5184988
Christchurch City,BURWOOD ROAD,, ,I,STAFFORDSHIRE ST,201439885,26/06/2014,Thu,705,JA,VS1V,309B 375B 645B ,,E,D,DO,F ,T,N,C,50,0,0,0,,,1574226,5185370
Christchurch City,BYRON ST,, ,I,COLOMBO ST,201449786,21/11/2014,Fri,1755,HA,CW1S,322A ,,R,D,O ,F ,X,T,C,50,0,0,0,,,1570646,5178868
Christchurch City,BYRON ST,, ,I,GASSON ST,201417580,05/11/2014,Wed,751,HA,VW1T,301A 375A ,,R,W,OF,L ,X,S,C,50,0,0,1,,,1571130,5178871
Christchurch City,CAMBRIDGE TERRACE,, ,I,HEREFORD ST,201440856,21/03/2014,Fri,1750,DB,CS1,111A 131A ,X,S,D,B ,F ,X,T,C,50,0,0,0,,,1570335,5180035
Christchurch City,CAMBRIDGE TERRACE,, ,I,HEREFORD ST,201450471,06/12/2014,Sat,1310,FD,CS1CC,331A 350A ,,R,D,OF,F ,X,T,C,50,0,0,0,,,1570335,5180035
Christchurch City,CAMBRIDGE TERRACE,, ,I,HEREFORD ST,201431972,07/02/2014,Fri,2020,HA,CW2X,322A ,,R,D,DF,F ,X,T,C,50,0,0,0,,,1570335,5180035
Christchurch City,CAMBRIDGE TERRACE,, ,I,MANCHESTER ST,201414838,22/07/2014,Tue,1810,HA,CS2C,321A 335A 355A ,,R,W,DO,L ,X,S,C,50,0,0,3,,,1570880,5180523
Christchurch City,CAMDEN ST,80,W, ,EALING ST,201412906,08/03/2014,Sat,1710,DA,4E1C,131A 652A ,M,M,D,B ,F , , ,N,50,0,0,1,,,1568528,5185651
Christchurch City,CAMDEN ST,50,N, ,PADDINGTON ST,201446325,17/09/2014,Wed,1512,EA,CN1C,129A ,M,R,D,BF,F , ,N,N,50,0,0,0,,,1568446,5185487
Christchurch City,CANADA CRESCENT,100,E, ,KLONDYKE DRIVE E,201441533,15/08/2014,Fri,2300,CB,CE1,103A 129A ,F,R,D,DO,F , ,N,N,50,0,0,0,,,1561135,5176780
Christchurch City,CANNON HILL CRESCENT,20,S, ,MARAMA CRESCENT,201444410,07/08/2014,Thu,1450,QD,TS1V,428A ,M,E,D,B ,F , , ,N,50,0,0,0,,,1576926,5177020
Christchurch City,CARISBROOKE ST,20,W, ,MATTINGLEY ST,201435398,18/04/2014,Fri,525,DA,40,103A 410A ,P,E,D,DO,HS, , ,N,50,0,0,0,,,1576306,5182260
Christchurch City,CARLTON MILL ROAD,, ,I,BEALEY AVENUE,201448137,12/11/2014,Wed,1346,GB,VE2V,372A 927 ,,R,W,O ,L ,D,N,R,50,0,0,0,,,1569764,5181277
Christchurch City,CARLYLE ST,30,E, ,GASSON ST,201439877,26/06/2014,Thu,758,BC,VE1T,120A 370A 927 ,,R,W,O ,F ,D, ,N,50,0,0,0,,,1571160,5178992
Christchurch City,CASHEL ST,100,E, ,ENGLAND ST,201445990,11/07/2014,Fri,2230,EA,CE1CC,410A ,MM,R,D,DO,F , , ,C,50,0,0,0,,,1572804,5179934
Christchurch City,CASHEL ST,5,W, ,ENGLAND ST,201432214,12/01/2014,Sun,1657,MA,CW1C,373B ,,R,D,B ,F ,X,G,C,50,0,0,0,,,1572699,5179934
Christchurch City,CASHEL ST,50,W, ,ENGLAND ST,201416642,24/09/2014,Wed,,JA,SW1C,204A 308B 370B 929 ,,R,D,B ,F ,D, ,C,50,0,0,1,,16,1572654,5179934
Christchurch City,CASHEL ST,, ,I,FITZGERALD AVENUE,201445540,11/10/2014,Sat,2200,DA,CN2CC,131A ,M,E,D,DO,F ,X,T,R,50,0,0,0,,,1571758,5179923
Christchurch City,CASHEL ST,, ,I,FITZGERALD AVENUE,201445542,10/10/2014,Fri,1945,FE,CE1C,181A 199B ,,R,D,B ,F ,X,T,R,50,0,0,0,,,1571758,5179923
Christchurch City,CASHEL ST,20,E, ,STANMORE ROAD,201439080,23/04/2014,Wed,1800,MA,CE1C,333A 387A ,,R,D,DO,F , ,N,C,50,0,0,0,,,1572327,5179930
Christchurch City,CASHMERE ROAD,50,N, ,BARRINGTON ST,201411215,20/01/2014,Mon,950,BE,CS1C,130A 501A ,,R,D,B ,F , , ,C,50,0,0,1,,,1570181,5176155
Christchurch City,CASHMERE ROAD,70,E, ,CORGWYN AVENUE,201437970,01/06/2014,Sun,1512,JA,MW1C,308B 831 926 ,,E,D,B ,F ,D,N,C,50,0,0,0,,,1566045,5173109
Christchurch City,CASHMERE ROAD,, ,I,DYERS PASS ROAD,201417909,31/10/2014,Fri,1844,KA,CW1V,302A 427A ,C,R,D,TF,F ,R,G,R,50,0,0,1,,,1570526,5176106
Christchurch City,CASHMERE ROAD,100,W, ,FAIRVIEW ST,201417391,04/11/2014,Tue,1255,NB,CW1E,506B 510B 715B ,,E,D,B ,F , , ,C,50,0,0,1,16,,1569478,5175896
Christchurch City,CASHMERE ROAD,, ,I,FAIRVIEW ST,201434023,08/04/2014,Tue,821,LB,BE1CV,303B 375B ,,E,W,O ,F ,T,G,N,50,0,0,0,,,1569577,5175904
Christchurch City,CASHMERE ROAD,10,W, ,HACKTHORNE ROAD,201446659,22/10/2014,Wed,1940,DA,CW1,103A 131A 402A ,K,E,D,TF,F ,T,S,C,50,0,0,0,,,1569608,5175909
Christchurch City,CASHMERE ROAD,, ,I,HENDERSONS ROAD,201448900,23/11/2014,Sun,150,DA,CW1,111A 131A ,TV,E,W,DO,F ,T,G,L,70,0,0,0,,,1567662,5175085
Christchurch City,CASHMERE ROAD,, ,I,HOON HAY ROAD,201418755,02/12/2014,Tue,1725,LB,SE1C,197A 303B 330B ,,R,D,B ,F ,T,G,C,50,0,1,0,,35,1568908,5175355
Christchurch City,CASHMERE ROAD,, ,I,HOON HAY VALLEY ROAD,201440533,10/07/2014,Thu,2230,DB,CE1,111A 131A 351A ,C,S,D,DN,F ,T,G,C,50,0,0,0,,,1567585,5174006
Christchurch City,CASHMERE ROAD,, ,I,HOON HAY VALLEY ROAD,201450133,24/12/2014,Wed,2216,EC,CS1,912,W,S,D,DN,F ,T,G,N,50,0,0,0,,,1567585,5174006
Christchurch City,CASHMERE ROAD,, ,I,MAVIN ROAD,201430122,31/01/2014,Fri,1831,HA,CE1C,308B 386B 929 ,,R,D,OF,F ,D,N,N,50,0,0,0,,,1568709,5175327
Christchurch City,CASHMERE ROAD,, ,I,PENRUDDOCK RISE,201438004,31/05/2014,Sat,935,JA,4W1C,302B 902 ,,R,D,B ,F ,T,G,R,70,0,0,0,,,1567970,5175220
Christchurch City,CASHMERE ROAD,, ,I,SUTHERLANDS ROAD,201416780,18/10/2014,Sat,305,DC,VS1,112A 335A 402A 514A ,C,R,D,DO,F ,T,G,C,80,0,5,2,,,1566249,5173172
Christchurch City,CASHMERE ROAD,120,E, ,VALLEY ROAD,201413643,27/05/2014,Tue,1150,MB,SE1C,350B 370B ,,E,D,B ,F , , ,P,50,0,1,0,,49,1569753,5176000
Christchurch City,CASHMERE ROAD,10,E, ,WORSLEYS ROAD,201417784,27/12/2014,Sat,1220,EA,SE1C,129A 370A ,M,R,D,B ,F ,X,G,C,50,0,0,1,,50,1568918,5175357
Christchurch City,CASSIDY PLACE,30,E, ,SH 1S,201442848,12/08/2014,Tue,2139,MO,CS1C,352A 371A 929 ,M,R,W,DO,F ,D,N,N,50,0,0,0,,,1570143,5189361
Christchurch City,CATALUNA PLACE,90,S, ,BELLA ROSA DRIVE,201449780,27/12/2014,Sat,2110,CB,CN1,102A 351A ,FPS,R,D,DO,F , ,N,N,50,0,0,0,,,1561920,5179730
Christchurch City,CAVENDISH ROAD,, ,I,BULMAN PLACE,201415331,10/08/2014,Sun,2219,CB,CS1,103A 130A ,P,R,D,DO,F ,T,N,C,50,0,1,0,,,1568184,5185778
Christchurch City,CENTAURUS ROAD,50,E, ,HOLLISS AVENUE,201412767,01/04/2014,Tue,1055,MD,4W1C,308B 357B 371B 929 ,,R,D,OF,F ,D,N,C,50,0,0,1,,,1570915,5175798
Christchurch City,CENTAURUS ROAD,20,E, ,KOWHAI TERRACE,201410747,18/03/2014,Tue,1440,CB,40,102A 501A ,FT,R,D,B ,F , ,N,C,50,0,0,1,,,1571660,5176518
Christchurch City,CENTENNIAL AVENUE,, ,I,ELIZABETH ST,201444779,28/09/2014,Sun,1219,DA,CN2CC,129A 131A ,M,R,D,OF,F ,T,N,N,50,0,0,0,,,1567008,5179596
Christchurch City,CHALMERS ST,25,E, ,MAIN SOUTH ROAD,201414278,12/08/2014,Tue,1210,LB,VE1C,303B 375B 926 ,,R,D,B ,F ,D,N,P,50,0,0,1,,,1561417,5178737
Christchurch City,CHAPEL ST,30,N, ,HOANI ST,201446706,22/10/2014,Wed,714,GE,CS1C,193B 381B 926 ,,R,D,O ,F ,D,N,N,50,0,0,0,,,1568030,5184294
Christchurch City,CHARLCOTT ST,, ,I,WAIRAKEI ROAD,201439697,15/07/2014,Tue,1345,MC,CN1T,372B ,,R,D,B ,F ,T,N,N,50,0,0,0,,,1565655,5184243
Christchurch City,CHARTERIS BAY ROAD,410,E, ,GEBBIES PASS ROAD,201443556,21/07/2014,Mon,1812,CC,4W1,410A ,P,R,W,DF,M , ,N,N,100,0,0,0,,,1573038,5164801
Christchurch City,CHARTERIS BAY ROAD,100,W, ,MARINE DRIVE,201410248,29/01/2014,Wed,1731,CA,ME1,101A 191A 840 ,,R,D,B ,F , ,N,C,70,0,1,0,,,1575656,5166251
Christchurch City,CHARTERIS BAY ROAD,1000,W, ,MARINE DRIVE,201413361,31/05/2014,Sat,220,CB,CE1,103A 410A 801 ,T,R,W,DN,L , , ,C,100,0,0,1,,,1574946,5166086
Christchurch City,CHISLEHURST PLACE,180,S, ,WAIRAKEI ROAD,201411870,21/03/2014,Fri,1718,MO,CN1,133A 357A ,,E,D,BN,F , ,N,N,50,0,0,1,,,1567672,5182519
Christchurch City,CLAREMONT AVENUE,, ,I,TOMES ROAD,201431912,08/02/2014,Sat,149,DA,CW1,111A 131A ,P,E,D,DO,F ,T,N,N,50,0,0,0,,,1569206,5183401
Christchurch City,CLARENCE ST,, ,I,BURDALE ST,201416724,03/10/2014,Fri,1525,LB,SS1C,303B ,,R,D,O ,F ,T,N,P,50,0,0,1,,18,1567882,5179814
Christchurch City,CLARENCE ST,30,N, ,ELIZABETH ST,201447138,11/10/2014,Sat,2011,JA,CS1C,308B 377B 839 929 ,,R,D,DO,F ,D, ,C,50,0,0,0,,,1567892,5179722
Christchurch City,CLARENCE ST N,, ,I,BLENHEIM ROAD,201410246,31/01/2014,Fri,1819,LB,SN1C,303B 375B ,,R,D,O ,F ,X,T,R,60,0,0,1,,41,1567930,5179478
Christchurch City,CLARENCE ST SOUTH,20,S, ,KENILWORTH ST,201418645,15/12/2014,Mon,745,EA,SS1C,374B ,Q,R,D,BF,F , ,N,N,50,0,0,1,,43,1568368,5178916
Christchurch City,CLIFTON TERRACE,80,N, ,KINSEY TERRACE,201449784,18/09/2014,Thu,530,DB,CN1,103A 108A 111A ,G,M,D,DO,F , ,N,C,50,0,0,0,,,1580088,5176387
Christchurch City,CLYDE ROAD,150,S, ,CREYKE ROAD,201446730,19/10/2014,Sun,1329,GD,VN1C,181A 929 ,,R,D,O ,F ,D,N,C,50,0,0,0,,,1566763,5180950
Christchurch City,CLYDE ROAD,400,W, ,CREYKE ROAD,201442788,30/07/2014,Wed,1535,CA,SN1C,130A ,,R,D,BF,F , ,N,C,50,0,0,0,,,1566674,5180717
Christchurch City,CLYDE ROAD,, ,I,CREYKE ROAD,201410934,18/02/2014,Tue,1145,LB,CN1S,303B ,,R,D,BF,F ,X,T,C,50,0,0,1,,19,1566817,5181090
Christchurch City,CLYDE ROAD,270,N, ,FENDALTON ROAD,201414109,15/04/2014,Tue,1306,FC,CN1C,331A 350A ,,R,D,OF,F , ,N,X,50,0,0,1,,,1566922,5181793
Christchurch City,CLYDE ROAD,, ,I,FENDALTON ROAD,201413469,29/06/2014,Sun,1945,KC,CW2P,302A ,,E,D,DO,F ,X,G,C,50,0,0,1,,,1566896,5181525
Christchurch City,CLYDE ROAD,, ,I,FENDALTON ROAD,201439687,18/07/2014,Fri,807,FA,CS1C,181A ,,E,W,O ,L ,X,G,R,50,0,0,0,,,1566896,5181525