TLANAME,CRASHROAD,CRASHDIST,CRASHDIRN,INTSN,SIDEROAD,CRASHID,CRASHDATE,CRASHDOW,CRASHTIME,MVMT,VEHICLES,CAUSES,OBJECTSSTRUCK,ROADCURVE,ROADWET,LIGHT,WTHRa,JUNCTYPE,TRAFCTRL,ROADMARK,SPDLIM,CRASHFATALCNT,CRASHSEVCNT,CRASHMINCNT,PERSAGE1,PERSAGE2,EASTING,NORTHING
Christchurch City,CLYDE ROAD,, ,I,HOLLYFORD AVENUE,201443712,05/08/2014,Tue,1541,DA,CN1,111A 131A 517A ,,E,D,O ,F ,T,N,C,50,0,0,0,,,1566627,5182877
Christchurch City,CLYDE ROAD,, ,I,JEFFREYS ROAD,201417207,03/11/2014,Mon,1245,JA,CS1C,302B 375B ,,E,D,B ,F ,T,G,C,50,0,0,1,,,1566930,5182056
Christchurch City,CLYDE ROAD,, ,I,MEMORIAL AVENUE,201411851,09/02/2014,Sun,1420,NA,VN1K,717B ,,E,D,BF,F ,X,G,X,50,0,0,1,15,,1566896,5181525
Christchurch City,CLYDE ROAD,, ,I,MEMORIAL AVENUE,201411152,29/03/2014,Sat,1240,NA,CN1K,717B ,,M,D,O ,F ,X,T,X,50,0,0,1,12,,1566896,5181525
Christchurch City,CLYDE ROAD,50,N, ,RICCARTON ROAD,201430500,13/01/2014,Mon,1012,AC,VS1C,159A ,,R,D,B ,F , , ,N,50,0,0,0,,,1566613,5180207
Christchurch City,CLYDE ROAD,, ,I,TOTARA ST,201440853,26/06/2014,Thu,905,KB,CN1C,303B ,,R,D,B ,F ,T,N,C,50,0,0,0,,,1566623,5180341
Christchurch City,CLYDE ROAD,, ,I,TOTARA ST,201410245,29/01/2014,Wed,644,MA,SS1T,330B 373B ,,R,D,B ,F ,T,N,N,50,0,0,1,,2,1566623,5180341
Christchurch City,COLERIDGE ST,, ,I,BRISBANE ST,201418031,28/10/2014,Tue,857,HA,VW1C,301A 375A ,,R,D,OF,F ,X,S,C,50,0,0,1,,,1571336,5178510
Christchurch City,COLMAN AVENUE,15,N, ,MAIN SOUTH ROAD,201447775,03/11/2014,Mon,1540,LB,MN1C,303B 377B 930 ,,R,D,B ,F ,D,N,N,50,0,0,0,,,1564626,5179713
Christchurch City,COLOMBO ST,10,N, ,AYLMER ST,201436469,09/05/2014,Fri,754,FD,CN14,331A 354A ,,R,D,BF,F ,T,G,C,50,0,0,0,,,1570673,5176984
Christchurch City,COLOMBO ST,40,S, ,BATTERSEA ST,201432585,28/02/2014,Fri,1332,FA,VN1C,181A 351A ,,R,W,O ,F , ,N,C,50,0,0,0,,,1570647,5178709
Christchurch City,COLOMBO ST,50,N, ,BEALEY AVENUE,201443784,11/09/2014,Thu,1357,CA,CN1CC,112A 130A 402A ,MM,R,D,B ,F , , ,C,50,0,0,0,,,1570632,5181333
Christchurch City,COLOMBO ST,60,S, ,BYRON ST,201438275,02/02/2014,Sun,1512,FD,CN1C,181A ,P,R,D,BF,F , ,N,C,50,0,0,0,,,1570647,5178808
Christchurch City,COLOMBO ST,, ,I,BYRON ST,201410933,17/02/2014,Mon,1230,HA,CW2B,322B ,,R,D,OF,F ,X,T,C,50,0,0,1,,,1570646,5178868
Christchurch City,COLOMBO ST,, ,I,CANON ST,201413131,01/05/2014,Thu,1642,HA,CE2V,321A ,,R,D,B ,F ,X,S,C,50,0,0,1,,,1570628,5181851
Christchurch City,COLOMBO ST,, ,I,CANON ST,201415718,31/08/2014,Sun,855,HA,SS1C,301B 375B ,,R,D,OF,F ,X,S,C,50,0,0,1,,49,1570628,5181851
Christchurch City,COLOMBO ST,, ,I,DEVON ST,201411559,08/02/2014,Sat,1522,CC,CN1CC,137A ,,R,D,BF,F ,T,G,C,50,0,0,2,,,1570665,5177633
Christchurch City,COLOMBO ST,, ,I,ELGIN ST,201433477,17/03/2014,Mon,1210,GD,TS1C,181A 333A ,,R,D,BF,F ,T,G,C,50,0,0,0,,,1570648,5178506
Christchurch City,COLOMBO ST,20,S, ,HASTINGS ST,201418081,24/11/2014,Mon,1558,FD,CS1C,331A 350A ,,R,D,BF,F , ,N,C,50,0,0,1,,,1570654,5178162
Christchurch City,COLOMBO ST,30,S, ,HASTINGS ST,201412228,17/04/2014,Thu,1401,FD,CN1CCC,181A 427A ,,R,W,OF,H , ,N,P,50,0,0,1,,,1570654,5178152
Christchurch City,COLOMBO ST,, ,I,HUXLEY ST,201412690,11/04/2014,Fri,1444,LB,VW2C,303B ,,R,D,OF,F ,X,T,R,50,0,0,1,,,1570658,5177997
Christchurch City,COLOMBO ST,, ,I,LICHFIELD ST,201418271,23/12/2014,Tue,1032,NC,VE2E,307A 334A 710B 817 ,,M,D,B ,F ,X,T,C,50,0,0,2,23,,1570641,5179795
Christchurch City,COLOMBO ST,, ,I,MILTON ST,201411939,03/04/2014,Thu,1140,FE,CN1C,331A 358A ,,R,D,BF,F ,X,T,R,50,0,0,1,,,1570658,5177997
Christchurch City,COLOMBO ST,, ,I,MILTON ST,201431467,22/02/2014,Sat,1150,HA,CE2C,322B ,,R,D,BF,F ,X,T,R,50,0,0,0,,,1570658,5177997
Christchurch City,COLOMBO ST,, ,I,MOORHOUSE SLIP NORTH,201415650,19/07/2014,Sat,1914,HA,CE2C,103B 322B ,,R,W,DO,L ,X,T,C,50,0,0,4,,,1570644,5179172
Christchurch City,COLOMBO ST,, ,I,SALISBURY ST,201440802,25/07/2014,Fri,1310,HA,CE24,322A ,,R,D,B ,F ,X,T,C,50,0,0,0,,,1570634,5180884
Christchurch City,COLOMBO ST,15,S, ,SH 76,201414350,20/06/2014,Fri,1635,AF,CN1P,103A 129A ,,R,D,O ,F , , ,C,50,0,0,1,,,1570651,5178300
Christchurch City,COLOMBO ST,30,N, ,SOMERFIELD ST,201436471,28/04/2014,Mon,1400,JA,CS1C,308B 377B 839 930 ,,R,W,OF,H ,D,N,C,50,0,0,0,,,1570669,5177275
Christchurch City,COLOMBO ST,, ,I,SOMERFIELD ST,201438354,11/06/2014,Wed,1255,JA,CN1C,322A 334A ,,E,D,O ,F ,T,T,C,50,0,0,0,,,1570670,5177245
Christchurch City,COLOMBO ST,15,S, ,ST ASAPH ST,201449581,12/11/2014,Wed,1615,AC,TN1C,372A ,,R,D,B ,F , , ,C,50,0,0,0,,,1570642,5179537
Christchurch City,COLOMBO ST,, ,I,ST ASAPH ST,201438050,09/06/2014,Mon,1320,HA,CW24,322B 334B ,,R,W,O ,L ,X,T,C,50,0,0,0,,,1570642,5179552
Christchurch City,COLOMBO ST,, ,I,ST ASAPH ST,201451058,10/12/2014,Wed,2200,HA,CW2C,322B ,,R,D,DO,FF,X,T,C,50,0,0,0,,,1570642,5179552
Christchurch City,COLOMBO ST,, ,I,ST ASAPH ST,201439744,06/06/2014,Fri,1210,HA,CW2C,322B ,,R,W,O ,F ,X,T,C,50,0,0,0,,,1570642,5179552
Christchurch City,COLOMBO ST,, ,I,STRICKLAND ST,201433833,21/03/2014,Fri,450,FE,CN1C,103A 181A ,,R,D,DO,F ,T,T,C,50,0,0,0,,,1570670,5177245
Christchurch City,COLOMBO ST,, ,I,STRICKLAND ST,201433960,27/03/2014,Thu,1709,FE,SN1C,181A 330A 132B 353B ,,R,D,B ,F ,T,T,C,50,0,0,0,,,1570670,5177245
Christchurch City,COLOMBO ST,, ,I,TENNYSON ST,201412598,06/05/2014,Tue,710,JA,CS1C,334A 334B ,,R,D,B ,F ,T,T,C,50,0,0,2,,,1570671,5177155
Christchurch City,COLOMBO ST,, ,I,TENNYSON ST,201434076,17/04/2014,Thu,1700,LB,VS1C,303B 375B ,,R,W,DO,F ,T,T,C,50,0,0,0,,,1570671,5177155
Christchurch City,COLOMBO ST,, ,I,THORRINGTON ROAD,201450020,15/12/2014,Mon,1200,GD,VS1C,331A ,,R,D,B ,F ,T,G,C,50,0,0,0,,,1570690,5176446
Christchurch City,COLOMBO ST,, ,I,TUAM ST,201439927,12/06/2014,Thu,1816,FE,CN1C,427A ,,R,W,DO,F ,X,T,C,50,0,0,0,,,1570642,5179674
Christchurch City,COLOMBO ST,10,N, ,WOODBRIDGE ROAD,201434092,10/04/2014,Thu,120,CB,CS1,112A 129A ,K,R,W,DO,L ,T,N,P,50,0,0,0,,,1570574,5176170
Christchurch City,COLOMBO ST,, ,I,WORDSWORTH ST,201443702,10/09/2014,Wed,1540,HA,CS1C,322A 334A ,,R,D,B ,F ,X,T,C,50,0,0,0,,,1570647,5178626
Christchurch City,COLWYN ST,160,E, ,AORANGI ROAD,201416245,28/08/2014,Thu,809,MD,SE1C,308B 645B 929 ,,R,D,O ,F ,D,N,N,50,0,1,0,,55,1567195,5182993
Christchurch City,CONDELL AVENUE,, ,I,AORANGI ROAD,201414271,10/08/2014,Sun,227,NF,XN1E,370A ,,E,D,DO,FS,T,N,C,50,0,0,1,38,,1567655,5183617
Christchurch City,CONDELL AVENUE,40,E, ,JENNIFER ST,201431196,04/03/2014,Tue,2020,CC,CW1C,137A 195A ,M,R,W,DO,H , ,N,N,50,0,0,0,,,1567347,5183808
Christchurch City,CONDELL AVENUE,20,S, ,MATSONS AVENUE,201450112,20/10/2014,Mon,2236,GB,VN14,158A 333A 387A 175B 372B 929 ,,R,D,DO,F ,D, ,C,50,0,0,0,,,1567611,5183683
Christchurch City,COPPELL PLACE,60,N, ,HOON HAY ROAD,201411314,01/04/2014,Tue,1735,JA,SN1C,204A 377B 833 835 929 ,,R,D,OF,F ,D,N,N,50,0,0,1,,13,1567285,5177473
Christchurch City,CORONATION ST,40,W, ,GARNETT AVENUE,201434818,01/04/2014,Tue,2016,EA,CW1C,129A ,M,R,D,DO,F , ,N,N,50,0,0,0,,,1568938,5177685
Christchurch City,CORONATION ST,, ,I,SELWYN ST,201450481,11/12/2014,Thu,1948,JA,CW1C,302B ,,E,D,OF,F ,T,G,C,50,0,0,0,,,1569452,5178102
Christchurch City,COURTENAY ST,15,N, ,TRAFALGAR ST,201411164,04/01/2014,Sat,2235,CA,MS1,102A 112A 132A 514A ,,R,D,DO,F , , ,R,50,0,1,0,,,1570354,5182642
Christchurch City,COUTTS ISLAND ROAD,2250,W, ,LORIMAS ROAD,201446227,19/07/2014,Sat,730,DA,CW1,111A 131A 359A ,F,S,D,BF,F , ,N,C,100,0,0,0,,,1565882,5190123
Christchurch City,CRANBROOK AVENUE,, ,I,APPLEBY CRESCENT N,201413799,11/06/2014,Wed,1910,DA,CN1,111A 131A ,F,E,W,DO,F ,T,N,N,50,0,0,1,,,1565497,5183699
Christchurch City,CRANFORD ST,100,S, ,BERWICK ST,201415222,11/08/2014,Mon,1800,MC,MN1C,191A 372B ,,R,D,TO,F , ,N,C,50,0,0,1,,,1570764,5182528
Christchurch City,CRANFORD ST,, ,I,BERWICK ST,201439688,18/07/2014,Fri,721,LB,CS1C,303B ,,E,W,TO,L ,T,T,C,50,0,0,0,,,1570760,5182627
Christchurch City,CRANFORD ST,50,N, ,CORNWALL ST,201431062,17/02/2014,Mon,940,FD,BS1TC,132A 181A 191B ,,R,D,B ,F , ,N,C,50,0,0,0,,,1570763,5182285
Christchurch City,CRANFORD ST,20,S, ,CORNWALL ST,201441488,24/07/2014,Thu,1740,FD,CN14C,181A 350A ,,R,D,DO,F , ,N,C,50,0,0,0,,,1570760,5182216
Christchurch City,CRANFORD ST,100,S, ,CORNWALL ST,201439738,26/06/2014,Thu,1757,FD,CN1C4,331A ,,R,D,DO,F , , ,C,50,0,0,0,,,1570751,5182136
Christchurch City,CRANFORD ST,20,N, ,DEE ST,201416280,19/09/2014,Fri,1520,MC,CN1C,372B ,T,R,D,B ,F , , ,C,50,0,1,1,,,1570491,5183037
Christchurch City,CRANFORD ST,5,S, ,DEE ST,201418760,08/12/2014,Mon,830,FD,VS1CV,331A 358A ,,R,D,O ,F ,X,S,C,50,0,0,1,,,1570505,5183016
Christchurch City,CRANFORD ST,, ,I,DEE ST,201416802,17/10/2014,Fri,1735,CB,MS1,130A 504A ,,R,D,B ,F ,X,S,C,50,0,0,1,,,1570502,5183020
Christchurch City,CRANFORD ST,, ,I,EDGEWARE ROAD,201436794,28/05/2014,Wed,1803,LB,4N1C,303B 375B ,,R,D,DO,F ,X,T,R,50,0,0,0,,,1570747,5182104
Christchurch City,CRANFORD ST,80,E, ,FRASER ST,201444786,06/08/2014,Wed,1420,MC,CE1C,372B 375B ,,R,D,BF,F , ,N,C,50,0,0,0,,,1569211,5184755
Christchurch City,CRANFORD ST,400,E, ,FRASER ST,201411693,17/03/2014,Mon,815,FD,CE1CC,181A ,,R,W,BN,F , ,N,C,50,0,0,2,,,1569461,5184557
Christchurch City,CRANFORD ST,760,E, ,FRASER ST,201441495,02/08/2014,Sat,1925,CB,CS1,103A 514A ,I,R,D,DO,F , ,N,R,60,0,0,0,,,1569665,5184260
Christchurch City,CRANFORD ST,120,S, ,FRASER ST,201443689,01/09/2014,Mon,712,KA,VN1TCC,308B 929 ,MM,R,D,O ,F ,D,N,P,60,0,0,0,,,1569244,5184732
Christchurch City,CRANFORD ST,280,S, ,FRASER ST,201432556,23/01/2014,Thu,1520,JA,CS1C,308B 377B 839 926 ,,R,D,O ,F ,D,N,C,50,0,0,0,,,1569375,5184640
Christchurch City,CRANFORD ST,50,W, ,FRASER ST,201415304,15/08/2014,Fri,1230,FD,4W1C,181A 191B ,,R,D,O ,F , ,N,C,50,0,0,1,,,1569105,5184829
Christchurch City,CRANFORD ST,10,N, ,INNES ROAD,201443612,02/09/2014,Tue,952,FE,CS1V,331A 353A ,,R,D,B ,F ,X,T,C,50,0,0,0,,,1570302,5183314
Christchurch City,CRANFORD ST,, ,I,INNES ROAD,201411298,04/03/2014,Tue,854,HA,VE2C,322A 334A ,,R,W,O ,H ,X,T,C,50,0,0,1,,,1570308,5183305
Christchurch City,CRANFORD ST,, ,I,INNES ROAD,201439930,04/06/2014,Wed,1630,LB,CN1C,303B 375B ,,R,D,ON,F ,X,T,C,50,0,0,0,,,1570308,5183305
Christchurch City,CRANFORD ST,15,S, ,MAIN NORTH ROAD,201446648,18/10/2014,Sat,1135,FD,CN1C,181A 423A ,,R,D,O ,F , , ,R,50,0,0,0,,,1568962,5184929
Christchurch City,CRANFORD ST,300,S, ,MAIN NORTH ROAD,201446713,16/10/2014,Thu,1345,EA,CW1CCC,129A 358A ,M,R,D,B ,F , ,N,C,60,0,0,0,,,1569195,5184766
Christchurch City,CRANFORD ST,20,N, ,MCFADDENS ROAD,201410746,17/03/2014,Mon,842,FD,CS1C,181A 330A 191B ,,R,D,B ,F , ,N,C,60,0,0,1,,,1570071,5183670
Christchurch City,CRANFORD ST,400,N, ,MCFADDENS ROAD,201448110,26/11/2014,Wed,815,FD,CS1C,181A ,,R,D,B ,F , , ,N,60,0,0,0,,,1569856,5183983
Christchurch City,CRANFORD ST,500,N, ,MCFADDENS ROAD,201446255,14/08/2014,Thu,846,FD,CS1T,181A ,,R,D,BF,F , ,N,C,60,0,0,0,,,1569799,5184066
Christchurch City,CRANFORD ST,60,S, ,MCFADDENS ROAD,201410249,27/01/2014,Mon,729,CA,MS1,132A 191A 402A ,,R,W,O ,F , ,N,C,50,0,0,1,,,1570113,5183602
Christchurch City,CRANFORD ST,, ,I,MCFADDENS ROAD,201432776,23/02/2014,Sun,2241,HA,CW2C,321A 335A ,,R,D,DO,F ,X,S,R,50,0,0,0,,,1570083,5183654
Christchurch City,CRANFORD ST,, ,I,OXLEY AVENUE,201442836,21/08/2014,Thu,2100,KA,CS1C,301B ,,R,D,DO,F ,T,S,C,50,0,0,0,,,1570764,5182561
Christchurch City,CRANFORD ST,50,N, ,WESTMINSTER ST,201415808,30/07/2014,Wed,1407,EA,VS1CCC,410A ,MM,R,D,B ,F , , ,C,50,0,0,1,,,1570568,5182919
Christchurch City,CRANFORD ST,, ,I,WESTMINSTER ST,201439928,07/06/2014,Sat,1445,FE,VN1V,331A 350A ,,R,D,BF,F ,X,T,C,50,0,0,0,,,1570595,5182878
Christchurch City,CRANFORD ST,, ,I,WESTMINSTER ST,201410792,29/03/2014,Sat,1336,HA,CS14C,322A 334A ,,R,D,B ,F ,X,T,C,50,0,0,2,,,1570595,5182878
Christchurch City,CRANFORD ST,, ,I,WESTON ROAD,201434079,18/04/2014,Fri,2120,GD,CN1C,331A 358A ,,R,W,DO,F ,X,G,C,50,0,0,0,,,1570185,5183486
Christchurch City,CRESSWELL AVENUE,100,W, ,GAYHURST ROAD,201441255,06/07/2014,Sun,315,EE,CS1X,374B 520B ,M,R,D,DO,F , , ,C,50,0,0,0,,,1573473,5182753
Christchurch City,CREYKE ROAD,, ,I,CLYDE ROAD,201447881,28/10/2014,Tue,1147,BF,CN2T,111A 131A ,,R,D,BF,F ,X,T,C,50,0,0,0,,,1566817,5181090
Christchurch City,CREYKE ROAD,80,E, ,ILAM ROAD,201433593,08/03/2014,Sat,1200,CB,CE1,501A ,FJK,R,D,BN,F , ,N,N,50,0,0,0,,,1566056,5181408
Christchurch City,CREYKE ROAD,, ,I,KOTARE ST,201410742,14/02/2014,Fri,620,LB,CE1V,303B 375B ,,R,W,O ,F ,X,T,C,50,0,0,1,,,1566817,5181090
Christchurch City,CROFTON ROAD,15,N, ,GLEN BRIDGE LANE,201417771,25/12/2014,Thu,1710,CB,MN1,101A 181A 403A ,K,R,D,B ,F , ,N,N,50,0,0,1,,,1566073,5186061
Christchurch City,CUTTS ROAD,20,S, ,WOODBURY ST,201448817,29/11/2014,Sat,2104,FA,CN1C,181A 357A 357B ,,R,D,DO,F , , ,R,50,0,0,0,,,1563293,5181689
Christchurch City,CYPRESS ST,40,N, ,MERRILEES PLACE,201416882,03/11/2014,Mon,1736,GE,VS1S,144B 193B 929 ,,R,D,B ,F ,D,N,N,50,0,0,1,,19,1574746,5180420
Christchurch City,DACRE ST,100,E, ,WORCESTER ST,201440421,02/06/2014,Mon,1700,CB,CE1,130A 385A 812 ,KT,R,D,TF,F , ,N,N,50,0,0,0,,,1573796,5180627
Christchurch City,DARVEL ST,, ,I,MATAI ST,201410609,08/02/2014,Sat,143,DC,CN1,112A 514A ,HJ,R,W,DO,F ,T,N,N,50,0,0,1,,,1568482,5180789
Christchurch City,DEANS AVENUE,, ,I,BARTLETT ST,201430845,05/01/2014,Sun,36,GF,CS1C,111A 512A 514A 517A ,,E,D,DO,F ,T,G,R,50,0,0,0,,,1568674,5180304
Christchurch City,DEANS AVENUE,200,N, ,BLENHEIM ROAD,201445885,12/10/2014,Sun,200,FD,CS1C,181A 191B ,,R,D,DO,F , , ,P,50,0,0,0,,,1568677,5179326
Christchurch City,DEANS AVENUE,, ,I,BLENHEIM ROAD,201442444,09/07/2014,Wed,1024,LB,VE2C,303B 353B ,,R,W,OF,L ,X,T,R,60,0,0,0,,,1568682,5179126
Christchurch City,DEANS AVENUE,, ,I,KILMARNOCK ST,201414564,05/06/2014,Thu,1928,LB,PN1C,303B 375B ,,R,D,DO,F ,T,T,R,50,0,1,0,,,1568677,5180626
Christchurch City,DEANS AVENUE,5,N, ,MATAI ST,201416442,16/09/2014,Tue,1705,NA,CN1E,712B 713B ,,R,D,B ,F ,T,N,R,50,0,1,0,16,,1568687,5180778
Christchurch City,DEANS AVENUE,50,S, ,MATAI ST,201439739,20/06/2014,Fri,2246,FD,CS1CC,181A 331A 350A ,,R,D,DO,F , , ,C,50,0,0,0,,,1568683,5180723
Christchurch City,DEANS AVENUE,, ,I,MAYFAIR ST,201416695,01/11/2014,Sat,1048,NA,CS1E,712B 713B ,,R,D,B ,F ,T,N,R,50,0,1,0,6,,1568679,5179662
Christchurch City,DEANS AVENUE,100,S, ,OAKFORD CLOSE,201448945,14/10/2014,Tue,1130,CB,4S1CC,501A ,M,R,D,B ,F , , ,R,50,0,0,0,,,1568665,5179926
Christchurch City,DEANS AVENUE,, ,I,RICCARTON AVENUE,201413649,28/05/2014,Wed,1155,KB,CN1S,302A 375A ,,S,D,O ,F ,R,G,R,50,0,0,1,,26,1568662,5180380
Christchurch City,DEANS AVENUE,, ,I,RICCARTON AVENUE,201412425,10/04/2014,Thu,2348,DA,CN2,103A 131A 402A 801 ,X,M,W,DO,L ,R,G,R,50,0,1,0,,,1568675,5180382
Christchurch City,DEANS AVENUE,, ,I,RICCARTON AVENUE,201414509,18/06/2014,Wed,1400,FA,MS1M,181A ,,R,D,B ,F ,R,G,R,50,0,0,1,,,1568674,5180395
Christchurch City,DEANS AVENUE,15,N, ,RICCARTON ROAD,201414349,19/06/2014,Thu,936,AC,VN1C,184A ,,R,D,B ,F , , ,R,50,0,0,1,,,1568663,5180410
Christchurch City,DEANS AVENUE,, ,I,RICCARTON ROAD,201410611,14/02/2014,Fri,1125,FB,CN1C,181A 387A ,,R,D,B ,F ,R,G,C,50,0,0,1,,,1568662,5180375
Christchurch City,DEANS AVENUE,, ,I,RICCARTON ROAD,201416428,03/09/2014,Wed,1705,FB,CN1S,387A ,,R,D,B ,F ,R,G,R,50,0,1,0,,50,1568662,5180375
Christchurch City,DEANS AVENUE,, ,I,RICCARTON ROAD,201416788,27/09/2014,Sat,1530,GE,SS1C,357A 171B 357B ,,E,D,B ,F ,R,G,R,50,0,0,1,,38,1568674,5180395
Christchurch City,DILWORTH ST,30,W, ,CLARENCE ST,201414943,03/07/2014,Thu,1615,NB,CE1E,712B 713B ,,R,D,BF,F , ,N,C,50,0,0,1,,,1567826,5180050
Christchurch City,DISRAELI ST,, ,I,BRADDON ST,201417192,10/11/2014,Mon,832,HA,4E1C,301B 404B ,,R,D,O ,F ,X,S,C,50,0,0,1,,,1569767,5178894
Christchurch City,DISRAELI ST,100,W, ,MONTREAL ST,201445551,27/09/2014,Sat,449,CB,CW1,108A 130A 402A ,F,R,D,DO,F , , ,C,50,0,0,0,,,1570059,5178879
Christchurch City,DORSET ST,20,W, ,VICTORIA ST,201446658,20/10/2014,Mon,1400,MO,VE1C,371A 386A ,M,R,D,B ,F , , ,C,50,0,0,0,,,1570001,5181117
Christchurch City,DRAPER ST,50,W, ,STANMORE ROAD,201430364,13/01/2014,Mon,1420,EA,CE1C,129A 350A ,M,R,D,B ,F , ,N,N,50,0,0,0,,,1572214,5180975
Christchurch City,DRAPER ST,, ,I,STANMORE ROAD,201417124,20/10/2014,Mon,1450,LB,SE1C,303B ,,E,D,O ,FS,X,S,R,50,0,0,1,,14,1572262,5180986
Christchurch City,DUBLIN ST,10,S, ,KEEBLES LANE,201439477,24/04/2014,Thu,2251,DA,CS1C,101A 131A ,MP,E,D,DO,F ,T,N,N,50,0,0,0,,,1577382,5172597
Christchurch City,DUNBARS ROAD,50,E, ,BALKWELL ST,201441482,26/07/2014,Sat,2150,EA,CW1C,129A 353A ,M,R,D,DO,F , ,N,C,50,0,0,0,,,1565020,5175775
Christchurch City,DUNBARS ROAD,15,W, ,SH 75,201447752,10/08/2014,Sun,815,CB,CW1,101A 130A 410A ,KS,R,D,DO,F , , ,P,50,0,0,0,,,1565375,5175614
Christchurch City,DUNDAS ST,50,W, ,MANCHESTER ST,201446912,08/10/2014,Wed,1358,GB,CW1CV,333A 387A 926 ,M,R,D,BF,F ,D,N,N,50,0,0,0,,,1570838,5179300
Christchurch City,DURHAM ST,170,N, ,BEALEY AVENUE,201415572,11/08/2014,Mon,1010,JA,CS1C,308B 375B 507B 929 ,,R,D,B ,F ,D, ,C,50,0,1,1,,,1570385,5181452
Christchurch City,DURHAM ST,, ,I,GLOUCESTER ST,201446716,11/10/2014,Sat,1654,GE,CS1C,144B 171B ,,R,D,O ,F ,X,T,C,50,0,0,0,,,1570394,5180278
Christchurch City,DURHAM ST,15,S, ,KILMORE ST,201414208,25/07/2014,Fri,845,EC,PS1,330A 341A 817 ,D,R,D,B ,F , ,N,C,50,0,0,1,,,1570392,5180625
Christchurch City,DURHAM ST,, ,I,LICHFIELD ST,201436814,12/05/2014,Mon,1205,MO,BS1,386A 502A ,IS,M,D,B ,F ,X,T,R,50,0,0,0,,,1570390,5179793
Christchurch City,DURHAM ST,, ,I,MOORHOUSE AVENUE N,201441530,12/08/2014,Tue,1525,MF,CN1T,179B 381B ,,R,D,B ,F ,T,N,C,50,0,0,0,,,1570399,5179163
Christchurch City,DURHAM ST,, ,I,SANDYFORD ST,201413715,30/05/2014,Fri,1256,HA,VN1C,301B 382B ,,R,D,BF,F ,X,S,R,50,0,0,1,,,1570399,5178867
Christchurch City,DURHAM ST,, ,I,SANDYFORD ST,201451057,18/12/2014,Thu,1339,HA,CN1CC,301B 375B ,Q,R,D,OF,F ,X,S,P,50,0,0,0,,,1570399,5178867
Christchurch City,DURHAM ST,20,N, ,STANLEY ST,201451052,05/12/2014,Fri,832,JA,CS1C,308B 377B 930 ,,R,D,OF,F ,D,N,C,50,0,0,0,,,1570406,5178403
Christchurch City,DURY ROAD,100,W, ,PERIMETER ROAD,201435661,06/04/2014,Sun,1210,MO,CW1CV,130A 653A ,QX,R,D,B ,F , , ,C,50,0,0,0,,,1562739,5184756
Christchurch City,DYERS PASS ROAD,150,S, ,CENTAURUS ROAD,201414052,07/06/2014,Sat,200,BB,ON1OC,102A 123A 330A 102B 123B 330B ,,S,D,DO,F , ,N,C,50,0,2,0,,,1570368,5176091
Christchurch City,DYERS PASS ROAD,, ,I,CENTAURUS ROAD,201412705,07/04/2014,Mon,1633,HA,CN1S,302A ,,R,W,OF,L ,R,G,C,50,0,1,0,,40,1570510,5176094
Christchurch City,DYERS PASS ROAD,, ,I,COLOMBO ST,201413577,28/07/2014,Mon,830,LB,CN14,302A ,,R,D,B ,F ,R,G,R,50,0,0,1,,,1570510,5176094
Christchurch City,DYERS PASS ROAD,1820,N, ,GOVERNORS BAY ROAD,201436872,22/04/2014,Tue,2258,DB,CE1,111A 131A 632A 801 ,T,E,W,DN,L , , ,C,100,0,0,0,,,1571783,5171101
Christchurch City,DYERS PASS ROAD,, ,I,HEATON RHODES PLACE,201418839,22/11/2014,Sat,1544,DA,CN1,111A 131A ,ST,E,D,OF,F ,T,N,C,50,0,0,3,,,1570120,5175631
Christchurch City,DYERS PASS ROAD,, ,I,HEATON RHODES PLACE,201414365,05/06/2014,Thu,100,DA,CN1,103A 111A 131A ,FT,S,D,DO,F ,T,N,C,50,0,0,1,,,1570120,5175631
Christchurch City,DYERS PASS ROAD,600,S, ,PENTRE TERRACE,201438048,08/06/2014,Sun,900,DB,CN1,131A 197A 632A 800 ,E,M,W,O ,M , , ,C,70,0,0,0,,,1570752,5174017
Christchurch City,DYERS PASS ROAD,1300,S, ,PENTRE TERRACE,201446263,16/08/2014,Sat,1630,DA,CS1,137A ,E,E,D,BN,F , ,N,C,70,0,0,0,,,1571015,5173544
Christchurch City,DYERS PASS ROAD,40,N, ,SUMMIT ROAD,201412738,11/03/2014,Tue,752,CA,MN1,191A ,,R,W,OF,L , ,N,C,70,0,1,0,,,1571381,5171845
Christchurch City,DYERS PASS ROAD,300,N, ,SUMMIT ROAD,201414071,24/05/2014,Sat,30,DA,CN1,111A 402A 433A ,EGT,S,D,DN,F , ,N,C,80,0,0,1,,,1571241,5172057
Christchurch City,DYERS PASS ROAD,800,N, ,SUMMIT ROAD,201412784,19/04/2014,Sat,1030,DA,SN1,111A 132A 137A 926 ,,M,W,BN,F ,D,N,C,70,0,0,1,,47,1571151,5172462