TLANAME,CRASHROAD,CRASHDIST,CRASHDIRN,INTSN,SIDEROAD,CRASHID,CRASHDATE,CRASHDOW,CRASHTIME,MVMT,VEHICLES,CAUSES,OBJECTSSTRUCK,ROADCURVE,ROADWET,LIGHT,WTHRa,JUNCTYPE,TRAFCTRL,ROADMARK,SPDLIM,CRASHFATALCNT,CRASHSEVCNT,CRASHMINCNT,PERSAGE1,PERSAGE2,EASTING,NORTHING
Christchurch City,DYERS PASS ROAD,800,N, ,SUMMIT ROAD,201416560,30/09/2014,Tue,1400,DB,CS1,103A 111A 131A ,C,M,D,BN,F , ,N,C,70,0,0,1,,,1571151,5172462
Christchurch City,DYERS PASS ROAD,1000,N, ,SUMMIT ROAD,201441552,12/07/2014,Sat,600,EB,CN1C,129A 370A 103B ,M,E,W,DN,F , ,N,C,70,0,0,0,,,1571066,5172630
Christchurch City,DYERS PASS ROAD,1500,N, ,SUMMIT ROAD,201437574,18/05/2014,Sun,1704,DA,CN1,131A 352A 402A ,G,E,D,TN,F , , ,C,80,0,0,0,,,1571104,5173051
Christchurch City,DYERS PASS ROAD,3000,N, ,SUMMIT ROAD,201436959,01/05/2014,Thu,2100,DA,CN1,111A 131A 402A ,C,M,D,DN,F , , ,C,70,0,0,0,,,1570703,5174063
Christchurch City,DYERS PASS ROAD,300,S, ,SUMMIT ROAD,201416373,25/10/2014,Sat,951,BC,SS1C,111A 121A ,,S,D,B ,F , ,N,C,50,0,1,0,,33,1571394,5171527
Christchurch City,DYERS PASS ROAD,570,S, ,SUMMIT ROAD,201410837,18/01/2014,Sat,2145,DA,CS1,111A 131A 402A ,E,M,D,DN,F , , ,C,70,0,0,1,,,1571557,5171334
Christchurch City,DYERS PASS ROAD,580,S, ,SUMMIT ROAD,201437471,08/05/2014,Thu,2020,DB,CN1,103A 111A 131A 359A 901 ,,M,W,DN,H , , ,C,100,0,0,0,,,1571564,5171326
Christchurch City,DYERS PASS ROAD,600,S, ,SUMMIT ROAD,201418077,29/11/2014,Sat,150,DA,CS1,111A 131A ,C,M,W,DN,L , ,N,C,70,0,0,1,,,1571576,5171310
Christchurch City,DYERS PASS ROAD,800,S, ,SUMMIT ROAD,201434259,01/03/2014,Sat,450,DB,CE1,103A 111A 131A 433A 862 ,T,S,D,DO,F , , ,C,100,0,0,0,,,1571620,5171121
Christchurch City,DYERS PASS ROAD,200,E, ,VICTORIA PARK ROAD,201446324,16/09/2014,Tue,1020,DB,CN1,111A 135A 801 ,T,M,W,OF,L , ,N,C,70,0,0,0,,,1571185,5173263
Christchurch City,DYERS PASS ROAD,750,N, ,VICTORIA PARK ROAD,201415974,08/09/2014,Mon,701,BA,CN1C,129A 358A ,C,R,D,O ,F , , ,C,70,0,0,1,,,1571032,5173695
Christchurch City,DYERS PASS ROAD,2000,N, ,VICTORIA PARK ROAD,201439068,01/06/2014,Sun,1540,DA,4S1,110A 131A 407A ,C,M,D,BN,F , ,N,C,70,0,0,0,,,1570488,5174568
Christchurch City,DYERS PASS ROAD,120,W, ,VICTORIA PARK ROAD,201416397,27/10/2014,Mon,955,DB,40,129A 134A ,CT,M,W,O ,L , ,N,N,80,0,0,1,,,1571106,5173069
Christchurch City,DYERS PASS ROAD,170,S, ,WESTENRA TERRACE,201450641,31/12/2014,Wed,1808,DA,CN1,103A 351A ,F,M,D,B ,F , ,N,C,50,0,0,0,,,1570379,5174619
Christchurch City,EAST ELLINGTON DRIVE,80,W, ,HILLS ROAD,201437492,27/04/2014,Sun,1710,DB,CW1,131A 363A 402A 902 ,FTX,E,D,B ,F , , ,N,50,0,0,0,,,1571428,5184365
Christchurch City,EASTERN TERRACE,40,E, ,BOWENVALE AVENUE,201412462,25/04/2014,Fri,2355,DA,CW1,103A 111A 131A 514A 517A ,P,E,D,DO,F , , ,C,50,0,0,2,,,1571234,5175810
Christchurch City,EDGEWARE ROAD,, ,I,BARBADOES ST,201435677,18/04/2014,Fri,2110,HA,CS2C,112B 322B 350B 801 ,,R,W,DO,L ,X,T,C,50,0,0,0,,,1571383,5182107
Christchurch City,EDGEWARE ROAD,, ,I,COLOMBO ST,201418838,21/11/2014,Fri,1922,MC,ME1C,102B 372B ,,R,D,BF,F ,T,S,R,50,0,0,1,,,1570626,5182103
Christchurch City,EDIE ST,20,S, ,BUCKHURST AVENUE,201447118,14/10/2014,Tue,2220,EA,CS1C,111A 129A ,M,E,D,DO,F , , ,C,50,0,0,0,,,1563354,5177540
Christchurch City,EDWARD AVENUE,100,E, ,MADRAS ST,201441595,30/07/2014,Wed,2015,CC,CW1C,103A 129A ,M,R,D,DO,F , ,N,N,50,0,0,0,,,1571216,5182372
Christchurch City,EFFINGHAM ST,, ,I,PACIFIC ROAD,201431968,11/02/2014,Tue,1240,HA,CE2C,116A 339A 817 ,,R,D,BF,F ,X,S,C,50,0,0,0,,,1577265,5184610
Christchurch City,ELIZABETH ST,100,E, ,DIVISION ST,201415905,03/09/2014,Wed,1725,MB,CW1CCV,372B 375B ,M,R,D,TF,F , , ,N,50,0,0,1,,,1567741,5179675
Christchurch City,EMMETT ST,50,S, ,BELLBROOK CRESCENT S,201440152,13/07/2014,Sun,1409,CC,CN1,112A 129A ,FT,R,D,B ,F , ,N,C,50,0,0,0,,,1572238,5183699
Christchurch City,EMMETT ST,200,S, ,BRIGGS ROAD,201414063,13/06/2014,Fri,2349,CC,CN14,103A 130A ,M,R,W,DO,F , ,N,N,50,0,0,1,,,1572176,5183867
Christchurch City,ENSIGN ST,, ,I,CUNNINGHAM PLACE,201414652,19/07/2014,Sat,2230,DC,CE2,103A 110A 335A 801 ,HK,R,W,DO,L ,T,N,N,50,0,0,1,,,1565184,5175451
Christchurch City,ENSORS ROAD,20,S, ,CHARLES ST,201435709,01/05/2014,Thu,2200,AA,CS14,372A 130B ,FI,R,D,DO,F , , ,R,50,0,0,0,,,1572762,5178572
Christchurch City,ENSORS ROAD,20,S, ,FREDERICK ST,201416789,28/10/2014,Tue,546,DA,VS1C,402A 501A ,M,E,D,TO,F , , ,C,60,0,0,1,,,1572907,5178736
Christchurch City,ENSORS ROAD,100,S, ,GRENVILLE ST,201414912,07/06/2014,Sat,1936,EA,CS1V,341A ,M,R,D,DO,F , ,N,R,50,0,0,1,,,1572766,5178601
Christchurch City,ENSORS ROAD,, ,I,GRENVILLE ST,201437533,30/05/2014,Fri,220,DC,CE2,103A 357A 512A ,P,E,D,DO,F ,T,G,R,50,0,0,0,,,1572828,5178679
Christchurch City,ENSORS ROAD,60,N, ,LAURENCE ST,201448819,27/11/2014,Thu,1540,FA,4N1M,103A 434A 512A ,,R,D,O ,F , , ,R,60,0,0,0,,,1572735,5178545
Christchurch City,ENSORS ROAD,5,N, ,MACKENZIE AVENUE,201447139,13/10/2014,Mon,1005,MC,CS1C,372B ,,R,D,B ,F ,T,G,R,60,0,0,0,,,1572765,5178576
Christchurch City,ENSORS ROAD,50,S, ,MACKENZIE AVENUE,201432215,01/02/2014,Sat,305,CB,CN1V,103A 130A ,M,R,D,DO,F , , ,R,50,0,0,0,,,1572729,5178534
Christchurch City,ENSORS ROAD,10,S, ,SULLIVAN AVENUE,201450596,16/12/2014,Tue,1155,AC,BN1T,372A ,,R,D,B ,F ,T,G,R,60,0,0,0,,,1572666,5178414
Christchurch City,EPSOM ROAD,110,S, ,CARBINE PLACE,201434022,08/04/2014,Tue,1632,DA,CN1C,131A 350A 500A ,FM,M,W,O ,F , ,N,C,50,0,0,0,,,1563540,5179748
Christchurch City,EPSOM ROAD,, ,I,GREENHURST ST,201434614,13/03/2014,Thu,1435,JA,CS1C,377B 839 ,,R,D,BF,F ,T,N,C,50,0,0,0,,,1563805,5179371
Christchurch City,EPSOM ROAD,150,N, ,MAIN SOUTH ROAD,201450017,11/12/2014,Thu,1100,JA,CN14,308B 377B 926 ,,R,D,O ,F ,D,N,C,50,0,0,0,,,1563848,5179311
Christchurch City,EPSOM ROAD,, ,I,MAIN SOUTH ROAD,201417486,09/11/2014,Sun,1405,FB,VS1C,181A 387A ,,E,D,BF,F ,R,G,C,50,0,0,1,,,1563938,5179201
Christchurch City,EPSOM ROAD,, ,I,MAIN SOUTH ROAD,201415649,19/07/2014,Sat,1547,FB,VS1C,181A 387A ,,M,D,B ,F ,R,G,X,50,0,0,1,,,1563938,5179201
Christchurch City,EPSOM ROAD,, ,I,MAIN SOUTH ROAD,201431083,14/02/2014,Fri,835,FB,CS1C,181A 387A ,,E,W,O ,F ,R,G,R,50,0,0,0,,,1563938,5179201
Christchurch City,ESTUARY ROAD,100,N, ,CRADOCK ST,201431707,12/01/2014,Sun,1006,MO,TN1,386A ,P,R,D,B ,F , , ,C,50,0,0,0,,,1578431,5180935
Christchurch City,ESTUARY ROAD,120,S, ,CRADOCK ST,201415372,28/07/2014,Mon,825,NB,VN1E,306A 376A ,,R,D,B ,F , ,N,C,50,0,1,0,38,,1578497,5180725
Christchurch City,ESTUARY ROAD,30,N, ,HALSEY ST,201413224,30/05/2014,Fri,1850,CC,CN1,112A 402A ,P,R,D,DO,F , ,N,C,50,0,0,1,,,1578769,5179881
Christchurch City,ESTUARY ROAD,10,N, ,SANDRA ST,201414204,25/07/2014,Fri,805,MC,4S1CC,363B 372B 902 ,M,R,D,B ,FS,T,N,C,50,0,0,1,,,1578634,5180300
Christchurch City,EVANS PASS ROAD,10,S, ,HEBERDEN AVENUE,201432560,16/01/2014,Thu,1953,DA,CS1,101A 131A ,G,S,D,TN,F ,T,N,C,70,0,0,0,,,1580340,5174512
Christchurch City,FAIRFIELD AVENUE,, ,I,BRADDON ST,201451047,28/11/2014,Fri,2011,CC,CE1,129A ,X,R,W,DO,L ,T,N,N,50,0,0,0,,,1569770,5178691
Christchurch City,FALSGRAVE ST,, ,I,LISMORE ST,201432599,10/03/2014,Mon,28,DB,CS1,111A 402A 514A ,GT,M,D,DO,F ,T,N,C,50,0,0,0,,,1571771,5178834
Christchurch City,FARRINGTON AVENUE,20,W, ,HAREWOOD ROAD,201442835,26/08/2014,Tue,1120,MO,CE1CC,407A 423A 926 ,K,R,D,B ,F ,D,N,N,50,0,0,0,,,1566745,5184826
Christchurch City,FARRINGTON AVENUE,, ,I,ISLEWORTH ROAD,201435010,10/04/2014,Thu,1035,CB,CN1,112A 130A ,P,R,W,O ,F ,T,N,C,50,0,0,0,,,1566359,5184401
Christchurch City,FARRINGTON AVENUE,40,E, ,WAIRAKEI ROAD,201444098,19/07/2014,Sat,1906,DA,CN1C,111A 131A ,M,M,W,DO,L , ,N,C,50,0,0,0,,,1565860,5184084
Christchurch City,FARRINGTON AVENUE,, ,I,WAIRAKEI ROAD,201441799,17/08/2014,Sun,849,JA,CE1C,302B ,,R,D,B ,F ,T,G,C,50,0,0,0,,,1565831,5184057
Christchurch City,FARRINGTON AVENUE,, ,I,WAIRAKEI ROAD,201410708,19/02/2014,Wed,1810,KA,SS1C,302B 375B ,,R,D,B ,F ,T,G,C,50,0,0,1,,62,1565831,5184057
Christchurch City,FEILDING ST,80,W, ,PARLANE ST,201447128,04/07/2014,Fri,1740,EA,CE1C,129A ,M,R,D,TO,F , , ,N,50,0,0,0,,,1568680,5178637
Christchurch City,FENDALTON ROAD,, ,I,GLANDOVEY ROAD,201417129,14/11/2014,Fri,834,JA,CE1C,322A 334A 902 ,,R,D,B ,F ,T,T,R,50,0,0,1,,,1567213,5181488
Christchurch City,FENDALTON ROAD,, ,I,HOLMWOOD ROAD,201415373,04/08/2014,Mon,1620,LB,SS1C,303B 375B ,,E,W,B ,F ,T,G,R,50,0,1,0,,,1568501,5181163
Christchurch City,FENDALTON ROAD,, ,I,STRATFORD ST,201416424,30/07/2014,Wed,1659,GB,SE1C,353B 372B ,,R,D,B ,F ,T,G,R,50,0,1,0,,17,1567893,5181394
Christchurch City,FENDALTON ROAD,100,W, ,STRAVEN ROAD,201446657,17/10/2014,Fri,1600,FD,CE1CX,181A 358A 181B ,,R,D,B ,F , , ,R,50,0,0,0,,,1567670,5181414
Christchurch City,FENDALTON ROAD,, ,I,STRAVEN ROAD,201431194,03/03/2014,Mon,1641,FE,CE14,181A 324A 191B ,,R,W,O ,F ,X,T,N,50,0,0,0,,,1567769,5181400
Christchurch City,FENDALTON ROAD,, ,I,WAIWETU ST,201416384,25/09/2014,Thu,815,PD,CE1E,722B ,,R,D,B ,F ,T,G,R,50,0,0,1,9,,1567105,5181499
Christchurch City,FERN DRIVE,400,W, ,WALES ST,201414354,23/06/2014,Mon,849,MC,4S1C,363B 372B 645B 802 ,,M,D,B ,FF, , ,N,50,0,0,1,,,1564586,5175046
Christchurch City,FERRY ROAD,, ,I,ALDWINS ROAD,201447679,08/11/2014,Sat,1625,MO,CE1C,357A ,Q,R,D,BF,F ,X,T,P,50,0,0,0,,,1572979,5178860
Christchurch City,FERRY ROAD,, ,I,ALDWINS ROAD,201416696,22/10/2014,Wed,1608,LB,SE1C,303B 330B ,,R,D,B ,F ,X,T,R,50,0,0,1,,17,1572979,5178860
Christchurch City,FERRY ROAD,140,W, ,BARBADOES ST,201417922,22/10/2014,Wed,2345,CA,CE1C,103A 130A 402A ,M,R,D,DO,F , , ,C,50,0,0,1,,,1571243,5179525
Christchurch City,FERRY ROAD,10,E, ,BARBOUR ST,201446112,23/10/2014,Thu,955,EE,TW1C,374B ,M,R,D,B ,F ,T,N,P,50,0,0,0,,,1572398,5179137
Christchurch City,FERRY ROAD,10,W, ,CHARLESWORTH ST,201442306,12/08/2014,Tue,1915,BE,CW1C,125A 350A ,,R,D,DO,F ,T,N,C,80,0,0,0,,,1575318,5177456
Christchurch City,FERRY ROAD,30,E, ,DYERS ROAD,201448739,13/11/2014,Thu,2245,CC,CW1,103A 130A ,P,R,D,DO,F , , ,C,50,0,0,0,,,1575102,5177614
Christchurch City,FERRY ROAD,50,E, ,FITZGERALD AVENUE,201412590,25/02/2014,Tue,1510,NB,4E1E,712B 713B ,,R,D,O ,F , , ,C,50,0,1,0,13,,1571821,5179330
Christchurch City,FERRY ROAD,, ,I,GRAFTON ST,201416239,24/09/2014,Wed,1650,DA,CN2C4,131A 407A ,MM,R,D,B ,F ,T,N,R,50,0,0,1,,,1572497,5179103
Christchurch City,FERRY ROAD,20,E, ,HARGOOD ST,201431982,22/01/2014,Wed,1229,AA,VE1V,184A ,,R,D,OF,F , ,N,C,50,0,0,0,,,1574093,5178346
Christchurch City,FERRY ROAD,150,E, ,HARGOOD ST,201431287,12/02/2014,Wed,1045,AO,4E1V,381A ,,R,D,BF,F , ,N,C,50,0,0,0,,,1574199,5178270
Christchurch City,FERRY ROAD,, ,I,HARGOOD ST,201432561,22/01/2014,Wed,2118,HA,CS2C,322A 334A ,,R,D,DO,F ,X,T,L,50,0,0,0,,,1574077,5178357
Christchurch City,FERRY ROAD,, ,I,HEATHCOTE ST,201446372,11/09/2014,Thu,357,CC,CW1,112A 130A 514A ,F,R,D,DO,F ,T,S,P,50,0,0,0,,,1574215,5178258
Christchurch City,FERRY ROAD,120,E, ,HOPKINS ST,201414645,01/07/2014,Tue,1517,NB,CE1E,713B 726B ,,R,D,B ,F , , ,P,50,0,0,1,5,,1573613,5178533
Christchurch City,FERRY ROAD,50,W, ,HOPKINS ST,201434481,23/04/2014,Wed,732,CC,CE1,501A ,H,R,D,B ,F , , ,P,50,0,0,0,,,1573462,5178611
Christchurch City,FERRY ROAD,, ,I,HOPKINS ST,201413141,09/05/2014,Fri,907,JA,CW1CC,302B 382B ,,R,D,B ,F ,T,G,P,50,0,0,1,,,1573506,5178588
Christchurch City,FERRY ROAD,100,W, ,HUMPHREYS DRIVE,201412937,05/05/2014,Mon,1030,QG,TW1C,682A ,M,R,D,B ,F , , ,C,50,0,0,1,,,1576124,5177195
Christchurch City,FERRY ROAD,90,E, ,MACKWORTH ST,201411994,25/03/2014,Tue,728,FD,CW1CCC,181A 181C ,,R,D,OF,F , ,N,C,50,0,0,1,,,1573395,5178645
Christchurch City,FERRY ROAD,10,E, ,MANNING PLACE,201433780,17/03/2014,Mon,653,EB,TW1C,331A ,M,R,W,DO,F ,T,N,N,50,0,0,0,,,1573169,5178763
Christchurch City,FERRY ROAD,50,E, ,MARONAN ST,201416734,13/10/2014,Mon,850,JA,CE14,308B 930 ,,R,D,O ,F ,D,N,C,50,0,0,1,,,1574607,5177977
Christchurch City,FERRY ROAD,40,S, ,MARONAN ST,201432593,14/03/2014,Fri,912,KA,CS1C,308B 375B 930 ,,R,D,B ,F ,D,N,R,50,0,0,0,,,1574599,5177983
Christchurch City,FERRY ROAD,20,W, ,NURSERY ROAD,201449788,25/12/2014,Thu,2100,CC,CW1,101A 125A ,F,R,D,TO,F , ,N,R,50,0,0,0,,,1572200,5179204
Christchurch City,FERRY ROAD,20,E, ,OLLIVIERS ROAD,201439230,06/06/2014,Fri,925,LB,CW1C,303B 927 ,,R,W,B ,F ,D,N,N,50,0,0,0,,,1572543,5179085
Christchurch City,FERRY ROAD,5,W, ,OSBORNE ST,201431134,14/02/2014,Fri,1739,FD,4E1CC,331A 352A ,,R,D,O ,F ,T,N,P,50,0,0,0,,,1572712,5178998
Christchurch City,FERRY ROAD,10,E, ,PORTMAN ST,201445882,09/10/2014,Thu,1130,FC,CW1CC,181A 331A 181B ,,R,D,B ,F ,T,G,R,50,0,0,0,,,1574302,5178196
Christchurch City,FERRY ROAD,40,E, ,PORTMAN ST,201432213,24/01/2014,Fri,1536,GF,TE1C,671A 158B 925 ,,R,D,B ,F ,D, ,C,50,0,0,0,,,1574326,5178179
Christchurch City,FERRY ROAD,, ,I,RICHARDSON TERRACE,201437597,13/05/2014,Tue,850,GD,TE1C,331A 352A ,,R,D,O ,F ,T,N,P,50,0,0,0,,,1573955,5178427
Christchurch City,FERRY ROAD,, ,I,RICHARDSON TERRACE,201418652,22/10/2014,Wed,737,LB,SW1V,303B 377B ,,R,D,BF,F ,T,N,C,50,0,0,1,,22,1573955,5178427
Christchurch City,FERRY ROAD,30,E, ,RYAN ST,201440892,16/07/2014,Wed,1749,FD,CE1C,181A 355A ,,R,W,DO,L , , ,P,50,0,0,0,,,1572831,5178937
Christchurch City,FERRY ROAD,100,W, ,RYAN ST,201451099,05/12/2014,Fri,1944,FD,CE1C,181A ,,R,D,BN,F , ,N,C,50,0,0,0,,,1572715,5178997
Christchurch City,FERRY ROAD,100,W, ,SETTLERS CRESCENT W,201412565,10/04/2014,Thu,732,LB,SW1V,303B 314B 377B 927 ,,R,D,O ,F ,D, ,R,50,0,1,0,,49,1575997,5177225
Christchurch City,FERRY ROAD,5,W, ,SMITH ST,201432620,25/02/2014,Tue,1550,FD,CW1CC,181A 331A ,,R,D,B ,F ,T,N,C,50,0,0,0,,,1573432,5178626
Christchurch City,FERRY ROAD,80,W, ,ST JOHNS ST,201411930,21/03/2014,Fri,642,MC,PW1C,373B ,,R,D,DO,F , ,N,P,50,0,0,1,,,1574433,5178102
Christchurch City,FERRY ROAD,150,W, ,ST JOHNS ST,201433963,26/03/2014,Wed,1559,MO,VE1C,386A 926 ,,R,D,B ,F ,D,N,P,50,0,0,0,,,1574376,5178143
Christchurch City,FERRY ROAD,100,E, ,WATERMAN PLACE,201412041,26/03/2014,Wed,547,MC,CE1C,330B 372B ,,R,D,DO,F , ,N,C,50,0,0,1,,,1575635,5177313
Christchurch City,FERRY ROAD,200,E, ,WATERMAN PLACE,201418822,26/12/2014,Fri,1852,MC,4W14,381B ,,R,D,BF,F , ,N,R,50,0,0,1,,,1575732,5177290
Christchurch City,FERRY ROAD,280,E, ,WATERMAN PLACE,201415612,17/05/2014,Sat,1600,HA,SN14,210A 926 ,,R,D,O ,F ,D,N,X,50,0,0,1,,17,1575810,5177271
Christchurch City,FITZGERALD AVENUE,15,S, ,ARMAGH ST,201439878,26/06/2014,Thu,830,FD,CN1V,181A 331A 191B ,,R,D,B ,F , , ,C,50,0,0,0,,,1571755,5180392
Christchurch City,FITZGERALD AVENUE,, ,I,ARMAGH ST,201447137,02/10/2014,Thu,1926,HA,BN1C,322A 334A 352A ,,R,D,B ,F ,X,T,R,50,0,0,0,,,1571755,5180407
Christchurch City,FITZGERALD AVENUE,, ,I,ARMAGH ST,201439086,26/05/2014,Mon,1300,JA,CS1C,322A 357A ,,R,D,OF,F ,X,T,C,50,0,0,0,,,1571767,5180407
Christchurch City,FITZGERALD AVENUE,200,S, ,BEALEY AVENUE,201434777,25/04/2014,Fri,230,DA,CN1,103A 111A 131A ,FP,E,D,DO,F , ,N,C,50,0,0,0,,,1571751,5181084
Christchurch City,FITZGERALD AVENUE,, ,I,BEALEY AVENUE,201410037,03/02/2014,Mon,1545,FE,CN1CC,130A 423A ,,R,D,B ,F ,X,T,C,50,0,0,2,,,1571749,5181284
Christchurch City,FITZGERALD AVENUE,20,N, ,CAMBRIDGE TERRACE,201443609,01/09/2014,Mon,919,AC,TN1C,372A 671A ,,R,D,O ,F , , ,C,50,0,0,0,,,1571753,5181015
Christchurch City,FITZGERALD AVENUE,100,S, ,CASHEL ST,201434965,01/02/2014,Sat,924,CC,CN1,129A 350A ,IT,R,W,OF,L , ,N,R,50,0,0,0,,,1571759,5179823
Christchurch City,FITZGERALD AVENUE,, ,I,CASHEL ST,201411149,22/03/2014,Sat,1445,HA,CW2C,322B 334B ,,R,D,B ,F ,X,T,R,50,0,0,3,,,1571770,5179923
Christchurch City,FITZGERALD AVENUE,, ,I,CASHEL ST,201418389,09/12/2014,Tue,1715,AA,CN1V,372A ,,R,D,OF,F ,X,T,R,50,0,0,1,,,1571758,5179923
Christchurch City,FITZGERALD AVENUE,, ,I,FERRY ROAD,201433485,13/03/2014,Thu,1404,LB,CE24,303B 375B ,,R,D,BF,F ,X,T,R,50,0,0,0,,,1571762,5179350
Christchurch City,FITZGERALD AVENUE,, ,I,GLOUCESTER ST,201414837,20/07/2014,Sun,1620,HA,CS1C,322A 351A ,,R,D,BF,F ,X,T,R,50,0,0,1,,,1571767,5180286
Christchurch City,FITZGERALD AVENUE,50,N, ,HARVEY TERRACE,201440850,20/07/2014,Sun,47,DB,CN1,103A 131A 402A ,X,E,W,DO,L , , ,R,50,0,0,0,,,1571809,5180901
Christchurch City,FITZGERALD AVENUE,, ,I,HEREFORD ST,201431792,01/01/2014,Wed,1822,LB,CN1C,303B 375B ,,R,D,O ,F ,X,T,R,50,0,0,0,,,1571757,5180044
Christchurch City,FITZGERALD AVENUE,, ,I,HEREFORD ST,201412461,22/04/2014,Tue,958,HA,CW2C,322B 334B 801 ,,R,W,O ,L ,X,T,C,50,0,0,2,,,1571769,5180044
Christchurch City,FITZGERALD AVENUE,5,S, ,LICHFIELD ST,201432589,18/02/2014,Tue,900,FD,CS1CC,181A 350A ,,R,D,B ,F ,T,T,C,50,0,0,0,,,1571771,5179797
Christchurch City,FITZGERALD AVENUE,20,S, ,ST ASAPH ST,201441789,18/08/2014,Mon,940,FD,CN14,181A ,,R,D,B ,F , , ,C,50,0,0,0,,,1571760,5179539
Christchurch City,FITZGERALD AVENUE,, ,I,ST ASAPH ST,201417392,30/10/2014,Thu,1315,LB,CN1C,324A 303B ,,R,D,B ,F ,X,T,R,50,0,0,3,,,1571760,5179559
Christchurch City,FITZGERALD AVENUE,, ,I,ST ASAPH ST,201444634,18/08/2014,Mon,947,LB,CS1C,303B 375B ,,R,D,B ,F ,X,T,R,50,0,0,0,,,1571772,5179559
Christchurch City,FITZGERALD AVENUE,, ,I,ST ASAPH ST,201438264,06/06/2014,Fri,736,LB,CS1V,303B 377B ,,R,W,OO,L ,X,T,N,50,0,0,0,,,1571772,5179559
Christchurch City,FITZGERALD AVENUE,, ,I,TUAM ST,201434474,12/04/2014,Sat,1204,LB,CS1C,303B 375B 801 ,,R,W,O ,L ,X,T,R,50,0,0,0,,,1571771,5179667
Christchurch City,FITZGERALD AVENUE,, ,I,WORCESTER ST,201414643,23/07/2014,Wed,1512,LB,MN1C,303B 377B ,,R,D,B ,F ,X,T,R,50,0,0,1,,,1571756,5180165
Christchurch City,FITZGERALD AVENUE,, ,I,WORCESTER ST,201448101,03/05/2014,Sat,624,CA,CN1,404A 645A ,IP,R,D,DO,F ,X,T,R,50,0,0,0,,,1571756,5180165
Christchurch City,FITZGERALD AVENUE,, ,I,WORCESTER ST,201417389,10/11/2014,Mon,1440,HA,CN1C,101A 322A 334A 359A ,,R,D,B ,F ,X,T,R,50,0,0,1,,,1571756,5180165
Christchurch City,FITZGERALD AVENUE,, ,I,WORCESTER ST,201414839,24/07/2014,Thu,1535,LB,SW2C,210A 307B 352B ,,R,D,BF,F ,X,T,X,50,0,0,1,,8,1571768,5180165
Christchurch City,FITZGERALD AVENUE,, ,I,WORCESTER ST,201443700,09/09/2014,Tue,1415,HA,CS1C,322A 352A ,,R,D,B ,F ,X,T,C,50,0,0,0,,,1571768,5180165
Christchurch City,FLOCKTON ST,20,S, ,THORNTON ST,201416727,11/10/2014,Sat,45,DA,CS1C,103A 111A 131A ,M,E,D,DO,F ,T,N,C,50,0,0,1,,,1571424,5182745
Christchurch City,FLOWER ST,70,N, ,WALDEN PLACE,201447687,22/11/2014,Sat,1420,DA,CS1,103A 111A 131A ,T,E,D,BN,F , ,N,N,50,0,0,0,,,1566915,5183824
Christchurch City,FORD ROAD,60,S, ,LOUISSON PLACE,201439814,20/06/2014,Fri,1512,JA,CE1C,308B 377B 839 929 ,,R,D,B ,F ,D, ,N,50,0,0,0,,,1572988,5177476
Christchurch City,FORTH ST,, ,I,VOGEL ST,201436781,21/05/2014,Wed,10,EA,CE1C,111A ,M,M,D,DN,F ,T,N,N,50,0,0,0,,,1572462,5181475
Christchurch City,FREEBAIRN ST,20,N, ,BEESTON PLACE,201449213,29/10/2014,Wed,340,DB,CN1C,514A 517A ,,E,D,DO,F , , ,N,50,0,0,0,,,1569278,5186662
Christchurch City,GARDINERS ROAD,, ,I,SAWYERS ARMS ROAD,201436954,05/05/2014,Mon,908,HA,CS1T,321A ,,R,D,O ,F ,X,S,C,50,0,0,0,,,1566426,5186001
Christchurch City,GARVINS ROAD,, ,I,DICKSON CRESCENT,201439898,04/07/2014,Fri,44,DA,CS1,101A 111A 131A ,K,E,D,DO,F ,T,G,C,50,0,0,0,,,1562828,5178635
Christchurch City,GASSON ST,50,N, ,BYRON ST,201414832,14/07/2014,Mon,1522,HA,SN1T,204A 308B 375B 929 ,,R,D,OF,F ,D,N,C,50,0,0,1,,33,1571130,5178921
Christchurch City,GASSON ST,, ,I,BYRON ST,201414369,08/05/2014,Thu,2135,HA,CN1C,301B 352B ,S,R,W,DO,L ,X,S,L,50,0,0,2,,,1571130,5178871
Christchurch City,GASSON ST,, ,I,BYRON ST,201433754,24/03/2014,Mon,1649,HA,CS1C,301B ,,R,D,B ,F ,X,S,N,50,0,0,0,,,1571130,5178871
Christchurch City,GASSON ST,, ,I,CARLYLE ST,201442305,12/08/2014,Tue,1654,LB,VN1C,303B 375B ,,R,D,O ,F ,X,S,C,50,0,0,0,,,1571130,5178992
Christchurch City,GASSON ST,, ,I,CARLYLE ST,201437742,03/06/2014,Tue,915,HA,VS1C,301B 363B 370B 902 ,,R,D,B ,F ,X,S,C,50,0,0,0,,,1571130,5178992
Christchurch City,GASSON ST,, ,I,COLERIDGE ST,201444810,07/10/2014,Tue,1730,HA,CE2C,301A ,,R,D,BF,F ,X,S,C,50,0,0,0,,,1571133,5178509