TLANAME,CRASHROAD,CRASHDIST,CRASHDIRN,INTSN,SIDEROAD,CRASHID,CRASHDATE,CRASHDOW,CRASHTIME,MVMT,VEHICLES,CAUSES,OBJECTSSTRUCK,ROADCURVE,ROADWET,LIGHT,WTHRa,JUNCTYPE,TRAFCTRL,ROADMARK,SPDLIM,CRASHFATALCNT,CRASHSEVCNT,CRASHMINCNT,PERSAGE1,PERSAGE2,EASTING,NORTHING
Christchurch City,GASSON ST,, ,I,MOORHOUSE AVENUE,201432654,23/02/2014,Sun,1940,HA,CN1CC,322B 334B ,,R,W,B ,F ,X,T,C,50,0,0,0,,,1571132,5179156
Christchurch City,GASSON ST,, ,I,WORDSWORTH ST,201417145,28/10/2014,Tue,910,LB,4N1S,303B ,,R,D,O ,F ,X,T,C,50,0,0,1,,32,1571132,5178630
Christchurch City,GAYHURST ROAD,20,S, ,BIRCHFIELD AVENUE,201439888,24/06/2014,Tue,1432,MO,CN1V,370B ,,R,D,O ,F , , ,P,50,0,0,0,,,1573639,5182337
Christchurch City,GEBBIES PASS ROAD,430,S, ,CHARTERIS BAY ROAD,201448818,27/11/2014,Thu,2300,DA,CN1,101A 110A 131A 205A ,F,E,D,DN,F , , ,C,100,0,0,0,,,1572504,5164527
Christchurch City,GEBBIES PASS ROAD,550,S, ,CHARTERIS BAY ROAD,201400257,30/11/2014,Sun,1800,DB,MS1,101A 402A 403A ,FTV,E,W,O ,L , ,N,C,100,1,0,0,,,1572479,5164410
Christchurch City,GEBBIES PASS ROAD,500,S, ,SUMMIT ROAD,201412640,30/03/2014,Sun,1237,DA,MW1M,132A 137A 132B 137B ,,M,D,BN,F , ,N,N,100,0,1,1,,,1570728,5162218
Christchurch City,GEBBIES PASS ROAD,260,W, ,SUMMIT ROAD,201438254,09/06/2014,Mon,400,DA,CE1,131A ,,S,W,DN,L , ,N,C,100,0,0,0,,,1570658,5162355
Christchurch City,GEBBIES PASS ROAD,700,W, ,SUMMIT ROAD,201418828,24/12/2014,Wed,1415,DA,MS1,111A 131A ,C,M,D,BN,F , ,N,C,100,0,1,0,,,1570554,5162126
Christchurch City,GILBERTHORPES ROAD,200,S, ,KANIERE AVENUE S,201436968,03/05/2014,Sat,1955,EA,4N1C,410A ,M,R,D,DO,F , , ,C,50,0,0,0,,,1561079,5179560
Christchurch City,GLANDOVEY ROAD,80,W, ,IDRIS ROAD,201434779,11/04/2014,Fri,1910,EA,CW1CC,358A 403A 645A ,M,R,W,DO,L , ,N,C,50,0,0,0,,,1567922,5181973
Christchurch City,GLANDOVEY ROAD,, ,I,IDRIS ROAD,201410682,06/02/2014,Thu,815,KA,SS14,302B 375B ,,R,D,B ,F ,R,G,C,50,0,1,0,,59,1568006,5182007
Christchurch City,GLENMORE AVENUE,110,W, ,BROCKHAM ST,201414175,18/07/2014,Fri,1712,DB,CW1,102A 111A 133A ,P,E,W,DO,F , ,N,N,50,0,0,1,,,1567769,5186021
Christchurch City,GLENSTRAE ROAD,130,S, ,MCCORMACKS BAY ROAD,201416431,10/09/2014,Wed,1645,DC,TS1,111A 131A 191A ,CFH,S,D,B ,F , , ,C,50,0,1,0,,,1578082,5176798
Christchurch City,GLOUCESTER ST,, ,I,BARBADOES ST,201444479,18/09/2014,Thu,944,HA,4S2C,322B 330B 386B ,,R,D,B ,F ,X,T,C,50,0,0,0,,,1571368,5180284
Christchurch City,GLOUCESTER ST,130,W, ,ENGLAND ST,201412081,22/02/2014,Sat,900,EA,SE1C,350A 363A 902 ,M,R,D,B ,F , ,N,C,50,0,1,0,,15,1572572,5180290
Christchurch City,GLOUCESTER ST,200,E, ,FITZGERALD AVENUE,201411690,15/03/2014,Sat,1949,EE,SE1X,525B ,Q,R,W,DO,L , ,N,C,50,0,0,1,,54,1571967,5180288
Christchurch City,GLOUCESTER ST,, ,I,FITZGERALD AVENUE E,201415383,10/08/2014,Sun,1338,DB,CW1,111A 131A ,T,E,D,B ,F ,X,T,R,50,0,0,1,,,1571767,5180286
Christchurch City,GLOUCESTER ST,30,W, ,MANCHESTER ST,201449785,11/10/2014,Sat,2105,MO,VN1C,101A 357A 927 ,,R,D,DO,F ,D,N,N,50,0,0,0,,,1570851,5180280
Christchurch City,GLOUCESTER ST,200,E, ,STANMORE ROAD,201448939,07/10/2014,Tue,1540,MC,CE1C,372B ,,R,D,B ,F , , ,C,50,0,0,0,,,1572489,5180290
Christchurch City,GLOUCESTER ST,, ,I,STANMORE ROAD,201446230,01/10/2014,Wed,952,FE,4W1C,181A ,,R,D,BF,F ,X,T,C,50,0,0,0,,,1572289,5180290
Christchurch City,GLOUCESTER ST,50,E, ,TANCRED ST,201413322,10/04/2014,Thu,2156,CC,CE1C,195A 410A 801 ,M,R,W,DO,L , , ,C,50,0,0,1,,,1572933,5180290
Christchurch City,GORDON AVENUE,10,E, ,BRISTOL ST,201433298,08/03/2014,Sat,1235,MO,CE1,133A 407A 420A ,H,R,D,BF,F ,T,N,N,50,0,0,0,,,1569814,5182154
Christchurch City,GOULDING AVENUE,, ,I,SHANDS ROAD,201440987,25/07/2014,Fri,1012,DB,CW2,131A 507A ,GK,R,D,BF,F ,X,T,R,50,0,0,0,,,1561612,5178550
Christchurch City,GOVERNORS BAY ROAD,650,N, ,MAIN ROAD,201431140,30/01/2014,Thu,1150,DB,OW1,131A 687A 810 ,,S,D,O ,F , ,N,C,50,0,0,0,,,1572198,5170612
Christchurch City,GOVERNORS BAY ROAD,90,N, ,MARINERS COVE,201417839,20/11/2014,Thu,1808,DB,CW1,101A 111A 131A ,ET,E,D,B ,F , , ,C,50,0,0,1,,,1574952,5172288
Christchurch City,GOVERNORS BAY ROAD,200,N, ,MARINERS COVE,201414069,16/06/2014,Mon,1940,DA,CS1,131A 601A ,,E,D,DN,F , ,N,C,60,0,0,1,,,1574885,5172207
Christchurch City,GOVERNORS BAY ROAD,250,E, ,RAPAKI DRIVE,201416273,11/10/2014,Sat,2205,DB,CW1,102A 111A 131A 358A 402A ,C,M,D,DN,F , , ,C,60,0,0,1,,,1574413,5172019
Christchurch City,GOVERNORS BAY ROAD,1600,E, ,SANDY BEACH ROAD,201418669,22/11/2014,Sat,225,DA,CE1,103A 111A 131A ,C,M,D,DN,F , ,N,C,100,0,1,2,,,1572976,5170982
Christchurch City,GOVERNORS BAY TEDDINGTON,10,S, ,BAMFORDS ROAD,201411686,01/03/2014,Sat,1200,JA,MS14,929,,E,D,BF,F ,D,N,C,70,0,1,0,,,1571726,5167599
Christchurch City,GOVERNORS BAY TEDDINGTON,30,S, ,FOLEYS ROAD,201445983,13/10/2014,Mon,728,DB,CS1,111A 131A 813 817 ,,M,D,B ,F , , ,C,80,0,0,0,,,1572291,5165724
Christchurch City,GRAHAMS ROAD,, ,I,AVONHEAD ROAD,201411692,06/03/2014,Thu,2034,HA,CW1S,302A 375A ,,R,D,BF,F ,R,G,R,50,0,0,1,,31,1564671,5182453
Christchurch City,GRAHAMS ROAD,5,S, ,CRANBROOK AVENUE,201418029,09/10/2014,Thu,1458,PC,CW1E,371A 929 ,,R,D,ON,F ,D,N,R,50,0,0,1,2,,1565807,5183402
Christchurch City,GRAHAMS ROAD,200,S, ,MEMORIAL AVENUE,201449027,04/11/2014,Tue,1430,CB,CN14,354A ,M,R,D,BF,F , ,N,C,50,0,0,0,,,1565191,5182692
Christchurch City,GRAHAMS ROAD,50,S, ,RUBENS PLACE,201436920,11/05/2014,Sun,1050,FC,CN14C,181A 181B ,,R,D,B ,F , , ,R,50,0,0,0,,,1565528,5183080
Christchurch City,GRAHAMS ROAD,, ,I,WAIRAKEI ROAD,201412706,14/04/2014,Mon,1505,HA,SE1V,204A 375A ,,M,D,OF,F ,X,G,R,50,0,0,1,,10,1566286,5183773
Christchurch City,GRAHAMS ROAD,10,S, ,WAYSIDE AVENUE,201450013,19/12/2014,Fri,1828,MA,TN1C,357B 372B ,,R,D,TF,F ,T,N,C,50,0,0,0,,,1565929,5183543
Christchurch City,GRAHAMS ROAD E,20,S, ,GREGAN CRESCENT,201412010,05/04/2014,Sat,2330,GA,CS1C,101A 331A 358A ,,M,W,DO,L ,T,N,C,50,0,0,1,,,1566101,5183696
Christchurch City,GRAMPIAN ST,50,S, ,CLARIDGES ROAD,201435703,23/04/2014,Wed,1407,MC,VS1C,372B 378B ,,R,D,B ,F , , ,C,50,0,0,0,,,1567996,5186020
Christchurch City,GRAYS ROAD,500,N, ,RYANS ROAD,201448139,11/11/2014,Tue,718,GB,CN1T,927,,R,D,B ,F ,D,N,C,100,0,0,0,,,1561737,5183119
Christchurch City,GREENDALE AVENUE,, ,I,BROOKBY CRESCSNT,201450038,26/12/2014,Fri,2350,DB,CS2,103A 111A 133A ,FT,R,D,DO,F ,T,N,N,50,0,0,0,,,1564205,5182165
Christchurch City,GREENDALE AVENUE,40,E, ,RADBROOK ST,201417758,15/12/2014,Mon,1118,EA,CE1C,330A 386A ,M,R,D,B ,F , ,N,N,50,0,0,1,,,1564410,5182093
Christchurch City,GREERS ROAD,, ,I,CLYDE ROAD,201418528,08/11/2014,Sat,1030,JA,MS14,302B 377B ,,R,D,BF,F ,T,G,C,50,0,0,1,,,1566210,5183112
Christchurch City,GREERS ROAD,10,S, ,CONDELL AVENUE,201413199,05/05/2014,Mon,1950,BE,CS14,103A 130A 353A ,,R,D,DO,F ,T,G,N,50,0,1,1,,,1566850,5184134
Christchurch City,GREERS ROAD,30,S, ,CONDELL AVENUE,201411150,08/02/2014,Sat,1745,EA,CS1CC,112A 129A 358A ,MP,R,D,O ,F , , ,C,50,0,0,1,,,1566840,5184117
Christchurch City,GREERS ROAD,80,N, ,COTTESMORE CLOSE,201412426,24/02/2014,Mon,724,CB,XN1EE,130A 197A 350A ,,R,D,B ,F , , ,P,50,0,1,1,13,,1565946,5182779
Christchurch City,GREERS ROAD,, ,I,GRAHAMS ROAD,201410044,07/02/2014,Fri,1615,JA,CS1C,301B 382B 402B ,,E,D,O ,F ,T,S,L,50,0,0,1,,,1566727,5183920
Christchurch City,GREERS ROAD,15,S, ,HAREWOOD ROAD,201410429,16/01/2014,Thu,705,AF,CN1S,158B ,,R,D,O ,F , , ,C,50,0,0,1,,82,1567133,5184640
Christchurch City,GREERS ROAD,, ,I,HAREWOOD ROAD,201412417,06/03/2014,Thu,1334,LB,CN1C,303B 377B ,,R,D,B ,F ,X,T,R,50,0,1,0,,,1567141,5184653
Christchurch City,GREERS ROAD,, ,I,HAREWOOD ROAD,201441593,01/08/2014,Fri,1312,CB,CS1C,137A 197A ,M,R,D,B ,F ,X,T,R,50,0,0,0,,,1567141,5184653
Christchurch City,GREERS ROAD,50,N, ,HOANI ST,201439732,08/06/2014,Sun,625,CB,CN1C,412A ,M,R,D,DO,F , , ,C,50,0,0,0,,,1567252,5184815
Christchurch City,GREERS ROAD,20,N, ,KILBURN ST,201443701,09/09/2014,Tue,1622,AA,CS1C,184A ,,R,D,B ,F , , ,C,50,0,0,0,,,1566911,5184243
Christchurch City,GREERS ROAD,, ,I,LANGDONS ROAD,201431059,16/02/2014,Sun,2245,DA,CW1,129A 359A ,G,M,D,DO,F ,T,S,R,50,0,0,0,,,1567294,5184876
Christchurch City,GREERS ROAD,, ,I,MEMORIAL AVENUE,201438047,08/06/2014,Sun,845,HA,CN1C,322B ,F,R,W,O ,L ,X,T,R,50,0,0,0,,,1565717,5182514
Christchurch City,GREERS ROAD,10,N, ,REYNOLDS AVENUE,201412910,23/04/2014,Wed,1753,NA,CN1E,711B ,,R,D,DO,F ,T,G,C,50,0,0,1,16,,1567286,5184865
Christchurch City,GREERS ROAD,30,S, ,SAFFRON ST,201411274,25/02/2014,Tue,2119,MD,SN1C,204A 308B 929 ,,R,D,DO,F ,D,N,C,50,0,0,1,,24,1566635,5183767
Christchurch City,GREERS ROAD,, ,I,SAFFRON ST,201410697,06/03/2014,Thu,1750,LB,CS1C,303B 375B ,,R,D,B ,F ,T,G,C,50,0,0,1,,,1566651,5183793
Christchurch City,GREERS ROAD,, ,I,SAFFRON ST,201415199,22/08/2014,Fri,833,LB,SS1C,303B 375B ,,R,D,B ,F ,T,G,C,50,0,0,1,,15,1566651,5183793
Christchurch City,GREERS ROAD,30,E, ,TUDOR AVENUE,201436466,18/04/2014,Fri,1050,DA,CW1,111A 131A ,FT,E,W,OF,H , ,N,C,50,0,0,0,,,1565506,5182193
Christchurch City,GREERS ROAD,, ,I,WAIRAKEI ROAD,201433603,28/03/2014,Fri,1010,GD,VS1CV,111A 331A 817 ,,R,D,BF,F ,X,T,C,50,0,0,0,,,1566549,5183621
Christchurch City,GRIMSEYS ROAD,80,N, ,EXTON ST,201433487,13/03/2014,Thu,1347,EA,CS1C,129A 358A ,M,R,D,BF,F , ,N,C,50,0,0,0,,,1569885,5186868
Christchurch City,GROVE ROAD,, ,I,HARMAN ST,201416729,19/09/2014,Fri,1726,HA,CW2S,302A ,,R,D,B ,F ,R,G,R,50,0,0,1,,30,1569136,5178878
Christchurch City,GROYNES DRIVE,30,N, ,SH 1S,201432584,31/01/2014,Fri,1445,CC,CN1,102A 410A 504A ,T,R,D,B ,F , ,N,N,30,0,0,0,,,1568518,5188877
Christchurch City,GUERNSEY ST,110,S, ,CARTERET PLACE,201438274,09/06/2014,Mon,1927,DA,CN1,131A ,F,E,W,DO,L , ,N,N,50,0,0,0,,,1576509,5181375
Christchurch City,GUYS ROAD,, ,I,RYANS ROAD,201415369,22/08/2014,Fri,2115,DC,4W1,102A 112A 358A ,,R,D,DN,F ,T,G,C,80,0,0,1,,,1559554,5183487
Christchurch City,HACKTHORNE ROAD,90,S, ,MACMILLAN AVENUE,201416583,18/07/2014,Fri,1300,CB,CN1,135A 806 ,X,R,W,OF,L , ,N,C,50,0,0,1,,,1569649,5175116
Christchurch City,HACKTHORNE ROAD,, ,I,MACMILLAN AVENUE,201417762,10/01/2014,Fri,1050,GE,SN14,157A 160A ,,M,D,B ,F ,T,G,C,50,0,1,0,,41,1569690,5175196
Christchurch City,HACKTHORNE ROAD,20,W, ,STAMBRIDGE PLACE,201418841,27/12/2014,Sat,1847,MC,ME1C,372B ,,S,D,OF,F , ,N,C,50,0,0,1,,,1569766,5174965
Christchurch City,HACKTHORNE ROAD,100,N, ,TAKAHE DRIVE,201438997,15/06/2014,Sun,400,DA,CS1C,131A ,FM,M,W,DO,M , ,N,C,50,0,0,0,,,1570568,5174645
Christchurch City,HAGLEY AVENUE,50,N, ,MOORHOUSE AVENUE,201416286,16/08/2014,Sat,1201,MB,MN1CC,303B ,,R,D,B ,F , , ,P,50,0,1,0,,,1569174,5179184
Christchurch City,HAGLEY AVENUE,90,N, ,MOORHOUSE AVENUE,201434252,19/02/2014,Wed,1006,KB,CS1C,308B 375B 930 ,,R,D,B ,F ,D, ,N,50,0,0,0,,,1569204,5179210
Christchurch City,HAGLEY AVENUE,, ,I,RICCARTON AVENUE,201432582,16/03/2014,Sun,1426,DB,CN1,110A 122A 135A 801 901 ,GS,M,W,O ,H ,X,G,C,50,0,0,0,,,1569802,5179703
Christchurch City,HAGLEY AVENUE,, ,I,SELWYN ST,201417126,22/10/2014,Wed,1736,LB,CS1T,131B 303B ,K,R,D,B ,F ,T,G,C,50,0,0,1,,,1569431,5179398
Christchurch City,HAGLEY AVENUE,20,S, ,TUAM ST,201435028,20/03/2014,Thu,910,MA,BS14,373B ,,R,D,O ,F , ,N,C,50,0,0,0,,,1569786,5179691
Christchurch City,HALBERG ST,40,E, ,SNELL PLACE,201410069,03/01/2014,Fri,1040,BE,CE1C,131A 138A 402A ,,R,D,B ,F , , ,N,50,0,0,1,,,1573909,5181802
Christchurch City,HALBERG ST,70,W, ,SNELL PLACE,201450608,27/11/2014,Thu,1645,DB,CS1,103A 111A ,P,M,D,B ,F , ,N,L,50,0,0,0,,,1573802,5181806
Christchurch City,HALSWELL JUNCTION ROAD,, ,I,MURPHYS ROAD,201431967,07/02/2014,Fri,110,DB,CN1,103A 116A 817 ,P,R,D,DO,F ,T,G,C,60,0,0,0,,,1563969,5174989
Christchurch City,HALSWELL JUNCTION ROAD,20,S, ,WATERLOO ROAD,201411868,08/03/2014,Sat,1730,CB,MS1C,103A 129A ,M,R,D,BN,F , ,N,C,50,0,0,1,,,1560265,5178917
Christchurch City,HALSWELL ROAD,50,E, ,HOON HAY ROAD,201447665,04/11/2014,Tue,2220,CB,4W1,103A 129A ,X,R,D,DO,F , ,N,R,50,0,0,0,,,1567149,5177516
Christchurch City,HAMMERSLEY AVENUE,50,W, ,HOPE ST,201448756,07/11/2014,Fri,13,EA,CE14,104A 129A 402A ,FM,R,D,DO,F , , ,N,50,0,0,0,,,1572413,5183276
Christchurch City,HAMPSHIRE ST,, ,I,MARLOW ROAD,201414036,04/07/2014,Fri,1230,NB,VN1E,370A 713B 726B ,,R,D,B ,F ,T,N,C,50,0,0,1,4,,1575856,5182371
Christchurch City,HANSONS LANE,10,S, ,ARTHUR ST,201413275,29/05/2014,Thu,920,NA,VS1E,711B ,,R,D,B ,F ,T,N,C,50,0,0,1,66,,1565633,5179328
Christchurch City,HANSONS LANE,70,S, ,ARTHUR ST,201432653,14/02/2014,Fri,820,KA,CN1C,308B 375B 929 ,,R,D,B ,F ,D,N,C,50,0,0,0,,,1565640,5179269
Christchurch City,HANSONS LANE,20,N, ,HAYNES AVENUE,201439735,14/06/2014,Sat,1535,MC,CN1C,372B ,,R,D,O ,F , , ,C,50,0,0,0,,,1565574,5179860
Christchurch City,HANSONS LANE,20,S, ,RICCARTON ROAD,201439897,21/06/2014,Sat,1308,FD,CN1CCC,331A 358A 633A ,,R,D,B ,F , , ,C,50,0,0,0,,,1565557,5180018
Christchurch City,HANSONS LANE,80,S, ,RICCARTON ROAD,201446732,21/10/2014,Tue,1650,JA,CN1C,308B 375B 926 ,,R,D,B ,F ,D,N,C,50,0,0,0,,,1565563,5179958
Christchurch City,HAREWOOD ROAD,190,E, ,BREENS ROAD,201415971,03/09/2014,Wed,1042,EA,CE1C,129A 358A ,KMP,R,D,B ,F , , ,R,50,0,0,1,,,1566184,5185184
Christchurch City,HAREWOOD ROAD,110,W, ,BREENS ROAD,201434470,16/04/2014,Wed,1306,KA,CW1C,308B 377B 801 839 927 ,,R,W,O ,L ,D, ,R,50,0,0,0,,,1565923,5185331
Christchurch City,HAREWOOD ROAD,, ,I,BREENS ROAD,201415658,09/09/2014,Tue,1445,HA,CW1C,301B 350B ,,R,D,B ,F ,X,S,C,50,0,0,1,,,1566019,5185277
Christchurch City,HAREWOOD ROAD,, ,I,BREENS ROAD,201439917,27/05/2014,Tue,830,HA,CN2C,301A 375A ,,R,D,BF,F ,X,S,R,50,0,0,0,,,1566019,5185277
Christchurch City,HAREWOOD ROAD,160,E, ,COTSWOLD AVENUE,201439889,29/06/2014,Sun,1140,EA,CE1C,129A 357A ,M,R,D,B ,F , , ,R,50,0,0,0,,,1566569,5184981
Christchurch City,HAREWOOD ROAD,, ,I,GREERS ROAD,201433653,19/03/2014,Wed,2150,LB,CN1C,303B 387B ,,R,D,DO,F ,X,T,R,50,0,0,0,,,1567141,5184653
Christchurch City,HAREWOOD ROAD,, ,I,GREERS ROAD,201448752,10/11/2014,Mon,1930,HA,CS1C,322B 330B ,,R,D,TF,F ,X,T,R,50,0,0,0,,,1567141,5184653
Christchurch City,HAREWOOD ROAD,150,W, ,MAIN NORTH ROAD,201414466,04/07/2014,Fri,1333,KB,CW1V,308B 927 ,,R,D,OF,F ,D,N,C,50,0,0,1,,,1568176,5183986
Christchurch City,HAREWOOD ROAD,15,W, ,MATSONS AVENUE,201418836,09/12/2014,Tue,1416,EA,CW1CC,129A 350A ,M,R,D,OF,F , ,N,C,50,0,0,1,,,1567985,5184122
Christchurch City,HAREWOOD ROAD,20,W, ,PAPANUI ROAD,201437577,12/05/2014,Mon,1520,MC,CW1C,372B ,,R,D,B ,F , , ,C,50,0,0,0,,,1568284,5183914
Christchurch City,HAREWOOD ROAD,, ,I,PAPANUI ROAD,201433751,19/03/2014,Wed,2055,GB,CE1CC,113A 158A 514A ,,E,D,B ,F ,X,T,R,50,0,0,0,,,1568302,5183906
Christchurch City,HAREWOOD ROAD,, ,I,RUSSLEY ROAD,201431139,05/02/2014,Wed,1514,FB,4W1C,181A 191B ,,R,W,O ,F ,R,G,C,80,0,0,0,,,1564132,5185917
Christchurch City,HAREWOOD ROAD,, ,I,WILMOT ST,201450037,23/12/2014,Tue,2345,EA,CW1C,103A 129A 130A ,M,R,D,DO,F ,T,N,C,50,0,0,0,,,1567548,5184423
Christchurch City,HAREWOOD ROAD,100,E, ,WOOLDRIDGE ROAD,201413535,17/07/2014,Thu,1738,GD,CW1V,181A 359A 929 ,,R,W,DO,L ,D,N,C,50,0,0,1,,,1565211,5185683
Christchurch City,HARGOOD ST,20,S, ,THISTLEDOWN PLACE,201447787,30/10/2014,Thu,1035,CC,CN1,130A 504A ,F,R,D,B ,F , , ,C,50,0,0,0,,,1574269,5178621
Christchurch City,HARMAN ST,25,E, ,LINCOLN ROAD,201445982,20/10/2014,Mon,900,GF,CW1C,372A 924 ,,R,D,O ,F ,D,N,C,50,0,0,0,,,1568904,5178934
Christchurch City,HARMANS TRACK,1250,W, ,SH 75,201413256,30/05/2014,Fri,1733,CA,ME1,110A 138A 330A 840 ,,R,W,DN,F , ,N,N,100,0,0,1,,,1588397,5156513
Christchurch City,HARPER AVENUE,, ,I,BEALEY AVENUE,201441464,20/07/2014,Sun,217,DB,CW1,110A 134A ,,E,W,DO,F ,X,T,R,50,0,0,0,,,1569774,5181269
Christchurch City,HARPER AVENUE,, ,I,BEALEY AVENUE,201443946,12/04/2014,Sat,120,AC,CW2C,330A 381A ,,R,W,DO,L ,X,T,P,50,0,0,0,,,1569774,5181269
Christchurch City,HARPER AVENUE,60,S, ,CARLTON MILL ROAD,201450468,08/12/2014,Mon,1155,FD,VN1CC,181A ,,R,D,BF,F , ,N,C,50,0,0,0,,,1569719,5181238
Christchurch City,HARPER AVENUE,100,S, ,CARLTON MILL ROAD,201410138,06/01/2014,Mon,1538,FD,CN1C,331A 358A ,,R,D,B ,F , , ,R,50,0,0,1,,,1569688,5181212
Christchurch City,HARPER AVENUE,40,W, ,CARLTON MILL ROAD,201431441,13/01/2014,Mon,1650,FD,CE1CCC,181A ,,R,D,BF,F , ,N,R,50,0,0,0,,,1569734,5181251
Christchurch City,HARPER AVENUE,100,E, ,DEANS AVENUE,201446068,29/09/2014,Mon,755,FA,CW1V,181A 331A ,,R,D,B ,F , , ,R,50,0,0,0,,,1568863,5180909
Christchurch City,HARPER AVENUE,, ,I,DEANS AVENUE,201411688,18/03/2014,Tue,709,NA,CW1E,713B ,,R,W,DO,L ,T,T,R,50,0,0,1,17,,1568765,5180892
Christchurch City,HARPER AVENUE,25,E, ,FENDALTON ROAD,201444049,07/08/2014,Thu,1544,FE,4W1CC,181A ,,R,D,BF,F , ,T,R,50,0,0,0,,,1568789,5180898
Christchurch City,HARPER AVENUE,, ,I,HELMORES LANE,201439734,16/06/2014,Mon,1610,FE,BW1C,181A 801 ,,R,W,O ,L ,T,T,R,50,0,0,0,,,1569041,5180934
Christchurch City,HARPER AVENUE,100,W, ,PARK TERRACE,201400262,24/11/2014,Mon,1511,PO,CW1E,357B 523B ,,R,D,B ,F , , ,C,50,1,0,0,67,,1569698,5181204
Christchurch City,HARRIS CRESCENT,, ,I,RICHARDS AVENUE W,201446069,26/09/2014,Fri,155,DB,CS1CC,131A ,M,R,D,DO,FF,T,N,C,50,0,0,0,,,1567204,5184300
Christchurch City,HARROW ST,10,W, ,GLASGOW ST,201432586,27/02/2014,Thu,2320,GA,VW1V,103A 181A 103B 929 ,,R,D,DO,F ,D,N,C,50,0,0,0,,,1573085,5179523
Christchurch City,HAWDON ST,10,S, ,MALDON ST,201443607,25/08/2014,Mon,1150,MO,TN1C,386A ,M,R,D,B ,F ,T,N,C,50,0,0,0,,,1570835,5178402
Christchurch City,HAWKE ST,60,W, ,MARINE PARADE,201432772,18/02/2014,Tue,1555,JA,CW1C,308B 375B 925 ,,R,D,B ,F ,D, ,C,50,0,0,0,,,1578150,5182949
Christchurch City,HAWKE ST,100,E, ,SHAW AVENUE,201433755,25/03/2014,Tue,2031,LB,CW1C,303B 922 ,,R,W,DO,F ,D,N,N,50,0,0,0,,,1577978,5182893
Christchurch City,HAWKHURST ROAD,50,S, ,TICEHURST TERRACE,201446378,05/09/2014,Fri,942,EA,CS1C,331A 352A ,FMP,R,D,OF,F , ,N,N,50,0,0,0,,,1577020,5172611
Christchurch City,HAY ST,140,S, ,BUTTERFIELD AVENUE,201436993,19/05/2014,Mon,1415,MD,CS1C,371B 834 929 ,,R,D,B ,F ,D,N,C,50,0,0,0,,,1574326,5179840
Christchurch City,HAYTON ROAD,, ,I,MCALPINE ST,201433826,20/03/2014,Thu,1227,GE,CN1V,157A ,,R,D,O ,F ,T,N,C,50,0,0,0,,,1564412,5178649
Christchurch City,HAYTON ROAD,50,S, ,PARKHOUSE ROAD,201440000,04/07/2014,Fri,2110,EA,CS1T,129A ,M,R,D,DO,F , ,N,C,50,0,0,0,,,1564653,5178347
Christchurch City,HEATHCOTE ST,20,S, ,FERRY ROAD,201435391,03/05/2014,Sat,30,CB,CN1,103A 130A ,FH,R,D,DO,F , , ,C,50,0,0,0,,,1574204,5178242
Christchurch City,HEATON ST,40,W, ,ALLISTER AVENUE,201414207,29/07/2014,Tue,1740,MC,4W1V,350B 372B ,,R,D,DO,F , ,N,C,50,0,0,1,,,1568751,5182254
Christchurch City,HEATON ST,200,W, ,CIRCUIT ST,201415225,29/07/2014,Tue,1730,LB,SE1C,303B 377B 930 ,,R,D,TO,F ,D,N,R,50,0,0,1,,33,1568946,5182385
Christchurch City,HEREFORD ST,50,E, ,BARBADOES ST,201439729,19/06/2014,Thu,1300,LB,CE1C,303B 930 ,,R,D,O ,F ,D, ,C,50,0,0,0,,,1571420,5180042
Christchurch City,HEREFORD ST,150,E, ,BARBADOES ST,201440436,11/07/2014,Fri,1553,EA,CE1CCC,130A 401A ,M,R,D,B ,F , ,N,C,50,0,0,0,,,1571520,5180042
Christchurch City,HEREFORD ST,, ,I,ENGLAND ST,201449778,15/12/2014,Mon,1435,LB,CE1C,303B 375B ,,R,D,B ,F ,X,G,C,50,0,0,0,,,1572703,5180047
Christchurch City,HEREFORD ST,160,E, ,FITZGERALD AVENUE,201415973,08/09/2014,Mon,817,MD,CE1C,308B 371B 402B 929 ,,R,D,B ,F ,D, ,C,50,0,0,1,,,1571929,5180046
Christchurch City,HEREFORD ST,200,W, ,FITZGERALD AVENUE,201446113,17/10/2014,Fri,1522,EC,TW1,386A ,X,R,D,B ,F , , ,C,50,0,0,0,,,1571557,5180042
Christchurch City,HEREFORD ST,15,E, ,LATIMER SQUARE,201439875,21/06/2014,Sat,1940,AA,VE1V,352A 370A ,,R,D,DO,F , , ,C,50,0,0,0,,,1571193,5180040
Christchurch City,HEREFORD ST,, ,I,LINWOOD AVENUE,201413597,02/08/2014,Sat,1523,FE,4E1CCC,423A 181B 181C 181D ,,R,D,B ,F ,T,T,R,50,0,0,3,,,1573388,5180050
Christchurch City,HEREFORD ST,, ,I,MADRAS ST,201443795,06/09/2014,Sat,1033,HA,4N2C,322B ,,M,D,B ,F ,T,T,C,50,0,0,0,,,1571127,5180040