TLANAME,CRASHROAD,CRASHDIST,CRASHDIRN,INTSN,SIDEROAD,CRASHID,CRASHDATE,CRASHDOW,CRASHTIME,MVMT,VEHICLES,CAUSES,OBJECTSSTRUCK,ROADCURVE,ROADWET,LIGHT,WTHRa,JUNCTYPE,TRAFCTRL,ROADMARK,SPDLIM,CRASHFATALCNT,CRASHSEVCNT,CRASHMINCNT,PERSAGE1,PERSAGE2,EASTING,NORTHING
Christchurch City,HEREFORD ST,100,W, ,STANMORE ROAD,201439872,21/06/2014,Sat,420,CA,CE1CC,101A 410A ,,R,D,DO,F , , ,C,50,0,0,0,,,1572180,5180050
Christchurch City,HEREFORD ST,180,W, ,STANMORE ROAD,201436949,01/05/2014,Thu,1748,MB,CE1CC,303B ,M,R,D,TO,F , , ,C,50,0,0,0,,,1572100,5180049
Christchurch City,HEREFORD ST,, ,I,STANMORE ROAD,201412082,05/03/2014,Wed,1831,HA,CE1S,302A 375A ,,R,W,O ,F ,R,G,C,50,0,1,0,,,1572300,5180051
Christchurch City,HEREFORD ST,, ,I,STANMORE ROAD,201441462,17/07/2014,Thu,755,FB,CW14,181A 191B ,,R,W,B ,F ,R,G,C,50,0,0,0,,,1572305,5180051
Christchurch City,HEREFORD ST,, ,I,STANMORE ROAD,201436085,23/05/2014,Fri,1613,HA,CW1C,302A 387A ,,R,D,BF,F ,R,G,C,50,0,0,0,,,1572300,5180051
Christchurch City,HEWITTS ROAD,50,N, ,ANDOVER ST,201445883,07/10/2014,Tue,2019,EA,CN1C,129A 358A ,M,R,D,DO,F , , ,N,50,0,0,0,,,1569229,5181320
Christchurch City,HIGHSTED ROAD,, ,I,BAINTON ST,201412911,16/04/2014,Wed,1630,KB,MN14,303B ,,R,W,O ,F ,T,N,C,50,0,0,1,,,1566787,5185059
Christchurch City,HIGHSTED ROAD,, ,I,CARDOME ST,201418262,08/12/2014,Mon,745,LB,SN1C,534A 303B ,,R,D,O ,F ,T,G,P,50,0,0,1,,55,1566884,5185231
Christchurch City,HIGHSTED ROAD,50,S, ,SAPPHIRE ST,201418670,17/11/2014,Mon,1745,PE,CS1E,129A 350A 721B ,,R,D,BF,F , ,N,C,50,0,0,1,40,,1567174,5185748
Christchurch City,HIGHSTED ROAD,, ,I,SAWYERS ARMS ROAD,201445986,19/10/2014,Sun,130,DA,CS1,103A 111A 131A ,HI,S,W,DO,L ,R,G,R,50,0,0,0,,,1567114,5185624
Christchurch City,HILLS ROAD,200,W, ,AKAROA ST,201418698,13/12/2014,Sat,837,CC,CE1C,410A ,M,R,D,OF,L , ,N,C,50,0,0,1,,,1571727,5183813
Christchurch City,HILLS ROAD,30,S, ,EDGEWARE ROAD,201432604,12/03/2014,Wed,650,CB,TN1,129A ,P,R,D,O ,F , ,N,C,50,0,0,0,,,1571845,5182082
Christchurch City,HILLS ROAD,40,S, ,EDGEWARE ROAD,201418133,27/11/2014,Thu,1811,GB,PN1C,175B 372B 929 ,,R,D,B ,F ,D, ,P,50,0,0,1,,,1571845,5182072
Christchurch City,HILLS ROAD,, ,I,EDGEWARE ROAD,201434256,13/02/2014,Thu,1625,FA,CS1C,181A 331A 194B 801 ,,R,W,O ,L ,T,G,C,50,0,0,0,,,1571845,5182112
Christchurch City,HILLS ROAD,, ,I,GRESFORD ST,201414850,21/07/2014,Mon,1650,JA,MN1C,104A 302B 377B ,,R,D,OF,F ,T,G,R,50,0,1,0,,,1571849,5181738
Christchurch City,HILLS ROAD,20,N, ,HENDON ST,201412907,25/03/2014,Tue,1218,CB,CS1C,130A 622A ,FJM,R,D,B ,F , , ,P,50,0,0,1,,,1571845,5182270
Christchurch City,HILLS ROAD,, ,I,NORTH AVON ROAD,201430354,15/01/2014,Wed,1700,JA,CS1C,302B 375B ,,R,D,B ,F ,T,G,C,50,0,0,0,,,1571850,5181645
Christchurch City,HILLS ROAD,20,S, ,SHIRLEY ROAD,201414851,12/07/2014,Sat,1445,NA,4N1E,712B 713B ,,R,D,OF,F , ,N,C,50,0,0,1,22,,1571841,5182681
Christchurch City,HILLS ROAD,30,S, ,SHIRLEY ROAD,201418835,09/12/2014,Tue,1650,NA,CN1E,711B 712B ,,R,D,OF,F ,X,T,C,50,0,0,1,36,,1571841,5182671
Christchurch City,HILLS ROAD,40,S, ,SHIRLEY ROAD,201439730,13/06/2014,Fri,1754,JA,CN1C,308B 377B 927 ,,R,D,DO,F ,D, ,C,50,0,0,0,,,1571841,5182661
Christchurch City,HILLS ROAD,15,N, ,WARDEN ST,201443160,27/07/2014,Sun,240,EA,CN14C,103A 129A 130A ,M,R,D,DO,F , , ,P,50,0,0,0,,,1571843,5182473
Christchurch City,HILLS ROAD,50,S, ,WARRINGTON ST,201449779,19/12/2014,Fri,1305,MC,CN1C,330B 372B ,,R,D,B ,F , ,N,C,50,0,0,0,,,1571841,5182651
Christchurch City,HOLLYFORD AVENUE,30,S, ,EARNSLAW CRESCENT,201442674,16/08/2014,Sat,2053,BA,CN1C,125A ,M,R,D,DO,F , ,N,N,50,0,0,0,,,1566773,5183048
Christchurch City,HOLMWOOD ROAD,10,E, ,ROSSALL ST,201440678,15/07/2014,Tue,1311,MO,TW1V,371A 386A 386B 387B 929 ,,R,D,B ,F ,D,N,C,50,0,0,0,,,1568933,5181405
Christchurch City,HOMESTEAD LANE,100,W, ,ILAM ROAD,201430359,19/01/2014,Sun,1406,CB,CW1,112A 129A ,P,R,D,B ,F , ,N,N,30,0,0,0,,,1565902,5180799
Christchurch City,HOOD ST,, ,I,ORAM AVENUE,201433475,15/03/2014,Sat,1550,HA,CN2C,302B 378B 834 ,,R,D,OF,F ,X,G,R,50,0,0,0,,,1578202,5182530
Christchurch City,HOON HAY ROAD,, ,I,LEISTRELLA ROAD,201435715,24/04/2014,Thu,1810,EC,CS1,911,W,R,D,DO,F ,T,N,C,50,0,0,0,,,1568596,5175935
Christchurch City,HOON HAY ROAD,, ,I,ROSE ST,201446321,20/09/2014,Sat,1424,JA,MS1C,302B 352B 375B ,,R,D,BF,F ,T,G,C,50,0,0,0,,,1568611,5175883
Christchurch City,HOON HAY ROAD,100,S, ,SH 75,201447781,08/11/2014,Sat,430,DB,CN1,103A 111A 514A ,F,E,D,DO,F , , ,C,50,0,0,0,,,1567201,5177444
Christchurch City,HOON HAY ROAD,5,S, ,SPARKS ROAD,201417386,16/11/2014,Sun,1542,NA,VS1K,710B ,,R,D,B ,F ,R,G,R,50,0,1,0,11,,1568431,5176401
Christchurch City,HOON HAY ROAD,, ,I,SPARKS ROAD,201416800,19/10/2014,Sun,1349,HA,CE2S,302A 375A ,,R,D,B ,F ,R,G,C,50,0,0,1,,52,1568434,5176418
Christchurch City,HOPE ST,, ,I,HERCULES ST,201435297,27/03/2014,Thu,1713,LB,CN1C,303B ,,R,D,B ,F ,X,G,C,50,0,0,0,,,1572487,5183018
Christchurch City,HORNBROOK ST,20,E, ,WILSONS ROAD,201416725,17/10/2014,Fri,1822,NA,CE1E,711B 712B ,,R,D,B ,F , , ,C,50,0,0,1,28,,1571968,5178180
Christchurch City,HORNSBY ST,, ,I,FARRINGTON AVENUE,201434472,12/04/2014,Sat,511,DA,VE1VC,103A 110A 131A 517A 801 ,MP,E,W,DO,L ,T,N,N,50,0,0,0,,,1566264,5184331
Christchurch City,HOUNSLOW ST,50,S, ,CARRUTHERS ST,201447125,03/10/2014,Fri,2326,EA,CN1C,103A 129A ,M,R,D,DO,F , , ,N,50,0,0,0,,,1565077,5181742
Christchurch City,HUXLEY ST,10,W, ,BURLINGTON ST,201448870,02/12/2014,Tue,1650,FD,CW1C,103A 331A 358A ,,R,D,O ,F ,T,G,C,50,0,0,0,,,1570900,5177998
Christchurch City,HUXLEY ST,, ,I,COLOMBO ST,201434052,12/04/2014,Sat,944,HA,VW1C,322B 334B ,,R,W,O ,F ,X,T,C,50,0,0,0,,,1570658,5177997
Christchurch City,HUXLEY ST,, ,I,COLOMBO ST,201442834,26/08/2014,Tue,2046,LB,CW1C,103B 303B ,,R,D,DO,F ,X,T,C,50,0,0,0,,,1570658,5177997
Christchurch City,HUXLEY ST,, ,I,COLOMBO ST,201411184,28/03/2014,Fri,802,LB,VW1C,113A 324A 303B 334B ,,R,D,B ,F ,X,T,C,50,0,0,1,,,1570658,5177997
Christchurch City,HUXLEY ST,70,N, ,ROGERS ST,201415540,27/08/2014,Wed,1125,CA,MS1C,133A ,M,R,D,B ,F , , ,N,50,0,1,0,,,1571334,5177613
Christchurch City,IDRIS ROAD,, ,I,GLANDOVEY ROAD,201414068,02/07/2014,Wed,1433,HA,CS1S,302A 375A 110B 817 ,,R,D,B ,F ,R,G,R,50,0,0,1,,51,1568012,5181987
Christchurch City,IDRIS ROAD,40,N, ,JEFFREYS ROAD,201439065,01/06/2014,Sun,1050,DA,CN14,131A 361A ,M,E,D,BF,F , ,N,C,50,0,0,0,,,1567866,5182358
Christchurch City,IDRIS ROAD,, ,I,STRATFORD ST,201446720,27/07/2014,Sun,1945,EA,CW1C,101A 129A ,M,R,D,DO,F ,T,N,C,50,0,0,0,,,1567895,5181784
Christchurch City,IDRIS ROAD,, ,I,WROXTON TERRACE,201442333,19/08/2014,Tue,833,KB,MS1C,309B 375B ,,R,D,O ,F ,T,N,C,50,0,0,0,,,1567895,5181784
Christchurch City,ILAM ROAD,200,E, ,AORANGI ROAD,201412628,28/02/2014,Fri,1600,CC,CS1C,129A ,MT,R,W,OF,L , ,N,C,50,0,1,0,,,1566626,5182512
Christchurch City,ILAM ROAD,, ,I,MEMORIAL AVENUE,201417579,18/11/2014,Tue,837,NC,VE2,204B 711B 727B ,,R,D,BF,F ,X,T,L,50,0,1,0,9,,1566113,5182175
Christchurch City,ILAM ROAD,10,N, ,ROUNTREE ST,201411931,31/03/2014,Mon,1430,NA,CN1E,306A ,,R,D,BF,F ,T,G,X,50,0,0,1,,,1566021,5180618
Christchurch City,ILAM ROAD,40,S, ,SCIENCE ROAD,201442797,05/08/2014,Tue,1729,CB,VS1,357A 407A ,K,R,D,DO,F , ,N,C,50,0,0,0,,,1565997,5181061
Christchurch City,ILAM ROAD,10,E, ,ST WINIFREDS PLACE,201441487,26/07/2014,Sat,1451,MO,CE1,330A 423A 929 ,F,R,D,B ,F ,D,N,C,50,0,0,0,,,1567353,5182713
Christchurch City,ILAM ROAD,20,E, ,ST WINIFREDS PLACE,201413623,19/05/2014,Mon,1655,GD,CE1C,331A 358A 402A 929 ,,R,D,TF,F ,D, ,C,50,0,0,1,,,1567363,5182716
Christchurch City,INGLIS ST,20,W, ,OLLIVIERS ROAD,201442826,07/07/2014,Mon,1400,MO,CE1,371A 514A 929 ,C,R,D,B ,F ,D,N,N,50,0,0,0,,,1572693,5179461
Christchurch City,INGOLDSBY ST,50,N, ,HUXLEY ST,201430119,22/01/2014,Wed,2051,CB,CS1,101A 130A ,F,R,D,TF,F , ,N,N,50,0,0,0,,,1571128,5177872
Christchurch City,INNES ROAD,30,E, ,BRIGGS ROAD,201414649,15/07/2014,Tue,1815,FD,VW1C,197A 331A 191B ,,R,D,TO,F , , ,R,50,0,0,1,,,1571693,5184216
Christchurch City,INNES ROAD,5,E, ,BROWNS ROAD,201410617,26/01/2014,Sun,150,EA,CW1V,103A 129A ,M,R,D,DO,F ,T,N,C,50,0,1,0,,,1569582,5182813
Christchurch City,INNES ROAD,, ,I,CRANFORD ST,201433474,14/03/2014,Fri,1120,HA,CE14,322A ,,R,D,BF,F ,X,T,N,50,0,0,0,,,1570308,5183305
Christchurch City,INNES ROAD,, ,I,CRANFORD ST,201414725,20/07/2014,Sun,1106,HA,CN2C,322B 334B 801 ,F,R,W,O ,L ,X,T,C,50,0,0,2,,,1570308,5183305
Christchurch City,INNES ROAD,, ,I,HILLS ROAD,201442442,05/07/2014,Sat,2315,FE,CE1C,103A ,,R,D,DO,F ,X,T,C,50,0,0,0,,,1571550,5184147
Christchurch City,INNES ROAD,, ,I,HILLS ROAD,201445461,04/10/2014,Sat,1812,DA,VS2C,111A 131A ,M,S,D,B ,F ,X,T,P,50,0,0,0,,,1571550,5184147
Christchurch City,INNES ROAD,, ,I,HILLS ROAD,201414916,01/04/2014,Tue,2025,LB,CW1V,103B 303B ,,R,D,DO,F ,X,T,C,50,0,0,3,,,1571550,5184147
Christchurch City,INNES ROAD,100,W, ,MAHARS ROAD,201413596,04/08/2014,Mon,1958,CA,CE1C,129A 130A ,M,R,D,DO,F , , ,C,50,0,0,1,,,1571046,5183802
Christchurch City,INNES ROAD,, ,I,MAHARS ROAD,201411873,21/03/2014,Fri,730,LB,CS1C,303B 375B ,,R,D,BF,F ,X,S,C,50,0,0,1,,,1571129,5183857
Christchurch City,INNES ROAD,10,N, ,MANUKA ST,201450137,20/12/2014,Sat,1502,EA,CN1C,129A 330A 358A ,M,R,D,B ,F ,T,N,C,50,0,0,0,,,1571427,5184059
Christchurch City,INNES ROAD,10,W, ,MANUKA ST,201443711,26/08/2014,Tue,1613,MC,4W1C,372B ,,R,D,B ,F ,T,N,C,50,0,0,0,,,1571411,5184048
Christchurch City,INNES ROAD,30,W, ,MANUKA ST,201434651,19/04/2014,Sat,1444,MC,CW1C,372B ,,R,D,BF,F , ,N,C,50,0,0,0,,,1571394,5184036
Christchurch City,INNES ROAD,, ,I,PAPANUI ROAD,201448140,10/11/2014,Mon,915,LB,CW1T,324A 303B ,,R,D,B ,F ,X,T,C,50,0,0,0,,,1569211,5182564
Christchurch City,INNES ROAD,, ,I,RUTLAND ST,201412443,15/04/2014,Tue,1310,HA,CW1C,322A ,,R,D,O ,F ,X,T,R,50,0,0,1,,,1569889,5183020
Christchurch City,INNES ROAD,, ,I,RUTLAND ST,201449221,30/11/2014,Sun,857,KB,SE1C,322A ,IS,R,D,B ,F ,X,T,R,50,0,0,0,,,1569889,5183020
Christchurch City,INNES ROAD,, ,I,RUTLAND ST,201414720,24/06/2014,Tue,315,LB,MW1C,303B 375B ,,R,D,DO,F ,X,T,C,50,0,1,0,,,1569889,5183020
Christchurch City,INNES ROAD,, ,I,SEVERN ST,201412904,12/05/2014,Mon,811,LB,PW1C,303B 902 ,,R,D,B ,F ,T,N,P,50,0,0,1,,,1570492,5183429
Christchurch City,INWOODS ROAD,100,N, ,QUEENSPARK DRIVE,201414062,20/05/2014,Tue,300,EA,4N1C,101A 129A 386A ,M,R,D,DO,F , ,N,C,50,0,0,1,,,1575803,5185986
Christchurch City,JEFFREYS ROAD,40,W, ,BRYNDWR ROAD,201430683,27/01/2014,Mon,1226,EA,CW1C,129A 350A ,M,R,D,B ,F , ,N,C,50,0,0,0,,,1567285,5182158
Christchurch City,JEFFREYS ROAD,, ,I,BRYNDWR ROAD,201414352,01/06/2014,Sun,1650,HA,CW1C,101B 321B 335B 404B ,,R,D,O ,F ,X,S,C,50,0,0,1,,,1567323,5182169
Christchurch City,JEFFREYS ROAD,, ,I,CLYDE ROAD,201434974,31/03/2014,Mon,1632,GF,VW1C,158A 387A ,,R,D,BF,F ,T,G,R,50,0,0,0,,,1566930,5182056
Christchurch City,JIPCHO ROAD,, ,I,KILRONAN PLACE,201443166,12/08/2014,Tue,1028,DB,TN1CCC,129A 386A ,MMM,E,D,O ,F ,T,N,N,50,0,0,0,,,1565048,5178777
Christchurch City,JIPCHO ROAD,, ,I,TENAHAUN PLACE,201410164,13/01/2014,Mon,1525,MC,MS14,372B ,,R,D,B ,F ,T,N,N,50,0,0,1,,,1565091,5178723
Christchurch City,KAHU ROAD,20,E, ,TUI ST,201432646,20/02/2014,Thu,1529,JA,CE1C,308B 377B 839 930 ,,R,D,B ,F ,D,N,C,50,0,0,0,,,1567458,5180792
Christchurch City,KAINGA ROAD,600,E, ,MAIN NORTH ROAD,201415585,31/08/2014,Sun,1958,PA,CN1E,330A 105B 703B 724B ,,E,D,DO,F , , ,C,70,0,1,0,,,1572322,5193022
Christchurch City,KEARNEYS ROAD,, ,I,MECCA PLACE,201415903,07/09/2014,Sun,235,GD,CN1C,101A 112A 181A 101B 112B ,,R,D,DO,F ,T,N,C,50,0,0,1,,,1574880,5180886
Christchurch City,KEIGHLEYS ROAD,, ,I,KORORA ST,201410422,25/01/2014,Sat,2000,CA,MS1,103A 111A 131A ,K,R,D,O ,F ,T,G,N,50,0,0,1,,,1574592,5179644
Christchurch City,KEIGHLEYS ROAD,50,E, ,LINWOOD AVENUE,201413307,05/05/2014,Mon,1210,QG,TE1,682A ,,M,D,O ,F , , ,N,50,0,0,1,,,1574604,5179067
Christchurch City,KEIGHLEYS ROAD,50,E, ,MCGREGORS ROAD,201412009,04/04/2014,Fri,1940,CC,CE1C,112A 195A ,M,R,D,DO,F , ,N,C,50,0,0,1,,,1574505,5179694
Christchurch City,KENDAL AVENUE,25,E, ,CRANBROOK AVENUE,201432771,01/02/2014,Sat,1746,MC,CE1C,372B ,P,R,D,B ,F , , ,C,50,0,0,0,,,1565489,5183791
Christchurch City,KENDAL AVENUE,25,E, ,HARTFORD ST,201413364,05/06/2014,Thu,1700,EA,CW1CC,103A 129A 351A ,M,M,D,TF,F , , ,C,50,0,0,1,,,1565153,5183576
Christchurch City,KENDAL AVENUE,200,S, ,WAIRAKEI ROAD,201412711,14/04/2014,Mon,930,GD,CW1V,331A 350A 929 ,,R,D,OF,F ,D,N,C,50,0,0,1,,,1565759,5183849
Christchurch City,KENNEDYS BUSH ROAD,100,N, ,SCHOOL ROAD,201446104,18/10/2014,Sat,1240,EA,VS1C,330A 355A ,MP,R,D,O ,F , , ,C,50,0,0,0,,,1565416,5173586
Christchurch City,KENNEDYS BUSH ROAD,50,S, ,SPARKS ROAD,201415055,28/07/2014,Mon,1220,NG,4N1E,730B ,,R,D,O ,F , , ,N,50,0,1,0,83,,1565368,5174040
Christchurch City,KENNEDYS BUSH ROAD,, ,I,THE RIDGE,201445799,03/10/2014,Fri,1545,DA,CE1,111A 402A ,H,M,D,B ,F ,R,G,C,50,0,0,0,,,1566838,5172288
Christchurch City,KERRS ROAD,50,S, ,DUNARNAN ST,201411276,02/02/2014,Sun,1500,CC,CS1C,501A ,M,R,D,B ,F , , ,R,50,0,0,1,,,1574248,5181086
Christchurch City,KERRS ROAD,, ,I,WOODHAM ROAD,201445696,08/10/2014,Wed,910,HA,TS1C,302A ,,R,D,B ,F ,R,G,R,50,0,0,0,,,1574250,5180805
Christchurch City,KEYES ROAD,, ,I,LONSDALE ST,201414819,21/07/2014,Mon,820,NA,4E1E,712B 713B 839 ,,R,D,BF,L ,T,S,C,50,0,1,0,11,,1577531,5182791
Christchurch City,KILBURN ST,80,W, ,MOORAY AVENUE,201448095,17/07/2014,Thu,1749,FD,CW1C,181A 331A ,,R,W,TO,F , , ,C,50,0,0,0,,,1566675,5184353
Christchurch City,KILMARNOCK ST,15,W, ,DEANS AVENUE,201434042,03/04/2014,Thu,2059,GD,CW1C,103A 181A 927 ,,E,D,DO,F ,D,N,C,50,0,0,0,,,1568662,5180625
Christchurch City,KILMARNOCK ST,, ,I,MONA VALE AVENUE,201434839,04/04/2014,Fri,700,JA,CW1C,321B 375B ,,R,D,DO,F ,X,S,C,50,0,0,0,,,1568370,5180599
Christchurch City,KILMARNOCK ST,, ,I,MONA VALE AVENUE,201441623,07/08/2014,Thu,1834,HA,SE1C,301B ,,R,D,DO,F ,X,S,N,50,0,0,0,,,1568370,5180599
Christchurch City,KILMARNOCK ST,, ,I,STRAVEN ROAD,201417381,25/11/2014,Tue,920,LB,PS1C,158A 197A 353A 303B 377B ,,R,D,O ,F ,X,T,C,50,0,0,1,,,1567850,5180556
Christchurch City,KILMARNOCK ST,, ,I,STRAVEN ROAD,201449220,29/11/2014,Sat,1610,DA,CN2,111A 131A 402A ,F,R,D,O ,F ,X,T,C,50,0,0,0,,,1567850,5180556
Christchurch City,KILMORE ST,100,W, ,COLOMBO ST,201432600,03/03/2014,Mon,928,GD,CW14,181A 926 ,,R,D,B ,F ,D,N,C,50,0,0,0,,,1570535,5180641
Christchurch City,KILMORE ST,, ,I,MANCHESTER ST,201411181,24/03/2014,Mon,1655,JA,CS2C,322A 334A 352A 817 ,,R,D,O ,F ,X,T,C,50,0,1,1,,,1570879,5180644
Christchurch City,KINGSLEY ST,, ,I,GASSON ST,201439741,25/06/2014,Wed,1039,HA,CW1C,301A 375A ,,R,D,O ,F ,X,S,R,50,0,0,0,,,1571131,5178750
Christchurch City,KIRK ROAD,, ,I,TRENTS ROAD,201448136,12/11/2014,Wed,1651,LB,CS1C,303B ,,R,D,B ,F ,X,S,P,70,0,0,0,,,1557532,5177478
Christchurch City,KITCHENER PLACE,110,E, ,NEWBERY ST,201445776,30/09/2014,Tue,1345,MO,CE1C,371A 386A 929 ,M,E,D,B ,F ,D,N,N,50,0,0,0,,,1572870,5177294
Christchurch City,KLONDYKE DRIVE,150,S, ,EDMONTON ROAD,201415968,06/09/2014,Sat,125,DC,CS1,101A 110A 332A ,F,S,D,DO,F , , ,C,50,0,2,0,,,1560751,5177097
Christchurch City,KORORA ST,, ,I,PATEKE PLACE,201439860,30/06/2014,Mon,1050,JA,4N1CC,303B 375B 402B ,M,R,D,B ,F ,T,N,N,50,0,0,0,,,1574633,5179761
Christchurch City,KUAKA CRESCENT W,, ,I,HAY ST,201447756,17/10/2014,Fri,712,DB,CE1,111A 131A ,KP,E,D,B ,F ,T,N,N,50,0,0,0,,,1574539,5179969
Christchurch City,LAKE TERRACE ROAD,100,W, ,CARLSEN ST,201439736,18/06/2014,Wed,831,EA,CW1C,129A 412A ,FM,R,W,O ,F , , ,C,50,0,0,0,,,1574153,5183820
Christchurch City,LAKE TERRACE ROAD,110,W, ,HORSESHOE LAKE ROAD,201416523,20/06/2014,Fri,2230,DB,CE1,111A 131A ,F,M,D,DO,F , ,N,P,50,0,0,1,,,1573368,5184079
Christchurch City,LAKE TERRACE ROAD,230,E, ,LAKEWOOD DRIVE,201416522,04/08/2014,Mon,820,EA,CE1C,129A 363A 902 ,M,M,D,BF,F , ,N,C,50,0,0,1,,,1573967,5184106
Christchurch City,LAMORNA ROAD,, ,I,QUEENSPARK DRIVE,201442206,24/08/2014,Sun,140,DB,CE2C,103A 131A 402A ,FHM,R,D,DO,F ,T,N,C,50,0,0,0,,,1576409,5185584
Christchurch City,LANCEWOOD DRIVE,20,W, ,CHECKETTS AVENUE,201414212,15/07/2014,Tue,1808,CB,CS1,130A 504A ,P,R,D,DO,F ,T,G,C,50,0,0,1,,,1564386,5175460
Christchurch City,LANGDONS ROAD,30,W, ,CHAPEL ST,201440854,16/07/2014,Wed,2020,CB,CW1,197A ,F,R,W,DO,L , , ,C,50,0,0,0,,,1568063,5184392
Christchurch City,LANGDONS ROAD,100,W, ,SAILS ST,201415219,01/08/2014,Fri,1825,CB,CW14,410A ,M,R,D,DO,F , ,N,C,50,0,1,0,,,1567858,5184536
Christchurch City,LANGDONS ROAD,, ,I,SISSON DRIVE,201444047,01/08/2014,Fri,1957,HA,VW1C,302A 387A ,,R,D,DO,F ,R,G,C,50,0,0,0,,,1568266,5184248
Christchurch City,LATIMER SQUARE,, ,I,WORCESTER ST,201445543,06/10/2014,Mon,1810,KB,4N1C,322A ,,R,D,TF,F ,T,T,C,50,0,0,0,,,1571074,5180160
Christchurch City,LAURA KENT PLACE,, ,I,GATES LANE,201432694,13/02/2014,Thu,1853,DA,TE1,131A ,P,E,W,O ,F ,T,N,R,30,0,0,0,,,1574157,5177982
Christchurch City,LENTON ST,, ,I,SHORTLAND ST,201436961,07/05/2014,Wed,1240,DA,CN2,111A 131A 433A ,KP,E,D,B ,F ,T,N,N,50,0,0,0,,,1575735,5181363
Christchurch City,LIBEAU LANE,30,S, ,RUE GREHAN,201418161,25/11/2014,Tue,1513,CA,ON1,135A 800 801 ,,R,W,O ,L , , ,N,50,0,1,0,,,1597757,5150139
Christchurch City,LICHFIELD ST,, ,I,BARBADOES ST,201450005,12/12/2014,Fri,2130,HA,VS2C,322B ,,R,D,DF,F ,X,T,C,50,0,0,0,,,1571371,5179799
Christchurch City,LICHFIELD ST,, ,I,COLOMBO ST,201440432,20/06/2014,Fri,2305,CA,CE1,103A 112A ,I,R,D,DO,F ,X,T,R,50,0,0,0,,,1570641,5179795
Christchurch City,LICHFIELD ST,, ,I,DURHAM ST,201432639,18/02/2014,Tue,2354,HA,CS2C,322B 350B ,,R,D,DO,F ,X,T,C,50,0,0,0,,,1570390,5179793
Christchurch City,LINCOLN ROAD,, ,I,BARRINGTON ST,201436010,15/04/2014,Tue,1415,LB,CS1C,322A ,,R,D,OF,F ,X,T,R,50,0,0,0,,,1568400,5178551
Christchurch City,LINCOLN ROAD,15,N, ,BERNARD ST,201439682,07/07/2014,Mon,1510,EA,CE1B,129A 359A ,M,R,D,B ,F , , ,C,50,0,0,0,,,1568812,5178889
Christchurch City,LINCOLN ROAD,100,W, ,BERNARD ST,201430353,15/01/2014,Wed,1740,FD,CE1C,331A 352A ,,R,D,B ,F , ,N,C,50,0,0,0,,,1568724,5178816
Christchurch City,LINCOLN ROAD,50,E, ,CLARENCE ST SOUTH,201414274,26/07/2014,Sat,2203,NB,XE1E,320A 512A ,,R,D,DO,F , ,N,X,50,0,0,1,68,,1568598,5178712
Christchurch City,LINCOLN ROAD,30,N, ,CLARENCE ST SOUTH,201433480,05/03/2014,Wed,1307,DA,CN14,133A 402A 929 ,M,R,W,OF,L ,D,N,C,50,0,0,0,,,1568583,5178699
Christchurch City,LINCOLN ROAD,40,W, ,CLARENCE ST SOUTH,201412036,09/04/2014,Wed,954,EE,SE1C,330B 374B ,M,R,D,B ,F , ,N,P,50,0,0,1,,34,1568528,5178655
Christchurch City,LINCOLN ROAD,, ,I,CLARENCE ST SOUTH,201413710,21/05/2014,Wed,1703,FD,PS1C,181A ,,R,D,OF,F ,T,G,C,50,0,1,0,,,1568560,5178680
Christchurch City,LINCOLN ROAD,15,E, ,DICKENS ST,201445775,07/07/2014,Mon,1555,MO,CE1C,131A 386A ,M,R,D,B ,F , ,N,C,50,0,0,0,,,1568839,5178912
Christchurch City,LINCOLN ROAD,, ,I,DICKENS ST,201441498,23/07/2014,Wed,1640,KA,CS1CC,302B 375B ,M,R,D,B ,F ,T,G,C,50,0,0,0,,,1568828,5178902
Christchurch City,LINCOLN ROAD,, ,I,HARMAN ST,201410651,04/02/2014,Tue,1415,FE,CE1CV,350A 504A ,,R,D,B ,F ,T,T,R,50,0,0,2,,,1568888,5178953
Christchurch City,LINCOLN ROAD,, ,I,HARMAN ST,201414053,27/05/2014,Tue,1725,LB,PS1C,303B 375B ,,R,D,TF,F ,T,T,C,50,0,1,0,,,1568888,5178953
Christchurch City,LINCOLN ROAD,, ,A,HILLMORTON HOSP ACCESS,201400070,02/04/2014,Wed,631,GB,SN1T,102B 372B 671B 930 ,,R,D,DO,F ,D,G,C,50,1,0,0,,22,1567448,5177773
Christchurch City,LINCOLN ROAD,50,N, ,LYTTELTON ST,201442224,16/08/2014,Sat,1555,FA,CN1C,331A 353A ,,R,D,B ,F , , ,R,50,0,0,0,,,1567802,5178066
Christchurch City,LINCOLN ROAD,15,S, ,LYTTELTON ST,201418829,02/10/2014,Thu,658,KA,SS14,308B 375B 927 ,,R,D,TF,F ,D,N,R,50,0,0,1,,37,1567755,5178022
Christchurch City,LINCOLN ROAD,, ,I,LYTTELTON ST,201431093,14/02/2014,Fri,27,CA,CW1,103A 132A 380A ,P,R,D,DO,F ,X,T,R,50,0,0,0,,,1567767,5178031
Christchurch City,LINCOLN ROAD,, ,I,PARLANE ST,201415761,18/08/2014,Mon,1450,LB,SS1C,303B 375B ,,R,D,BF,F ,T,N,C,50,0,0,1,,27,1568670,5178771