TLANAME,CRASHROAD,CRASHDIST,CRASHDIRN,INTSN,SIDEROAD,CRASHID,CRASHDATE,CRASHDOW,CRASHTIME,MVMT,VEHICLES,CAUSES,OBJECTSSTRUCK,ROADCURVE,ROADWET,LIGHT,WTHRa,JUNCTYPE,TRAFCTRL,ROADMARK,SPDLIM,CRASHFATALCNT,CRASHSEVCNT,CRASHMINCNT,PERSAGE1,PERSAGE2,EASTING,NORTHING
Christchurch City,LINCOLN ROAD,, ,I,PARLANE ST,201411279,11/02/2014,Tue,1220,LB,4S1C,303B ,,R,D,B ,F ,T,N,C,50,0,0,2,,,1568670,5178771
Christchurch City,LINCOLN ROAD,, ,I,SLIP ROAD,201430685,10/01/2014,Fri,1821,LB,CW1C,303B ,,R,D,B ,F ,X,T,R,50,0,0,0,,,1569119,5179139
Christchurch City,LINCOLN ROAD,20,N, ,SPENCER ST,201433810,18/03/2014,Tue,920,EA,CN1C,525A ,M,R,D,O ,F , , ,C,50,0,0,0,,,1568525,5178653
Christchurch City,LINCOLN ROAD,5,S, ,SYLVAN ST,201435679,22/04/2014,Tue,1715,FD,CS1C,181A 331A ,,R,D,TF,F ,T,N,C,50,0,0,0,,,1567568,5177869
Christchurch City,LINCOLN ROAD,50,W, ,SYLVAN ST,201414566,25/06/2014,Wed,1510,LB,SW1V,314B 377B 929 ,,R,W,O ,F ,D, ,P,50,0,1,0,,17,1567533,5177841
Christchurch City,LINCOLN ROAD,50,S, ,TARAMEA PLACE,201418826,06/12/2014,Sat,1815,CA,CS1,104A 434A ,IT,R,D,OF,F , ,N,R,50,0,1,0,,,1568204,5178380
Christchurch City,LINCOLN ROAD,, ,I,TORRENS ROAD,201433623,14/03/2014,Fri,850,FD,CN1C,331A 352A ,,R,D,B ,F ,T,G,R,50,0,0,0,,,1567673,5177955
Christchurch City,LINCOLN ROAD,5,E, ,TWIGGER ST,201441492,31/07/2014,Thu,1225,AA,CE1CC,372A 381A ,,R,D,B ,F ,T,N,R,50,0,0,0,,,1568192,5178385
Christchurch City,LINCOLN ROAD,, ,I,WHITELEIGH AVENUE,201411784,27/03/2014,Thu,856,HA,VS1CC,322A 334A ,,R,D,B ,F ,X,T,C,50,0,0,2,,,1568400,5178551
Christchurch City,LINCOLN ROAD,, ,I,WHITELEIGH AVENUE,201431294,20/02/2014,Thu,1528,FE,CE1CC,181A ,,R,D,BF,F ,X,T,C,50,0,0,0,,,1568400,5178551
Christchurch City,LINCOLN ROAD,, ,I,WRIGHTS ROAD,201411869,22/03/2014,Sat,945,LB,CN14,101A 303B 377B ,,R,D,BF,F ,X,T,R,50,0,1,1,,,1567767,5178031
Christchurch City,LINWOOD AVENUE,15,S, ,ALDWINS ROAD,201415381,15/08/2014,Fri,928,CB,BN1,132A 610A ,KP,R,W,O ,L ,X,T,C,50,0,0,1,,,1573600,5179857
Christchurch City,LINWOOD AVENUE,, ,I,ALDWINS ROAD,201434483,26/04/2014,Sat,1950,LB,CN1C,303B 375B ,,R,D,DO,F ,X,T,R,50,0,0,0,,,1573580,5179876
Christchurch City,LINWOOD AVENUE,, ,I,ALDWINS ROAD S,201441594,31/07/2014,Thu,902,LB,CN1VV,324A 191B 303B 181C ,,R,D,B ,F ,X,T,N,50,0,0,0,,,1573589,5179867
Christchurch City,LINWOOD AVENUE,, ,I,AVONSIDE DRIVE,201435733,11/05/2014,Sun,1115,FB,CN1C,331A 387A 402A ,,R,D,B ,F ,X,G,C,50,0,0,0,,,1572555,5180802
Christchurch City,LINWOOD AVENUE,, ,I,BRITTAN ST,201441493,01/08/2014,Fri,1507,HA,4S1C,301B 375B 830 ,,R,D,O ,F ,X,S,C,50,0,0,0,,,1572716,5180661
Christchurch City,LINWOOD AVENUE,, ,I,BRITTAN ST,201448114,06/11/2014,Thu,1254,HA,CN2C,301A 377A ,,R,D,O ,F ,X,S,C,50,0,0,0,,,1572716,5180661
Christchurch City,LINWOOD AVENUE,40,N, ,BUCKLEYS ROAD,201414520,30/06/2014,Mon,1540,FD,CS1C,181A 331A 403A 423A ,,R,D,B ,F , , ,C,50,0,0,1,,,1573559,5179912
Christchurch City,LINWOOD AVENUE,10,W, ,BUCKLEYS ROAD,201442821,26/08/2014,Tue,1855,NA,CN1E,713B ,,R,D,TO,F ,X,T,C,50,0,0,0,,,1573581,5179891
Christchurch City,LINWOOD AVENUE,, ,I,BUCKLEYS ROAD,201415462,15/08/2014,Fri,950,HA,CE1CC,309A 845 ,,R,W,O ,L ,X,T,N,50,0,0,1,,,1573588,5179885
Christchurch City,LINWOOD AVENUE,30,E, ,CHELSEA ST,201412785,03/05/2014,Sat,1450,CB,CW1CC,102A 129A ,MM,R,D,BF,F , ,N,R,50,0,0,1,,,1573800,5179678
Christchurch City,LINWOOD AVENUE,, ,I,CRANLEY ST,201418879,24/11/2014,Mon,1740,LB,CE1CC,303B 387B ,IQ,R,D,BF,F ,T,G,R,50,0,0,1,,,1573709,5179801
Christchurch City,LINWOOD AVENUE,, ,I,CRANLEY ST,201415598,27/08/2014,Wed,1700,LB,CE1C,302B ,,R,D,B ,F ,T,G,C,50,0,0,1,,,1573709,5179801
Christchurch City,LINWOOD AVENUE,80,E, ,DAMIEN PLACE,201411978,16/03/2014,Sun,1151,FA,CE1C,181A ,T,E,W,OF,HS, ,N,R,60,0,0,2,,,1574406,5179205
Christchurch City,LINWOOD AVENUE,, ,I,ENGLAND ST,201414167,13/06/2014,Fri,1416,HA,CW2B,101A 301A ,,R,D,BF,F ,X,S,C,50,0,0,1,,,1572852,5180540
Christchurch City,LINWOOD AVENUE,60,E, ,GLOUCESTER ST,201445558,08/10/2014,Wed,1613,FD,CW1C,331A 352A ,,R,D,B ,F , , ,R,50,0,0,0,,,1573173,5180243
Christchurch City,LINWOOD AVENUE,, ,I,HAY ST,201415946,18/07/2014,Fri,630,HA,4S1S,302A 375A ,,R,D,TO,F ,T,G,C,60,0,1,0,,28,1574033,5179517
Christchurch City,LINWOOD AVENUE,, ,I,HEREFORD ST,201436808,09/05/2014,Fri,1353,FE,CN1C,331A 351A ,,R,D,B ,F ,T,T,C,50,0,0,0,,,1573388,5180050
Christchurch City,LINWOOD AVENUE,40,E, ,SMITH ST,201433830,21/01/2014,Tue,1645,FB,CE1C,181A 387A 930 ,,E,D,O ,F , , ,N,50,0,0,0,,,1574006,5179495
Christchurch City,LINWOOD AVENUE,, ,I,SMITH ST,201415992,14/09/2014,Sun,1454,GB,CN1S,175A 303A 330A ,,R,D,B ,F ,X,G,C,50,0,0,1,,43,1573976,5179521
Christchurch City,LINWOOD AVENUE,150,W, ,ST JOHNS ST,201445931,03/10/2014,Fri,1626,EA,CW1C,129A 358A ,M,R,D,O ,F , , ,P,60,0,0,0,,,1574876,5178833
Christchurch City,LINWOOD AVENUE,, ,I,ST JOHNS ST,201414967,20/06/2014,Fri,735,KA,SW1C,301B ,,R,D,OF,F ,X,S,C,50,0,0,1,,23,1574998,5178745
Christchurch City,LINWOOD AVENUE,, ,I,ST JOHNS ST,201440010,03/07/2014,Thu,1320,HA,TN2V,301A 387A ,,R,D,BF,F ,X,S,C,50,0,0,0,,,1574998,5178745
Christchurch City,LINWOOD AVENUE,, ,I,ST JOHNS ST,201439883,01/07/2014,Tue,1340,HA,TE1T,301B 375B 671B 902 ,,R,D,B ,F ,X,S,C,50,0,0,0,,,1574998,5178745
Christchurch City,LINWOOD AVENUE,, ,I,ST JOHNS ST,201410266,14/01/2014,Tue,1528,KB,VS14,113B 301B 321B ,,R,D,B ,F ,X,S,C,50,0,0,1,,,1574998,5178745
Christchurch City,LINWOOD AVENUE,50,E, ,TILFORD ST,201432695,28/03/2014,Fri,2003,EA,CW1C,129A 410A ,M,R,D,DO,F , ,N,R,60,0,0,0,,,1574246,5179288
Christchurch City,LINWOOD AVENUE,40,W, ,TILFORD ST,201410827,04/02/2014,Tue,1535,EE,SN1C,374B ,M,R,D,B ,F , , ,C,50,0,0,1,,52,1574178,5179346
Christchurch City,LIONEL ST,50,W, ,GLOUCESTER ST,201446067,21/08/2014,Thu,1845,DA,CW1CC,111A 131A 402A ,T,S,D,DO,F , , ,N,50,0,0,0,,,1573505,5181044
Christchurch City,LOCKSLEY AVENUE,, ,I,MCBRATNEYS ROAD,201430356,23/01/2014,Thu,145,CC,CN1,112A 402A ,CT,R,D,DO,F ,T,G,N,50,0,0,0,,,1574335,5182215
Christchurch City,LOCKSLEY AVENUE,400,S, ,NEW BRIGHTON ROAD,201447777,03/11/2014,Mon,1858,CB,CN1,135A 195A 812 813 ,P,R,D,B ,F , , ,N,50,0,0,0,,,1574297,5182780
Christchurch City,LOMOND PLACE,, ,I,CLYDESDALE ST,201437576,20/04/2014,Sun,1830,CC,CW1,130A ,T,R,D,O ,F ,T,N,N,50,0,0,0,,,1574657,5178673
Christchurch City,LONDON ST,, ,I,CANTERBURY ST,201443753,28/07/2014,Mon,1010,HA,CS2C,301B ,,R,D,B ,F ,X,S,N,50,0,0,0,,,1577445,5172246
Christchurch City,LONDON ST,40,W, ,OXFORD ST,201441607,30/04/2014,Wed,2015,MF,CW1C,371B ,,R,D,DO,F , , ,C,50,0,0,0,,,1577580,5172198
Christchurch City,LONG ST,, ,I,BARTON ST,201435392,03/05/2014,Sat,1900,DA,CS1,111A 131A ,,M,D,DO,F ,T,N,N,50,0,0,0,,,1574681,5177321
Christchurch City,LUNNS ROAD,400,W, ,ANNEX ROAD,201436087,17/05/2014,Sat,1200,MC,CE1C,372B ,,R,D,BF,F , ,N,C,50,0,0,0,,,1565651,5178746
Christchurch City,LYN CHRISTIE PLACE,50,E, ,WILDWOOD AVENUE,201439918,27/05/2014,Tue,1945,QO,4E1C,129A 517A ,HMX,R,W,DO,F , ,N,N,50,0,0,0,,,1574498,5181034
Christchurch City,LYTTELTON ST,100,N, ,EDINBURGH ST,201418263,10/12/2014,Wed,750,FD,4N1CC,181A 331A 181B ,,R,W,O ,L , , ,C,50,0,0,1,,,1567887,5177868
Christchurch City,LYTTELTON ST,, ,I,FRANKLEIGH ST,201433811,18/03/2014,Tue,1309,FB,CS1C,181A 387A ,,R,D,O ,F ,R,G,R,50,0,0,0,,,1568850,5176609
Christchurch City,LYTTELTON ST,10,S, ,LINCOLN ROAD,201410832,15/02/2014,Sat,1120,MD,SS1C,204A 308B 370B 929 ,,R,D,B ,F ,D, ,P,50,0,0,1,,18,1567771,5178022
Christchurch City,LYTTELTON ST,, ,I,NEVILLE ST,201434255,12/02/2014,Wed,1518,HA,CS2CC,321A 335A ,,R,D,O ,F ,X,S,C,50,0,0,0,,,1568143,5177558
Christchurch City,LYTTELTON ST,200,N, ,SPARKS ROAD,201448876,29/11/2014,Sat,630,EA,CS1C,414A ,M,R,D,O ,F , , ,C,50,0,0,0,,,1568758,5176781
Christchurch City,LYTTELTON ST,, ,I,SPARKS ROAD,201414067,18/06/2014,Wed,1712,HA,CN1C,302A 375A ,,R,D,DO,F ,R,G,C,50,0,0,1,,,1568852,5176605
Christchurch City,MACKENZIE AVENUE,130,N, ,VINTNERS LANE,201439737,16/06/2014,Mon,1959,CC,VN1,129A 130A 407A ,IP,R,W,DO,F , , ,R,50,0,0,0,,,1572997,5178390
Christchurch City,MADDISONS ROAD,860,W, ,KIRK ROAD,201437744,04/06/2014,Wed,715,DA,CE1,111A 131A 802 ,V,M,I,B ,F , , ,N,100,0,0,0,,,1556105,5178440
Christchurch City,MADRAS ST,, ,I,ARMAGH ST,201414521,13/04/2014,Sun,205,HA,CN1C,322A 378A 322B 378B 817 901 ,,R,W,DO,H ,X,T,C,50,0,0,1,,,1571124,5180403
Christchurch City,MADRAS ST,, ,I,ARMAGH ST,201438250,25/04/2014,Fri,1450,HA,4N1C,322A 817 ,,R,D,BF,F ,X,T,C,50,0,0,0,,,1571124,5180403
Christchurch City,MADRAS ST,, ,I,ARMAGH ST,201442564,18/06/2014,Wed,1340,HA,CN1C,324A ,,R,D,BF,F ,X,T,C,50,0,0,0,,,1571124,5180403
Christchurch City,MADRAS ST,, ,I,ARMAGH ST,201430366,17/01/2014,Fri,1432,HA,CN1C,322A 334A ,,R,D,B ,F ,X,T,N,50,0,0,0,,,1571124,5180403
Christchurch City,MADRAS ST,, ,I,BEALEY AVENUE,201414164,05/06/2014,Thu,1240,LB,CE2C,303B 375B 817 ,,R,D,OF,F ,X,T,R,50,0,0,2,,,1571120,5181287
Christchurch City,MADRAS ST,, ,I,BEALEY AVENUE,201444490,09/09/2014,Tue,2326,HA,CE2C,322A 330A ,,R,D,DO,F ,X,T,C,50,0,0,0,,,1571120,5181287
Christchurch City,MADRAS ST,, ,I,CANON ST,201444402,04/09/2014,Thu,653,HA,CW24,301A ,,R,W,O ,F ,X,S,C,50,0,0,0,,,1571117,5181854
Christchurch City,MADRAS ST,, ,I,HEREFORD ST,201433781,29/03/2014,Sat,128,DA,CN1,111A 131A 402A ,P,S,D,DO,F ,T,T,C,50,0,0,0,,,1571127,5180040
Christchurch City,MADRAS ST,, ,I,HEREFORD ST,201448816,28/11/2014,Fri,1143,GF,CN1C,129A 131A 407A 801 ,KS,M,W,O ,L ,T,T,C,50,0,0,0,,,1571127,5180040
Christchurch City,MADRAS ST,, ,I,HEREFORD ST,201436812,12/05/2014,Mon,1418,GF,CN1C,129A 129B ,,R,D,O ,F ,T,T,C,50,0,0,0,,,1571127,5180040
Christchurch City,MADRAS ST,, ,I,KILMORE ST,201410036,19/01/2014,Sun,1317,DA,CW2,111A 131A 427A ,FT,R,D,B ,F ,X,T,C,50,0,0,1,,,1571122,5180647
Christchurch City,MADRAS ST,25,S, ,LICHFIELD ST,201434854,28/02/2014,Fri,2116,AA,VN1C,372A ,,R,W,DO,L , ,N,C,50,0,0,0,,,1571128,5179772
Christchurch City,MADRAS ST,80,N, ,MOORHOUSE AVENUE,201449222,25/11/2014,Tue,1535,AO,CN1C,129A 129B ,,R,D,O ,F , , ,C,50,0,0,0,,,1571132,5179248
Christchurch City,MADRAS ST,200,N, ,MOORHOUSE AVENUE,201439819,25/06/2014,Wed,1749,FD,CN1C,331A 352A 801 ,,R,W,DO,L , , ,C,50,0,0,0,,,1571131,5179368
Christchurch City,MADRAS ST,, ,I,PURCHAS ST,201418653,24/09/2014,Wed,1450,HA,SN1V,301B 375B ,,R,D,OF,F ,X,S,C,50,0,0,1,,51,1571118,5181533
Christchurch City,MADRAS ST,, ,I,PURCHAS ST,201410426,13/01/2014,Mon,720,HA,VS1C,321B 902 ,,R,D,B ,F ,X,S,N,50,0,0,2,,,1571118,5181533
Christchurch City,MADRAS ST,30,S, ,SOUTHWARK ST,201447662,05/11/2014,Wed,1308,AC,CN1C,372A ,,R,W,OF,L , ,N,C,50,0,0,0,,,1571130,5179428
Christchurch City,MADRAS ST,, ,I,ST ASAPH ST,201442209,23/08/2014,Sat,2135,FE,CN1C,102A 334A 359A ,,R,D,DO,F ,M,T,C,50,0,0,0,,,1571129,5179555
Christchurch City,MADRAS ST,, ,I,TUAM ST,201431288,24/02/2014,Mon,1413,HA,CE2C,322A ,,R,D,BF,F ,X,T,C,50,0,0,0,,,1571129,5179677
Christchurch City,MAFFEYS ROAD,40,S, ,MCCORMACKS BAY ROAD,201447136,02/09/2014,Tue,1646,DA,CN1,131A 425A ,GH,M,D,B ,F , , ,C,50,0,0,0,,,1577712,5177083
Christchurch City,MAGDALA PLACE,, ,I,ANNEX ROAD,201414200,15/07/2014,Tue,1950,HA,CE1S,302B 375B ,,M,D,DO,L ,X,G,C,50,0,1,0,,32,1566338,5178695
Christchurch City,MAIDSTONE ROAD,60,W, ,COLINA ST,201416723,09/10/2014,Thu,2136,NB,CW1E,719B ,,R,W,DO,H , , ,C,50,0,0,1,28,,1564226,5181690
Christchurch City,MAIDSTONE ROAD,, ,I,ILAM ROAD,201434774,23/04/2014,Wed,1639,LB,CE1C,303B 375B ,,R,D,OF,F ,X,T,C,50,0,0,0,,,1565980,5181382
Christchurch City,MAIDSTONE ROAD,10,W, ,SOLWAY AVENUE,201435436,10/05/2014,Sat,2119,EA,CW1C,129A 412A ,M,R,D,DO,F ,Y,N,N,50,0,0,0,,,1565110,5181678
Christchurch City,MAIDSTONE ROAD,, ,I,WADELEY ROAD,201433646,13/03/2014,Thu,1245,FO,TS1X,197A 331A 353A 927 ,,R,D,B ,F ,D,G,P,50,0,0,0,,,1565748,5181495
Christchurch City,MAIDSTONE ROAD,, ,I,WAIMAIRI ROAD,201412809,05/05/2014,Mon,2045,LB,CS2C,303B 351B 402B ,,R,D,TO,F ,X,T,C,50,0,0,2,,,1565413,5181702
Christchurch City,MAIN NORTH ROAD,20,S, ,APOLLO PLACE,201430501,09/01/2014,Thu,1425,FD,CN1C,181A ,,R,D,B ,F , , ,C,50,0,0,0,,,1568773,5184672
Christchurch City,MAIN NORTH ROAD,, ,I,CHANEYS OFF RAMP,201444627,05/09/2014,Fri,1250,DA,CS1,111A 801 ,V,M,W,O ,L ,T,T,R,80,0,0,0,,,1571699,5191959
Christchurch City,MAIN NORTH ROAD,200,W, ,CHANEYS ON RAMP,201450604,13/12/2014,Sat,430,DA,TW1,130A 410A ,G,E,D,DO,F , ,N,C,100,0,0,0,,,1571226,5190776
Christchurch City,MAIN NORTH ROAD,160,N, ,EMPIRE ROAD,201437991,19/05/2014,Mon,1445,DB,CN1,131A 330A ,GK,E,D,B ,F , ,N,C,80,0,0,0,,,1571890,5192909
Christchurch City,MAIN NORTH ROAD,220,N, ,EMPIRE ROAD,201416396,16/09/2014,Tue,1220,CB,CS1,130A 504A ,T,R,D,B ,F , ,N,C,80,0,0,1,,,1571896,5192969
Christchurch City,MAIN NORTH ROAD,500,N, ,EMPIRE ROAD,201410244,28/01/2014,Tue,1246,CB,VN1,330A 386A ,B,R,D,B ,F , ,N,C,80,0,0,1,,,1571795,5193222
Christchurch City,MAIN NORTH ROAD,20,N, ,HALLIWELL AVENUE,201431682,01/02/2014,Sat,1814,FC,CN1CCC,181A 181B 181C ,,R,D,B ,F , , ,C,50,0,0,0,,,1568582,5184400
Christchurch City,MAIN NORTH ROAD,100,N, ,LANGDONS ROAD,201437493,14/01/2014,Tue,2348,CA,CN1,130A ,I,R,D,DO,F , , ,R,50,0,0,0,,,1568465,5184232
Christchurch City,MAIN NORTH ROAD,, ,I,LINK ROAD,201411179,24/03/2014,Mon,731,LB,SS1C,314B 377B ,,R,D,B ,F ,T,N,C,80,0,0,1,,53,1571784,5192130
Christchurch City,MAIN NORTH ROAD,, ,I,LOFTUS ST,201413227,27/05/2014,Tue,1700,LB,PN1C,150A 204A 303B 922 ,,R,D,DO,F ,D,N,C,50,0,0,1,,,1568348,5184064
Christchurch City,MAIN NORTH ROAD,, ,I,MARY ST,201439069,20/06/2014,Fri,1830,FE,CN1CC,331A 353A ,,R,D,DO,F ,X,T,C,50,0,0,0,,,1568404,5184144
Christchurch City,MAIN NORTH ROAD,, ,I,MEADOW ST,201418444,12/12/2014,Fri,925,LB,SS1C,303B 314B 377B 801 ,,R,W,O ,L ,T,G,P,50,0,0,1,,16,1568860,5184795
Christchurch City,MAIN NORTH ROAD,, ,I,MEADOW ST,201414507,18/06/2014,Wed,650,GD,BN1CC,333A 358A 901 ,,R,W,DO,H ,T,G,P,50,0,0,1,,,1568860,5184795
Christchurch City,MAIN NORTH ROAD,50,S, ,NORTHCOTE ROAD,201416150,22/09/2014,Mon,1555,NA,CN1E,712B 713B ,,R,D,B ,F , , ,R,60,0,0,1,15,,1568963,5185252
Christchurch City,MAIN NORTH ROAD,, ,A,NORTHLANDS MALL ENT,201412197,16/04/2014,Wed,1822,GB,SN1C,172B 355B 925 ,,R,W,O ,F ,D,N,R,50,0,1,0,,60,1568571,5184383
Christchurch City,MAIN NORTH ROAD,20,S, ,PROCTOR ST,201442678,09/05/2014,Fri,1819,FE,CS1CCV,181A ,,R,D,DO,FS, ,T,R,50,0,0,0,,,1568446,5184204
Christchurch City,MAIN NORTH ROAD,100,N, ,SAWYERS ARMS ROAD,201415380,18/08/2014,Mon,1435,FD,CN14C,181A 353A ,,R,D,B ,F , ,N,R,50,0,0,3,,,1568755,5184646
Christchurch City,MAIN NORTH ROAD,30,S, ,SAWYERS ARMS ROAD,201411277,17/02/2014,Mon,1550,NA,CS1E,711B 712B ,,R,D,B ,F , , ,C,50,0,0,1,12,,1568680,5184539
Christchurch City,MAIN NORTH ROAD,, ,I,SAWYERS ARMS ROAD,201439696,15/07/2014,Tue,1230,FE,CS1C,181A ,,R,D,B ,F ,T,T,C,50,0,0,0,,,1568697,5184564
Christchurch City,MAIN NORTH ROAD,20,E, ,SH 1S,201434508,01/03/2014,Sat,657,CB,CW1,103A 410A ,G,R,D,BF,F , ,N,C,80,0,0,0,,,1570710,5190557
Christchurch City,MAIN NORTH ROAD,15,N, ,SHEARER AVENUE,201445550,30/09/2014,Tue,920,MA,CN1C,373B ,,R,D,B ,F , , ,C,50,0,0,0,,,1568740,5184625
Christchurch City,MAIN NORTH ROAD,, ,I,SHEARER AVENUE,201410061,01/01/2014,Wed,330,FA,CN1X,181A 331A 193B 351B ,F,R,D,DO,F ,T,G,C,50,0,0,1,,,1568732,5184612
Christchurch City,MAIN NORTH ROAD,10,S, ,VAGUES ROAD,201445803,18/09/2014,Thu,1721,FD,CN1CC,181A 181B ,,R,D,TF,F ,T,S,C,50,0,0,0,,,1568841,5184769
Christchurch City,MAIN NORTH ROAD,, ,I,VAGUES ROAD,201443780,13/09/2014,Sat,1325,JA,CN1C,301B ,,R,W,O ,L ,T,S,P,50,0,0,0,,,1568847,5184777
Christchurch City,MAIN NORTH ROAD,90,N, ,WINTERS ROAD,201414135,16/04/2014,Wed,1628,GB,BS14,101A 172B 372B 929 ,,R,W,OF,L ,D,N,R,50,0,0,1,,,1568965,5185067
Christchurch City,MAIN ROAD,30,S, ,BEACHVILLE ROAD N,201412276,20/04/2014,Sun,250,DA,CS1VC,103A 111A ,M,E,D,DO,F , ,N,C,50,0,2,0,,,1578363,5177329
Christchurch City,MAIN ROAD,460,W, ,CLIFTON TERRACE,201415967,13/09/2014,Sat,2125,BF,4N1B,103A 111A 131A 801 ,,M,W,DO,L , , ,L,50,0,1,0,,,1579784,5176546
Christchurch City,MAIN ROAD,30,W, ,THE BRAE,201416576,18/08/2014,Mon,1135,AO,CE1S,129A 817 ,,E,D,BF,F , ,N,N,50,0,0,1,,59,1576909,5177401
Christchurch City,MAIN SOUTH ROAD,20,N, ,BOWMAN PLACE,201450470,07/12/2014,Sun,1325,FD,CN1C,181A ,,R,D,BF,F , ,N,P,50,0,0,0,,,1564717,5179758
Christchurch City,MAIN SOUTH ROAD,30,W, ,COLMAN AVENUE,201450046,14/12/2014,Sun,400,CC,CE1,112A 130A 402A ,S,R,D,DO,F , , ,C,50,0,0,0,,,1564611,5179683
Christchurch City,MAIN SOUTH ROAD,, ,I,COLMAN AVENUE,201433959,06/03/2014,Thu,2210,CB,CW1E,103A 129A ,,R,D,DO,F ,T,G,C,50,0,0,0,,,1564635,5179701
Christchurch City,MAIN SOUTH ROAD,20,E, ,SH 73,201411282,01/02/2014,Sat,1845,NB,CW1E,711B ,,R,D,B ,F , , ,R,50,0,0,1,20,,1565062,5179983
Christchurch City,MAIN SOUTH ROAD,80,E, ,SH 73,201414101,30/05/2014,Fri,1655,LB,SW1C,303B 377B 929 ,,R,D,TF,F ,D,N,C,50,0,0,1,,19,1565122,5179989
Christchurch City,MAIN SOUTH ROAD,120,S, ,SH 73,201443614,08/08/2014,Fri,1442,FD,CN1V,181A 191B ,,R,D,B ,F , , ,C,50,0,0,0,,,1564940,5179921
Christchurch City,MAIN SOUTH ROAD,20,E, ,WATTS ROAD,201443611,20/08/2014,Wed,1230,EA,CW1C4,129A 358A ,M,R,D,B ,F , , ,C,50,0,0,0,,,1564444,5179560
Christchurch City,MAIN SOUTH ROAD,100,W, ,WATTS ROAD,201414033,07/07/2014,Mon,1600,MC,CE1C,372B 381B ,,R,D,B ,F , ,N,C,50,0,0,1,,,1564347,5179489
Christchurch City,MAIN SOUTH ROAD,, ,I,WATTS ROAD,201414064,05/06/2014,Thu,900,JA,MS1C,302B 375B ,,R,D,O ,F ,T,G,C,50,0,0,1,,,1564428,5179548
Christchurch City,MAIN SOUTH ROAD,70,N, ,WEAVER PLACE,201438252,27/04/2014,Sun,1046,MC,4S1C,372B 375B ,,R,D,BF,F , ,N,C,50,0,0,0,,,1564254,5179422
Christchurch City,MAIN SOUTH ROAD,, ,I,YALDHURST ROAD,201439077,09/06/2014,Mon,1911,JA,CE1C,302B 375B ,,R,W,DO,H ,X,G,R,50,0,0,0,,,1565418,5180023
Christchurch City,MAIREHAU ROAD,200,E, ,MARSHLAND ROAD,201417380,26/10/2014,Sun,550,CC,CE1,103A 410A ,P,R,D,DO,F , , ,C,80,0,0,1,,,1572759,5185114
Christchurch City,MAJOR AITKEN DRIVE,120,E, ,TRECASTLE LANE,201411812,09/02/2014,Sun,2136,DA,CN14,101A 111A 131A ,M,M,D,DO,F , ,N,N,50,0,0,2,,,1571600,5175400
Christchurch City,MANCHESTER ST,, ,I,ARMAGH ST,201415051,11/08/2014,Mon,1734,LB,4S1C,303B 817 ,,R,D,TO,F ,X,T,C,50,0,0,1,,,1570881,5180402
Christchurch City,MANCHESTER ST,, ,I,CAMBRIDGE TERRACE,201434860,25/03/2014,Tue,1625,HA,CE2C,301A 314A 377A ,,R,W,OF,L ,X,S,C,50,0,0,0,,,1570880,5180523
Christchurch City,MANCHESTER ST,, ,I,CANON ST,201414648,07/04/2014,Mon,1530,HA,VN14C,321B 375B ,M,R,D,O ,F ,X,S,C,50,0,0,1,,,1570872,5181853
Christchurch City,MANCHESTER ST,, ,I,EATON PLACE,201446091,09/09/2014,Tue,849,JC,CW2V,302A 353A ,,R,D,B ,F ,T,G,C,50,0,0,0,,,1570888,5179299
Christchurch City,MANCHESTER ST,, ,I,GLOUCESTER ST,201417770,26/11/2014,Wed,1206,LB,PS1C,303B 375B ,,R,D,B ,F ,X,T,C,50,0,1,0,,,1570881,5180281
Christchurch City,MANCHESTER ST,, ,I,HEREFORD ST,201445884,10/10/2014,Fri,910,LB,CS1V,303B ,,R,D,B ,F ,X,T,C,50,0,0,0,,,1570883,5180038
Christchurch City,MANCHESTER ST,, ,I,MORTIMER PLACE,201417774,17/12/2014,Wed,1033,LB,CS1C,303B 375B ,,R,D,O ,F ,T,N,P,50,0,0,1,,,1570888,5179247
Christchurch City,MANCHESTER ST,, ,I,OXFORD TERRACE,201433828,29/03/2014,Sat,1055,HA,CN1C,302B ,,R,D,B ,F ,X,G,C,50,0,0,0,,,1570880,5180444
Christchurch City,MANCHESTER ST,5,S, ,PETERBOROUGH ST,201413359,29/05/2014,Thu,729,FD,VS1CC,331A 358A ,,R,D,B ,F ,X,S,C,50,0,0,1,,,1570879,5180760
Christchurch City,MANCHESTER ST,, ,I,SALISBURY ST,201432152,06/02/2014,Thu,1558,HA,CE2C,322B 334B ,,R,D,B ,F ,X,T,C,50,0,0,0,,,1570878,5180886
Christchurch City,MANCHESTER ST,, ,I,ST ASAPH ST,201448760,27/10/2014,Mon,330,FE,CN1C,181A 331A 350A ,,R,D,DO,F ,X,T,C,50,0,0,0,,,1570886,5179554
Christchurch City,MANCHESTER ST,, ,I,ST ASAPH ST,201442565,21/03/2014,Fri,0,HA,CW2C,322A 322B 817 ,RFR,R,D,DO,F ,X,T,C,50,0,0,0,,,1570886,5179554