TLANAME,CRASHROAD,CRASHDIST,CRASHDIRN,INTSN,SIDEROAD,CRASHID,CRASHDATE,CRASHDOW,CRASHTIME,MVMT,VEHICLES,CAUSES,OBJECTSSTRUCK,ROADCURVE,ROADWET,LIGHT,WTHRa,JUNCTYPE,TRAFCTRL,ROADMARK,SPDLIM,CRASHFATALCNT,CRASHSEVCNT,CRASHMINCNT,PERSAGE1,PERSAGE2,EASTING,NORTHING
Christchurch City,MANCHESTER ST,, ,I,TUAM ST,201410428,21/01/2014,Tue,816,HA,CE2C,427B ,,R,W,O ,L ,X,T,C,50,0,0,1,,,1570885,5179675
Christchurch City,MANDEVILLE ST,100,S, ,BURDALE ST,201450473,07/12/2014,Sun,1815,GB,CN14,158A 387A 925 ,,R,D,ON,F ,D,N,C,50,0,0,0,,,1568230,5179774
Christchurch City,MANDEVILLE ST,, ,I,LOWE ST,201439689,17/07/2014,Thu,1115,JA,CS1C,322A ,,R,D,O ,L ,T,T,R,50,0,0,0,,,1568257,5179524
Christchurch City,MANSFIELD AVENUE,120,E, ,PAPANUI ROAD,201446649,04/11/2014,Tue,903,MO,TW1CC,386A 929 ,M,R,D,O ,F ,D,N,N,50,0,0,0,,,1569505,5182344
Christchurch City,MARINE DRIVE,500,N, ,ANDERSONS ROAD N,201449796,14/12/2014,Sun,1111,DA,CN1,111A 131A ,Z,E,D,B ,F , ,N,C,50,0,0,0,,,1576776,5168040
Christchurch City,MARINE DRIVE,, ,I,WAIPAPA AVENUE,201433470,02/03/2014,Sun,5,DB,CN1,111A 131A 402A ,T,E,D,DO,F ,T,G,N,50,0,0,0,,,1578927,5169480
Christchurch City,MARINE PARADE,190,N, ,HAWKE ST,201400143,26/06/2014,Thu,1201,GE,MN1C,112A 160A 333A 514A 532A 926 ,,R,D,B ,F ,D, ,C,50,1,0,1,,,1578159,5183152
Christchurch City,MARINE PARADE,, ,I,HAWKE ST,201436083,27/05/2014,Tue,1300,JA,VN14C,301B 375B ,,R,D,BF,F ,T,S,R,50,0,0,0,,,1578208,5182968
Christchurch City,MARINE PARADE,50,N, ,HOOD ST,201442832,30/08/2014,Sat,2130,DA,VS1,103A 131A 385A 404A 929 ,C,R,D,DO,F ,D,N,C,50,0,0,0,,,1578309,5182618
Christchurch City,MARINE PARADE,60,N, ,JELLICOE ST,201446516,04/09/2014,Thu,2142,EA,CN1C,101A 129A 645A ,M,R,D,DO,F , , ,C,50,0,0,0,,,1578976,5180220
Christchurch City,MARINE PARADE,, ,I,LEAVER TERRACE,201445810,18/09/2014,Thu,1222,GD,CS1V4,112A 387A ,KM,R,D,B ,F ,T,N,C,50,0,0,0,,,1577868,5184279
Christchurch City,MARINE PARADE,20,N, ,MOUNTBATTEN ST,201441614,29/03/2014,Sat,140,DB,VS1,111A 131A ,F,M,D,DO,M , , ,N,50,0,0,0,,,1578438,5181924
Christchurch City,MARINE PARADE,20,N, ,PACIFIC ROAD,201412199,22/05/2014,Thu,1754,NB,CS1E,711B ,,R,D,DO,F , , ,N,50,0,1,0,58,,1577700,5184900
Christchurch City,MARINE PARADE,20,S, ,TOVEY ST,201440418,23/06/2014,Mon,851,EA,CN14,129A 351A ,M,R,D,B ,F ,T,N,C,50,0,0,0,,,1578489,5181747
Christchurch City,MARLOW ROAD,, ,I,HAMPSHIRE ST,201434968,13/04/2014,Sun,1728,DA,TN2,103A 111A 131A ,F,R,W,OF,L ,T,N,R,50,0,0,0,,,1575856,5182371
Christchurch City,MARLOW ROAD,180,N, ,PAGES ROAD,201413466,19/06/2014,Thu,2031,CB,CS1T,195A ,M,R,D,DO,F , , ,N,50,0,0,1,,,1576189,5182069
Christchurch City,MARSHLAND ROAD,130,N, ,ALMA PLACE,201417123,11/10/2014,Sat,1301,MC,CS1C,372B ,,R,D,B ,F , , ,P,50,0,0,1,,,1572713,5183174
Christchurch City,MARSHLAND ROAD,20,S, ,AMOS PLACE,201416393,08/07/2014,Tue,1730,FD,4N1CC4,112A 181A ,,R,W,TO,L , ,N,C,50,0,1,0,,,1572694,5183426
Christchurch City,MARSHLAND ROAD,200,N, ,BELFAST ROAD,201446315,17/09/2014,Wed,750,FD,CS1C,181A ,,R,D,OF,F , ,N,C,80,0,0,0,,,1572339,5188385
Christchurch City,MARSHLAND ROAD,600,N, ,BELFAST ROAD,201431081,26/01/2014,Sun,1235,CC,CS1,134A 410A ,F,R,D,B ,F , ,N,C,80,0,0,0,,,1572316,5188783
Christchurch City,MARSHLAND ROAD,, ,I,BELFAST ROAD,201411874,19/03/2014,Wed,1357,JA,CN1C,302B 387B ,F,R,D,BF,F ,T,G,L,80,0,0,1,,,1572342,5188185
Christchurch City,MARSHLAND ROAD,100,N, ,BRIGGS ROAD,201434852,28/02/2014,Fri,1645,LB,CN1C,324A 930 ,,R,W,OF,H ,D,T,R,50,0,0,0,,,1572623,5184310
Christchurch City,MARSHLAND ROAD,, ,I,BRIGGS ROAD,201441886,01/08/2014,Fri,1040,LB,CN1C,324A 377B ,,R,D,B ,F ,X,T,R,50,0,0,0,,,1572631,5184210
Christchurch City,MARSHLAND ROAD,, ,I,BRIGGS ROAD,201433473,14/03/2014,Fri,747,LB,CN1C,303B 353B 375B ,,R,D,BF,F ,X,T,N,50,0,0,0,,,1572631,5184210
Christchurch City,MARSHLAND ROAD,200,N, ,CHENERY AVENUE,201448113,02/11/2014,Sun,1650,GD,CN1C,331A 352A 927 ,,R,D,B ,F ,D,N,C,80,0,0,0,,,1571964,5190441
Christchurch City,MARSHLAND ROAD,, ,I,CHENERY AVENUE,201437538,28/05/2014,Wed,658,GD,VS1V,331A ,,R,D,DO,F ,T,G,C,80,0,0,0,,,1572052,5190261
Christchurch City,MARSHLAND ROAD,20,S, ,HAMMERSLEY AVENUE,201436084,24/05/2014,Sat,1424,FD,CS1CC,181A ,,R,D,BF,F , ,N,P,50,0,0,0,,,1572706,5183270
Christchurch City,MARSHLAND ROAD,, ,I,HERCULES ST,201410705,24/02/2014,Mon,1749,LB,MN1C,112A 303B 314B ,,R,D,B ,F ,T,G,P,50,0,0,2,,,1572726,5183022
Christchurch City,MARSHLAND ROAD,, ,A,HOMEBASE CENTRE,201449366,23/11/2014,Sun,734,CA,CN1,102A 130A 412A ,P,R,D,B ,F ,T,T,R,50,0,0,0,,,1572617,5184379
Christchurch City,MARSHLAND ROAD,, ,I,LAKE TERRACE ROAD,201431142,26/01/2014,Sun,1238,HA,CS1C,322B 505B 517B ,,R,D,O ,F ,X,T,R,50,0,0,0,,,1572631,5184210
Christchurch City,MARSHLAND ROAD,, ,I,LAKE TERRACE ROAD,201414700,30/06/2014,Mon,1015,JA,4S1V,122A 322A 358A ,,R,D,B ,F ,X,T,R,50,0,0,1,,,1572631,5184210
Christchurch City,MARSHLAND ROAD,15,N, ,LOWER STYX ROAD,201439698,17/06/2014,Tue,1940,CB,CN1,130A ,BZ,R,D,DO,F , , ,N,80,0,0,0,,,1572354,5187724
Christchurch City,MARSHLAND ROAD,, ,I,LOWER STYX ROAD,201433472,14/03/2014,Fri,1749,JA,CS1C,301B 375B ,,R,D,BF,F ,X,S,C,80,0,0,0,,,1572355,5187709
Christchurch City,MARSHLAND ROAD,80,S, ,MAIN NORTH ROAD,201418079,03/12/2014,Wed,814,FD,4S1TC4,181A ,,R,D,BF,F , ,N,C,80,0,0,3,,,1571692,5191001
Christchurch City,MARSHLAND ROAD,200,S, ,MAIN NORTH ROAD,201450047,21/12/2014,Sun,130,CB,CS1,103A 130A ,TX,R,D,DO,F , , ,C,80,0,0,0,,,1571745,5190893
Christchurch City,MARSHLAND ROAD,10,S, ,MAIREHAU ROAD,201442794,27/07/2014,Sun,1130,JA,CS14,302B 382B ,,R,D,OF,F ,T,G,P,50,0,0,0,,,1572561,5185089
Christchurch City,MARSHLAND ROAD,, ,I,MAIREHAU ROAD,201443165,04/08/2014,Mon,817,KA,TS1C,302B ,,R,D,B ,F ,T,G,C,80,0,0,0,,,1572560,5185099
Christchurch City,MARSHLAND ROAD,30,N, ,MCSAVENEYS ROAD,201412031,11/04/2014,Fri,2122,AD,CN1C,150A 431A 150B ,P,R,D,DO,F , ,N,C,70,0,0,2,,,1572545,5185287
Christchurch City,MARSHLAND ROAD,30,N, ,MCSAVENEYS ROAD,201432208,30/01/2014,Thu,1315,MC,CN1C,372B ,,R,D,O ,F , , ,C,70,0,0,0,,,1572545,5185287
Christchurch City,MARSHLAND ROAD,130,N, ,MCSAVENEYS ROAD,201410166,11/01/2014,Sat,2150,CB,CN1,103A 130A 357A ,P,R,D,DO,F , , ,C,70,0,0,1,,,1572537,5185387
Christchurch City,MARSHLAND ROAD,80,S, ,PAGODA ST,201439879,13/06/2014,Fri,1855,LB,4S1C,303B 375B 927 ,,R,D,DO,F ,D, ,C,50,0,0,0,,,1572671,5183712
Christchurch City,MARSHLAND ROAD,15,N, ,PRESTONS ROAD,201439895,18/06/2014,Wed,851,BE,CN1C,136A 668A 801 817 ,,R,W,O ,L , , ,C,80,0,0,0,,,1572452,5186484
Christchurch City,MARSHLAND ROAD,20,N, ,PRESTONS ROAD,201412653,15/03/2014,Sat,1100,NA,CS1E,711B 712B ,,R,D,BF,F ,R,T,P,80,0,1,0,54,,1572452,5186489
Christchurch City,MARSHLAND ROAD,310,N, ,PRESTONS ROAD,201415371,15/07/2014,Tue,1626,BA,CS1T,103A 125A ,,R,D,B ,F , ,N,C,50,0,1,1,,,1572429,5186778
Christchurch City,MARSHLAND ROAD,500,N, ,PRESTONS ROAD,201412761,20/04/2014,Sun,420,CC,CN1,412A ,PT,R,D,DN,F , ,N,C,80,0,0,1,,,1572414,5186968
Christchurch City,MARSHLAND ROAD,100,S, ,PRESTONS ROAD,201439817,24/06/2014,Tue,646,MA,CS1T,373B 817 ,,R,D,DO,FF, , ,P,70,0,0,0,,,1572463,5186350
Christchurch City,MARSHLAND ROAD,500,S, ,PRESTONS ROAD,201417584,13/11/2014,Thu,849,FD,CS1CC,181A ,,R,D,BF,F , ,N,P,70,0,0,1,,,1572414,5186968
Christchurch City,MARSHLAND ROAD,, ,I,PRESTONS ROAD,201441596,03/08/2014,Sun,1600,LB,CS1CC,302A 330A ,,R,W,O ,F ,R,G,C,80,0,0,0,,,1572453,5186469
Christchurch City,MARSHLAND ROAD,, ,I,PRESTONS ROAD,201445805,22/09/2014,Mon,1432,FE,CS1C,103A 331A ,,R,D,B ,F ,X,T,P,80,0,0,0,,,1572453,5186469
Christchurch City,MARSHLAND ROAD,200,N, ,SHIRLEY ROAD,201445844,23/08/2014,Sat,2255,KB,4N1C,308B 330B 925 ,,R,D,DO,F ,D,N,R,50,0,0,0,,,1572734,5182909
Christchurch City,MARSHLAND ROAD,270,S, ,TURNERS ROAD,201413473,19/06/2014,Thu,1459,MA,CS14,373B ,,R,D,B ,F , , ,C,80,0,0,3,,,1572246,5189290
Christchurch City,MARSHS ROAD,500,E, ,SPRINGS ROAD,201442576,02/07/2014,Wed,221,CB,CE1,112A 130A 517A ,P,R,D,DN,L , ,N,N,100,0,0,0,,,1561719,5175397
Christchurch City,MARY ST,50,E, ,MAIN NORTH ROAD,201441491,31/07/2014,Thu,130,EA,CW1C,129A ,M,R,D,DO,F , ,N,N,50,0,0,0,,,1568444,5184114
Christchurch City,MATHERS ROAD,50,W, ,TANKERVILLE ROAD,201415059,11/08/2014,Mon,2230,EA,CE1T,129A 359A ,M,R,D,DO,F , , ,N,50,0,0,1,,,1567261,5176817
Christchurch City,MATIPO ST,30,S, ,BLENHEIM ROAD,201447685,16/11/2014,Sun,902,JA,CS1C,308B 423B 927 ,,R,D,BF,F ,D,N,C,50,0,0,0,,,1567409,5179381
Christchurch City,MATIPO ST,50,S, ,BLENHEIM ROAD,201431984,03/02/2014,Mon,1735,LB,CN1V,303B 377B 922 ,,R,D,BF,F ,D,N,L,50,0,0,0,,,1567411,5179361
Christchurch City,MATIPO ST,60,S, ,BLENHEIM ROAD,201448119,13/11/2014,Thu,1732,GD,CS1C,331A 922 ,,R,D,O ,F ,D,N,C,50,0,0,0,,,1567412,5179351
Christchurch City,MATIPO ST,, ,I,BLENHEIM ROAD,201411981,20/03/2014,Thu,756,LB,SS1C,322A ,,R,D,BF,F ,X,T,C,60,0,0,1,,22,1567404,5179423
Christchurch City,MATIPO ST,, ,I,BLENHEIM ROAD,201430203,14/01/2014,Tue,2030,DB,TN1,386A ,P,E,D,TF,F ,X,T,C,50,0,0,0,,,1567405,5179411
Christchurch City,MATIPO ST,50,N, ,DALLAS ST,201438251,27/04/2014,Sun,1348,FD,4S1C,181A ,,R,D,BF,F , ,N,C,50,0,0,0,,,1567324,5180165
Christchurch City,MATIPO ST,40,N, ,MAXWELL ST,201410269,01/02/2014,Sat,1413,JA,CS1C,308B 375B 925 ,,R,D,O ,F ,D,N,P,50,0,0,1,,,1567338,5180036
Christchurch City,MATIPO ST,, ,I,MAXWELL ST,201445800,17/09/2014,Wed,1426,HA,CS14,301B ,,R,D,B ,F ,X,S,R,50,0,0,0,,,1567342,5179996
Christchurch City,MATIPO ST,, ,I,PEVEREL ST,201413534,04/07/2014,Fri,1445,HA,TN1C,301B 377B ,,R,D,B ,F ,X,S,C,50,0,0,2,,,1567354,5179879
Christchurch City,MATIPO ST,, ,I,PEVEREL ST,201437537,29/05/2014,Thu,1616,JA,VS1C,301B ,,R,D,O ,F ,X,S,C,50,0,0,0,,,1567354,5179879
Christchurch City,MATIPO ST,, ,A,RICCARTON MALL ENT,201435734,04/05/2014,Sun,1505,JA,CS1C,302B 370B 925 ,,R,D,O ,F ,D,G,C,50,0,0,0,,,1567335,5180057
Christchurch City,MATIPO ST,30,S, ,RICCARTON ROAD,201413599,29/07/2014,Tue,1405,KA,SS1C,308B 377B 925 ,,R,D,O ,F ,D,G,P,50,0,1,0,,23,1567319,5180206
Christchurch City,MATIPO ST,200,S, ,RICCARTON ROAD,201437534,30/05/2014,Fri,1256,KA,CS1C,308B 926 ,,R,D,B ,F ,D,N,P,50,0,0,0,,,1567338,5180037
Christchurch City,MATSONS AVENUE,, ,I,HAREWOOD ROAD,201416528,26/09/2014,Fri,1952,BC,4W2C,103A 122A ,Q,R,D,DO,F ,T,G,C,50,0,0,1,,,1567997,5184114
Christchurch City,MCHAFFIES PLACE,50,E, ,SHORTLAND ST,201448904,14/05/2014,Wed,2340,CA,CW1C,103A 130A ,M,R,D,DO,F , , ,C,50,0,0,0,,,1575541,5181654
Christchurch City,MCLEANS ISLAND ROAD,, ,I,LOGISTICS DRIVE,201416381,09/10/2014,Thu,1733,JA,CS1T,302B 382B ,,R,D,O ,F ,T,G,C,80,0,0,1,,,1564262,5186514
Christchurch City,MCLEANS ISLAND ROAD,, ,I,LOGISTICS DRIVE,201439699,12/07/2014,Sat,1625,KB,CN1C,302B ,,R,D,O ,F ,T,G,C,80,0,0,0,,,1564262,5186514
Christchurch City,MCLEANS ISLAND ROAD,100,E, ,MCARTHURS ROAD,201435438,09/05/2014,Fri,1812,DA,CE1,129A 404A ,F,E,D,DN,F , ,N,N,100,0,0,0,,,1562575,5186878
Christchurch City,MCLEANS ISLAND ROAD,1200,W, ,POUND ROAD,201446371,09/09/2014,Tue,1615,DA,CW1,111A 131A 402A ,F,S,D,BF,F , ,N,C,100,0,0,0,,,1561065,5186208
Christchurch City,MCLEANS ISLAND ROAD,, ,I,POUND ROAD,201449793,03/12/2014,Wed,1116,KA,TS1V,302B 375B ,,E,D,B ,F ,T,G,C,100,0,0,0,,,1562254,5186264
Christchurch City,MEMORIAL AVENUE,, ,I,CLYDE ROAD,201430684,27/01/2014,Mon,1300,JC,CE1C,302A ,,R,D,B ,F ,X,G,C,50,0,0,0,,,1566896,5181525
Christchurch City,MEMORIAL AVENUE,, ,I,GRAHAMS ROAD,201439821,28/06/2014,Sat,1145,LB,CN1C,303B 353B 375B ,,R,D,B ,F ,X,T,R,60,0,0,0,,,1565322,5182843
Christchurch City,MEMORIAL AVENUE,50,E, ,GREERS ROAD,201440595,13/07/2014,Sun,225,CC,CS1C,103A 130A ,M,R,D,DO,F , , ,P,50,0,0,0,,,1565755,5182481
Christchurch City,MEMORIAL AVENUE,, ,I,GREERS ROAD,201435020,15/03/2014,Sat,400,LB,CW1C,313A ,,R,D,DO,F ,X,T,R,50,0,0,0,,,1565717,5182514
Christchurch City,MEMORIAL AVENUE,, ,I,GREERS ROAD,201431724,04/01/2014,Sat,100,LB,XE1C,101B 303B ,,R,D,DO,F ,X,T,R,60,0,0,0,,,1565717,5182514
Christchurch City,MEMORIAL AVENUE,, ,I,GREERS ROAD,201415665,13/09/2014,Sat,1855,LB,VE1C,303B 375B ,,R,W,DO,L ,X,T,R,50,0,0,1,,,1565717,5182514
Christchurch City,MEMORIAL AVENUE,10,N, ,HAMPTON PLACE,201414017,06/06/2014,Fri,1915,JA,MS14,308B 375B 929 ,,R,W,DO,F ,D,N,C,50,0,1,0,,,1565850,5182400
Christchurch City,MEMORIAL AVENUE,, ,I,ILAM ROAD,201439694,18/07/2014,Fri,1215,FE,4E1CC,191A 331A 181B ,,R,W,O ,L ,X,T,C,60,0,0,0,,,1566113,5182175
Christchurch City,MEMORIAL AVENUE,, ,I,ILAM ROAD,201450465,01/12/2014,Mon,2050,HA,CW1V,322B ,,R,W,TO,L ,X,T,C,50,0,0,0,,,1566113,5182175
Christchurch City,MEMORIAL AVENUE,60,N, ,KENDAL AVENUE,201400209,17/10/2014,Fri,2220,BE,CS14,101A 112A ,P,R,D,DO,F , ,N,R,60,1,4,2,,,1564659,5183424
Christchurch City,MEMORIAL AVENUE,, ,I,KENDAL AVENUE,201431068,18/02/2014,Tue,1700,KA,4S1C,302B 375B ,,R,D,B ,F ,T,G,R,60,0,0,0,,,1564704,5183385
Christchurch City,MEMORIAL AVENUE,50,S, ,LOTHIAN ST,201446093,22/09/2014,Mon,720,JA,CN1V,308B 377B 839 929 ,,R,W,O ,H ,D, ,C,50,0,0,0,,,1566349,5181974
Christchurch City,MEMORIAL AVENUE,50,S, ,LOTHIAN ST,201431094,10/02/2014,Mon,1527,FD,CN1CC,132A 181A ,,R,D,B ,F , ,N,P,50,0,0,0,,,1566349,5181974
Christchurch City,MEMORIAL AVENUE,, ,I,OTARA ST,201417133,20/10/2014,Mon,1745,GB,CW1S4,372A ,,R,D,O ,F ,T,G,C,50,0,0,1,,18,1566685,5181687
Christchurch City,MEMORIAL AVENUE,300,N, ,ROYDVALE AVENUE,201416801,18/10/2014,Sat,503,EA,CN1CC,130A 410A ,M,R,D,DO,F , ,N,R,60,0,0,1,,,1564226,5183782
Christchurch City,MEMORIAL AVENUE,20,E, ,RUSSLEY ROAD,201417772,21/12/2014,Sun,510,EA,CE1VCC,130A 410A ,M,R,D,TO,F , ,N,R,50,0,0,1,,,1563640,5184309
Christchurch City,MEMORIAL AVENUE,200,E, ,SH 1S,201445458,15/09/2014,Mon,446,EA,VW1C44,129A 130A 359A ,MMM,R,D,TO,F , , ,C,60,0,0,0,,,1563767,5184182
Christchurch City,MERIVALE LANE,, ,I,WINCHESTER ST,201417767,09/12/2014,Tue,1645,HA,CE1S,302A 375A ,,R,D,O ,L ,R,G,C,50,0,0,1,,21,1569307,5181661
Christchurch City,MIDDLEPARK ROAD,20,N, ,GLADSON AVENUE,201434260,08/02/2014,Sat,245,CB,CS1,103A 130A 412A ,P,R,D,DO,F , , ,C,50,0,0,0,,,1564310,5180369
Christchurch City,MIDDLEPARK ROAD,70,S, ,SH 73,201434462,26/03/2014,Wed,2205,EA,CS1C,501A ,M,R,D,DO,F , , ,C,50,0,0,0,,,1564320,5180395
Christchurch City,MIDDLETON ROAD,, ,I,ARTHUR ST,201418392,03/12/2014,Wed,1013,MC,CN1C,372B 375B ,,R,D,BF,F ,X,S,C,50,0,0,1,,,1566144,5179392
Christchurch City,MIDDLETON ROAD,, ,I,RICCARTON ROAD,201435393,04/05/2014,Sun,1550,FB,CN1C,112B 130B ,F,R,D,O ,F ,X,G,R,50,0,0,0,,,1566054,5180095
Christchurch City,MIDDLETON ROAD N,, ,I,BLENHEIM ROAD,201434089,02/04/2014,Wed,1600,FB,CS1C,181A 387A ,,R,D,B ,F ,T,S,R,50,0,0,0,,,1566156,5179281
Christchurch City,MILLERS ROAD,300,S, ,GEBBIES PASS ROAD,201432151,02/02/2014,Sun,1340,CA,MN1,101A 330A 810 ,,R,D,B ,F , ,N,C,100,0,0,0,,,1569324,5160909
Christchurch City,MILNS ROAD,200,S, ,WILLIAM BRITTAN AVENUE,201443557,04/08/2014,Mon,800,CB,CE1,129A 351A ,,R,D,BF,FF, ,N,C,50,0,0,0,,,1565910,5175236
Christchurch City,MILTON ST,50,E, ,BARRINGTON ST,201410782,11/02/2014,Tue,1045,FD,CW1CTC,181A 353A ,,R,D,B ,F , ,N,P,50,0,2,1,,,1569355,5177143
Christchurch City,MILTON ST,50,W, ,COLOMBO ST,201412615,27/03/2014,Thu,1655,JA,TW1C,308B 377B 929 ,,R,D,BF,F ,D,N,R,50,0,0,1,,,1570613,5177975
Christchurch City,MILTON ST,, ,I,COLOMBO ST,201434847,17/03/2014,Mon,105,KA,CE1C,302B 375B ,,R,W,DO,L ,X,G,R,50,0,0,0,,,1570658,5177997
Christchurch City,MILTON ST,, ,I,COLOMBO ST,201412077,22/04/2014,Tue,658,LB,CW14,303B 375B ,,R,W,DO,F ,X,T,R,50,0,0,1,,,1570658,5177997
Christchurch City,MILTON ST,, ,I,JOHNSON ST S,201437465,13/05/2014,Tue,1,JA,SN1C,534A 602A 605A 302B 370B 830 901 ,,E,W,DO,H ,T,G,C,50,0,0,0,,,1570347,5177938
Christchurch City,MILTON ST,100,W, ,SELWYN ST,201411121,26/03/2014,Wed,803,FD,CE1CC,331A 363A 902 ,,R,D,B ,F , , ,C,50,0,0,1,,,1569806,5177515
Christchurch City,MILTON ST,, ,I,SIMEON ST,201412905,13/05/2014,Tue,1800,LB,MW1C,303B ,,R,W,DO,H ,X,G,C,50,0,0,1,,,1569582,5177330
Christchurch City,MILTON ST,, ,I,STRICKLAND ST,201443606,28/08/2014,Thu,1524,FE,4W14,103A 181A ,,R,D,B ,F ,X,T,C,50,0,0,0,,,1570174,5177818
Christchurch City,MONA VALE AVENUE,50,S, ,MATAI ST,201418699,19/12/2014,Fri,1740,CB,CN1V,102A 129A 358A ,M,R,D,BF,F , ,N,C,50,0,0,1,,,1568362,5180720
Christchurch City,MONCKS SPUR ROAD,80,S, ,CAVE TERRACE S,201417768,17/12/2014,Wed,753,AD,TN1,150A 610A ,CG,E,D,B ,F , ,N,N,50,0,0,1,,,1578766,5176417
Christchurch City,MONTREAL ST,, ,I,BEALEY AVENUE,201445541,11/10/2014,Sat,2320,FE,CN1C,103A 181A ,,R,D,DO,F ,T,T,C,50,0,0,0,,,1570144,5181268
Christchurch City,MONTREAL ST,30,N, ,BURKE ST,201411540,03/03/2014,Mon,721,JA,PN1C,308B 375B 927 ,,R,W,OF,L ,D,N,C,50,0,0,1,,,1570159,5178595
Christchurch City,MONTREAL ST,, ,I,CASHEL ST,201414676,24/06/2014,Tue,1235,HA,CE2CC,322B 334B ,Q,R,D,O ,F ,X,T,C,50,0,0,1,,,1570153,5179912
Christchurch City,MONTREAL ST,, ,I,DISRAELI ST,201415000,11/07/2014,Fri,1740,HA,CN1V,301B ,,R,D,DO,F ,X,S,C,50,0,1,1,,,1570157,5178863
Christchurch City,MONTREAL ST,20,N, ,GLOUCESTER ST,201415377,28/05/2014,Wed,1154,FA,CN1C,331A 352A ,,R,D,B ,F , ,N,C,50,0,0,1,,,1570151,5180296
Christchurch City,MONTREAL ST,, ,I,GLOUCESTER ST,201431964,06/02/2014,Thu,1620,MO,CN1C,371A 404A ,Q,R,D,BF,F ,X,T,N,50,0,0,0,,,1570151,5180276
Christchurch City,MONTREAL ST,, ,I,GLOUCESTER ST,201442580,04/07/2014,Fri,555,CA,CN14,112A 130A 407A ,M,R,W,DO,F ,X,T,C,50,0,0,0,,,1570151,5180276
Christchurch City,MONTREAL ST,15,S, ,HAZELDEAN ROAD,201440428,24/06/2014,Tue,1614,MA,VN14,330B 373B 817 ,,R,D,O ,F , ,N,C,50,0,0,0,,,1570158,5179006
Christchurch City,MONTREAL ST,, ,I,OXFORD TERRACE,201433752,22/03/2014,Sat,110,HA,XE2C,322B 410B ,,R,D,DO,F ,X,T,C,50,0,0,0,,,1570154,5179713
Christchurch City,MONTREAL ST,, ,I,ST DAVID ST,201437578,11/05/2014,Sun,200,DB,CN1,103A 111A 514A ,HP,R,D,DO,F ,T,N,C,50,0,0,0,,,1570157,5179258
Christchurch City,MONTREAL ST,, ,I,TUAM ST,201439886,25/06/2014,Wed,1522,HA,CN1C,322A 334A ,,R,D,O ,F ,X,T,C,50,0,0,0,,,1570155,5179670
Christchurch City,MONTREAL ST,, ,I,TUAM ST,201443786,10/09/2014,Wed,850,HA,CN1C,334A 334B 404B ,,R,D,B ,F ,X,T,C,50,0,0,0,,,1570155,5179670
Christchurch City,MOORHOUSE AVENUE,10,E, ,ANTIGUA ST,201415306,16/08/2014,Sat,1613,FD,CE1CC,331A 358A 402A ,,R,D,B ,F ,T,N,C,50,0,0,2,,,1569951,5179160
Christchurch City,MOORHOUSE AVENUE,40,E, ,ANTIGUA ST,201433965,20/03/2014,Thu,1730,FD,CE1CC,181A 350A ,,R,D,O ,F , ,N,C,50,0,0,0,,,1569981,5179160
Christchurch City,MOORHOUSE AVENUE,, ,I,ANTIGUA ST,201413468,23/06/2014,Mon,1311,NF,CN2E,307A ,,M,D,B ,F ,X,T,C,50,0,0,1,49,,1569941,5179160
Christchurch City,MOORHOUSE AVENUE,, ,I,ANTIGUA ST,201439683,06/06/2014,Fri,1556,FE,CW1C,181A ,,R,D,O ,F ,X,T,R,50,0,0,0,,,1569941,5179148
Christchurch City,MOORHOUSE AVENUE,, ,I,ANTIGUA ST S,201436792,28/05/2014,Wed,1104,HA,CN2C,322B 334B ,,R,D,B ,F ,X,T,C,50,0,0,0,,,1569941,5179148
Christchurch City,MOORHOUSE AVENUE,50,E, ,BARBADOES ST,201431684,15/02/2014,Sat,1826,EC,CE1C,827,X,R,D,B ,F , , ,R,50,0,0,0,,,1571426,5179170
Christchurch City,MOORHOUSE AVENUE,20,W, ,BARBADOES ST,201430126,26/01/2014,Sun,1724,FD,CE1CC,331A 353A ,,R,D,OF,F , ,N,R,50,0,0,0,,,1571356,5179169
Christchurch City,MOORHOUSE AVENUE,, ,A,COLOMBO OBR,201438269,05/06/2014,Thu,1650,EA,CW1C,129A ,Q,R,D,TO,F , ,N,R,50,0,0,0,,,1570645,5179153
Christchurch City,MOORHOUSE AVENUE,, ,I,COLOMBO OBR,201439731,11/06/2014,Wed,1630,FA,CE1C,181A 801 ,,R,W,O ,L ,X,T,R,50,0,0,0,,,1570645,5179165
Christchurch City,MOORHOUSE AVENUE,, ,I,COLOMBO ST,201411876,18/03/2014,Tue,1930,LB,CW1C,206B 375B ,,R,D,TF,F ,X,T,C,50,0,0,1,,,1570456,5179151
Christchurch City,MOORHOUSE AVENUE,100,E, ,DEANS AVENUE,201430362,04/01/2014,Sat,200,MC,VE1C,372B 382B ,,R,D,DO,F , ,N,P,50,0,0,0,,,1568779,5179144
Christchurch City,MOORHOUSE AVENUE,20,E, ,DURHAM ST,201449771,13/12/2014,Sat,1413,FD,CW1CC,181A ,,R,D,B ,F ,X,T,R,50,0,0,0,,,1570419,5179151
Christchurch City,MOORHOUSE AVENUE,10,W, ,DURHAM ST,201448871,26/11/2014,Wed,1529,AA,CW1T,372A ,,R,D,B ,F ,X,T,R,50,0,0,0,,,1570389,5179151