TLANAME,CRASHROAD,CRASHDIST,CRASHDIRN,INTSN,SIDEROAD,CRASHID,CRASHDATE,CRASHDOW,CRASHTIME,MVMT,VEHICLES,CAUSES,OBJECTSSTRUCK,ROADCURVE,ROADWET,LIGHT,WTHRa,JUNCTYPE,TRAFCTRL,ROADMARK,SPDLIM,CRASHFATALCNT,CRASHSEVCNT,CRASHMINCNT,PERSAGE1,PERSAGE2,EASTING,NORTHING
Christchurch City,MOORHOUSE AVENUE,, ,I,DURHAM ST,201440677,16/07/2014,Wed,1621,CB,CW1,112A 133A ,P,R,W,O ,F ,X,T,R,50,0,0,0,,,1570399,5179151
Christchurch City,MOORHOUSE AVENUE,, ,I,DURHAM ST,201410505,09/01/2014,Thu,835,LB,VW1C,303B 382B ,,R,D,OF,F ,X,T,R,50,0,0,1,,,1570399,5179151
Christchurch City,MOORHOUSE AVENUE,, ,I,DURHAM ST,201438253,09/06/2014,Mon,1740,FE,CE1C,181A ,,R,W,DO,L ,X,T,R,50,0,0,0,,,1570399,5179163
Christchurch City,MOORHOUSE AVENUE,, ,I,DURHAM ST,201431297,21/02/2014,Fri,617,LB,CW1V,303B ,,R,W,DO,M ,X,T,N,50,0,0,0,,,1570399,5179151
Christchurch City,MOORHOUSE AVENUE,, ,I,FALSGRAVE ST,201445802,16/09/2014,Tue,1015,FE,4E1C,331A ,,R,D,B ,F ,X,T,R,50,0,0,0,,,1571769,5179167
Christchurch City,MOORHOUSE AVENUE,20,W, ,FITZGERALD AVENUE,201436944,13/05/2014,Tue,2036,FD,CE1C,331A ,,R,W,DO,L , , ,P,50,0,0,0,,,1571743,5179172
Christchurch City,MOORHOUSE AVENUE,, ,I,FITZGERALD AVENUE,201411982,20/03/2014,Thu,1147,LB,VW1CT,303B 375B ,Q,R,D,BF,F ,X,T,R,50,0,0,1,,,1571769,5179167
Christchurch City,MOORHOUSE AVENUE,20,W, ,FITZGERALD AVENUE S,201431133,20/02/2014,Thu,620,CB,BE1,129A 500A ,F,R,D,DO,F , ,N,N,50,0,0,0,,,1571751,5179173
Christchurch City,MOORHOUSE AVENUE,, ,I,GROVE ROAD,201440860,05/07/2014,Sat,1415,JA,CW1C,303B ,,E,D,O ,F ,M,T,C,50,0,0,0,,,1569129,5179140
Christchurch City,MOORHOUSE AVENUE,, ,I,HAGLEY AVENUE,201417139,24/09/2014,Wed,1521,JA,SW1C,204A ,,E,D,B ,F ,T,G,N,50,0,0,1,,44,1569135,5179153
Christchurch City,MOORHOUSE AVENUE,100,W, ,LINCOLN ROAD,201441494,02/08/2014,Sat,300,EA,CW1C,103A 129A ,M,R,D,DO,F , ,N,C,60,0,0,0,,,1569019,5179134
Christchurch City,MOORHOUSE AVENUE,, ,I,LINCOLN ROAD,201443707,14/08/2014,Thu,1154,KC,CW1C,315B ,,E,W,O ,L ,M,T,C,50,0,0,0,,,1569119,5179139
Christchurch City,MOORHOUSE AVENUE,, ,I,LINCOLN ROAD,201437531,06/06/2014,Fri,1749,LB,CW1C,303B ,,R,W,DO,L ,M,T,C,50,0,0,0,,,1569119,5179139
Christchurch City,MOORHOUSE AVENUE,, ,I,LINCOLN ROAD,201436974,13/05/2014,Tue,1918,LB,CS24,303B 901 ,,R,W,DO,H ,M,T,C,50,0,0,0,,,1569119,5179139
Christchurch City,MOORHOUSE AVENUE,, ,I,MADRAS ST,201445887,10/10/2014,Fri,2330,HA,CE1C,322A 334A ,,R,D,DO,F ,X,T,R,50,0,0,0,,,1571132,5179168
Christchurch City,MOORHOUSE AVENUE,, ,I,MADRAS ST,201440413,27/06/2014,Fri,2300,FE,4E1X,181A 353A ,,R,D,DO,F ,X,T,C,50,0,0,0,,,1571132,5179168
Christchurch City,MOORHOUSE AVENUE,, ,I,MADRAS ST,201443167,19/08/2014,Tue,830,CB,CW1,501A ,P,R,D,O ,F ,X,T,R,50,0,0,0,,,1571132,5179168
Christchurch City,MOORHOUSE AVENUE,, ,I,MADRAS ST,201442791,29/07/2014,Tue,2040,LB,CE1C,303B ,S,R,D,DO,F ,X,T,R,50,0,0,0,,,1571132,5179168
Christchurch City,MOORHOUSE AVENUE,, ,I,MADRAS ST,201417146,29/10/2014,Wed,1130,LB,CE1C,322A ,,R,D,O ,F ,X,T,R,50,0,1,1,,,1571132,5179168
Christchurch City,MOORHOUSE AVENUE,20,W, ,MANCHESTER ST,201413650,23/05/2014,Fri,1229,FD,CE14,181A 410A ,,R,D,B ,F , , ,R,50,0,0,1,,,1570868,5179167
Christchurch City,MOORHOUSE AVENUE,150,W, ,MANCHESTER ST,201433756,25/03/2014,Tue,1556,FD,BW1TCV,181A 181B 181C ,,R,W,O ,L , , ,N,50,0,0,0,,,1570738,5179166
Christchurch City,MOORHOUSE AVENUE,200,W, ,MANCHESTER ST,201416284,31/08/2014,Sun,1203,NA,CE1E,711B ,,R,D,B ,F , , ,R,50,0,1,0,77,,1570688,5179165
Christchurch City,MOORHOUSE AVENUE,, ,I,MANCHESTER ST,201431289,01/02/2014,Sat,46,JA,CE1C,322A ,,R,D,DO,F ,X,T,P,50,0,0,0,,,1570888,5179167
Christchurch City,MOORHOUSE AVENUE,, ,I,MANCHESTER ST,201451093,29/12/2014,Mon,517,FE,CW1C,181A ,,R,D,TO,F ,T,T,C,50,0,0,0,,,1570888,5179167
Christchurch City,MOORHOUSE AVENUE,, ,I,MANCHESTER ST,201413573,23/07/2014,Wed,725,HA,CE1C,322A ,,R,D,B ,F ,X,T,R,50,0,0,2,,,1570888,5179167
Christchurch City,MOORHOUSE AVENUE,25,E, ,MONTREAL ST,201414163,22/05/2014,Thu,1240,FD,CW1C,103A 331A 359A ,,R,D,BF,F , ,N,R,50,0,0,2,,,1570182,5179150
Christchurch City,MOORHOUSE AVENUE,30,E, ,MONTREAL ST,201410645,17/02/2014,Mon,854,MA,SE1C,387A 407A 448B ,,R,D,O ,F , ,N,R,50,0,1,0,,48,1570187,5179162
Christchurch City,MOORHOUSE AVENUE,, ,I,MONTREAL ST,201435397,20/04/2014,Sun,1140,HA,CN2C,322B 355B ,,R,D,B ,F ,X,T,N,50,0,0,0,,,1570157,5179150
Christchurch City,MOORHOUSE AVENUE,60,W, ,SELWYN ST,201412935,16/05/2014,Fri,445,CC,CW1CC,103A 130A ,M,R,D,DO,FF, , ,R,50,0,1,0,,,1569385,5179145
Christchurch City,MOORHOUSE AVENUE,100,W, ,SELWYN ST,201411685,07/03/2014,Fri,140,GB,CW1T,103A 158A 927 ,,R,D,DO,F ,D,N,C,50,0,0,1,,,1569345,5179145
Christchurch City,MOORHOUSE AVENUE,, ,I,SELWYN ST,201417130,16/11/2014,Sun,507,DA,CE1,104A 111A 131A ,P,R,D,DO,F ,X,T,R,50,0,0,1,,,1569445,5179157
Christchurch City,MOORHOUSE AVENUE,, ,I,SELWYN ST,201440419,02/07/2014,Wed,727,LB,CW1C,303B 375B ,,R,W,O ,F ,X,T,R,50,0,0,0,,,1569445,5179145
Christchurch City,MOORHOUSE AVENUE,, ,I,SELWYN ST,201439692,17/07/2014,Thu,1915,LB,4W1C,303B 387B ,,R,W,DO,F ,X,T,C,50,0,0,0,,,1569445,5179145
Christchurch City,MOORHOUSE AVENUE,, ,I,SELWYN ST,201434036,07/04/2014,Mon,738,LB,CW1C,303B 375B ,,R,D,O ,F ,X,T,R,50,0,0,0,,,1569445,5179145
Christchurch City,MOORHOUSE AVENUE,, ,I,SELWYN ST,201442792,29/07/2014,Tue,1510,LB,MW1C,303B 387B ,,R,D,BF,F ,X,T,R,50,0,0,0,,,1569445,5179145
Christchurch City,MOORHOUSE AVENUE,, ,I,WALLER TERRACE,201433469,07/03/2014,Fri,1100,MG,VS2C,371B ,,R,D,BF,F ,T,N,C,50,0,0,0,,,1569606,5179158
Christchurch City,MOORHOUSE AVENUE,, ,I,WALTHAM ROAD,201445993,26/10/2014,Sun,1105,FE,CW1CC,181A 423A 181B ,,R,D,O ,F ,X,T,R,50,0,0,0,,,1571392,5179158
Christchurch City,MOORHOUSE AVENUE,, ,I,WALTHAM ROAD,201414836,19/07/2014,Sat,2133,LB,4W1C,303B 387B ,,R,W,DO,L ,X,T,R,50,0,0,2,,,1571392,5179158
Christchurch City,MORRISON AVENUE,, ,I,LANGDONS ROAD,201418447,11/12/2014,Thu,1516,DA,MS1,133A 402A 420A ,H,R,D,O ,F ,T,S,C,50,0,0,1,,,1567572,5184710
Christchurch City,MOUNT PLEASANT ROAD,200,N, ,THE RISE,201439686,21/07/2014,Mon,300,CC,CS1,130A 402A 802 ,,R,I,DO,S , , ,C,70,0,0,0,,,1577180,5176642
Christchurch City,NAZARETH AVENUE,50,N, ,MAGDALA PLACE,201446654,31/10/2014,Fri,1215,MA,CS1C,373B ,,E,D,O ,F , , ,C,50,0,0,0,,,1566132,5178591
Christchurch City,NEW BRIGHTON ROAD,, ,I,BASSETT ST,201417588,21/10/2014,Tue,755,HA,PW1V,302A 331A 353A ,,R,D,BF,F ,R,G,R,50,0,0,1,,,1574756,5183591
Christchurch City,NEW BRIGHTON ROAD,, ,I,LAKE TERRACE ROAD,201434670,16/03/2014,Sun,909,DB,CW1,103A 131A ,,E,W,OF,L ,T,G,R,50,0,0,0,,,1574489,5183544
Christchurch City,NEW BRIGHTON ROAD,, ,I,PAGES ROAD,201434836,05/04/2014,Sat,1345,KA,CN1C,302B 377B ,,R,D,OF,F ,R,G,C,50,0,0,0,,,1577506,5182615
Christchurch City,NEW BRIGHTON ROAD,, ,I,SHIRLEY ROAD,201411683,13/03/2014,Thu,2136,LB,MW1C,103A 303B 377B ,,R,D,DO,F ,X,T,C,50,0,1,0,,,1572748,5182710
Christchurch City,NEWBERY ST,, ,I,KITCHENER PLACE,201447132,31/10/2014,Fri,1300,DA,CW2CC,111A 122A ,M,E,D,O ,F ,T,G,N,50,0,0,0,,,1572788,5177247
Christchurch City,NICHOLAS DRIVE,, ,I,COULTER ST,201411182,02/03/2014,Sun,410,BO,4N2C,357A 434A 512A 205B ,,M,D,DO,F ,T,G,R,50,0,0,1,,,1574536,5180811
Christchurch City,NICHOLAS DRIVE,40,E, ,GRIFFITHS AVENUE,201412813,11/04/2014,Fri,2035,PF,XE1E,383A 105B 720B ,,R,D,DO,F , , ,C,50,0,0,1,21,,1574691,5180802
Christchurch City,NICHOLLS ROAD,60,E, ,OAKRIDGE ST,201437664,31/01/2014,Fri,1708,AB,4W1VC,153A 159A ,,R,D,B ,F , , ,C,50,0,0,0,,,1564826,5174689
Christchurch City,NORTH AVON ROAD,, ,I,FLESHER AVENUE,201446231,30/09/2014,Tue,1629,HA,VW1C,302B 375B ,,R,D,BF,F ,X,G,N,50,0,0,0,,,1572735,5181653
Christchurch City,NORTH AVON ROAD,, ,I,PETRIE ST,201441613,08/07/2014,Tue,245,DC,CS2,112A ,J,R,D,DO,F ,T,N,N,50,0,0,0,,,1572310,5181649
Christchurch City,NORTH PARADE,30,N, ,BANKS AVENUE,201410703,25/02/2014,Tue,1500,NB,CS1E,402A 711B ,,R,D,B ,F , ,N,R,50,0,0,1,14,,1572761,5182533
Christchurch City,NORTH PARADE,, ,I,SHIRLEY ROAD,201440895,20/07/2014,Sun,105,LB,CS1C,324A ,,R,W,DO,L ,X,T,R,50,0,0,0,,,1572748,5182710
Christchurch City,NORTHCOTE ROAD,20,W, ,CAVENDISH ROAD,201446650,01/11/2014,Sat,1022,MC,CW14,372B 671B ,,R,D,B ,F , , ,C,50,0,0,0,,,1568131,5185345
Christchurch City,NORTHCOTE ROAD,120,W, ,MAIN NORTH ROAD,201410748,15/03/2014,Sat,1445,CB,CW1,130A 410A ,P,R,D,B ,F , ,N,C,50,0,0,1,,,1568846,5185315
Christchurch City,NORTHCOTE ROAD,270,E, ,NORTHFIELD ROAD,201418132,24/11/2014,Mon,1740,FD,4E1CC,181A 331A ,,R,D,B ,F , , ,R,50,0,0,1,,,1568078,5185339
Christchurch City,NORTHCOTE ROAD,10,W, ,NORTHFIELD ROAD,201446656,13/10/2014,Mon,1350,MA,4E1C,373B ,,R,D,B ,F ,T,G,P,50,0,0,0,,,1567798,5185332
Christchurch City,NORTHCOTE ROAD,, ,I,UXBRIDGE ST,201413579,24/07/2014,Thu,1902,FD,CW1C,181A 331A ,,R,D,DO,F ,T,G,R,50,0,0,1,,,1568288,5185346
Christchurch City,NUNWEEK BOULEVARD,70,S, ,HAREWOOD ROAD,201410421,27/01/2014,Mon,1713,EA,CN1C,501A ,M,R,D,B ,F , , ,R,50,0,0,1,,,1565534,5185470
Christchurch City,NURSERY ROAD,, ,I,FERRY ROAD,201444411,30/07/2014,Wed,1639,KA,SE2C,302B 902 ,,R,D,B ,F ,T,G,C,50,0,0,0,,,1572219,5179198
Christchurch City,NURSERY ROAD,, ,I,FERRY ROAD,201444784,26/09/2014,Fri,2114,DB,CW1,103A 131A ,T,E,D,DO,F ,T,G,R,50,0,0,0,,,1572219,5179198
Christchurch City,OFFICE ROAD,10,W, ,PAPANUI ROAD,201435716,26/04/2014,Sat,930,EA,TW1CC,386A 818 ,M,R,D,O ,F ,T,N,R,50,0,0,0,,,1569458,5182167
Christchurch City,OKAINS BAY ROAD,2050,N, ,NGAIO GROVE,201432588,24/02/2014,Mon,935,BB,CS1T,123A ,,M,D,B ,F , ,N,C,100,0,0,0,,,1597349,5156029
Christchurch City,OLD COACH ROAD,100,N, ,TIROHANGA TERRACE,201450140,31/12/2014,Wed,1615,DB,CS1,111A 131A 402A ,F,E,W,O ,F , , ,N,50,0,0,0,,,1597499,5150607
Christchurch City,OLIVINE ST,50,S, ,VOSS ST,201449023,05/11/2014,Wed,5,EA,CN1CC,102A 129A ,MFM,R,D,DO,F , ,N,N,50,0,0,0,,,1572568,5183778
Christchurch City,OPAWA ROAD,30,W, ,ENSORS ROAD,201434781,17/04/2014,Thu,716,EA,VE1C,129A 358A ,M,R,D,OF,F , ,N,C,50,0,0,0,,,1572439,5178039
Christchurch City,ORCHARD ROAD,, ,I,DURY ROAD,201434128,13/04/2014,Sun,1045,KB,CS1C,302A 501A ,,E,D,O ,F ,R,G,C,50,0,0,0,,,1563191,5184736
Christchurch City,ORCHARD ROAD,, ,I,WAIRAKEI ROAD,201444486,15/09/2014,Mon,1519,HA,4E2C,301A 330A 404A ,F,R,D,B ,F ,X,S,R,50,0,0,0,,,1563572,5185164
Christchurch City,OXFORD TERRACE,, ,I,MONTREAL ST,201430682,29/01/2014,Wed,1113,GF,CE1C,381B ,,E,D,B ,F ,X,T,N,50,0,0,0,,,1570154,5179713
Christchurch City,OXFORD TERRACE,, ,I,MONTREAL ST,201439818,25/06/2014,Wed,2021,HA,CE1C,322B 334B ,,R,W,DO,F ,X,T,C,50,0,0,0,,,1570154,5179713
Christchurch City,OXFORD TERRACE,, ,I,MONTREAL ST,201447661,23/10/2014,Thu,1208,GB,VE1V,173A ,,R,D,BF,F ,X,T,C,50,0,0,0,,,1570154,5179713
Christchurch City,OXFORD TERRACE,, ,I,MONTREAL ST,201451097,23/12/2014,Tue,1915,GB,CE1M,173A ,,R,D,BF,F ,X,T,C,50,0,0,0,,,1570154,5179713
Christchurch City,OXFORD TERRACE,, ,I,RICCARTON AVENUE,201414105,12/06/2014,Thu,340,DB,CS24,103A ,M,M,W,DO,L ,X,T,C,50,0,0,2,,,1569802,5179703
Christchurch City,PACIFIC ROAD,, ,I,MARRIOTTS ROAD,201442847,05/09/2014,Fri,1827,DB,CS1,111A ,PT,R,W,DO,F ,T,N,N,50,0,0,0,,,1576802,5184326
Christchurch City,PADDINGTON ST,, ,I,FENCHURCH ST,201448905,18/10/2014,Sat,1900,DB,CN2,131A 402A 801 ,FK,R,W,O ,L ,T,N,N,50,0,0,0,,,1568724,5185426
Christchurch City,PAGES ROAD,, ,I,BAFFIN ST,201417769,29/12/2014,Mon,1528,CB,40,129A 410A ,F,R,D,B ,F ,T,N,C,50,0,0,1,,,1574929,5181041
Christchurch City,PAGES ROAD,60,S, ,BREEZES ROAD,201431060,18/02/2014,Tue,1726,FD,CE1C,101A 359A ,,R,D,B ,F , ,N,C,50,0,0,0,,,1575849,5181660
Christchurch City,PAGES ROAD,100,W, ,BREEZES ROAD,201413575,01/08/2014,Fri,1213,NA,TE1E,711B 712B ,,R,D,B ,F , , ,P,50,0,0,1,23,,1575819,5181634
Christchurch City,PAGES ROAD,, ,I,BREEZES ROAD,201440425,14/06/2014,Sat,45,DA,CN1,103A 111A 407A ,F,R,W,DO,M ,X,T,R,50,0,0,0,,,1575895,5181699
Christchurch City,PAGES ROAD,90,S, ,CUFFS ROAD,201410137,07/01/2014,Tue,1656,KA,CN1C,308B 370B 923 ,,R,D,B ,F ,D,N,R,60,0,0,1,,,1574597,5180920
Christchurch City,PAGES ROAD,80,E, ,FARNBOROUGH ST,201440885,26/07/2014,Sat,2136,CB,CE1,112A 130A 621A ,F,R,D,DO,F , , ,C,70,0,0,0,,,1576859,5182252
Christchurch City,PAGES ROAD,, ,I,FIR TREE LANE,201411660,11/02/2014,Tue,1852,GD,VW1C,181A ,,R,D,BF,F ,T,N,C,50,0,1,1,,,1576130,5181833
Christchurch City,PAGES ROAD,100,S, ,KEARNEYS ROAD,201450644,18/05/2014,Sun,2200,CB,VW1,101A 112A ,FH,R,D,DO,F , ,N,R,60,0,0,0,,,1574784,5180982
Christchurch City,PAGES ROAD,10,N, ,OTTAWA ROAD,201414360,13/06/2014,Fri,1606,KO,CW1S,205B 372B ,,R,D,O ,F ,T,N,P,50,0,0,1,,53,1575281,5181203
Christchurch City,PAGES ROAD,150,W, ,OTTAWA ROAD,201447135,21/10/2014,Tue,1330,CB,CW1,130A 359A ,KP,R,D,B ,F , , ,C,50,0,0,0,,,1575136,5181136
Christchurch City,PAGES ROAD,, ,I,OWLES TERRACE,201413480,07/06/2014,Sat,1050,HA,CE1M,302A ,,R,D,O ,F ,R,G,R,50,0,1,0,,,1577492,5182603
Christchurch City,PAGES ROAD,50,W, ,PORTCHESTER ST,201446936,31/07/2014,Thu,1948,CC,40,501A ,F,R,D,DO,F , ,N,C,50,0,0,0,,,1576544,5182071
Christchurch City,PAGES ROAD,80,E, ,SHORTLAND ST,201446517,26/09/2014,Fri,2220,MA,CW1C,402A 373B 817 ,F,R,W,DO,L , , ,C,50,0,0,0,,,1575696,5181529
Christchurch City,PAGES ROAD,80,W, ,SHORTLAND ST,201439066,05/06/2014,Thu,1209,FD,CE1C,353A 387A 817 ,,R,D,BF,F , ,N,P,60,0,0,0,,,1575574,5181426
Christchurch City,PAGES ROAD,, ,I,SHORTLAND ST,201418084,16/11/2014,Sun,1238,GD,CW1C,331A 350A ,,R,D,BF,F ,X,S,C,50,0,0,2,,,1575636,5181477
Christchurch City,PANNELL AVENUE,130,E, ,KERRS ROAD,201446743,28/10/2014,Tue,2200,CC,CW1T,103A 129A ,,R,D,DN,F , ,N,N,50,0,0,0,,,1574378,5181102
Christchurch City,PAPANUI ROAD,, ,I,AIKMANS ROAD,201447130,20/10/2014,Mon,1938,JA,CN1V,334A 334B ,,R,D,TO,F ,T,T,R,50,0,0,0,,,1569396,5182290
Christchurch City,PAPANUI ROAD,, ,I,AIKMANS ROAD,201443998,20/08/2014,Wed,1628,FE,CS1C,331A 350A ,,R,D,BF,F ,T,T,C,50,0,0,0,,,1569396,5182290
Christchurch City,PAPANUI ROAD,10,N, ,BEALEY AVENUE,201442817,30/08/2014,Sat,2342,EE,CN1X,330B 374B ,M,R,D,DO,FS,X,G,C,50,0,0,0,,,1569934,5181287
Christchurch City,PAPANUI ROAD,20,N, ,BEALEY AVENUE,201439822,22/06/2014,Sun,25,BA,CN1C,129A 352A 377A 839 ,,R,D,DO,F ,X,T,C,50,0,0,0,,,1569930,5181296
Christchurch City,PAPANUI ROAD,50,N, ,BEALEY AVENUE,201433651,01/03/2014,Sat,1350,FD,CS1C4,181A 331A ,,R,D,O ,F , , ,C,50,0,0,0,,,1569916,5181322
Christchurch City,PAPANUI ROAD,30,S, ,BEVERLEY ST,201442903,14/08/2014,Thu,1540,FD,VS1C4,112A 181A 331A 352A 181B 331B 605C +,,R,D,B ,F , , , ,50,0,0,0,,,1569600,5181919
Christchurch City,PAPANUI ROAD,30,S, ,BLAIR AVENUE,201430687,15/01/2014,Wed,1107,MC,CN1C,372B ,,R,D,B ,F , ,N,C,50,0,0,0,,,1568450,5183687
Christchurch City,PAPANUI ROAD,, ,I,BLAIR AVENUE,201431298,22/02/2014,Sat,1149,KB,VS1C,302B 353B 377B ,,R,D,BF,F ,T,G,P,50,0,0,0,,,1568433,5183712
Christchurch City,PAPANUI ROAD,60,N, ,CLARE ROAD,201431390,02/03/2014,Sun,315,BA,CS1X,103A 125A ,,R,D,DO,F , ,N,C,50,0,0,0,,,1569781,5181577
Christchurch City,PAPANUI ROAD,, ,I,CLARE ROAD,201416731,12/09/2014,Fri,652,JA,CS14,302B ,,R,D,B ,F ,T,G,C,50,0,0,1,,,1569809,5181524
Christchurch City,PAPANUI ROAD,20,N, ,DERBY ST,201410753,13/03/2014,Thu,1853,GB,SN1C,142B 370B 402B 923 ,,R,D,B ,F ,D,N,C,50,0,0,1,,40,1569882,5181386
Christchurch City,PAPANUI ROAD,50,N, ,HALTON ST,201432777,26/02/2014,Wed,2239,EA,VS1C,101A 129A 903 ,FM,R,D,DO,FS, , ,C,50,0,0,0,,,1568768,5183216
Christchurch City,PAPANUI ROAD,, ,I,HAREWOOD ROAD,201445981,10/10/2014,Fri,224,FE,CE2C,331A ,,E,D,DO,F ,X,T,C,50,0,0,0,,,1568302,5183906
Christchurch City,PAPANUI ROAD,, ,I,HAREWOOD ROAD,201444483,16/09/2014,Tue,735,BE,MN1B,130A ,,E,D,B ,F ,X,T,P,50,0,0,0,,,1568302,5183906
Christchurch City,PAPANUI ROAD,, ,I,HAREWOOD ROAD,201414913,09/06/2014,Mon,2106,LB,CN1C,303B ,,E,W,DO,H ,X,T,C,50,0,0,1,,,1568302,5183906
Christchurch City,PAPANUI ROAD,15,S, ,HEATON ST,201451054,11/12/2014,Thu,1620,LB,CS1C,303B 377B ,,R,D,BF,F ,T,N,C,50,0,0,0,,,1569219,5182552
Christchurch City,PAPANUI ROAD,, ,I,HEATON ST,201442578,04/07/2014,Fri,1453,LB,CN1C,303B 377B ,,R,D,BF,F ,X,T,L,50,0,0,0,,,1569211,5182564
Christchurch City,PAPANUI ROAD,, ,I,HEATON ST,201431295,20/02/2014,Thu,1303,LB,TS1C,303B 382B ,,R,D,BF,F ,X,T,N,50,0,0,0,,,1569211,5182564
Christchurch City,PAPANUI ROAD,60,N, ,HOLLY ROAD,201435701,08/04/2014,Tue,610,GD,CN1X,181A 331A 801 927 ,,R,W,DO,L ,D, ,C,50,0,0,0,,,1569694,5181743
Christchurch City,PAPANUI ROAD,70,S, ,INNES ROAD,201412577,31/03/2014,Mon,1212,PC,CW1E,311A 330A 350A 927 ,,R,D,B ,F ,D, ,C,50,0,1,0,70,,1569250,5182506
Christchurch City,PAPANUI ROAD,15,S, ,MCDOUGALL AVENUE,201415599,21/08/2014,Thu,1743,FD,CN1C,501A 507A ,,R,D,TO,F , , ,C,50,0,0,1,,,1569350,5182359
Christchurch City,PAPANUI ROAD,10,N, ,PAPAROA ST,201412704,05/04/2014,Sat,1345,NB,CN1EE,209A 711B 712B 711C 712C ,,R,D,OF,F ,T,G,C,50,0,2,0,10,,1568708,5183306
Christchurch City,PAPANUI ROAD,20,S, ,PAPAROA ST,201417840,19/11/2014,Wed,1737,FD,CN1C,181A 404A ,,R,D,B ,F , , ,C,50,0,0,1,,,1568724,5183281
Christchurch City,PAPANUI ROAD,50,S, ,PAPAROA ST,201416366,13/09/2014,Sat,1206,FD,CN14C,331A 358A ,,R,W,O ,F , ,N,C,50,0,0,3,,,1568741,5183257
Christchurch City,PAPANUI ROAD,30,S, ,RUGBY ST,201412030,03/04/2014,Thu,1937,MC,CN1C,330B 372B ,,R,D,DO,F , ,N,C,50,0,0,1,,,1569532,5182048
Christchurch City,PAPANUI ROAD,, ,I,ST ALBANS ST,201440879,07/08/2014,Thu,210,DA,CW2,101A 131A 358A ,X,E,D,DO,F ,T,T,N,50,0,0,0,,,1569486,5182134
Christchurch City,PAPANUI ROAD,, ,I,WEBB ST,201450504,27/12/2014,Sat,1915,MB,CS1V,370B ,,R,D,O ,F ,T,G,R,50,0,0,0,,,1569634,5181856
Christchurch City,PAPANUI ROAD,, ,I,WEBB ST,201412989,17/05/2014,Sat,1230,GB,PS1V,158A 208A 372B ,,R,D,B ,F ,T,G,P,50,0,0,1,,,1569634,5181856
Christchurch City,PARK TERRACE,, ,I,KILMORE ST,201444487,04/09/2014,Thu,2330,JA,CS1C,322A 322B ,,E,D,DO,F ,T,T,P,50,0,0,0,,,1569950,5180637
Christchurch City,PARKER ST,40,S, ,STEELE ST,201417756,18/12/2014,Thu,2328,EA,CS1T,129A 358A ,M,R,D,DO,F , ,N,C,50,0,0,1,,,1560863,5178822
Christchurch City,PARKHOUSE ROAD,20,E, ,MICHELLE ROAD,201433834,12/03/2014,Wed,1811,GC,4W1T,160A 927 ,,R,D,O ,F ,D,N,P,50,0,0,0,,,1564930,5178472
Christchurch City,PARKHOUSE ROAD,80,W, ,SH 73,201431296,21/02/2014,Fri,1424,AC,TE14,372A 671A ,,R,D,BF,F , ,N,N,50,0,0,0,,,1565253,5178732
Christchurch City,PARKHOUSE ROAD,, ,I,TREFFERS ROAD,201414910,18/06/2014,Wed,1645,JA,VS1C,302B 377B ,,R,D,BF,F ,T,G,R,50,0,0,1,,,1565228,5178711
Christchurch City,PARNWELL ST,200,S, ,SH 74,201417755,10/12/2014,Wed,745,JA,PS1C,308B 375B 929 ,,R,W,O ,F ,D,N,N,50,0,1,0,,,1574839,5184257
Christchurch City,PATEKE PLACE,, ,I,KORORA ST,201448908,23/11/2014,Sun,146,DA,CS2,103A 131A 402A ,F,E,D,DO,F ,T,N,C,50,0,0,0,,,1574633,5179761
Christchurch City,PATTEN ST,100,N, ,WOODHAM ROAD,201436948,07/05/2014,Wed,837,DA,CS1C,131A 501A ,M,E,D,B ,F , , ,N,50,0,0,0,,,1572942,5180867
Christchurch City,PATTERSON TERRACE,20,W, ,ARKWRIGHT PLACE,201446728,18/10/2014,Sat,1439,CC,CE1,103A 410A ,,R,D,O ,F ,T,N,N,50,0,0,0,,,1564191,5175386
Christchurch City,PEER ST,80,S, ,ATHOL TERRACE,201450610,19/12/2014,Fri,1145,CB,CS1CC,137A 197A ,M,R,D,B ,F , ,N,P,50,0,0,0,,,1565357,5180733
Christchurch City,PEER ST,, ,I,BOWEN ST,201444097,20/07/2014,Sun,313,CB,CS1,103A ,K,R,W,DO,L ,T,S,C,50,0,0,0,,,1565195,5180349
Christchurch City,PEGASUS AVENUE,, ,I,ROYALIST AVENUE,201435666,27/04/2014,Sun,713,DB,CN2,103A 111A 131A 904 ,KT,E,D,O ,M ,T,N,N,50,0,0,0,,,1577031,5185036
Christchurch City,PENTLAND DRIVE,15,N, ,STABLE WAY,201415816,24/08/2014,Sun,1725,DA,CS14,103A 111A 131A ,M,E,D,O ,FF, , ,N,50,0,0,1,,,1569804,5188421
Christchurch City,PETERBOROUGH ST,, ,I,MANCHESTER ST,201435711,01/04/2014,Tue,1400,HA,TE1C,112A 321A 330A ,,R,D,O ,F ,X,S,C,50,0,0,0,,,1570878,5180765
Christchurch City,PETERBOROUGH ST,, ,I,MONTREAL ST,201444491,13/09/2014,Sat,15,HA,XN2C,103B 321B 330B ,,R,W,DO,L ,X,S,C,50,0,0,0,,,1570147,5180760