TLANAME,CRASHROAD,CRASHDIST,CRASHDIRN,INTSN,SIDEROAD,CRASHID,CRASHDATE,CRASHDOW,CRASHTIME,MVMT,VEHICLES,CAUSES,OBJECTSSTRUCK,ROADCURVE,ROADWET,LIGHT,WTHRa,JUNCTYPE,TRAFCTRL,ROADMARK,SPDLIM,CRASHFATALCNT,CRASHSEVCNT,CRASHMINCNT,PERSAGE1,PERSAGE2,EASTING,NORTHING
Christchurch City,PETRIE ST,, ,I,RANDALL ST,201438857,07/05/2014,Wed,1432,HA,TW2C,321A 375A ,,R,D,OF,F ,X,S,C,50,0,0,0,,,1572306,5181917
Christchurch City,PEVEREL ST,30,E, ,PIKO CRESCENT W,201450480,09/12/2014,Tue,1130,MO,VW1C,386A ,M,R,D,BF,F , ,N,N,50,0,0,0,,,1566794,5179755
Christchurch City,PEVEREL ST,, ,I,TIKA ST,201413223,31/05/2014,Sat,1751,NB,CE1E,352A 105B 724B 862 ,,E,D,DO,F ,T,N,C,50,0,0,1,51,,1566884,5179708
Christchurch City,PHILPOTTS ROAD,50,N, ,INNES ROAD,201416425,17/06/2014,Tue,1550,NA,CN1E,712B ,,R,D,B ,F , , ,N,50,0,1,0,15,,1570893,5183760
Christchurch City,PHILPOTTS ROAD,250,N, ,SH 74,201415307,07/08/2014,Thu,1324,CB,CN1,130A 501A ,P,R,D,B ,F , ,N,C,50,0,0,1,,,1570557,5184648
Christchurch City,PHILPOTTS ROAD,200,S, ,SH 74,201443697,07/09/2014,Sun,1036,GC,VN1C,372B 927 ,,R,D,B ,F ,D,N,C,50,0,0,0,,,1570559,5184698
Christchurch City,PHILPOTTS ROAD,490,S, ,SH 74,201410424,12/01/2014,Sun,1018,CB,CN1,129A 358A ,KP,R,D,B ,F , , ,C,50,0,0,1,,,1570551,5184408
Christchurch City,PORT HILLS ROAD,, ,I,ALDERSON AVENUE,201443779,13/09/2014,Sat,1230,DA,CW1,111A 131A 402A ,P,E,W,O ,L ,T,N,C,50,0,0,0,,,1573429,5176584
Christchurch City,PORT HILLS ROAD,, ,I,LAING CRESCENT,201413716,15/04/2014,Tue,630,JA,SS1C,302B 375B ,,E,W,DO,F ,T,G,R,50,0,0,1,,37,1575306,5175660
Christchurch City,PORT HILLS ROAD,100,S, ,MARTINDALES ROAD,201447754,03/10/2014,Fri,2336,CC,CN1TCC,112A 130A ,FHM,R,D,DO,F , , ,C,50,0,0,0,,,1576078,5175156
Christchurch City,POULSON ST,15,W, ,CHURCH SQUARE W,201430124,25/01/2014,Sat,1310,MO,CE1C,371A 386A ,M,R,D,BF,F , ,N,C,50,0,0,0,,,1569077,5178655
Christchurch City,POUND ROAD,240,N, ,BUCHANANS ROAD,201446122,03/10/2014,Fri,1800,CB,CN1,130A 403A 801 ,FPV,R,W,O ,L , , ,C,80,0,0,0,,,1560079,5181608
Christchurch City,POUND ROAD,, ,I,BUCHANANS ROAD,201439473,27/06/2014,Fri,831,LB,TN1C,302A 375A ,,R,D,B ,F ,R,G,C,80,0,0,0,,,1559976,5181365
Christchurch City,POUND ROAD,, ,I,BUCHANANS ROAD,201440596,10/07/2014,Thu,1629,FA,TN1T,331A 350A 191B 353B ,,M,D,O ,F ,R,G,R,80,0,0,0,,,1559976,5181365
Christchurch City,POUND ROAD,, ,I,RYANS ROAD,201410857,25/01/2014,Sat,350,EA,CN1CE,129A 370A ,M,R,D,DO,F ,X,S,C,100,0,0,2,19,,1560665,5183019
Christchurch City,POUND ROAD,150,S, ,SH 73,201411691,16/03/2014,Sun,1543,JA,CN1C,103B 308B 929 ,,R,W,OF,L ,D,N,C,70,0,0,1,,,1560244,5182003
Christchurch City,POYNDER AVENUE,160,N, ,WROXTON TERRACE,201445809,14/09/2014,Sun,2340,DC,CW1,103A 131A ,C,E,D,DO,F , , ,C,50,0,0,0,,,1568388,5181925
Christchurch City,PRESTONS ROAD,, ,I,AZTEC PLACE,201435437,06/05/2014,Tue,1302,GB,PE1C,142B 157B 175B ,,R,D,BN,F ,T,N,C,50,0,0,0,,,1569632,5186479
Christchurch City,PRESTONS ROAD,60,E, ,BLUESTONE DRIVE,201412080,30/03/2014,Sun,2120,DA,ME1,103A 111A ,F,E,D,DO,F , ,N,C,60,0,1,0,,,1573610,5186477
Christchurch City,PRESTONS ROAD,500,E, ,GRIMSEYS ROAD,201410931,24/02/2014,Mon,912,MD,SE1C,308B 375B 929 ,,R,D,BF,F ,D,N,N,50,0,0,1,,32,1570361,5186433
Christchurch City,PRESTONS ROAD,80,W, ,GRIMSEYS ROAD,201414570,10/07/2014,Thu,848,CB,CW1,501A ,PV,R,D,B ,F , , ,C,80,0,0,1,,,1569783,5186470
Christchurch City,PRESTONS ROAD,, ,I,GRIMSEYS ROAD,201434468,05/04/2014,Sat,1025,GD,VE1C,181A 333A 402A ,,R,D,O ,F ,X,S,R,50,0,0,0,,,1569863,5186463
Christchurch City,PRESTONS ROAD,, ,I,HAWKINS ROAD,201416385,22/09/2014,Mon,2130,HA,CS2C,301A 375A ,,R,D,DN,F ,X,S,C,80,0,1,1,,,1571077,5186394
Christchurch City,PRESTONS ROAD,100,E, ,MARSHLAND ROAD,201440676,17/07/2014,Thu,1540,MC,CE1C,181A 387A 817 ,,R,W,O ,F , , ,N,60,0,0,0,,,1572564,5186467
Christchurch City,PRESTONS ROAD,150,E, ,MARSHLAND ROAD,201414272,18/07/2014,Fri,1158,FD,VW1C,110A 427A 817 ,,R,W,O ,L , ,N,C,30,0,0,1,,,1572614,5186470
Christchurch City,PRESTONS ROAD,200,E, ,MARSHLAND ROAD,201418656,30/10/2014,Thu,1747,MC,ME1C,381B ,,R,D,BF,F , ,N,L,80,0,1,0,,,1572664,5186474
Christchurch City,PRESTONS ROAD,30,N, ,MARSHLAND ROAD,201435416,06/05/2014,Tue,1438,AO,CE1T,110A 150A 110 150 817 ,,R,D,BF,F ,R,G,R,80,0,0,0,,,1572494,5186462
Christchurch City,PRESTONS ROAD,, ,I,MARSHLAND ROAD,201441627,04/08/2014,Mon,1252,JA,TS2C,302B ,,R,D,B ,F ,R,G,R,80,0,0,0,,,1572464,5186460
Christchurch City,PRESTONS ROAD,, ,I,MARSHLAND ROAD,201415229,04/08/2014,Mon,919,HA,CW1C,302B 382B ,,R,D,BF,F ,X,G,C,80,0,0,2,,,1572444,5186459
Christchurch City,PRESTONS ROAD,, ,I,QUAIDS ROAD,201415368,17/08/2014,Sun,1151,GD,CW1C,181A 330A ,,R,D,B ,F ,T,G,C,80,0,1,1,,,1571820,5186410
Christchurch City,PRESTONS ROAD,, ,A,TE RITO ST,201416185,15/09/2014,Mon,1801,CC,VS1C,410A ,M,R,D,TO,F , , ,N,50,0,0,1,,,1573220,5186512
Christchurch City,PRINCESS ST,, ,I,WHITELEIGH AVENUE,201446715,13/10/2014,Mon,1430,GF,TE1C,179A 386A ,,R,D,B ,F ,T,S,C,50,0,0,0,,,1568006,5179324
Christchurch City,PUNA ST,50,E, ,WHARENUI ROAD,201418083,19/11/2014,Wed,840,EA,CW1C,129A 358A ,M,R,D,BF,F , ,N,C,50,0,0,1,,,1566681,5179559
Christchurch City,PURCHAS ST,, ,I,MADRAS ST,201413281,09/06/2014,Mon,745,HA,CN2CC,301B 375B ,,R,W,O ,L ,X,S,C,50,0,1,0,,,1571118,5181533
Christchurch City,PURIRI ST,, ,I,HINAU ST,201434966,13/01/2014,Mon,1732,JA,CS1S,301A 375A ,,R,D,BF,F ,X,S,C,50,0,0,0,,,1566976,5180563
Christchurch City,QUAIDS ROAD,300,N, ,PRESTONS ROAD,201411555,22/02/2014,Sat,1738,GC,CN1V,303B 381B 929 ,,R,D,BF,F ,D,N,C,80,0,0,1,,,1571796,5186709
Christchurch City,QUEENSPARK DRIVE,, ,I,BRANKSOME PLACE,201435707,28/04/2014,Mon,1305,MC,CW1C,372B 501B 901 ,F,R,W,O ,H ,T,G,C,50,0,0,0,,,1575577,5185958
Christchurch City,QUEENSPARK DRIVE,, ,I,CHADBURY ST,201412427,17/03/2014,Mon,1513,LB,SS1C,204A 330A 370B ,,R,D,B ,F ,T,N,C,50,0,0,1,,12,1576108,5185705
Christchurch City,QUEENSPARK DRIVE,60,E, ,COTTONWOOD ST,201444300,14/07/2014,Mon,1430,BA,CW1C,357A 434A 443A 130B 357B ,,R,D,B ,F , , ,C,50,0,0,0,,,1575946,5185788
Christchurch City,QUEENSPARK DRIVE,100,E, ,COTTONWOOD ST,201440852,05/07/2014,Sat,1704,EE,VW1C,374B ,M,R,D,TO,F , , ,C,50,0,0,0,,,1575981,5185770
Christchurch City,QUINNS ROAD,, ,I,HAMMERSLEY AVENUE,201417125,20/10/2014,Mon,847,HA,CN1C,321B 335B ,,R,D,O ,F ,X,S,N,50,0,0,1,,,1572339,5183274
Christchurch City,QUINNS ROAD,60,N, ,ORION ST,201410085,03/02/2014,Mon,1630,JA,CN1S,308B 370B 929 ,,R,D,B ,F ,D, ,N,50,0,1,0,,16,1572336,5183334
Christchurch City,RACECOURSE ROAD,60,E, ,OBRIENS ROAD N,201448875,26/11/2014,Wed,1713,MC,CW14,102B 372B ,,R,D,B ,F , , ,C,50,0,0,0,,,1563361,5179846
Christchurch City,RACECOURSE ROAD,200,E, ,OBRIENS ROAD N,201445987,18/10/2014,Sat,2246,MC,4W1C,372B ,,M,D,DO,F , , ,C,50,0,0,0,,,1563474,5179929
Christchurch City,RACECOURSE ROAD,, ,I,THORNHILL PLACE,201446095,19/09/2014,Fri,730,BF,CS1CC,131A 402A ,,M,D,B ,F ,T,G,C,50,0,0,0,,,1563212,5179740
Christchurch City,RADCLIFFE ROAD,, ,I,BLAKES ROAD,201418876,23/12/2014,Tue,1511,JA,CE1C,301B 375B ,,R,D,BF,F ,T,S,C,80,0,0,1,,,1570315,5187753
Christchurch City,RADLEY ST,110,W, ,CUMNOR TERRACE,201434969,04/04/2014,Fri,930,MO,CW1CC,386A ,M,R,W,OF,F , ,N,C,50,0,0,0,,,1573881,5178125
Christchurch City,RADLEY ST,, ,I,CUMNOR TERRACE,201431048,06/02/2014,Thu,2052,CB,CN1,103A 112A ,F,R,D,TO,F ,T,N,C,50,0,0,0,,,1573952,5178209
Christchurch City,RANFURLY ST,50,E, ,BRISTOL ST,201438249,10/06/2014,Tue,1645,CB,CE1,129A 359A ,P,R,W,TF,L , ,N,N,50,0,0,0,,,1569964,5181959
Christchurch City,RANNOCH DRIVE,20,W, ,CARRADALE AVENUE E,201414946,29/06/2014,Sun,2250,CB,CW1,400A 517A ,X,R,D,DO,F , ,N,N,50,0,0,1,,,1561866,5180927
Christchurch City,REX ST,20,E, ,WAINUI ST,201437702,24/05/2014,Sat,122,EA,CE1C,129A 433A ,M,R,D,DO,F , , ,N,50,0,0,0,,,1567215,5179497
Christchurch City,RICCARTON AVENUE,400,E, ,DEANS AVENUE,201414100,11/06/2014,Wed,2347,DA,CE1,103A 111A 131A ,FGP,E,W,DO,L , ,N,P,50,0,0,1,,,1568967,5180126
Christchurch City,RICCARTON AVENUE,500,E, ,DEANS AVENUE,201440858,13/07/2014,Sun,1434,LB,CE1C,303B 930 ,,R,D,B ,F ,D,N,C,50,0,0,0,,,1569042,5180060
Christchurch City,RICCARTON AVENUE,600,N, ,DEANS AVENUE,201442851,30/08/2014,Sat,1055,MA,TW1B,373B 386B ,,R,D,B ,F , ,N,R,50,0,0,0,,,1569115,5179993
Christchurch City,RICCARTON AVENUE,300,S, ,DEANS AVENUE,201434075,15/04/2014,Tue,1537,MA,CN1CC,373B ,M,R,D,O ,F , ,N,C,50,0,0,0,,,1568878,5180170
Christchurch City,RICCARTON ROAD,60,E, ,AUBURN AVENUE,201413284,23/05/2014,Fri,654,JA,ME1C,308B 375B 922 ,,R,D,DO,F ,D,N,C,50,0,1,0,,,1565729,5180058
Christchurch City,RICCARTON ROAD,240,W, ,AUBURN AVENUE,201443713,31/08/2014,Sun,1859,GD,CW1C,112A 331A 925 ,,R,D,DO,F ,D,N,C,50,0,0,0,,,1565431,5180024
Christchurch City,RICCARTON ROAD,10,E, ,BALGAY ST,201433488,09/03/2014,Sun,1435,CB,CW1,133A 423A ,FJ,R,D,OF,F ,T,G,C,50,0,0,0,,,1566239,5180116
Christchurch City,RICCARTON ROAD,100,E, ,BALGAY ST,201435836,15/01/2014,Wed,1610,GD,CE1C,331A 350A 929 ,,R,D,BF,F ,D,N,C,50,0,0,0,,,1566328,5180126
Christchurch City,RICCARTON ROAD,130,E, ,BALGAY ST,201450482,09/12/2014,Tue,1820,FD,CE1C,331A 359A ,,R,D,OF,F , ,N,C,50,0,0,0,,,1566358,5180129
Christchurch City,RICCARTON ROAD,150,E, ,BALGAY ST,201439684,01/07/2014,Tue,1755,FD,CW1CC,181A 350A 181B ,,R,D,DO,F , , ,C,50,0,0,0,,,1566378,5180131
Christchurch City,RICCARTON ROAD,, ,I,BALGAY ST,201416526,28/09/2014,Sun,2030,BA,SW1C,129A ,,R,D,BF,F ,T,G,C,50,0,0,1,,21,1566229,5180115
Christchurch City,RICCARTON ROAD,, ,I,BALGAY ST,201414295,04/08/2014,Mon,330,FA,CW1C,101A 517A ,,R,D,DO,F ,T,G,C,50,0,0,1,,,1566229,5180115
Christchurch City,RICCARTON ROAD,30,E, ,CLYDE ROAD,201446320,13/09/2014,Sat,1130,AA,CE1C,184A ,,R,W,OF,L , ,N,C,50,0,0,0,,,1566639,5180161
Christchurch City,RICCARTON ROAD,, ,I,CLYDE ROAD,201446259,07/10/2014,Tue,2153,JC,CE1C,112A 300A ,,R,W,DO,L ,T,T,C,50,0,0,0,,,1566609,5180158
Christchurch City,RICCARTON ROAD,50,W, ,DEANS AVENUE,201430502,14/01/2014,Tue,1940,MC,CW1C,372B ,,R,D,TF,F , , ,C,50,0,0,0,,,1568608,5180381
Christchurch City,RICCARTON ROAD,, ,I,DIVISION ROAD,201415997,19/08/2014,Tue,955,ND,CN2E,307A 330A ,,R,D,B ,F ,T,T,C,50,0,0,1,66,,1567573,5180265
Christchurch City,RICCARTON ROAD,, ,I,EUSTON ST,201442842,25/08/2014,Mon,1332,LB,SW1C,303B 375B ,,R,D,B ,F ,T,G,C,50,0,0,0,,,1566655,5180163
Christchurch City,RICCARTON ROAD,, ,I,EUSTON ST,201442338,17/08/2014,Sun,1130,KA,CW1C,302B 314B ,,R,D,B ,F ,T,G,P,50,0,0,0,,,1566655,5180163
Christchurch City,RICCARTON ROAD,30,W, ,HANSONS LANE,201416394,22/10/2014,Wed,1233,NA,CE1E,712B ,,R,D,B ,F , ,N,C,50,0,0,1,43,,1565525,5180034
Christchurch City,RICCARTON ROAD,, ,I,HANSONS LANE,201436943,13/05/2014,Tue,1800,KA,CW1V,322A ,,R,W,DO,L ,T,T,R,50,0,0,0,,,1565554,5180038
Christchurch City,RICCARTON ROAD,5,E, ,ILAM ROAD,201445893,09/10/2014,Thu,1416,FD,CE1PC,181A 181B ,,R,D,B ,F ,X,T,C,50,0,0,0,,,1566085,5180098
Christchurch City,RICCARTON ROAD,20,W, ,ILAM ROAD,201411871,22/03/2014,Sat,945,CB,PE1,132A 181A 532A ,K,R,D,BF,F , ,N,C,50,0,0,1,,,1566060,5180096
Christchurch City,RICCARTON ROAD,210,W, ,ILAM ROAD,201439690,17/07/2014,Thu,1805,FD,CW1C,181A 331A ,,R,W,DO,L , , ,C,50,0,0,0,,,1565871,5180074
Christchurch City,RICCARTON ROAD,, ,I,ILAM ROAD,201414919,01/06/2014,Sun,1515,LB,SE1C,303B 375B ,,R,D,ON,F ,X,T,C,50,0,0,1,,21,1566080,5180098
Christchurch City,RICCARTON ROAD,, ,I,ILAM ROAD,201414834,27/06/2014,Fri,2030,LB,CS2C,303B ,,R,D,DO,F ,X,T,C,50,0,0,2,,,1566080,5180098
Christchurch City,RICCARTON ROAD,, ,I,ILAM ROAD,201434257,27/02/2014,Thu,1810,FE,CE14CC,331A 427A ,,R,D,B ,F ,X,T,C,50,0,0,0,,,1566080,5180098
Christchurch City,RICCARTON ROAD,40,W, ,KAURI ST,201437806,25/05/2014,Sun,1655,CA,PE1,132A ,,R,W,DO,H , ,N,C,50,0,0,0,,,1567431,5180249
Christchurch City,RICCARTON ROAD,, ,I,MAIN SOUTH ROAD,201449791,23/12/2014,Tue,1135,JA,CW1C,302B 357B ,,M,D,O ,F ,T,G,R,50,0,0,0,,,1565418,5180023
Christchurch City,RICCARTON ROAD,, ,I,MAIN SOUTH ROAD,201445804,22/09/2014,Mon,1710,JA,VW1C,302B ,,M,D,O ,F ,T,G,R,50,0,0,0,,,1565418,5180023
Christchurch City,RICCARTON ROAD,, ,I,MAIN SOUTH ROAD,201435708,01/05/2014,Thu,1435,JA,CN14C,130A 302B 370B ,CT,M,D,O ,F ,T,G,R,50,0,0,0,,,1565418,5180023
Christchurch City,RICCARTON ROAD,20,E, ,MANDEVILLE ST,201418830,08/10/2014,Wed,1747,EA,PW1C,374B ,Q,R,D,BF,F , ,N,C,50,0,1,0,,,1568188,5180334
Christchurch City,RICCARTON ROAD,300,E, ,MANDEVILLE ST,201414239,28/07/2014,Mon,1410,FC,CE1P,331A 353A ,,R,D,B ,F , ,N,L,50,0,0,1,,,1568467,5180365
Christchurch City,RICCARTON ROAD,50,W, ,MANDEVILLE ST,201450469,08/12/2014,Mon,1330,KB,ME1V,308B 375B 925 ,,R,D,BF,F ,D,N,C,50,0,0,0,,,1568119,5180327
Christchurch City,RICCARTON ROAD,, ,I,MANDEVILLE ST,201440893,17/07/2014,Thu,815,JA,PW1C,302B 377B ,,R,W,O ,F ,T,G,R,50,0,0,0,,,1568169,5180332
Christchurch City,RICCARTON ROAD,30,E, ,MATIPO ST,201436962,14/05/2014,Wed,1222,FD,CE1CC,181A 181B ,,R,D,O ,F , , ,N,50,0,0,0,,,1567346,5180239
Christchurch City,RICCARTON ROAD,50,E, ,MATIPO ST,201448116,27/10/2014,Mon,1450,EO,BW1B,386A ,Q,R,D,O ,F , , ,C,50,0,0,0,,,1567366,5180241
Christchurch City,RICCARTON ROAD,50,E, ,MATIPO ST,201438148,16/05/2014,Fri,1205,NB,4W1E,711B 712B ,,R,D,BF,F , ,N,C,50,0,0,0,,,1567366,5180241
Christchurch City,RICCARTON ROAD,50,E, ,MATIPO ST,201442343,22/08/2014,Fri,1830,MA,VE1B,373B ,,R,D,DO,F , ,N,C,50,0,0,0,,,1567366,5180241
Christchurch City,RICCARTON ROAD,50,W, ,MATIPO ST,201446228,08/10/2014,Wed,1740,FD,CW1C,181A 363A 902 ,,R,D,BF,F , ,N,C,50,0,0,0,,,1567266,5180230
Christchurch City,RICCARTON ROAD,15,W, ,MIDDLETON ROAD,201438788,14/04/2014,Mon,1845,FE,CE1CC,331A 352A ,,R,D,DO,F ,X,T,P,50,0,0,0,,,1566039,5180093
Christchurch City,RICCARTON ROAD,50,W, ,MIDDLETON ROAD,201444492,14/09/2014,Sun,1129,FD,CE1CC,181A 331A 181B 331B ,,R,D,B ,F , , ,C,50,0,0,0,,,1566004,5180089
Christchurch City,RICCARTON ROAD,110,W, ,MIDDLETON ROAD,201411148,27/03/2014,Thu,1020,FD,CE14CC,110A 331A 191B ,,R,D,B ,F , , ,P,50,0,0,2,,,1565945,5180083
Christchurch City,RICCARTON ROAD,, ,I,MONA VALE AVENUE,201418134,18/11/2014,Tue,1845,HA,CE1C,308B 375B 922 ,,R,D,B ,F ,D,G,C,50,0,0,1,,,1568397,5180358
Christchurch City,RICCARTON ROAD,80,W, ,NEWNHAM TERRACE,201417171,15/11/2014,Sat,1915,JA,CE1C,308B 927 ,,R,D,TF,F ,D,N,C,50,0,0,1,,,1565793,5180065
Christchurch City,RICCARTON ROAD,100,E, ,PICTON AVENUE,201431966,05/02/2014,Wed,1820,MA,CW1B,373B 671B ,,R,D,ON,F , ,N,C,50,0,0,0,,,1568128,5180328
Christchurch City,RICCARTON ROAD,50,W, ,SHAND CRESCENT W,201415699,04/08/2014,Mon,1100,FA,400000000000000,331A 352A ,,R,D,B ,F , ,N,C,50,0,0,1,,,1566760,5180175
Christchurch City,RICCARTON ROAD,30,W, ,STRAVEN ROAD,201414356,12/06/2014,Thu,1439,NA,CE1E,713B 801 ,,R,W,O ,L , , ,C,50,0,0,1,31,,1567804,5180291
Christchurch City,RICCARTON ROAD,, ,I,STRAVEN ROAD,201436470,03/04/2014,Thu,2040,LB,VE1C,303B ,,R,D,DO,F ,X,T,C,50,0,0,0,,,1567834,5180294
Christchurch City,RICCARTON ROAD,, ,I,WAIMAIRI ROAD,201433296,01/03/2014,Sat,900,KA,CE1L,324A ,,R,D,BF,F ,T,T,N,50,0,0,0,,,1565601,5180044
Christchurch City,RICCARTON ROAD,, ,I,WAIMAIRI ROAD,201440894,19/07/2014,Sat,2125,LB,CE1C,103A 324A 303B 324B ,,R,W,DO,L ,T,T,R,50,0,0,0,,,1565601,5180044
Christchurch City,RICCARTON ROAD,100,W, ,WHARENUI ROAD,201414721,07/07/2014,Mon,11,EA,VE1B,102A 129A 410A 801 ,M,R,W,DO,L , , ,C,50,0,2,0,,,1566462,5180141
Christchurch City,RICHMOND HILL ROAD,400,S, ,NAYLAND ST,201436946,12/05/2014,Mon,330,DB,CS1C,103A 131A ,CM,S,D,DN,F , , ,C,50,0,0,0,,,1580203,5175754
Christchurch City,RIVERLAW TERRACE,, ,I,BECKFORD ROAD,201449026,06/11/2014,Thu,1254,HA,CS1C,301A 375A ,BFK,R,D,OF,F ,X,S,C,50,0,0,0,,,1572395,5177202
Christchurch City,ROBERTS ROAD,, ,I,BRUNNER ST,201413622,23/05/2014,Fri,1750,JA,4N1C,197A 309B 377B 839 ,,R,D,DO,F ,T,N,C,50,0,0,2,,,1560866,5179637
Christchurch City,ROCHE AVENUE,20,W, ,HANSONS LANE,201443792,08/09/2014,Mon,2115,EA,CW1C,103A 129A ,M,R,D,DO,F , , ,C,50,0,0,0,,,1565590,5179540
Christchurch City,ROOKWOOD AVENUE,10,E, ,BOWER AVENUE,201412043,13/04/2014,Sun,550,EA,CW14C4,103A 129A ,M,E,D,DO,F ,R,G,C,50,0,0,1,,,1576646,5184149
Christchurch City,ROOSEVELT AVENUE,, ,I,MALVERN ST,201445546,03/10/2014,Fri,751,HA,TW2C,302B ,,R,W,O ,L ,X,G,C,50,0,0,0,,,1570297,5183100
Christchurch City,ROSSALL ST,, ,I,HIGHGATE AVENUE,201450016,12/12/2014,Fri,755,JA,CN1C,302B ,,R,D,B ,F ,T,G,C,50,0,0,0,,,1568812,5181655
Christchurch City,ROSSALL ST,20,S, ,OFFICE ROAD,201442100,15/08/2014,Fri,2245,EA,CN1VC,129A 359A ,MM,R,D,DO,F , , ,C,50,0,0,0,,,1568753,5181768
Christchurch City,ROTHESAY ROAD,40,W, ,TATAHI ST,201434819,01/04/2014,Tue,930,CB,VE1,414A ,F,R,D,OF,F , ,N,R,50,0,0,0,,,1574312,5186193
Christchurch City,ROUNTREE ST,, ,I,CLONBERN PLACE,201451010,13/12/2014,Sat,430,DB,CE1,111A 131A ,K,E,D,DO,F ,T,N,C,50,0,0,0,,,1565842,5180561
Christchurch City,ROYDVALE AVENUE,15,N, ,HOMERSHAM PLACE,201435714,15/04/2014,Tue,1838,EA,CS1C,129A 130A 358A 800 801 ,M,R,W,DO,L , , ,C,50,0,0,0,,,1564837,5184485
Christchurch City,ROYDVALE AVENUE E,, ,I,MEMORIAL AVENUE,201414203,25/07/2014,Fri,727,LB,CE1C,303B 375B ,,R,D,O ,F ,X,T,C,60,0,0,2,,,1564460,5183594
Christchurch City,RUE JOLIE,, ,I,BRUCE TERRACE,201442849,15/08/2014,Fri,1455,CA,CS1,102A 330A 507A ,,R,W,O ,F ,X,G,N,50,0,0,0,,,1596946,5149084
Christchurch City,RUE JOLIE,160,N, ,RUE BALGUERIE,201451094,26/12/2014,Fri,1530,EA,4N1C,129A 385A ,M,R,D,BN,F , ,N,N,50,0,0,0,,,1597382,5149926
Christchurch City,RUE JOLIE,50,S, ,RUE BRITTAN,201441256,29/06/2014,Sun,355,CB,CN1,101A 112A 130A ,F,R,D,DO,F , , ,N,50,0,0,0,,,1597410,5149978
Christchurch City,RUE LAVAUD,60,N, ,RUE BALGUERIE,201417757,18/12/2014,Thu,1530,EA,CN1C,330A 386A ,M,R,W,O ,F , ,N,N,50,0,0,1,,,1597383,5149812
Christchurch City,RUE LAVAUD,60,S, ,WOODILLS ROAD,201450486,23/11/2014,Sun,1910,JA,CN1C,308B 385B 927 ,,R,D,OF,F ,D,N,C,50,0,0,0,,,1597619,5150261
Christchurch City,RUSSELL ST,20,W, ,CHELSEA ST,201439874,29/06/2014,Sun,928,MO,CW1C,371A 645A 929 ,M,R,D,B ,F ,D, ,N,50,0,0,0,,,1574002,5179977
Christchurch City,RUTLAND ST,200,N, ,WESTMINSTER ST,201451095,13/11/2014,Thu,1835,EA,CS1C,129A 350A ,M,R,D,OF,L , ,N,C,50,0,0,0,,,1570040,5182803
Christchurch City,RUTLAND ST,5,N, ,WESTON ROAD,201435469,07/04/2014,Mon,834,FC,CS1C,330A 427A ,,R,D,OF,F ,X,G,N,50,0,0,0,,,1569753,5183210
Christchurch City,RUTLAND ST,20,W, ,WESTON ROAD,201417578,17/11/2014,Mon,1020,CB,4E14C,129A 358A ,MM,R,D,ON,F , ,N,N,50,0,0,1,,,1569745,5183223
Christchurch City,RYDAL ST,50,N, ,ROLLESBY ST,201443717,01/08/2014,Fri,2151,CA,4N1,103A 130A ,KP,R,D,DO,F , , ,N,50,0,0,0,,,1568437,5176076
Christchurch City,SALISBURY ST,, ,I,DURHAM ST,201443387,07/07/2014,Mon,915,HA,4S2X,350A 372A ,,R,D,O ,F ,X,T,C,50,0,0,0,,,1570390,5180882
Christchurch City,SALISBURY ST,, ,I,DURHAM ST,201450018,07/12/2014,Sun,1805,HA,CS2C,322B ,,R,D,O ,F ,X,T,C,50,0,0,0,,,1570390,5180882
Christchurch City,SALISBURY ST,, ,I,MANCHESTER ST,201445463,01/10/2014,Wed,2112,HA,CS2C,322A ,,R,D,DO,F ,X,T,C,50,0,0,0,,,1570878,5180886
Christchurch City,SANDRINGHAM PLACE,, ,I,DERWENT ST,201432105,22/02/2014,Sat,2035,DC,CN1,112A 514A ,KT,R,D,TO,F ,T,N,N,50,0,0,0,,,1566328,5183637
Christchurch City,SANDYFORD ST,, ,I,COLOMBO ST,201437964,27/05/2014,Tue,900,HA,4S2C,322B 334B ,,R,D,B ,F ,X,T,C,50,0,0,0,,,1570646,5178868
Christchurch City,SANDYFORD ST,, ,I,DURHAM ST,201439871,30/06/2014,Mon,1140,HA,TN2C,301B 351B 382B ,,R,D,B ,F ,X,S,R,50,0,0,0,,,1570399,5178867
Christchurch City,SANTA ROSA AVENUE,25,N, ,GORE ST,201434831,28/03/2014,Fri,1102,DA,CS1,131A 354A ,P,E,D,BF,F , ,N,N,50,0,0,0,,,1564430,5175120
Christchurch City,SAWYERS ARMS ROAD,10,E, ,BLAIRDON PLACE,201415382,09/08/2014,Sat,1557,CB,VS1V,129A 410A ,MT,R,D,B ,F ,T,N,C,50,0,0,5,,,1567333,5185492
Christchurch City,SAWYERS ARMS ROAD,10,S, ,BLAIRDON PLACE,201440706,09/06/2014,Mon,1810,BE,CW1CC,101A 108A 130A ,,R,W,DO,H ,T,N,N,50,0,0,0,,,1567333,5185492