TLANAME,CRASHROAD,CRASHDIST,CRASHDIRN,INTSN,SIDEROAD,CRASHID,CRASHDATE,CRASHDOW,CRASHTIME,MVMT,VEHICLES,CAUSES,OBJECTSSTRUCK,ROADCURVE,ROADWET,LIGHT,WTHRa,JUNCTYPE,TRAFCTRL,ROADMARK,SPDLIM,CRASHFATALCNT,CRASHSEVCNT,CRASHMINCNT,PERSAGE1,PERSAGE2,EASTING,NORTHING
Christchurch City,SAWYERS ARMS ROAD,, ,I,GARDINERS ROAD,201414270,11/08/2014,Mon,1428,HA,4E1CV,322A 331A 350A ,,R,D,B ,F ,X,T,C,50,0,0,1,,,1566426,5186001
Christchurch City,SAWYERS ARMS ROAD,, ,I,GARDINERS ROAD,201436967,02/05/2014,Fri,2110,HA,CW1C,321B ,,R,D,DF,F ,X,S,C,50,0,0,0,,,1566426,5186001
Christchurch City,SAWYERS ARMS ROAD,, ,I,MAIN NORTH ROAD,201448103,20/11/2014,Thu,2017,DB,CN2C,129A 197A 402A ,M,R,D,TO,F ,T,T,C,50,0,0,0,,,1568697,5184564
Christchurch City,SAWYERS ARMS ROAD,, ,I,SH 1S,201413621,19/05/2014,Mon,615,FB,ME1C,181A 331A 387A ,,R,D,DO,F ,R,G,C,60,0,1,0,,,1565238,5186689
Christchurch City,SAWYERS ARMS ROAD,, ,I,SISSON DRIVE,201450968,13/11/2014,Thu,1317,LB,CW1C,303B ,,R,D,BF,F ,T,G,C,50,0,0,0,,,,
Christchurch City,SAWYERS ARMS ROAD,60,W, ,VEITCHES ROAD,201418213,22/11/2014,Sat,25,CC,CW1,103A 112A 130A ,FP,R,D,DO,F , , ,C,50,0,0,1,,,1567150,5185595
Christchurch City,SCARBOROUGH ROAD,130,N, ,SEASPRAY LANE,201442569,14/06/2014,Sat,9,DA,CN1,101A 137A ,C,E,D,DO,F , ,N,C,50,0,0,0,,,1581419,5175320
Christchurch City,SCARBOROUGH ROAD,, ,I,WHITEWASH HEAD ROAD,201442571,23/06/2014,Mon,707,DB,TW1,135A 815 ,,S,D,OF,F ,T,N,L,50,0,0,0,,,1581602,5175736
Christchurch City,SCHOOL ROAD,, ,I,LARSENS ROAD,201438858,11/05/2014,Sun,1010,BB,BN2C,124A 363A 902 ,,R,D,BF,F ,T,N,N,50,0,0,0,,,1565205,5173466
Christchurch City,SEAVIEW ROAD,, ,I,HARDY ST,201415330,05/08/2014,Tue,804,NA,CE1E,370A 711B 732B ,,R,D,B ,F ,T,G,C,50,0,1,0,14,,1577736,5182687
Christchurch City,SELWYN ST,, ,I,DISRAELI ST,201439198,31/05/2014,Sat,1835,FA,CS1V,101A 353A 102B ,,R,D,DO,F ,X,G,C,50,0,0,0,,,1569447,5178909
Christchurch City,SELWYN ST,, ,I,DISRAELI ST,201435680,22/04/2014,Tue,1210,HA,CS1CC,302B 375B 400B 801 ,,R,W,O ,L ,X,G,R,50,0,0,0,,,1569447,5178909
Christchurch City,SELWYN ST,, ,I,DISRAELI ST,201442818,27/08/2014,Wed,900,HA,CS1C,302B 375B ,,R,D,B ,F ,X,G,C,50,0,0,0,,,1569447,5178909
Christchurch City,SELWYN ST,, ,I,FAIRFIELD AVENUE,201443706,26/08/2014,Tue,1445,HA,CW2C,301A ,,R,D,B ,F ,X,S,C,50,0,0,0,,,1569449,5178658
Christchurch City,SELWYN ST,20,N, ,MOORHOUSE AVENUE,201441784,12/08/2014,Tue,1015,FD,CS14,181A ,,R,D,O ,F , , ,C,50,0,0,0,,,1569445,5179177
Christchurch City,SELWYN ST,, ,I,MOORHOUSE AVENUE,201416243,27/08/2014,Wed,1715,LB,CE24,303B ,,R,D,B ,F ,X,T,R,50,0,0,1,,,1569445,5179157
Christchurch City,SELWYN ST,5,S, ,ROSEWARNE ST,201416438,07/10/2014,Tue,1732,MC,MS1C,372B ,,R,D,O ,F ,T,N,C,50,0,1,1,,,1569451,5178202
Christchurch City,SELWYN ST,50,N, ,SH 76,201411556,02/02/2014,Sun,1809,EE,PN1C,374B 375B ,Q,R,D,BF,F , ,N,C,50,0,0,1,,,1569451,5178378
Christchurch City,SEVERN ST,, ,I,MALVERN ST,201445456,21/09/2014,Sun,600,HA,CE2V,321A ,,R,D,TO,F ,X,S,N,50,0,0,0,,,1570583,5183293
Christchurch City,SH 1S,140,S, ,CHANEYS ON RAMP,201450978,21/11/2014,Fri,1509,QG,CN1,131A ,,E,D,BF,FS, ,N,C,100,0,0,0,,,,
Christchurch City,SH 73,, ,I,CURLETTS ON EBD,201412003,06/04/2014,Sun,149,DA,CE1,103A 110A ,I,M,W,DO,F ,R,G,R,100,0,0,2,,,1565913,5178244
Christchurch City,SH 73A,, ,I,MAIN SOUTH ROAD,201433476,14/03/2014,Fri,1524,AA,CE1C,372A 381A ,,R,D,BF,F ,R,G,R,60,0,0,0,,,1564008,5179183
Christchurch City,SH 76,, ,I,OPAWA ROAD,201450313,29/11/2014,Sat,2057,HA,TS1C,322B 351B ,,R,D,DO,F ,X,T,C,60,0,0,0,,,,
Christchurch City,SH 76,, ,I,SPRINGS ROAD,201416387,05/08/2014,Tue,2115,DA,CS1,101A 111A 131A ,TV,M,D,DO,F ,R,G,C,70,0,0,1,,,1561951,5176699
Christchurch City,SHAKESPEARE ROAD,, ,I,THACKERAY ST,201432212,25/01/2014,Sat,1150,GB,4E1T,387A 175B ,,R,D,B ,F ,T,S,C,50,0,0,0,,,1571739,5178497
Christchurch City,SHANDS ROAD,100,N, ,AMYES ROAD,201436082,29/05/2014,Thu,1305,AC,TN1C,372A 671A ,,R,D,BF,F , ,N,R,50,0,0,0,,,1561646,5178644
Christchurch City,SHANDS ROAD,, ,I,AMYES ROAD,201414355,11/06/2014,Wed,1857,ND,BN2E,307A 376A ,,R,W,DO,F ,X,T,R,50,0,0,1,53,,1561612,5178550
Christchurch City,SHANDS ROAD,100,S, ,EDMONTON ROAD,201418884,24/11/2014,Mon,35,FE,CN1C,103A 322A 817 ,,R,D,DO,F , ,T,C,50,0,0,1,,,,
Christchurch City,SHANDS ROAD,, ,I,GOULDING AVENUE,201411185,24/03/2014,Mon,630,HA,CS1S,322B 426B ,,E,D,DO,F ,X,T,R,50,0,1,0,,17,1561612,5178550
Christchurch City,SHANDS ROAD,50,S, ,KYDD LANE,201417841,19/11/2014,Wed,1549,KA,MS1T,308B 375B 671B 927 ,,R,D,B ,F ,D, ,C,50,0,0,1,,,1561409,5178354
Christchurch City,SHANDS ROAD,100,N, ,SH 76,201449219,28/11/2014,Fri,1725,GB,MS1T,158A 922 ,,R,W,O ,L ,D,N,C,70,0,0,0,,,1561016,5177948
Christchurch City,SHERBORNE ST,, ,I,BEALEY AVENUE,201443782,12/09/2014,Fri,2327,FE,CE2C,103A 387A ,,R,D,DO,F ,T,T,R,50,0,0,0,,,1570752,5181284
Christchurch City,SHERBORNE ST,90,N, ,CANON ST,201414211,31/07/2014,Thu,2115,AA,VN1C,372A 381A 404A ,,R,D,DO,F , ,N,C,50,0,0,1,,,1570748,5181942
Christchurch City,SHERBORNE ST,, ,I,EDGEWARE ROAD,201416399,26/10/2014,Sun,1955,NF,CW1E,306A 376A ,,R,D,O ,F ,X,T,C,50,0,0,1,38,,1570747,5182104
Christchurch City,SHERBORNE ST,, ,I,PURCHAS ST,201445980,04/10/2014,Sat,2312,HA,CN1C,301B ,,R,D,DO,F ,X,S,C,50,0,0,0,,,1570750,5181531
Christchurch City,SHORTLAND ST,, ,I,ROWSES ROAD,201411853,19/01/2014,Sun,1950,BF,CE2V,101A 111A 131A 433A ,,R,D,OF,F ,T,N,N,50,0,0,2,,,1575883,5181159
Christchurch City,SIMEON ST,50,N, ,ANDREWS CRESCENT,201414032,04/07/2014,Fri,755,EA,CN1C,195A 350A 645A ,M,R,D,O ,F , ,N,C,50,0,0,1,,,1569028,5178191
Christchurch City,SIMEON ST,25,S, ,SH 76,201448102,20/11/2014,Thu,733,MD,CS14,308B 929 ,,R,D,B ,F ,D,N,N,50,0,0,0,,,1569027,5178290
Christchurch City,SIOUX AVENUE,, ,I,HURRICANE WAY,201434035,05/04/2014,Sat,1827,AO,CS1C,103A 193A ,,R,W,DO,F ,T,N,C,50,0,0,0,,,1562948,5177912
Christchurch City,SIR WILLIAM PICKERING DRI,300,W, ,ROYDVALE AVENUE,201439454,05/06/2014,Thu,708,DA,CN14,129A 190A ,KM,E,D,B ,F , ,N,N,50,0,0,0,,,1564295,5183832
Christchurch City,SISKA PLACE,80,W, ,CLONBERN PLACE,201417581,06/11/2014,Thu,1918,LB,SE1C,303B 363B 375B 902 929 ,,R,D,BF,F ,D,N,N,50,0,0,1,,20,1565751,5180652
Christchurch City,SMARTS ROAD,, ,I,WATERLOO ROAD,201435440,06/05/2014,Tue,1517,GF,TN1C,179A 381A 158B 387B ,,R,D,BF,F ,T,N,N,50,0,0,0,,,1561687,5179265
Christchurch City,SMITH ST,, ,I,CYCLEWAY,201417719,03/11/2014,Mon,1740,HA,CN1S,351A ,,R,D,B ,F ,X,G,C,20,0,0,1,,48,1573813,5179355
Christchurch City,SOLEARES AVENUE,, ,I,MCCORMACKS BAY ROAD,201416386,22/09/2014,Mon,1320,DC,TN1,112A 610A ,F,R,W,O ,L ,T,N,C,50,0,0,1,,,1577593,5177237
Christchurch City,SOLWAY AVENUE,, ,I,MCLELLAN PLACE,201447778,04/11/2014,Tue,1831,EA,CS1CC,130A 355A 423A ,M,R,D,O ,L ,T,N,N,50,0,0,0,,,1565107,5181560
Christchurch City,SOMERFIELD ST,, ,I,BARRINGTON ST,201442795,06/08/2014,Wed,1025,JA,TS1C,302B 387B ,,R,D,BF,F ,T,G,R,50,0,0,0,,,1569788,5176538
Christchurch City,SOMERFIELD ST,, ,I,COLOMBO ST,201436809,28/04/2014,Mon,1527,BC,CE1C,504A 801 ,,E,W,O ,L ,T,T,L,50,0,0,0,,,1570670,5177245
Christchurch City,SOMERFIELD ST,20,W, ,STRICKLAND ST,201414111,22/05/2014,Thu,1940,EA,SW1C,374B ,Q,R,D,DO,F , ,N,C,50,0,0,1,,22,1570626,5177239
Christchurch City,SOMERSET CRESCENT,100,N, ,ROSEWARNE ST,201445554,23/09/2014,Tue,1520,EA,CN1C,103A 129A ,M,R,D,B ,F , , ,N,50,0,0,0,,,1569263,5178180
Christchurch City,SOUTHAMPTON ST,200,E, ,COLOMBO ST,201450134,20/12/2014,Sat,1707,LB,CN1C,303B 330B 382B 929 ,,R,D,O ,F ,D, ,N,50,0,0,0,,,1570841,5177741
Christchurch City,SOUTHAMPTON ST,, ,I,MONTROSE ST,201439067,12/06/2014,Thu,2149,BA,CE1CC,103A 129A ,M,R,W,DO,L ,T,N,N,50,0,0,0,,,1570979,5177614
Christchurch City,SPARKS ROAD,300,E, ,HENDERSONS ROAD,201450135,06/12/2014,Sat,2306,EA,CE1C,103A 129A 130A ,M,R,D,DO,F , , ,C,70,0,0,0,,,1567198,5175928
Christchurch City,SPARKS ROAD,240,W, ,HENDERSONS ROAD,201445888,09/10/2014,Thu,2246,CB,CE1,103A 129A 130A ,V,R,D,DO,F , , ,C,50,0,0,0,,,1566793,5175564
Christchurch City,SPARKS ROAD,, ,I,LYTTELTON ST,201446088,14/09/2014,Sun,1830,MC,CS1S,191A 372B 534B 602B ,,E,D,TO,F ,R,G,R,50,0,0,0,,,1568852,5176605
Christchurch City,SPARKS ROAD,, ,I,MARYHILL AVENUE,201412240,02/05/2014,Fri,904,GE,MW1C,112A 160A ,,R,D,B ,F ,T,G,C,50,0,0,1,,,1568006,5176255
Christchurch City,SPARKS ROAD,20,W, ,PABLO PLACE,201415807,24/08/2014,Sun,1150,GD,CW1C,331A 929 ,,R,D,O ,F ,D,N,C,50,0,0,1,,,1568533,5176456
Christchurch City,SPENCERVILLE ROAD,200,E, ,FARRELLS ROAD,201434050,06/04/2014,Sun,1915,CC,CE1,129A 330A 402A ,,R,D,DN,F , ,N,C,100,0,0,0,,,1572372,5191051
Christchurch City,SPENCERVILLE ROAD,310,E, ,FARRELLS ROAD,201412616,05/04/2014,Sat,1730,DA,CW1,111A 131A ,T,E,W,ON,L , ,N,N,80,0,0,1,,,1572481,5191033
Christchurch City,SPENCERVILLE ROAD,300,W, ,TURNERS ROAD,201436945,04/05/2014,Sun,1645,MC,CE1C,372B ,,R,W,O ,F , , ,C,80,0,0,0,,,1573403,5191085
Christchurch City,SPRINGBANK ST,110,E, ,SEVENOAKS DRIVE,201440435,11/07/2014,Fri,2205,DA,CS1V,103A 131A ,M,E,W,DO,F , ,N,C,50,0,0,0,,,1566264,5183371
Christchurch City,SPRINGFIELD ROAD,100,S, ,EDGEWARE ROAD,201439733,06/06/2014,Fri,1907,EA,CS1C,129A ,M,R,W,DO,F , , ,C,50,0,0,0,,,1570299,5182004
Christchurch City,SPRINGFIELD ROAD,, ,I,EDGEWARE ROAD,201442340,22/08/2014,Fri,835,HA,VN1C,301B 375B ,,R,D,B ,F ,X,S,C,50,0,0,0,,,1570297,5182104
Christchurch City,SPRINGFIELD ROAD,, ,I,EDGEWARE ROAD,201418469,04/11/2014,Tue,1023,JA,CS1C,301B 375B 801 ,,R,W,O ,L ,X,S,C,50,0,0,1,,,1570297,5182104
Christchurch City,SPRINGFIELD ROAD,, ,I,EDGEWARE ROAD,201411542,03/03/2014,Mon,1737,HA,CW2C,301A 375A ,,R,W,OF,L ,X,S,C,50,0,1,1,,,1570297,5182104
Christchurch City,SPRINGS ROAD,, ,I,AMYES ROAD,201415810,12/09/2014,Fri,1725,JA,CN1C,302B ,,R,D,O ,F ,T,G,C,50,0,0,1,,,1562346,5177746
Christchurch City,SPRINGS ROAD,, ,I,AMYES ROAD,201413362,08/06/2014,Sun,1240,DA,MS1,131A 191A 402A 901 ,,R,W,O ,H ,T,G,C,50,0,0,1,,,1562346,5177746
Christchurch City,SPRINGS ROAD,10,N, ,BOSTON AVENUE,201434473,06/04/2014,Sun,340,CB,CN1C,103A 130A ,M,R,D,DO,F ,T,G,C,50,0,0,0,,,1562126,5177345
Christchurch City,SPRINGS ROAD,140,S, ,BUSCH LANE,201412459,17/04/2014,Thu,1630,FD,CN1C,331A 901 903 ,,R,W,O ,HS, , ,C,80,0,0,1,,,1561520,5175997
Christchurch City,SPRINGS ROAD,, ,I,CORSAIR DRIVE,201413478,21/06/2014,Sat,1007,JA,4S1C,322A ,,R,D,B ,F ,T,T,C,50,0,0,1,,,1563077,5178445
Christchurch City,SPRINGS ROAD,, ,I,GARVINS ROAD,201415758,19/08/2014,Tue,1425,CC,SS1C,197A ,,R,D,BN,F ,T,N,C,100,0,0,1,,60,1563048,5178403
Christchurch City,SPRINGS ROAD,, ,I,GIBSON DRIVE,201418393,08/12/2014,Mon,1322,GD,VN1V,331A 350A ,,R,D,OF,F ,T,N,C,50,0,0,1,,,1562291,5177640
Christchurch City,SPRINGS ROAD,100,N, ,MARSHS ROAD,201410935,14/02/2014,Fri,827,FD,TN1C,181A ,,R,W,OF,L , ,N,C,80,0,0,2,,,1561444,5175864
Christchurch City,SPRINGS ROAD,, ,I,MARSHS ROAD,201416395,21/10/2014,Tue,1640,HA,VW1C4,301B 375B ,,R,D,B ,F ,X,S,C,80,0,1,0,,,1561395,5175778
Christchurch City,SPRINGS ROAD,, ,I,MARSHS ROAD,201412246,02/05/2014,Fri,2035,LB,CN1C,303B 375B ,,R,D,DO,F ,X,S,C,80,0,0,2,,,1561395,5175778
Christchurch City,SPRINGS ROAD,, ,I,MARSHS ROAD,201436951,13/05/2014,Tue,744,HA,CS1V,301B 314B ,,R,D,O ,F ,X,S,C,80,0,0,0,,,1561395,5175778
Christchurch City,SPRINGS ROAD,, ,I,PROPERTY ACCESS,201446165,29/09/2014,Mon,1820,CB,CN1,130A 504A ,FT,R,D,B ,F ,T,G,C,70,0,0,0,,,1562037,5177096
Christchurch City,SPRINGS ROAD,5,S, ,SH 76,201418113,02/12/2014,Tue,1905,FB,SN1C,181A 331A 387A ,,R,D,B ,F ,R,G,R,70,0,1,0,,56,1561918,5176689
Christchurch City,SPRINGS ROAD,90,N, ,WILMERS ROAD,201439899,04/07/2014,Fri,721,GD,CS1V,333A 353A 927 ,,R,D,O ,F ,D, ,C,70,0,0,0,,,1562023,5177047
Christchurch City,ST ALBANS ST,, ,I,RUTLAND ST,201437966,30/05/2014,Fri,434,DB,CE1,101A 358A ,T,R,W,DO,L ,R,G,C,50,0,0,0,,,1570180,5182599
Christchurch City,ST ALBANS ST,, ,I,SOMME ST,201410247,30/01/2014,Thu,2026,JA,VE1T,309B 375B ,,R,D,TF,F ,T,N,C,50,0,0,2,,,1570032,5182500
Christchurch City,ST ASAPH ST,, ,I,ANTIGUA ST,201417921,16/11/2014,Sun,948,HA,CW1C,322B 334B ,,R,D,B ,F ,X,T,C,50,0,0,1,,,1569912,5179547
Christchurch City,ST ASAPH ST,, ,I,ANTIGUA ST,201445892,09/10/2014,Thu,1250,HA,VN2C,322A 334A ,,R,D,B ,F ,X,T,R,50,0,0,0,,,1569912,5179547
Christchurch City,ST ASAPH ST,, ,I,BARBADOES ST,201435678,19/04/2014,Sat,1540,HA,CW14,112A 322A 334A 404A 817 ,,R,D,B ,F ,X,T,C,50,0,0,0,,,1571373,5179557
Christchurch City,ST ASAPH ST,, ,I,COLOMBO ST,201414361,04/06/2014,Wed,1017,HA,CN24C,130B 322B 501B ,,R,D,B ,F ,X,T,C,50,0,1,2,,,1570642,5179552
Christchurch City,ST ASAPH ST,, ,I,DURHAM ST,201415991,10/09/2014,Wed,2159,HA,4W14,322A 355A 402A 817 ,K,R,D,DO,F ,X,T,C,50,0,0,1,,,1570399,5179550
Christchurch City,ST ASAPH ST,100,W, ,MANCHESTER ST,201414013,06/07/2014,Sun,200,NA,XW1E,711B ,,R,D,DO,F , ,N,C,50,0,0,1,,,1570786,5179553
Christchurch City,ST ASAPH ST,, ,I,MANCHESTER ST,201437969,07/06/2014,Sat,915,HA,CN2C,322A 334A ,,R,W,O ,F ,X,T,C,50,0,0,0,,,1570886,5179554
Christchurch City,ST ASAPH ST,, ,I,MANCHESTER ST,201411541,01/03/2014,Sat,1934,HA,CW1C,322B ,,R,D,TF,F ,X,T,C,50,0,0,1,,,1570886,5179554
Christchurch City,ST ASAPH ST,, ,I,MANCHESTER ST,201443164,06/08/2014,Wed,600,HA,CW1C,322A 334A ,,R,W,DO,L ,X,T,C,50,0,0,0,,,1570886,5179554
Christchurch City,ST ASAPH ST,, ,I,MANCHESTER ST,201414915,06/06/2014,Fri,1728,HA,CN2C,322B ,,R,D,DO,F ,X,T,C,50,0,0,1,,,1570886,5179554
Christchurch City,ST ASAPH ST,, ,I,MONTREAL ST,201418443,11/12/2014,Thu,1350,HA,XN2C,322A 358A ,,R,D,B ,F ,X,T,C,50,0,0,1,,,1570155,5179549
Christchurch City,ST JAMES AVENUE,120,N, ,DALRIADA ST,201435439,01/05/2014,Thu,1328,DB,CS1,134A 351A ,T,M,D,BF,F , ,N,C,50,0,0,0,,,1567911,5183742
Christchurch City,ST JOHNS ST,, ,I,LINWOOD AVENUE,201413358,25/05/2014,Sun,1608,HA,CE2CM,301B 363B 375B 902 ,,R,D,O ,F ,X,S,P,60,0,0,1,,,1574998,5178745
Christchurch City,ST JOHNS ST,, ,I,LINWOOD AVENUE,201440001,30/06/2014,Mon,740,HA,CE1CC,301B 375B ,Q,R,D,BF,F ,X,S,C,50,0,0,0,,,1574998,5178745
Christchurch City,ST MARTINS ROAD,40,S, ,BURNBRAE ST,201442812,24/08/2014,Sun,509,DA,CS1C,101A 111A 929 ,MT,M,W,DO,F ,D,N,C,50,0,0,0,,,1571639,5177062
Christchurch City,ST MARTINS ROAD,50,S, ,BURNBRAE ST,201411558,13/02/2014,Thu,2347,DB,CS1,103A 111A 131A 632A ,T,M,D,DO,F , ,N,C,50,0,0,2,,,1571649,5177058
Christchurch City,ST MARTINS ROAD,, ,I,BUXTON TERRACE,201436796,30/05/2014,Fri,1250,GD,CS1T,112A 181A ,,R,D,B ,F ,T,N,C,50,0,0,0,,,1571770,5176872
Christchurch City,ST MARTINS ROAD,, ,I,WILSONS ROAD,201449761,29/12/2014,Mon,1959,HA,CW1C,302A 375A ,,R,D,O ,F ,R,G,R,50,0,0,0,,,1571878,5177444
Christchurch City,ST MARTINS ROAD,, ,I,WILSONS ROAD,201434039,08/04/2014,Tue,1030,HA,CN24,302A 375A ,,R,W,O ,L ,R,G,R,50,0,0,0,,,1571891,5177441
Christchurch City,STANMORE ROAD,60,N, ,ALEXANDRA ST,201416236,04/10/2014,Sat,1212,MC,CN1C,372B ,,R,D,B ,F , , ,C,50,0,0,1,,,1572232,5181183
Christchurch City,STANMORE ROAD,, ,I,CASHEL ST,201411296,12/03/2014,Wed,741,HA,BW1S,302A ,,E,D,O ,F ,R,G,N,50,0,0,1,,50,1572293,5179943
Christchurch City,STANMORE ROAD,15,S, ,GLOUCESTER ST,201448821,28/11/2014,Fri,1745,MB,CS1CC,370B 801 ,M,R,W,O ,L , , ,C,50,0,0,0,,,1572289,5180275
Christchurch City,STANMORE ROAD,, ,I,HEREFORD ST,201412812,08/05/2014,Thu,801,HA,CN1S,302A 370A 640A ,,R,D,O ,F ,R,G,C,50,0,0,1,,49,1572290,5180041
Christchurch City,STANMORE ROAD,, ,I,HEREFORD ST,201442819,27/08/2014,Wed,1450,NF,TS1E,105B 711B ,,R,D,B ,F ,R,G,C,50,0,0,0,,,1572290,5180041
Christchurch City,STANMORE ROAD,50,S, ,LONDON ST,201430506,10/01/2014,Fri,1037,MC,CN1V,372B ,,R,D,B ,F , , ,N,50,0,0,0,,,1572229,5181339
Christchurch City,STANMORE ROAD,80,S, ,LYCHGATE CLOSE,201411866,14/04/2014,Mon,820,NA,CS1E,711B 817 ,,R,D,OF,F , ,N,C,50,0,0,1,39,,1572288,5180642
Christchurch City,STANMORE ROAD,30,S, ,NORTH AVON ROAD,201439691,17/07/2014,Thu,1844,CA,CN1,501A 929 ,P,R,W,DO,L ,D,N,C,50,0,0,0,,,1572225,5181618
Christchurch City,STANMORE ROAD,, ,I,VOGEL ST,201442855,02/09/2014,Tue,815,HA,CW2C,302A 375A ,,R,D,B ,F ,X,G,X,50,0,0,0,,,1572232,5181123
Christchurch City,STANMORE ROAD,60,S, ,WARWICK ST,201418446,11/12/2014,Thu,950,MA,CN1C,373B ,,R,D,O ,F , , ,C,50,0,0,1,,,1572231,5181223
Christchurch City,STANMORE ROAD,, ,I,WARWICK ST,201431193,03/03/2014,Mon,2143,AC,CN1C,372A 381A ,,R,W,DO,F ,T,G,N,50,0,0,0,,,1572231,5181283
Christchurch City,STANMORE ROAD,, ,I,WORCESTER ST,201416427,29/07/2014,Tue,1222,NF,CW2E,307A 353A ,,R,D,O ,F ,X,T,C,50,0,0,1,88,,1572290,5180169
Christchurch City,STANMORE ROAD,, ,I,WORCESTER ST,201417801,20/11/2014,Thu,705,PO,CS1E,434A 512A ,,R,D,O ,F ,X,T,C,50,0,0,1,45,,1572290,5180169
Christchurch City,STANMORE ROAD,, ,I,WORCESTER ST,201447122,25/10/2014,Sat,1559,CB,CS1,102A 410A ,S,R,D,B ,F ,X,T,C,50,0,0,0,,,1572290,5180169
Christchurch City,STANMORE ROAD,, ,I,WORCESTER ST,201414357,23/06/2014,Mon,1533,HA,CW2C,322B 334B ,,R,D,B ,F ,X,T,C,50,0,0,1,,,1572290,5180169
Christchurch City,STEADMAN ROAD,20,E, ,CARMEN ROAD,201432525,12/01/2014,Sun,205,CC,CW1,190A 371A ,FH,R,D,DN,F , ,N,C,50,0,0,0,,,1562396,5180618
Christchurch City,STOKE ST,, ,I,WIGGINS ST,201418827,20/12/2014,Sat,1331,HA,CN1CO,302A 375A ,M,R,D,OF,F ,X,G,C,50,0,0,1,,,1580611,5175700
Christchurch City,STONY BAY ROAD,610,S, ,PURPLE PEAK ROAD,201433749,14/03/2014,Fri,2355,DA,4S1,101A 131A 692A ,F,E,D,DN,F , , ,N,100,0,0,0,,,1598682,5148839
Christchurch City,STONY BAY ROAD,2730,S, ,PURPLE PEAK ROAD,201450921,18/12/2014,Thu,30,DB,CN1,111A 131A 407A ,T,M,D,DN,F , , ,N,100,0,0,0,,,1599198,5147671
Christchurch City,STOUR DRIVE,30,N, ,VIVIAN ST,201447134,26/10/2014,Sun,330,DB,CN1,101A 131A 433A ,K,E,D,DO,F , , ,C,50,0,0,0,,,1575205,5183732
Christchurch City,STRATFORD ST,25,S, ,IDRIS ROAD,201447776,03/11/2014,Mon,2206,EA,4N1C,129A 197A 386A ,M,R,D,DO,F , , ,N,50,0,0,0,,,1567894,5181759
Christchurch City,STRAVEN ROAD,, ,I,KAHU ROAD,201412140,01/05/2014,Thu,2149,HA,CE2C,102A 322B 330B ,,R,D,DO,F ,X,T,C,50,0,0,1,,,1567850,5180556
Christchurch City,STRAVEN ROAD,20,N, ,KILMARNOCK ST,201412196,18/02/2014,Tue,1235,EE,SN14S,374B ,M,R,D,B ,F , , ,C,50,0,1,1,,68,1567851,5180576
Christchurch City,STRAVEN ROAD,300,N, ,KILMARNOCK ST,201440986,24/07/2014,Thu,1913,FD,CN1C4,331A 352A ,,R,D,DO,F , ,N,P,50,0,0,0,,,1567863,5180856
Christchurch City,STRAVEN ROAD,, ,I,KILMARNOCK ST,201418671,22/10/2014,Wed,2205,KB,CN1P,322A 358A ,,R,D,DO,F ,X,T,C,50,0,0,1,,,1567850,5180556
Christchurch City,STRAVEN ROAD,, ,I,KILMARNOCK ST,201440434,12/07/2014,Sat,2238,HA,CN1C,322B 334B ,,R,D,DO,F ,X,T,C,50,0,0,0,,,1567850,5180556
Christchurch City,STRAVEN ROAD,20,N, ,RICCARTON ROAD,201444480,17/09/2014,Wed,730,FD,CS1CCV,331A 352A 402A ,,R,D,B ,F , , ,C,50,0,0,0,,,1567839,5180313
Christchurch City,STRAVEN ROAD,50,N, ,RICCARTON ROAD,201447774,05/11/2014,Wed,1545,LB,CS1C,191A 303B 314B 402B 929 ,,R,W,O ,L ,D,N,C,50,0,0,0,,,1567841,5180343
Christchurch City,STRAVEN ROAD,, ,I,RICCARTON ROAD,201411214,27/01/2014,Mon,822,CA,MS1,135A 806 850 ,,R,W,O ,L ,X,T,C,50,0,1,0,,,1567834,5180294
Christchurch City,STRAVEN ROAD,50,S, ,ROCHDALE ST,201436811,27/04/2014,Sun,730,CB,4N1,410A ,FKP,R,D,B ,F , , ,P,50,0,0,0,,,1567823,5180973
Christchurch City,STRAVEN ROAD,, ,I,TE KURA ST,201439998,03/07/2014,Thu,1700,CB,VS1C,197A ,M,R,D,DO,F ,T,S,C,50,0,0,0,,,1567858,5180871
Christchurch City,STRICKLAND ST,, ,I,BLETSOE AVENUE,201436953,11/05/2014,Sun,140,DA,CN1,103A 111A 131A ,S,E,D,DO,F ,X,S,C,50,0,0,0,,,1569942,5178141
Christchurch City,STRICKLAND ST,50,S, ,DOMINION AVENUE,201418286,17/10/2014,Fri,1600,EE,SS1C,374B ,M,R,D,B ,F , , ,L,50,0,1,0,,55,1570137,5177861
Christchurch City,STRICKLAND ST,, ,I,MANHIRE ST,201415522,27/08/2014,Wed,710,KA,SN1C,301B 375B ,,R,D,B ,FF,X,S,C,50,0,0,1,,25,1570011,5178013
Christchurch City,STRICKLAND ST,, ,I,MILTON ST,201434271,13/02/2014,Thu,1800,DB,CS2C,103A 122A 130A 402A ,,M,D,O ,F ,X,T,P,50,0,0,0,,,1570174,5177818