TLANAME,CRASHROAD,CRASHDIST,CRASHDIRN,INTSN,SIDEROAD,CRASHID,CRASHDATE,CRASHDOW,CRASHTIME,MVMT,VEHICLES,CAUSES,OBJECTSSTRUCK,ROADCURVE,ROADWET,LIGHT,WTHRa,JUNCTYPE,TRAFCTRL,ROADMARK,SPDLIM,CRASHFATALCNT,CRASHSEVCNT,CRASHMINCNT,PERSAGE1,PERSAGE2,EASTING,NORTHING
Christchurch City,STRICKLAND ST,60,N, ,SOMERFIELD ST,201431073,20/02/2014,Thu,1705,MO,VN1C,330A 386A 923 ,Q,R,D,B ,F ,D,N,C,50,0,0,0,,,1570606,5177291
Christchurch City,STRICKLAND ST,, ,I,SOMERFIELD ST,201441449,16/07/2014,Wed,1050,LB,CN1C,303B 375B ,,M,D,B ,F ,T,S,L,50,0,0,0,,,1570644,5177244
Christchurch City,STROWAN ROAD,, ,I,NORMANS ROAD,201414372,02/07/2014,Wed,612,JA,SE1C,302B 375B 801 ,,M,W,DO,L ,T,G,R,50,0,1,0,,33,1568194,5182484
Christchurch City,STROWAN ROAD,, ,I,NORMANS ROAD,201412463,25/04/2014,Fri,1727,KA,SS1C,302B 363B 375B 902 ,,E,D,B ,F ,T,G,P,50,0,0,1,,25,1568194,5182484
Christchurch City,STYX MILL ROAD,, ,I,CAVENDISH ROAD,201413470,17/06/2014,Tue,1630,JA,CE1C,302B ,,R,D,O ,F ,T,G,C,80,0,0,3,,,1568244,5187172
Christchurch City,STYX MILL ROAD,, ,I,CAVENDISH ROAD,201413578,22/07/2014,Tue,744,JA,CW1C,302B ,,R,D,O ,F ,T,G,C,80,0,0,1,,,1568244,5187172
Christchurch City,STYX MILL ROAD,, ,I,CAVENDISH ROAD,201438270,12/06/2014,Thu,1558,KA,TW1C,302B 375B ,,R,W,OF,L ,T,G,C,80,0,0,0,,,1568244,5187172
Christchurch City,SUMMIT ROAD,1620,N, ,CAMERONS TRACK,201430118,28/01/2014,Tue,1622,BF,CS1C,129A 130A 404A ,,M,D,BN,F , ,N,C,100,0,0,0,,,1598109,5157421
Christchurch City,SUMMIT ROAD,100,N, ,DYERS PASS ROAD,201418824,24/12/2014,Wed,2330,BF,CS1V,103A 111A 131A ,,E,D,DN,F , ,N,C,80,0,0,2,,,1571376,5171899
Christchurch City,SUMMIT ROAD,420,N, ,DYERS PASS ROAD,201442223,10/08/2014,Sun,2300,DA,CS1,101A 111A 131A ,FT,S,D,DN,F , , ,C,100,0,0,0,,,1571429,5172194
Christchurch City,SUMMIT ROAD,300,S, ,DYERS PASS ROAD,201416881,02/11/2014,Sun,1226,DB,CN1,505A 506A ,F,E,D,B ,F , ,N,C,70,0,0,1,,,1571254,5171581
Christchurch City,SUMMIT ROAD,100,W, ,DYERS PASS ROAD,201438049,09/06/2014,Mon,2050,DA,CE1,131A 191A 402A 801 901 ,E,M,W,DN,H , , ,C,70,0,0,0,,,1571292,5171773
Christchurch City,SUMMIT ROAD,110,W, ,GEBBIES PASS ROAD,201434029,09/03/2014,Sun,1435,DB,CE1,111A 131A ,ET,S,D,O ,F , ,N,C,100,0,0,0,,,1570822,5162442
Christchurch City,SUMMIT ROAD,410,W, ,HUNTSBURY AVENUE,201442562,14/06/2014,Sat,230,DB,CW1,102A 111A 131A ,F,M,W,DN,F , ,N,C,70,0,0,0,,,1572669,5172951
Christchurch City,SUMMIT ROAD,1250,E, ,PIGEON BAY ROAD E,201442568,29/05/2014,Thu,2028,DA,VE1,102A 111A 131A ,F,M,W,DN,F , ,N,C,100,0,0,0,,,1594712,5158763
Christchurch City,SUVA ST,, ,I,HANSONS LANE,201439693,17/07/2014,Thu,1724,HA,CS2C,301B ,,R,W,DO,L ,X,S,P,50,0,0,0,,,1565599,5179633
Christchurch City,SUVA ST,50,W, ,MIDDLETON ROAD,201447789,24/10/2014,Fri,1840,MC,CW1C,191A 372B 386B ,,R,D,TF,F , , ,C,50,0,0,0,,,1566052,5179685
Christchurch City,SUVA ST,10,E, ,RENFREW ST,201431092,09/02/2014,Sun,615,CC,CW1C,125A 195A ,MT,R,D,TO,F ,T,N,C,50,0,0,0,,,1565870,5179664
Christchurch City,TAHUNA ST,15,W, ,SHORTLAND ST,201439085,15/05/2014,Thu,2053,MO,BE1C,357A 371A 929 ,M,R,D,DF,F ,D,N,N,50,0,0,0,,,1575158,5181975
Christchurch City,TAKARO AVENUE,150,S, ,MIDDLEPARK ROAD,201446747,17/10/2014,Fri,1442,DA,CS1,111A 131A ,F,E,D,B ,F , ,N,N,50,0,0,0,,,1564112,5179632
Christchurch City,TANCRED ST,20,N, ,CASHEL ST,201415812,27/08/2014,Wed,20,PF,CS1E,129A ,,R,D,DO,F , , ,N,50,0,0,1,21,,1572883,5179955
Christchurch City,TAUIWI CRESCENT S,100,W, ,MANURERE ST,201439074,06/06/2014,Fri,1210,MO,CS1C,512A 514A ,M,R,D,OF,F , ,N,C,50,0,0,0,,,1561325,5179873
Christchurch City,TEDDER AVENUE,50,E, ,RAE LANE,201443718,27/08/2014,Wed,415,CB,VW14,129A 130A ,FF,R,D,DO,F , , ,N,50,0,0,0,,,1577100,5184438
Christchurch City,TENNYSON ST,, ,I,LONGFELLOW ST,201418831,11/11/2014,Tue,1938,GE,CW1CC,160A 514A ,MT,R,D,BF,F ,T,S,R,50,0,0,2,,,1570972,5177159
Christchurch City,TENNYSON ST,, ,I,PERCIVAL ST,201439740,25/06/2014,Wed,1741,JA,CE1C,314B 377B 801 ,,R,W,DO,L ,T,G,P,50,0,0,0,,,1570873,5177158
Christchurch City,TENNYSON ST,, ,I,SOUTHAMPTON ST,201451012,04/12/2014,Thu,2245,CC,CW1,102A 524A ,IS,R,W,DO,H ,T,N,R,50,0,0,0,,,1571329,5177163
Christchurch City,TILFORD ST,, ,I,FERRY ROAD,201445460,05/10/2014,Sun,145,CB,400,101A 112A 130A ,ST,R,D,DO,F ,T,G,C,50,0,0,0,,,1573779,5178487
Christchurch City,TITIRANGI CRESCENT,220,N, ,PUTAKE DRIVE E,201443163,03/08/2014,Sun,145,EA,VS1T,129A 357A ,M,M,D,DO,F , , ,N,50,0,0,0,,,1574897,5186352
Christchurch City,TITIRANGI CRESCENT,30,E, ,PUTAKE DRIVE S,201416147,22/08/2014,Fri,1130,MD,VW1C,308B 371B 929 ,,R,D,O ,F ,D, ,C,50,0,1,1,,,1574779,5186217
Christchurch City,TORRENS ROAD,150,S, ,HILLMORTON ST,201444489,15/09/2014,Mon,1123,JA,4N1C,308B 423B 929 ,T,R,D,B ,F ,D,N,N,50,0,0,0,,,1567516,5178149
Christchurch City,TORRENS ROAD,20,N, ,LINCOLN ROAD,201448820,27/11/2014,Thu,2345,EA,TN1C,129A 444B ,M,R,D,DO,F , , ,C,50,0,0,0,,,1567661,5177971
Christchurch City,TRAFALGAR ST,70,S, ,DOVER ST,201448902,21/11/2014,Fri,1640,DB,4N1CC,501A ,KMT,E,D,O ,F , , ,N,50,0,0,0,,,1570585,5182355
Christchurch City,TRAVIS ROAD,, ,I,ATLANTIS ST,201448751,10/11/2014,Mon,724,LB,SW1C,303B 363B 902 ,,R,D,B ,F ,T,G,C,50,0,0,0,,,1576063,5184327
Christchurch City,TUAM ST,, ,I,ANTIGUA ST,201414650,14/06/2014,Sat,958,NF,4N2EEE,307A 363A 902 ,,R,D,B ,F ,X,T,C,50,0,0,3,2,,1569912,5179668
Christchurch City,TUAM ST,100,W, ,COLOMBO ST,201412908,05/04/2014,Sat,1955,CA,CW1,103A 130A 206A 817 ,STX,R,W,DO,L , , ,L,50,0,0,1,,,1570542,5179673
Christchurch City,TUAM ST,140,E, ,DURHAM ST,201449797,04/12/2014,Thu,1515,JA,4E1B,308B 375B 930 ,,R,D,O ,F ,D,N,C,50,0,0,0,,,1570538,5179673
Christchurch City,TUAM ST,, ,I,DURHAM ST,201450611,25/01/2014,Sat,1500,HA,4S2C,322B 358B ,,R,D,B ,F ,X,T,C,50,0,0,0,,,1570398,5179672
Christchurch City,TUAM ST,, ,I,HAGLEY AVENUE,201416391,24/10/2014,Fri,1740,LB,CW1C,303B 375B ,,R,D,B ,F ,X,T,R,50,0,0,1,,,1569802,5179703
Christchurch City,TUAM ST,30,W, ,MONTREAL ST,201443161,25/07/2014,Fri,1450,MO,BW1CT,386A ,M,R,D,O ,F , , ,C,50,0,0,0,,,1570125,5179670
Christchurch City,TUAM ST,, ,I,STANMORE ROAD,201400115,22/05/2014,Thu,1607,ND,VW1E,353A 370A 711B ,,M,D,B ,F ,T,G,R,50,1,0,0,83,,1572294,5179664
Christchurch City,TUAM ST,, ,I,SUFFOLK ST,201415463,28/08/2014,Thu,2235,CB,CE1,102A 197A ,P,R,D,DO,F ,T,N,P,50,0,0,1,,,1572614,5179666
Christchurch City,TUCKERS ROAD,20,W, ,SH 74,201413476,10/06/2014,Tue,1953,NB,CW1E,724B ,,R,W,DO,L , , ,C,50,0,0,1,30,,1568975,5185827
Christchurch City,TUI ST,20,N, ,ROA ROAD,201448759,05/11/2014,Wed,914,MG,CS1C,330B 371B 402B ,,R,W,B ,L , , ,N,50,0,0,0,,,1567436,5181069
Christchurch City,UNION ST,, ,I,BERESFORD ST,201415986,20/09/2014,Sat,1640,HA,CE2C,302A 363A 902 ,,R,D,B ,F ,X,G,P,50,0,0,2,,,1577968,5182690
Christchurch City,UPPER MAJOR HORNBROOK ROA,50,E, ,RIDGEVIEW LANE,201431191,17/01/2014,Fri,600,CB,CE1,112A 433A ,X,R,D,DO,F , ,N,N,50,0,0,0,,,1577709,5175037
Christchurch City,UXBRIDGE ST,150,N, ,PADDINGTON ST,201415996,10/09/2014,Wed,2312,EA,CS1T,103A 129A 402A ,M,R,D,DO,F , , ,N,50,0,0,1,,,1568371,5185595
Christchurch City,VAGUES ROAD,20,W, ,MAIN NORTH ROAD,201413269,03/06/2014,Tue,821,MC,CW1C,330B 372B ,,R,D,B ,F , ,N,C,50,0,0,1,,,1568831,5184789
Christchurch City,VAGUES ROAD,90,S, ,NORTHCOTE ROAD,201433832,16/03/2014,Sun,1216,EA,CN1C,131A 402A 901 903 ,M,R,W,O ,HS, , ,C,50,0,0,0,,,1568219,5185260
Christchurch City,VEITCHES ROAD,, ,I,GRAMPIAN ST,201411854,06/03/2014,Thu,1650,GB,PW1C,102A 158A 333A 387A 930 ,,R,D,OF,F ,D,N,R,50,0,0,1,,,1567861,5185670
Christchurch City,VICKERYS ROAD,10,N, ,WASHBOURNES ROAD,201413268,31/05/2014,Sat,129,DA,CN1T,111A 692A 692B ,M,E,D,DO,FF,T,N,N,50,0,0,1,,,1563757,5178671
Christchurch City,VICTORIA ST,5,N, ,KILMORE ST,201445978,25/10/2014,Sat,920,FE,CS1C,181A ,,R,D,B ,F ,M,T,C,50,0,0,0,,,1570388,5180644
Christchurch City,VICTORIA ST,120,S, ,PETERBOROUGH ST,201437571,24/05/2014,Sat,230,MO,CN1C,103A 371A ,M,R,D,DO,F , , ,C,50,0,0,0,,,1570355,5180676
Christchurch City,VOELAS ROAD,100,E, ,DALLEYS LANE,201413357,23/05/2014,Fri,1655,QD,VS1C,420A ,FHM,R,D,TF,F , , ,N,50,0,0,1,,,1576664,5172260
Christchurch City,VOGEL ST,70,E, ,STANMORE ROAD,201445520,08/10/2014,Wed,29,EA,CW1VV,103A 129A ,MM,R,D,DO,F , , ,N,50,0,0,0,,,1572291,5181161
Christchurch City,WAIMAIRI ROAD,50,N, ,BRULAY COURTS,201443605,31/08/2014,Sun,334,CC,CN1CC4,103A 112A 130A ,M,R,D,DO,F , , ,C,50,0,0,0,,,1565535,5180629
Christchurch City,WAIMAIRI ROAD,20,S, ,CYCLEWAY N,201449790,25/12/2014,Thu,2330,EA,CS1C,129A 197A ,M,R,D,DO,F , ,N,C,50,0,0,0,,,1565464,5181262
Christchurch City,WAIMAIRI ROAD,100,S, ,DOVEDALE AVENUE,201417889,19/11/2014,Wed,1845,MC,CN1V,372B ,,R,D,O ,F , , ,C,50,0,0,1,,,1565473,5181182
Christchurch City,WAIMAIRI ROAD,30,N, ,GREERS ROAD,201433512,04/02/2014,Tue,733,FC,CN1C,181A ,,R,D,BF,F , ,N,X,50,0,0,0,,,1565358,5182197
Christchurch City,WAIMAIRI ROAD,, ,I,GREERS ROAD,201450006,19/12/2014,Fri,1538,KA,TS1C,302B 387B ,,R,D,B ,F ,T,G,C,50,0,0,0,,,1565361,5182167
Christchurch City,WAIMAIRI ROAD,, ,I,HOMESTEAD LANE,201410268,18/02/2014,Tue,1135,GD,CN1C,181A 350A ,,R,D,B ,F ,T,G,C,50,0,0,1,,,1565521,5180752
Christchurch City,WAIMAIRI ROAD,20,S, ,LESLIE ST,201431089,05/02/2014,Wed,1700,KB,CN1C,308B 377B 830 927 ,,R,W,O ,L ,D,G,P,50,0,0,0,,,1565590,5180142
Christchurch City,WAIMAIRI ROAD,, ,I,MAIDSTONE ROAD,201433294,04/02/2014,Tue,1257,HA,CN1C,322B 334B 353B ,,R,D,BF,F ,X,T,C,50,0,0,0,,,1565413,5181702
Christchurch City,WAIMAIRI ROAD,, ,I,MAIDSTONE ROAD,201410251,19/01/2014,Sun,1610,LB,CS1C,303B 350B ,,R,D,B ,F ,X,T,C,50,0,0,2,,,1565413,5181702
Christchurch City,WAIMAIRI ROAD,20,N, ,MAYDELL ST,201430507,01/01/2014,Wed,514,CB,CS1C,195A ,M,R,D,TF,F , , ,C,50,0,0,0,,,1565437,5181507
Christchurch City,WAIMAIRI ROAD,10,S, ,PEER ST,201410698,03/03/2014,Mon,1546,FE,CN1C,331A 352A ,,E,W,O ,F ,M,T,L,50,0,0,1,,,1565500,5180944
Christchurch City,WAIMAIRI ROAD,, ,I,PEER ST,201413343,08/05/2014,Thu,1730,FE,CS1C,387A 801 ,,E,W,DO,L ,T,T,C,50,0,0,1,,,1565499,5180954
Christchurch City,WAIMAIRI ROAD,50,N, ,RICCARTON ROAD,201417800,06/11/2014,Thu,840,LB,CS1C,191A 303B 314B 386B 925 ,,R,D,O ,F ,D,N,P,50,0,0,1,,,1565595,5180093
Christchurch City,WAIMAIRI ROAD,, ,I,ROUNTREE ST,201412902,13/05/2014,Tue,1718,LB,MS1C,303B ,,R,W,DO,L ,T,N,C,50,0,0,1,,,1565547,5180520
Christchurch City,WAIMAIRI ROAD,, ,I,WENTWORTH ST,201447792,26/10/2014,Sun,2038,CC,4S1,130A 423A ,C,R,D,O ,F ,T,N,C,50,0,0,0,,,1565367,5182119
Christchurch City,WAINONI ROAD,50,N, ,BICKERTON ST,201418465,10/12/2014,Wed,840,NA,CS1E,712B 713B 801 ,,R,W,O ,L , , ,N,50,0,1,0,9,,1574738,5181813
Christchurch City,WAINONI ROAD,, ,I,BICKERTON ST,201445992,03/10/2014,Fri,945,BF,CN2C,103A 131A ,P,R,D,O ,F ,T,G,C,50,0,0,0,,,1574712,5181770
Christchurch City,WAINONI ROAD,25,E, ,KERRS ROAD,201433648,07/01/2014,Tue,1153,CB,CS1,130A 517A ,P,R,D,B ,F ,T,G,C,50,0,0,0,,,1574265,5181251
Christchurch City,WAINONI ROAD,100,S, ,OTTAWA ROAD,201441233,15/07/2014,Tue,815,BF,CN1C,130A 358A 402A 817 ,,E,D,B ,F , , ,C,50,0,0,0,,,1574588,5181579
Christchurch City,WAINONI ROAD,140,S, ,PORTSMOUTH ST,201417761,05/12/2014,Fri,1240,MO,SE1C,204A 308B 929 ,,R,D,B ,F ,D,N,C,50,0,0,1,,16,1575524,5182582
Christchurch City,WAINONI ROAD,50,W, ,PORTSMOUTH ST,201413567,19/07/2014,Sat,2248,NA,TW1E,713B ,,R,W,DO,H , , ,C,50,0,0,1,21,,1575591,5182642
Christchurch City,WAINONI ROAD,15,N, ,SH 74,201432209,23/01/2014,Thu,1629,EE,CS1C,525B 801 ,Q,R,W,O ,L , , ,L,50,0,0,0,,,1576235,5183147
Christchurch City,WAINUI MAIN ROAD,1520,N, ,TIKAO ROAD,201446110,18/10/2014,Sat,1232,DA,CN1,195A 407A ,C,M,D,O ,F , , ,C,100,0,0,0,,,1592420,5151767
Christchurch City,WAINUI ST,, ,I,PEVEREL ST,201415590,10/09/2014,Wed,848,HA,CS1C,321B 351B ,,R,D,O ,F ,X,S,N,50,0,0,2,,,1567155,5179856
Christchurch City,WAIRAKEI ROAD,50,W, ,AORANGI ROAD,201411941,28/03/2014,Fri,627,ED,CE1T,331A 387A ,Q,E,D,DO,F , ,N,P,50,0,0,1,,,1567134,5183213
Christchurch City,WAIRAKEI ROAD,, ,I,FARRINGTON AVENUE,201411183,26/03/2014,Wed,757,LB,SS1C,303B 375B ,,R,D,B ,F ,T,G,C,50,0,0,1,,16,1565831,5184057
Christchurch City,WAIRAKEI ROAD,80,E, ,GRAHAMS ROAD,201411166,14/03/2014,Fri,1616,FD,ME1C,130A 191A ,,R,D,B ,F , , ,C,50,0,1,0,,,1566356,5183734
Christchurch City,WAIRAKEI ROAD,, ,I,GRAHAMS ROAD,201438263,05/06/2014,Thu,829,LB,CW1C,303B 375B ,,R,W,OF,F ,X,T,N,50,0,0,0,,,1566286,5183773
Christchurch City,WAIRAKEI ROAD,, ,I,GRAHAMS ROAD,201417387,17/11/2014,Mon,1854,HA,CE2T,322B 334B 350B ,,R,D,O ,F ,X,T,C,50,0,0,1,,,1566286,5183773
Christchurch City,WAIRAKEI ROAD,60,E, ,GREERS ROAD,201448903,16/11/2014,Sun,1230,JA,CW1C,308B 929 ,,R,D,B ,F ,D,N,P,50,0,0,0,,,1566599,5183588
Christchurch City,WAIRAKEI ROAD,100,N, ,GREERS ROAD,201417859,29/10/2014,Wed,1440,AA,CS1M,330A 372A ,,R,D,O ,F , , ,P,50,0,0,1,,,1566464,5183675
Christchurch City,WAIRAKEI ROAD,10,W, ,GREERS ROAD,201449769,18/12/2014,Thu,1110,MO,CE1CC,371A 423A 507A ,M,R,D,O ,F ,X,T,C,50,0,0,0,,,1566540,5183627
Christchurch City,WAIRAKEI ROAD,, ,I,GREERS ROAD,201445459,01/10/2014,Wed,819,DA,CE1,108A 131A ,,R,D,B ,F ,X,T,C,50,0,0,0,,,1566549,5183621
Christchurch City,WAIRAKEI ROAD,, ,I,IDRIS ROAD,201434463,12/03/2014,Wed,2100,HA,VN2C,324B ,,R,D,DO,F ,X,T,C,50,0,0,0,,,1567861,5182582
Christchurch City,WAIRAKEI ROAD,, ,I,IDRIS ROAD,201412226,29/04/2014,Tue,1615,LB,CW1C,144B 303B ,,R,W,TF,L ,X,T, ,50,0,0,1,,,1567861,5182582
Christchurch City,WAIRAKEI ROAD,50,E, ,KENDAL AVENUE,201411278,24/02/2014,Mon,1845,DA,MW1,103A 131A ,F,E,D,O ,F , , ,C,50,0,0,1,,,1565959,5183920
Christchurch City,WAIRAKEI ROAD,100,W, ,MANOR PLACE,201417382,25/11/2014,Tue,1610,FD,CW1CC,331A 352A ,,R,D,O ,F , , ,C,50,0,0,1,,,1566720,5183508
Christchurch City,WAIRAKEI ROAD,140,W, ,MANOR PLACE,201415588,13/08/2014,Wed,838,FD,CW1CCC,331A ,,R,D,B ,F , , ,C,50,0,0,1,,,1566686,5183530
Christchurch City,WAIRAKEI ROAD,, ,I,ORCHARD ROAD,201451049,23/12/2014,Tue,1304,HA,VN2C,301B 335B 356B ,,R,D,BN,F ,X,S,C,50,0,0,0,,,1563572,5185164
Christchurch City,WAIRAKEI ROAD,, ,I,SH 1S,201439199,27/05/2014,Tue,1715,FA,4E1C,181A 191B ,,R,D,DO,F ,R,G,R,80,0,0,0,,,1563885,5185094
Christchurch City,WAIRAKEI ROAD,15,E, ,SHEFFIELD CRESCENT E,201441598,15/08/2014,Fri,1651,MC,VW1V,314B 372B ,,R,D,TF,F , ,N,P,50,0,0,0,,,1564771,5184786
Christchurch City,WAIRAKEI ROAD,10,E, ,SHEFFIELD CRESCENT W,201449215,05/12/2014,Fri,1717,FD,VE1CC,181A 353A 181B ,,R,D,B ,F ,T,G,P,50,0,0,0,,,1564651,5184827
Christchurch City,WAIRAKEI ROAD,50,W, ,STANLEYS ROAD,201418655,02/10/2014,Thu,1650,MB,CE1C,372B ,,R,D,BF,F , ,N,C,80,0,0,1,,,1564361,5184890
Christchurch City,WAIRAKEI ROAD,, ,I,WOOLDRIDGE ROAD,201436472,06/05/2014,Tue,1402,AO,TE1S,183A ,,R,D,BF,F ,R,G,R,50,0,0,0,,,1564902,5184780
Christchurch City,WAIRARAPA TERRACE,15,N, ,FENDALTON ROAD,201434636,20/03/2014,Thu,645,DA,CN1,131A 357A 929 ,P,R,D,DO,F ,D,N,N,50,0,0,0,,,1568316,5181329
Christchurch City,WAITIKIRI DRIVE,80,N, ,PRESTONS ROAD,201451011,22/12/2014,Mon,2005,DB,CN1,103A 111A 131A ,T,E,D,OF,F , ,N,C,50,0,0,0,,,1574072,5186383
Christchurch City,WAKEFIELD AVENUE,50,S, ,DENMAN ST,201443558,26/07/2014,Sat,30,CB,CS1,102A ,FP,R,D,DN,F , ,N,C,50,0,0,0,,,1580428,5175217
Christchurch City,WAKEFIELD AVENUE,, ,I,MARRINER ST,201445811,21/09/2014,Sun,2258,DC,VS2,410A ,CP,M,D,DO,F ,T,N,C,50,0,0,0,,,1580552,5176027
Christchurch City,WAKEFIELD AVENUE,50,S, ,PAISLEY ST,201450139,11/12/2014,Thu,2209,EA,CS1C,101A 130A 412A ,MP,R,D,DO,F , , ,C,50,0,0,0,,,1580312,5174847
Christchurch City,WALES ST,, ,I,FERN DRIVE,201438272,15/06/2014,Sun,2038,DC,CE2,103A 113A ,F,R,D,DO,F ,T,N,C,50,0,0,0,,,1564945,5174926
Christchurch City,WALTERS ROAD,, ,I,MCSAVENEYS ROAD,201446909,02/10/2014,Thu,2311,DB,4S1,111A 332A 840 ,I,R,D,DO,F ,T,S,R,70,0,0,0,,,1571723,5185191
Christchurch City,WALTHAM ROAD,, ,I,BUNYAN ST,201418527,18/11/2014,Tue,1459,HA,CS2C,301A 375A ,,R,D,BF,F ,X,S,P,50,0,0,1,,,1571611,5177785
Christchurch City,WALTHAM ROAD,10,S, ,COLERIDGE ST,201434025,11/04/2014,Fri,2153,CC,CN1,103A 125A ,FJ,R,D,DO,F ,T,N,C,50,0,0,0,,,1571464,5178501
Christchurch City,WALTHAM ROAD,, ,I,HASTINGS ST,201430681,31/01/2014,Fri,908,FD,TN1T,181A 423A ,,R,D,O ,F ,X,T,R,50,0,0,0,,,1571466,5178223
Christchurch City,WALTHAM ROAD,200,S, ,MOORHOUSE AVENUE,201440426,15/05/2014,Thu,2235,AC,CS1C,150A 372A ,,E,D,DO,F , ,N,R,50,0,0,0,,,1571441,5178967
Christchurch City,WALTHAM ROAD,, ,I,SHAKESPEARE ROAD,201449218,27/11/2014,Thu,510,HA,CS14,334A 334B ,,R,W,O ,F ,X,T,R,50,0,0,0,,,1571475,5178607
Christchurch City,WARRINGTON ST,, ,I,FLOCKTON ST,201439056,21/05/2014,Wed,1045,MC,CW1C,372B ,,R,D,OF,F ,T,G,N,50,0,0,0,,,1571425,5182698
Christchurch City,WASHINGTON WAY,40,E, ,GASSON ST,201432211,28/01/2014,Tue,1157,GD,CW1C,331A 358A 927 ,,R,D,B ,F ,D, ,C,50,0,0,0,,,1571171,5179094
Christchurch City,WASHINGTON WAY,200,E, ,GASSON ST,201449024,05/11/2014,Wed,2145,DA,CE1C,103A 122A 924 ,M,R,D,DO,F ,D,N,N,50,0,0,0,,,1571289,5179138
Christchurch City,WATERLOO ROAD,, ,I,BARTERS ROAD,201415370,28/07/2014,Mon,1609,HA,4W1T,301A 363A ,,R,D,B ,F ,X,S,C,100,0,2,0,,,1558501,5178039
Christchurch City,WATERLOO ROAD,300,W, ,BRAEBURN DRIVE W,201417388,18/11/2014,Tue,1632,JA,CE1C,308B 377B 839 927 ,,R,D,B ,F ,D, ,C,50,0,0,2,,,1562174,5179273
Christchurch City,WATERLOO ROAD,20,E, ,GILBERTHORPES ROAD,201438046,07/06/2014,Sat,510,DA,CW1,101A 131A ,X,E,D,DO,M , , ,C,50,0,0,0,,,1560871,5179013
Christchurch City,WATERLOO ROAD,, ,I,RACECOURSE ROAD,201431529,09/01/2014,Thu,1445,FB,4E1C,434A 405B ,,E,D,BF,F ,T,S,P,50,0,0,0,,,1563434,5179438
Christchurch City,WATERLOO ROAD,160,E, ,SH 1S,201450598,30/12/2014,Tue,1932,EA,VE1V,410A ,M,R,D,B ,F , , ,C,50,0,0,0,,,1562022,5179273
Christchurch City,WATTS ROAD,15,S, ,MAIN SOUTH ROAD,201416149,13/09/2014,Sat,1105,FA,CN14,110A 331A 355B 801 ,,R,W,O ,L , , ,C,50,0,0,1,,,1564437,5179536
Christchurch City,WESTERN VALLEY ROAD,1440,N, ,CHURCH ROAD,201442824,29/08/2014,Fri,2230,CB,VN1,101A 134A ,F,R,D,DN,F , ,N,C,100,0,0,0,,,1583580,5156471
Christchurch City,WESTMINSTER ST,, ,I,FLOCKTON ST,201445774,30/09/2014,Tue,900,JA,CW1C,303B 377B 830 ,,R,D,B ,F ,T,N,C,50,0,0,0,,,1571112,5183228
Christchurch City,WESTMINSTER ST,, ,I,FLOCKTON ST,201433684,06/04/2014,Sun,1701,JA,CW1C,309B 375B ,,R,D,B ,F ,T,N,C,50,0,0,0,,,1571112,5183228
Christchurch City,WESTMINSTER ST,40,N, ,FRANCIS AVENUE,201450141,29/11/2014,Sat,1720,EA,CN1B,129A 130A 402A ,M,R,D,B ,F , , ,C,50,0,0,0,,,1571045,5183182
Christchurch City,WESTMINSTER ST,50,S, ,JACOBS ST,201415902,27/07/2014,Sun,1916,DB,CS1,386A ,P,E,D,DO,F , , ,C,50,0,0,1,,,1570326,5182788
Christchurch City,WHITELEIGH AVENUE,20,S, ,BLENHEIM ROAD,201440704,29/06/2014,Sun,1633,MC,CS1C,372B ,,R,D,TF,F , , ,R,50,0,0,0,,,1567947,5179449
Christchurch City,WHITELEIGH AVENUE,, ,I,BLENHEIM ROAD,201448135,20/11/2014,Thu,1351,HA,CW2C,322A 334A ,,R,D,B ,F ,X,T,R,60,0,0,0,,,1567936,5179466
Christchurch City,WHITELEIGH AVENUE,, ,I,BLENHEIM ROAD,201413719,26/05/2014,Mon,1420,LB,CN1M,303B 382B ,,R,W,OF,L ,X,T,R,50,0,0,1,,,1567936,5179466
Christchurch City,WHITELEIGH AVENUE,50,N, ,CHATHAM ST,201442210,17/08/2014,Sun,1236,FD,CS1CC,181A 331A ,,R,D,B ,F , , ,P,50,0,0,0,,,1568216,5178776
Christchurch City,WHITELEIGH AVENUE,70,N, ,LEAMINGTON ST,201415521,11/07/2014,Fri,1558,FD,CN1C,181A 197A 331A ,,R,D,B ,F , , ,C,50,0,0,1,,,1568098,5178923
Christchurch City,WHITELEIGH AVENUE,20,S, ,LEAMINGTON ST,201432587,17/02/2014,Mon,1245,FA,CS1CC,130A 501A ,M,R,D,B ,F , ,N,C,50,0,0,0,,,1568154,5178853
Christchurch City,WHITELEIGH AVENUE,, ,I,LEAMINGTON ST,201417773,30/12/2014,Tue,1251,GB,SN1C,142B 175B 929 ,,R,D,B ,F ,D,N,R,50,0,1,0,,38,1568141,5178868
Christchurch City,WHITELEIGH AVENUE,, ,I,LINCOLN ROAD,201439916,03/06/2014,Tue,1715,LB,VS14,303B 387B ,,R,W,DO,F ,X,T,C,50,0,0,0,,,1568400,5178551
Christchurch City,WHITELEIGH AVENUE,, ,I,LINCOLN ROAD,201412012,11/04/2014,Fri,1545,LB,CS1C,303B 375B ,,R,D,O ,F ,X,T,C,50,0,0,1,,,1568400,5178551