TLANAME,CRASHROAD,CRASHDIST,CRASHDIRN,INTSN,SIDEROAD,CRASHID,CRASHDATE,CRASHDOW,CRASHTIME,MVMT,VEHICLES,CAUSES,OBJECTSSTRUCK,ROADCURVE,ROADWET,LIGHT,WTHRa,JUNCTYPE,TRAFCTRL,ROADMARK,SPDLIM,CRASHFATALCNT,CRASHSEVCNT,CRASHMINCNT,PERSAGE1,PERSAGE2,EASTING,NORTHING
Christchurch City,WHITELEIGH AVENUE,300,S, ,TROUP DRIVE,201413718,25/05/2014,Sun,736,EC,PS1,400A ,X,R,D,BN,F , ,N,R,50,0,0,1,,,1568108,5178910
Christchurch City,WHITMORE ST,, ,I,LONDON ST,201441830,06/08/2014,Wed,928,FE,CS1P,173A 181A 387A 851 ,,R,W,B ,F ,X,T,R,50,0,0,0,,,1571761,5181292
Christchurch City,WHITMORE ST,30,S, ,WHITMORE LANE S,201412597,25/03/2014,Tue,1103,MC,VN1C,355B 372B ,,E,D,O ,F , , ,P,50,0,0,1,,,1571757,5181441
Christchurch City,WIGRAM ROAD,50,E, ,HAYTON ROAD,201440887,30/07/2014,Wed,1814,FE,4W1CC,181A 181B 817 ,,R,D,DN,F , ,T,C,80,0,0,0,,,1565222,5177777
Christchurch City,WIGRAM ROAD,, ,I,TREFFERS ROAD,201440886,26/07/2014,Sat,1730,DB,CE1,131A ,P,M,D,TO,F ,T,N,C,50,0,0,0,,,1565686,5178159
Christchurch City,WILFRID ST,90,E, ,ILAM ROAD,201430961,16/02/2014,Sun,2008,DB,CW1,103A 111A 131A ,FT,M,D,OF,F , ,N,N,50,0,0,0,,,1566011,5181590
Christchurch City,WILLOWVIEW DRIVE,130,W, ,RIVERWOOD BOULEVARD,201450030,07/12/2014,Sun,1522,DA,CE1,111A 131A 402A ,FT,E,D,O ,F , , ,N,50,0,0,0,,,1569804,5187474
Christchurch City,WILSONS ROAD,, ,I,HORNBROOK ST,201433535,24/02/2014,Mon,,LB,CS1C,303B ,,R,D,BF,F ,T,G,C,50,0,0,0,,,1571949,5178186
Christchurch City,WILSONS ROAD,, ,I,LISMORE ST,201410070,19/01/2014,Sun,2225,CA,MS1,103A 112A 133A 402A ,,R,D,DO,F ,X,S,C,50,0,1,0,,,1572125,5178717
Christchurch City,WILSONS ROAD,, ,I,ST MARTINS ROAD,201411934,27/03/2014,Thu,2019,HA,CE1C,302A 375A ,,R,D,DO,F ,R,G,R,50,0,0,1,,,1571891,5177441
Christchurch City,WILSONS ROAD,, ,I,STEVENS ST,201418078,03/12/2014,Wed,1930,MA,4S1C,373B ,,R,D,BF,F ,T,N,C,50,0,0,3,,,1572238,5179054
Christchurch City,WILSONS ROAD,50,S, ,WESTBY ST,201442798,02/08/2014,Sat,1610,JA,CN1C,308B 377B 839 929 ,,R,D,BF,F ,D,N,C,50,0,0,0,,,1571849,5177884
Christchurch City,WILTON CRESCENT S,150,N, ,TWYFORD ST,201431710,01/01/2014,Wed,1426,CB,CS1,501A ,P,R,D,B ,F , , ,N,50,0,0,0,,,1565721,5184544
Christchurch City,WINGATE ST,60,N, ,CRAIG PLACE,201418834,04/12/2014,Thu,2300,DA,CN1C,111A 131A ,M,E,W,DO,L , ,N,C,50,0,0,1,,,1569169,5185883
Christchurch City,WITHELLS ROAD,, ,I,MAIDSTONE ROAD,201411772,11/03/2014,Tue,1215,JA,CS1C,145A 302B 387B ,,R,D,O ,F ,T,G,C,50,0,1,0,,,1563889,5181785
Christchurch City,WITHELLS ROAD,, ,I,MERRIN ST,201414726,19/07/2014,Sat,2135,HA,BE2C,302A 375A 423A ,F,E,W,DO,L ,R,G,R,50,0,0,1,,,1564141,5182412
Christchurch City,WOODBURY ST,, ,I,MIRFIELD PLACE,201450967,23/12/2014,Tue,2310,DC,CW2,101A 335A ,F,R,D,DO,F ,T,N,N,50,0,0,0,,,,
Christchurch City,WOODBURY ST,20,W, ,WITHELLS ROAD,201440888,31/07/2014,Thu,335,DA,CW1,103A 111A 131A 402A ,T,E,D,DO,F ,R,G,R,50,0,0,0,,,1563734,5181487
Christchurch City,WOODHAM ROAD,, ,I,KERRS ROAD,201417390,12/11/2014,Wed,1826,HA,CW1S,201B 206B 817 ,,R,D,B ,F ,R,G,C,50,0,0,1,,49,1574260,5180816
Christchurch City,WOODHAM ROAD,, ,I,LINWOOD AVENUE,201438044,03/06/2014,Tue,945,LB,TS2B,303B 902 ,,R,D,B ,F ,X,G,R,50,0,0,0,,,1572555,5180802
Christchurch City,WOODHAM ROAD,10,W, ,NGARIMU ST,201410861,15/01/2014,Wed,1146,NA,CE1E,377A 712B 839 ,,R,D,B ,F ,T,N,C,50,0,1,0,33,,1573667,5180810
Christchurch City,WOODHAM ROAD,5,W, ,WORCESTER ST,201411299,03/03/2014,Mon,712,NA,TE1E,306A ,,R,W,O ,H ,T,G,X,50,0,0,1,20,,1573821,5180810
Christchurch City,WORCESTER ST,40,E, ,BARBADOES ST,201441499,25/07/2014,Fri,354,CB,CW1,103A ,F,R,D,DO,FF, ,N,C,50,0,0,0,,,1571410,5180163
Christchurch City,WORCESTER ST,, ,I,MANCHESTER ST,201433591,13/03/2014,Thu,800,CB,CE14,363A 902 ,M,R,D,BF,F ,X,T,C,50,0,0,0,,,1570882,5180159
Christchurch City,WORCESTER ST,10,S, ,NORWICH ST,201433601,19/03/2014,Wed,1654,LB,CS1CV,197A 130B 303B 402B ,,R,D,BF,F ,T,N,N,50,0,0,0,,,1573354,5180285
Christchurch City,WORCESTER ST,30,W, ,TANCRED ST,201414646,04/07/2014,Fri,2337,CA,CE1C,103A 130A ,MP,R,D,DO,F , , ,C,50,0,0,1,,,1572853,5180169
Christchurch City,WORDSWORTH ST,10,W, ,COLOMBO ST,201431974,04/02/2014,Tue,1230,MO,CW1CC,371A ,MQ,R,D,BF,F ,X,T,C,50,0,0,0,,,1570637,5178626
Christchurch City,WORDSWORTH ST,, ,I,COLOMBO ST,201415523,28/07/2014,Mon,1440,NA,VE1E,191A 105B 711B ,,R,D,B ,F ,X,T,C,50,0,0,1,28,,1570647,5178626
Christchurch City,WORSLEYS ROAD,500,S, ,DALWENY LANE,201417128,12/11/2014,Wed,1309,DA,CE1,111A 131A ,F,M,D,O ,F , , ,C,50,0,0,1,,,1568622,5174659
Christchurch City,WRIGHTS ROAD,, ,I,BIRMINGHAM DRIVE,201445806,16/09/2014,Tue,2036,LB,CW1C,302B ,,R,W,DO,H ,R,G,R,50,0,0,0,,,1567260,5178685
Christchurch City,WRIGHTS ROAD,, ,I,BIRMINGHAM DRIVE,201412821,06/05/2014,Tue,1330,KA,XN1S,302A 375A ,,E,D,B ,F ,R,G,C,50,0,0,1,,19,1567261,5178668
Christchurch City,WRIGHTS ROAD,50,N, ,HILLMORTON ST,201435681,22/04/2014,Tue,1310,MC,CS1C,372B 381B 801 ,,R,W,O ,L , , ,C,50,0,0,0,,,1567492,5178390
Christchurch City,WRIGHTS ROAD,100,N, ,LINCOLN ROAD,201446265,23/08/2014,Sat,2010,CB,4S1C,129A 358A ,JSX,R,D,DO,F , ,N,L,50,0,0,0,,,1567716,5178115
Christchurch City,WRIGHTS ROAD,, ,I,LINCOLN ROAD,201436952,16/05/2014,Fri,1456,DB,CN2,501A ,PS,R,D,B ,F ,X,T,R,50,0,0,0,,,1567767,5178031
Christchurch City,WYN ST,20,S, ,SAMUEL ST,201440427,12/06/2014,Thu,2153,EE,CS1C,129A 358A ,M,R,W,DO,F , ,N,C,50,0,0,0,,,1568013,5176750
Christchurch City,WYNDHAM ST,, ,I,PAPANUI ROAD,201412912,19/05/2014,Mon,1800,NA,CW1E,711B 731B ,,R,D,DO,F ,T,S,C,50,0,0,1,55,,1568356,5183826
Christchurch City,YALDHURST ROAD,, ,I,MAIN SOUTH ROAD,201447690,15/11/2014,Sat,1743,JA,VW1C,302B ,,R,D,BF,F ,X,G,R,50,0,0,0,,,1565418,5180023
Christchurch City,YALDHURST ROAD,, ,I,MAIN SOUTH ROAD,201434970,17/04/2014,Thu,1929,JA,4W1C,302B ,,M,W,DO,H ,X,G,R,50,0,0,0,,,1565418,5180023
Christchurch City,YARMOUTH ST,, ,I,SOBERTON ST,201450041,21/12/2014,Sun,1800,CC,CN1C,103A 506A 512A ,FM,R,W,O ,H ,T,N,C,50,0,0,0,,,1576420,5182656
Christchurch City,Z CPK BARRINGTON MALL,90,N, ,ATHELSTAN ST,201413150,13/05/2014,Tue,1615,BO,SE1C,105A 131A 370A 801 ,,R,W,O ,L , , ,N,30,0,0,1,,44,1569381,5177402
Christchurch City,Z CPK BUSH INN,20,E, ,WAIMAIRI ROAD,201416282,23/09/2014,Tue,1620,MO,CE1C,371A 423A 507A ,MX,R,D,B ,F , , ,N,30,0,0,1,,,1565662,5180163
Christchurch City,Z CPK NORTHLANDS MALL,80,N, ,LANGDONS ROAD,201413633,10/05/2014,Sat,1912,QO,4N1C,130A 402A 501A ,PX,R,D,DO,F , , ,N,30,0,1,1,,,1568354,5184325
Christchurch City,Z CPK PIZZA FERRY ROAD,40,E, ,PORTMAN ST,201434030,18/03/2014,Tue,1752,MO,CE1C,386A 924 ,,R,D,B ,F ,D,N,N,50,0,0,0,,,1574297,5178199
Christchurch City,Z CPK WESTFIELD MAXWELL S,100,E, ,MATIPO ST,201414214,15/07/2014,Tue,1320,MO,CN1C,371A 504A 926 ,CM,R,D,B ,F ,D,N,N,10,0,0,1,,,1567359,5179999
Christchurch City,Z DRIVE BUCHANANS ROAD,30,E, ,SH 1S,201410638,20/02/2014,Thu,845,MO,VS1,330A 427A 929 ,,R,D,O ,M ,D,N,N,50,0,1,0,,,1562425,5181329
Christchurch City,Z ISSAC CONSTRUCTION,30,E, ,MCARTHURS ROAD S,201410427,21/01/2014,Tue,1421,DA,TE1,501A ,X,E,W,O ,F , , ,N,30,0,0,1,,,1562355,5186886
Christchurch City,ZCPK MITRE 10 MAIN SOUTH,50,E, ,CARMEN ROAD,201437968,01/06/2014,Sun,1329,MO,CW1CC4,130A 650A 927 ,M,R,D,B ,F ,D,N,R,20,0,0,0,,,1561852,5178804
Christchurch City,1S/327/0.431,1000,S, ,TRAM OBR,201431396,18/02/2014,Tue,830,CB,TS1,137A 181A 400A ,B,R,D,BF,F , ,N,C,100,0,0,0,,,1571428,5192839
Christchurch City,1S/327/0.89,500,S, ,WAIMAKARIRI RIV BR S ABUT,201418738,17/12/2014,Wed,910,FD,CS1CT,181A 331A 181B 191C ,,R,D,O ,F , , ,C,100,0,0,1,,,1571550,5192402
Christchurch City,1S/327/0.973,2000,N, ,DICKEYS ROAD,201411275,24/02/2014,Mon,1610,CA,4N1,130A 406A ,,R,D,B ,F , , ,C,100,0,1,0,,,1571537,5192309
Christchurch City,1S/327/1.352,500,S, ,CHANEYS OFF RAMP,201447126,25/10/2014,Sat,1045,FA,CS14,191A 331A 352A ,,R,D,B ,F , , ,C,100,0,0,0,,,1571597,5191945
Christchurch City,1S/327/1.439,100,N, ,CHANEYS ON RAMP,201412630,26/03/2014,Wed,1031,FD,CN1C,181A ,,R,D,BF,F , ,N,C,100,0,1,1,,,1571472,5191851
Christchurch City,1S/327/2.473,500,N, ,DICKEYS ROAD,201415756,28/08/2014,Thu,1034,CB,CN1,504A ,FT,R,D,BF,F , ,N,C,100,0,0,1,,,1570890,5191025
Christchurch City,1S/327/2.973,, ,I,DICKEYS ROAD,201441608,24/07/2014,Thu,1855,HA,4N1CC,301B ,,R,D,DO,F ,X,S,C,60,0,0,0,,,1570670,5190576
Christchurch City,1S/327/3.052,, ,I,DICKEYS ROAD,201412500,09/04/2014,Wed,1135,LB,VS1CC,197A 303B 353B ,,R,D,O ,F ,X,S,R,60,0,0,1,,,1570692,5190565
Christchurch City,1S/327/3.173,200,S, ,DICKEYS ROAD,201430110,25/01/2014,Sat,1130,FD,CN1C,181A 331A 929 ,,R,D,BF,F ,D,N,R,60,0,0,0,,,1570583,5190396
Christchurch City,1S/327/3.547,170,N, ,FACTORY ROAD,201447184,10/10/2014,Fri,1627,EB,TN1C,330B 381B ,Q,R,D,B ,F , , ,R,60,0,0,0,,,1570424,5190057
Christchurch City,1S/327/3.797,, ,I,FACTORY ROAD,201436973,11/04/2014,Fri,914,FD,CS14,331A 353A ,,R,W,O ,L ,T,G,R,60,0,0,0,,,1570362,5189898
Christchurch City,1S/327/3.797,, ,I,FACTORY ROAD,201412703,14/03/2014,Fri,658,LB,PS1V,303B 377B ,,R,D,DO,F ,T,G,R,50,0,1,0,,,1570362,5189898
Christchurch City,1S/327/3.806,, ,I,DARROCH ST,201439742,27/06/2014,Fri,1906,JA,VN1C,301B 375B 903 ,,R,D,DO,FS,T,S,R,60,0,0,0,,,1570314,5189823
Christchurch City,1S/327/3.885,, ,I,DARROCH ST,201412839,22/04/2014,Tue,1150,FD,CS1C,181A 331A 801 ,,R,W,O ,L ,T,S,C,60,0,0,1,,,1570324,5189818
Christchurch City,1S/327/3.914,, ,I,RICHILL ST,201414560,10/06/2014,Tue,730,NA,4N1E,322A 376A 901 ,,R,W,DO,H ,T,T,R,60,0,1,0,15,,1570268,5189725
Christchurch City,1S/327/3.964,30,N, ,RICHILL ST,201433479,17/03/2014,Mon,1234,FE,VS14,181A 331A ,,R,D,BF,F ,T,T,R,60,0,0,0,,,1570291,5189747
Christchurch City,1S/327/4.452,30,S, ,BELFAST ROAD,201444355,04/09/2014,Thu,255,EA,CN14,129A ,MF,R,D,DO,F , , ,R,60,0,0,0,,,1570039,5189239
Christchurch City,1S/327/4.502,, ,I,BELFAST ROAD,201443704,25/08/2014,Mon,1614,KC,CW2C,301A ,,R,D,B ,F ,T,S,R,60,0,0,0,,,1570062,5189260
Christchurch City,1S/327/4.698,, ,I,JOHNS ROAD,201414275,03/08/2014,Sun,1338,LB,CN1C,303B 375B ,,R,W,O ,L ,T,T,R,50,0,0,1,,,1569934,5189016
Christchurch City,1S/332/0.09,90,W, ,SH 74 MAIN NORTH,201415597,22/08/2014,Fri,2000,JA,MW1C,102B 372B 922 ,,R,D,DO,F ,D, ,R,60,0,0,1,,,1569845,5189006
Christchurch City,1S/332/0.16,160,W, ,SH 74 (MAIN NORTH ROAD),201440431,17/06/2014,Tue,641,AA,TW14,179A 387B ,,R,D,DO,F , ,N,L,60,0,0,0,,,1569776,5188998
Christchurch City,1S/332/0.865,15,W, ,CONNEMARA DRIVE,201410835,20/01/2014,Mon,1308,BE,CE14,109A 130A 197B ,,R,D,B ,F , , ,C,80,0,1,1,,,1569086,5188917
Christchurch City,1S/332/1.408,15,E, ,GROYNES DRIVE,201417122,10/10/2014,Fri,750,FD,CW1C,331A 358A ,,R,D,O ,F , , ,C,80,0,0,1,,,1568536,5188849
Christchurch City,1S/332/1.573,150,W, ,GROYNES DRIVE,201414911,15/06/2014,Sun,1603,FD,CE1CC,331A 350A ,,R,D,OF,F , ,N,C,80,0,0,2,,,1568373,5188827
Christchurch City,1S/332/3.084,350,W, ,CLEARWATER AVENUE,201434261,02/02/2014,Sun,58,DA,CN1,102A 131A ,P,E,D,DO,F , , ,C,80,0,0,0,,,1567069,5188214
Christchurch City,1S/332/3.342,, ,I,GARDINERS ROAD,201414108,17/04/2014,Thu,1846,JA,BW1C,302B 387B ,,E,W,TO,H ,T,G,R,80,0,0,1,,,1566832,5188116
Christchurch City,1S/332/4.071,200,N, ,WILKINSONS ROAD,201417150,30/10/2014,Thu,827,FD,TS1CCC,181A 181B 181C 181D ,,R,D,B ,F , , ,C,80,0,0,4,,,1566324,5187608
Christchurch City,1S/332/4.354,1000,W, ,GARDINERS ROAD,201433592,05/03/2014,Wed,439,BF,CW1C,135A 823 ,L,M,W,DO,H , ,N,C,80,0,0,0,,,1566146,5187405
Christchurch City,1S/332/5.485,, ,I,SAWYERS ARMS ROAD,201439681,15/07/2014,Tue,837,GE,CE1TT,171B 353B ,,M,D,B ,F ,R,G,R,80,0,0,0,,,1565235,5186736
Christchurch City,1S/332/5.537,, ,I,SAWYERS ARMS ROAD,201438267,14/06/2014,Sat,50,EC,CE1,101A ,I,E,W,DO,M ,R,G,R,80,0,0,0,,,1565197,5186715
Christchurch City,1S/332/5.537,, ,I,SAWYERS ARMS ROAD,201446229,01/10/2014,Wed,2045,DB,CE1,103A 131A 410A ,IS,E,D,DO,F ,R,G,R,80,0,0,0,,,1565197,5186715
Christchurch City,1S/332/5.757,220,S, ,SAWYERS ARMS ROAD,201443699,08/09/2014,Mon,1723,FD,CN14,181A 331A 358A ,,R,D,TF,F , , ,C,80,0,0,0,,,1564991,5186642
Christchurch City,1S/332/6.394,100,N, ,MCLEANS ISLAND ROAD N,201450494,16/12/2014,Tue,1745,FD,CS1C,181A 350A ,,R,D,BF,F , ,N,N,80,0,0,0,,,1564396,5186422
Christchurch City,1S/332/6.948,, ,I,HAREWOOD ROAD,201432779,17/02/2014,Mon,430,AO,TS1C,380A 181B ,,M,D,DO,F ,R,G,R,80,0,0,0,,,1564122,5185938
Christchurch City,1S/332/6.948,, ,I,HAREWOOD ROAD,201440883,03/08/2014,Sun,2200,DA,CS1,111A 131A ,I,R,D,TO,F ,R,G,R,80,0,0,0,,,1564127,5185929
Christchurch City,1S/332/6.948,, ,I,HAREWOOD ROAD,201400216,23/10/2014,Thu,2351,DB,MS1,111A 692A ,,M,D,DO,F ,R,G,R,80,1,0,0,,,1564127,5185929
Christchurch City,1S/332/7.007,, ,I,HAREWOOD ROAD,201446935,07/10/2014,Tue,332,GF,TN1C,381A ,,M,D,DO,F ,R,G,R,80,0,0,0,,,1564091,5185913
Christchurch City,1S/332/7.859,, ,I,WAIRAKEI ROAD,201410393,15/01/2014,Wed,1228,DA,PS1,131A 136A 660A ,,M,D,BF,F ,R,G,R,80,0,1,0,,,1563931,5185099
Christchurch City,RUSSLEY ROAD,, ,I,WAIRAKEI ROAD,201439070,02/06/2014,Mon,2250,DA,CN1,111A 131A ,FIT,R,D,DO,F ,R,G,R,80,0,0,0,,,1563887,5185077
Christchurch City,1S/332/7.894,, ,I,WAIRAKEI ROAD,201433595,18/04/2014,Fri,1455,DA,CS1,111A 135A 804 ,,E,W,OF,L ,R,G,C,80,0,0,0,,,1563887,5185077
Christchurch City,1S/332/7.925,, ,I,RUSSLEY ROAD,201443716,31/08/2014,Sun,305,GE,4N1C,171B ,,M,D,DO,F ,R,G,R,80,0,0,0,,,1563901,5185067
Christchurch City,1S/332/8.337,400,S, ,WAIRAKEI ROAD,201432204,01/02/2014,Sat,1015,AC,CS1C,184A ,,R,D,O ,F , , ,C,80,0,0,0,,,1563753,5184695
Christchurch City,1S/332/8.64,, ,I,MEMORIAL AVENUE,201450477,04/12/2014,Thu,1402,LB,VS1C,302A ,,M,D,OF,F ,R,G,R,80,0,0,0,,,1563614,5184350
Christchurch City,1S/332/8.709,, ,I,MEMORIAL AVENUE,201434518,22/02/2014,Sat,440,DA,TS1,111A 131A ,,R,D,DO,F ,R,G,R,80,0,0,0,,,1563625,5184339
Christchurch City,1S/332/8.709,, ,I,MEMORIAL AVENUE,201434258,01/03/2014,Sat,720,HA,CE1C,302A 386A 402A ,,E,D,TF,F ,R,G,R,80,0,0,0,,,1563614,5184350
Christchurch City,1S/332/8.709,, ,I,MEMORIAL AVENUE,201432775,28/02/2014,Fri,1215,GC,CS1C,171B 340B 404B ,,E,D,O ,F ,R,G,R,80,0,0,0,,,1563614,5184350
Christchurch City,1S/332/8.709,, ,I,MEMORIAL AVENUE,201432583,28/02/2014,Fri,1956,DA,CN1,110A 133A ,P,E,W,O ,H ,R,G,R,80,0,0,0,,,1563625,5184339
Christchurch City,1S/332/8.709,, ,I,MEMORIAL AVENUE,201433596,13/04/2014,Sun,1317,FB,4N1C,181A ,,R,D,OF,F ,R,G,R,80,0,0,0,,,1563616,5184354
Christchurch City,1S/332/8.709,, ,I,MEMORIAL AVENUE,201430504,10/01/2014,Fri,1632,GE,4S1V,171B 404B ,,M,D,B ,F ,R,G,R,80,0,0,0,,,1563614,5184350
Christchurch City,1S/332/8.709,, ,I,MEMORIAL AVENUE,201431195,05/03/2014,Wed,815,GC,VS1T,171B 381B ,,R,W,O ,H ,R,G,N,80,0,0,0,,,1563614,5184350
Christchurch City,MEMORIAL AVENUE,, ,I,RUSSLEY ROAD,201410745,12/03/2014,Wed,1636,HA,CE1M,302A 375A ,,R,D,O ,F ,R,G,C,100,0,0,1,,,1563596,5184348
Christchurch City,1S/332/8.731,, ,I,MEMORIAL AVENUE,201414522,13/05/2014,Tue,2130,KA,CN1B,302B 330B 387B ,,E,D,DO,F ,R,G,C,80,0,0,1,,,1563624,5184322
Christchurch City,1S/332/8.743,, ,I,MEMORIAL AVENUE,201447783,09/11/2014,Sun,1155,HA,CN2C,302A 402A ,,M,D,B ,F ,R,G,R,60,0,0,0,,,1563617,5184313
Christchurch City,1S/332/8.762,, ,I,MEMORIAL AVENUE,201447779,06/11/2014,Thu,1100,GB,CN1C,171A 330A ,,M,D,B ,F ,R,G,R,80,0,0,0,,,1563599,5184311
Christchurch City,1S/332/8.762,, ,I,MEMORIAL AVENUE,201439856,27/02/2014,Thu,1755,GB,CN1V,172B 330B ,,M,D,B ,F ,R,G,C,80,0,0,0,,,1563599,5184311
Christchurch City,1S/332/8.912,150,S, ,MEMORIAL AVENUE,201416279,23/09/2014,Tue,1107,MA,CN14,373B ,,R,D,B ,F , , ,L,80,0,0,2,,,1563542,5184172
Christchurch City,1S/332/8.962,200,S, ,MEMORIAL AVENUE,201413566,24/07/2014,Thu,1237,AD,CN1,130A 184A ,S,R,D,O ,F , , ,R,80,0,0,1,,,1563523,5184126
Christchurch City,1S/332/9.012,250,S, ,MEMORIAL AVENUE,201442820,29/08/2014,Fri,1610,AC,CN1C,372A 381A ,,R,D,B ,F , ,N,C,80,0,0,0,,,1563504,5184080
Christchurch City,1S/332/9.174,400,S, ,MEMORIAL AVENUE,201410221,13/01/2014,Mon,1635,FD,VN1TT,181A 503A ,,R,D,B ,F , ,N,C,80,0,1,0,,,1563447,5183941
Christchurch City,1S/332/9.302,, ,I,AVONHEAD ROAD,201438268,06/06/2014,Fri,1945,KA,CS1C,301B 382B ,,R,W,DO,F ,X,S,R,80,0,0,0,,,1563395,5183812
Christchurch City,1S/332/9.572,270,S, ,AVONHEAD ROAD,201433827,25/03/2014,Tue,540,FA,VS1T,331A 358A ,,R,D,DO,F , , ,R,80,0,0,0,,,1563291,5183562
Christchurch City,1S/332/9.858,550,S, ,AVONHEAD ROAD,201416380,10/10/2014,Fri,1546,FD,MN1T,181A 350A ,,R,D,B ,F , ,N,C,80,0,0,1,,,1563178,5183306
Christchurch City,1S/332/10.634,450,N, ,RYANS ROAD,201414722,02/06/2014,Mon,2200,CB,CN1,130A 904 ,C,R,W,DO,M , , ,R,80,0,0,1,,,1562884,5182586
Christchurch City,1S/332/11.284,200,S, ,RYANS ROAD,201431082,31/01/2014,Fri,5,CB,CN1,129A 410A ,F,R,D,DO,F , ,N,R,60,0,0,0,,,1562635,5181986
Christchurch City,1S/332/11.46,200,N, ,BENTLEY ST,201411165,21/03/2014,Fri,1710,FD,CS1CV,331A 352A ,,R,D,B ,F , , ,R,60,0,1,2,,,1562565,5181819
Christchurch City,1S/332/11.832,200,N, ,YALDHURST ROAD,201410834,22/01/2014,Wed,1300,EA,CN14,130A 350A ,M,R,D,B ,F , , ,R,60,0,0,1,,,1562424,5181479
Christchurch City,1S/332/12.028,, ,I,SH 73 YALDHURST ST,201434059,11/04/2014,Fri,101,CC,CS1,110A 514A ,T,R,W,DO,F ,R,G,R,80,0,0,0,,,1562348,5181294
Christchurch City,1S/332/12.032,, ,I,SH 73,201436147,04/04/2014,Fri,1223,LB,VN1C,303B ,,R,D,B ,F ,X,T,R,60,0,0,0,,,1562348,5181294
Christchurch City,SH 73 (YALDHURST ROAD),, ,I,1S/332/12.032,201440430,21/06/2014,Sat,600,HA,TN2T,103B 112B 322B ,,R,D,DO,F ,X,T,C,50,0,0,0,,,1562348,5181294
Christchurch City,KINTYRE DRIVE,, ,I,1S/344/0.293,201450019,15/12/2014,Mon,1608,JC,CE1C,302A ,,R,D,B ,F ,T,G,R,50,0,0,0,,,1562246,5181020
Christchurch City,1S/344/0.733,, ,I,STEADMAN ROAD,201431190,13/01/2014,Mon,105,BC,CN14,103A 122A ,,E,D,DO,F ,T,G,C,80,0,0,0,,,1562376,5180615
Christchurch City,1S/344/0.953,220,S, ,STEADMAN ROAD,201449772,13/12/2014,Sat,1619,FA,CS1C,181A 352A ,,R,D,O ,F , ,N,R,60,0,0,0,,,1562332,5180404
Christchurch City,1S/344/1.33,, ,I,BUCHANANS ROAD,201410603,20/02/2014,Thu,835,NA,CN1E,713B ,,R,D,O ,F ,X,G,C,50,0,1,0,43,,1562184,5180059
Christchurch City,1S/344/1.33,, ,I,BUCHANANS ROAD,201433486,12/03/2014,Wed,1209,LB,CN1C,322A ,,S,D,OF,F ,X,T,R,50,0,0,0,,,1562184,5180059
Christchurch City,1S/344/1.533,50,S, ,HALWYN DRIVE,201434041,10/04/2014,Thu,1530,FD,4N1C4,181A 330A ,,R,D,O ,F , ,N,C,50,0,0,0,,,1562113,5179870
Christchurch City,1S/344/1.561,100,N, ,BELLA ROSA DRIVE,201446735,29/10/2014,Wed,2315,AO,VN1P,150A 512A ,,R,D,DO,F , ,N,R,60,0,0,0,,,1562090,5179848
Christchurch City,1S/344/1.562,100,N, ,BELLA ROSA DRIVE,201411170,07/02/2014,Fri,2308,EC,CS1,103A 330A 817 ,X,R,D,DO,F , , ,R,50,0,0,1,,,1562102,5179843
Christchurch City,1S/344/1.73,400,S, ,BUCHANANS ROAD,201445537,09/10/2014,Thu,1730,GB,SS1T,372B 927 ,,R,D,O ,F ,D,N,R,50,0,0,0,,,1562036,5179688
Christchurch City,WATERLOO ROAD,, ,I,1S/344/2.174,201400188,29/09/2014,Mon,1220,GF,TE1S,179A 370A 386A ,,R,D,B ,F ,X,T,C,50,1,0,0,,33,1561862,5179280
Christchurch City,1S/344/2.709,30,N, ,MAIN SOUTH ROAD N,201434037,07/04/2014,Mon,1223,AA,CS1V,372A 381A ,,R,W,O ,F , ,N,N,50,0,0,0,,,1561698,5178772
Christchurch City,1S/344/2.743,, ,I,MAIN SOUTH ROAD,201436950,14/05/2014,Wed,1332,KA,VN1C,302B ,,R,D,O ,F ,X,G,R,50,0,0,0,,,1561676,5178743
Christchurch City,1S/347/0,, ,I,SHANDS ROAD,201448754,13/11/2014,Thu,2220,LB,CE1C,370A 303B 353B 402B ,,R,D,DO,F ,X,T,R,50,0,0,0,,,1561676,5178743
Christchurch City,1S/347/0.207,50,E, ,CHALMERS ST W,201418833,07/11/2014,Fri,1007,NA,CE1E,501B 711B ,,R,D,OF,F , ,N,R,50,0,0,1,41,,1561470,5178721
Christchurch City,1S/347/0.249,15,E, ,GOULDING AVENUE,201446103,26/10/2014,Sun,1015,FD,4W1C,181A 331A 402A ,,R,D,B ,F , , ,C,50,0,0,0,,,1561437,5178699
Christchurch City,1S/347/0.257,, ,I,CHALMERS ST,201446114,09/10/2014,Thu,2350,HA,4W1C,322A 334A 414A 801 ,,R,W,DO,L ,X,T,R,50,0,0,0,,,1561421,5178713