TLANAME,CRASHROAD,CRASHDIST,CRASHDIRN,INTSN,SIDEROAD,CRASHID,CRASHDATE,CRASHDOW,CRASHTIME,MVMT,VEHICLES,CAUSES,OBJECTSSTRUCK,ROADCURVE,ROADWET,LIGHT,WTHRa,JUNCTYPE,TRAFCTRL,ROADMARK,SPDLIM,CRASHFATALCNT,CRASHSEVCNT,CRASHMINCNT,PERSAGE1,PERSAGE2,EASTING,NORTHING
Christchurch City,1S/347/0.287,30,W, ,CHALMERS ST,201446105,17/10/2014,Fri,1530,EA,TW1C,386A 663A ,M,R,D,O ,F , , ,R,50,0,0,0,,,1561392,5178706
Christchurch City,1S/347/0.673,100,E, ,SEYMOUR ST,201445801,17/09/2014,Wed,1555,FD,CW1V,191A 427A ,,R,D,O ,F , , ,P,50,0,0,0,,,1561021,5178617
Christchurch City,1S/347/0.753,20,E, ,SEYMOUR ST,201416879,07/11/2014,Fri,1313,FA,CW1T,387A 410A ,,R,D,B ,F ,X,T,C,50,0,0,1,,,1560943,5178601
Christchurch City,1S/347/0.79,, ,I,PARKER ST,201445245,22/08/2014,Fri,0,LB,CE1C,103B 303B 404B ,,R,D,DO,F ,X,T,R,50,0,0,0,,,1560908,5178594
Christchurch City,1S/347/0.836,50,W, ,PARKER ST,201434775,24/04/2014,Thu,1829,FD,VE1CC,331A 352A ,,R,D,DO,F , ,N,P,60,0,0,0,,,1560859,5178584
Christchurch City,1S/347/0.846,60,W, ,PARKER ST,201442833,14/08/2014,Thu,1702,FD,CE1C,330A 423A ,,R,D,DO,L , ,N,P,50,0,0,0,,,1560849,5178582
Christchurch City,1S/347/0.87,100,W, ,SEYMOUR ST,201443596,03/06/2014,Tue,1720,MB,CW1C,372B ,,R,D,BF,F , ,N,C,70,0,0,0,,,1560825,5178577
Christchurch City,1S/347/1.259,200,E, ,SH 76,201414353,06/06/2014,Fri,1730,FD,VW1CT,110A 135A 191A 901 ,,E,W,TO,H , , ,C,100,0,0,1,,,1560444,5178503
Christchurch City,1S/347/1.462,, ,I,SH 76,201447129,22/10/2014,Wed,2110,LB,CW1C,322A 334A 358A ,,R,D,DO,F ,X,T,C,50,0,0,0,,,1560246,5178475
Christchurch City,1S/347/1.512,50,W, ,SH 76,201445772,08/10/2014,Wed,1400,AA,VE1C,372A 381A ,,R,D,O ,F , ,N,C,70,0,0,0,,,1560197,5178471
Christchurch City,1S/347/1.908,, ,I,FOREMANS ROAD,201412936,25/04/2014,Fri,1650,GD,CW1C,331A ,,R,D,O ,F ,T,S,C,70,0,0,2,,,1559799,5178440
Christchurch City,1S/347/1.908,, ,I,FOREMANS ROAD,201410431,08/01/2014,Wed,836,GD,CW1T,181A 331A ,,R,D,B ,F ,T,S,C,70,0,1,0,,,1559799,5178440
Christchurch City,1S/347/2.665,600,E, ,MARSHS ROAD,201415376,03/09/2014,Wed,2106,GD,CW1C,181A 331A 930 ,,R,D,DO,F ,D,N,C,70,0,0,1,,,1559093,5178182
Christchurch City,1S/347/2.868,400,E, ,BARTERS ROAD,201418529,15/12/2014,Mon,1330,LB,VE1S,303B 377B 927 ,,R,D,BF,F ,D,N,C,70,0,1,0,,35,1558910,5178102
Christchurch City,1S/350/0,, ,I,BARTERS ROAD,201451008,16/12/2014,Tue,1148,KB,4W1C,301B 382B ,,R,D,BF,F ,X,S,C,70,0,0,0,,,1558543,5177942
Christchurch City,1S/350/0,, ,I,BARTERS ROAD,201417587,29/10/2014,Wed,855,JA,CE1TC,301B 377B ,Q,R,D,OF,F ,X,S,P,70,0,0,3,,,1558543,5177942
Christchurch City,1S/350/1.113,, ,I,KIRK ROAD,201445891,19/10/2014,Sun,1736,HA,4W1C,301B ,,R,D,B ,F ,X,S,C,70,0,0,0,,,1557532,5177478
Christchurch City,1S/350/1.113,, ,I,KIRK ROAD,201415437,14/08/2014,Thu,1409,HA,TE1C,301B ,,R,D,O ,F ,X,S,R,70,0,0,1,,,1557532,5177478
Christchurch City,1S/350/1.113,, ,I,TRENTS ROAD,201414103,06/06/2014,Fri,2152,KB,CE1T,103B 301B ,,R,W,DO,M ,X,S,R,70,0,0,1,,,1557532,5177478
Christchurch City,1S/350/1.143,30,W, ,KIRK ROAD,201439471,30/06/2014,Mon,1530,EA,VW1CCC,129A 197A ,M,R,D,B ,F , ,N,P,70,0,0,0,,,1557506,5177462
Christchurch City,1S/350/1.213,100,W, ,KIRK ROAD,201414914,20/06/2014,Fri,915,FD,CE14,181A ,,R,D,BF,F , ,N,C,100,0,0,1,,,1557446,5177427
Christchurch City,73/0/0.079,, ,A,CURLETTS OFF EBD,201432783,02/02/2014,Sun,1436,DA,CN1,111A 131A ,G,M,D,B ,F ,R,G,R,100,0,0,0,,,1565880,5178245
Christchurch City,73/0/0.079,, ,I,CURLETTS OFF EBD,201433604,16/03/2014,Sun,820,EC,CN1,111A 131A 823 901 903 ,GL,E,W,OF,HS,R,G,C,70,0,0,0,,,1565880,5178245
Christchurch City,73/0/0.079,, ,I,CURLETTS OFF EBD,201440410,08/07/2014,Tue,1645,HA,4W2C,302A 350A ,,E,D,TO,F ,R,G,C,70,0,0,0,,,1565872,5178266
Christchurch City,73/0/0.089,, ,I,CURLETTS ON EBD,201442398,30/08/2014,Sat,635,AO,CE1T,111A 132A 197B ,I,M,D,O ,F ,R,G,R,100,0,0,0,,,1565893,5178288
Christchurch City,73/0/0.101,500,S, ,LUNNS ROAD,201437535,29/05/2014,Thu,2225,DA,CN1,111A 131A ,G,E,D,DO,F , , ,C,100,0,0,0,,,1565871,5178285
Christchurch City,73/0/0.401,200,S, ,LUNNS ROAD,201437598,11/06/2014,Wed,745,FD,CN1CCC,181A 350A 181B 181C ,,R,D,TN,F , , ,C,70,0,0,0,,,1565650,5178486
Christchurch City,73/0/0.503,100,E, ,LUNNS ROAD,201444777,29/09/2014,Mon,1630,FD,CE1C,181A ,,R,D,BF,F , ,N,C,50,0,0,0,,,1565582,5178557
Christchurch City,73/0/0.503,100,S, ,LUNNS ROAD,201444796,29/09/2014,Mon,1630,FD,CS1CC,181A ,,R,D,BF,F , ,N,C,70,0,0,0,,,1565582,5178557
Christchurch City,73/0/0.631,30,N, ,LUNNS ROAD,201448098,20/11/2014,Thu,1625,FD,CN1C,181A ,,R,D,B ,F , , ,R,100,0,0,0,,,1565476,5178635
Christchurch City,73/0/1.103,500,S, ,LUNNS ROAD,201436958,21/05/2014,Wed,2000,DA,CS1,111A 131A ,CS,E,D,DO,F , , ,C,100,0,0,0,,,1565159,5178980
Christchurch City,BLENHEIM ROAD,, ,I,73/0/1.324,201447121,31/10/2014,Fri,1138,FE,CW1C,331A 353A ,,R,D,B ,F ,X,T,R,60,0,0,0,,,1565138,5179196
Christchurch City,BLENHEIM ROAD,, ,I,CURLETTS ROAD W,201414051,05/07/2014,Sat,219,HA,CW1C,322B 334B ,,R,D,DO,F ,X,T,R,50,0,3,5,,,1565125,5179196
Christchurch City,BLENHEIM ROAD,, ,I,73/0/1.332,201412440,13/04/2014,Sun,1315,HA,CN2C,322B 334B ,,R,D,O ,F ,X,T,C,60,0,0,1,,,1565125,5179196
Christchurch City,BLENHEIM ROAD,, ,I,73/0/1.345,201417151,18/10/2014,Sat,1035,KC,MS2C,122A ,,R,D,O ,F ,X,T,C,60,0,0,1,,,1565130,5179208
Christchurch City,73/0/1.345,, ,I,BLENHEIM ROAD,201413556,20/07/2014,Sun,750,LB,CS1C,303B ,,R,W,O ,H ,X,T,N,50,0,0,1,,,1565130,5179208
Christchurch City,73/1/0,, ,I,SH 73A,201415283,03/08/2014,Sun,1215,LB,CS1C,303B 382B ,,R,W,OF,L ,X,T,R,50,0,1,1,,,1565130,5179208
Christchurch City,73/1/0.01,10,N, ,BLENHEIM ROAD,201439887,09/06/2014,Mon,850,FE,4S1CC,181A 331A 801 ,,R,W,O ,L ,X,T,R,50,0,0,0,,,1565129,5179218
Christchurch City,73/1/0.161,, ,I,HILLARY CRESCENT S,201417138,12/11/2014,Wed,1038,GD,VN1C,181A 331A ,,R,D,B ,F ,T,S,C,50,0,0,1,,,1565112,5179368
Christchurch City,73/1/0.279,, ,I,HILLARY CRESCENT N,201415228,06/08/2014,Wed,1305,FD,CN1CC,181A ,,R,D,BF,F ,T,G,C,50,0,0,1,,,1565099,5179485
Christchurch City,73/1/0.279,, ,I,HILLARY CRESCENT N,201417843,21/11/2014,Fri,855,JA,VS1C,314B 377B ,,R,D,B ,F ,T,G,C,50,0,0,1,,,1565099,5179485
Christchurch City,73/1/0.378,, ,I,SUVA ST,201430505,13/01/2014,Mon,1349,FD,CS1CCC,181A 181B 181C ,,R,D,B ,F ,T,G,N,50,0,0,0,,,1565088,5179583
Christchurch City,73/1/0.628,150,S, ,MAIN SOUTH ROAD,201411852,08/02/2014,Sat,1815,MA,CN14,373B 375B ,,R,D,ON,F , ,N,C,50,0,0,1,,,1565059,5179832
Christchurch City,73/1/0.658,120,S, ,MAIN SOUTH ROAD,201434043,03/04/2014,Thu,800,FD,CN1VC,358A 423A ,,R,D,O ,F , ,N,C,50,0,0,0,,,1565056,5179861
Christchurch City,73/1/0.658,120,S, ,MAIN SOUTH ROAD,201411562,05/02/2014,Wed,1310,FD,PN1C,331A ,,R,W,OF,L , ,N,C,50,0,0,1,,,1565056,5179861
Christchurch City,73/1/0.678,100,S, ,MAIN SOUTH ROAD,201442816,26/08/2014,Tue,1300,FA,CN14,181A 330A 402A ,,R,D,B ,F , ,N,C,50,0,0,0,,,1565054,5179881
Christchurch City,73/1/0.678,100,S, ,MAIN SOUTH ROAD,201414297,22/08/2014,Fri,1500,AC,CN1M,330A 372A ,,R,D,O ,F , ,N,C,50,0,0,1,,,1565054,5179881
Christchurch City,CURLETTS ROAD,, ,I,MAIN SOUTH ROAD,201442573,26/06/2014,Thu,1155,HA,CW2V,313A ,,R,D,BF,F ,X,T,R,50,0,0,0,,,1565042,5179981
Christchurch City,MAIN SOUTH ROAD,, ,I,73/1/0.778,201433831,31/01/2014,Fri,2255,HA,CE1C,334A 334B ,,R,D,DO,F ,X,T,C,50,0,0,0,,,1565042,5179981
Christchurch City,MAIN SOUTH ROAD,, ,I,73/1/0.778,201443705,19/08/2014,Tue,400,DA,CE1,101A 359A ,P,E,D,DO,F ,X,T,R,50,0,0,0,,,1565042,5179981
Christchurch City,73/1/0.778,, ,I,MAIN SOUTH ROAD,201440752,13/07/2014,Sun,210,HA,CE2C,322B ,,R,D,DO,F ,X,T,C,50,0,0,0,,,1565042,5179981
Christchurch City,73/1/0.778,, ,I,MAIN SOUTH ROAD,201450472,05/12/2014,Fri,1154,HA,TW2B,322B ,,R,D,OF,F ,X,T,C,50,0,0,0,,,1565042,5179981
Christchurch City,73/1/0.778,, ,I,MAIN SOUTH ROAD,201435834,08/04/2014,Tue,1513,LB,CW2C,322A ,,R,W,OF,L ,X,T,C,50,0,0,0,,,1565042,5179981
Christchurch City,73/1/0.96,10,E, ,CURLETTS ROAD,201443721,03/09/2014,Wed,1358,AC,CW1T,159A ,,R,D,B ,F ,X,T,C,50,0,0,0,,,1565096,5180147
Christchurch City,73/1/0.962,, ,I,YALDHURST ROAD,201440882,01/08/2014,Fri,1338,LB,4S1C,303B ,,R,D,O ,F ,X,T,R,50,0,0,0,,,1565104,5180153
Christchurch City,PEER ST,, ,I,73/1/0.97,201450015,12/12/2014,Fri,1742,LB,CN1C,303B ,,R,D,B ,F ,X,T,R,50,0,0,0,,,1565104,5180153
Christchurch City,73/1/0.97,, ,I,PEER ST,201416430,25/06/2014,Wed,1656,NB,CE1E,194A 105B 713B 801 ,,R,W,TO,L ,X,T,R,50,0,0,1,19,,1565104,5180153
Christchurch City,73/1/0.97,, ,I,PEER ST,201445559,26/08/2014,Tue,1415,LB,CN1C,303B ,,R,D,B ,F ,X,T,R,50,0,0,0,,,1565104,5180153
Christchurch City,73/1/0.97,, ,I,SH 73 YALDHURST,201434999,05/04/2014,Sat,2030,FB,CN1C,181A 103B ,,R,W,DO,L ,X,G,R,50,0,0,0,,,1565104,5180153
Christchurch City,73/1/0.97,, ,I,CURLETTS ROAD,201412811,08/04/2014,Tue,1450,LB,CN2C,303B 375B 801 ,,R,W,O ,L ,X,T,R,50,0,0,1,,,1565104,5180153
Christchurch City,YALDHURST ROAD,, ,I,PEER ST,201443613,09/08/2014,Sat,1746,LB,VW1C,303B ,,R,D,DO,F ,X,T,R,50,0,0,0,,,1565104,5180153
Christchurch City,YALDHURST ROAD,, ,I,73/1/0.97,201445457,18/09/2014,Thu,2102,LB,CW1C,103B 303B ,,R,D,DO,F ,X,T,C,50,0,0,0,,,1565104,5180153
Christchurch City,73/1/0.982,20,W, ,SH 73 CURLETTS,201446111,17/10/2014,Fri,810,FD,TE1C,181A 331A ,I,R,D,B ,F , , ,R,60,0,0,0,,,1565089,5180165
Christchurch City,73/1/1,30,W, ,CURLETTS ROAD,201433750,14/03/2014,Fri,1630,FO,CE14,372A ,,R,D,B ,F , , ,R,60,0,0,0,,,1565075,5180158
Christchurch City,73/1/1.174,, ,I,BRODIE ST,201434254,21/02/2014,Fri,923,LB,CE1C,303B 314B 375B ,,R,D,O ,F ,T,S,R,60,0,0,0,,,1564912,5180239
Christchurch City,73/1/1.174,, ,I,BRODIE ST,201412019,24/03/2014,Mon,740,FA,CE1C,358A 613A ,,R,D,B ,F ,T,S,R,60,0,0,1,,,1564912,5180239
Christchurch City,73/1/1.54,, ,I,CORFE ST,201440679,15/07/2014,Tue,1113,MB,CE1C,387B ,,R,D,B ,F ,T,G,R,60,0,0,0,,,1564575,5180379
Christchurch City,73/1/1.699,90,E, ,MIDDLEPARK ROAD,201411661,19/02/2014,Wed,2315,CC,CW1,129A 359A ,T,R,D,DO,L , ,N,R,50,0,1,0,,,1564430,5180425
Christchurch City,73/1/1.739,50,E, ,MIDDLEPARK ROAD,201412442,14/04/2014,Mon,1746,FD,CW1CV,331A 358A ,,R,D,TO,F , , ,R,60,0,0,1,,,1564393,5180441
Christchurch City,73/1/1.847,, ,I,AVONHEAD ROAD,201433295,19/01/2014,Sun,2203,AA,CE1C,372A ,,R,D,DO,F ,T,T,R,50,0,0,0,,,1564291,5180496
Christchurch City,73/1/1.854,, ,I,AVONHEAD ROAD,201413679,10/03/2014,Mon,2348,DA,CS2,129A 385A ,IP,R,D,DO,F ,T,T,R,60,0,0,1,,,1564286,5180485
Christchurch City,73/1/1.854,, ,I,AVONHEAD ROAD,201414944,27/05/2014,Tue,945,DA,XS2,129A ,I,R,D,BF,F ,T,T,R,50,0,0,1,,,1564286,5180485
Christchurch City,73/1/1.854,, ,I,AVONHEAD ROAD,201447785,10/11/2014,Mon,1928,DA,CS2,131A 363A 386A 902 ,P,M,D,B ,F ,T,T,R,60,0,0,0,,,1564286,5180485
Christchurch City,73/1/1.994,140,W, ,AVONHEAD ROAD,201411545,31/01/2014,Fri,2123,CC,CW1,103A 129A ,T,R,D,DO,F , ,N,R,50,0,0,1,,,1564157,5180538
Christchurch City,73/1/2.264,, ,I,RACECOURSE ROAD,201418391,02/12/2014,Tue,1610,JA,CW1C,302B 375B ,,R,D,BF,F ,T,G,R,50,0,0,1,,,1563912,5180649
Christchurch City,73/1/2.713,, ,I,WITHELLS ROAD,201413720,24/05/2014,Sat,1200,JA,CE1C,302B 377B ,,R,D,BF,F ,T,G,C,50,0,0,1,,,1563491,5180824
Christchurch City,73/1/2.713,, ,I,WITHELLS ROAD,201431143,15/02/2014,Sat,925,JA,4E1V,302B 375B ,,R,D,B ,F ,T,G,C,60,0,0,0,,,1563491,5180824
Christchurch City,73/1/2.713,, ,I,WITHELLS ROAD,201413798,26/04/2014,Sat,1521,JA,CE1C,302B 377B ,,R,D,BF,F ,T,G,R,50,0,0,1,,,1563491,5180824
Christchurch City,73/1/2.821,100,W, ,WITHELLS ROAD,201437532,08/06/2014,Sun,1700,MC,CW1C,372B ,,R,W,TF,L , , ,P,60,0,0,0,,,1563398,5180862
Christchurch City,73/1/3.626,, ,I,FOVANT ST,201443615,08/08/2014,Fri,1705,JA,4E1C,301B 377B ,,R,D,O ,F ,X,S,R,60,0,0,0,,,1562646,5181169
Christchurch City,73/1/3.634,, ,I,FOVANT ST,201416383,03/10/2014,Fri,941,LB,TE1T,132A 303B 375B ,,R,W,O ,L ,X,S,C,60,0,1,1,,,1562646,5181169
Christchurch City,73/1/3.8,150,E, ,SH 1S,201445462,04/10/2014,Sat,1050,AA,CE1T,184B 671B ,,R,D,B ,F , , ,C,60,0,0,0,,,1562492,5181234
Christchurch City,73/1/3.95,, ,I,SH 1S,201451090,22/12/2014,Mon,851,FE,4W1C,181A ,,R,D,OF,F ,X,T,R,50,0,0,0,,,1562354,5181292
Christchurch City,73/5/0,, ,I,SH 1S,201430186,09/01/2014,Thu,848,LB,CE1C,303B 377B ,,R,D,OF,F ,X,T,R,60,0,0,0,,,1562348,5181294
Christchurch City,73/5/0.02,20,W, ,SH 1S,201433836,17/03/2014,Mon,905,KB,TW14,308B 922 ,,R,D,B ,F ,D,N,R,60,0,0,0,,,1562330,5181302
Christchurch City,73/5/2.171,50,E, ,POUND ROAD,201418270,20/12/2014,Sat,1118,CB,CW1,501A ,F,R,D,B ,F , , ,C,80,0,0,1,,,1560348,5182122
Christchurch City,POUND ROAD,, ,I,73/5/2.215,201439190,11/05/2014,Sun,100,GF,4N1C,157B 381B ,,M,D,DO,F ,R,G,C,70,0,0,0,,,1560302,5182141
Christchurch City,73/5/2.601,40,W, ,SCHOOL ROAD,201440861,02/07/2014,Wed,1723,JA,4W1C,308B 922 ,,R,D,TO,F ,D,N,C,80,0,0,0,,,1559920,5182199
Christchurch City,73/5/4.589,, ,I,BUCHANANS ROAD,201432769,01/03/2014,Sat,938,HA,CE1C,301B 355B 375B ,,R,D,B ,F ,X,S,C,100,0,0,0,,,1557970,5182214
Christchurch City,73/5/5.842,1400,E, ,KIRK ROAD,201413952,21/05/2014,Wed,1845,BA,CW1S,350A 370A ,,R,D,DN,F , ,N,C,100,0,0,1,,23,1556770,5181857
Christchurch City,SH 73,, ,I,73A/0/0,201432210,29/01/2014,Wed,816,HA,TE24,322A ,,R,D,B ,F ,X,T,R,50,0,0,0,,,1565130,5179208
Christchurch City,73A/0/0.715,50,W, ,NGA MAHI ROAD,201417485,08/11/2014,Sat,1231,FD,CW1V4,181A ,,R,D,BF,F , ,N,R,50,0,0,1,,,1564411,5179217
Christchurch City,73A/0/1.122,, ,I,ALLOY ST,201444076,23/07/2014,Wed,1712,FB,CW1V,181A ,,R,D,OF,F ,R,G,R,60,0,0,0,,,1564012,5179172
Christchurch City,73A/0/1.122,, ,I,MAIN SOUTH ROAD,201414351,12/06/2014,Thu,1515,KA,ME1C,534A 302B 375B ,,E,D,O ,F ,R,G,R,50,0,0,1,,,1564007,5179171
Christchurch City,BLENHEIM ROAD,, ,I,MAIN SOUTH ROAD,201450040,30/12/2014,Tue,1055,GE,VE1C,171B ,,M,D,B ,F ,R,G,R,60,0,0,0,,,1564006,5179195
Christchurch City,MAIN SOUTH ROAD,, ,I,BLENHEIM ROAD,201450029,23/12/2014,Tue,1406,GE,TE14,171A ,,M,D,B ,F ,R,G,R,60,0,0,0,,,1564006,5179195
Christchurch City,MAIN SOUTH ROAD,, ,I,BLENHEIM ROAD,201416281,24/09/2014,Wed,1157,KA,CS1C,302A 402A ,,E,D,B ,F ,R,G,N,60,0,0,1,,,1564006,5179195
Christchurch City,PORT HILLS ROAD,, ,I,73A/0/1.165,201447786,29/10/2014,Wed,1649,QG,TE2,131A 682A ,,E,D,B ,F ,R,G,C,60,0,0,0,,,1563976,5179217
Christchurch City,BLENHEIM ROAD,, ,I,ALLOY ST,201434040,06/04/2014,Sun,151,DA,CW1,110A 514A ,FK,M,D,DO,F ,R,G,R,60,0,0,0,,,1563991,5179151
Christchurch City,73A/0/1.175,, ,I,ALLOY ST,201433961,27/03/2014,Thu,1110,GA,4S1C,386A ,P,E,D,B ,F ,R,G,R,60,0,0,0,,,1563965,5179148
Christchurch City,73A/0/1.175,, ,I,ALLOY ST,201418530,14/12/2014,Sun,1925,DA,PW1,135A 806 ,,E,D,BF,F ,R,G,C,50,0,0,1,,,1563991,5179151
Christchurch City,73A/0/1.201,, ,I,ALLOY ST,201446718,02/10/2014,Thu,840,EA,TW1T,129A 386A ,M,M,D,B ,F ,R,G,C,60,0,0,0,,,1563944,5179162
Christchurch City,MAIN SOUTH ROAD,, ,I,EPSOM ROAD,201445979,02/10/2014,Thu,830,HA,4N2C,302B ,,E,D,B ,F ,R,G,R,50,0,0,0,,,1563943,5179200
Christchurch City,MAIN SOUTH ROAD,, ,I,EPSOM ROAD,201442831,24/08/2014,Sun,1311,HA,CW2C,302A 386A ,,R,D,O ,F ,R,G,R,50,0,0,0,,,1563943,5179200
Christchurch City,73A/0/1.204,, ,I,EPSOM ROAD,201431354,26/02/2014,Wed,1235,GB,CE1C,333A 387A ,,E,D,BF,F ,R,G,R,60,0,0,0,,,1563943,5179200
Christchurch City,73A/0/1.204,, ,I,EPSOM ROAD,201450021,10/12/2014,Wed,1300,GF,CE1T,129A 358A ,,M,D,O ,F ,R,G,R,50,0,0,0,,,1563943,5179200
Christchurch City,73A/0/1.218,, ,I,EPSOM ROAD,201414802,21/06/2014,Sat,1017,HA,4E1C,302A ,,E,D,BF,F ,R,G,R,50,0,0,1,,,1563939,5179187
Christchurch City,73A/0/1.218,, ,I,EPSOM ROAD,201438255,13/06/2014,Fri,1313,LB,CN1T,302A ,,E,D,BF,F ,R,G,C,50,0,0,0,,,1563939,5179187
Christchurch City,73A/0/1.218,, ,I,EPSOM ROAD,201432652,28/02/2014,Fri,1525,AC,CE14,124A ,,M,D,O ,F ,R,G,C,50,0,0,0,,,1563941,5179193
Christchurch City,73A/0/1.271,, ,I,RACECOURSE ROAD,201410858,28/01/2014,Tue,807,GB,CW1S,170A 387A ,,E,D,B ,F ,T,N,C,60,0,1,0,,30,1563875,5179154
Christchurch City,LOWTHER ST,, ,I,MAIN SOUTH ROAD,201446653,22/05/2014,Thu,1500,GF,TS1C,386B ,,M,D,B ,F ,T,G,R,60,0,0,0,,,1563823,5179142
Christchurch City,LOWTHER ST,, ,I,73A/0/1.342,201446714,13/10/2014,Mon,1700,GA,CS1C,181A 330A ,,E,D,B ,F ,T,N,C,50,0,0,0,,,1563823,5179142
Christchurch City,MAIN SOUTH ROAD,, ,I,GREEN LANE,201440851,21/07/2014,Mon,1647,HA,CS2C,301A ,,R,D,TO,F ,X,S,R,50,0,0,0,,,1563534,5178922
Christchurch City,73A/0/1.722,300,E, ,SPRINGS ROAD,201436011,11/04/2014,Fri,200,EA,VE1C,103A 129A ,M,R,D,DO,F , ,N,P,60,0,0,0,,,1563522,5178911
Christchurch City,73A/0/1.736,30,S, ,GREEN LANE,201415514,14/08/2014,Thu,831,FD,TN1CC,181A 181B 191B ,,R,D,O ,F , , ,R,60,0,0,1,,,1563512,5178901
Christchurch City,73A/0/1.986,20,E, ,SPRINGS ROAD,201445840,29/07/2014,Tue,2120,DA,CW1,131A 402A ,F,E,D,DO,F , , ,R,50,0,0,0,,,1563302,5178731
Christchurch City,73A/0/3.311,, ,I,CHAPPIE PLACE,201451053,10/12/2014,Wed,1400,CC,VE14C,129A ,QS,R,D,BF,F ,X,T,R,50,0,0,0,,,1561996,5178776
Christchurch City,73A/0/3.311,, ,I,CHAPPIE PLACE,201416388,09/09/2014,Tue,1000,LB,CE1C,322A 334A ,,R,D,B ,F ,T,T,R,60,0,2,0,,,1561996,5178776
Christchurch City,73A/0/3.523,110,W, ,SHANDS ROAD,201416570,02/10/2014,Thu,1736,NA,4W1E,711B 712B ,,R,D,BF,F , ,N,R,50,0,1,0,74,,1561786,5178754
Christchurch City,73A/0/3.612,, ,I,SH 1S,201435475,11/05/2014,Sun,1727,DB,CW1,103A 410A ,FHI,E,D,TF,F ,X,T,R,50,0,0,0,,,1561684,5178728
Christchurch City,73A/0/3.633,, ,I,SH 1S,201435027,05/04/2014,Sat,1900,LB,400000000000000,303B 375B ,,R,W,DO,F ,X,T,R,50,0,0,0,,,1561676,5178743
Christchurch City,73A/0/3.633,, ,I,SH 1S,201440409,27/06/2014,Fri,1801,LB,4E1C,303B ,,R,D,DO,F ,X,T,C,50,0,0,0,,,1561676,5178743
Christchurch City,73A/0/3.633,, ,I,SHANDS ROAD,201450476,04/12/2014,Thu,2320,LB,CS1X,303B ,,R,W,DO,L ,X,T,R,50,0,0,0,,,1561676,5178743
Christchurch City,74/0/0.176,, ,I,SWIFT ST,201435395,24/04/2014,Thu,2248,KA,VN1C,103A 112A ,FKS,R,D,DO,F ,T,G,R,60,0,0,0,,,1569860,5188857
Christchurch City,74/0/0.294,20,N, ,LAGAN ST,201414366,14/05/2014,Wed,710,NB,4S1E,306A 330A 801 ,,R,W,DN,L , ,T,X,50,0,0,1,14,,1569821,5188746
Christchurch City,74/0/0.779,15,S, ,ENGLEFIELD ROAD,201412909,29/04/2014,Tue,1105,GB,CN1C,158A 331A 387A 929 ,,E,W,O ,H ,D,N,C,60,0,0,1,,,1569603,5188311
Christchurch City,74/0/1.098,70,N, ,RADCLIFFE ROAD,201414314,11/06/2014,Wed,708,NA,VS1E,712B ,,R,W,DO,F , , ,R,60,0,1,0,45,,1569478,5188019
Christchurch City,74/0/1.168,, ,I,RADCLIFFE ROAD,201450136,09/12/2014,Tue,1323,LB,CS1C,303B 330B 402B ,,R,D,O ,F ,X,T,R,60,0,0,0,,,1569448,5187955
Christchurch City,74/0/1.168,, ,I,RADCLIFFE ROAD,201416699,10/10/2014,Fri,914,BA,CS14,130A 501A ,I,R,D,B ,F ,X,T,R,60,0,1,1,,,1569448,5187955
Christchurch City,74/0/1.168,, ,I,RADCLIFFE ROAD,201437536,25/05/2014,Sun,1252,HA,CW2C,322B 334B ,,R,D,B ,F ,X,T,R,60,0,0,0,,,1569448,5187955
Christchurch City,74/0/1.168,, ,I,RADCLIFFE ROAD,201415866,13/09/2014,Sat,1130,LB,CS1C,303B 377B ,,R,W,O ,L ,X,T,R,50,0,0,2,,,1569448,5187955
Christchurch City,74/0/1.169,, ,I,NORTHWOOD BOULEVARD,201412694,12/03/2014,Wed,1715,LB,CN1V,303B 377B ,,R,W,OF,L ,X,T,C,50,0,0,1,,,1569436,5187958
Christchurch City,74/0/1.169,, ,I,NORTHWOOD BOULEVARD,201416145,03/10/2014,Fri,2108,DA,CE2,501A ,FT,R,D,DO,F ,X,T,R,60,0,0,1,,,1569436,5187958
Christchurch City,74/0/1.934,, ,I,STYX MILL ROAD,201435441,02/05/2014,Fri,1808,LB,CN1C,303B 375B ,,R,D,DO,F ,T,T,R,60,0,0,0,,,1569112,5187265
Christchurch City,74/0/1.934,, ,I,STYX MILL ROAD,201446652,01/11/2014,Sat,909,FE,CS1C,181A 387A ,,E,D,B ,F ,T,T,C,60,0,0,0,,,1569123,5187261
Christchurch City,74/0/1.934,, ,I,STYX MILL ROAD,201414072,08/07/2014,Tue,1800,LB,VS1C,303B 375B ,,M,D,DN,L ,T,T,C,60,0,0,1,,,1569123,5187261
Christchurch City,74/0/1.934,, ,I,STYX MILL ROAD,201437804,20/05/2014,Tue,736,LB,CN1CC,322A 334A ,,R,D,O ,F ,T,T,R,60,0,0,0,,,1569112,5187265
Christchurch City,STYX MILL ROAD,, ,I,74/0/1.934,201435839,03/03/2014,Mon,1640,FB,CE2P,331A 353A ,,E,D,OF,F ,T,G,C,60,0,0,0,,,1569112,5187265