TLANAME,CRASHROAD,CRASHDIST,CRASHDIRN,INTSN,SIDEROAD,CRASHID,CRASHDATE,CRASHDOW,CRASHTIME,MVMT,VEHICLES,CAUSES,OBJECTSSTRUCK,ROADCURVE,ROADWET,LIGHT,WTHRa,JUNCTYPE,TRAFCTRL,ROADMARK,SPDLIM,CRASHFATALCNT,CRASHSEVCNT,CRASHMINCNT,PERSAGE1,PERSAGE2,EASTING,NORTHING
Christchurch City,76/3/1.225,100,W, ,ENSORS ROAD,201414104,06/06/2014,Fri,2140,DA,CE1,101A 133A ,P,E,D,DO,F , ,N,R,50,0,0,1,,,1572431,5178168
Christchurch City,76/3/1.485,20,E, ,OPAWA ROAD W,201451019,22/12/2014,Mon,1701,FD,CE1C,181A ,,R,D,BF,F ,X,T,R,50,0,0,0,,,1572184,5178217
Christchurch City,76/3/1.489,, ,I,OPAWA ROAD,201436086,03/05/2014,Sat,1517,LB,CW1C,303B 353B 375B ,,R,D,BF,F ,X,T,R,60,0,0,0,,,1572173,5178203
Christchurch City,76/3/1.489,, ,I,OPAWA ROAD W,201414508,26/06/2014,Thu,1638,FB,CS2C,331A 387A ,,E,D,TF,F ,X,G,R,50,0,0,2,,,1572173,5178203
Christchurch City,76/3/1.505,, ,I,OPAWA ROAD N,201442793,28/07/2014,Mon,1945,LB,CN2C,303B 361B 375B ,,R,D,DO,F ,X,T,R,60,0,0,0,,,1572164,5178214
Christchurch City,76/3/2.208,, ,I,WALTHAM ROAD,201450861,22/10/2014,Wed,800,FD,CW1CCC,331A 350A ,,R,D,OF,F ,X,T,R,50,0,0,0,,,1571471,5178322
Christchurch City,76/3/2.359,10,W, ,BRISBANE ST,201444482,16/09/2014,Tue,943,FD,TE1C,181A 331A ,,R,W,O ,L ,T,S,R,60,0,0,0,,,1571327,5178333
Christchurch City,76/3/2.396,150,E, ,BURLINGTON ST,201432145,21/01/2014,Tue,814,FD,TW1CC,181A 427A ,,E,W,B ,H , ,N,R,60,0,0,0,,,1571282,5178320
Christchurch City,76/3/2.546,, ,I,BURLINGTON ST,201450124,25/12/2014,Thu,1340,FE,BE1C,331A 350A ,,R,D,B ,F ,X,T,R,60,0,0,0,,,1571132,5178319
Christchurch City,GASSON ST,, ,I,76/3/2.554,201451051,13/11/2014,Thu,2222,LB,CS1C,303B 375B ,,R,D,DO,F ,X,T,R,50,0,0,0,,,1571132,5178331
Christchurch City,76/3/2.554,, ,I,GASSON ST,201450300,21/07/2014,Mon,1225,AO,TW1C,817,,R,D,BF,F ,X,T,R,60,0,0,0,,,1571132,5178331
Christchurch City,76/3/2.654,100,W, ,GASSON ST,201411295,16/03/2014,Sun,1530,FD,CE1V,331A 358A ,,R,W,O ,L , , ,R,60,0,0,2,,,1571032,5178331
Christchurch City,76/3/2.988,40,E, ,COLOMBO ST,201415374,04/09/2014,Thu,1341,FD,CW1VC,330A 423A ,,R,D,O ,F , ,N,C,60,0,0,1,,,1570691,5178316
Christchurch City,76/3/3.028,, ,I,COLOMBO ST,201436815,15/05/2014,Thu,2107,LB,CW1C,303B 352B ,,R,D,DO,F ,X,T,R,60,0,0,0,,,1570651,5178315
Christchurch City,76/3/3.036,, ,I,COLOMBO ST,201438002,23/05/2014,Fri,625,AC,TE1C,372A 671A ,,R,D,DO,F ,X,T,C,60,0,0,0,,,1570650,5178327
Christchurch City,76/3/3.036,, ,I,COLOMBO ST,201441448,16/07/2014,Wed,1830,HA,CE1C,322B ,,R,D,DO,F ,X,T,C,50,0,0,0,,,1570650,5178327
Christchurch City,76/3/3.255,25,E, ,DURHAM ST,201412709,26/03/2014,Wed,1632,FD,VE14C,181A ,,R,D,BF,F , ,N,R,60,0,0,2,,,1570431,5178326
Christchurch City,76/3/3.28,, ,I,DURHAM ST,201444478,18/09/2014,Thu,954,GF,TS2T,129A 330A 129B 330B ,,M,D,O ,F ,T,T,P,60,0,0,0,,,1570406,5178326
Christchurch City,76/3/3.3,20,W, ,DURHAM ST,201415806,30/08/2014,Sat,1442,FD,CE1CC,181A ,,R,D,O ,F , , ,R,60,0,0,1,,,1570386,5178326
Christchurch City,76/3/3.33,50,W, ,DURHAM ST,201451055,30/10/2014,Thu,713,FD,CE1CV,181A ,,R,D,OF,F , ,N,C,50,0,0,0,,,1570356,5178326
Christchurch City,76/3/3.514,10,E, ,MONTREAL ST,201442575,11/07/2014,Fri,1605,FD,CE1CC,181A ,,R,D,OF,F ,T,G,R,60,0,0,0,,,1570172,5178324
Christchurch City,76/3/3.576,20,E, ,SCOTT ST,201412708,13/04/2014,Sun,1256,FD,CW1CC,181A ,,R,D,OF,F , ,N,C,50,0,0,1,,,1570103,5178311
Christchurch City,76/3/3.719,15,E, ,STRICKLAND ST,201447131,21/10/2014,Tue,1500,FE,TW1C,387A ,,R,D,B ,F ,X,T,R,50,0,0,0,,,1569960,5178299
Christchurch City,76/3/3.734,, ,I,STRICKLAND ST,201440429,13/06/2014,Fri,1651,LB,CW1C,101B 303B ,,R,D,TF,F ,X,T,C,60,0,0,0,,,1569946,5178297
Christchurch City,76/3/3.734,, ,I,STRICKLAND ST,201449214,04/12/2014,Thu,2220,LB,CE1C,303B ,,R,W,DO,H ,X,T,R,50,0,0,0,,,1569946,5178297
Christchurch City,ANTIGUA ST,, ,I,BROUGHAM ST,201414070,03/07/2014,Thu,731,LB,CS1C,303B 375B ,,R,D,DO,F ,X,T,R,60,0,0,2,,,1569946,5178309
Christchurch City,76/3/3.741,, ,I,ANTIGUA ST,201411980,17/03/2014,Mon,1428,FD,TE1C,181A ,,E,D,BF,F ,X,T,R,60,0,0,1,,,1569946,5178309
Christchurch City,76/3/3.741,, ,I,ANTIGUA ST,201443708,24/08/2014,Sun,930,HA,CE1C,322A ,,R,D,O ,F ,X,T,R,60,0,0,0,,,1569946,5178309
Christchurch City,76/3/3.741,, ,I,ANTIGUA ST,201434026,20/03/2014,Thu,1720,LB,PE1C,303B 375B ,,R,D,O ,F ,X,T,C,60,0,0,0,,,1569946,5178309
Christchurch City,76/3/3.948,30,W, ,BARRIE ST,201418264,08/12/2014,Mon,1310,FD,CE14,181A ,,E,D,O ,F , , ,R,60,0,0,1,,,1569744,5178270
Christchurch City,76/3/3.968,50,W, ,BARRIE ST,201447119,02/10/2014,Thu,2115,DB,CE1,501A ,IT,E,W,DO,F , , ,R,60,0,0,0,,,1569724,5178272
Christchurch City,76/3/3.991,250,E, ,SELWYN ST,201436473,06/05/2014,Tue,1753,FD,CW1C,181A ,,R,D,DO,F , ,N,N,60,0,0,0,,,1569693,5178264
Christchurch City,76/3/4.091,40,W, ,KIPLING ST,201447140,30/10/2014,Thu,656,FA,CE1T,181A 363A 902 ,,E,D,B ,F , , ,R,60,0,0,0,,,1569606,5178304
Christchurch City,76/3/4.101,50,W, ,KIPLING ST,201411173,25/03/2014,Tue,1105,NA,VE1EC,194A 503B 711B 194C ,,R,D,O ,F , , ,R,60,0,0,1,76,,1569596,5178308
Christchurch City,76/3/4.149,100,E, ,SELWYN ST,201430185,09/01/2014,Thu,730,EA,CE1C,501A ,M,E,D,BF,F , ,N,C,60,0,0,0,,,1569551,5178321
Christchurch City,76/3/4.241,, ,I,SELWYN ST,201431130,17/02/2014,Mon,1650,FE,CW1C,181A 330A ,,R,D,O ,F ,X,T,C,60,0,0,0,,,1569451,5178316
Christchurch City,76/3/4.249,, ,I,SELWYN ST,201432550,18/02/2014,Tue,907,EC,CE1,911,W,R,D,B ,F ,X,T,P,50,0,0,0,,,1569451,5178328
Christchurch City,76/3/4.249,, ,I,SELWYN ST,201434962,20/04/2014,Sun,2320,HA,VE1C,322A ,,R,D,DO,F ,X,T,C,50,0,0,0,,,1569451,5178328
Christchurch City,76/3/4.249,, ,I,SELWYN ST,201434027,31/03/2014,Mon,1350,FE,VE1C,132A 181A 330A ,,R,D,B ,F ,X,T,R,60,0,0,0,,,1569451,5178328
Christchurch City,76/3/4.249,, ,I,SELWYN ST,201412712,26/03/2014,Wed,1640,LB,VE1C,324A 303B 324B ,,R,D,BF,F ,X,T,C,50,0,0,1,,,1569451,5178328
Christchurch City,76/3/4.279,30,W, ,SELWYN ST,201411273,27/02/2014,Thu,15,EA,CE1T,102A 506A 512A ,M,R,D,TO,F , , ,R,60,0,0,1,,,1569421,5178328
Christchurch City,76/3/4.349,100,W, ,SELWYN ST,201435435,10/05/2014,Sat,2330,DA,CE1,103A 410A ,PT,E,D,DO,F , ,N,C,60,0,0,0,,,1569351,5178328
Christchurch City,76/3/4.393,25,W, ,SOMERSET CRESCENT,201442828,29/08/2014,Fri,1256,FA,TE1V,331A 353A ,,R,D,B ,F , ,N,R,60,0,0,0,,,1569299,5178316
Christchurch City,76/3/4.474,200,E, ,COLLINS ST,201444407,29/08/2014,Fri,1325,AA,CE1T,184A ,,R,D,B ,F , , ,C,60,0,0,0,,,1569226,5178327
Christchurch City,76/3/4.624,50,E, ,COLLINS ST,201433200,11/02/2014,Tue,730,AC,TE1V,381A ,,R,D,OF,F , ,N,R,60,0,0,0,,,1569076,5178327
Christchurch City,76/3/4.774,100,W, ,BARRINGTON ON EBD,201412713,07/04/2014,Mon,1936,EC,CE1,912,W,R,W,DO,L , ,N,C,60,0,0,1,,,1568927,5178313
Christchurch City,76/3/4.825,160,W, ,BARRINGTON OFF WBD,201416230,24/09/2014,Wed,1700,FD,CE1C,181A ,,R,D,B ,F , , ,R,60,0,0,1,,,1568868,5178293
Christchurch City,76/3/5.174,500,W, ,BARRINGTON ON EBD,201449773,20/12/2014,Sat,1050,QG,CW1,665A 688A ,G,R,D,B ,F , ,N,C,100,0,0,0,,,1568532,5178255
Christchurch City,76/3/5.205,, ,A,BARRINGTON ST OBR,201448420,07/10/2014,Tue,1730,FD,4E1CC,181A ,,R,D,OF,F , ,N,R,100,0,0,0,,,1568500,5178253
Christchurch City,76/3/5.644,, ,A,LINCOLN ROAD OBR,201448105,22/11/2014,Sat,1210,CA,CE1,103A 130A ,G,R,D,B ,F , , ,C,100,0,0,0,,,1568063,5178271
Christchurch City,76/3/6.225,690,W, ,BARRINGTON OFF EBD,201434045,11/04/2014,Fri,1734,FA,CE1C,132A 181A ,,R,D,O ,F , ,N,C,100,0,0,0,,,1567491,5178375
Christchurch City,76/3/6.966,490,E, ,CURLETTS ON EBD,201432559,17/01/2014,Fri,1155,AA,CE1T,372A 381A ,G,E,D,B ,F , ,N,C,100,0,0,0,,,1566761,5178495
Christchurch City,76/11/0.434,400,W, ,CURLETTS ROAD OBR,201436813,17/05/2014,Sat,17,CA,CW1,103A 205A ,G,R,D,DO,F , , ,C,100,0,0,0,,,1565620,5177994
Christchurch City,76/11/0.524,, ,I,CURLETTS OFF EBD,201445447,19/08/2014,Tue,2220,AD,CE1V,130A ,,R,D,DN,F ,T,N,C,100,0,0,0,,,1565538,5177944
Christchurch City,76/11/0.624,100,S, ,CURLETTS OFF EBD,201440406,03/07/2014,Thu,1633,EA,CE1C,129A 137A ,M,R,D,B ,F , ,N,C,50,0,0,0,,,1565461,5177880
Christchurch City,76/11/2.029,1500,W, ,CURLETTS ON WBD,201445699,07/10/2014,Tue,1256,AO,CW1C,512A 514A ,F,R,D,B ,F , , ,C,100,0,0,0,,,1564618,5176787
Christchurch City,76/11/3.485,1000,E, ,HALSWELL JUNCTION ROAD,201446377,17/09/2014,Wed,830,CC,CE1,137A ,G,R,D,BF,F , ,N,R,100,0,0,0,,,1563251,5176373
Christchurch City,76/11/4.184,1400,W, ,AWATEA OBR,201410704,17/02/2014,Mon,1510,CC,CW1,101A 134A 410A ,GP,R,D,B ,F , ,N,C,100,0,0,1,,,1562571,5176434
Christchurch City,76/11/4.487,20,E, ,HALSWELL JUNCTION ROAD,201410032,29/01/2014,Wed,2050,AG,CW1C,103A 112A 177A 331A ,,R,D,TO,F ,R,G,R,70,0,0,1,,,1562273,5176484
Christchurch City,76/11/4.507,, ,I,HALSWELL JUNCTION ROAD,201417858,31/10/2014,Fri,2300,BO,CW1CC,111A 131A 412A 420A 431A 103C 111C +,FI,M,D,DO,F ,R,G,R,80,0,0,1,,,1562253,5176490
Christchurch City,76/11/4.507,, ,I,HALSWELL JUNCTION ROAD,201439695,18/07/2014,Fri,715,LB,CW1T,302A ,,E,W,DO,FF,R,G,R,80,0,0,0,,,1562253,5176490
Christchurch City,HALSWELL JUNCTION ROAD,, ,I,76/11/4.514,201446089,11/09/2014,Thu,851,QG,TN1,130A 682A ,P,S,D,B ,F ,R,G,C,80,0,0,0,,,1562247,5176488
Christchurch City,76/11/4.543,, ,I,HALSWELL JUNCTION ROAD,201439743,22/05/2014,Thu,1443,DA,TE1,111A 131A 615A ,,E,D,B ,F ,R,G,R,80,0,0,0,,,1562223,5176528
Christchurch City,76/11/4.543,, ,I,HALSWELL JUNCTION ROAD,201413846,15/03/2014,Sat,1352,DB,CE1,111A 131A ,IK,M,D,O ,F ,R,G,R,80,0,1,0,,,1562223,5176528
Christchurch City,HALSWELL JUNCTION ROAD,, ,I,76/11/4.559,201443781,12/09/2014,Fri,2300,DA,CN1,111A 131A ,P,M,W,DO,H ,R,G,R,80,0,0,0,,,1562226,5176495
Christchurch City,76/11/4.898,, ,I,SPRINGS ROAD,201439881,01/07/2014,Tue,1712,HA,TS2C,302A ,I,E,D,TF,F ,R,G,R,70,0,0,0,,,1561956,5176733
Christchurch City,76/11/4.898,, ,I,SPRINGS ROAD,201439082,11/04/2014,Fri,735,HA,TE2C,302A 353A 375A ,,R,W,OF,L ,R,G,R,70,0,0,0,,,1561956,5176733
Christchurch City,SPRINGS ROAD,, ,I,76/11/4.915,201440011,03/07/2014,Thu,825,HA,4S1C,302A ,,R,D,BF,F ,R,G,R,70,0,0,0,,,1561921,5176693
Christchurch City,76/11/4.97,, ,I,SPRINGS ROAD,201444075,21/07/2014,Mon,1536,GC,CS14C,171B ,I,M,W,OF,F ,R,G,R,70,0,0,0,,,1561912,5176739
Christchurch City,76/11/5.674,, ,I,BRANSTON ST,201410267,07/01/2014,Tue,1723,GE,TN1S,137A 193B ,,R,D,B ,F ,T,N,P,70,0,1,0,,62,1561456,5177275
Christchurch City,76/11/5.684,10,N, ,BRANSTON ST,201446379,05/09/2014,Fri,721,FD,CS1CC,331A 351A ,,R,D,OF,F ,T,G,P,70,0,0,0,,,1561450,5177283
Christchurch City,76/11/6.116,, ,I,EDMONTON ROAD,201449210,13/11/2014,Thu,1756,BF,CE1C,133A ,,R,D,B ,F ,T,G,C,70,0,0,0,,,1561168,5177610
Christchurch City,76/11/6.429,, ,I,SHANDS ROAD,201438262,03/06/2014,Tue,1335,HA,4N2C,327A 375A ,,R,D,BF,F ,X,T,R,80,0,0,0,,,1560957,5177868
Christchurch City,76/11/6.429,, ,I,SHANDS ROAD,201451021,22/12/2014,Mon,1034,QG,TS244,682A ,DD,S,D,BF,F ,X,T,C,70,0,0,0,,,1560957,5177868
Christchurch City,76/11/6.449,, ,I,SHANDS ROAD,201413467,23/06/2014,Mon,1810,LB,CW1C,303B ,,R,D,DO,F ,X,T,C,80,0,0,3,,,1560957,5177868
Christchurch City,76/11/6.449,, ,I,SHANDS ROAD,201417131,11/11/2014,Tue,2256,LB,CS1C,303B ,,R,D,DO,F ,X,T,R,80,0,0,1,,,1560957,5177868
Christchurch City,SHANDS ROAD,, ,I,76/11/6.449,201410035,01/02/2014,Sat,1639,LB,VE2C,303B 386B ,,R,D,B ,F ,X,T,R,80,0,0,1,,,1560957,5177868
Christchurch City,SHANDS ROAD,, ,I,76/11/6.449,201413471,25/06/2014,Wed,1637,HA,CW2V,322B 691B ,,R,W,TF,F ,X,T,C,80,0,0,1,,,1560957,5177868
Clutha District,AKATORE ROAD,280,E, ,QUOIN POINT ROAD,201416673,05/11/2014,Wed,1615,DA,4S1,138A 404A ,F,M,D,B ,F , , ,N,100,0,0,3,,,1379403,4887143
Clutha District,ARDMORE ROAD,, ,I,WOODED HILL ROAD,201442197,21/08/2014,Thu,2200,DA,4S1,103A 111A 131A 402A 407A ,,E,D,DN,F ,T,G,C,100,0,0,0,,,1307423,4909953
Clutha District,BAXTER ST,, ,I,STEWART ST,201434903,04/04/2014,Fri,1539,KA,CE1C,301B 375B ,,R,D,ON,F ,T,S,C,50,0,0,0,,,1348289,4873867
Clutha District,BERWICK ROAD,4150,N, ,WAIHOLA HILL ROAD,201444434,19/09/2014,Fri,1630,CA,CN1,112A 402A 813 ,,R,D,TN,F , , ,N,100,0,0,0,,,1373554,4904913
Clutha District,BLACK BRIDGE ROAD,2500,N, ,SH 1S,201414694,11/07/2014,Fri,1210,AO,4S1V,125A 150B ,EF,R,W,O ,F , , ,C,100,0,0,1,,,1329482,4880286
Clutha District,BLACKBRIDGE ROAD,, ,I,ASHLEY DOWNS ROAD,201418886,13/12/2014,Sat,100,DA,CE1,111A 131A ,C,M,D,DN,F ,T,N,C,100,0,1,2,,,,
Clutha District,CANNIBAL BAY ROAD,100,S, ,MUDIE ROAD,201449715,28/12/2014,Sun,1400,BB,4S14,123A ,,S,D,O ,F , ,N,N,100,0,0,0,,,1349946,4852049
Clutha District,CANNIBAL BAY ROAD,4480,S, ,MUDIE ROAD,201413167,17/05/2014,Sat,0,DB,CE1,131A 358A 402A ,T,S,D,DN,F , , ,N,100,0,1,0,,,1351058,4849062
Clutha District,CATLINS VALLEY ROAD,1810,E, ,MORRIS SADDLE ROAD,201432628,23/03/2014,Sun,900,DA,VW1,131A 404A 804 ,C,M,D,O ,F , ,N,N,100,0,0,0,,,1334515,4849513
Clutha District,CEMETERY ROAD,, ,I,SPRINGFIELD ROAD,201410776,23/03/2014,Sun,1300,DB,CE1,104A 111A 402A ,CV,S,D,B ,F ,T,N,N,100,0,0,1,,,1367149,4887269
Clutha District,CENTRE ROAD,100,S, ,LAWSON ROAD,201435691,24/04/2014,Thu,1830,CB,CS1,138A 402A ,V,R,D,DN,F , , ,N,100,0,0,0,,,1351313,4870558
Clutha District,CENTRE ROAD,300,N, ,TELEGRAPH ROAD,201437506,24/05/2014,Sat,1030,CB,CS1,129A 130A 402A 813 ,VZ,R,D,B ,F , , ,N,100,0,0,0,,,1354210,4867138
Clutha District,CHARLES ST,10,N, ,SH 1S,201432309,07/02/2014,Fri,1130,EA,CN14,129A ,M,R,D,B ,F ,T,G,C,50,0,0,0,,,1348815,4874480
Clutha District,CHARLOTTE ST,, ,I,ARGYLE ST,201437031,20/05/2014,Tue,1530,JA,CW1C,302B 830 ,,M,W,O ,L ,T,G,C,50,0,0,0,,,1348046,4874131
Clutha District,CHARLOTTE ST,, ,I,GEORGE ST,201445158,16/09/2014,Tue,1505,HA,CS24,302A 375A ,,R,D,B ,F ,X,G,C,50,0,0,0,,,1348421,4874370
Clutha District,CIRCLE HILL ROAD,, ,A,RAIL XING,201445235,08/10/2014,Wed,1002,QC,40,330A 370A ,N,R,D,O ,F , ,G,C,100,0,0,0,,,1367720,4892874
Clutha District,CLUTHA RIVER ROAD,1650,S, ,HALL ROAD,201418235,23/12/2014,Tue,1745,DA,CN1,101A 131A 134A ,ET,E,D,B ,F , , ,C,100,0,2,0,,,1330095,4890911
Clutha District,CLUTHA RIVER ROAD,2600,S, ,HALL ROAD,201410006,07/01/2014,Tue,2130,CC,CS1,134A 402A ,F,R,D,TN,F , , ,C,100,0,0,1,,,1330511,4890059
Clutha District,CLUTHA VALLEY ROAD,2600,S, ,ALLANGRANGE ROAD,201439958,03/07/2014,Thu,925,DA,CS1,135A 802 ,,M,I,ON,FF, ,N,C,80,0,0,0,,,1334717,4887800
Clutha District,CLUTHA VALLEY ROAD,1500,W, ,MOORE ROAD,201438018,15/06/2014,Sun,1200,DB,CE1,111A 632A 801 ,C,E,W,O ,L , , ,C,100,0,0,0,,,1341851,4880900
Clutha District,CLUTHA VALLEY ROAD,3000,W, ,MOORE ROAD,201416315,19/10/2014,Sun,1100,DA,VE1,129A 134A ,FP,E,D,B ,F , ,N,C,100,0,0,1,,,1340810,4881871
Clutha District,CLUTHA VALLEY ROAD,940,W, ,PILLANS ROAD,201411291,08/03/2014,Sat,1100,CB,CW1,129A 130A 352A ,G,R,D,O ,F , , ,C,100,0,0,1,,,1343849,4879984
Clutha District,CLUTHA VALLEY ROAD,120,N, ,SUNFLOWER ROAD,201436077,16/05/2014,Fri,530,EC,CS1,915,W,E,D,DN,F , ,N,C,100,0,0,0,,,1347380,4876403
Clutha District,CROMER ST,, ,I,LOWESTOFT ST,201415898,26/09/2014,Fri,2250,HA,CW2C,101B 321B 514B ,,R,D,DO,F ,X,S,C,50,0,0,3,,,1349253,4874961
Clutha District,DOUGLAS ST,40,W, ,JOHN ST,201431416,23/02/2014,Sun,30,EA,CW1C,129A ,M,R,W,DF,H , ,N,C,50,0,0,0,,,1348656,4874025
Clutha District,DUNCAN ROAD NORTH,420,N, ,STATION ROAD,201445429,28/09/2014,Sun,700,DA,CS1,129A 131A ,,M,W,TN,L , , ,C,100,0,0,0,,,1309218,4905976
Clutha District,EDDYSTONE ST,15,S, ,STODDART ST,201416202,30/08/2014,Sat,1430,AA,MN1M,372A ,,R,D,B ,F , , ,N,100,0,1,1,,,1357461,4871038
Clutha District,FINLAYSON ROAD,480,E, ,SINCLAIR ROAD,201448840,11/12/2014,Thu,1030,DA,CE1,129A 134A 402A ,F,M,D,O ,F , , ,C,100,0,0,0,,,1377624,4898199
Clutha District,FOREST ST,, ,I,BEDFORD ST,201440547,22/04/2014,Tue,500,DA,40,101A 111A 131A ,F,S,D,DO,F ,M,G,N,50,0,0,0,,,1310491,4905211
Clutha District,GLENFALLOCH ROAD,5500,S, ,JACKS HILL ROAD,201432875,14/03/2014,Fri,2200,DB,4N1,111A 131A ,C,E,D,DN,F , , ,N,100,0,0,0,,,1332668,4866310
Clutha District,GLENLEDI ROAD,, ,I,AKATORE ROAD,201416174,28/09/2014,Sun,1213,CB,CS1,138A 404A ,,R,D,O ,F ,T,N,N,100,0,0,1,,,1372340,4883628
Clutha District,GRAY ROAD,1370,E, ,FREEZING WORKS ROAD,201434993,04/04/2014,Fri,2200,CC,CN1,103A 112A ,T,R,W,DN,H , ,N,C,100,0,0,0,,,1345199,4869367
Clutha District,GRAY ROAD,630,E, ,GUERNSEY HILL ROAD,201432940,07/03/2014,Fri,1600,BB,VE1C,123A ,,E,D,O ,F , ,N,N,100,0,0,0,,,1346438,4868753
Clutha District,GREENVALE ROAD,370,W, ,LAWLOR ROAD,201413991,21/06/2014,Sat,2200,CB,4N1,101A 410A ,F,R,D,DN,F , ,N,C,100,0,0,1,,,1297713,4909307
Clutha District,HARWICH ST,50,S, ,YARMOUTH ST,201449938,22/11/2014,Sat,1812,DB,CN1,131A 350A ,S,M,D,O ,F , , ,C,50,0,0,0,,,1349822,4874782
Clutha District,HIGH ST,, ,I,JAMES ST,201416682,18/10/2014,Sat,155,CC,4N1,103A 400A 423A ,FH,R,D,DO,F ,X,S,R,50,0,0,2,,,1348043,4873845
Clutha District,JAMES ST,50,S, ,JOHN ST,201437590,10/06/2014,Tue,1400,KB,CS1C,308B 377B 927 ,,R,W,O ,F ,D,N,C,50,0,0,0,,,1348551,4874167
Clutha District,JAMES ST,, ,I,JOHN ST,201430840,17/01/2014,Fri,1340,HA,CN2T,302A ,,R,D,BF,F ,X,G,C,50,0,0,0,,,1348593,4874194
Clutha District,JAMES ST,, ,I,RENFREW ST,201431668,17/02/2014,Mon,1100,BF,4N2T,111A 131A ,,S,W,O ,L ,X,G,R,50,0,0,0,,,1348772,4874297
Clutha District,JOHNSON ST,50,N, ,ABERCROMBIE ST,201442990,07/09/2014,Sun,2027,EA,CS1C,103A 129A ,M,R,D,DO,F , , ,C,50,0,0,0,,,1365440,4888096
Clutha District,KAITANGATA HIGHWAY,, ,I,BAKER ST,201439210,27/06/2014,Fri,1810,GD,CW1C,331A ,,R,W,DN,F ,T,G,C,70,0,0,0,,,1351976,4872814
Clutha District,KAITANGATA HIGHWAY,950,S, ,IPSWICH ST,201438490,21/06/2014,Sat,1815,DA,CN1,101A 111A 131A 903 ,TV,E,D,DN,FS, , ,C,100,0,0,0,,,1350155,4873571
Clutha District,KAITANGATA HIGHWAY,, ,A,RAIL OBR,201410579,11/02/2014,Tue,1645,EC,TN1C4,686A ,B,R,D,ON,F , ,N,C,100,0,0,1,,,1349976,4873855
Clutha District,KAITANGATA HIGHWAY,100,E, ,RIVERSIDE ROAD,201438019,16/06/2014,Mon,1830,AD,CE1,153A 197A ,CV,R,W,DN,F , , ,C,100,0,0,0,,,1355802,4869344
Clutha District,KAITANGATA HIGHWAY,100,E, ,STORER ROAD,201412124,15/04/2014,Tue,1925,DA,CS1,129A 131A 901 ,CF,S,W,DN,H , , ,C,100,0,0,1,,,1353518,4872463
Clutha District,KAITANGATA HIGHWAY,330,W, ,STORER ROAD,201414144,19/06/2014,Thu,1655,DB,CS1,129A 358A ,EF,M,W,OF,F , ,N,C,100,0,0,1,,,1353126,4872500
Clutha District,KAKA POINT ROAD,80,E, ,BROOKDALE ROAD,201416678,06/09/2014,Sat,1249,DB,MS1,129A 134A ,G,M,D,O ,F , , ,C,100,0,1,0,,,1351978,4859840
Clutha District,KAKA POINT ROAD,2900,S, ,SETTLEMENT ROAD S,201441318,03/07/2014,Thu,700,CB,CN1,135A 802 ,V,R,I,TN,FF, , ,C,100,0,0,0,,,1351989,4860048
Clutha District,KARORO CREEK ROAD,1200,N, ,AHURIRI FLAT ROAD,201410939,01/03/2014,Sat,2219,DA,CN1,103A 129A 131A ,ES,M,D,DN,F , ,N,C,100,0,0,1,,,1349794,4854761
Clutha District,KOI FLAT ROAD,, ,I,CONICAL HILL ROAD,201448839,15/12/2014,Mon,220,DA,CW1,110A 138A 514A ,E,E,D,DN,F ,T,N,N,100,0,0,0,,,1307229,4896681
Clutha District,LAKESIDE ROAD,, ,A,RAILWAY OBR,201440634,19/07/2014,Sat,740,EC,TS1,386A ,B,M,W,O ,L , , ,N,100,0,0,0,,,1357309,4883003
Clutha District,LANARK ST,, ,I,PAISLEY ST,201413452,28/06/2014,Sat,955,HA,CS1C,302B 355B 902 ,,R,D,B ,F ,X,G,C,50,0,0,2,,,1348881,4874270
Clutha District,LEE FLAT ROAD,1870,S, ,BLACK ROCK ROAD,201416316,19/10/2014,Sun,2015,DB,CS1,111A 134A ,F,E,D,DN,F , ,N,N,100,0,0,1,,,1368515,4924447
Clutha District,MAIN ROAD,100,E, ,OVENDEN ST,201416534,05/10/2014,Sun,230,CC,CW14,410A ,M,R,W,DO,F , ,N,C,50,0,0,1,,,1343656,4850474
Clutha District,MOUNT STUART ROAD,380,S, ,JOHNSTON ROAD,201416355,19/10/2014,Sun,1249,DA,VN1,111A 138A ,CF,M,D,B ,F , ,N,N,100,0,0,1,,,1348395,4898297
Clutha District,NEWARP ST,50,N, ,HASBOROUGH PLACE,201444773,03/10/2014,Fri,730,EA,4S1C,129A ,M,R,W,DO,H , ,N,N,50,0,0,0,,,1349359,4874662
Clutha District,OWAKA HIGHWAY,220,N, ,AWAKIKI ROAD,201412580,08/05/2014,Thu,200,DA,CN1,103A 110A 131A 901 ,C,M,W,DN,H , , ,L,100,0,0,3,,,1347369,4865333