TLANAME,CRASHROAD,CRASHDIST,CRASHDIRN,INTSN,SIDEROAD,CRASHID,CRASHDATE,CRASHDOW,CRASHTIME,MVMT,VEHICLES,CAUSES,OBJECTSSTRUCK,ROADCURVE,ROADWET,LIGHT,WTHRa,JUNCTYPE,TRAFCTRL,ROADMARK,SPDLIM,CRASHFATALCNT,CRASHSEVCNT,CRASHMINCNT,PERSAGE1,PERSAGE2,EASTING,NORTHING
Clutha District,OWAKA HIGHWAY,110,S, ,AWAKIKI ROAD,201410434,07/02/2014,Fri,100,CB,OS1,101A 130A 402A ,F,R,D,DN,F , , ,L,100,0,1,0,,,1347480,4865029
Clutha District,OWAKA HIGHWAY,230,N, ,CLARKE ROAD,201435544,24/04/2014,Thu,2205,DA,VS1,103A 131A ,,E,D,DN,F , , ,L,100,0,0,0,,,1346301,4859752
Clutha District,OWAKA HIGHWAY,150,S, ,DANS PEAK ROAD,201412505,01/02/2014,Sat,1800,FA,VS1S,101A 350A 386A ,,R,D,B ,F , , ,C,100,0,1,0,,68,1346042,4854211
Clutha District,OWAKA HIGHWAY,420,S, ,DANS PEAK ROAD,201416045,19/09/2014,Fri,815,DA,4N1,358A 402A ,S,M,D,O ,F , ,N,C,80,0,0,1,,,1345830,4854047
Clutha District,OWAKA HIGHWAY,630,N, ,DUTTONS ROAD,201417633,28/11/2014,Fri,2330,DB,4S1,130A 410A ,S,M,D,DN,F , ,N,C,100,0,1,0,,,1344781,4851872
Clutha District,OWAKA HIGHWAY,230,S, ,FREEZING WORKS ROAD,201413969,03/07/2014,Thu,755,BB,CS1V,110A 123A 135A 110B 135B ,Z,R,I,O ,MF, ,N,C,100,0,0,1,,,1348618,4870290
Clutha District,OWAKA HIGHWAY,300,N, ,JACOBSONS ROAD,201413644,15/06/2014,Sun,835,CC,4S1,102A 129A 134A 410A ,C,R,D,O ,F , , ,C,100,0,1,0,,,1344796,4858405
Clutha District,OWAKA HIGHWAY,430,W, ,TWINE MILL ROAD,201413967,03/07/2014,Thu,920,CB,VN1,110A 135A 802 905 ,C,R,I,O ,SF, ,N,C,100,0,0,2,,,1347060,4860854
Clutha District,OWAKA VALLEY ROAD,700,E, ,CHLORIS PASS ROAD,201411651,18/03/2014,Tue,1220,DB,CE1,111A 131A ,F,M,D,ON,F , ,N,C,100,0,0,1,,,1330056,4857425
Clutha District,OWAKA VALLEY ROAD,5200,S, ,HUNT ROAD,201411653,21/03/2014,Fri,1530,CB,4N1,195A ,,R,D,BN,F , ,N,N,100,0,0,4,,,1331161,4856969
Clutha District,OWAKA VALLEY ROAD,2140,E, ,LOCHINDORB RUNS ROAD,201416175,07/10/2014,Tue,2000,CC,CE1,112A 132A 404A 903 ,EF,R,D,DN,FS, , ,N,100,0,0,2,,,1328773,4859604
Clutha District,PAPATOWAI HIGHWAY,4000,S, ,BARRS FALLS ROAD,201430164,05/01/2014,Sun,1715,DA,CS1,131A 402A 412A ,C,M,D,BN,F , ,N,C,100,0,0,0,,,1340133,4847006
Clutha District,PAPATOWAI HIGHWAY,900,E, ,BURNT FLAT ROAD,201443503,04/08/2014,Mon,1220,DA,CS1,131A ,C,M,I,BN,FF, ,N,C,100,0,0,0,,,1331021,4844031
Clutha District,PAPATOWAI HIGHWAY,, ,A,MCLENNON BR,201430326,02/01/2014,Thu,1800,CB,4N1,110A 132A 402A ,B,R,W,O ,F ,T,N,C,100,0,0,0,,,1329641,4839586
Clutha District,POUNAWEA ROAD,, ,I,HINA HINA ROAD,201418237,29/12/2014,Mon,1045,LB,4N14,303B 375B ,,E,D,B ,F ,T,G,C,100,0,0,3,,,1344388,4849904
Clutha District,PURAKAUNUI FALLS ROAD,40,W, ,LONG POINT ROAD,201436302,23/03/2014,Sun,1045,DB,CE1,131A ,F,E,D,BN,F , ,N,N,100,0,0,0,,,1339055,4844196
Clutha District,PURAKAUNUI FALLS ROAD,200,S, ,MCDOWALL ROAD,201411572,13/03/2014,Thu,1120,DA,CN1,131A ,C,M,D,ON,F , ,N,N,100,0,0,1,,,1337973,4843592
Clutha District,RENFREW ST,, ,I,PAISLEY ST,201441322,21/07/2014,Mon,1050,HA,TN1C,302B 377B 801 839 ,,R,W,O ,L ,X,G,C,50,0,0,0,,,1348772,4874297
Clutha District,RIVERBANK ROAD,170,E, ,HISLOP ROAD,201413587,21/07/2014,Mon,1535,DA,CE1,131A 402A ,FX,M,W,O ,L , , ,C,100,0,0,1,,,1352154,4872418
Clutha District,ROXBURGH ST,30,W, ,DEE ST,201416090,01/08/2014,Fri,1645,CC,TE1V,410A 504A ,,R,D,B ,F , ,N,C,50,0,0,1,,,1310108,4916015
Clutha District,ROXBURGH ST,, ,I,DEE ST,201415641,23/08/2014,Sat,2200,DA,CS1,101A 111A ,H,E,D,DO,F ,T,N,C,50,0,1,0,,,1310132,4916034
Clutha District,SHAKESPEARE ST,50,E, ,SH 1S,201418014,15/11/2014,Sat,850,MC,ME1C,372B ,,R,D,BF,F , ,N,C,50,0,0,1,,,1365049,4887920
Clutha District,SHAWS TRACK,1200,E, ,FOUR MILE CREEK ROAD,201435957,14/04/2014,Mon,1515,DB,CS1,135A 813 ,F,E,D,BN,F , ,N,N,100,0,0,0,,,1343908,4870814
Clutha District,SMYTH ST,, ,I,EDDYSTONE ST,201417436,25/10/2014,Sat,1629,DB,CN2,111A 131A ,V,S,D,BN,F ,T,N,N,100,0,0,2,,,1357494,4871168
Clutha District,STATION ROAD,, ,I,DUNCAN ROAD NORTH,201439407,27/06/2014,Fri,1100,HA,4E1C,301B 375B ,,R,W,O ,L ,X,S,C,100,0,0,0,,,1308940,4905673
Clutha District,TAHAKOPA VALLEY ROAD,1800,E, ,HARRINGTON MILL ROAD,201432939,12/03/2014,Wed,,CB,VE1,138A 191A 404A ,F,R,D,B ,F , , ,N,100,0,0,0,,,1324460,4841131
Clutha District,TAIERI FERRY ROAD,3050,E, ,HENLEY ROAD,201447395,08/11/2014,Sat,1530,CC,CW1,330A 420A 430A ,TZ,R,D,B ,F , ,N,N,100,0,0,0,,,1380998,4900495
Clutha District,THE NUGGETS ROAD,1100,S, ,KARORO CREEK ROAD,201400266,14/12/2014,Sun,2030,CB,MS1,101A 504A ,,R,D,TN,F , ,N,N,100,1,0,0,,,1353352,4855997
Clutha District,THE NUGGETS ROAD,2000,S, ,KARORO CREEK ROAD,201449919,28/12/2014,Sun,1840,DA,CS1,131A 404A ,ET,E,D,B ,F , , ,N,100,0,0,0,,,1353814,4855361
Clutha District,THE NUGGETS ROAD,2100,S, ,KARORO CREEK ROAD,201416538,05/10/2014,Sun,1820,DA,4N1,131A 400A ,V,M,W,ON,L , ,N,N,100,0,0,1,,,1353874,4855282
Clutha District,TOKO MOUTH ROAD,610,E, ,SALLYS GULLY ROAD,201418383,04/12/2014,Thu,1608,CB,CW1,198A 811 ,E,R,D,ON,F , ,N,N,100,0,0,1,,,1367363,4881603
Clutha District,TOKO MOUTH ROAD,, ,A,UNKNOWN,201444775,30/09/2014,Tue,2200,DB,CS1,131A ,EFX,E,D,DN,F , ,N,N,100,0,0,0,,,,
Clutha District,WATER ST,100,S, ,BRIDPORT ST,201434147,11/04/2014,Fri,2100,DA,CN1,129A 131A 402A 801 ,V,E,W,DN,L , , ,N,50,0,0,0,,,1356886,4869599
Clutha District,WILSON ROAD,, ,I,FRANCIS ST,201432627,22/03/2014,Sat,220,DA,VN1,103A 131A ,F,M,D,DO,F ,T,G,C,50,0,0,0,,,1347336,4873077
Clutha District,1S/729/16.66,650,N, ,TITRI ROAD S,201438495,15/06/2014,Sun,330,CB,CS1,410A ,V,R,D,DN,F , , ,C,100,0,0,0,,,1375960,4900169
Clutha District,1S/746/0.247,, ,I,NORTH FORELAND ST,201449915,26/12/2014,Fri,1940,HA,CS1C,101B 302B 375B 402B ,,R,D,O ,F ,X,G,L,70,0,0,0,,,1375140,4899237
Clutha District,1S/746/4.295,2000,S, ,SURREY HEIGHTS,201415978,25/09/2014,Thu,1515,QG,CW14,429A ,,R,D,B ,F , , ,C,100,0,0,2,,,1372073,4896733
Clutha District,1S/746/4.652,2000,N, ,KAPITI ROAD,201418002,27/11/2014,Thu,1120,CB,VS1,197A ,S,R,D,ON,FS, ,N,L,100,0,0,1,,,1371724,4896655
Clutha District,1S/746/5.508,400,S, ,LAKE ROAD,201449914,30/12/2014,Tue,1810,DB,4S1,131A 134A 412A ,C,E,D,B ,F , , ,C,100,0,0,0,,,1370950,4896330
Clutha District,1S/746/6.071,200,N, ,PHOSPHATE ROAD,201431477,03/03/2014,Mon,1230,CB,CS1,410A ,CV,R,W,ON,L , ,N,C,100,0,0,0,,,1370551,4895939
Clutha District,1S/746/6.271,, ,I,PHOSPHATE ROAD,201418384,18/08/2014,Mon,1015,GD,CS14,331A 363A ,,R,D,BN,F ,T,N,L,100,0,0,2,,,1370430,4895780
Clutha District,1S/746/7.521,600,N, ,SILKSWORTH ST,201448529,01/11/2014,Sat,1145,DB,CS1,131A 332A ,F,E,D,BN,F , ,N,L,100,0,0,0,,,1369795,4894721
Clutha District,1S/746/8.221,100,S, ,SILKSWORTH ST,201417729,29/12/2014,Mon,1455,CC,CS1,139A 350A ,P,R,D,B ,F , ,N,L,100,0,0,2,,,1369473,4894101
Clutha District,1S/746/13.735,170,N, ,HIGHGATE ROAD,201410893,22/02/2014,Sat,2144,PO,VN1E,722B 724B ,,R,D,DN,F , , ,P,70,0,1,0,25,,1366229,4889642
Clutha District,1S/746/14.187,15,N, ,HELENSBROOK ROAD,201415893,01/10/2014,Wed,1222,EA,CS1C,410A ,M,R,D,B ,F , , ,C,70,0,0,1,,,1365962,4889277
Clutha District,1S/746/14.782,50,N, ,DUTHIE ST,201416900,05/09/2014,Fri,1118,FD,VS14,331A 350A ,,R,W,OF,F , ,N,X,50,0,0,1,,,1365611,4888797
Clutha District,1S/746/14.875,, ,I,ELIZABETH ST,201415825,23/09/2014,Tue,840,NA,VS1E,713B 727B ,,R,D,B ,F ,T,G,C,50,0,0,1,8,,1365557,4888722
Clutha District,1S/763/0.199,, ,I,LOWERY ST,201448536,13/11/2014,Thu,2330,CB,4S1,101A 116A 135A 804 817 ,V,R,D,DN,F ,T,N,N,100,0,0,0,,,1364578,4887359
Clutha District,1S/763/0.399,200,S, ,LOWERY ST,201442960,21/08/2014,Thu,1836,EC,VN1,195A 912 ,W,E,D,DN,F , , ,C,100,0,0,0,,,1364455,4887201
Clutha District,1S/763/1.937,300,W, ,BLACK BRIDGE ROAD,201442958,28/08/2014,Thu,1950,EC,CE1C,912,W,R,D,DN,F , , ,C,100,0,0,0,,,1363015,4886903
Clutha District,1S/765/3.005,800,N, ,MONEYMORE ROAD,201444772,04/10/2014,Sat,350,EC,TS1,912,W,R,I,DN,SS, ,N,C,100,0,0,0,,,1359775,4885369
Clutha District,1S/765/4.105,300,W, ,MONEYMORE ROAD,201439715,25/06/2014,Wed,500,CC,CW1,412A ,F,R,D,DN,F , , ,C,100,0,0,0,,,1358760,4884949
Clutha District,1S/765/8.211,1000,N, ,STATION ROAD,201438300,29/05/2014,Thu,1040,DB,CS1,111A 131A ,F,M,W,ON,L , , ,C,100,0,0,0,,,1355615,4882965
Clutha District,1S/774/1.834,1200,S, ,COE ROAD,201438897,01/07/2014,Tue,1930,DB,CN1,131A 402A ,F,E,I,DN,S , ,N,C,100,0,0,0,,,1354001,4881704
Clutha District,1S/774/3.643,20,S, ,PATERSON ROAD,201414962,03/07/2014,Thu,635,CC,CS1,135A 802 ,E,R,I,DN,FF, ,N,C,100,0,0,1,,,1352777,4880425
Clutha District,1S/774/6.28,100,N, ,HILLEND ROAD,201441620,08/08/2014,Fri,850,DA,CN1C,131A 802 ,M,M,I,O ,SF, , ,L,100,0,0,0,,,1350962,4878852
Clutha District,1S/774/6.33,50,N, ,HILLEND ROAD,201430669,13/02/2014,Thu,1345,FA,CN1C,132A ,,M,W,O ,L , ,N,C,100,0,0,0,,,1350931,4878812
Clutha District,1S/774/7.762,100,S, ,SH 8,201448537,12/11/2014,Wed,1425,CB,CS1,135A 803 ,,R,I,ON,FF, ,N,C,100,0,0,0,,,1350793,4877470
Clutha District,1S/774/8.353,400,S, ,SMAILL ROAD,201412527,30/04/2014,Wed,315,DA,4N1,131A 632A 800 904 ,C,M,W,DN,M , , ,C,100,0,0,2,,,1350986,4876935
Clutha District,1S/774/9.151,400,N, ,JOHNSTON ROAD,201441616,19/07/2014,Sat,1740,DA,CN1,131A 801 ,F,M,W,DN,L , , ,C,100,0,0,0,,,1350944,4876217
Clutha District,1S/774/10.395,30,W, ,NELSON ROAD,201412286,03/06/2014,Tue,515,EC,CW1,912,W,R,D,DO,F , ,N,L,70,0,0,2,,,1350434,4875376
Clutha District,1S/774/10.54,300,E, ,NORFOLK ST E,201442552,03/07/2014,Thu,800,CB,40,135A 802 ,C,R,I,OF,FF, ,N,C,70,0,0,0,,,1350290,4875381
Clutha District,1S/774/11.17,50,E, ,GORMACK ST,201445430,26/09/2014,Fri,400,EA,CW1V,410A ,M,E,W,DO,F , , ,C,50,0,0,0,,,1349695,4875181
Clutha District,1S/786/0,, ,I,HASBOROUGH PLACE,201443928,10/09/2014,Wed,1610,FB,CW2C,109A 331A ,,R,D,BF,F ,M,G,R,50,0,0,0,,,1349102,4874765
Clutha District,1S/786/0.25,50,N, ,GLASGOW ST,201448434,16/10/2014,Thu,1510,BO,ON1B,686A ,,R,D,BF,F , ,N,L,50,0,0,0,,,1349004,4874537
Clutha District,1S/786/0.33,30,S, ,GLASGOW ST,201414251,11/07/2014,Fri,2345,DA,CS1,103A 131A ,F,M,W,DO,F , ,N,L,50,0,0,1,,,1348958,4874475
Clutha District,CHARLES ST,, ,I,1S/786/0.477,201445169,28/09/2014,Sun,1645,DA,CW1,131A 402A ,F,S,D,B ,F ,X,G,C,50,0,0,0,,,1348812,4874471
Clutha District,1S/787/0.084,100,N, ,ELIZABETH ST,201430539,31/01/2014,Fri,1030,FB,4N1VX,331A ,,R,D,B ,F , , ,X,50,0,0,0,,,1348739,4874430
Clutha District,1S/787/0.114,70,E, ,ELIZABETH ST,201415795,24/09/2014,Wed,1525,NA,CE1E,306A 341A ,,R,D,OF,FS, ,N,X,50,0,1,0,71,,1348714,4874414
Clutha District,1S/787/0.386,, ,I,GEORGE ST,201436159,29/04/2014,Tue,1540,KB,CS1C,302B ,,R,D,B ,F ,T,G,C,50,0,0,0,,,1348485,4874267
Clutha District,1S/787/0.425,40,N, ,GORDON ST,201431579,26/01/2014,Sun,1200,MA,CE1C,373B 404B ,,R,D,B ,F , , ,C,50,0,0,0,,,1348452,4874246
Clutha District,1S/787/0.465,, ,I,GORDON ST,201414377,30/06/2014,Mon,1130,KB,CN14,302B 375B ,,R,D,B ,F ,T,G,C,50,0,0,1,,,1348418,4874224
Clutha District,1S/787/0.602,, ,I,BARR ST,201411820,15/03/2014,Sat,34,CB,CE1,410A ,P,R,D,DO,F ,T,G,C,50,0,0,1,,,1348304,4874150
Clutha District,1S/787/0.834,, ,I,ARGYLE ST,201413451,22/05/2014,Thu,1610,FB,CW1CC,331A 902 ,,R,D,B ,F ,X,G,C,50,0,0,4,,,1348108,4874025
Clutha District,HIGH ST,, ,I,1S/787/0.986,201437586,20/05/2014,Tue,1230,MO,TW2C,371A ,M,R,D,O ,F ,X,G,C,50,0,0,0,,,1347981,4873943
Clutha District,1S/787/2.014,40,N, ,MICHIES ROAD,201444418,11/09/2014,Thu,1600,EA,TN1C,129A 386A ,M,R,D,O ,F , , ,L,50,0,0,0,,,1347018,4873635
Clutha District,1S/787/2.401,40,E, ,WILSON ROAD,201438069,11/06/2014,Wed,1320,CB,CW1,501A ,X,R,D,B ,F , , ,C,50,0,0,0,,,1346691,4873431
Clutha District,1S/787/2.461,, ,I,KAKAPUAKA ROAD,201417885,03/12/2014,Wed,930,JA,CW14,302B 375B ,,R,D,O ,F ,T,G,L,50,0,0,1,,,1346633,4873418
Clutha District,1S/791/0.18,180,W, ,TE HOUKA ROAD,201431581,16/01/2014,Thu,1135,FA,TE1C,181A 191B 404B ,,R,D,O ,F , , ,C,100,0,0,0,,,1344611,4873307
Clutha District,1S/791/0.2,200,W, ,TE HOUKA ROAD,201437754,21/05/2014,Wed,2130,EC,CW1,912,W,R,D,DN,F , , ,C,100,0,0,0,,,1344592,4873312
Clutha District,1S/791/0.781,160,E, ,FOUR MILE CREEK ROAD,201418234,24/12/2014,Wed,2010,DA,CW1,111A 130A 524A ,V,E,D,B ,F , , ,L,100,0,1,3,,,1344045,4873501
Clutha District,1S/791/0.891,50,E, ,FOUR MILE CREEK ROAD,201437887,09/06/2014,Mon,915,DB,CW1,134A 359A ,F,E,W,O ,F , ,N,C,100,0,0,0,,,1343947,4873552
Clutha District,1S/791/2.441,1500,W, ,FOUR MILE CREEK ROAD,201440636,03/07/2014,Thu,910,CB,VW1,135A 802 ,V,R,I,O ,FF, , ,L,100,0,0,0,,,1342458,4873506
Clutha District,1S/791/4.573,50,W, ,MOFFAT ROAD,201414056,07/07/2014,Mon,705,BE,CE14,110A 135A 802 905 ,,M,I,DN,SF, ,N,C,100,0,0,2,,,1340378,4873807
Clutha District,1S/791/8.189,500,E, ,MILL ROAD,201444771,23/09/2014,Tue,1045,CA,TE1,903,,R,D,BN,FS, ,N,C,100,0,0,0,,,1336933,4874337
Clutha District,1S/791/8.589,100,S, ,MILL ROAD,201442901,24/08/2014,Sun,25,DA,CN1,103A 131A 402A ,,M,D,DN,F , , ,C,100,0,0,0,,,1336601,4874536
Clutha District,1S/791/8.689,, ,I,MILL ROAD,201416504,29/09/2014,Mon,1630,KA,BW1C,301B 375B ,,E,D,BN,F ,T,S,L,100,0,0,5,,,1336508,4874572
Clutha District,1S/791/8.989,300,W, ,MILL ROAD,201440116,03/07/2014,Thu,830,CC,CS1,135A 802 905 ,V,R,I,O ,SF, ,N,C,100,0,0,0,,,1336325,4874809
Clutha District,1S/791/10.35,50,W, ,MOA HILL ROAD,201431582,20/01/2014,Mon,1200,GE,TW1O,387A 604B 929 ,,R,D,B ,F ,D, ,C,100,0,0,0,,,1335215,4875504
Clutha District,1S/791/12.277,100,S, ,CLIFTON ROAD,201440195,18/07/2014,Fri,750,CB,CE1,110A 131A 802 905 ,,R,I,TN,SF, ,N,C,100,0,0,0,,,1333551,4876246
Clutha District,1S/807/2.628,600,E, ,ROBERTSON ROAD,201416878,06/11/2014,Thu,1434,MA,TE1V,150A 373B 386B ,,R,D,B ,F , ,N,C,100,0,1,0,,,1327532,4878053
Clutha District,1S/807/8.853,2000,W, ,FAIRVIEW ROAD,201410396,24/01/2014,Fri,300,CC,CN1,410A 411A ,F,R,W,DN,L , ,N,C,100,0,0,1,,,1321517,4877291
Clutha District,1S/807/10.031,, ,I,SH 93,201434510,19/03/2014,Wed,1145,JA,CN1C,302B 375B ,,R,D,OF,F ,T,G,P,50,0,0,0,,,1320370,4877052
Clutha District,1S/817/4.052,, ,I,SPRINGBANK ROAD,201441689,11/08/2014,Mon,745,EC,CN1,195A 832 901 912 ,W,R,W,DN,H ,T,G,C,100,0,0,0,,,1317180,4879490
Clutha District,1S/824/5.893,240,N, ,BEACON HILL ROAD,201443521,08/08/2014,Fri,948,EC,TN1,129A ,FT,R,I,ON,S , ,N,C,100,0,0,0,,,1312242,4885326
Clutha District,1S/824/8.723,100,N, ,BLAIKIE ROAD,201415511,06/09/2014,Sat,2000,EC,CN14,353B 912 ,WW,R,D,DN,F , , ,C,100,0,0,1,,,1310131,4886730
Clutha District,1S/833/2.328,, ,I,SCHOOL ROAD S,201442229,20/07/2014,Sun,700,AO,CW1C,153A 130B 197B ,S,R,W,DN,L ,T,G,C,100,0,0,0,,,1307901,4886483
Clutha District,8/401/9.404,1850,W, ,ATHENAEUM ROAD,201416203,07/09/2014,Sun,845,DB,4N1,102A 410A ,ET,M,D,B ,F , , ,C,100,0,1,0,,,1332809,4919182
Clutha District,8/401/10.354,900,N, ,ATHENAEUM ROAD,201441636,07/08/2014,Thu,830,DB,CW1,131A 410A ,KV,E,W,O ,F , , ,C,100,0,0,0,,,1333565,4918771
Clutha District,8/401/13.354,2100,E, ,ATHENAEUM ROAD,201435093,22/04/2014,Tue,1015,DA,CS1,132A 653A ,C,M,D,B ,F , ,N,C,100,0,0,0,,,1335516,4916596
Clutha District,8/417/4.653,140,S, ,COTTON ROAD,201411652,14/03/2014,Fri,1450,BF,CE1V,131A 410A ,,M,D,ON,F , ,N,L,100,0,1,1,,,1339631,4911596
Clutha District,8/417/4.813,300,S, ,COTTON ROAD,201416039,17/09/2014,Wed,1035,CC,CN1,134A 358A ,C,R,D,O ,F , ,N,C,100,0,0,1,,,1339782,4911544
Clutha District,8/417/7.013,, ,I,TUAPEKA WEST ROAD,201435155,28/04/2014,Mon,1120,KA,CW1C,302B 375B ,,R,W,O ,F ,T,G,C,100,0,0,0,,,1341338,4910202
Clutha District,8/417/9.055,10,N, ,COLONSAY ST,201435098,18/04/2014,Fri,1250,MO,CN14,330B 371B ,,R,D,O ,F ,T,N,C,50,0,0,0,,,1343240,4910216
Clutha District,8/417/9.551,, ,I,WHITEHAVEN ST,201413988,23/06/2014,Mon,2215,DB,CN1,111A 131A ,S,S,D,DO,F ,T,N,C,50,0,0,1,,,1343268,4909721
Clutha District,8/417/10.308,30,W, ,BROWN ROAD,201433611,08/02/2014,Sat,2019,CC,CE1,129A 134A 410A ,CSV,R,D,O ,F , , ,C,100,0,0,0,,,1343907,4909419
Clutha District,8/430/1.195,, ,I,FORSYTH ROAD,201411949,25/03/2014,Tue,950,FD,TS1C4,181A ,,R,W,ON,L ,X,S,C,100,0,0,1,,,1346720,4907170
Clutha District,8/430/5.109,1000,N, ,LOCKHARTS ROAD,201417496,11/11/2014,Tue,1625,DA,CN1,129A 350A ,V,E,W,ON,L , ,N,C,100,0,0,1,,,1348396,4904101
Clutha District,8/430/13.292,200,N, ,ROUND HILL ROAD,201411235,09/02/2014,Sun,1440,DA,MS1,129A 131A ,G,M,D,B ,F , , ,C,100,0,0,1,,,1351999,4897447
Clutha District,8/444/9.959,300,S, ,TULLOCH ROAD,201414074,03/07/2014,Thu,938,CC,VS1,110A 135A 802 905 ,GPV,R,I,O ,SF, ,N,C,100,0,0,1,,,1358183,4890108
Clutha District,8/444/11.37,890,W, ,CRICHTON ROAD,201434904,02/04/2014,Wed,2100,DA,CS1,131A 363A 601A 817 ,V,E,D,DN,F , ,N,N,100,0,0,0,,,1359346,4889382
Clutha District,90/0/11.581,1350,N, ,HERIOT BURN BR,201410894,10/02/2014,Mon,940,BB,TS1T,129A 386A 818 ,,E,D,O ,F , , ,C,100,0,0,1,,,1316603,4920114
Clutha District,90/17/6.033,1160,N, ,MILL ROAD,201414141,21/06/2014,Sat,2235,DA,4N1,103A 129A ,T,E,W,DN,L , ,N,C,100,0,1,0,,,1312457,4910394
Clutha District,90/17/9.328,200,N, ,CAMERON ROAD,201417898,30/11/2014,Sun,1600,DA,MN1,135A 801 809 ,,E,W,O ,L , , ,C,100,0,0,1,,,1310284,4907955
Clutha District,90/17/9.528,, ,I,CAMERON ROAD,201413171,23/05/2014,Fri,645,DC,4N2,130A 354A 901 ,V,S,W,DN,H ,T,G,C,100,0,1,0,,,1310210,4907777
Clutha District,90/35/7.846,360,N, ,DONALD ROAD,201416450,08/09/2014,Mon,720,DA,4S1,131A 407A 801 ,CF,E,W,O ,L , , ,C,100,0,0,1,,,1301257,4897686
Clutha District,93/0/0.172,200,E, ,MERRIE CREEK ROAD,201413878,16/06/2014,Mon,800,EC,CE1,912,W,R,D,TN,F , , ,C,100,0,0,1,,,1320207,4876997
Clutha District,93/0/0.672,300,S, ,MERRIE CREEK ROAD,201438491,16/06/2014,Mon,331,EC,TN1,912,W,E,D,DN,F , , ,C,100,0,0,0,,,1319846,4876688
Clutha District,93/0/2.394,1350,S, ,OLD MANSE ROAD,201431578,26/01/2014,Sun,1400,DB,CN1,111A 131A ,G,M,D,O ,F , , ,L,100,0,0,0,,,1318964,4875332
Clutha District,93/0/2.844,1800,S, ,OLD MANSE ROAD,201438692,17/06/2014,Tue,1345,BF,TS1T,131A 358A ,,M,D,O ,F , , ,L,100,0,0,0,,,1318566,4875128
Clutha District,93/0/3.327,980,E, ,THREE STONES ROAD,201414972,13/07/2014,Sun,1015,DA,40,104A 111A 131A ,CX,M,W,ON,L , ,N,L,100,0,1,1,,,1318306,4874741
Clutha District,93/0/4.387,80,W, ,THREE STONES ROAD,201440042,13/07/2014,Sun,1145,DA,CE1,111A 131A ,CF,M,W,ON,L , ,N,L,100,0,0,0,,,1317550,4874157
Clutha District,93/0/14.512,1320,W, ,DODDS ROAD,201445148,26/09/2014,Fri,1800,DB,CW1,131A 363A 407A 902 ,F,E,D,B ,F , , ,C,80,0,0,0,,,1307985,4874696
Clutha District,93/0/15.192,2000,W, ,DODDS ROAD,201431478,28/02/2014,Fri,2230,EC,4W1,912,W,R,D,DN,F , ,N,C,100,0,0,0,,,1307353,4874521
Dunedin City,ABBOTSFORD ROAD N,40,N, ,WALDRON CRESCENT,201436769,21/05/2014,Wed,1855,EA,CN1C,129A 358A ,M,E,D,DO,F , ,N,C,50,0,0,0,,,1400184,4913861
Dunedin City,ADDERLEY TERRACE,, ,I,TOTARA ST,201435932,05/04/2014,Sat,1200,JA,CN1C,302B 375B ,,M,W,OF,L ,T,G,C,60,0,0,0,,,1409983,4917995
Dunedin City,AITKEN PLACE,20,N, ,BUSH ROAD,201442096,01/08/2014,Fri,1900,EA,CN1C,129A ,M,R,D,DO,F , ,N,N,50,0,0,0,,,1393088,4916086
Dunedin City,ALBANY ST,, ,I,CLYDE ST,201450863,19/09/2014,Fri,1300,HA,CW1C,301A ,,R,D,OF,F ,X,S,C,50,0,0,0,,,1407154,4917610
Dunedin City,ALLANS BEACH ROAD,100,S, ,CAPE SAUNDERS ROAD,201447613,28/11/2014,Fri,1230,CC,CN1,129A 386A ,V,R,D,ON,FS, ,N,N,90,0,0,0,,,1420390,4918738
Dunedin City,ALLANTON-SCROGGS HILL ROA,1850,E, ,RALSTON ST,201416451,06/10/2014,Mon,1930,DA,CS1,138A 191A 801 ,,M,W,O ,L , , ,N,100,0,0,3,,,1389552,4911118
Dunedin City,ANDERSONS BAY ROAD,100,S, ,HILLSIDE ROAD,201416503,06/09/2014,Sat,1210,FE,CN14,181A ,,R,D,BF,F , ,T,R,50,0,0,1,,,1406312,4914901
Dunedin City,ANDERSONS BAY ROAD,120,S, ,HILLSIDE ROAD,201445157,23/09/2014,Tue,1534,FE,CN1C,181A 191B ,,R,D,O ,F , ,T,C,50,0,0,0,,,1406317,4914882
Dunedin City,ANDERSONS BAY ROAD,, ,I,HILLSIDE ROAD,201412330,26/03/2014,Wed,1040,HA,CS1C,322A 334A 402A ,,R,D,O ,F ,X,T,R,50,0,1,0,,,1406262,4914987
Dunedin City,ANDERSONS BAY ROAD,, ,I,HILLSIDE ROAD,201418864,24/12/2014,Wed,1400,GB,SN1T,157A 387A ,,R,D,BF,F ,X,T,C,50,0,0,1,,22,1406262,4914987