TLANAME,CRASHROAD,CRASHDIST,CRASHDIRN,INTSN,SIDEROAD,CRASHID,CRASHDATE,CRASHDOW,CRASHTIME,MVMT,VEHICLES,CAUSES,OBJECTSSTRUCK,ROADCURVE,ROADWET,LIGHT,WTHRa,JUNCTYPE,TRAFCTRL,ROADMARK,SPDLIM,CRASHFATALCNT,CRASHSEVCNT,CRASHMINCNT,PERSAGE1,PERSAGE2,EASTING,NORTHING
Dunedin City,ANDERSONS BAY ROAD,, ,I,MACANDREW ROAD,201410110,10/01/2014,Fri,1745,LB,CN14,303B ,,R,D,O ,F ,X,T,R,50,0,0,2,,,1406453,4914634
Dunedin City,ANDERSONS BAY ROAD,50,N, ,MCBRIDE ST,201443298,27/08/2014,Wed,1530,MA,CN1C,373B ,,R,D,B ,F , , ,C,50,0,0,0,,,1406338,4914816
Dunedin City,ANDERSONS BAY ROAD,100,N, ,MCBRIDE ST,201446663,08/11/2014,Sat,230,GA,CN14,181A 331A 922 ,,R,D,DO,F ,D,N,C,50,0,0,0,,,1406323,4914864
Dunedin City,ANDERSONS BAY ROAD,, ,I,ORARI ST,201430243,22/01/2014,Wed,1130,GA,TS1C,181A ,,R,D,B ,F ,X,T,C,50,0,0,0,,,1406272,4914994
Dunedin City,ANDERSONS BAY ROAD,30,S, ,OXFORD ST,201440446,17/07/2014,Thu,906,EA,CN1C,386A ,M,R,D,B ,F , ,N,C,50,0,0,0,,,1406692,4914427
Dunedin City,ANDERSONS BAY ROAD,, ,I,OXFORD ST,201411752,06/03/2014,Thu,2125,HA,CN2C,112A 302A 517A 197B ,,R,D,DO,F ,T,G,C,50,0,0,1,,,1406669,4914447
Dunedin City,ANDERSONS BAY ROAD,, ,I,PORTOBELLO ROAD,201432631,27/02/2014,Thu,915,KA,4S1C,302B 375B ,,R,D,B ,F ,R,G,R,50,0,0,0,,,1406786,4914366
Dunedin City,ANDERSONS BAY ROAD,40,N, ,SH 1S,201417408,31/10/2014,Fri,2044,FD,CS1CC,103A ,P,R,D,DO,F , ,N,C,50,0,0,3,,,1406083,4915278
Dunedin City,ANDERSONS BAY ROAD,30,N, ,STRATHALLAN ST,201432629,08/03/2014,Sat,2130,AA,VS1C,372A 381A ,,R,D,DO,F , ,N,P,50,0,0,0,,,1406137,4915195
Dunedin City,ANZAC AVENUE,100,W, ,SH 88 ST ANDREW,201441875,07/08/2014,Thu,912,DA,CW1C,131A 800 ,M,M,W,O ,F , , ,C,50,0,0,0,,,1406781,4916941
Dunedin City,ANZAC AVENUE,, ,I,UNION ST EAST,201446220,20/09/2014,Sat,2210,DB,CS2,103A 131A ,F,E,W,DO,L ,T,G,R,50,0,0,0,,,1407737,4917619
Dunedin City,ARAMOANA ROAD,120,N, ,HARBOUR TERRACE,201448844,12/12/2014,Fri,1630,DA,TS1,137A 197A ,C,M,D,O ,F , , ,C,70,0,0,0,,,1415467,4924780
Dunedin City,ARAMOANA ROAD,2500,N, ,LEWIS ST,201418110,08/11/2014,Sat,1320,DB,CN1,102A 131A 504A 800 ,C,M,W,B ,F , , ,C,70,0,0,1,,,1417371,4926296
Dunedin City,ARGYLE ST,, ,I,INGLIS ST,201436134,14/05/2014,Wed,940,HA,CN1C,301A ,,R,W,B ,F ,X,S,C,50,0,0,0,,,1394231,4915625
Dunedin City,ARTHUR ST,100,N, ,DUNCAN ST,201448233,17/10/2014,Fri,1245,FO,CS1C,433A ,,R,D,O ,F , ,N,C,50,0,0,0,,,1405536,4916803
Dunedin City,ASHMORE ST,, ,I,TILBURN ST,201435273,22/04/2014,Tue,1907,EA,VN1C,129A ,M,E,D,DO,F ,T,N,C,50,0,0,0,,,1403625,4918712
Dunedin City,BAKER ST,50,N, ,HILLSIDE ROAD,201441876,14/08/2014,Thu,1315,MC,4S1C,372B 801 ,,R,W,O ,L , , ,N,50,0,0,0,,,1405178,4914359
Dunedin City,BALMACEWEN ROAD,30,W, ,CHAPMAN ST,201444053,22/07/2014,Tue,1453,MC,CW1C,372B ,,R,D,OF,F , ,N,C,50,0,0,0,,,1405406,4919075
Dunedin City,BANK ST,, ,I,NORTH ROAD,201440041,03/07/2014,Thu,745,DA,VS2,135A 802 ,P,R,I,TO,FF,X,T,C,50,0,0,0,,,1407380,4919059
Dunedin City,BARNES DRIVE,, ,I,SOUTH ROAD,201442551,11/07/2014,Fri,2010,DA,CS1,131A ,G,R,D,DO,F ,X,T,R,50,0,0,0,,,1404235,4914428
Dunedin City,BATH ST,80,N, ,STUART ST,201443747,05/07/2014,Sat,400,PO,CS1E,103A 420A ,,E,W,DO,F , , ,N,30,0,0,0,,,1406357,4916947
Dunedin City,BAY VIEW ROAD,10,N, ,AJAX ST,201417280,02/09/2014,Tue,1130,MC,TN1C,191A 330B 372B ,,R,D,B ,F ,T,G,C,50,0,0,1,,,1406273,4914039
Dunedin City,BAY VIEW ROAD,10,W, ,PRINCE ALBERT ROAD,201439033,30/06/2014,Mon,1525,AO,CW1C,381A ,,R,D,OF,F ,X,T,C,50,0,0,0,,,1406343,4914083
Dunedin City,BEGG ST,20,N, ,NEW ST,201433287,13/03/2014,Thu,1850,GB,CS1C,158A 333A 929 ,,R,W,DO,L ,D,N,N,50,0,0,0,,,1406788,4914121
Dunedin City,BENHAR ST,, ,I,ELGIN ROAD,201414312,23/06/2014,Mon,705,NF,CN2E,370A 711B 724B 802 ,,R,I,DO,FF,T,G,C,50,0,0,1,51,,1403978,4915205
Dunedin City,BIRCH ST,30,E, ,BULLER ST,201433931,20/03/2014,Thu,1210,MD,CW1T,357A 371B 930 ,,R,D,B ,F ,D,N,C,50,0,0,0,,,1406556,4916133
Dunedin City,BIRCH ST,, ,I,WHARF ST,201413132,18/05/2014,Sun,1215,HA,CW1C,302A 355A 801 ,,R,W,O ,L ,T,G,R,50,0,0,1,,,1406423,4916161
Dunedin City,BIRD ST,, ,I,COUNCIL ST,201435531,26/04/2014,Sat,1,HA,CS2C,302A ,,R,D,DF,F ,X,G,N,50,0,0,0,,,1406272,4913474
Dunedin City,BLACKHEAD ROAD,680,W, ,TUNNEL BEACH ROAD,201413926,26/05/2014,Mon,930,CB,4W1,112A 125A 905 ,F,R,I,O ,SF, ,N,N,80,0,0,1,,,1401809,4911694
Dunedin City,BLANKET BAY ROAD,320,W, ,SH 88 S,201447387,12/10/2014,Sun,1600,DB,CS1,111A ,F,E,W,O ,F , ,N,N,50,0,0,0,,,1412672,4921842
Dunedin City,BLUESKIN ROAD,500,N, ,PURAKANUI ROAD,201441474,18/06/2014,Wed,0,DA,CN1,134A 195A ,,E,D,DN,F , ,N,C,80,0,0,0,,,1414285,4927162
Dunedin City,BRADSHAW ST,25,N, ,OSMOND ST,201434149,04/04/2014,Fri,1530,EA,CS1C,129A ,M,R,D,O ,F , , ,N,50,0,0,0,,,1405532,4914229
Dunedin City,BRAEMAR ST,15,S, ,HILLSIDE ROAD,201449941,19/12/2014,Fri,1510,MO,CS1C,131A 427A 927 ,M,R,D,O ,F ,D,N,N,50,0,0,0,,,1406119,4914880
Dunedin City,BRIDGMAN ST,, ,I,KING EDWARD ST,201440024,01/07/2014,Tue,755,GF,CW1T,157B 387B ,,M,D,DO,F ,T,G,C,50,0,0,0,,,1405824,4914921
Dunedin City,BRIGHTON ROAD,50,S, ,ALLEN ROAD SOUTH,201436999,08/05/2014,Thu,1312,QG,TS1C,663A 682A ,,R,D,B ,F , , ,C,80,0,0,0,,,1399395,4912190
Dunedin City,BRIGHTON ROAD,90,S, ,ALLEN ROAD SOUTH,201438183,27/05/2014,Tue,654,DA,CN1,135A 802 ,,M,I,DN,FF, ,N,C,80,0,0,0,,,1399372,4912158
Dunedin City,BRIGHTON ROAD,550,S, ,CEMETERY D/WAY,201415979,11/09/2014,Thu,1430,CC,CS1,410A ,C,R,D,B ,F , , ,C,80,0,1,0,,,1397226,4910479
Dunedin City,BRIGHTON ROAD,330,E, ,CREAMERY ROAD,201411537,20/02/2014,Thu,1640,CB,40,504A ,C,R,D,BF,F , ,N,C,50,0,0,1,,,1394936,4909505
Dunedin City,BRIGHTON ROAD,70,E, ,EDNA ST,201443186,15/08/2014,Fri,1850,EA,CE1C,103A 129A ,M,R,D,DO,F , , ,C,50,0,0,0,,,1393977,4909115
Dunedin City,BRIGHTON ROAD,1000,W, ,JEFFCOATES ROAD,201445239,27/09/2014,Sat,100,DB,CE1,103A 111A 131A 357A ,FT,M,D,DN,F , , ,C,60,0,0,0,,,1396964,4910181
Dunedin City,BRIGHTON ROAD,50,S, ,WEIR ST,201418118,23/11/2014,Sun,1125,DA,CS1,129A 131A 402A ,EFR,M,D,B ,F , , ,C,50,0,0,1,,,1399832,4912761
Dunedin City,BROCKVILLE ROAD,50,W, ,GLENROSS ST,201438182,06/03/2014,Thu,1715,QG,CS1C,191A 197A 665A ,,E,D,TF,F , ,N,C,50,0,0,0,,,1403960,4917519
Dunedin City,BROCKVILLE ROAD,40,W, ,SRETLAW PLACE,201445041,22/09/2014,Mon,1645,DB,VE1,135A 422A 905 ,P,E,I,O ,S , ,N,C,50,0,0,0,,,1403405,4917698
Dunedin City,BROWN ST,, ,I,ELM ROW E,201417683,27/11/2014,Thu,850,HA,CW1C,301B 375B ,,R,D,B ,F ,X,S,C,50,0,0,1,,,1405733,4916756
Dunedin City,BUCCLEUGH ST,10,E, ,DUDDINGSTONE STEPS,201435472,08/05/2014,Thu,1900,MO,CN1CC,371A 929 ,,M,D,TO,F ,D,N,N,50,0,0,0,,,1407511,4919393
Dunedin City,BURMA ROAD,300,S, ,POLWARTH ROAD,201448312,13/12/2014,Sat,2005,BA,CW1C,125A 386A 125B 386B 818 ,,R,D,B ,F , ,N,N,50,0,0,0,,,1405549,4919654
Dunedin City,BUSH ROAD,120,W, ,BERWICK ST,201417724,22/12/2014,Mon,1250,EA,CE1CC,102A 350A 386A ,M,R,D,B ,F , ,N,C,50,0,0,1,,,1393583,4916289
Dunedin City,BUSH ROAD,200,E, ,CARLYLE ROAD,201448831,28/11/2014,Fri,1754,CC,CW1,137A 423A ,C,R,D,O ,F , , ,C,50,0,0,0,,,1393367,4916191
Dunedin City,BUSH ROAD,170,E, ,RICCARTON ROAD WEST,201447017,14/09/2014,Sun,30,CC,4W1,101A 134A 358A 410A ,V,R,D,DN,F , ,N,C,80,0,0,0,,,1392650,4915868
Dunedin City,BUSH ROAD,1330,W, ,RICCARTON ROAD WEST,201440322,31/05/2014,Sat,1519,CC,CS1,130A 402A ,V,R,D,B ,F , , ,N,100,0,0,0,,,1391280,4915256
Dunedin City,CARGILL ST,100,W, ,STUART ST,201430846,04/01/2014,Sat,2046,MC,CW1C,372B ,,R,D,BF,F , ,N,C,50,0,0,0,,,1405728,4917100
Dunedin City,CARLYLE ROAD,50,N, ,BUSH ROAD,201450948,20/10/2014,Mon,1516,MC,CN1C,372B ,,R,W,O ,L , , ,N,50,0,0,0,,,1393165,4916153
Dunedin City,CARROLL ST,, ,I,HOPE ST,201441638,06/08/2014,Wed,1520,HA,CE1C,302B ,,R,D,B ,F ,X,G,C,50,0,0,0,,,1405885,4916109
Dunedin City,CARROLL ST,180,E, ,MELVILLE ST,201437003,16/05/2014,Fri,950,MO,4E1C,371A 371B 929 ,,R,D,B ,F ,D,N,N,50,0,0,0,,,1405830,4916083
Dunedin City,CASTLE ST NORTH,25,S, ,DUNDAS ST,201415819,09/07/2014,Wed,2150,CA,MS1,112A 132A 514A ,,R,D,DO,F , , ,N,50,0,0,1,,,1407144,4918293
Dunedin City,CASTLE ST NORTH,5,N, ,HOWE ST,201447582,07/11/2014,Fri,1830,MG,4N1C,352B 371B ,,R,D,B ,F ,X,G,N,50,0,0,0,,,1407228,4918531
Dunedin City,CASTLE ST NORTH,20,S, ,HOWE ST,201415578,05/09/2014,Fri,40,CA,PN1,103A 130A ,D,R,D,DO,F , , ,N,50,0,0,1,,,1407220,4918507
Dunedin City,CENTRE ROAD,300,N, ,POPLAR ROAD WEST,201413987,03/07/2014,Thu,725,CC,4S1,110A 150A ,,R,I,DN,MF, ,N,C,100,0,0,1,,,1381474,4907319
Dunedin City,CENTRE ST,, ,A,SEVERN ST,201439711,06/06/2014,Fri,2140,DC,CN1,101A 110A 332A 904 ,H,S,D,DO,M , , ,N,50,0,0,0,,,1395333,4917307
Dunedin City,CHURCH ST,, ,I,KIRKLAND ST,201441867,25/07/2014,Fri,755,CC,4N1,130A 407A 801 ,P,R,W,O ,L ,X,S,N,50,0,0,0,,,1400904,4913401
Dunedin City,CLIFFORD ST,80,S, ,DALMORE CRESCENT,201447413,18/11/2014,Tue,1700,EA,CN1C,386A ,M,R,W,DO,F , ,N,N,50,0,0,0,,,1406907,4919332
Dunedin City,COAST ROAD,1070,E, ,WAIKOUAITI-WAITATI RD S,201434901,04/04/2014,Fri,156,DA,CN1,103A 410A ,P,E,D,DO,F , ,N,C,70,0,0,0,,,1411714,4934826
Dunedin City,CONNELL ST,400,E, ,LARNACH ROAD,201412931,15/05/2014,Thu,1140,MC,CE1V,372B ,,R,D,B ,F , , ,N,50,0,0,1,,,1409354,4916165
Dunedin City,COUNTY ROAD,5,W, ,SWANSON ST,201442932,26/04/2014,Sat,2000,EA,CN1C,129A ,M,R,D,DO,F ,T,N,C,50,0,0,0,,,1404520,4917852
Dunedin City,CRIMP ST,40,N, ,BOOMER ST,201437755,26/05/2014,Mon,1200,MO,CS1,371A 818 901 927 ,FX,R,W,O ,H ,D, ,N,50,0,0,0,,,1401419,4913923
Dunedin City,CUTTEN ST,100,N, ,HILLSIDE ROAD,201450164,26/12/2014,Fri,915,MO,CS1,330A 386A 402A 929 ,FK,R,D,B ,F ,D, ,N,50,0,0,0,,,1405687,4914503
Dunedin City,CUTTEN ST,20,N, ,MACANDREW ROAD,201443817,18/08/2014,Mon,30,EA,CS1C,129A ,M,R,D,DO,F , ,N,N,50,0,0,0,,,1405839,4914261
Dunedin City,DALZIEL ROAD,550,N, ,BRINSDON ROAD,201412650,05/04/2014,Sat,1735,DB,CN1,111A 131A ,,S,W,ON,L , ,N,C,80,0,0,2,,,1402570,4918281
Dunedin City,DALZIEL ROAD,400,S, ,THREE MILE HILL ROAD,201431548,02/01/2014,Thu,2245,CC,CN1,101A 130A ,C,R,D,DN,F , , ,C,70,0,0,0,,,1402457,4918713
Dunedin City,DALZIEL ROAD,600,S, ,THREE MILE HILL ROAD,201444059,18/07/2014,Fri,800,DA,CS1,135A 402A 802 ,P,M,I,BN,FF, ,N,C,70,0,0,0,,,1402510,4918520
Dunedin City,DALZIEL ROAD,700,S, ,THREE MILE HILL ROAD,201413624,08/05/2014,Thu,1030,BF,CN1T,131A 132A 800 801 ,,E,W,O ,L , , ,C,100,0,1,0,,,1402536,4918424
Dunedin City,DALZIEL ROAD,840,S, ,THREE MILE HILL ROAD,201447813,02/11/2014,Sun,1330,DB,CN1,103A 131A ,F,S,D,BN,F , ,N,C,100,0,0,0,,,1402574,4918289
Dunedin City,DALZIEL ROAD,870,S, ,THREE MILE HILL ROAD,201431666,01/02/2014,Sat,2000,DB,CN1,111A 131A ,FJT,M,D,O ,F , , ,C,70,0,0,0,,,1402560,4918262
Dunedin City,DALZIEL ROAD,, ,I,THREE MILE HILL ROAD,201435536,03/05/2014,Sat,2105,DC,CN1,104A 112A 402A 506A ,C,R,D,DN,F ,T,S,C,70,0,0,0,,,1402351,4919099
Dunedin City,DAVID ST,20,N, ,HILLSIDE ROAD,201430440,19/01/2014,Sun,1453,FC,CN1C,181A ,,R,D,O ,F ,R,G,C,50,0,0,0,,,1404856,4914113
Dunedin City,DAVID ST,, ,I,SOUTH ROAD,201410695,30/01/2014,Thu,930,NF,CE1E,306A 330A ,,R,D,O ,F ,T,T,C,50,0,1,0,,,1404639,4914425
Dunedin City,DAVID ST,50,N, ,THORN ST,201447390,22/11/2014,Sat,1035,EA,CS1CV,103A 129A ,M,R,W,O ,H , ,N,C,50,0,0,0,,,1404726,4914282
Dunedin City,DAVID ST,, ,I,THORN ST,201432310,22/01/2014,Wed,1315,JA,CS1C,301B ,,R,D,B ,F ,X,S,C,50,0,0,0,,,1404752,4914239
Dunedin City,DOWLING ST,100,E, ,RATTRAY ST,201450524,24/11/2014,Mon,1330,EA,CE1V,129A ,M,R,D,O ,F , , ,C,50,0,0,0,,,1406042,4916688
Dunedin City,DRIVERS ROAD,25,E, ,BAXTER ST,201412942,24/05/2014,Sat,304,EA,CW1V,103A 129A ,M,R,D,DO,F , , ,C,50,0,1,0,,,1406073,4918513
Dunedin City,DRIVERS ROAD,, ,I,GRENDON ST,201411535,17/02/2014,Mon,1050,JA,MW1C,302B 375B ,,E,D,BF,F ,T,G,C,50,0,1,0,,,1406206,4918419
Dunedin City,DRIVERS ROAD,, ,I,SLIP N,201413831,06/06/2014,Fri,1500,LB,CS14,303B 352B 375B 801 ,,E,W,O ,L ,T,N,C,50,0,0,1,,,1405927,4918618
Dunedin City,DRIVERS ROAD,50,W, ,TOLCARNE AVENUE,201437800,21/05/2014,Wed,1630,FA,CW1C,331A ,,R,D,B ,F , ,N,C,50,0,0,0,,,1406271,4918373
Dunedin City,DUKE ST,100,N, ,BRUCE ST,201412244,17/05/2014,Sat,2016,CC,4N1TC,103A 125A ,,R,D,DN,F , ,N,C,50,0,0,1,,,1394357,4915548
Dunedin City,DUKE ST,, ,I,GEORGE ST,201437030,14/05/2014,Wed,1750,GB,VW1T,372B ,,R,D,TF,F ,X,T,C,50,0,0,0,,,1406960,4918856
Dunedin City,DUKES ROAD NORTH,, ,I,STEDMAN ROAD,201431414,03/03/2014,Mon,1215,DC,CN2,113A 132A ,V,R,W,OF,L ,T,S,C,50,0,0,0,,,1395756,4918818
Dunedin City,DUNCAN AVENUE,90,E, ,TRUBY KING DRIVE S,201432575,21/03/2014,Fri,1613,ME,VN1V,103B 371B ,,R,D,B ,F , ,N,N,30,0,0,0,,,1415921,4945754
Dunedin City,DUNDAS ST,, ,I,GEORGE ST,201442615,07/06/2014,Sat,1216,GF,VW1C,381A ,,R,D,OF,F ,T,G,C,50,0,0,0,,,1406810,4918440
Dunedin City,DUNDAS ST,100,W, ,HARBOUR TERRACE,201443214,17/08/2014,Sun,340,EA,CE1C,129A ,M,R,W,DO,L , , ,C,50,0,0,0,,,1407511,4918187
Dunedin City,EGLINTON ROAD,, ,I,MACNEE ST,201443510,04/08/2014,Mon,810,KB,CE1C,302B 375B ,,R,D,BF,F ,T,G,C,50,0,0,0,,,1404776,4915952
Dunedin City,EGLINTON ROAD,20,N, ,MCGEORGE AVENUE,201434152,04/04/2014,Fri,2210,QD,CN1C,428A 904 ,M,R,D,DO,M , , ,C,50,0,0,0,,,1404974,4915863
Dunedin City,EGLINTON ROAD,10,E, ,PARKHILL AVENUE,201440336,01/06/2014,Sun,1520,MO,VW1C,330A 371A ,,R,D,B ,F ,T,N,N,50,0,0,0,,,1404661,4915994
Dunedin City,EGLINTON ROAD,15,W, ,PEEL ST,201445116,01/10/2014,Wed,800,QD,CW1,420A ,FJ,R,D,B ,F , , ,P,50,0,0,0,,,1404815,4915938
Dunedin City,ELGIN ROAD,, ,I,ARGYLE ST,201400011,09/01/2014,Thu,127,DC,ME2,112A 130A 632A ,FP,R,W,DO,L ,T,S,C,50,1,0,0,,,1404120,4915758
Dunedin City,ELGIN ROAD,10,S, ,BOWLER AVENUE,201449939,11/12/2014,Thu,1809,EA,TN14,386A 818 831 ,M,E,D,O ,F ,T,G,C,50,0,0,0,,,1404112,4915802
Dunedin City,ELGIN ROAD,15,S, ,BUCKINGHAM ST,201444686,20/09/2014,Sat,1955,EE,VS1C,374B ,Q,R,D,DO,F ,T,N,C,50,0,0,0,,,1403950,4915101
Dunedin City,ELGIN ROAD,25,N, ,GALLOWAY ST,201413877,20/05/2014,Tue,850,NB,CN1E,383A 713B 717B 726B ,,R,D,O ,F , ,P,X,50,0,0,1,5,,1404125,4915887
Dunedin City,EMERSON ST,, ,I,BLACKHEAD ROAD,201413588,19/07/2014,Sat,2135,DC,CS1,103A 335A 801 ,C,R,W,DO,L ,T,G,C,50,0,1,0,,,1402920,4912622
Dunedin City,EMERSON ST,20,S, ,MAIN SOUTH ROAD,201442355,03/07/2014,Thu,830,MO,BS1C,386A 930 ,M,R,I,O ,F ,D,N,C,50,0,0,0,,,1402792,4913668
Dunedin City,ESKVALE ST,100,S, ,NEW ST,201416939,24/07/2014,Thu,2310,CC,CS1C,103A 129A ,,R,D,DO,F , ,N,N,50,0,0,1,,,1406774,4913970
Dunedin City,ETHEL BENJAMIN PLACE,15,S, ,ALBANY ST,201431115,12/02/2014,Wed,1210,MD,CN1C,330B 371B 929 ,,R,D,O ,F ,D,N,C,50,0,0,0,,,1406922,4917677
Dunedin City,EVERY ST,80,E, ,HEATH ST,201447583,23/10/2014,Thu,129,EA,CW1C,103A 129A ,M,M,D,DO,F , , ,N,50,0,0,0,,,1408732,4915012
Dunedin City,FACTORY ROAD,15,E, ,SH 87,201436149,22/04/2014,Tue,1100,MO,CE1C,371A ,M,R,D,B ,F , , ,C,50,0,0,0,,,1394170,4916545
Dunedin City,FACTORY ROAD,, ,I,WINGATUI ROAD,201445147,25/09/2014,Thu,845,HA,CW1C,301B 375B ,,R,D,O ,F ,X,S,C,50,0,0,0,,,1395821,4917287
Dunedin City,FAIRFAX ST,20,W, ,HIGHGATE,201436078,28/04/2014,Mon,,EA,CW1C,129A ,M,R,W,O ,L , ,N,N,50,0,0,0,,,1405593,4918294
Dunedin City,FILLEUL ST,50,S, ,LONDON ST,201441633,05/07/2014,Sat,1340,MO,CN1C,371A ,M,R,W,O ,F , , ,C,50,0,0,0,,,1406340,4917485
Dunedin City,FILLEUL ST,5,N, ,MORAY PLACE,201418136,12/12/2014,Fri,1335,PO,CS1E,383A ,,E,D,O ,F ,T,G,R,50,0,0,1,22,,1406204,4917081
Dunedin City,FILLEUL ST,50,N, ,ST ANDREW ST,201440319,24/06/2014,Tue,1640,AA,CS1C,372A 381A ,,R,D,TO,F , , ,C,50,0,0,0,,,1406267,4917279
Dunedin City,FILLEUL ST,50,S, ,ST ANDREW ST,201414237,24/06/2014,Tue,910,MC,CS1C,372B 382B ,,R,D,O ,F , ,N,R,50,0,0,1,,,1406233,4917185
Dunedin City,FILLEUL ST,, ,I,YORK PLACE,201410454,08/02/2014,Sat,1540,NF,LE2E,307A ,,R,D,B ,F ,X,T,C,50,0,1,0,44,,1406250,4917232
Dunedin City,FLAGSTAFF-WHARE FLAT ROAD,2500,E, ,SILVERSTREAM VALLEY ROAD,201445926,08/10/2014,Wed,1630,BF,CN1C,111A 131A 813 ,,S,D,B ,F , , ,N,100,0,0,0,,,1401313,4923431
Dunedin City,FLAGSTAFF-WHARE FLAT ROAD,1600,N, ,THREE MILE HILL ROAD,201415755,24/08/2014,Sun,1510,BB,CN1C,129A ,,M,D,BN,F , ,N,C,80,0,0,2,,,1402206,4920491
Dunedin City,FORBURY ROAD,, ,I,ALBERT ST,201449940,18/12/2014,Thu,730,HA,XS2V,302A 370A 191B ,,R,D,O ,F ,X,G,C,50,0,0,0,,,1405286,4912859
Dunedin City,FORBURY ROAD,10,S, ,BAY VIEW ROAD,201447410,07/11/2014,Fri,1630,MO,VS1C,371A ,M,R,D,B ,F ,X,G,C,50,0,0,0,,,1405105,4913229
Dunedin City,FORBURY ROAD,, ,I,FENTON CRESCENT,201412365,30/03/2014,Sun,2035,ND,4S1K,370A 724B ,,R,D,DO,F ,T,G,C,50,0,0,1,29,,1405096,4913630
Dunedin City,FORBURY ROAD,, ,I,VICTORIA ROAD,201418227,20/12/2014,Sat,2130,FB,CS1C,101A 181A 331A ,,R,D,OO,F ,X,S,C,50,0,0,1,,,1405340,4912774
Dunedin City,FORFAR ST,, ,I,KIRRIEMUIR ST W,201416176,01/10/2014,Wed,2315,DA,CW2,103A 131A 402A ,P,R,D,DO,F ,T,N,N,50,0,0,1,,,1404579,4915107
Dunedin City,FORTH ST,30,N, ,UNION ST EAST,201434881,21/03/2014,Fri,1745,MF,CS1C,371B ,,R,D,BF,F , ,N,C,50,0,0,0,,,1407354,4917806
Dunedin City,FORTH ST,, ,I,UNION ST EAST,201415569,10/08/2014,Sun,10,HA,CN1C,302A 335A 375A ,,R,D,DO,F ,X,G,C,50,0,4,2,,,1407344,4917778
Dunedin City,FREDERICK ST,20,E, ,GEORGE ST,201418012,18/11/2014,Tue,750,NG,XE1E,371A ,,R,D,BF,F , ,N,C,50,0,0,1,66,,1406531,4917598
Dunedin City,FREDERICK ST,20,E, ,GREAT KING ST,201443926,10/09/2014,Wed,845,AC,CW1C,372A ,,R,D,OF,F , ,N,C,50,0,0,0,,,1406644,4917557
Dunedin City,FRENCH ST,, ,I,KITCHENER ST,201418792,18/12/2014,Thu,755,BB,PE1M,124A 137B ,,E,D,O ,F ,T,G,P,50,0,0,1,,,,
Dunedin City,FRYATT ST,30,E, ,WHARF ST,201412533,11/04/2014,Fri,830,MC,4E1C,197A 193B 381B 386B ,,E,D,B ,F , , ,P,50,0,0,1,,,1406501,4916373
Dunedin City,GARFIELD AVENUE,30,E, ,HIGHGATE,201448547,18/10/2014,Sat,1915,CC,CW1C,112A 130A ,M,R,W,BF,F , ,N,N,50,0,0,0,,,1405505,4917978
Dunedin City,GEORGE KING MEMORIAL DRIV,5700,N, ,SH 87 S,201414027,18/06/2014,Wed,1625,DB,VS1,111A 330A ,C,M,D,TN,F , ,N,C,100,0,0,1,,,1385979,4923164
Dunedin City,GEORGE ST,, ,I,ALBANY ST,201444278,30/08/2014,Sat,121,DB,4W2C,103A 133A 322A ,M,S,D,DO,F ,T,T,C,50,0,0,0,,,1406587,4917814
Dunedin City,GEORGE ST,300,N, ,DUKE ST,201438065,04/06/2014,Wed,820,DA,TN1C,131A 802 ,K,M,I,DO,F , , ,C,50,0,0,0,,,1407090,4919115
Dunedin City,GEORGE ST,, ,I,DUKE ST,201434163,02/04/2014,Wed,735,AA,TN1C,129A 184A 129B 184B ,,R,D,O ,F ,X,T,C,50,0,0,0,,,1406960,4918856
Dunedin City,GEORGE ST,, ,I,DUNDAS ST,201415281,29/07/2014,Tue,2100,MC,PN1C,372B ,,R,D,DO,F ,T,G,C,50,0,0,1,,,1406810,4918440
Dunedin City,GEORGE ST,15,N, ,FREDERICK ST,201413140,02/05/2014,Fri,1422,PA,BS1E,722B ,,R,D,O ,F , , ,C,50,0,0,1,22,,1406517,4917619
Dunedin City,GEORGE ST,30,N, ,HANOVER ST,201449717,16/10/2014,Thu,1825,EA,CN1C,386A ,M,R,D,B ,F , ,N,C,50,0,0,0,,,1406447,4917425
Dunedin City,GEORGE ST,500,S, ,LONDON ST,201410830,22/02/2014,Sat,135,NA,CS1E,112A 352A 370A ,,R,D,DO,F , , ,C,50,0,0,1,21,,1406344,4917134
Dunedin City,GEORGE ST,, ,I,LONDON ST,201441513,10/08/2014,Sun,100,MG,CN14,350B 371B ,,R,D,DO,F ,M,T,C,30,0,0,0,,,1406512,4917605
Dunedin City,GEORGE ST,15,N, ,PITT ST,201432616,07/03/2014,Fri,1312,FD,CN14,150A 181A 353A ,,R,D,B ,F , ,N,C,50,0,0,0,,,1406517,4917619
Dunedin City,GEORGE ST,10,N, ,ST ANDREW ST,201444279,18/09/2014,Thu,1650,AC,BN1S,372A 190B 330B 801 ,,R,W,O ,L ,X,T,C,30,0,0,0,,,1406367,4917199
Dunedin City,GEORGE ST,100,N, ,ST ANDREW ST,201443624,31/08/2014,Sun,1645,NA,CN1E,711B ,,R,D,O ,F , , ,C,30,0,0,0,,,1406397,4917284
Dunedin City,GEORGE ST,120,N, ,WARRENDER ST,201445145,23/09/2014,Tue,812,GA,SN1C,333A 930 ,,R,D,O ,F ,D, ,C,50,0,0,0,,,1406924,4918760
Dunedin City,GEORGE ST,25,S, ,WILLOWBANK,201416628,10/10/2014,Fri,2015,FD,VN1CC,181A 331A 633A 901 ,,R,W,DO,H , , ,C,50,0,0,1,,,1407021,4919025
Dunedin City,GLADSTONE ROAD NORTH,120,E, ,IRWIN LOGAN DRIVE,201414828,14/07/2014,Mon,1450,CB,TE1,129A 818 ,,R,D,BF,F , ,N,C,50,0,0,1,,,1395411,4915544
Dunedin City,GLADSTONE ROAD SOUTH,50,W, ,SH 87,201436894,29/05/2014,Thu,1554,MO,CW1C,357A 512A 357B 512B 801 ,,R,W,O ,L , , ,C,50,0,0,0,,,1394687,4915217