TLANAME,CRASHROAD,CRASHDIST,CRASHDIRN,INTSN,SIDEROAD,CRASHID,CRASHDATE,CRASHDOW,CRASHTIME,MVMT,VEHICLES,CAUSES,OBJECTSSTRUCK,ROADCURVE,ROADWET,LIGHT,WTHRa,JUNCTYPE,TRAFCTRL,ROADMARK,SPDLIM,CRASHFATALCNT,CRASHSEVCNT,CRASHMINCNT,PERSAGE1,PERSAGE2,EASTING,NORTHING
Dunedin City,GLEN ROAD,10,S, ,HAYWOOD ST,201445036,01/10/2014,Wed,1500,EA,CS1CC,129A 504A ,M,R,D,B ,F ,T,N,C,50,0,0,0,,,1405080,4915123
Dunedin City,GLENPARK AVENUE,, ,I,FORFAR ST,201444416,21/09/2014,Sun,1315,HA,CW2C,302B 354B ,,R,W,O ,L ,X,G,C,50,0,0,0,,,1404411,4915204
Dunedin City,GLENPARK AVENUE,, ,I,GLEN ROAD,201448696,07/12/2014,Sun,1815,KA,CS1C,301B 370B ,,R,D,O ,F ,X,S,C,50,0,0,0,,,1404544,4915646
Dunedin City,GORDON ST,, ,I,VOGEL ST,201441327,20/07/2014,Sun,1005,HA,4W1C,302B 375B 404B ,P,R,D,O ,F ,X,G,C,50,0,0,0,,,1406012,4915625
Dunedin City,GRANVILLE TERRACE,140,N, ,PRESTON CRESCENT,201431431,06/02/2014,Thu,2203,CB,CN1C,103A 410A ,M,R,D,DN,F , ,N,N,50,0,0,0,,,1404642,4916644
Dunedin City,GREAT KING ST,50,N, ,FREDERICK ST,201430784,04/02/2014,Tue,1405,MF,CN1C,371B ,,R,D,BF,F , ,N,C,50,0,0,0,,,1406642,4917611
Dunedin City,GREAT KING ST,110,N, ,FREDERICK ST,201416340,13/10/2014,Mon,1505,PC,4N1E,330A 371A 730B 929 ,,R,D,B ,F ,D,N,N,50,0,1,0,78,,1406662,4917668
Dunedin City,GREAT KING ST,40,S, ,FREDERICK ST,201445162,11/09/2014,Thu,1504,MO,CS1C,371A ,M,R,D,B ,F , , ,C,50,0,0,0,,,1406612,4917526
Dunedin City,GREAT KING ST,50,S, ,FREDERICK ST,201440745,15/07/2014,Tue,1615,AA,CN1C,372A ,,R,W,TF,M , , ,C,50,0,0,0,,,1406608,4917517
Dunedin City,GREAT KING ST,90,S, ,ST ANDREW ST,201444168,08/05/2014,Thu,1545,DB,CS1C,385A 930 ,M,E,D,OF,F ,D,N,C,50,0,0,0,,,1406446,4917062
Dunedin City,GREAT KING ST,70,N, ,UNION PLACE,201413447,30/05/2014,Fri,1420,PC,CN1,376A 922 ,,R,D,B ,F ,D,N,C,50,0,0,1,31,,1406667,4917681
Dunedin City,GREAT KING ST NORTH,50,S, ,BANK ST,201418261,18/12/2014,Thu,1619,EE,SN1V,374B ,M,E,D,O ,F , , ,C,50,0,1,0,,54,1407339,4919030
Dunedin City,GREAT KING ST NORTH,, ,I,BANK ST,201412804,07/04/2014,Mon,858,FE,CN1V,331A 904 ,,R,W,O ,M ,X,T,C,50,0,0,1,,,1407380,4919059
Dunedin City,HALFWAY BUSH ROAD,900,S, ,THREE MILE HILL ROAD,201411945,16/03/2014,Sun,1347,DB,CN1,131A ,V,M,W,ON,H , ,N,C,80,0,0,1,,,1401306,4918299
Dunedin City,HALL ROAD,150,N, ,TEWSLEY ST,201446661,01/11/2014,Sat,424,DA,CN1,129A 131A 929 ,E,E,D,DF,F ,D,N,N,50,0,0,0,,,1413037,4923905
Dunedin City,HALL ROAD,400,N, ,TEWSLEY ST,201433101,19/03/2014,Wed,1915,MO,CN1,131A 804 ,X,E,W,TN,F , , ,N,50,0,0,0,,,1412865,4924085
Dunedin City,HANOVER ST,, ,I,GREAT KING ST,201441872,31/07/2014,Thu,1925,LB,CE1C,303B ,,R,D,TO,F ,X,T,C,50,0,0,0,,,1406550,4917356
Dunedin City,HANOVER ST,, ,I,HARROW ST,201412758,16/04/2014,Wed,1345,HA,CN2C,301A 377A 839 ,,R,D,OF,F ,X,S,C,50,0,0,1,,,1406962,4917208
Dunedin City,HANOVER ST,, ,I,HARROW ST,201437593,05/06/2014,Thu,1708,HA,CS2C,301A ,,R,D,TO,F ,X,S,C,50,0,0,0,,,1406962,4917208
Dunedin City,HANOVER ST,, ,I,HARROW ST,201415212,30/07/2014,Wed,1835,HA,CN2C,301A 375A ,,R,D,DO,F ,X,S,C,50,0,0,1,,,1406962,4917208
Dunedin City,HARBOUR TERRACE,20,N, ,ST DAVID ST,201444022,13/08/2014,Wed,1700,MA,CN1CC,181A ,MM,R,D,DO,F , ,N,C,50,0,0,0,,,1407537,4917964
Dunedin City,HARINGTON POINT ROAD,20,W, ,ALLANS BEACH ROAD,201449933,23/12/2014,Tue,1715,EA,VW14,129A ,M,R,D,B ,F , , ,C,50,0,0,0,,,1417678,4921104
Dunedin City,HARINGTON POINT ROAD,, ,I,KERR ST,201443571,16/08/2014,Sat,1710,BC,CN1V,129A 363A 902 ,,E,D,BN,F ,T,N,C,70,0,0,0,,,1419205,4922188
Dunedin City,HARINGTON POINT ROAD,1000,N, ,PAKIHAU ROAD,201431432,14/02/2014,Fri,745,DA,CS1,131A 404A ,C,M,W,ON,F , ,N,C,80,0,0,0,,,1423315,4926945
Dunedin City,HARINGTON POINT ROAD,1600,E, ,TIDEWATER DRIVE,201438070,31/05/2014,Sat,2345,DB,4W1,195A ,FP,E,D,DN,F , , ,C,80,0,0,0,,,1420342,4923675
Dunedin City,HARTSTONGE AVENUE,100,W, ,REID AVENUE,201432574,06/01/2014,Mon,1530,JA,CW1C,308B 375B 926 ,,R,D,O ,F ,D,N,C,50,0,0,0,,,1394268,4916780
Dunedin City,HARTSTONGE AVENUE,10,E, ,SH 87,201448826,27/11/2014,Thu,1730,AO,4E1C,158A 386A ,,R,D,B ,F ,T,G,N,50,0,0,0,,,1394093,4916703
Dunedin City,HAWTHORN AVENUE,10,E, ,LONSDALE ST,201449227,14/12/2014,Sun,1244,DA,CW1,103A 131A ,ET,E,D,B ,F ,T,G,C,50,0,0,0,,,1404723,4916201
Dunedin City,HAWTHORN AVENUE W,, ,I,QUEENS DRIVE,201435473,13/05/2014,Tue,1900,JA,CE14,301B 375B ,,M,W,DO,F ,M,S,C,50,0,0,0,,,1404899,4916210
Dunedin City,HELENA ST,10,S, ,HILLSIDE ROAD,201445240,11/10/2014,Sat,1330,CB,CN1,102A 405A 407A 423A ,S,R,D,O ,F ,T,S,C,50,0,0,0,,,1405227,4914318
Dunedin City,HELENSBURGH ROAD,20,N, ,SHETLAND ST,201436662,08/04/2014,Tue,1535,EA,CN1C,110A 503A ,M,R,W,O ,F , ,N,C,50,0,0,0,,,1404302,4918826
Dunedin City,HENLEY ROAD,730,S, ,CHRISTIES GULLY ROAD,201416305,26/08/2014,Tue,920,DB,CW1,131A 195A ,V,M,D,O ,F , ,N,C,100,0,0,1,,,1380647,4904401
Dunedin City,HENLEY ROAD,, ,I,MAORI KAIK ROAD,201440635,19/07/2014,Sat,1340,DA,CN1,110A 135A 805 ,C,M,W,O ,F ,T,N,C,100,0,0,0,,,1379578,4903650
Dunedin City,HENLEY-BERWICK ROAD,, ,I,CENTRE ROAD,201412993,02/06/2014,Mon,1750,DC,CS2,130A 335A 904 ,C,R,W,DN,M ,T,N,C,100,0,1,1,,,1379487,4904962
Dunedin City,HENLEY-BERWICK ROAD,100,W, ,SH 1S,201447892,19/09/2014,Fri,2020,FA,CE1C,181A ,,R,W,DO,L , ,G,N,100,0,0,0,,,1379726,4904762
Dunedin City,HIGH ST,20,E, ,BROADWAY,201436868,08/04/2014,Tue,2125,MO,CE1C,101A 386A 402A ,M,R,D,DO,F , , ,C,50,0,0,0,,,1406019,4916439
Dunedin City,HIGH ST,30,W, ,BROADWAY,201444996,13/10/2014,Mon,1715,EA,CE14,386A ,M,R,D,B ,F , ,N,C,50,0,0,0,,,1405974,4916417
Dunedin City,HIGH ST,100,S, ,GREEN ST,201443572,03/08/2014,Sun,615,EA,CN1C,129A 410A ,M,R,D,DO,F , ,N,C,50,0,0,0,,,1394868,4916341
Dunedin City,HIGH ST,, ,I,GREEN ST,201431476,28/02/2014,Fri,845,LB,CS14,303B 375B ,,R,W,OF,H ,X,S,R,50,0,0,0,,,1394827,4916432
Dunedin City,HIGH ST,120,S, ,WICKLIFFE ST,201418111,10/12/2014,Wed,1950,EA,CS1C,102A 129A 359A 410A ,M,E,D,TF,F , , ,C,50,0,0,1,,,1395026,4915976
Dunedin City,HIGH ST,, ,I,WILLIAM ST,201438071,15/04/2014,Tue,1445,HA,CW1C,302B ,,R,W,O ,L ,X,G,C,50,0,0,0,,,1405237,4916069
Dunedin City,HIGHCLIFF ROAD,300,E, ,BUSKIN ROAD,201442961,30/08/2014,Sat,925,AO,VE1S,129A 330A ,,R,D,B ,F , , ,C,80,0,0,0,,,1414050,4916227
Dunedin City,HIGHCLIFF ROAD,50,S, ,EVERY ST S,201412024,30/03/2014,Sun,1940,EA,SS1C,130A 501A ,M,R,D,TF,F , ,N,C,50,0,1,0,,17,1409011,4914775
Dunedin City,HIGHCLIFF ROAD,960,S, ,SANDYMOUNT ROAD,201410416,17/01/2014,Fri,1720,BF,MS14,129A 131A 352A ,,S,W,O ,LS, , ,N,80,0,0,1,,,1416233,4916882
Dunedin City,HIGHCLIFF ROAD,120,W, ,SEAL POINT ROAD,201413481,24/05/2014,Sat,715,DB,CE1,131A 802 ,C,M,I,DN,F , , ,C,70,0,1,0,,,1416134,4916886
Dunedin City,HIGHGATE,15,S, ,GRENDON ST,201448842,13/12/2014,Sat,1725,EA,CS1C,129A 410A ,M,E,D,B ,F , , ,P,50,0,0,0,,,1405775,4918576
Dunedin City,HIGHGATE,10,E, ,STRATHMORE CRESCENT,201417637,06/11/2014,Thu,815,FC,4S1C,181A 330A ,,R,D,O ,F ,R,G,N,50,0,0,1,,,1405216,4917658
Dunedin City,HILLSIDE ROAD,50,E, ,BRAEMAR ST,201416095,26/09/2014,Fri,2324,PF,CE1CE,357A 512A ,M,R,D,DO,F , ,N,C,50,0,1,0,19,,1406153,4914919
Dunedin City,HILLSIDE ROAD,30,S, ,BRAEMAR ST,201412410,20/03/2014,Thu,1335,NB,CS1EE,194A 710B 719B 710C 719C ,,R,D,B ,F , , ,C,50,0,0,2,78,,1406086,4914876
Dunedin City,HILLSIDE ROAD,10,E, ,BROUGHTON ST,201441512,31/07/2014,Thu,1155,MB,CW1X,372B ,,R,D,B ,F ,T,N,C,50,0,0,0,,,1406023,4914836
Dunedin City,HILLSIDE ROAD,, ,I,BROUGHTON ST,201439031,31/01/2014,Fri,1525,FE,CW1C,181A ,,R,D,OF,F ,T,T,C,50,0,0,0,,,1406014,4914830
Dunedin City,HILLSIDE ROAD,, ,I,BURNS ST,201439931,09/06/2014,Mon,945,HA,CW1C,322B ,,R,W,OF,L ,X,T,C,50,0,0,0,,,1405397,4914438
Dunedin City,HILLSIDE ROAD,, ,I,BURNS ST,201410770,29/03/2014,Sat,1640,HA,CS2C,322B 334B ,,R,D,O ,F ,X,T,C,50,0,0,2,,,1405397,4914438
Dunedin City,HILLSIDE ROAD,, ,I,EDWIN ST,201415818,03/09/2014,Wed,1503,FC,CW1CC,331A 181B ,,R,D,B ,F ,T,N,P,50,0,0,4,,,1405003,4914189
Dunedin City,HILLSIDE ROAD,15,W, ,FOX ST,201432935,14/03/2014,Fri,1205,MA,CE1C,373B ,,R,D,B ,F , , ,P,50,0,0,0,,,1405781,4914682
Dunedin City,HILLSIDE ROAD,40,W, ,KING EDWARD ST,201443762,23/08/2014,Sat,1648,MO,VW1C,371A ,,R,D,O ,F , , ,C,50,0,0,0,,,1405884,4914748
Dunedin City,HILLSIDE ROAD,, ,I,KING EDWARD ST,201410842,07/02/2014,Fri,1400,FE,CN1C,130A 412A ,,R,D,B ,F ,X,T,C,50,0,0,2,,,1405918,4914769
Dunedin City,HILLSIDE ROAD,5,N, ,LAW ST,201411237,01/03/2014,Sat,1130,FD,VE1CC,181A 352A 181B ,,R,D,O ,F ,T,G,C,50,0,0,3,,,1405294,4914373
Dunedin City,HILLSIDE ROAD,20,W, ,LAW ST,201415932,06/08/2014,Wed,815,FD,CE1C,331A 363A 902 ,,R,D,B ,F , , ,C,50,0,0,1,,,1405273,4914359
Dunedin City,HILLSIDE ROAD,10,S, ,SURREY ST,201410020,24/02/2014,Mon,1428,NA,CS1E,306A 376A ,,R,D,B ,F ,X,S,X,50,0,0,1,30,,1404960,4914161
Dunedin City,HILLSIDE ROAD,30,S, ,WESLEY ST,201418455,16/12/2014,Tue,1435,NG,CN1E,330A 371A 927 ,,R,D,B ,F ,D, ,C,50,0,0,1,22,,1405490,4914498
Dunedin City,HOPE ST,, ,I,STAFFORD ST,201441864,09/08/2014,Sat,1420,FB,CN1V,331A 352A ,,R,D,B ,F ,X,G,C,50,0,0,0,,,1405834,4916218
Dunedin City,INGLIS ST,, ,I,ARGYLE ST,201415424,31/08/2014,Sun,1520,HA,CN2V,321A 330A ,,R,D,B ,F ,X,S,N,50,0,0,1,,,1394231,4915625
Dunedin City,INGS AVENUE,300,E, ,FORBURY ROAD,201446369,25/10/2014,Sat,1100,EA,CW1C,129A ,M,R,D,BF,F , ,N,N,50,0,0,0,,,1405391,4913257
Dunedin City,ISADORE ROAD,, ,I,ABERDEEN ROAD,201412486,25/04/2014,Fri,1045,JA,CS1C,302A 350A 801 ,,E,W,O ,L ,T,G,C,50,0,0,1,,,1404289,4912665
Dunedin City,JEFFERY ST,50,N, ,KINVIG ST,201431417,24/02/2014,Mon,920,QD,CS1,428A ,FH,R,D,BF,F , ,N,N,50,0,0,0,,,1408870,4914841
Dunedin City,JERVOIS ST,, ,I,BOND ST,201443573,18/08/2014,Mon,1052,KB,CE1C,308B 363B 375B 902 930 ,,R,D,BF,F ,D,N,C,50,0,0,0,,,1405997,4915943
Dunedin City,JERVOIS ST,, ,I,VOGEL ST,201441325,30/07/2014,Wed,820,HA,CN2V,302A 375A ,,R,D,B ,F ,X,G,C,50,0,0,0,,,1406132,4915960
Dunedin City,JOHN WILSON OCEAN DRIVE,60,E, ,VICTORIA ROAD,201443741,24/03/2014,Mon,1915,KA,MS1V,308B 330B 930 ,,M,D,DF,F ,D,N,C,50,0,0,0,,,1406883,4913318
Dunedin City,JOHN WILSON OCEAN DRIVE,20,S, ,VICTORIA ROAD,201434161,10/04/2014,Thu,1200,MC,CS1C,372B ,,R,D,O ,F , , ,C,50,0,0,0,,,1406863,4913352
Dunedin City,JUBILEE ST,, ,I,NAPIER ST,201415357,30/08/2014,Sat,1425,LB,CW1V,302A 375A ,,M,D,B ,F ,T,G,C,50,0,0,1,,,1404353,4916319
Dunedin City,KAIKORAI VALLEY ROAD,300,S, ,BARR ST,201412666,17/04/2014,Thu,1630,MA,CS14,373B ,,R,D,TF,F , ,N,C,50,0,0,1,,,1403111,4915168
Dunedin City,KAIKORAI VALLEY ROAD,30,S, ,BRYANT ST,201441877,07/08/2014,Thu,1511,FA,CN1C,331A 358A ,,R,D,B ,F , , ,R,50,0,0,0,,,1403444,4915827
Dunedin City,KAIKORAI VALLEY ROAD,200,S, ,BRYANT ST,201412731,19/01/2014,Sun,1744,CC,CN1,410A ,T,R,W,OF,L , ,N,R,50,0,0,1,,,1403351,4915685
Dunedin City,KAIKORAI VALLEY ROAD,100,N, ,DONALD ST,201416688,11/06/2014,Wed,1700,NG,CS1E,383A 715B 927 ,,R,D,TO,F ,D, ,R,50,0,0,1,60,,1403120,4915190
Dunedin City,KAIKORAI VALLEY ROAD,100,S, ,DONALD ST,201446873,10/11/2014,Mon,1110,MC,CN1C,372B ,,R,D,B ,F , ,N,C,50,0,0,0,,,1403037,4915009
Dunedin City,KAIKORAI VALLEY ROAD,110,N, ,FACILITY ACCESS,201414236,31/07/2014,Thu,1305,JA,4N1C,308B 375B 926 ,,R,D,B ,F ,D,N,R,50,0,0,1,,,1403832,4916963
Dunedin City,KAIKORAI VALLEY ROAD,, ,I,FRASERS ROAD,201448311,10/12/2014,Wed,1900,JA,CE1C,302B 375B ,,R,D,O ,F ,T,G,C,50,0,0,0,,,1404438,4917603
Dunedin City,KAIKORAI VALLEY ROAD,, ,I,HERMOND ST,201449925,23/12/2014,Tue,1724,FA,CW1C,181A 331A 357B ,,R,D,B ,F ,T,G,C,50,0,0,0,,,1404291,4917539
Dunedin City,KAIKORAI VALLEY ROAD,, ,I,IPSWICH ST,201431120,20/02/2014,Thu,1726,QD,CS1,428A 611A ,F,R,D,B ,F ,T,G,C,50,0,0,0,,,1403911,4917146
Dunedin City,KAIKORAI VALLEY ROAD,15,W, ,MELLOR ST,201432178,11/02/2014,Tue,940,FE,CE1C,181A 358A ,,R,D,B ,F ,T,T,C,50,0,0,0,,,1404738,4917725
Dunedin City,KAIKORAI VALLEY ROAD,10,S, ,STONE ST,201441281,22/07/2014,Tue,1600,FB,CN1C,181A 331A ,,R,D,O ,F ,R,G,R,50,0,0,0,,,1403793,4916804
Dunedin City,KAIKORAI VALLEY ROAD,, ,I,STONE ST,201447016,21/09/2014,Sun,50,DB,CS14,111A 131A ,M,R,W,DO,L ,R,G,R,50,0,0,0,,,1403789,4916818
Dunedin City,KAIKORAI VALLEY ROAD,40,W, ,STUART ST,201439212,09/06/2014,Mon,1945,FC,CE1C,331A ,,R,W,DN,L , , ,X,50,0,0,0,,,1404893,4917769
Dunedin City,KAIKORAI VALLEY ROAD,40,W, ,TAIERI ROAD,201436024,27/04/2014,Sun,1110,CA,CE1,103A ,ST,R,D,BN,F , ,N,R,50,0,0,0,,,1404893,4917769
Dunedin City,KENMURE ROAD,70,S, ,CARNARVON ST,201440548,11/07/2014,Fri,1953,CC,VS14C,112A 130A 504A ,P,R,D,DO,F , , ,C,50,0,0,0,,,1404169,4916720
Dunedin City,KENMURE ROAD,, ,I,GALLOWAY ST,201437505,31/05/2014,Sat,1540,JA,CS1C,301B 377B 902 ,,R,D,B ,F ,T,S,C,50,0,0,0,,,1403950,4915908
Dunedin City,KENMURE ROAD,, ,I,MAILER ST,201417967,14/12/2014,Sun,1550,KB,MN1C,302B ,,R,D,B ,F ,T,G,C,50,0,0,2,,,1404117,4916115
Dunedin City,KENMURE ROAD,, ,I,MAILER ST,201415288,27/07/2014,Sun,1330,KB,CN1C,302B 375B ,,S,W,OF,L ,T,G,R,50,0,0,1,,,1404117,4916115
Dunedin City,KENMURE ROAD,, ,I,NAPIER ST,201414497,24/06/2014,Tue,1745,LB,CS1S,302A 375A ,,R,D,DO,F ,R,G,R,50,0,1,0,,17,1404187,4916360
Dunedin City,KENMURE ROAD,, ,I,PITCAIRN ST,201445925,25/10/2014,Sat,1222,KB,CS1C,302B ,,R,D,B ,F ,X,G,C,50,0,0,0,,,1404087,4916656
Dunedin City,KENMURE ROAD,120,S, ,STANLEY ST,201430155,12/01/2014,Sun,1435,BF,CS1C,131A 420A 901 ,,E,W,OF,H , , ,C,50,0,0,0,,,1403708,4915604
Dunedin City,KENMURE ROAD,, ,I,STONE ST,201444031,01/07/2014,Tue,1430,HA,CS1C,302A 375A ,,E,D,OF,F ,R,G,R,50,0,0,0,,,1404187,4916360
Dunedin City,KILBURN AVENUE,, ,A,SALISBURY PLACE,201450075,16/12/2014,Tue,1530,EC,CN1,386A ,X,R,D,B ,F , , ,N,20,0,0,0,,,1395499,4916461
Dunedin City,KING EDWARD ST,5,S, ,ARDMORE DRIVE,201448683,05/12/2014,Fri,1855,DB,CS1,103A 131A ,K,E,D,B ,F ,T,S,C,50,0,0,0,,,1405708,4915102
Dunedin City,KING EDWARD ST,, ,I,CAMERON ST,201436659,28/04/2014,Mon,1120,KA,CS1C,302B 375B ,,R,D,O ,F ,T,G,P,50,0,0,0,,,1405873,4914841
Dunedin City,KING EDWARD ST,, ,I,CAMERON ST,201446335,23/09/2014,Tue,1715,JA,CS1C,302B 314B 377B ,,R,D,OF,F ,T,G,C,50,0,0,0,,,1405873,4914841
Dunedin City,KING EDWARD ST,10,E, ,HILLSIDE ROAD,201432417,18/01/2014,Sat,930,AA,CN1C,372A ,,E,D,O ,F ,X,T,C,50,0,0,0,,,1405924,4914761
Dunedin City,KING EDWARD ST,50,S, ,HILLSIDE ROAD,201431714,20/01/2014,Mon,930,EA,CS1C,386A ,M,R,D,O ,F , , ,P,50,0,0,0,,,1405945,4914727
Dunedin City,KING EDWARD ST,50,N, ,MELBOURNE ST,201414147,04/06/2014,Wed,1430,FD,4N1C,181A ,,R,D,BF,F , ,N,C,50,0,0,1,,,1406182,4914356
Dunedin City,KING EDWARD ST,15,S, ,MELBOURNE ST,201432373,15/01/2014,Wed,1550,FC,CN1C,181A ,,R,D,O ,F , , ,X,50,0,0,0,,,1406217,4914301
Dunedin City,KING EDWARD ST,, ,I,MELBOURNE ST,201410453,11/02/2014,Tue,2158,HA,CE2S,113A 534B ,,R,W,DO,M ,X,G,C,50,0,1,0,,29,1406209,4914313
Dunedin City,KING EDWARD ST,, ,I,MELBOURNE ST,201437450,21/05/2014,Wed,1255,HA,CS1C,302A 375A ,,R,D,O ,F ,X,G,C,50,0,0,0,,,1406209,4914313
Dunedin City,LACHLAN AVENUE,, ,I,QUEENS DRIVE S,201440447,20/07/2014,Sun,10,KB,CN1C,301B 375B ,,R,W,DO,F ,T,S,C,50,0,0,0,,,1406572,4918708
Dunedin City,LACHLAN AVENUE,50,S, ,WARRENDER ST W,201450436,22/11/2014,Sat,2240,DA,4N1,103A 131A 358A ,T,M,D,DO,F , ,N,C,50,0,0,0,,,1406632,4918477
Dunedin City,LARNACH ROAD,5,N, ,MARNE ST,201432142,16/03/2014,Sun,1840,CB,CS1,110A 135A 801 806 ,K,R,W,O ,L ,T,N,C,50,0,0,0,,,1408004,4915085
Dunedin City,LAWRENCE ST,15,S, ,MAILER ST,201430765,06/02/2014,Thu,1500,AO,CN1C,385A ,,R,W,OF,L , ,N,N,50,0,0,0,,,1404486,4916041
Dunedin City,LAWRENCE ST,, ,I,MAILER ST,201445120,28/08/2014,Thu,1350,LB,CN1C,303B 375B ,,R,D,O ,F ,X,S,C,50,0,0,0,,,1404489,4916056
Dunedin City,LECKHAMPTON COURT,120,W, ,BRIDGE ST,201411748,20/03/2014,Thu,1627,BF,CW1S,121A 330A ,,S,D,B ,F , , ,C,50,0,1,0,,62,1405066,4914948
Dunedin City,LECKHAMPTON COURT,110,N, ,SLIP,201433286,18/02/2014,Tue,1520,BC,CN1C,121A ,,S,D,BF,F , ,N,N,50,0,0,0,,,1405012,4915040
Dunedin City,LECKHAMPTON COURT,50,N, ,ST HELIERS COURT,201434150,05/04/2014,Sat,1000,DA,CE1,110A 131A 901 ,P,M,W,O ,H , , ,C,50,0,0,0,,,1405062,4914948
Dunedin City,LEE CANAL ROAD,, ,I,MILLER ROAD,201445927,27/09/2014,Sat,545,DB,CN1,103A 111A 131A ,C,S,D,TN,F ,T,N,N,100,0,0,0,,,1381243,4913075
Dunedin City,LONDON ST,30,E, ,CONSTITUTION ST,201435474,09/03/2014,Sun,2000,MA,CS1C,372B ,,E,D,O ,F , ,N,C,50,0,0,0,,,1406384,4917545
Dunedin City,LONDON ST,50,E, ,FILLEUL ST,201444276,11/09/2014,Thu,1055,MD,CW1CC,371B 377B 839 929 ,X,R,D,B ,F ,D, ,C,50,0,0,0,,,1406402,4917554
Dunedin City,LONDON ST,, ,I,STUART ST,201443600,29/08/2014,Fri,1710,LB,CE1C,303B ,,R,D,O ,F ,X,T,C,50,0,0,0,,,1405767,4917252
Dunedin City,LOYALTY ST,20,S, ,HILLSIDE ROAD,201448310,14/11/2014,Fri,1705,EA,CN1C,386A ,M,R,D,B ,F , ,N,N,50,0,0,0,,,1405168,4914270
Dunedin City,LYNN ST,, ,I,WALES ST,201447475,12/11/2014,Wed,1605,JA,CN1C,309B 375B ,,R,D,B ,F ,T,N,N,50,0,0,0,,,1405546,4918522
Dunedin City,MACANDREW ROAD,25,E, ,ATKINSON ST,201448539,21/11/2014,Fri,1540,MD,CW1C,371B 929 ,,R,W,OF,L ,T,G,C,50,0,0,0,,,1405934,4914299
Dunedin City,MACANDREW ROAD,20,W, ,KING EDWARD ST,201434797,15/04/2014,Tue,1756,FD,CW1C,331A 832 ,,R,W,DO,L , ,N,C,50,0,0,0,,,1406120,4914416
Dunedin City,MACANDREW ROAD,, ,I,KIRKCALDY ST,201450557,28/12/2014,Sun,1725,KB,CE1C,302B 375B ,,R,D,B ,F ,T,G,N,50,0,0,0,,,1405598,4914081
Dunedin City,MACANDREW ROAD,, ,I,SURREY ROAD,201436803,21/05/2014,Wed,1711,HA,CS2C,302A 375A ,,R,D,O ,F ,X,G,C,50,0,0,0,,,1405187,4913822
Dunedin City,MACANDREW ROAD,, ,I,SURREY ST,201443759,16/08/2014,Sat,1600,LB,CW1C,303B ,,R,D,B ,F ,X,S,C,50,0,0,0,,,1405187,4913822
Dunedin City,MACANDREW ROAD,40,E, ,WESLEY ST,201430295,15/01/2014,Wed,1219,MD,CE14,371B 929 ,,R,D,B ,F ,D,N,C,50,0,0,0,,,1405769,4914191
Dunedin City,MACLAGGAN ST,130,E, ,CLARK ST,201418021,20/11/2014,Thu,1305,MB,CW1C,372B ,,M,W,OF,L , ,N,C,50,0,0,1,,,1405958,4916543
Dunedin City,MAILER ST,50,W, ,LAWRENCE ST,201432572,08/03/2014,Sat,1548,FA,CE1C,181A 331A ,,R,D,O ,F , ,N,C,50,0,0,0,,,1404440,4916064
Dunedin City,MAILER ST,, ,I,LAWRENCE ST,201446219,06/09/2014,Sat,430,DA,CN2,103A 111A 131A ,KS,S,D,DO,F ,X,S,C,50,0,0,0,,,1404489,4916056
Dunedin City,MAIN SOUTH ROAD,100,E, ,CHURCH ST,201412056,15/04/2014,Tue,1900,MA,PE1C,330B 373B ,,E,W,DO,F , ,N,C,50,0,0,1,,,1400940,4913629
Dunedin City,MAIN SOUTH ROAD,, ,I,CHURCH ST,201434171,12/04/2014,Sat,1831,JA,CW1C,103A 110A 301B 382B 801 ,,E,W,DO,L ,T,S,C,50,0,0,0,,,1400847,4913662
Dunedin City,MAIN SOUTH ROAD,10,E, ,HARRAWAY ROAD,201413165,05/05/2014,Mon,1644,FC,CW14,104A 331A 353A 402A ,,R,D,B ,F ,X,S,C,50,0,1,1,,,1401126,4913627
Dunedin City,MAIN SOUTH ROAD,, ,I,KAIKORAI VALLEY ROAD N,201410508,19/01/2014,Sun,1115,FD,CN1M,181A ,,E,D,OF,F ,T,G,R,50,0,0,1,,,1402539,4913966
Dunedin City,MAIN SOUTH ROAD,5,E, ,SCOTLAND TERRACE,201410995,26/02/2014,Wed,743,FC,CE1C,331A 363A 902 ,,R,D,BF,F ,T,G,X,50,0,0,1,,,1401464,4913675
Dunedin City,MAIN SOUTH ROAD,20,W, ,SCOTLAND TERRACE,201430208,13/01/2014,Mon,1432,FC,VW14,181A 331A 350A ,,R,D,O ,F , , ,X,50,0,0,0,,,1401439,4913679
Dunedin City,MAIN SOUTH ROAD N,20,W, ,KAIKORAI VALLEY ROAD,201410379,01/01/2014,Wed,1740,CC,CE1,504A ,ST,R,W,OF,L ,T,G,N,50,0,0,1,,,1402525,4913952
Dunedin City,MALLOCH ST,30,W, ,COURT ST,201434916,07/02/2014,Fri,1505,QD,CN1V,527A ,FM,R,D,BF,F , ,N,N,50,0,0,0,,,1418481,4948205
Dunedin City,MALVERN ST,20,S, ,HARDEN ST,201450286,20/11/2014,Thu,810,EA,CS1CV,331A 351A ,MM,E,D,ON,F , ,N,C,50,0,0,0,,,1406384,4920045
Dunedin City,MANSE ST,, ,I,PRINCES ST,201418340,21/11/2014,Fri,1040,FE,4E1M,420A ,,R,D,BF,F ,T,T,C,50,0,0,1,,,1406054,4916316
Dunedin City,MAORI ROAD,190,W, ,ADAM ST,201415513,19/08/2014,Tue,715,DA,CN1,103A 110A 131A 802 ,C,M,I,O ,FF, , ,C,50,0,0,2,,,1405158,4916597
Dunedin City,MAORI ROAD,, ,I,SERPENTINE AVENUE,201416677,23/10/2014,Thu,1350,DA,TW1,111A 353A 410A ,P,M,D,B ,F ,X,S,N,50,0,0,2,,,1404914,4916211
Dunedin City,MARNE ST,, ,I,PORTOBELLO ROAD,201440084,12/06/2014,Thu,600,FB,CE1C,181A ,,R,D,DO,F ,T,G,C,50,0,0,0,,,1407714,4915105