TLANAME,CRASHROAD,CRASHDIST,CRASHDIRN,INTSN,SIDEROAD,CRASHID,CRASHDATE,CRASHDOW,CRASHTIME,MVMT,VEHICLES,CAUSES,OBJECTSSTRUCK,ROADCURVE,ROADWET,LIGHT,WTHRa,JUNCTYPE,TRAFCTRL,ROADMARK,SPDLIM,CRASHFATALCNT,CRASHSEVCNT,CRASHMINCNT,PERSAGE1,PERSAGE2,EASTING,NORTHING
Dunedin City,1S/667/13.888,, ,I,STEAD ROAD,201436126,10/05/2014,Sat,1536,GE,CN1C,160A ,,R,D,O ,F ,T,N,L,100,0,0,0,,,1410994,4936126
Dunedin City,1S/667/14.088,200,S, ,STEAD ROAD,201413449,24/06/2014,Tue,643,DA,CS1,131A 802 ,,M,I,TN,FF, , ,L,100,0,0,2,,,1411090,4935951
Dunedin City,1S/667/15.099,550,N, ,JONES ROAD,201413351,03/01/2014,Fri,150,DB,CS1,131A 614A 631A ,G,M,D,DN,F , , ,C,100,0,0,1,,,1410788,4935063
Dunedin City,1S/683/3.497,, ,I,HARVEY ST,201418238,28/12/2014,Sun,1644,JA,TS1C,302B 375B 404B ,,E,D,O ,F ,T,G,C,100,0,1,1,,,1410890,4931249
Dunedin City,1S/683/3.497,, ,I,HARVEY ST,201446138,20/10/2014,Mon,1230,LB,CS1C,303B 375B 801 ,,E,W,O ,L ,T,G,C,100,0,0,0,,,1410890,4931249
Dunedin City,1S/683/7.474,1750,S, ,DONALDS HILL ROAD,201417727,22/12/2014,Mon,1958,CB,4S1,104A 129A 351A 363A ,G,R,D,B ,F , ,N,X,100,0,1,0,,,1409765,4927664
Dunedin City,1S/683/10.272,870,W, ,PIGEON FLAT OBR,201410378,22/01/2014,Wed,1339,BF,CS1TV,104A 129A ,,M,D,ON,F , ,N,C,100,0,1,0,,,1408049,4925937
Dunedin City,1S/683/11.697,, ,I,WAITATI VALLEY ROAD,201411571,02/03/2014,Sun,1500,JA,4N1C,301B 375B ,,E,W,ON,L ,X,S,C,100,0,0,1,,,1406979,4925163
Dunedin City,1S/683/11.827,130,S, ,LEITH VALLEY ROAD,201437682,23/05/2014,Fri,2110,DA,CN1,131A 407A ,C,M,W,DN,F , , ,C,100,0,0,0,,,1406895,4925064
Dunedin City,1S/683/12.097,400,W, ,PIGEON FLAT ROAD,201437504,27/05/2014,Tue,2202,BF,CW1T,131A 802 ,,M,I,DN,FF, , ,C,100,0,0,0,,,1406979,4924839
Dunedin City,1S/683/12.197,500,S, ,WAITATI VALLEY ROAD,201413251,27/05/2014,Tue,900,FA,BN1C,110A 181A 191B 802 ,,E,I,O ,SF, ,N,C,100,0,0,2,,,1407049,4924767
Dunedin City,1S/683/12.197,500,S, ,WAITATI VALLEY ROAD,201413914,27/05/2014,Tue,812,BF,VS1T,111A 131A ,G,E,I,ON, F, ,N,C,100,0,0,1,,,1407049,4924767
Dunedin City,1S/683/12.697,1000,S, ,PIGEON FLAT ROAD,201437503,27/05/2014,Tue,2200,DB,CS1,111A 131A 402A 802 ,G,M,I,DN,FF, , ,C,100,0,0,0,,,1407301,4924356
Dunedin City,1S/683/13.123,300,N, ,WATERMANS COTTAGE OBR,201439851,26/06/2014,Thu,1854,BF,VN14,131A 504A ,,E,D,DN,F , , ,C,100,0,0,0,,,1407276,4923949
Dunedin City,1S/683/13.817,80,N, ,BUTLERS OBR,201410184,28/01/2014,Tue,1255,BO,VN1C,104B ,,R,D,B ,F , , ,C,100,0,1,2,,,1407103,4923278
Dunedin City,1S/683/15.937,3000,N, ,PINE HILL ROAD,201414227,27/06/2014,Fri,1750,BC,4N14,103A 121A ,,E,W,DN,L , ,N,L,100,0,2,0,,,1406264,4921649
Dunedin City,1S/683/15.937,3000,N, ,PINE HILL ROAD,201413287,08/05/2014,Thu,1840,DA,4S1,330A 666A ,E,E,W,DN,L , ,N,L,100,0,0,1,,,1406264,4921649
Dunedin City,1S/700/1.186,1300,N, ,PINE HILL ROAD,201444061,07/07/2014,Mon,1010,DA,CS1,135A 802 ,,M,I,BN,F , ,N,C,100,0,0,0,,,1407124,4920611
Dunedin City,1S/704/0,, ,I,GREAT KING ST NORTH,201431908,16/02/2014,Sun,1315,HA,CN1C,301B 375B ,,R,D,BF,F ,X,S,N,50,0,0,0,,,1407197,4918962
Dunedin City,1S/704/0,, ,I,GREAT KING ST NORTH,201430864,16/02/2014,Sun,1315,HA,CS1C,301B 375B ,,E,D,BF,F ,X,S,C,50,0,0,0,,,1407197,4918962
Dunedin City,1S/704/0.102,100,N, ,DUKE ST,201436998,23/04/2014,Wed,1120,MC,VN1C,372B ,,R,W,O ,F , , ,C,50,0,0,0,,,1407116,4918906
Dunedin City,1S/704/0.185,, ,I,DUKE ST,201431419,26/02/2014,Wed,825,LB,4W24,301A 375A ,,R,D,BF,F ,X,S,C,50,0,0,0,,,1407187,4918777
Dunedin City,1S/704/0.185,, ,I,DUKE ST,201447844,03/11/2014,Mon,1212,HA,4N1C,322A ,,R,D,OF,F ,X,T,C,50,0,0,0,,,1407187,4918777
Dunedin City,1S/704/0.202,, ,I,DUKE ST,201450536,11/12/2014,Thu,1845,KB,TN1C,301B 330B ,,E,D,O ,F ,X,S,C,50,0,0,0,,,1407074,4918816
Dunedin City,1S/704/0.202,, ,I,DUKE ST,201411860,04/04/2014,Fri,1300,GC,CN1S,303B 372B ,,R,D,BF,F ,X,T,C,50,0,0,1,,18,1407074,4918816
Dunedin City,1S/704/0.202,, ,I,DUKE ST W,201449937,24/11/2014,Mon,1640,LB,CE2C,303B 375B 402B ,,R,D,B ,F ,X,T,C,50,0,0,0,,,1407074,4918816
Dunedin City,1S/704/0.222,20,S, ,DUKE ST,201442097,01/08/2014,Fri,2100,EA,CN1C,129A ,M,R,D,BF,F , ,N,C,50,0,0,0,,,1407068,4918797
Dunedin City,1S/704/0.285,100,S, ,DUKE ST,201440643,06/07/2014,Sun,1801,BA,CS1C,201A 338A 801 ,,R,W,DO,L , , ,C,50,0,0,0,,,1407153,4918683
Dunedin City,1S/704/0.38,30,N, ,HOWE ST,201434153,07/04/2014,Mon,1800,AC,TS1C,372A 671A ,,R,D,O ,F , , ,C,50,0,0,0,,,1407121,4918594
Dunedin City,1S/704/0.41,, ,I,HOWE ST,201448690,05/12/2014,Fri,1846,HA,VS1X,302B 330B 370B ,,R,D,B ,F ,X,G,C,50,0,0,0,,,1407111,4918566
Dunedin City,1S/704/0.41,, ,I,HOWE ST,201412719,04/04/2014,Fri,1120,LB,CW2C,302B 375B ,,R,W,OF,L ,X,G,C,50,0,0,1,,,1407111,4918566
Dunedin City,1S/704/0.414,10,N, ,HOWE ST,201417634,19/11/2014,Wed,1740,GB,SN14,370B 671B 923 ,,R,D,B ,F ,D,N,C,50,0,0,1,,39,1407002,4918616
Dunedin City,1S/704/0.424,, ,I,HOWE ST,201437890,14/05/2014,Wed,1428,PC,CN1E,371A ,,R,D,O ,F ,X,T,C,50,0,0,0,,,1406999,4918606
Dunedin City,1S/704/0.464,40,S, ,HOWE ST,201431913,12/02/2014,Wed,430,MO,CN1C,371A 924 ,M,R,D,DO,  ,D,N,C,50,0,0,0,,,1406986,4918568
Dunedin City,1S/704/0.474,50,S, ,HOWE ST,201413645,15/06/2014,Sun,55,NA,XN1E,713B ,,R,D,DO,F , , ,C,50,0,1,0,36,,1406983,4918559
Dunedin City,DUNDAS ST E,, ,I,1S/704/0.629,201412260,15/05/2014,Thu,1920,LB,4E1C,303B 387B ,,R,D,DO,F ,X,T,C,50,0,0,1,,,1407039,4918359
Dunedin City,1S/704/0.629,, ,I,DUNDAS ST,201444019,14/08/2014,Thu,2030,HA,CS1C,322A ,,R,D,DO,F ,X,T,C,50,0,0,0,,,1407039,4918359
Dunedin City,1S/704/0.629,, ,I,DUNDAS ST,201411817,12/03/2014,Wed,1555,NA,CS1E,711B ,,R,D,BF,F ,X,T,C,50,0,1,0,16,,1407039,4918359
Dunedin City,DUNDAS ST,, ,I,1S/704/0.644,201414253,22/05/2014,Thu,1244,HA,CN2C,132B 322B 500B ,,R,D,B ,F ,X,T,C,50,0,0,1,,,1406926,4918399
Dunedin City,1S/704/0.644,, ,I,DUNDAS ST,201414536,07/07/2014,Mon,950,ND,CN1EE,307A 363A 902 ,,R,W,B ,F ,X,T,C,50,0,0,2,13,,1406926,4918399
Dunedin City,1S/704/0.644,, ,I,DUNDAS ST,201412724,16/04/2014,Wed,1330,HA,CE2C,322B ,,R,D,OF,F ,X,T,C,50,0,0,1,,,1406926,4918399
Dunedin City,1S/704/0.654,10,S, ,DUNDAS ST,201413136,07/05/2014,Wed,1700,FE,CN1CC,181A 420A 801 ,,R,W,O ,L ,X,T,C,50,0,0,1,,,1406922,4918390
Dunedin City,1S/704/0.694,50,S, ,DUNDAS ST,201410109,06/01/2014,Mon,1230,FA,CN1S,181A ,,R,D,O ,F , , ,C,50,0,0,1,,29,1406909,4918352
Dunedin City,1S/704/0.751,100,N, ,ST DAVID ST,201446075,15/09/2014,Mon,655,MO,CS1C,386A ,M,R,D,O ,F , , ,C,50,0,0,0,,,1406998,4918244
Dunedin City,1S/704/0.791,60,N, ,ST DAVID ST,201440039,26/06/2014,Thu,1516,MA,CS1C,373B 375B ,,R,D,OF,F , ,N,C,50,0,0,0,,,1406984,4918206
Dunedin City,1S/704/0.85,15,N, ,ST DAVID ST,201434168,30/03/2014,Sun,640,CC,CN1C,103A 112A 130A 410A ,M,R,D,DO,F , , ,C,50,0,0,0,,,1406854,4918205
Dunedin City,ST DAVID ST,, ,I,CUMBERLAND ST,201416971,07/10/2014,Tue,1200,NA,CW1E,711B ,,R,D,BF,F ,X,T,C,50,0,0,1,20,,1406964,4918149
Dunedin City,1S/704/0.856,5,S, ,ST DAVID ST,201432129,05/03/2014,Wed,900,FD,CS1C,110A 181A ,,R,W,O ,F ,X,G,C,50,0,0,0,,,1406962,4918145
Dunedin City,1S/704/0.971,120,S, ,ST DAVID ST,201418339,12/11/2014,Wed,915,FD,MS1C,181A ,,R,D,OF,F , ,N,C,50,0,0,1,,,1406923,4918037
Dunedin City,1S/704/1.023,50,N, ,UNION PLACE,201433919,20/03/2014,Thu,1100,NB,CS1E,713B ,,R,D,B ,F , ,N,N,50,0,0,0,,,1406906,4917988
Dunedin City,1S/704/1.048,25,N, ,UNION ST WEST,201415751,21/08/2014,Thu,1300,JO,CS1P,308B 377B 927 ,,R,D,BF,F ,D,N,C,50,0,0,1,,,1406897,4917965
Dunedin City,1S/704/1.073,, ,I,UNION ST WEST,201410689,05/03/2014,Wed,858,CB,PS1,137A 197A ,,R,W,O ,F ,X,T,C,50,0,1,0,,,1406889,4917941
Dunedin City,1S/704/1.088,15,S, ,UNION PLACE,201433181,21/03/2014,Fri,1330,MO,CN1C,371A ,M,R,D,B ,F , , ,C,50,0,0,0,,,1406884,4917927
Dunedin City,1S/704/1.108,20,S, ,UNION ST WEST,201418705,08/12/2014,Mon,1332,FD,CN1C4,181A 331A 353A ,,R,D,B ,F , , ,C,50,0,0,1,,,1406768,4917962
Dunedin City,1S/704/1.294,, ,I,ALBANY ST,201440026,07/07/2014,Mon,925,FE,CN14,331A ,,R,D,BF,F ,X,T,C,50,0,0,0,,,1406815,4917733
Dunedin City,1S/704/1.294,, ,I,ALBANY ST,201443185,20/07/2014,Sun,1940,HA,CW2T,322A 334A ,,R,D,DO,F ,X,T,C,50,0,0,0,,,1406815,4917733
Dunedin City,1S/704/1.309,, ,I,ALBANY ST,201449922,24/12/2014,Wed,844,QO,4N1,130A 668A ,X,R,D,B ,F ,X,T,C,50,0,0,0,,,1406700,4917773
Dunedin City,1S/704/1.309,, ,I,ALBANY ST,201448866,30/11/2014,Sun,1120,HA,CE2CC,324B ,M,R,D,O ,F ,X,T,C,50,0,0,0,,,1406700,4917773
Dunedin City,1S/704/1.456,100,N, ,FREDERICK ST,201432877,06/03/2014,Thu,1355,NB,CS1E,713B ,,R,D,B ,F , , ,C,50,0,0,0,,,1406845,4917580
Dunedin City,CASTLE ST,, ,I,FREDERICK ST,201438751,15/04/2014,Tue,1035,HA,CW2V,322A 334A ,,R,D,OF,F ,X,T,C,50,0,0,0,,,1406852,4917483
Dunedin City,1S/704/1.556,, ,I,FREDERICK ST,201417541,26/11/2014,Wed,1210,FA,CW2M,357A 512A ,,R,D,BF,F ,X,T,C,50,0,0,1,,,1406852,4917483
Dunedin City,1S/704/1.556,, ,I,FREDERICK ST,201410009,10/01/2014,Fri,825,NC,TS1E,370A 710B ,,E,D,O ,F ,X,T,C,50,0,1,0,26,,1406852,4917483
Dunedin City,1S/704/1.556,, ,I,FREDERICK ST,201414346,06/06/2014,Fri,1709,NF,CS1E,307A 376A 724B ,,R,D,DO,F ,X,T,C,50,0,0,1,19,,1406852,4917483
Dunedin City,1S/704/1.556,, ,I,FREDERICK ST,201440323,11/07/2014,Fri,1335,HA,4S1C,322B 334B 351B ,,R,D,O ,F ,X,T,C,50,0,0,0,,,1406852,4917483
Dunedin City,FREDERICK ST,, ,I,1S/704/1.575,201442825,27/08/2014,Wed,745,AO,CE1S,357A 512A 357B ,,R,D,O ,F ,X,T,C,50,0,0,0,,,1406739,4917523
Dunedin City,1S/704/1.575,, ,I,FREDERICK ST,201447174,04/10/2014,Sat,2336,HA,TN1C,322A 330A 197B ,,R,D,DO,F ,X,T,C,50,0,0,0,,,1406739,4917523
Dunedin City,1S/704/1.677,100,N, ,HANOVER ST,201417489,31/10/2014,Fri,925,NB,CS1E,341A ,,R,D,BF,F , ,N,C,30,0,0,1,20,,1406812,4917368
Dunedin City,1S/704/1.762,15,N, ,HANOVER ST,201439849,02/05/2014,Fri,1545,FD,CS1CC,181A 331A ,,R,D,B ,F , , ,C,50,0,0,0,,,1406784,4917288
Dunedin City,1S/704/1.777,, ,I,HANOVER ST,201434918,15/03/2014,Sat,700,GF,BS14,158B 208B 387B ,,R,D,BF,F ,X,T,C,50,0,0,0,,,1406779,4917274
Dunedin City,1S/704/1.777,, ,I,HANOVER ST,201450098,20/12/2014,Sat,1234,HA,CW2C,113B 322B 334B ,,R,D,O ,F ,X,T,C,50,0,0,0,,,1406779,4917274
Dunedin City,1S/704/1.792,15,S, ,HANOVER ST,201418298,18/12/2014,Thu,1445,FD,4S1CC,331A 358A ,,R,D,O ,F , , ,C,50,0,0,2,,,1406773,4917260
Dunedin City,HANOVER ST,, ,I,CUMBERLAND ST CENTRAL,201410500,22/01/2014,Wed,800,LB,CE1M,303B 375B ,,R,D,OF,F ,X,T,C,50,0,0,1,,,1406664,4917315
Dunedin City,1S/704/1.796,, ,I,HANOVER ST,201418667,12/11/2014,Wed,1710,FE,4N1C,331A 350A ,,R,D,OF,F ,X,T,C,50,0,0,1,,,1406664,4917315
Dunedin City,1S/704/1.8,200,N, ,ST ANDREW ST,201418678,05/12/2014,Fri,1000,JA,SS14,204A 308B 926 ,,R,D,BF,F ,D,N,C,50,0,0,1,,27,1406771,4917253
Dunedin City,1S/704/2,, ,I,ST ANDREW ST,201439282,18/06/2014,Wed,1545,ND,CS1,307A ,,R,D,O ,F ,X,T,C,50,0,0,0,,,1406703,4917065
Dunedin City,ST ANDREW ST,, ,I,CUMBERLAND ST CENTRAL,201416631,14/10/2014,Tue,1535,ND,CN2E,307A 376A ,,R,D,O ,F ,X,T,C,50,0,0,1,,,1406590,4917106
Dunedin City,ST ANDREW ST,, ,I,1S/704/2.018,201413871,23/06/2014,Mon,658,NF,CN2E,307A 376A 724B ,,R,D,DO,F ,X,T,C,50,0,1,0,27,,1406590,4917106
Dunedin City,ST ANDREW ST W,, ,I,1S/704/2.018,201431047,10/01/2014,Fri,1011,HA,CS1T,322B 334B ,,R,D,O ,F ,X,T,C,50,0,0,0,,,1406590,4917106
Dunedin City,1S/704/2.118,100,S, ,ST ANDREW ST,201443623,31/08/2014,Sun,1615,PC,CN1,308A 370A 925 ,,R,D,O ,F ,D,N,C,50,0,0,0,,,1406556,4917012
Dunedin City,1S/704/2.19,30,N, ,ANZAC AVENUE,201444245,05/09/2014,Fri,630,CB,CS1,109A 505A ,KT,R,D,TO,F , , ,C,50,0,0,0,,,1406641,4916886
Dunedin City,1S/704/2.23,10,S, ,ANZAC AVENUE,201450869,05/12/2014,Fri,1640,FD,CS1C,181A ,,R,D,BF,F ,T,T,C,50,0,0,0,,,1406628,4916848
Dunedin City,1S/704/2.277,20,N, ,STUART ST,201435546,12/04/2014,Sat,1245,FA,CS1C,181A 331A ,,R,D,O ,F , , ,C,50,0,0,0,,,1406614,4916803
Dunedin City,CUMBERLAND ST CENTRAL,, ,I,STUART ST,201412125,12/04/2014,Sat,1540,HA,CE2C,322A 130B 197B ,P,R,D,O ,F ,X,T,C,50,0,0,1,,,1406489,4916827
Dunedin City,STUART ST,, ,I,CUMBERLAND STREET CENTRAL,201444193,30/08/2014,Sat,1925,FE,CE1C,181A ,,R,D,DO,F ,T,T,C,50,0,0,0,,,1406489,4916827
Dunedin City,ANZAC SQUARE,, ,I,1S/706/0.039,201432573,04/03/2014,Tue,748,QG,TW1,665A ,G,R,W,O ,F ,T,N,C,50,0,0,0,,,1406596,4916746
Dunedin City,1S/706/0.2,100,E, ,BURLINGTON ST,201418117,07/10/2014,Tue,1115,MA,CN1C,373B 671B ,,M,D,B ,F , , ,C,50,0,0,1,,,1406427,4916637
Dunedin City,1S/706/0.3,, ,I,BURLINGTON ST,201410819,07/02/2014,Fri,2225,HA,MS1C,322B 334B 357B 402B ,,R,D,DO,F ,T,T,C,50,0,1,0,,,1406340,4916590
Dunedin City,1S/706/0.311,, ,I,DOWLING ST,201412545,25/04/2014,Fri,830,HA,CS1M,322A 350A 370A 197B ,,R,D,B ,F ,M,T,C,50,0,1,0,,,1406330,4916585
Dunedin City,1S/706/0.322,70,S, ,DUNBAR ST,201438066,04/06/2014,Wed,1150,AC,CS1C,372A ,,E,D,B ,F , , ,C,50,0,0,0,,,1406401,4916557
Dunedin City,1S/706/0.436,, ,I,QUEENS GARDENS,201440198,16/07/2014,Wed,1235,HA,VS1C,322A 334A ,,R,W,O ,F ,X,T,C,50,0,0,0,,,1406361,4916451
Dunedin City,1S/706/0.447,, ,I,QUEENS GARDENS,201412660,17/01/2014,Fri,1910,HA,CE2C,322B ,,R,D,OF,F ,X,T,C,50,0,0,1,,,1406248,4916488
Dunedin City,1S/706/0.447,, ,I,QUEENS GARDENS,201413164,04/05/2014,Sun,546,HA,CN1C,103B 322B 817 904 ,GH,R,D,DO,M ,X,T,R,50,0,1,0,,,1406248,4916488
Dunedin City,1S/706/0.447,, ,I,QUEENS GARDENS,201416029,23/08/2014,Sat,1407,HA,CN1M,322A 352A ,,R,D,O ,F ,X,T,C,50,0,1,0,,,1406248,4916488
Dunedin City,1S/706/0.447,, ,I,QUEENS GARDENS,201416683,16/09/2014,Tue,1445,LB,CE2C,303B 375B ,,S,D,B ,F ,X,T,R,50,0,0,1,,,1406248,4916488
Dunedin City,1S/706/0.452,5,N, ,QUEENS GARDENS,201447845,13/11/2014,Thu,1545,FD,CN1C,181A 331A ,,R,D,OF,F ,M,T,C,50,0,0,0,,,1406246,4916483
Dunedin City,1S/706/0.506,70,S, ,QUEENS GARDENS,201432630,22/02/2014,Sat,840,FA,CS1C,130A 504A ,,R,D,B ,F , ,N,C,50,0,0,0,,,1406337,4916385
Dunedin City,1S/706/0.631,50,N, ,JETTY ST,201450055,13/01/2014,Mon,1230,FD,CN1CC,181A 181B ,,R,D,B ,F , , ,C,50,0,0,0,,,1406184,4916315
Dunedin City,1S/706/0.641,40,N, ,JETTY ST,201411859,04/04/2014,Fri,855,FD,CN1CV,331A 350A ,,R,D,BF,F , ,N,C,50,0,0,1,,,1406181,4916306
Dunedin City,1S/706/0.681,, ,I,CUMBERLAND ST OVERPASS,201437799,01/06/2014,Sun,1345,HA,CN1C,197A 322A ,,R,D,O ,F ,X,T,R,50,0,0,0,,,1406167,4916268
Dunedin City,1S/706/0.681,, ,I,CUMBERLAND ST OVERPASS,201436645,14/05/2014,Wed,755,FA,CS1C,181A ,,E,D,B ,F ,X,G,C,50,0,0,0,,,1406167,4916268
Dunedin City,1S/706/0.681,, ,I,JETTY ST,201410386,20/01/2014,Mon,1000,AC,VN1S,372A ,,R,D,BF,F ,X,T,C,50,0,0,1,,24,1406167,4916268
Dunedin City,1S/706/0.681,, ,I,JETTY ST,201412378,07/04/2014,Mon,1312,NF,CN1E,370A 711B 732B 801 904 ,,S,W,O ,M ,X,T,C,50,0,0,1,23,,1406167,4916268
Dunedin City,1S/706/0.711,30,S, ,JETTY ST,201449942,01/12/2014,Mon,1211,FO,CN1C,130A 427A ,,R,D,O ,F , , ,C,50,0,0,0,,,1406157,4916240
Dunedin City,1S/706/0.731,50,S, ,JETTY ST,201439934,12/06/2014,Thu,1100,MO,CN1C,363A 371A 902 ,Q,R,D,BF,F , ,N,C,50,0,0,0,,,1406150,4916221
Dunedin City,1S/706/0.781,100,S, ,JETTY ST,201434922,16/03/2014,Sun,710,CC,CN1,410A ,IS,R,W,DO,L , ,N,R,50,0,0,0,,,1406133,4916174
Dunedin City,1S/706/1.025,20,N, ,JERVOIS ST,201412055,21/04/2014,Mon,1350,GB,SN1C,175B 370B 926 ,,R,D,B ,F ,D,N,C,50,0,0,1,,,1406051,4915945
Dunedin City,JERVOIS ST,, ,I,1S/706/1.045,201445123,27/09/2014,Sat,1517,LB,CE1C,303B 375B ,,R,D,B ,F ,X,T,R,50,0,0,0,,,1406045,4915926
Dunedin City,JERVOIS ST,, ,I,1S/706/1.045,201412438,23/03/2014,Sun,1255,LB,CW1C,303B 375B ,,E,D,B ,F ,X,T,R,50,0,0,2,,,1406045,4915926
Dunedin City,1S/706/1.045,, ,I,JERVOIS ST,201449585,24/11/2014,Mon,449,HA,CN1C,322A 334A 352A ,,R,W,DO,F ,X,T,C,50,0,0,0,,,1406045,4915926
Dunedin City,1S/706/1.045,, ,I,JERVOIS ST,201410409,16/01/2014,Thu,1600,CA,CN1VV,130A 407A ,KMP,R,D,O ,F ,X,T,R,50,0,0,1,,,1406045,4915926
Dunedin City,1S/706/1.184,, ,I,WOLSELEY ST,201417505,17/10/2014,Fri,1415,GC,CS1C,372B ,,R,D,OF,F ,T,N,C,50,0,0,2,,,1406107,4915747
Dunedin City,1S/706/1.184,, ,I,WOLSELEY ST,201437052,23/05/2014,Fri,1200,KA,VS1C,308B 922 ,,R,W,O ,F ,D,N,C,60,0,0,0,,,1406107,4915747
Dunedin City,1S/706/1.241,250,N, ,SH 1S ANDERSONS BAY ROAD,201442230,15/06/2014,Sun,1230,AA,CS1C,330A 372A ,I,R,D,O ,L , , ,R,80,0,0,0,,,1406087,4915693
Dunedin City,1S/706/1.281,50,N, ,GORDON ST,201445924,06/10/2014,Mon,1630,BA,4S1C4,201A ,,R,W,O ,F , , ,C,50,0,0,0,,,1406074,4915656
Dunedin City,1S/707/0,, ,I,ANDERSONS BAY ROAD,201410154,02/01/2014,Thu,1830,FE,4N1C,111A 197A 331A ,,E,W,O ,L ,T,T,R,50,0,0,1,,,1406052,4915314
Dunedin City,1S/707/0.02,20,W, ,ANDERSONS BAY ROAD,201443137,19/08/2014,Tue,1800,DA,CE1CVC,131A 613A ,,E,D,O ,F , , ,C,50,0,0,0,,,1406036,4915303
Dunedin City,1S/707/0.25,250,W, ,ANDERSONS BAY ROAD,201439712,26/05/2014,Mon,1150,CA,CE1,101A 130A 800 ,CG,R,W,OF,S , , ,C,80,0,0,0,,,1405851,4915166
Dunedin City,1S/707/0.314,300,W, ,ANDERSONS BAY ROAD,201412393,22/03/2014,Sat,1800,AC,TW1C,372A 671A ,,M,D,B ,F , , ,C,80,0,0,1,,,1405828,4915113
Dunedin City,1S/707/1.606,500,E, ,BARNES DRIVE,201444774,26/03/2014,Wed,1600,AC,VW1C,372A 817 ,,R,D,BF,F , ,N,C,50,0,0,0,,,1404697,4914638
Dunedin City,1S/707/2.089,, ,I,BARNES DRIVE,201418232,11/12/2014,Thu,1736,HA,CS2T,322B 330B 334B ,,R,D,B ,F ,X,T,R,50,0,0,1,,,1404220,4914496
Dunedin City,1S/707/2.089,, ,I,BARNES DRIVE,201434961,28/02/2014,Fri,1630,FE,CE1C,181A ,,R,W,OF,L ,X,T,R,50,0,0,0,,,1404220,4914496
Dunedin City,1S/707/2.089,, ,I,BARNES DRIVE,201416687,10/11/2014,Mon,1430,NA,CE1E,718B 732B ,,R,D,B ,F ,X,T,C,50,0,1,0,16,,1404220,4914496
Dunedin City,1S/707/2.101,5,E, ,BARNES DRIVE,201418283,04/10/2014,Sat,1440,FE,TW1C,181A 331A 387A ,,R,D,B ,F ,X,T,R,50,0,1,1,,,1404228,4914485
Dunedin City,1S/709/0,, ,I,BARNES DRIVE,201413589,31/07/2014,Thu,745,FE,CW1C,181A 191B ,,R,D,B ,F ,X,T,C,50,0,0,1,,,1404223,4914484
Dunedin City,1S/709/0.05,50,W, ,BARNES DRIVE,201415833,10/09/2014,Wed,1321,CA,CE1CB,130A 501A ,,R,D,B ,F , , ,R,50,0,1,1,,,1404171,4914485
Dunedin City,1S/709/0.452,150,W, ,BURNETT ST,201430536,31/01/2014,Fri,1030,AC,VW1C,184A 817 ,,E,D,B ,F , , ,C,50,0,0,0,,,1403776,4914444
Dunedin City,1S/709/0.508,40,W, ,ABERFELDY ST,201433110,15/01/2014,Wed,1030,EA,TW1C,129A ,M,E,D,B ,F , , ,C,50,0,0,0,,,1403717,4914458
Dunedin City,1S/709/0.528,60,W, ,ABERFELDY ST,201440321,05/07/2014,Sat,1310,AC,4W14,170A 340A 350A 130B 801 817 855 ,G,E,W,O ,L , , ,C,50,0,0,0,,,1403697,4914459
Dunedin City,1S/709/0.532,230,W, ,BURNETT ST,201444280,20/09/2014,Sat,2157,AC,CW14,338A 372A 507A 801 817 ,,R,W,DO,L , , ,R,50,0,0,0,,,1403696,4914447
Dunedin City,1S/709/0.718,250,W, ,ABERFELDY ST,201437878,15/04/2014,Tue,745,FD,CE14C,181A ,,R,D,O ,L , ,N,C,100,0,0,0,,,1403513,4914416
Dunedin City,1S/709/0.96,100,E, ,MORNINGTON ROAD,201411646,15/01/2014,Wed,1225,FD,TW14,181A ,,R,D,BF,F , ,N,C,100,0,0,1,,,1403281,4914344
Dunedin City,1S/709/1.01,50,E, ,MORNINGTON ROAD,201448540,15/11/2014,Sat,1220,AC,TE1C,372A 671A 817 ,,R,D,BN,F , ,N,C,50,0,0,0,,,1403234,4914327
Dunedin City,1S/709/1.11,50,S, ,MORNINGTON ROAD,201432141,25/01/2014,Sat,217,CB,CS1,101A 112A ,GIT,R,D,DO,F , ,N,R,50,0,0,0,,,1403145,4914283
Dunedin City,1S/709/1.26,200,S, ,MORNINGTON ROAD,201415445,19/08/2014,Tue,836,FA,VN1C,331A 386A ,,M,D,B ,F , , ,C,100,0,0,2,,,1403042,4914175
Dunedin City,1S/709/1.261,110,S, ,SHORT ST,201440196,18/06/2014,Wed,950,AA,CN1C,331A 363A ,,R,D,B ,F , ,N,C,100,0,0,0,,,1403042,4914174
Dunedin City,1S/709/1.351,200,S, ,SHORT ST,201434988,17/04/2014,Thu,855,FA,TN1C,420B ,,R,D,BN,F , ,N,C,50,0,0,0,,,1402986,4914104
Dunedin City,1S/709/1.455,400,E, ,BURNSIDE OBR,201412388,02/04/2014,Wed,740,FD,CN1C,331A ,,R,D,O ,F , , ,R,100,0,0,1,,,1402912,4914031
Dunedin City,1S/709/1.751,100,E, ,BURNSIDE OBR,201410114,15/01/2014,Wed,1645,EC,CW1CM,806 827 ,D,E,D,B ,F , , ,C,100,0,2,2,,,1402636,4913940
Dunedin City,1S/712/0.449,400,S, ,BURNSIDE OBR,201449237,21/10/2014,Tue,910,AC,TS1C,372A ,,M,D,B ,F , , ,C,50,0,0,0,,,1402216,4913688