TLANAME,CRASHROAD,CRASHDIST,CRASHDIRN,INTSN,SIDEROAD,CRASHID,CRASHDATE,CRASHDOW,CRASHTIME,MVMT,VEHICLES,CAUSES,OBJECTSSTRUCK,ROADCURVE,ROADWET,LIGHT,WTHRa,JUNCTYPE,TRAFCTRL,ROADMARK,SPDLIM,CRASHFATALCNT,CRASHSEVCNT,CRASHMINCNT,PERSAGE1,PERSAGE2,EASTING,NORTHING
Dunedin City,1S/712/0.588,170,W, ,BURNSIDE ON RAMP EBD,201439144,08/06/2014,Sun,1020,FA,CE1C,181A 191B ,,E,D,B ,F , ,N,C,100,0,0,0,,,1402072,4913685
Dunedin City,1S/712/0.693,100,E, ,GREEN ISLAND OFF WBD,201400108,18/05/2014,Sun,309,DA,CW1,104A 111A 131A 532A ,PT,E,D,DO,F , , ,R,100,2,3,0,,,1401973,4913665
Dunedin City,1S/712/0.798,100,W, ,GREEN ISLAND OBR,201441871,21/07/2014,Mon,820,FA,CE1C,110A 181A 803 ,,R,I,O ,S , , ,C,100,0,0,0,,,1401865,4913697
Dunedin City,1S/712/0.851,1280,E, ,ABBOTSFORD OFF WBD,201414523,08/06/2014,Sun,1750,BA,CE1C,205A 330A 507A 904 ,,R,D,TO,M , , ,C,100,0,4,0,,,1401820,4913699
Dunedin City,1S/712/0.993,200,W, ,GREEN ISLAND OFF WBD,201450503,05/12/2014,Fri,611,DB,CW1,412A ,G,E,D,TF,F , , ,C,100,0,0,0,,,1401696,4913768
Dunedin City,1S/712/1.981,50,E, ,DALL ST OBR,201434505,15/02/2014,Sat,940,CA,CW1,130A ,G,R,W,OF,F , ,N,R,100,0,0,0,,,1400729,4913766
Dunedin City,1S/712/2.081,50,E, ,ABBOTSFORD OFF WBD,201413584,24/06/2014,Tue,640,DB,CW1C,131A 131B 802 ,G,E,I,DO,FF, , ,C,100,0,0,1,,,1400634,4913733
Dunedin City,1S/712/2.111,20,E, ,ABBOTSFORD OFF WBD,201414926,24/06/2014,Tue,745,CC,CW1V,135A 802 ,,R,I,TO,F , ,N,N,100,0,0,1,,,1400605,4913725
Dunedin City,1S/715/1.299,1000,E, ,OLD BRIGHTON ROAD OBR,201439932,24/06/2014,Tue,736,CC,CE1,135A 802 ,,R,I,DO,FF, ,N,C,100,0,0,0,,,1398823,4913537
Dunedin City,1S/715/1.629,200,E, ,OLD BRIGHTON ON,201445487,02/10/2014,Thu,1100,CB,CE1,130A 358A ,T,R,D,O ,F , , ,C,100,0,0,0,,,1398493,4913535
Dunedin City,1S/715/1.833,, ,I,OLD BRIGHTON OFF,201439347,07/06/2014,Sat,1534,DA,TW1,620A 650A ,G,S,W,OF,F ,T,N,C,100,0,0,0,,,1398294,4913516
Dunedin City,1S/715/2.798,500,W, ,OLD BRIGHTON ROAD OBR,201432159,13/02/2014,Thu,1556,CB,CW1,101A 128A 406A ,,R,W,O ,F , ,N,R,100,0,0,0,,,1397332,4913557
Dunedin City,1S/715/4.719,400,S, ,MOSGIEL OFF SBD,201435464,17/02/2014,Mon,1725,BA,CS1C,112A 132A 402A ,,R,W,OF,L , ,N,R,100,0,0,0,,,1395544,4914077
Dunedin City,1S/715/4.821,180,N, ,MORRIS OBR,201413586,08/08/2014,Fri,1600,EA,CN1C,197A 802 ,M,E,I,O ,S , , ,R,100,0,0,1,,,1395480,4914157
Dunedin City,1S/720/1.636,200,E, ,RICCARTON ROAD EAST,201447018,21/10/2014,Tue,1220,MA,CW1C,333A ,,R,D,BF,F , ,N,C,60,0,0,0,,,1393553,4913924
Dunedin City,1S/720/1.846,10,W, ,RICCARTON ROAD EAST,201430342,01/01/2014,Wed,1558,FA,CW1C,181A 386A ,,R,W,O ,H ,T,N,C,60,0,0,0,,,1393361,4913838
Dunedin City,1S/720/2.358,500,W, ,RICCARTON ROAD EAST,201415123,18/08/2014,Mon,800,FD,CN1CC,331A 363A 802 902 ,,R,D,B ,FF, , ,C,60,0,0,1,,,1392916,4913634
Dunedin City,1S/720/3.968,, ,I,LAW ROAD,201440686,26/07/2014,Sat,2130,CC,CE1,103A 130A 610A ,X,R,W,DN,L ,T,S,C,80,0,0,0,,,1391423,4912976
Dunedin City,1S/729/0.95,950,S, ,SH 86,201434170,31/03/2014,Mon,315,EC,CS1,912,W,R,D,DN,F , , ,C,100,0,0,0,,,1387031,4910708
Dunedin City,1S/729/2,2000,S, ,SH 86,201441868,11/08/2014,Mon,440,EC,TS1,912,W,R,D,DN,F , , ,C,100,0,0,0,,,1386165,4910114
Dunedin City,1S/729/5.427,700,S, ,MCLAREN GULLY ROAD,201415824,09/09/2014,Tue,1735,CC,CS1,130A 404A 410A ,T,R,D,B ,F , , ,C,100,0,0,2,,,1383581,4907910
Dunedin City,1S/729/10.446,, ,I,HENLEY-BERWICK ROAD,201437626,22/05/2014,Thu,1640,GC,VN14,191A 174B ,,R,D,B ,F ,X,S,C,100,0,0,0,,,1379800,4904695
Dunedin City,86/0/0,, ,I,SH 1S MAIN ROAD,201415931,18/09/2014,Thu,1738,FB,CS1C,181A 387A 801 ,,R,W,TO,L ,T,S,C,80,0,0,3,,,1387764,4911304
Dunedin City,86/0/4.438,200,W, ,NICHOLS ROAD,201439710,14/06/2014,Sat,2030,CB,CE1,363A ,V,R,W,DN,F , , ,C,100,0,0,0,,,1384337,4911381
Dunedin City,86/0/4.991,, ,I,SH 86 MILLER,201432235,17/02/2014,Mon,1638,DA,CS1,110A 132A 901 ,F,M,W,O ,H ,T,N,C,70,0,0,0,,,1383845,4911234
Dunedin City,87/0/0.562,30,S, ,GLADSTONE ROAD NORTH,201417417,02/11/2014,Sun,1350,LB,CS1C,303B 377B 922 ,,R,D,BF,F ,D,N,C,50,0,0,2,,,1394735,4915207
Dunedin City,87/0/0.592,, ,I,GLADSTONE ROAD NORTH,201413069,09/05/2014,Fri,1715,LB,CS1C,303B 375B ,,R,W,TF,H ,X,T,R,50,0,0,3,,,1394732,4915237
Dunedin City,87/0/0.592,, ,I,GLADSTONE ROAD SOUTH,201440544,15/07/2014,Tue,1420,LB,CN1C,303B 363B 902 ,,E,D,B ,F ,X,T,C,50,0,0,0,,,1394732,4915237
Dunedin City,87/0/0.592,, ,I,GLADSTONE ROAD SOUTH,201444993,01/10/2014,Wed,1650,LB,CS1C,303B 375B ,,R,D,B ,F ,X,T,C,50,0,0,0,,,1394732,4915237
Dunedin City,87/0/0.668,, ,I,HAGART-ALEXANDER DRIVE,201413808,04/06/2014,Wed,845,FE,CS1C,181A 402A 420A 802 ,,R,I,O ,F ,X,T,R,50,0,0,1,,,1394706,4915308
Dunedin City,87/0/0.97,70,N, ,PARK ST,201430537,31/01/2014,Fri,1320,FD,4N1C,181A ,,R,D,B ,F , , ,C,50,0,0,0,,,1394583,4915584
Dunedin City,87/0/1.669,40,E, ,CARGILL ST,201446217,30/08/2014,Sat,1339,EA,CE1C,130A 501A ,M,R,D,BF,F , ,N,C,50,0,0,0,,,1394298,4916222
Dunedin City,87/0/1.759,50,N, ,CARGILL ST,201448691,12/11/2014,Wed,1410,FC,CS1C,181A 331A 801 ,,R,W,O ,L , , ,X,50,0,0,0,,,1394261,4916304
Dunedin City,87/0/2.016,, ,I,FACTORY ROAD,201450056,01/12/2014,Mon,1100,HA,CW2C,322B ,,R,D,O ,L ,X,T,C,50,0,0,0,,,1394156,4916538
Dunedin City,87/0/2.016,, ,I,FACTORY ROAD,201418682,15/12/2014,Mon,830,LB,SW1C,303B 375B ,,R,D,BF,F ,X,T,C,50,0,0,1,,,1394156,4916538
Dunedin City,87/0/2.066,50,N, ,BUSH ROAD,201417339,14/11/2014,Fri,1932,NA,CN1E,711B ,,R,D,TF,F , , ,C,50,0,0,1,59,,1394136,4916584
Dunedin City,87/0/2.066,50,N, ,FACTORY ROAD,201445654,16/08/2014,Sat,1550,MO,CN1C,330A 371B ,,R,D,O ,F , , ,C,50,0,0,0,,,1394136,4916584
Dunedin City,87/0/2.116,100,N, ,BUSH ROAD,201434898,26/03/2014,Wed,1215,EA,TS1C,129A 671A ,M,R,D,BF,F , ,N,C,50,0,0,0,,,1394115,4916629
Dunedin City,87/0/5.731,, ,I,RICCARTON ROAD WEST,201437895,18/04/2014,Fri,1200,GD,CW14,331A 407A ,,R,W,O ,H ,M,S,C,100,0,0,0,,,1391339,4918386
Dunedin City,87/0/5.779,, ,I,SCHOOL ROAD SOUTH,201415525,05/08/2014,Tue,910,HA,CW24,301A 375A ,V,R,D,B ,F ,M,S,C,100,0,0,1,,,1391292,4918394
Dunedin City,87/0/7.289,, ,I,TIROHANGA ROAD,201450099,18/12/2014,Thu,1555,DA,VE1,131A 351A ,V,E,D,B ,F ,T,G,C,100,0,0,0,,,1389810,4918683
Dunedin City,87/0/12.659,70,N, ,HOYLAKE ST,201417703,02/12/2014,Tue,1530,NA,CS1E,713B ,,R,D,B ,F , ,N,C,50,0,0,1,11,,1384927,4918118
Dunedin City,87/15/0,, ,I,WOODSIDE ROAD,201412002,19/03/2014,Wed,1855,JA,MW1C,101B 301B 375B ,,M,D,TN,F ,T,S,C,100,0,1,1,,,1383040,4918469
Dunedin City,87/15/1.478,200,S, ,MCKENDRY ROAD,201439211,25/06/2014,Wed,2100,DA,CN1,111A 131A 517A ,,M,D,DN,F , , ,C,100,0,0,0,,,1382398,4919556
Dunedin City,87/33/5.396,400,N, ,OLD DUNSTAN ROAD,201430329,07/01/2014,Tue,1425,CB,CN1,102A 350A ,FP,R,W,O ,M , ,N,C,100,0,0,0,,,1370570,4932382
Dunedin City,87/33/5.483,1300,S, ,MOUNT GOWRIE ROAD,201450437,08/12/2014,Mon,1450,DB,ON1,136A 613A ,F,M,D,BN,F , ,N,C,100,0,0,0,,,1370638,4932436
Dunedin City,87/33/6.496,1500,N, ,OLD DUNSTAN ROAD,201415210,16/07/2014,Wed,850,DA,XN1,104A 135A 802 ,,M,I,OF,FF, ,N,C,100,0,1,0,,,1370993,4933336
Dunedin City,87/33/6.783,, ,I,MOUNT GOWRIE ROAD,201413733,02/06/2014,Mon,1045,DB,4N1,111A 131A 514A 517A ,F,M,D,BN,F ,T,G,C,100,0,1,0,,,1371231,4933494
Dunedin City,87/48/14.466,600,S, ,KIRKLAND ROAD,201438496,16/06/2014,Mon,2230,EC,4N1,904 912 ,W,E,D,DN,M , , ,C,100,0,0,0,,,1375222,4952419
Dunedin City,87/65/1.238,150,S, ,SOUTH ROAD,201450438,28/11/2014,Fri,920,GD,4N14,181A 929 ,,R,D,ON,F ,D,N,C,100,0,0,0,,,1374880,4956227
Dunedin City,87/65/2.421,, ,I,MILFORD ST,201446874,03/10/2014,Fri,1645,GD,4N14,181A 402A ,,R,D,O ,F ,T,N,C,100,0,0,0,,,1375117,4957386
Dunedin City,87/82/2.407,600,S, ,HEENEY CRK BR,201447392,19/11/2014,Wed,630,DB,CS1,103A 111A ,F,E,D,B ,F , ,N,C,100,0,0,0,,,1381344,4970337
Dunedin City,88/0/0.12,, ,I,CASTLE ST,201418225,14/12/2014,Sun,1001,LB,CW1C,330B 386B ,,R,D,B ,F ,X,T,C,50,0,0,1,,,1406703,4917065
Dunedin City,88/0/0.12,, ,I,SH 1S E,201415303,06/08/2014,Wed,1754,GA,CW1C,181A 330A 191B ,,R,D,TF,F ,X,T,C,50,0,0,2,,,1406703,4917065
Dunedin City,ANZAC AVENUE,, ,I,WARD ST OVERPASS S,201415284,11/08/2014,Mon,1550,LB,BW2C,301B 377B ,,R,W,OF,F ,X,S,C,50,0,0,3,,,1407017,4917188
Dunedin City,88/0/0.515,, ,I,HANOVER ST,201418665,13/11/2014,Thu,915,LB,CN1C,303B 377B ,,R,W,OF,F ,X,G,C,50,0,0,2,,,1407017,4917188
Dunedin City,88/0/0.515,, ,I,WARD ST OVERPASS S,201448867,04/12/2014,Thu,1120,LB,VW2C,370A 370B 801 ,,R,W,O ,L ,X,G,C,50,0,0,0,,,1407017,4917188
Dunedin City,88/0/0.515,, ,I,WARD ST OVERPASS S,201439824,27/06/2014,Fri,1600,HA,CN1C,302B 375B 801 ,,R,W,O ,L ,X,G,C,50,0,0,0,,,1407017,4917188
Dunedin City,FREDERICK ST,, ,I,88/0/0.761,201435081,17/04/2014,Thu,855,FB,CE1C,181A ,,R,W,O ,F ,X,G,C,50,0,0,0,,,1407197,4917355
Dunedin City,88/0/1.74,, ,I,PARRY ST EAST,201441870,15/06/2014,Sun,0,DA,CW1,110A 131A 801 ,I,M,W,DO,L ,R,G,R,50,0,0,0,,,1408108,4917471
Dunedin City,88/0/1.793,5,S, ,PARRY ST EAST,201432237,17/02/2014,Mon,1510,FB,CN1C,181A 331A ,,R,W,O ,F ,R,G,R,50,0,0,0,,,1408143,4917486
Dunedin City,88/0/2.022,40,E, ,PARRY ST EAST,201449018,29/10/2014,Wed,820,FD,CW1C,181A ,,R,D,OF,F , ,N,C,50,0,0,0,,,1408348,4917539
Dunedin City,88/0/2.022,40,N, ,PARRY ST EAST,201410598,04/02/2014,Tue,755,KA,CW1T,308B 375B 927 ,,R,D,BF,F ,D,N,C,70,0,0,1,,,1408348,4917539
Dunedin City,88/0/2.856,350,S, ,TEKAPO ST,201412829,12/04/2014,Sat,1330,DB,MN1C,111A 131A 402A 901 ,X,E,W,O ,H , , ,C,50,0,0,1,,,1409122,4917613
Dunedin City,88/0/3.741,160,E, ,ADDERLEY TERRACE,201434502,10/03/2014,Mon,1357,EE,TE1C,374B ,M,R,D,OF,F , ,N,C,50,0,0,0,,,1409928,4917811
Dunedin City,88/0/4.011,100,W, ,WANAKA ST,201447482,18/11/2014,Tue,1216,DB,40,129A 197A ,X,M,D,B ,F , ,N,C,50,0,0,0,,,1410168,4917910
Dunedin City,88/0/5.035,150,E, ,JESSIE ST,201449231,11/12/2014,Thu,1635,FA,400000000000000,181A 512A ,,E,D,O ,F , , ,C,50,0,0,0,,,1411059,4918355
Dunedin City,88/0/6.301,, ,I,FINCH ST,201412665,11/04/2014,Fri,1920,JA,CN1C,205B 375B ,,M,D,DO,F ,T,G,C,80,0,0,2,,,1411669,4919318
Dunedin City,88/8/0.804,200,N, ,ST LEONARDS DRIVE N,201450593,25/11/2014,Tue,1500,BA,CN1C,129A ,,R,D,B ,F , , ,C,80,0,0,0,,,1412675,4921676
Dunedin City,88/8/1.75,150,N, ,DISTRICT ROAD,201441515,31/05/2014,Sat,925,DA,CN1,110A 135A 802 905 ,V,E,I,O ,SF, ,N,C,80,0,0,0,,,1413185,4922386
Dunedin City,88/8/2.028,110,S, ,SHANDON ST,201413190,14/04/2014,Mon,1846,FD,CN1C,102A 181A 331A 191B ,,R,D,DN,F , , ,L,80,0,0,2,,,1413432,4922511
Dunedin City,88/8/3.498,470,W, ,WICKLIFFE TERRACE,201430786,04/02/2014,Tue,50,DA,CW1,131A 410A ,,E,D,DO,F , ,N,C,80,0,0,0,,,1414574,4923279
Far North District,AHIPARA ROAD,300,E, ,SANDHILLS ROAD,201411648,18/03/2014,Tue,1850,DA,CN1,131A 524A ,CV,M,D,BN,F , ,N,C,100,0,0,2,,,1614729,6107916
Far North District,AHIPARA ROAD,730,E, ,SANDHILLS ROAD,201412568,23/04/2014,Wed,2127,DA,40,103A 129A 131A ,CV,M,D,DN,F , , ,C,100,0,0,1,,,1615146,6107811
Far North District,AKERAMA ROAD,100,W, ,RUSSEK ROAD,201442178,10/04/2014,Thu,800,CC,CN1,130A 517A ,,R,D,TN,F , , ,N,100,0,0,0,,,1706049,6071544
Far North District,ALLEN BELL DRIVE,, ,I,COMMERCE ST,201431322,12/03/2014,Wed,1540,FB,CW1C,181A ,,R,D,BF,F ,T,G,C,50,0,0,0,,,1623782,6114639
Far North District,ALLEN BELL DRIVE,70,S, ,PARKDALE CRESCENT N,201431544,19/01/2014,Sun,1935,DB,CN1,103A 111A 131A ,F,E,D,B ,F , , ,C,50,0,0,0,,,1624181,6115225
Far North District,AUCKS ROAD,950,E, ,DEEMING ROAD,201435509,25/04/2014,Fri,1401,DB,CN1,103A 111A 131A ,,M,D,B ,F , , ,C,100,0,0,0,,,1703058,6092858
Far North District,AUCKS ROAD,40,W, ,TE WAHAPU ROAD,201450912,10/10/2014,Fri,1450,DB,CS1,111A 131A ,F,M,D,B ,F , , ,C,100,0,0,0,,,1703460,6093802
Far North District,BAYLY ROAD,20,N, ,TAU HENARE DRIVE,201445192,07/05/2014,Wed,1720,DB,CS1,138A ,C,E,D,TN,F , , ,N,50,0,0,0,,,1697288,6097639
Far North District,BERESFORD ST,50,N, ,CHAPEL ST,201414797,08/06/2014,Sun,30,MO,CS1,103A 371A 929 ,V,R,D,DO,F ,D, ,N,50,0,0,1,,,1702287,6097429
Far North District,BONNETT ROAD,1400,E, ,GILL ROAD,201445055,10/10/2014,Fri,,DA,CW1,111A 131A ,V,M,D,DN,F , ,N,N,100,0,0,0,,,1621776,6114226
Far North District,BROADWOOD ROAD,50,E, ,PUKEMIRO ROAD,201450857,27/12/2014,Sat,1000,MG,CE1V,371B ,,R,D,ON,F , ,N,C,100,0,0,0,,,1633916,6097562
Far North District,CANNON DRIVE,140,E, ,KERIKERI ROAD,201417855,18/11/2014,Tue,820,KA,CW1S,308B 929 ,,R,D,B ,F ,D, ,N,50,0,0,1,,15,1686211,6100892
Far North District,CASS ST,5,N, ,YORK ST,201439383,11/05/2014,Sun,1400,MO,BN1C,371A 386A ,M,R,D,BF,F , ,N,C,50,0,0,0,,,1702074,6097358
Far North District,CHURCH ROAD,, ,I,TAHUNA ROAD,201439397,23/06/2014,Mon,1930,DA,CE1,111A ,P,M,D,DO,F ,X,G,C,50,0,0,0,,,1624852,6114138
Far North District,CHURCH ROAD,850,E, ,TE AHU ST,201448581,06/12/2014,Sat,820,DA,CE1,135A 402A 808 ,,M,D,BN,F , ,N,C,100,0,0,0,,,1625590,6114547
Far North District,CHURCH ROAD,, ,I,TE AHU ST,201446253,31/08/2014,Sun,115,DC,VN2V,103A ,KM,R,W,DO,L ,T,G,C,50,0,0,0,,,1625006,6114154
Far North District,CLOUGH ROAD,1030,S, ,CHURCH ROAD,201433134,31/01/2014,Fri,2325,DA,CS1,103A 129A 131A ,CF,E,D,DN,F , , ,N,100,0,0,0,,,1628799,6115269
Far North District,COBHAM ROAD,, ,I,HONE HEKE ROAD,201441343,26/07/2014,Sat,1315,LB,CS1C,303A 375A 197B 801 ,P,R,W,O ,L ,T,G,P,50,0,0,0,,,1686762,6100887
Far North District,COBHAM ROAD,100,S, ,KERIKERI ROAD,201441990,19/08/2014,Tue,1240,MO,CS1C,386A 901 ,M,R,W,O ,H , , ,C,50,0,0,0,,,1686412,6101238
Far North District,COBHAM ROAD,, ,I,MASONIC LANE,201443962,17/07/2014,Thu,1610,JA,CE1C,302B 375B ,,R,D,BF,F ,T,G,C,50,0,0,0,,,1686370,6101268
Far North District,COMMERCE ST,10,S, ,MELBA ST,201414804,04/06/2014,Wed,930,PO,4N1E,726B 730B ,,R,D,BF,F ,T,N,C,50,0,1,0,1,,1624060,6114260
Far North District,COMMERCE ST,20,N, ,REDAN ROAD,201432109,17/03/2014,Mon,1025,EE,4S1C,374B ,M,R,D,B ,F , ,N,C,50,0,0,0,,,1624194,6114020
Far North District,COMMERCIAL ST,50,S, ,SH 1N,201441303,06/06/2014,Fri,1330,AC,CN1C,330A 386A ,M,R,D,B ,F , , ,N,50,0,0,0,,,1697055,6084256
Far North District,DIP ROAD,500,W, ,OMAUNU ROAD,201451034,16/10/2014,Thu,130,DB,CW1,111A 131A ,F,E,D,DN,F , ,N,C,100,0,0,0,,,1670329,6116193
Far North District,DONALD ROAD,, ,I,ALLEN BELL DRIVE,201433621,03/04/2014,Thu,1307,DA,CW1,111A 131A 514A ,IK,M,D,B ,F ,T,G,R,50,0,0,0,,,1624051,6115978
Far North District,DUNCAN ROAD,900,W, ,CHAMPION ROAD,201433129,30/03/2014,Sun,1440,BO,400000000000000,129A 129B 818 ,,S,D,B ,F , , ,N,100,0,0,0,,,1633596,6121499
Far North District,FAIRBURN ROAD,950,E, ,SH 1N,201412570,03/05/2014,Sat,1520,LB,ME1C,303B 375B 929 ,,E,D,B ,F ,D, ,C,100,0,0,1,,,1631636,6113160
Far North District,FAIRBURN ROAD,300,N, ,WELLS ROAD,201433135,01/02/2014,Sat,230,DB,CN1,103A 131A ,C,E,D,DN,F , , ,N,100,0,0,0,,,1638766,6115065
Far North District,FAIRWAY DRIVE,10,S, ,GOLF VIEW ROAD,201435493,17/04/2014,Thu,1055,MG,4N1C,371B ,,R,W,O ,F ,T,N,C,80,0,0,0,,,1686174,6101659
Far North District,FAIRWAY DRIVE,20,E, ,HOMESTEAD ROAD,201436363,03/04/2014,Thu,845,MA,CE1C,373B ,,R,D,BF,F , ,N,N,30,0,0,0,,,1686279,6101453
Far North District,FERN FLAT ROAD,2200,S, ,KOHUMARU ROAD,201447044,13/09/2014,Sat,1300,DB,CS1,111A 131A 402A ,E,M,D,ON,F , ,N,N,100,0,0,0,,,1646961,6114972
Far North District,FISHER ROAD,200,W, ,FAIRBURN ROAD,201444466,18/08/2014,Mon,1405,DA,CN1,131A 134A ,T,M,W,B ,F , , ,N,100,0,0,0,,,1634059,6114731
Far North District,FLAGSTAFF ROAD,30,S, ,TAPEKA ROAD,201449590,31/12/2014,Wed,1630,DA,CN1,102A 131A 386A 929 ,V,E,D,O ,F , , ,C,100,0,0,0,,,1702024,6098046
Far North District,FOREST ROAD,400,E, ,SH 1N,201418157,11/12/2014,Thu,807,CA,VS1,130A 801 811 816 ,E,R,W,O ,L , , ,N,100,0,0,1,,,1662907,6095077
Far North District,FULLER PLACE,, ,I,OMAPERE ROAD,201449033,04/12/2014,Thu,2020,DB,CS1,111A 131A ,F,R,D,BF,F ,T,G,C,50,0,0,0,,,1671666,6081695
Far North District,HARURU FALLS ROAD,750,N, ,SH 11,201431955,18/02/2014,Tue,2125,QD,VS1,428A ,T,R,W,ON,L , ,N,N,100,0,0,0,,,1695510,6095965
Far North District,HENDERSON BAY ROAD,4700,E, ,SH 1N,201432445,31/01/2014,Fri,1010,CC,40,138A 402A ,V,R,D,BN,F , ,N,N,100,0,0,0,,,1609679,6155413
Far North District,HILLCREST ROAD,, ,I,TAWANUI ROAD,201439384,02/07/2014,Wed,1750,GB,VW1V,142B 370B ,,R,W,DO,L ,X,S,C,50,0,0,0,,,1671981,6081722
Far North District,HOBSON AVENUE,130,W, ,COBHAM ROAD,201431926,15/02/2014,Sat,1838,MB,VS1C,303B 375B ,,R,D,BF,F , ,N,C,50,0,0,0,,,1686397,6101133
Far North District,HOBSON AVENUE,30,E, ,KERIKERI ROAD,201435192,13/02/2014,Thu,1155,MO,CE1V,386A 926 ,,R,D,B ,F ,D,N,C,50,0,0,0,,,1686231,6101107
Far North District,HOMESTEAD ROAD,20,W, ,KERIKERI ROAD,201435719,04/02/2014,Tue,1045,FA,CW1C,331A 370A 507A ,,R,D,B ,F , , ,C,50,0,0,0,,,1686265,6101241
Far North District,HONE HEKE ROAD,, ,I,ALDERTON DRIVE,201441304,24/07/2014,Thu,1646,FO,VN1T,129A 130A ,,E,D,B ,F ,T,G,C,50,0,0,0,,,1687018,6101798
Far North District,HONE HEKE ROAD,20,S, ,COBHAM ROAD,201441934,18/03/2014,Tue,910,CA,VS1C,108A 130A ,,R,D,B ,F , , ,N,50,0,0,0,,,1686773,6100903
Far North District,HONE HEKE ROAD,200,N, ,JACARANDA PLACE,201415266,17/08/2014,Sun,1810,DA,CN1,501A ,T,M,D,DN,F , ,N,C,50,0,0,1,,,1687005,6101815
Far North District,HONE HEKE ROAD,40,S, ,JACARANDA PLACE,201443722,12/09/2014,Fri,2108,DA,4N1,103A 111A 801 ,V,M,W,DO,L , , ,N,50,0,0,0,,,1687071,6101597
Far North District,HONEYMOON VALLEY ROAD,450,S, ,ORURU ROAD,201430445,13/01/2014,Mon,2130,BC,CN1C,121A ,,M,D,DN,F , ,N,N,100,0,0,0,,,1644342,6115298
Far North District,HONGI ST,, ,I,DE MERLE ST,201413169,25/03/2014,Tue,1825,DC,VE2,103A 112A 130A ,P,R,D,B ,F ,T,G,N,50,0,1,1,,,1672960,6082065
Far North District,HOREKE ROAD,4000,E, ,COOK ROAD,201439389,24/06/2014,Tue,950,CC,4S1,129A 139A ,C,R,W,ON,L , ,N,C,100,0,0,0,,,1668235,6089821
Far North District,INLAND ROAD,200,W, ,BAY HEIGHTS DRIVE,201430192,10/01/2014,Fri,1120,ED,CW1T,330A 386B 817 ,Q,S,D, N,F , ,P,C,50,0,0,0,,,1633938,6141410
Far North District,INLAND ROAD,90,N, ,LAKE OHIA ROAD,201400027,11/02/2014,Tue,1641,AO,CN1M,129A 156A 404A ,,E,D,BN,F , , ,C,100,1,2,1,,,1634711,6129291
Far North District,JACARANDA PLACE,100,W, ,HONE HEKE ROAD,201415280,19/08/2014,Tue,2343,DA,CN1C,103A 129A ,M,E,W,DO,H , ,N,C,50,0,1,0,,,1686973,6101609
Far North District,JAMIESON ROAD,70,N, ,BONNETT ROAD,201435592,23/04/2014,Wed,1100,MD,CS14,308B 371B 929 ,,R,D,B ,F ,D, ,C,50,0,0,0,,,1623215,6114693
Far North District,JOHNSTON ROAD,10,S, ,CHURCH ST,201441702,19/07/2014,Sat,2330,CC,CN1V,101A 130A 412A ,M,R,W,DO,L ,T,G,C,50,0,0,0,,,1696946,6084036
Far North District,KAITAIA-AWAROA ROAD,, ,I,AHIPARA ROAD,201434647,19/04/2014,Sat,1757,DA,4N1,136A 613A ,F,R,D,ON,F ,T,G,L,100,0,0,0,,,1616417,6107863
Far North District,KAITAIA-AWAROA ROAD,500,W, ,HAUMANGA ROAD,201443416,07/08/2014,Thu,1940,EC,CE1,912,W,R,D,DN,F , ,N,C,100,0,0,0,,,1625437,6096711
Far North District,KAITAIA-AWAROA ROAD,100,N, ,MANUKAU ROAD,201436360,26/01/2014,Sun,1030,DA,4N1,131A ,,M,W,ON,H , ,N,C,100,0,0,0,,,1622305,6111107
Far North District,KAITAIA-AWAROA ROAD,320,W, ,MASTERS ACCESS ROAD,201410757,07/04/2014,Mon,1200,BB,CW14,123A ,,E,D,B ,F , ,N,L,100,0,0,3,,,1616752,6107784
Far North District,KAITAIA-AWAROA ROAD,300,S, ,OKAHU ROAD,201417366,19/11/2014,Wed,1640,DA,CS1,103A 131A 402A ,V,M,D,B ,F , , ,C,100,0,0,1,,,1622241,6110917
Far North District,KAITAIA-AWAROA ROAD,780,S, ,OKAHU ROAD,201449255,21/12/2014,Sun,1815,DA,CS1,103A 111A 131A ,P,M,D,B ,F , , ,C,100,0,0,0,,,1622055,6110495
Far North District,KAITAIA-AWAROA ROAD,, ,I,REDAN ROAD,201431436,25/02/2014,Tue,1540,KB,CW2C,302B 375B ,,R,D,OF,F ,T,G,C,50,0,0,0,,,1623384,6113265
Far North District,KAITAIA-AWAROA ROAD,500,N, ,ROMA ROAD,201440518,19/07/2014,Sat,2100,EC,CS1,901 912 ,W,R,W,DN,H , , ,C,100,0,0,0,,,1615489,6107157
Far North District,KAITAIA-AWAROA ROAD,300,S, ,ROMA ROAD,201413978,15/06/2014,Sun,1812,NA,CS1EE,370A ,,M,D,DN,F , ,N,C,100,0,1,1,32,,1615487,6106555