TLANAME,CRASHROAD,CRASHDIST,CRASHDIRN,INTSN,SIDEROAD,CRASHID,CRASHDATE,CRASHDOW,CRASHTIME,MVMT,VEHICLES,CAUSES,OBJECTSSTRUCK,ROADCURVE,ROADWET,LIGHT,WTHRa,JUNCTYPE,TRAFCTRL,ROADMARK,SPDLIM,CRASHFATALCNT,CRASHSEVCNT,CRASHMINCNT,PERSAGE1,PERSAGE2,EASTING,NORTHING
Far North District,KAITAIA-AWAROA ROAD,1900,W, ,TANGONGE ROAD,201448810,04/12/2014,Thu,805,CB,TN1,130A 350A 402A ,P,R,D,B ,F , , ,L,100,0,0,0,,,1618349,6108674
Far North District,KAPIRO ROAD,25,W, ,ORANGEWOOD ROAD,201411202,07/02/2014,Fri,1545,GD,CE1C,331A 929 ,,R,D,B ,F ,D,N,C,100,0,0,1,,,1686061,6105051
Far North District,KAPIRO ROAD,400,E, ,PURERUA ROAD,201400012,18/01/2014,Sat,810,FA,4W1S,103A 129A ,,R,D,B ,F , , ,C,100,1,0,0,,54,1685841,6105048
Far North District,KAPIRO ROAD,20,W, ,TANEKAHA LANE,201415218,08/08/2014,Fri,808,CC,CW1,129A ,C,R,W,BN,F , ,N,C,100,0,0,1,,,1684857,6105197
Far North District,KERIKERI INLET ROAD,, ,I,COBHAM ROAD,201437761,30/05/2014,Fri,1200,BF,TS1C,102A 124A 353A ,,S,D,O ,F ,T,G,L,50,0,0,0,,,1687119,6100575
Far North District,KERIKERI INLET ROAD,140,W, ,DARWIN ROAD,201437386,29/05/2014,Thu,1922,EC,CE1,911,W,R,W,DN,L , ,N,C,50,0,0,0,,,1687700,6100941
Far North District,KERIKERI INLET ROAD,50,W, ,REINGA ROAD,201416855,08/11/2014,Sat,2055,DA,CE1,111A 131A ,T,S,D,DN,F , ,N,C,80,0,0,1,,,1689122,6102375
Far North District,KERIKERI INLET ROAD,100,S, ,UNNAMED ROAD,201431009,28/01/2014,Tue,1250,FA,CS1C,181A ,,R,D,B ,F , ,N,C,100,0,0,0,,,1690265,6102369
Far North District,KERIKERI ROAD,, ,I,COBHAM ROAD,201435593,22/04/2014,Tue,1545,KA,CS14,302B 370B ,,E,D,B ,F ,T,G,R,50,0,0,0,,,1686331,6101296
Far North District,KERIKERI ROAD,20,N, ,FAIRWAY DRIVE,201436421,17/04/2014,Thu,1610,EA,CS1C,129A ,M,R,D,BF,F , ,N,C,50,0,0,0,,,1686400,6101391
Far North District,KERIKERI ROAD,50,N, ,FAIRWAY DRIVE,201442929,21/08/2014,Thu,945,MO,CN14,330A 386A ,M,R,D,O ,F , , ,C,50,0,0,0,,,1686418,6101415
Far North District,KERIKERI ROAD,, ,I,GREENWAY DRIVE,201450720,01/08/2014,Fri,2227,CB,4N1,103A 129A ,S,R,W,DO,F ,T,N,C,50,0,0,0,,,1685746,6100486
Far North District,KERIKERI ROAD,200,W, ,HALL ROAD,201446098,08/09/2014,Mon,1615,KB,CS1C,308B 330B 927 ,,R,D,O ,F ,D, ,C,80,0,0,0,,,1685727,6100460
Far North District,KERIKERI ROAD,100,S, ,HAWKINGS CRESCENT,201411265,06/02/2014,Thu,1058,NA,4N1E,191A 306A 801 ,,R,W,O ,L , , ,X,50,0,1,0,83,,1686646,6101734
Far North District,KERIKERI ROAD,, ,I,HAWKINGS CRESCENT,201448550,27/08/2014,Wed,600,GC,CN1C,174B 372B ,,R,D,DO,F ,T,G,C,50,0,0,0,,,1686706,6101814
Far North District,KERIKERI ROAD,150,S, ,HERITAGE BYPASS,201450853,31/12/2014,Wed,2354,CC,CS1,410A ,T,R,D,DO,F , ,N,C,50,0,0,0,,,1686693,6101799
Far North District,KERIKERI ROAD,50,S, ,HOBSON AVENUE,201439440,07/05/2014,Wed,1615,AA,4S1C,205A ,,R,D,B ,F , ,N,P,50,0,0,0,,,1686160,6101059
Far North District,KERIKERI ROAD,, ,I,HOBSON AVENUE,201410533,19/01/2014,Sun,1700,LB,CS1C,302A 404A ,,R,D,BF,F ,R,G,R,50,0,0,1,,,1686189,6101099
Far North District,KERIKERI ROAD,, ,I,HOBSON AVENUE,201437774,24/04/2014,Thu,955,KA,CE2C,302B 370B ,I,M,D,B ,F ,R,G,R,30,0,0,0,,,1686189,6101099
Far North District,KERIKERI ROAD,100,N, ,MARAENUI DRIVE,201435496,23/04/2014,Wed,900,FD,CN1C,181A 929 ,,R,D,B ,F ,D,N,C,80,0,0,0,,,1685238,6099696
Far North District,KERIKERI ROAD,600,E, ,SH 10,201416820,31/10/2014,Fri,1240,FD,CS1C,181A 330A ,,R,D,B ,F , ,N,C,80,0,0,2,,,1685145,6098907
Far North District,KERIKERI ROAD,800,E, ,SH 10,201431691,07/02/2014,Fri,920,GD,CW1V,331A 929 ,,R,W,O ,L ,D,N,L,80,0,0,0,,,1685185,6099102
Far North District,KERIKERI ROAD,15,S, ,THE RIDGE,201431439,28/02/2014,Fri,1246,MC,CS1T,372B ,,R,D,BN,F , ,N,C,50,0,0,0,,,1685964,6100788
Far North District,KING ST,100,W, ,KERIKERI ROAD,201449539,21/06/2014,Sat,2350,EA,CE1C,129A ,M,R,D,DO,F , , ,C,50,0,0,0,,,1686496,6101697
Far North District,KINGS ROAD,50,W, ,SH 11,201437027,17/05/2014,Sat,1145,MO,CW1C,371A ,M,R,D,B ,F , , ,C,50,0,0,0,,,1699614,6094810
Far North District,KNUDSENS ROAD,2000,W, ,MANGAKAHIA ROAD,201449059,28/12/2014,Sun,1400,DB,4N1,195A ,T,M,D,ON,F , ,N,N,100,0,0,0,,,1673781,6068976
Far North District,KOHUKOHU ROAD,2470,S, ,MANGAMUKA ROAD,201436361,06/02/2014,Thu,1430,LB,CN1C,308B 929 ,,S,D,ON,FS,D,N,C,100,0,0,0,,,1644423,6094852
Far North District,KOHUKOHU ROAD,1500,N, ,SMITH DEVIATION ROAD N,201415140,11/08/2014,Mon,810,DA,CN1,131A 358A 423A ,,S,D,O ,F , , ,C,100,0,0,1,,,1648573,6090489
Far North District,KOHUKOHU ROAD,190,N, ,SMITH DEVIATION ROAD S,201437458,13/05/2014,Tue,1100,DB,TN1,131A 800 815 ,C,M,D,O ,L , , ,C,100,0,0,0,,,1649399,6088517
Far North District,KOHUKOHU ROAD,1000,S, ,TAUTEIHIIHI ROAD,201445191,03/10/2014,Fri,1145,BC,CN14,121A 330A 197B ,,M,D,O ,F , , ,C,100,0,0,0,,,1648607,6085034
Far North District,KOUTU LOOP ROAD,110,S, ,KOUTU BEACH ROAD,201434199,06/01/2014,Mon,1030,BC,CS1V,121A 205A 404A 410A ,,M,D,B ,F , , , ,100,0,0,0,,,1637495,6073613
Far North District,KOUTU LOOP ROAD,, ,I,KOUTU POINT ROAD,201412918,02/03/2014,Sun,130,DB,CS1,101A 111A 131A ,F,S,D,DN,F ,T,G,N,100,0,0,1,,,1637308,6074067
Far North District,KUMI ROAD,1100,N, ,SH 10,201417940,04/12/2014,Thu,630,DB,TS1,191A 194A ,FV,S,D,DN,F , , ,N,100,0,1,2,,,1624251,6122995
Far North District,LAKE ROAD,50,W, ,PUKEPOTO ROAD,201441302,31/07/2014,Thu,1215,GB,CW14,158A 387A 929 ,,R,D,B ,F ,D, ,C,50,0,0,0,,,1623518,6114466
Far North District,LAKE ROAD,15,S, ,SETTLERS WAY,201431930,14/01/2014,Tue,839,MO,CW1C,371A 512A 514A ,M,R,D,OF,F , ,N,C,50,0,0,0,,,1670048,6091115
Far North District,LARMER ROAD,50,N, ,BARRIBALL ROAD,201410308,07/01/2014,Tue,1412,DB,CS1,131A 507A ,ET,M,D,ON,F , ,N,C,100,0,0,1,,,1625739,6111864
Far North District,MANGAKAHIA ROAD,1000,N, ,ASTER ROAD,201450922,12/12/2014,Fri,715,DB,CN1,131A 804 817 ,X,E,W,TN,M , , ,N,100,0,0,0,,,1675786,6071576
Far North District,MANGAKAHIA ROAD,750,N, ,GAMMON ROAD,201418459,30/12/2014,Tue,1813,DA,CN14,104A 111A 131A 632A 103B 196B ,,M,D,TN,F , , ,C,100,0,1,0,,,1675578,6066732
Far North District,MANGAKAHIA ROAD,750,N, ,GAMMON ROAD,201450120,31/12/2014,Wed,1600,DB,CN1,135A 806 ,F,M,D,B ,F , , ,C,100,0,0,0,,,1675578,6066732
Far North District,MANGAKAHIA ROAD,1500,N, ,KARAKA ROAD,201415302,25/07/2014,Fri,2200,DA,CN1,101A 111A 402A ,CT,M,W,DN,L , ,N,C,100,0,0,1,,,1676191,6058514
Far North District,MANGAKAHIA ROAD,2000,S, ,NGAPIPITO ROAD,201431928,26/01/2014,Sun,930,DA,CS1,135A 801 ,,E,W,ON,L , ,N,C,100,0,0,0,,,1676378,6058818
Far North District,MANGAKAHIA ROAD,1500,S, ,PICADILLY ROAD,201431927,23/01/2014,Thu,2300,DB,CN1,131A ,E,S,D,DN,F , ,N,C,100,0,0,0,,,1675753,6071675
Far North District,MANGAKAHIA ROAD,2170,S, ,PICADILLY ROAD,201434524,24/01/2014,Fri,2315,DA,CS1,195A ,FT,S,D,DN,F , ,N,C,80,0,0,0,,,1675962,6071061
Far North District,MANGAKAHIA ROAD,30,S, ,SH 12,201444636,12/04/2014,Sat,1000,MO,CN1C,371A 386A 308B 926 ,,R,D,B ,F ,D,N,C,50,0,0,0,,,1672943,6081612
Far North District,MANGAKAHIA ROAD,50,S, ,SH 12,201441937,04/08/2014,Mon,1600,LB,4N14,303B 314B 927 ,,R,D,B ,F ,D, ,C,50,0,0,0,,,1672952,6081594
Far North District,MANGAMUKA ROAD,800,S, ,MANGATAIPA ROAD,201411743,29/03/2014,Sat,1530,CB,ME1,135A 812 ,,R,D,B ,F , , ,C,100,0,1,0,,,1648316,6099491
Far North District,MAROMAKU-TOWAI ROAD,160,E, ,MAROMAKU SCHOOL ROAD,201411677,06/03/2014,Thu,1100,DB,CW1,129A 352A ,V,M,D,BN,F , ,N,C,100,0,0,1,,,1700277,6072222
Far North District,MATAURI BAY ROAD,1000,E, ,MARTIN ROAD,201431483,03/02/2014,Mon,2115,DB,CW1,101A 131A ,C,M,D,DN,F , ,N,C,100,0,0,0,,,1678527,6119560
Far North District,MATAURI BAY ROAD,1200,E, ,MARTIN ROAD,201417873,29/11/2014,Sat,1054,CB,CE1,130A 404A 407A ,EFT,R,D,B ,F , , ,C,100,0,0,4,,,1678704,6119612
Far North District,MATAURI BAY ROAD,1290,E, ,TARAIRE ROAD,201410657,19/01/2014,Sun,1740,FA,CW1C,181A 351A 402A ,,R,D,O ,F , ,N,C,100,0,0,1,,,1677443,6113674
Far North District,MATAURI BAY ROAD,, ,A,TARAIRE STM BR,201435720,10/03/2014,Mon,930,BO,TS1C,111A 386A 818 ,,M,D,O ,F , , ,N,100,0,0,0,,,1677403,6115488
Far North District,MATAURI BEACH ROAD,2000,N, ,TE TAPUI ROAD,201417945,18/11/2014,Tue,2020,DB,CS1,104A 111A 131A ,,E,D,TN,F , , ,C,100,0,0,1,,,1683241,6122690
Far North District,MATAWAIA-MAROMAKU ROAD,1300,W, ,TAIKIRAU ROAD,201434531,18/02/2014,Tue,1115,DB,CE1,111A 131A 517A ,FS,M,D,ON,F , ,N,N,100,0,0,0,,,1696088,6072020
Far North District,MELODY LANE,200,S, ,COLONEL MOULD DRIVE,201447925,03/11/2014,Mon,1330,DA,CW1,111A 131A 404A ,C,S,D,B ,F , , ,C,50,0,0,0,,,,
Far North District,NESS ROAD,350,W, ,SHIRLEY ROAD,201416308,10/10/2014,Fri,2119,DA,VN1,103A 111A ,H,E,W,DN,F , ,N,C,100,0,1,0,,,1680694,6106133
Far North District,NESS ROAD,220,W, ,WAIPAPA WEST ROAD,201418142,25/11/2014,Tue,1232,QG,TE1,131A 682A ,T,E,D,B ,F , , ,C,100,0,0,1,,,1681719,6106187
Far North District,NGAPIPITO ROAD,70,S, ,NGAWHITU ROAD,201438101,15/05/2014,Thu,1000,QG,TS1,665A ,,M,D,BN,F , ,N,C,100,0,0,0,,,1686158,6080976
Far North District,NGAPIPITO ROAD,500,W, ,POKAPU ROAD,201410984,27/02/2014,Thu,2145,CC,MW1,103A 129A ,V,R,D,DN,F , ,N,C,100,0,0,1,,,1689436,6081853
Far North District,NGATAKI ROAD,1000,W, ,SH 1N,201417432,08/01/2014,Wed,1730,DB,CE1,131A ,C,E,D,BN,F , ,N,N,100,0,0,1,,,1603451,6155670
Far North District,NOLA CRESCENT,50,E, ,ALLEN BELL DRIVE,201432285,12/02/2014,Wed,2135,MO,CW1V,371A 929 ,M,R,D,DO,F ,D,N,N,50,0,0,0,,,1624135,6115426
Far North District,NORTH ROAD,50,S, ,WATTS ST,201443940,22/08/2014,Fri,1520,FD,CS14,331A 358A ,,R,D,BF,F , ,P,L,50,0,0,0,,,1623569,6115017
Far North District,OKAHU ROAD,, ,I,NORMAN SENN ST,201431438,08/03/2014,Sat,2235,DB,CW1,103A ,G,M,D,DN,F ,Y,N,C,50,0,0,0,,,1623933,6113182
Far North District,OKAKEWAI ROAD,200,S, ,TAKAHUE ROAD,201435718,13/05/2014,Tue,830,DB,4E1C,131A 132A 138A ,,M,D,B ,F , , ,L,100,0,0,0,,,1632108,6106521
Far North District,OLD BAY ROAD,1700,S, ,TE AHU AHU ROAD,201436979,16/04/2014,Wed,1210,EA,CN1V,129A ,M,E,W,O ,L , , ,L,100,0,0,0,,,1684612,6090411
Far North District,OLD BAY ROAD,2000,N, ,WAIKARAMU ROAD,201449474,17/12/2014,Wed,639,BF,4S1C,111A 131A 801 901 ,,M,W,O ,H , , ,N,100,0,0,0,,,1683581,6089877
Far North District,OMAUNU ROAD,10,S, ,DIP ROAD,201414799,27/07/2014,Sun,1345,DA,MN1,131A 402A ,G,E,D,B ,F ,T,N,C,100,0,0,1,,,1670404,6115762
Far North District,OMAUNU ROAD,15,S, ,MATAWHEROHIA ROAD,201439274,12/06/2014,Thu,1844,EC,4N1,912,W,R,D,DN,F , , ,C,100,0,0,0,,,1669766,6114603
Far North District,OPITO BAY ROAD,100,N, ,PUKEWHAU ROAD,201418074,06/12/2014,Sat,113,DB,40,104A 111A 131A ,F,E,D,DN,F , ,N,C,100,0,2,0,,,1694745,6105369
Far North District,ORRS ROAD,, ,I,HILLCREST ROAD,201445011,05/10/2014,Sun,155,DB,4W1C,111A 122A ,M,R,D,DO,F ,X,G,C,50,0,0,0,,,1671711,6081634
Far North District,ORURU ROAD,800,N, ,HONEYMOON VALLEY ROAD,201415191,21/06/2014,Sat,615,EC,CS1,904 912 ,W,R,D,DN,M , , ,C,100,0,1,0,,,1644885,6116142
Far North District,ORURU ROAD,50,S, ,SH 10,201441713,26/06/2014,Thu,1320,MD,CS1C,371B 927 ,,R,D,O ,F ,D,N,N,50,0,0,0,,,1642567,6127225
Far North District,ORURU ROAD,4800,S, ,SH 10,201430985,07/01/2014,Tue,1610,CB,CS1C,103A 129A ,M,R,D,BN,F , ,N,C,100,0,0,0,,,1644256,6123380
Far North District,OTANGAROA ROAD,2900,W, ,TIPA TIPA ROAD,201415961,26/08/2014,Tue,1847,BB,MS1C,123A 195A ,,M,D,DN,F , , ,N,100,0,0,1,,,1656749,6114592
Far North District,OTIRIA ROAD,90,W, ,WAHAMITI CEMETERY ROAD,201410557,08/01/2014,Wed,1758,DB,CW1,111A 131A 532A ,,M,D,BN,F , ,N,C,100,0,1,0,,,1690281,6082301
Far North District,OXFORD ST,150,S, ,SOUTH ROAD,201447867,12/11/2014,Wed,1208,MO,CS1V,371A ,M,R,D,BF,F , ,N,C,50,0,0,0,,,1624281,6113835
Far North District,PARAPARA ROAD,880,S, ,SH 10,201449898,11/12/2014,Thu,1700,DA,CS1,103A ,V,E,W,ON,H , ,N,N,80,0,0,0,,,1639363,6126774
Far North District,PARK ROAD,190,S, ,DE MERLE ST,201441930,16/08/2014,Sat,1720,CA,CS1,104A 130A 433A ,FP,R,D,O ,F , , ,C,50,0,0,0,,,1672393,6081545
Far North District,PARK ROAD,60,N, ,SH 12,201437011,30/04/2014,Wed,205,CA,CN1,130A 402A ,HP,R,W,DO,L , , ,C,50,0,0,0,,,1672454,6081418
Far North District,PAWARENGA ROAD,3000,W, ,RUNARUNA ROAD,201436362,07/03/2014,Fri,1030,BF,CS1C,135A 813 ,,M,D,ON,F , ,N,N,100,0,0,0,,,1629307,6091401
Far North District,PIPIWAI ROAD,310,S, ,LOVATT ROAD,201446991,30/08/2014,Sat,1130,BE,4N14,112A 130A ,,R,W,ON,L , ,N,N,100,0,0,0,,,1688262,6061714
Far North District,PUKEPOTO ROAD,60,N, ,DOMINION ROAD,201432515,05/02/2014,Wed,2050,GE,CS1C,157A 357A 929 ,,E,D,TN,F ,D,N,C,50,0,0,0,,,1623519,6114248
Far North District,PUKEPOTO ROAD,50,N, ,VEGAR ST,201446995,01/11/2014,Sat,830,DB,4N1,101A 131A ,BE,E,D,OF,F , ,N,C,50,0,0,0,,,1623568,6114359
Far North District,PUKETOTARA ROAD,2200,W, ,SH 10,201441284,01/07/2014,Tue,855,DA,CE1,110A 331A 800 904 ,PX,M,W,O ,M , , ,C,100,0,0,0,,,1682101,6100486
Far North District,PUNGAERE ROAD,200,E, ,RIVERSTREAM DRIVE,201442474,25/06/2014,Wed,1025,QG,TE1,129A 135A 801 815 ,FS,S,W,ON,L , ,N,C,100,0,0,0,,,1682084,6104648
Far North District,PUPUKE MANGAPA ROAD,300,N, ,SHARNOCKS ROAD,201435324,17/04/2014,Thu,1530,DB,VE1,103A 111A 131A 195A 813 ,,S,D,O ,F , , ,N,100,0,0,0,,,1662433,6111525
Far North District,PURERUA ROAD,3500,N, ,KAPIRO ROAD,201410552,25/01/2014,Sat,850,DA,VN1,131A ,,M,D,BN,F , ,N,C,100,0,1,3,,,1687434,6107388
Far North District,PURERUA ROAD,500,S, ,SOMERVILLE ROAD,201411583,10/03/2014,Mon,1300,BA,CN14,302B ,,R,D,BN,F , ,G,N,100,0,0,1,,,1686427,6106678
Far North District,PURERUA ROAD,200,E, ,TE TII ROAD,201449472,24/11/2014,Mon,1620,DA,CW1,131A 402A 813 ,,M,D,B ,F , , ,C,100,0,0,0,,,1690902,6111239
Far North District,RAIHARA ST,160,S, ,MEMORIAL AVENUE,201418129,22/11/2014,Sat,1150,EA,CS1C,129A 350A ,M,R,D,B ,F , , ,N,50,0,0,1,,,1672906,6081161
Far North District,RAMSEY ROAD,150,S, ,SH 12,201410553,18/01/2014,Sat,1200,BB,MN1C,129A ,,M,D,BN,F , ,N,N,100,0,0,2,,,1658812,6075394
Far North District,RARAWA BEACH ROAD,1100,E, ,SH 1N,201435746,07/05/2014,Wed,2000,CA,CE1,103A 130A ,C,R,D,DN,M , , ,N,100,0,0,0,,,1604964,6157565
Far North District,RAWHITI ROAD,800,N, ,MANAWAORA ROAD,201430553,17/01/2014,Fri,1630,BC,CS1V,121A 813 ,,S,D,B ,F , , ,N,100,0,0,0,,,1715152,6097487
Far North District,RAWHITI ROAD,200,S, ,MANAWAORA ROAD,201437711,28/03/2014,Fri,2100,EC,CN1,912,W,M,D,DN,F , , ,C,100,0,0,0,,,1715408,6096897
Far North District,REDAN ROAD,15,W, ,COMMERCE ST,201447869,12/11/2014,Wed,1450,FD,CW1C,181A ,,R,D,BF,F , ,N,C,50,0,0,0,,,1624196,6113992
Far North District,REDAN ROAD,50,W, ,COMMERCE ST,201447870,12/11/2014,Wed,1515,EA,CW1C,129A ,M,R,D,BF,F , ,N,C,50,0,0,0,,,1624171,6113967
Far North District,REDAN ROAD,, ,I,DOMINION ROAD,201437658,22/05/2014,Thu,930,GD,CE14,333A ,,R,W,B ,F ,T,G,C,50,0,0,0,,,1623939,6113724
Far North District,REDCLIFFS ROAD,490,N, ,KAPIRO ROAD,201434650,06/04/2014,Sun,5,EC,CS1,912,W,E,D,DN,F , ,N,C,100,0,0,0,,,1687892,6105198
Far North District,ROWSELL HEIGHTS,50,W, ,ORRS ROAD,201415728,23/08/2014,Sat,1350,CB,MW1E,194A 722B ,,R,D,BF,F , ,N,C,50,0,0,2,7,,1671981,6081155
Far North District,RUAPEKAPEKA ROAD,1000,N, ,MONUMENT ROAD,201441288,14/07/2014,Mon,833,BB,TN1C,123A 378A 831 ,,M,W,B ,F , , ,N,100,0,0,0,,,1703367,6076793
Far North District,RUAPEKAPEKA ROAD,900,S, ,SH 11,201442473,17/07/2014,Thu,1257,BC,4N1C,121A 137B ,F,S,D,ON,F , ,N,N,100,0,0,0,,,1698359,6083693
Far North District,RUNARUNA ROAD,4310,E, ,PAWARENGA ROAD,201418350,16/10/2014,Thu,840,BD,TE14,818,,S,D,ON,F , ,N,N,100,0,0,4,,,1632601,6089176
Far North District,RUNARUNA ROAD,20,S, ,PAWARENGA ROAD,201415138,11/08/2014,Mon,2000,BB,VS14,123A 130B 197B 818 ,,S,D,DN,F , , ,N,100,0,0,1,,,1631065,6092234
Far North District,RUNARUNA ROAD,200,N, ,PUKETAWA ROAD,201433136,20/01/2014,Mon,1030,DA,4N1,131A 813 ,C,M,D,O ,F , , ,C,100,0,0,0,,,1633970,6088018
Far North District,RUSSELL ROAD,100,S, ,FLORANCE AVENUE,201412450,16/04/2014,Wed,2300,EC,CS1,801 821 903 ,X,R,W,DN,LS, , ,C,50,0,0,1,,,1703093,6096636
Far North District,RUSSELL ROAD,5,S, ,TE AKAU DRIVE,201449591,26/12/2014,Fri,1630,FA,CS1V,181A 191B ,,R,D,O ,F ,T,S,C,100,0,0,0,,,1703685,6095517
Far North District,SCHOOL ROAD,70,W, ,WALLACE LANE,201446816,24/09/2014,Wed,1620,DB,CS1,103A 111A ,F,M,D,B ,F , ,N,C,50,0,0,0,,,1699283,6095054
Far North District,SELWYN ROAD,100,W, ,WILLIAMS ROAD,201447864,07/11/2014,Fri,2130,MO,CW1C,371A 385A ,M,R,D,DO,F , ,N,C,50,0,0,0,,,1699147,6095189
Far North District,SIGNAL ROAD,2500,N, ,WAIARE ROAD,201443971,24/08/2014,Sun,1910,DB,CS1,111A 131A 402A ,FP,M,D,DN,F , ,N,N,100,0,0,0,,,1673231,6096477
Far North District,SPAINS ROAD,900,E, ,MATICH ROAD,201450769,29/12/2014,Mon,1600,JA,CW14,308B 929 ,,R,D,BN,F ,D,N,N,100,0,0,0,,,1621277,6122804
Far North District,STATION ROAD,100,N, ,MEMORIAL AVENUE,201432516,04/02/2014,Tue,1220,CC,CS1C,129A 504A ,M,R,D,B ,F , ,N,N,50,0,0,0,,,1672537,6081265
Far North District,STATION ROAD,, ,I,MEMORIAL AVENUE,201435876,07/05/2014,Wed,1606,KB,VN1C,301B 375B ,,R,D,BF,F ,T,S,C,50,0,0,0,,,1672560,6081167
Far North District,TAAFFE ST,10,S, ,COMMERCE ST,201437760,07/06/2014,Sat,1430,MO,4S1C,330A 371A ,M,R,D,BF,F ,T,G,C,50,0,0,0,,,1623956,6114416
Far North District,TAAFFE ST,10,W, ,COMMERCE ST,201430782,06/01/2014,Mon,1030,FA,CW1,300A ,,R,D,BF,F ,T,G,C,50,0,0,0,,,1623956,6114416
Far North District,TAHUNA ROAD,200,W, ,TE KEMARA AVENUE,201417947,07/12/2014,Sun,1010,DA,ME1,131A 402A 804 ,,E,D,B ,F , , ,C,50,0,0,1,,,1698019,6095764
Far North District,TAKAHE ROAD,50,N, ,FORESHORE ROAD,201449536,31/12/2014,Wed,1400,MO,VS1C,130A 357A 514A ,M,R,D,B ,F , , ,C,50,0,0,0,,,1613957,6107987
Far North District,TAKAHE ROAD,100,N, ,KAKAPO ST,201410988,06/03/2014,Thu,1630,NA,CN1E,711B 727B ,,R,D,BF,F , ,N,C,50,0,0,1,5,,1614125,6108484
Far North District,TAKAHE ROAD,15,S, ,KAKAPO ST,201434405,13/04/2014,Sun,800,BA,CN1V,125A 197B ,V,R,D,B ,F , , ,C,50,0,0,0,,,1614057,6108391
Far North District,TAPEKA ROAD,500,N, ,TITORE WAY,201439385,19/05/2014,Mon,600,DA,CS1,111A 135A ,GS,S,D,DN,M , ,N,C,100,0,0,0,,,1701706,6098620
Far North District,TAPUHI ROAD,50,N, ,SH 1N,201432444,18/02/2014,Tue,1033,MO,4S1C,357A 512A 514A ,,R,D,BF,F , , ,C,100,0,0,0,,,1708863,6068658
Far North District,TAU HENARE DRIVE,640,N, ,TE KARUWHA PARADE,201417433,26/10/2014,Sun,512,DB,CN1,103A 111A 131A 692A ,T,M,D,DN,F , ,N,C,80,0,0,1,,,1698245,6096799
Far North District,TE AHU AHU ROAD,, ,I,SHOWGROUNDS ROAD,201449417,09/12/2014,Tue,1320,HA,CN2C,301A ,,R,W,O ,L ,X,S,C,100,0,0,0,,,1679883,6091674
Far North District,TE HAPUA ROAD,6500,E, ,SH 1N,201416626,22/10/2014,Wed,1015,BF,CN1V,131A 357A 404A 801 ,,S,W,O ,L , , ,N,100,0,0,1,,,1589269,6182705
Far North District,TE KEMARA AVENUE,25,W, ,TE KARUWHA PARADE,201431391,05/02/2014,Wed,1120,MA,OE1C,373B ,,E,D,ON,F , ,N,N,50,0,0,0,,,1698197,6096094
Far North District,TE PUA ROAD,1000,N, ,REMUERA SETTLEMENT ROAD,201410554,20/01/2014,Mon,1750,DA,CN1,131A 801 ,C,M,W,ON,L , ,N,C,100,0,0,1,,,1674092,6086490
Far North District,TE PUA ROAD,1100,S, ,SH 1N,201446818,02/11/2014,Sun,1030,CB,VN1,130A 402A ,V,R,D,B ,F , ,N,C,100,0,0,0,,,1674939,6088159
Far North District,TE PUA ROAD,2300,S, ,SH 1N,201432492,19/02/2014,Wed,1655,DA,CN1,131A 407A 809 901 ,,M,W,ON,H , , ,C,100,0,0,0,,,1674983,6087096
Far North District,TE TIO ROAD,, ,I,WOOD ROAD,201450735,01/06/2014,Sun,200,MO,CW1,101A 386A ,V,S,D,DN,F ,T,N,C,100,0,0,0,,,1649404,6092974
Far North District,THE STRAND,10,S, ,KENT ST,201445054,12/10/2014,Sun,1649,MO,CN1V,371A ,M,R,D,B ,F ,T,N,C,50,0,0,0,,,1701936,6097553
Far North District,TIPENE ROAD,120,S, ,HORAHORA ROAD,201412557,28/01/2014,Tue,2230,DA,CN1,111A 131A 138A 812 ,V,E,D,DN,F , , ,N,100,0,1,1,,,1694797,6066999
Far North District,VOGEL ST,90,E, ,COMMERCIAL ST,201444501,14/06/2014,Sat,2350,CB,CE1,103A 112A 130A 514A ,,R,D,DO,F , , ,N,50,0,0,0,,,1697107,6084119
Far North District,WAIARE ROAD,1200,E, ,OTAERE ROAD,201415279,18/06/2014,Wed,2100,DB,CE1,101A 131A ,FT,E,D,DN,M , ,N,C,100,0,1,0,,,1672029,6091890