TLANAME,CRASHROAD,CRASHDIST,CRASHDIRN,INTSN,SIDEROAD,CRASHID,CRASHDATE,CRASHDOW,CRASHTIME,MVMT,VEHICLES,CAUSES,OBJECTSSTRUCK,ROADCURVE,ROADWET,LIGHT,WTHRa,JUNCTYPE,TRAFCTRL,ROADMARK,SPDLIM,CRASHFATALCNT,CRASHSEVCNT,CRASHMINCNT,PERSAGE1,PERSAGE2,EASTING,NORTHING
Far North District,WAIARE ROAD,, ,I,PUKETI ROAD,201430301,11/01/2014,Sat,1455,HA,CS2C,302B 375B ,,R,D,O ,F ,X,G,N,100,0,0,0,,,1672359,6099561
Far North District,WAIARE ROAD,200,S, ,SAWARD ROAD,201437013,29/03/2014,Sat,1849,CB,VS1,130A 359A ,F,R,D,TN,F , , ,C,100,0,0,0,,,1672709,6092458
Far North District,WAIARE ROAD,500,N, ,SCOTT ROAD,201414901,24/04/2014,Thu,715,AO,CN1S,129A 341A 363A 902 ,,R,D,BN,F , ,N,C,100,0,0,1,,63,1674435,6093835
Far North District,WAIARE ROAD,40,N, ,SIGNAL ROAD,201432496,19/02/2014,Wed,1330,CB,CS1,130A 354A 800 904 ,V,R,D,O ,M , ,N,L,100,0,0,0,,,1675434,6095337
Far North District,WAIARE ROAD,1400,S, ,WIROA ROAD,201416620,12/10/2014,Sun,1535,DA,CS1,111A 131A 402A ,,M,D,B ,F , , ,C,100,0,0,1,,,1674912,6094295
Far North District,WAIKARAMU ROAD,3500,N, ,OLD BAY ROAD,201436976,07/05/2014,Wed,815,BA,VN1C,112B ,,R,D,B ,F , , ,N,100,0,0,0,,,1681064,6091163
Far North District,WAIKARE ROAD,40,E, ,SH 11,201448524,09/10/2014,Thu,2015,BA,4E1C,103A 125A ,,R,W,DN,L , ,N,C,100,0,0,0,,,1699063,6085945
Far North District,WAIKARE ROAD,3000,S, ,WAIHAHA ROAD,201441289,18/07/2014,Fri,1530,DA,CS1,135A 407A ,T,S,D,O ,F , , ,N,100,0,0,0,,,1709608,6087484
Far North District,WAIMA VALLEY ROAD,50,N, ,PERAS ROAD,201412922,25/05/2014,Sun,105,DA,VN1,102A 111A 131A 514A ,,E,W,DN,L , , ,N,100,0,0,1,,,1654326,6074015
Far North District,WAIMATE NORTH ROAD,200,N, ,AMURI ROAD,201439437,02/05/2014,Fri,100,EC,CN1,912,W,E,D,DN,F , ,N,C,100,0,0,0,,,1683323,6099733
Far North District,WAINUI ROAD,120,W, ,WAINUI VALLEY ROAD,201410548,11/01/2014,Sat,1913,DB,ME1,131A 804 ,G,S,D,TN,F , ,N,C,100,0,1,1,,,1677850,6124959
Far North District,WAIPAPA LOOP ROAD N,100,W, ,SH 10,201442389,24/08/2014,Sun,1750,LB,CE1C,303B 375B 922 ,,R,W,TN,F ,D,N,C,80,0,0,0,,,1683396,6103666
Far North District,WAIPAPA ROAD,70,E, ,WAITOTARA DRIVE,201418615,05/12/2014,Fri,1520,FD,CW1V,331A 350A ,,R,D,BF,F , ,N,C,80,0,0,1,,,1685109,6103526
Far North District,WAIPAPA ROAD,80,E, ,WAITOTARA DRIVE,201448554,30/10/2014,Thu,1000,GB,4W14,387A 142B 929 ,,R,D,BN,F ,D,N,C,80,0,0,0,,,1685119,6103525
Far North District,WAIPAPA ROAD,300,W, ,WAITOTARA DRIVE,201447308,23/09/2014,Tue,1642,JA,4N14,308B 375B 929 ,,R,D,B ,F ,D,N,C,80,0,0,0,,,1684748,6103456
Far North District,WAIPAPA WEST ROAD,230,N, ,SH 10,201440521,16/07/2014,Wed,1800,DA,CS1,111A 131A 404A ,FT,S,D,DN,F , , ,L,100,0,0,0,,,1682761,6105711
Far North District,WATERFRONT DRIVE,100,N, ,GREY ST EAST,201441455,03/08/2014,Sun,1130,BC,CS1C,121A ,,E,D,B ,F , ,N,C,50,0,0,0,,,1648788,6127467
Far North District,WATERFRONT DRIVE,40,S, ,THOMAS ST,201435476,19/04/2014,Sat,1600,MO,4N1V,371B ,M,R,D,B ,F , ,N,C,50,0,0,0,,,1648955,6127790
Far North District,WEHIRUA ROAD,700,E, ,WAIARE ROAD,201446812,10/09/2014,Wed,1103,CC,CN1,129A 134A ,F,R,W,O ,F , ,N,C,100,0,0,0,,,1673254,6092417
Far North District,WEST COAST ROAD,200,W, ,KOHUKOHU ROAD,201443541,04/08/2014,Mon,100,DB,40,197A ,,M,W,DN,H , ,N,C,100,0,0,0,,,1647685,6084169
Far North District,WEST COAST ROAD,1300,N, ,ROTOKAWAU ROAD,201416475,19/10/2014,Sun,600,CC,CW1,104A 130A 412A ,C,R,W,DN,F , , ,C,100,0,0,1,,,1617089,6123522
Far North District,WHALERS ROAD,260,N, ,HUKATERE ROAD,201418758,05/12/2014,Fri,1830,DA,CS1,131A 402A 801 ,V,M,W,O ,L , , ,C,100,0,0,1,,,1611702,6144128
Far North District,WHALERS ROAD,1000,W, ,SH 1N,201418590,08/12/2014,Mon,1330,DA,CW1,131A 404A ,V,M,D,BN,F , ,N,N,100,0,0,1,,,1611759,6144439
Far North District,WHANGAROA ROAD,1280,N, ,SH 10,201450770,27/12/2014,Sat,1300,DB,CN1,111A 131A ,T,M,D,ON,F , ,N,C,100,0,0,0,,,1668767,6118485
Far North District,WHANGAROA ROAD,2800,N, ,SH 10,201450959,24/12/2014,Wed,2247,DA,4N1,111A 132A ,VX,M,D,DN,F , , ,C,100,0,0,0,,,1667608,6119260
Far North District,WHANGAROA ROAD,2850,N, ,SH 10,201448801,10/10/2014,Fri,1805,DA,CN1,130A 191A 197A ,,E,D,O ,F , , ,C,100,0,0,0,,,1667606,6119310
Far North District,WHANGAROA ROAD,400,N, ,WAIKOURA ROAD,201418343,16/12/2014,Tue,2129,EC,CN1,101A 823 ,L,R,W,DN,H , ,N,C,100,0,0,1,,,1669160,6118114
Far North District,WHANGAROA ROAD,400,N, ,WAIKOURA ROAD,201418859,16/12/2014,Tue,2132,CB,4N1C,197A 101B ,M,R,W,DN,H , ,N,C,100,0,0,2,,,1669160,6118114
Far North District,WHANGAROA ROAD,900,N, ,WAIKOURA ROAD,201442972,11/07/2014,Fri,800,DA,CS1,131A 402A 407A 420A 801 903 ,,E,W,O ,LS, , ,C,100,0,0,0,,,1668911,6118544
Far North District,WHATUWHIWHI ROAD,200,S, ,MATARIKI PLACE,201435741,03/04/2014,Thu,2033,DA,CN1,111A 131A 514A ,C,M,D,DN,F , , ,N,100,0,0,0,,,1636266,6140595
Far North District,WILLIAMS ROAD,15,S, ,SELWYN ROAD,201450854,21/12/2014,Sun,1429,MO,CN1C,308B 929 ,,R,D,BF,F ,D,N,C,50,0,0,0,,,1699212,6095111
Far North District,WILLIAMS ROAD,20,S, ,SH 11,201435594,30/04/2014,Wed,1400,MO,CS1C,371A 371B ,,R,D,B ,F , , ,N,50,0,0,0,,,1699288,6095197
Far North District,WIROA ROAD,, ,I,LODORE ROAD,201418588,07/12/2014,Sun,2047,DA,40,111A 131A ,F,E,D,TN,F ,T,N,C,100,0,0,1,,,1679717,6097159
Far North District,WIROA ROAD,1400,W, ,SH 10,201414975,30/06/2014,Mon,903,BF,4E1C,111A 131A ,V,S,W,ON,L , ,N,C,80,0,0,1,,,1683706,6097638
Far North District,WIROA ROAD,850,E, ,WAIARE ROAD,201418156,16/12/2014,Tue,1709,DA,CE1,131A 901 ,F,M,W,O ,H , , ,C,100,0,0,1,,,1676207,6095951
Far North District,WIROA ROAD,3680,E, ,WAIARE ROAD,201430425,21/01/2014,Tue,800,BF,4E1C,110A 135A ,,M,W,O ,F , ,N,C,100,0,0,0,,,1678604,6096654
Far North District,WIROA ROAD,1400,W, ,WAIMATE NORTH ROAD,201414798,28/07/2014,Mon,1403,CC,VE1,501A ,FP,R,D,B ,F , , ,C,100,0,0,1,,,1680748,6097223
Far North District,YORKE ROAD,300,N, ,GOFFE DRIVE,201448586,07/12/2014,Sun,930,DB,CN1,103A 131A ,X,E,D,BF,F , ,N,N,50,0,0,0,,,1696298,6095585
Far North District,Z BCH NINETY MILE,3000,N, ,KAKA ST,201418804,29/12/2014,Mon,2025,MO,OS1,112A ,,R,D,TN,F , ,N,N,100,0,1,1,,,1615392,6111172
Far North District,Z CPK COUNTDOWN,30,S, ,MEMORIAL AVENUE,201417422,19/06/2014,Thu,1247,MO,4W1C,371B ,,R,D,OF,F , ,N,N,20,0,0,1,,,1672590,6081157
Far North District,Z CPK KERIKERI MEDICAL,60,W, ,KERIKERI ROAD,201435189,28/03/2014,Fri,1415,MO,400000000000000,371A 930 ,,R,D,B ,F ,D,N,N,30,0,0,0,,,1686244,6101312
Far North District,Z CPK MATTHEWS AVENUE,60,S, ,EAST LANE,201436677,15/05/2014,Thu,1320,MO,4S14,423A 427A 925 ,,R,D,B ,F ,D,N,N,50,0,0,0,,,1624263,6114254
Far North District,Z DWY CORRECTIONS ROAD,710,E, ,NGAWHA SPRINGS ROAD,201442386,14/08/2014,Thu,1400,MO,4W1,358A 500A ,C,R,D,O ,F , ,N,N,50,0,0,0,,,1677994,6083471
Far North District,10/0/3.522,4000,S, ,SH 11 PUKETONA,201417836,26/11/2014,Wed,930,EC,TS1,135A 341A 822 ,CLV,M,D,B ,F , , ,C,100,0,1,0,,,1688682,6089536
Far North District,10/0/5.932,, ,I,OROMAHOE ROAD,201435190,05/01/2014,Sun,630,KA,CS1C,302B ,,E,D,B ,F ,T,G,C,50,0,0,0,,,1688444,6091654
Far North District,10/0/6.892,630,S, ,SH 11,201412142,28/03/2014,Fri,1240,DA,4N1,129A 131A 410A ,F,M,D,B ,F , , ,C,100,0,0,1,,,1687774,6092333
Far North District,10/7/0.615,300,N, ,TE AHU AHU ROAD,201439406,27/06/2014,Fri,939,DA,CN1V,110A 131A 801 ,B,M,W,ON,L , ,N,C,100,0,0,0,,,1687047,6093313
Far North District,10/7/0.765,450,N, ,TE AHU AHU ROAD,201410534,25/01/2014,Sat,40,DA,VN1,103A 131A ,B,E,D,DN,F , ,N,L,100,0,0,1,,,1686955,6093430
Far North District,10/7/0.765,450,N, ,TE AHU AHU ROAD,201410549,06/02/2014,Thu,750,BF,CS1C,111A 131A ,,M,W,ON,H , ,N,L,100,0,0,1,,,1686955,6093430
Far North District,10/7/0.815,500,N, ,TE AHU AHU ROAD,201416624,13/10/2014,Mon,855,DB,4S1C,111A 131A 514A ,G,M,D,B ,F , , ,C,100,0,0,2,,,1686941,6093478
Far North District,10/7/3.747,500,S, ,PUKEWHAU PA ROAD,201400035,21/02/2014,Fri,2130,BC,CS1C,111A 121A ,,E,D,DN,F , , ,C,100,1,3,0,,,1686297,6096077
Far North District,10/7/4.994,280,S, ,COTTLE HILL DRIVE,201445012,08/10/2014,Wed,1530,DA,CN1,130A 504A ,,E,D,O ,F , ,N,C,100,0,0,0,,,1685478,6096881
Far North District,10/7/5.234,40,S, ,COTTLE HILL DRIVE,201417946,08/12/2014,Mon,1815,DA,CN1,131A 800 801 ,V,E,W,O ,H , , ,C,100,0,0,1,,,1685420,6097114
Far North District,10/7/7.423,200,S, ,POPLAR LANE,201417978,14/12/2014,Sun,2116,BA,CS1C,205A 404A ,,R,W,DN,L , , ,C,80,0,1,1,,,1684500,6099057
Far North District,10/7/7.425,700,N, ,WIROA ROAD,201447863,11/11/2014,Tue,1747,FD,CS1VC,331A 363A 902 ,,R,D,BN,F , ,N,L,80,0,0,0,,,1684499,6099059
Far North District,10/7/8.329,100,N, ,BLUE GUM LANE,201414299,15/08/2014,Fri,1655,BE,CN1C,125A 130A 504A 926 ,H,R,D,O ,F ,D,N,C,100,0,3,1,,,1683912,6099714
Far North District,10/7/8.429,200,N, ,BLUE GUM LANE,201450647,17/12/2014,Wed,1340,GD,VN1V,181A 330A 929 ,,R,D,O ,F ,D,N,C,100,0,0,0,,,1683829,6099769
Far North District,10/7/8.523,900,N, ,POPLAR LANE,201450707,27/11/2014,Thu,402,DB,CS1,410A ,T,E,D,DN,F , ,N,C,100,0,0,0,,,1683755,6099827
Far North District,10/17/1.158,300,S, ,PUKETOTARA ROAD,201414758,28/07/2014,Mon,800,FA,TN1CC,331A 363A 181B 902 ,,E,D,B ,F , , ,C,100,0,0,2,,,1683758,6101435
Far North District,10/17/3.327,170,S, ,WAIPAPA ROAD,201446996,30/10/2014,Thu,2205,MO,CS1,103A 130A ,V,R,D,DO,F , ,N,C,70,0,0,0,,,1683631,6103555
Far North District,WAIPAPA ROAD,, ,I,10/17/3.497,201435188,09/02/2014,Sun,1544,FB,CW1C,181A ,,R,D,O ,F ,X,G,C,80,0,0,0,,,1683513,6103678
Far North District,10/17/3.797,300,N, ,WAIPAPA ROAD,201435325,01/05/2014,Thu,1136,FD,4N1CC,181A 331A 181B ,,E,D,B ,F , , ,N,100,0,0,0,,,1683305,6103893
Far North District,10/17/3.918,200,S, ,PUNGAERE ROAD,201411741,22/03/2014,Sat,1400,DB,TS1V,130A 197A 407A ,,M,D,O ,L , , ,C,100,0,0,1,,,1683221,6103980
Far North District,10/17/6.191,350,S, ,STANNERS ROAD,201410989,28/02/2014,Fri,1618,CC,4S1,129A 410A ,FP,R,D,BN,F , ,N,C,100,0,0,1,,,1682754,6106123
Far North District,10/17/7.541,1000,N, ,STANNERS ROAD,201434423,04/04/2014,Fri,1050,GC,CS1C,174B 371B 929 ,,E,D,O ,F ,D, ,C,100,0,0,0,,,1682032,6107224
Far North District,10/17/9.572,, ,I,SANDYS ROAD,201416000,10/09/2014,Wed,657,JA,VN1C,111B 301B 321B ,,R,W,O ,F ,T,S,C,100,0,1,1,,,1681096,6109006
Far North District,10/17/11.408,1000,S, ,WHANGAROA ROAD,201445009,31/07/2014,Thu,1833,EC,40,912,W,R,D,DN,F , ,N,C,100,0,0,0,,,1680321,6110544
Far North District,10/17/12.408,, ,I,TAKOU BAY ROAD,201413366,24/05/2014,Sat,2300,PA,CN1E,110A 129A 703B 724B ,,E,D,DO,F ,T,S,C,100,0,0,1,,,1680148,6111400
Far North District,10/17/13.608,1200,N, ,TAKOU BAY ROAD,201450938,18/12/2014,Thu,1200,DB,TN1,111A 131A ,E,M,D,B ,F , , ,C,100,0,0,0,,,1679814,6112438
Far North District,10/17/15.459,800,E, ,MATAURI BAY ROAD,201446807,25/10/2014,Sat,730,EC,CE1,911,W,R,D,TN,F , ,N,C,100,0,0,0,,,1678331,6113132
Far North District,10/33/1.5,1500,W, ,MATAURI BAY ROAD,201414582,08/07/2014,Tue,2120,CC,CE1,103A 410A 801 ,CV,R,W,DN,L , , ,C,100,0,0,1,,,1676190,6113118
Far North District,10/33/3.4,3400,W, ,MATAURI BAY ROAD,201443992,06/09/2014,Sat,1140,DB,4S1,111A 135A 801 901 ,C,E,W,OF,H , ,N,C,100,0,0,0,,,1674890,6112694
Far North District,10/33/3.654,1600,S, ,MCGEES ROAD,201400124,30/05/2014,Fri,42,BF,CS1V,101A 108A 131A ,,E,W,DN,L , , ,C,100,2,0,1,,,1674756,6112904
Far North District,10/33/3.754,1500,S, ,MCGEES ROAD,201439273,10/06/2014,Tue,2145,DB,CS1,103A 111A 402A ,F,M,W,DN,L , , ,C,100,0,0,0,,,1674723,6112999
Far North District,10/33/3.794,1460,S, ,MCGEES ROAD,201437460,26/05/2014,Mon,726,DB,4S1,135A 812 904 ,V,M,W,DN,M , , ,C,100,0,0,0,,,1674719,6113039
Far North District,10/33/3.954,1300,S, ,MCGEES ROAD,201433599,15/03/2014,Sat,1815,DA,CN1,131A ,V,E,W,ON,L , ,N,L,100,0,0,0,,,1674779,6113183
Far North District,10/33/4.254,1000,S, ,MCGEES ROAD,201410499,22/02/2014,Sat,1015,BF,VN1C,131A 350A 801 ,,M,W,O ,L , , ,C,100,0,0,1,,,1674785,6113464
Far North District,10/33/4.354,900,S, ,MCGEES ROAD,201431326,20/02/2014,Thu,1015,DA,CS1,135A 801 ,TV,M,W,OF,L , ,N,L,100,0,0,0,,,1674713,6113532
Far North District,10/33/6.354,1100,N, ,MCGEES ROAD,201446405,29/10/2014,Wed,1045,DB,CN1,135A 806 ,F,E,W,ON,L , ,N,L,100,0,0,0,,,1673082,6114563
Far North District,10/33/7.678,15,S, ,GREEN LANE,201431393,07/02/2014,Fri,1500,FD,CS1C,181A ,,E,W,ON,L , ,N,C,100,0,0,0,,,1672238,6115329
Far North District,10/63/0.331,1400,S, ,TAUPO BAY ROAD,201418862,27/12/2014,Sat,1430,BE,4S1C,129A 354A ,,E,D,BN,F , ,N,C,100,0,0,1,,,1656833,6125376
Far North District,10/63/7.596,1500,W, ,HIHI ROAD,201444148,20/04/2014,Sun,1815,BB,CN1V,123A ,,R,W,BN,F , ,N,C,100,0,0,0,,,1651189,6125496
Far North District,10/63/9.805,400,N, ,BACKRIVER ROAD,201415550,26/08/2014,Tue,2100,DB,CS1,505A 506A ,EZ,M,D,DN,F , , ,C,100,0,0,1,,,1649267,6125924
Far North District,10/63/11.575,1700,E, ,PARADISE ROAD,201440361,01/07/2014,Tue,850,BF,4N1C,130A 197B ,,E,D,O ,F , , ,N,100,0,0,0,,,1648344,6127329
Far North District,10/63/12.75,150,W, ,KUPE ROAD,201435359,13/01/2014,Mon,1958,CC,CE1,130A ,C,R,D,O ,F , , ,C,60,0,0,0,,,1647439,6127915
Far North District,10/63/12.8,200,W, ,KUPE ROAD,201450902,22/12/2014,Mon,1400,GE,CW1C,372B 929 ,,R,D,B ,F ,D, ,C,60,0,0,0,,,1647390,6127924
Far North District,10/79/3.524,200,S, ,ORURU ROAD,201433526,23/03/2014,Sun,840,DB,CS1,501A ,C,E,D,BN,F , ,N,N,100,0,0,0,,,1642760,6127154
Far North District,10/79/3.805,, ,I,TAIPA POINT ROAD,201410258,02/01/2014,Thu,1600,BB,CW1C,103A 124A ,,R,D,B ,F ,T,S,C,60,0,0,1,,,1642527,6127311
Far North District,10/79/3.874,150,N, ,ORURU ROAD,201448809,02/12/2014,Tue,1624,JA,CN14,308B 330B 922 ,,R,D,O ,F ,D, ,C,60,0,0,0,,,1642468,6127346
Far North District,10/79/7.356,, ,I,PARAPARA ROAD,201435745,07/05/2014,Wed,735,DB,CW1,111A 131A 357A 514A 904 ,C,R,W,TN,M ,T,S,C,100,0,0,0,,,1639069,6127591
Far North District,10/79/10.095,2000,W, ,AURERE BEACH ROAD,201446270,28/08/2014,Thu,1623,DB,CW1,103A 131A ,C,E,D,ON,F , ,N,C,100,0,0,0,,,1636599,6128750
Far North District,10/79/11.965,50,E, ,INLAND ROAD,201449535,11/12/2014,Thu,1828,DA,CE1,131A 901 ,C,E,W,TN,H , , ,C,100,0,0,0,,,1634760,6128600
Far North District,10/79/15.285,800,N, ,PUKEWHAI ROAD,201448528,14/08/2014,Thu,1352,DB,VS1,135A 903 ,,M,D,ON,FS, ,N,L,100,0,0,0,,,1631818,6127107
Far North District,10/95/0.361,400,S, ,PUKEWHAI ROAD,201448971,14/12/2014,Sun,1905,DB,CN1,111A 131A 801 ,C,E,W,O ,L , , ,C,100,0,0,0,,,1631062,6126209
Far North District,10/95/0.779,700,E, ,ZIDICH ROAD,201440360,08/07/2014,Tue,1630,EC,CS1,826 901 903 ,X,E,W,O ,HS, , ,C,100,0,0,0,,,1630761,6125928
Far North District,10/95/1.979,500,W, ,ZIDICH ROAD,201411742,28/03/2014,Fri,,DB,TS1,101A 135A 613A ,C,M,D,B ,F , , ,L,100,0,0,1,,,1630173,6124972
Far North District,10/95/2.149,670,S, ,ZIDICH ROAD,201437778,05/06/2014,Thu,1540,DA,TS1,135A 812 813 ,,M,D,O ,F , , ,C,100,0,0,0,,,1630056,6124862
Far North District,10/95/2.651,750,E, ,DUNCAN ROAD,201411582,18/03/2014,Tue,1600,DB,CE1,103A 111A 131A ,FV,M,D,BN,F , ,N,C,100,0,0,1,,,1630029,6124398
Far North District,10/95/2.942,2100,N, ,CHURCH ROAD,201449416,20/12/2014,Sat,1850,DA,CN1,103A 433A 929 ,P,R,W,O ,L ,D,N,C,100,0,0,0,,,1630078,6124120
Far North District,10/95/5.342,300,W, ,CHURCH ROAD,201441705,07/08/2014,Thu,2145,EC,CS1,912,W,R,D,DN,F , , ,C,100,0,0,0,,,1628335,6122781
Far North District,10/95/6.042,1000,W, ,CHURCH ROAD,201448970,14/12/2014,Sun,1615,DA,4W1,410A ,JX,E,W,O ,L , , ,C,100,0,0,0,,,1627683,6122528
Far North District,10/95/6.542,1500,W, ,CHURCH ROAD,201443644,16/07/2014,Wed,1520,AC,CW1C,159A 330A ,,R,D,O ,F , , ,C,100,0,0,0,,,1627225,6122327
Far North District,10/95/8.988,70,W, ,GODINOVICH ROAD,201450935,28/11/2014,Fri,1000,GE,CE1C,160A 929 ,,R,W,O ,L ,D,N,C,100,0,0,0,,,1624892,6121874
Far North District,10/95/10.514,5,E, ,SH 1N,201449320,05/12/2014,Fri,1037,FB,VW14,331A 387A ,,R,D,B ,F ,T,G,R,50,0,0,0,,,1623384,6121782
Far North District,SH 1N,, ,I,11/0/0,201437463,12/04/2014,Sat,1000,FA,CN2C,181A 331A 191B ,,E,D,B ,F ,T,G,R,50,0,0,0,,,1697340,6084207
Far North District,11/0/0.781,80,N, ,DERRICK ROAD,201435744,03/04/2014,Thu,1350,FF,CW1C,111A 181A 331A 191B 195B ,,E,D,B ,F , , ,C,50,0,0,0,,,1697803,6084465
Far North District,11/0/1.963,50,S, ,TIROHANGA ROAD,201441935,18/05/2014,Sun,2205,EC,CS1C,191A 912 ,W,R,D,DN,F , , ,C,100,0,0,0,,,1698852,6084773
Far North District,11/0/2.897,260,S, ,WAIKARE ROAD,201450901,31/12/2014,Wed,1225,FD,CN1C,181A ,,R,D,B ,F , , ,C,100,0,0,0,,,1699018,6085670
Far North District,11/0/3.207,50,N, ,WAIKARE ROAD,201446993,17/10/2014,Fri,1800,MG,CN1C,371B ,,E,D,TN,F , ,N,C,100,0,0,0,,,1699006,6085963
Far North District,11/0/4.732,2000,S, ,RIGDEN ROAD,201430820,20/01/2014,Mon,1600,DA,CN1,111A 131A ,V,M,W,ON,L , ,N,L,80,0,0,0,,,1698816,6087241
Far North District,11/0/5.102,1630,S, ,RIGDEN ROAD,201415960,12/09/2014,Fri,750,DA,4N1,131A 631A 801 ,V,E,W,O ,L , , ,C,100,0,0,1,,,1698671,6087540
Far North District,11/0/5.732,1000,S, ,RIGDEN ROAD,201431299,07/02/2014,Fri,1200,DA,CN1,131A ,C,M,W,ON,L , ,N,L,80,0,0,0,,,1698882,6088058
Far North District,11/0/5.857,2700,N, ,WAIKARE ROAD,201410555,19/02/2014,Wed,1650,DA,CN1,135A 801 806 ,,E,W,ON,L , ,N,C,80,0,0,1,,,1698860,6088180
Far North District,11/0/5.952,780,S, ,RIGDEN ROAD,201430819,26/01/2014,Sun,1015,DA,CN1,135A 806 ,C,E,W,ON,L , ,N,C,80,0,0,0,,,1698897,6088266
Far North District,11/0/6,6000,N, ,SH 1N,201431931,20/01/2014,Mon,920,DB,CS1,137A ,X,M,W,ON,L , ,N,C,100,0,0,0,,,1698905,6088314
Far North District,11/0/6.032,700,S, ,RIGDEN ROAD,201450121,24/12/2014,Wed,905,DA,CN1,131A 801 ,G,M,W,O ,L , , ,C,80,0,0,0,,,1698909,6088345
Far North District,11/0/6.157,3000,N, ,WAIKARE ROAD,201446139,11/10/2014,Sat,839,DA,CN1,111A 131A ,C,M,D,B ,F , , ,C,60,0,0,0,,,1698955,6088459
Far North District,11/0/6.157,3000,N, ,WAIKARE ROAD,201413309,05/05/2014,Mon,1600,DA,CN1,116A 131A 801 ,E,M,W,O ,L , , ,C,80,0,0,1,,,1698955,6088459
Far North District,11/0/6.157,3000,N, ,WAIKARE ROAD,201433523,19/02/2014,Wed,1240,BF,CN1T,135A 801 815 ,,M,W,ON,L , ,N,C,80,0,0,0,,,1698955,6088459
Far North District,11/0/6.432,300,S, ,RIGDEN ROAD,201432904,20/02/2014,Thu,755,DB,CN1,116A 131A 800 801 817 ,,M,W,O ,L , , ,N,80,0,0,0,,,1699138,6088658
Far North District,11/0/6.732,, ,I,RIGDEN ROAD,201446485,06/08/2014,Wed,1054,JA,CN14,302B 353B 377B ,,E,D,BN,F ,T,G,C,80,0,0,0,,,1699171,6088954
Far North District,11/0/7.102,6000,E, ,RUAPEKAPEKA ROAD,201430718,06/02/2014,Thu,1100,DA,VS1,137A ,B,M,W,ON,L , ,G,N,100,0,0,0,,,1699355,6089225
Far North District,11/0/9.153,1100,S, ,ROSS ST,201412861,10/05/2014,Sat,1513,LB,4E1C,303B 378B 801 832 927 ,,R,W,O ,L ,D, ,L,80,0,2,3,,,1700492,6090413
Far North District,11/0/10.903,, ,I,OROMAHOE ROAD,201439442,14/05/2014,Wed,840,KB,CE1C,301B 375B ,,M,D,O ,F ,T,S,C,100,0,0,0,,,1701014,6091724
Far North District,11/0/10.903,, ,I,OROMAHOE ROAD,201446999,09/10/2014,Thu,1015,FD,CS1C,181A ,,E,D,OF,F ,T,S,L,80,0,0,0,,,1701014,6091724
Far North District,11/14/0.36,900,S, ,MARSDEN ROAD,201413907,18/06/2014,Wed,1035,DA,CW1,111A 132A ,,M,W,O ,F , ,N,C,100,0,0,1,,,1699824,6094040
Far North District,11/14/1.56,160,N, ,KINGS ROAD,201437776,18/05/2014,Sun,1220,EA,CS1CC,103A 129A 130A ,M,R,D,BF,F , , ,C,50,0,0,0,,,1699519,6094949
Far North District,11/14/1.995,150,S, ,BAYVIEW ROAD,201410257,04/01/2014,Sat,1030,AD,CN1C,150A 386A 200B 440B ,,R,D,B ,F , ,N,C,50,0,0,1,,,1699234,6095272
Far North District,11/14/2.145,, ,I,BAYVIEW ROAD,201436502,15/05/2014,Thu,1645,GD,CS1C,181A 331A ,,R,D,O ,F ,T,G,C,50,0,0,0,,,1699122,6095372
Far North District,11/14/2.668,30,S, ,DAVIS CRESCENT W,201414584,18/07/2014,Fri,1707,NB,CW1E,306A 363A 376A 902 ,,R,D,B ,F , , ,X,50,0,0,1,64,,1698699,6095549
Far North District,11/14/2.678,20,E, ,DAVIS CRESCENT W,201430395,09/01/2014,Thu,1530,FC,CE14,181A 331A ,,R,W,O ,L , ,N,C,50,0,0,0,,,1698690,6095553
Far North District,11/14/2.683,15,E, ,DAVIS CRESCENT W,201443966,04/08/2014,Mon,1910,CA,CE1,129A 358A ,P,R,D,DO,F , ,N,N,50,0,0,0,,,1698686,6095555