TLANAME,CRASHROAD,CRASHDIST,CRASHDIRN,INTSN,SIDEROAD,CRASHID,CRASHDATE,CRASHDOW,CRASHTIME,MVMT,VEHICLES,CAUSES,OBJECTSSTRUCK,ROADCURVE,ROADWET,LIGHT,WTHRa,JUNCTYPE,TRAFCTRL,ROADMARK,SPDLIM,CRASHFATALCNT,CRASHSEVCNT,CRASHMINCNT,PERSAGE1,PERSAGE2,EASTING,NORTHING
Far North District,11/14/4.367,1360,S, ,TE KEMARA AVENUE,201438119,24/04/2014,Thu,2240,DA,CW1,103A 111A 131A ,C,M,D,DN,M , ,N,C,100,0,0,0,,,1697446,6094745
Far North District,11/14/5.337,100,W, ,KAIPATIKI RISE,201449279,17/12/2014,Wed,700,DB,CE1,131A 801 901 ,E,E,W,O ,H , , ,C,100,0,0,0,,,1696557,6095025
Far North District,11/14/6.471,, ,I,HARURU FALLS ROAD,201439370,23/01/2014,Thu,1719,CB,CW1,103A 112A ,K,R,D,BF,F ,T,N,C,70,0,0,0,,,1695530,6095317
Far North District,11/14/6.471,, ,I,HARURU FALLS ROAD,201410950,21/02/2014,Fri,1520,JA,CW1CC,308B 375B 930 ,FM,R,W,ON,L ,D,N,L,70,0,0,1,,,1695530,6095317
Far North District,11/14/9.461,400,E, ,RETREAT ROAD,201433525,17/03/2014,Mon,1208,DB,CE1,131A ,V,M,D,BN,F , ,N,N,100,0,0,0,,,1692817,6094297
Far North District,12/0/1.951,350,N, ,WAITAHEKE ROAD,201436975,15/03/2014,Sat,2020,EC,VS1,901 903 912 ,W,E,W,DN,HS, , ,C,100,0,0,0,,,1678988,6086051
Far North District,12/0/3.517,300,S, ,NGAWHA SCHOOL ROAD,201446813,03/10/2014,Fri,2200,EC,4N1,912,W,R,D,DN,F , ,N,C,100,0,0,0,,,1678054,6084808
Far North District,12/0/3.567,350,S, ,NGAWHA SCHOOL ROAD,201441933,14/06/2014,Sat,835,CC,CS1,112A 130A 402A ,F,R,D,B ,F , , ,C,100,0,0,0,,,1678015,6084777
Far North District,12/0/5.2,1000,N, ,NGAWHA SPRINGS ROAD,201443941,13/08/2014,Wed,815,DB,CN1,131A ,C,E,W,BN,F , ,N,C,100,0,0,0,,,1676878,6083640
Far North District,12/0/8.785,, ,I,TE PUA ROAD,201445193,28/09/2014,Sun,1152,DB,MN1C,131A ,,E,D,O ,F ,T,G,C,100,0,0,0,,,1673714,6082802
Far North District,12/0/9.316,280,S, ,RESERVOIR ROAD,201446819,04/11/2014,Tue,808,GD,CN1C,150A 181A 191B 930 ,,R,D,O ,F ,D,N,C,50,0,0,0,,,1673470,6082339
Far North District,12/0/10.039,, ,I,HONGI ST,201415313,23/06/2014,Mon,1909,JA,VE1V,301B 375B ,,R,D,DO,F ,T,S,C,50,0,0,1,,,1673119,6081756
Far North District,12/0/10.262,, ,I,MANGAKAHIA ROAD,201441300,09/06/2014,Mon,450,LB,4S1C,303B 330B 645B 801 ,,R,W,DN,L ,T,S,C,50,0,0,0,,,1672930,6081639
Far North District,12/0/10.262,, ,I,MANGAKAHIA ROAD,201450579,15/11/2014,Sat,2201,DB,CN2,103A 110A 131A 514A 801 ,H,R,W,DO,L ,T,S,C,50,0,0,0,,,1672930,6081639
Far North District,12/0/10.362,, ,I,WIHONGI ST,201430063,02/01/2014,Thu,1319,CA,CS2C,136A 321A 613A ,T,R,D,BF,F ,T,S,C,50,0,0,0,,,1672844,6081588
Far North District,12/0/10.509,10,W, ,RAIHARA ST,201431952,18/01/2014,Sat,1544,FF,CE1C,181A 357A ,,R,D,BF,F ,T,N,C,50,0,0,0,,,1672717,6081513
Far North District,12/0/10.529,30,S, ,RAIHARA ST,201441923,08/08/2014,Fri,1200,MO,VS1C,112A 371A 386A ,,R,D,B ,F , , ,C,50,0,0,0,,,1672701,6081502
Far North District,12/0/10.597,20,E, ,CLIFFORD ST,201449418,19/11/2014,Wed,1800,EA,VE14,129A 386A ,M,R,D,B ,F , , ,C,50,0,0,0,,,1672643,6081466
Far North District,12/0/10.617,, ,I,CLIFFORD ST,201412919,12/03/2014,Wed,1440,KA,CE1T,301B ,,R,D,B ,F ,T,S,C,50,0,0,1,,,1672626,6081455
Far North District,12/0/10.743,40,N, ,PARK ROAD,201449415,18/12/2014,Thu,1138,MO,CN1C,386A ,M,R,D,B ,F , , ,C,50,0,0,0,,,1672519,6081388
Far North District,12/0/10.772,110,W, ,DICKESON ST,201441932,15/07/2014,Tue,1330,MO,4N1C,386A ,M,R,D,B ,F , , ,C,50,0,0,0,,,1672495,6081373
Far North District,12/0/10.783,, ,I,PARK ROAD,201446814,21/10/2014,Tue,1515,HA,CS2C,301A 375A ,,R,D,B ,F ,X,S,C,50,0,0,0,,,1672485,6081367
Far North District,STATION ROAD,, ,I,12/0/10.783,201450939,30/12/2014,Tue,2020,FB,CN14,420B ,,R,D,DO,F ,X,S,P,50,0,0,0,,,1672485,6081367
Far North District,12/0/10.883,100,W, ,STATION ROAD,201434421,23/04/2014,Wed,1510,MB,VE1C,370B ,,R,D,B ,F , , ,C,50,0,0,0,,,1672401,6081313
Far North District,12/0/11.065,, ,I,RANKIN ST,201441924,13/07/2014,Sun,807,DC,CN1,103A 130A 321A ,F,R,W,B ,F ,T,S,C,50,0,0,0,,,1672242,6081226
Far North District,12/0/13.393,100,W, ,WAIMATENUI ROAD,201412225,09/05/2014,Fri,1635,BE,CW1V,129A 134A ,PV,R,D,OF,F , ,N,C,100,0,1,1,,,1671109,6079320
Far North District,12/0/13.593,300,W, ,WAIMATENUI ROAD,201415039,06/06/2014,Fri,2355,DA,CW1,103A 111A 532A ,,E,W,DN,L , , ,C,100,0,1,0,,,1670919,6079260
Far North District,12/17/6.306,530,W, ,PUNAKITERE ROAD E,201434507,10/02/2014,Mon,1903,DA,CE1,131A 517A ,FP,E,D,BN,F , ,N,C,100,0,0,0,,,1663500,6075524
Far North District,12/17/8.776,3000,W, ,PUNAKITERE ROAD E,201412916,03/05/2014,Sat,1846,DB,CW1,103A 410A ,TX,E,D,DN,F , , ,C,100,0,0,2,,,1661446,6075211
Far North District,12/17/9.308,1000,E, ,PUNAKITERE LOOP ROAD,201441510,21/03/2014,Fri,825,BC,VE1C,121A 610A 620A ,V,M,D,O ,F , ,N,C,100,0,0,0,,,1660942,6075347
Far North District,12/17/14.828,3000,S, ,TAHEKE BR,201437007,02/03/2014,Sun,600,EC,CS1,912,W,E,D,TN,F , , ,C,100,0,0,0,,,1656656,6073878
Far North District,12/33/0.708,400,E, ,WAIMA VALLEY ROAD,201437012,07/04/2014,Mon,530,EC,CW1,912,W,R,D,DN,M , , ,C,100,0,0,0,,,1655297,6072311
Far North District,12/33/3.228,200,N, ,WAIMA SCHOOL ROAD,201445470,08/07/2014,Tue,1650,DB,TN14,131A 181B 901 ,,E,W,O ,H , , ,C,100,0,0,0,,,1653183,6072704
Far North District,12/33/3.411,50,N, ,PERAS ROAD,201413170,25/02/2014,Tue,2040,FA,VN1O,103A 331A 129B 308B 602B 929 ,,R,D,DN,F ,D, ,C,100,0,1,0,,,1653035,6072811
Far North District,12/46/7.406,120,W, ,JACKSON ROAD,201418135,23/11/2014,Sun,1210,DA,MN1,101A 131A 632A ,G,M,D,B ,F , , ,C,100,0,1,0,,,1641663,6074196
Far North District,12/46/7.739,270,N, ,WAIMAMAKU BEACH ROAD,201436978,14/03/2014,Fri,1610,DA,4N1,501A ,,E,D,O ,F , , ,C,100,0,0,0,,,1641535,6073896
Far North District,12/46/11.124,400,W, ,KOUTU LOOP ROAD S,201446820,20/08/2014,Wed,1420,CC,CW1,125A 504A ,FV,R,W,O ,F , ,N,C,100,0,0,0,,,1638554,6072699
Far North District,12/61/1.146,1000,W, ,PAKANAE CEMETERY ROAD,201431954,27/01/2014,Mon,115,DA,CW1,101A 131A 410A ,GP,M,W,DN,L , ,N,C,100,0,0,0,,,1636517,6071444
Far North District,12/61/4.254,100,N, ,KOKOHUIA ROAD,201412920,10/02/2014,Mon,1915,GD,CN1C,331A 350A 929 ,,R,D,TF,F ,D,N,C,50,0,0,1,,,1635211,6069121
Far North District,12/74/0.842,1300,W, ,HALL ROAD,201412921,08/03/2014,Sat,1430,AD,MW1V,104A 132A 151A ,,R,D,B ,F , , ,C,70,0,0,1,,,1640317,6064724
Far North District,12/74/12.784,300,N, ,TANE MAHUTA CPK,201449538,31/12/2014,Wed,827,DA,CS1,103A 111A 131A 801 ,V,M,W,O ,L , , ,C,100,0,0,0,,,1647822,6060280
Far North District,12/74/13.197,100,S, ,PIONEERS WALK,201415136,15/07/2014,Tue,820,MO,CN1C,130A 197A 387A 330B 386B 801 ,,E,W,O ,L , , ,C,100,0,0,3,,,1648084,6060018
Far North District,1N/0/15.454,, ,I,TE PAKI STREAM ROAD,201418743,31/12/2014,Wed,1630,BF,ME1C,111A 131A ,,M,D,B ,F ,T,N,C,100,0,0,1,,,1581455,6181861
Far North District,1N/0/16.095,4100,N, ,TE HAPUA ROAD,201416816,01/11/2014,Sat,1240,DA,MW1,131A 330A ,C,M,D,B ,F , ,N,C,100,0,0,1,,,1581872,6182166
Far North District,1N/20/21.605,850,N, ,HARAWIRA ROADWAY,201449592,28/10/2014,Tue,1400,DA,CS1,131A ,V,E,D,B ,F , , ,C,100,0,0,0,,,1597298,6168079
Far North District,1N/20/23.324,360,N, ,EAST COAST ROADWAY,201439446,20/02/2014,Thu,905,LB,VS1CC,303B 926 ,,R,W,O ,F ,D,N,C,100,0,0,0,,,1597265,6166370
Far North District,1N/44/1.321,4300,N, ,SALT ROAD,201433594,02/01/2014,Thu,1530,FB,CN1C,181A ,,E, , N,  , ,G,N,80,0,0,0,,,1597004,6164539
Far North District,1N/44/17.003,200,N, ,KIMBERLEY ROAD S,201418587,30/09/2014,Tue,1300,DA,4S1,129A 504A ,C,M,D,BN,F , ,N,C,100,0,1,0,,,1606810,6153765
Far North District,1N/65/5.124,600,N, ,WATERFRONT ROAD,201410077,06/01/2014,Mon,1305,LB,4N1V,303B 375B 929 ,,E,D,B ,F ,D, ,C,100,0,2,0,,,1611041,6147172
Far North District,1N/65/14.677,600,N, ,TURK VALLEY ROAD,201450772,23/12/2014,Tue,1545,DA,4S1,129A 191A ,,S,D,ON,F , ,N,C,100,0,0,0,,,1614987,6139201
Far North District,1N/83/0.1,100,S, ,BIG FLAT ROAD,201450771,23/11/2014,Sun,1604,CB,CS1,129A 354A ,V,R,D,BN,F , ,N,C,100,0,0,0,,,1616840,6136080
Far North District,1N/83/4.499,250,N, ,CAMP ROAD,201410479,18/02/2014,Tue,900,JA,CE14,308B 378B 929 ,,M,D,O ,F ,D,N,C,100,0,0,1,,,1617026,6132249
Far North District,1N/83/5.349,600,S, ,CAMP ROAD,201445189,30/09/2014,Tue,710,DB,4S1,111A 131A 402A 801 ,EF,M,W,O ,L , , ,C,100,0,0,0,,,1617525,6131621
Far North District,1N/83/5.389,640,S, ,CAMP ROAD,201439280,26/05/2014,Mon,948,DB,CS1,131A 806 ,,M,W,O ,L , , ,C,100,0,0,0,,,1617564,6131613
Far North District,1N/83/7.016,1100,N, ,PAPARORE ROAD,201444467,10/09/2014,Wed,1200,DA,CN1,111A 131A ,C,M,D,O ,L , , ,C,100,0,0,0,,,1617380,6130185
Far North District,1N/83/10.278,1000,N, ,IMMS ROAD,201448582,06/12/2014,Sat,1520,DA,CS1,131A 195A ,FT,M,D,BN,F , ,N,L,100,0,0,0,,,1617568,6127175
Far North District,1N/83/12.035,50,S, ,HEADQUARTERS ROAD,201449594,25/12/2014,Thu,,DB,CS1,111A 131A 404A ,F,M,D,O ,F , , ,C,100,0,0,0,,,1618223,6125846
Far North District,1N/83/12.335,350,S, ,HEADQUARTERS ROAD,201434343,10/04/2014,Thu,1115,CB,VS1,130A 351A 354A ,VX,R,D,B ,F , , ,C,100,0,0,0,,,1618513,6125771
Far North District,1N/83/14.595,100,W, ,MATICH ROAD,201414544,12/07/2014,Sat,45,CC,CW1,110A 130A 402A 801 903 ,C,R,W,DN,LS, , ,C,100,0,0,2,,,1620162,6124433
Far North District,1N/83/17.761,250,S, ,UNAHI ROAD,201400202,09/10/2014,Thu,1145,DA,CS1,131A 350A 410A ,FPV,E,D,O ,F , ,N,C,100,1,0,0,,,1623080,6123691
Far North District,1N/83/18.716,1000,N, ,SH 10,201434648,23/04/2014,Wed,1715,DA,4S1,135A 363A 902 ,,M,D,BF,F , ,N,C,100,0,0,0,,,1623223,6122757
Far North District,1N/83/18.984,10,N, ,SOUTHEY ST,201418767,29/11/2014,Sat,1519,BE,CS1C,101A 410A ,,R,D,B ,F ,T,G,C,50,0,0,1,,,1623291,6122498
Far North District,1N/83/19.009,15,S, ,SOUTHEY ST,201411316,25/07/2014,Fri,1300,GD,TN1C,929,,R,D,OF,F ,T,N,C,50,0,0,1,,,1623298,6122473
Far North District,1N/83/19.716,, ,I,SH 10,201450900,23/10/2014,Thu,1100,JA,4N1C,302A ,,R,D,B ,F ,T,G,C,50,0,0,0,,,1623379,6121781
Far North District,1N/104/0.27,270,S, ,SH 10 N,201417430,02/11/2014,Sun,100,MO,VS14E,103A 357A 512A ,M,R,D,DO,F , ,N,C,50,0,0,1,25,,1623413,6121524
Far North District,1N/104/1.761,1500,S, ,QUEEN ST,201415301,15/08/2014,Fri,2037,DA,CN1,111A 356A ,V,M,D,B ,F , ,N,C,100,0,0,1,,,1623534,6120062
Far North District,1N/104/2.35,20,S, ,BROTT ROAD,201410987,19/02/2014,Wed,1530,CB,CN1,129A 358A ,V,R,D,ON,F ,T,S,C,100,0,0,1,,,1623512,6119474
Far North District,1N/104/3.761,1000,N, ,WIRELESS ROAD,201414863,05/07/2014,Sat,1705,CB,VN1,103A 112A ,,R,D,ON,FS, ,N,C,100,0,1,0,,,1623459,6118064
Far North District,1N/104/4.671,90,N, ,WIRELESS ROAD,201412569,21/04/2014,Mon,525,EC,CS1,912,VW,R,W,DN,F , , ,C,100,0,0,1,,,1623426,6117155
Far North District,1N/104/6.226,50,S, ,MILKY WAY,201432517,07/02/2014,Fri,925,EA,CN14,386A ,M,R,W,B ,F , ,N,P,50,0,0,0,,,1623649,6115695
Far North District,1N/104/7.57,, ,I,EMPIRE ST,201412885,13/05/2014,Tue,1454,HA,CN1C,301B 370B ,,R,D,O ,F ,T,S,C,50,0,0,1,,,1624068,6114568
Far North District,1N/104/8.622,, ,I,TE MAIRE AVENUE,201450207,16/12/2014,Tue,1715,GD,VS1CC,331A 352A ,,R,D,OF,FS,T,G,C,50,0,0,0,,,1624509,6113676
Far North District,1N/104/10.524,100,E, ,LARMER ROAD,201412308,21/03/2014,Fri,1345,GC,CE1S,197A 174B 929 ,,E,D,B ,F ,D, ,C,100,0,0,1,,56,1626272,6113105
Far North District,1N/104/11.226,200,E, ,FRYER ROAD,201412307,03/04/2014,Thu,2147,DB,CE1,135A 402A 800 904 ,V,E,W,DN,M , , ,C,100,0,0,2,,,1626943,6112915
Far North District,1N/104/12.506,1480,E, ,FRYER ROAD,201413767,09/06/2014,Mon,515,DA,CW1,131A 901 ,F,M,W,DN,H , ,N,C,100,0,0,1,,,1628190,6113046
Far North District,1N/104/12.526,1500,E, ,FRYER ROAD,201448980,04/09/2014,Thu,1900,DA,CW1,101A 111A 517A ,FT,E,D,DN,F , , ,C,100,0,0,0,,,1628207,6113056
Far North District,1N/104/13.912,290,W, ,RUAROA ROAD,201413975,30/06/2014,Mon,1659,DA,CE1,111A 131A ,FP,E,W,O ,F , ,N,C,100,0,1,0,,,1629332,6113750
Far North District,1N/104/14.062,140,S, ,WAIPAPAKAURI DOMAIN ROAD,201430392,22/01/2014,Wed,1120,DB,CW1,103A 111A ,VX,M,D,O ,F , ,N,C,100,0,0,0,,,1629481,6113744
Far North District,1N/119/10.034,20,N, ,MANGAMUKA CHURCH ROAD,201412141,07/05/2014,Wed,2121,EC,CN1,912,W,R,D,DN,F , , ,C,100,0,0,2,,,1638458,6109513
Far North District,1N/119/10.234,180,S, ,KITCHEN ROAD,201418739,06/08/2014,Wed,1630,DB,CN1,131A 801 ,V,M,W,O ,L , , ,P,100,0,1,0,,,1638633,6109416
Far North District,1N/119/14.054,4000,S, ,KITCHEN ROAD,201434410,27/04/2014,Sun,1716,BC,CN14,121A 801 ,,S,W,O ,L , , ,C,100,0,0,0,,,1640694,6106809
Far North District,1N/134/2.441,6900,N, ,MAKENE ROAD,201417871,24/11/2014,Mon,1120,DA,VN1,111A 131A 407A 801 ,C,M,W,O ,L , , ,L,100,0,0,1,,,1642907,6106327
Far North District,1N/134/6.141,3200,W, ,MAKENE ROAD,201446826,06/11/2014,Thu,1145,DB,CE1,131A 402A ,T,M,W,O ,L , ,N,L,100,0,0,0,,,1644609,6104981
Far North District,1N/134/6.164,1090,N, ,MANGAMUKA RIV BR,201415154,21/08/2014,Thu,1640,DB,CN1,131A 412A 804 ,E,M,D,O ,F , , ,C,100,0,0,1,,,1644624,6104998
Far North District,1N/134/9.341,, ,I,MAKENE ROAD,201439277,21/06/2014,Sat,1825,EC,CE1V,912,W,R,D,DN,F ,T,G,C,100,0,0,0,,,1646853,6103917
Far North District,1N/134/11.757,, ,I,IWITAUA ROAD,201434342,03/04/2014,Thu,630,EC,VS1,912,W,S,D,DN,M ,T,G,C,100,0,0,0,,,1649186,6103532
Far North District,1N/134/11.757,, ,I,IWITAUA ROAD,201431437,09/03/2014,Sun,2120,DA,4S1,101A 111A ,,E,D,DN,F ,T,N,C,100,0,0,0,,,1649186,6103532
Far North District,1N/149/17.279,100,S, ,MANGAMUKA CHURCH ROAD E,201441709,06/08/2014,Wed,2020,EC,CE1,912,W,R,D,DN,F , , ,C,100,0,0,0,,,1660232,6094028
Far North District,1N/167/5.305,200,W, ,PUKETI ROAD,201441936,08/07/2014,Tue,1145,FO,CE1C,181A 331A 901 903 930 ,,R,W,O ,HS,D, ,C,100,0,0,0,,,1665352,6094740
Far North District,1N/167/7.534,100,N, ,PUKEPOTO ROAD,201413168,06/02/2014,Thu,1059,DA,CE1,102A 111A 131A 800 801 ,V,S,W,O ,L , , ,C,100,0,0,1,,,1667051,6093629
Far North District,1N/167/8.466,, ,A,WAIOTEMANU BR,201446080,27/10/2014,Mon,1115,FD,CE14,181A 331A ,,R,D,O ,F , ,G,N,100,0,0,0,,,1667655,6093056
Far North District,1N/167/14.55,, ,I,WEHIRUA ROAD,201431929,04/01/2014,Sat,1105,GD,CN1C,333A 363A ,,R,D,BF,F ,T,G,C,100,0,0,0,,,1672665,6091271
Far North District,1N/167/14.77,220,E, ,WEHIRUA ROAD,201417413,15/09/2014,Mon,1238,CB,TE1,129A 353A ,P,R,D,OF,F , ,N,C,100,0,1,0,,,1672833,6091135
Far North District,1N/185/0.02,20,E, ,TE PUA ROAD,201432490,25/02/2014,Tue,1725,MC,VE1C,197A 355B 372B ,V,R,D,BN,F , ,N,L,100,0,0,0,,,1675279,6089194
Far North District,1N/185/0.5,500,E, ,TE PUA ROAD,201431953,07/02/2014,Fri,1536,DA,CW1,501A ,FT,M,W,ON,L , ,N,L,100,0,0,0,,,1675737,6089065
Far North District,1N/185/3.523,250,S, ,PUKETI ROAD,201417996,05/10/2014,Sun,1826,DA,ME1,101A 111A 131A ,F,M,D,O ,F , , ,C,100,0,1,1,,,1678554,6089016
Far North District,1N/185/3.523,250,N, ,SNOWDON AVENUE,201450940,02/11/2014,Sun,320,DA,CS1,111A 131A 817 ,,M,D,DN,F , , ,N,100,0,0,0,,,1678554,6089016
Far North District,1N/185/3.566,2130,N, ,SH 12,201436991,14/05/2014,Wed,609,DB,CN1,363A 904 ,FJ,E,W,DN,M , , ,C,100,0,0,0,,,1678596,6089009
Far North District,1N/190/0.012,20,W, ,HOBSON ST,201412917,30/04/2014,Wed,44,DA,VW1,410A ,F,E,D,DN,F , , ,C,100,0,0,3,,,1680156,6087574
Far North District,1N/190/0.052,20,E, ,HOBSON ST,201446817,24/10/2014,Fri,850,MB,CE1V,330B 372B ,,R,D,O ,F , ,N,C,60,0,0,0,,,1680191,6087593
Far North District,1N/190/6.523,1000,W, ,LUDBROOK ROAD E,201449256,07/12/2014,Sun,1045,FA,CW1CC,181A 191A ,M,R,D,B ,F , , ,C,100,0,0,0,,,1685904,6086612
Far North District,1N/190/7.056,600,S, ,SH 10,201448548,22/10/2014,Wed,950,DB,VN1,131A 402A ,V,M,W,ON,L , ,N,C,100,0,0,0,,,1686432,6086579
Far North District,1N/190/7.443,80,W, ,LUDBROOK ROAD N,201415729,21/08/2014,Thu,1045,GD,CW1C,181A 929 ,,R,D,BN,F ,D,N,C,100,0,0,3,,,1686760,6086760
Far North District,1N/198/3.176,450,S, ,MARSHALL ROAD N,201418096,29/11/2014,Sat,201,CC,CN1,104A 112A 817 ,F,R,D,DF,F , ,N,C,100,0,0,1,,,1689000,6084892
Far North District,1N/198/5.014,1300,S, ,MARSHALL ROAD S,201450850,03/10/2014,Fri,1030,AO,CN1T,184A ,,R,D,BN,F , ,N,L,100,0,0,0,,,1690231,6083534
Far North District,1N/198/5.615,70,E, ,HAUTAPU ROAD,201432969,12/03/2014,Wed,2140,EC,40,911,W,S,D,DN,F , ,N,L,100,0,0,0,,,1690688,6083208
Far North District,1N/198/6.145,600,E, ,HAUTAPU ROAD,201437461,05/05/2014,Mon,1900,FD,4E1V,111A 181A 331A 901 ,,E,W,DN,H , , ,C,100,0,0,0,,,1691136,6083369
Far North District,1N/198/6.666,20,E, ,SNOWDON AVENUE,201436977,28/02/2014,Fri,1150,EA,TE14,129A ,M,R,D,B ,F ,T,N,C,50,0,0,0,,,1691638,6083302
Far North District,1N/198/6.861,, ,I,NISBET ST,201412923,18/05/2014,Sun,1500,HA,CE1C,101B 321B ,,R,D,B ,F ,X,S,P,50,0,0,1,,,1691822,6083358
Far North District,1N/198/6.861,, ,I,NISBET ST,201439445,27/05/2014,Tue,1630,KA,CW1C,301B ,,R,D,B ,F ,X,S,C,50,0,0,0,,,1691822,6083358
Far North District,1N/198/6.931,70,E, ,NISBET ST,201418744,01/12/2014,Mon,1630,CC,CE1,410A ,F,R,D,B ,F , , ,C,50,0,0,1,,,1691887,6083386
Far North District,1N/198/7.056,50,W, ,PEMBROKE ST,201439439,24/06/2014,Tue,900,MA,CE1C,373B ,,R,D,O ,F , ,N,C,50,0,0,0,,,1692002,6083435
Far North District,1N/198/8.491,500,W, ,SAIES ROAD,201442331,07/03/2014,Fri,1610,CC,CW1,133A 410A ,,R,D,B ,F , ,N,C,80,0,0,0,,,1693304,6084032
Far North District,1N/198/9.341,40,W, ,TAUMATAMAKUKU CRESCENT W,201400263,11/12/2014,Thu,1540,BE,CE14,125A ,,R,W,O ,F , ,N,C,80,1,2,0,,,1694056,6084427
Far North District,1N/198/9.381,, ,I,TAUMATAMAKUKU CRESCENT,201414543,16/06/2014,Mon,1535,GD,CE1CC,331A 801 ,,R,W,O ,L ,T,G,C,80,0,0,1,,,1694092,6084444
Far North District,1N/198/12.45,130,N, ,RAYNER ST,201450119,29/12/2014,Mon,345,CB,4N1,130A 197A 904 ,B,R,D,DN,M , , ,L,100,0,0,0,,,1696606,6084539
Far North District,1N/198/12.61,30,S, ,RAYNER ST,201450123,05/12/2014,Fri,850,MC,TN1C,181A 197A 372B ,,R,D,B ,F , , ,L,50,0,0,0,,,1696674,6084394
Far North District,1N/198/12.697,, ,I,STATION ROAD,201448744,28/10/2014,Tue,1500,JC,CS1C,322B ,,R,D,B ,F ,X,T,C,50,0,0,0,,,1696716,6084319
Far North District,1N/198/12.795,, ,I,ALBERT ST,201416619,18/10/2014,Sat,2038,CA,MW1,135A 812 901 ,,R,W,DO,H ,T,N,C,50,0,0,1,,,1696810,6084295
Far North District,1N/198/12.835,40,E, ,ALBERT ST,201441710,02/08/2014,Sat,1157,MA,CE1V,373B 402B ,,R,D,O ,F , , ,C,50,0,0,0,,,1696849,6084289
Far North District,1N/198/13.35,, ,I,SH 11,201411676,13/03/2014,Thu,1102,CB,CN1,427A ,I,R,D,OF,F ,T,S,R,50,0,0,1,,,1697340,6084207
Far North District,1N/198/13.35,, ,I,SH 11,201418757,21/11/2014,Fri,1310,JC,CE1M,301A 375A 357B ,,R,D,B ,F ,T,S,R,50,0,0,1,,,1697340,6084207
Far North District,1N/211/0.15,150,S, ,SH 11,201432566,21/01/2014,Tue,1705,DA,CN1,131A 404A ,BS,E,D,B ,F , ,N,C,50,0,0,0,,,1697296,6084066
Far North District,1N/211/1,1000,S, ,SH 11,201441306,19/07/2014,Sat,1900,EC,VN1,330A 363A 901 ,X,M,W,DN,H , , ,C,100,0,0,0,,,1697417,6083285
Far North District,1N/211/1,1000,S, ,SH 11,201450937,15/12/2014,Mon,1220,DB,CN1,111A 131A ,CG,S,W,O ,F , , ,C,100,0,0,0,,,1697417,6083285
Far North District,1N/211/1.6,1600,S, ,SH 11,201447944,05/11/2014,Wed,625,BA,CS1C,129A 359A 904 ,,R,D,O ,M , , ,C,100,0,0,0,,,1697245,6082734
Far North District,1N/211/2,2000,S, ,SH 11,201443942,08/08/2014,Fri,1430,DA,VN1,135A 804 ,CV,E,D,ON,F , ,N,C,100,0,0,0,,,1697190,6082353
Far North District,1N/211/2.3,2300,S, ,SH 11,201432491,21/02/2014,Fri,1815,DB,CN1,111A 132A 801 ,G,S,W,ON,L , ,N,L,100,0,0,0,,,1697208,6082057
Far North District,1N/211/2.607,910,N, ,WAIOMIO ROAD,201432565,20/01/2014,Mon,1705,DA,CS1,110A 131A ,F,M,W,O ,F , ,N,C,100,0,0,0,,,1697217,6081755
Far North District,1N/215/0.2,200,S, ,WAIOMIO ROAD,201410751,04/01/2014,Sat,1855,BF,VN1CC,121A 137A ,,E,D,B ,F , ,N,C,100,0,1,1,,,1697451,6080700
Far North District,1N/215/0.63,630,S, ,WAIOMIO ROAD,201412863,16/04/2014,Wed,900,GC,CN14,387A 174B 372B 929 ,CC,R,D,B ,F ,D, ,L,100,0,1,2,,,1697406,6080273
Far North District,1N/215/1.276,700,N, ,TARAKIHI ROAD,201446822,29/10/2014,Wed,503,DA,CN1,131A 402A ,,M,W,DN,F , ,N,C,100,0,0,0,,,1697209,6079669