TLANAME,CRASHROAD,CRASHDIST,CRASHDIRN,INTSN,SIDEROAD,CRASHID,CRASHDATE,CRASHDOW,CRASHTIME,MVMT,VEHICLES,CAUSES,OBJECTSSTRUCK,ROADCURVE,ROADWET,LIGHT,WTHRa,JUNCTYPE,TRAFCTRL,ROADMARK,SPDLIM,CRASHFATALCNT,CRASHSEVCNT,CRASHMINCNT,PERSAGE1,PERSAGE2,EASTING,NORTHING
Far North District,1N/215/1.483,5000,S, ,SH 11,201435492,30/04/2014,Wed,1820,EC,CN1,912,W,E,D,TF,F , ,N,C,100,0,0,0,,,1697211,6079462
Far North District,1N/215/2.176,200,S, ,TARAKIHI ROAD,201437712,04/05/2014,Sun,1500,CB,CN1,130A 412A ,C,R,D,BN,F , , ,C,100,0,0,0,,,1697262,6078777
Far North District,1N/215/3.476,1500,S, ,TARAKIHI ROAD,201435638,07/01/2014,Tue,1430,QG,4N1,131A 668A 687A ,G,E,D,B ,F , , ,C,100,0,0,0,,,1697706,6077558
Far North District,1N/215/5.476,3500,S, ,TARAKIHI ROAD,201444497,21/08/2014,Thu,1800,DB,CS1,131A 412A ,G,E,D,TN,F , , ,C,100,0,0,0,,,1698850,6075990
Far North District,1N/215/6.828,1000,N, ,CALLAGHAN ROAD,201434420,01/04/2014,Tue,100,DA,CN1,414A ,T,M,D,DN,F , , ,C,100,0,0,0,,,1698971,6074701
Far North District,1N/215/7.228,600,N, ,CALLAGHAN ROAD,201415308,02/08/2014,Sat,1841,DA,CS1,103A 134A ,V,M,W,DN,L , ,N,C,100,0,0,1,,,1699301,6074515
Far North District,1N/215/9.128,1300,S, ,CALLAGHAN ROAD,201416309,05/10/2014,Sun,1041,BE,CW1C,104A 125A 410A ,,R,D,B ,F , ,N,C,100,0,2,0,,,1700611,6073809
Far North District,1N/215/10.028,2200,S, ,CALLAGHAN ROAD,201411673,11/01/2014,Sat,935,AC,CS1C,159A ,V,R,D,BN,F , ,N,C,100,0,0,2,,,1701219,6073245
Far North District,1N/215/10.585,2000,N, ,MAROMAKU-TOWAI ROAD,201414496,29/06/2014,Sun,830,DA,4N1,129A ,C,E,D,BF,F , ,N,C,100,0,0,1,,,1701661,6072913
Far North District,1N/215/11.645,50,W, ,RUAPEKAPEKA ROAD,201410871,20/01/2014,Mon,950,FA,BW1C,112A 331A 901 ,,R,W,O ,H , , ,C,100,0,0,3,,,1702563,6072581
Far North District,1N/215/11.67,25,S, ,SNOWDON AVENUE,201434422,21/04/2014,Mon,27,CB,CW1,130A 404A 423A ,F,R,D,DO,F , , ,P,100,0,0,0,,,1702573,6072558
Far North District,1N/215/11.695,, ,I,RUAPEKAPEKA ROAD,201448975,13/12/2014,Sat,1200,GE,CS14,160A 402A 922 ,,E,D,O ,F ,D,N,C,100,0,0,0,,,1702583,6072535
Far North District,1N/215/11.845,150,E, ,RUAPEKAPEKA ROAD,201418745,03/12/2014,Wed,2150,AD,CE1,103A 111A 131A 402A ,C,M,D,DN,F , , ,C,100,0,0,1,,,1702641,6072397
Far North District,1N/215/12.365,220,S, ,WHANGAE ROAD,201430483,03/01/2014,Fri,1100,EC,4S14,668A ,D,R,D,B ,F , ,N,C,100,0,0,0,,,1702775,6071895
Far North District,1N/215/13.1,130,W, ,COLCROFT ROAD,201432522,16/02/2014,Sun,1315,BB,TW1C,123A ,,M,D,O ,F , ,N,N,100,0,0,0,,,1703369,6071531
Far North District,1N/215/13.48,250,E, ,COLCROFT ROAD,201434338,06/04/2014,Sun,1245,DA,CE1,131A 358A ,V,E,D,B ,F , , ,C,100,0,0,0,,,1703739,6071458
Far North District,1N/215/15.64,550,W, ,AKERAMA ROAD,201432502,06/02/2014,Thu,1000,DB,CS1,131A 801 ,,M,W,O ,L , ,N,C,100,0,0,0,,,1705732,6071100
Far North District,1N/215/15.69,500,W, ,AKERAMA ROAD,201443540,01/07/2014,Tue,1215,BE,CE1T,136A 361A ,,R,D,ON,L , ,N,C,100,0,0,0,,,1705778,6071079
Far North District,1N/215/16.19,, ,I,AKERAMA ROAD,201446483,06/09/2014,Sat,1341,DA,TW1,129A 134A 815 ,,E,W,ON,L ,T,N,C,100,0,0,0,,,1706237,6070939
Far North District,1N/215/16.24,50,S, ,AKERAMA ROAD,201441703,06/07/2014,Sun,1025,DB,CN1,111A 131A 402A ,V,M,D,B ,F , , ,C,100,0,0,0,,,1706287,6070933
Far North District,1N/215/16.29,100,S, ,AKERAMA ROAD,201438038,30/05/2014,Fri,908,DB,CN1,131A 801 901 ,C,M,W,O ,H , , ,C,100,0,0,0,,,1706337,6070935
Far North District,1N/215/16.34,150,E, ,AKERAMA ROAD,201434972,20/04/2014,Sun,720,DB,CW1,131A ,V,M,W,OF,F , ,N,C,100,0,0,0,,,1706386,6070928
Far North District,1N/215/16.34,150,E, ,AKERAMA ROAD,201432944,16/03/2014,Sun,1100,DB,CW1,111A 131A 801 ,C,M,W,O ,L , , ,C,100,0,0,0,,,1706386,6070928
Far North District,1N/215/17.781,40,N, ,RUSK ROAD,201411058,16/01/2014,Thu,727,DA,CN1,116A 339A 402A 817 ,C,E,D,B ,F , , ,N,100,0,0,1,,,1706914,6069682
Far North District,1N/233/0.3,300,N, ,RUSK ROAD,201430058,02/01/2014,Thu,1330,FD,CS1C,181A ,,R,D,BN,F , ,N,C,100,0,0,0,,,1707230,6069555
Far North District,1N/233/0.6,600,N, ,RUSK ROAD,201448742,30/11/2014,Sun,315,QG,CN1,682A ,,R,D,DF,F , , ,C,100,0,0,0,,,1707486,6069401
Far North District,1N/233/1.973,100,E, ,CROWS NEST ROAD,201433288,10/03/2014,Mon,2139,EC,4N1,912,W,E,W,DN,M , ,N,C,100,0,0,0,,,1708618,6068652
Gisborne District,ABERDEEN ROAD,20,E, ,FERGUSSON DRIVE,201418275,30/11/2014,Sun,319,CC,4W1,129A 197A ,P,R,D,DO,F , , ,C,50,0,0,2,,,2035925,5710005
Gisborne District,ABERDEEN ROAD,10,E, ,ROEBUCK ROAD,201416821,05/11/2014,Wed,1529,GC,CS1S,308B 375B 930 ,,R,W,O ,F ,D,N,C,50,0,0,1,,14,2036809,5709439
Gisborne District,ABERDEEN ROAD,40,N, ,ROEBUCK ROAD,201446828,06/11/2014,Thu,830,MD,CN1C,371B 929 ,,R,D,O ,F ,D,N,C,50,0,0,0,,,2036769,5709469
Gisborne District,ABERDEEN ROAD,, ,I,ROEBUCK ROAD,201438463,17/06/2014,Tue,1700,HA,CS2C,301B 370B ,,R,D,TO,F ,X,S,C,50,0,0,0,,,2036802,5709446
Gisborne District,ABERDEEN ROAD,, ,I,ROEBUCK ROAD,201439992,13/06/2014,Fri,2027,DB,CS2C,103A 111A 131A ,M,M,D,DO,F ,X,S,C,50,0,0,0,,,2036802,5709446
Gisborne District,ANZAC ST,, ,I,STANLEY ROAD,201434177,08/04/2014,Tue,1530,DB,CS2,101A 111A 131A 517A 801 ,KS,R,W,O ,L ,T,G,X,50,0,0,0,,,2035679,5708649
Gisborne District,ARMSTRONG ROAD,1400,E, ,TARNDALE ROAD,201447397,10/11/2014,Mon,800,DA,TS1,111A 358A ,,M,D,B ,F , ,N,C,100,0,0,0,,,2021896,5749844
Gisborne District,ARMSTRONG ROAD,1440,E, ,TARNDALE ROAD,201410763,10/03/2014,Mon,1500,DA,TS1,131A 406A ,EF,E,D,B ,F , ,N,C,100,0,0,1,,,2021934,5749856
Gisborne District,ATKINSON ST,, ,I,STOUT ST,201437855,04/06/2014,Wed,1815,JA,CN1C,302B 375B ,,R,D,DO,F ,X,G,C,50,0,0,0,,,2035940,5710694
Gisborne District,BACK ORMOND ROAD,60,N, ,HANSEN ROAD,201418097,27/11/2014,Thu,1112,BA,CS1C,129A 358A ,,R,D,BF,F , ,N,C,100,0,0,2,,,2034610,5712309
Gisborne District,BACK ORMOND ROAD,300,S, ,SH 2,201430168,01/01/2014,Wed,230,EB,CS1C,370A 402A 103B 602B 102 ,M,R,D,DN,F , ,N,C,100,0,0,0,,,2029530,5718081
Gisborne District,BALLANCE ST,10,W, ,ORMOND ROAD,201433417,20/03/2014,Thu,930,MO,CW1C,371A ,M,R,D,BF,F ,X,S,C,50,0,0,0,,,2037344,5709518
Gisborne District,BRIGHT ST,40,N, ,CHILDERS ROAD,201440685,27/06/2014,Fri,1410,MO,TS1C,386A 818 927 ,M,R,D,B ,F ,D,N,C,50,0,0,0,,,2037199,5708255
Gisborne District,BUSHMERE ROAD,, ,I,BELL ST,201412361,10/04/2014,Thu,30,DC,CE2,103A 335A 410A ,P,R,D,DN,F ,T,G,C,100,0,0,1,,,2030598,5710636
Gisborne District,BUSHMERE ROAD,1520,S, ,FERRY ROAD,201413607,02/06/2014,Mon,1908,DA,TN1,111A 131A 801 ,FV,M,W,DN,L , , ,C,100,0,0,2,,,2028235,5714486
Gisborne District,CAVENDISH CRESCENT,20,W, ,PICKERING ST,201444228,15/02/2014,Sat,745,EA,CE1C,129A ,M,R,D,B ,F , , ,C,50,0,0,0,,,2039911,5707332
Gisborne District,CHALMERS ROAD,40,N, ,BIRRELL ST,201416822,14/10/2014,Tue,1119,AO,PS1C,150A 387A ,,R,D,B ,F , ,N,C,50,0,1,0,,,2034082,5709335
Gisborne District,CHILDERS ROAD,, ,I,BRIGHT ST,201436026,18/04/2014,Fri,1215,HA,CW2V,302A 375A ,,R,W,OF,H ,R,G,P,50,0,0,0,,,2037160,5708218
Gisborne District,CHILDERS ROAD,, ,I,BRIGHT ST,201431051,18/02/2014,Tue,1458,HA,CS1V,302A 375A ,,R,D,B ,F ,R,G,C,50,0,0,0,,,2037160,5708228
Gisborne District,CHILDERS ROAD,15,W, ,COLLINS ST,201436916,23/05/2014,Fri,1116,EE,BE1C,374B ,M,R,D,B ,F , , ,C,50,0,0,0,,,2035394,5709202
Gisborne District,CHILDERS ROAD,, ,I,COLLINS ST,201438464,18/06/2014,Wed,1635,JA,CE1C,302B 375B 402B ,,R,D,TF,F ,T,G,C,50,0,0,0,,,2035408,5709196
Gisborne District,CHILDERS ROAD,, ,I,DISRAELI ST,201447793,18/11/2014,Tue,1200,MA,CE1V,373B ,,R,D,B ,F ,X,S,C,50,0,0,0,,,2036450,5708808
Gisborne District,CHILDERS ROAD,, ,I,GREY ST,201435653,01/05/2014,Thu,740,HA,CN2C,302A 363A 902 ,,R,D,B ,F ,R,G,R,50,0,0,0,,,2037071,5708307
Gisborne District,CHILDERS ROAD,, ,I,GREY ST,201433505,11/03/2014,Tue,600,HA,CS2C,302A 375A ,,R,D,BF,F ,R,G,R,50,0,0,0,,,2037071,5708307
Gisborne District,CHILDERS ROAD,, ,I,GREY ST,201445277,16/10/2014,Thu,1750,HA,4W24,302A ,,R,D,B ,F ,R,G,R,50,0,0,0,,,2037071,5708307
Gisborne District,CHILDERS ROAD,, ,I,LOWE ST,201436511,09/05/2014,Fri,1447,HA,CN1C,301B 370B 402B ,,R,D,O ,F ,X,S,P,50,0,0,0,,,2037340,5708040
Gisborne District,CHILDERS ROAD,, ,I,PEEL ST,201448813,03/12/2014,Wed,1355,HA,CN1C,301B 375B ,,R,D,B ,F ,X,S,C,50,0,0,0,,,2037253,5708131
Gisborne District,CHILDERS ROAD,30,E, ,ROEBUCK ROAD,201448708,25/11/2014,Tue,1208,FC,CW1C,331A 358A ,,R,D,B ,F , , ,X,50,0,0,0,,,2036226,5708892
Gisborne District,CHILDERS ROAD,20,N, ,SH 35,201447426,21/11/2014,Fri,1210,FD,CE1C,181A 350A ,,R,D,O ,F ,R,G,C,50,0,0,0,,,2037405,5707972
Gisborne District,CHILDERS ROAD,30,N, ,SH 35,201445278,11/10/2014,Sat,1930,KA,CE1C,308B 375B 925 ,,R,D,DO,F ,D, ,C,50,0,0,0,,,2037398,5707979
Gisborne District,CHILDERS ROAD,100,E, ,STANLEY ROAD,201412379,07/04/2014,Mon,1500,NB,VE1E,712B 713B 801 ,,R,W,O ,L , , ,C,50,0,0,1,12,,2035946,5708996
Gisborne District,CHILDERS ROAD,, ,I,STANLEY ROAD,201442344,11/08/2014,Mon,1740,FB,CW1C,181A 387A ,,R,D,DO,F ,R,G,C,50,0,0,0,,,2035857,5709030
Gisborne District,CHILDERS ROAD,, ,I,STANLEY ROAD,201448707,03/12/2014,Wed,308,DA,CW1,111A 130A 514A ,CFI,M,D,DO,F ,R,G,R,50,0,0,0,,,2035846,5709025
Gisborne District,CHILDERS ROAD,200,E, ,TITOKI ST,201445496,07/10/2014,Tue,1620,MD,CW1C,308B 371B 929 ,,R,D,B ,F ,D,N,C,50,0,0,0,,,2035103,5709310
Gisborne District,COBDEN ST,30,W, ,GLADSTONE ROAD,201440638,09/07/2014,Wed,1824,JA,CW1C,308B 375B 801 924 ,,R,W,DO,L ,D,N,C,50,0,0,0,,,2036927,5708653
Gisborne District,COLLINS ST,200,S, ,ABBOTT ST,201438977,06/06/2014,Fri,1645,MO,CN1,371A 929 ,,R,D,BF,F ,D,N,N,50,0,0,0,,,2035450,5709339
Gisborne District,CRAIG ROAD,, ,I,JACKSON ST,201440637,04/07/2014,Fri,1700,JA,CS1C,101B 303B ,,R,D,TO,F ,T,N,C,50,0,0,0,,,2038940,5707286
Gisborne District,CRAWFORD ROAD,, ,I,PARAU ST,201430169,07/01/2014,Tue,1549,DC,CS1,130A 501A ,F,R,D,BF,F ,X,G,C,50,0,0,0,,,2037992,5707409
Gisborne District,DALRYMPLE ROAD,, ,I,STOUT ST,201443990,29/08/2014,Fri,1054,MG,CN1V,371B ,,R,D,BF,F ,X,G,C,50,0,0,0,,,2036300,5710391
Gisborne District,DE LAUTOUR ROAD,, ,I,RUTENE ROAD,201437160,23/05/2014,Fri,900,HA,CN2C,302A 375A ,,E,D,BF,F ,R,G,R,50,0,0,0,,,2038800,5707572
Gisborne District,DERBY ST,15,S, ,GLADSTONE ROAD,201438978,10/06/2014,Tue,1045,PC,CE1C,371B 927 ,,R,D,OF,F ,D,N,C,50,0,0,0,,,2037087,5708498
Gisborne District,DERBY ST,30,S, ,GLADSTONE ROAD,201448709,26/11/2014,Wed,1010,MC,VS1C,330B 372B ,,R,D,B ,F , , ,C,50,0,0,0,,,2037076,5708488
Gisborne District,DERBY ST,, ,I,GLADSTONE ROAD,201417476,11/11/2014,Tue,850,NA,CS1E,711B ,,R,D,BF,F ,R,G,C,50,0,0,1,88,,2037109,5708519
Gisborne District,DERBY ST,, ,I,PALMERSTON ROAD,201433858,17/04/2014,Thu,1440,KA,CW2C,302B ,,M,W,O ,H ,R,G,R,50,0,0,0,,,2037226,5708631
Gisborne District,ENDCLIFFE ROAD,, ,I,CAMBRIDGE TERRACE,201434388,14/02/2014,Fri,2250,DB,CS1,501A ,I,R,D,DO,F ,R,G,R,50,0,0,0,,,2038681,5706945
Gisborne District,ENDCLIFFE ROAD,, ,I,RANFURLY ST,201434897,21/03/2014,Fri,1510,HA,CE2V,302A 375A 645A ,,R,W,OF,H ,X,G,C,50,0,0,0,,,2038719,5707013
Gisborne District,ESPLANADE,, ,I,CRAWFORD ROAD,201435166,30/03/2014,Sun,500,CC,CN1,110A 129A ,S,R,D,DO,F ,T,N,R,50,0,0,0,,,2037677,5707632
Gisborne District,FOX ST,50,E, ,WHITAKER ST,201437004,11/05/2014,Sun,1110,CB,CW1,130A 195A 402A ,F,R,D,B ,F , , ,C,50,0,0,0,,,2037958,5709117
Gisborne District,FOX ST,100,S, ,WHITAKER ST,201432369,12/03/2014,Wed,730,EA,CS1C,129A ,M,E,D,B ,F , , ,C,50,0,0,0,,,2037818,5709064
Gisborne District,GLADSTONE ROAD,2,E, ,BLOOMFIELD ROAD,201430153,02/01/2014,Thu,1030,AA,4W1C,170A 372A ,,R,D,B ,F ,T,G,R,50,0,0,0,,,2035427,5709788
Gisborne District,GLADSTONE ROAD,, ,I,BLOOMFIELD ROAD,201437763,06/06/2014,Fri,1630,GD,4N1C,129A 350A ,,R,D,B ,F ,X,G,R,50,0,0,0,,,2035425,5709789
Gisborne District,GLADSTONE ROAD,20,N, ,BRIGHT ST,201435692,29/04/2014,Tue,1130,ME,CN1C,371B ,,R,D,B ,F , , ,C,50,0,0,0,,,2037264,5708345
Gisborne District,GLADSTONE ROAD,15,E, ,CARNARVON ST,201432367,05/03/2014,Wed,2245,MA,CE1C,373B ,,E,W,DO,L , , ,C,50,0,0,0,,,2036806,5708822
Gisborne District,GLADSTONE ROAD,, ,I,CARNARVON ST,201415520,06/09/2014,Sat,751,HA,CN1V,302B 330B 645B 801 ,HS,R,W,O ,L ,X,G,C,50,0,1,0,,,2036796,5708833
Gisborne District,GLADSTONE ROAD,20,E, ,CHALMERS ROAD,201412877,15/05/2014,Thu,1530,NA,CW1E,712B 713B 801 ,,R,W,O ,L ,T,S,R,50,0,0,1,12,,2034468,5710189
Gisborne District,GLADSTONE ROAD,, ,I,CHALMERS ROAD,201445709,23/10/2014,Thu,1515,JA,CW1C,301B 375B ,,R,D,B ,F ,T,S,R,50,0,0,0,,,2034449,5710195
Gisborne District,GLADSTONE ROAD,15,N, ,COBDEN ST,201433291,11/03/2014,Tue,930,MO,CN1C,371A ,M,R,D,BF,F , ,N,C,50,0,0,0,,,2036939,5708684
Gisborne District,GLADSTONE ROAD,50,N, ,COBDEN ST,201416348,16/10/2014,Thu,1433,MC,MN1C,372B 382B ,,R,D,B ,F , ,N,P,50,0,0,1,,,2036914,5708710
Gisborne District,GLADSTONE ROAD,100,N, ,COBDEN ST,201416044,27/09/2014,Sat,1130,GE,MN1C,157A 160A 926 ,,E,D,B ,F ,D,N,C,50,0,0,1,,,2036880,5708746
Gisborne District,GLADSTONE ROAD,100,S, ,COBDEN ST,201450454,05/12/2014,Fri,1425,JA,CN1C,308B 375B 925 ,,R,D,BF,F ,D,G,C,50,0,0,0,,,2037018,5708602
Gisborne District,GLADSTONE ROAD,100,W, ,COBDEN ST,201411700,12/03/2014,Wed,1055,MC,CW1C,372B ,,R,D,B ,F , , ,C,50,0,0,2,,,2036880,5708746
Gisborne District,GLADSTONE ROAD,, ,I,COBDEN ST,201434607,21/04/2014,Mon,1150,HA,CW2C,302A 375A ,,R,D,BN,F ,X,G,C,50,0,0,0,,,2036949,5708674
Gisborne District,GLADSTONE ROAD,, ,I,COLLINS ST,201434175,10/04/2014,Thu,1236,GD,CE1C,333A ,,R,D,O ,F ,T,G,R,50,0,0,0,,,2035603,5709693
Gisborne District,GLADSTONE ROAD,15,E, ,DERBY ST,201413828,09/06/2014,Mon,1400,PO,4N1E,371A 730B 818 ,,R,D,O ,F , , ,C,50,0,0,1,53,,2037119,5708497
Gisborne District,GLADSTONE ROAD,, ,I,DERBY ST,201415108,02/08/2014,Sat,1700,FB,4S1C,112A 331A 402A ,,R,D,O ,F ,R,G,R,50,0,0,1,,,2037095,5708522
Gisborne District,GLADSTONE ROAD,, ,I,DESMOND ROAD,201440639,24/06/2014,Tue,1500,GF,VN24,129A 370A ,,R,D,B ,F ,T,G,R,50,0,0,0,,,2035875,5709545
Gisborne District,GLADSTONE ROAD,, ,I,DESMOND ROAD,201446791,01/11/2014,Sat,1125,GD,4W14,181A ,,R,D,B ,F ,T,G,R,50,0,0,0,,,2035875,5709545
Gisborne District,GLADSTONE ROAD,50,E, ,DISRAELI ST,201439993,20/06/2014,Fri,1740,FD,VW1CC,331A 358A ,,R,D,DO,F , ,N,C,50,0,0,0,,,2036677,5708957
Gisborne District,GLADSTONE ROAD,, ,I,DISRAELI ST,201417474,24/10/2014,Fri,1515,FB,4W1C,181A ,,R,W,OF,L ,X,G,C,50,0,0,1,,,2036642,5708993
Gisborne District,GLADSTONE ROAD,10,N, ,GREY ST,201446361,24/10/2014,Fri,1425,MA,CS1C,373B ,,R,D,BF,F ,R,G,R,50,0,0,0,,,2037178,5708436
Gisborne District,GLADSTONE ROAD,20,W, ,HERBERT ROAD,201446815,05/11/2014,Wed,1440,FD,CE1C,331A ,,R,D,B ,F ,T,N,C,70,0,0,0,,,2036234,5709322
Gisborne District,GLADSTONE ROAD,20,N, ,LOWE ST,201434349,10/04/2014,Thu,1350,MO,TS1C,371A ,,R,W,O ,L , , ,C,50,0,0,0,,,2037439,5708163
Gisborne District,GLADSTONE ROAD,10,S, ,LOWE ST,201439103,17/06/2014,Tue,1300,ME,CN1C,371B ,,R,D,O ,F ,X,G,C,50,0,0,0,,,2037459,5708141
Gisborne District,GLADSTONE ROAD,, ,I,LYTTON ROAD,201414235,15/05/2014,Thu,1500,HA,CN2S,302A 375A ,,R,D,B ,F ,R,G,C,50,0,0,1,,14,2035031,5710017
Gisborne District,GLADSTONE ROAD,, ,I,LYTTON ROAD,201434909,28/03/2014,Fri,1720,FB,4W1C,103A 181A ,,R,D,BF,F ,R,G,R,50,0,0,0,,,2035042,5709997
Gisborne District,GLADSTONE ROAD,40,E, ,PEEL ST,201438329,28/05/2014,Wed,1351,FA,CS1C,331A 352A 402A ,,R,D,B ,F , , ,C,50,0,0,0,,,2037393,5708210
Gisborne District,GLADSTONE ROAD,20,S, ,PEEL ST,201431522,16/01/2014,Thu,1025,MO,VN1C,371A 370B ,,R,D,BF,F , , ,C,50,0,0,0,,,2037379,5708225
Gisborne District,GLADSTONE ROAD,20,S, ,PEEL ST,201444918,02/10/2014,Thu,1400,MO,CN1C,371A ,M,R,D,B ,F , ,N,C,50,0,0,0,,,2037379,5708225
Gisborne District,GLADSTONE ROAD,20,S, ,PEEL ST,201444250,11/09/2014,Thu,1520,MF,4N1C,371B ,,R,D,B ,F , , ,R,50,0,0,0,,,2037379,5708225
Gisborne District,GLADSTONE ROAD,20,W, ,PEEL ST,201415101,07/08/2014,Thu,1401,FD,CS1C,331A ,,R,D,B ,F , , ,C,50,0,0,1,,,2037351,5708254
Gisborne District,GLADSTONE ROAD,50,E, ,ROEBUCK ROAD,201439250,12/06/2014,Thu,1745,FD,CW1CC,181A 331A 181B ,,R,D,DO,F , , ,P,40,0,0,0,,,2036529,5709110
Gisborne District,GLADSTONE ROAD,, ,I,ROEBUCK ROAD,201440030,06/07/2014,Sun,1835,HA,CW1C,302A ,,R,D,DO,F ,R,G,R,50,0,0,0,,,2036494,5709145
Gisborne District,GLADSTONE ROAD,, ,I,STANLEY ROAD,201415583,26/08/2014,Tue,1435,HA,CW1C,302A 375A ,,E,D,O ,F ,R,G,R,50,0,0,2,,,2036034,5709460
Gisborne District,GRAHAM ROAD,, ,I,IRANUI ROAD,201445280,12/10/2014,Sun,750,DA,CE2,103A 131A 800 ,F,R,W,O ,F ,T,G,N,50,0,0,0,,,2038842,5707760
Gisborne District,GREY ST,20,W, ,GLADSTONE ROAD,201433859,15/04/2014,Tue,1240,QD,CW1,428A ,H,R,D,B ,F , , ,C,50,0,0,0,,,2037170,5708402
Gisborne District,IHUNGIA ROAD,6000,W, ,TUAKAU ROAD,201400029,13/02/2014,Thu,840,QB,TS1,130A 522A 614A ,C,M,D,BN,F , , ,N,100,1,0,0,,,2049061,5776432
Gisborne District,IOAPA ROAD,60,N, ,MAIN ROAD,201413248,28/03/2014,Fri,1145,PO,TS1E,330A 371A 719B 730B ,,R,D,B ,F , ,N,C,50,0,1,1,26,,2024832,5730847
Gisborne District,KAHUTIA ST,, ,I,PEEL ST,201438332,28/05/2014,Wed,830,LB,CN1C,303B 353B ,,R,D,B ,F ,X,G,X,50,0,0,0,,,2037113,5707997
Gisborne District,KAKARIKI ROAD,500,W, ,WAIOMATATINI ROAD,201418098,02/12/2014,Tue,1550,PA,OE1E,722B 727B ,,R,D,ON,F , ,N,N,100,0,0,1,4,,2072257,5799199
Gisborne District,KANAKANAIA ROAD,1570,N, ,BRUCE ROAD,201415976,14/09/2014,Sun,1630,DA,4N1,131A 358A ,EFT,M,D,O ,F , , ,C,100,0,0,1,,,2032788,5738025
Gisborne District,KAURI ST,10,W, ,QUEENS ROAD,201446878,12/09/2014,Fri,1900,MO,4E1C,371A 205B 929 ,M,R,D,DO,F ,D,N,N,50,0,0,0,,,2034568,5709370
Gisborne District,LAVENHAM ROAD,500,N, ,TAKITIMU ROAD,201438465,18/06/2014,Wed,1930,EC,CS1,912,W,R,D,DN,F , , ,C,100,0,0,0,,,2027300,5718968
Gisborne District,LYNDHURST ST,, ,I,STANLEY ROAD,201440700,20/06/2014,Fri,1530,DB,CW1,402A 433A 929 ,X,R,D,O ,F ,D,N,N,50,0,0,0,,,2035726,5708761
Gisborne District,LYTTON ROAD,10,S, ,GLADSTONE ROAD,201437762,30/05/2014,Fri,1730,FD,CN1C,181A 331A 801 ,,R,W,DO,L ,R,G,R,50,0,0,0,,,2035018,5709985
Gisborne District,LYTTON ROAD,70,S, ,GLADSTONE ROAD,201415152,13/08/2014,Wed,855,NA,CN1E,194A 503B 712B ,,R,D,B ,F , , ,C,50,0,0,1,65,,2034995,5709929
Gisborne District,LYTTON ROAD,, ,I,GLADSTONE ROAD,201410381,13/01/2014,Mon,1537,QB,CN1,523A 532A ,,E,D,BF,F ,R,G,R,50,0,0,2,,,2035022,5709994
Gisborne District,LYTTON ROAD,, ,I,KEIHA ST,201412285,24/05/2014,Sat,1130,FB,VE1C,181A ,FP,R,D,B ,F ,T,S,C,50,0,0,1,,,2035529,5711205
Gisborne District,LYTTON ROAD,, ,I,ORMOND ROAD,201435584,08/04/2014,Tue,,FC,CN1C,181A 331A 901 ,,R,W,O ,H ,T,S,C,50,0,0,0,,,2035588,5711344
Gisborne District,LYTTON ROAD,, ,I,STOUT ST,201413354,31/05/2014,Sat,1110,DA,CS1E,111A 131A 801 ,K,M,W,O ,L ,R,G,R,50,0,1,0,85,,2035376,5710843
Gisborne District,MAIN ROAD,200,E, ,PARKER LANE,201412589,01/05/2014,Thu,920,AO,VE1C,431A 130B 431B ,FS,R,D,B ,F , , ,C,50,0,0,1,,,2033124,5710428
Gisborne District,MANGAPAPA ROAD,15,E, ,CLIFFORD ST,201433301,08/03/2014,Sat,1400,MO,CW1V,371A ,M,R,D,BF,F , ,N,C,50,0,0,0,,,2037057,5710150
Gisborne District,MATA ROAD,3700,E, ,HUIARUA STATION ROAD,201416693,05/11/2014,Wed,600,DB,4S1,111A 138A 904 ,CF,S,D,O ,M , , ,N,100,0,1,4,,,2045668,5771910
Gisborne District,MOTU ROAD,2700,N, ,SH 2,201410841,07/02/2014,Fri,600,DA,CN1,111A 131A 901 904 ,C,M,W,TN,M , , ,N,100,0,0,1,,,1996282,5747368
Gisborne District,MOTU ROAD,3000,N, ,SH 2,201436027,19/04/2014,Sat,1500,EC,4S1,135A 812 823 901 ,CL,M,W,ON,HS, ,N,N,100,0,0,0,,,1996265,5747667
Gisborne District,NELSON ROAD,10,W, ,PARKVIEW PLACE,201413619,26/05/2014,Mon,1807,JA,CW1C,308B 378B 927 ,,R,D,B ,F ,D, ,C,50,0,0,2,,,2034729,5710808
Gisborne District,NGAIO ST,50,N, ,CHILDERS ROAD,201432370,28/02/2014,Fri,2200,MO,CS1C,371A 929 ,,E,D,DO,F ,D,N,N,50,0,0,0,,,2035231,5709315
Gisborne District,NGAKOROA ROAD,3100,N, ,SH 2,201418292,22/12/2014,Mon,754,DA,MN1,129A 130A ,EF,E,D,B ,F , , ,N,100,0,0,1,,,2029519,5724820