TLANAME,CRASHROAD,CRASHDIST,CRASHDIRN,INTSN,SIDEROAD,CRASHID,CRASHDATE,CRASHDOW,CRASHTIME,MVMT,VEHICLES,CAUSES,OBJECTSSTRUCK,ROADCURVE,ROADWET,LIGHT,WTHRa,JUNCTYPE,TRAFCTRL,ROADMARK,SPDLIM,CRASHFATALCNT,CRASHSEVCNT,CRASHMINCNT,PERSAGE1,PERSAGE2,EASTING,NORTHING
Gisborne District,ORMOND ROAD,, ,I,BALLANCE ST,201436152,03/05/2014,Sat,1633,HA,CW1C,301B 902 ,,R,D,B ,F ,T,S,P,50,0,0,0,,,2037352,5709524
Gisborne District,ORMOND ROAD,, ,I,BALLANCE ST,201434581,14/03/2014,Fri,945,JA,CS1V,301B 375B ,,R,D,BF,F ,T,S,C,50,0,0,0,,,2037352,5709524
Gisborne District,ORMOND ROAD,150,S, ,HALL ST,201432379,02/03/2014,Sun,1120,MC,CS1C,372B ,,R,D,B ,F , , ,C,50,0,0,0,,,2037564,5709217
Gisborne District,ORMOND ROAD,60,E, ,KENNEDY ST,201450453,17/12/2014,Wed,2100,DB,CW1C,103A 111A 129A ,M,M,W,DO,H , ,N,C,80,0,0,0,,,2036767,5710369
Gisborne District,ORMOND ROAD,50,W, ,LYTTON ROAD,201415801,10/09/2014,Wed,800,LB,CE1C,303B 930 ,,R,D,B ,F ,D,N,N,30,0,0,1,,,2035551,5711378
Gisborne District,ORMOND ROAD,50,N, ,RUA ST,201440052,13/06/2014,Fri,545,DA,TS1,111A 131A ,P,M,W,DO,L , ,N,C,50,0,0,0,,,2036809,5710308
Gisborne District,ORMOND ROAD,25,S, ,SHERIDAN ST,201447238,22/10/2014,Wed,1100,GD,CS1C,331A 922 ,,R,D,B ,F ,D,N,P,50,0,0,0,,,2036998,5710034
Gisborne District,ORMOND ROAD,, ,I,STAFFORD ST,201447399,26/09/2014,Fri,1031,DB,PW1,135A 806 ,,E,D,B ,F ,X,G,C,50,0,0,0,,,2037735,5708836
Gisborne District,ORMOND ROAD,, ,I,VALLEY ROAD,201435268,19/04/2014,Sat,1320,DC,4W2,191A 801 ,S,R,W,O ,L ,T,G,C,50,0,0,0,,,2035957,5711023
Gisborne District,ORMOND ROAD,, ,I,VALLEY ROAD,201446790,13/10/2014,Mon,1505,GD,CW1C,386A ,,R,D,B ,F ,T,G,C,50,0,0,0,,,2035957,5711023
Gisborne District,ORMOND ROAD,5,N, ,WI PERE ST,201450569,16/12/2014,Tue,800,FB,VS1C,331A 350A ,,R,D,O ,F ,R,G,R,50,0,0,0,,,2037235,5709692
Gisborne District,ORMOND ROAD,15,N, ,WI PERE ST,201449092,04/11/2014,Tue,905,FD,CS1C,181A ,,R,D,BF,F ,R,G,C,50,0,0,0,,,2037211,5709728
Gisborne District,ORMOND ROAD,150,N, ,WI PERE ST,201441666,11/08/2014,Mon,1510,FA,CS1C,112A 181A 331A 351A ,,R,D,B ,F , , ,P,50,0,0,0,,,2037134,5709839
Gisborne District,ORMOND ROAD,, ,I,WI PERE ST,201441471,21/06/2014,Sat,557,HA,TN1C,302A 375A ,,R,D,DO,FS,R,G,C,50,0,0,0,,,2037232,5709696
Gisborne District,OWEN ROAD,100,N, ,TYNDALL ROAD,201450076,26/12/2014,Fri,1415,MD,CN1C,308B 371B 929 ,,R,D,B ,F ,D,N,C,50,0,0,0,,,2039500,5707763
Gisborne District,OXFORD ST,30,S, ,RANFURLY ST,201433911,30/03/2014,Sun,1513,QD,CS1,330A 428A ,JP,E,D,B ,F , ,N,C,50,0,0,0,,,2038569,5707070
Gisborne District,PALMERSTON ROAD,80,W, ,DERBY ST,201443758,17/08/2014,Sun,1025,GE,CW1C,160A 927 ,,R,D,O ,F ,D,N,C,50,0,0,0,,,2037171,5708697
Gisborne District,PAREMATA ROAD,500,W, ,TAUWHAREPARAE ROAD,201444687,12/08/2014,Tue,1830,EC,VS1,912,W,E,D,DO,F , ,N,N,100,0,0,0,,,2061278,5739233
Gisborne District,PEEL ST,, ,I,PALMERSTON ROAD,201435165,25/03/2014,Tue,1230,GD,CW1C,181A ,,R,D,B ,F ,X,T,C,50,0,0,0,,,2037483,5708353
Gisborne District,PEEL ST,25,E, ,READS QUAY,201414659,11/07/2014,Fri,1530,CA,SW1,132A 410A 532A ,,R,D,B ,F , , ,C,50,0,0,1,,19,2037506,5708362
Gisborne District,RANGITUKIA ROAD,1000,W, ,KOIA ROAD,201416932,10/09/2014,Wed,2040,CB,40,103A 129A ,,R,D,DN,F , ,N,C,100,0,1,0,,,2078000,5803914
Gisborne District,RANGITUKIA ROAD,200,E, ,PUTUTU ROAD,201438511,19/06/2014,Thu,1800,EC,4S1,912,W,R,D,DN,F , , ,C,100,0,0,0,,,2076914,5803371
Gisborne District,RANGITUKIA ROAD,3400,N, ,SH 35,201411919,14/03/2014,Fri,1300,CB,4N1,103A 137A ,C,R,D,BN,F , ,N,C,100,0,0,2,,,2079326,5804767
Gisborne District,ROEBUCK ROAD,100,N, ,CHILDERS ROAD,201417416,29/10/2014,Wed,1440,NA,CN1E,713B ,,R,D,BF,F , ,N,C,50,0,1,0,15,,2036273,5708968
Gisborne District,ROEBUCK ROAD,20,N, ,PALMERSTON ROAD,201434176,08/04/2014,Tue,1550,FD,CN1C,331A 901 ,,R,W,O ,H , , ,C,50,0,0,0,,,2036630,5709290
Gisborne District,RUA ST,, ,I,ORMOND ROAD,201433289,14/03/2014,Fri,845,BC,TS2C,122A ,,R,D,BF,F ,T,G,C,50,0,0,0,,,2036837,5710266
Gisborne District,RUAKAKA ROAD,3800,N, ,BERRY ROAD,201412850,04/04/2014,Fri,1500,BB,BW1C,123A ,,M,W,O ,F , , ,N,100,0,0,1,,,1993474,5701136
Gisborne District,RUSSELL ST,100,S, ,RICHARDSON AVENUE,201432378,02/03/2014,Sun,625,QD,4N1,103A 428A ,JT,R,D,DN,F , , ,N,50,0,0,0,,,2038116,5709262
Gisborne District,RUTENE ROAD,, ,I,CRAIG ROAD,201437852,27/05/2014,Tue,840,HA,CN1C,301A 375A ,,R,D,B ,F ,X,S,C,50,0,0,0,,,2039004,5707368
Gisborne District,RUTENE ROAD,60,E, ,HARRIS ST,201412179,17/01/2014,Fri,1616,BE,SW1C,105A 128A 205A ,,R,D,O ,F , , ,C,50,0,0,1,,49,2038099,5707996
Gisborne District,RUTENE ROAD,, ,I,HARRIS ST,201439169,26/06/2014,Thu,815,HA,PW2C,301A 375A ,,R,D,B ,F ,X,S,C,50,0,0,0,,,2038048,5708026
Gisborne District,RUTENE ROAD,, ,I,MAKI ST,201439957,06/06/2014,Fri,1750,LB,CW1C,303B ,,R,W,DO,L ,T,G,C,50,0,0,0,,,2038319,5707865
Gisborne District,RUTENE ROAD,70,N, ,WILDISH ST,201433909,29/03/2014,Sat,755,EA,CN1C,129A 358A ,M,R,D,B ,F , ,N,C,50,0,0,0,,,2039077,5707296
Gisborne District,SOLANDER ST,, ,I,ADVENTURE ST,201411315,04/06/2014,Wed,2310,DA,CS2,103A 130A 433A ,T,R,W,DO,L ,T,N,N,50,0,1,0,,,2063365,5739614
Gisborne District,SPONGE BAY ROAD,1160,S, ,SH 35,201410593,14/02/2014,Fri,1945,DA,CS1,103A 111A 131A ,T,M,D,BF,F , ,N,C,70,0,1,0,,,2040018,5704694
Gisborne District,STANLEY ROAD,15,S, ,ABERDEEN ROAD,201447895,08/11/2014,Sat,2300,EA,CN1C,129A ,M,R,D,DO,F , ,N,C,50,0,0,0,,,2036187,5709843
Gisborne District,STANLEY ROAD,60,N, ,CHILDERS ROAD,201445494,06/10/2014,Mon,1314,EA,CS1C,129A 505A ,M,R,D,B ,FS, , ,C,50,0,0,0,,,2035870,5709101
Gisborne District,STANLEY ROAD,20,S, ,CHILDERS ROAD,201430165,02/01/2014,Thu,1515,CC,4N1,112A 130A 353A ,F,R,D,BF,F , ,N,C,50,0,0,0,,,2035829,5709007
Gisborne District,STANLEY ROAD,100,N, ,SH 35,201434583,12/03/2014,Wed,,EA,CN1T,129A ,M,R,D,DO,F , ,N,C,50,0,0,0,,,2035472,5708175
Gisborne District,STANLEY ROAD,150,N, ,SH 35,201431052,10/02/2014,Mon,1130,MC,VS14,140B 372B ,,R,D,B ,F , ,N,C,50,0,0,0,,,2035492,5708221
Gisborne District,STOUT ST,30,N, ,MACLEAN ST,201415584,01/08/2014,Fri,2355,CC,CS1,103A 129A 130A ,FKP,R,D,DO,F , , ,C,50,0,0,1,,,2037650,5708679
Gisborne District,STOUT ST,100,E, ,PINE ST,201418168,11/12/2014,Thu,335,DB,CS1,103A 111A 131A 801 ,P,M,W,DO,L , , ,C,50,0,0,1,,,2036593,5710251
Gisborne District,STOUT ST,, ,I,WI PERE ST,201437854,28/05/2014,Wed,1710,FA,CS1C,112A 181A ,,R,D,B ,F ,R,G,P,50,0,0,0,,,2037123,5709634
Gisborne District,TAUWHAREPARAE ROAD,1000,W, ,PAREMATA ROAD,201413659,16/06/2014,Mon,1030,KB,TS1V,308B 378B 831 834 927 ,,M,D,O ,F ,D, ,C,100,0,0,1,,,2060935,5740598
Gisborne District,TAUWHAREPARAE ROAD,490,E, ,TUTAMOE ROAD,201417439,26/10/2014,Sun,1630,DA,MS1,135A 813 ,,E,D,ON,F , ,N,N,100,0,1,0,,,2044997,5753744
Gisborne District,TINIROTO ROAD,4000,W, ,BRUNTON ROAD,201412940,09/05/2014,Fri,840,DA,40,804,F,M,D,B ,F , , ,N,100,0,0,1,,,2020376,5708884
Gisborne District,TINIROTO ROAD,, ,I,KAIMOE ROAD,201415242,02/08/2014,Sat,2115,DA,CS2,101A 131A ,T,R,D,DN,L ,T,N,C,100,0,0,1,,,2025091,5711554
Gisborne District,TINIROTO ROAD,500,W, ,ROCKHILL ROAD,201434820,17/03/2014,Mon,1032,DA,4W1,136A 804 841 ,F,E,D,BN,F , ,N,C,100,0,0,0,,,2012410,5706701
Gisborne District,TINIROTO ROAD,, ,I,ROCKHILL ROAD,201434896,17/03/2014,Mon,750,DA,CW1,135A 804 844 ,,E,D,BN,F ,T,N,C,100,0,0,0,,,2012792,5706404
Gisborne District,TITOKI ST,, ,I,LYTTON ROAD,201413673,27/05/2014,Tue,800,ND,CS2E,124A 363A 370A 902 ,,M,W,B ,F ,T,G,C,50,0,1,0,45,,2034854,5709594
Gisborne District,TYNDALL ROAD,, ,I,HALLEY ST,201418381,01/12/2014,Mon,1500,NA,CE1E,712B 713B 729B ,,R,W,OF,H ,T,N,C,50,0,0,1,13,,2039811,5707854
Gisborne District,VALLEY ROAD,30,S, ,JAMES ST,201436629,09/05/2014,Fri,820,LB,CN1C,303B 363B 902 929 ,,R,D,B ,F ,D,N,N,50,0,0,0,,,2036231,5711336
Gisborne District,WAIMATA VALLEY ROAD,200,N, ,MANDER ROAD,201447232,20/10/2014,Mon,1915,DA,CS1,131A ,V,E,D,TN,F , , ,C,100,0,0,0,,,2037332,5718536
Gisborne District,WAINGAKE ROAD,3800,W, ,TAURAU VALLEY ROAD,201418554,19/12/2014,Fri,724,DB,ME1,137A 912 ,W,E,D,BN,F , ,N,N,100,0,0,1,,,2023098,5705831
Gisborne District,WAINGAKE ROAD,4300,W, ,TAURAU VALLEY ROAD,201446249,13/06/2014,Fri,1420,DA,VE1,111A 131A 402A ,F,M,W,ON,H , ,N,C,100,0,0,0,,,2022718,5705512
Gisborne District,WAIOMATATINI ROAD,230,S, ,MANGAHAREI ST,201413879,27/06/2014,Fri,2030,DA,CS1,103A 111A 131A 801 ,FT,M,W,DO,L , , ,C,50,0,0,2,,,2067224,5792278
Gisborne District,WAIOMOKO ROAD,3140,N, ,ANDREWS ROAD,201417440,27/10/2014,Mon,2334,DB,4S1,131A 133A 929 ,FP,S,W,DN,L ,D,N,N,100,0,0,1,,,2052663,5723477
Gisborne District,WAIONE ROAD,500,W, ,SHORTCUT ROAD,201447116,26/10/2014,Sun,1220,EC,4W1,912,W,R,D,B ,F , , ,N,100,0,0,0,,,2071762,5820623
Gisborne District,WAIPIRO ROAD,700,N, ,PUIA ST,201413915,10/06/2014,Tue,2215,DA,CN1,103A 130A ,,M,W,DN,L , ,N,N,100,0,0,1,,,2066305,5775710
Gisborne District,WELLINGTON ST,100,N, ,GLADSTONE ROAD,201442488,05/08/2014,Tue,1500,EA,CS1C,129A ,M,R,D,BF,F , ,N,C,50,0,0,0,,,2035837,5709679
Gisborne District,WHAKATO ROAD,200,S, ,WAINGAKE ROAD,201431788,11/02/2014,Tue,2210,DA,4S1C,103A 131A ,M,E,D,DO,F , , ,C,50,0,0,0,,,2027152,5707216
Gisborne District,WHAREKOPAE ROAD,, ,I,KIRKPATRICK ROAD,201400105,15/05/2014,Thu,1900,DB,CN1,111A 131A ,P,E,W,DF,L ,X,G,C,100,1,0,0,,,2027080,5712398
Gisborne District,WHATATUTU ROAD,160,S, ,OTARA ROAD,201432413,13/01/2014,Mon,858,DA,CS1,129A 134A ,,M,D,B ,F , , ,C,100,0,0,0,,,2021824,5735611
Gisborne District,WHATATUTU ROAD,760,N, ,SH 2,201449099,29/10/2014,Wed,1723,GE,4N14,160A 333A 144B 929 ,,R,D,BN,F ,D,N,C,100,0,0,0,,,2021629,5730979
Gisborne District,WI PERE ST,, ,I,CLIFFORD ST,201414693,11/07/2014,Fri,955,HA,CS2C,302A 358A 375A ,,R,D,B ,F ,X,G,C,50,0,0,1,,,2037338,5709782
Gisborne District,WI PERE ST,50,W, ,STOUT ST,201410762,30/03/2014,Sun,1549,MA,VW1C,330B 373B ,,R,D,B ,F , ,N,C,50,0,0,2,,,2037081,5709605
Gisborne District,WI PERE ST,, ,I,STOUT ST,201442902,16/08/2014,Sat,1015,HA,4S14C,302B 375B ,,R,D,OF,F ,R,G, ,50,0,0,0,,,2037123,5709634
Gisborne District,WINTER ST,15,N, ,ORMOND ROAD,201444353,18/09/2014,Thu,810,MO,4S1C,371A ,M,R,D,B ,F , , ,C,50,0,0,0,,,2036171,5710856
Gisborne District,WINTER ST,30,N, ,ORMOND ROAD,201430585,13/01/2014,Mon,1515,MO,CN14,371B ,,R,D,B ,F , , ,C,50,0,0,0,,,2036180,5710868
Gisborne District,2/361/9.165,5000,W, ,KEREI ST,201450452,13/12/2014,Sat,2005,DB,CW1,129A ,C,M,W,DN,H , ,N,C,100,0,0,0,,,1992094,5743467
Gisborne District,2/361/11.457,3000,W, ,RAUMATI ST,201438331,30/05/2014,Fri,2130,DB,4W1,195A 402A 903 904 ,V,M,W,DO,MS, , ,C,100,0,0,0,,,1993747,5744334
Gisborne District,2/375/10.684,50,N, ,CEMETERY ROAD,201431523,22/01/2014,Wed,1030,CB,TN1,129A 130A 901 ,F,R,W,O ,H , , ,L,100,0,0,0,,,1999376,5736016
Gisborne District,2/390/2.104,1000,W, ,MAKARETU ROAD,201413618,03/06/2014,Tue,330,QG,TN1,129A 130A 615A 801 ,,E,W,DN,L , , ,C,100,0,0,2,,,2004971,5733298
Gisborne District,2/390/3.054,50,N, ,MAKARETU ROAD,201443757,11/08/2014,Mon,700,DA,VN1,131A 802 ,,M,I,O ,FF, , ,C,100,0,0,0,,,2005623,5732682
Gisborne District,2/390/5.45,450,S, ,FITZGERALD ROAD,201418781,05/12/2014,Fri,1900,DB,CN1,131A 404A 407A 801 ,C,S,W,O ,L , , ,C,100,0,0,1,,,2007505,5731485
Gisborne District,2/390/6.048,2200,N, ,HIHIROROA ROAD,201433910,30/03/2014,Sun,530,DA,40,103A 137A 402A ,CV,M,D,DN,F , ,N,C,100,0,0,0,,,2007983,5731277
Gisborne District,2/390/14.916,50,E, ,WAIHUKA ROAD,201450451,14/12/2014,Sun,850,DA,CE1,129A 131A ,FG,E,W,ON,L , ,N,C,100,0,0,0,,,2015682,5733072
Gisborne District,2/406/0.96,, ,A,WAIKOHU NO3 BR,201435654,18/02/2014,Tue,1625,BA,TE1C,386A 412A 386B 402B 818 ,,R,D,B ,F , , ,C,100,0,0,0,,,2017278,5732873
Gisborne District,2/406/8.823,300,W, ,CLIFF ROAD,201436896,22/05/2014,Thu,1200,DA,4S1,129A 134A ,EF,M,D,B ,F , , ,C,100,0,0,0,,,2024017,5730113
Gisborne District,2/416/5.2,100,E, ,POYNTER ROAD,201415571,12/08/2014,Tue,1620,CC,VW1,103A 129A 134A 407A ,X,R,D,B ,F , , ,C,100,0,1,0,,,2027678,5728602
Gisborne District,2/416/9.97,250,S, ,HATTEN LANE,201412844,30/03/2014,Sun,115,QG,TS1,104A 131A ,FP,M,D,DN,F , , ,C,100,0,1,0,,,2027354,5724306
Gisborne District,2/429/1.428,30,N, ,CAESAR ROAD,201438330,31/05/2014,Sat,1945,BE,CS14,129A 130A 605A 801 ,,R,W,DN,L , , ,C,100,0,0,0,,,2029152,5719949
Gisborne District,2/429/4.859,200,N, ,TUCKER ROAD,201446793,16/08/2014,Sat,500,CB,4N1,129A 350A ,P,R,D,B ,F , ,N,C,100,0,0,0,,,2029114,5716551
Gisborne District,2/429/9.294,, ,I,KING ROAD,201444693,30/09/2014,Tue,1855,DB,CS1,110A 403A ,P,E,W,TF,F ,T,G,C,100,0,0,0,,,2030598,5712648
Gisborne District,2/429/9.309,15,S, ,KING ROAD,201436028,18/04/2014,Fri,455,CC,CN1,103A ,V,R,W,DO,H , ,N,C,100,0,0,0,,,2030605,5712635
Gisborne District,2/429/9.694,400,S, ,KING ROAD,201448565,23/10/2014,Thu,1450,QG,4S1,665A ,F,R,D,BN,F , ,N,C,100,0,0,0,,,2030682,5712264
Gisborne District,2/429/10.385,60,N, ,FARMER ROAD,201413743,13/06/2014,Fri,1800,DA,CN1,131A ,EV,M,W,DN,L , ,N,C,100,0,0,1,,,2030716,5711575
Gisborne District,2/429/10.496,, ,I,PILMER ROAD,201434582,06/03/2014,Thu,1436,JA,CS1V,301B 353B 375B ,P,M,D,BN,F ,X,S,C,100,0,0,0,,,2030765,5711476
Gisborne District,2/429/12.185,90,W, ,MAIN ROAD,201445495,27/09/2014,Sat,2309,CB,CE1,103A 357A 402A 420A ,V,R,D,DO,F , , ,L,70,0,0,0,,,2032131,5710484
Gisborne District,2/429/12.245,30,E, ,MAIN ROAD,201438224,06/06/2014,Fri,250,EC,4W1,911,VW,R,W,DO,M , ,N,C,100,0,0,0,,,2032178,5710447
Gisborne District,2/429/13.328,110,N, ,BUSHMERE ROAD S,201413396,04/06/2014,Wed,2120,AD,CW1,112A 133A ,V,R,W,DN,F , , ,C,100,0,0,3,,,2031263,5709951
Gisborne District,2/429/13.438,, ,I,BUSHMERE ROAD S,201437853,01/06/2014,Sun,1420,GE,4W1C,160A ,,R,D,O ,F ,T,N,C,100,0,0,0,,,2031165,5709901
Gisborne District,2/429/13.862,200,N, ,SH 35 AWAPUNI,201431787,14/02/2014,Fri,853,QG,4S1,130A 631A ,S,R,D,B ,F , , ,C,100,0,0,0,,,2030786,5709711
Gisborne District,2/429/13.962,100,E, ,SH 35,201416823,25/10/2014,Sat,130,CC,CW1,103A 125A ,T,R,W,DN,F , ,N,C,100,0,0,1,,,2030697,5709666
Gisborne District,2/443/0.165,, ,I,RIVER ROAD,201438357,28/05/2014,Wed,745,JA,CW1C,302B 375B 402B ,,E,D,B ,F ,T,G,C,100,0,0,0,,,2030454,5709565
Gisborne District,TINIROTO ROAD,, ,I,2/443/2.981,201412478,07/04/2014,Mon,40,DA,TN2,130A 402A 412A 801 ,P,M,W,DO,L ,R,G,C,100,0,0,1,,,2027844,5710290
Gisborne District,TINIROTO ROAD,, ,I,WHAREKOPAE ROAD,201439341,19/05/2014,Mon,1645,DA,TE1,111A 131A ,,M,D,TF,F ,R,G,C,50,0,0,0,,,2027839,5710339
Gisborne District,2/443/7.533,, ,I,KARAUA ROAD,201447396,10/11/2014,Mon,1800,KB,TN14,302B 375B ,,R,D,O ,F ,T,G,C,80,0,0,0,,,2027522,5705962
Gisborne District,2/443/10.124,800,S, ,BROWNS BEACH ROAD,201445279,05/09/2014,Fri,5,CB,CS1,104A 130A 358A ,F,R,D,DN,F , , ,C,100,0,0,0,,,2027200,5703296
Gisborne District,2/443/15.587,470,S, ,MURIWAI BEACH ROAD,201434218,28/02/2014,Fri,1805,DA,CN1,131A 402A ,V,M,D,B ,F , , ,C,100,0,0,0,,,2027371,5698465
Gisborne District,2/443/16.837,, ,I,WILLIAMS ROAD,201412928,12/05/2014,Mon,219,DC,CN1,131A 410A ,P,E,D,DN,M ,T,G,C,100,0,0,1,,,2026914,5697375
Gisborne District,2/443/17.219,540,N, ,NICKS HEAD STATION ROAD,201412343,25/03/2014,Tue,1227,DA,CS1,129A 134A ,F,E,D,B ,F , , ,C,100,0,0,1,,,2027154,5696960
Gisborne District,2/461/0.321,640,S, ,NICKS HEAD STATION ROAD,201450450,17/12/2014,Wed,845,CC,CS1,197A ,V,R,D,ON,F , ,N,C,100,0,0,0,,,2027277,5695805
Gisborne District,2/461/12.365,1000,N, ,WHAREKAKAHO ROAD,201417998,27/07/2014,Sun,1530,DA,BN1,613A 614A ,V,M,W,O ,L , , ,C,100,0,7,0,,,2024306,5686538
Gisborne District,2/474/1.613,500,S, ,PARITU ROAD,201448981,27/11/2014,Thu,1448,DA,VN1,111A 197A 817 ,V,M,D,B ,F , , ,C,100,0,0,0,,,2022453,5685167
Gisborne District,2/474/7.223,700,E, ,TAREWA ROAD,201415243,11/08/2014,Mon,700,DA,CW1,111A 131A ,C,E,W,DN,FF, ,N,C,100,0,0,1,,,2018290,5682281
Gisborne District,35/132/7.465,7300,E, ,WAIKURA ROAD,201410710,29/01/2014,Wed,1450,BC,MW1C,111A 121A ,,M,D,B ,F , ,N,C,100,0,1,0,,,2061196,5826418
Gisborne District,35/144/11.907,400,E, ,TOKATA ROADWAY,201440839,18/07/2014,Fri,1900,EC,4W1,912,W,R,D,DN,F , , ,C,100,0,0,0,,,2070768,5822449
Gisborne District,35/144/13.033,900,W, ,SHORTCUT ROAD,201438094,08/06/2014,Sun,2130,EC,40,912,W,E,W,DN,F , , ,C,100,0,0,0,,,2071580,5821675
Gisborne District,35/159/5.267,340,N, ,KOPUAPOUNAMU ROAD,201400220,16/10/2014,Thu,130,DA,CS1,101A 111A 131A ,CT,E,D,DN,F , ,N,C,100,1,2,0,,,2072057,5817065
Gisborne District,35/159/6.27,1000,N, ,RANGITUKIA ROAD,201440835,25/07/2014,Fri,1830,EC,CN1,912,W,R,D,DN,F , , ,C,100,0,0,0,,,2071878,5816293
Gisborne District,35/172/0.321,380,S, ,MARAEHARA VALLEY ROAD,201444691,05/10/2014,Sun,400,DB,CS1,101A 111A ,T,E,D,DN,F , ,N,C,100,0,0,0,,,2072525,5810236
Gisborne District,35/180/2.409,, ,I,RANGITUKIA ROAD,201430088,12/02/2014,Wed,1830,DB,CN1,111A 131A 363A ,C,M,D,BF,F ,Y,N,C,50,0,0,0,,,2076507,5803073
Gisborne District,35/190/6.029,1000,S, ,KEMP ROAD,201433489,06/03/2014,Thu,310,DB,CN1,103A 131A 410A ,ET,E,D,DN,F , ,N,C,100,0,0,0,,,2068258,5795428
Gisborne District,35/200/2.428,1200,W, ,TE ARAROA ROAD,201430599,29/01/2014,Wed,1615,DB,CE1,131A ,,M,D,B ,F , , ,C,100,0,0,0,,,2064810,5791255
Gisborne District,35/200/4.196,1000,N, ,WHAREPONGA ROAD,201434316,08/04/2014,Tue,2120,EA,CS1T,129A 363A ,M,E,W,DN,L , , ,C,100,0,0,0,,,2063587,5791156
Gisborne District,35/200/5.246,50,S, ,WHAREPONGA ROAD,201437926,13/06/2014,Fri,1800,EC,VS1,912,W,E,W,DN,F , ,N,C,100,0,0,0,,,2063368,5790183
Gisborne District,35/200/8.925,300,N, ,KOPUAROA NO4 BR,201414842,24/05/2014,Sat,2345,DB,4N1,131A ,,E,D,DN,L , ,N,C,100,0,0,4,,,2061641,5787179
Gisborne District,35/200/13.025,2000,N, ,KOPUAROA ROAD,201418003,11/09/2014,Thu,820,DA,CN1,102A 131A ,TV,E,W,ON,L , ,N,C,100,0,2,0,,,2062005,5783833
Gisborne District,35/213/1.068,5000,N, ,IHUNGIA ROAD,201410607,20/02/2014,Thu,800,DA,TN1,110A 121A ,F,E,W,DN,F , ,N,C,100,0,0,1,,,2062880,5783006
Gisborne District,35/213/2.608,800,S, ,KOPUAROA ROAD,201431064,22/02/2014,Sat,1315,DB,4N1,111A 131A ,C,E,D,B ,F , ,N,C,100,0,0,0,,,2063207,5781941
Gisborne District,35/213/5.068,1000,N, ,IHUNGIA ROAD,201434959,03/03/2014,Mon,533,DB,TS1,131A ,FS,S,D,DN,F , ,N,C,100,0,0,0,,,2062637,5779981
Gisborne District,35/213/9.944,50,S, ,GOLFCOURSE ROAD,201417796,14/12/2014,Sun,600,DA,VS1,130A 410A ,C,M,D,O ,F , ,N,C,100,0,0,1,,,2064479,5776794
Gisborne District,35/225/7.037,4000,W, ,TE WEHI ROAD,201417594,18/11/2014,Tue,830,CB,CN1,410A ,P,R,D,ON,F , ,N,C,100,0,0,1,,,2064410,5770719
Gisborne District,BEACH ROAD,, ,I,35/225/12.403,201418274,24/12/2014,Wed,230,DA,MS2,101A 111A 131A ,I,S,D,DO,F ,T,S,R,50,0,1,0,,,2066186,5766703
Gisborne District,35/238/0.848,600,N, ,KAIAWHA ROAD,201440266,30/06/2014,Mon,2100,EC,4N1,831 912 ,W,S,D,DN,F , , ,C,100,0,0,0,,,2065570,5766200
Gisborne District,35/238/1.348,100,N, ,KAIAWHA ROAD,201448710,01/12/2014,Mon,600,DA,VN1,131A 402A 412A ,C,S,D,B ,F , , ,C,100,0,0,0,,,2065175,5765964
Gisborne District,35/238/4.72,460,N, ,MATA ROAD,201418315,29/11/2014,Sat,2132,DA,4S1,131A 410A ,S,E,D,DN,F , ,N,C,100,0,1,0,,,2063342,5764137
Gisborne District,35/238/5.48,300,S, ,MATA ROAD,201414505,06/07/2014,Sun,1100,DA,MS1,131A ,G,S,D,B ,F , , ,C,100,0,0,1,,,2063265,5763510
Gisborne District,35/238/12.377,110,N, ,ARERO ROAD N,201413047,25/03/2014,Tue,530,DA,TN1T,129A 131A ,,E,D,DN,M , ,N,C,100,0,0,1,,,2060199,5758755
Gisborne District,35/238/12.505,1830,N, ,ARERO ROAD S,201437957,11/06/2014,Wed,830,CB,4N1,135A 801 901 ,F,R,W,O ,H , ,N,C,100,0,0,0,,,2060219,5758629
Gisborne District,35/250/3.585,1900,S, ,ARERO ROAD,201417825,22/11/2014,Sat,800,CA,TS1,129A 134A 410A ,F,R,D,B ,F , , ,C,100,0,0,1,,,2060230,5755632
Gisborne District,35/250/3.685,2000,S, ,ARERO ROAD S,201444920,11/09/2014,Thu,1740,CC,CS1,110A 112A ,,R,W,TN,F , ,N,C,100,0,0,0,,,2060225,5755532
Gisborne District,35/250/9.515,150,S, ,KAIAWHA ROAD,201442487,31/07/2014,Thu,1840,EC,TS1,912,W,M,D,DF,F , ,N,C,100,0,0,0,,,2060338,5750336