TLANAME,CRASHROAD,CRASHDIST,CRASHDIRN,INTSN,SIDEROAD,CRASHID,CRASHDATE,CRASHDOW,CRASHTIME,MVMT,VEHICLES,CAUSES,OBJECTSSTRUCK,ROADCURVE,ROADWET,LIGHT,WTHRa,JUNCTYPE,TRAFCTRL,ROADMARK,SPDLIM,CRASHFATALCNT,CRASHSEVCNT,CRASHMINCNT,PERSAGE1,PERSAGE2,EASTING,NORTHING
Gisborne District,35/263/1.767,300,N, ,MANGATUNA ROAD,201439674,10/07/2014,Thu,845,EC,4N1,912,W,E,D,O ,F , , ,C,100,0,0,0,,,2061109,5746796
Gisborne District,35/263/2.167,100,S, ,MANGATUNA ROAD,201437065,19/04/2014,Sat,2305,DB,CS1,111A 131A ,SX,M,W,DN,L , , ,C,100,0,0,0,,,2061052,5746404
Gisborne District,35/263/6.951,500,N, ,KAIAUA ROAD,201434958,20/03/2014,Thu,1200,FD,4N1C,181A ,,R,D,BN,F , ,N,C,100,0,0,0,,,2063116,5742567
Gisborne District,MONKHOUSE ST,, ,I,35/263/11.038,201416469,30/09/2014,Tue,2020,DA,CS2,103A 111A 131A 801 903 ,H,S,W,DO,LS,X,G,C,50,0,1,0,,,2062825,5739412
Gisborne District,35/274/2.491,900,S, ,WHARF ROAD,201413658,16/06/2014,Mon,615,DB,TN1,358A 410A ,FV,E,D,O ,F , , ,C,100,0,0,1,,,2063557,5737203
Gisborne District,35/274/12.261,1030,E, ,WAIHAU ROAD,201438118,19/05/2014,Mon,745,DA,VS1,131A ,,M,W,ON,MF, ,N,C,100,0,0,0,,,2059923,5729267
Gisborne District,35/274/13.341,50,W, ,WAIHAU ROAD,201445268,11/10/2014,Sat,1630,DA,4W1,131A 407A 801 ,SV,M,W,ON,L , , ,C,100,0,0,0,,,2059133,5728742
Gisborne District,35/274/13.391,100,W, ,WAIHAU ROAD,201412582,16/03/2014,Sun,730,DA,CW1,111A 131A 800 ,F,M,W,O ,L , , ,C,100,0,0,1,,,2059090,5728763
Gisborne District,35/274/13.591,300,W, ,WAIHAU ROAD,201435684,07/05/2014,Wed,2030,DA,CW1,103A 111A 131A 402A ,T,S,D,DN,F , , ,C,100,0,0,0,,,2058959,5728907
Gisborne District,35/274/13.791,500,W, ,WAIHAU ROAD,201444919,26/09/2014,Fri,1727,BB,CS1V,123A ,,R,D,TN,F , ,N,C,100,0,0,0,,,2058823,5728779
Gisborne District,35/274/14.688,1500,N, ,THOMAS ROAD,201442486,04/08/2014,Mon,350,EC,TN1,912,W,M,W,DN,H , ,N,P,100,0,0,0,,,2058041,5728910
Gisborne District,35/289/2.792,2000,S, ,THOMAS ROAD,201447425,15/11/2014,Sat,130,CB,CS1,130A 410A ,,R,D,DN,F , ,N,C,100,0,0,0,,,2057038,5725987
Gisborne District,35/289/6.193,25,S, ,PAKARAE ROAD,201435655,29/04/2014,Tue,1030,AD,4S14T,137A 130B 191B 197B 372C ,,E,D,B ,F , , ,C,100,0,0,0,,,2055882,5723055
Gisborne District,35/289/7.549,150,S, ,PANIKAU ROAD,201418800,05/12/2014,Fri,1645,DA,TN1,111A 131A ,,E,D,TN,F , ,N,C,90,0,0,1,,,2055281,5722049
Gisborne District,35/289/10.551,, ,I,PA ROAD,201416692,20/10/2014,Mon,1200,GE,TN1T,112A 155A 160A ,,R,D,O ,F ,T,G,L,100,0,1,0,,,2054471,5719946
Gisborne District,35/300/2.631,2700,S, ,PA ROAD,201418004,06/10/2014,Mon,1829,DA,CS1,111A 131A 817 ,T,S,D,ON,F , ,N,N,100,0,0,1,,,2052915,5718200
Gisborne District,35/300/2.631,2700,S, ,PA ROAD,201445708,23/10/2014,Thu,1810,DA,CS1,116A 363A 404A 817 902 ,,S,D,B ,F , ,N,C,100,0,0,0,,,2052915,5718200
Gisborne District,35/300/5.814,400,S, ,CHRISTOPHER ROAD,201444251,13/09/2014,Sat,400,DA,CS1,101A 414A 801 ,FP,E,W,DN,L , , ,C,100,0,0,0,,,2051591,5715987
Gisborne District,35/300/6.685,1100,N, ,POUAWA ROAD,201417475,11/10/2014,Sat,1700,FD,VN1C,181A ,,M,W,OF,F , ,N,C,100,0,0,1,,,2051202,5715230
Gisborne District,35/308/3.426,350,E, ,TURIHAUA BR,201414635,07/07/2014,Mon,1750,BE,4W14,410A ,,R,D,DN,F , , ,C,100,0,1,1,,,2049525,5711760
Gisborne District,35/308/4.958,3000,N, ,MAKORORI BEACH ROAD,201446792,26/10/2014,Sun,1305,GE,VN1C,150A 387A 926 ,,R,D,B ,F ,D,N,C,100,0,0,0,,,2048712,5710741
Gisborne District,35/308/6.258,1700,E, ,MAKORORI BEACH ROAD,201449631,17/12/2014,Wed,1900,DA,VW1,111A 131A 407A 901 ,V,M,W,TN,H , , ,C,100,0,0,0,,,2047780,5709893
Gisborne District,35/308/9.198,1240,S, ,MAKORORI BEACH ROAD,201440644,21/07/2014,Mon,945,DA,TS1,129A 134A 801 ,,E,W,O ,L , , ,C,100,0,0,0,,,2045117,5709018
Gisborne District,35/308/10.288,1000,E, ,SIRRAH ST,201418382,11/10/2014,Sat,2135,DB,CW1,410A ,C,E,D,DN,F , ,N,C,100,0,0,1,,,2044268,5708363
Gisborne District,35/308/11.588,300,E, ,SIRRAH ST,201438295,19/06/2014,Thu,2231,CC,CS1,101A 410A ,FT,R,D,DN,F , ,N,C,100,0,0,0,,,2043303,5707622
Gisborne District,35/321/0.949,600,N, ,ONEROA ROAD,201440645,13/07/2014,Sun,1433,CC,CS1,407A 427A ,V,R,D,B ,F , , ,C,100,0,0,0,,,2041358,5706083
Gisborne District,35/321/1.599,50,S, ,ONEROA ROAD,201432377,25/02/2014,Tue,845,GA,CS1C,331A 929 ,,E,D,B ,F ,D,N,C,100,0,0,0,,,2041024,5705532
Gisborne District,35/321/2.858,, ,I,MURDOCH ROAD,201450764,23/11/2014,Sun,1300,CC,CW1,410A ,P,R,D,BN,F ,T,N,C,70,0,0,0,,,2039924,5705708
Gisborne District,35/321/4.04,, ,I,MATTHEWS ROAD,201416813,19/10/2014,Sun,150,JA,CS1C,104A 104B 301B ,,R,W,DO,L ,T,S,P,70,0,0,2,,,2039348,5706709
Gisborne District,35/321/4.759,15,W, ,CRAIG ROAD,201443756,19/08/2014,Tue,1203,MA,CE1C,373B ,,R,D,B ,F , , ,C,50,0,0,0,,,2038868,5707217
Gisborne District,35/321/4.769,15,E, ,ENDCLIFFE ROAD,201432368,04/03/2014,Tue,2011,MO,CW1C,371A ,M,R,D,DO,F , , ,C,50,0,0,0,,,2038860,5707223
Gisborne District,35/321/5.098,, ,I,DE LAUTOUR ROAD,201447400,14/11/2014,Fri,930,KA,VS1C,301B 375B ,,R,D,B ,F ,X,S,C,50,0,0,0,,,2038600,5707425
Gisborne District,35/321/5.108,50,W, ,CRAWFORD ROAD,201439673,09/07/2014,Wed,1600,EA,TW1V,129A ,M,R,W,O ,L , , ,C,50,0,0,0,,,2038592,5707431
Gisborne District,35/321/5.328,10,E, ,LEWIS ST,201412929,16/05/2014,Fri,1800,EA,CE1C,101A 129A ,M,R,D,DO,F ,T,G,P,50,0,0,1,,,2038408,5707551
Gisborne District,35/321/5.602,, ,I,DICKSON ST,201410764,04/04/2014,Fri,1510,NA,CE1E,713B ,,R,D,B ,F ,X,G,C,50,0,0,1,9,,2038174,5707693
Gisborne District,35/321/5.652,50,W, ,DICKSON ST,201416899,19/11/2014,Wed,1642,EA,CE1C,129A 504A ,FM,R,D,B ,F , ,N,C,50,0,0,1,,,2038131,5707719
Gisborne District,35/321/5.789,40,E, ,HARRIS ST,201431622,16/01/2014,Thu,2030,MA,4W1C,101B 373B ,,R,W,O ,L , , ,C,50,0,0,0,,,2038010,5707783
Gisborne District,35/321/5.809,20,E, ,HARRIS ST,201447398,21/07/2014,Mon,1100,MA,VE1C,373B ,,R,D,O ,F , ,N,C,50,0,0,0,,,2037991,5707790
Gisborne District,35/321/5.814,15,E, ,HARRIS ST,201439286,22/04/2014,Tue,1425,MO,CE1C,386A 402A ,M,R,D,B ,F , , ,P,50,0,0,0,,,2037987,5707792
Gisborne District,35/321/5.824,5,E, ,HARRIS ST,201431524,13/01/2014,Mon,1503,MA,CE1V,353B 373B 903 ,,R,D,BF,FS,X,S,C,50,0,0,0,,,2037977,5707796
Gisborne District,35/327/0.073,50,E, ,CUSTOMHOUSE ST,201430587,28/01/2014,Tue,1230,MF,CE1V,371B ,,R,D,B ,F , , ,C,50,0,0,0,,,2037606,5707987
Gisborne District,GLADSTONE ROAD,, ,I,35/327/0.17,201415391,08/09/2014,Mon,1545,JA,4N1C,302A 375A ,,M,D,B ,F ,T,G,C,50,0,0,1,,,2037540,5708057
Gisborne District,GLADSTONE ROAD,, ,I,35/327/0.17,201450763,29/12/2014,Mon,1130,JA,CN1C,302A 375A ,,R,D,BF,F ,T,G,C,50,0,0,0,,,2037540,5708057
Gisborne District,35/327/0.553,20,W, ,KAHUTIA ST,201445707,11/10/2014,Sat,1230,HA,CN1C,308A 375A 926 ,,R,D,B ,F ,D,N,C,50,0,0,0,,,2037273,5707801
Gisborne District,35/327/0.583,50,W, ,KAHUTIA ST,201434015,08/04/2014,Tue,2055,MO,VN1,386A 404A 927 ,F,R,W,DO,F ,D,N,N,50,0,0,0,,,2037251,5707780
Gisborne District,35/327/3.131,, ,I,LYTTON ROAD,201432375,21/01/2014,Tue,630,KB,CW14,302B ,,R,W,TN,L ,T,G,C,50,0,0,0,,,2034941,5708011
Gisborne District,35/327/3.693,, ,I,PACIFIC ST,201447894,12/11/2014,Wed,30,GE,CE1C,112A 160A 333A ,,R,D,DN,F ,T,G,C,70,0,0,0,,,2034399,5707866
Gisborne District,35/327/6.076,, ,I,MCDONALD ROAD,201432376,28/02/2014,Fri,1124,GD,4S14,331A ,,R,D,B ,F ,T,G,C,100,0,0,0,,,2032124,5708137
Gisborne District,35/327/7.223,540,W, ,AERODROME ROAD W,201413608,06/06/2014,Fri,911,PO,VE1E,721B ,,R,D,B ,F , , ,C,100,0,0,1,55,,2031209,5708829
Gisborne District,SH 2,, ,I,35/327/8.242,201450762,27/12/2014,Sat,1945,HA,VN2CC,103A 321A ,,R,D,BN,F ,X,S,C,80,0,0,0,,,2030608,5709621
Gore District,ARDWICK ST,, ,I,CANNING ST,201415216,05/08/2014,Tue,1400,KB,CS1C,302B ,,R,D,BF,F ,T,G,C,50,0,0,1,,,1286286,4886660
Gore District,ARDWICK ST,25,N, ,GRANT ST,201418222,17/12/2014,Wed,1740,MC,MS1C,372B 402B ,,R,D,B ,F , , ,C,50,0,0,1,,,1286297,4886484
Gore District,AVON ST,, ,A,RICHMOND ST,201449934,20/11/2014,Thu,2150,QG,OE1,130A 412A 682A ,,M,D,DO,F , , ,C,50,0,0,0,,,1286885,4887478
Gore District,BANGOR ST,50,E, ,OAKLAND ST,201414752,01/08/2014,Fri,2350,CC,CS1,112A 130A 514A 903 ,P,R,D,DO,FS, , ,C,50,0,0,1,,,1281067,4876520
Gore District,BLAMPIED ST,, ,I,DORSET ST,201431218,04/03/2014,Tue,157,DC,CW1,103A ,,R,W,DO,L ,T,G,N,50,0,0,0,,,1280582,4875519
Gore District,BROUGHTON ST,, ,I,DEVON ST,201411640,17/03/2014,Mon,825,LB,SS1C,303B 375B ,,R,D,BF,F ,X,S,C,50,0,0,2,,17,1285775,4886971
Gore District,CHARLTON ROAD,, ,I,BOWMAR ROAD,201412932,27/05/2014,Tue,800,DB,CN1,131A 802 ,,M,I,TN,SF,T,G,C,100,0,0,1,,,1283572,4884746
Gore District,COUTTS ROAD,, ,I,BROUGHTON ST,201449943,12/12/2014,Fri,1730,LB,SN1C,303B 375B ,,R,D,O ,F ,T,N,C,50,0,0,0,,,1285807,4886449
Gore District,CROMBIE ST,5,W, ,MAIN ST,201417501,02/11/2014,Sun,1400,NB,CW1,711B 927 ,,R,D,OF,F ,D,N,R,50,0,1,0,85,,1286303,4886235
Gore District,DIAMOND PEAK ROAD,200,W, ,CHAMBERLAIN ROAD,201438068,09/06/2014,Mon,700,BF,CE14,131A 205A ,,E,D,DN,F , , ,C,100,0,0,0,,,1289111,4881742
Gore District,DOVER ST,20,W, ,SH 1S,201443520,07/08/2014,Thu,1440,EA,CE14,129A ,M,R,W,OF,FS, ,N,C,50,0,0,0,,,1281054,4876228
Gore District,ECCLES ST,, ,I,ARDWICK ST,201445119,01/10/2014,Wed,1003,HA,4S2C,321A 335A ,KS,R,D,B ,F ,X,S,C,50,0,0,0,,,1286302,4886398
Gore District,ECCLES ST,50,E, ,BROUGHTON ST,201449944,10/12/2014,Wed,1141,EA,CE1C,129A 358A ,M,R,D,O ,F , , ,C,50,0,0,0,,,1285861,4886372
Gore District,ECCLES ST,, ,I,LENNOX ST,201435930,16/04/2014,Wed,1012,JA,CW1C,308B 375B 839 930 ,,R,W,OF,L ,D,N,C,50,0,0,0,,,1286138,4886388
Gore District,ELIZABETH ST,100,W, ,BROUGHTON ST,201431262,22/02/2014,Sat,2255,EA,CW1C,129A ,M,R,D,DO,F , ,N,C,50,0,0,0,,,1285685,4886804
Gore District,FRANK ST,, ,I,THOMAS ST,201446400,22/08/2014,Fri,2220,DA,CW2,111A 131A 402A 430A ,F,R,D,DO,F ,T,G,C,50,0,0,0,,,1285151,4886974
Gore District,HAMILTON ST,20,S, ,WAVERLEY ST,201437886,31/05/2014,Sat,410,EA,CS1C,103A 129A ,M,R,D,DO,F , ,N,C,50,0,0,0,,,1287411,4887949
Gore District,HYDE ST,, ,I,WIGAN ST,201434913,17/03/2014,Mon,1742,JA,CW1C,302B 375B ,,R,W,OF,L ,T,G,C,50,0,0,0,,,1286464,4886241
Gore District,IRK ST,50,W, ,SH 1S,201411239,20/02/2014,Thu,1608,NA,CW1E,376A 732B ,,R,D,B ,F , , ,C,50,0,0,1,15,,1286554,4886854
Gore District,LAWRENCE ST,, ,I,GORDON TERRACE,201430805,16/02/2014,Sun,213,DA,CS2,111A 131A ,T,R,D,DO,F ,T,N,N,50,0,0,0,,,1287567,4888074
Gore District,NORTH CHATTON ROAD,350,E, ,EAST CHATTON ROAD,201447477,12/11/2014,Wed,1800,DA,CE1,129A 134A ,C,M,D,TN,F , ,N,C,100,0,0,0,,,1285393,4899728
Gore District,OTAMA ROAD,1070,W, ,KNAPDALE ROAD,201410181,04/02/2014,Tue,550,DB,CS1,111A 131A 904 ,,M,D,DN,M , , ,C,100,0,0,3,,,1283208,4899625
Gore District,OTAMA VALLEY ROAD,410,S, ,KEMP BRIDGE ROAD,201439852,02/07/2014,Wed,650,DA,4S1,135A 802 803 ,P,M,I,DN,SF, , ,C,100,0,0,0,,,1280157,4906204
Gore District,PYRAMID-WAIPARU ROAD,280,S, ,PYRAMID CREEK ROAD,201436665,23/04/2014,Wed,1610,DB,CS1,111A 929 ,P,M,D,B ,F ,D,N,C,100,0,0,0,,,1275619,4910843
Gore District,REABY ROAD,150,S, ,KINGDON ROAD,201434910,23/03/2014,Sun,1455,DA,4W1,129A 134A ,,M,D,BN,F , ,N,C,100,0,0,0,,,1282379,4889287
Gore District,RIVER ST,, ,I,SH 1S,201415753,14/08/2014,Thu,1401,FB,CN1V,101A 331A ,,R,W,OF,F ,R,G,C,50,0,0,1,,,1286834,4886972
Gore District,ROBERTSON ST,60,N, ,ACCESS ROAD,201410831,22/02/2014,Sat,2300,EA,CS14C,103A 129A 130A 901 903 ,M,R,W,DO,HS, , ,C,50,0,0,1,,,1285198,4885493
Gore District,ROBERTSON ST,15,N, ,CHARLTON ROAD,201437756,22/05/2014,Thu,830,JA,CN1C,308B 370B 929 ,,R,D,O ,F ,D, ,C,50,0,0,0,,,1285217,4885198
Gore District,TERRY ROAD,2000,N, ,CHARLTON ROAD,201437497,31/05/2014,Sat,126,DA,4S1,131A 402A 403A 420A ,E,S,D,DN,FF, , ,N,100,0,0,0,,,1283667,4886336
Gore District,WAIKAKA ROAD,2000,N, ,EAST CHATTON ROAD,201438502,19/06/2014,Thu,815,DA,CS1,129A 134A 407A 901 ,FP,E,W,DN,H , , ,C,100,0,0,0,,,1291985,4900733
Gore District,WAIKAKA ROAD,100,S, ,LURGAN ST,201417497,02/11/2014,Sun,1340,CC,4N1,410A ,,R,D,BN,F , ,N,C,100,0,0,1,,,1290930,4906534
Gore District,WAIMEA ST,50,N, ,CREWE ST,201430763,30/01/2014,Thu,930,QD,OS1,665A ,TX,R,D,BF,F , ,N,C,50,0,0,0,,,1285701,4887874
Gore District,WAIMUMU ROAD,300,W, ,BOWMAR ROAD,201435695,25/04/2014,Fri,1058,DB,CE1,111A 131A 337A 901 ,FP,M,W,O ,H , , ,C,100,0,0,0,,,1283287,4884731
Gore District,WAIMUMU ROAD,550,W, ,BOWMAR ROAD,201410994,26/02/2014,Wed,920,LB,MN1V,104A 303B 378B 831 832 929 ,,R,D,BN,F ,D,N,C,100,0,0,1,,,1283082,4884617
Gore District,WAIMUMU ROAD,240,N, ,GLENDHU ROAD,201413876,24/06/2014,Tue,1207,DA,VS1,129A 134A 407A ,FP,E,D,O ,F , , ,C,100,0,0,1,,,1276975,4883546
Gore District,WAIMUMU ROAD,550,E, ,HUMPHRIES ROAD,201434914,25/03/2014,Tue,817,DB,CE1,111A 131A ,P,M,W,ON,L , ,N,C,100,0,0,0,,,1280438,4885428
Gore District,WHITERIG ROAD,1300,N, ,MCKINNON ROAD,201444243,17/09/2014,Wed,720,CC,CS1,130A 195A ,FP,R,D,O ,F , , ,C,100,0,0,0,,,1287960,4891114
Gore District,WILSON ROAD,90,W, ,OTAMA ROAD,201450868,18/12/2014,Thu,1210,DA,40,129A 134A ,F,E,D,BN,F , ,N,C,100,0,0,0,,,1281898,4900888
Gore District,WYNDHAM ROAD,4630,N, ,MARAIRUA ROAD,201430148,01/02/2014,Sat,1730,DA,CN1,131A 134A 357A ,F,M,D,BN,F , ,N,C,100,0,0,0,,,1280093,4872427
Gore District,WYNDHAM ROAD,, ,I,SHANKS ROAD,201447846,31/10/2014,Fri,200,DC,CW2,101A 113A 336A ,J,R,D,DN,F ,T,G,N,100,0,0,0,,,1280216,4872830
Gore District,WYNDHAM ROAD,460,N, ,WEATHERBURN ROAD,201418010,23/11/2014,Sun,915,DA,CN1,101A 131A ,P,M,D,ON,F , ,N,C,100,0,0,2,,,1280234,4873902
Gore District,1S/842/0.641,1500,E, ,EAST ST,201450778,01/09/2014,Mon,1800,FD,CW1C,181A 331A 363A ,,E,D,BN,F , ,N,C,100,0,0,0,,,1300333,4887143
Gore District,1S/842/3.216,120,E, ,WEST ST,201434911,16/03/2014,Sun,1840,GA,VE1C,181A 929 ,,R,D,TN,F ,D,N,C,50,0,0,0,,,1297954,4887934
Gore District,1S/842/8.799,90,N, ,MACGIBBON ROAD,201413732,09/06/2014,Mon,1734,FD,4N1CT,181A ,,R,D,TN,F , ,N,C,100,0,1,0,,,1292786,4888172
Gore District,1S/842/9.136,50,S, ,MASON ROAD,201445195,27/09/2014,Sat,2325,DA,CS1,129A 801 ,B,E,W,DN,L , , ,C,100,0,0,0,,,1292670,4888487
Gore District,1S/842/9.609,900,N, ,MACGIBBON ROAD,201435929,16/04/2014,Wed,2245,CC,CW1,137A ,,R,D,DN,F , ,N,C,100,0,0,0,,,1292235,4888649
Gore District,1S/842/10.97,90,E, ,WAIKAKA STM BR,201418218,17/12/2014,Wed,1430,CC,4W1,130A ,V,R,D,B ,F , , ,C,100,0,0,1,,,1290940,4889058
Gore District,1S/842/11.467,1000,E, ,TALBOT ST,201435083,30/04/2014,Wed,2000,EC,CW1,912,W,M,D,DN,F , ,N,C,100,0,0,0,,,1290454,4889121
Gore District,SH 90,, ,I,1S/842/11.513,201418663,14/12/2014,Sun,1543,DB,400,111A 131A ,FIT,S,D,BF,F ,T,G,R,100,0,0,6,,,1290409,4889120
Gore District,1S/854/2.233,810,E, ,CAMBRIDGE TERRACE,201415610,17/07/2014,Thu,2135,DB,CN1,134A 135A 802 ,P,M,I,DN,F , ,N,C,100,0,0,1,,,1288649,4888145
Gore District,HAMILTON ST,, ,I,1S/854/3.488,201450097,19/12/2014,Fri,2209,FB,CE1C,512A ,,R,D,DO,F ,T,S,C,50,0,0,0,,,1287582,4887553
Gore District,1S/854/4.48,, ,I,NORFOLK ST,201436129,09/05/2014,Fri,1505,FB,CE1C,181A ,,R,W,O ,L ,R,G,C,50,0,0,0,,,1286849,4886996
Gore District,1S/854/4.677,5,E, ,MAIN ST,201436806,23/04/2014,Wed,1527,FB,CW1C,181A ,,R,D,O ,F ,R,G,R,50,0,0,0,,,1286671,4886971
Gore District,1S/858/0.282,20,S, ,MERSEY ST,201441635,07/08/2014,Thu,1037,MF,CN1C,371B ,,R,D,B ,LS, , ,N,50,0,0,0,,,1286535,4886708
Gore District,1S/858/0.479,80,S, ,CIVIC AVENUE,201445502,05/10/2014,Sun,204,MO,4S1C,371A 386A ,M,R,W,DO,FS, , ,R,50,0,0,0,,,1286464,4886529
Gore District,1S/858/0.796,, ,I,CROMBIE ST,201447850,11/11/2014,Tue,2230,HA,CS1C,302A 382A ,,R,D,DO,F ,R,G,R,50,0,0,0,,,1286331,4886241
Gore District,1S/858/0.816,, ,I,CROMBIE ST,201432308,01/02/2014,Sat,1145,HA,CN1C,302A ,,E,D,B ,F ,R,G,C,50,0,0,0,,,1286310,4886228
Gore District,1S/858/0.816,, ,I,CROMBIE ST,201437498,31/05/2014,Sat,1031,FA,CN1C,331A 363A 370A 191B 902 ,,S,D,B ,F ,R,G,R,50,0,0,0,,,1286310,4886228
Gore District,1S/858/3.493,500,S, ,RACECOURSE ROAD,201414855,23/07/2014,Wed,743,CB,CN1,504A ,T,R,W,ON,L , ,N,C,100,0,0,1,,,1285193,4883799
Gore District,1S/858/3.793,800,S, ,RACECOURSE ROAD,201449936,11/12/2014,Thu,1640,GC,CN1C,197A 303B 382B 927 ,,R,D,B ,F ,D,N,C,100,0,0,0,,,1285066,4883527
Gore District,1S/858/4.607,200,S, ,SALEYARD ROAD,201432611,20/03/2014,Thu,1255,AO,TS1O,129A 150A ,,R,D,B ,F , ,N,C,100,0,0,0,,,1284745,4882784
Gore District,1S/858/4.807,400,S, ,SALEYARD ROAD,201446124,18/10/2014,Sat,124,CC,CS1,103A 130A 402A 901 ,F,R,W,DN,H , , ,C,100,0,0,0,,,1284682,4882594
Gore District,1S/858/10.484,300,S, ,CARDIGAN BAY ROAD,201418223,17/07/2014,Thu,537,CC,CS1,103A 130A 802 ,T,R,I,DN,FF, , ,C,100,0,1,0,,,1282017,4877624
Gore District,1S/858/10.529,120,N, ,SELBOURNE ST,201439167,26/06/2014,Thu,740,EC,CN1,912,W,R,D,B ,F , ,N,C,100,0,0,0,,,1281990,4877583
Gore District,1S/858/11.233,50,S, ,DACRE ST,201413461,04/05/2014,Sun,1915,EC,BN1T,330A ,Q,R,W,DO,L , , ,C,70,0,4,7,,,1281606,4876992
Gore District,1S/858/11.938,, ,I,BANGOR ST,201446684,30/10/2014,Thu,1705,GD,4S1C,331A 352A ,,R,D,O ,F ,T,G,C,50,0,0,0,,,1281214,4876412
Gore District,1S/872/2.539,300,S, ,CRAIG ROAD,201444018,14/08/2014,Thu,1604,FD,CN14,181A ,,R,W,OF,H , ,N,C,100,0,0,0,,,1279025,4872630
Gore District,1S/872/3.939,1700,S, ,CRAIG ROAD,201431429,09/03/2014,Sun,729,CB,CN1,103A 410A ,,R,D,O ,F , ,N,C,100,0,0,0,,,1278308,4871427
Gore District,1S/872/5.513,770,S, ,GIBSON ROAD,201437499,25/05/2014,Sun,1727,CB,CS1,130A 504A 803 903 ,,R,I,TN,SS, , ,C,100,0,0,0,,,1277500,4870077
Gore District,90/35/12.72,80,W, ,SMAILLS ROAD,201443768,11/09/2014,Thu,1800,DA,VW1,425A ,C,M,D,B ,F , , ,C,100,0,0,0,,,1298431,4894448
Gore District,90/51/4.617,2100,S, ,WAIKAKA ROAD,201434912,24/03/2014,Mon,930,FD,CS1C,331A 378A 832 ,,M,W,ON,L , ,N,C,100,0,0,0,,,1291821,4892710
Gore District,93/16/2.031,50,E, ,SLOPEDOWN SCHOOL ROAD,201441637,07/08/2014,Thu,630,EC,TE1,912,W,R,W,DN,HS, , ,C,100,0,0,0,,,1304230,4875036
Gore District,93/16/5.431,970,N, ,ELLIOTT ROAD,201415425,30/08/2014,Sat,1020,DA,CE1,131A 134A 402A 692A 904 ,,M,W,O ,M , , ,C,100,0,0,1,,,1301044,4876068
Gore District,93/16/8.846,130,E, ,ISLA ROAD,201449707,16/11/2014,Sun,814,DB,CE1,101A 110A ,,E,W,O ,H , ,N,L,100,0,0,0,,,1297662,4875950
Gore District,93/16/8.976,, ,I,KAIWERA ROAD,201436807,22/04/2014,Tue,1500,GD,CW1C,333A ,,R,D,O ,F ,X,S,C,100,0,0,0,,,1297541,4875996
Gore District,93/16/9.976,1000,W, ,ISLA ROAD,201432101,11/03/2014,Tue,1720,CB,CE1,129A 410A ,C,R,D,B ,F , ,N,N,100,0,0,0,,,1296549,4876017
Gore District,93/31/1,1000,W, ,WAIKANA ROAD,201445441,24/09/2014,Wed,2030,EC,CE1,195A 912 ,W,E,D,DN,F , , ,C,100,0,0,0,,,1290709,4877153
Gore District,93/31/3.387,150,W, ,BRISTOW ROAD,201416681,20/10/2014,Mon,1315,DA,CW1,129A 134A 801 ,F,E,W,O ,L , , ,C,100,0,0,1,,,1288373,4876868
Gore District,93/31/6.304,910,W, ,CAMERON ROAD,201415270,15/06/2014,Sun,840,DB,CW1,111A 131A ,F,M,W,ON,M , ,N,C,100,0,0,2,,,1285622,4877429
Gore District,93/31/6.644,2690,E, ,RIVER ROAD,201439823,30/06/2014,Mon,800,EC,VW1,912,W,M,D,DN,F , , ,C,100,0,0,0,,,1285285,4877444
Gore District,93/31/6.914,2420,E, ,RIVER ROAD,201418231,27/12/2014,Sat,1652,DA,CW1,111A 131A 800 ,C,M,W,B ,L , , ,C,100,0,0,1,,,1285059,4877578
Gore District,93/31/7.104,2230,E, ,RIVER ROAD,201411971,13/02/2014,Thu,1450,DA,VN1,111A 131A ,E,M,W,ON,L , ,N,C,100,0,1,0,,,1284918,4877706
Gore District,93/31/11.139,200,E, ,DOCTORS ROAD,201444062,05/06/2014,Thu,1150,DA,CN1,129A ,B,E,D,OF,F , ,N,C,50,0,0,0,,,1281434,4876328
Gore District,94/0/0.028,20,N, ,MEDWAY ST,201439904,21/05/2014,Wed,1445,FD,CS1C,331A 353A ,,R,W,OF,L , ,N,P,50,0,0,0,,,1286640,4887003
Gore District,94/0/0.187,60,N, ,IRWELL ST,201417498,15/11/2014,Sat,2130,ME,CS14,371B ,,R,D,TO,F , ,N,C,50,0,0,1,,,1286597,4887156
Gore District,94/0/0.282,30,N, ,TRAFORD ST,201418865,08/12/2014,Mon,1655,MD,4N1C,308B 929 ,,R,D,OF,F ,D,N,C,50,0,1,3,,,1286580,4887248