TLANAME,CRASHROAD,CRASHDIST,CRASHDIRN,INTSN,SIDEROAD,CRASHID,CRASHDATE,CRASHDOW,CRASHTIME,MVMT,VEHICLES,CAUSES,OBJECTSSTRUCK,ROADCURVE,ROADWET,LIGHT,WTHRa,JUNCTYPE,TRAFCTRL,ROADMARK,SPDLIM,CRASHFATALCNT,CRASHSEVCNT,CRASHMINCNT,PERSAGE1,PERSAGE2,EASTING,NORTHING
Gore District,94/0/0.734,, ,I,HOWARD ST,201444063,26/07/2014,Sat,1110,KB,CS1C,302B 375B ,,R,W,OF,H ,T,G,C,50,0,0,0,,,1286497,4887690
Gore District,94/0/1.175,, ,I,NORTON ST,201410140,07/01/2014,Tue,1242,JA,CN1C,197A 302B 375B 402B 901 ,,R,W,O ,H ,T,G,C,50,0,0,1,,,1286461,4888125
Gore District,94/0/1.901,, ,I,WAIMEA ST,201416173,06/10/2014,Mon,1120,GD,VS1C,112A 378A 404A 801 832 ,,R,W,O ,L ,T,G,C,100,0,0,3,,,1285961,4888612
Gore District,WAIMEA ST,, ,I,94/0/1.901,201439141,16/06/2014,Mon,1730,GF,CE1C,150A 381A ,,R,D,B ,F ,T,G,C,100,0,0,0,,,1285961,4888612
Gore District,94/0/6.841,, ,I,MONAGHAN ROAD,201400118,17/05/2014,Sat,2040,NA,VN1E,194A 105B 711B 712B ,,R,D,DN,F ,T,G,C,100,1,0,0,18,,1283271,4892619
Gore District,94/0/7.341,500,N, ,MONAGHAN ROAD,201410886,13/02/2014,Thu,1946,DB,CN1,103A 111A 131A 801 ,F,E,W,TN,L , , ,C,100,0,2,0,,,1283050,4893060
Gore District,94/0/9.941,3100,N, ,MONAGHAN ROAD,201446123,11/10/2014,Sat,2320,EC,CS1,801 912 ,W,R,W,DN,L , , ,C,100,0,0,0,,,1281157,4894777
Gore District,94/0/13.268,300,W, ,OTAMITA ROAD,201438429,14/03/2014,Fri,,CC,VW1,101A 110A 129A 134A ,T,R,D,DN,F , , ,C,100,0,0,0,,,1278384,4896334
Gore District,94/0/15.011,570,S, ,OTAMITA STM BR,201414853,06/07/2014,Sun,1810,CB,CS1,103A 129A ,FT,R,D,DN,F , ,N,C,100,0,0,2,,,1276914,4897155
Gore District,96/0/3.332,1000,W, ,TERRACE ROAD,201415754,30/08/2014,Sat,330,DB,4W1,103A 111A 131A ,F,M,D,DN,F , ,N,L,100,0,0,1,,,1276840,4875601
Gore District,96/0/4.504,400,E, ,MCGILL ROAD,201445941,15/10/2014,Wed,930,DB,CE1,131A 801 804 ,,M,W,O ,L , , ,C,100,0,0,0,,,1275867,4876031
Grey District,ALBERT ST,15,N, ,GUINNESS ST,201436241,06/02/2014,Thu,2003,EA,CS1C,129A ,M,R,D,B ,F , ,N,N,50,0,0,0,,,1452774,5298767
Grey District,ALEXANDER ST,10,W, ,THREADNEEDLE ST,201445181,02/10/2014,Thu,1800,EC,CN14,130A 359A 402A 801 ,M,R,W,O ,L ,T,G,C,50,0,0,0,,,1452873,5298268
Grey District,ARNOLD VALLEY ROAD,320,N, ,BROWNLEE DRIVE,201450794,28/12/2014,Sun,2215,DB,CN1,101A 131A ,S,E,W,DN,L , ,N,C,50,0,0,0,,,1475506,5285669
Grey District,ARNOLD VALLEY ROAD,2000,E, ,MAORI CREEK ROAD,201448786,28/11/2014,Fri,42,DA,CW1,410A ,C,M,W,DN,M , , ,C,100,0,0,0,,,1470360,5288495
Grey District,ARNOLD VALLEY ROAD,250,S, ,MAORI CREEK ROAD,201450927,22/11/2014,Sat,2330,DB,CS1,103A 111A 131A 801 ,,M,W,DN,L , , ,L,100,0,0,0,,,1468967,5288783
Grey District,BELL HILL ROAD,200,S, ,ROCHE CRK BR,201445182,29/09/2014,Mon,200,CB,CN1,130A 412A ,F,R,D,DN,F , , ,N,100,0,0,0,,,1485603,5288836
Grey District,BRIGHT ST,50,S, ,CARDWELL ST,201445282,11/10/2014,Sat,1445,EA,CS1C,129A 358A ,M,R,D,O ,F , , ,C,50,0,0,0,,,1452929,5299541
Grey District,BRIGHT ST,100,W, ,SH 6,201438548,16/03/2014,Sun,1800,AC,4W1C,184A 357A 184B 357B ,,E,D,B ,F , , ,L,50,0,0,0,,,1453260,5299258
Grey District,COWPER ST,, ,I,RALEIGH ST,201434125,15/04/2014,Tue,1455,HA,CN2C,301B 375B 901 ,,R,W,ON,H ,X,S,C,50,0,0,0,,,1451812,5297518
Grey District,GUINNESS ST,50,W, ,TAINUI ST,201446700,27/10/2014,Mon,1440,MO,VE1,386A ,H,R,D,B ,F , ,N,C,50,0,0,0,,,1452837,5298754
Grey District,HALL-JONES ST,170,S, ,CROMARTY ST,201438305,05/05/2014,Mon,755,BF,CW1C,130A 359A 197B 801 ,,M,W,O ,L , , ,N,50,0,0,0,,,1456358,5304816
Grey District,HALL-JONES ST,, ,I,CROMARTY ST,201437983,23/05/2014,Fri,1350,DB,40,130A 504A ,F,E,W,O ,F ,T,N,C,50,0,0,0,,,1456506,5304896
Grey District,JOYCE CRESCENT,20,E, ,MILTON ROAD,201442125,22/08/2014,Fri,1505,EE,CW1C,374B ,M,R,D,B ,F , , ,C,50,0,0,0,,,1451573,5296740
Grey District,LAKE BRUNNER ROAD,500,S, ,PUZZLE CRK BR,201446727,22/10/2014,Wed,1300,CC,CN1,129A 359A ,F,R,D,B ,F , ,N,N,100,0,0,0,,,1482538,5278121
Grey District,MACKAY ST,, ,I,BOUNDARY ST,201413629,12/03/2014,Wed,1200,HA,CS2P,302A 370A ,,R,D,O ,F ,R,G,R,50,0,1,0,,,1452586,5298866
Grey District,MACKAY ST,, ,I,TAINUI ST,201441622,09/08/2014,Sat,1330,HA,CS2C,301B ,,R,D,B ,F ,X,S,C,50,0,0,0,,,1452886,5298855
Grey District,MARLBOROUGH ST,, ,I,SHAKESPEARE ST,201443421,13/09/2014,Sat,1650,HA,CS1V,301A 321A 375A ,,R,W,O ,F ,X,S,C,50,0,0,0,,,1451758,5297147
Grey District,MARSDEN ROAD,50,W, ,ELIZABETH ST,201417597,25/10/2014,Sat,829,DB,CE1,103A 111A 131A ,FTX,M,D,BF,F , ,N,C,50,0,1,0,,,1452351,5296815
Grey District,MARSDEN ROAD,, ,I,NANCARROW ST,201413369,09/06/2014,Mon,1905,KB,SW1C,302B 375B ,,E,D,DO,F ,T,G,C,50,0,0,1,,43,1452431,5296798
Grey District,MAWHERA QUAY,, ,I,TAINUI ST,201445180,01/10/2014,Wed,1500,GD,400000000000000,181A 331A 352A 801 ,,R,W,O ,L ,T,G,C,50,0,0,0,,,1452885,5298934
Grey District,MAWHERA QUAY,, ,I,TAINUI ST,201415292,14/08/2014,Thu,1517,JA,CW1C,302B ,,R,D,BN,F ,T,G,C,50,0,0,1,,,1452885,5298934
Grey District,MAWHERA QUAY,, ,I,WAITE ST,201447668,21/10/2014,Tue,900,LB,VW1V,303B ,,R,W,OF,M ,T,G,C,50,0,0,0,,,1453047,5298940
Grey District,NEWCASTLE ST,, ,I,FOX ST,201412074,20/04/2014,Sun,1650,HA,CN24,302A 375A 402A ,,E,W,O ,L ,X,G,N,50,0,0,1,,,1452881,5299731
Grey District,PRESTON ROAD,110,N, ,RALEIGH ST,201450860,26/12/2014,Fri,1600,MO,4N1C,371A 929 ,M,R,D,BF,F ,D,N,C,50,0,0,0,,,1451466,5297963
Grey District,PRESTON ROAD,, ,I,STEER AVENUE,201432095,30/01/2014,Thu,1250,JA,CN1C,302B 378B ,,E,D,BF,F ,T,G,C,50,0,0,0,,,1451724,5298353
Grey District,PRESTON ROAD,50,N, ,SWIFT ST,201447937,20/11/2014,Thu,1620,FA,CS14,181A 357A 191B 357B ,,R,D,B ,F , , ,C,50,0,0,0,,,1451591,5298167
Grey District,SHAKESPEARE ST,, ,I,MARLBOROUGH ST,201442804,23/07/2014,Wed,1420,HA,CW1C,113B 301B ,,R,D,O ,F ,X,S,C,50,0,0,0,,,1451758,5297147
Grey District,SHAKESPEARE ST,, ,A,SAWYERS CRK BR,201440590,19/07/2014,Sat,1435,CB,VS1C4,129A 130A ,BM,R,D,B ,F , , ,C,50,0,0,0,,,1452412,5297616
Grey District,TAINUI ST,5,S, ,MACKAY ST,201411043,20/02/2014,Thu,850,NB,CS1K,376A 717B ,,R,D,B ,F ,X,S,X,50,0,0,1,19,,1452886,5298850
Grey District,TAINUI ST,, ,I,MACKAY ST,201434082,02/04/2014,Wed,1718,HA,CE24,301A 375A ,,R,D,O ,F ,X,S,C,50,0,0,0,,,1452886,5298855
Grey District,TAYLORVILLE BLACKBALL ROA,3720,N, ,TAYLORVILLE ROAD,201413781,05/05/2014,Mon,940,DA,4S1,111A 131A ,F,M,W,ON,L , ,N,C,100,0,0,1,,,1466807,5302590
Grey District,TAYLORVILLE ROAD,600,S, ,COUNTY ST,201438307,09/05/2014,Fri,1715,CB,CS1,130A 412A ,F,R,W,TN,F , , ,C,100,0,0,0,,,1460598,5299246
Grey District,TAYLORVILLE ROAD,500,E, ,SEWELL PEAK ROAD,201448789,10/10/2014,Fri,2300,DB,CE1,111A 131A ,V,M,D,DN,F , , ,C,100,0,0,0,,,1459373,5298961
Grey District,TAYLORVILLE ROAD,650,W, ,SULKY CRK BR,201437706,22/05/2014,Thu,2215,EC,CN1,912,W,E,W,DN,L , ,N,C,100,0,0,0,,,1459538,5298965
Grey District,WINNIE ST,, ,I,LYDIA ST,201413891,23/06/2014,Mon,1855,KA,SN14,302B 375B ,,R,D,DO,F ,T,G,C,50,0,1,0,,18,1452486,5297446
Grey District,6/388/1.267,90,S, ,MCMILLAN ROAD,201418848,28/10/2014,Tue,2012,DB,CN1,131A ,C,M,W,TN,L , ,N,C,100,0,0,2,,,1462029,5334387
Grey District,6/403/1.729,500,N, ,GOLDEN SANDS ROAD,201444095,12/07/2014,Sat,1830,CB,CN1,129A 134A 358A ,V,R,W,DN,L , ,N,C,100,0,0,0,,,1460553,5318955
Grey District,6/403/4.919,2690,S, ,GOLDEN SANDS ROAD,201446725,30/10/2014,Thu,800,DB,CS1,111A 131A ,TX,M,W,O ,F , ,N,C,100,0,0,0,,,1458959,5316423
Grey District,6/403/7.068,330,S, ,THIRTEEN MILE CRK BR,201446980,25/09/2014,Thu,835,DA,CS1,131A 410A ,,M,D,ON,F , ,N,C,100,0,0,0,,,1458481,5314374
Grey District,6/403/7.55,60,S, ,KARAROA CRK CV,201411044,17/02/2014,Mon,1830,JA,MS1C,130A 197A 308B 378B 926 ,,M,D,O ,F ,D, ,C,100,0,1,0,,,1458288,5313941
Grey District,6/403/10.132,800,N, ,COBDEN BRIDGE N,201443449,12/08/2014,Tue,2105,DA,CE1,110A 601A ,T,E,W,DN,F , ,N,C,100,0,0,0,,,1456966,5311836
Grey District,6/416/2.153,800,N, ,HOLLAND ST,201413272,12/06/2014,Thu,800,CB,TN1,104A 350A ,C,R,D,B ,F , ,N,P,100,0,0,1,,,1455622,5308202
Grey District,6/416/3.77,280,S, ,COATES TERRACE,201413993,04/07/2014,Fri,2000,DB,CN1,137A 195A ,,M,W,DN,F , ,N,C,100,0,0,2,,,1455417,5306771
Grey District,6/416/5.152,, ,A,DUNOLLIE RAIL XING,201417326,20/11/2014,Thu,1000,QC,CS1,350A 801 ,N,M,W,O ,L , ,G,C,60,0,0,1,,,1455905,5305481
Grey District,6/416/9.461,500,N, ,MCLEANS PIT ROAD,201449265,19/12/2014,Fri,1430,AC,4S1V,159A 357A ,,R,D,B ,F , , ,C,100,0,0,0,,,1455504,5301422
Grey District,6/416/12.181,2220,S, ,MCLEANS PIT ROAD,201416032,23/08/2014,Sat,523,DB,TN1,131A 410A ,V,M,D,DN,F , ,N,C,100,0,1,0,,,1454387,5299476
Grey District,BRIGHT ST,, ,I,6/416/13.292,201413387,05/06/2014,Thu,1730,GD,4E1C,112A 181A 331A 387A 800 ,,R,W,TO,F ,T,G,L,50,0,0,1,,,1453355,5299228
Grey District,6/416/13.568,80,N, ,SMITH ST,201439467,03/07/2014,Thu,700,CB,4N1,134A 135A 802 905 ,G,R,I,DO,SF, ,N,C,50,0,0,0,,,1453382,5298955
Grey District,6/430/0.327,30,W, ,WHALL ST,201435054,20/03/2014,Thu,1135,AO,CW1C,150A 381A ,,M,D,O ,F ,T,N,C,50,0,0,0,,,1453074,5298779
Grey District,6/430/0.387,, ,I,WILLIS ST,201414471,17/06/2014,Tue,1010,GD,CW1C,181A 922 ,,M,W,OF,H ,D,N,L,50,0,0,1,,,1453018,5298757
Grey District,6/430/0.387,, ,I,WILLIS ST,201447921,10/11/2014,Mon,1400,GD,CE1C,333A 350A ,,E,D,O ,F ,T,S,C,50,0,0,0,,,1453018,5298757
Grey District,6/430/0.537,, ,I,SH 6 WHALL,201448824,06/12/2014,Sat,1240,LB,CN14,302A 387A 801 ,,E,W,O ,L ,R,G,R,50,0,0,0,,,1452888,5298703
Grey District,TAINUI ST,, ,I,6/430/0.537,201448787,06/12/2014,Sat,1020,LB,CN1C,302A ,,M,W,O ,F ,R,G,R,50,0,0,0,,,1452888,5298703
Grey District,6/430/0.574,, ,I,CHAPEL ST,201445194,02/10/2014,Thu,1410,GC,4N1C,330B 357B 372B 801 ,,E,W,O ,L ,R,S,R,50,0,0,0,,,1452873,5298660
Grey District,LORD ST,, ,I,6/430/0.582,201430477,25/01/2014,Sat,1530,CA,CE1S,204B ,,R,D,B ,F ,X,S,N,50,0,0,0,,,1452863,5298666
Grey District,6/430/0.642,60,S, ,LORD ST,201445179,22/09/2014,Mon,1550,MO,CS1C,400A 423A ,CM,R,D,B ,F , , ,R,50,0,0,0,,,1452837,5298611
Grey District,6/430/0.677,, ,I,GROGAN LANE,201416495,13/10/2014,Mon,1445,BB,SE2C,124A 205A ,,R,D,B ,F ,T,N,R,50,0,1,0,,59,1452822,5298580
Grey District,6/430/1.056,, ,I,MURRAY ST,201417862,20/11/2014,Thu,1605,JA,MN14,301B 377B ,,R,D,B ,F ,X,S,C,50,0,0,1,,,1452661,5298237
Grey District,6/430/1.149,10,S, ,ODONNELL ST,201434417,18/04/2014,Fri,1154,GA,4S14,333A 922 ,,R,D,O ,F ,D,G,R,50,0,0,0,,,1452628,5298140
Grey District,FRANKLIN ST,, ,I,HIGH ST,201449036,28/11/2014,Fri,2145,DB,CS2C,111A 131A 514A ,M,M,W,DO,F ,T,G,C,50,0,0,0,,,1452301,5297718
Grey District,6/430/1.702,, ,I,FRANKLIN ST,201410363,13/01/2014,Mon,2014,HA,SS14,302B 377B ,,R,D,BF,F ,X,G,C,50,0,1,0,,60,1452301,5297718
Grey District,6/430/2.476,, ,I,MARLBOROUGH ST,201450796,31/12/2014,Wed,1101,HA,VE2C,301A 375A ,,R,W,OF,L ,X,S,C,50,0,0,0,,,1451673,5297265
Grey District,6/430/2.526,50,W, ,MARLBOROUGH ST,201445152,07/10/2014,Tue,1100,EE,TS1C,129A 374B ,M,R,D,O ,F , , ,C,50,0,0,0,,,1451633,5297236
Grey District,6/430/2.56,80,S, ,MARLBOROUGH ST,201417325,21/11/2014,Fri,1600,EA,VN1C,129A 352A 901 ,GMP,R,W,O ,H , , ,C,50,0,0,1,,,1451608,5297218
Grey District,6/430/2.56,80,W, ,MARLBOROUGH ST,201450566,24/12/2014,Wed,1505,JA,CE1C,308B 375B 922 ,,R,D,B ,F ,D, ,L,50,0,0,0,,,1451608,5297218
Grey District,6/430/2.713,240,N, ,SHAKESPEARE ST,201400016,24/01/2014,Fri,2300,DB,CS1,103A 111A 131A 402A ,H,E,D,DO,F , ,N,C,50,1,2,0,,,1451493,5297116
Grey District,6/430/3.016,5,N, ,NELSON ST,201438546,25/06/2014,Wed,1220,FC,VN1V,135A 181A 191A 806 901 ,,R,W,O ,H ,X,G,X,50,0,0,0,,,1451361,5296848
Grey District,6/430/3.021,, ,I,NELSON ST,201431448,11/02/2014,Tue,1712,FC,TN1V,352A ,,R,D,BF,F ,X,G,R,50,0,0,0,,,1451359,5296843
Grey District,6/430/3.138,100,N, ,CHESTERFIELD ST,201413367,02/06/2014,Mon,1445,MC,CS1C,363B 372B 902 ,,R,D,B ,F , , ,L,50,0,0,1,,,1451307,5296734
Grey District,6/430/3.298,60,S, ,CHESTERFIELD ST,201443831,31/07/2014,Thu,1225,MC,CS1C,372B 375B ,,R,W,OF,F , ,N,C,50,0,0,0,,,1451238,5296590
Grey District,6/430/4.34,, ,I,STANTON CRESCENT,201437709,30/05/2014,Fri,445,DA,CS1,131A 412A ,T,E,W,DO,L ,T,N,C,70,0,0,0,,,1450849,5295624
Grey District,6/430/5.257,, ,I,HEWLETT ROAD,201413780,15/04/2014,Tue,1607,GD,CS1V,331A ,,R,W,OF,H ,X,S,C,70,0,0,2,,,1450598,5294745
Grey District,6/430/5.414,15,N, ,JAMIESON ROAD,201432099,28/01/2014,Tue,1135,MA,CN1C,373B ,,E,D,OF,F , ,N,C,70,0,0,0,,,1450558,5294596
Grey District,6/430/6.821,100,S, ,CLOUGH ROAD,201413368,07/06/2014,Sat,1405,CB,CS1,130A 433A 801 ,C,R,W,O ,L , , ,N,80,0,0,1,,,1449986,5293337
Grey District,6/430/8.074,420,N, ,RUTHERGLEN ROAD,201447940,17/11/2014,Mon,2045,CB,CS1,130A 801 ,V,R,W,O ,L , , ,C,80,0,0,0,,,1449610,5292144
Grey District,6/430/8.468,30,N, ,RUTHERGLEN ROAD,201414651,18/07/2014,Fri,2310,CB,CN1,103A 108A 359A ,S,R,D,DO,F , , ,C,80,0,0,1,,,1449489,5291773
Grey District,6/430/8.503,, ,A,SALTWATER CRK BR,201448788,01/12/2014,Mon,1245,DA,VN1,129A 131A 352A ,K,E,D,B ,F , ,G,N,80,0,0,0,,,1449477,5291740
Grey District,6/430/13.513,100,S, ,PANDORA AVENUE,201450795,03/12/2014,Wed,1600,CB,VS1,412A ,X,R,D,ON,L , ,N,C,100,0,0,0,,,1447484,5287224
Grey District,6/430/14.373,960,S, ,PANDORA AVENUE,201449765,04/12/2014,Thu,1120,DA,MS1,110A 130A 840 ,,E,W,O ,L , ,N,P,80,0,0,0,,,1447565,5286473
Grey District,6/430/14.512,30,N, ,TARAMAKAU RIV BR,201412310,12/02/2014,Wed,1202,DA,MS1,131A 402A 800 801 ,,E,W,O ,L , ,G,N,100,0,0,2,,,1447653,5286371
Grey District,6/430/14.542,, ,A,TARAMAKAU RIV BR,201416389,26/10/2014,Sun,1030,CB,MN1,129A 330A ,,R,W,O ,F , ,N,N,100,0,0,1,,,1447667,5286344
Grey District,6/430/14.542,, ,A,TARAMAKAU RIV BR,201410105,13/01/2014,Mon,1250,CA,MN1,130A 800 ,,R,W,O ,L , , ,N,100,0,0,1,,,1447667,5286344
Grey District,6/430/14.542,, ,A,TARAMAKAU RIV BR,201410027,26/01/2014,Sun,1505,CA,MN1,135A 800 ,B,R,W,O ,L ,T,G,N,100,0,1,0,,,1447667,5286344
Grey District,6/430/14.542,, ,A,TARAMAKAU RIV BR,201410104,07/01/2014,Tue,1221,DA,MS1,130A 800 ,,E,W,O ,L , , ,N,100,0,0,1,,,1447667,5286344
Grey District,6/430/14.542,, ,A,TARAMAKAU RIV BR,201418430,19/11/2014,Wed,1100,CA,MN1,135A 800 801 812 ,,R,W,O ,L , ,G,N,100,0,0,2,,,1447667,5286344
Grey District,6/430/14.592,, ,A,TARAMAKAU RIV BR,201410103,07/01/2014,Tue,1254,DA,MS1,131A 191A 800 ,,E,W,O ,L , , ,N,100,0,0,1,,,1447690,5286299
Grey District,7/224/3.175,, ,A,TOTARA FLAT RAIL XING,201414464,02/07/2014,Wed,2137,QC,CS1,103A 326A ,N,E,D,DN,F , ,T,L,100,0,1,0,,,1487512,5316564
Grey District,7/224/10.931,500,N, ,CARTERS ROAD,201412315,31/01/2014,Fri,1800,CC,4S1,410A ,FV,R,D,B ,F , , ,C,100,0,0,1,,,1482716,5311880
Grey District,7/239/0.052,, ,A,AHAURA RIV BR,201432273,18/01/2014,Sat,1615,FA,MN1M,130A 353A ,,M,D,BN,F , ,G,C,100,0,0,0,,,1479532,5310258
Grey District,7/255/3.19,50,W, ,ARNOLD RIV BR,201416903,25/08/2014,Mon,727,DA,CW1,129A 504A ,F,E,D,ON,F , ,N,C,100,0,0,1,,,1465198,5300205
Grey District,7/255/3.866,, ,I,TAYLORVILLE ROAD,201446397,27/09/2014,Sat,1224,FB,CS24,181A ,,R,W,ON,L ,T,S,C,100,0,0,0,,,1464550,5300288
Grey District,7/255/7.671,1000,N, ,MAORI ST,201450797,28/12/2014,Sun,53,DB,CN1,131A ,GV,M,W,DN,H , ,N,C,100,0,0,0,,,1461800,5299781
Grey District,7/255/8.291,380,N, ,MAORI ST,201448794,28/11/2014,Fri,830,DB,CS1,131A 195A 402A ,C,M,W,O ,H , , ,C,100,0,0,0,,,1461436,5299302
Grey District,7/255/13.887,, ,I,GOLF LINKS ROAD,201411041,28/02/2014,Fri,1600,KB,CW1CC,130A 197A 407A 302B 353B ,,R,D,O ,F ,T,G,C,70,0,0,2,,,1456435,5297056
Grey District,7/255/13.907,20,W, ,GOLF LINKS ROAD,201445283,13/10/2014,Mon,330,EC,CE1,912,W,R,D,DO,F , , ,C,70,0,0,0,,,1456415,5297057
Grey District,7/255/14.525,40,E, ,OMOTO ROAD,201443423,18/09/2014,Thu,1511,CB,CE1,129A 650A ,C,R,W,O ,F , ,N,C,50,0,0,0,,,1455799,5297070
Grey District,7/255/15.41,800,W, ,OMOTO VALLEY ROAD,201417327,23/11/2014,Sun,525,DA,CN1,103A 131A 412A ,,E,W,TO,L , , ,C,80,0,0,1,,,1455227,5297556
Grey District,7/255/16.17,1590,E, ,MAWHERA QUAY,201410367,11/01/2014,Sat,1130,FD,CE1V,181A ,,E,D,BN,F , ,N,C,80,0,1,0,,,1454633,5297979
Grey District,7/255/16.952,950,E, ,SH 6,201438303,04/05/2014,Sun,1700,DB,CW1,131A 412A 812 ,G,M,D,TF,F , , ,C,80,0,0,0,,,1454158,5298578
Grey District,7/255/17.502,400,E, ,SH 6,201433293,04/01/2014,Sat,1835,QG,4W1C,682A ,,E,D,BF,F , ,N,C,80,0,0,0,,,1453715,5298888
Grey District,MAWHERA QUAY,, ,I,7/255/17.76,201416720,20/10/2014,Mon,1800,HA,CN2V,302A ,,R,W,O ,L ,X,G,R,50,0,0,1,,,1453468,5298947
Hamilton City,ABBOTSFORD ST,, ,I,ULSTER ST,201432223,12/02/2014,Wed,815,FB,CS1C,181A 331A 387A ,,R,D,B ,F ,X,G,R,60,0,0,0,,,1799947,5816442
Hamilton City,ABBOTSFORD ST,, ,I,WILLOUGHBY ST,201417297,28/10/2014,Tue,1140,HA,CS2V,301B 330B 375B ,,R,D,B ,F ,X,S,C,50,0,0,1,,,1799838,5816219
Hamilton City,ABBOTSFORD ST,, ,I,WILLOUGHBY ST,201441715,29/07/2014,Tue,1048,HA,CS2C,301B 370B ,,R,D,B ,F ,X,S,R,50,0,0,0,,,1799838,5816219
Hamilton City,ABERDEEN DRIVE,, ,I,COLQUHOUN PLACE,201439811,29/04/2014,Tue,1931,DA,CW1,111A 131A 402A 433A ,F,E,D,DO,F ,T,G,C,50,0,0,0,,,1797116,5815172
Hamilton City,ANGLESEA ST,80,N, ,BRIDGE ST,201443261,01/08/2014,Fri,926,AA,CN1C,177A 372A ,,R,D,O ,F , , ,P,50,0,0,0,,,1801191,5814681
Hamilton City,ANGLESEA ST,, ,I,BRIDGE ST,201410211,07/01/2014,Tue,1723,HA,SN1C,387A 302B 375B ,,M,D,B ,F ,R,G,C,50,0,1,0,,37,1801262,5814583
Hamilton City,ANGLESEA ST,, ,I,BRIDGE ST,201438060,06/06/2014,Fri,1204,KB,CN1C,386B ,,M,D,B ,F ,R,G,C,50,0,0,0,,,1801262,5814583
Hamilton City,ANGLESEA ST,, ,I,BRIDGE ST,201431147,12/02/2014,Wed,1914,GO,CS1C,171A 201A ,,E,D,B ,F ,R,G,C,50,0,0,0,,,1801262,5814583
Hamilton City,ANGLESEA ST,, ,I,BRIDGE ST,201440191,06/06/2014,Fri,1645,AA,BE1C,372A ,,R,D,B ,F ,R,G,R,50,0,0,0,,,1801250,5814580
Hamilton City,ANGLESEA ST,, ,I,BRIDGE ST,201433141,25/03/2014,Tue,1640,FB,CN1C,181A ,,S,D,B ,F ,R,G,R,50,0,0,0,,,1801264,5814579
Hamilton City,ANGLESEA ST,, ,I,BRIDGE ST,201434315,31/03/2014,Mon,1055,AC,CW2C,372A ,,E,D,B ,F ,R,G,R,50,0,0,0,,,1801269,5814596
Hamilton City,ANGLESEA ST,, ,I,BRIDGE ST,201441576,07/08/2014,Thu,1430,AA,CE1C,372A ,,E,D,O ,F ,R,G,R,50,0,0,0,,,1801250,5814580
Hamilton City,ANGLESEA ST,20,N, ,BRYCE ST,201440365,03/07/2014,Thu,1105,AA,VN1V,353A 372A 197B ,,R,D,B ,F , , ,R,50,0,0,0,,,1800640,5815467
Hamilton City,ANGLESEA ST,30,S, ,BRYCE ST,201431023,07/02/2014,Fri,1230,MO,VW1C,371A 386A ,M,E,D,B ,F , ,N,C,50,0,0,0,,,1800668,5815426
Hamilton City,ANGLESEA ST,, ,I,BRYCE ST,201442263,12/08/2014,Tue,1800,LB,VS1C,303B ,,R,W,DO,F ,X,T,R,50,0,0,0,,,1800651,5815451
Hamilton City,ANGLESEA ST,, ,I,BRYCE ST,201444597,01/07/2014,Tue,845,GF,TS2C,172A 330A 904 ,,M,W,O ,M ,X,T,R,50,0,0,0,,,1800651,5815451
Hamilton City,ANGLESEA ST,, ,I,BRYCE ST,201410312,04/01/2014,Sat,2144,LB,CE1C,303B ,,R,D,DO,F ,X,T,R,60,0,0,1,,,1800651,5815451
Hamilton City,ANGLESEA ST,, ,I,BRYCE ST,201410210,08/01/2014,Wed,1727,LB,CS1C,303B 375B ,,R,D,B ,F ,X,T,R,50,0,0,1,,,1800651,5815451
Hamilton City,ANGLESEA ST,, ,I,BRYCE ST,201418596,01/12/2014,Mon,912,ND,BW2E,713B 718B ,,M,D,OF,F ,X,T,R,50,0,1,0,60,,1800651,5815451
Hamilton City,ANGLESEA ST,20,S, ,CARO ST,201437390,27/05/2014,Tue,815,AC,CN1V,372A ,,R,D,BF,M , ,N,C,50,0,0,0,,,1800849,5815160
Hamilton City,ANGLESEA ST,50,N, ,CLARENCE ST,201432669,22/03/2014,Sat,1240,KB,VS1C,308B 375B 922 ,,R,D,B ,F ,D,N,C,50,0,0,0,,,1801179,5814697
Hamilton City,ANGLESEA ST,, ,I,COBHAM DRIVE,201443936,04/09/2014,Thu,1525,FB,CE2C,181A ,,E,D,BF,F ,R,G,R,50,0,0,0,,,1801227,5814590
Hamilton City,ANGLESEA ST,, ,I,COBHAM DRIVE,201431480,24/02/2014,Mon,,GB,4E2C,375B ,,M,D,BF,F ,R,G,C,50,0,0,0,,,1801231,5814593
Hamilton City,ANGLESEA ST,, ,I,COBHAM DRIVE,201445324,17/09/2014,Wed,1200,KB,CN2X,302A 375A ,,M,D,B ,F ,R,G,R,50,0,0,0,,,1801231,5814593
Hamilton City,ANGLESEA ST,, ,I,COBHAM DRIVE,201450096,27/11/2014,Thu,1330,LB,CE2C,302A 375A ,,E,D,B ,F ,R,G,C,50,0,0,0,,,1801231,5814593
Hamilton City,ANGLESEA ST,20,N, ,COLLINGWOOD ST,201449408,25/11/2014,Tue,1605,FD,CN1C,181A ,,R,D,B ,F , , ,C,50,0,0,0,,,1800896,5815094