TLANAME,CRASHROAD,CRASHDIST,CRASHDIRN,INTSN,SIDEROAD,CRASHID,CRASHDATE,CRASHDOW,CRASHTIME,MVMT,VEHICLES,CAUSES,OBJECTSSTRUCK,ROADCURVE,ROADWET,LIGHT,WTHRa,JUNCTYPE,TRAFCTRL,ROADMARK,SPDLIM,CRASHFATALCNT,CRASHSEVCNT,CRASHMINCNT,PERSAGE1,PERSAGE2,EASTING,NORTHING
Hamilton City,ANGLESEA ST,, ,I,COLLINGWOOD ST,201436485,27/04/2014,Sun,1300,AC,CN1C,372A ,,R,D,OF,F ,X,T,C,50,0,0,0,,,1800907,5815078
Hamilton City,ANGLESEA ST,, ,I,COLLINGWOOD ST,201412638,07/04/2014,Mon,830,FE,CN1C,113A ,,R,D,BF,F ,X,T,C,50,0,0,2,,,1800907,5815078
Hamilton City,ANGLESEA ST,, ,I,COLLINGWOOD ST,201437947,06/06/2014,Fri,1220,HA,CN1C,322A 334A ,,R,D,B ,F ,X,T,C,50,0,0,0,,,1800907,5815078
Hamilton City,ANGLESEA ST,20,S, ,KNOX ST,201449299,15/12/2014,Mon,1258,MC,4N1C,372B 671B ,,R,D,B ,F , , ,C,50,0,0,0,,,1801124,5814774
Hamilton City,ANGLESEA ST,50,S, ,KNOX ST,201434314,05/04/2014,Sat,1010,GD,CN1C,331A 922 ,,R,D,O ,F ,D,N,C,50,0,0,0,,,1801142,5814750
Hamilton City,ANGLESEA ST,100,S, ,LONDON ST,201434889,30/03/2014,Sun,1152,MC,CN1C,372B ,,R,D,BF,F , ,N,C,50,0,0,0,,,1800572,5815567
Hamilton City,ANGLESEA ST,, ,I,PALMERSTON ST,201450551,04/12/2014,Thu,1245,JC,TE2C,304A 330A ,,E,D,B ,F ,T,G,C,50,0,0,0,,,1801356,5814451
Hamilton City,ANGLESEA ST,50,S, ,ROSTREVOR ST,201441629,26/06/2014,Thu,1220,JA,BN1C,308B 378B 929 ,,R,D,B ,F ,D,N,C,50,0,0,0,,,1800406,5815807
Hamilton City,ANGLESEA ST,, ,I,ROSTREVOR ST,201412016,28/03/2014,Fri,1750,HA,CW2C,332A 351A ,,R,D,B ,F ,X,T,P,50,0,0,1,,,1800377,5815848
Hamilton City,ANGLESEA ST,, ,I,ROSTREVOR ST,201449960,05/12/2014,Fri,1822,HA,CE2C,334A 334B ,,R,D,O ,F ,X,T,P,50,0,0,0,,,1800377,5815848
Hamilton City,ANGLESEA ST,, ,I,ROSTREVOR ST,201449405,26/11/2014,Wed,1310,HA,CE2C,322B ,,R,D,B ,F ,X,T,C,50,0,0,0,,,1800377,5815848
Hamilton City,ANGLESEA ST,, ,I,ROSTREVOR ST,201436436,08/05/2014,Thu,616,FE,TS1C,112A 113A ,,R,W,DO,L ,X,T,C,50,0,0,0,,,1800377,5815848
Hamilton City,ANGLESEA ST,100,N, ,THACKERAY ST,201443636,23/07/2014,Wed,1638,MO,VN1C,691A 387B 925 ,,R,D,O ,F , , ,C,50,0,0,0,,,1800993,5814958
Hamilton City,ANGLESEA ST,, ,I,WARD ST,201450418,26/11/2014,Wed,1320,FE,4N1C,181A ,,R,D,OF,F ,X,T,C,50,0,0,0,,,1800722,5815349
Hamilton City,ARGYLE ST,15,N, ,WARR ST,201446241,22/09/2014,Mon,1530,FD,CN1V,181A ,,R,D,BF,F , ,N,C,50,0,0,0,,,1802023,5815808
Hamilton City,AURORA TERRACE,60,S, ,BRENNAN PLACE,201438084,24/05/2014,Sat,20,CB,CS1,103A 130A 402A ,T,R,W,DO,F , , ,N,50,0,0,0,,,1804248,5814709
Hamilton City,AVALON DRIVE,50,N, ,ATLANTIC ST,201438470,17/06/2014,Tue,1415,FD,CN1C,181A 801 ,,R,W,O ,L , , ,P,50,0,0,0,,,1797836,5816577
Hamilton City,AVALON DRIVE,10,S, ,DOMINION ROAD,201450507,04/11/2014,Tue,1250,FD,CN1C,181A ,,R,D,B ,F ,R,G,R,60,0,0,0,,,1797486,5817008
Hamilton City,AVALON DRIVE,70,S, ,DOMINION ROAD,201436448,01/05/2014,Thu,1808,FD,CN1CCC,331A 350A ,,R,D,DO,F , ,N,C,50,0,0,0,,,1797528,5816965
Hamilton City,AVALON DRIVE,, ,I,DOMINION ROAD,201445340,17/09/2014,Wed,812,KA,CW2C,302B 375B ,,E,W,O ,L ,R,G,R,50,0,0,0,,,1797479,5817015
Hamilton City,AVALON DRIVE,, ,I,DOMINION ROAD,201445256,30/09/2014,Tue,1119,KA,CN1C,302B 350B ,,M,D,O ,F ,R,G,R,50,0,0,0,,,1797479,5817015
Hamilton City,AVALON DRIVE,, ,I,DOMINION ROAD,201432738,22/01/2014,Wed,830,KB,CS1M,302A 375A ,,R,D,O ,F ,R,G,C,50,0,0,0,,,1797479,5817015
Hamilton City,AVALON DRIVE,, ,I,DOMINION ROAD,201410307,02/01/2014,Thu,1855,JA,SW1C,302B 375B ,,E,D,BF,F ,R,G,R,50,0,0,1,,23,1797479,5817015
Hamilton City,AVALON DRIVE,, ,I,ELLICOTT ROAD,201437387,24/05/2014,Sat,1030,FE,4S1C,181A ,,R,W,BF,F ,X,T,C,50,0,0,0,,,1798089,5816149
Hamilton City,AVALON DRIVE,10,W, ,FOREST LAKE ROAD,201447698,05/12/2014,Fri,1720,FE,CS1C,181A ,,R,D,BF,F ,X,T,C,50,0,0,0,,,1798083,5816157
Hamilton City,AVALON DRIVE,, ,I,FOREST LAKE ROAD,201447339,18/10/2014,Sat,750,LB,4S1C,323B 334B ,,E,D,B ,F ,X,T,C,50,0,0,0,,,1798089,5816149
Hamilton City,AVALON DRIVE,, ,I,GRANDVIEW ROAD,201430387,15/01/2014,Wed,2315,LB,TN1C,302A 375A ,,R,D,DO,F ,R,G,C,50,0,0,0,,,1797756,5816729
Hamilton City,AVALON DRIVE,, ,I,GRANDVIEW ROAD,201434623,17/04/2014,Thu,2340,DB,VS1,135A 801 901 ,,R,W,DO,H ,R,G,R,50,0,0,0,,,1797756,5816729
Hamilton City,AVALON DRIVE,20,N, ,KARAKA ST,201443276,24/08/2014,Sun,300,CA,CS1,102A 112A 129A 130A ,GP,R,D,DO,F , , ,R,50,0,0,0,,,1797570,5816921
Hamilton City,AVALON DRIVE,30,N, ,KARAKA ST,201431149,19/02/2014,Wed,1950,CA,CS1,610A 650A ,IP,R,D,TF,F , ,N,R,50,0,0,0,,,1797563,5816928
Hamilton City,AVALON DRIVE,100,S, ,KARAKA ST,201441719,25/07/2014,Fri,755,FO,CN1T,385A 402A 818 870 ,M,R,D,B ,F , , ,R,50,0,0,0,,,1797653,5816835
Hamilton City,AVALON DRIVE,, ,I,LINCOLN ST,201440309,09/07/2014,Wed,1816,LB,CS1C,111B 303B 330B 903 ,,R,D,TO,FS,X,T,R,50,0,0,0,,,1798089,5816149
Hamilton City,AVALON DRIVE,, ,I,LIVINGSTONE AVENUE,201446640,23/10/2014,Thu,1202,FB,CN14C,181A 350A 181B ,,R,D,B ,F ,R,G,P,50,0,0,0,,,1797948,5816347
Hamilton City,AVALON DRIVE,10,S, ,ROTOKAURI ROAD,201438081,23/05/2014,Fri,1120,CB,PN1,132A 800 ,,R,W,O ,F ,T,G,C,50,0,0,0,,,1797324,5817255
Hamilton City,AVALON DRIVE,, ,I,ROTOKAURI ROAD,201446930,22/09/2014,Mon,1545,JC,CE24,302A 375A ,,R, , F,  ,T,G,C,50,0,0,0,,,1797321,5817265
Hamilton City,AVALON DRIVE,, ,I,ROTOKAURI ROAD,201449334,13/12/2014,Sat,2312,BC,CE2C,103A 122A 801 ,,E,W,DO,L ,T,G,P,50,0,0,0,,,1797321,5817265
Hamilton City,AVALON DRIVE,, ,I,ROTOKAURI ROAD,201450049,14/12/2014,Sun,1230,JA,CN1C,302B ,,R,W,O ,L ,T,G,C,50,0,0,0,,,1797321,5817265
Hamilton City,AVALON DRIVE,100,S, ,SH 1N,201417963,05/12/2014,Fri,917,BF,CN1CC,131A ,,E,D,B ,F , , ,R,80,0,0,2,,,1797315,5817287
Hamilton City,AVALON DRIVE,, ,I,SH 1N,201436844,03/06/2014,Tue,1745,FB,CN1C,181A 331A 353A ,,M,D,TO,F ,R,G,C,80,0,0,0,,,1797291,5817379
Hamilton City,AVALON DRIVE,10,S, ,SUNNYSIDE ROAD,201414991,10/06/2014,Tue,850,JA,CS1C,208B 927 ,,R,D,OF,F ,D,N,C,50,0,0,1,,,1797384,5817110
Hamilton City,BADER ST,, ,I,PINE AVENUE,201415166,02/08/2014,Sat,945,GA,CW1V,181A 330A 358A 801 ,,R,W,O ,L ,T,G,R,50,0,0,1,,,1801827,5812929
Hamilton City,BADER ST,100,E, ,SH3 OFF RAMP,201438993,02/06/2014,Mon,1400,ME,4W1V,371B ,,R,D,BF,F , ,N,P,50,0,0,0,,,1801360,5812981
Hamilton City,BANDON ST,100,E, ,SH 1N,201440077,01/07/2014,Tue,1600,JA,CE1C,308B 375B 927 ,,R,W,OF,F ,D,N,C,50,0,0,0,,,1799109,5814878
Hamilton City,BANKWOOD ROAD,10,S, ,AMETHYST PLACE,201450632,01/02/2014,Sat,339,CC,VN1,112A 514A ,F,R,D,DO,F ,T,G,C,50,0,0,0,,,1800557,5818668
Hamilton City,BANKWOOD ROAD,, ,I,CLARKIN ROAD,201441164,24/05/2014,Sat,1440,FB,CS1C,181A ,,R,D,BF,F ,T,G,C,50,0,0,0,,,1800676,5817798
Hamilton City,BANKWOOD ROAD,, ,I,COMRIES ROAD,201441567,26/07/2014,Sat,1050,HA,CN1CC,301B 375B ,,R,D,B ,F ,X,S,C,50,0,0,0,,,1800425,5819170
Hamilton City,BANKWOOD ROAD,, ,I,LAURENCE ST,201413386,30/05/2014,Fri,740,LB,SN1C,303B 375B ,,E,D,O ,F ,T,G,C,50,0,0,1,,17,1800388,5819252
Hamilton City,BANKWOOD ROAD,20,N, ,OPAL PLACE,201447350,08/11/2014,Sat,2014,EA,CN1C,103A 129A ,M,R,D,TF,F , ,N,C,50,0,0,0,,,1800558,5818421
Hamilton City,BEERESCOURT ROAD,, ,I,PORTAL CRESCENT,201441586,15/08/2014,Fri,10,DB,CN1,110A 131A ,T,M,W,DO,F ,T,N,C,50,0,0,0,,,1799157,5818190
Hamilton City,BETTINA ROAD,10,W, ,HEAPHY TERRACE,201450183,13/12/2014,Sat,1636,MO,CW1C,386A 402A ,M,R,D,O ,F ,X,G,R,50,0,0,0,,,1801107,5816966
Hamilton City,BORMAN ROAD,, ,I,RESOLUTION DRIVE,201415502,04/09/2014,Thu,1946,DA,VN2,111A 131A ,I,M,D,DO,F ,R,G,R,50,0,1,1,,,1798644,5822504
Hamilton City,BOUNDARY ROAD,20,S, ,BROOKLYN ROAD,201437636,16/05/2014,Fri,1645,JA,4E1C,308B 314B 353B 922 ,,R,D,B ,F ,D,N,C,50,0,0,0,,,1801969,5816927
Hamilton City,BOUNDARY ROAD,50,E, ,CASEY AVENUE,201441646,23/07/2014,Wed,846,FD,CW1C,181A ,,R,D,B ,F , , ,R,50,0,0,0,,,1800790,5816612
Hamilton City,BOUNDARY ROAD,, ,I,CASEY AVENUE,201413753,19/05/2014,Mon,1806,JA,MW1C,202B 375B ,,R,D,TO,F ,T,S,C,50,0,0,1,,,1800742,5816598
Hamilton City,BOUNDARY ROAD,200,E, ,HEAPHY TERRACE,201411668,13/03/2014,Thu,820,HO,CW1S,208A 377A 210B ,,R,D,BF,F , ,N,X,50,0,0,1,,14,1801419,5816777
Hamilton City,BOUNDARY ROAD,, ,I,HEAPHY TERRACE,201418821,30/12/2014,Tue,1854,NA,CE1E,112A 341A ,,R,D,BF,F ,R,G,C,50,0,1,0,68,,1801207,5816721
Hamilton City,BOUNDARY ROAD,, ,I,HEAPHY TERRACE,201415411,13/08/2014,Wed,750,HA,SN24,302A ,,R,W,B ,F ,R,G,R,50,0,0,1,,12,1801219,5816713
Hamilton City,BOUNDARY ROAD,, ,I,HEAPHY TERRACE,201410419,14/01/2014,Tue,1700,KA,SS2C,302B ,,M,D,B ,F ,R,G,P,50,0,0,1,,14,1801207,5816721
Hamilton City,BOUNDARY ROAD,, ,I,HEAPHY TERRACE,201444218,12/09/2014,Fri,820,AA,VW1C,372A ,,E,D,B ,F ,R,G,C,50,0,0,0,,,1801208,5816728
Hamilton City,BOUNDARY ROAD,, ,I,HEAPHY TERRACE,201436438,02/05/2014,Fri,2146,FB,CE1C,181A ,,R,D,DO,F ,R,G,R,50,0,0,0,,,1801203,5816720
Hamilton City,BOUNDARY ROAD,, ,I,MARNE ST,201440079,20/06/2014,Fri,2000,MC,CE14,372B ,,R,D,DO,F ,T,G,C,50,0,0,0,,,1801020,5816674
Hamilton City,BOUNDARY ROAD,15,E, ,OAKLEY AVENUE,201449388,08/11/2014,Sat,920,EA,TE1CC,129A 353A ,M,R,D,O ,F , , ,C,50,0,0,0,,,1800909,5816644
Hamilton City,BOUNDARY ROAD,20,E, ,OAKLEY AVENUE,201445305,20/02/2014,Thu,1230,MC,CE1C,372B ,,R,D,B ,F , , ,C,50,0,0,0,,,1800914,5816645
Hamilton City,BOUNDARY ROAD,40,W, ,OAKLEY AVENUE,201438062,14/05/2014,Wed,1930,FD,CE1CV,181A 181B ,,R,W,DO,F , , ,C,50,0,0,0,,,1800856,5816629
Hamilton City,BOUNDARY ROAD,10,W, ,PEACHGROVE ROAD,201441716,28/07/2014,Mon,854,NA,CE1E,370A 711B 712B ,,R,D,B ,F ,R,G,R,50,0,0,0,,,1801979,5816930
Hamilton City,BOUNDARY ROAD,100,W, ,PEACHGROVE ROAD,201431017,10/02/2014,Mon,1635,FA,CE1C,197A 191B ,,R,D,B ,F , ,N,C,50,0,0,0,,,1801892,5816906
Hamilton City,BOUNDARY ROAD,70,E, ,VICTORIA ST,201416033,09/09/2014,Tue,832,AO,TW1SC,150A 386A 386B ,,R,D,O ,F , ,N,C,50,0,1,0,,44,1800363,5816457
Hamilton City,BOUNDARY ROAD,, ,I,VICTORIA ST,201415402,12/07/2014,Sat,945,GA,CW1C,181A 331A 904 ,,R,W,O ,M ,X,T,N,50,0,0,1,,,1800299,5816430
Hamilton City,BOUNDARY ROAD,, ,I,VICTORIA ST,201434538,06/04/2014,Sun,930,AC,CW1C,372A ,,R,D,OF,F ,X,T,C,50,0,0,0,,,1800299,5816430
Hamilton City,BOUNDARY ROAD,, ,I,VICTORIA ST,201443850,01/09/2014,Mon,935,FE,TE1C,181A ,,R,W,OF,L ,X,T,R,50,0,0,0,,,1800299,5816430
Hamilton City,BRAID ROAD,20,W, ,SANDWICH ROAD,201438083,29/05/2014,Thu,925,MO,CW1,427A ,H,R,W,O ,F , , ,P,50,0,0,0,,,1799056,5818688
Hamilton City,BRECKONS AVENUE,60,E, ,CHRISTINE LANE,201431021,08/02/2014,Sat,2100,MO,VN1C,371A 386A 929 ,,R,D,DN,F ,D,N,N,50,0,0,0,,,1797199,5817213
Hamilton City,BRECKONS AVENUE,110,W, ,ROTOKAURI ROAD,201414995,06/06/2014,Fri,1600,GA,CW1C,181A 929 ,,R,D,OF,F ,D,N,C,50,0,0,2,,,1797168,5817190
Hamilton City,BRIDGE ST,80,W, ,ANGLESEA ST,201449990,23/12/2014,Tue,1800,FD,CW1V,181A ,,R,D,B ,F , , ,C,50,0,0,0,,,1801332,5814657
Hamilton City,BRIDGE ST,, ,I,ANGLESEA ST,201435773,10/05/2014,Sat,1315,KA,CS1C,302B 353B ,,R,W,O ,F ,R,G,C,50,0,0,0,,,1801262,5814583
Hamilton City,BRIDGE ST,, ,I,ANGLESEA ST,201450732,29/10/2014,Wed,815,GC,VN1S,174A ,,E,W,OF,L ,R,G,R,50,0,0,0,,,1801262,5814583
Hamilton City,BRIDGE ST,, ,I,ANGLESEA ST,201434640,11/04/2014,Fri,1412,DB,CW1,135A 804 ,C,M,W,OF,L ,R,G,R,50,0,0,0,,,1801269,5814596
Hamilton City,BRIDGE ST,10,W, ,GREY ST,201434526,05/04/2014,Sat,307,FE,CE1C,103A ,,R,D,DO,F ,T,T,R,50,0,0,0,,,1801834,5814956
Hamilton City,BRIDGE ST,15,W, ,GREY ST,201430403,17/01/2014,Fri,1600,FD,CE1CC,181A 387A ,,R,D,B ,F ,T,T,C,50,0,0,0,,,1801830,5814954
Hamilton City,BRIDGE ST,20,W, ,GREY ST,201440456,28/06/2014,Sat,1330,FO,CS1C,330A ,,R,D,B ,F , ,N,C,50,0,0,0,,,1801825,5814953
Hamilton City,BRIDGE ST,10,E, ,MEMORIAL DRIVE,201434624,06/03/2014,Thu,745,AA,4W1C,372A ,,R,D,BF,F ,T,G,C,50,0,0,0,,,1801704,5814920
Hamilton City,BRIDGE ST,20,W, ,MEMORIAL DRIVE,201436180,17/04/2014,Thu,1525,FD,VE1C,181A ,,R,D,O ,F , , ,C,50,0,0,0,,,1801679,5814904
Hamilton City,BRIDGE ST,, ,I,TISDALL ST,201440180,18/06/2014,Wed,1300,FA,CE1C,181A ,,R,D,O ,F ,X,G,N,50,0,0,0,,,1801457,5814746
Hamilton City,BRIDGE ST,30,E, ,TISDALL TERRACE,201440146,03/07/2014,Thu,950,FD,VW1CC,132A 181A 330A ,,R,D,B ,F ,X,T,C,50,0,0,0,,,1801481,5814764
Hamilton City,BRIDGE ST,, ,A,VICTORIA BR,201441569,09/08/2014,Sat,825,EA,CE1V,386A ,M,R,D,B ,F , ,N,C,50,0,0,0,,,1801626,5814867
Hamilton City,BRIDGE ST,15,E, ,VICTORIA ST,201441806,28/07/2014,Mon,1645,FD,CW1C,331A ,,R,D,TO,F , , ,C,50,0,0,0,,,1801469,5814755
Hamilton City,BRIDGE ST,15,E, ,VICTORIA ST,201434625,06/03/2014,Thu,830,FE,CW1C,181A ,,R,D,BF,F , ,T,C,50,0,0,0,,,1801469,5814755
Hamilton City,BRIDGE ST,20,E, ,VICTORIA ST,201443857,28/08/2014,Thu,1845,FD,CE1C,357A 512A ,,R,D,DO,F , ,N,C,50,0,0,0,,,1801473,5814758
Hamilton City,BRIDGE ST,30,E, ,VICTORIA ST,201444841,22/10/2014,Wed,1555,FD,CW1CV,331A 350A ,,R,W,OF,L , ,N,C,50,0,0,0,,,1801481,5814764
Hamilton City,BRIDGE ST,50,E, ,VICTORIA ST,201437393,28/05/2014,Wed,1650,FD,CW1C,181A ,,R,D,BF,F , ,N,C,50,0,0,0,,,1801497,5814775
Hamilton City,BRIDGE ST,40,N, ,VICTORIA ST,201435566,24/04/2014,Thu,1026,FD,VS1C,181A 331A 352A 801 ,,R,W,O ,L , , ,C,50,0,0,0,,,1801489,5814770
Hamilton City,BRIDGE ST,30,W, ,VICTORIA ST,201444422,07/09/2014,Sun,1420,FD,CE1VC,181A 181B ,,R,D,O ,F , , ,C,50,0,0,0,,,1801432,5814729
Hamilton City,BRIDGE ST,, ,I,VICTORIA ST,201448562,31/10/2014,Fri,1309,CB,CW1,410A 501A ,K,R,D,BF,F ,X,T,C,50,0,0,0,,,1801457,5814746
Hamilton City,BRIDGE ST,, ,I,VICTORIA ST,201440170,15/07/2014,Tue,830,FE,CE1T,181A ,,R,D,B ,F ,X,T,C,50,0,0,0,,,1801457,5814746
Hamilton City,BRIDGE ST,5,W, ,VON TEMPSKY ST,201435579,20/04/2014,Sun,1813,AC,CE1C,170A 351A 801 ,,R,W,TO,L ,T,S,P,50,0,0,0,,,1801764,5814935
Hamilton City,BRIDGE ST,, ,I,VON TEMPSKY ST,201449975,24/12/2014,Wed,1500,LB,CE1C,303B ,,E,D,B ,F ,T,S,C,50,0,0,0,,,1801769,5814936
Hamilton City,BRIDGE ST,, ,I,VON TEMPSKY ST,201432671,03/03/2014,Mon,1326,LB,CE1C,303B 375B ,,R,D,B ,F ,T,S,C,50,0,0,0,,,1801769,5814936
Hamilton City,BROOKLYN ROAD,10,S, ,GILLIES AVENUE,201449154,03/08/2014,Sun,2110,AA,CN1C,372A 381A ,,R,D,DO,F ,X,T,C,50,0,0,0,,,1801849,5816256
Hamilton City,BROOKLYN ROAD,, ,I,GILLIES AVENUE,201441548,12/08/2014,Tue,335,DA,CN1,103A 111A ,F,M,W,DO,F ,T,N,P,50,0,0,0,,,1801851,5816265
Hamilton City,BROOKLYN ROAD,100,E, ,HEAPHY TERRACE,201437629,17/05/2014,Sat,1348,FD,CE1CC,331A 352A 402A ,,R,D,B ,F , , ,C,50,0,0,0,,,1801611,5816080
Hamilton City,BROOKLYN ROAD,, ,I,HEAPHY TERRACE,201418475,31/12/2014,Wed,1930,HA,CW1S,210B 322B 375B ,,R,D,O ,F ,X,T,R,50,0,0,1,,31,1801521,5816037
Hamilton City,BROOKLYN ROAD,20,S, ,YOUNG ST,201415433,20/08/2014,Wed,939,NB,CS1E,726B ,,R,D,O ,F , , ,C,50,0,0,1,3,,1801875,5816377
Hamilton City,BRYANT ROAD,20,E, ,NORRIS AVENUE,201417613,14/11/2014,Fri,1513,LB,CW1CE,303B 353B 375B 927 ,,R,D,B ,F ,D,N,C,50,0,0,1,,,1798144,5818906
Hamilton City,BRYANT ROAD,100,E, ,TE RAPA ROAD,201437392,20/05/2014,Tue,1700,JA,CW1C,308B 375B 923 ,,R,D,OF,F ,D,N,C,50,0,0,0,,,1797955,5818761
Hamilton City,BRYANT ROAD,5,E, ,VICKERY ST,201415341,02/08/2014,Sat,1146,FD,4W1CC,181A 331A ,,R,D,O ,F ,T,N,P,50,0,0,1,,,1798078,5818856
Hamilton City,BRYCE ST,20,E, ,ANGLESEA ST,201440178,20/06/2014,Fri,1440,EA,CE1C,129A ,M,R,D,B ,F ,X,T,C,50,0,0,0,,,1800667,5815462
Hamilton City,BRYCE ST,, ,I,BARTON ST,201437649,11/03/2014,Tue,1115,GF,TE1V,129A 129B ,,E,D,B ,F ,T,G,C,50,0,0,0,,,1800751,5815521
Hamilton City,BRYCE ST,30,E, ,TRISTRAM ST,201441540,31/07/2014,Thu,1635,AA,CW14,372A 671A ,,R,D,TF,F , ,N,C,50,0,0,0,,,1800479,5815332
Hamilton City,BRYCE ST,15,E, ,VICTORIA ST,201436041,13/03/2014,Thu,950,MO,TE1,371A ,HK,R,D,BF,F , ,N,C,50,0,0,0,,,1800869,5815598
Hamilton City,BRYCE ST,, ,I,VICTORIA ST,201440190,05/06/2014,Thu,1130,JA,CN1C,322A 334A ,,R,D,B ,F ,X,T,C,50,0,0,0,,,1800857,5815590
Hamilton City,BRYMER ROAD,300,S, ,ROTOKAURI ROAD,201441566,23/07/2014,Wed,2110,DA,CN1,111A 131A ,,M,D,DN,F , ,N,C,50,0,0,0,,,1795328,5817469
Hamilton City,BURBUSH ROAD,640,E, ,EXELBY ROAD,201418625,21/11/2014,Fri,2300,DB,ME1,131A ,V,M,D,DN,F , ,N,N,100,0,0,1,,,1794392,5819769
Hamilton City,BYRON ROAD,70,S, ,WORDSWORTH CRESCENT,201435578,02/04/2014,Wed,1530,MO,CS1,386A 929 ,P,R,D,B ,F ,D, ,N,50,0,0,0,,,1802153,5817329
Hamilton City,CAMBRIDGE ROAD,, ,I,FLYNN ROAD,201437953,27/05/2014,Tue,1811,GD,CE1C,181A 353A ,,R,D,DO,F ,T,N,P,50,0,0,0,,,1803470,5814138
Hamilton City,CAMBRIDGE ROAD,100,S, ,HILLCREST ROAD,201415001,25/07/2014,Fri,1535,NB,CN1K,306A 370A ,,R,D,B ,F , ,N,X,50,0,0,1,11,,1803878,5813989
Hamilton City,CAMBRIDGE ROAD,70,N, ,MASTERS AVENUE,201445257,24/07/2014,Thu,1515,QG,TN1C,682A ,D,R,D,B ,F , , ,R,50,0,0,0,,,1803904,5813953
Hamilton City,CAMBRIDGE ROAD,20,N, ,SH 1N,201415889,22/09/2014,Mon,1650,JA,SN1C,204A 330B 922 ,,R,D,TF,F ,D,N,R,60,0,0,1,,11,1804160,5813768
Hamilton City,CAMBRIDGE ROAD,100,N, ,SH 1N,201442262,22/08/2014,Fri,810,MA,CS1VC,373B ,M,R,D,B ,F , , ,C,50,0,0,0,,,1804092,5813810
Hamilton City,CAMERON ROAD,, ,I,FORD ST,201431461,28/01/2014,Tue,1249,JA,CN1T,302B 375B ,,R,D,BF,F ,X,G,C,50,0,0,0,,,1803317,5815326
Hamilton City,CAMERON ROAD,, ,I,HOGAN ST,201449409,26/11/2014,Wed,1829,KA,MS1CM,302B 197C ,,R,D,B ,F ,T,G,C,50,0,0,0,,,1803364,5815153
Hamilton City,CAMERON ROAD,20,S, ,OLD FARM ROAD,201435724,08/05/2014,Thu,1640,MO,CS1C,371A 929 ,M,R,D,TF,L ,D, ,C,50,0,0,0,,,1803229,5815676
Hamilton City,CARO ST,10,W, ,ALEXANDRA ST,201434362,01/04/2014,Tue,1120,MA,CW1V,373B ,,R,D,B ,F ,R,G,R,50,0,0,0,,,1800925,5815237
Hamilton City,CASEY AVENUE,80,N, ,TRELOAR ST,201446929,18/09/2014,Thu,2134,MO,CN1C,371A 929 ,M,R,W,DO,L ,D,N,C,50,0,0,0,,,1800686,5816780
Hamilton City,CAVERSHAM DRIVE,50,S, ,NIELSEN GARDENS,201451065,20/12/2014,Sat,1426,EA,CN1C,129A 358A ,M,R,D,OF,F , ,N,C,50,0,0,0,,,1799428,5821449
Hamilton City,CHURCH ROAD,, ,I,TE RAPA ROAD,201449697,03/11/2014,Mon,1610,FB,VS1C,181A 330A ,,R,D,O ,F ,R,G,R,80,0,0,0,,,1796399,5820350
Hamilton City,CHURCHILL AVENUE,200,E, ,MAEROA ROAD,201430953,10/02/2014,Mon,2226,DB,CE1,351A 524A ,P,E,D,DO,F , ,N,N,50,0,0,0,,,1799142,5816471
Hamilton City,CHURCHILL AVENUE,, ,I,MAEROA ROAD,201433815,03/04/2014,Thu,820,DB,CS1,358A 423A ,F,S,D,O ,L ,T,G,C,50,0,0,0,,,1798952,5816442
Hamilton City,CLARENCE ST,, ,I,PEMBROKE ST,201415006,14/07/2014,Mon,1430,HA,CS1T,321A 370A ,,R,D,B ,F ,X,S,C,50,0,0,1,,,1800804,5814464
Hamilton City,CLARKIN ROAD,, ,I,BANKWOOD ROAD,201435872,30/01/2014,Thu,227,DA,CS2,112A 131A 514A ,FH,R,D,DO,F ,T,G,C,50,0,0,0,,,1800676,5817798
Hamilton City,CLARKIN ROAD,300,E, ,HEAPHY TERRACE,201415008,07/08/2014,Thu,1530,FC,CE1C,331A 351A 402A ,,R,W,O ,F , , ,X,50,0,0,1,,,1801053,5817896
Hamilton City,CLARKIN ROAD,20,E, ,KENNEY CRESCENT,201433460,10/02/2014,Mon,1930,FF,CW1C,331A 352A 929 ,,R,D,BF,F ,D,N,C,50,0,0,0,,,1801365,5817979
Hamilton City,CLARKIN ROAD,80,W, ,KENNEY CRESCENT,201418878,10/12/2014,Wed,834,NB,CE1E,306A ,,R,D,BF,F , ,T,X,50,0,0,1,18,,1801269,5817952
Hamilton City,CLARKIN ROAD,100,W, ,KENNEY CRESCENT,201415438,04/08/2014,Mon,1515,MD,SW14,204A 930 ,,R,D,B ,F ,D,N,C,50,0,0,1,,12,1801249,5817947
Hamilton City,CLARKIN ROAD,100,W, ,MCNICOL ST,201430381,18/01/2014,Sat,543,CB,CE1,101A 112A ,T,R,D,DO,F , ,N,N,50,0,0,0,,,1800110,5817651
Hamilton City,CLAUDELANDS ROAD,, ,I,GREY ST,201445693,04/10/2014,Sat,1240,MG,CE1C,371B ,,R,D,B ,F ,X,T,C,50,0,0,0,,,1801562,5815949
Hamilton City,CLAUDELANDS ROAD,, ,I,GREY ST,201440147,16/06/2014,Mon,1659,LB,CW1C,112A 322A 334A ,,R,W,DO,L ,X,T,R,50,0,0,0,,,1801562,5815949
Hamilton City,CLAUDELANDS ROAD,, ,I,GREY ST,201449966,19/12/2014,Fri,1348,LB,CW1C,303B ,,R,D,B ,F ,X,T,C,50,0,0,0,,,1801562,5815949
Hamilton City,CLYDE ST,20,W, ,CAMERON ROAD,201415342,03/08/2014,Sun,1247,CA,ME1,110A 135A ,,R,W,O ,L , ,N,X,50,0,0,1,,,1803400,5814995
Hamilton City,CLYDE ST,, ,I,CAMERON ROAD,201433284,15/03/2014,Sat,1215,HA,VS2C,302A 375A ,,R,W,OF,L ,R,G,R,50,0,0,0,,,1803421,5815003
Hamilton City,CLYDE ST,, ,I,FIRTH ST,201444826,17/10/2014,Fri,2050,FD,CW1C,103A 331A ,,R,W,DO,F ,T,G,C,50,0,0,0,,,1802116,5814893