TLANAME,CRASHROAD,CRASHDIST,CRASHDIRN,INTSN,SIDEROAD,CRASHID,CRASHDATE,CRASHDOW,CRASHTIME,MVMT,VEHICLES,CAUSES,OBJECTSSTRUCK,ROADCURVE,ROADWET,LIGHT,WTHRa,JUNCTYPE,TRAFCTRL,ROADMARK,SPDLIM,CRASHFATALCNT,CRASHSEVCNT,CRASHMINCNT,PERSAGE1,PERSAGE2,EASTING,NORTHING
Hamilton City,CLYDE ST,20,E, ,FOX ST,201449968,03/12/2014,Wed,1744,FD,CE1CC,181A 181B ,,R,D,B ,F , , ,P,50,0,0,0,,,1802874,5814980
Hamilton City,CLYDE ST,20,E, ,FOX ST,201446295,18/10/2014,Sat,1300,FD,CE1C,181A ,,R,W,OF,L , ,N,P,50,0,0,0,,,1802874,5814980
Hamilton City,CLYDE ST,5,W, ,FOX ST,201437948,06/06/2014,Fri,1204,FD,CW1C,181A 330A 817 ,,R,D,O ,F ,X,G,C,50,0,0,0,,,1802849,5814982
Hamilton City,CLYDE ST,, ,I,FOX ST,201441563,23/07/2014,Wed,1645,HA,CE14,302B 375B ,,R,D,TF,F ,X,G,P,50,0,0,0,,,1802854,5814982
Hamilton City,CLYDE ST,, ,I,FOX ST,201450828,15/12/2014,Mon,1658,FD,BE1C,181A ,,R,D,OF,F ,X,G,C,50,0,0,0,,,1802854,5814982
Hamilton City,CLYDE ST,50,E, ,GREY ST,201450730,21/09/2014,Sun,1900,EA,CE1C,129A ,M,R,D,DO,F , ,N,C,50,0,0,0,,,1801926,5814842
Hamilton City,CLYDE ST,70,E, ,GREY ST,201448419,16/10/2014,Thu,1157,MC,CW1C,372B ,,R,D,BF,F , ,N,C,50,0,0,0,,,1801945,5814847
Hamilton City,CLYDE ST,50,W, ,GREY ST,201440163,24/06/2014,Tue,1646,MD,CW1T,371B 671B 926 ,,R,D,O ,F ,D,N,P,50,0,0,0,,,1801829,5814815
Hamilton City,CLYDE ST,50,W, ,KNIGHTON ROAD,201431320,03/03/2014,Mon,955,FC,VW1C,181A ,,R,D,BF,F , ,N,X,50,0,0,0,,,1803373,5814983
Hamilton City,CLYDE ST,, ,I,KNIGHTON ROAD,201440177,19/06/2014,Thu,1510,FB,CE1C,181A ,,E,D,O ,F ,R,G,C,50,0,0,0,,,1803415,5814998
Hamilton City,CLYDE ST,, ,I,NELSON ST,201443175,15/08/2014,Fri,815,FD,CW1CC,181A 181B ,,R,D,O ,F ,X,G,C,50,0,0,0,,,1802714,5814994
Hamilton City,CLYDE ST,, ,I,NIXON ST,201413669,20/05/2014,Tue,1920,KA,SW14,534A 602A 302B 375B ,,R,D,DO,F ,X,G,P,50,0,0,1,,24,1802351,5814956
Hamilton City,CLYDE ST,15,W, ,OLD FARM ROAD,201442198,15/08/2014,Fri,840,FD,CW1CC,181A 331A 352A ,,R,W,B ,F ,X,G,P,50,0,0,0,,,1802699,5814995
Hamilton City,CLYDE ST,, ,I,OLD FARM ROAD,201438074,21/05/2014,Wed,1305,NF,CS2E,376A ,,R,D,O ,F ,X,G,P,50,0,0,0,,,1802714,5814994
Hamilton City,CLYDE ST,20,W, ,PAGE PLACE,201447719,07/11/2014,Fri,1430,QG,CE1C,668A 927 ,M,R,D,B ,F ,D,N,C,50,0,0,0,,,1803235,5814946
Hamilton City,CLYDE ST,10,W, ,PEACHGROVE ROAD,201411996,19/02/2014,Wed,819,JA,CE1V,308B 375B 922 ,,R,D,OF,F ,D,N,C,50,0,0,1,,,1802488,5814991
Hamilton City,CLYDE ST,30,W, ,PEACHGROVE ROAD,201449337,03/12/2014,Wed,1330,KA,CE1P,173A 205A 377A 308B 314B 402B 922 ,,R,D,B ,F ,D, ,C,50,0,0,0,,,1802469,5814986
Hamilton City,COBHAM DRIVE,, ,I,ANGLESEA ST,201436035,11/04/2014,Fri,815,FB,CE1C,181A ,,M,W,OF,L ,R,G,R,50,0,0,0,,,1801227,5814590
Hamilton City,COBHAM DRIVE,, ,I,ANGLESEA ST,201449976,20/11/2014,Thu,935,KA,CE1C,302B ,,R,D,O ,L ,R,G,R,50,0,0,0,,,1801237,5814616
Hamilton City,COBHAM DRIVE,, ,I,ANGLESEA ST,201444838,18/10/2014,Sat,1940,FB,CE1C,181A ,,R,W,BF,L ,R,G,C,50,0,0,0,,,1801227,5814590
Hamilton City,COBHAM DRIVE,40,N, ,HILLSBOROUGH TERRACE,201438078,08/05/2014,Thu,1736,FD,CS1CC,181A 181B 801 901 ,,M,W,DO,H , , ,R,80,0,0,0,,,1801325,5814144
Hamilton City,COBHAM DRIVE,50,S, ,HILLSBOROUGH TERRACE,201434641,10/04/2014,Thu,25,DA,CS1,111A 135A 402A 901 ,,M,W,DO,H , ,N,C,80,0,0,0,,,1801283,5814066
Hamilton City,COBHAM DRIVE,650,S, ,TRISTRAM ST,201410467,16/01/2014,Thu,2300,DA,CN1,111A 131A ,KX,E,D,DO,F , , ,C,80,0,0,1,,,1801235,5813898
Hamilton City,COBHAM DRIVE,, ,I,TRISTRAM ST,201444832,11/10/2014,Sat,1529,GC,CN1C,171B ,,M,D,BF,F ,R,G,C,80,0,0,0,,,1801147,5814467
Hamilton City,COBHAM DRIVE,, ,I,TRISTRAM ST,201446963,30/09/2014,Tue,1800,AO,CN1C,381A ,,E,D,BF,F ,R,G,R,60,0,0,0,,,1801147,5814467
Hamilton City,COBHAM DRIVE,, ,I,TRISTRAM ST,201450090,06/11/2014,Thu,1028,GC,TN1C,171B 372B ,,R,D,B ,F ,R,G,R,80,0,0,0,,,1801129,5814498
Hamilton City,COBHAM DRIVE,, ,I,TRISTRAM ST,201418360,25/10/2014,Sat,1115,DA,MN1,197A ,K,M,D,BF,F ,R,G,C,80,0,0,1,,,1801158,5814505
Hamilton City,COBHAM DRIVE,, ,I,TRISTRAM ST,201438232,28/04/2014,Mon,845,GC,CN1C,171B ,,S,D,OF,F ,R,G,R,80,0,0,0,,,1801147,5814467
Hamilton City,COLLINS ROAD,160,W, ,SH 3,201446641,10/10/2014,Fri,1445,NA,CE1E,713B ,,R,D,B ,F , , ,C,50,0,0,0,,,1800723,5812005
Hamilton City,COLLINS ROAD,, ,I,TUHIKARAMEA ROAD,201449983,26/12/2014,Fri,1040,FB,CW1C,423A ,,R,D,B ,F ,X,S,L,100,0,0,0,,,1795188,5810475
Hamilton City,COLOMBO ST,15,N, ,KILLARNEY ROAD,201441804,09/07/2014,Wed,1020,MF,4N1C,371B ,,R,D,O ,F , , ,N,50,0,0,0,,,1799204,5814544
Hamilton City,COMMERCE ST,50,E, ,LAKE ROAD,201451030,04/12/2014,Thu,1050,MG,MW1C,371B ,,R,D,BF,F , ,N,C,50,0,0,0,,,1799580,5815446
Hamilton City,COMMERCE ST,, ,I,LAKE ROAD,201435992,16/04/2014,Wed,1220,MO,BS2T,385A 446B ,M,R,D,OF,F ,X,G,C,50,0,0,0,,,1799546,5815410
Hamilton City,COMRIES ROAD,, ,I,BANKWOOD ROAD,201448148,27/11/2014,Thu,1637,HA,CS2C,103A 301A ,,R,D,B ,F ,X,S,R,50,0,0,0,,,1800425,5819170
Hamilton City,COMRIES ROAD,, ,I,LYNDEN COURT,201443853,22/08/2014,Fri,1520,FB,CS1C,181A ,,R,D,BF,F ,T,G,C,50,0,0,0,,,1800775,5819263
Hamilton City,COOK ST,, ,I,FOX ST,201441645,21/07/2014,Mon,1215,HA,CN2C,302A 817 ,,R,D,B ,F ,X,G,C,50,0,0,0,,,1802887,5814848
Hamilton City,CRAWSHAW DRIVE,60,S, ,PRINGLE PLACE,201411595,27/02/2014,Thu,1511,NA,CN1E,712B 713B 727B ,,E,D,BF,F , ,N,C,50,0,0,1,5,,1796557,5816902
Hamilton City,CROSBY ROAD,, ,I,WAIRERE DRIVE,201450651,11/12/2014,Thu,1710,FB,CE1C,181A ,,E,D,B ,F ,R,G,C,80,0,0,0,,,1802040,5819365
Hamilton City,CUMBERLAND DRIVE,, ,I,KESTON CRESCENT,201447722,14/10/2014,Tue,1113,JA,CE1T,302B ,,R,D,O ,F ,T,G,C,50,0,0,0,,,1797563,5822381
Hamilton City,DALGLIESH AVENUE,120,W, ,TE RAPA ROAD,201449965,03/12/2014,Wed,1608,MO,4E1C,371A 507A 929 ,HMT,R,D,B ,F ,D,N,N,50,0,0,0,,,1798664,5817618
Hamilton City,DEANWELL AVENUE,200,S, ,COLLINS ROAD,201441157,21/05/2014,Wed,845,EA,CN14,129A ,M,R,D,BF,F , ,P,X,50,0,0,0,,,1800333,5811722
Hamilton City,DEY ST,, ,I,OLD FARM ROAD,201415875,17/07/2014,Thu,1241,JA,PS1C,302B ,,R,D,B ,F ,T,G,R,60,0,1,0,,,1802892,5815364
Hamilton City,DINSDALE ROAD,240,E, ,ROBYN PLACE,201412781,15/05/2014,Thu,1505,CB,PW1,197A ,,R,D,BF,F , ,N,C,50,0,0,1,,,1797862,5814602
Hamilton City,DINSDALE ROAD,, ,I,SH 23,201450649,01/11/2014,Sat,1350,GO,VS1C,381A ,,R,D,B ,F ,R,G,P,50,0,0,0,,,1797890,5814588
Hamilton City,DISCOVERY DRIVE,, ,I,TUIRANGI ST,201442264,25/08/2014,Mon,813,JA,CE1C,302B ,,R,D,B ,F ,T,G,C,50,0,0,0,,,1798503,5821895
Hamilton City,DIXON ROAD,60,N, ,PELORUS ST,201432912,10/02/2014,Mon,1330,CB,CN1V,158A 929 ,,R,D,B ,F ,D, ,C,50,0,0,0,,,1802203,5811287
Hamilton City,DIXON ROAD,, ,I,WATERFORD ROAD,201444004,22/07/2014,Tue,705,HA,CN1CC,302A 375A ,,M,D,BF,F ,R,G,R,50,0,0,0,,,1802689,5811898
Hamilton City,DOMINION ROAD,100,W, ,BRECKONS AVENUE,201413296,14/06/2014,Sat,900,FA,CE1C,181A 363A ,,R,D,B ,F , ,N,P,50,0,0,2,,,1796924,5816617
Hamilton City,DUKE ST,, ,I,HIGGINS ROAD,201446433,09/07/2014,Wed,1515,HA,CS2C4,301B 351B 375B ,,R,D,OF,F ,X,S,C,50,0,0,0,,,1798600,5813848
Hamilton City,EDGAR ST,40,N, ,KERERU ST,201448143,10/10/2014,Fri,2114,DB,CN1,111A 131A ,,M,D,DO,F , , ,N,50,0,0,0,,,1798646,5815295
Hamilton City,ELLICOTT ROAD,20,N, ,MAGNOLIA CRESCENT,201430459,29/01/2014,Wed,1835,JA,CN1C,308B 929 ,,E,D,B ,F ,D,N,C,50,0,0,0,,,1797983,5816033
Hamilton City,ELLICOTT ROAD,, ,I,MAPLE AVENUE,201416432,29/09/2014,Mon,1035,LB,VW1C,303B 353B ,,R,D,B ,F ,T,G,P,50,0,1,1,,,1797242,5815466
Hamilton City,ELLIS ST,, ,I,KILLARNEY ROAD,201446258,08/10/2014,Wed,1550,FB,CN1C,387A ,,R,D,BF,F ,X,G,C,50,0,0,0,,,1799372,5814531
Hamilton City,ELLIS ST,, ,I,KILLARNEY ROAD,201413298,04/06/2014,Wed,1508,HA,CN1C,302A 375A ,,R,D,B ,F ,X,G,C,50,0,0,1,,,1799372,5814531
Hamilton City,EMPIRE ST,50,N, ,KENT ST,201448520,01/10/2014,Wed,1137,MO,CN1C,385A ,M,R,D,BF,F , ,N,C,50,0,0,0,,,1799216,5815543
Hamilton City,ENDEAVOUR AVENUE,, ,I,RIVER ROAD,201448513,14/11/2014,Fri,1350,FB,LW1C,387A ,,M,D,BF,F ,R,G,C,50,0,0,0,,,1798617,5820791
Hamilton City,FAIRFIELD BRIDGE,, ,I,RIVER ROAD,201438075,22/05/2014,Thu,1430,KA,CW1C,302B ,,M,D,B ,F ,R,G,R,50,0,0,0,,,1800027,5817149
Hamilton City,FAIRFIELD BRIDGE,, ,I,VICTORIA ST,201417592,20/11/2014,Thu,1845,BC,SS2C,105A 111A 131A ,Q,M,D,OF,F ,T,T,C,50,0,0,1,,56,1799859,5817006
Hamilton City,FAIRFIELD ROAD,50,E, ,HAULTAIN ST,201418353,26/11/2014,Wed,830,PC,CS1E,308A 375A 727B 929 ,,E,D,BF,F ,D,N,N,50,0,0,1,6,,1800558,5817434
Hamilton City,FAIRVIEW ST,100,N, ,ALDERSON ROAD,201430115,30/01/2014,Thu,1930,CA,CS1,130A 195A ,P,R,D,BF,F , ,N,N,50,0,0,0,,,1802565,5818140
Hamilton City,FAIRVIEW ST,150,N, ,RADIATA ST,201411594,17/03/2014,Mon,2005,MO,CS1C,108A 357A ,F,R,D,DO,F , ,N,N,50,0,0,1,,,1802499,5818335
Hamilton City,FAIRVIEW ST,30,S, ,WATTLE PLACE,201438076,16/05/2014,Fri,1410,EA,CN1V,129A 902 ,M,R,D,B ,F , , ,N,50,0,0,0,,,1802491,5818361
Hamilton City,FARRINGDON AVENUE,, ,I,SANDOWNE CLOSE,201436611,20/04/2014,Sun,1506,DB,CE1,110A 131A ,G,M,W,O ,F ,T,N,C,50,0,0,0,,,1799245,5822102
Hamilton City,FIFTH AVENUE,110,W, ,JOHN ST,201448147,20/10/2014,Mon,1450,EA,CE1C,129A ,M,R,D,B ,F , , ,C,50,0,0,0,,,1802289,5817109
Hamilton City,FIFTH AVENUE,, ,I,JOHN ST,201450728,07/10/2014,Tue,1347,FD,CE1C,181A ,,R,D,BF,F ,T,N,C,50,0,0,0,,,1802384,5817165
Hamilton City,FIFTH AVENUE,20,E, ,PEACHGROVE ROAD,201430402,18/01/2014,Sat,1200,FO,VN1C,330A 371A 926 ,,R,D,O ,F ,D,N,C,50,0,0,0,,,1802023,5816950
Hamilton City,FIFTH AVENUE,25,E, ,PEACHGROVE ROAD,201440182,17/06/2014,Tue,850,MA,CE1C,373B ,,R,D,B ,F ,R,G,C,50,0,0,0,,,1802027,5816952
Hamilton City,FIFTH AVENUE,, ,I,SPENSER ROAD,201436229,06/05/2014,Tue,1420,MC,4E1C,372B ,,R,W,O ,F ,T,G,C,50,0,0,0,,,1802502,5817235
Hamilton City,FIRTH ST,15,S, ,WELLINGTON ST,201432742,02/03/2014,Sun,2215,CB,CS1,130A 402A 420A ,P,R,D,DO,F , , ,C,50,0,0,0,,,1802234,5814448
Hamilton City,FITZROY AVENUE,50,W, ,WATERFORD ROAD,201418426,03/12/2014,Wed,1754,MO,BE1S,312B 370B 408B ,,R,D,B ,F , , ,N,50,0,1,0,,6,1802500,5812239
Hamilton City,FOREMAN ROAD,400,S, ,TASMAN ROAD,201445338,16/09/2014,Tue,939,DA,CS1C,111A 131A ,M,M,W,O ,F , , ,C,50,0,0,0,,,1796877,5818728
Hamilton City,FOREST LAKE ROAD,, ,I,AVALON DRIVE,201450412,07/12/2014,Sun,18,LB,CN14,303B ,,M,D,DO,F ,X,T,R,50,0,0,0,,,1798089,5816149
Hamilton City,FOREST LAKE ROAD,, ,I,AVALON DRIVE,201442295,22/08/2014,Fri,1700,AC,CS1C,372A ,,M,D,B ,F ,X,T,P,50,0,0,0,,,1798089,5816149
Hamilton City,FOREST LAKE ROAD,30,S, ,HINAU ST,201444839,07/10/2014,Tue,1751,GD,CN1C,331A 929 ,,R,D,BF,F ,D,N,C,50,0,0,0,,,1798380,5816481
Hamilton City,FOREST LAKE ROAD,, ,I,LINCOLN ST,201418122,24/11/2014,Mon,553,LB,MS1C,303B 375B 645B ,,R,D,O ,F ,X,T,C,50,0,0,1,,,1798089,5816149
Hamilton City,FOREST LAKE ROAD,50,N, ,RATA ST,201449598,13/06/2014,Fri,100,EA,CS14,129A 351A ,M,R,D,DO,F , , ,C,50,0,0,0,,,1798356,5816458
Hamilton City,FOREST LAKE ROAD,10,W, ,TE RAPA ROAD,201442272,17/08/2014,Sun,1035,AA,CE1M,372A 181B ,,E,D,B ,F ,X,T,C,50,0,0,0,,,1799266,5817367
Hamilton City,FOREST LAKE ROAD,, ,I,TE RAPA ROAD,201432232,05/02/2014,Wed,2351,DB,CN2,111A 131A 402A ,C,M,D,DO,F ,T,T,C,50,0,0,0,,,1799274,5817372
Hamilton City,FORMATION DRIVE,80,N, ,ACCESS ROAD,201446895,16/09/2014,Tue,1145,ME,CS1C,371B 387B ,,R,D,O ,F , ,N,C,70,0,0,0,,,1796421,5819929
Hamilton City,FOX ST,, ,I,CLYDE ST,201438673,17/06/2014,Tue,1754,HA,XE2C,302B ,,R,W,DO,L ,X,G,N,50,0,0,0,,,1802854,5814982
Hamilton City,FOX ST,100,N, ,WELLINGTON ST,201444583,25/09/2014,Thu,1855,EA,CS1C,103A 130A 402A ,MT,R,D,DO,F , , ,N,50,0,0,0,,,1802915,5814747
Hamilton City,GALLOWAY ST,, ,I,BROOKFIELD ST,201430448,19/01/2014,Sun,1515,LB,CN1C,303B ,,R,D,B ,F ,X,G,C,50,0,0,0,,,1802888,5813881
Hamilton City,GALLOWAY ST,, ,I,BROOKFIELD ST,201412805,12/04/2014,Sat,1603,HA,CN1C,113A 302A 335A 113B 302B 335B ,,R,D,B ,F ,X,G,C,50,0,0,1,,,1802888,5813881
Hamilton City,GALLOWAY ST,100,S, ,COOK ST,201435175,14/03/2014,Fri,1520,LB,PN1C,303B 314B 929 ,,R,D,B ,F ,D,N,C,50,0,0,0,,,1802674,5814691
Hamilton City,GALLOWAY ST,150,S, ,NAYLOR ST,201442557,11/04/2014,Fri,1730,FD,CN1CC,331A 358A ,,R,D,BF,F , ,N,C,50,0,0,0,,,1802866,5813967
Hamilton City,GALLOWAY ST,, ,I,NAYLOR ST,201438608,11/06/2014,Wed,1855,LB,CN14,303B ,,R,W,DO,L ,X,T,P,50,0,0,0,,,1802828,5814112
Hamilton City,GARDEN HEIGHTS AVENUE,50,N, ,TE ANAU PLACE,201400076,05/04/2014,Sat,339,DA,CN1,103A 111A 131A 632A ,PT,E,D,DO,F , , ,N,50,1,0,1,,,1801701,5811662
Hamilton City,GARLAND DRIVE,630,N, ,BRYANT ROAD,201450408,09/11/2014,Sun,1643,DA,CW1C,111A 131A ,M,S,D,BF,F , ,N,C,50,0,0,0,,,1798215,5819248
Hamilton City,GARNETT AVENUE,80,W, ,TE RAPA ROAD,201443004,29/08/2014,Fri,846,GE,CS1C,112A 160A 333A 370B 927 ,,R,D,O ,F ,D, ,C,50,0,0,0,,,1798407,5817837
Hamilton City,GAVIN HEIGHTS,110,N, ,BRAMLEY DRIVE,201441163,30/05/2014,Fri,1535,MC,CN14,372B ,,R,D,BF,F , ,N,C,50,0,0,0,,,1799725,5820701
Hamilton City,GIBSON ROAD,180,N, ,TUHIKARAMEA ROAD,201443648,01/09/2014,Mon,1315,EA,CW1C,129A ,M,R,W,O ,L , , ,C,50,0,0,0,,,1797417,5813702
Hamilton City,GOODFELLOW PLACE,, ,I,NORTON ROAD,201441581,07/08/2014,Thu,938,JA,CE1C,301B 375B ,,R,D,O ,F ,T,S,C,50,0,0,0,,,1798595,5815896
Hamilton City,GORDONTON ROAD,, ,I,DARJON DRIVE,201443268,07/08/2014,Thu,750,GD,CN1C,181A 197A 370A ,,R,D,O ,F ,T,G,L,80,0,0,0,,,1801906,5820020
Hamilton City,GORDONTON ROAD,, ,I,DARJON DRIVE,201417610,03/11/2014,Mon,1710,GD,4S14C,181A 353A ,,R,D,B ,F ,T,G,C,80,0,0,1,,,1801906,5820020
Hamilton City,GORDONTON ROAD,, ,I,NEW BORMAN ROAD,201435727,02/05/2014,Fri,1800,JA,CN1C,302B 353B ,,E,D,DO,F ,T,G,C,80,0,0,0,,,1801719,5822278
Hamilton City,GORDONTON ROAD,100,S, ,STONELEIGH DRIVE,201436610,09/04/2014,Wed,1903,CC,CN1,103A 112A ,P,R,W,DO,F , ,N,C,80,0,0,0,,,1801996,5819768
Hamilton City,GORDONTON ROAD,, ,I,STONELEIGH DRIVE,201442761,04/07/2014,Fri,1721,GD,CS1C,181A 333A ,,R,D,DO,F ,T,G,C,70,0,0,0,,,1801962,5819862
Hamilton City,GORDONTON ROAD,, ,I,WAIRERE DRIVE,201435034,11/04/2014,Fri,1500,KA,CE1C,302B ,,R,D,B ,F ,R,G,C,80,0,0,0,,,1802094,5819388
Hamilton City,GRANDVIEW ROAD,, ,I,AVALON DRIVE,201441166,21/05/2014,Wed,1920,HA,CS2C,302A 375A ,,R,W,DO,L ,R,G,R,50,0,0,0,,,1797756,5816729
Hamilton City,GRANDVIEW ROAD,100,E, ,HYDE AVENUE,201450185,17/12/2014,Wed,1803,JA,CS1C,145A 330A 308B 387B 801 925 ,,R,W,O ,L ,D, ,C,50,0,0,0,,,1797014,5816200
Hamilton City,GREY ST,50,S, ,ALBERT ST,201441579,12/08/2014,Tue,1220,FC,CS1C,181A ,,M,D,B ,F , ,N,C,50,0,0,0,,,1802068,5814112
Hamilton City,GREY ST,, ,I,BEALE ST,201441575,06/08/2014,Wed,730,LB,CN1C,303B 375B ,,R,D,O ,F ,X,G,C,50,0,0,0,,,1801817,5815062
Hamilton City,GREY ST,, ,I,BEALE ST,201437397,23/05/2014,Fri,1630,LB,CS1C,303B 377B ,,R,W,ON,L ,X,G,L,50,0,0,0,,,1801817,5815062
Hamilton City,GREY ST,, ,I,BRIDGE ST,201413348,26/05/2014,Mon,819,AC,BE2C,129A 176A 330A 197B ,P,M,D,O ,F ,T,T,C,50,0,0,1,,,1801844,5814959
Hamilton City,GREY ST,, ,I,BRIDGE ST,201418502,15/11/2014,Sat,1915,DA,CE2,621A ,,M,W,OF,L ,T,T,C,50,0,0,1,,,1801844,5814959
Hamilton City,GREY ST,100,S, ,CLAUDELANDS ROAD,201435722,15/05/2014,Thu,1230,MA,CN1C,373B ,,R,D,B ,F , , ,C,50,0,0,0,,,1801602,5815857
Hamilton City,GREY ST,, ,I,CLAUDELANDS ROAD,201444598,18/09/2014,Thu,1534,LB,CS1C,303B 375B 402B ,,R,D,O ,F ,X,T,R,50,0,0,0,,,1801562,5815949
Hamilton City,GREY ST,, ,I,CLAUDELANDS ROAD,201436609,19/04/2014,Sat,959,HA,CS1C,322A 375A ,,R,D,O ,F ,X,T,R,50,0,0,0,,,1801562,5815949
Hamilton City,GREY ST,, ,I,CLAUDELANDS ROAD,201410064,03/02/2014,Mon,1751,LB,CS1C,322B 507B ,,R,D,B ,F ,X,T,C,50,0,0,2,,,1801562,5815949
Hamilton City,GREY ST,, ,I,CLAUDELANDS ROAD,201439504,26/06/2014,Thu,1807,LB,CN1C,303B ,,R,D,TO,F ,X,T,R,50,0,0,0,,,1801562,5815949
Hamilton City,GREY ST,, ,I,CLAUDELANDS ROAD,201415413,26/08/2014,Tue,1400,LB,4N1C,303B 402B ,,R,D,B ,F ,X,T,C,50,0,0,1,,,1801562,5815949
Hamilton City,GREY ST,, ,I,CLAUDELANDS ROAD,201417120,15/10/2014,Wed,820,LB,CN1C,303B ,,R,D,B ,F ,X,T,R,50,0,0,1,,,1801562,5815949
Hamilton City,GREY ST,, ,I,CLAUDELANDS ROAD,201438482,12/04/2014,Sat,2135,LB,CN1C,303B ,,R,D,DO,F ,X,T,R,50,0,0,0,,,1801562,5815949
Hamilton City,GREY ST,50,S, ,CLYDE ST,201440119,27/05/2014,Tue,1740,MA,SN1CC,600A 373B ,,R,D,DO,M , ,N,P,50,0,0,0,,,1801890,5814781
Hamilton City,GREY ST,50,S, ,CLYDE ST,201437673,19/05/2014,Mon,1148,KB,CS1C,112B 308B 377B 839 925 ,,R,D,B ,F ,D,N,C,50,0,0,0,,,1801890,5814781
Hamilton City,GREY ST,80,S, ,CLYDE ST,201449358,08/11/2014,Sat,1059,FD,CN1CCV,181A 331A 353A ,,R,D,B ,F , , ,P,50,0,0,0,,,1801898,5814752
Hamilton City,GREY ST,, ,I,CLYDE ST,201434586,19/03/2014,Wed,2039,JA,CN1C,322A ,,R,D,DO,F ,X,T,C,50,0,0,0,,,1801877,5814829
Hamilton City,GREY ST,, ,I,CLYDE ST,201437934,25/05/2014,Sun,2304,JA,CS1C,102A 322A ,,R,W,DO,F ,X,T,C,50,0,0,0,,,1801877,5814829
Hamilton City,GREY ST,30,N, ,COOK ST,201432342,04/02/2014,Tue,1555,EA,CS1C,129A 423A ,M,R,D,O ,F , , ,C,50,0,0,0,,,1801931,5814627
Hamilton City,GREY ST,50,N, ,COOK ST,201442259,16/08/2014,Sat,1400,FD,CS1C,181A ,,R,D,B ,F , , ,C,50,0,0,0,,,1801926,5814647
Hamilton City,GREY ST,50,N, ,COOK ST,201448142,21/10/2014,Tue,1217,FA,CS1C,181A ,,R,D,B ,F , , ,R,50,0,0,0,,,1801926,5814647
Hamilton City,GREY ST,60,N, ,COOK ST,201443157,22/08/2014,Fri,1624,MO,CN1C,371A ,M,R,D,B ,F , , ,C,50,0,0,0,,,1801923,5814656
Hamilton City,GREY ST,100,N, ,NAYLOR ST,201450907,26/11/2014,Wed,1150,MC,CN1C,372B ,,R,D,B ,F , , ,R,50,0,0,0,,,1802126,5814033
Hamilton City,GREY ST,20,S, ,TE AROHA ST,201449696,08/11/2014,Sat,1350,MF,CN1C,330B 371B ,,R,D,B ,F ,R,G,R,50,0,0,0,,,1801623,5815801
Hamilton City,GREY ST,80,S, ,TE AROHA ST,201440162,26/06/2014,Thu,1714,FD,TS14,181A 330A ,,R,D,TO,F , ,N,C,50,0,0,0,,,1801638,5815743
Hamilton City,GREY ST,, ,I,TE AROHA ST,201438471,19/06/2014,Thu,2200,DA,CN1,111A 131A 514A ,IP,R,W,DO,F ,R,G,R,50,0,0,0,,,1801618,5815839
Hamilton City,GREY ST,, ,I,TE AROHA ST,201414504,19/06/2014,Thu,836,HA,CS1P,302A 375A ,,R,W,B ,F ,R,G,R,50,0,0,1,,,1801610,5815838
Hamilton City,GREY ST,, ,I,WELLINGTON ST,201418364,28/11/2014,Fri,1430,HA,CW2C,301A 375A ,,R,D,OF,F ,X,S,C,50,0,0,1,,,1801991,5814401
Hamilton City,GREY ST,, ,I,WELLINGTON ST,201442776,17/07/2014,Thu,2100,HA,VW2C,321A 375A ,,R,W,DO,F ,X,S,P,50,0,0,0,,,1801991,5814401
Hamilton City,HALL ST,10,S, ,HAIG ST,201412509,13/04/2014,Sun,48,CC,4N1,103A 130A ,IT,R,D,DO,F ,T,G,R,50,0,1,0,,,1799359,5815463
Hamilton City,HALL ST,100,W, ,KENT ST,201433532,20/02/2014,Thu,1046,FD,CW1CC,181A ,,R,D,BF,F , ,N,C,50,0,0,0,,,1799364,5815469
Hamilton City,HALL ST,, ,I,KENT ST,201443935,22/08/2014,Fri,2048,HA,CS2C,102A 322A ,,R,W,DO,F ,X,T,C,50,0,0,0,,,1799294,5815398
Hamilton City,HALL ST,, ,I,LAKE ROAD,201450184,23/11/2014,Sun,20,HA,CS1C,322B 370B 801 830 ,,R,W,DO,L ,X,T,C,50,0,0,0,,,1799424,5815528
Hamilton City,HALL ST,, ,I,LAKE ROAD,201415007,26/05/2014,Mon,1946,NF,CN2E,307A 404A 862 ,,M,D,DO,F ,X,T,C,50,0,1,0,58,,1799424,5815528
Hamilton City,HALL ST,, ,I,NORTON ROAD,201435152,31/03/2014,Mon,815,GD,CN1C,181A ,,E,D,B ,F ,X,T,P,50,0,0,0,,,1799613,5815671
Hamilton City,HARDLEY ST,100,N, ,LIVERPOOL ST,201450426,19/11/2014,Wed,1206,CC,CS1C,129A ,M,R,D,BF,F , ,N,C,50,0,0,0,,,1800463,5816323
Hamilton City,HEAPHY TERRACE,5,S, ,BOUNDARY ROAD,201437831,28/05/2014,Wed,1715,EE,CS1C,374B ,M,R,D,TF,F ,R,G,C,50,0,0,0,,,1801221,5816709
Hamilton City,HEAPHY TERRACE,, ,I,BOUNDARY ROAD,201431022,09/02/2014,Sun,1845,FA,CS1C,181A ,,E,D,B ,F ,R,G,R,50,0,0,0,,,1801214,5816732
Hamilton City,HEAPHY TERRACE,, ,I,BOUNDARY ROAD,201416611,30/08/2014,Sat,1200,HA,CW2C,302A 375A ,,E,D,B ,F ,R,G,R,50,0,0,2,,,1801207,5816721
Hamilton City,HEAPHY TERRACE,, ,I,BROOKLYN ROAD,201441547,01/08/2014,Fri,1100,LB,CS1V,303B 375B ,,R,D,B ,F ,X,T,C,50,0,0,0,,,1801521,5816037
Hamilton City,HEAPHY TERRACE,15,S, ,CLARKIN ROAD,201443937,23/06/2014,Mon,1500,AC,CN1C,372A ,,R,D,BF,F , ,N,P,50,0,0,0,,,1800769,5817806
Hamilton City,HEAPHY TERRACE,50,S, ,MARSHALL ST,201450580,15/10/2014,Wed,1905,MA,CS1C,373B 671B ,,R,D,TN,F , , ,P,50,0,0,0,,,1801059,5817105