TLANAME,CRASHROAD,CRASHDIST,CRASHDIRN,INTSN,SIDEROAD,CRASHID,CRASHDATE,CRASHDOW,CRASHTIME,MVMT,VEHICLES,CAUSES,OBJECTSSTRUCK,ROADCURVE,ROADWET,LIGHT,WTHRa,JUNCTYPE,TRAFCTRL,ROADMARK,SPDLIM,CRASHFATALCNT,CRASHSEVCNT,CRASHMINCNT,PERSAGE1,PERSAGE2,EASTING,NORTHING
Hamilton City,HEAPHY TERRACE,30,S, ,ONEILL ST,201435938,31/03/2014,Mon,1700,EA,VS1C,129A ,M,R,D,BF,F , ,N,C,50,0,0,0,,,1801540,5815995
Hamilton City,HEAPHY TERRACE,20,S, ,OXFORD ST,201431979,30/01/2014,Thu,1458,MB,CN1C,303B 375B ,,R,D,BF,F , ,N,C,50,0,0,0,,,1801086,5817041
Hamilton City,HEAPHY TERRACE,20,N, ,STANLEY ST,201440059,06/07/2014,Sun,1200,BA,CS1CC,129A ,M,R,D,BF,F , ,N,C,50,0,0,0,,,1801262,5816627
Hamilton City,HEAPHY TERRACE,50,S, ,STANLEY ST,201443852,22/08/2014,Fri,1915,EA,CN1C,129A ,M,R,D,DO,F , ,N,C,50,0,0,0,,,1801290,5816563
Hamilton City,HEAPHY TERRACE,50,S, ,THAMES ST,201444835,02/10/2014,Thu,1410,AO,CS1C,386A ,,R,D,OF,F , ,N,C,50,0,0,0,,,1801340,5816446
Hamilton City,HECTOR DRIVE,, ,I,PIWAKAWAKA COURT,201444582,12/09/2014,Fri,835,KA,CN1C,302B ,,R,D,B ,F ,T,G,C,50,0,0,0,,,1799759,5822678
Hamilton City,HERBERT ROAD,50,N, ,COLMAN ST,201411667,18/02/2014,Tue,1540,NA,CN1E,712B 713B 726B ,,R,D,BF,F , ,N,C,50,0,0,1,6,,1799967,5819505
Hamilton City,HIGGINS ROAD,20,N, ,DUKE ST,201444581,22/09/2014,Mon,1145,MA,VS1C,373B ,,R,D,B ,F , , ,C,50,0,0,0,,,1798609,5813865
Hamilton City,HIGGINS ROAD,, ,I,DUKE ST,201443634,29/08/2014,Fri,1047,HA,CN1C,321B 375B 402B ,,R,D,O ,F ,X,S,C,50,0,0,0,,,1798600,5813848
Hamilton City,HIGGINS ROAD,, ,I,DUKE ST,201448521,18/10/2014,Sat,200,DA,VE2,111A 137A ,F,R,W,DO,F ,X,S,C,50,0,0,0,,,1798600,5813848
Hamilton City,HIGGINS ROAD,, ,I,KAHIKATEA DRIVE,201415934,05/09/2014,Fri,1819,HA,CS1C,302B 375B 801 ,,R,W,TF,L ,X,G,R,50,0,0,1,,,1798460,5813542
Hamilton City,HIGGINS ROAD,, ,I,KILLARNEY ROAD,201449272,20/11/2014,Thu,103,DB,CN1,103A 111A 131A ,T,S,W,DO,L ,T,G,P,50,0,0,0,,,1798913,5814528
Hamilton City,HILLCREST ROAD,170,N, ,MANSEL AVENUE,201437363,21/05/2014,Wed,2210,EC,CN1,911,W,E,D,DO,F , ,N,C,50,0,0,0,,,1803911,5814438
Hamilton City,HOLLAND ROAD,, ,I,WILLIAMS PLACE,201418620,01/11/2014,Sat,711,CB,CS1,524A ,K,R,D,TF,F ,T,N,C,50,0,0,1,,,1801583,5817552
Hamilton City,HOOD ST,50,E, ,ANGLESEA ST,201434742,06/04/2014,Sun,700,MO,CW1C,371A ,M,R,D,DO,F , ,N,C,50,0,0,0,,,1801091,5814906
Hamilton City,HOOD ST,, ,I,ANGLESEA ST,201432549,17/02/2014,Mon,1450,MG,CW1C,371A ,,R,D,B ,F ,X,T,R,50,0,0,0,,,1801051,5814876
Hamilton City,HORSHAM DOWNS ROAD,800,N, ,BORMAN ROAD,201435568,20/04/2014,Sun,1344,DA,CS1,111A 131A 801 ,F,M,W,O ,L , , ,L,80,0,0,0,,,1800692,5823437
Hamilton City,HORSHAM DOWNS ROAD,, ,I,BORMAN ROAD,201437476,23/05/2014,Fri,750,JA,CN1C,124A 363A 645A 902 ,,R,D,B ,F ,T,G,C,50,0,0,0,,,1800722,5822722
Hamilton City,HORSHAM DOWNS ROAD,50,S, ,THOMAS ROAD,201441580,14/08/2014,Thu,1935,KB,CS1C,308B 375B 926 ,,R,W,DO,F ,D, ,C,50,0,0,0,,,1800349,5821574
Hamilton City,HORSHAM DOWNS ROAD,50,S, ,THOMAS ROAD,201447721,09/10/2014,Thu,1230,FD,CN1CC,181A 181B ,,R,D,B ,F , , ,R,50,0,0,0,,,1800349,5821574
Hamilton City,HORSHAM DOWNS ROAD,100,S, ,THOMAS ROAD,201440150,20/06/2014,Fri,1256,GA,CN1C,181A 350A 926 ,,R,D,B ,F ,D,N,C,50,0,0,0,,,1800359,5821525
Hamilton City,HORSHAM DOWNS ROAD,, ,I,THOMAS ROAD,201412634,24/03/2014,Mon,806,DB,SS1C,302A 375A ,,M,D,BF,F ,R,G,R,50,0,0,1,,13,1800323,5821629
Hamilton City,HUKANUI ROAD,150,S, ,CALLUM BRAE DRIVE,201415236,24/07/2014,Thu,1004,FD,4N1CV,331A 358A ,,R,D,BF,F , ,N,C,50,0,0,2,,,1800367,5820616
Hamilton City,HUKANUI ROAD,, ,I,CHEDWORTH AVENUE,201414977,22/06/2014,Sun,851,JA,VS1C,302B 382B ,,R,W,BF,F ,T,G,R,50,0,1,0,,,1800992,5819174
Hamilton City,HUKANUI ROAD,, ,I,CHEDWORTH AVENUE,201430144,25/01/2014,Sat,1718,JA,CS1C,302B 375B ,,R,D,BF,F ,T,G,R,50,0,0,0,,,1800992,5819174
Hamilton City,HUKANUI ROAD,, ,I,CLARKIN ROAD,201443632,13/07/2014,Sun,1933,DB,VN1,131A 330A ,PX,M,D,DO,F ,R,G,R,50,0,0,0,,,1801555,5818115
Hamilton City,HUKANUI ROAD,30,N, ,COMRIES ROAD,201414265,31/07/2014,Thu,836,GC,TN1V,387A 174B 929 ,,R,D,B ,F ,D,N,C,70,0,0,1,,,1800913,5819335
Hamilton City,HUKANUI ROAD,, ,I,COMRIES ROAD,201444290,13/09/2014,Sat,1255,KA,4N1C,302B 375B ,,R,D,B ,F ,T,G,C,50,0,0,0,,,1800926,5819308
Hamilton City,HUKANUI ROAD,, ,I,COMRIES ROAD,201442270,18/08/2014,Mon,1848,JA,CN1C,302B 387B ,,R,D,DO,F ,T,G,R,50,0,0,0,,,1800926,5819308
Hamilton City,HUKANUI ROAD,80,N, ,CROSBY ROAD,201443178,06/08/2014,Wed,1223,GD,CS1V,191A 331A 929 ,,R,D,O ,F ,D,N,C,50,0,0,0,,,1801153,5818831
Hamilton City,HUKANUI ROAD,100,N, ,ELMIRA AVENUE,201414567,23/07/2014,Wed,923,DA,CN1,410A ,KT,E,D,B ,F , , ,C,50,0,0,3,,,1801152,5818497
Hamilton City,HUKANUI ROAD,110,N, ,ELMIRA AVENUE,201434644,05/04/2014,Sat,1446,DA,CN1,332A 350A ,P,E,D,BF,F , ,N,C,50,0,0,0,,,1801149,5818507
Hamilton City,HUKANUI ROAD,, ,I,GERRAND PLACE,201410264,14/02/2014,Fri,540,BF,CN1V,111A 131A ,,E,W,DO,L ,T,G,C,50,0,0,2,,,1800460,5819900
Hamilton City,HUKANUI ROAD,40,S, ,KENSINGTON PLACE,201431712,18/01/2014,Sat,1600,MA,CN1C,373B ,,E,D,B ,F , , ,C,50,0,0,0,,,1801492,5818151
Hamilton City,HUKANUI ROAD,40,N, ,KIRK MEWS,201415002,05/08/2014,Tue,1319,DA,CS14,131A 350A ,M,E,D,B ,F , , ,R,50,0,0,1,,,1800366,5821348
Hamilton City,HUKANUI ROAD,200,S, ,LYNDEN COURT,201410053,05/02/2014,Wed,1517,FD,CN14C,331A 352A 402A ,,R,D,B ,F , , ,P,50,0,0,1,,,1800832,5819486
Hamilton City,HUKANUI ROAD,100,N, ,SNELL DRIVE,201441169,14/05/2014,Wed,827,AA,CS1T,382A ,,R,W,OF,L , ,N,P,50,0,0,0,,,1801467,5818175
Hamilton City,HUKANUI ROAD,, ,I,SNELL DRIVE,201444292,12/09/2014,Fri,1710,HA,VS2C,302A 330A ,,M,D,O ,F ,R,G,R,50,0,0,0,,,1801569,5818111
Hamilton City,HUKANUI ROAD,, ,I,SNELL DRIVE,201444438,18/09/2014,Thu,1249,DA,CS1,111A 131A 402A ,ITX,R,D,O ,F ,R,G,R,50,0,0,0,,,1801555,5818115
Hamilton City,HUKANUI ROAD,, ,I,SOVEREIGN ISLE LANE,201432466,22/01/2014,Wed,1310,BB,CN1C,124A 357A ,,R,D,O ,F ,T,N,N,50,0,0,0,,,1800325,5820887
Hamilton City,HUKANUI ROAD,70,S, ,WAIRERE DRIVE,201437675,29/05/2014,Thu,1225,FA,BS1C,158A 386A 929 ,,R,W,O ,F ,D,N,C,50,0,0,0,,,1800429,5820037
Hamilton City,HUKANUI ROAD,, ,I,WAIRERE DRIVE,201414982,26/06/2014,Thu,1625,HA,CW2C,302A 387A ,,M,D,ON,F ,R,G,C,80,0,0,1,,,1800424,5820111
Hamilton City,HUKANUI ROAD,, ,I,WAIRERE DRIVE,201436437,08/05/2014,Thu,936,DA,CW2,111A 131A ,G,M,W,OF,L ,R,G,R,80,0,0,0,,,1800419,5820108
Hamilton City,HUKANUI ROAD,, ,I,WAIRERE DRIVE,201441568,11/08/2014,Mon,1118,HA,CS1C,302A ,,E,W,B ,F ,R,G,P,80,0,0,0,,,1800414,5820105
Hamilton City,HUNTINGTON DRIVE,, ,I,DARJON DRIVE,201431019,30/01/2014,Thu,540,HA,CW1S,302A 375A ,,E,D,B ,F ,R,G,R,50,0,0,0,,,1801369,5820163
Hamilton City,HYDE AVENUE,, ,I,ELLICOTT ROAD,201436441,05/02/2014,Wed,1825,DA,CW2,111A 131A ,I,R,D,OF,F ,T,G,R,50,0,0,0,,,1797151,5815435
Hamilton City,KAHIKATEA DRIVE,, ,I,HIGGINS ROAD,201411596,24/02/2014,Mon,1607,HA,CW1TV,302A 377A ,M,R,D,BF,F ,X,G,C,50,0,1,0,,,1798460,5813542
Hamilton City,KAKA ST,, ,I,PUKEKO ST,201432347,09/02/2014,Sun,1725,DA,VE2,101A 131A ,T,R,D,B ,F ,T,G,C,50,0,0,0,,,1798473,5815335
Hamilton City,KARAKA ST,590,S, ,AVALON DRIVE,201449362,25/10/2014,Sat,1947,BF,CS1V,103A 111A 131A 402A ,,M,D,TO,F , , ,C,50,0,0,0,,,1797134,5816535
Hamilton City,KARAKA ST,, ,I,WALL ST,201412377,08/04/2014,Tue,2200,HA,CS24,302A 375A ,P,R,W,DO,F ,X,G,C,50,0,0,1,,,1797400,5816768
Hamilton City,KAREN CRESCENT,100,W, ,LETHBORG ST,201415533,23/08/2014,Sat,1346,CA,MW1C,130A 352A ,MT,R,D,B ,F , , ,N,50,0,1,0,,,1798143,5813938
Hamilton City,KAREWA PLACE,, ,I,WAIRERE DRIVE,201437952,31/05/2014,Sat,1528,FB,CS1C,181A 331A ,,E,D,B ,F ,T,G,R,50,0,0,0,,,1797227,5819693
Hamilton City,KAREWA PLACE,, ,I,WAIRERE DRIVE,201449698,31/12/2014,Wed,1615,FB,VS1C,181A 331A ,,E,D,O ,F ,T,G,R,50,0,0,0,,,1797227,5819693
Hamilton City,KAREWA PLACE,, ,I,WAIRERE DRIVE,201430461,21/01/2014,Tue,1815,FB,CE1C,181A 330A ,,E,D,B ,F ,T,G,C,50,0,0,0,,,1797227,5819693
Hamilton City,KAY ROAD,400,W, ,HORSHAM DOWNS ROAD,201415821,08/09/2014,Mon,1955,DB,MW1,102A 131A 191A 402A ,C,E,D,TN,F , , ,C,100,0,0,1,,,1799004,5823905
Hamilton City,KEATS CRESCENT,100,W, ,BLAKE ST,201433282,20/03/2014,Thu,,EA,CE1C,129A ,M,R,D,DO,F , ,N,C,50,0,0,0,,,1802020,5817917
Hamilton City,KENT ST,, ,I,HALL ST,201442277,15/08/2014,Fri,808,HA,VS2C,322A ,,R,W,B ,F ,X,T,C,50,0,0,0,,,1799294,5815398
Hamilton City,KENT ST,, ,I,HALL ST,201410551,12/02/2014,Wed,1440,HA,SN1C,204A 300A 614A ,,R,D,BF,F ,X,T,C,50,0,0,1,,21,1799294,5815398
Hamilton City,KILLARNEY ROAD,10,E, ,COLOMBO ST,201416463,25/09/2014,Thu,1610,FD,CE1CCC,331A 359A ,,R,D,B ,F ,T,G,P,50,0,0,1,,,1799216,5814529
Hamilton City,KILLARNEY ROAD,20,E, ,KILLARNEY LANE,201440370,30/05/2014,Fri,730,EA,CE1C,129A 801 ,M,M,W,O ,L , , ,N,50,0,0,0,,,1799125,5814529
Hamilton City,KILLARNEY ROAD,, ,I,KILLARNEY LANE,201443068,31/07/2014,Thu,1645,LB,CW1C,208A 303B 377B ,,R,D,O ,F ,T,N,C,50,0,0,0,,,1799105,5814529
Hamilton City,KILLARNEY ROAD,, ,I,KILLARNEY LANE,201442266,21/08/2014,Thu,1713,LB,CW1C4,158A ,,R,D,B ,F ,T,N,C,50,0,0,0,,,1799105,5814529
Hamilton City,KILLARNEY ROAD,130,W, ,PATERSON ST,201444215,24/07/2014,Thu,1620,NB,CW1E,710B ,,R,D,B ,F , , ,C,50,0,0,0,,,1798100,5814552
Hamilton City,KILLARNEY ROAD,, ,I,QUEENS AVENUE,201414294,12/08/2014,Tue,1238,KB,4E1CV,302B 375B ,,M,D,B ,L ,X,G,N,50,0,0,2,,,1799642,5814529
Hamilton City,KILLARNEY ROAD,, ,I,QUEENS AVENUE,201412157,23/04/2014,Wed,941,KA,SE1C,302B ,,R,D,B ,F ,X,G,C,50,0,0,1,,55,1799642,5814529
Hamilton City,KILLARNEY ROAD,, ,I,QUEENS AVENUE,201451050,29/08/2014,Fri,1640,JA,VE1C,302B 377B ,,R,D,BF,F ,T,G,C,50,0,0,0,,,1799642,5814529
Hamilton City,KILLARNEY ROAD,, ,I,QUEENS AVENUE,201444596,14/09/2014,Sun,230,KA,CE1C,197A 302B 375B ,,M,D,DO,F ,X,G,C,50,0,0,0,,,1799642,5814529
Hamilton City,KILLARNEY ROAD,, ,I,QUEENS AVENUE,201446954,18/10/2014,Sat,1848,HA,CS24,103A 302A 375A ,,R,D,BF,F ,X,G,C,50,0,0,0,,,1799642,5814529
Hamilton City,KILLARNEY ROAD,, ,I,QUEENS AVENUE,201443174,04/08/2014,Mon,1726,JA,CE1C,302B ,,R,D,TO,F ,X,G,C,50,0,0,0,,,1799642,5814529
Hamilton City,KILLARNEY ROAD,40,E, ,TUHIKARAMEA ROAD,201443263,14/08/2014,Thu,1239,MC,CE1C,372B ,,R,D,O ,F , , ,R,50,0,0,0,,,1797980,5814563
Hamilton City,KILLARNEY ROAD,, ,I,TUHIKARAMEA ROAD,201441570,14/08/2014,Thu,1745,FB,CW1V,181A 302A ,,R,W,O ,F ,R,G,C,50,0,0,0,,,1797945,5814566
Hamilton City,KING ST,120,E, ,LAKE ROAD,201432741,08/03/2014,Sat,1103,MB,CE1C,370B ,,R,D,O ,F , , ,C,50,0,0,0,,,1799773,5815358
Hamilton City,KING ST,, ,I,LAKE ROAD,201411245,05/03/2014,Wed,1810,HA,CW1S,302A 902 ,,E,D,B ,F ,R,G,R,50,0,0,1,,26,1799679,5815264
Hamilton City,KNIGHTON ROAD,, ,I,CAMERON ROAD,201437628,29/04/2014,Tue,1613,KA,CS2CC,302B 181C 331C 817 ,,M,D,B ,F ,R,G,R,30,0,0,0,,,1803439,5815004
Hamilton City,KNIGHTON ROAD,50,N, ,EDINBURGH ROAD,201416557,13/10/2014,Mon,1800,GA,CS1C,331A 352A 929 ,,R,D,BF,F ,D,N,C,50,0,0,2,,,1803467,5814540
Hamilton City,KNIGHTON ROAD,160,N, ,EDINBURGH ROAD,201441809,26/07/2014,Sat,2015,BC,CS1C,121A ,,M,D,DO,F , , ,C,50,0,0,0,,,1803424,5814641
Hamilton City,KNIGHTON ROAD,100,N, ,HELENA ROAD,201413736,05/05/2014,Mon,1754,NA,PS1,194A 901 ,,R,W,DO,H , ,N,C,50,0,1,0,,,1803510,5815127
Hamilton City,LAKE CRESCENT,150,W, ,HIBISCUS AVENUE,201418519,04/12/2014,Thu,1840,JA,ME1C,308B 375B 922 ,,M,D,BF,F ,D,N,C,50,0,0,1,,,1800315,5813565
Hamilton City,LAKE CRESCENT,, ,I,PEMBROKE ST,201449407,13/12/2014,Sat,1520,FE,CN1C,103A 181A ,,E,D,O ,F ,X,T,R,50,0,0,0,,,1800808,5813543
Hamilton City,LAKE DOMAIN DRIVE,60,S, ,FOWLERS AVENUE,201431616,17/01/2014,Fri,605,DA,VN1,111A 131A ,FK,M,W,TF,L , , ,C,50,0,0,0,,,1799950,5814716
Hamilton City,LAKE DOMAIN DRIVE,130,W, ,FOWLERS AVENUE,201450100,11/12/2014,Thu,50,DA,CN1,131A 801 ,C,M,W,DO,L , , ,C,50,0,0,0,,,1799897,5814670
Hamilton City,LAKE DOMAIN DRIVE,40,N, ,KILLARNEY ROAD,201438085,18/05/2014,Sun,120,DB,CS1,101A 111A 131A ,CP,M,D,DO,M , , ,C,50,0,0,0,,,1799815,5814512
Hamilton City,LAKE DOMAIN DRIVE,200,N, ,KILLARNEY ROAD,201437630,23/05/2014,Fri,1830,DA,CN1,102A 111A 131A 402A 801 ,C,S,W,DO,L , , ,C,50,0,0,0,,,1799894,5814642
Hamilton City,LAKE ROAD,, ,I,COMMERCE ST,201441808,24/07/2014,Thu,745,AC,CN1V,173A 372A ,,R,D,O ,F ,X,G,C,50,0,0,0,,,1799546,5815410
Hamilton City,LAKE ROAD,, ,I,HALL ST,201438753,27/03/2014,Thu,1854,LB,CS1C,303B ,,R,D,DO,F ,X,T,R,50,0,0,0,,,1799424,5815528
Hamilton City,LAKE ROAD,, ,I,KING ST,201441154,30/04/2014,Wed,1530,BF,CS1C,131A ,,E,D,BF,F ,R,G,R,50,0,0,0,,,1799680,5815273
Hamilton City,LAKE ROAD,90,E, ,MARAMA ST,201447723,27/10/2014,Mon,2205,EA,CE1C,129A 358A ,M,R,W,DO,L , , ,P,50,0,0,0,,,1800102,5814959
Hamilton City,LAKE ROAD,, ,I,MARAMA ST,201438077,15/05/2014,Thu,937,JA,CS1C,302B ,,R,D,O ,F ,X,G,P,50,0,0,0,,,1800026,5815007
Hamilton City,LAKE ROAD,50,N, ,QUEENS AVENUE,201439480,18/05/2014,Sun,231,EA,CS1C,101A 359A ,M,R,D,DO,F , ,N,C,50,0,0,0,,,1799924,5815077
Hamilton City,LAKE ROAD,20,S, ,QUEENS AVENUE,201416512,24/09/2014,Wed,1921,EA,CE1C,129A 359A ,M,R,D,DO,F , ,N,C,50,0,0,1,,,1799981,5815037
Hamilton City,LAKE ROAD,, ,I,SOMERSET ST,201432987,06/03/2014,Thu,1412,JA,CS1C,302B 507B ,,R,D,B ,F ,T,G,C,50,0,0,0,,,1799774,5815186
Hamilton City,LAMBERT COURT,20,S, ,SH 3,201441155,25/05/2014,Sun,1500,FB,CS1C,181A ,,R,D,OF,F ,T,G,C,50,0,0,0,,,1801279,5811458
Hamilton City,LEWIS ST,20,N, ,GARDEN HEIGHTS AVENUE,201442274,10/08/2014,Sun,2205,MO,CS1,130A 524A ,T,R,W,DO,F , , ,C,50,0,0,0,,,1801766,5811872
Hamilton City,LINCOLN ST,, ,I,ELLICOTT ROAD,201444846,16/10/2014,Thu,915,FE,CN1C,181A ,,R,D,BF,F ,X,T,C,50,0,0,0,,,1798089,5816149
Hamilton City,LINCOLN ST,, ,I,ELLICOTT ROAD,201435778,09/05/2014,Fri,1430,LB,CN1C,323B 402B ,,R,D,B ,F ,X,T,R,50,0,0,0,,,1798089,5816149
Hamilton City,LINCOLN ST,, ,I,NORTON ROAD,201448146,10/11/2014,Mon,1734,BF,CW2C,131A 504A ,GK,R,D,B ,F ,R,G,R,50,0,0,0,,,1798415,5815902
Hamilton City,LIVERPOOL ST,50,S, ,TRISTRAM ST,201444844,08/10/2014,Wed,1450,EA,CW1C,129A ,M,R,D,OF,F , ,N,C,50,0,0,0,,,1800086,5815942
Hamilton City,LIVERPOOL ST,, ,I,VIALOU ST,201443264,19/08/2014,Tue,850,DB,CN2CCC,131A 404A ,M,R,D,O ,F ,T,G,C,50,0,0,0,,,1800138,5815981
Hamilton City,LIVERPOOL ST,50,W, ,VICTORIA ST,201447345,17/10/2014,Fri,1056,JA,CS1C,309B 377B 839 927 ,,R,D,B ,F ,D,N,C,50,0,0,0,,,1800403,5816160
Hamilton City,LIVERPOOL ST,, ,I,VICTORIA ST,201437949,05/06/2014,Thu,1253,LB,CE1C,303B 334B ,,R,D,B ,F ,X,T,C,50,0,0,0,,,1800444,5816189
Hamilton City,LIVINGSTONE AVENUE,, ,I,ROY ST,201417299,18/10/2014,Sat,1414,DB,CW1,104A 111A 131A 402A 801 ,FPS,M,W,O ,L ,T,G,C,50,0,0,1,,,1797647,5816231
Hamilton City,LIVINGSTONE AVENUE,50,E, ,WAIMARIE ST,201442775,16/07/2014,Wed,1715,DB,CW1,133A 402A 929 ,JP,M,D,DO,F ,D,N,C,50,0,0,0,,,1797423,5816216
Hamilton City,LIVINGSTONE AVENUE,50,E, ,WAIMARIE ST,201437927,06/06/2014,Fri,825,MO,CN1C,372A ,Q,M,D,B ,F , ,N,C,50,0,0,0,,,1797423,5816216
Hamilton City,LONDON ST,, ,I,BARTON ST,201441820,11/07/2014,Fri,1141,LB,MW1C,112A 303B 375B ,,R,D,O ,F ,T,G,C,50,0,0,0,,,1800616,5815718
Hamilton City,LONDON ST,20,W, ,HARWOOD ST,201434754,04/05/2014,Sun,1205,JA,CE1C,308B 375B 930 ,,R, , F,  ,D,N,N,50,0,0,0,,,1800565,5815684
Hamilton City,LONDON ST,, ,I,TRISTRAM ST,201432155,29/01/2014,Wed,1237,LB,4E1C,303B ,,R,D,B ,F ,X,T,C,50,0,0,0,,,1800319,5815515
Hamilton City,LONDON ST,, ,I,TRISTRAM ST,201437950,02/06/2014,Mon,1511,LB,CN1C,303B 375B ,,R,D,B ,F ,X,T,C,50,0,0,0,,,1800319,5815515
Hamilton City,LONDON ST,10,W, ,VICTORIA ST,201411093,22/02/2014,Sat,1210,MA,CW1CC,350B 373B ,Q,R,D,O ,F ,X,T,C,50,0,0,1,,,1800711,5815784
Hamilton City,LONDON ST,, ,I,VICTORIA ST,201432463,08/02/2014,Sat,205,DA,CS1,111A 131A 801 ,KS,R,W,DO,L ,X,T,C,50,0,0,0,,,1800719,5815790
Hamilton City,LORIMER LANE,40,N, ,COBHAM DRIVE,201436606,28/04/2014,Mon,903,MO,CN1V,371A 371B 929 ,,R,D,B ,F ,D,N,N,40,0,0,0,,,1804028,5813705
Hamilton City,LORIMER LANE,40,N, ,SH 1N,201438460,28/04/2014,Mon,820,MO,VS1C,371A 371B 929 ,,R,D,O ,F ,D, ,N,50,0,0,0,,,1804028,5813705
Hamilton City,LUGTON ST,50,N, ,ROTOKAURI ROAD,201440368,27/06/2014,Fri,1800,DA,CS1C,129A 130A 801 ,M,E,W,DO,L , , ,N,50,0,0,0,,,1797071,5817482
Hamilton City,LYNDEN COURT,, ,I,HUKANUI ROAD,201437826,27/05/2014,Tue,1245,FB,CE1C,181A 191B ,,R,D,B ,F ,T,G,C,50,0,0,0,,,1800698,5819635
Hamilton City,MAAHANGA DRIVE,40,S, ,THE BASE PARADE,201430724,25/01/2014,Sat,810,AA,CN14,159A 357A ,,R,D,BF,F , ,N,R,50,0,0,0,,,1796639,5819794
Hamilton City,MAEROA ROAD,, ,I,MAEROA,201436179,23/04/2014,Wed,731,HA,CS2C,302A ,,R,D,B ,F ,R,G,R,50,0,0,0,,,1798889,5816135
Hamilton City,MAEROA ROAD,, ,I,NORTON ROAD,201442470,04/07/2014,Fri,929,JA,VE2C,302B 375B ,,R,D,OF,F ,T,G,P,50,0,0,0,,,1798843,5815838
Hamilton City,MAEROA ROAD,50,N, ,RIDOUT ST,201415907,23/07/2014,Wed,523,DB,CS1,103A 111A 131A ,KT,E,D,DO,F , , ,C,50,0,0,2,,,1798951,5816668
Hamilton City,MAEROA ROAD,80,E, ,RIMU ST,201441822,14/07/2014,Mon,1851,FD,4N1C,331A ,,R,D,DO,F , , ,C,50,0,0,0,,,1798905,5816213
Hamilton City,MAEROA ROAD,, ,I,RIMU ST,201437946,08/06/2014,Sun,813,HA,CN1C,302A 375A ,,E,D,B ,F ,R,G,R,50,0,0,0,,,1798889,5816135
Hamilton City,MAHOE ST,15,W, ,SH 3,201450832,22/11/2014,Sat,850,QD,CE1C,611A ,M,R,D,OF,F , ,N,L,50,0,0,0,,,1800795,5812788
Hamilton City,MAHOE ST,100,W, ,SH 3,201436605,18/04/2014,Fri,1800,EA,CE1C,103A ,M,E,D,DO,F , ,N,C,50,0,0,0,,,1800721,5812747
Hamilton City,MANSEL AVENUE,, ,I,FENWICK CRESCENT E,201447657,31/10/2014,Fri,1740,JA,4E1C,302B ,,R,W,OF,F ,T,G,C,50,0,0,0,,,1804551,5813897
Hamilton City,MANSEL AVENUE,130,E, ,MASTERS AVENUE,201437951,31/05/2014,Sat,1119,GD,CE1C,181A 387A 929 ,,R,D,B ,F ,D,N,C,50,0,0,0,,,1804226,5814062
Hamilton City,MARAMA ST,50,W, ,SEDDON ROAD,201418511,30/11/2014,Sun,1400,PC,CS1E,371A 929 ,,R,D,BF,F ,D,N,C,50,0,0,1,85,,1800255,5815169
Hamilton City,MASSEY HALL OVERBRIDGE,25,W, ,KENT ST,201414042,11/06/2014,Wed,757,BE,CW1CC,110A 133A 901 903 ,,R,W,O ,HS,X,T,C,50,0,0,1,,,1799274,5815382
Hamilton City,MASSEY HALL OVERBRIDGE,200,W, ,KENT ST,201440139,04/07/2014,Fri,1740,AB,CW1CC,151A 381A ,,R,D,TO,F , ,N,L,50,0,0,0,,,1799138,5815272
Hamilton City,MASTERS AVENUE,20,N, ,AURORA TERRACE,201417294,01/09/2014,Mon,0,CB,CN1,103A 112A 130A 801 ,P,R,W,DO,L , , ,C,50,0,0,1,,,1804243,5814307
Hamilton City,MASTERS AVENUE,50,E, ,CARRINGTON AVENUE,201441574,01/08/2014,Fri,800,MO,CE1C,371A 926 ,M,R,D,B ,F ,D,N,N,50,0,0,0,,,1804395,5814403
Hamilton City,MASTERS AVENUE,, ,I,MANSEL AVENUE,201432510,28/01/2014,Tue,849,FB,CS1C,331A 358A ,,E,D,B ,F ,X,S,C,50,0,0,0,,,1804120,5814138
Hamilton City,MASTERS AVENUE,40,E, ,MORRIS ROAD,201416527,25/09/2014,Thu,1123,MC,ME1C,372B ,,R,D,BF,F , ,N,C,50,0,0,1,,,1804718,5814494
Hamilton City,MASTERS AVENUE,15,W, ,PANAIR CRESCENT,201444046,10/08/2014,Sun,330,EA,CE1CC,129A ,MM,R,D,DO,F ,T,G,C,50,0,0,0,,,1804275,5814349
Hamilton City,MASTERS AVENUE,400,W, ,SILVERDALE ROAD,201448519,24/10/2014,Fri,1525,MO,4E1C,371A ,,R,D,BF,F , ,N,C,50,0,0,0,,,1804660,5814473
Hamilton City,MAUI ST SOUTH,, ,I,CHURCH ROAD,201440455,02/07/2014,Wed,1300,DA,CS1CCC,111A 131A ,M,E,W,B ,F ,X,T,C,50,0,0,0,,,1796488,5820460
Hamilton City,MAUI ST SOUTH,, ,I,CHURCH ROAD,201435775,09/05/2014,Fri,650,DA,VN2,111A 131A 407A 801 ,T,M,W,O ,L ,X,T,C,50,0,0,0,,,1796488,5820460
Hamilton City,MCMEEKAN AVENUE,, ,I,ELLERSLIE AVENUE,201414996,16/06/2014,Mon,1720,KA,SS1C,302B 375B ,,R,D,TF,F ,T,G,C,50,0,0,1,,57,1801683,5819123
Hamilton City,MEADOW VIEW LANE,600,N, ,PUKETE ROAD,201418873,21/12/2014,Sun,55,EA,CS1C,103A 129A ,M,R,W,DN,L , ,N,N,50,0,0,1,,,1795666,5822935
Hamilton City,MEMORIAL DRIVE,40,N, ,BRIDGE ST,201441810,27/07/2014,Sun,1610,MC,CN1C,372B ,,R,D,B ,F , , ,R,50,0,0,0,,,1801680,5814952
Hamilton City,MEMORIAL DRIVE,110,N, ,BRIDGE ST,201446917,01/09/2014,Mon,2202,EA,CN1C,129A ,M,R,W,DO,F , ,N,C,50,0,0,0,,,1801652,5815016
Hamilton City,MENZIES ST,, ,I,TE RAPA ROAD,201442297,19/08/2014,Tue,1630,JO,SE2C,204A ,,R,W,O ,F ,T,N,C,60,0,0,0,,,1799185,5817527