TLANAME,CRASHROAD,CRASHDIST,CRASHDIRN,INTSN,SIDEROAD,CRASHID,CRASHDATE,CRASHDOW,CRASHTIME,MVMT,VEHICLES,CAUSES,OBJECTSSTRUCK,ROADCURVE,ROADWET,LIGHT,WTHRa,JUNCTYPE,TRAFCTRL,ROADMARK,SPDLIM,CRASHFATALCNT,CRASHSEVCNT,CRASHMINCNT,PERSAGE1,PERSAGE2,EASTING,NORTHING
Hamilton City,MICHAEL AVENUE,, ,I,IRENE CRESCENT,201415911,22/08/2014,Fri,1043,NF,4N1E,363A 370A 724B 830 902 ,,M,D,B ,F ,T,G,N,50,0,0,1,54,,1797710,5815268
Hamilton City,MILL ST,, ,I,TRISTRAM ST,201449962,11/12/2014,Thu,1740,LB,CS1C,303B 323B ,,E,D,B ,F ,X,T,C,50,0,0,0,,,1800006,5816011
Hamilton City,MILL ST,, ,I,TRISTRAM ST,201448560,05/11/2014,Wed,1107,KA,CW14,302B 375B ,,R,D,BF,F ,X,G,C,50,0,0,0,,,1800006,5816011
Hamilton City,MILL ST,, ,I,TRISTRAM ST,201415547,10/09/2014,Wed,1300,LB,CS1C,303B 334B ,,R,D,B ,F ,X,T,C,50,0,0,1,,,1800006,5816011
Hamilton City,MILL ST,, ,I,ULSTER ST,201432888,25/01/2014,Sat,2220,FE,VS1X,351A 423A ,,R,D,DO,F ,X,T,C,50,0,0,0,,,1800165,5816337
Hamilton City,MILL ST,, ,I,WILLOUGHBY ST,201417406,25/09/2014,Thu,2103,LB,VS1C,303B 375B ,,R,D,DO,F ,X,T,P,50,0,0,2,,,1800064,5816114
Hamilton City,MILL ST,, ,I,WILLOUGHBY ST,201436514,16/04/2014,Wed,2045,LB,CS1C,101B 323B 334B 402B 801 ,,R,W,DO,L ,X,T,C,50,0,0,0,,,1800064,5816114
Hamilton City,MILL ST,, ,I,WILLOUGHBY ST,201415656,13/09/2014,Sat,1850,LB,CS1C,303B 375B ,,R,W,DO,F ,X,T,R,50,0,0,2,,,1800064,5816114
Hamilton City,MILL ST,, ,I,WILLOUGHBY ST,201444440,05/09/2014,Fri,730,FB,CS1V,111A 181A 331A ,,E,W,TF,L ,X,G,R,50,0,0,0,,,1800064,5816114
Hamilton City,MILL ST,, ,I,WILLOUGHBY ST,201440179,21/06/2014,Sat,1100,MG,CN1C,371B ,,M,D,O ,F ,X,T,R,50,0,0,0,,,1800064,5816114
Hamilton City,MITCHAM AVENUE,50,E, ,HOLLOWAY PLACE,201437928,02/06/2014,Mon,430,MO,CS1C,101A 371A 929 ,M,R,D,DN,F ,D,N,N,50,0,0,0,,,1798458,5817144
Hamilton City,MONTGOMERY CRESCENT,60,N, ,ALLENBY ST,201437399,18/05/2014,Sun,1230,MO,TE1C,371A 385A 929 ,M,E,D,BF,F ,D,N,N,50,0,0,0,,,1801683,5813183
Hamilton City,MOONLIGHT DRIVE,30,E, ,WHISTLER CLOSE,201441801,28/07/2014,Mon,1525,GC,CW1C,174B 372B 929 ,,R,D,B ,F ,D, ,N,50,0,0,0,,,1799935,5822347
Hamilton City,MOUNT VIEW ROAD,30,E, ,GARDENIA CLOSE,201437552,04/04/2014,Fri,1140,EA,CE1V,129A 359A ,M,R,D,B ,F , , ,C,50,0,0,0,,,1800470,5812309
Hamilton City,MOUNT VIEW ROAD,150,E, ,PRISK ST,201415637,25/07/2014,Fri,1535,DB,CE1,111A 134A ,P,E,D,O ,F , ,N,N,50,0,0,1,,,1800379,5812167
Hamilton City,NAYLOR ST,, ,I,FOX ST,201446432,06/07/2014,Sun,1036,GB,CW1B,158A 387A ,,R,D,BF,F ,T,G,C,50,0,0,0,,,1803067,5814178
Hamilton City,NAYLOR ST,, ,I,GALLOWAY ST,201413332,11/04/2014,Fri,639,HA,4N2C,334A 334B 901 ,S,R,W,TO,H ,X,T,C,50,0,0,1,,,1802828,5814112
Hamilton City,NEWCASTLE ROAD,, ,I,ELLICOTT ROAD,201443005,06/09/2014,Sat,113,DC,CN1,101A 112A 130A 402A 801 ,G,R,W,DO,L ,T,G,C,50,0,0,0,,,1796862,5815344
Hamilton City,NIXON ST,70,S, ,ALBERT ST,201449343,14/11/2014,Fri,,CA,CS1,112A 130A 402A ,T,R,W,O ,F , , ,N,50,0,0,0,,,1802546,5814221
Hamilton City,NIXON ST,100,S, ,CLYDE ST,201449410,28/11/2014,Fri,1920,CB,CS14,130A ,,R,D,TF,F , , ,C,50,0,0,0,,,1802376,5814859
Hamilton City,NIXON ST,20,S, ,NAYLOR ST,201444428,15/09/2014,Mon,630,EA,VN1C,358A 423A ,M,R,D,TF,F , , ,N,50,0,0,0,,,1802598,5814029
Hamilton City,NIXON ST,20,S, ,WELLINGTON ST,201441572,13/08/2014,Wed,1430,MO,VS1C,371A 929 ,M,R,D,B ,F , ,N,C,50,0,0,0,,,1802469,5814507
Hamilton City,NORRIE ST,80,E, ,KERRS COURT,201415829,05/09/2014,Fri,2353,CA,PE1,104A 130A ,,R,D,DO,F , , ,N,50,0,0,1,,,1802239,5812564
Hamilton City,NORRIE ST,, ,I,PEACOCKES ROAD,201436018,15/04/2014,Tue,944,FF,CS1V,331A 352A ,,E,D,BF,F ,T,G,C,50,0,0,0,,,1802217,5812778
Hamilton City,NORRIS AVENUE,, ,I,EUCLID AVENUE,201448561,30/10/2014,Thu,814,JC,CE2C,302B 375B ,,R,W,OF,L ,T,G,C,50,0,0,0,,,1798300,5818664
Hamilton City,NORTHWAY ST,, ,I,SHEFFIELD ST,201447720,18/10/2014,Sat,50,DC,CN2,101A 112A 427A 801 ,,R,W,DO,L ,T,G,C,50,0,0,0,,,1797424,5818890
Hamilton City,NORTON ROAD,120,E, ,COMMERCE ST,201440158,09/06/2014,Mon,1251,MA,BW1C,373B ,,R,D,B ,F , ,N,C,50,0,0,0,,,1799901,5815608
Hamilton City,NORTON ROAD,15,E, ,HALL ST,201445255,22/09/2014,Mon,1327,KA,CE1C,308B 377B 839 929 ,,R,D,B ,F ,D, ,R,50,0,0,0,,,1799627,5815667
Hamilton City,NORTON ROAD,, ,I,LONDON ST,201442294,16/08/2014,Sat,2200,LB,CE1C,303B ,,R,W,DF,F ,X,T,C,50,0,0,0,,,1800319,5815515
Hamilton City,NORTON ROAD,15,E, ,MAEROA ROAD,201442240,14/08/2014,Thu,818,LB,CE1CC,303B 922 ,,R,W,B ,L ,D,N,P,50,0,0,0,,,1798858,5815835
Hamilton City,NORTON ROAD,, ,I,MILL ST,201411987,29/03/2014,Sat,1630,FB,CE1C,331A 350A ,,E,D,BF,F ,X,G,C,50,0,0,1,,,1799613,5815671
Hamilton City,NORTON ROAD,15,E, ,TANIWHA ST,201413671,14/05/2014,Wed,1120,CB,CW1,102A 130A ,T,R,D,O ,F , , ,P,50,0,0,1,,,1799405,5815716
Hamilton City,NORTON ROAD,40,W, ,TRISTRAM ST,201413304,19/05/2014,Mon,1645,NA,BE1E,506B 713B ,,R,D,B ,F , , ,P,50,0,1,0,25,,1800279,5815523
Hamilton City,NORTON ROAD,, ,I,TRISTRAM ST,201447351,11/11/2014,Tue,1725,LB,CE1C,322B 334B ,,E,W,O ,L ,X,T,C,50,0,0,0,,,1800319,5815515
Hamilton City,ODONOGHUE ST,5,S, ,HILLCREST ROAD,201436513,24/04/2014,Thu,1353,DA,CN1,111A 131A 402A 901 ,P,M,W,O ,H ,T,G,C,50,0,0,0,,,1804125,5814893
Hamilton City,OHAUPO ROAD,100,N, ,LORNE ST,201449652,24/11/2014,Mon,550,FC,4N1C,181A ,,R,D,TO,F , , ,X,50,0,0,0,,,1800719,5813120
Hamilton City,OHAUPO ROAD,10,S, ,PEMBROKE ST,201415414,23/08/2014,Sat,1029,MA,4N1B,150A 373B ,,R,D,B ,F ,X,T,P,50,0,0,1,,,1800725,5813081
Hamilton City,OHAUPO ROAD,, ,I,PEMBROKE ST,201437490,16/05/2014,Fri,1800,LB,CS1C,303B 330B ,,E,D,DO,F ,T,G,C,50,0,0,0,,,1800724,5813091
Hamilton City,OHAUPO ROAD,150,S, ,SANDLEIGH ROAD,201448608,30/09/2014,Tue,2320,EA,CS1C,129A ,M,R,D,DO,F , , ,C,50,0,0,0,,,1800712,5813166
Hamilton City,OHAUPO ROAD,30,N, ,SH 1N,201417469,13/10/2014,Mon,1723,FD,TS1CC,331A 350A ,,R,D,BF,F ,X,T,R,50,0,0,2,,,1800730,5813051
Hamilton City,OLD MILL ST,150,N, ,NORTON ROAD,201444507,25/08/2014,Mon,1135,AA,VN1V,372A 512A 514A ,,R,D,O ,F , , ,C,50,0,0,0,,,1799821,5815783
Hamilton City,ONEILL ST,100,E, ,GEORGE ST,201443024,10/09/2014,Wed,1505,MO,CN1C,371A 929 ,M,R,D,O ,F ,D, ,N,50,0,0,0,,,1801351,5815926
Hamilton City,ONEILL ST,150,E, ,GEORGE ST,201413276,14/06/2014,Sat,810,EA,VE1C,129A 363A 902 ,M,R,D,B ,F , ,N,C,50,0,0,1,,,1801395,5815950
Hamilton City,ONEILL ST,60,W, ,HEAPHY TERRACE,201445303,25/09/2014,Thu,1012,MO,CS1C,371A 671A 929 ,,R,D,B ,F ,D,N,N,50,0,0,0,,,1801474,5815993
Hamilton City,PALMERSTON ST,50,E, ,MANNING ST,201444840,06/10/2014,Mon,1607,DB,CE1CCC,133A 927 ,M,R,D,OF,F ,D,N,C,50,0,0,0,,,1801203,5814380
Hamilton City,PALMERSTON ST,, ,I,PEMBROKE ST,201441803,24/07/2014,Thu,1930,FB,CW1C,331A ,,R,D,DO,F ,T,S,C,50,0,0,0,,,1800831,5814213
Hamilton City,PEACHGROVE ROAD,, ,I,BOUNDARY ROAD,201450638,25/10/2014,Sat,1030,GF,CN1T,179B 381B ,,E,D,B ,F ,R,G,C,50,0,0,0,,,1801988,5816932
Hamilton City,PEACHGROVE ROAD,, ,I,BOUNDARY ROAD,201410561,01/02/2014,Sat,1030,GB,CN1TC,172B ,Q,M,D,BF,F ,R,G,R,50,0,0,1,,,1802004,5816928
Hamilton City,PEACHGROVE ROAD,, ,I,BROOKLYN ROAD,201450731,27/11/2014,Thu,615,KA,CW1C,302B ,,E,D,BF,F ,R,G,C,50,0,0,0,,,1802006,5816939
Hamilton City,PEACHGROVE ROAD,, ,I,CLARKIN ROAD,201410227,20/01/2014,Mon,2030,FB,CN1C,181A 330A ,,R,W,TF,L ,R,G,R,50,0,0,1,,,1801576,5818078
Hamilton City,PEACHGROVE ROAD,20,S, ,CLYDE ST,201438607,16/06/2014,Mon,1827,MF,CN1C,371B ,,R,W,DO,L ,X,T,C,50,0,0,0,,,1802486,5815009
Hamilton City,PEACHGROVE ROAD,, ,I,CLYDE ST,201414983,03/06/2014,Tue,1520,GB,SS1T,372B ,,R,D,BF,F ,X,T,C,50,0,0,1,,11,1802498,5814993
Hamilton City,PEACHGROVE ROAD,, ,I,CLYDE ST,201442778,20/07/2014,Sun,1648,FE,CS1CC,410A ,,R,D,BF,F ,X,T,C,60,0,0,0,,,1802498,5814993
Hamilton City,PEACHGROVE ROAD,10,S, ,ENDERLEY AVENUE,201440169,18/07/2014,Fri,2230,MO,CS1C,371A 386A 929 ,M,R,D,DO,F ,D,N,C,50,0,0,0,,,1802095,5816816
Hamilton City,PEACHGROVE ROAD,, ,I,FIFTH AVENUE,201443262,01/08/2014,Fri,1201,HA,CN1C,302A 375A ,,M,D,O ,F ,R,G,R,50,0,0,0,,,1801991,5816942
Hamilton City,PEACHGROVE ROAD,150,S, ,FRANCES ST,201437772,03/06/2014,Tue,1050,EA,BS1C,129A 330A ,M,R,D,B ,F , , ,C,50,0,0,0,,,1802377,5815594
Hamilton City,PEACHGROVE ROAD,, ,I,FRANCES ST,201410225,18/01/2014,Sat,1330,DB,PN1,135A 804 ,,E,D,B ,F ,T,G,C,50,0,0,2,,,1802376,5815743
Hamilton City,PEACHGROVE ROAD,, ,I,HOLLAND ROAD,201410563,30/01/2014,Thu,2033,JA,CN14,302B 375B ,,R,D,TF,F ,T,G,C,50,0,0,2,,,1801711,5817651
Hamilton City,PEACHGROVE ROAD,, ,I,HOLLAND ROAD,201415415,20/08/2014,Wed,2026,JA,CN1C,302B ,,R,W,DO,L ,T,G,C,50,0,0,1,,,1801711,5817651
Hamilton City,PEACHGROVE ROAD,, ,I,MARDON ROAD,201418267,01/12/2014,Mon,1305,GD,CN1C,181A 331A 359A ,,R,D,B ,F ,T,S,C,50,0,0,1,,,1801738,5817514
Hamilton City,PEACHGROVE ROAD,, ,I,RUAKURA ROAD,201434626,01/03/2014,Sat,1600,FE,CN1C,181A ,,R,D,BF,F ,X,T,C,50,0,0,0,,,1802413,5816086
Hamilton City,PEACHGROVE ROAD,400,S, ,SNELL DRIVE,201447713,19/10/2014,Sun,1549,FD,CN1C,181A ,,R,D,B ,F , , ,C,50,0,0,0,,,1801699,5817715
Hamilton City,PEACOCKES ROAD,150,S, ,STUBBS ROAD,201431459,01/02/2014,Sat,1800,DB,CS1,111A 131A 632A ,P,M,D,DN,F , ,N,C,100,0,0,0,,,1804036,5810667
Hamilton City,PEMBROKE ST,50,N, ,CLARENCE ST,201440189,06/06/2014,Fri,1720,MC,CN1C,372B ,,R,D,TO,F , ,N,C,50,0,0,0,,,1800806,5814514
Hamilton City,PEMBROKE ST,, ,I,CLARENCE ST,201411988,26/03/2014,Wed,1638,LB,CS1C,303B 375B ,,R,D,BF,F ,X,S,C,50,0,0,4,,,1800804,5814464
Hamilton City,PEMBROKE ST,, ,I,CLARENCE ST,201410320,20/01/2014,Mon,1230,HA,CS14,321B ,,E,W,OF,F ,X,S,C,50,0,0,1,,,1800804,5814464
Hamilton City,PEMBROKE ST,, ,I,RUAKIWI ROAD,201450191,19/12/2014,Fri,950,KB,CS1V,302B 375B ,,R,D,B ,F ,T,G,P,50,0,0,0,,,1800839,5814129
Hamilton City,PEMBROKE ST,, ,I,RUAKIWI ROAD,201438995,10/06/2014,Tue,1730,KA,CN1C,302B 375B ,,E,W,DN,L ,T,G,R,50,0,0,0,,,1800839,5814129
Hamilton City,PEMBROKE ST,, ,I,SELWYN ST,201450903,22/12/2014,Mon,1800,LB,CS1C,303B ,,R,D,B ,F ,X,T,R,50,0,0,0,,,1800808,5813543
Hamilton City,PEMBROKE ST,, ,I,SELWYN ST,201414186,16/07/2014,Wed,1700,NF,CW2E,341A ,,E,D,TF,F ,X,T,P,50,0,0,1,43,,1800808,5813543
Hamilton City,PEMBROKE ST,, ,I,TIDD ST,201450194,05/12/2014,Fri,1450,FD,VN1VV,181A 331A 352A ,,R,D,B ,F ,T,G,C,50,0,0,0,,,1800808,5813747
Hamilton City,PICKERING CRESCENT,20,S, ,RUTHERFORD ST,201435151,25/03/2014,Tue,233,EA,CW14,386A ,M,R,D,TF,F , ,N,C,50,0,0,0,,,1800803,5819664
Hamilton City,PICKERING CRESCENT,, ,I,RUTHERFORD ST,201434537,24/03/2014,Mon,231,DB,CN2,103A 111A 131A ,S,E,D,DO,F ,T,N,C,50,0,0,0,,,1800818,5819677
Hamilton City,POAKA AVENUE,150,S, ,AMANDA AVENUE,201417419,26/09/2014,Fri,2158,DA,CS1,103A 111A 131A ,T,E,D,DO,F , ,N,C,50,0,0,1,,,1797588,5813898
Hamilton City,PRESCOTT PLACE,, ,I,CAMBRIDGE ROAD,201417420,08/10/2014,Wed,917,NA,CS1E,713B ,,R,D,OF,F ,T,G,C,50,0,0,1,78,,1803450,5814135
Hamilton City,PRINCES ST,, ,I,HARWOOD ST,201415235,23/07/2014,Wed,1155,DA,CN2,131A 133A ,T,R,D,BF,F ,T,G,C,50,0,0,2,,,1800373,5816004
Hamilton City,PRISK ST,, ,I,MOUNT VIEW ROAD,201414989,24/06/2014,Tue,1502,DC,VW2,501A ,FI,R,D,OF,F ,R,G,R,50,0,0,1,,,1800263,5812072
Hamilton City,PUKETE ROAD,300,E, ,MEADOW VIEW LANE,201438765,08/05/2014,Thu,1130,DB,CW1,111A 129A 815 ,C,E,W,BF,F , ,N,C,80,0,0,0,,,1796025,5822305
Hamilton City,PUKETE ROAD,400,E, ,MEADOW VIEW LANE,201450834,03/12/2014,Wed,1420,DA,CE1,129A 131A ,F,M,D,BN,F , ,N,C,100,0,0,0,,,1796103,5822242
Hamilton City,PUKETE ROAD,10,S, ,PERCLO PLACE,201414292,10/06/2014,Tue,620,MO,VW1E,131A 330A 386A ,X,R,W,DO,H ,T,N,N,50,0,0,1,51,,1797427,5819555
Hamilton City,PUKETE ROAD,20,N, ,POHUTUKAWA DRIVE,201450926,11/04/2014,Fri,2030,BF,VN1CC,103A 112A 130A ,M,R,D,DO,F , , ,C,50,0,0,0,,,1797341,5820205
Hamilton City,PUKETE ROAD,15,E, ,TE RAPA ROAD,201442469,06/07/2014,Sun,1134,BB,CE1C,124A 924 ,,R,D,BF,F ,D,N,C,50,0,0,0,,,1797360,5819353
Hamilton City,PUKETE ROAD,20,N, ,TE RAPA ROAD S,201438138,15/05/2014,Thu,1330,JA,CW1C,308B 377B 922 ,,M,D,BF,F ,D, ,C,50,0,0,0,,,1797362,5819358
Hamilton City,PUKETE ROAD,, ,I,VICKERY ST,201417975,09/12/2014,Tue,1256,KA,SS1C,302B ,,M,W,O ,L ,T,G,C,50,0,0,1,,35,1797417,5819467
Hamilton City,PUKETE ROAD,15,S, ,WAIRERE DRIVE,201447343,05/11/2014,Wed,1720,FD,CN1C,132A 181A 902 ,,R,D,B ,F ,R,T,C,50,0,0,0,,,1797403,5819791
Hamilton City,PUKETE ROAD,, ,I,WAIRERE DRIVE N,201441564,31/07/2014,Thu,835,FB,BS1C,330A 387A ,,E,D,B ,F ,X,G,C,50,0,0,0,,,1797400,5819822
Hamilton City,QUEENS AVENUE,, ,I,UPPER KENT ST,201433121,20/03/2014,Thu,450,DB,CS1,111A 131A ,P,M,D,DO,F ,T,G,N,50,0,0,0,,,1799780,5814920
Hamilton City,RADIATA ST,10,W, ,ROGERS PLACE,201417121,07/10/2014,Tue,825,CB,CE1,130A 402A 524A 801 ,FHK,R,W,O ,L ,T,N,N,50,0,0,1,,,1803090,5818507
Hamilton City,RAWENE ST,90,N, ,GRANDVIEW ROAD,201449967,21/12/2014,Sun,1830,MO,CN1,371A 929 ,P,R,D,O ,F ,D,N,N,50,0,0,0,,,1797598,5816731
Hamilton City,RESOLUTION DRIVE,, ,I,THOMAS ROAD,201445113,18/09/2014,Thu,1328,FB,CN1C,110A 387A 801 ,,R,W,O ,L ,R,G,R,80,0,0,0,,,1799099,5821556
Hamilton City,RESOLUTION DRIVE,20,N, ,WAIRERE DRIVE,201411986,17/03/2014,Mon,539,DB,PS1,129A ,P,E,W,DO,F , ,N,R,80,0,0,1,,,1799311,5820714
Hamilton City,RESOLUTION DRIVE,, ,I,WAIRERE DRIVE,201418627,17/12/2014,Wed,1450,CA,PS1,191A ,,R,W,OF,H ,R,G,R,80,0,0,1,,,1799320,5820681
Hamilton City,RESOLUTION DRIVE,, ,I,WAIRERE DRIVE,201440267,18/06/2014,Wed,1945,DB,CE2,131A 402A ,ST,S,W,DO,F ,R,G,R,80,0,0,0,,,1799280,5820686
Hamilton City,RESOLUTION DRIVE,, ,I,WAIRERE DRIVE,201443159,02/08/2014,Sat,1026,FB,CS1C,181A 387A ,,R,D,O ,F ,R,G,R,80,0,0,0,,,1799308,5820700
Hamilton City,RESOLUTION DRIVE,, ,I,WAIRERE DRIVE,201444217,05/09/2014,Fri,1350,FB,4S1C,110A 330A 386A ,,M,D,O ,F ,R,G,R,80,0,0,0,,,1799308,5820700
Hamilton City,RICHMOND ST,80,W, ,ULSTER ST,201437551,12/04/2014,Sat,1916,LB,CE1C,303B 927 ,,R,D,DO,F ,D,N,C,50,0,0,0,,,1799696,5816477
Hamilton City,RIFLE RANGE ROAD,180,N, ,PUKEKO ST,201434664,11/04/2014,Fri,1010,KB,CS1V,308B 375B 930 ,,R,W,OF,L ,D,N,R,50,0,0,0,,,1798271,5815593
Hamilton City,RIFLE RANGE ROAD,, ,I,RAILSIDE PLACE,201437634,12/05/2014,Mon,830,JA,CS1C,302B 314B 402B ,S,R,D,O ,F ,T,G,C,50,0,0,0,,,1798316,5815727
Hamilton City,RIMU ST,, ,I,FOREST LAKE ROAD,201413553,26/07/2014,Sat,2231,DC,CW2,103A 111A 131A 514A ,C,E,D,DO,F ,T,G,R,50,0,0,1,,,1798239,5816335
Hamilton City,RIVER ROAD,, ,I,BANBURY CRESCENT,201432739,27/02/2014,Thu,745,MC,CS1C,387A 372B ,,R,D,O ,F ,T,G,R,50,0,0,0,,,1799797,5817474
Hamilton City,RIVER ROAD,100,S, ,CHARTWELL CRESCENT,201415230,20/06/2014,Fri,739,JA,SS1V,308B 375B 929 ,,R,D,BF,F ,D,N,C,50,0,0,2,,37,1799742,5818039
Hamilton City,RIVER ROAD,, ,I,COMRIES ROAD,201411734,02/03/2014,Sun,1320,JC,CN1C,321A ,,E,D,B ,F ,T,S,C,50,0,0,1,,,1799715,5819249
Hamilton City,RIVER ROAD,, ,I,DISCOVERY DRIVE,201447715,14/10/2014,Tue,1615,FB,CE1C,181A ,,E,D,B ,F ,R,G,R,50,0,0,0,,,1798263,5821069
Hamilton City,RIVER ROAD,, ,I,ENDEAVOUR AVENUE,201411760,26/03/2014,Wed,1120,LB,CW2M,302A ,,S,D,B ,F ,R,G,R,50,0,1,1,,,1798613,5820788
Hamilton City,RIVER ROAD,, ,I,FAIRFIELD BRIDGE,201437930,11/06/2014,Wed,2200,FB,CE1C,110A 181A ,,R,W,DN,F ,R,G,R,50,0,0,0,,,1800024,5817153
Hamilton City,RIVER ROAD,, ,I,FAIRFIELD BRIDGE,201438992,12/06/2014,Thu,830,AO,BN1C,381A 671A ,,R,D,OF,F ,R,G,R,60,0,0,0,,,1800037,5817132
Hamilton City,RIVER ROAD,100,N, ,FAIRFIELD ROAD,201447697,19/11/2014,Wed,1512,FD,CS1C,181A ,,E,D,BF,F , ,N,R,50,0,0,0,,,1799935,5817271
Hamilton City,RIVER ROAD,, ,I,FAIRFIELD ROAD,201440160,19/06/2014,Thu,1352,LB,VS1C,303B 375B ,,R,W,B ,F ,T,G,R,50,0,0,0,,,1799997,5817192
Hamilton City,RIVER ROAD,10,N, ,GLEN LYNNE AVENUE,201435774,14/05/2014,Wed,850,FA,CS1C,112A 181A 331A ,,R,W,O ,F ,T,G,C,50,0,0,0,,,1799542,5819666
Hamilton City,RIVER ROAD,, ,I,GLEN LYNNE AVENUE,201442267,13/08/2014,Wed,814,AC,CN1M,158B 632B 801 ,,R,W,O ,L ,T,G,C,50,0,0,0,,,1799550,5819660
Hamilton City,RIVER ROAD,, ,I,GLEN LYNNE AVENUE,201432700,24/02/2014,Mon,841,DB,CS2,131A 501A ,T,M,D,B ,F ,T,G,C,50,0,0,0,,,1799550,5819660
Hamilton City,RIVER ROAD,150,S, ,HARROWFIELD DRIVE,201434615,07/03/2014,Fri,1630,FF,PS1C,181A ,,E,D,BF,F , ,N,C,50,0,0,0,,,1798884,5820233
Hamilton City,RIVER ROAD,50,N, ,QUEENWOOD AVENUE,201442468,07/07/2014,Mon,1440,DA,CS1,131A 351A ,T,E,D,BF,F , ,N,C,50,0,0,0,,,1799640,5819583
Hamilton City,RIVER ROAD,10,N, ,RIRO ST,201435542,02/05/2014,Fri,1453,GD,CS1CC,331A 350A ,,E,D,B ,F ,T,G,C,50,0,0,0,,,1801458,5815465
Hamilton City,RIVER ROAD,60,S, ,ROTHBROOK ST,201417181,20/10/2014,Mon,650,HA,SS1C,112A 204A 330A 330B 378B 929 ,,R,D,O ,F ,D,N,N,50,0,0,1,,16,1801470,5815436
Hamilton City,RIVER ROAD,, ,I,TAMIHANA AVENUE,201434643,05/04/2014,Sat,1335,FD,CN1C,181A ,,R,D,BF,F ,T,G,C,50,0,0,0,,,1800542,5816659
Hamilton City,RIVER ROAD,, ,I,TE AROHA ST,201438987,08/06/2014,Sun,1545,JC,CW2C,302A 375A ,,R,W,OF,L ,T,G,C,50,0,0,0,,,1801297,5815667
Hamilton City,RIVER ROAD,, ,I,WAIRERE DRIVE,201448514,18/11/2014,Tue,1740,FB,CS1C,181A ,,E,D,BF,F ,R,G,R,50,0,0,0,,,1798782,5820404
Hamilton City,RODNEY ST,30,N, ,HAMBLYN CRESCENT,201413704,17/05/2014,Sat,2030,EA,CN1C,103A 129A ,M,E,D,DO,F , ,N,N,50,0,0,1,,,1796562,5815752
Hamilton City,ROSTREVOR ST,25,N, ,TRISTRAM ST,201410573,10/01/2014,Fri,1124,NA,CN1E,712B 713B 727B ,,R,D,BF,F , ,N,C,50,0,0,1,5,,1800210,5815732
Hamilton City,ROSTREVOR ST,, ,I,VICTORIA ST,201414986,25/06/2014,Wed,1800,LB,MW14,303B 375B ,,R,W,DO,H ,X,S,C,50,0,0,1,,,1800582,5815987
Hamilton City,ROTOKAURI ROAD,800,N, ,BAVERSTOCK ROAD,201449212,28/09/2014,Sun,300,DA,CE1,111A 131A ,F,M,W,DN,L , , ,C,100,0,0,0,,,1797266,5817257
Hamilton City,ROTOKAURI ROAD,140,E, ,ODLIN CRESCENT,201418361,15/11/2014,Sat,2222,CB,CE1T,129A 352A ,M,R,D,DO,F , ,N,C,50,0,0,1,,,1796886,5817473
Hamilton City,ROY ST,60,N, ,LIVINGSTONE AVENUE,201442268,19/08/2014,Tue,945,DA,CN1,111A 131A 402A ,F,E,W,O ,L , , ,C,50,0,0,0,,,1797627,5816286
Hamilton City,RUAKIWI ROAD,, ,I,HILL ST,201440373,01/07/2014,Tue,1920,JA,CN1C,302B 433B 801 ,,M,W,DO,L ,T,G,C,50,0,0,0,,,1800453,5814836
Hamilton City,RUAKIWI ROAD,40,W, ,PEMBROKE ST,201413334,30/04/2014,Wed,1528,CA,CS1C,410A 423A 504A ,PX,R,D,O ,F , , ,C,50,0,0,1,,,1800803,5814146
Hamilton City,RUAKIWI ROAD,, ,I,THACKERAY ROAD,201434755,11/04/2014,Fri,1019,DA,CW2C,111A 131A ,M,R, , F,  ,T,N,N,60,0,0,0,,,1800566,5814619
Hamilton City,RUAKURA ROAD,100,E, ,KNIGHTON ROAD,201450833,14/12/2014,Sun,1712,CB,CE1,129A 361A ,P,R,W,OF,L , ,N,C,50,0,0,0,,,1804029,5815898
Hamilton City,RUAKURA ROAD,120,W, ,KNIGHTON ROAD,201438137,08/05/2014,Thu,1620,FD,CE1CC,181A ,,R,W,OF,F , ,N,C,50,0,0,0,,,1804049,5815903
Hamilton City,RUAKURA ROAD,80,N, ,PERCIVAL ROAD,201438657,08/05/2014,Thu,1630,FD,CS1C,181A ,,R,D,O ,F , , ,C,50,0,0,0,,,1804819,5816563
Hamilton City,RUAKURA ROAD,300,N, ,SILVERDALE ROAD,201437631,19/05/2014,Mon,845,FD,CS1CC,112A 331A 352A 830 904 ,,R,D,O ,M , , ,C,80,0,0,0,,,1804460,5816187
Hamilton City,RUAKURA ROAD,700,N, ,SILVERDALE ROAD,201440271,11/06/2014,Wed,623,EC,VN1,191A 370A 378A 821 903 ,X,R,W,DN, S, , ,C,100,0,0,0,,,1804736,5816476
Hamilton City,RUAKURA ROAD,, ,I,WAIRERE DRIVE,201432743,03/03/2014,Mon,733,KA,CW1T,324A 801 817 ,,R,W,O ,L ,X,T,R,60,0,0,0,,,1802812,5815997
Hamilton City,RUAKURA ROAD,, ,I,WAIRERE DRIVE,201443173,05/08/2014,Tue,1817,GF,VS2C,157A ,,R,D,DO,F ,X,T,R,60,0,0,0,,,1802812,5815997
Hamilton City,RUAPEHU ST,20,E, ,BELLMONT AVENUE,201432668,27/03/2014,Thu,1415,MD,CE1C,371B 929 ,,R,D,O ,F ,D,N,C,50,0,0,0,,,1800833,5818808
Hamilton City,RUTHERFORD ST,80,N, ,CHEDWORTH AVENUE,201446962,18/10/2014,Sat,1600,EA,4N1C,129A ,M,R,W,OF,L , ,N,N,50,0,0,0,,,1801053,5819294
Hamilton City,SALE ST,40,N, ,BETTINA ROAD,201418273,11/08/2014,Mon,1716,MO,4W1,427A 929 ,F,R,D,TF,F ,D,N,N,50,0,0,1,,,1800935,5816962
Hamilton City,SANDWICH ROAD,10,W, ,CECIL ST,201412779,03/05/2014,Sat,1115,NA,CE1E,712B 713B ,,R,D,BF,F ,T,N,P,50,0,0,1,10,,1798181,5819721