TLANAME,CRASHROAD,CRASHDIST,CRASHDIRN,INTSN,SIDEROAD,CRASHID,CRASHDATE,CRASHDOW,CRASHTIME,MVMT,VEHICLES,CAUSES,OBJECTSSTRUCK,ROADCURVE,ROADWET,LIGHT,WTHRa,JUNCTYPE,TRAFCTRL,ROADMARK,SPDLIM,CRASHFATALCNT,CRASHSEVCNT,CRASHMINCNT,PERSAGE1,PERSAGE2,EASTING,NORTHING
Hamilton City,SANDWICH ROAD,, ,I,DELAMARE ROAD,201412770,28/03/2014,Fri,1636,JA,CE1S,302B 377B 839 ,,R,D,BF,F ,T,G,P,50,0,0,1,,13,1798592,5819578
Hamilton City,SANDWICH ROAD,, ,I,MADILL ROAD,201443643,25/04/2014,Fri,934,DA,CE1C,111A 131A 330A ,M,M,W,O ,F ,T,G,R,50,0,0,0,,,1798429,5819718
Hamilton City,SANDWICH ROAD,50,W, ,TOTARA DRIVE,201445112,26/09/2014,Fri,426,CB,CW1,103A 130A ,F,R,D,DO,F , , ,N,50,0,0,0,,,1798046,5819719
Hamilton City,SANDWICH ROAD,60,N, ,WARWICK AVENUE,201432224,17/02/2014,Mon,1627,EA,CN1V,410A ,M,R,D,B ,F , , ,C,50,0,0,0,,,1798821,5819087
Hamilton City,SAYER ST,, ,I,IRVINE ST,201450419,02/12/2014,Tue,1125,HA,CN1C,302B ,,R,D,BN,F ,X,G,C,50,0,0,0,,,1798677,5814295
Hamilton City,SAYER ST,, ,I,IRVINE ST,201450904,29/11/2014,Sat,1541,HA,CS2C,302B ,,R,D,B ,F ,X,G,N,50,0,0,0,,,1798677,5814295
Hamilton City,SEDDON ROAD,, ,I,SOMERSET ST,201449238,12/11/2014,Wed,1625,JA,CN14,302B ,,R,W,O ,L ,T,G,C,50,0,0,0,,,1800150,5815404
Hamilton City,SH 1N,, ,I,AVALON DRIVE,201450085,16/11/2014,Sun,1155,DA,CN1,137A ,K,M,D,B ,F ,R,G,C,80,0,0,0,,,1797247,5817427
Hamilton City,SH 1N,, ,I,AVALON DRIVE,201442460,12/07/2014,Sat,1156,FB,4N2C,331A 353A 387A ,,M,W,OF,H ,R,G,R,80,0,0,0,,,1797291,5817379
Hamilton City,SH3 OFF RAMP,15,N, ,BADER ST,201450180,19/12/2014,Fri,1720,FD,CN1C,331A 358A ,,R,D,B ,F , , ,R,50,0,0,0,,,1801260,5812979
Hamilton City,SH3 OFF RAMP,15,E, ,SH 3 OHAUPO,201442261,19/08/2014,Tue,1600,FC,CE1C,181A ,,R,D,O ,F , , ,X,30,0,0,0,,,1800908,5812661
Hamilton City,SHAKESPEARE AVENUE,10,E, ,MARLOWE PLACE,201414591,01/07/2014,Tue,1840,DA,CN1,102A 111A 131A ,FP,E,W,DO,L ,T,N,C,50,0,0,1,,,1801874,5817781
Hamilton City,SILVERDALE ROAD,, ,I,CARRINGTON AVENUE,201434540,01/04/2014,Tue,901,LB,CN1C,387B ,,R,D,BF,F ,T,G,P,50,0,0,0,,,1804746,5815009
Hamilton City,SILVERDALE ROAD,30,N, ,HILLCREST ROAD,201444421,18/09/2014,Thu,2317,DA,CN1,104A 111A 131A ,EGP,E,W,DO,F , , ,C,50,0,0,0,,,1804363,5815526
Hamilton City,SILVERDALE ROAD,10,S, ,RUAKURA ROAD,201434603,20/02/2014,Thu,1720,FB,CN1C,331A 358A ,,R,D,BF,F ,R,G,R,50,0,0,0,,,1804248,5815941
Hamilton City,SILVERDALE ROAD,250,S, ,RUAKURA ROAD,201435730,08/05/2014,Thu,901,FD,TN1C,130A 331A 615A 801 ,,R,W,O ,L , , ,C,50,0,0,0,,,1804312,5815710
Hamilton City,SIRIUS CRESCENT,140,E, ,ARISTA WAY,201443417,11/07/2014,Fri,2056,EA,CE1C,103A 129A ,FM,R,D,DO,F , ,N,N,50,0,0,0,,,1799970,5822430
Hamilton City,SNELL DRIVE,, ,I,CHAMBERLAIN PLACE,201410810,06/02/2014,Thu,726,DB,CN1,103A 111A 131A 402A ,FT,E,D,O ,F ,T,G,C,50,0,0,1,,,1802033,5818435
Hamilton City,SNELL DRIVE,, ,I,MAGEE PLACE,201417182,10/11/2014,Mon,2350,CA,CE1E,130A 330A ,,R,D,DO,F ,T,G,C,50,0,1,0,25,,1801885,5818342
Hamilton City,SNELL DRIVE,, ,I,MAGEE PLACE,201444293,05/09/2014,Fri,1930,GD,CE1C,331A 350A 801 818 ,,M,W,DO,L ,T,G,C,50,0,0,0,,,1801885,5818342
Hamilton City,SOMERSET ST,, ,I,DEVON ROAD,201436031,12/02/2014,Wed,1625,HA,SW1C,204A 300A ,,R,D,BF,F ,X,G,C,50,0,0,0,,,1799990,5815300
Hamilton City,STANLEY ST,40,W, ,HEAPHY TERRACE,201450406,30/11/2014,Sun,1240,DA,CW1,102A 133A 929 ,,R,D,BF,F ,D,N,N,50,0,0,0,,,1801235,5816592
Hamilton City,STANLEY ST,70,E, ,OAKLEY AVENUE,201410438,29/01/2014,Wed,1310,PF,VE1,129A ,,R,D,B ,F , , ,N,50,0,0,1,,,1801008,5816486
Hamilton City,STANLEY ST,100,E, ,OAKLEY AVENUE,201438984,31/05/2014,Sat,1500,BA,CE1C,125A 839 929 ,,R,D,BF,F , ,N,C,50,0,0,0,,,1801036,5816499
Hamilton City,STONELEIGH DRIVE,5,S, ,LOGAN DRIVE,201450092,30/11/2014,Sun,2010,MC,CN1C,372B ,,R,D,TF,F ,T,N,N,50,0,0,0,,,1801876,5819622
Hamilton City,STOREY AVENUE,, ,I,STEELE ROAD,201435570,16/04/2014,Wed,1500,HA,CS14,302A 375A ,,R,D,O ,F ,R,G,R,50,0,0,0,,,1798869,5817451
Hamilton City,SUNSHINE AVENUE,15,W, ,TE RAPA ROAD,201431404,24/02/2014,Mon,1018,EA,TE1C,385A 671A ,M,R,D,BF,F , ,N,C,50,0,0,0,,,1797828,5818666
Hamilton City,TE AROHA ST,, ,I,ARGYLE ST,201414050,16/06/2014,Mon,1653,CC,CE1,130A 504A ,,R,W,TO,F ,T,G,P,50,0,0,1,,,1801982,5815977
Hamilton City,TE AROHA ST,, ,I,ARGYLE ST,201434360,10/04/2014,Thu,840,FD,CE1C,181A 800 ,,R,W,O ,F ,T,G,C,50,0,0,0,,,1801982,5815977
Hamilton City,TE AROHA ST,20,E, ,BELL ST,201449354,25/10/2014,Sat,1350,GE,CE1C,330A 386A 330B 386B 929 ,,R,D,B ,F ,D, ,C,50,0,0,0,,,1802143,5816019
Hamilton City,TE AROHA ST,, ,I,GREY ST,201443854,26/08/2014,Tue,1510,FB,CW1C,181A ,,R,D,BF,F ,R,G,C,50,0,0,0,,,1801602,5815822
Hamilton City,TE AROHA ST,, ,I,GREY ST,201410052,07/02/2014,Fri,1315,CC,CS1,130A 507A ,HPS,R,D,B ,F ,R,G,C,50,0,0,1,,,1801606,5815832
Hamilton City,TE RAPA ROAD,400,N, ,BERN ROAD,201418355,22/11/2014,Sat,1019,DA,MN1,133A ,I,E,D,ON,F , ,N,R,80,0,1,0,,,1794684,5824258
Hamilton City,TE RAPA ROAD,, ,I,BERN ROAD,201446961,10/09/2014,Wed,1530,AA,CN1C,372A 381A ,,R,D,ON,F ,R,G,C,50,0,0,0,,,1794781,5823868
Hamilton City,TE RAPA ROAD,130,E, ,BRYANT ROAD,201416212,30/09/2014,Tue,730,CA,VS1C,130A 501A ,M,R,D,B ,F , , ,R,60,0,0,1,,,1797774,5818808
Hamilton City,TE RAPA ROAD,, ,I,CHURCH ROAD,201443176,04/08/2014,Mon,742,HA,PW2C,302A ,,M,D,O ,M ,R,G,R,80,0,0,0,,,1796395,5820346
Hamilton City,TE RAPA ROAD,, ,I,CHURCH ROAD,201415745,06/08/2014,Wed,603,KB,CW1S,302A 375A ,,E,D,DO,F ,R,G,R,80,0,0,1,,19,1796392,5820315
Hamilton City,TE RAPA ROAD,150,N, ,EAGLE WAY,201417184,19/11/2014,Wed,2042,PC,CS1E,311A 330A 732B 927 ,,R,D,DO,F ,D,N,R,60,0,0,1,28,,1796630,5820061
Hamilton City,TE RAPA ROAD,, ,I,GARNETT AVENUE,201445341,20/09/2014,Sat,2045,CC,CS1C,103A 112A 130A ,M,R,W,DO,L ,X,T,R,60,0,0,0,,,1798465,5817891
Hamilton City,TE RAPA ROAD,, ,I,GARNETT AVENUE,201430447,14/01/2014,Tue,,FO,CS1C,330A ,,E,D,B ,F ,X,T,C,60,0,0,0,,,1798465,5817891
Hamilton City,TE RAPA ROAD,, ,I,HOME STRAIGHT,201437945,16/06/2014,Mon,1340,FE,CS14,101A 353A ,,R,W,O ,F ,T,T,C,60,0,0,0,,,1798284,5818135
Hamilton City,TE RAPA ROAD,, ,I,HOME STRAIGHT,201442276,09/08/2014,Sat,1430,FE,CN1CV,387A 181B ,,R,D,B ,F ,T,T,R,60,0,0,0,,,1798275,5818128
Hamilton City,TE RAPA ROAD,, ,I,MAHANA ROAD,201444426,17/09/2014,Wed,814,KA,CN1TT,302B ,,R,W,O ,L ,T,G,R,60,0,0,0,,,1798109,5818351
Hamilton City,TE RAPA ROAD,150,S, ,NORTHWAY ST,201447342,24/10/2014,Fri,1620,FD,CN144,331A 350A ,,R,D,B ,F , ,N,R,60,0,0,0,,,1797685,5818904
Hamilton City,TE RAPA ROAD,50,S, ,PUKETE ROAD N,201440165,23/06/2014,Mon,2230,EA,CS1C,129A 501A ,JM,R,D,DO,F , ,N,C,60,0,0,0,,,1795426,5822533
Hamilton City,TE RAPA ROAD,30,S, ,PUKETE ROAD S,201436512,28/04/2014,Mon,1706,LB,CN1CV,303B 314B 350B 929 ,,R,W,DO,F ,D, ,R,60,0,0,0,,,1797377,5819318
Hamilton City,TE RAPA ROAD,50,S, ,PUKETE ROAD S,201442200,09/08/2014,Sat,1436,FD,CN1CC,331A 350A ,,R,D,B ,F , , ,R,60,0,0,0,,,1797389,5819303
Hamilton City,TE RAPA ROAD,, ,I,PUKETE ROAD S,201442265,19/08/2014,Tue,1943,LB,CS1C,322A 351A ,,R,W,DO,L ,X,T,R,60,0,0,0,,,1797355,5819339
Hamilton City,TE RAPA ROAD,30,S, ,RUFFELL ROAD,201444424,12/09/2014,Fri,2302,FD,CN1V,181A 191B ,,R,W,DO,L , , ,P,60,0,0,0,,,1795613,5821828
Hamilton City,TE RAPA ROAD,50,N, ,SIR TRISTRAM AVENUE,201440374,02/07/2014,Wed,1220,MC,CN14,372B ,,R,D,O ,F , , ,R,60,0,0,0,,,1798132,5818317
Hamilton City,TE RAPA ROAD,, ,I,SUNSHINE AVENUE,201449961,01/12/2014,Mon,1354,GF,CN14,129A ,,M,D,O ,F ,R,G,R,60,0,0,0,,,1797859,5818665
Hamilton City,TE RAPA ROAD,, ,I,SUNSHINE AVENUE,201441565,24/07/2014,Thu,1559,FD,CN1CC,181A 423A ,,R,D,B ,F ,R,G,C,60,0,0,0,,,1797859,5818665
Hamilton City,TE RAPA ROAD,, ,I,SUNSHINE AVENUE,201438139,16/05/2014,Fri,1605,HA,VE2C,302A ,,E,D,OF,F ,R,G,R,50,0,0,0,,,1797840,5818675
Hamilton City,TE RAPA ROAD,, ,I,TE KOWHAI ROAD EAST,201447338,28/10/2014,Tue,1158,GE,TN1C,143A 386A 179B ,,R,D,B ,F ,R,G,C,60,0,0,0,,,1796392,5820315
Hamilton City,TE RAPA ROAD,, ,I,TE KOWHAI ROAD EAST,201411247,06/03/2014,Thu,1220,HA,4N1C,302A ,,M,D,B ,F ,R,G,R,80,0,0,2,,,1796392,5820315
Hamilton City,TE RAPA ROAD,, ,I,TE KOWHAI ROAD EAST,201450514,25/11/2014,Tue,1209,GE,4E2T,171B ,,M,D,B ,F ,R,G,R,60,0,0,0,,,1796368,5820319
Hamilton City,TE RAPA ROAD,, ,I,THE BASE PARADE,201441167,28/05/2014,Wed,2342,JA,CN1C,322A ,,R,D,DO,F ,X,T,C,60,0,0,0,,,1796721,5819941
Hamilton City,TE RAPA ROAD,150,N, ,VARDON ROAD,201440149,20/06/2014,Fri,1153,AA,CN14,372A ,,R,D,B ,F , ,N,R,60,0,0,0,,,1798376,5818012
Hamilton City,TE RAPA ROAD,20,S, ,VARDON ROAD,201414987,20/06/2014,Fri,2200,NB,CN1E,705B 711B ,,R,D,DO,F , ,N,R,50,0,0,1,,,1798489,5817886
Hamilton City,TE RAPA ROAD,, ,I,VARDON ROAD,201442767,29/06/2014,Sun,1800,HA,CS14,322A ,,R,D,DO,F ,X,T,C,50,0,0,0,,,1798474,5817900
Hamilton City,TE RAPA ROAD,, ,I,VICTORIA ST,201415410,23/08/2014,Sat,807,HA,CW2C,322A ,,R,D,B ,F ,X,T,C,60,0,0,1,,,1799288,5817354
Hamilton City,TE RAPA ROAD,100,N, ,WAIRERE DRIVE,201430401,11/01/2014,Sat,1521,FA,VN1C,181A 357A 357B ,,R,D,O ,F , ,N,R,60,0,0,0,,,1797003,5819631
Hamilton City,TE RAPA ROAD,, ,I,WAIRERE DRIVE,201445903,09/06/2014,Mon,504,HA,VW2T,334A 334B ,,R,W,DO,L ,X,T,C,60,0,0,0,,,1797086,5819559
Hamilton City,TE RAPA ROAD,, ,I,WAIRERE DRIVE,201438671,11/06/2014,Wed,1405,FB,CE2C,181A 387A ,,E,W,O ,H ,X,G,P,80,0,0,0,,,1797070,5819557
Hamilton City,TE RAPA ROAD,, ,I,WAIRERE DRIVE,201438990,11/06/2014,Wed,1600,FB,CN1C,181A ,,R,W,OF,L ,X,G,R,60,0,0,0,,,1797079,5819549
Hamilton City,TE WETINI OFF NBD,, ,I,TE WETINI DRIVE,201441818,10/07/2014,Thu,1202,FE,VN1C,357A 512A 357B 801 ,,E,W,O ,L ,T,T,C,50,0,0,0,,,1796327,5818975
Hamilton City,TE WETINI OFF NBD,, ,I,WAIRERE DRIVE,201444836,19/09/2014,Fri,1950,FB,CW1C,181A ,,M,W,DO,F ,T,G,N,80,0,0,0,,,1796327,5818975
Hamilton City,TENNYSON ROAD,50,E, ,PEACHGROVE ROAD,201414266,30/07/2014,Wed,900,MO,4W1C,371A 926 ,,R,W,O ,F ,D,N,N,50,0,0,1,,,1801932,5817117
Hamilton City,THACKERAY ST,200,W, ,ANGLESEA ST,201442765,18/07/2014,Fri,1000,AA,SW14,372A ,,R,D,BF,F , ,N,C,50,0,0,0,,,1800889,5814770
Hamilton City,THACKERAY ST,, ,I,RUAKIWI ROAD,201432887,14/03/2014,Fri,948,JA,CS2C,302B ,,E,D,O ,F ,T,G,C,50,0,0,0,,,1800566,5814619
Hamilton City,THE BASE PARADE,30,E, ,MAAHANGA DRIVE,201414040,07/07/2014,Mon,1325,NB,CE1E,713B 726B ,,R,D,B ,F , ,N,N,50,0,1,0,7,,1796645,5819878
Hamilton City,THOMAS ROAD,, ,I,CATE ROAD E,201435726,04/05/2014,Sun,2057,DB,CN2,133A ,IS,R,D,DO,F ,T,G,R,50,0,0,0,,,1799771,5821666
Hamilton City,THOMAS ROAD,, ,I,CAVERSHAM DRIVE,201430193,15/01/2014,Wed,1723,JA,CW1C,302B 377B ,,R,D,BF,F ,T,G,R,50,0,0,0,,,1799397,5821596
Hamilton City,THOMAS ROAD,, ,I,GORDONTON ROAD,201450048,29/11/2014,Sat,1105,FB,CE1C,181A ,,E,D,O ,F ,T,G,C,50,0,0,0,,,1801553,5821420
Hamilton City,THOMAS ROAD,, ,I,GORDONTON ROAD,201447466,07/11/2014,Fri,815,BB,CE1TCC,124A 302A 353A ,,M,D,O ,F ,T,G,C,50,0,0,0,,,1801553,5821420
Hamilton City,THOMAS ROAD,100,E, ,HORSHAM DOWNS ROAD,201438989,11/06/2014,Wed,1510,JA,CW1C,308B 925 ,,R,W,OF,F ,D,N,R,60,0,0,0,,,1800458,5821631
Hamilton City,THOMAS ROAD,, ,I,HORSHAM DOWNS ROAD,201445110,03/10/2014,Fri,915,DA,CN2,111A 133A 402A 801 ,FK,S,W,O ,L ,R,G,C,50,0,0,0,,,1800323,5821629
Hamilton City,THOMAS ROAD,200,E, ,SOMERTON DRIVE,201430449,09/01/2014,Thu,1120,CB,CE1,129A 427A ,I,R,W,B ,F , ,N,R,50,0,0,0,,,1801298,5821487
Hamilton City,THOMAS ROAD,, ,I,ST JAMES DRIVE,201432670,09/01/2014,Thu,1231,CB,CW1,110A 402A ,FI,R,W,O ,F ,R,G,R,50,0,0,0,,,1801397,5821450
Hamilton City,THOMAS ROAD,40,E, ,SUDBURY COURT,201413297,15/06/2014,Sun,949,CA,MW1,110A 135A ,,R,W,O ,M , ,N,C,50,0,0,1,,,1800267,5821647
Hamilton City,THOMAS ROAD,, ,I,TE MANATU DRIVE,201415005,28/07/2014,Mon,1152,KB,CW1C,302A 351A ,,R,D,B ,F ,T,G,P,50,0,0,2,,,1800559,5821621
Hamilton City,THOMAS ROAD,, ,I,TE MANATU DRIVE,201449406,28/11/2014,Fri,1058,JA,TE1T,302B ,,R,W,O ,L ,T,G,P,50,0,0,0,,,1800559,5821621
Hamilton City,TOMIN ROAD,, ,I,RICHAN ST,201430456,15/01/2014,Wed,1815,GD,MN1C,181A 144B 929 ,,R,D,DO,F ,D,N,N,50,0,0,0,,,1801291,5811997
Hamilton City,TONGARIRO ST,20,W, ,SEFTON CRESCENT,201446128,26/10/2014,Sun,938,CB,CE1,103A 130A ,P,R,D,O ,F , , ,C,50,0,0,0,,,1800662,5818573
Hamilton City,TONGARIRO ST,, ,I,SEFTON CRESCENT,201449596,15/12/2014,Mon,2313,DA,CW1,111A 131A ,F,M,D,DO,F ,T,G,C,50,0,0,0,,,1800681,5818579
Hamilton City,TOTARA DRIVE,50,W, ,FUCHSIA AVENUE,201435413,09/05/2014,Fri,2228,EA,CW1C,101A 129A ,M,R,W,DO,M , ,N,C,50,0,0,0,,,1797377,5820833
Hamilton City,TRAMWAY ROAD,100,N, ,MARDON ROAD,201440523,12/07/2014,Sat,2253,EC,CS1C,135A 330A 823 901 ,LM,E,W,DO,H , , ,C,50,0,0,0,,,1802480,5817857
Hamilton City,TRAMWAY ROAD,, ,I,MARDON ROAD,201439503,16/06/2014,Mon,1420,BF,CN1C,111A 131A 514A ,S,R,D,O ,F ,T,G,C,50,0,0,0,,,1802510,5817761
Hamilton City,TRAMWAY ROAD,, ,I,POWELLS ROAD,201418857,13/11/2014,Thu,1015,LB,CS1V,303B 375B ,,R,D,OF,F ,T,G,C,50,0,0,1,,,1802562,5817599
Hamilton City,TRAMWAY ROAD,, ,I,POWELLS ROAD,201414994,11/06/2014,Wed,1820,LB,CS14,102B 303B 382B ,,R,W,DO,L ,T,G,C,50,0,0,2,,,1802562,5817599
Hamilton City,TRAMWAY ROAD,, ,I,SNELL DRIVE,201450193,30/12/2014,Tue,1713,JC,CE2C,302A 375A 402A ,,R,D,B ,F ,T,G,C,50,0,0,0,,,1802237,5818607
Hamilton City,TRISTRAM ST,, ,I,BRYCE ST,201431020,07/02/2014,Fri,800,FE,CN1C,181A ,,R,D,O ,F ,X,T,C,50,0,0,0,,,1800454,5815315
Hamilton City,TRISTRAM ST,, ,I,COBHAM DRIVE,201440525,12/07/2014,Sat,1403,DA,CS14,110A 131A 402A 901 ,I,M,W,O ,H ,R,G,R,80,0,0,0,,,1801139,5814505
Hamilton City,TRISTRAM ST,, ,I,COBHAM DRIVE,201435852,31/03/2014,Mon,1241,GC,VN2C,171B ,,R,D,BF,F ,R,G,R,80,0,0,0,,,1801147,5814467
Hamilton City,TRISTRAM ST,, ,I,COLLINGWOOD ST,201449993,18/11/2014,Tue,1655,GF,CN1C,129A 357A ,,M,D,B ,F ,R,G,R,50,0,0,0,,,1800727,5814922
Hamilton City,TRISTRAM ST,, ,I,COLLINGWOOD ST,201415234,17/07/2014,Thu,1620,FA,CN1P,181A 363A 902 ,,M,D,BF,F ,R,G,R,50,0,0,1,,,1800727,5814922
Hamilton City,TRISTRAM ST,, ,I,COLLINGWOOD ST,201437648,25/02/2014,Tue,1640,GC,4N1C,171B ,,M,D,B ,F ,R,G,R,60,0,0,0,,,1800727,5814922
Hamilton City,TRISTRAM ST,, ,I,LIVERPOOL ST,201438985,25/05/2014,Sun,1610,FB,4W2C,331A 353A 387A ,,R,W,OF,L ,T,G,C,50,0,0,0,,,1800046,5815912
Hamilton City,TRISTRAM ST,100,S, ,LONDON ST,201413355,15/05/2014,Thu,1745,FD,CS1CC,331A 350A ,,R,D,TO,F , , ,C,50,0,0,2,,,1800374,5815432
Hamilton City,TRISTRAM ST,, ,I,LONDON ST,201444441,03/09/2014,Wed,1410,HA,CS2C,691A 313B 330B ,,R,D,B ,F ,X,T,P,50,0,0,0,,,1800319,5815515
Hamilton City,TRISTRAM ST,, ,I,LONDON ST,201410652,24/02/2014,Mon,1615,LB,CE1C,303B 375B ,,M,D,B ,F ,X,T,C,50,0,0,1,,,1800319,5815515
Hamilton City,TRISTRAM ST,, ,I,MILL ST,201432890,05/03/2014,Wed,1747,LB,CN1C,303B ,,R,D,B ,F ,X,T,R,50,0,0,0,,,1800006,5816011
Hamilton City,TRISTRAM ST,, ,I,NORTON ROAD,201450721,20/11/2014,Thu,1245,GD,4E2T,171A 380A ,,R,D,OF,F ,X,T,C,50,0,0,0,,,1800319,5815515
Hamilton City,TRISTRAM ST,, ,I,NORTON ROAD,201411248,14/03/2014,Fri,1311,LB,CE2C,303B ,,E,D,O ,F ,X,T,N,50,0,0,1,,,1800319,5815515
Hamilton City,TRISTRAM ST,, ,I,PEMBROKE ST,201434749,26/04/2014,Sat,1250,GB,CN1C,172B ,,E,D,OF,F ,R,G,R,60,0,0,0,,,1800885,5814749
Hamilton City,TRISTRAM ST,, ,I,THACKERAY ST,201436367,13/03/2014,Thu,1700,GF,CS1C,171B ,,S,D,BF,F ,R,G,C,50,0,0,0,,,1800864,5814776
Hamilton City,TUHIKARAMEA ROAD,, ,I,COLLINS ROAD,201415328,01/08/2014,Fri,1900,JA,VS1C,301B 375B ,,R,D,DO,F ,X,S,C,100,0,2,1,,,1795188,5810475
Hamilton City,TUHIKARAMEA ROAD,, ,I,COLLINS ROAD,201410234,09/01/2014,Thu,1306,JA,CS14,301B 375B ,,R,D,O ,F ,X,S,C,100,0,0,1,,,1795188,5810475
Hamilton City,TUHIKARAMEA ROAD,100,S, ,PYGMALION PLACE,201418874,12/12/2014,Fri,1849,AC,CS1,197A 382A ,F,R,D,BF,F , ,N,C,80,0,0,1,,,1797313,5813378
Hamilton City,ULSTER ST,5,W, ,ABBOTSFORD ST,201440151,01/07/2014,Tue,1740,FD,MW1C,181A 350A 191B ,,R,W,DO,F ,T,N,C,60,0,0,0,,,1799942,5816444
Hamilton City,ULSTER ST,, ,I,ABBOTSFORD ST,201414985,26/06/2014,Thu,1955,LB,4E1C,303B 377B 801 ,,R,W,DO,L ,X,G,C,60,0,0,4,,,1799947,5816442
Hamilton City,ULSTER ST,400,S, ,DARLEY ST,201450190,22/12/2014,Mon,2331,DA,CS1C,110A 136A 614A 110B 929 ,FX,E,D,DO,F ,D, ,R,60,0,0,0,,,1799635,5816596
Hamilton City,ULSTER ST,, ,I,DARLEY ST,201450830,03/12/2014,Wed,744,MC,TS1C,372B ,,R,D,OF,F ,T,N,C,50,0,0,0,,,1799408,5816893
Hamilton City,ULSTER ST,60,N, ,MAEROA ROAD,201416609,11/10/2014,Sat,2330,CB,CN1C,103A 130A ,KMT,R,D,DO,F , , ,P,60,0,0,1,,,1799349,5817116
Hamilton City,ULSTER ST,20,E, ,MILL ST,201441807,28/07/2014,Mon,1710,FD,VW1C,331A ,,R,D,TF,F , , ,C,50,0,0,0,,,1800183,5816328
Hamilton City,ULSTER ST,100,E, ,MILL ST,201430320,09/01/2014,Thu,1036,MC,4E1C,372B ,,R,D,B ,F , ,N,C,50,0,0,0,,,1800256,5816294
Hamilton City,ULSTER ST,120,S, ,MILL ST,201448145,10/10/2014,Fri,1631,GB,BN1C,372B 927 ,,R,D,B ,F ,D,N,C,50,0,0,0,,,1800274,5816285
Hamilton City,ULSTER ST,250,S, ,MILL ST,201440367,27/06/2014,Fri,1330,MO,VS1V,370A 801 ,,R,W,O ,L , , ,P,60,0,0,0,,,1800391,5816230
Hamilton City,ULSTER ST,100,W, ,MILL ST,201413529,15/06/2014,Sun,1913,GA,CE1C,181A 331A 929 ,,R,D,DO,F ,D,N,C,50,0,0,1,,,1800075,5816380
Hamilton City,ULSTER ST,, ,I,MILL ST,201437633,19/05/2014,Mon,1825,FE,CS1C,331A 359A 402A ,,R,D,DO,F ,X,T,C,60,0,0,0,,,1800165,5816337
Hamilton City,ULSTER ST,, ,I,MILL ST,201434539,09/04/2014,Wed,1215,GF,CW1C,372A ,,M,D,OF,F ,X,T,C,50,0,0,0,,,1800165,5816337
Hamilton City,ULSTER ST,, ,I,MILL ST,201447718,07/10/2014,Tue,811,GF,VE1C,129B 404B ,,E,W,B ,F ,X,T,C,60,0,0,0,,,1800165,5816337
Hamilton City,ULSTER ST,, ,I,TE RAPA ROAD,201441573,07/08/2014,Thu,1745,FE,CN1C,181A 334A ,,R,D,B ,F ,X,T,C,50,0,0,0,,,1799288,5817354
Hamilton City,ULSTER ST,, ,I,VICTORIA ST,201446680,02/11/2014,Sun,657,DB,CN2,103A 111A 131A ,H,E,D,O ,F ,X,T,C,50,0,0,0,,,1800427,5816212
Hamilton City,URLICH AVENUE,40,E, ,SH 3,201436294,05/05/2014,Mon,1306,CC,4W1,103A 358A ,T,R,W,O ,L , , ,N,50,0,0,0,,,1800931,5812024
Hamilton City,VARDON ROAD,40,N, ,FORSYTH ST,201443069,06/09/2014,Sat,949,MO,CS1C,371A 371B 929 ,,R,D,O ,F ,D, ,C,50,0,0,0,,,1798811,5818221
Hamilton City,VERCOE ROAD,, ,I,TE RAPA ROAD S,201441584,13/08/2014,Wed,1045,FB,VS1C,181A ,,R,D,B ,F ,T,G,C,50,0,0,0,,,1798956,5817625
Hamilton City,VERNALL ST,70,S, ,ROY ST,201450181,28/12/2014,Sun,25,DA,CS1C,103A 131A ,FMP,E,D,DO,F , , ,N,50,0,0,0,,,1797727,5816312
Hamilton City,VIALOU ST,20,N, ,ROSTREVOR ST,201418401,31/10/2014,Fri,1203,MD,CN1V,377A 308B 330B 839 929 ,,R,D,B ,F ,D, ,N,50,0,0,1,,,1800267,5815798
Hamilton City,VIALOU ST,, ,I,ROSTREVOR ST,201411989,25/03/2014,Tue,1247,JC,CS1S,302A 375A ,,R,D,BF,F ,X,G,C,50,0,0,1,,70,1800278,5815781
Hamilton City,VICKERY ST,260,E, ,PUKETE ROAD,201450415,21/10/2014,Tue,800,EA,CW1C,129A ,M,R,D,TF,F , ,N,N,50,0,0,0,,,1797632,5819321
Hamilton City,VICTORIA ST,, ,I,ABBOTSFORD ST N,201447337,22/10/2014,Wed,1742,KB,CS1C,302B 375B ,,E,D,B ,F ,T,G,C,50,0,0,0,,,1800081,5816716
Hamilton City,VICTORIA ST,10,S, ,ALMA ST,201415114,23/07/2014,Wed,52,PA,CS1E,194A 105B 722B ,,R,D,DO,F ,R,G,C,50,0,0,1,36,,1800968,5815429
Hamilton City,VICTORIA ST,5,N, ,BOUNDARY ROAD,201450084,29/11/2014,Sat,2346,FE,CS1C,331A 351A ,,R,D,DO,F ,X,T,C,50,0,0,0,,,1800296,5816434
Hamilton City,VICTORIA ST,, ,I,BOUNDARY ROAD,201440164,03/07/2014,Thu,1125,GF,CN1C,129B 381B ,,M,D,B ,F ,X,T,C,50,0,0,0,,,1800299,5816430
Hamilton City,VICTORIA ST,50,N, ,BRIDGE ST,201437677,17/05/2014,Sat,1815,FA,CN1C,112A 331A 370A ,,R,D,B ,F , , ,C,50,0,0,0,,,1801427,5814787
Hamilton City,VICTORIA ST,, ,I,BRIDGE ST,201441159,19/05/2014,Mon,1230,FB,CS1T,181A ,,R,D,BF,F ,X,T,C,50,0,0,0,,,1801457,5814746
Hamilton City,VICTORIA ST,, ,I,BRIDGE ST,201441724,13/06/2014,Fri,2243,FB,CS1C,331A 353A ,,E,D,DO,F ,X,G,R,50,0,0,0,,,1801457,5814746
Hamilton City,VICTORIA ST,, ,I,BRIDGE ST,201417407,28/10/2014,Tue,1310,FE,CS1T,331A ,,R,D,OF,L ,X,T,C,50,0,0,1,,,1801457,5814746
Hamilton City,VICTORIA ST,15,N, ,BRYCE LANE,201435728,21/04/2014,Mon,1138,MA,CN1C,373B ,,R,W,O ,F , , ,R,50,0,0,0,,,1800775,5815710