TLANAME,CRASHROAD,CRASHDIST,CRASHDIRN,INTSN,SIDEROAD,CRASHID,CRASHDATE,CRASHDOW,CRASHTIME,MVMT,VEHICLES,CAUSES,OBJECTSSTRUCK,ROADCURVE,ROADWET,LIGHT,WTHRa,JUNCTYPE,TRAFCTRL,ROADMARK,SPDLIM,CRASHFATALCNT,CRASHSEVCNT,CRASHMINCNT,PERSAGE1,PERSAGE2,EASTING,NORTHING
Hamilton City,VICTORIA ST,100,N, ,BRYCE ST,201445111,18/06/2014,Wed,1552,MO,VS1C,386A ,M,R,D,O ,F , , ,R,50,0,0,0,,,1800800,5815672
Hamilton City,VICTORIA ST,5,S, ,BRYCE ST,201450192,07/12/2014,Sun,1215,FD,CS14V,181A 331A 350A ,,R,D,B ,F ,X,T,R,50,0,0,0,,,1800860,5815586
Hamilton City,VICTORIA ST,, ,I,BRYCE ST,201443260,28/08/2014,Thu,1038,GF,CN1C,172A 330A 404A ,,R,D,B ,F ,X,T,C,50,0,0,0,,,1800857,5815590
Hamilton City,VICTORIA ST,, ,I,BRYCE ST,201432222,13/02/2014,Thu,1302,JA,4W2C,322B ,,R,D,B ,F ,X,T,C,50,0,0,0,,,1800857,5815590
Hamilton City,VICTORIA ST,10,N, ,CLAUDELANDS ROAD,201435038,02/04/2014,Wed,1710,FA,CN1C,181A ,,R,D,B ,F ,T,N,C,50,0,0,0,,,1800886,5815549
Hamilton City,VICTORIA ST,, ,I,CLAUDELANDS ROAD,201430522,23/01/2014,Thu,830,LB,CS1C,202B 303B ,,R,D,O ,F ,T,T,R,50,0,0,0,,,1800892,5815541
Hamilton City,VICTORIA ST,, ,I,CLAUDELANDS ROAD,201442777,19/07/2014,Sat,1820,MG,CN1C,359B 371B ,,R,D,DO,F ,T,T,R,50,0,0,0,,,1800892,5815541
Hamilton City,VICTORIA ST,, ,I,CLAUDELANDS ROAD,201410874,27/02/2014,Thu,835,NF,CS2E,722B ,,R,D,B ,F ,T,T,P,50,0,0,1,33,,1800892,5815541
Hamilton City,VICTORIA ST,30,N, ,COLLINGWOOD ST,201430453,26/01/2014,Sun,226,MO,CN1C,371A ,,R,D,DO,F , ,N,C,50,0,0,0,,,1801097,5815246
Hamilton City,VICTORIA ST,20,S, ,COLLINGWOOD ST,201449994,05/06/2014,Thu,2045,BE,CS1C,130A 205A ,,R,D,DO,F , , ,R,50,0,0,0,,,1801126,5815205
Hamilton City,VICTORIA ST,, ,I,COLLINGWOOD ST,201434605,22/02/2014,Sat,310,MB,CS1X,303B 375B ,,R,W,DO,F ,T,T,R,50,0,0,0,,,1801114,5815222
Hamilton City,VICTORIA ST,, ,I,EDGECUMBE ST,201441160,18/05/2014,Sun,1640,JA,CN1C,302B ,,R,D,OF,F ,T,G,C,50,0,0,0,,,1799947,5816884
Hamilton City,VICTORIA ST,, ,I,EDGECUMBE ST,201432154,29/01/2014,Wed,1717,LB,CN1C,303B 375B ,,R,D,B ,F ,T,G,C,50,0,0,0,,,1799947,5816884
Hamilton City,VICTORIA ST,15,N, ,FAIRFIELD BRIDGE,201449989,22/12/2014,Mon,1930,FD,CS1C,181A ,,M,D,B ,F , , ,C,50,0,0,0,,,1799850,5817018
Hamilton City,VICTORIA ST,100,N, ,FAIRFIELD BRIDGE,201430833,05/02/2014,Wed,1743,FD,CS14,181A ,,R,D,BF,F , ,N,C,50,0,0,0,,,1799783,5817068
Hamilton City,VICTORIA ST,30,S, ,GARDEN PLACE,201447431,15/11/2014,Sat,420,FD,CS1C,181A 330A ,,R,D,DO,F , ,N,R,30,0,0,0,,,1801044,5815322
Hamilton City,VICTORIA ST,15,N, ,HOOD ST,201446368,26/09/2014,Fri,45,FA,CN1X,101A 112A 129A ,Q,R,D,DO,F , ,N,R,50,0,0,0,,,1801247,5815036
Hamilton City,VICTORIA ST,, ,I,HOOD ST,201432740,09/03/2014,Sun,405,EC,CS1,330A 414A 671A ,S,R,D,DO,F ,T,T,R,50,0,0,0,,,1801256,5815024
Hamilton City,VICTORIA ST,100,S, ,LIVERPOOL ST,201414976,13/07/2014,Sun,31,CB,CN14,103A 112A ,Q,R,W,DO,F , ,N,C,50,0,1,1,,,1800501,5816107
Hamilton City,VICTORIA ST,, ,I,LIVERPOOL ST,201441549,06/08/2014,Wed,1800,KC,CE1C,322A 375A ,,R,D,TO,F ,X,T,P,50,0,0,0,,,1800444,5816189
Hamilton City,VICTORIA ST,, ,I,LIVERPOOL ST,201449355,12/11/2014,Wed,1524,AA,CN14,159A 173A 402A 801 ,,E,W,O ,L ,X,T,C,50,0,0,0,,,1800444,5816189
Hamilton City,VICTORIA ST,30,N, ,LONDON ST,201444415,05/09/2014,Fri,1705,CB,BS14,130A 501A ,,R,D,O ,F , , ,P,50,0,0,0,,,1800702,5815815
Hamilton City,VICTORIA ST,30,N, ,LONDON ST,201450835,16/12/2014,Tue,1921,CB,CN1C,197A ,M,R,W,TO,H ,X,T,C,50,0,0,0,,,1800702,5815815
Hamilton City,VICTORIA ST,, ,I,LONDON ST,201416930,05/09/2014,Fri,1635,LB,MN1C,103B 322B ,,R,D,OF,F ,X,T,C,50,0,1,0,,,1800719,5815790
Hamilton City,VICTORIA ST,30,E, ,MACDIARMID ROAD,201413331,15/05/2014,Thu,1617,MC,CW1M,377B ,,R,D,B ,F , , ,C,50,0,0,1,,,1799390,5817293
Hamilton City,VICTORIA ST,, ,I,MARLBOROUGH PLACE,201444837,28/10/2014,Tue,1309,CB,CS1C,129A 359A ,M,R,W,OF,L ,T,G,R,30,0,0,0,,,1801210,5815087
Hamilton City,VICTORIA ST,50,S, ,MILL ST,201434359,10/03/2014,Mon,1720,GB,SN1C,158A 929 ,,R,D,B ,F ,D,N,C,50,0,0,0,,,1800324,5816387
Hamilton City,VICTORIA ST,, ,I,MILL ST,201446971,09/10/2014,Thu,2231,HA,CE2C,322A ,,R,D,DO,F ,X,T,C,50,0,0,0,,,1800299,5816430
Hamilton City,VICTORIA ST,, ,I,PRINCES ST,201430451,28/01/2014,Tue,1430,MO,TW1C,371A ,M,R,D,B ,F ,T,G,C,50,0,0,0,,,1800510,5816095
Hamilton City,VICTORIA ST,40,S, ,ROSTREVOR ST,201442466,08/07/2014,Tue,1128,MC,CN1C,372B ,,R,D,OF,F , ,N,R,50,0,0,0,,,1800605,5815954
Hamilton City,VICTORIA ST,50,S, ,ROSTREVOR ST,201447712,26/10/2014,Sun,1515,JA,CS1C,308B 927 ,,R,D,O ,F ,D,N,C,50,0,0,0,,,1800610,5815946
Hamilton City,VICTORIA ST,100,S, ,ROSTREVOR ST,201437773,03/06/2014,Tue,1320,EA,BS1V,129A 330A ,M,R,D,O ,F , , ,C,50,0,0,0,,,1800639,5815905
Hamilton City,VICTORIA ST,150,S, ,ROSTREVOR ST,201434121,24/03/2014,Mon,1945,JA,CS1C,308B 927 ,,E,D,DO,F ,D, ,C,50,0,0,0,,,1800668,5815864
Hamilton City,VICTORIA ST,, ,I,ROSTREVOR ST,201414112,06/03/2014,Thu,1730,JA,SN1C,301B 382B ,,R,D,BF,F ,X,S,C,50,0,0,1,,45,1800582,5815987
Hamilton City,VICTORIA ST,, ,I,TE RAPA ROAD,201450416,06/11/2014,Thu,830,GB,VN1V,172A ,,M,W,OF,F ,X,T,C,50,0,0,0,,,1799288,5817354
Hamilton City,VICTORIA ST,, ,I,ULSTER ST,201416259,11/10/2014,Sat,550,FE,CN1P,331A ,,E,D,DO,F ,X,T,R,50,0,0,1,,,1799288,5817354
Hamilton City,VICTORIA ST,, ,I,ULSTER ST,201444842,04/10/2014,Sat,1650,DA,CS1,410A ,H,R,D,BF,F ,X,G,C,50,0,0,0,,,1800427,5816212
Hamilton City,VICTORIA ST,, ,I,ULSTER ST N,201441541,07/08/2014,Thu,618,LB,VS1C,322A 334A ,,E,D,O ,F ,X,T,C,50,0,0,0,,,1799288,5817354
Hamilton City,WAIRERE DRIVE,, ,I,BISLEY ROAD,201440181,23/06/2014,Mon,845,FE,CN1C,181A ,,R,D,B ,F ,T,T,C,80,0,0,0,,,1802809,5816585
Hamilton City,WAIRERE DRIVE,, ,I,CROSBY ROAD,201415099,31/07/2014,Thu,2203,DA,MN1,101A 111A 131A ,,E,D,DO,F ,R,G,R,80,0,1,0,,,1802054,5819364
Hamilton City,WAIRERE DRIVE,, ,I,CROSBY ROAD,201430195,13/01/2014,Mon,1027,GC,CN1C,171A ,,M,D,OF,F ,R,G,C,80,0,0,0,,,1802064,5819363
Hamilton City,WAIRERE DRIVE,, ,I,CROSBY ROAD,201447724,08/11/2014,Sat,45,DC,CN1C,431A 514A 431B 514B ,GG,E,D,DO,F ,R,G,C,80,0,0,0,,,1802054,5819364
Hamilton City,WAIRERE DRIVE,, ,I,CROSBY ROAD,201430454,25/01/2014,Sat,1740,AO,CN1C,150A 381A ,,E,D,B ,F ,R,G,C,80,0,0,0,,,1802064,5819363
Hamilton City,WAIRERE DRIVE,, ,I,FIFTH AVENUE,201411264,05/03/2014,Wed,1100,BF,CN1C,111A 131A 402A ,,E,D,B ,F ,R,G,R,80,0,0,1,,,1802737,5817319
Hamilton City,WAIRERE DRIVE,, ,I,FIFTH AVENUE,201438483,11/06/2014,Wed,2110,DA,CS1,131A 801 ,G,R,W,DO,L ,R,G,R,80,0,0,0,,,1802768,5817354
Hamilton City,WAIRERE DRIVE,, ,I,FIFTH AVENUE,201446240,27/09/2014,Sat,1035,GB,CN1C,172B ,,E,D,ON,F ,R,G,R,80,0,0,0,,,1802737,5817319
Hamilton City,WAIRERE DRIVE,, ,I,FIFTH AVENUE,201433467,19/02/2014,Wed,2233,DA,CS1,111A 131A 403A ,G,E,D,DO,F ,R,G,C,80,0,0,0,,,1802768,5817354
Hamilton City,WAIRERE DRIVE,20,W, ,GORDONTON ROAD,201434613,10/03/2014,Mon,1000,AA,CW1C,372A ,,E,D,BF,F , ,N,C,80,0,0,0,,,1802011,5819400
Hamilton City,WAIRERE DRIVE,, ,I,GORDONTON ROAD,201442271,19/08/2014,Tue,2107,DA,CN1,131A ,G,M,W,DO,L ,R,G,R,80,0,0,0,,,1802054,5819364
Hamilton City,WAIRERE DRIVE,, ,I,GORDONTON ROAD,201430986,09/02/2014,Sun,1730,AO,CN1C,381A ,,M,D,OF,F ,R,G,R,80,0,0,0,,,1802064,5819363
Hamilton City,WAIRERE DRIVE,, ,I,GORDONTON ROAD,201449986,29/12/2014,Mon,1827,KA,CE1C,302B ,,E,D,O ,F ,R,G,R,80,0,0,0,,,1802045,5819368
Hamilton City,WAIRERE DRIVE,70,W, ,HUKANUI ROAD,201414258,15/08/2014,Fri,1630,MC,MW1C,372B 382B ,,E,D,B ,F , ,N,L,80,0,0,1,,,1800317,5820124
Hamilton City,WAIRERE DRIVE,, ,I,HUKANUI ROAD,201450650,22/12/2014,Mon,1300,GE,CE1V,171B ,,R,D,B ,F ,R,G,R,80,0,0,0,,,1800387,5820125
Hamilton City,WAIRERE DRIVE,, ,I,HUKANUI ROAD,201433817,15/02/2014,Sat,1243,HA,CN2C,302A ,,M,D,B ,F ,R,G,C,80,0,0,0,,,1800414,5820105
Hamilton City,WAIRERE DRIVE,, ,I,HUNTINGTON DRIVE E,201440148,18/06/2014,Wed,735,JA,CE1C,302B 375B ,,R,W,O ,L ,T,G,R,80,0,0,0,,,1801340,5819856
Hamilton City,WAIRERE DRIVE,, ,I,HUNTINGTON DRIVE W,201440272,01/07/2014,Tue,855,JA,VE1C,302B 375B 904 ,I,R,W,O ,M ,T,G,R,80,0,0,0,,,1800672,5820057
Hamilton City,WAIRERE DRIVE,, ,I,HUNTINGTON DRIVE W,201412247,22/04/2014,Tue,1650,JA,CE1C,302B 375B ,,R,D,TF,F ,T,G,R,80,0,0,1,,,1800672,5820057
Hamilton City,WAIRERE DRIVE,20,N, ,POWELLS ROAD,201443855,23/08/2014,Sat,1730,FD,CN1C,181A ,,R,D,TF,F , ,N,R,80,0,0,0,,,1802640,5817647
Hamilton City,WAIRERE DRIVE,300,N, ,POWELLS ROAD,201440308,19/05/2014,Mon,1114,QG,4N1,130A 688A ,F,R,D,B ,F , , ,C,80,0,0,0,,,1802552,5817913
Hamilton City,WAIRERE DRIVE,5,S, ,POWELLS ROAD,201415169,23/08/2014,Sat,1450,FE,CN1M,181A 331A 402A ,,R,D,B ,F ,X,T,R,50,0,0,1,,,1802648,5817623
Hamilton City,WAIRERE DRIVE,, ,I,POWELLS ROAD,201431713,18/01/2014,Sat,945,HA,CN1C,322B ,,R,D,B ,F ,X,T,R,80,0,0,0,,,1802646,5817628
Hamilton City,WAIRERE DRIVE,250,E, ,PUKETE ROAD,201430194,14/01/2014,Tue,1755,FD,CE1C,110A 331A 353A ,,R,D,BF,F , , ,C,80,0,0,0,,,1797643,5819882
Hamilton City,WAIRERE DRIVE,40,N, ,PUKETE ROAD,201443635,27/08/2014,Wed,153,CB,CN1,130A 412A ,P,R,D,DO,F , , ,R,80,0,0,0,,,1797439,5819832
Hamilton City,WAIRERE DRIVE,5,W, ,PUKETE ROAD,201434527,15/02/2014,Sat,852,FE,CW1C,181A ,,R,D,BF,F ,X,T,C,80,0,0,0,,,1797398,5819803
Hamilton City,WAIRERE DRIVE,5,W, ,PUKETE ROAD,201437651,15/04/2014,Tue,1833,FB,CE1C,181A 191B ,,R,D,DO,F ,M,G,C,80,0,0,0,,,1797396,5819820
Hamilton City,WAIRERE DRIVE,, ,I,PUKETE ROAD,201433140,19/03/2014,Wed,630,LB,CE1C,322A 404A ,,R,D,DO,F ,X,T,C,80,0,0,0,,,1797400,5819822
Hamilton City,WAIRERE DRIVE,, ,I,PUKETE ROAD,201431767,07/02/2014,Fri,737,KA,CE1C,303B 375B ,,R,D,B ,F ,X,T,C,80,0,0,0,,,1797400,5819822
Hamilton City,WAIRERE DRIVE,, ,I,PUKETE ROAD,201414988,09/06/2014,Mon,1800,FE,CW1C,181A ,,R,W,DO,F ,X,T,C,80,0,0,1,,,1797402,5819806
Hamilton City,WAIRERE DRIVE,, ,I,PUKETE ROAD,201438136,27/03/2014,Thu,1430,FE,VW1C,181A ,,R,D,BF,F ,X,T,C,80,0,0,0,,,1797402,5819806
Hamilton City,WAIRERE DRIVE,, ,I,RESOLUTION DRIVE,201450510,24/12/2014,Wed,1950,DA,CE1,111A 131A 431A ,K,M,D,TF,F ,R,G,R,80,0,0,0,,,1799280,5820686
Hamilton City,WAIRERE DRIVE,50,E, ,RIVER ROAD,201442296,18/08/2014,Mon,836,FD,TE1C,181A ,,R,D,O ,M , , ,C,50,0,0,0,,,1798816,5820479
Hamilton City,WAIRERE DRIVE,250,W, ,RIVER ROAD,201438079,17/05/2014,Sat,946,QG,VE1,687A ,X,R,D,O ,F , , ,R,80,0,0,0,,,1798560,5820257
Hamilton City,WAIRERE DRIVE,, ,I,RIVER ROAD,201447461,15/11/2014,Sat,1640,DA,CE1,101A 133A ,G,R,W,O ,L ,R,G,R,50,0,0,0,,,1798784,5820440
Hamilton City,WAIRERE DRIVE,, ,I,RIVER ROAD,201444834,02/10/2014,Thu,1608,LB,CS1C,322A ,,R,W,OF,L ,X,T,C,50,0,0,0,,,1798788,5820435
Hamilton City,WAIRERE DRIVE,, ,I,RIVER ROAD,201446916,02/09/2014,Tue,2240,DA,CS2,111A 131A ,,E,D,DO,F ,X,T,C,50,0,0,0,,,,
Hamilton City,WAIRERE DRIVE,, ,I,RIVER ROAD,201441578,15/08/2014,Fri,1440,FE,CW1C,181A 330A ,,R,D,B ,F ,X,T,C,50,0,0,0,,,1798788,5820435
Hamilton City,WAIRERE DRIVE,20,S, ,RUAKURA ROAD,201435721,07/05/2014,Wed,905,AC,CS14,159A 191A 434A ,,E,D,B ,F ,T,T,R,80,0,0,0,,,1802816,5816017
Hamilton City,WAIRERE DRIVE,20,E, ,SH 1N,201432893,28/02/2014,Fri,1600,EB,CE1C,651B ,Q,S,D,O ,F ,T,T,R,80,0,0,0,,,1796346,5818982
Hamilton City,WAIRERE DRIVE,100,W, ,STONELEIGH DRIVE,201444439,11/09/2014,Thu,1818,FD,CS1C,181A 331A 351A ,,R,D,TF,F , , ,R,80,0,0,0,,,1801824,5819538
Hamilton City,WAIRERE DRIVE,300,W, ,TE RAPA ROAD,201445817,24/09/2014,Wed,1600,FD,CW1C,181A ,,R,D,B ,F , , ,C,60,0,0,0,,,1796848,5819360
Hamilton City,WAIRERE DRIVE,, ,I,TE RAPA ROAD,201449982,11/12/2014,Thu,735,GF,CS2C,129A 131A 801 ,,M,W,O ,L ,X,T,R,60,0,0,0,,,1797086,5819559
Hamilton City,WAIRERE DRIVE,, ,I,TE RAPA ROAD,201450182,24/12/2014,Wed,735,FE,VW1C,181A 331A ,,R,D,B ,F ,X,T,R,80,0,0,0,,,1797086,5819559
Hamilton City,WAIRERE DRIVE,, ,I,TE RAPA ROAD,201443256,30/07/2014,Wed,1200,GD,4E1C,331A 357A 387A ,,R,D,O ,F ,X,T,P,80,0,0,0,,,1797070,5819557
Hamilton City,WAIRERE DRIVE,, ,I,TE RAPA ROAD,201437391,25/05/2014,Sun,1820,MG,CW1T,428B ,,R,W,DO,F ,X,T,R,60,0,0,0,,,1797079,5819549
Hamilton City,WAIRERE DRIVE,, ,I,TE RAPA ROAD,201418503,16/11/2014,Sun,1835,LB,CN1C,303B ,,R,W,OF,F ,X,T,R,80,0,0,1,,,1797070,5819557
Hamilton City,WAIRERE DRIVE,, ,I,TE RAPA ROAD,201412862,19/04/2014,Sat,2030,LB,SE1C,322A 534A 602A ,,R,D,DO,F ,X,T,C,60,0,1,0,,29,1797070,5819557
Hamilton City,WAIRERE DRIVE,200,E, ,TOTARA DRIVE OBR,201447344,14/10/2014,Tue,1704,FD,CE1C4,350A 652A ,,R,D,B ,F , ,N,R,80,0,0,0,,,1798274,5820109
Hamilton City,WAIRERE DRIVE,20,S, ,TRAMWAY ROAD N,201440060,15/07/2014,Tue,1744,FD,CN1C,181A ,,R,D,DO,F ,T,N,R,80,0,0,0,,,1802190,5818961
Hamilton City,WAIRERE DRIVE,50,S, ,TRAMWAY ROAD OFFRAMP,201435858,30/01/2014,Thu,,FF,CN1C,512A 514A ,,R,D,DO,F , ,N,R,80,0,0,0,,,1802265,5818794
Hamilton City,WAIRERE DRIVE,, ,I,WAIRERE DRIVE,201442199,11/08/2014,Mon,1819,GA,CS2C,331A 370A 402A ,,R,D,DO,F ,X,G,C,50,0,0,0,,,1798788,5820435
Hamilton City,WAIRERE DRIVE W,, ,I,TE RAPA ROAD,201437833,28/05/2014,Wed,1310,GA,CN1C,181A 387A ,,R,D,B ,F ,X,G, ,60,0,0,0,,,1797070,5819557
Hamilton City,WARD ST,, ,I,ANGLESEA ST,201434604,10/04/2014,Thu,1545,FE,CN2C,181A ,,R,W,ON,L ,X,T,C,50,0,0,0,,,1800722,5815349
Hamilton City,WARD ST,, ,I,TRISTRAM ST,201447340,21/10/2014,Tue,1433,LB,CE1C,303B 402B ,,R,D,B ,F ,X,T,C,50,0,0,0,,,1800526,5815212
Hamilton City,WELLINGTON ST,100,E, ,FIRTH ST,201413099,16/05/2014,Fri,749,JA,VE1CC,308B 382B 929 ,M,R,D,BF,F ,D,N,N,50,0,1,0,,,1802326,5814489
Hamilton City,WELLINGTON ST,30,W, ,NIXON ST,201435914,02/04/2014,Wed,600,EA,CW1C,129A ,M,R,D,DO,F , ,N,C,50,0,0,0,,,1802434,5814518
Hamilton City,WENTWORTH DRIVE,, ,I,FARRINGDON AVENUE,201444831,11/10/2014,Sat,920,HA,CS14,302A 375A ,,M,D,BF,F ,R,G,R,50,0,0,0,,,1799054,5822087
Hamilton City,WENTWORTH DRIVE,80,W, ,INNSWOOD PLACE,201443066,05/09/2014,Fri,2305,DA,MW1C,102A 131A ,M,E,D,DO,F , , ,C,50,0,0,0,,,1799220,5821756
Hamilton City,WILLOUGHBY ST,200,W, ,LIVERPOOL ST,201444071,08/07/2014,Tue,1345,MC,CW1C,372B ,,R,D,OF,F , ,N,C,50,0,0,0,,,1800038,5816126
Hamilton City,WILLOUGHBY ST,20,S, ,MILL ST,201430417,16/01/2014,Thu,1850,LB,CW1C,303B 375B 929 ,,R,D,O ,F ,D,N,R,50,0,0,0,,,1800081,5816106
Hamilton City,WILLOUGHBY ST,50,W, ,MILL ST,201446239,23/09/2014,Tue,1200,MC,CW1C,372B ,,R,D,BF,F , ,N,R,50,0,0,0,,,1800018,5816135
Hamilton City,WILLOUGHBY ST,, ,I,MILL ST,201437955,13/06/2014,Fri,250,LB,CN1C,303B 375B ,,R,W,DO,F ,X,T,C,50,0,0,0,,,1800064,5816114
Hamilton City,WILLOUGHBY ST,, ,I,MILL ST,201430415,12/01/2014,Sun,1230,HA,CS2C,322A 334A ,,R,D,B ,F ,X,T,C,50,0,0,0,,,1800064,5816114
Hamilton City,WILLOUGHBY ST,, ,I,MILL ST,201418357,20/11/2014,Thu,1754,GC,4E1S,372B ,,R,D,BF,F ,X,T,C,50,0,0,1,,24,1800064,5816114
Hamilton City,WILLOUGHBY ST,, ,I,MILL ST,201438244,16/06/2014,Mon,1304,GC,CW1C,173A ,,R,W,OF,L ,X,T,C,50,0,0,0,,,1800064,5816114
Hamilton City,WILLOUGHBY ST,, ,A,RICHMOND ST,201411992,09/02/2014,Sun,344,DA,CN1,103A 111A 131A 514A ,FP,S,D,DO,F , ,N,C,50,0,0,2,,,1799624,5816324
Hamilton City,WINSTONE AVENUE,40,W, ,RYAN AVENUE,201416215,01/10/2014,Wed,910,DB,PE1,131A 354A ,P,E,D,BF,F , ,N,N,50,0,0,1,,,1801611,5818535
Hamilton City,WYE ST,, ,I,TORRINGTON AVENUE,201431044,07/02/2014,Fri,1730,HA,CE1C,302A 375A ,,R,D,O ,F ,M,G,C,50,0,0,0,,,1799594,5815779
Hamilton City,YVONNE ST,, ,I,COVENTRY ROAD,201450516,20/12/2014,Sat,2113,DB,CS1,133A ,P,E,W,DO,L ,T,G,N,50,0,0,0,,,1799683,5812119
Hamilton City,Z CPK CASH CONVERTERS,50,S, ,LONDON ST,201435174,15/03/2014,Sat,1230,MO,CS1C,371A ,,R,W,O ,F , ,N,C,30,0,0,0,,,1800656,5815686
Hamilton City,Z CPK DINSDALE SC,50,S, ,WHATAWHATA ROAD,201416513,19/09/2014,Fri,1150,EA,VE1CCC,421A ,M,R,D,ON,F , ,N,N,20,0,0,1,,,1797891,5814516
Hamilton City,Z CPK NEW WORLD,70,E, ,HORSHAM DOWNS ROAD,201400065,26/03/2014,Wed,1018,NF,CN1E,306A 376A ,,R,D,B ,F , , ,X,20,1,0,0,87,,1800392,5821870
Hamilton City,Z CPK ST COLUMBA SCHOOL,120,N, ,PUKEKO ST,201418186,25/06/2014,Wed,1741,MO,CN1C,357A 512A ,,R,D,TN,F , , ,C,50,0,0,1,,,1798211,5815539
Hamilton City,1N/540/2.361,, ,A,KOURA DRIVE UNDERPASS,201442273,03/08/2014,Sun,1639,CA,CS1,130A 501A ,G,R,D,O ,F , , ,N,100,0,0,0,,,1794744,5821555
Hamilton City,1N/540/5.407,200,N, ,WAIRERE DRIVE OBR,201442983,05/09/2014,Fri,1630,DB,CN1,131A 800 ,G,E,W,O ,F , , ,C,80,0,0,0,,,1796188,5819098
Hamilton City,1N/540/5.607,, ,A,WAIRERE DRIVE OBR,201445335,21/09/2014,Sun,610,DB,CN1,103A 111A 130A 357A 524A ,G,M,D,B ,F , , ,C,80,0,0,0,,,1796356,5818991
Hamilton City,1N/540/5.656,50,S, ,WAIRERE DRIVE OBR,201411728,17/02/2014,Mon,800,CB,CS1,102A 112A 131A 402A ,G,R,D,B ,F , , ,R,100,0,0,1,,,1796407,5818961
Hamilton City,1N/540/5.707,100,S, ,WAIRERE DRIVE OBR,201436270,29/04/2014,Tue,1410,FO,CN14,181A 191B ,,E,D,B ,F , , ,C,80,0,0,0,,,1796428,5818921
Hamilton City,1N/540/6.18,300,N, ,FOREMAN ROAD,201438986,09/06/2014,Mon,1030,AA,VS1C,372A ,,R,D,OF,F , ,N,R,80,0,0,0,,,1796670,5818513
Hamilton City,1N/540/6.38,100,N, ,FOREMAN ROAD,201436440,06/05/2014,Tue,725,FD,CS1C,181A ,,R,W,OF,F , ,N,R,80,0,0,0,,,1796757,5818333
Hamilton City,1N/540/6.46,20,N, ,FOREMAN ROAD,201444269,02/09/2014,Tue,1635,FE,CS1C,181A 331A 387A ,,R,D,B ,F ,T,T,R,80,0,0,0,,,1796792,5818261
Hamilton City,1N/540/6.48,, ,I,FOREMAN ROAD,201446944,19/07/2014,Sat,1310,FE,CS1C,331A 352A ,,R,D,BF,F ,T,T,R,60,0,0,0,,,1796801,5818243
Hamilton City,1N/540/6.484,, ,I,FOREMAN ROAD,201417625,20/11/2014,Thu,1550,FE,TN1C,181A 191B ,,R,D,B ,F ,T,T,R,80,0,0,2,,,1796790,5818238
Hamilton City,1N/540/6.484,, ,I,FOREMAN ROAD,201449988,11/12/2014,Thu,1810,AD,CN1C,112A 130A ,,R,D,B ,F ,T,T,R,80,0,0,0,,,1796790,5818238
Hamilton City,1N/540/6.484,, ,I,FOREMAN ROAD,201438991,11/06/2014,Wed,1755,DA,CW2C,113B 132B ,,R,W,BN,  ,T,T,C,80,0,0,0,,,1796790,5818238
Hamilton City,1N/540/6.784,400,N, ,CRAWFORD ST,201443631,22/08/2014,Fri,1538,FD,CS1C,112A 331A 402A ,,R,D,B ,F , , ,C,80,0,0,0,,,1796933,5817970
Hamilton City,1N/540/7.23,200,N, ,AVALON DRIVE,201411736,05/02/2014,Wed,1836,DB,CS1C,131A 402A 514A ,I,E,D,B ,F , , ,R,80,0,0,1,,,1797121,5817565
Hamilton City,1N/540/7.344,100,N, ,AVALON DRIVE,201415405,11/08/2014,Mon,1243,AD,MN1T,131A 150A ,K,M,D,O ,F , , ,R,80,0,0,1,,,1797157,5817460
Hamilton City,1N/540/7.364,180,S, ,CRAWFORD ST,201441591,20/08/2014,Wed,841,FD,CN1C,331A 350A ,,R,W,B ,F , ,N,L,80,0,0,0,,,1797188,5817453
Hamilton City,1N/540/7.38,900,S, ,FOREMAN ROAD,201450517,24/12/2014,Wed,1910,FA,TS1C,181A ,I,R,D,B ,F , , ,R,80,0,0,0,,,1797201,5817443
Hamilton City,1N/540/7.42,10,W, ,CRAWFORD ST,201436515,06/03/2014,Thu,855,AA,4S1C,353A 372A ,,E,D,B ,F ,R,G,R,80,0,0,0,,,1797241,5817436
Hamilton City,1N/540/7.43,, ,I,AVALON DRIVE,201444847,16/10/2014,Thu,1700,FB,VE1C,181A ,,R,D,OF,F ,R,G,N,80,0,0,0,,,1797246,5817435
Hamilton City,1N/540/7.43,, ,I,CRAWFORD ST,201441821,13/07/2014,Sun,830,DA,CE1,111A 131A 191A ,I,M,W,O ,F ,R,G,R,80,0,0,0,,,1797268,5817450
Hamilton City,1N/540/7.444,, ,I,AVALON DRIVE,201436040,01/05/2014,Thu,1107,FB,CN1C,181A ,,E,D,OF,F ,R,G,R,80,0,0,0,,,1797241,5817419
Hamilton City,1N/540/7.444,, ,I,AVALON DRIVE,201442766,18/07/2014,Fri,1545,FB,CN1C,181A ,,E,D,OF,F ,R,G,R,80,0,0,0,,,1797241,5817419
Hamilton City,1N/540/7.444,, ,I,AVALON DRIVE BYPASS,201430439,13/01/2014,Mon,1930,LB,CN1C,303B 375B ,,R,D,B ,F ,X,T,C,80,0,0,0,,,1797246,5817418
Hamilton City,1N/540/7.522,, ,I,AVALON DRIVE,201440120,28/05/2014,Wed,1648,HA,4W1V,302A 375A 830 ,,M,D,O ,F ,R,G,R,80,0,0,0,,,1797316,5817418
Hamilton City,1N/540/7.572,50,S, ,CRAWFORD ST,201450077,26/11/2014,Wed,831,AA,CS1C,184A 184B ,,E,D,O ,F , , ,C,80,0,0,0,,,1797365,5817407
Hamilton City,1N/540/7.602,80,S, ,AVALON DRIVE,201415492,20/08/2014,Wed,840,FO,CN1C,112A 181A 351A ,,R,W,B ,F , , ,L,80,0,0,1,,,1797394,5817400
Hamilton City,1N/540/9.309,100,N, ,NORTON ROAD,201442241,25/08/2014,Mon,1200,FA,VS1C,386A 514A ,,R,D,B ,F , , ,L,60,0,0,0,,,1798370,5816017