TLANAME,CRASHROAD,CRASHDIST,CRASHDIRN,INTSN,SIDEROAD,CRASHID,CRASHDATE,CRASHDOW,CRASHTIME,MVMT,VEHICLES,CAUSES,OBJECTSSTRUCK,ROADCURVE,ROADWET,LIGHT,WTHRa,JUNCTYPE,TRAFCTRL,ROADMARK,SPDLIM,CRASHFATALCNT,CRASHSEVCNT,CRASHMINCNT,PERSAGE1,PERSAGE2,EASTING,NORTHING
Hamilton City,1N/540/9.309,100,N, ,NORTON ROAD,201445258,26/09/2014,Fri,1447,FD,CS1C,181A 197A 331A ,,E,D,B ,F , , ,C,80,0,0,0,,,1798370,5816017
Hamilton City,1N/540/9.409,, ,I,NORTON ROAD,201436368,20/03/2014,Thu,1642,FB,4S1C,181A ,,R,D,TF,F ,R,G,C,50,0,0,0,,,1798390,5815924
Hamilton City,1N/540/9.409,, ,I,NORTON ROAD,201436007,21/04/2014,Mon,1235,GB,CS14,372B ,,E,D,BF,F ,R,G,R,60,0,0,0,,,1798391,5815920
Hamilton City,NORTON ROAD,, ,I,LINCOLN ST,201436604,09/04/2014,Wed,1446,GE,CS1T,157A 171B 193B ,,M,D,B ,F ,R,G,R,60,0,0,0,,,1798415,5815902
Hamilton City,1N/540/9.44,, ,I,LINCOLN ST,201437652,21/04/2014,Mon,1145,KA,4N1C,302B 375B ,,E,D,B ,F ,R,G,R,60,0,0,0,,,1798415,5815902
Hamilton City,1N/540/9.44,, ,I,NORTON ROAD,201441168,11/05/2014,Sun,22,HA,CW2C,302A 375A ,,M,D,DO,F ,R,G,C,60,0,0,0,,,1798415,5815902
Hamilton City,1N/540/9.44,, ,I,NORTON ROAD,201446932,30/09/2014,Tue,1827,HA,CW2C,302A 375A ,,E,D,BF,F ,R,G,R,50,0,0,0,,,1798415,5815902
Hamilton City,1N/540/9.464,, ,I,LINCOLN ST,201411171,24/03/2014,Mon,1057,GB,4N1V,172B ,,M,D,B ,F ,R,G,R,60,0,0,1,,,1798411,5815880
Hamilton City,1N/540/9.464,, ,I,LINCOLN ST,201411985,07/03/2014,Fri,1630,FA,4N1C,181A ,,M,D,BF,F ,R,G,C,50,0,0,1,,,1798411,5815880
Hamilton City,1N/540/9.464,, ,I,NORTON ROAD,201450089,30/10/2014,Thu,1557,LB,CS1C,302A ,,R,D,B ,F ,R,G,C,60,0,0,0,,,1798411,5815880
Hamilton City,1N/540/9.465,, ,I,LINCOLN ST,201438672,31/01/2014,Fri,1139,HA,CW2V,302A ,,E,D,O ,F ,R,G,R,60,0,0,0,,,1798371,5815909
Hamilton City,1N/540/10.268,100,N, ,SH 23,201435420,27/04/2014,Sun,1830,BB,CS1C,124A 353B 840 922 ,,R,D,DO,F ,D,N,C,60,0,0,0,,,1798914,5815261
Hamilton City,1N/540/10.368,, ,I,MASSEY HALL OVERBRIDGE,201434612,10/03/2014,Mon,900,FF,CW1C,181A 387A ,,E,D,OF,F ,X,T,C,50,0,0,0,,,1798978,5815184
Hamilton City,1N/540/10.368,, ,I,MASSEY HALL OVERBRIDGE,201442783,20/07/2014,Sun,320,DB,CW1,103A 111A 131A ,P,E,W,DO,L ,X,G,C,60,0,0,0,,,1798978,5815184
Hamilton City,1N/540/10.368,, ,I,MASSEY ST,201444443,09/09/2014,Tue,1239,AA,VS1C,330A 372A ,,R,D,B ,F ,X,T,P,60,0,0,0,,,1798978,5815184
Hamilton City,1N/540/10.368,, ,I,MASSEY ST,201418788,27/12/2014,Sat,342,LB,CS1C,303B 410B ,,E,D,DO,F ,X,T,R,50,0,0,1,,,1798978,5815184
Hamilton City,1N/540/10.368,, ,I,MASSEY HALL OVERBRIDGE,201437635,15/05/2014,Thu,740,JA,CS1C,197A 322B 350B ,,R,W,B ,F ,X,T,C,60,0,0,0,,,1798978,5815184
Hamilton City,1N/540/10.408,50,N, ,LORNE ST,201437944,10/06/2014,Tue,820,FD,CN1CC,181A 330A ,,R,W,O ,F , ,N,R,60,0,0,0,,,1798953,5815214
Hamilton City,1N/552/0,, ,I,SH 1N LINCOLN,201435530,12/04/2014,Sat,1724,GC,CS1C,171B ,,M,D,B ,F ,R,G,R,60,0,0,0,,,1798978,5815184
Hamilton City,1N/552/0.1,100,S, ,SH 23,201413752,01/06/2014,Sun,1130,MC,CN1C,372B ,,R,D,BF,F , ,N,P,50,0,0,1,,,1798988,5815085
Hamilton City,1N/552/0.15,150,S, ,SH 23,201413407,07/06/2014,Sat,1157,GB,CS1S,372A 927 ,,R,D,B ,F ,D,N,C,60,0,1,0,,23,1798993,5815035
Hamilton City,1N/552/0.2,200,S, ,SH 23,201447655,28/10/2014,Tue,1710,JA,CN1C,308B 377B 927 ,,R,D,OF,F ,D,N,C,50,0,0,0,,,1798998,5814985
Hamilton City,1N/552/0.218,100,N, ,BANDON ST,201437676,09/05/2014,Fri,1607,FA,MS1V,370A 387A 372B ,,R,W,O ,F , , ,C,60,0,0,0,,,1799000,5814967
Hamilton City,1N/552/0.228,90,N, ,BANDON ST,201412768,27/03/2014,Thu,1620,JA,MN1C,308B 377B 927 ,,R,D,BF,F ,D,N,C,50,0,0,1,,,1799001,5814957
Hamilton City,1N/552/0.288,30,N, ,BANDON ST,201416558,15/10/2014,Wed,916,MC,CN1C,372B ,,R,D,BF,F , ,N,C,50,0,0,1,,,1799007,5814897
Hamilton City,1N/552/0.368,50,S, ,BANDON ST,201413757,25/03/2014,Tue,1700,MC,PN1C,372B ,,R,D,BF,F , ,N,P,50,0,1,1,,,1799014,5814818
Hamilton City,1N/552/0.468,150,S, ,BANDON ST,201418594,13/12/2014,Sat,2308,CB,CN1,104A ,P,R,D,DO,L , ,N,C,50,0,1,0,,,1799024,5814718
Hamilton City,KILLARNEY ROAD,, ,I,1N/552/0.658,201438061,19/05/2014,Mon,1325,HA,CN2C,691B ,,R,D,B ,F ,X,T,R,50,0,0,0,,,1799041,5814529
Hamilton City,1N/552/0.658,, ,I,KILLARNEY ROAD,201437396,20/05/2014,Tue,1240,FE,CE2S,181A 331A ,,R,D,BF,F ,X,T,C,50,0,0,0,,,1799041,5814529
Hamilton City,1N/552/0.658,, ,I,KILLARNEY ROAD,201440135,23/04/2014,Wed,2040,FE,CN1C,181A 330A ,,R,D,DO,F ,X,T,C,50,0,0,0,,,1799041,5814529
Hamilton City,1N/552/0.758,100,S, ,KILLARNEY ROAD,201430518,03/01/2014,Fri,1450,MC,VN1C,372B ,,R,D,O ,F , , ,P,80,0,0,0,,,1799048,5814429
Hamilton City,1N/552/1.457,15,N, ,DUKE ST,201430750,21/01/2014,Tue,1620,FD,CN1V,181A ,,R, , F,  , ,N,C,50,0,0,0,,,1798984,5813734
Hamilton City,1N/552/1.477,5,S, ,DUKE ST,201435567,17/04/2014,Thu,1515,FD,CS1CC,110A 331A 402A ,,R,D,O ,F ,X,G,C,80,0,0,0,,,1798982,5813714
Hamilton City,1N/552/1.502,30,S, ,DUKE ST,201430416,16/01/2014,Thu,1641,FD,4S1C,181A 330A 132B ,,R,D,O ,F , ,N,C,80,0,0,0,,,1798979,5813689
Hamilton City,1N/552/1.78,10,N, ,KAHIKATEA DRIVE,201441156,23/05/2014,Fri,1730,FD,VN1C,181A ,,R,W,DF,L ,T,G,C,80,0,0,0,,,1798956,5813414
Hamilton City,1N/552/1.79,, ,I,KAHIKATEA DRIVE,201446933,25/09/2014,Thu,1335,JA,CN1C,302B 375B ,,M,D,BN,F ,T,G,C,80,0,0,0,,,1798958,5813404
Hamilton City,1N/552/1.79,, ,I,SH 1N KAHIKATEA GREENWOOD,201438988,07/06/2014,Sat,1015,DB,CS2,111A 131A ,X,E,D,ON,F ,T,G,C,60,0,0,0,,,1798958,5813404
Hamilton City,1N/552/1.917,, ,I,LATHAM COURT,201441725,26/06/2014,Thu,1518,JA,CN1V,197A 302B 387B ,,R,D,B ,F ,T,G,C,60,0,0,0,,,1799063,5813342
Hamilton City,1N/552/1.927,10,E, ,LATHAM COURT,201437942,04/06/2014,Wed,1813,FD,VW1VV,181A 191B ,,R,D,DO,F ,T,N,C,60,0,0,0,,,1799072,5813339
Hamilton City,1N/552/1.999,, ,I,GRASSLANDS PLACE,201430450,23/01/2014,Thu,1230,LB,4S1C,303B 830 ,,R,D,B ,F ,T,G,C,60,0,0,0,,,1799140,5813315
Hamilton City,1N/552/2.049,50,E, ,GRASSLANDS PLACE,201451028,02/12/2014,Tue,1215,FD,CW14,181A ,,R,D,BF,F , ,N,C,50,0,0,0,,,1799187,5813300
Hamilton City,1N/552/2.355,250,W, ,GALLAGHER DRIVE,201441158,02/05/2014,Fri,1245,FD,CW1CC,181A ,,R,D,OF,F , ,N,C,80,0,0,0,,,1799478,5813205
Hamilton City,1N/552/2.63,25,E, ,GALLAGHER DRIVE,201414446,05/06/2014,Thu,752,AA,PW1C,372A ,,R,D,OF,F , ,N,C,50,0,1,0,,,1799737,5813112
Hamilton City,1N/552/2.838,, ,I,ALISON ST,201442764,17/07/2014,Thu,1415,GB,CW1C,387A 372B 671B 929 ,,R,D,BF,F ,D,S,C,60,0,0,0,,,1799935,5813047
Hamilton City,1N/552/2.938,100,E, ,ALISON ST,201437929,12/06/2014,Thu,1830,MC,TE1C,372B ,,R,W,DO,F , ,N,P,60,0,0,0,,,1800030,5813018
Hamilton City,1N/552/3.106,15,E, ,LANGDON LANE,201435776,01/05/2014,Thu,1706,AA,CW1B,372A ,T,E,D,TF,F , , ,P,60,0,0,0,,,1800194,5812979
Hamilton City,1N/552/3.236,, ,I,CRESCENT COURT,201415837,04/09/2014,Thu,2010,FA,VW1V,181A 331A 191B 195B 402B ,,R,W,DO,L ,T,G,C,50,0,0,1,,,1800321,5812954
Hamilton City,KAHIKATEA DRIVE,, ,I,TAWA ST W,201437395,21/05/2014,Wed,1745,JC,CN2C,302A 375A ,,R,W,DO,F ,T,G,P,60,0,0,0,,,1800499,5812939
Hamilton City,1N/552/3.571,100,W, ,OHAUPO ROAD,201431148,24/02/2014,Mon,1959,AO,TW1C,150A 381A 150B ,,R,D,TF,F , ,N,C,60,0,0,0,,,1800650,5812973
Hamilton City,1N/552/3.609,80,E, ,TAWA ST E,201434523,03/03/2014,Mon,845,MO,CW1T,387A 371B 927 ,,R,D,BF,F ,D,N,C,60,0,0,0,,,1800683,5812992
Hamilton City,1N/552/3.651,20,S, ,LORNE ST,201430404,09/01/2014,Thu,1739,CC,CS1,110A 130A ,P,R,W,O ,L , ,N,R,80,0,0,0,,,1800719,5813012
Hamilton City,OHAUPO ROAD,, ,I,KAHIKATEA DRIVE,201442201,19/08/2014,Tue,35,AA,CS1C,372A 671A ,,R,D,DO,F ,X,T,R,50,0,0,0,,,1800737,5813022
Hamilton City,1N/553/0,, ,I,OHAUPO ROAD,201445682,12/06/2014,Thu,2039,FE,CE1CC,103A 331A 181B ,,R,W,DO,F ,X,T,C,60,0,0,0,,,1800737,5813022
Hamilton City,1N/553/0,, ,I,OHAUPO ROAD,201446942,05/08/2014,Tue,1515,FB,TW1C,181A ,,R,D,BF,F ,X,G,C,50,0,0,0,,,1800737,5813022
Hamilton City,1N/553/0,, ,I,SH 3,201451064,01/12/2014,Mon,1557,AO,CS1C,171A ,,E,D,BF,F ,R,G,R,50,0,0,0,,,1800737,5813022
Hamilton City,1N/553/0,, ,I,SH 3,201451029,19/12/2014,Fri,740,FB,CW1C,181A ,,M,D,BN,F ,X,G,R,50,0,0,0,,,1800737,5813022
Hamilton City,1N/553/0.46,, ,I,DOWDING ST,201442173,21/08/2014,Thu,1730,LB,CE1C,303B 330B ,,R,D,B ,F ,T,G,P,50,0,0,0,,,1801187,5813095
Hamilton City,1N/553/0.46,, ,I,DOWDING ST,201443851,29/08/2014,Fri,1630,JA,CE1C,303B 377B ,,R,D,OF,F ,T,G,C,50,0,0,0,,,1801187,5813095
Hamilton City,1N/553/0.46,, ,I,DOWDING ST,201447101,05/11/2014,Wed,1759,JA,VE1C,302B 377B 402B ,,R,D,B ,F ,T,G,C,60,0,0,0,,,1801187,5813095
Hamilton City,1N/553/0.46,, ,I,DOWDING ST,201413333,14/05/2014,Wed,1516,LB,4E1C,314B 377B 801 ,,R,W,O ,L ,T,G,C,60,0,0,2,,,1801187,5813095
Hamilton City,1N/553/0.49,30,E, ,DOWDING ST,201410001,06/01/2014,Mon,1715,FD,CE1V,181A 331A 358A ,,R,D,B ,F , , ,P,50,0,0,1,,,1801217,5813092
Hamilton City,1N/553/0.515,5,W, ,SH3 OFF RAMP,201447714,30/09/2014,Tue,1630,FE,4E1C,181A ,,R,D,O ,F ,T,T,C,50,0,0,0,,,1801241,5813089
Hamilton City,1N/553/0.52,, ,I,SH 1N NORMANDY,201443849,28/08/2014,Thu,635,AO,CE1C,129A ,,R,D,OF,F ,T,G,C,50,0,0,0,,,1801246,5813088
Hamilton City,1N/553/0.52,, ,I,LORNE ST,201435855,02/04/2014,Wed,1615,FB,4E2C,181A ,,R,D,BF,F ,X,G,R,50,0,0,0,,,1801246,5813088
Hamilton City,1N/553/0.552,20,S, ,LORNE ST W,201430418,13/01/2014,Mon,1459,FE,CS1C,181A 387A ,,R,D,B ,F ,T,T,C,60,0,0,0,,,1801264,5813106
Hamilton City,1N/553/0.602,70,N, ,SH 1N LORNE,201417295,04/11/2014,Tue,1600,FD,MS1C,331A 352A ,,R,D,O ,F , , ,R,80,0,0,1,,,1801285,5813152
Hamilton City,1N/553/0.652,300,S, ,COBHAM DRIVE,201436006,20/04/2014,Sun,1455,DA,CS1,111A 131A ,C,S,W,OF,L , ,N,C,80,0,0,0,,,1801311,5813194
Hamilton City,1N/553/0.852,100,S, ,COBHAM DRIVE,201434741,08/04/2014,Tue,1630,AC,4S1C,372A 387A ,,R,D,OF,F , ,N,C,80,0,0,0,,,1801416,5813364
Hamilton City,1N/553/0.852,100,S, ,COBHAM DRIVE,201436032,02/04/2014,Wed,1441,AC,VS1V,184A 381A ,,R,D,BF,F , ,N,C,80,0,0,0,,,1801416,5813364
Hamilton City,1N/553/0.852,100,W, ,COBHAM DRIVE,201438764,24/04/2014,Thu,1245,FF,CW1C,181A ,,R,W,OF,H , ,N,R,50,0,0,0,,,1801416,5813364
Hamilton City,1N/553/0.932,20,S, ,COBHAM DRIVE,201430523,04/01/2014,Sat,1910,AF,CS1S,128B ,,R,D,O ,F , , ,R,50,0,0,0,,,1801457,5813433
Hamilton City,1N/553/0.95,, ,I,COBHAM DRIVE,201451063,09/12/2014,Tue,904,LB,CN14,303B ,,R,D,OF,L ,X,T,R,80,0,0,0,,,1801464,5813455
Hamilton City,1N/554/0,, ,I,LINK ROAD,201445935,19/09/2014,Fri,1735,AA,CS1C,199B 407B ,,R,W,O ,F ,T,T,R,80,0,0,0,,,1801481,5813454
Hamilton City,1N/554/0,, ,I,LINK ROAD,201435173,23/02/2014,Sun,700,GA,CN1C,181A ,,E,D,B ,F ,T,G,N,80,0,0,0,,,1801472,5813447
Hamilton City,1N/554/0,, ,I,LINK ROAD,201412155,04/05/2014,Sun,1342,LB,CN1C,334A 303B 334B ,,E,D,B ,F ,T,T,R,80,0,0,3,,,1801472,5813447
Hamilton City,1N/554/0,, ,I,LINK ROAD,201413427,15/05/2014,Thu,650,FB,CN1C,113A 181A ,,E,D,TO,F ,T,G,C,60,0,0,1,,,1801472,5813447
Hamilton City,1N/554/0,, ,I,LINK ROAD,201413330,12/05/2014,Mon,1810,LB,CN1P,322A ,,R,D,DO,F ,T,T,R,80,0,0,1,,,1801472,5813447
Hamilton City,1N/554/0,, ,I,SH 1N NORMANDY,201433627,28/02/2014,Fri,1437,LB,CN1C,322B 334B ,,R,D,B ,F ,T,T,R,80,0,0,0,,,1801472,5813447
Hamilton City,COBHAM DRIVE N,, ,I,NORMANDY AVENUE,201430452,30/01/2014,Thu,155,FE,CS1C,181A ,,R,D,DO,F ,X,T,R,80,0,0,0,,,1801474,5813463
Hamilton City,1N/554/0.011,, ,I,COBHAM DRIVE,201438994,10/06/2014,Tue,1750,LB,CS24,323B ,,R,W,DO,L ,T,T,R,80,0,0,0,,,1801474,5813463
Hamilton City,1N/554/0.12,120,E, ,SH 1N NORMANDY,201415726,01/09/2014,Mon,1332,FD,4E1C,181A ,,E,W,OF,L , ,N,R,80,0,0,1,,,1801553,5813359
Hamilton City,1N/554/0.399,400,E, ,LINK ROAD,201432894,08/03/2014,Sat,1401,DA,CW1,111A 131A ,GK,S,D,B ,F , , ,C,100,0,0,0,,,1801800,5813229
Hamilton City,1N/554/0.5,500,S, ,LINK ROAD,201447716,27/10/2014,Mon,1854,BF,CS1C,111A 131A ,,M,W,O ,L , , ,L,80,0,0,0,,,1801894,5813193
Hamilton City,1N/554/0.535,60,S, ,COBHAM BR W,201411990,15/03/2014,Sat,1514,DA,CS1,111A 131A ,C,S,W,OF,L , ,N,C,80,0,0,2,,,1801928,5813183
Hamilton City,1N/554/0.545,50,S, ,COBHAM BR W,201440981,24/03/2014,Mon,600,DA,CW1,111A 131A ,T,S,W,DO,L , ,N,L,50,0,0,0,,,1801937,5813182
Hamilton City,1N/554/0.56,560,S, ,LINK ROAD,201444425,13/09/2014,Sat,815,DA,CN1,131A 800 ,C,M,W,O ,F , , ,C,80,0,0,0,,,1801951,5813185
Hamilton City,1N/554/0.58,15,S, ,COBHAM BR W,201443003,05/09/2014,Fri,730,DA,CS1,131A 331A 801 ,C,S,W,TO,L , , ,C,80,0,0,0,,,1801971,5813189
Hamilton City,1N/554/0.58,15,S, ,COBHAM BR W,201435565,19/04/2014,Sat,702,DA,CS1,111A 131A 800 ,C,S,W,O ,F , , ,C,80,0,0,0,,,1801971,5813189
Hamilton City,1N/554/0.58,15,S, ,COBHAM BR W,201434299,15/03/2014,Sat,1635,DA,CN1,135A 801 806 ,C,M,W,O ,L , , ,C,80,0,0,0,,,1801971,5813189
Hamilton City,1N/554/0.585,10,S, ,COBHAM BR W,201415725,03/08/2014,Sun,1657,BC,CN1V,129A ,,S,D,BF,F , ,N,C,80,0,0,1,,,1801975,5813192
Hamilton City,1N/554/0.595,, ,A,COBHAM BR W,201415340,03/08/2014,Sun,1114,DA,CS1,110A 131A ,C,S,W,O ,H , ,N,L,80,0,0,1,,,1801981,5813200
Hamilton City,1N/554/0.595,, ,A,COBHAM BR W,201436038,11/04/2014,Fri,1407,DA,CN1,135A 801 ,CK,M,W,OF,L , ,N,C,80,0,0,0,,,1801981,5813200
Hamilton City,1N/554/0.595,, ,A,COBHAM BR W,201415888,22/09/2014,Mon,1346,DA,CS1,131A 402A ,C,M,W,O ,F , , ,C,80,0,0,2,,,1801981,5813200
Hamilton City,1N/554/0.754,500,W, ,GREY ST,201416214,22/09/2014,Mon,1133,FD,CW1V,181A 191B ,,S,W,B ,FS, , ,C,80,0,0,1,,,1802069,5813333
Hamilton City,1N/554/0.793,, ,A,COBHAM BR E,201440184,10/06/2014,Tue,915,FD,CS1C,110A 181A ,,R,W,O ,F , ,N,C,80,0,0,0,,,1802091,5813365
Hamilton City,1N/554/0.854,400,W, ,GREY ST,201440061,11/07/2014,Fri,1638,AO,CW1C,184A 184B ,,R,D,OF,FS, ,N,C,80,0,0,0,,,1802133,5813408
Hamilton City,GREY ST,, ,I,1N/554/1.254,201438245,09/06/2014,Mon,1535,FB,CS1C,181A ,,R,W,OF,L ,T,S,R,80,0,0,0,,,1802513,5813528
Hamilton City,GREY ST,, ,I,1N/554/1.254,201440183,06/07/2014,Sun,1200,FB,VS1V,181A ,,R,W,O ,F ,T,S,C,80,0,0,0,,,1802513,5813528
Hamilton City,1N/554/1.254,, ,I,GREY ST,201437650,03/05/2014,Sat,1845,LB,CE1C,303B ,,E,D,DO,F ,T,G,C,80,0,0,0,,,1802513,5813528
Hamilton City,1N/554/1.254,, ,I,GREY ST,201417425,21/10/2014,Tue,1525,LB,CE14,303B 387B ,,R,D,OF,F ,T,G,R,80,0,0,1,,,1802513,5813528
Hamilton City,1N/554/1.254,, ,I,GREY ST,201434748,09/04/2014,Wed,1620,FB,CS2C,181A ,,R,W,OF,H ,T,S,R,80,0,0,0,,,1802513,5813528
Hamilton City,1N/554/1.254,, ,I,GREY ST,201448150,02/09/2014,Tue,1530,KB,CW1C,206B 402B ,,R,D,B ,F ,T,S,R,80,0,0,0,,,1802513,5813528
Hamilton City,1N/554/1.254,, ,I,GREY ST,201447432,12/11/2014,Wed,1453,KB,VW1V,301B 375B ,,R,W,O ,F ,T,S,C,80,0,0,0,,,1802513,5813528
Hamilton City,1N/554/2.541,800,E, ,GALLOWAY ST,201450729,18/10/2014,Sat,2230,DB,CW1,111A 131A ,,E,W,DO,H , ,N,R,80,0,0,0,,,1803715,5813499
Hamilton City,1N/554/2.926,300,E, ,HOWELL AVENUE W,201417405,12/10/2014,Sun,1608,EA,CW1C,129A 410A ,M,R,D,BF,F , , ,R,50,0,0,1,,,1804060,5813663
Hamilton City,1N/554/3.015,50,W, ,CAMBRIDGE ROAD,201446002,15/10/2014,Wed,1525,FA,CE14,181A ,,R,D,B ,F , , ,R,60,0,0,0,,,1804135,5813720
Hamilton City,1N/554/3.122,20,E, ,CAMBRIDGE ROAD,201412636,07/04/2014,Mon,726,ED,SE1T,504A ,Q,R,D,BF,F ,R,G,C,50,0,0,1,,18,1804221,5813755
Hamilton City,1N/554/3.276,90,W, ,SH 26,201437674,19/05/2014,Mon,1008,CC,CW1,130A 386A ,I,R,D,B ,F , , ,R,60,0,0,0,,,1804386,5813730
Hamilton City,1N/554/3.38,, ,I,MORRINSVILLE ROAD,201415098,01/08/2014,Fri,1555,CA,VE1C,130A 504A ,,R,D,B ,F ,R,G,R,60,0,0,1,,,1804488,5813733
Hamilton City,1N/554/3.38,, ,I,SH 26,201448517,02/11/2014,Sun,1720,HA,CN1C,302A 375A ,,M,D,BF,F ,R,G,C,50,0,0,0,,,1804478,5813731
Hamilton City,1N/554/3.38,, ,I,SH 26,201450095,12/11/2014,Wed,1000,KB,CE1C,302B 375B 801 925 ,,E,W,B ,L ,D,G,R,60,0,0,0,,,1804478,5813731
Hamilton City,1N/554/3.38,, ,I,SH 26 MORRINSVILLE,201411082,10/02/2014,Mon,845,JA,CE1C,302B 382B ,,E,D,B ,F ,R,G,R,60,0,0,1,,,1804478,5813731
Hamilton City,1N/556/0.01,10,S, ,SH 26,201438983,09/06/2014,Mon,1055,AA,CN1C,372A ,,E,W,OF,L ,R,G,R,60,0,0,0,,,1804493,5813701
Hamilton City,1N/556/0.02,20,S, ,SH 26,201436369,19/03/2014,Wed,1320,AC,TN1C,372A ,,R,D,ON,F , ,N,C,50,0,0,0,,,1804501,5813694
Hamilton City,1N/556/0.02,20,S, ,SH 26,201444299,20/08/2014,Wed,1630,FA,CS1CT,130A 410A 423A ,I,R,D,O ,F , , ,R,60,0,0,0,,,1804510,5813702
Hamilton City,1N/556/0.114,, ,I,MCCRACKEN AVENUE,201412154,06/05/2014,Tue,1658,LB,CN1C,303B ,,R,D,TF,F ,T,G,R,60,0,0,1,,,1804550,5813614
Hamilton City,1N/556/0.164,50,S, ,MCCRACKEN AVENUE,201417376,26/08/2014,Tue,1612,QD,CE1EC,428A 721B 922 ,,R,D,B ,F ,D, ,R,50,0,0,1,70,,1804575,5813571
Hamilton City,1N/556/0.254,100,N, ,HOWELL AVENUE E,201410054,24/01/2014,Fri,727,EA,CN1C,130A 412A ,M,R,D,B ,F , , ,C,60,0,0,1,,,1804621,5813493
Hamilton City,1N/556/0.626,50,S, ,RIVERLEA ROAD,201446913,12/06/2014,Thu,656,FF,TS1V,198B ,,R,W,DN,H , ,N,R,80,0,0,0,,,1804875,5813235
Hamilton City,23/0/0,, ,I,SH 1N,201449992,20/11/2014,Thu,2100,HA,4E1C,322A ,,R,D,DO,F ,X,T,C,50,0,0,0,,,1798978,5815184
Hamilton City,23/0/0.02,20,S, ,SH 1N,201432447,07/02/2014,Fri,1000,LB,CN1C,303B 370B 922 ,,R,D,OF,F ,D, ,P,50,0,0,0,,,1798961,5815175
Hamilton City,23/0/0.06,60,W, ,SH 1N GREENWOOD,201450553,05/11/2014,Wed,843,JA,CE1C,308B 375B 922 ,,R,D,B ,F ,D, ,C,50,0,0,0,,,1798925,5815156
Hamilton City,23/0/0.538,10,E, ,ARAWA ST,201416689,23/09/2014,Tue,1630,NA,CE1E,191A 194A 713B ,,R,D,O ,F ,T,G,C,50,0,0,1,13,,1798504,5814931
Hamilton City,23/0/0.76,30,W, ,CAMPBELL ST,201410562,07/02/2014,Fri,1505,NB,CW1E,713B 726B ,,R,D,OF,F , ,N,P,50,0,0,1,5,,1798308,5814826
Hamilton City,23/0/0.78,50,W, ,CAMPBELL ST,201437954,13/06/2014,Fri,1649,FA,CE1C,181A 191B ,,R,D,B ,F , ,N,C,50,0,0,0,,,1798290,5814817
Hamilton City,23/0/1.145,5,E, ,RIFLE RANGE ROAD,201410209,07/01/2014,Tue,1040,NB,CN1E,713B 719B ,,E,D,B ,F ,R,G,R,50,0,0,1,17,,1797966,5814649
Hamilton City,23/0/1.15,, ,I,RIFLE RANGE ROAD,201437972,12/06/2014,Thu,1104,JA,CN1V,302B 386B ,,M,W,O ,L ,T,G,C,50,0,0,0,,,1797961,5814647
Hamilton City,23/0/1.15,, ,I,RIFLE RANGE ROAD,201437472,24/05/2014,Sat,921,DB,CS2C,101A 111A 131A 404A 197B ,JS,E,W,O ,F ,T,G,R,50,0,0,0,,,1797961,5814647
Hamilton City,DINSDALE ROAD,, ,I,RIFLE RANGE ROAD,201415828,01/09/2014,Mon,610,KA,SN1C,302B ,,M,W,DO,L ,R,G,R,50,0,0,1,,37,1797928,5814598
Hamilton City,DINSDALE ROAD,, ,I,23/0/1.209,201447695,18/11/2014,Tue,1051,KA,CN1C,302B 375B ,,S,D,OF,F ,R,G,C,50,0,0,0,,,1797928,5814598
Hamilton City,DINSDALE ROAD,, ,I,23/0/1.209,201441718,25/07/2014,Fri,1211,KA,CW1C,302B 370B ,,E,D,B ,F ,R,G,R,50,0,0,0,,,1797928,5814598
Hamilton City,23/0/1.209,, ,I,KILLARNEY ROAD,201418712,23/12/2014,Tue,2150,DC,PS1,104A 110A 130A ,,E,D,TO,F ,R,G,C,50,0,0,1,,,1797939,5814584
Hamilton City,DINSDALE ROAD,, ,I,KILLARNEY ROAD,201440270,11/06/2014,Wed,839,HA,CE1C,302A 375A 801 ,,E,W,O ,L ,R,G,C,50,0,0,0,,,1797890,5814588
Hamilton City,23/0/1.252,, ,I,DINSDALE ROAD,201434750,31/03/2014,Mon,930,GB,CN2C,333A ,,M,D,BF,F ,R,G,R,50,0,0,0,,,1797890,5814588
Hamilton City,23/0/1.252,, ,I,DINSDALE ROAD,201435853,03/04/2014,Thu,1937,DB,PE1,136A 620A ,,M,W,DO,L ,R,G,R,50,0,0,0,,,1797887,5814580
Hamilton City,23/0/1.252,, ,I,TUHIKARAMEA ROAD,201430405,21/01/2014,Tue,128,DB,CN1,110A 632A ,G,M,W,DO,F ,R,G,R,50,0,0,0,,,1797887,5814580
Hamilton City,23/0/1.323,, ,I,DINSDALE ROAD,201444827,29/10/2014,Wed,1859,HA,CS1C,302A 103B ,,M,D,TF,F ,R,G,C,50,0,0,0,,,1797886,5814571
Hamilton City,23/0/1.323,, ,I,DINSDALE ROAD,201440188,03/06/2014,Tue,1500,FB,CE1V,181A 330A ,,E,D,B ,F ,R,G,C,50,0,0,0,,,1797881,5814570
Hamilton City,23/0/1.353,30,W, ,KILLARNEY ROAD,201443013,29/08/2014,Fri,525,DB,CW1,103A 130A 357A ,X,E,D,DO,F ,R,G,R,60,0,0,0,,,1797857,5814563
Hamilton City,23/0/1.455,150,E, ,POAKA AVENUE,201430460,27/01/2014,Mon,1108,ME,CE1C,371B ,,R,D,B ,F , ,N,C,50,0,0,0,,,1797708,5814520
Hamilton City,POAKA AVENUE,, ,I,23/0/1.606,201439609,01/06/2014,Sun,2208,DA,CE2,111A 131A ,P,R,D,DO,F ,T,G,C,100,0,0,0,,,1797563,5814479
Hamilton City,23/0/1.606,, ,I,POAKA AVENUE,201437943,04/06/2014,Wed,1843,GD,CE1V,181A 331A ,,R,W,DO,F ,T,G,C,100,0,0,0,,,1797563,5814479