TLANAME,CRASHROAD,CRASHDIST,CRASHDIRN,INTSN,SIDEROAD,CRASHID,CRASHDATE,CRASHDOW,CRASHTIME,MVMT,VEHICLES,CAUSES,OBJECTSSTRUCK,ROADCURVE,ROADWET,LIGHT,WTHRa,JUNCTYPE,TRAFCTRL,ROADMARK,SPDLIM,CRASHFATALCNT,CRASHSEVCNT,CRASHMINCNT,PERSAGE1,PERSAGE2,EASTING,NORTHING
Hamilton City,23/0/1.631,25,W, ,POAKA AVENUE,201400046,06/03/2014,Thu,712,NB,CE1E,363A 503B 711B 902 ,,R,D,BF,F , ,N,C,50,1,0,0,64,,1797539,5814472
Hamilton City,23/0/2.529,, ,I,NEWCASTLE ROAD,201430319,03/01/2014,Fri,1226,LB,CE1C,303B 375B ,,R,D,B ,F ,T,G,C,50,0,0,0,,,1796666,5814334
Hamilton City,26/0/0.5,500,E, ,SH 1N,201450827,31/12/2014,Wed,330,CB,CE1,103A 524A ,,R,D,DO,F , ,N,R,50,0,0,0,,,1804963,5813906
Hamilton City,26/0/0.938,, ,I,MATANGI ROAD,201400148,07/07/2014,Mon,640,LB,VS1S,370A 375B 862 ,,R,D,DO,F ,T,G,R,80,1,0,0,,33,1805321,5814154
Hamilton City,26/0/1.013,, ,I,SILVERDALE ROAD,201435729,06/05/2014,Tue,1500,JA,CE1C,301B 378B ,,R,D,O ,F ,T,S,R,80,0,0,0,,,1805378,5814203
Hamilton City,SH 1N,, ,I,OHAUPO ROAD,201449987,28/12/2014,Sun,1500,FE,CN2C,181A 331A ,,R,D,O ,F ,X,T,C,50,0,0,0,,,1800737,5813022
Hamilton City,3/0/0,, ,I,KAHIKATEA DRIVE,201437935,13/05/2014,Tue,1820,KC,CN1C,302A 427A ,,E,D,DO,F ,X,G,C,60,0,0,0,,,1800737,5813022
Hamilton City,SH3 OFF RAMP,, ,I,SH 1N LORNE,201443177,21/08/2014,Thu,1949,JA,CN1C,324A 379B ,,R,D,DO,F ,T,T,C,60,0,0,0,,,1800737,5813022
Hamilton City,3/0/0.03,30,S, ,SH 1N KAHIKATEA,201417296,03/11/2014,Mon,445,EC,VN1C,181A 331A ,M,R,D,TF,F , , ,C,50,0,0,1,,,1800746,5812993
Hamilton City,3/0/0.2,200,S, ,SH 1N,201448144,07/11/2014,Fri,815,FD,CN1T,181A ,,R,W,O ,L , , ,C,80,0,0,0,,,1800793,5812830
Hamilton City,3/0/0.343,60,N, ,SH3 OFF RAMP,201413323,03/04/2014,Thu,825,NB,CN1E,306A 376A 801 ,,R,W,O ,L , , ,X,60,0,0,1,12,,1800850,5812699
Hamilton City,3/0/0.398,5,N, ,SH3 OFF RAMP,201441802,29/07/2014,Tue,1510,FB,4S1C,331A ,,E,D,O ,F ,R,G,R,50,0,0,0,,,1800882,5812655
Hamilton City,3/0/0.467,, ,I,SH 3 ON RAMP,201450427,05/11/2014,Wed,1520,GC,CW2C,129A 129B ,,E,D,BF,F ,R,G,R,50,0,0,0,,,1800894,5812618
Hamilton City,3/0/0.771,300,S, ,MOUNT VIEW ROAD,201438063,25/05/2014,Sun,2330,DB,CN1,404A 410A ,G,E,D,DO,M , , ,R,60,0,0,0,,,1800954,5812308
Hamilton City,3/0/1.012,100,S, ,UNITY LANE S,201441644,22/07/2014,Tue,829,FD,CN1C,131A 353A ,,R,D,O ,F , , ,N,60,0,0,0,,,1800903,5812073
Hamilton City,3/0/1.094,20,S, ,URLICH AVENUE,201441717,26/07/2014,Sat,1312,FA,CS1C,181A 331A 402A 191B ,,R,D,B ,F , , ,R,60,0,0,0,,,1800888,5812011
Hamilton City,3/0/1.097,20,N, ,COLLINS ROAD,201433625,21/03/2014,Fri,1004,MO,4N1,423A 924 ,H,R,D,B ,F ,D, ,C,50,0,0,0,,,1800883,5811990
Hamilton City,3/0/1.155,20,S, ,COLLINS ROAD,201435186,23/03/2014,Sun,1555,FE,CS1C,181A 330A ,,R,D,B ,F ,T,T,R,60,0,0,0,,,1800875,5811951
Hamilton City,3/0/1.417,, ,I,TOMIN ROAD,201444584,19/09/2014,Fri,2215,DA,CS1,111A 131A ,CX,E,W,DO,F ,R,G,R,60,0,0,0,,,1800911,5811721
Hamilton City,3/0/1.44,, ,I,SAXBYS ROAD,201437941,01/06/2014,Sun,913,HA,CN1C,302A 387A ,,M,D,B ,F ,R,G,C,60,0,0,0,,,1800916,5811698
Hamilton City,3/0/1.59,150,S, ,TOMIN ROAD,201412376,14/04/2014,Mon,1310,LB,MN1C,303B 375B 929 ,,R,D,O ,F ,D, ,C,60,0,0,1,,,1801044,5811619
Hamilton City,3/0/1.64,200,S, ,TOMIN ROAD,201449964,03/12/2014,Wed,1412,FA,CN1C,181A 352A ,,R,D,B ,F , , ,C,60,0,0,0,,,1801086,5811593
Hamilton City,3/0/1.703,150,W, ,LAMBERT COURT,201434888,31/03/2014,Mon,1700,KA,CN1C,308B 375B 929 ,,R,D,BF,F ,D,N,L,60,0,0,0,,,1801155,5811551
Hamilton City,3/0/2.198,20,W, ,RESTHILL CRESCENT,201414998,06/07/2014,Sun,1749,BA,CE1CC,129A 358A ,,R,D,DO,F , ,N,C,50,0,0,4,,,1801571,5811316
Hamilton City,3/0/2.593,30,S, ,HOUCHENS ROAD,201432462,31/01/2014,Fri,1530,CC,CN1C,130A 427A ,MPT,R,D,B ,F , , ,C,70,0,0,0,,,1801925,5811105
Hamilton City,3/0/2.696,70,W, ,DIXON ROAD,201412637,10/04/2014,Thu,4,DB,CN1,111A 131A ,T,M,W,DO,L , ,N,L,70,0,0,3,,,1802001,5811036
Hamilton City,3/0/3.184,400,S, ,DIXON ROAD,201417194,10/10/2014,Fri,1800,CA,PS1,129A 130A ,K,R,D,TN,F , , ,C,100,0,0,1,,,1802181,5810622
Hamilton City,3/0/3.458,460,N, ,HALL ROAD,201416002,13/09/2014,Sat,134,DB,CS1,103A 111A ,T,E,W,DN,F , ,N,C,100,0,0,1,,,1802225,5810352
Hamilton City,3/0/4.284,1500,E, ,DIXON ROAD,201450420,08/11/2014,Sat,2102,EC,CE1,912,W,R,D,DN,F , ,N,C,100,0,0,0,,,1802640,5809638
Hamilton City,3/0/4.955,300,S, ,RAYNES ROAD,201418638,21/12/2014,Sun,552,DA,CS1,102A 131A ,F,M,W,TF,F , ,N,C,100,0,0,1,,,1802893,5809057
Hamilton City,RAYNES ROAD,, ,I,3/0/5.237,201450519,15/11/2014,Sat,1510,FB,VW1C,181A 358A ,,R,W,O ,F ,T,S,C,100,0,0,0,,,1802981,5808770
Hamilton City,3/0/5.255,, ,I,RAYNES ROAD,201412150,13/05/2014,Tue,728,JA,CS1C,301B ,,R,D,O ,M ,T,S,C,100,0,0,1,,,1802981,5808770
Hamilton City,39A/0/2.638,500,W, ,EXELBY ROAD,201437394,01/05/2014,Thu,700,GD,CW1V,181A 333A 928 ,,R,D,ON,F ,D,N,L,80,0,0,0,,,1792946,5820533
Hastings District,ADA ST,, ,I,ST GEORGES ROAD,201448315,09/12/2014,Tue,,JC,TS1M,301A 375A ,,E,D,B ,F ,T,S,C,50,0,0,0,,,1932202,5603281
Hastings District,ANDERSON ROAD,, ,I,WHAKATU ROAD,201432330,08/02/2014,Sat,1630,DB,CS2,111A 131A ,FP,M,W,O ,F ,T,N,C,100,0,0,0,,,1933298,5608501
Hastings District,APLEY ROAD,3500,N, ,DARTMOOR ROAD,201437603,09/05/2014,Fri,2215,DA,VN1,131A 412A ,C,M,D,DN,F , , ,N,100,0,0,0,,,1921919,5624073
Hastings District,AVENUE ROAD EAST,50,S, ,WARREN ST NORTH,201412957,04/06/2014,Wed,1535,JA,CS1S,308B 375B 930 ,,R,D,O ,F ,D,N,N,50,0,1,0,,14,1930191,5604821
Hastings District,AVENUE ROAD EAST,, ,I,WARREN ST NORTH,201432458,04/02/2014,Tue,1320,HA,CW2C,302A 375A ,,R,D,B ,F ,X,G,C,50,0,0,0,,,1930161,5604861
Hastings District,BANGOR ST,, ,I,KINGSLEY DRIVE,201447629,24/11/2014,Mon,1925,DA,CS2,104A 131A ,T,R,D,BF,F ,T,N,C,50,0,0,0,,,1923951,5607694
Hastings District,BEACH ROAD,70,S, ,VAN ASCH ROAD,201443169,29/08/2014,Fri,1626,CC,CS1,402A 433A ,F,R,D,TF,F , , ,N,50,0,0,0,,,1939486,5607814
Hastings District,BENNELONG PLACE,20,E, ,NAPIER ROAD,201434014,10/04/2014,Thu,1720,EA,CW1C,386A ,M,R,D,B ,F , ,N,C,50,0,0,0,,,1932914,5601997
Hastings District,BIG HILL ROAD,4050,N, ,KERERU ROAD,201437699,07/06/2014,Sat,2222,DA,CN1,111A 131A 402A ,C,E,D,DN,F , , ,C,100,0,0,0,,,1895024,5610718
Hastings District,BROOKFIELDS ROAD,100,E, ,GILLIGAN ROAD,201414729,05/06/2014,Thu,1000,FA,CE1O,129A 363A 532B ,,R,D,B ,F , , ,C,80,0,0,2,,,1932793,5611886
Hastings District,BROOKFIELDS ROAD,, ,I,SISSONS ROAD,201438884,15/05/2014,Thu,200,DB,CE1,131A ,FS,M,W,DN,L ,T,G,L,100,0,0,0,,,1933416,5612180
Hastings District,BROOKVALE ROAD,, ,I,ST HILL LANE,201435270,21/04/2014,Mon,1600,MG,CS1C,371B ,,E,D,B ,F ,T,G,C,50,0,0,0,,,1933352,5602244
Hastings District,BURMA ROAD,3300,N, ,SH 2,201400095,28/04/2014,Mon,1,DB,CS1,103A 129A 131A 350A ,E,M, ,DN,  , , ,N,100,2,0,0,,,1915444,5592955
Hastings District,CANNING ROAD,5,S, ,HAPIA ST,201436167,27/04/2014,Sun,1856,CB,CN14,102A 130A 410A ,M,R,D,DO,F ,T,G,C,50,0,0,0,,,1928274,5606674
Hastings District,CAROLINE ROAD,, ,I,FREDERICK ST,201442004,13/06/2014,Fri,1324,DA,CE2,111A 131A ,P,R,D,OF,L ,X,G,R,50,0,0,0,,,1930835,5605863
Hastings District,CHARLES ST,, ,I,SOUTHAMPTON ST WEST,201415220,13/08/2014,Wed,2356,GB,SE1C,113A 204A ,,R,D,DO,F ,R,G,R,50,0,1,0,,24,1929090,5605275
Hastings District,CHATHAM ROAD,100,N, ,MARGATE AVENUE,201430766,04/02/2014,Tue,1705,FD,VS1C,181A ,,R,D,BF,F , ,N,C,50,0,0,0,,,1925464,5607863
Hastings District,CLIFTON ROAD,670,S, ,EAST ROAD,201410083,11/01/2014,Sat,1750,DA,CN1,103A 111A 131A ,FP,E,D,B ,F , , ,C,100,0,1,0,,,1940011,5606887
Hastings District,CLIFTON ROAD,20,S, ,OREGON ROAD,201417662,26/12/2014,Fri,1825,CB,MN1,104A 112A ,,R,D,B ,F , ,N,C,50,0,1,0,,,1941501,5605387
Hastings District,CORTES CRESCENT,120,W, ,HUDSON ROAD S,201414317,21/06/2014,Sat,2349,DA,CW1,103A 131A ,CF,E,D,DO,F , , ,N,50,0,0,2,,,1924363,5607529
Hastings District,CROSSES ROAD,200,N, ,NAPIER ROAD,201442106,24/08/2014,Sun,1945,DB,4S1,131A 195A ,B,E,D,DN,F , , ,C,50,0,0,0,,,1933061,5602645
Hastings District,CROSSES ROAD,800,E, ,ST GEORGES ROAD,201414679,06/07/2014,Sun,1830,GB,CS14,158A 387A 175B 929 ,,R,D,DO,F ,D, ,C,80,0,0,1,,,1932977,5602953
Hastings District,DIAZ DRIVE,15,S, ,CARTIER CRESCENT N,201443323,05/09/2014,Fri,1420,MC,VS1C,372B 386B ,,R,D,O ,F , ,N,C,50,0,0,0,,,1924421,5607836
Hastings District,DUART ROAD,, ,I,CAMPBELL ST,201410340,27/01/2014,Mon,842,HA,CN1C,302B 363B 902 ,,R,D,BF,F ,X,G,C,50,0,0,1,,,1933106,5601629
Hastings District,DUART ROAD,80,S, ,GILLEAN ST,201448317,16/12/2014,Tue,1600,GA,CN1C,181A 929 ,,R,D,B ,F ,D,N,C,50,0,0,0,,,1933346,5601418
Hastings District,DUART ROAD,100,N, ,MURITAI CRESCENT S,201435672,01/05/2014,Thu,1657,MC,VS1C,372B 402B ,,R,D,B ,F , , ,C,50,0,0,0,,,1933461,5601167
Hastings District,DUNDEE DRIVE N,450,E, ,WILSON ROAD,201439271,25/06/2014,Wed,2320,DA,CW1,111A 131A ,F,E,D,DO,F , , ,C,50,0,0,0,,,1925834,5606110
Hastings District,EASTBOURNE ST EAST,5,S, ,RUSSELL ST SOUTH,201410628,10/02/2014,Mon,800,EE,CS1C,374B ,Q,R,D,B ,F ,T,N,C,50,0,0,1,,,1929742,5604816
Hastings District,EASTBOURNE ST EAST,30,W, ,WARREN ST SOUTH,201448268,19/12/2014,Fri,1604,EE,CS1C,129A 386A 374B ,M,R,D,B ,F , ,N,C,50,0,0,0,,,1929854,5604668
Hastings District,EASTBOURNE ST WEST,40,N, ,KING ST SOUTH,201432602,20/03/2014,Thu,1320,MG,CN1C,371B 387B ,,R,D,B ,F , ,N,C,50,0,0,0,,,1929537,5605088
Hastings District,EASTBOURNE ST WEST,, ,I,NELSON ST SOUTH,201432831,14/02/2014,Fri,1240,HA,CE2C,301B 377B ,,R,D,B ,F ,X,S,R,50,0,0,0,,,1929464,5605185
Hastings District,EASTBOURNE ST WEST,, ,I,NELSON ST SOUTH,201437416,27/05/2014,Tue,1651,HA,CE2CV,301B 375B ,,R,D,TF,F ,X,S,R,50,0,0,0,,,1929464,5605185
Hastings District,EASTBOURNE ST WEST,, ,I,RAILWAY ROAD,201441525,05/05/2014,Mon,900,HA,CN1S,302A ,,E,D,O ,F ,T,G,P,50,0,0,0,,,1929715,5604852
Hastings District,EVENDEN ROAD,, ,I,ORMOND ROAD,201445659,14/10/2014,Tue,1600,HA,CW1C,321B ,,R,D,B ,F ,X,S,R,100,0,0,0,,,1929255,5609110
Hastings District,EVENDEN ROAD,30,N, ,PAKOWHAI ROAD,201446117,18/10/2014,Sat,1530,GE,CN1V,160A 330A 929 ,,R,D,B ,F ,D, ,C,50,0,0,0,,,1930454,5607577
Hastings District,FARNDON ROAD,1000,E, ,CHESTERHOPE BRIDGE,201438886,27/05/2014,Tue,1725,CB,VW1,129A 134A ,Z,R,D,DN,F , ,N,C,80,0,0,0,,,1933574,5609828
Hastings District,FARNDON ROAD,, ,I,CHESTERHOPE BRIDGE,201439418,03/07/2014,Thu,1756,FB,CW1C,181A 331A ,,E,D,DO,F ,T,N,C,80,0,0,0,,,1932652,5609542
Hastings District,FARNDON ROAD,, ,A,FARNDON OBR,201432357,12/02/2014,Wed,1100,GD,TS1C,181A ,,E,D,O ,F ,T,N,C,100,0,0,0,,,1934727,5609860
Hastings District,FARNDON ROAD,150,W, ,SH 2,201439724,26/06/2014,Thu,929,MG,4E1T,350B 671B ,,R,D,B ,F , , ,P,50,0,0,0,,,1936065,5611559
Hastings District,FITZROY AVENUE,50,S, ,PAKOWHAI ROAD,201444460,12/08/2014,Tue,1515,MD,CS1C,330B 371B 402B 929 ,,R,D,B ,F ,D,N,C,50,0,0,0,,,1929344,5606639
Hastings District,FLAXMERE AVENUE,100,N, ,CHATHAM ROAD,201445475,21/09/2014,Sun,1218,GB,CN1V,158A 333A 170B 929 ,,R,D,B ,F ,D,N,R,50,0,0,0,,,1925033,5607670
Hastings District,FLAXMERE AVENUE,180,S, ,HENDERSON ROAD,201437441,14/05/2014,Wed,1950,MC,CS1C,102A 387A 372B 801 ,,R,W,DO,L , , ,C,50,0,0,0,,,1925526,5607026
Hastings District,FLAXMERE AVENUE,70,W, ,SH 50A,201414609,21/07/2014,Mon,1954,BF,SE1C,105A 130A 602A ,,E,D,DO,F , , ,P,100,0,0,1,,27,1926149,5606315
Hastings District,FLAXMERE AVENUE,, ,I,SH 50A,201446882,08/11/2014,Sat,1620,FB,CE1C,181A 330A ,,R,D,DO,F ,R,G,C,50,0,0,0,,,1926213,5606304
Hastings District,FLAXMERE AVENUE,, ,I,WILSON ROAD,201435869,14/04/2014,Mon,2135,HA,CS1C,302A 375A ,,R,W,DO,L ,R,G,R,50,0,0,0,,,1925876,5606580
Hastings District,FOLKESTONE DRIVE,, ,I,WILSON ROAD,201416050,01/09/2014,Mon,2226,DC,CS1,103A 112A ,P,R,W,DO,F ,T,N,C,50,0,0,1,,,1926080,5606737
Hastings District,FREDERICK ST,, ,I,KONINI ST,201411916,18/03/2014,Tue,1510,JA,SS1C,302B 375B ,,R,D,BF,F ,T,G,C,50,0,0,1,,9,1930285,5606719
Hastings District,FREDERICK ST,15,E, ,NELSON ST NORTH,201435942,08/04/2014,Tue,,FD,CW1C,181A ,,R,D,OF,F ,R,G,C,50,0,0,0,,,1930689,5606091
Hastings District,FREDERICK ST,, ,I,RIMU ST,201433177,01/04/2014,Tue,830,MO,CE2C,302A 308B 929 ,,R,D,O ,F ,D,N,C,50,0,0,0,,,1930037,5607102
Hastings District,FREDERICK ST,20,S, ,TOMOANA ROAD,201447612,27/09/2014,Sat,1855,CB,CN1C,129A ,M,R,D,DO,F , ,N,C,50,0,0,0,,,1930496,5606388
Hastings District,FRIMLEY ROAD,50,S, ,KARAITIANA ST,201446078,24/10/2014,Fri,1730,GD,CS1C,181A 331A 801 929 ,,R,W,O ,L ,D, ,C,50,0,0,0,,,1928735,5606929
Hastings District,FRIMLEY ROAD,, ,I,NOTTINGLEY ROAD,201443997,02/09/2014,Tue,1644,HA,CW2C,302A 375A ,,E,W,OF,L ,R,G,R,50,0,0,0,,,1928508,5607214
Hastings District,GILPIN ROAD,, ,I,MIDDLE ROAD,201431372,25/02/2014,Tue,200,DB,CS1,102A 111A 131A ,C,M,D,DO,F ,M,G,R,100,0,0,0,,,1931174,5600062
Hastings District,GLENGARRY ROAD,7000,N, ,PUKETITIRI ROAD,201432835,10/03/2014,Mon,720,DA,CS1,131A 804 ,FJ,M,D,O ,F , , ,C,100,0,0,0,,,1922151,5632239
Hastings District,GLENGARRY ROAD,1800,W, ,SH 5,201412349,05/04/2014,Sat,1200,DB,MN1,135A 804 ,,M,D,O ,F , , ,C,100,0,0,1,,,1922053,5637390
Hastings District,GORDON ROAD,50,S, ,KENNEDY ROAD,201412331,29/03/2014,Sat,1839,NA,CS1E,712B 713B 727B ,,R,D,O ,F , , ,C,50,0,1,0,4,,1928256,5605338
Hastings District,GROVE ROAD,30,S, ,AMANDA PLACE,201440105,05/07/2014,Sat,1805,MC,CN1V,372B ,,R,D,B ,F , ,N,C,50,0,0,0,,,1931185,5605362
Hastings District,HARRISON LANE,250,W, ,OLD MAIN ROAD,201414678,06/07/2014,Sun,1600,CB,40,110A 138A 407A ,,R,D,B ,F , , ,N,50,0,0,2,,,1924805,5599327
Hastings District,HASTINGS ST NORTH,, ,I,ALBERT ST,201445758,04/09/2014,Thu,920,HA,CN2C,302B 375B ,,R,D,O ,F ,X,G,C,50,0,0,0,,,1930625,5605037
Hastings District,HASTINGS ST NORTH,, ,I,QUEEN ST EAST,201439728,20/06/2014,Fri,1220,HA,CE1C,302B 375B ,,R,D,B ,F ,X,G,R,50,0,0,0,,,1930149,5604677
Hastings District,HASTINGS ST NORTH,, ,I,QUEEN ST EAST,201449084,06/12/2014,Sat,1120,HA,CW1C,302B 375B ,,R, , F,  ,X,G,C,50,0,0,0,,,1930149,5604677
Hastings District,HASTINGS ST NORTH,, ,I,ST AUBYN ST EAST,201410673,08/03/2014,Sat,1503,HA,CE1C,101A 301A ,,R,D,B ,F ,X,S,R,50,0,0,2,,,1930341,5604822
Hastings District,HASTINGS ST NORTH,, ,I,ST AUBYN ST EAST,201435866,07/04/2014,Mon,1115,KA,SN2C,301B 375B 671B ,,R,W,OF,H ,X,S,R,50,0,0,0,,,1930341,5604822
Hastings District,HASTINGS ST NORTH,, ,I,VICTORIA ST,201449161,02/12/2014,Tue,1715,LB,CW1C,303B 375B ,,R, , F,  ,X,G,C,50,0,0,0,,,1930529,5604966
Hastings District,HASTINGS ST SOUTH,, ,I,AKINA ST,201446079,25/10/2014,Sat,1130,EA,CN1C,129A ,M,R,D,B ,F ,T,G,C,50,0,0,0,,,1929486,5604176
Hastings District,HASTINGS ST SOUTH,, ,I,HERETAUNGA ST EAST,201432406,19/02/2014,Wed,2230,HA,CE1S,302A 426B 534B ,,M,D,DO,F ,R,G,R,50,0,0,0,,,1930046,5604600
Hastings District,HASTINGS ST SOUTH,, ,I,LYNDON ROAD EAST,201437442,24/05/2014,Sat,1620,HA,CW1C,302B 375B ,,R,D,O ,F ,X,G,C,50,0,0,0,,,1929860,5604457
Hastings District,HASTINGS ST SOUTH,40,E, ,SOUTHAMPTON ST EAST,201433774,01/04/2014,Tue,921,NA,CE1E,711B ,,R,D,O ,F , , ,C,50,0,0,0,,,1929796,5604408
Hastings District,HASTINGS ST SOUTH,, ,I,SOUTHAMPTON ST EAST,201413521,27/06/2014,Fri,1500,KA,CS2S,302B ,,M,D,O ,F ,R,G,C,50,0,0,1,,11,1929764,5604384
Hastings District,HAVELOCK ROAD,100,N, ,KARANEMA DRIVE,201443581,17/07/2014,Thu,815,GD,VS1C,331A 352A 928 ,,R,W,OF,L ,D,N,P,70,0,0,0,,,1932293,5602126
Hastings District,HAVELOCK ROAD,, ,I,KARANEMA DRIVE,201443308,27/08/2014,Wed,825,FB,CN1C,181A 330A 350A ,,R,D,B ,F ,R,G,C,50,0,0,0,,,1932389,5602025
Hastings District,HAVELOCK ROAD,, ,I,KARANEMA DRIVE,201431365,24/02/2014,Mon,1520,FB,CS1C,181A 350A ,,E,D,BF,F ,R,G,C,50,0,0,0,,,1932389,5602025
Hastings District,HAVELOCK ROAD,150,E, ,NORTON ROAD,201416915,10/09/2014,Wed,820,FD,CW1CCV,181A ,,R,D,BF,F , ,N,C,70,0,0,2,,,1930987,5603505
Hastings District,HAVELOCK ROAD,20,E, ,ST GEORGES ROAD,201438369,21/05/2014,Wed,1700,CC,CN1,197A ,I,R,D,TO,F , , ,R,70,0,0,0,,,1931590,5602862
Hastings District,HAVELOCK ROAD,15,N, ,ST GEORGES ROAD,201441881,21/08/2014,Thu,56,CA,CS1,103A 410A ,IP,R,D,DO,F , , ,R,70,0,0,0,,,1931539,5602916
Hastings District,HAVELOCK ROAD,20,N, ,ST GEORGES ROAD,201433439,16/03/2014,Sun,1640,AA,CN1C,372A ,,R,D,BF,F , ,N,R,70,0,0,0,,,1931535,5602920
Hastings District,HAVELOCK ROAD,400,N, ,ST GEORGES ROAD,201431539,04/01/2014,Sat,2145,FA,VS1C,181A 331A ,,R,D,DO,F , , ,C,70,0,0,0,,,1931275,5603197
Hastings District,HAVELOCK ROAD,, ,I,ST GEORGES ROAD,201432530,31/01/2014,Fri,920,AO,CN1C,129A 150A ,,E,D,B ,F ,R,G,C,70,0,0,0,,,1931549,5602906
Hastings District,HENDERSON ROAD,150,S, ,FLAXMERE AVENUE,201438806,10/07/2014,Thu,1015,LB,CE1C,303B 375B 930 ,,R,W,BF,F ,D,N,R,50,0,0,0,,,1925286,5607085
Hastings District,HENDERSON ROAD,200,W, ,STEVENS PLACE,201432659,13/03/2014,Thu,1610,GA,CW1C,181A 331A 929 ,,R,D,B ,F ,D,N,C,70,0,0,0,,,1926100,5607718
Hastings District,HENDLEY ROAD,1200,N, ,PUKETITIRI ROAD,201412152,15/04/2014,Tue,330,DB,CS1,410A ,F,E,W,DN,M , , ,N,100,0,0,1,,,1911159,5639533
Hastings District,HENRY ST,20,S, ,PEPPER ST,201416035,03/10/2014,Fri,1820,MO,PN1,131A 402A ,T,R,D,B ,F ,T,G,C,50,0,0,1,,,1928677,5605246
Hastings District,HERETAUNGA ST EAST,60,E, ,HASTINGS ST SOUTH,201412483,24/04/2014,Thu,2015,LB,MS1C,303B 375B 925 ,,R,D,DO,F ,D, ,C,50,0,0,1,,,1930092,5604549
Hastings District,HERETAUNGA ST EAST,100,S, ,HASTINGS ST SOUTH,201417913,31/07/2014,Thu,1821,NA,CN1E,306A 350A ,,R,D,DO,F , , ,X,50,0,1,0,84,,1930116,5604517
Hastings District,HERETAUNGA ST EAST,, ,I,HASTINGS ST SOUTH,201433914,08/04/2014,Tue,1725,HA,4N14,302A 402A ,,E,D,O ,L ,R,G,R,50,0,0,0,,,1930049,5604611
Hastings District,HERETAUNGA ST EAST,15,N, ,LUMSDEN ROAD,201431634,17/01/2014,Fri,1610,FD,CS1C,181A 427A ,,R,D,B ,F ,T,S,C,50,0,0,0,,,1930741,5603767
Hastings District,HERETAUNGA ST EAST,50,S, ,MILLER ST,201410519,24/01/2014,Fri,1615,FD,CS14C,181A ,,R,D,BF,F , ,N,C,50,0,0,1,,,1930166,5604449
Hastings District,HERETAUNGA ST EAST,50,S, ,PARK ROAD NORTH,201430890,24/02/2014,Mon,1521,FD,CN1C,181A ,,R,D,BF,F , ,N,C,50,0,0,0,,,1930648,5603868
Hastings District,HERETAUNGA ST EAST,, ,I,RIVERSLEA ROAD SOUTH,201433913,07/04/2014,Mon,1515,HA,SE2C,301A 375A ,,R,D,O ,L ,X,S,C,50,0,0,0,,,1930367,5604176
Hastings District,HERETAUNGA ST EAST,, ,I,SYLVAN ROAD,201436626,27/02/2014,Thu,1337,FB,CS1C,181A 330A ,,R,D,B ,F ,R,G,C,50,0,0,0,,,1930480,5604047
Hastings District,HERETAUNGA ST EAST,, ,I,TERRACE ROAD,201449206,10/12/2014,Wed,1635,GD,CN1C,331A ,,R,W,O ,L ,T,G,C,50,0,0,0,,,1930724,5603786
Hastings District,HERETAUNGA ST EAST,, ,I,WILLOWPARK ROAD SOUTH,201430816,18/02/2014,Tue,1848,HA,BN1M,302A 375A ,,R,D,BF,F ,R,G,R,50,0,0,0,,,1930214,5604383
Hastings District,HERETAUNGA ST EAST,, ,I,WILLOWPARK ROAD SOUTH,201418026,20/11/2014,Thu,816,HA,CE2S,302A 375A ,,E,D,BF,F ,R,G,C,50,0,0,1,,43,1930212,5604371
Hastings District,HERETAUNGA ST EAST,20,N, ,WINDSOR AVENUE,201444763,03/10/2014,Fri,1300,NA,CN1E,711B ,,R,D,BF,F , ,N,C,50,0,0,0,,,1930822,5603681
Hastings District,HERETAUNGA ST EAST,10,W, ,WINDSOR AVENUE,201411046,11/02/2014,Tue,1829,MA,TS1C,102A 373B ,,R,D,B ,F ,T,S,P,50,0,0,1,,,1930828,5603674
Hastings District,HERETAUNGA ST EAST,50,W, ,WINDSOR AVENUE,201436888,25/05/2014,Sun,940,MO,CN1,420A 507A ,F,R,D,B ,F , , ,C,50,0,0,0,,,1930801,5603703
Hastings District,HERETAUNGA ST WEST,, ,I,CHARLES ST,201435824,25/04/2014,Fri,1645,FB,VS1C,181A ,,R,D,BF,F ,R,G,R,50,0,0,0,,,1929380,5605496
Hastings District,HERETAUNGA ST WEST,15,N, ,DAVIS ST,201433438,21/03/2014,Fri,2030,MA,VN1V,373B ,,R,W,DO,L , ,N,C,50,0,0,0,,,1928969,5606038
Hastings District,HERETAUNGA ST WEST,, ,I,GRAYS ROAD,201440729,10/07/2014,Thu,821,HA,CW2C,302A ,,R,W,O ,F ,R,G,R,50,0,0,0,,,1929137,5605815
Hastings District,HERETAUNGA ST WEST,, ,I,GRAYS ROAD,201414162,31/05/2014,Sat,815,KB,4N1S,302A 375A ,,R,D,BF,F ,R,G,R,50,0,0,1,,67,1929137,5605815
Hastings District,HERETAUNGA ST WEST,, ,I,MARAEKAKAHO ROAD,201444354,25/09/2014,Thu,1430,JA,4N1C,302B 404B ,,R,D,B ,F ,R,G,C,50,0,0,0,,,1928784,5606268