TLANAME,CRASHROAD,CRASHDIST,CRASHDIRN,INTSN,SIDEROAD,CRASHID,CRASHDATE,CRASHDOW,CRASHTIME,MVMT,VEHICLES,CAUSES,OBJECTSSTRUCK,ROADCURVE,ROADWET,LIGHT,WTHRa,JUNCTYPE,TRAFCTRL,ROADMARK,SPDLIM,CRASHFATALCNT,CRASHSEVCNT,CRASHMINCNT,PERSAGE1,PERSAGE2,EASTING,NORTHING
Hastings District,HERETAUNGA ST WEST,50,N, ,MARKET ST NORTH,201445660,10/10/2014,Fri,1430,BA,CS14,129A 205A ,,R,D,B ,F , , ,C,50,0,0,0,,,1929713,5605056
Hastings District,HERETAUNGA ST WEST,20,N, ,MCLEAN ST,201411077,08/01/2014,Wed,1651,EE,SS1C,352B 374B ,M,R,D,B ,F , , ,C,50,0,0,1,,25,1929212,5605717
Hastings District,HERETAUNGA ST WEST,15,S, ,PAKOWHAI ROAD,201430263,11/01/2014,Sat,1040,PC,CS1K,308A 377A 927 ,,R,D,B ,F ,D,N,C,50,0,0,0,,,1928804,5606255
Hastings District,HERETAUNGA ST WEST,, ,I,SOUTHLAND ROAD,201434353,12/04/2014,Sat,1530,JA,VN1V,301B ,,R,W,O ,L ,T,S,C,50,0,0,0,,,1929468,5605379
Hastings District,HERETAUNGA ST WEST,, ,I,SOUTHLAND ROAD,201440735,25/07/2014,Fri,1820,LB,CN14,303B ,,R,D,DO,F ,T,S,C,50,0,0,0,,,1929468,5605379
Hastings District,HERETAUNGA ST WEST,80,E, ,STORTFORD ST,201413559,01/08/2014,Fri,1135,NG,CW1E,371A ,,R,D,B ,F , , ,C,50,0,1,0,75,,1928929,5606092
Hastings District,HERETAUNGA ST WEST,5,S, ,STORTFORD ST,201433922,28/03/2014,Fri,1205,GO,4S14,381A 924 ,,R,D,B ,F ,D,N,R,50,0,0,0,,,1928883,5606152
Hastings District,HERETAUNGA ST WEST,, ,I,TOMOANA ROAD,201431631,21/01/2014,Tue,2215,DC,CN1,351A ,T,R,D,DO,F ,R,G,R,50,0,0,0,,,1929344,5605544
Hastings District,HERETAUNGA ST WEST,20,N, ,TOWNSHEND ST,201449681,23/12/2014,Tue,840,EA,CN1C,129A ,M,R,D,B ,F , , ,C,50,0,0,0,,,1929089,5605878
Hastings District,HERETAUNGA ST WEST,, ,I,TOWNSHEND ST,201413009,25/04/2014,Fri,1230,KB,VE1P,302A 375A ,,E,D,BF,F ,R,G,R,50,0,0,1,,,1929101,5605862
Hastings District,HILL ROAD,1000,E, ,OMAHU ROAD,201437803,01/05/2014,Thu,1945,CB,CE1,103A 112A ,FPT,R,D,DN,F , ,N,N,100,0,0,0,,,1924647,5610333
Hastings District,HOWARD ST,, ,I,ST GEORGES ST,201435739,09/05/2014,Fri,2100,DB,CN2,102A 111A 131A ,FT,M,D,DO,F ,T,S,C,80,0,0,0,,,1931876,5603082
Hastings District,JERVOIS ST,30,E, ,KARAMU ROAD NORTH,201430767,10/02/2014,Mon,1620,EA,SW1C,129A ,M,R,D,OF,F ,T,G,C,50,0,0,0,,,1930742,5605348
Hastings District,JERVOIS ST,, ,I,KARAMU ROAD NORTH,201441882,20/08/2014,Wed,1140,DA,CE2V,111A 131A 402A 801 ,M,R,W,O ,L ,T,G,C,50,0,0,0,,,1930724,5605372
Hastings District,JOLL ROAD,, ,I,PORTER DRIVE,201416630,13/10/2014,Mon,1800,HA,CE2C,302A 302B ,,E,D,B ,F ,R,G,C,50,0,0,1,,,1932680,5601443
Hastings District,KARAMU ROAD NORTH,, ,I,FREDERICK ST,201410297,11/02/2014,Tue,1718,ND,VW1E,306A 376A ,,R,D,O ,FF,X,T,C,50,0,0,1,14,,1931038,5605564
Hastings District,KARAMU ROAD NORTH,, ,I,KENILWORTH ROAD,201447630,16/11/2014,Sun,944,JA,CE1C,302B 375B ,,R,D,BF,F ,T,G,C,50,0,0,0,,,1931688,5605956
Hastings District,KARAMU ROAD NORTH,25,N, ,MAYFAIR AVENUE,201416037,26/09/2014,Fri,1515,AA,SE1C,330A 372A ,,R,D,B ,F , ,N,C,50,0,0,1,,15,1931292,5605719
Hastings District,KARAMU ROAD NORTH,25,E, ,ST AUBYN ST EAST,201449568,06/12/2014,Sat,2130,LB,CE1C,303B 375B 927 ,,R,D,DO,F ,D, ,C,50,0,0,0,,,1930205,5605045
Hastings District,KARAMU ROAD NORTH,, ,I,ST AUBYN ST EAST,201431376,27/02/2014,Thu,1525,FE,CE1C,331A 387A ,,R,D,BF,F ,X,T,C,50,0,0,0,,,1930185,5605031
Hastings District,KARAMU ROAD NORTH,, ,I,ST AUBYN ST EAST,201450700,09/12/2014,Tue,1200,FE,CS1C,181A 387A ,,R,D,BF,F ,X,T,C,50,0,0,0,,,1930185,5605031
Hastings District,KARAMU ROAD NORTH,, ,I,TUDOR AVENUE,201432459,07/02/2014,Fri,825,JC,CS2T,174B 672B 801 ,,R,W,O ,L ,T,G,C,50,0,0,0,,,1931152,5605632
Hastings District,KARAMU ROAD NORTH,, ,I,VICTORIA ST,201449094,01/12/2014,Mon,805,HA,CW1S,302A 375A ,,M,D,BF,F ,R,G,R,50,0,0,0,,,1930375,5605158
Hastings District,KARAMU ROAD SOUTH,100,N, ,MARTIN DALE,201435030,03/03/2014,Mon,830,MC,VN1C,372B ,,R,D,B ,F , ,N,C,50,0,0,0,,,1929267,5604304
Hastings District,KENNEDY ROAD,100,N, ,GORDON ROAD,201444230,11/09/2014,Thu,1145,BA,CN1C,129A 386A ,,R,D,B ,F , , ,C,50,0,0,0,,,1928306,5605439
Hastings District,KING ST SOUTH,10,E, ,HERETAUNGA ST WEST,201446875,03/10/2014,Fri,1330,MO,CE1C,103A 371A 371B 926 ,,M,D,O ,F ,D,N,C,50,0,0,0,,,1929649,5605123
Hastings District,KINGSLEY DRIVE,, ,I,PALGRAVE AVENUE,201448325,26/12/2014,Fri,2205,DB,CW1CCC,104A 111A 433A ,,M,D,DO,F ,T,N,N,50,0,0,0,,,1924019,5607775
Hastings District,LAWN ROAD,200,E, ,PILCHER ROAD,201437417,20/05/2014,Tue,400,DA,CS1,111A 131A 800 904 ,V,M,W,DN,M , , ,C,80,0,0,0,,,1935262,5607114
Hastings District,LAWN ROAD,800,E, ,PILCHER ROAD,201431373,01/03/2014,Sat,2105,CA,4W1,112A 137A ,,R,D,DN,F , ,N,N,100,0,0,0,,,1935652,5607570
Hastings District,LAWN ROAD,1500,N, ,TE MATA MANGATERETERE ROA,201410412,18/01/2014,Sat,1130,CB,VS1,501A ,P,R,D,B ,F , , ,C,100,0,0,1,,,1936107,5608102
Hastings District,LAWN ROAD,, ,I,TE MATA MANGATERETERE ROA,201416636,05/10/2014,Sun,1320,DA,MN1,131A ,K,E,D,B ,F ,R,G,R,50,0,1,1,,,1935101,5606996
Hastings District,LAWRENCE ST,80,S, ,RIVERSLEA ROAD SOUTH,201445757,14/09/2014,Sun,114,MO,CN1C,330A 371A ,M,R,W,DN,F , ,N,C,50,0,0,0,,,1929933,5603750
Hastings District,LONGLANDS ROAD EAST,430,S, ,RAILWAY ROAD SOUTH,201445767,19/10/2014,Sun,1055,DA,CS1,110A 131A ,T,E,W,O ,L , ,N,C,100,0,0,0,,,1927609,5602039
Hastings District,LONGLANDS ROAD WEST,1000,S, ,RAILWAY ROAD SOUTH,201412530,30/04/2014,Wed,724,LB,CN1S,303B 375B 377B 927 ,,R,D,O ,F ,D, ,C,100,0,0,1,,27,1926360,5602735
Hastings District,LUMSDEN ROAD,140,N, ,OUTRAM ROAD,201416638,09/10/2014,Thu,1914,NB,CS1E,105B 713B 801 ,,R,W,DO,L , , ,N,50,0,1,1,27,,1930439,5603520
Hastings District,LUMSDEN ROAD,50,E, ,WAVELL ST,201440449,14/07/2014,Mon,330,MO,CS1C,308A 125B 929 ,,R,D,DO,F ,D,N,N,50,0,0,0,,,1930206,5603344
Hastings District,LYNDHURST ROAD,100,S, ,HART DRIVE,201435299,14/03/2014,Fri,1450,MF,CS1CC,112A 372B ,M,R,D,B ,F , , ,C,50,0,0,0,,,1929170,5607272
Hastings District,LYNDON ROAD WEST,20,S, ,KING ST SOUTH,201446619,24/09/2014,Wed,1625,EA,VS1C,129A ,M,R,D,B ,F , , ,C,50,0,0,0,,,1929477,5604967
Hastings District,MANGAROA ROAD,40,S, ,MARAEKAKAHO ROAD,201430527,31/01/2014,Fri,2115,DC,CN1,111A 131A ,G,E,W,DO,L , , ,C,100,0,0,0,,,1923163,5604016
Hastings District,MARAEKAKAHO ROAD,50,W, ,FRANCIS HICKS AVENUE,201434178,06/04/2014,Sun,2245,CB,VW1,132A 195A 901 ,F,R,W,DO,H , , ,C,50,0,0,0,,,1928270,5605866
Hastings District,MARAEKAKAHO ROAD,100,W, ,HERETAUNGA ST WEST,201439721,12/06/2014,Thu,1545,JA,CW1C,308B 377B 839 901 930 ,,R,W,OF,H ,D, ,C,50,0,0,0,,,1928708,5606203
Hastings District,MARAEKAKAHO ROAD,570,S, ,IRONGATE ROAD,201413820,25/05/2014,Sun,2025,DB,CS1,101A 111A 131A 433A 692A ,P,E,D,DO,F , , ,C,100,0,0,2,,,1925986,5604120
Hastings District,MARAEKAKAHO ROAD,50,N, ,KAIAPO ROAD,201451004,20/12/2014,Sat,2140,EA,CN1C,103A 129A 351A ,M,R,D,DO,F , ,N,C,50,0,0,0,,,1928084,5605724
Hastings District,MARAEKAKAHO ROAD,100,W, ,NGATARAWA ROAD,201411027,19/01/2014,Sun,2035,CC,CW1,410A ,P,R,D,TN,F , , ,C,100,0,0,1,,,1923058,5604092
Hastings District,MARAEKAKAHO ROAD,, ,I,OLIPHANT ROAD,201445760,18/09/2014,Thu,930,JA,VE1C,302B 377B 839 ,,R,D,B ,F ,T,G,C,50,0,0,0,,,1927837,5605538
Hastings District,MARAEKAKAHO ROAD,30,S, ,OMAHU ROAD,201441204,24/07/2014,Thu,845,KB,CN1C,308B 375B 922 ,,R,D,B ,F ,D, ,C,50,0,0,0,,,1928762,5606248
Hastings District,MARAEKAKAHO ROAD,, ,I,OMAHU ROAD,201412348,01/04/2014,Tue,651,HA,CS24,302A 375A ,,R,D,DO,F ,R,G,R,50,0,0,1,,,1928784,5606279
Hastings District,MARAEKAKAHO ROAD,30,N, ,ORCHARD ROAD,201447623,12/11/2014,Wed,1500,MG,CS1C,428B ,,R,D,BF,F , ,N,C,50,0,0,0,,,1928527,5606061
Hastings District,MARAEKAKAHO ROAD,, ,I,ORCHARD ROAD,201432826,04/03/2014,Tue,900,AO,CE1C,386A ,,R,D,B ,F ,X,T,C,50,0,0,0,,,1928503,5606043
Hastings District,MARAEKAKAHO ROAD,100,W, ,RAUKAWA ROAD,201439269,08/06/2014,Sun,1158,CA,CE1,130A 501A ,S,R,D,B ,F , , ,R,50,0,0,0,,,1922140,5604422
Hastings District,MARAEKAKAHO ROAD,3300,E, ,SH 50,201446879,08/11/2014,Sat,730,CC,CW1,125A 622A ,FP,R,D,B ,F , ,N,C,100,0,0,0,,,1919370,5604761
Hastings District,MARAEKAKAHO ROAD,20,S, ,SOUTHAMPTON ST WEST,201432456,14/02/2014,Fri,1220,FE,CE1CC,331A 507A ,,R,D,B ,F ,X,T,C,50,0,0,0,,,1928487,5606031
Hastings District,MARAEKAKAHO ROAD,, ,I,SOUTHAMPTON ST WEST,201435875,14/04/2014,Mon,820,FE,CE1CC,423A 427A ,,R,W,OF,L ,X,T,C,50,0,0,0,,,1928503,5606043
Hastings District,MARAEKAKAHO ROAD,, ,I,STOCK ROAD,201447303,17/11/2014,Mon,1640,LB,CE1C,303B 375B ,,R,D,B ,F ,T,G,C,100,0,0,0,,,1924399,5603646
Hastings District,MARAETOTARA ROAD,1000,S, ,WAIMARAMA ROAD,201448327,26/12/2014,Fri,1615,DB,OS1,137A 197A ,C,M,D,B ,F , ,N,N,100,0,0,0,,,1938805,5593455
Hastings District,MARKET ST NORTH,50,W, ,QUEEN ST WEST,201445136,06/10/2014,Mon,1200,KB,CW1C,308B 927 ,,R,D,B ,F ,D, ,C,50,0,0,0,,,1929800,5605059
Hastings District,MARKET ST SOUTH,, ,I,LYNDON ROAD WEST,201430398,22/01/2014,Wed,1330,HA,CS2C,302A ,,R,D,B ,F ,X,G,C,50,0,0,0,,,1929549,5604870
Hastings District,MARKET ST SOUTH,, ,I,LYNDON ROAD WEST,201440807,01/08/2014,Fri,1414,HA,VN2C,302B 902 ,,R,D,B ,F ,X,G,C,50,0,0,0,,,1929549,5604870
Hastings District,MARKET ST SOUTH,, ,I,SOUTHAMPTON ST WEST,201439416,30/06/2014,Mon,1710,MG,CE1C,371B ,,R,D,DO,F ,X,S,C,50,0,0,0,,,1929453,5604796
Hastings District,MATAPIRO ROAD,3000,S, ,CROWNTHORPE SETTLEMENT RO,201441528,14/08/2014,Thu,1533,DA,VS1,110A 131A 903 ,,M,D,B ,FS, ,N,C,100,0,0,0,,,1913592,5613281
Hastings District,MATAPIRO ROAD,900,E, ,OMAPERE ROAD,201416578,06/09/2014,Sat,36,DB,CE1,111A 131A ,T,S,W,DN,L , ,N,N,100,0,0,1,,,1909618,5611004
Hastings District,MAYFAIR AVENUE,150,N, ,KARAMU ROAD NORTH,201447624,27/11/2014,Thu,1230,MD,CS1C,308B 929 ,,R,D,BF,F ,D,N,C,50,0,0,0,,,1931189,5605831
Hastings District,MIDDLE ROAD,300,E, ,CRYSTALL ROAD,201434824,02/04/2014,Wed,1640,DA,CW1,103A 131A ,FT,E,D,BF,F , ,N,C,100,0,0,0,,,1929230,5598429
Hastings District,MIDDLE ROAD,490,S, ,MUTINY ROAD,201417663,27/12/2014,Sat,1319,DB,MS1,132A 402A ,,S,D,B ,F , ,N,C,100,0,0,1,,,1926020,5594976
Hastings District,MIDDLE ROAD,750,S, ,MUTINY ROAD,201448694,05/12/2014,Fri,1120,DB,CN1,111A 131A 402A ,C,M,W,O ,F , , ,N,100,0,0,0,,,1925911,5594765
Hastings District,MIDDLE ROAD,2000,S, ,ROWE ROAD,201418092,23/11/2014,Sun,1137,DA,MS1,131A ,,E,D,BN,F , ,N,C,100,0,0,1,,,1922148,5587462
Hastings District,MILL ROAD,, ,A,BLACKS BR,201432006,30/01/2014,Thu,1245,AD,CN1,131A 150A 350A 386A ,B,E,D,BF,F , ,N,C,100,0,0,0,,,1937466,5608602
Hastings District,MOUNT ERIN ROAD,30,S, ,TE AUTE ROAD,201415913,01/08/2014,Fri,355,CC,CS1,103A 130A ,V,R,D,DN,F , , ,N,100,0,0,1,,,1929573,5600663
Hastings District,MURDOCH ROAD EAST,10,S, ,REKA ST,201447304,24/09/2014,Wed,1430,BC,CN1CC,929,,R,D,B ,F ,D,N,C,50,0,0,0,,,1928917,5603831
Hastings District,MURDOCH ROAD WEST,40,S, ,MURDOCH PLACE,201436635,02/05/2014,Fri,1210,EA,4N1C,129A ,M,R,D,B ,F , ,N,C,50,0,0,0,,,1928360,5604345
Hastings District,MURDOCH ROAD WEST,70,S, ,MURDOCH PLACE,201410685,28/02/2014,Fri,300,MO,TN1E,371A 105B 520B 929 ,,R,D,DO,F ,D,N,C,50,0,0,1,21,,1928381,5604325
Hastings District,MURDOCH ROAD WEST,, ,I,RAILWAY ROAD,201430891,18/02/2014,Tue,1800,FB,CS1C,181A ,,R,D,BF,F ,X,S,R,50,0,0,0,,,1928842,5603900
Hastings District,NAPIER ROAD,, ,I,CROSSES ROAD,201449680,30/12/2014,Tue,1440,EA,CE2C,129A 386A 402A ,M,R,D,B ,F ,T,G,R,50,0,0,0,,,1933205,5602516
Hastings District,NAPIER ROAD,60,S, ,GODDARD LANE,201416544,27/09/2014,Sat,1810,FD,CN1C,103A 181A ,FP,R,D,TO,F , ,N,R,50,0,0,1,,,1933068,5602200
Hastings District,NAPIER ROAD,, ,I,KARANEMA DRIVE,201448921,06/12/2014,Sat,1920,HA,VS1C,302A 820 902 ,,M,D,B ,F ,R,G,R,50,0,0,0,,,1932834,5601937
Hastings District,NAPIER ROAD,, ,I,KARANEMA DRIVE,201442390,27/07/2014,Sun,1030,HA,CE2C,302A 375A ,,R,D,B ,F ,R,G,C,50,0,0,0,,,1932824,5601936
Hastings District,NAPIER ROAD,50,N, ,LAWN ROAD,201439726,27/06/2014,Fri,957,FA,TN1C,387A 140B ,,R,D,B ,F , , ,C,80,0,0,0,,,1934165,5606358
Hastings District,NAPIER ROAD,220,N, ,ROMANES DRIVE,201400005,07/01/2014,Tue,1510,BF,VS1C,131A ,,M,D,B ,F , , ,L,80,1,1,0,,,1933466,5603072
Hastings District,NELSON ST NORTH,, ,I,FREDERICK ST,201413814,17/06/2014,Tue,835,GC,CE1S,363A 370A 174B 902 ,,E,W,B ,F ,R,G,R,50,0,0,1,,17,1930681,5606104
Hastings District,NELSON ST NORTH,, ,I,HERETAUNGA ST WEST,201411918,22/03/2014,Sat,1920,LB,CN1C,303B ,,R,W,DO,L ,X,T,C,50,0,0,3,,,1929560,5605258
Hastings District,NELSON ST NORTH,, ,I,QUEEN ST WEST,201430848,13/01/2014,Mon,1650,HA,CE14,302B 375B ,,R,D,BF,F ,X,G,C,50,0,0,0,,,1929657,5605330
Hastings District,NELSON ST NORTH,, ,I,QUEEN ST WEST,201446876,12/11/2014,Wed,1310,FB,CE1V,181A ,,R,D,B ,F ,X,G,R,50,0,0,0,,,1929657,5605330
Hastings District,NELSON ST NORTH,, ,I,ST AUBYN ST WEST,201439802,26/06/2014,Thu,1530,BO,CN2V,122A 402A ,,E,D,B ,F ,X,T,P,50,0,0,0,,,1929850,5605477
Hastings District,NELSON ST SOUTH,, ,I,EASTBOURNE ST WEST,201430879,19/02/2014,Wed,1030,HA,CE1C,301B 375B ,,R,D,BF,F ,X,S,C,50,0,0,0,,,1929464,5605185
Hastings District,NELSON ST SOUTH,, ,I,EASTBOURNE ST WEST,201446881,07/11/2014,Fri,1510,HA,CE1C,301B 375B ,,R,D,B ,F ,X,S,C,50,0,0,0,,,1929464,5605185
Hastings District,NELSON ST SOUTH,, ,I,EASTBOURNE ST WEST,201433448,26/03/2014,Wed,1215,LB,4E1C,303B 375B ,,R,D,BF,F ,X,S,C,50,0,0,0,,,1929464,5605185
Hastings District,NELSON ST SOUTH,, ,I,EASTBOURNE ST WEST,201430772,13/02/2014,Thu,2144,HA,CW1C,301B 375B ,,R,D,DO,F ,X,S,C,50,0,0,0,,,1929464,5605185
Hastings District,NELSON ST SOUTH,, ,I,EASTBOURNE ST WEST,201431532,24/01/2014,Fri,935,HA,CE1C,301B 375B 671B ,,R,D,BF,F ,X,S,C,50,0,0,0,,,1929464,5605185
Hastings District,NELSON ST SOUTH,, ,I,HERETAUNGA ST WEST,201441527,23/07/2014,Wed,1031,LB,CE1C,303B 375B ,,R,W,O ,F ,X,T,C,50,0,0,0,,,1929560,5605258
Hastings District,NORFOLK CRESCENT,50,E, ,ANSON ST S,201439419,11/06/2014,Wed,1945,CC,CE1,101A 108A ,C,R,W,DO,F , ,N,C,50,0,0,0,,,1931671,5604875
Hastings District,NORTON ROAD,300,S, ,COPELAND ROAD,201413374,09/06/2014,Mon,530,CB,CN1,410A ,B,R,W,DN,F , , ,N,50,0,0,1,,,1929831,5602747
Hastings District,NOTTINGLEY ROAD,, ,I,BALLANTYNE ST,201446085,16/10/2014,Thu,820,LB,CE1C,303B 375B ,,R,D,B ,F ,X,G,C,50,0,0,0,,,1928197,5606977
Hastings District,NOTTINGLEY ROAD,, ,I,FRIMLEY ROAD,201441526,04/08/2014,Mon,1200,HA,TN1S,302A 375A ,,M,W,O ,H ,R,G,C,50,0,0,0,,,1928508,5607214
Hastings District,OLD TAUPO COACH ROAD,2300,E, ,SH 5,201433918,01/04/2014,Tue,1300,DB,CW1,134A 138A 402A ,,M,D,B ,F , ,N,N,100,0,0,0,,,1921328,5646600
Hastings District,OLIPHANT ROAD,20,N, ,OLIPHANT PLACE,201410674,06/02/2014,Thu,744,AA,SN1C,105A 372A ,,R,D,B ,F , ,N,C,50,0,0,1,,44,1928078,5605221
Hastings District,OLIPHANT ROAD,100,N, ,SOUTHLAND ROAD,201448797,02/12/2014,Tue,1615,MO,CN1C,371A ,,R,D,B ,F , , ,C,50,0,0,0,,,1928448,5604728
Hastings District,OMAHU ROAD,, ,I,FRIMLEY AVENUE,201440726,11/07/2014,Fri,1340,MC,CS1C,372B ,,R,D,B ,F ,T,G,C,50,0,0,0,,,1928241,5606802
Hastings District,OMAHU ROAD,150,N, ,HAPUKA ST,201418093,08/12/2014,Mon,143,PA,CS1E,387A ,,R,D,DO,F , ,N,C,50,0,0,1,17,,1928412,5606637
Hastings District,OMAHU ROAD,20,S, ,HAPUKA ST,201432603,19/03/2014,Wed,1320,FC,CS1C,181A 330A ,,R,D,B ,F , ,N,C,50,0,0,0,,,1928533,5606518
Hastings District,OMAHU ROAD,, ,I,HILL ROAD,201432457,14/02/2014,Fri,704,GD,CN14,333A ,,R,D,B ,F ,T,G,C,100,0,0,0,,,1923851,5609727
Hastings District,OMAHU ROAD,15,E, ,KELFIELD PLACE,201431621,19/01/2014,Sun,1920,MA,CW1C,373B ,,R,D,B ,F , , ,C,50,0,0,0,,,1927435,5607549
Hastings District,OMAHU ROAD,240,N, ,KIRKWOOD ROAD,201446202,03/10/2014,Fri,2241,CC,CN1,103A ,F,R,D,DN,F , ,N,N,100,0,0,0,,,1924188,5609407
Hastings District,OMAHU ROAD,20,N, ,MCLEOD ST,201414730,05/08/2014,Tue,1650,MA,CN1C,363B 373B 902 ,,R,D,B ,F , , ,P,50,0,0,2,,,1928648,5606408
Hastings District,OMAHU ROAD,30,W, ,NOTTINGLEY ROAD,201438015,09/06/2014,Mon,830,FD,4E1CCC,181A 181B 181C 191D ,,R,D,O ,F , , ,C,50,0,0,0,,,1928092,5606947
Hastings District,OMAHU ROAD,340,N, ,PAKOWHAI ROAD,201447628,05/11/2014,Wed,1835,MB,VE1C,303B 375B ,G,R,D,OF,F , ,N,R,50,0,0,0,,,1928538,5606514
Hastings District,OMAHU ROAD,400,E, ,RAUPARE ROAD,201444767,23/07/2014,Wed,1510,AA,VE1V,387A ,,R,D,OF,F , ,N,P,50,0,0,0,,,1927087,5607818
Hastings District,OMAHU ROAD,20,E, ,SH 50A,201441797,22/07/2014,Tue,805,FB,4W1C,181A 353A ,,R,D,B ,F ,R,G,R,50,0,0,0,,,1927646,5607380
Hastings District,OMAHU ROAD,5,N, ,SH 50A,201437414,28/05/2014,Wed,1427,FB,CS1C,181A 387A 191B ,,R,D,B ,F ,R,G,R,50,0,0,0,,,1927573,5607442
Hastings District,OMAHU ROAD,100,N, ,STONYCROFT ST,201435861,14/04/2014,Mon,747,MC,CS1C,372B ,,R,W,OF,L , ,N,C,50,0,0,0,,,1927805,5607226
Hastings District,OMAHU ROAD,, ,I,WILSON ROAD,201416552,27/09/2014,Sat,810,HA,CN2S,302A 382A ,,M,D,BF,F ,R,G,C,50,0,1,0,,52,1927285,5607651
Hastings District,OMARUNUI ROAD,340,S, ,STROME ROAD,201448270,30/11/2014,Sun,1620,DA,CS1,131A 402A ,F,E,D,B ,F , ,N,C,100,0,0,0,,,1928376,5614145
Hastings District,OMARUNUI ROAD,900,S, ,VICARAGE ROAD,201446268,07/09/2014,Sun,1633,DA,CS1,111A 131A ,S,M,D,BN,F , ,N,N,100,0,0,0,,,1926131,5618556
Hastings District,ORCHARD ROAD,20,N, ,MARAEKAKAHO ROAD,201436317,12/03/2014,Wed,818,FD,CN14CC,181A ,,R,D,BF,F , ,N,C,50,0,0,0,,,1928490,5606058
Hastings District,ORCHARD ROAD,100,N, ,MCLEOD ST,201431265,02/03/2014,Sun,1110,MD,CS1V,371B 930 ,,R,D,BF,F ,D,N,C,50,0,0,0,,,1928312,5606252
Hastings District,ORCHARD ROAD,140,N, ,MCLEOD ST,201432601,12/03/2014,Wed,1157,EA,CN1CC,129A 500A ,M,R,D,B ,F , ,N,C,50,0,0,0,,,1928285,5606282
Hastings District,ORCHARD ROAD,, ,I,STONYCROFT ST,201438092,11/06/2014,Wed,1750,LB,CS1C,301A ,,R,D,O ,F ,T,S,N,50,0,0,0,,,1927679,5607006
Hastings District,ORCHARD ROAD,, ,I,STONYCROFT ST,201439800,16/06/2014,Mon,1720,LB,CE1C,111A 321A 402A 800 901 ,,M,W,O ,H ,T,S,C,50,0,0,0,,,1927679,5607006
Hastings District,ORMOND ROAD,300,E, ,EVENDEN ROAD,201440742,02/07/2014,Wed,2050,CC,CW1,130A 195A ,CV,R,W,DN,M , , ,N,70,0,0,0,,,1929480,5609308
Hastings District,ORMOND ROAD,500,S, ,EVENDEN ROAD,201435267,24/04/2014,Thu,2020,CB,CN1,129A 800 ,V,R,D,DN,F , , ,C,60,0,0,0,,,1928867,5608798
Hastings District,ORMOND ROAD,350,W, ,EVENDEN ROAD,201446408,29/09/2014,Mon,1659,DA,CW1,129A 134A ,V,E,D,ON,F , ,N,C,100,0,0,0,,,1928996,5608876
Hastings District,ORMOND ROAD,1000,N, ,OMAHU ROAD,201411720,27/02/2014,Thu,1330,CC,VS1,410A ,T,R,D,B ,F , , ,N,60,0,1,0,,,1928097,5608268
Hastings District,OTENE ROAD,500,E, ,ELWOOD ROAD,201440765,15/06/2014,Sun,820,CB,CE1,103A 433A ,P,R,D,O ,F , , ,C,80,0,0,0,,,1932209,5607497
Hastings District,PAKOWHAI ROAD,150,E, ,ALLEN ROAD,201435269,23/04/2014,Wed,1420,AO,CN1T,372A 507A ,,R,D,B ,F , , ,C,80,0,0,0,,,1931218,5613364
Hastings District,PAKOWHAI ROAD,920,S, ,ALLEN ROAD,201449205,12/12/2014,Fri,1210,FA,CS1C,181A 331A ,,R,D,O ,F , , ,C,80,0,0,0,,,1931567,5612677
Hastings District,PAKOWHAI ROAD,1000,S, ,ALLEN ROAD,201440766,26/06/2014,Thu,242,EC,TN1,912,W,R,D,DN,F , , ,C,100,0,0,0,,,1931604,5612606
Hastings District,PAKOWHAI ROAD,1000,S, ,ALLEN ROAD,201432801,11/03/2014,Tue,800,GC,CS1T,372B 929 ,,R,D,B ,F ,D,N,C,100,0,0,0,,,1931604,5612606
Hastings District,PAKOWHAI ROAD,, ,I,ALLEN ROAD,201448923,29/11/2014,Sat,425,DB,CN1,103A 111A 352A ,FX,E,D,DO,F ,X,G,L,100,0,0,0,,,1931151,5613498
Hastings District,PAKOWHAI ROAD,50,S, ,CHESTERHOPE BR,201410099,03/02/2014,Mon,1510,CB,CS1,130A 358A 420A ,P,R,D,B ,F , , ,C,100,0,0,1,,,1932605,5609784
Hastings District,PAKOWHAI ROAD,150,E, ,ELWOOD ROAD,201450499,11/12/2014,Thu,1550,MC,CE1V,303B 375B ,,R,D,OF,F , ,N,C,80,0,0,0,,,1931724,5608523
Hastings District,PAKOWHAI ROAD,, ,I,FITZROY AVENUE,201433901,20/03/2014,Thu,800,FD,CS1CC,181A 427A ,,R,D,B ,F ,T,N,P,50,0,0,0,,,1929313,5606678
Hastings District,PAKOWHAI ROAD,100,S, ,GILBERTSON ROAD,201439043,20/06/2014,Fri,1415,FD,4N1C,181A ,,R,D,BF,F , ,N,N,50,0,0,0,,,1932562,5610011