TLANAME,CRASHROAD,CRASHDIST,CRASHDIRN,INTSN,SIDEROAD,CRASHID,CRASHDATE,CRASHDOW,CRASHTIME,MVMT,VEHICLES,CAUSES,OBJECTSSTRUCK,ROADCURVE,ROADWET,LIGHT,WTHRa,JUNCTYPE,TRAFCTRL,ROADMARK,SPDLIM,CRASHFATALCNT,CRASHSEVCNT,CRASHMINCNT,PERSAGE1,PERSAGE2,EASTING,NORTHING
Hastings District,PAKOWHAI ROAD,300,N, ,HODGSON ROAD,201447285,31/10/2014,Fri,2105,GE,CN1C,160A 929 ,,R,D,DN,F ,D,N,C,80,0,0,0,,,1932403,5610708
Hastings District,PAKOWHAI ROAD,, ,I,HODGSON ROAD,201436169,08/05/2014,Thu,1210,GB,CN1T,372B ,,R,D,B ,F ,T,G,C,80,0,0,0,,,1932477,5610417
Hastings District,PAKOWHAI ROAD,3000,S, ,LINKS ROAD EAST,201410518,21/01/2014,Tue,503,PB,CS1E,722B ,,R,W,DN,L , ,N,C,100,0,0,1,54,,1932385,5610776
Hastings District,PAKOWHAI ROAD,, ,I,MORLEY ROAD,201412646,16/04/2014,Wed,930,GC,TS1O,174B 372B ,,R,D,BN,F ,T,S,C,80,0,0,1,,,1931007,5607966
Hastings District,PAKOWHAI ROAD,, ,I,ST AUBYN ST WEST,201436712,26/04/2014,Sat,1820,FE,CE1C,181A ,,R,D,TO,F ,X,T,C,50,0,0,0,,,1929081,5606504
Hastings District,PAKOWHAI ROAD,, ,I,WILLIAMS ST,201412837,08/05/2014,Thu,845,JA,VS1V,302B 375B ,,R,D,B ,F ,T,G,C,50,0,0,1,,,1930254,5607390
Hastings District,PARK ROAD SOUTH,10,E, ,OUTRAM ROAD,201412259,03/04/2014,Thu,1138,GE,ME1C,157A 160A 929 ,,R,D,B ,F ,D,N,C,50,0,1,0,,,1930213,5603601
Hastings District,PARKHILL ROAD,, ,I,EAST ROAD,201440736,26/07/2014,Sat,35,DA,CW2,101A 131A 402A 433A ,V,S,D,DO,F ,T,G,P,100,0,0,0,,,1938892,5607050
Hastings District,PARKHILL ROAD,300,N, ,PALOMINO ROAD,201431542,20/01/2014,Mon,1700,MC,CS1V,372B ,,R,D,B ,F , , ,C,100,0,0,0,,,1938595,5607621
Hastings District,PEPPER ST,, ,I,GORDON ROAD,201431633,21/01/2014,Tue,2045,DB,CS2,111A 131A ,F,E,D,TO,F ,T,G,N,50,0,0,0,,,1928441,5605093
Hastings District,PETERHEAD AVENUE,60,N, ,PETERHEAD PLACE,201435871,13/04/2014,Sun,942,CB,CN1,129A 361A ,S,R,D,OF,F , ,N,X,50,0,0,0,,,1925379,5606403
Hastings District,PILCHER ROAD,150,E, ,SH 2,201416548,29/08/2014,Fri,1735,DA,CE1,111A 131A ,V,M,W,TN,H , ,N,C,80,0,0,1,,,1934389,5607446
Hastings District,PLUNKET ST,10,S, ,MARAEKAKAHO ROAD,201446880,29/10/2014,Wed,1449,MF,CN1V,372B 377B 839 ,,R,D,B ,F ,T,G,C,50,0,0,0,,,1928613,5606111
Hastings District,PORTER DRIVE,20,S, ,MIDDLE ROAD,201443438,21/09/2014,Sun,1730,MO,CS1C,386A 926 ,M,R,D,O ,F ,D,N,N,50,0,0,0,,,1932510,5601542
Hastings District,PORTER DRIVE,30,S, ,MIDDLE ROAD,201430889,24/02/2014,Mon,1150,JA,CS1C,308B 382B 925 ,F,R,D,BF,F ,D,N,C,50,0,0,0,,,1932517,5601534
Hastings District,PRINCES ST,, ,I,VICTORIA ST,201446208,21/09/2014,Sun,401,DA,CE1,111A 131A ,T,M,D,DO,F ,T,N,C,50,0,0,0,,,1930771,5604640
Hastings District,PUKATEA ST,, ,I,HINAU ST,201442382,23/08/2014,Sat,735,DA,CS1C,122A 351A ,M,R,D,B ,F ,T,N,N,50,0,0,0,,,1929393,5606404
Hastings District,PUKETAPU ROAD,200,N, ,DARTMOOR ROAD,201449098,28/10/2014,Tue,530,DA,CN1,137A ,C,E,D,DN,F , ,N,C,100,0,0,0,,,1925984,5620072
Hastings District,PUKETAPU ROAD,1390,N, ,DARTMOOR ROAD,201413081,30/05/2014,Fri,1510,DA,CE1,111A 131A ,EFT,S,W,ON,L , ,N,C,100,0,1,1,,,1926501,5620960
Hastings District,PUKETITIRI ROAD,700,S, ,SEAFIELD ROAD,201413655,10/06/2014,Tue,1100,DA,CN1,111A 131A ,E,S,D,O ,F , , ,C,100,0,0,1,,,1925649,5626003
Hastings District,PUKETITIRI ROAD,2300,S, ,WAIHAU ROAD,201441522,03/08/2014,Sun,1635,DB,CS1,110A 131A ,,M,W,O ,F , ,N,C,100,0,0,0,,,1913237,5635533
Hastings District,QUEEN ST EAST,, ,I,HASTINGS ST NORTH,201445769,24/09/2014,Wed,1248,HA,CW2C,302B 375B ,,R,D,B ,F ,X,G,C,50,0,0,0,,,1930149,5604677
Hastings District,QUEEN ST EAST,, ,I,KARAMU ROAD NORTH,201444770,13/09/2014,Sat,1220,EA,TS1C,129A ,M,R,D,OF,F ,X,G,P,50,0,0,0,,,1929993,5604885
Hastings District,QUEEN ST EAST,, ,I,MILLER ST,201433518,25/02/2014,Tue,815,HA,CS1V,302A 375A 839 ,,R,D,BF,F ,X,G,C,50,0,0,0,,,1930233,5604563
Hastings District,QUEEN ST WEST,50,N, ,KING ST NORTH,201418641,30/12/2014,Tue,1215,LB,SS1C,204A 303B 377B 925 ,,R,D,BF,F ,D,N,C,50,0,0,1,,66,1929724,5605241
Hastings District,QUEEN ST WEST,, ,I,MARKET ST NORTH,201444765,24/09/2014,Wed,1003,FD,CS1CV,181A ,,R,D,BF,F ,X,T,C,50,0,0,0,,,1929840,5605089
Hastings District,RAILWAY ROAD,, ,I,ANDERSON ROAD,201447704,16/11/2014,Sun,1759,DB,CW1,103A 131A 358A ,P,E,D,B ,F ,T,G,C,50,0,0,0,,,1934210,5608991
Hastings District,RAILWAY ROAD,, ,I,GASCOIGNE ST,201433412,23/03/2014,Sun,134,DC,CE2,112A 402A ,,R,W,DO,L ,T,S,C,50,0,0,0,,,1929009,5604080
Hastings District,RAILWAY ROAD,, ,I,SOUTHAMPTON ST EAST,201418094,04/12/2014,Thu,1442,LB,CS1C,303B 375B ,,R,D,OF,F ,X,T,C,50,0,0,2,,,1929549,5604672
Hastings District,RAILWAY ROAD,, ,I,SOUTHAMPTON ST WEST,201440728,12/06/2014,Thu,850,FE,4S1C,181A ,,R,W,O ,L ,X,T,C,50,0,0,0,,,1929549,5604672
Hastings District,RAILWAY ROAD SOUTH,1000,W, ,LONGLANDS ROAD EAST,201448263,17/12/2014,Wed,1249,CC,CW1,130A 650A ,V,R,W,O ,L , ,N,C,100,0,0,0,,,1928694,5603739
Hastings District,RAILWAY ROAD SOUTH,, ,I,LONGLANDS ROAD WEST,201430813,17/02/2014,Mon,1900,HA,CN1C,302B 375B ,P,R,D,BF,F ,X,G,C,100,0,0,0,,,1927234,5602249
Hastings District,RAILWAY ROAD SOUTH,, ,I,LONGLANDS ROAD WEST,201443995,07/09/2014,Sun,958,HA,VW1C,302B 375B ,,R,D,BF,F ,X,G,C,100,0,0,0,,,1927234,5602249
Hastings District,RAILWAY ROAD SOUTH,, ,I,MURDOCH ROAD WEST,201448693,27/11/2014,Thu,1558,HA,VS2C,301A 382A ,,R,D,B ,F ,X,S,C,50,0,0,0,,,1928842,5603900
Hastings District,RAILWAY ROAD SOUTH,730,N, ,PAKI PAKI ON NBD,201444699,03/09/2014,Wed,2039,FA,CS1C,101A 514A ,,R,D,DN,F , ,N,C,100,0,0,0,,,1925646,5600212
Hastings District,RALEIGH PLACE,20,E, ,RALEIGH ST,201438370,22/05/2014,Thu,1137,MO,TS1C,371A 371B 929 ,,R,D,B ,F ,D, ,N,50,0,0,0,,,1924496,5607731
Hastings District,RAUKAWA ROAD,1200,S, ,GREEN HILL ROAD,201413079,28/05/2014,Wed,720,CC,4N1,112A ,CF,R,D,BN,FF, ,N,N,100,0,1,0,,,1917627,5600007
Hastings District,RAUKAWA ROAD,2500,S, ,MARAEKAKAHO ROAD,201416637,05/10/2014,Sun,1043,DA,MN1,131A 420A ,,M,D,B ,F , , ,C,100,0,1,0,,,1920396,5602762
Hastings District,RAUKAWA ROAD,940,E, ,TAHEKE ROAD,201410675,08/03/2014,Sat,1622,DB,ME1,131A 610A ,CP,M,D,B ,F , ,N,C,100,0,1,0,,,1907793,5592171
Hastings District,RIVERSLEA ROAD NORTH,, ,I,ST AUBYN ST EAST,201416843,19/11/2014,Wed,700,GF,CW1S,350A 671A 817 ,,R,D,B ,F ,X,G,C,50,0,0,1,,,1930658,5604394
Hastings District,RIVERSLEA ROAD SOUTH,30,W, ,DAVIS ROAD,201441520,18/08/2014,Mon,2358,CC,CW1,101A 129A 134A ,FT,R,D,DN,F , ,N,C,100,0,0,0,,,1928189,5602076
Hastings District,RIVERSLEA ROAD SOUTH,, ,I,MASSEY ST,201448918,10/12/2014,Wed,1830,JA,CE1C,302B 402B ,,R,W,O ,L ,T,G,C,50,0,0,0,,,1929973,5603879
Hastings District,RIVERSLEA ROAD SOUTH,300,S, ,MURDOCH ROAD EAST,201442107,20/08/2014,Wed,1200,CB,CS1,129A 130A ,V,R,W,O ,H , , ,C,50,0,0,0,,,1929190,5603175
Hastings District,RUAHAPIA ROAD,50,E, ,OTENE ROAD,201430442,31/01/2014,Fri,2220,DA,CS1,137A 195A ,,M,W,DN,F , ,N,C,100,0,0,0,,,1932840,5608108
Hastings District,RUAHAPIA ROAD,180,N, ,OTENE ROAD,201432529,29/01/2014,Wed,1029,DA,CS1,121A 131A ,CF,E,D,B ,F , ,N,C,100,0,0,0,,,1932655,5608240
Hastings District,RUAHAPIA ROAD,, ,I,OTENE ROAD,201447701,14/11/2014,Fri,1335,GD,CE1CC,181A 331A 181B ,,R,D,B ,F ,T,G,C,80,0,0,0,,,1932801,5608139
Hastings District,RUAHAPIA ROAD,100,S, ,PAKOWHAI ROAD,201437419,14/05/2014,Wed,1815,FA,CN1C,181A 331A 901 ,,R,W,DN,H , , ,C,80,0,0,0,,,1932323,5608941
Hastings District,RUAHAPIA ROAD,, ,I,PAKOWHAI ROAD,201443315,05/09/2014,Fri,655,JC,4N1C,302A 375A ,,R,D,O ,F ,T,G,C,80,0,0,0,,,1932274,5609028
Hastings District,RUAHAPIA ROAD,, ,I,WHAKATU ROAD,201414316,19/06/2014,Thu,645,JA,4S1C,302B 382B ,,E,W,TO,F ,T,G,C,100,0,0,1,,,1932575,5608502
Hastings District,RUAHAPIA ROAD,, ,I,WHAKATU ROAD,201431630,10/01/2014,Fri,1055,JA,CS1T,302B 387B ,,E,D,B ,F ,T,G,P,100,0,0,0,,,1932575,5608502
Hastings District,RUAHAPIA ROAD,, ,I,WHAKATU ROAD,201430870,18/02/2014,Tue,820,KB,CN1C,302B 375B ,,E,D,BF,F ,T,G,C,100,0,0,0,,,1932575,5608502
Hastings District,RUSSELL ST NORTH,, ,I,QUEEN ST EAST,201446877,15/10/2014,Wed,1245,FE,CW1C,330A 402A ,,R,D,B ,F ,X,T,C,50,0,0,0,,,1929905,5605001
Hastings District,RUSSELL ST NORTH,, ,I,ST AUBYN ST EAST,201431375,27/02/2014,Thu,1445,BC,CN2C,122A ,,E,W,BF,F ,X,T,C,50,0,0,0,,,1930073,5605180
Hastings District,RUSSELL ST SOUTH,20,E, ,HERETAUNGA ST EAST,201430443,16/01/2014,Thu,1930,EA,CW1C,129A ,M,R,D,TO,F ,T,N,C,50,0,0,0,,,1929807,5604897
Hastings District,SCOTT DRIVE,, ,I,HUDSON ROAD,201431629,22/01/2014,Wed,1855,MC,CW1V,352B 372B ,,E,D,B ,F ,T,N,C,50,0,0,0,,,1924428,5607387
Hastings District,SIMLA AVENUE,5,S, ,TE MATA ROAD,201442381,21/08/2014,Thu,757,CB,CN1,137A 330A ,S,R,D,O ,F ,R,G,R,50,0,0,0,,,1933872,5601999
Hastings District,SOUTHAMPTON ST EAST,, ,I,HASTINGS ST SOUTH,201446084,23/10/2014,Thu,730,HA,CE2C,302A 414A ,,R,D,B ,F ,R,G,R,50,0,0,0,,,1929764,5604384
Hastings District,SOUTHAMPTON ST EAST,30,E, ,KARAMU ROAD SOUTH,201432832,06/03/2014,Thu,1430,FC,CE14,181A 331A ,,R,D,B ,F , , ,X,50,0,0,0,,,1929624,5604572
Hastings District,SOUTHAMPTON ST EAST,, ,I,KARAMU ROAD SOUTH,201446617,04/11/2014,Tue,1710,JA,CN14,302B ,,R,W,O ,L ,X,G,C,50,0,0,0,,,1929606,5604596
Hastings District,SOUTHAMPTON ST EAST,, ,I,WILLOWPARK ROAD SOUTH,201413096,03/06/2014,Tue,1510,HA,CE1S,204B 382B ,,R,D,OF,F ,Y,G,R,50,0,0,1,,11,1929931,5604159
Hastings District,SOUTHAMPTON ST WEST,, ,I,CHARLES ST,201441884,13/08/2014,Wed,804,GB,SS14,204A 330A ,,R,D,B ,F ,R,G,R,50,0,0,0,,,1929090,5605275
Hastings District,SOUTHAMPTON ST WEST,, ,I,KING ST SOUTH,201443303,02/09/2014,Tue,1025,HA,CW2C,302A 377A 839 ,,R,W,O ,F ,X,G,C,50,0,0,0,,,1929367,5604909
Hastings District,SOUTHAMPTON ST WEST,15,N, ,LASCELLES ST,201440758,01/08/2014,Fri,1100,QG,4N1C,682A ,,R,D,B ,F , , ,C,50,0,0,0,,,1929003,5605387
Hastings District,SOUTHAMPTON ST WEST,20,N, ,PEPPER ST,201417669,16/12/2014,Tue,1730,FD,CS1CC,331A 353A ,,E,D,O ,F ,T,N,C,50,0,0,1,,,1928906,5605489
Hastings District,SOUTHAMPTON ST WEST,, ,I,PEPPER ST,201437418,31/05/2014,Sat,1415,GD,VS1C,333A 358A ,,R,D,O ,F ,T,G,C,50,0,0,0,,,1928921,5605475
Hastings District,SOUTHAMPTON ST WEST,, ,I,SOUTHLAND ROAD,201442556,04/07/2014,Fri,1600,HA,CS1C,302A 375A ,,E,D,BF,F ,R,G,R,50,0,0,0,,,1929179,5605159
Hastings District,SOUTHAMPTON ST WEST,, ,I,SOUTHLAND ROAD,201411907,27/03/2014,Thu,1545,FA,VW1S,129A ,,R,D,BF,F ,R,G,R,50,0,0,1,,36,1929179,5605159
Hastings District,SOUTHLAND ROAD,, ,I,EASTBOURNE ST WEST,201430740,13/02/2014,Thu,2130,JC,CS1V,302A 375A ,,R,D,DO,F ,X,G,N,50,0,0,0,,,1929373,5605307
Hastings District,SOUTHLAND ROAD,, ,I,EASTBOURNE ST WEST,201418279,31/12/2014,Wed,1710,HA,CS1C,302B 350B 375B ,,R,D,B ,F ,X,G,C,50,0,0,1,,,1929373,5605307
Hastings District,SOUTHLAND ROAD,30,E, ,SOUTHAMPTON ST WEST,201430051,05/01/2014,Sun,2350,FF,CN1C,512A ,,R,D,DO,F , ,N,C,50,0,0,0,,,1929203,5605178
Hastings District,SOUTHLAND ROAD,20,N, ,SOUTHAMPTON ST WEST,201435740,14/05/2014,Wed,836,FD,CN1CCC,181A 331A 801 ,,R,W,O ,L , , ,C,50,0,0,0,,,1929195,5605171
Hastings District,SPRINGFIELD ROAD,1100,W, ,PUKETAPU ROAD,201430812,23/02/2014,Sun,31,DB,CN1,111A 131A ,F,M,D,DN,F , ,N,C,100,0,0,0,,,1926958,5617862
Hastings District,SPRINGFIELD ROAD,3690,W, ,WAIOHIKI ROAD,201431360,23/02/2014,Sun,2230,DB,CE1,131A ,P,M,D,DN,F , ,N,C,100,0,0,0,,,1927059,5616904
Hastings District,ST AUBYN ST EAST,, ,I,HASTINGS ST NORTH,201433437,14/03/2014,Fri,1348,HA,CS1CC,301B 375B ,,R,D,BF,F ,X,S,C,50,0,0,0,,,1930341,5604822
Hastings District,ST AUBYN ST EAST,, ,I,HASTINGS ST NORTH,201418007,27/11/2014,Thu,1623,LB,CS1CV,303B 377B ,Q,R,D,BF,F ,X,S,C,50,0,0,2,,,1930341,5604822
Hastings District,ST AUBYN ST EAST,, ,I,WARREN ST NORTH,201441883,20/08/2014,Wed,800,LB,CS1C,303B 375B 901 ,KP,R,W,O ,H ,X,G,R,50,0,0,0,,,1930257,5604934
Hastings District,ST AUBYN ST EAST,, ,I,WARREN ST NORTH,201436165,24/04/2014,Thu,1150,LB,CW14,303B ,,R,D,B ,F ,X,G,C,50,0,0,0,,,1930257,5604934
Hastings District,ST AUBYN ST EAST,15,N, ,WILLOWPARK ROAD NORTH,201436890,14/05/2014,Wed,1720,FD,CS1T,181A 197A 331A 901 ,,R,W,DO,H , , ,C,50,0,0,0,,,1930501,5604606
Hastings District,ST AUBYN ST EAST,, ,I,WILLOWPARK ROAD NORTH,201435652,27/04/2014,Sun,900,HA,CN1C,302A 363A 902 ,,R,D,B ,F ,R,G,R,50,0,0,0,,,1930510,5604594
Hastings District,ST AUBYN ST WEST,, ,I,GRAYS ROAD,201435817,09/05/2014,Fri,1225,HA,CS1C,302A 375A ,,E,D,BF,F ,R,G,R,50,0,0,0,,,1929435,5606038
Hastings District,ST AUBYN ST WEST,100,N, ,NELSON ST NORTH,201436889,14/05/2014,Wed,2010,GB,CN1C,158A 333A 175B 371B 801 929 ,,R,W,DO,L ,D, ,C,50,0,0,0,,,1929790,5605557
Hastings District,ST AUBYN ST WEST,, ,I,TOMOANA ROAD,201412482,26/04/2014,Sat,1753,HA,CN2C,103B 322B 402B ,KXS,R,D,DO,F ,X,T,C,50,0,0,1,,,1929634,5605762
Hastings District,ST AUBYN ST WEST,, ,I,TOMOANA ROAD,201439270,11/06/2014,Wed,1805,LB,CS1C,303B ,F,R,W,DO,H ,X,T,C,50,0,0,0,,,1929634,5605762
Hastings District,ST GEORGES ROAD,, ,I,CROSSES ROAD,201446279,22/10/2014,Wed,1910,JC,CW2C,302A 363A 902 ,,R,D,BF,F ,T,G,R,80,0,0,0,,,1932537,5603588
Hastings District,ST HILL LANE,, ,I,BROOKVALE ROAD,201448326,25/12/2014,Thu,1240,BC,CN14,111A 122A ,,M,D,B ,F ,T,G,C,50,0,0,0,,,1933352,5602244
Hastings District,STOCK ROAD,, ,I,MARAEKAKAHO ROAD,201414382,28/06/2014,Sat,157,DC,CS1,112A 514A 517A ,FT,R,D,DO,F ,T,G,C,100,0,2,1,,,1924399,5603646
Hastings District,STOCK ROAD,50,S, ,PORTSMOUTH ROAD,201433517,09/03/2014,Sun,1240,BE,VN1C,136A 631A ,,R,D,BN,F , ,N,C,50,0,0,0,,,1925459,5605765
Hastings District,STOCK ROAD,220,E, ,SH 2,201434016,09/04/2014,Wed,435,BC,CE14,121A ,,E,D,DO,F , ,N,C,80,0,0,0,,,1925453,5598839
Hastings District,STONEHAVEN ST,120,S, ,TENBY TERRACE,201439727,14/06/2014,Sat,2228,DA,CS1,131A ,CF,E,W,DO,F , , ,C,50,0,0,0,,,1924759,5606996
Hastings District,SWAMP ROAD,150,E, ,OMARUNUI ROAD,201446407,21/09/2014,Sun,828,QG,VS1,665A 812 ,FP,E,D,OF,F , ,N,C,100,0,0,0,,,1925122,5618978
Hastings District,SWANSEA ROAD,210,E, ,CAERNARVON DRIVE N,201417551,22/11/2014,Sat,945,LB,CE1C,303B 375B 930 ,,R,D,BF,F ,D,N,C,50,0,0,1,,,1925035,5607069
Hastings District,SYLVAN ROAD,, ,I,JERVOIS ST,201413095,04/06/2014,Wed,800,AO,VS1S,183A 387A ,,R,D,OF,F ,T,G,C,50,0,0,1,,11,1931273,5604645
Hastings District,TAIHAPE ROAD,3000,E, ,FLAG RANGE ROAD,201437667,15/05/2014,Thu,600,DA,VS1,129A 131A 801 ,F,E,W,DN,L , , ,C,100,0,0,0,,,1910225,5619830
Hastings District,TAIHAPE ROAD,700,S, ,GLENROSS ROAD,201437436,26/05/2014,Mon,1950,DA,CN1,129A 131A 198A ,C,E,W,DN,F , , ,C,100,0,0,0,,,1900588,5626851
Hastings District,TAIHAPE ROAD,730,N, ,KAWERA ROAD,201418806,11/12/2014,Thu,1335,JA,TS1T,375B 929 ,,E,W,ON,F ,D,N,C,100,0,0,2,,,1917626,5615139
Hastings District,TAIHAPE ROAD,, ,I,KAWERA ROAD,201445657,18/09/2014,Thu,1430,DA,CE1,131A ,V,M,D,B ,F ,T,N,C,100,0,0,0,,,1918302,5614959
Hastings District,TAIHAPE ROAD,210,S, ,LEE ROAD,201416533,01/10/2014,Wed,1430,DB,CS1,129A ,,E,D,BN,F , ,N,C,100,0,0,2,,,1900434,5622498
Hastings District,TAIHAPE ROAD,5400,N, ,MATAPIRO ROAD,201415926,04/09/2014,Thu,1700,DA,CS1,103A 131A ,CFP,M,D,TN,F , , ,N,100,0,0,1,,,1912336,5619204
Hastings District,TAIHAPE ROAD,, ,A,RITCH ROAD,201437501,02/06/2014,Mon,630,GE,VW14,160A ,,E,D,TN,M ,T,N,C,100,0,0,0,,,1891616,5632086
Hastings District,TE AUTE ROAD,, ,I,CRYSTALL ROAD,201432329,27/01/2014,Mon,1402,JA,CW1V,302B ,,R,D,B ,F ,T,G,C,100,0,0,0,,,1927200,5600468
Hastings District,TE AUTE ROAD,200,W, ,GILPIN ROAD,201439991,06/07/2014,Sun,30,DB,CE1,111A 131A ,F,M,W,DN,L , ,N,C,100,0,0,0,,,1930955,5600843
Hastings District,TE AUTE ROAD,, ,I,JOLL ROAD,201418860,02/12/2014,Tue,1950,LB,SE1C,204A 302A ,,E,D,BF,F ,R,G,R,50,0,0,1,,11,1932564,5601648
Hastings District,TE AUTE ROAD,690,W, ,LONGLANDS ROAD EAST,201439725,29/06/2014,Sun,350,DB,CW1,101A 116A 131A 817 ,VX,E,D,DN,FF, , ,N,100,0,0,0,,,1928132,5600910
Hastings District,TE AUTE ROAD,, ,I,LONGLANDS ROAD EAST,201400111,19/05/2014,Mon,415,DB,CS2,111A 131A 402A ,FGZ,M,D,DO,F ,T,G,C,100,1,0,0,,,1928818,5600976
Hastings District,TE AUTE ROAD,25,E, ,PORTER DRIVE,201415664,23/09/2014,Tue,1505,MO,CN1,407A 423A ,JPS,R,D,B ,F ,T,G,C,50,0,0,1,,,1932504,5601634
Hastings District,TE AUTE ROAD,500,W, ,PORTER DRIVE,201450108,04/11/2014,Tue,2345,CA,CS1,101A 130A ,B,R,D,DO,F , , ,C,50,0,0,0,,,1931960,5601542
Hastings District,TE AUTE ROAD,890,E, ,RAILWAY ROAD SOUTH,201440450,15/07/2014,Tue,1330,GE,CW1C,160A 381A 929 ,V,R,D,O ,F ,D,N,C,100,0,0,0,,,1926125,5599946
Hastings District,TE AUTE ROAD,1000,E, ,RAILWAY ROAD SOUTH,201411923,02/03/2014,Sun,1035,GE,CW14,160A 333A 929 ,,R,D,BN,F ,D,N,C,100,0,0,1,,,1926223,5599994
Hastings District,TE AUTE ROAD,50,W, ,RICHARD ROAD,201418177,22/12/2014,Mon,1129,GD,CW1C,111A 331A 377A 402A 927 ,,E,D,B ,F ,D, ,C,100,0,0,1,,,1930055,5600845
Hastings District,TE AUTE ROAD,, ,I,ST GEORGES ROAD,201442002,12/07/2014,Sat,1417,DB,CE1,111A 131A ,F,E,D,OF,F ,X,G,C,100,0,0,0,,,1929584,5600691
Hastings District,TE AUTE TRUST ROAD,2420,S, ,SH 2,201413883,24/05/2014,Sat,1139,DB,TS1,111A 131A 692A ,,M,D,B ,F , , ,C,100,0,0,1,,,1915368,5586727
Hastings District,TE MATA MANGATERETERE ROA,400,N, ,TE MATA ROAD,201400166,10/08/2014,Sun,404,DB,CS1,103A 111A 131A 359A ,PV,M,D,DN,F , ,N,C,80,1,0,0,,,1936233,5601768
Hastings District,TE MATA MANGATERETERE ROA,800,N, ,TE MATA ROAD,201448314,07/12/2014,Sun,1120,BA,CS14,112A 150A 386A ,,R,D,B ,F , ,N,C,80,0,0,0,,,1936122,5602148
Hastings District,TE MATA PEAK ROAD,880,N, ,PARK GATE,201416634,21/10/2014,Tue,929,PO,TN1E,129A 370A 723B ,,R,D,O ,F , , ,C,50,0,1,0,32,,1934376,5599523
Hastings District,TE MATA ROAD,50,W, ,DURHAM DRIVE,201416837,13/11/2014,Thu,1435,CA,CW1,129A 355A ,GI,R,D,B ,F , ,N,R,50,0,0,1,,,1934382,5601763
Hastings District,TE MATA ROAD,100,W, ,EVEREST AVENUE,201438007,11/06/2014,Wed,1720,NA,CE1E,363A ,,R,W,DO,H , , ,C,50,0,0,0,,,1934176,5601859
Hastings District,TE MATA ROAD,, ,I,KARANEMA DRIVE,201413178,20/05/2014,Tue,1520,KA,VW1C,302B 423B ,,M,D,B ,F ,T,G,C,50,0,0,1,,,1932998,5601845
Hastings District,TE MATA ROAD,, ,I,KARANEMA DRIVE,201440872,03/08/2014,Sun,1900,JA,CW2C,302B ,,R,W,DO,F ,T,G,C,50,0,0,0,,,1932998,5601845
Hastings District,TE MATA ROAD,, ,I,ST HILL LANE,201447706,14/11/2014,Fri,1624,LB,CE1C,303B ,,R,D,B ,F ,T,G,C,50,0,0,0,,,1933444,5602029
Hastings District,THOMPSON ROAD,400,S, ,JARVIS ROAD,201440770,24/06/2014,Tue,,DA,CN1,102A 131A ,GJS,S,D,O ,F , , ,C,100,0,0,0,,,1926607,5608786
Hastings District,TOMOANA ROAD,, ,I,CORNWALL ROAD,201418006,23/09/2014,Tue,1850,LB,PW1C,303B 375B ,,M,D,DO,F ,T,G,C,50,0,1,1,,,1930286,5606255
Hastings District,TOMOANA ROAD,15,E, ,FREDERICK ST,201431510,28/01/2014,Tue,1555,MA,CE1C,373B ,,R,D,OF,F , , ,C,50,0,0,0,,,1930497,5606414
Hastings District,TOMOANA ROAD,50,S, ,FREDERICK ST,201416776,30/10/2014,Thu,1510,CA,CS1C,410A ,MP,R,D,B ,F , , ,C,50,0,0,1,,,1930445,5606375
Hastings District,TOMOANA ROAD,, ,I,QUEEN ST WEST,201447702,14/11/2014,Fri,1521,HA,CN1C,302B ,,R,D,B ,F ,X,G,C,50,0,0,0,,,1929441,5605616
Hastings District,TOMOANA ROAD,, ,I,ST AUBYN ST WEST,201430814,10/02/2014,Mon,1710,HA,CW2CC,322B ,,R,W,OF,L ,X,T,C,50,0,0,0,,,1929634,5605762
Hastings District,TOMOANA ROAD,, ,I,WILLIAMS ST,201410415,31/01/2014,Fri,820,LB,CS1C,301B ,,R,D,O ,F ,X,S,C,50,0,0,1,,,1930757,5606610
Hastings District,TUCKER LANE,190,S, ,VALERIE ST,201448267,11/12/2014,Thu,2145,CA,40,103A 130A ,FT,R,D,DO,F , ,N,N,50,0,0,0,,,1936469,5610658
Hastings District,TUKI TUKI ROAD,610,S, ,MOORE ROAD,201413708,02/06/2014,Mon,1430,DA,MS1,131A ,V,S,D,BN,F , ,N,N,100,0,1,0,,,1937835,5602925
Hastings District,TWYFORD ROAD,400,W, ,EVANS ROAD,201439272,24/06/2014,Tue,1015,CB,VW1,102A 130A ,F,R,D,O ,M , , ,N,100,0,0,0,,,1925930,5610360
Hastings District,USHERWOOD CRESCENT,50,N, ,NORTON ROAD E,201442383,27/08/2014,Wed,1550,MG,CN1C,371B ,,M,D,O ,F , ,N,C,50,0,0,0,,,1930702,5603529
Hastings District,WAIMARAMA ROAD,400,W, ,MARAETOTARA ROAD,201444140,07/09/2014,Sun,300,DA,CE1,131A ,F,M,W,DN,H , ,N,C,100,0,0,0,,,1938522,5594644