TLANAME,CRASHROAD,CRASHDIST,CRASHDIRN,INTSN,SIDEROAD,CRASHID,CRASHDATE,CRASHDOW,CRASHTIME,MVMT,VEHICLES,CAUSES,OBJECTSSTRUCK,ROADCURVE,ROADWET,LIGHT,WTHRa,JUNCTYPE,TRAFCTRL,ROADMARK,SPDLIM,CRASHFATALCNT,CRASHSEVCNT,CRASHMINCNT,PERSAGE1,PERSAGE2,EASTING,NORTHING
Hastings District,WAIOHIKI ROAD,130,E, ,SH 50,201441885,20/07/2014,Sun,250,DA,CW1,103A 131A 801 ,F,M,W,DO,L , , ,C,70,0,0,0,,,1929497,5614300
Hastings District,WAIOHIKI ROAD,550,S, ,SPRINGFIELD ROAD,201446118,22/10/2014,Wed,1750,GD,CS14,181A 331A 929 ,,M,D,B ,F ,D, ,C,70,0,0,0,,,1929721,5614720
Hastings District,WARREN ST SOUTH,10,W, ,HERETAUNGA ST EAST,201416835,01/09/2014,Mon,1226,NA,CE1E,371A ,,R,W,O ,H ,X,G,C,50,0,0,1,,,1929961,5604711
Hastings District,WHAKATU ROAD,180,E, ,RUAHAPIA ROAD,201444461,14/08/2014,Thu,1855,DA,CS1,111A 131A 402A 901 ,F,E,W,DN,H , , ,L,80,0,0,0,,,1932752,5608537
Hastings District,WILLOWPARK ROAD NORTH,, ,I,HERETAUNGA ST EAST,201438296,19/06/2014,Thu,1610,AO,CN1C,129A 385A ,Q,R,D,BF,F ,R,G,R,50,0,0,0,,,1930226,5604367
Hastings District,WILLOWPARK ROAD SOUTH,, ,I,BULLER ST,201430177,14/01/2014,Tue,1102,GD,VN1C,331A 363A ,,R,D,BF,F ,T,N,C,50,0,0,0,,,1929980,5604196
Hastings District,WILLOWPARK ROAD SOUTH,, ,I,MASSEY ST,201416777,23/10/2014,Thu,1515,HA,CE24,302A 402B ,,R,D,B ,F ,X,G,C,50,0,0,1,,,1929819,5604072
Hastings District,WILLOWPARK ROAD SOUTH,, ,I,MASSEY ST,201446406,25/09/2014,Thu,1600,HA,CW1C,302B 363B 375B 902 ,,R,D,BF,F ,X,G,C,50,0,0,0,,,1929819,5604072
Hastings District,WILSON ROAD,60,S, ,PETERHEAD AVENUE,201434180,08/04/2014,Tue,1517,MC,CN1C,352B 372B ,,R,W,OF,L , , ,C,50,0,0,0,,,1925422,5606252
Hastings District,WILSON ROAD,, ,I,SUNDERLAND DRIVE,201434823,04/04/2014,Fri,1640,GB,CS1C,387A 351B 929 ,,R,D,BF,F ,D,N,C,50,0,0,0,,,1925295,5606081
Hastings District,WINDSOR AVENUE,, ,I,HOWARD ST,201440731,23/07/2014,Wed,1106,DA,4N2V,501A ,KM,R,W,O ,L ,T,S,R,50,0,0,0,,,1931130,5603892
Hastings District,YORK ROAD,10,N, ,MARAEKAKAHO ROAD,201413037,22/05/2014,Thu,1347,FB,CS1C,331A 504A ,,R,D,ON,F ,T,G,C,100,0,0,1,,,1927290,5605139
Hastings District,YORK ROAD,470,N, ,MARAEKAKAHO ROAD,201430815,15/02/2014,Sat,936,LB,CS1O,371B 927 ,,R,D,BF,F ,D,N,C,70,0,0,0,,,1927017,5605509
Hastings District,YORK ROAD,, ,I,MARAEKAKAHO ROAD,201416836,10/11/2014,Mon,1330,GA,CS1C,181A 330A ,,R,D,B ,F ,T,N,C,100,0,0,1,,,1927296,5605131
Hastings District,YORK ST,10,N, ,TOMOANA ROAD,201436763,09/04/2014,Wed,1645,MO,CS1C,371A 386A ,M,R,D,B ,F ,X,G,C,50,0,0,0,,,1930055,5606093
Hastings District,Z BCH GASKIN PLACE,90,N, ,SPRINGFIELD ROAD,201417667,16/12/2014,Tue,1640,EC,ME1,110A 330A ,X,R,D,B ,F , ,N,N,80,0,1,0,,,1939101,5608666
Hastings District,Z FARM DWY GILBERTSON RD,500,E, ,PAKOWHAI ROAD,201414263,16/08/2014,Sat,1430,BA,MW1M,101A 138A 200A 430A 138B 200B 430B +,,R,D,B ,F , ,N,N,50,0,0,2,,,1932966,5610829
Hastings District,Z FCT Z,20,N, ,SOUTHLAND ROAD,201414728,06/08/2014,Wed,2215,PO,VW1EC,357A 512A ,X,R,D,DO,F , , ,N,30,0,0,1,33,,1929456,5605429
Hastings District,2/592/3.219,1200,N, ,MATAHORUA ROAD N,201441791,03/08/2014,Sun,1200,DA,CS1,131A 402A 632A ,,M,W,O ,L , , ,C,100,0,0,0,,,1943426,5659641
Hastings District,2/608/0.05,50,S, ,WAIKOAU ROAD,201410771,26/03/2014,Wed,635,GE,CS1T,160A 387A 930 ,,R,D,DN,F ,D,N,C,100,0,0,1,,,1935152,5652954
Hastings District,2/608/1,1000,S, ,WAIKOAU ROAD,201430857,03/01/2014,Fri,2110,DA,VS1,131A ,T,E,D,DN,F , ,N,C,100,0,0,0,,,1935607,5652184
Hastings District,2/608/2.955,2930,S, ,MAHIARUHE STM BR,201432009,31/01/2014,Fri,1700,DA,CN1,131A 402A ,V,M,W,ON,F , , ,C,100,0,0,0,,,1935638,5650664
Hastings District,2/608/3.063,380,N, ,TUTIRA RESERVE ROAD N,201414120,07/04/2014,Mon,1450,DA,CN1,111A 131A 901 ,,E,W,OF,H , ,N,C,100,0,0,1,,,1935620,5650558
Hastings District,2/608/3.313,130,N, ,TUTIRA RESERVE ROAD N,201412249,15/04/2014,Tue,1216,DB,CN1,129A 410A ,,M,D,B ,F , ,N,C,100,0,0,1,,,1935761,5650355
Hastings District,2/608/4.8,4800,S, ,WAIKOAU ROAD,201440874,04/08/2014,Mon,945,CB,TN1,129A 130A 816 ,,R,W,O ,H , , ,C,100,0,0,0,,,1935403,5649240
Hastings District,2/608/9.341,2500,N, ,AROPAOANUI ROAD,201414255,02/08/2014,Sat,1545,DA,VE1,130A 410A ,,E,D,B ,F , ,N,C,100,0,0,1,,,1934795,5646474
Hastings District,2/608/9.841,2000,N, ,AROPAOANUI ROAD,201448922,26/11/2014,Wed,229,DA,CN1,131A ,G,S,D,DN,F , , ,C,100,0,0,0,,,1935277,5646457
Hastings District,2/608/10.891,950,N, ,AROPAOANUI ROAD,201435874,10/04/2014,Thu,2308,DA,4N1,132A ,,M,W,DN,F , ,N,C,100,0,0,0,,,1936165,5646398
Hastings District,2/608/17.299,3300,N, ,TANGOIO SETTLEMENT ROAD S,201417305,02/11/2014,Sun,1345,DA,MS1,131A 800 ,G,S,W,B ,F , , ,C,100,0,1,0,,,1934811,5641157
Hastings District,2/608/17.599,3000,N, ,TANGOIO SETTLEMENT ROAD S,201418640,27/12/2014,Sat,1137,BF,CS1CC,111A 131A ,,E,D,BN,F , ,N,C,100,0,1,2,,,1934550,5641199
Hastings District,2/626/3.811,1400,N, ,PAKURATAHI VALLEY ROAD,201442392,20/08/2014,Wed,,CB,CN1,350A 402A ,,R,D,B ,F , ,N,C,100,0,0,0,,,1937169,5638805
Hastings District,2/626/7.98,5000,S, ,TANGOIO SETTLEMENT ROAD S,201446409,20/09/2014,Sat,1308,BF,4N14,111A 131A ,,S,W,ON,L , ,N,C,100,0,0,0,,,1935796,5635149
Hastings District,2/626/8.354,1100,N, ,WHIRINAKI ROAD,201430811,20/01/2014,Mon,1659,DA,CN1,129A 134A 352A ,,E,D,BN,F , ,N,C,100,0,0,0,,,1935626,5634815
Hastings District,2/626/9.664,210,S, ,WHIRINAKI ROAD,201441795,21/08/2014,Thu,1635,DA,CS1,131A 410A ,X,E,D,O ,F , , ,C,100,0,0,0,,,1935115,5633612
Hastings District,2/626/10.503,120,S, ,NORTH SHORE ROAD,201440102,08/07/2014,Tue,1807,DA,CN1,131A 514A ,F,M,D,DO,F , ,N,C,100,0,0,0,,,1934534,5633019
Hastings District,2/650/8.834,950,S, ,WAITANGI ROAD,201400145,30/06/2014,Mon,655,GE,MN1CC,151A 160A 132C 137C 926 ,,E,D,DN,F ,D,N,C,100,1,0,1,,,1937011,5613280
Hastings District,2/650/10.197,500,N, ,FARNDON ROAD,201431366,08/02/2014,Sat,1220,AD,CN1,135A 801 ,V,R,W,ON,H , ,N,C,100,0,0,0,,,1936395,5612084
Hastings District,2/650/10.438,100,N, ,HELLYERS LANE,201433904,07/04/2014,Mon,1749,DA,CN1,111A 131A 403A ,,M,W,DN,F , ,N,C,100,0,0,0,,,1936239,5611901
Hastings District,2/661/0.335,, ,A,CLIVE BR,201416635,16/10/2014,Thu,714,AA,SN1T,128A ,,R,D,B ,F , , ,C,50,0,1,0,,61,1936348,5611361
Hastings District,2/661/0.764,100,S, ,WILLIAMSON ROAD,201436690,22/04/2014,Tue,1000,MD,4N1V,308B 375B 929 ,,E,D,B ,F ,D,N,C,50,0,0,0,,,1936201,5611046
Hastings District,2/661/0.92,250,N, ,MILL ROAD,201413039,27/05/2014,Tue,1658,GD,4S1C4,331A 350A 929 ,,R,D,TF,F ,D,N,C,50,0,0,2,,,1936088,5610945
Hastings District,2/661/1.17,, ,I,MILL ROAD,201443321,03/09/2014,Wed,1855,AC,CS1C,357A 512A 357B ,,R,D,DO,F ,T,N,C,50,0,0,0,,,1935967,5610727
Hastings District,2/661/3.523,, ,I,BUCKINGHAM ST,201449075,11/11/2014,Tue,1316,CC,CS1,130A 353A ,V,R,D,BF,F ,T,G,C,80,0,0,0,,,1934768,5608831
Hastings District,NAPIER ROAD,, ,I,2/661/5.266,201430854,02/01/2014,Thu,2229,DA,CS1,111A 131A ,F,E,D,DO,F ,M,G,R,80,0,0,0,,,1934180,5607200
Hastings District,2/661/5.566,300,S, ,NAPIER ROAD,201447627,21/11/2014,Fri,1810,EC,CS1,827,D,R,D,BN,F , ,N,C,80,0,0,0,,,1933957,5607005
Hastings District,2/661/5.595,600,S, ,PILCHER ROAD,201433446,28/03/2014,Fri,742,CC,CS1,134A 358A ,V,R,D,BF,F , ,N,C,80,0,0,0,,,1933933,5606989
Hastings District,2/661/6.481,, ,I,PARAIRE ROAD,201430880,18/02/2014,Tue,815,GD,VE1CC,181A ,,R,D,BF,F ,X,S,C,80,0,0,0,,,1933194,5606508
Hastings District,2/661/6.766,50,N, ,WAIPATU SETTLEMENT ROAD,201418734,28/11/2014,Fri,1440,LB,CS14,303B 924 ,,R,D,B ,F ,D, ,L,80,0,1,3,,,1932941,5606376
Hastings District,2/661/6.946,200,E, ,ST GEORGES ROAD,201416834,26/09/2014,Fri,455,CB,CE1,410A 514A ,V,R,D,DN,F , ,N,C,80,0,0,1,,,1932783,5606292
Hastings District,2/661/7.146,, ,I,ST GEORGES ROAD,201434816,05/04/2014,Sat,1235,JA,CW14,301B 353B 377B ,,E,W,OF,L ,T,S,C,80,0,0,0,,,1932606,5606198
Hastings District,2/661/8.126,, ,I,KENILWORTH ROAD,201437604,03/06/2014,Tue,1722,GD,CS1C,112A 331A 350A 402B 801 ,,R,W,DO,L ,T,G,C,50,0,0,0,,,1931688,5605956
Hastings District,2/661/8.126,, ,I,KENILWORTH ROAD,201414665,24/07/2014,Thu,1741,GD,CW1V,386A 507A ,,R,D,TO,F ,T,G,C,50,0,0,1,,,1931688,5605956
Hastings District,2/678/0,, ,I,SH 50A,201414661,31/07/2014,Thu,1551,JA,CN1T,302B 375B ,,M,D,O ,F ,X,G,R,80,0,2,0,,,1925321,5599569
Hastings District,2/678/0,, ,I,TE AUTE ROAD,201450701,15/12/2014,Mon,1650,LB,CW2C,301A 375A ,,R,D,BF,F ,X,S,P,80,0,0,0,,,1925321,5599569
Hastings District,2/678/0.698,, ,I,OLD MAIN ROAD,201418700,21/12/2014,Sun,1041,HA,CS1CV,301B ,,R,D,B ,F ,X,S,C,100,0,0,1,,,1925271,5598887
Hastings District,2/678/2.168,1470,S, ,STOCK ROAD,201436223,10/05/2014,Sat,206,EC,TN1,912,W,R,D,DN,M , , ,C,100,0,0,0,,,1924636,5597653
Hastings District,2/678/3.598,2900,S, ,STOCK ROAD,201439313,10/06/2014,Tue,840,DB,CN1,110A 131A ,G,S,D,O ,F , ,N,C,100,0,0,0,,,1923610,5596672
Hastings District,2/678/5.047,1370,N, ,TE MAHANGA ROAD,201410145,05/01/2014,Sun,1227,FD,TS1C,112A 181A 331A ,X,R,D,B ,F , , ,C,100,0,0,1,,,1922382,5595996
Hastings District,2/678/6.717,300,S, ,TE MAHANGA ROAD,201435868,17/04/2014,Thu,930,DB,CN1,131A 350A ,FX,E,W,ON,L , ,N,C,100,0,0,0,,,1921102,5594963
Hastings District,2/691/0.592,330,N, ,COLIN WHITE ROAD,201443322,14/08/2014,Thu,725,AD,CN1C,150A 653A ,F,E,W,B ,F , ,N,C,100,0,0,0,,,1916092,5591015
Hastings District,2/691/0.772,150,N, ,COLIN WHITE ROAD,201400246,19/11/2014,Wed,1640,NA,TN1E,132A 713B ,,R,D,O ,F , ,N,C,100,1,0,0,22,,1915989,5590868
Hastings District,2/691/4.203,, ,I,TE AUTE TRUST ROAD,201430175,06/01/2014,Mon,1318,GB,4S1C,175B 320B 361B ,,R,D,BF,F ,T,N,C,100,0,0,0,,,1914124,5588056
Hastings District,2/691/5.862,800,S, ,WAIKAREAO ROAD,201430859,17/02/2014,Mon,1848,DA,CS1,131A ,G,E,D,BF,F , ,N,C,100,0,0,0,,,1912945,5586948
Hastings District,2/691/6.262,1200,S, ,WAIKAREAO ROAD,201444769,04/10/2014,Sat,1700,BF,CN1C,131A 358A ,,M,D,BN,F , ,N,L,100,0,0,0,,,1912565,5586824
Hastings District,5/190/0.344,800,W, ,POHOKURA ROAD,201448300,14/12/2014,Sun,1145,DA,CS1,132A ,TX,M,W,O ,L , ,N,C,100,0,0,0,,,1906957,5677209
Hastings District,5/190/0.344,800,W, ,POHOKURA ROAD,201448299,14/12/2014,Sun,1250,FA,CS1C,132A 181A 182B ,,R,W,B ,F , ,N,C,100,0,0,0,,,1906957,5677209
Hastings District,5/190/0.886,6600,N, ,TATARAAKINA ROAD N,201410408,02/01/2014,Thu,1600,DA,MN1,131A ,,M,D,B ,F , , ,C,100,0,0,1,,,1907487,5677159
Hastings District,5/190/1.63,180,S, ,POHOKURA ROAD EAST,201448859,04/12/2014,Thu,1350,DA,CN1,410A ,V,M,D,O ,F , , ,L,100,0,0,0,,,1907605,5676602
Hastings District,5/190/4.114,2970,S, ,POHOKURA ROAD,201413093,28/05/2014,Wed,2000,DA,CS1,137A ,C,M,D,DN,F , ,N,C,100,0,0,1,,,1908294,5674990
Hastings District,5/190/4.486,3000,N, ,TATARAAKINA ROAD N,201437064,30/04/2014,Wed,1850,BF,CN14,131A 191A ,,M,W,DN,L , , ,C,100,0,0,0,,,1908541,5674756
Hastings District,5/190/4.786,2700,N, ,TATARAAKINA ROAD N,201430172,03/01/2014,Fri,2315,DA,CN1,101A 111A 131A 801 903 ,G,S,W,DN, S, ,N,C,100,0,0,0,,,1908802,5674662
Hastings District,5/190/6.203,150,S, ,TARAWERA TAV,201411078,01/02/2014,Sat,2359,DB,CN1,131A 359A 402A ,EZ,E,W,DN,F , , ,C,100,0,0,1,,,1909401,5673754
Hastings District,5/190/7.186,300,N, ,TATARAAKINA ROAD N,201439985,25/06/2014,Wed,610,BB,CN1T,129A 350A ,E,M,D,DN,F , ,N,C,100,0,0,0,,,1909289,5672796
Hastings District,5/204/3.042,300,N, ,KOWARO ROADWAY,201441793,20/08/2014,Wed,1142,CA,CS1,130A 501A ,CFS,R,W,O ,L , , ,L,100,0,0,0,,,1908549,5665026
Hastings District,5/204/5.64,8300,N, ,MCVICAR ROAD,201445474,28/09/2014,Sun,1531,DA,4S1,111A 131A 420A ,C,M,W,O ,H , , ,C,100,0,0,0,,,1910329,5664346
Hastings District,5/204/5.819,450,W, ,TE HAROTO ROAD,201445759,07/09/2014,Sun,1247,DA,CE1,131A 135A 901 ,EF,M,W,O ,H , ,N,C,100,0,0,0,,,1910505,5664314
Hastings District,5/204/5.829,440,N, ,TE HAROTO ROAD,201415925,06/09/2014,Sat,1330,DA,VS1,131A 632A 800 801 ,C,M,W,O ,L , , ,C,100,0,0,1,,,1910514,5664311
Hastings District,5/204/5.919,350,N, ,TE HAROTO ROAD,201444286,07/08/2014,Thu,608,DB,VN1,135A 802 ,C,E,I,DN,FF, , ,C,100,0,0,0,,,1910593,5664268
Hastings District,5/204/9.848,7000,N, ,WAITARA ROAD,201437440,26/05/2014,Mon,150,QG,TN1,130A 903 ,F,R,D,DN,FS, , ,C,100,0,0,0,,,1911429,5661143
Hastings District,5/204/10.94,3000,N, ,MCVICAR ROAD,201437437,24/05/2014,Sat,2111,QG,VS1,130A 901 903 ,,R,W,DN,HS, , ,C,100,0,0,0,,,1911481,5660106
Hastings District,5/204/11.94,2000,N, ,MCVICAR ROAD,201449097,22/11/2014,Sat,1004,QG,CS1,135A 903 ,,R,D,BF,FS, ,N,C,100,0,0,0,,,1912034,5659294
Hastings District,5/204/12.34,1600,N, ,MCVICAR ROAD,201442772,05/08/2014,Tue,740,DA,VN1,136A 802 ,V,M,I,ON,FF, ,N,C,100,0,0,0,,,1912165,5658916
Hastings District,5/204/14.69,750,S, ,MCVICAR ROAD,201416051,26/08/2014,Tue,2230,DB,CN1,137A 504A ,,E,D,DN,F , ,N,C,100,0,0,1,,,1913798,5657401
Hastings District,5/220/0.615,1300,N, ,WAITARA ROAD,201448924,01/12/2014,Mon,1520,FD,4N1CC,181A 331A 817 ,,R,W,O ,L , ,T,L,100,0,0,0,,,1914232,5656686
Hastings District,5/220/0.715,1200,N, ,WAITARA ROAD,201449764,01/12/2014,Mon,1550,FD,CS1C,181A 351A ,,R,W,O ,F , ,N,C,80,0,0,0,,,1914252,5656588
Hastings District,5/220/4.965,3050,S, ,WAITARA ROAD,201440451,12/07/2014,Sat,1145,FA,CS1C,137A 191B ,,M,W,B ,F , ,N,C,100,0,0,0,,,1917435,5654335
Hastings District,5/220/5.806,6800,S, ,MCVICAR ROAD,201413827,30/05/2014,Fri,1250,BF,CN1C,111A 131A 801 ,G,M,W,O ,L , , ,C,100,0,0,2,,,1917729,5653873
Hastings District,5/220/7.225,4450,N, ,TE POHUE LOOP ROAD S,201449682,30/12/2014,Tue,21,DA,CN1,131A 412A ,C,M,D,DN,F , , ,C,100,0,0,0,,,1918643,5652876
Hastings District,5/220/11.975,300,S, ,TE POHUE LOOP ROAD S,201411268,05/03/2014,Wed,2055,DB,CS1,131A 800 ,T,M,W,DN,F , , ,C,100,0,0,1,,,1918084,5648843
Hastings District,5/233/0.031,2000,N, ,WAIPUNGA ROAD,201443307,05/09/2014,Fri,1720,DA,CS1,110A 404A ,,M,W,DF,F , ,N,C,100,0,0,0,,,1918849,5648352
Hastings District,5/233/1.821,1000,N, ,PALMER ROAD,201430524,27/01/2014,Mon,1559,QG,CN1,682A ,CG,E,W,O ,L , , ,C,100,0,0,0,,,1919007,5646960
Hastings District,5/233/4.021,1200,S, ,PALMER ROAD,201447278,29/10/2014,Wed,1250,MO,CS1C,108A 130A 505A ,,R,D,B ,F , , ,L,100,0,0,0,,,1920018,5645241
Hastings District,5/233/4.989,60,N, ,MCALLISTER ENT,201410160,02/01/2014,Thu,640,DA,CS1,130A 411A ,E,E,D,B ,F , , ,C,100,0,7,0,,,1919840,5644306
Hastings District,5/233/7.171,5140,S, ,OLD TAUPO COACH ROAD,201433916,04/04/2014,Fri,2305,DA,CS1,129A 402A 501A ,T,E,D,DN,F , ,N,C,100,0,0,0,,,1920446,5642574
Hastings District,5/249/5.312,, ,I,ELLIS WALLACE ROAD,201434661,23/03/2014,Sun,1240,GD,TN1C,831,,M,D,BN,F ,T,G,C,100,0,0,0,,,1928386,5634521
Hastings District,5/249/5.337,25,S, ,ELLIS WALLACE ROAD,201438020,09/06/2014,Mon,1539,DA,TS1,131A 631A ,F,E,D,O ,F , , ,C,100,0,0,0,,,1928402,5634502
Hastings District,5/249/5.412,100,S, ,ELLIS WALLACE ROAD,201440732,23/06/2014,Mon,735,DA,TS1,129A 131A ,,M,D,B ,F , , ,C,100,0,0,0,,,1928439,5634437
Hastings District,5/249/7.685,80,S, ,SHAW ROAD,201413803,26/04/2014,Sat,1120,BB,CS1C,205A 358A 404A ,,M,D,B ,F , , ,C,100,0,0,2,,,1929603,5632906
Hastings District,50/5/5.136,, ,A,TUTAEKURI BR S,201436166,12/04/2014,Sat,1056,FD,CS1C,181A ,,R,D,B ,F , , ,C,100,0,0,0,,,1931411,5614868
Hastings District,50/5/5.312,2000,S, ,MEEANEE OFF SBD,201431374,26/02/2014,Wed,2100,FD,CS1CC,331A 339A ,,R,D,DO,F , ,N,C,100,0,0,0,,,1931366,5614707
Hastings District,50/5/6.383,2000,S, ,MEEANEE ON SBD,201410768,05/04/2014,Sat,1314,FD,VS14O,181A 330A ,,R,W,O ,L , ,N,L,100,0,0,2,,,1930994,5613704
Hastings District,50/5/6.538,20,N, ,SH 50A,201442559,07/07/2014,Mon,1818,FD,CS14,181A ,,R,D,DO,F ,T,G,R,100,0,0,0,,,1930942,5613559
Hastings District,50/12/0.1,100,W, ,SH 50A,201438279,07/06/2014,Sat,725,GE,CW1V,333A 387A 929 ,V,R,D,TN,F ,D,N,C,100,0,0,0,,,1930838,5613562
Hastings District,50/12/1.134,200,W, ,FRANKLIN ROAD,201446281,25/10/2014,Sat,741,GE,CW1C,160A 333A 929 ,,R,D,BN,F ,D,N,C,100,0,0,0,,,1929830,5613791
Hastings District,50/12/2,2000,W, ,SH 50A,201416593,01/09/2014,Mon,800,BE,CW1C,181A 197A ,,R,W,ON,F , ,N,C,100,0,0,2,,,1929225,5614134
Hastings District,50/12/7.674,1000,N, ,TAIHAPE ROAD,201435156,02/04/2014,Wed,1400,AF,TS1O,150A 386A ,,R,D,B ,F , ,N,C,100,0,0,0,,,1923927,5612335
Hastings District,50/12/8.543,20,W, ,HAKIWAI ROAD,201439316,15/04/2014,Tue,1525,CB,CN1,130A 504A ,X,R,D,O ,F , ,N,C,50,0,0,0,,,1923190,5611873
Hastings District,50/17/0.84,100,N, ,KERERU ROAD,201415221,16/08/2014,Sat,2103,BF,4N1C,129A ,,E,D,DN,F , ,N,C,100,0,1,1,,,1923274,5610761
Hastings District,50/17/10.89,, ,I,MARAEKAKAHO ROAD,201433440,16/03/2014,Sun,1045,JA,4E2C,113B 302B ,,R,D,BF,F ,T,G,C,100,0,0,0,,,1916081,5604836
Hastings District,50/17/11.117,1500,S, ,WHEATLEY ROAD,201432855,25/02/2014,Tue,955,FD,CS1T,181A 331A ,,R,D,B ,F , , ,C,100,0,0,0,,,1915854,5604849
Hastings District,50/33/1.223,450,W, ,WHAKAPIRAU ROAD,201400044,03/03/2014,Mon,1345,BB,CE1C,123A ,C,M,D,B ,F , , ,L,100,1,0,3,,,1909814,5604671
Hastings District,50/33/1.703,30,E, ,QUARRY BR,201438447,29/05/2014,Thu,1540,EO,CW1L,112A 129A 386A 403A 444B ,Q,R,D,O ,F , , ,C,100,0,0,0,,,1909348,5604756
Hastings District,50/49/2.025,10000,W, ,GLENCOE STATION ROAD,201435928,18/04/2014,Fri,1440,FB,CN1V,331A ,,R,W,ON,L , ,G,C,100,0,0,0,,,1898738,5595854
Hastings District,50/49/3.735,750,N, ,MANGA-O-NUKU NO3 BR,201438185,26/05/2014,Mon,445,EC,VS1,821,X,R,D,DN,FS, ,N,L,100,0,0,0,,,1898499,5594297
Hastings District,50A/0/0,, ,I,LINKS ROAD,201414428,07/07/2014,Mon,1810,LB,CN1C,303B 387B ,,R,D,DO,F ,T,G,R,100,0,0,2,,,1930935,5613540
Hastings District,50A/0/0,, ,I,LINKS ROAD,201439989,20/06/2014,Fri,1740,LB,CN1C,303B ,,R,D,DO,F ,T,G,C,100,0,0,0,,,1930935,5613540
Hastings District,50A/0/0,, ,I,SH 50 LINKS,201416603,01/10/2014,Wed,2225,LB,CN1C,303B 353B 375B ,S,R,D,DO,F ,T,G,R,100,0,0,1,,,1930935,5613540
Hastings District,50A/0/0,, ,I,SH 50 LINKS ROAD,201410296,14/02/2014,Fri,820,LB,CN1C,303B 375B ,,R,D,B ,F ,T,G,R,100,0,0,2,,,1930935,5613540
Hastings District,50A/0/0,, ,I,SH 50 LINKS ROAD,201448262,10/12/2014,Wed,1506,FA,4W1C,181A 191B ,,R,D,B ,F ,T,G,C,100,0,0,0,,,1930935,5613540
Hastings District,50A/0/0.1,100,S, ,SH 50,201446410,29/09/2014,Mon,5,BA,4S1C,125A 330A ,,R,W,DN,L , ,N,N,100,0,0,0,,,1930905,5613444
Hastings District,50A/0/4.067,1000,N, ,EVENDEN ROAD,201410339,27/01/2014,Mon,1645,EB,SN14,331A 350A ,Q,M,D,BF,F , ,N,C,100,0,1,0,,48,1930184,5609587
Hastings District,50A/0/6.179,1000,S, ,EVENDEN ROAD,201412324,21/03/2014,Fri,1101,EA,SE1V,331A 350A ,Q,R,D,O ,F , , ,C,100,0,1,0,,38,1928653,5608211
Hastings District,50A/0/6.858,600,E, ,OMAHU ROAD,201435950,10/02/2014,Mon,2200,DA,CE1,131A ,F,E,D,DN,F , ,N,C,100,0,0,0,,,1928111,5607801
Hastings District,50A/0/6.958,500,E, ,OMAHU ROAD,201432528,02/02/2014,Sun,2134,CC,CW1,101A 112A ,F,R,D,DN,F , ,N,C,100,0,0,0,,,1928031,5607741
Hastings District,50A/0/7.338,120,N, ,OMAHU ROAD,201412325,20/04/2014,Sun,1152,CA,MS1,112A 130A 514A ,I,R,D,B ,F , , ,R,100,0,1,0,,,1927728,5607512
Hastings District,50A/0/7.428,30,N, ,OMAHU ROAD,201432824,11/03/2014,Tue,1800,AO,TS1C,386A ,,E,D,B ,F , , ,C,100,0,0,0,,,1927657,5607457
Hastings District,50A/0/7.453,, ,I,OMAHU ROAD,201435925,18/04/2014,Fri,1140,AC,CW1M,372A ,,M,D,OF,F ,R,G,R,50,0,0,0,,,1927641,5607416
Hastings District,OMAHU ROAD,, ,I,50A/0/7.458,201440869,05/08/2014,Tue,1500,GF,CS1C,184A 184B ,,E,D,B ,F ,R,G,R,50,0,0,0,,,1927633,5607439
Hastings District,OMAHU ROAD,, ,I,50A/0/7.559,201439166,24/06/2014,Tue,,AC,CS14,372B ,,E,D,B ,F ,R,G,C,50,0,0,0,,,1927607,5607382
Hastings District,OMAHU ROAD,, ,I,50A/0/7.559,201435671,07/05/2014,Wed,20,DA,CS1,111A 131A 402A 514A ,FP,R,D,DO,F ,R,G,C,50,0,0,0,,,1927607,5607382
Hastings District,OMAHU ROAD,, ,I,50A/0/7.559,201431632,17/01/2014,Fri,1930,DA,CE1,129A 131A 402A ,IS,R,D,TF,F ,R,G,R,50,0,0,0,,,1927607,5607382
Hastings District,50A/0/9.166,90,N, ,FLAXMERE AVENUE,201413080,29/03/2014,Sat,4,MC,CN1C,372B ,,E,D,DN,F , ,N,C,100,0,1,1,,,1926331,5606411