TLANAME,CRASHROAD,CRASHDIST,CRASHDIRN,INTSN,SIDEROAD,CRASHID,CRASHDATE,CRASHDOW,CRASHTIME,MVMT,VEHICLES,CAUSES,OBJECTSSTRUCK,ROADCURVE,ROADWET,LIGHT,WTHRa,JUNCTYPE,TRAFCTRL,ROADMARK,SPDLIM,CRASHFATALCNT,CRASHSEVCNT,CRASHMINCNT,PERSAGE1,PERSAGE2,EASTING,NORTHING
Hastings District,50A/0/12.677,, ,I,MARAEKAKAHO ROAD,201433443,24/02/2014,Mon,1007,QG,TN1,111A 682A ,,M,D,BF,F ,R,G,R,100,0,0,0,,,1925557,5603150
Hastings District,50A/0/12.677,, ,I,MARAEKAKAHO ROAD,201437415,01/06/2014,Sun,1300,DA,CN1,111A 131A 801 ,P,M,W,O ,L ,R,G,R,100,0,0,0,,,1925537,5603173
Hastings District,50A/0/13.601,650,N, ,MANGAROA ROAD,201435673,02/05/2014,Fri,1855,EC,VN1,912,W,R,D,DN,F , , ,C,100,0,0,0,,,1925198,5602298
Hastings District,50A/0/14.251,, ,I,MANGAROA ROAD,201437645,20/05/2014,Tue,820,DC,CS2,110A 335A 904 ,,R,D,O ,M ,T,G,R,100,0,0,0,,,1924951,5601696
Hastings District,50A/0/15.265,500,N, ,TURAMOE ROAD,201410750,28/03/2014,Fri,2105,CC,CS1,125A 358A ,,R,D,DN,F , ,N,C,100,0,0,1,,,1924843,5600698
Hastings District,RAILWAY ROAD SOUTH,, ,I,50A/0/16.606,201444459,20/07/2014,Sun,1115,KB,CS1C,197A 302B 404B ,GS,E,W,O ,L ,X,G,R,80,0,0,0,,,1925321,5599569
Hauraki District,AINSLIE ROAD,, ,I,RAROA ROAD,201414264,27/07/2014,Sun,415,DB,CN1,101A 111A 357A ,P,M,W,DO,F ,T,N,C,50,0,1,0,,,1837473,5860230
Hauraki District,AWAITI ROAD,20,S, ,AWAITI WEST ROAD,201414252,01/07/2014,Tue,1538,CC,VS1,137A 195A 350A ,,R,D,O ,F , ,N,C,100,0,0,1,,,1831218,5862878
Hauraki District,AWAITI ROAD,1000,S, ,WANI ROAD,201432735,09/03/2014,Sun,1250,CC,CS1,136A 631A ,F,R,D,B ,F , , ,C,100,0,0,0,,,1831168,5858427
Hauraki District,BRADLEY ST,, ,I,STATION ROAD,201450091,10/08/2014,Sun,10,DA,400,131A 403A 802 ,FHX,E,I,DO,FF,T,G,C,50,0,0,0,,,1836448,5860037
Hauraki District,BUSH ROAD,210,S, ,SH 25,201433529,28/02/2014,Fri,1055,DA,VS1,131A 681A ,F,M,D,BN,F , ,N,C,100,0,0,0,,,1822379,5877709
Hauraki District,BUSH ROAD E,40,N, ,ORCHARD EAST ROAD E,201431144,10/02/2014,Mon,1320,CB,CS1,129A 500A 810 ,V,R,D,B ,F , ,N,C,100,0,0,0,,,1824339,5872112
Hauraki District,CENTRAL ROAD,2000,S, ,SH 2,201410232,19/01/2014,Sun,1812,JA,CS14,308B 375B 927 ,,R,D,O ,F ,D,N,N,100,0,0,2,,,1816984,5869496
Hauraki District,CENTRAL ROAD,700,N, ,TOREHAPE ROAD EAST,201442984,30/07/2014,Wed,1900,CC,VS1,112A 130A ,Z,R,D,DN,F , , ,C,100,0,0,0,,,1817927,5867409
Hauraki District,EAST COAST ROAD,620,N, ,POHUTUKAWA AVENUE,201411799,12/04/2014,Sat,2206,DA,VN1,103A 111A 131A ,F,E,D,DN,F , , ,C,70,0,1,0,,,1804305,5891429
Hauraki District,EAST COAST ROAD,1400,S, ,PUKEKERERU LANE,201436878,27/04/2014,Sun,1425,DB,MS1,131A ,F,E,D,B ,F , , ,C,100,0,0,0,,,1804353,5895918
Hauraki District,FRANCIS ST,, ,I,HUGHENDEN ST,201439618,06/05/2014,Tue,859,DB,CS1,357A 512A ,H,M,D,B ,F ,T,N,N,50,0,0,0,,,1836244,5859558
Hauraki District,FRONT MIRANDA ROAD,300,W, ,EAST COAST ROAD,201447465,25/11/2014,Tue,1515,DB,CW1,101A 111A ,F,M,D,B ,F , ,N,C,100,0,0,0,,,1805213,5882208
Hauraki District,FRONT MIRANDA ROAD,4400,N, ,SH 25,201414324,28/06/2014,Sat,1519,CB,CN1,130A 501A ,TV,R,D,B ,F , , ,C,100,0,0,2,,,1808528,5878981
Hauraki District,GILMOUR ST,, ,I,GEORGE ST,201435915,28/03/2014,Fri,930,KB,CN1C,302B 375B ,,R,D,BF,F ,T,G,C,50,0,0,0,,,1852145,5857613
Hauraki District,GLADSTONE ROAD,30,E, ,SH 25,201441583,28/07/2014,Mon,1440,MO,VE1C,371A 386A 929 ,M,R,D,B ,F ,D,N,C,50,0,0,0,,,1852703,5859339
Hauraki District,GOLDEN VALLEY ROAD,2000,N, ,NGATITANGATA ROAD,201410123,02/01/2014,Thu,2250,DA,CN1,131A ,F,E,D,DN,F , , ,C,100,0,0,1,,,1857138,5861752
Hauraki District,HASZARD ST,80,S, ,SEDDON ST,201414865,11/07/2014,Fri,1128,JA,CN1P,308B 377B 839 927 ,,R,D,ON,F ,D,N,C,50,0,0,1,,,1851617,5857920
Hauraki District,HAURAKI ROAD,600,N, ,RATA ST,201435954,06/04/2014,Sun,1626,CB,CS1,137A ,CV,R,D,OF,F , ,N,C,100,0,0,0,,,1827300,5876579
Hauraki District,HAURAKI ROAD,70,N, ,SH 2,201410265,16/02/2014,Sun,1350,FA,MS1M,104A 111A ,FF,M,D,B ,F , ,N,C,100,0,1,1,,,1831093,5867280
Hauraki District,HUBBARD ROAD,500,E, ,SH 2,201436037,07/03/2014,Fri,2330,CC,VW1,103A 410A ,V,R,D,DN,F , ,N,N,100,0,0,0,,,1835195,5862365
Hauraki District,HUBBARD ROAD,300,N, ,SH 2,201411738,19/03/2014,Wed,1552,DB,CW1,131A 402A 412A ,F,E,D,B ,F , , ,C,100,0,0,1,,,1835011,5862287
Hauraki District,KAIHERE ROAD,1000,S, ,PHILLIPS ROAD,201440143,27/06/2014,Fri,1333,CB,4S1,137A 195A ,,R,W,O ,FS, ,N,C,100,0,0,0,,,1822034,5869532
Hauraki District,KAIHERE ROAD,400,S, ,TOREHAPE ROAD EAST,201446132,03/10/2014,Fri,813,DA,CN1,135A 402A 800 903 ,V,M,W,O , S, , ,C,100,0,0,0,,,1822274,5867566
Hauraki District,KENNY ST,, ,I,BABER ST,201416569,27/09/2014,Sat,2015,HA,CE1M,113B 302B ,,R,D,DO,F ,X,G,P,50,0,2,2,,,1851142,5857723
Hauraki District,KENNY ST,, ,I,SILVERTON ROAD,201412108,21/04/2014,Mon,1451,HA,CE1C,302B 375B ,,E,D,O ,L ,T,G,R,50,0,0,2,,,1851426,5857701
Hauraki District,KENNY ST,20,E, ,VICTORIA ST,201450977,23/11/2014,Sun,1928,MO,TE1,371A ,P,R,D,TF,F , ,N,C,50,0,0,0,,,1850911,5857693
Hauraki District,OLD WAITEKAURI ROAD,400,W, ,SH 2,201416679,27/10/2014,Mon,1230,BB,CN1V,123A 205A ,,M,D,O ,F , , ,N,100,0,0,1,,,1845257,5855964
Hauraki District,ORCHARD EAST ROAD,700,W, ,SH 2,201450615,19/12/2014,Fri,1355,CB,CW1,129A 410A ,FP,R,D,B ,F , ,N,C,100,0,0,0,,,1824743,5872142
Hauraki District,PIPIROA ROAD,3200,S, ,SH 25,201413406,11/06/2014,Wed,234,CA,VS1,132A 901 903 ,V,R,W,DN,HS, , ,C,100,0,0,1,,,1819217,5874835
Hauraki District,PUKAHU ROAD,1560,E, ,AWAITI ROAD,201418591,03/10/2014,Fri,1040,DA,CE1,103A 111A 131A ,V,S,W,ON,L , ,N,C,100,0,1,1,,,1832725,5860932
Hauraki District,PUKAHU ROAD,2040,S, ,SH 2,201442986,29/08/2014,Fri,2130,DA,CS1,111A 131A 351A 801 ,VZ,S,W,DN,L , , ,N,100,0,0,0,,,1833155,5860688
Hauraki District,PUKEKAURI ROAD,110,N, ,HOLLIS ROAD,201400185,20/09/2014,Sat,1654,PO,4S1EC,722B 101C 109C 357C 929 ,,R,D,O ,L ,D,N,L,100,1,0,0,51,,1845135,5854985
Hauraki District,RAILWAY ST,30,N, ,DEARLE ST,201413426,03/06/2014,Tue,1852,BF,CN1C,111A 131A 514A ,,E,D,DO,F , , ,N,50,0,0,1,,,1836146,5860066
Hauraki District,ROSEMONT ROAD,, ,I,ADAMS ST,201435573,23/04/2014,Wed,2209,HA,CN2C,321A ,,R,D,DO,F ,T,S,C,50,0,0,0,,,1851863,5857257
Hauraki District,ROTOKOHU ROAD,500,E, ,TE MOANANUI FLATS ROAD,201432286,05/02/2014,Wed,1540,GE,VE1C,160A 929 ,,R,D,O ,F ,D,N,C,100,0,0,0,,,1837347,5857174
Hauraki District,SEDDON ST,5,E, ,HASZARD ST,201410864,10/01/2014,Fri,1120,CB,CE1E,130A ,KX,R,D,B ,F ,R,G,R,50,0,1,0,66,,1851581,5858000
Hauraki District,SH 27,, ,I,MAUKORO LANDING ROAD,201443270,22/08/2014,Fri,1242,DA,TN1,130A 501A ,F,E,D,B ,F ,X,G,C,100,0,0,0,,,,
Hauraki District,SILVERTON ROAD,, ,I,JOHNSTON ST,201438653,12/06/2014,Thu,812,KA,CS1C,302B 901 ,,R,W,O ,H ,X,G,C,50,0,0,0,,,1851451,5857583
Hauraki District,STATION ROAD,20,W, ,SILVERTON ROAD,201441546,24/07/2014,Thu,1607,EA,OW14,357A 512A ,M,R,D,B ,F , ,N,N,50,0,0,0,,,1851451,5857519
Hauraki District,STOPBANK ROAD,200,N, ,JUNCTION ROAD,201440142,27/06/2014,Fri,2018,CB,CS1,112A 138A ,F,R,W,DN,L , ,N,N,50,0,0,0,,,1835154,5860338
Hauraki District,VICTORIA ST,, ,I,CONSOLS ST,201442985,16/08/2014,Sat,1129,HA,CS1C,302B 353B 375B ,,R,D,B ,F ,X,G,N,50,0,0,0,,,1850976,5857522
Hauraki District,WAIHI BEACH ROAD,580,E, ,TRIG ROAD SOUTH,201413193,17/05/2014,Sat,2100,DA,CW1,103A 111A 129A 134A ,F,E,D,DN,F , , ,C,100,0,1,1,,,1856202,5854838
Hauraki District,WAIHI BEACH ROAD,590,E, ,TRIG ROAD SOUTH,201432288,08/02/2014,Sat,950,DB,CE1,131A 801 ,F,M,W,O ,H , , ,C,100,0,0,0,,,1856212,5854840
Hauraki District,WAITAWHETA ROAD,15,E, ,FRANKLIN ROAD,201431145,23/01/2014,Thu,1100,BB,CW1V,123A ,,E,D,B ,F , ,N,C,80,0,0,0,,,1846096,5852389
Hauraki District,WAITAWHETA ROAD,500,S, ,KENNEDY ROAD,201410863,07/01/2014,Tue,727,DA,TS1,130A 363A 687A 810 902 ,T,M,D,O ,F , , ,N,100,0,0,1,,,1844873,5853626
Hauraki District,WAITAWHETA ROAD,100,S, ,OLD TAURANGA ROAD,201410336,22/01/2014,Wed,2000,CC,CN1,103A ,CV,R,D,BN,F , ,N,C,100,0,0,1,,,1849703,5854856
Hauraki District,WAITAWHETA ROAD,630,S, ,OLD TAURANGA ROAD,201410966,07/02/2014,Fri,2005,DA,CN1,101A 111A 131A ,T,E,W,ON,H , ,N,C,100,0,1,0,,,1849268,5854595
Hauraki District,WILLIAM ST,, ,I,MARSHALL ST,201433483,11/03/2014,Tue,1040,HA,CE1C,301B 375B ,,R,D,BF,F ,X,S,C,50,0,0,0,,,1836231,5859764
Hauraki District,WILLIAM ST,, ,I,MARSHALL ST,201432319,22/01/2014,Wed,1900,HA,CW1C,301B 902 ,,R,D,B ,F ,X,S,C,50,0,0,0,,,1836231,5859764
Hauraki District,2/32/0.227,30,S, ,STEEN ROAD,201446294,23/10/2014,Thu,230,CB,CN1,103A 112A 130A ,F,R,D,DF,F , ,N,L,90,0,0,0,,,1805995,5871273
Hauraki District,2/32/0.637,380,E, ,STEEN ROAD,201437999,15/04/2014,Tue,1247,QG,TN1T,330A 682A ,G,E,D,B ,F , ,N,C,90,0,0,0,,,1806219,5871604
Hauraki District,2/32/0.657,400,N, ,STEEN ROAD,201430380,20/01/2014,Mon,1204,DA,VN1,134A 350A ,G,M,W,O ,L , ,N,L,90,0,0,0,,,1806238,5871612
Hauraki District,2/32/1.692,500,W, ,SH 25 LINK,201411666,22/03/2014,Sat,1441,MB,VE1C,372B 375B ,,E,D,BN,F , ,N,C,90,0,0,1,,,1807234,5871887
Hauraki District,2/32/2.192,, ,I,SH 25,201445432,02/10/2014,Thu,1545,DB,MW1,131A 805 817 ,,E,W,O ,L ,T,G,N,100,0,0,0,,,1807722,5871912
Hauraki District,2/34/0.894,1000,W, ,COXHEAD ROAD,201440141,25/06/2014,Wed,2349,DA,CW1,110A 131A ,C,M,W,DN,H , ,N,C,100,0,0,0,,,1808532,5871532
Hauraki District,2/37/0,, ,I,SH 27,201415170,03/08/2014,Sun,1126,DB,CS1CC,111A 131A 901 ,G,M,W,O ,H ,T,G,R,100,0,0,1,,,1810222,5870180
Hauraki District,2/37/0,, ,I,SH 27,201445961,23/10/2014,Thu,1434,DC,CS1,111A 131A ,G,S,D,O ,F ,T,G,R,100,0,0,0,,,1810222,5870180
Hauraki District,2/37/0.03,30,E, ,SH 27,201435169,21/04/2014,Mon,1550,FD,CW1C,181A 330A ,,R,D,B ,F ,T,S,C,100,0,0,0,,,1810252,5870175
Hauraki District,CANAL EAST ROAD,, ,I,2/37/4.664,201437893,20/03/2014,Thu,640,DC,CS1,112A 330A ,G,R,D,DN,M ,T,G,C,100,0,0,0,,,1814672,5871266
Hauraki District,2/37/5,5000,E, ,SH 27,201418610,31/12/2014,Wed,2030,FD,CE1C,181A ,,R,D,TF,F , ,N,C,100,0,0,1,,,1815008,5871277
Hauraki District,2/37/10.23,500,W, ,PIPIROA ROAD,201441582,27/07/2014,Sun,1655,FC,CE1C,181A 330A ,,R,D,B ,F , ,N,C,50,0,0,0,,,1820189,5871605
Hauraki District,DENT ST,, ,I,2/48/0.618,201416567,09/10/2014,Thu,1026,NA,CS1E,341A 350A ,,R,D,OF,F ,T,S,C,50,0,0,1,86,,1821307,5871575
Hauraki District,2/48/0.638,20,E, ,DENT ST,201433385,29/03/2014,Sat,1050,FF,CW1V,181A 925 ,,R,D,OF,F ,D,N,C,80,0,0,0,,,1821327,5871574
Hauraki District,2/48/4.061,650,S, ,ORCHARD EAST ROAD,201416944,19/08/2014,Tue,248,EC,VN1,912,W,R,D,DN,F , ,N,C,100,0,1,0,,,1824481,5871579
Hauraki District,2/48/12.778,100,N, ,HAURAKI ROAD,201440144,29/06/2014,Sun,501,CB,CE1,134A 410A ,,R,D,DN,F , ,N,C,100,0,0,0,,,1830986,5867302
Hauraki District,2/61/2.242,1600,N, ,RAHU ROAD S,201446261,29/09/2014,Mon,1244,DA,CN1,111A 131A ,FX,M,D,ON,F , ,N,C,100,0,0,0,,,1831194,5865012
Hauraki District,2/61/2.412,620,N, ,SCHOOL ROAD,201449293,24/11/2014,Mon,500,EC,TS1,912,W,E,D,DN,F , , ,C,100,0,0,0,,,1831247,5864852
Hauraki District,2/61/3.032,, ,I,OLD MAIN ROAD W,201418356,08/12/2014,Mon,1449,JA,VS1C,302B ,,R,D,BF,F ,X,G,C,100,0,2,1,,,1831240,5864232
Hauraki District,2/61/3.642,200,W, ,WILSON ROAD,201417914,29/11/2014,Sat,1645,GE,MN1C,160A 330A 929 ,,R,D,B ,F ,D,N,L,100,0,1,0,,,1831231,5863622
Hauraki District,2/61/3.842,, ,I,AWAITI ROAD,201438473,11/06/2014,Wed,1920,LB,4N1C,137A 303B 404B 901 903 ,,E,W,DO,HS,T,G,L,100,0,0,0,,,1831278,5863430
Hauraki District,2/61/4.092,250,S, ,AWAITI ROAD,201444437,07/09/2014,Sun,1833,MC,CS1C,372B ,,M,D,DO,F , , ,C,100,0,0,0,,,1831448,5863251
Hauraki District,2/61/4.242,400,E, ,AWAITI ROAD,201438285,01/05/2014,Thu,1820,CB,CE1,129A ,F,R,D,DN,F , ,N,C,100,0,0,0,,,1831568,5863161
Hauraki District,2/61/7.221,15,W, ,PUKAHU ROAD,201446946,13/07/2014,Sun,1340,FD,CE1C,181A ,,R,D,BN,F , ,N,C,70,0,0,0,,,1834332,5862353
Hauraki District,2/61/7.286,50,S, ,PUKAHU ROAD,201416799,29/10/2014,Wed,1630,BE,CS1V,130A 358A ,,R,D,TN,F , , ,C,100,0,1,1,,,1834389,5862320
Hauraki District,2/61/9.625,10,S, ,BRENAN ST,201433156,19/03/2014,Wed,1411,GD,CN14,331A 352A ,,R,D,B ,F ,T,G,C,50,0,0,0,,,1835843,5860559
Hauraki District,2/61/9.984,, ,I,OPATITO ROAD,201418631,26/12/2014,Fri,1140,LB,CW1C,103B 303B 375B ,,R,D,BN,F ,T,G,C,50,0,0,3,,,1836030,5860253
Hauraki District,2/61/10.066,25,N, ,RAILWAY ST,201448510,02/10/2014,Thu,2040,DA,CN1,131A 402A ,FP,M,W,DO,L , ,N,C,50,0,0,0,,,1836072,5860182
Hauraki District,2/61/10.334,, ,I,STATION ROAD,201416798,01/11/2014,Sat,1320,LB,PS1C,303B ,,R,D,B ,F ,T,G,C,50,0,0,1,,,1836226,5860027
Hauraki District,2/61/10.405,, ,I,MARSHALL ST,201449402,09/12/2014,Tue,1317,JA,CN1C,302B ,,E,D,O ,F ,T,G,C,50,0,0,0,,,1836218,5859955
Hauraki District,2/61/10.526,50,N, ,CORBETT ST,201430521,02/01/2014,Thu,1307,MO,CN1C,357A 371A ,M,R,D,B ,F , , ,C,50,0,0,0,,,1836274,5859849
Hauraki District,2/61/10.733,15,N, ,HUGHENDEN ST,201436042,14/04/2014,Mon,1000,EE,VN1C,374B ,M,R,W,OF,L , ,N,C,50,0,0,0,,,1836381,5859673
Hauraki District,2/61/10.832,, ,A,WHARF ST,201432498,19/02/2014,Wed,1503,KB,CS1C,302B 353B 375B ,,M,D,BF,F ,T,G,N,50,0,0,0,,,1836433,5859588
Hauraki District,2/73/0,, ,I,TE AROHA ROAD,201440155,09/07/2014,Wed,1800,KB,CN1CC,137A 302B 330B 375B ,,R,W,DO,HS,X,G,C,50,0,0,0,,,1836758,5859310
Hauraki District,2/73/5.594,1000,N, ,CROWN HILL ROAD,201441545,27/07/2014,Sun,800,CB,4N1,131A 410A 427A ,CV,R,D,O ,F , ,N,C,80,0,0,0,,,1839941,5855861
Hauraki District,2/73/7.517,310,E, ,SCHOOL ROAD,201439954,24/04/2014,Thu,330,DA,TE1,135A 661A ,G,E,D,DN,F , ,N,C,80,0,0,0,,,1841162,5854738
Hauraki District,2/73/7.707,500,E, ,SCHOOL ROAD,201411740,16/02/2014,Sun,35,DB,VS1,104A 131A ,C,E,D,DN,F , , ,C,80,0,0,2,,,1841349,5854772
Hauraki District,2/73/9.589,2120,W, ,WAITAWHETA ROAD,201416612,12/10/2014,Sun,2350,DB,CE1,129A 402A 410A ,KV,M,D,DN,F , , ,L,80,0,0,1,,,1842814,5855206
Hauraki District,2/73/9.709,2000,W, ,WAITAWHETA ROAD,201430258,01/01/2014,Wed,2323,DA,CW1,111A 131A ,G,S,W,DN,M , , ,L,80,0,0,0,,,1842908,5855278
Hauraki District,2/73/10.207,3000,S, ,SCHOOL ROAD,201441642,20/07/2014,Sun,2110,DA,CS1,131A 410A 801 ,,S,W,DN,H , , ,C,80,0,0,0,,,1843323,5855073
Hauraki District,2/73/10.709,1000,W, ,WAITAWHETA ROAD,201450423,28/11/2014,Fri,1100,DA,CE1,111A 131A ,C,M,W,ON,L , ,N,C,80,0,0,0,,,1843742,5855236
Hauraki District,2/73/13.709,2000,E, ,WAITAWHETA ROAD,201431163,11/02/2014,Tue,1310,CB,4N1,130A 410A ,C,R,D,B ,F , ,N,C,80,0,0,0,,,1845954,5855510
Hauraki District,2/73/13.968,400,E, ,SEDDON ST,201437474,28/04/2014,Mon,2015,FA,TN1V,331A 901 ,Z,R,W,O ,H , , ,C,100,0,0,0,,,1846152,5855349
Hauraki District,2/73/15.91,600,S, ,CAMPBELL ROAD,201443269,24/08/2014,Sun,815,DB,CS1,130A 327A 402A ,FX,E,D,B ,F , , ,L,100,0,0,0,,,1847766,5855902
Hauraki District,2/73/16.71,200,E, ,CAMPBELL ROAD,201450062,15/10/2014,Wed,1030,AD,VW1C,159A ,,R,D,B ,F , , ,L,50,0,0,0,,,1848431,5856338
Hauraki District,2/73/17.598,100,W, ,RIFLE RANGE ROAD,201446426,18/09/2014,Thu,1210,AD,CE1C,129A 134A 158A ,C,E,D,ON,F , ,N,L,100,0,0,0,,,1849147,5856843
Hauraki District,2/73/18.378,, ,I,DEAN CRESCENT,201442325,13/07/2014,Sun,525,CB,CW1,110A 330A ,F,R,W,DO,M ,T,G,C,100,0,0,0,,,1849895,5856956
Hauraki District,2/73/19.295,1000,W, ,MORESBY AVENUE,201449404,14/12/2014,Sun,1430,DB,CS1,131A 801 901 ,C,S,W,O ,H , , ,C,80,0,0,0,,,1850562,5857578
Hauraki District,2/73/19.513,, ,I,KENNY ST W,201436043,12/04/2014,Sat,1630,JC,CE2C,301A 375A ,,R,D,BF,F ,X,S,R,50,0,0,0,,,1850716,5857732
Hauraki District,2/73/19.513,, ,I,KENNY ST,201414257,01/08/2014,Fri,1737,LB,CS14,303B 375B ,,M,D,TO,F ,T,G,R,70,0,0,1,,,1850716,5857732
Hauraki District,2/73/19.921,, ,I,BABER ST,201418632,21/11/2014,Fri,1115,KA,TW1C,302B 350B 375B ,,R,D,OF,F ,X,G,C,70,0,0,1,,,1851087,5857863
Hauraki District,2/73/19.921,, ,I,MARTIN ROAD,201410484,23/02/2014,Sun,1340,DB,VS2C,103A 131A 133A 402A ,,R,W,O ,L ,X,G,C,50,0,0,1,,,1851087,5857862
Hauraki District,2/73/20.295,, ,I,MORESBY AVENUE,201411670,13/03/2014,Thu,1000,NB,CE1,719B ,,R,D,BF,F ,R,G,C,50,0,1,0,38,,1851446,5857913
Hauraki District,JOHNSTON ST,, ,I,2/93/0.12,201400186,06/09/2014,Sat,1156,BE,CN1S,130A 410A 204B ,,E,W,O ,L ,X,S,P,50,1,0,1,,78,1851606,5857666
Hauraki District,JOHNSTON ST,, ,I,2/93/0.12,201449984,24/12/2014,Wed,1040,BB,CS2C,124A ,,M,D,B ,F ,X,S,P,50,0,0,0,,,1851606,5857666
Hauraki District,2/93/0.13,, ,I,ROSEMONT ROAD,201416931,06/09/2014,Sat,1156,DA,CW1S,131A 410A ,,E,W,OF,L ,X,S,P,50,0,1,1,,77,1851612,5857657
Hauraki District,2/93/0.631,, ,I,MUELLER ST,201431097,08/01/2014,Wed,1825,CC,40,129A 410A ,PS,R,D,B ,F ,T,G,C,50,0,0,0,,,1852072,5857462
Hauraki District,2/93/4.568,500,N, ,TRIG ROAD SOUTH,201433482,15/03/2014,Sat,1730,DA,CN1,136A 806 ,,E,W,ON,HS, ,N,C,100,0,0,0,,,1853969,5854108
Hauraki District,2/93/4.618,450,N, ,TRIG ROAD SOUTH,201410483,22/02/2014,Sat,1115,DA,CE1,111A 131A 404A ,V,E,W,O ,L , , ,C,100,0,0,2,,,1853973,5854059
Hauraki District,2/93/4.668,400,N, ,TRIG ROAD SOUTH,201441543,03/08/2014,Sun,2120,CB,CS1,129A 601A ,X,R,W,DN,F , ,N,C,100,0,0,0,,,1853977,5854009
Hauraki District,2/93/4.788,280,N, ,TRIG ROAD SOUTH,201437478,16/05/2014,Fri,151,EC,TN1,904 912 ,W,E,D,DN,M , , ,C,100,0,0,0,,,1853993,5853890
Hauraki District,2/93/5.268,200,S, ,TRIG ROAD SOUTH,201413242,22/05/2014,Thu,920,FD,MN1CC,102A 181A 331A ,,R,D,B ,F , ,N,C,100,0,1,0,,,1854108,5853424
Hauraki District,2/93/5.568,500,S, ,TRIG ROAD SOUTH,201445692,13/09/2014,Sat,755,DA,CS1,131A 358A 806 ,F,E,W,O ,L , , ,C,100,0,0,0,,,1854183,5853134
Hauraki District,2/93/5.643,100,N, ,KELLY ROAD,201451041,17/12/2014,Wed,245,DB,TN1,131A 901 ,,M,W,DN,HS, ,N,C,100,0,0,0,,,1854207,5853064
Hauraki District,2/93/6.174,340,S, ,WOODLANDS ROAD,201410229,18/01/2014,Sat,934,DA,VN1,134A 404A ,F,M,D,B ,F , ,N,L,10,0,0,1,,,1854194,5852544
Hauraki District,SH 2,, ,I,25/0/0,201439756,22/05/2014,Thu,1225,GF,4W2C,129A 176A 644A 158B ,,R,D, N,F ,T,G,R,100,0,0,0,,,1807722,5871912
Hauraki District,25/0/1.412,, ,I,COXHEAD ROAD,201448512,17/11/2014,Mon,1555,DA,CN1,111A 131A 404A ,P,E,D,BN,F ,T,S,C,100,0,0,0,,,1808840,5872721
Hauraki District,25/0/2.654,, ,I,MAHUTA ROAD NORTH,201450609,23/12/2014,Tue,1130,GD,VN1C,331A 350A ,,R,D,B ,F ,X,G,L,100,0,0,0,,,1809680,5873634
Hauraki District,25/0/6.528,5,E, ,CANAL EAST ROAD,201434519,20/02/2014,Thu,615,DA,TE1,110A 330A ,B,E,D,OF,F ,T,N,C,70,0,0,0,,,1812377,5876327
Hauraki District,25/12/1.911,480,W, ,ARAWA ST,201441588,11/08/2014,Mon,2030,EC,VW1,912,W,R,D,DN,F , ,N,C,100,0,0,0,,,1819770,5878168
Hauraki District,25/12/8.051,1080,W, ,ORONGO ROAD,201440138,20/02/2014,Thu,1639,DA,VE1,131A 350A ,F,M,D,B ,F , ,N,C,100,0,0,0,,,1825198,5879860
Hauraki District,25/12/8.377,1000,W, ,HAURAKI ROAD,201415401,18/08/2014,Mon,550,EC,CW1V,195A 191B 912 ,W,R,D,DN,F , , ,C,100,0,0,1,,,1825516,5879918
Hauraki District,25/12/9.377,, ,I,HAURAKI ROAD,201414992,11/02/2014,Tue,633,JA,CW1C,301B 375B ,,E,D,OF,F ,T,S,R,100,0,0,2,,,1826483,5880109
Hauraki District,25/217/1.177,4000,S, ,TE TUTU ST,201432287,07/02/2014,Fri,948,DA,CN1,131A 631A ,C,M,W,OF,H , ,N,C,100,0,0,0,,,1854014,5873230
Hauraki District,25/217/1.392,1400,S, ,OTAHU RIV BR,201430259,01/01/2014,Wed,1815,DB,CS1,131A 806 ,C,M,W,O ,F , , ,C,100,0,0,0,,,1854227,5873200
Hauraki District,25/217/4.125,2800,N, ,WHIRITOA BEACH ROAD,201415400,16/08/2014,Sat,1700,DA,4N1,134A ,,E,D,O ,F , , ,C,100,0,0,1,,,1855678,5871314
Hauraki District,25/226/0.915,2000,S, ,WHIRITOA BEACH ROAD,201446969,03/06/2014,Tue,830,DA,TS1,129A 134A ,C,M,D,BN,F , ,N,C,100,0,0,0,,,1856546,5868277
Hauraki District,25/226/0.915,2000,S, ,WHIRITOA BEACH ROAD,201414820,29/03/2014,Sat,1255,BF,ME1M,129A ,,S,D,BF,F , ,N,C,100,0,1,1,,,1856546,5868277
Hauraki District,25/226/5.894,2500,N, ,GOLDEN VALLEY ROAD,201418740,17/12/2014,Wed,,DA,4N1,131A 801 ,FV,S,W,DN,L , , ,C,100,0,0,1,,,1856794,5865208
Hauraki District,25/226/6.834,1560,N, ,GOLDEN VALLEY ROAD,201418880,24/12/2014,Wed,1825,BC,CN1C,129A ,,S,D,ON,F , ,N,C,100,0,0,1,,,1856594,5864461