TLANAME,CRASHROAD,CRASHDIST,CRASHDIRN,INTSN,SIDEROAD,CRASHID,CRASHDATE,CRASHDOW,CRASHTIME,MVMT,VEHICLES,CAUSES,OBJECTSSTRUCK,ROADCURVE,ROADWET,LIGHT,WTHRa,JUNCTYPE,TRAFCTRL,ROADMARK,SPDLIM,CRASHFATALCNT,CRASHSEVCNT,CRASHMINCNT,PERSAGE1,PERSAGE2,EASTING,NORTHING
Hauraki District,25/226/6.915,8000,S, ,WHIRITOA BEACH ROAD,201446643,22/10/2014,Wed,649,DA,VN1,668A ,,M,D,O ,F , , ,C,100,0,0,0,,,1856589,5864395
Hauraki District,25/226/7.394,1000,N, ,GOLDEN VALLEY ROAD,201430277,04/01/2014,Sat,1145,BF,CN1VC,131A 801 ,,S,W,O ,L , , ,C,100,0,0,0,,,1856600,5863948
Hauraki District,25/226/8.394,, ,I,GOLDEN VALLEY ROAD,201440140,21/06/2014,Sat,1028,GD,TS1C,132A 331A 929 ,,R,D,O ,F ,D,N,C,100,0,0,0,,,1856434,5863071
Hauraki District,25/226/11.949,3000,N, ,BARRY ROAD,201445691,02/05/2014,Fri,1737,BF,CN14,131A 205A ,,S,D,O ,F , , ,C,100,0,0,0,,,1854072,5860531
Hauraki District,25/226/12.121,500,S, ,WILLOWS ROAD,201410231,10/01/2014,Fri,1848,CB,CS1,129A 134A ,C,R,D,B ,F , ,N,C,100,0,0,1,,,1853992,5860379
Hauraki District,GILMOUR ST,, ,I,25/226/15.742,201451039,28/12/2014,Sun,1445,HA,CN1V,301A 335A ,,R,D,BF,F ,X,S,C,50,0,0,0,,,1851902,5857997
Hauraki District,25/226/15.742,, ,I,GILMOUR ST,201436435,07/05/2014,Wed,344,DA,CN2,111A 131A ,,R,D,DO,F ,X,S,C,50,0,0,0,,,1851902,5857997
Hauraki District,25/226/15.742,, ,I,GILMOUR ST,201432703,24/02/2014,Mon,1100,MB,TS1C,197A 372B 375B 817 ,,R,D,B ,F ,X,S,C,50,0,0,0,,,1851902,5857997
Hauraki District,25/226/15.742,, ,I,GILMOUR ST,201439617,27/06/2014,Fri,1400,MO,4W1C,371A ,,R,W,O ,H ,X,S,C,50,0,0,0,,,1851902,5857997
Hauraki District,25/226/15.742,, ,I,GILMOUR ST,201413424,21/06/2014,Sat,1137,HA,CN2C,113A 321A ,,R,D,B ,F ,X,S,C,50,0,0,2,,,1851902,5857997
Hauraki District,26/60/2.779,100,N, ,QUARRY ROAD,201450078,15/11/2014,Sat,1126,DA,TN1,131A 903 ,P,E,D,O ,FS, , ,C,100,0,0,0,,,1834279,5853921
Hauraki District,26/60/7.858,, ,I,PAPATUROA AVENUE,201433521,26/02/2014,Wed,1259,AB,CS1C,197A 331A ,,R,D,BF,F ,T,G,C,80,0,0,0,,,1836002,5858615
Hauraki District,26/60/8.859,, ,A,OHINEMURI RIV BR,201432499,03/02/2014,Mon,1515,CO,BS1,129A 130A 353A 818 ,B,R,D,BF,F , ,N,C,50,0,0,0,,,1836710,5859259
Hauraki District,26/70/0.086,, ,I,WILLOUGHBY ST,201415826,26/08/2014,Tue,1555,HA,CN2C,302A ,FK,R,D,B ,F ,X,G,C,50,0,0,1,,,1836677,5859493
Hauraki District,26/70/0.5,, ,I,BENNETT ST,201437477,16/05/2014,Fri,2252,DA,CN2,103A 131A 402A ,F,M,D,DO,F ,T,G,C,50,0,0,0,,,1836946,5859807
Hauraki District,26/70/4.397,, ,I,KOMATA REEFS ROAD,201412423,22/04/2014,Tue,1045,MB,CS1C,104A 330B 375B 400B ,,R,D,B ,F ,T,S,L,100,0,1,3,,,1837222,5863488
Hauraki District,27/0/0.237,50,S, ,NORTH ROAD,201450425,21/09/2014,Sun,1505,CB,CN1,129A 410A ,F,R,W,BF,F , ,N,L,100,0,0,0,,,1810324,5869966
Hauraki District,27/0/0.5,500,S, ,SH 2,201437978,04/04/2014,Fri,1330,CB,CS1,112A 361A 817 ,,R,D,B ,F , ,N,N,100,0,0,0,,,1810437,5869728
Hauraki District,27/0/0.65,650,S, ,CROSS ROAD,201440537,28/01/2014,Tue,829,GE,VS1T,160A 333A 929 ,,R,D,B ,F ,D, ,C,100,0,0,0,,,1810500,5869592
Hauraki District,27/0/2.625,120,N, ,SOUTH ROAD,201412015,26/03/2014,Wed,1926,CB,CN1,110A 116A 817 ,FV,R,D,TF,F , ,N,N,80,0,0,1,,,1811320,5867832
Hauraki District,27/0/4.406,1000,E, ,MAHUTA ROAD SOUTH,201417608,03/10/2014,Fri,1206,MA,4N1C,330B 373B ,,R,W,O ,L , ,N,C,100,0,0,1,,,1812833,5867040
Hauraki District,27/0/6.324,500,N, ,TOREHAPE ROAD EAST,201415004,25/07/2014,Fri,359,DB,VS1,131A 350A ,EFT,E,D,DN,F , , ,C,100,0,0,1,,,1813328,5865243
Hauraki District,27/0/9.234,1330,N, ,KAIHERE ROAD,201438480,08/04/2014,Tue,1830,DA,4N1,111A 131A 191A 800 ,C,M,W,DN,F , , ,C,100,0,0,0,,,1814048,5862666
Hauraki District,27/0/9.544,1020,N, ,KAIHERE ROAD,201445663,19/09/2014,Fri,2020,BF,CN1C,111A 131A ,,S,W,DN,F , , ,C,100,0,0,0,,,1814127,5862489
Hauraki District,27/0/10.364,200,N, ,KAIHERE ROAD,201445664,16/09/2014,Tue,1130,AD,CS1,111A 131A 800 ,FV,E,W,O ,F , , ,C,100,0,0,0,,,1814150,5861789
Hauraki District,27/0/10.564,, ,I,KAIHERE ROAD,201415010,30/04/2014,Wed,1215,DA,CN1,104A 131A 501A ,GPT,E,D,B ,F ,T,S,C,100,0,1,0,,,1814077,5861609
Hauraki District,27/0/11.419,200,S, ,OHINEWAI ROAD,201447467,07/11/2014,Fri,620,DB,CS1,110A 138A 817 840 ,,M,D,DN,F , ,N,N,50,0,0,0,,,1814366,5860825
Hauraki District,27/0/12.831,400,N, ,MANGAWHARA ROAD,201448149,28/10/2014,Tue,1841,DA,TN1,111A 131A ,FP,M,W,TN,L , , ,L,100,0,0,0,,,1815500,5860094
Hauraki District,27/0/13.462,400,S, ,MANGAWHERO ROAD,201441589,20/01/2014,Mon,1238,DA,CN1,110A 131A 692A ,,S,W,B ,F , ,N,C,100,0,0,0,,,1815854,5859584
Hauraki District,27/0/13.631,400,S, ,MANGAWHARA ROAD,201412114,19/04/2014,Sat,1230,DA,CN1,131A 407A 901 ,V,M,W,O ,H , , ,L,100,0,0,1,,,1815931,5859434
Hauraki District,27/0/13.996,50,W, ,TOP ROAD,201438474,14/06/2014,Sat,1015,DA,TN1,129A 134A ,,E,D,B ,F , , ,L,100,0,0,0,,,1816231,5859230
Hauraki District,27/0/14.026,20,N, ,TOP ROAD,201415015,03/08/2014,Sun,1520,BF,CN1C,111A 131A 801 ,,M,W,O ,L , , ,L,100,0,0,1,,,1816258,5859218
Hauraki District,27/0/14.346,300,E, ,TOP ROAD,201412026,25/03/2014,Tue,1523,BF,CE1C,129A 134A 402A ,EP,E,D,B ,F , ,N,C,100,0,0,2,,,1816551,5859291
Hauraki District,27/16/2.342,1090,S, ,TRAMLINE ROAD,201418867,05/02/2014,Wed,155,CC,TN1,129A 358A ,,R,W,DN,L , ,N,C,100,0,0,1,,,1819197,5857066
Hauraki District,27/16/3.552,2300,S, ,TRAMLINE ROAD,201438479,08/04/2014,Tue,442,EC,TS1T,904 912 ,WW,R,D,DN,M , , ,C,100,0,0,0,,,1819715,5855976
Horowhenua District,ASHLEA ROAD,80,E, ,SH 56,201413437,25/06/2014,Wed,855,CB,CE1,133A ,CZ,R,D,O ,F , , ,C,100,0,0,1,,,1807968,5517914
Horowhenua District,BARTHOLOMEW ROAD,, ,I,MARTIN HARVEY ST,201435811,05/04/2014,Sat,808,BB,CN1C,124A 363A 902 ,,E,D,BF,F ,T,N,C,50,0,0,0,,,1794545,5500478
Horowhenua District,BARTHOLOMEW ROAD,, ,I,QUEEN ST EAST,201439995,01/07/2014,Tue,847,FD,CE1CC,181A ,IQ,E,W,OF,H ,R,G,R,50,0,0,0,,,1794348,5500144
Horowhenua District,BATH ST,, ,I,CAMBRIDGE ST,201412890,27/04/2014,Sun,1948,KA,CN1C,302B 375B 402B 801 ,,S,W,DO,L ,R,G,R,50,0,0,1,,,1793326,5500457
Horowhenua District,BATH ST,, ,I,PARKER AVENUE,201416070,05/10/2014,Sun,1650,HA,VW1C,301B 321B 375B ,,R,D,O ,F ,X,S,R,50,0,1,1,,,1793829,5500168
Horowhenua District,BATH ST,20,E, ,SH 1N,201435848,09/04/2014,Wed,950,AA,CE1C,352A 372A ,,R,D,OF,F ,X,T,R,50,0,0,0,,,1793271,5500503
Horowhenua District,BATH ST,, ,I,WINCHESTER ST,201432544,17/02/2014,Mon,1745,HA,CE2C,301B 375B ,,R,D,B ,F ,X,S,R,50,0,0,0,,,1793639,5500281
Horowhenua District,BEECHWOOD AVENUE,20,W, ,RIMU ST,201442145,11/07/2014,Fri,2230,MO,CW1C,512B 514B ,,E,D,DO,F , , ,N,50,0,0,0,,,1794928,5500820
Horowhenua District,BLACKWOOD DRIVE,80,W, ,MANGAHAO ROAD,201414662,16/07/2014,Wed,924,BB,MN1C,123A ,,M,D,O ,F , , ,C,50,0,1,0,,,1807148,5505796
Horowhenua District,BRISTOL ST,, ,I,DEVON ST,201416875,07/11/2014,Fri,1724,HA,VS1C,302B 375B ,,R,D,B ,F ,X,G,C,50,0,0,2,,,1793505,5501079
Horowhenua District,BRISTOL ST,, ,I,ESSEX ST,201438684,24/06/2014,Tue,1253,HA,4N1C,302B ,,R,D,O ,F ,X,G,C,50,0,0,0,,,1793566,5501182
Horowhenua District,BRISTOL ST,, ,I,STANLEY ST,201433456,20/03/2014,Thu,2100,HA,CS2C,302A 335A 375A ,,R,D,DO,F ,X,G,C,50,0,0,0,,,1793380,5500872
Horowhenua District,BRUCE ROAD,60,S, ,BOULTON ROAD,201415417,31/08/2014,Sun,1010,CA,CS1,112A 130A 402A ,F,R,D,B ,F , , ,N,80,0,2,2,,,1791014,5498836
Horowhenua District,BULLER ROAD,, ,I,BRUCE ROAD,201447615,05/11/2014,Wed,725,JA,CE1C,302B 410B ,,R,D,BN,F ,T,G,C,100,0,0,0,,,1790180,5497818
Horowhenua District,BULLER ROAD,150,E, ,TARAHUNGA ROAD,201437563,29/05/2014,Thu,629,EC,VW14,912,W,R,W,DN,F , , ,N,80,0,0,0,,,1789791,5498010
Horowhenua District,CAMBRIDGE ST,50,N, ,BATH ST,201434031,17/04/2014,Thu,530,MC,CN1T,330B 372B ,,R,W,DO,L , ,N,C,50,0,0,0,,,1793386,5500492
Horowhenua District,CAMBRIDGE ST,, ,I,BATH ST,201443265,28/08/2014,Thu,850,HA,CN1C,302A 382A ,,M,D,B ,F ,R,G,N,50,0,0,0,,,1793326,5500457
Horowhenua District,CAMBRIDGE ST,, ,I,BATH ST,201416368,25/09/2014,Thu,845,HA,CW2S,302A 375A ,,M,D,O ,F ,R,G,C,50,0,0,1,,62,1793342,5500458
Horowhenua District,CAMBRIDGE ST,, ,I,LIVERPOOL ST,201438679,04/06/2014,Wed,650,JA,SS1C,302B ,,E,D,DO,F ,T,G,C,50,0,0,0,,,1792859,5499871
Horowhenua District,CAMBRIDGE ST,20,N, ,TYNE ST,201449275,07/12/2014,Sun,1424,GA,CS1V,181A 387A 929 ,,R,W,O ,L ,D,N,C,50,0,0,0,,,1794006,5501196
Horowhenua District,CAMBRIDGE ST SOUTH,, ,I,LIVERPOOL ST,201434416,01/04/2014,Tue,1010,KB,4N1C,302B 375B ,,M,D,B ,F ,T,G,R,50,0,0,0,,,1792859,5499871
Horowhenua District,CARGILL ST,20,W, ,SOLWAY ST,201432249,23/02/2014,Sun,1655,GA,CE1C,112A 333A 929 ,,R,D,O ,F ,D, ,N,50,0,0,0,,,1794060,5499042
Horowhenua District,CD FARM ROAD,600,S, ,HOKIO BEACH ROAD,201434479,08/03/2014,Sat,650,CC,CS1,130A 358A 402A ,T,R,D,O ,F , , ,N,100,0,0,0,,,1790726,5499828
Horowhenua District,DEVON ST,, ,I,BRISTOL ST,201412658,19/04/2014,Sat,1744,HA,CW1C,302A ,,R,D,BF,F ,X,G,C,50,0,0,1,,,1793505,5501079
Horowhenua District,EAST ROAD,20,W, ,HENNESEY ROAD,201416577,28/09/2014,Sun,16,DB,CW1,103A 131A ,F,M,W,DN,L , ,N,C,100,0,0,1,,,1805571,5508280
Horowhenua District,FOXTON BEACH ROAD,90,W, ,LADYS MILE,201450146,13/11/2014,Thu,1710,FA,CW1V,181A 197A 357A 159B 191B 357B ,,R,D,B ,F , , ,C,80,0,0,0,,,1792681,5518092
Horowhenua District,FOXTON SHANNON ROAD,320,N, ,CARTER ROAD,201415862,30/07/2014,Wed,1750,DA,CS1,111A 123A 131A ,FP,M,D,DN,F , , ,C,100,0,0,1,,,1803010,5513538
Horowhenua District,FOXTON SHANNON ROAD,700,W, ,POPLAR NORTH ROAD,201411196,28/03/2014,Fri,815,DB,VE1,101A 129A 134A 407A ,F,M,D,B ,F , , ,C,100,0,0,1,,,1800882,5514851
Horowhenua District,FUTTER ST,5,S, ,AVENUE ROAD,201416346,06/09/2014,Sat,2019,CB,MN1,103A 112A 517A ,,R,D,DO,F ,T,N,N,50,0,1,0,,,1794329,5517157
Horowhenua District,GLADSTONE ROAD,200,S, ,TARARUA ROAD,201416606,11/10/2014,Sat,1630,DA,CN1,104A 111A 131A 801 ,,S,W,O ,L , , ,C,100,0,0,2,,,1796324,5496635
Horowhenua District,HAMARIA ROAD,, ,I,HOKIO BEACH ROAD,201411587,15/03/2014,Sat,1945,DA,CW2,111A 131A ,T,S,W,DO,L ,T,S,C,50,0,0,1,,,1790781,5500485
Horowhenua District,HEATHERLEA EAST ROAD,500,E, ,SH 1N,201442326,11/07/2014,Fri,1950,DA,CE1,103A 110A ,F,E,D,DN,F , ,N,C,100,0,0,0,,,1795019,5504008
Horowhenua District,HICKFORD ROAD,3590,N, ,FOXTON SHANNON ROAD,201445827,13/10/2014,Mon,2109,EC,VN1,912,W,R,D,DN,F , , ,C,100,0,0,0,,,1796661,5519468
Horowhenua District,HICKFORD ROAD,, ,I,RIDGE ROAD,201449239,17/12/2014,Wed,1010,HA,ME2M,301A 370A ,,R,D,B ,F ,X,S,C,100,0,0,0,,,1796127,5515119
Horowhenua District,HIMATANGI BLOCK ROAD,50,N, ,PARANUI ROAD,201415865,29/09/2014,Mon,2010,EC,4S1,912,W,R,D,DN,F , , ,C,100,0,0,1,,,1802029,5521404
Horowhenua District,HOKIO BEACH ROAD,180,E, ,MOUTERE ROAD,201435828,16/03/2014,Sun,1419,DB,CW1,129A 134A 801 ,EF,E,W,ON,L , ,N,C,100,0,0,0,,,1788640,5502306
Horowhenua District,HOKIO BEACH ROAD,1000,W, ,MOUTERE ROAD,201434478,28/03/2014,Fri,2130,CB,CW1,101A 112A 130A ,FZ,R,D,DN,F , , ,C,100,0,0,0,,,1787604,5502871
Horowhenua District,HUNTLY ST,, ,I,FIELD ST,201438358,08/06/2014,Sun,1215,MO,CS1C,357A 371A 929 ,M,R,D,O ,F ,D,N,N,50,0,0,0,,,1794222,5517357
Horowhenua District,KAWIU ROAD,680,W, ,TIRO TIRO ROAD,201441277,18/03/2014,Tue,1457,DB,CS1,111A 131A 800 ,F,M,W,O ,F , , ,C,70,0,0,0,,,1792432,5502508
Horowhenua District,KAWIU ROAD,, ,I,TIRO TIRO ROAD,201432967,07/03/2014,Fri,310,DB,CE1,102A 111A 131A 195A ,I,S,D,DN,F ,X,S,R,50,0,0,0,,,1792982,5502125
Horowhenua District,KAWIU ROAD,150,W, ,WERAROA ROAD,201441832,16/08/2014,Sat,815,CC,CW1,103A 130A ,F,R,W,O ,F , , ,N,50,0,0,0,,,1793388,5501883
Horowhenua District,LIVERPOOL ST,5,E, ,MERSEY ST,201415956,26/08/2014,Tue,750,CB,CW1,501A ,P,R,D,B ,F ,T,N,C,50,0,0,1,,,1793756,5499336
Horowhenua District,LIVERPOOL ST,40,W, ,PERTH ST,201444239,30/08/2014,Sat,50,BA,CE1X,357A 512A ,,R,D,DO,F , , ,N,50,0,0,0,,,1794161,5499088
Horowhenua District,MACARTHUR ST,100,W, ,BARTHOLOMEW ROAD,201438774,13/04/2014,Sun,20,CB,VE1C,130A ,KM,R,D,DO,F , ,N,C,50,0,0,0,,,1794776,5501056
Horowhenua District,MAIN ST,50,S, ,CLYDE ST,201438196,07/05/2014,Wed,2250,MO,CN1C,371A ,M,R,W,DO,F , ,N,C,50,0,0,0,,,1793405,5517331
Horowhenua District,MAKO MAKO ROAD,450,E, ,HAMARIA ROAD,201439355,26/05/2014,Mon,1240,GA,CE14,181A 331A 929 ,,R,D,OF,F ,D,N,C,70,0,0,0,,,1791442,5500717
Horowhenua District,MAKO MAKO ROAD,, ,I,SEDDON ST,201445834,12/10/2014,Sun,300,CC,CS1,101A 130A ,P,R,D,DO,F ,T,G,C,50,0,0,0,,,1792691,5499974
Horowhenua District,MEADOWVALE DRIVE,, ,I,FEATHERSTON ST,201438516,13/06/2014,Fri,2313,DC,CS2,101A 112A 335A ,C,R,D,DO,F ,T,S,C,50,0,0,0,,,1794489,5499437
Horowhenua District,MOTUITI ROAD,540,E, ,HICKFORD ROAD,201448025,22/10/2014,Wed,1745,CC,4W1,130A 363A 902 ,FT,R,D,B ,F , , ,C,100,0,0,0,,,1797171,5519292
Horowhenua District,MOTUITI ROAD,, ,I,HIMATANGI BLOCK ROAD,201412834,01/05/2014,Thu,809,DC,CE1,130A 196A 830 904 ,C,R,W,O ,M ,T,G,C,100,0,0,1,,,1801070,5517734
Horowhenua District,MOTUITI ROAD,730,W, ,SH 1N,201410797,04/04/2014,Fri,1849,CB,CE1,103A 129A 358A ,FP,R,D,TN,F , ,N,C,100,0,0,1,,,1795427,5519949
Horowhenua District,NORTH MANAKAU ROAD,820,E, ,SH 1N,201413077,16/05/2014,Fri,2057,DC,CE1,410A 412A ,SX,M,D,DN,F , ,N,C,100,0,0,1,,,1788357,5491311
Horowhenua District,PLIMMER TERRACE,5,S, ,SH 57,201415287,02/03/2014,Sun,43,EA,CS1C4,103A 112A 129A ,MM,R,D,DO,F ,T,G,R,50,0,0,2,,,1804133,5508707
Horowhenua District,POTTS ROAD,2600,E, ,SH 57,201449981,26/12/2014,Fri,27,DB,CE1,102A 131A ,F,S,D,DN,F , , ,N,100,0,0,0,,,1800789,5503722
Horowhenua District,QUEEN ST EAST,, ,I,BARTHOLOMEW ROAD,201440717,06/07/2014,Sun,327,DA,CE1,103A 111A 427A ,CK,E,D,DO,F ,R,G,R,50,0,0,0,,,1794348,5500144
Horowhenua District,QUEEN ST EAST,30,N, ,CAMBRIDGE ST,201443601,23/08/2014,Sat,1440,AA,CW1C,372A ,,R,D,B ,F , , ,P,50,0,0,0,,,1793504,5500651
Horowhenua District,QUEEN ST EAST,, ,I,CAMBRIDGE ST,201433726,24/01/2014,Fri,1406,GE,TE1V,171B ,,R,D,B ,F ,R,G,R,50,0,0,0,,,1793530,5500636
Horowhenua District,QUEEN ST EAST,, ,I,KARAKA CRESCENT W,201438164,06/03/2014,Thu,2145,CC,CW1,101A 517A ,F,R,D,DO,F ,X,G,C,50,0,0,0,,,1794042,5500328
Horowhenua District,QUEEN ST EAST,, ,I,QUEENWOOD ROAD,201436484,03/05/2014,Sat,1245,HA,CE2T,301B 350B ,,R,W,BF,F ,X,S,C,50,0,0,0,,,1793955,5500380
Horowhenua District,QUEEN ST EAST,, ,I,REDWOOD GROVE,201446289,25/10/2014,Sat,30,GE,CE1C,112A 181A 103B ,,R,D,DO,F ,T,G,C,80,0,0,0,,,1795549,5499431
Horowhenua District,QUEEN ST EAST,100,W, ,SH 57,201437609,29/05/2014,Thu,1745,EA,CS1C,130A 358A 862 ,M,R,W,DO,F , , ,C,50,0,0,0,,,1794979,5499767
Horowhenua District,QUEEN ST EAST,200,W, ,WAKEFIELD ROAD,201450149,28/11/2014,Fri,1434,CB,CS1,112A 130A 402A 801 ,FP,R,W,O ,L , , ,C,80,0,0,0,,,1795669,5499359
Horowhenua District,QUEEN ST WEST,20,E, ,BRISTOL ST,201432964,08/02/2014,Sat,1000,MB,CE1C,370B ,,R,D,B ,F , , ,C,50,0,0,0,,,1793332,5500754
Horowhenua District,QUEEN ST WEST,20,E, ,SALISBURY ST,201412261,18/05/2014,Sun,1700,AO,VW1S,150A 386A ,,R,D,B ,F ,R,G,C,50,0,0,1,,51,1793222,5500821
Horowhenua District,QUEEN ST WEST,15,W, ,SALISBURY ST,201448024,09/10/2014,Thu,1900,MC,VN1C,330B 372B 402B ,,R,D,B ,F , , ,R,50,0,0,0,,,1793176,5500848
Horowhenua District,QUEEN ST WEST,, ,I,TIRO TIRO ROAD,201443171,31/08/2014,Sun,1919,HA,CN1C,301B ,,R,D,DO,F ,X,S,C,50,0,0,0,,,1792471,5501269
Horowhenua District,REGENT LANE,, ,I,BATH ST,201400131,09/06/2014,Mon,1240,PO,TN1E,371A 671A 730B ,,R,W,OF,L ,T,N,N,50,1,0,0,74,,1793201,5500545
Horowhenua District,ROSLYN ROAD,400,N, ,NEWPORT ST,201438517,25/06/2014,Wed,2228,DA,CN1,131A 332A 901 ,EF,S,W,DN,H , , ,C,50,0,0,0,,,1794766,5502216
Horowhenua District,ROSLYN ROAD,410,N, ,NEWPORT ST,201434516,16/03/2014,Sun,101,DA,CN1,103A 131A ,F,S,D,DN,F , ,N,C,70,0,0,0,,,1794773,5502224
Horowhenua District,RUA AVENUE,100,N, ,WINDSOR ST,201413972,06/06/2014,Fri,1510,BA,CS1C,125A 387A 387B 818 ,,R,D,B ,F , ,N,N,50,0,0,2,,,1785947,5508551
Horowhenua District,SALISBURY ST,, ,I,STANLEY ST,201439396,01/07/2014,Tue,1637,JA,CN1C,302B 375B 839 ,,R,D,B ,F ,X,G,N,50,0,0,0,,,1793261,5500943
Horowhenua District,SALISBURY ST,, ,I,STANLEY ST,201415406,24/08/2014,Sun,1720,HA,CW2C,302A ,,R,D,TF,F ,X,G,C,50,0,1,1,,,1793261,5500943
Horowhenua District,SHEEHAN ST,600,N, ,SH 57,201439119,13/06/2014,Fri,1535,QG,4S14,665A 666A ,,R,D,B ,F , ,N,C,100,0,0,0,,,1804004,5509414
Horowhenua District,STANLEY ST,100,E, ,BRISTOL ST,201418410,22/12/2014,Mon,1620,DA,CN1,131A 427A 504A 924 ,FS,R,D,B ,F ,D, ,C,50,0,0,1,,,1793466,5500820
Horowhenua District,STANLEY ST,30,W, ,SH 1N,201433723,25/03/2014,Tue,1100,MO,4W1C4,423A ,MM,R,D,O ,F , , ,C,50,0,0,0,,,1793467,5500820
Horowhenua District,STRATHMORE AVENUE,, ,I,SOLWAY ST,201413547,08/07/2014,Tue,1336,LB,CE1C,303B ,,R,D,B ,F ,T,N,N,50,0,0,1,,,1793880,5498698
Horowhenua District,TANE ROAD,, ,I,HUMES ROAD,201438664,19/06/2014,Thu,2000,DB,CW1,111A 131A ,,M,D,DN,F ,T,N,N,100,0,0,0,,,1811526,5519913
Horowhenua District,TANE ROAD,2600,E, ,SH 56,201448663,27/11/2014,Thu,1924,DA,4S1,103A 111A 131A ,P,M,D,O ,F , , ,C,100,0,0,0,,,1811028,5519382
Horowhenua District,TARARUA ROAD,250,N, ,ROE ST,201418160,17/12/2014,Wed,824,JA,SS1C,308B 378B 927 ,,R,D,O ,F ,D, ,C,70,0,0,1,,33,1792444,5498794
Horowhenua District,TAVISTOCK ROAD,800,S, ,KOPUTAROA ROAD,201417480,18/10/2014,Sat,1350,CB,CS1,129A ,T,R,W,BN,L , ,N,N,80,0,0,1,,,1797771,5504386
Horowhenua District,TIRO TIRO ROAD,50,N, ,MAKO MAKO ROAD,201440541,18/07/2014,Fri,825,EA,4S1V,129A 645A 802 ,M,R,D,B ,FF, , ,C,50,0,0,0,,,1791983,5500453
Horowhenua District,VANCE ST,, ,I,PLIMMER TERRACE,201411575,05/03/2014,Wed,1817,HA,4N1C,302B ,,R,D,BF,F ,X,G,C,50,0,0,1,,,1804038,5508624
Horowhenua District,VENN ST,20,E, ,VANCE ST,201445724,07/10/2014,Tue,920,CC,CE1,112A 125A ,H,R,D,B ,F , ,N,N,50,0,0,0,,,1804195,5508472
Horowhenua District,WAIKAWA BEACH ROAD,120,W, ,SH 1N,201416550,07/09/2014,Sun,1105,MO,CW1,133A 423A 929 ,C,R,D,BN,F ,D,N,N,100,0,0,2,,,1787251,5491061
Horowhenua District,WAITARERE BEACH ROAD,650,N, ,WAITARERE HOKIO ROAD,201413823,21/05/2014,Wed,740,DB,CW1,130A 191A 410A 801 ,T,M,W,O ,L , , ,C,100,0,0,1,,,1790003,5507870
Horowhenua District,WAITARERE BEACH ROAD,760,E, ,WAITARERE RISE AVENUE,201440756,15/07/2014,Tue,2241,EC,CW1,915,W,R,D,DN,F , , ,C,80,0,0,0,,,1787649,5508201
Horowhenua District,WERAROA ROAD,50,S, ,QUEEN ST WEST,201432966,28/02/2014,Fri,1402,FA,CS1C,191A 357A 181B 357B ,,R,D,B ,F , , ,R,50,0,0,0,,,1792981,5500906
Horowhenua District,WHIROKINO ROAD,, ,I,KERE KERE ROAD,201415695,12/09/2014,Fri,2054,DC,CE1,101A 112A 351A ,,R,D,DN,F ,T,G,C,100,0,3,0,,,1798960,5511083
Horowhenua District,WHIROKINO ROAD,1740,E, ,SH 1N,201411576,25/02/2014,Tue,1053,DA,CW1,129A 131A ,F,M,D,BF,F , ,N,C,100,0,0,1,,,1794101,5511481
Horowhenua District,WILTON ST,100,E, ,CAMBRIDGE ST,201434943,27/03/2014,Thu,1515,MO,CW1V,103A 371A 929 ,M,R,D,BF,F ,D,N,N,50,0,0,0,,,1793149,5500089
Horowhenua District,WILTON ST,200,E, ,CAMBRIDGE ST,201436157,08/05/2014,Thu,850,GD,4E1C,331A 929 ,,R,W,O ,F ,D,N,N,50,0,0,0,,,1793234,5500037
Horowhenua District,WINCHESTER ST,, ,I,LIVERPOOL ST,201447592,20/11/2014,Thu,1957,GE,VW1C,101A 110A 160A ,,R,D,O ,F ,T,N,C,50,0,0,0,,,1793255,5499636
Horowhenua District,WINCHESTER ST,, ,I,LIVERPOOL ST,201416963,05/09/2014,Fri,1000,DA,CW2,504A ,P,R,D,OF,F ,T,N,C,50,0,0,1,,,1793255,5499636
Horowhenua District,WINCHESTER ST,20,S, ,QUEEN ST EAST,201434767,29/04/2014,Tue,1318,MO,CS1C,371A 927 ,M,R,W,OF,L ,D,N,C,50,0,0,0,,,1793755,5500477
Horowhenua District,WINCHESTER ST,50,S, ,WILTON ST,201414172,19/07/2014,Sat,205,EA,CS1C,103A 129A ,MPT,R,D,DO,FF, ,N,C,50,0,1,0,,,1793399,5499878
Horowhenua District,Z CPK FOXTON BEACH,90,W, ,MARINE PARADE NORTH,201417808,31/10/2014,Fri,1415,MO,CW1,423A 504A ,EX,R,D,B ,F , , ,N,30,0,0,1,,,1787926,5519045
Horowhenua District,1N/954/2.458,, ,I,TOTARA PARK ROAD,201440720,27/07/2014,Sun,2005,EC,VS1,912,W,R,D,DN,F ,T,S,C,100,0,0,0,,,1795452,5522633