TLANAME,CRASHROAD,CRASHDIST,CRASHDIRN,INTSN,SIDEROAD,CRASHID,CRASHDATE,CRASHDOW,CRASHTIME,MVMT,VEHICLES,CAUSES,OBJECTSSTRUCK,ROADCURVE,ROADWET,LIGHT,WTHRa,JUNCTYPE,TRAFCTRL,ROADMARK,SPDLIM,CRASHFATALCNT,CRASHSEVCNT,CRASHMINCNT,PERSAGE1,PERSAGE2,EASTING,NORTHING
Horowhenua District,1N/954/4.719,250,N, ,MOTUITI ROAD,201416477,08/10/2014,Wed,1810,CB,CS1,130A 358A 402A 407A 903 ,FJ,R,D,O ,FS, , ,C,100,0,1,0,,,1794823,5520461
Horowhenua District,1N/954/6.369,1400,S, ,MOTUITI ROAD,201433982,07/04/2014,Mon,1130,MC,CN1C,372B ,,R,D,B ,F , ,N,C,100,0,0,0,,,1794363,5518876
Horowhenua District,1N/954/7.084,70,N, ,VICTORIA ST,201450812,29/12/2014,Mon,1600,DA,CN1,504A ,F,E,D,BF,F , ,N,P,70,0,0,0,,,1794124,5518207
Horowhenua District,1N/954/7.96,, ,I,AVENUE ROAD,201415857,20/09/2014,Sat,1100,CA,CE24,501A ,KS,R,W,O ,HS,X,S,C,50,0,1,1,,,1793781,5517406
Horowhenua District,1N/954/8.01,50,S, ,AVENUE ROAD,201448656,29/11/2014,Sat,1549,CB,CS1V,358A 903 ,MF,R,D,O ,FS, , ,C,50,0,0,0,,,1793776,5517357
Horowhenua District,1N/954/8.06,100,S, ,AVENUE ROAD,201448423,13/10/2014,Mon,1115,EO,TN1,686A ,X,E,D,BF,F , ,N,C,50,0,0,0,,,1793771,5517307
Horowhenua District,1N/954/8.659,20,N, ,UNION ST,201450145,22/12/2014,Mon,1000,MA,CN1C,351B 373B ,,R,D,B ,F , , ,P,50,0,0,0,,,1793574,5516745
Horowhenua District,1N/954/8.679,, ,I,UNION ST,201414209,30/05/2014,Fri,1435,KA,CS1C,301B 375B ,,R,D,B ,F ,X,S,C,50,0,1,0,,,1793566,5516726
Horowhenua District,1N/954/8.679,, ,I,UNION ST,201439575,05/07/2014,Sat,1530,NB,CS1E,711B ,,R,D,O ,F ,X,S,P,50,0,0,0,,,1793566,5516726
Horowhenua District,1N/954/9.943,1100,N, ,NORTH WHIROKINO BR,201445902,28/09/2014,Sun,1930,DB,VS1,131A 801 ,G,E,W,DN,L , , ,C,100,0,0,0,,,1793378,5515518
Horowhenua District,1N/954/11.157,1000,S, ,NEWTH ROAD,201442085,24/07/2014,Thu,1835,CB,4S1,101A 129A ,G,R,D,TN,F , ,N,C,100,0,0,0,,,1793408,5514399
Horowhenua District,1N/954/12.157,2000,S, ,NEWTH ROAD,201443575,16/07/2014,Wed,447,BA,TS1C,129A ,,R,D,DN,M , ,N,C,100,0,0,0,,,1793299,5513464
Horowhenua District,1N/954/12.338,510,N, ,MATAKARAPA ROAD,201418091,03/12/2014,Wed,1705,AO,4N1C,386A ,B,R,D,OF,F , ,N,C,100,0,0,1,,,1793234,5513295
Horowhenua District,1N/954/12.828,20,N, ,WHIROKINO ROAD,201436116,30/04/2014,Wed,1345,CC,CS1,501A ,G,R,D,B ,F , , ,C,100,0,0,0,,,1793056,5512838
Horowhenua District,1N/954/12.891,, ,A,WHIROKINO STH ABT,201418090,01/12/2014,Mon,1609,FD,MN1C,181A 817 ,,M,W,OF,M , ,S,C,100,0,1,0,,,1793033,5512780
Horowhenua District,1N/967/4.04,2500,S, ,OTUROA ROAD,201417335,31/01/2014,Fri,1734,DB,CS1,130A 412A ,E,E,D,B ,F , , ,L,100,0,0,1,,,1792311,5508655
Horowhenua District,1N/967/4.059,750,S, ,KOPUTAROA ROAD N,201444675,12/09/2014,Fri,47,EC,4N1,912,W,R,D,DN,F , ,N,C,100,0,0,0,,,1792304,5508639
Horowhenua District,1N/967/5.795,100,N, ,WAITARERE BEACH ROAD,201431049,27/02/2014,Thu,215,BC,CS1C,101A 108A 121A ,,E,D,DO,F , ,N,C,100,0,0,0,,,1791762,5506993
Horowhenua District,1N/967/5.795,100,N, ,WAITARERE BEACH ROAD,201444674,01/10/2014,Wed,1822,QG,VS1,133A 406A ,,E,D,B ,F , ,N,L,100,0,0,0,,,1791762,5506993
Horowhenua District,1N/967/5.895,, ,I,WAITARERE BEACH ROAD,201434202,17/03/2014,Mon,1500,JA,TN1C,302B ,,M,D,O ,F ,T,G,R,100,0,0,0,,,1791776,5506895
Horowhenua District,1N/967/6.989,500,N, ,CLAY ROAD,201449980,28/12/2014,Sun,1005,DA,BN1,131A 332A ,C,M,D,B ,F , , ,C,100,0,0,0,,,1792160,5505904
Horowhenua District,1N/967/8.802,700,S, ,TE WHANGA ROAD,201413241,02/03/2014,Sun,1514,CC,CS1,129A 632A ,FT,R,D,B ,F , ,N,L,100,0,1,0,,,1793572,5504773
Horowhenua District,1N/967/9.628,320,N, ,KOPUTAROA ROAD S,201442951,27/08/2014,Wed,2030,AO,CN1C,155A 156A 197B 830 ,FP,R,D,DN,F , , ,L,100,0,0,0,,,1794202,5504238
Horowhenua District,1N/967/10.183,90,S, ,HEATHERLEA EAST ROAD,201435810,17/04/2014,Thu,1820,EC,CS1,821,X,E,W,DN,LS, ,N,C,100,0,0,0,,,1794583,5503842
Horowhenua District,1N/967/12.368,140,S, ,GORDON PLACE,201413745,13/06/2014,Fri,1618,NA,CN1E,105B 713B ,,R,D,BF,F , ,N,C,70,0,0,1,17,,1794333,5501732
Horowhenua District,1N/967/12.368,140,S, ,GORDON PLACE,201438193,30/04/2014,Wed,1215,EA,TS14,129A ,Q,R,D,BF,F , ,N,C,70,0,0,0,,,1794333,5501732
Horowhenua District,1N/967/12.746,, ,I,KAWIU ROAD S,201413557,01/08/2014,Fri,1210,GD,CS1CC,331A 181B ,,E,D,B ,F ,X,S,C,50,0,0,1,,,1794064,5501479
Horowhenua District,1N/967/12.746,, ,I,KAWIU ROAD S,201442289,27/08/2014,Wed,2100,HA,CE2T,321A ,,R,D,DO,F ,X,S,C,50,0,0,0,,,1794064,5501479
Horowhenua District,1N/967/13.093,50,N, ,YORK ST,201413996,28/06/2014,Sat,1000,JA,CS1C,308B 363B 902 922 ,,R,D,B ,F ,D,N,P,70,0,0,1,,,1793838,5501216
Horowhenua District,1N/967/13.645,15,S, ,STANLEY ST,201446194,17/10/2014,Fri,1308,MO,CS1C,353A 386A ,M,R,D,B ,F , , ,C,50,0,0,0,,,1793483,5500793
Horowhenua District,1N/967/13.737,20,N, ,QUEEN ST EAST,201432250,21/02/2014,Fri,1030,AA,4S1C,372A 402A ,,R,D,B ,F , , ,R,50,0,0,0,,,1793424,5500723
Horowhenua District,QUEEN ST WEST,, ,I,1N/967/13.757,201433183,02/04/2014,Wed,1155,HA,CW1S,204B 322B ,,R,D,B ,F ,X,T,R,50,0,0,0,,,1793411,5500708
Horowhenua District,QUEEN ST WEST,, ,I,1N/967/13.757,201436158,06/05/2014,Tue,1357,FB,CE1C,331A ,,R,D,B ,F ,X,T,C,50,0,0,0,,,1793411,5500708
Horowhenua District,1N/967/13.757,, ,I,QUEEN ST EAST,201435844,01/04/2014,Tue,915,AA,CN1T,372A ,,R,D,BF,F ,X,T,R,50,0,0,0,,,1793411,5500708
Horowhenua District,1N/967/13.787,30,S, ,QUEEN ST EAST,201411198,10/04/2014,Thu,1052,PO,CS1E,420A ,K,R,D,B ,F , , ,P,50,0,0,1,41,,1793392,5500684
Horowhenua District,BATH ST,, ,I,OXFORD ST,201436721,23/05/2014,Fri,1601,LB,CE1C,303B 375B ,,R,D,O ,F ,X,T,C,50,0,0,0,,,1793254,5500513
Horowhenua District,1N/967/14.036,30,S, ,BATH ST,201441276,08/03/2014,Sat,1615,GB,CN1C,175B 372B 925 ,,R,D,B ,F ,D, ,P,50,0,0,0,,,1793235,5500490
Horowhenua District,1N/967/14.046,40,S, ,BATH ST,201418164,07/12/2014,Sun,1829,CC,CN1,130A 412A 801 ,P,R,W,O ,L , , ,P,50,0,0,1,,,1793229,5500483
Horowhenua District,1N/967/14.148,, ,I,DURHAM ST,201450810,30/12/2014,Tue,1040,JA,CN1C,302B 377B ,,R,D,OF,F ,T,G,C,50,0,0,0,,,1793164,5500404
Horowhenua District,1N/967/14.516,, ,I,STUCKEY ST,201439117,21/06/2014,Sat,1233,CB,MN1,129A 410A ,F,R,D,B ,F ,T,N,C,50,0,0,0,,,1792929,5500121
Horowhenua District,1N/967/14.696,, ,I,LIVERPOOL RAILWAY CROSSIN,201449372,15/12/2014,Mon,1457,KA,4S1T,197A 111B 302B 370B ,,R,D,B ,F ,T,G,R,50,0,0,0,,,1792840,5499966
Horowhenua District,1N/967/14.764,, ,I,MAKO MAKO ROAD,201413229,19/05/2014,Mon,1800,JA,CN1C,302B 377B 830 ,,R,D,TO,F ,T,G,C,50,0,0,1,,,1792799,5499911
Horowhenua District,1N/967/14.764,, ,I,MAKO MAKO ROAD,201437687,01/06/2014,Sun,1804,LB,VN1C,303B 386B 402B ,,R,D,O ,F ,T,G,P,50,0,0,0,,,1792799,5499911
Horowhenua District,1N/967/14.764,, ,I,MAKO MAKO ROAD,201416713,30/08/2014,Sat,1144,GE,MS1C,155A 157A ,HS,R,D,B ,F ,T,G,L,50,0,0,1,,,1792799,5499911
Horowhenua District,1N/967/14.924,40,S, ,WARD ST,201445752,22/09/2014,Mon,415,MC,CS14,372B ,,R,D,DN,F , ,N,C,50,0,0,0,,,1792697,5499788
Horowhenua District,1N/967/15.393,80,S, ,HOKIO BEACH ROAD,201441275,09/04/2014,Wed,1105,FA,CN14,110A 181A 801 ,,R,W,O ,L , , ,C,50,0,0,0,,,1792413,5499417
Horowhenua District,1N/967/15.679,1000,N, ,BOULTON ROAD,201431944,17/03/2014,Mon,1730,CB,4N1,410A ,P,R,D,BF,F , ,N,P,50,0,0,0,,,1792229,5499199
Horowhenua District,1N/967/15.769,10,S, ,TARARUA ROAD RAILWAY CROS,201415418,28/08/2014,Thu,1624,FD,CN14,181A 922 ,,R,D,B ,F ,D,N,C,50,0,0,1,,,1792172,5499130
Horowhenua District,1N/967/15.869,110,S, ,TARARUA ROAD RAILWAY CROS,201447909,06/11/2014,Thu,1250,EA,4N1C,129A 358A ,KMS,R,D,B ,F , , ,L,50,0,0,0,,,1792108,5499052
Horowhenua District,1N/967/16.133,820,S, ,HOKIO BEACH ROAD,201400224,03/11/2014,Mon,1700,CC,CN1,128A 130A ,P,R,D,O ,F , ,N,L,80,1,2,0,,,1791942,5498846
Horowhenua District,1N/967/16.149,530,N, ,BOULTON ROAD,201418782,29/12/2014,Mon,1404,CB,CN1E,410A ,P,R,D,B ,F , , ,C,80,0,0,4,28,,1791932,5498834
Horowhenua District,1N/967/17.321,100,N, ,SH 57,201414759,05/04/2014,Sat,930,FD,4S1CC,191A 331A 191B 331B ,,R,D,B ,F , , ,L,80,0,0,1,,,1791178,5497937
Horowhenua District,1N/985/0,, ,A,SH 57,201432253,07/02/2014,Fri,1223,BE,TS1V,129A 130A 407A ,I,R,D,B ,F ,T,G,R,80,0,0,0,,,1791111,5497863
Horowhenua District,1N/985/0.721,, ,I,MCLEAVEY ROAD,201450909,19/12/2014,Fri,100,CB,CS1,112A 130A ,S,R,D,DN,F ,T,G,C,100,0,0,0,,,1790659,5497302
Horowhenua District,1N/985/3.354,800,N, ,KUKU BEACH ROAD,201414019,13/05/2014,Tue,1053,FA,TN14,331A 350A ,,R,W,O ,L , ,N,L,100,0,0,1,,,1789358,5495119
Horowhenua District,1N/985/3.854,300,N, ,KUKU BEACH ROAD,201438771,11/04/2014,Fri,1520,GD,CN1T,331A 358A 928 ,,R,W,OF,L ,D,N,C,100,0,0,0,,,1789328,5494620
Horowhenua District,1N/985/4.154,, ,I,KUKU BEACH ROAD,201432965,14/03/2014,Fri,1000,LB,CN1V,303B 375B ,,R,D,B ,F ,T,G,P,100,0,0,0,,,1789306,5494321
Horowhenua District,1N/985/4.154,, ,I,KUKU BEACH ROAD,201436496,14/05/2014,Wed,1626,JA,CN1C,302B 375B ,,R,W,OF,L ,T,G,C,100,0,0,0,,,1789306,5494321
Horowhenua District,1N/985/4.232,50,N, ,KUKU EAST ROAD,201448026,06/11/2014,Thu,1200,AA,CS14,177A 184A ,,R,D,B ,F , , ,L,100,0,0,0,,,1789301,5494243
Horowhenua District,1N/985/5.482,1200,S, ,KUKU EAST ROAD,201439574,04/07/2014,Fri,1357,LB,CS1C,303B 929 ,,R,D,B ,F ,D,N,L,100,0,0,0,,,1788783,5493159
Horowhenua District,1N/985/6.897,150,N, ,WHAKAHORO ROAD,201410157,04/01/2014,Sat,1619,DA,MN1CB,131A ,G,M,D,O ,F , , ,L,100,0,1,0,,,1787827,5492139
Horowhenua District,1N/985/6.947,100,N, ,WHAKAHORO ROAD,201436194,14/05/2014,Wed,1500,FD,CS1CC,331A 353A 402A ,,M,W,O ,L , , ,C,100,0,0,0,,,1787794,5492102
Horowhenua District,1N/985/7.274,200,N, ,NORTH MANAKAU ROAD,201445721,23/10/2014,Thu,9,EC,CS1,912,W,R,D,DN,F , ,N,C,100,0,0,0,,,1787668,5491802
Horowhenua District,MANAKAU RAIL UNDERPASS,, ,I,1N/985/8.971,201449370,14/12/2014,Sun,1537,MO,4E1C,357A 512A ,,R,D,B ,F ,T,S,L,50,0,0,0,,,1787047,5490223
Horowhenua District,1N/985/9.554,160,S, ,GLEESON ROAD,201400063,25/03/2014,Tue,1305,BF,CN14,130A ,,E,D,ON,F , , ,L,100,1,0,1,,,1786927,5489658
Horowhenua District,56/0/1.07,1070,W, ,SH 57,201413435,18/06/2014,Wed,2330,FA,CS1C,181A 357B ,,R,D,DN,F , , ,C,100,0,0,1,,,1807579,5513312
Horowhenua District,56/0/2.951,650,N, ,TE REWA ROAD,201417891,05/11/2014,Wed,2120,CC,CS1,102A 112A 130A ,FV,R,D,DN,F , , ,C,100,0,3,2,,,1806652,5514905
Horowhenua District,56/0/7.006,2000,S, ,POPLAR ROAD,201436480,15/04/2014,Tue,750,GD,CN1C,181A 387A 927 ,,R,D,BN,F ,D,N,C,100,0,0,0,,,1807973,5518188
Horowhenua District,ARAPAEPAE ROAD,, ,I,57/0/2.09,201431525,15/01/2014,Wed,1845,DB,CE2,103A 111A 131A ,P,S,D,B ,F ,X,G,C,100,0,0,0,,,1792985,5496938
Horowhenua District,KIMBERLEY ROAD,, ,I,57/0/2.09,201434432,19/04/2014,Sat,1241,DA,CS2,132A 355A 801 ,F,M,W,O ,L ,X,S,R,100,0,0,0,,,1792985,5496938
Horowhenua District,57/0/2.09,, ,I,KIMBERLEY ROAD,201431943,28/02/2014,Fri,1730,DA,CS1,133A ,F,S,D,BF,F ,X,S,R,100,0,0,0,,,1792985,5496938
Horowhenua District,57/0/2.973,500,S, ,TARARUA ROAD,201441837,14/06/2014,Sat,1612,QG,TS1C,680A 198B 407B ,D,R,D,O ,F , , ,C,100,0,0,0,,,1793398,5497704
Horowhenua District,57/0/5.286,300,S, ,QUEEN ST EAST,201410074,12/01/2014,Sun,712,CC,CN1,130A 412A ,P,R,D,O ,F , , ,L,100,0,1,0,,,1794874,5499484
Horowhenua District,57/0/5.586,, ,I,QUEEN ST EAST,201438776,18/04/2014,Fri,1221,JA,CN1C,301B 353B 375B ,,R,D,BF,F ,X,S,C,100,0,0,0,,,1795065,5499715
Horowhenua District,57/0/5.586,, ,I,QUEEN ST EAST,201451082,14/12/2014,Sun,1510,JA,4E2C,301A 382A ,,R,D,BF,F ,X,S,C,100,0,0,0,,,1795065,5499715
Horowhenua District,57/0/6.286,700,N, ,QUEEN ST EAST,201414169,08/06/2014,Sun,1524,GA,4S1C,331A 930 ,,R,D,BN,F ,D,N,C,100,0,0,1,,,1795512,5500254
Horowhenua District,57/0/6.586,1000,N, ,QUEEN ST EAST,201417919,20/11/2014,Thu,1254,JA,CN1C,308B 377B 839 927 ,F,R,D,B ,F ,D,N,C,100,0,0,1,,,1795704,5500485
Horowhenua District,57/0/6.686,1100,N, ,QUEEN ST EAST,201431469,23/02/2014,Sun,350,CC,CS1,137A 407A ,V,R,D,DN,F , ,N,C,100,0,0,0,,,1795768,5500562
Horowhenua District,57/0/8.18,, ,I,MCDONALD ROAD,201445829,17/10/2014,Fri,1650,GC,CN14,602A 171B 330B ,,R,D,O ,F ,T,G,C,100,0,0,0,,,1796722,5501711
Horowhenua District,57/0/8.19,10,N, ,MCDONALD ROAD,201440716,31/07/2014,Thu,1915,CC,CS1,410A 504A ,F,R,D,DO,F ,X,S,C,100,0,0,0,,,1796729,5501719
Horowhenua District,57/0/8.51,330,N, ,MCDONALD ROAD,201414794,11/08/2014,Mon,748,GC,CS1V,174B 372B 801 929 ,,R,W,O ,L ,D, ,L,100,0,1,1,,,1796933,5501965
Horowhenua District,57/0/11.426,300,N, ,POTTS ROAD,201444129,31/08/2014,Sun,1300,AC,CN1T,159A 381A ,,R,D,OF,F , ,N,C,100,0,0,0,,,1798691,5504249
Horowhenua District,57/0/12.826,1700,N, ,POTTS ROAD,201416312,06/10/2014,Mon,1000,DB,CS1,129A 195A 901 ,,M,W,O ,H , ,N,C,100,0,0,1,,,1799723,5505157
Horowhenua District,57/0/16.247,600,S, ,BUCKLEY ROAD,201432065,25/01/2014,Sat,1700,DB,4N1,111A 131A 680A ,V,E,W,BN,F , ,N,C,100,0,0,0,,,1802403,5506200
Horowhenua District,57/0/16.647,200,S, ,BUCKLEY ROAD,201439583,29/06/2014,Sun,1331,AD,CS1C,151A 153A ,,R,D,O ,F , , ,C,100,0,0,0,,,1802491,5506588
Horowhenua District,57/0/18.442,150,N, ,PRETORIA ROAD,201433722,15/02/2014,Sat,1430,DB,CN1,410A ,V,E,D,O ,F , , ,C,100,0,0,0,,,1803920,5507618
Horowhenua District,57/0/20.225,20,W, ,GREY ST,201430654,07/02/2014,Fri,1906,MC,CE1C,330B 372B ,,R,D,TF,F , ,N,C,50,0,0,0,,,1804384,5508949
Horowhenua District,57/0/20.245,, ,I,SHEEHAN ST,201445970,08/10/2014,Wed,1250,KA,CN1C,302B ,,R,W,O ,L ,T,G,L,50,0,0,0,,,1804398,5508962
Horowhenua District,57/21/2.125,600,S, ,KINGSTON ROAD,201435282,20/04/2014,Sun,800,CB,CN1,129A 351A ,V,R,D,O ,F , , ,C,100,0,0,0,,,1806334,5510572
Horowhenua District,57/26/0,, ,I,OPIKI ROAD,201445828,16/10/2014,Thu,1714,JA,CN14,301B 330B ,,R,D,O ,F ,T,S,C,100,0,0,0,,,1807867,5512327
Horowhenua District,57/26/0,, ,I,SH 56,201446288,16/10/2014,Thu,1426,LB,CE1C,303B 375B ,,E,D,BF,F ,T,S,R,100,0,0,0,,,1807867,5512327
Horowhenua District,57/26/0,, ,I,SH 56,201417751,17/12/2014,Wed,755,LB,TE1T,303B 375B ,,E,D,O ,F ,T,S,C,100,0,1,1,,,1807867,5512327
Horowhenua District,57/26/0,, ,I,SH 56,201449766,23/12/2014,Tue,1530,CB,CN1,330A 350A ,P,R,D,B ,F ,T,S,C,100,0,0,0,,,1807867,5512327
Horowhenua District,57/26/2.058,3000,S, ,TAMATARAU ROAD,201437614,02/05/2014,Fri,800,CC,CN1,130A 358A 407A 645A ,F,R,D,B ,F , , ,C,100,0,0,0,,,1809809,5512873
Horowhenua District,57/26/3.36,2800,N, ,KAIHINAU ROAD,201435281,17/04/2014,Thu,1630,CB,4N1,130A 903 ,,R,D,O ,FS, , ,C,100,0,0,0,,,1810730,5513412
Horowhenua District,57/26/3.56,3000,N, ,KAIHINAU ROAD,201435280,17/04/2014,Thu,1815,CA,TS1,130A 903 ,,R,D,DN,FS, , ,C,100,0,0,0,,,1810800,5513599
Horowhenua District,57/26/4.918,140,S, ,TAMATARAU ROAD,201417809,04/11/2014,Tue,1256,DA,4N1,131A ,FV,M,D,O ,F , , ,L,100,0,0,1,,,1811233,5514697
Horowhenua District,57/26/5.215,450,N, ,TE ROHENGA ROAD,201418158,29/11/2014,Sat,1550,FA,MS1C,101A 331A 380A ,,M,D,B ,F , , ,L,100,0,0,1,,,1811455,5514869
Horowhenua District,57/26/7.487,, ,I,TOKOMARU EAST ROAD,201432405,17/02/2014,Mon,2030,DA,CN2,101A 131A 632A ,G,M,D,TN,F ,X,G,C,70,0,0,0,,,1812759,5516519
Horowhenua District,57/26/9.531,200,N, ,REWAREWA ST,201413432,19/06/2014,Thu,1900,DA,CN1,111A 131A 410A ,C,M,D,DN,F , , ,C,100,0,1,0,,,1813419,5518305
Hurunui District,AMURI AVENUE,80,S, ,CHELTENHAM ST,201410250,07/01/2014,Tue,1401,NB,4N1E,713B 726B ,,R,D,B ,F , ,N,N,30,0,0,1,6,,1586015,5292144
Hurunui District,BALCAIRN AMBERLEY ROAD,, ,A,KOWHAI RIV BR,201440594,13/07/2014,Sun,2130,EC,CN1,912,W,R,D,DN,F , , ,L,100,0,0,0,,,1575588,5217327
Hurunui District,CONSTITUTION ROAD,1000,E, ,JAMESONS ROAD,201442815,26/08/2014,Tue,610,EC,CE1,912,W,R,D,DN,F , ,N,N,100,0,0,0,,,1596848,5267685
Hurunui District,GEORGE ST,, ,I,HEATON ST,201410118,12/01/2014,Sun,800,LB,MS1O,303B ,,E,D,B ,F ,X,G,C,70,0,0,1,,,1595622,5272907
Hurunui District,GOLF LINKS ROAD,500,N, ,GRIERSON AVENUE,201440405,03/07/2014,Thu,2030,DA,CS1,131A 354A ,FT,M,D,DN,F , ,N,N,100,0,0,0,,,1582474,5220640
Hurunui District,HAPPY VALLEY ROAD,4690,N, ,LINDSAY TERRACE,201418644,23/12/2014,Tue,1653,DA,4W1,111A 131A ,,S,D,BN,F , ,N,N,100,0,0,1,,,1605078,5236726
Hurunui District,HORSLEY DOWN ROAD,400,S, ,BENTLEYS ROAD,201412988,07/05/2014,Wed,1820,DA,4N1,131A 801 ,,E,W,DN,L , , ,C,100,0,1,0,,,1570247,5249057
Hurunui District,HORSLEY DOWN ROAD,630,S, ,BENTLEYS ROAD,201411539,06/03/2014,Thu,1830,DA,CN1,103A 129A 131A ,,E,D,BF,F , ,N,C,100,0,0,1,,,1570281,5248829
Hurunui District,HOSSACK ROAD,2800,E, ,LESLIE PASS ROAD,201415356,25/08/2014,Mon,1930,QD,4E1E,330A 428A 611A ,,R,D,DN,F , ,N,N,100,0,1,0,52,,1590693,5287800
Hurunui District,JOLLIES PASS ROAD,40,E, ,CONICAL HILL ROAD,201431091,07/02/2014,Fri,2310,BA,MW1C,101A 327A 514A ,,R,D,DO,F , ,N,C,50,0,0,0,,,1586046,5292288
Hurunui District,JOLLIES PASS ROAD,240,S, ,HYDRO ROAD N,201416440,19/09/2014,Fri,2230,DA,VN1,101A 131A ,E,S,D,DN,F , , ,N,100,0,0,1,,,1589963,5295176
Hurunui District,LAKE SUMNER ROAD,180,E, ,MCLELLANDS ROAD,201418736,30/12/2014,Tue,2340,DB,CE1,103A 111A 131A ,T,E,D,DN,F , ,N,N,100,0,1,0,,,,
Hurunui District,LAKE SUMNER ROAD,400,N, ,MEDBURY ROAD,201418735,30/12/2014,Tue,2300,DB,CN1,103A 111A 131A ,F,S,D,DN,F , , ,C,100,0,0,1,,,1570114,5252389
Hurunui District,LAWCOCKS ROAD,1200,W, ,DOUGLAS ROAD,201415694,21/09/2014,Sun,1830,CC,CW1,103A 504A ,,R,D,DN,F , ,N,C,100,0,1,0,,,1576449,5221956
Hurunui District,LYNDON ST,, ,I,PARNASSUS ST,201434467,04/04/2014,Fri,10,DA,CS2,110A 131A 904 ,F,M,D,DO,M ,X,G,C,50,0,0,0,,,1603562,5277234
Hurunui District,MAYS ROAD,750,E, ,LEITHFIELD ROAD,201430108,28/01/2014,Tue,2135,CB,CE1,133A 433A ,T,R,D,DN,F , , ,N,100,0,0,0,,,1577861,5217164
Hurunui District,MEDBURY ROAD,670,E, ,GILBERTS ROAD,201414106,06/06/2014,Fri,750,BA,CN14,310A 363A ,,R,D,BN,FF, ,G,N,100,0,0,1,,,1571348,5252794
Hurunui District,MOTUNAU BEACH ROAD,, ,A,MOTUNAU RIV BR,201448757,10/11/2014,Mon,1120,FA,TS14,130A 613A 818 ,,R,D,B ,F , ,G,N,100,0,0,0,,,1600459,5236432
Hurunui District,MOUNT PALM ROAD,, ,I,CONSTITUTION ROAD,201439857,02/04/2014,Wed,350,DC,CS1,130A 904 ,V,S,D,DN,M ,T,N,C,100,0,0,0,,,1600585,5269994
Hurunui District,RESERVE ROAD,200,N, ,LAWCOCKS ROAD,201411847,20/03/2014,Thu,515,CC,CS1,195A ,P,R,D,DN,F , ,N,C,100,0,0,1,,,1575074,5221713
Hurunui District,ROTHERHAM ROAD SOUTH,2400,E, ,SH 7,201415759,14/08/2014,Thu,1850,EC,CE1,912,W,R,D,DN,F , ,N,C,100,0,0,1,,,1590986,5268650
Hurunui District,SCARGILL VALLEY ROAD,500,W, ,PANNETTS ROAD,201432296,01/01/2014,Wed,1045,DB,CE1,111A 131A ,K,M,D,B ,F , , ,N,100,0,0,0,,,1593548,5246288
Hurunui District,SHORTCUT ROAD,1810,W, ,BALMORAL STATION ROAD,201411979,17/03/2014,Mon,920,JA,4E1M,308B 377B 835 929 ,,R,D,BN,F ,D,N,N,100,0,1,0,,,1574739,5261377
Hurunui District,STOKES ROAD,370,N, ,WESTERN TERRACE ROAD,201411050,16/02/2014,Sun,1605,DA,MS1,111A 131A 402A 430A ,,E,D,B ,F , , ,N,100,0,1,0,,,1574587,5217335
Hurunui District,UNNAMED ROAD,100,S, ,LYNDON ST,201432153,06/01/2014,Mon,1945,BC,CS14,111A 121A 402A ,,M,D,B ,F , ,N,N,50,0,0,0,,,1603147,5277368
Hurunui District,WAIKARI VALLEY ROAD,730,E, ,MCRAES ROAD,201411664,06/02/2014,Thu,1330,DA,ME1,111A 131A ,V,M,D,BN,F , ,N,C,100,0,1,0,,,1581261,5244589
Hurunui District,WAIKARI VALLEY ROAD,1770,E, ,SEALEYS DIRECT ROAD,201414081,28/06/2014,Sat,1140,DB,MW1,111A 132A ,,M,D,B ,F , ,N,N,100,0,0,1,,,1583637,5244369
Hurunui District,WOODBANK ROAD,150,E, ,LOCHIEL DRIVE,201445998,25/09/2014,Thu,1800,MC,400000000000000,191A 333A 372B ,,R,D,B ,F , , ,N,50,0,0,0,,,1585153,5290944
Hurunui District,1S/185/0.508,3350,S, ,BIRCHES ROAD,201444692,06/10/2014,Mon,840,DB,CS1,111A ,V,E,W,B ,F , ,N,C,100,0,0,0,,,1637604,5290000
Hurunui District,1S/185/3.519,, ,A,GRIFFITHS CRK CV,201417205,01/11/2014,Sat,25,DA,VS1,103A 111A 131A ,C,M,D,DN,F , , ,C,100,0,0,1,,,1636740,5288470
Hurunui District,1S/185/7.046,100,S, ,BIRCHES CV,201418441,17/12/2014,Wed,1615,DA,CS1,111A 131A 400A 801 ,C,M,W,O ,L , , ,C,100,0,0,1,,,1635112,5286082