TLANAME,CRASHROAD,CRASHDIST,CRASHDIRN,INTSN,SIDEROAD,CRASHID,CRASHDATE,CRASHDOW,CRASHTIME,MVMT,VEHICLES,CAUSES,OBJECTSSTRUCK,ROADCURVE,ROADWET,LIGHT,WTHRa,JUNCTYPE,TRAFCTRL,ROADMARK,SPDLIM,CRASHFATALCNT,CRASHSEVCNT,CRASHMINCNT,PERSAGE1,PERSAGE2,EASTING,NORTHING
Hurunui District,1S/185/8.356,1500,N, ,CLAVERLEY ROAD,201444401,05/09/2014,Fri,1105,DA,CS1,801 903 ,C,M,W,O ,LS, , ,C,100,0,0,0,,,1634772,5284903
Hurunui District,1S/185/8.356,1500,N, ,CLAVERLEY ROAD,201416229,24/04/2014,Thu,1330,DA,CN1,111A 129A 131A ,C,M,D,B ,F , , ,C,100,0,0,1,,,1634772,5284903
Hurunui District,1S/195/1.923,2000,S, ,CLAVERLEY ROAD,201448118,13/11/2014,Thu,1835,DA,CN1,131A 801 ,C,M,W,O ,H , , ,C,100,0,0,0,,,1632724,5282956
Hurunui District,1S/195/8.819,1000,N, ,HAWKSWOOD ROAD N,201450605,27/12/2014,Sat,1745,DA,CN1,129A 134A 351A 404A ,F,E,D,B ,F , ,N,C,100,0,0,0,,,1627207,5279478
Hurunui District,1S/195/14.878,800,N, ,LEADER ROAD EAST,201416288,04/10/2014,Sat,1725,DA,CN1,111A 131A ,,M,W,B ,F , , ,C,100,0,0,1,,,1625035,5274341
Hurunui District,1S/195/15.828,150,S, ,LEADER ROAD EAST,201448106,21/11/2014,Fri,1130,DB,CS1,410A ,F,M,D,B ,F , , ,C,100,0,0,0,,,1624609,5273529
Hurunui District,1S/217/6.096,20,N, ,MCPHERSONS STM BR,201410425,23/01/2014,Thu,49,DB,CN1,129A 131A 410A ,S,M,D,DN,F , , ,C,100,0,0,1,,,1622753,5265003
Hurunui District,1S/217/6.116,, ,A,MCPHERSONS STM BR,201416278,11/09/2014,Thu,2025,DA,TS1,111A 131A ,FGS,M,D,DN,F , , ,C,100,0,0,1,,,1622747,5264984
Hurunui District,1S/217/6.813,500,S, ,MACMILLAN ROAD,201418435,27/12/2014,Sat,1823,DB,CS1,131A 412A ,E,M,D,B ,F , , ,C,100,0,2,2,,,1622327,5264449
Hurunui District,1S/217/9.811,750,S, ,FACTORY ROAD,201415666,15/09/2014,Mon,1015,DA,4N1,129A 134A ,GS,M,D,B ,F , ,N,C,100,0,0,1,,,1622172,5261821
Hurunui District,1S/217/11.817,, ,I,MCQUEEN ROAD,201416392,19/09/2014,Fri,1515,HA,TN1L4V,302B 375B ,IMP,R,D,B ,F ,X,G,R,50,0,0,5,,,1622396,5259913
Hurunui District,1S/217/11.837,20,S, ,SEDDON ST,201438257,09/06/2014,Mon,1811,EC,TN1,103A 129A 353A ,P,R,W,DO,L , ,N,C,50,0,0,0,,,1622393,5259894
Hurunui District,1S/217/12.441,250,S, ,JED RIV BR,201411211,28/02/2014,Fri,2030,DA,CS1,111A 130A 817 843 ,,M,W,DN,L , , ,N,100,0,0,1,,,1622069,5259451
Hurunui District,1S/217/15.094,1000,S, ,NONOTI ROAD,201448758,04/11/2014,Tue,930,DB,CN1,131A 402A 412A ,FV,E,D,B ,F , , ,C,100,0,0,0,,,1620388,5257737
Hurunui District,1S/217/18.606,, ,I,OLD MAIN ROAD,201415811,06/09/2014,Sat,1900,HA,CW1V,101B 302B ,,R,D,DN,F ,X,G,C,100,0,0,1,,,1618382,5254979
Hurunui District,1S/235/7.223,, ,A,BENMORE STM BR,201412194,19/04/2014,Sat,1300,BE,VS1TT,129A 131A 404A 181C 331C 350C ,,M,D,B ,F , , ,C,100,0,1,1,,,1612268,5251475
Hurunui District,1S/247/0.014,50,W, ,ETHELTON ROAD,201412210,11/04/2014,Fri,1942,FA,CW1C,181A 423A ,,M,W,DN,  , ,N,N,100,0,0,1,,,1607983,5250502
Hurunui District,1S/247/0.084,, ,A,HURUNUI RIV BR,201446734,27/10/2014,Mon,1240,FD,CW1CC,181A 330A ,,R,W,O ,F , ,N,C,100,0,0,0,,,1607926,5250461
Hurunui District,1S/247/0.294,210,S, ,HURUNUI RIV BR,201410046,07/02/2014,Fri,1930,DA,4N1,111A 131A 633A 801 809 ,C,M,W,TN,L , , ,L,100,0,0,2,,,1607788,5250309
Hurunui District,1S/247/1.084,1000,S, ,HURUNUI RIV BR,201434522,12/02/2014,Wed,1030,DA,CN1,116A 135A 339A 804 817 ,C,E,D,BN,F , ,N,N,100,0,0,0,,,1608056,5249603
Hurunui District,1S/247/2.084,2000,S, ,HURUNUI RIV BR,201400280,29/12/2014,Mon,1620,BE,CS1T,125A 410A 504A ,,R,D,B ,F , ,N,C,100,1,0,1,,,1608278,5248711
Hurunui District,1S/247/6.524,1400,W, ,STONYHURST ROAD,201418394,30/11/2014,Sun,1415,DA,CN1,131A 191A ,V,E,D,OF,F , ,N,C,100,0,0,3,,,1605025,5246343
Hurunui District,1S/247/7.713,, ,A,FRIDAYS ARCH CV,201415054,14/08/2014,Thu,802,DB,4S1,131A 802 ,F,M,I,B ,FF, , ,C,100,0,1,0,,,1604087,5245680
Hurunui District,1S/247/10.18,, ,A,MEIKLES ARCH CULVERT,201451020,17/12/2014,Wed,1600,DB,CE1,129A ,K,E,D,ON,F , ,N,C,100,0,0,0,,,1602099,5244460
Hurunui District,1S/262/2.62,2620,W, ,VALLEY ROAD,201411561,04/03/2014,Tue,1515,DA,CE1,131A 410A ,EF,M,W,ON,H , ,N,C,100,0,0,1,,,1595101,5242020
Hurunui District,1S/262/3.57,2300,E, ,BURROWS ROAD,201410084,05/01/2014,Sun,1440,DA,MN1,111A 131A 402A ,V,M,D,B ,F , , ,L,100,0,1,0,,,1594410,5241416
Hurunui District,1S/262/11.095,800,N, ,REECES ROAD,201416787,23/10/2014,Thu,1230,DA,MN1,131A 630A ,G,M,D,B ,F , , ,L,100,0,1,0,,,1588699,5237290
Hurunui District,1S/273/0.989,200,S, ,REECES ROAD,201412413,09/03/2014,Sun,946,CC,CS1,130A 404A 412A ,F,R,D,O ,F , , ,C,100,0,0,1,,,1587921,5236670
Hurunui District,1S/284/0,, ,I,MOUNT CASS ROAD,201440855,21/07/2014,Mon,940,CC,CN1,410A ,F,R,D,B ,F ,X,G,C,100,0,0,0,,,1580241,5231787
Hurunui District,1S/284/3.52,200,N, ,STOCKGROVE ROAD,201431188,24/01/2014,Fri,1736,FB,4S1C,181A 132B 357B ,,R,D,B ,F , ,N,N,100,0,0,0,,,1578833,5228607
Hurunui District,1S/284/3.918,100,N, ,PURCHAS ROAD,201447788,23/10/2014,Thu,631,CC,CS1,130A 412A ,,R,D,B ,F , , ,L,100,0,0,0,,,1578771,5228215
Hurunui District,1S/284/4.02,300,S, ,STOCKGROVE ROAD,201430358,17/01/2014,Fri,1618,CC,CN1,112A 406A ,,R,D,B ,F , ,N,L,100,0,0,0,,,1578753,5228114
Hurunui District,1S/284/4.218,200,S, ,PURCHAS ROAD,201438273,13/06/2014,Fri,516,CB,TS1,129A 350A ,F,R,D,DN,F , ,N,C,100,0,0,0,,,1578719,5227919
Hurunui District,1S/284/5.576,500,N, ,INNES ROAD,201437665,28/02/2014,Fri,252,CC,4N1,412A ,P,R,D,DN,F , , ,C,100,0,0,0,,,1578483,5226581
Hurunui District,1S/284/9.582,500,N, ,MARKHAM ST,201447076,27/07/2014,Sun,1000,MC,4N1V,372B ,,R,D,OF,F , ,N,C,50,0,0,0,,,1578012,5222634
Hurunui District,1S/284/10.102,20,S, ,MARKHAM ST,201410155,03/01/2014,Fri,1700,LB,SS1V,303B 375B 922 ,,R,D,B ,F ,D,N,P,50,0,0,1,,43,1578038,5222115
Hurunui District,1S/284/11.168,600,N, ,GRAYS ROAD,201440863,04/02/2014,Tue,705,BF,TS1T,129A 131A 359A ,,E,D,O ,M , , ,C,100,0,0,0,,,1578055,5221051
Hurunui District,1S/284/13.268,1500,S, ,GRAYS ROAD,201410701,21/02/2014,Fri,1320,MC,4S1C,372B ,,E,D,O ,F , ,N,C,100,0,0,1,,,1579229,5219362
Hurunui District,1S/284/15.115,200,S, ,MILL ROAD,201412717,07/04/2014,Mon,833,DA,TN1,129A 350A ,,E,W,ON,M , ,N,L,100,0,0,2,,,1579345,5217644
Hurunui District,1S/284/16.291,, ,I,MAYS ROAD,201410087,06/02/2014,Thu,1455,HA,CS1V,302A 350A ,,R,D,B ,F ,X,G,C,100,0,1,1,,,1579006,5216554
Hurunui District,1S/284/16.291,, ,I,MAYS ROAD,201411781,02/04/2014,Wed,750,JA,MN1C,302B 377B ,,R,D,O ,F ,X,G,C,100,0,1,0,,,1579006,5216554
Hurunui District,7/0/0.831,500,W, ,GLENMARK DRIVE,201442679,27/04/2014,Sun,2110,DA,CE1,131A 400A ,V,E,D,DN,F , ,N,C,100,0,0,0,,,1579462,5231974
Hurunui District,7/0/7.651,1000,N, ,ANTILLS BR,201434837,05/04/2014,Sat,1705,DA,CN1,103A 131A ,V,E,D,ON,F , ,N,C,100,0,0,0,,,1575787,5237443
Hurunui District,7/0/9.074,600,N, ,WEKA PASS LOOP ROAD N,201418526,23/11/2014,Sun,1857,CB,CS1,129A 386A ,,R,D,BN,F , ,N,C,100,0,0,1,,,1576190,5238629
Hurunui District,7/0/13.384,500,S, ,PRINCES ST,201439820,27/06/2014,Fri,1655,FA,VN1C,197A 378A 832 ,,M,D,TN,F , , ,C,100,0,0,0,,,1576083,5242064
Hurunui District,7/16/0.672,500,N, ,MCRAES ROAD,201437469,08/05/2014,Thu,1755,BE,CS14,112A 130A 404A 817 ,V,R,W,DN,L , , ,N,100,0,0,0,,,1576142,5244836
Hurunui District,7/16/5.77,200,N, ,MOUNT ALEXANDER ROAD,201435389,01/05/2014,Thu,1540,QG,4N1TC,130A 688A 198C 402C ,X,E,D,B ,F , , ,C,100,0,0,0,,,1577422,5249285
Hurunui District,7/16/8.765,700,W, ,MEDBURY ROAD,201442300,12/08/2014,Tue,1625,CC,CE1,110A 135A 803 ,F,R,I,O ,SF, ,N,C,100,0,0,0,,,1578390,5251591
Hurunui District,7/16/9.265,200,S, ,MEDBURY ROAD,201410700,24/02/2014,Mon,1522,AD,CN1,112A 150A 400A ,Z,R,D,B ,F , ,N,C,100,0,0,1,,,1578786,5251896
Hurunui District,7/16/9.465,, ,I,MEDBURY ROAD,201435025,15/04/2014,Tue,1415,AD,CS1,151A 404A ,,R,D,O ,F ,T,N,C,100,0,0,0,,,1578932,5252031
Hurunui District,7/28/0.175,200,N, ,HURUNUI BLUFF ROAD,201417838,20/11/2014,Thu,1345,FF,CS1CVC,181A 331A 191B 191C 197D ,,R,D,B ,F , , ,L,100,0,0,1,,,1581063,5253288
Hurunui District,7/28/0.336,550,S, ,BALMORAL STATION ROAD,201441599,13/08/2014,Wed,500,CB,VS1,110A 135A 802 ,B,R,I,DN,FF, ,N,C,100,0,0,0,,,1581118,5253439
Hurunui District,7/28/0.886,, ,I,BALMORAL STATION ROAD,201441788,18/08/2014,Mon,1235,GE,TS1C,157A 387A ,,R,D,B ,F ,T,G,C,100,0,0,0,,,1581360,5253929
Hurunui District,7/28/1.186,300,N, ,BALMORAL STATION ROAD,201410117,11/01/2014,Sat,1345,CB,CN1,403A 810 ,F,R,D,B ,F , , ,L,100,0,0,1,,,1581535,5254173
Hurunui District,7/28/8.164,800,N, ,BLACKS ROAD,201440015,24/06/2014,Tue,235,EC,TN1,912,W,R,D,DN,MF, ,N,C,90,0,0,0,,,1585151,5260136
Hurunui District,7/28/9.44,, ,I,LONG PLANTATION ROAD,201416726,05/10/2014,Sun,2020,GD,CS1T,331A 352A ,,R,D,DN,F ,X,G,C,100,0,2,1,,,1585796,5261237
Hurunui District,7/28/12.723,20,N, ,STOCK ROAD,201432596,02/03/2014,Sun,920,JA,CS1C,101B 407B 927 ,,R,D,B ,F ,D,N,X,50,0,0,0,,,1587458,5264069
Hurunui District,7/28/15.393,800,S, ,ROTHERHAM ROAD SOUTH,201415760,17/08/2014,Sun,1350,EC,CN1C,652B ,D,R,D,BN,F , ,N,C,100,0,0,1,,,1588809,5266372
Hurunui District,7/44/0,, ,I,ROTHERHAM ROAD,201443788,10/09/2014,Wed,835,DC,4W2B,112A 402A ,Q,R,D,B ,F ,T,G,N,100,0,0,0,,,1589185,5267075
Hurunui District,7/44/3.463,, ,I,FLINTOFT MOUSE POINT ROAD,201410699,04/03/2014,Tue,1900,KA,TS1C,113B 302B 375B ,,R,W,O ,H ,T,G,C,100,0,1,0,,,1589146,5270529
Hurunui District,7/44/11.021,1100,N, ,LESLIE HILLS ROAD,201400142,16/06/2014,Mon,1520,BF,CS14,102A 131A ,,M,D,ON,F , , ,C,100,1,0,1,,,1582860,5274065
Hurunui District,7/44/13.988,450,S, ,BROWNS STM BR,201435026,13/04/2014,Sun,1300,DA,4N1,131A 134A 806 ,VZ,E,W,O ,F , ,N,C,100,0,0,0,,,1580780,5275944
Hurunui District,7/58/1.348,3000,S, ,MARBLE POINT,201450027,10/12/2014,Wed,1920,DA,CS1,131A 801 ,T,M,W,O ,L , , ,C,100,0,0,0,,,1580910,5277640
Hurunui District,7/58/2.423,7000,S, ,SH 7A,201400279,28/12/2014,Sun,1057,BC,MN1C,111A 121A ,,M,D,B ,F , ,N,C,100,1,0,0,,,1581414,5278550
Hurunui District,7/58/3.334,, ,A,TWENTY MILE STM CV,201400144,30/06/2014,Mon,300,DA,VN1,111A 131A ,EF,M,D,DN,F , , ,C,100,1,0,0,,,1581222,5279364
Hurunui District,7/58/4.423,5000,S, ,SH 7A HANMER SPRINGS,201412826,16/03/2014,Sun,1830,DA,CS1,111A 131A ,V,M,W,O ,L , , ,C,100,0,1,1,,,1581181,5280376
Hurunui District,7/58/5.423,4000,S, ,SH 7A,201449782,15/12/2014,Mon,800,CB,VS1,129A 410A ,C,R,D,B ,F , ,N,C,100,0,0,0,,,1580563,5281133
Hurunui District,7/58/5.779,, ,A,GLENALLAN STM BR,201413219,21/05/2014,Wed,910,DA,CN1,131A 410A ,G,E,D,O ,F , ,N,C,100,0,0,1,,,1580398,5281443
Hurunui District,7/58/9.423,, ,I,SH 7A,201449794,31/12/2014,Wed,1643,DA,4S1,110A 131A ,V,M,W,O ,F ,T,S,C,100,0,0,0,,,1581713,5284667
Hurunui District,7/68/9.336,810,E, ,HANDYSIDE STM BR,201433510,08/02/2014,Sat,947,DA,CS1,131A 410A ,C,M,D,BN,F , ,N,C,100,0,0,0,,,1573469,5286765
Hurunui District,7/68/10.086,60,E, ,HANDYSIDE STM BR,201435399,18/04/2014,Fri,1530,DB,40,111A 131A ,,S,D,B ,F , , ,C,100,0,0,0,,,1572775,5286540
Hurunui District,7/78/9.462,230,W, ,GORGE STM BR,201411270,09/03/2014,Sun,1235,DA,ME1,812,,M,D,B ,F , , ,C,100,0,0,1,,,1564243,5284046
Hurunui District,7/78/9.732,500,W, ,GORGE STM BR,201411180,16/03/2014,Sun,1400,DB,CW1,110A 131A 901 ,P,M,W,O ,H , , ,C,100,0,0,1,,,1563979,5284095
Hurunui District,7/78/11.478,200,E, ,MANUKA CRK BR,201417136,27/10/2014,Mon,1810,AD,4W1,112A 130A ,EF,R,D,O ,F , , ,C,100,0,0,2,,,1562244,5283951
Hurunui District,7/78/13.039,, ,A,HORSESHOE LAKE,201436174,29/04/2014,Tue,1550,DA,VN1,111A 131A 801 ,V,E,W,O ,L , , ,C,100,0,0,0,,,1560762,5283902
Hurunui District,7/78/13.773,, ,A,KAKAPO BROOK BR,201414675,09/06/2014,Mon,1400,DB,CN1,110A 131A 901 ,G,M,W,O ,H , , ,C,100,0,0,1,,,1560350,5284392
Hurunui District,7/78/14.245,130,W, ,GLYNN WYE STN,201438003,06/05/2014,Tue,2035,DA,CE1,111A 131A ,C,S,W,DN,L , , ,C,100,0,0,0,,,1559948,5284636
Hurunui District,7/78/19.622,, ,A,HOPE RIV BR,201412242,08/05/2014,Thu,1445,DA,40,129A 134A ,G,M,W,O ,L , ,N,C,100,0,1,1,,,1555213,5284747
Hurunui District,7/78/19.646,3310,W, ,SH 7A,201417766,28/12/2014,Sun,1405,FA,VE1M,181A 330A ,,R,D,B ,F , ,N,C,100,0,0,1,,,1555191,5284757
Hurunui District,7/98/1.475,1800,W, ,SH 7A,201417760,01/12/2014,Mon,1640,CB,40,110A 135A 803 ,CT,R,I,O ,MF, ,N,C,100,0,1,0,,,1553866,5284258
Hurunui District,7/98/1.534,400,E, ,POPLARS STATION,201450595,16/12/2014,Tue,250,CA,CW1,130A 358A ,F,R,D,DN,F , , ,C,100,0,0,0,,,1553818,5284223
Hurunui District,7/98/16.473,140,W, ,MAGDALEN VALLEY ROAD,201410833,06/02/2014,Thu,1310,DA,MW1,111A 131A ,V,M,D,B ,F , , ,C,100,0,1,0,,,1549220,5292670
Hurunui District,7/115/1.803,2000,N, ,MAGDALEN VALLEY ROAD,201411560,26/02/2014,Wed,1730,DA,MS1,135A 804 ,CV,M,D,BN,F , ,N,C,100,0,0,1,,,1549461,5294596
Hurunui District,7/115/3.803,4000,N, ,MAGDALEN VALLEY ROAD,201445548,04/10/2014,Sat,1230,CC,CN1,410A ,T,R,I,O ,SS, , ,C,100,0,0,0,,,1549935,5296498
Hurunui District,7/115/5.858,460,S, ,BOAKES CRK BR,201431985,29/01/2014,Wed,1900,DB,CS1,116A 131A 817 ,V,M,D,BN,F , ,N,N,100,0,0,0,,,1550724,5298367
Hurunui District,7/115/7.803,8000,N, ,MAGDALEN VALLEY ROAD,201446264,21/08/2014,Thu,1550,DA,4S1,131A 363A 902 ,C,M,D,BN,F , ,N,C,100,0,0,0,,,1551000,5300268
Hurunui District,7/115/8.143,80,S, ,RIORDANS CRK BR,201431721,16/01/2014,Thu,1255,DB,CN1,111A 132A 801 ,T,M,W,O ,L , , ,C,100,0,0,0,,,1551006,5300607
Hurunui District,7/115/8.803,9000,N, ,MAGDALEN VALLEY ROAD,201413226,20/05/2014,Tue,1615,BC,VS1C,103A 110A 121A ,,M,W,DN,F , ,N,C,100,0,1,0,,,1550926,5301154
Hurunui District,7/115/11.507,, ,A,WEE CRK BR,201414848,25/07/2014,Fri,630,DA,CS1,135A 802 ,T,E,I,DN,F , ,N,C,100,0,0,1,,,1550677,5303738
Hurunui District,7/115/11.507,, ,A,WEE CRK BR,201438549,24/06/2014,Tue,600,CC,4S1,135A 801 802 ,BCT,R,I,O ,L , , ,C,100,0,0,0,,,1550677,5303738
Hurunui District,7/115/13.298,60,S, ,GOINGS CRK BR,201431702,02/01/2014,Thu,1545,DB,CN1,111A 131A 801 ,T,M,W,O ,L , , ,C,100,0,0,0,,,1550531,5305468
Hurunui District,7A/0/0.1,100,E, ,SH 7,201411689,09/03/2014,Sun,2200,DB,MS1,410A ,I,E,D,DO,F , ,N,R,100,0,1,1,,,1581747,5284757
Hurunui District,7A/0/5.107,110,N, ,CHATTERTON ROAD,201414941,03/06/2014,Tue,2230,DA,4S1,131A 350A ,,E,D,DN,F , ,N,C,100,0,0,1,,,1584083,5288700
Hurunui District,7A/0/7.191,50,S, ,ENSOR DRIVE,201414857,19/07/2014,Sat,1630,CB,CS1,197A 331A 350A ,P,R,D,OF,F , ,N,C,70,0,1,1,,,1585026,5290506
Hutt City,ADELAIDE ST,, ,I,TORY ST,201450793,18/12/2014,Thu,1305,HA,CW1C,302B 382B ,,R,W,OF,H ,X,G,N,50,0,0,0,,,1757859,5434201
Hutt City,AMUNDSEN GROVE,200,N, ,AUGUST ST,201438167,13/04/2014,Sun,1546,EA,CN1C,129A 517A ,M,R,W,OF,L , ,N,N,50,0,0,0,,,1766006,5439072
Hutt City,AWAMUTU GROVE,200,W, ,LEIGHTON AVENUE,201448337,18/12/2014,Thu,1045,MO,VN1C,371A 929 ,M,R,W,O ,F ,D,N,N,50,0,0,0,,,1759974,5434640
Hutt City,AWAMUTU GROVE,300,W, ,LEIGHTON AVENUE,201414038,09/07/2014,Wed,0,NB,CN1E,102A 112A 370A 724B ,,R,D,DO,F , ,N,N,50,0,1,0,,,1759936,5434548
Hutt City,BANKSIA GROVE,50,E, ,DOWSE DRIVE,201413940,20/04/2014,Sun,230,CB,40,130A 501A ,C,R,D,DO,F , ,N,C,50,0,0,1,,,1757823,5436978
Hutt City,BELL ROAD,, ,I,WAIKARE AVENUE,201438223,03/06/2014,Tue,820,HA,CN1C,302A 375A ,,E,D,BF,F ,R,G,C,50,0,0,0,,,1760318,5434507
Hutt City,BELLEVUE ROAD,, ,I,LUDLAM CRESCENT,201442857,02/09/2014,Tue,1400,DA,CW1,111A 131A ,S,M,D,O ,F ,T,G,R,50,0,0,0,,,1759779,5435366
Hutt City,BENGE CRESCENT,100,S, ,WHEATLEY ST,201438797,02/06/2014,Mon,2314,CB,CS1C,130A 517A ,FMP,R,D,DO,F , ,N,C,50,0,0,0,,,1763401,5436781
Hutt City,BIRD GROVE,130,N, ,SPEEDY ST,201434798,04/01/2014,Sat,1930,DB,CS1C,111A 131A ,M,M,W,OF,L , ,N,C,50,0,0,0,,,1765866,5439647
Hutt City,BLEDISLOE CRESCENT,150,W, ,MAIN ROAD,201444694,03/10/2014,Fri,2143,CC,CN1C,129A 357A ,M,R,D,DO,F , ,N,N,50,0,0,0,,,1763227,5429921
Hutt City,BLOCK ROAD,50,E, ,MELLING LINK UNDERPASS,201441852,17/08/2014,Sun,600,MO,CE1,103A 130A 517A ,KP,R,D,TO,F , , ,C,50,0,0,0,,,1759881,5436915
Hutt City,BLOOMFIELD TERRACE,, ,I,KINGS CRESCENT,201418751,06/11/2014,Thu,1734,JA,CW1C,197A 302B 375B ,,R,D,B ,F ,T,G,P,50,0,0,1,,,1760038,5436366
Hutt City,BLOOMFIELD TERRACE,5,N, ,KNIGHTS ROAD,201442566,29/06/2014,Sun,1045,MF,CN1C,371B ,,R,D,OF,F ,R,G,R,50,0,0,0,,,1759947,5436054
Hutt City,BLOOMFIELD TERRACE,5,N, ,KNIGHTS ROAD,201414152,29/05/2014,Thu,1418,NA,CN1E,306A ,,R,D,OF,F ,R,G,X,50,0,0,1,30,,1759947,5436054
Hutt City,BLOOMFIELD TERRACE,, ,I,KNIGHTS ROAD,201443454,23/09/2014,Tue,1010,GA,CN1C,357A 512A ,,R,D,B ,F ,R,G,R,50,0,0,0,,,1759942,5436037
Hutt City,BLOOMFIELD TERRACE,20,N, ,LAINGS ROAD,201450549,15/12/2014,Mon,1125,EA,CN1C,129A 330A ,M,E,D,O ,F , , ,C,50,0,0,0,,,1759802,5435814
Hutt City,BRITANNIA ST,20,N, ,KIRKS AVENUE,201413890,09/06/2014,Mon,1819,EA,CS1C,103A 506A 512A 801 ,M,R,W,DO,L , , ,C,50,0,0,1,,,1757613,5434756
Hutt City,BUICK ST,, ,I,ADELAIDE ST,201450891,11/12/2014,Thu,1608,LB,CS1V,303B 375B ,,R,D,BF,F ,T,G,P,50,0,0,0,,,1757672,5434279
Hutt City,BUICK ST,, ,I,ELIZABETH ST,201445869,02/10/2014,Thu,947,DA,VN1CC,111A 131A ,MM,E,D,O ,F ,X,S,R,50,0,0,0,,,1757766,5434478
Hutt City,BUNNY ST,, ,I,KNIGHTS ROAD,201433715,31/03/2014,Mon,1230,KC,BS1C,129A ,,E,D,O ,F ,R,G,R,50,0,0,0,,,1759707,5436115
Hutt City,BUSH ST,50,W, ,NAENAE ROAD,201449672,25/12/2014,Thu,1224,MO,CE1C,101A 371A 929 ,M,R,D,O ,L ,D,N,N,50,0,0,0,,,1763839,5437187
Hutt City,CAMBRIDGE TERRACE,20,W, ,DAYSH ST,201440819,08/07/2014,Tue,1701,FD,CE14,181A ,,R,D,TF,F , , ,C,50,0,0,0,,,1762801,5437132
Hutt City,CAMBRIDGE TERRACE,20,E, ,GUTHRIE ST,201416507,05/08/2014,Tue,820,NB,CW1E,306A 341A 645A ,,R,D,BF,F ,T,N,X,50,0,0,1,14,,1760624,5435304
Hutt City,CAMBRIDGE TERRACE,30,N, ,GUTHRIE ST,201434466,31/03/2014,Mon,2355,EA,TS1C,129A 411A ,M,R,D,DO,F , , ,C,50,0,0,0,,,1760631,5435311
Hutt City,CAMBRIDGE TERRACE,5,N, ,HAMPTON COURT,201411006,18/02/2014,Tue,1732,FC,CN1C,331A 358A ,,R,D,B ,F ,T,G,C,50,0,0,1,,,1761851,5436398
Hutt City,CAMBRIDGE TERRACE,30,N, ,HAMPTON COURT,201416717,12/10/2014,Sun,1432,NB,CN1E,306A 830 ,,R,D,B ,F , , ,X,50,0,0,1,67,,1761870,5436414
Hutt City,CAMBRIDGE TERRACE,40,N, ,HAMPTON COURT,201410341,01/02/2014,Sat,1630,NA,CN1EEE,306A 352A ,,R,D,OF,F , ,N,X,50,0,1,2,4,,1761877,5436421
Hutt City,CAMBRIDGE TERRACE,10,N, ,HAWKINS ST,201413455,30/05/2014,Fri,1514,NB,CS1E,306A ,,R,D,O ,F ,T,N,X,50,0,0,1,10,,1760218,5434890
Hutt City,CAMBRIDGE TERRACE,200,S, ,HEWER CRESCENT,201417179,26/11/2014,Wed,702,CA,MS1,130A 402A 631A ,,R,D,O ,F , , ,C,50,0,0,1,,,1763568,5437752
Hutt City,CAMBRIDGE TERRACE,20,S, ,WATERLOO ROAD,201416974,20/10/2014,Mon,1104,EA,CS1C4,129A ,M,E,D,BF,F , ,N,C,50,0,0,1,,,1761382,5435974
Hutt City,CAMBRIDGE TERRACE,, ,I,WATERLOO ROAD,201434929,08/03/2014,Sat,1619,FB,CN1C,331A 353A ,,R,D,BF,F ,X,G,C,50,0,0,0,,,1761396,5435988
Hutt City,CAMBRIDGE TERRACE,100,S, ,WINGATE CRESCENT,201414921,23/06/2014,Mon,1255,CB,CS14,112A ,M,R,D,BF,F , ,N,C,50,0,0,1,,,1763799,5438077
Hutt City,CAMPBELL TERRACE,20,E, ,SYDNEY ST,201436850,24/05/2014,Sat,1936,EA,CW1C,129A 357A ,M,R,D,DO,F , , ,C,50,0,0,0,,,1757301,5434747
Hutt City,CASTLE CRESCENT,40,W, ,LORD ST,201415543,07/08/2014,Thu,922,PO,TW1E,330A 387A 723B 730B ,,E,D,O ,F , , ,N,50,0,0,1,19,,1766545,5441649
Hutt City,CHURTON CRESCENT,20,E, ,TAITA DRIVE,201431080,01/03/2014,Sat,210,DB,CS1,121A 517A ,F,E,W,DO,F ,T,G,R,50,0,0,0,,,1763621,5439110
Hutt City,COAST ROAD,4700,N, ,CATCHPOOL VALLEY ROAD,201439953,31/05/2014,Sat,1600,CB,MN1C,137A 372B ,,R,D,BN,F , ,N,C,100,0,0,0,,,1761198,5423809
Hutt City,COAST ROAD,400,S, ,PARENGA ST,201450057,28/11/2014,Fri,1749,DA,VN1,103A 111A ,C,E,W,O ,H , , ,C,80,0,0,0,,,1763339,5427304
Hutt City,COAST ROAD,600,S, ,PARENGA ST,201447458,22/11/2014,Sat,1815,CC,CN1,129A 198A ,,R,W,O ,F , ,N,C,80,0,0,0,,,1763271,5427118
Hutt City,COAST ROAD,25,N, ,WOOD ST,201443755,18/06/2014,Wed,1823,ME,CN1C,112A ,,R,D,DO,F , , ,C,50,0,0,0,,,1763391,5427953
Hutt City,COAST ROAD,50,N, ,WOOD ST,201436121,08/05/2014,Thu,1620,MO,CN1,371A 929 ,FHJ,R,D,O ,F ,D,N,C,50,0,0,0,,,1763391,5427978
Hutt City,COLE ST,50,S, ,WHEATLEY ST,201433540,18/04/2014,Fri,1530,MO,CS1C,385A 929 ,M,R,D,OF,F , ,N,C,50,0,0,0,,,1763305,5436809