TLANAME,CRASHROAD,CRASHDIST,CRASHDIRN,INTSN,SIDEROAD,CRASHID,CRASHDATE,CRASHDOW,CRASHTIME,MVMT,VEHICLES,CAUSES,OBJECTSSTRUCK,ROADCURVE,ROADWET,LIGHT,WTHRa,JUNCTYPE,TRAFCTRL,ROADMARK,SPDLIM,CRASHFATALCNT,CRASHSEVCNT,CRASHMINCNT,PERSAGE1,PERSAGE2,EASTING,NORTHING
Hutt City,COMPTON CRESCENT,60,N, ,REYNOLDS ST S,201447025,14/10/2014,Tue,2115,EA,CN1C,103A 129A ,M,E,D,DO,F , ,N,C,50,0,0,0,,,1763867,5439509
Hutt City,CORNWALL ST,15,N, ,RAROA ROAD,201436095,20/05/2014,Tue,1545,MA,CN1C,373B ,,R,D,OF,F , ,N,P,50,0,0,0,,,1760156,5436465
Hutt City,CORNWALL ST,, ,I,WATERLOO ROAD,201416138,17/09/2014,Wed,836,HA,CE2C,322A ,,R,D,B ,F ,X,T,C,50,0,0,1,,,1760090,5436236
Hutt City,CUBA ST,, ,I,ADELAIDE ST,201412843,25/03/2014,Tue,725,HA,CN1C,321B 350B ,,R,D,O ,F ,X,S,R,50,0,0,1,,,1757934,5434170
Hutt City,CUBA ST,15,S, ,BOUVERIE ST,201436648,09/05/2014,Fri,1820,AO,VS1C,150A 381A ,,E,D,DO,F , ,N,R,50,0,0,0,,,1758296,5435030
Hutt City,CUBA ST,50,S, ,BOUVERIE ST,201444911,30/09/2014,Tue,1633,FD,CN1CC,181A 331A ,,R,D,B ,F , ,N,C,50,0,0,0,,,1758282,5434998
Hutt City,CUBA ST,15,S, ,JACKSON ST,201448089,10/11/2014,Mon,1035,MA,TS1C,373B 671B ,,R,D,B ,F , , ,C,50,0,0,0,,,1757982,5434279
Hutt City,CUBA ST,20,S, ,MONTAGUE ST,201442898,11/09/2014,Thu,2344,CB,CN1,105A 351A ,PS,R,D,DO,F , ,N,C,50,0,0,0,,,1758499,5435434
Hutt City,DALTON GROVE,100,E, ,STOKES VALLEY ROAD,201415928,12/09/2014,Fri,800,CB,CW1,351A ,J,R,D,O ,F , , ,C,50,0,0,2,,,1766384,5438778
Hutt City,DAYSH ST,, ,I,NAENAE ROAD,201447149,06/09/2014,Sat,220,DB,CE2,111A 131A 407A ,GK,E,W,DO,F ,R,G,C,50,0,0,0,,,1762905,5436988
Hutt City,DAYSH ST,, ,I,PARK AVENUE,201437696,05/06/2014,Thu,1715,FA,CN14,181A 331A 350A ,,R,D,DO,F ,T,G,C,50,0,0,0,,,1762646,5437346
Hutt City,DAYSH ST,, ,I,PARK AVENUE,201447424,21/11/2014,Fri,1939,BB,CE1C,124A 354A ,,R,D,O ,F ,T,G,C,50,0,0,0,,,1762646,5437346
Hutt City,DELANEY DRIVE,100,E, ,AUGUST ST,201445937,26/07/2014,Sat,845,DA,CE1,131A 197A 802 ,P,E,I,B ,FF, , ,N,50,0,0,0,,,1765734,5439176
Hutt City,DEMPSEY ST,, ,I,HEWER CRESCENT,201445939,22/09/2014,Mon,1012,DA,4E2C,129A 407A 801 ,M,R,W,O ,H ,T,N,C,50,0,0,0,,,1763660,5437380
Hutt City,DOWSE DRIVE,150,E, ,BUSHEY WAY,201432903,05/03/2014,Wed,2127,DA,CN1,101A 111A 131A 801 ,F,S,W,DO,L , , ,C,50,0,0,0,,,1757606,5435906
Hutt City,DOWSE DRIVE,50,W, ,BUSHEY WAY,201443745,13/07/2014,Sun,1638,DB,CS1C,111A 131A ,M,M,W,TF,F , , ,C,50,0,0,0,,,1757525,5435981
Hutt City,DOWSE DRIVE,150,S, ,MAGNOLIA GROVE,201442612,20/07/2014,Sun,1000,DB,VN1C,131A ,,M, , F,  , ,N,C,100,0,0,0,,,1757510,5435511
Hutt City,DOWSE DRIVE,, ,I,WALNUT WAY,201432916,24/01/2014,Fri,,GD,MN1C,331A 353A ,,R,D,TF,F ,T,G,C,50,0,0,0,,,1757488,5435776
Hutt City,DOWSE INTERCHANGE,, ,I,HUTT ROAD,201437426,14/05/2014,Wed,1210,LB,4N1T,302A 375A 901 ,,M,W,B ,H ,R,G,C,50,0,0,0,,,1758004,5435524
Hutt City,EASTERN HUTT ROAD,100,N, ,HIGH ST,201440810,25/07/2014,Fri,1321,AC,4N1C,372A ,,R,D,O ,F , , ,R,80,0,0,0,,,1765555,5440979
Hutt City,EASTERN HUTT ROAD,, ,I,HIGH ST,201443440,24/09/2014,Wed,1445,FB,CN1C,181A ,,R,D,B ,F ,R,G,C,80,0,0,0,,,1765479,5440923
Hutt City,EASTERN HUTT ROAD,190,N, ,PETERKIN ST N,201443333,04/09/2014,Thu,1144,AD,VS1T,150A 386A ,,R,D,B ,F , ,N,C,50,0,0,0,,,1764456,5439126
Hutt City,EASTERN HUTT ROAD,610,N, ,PETERKIN ST N,201430341,06/01/2014,Mon,1806,CB,CN1,129A 357A ,FS,R,D,B ,F , ,N,C,70,0,0,0,,,1764647,5439495
Hutt City,EASTERN HUTT ROAD,, ,I,PETERKIN ST N,201410121,08/01/2014,Wed,900,QG,CN1C,406A ,Q,R,D,B ,F ,T,G,C,50,0,0,1,,,1764511,5438946
Hutt City,EASTERN HUTT ROAD,, ,I,PETERKIN ST S,201414958,27/06/2014,Fri,1730,JA,ME1C,302B 375B ,,R,W,DO,F ,T,G,P,50,0,0,1,,,1764199,5438500
Hutt City,EASTERN HUTT ROAD,60,S, ,POMARE STATION,201438574,12/06/2014,Thu,759,MC,CS1C,372B ,,R,D,O ,F , , ,P,70,0,0,0,,,1765230,5440502
Hutt City,EASTERN HUTT ROAD,200,S, ,REYNOLDS BACH ROAD,201436840,23/05/2014,Fri,45,DA,CN1,103A 111A 131A 359A ,G,E,D,DN,F , , ,C,80,0,0,0,,,1767074,5442625
Hutt City,EASTERN HUTT ROAD,, ,I,SLIP ROAD,201445187,07/10/2014,Tue,1335,DB,CW1,131A 358A ,C,M,D,B ,F ,Y,N,L,50,0,0,0,,,1766166,5441445
Hutt City,EASTERN HUTT ROAD,50,N, ,STOKES VALLEY ROAD,201436670,07/05/2014,Wed,1830,FA,CN1P,181A 503A ,,R,D,DO,F , ,N,C,80,0,0,0,,,1766247,5441525
Hutt City,EASTERN HUTT ROAD,400,N, ,STOKES VALLEY ROAD,201439344,22/06/2014,Sun,930,CB,CS1,101A 131A ,X,R,W,OF,F , ,N,N,80,0,0,0,,,1766462,5441797
Hutt City,EASTERN HUTT ROAD,, ,I,STOKES VALLEY ROAD,201449292,04/12/2014,Thu,1600,FB,CE1C,181A 387A ,,E,W,O ,L ,R,G,R,80,0,0,0,,,1766199,5441471
Hutt City,EASTERN HUTT ROAD,, ,I,WINGATE OVERBRIDGE,201411190,11/04/2014,Fri,1714,JC,CE2C,110A 132A 302B 375B 904 ,,R,W,TF,M ,T,G,R,50,0,0,1,,,1763960,5438338
Hutt City,ELIZABETH ST,100,W, ,YORK ST,201445261,16/10/2014,Thu,1330,CA,CW1,112A 130A 514A 517A ,K,R,D,B ,F , , ,N,50,0,0,0,,,1759822,5433961
Hutt City,ENFIELD ST,20,W, ,EXMOOR GROVE,201438377,15/06/2014,Sun,1858,EA,CW1C,501A ,M,R,D,DO,F , , ,C,50,0,0,0,,,1762853,5433076
Hutt City,EVANS ST,50,E, ,GEORGE ST,201413013,13/05/2014,Tue,1916,NF,4S1E,341A 715B 724B 925 ,,R,W,DO,F ,D,N,C,50,0,0,1,54,,1766094,5439969
Hutt City,EVEREST AVENUE,10,E, ,HILLARY COURT,201443433,06/09/2014,Sat,900,EA,CW1C,386A ,M,R,D,B ,F ,T,N,C,50,0,0,0,,,1763338,5437298
Hutt City,EVEREST AVENUE,100,E, ,VOGEL ST,201431428,06/03/2014,Thu,2055,EA,TE1TC,385A ,MD,R,D,DO,F , ,N,N,50,0,0,0,,,1763315,5437281
Hutt City,EVEREST AVENUE,100,E, ,VOGEL ST,201412603,05/04/2014,Sat,1353,NA,CE1E,712B 713B 727B ,,R,D,BF,F , ,N,X,50,0,0,1,5,,1763315,5437281
Hutt City,FAIRWAY DRIVE,10,N, ,HIGH ST,201437844,04/06/2014,Wed,1800,MC,CN1C,372B ,,E,W,DO,F ,T,N, ,50,0,0,0,,,1762494,5437549
Hutt City,FAIRWAY DRIVE,, ,I,TAITA DRIVE,201442139,20/07/2014,Sun,1735,HA,CW1C,301B ,,R,W,DO,L ,X,S,C,50,0,0,0,,,1762205,5437717
Hutt City,FAIRWAY DRIVE,200,E, ,WESTERN HUTT ROAD,201448180,27/11/2014,Thu,2242,CC,4S1,130A 412A ,IP,R,D,DO,F , , ,R,50,0,0,0,,,1761845,5438172
Hutt City,FAIRWAY ON RAMP,, ,I,FAIRWAY DRIVE,201449297,18/12/2014,Thu,730,FB,CN1C,181A ,,R,D,O ,L ,T,G,C,50,0,0,0,,,1761957,5437958
Hutt City,FAIRWAY ON RAMP,40,S, ,HARCOURT WERRY DRIVE,201449298,23/12/2014,Tue,1730,FA,CS1C,181A ,,R,D,O ,F , , ,C,50,0,0,0,,,1761895,5437944
Hutt City,FAIRWAY ON RAMP,, ,I,HARCOURT WERRY DRIVE,201447188,12/11/2014,Wed,1445,FB,CN1C,181A 331A ,,R,D,O ,F ,T,G,C,50,0,0,0,,,1761863,5437967
Hutt City,FARMER CRESCENT,10,N, ,PECK ST,201413561,15/07/2014,Tue,1415,MD,CN1CC,197A 371B 929 ,M,R,D,O ,F ,D, ,N,50,0,0,1,,,1765238,5440629
Hutt City,FENCHURCH GROVE,150,E, ,SHAFTESBURY GROVE,201431412,06/02/2014,Thu,1545,GB,VS1C,142B 929 ,,R,D,OF,F ,D,N,N,50,0,0,0,,,1765606,5440099
Hutt City,FITZHERBERT ROAD,, ,I,NELSON CRESCENT,201441199,17/07/2014,Thu,1008,HA,CN1C,302A 375A ,,M,W,OF,L ,R,G,R,50,0,0,0,,,1763170,5430995
Hutt City,FITZHERBERT ROAD,, ,I,NELSON CRESCENT,201448851,14/12/2014,Sun,1802,HA,CN1C,302A 363A 375A 902 ,,E,D,B ,F ,R,G,C,50,0,0,0,,,1763170,5430995
Hutt City,FITZHERBERT ROAD,70,S, ,THE STRAND,201432798,14/03/2014,Fri,753,MD,CN1C,110B 308B 371B 929 ,,R,D,B ,F ,D, ,C,50,0,0,0,,,1763149,5430739
Hutt City,FITZHERBERT ROAD,, ,I,WAINUIOMATA HILL ROAD,201439222,03/06/2014,Tue,1235,JA,CE1C,302B ,,S,D,B ,F ,R,G,R,50,0,0,0,,,1763105,5430269
Hutt City,FITZHERBERT ST,, ,I,JACKSON ST,201441443,21/07/2014,Mon,810,EO,TN1,179A 386A ,H,R,W,O ,F ,X,S,C,50,0,0,0,,,1757158,5434656
Hutt City,FOSTER ST,, ,I,PERCY CAMERON ST,201450923,26/07/2014,Sat,1653,DC,CW2,433A ,F,E,D,O ,F ,T,G,C,50,0,0,0,,,1763603,5438586
Hutt City,FREDERICK ST,15,N, ,MCKAY ST,201438853,07/06/2014,Sat,1956,EA,CN1CC,101A 129A 359A ,MM,R,D,DO,F , ,N,C,50,0,0,0,,,1763373,5431420
Hutt City,FREDERICK ST,20,S, ,MCKAY ST,201430444,15/01/2014,Wed,1400,EA,CN1C,386A ,M,R,D,B ,F , ,N,C,50,0,0,0,,,1763377,5431385
Hutt City,GEORGE ST,80,N, ,BOGLE GROVE,201441915,17/08/2014,Sun,1731,FA,CS1V,101A 111A 331A ,,E,D,O ,F , , ,C,50,0,0,0,,,1766092,5440458
Hutt City,GEORGE ST,50,E, ,CHITTICK ST,201416169,17/09/2014,Wed,1551,NA,CS1E,377A 713B ,,R,D,O ,F , , ,C,50,0,0,1,8,,1766047,5439293
Hutt City,GEORGE ST,100,N, ,SPEEDY ST,201435550,30/04/2014,Wed,1612,CB,CN1,103A 130A 402A 632A ,P,R,D,O ,F , , ,C,50,0,0,0,,,1765985,5439631
Hutt City,GLEN ROAD,, ,I,HAWTHORN CRESCENT,201440037,12/04/2014,Sat,2024,LB,VN1C,303B 517B ,,R,D,DO,F ,T,G,C,50,0,0,0,,,1766611,5440325
Hutt City,GODLEY ST,, ,I,WHITES LINE EAST,201432864,15/03/2014,Sat,1130,MG,CS1C,371B ,,E,D,O ,F ,T,S,C,50,0,0,0,,,1760492,5434650
Hutt City,GORDON ST,300,W, ,BARSI GROVE,201448750,26/11/2014,Wed,905,MC,VE1C,372B 402B ,,R,D,B ,F , , ,N,50,0,0,0,,,1762992,5437870
Hutt City,GRACEFIELD ROAD,150,E, ,BELL ROAD SOUTH,201434521,03/03/2014,Mon,922,JC,XW1M,308A 375A 927 ,,E,D,BF,F ,D,N,P,50,0,0,0,,,1760711,5433353
Hutt City,GRACEFIELD ROAD,190,N, ,BELL ROAD SOUTH,201444369,08/08/2014,Fri,1627,DB,CS1,111A 131A 632A ,C,M,W,O ,F , , ,N,50,0,0,0,,,1760744,5433375
Hutt City,GRENVILLE ST,, ,I,CAMBRIDGE TERRACE,201441677,04/08/2014,Mon,1430,LB,CS1C,102B 124B 303B ,,R,D,B ,F ,T,G,C,50,0,0,0,,,1760337,5435008
Hutt City,GURNEY ROAD,300,S, ,TERRYS PLACE,201435276,19/04/2014,Sat,1549,QD,TS1,428A ,P,R,D,O ,F , , ,N,50,0,0,0,,,1762161,5438863
Hutt City,GUTHRIE ST,, ,I,GODLEY ST,201434933,10/03/2014,Mon,2003,KB,CW1C,302B 375B ,,R,D,DO,F ,T,G,C,50,0,0,0,,,1760932,5434869
Hutt City,HAIR ST,270,N, ,GAWLER GROVE,201443456,21/09/2014,Sun,1511,MO,CN1C,371A 386A ,M,R,D,B ,F , ,N,C,50,0,0,0,,,1763960,5429563
Hutt City,HAMSTEAD ST,80,N, ,HARLOW GROVE,201412948,17/05/2014,Sat,2200,NB,CN1E,105B 713B ,,R,D,DO,M , , ,N,50,0,0,1,35,,1762966,5432830
Hutt City,HARDY ST,, ,A,UNKNOWN,201443812,15/08/2014,Fri,1830,EA,CN1C,129A ,M,R,D,BF,F , ,N,C,50,0,0,0,,,,
Hutt City,HARRISON CRESCENT,20,N, ,OXFORD TERRACE,201445604,04/10/2014,Sat,917,MO,CS14,330A 371A 402A ,M,R,D,B ,F , , ,N,50,0,0,0,,,1762836,5437233
Hutt City,HAWKINS ST,, ,I,CAMBRIDGE TERRACE,201444149,28/07/2014,Mon,920,MO,TW1C,372A 671A ,,R,D,BF,F ,T,G,C,50,0,0,0,,,1760210,5434883
Hutt City,HAWTHORN CRESCENT,20,E, ,STOKES VALLEY ROAD,201411958,27/03/2014,Thu,826,PC,VS1E,308A 371A 727B 929 ,,R,D,OF,F ,D,N,C,50,0,1,0,7,,1766333,5440231
Hutt City,HEBDEN CRESCENT,800,S, ,SH 58,201400122,27/05/2014,Tue,630,DB,CS1,104A 111A 131A 517A 800 ,C,E,W,DN,F , , ,C,80,1,2,0,,,1764878,5441146
Hutt City,HIGH ST,10,E, ,ANDREWS AVENUE,201433971,10/04/2014,Thu,1045,MO,CE1C,371A 926 ,,R,D,B ,F ,D,N,C,50,0,0,0,,,1759445,5436192
Hutt City,HIGH ST,15,S, ,BIDDLE CRESCENT,201414749,30/07/2014,Wed,1615,CB,CN1,130A 402A 412A 801 ,T,R,W,O ,L ,X,G,C,50,0,0,1,,,1764600,5439891
Hutt City,HIGH ST,30,E, ,BOULCOTT ST,201448673,08/12/2014,Mon,1345,FC,VW1C,181A 331A ,,R,D,B ,F ,T,G,X,50,0,0,0,,,1761328,5436886
Hutt City,HIGH ST,, ,I,BOULCOTT ST,201438222,26/05/2014,Mon,1627,KB,TW1CC,302B 377B ,HX,R,D,BF,F ,T,G,X,50,0,0,0,,,1761298,5436884
Hutt City,HIGH ST,5,E, ,BRUNSWICK ST,201443439,25/09/2014,Thu,1215,FC,CE1C,181A ,,R,D,B ,F ,T,G,C,50,0,0,0,,,1760412,5436771
Hutt City,HIGH ST,40,E, ,BRUNSWICK ST,201436123,13/05/2014,Tue,1019,JA,CN1C,308B 922 ,,R,W,O ,L ,D,N,C,50,0,0,0,,,1760446,5436781
Hutt City,HIGH ST,20,W, ,BRUNSWICK ST,201442841,05/09/2014,Fri,1330,MF,XE1C,372B 926 ,,R,W,O ,F ,D,N,C,50,0,0,0,,,1760389,5436763
Hutt City,HIGH ST,, ,I,DAYSH ST,201439461,21/06/2014,Sat,1145,GO,TE1C,179A ,,E,D,O ,F ,R,G,R,50,0,0,0,,,1762494,5437523
Hutt City,HIGH ST,, ,I,DOWNER ST,201410168,09/01/2014,Thu,1704,NF,CS1E,371A ,,R,D,O ,F ,T,G,C,50,0,0,1,55,,1760204,5436664
Hutt City,HIGH ST,5,E, ,FARMER CRESCENT N,201439833,13/06/2014,Fri,900,FA,CE1T,331A 363A 902 ,,R,D,B ,F ,T,G,C,50,0,0,0,,,1764892,5440773
Hutt City,HIGH ST,100,N, ,LAINGS ROAD,201415723,02/09/2014,Tue,745,FB,SS1C,357A 512A ,,R,D,BF,F , ,N,C,50,0,0,1,,47,1759447,5436193
Hutt City,HIGH ST,10,S, ,LAINGS ROAD,201446671,01/11/2014,Sat,1245,MO,CS1C,386A ,M,R,D,B ,F ,T,G,N,50,0,0,0,,,1759358,5436128
Hutt City,HIGH ST,, ,I,MACKY ST,201433538,23/04/2014,Wed,740,KB,CS1C,302A 353A 377A ,,R,D,BF,F ,T,G,C,50,0,0,0,,,1764224,5439037
Hutt City,HIGH ST,, ,I,MELLING LINK,201431747,02/02/2014,Sun,1758,FO,CS1V,357A 512A ,,M, ,O ,  ,R,G,R,50,0,0,0,,,1760070,5436589
Hutt City,HIGH ST,, ,I,MELLING LINK,201432338,20/01/2014,Mon,1733,KC,CW1B,386B ,,R,D,B ,F ,R,G,R,50,0,0,0,,,1760070,5436589
Hutt City,HIGH ST,5,W, ,MITCHELL ST,201436855,02/05/2014,Fri,1120,FC,VW1C,112A 331A 402A ,,R,D,B ,F ,T,S,X,50,0,0,0,,,1761672,5436904
Hutt City,HIGH ST,15,W, ,MITCHELL ST,201411085,04/02/2014,Tue,1640,NA,CW1K,717B ,,R,D,B ,F , , ,X,50,0,0,1,,,1761662,5436903
Hutt City,HIGH ST,, ,I,MOLESWORTH ST,201440822,14/06/2014,Sat,1224,FD,CS1C,191A 331A ,,R,D,O ,F ,T,G,C,50,0,0,0,,,1764890,5440612
Hutt City,HIGH ST,30,N, ,PARK AVENUE,201449662,17/12/2014,Wed,1545,MA,CN1CC,330B 371B ,,R,D,O ,F , , ,C,50,0,0,0,,,1762379,5437434
Hutt City,HIGH ST,70,N, ,PARK AVENUE,201435750,24/04/2014,Thu,1600,KA,CS1C,308B 377B 839 922 ,,R,D,O ,F ,D, ,C,50,0,0,0,,,1762410,5437459
Hutt City,HIGH ST,, ,I,PARK AVENUE,201441346,02/08/2014,Sat,1930,KA,CS1C,302B 375B 901 ,,R,W,DO,H ,T,G,C,50,0,0,0,,,1762355,5437416
Hutt City,HIGH ST,10,S, ,PECK ST,201439122,18/06/2014,Wed,2045,EA,CN1V,195A 402A ,M,E,D,DO,F ,T,N,L,50,0,0,0,,,1764944,5440538
Hutt City,HIGH ST,20,E, ,POTOMARU ST,201448132,21/10/2014,Tue,1008,EA,CE1CC,104A 129A ,MM,R,D,B ,F , , ,C,50,0,0,0,,,1760972,5436866
Hutt City,HIGH ST,, ,I,PRETORIA ST,201414403,19/06/2014,Thu,1440,HA,CN1M,302A 375A ,,R,D,BF,F ,R,G,R,50,0,0,1,,,1760070,5436589
Hutt City,HIGH ST,, ,I,PRETORIA ST,201448983,11/12/2014,Thu,1430,AC,4S1B,386B ,,R,D,O ,F ,R,G,R,50,0,0,0,,,1760070,5436583
Hutt City,HIGH ST,, ,I,PRETORIA ST,201436686,03/03/2014,Mon,1542,AO,BW1V,150A 386A ,,R,D,O ,F ,R,G,R,50,0,0,0,,,1760070,5436589
Hutt City,HIGH ST,, ,I,QUEENS DRIVE,201441344,27/07/2014,Sun,1920,HA,CS1C,302A 375A ,,R,D,DO,F ,R,G,R,50,0,0,0,,,1759884,5436482
Hutt City,HIGH ST,50,N, ,RAROA ROAD,201436253,19/03/2014,Wed,1035,MA,CS1C,373B ,,R,D,B ,F , , ,C,50,0,0,0,,,1759981,5436538
Hutt City,HIGH ST,20,W, ,ROPATA CRESCENT,201441293,22/07/2014,Tue,1000,FC,CW1C,331A 350A 402A 801 ,,R,W,O ,L , , ,X,50,0,0,0,,,1760650,5436834
Hutt City,HIGH ST,120,N, ,ST COLUMBANS GROVE,201442254,28/07/2014,Mon,842,FC,CN1C,181A ,,R,D,B ,F , , ,X,50,0,0,0,,,1762005,5437086
Hutt City,HIGH ST,20,N, ,TAITA DRIVE,201414924,18/06/2014,Wed,855,FD,MN1C,331A 353A ,,E,D,OF,F , ,N,P,50,0,0,1,,,1764833,5440715
Hutt City,HIGH ST,, ,I,TAITA DRIVE,201414329,10/06/2014,Tue,1956,LB,CN1C,303B 404B 801 ,,E,W,DO,L ,T,G,C,50,0,1,1,,,1764819,5440701
Hutt City,HIGH ST,, ,I,TAITA DRIVE,201446670,07/11/2014,Fri,1635,KA,CN2C,353A 387A ,,M,D,B ,F ,T,G,P,50,0,0,0,,,1764819,5440701
Hutt City,HIGH ST,30,N, ,THORNYCROFT AVENUE,201444142,13/09/2014,Sat,1804,FD,CN1C,181A ,,R,D,DO,F , ,N,X,50,0,0,0,,,1761962,5437047
Hutt City,HIGH ST,, ,A,UNKNOWN,201444776,08/10/2014,Wed,1135,MF,CN1C,371B ,,R,D,OF,FS, ,N,C,50,0,0,0,,,,
Hutt City,HILL ROAD,, ,I,FOSTER CRESCENT,201434080,09/04/2014,Wed,1704,JA,CN1C,301B 375B ,,E,W,O ,F ,T,S,C,50,0,0,0,,,1761255,5438585
Hutt City,HILL ROAD,, ,I,FOSTER CRESCENT,201449088,02/12/2014,Tue,735,LB,CS1C,303B 338B ,,M,W,OF,L ,T,S,C,50,0,0,0,,,1761255,5438585
Hutt City,HINE ROAD,15,W, ,HOMEDALE ROAD,201449291,16/12/2014,Tue,1915,EA,CW1C,129A 902 ,M,E,D,B ,F , , ,N,50,0,0,0,,,1763883,5428697
Hutt City,HOLBORN DRIVE,400,N, ,CLAPHAM GROVE,201434936,22/01/2014,Wed,1930,DA,CN1C,111A 131A ,M,E,W,OF,L , ,N,C,50,0,0,0,,,1766035,5441297
Hutt City,HOLBORN DRIVE,20,E, ,HAROLD GROVE,201435277,10/04/2014,Thu,2125,DB,BW1,386A ,F,S,W,DO,L ,T,N,C,50,0,0,0,,,1766176,5441272
Hutt City,HOLLAND ST,, ,I,GARDINER GROVE,201430285,10/01/2014,Fri,2330,DA,CN2,131A 358A ,T,R,D,DO,F ,T,N,N,50,0,0,0,,,1762298,5430079
Hutt City,HOLLANDS CRESCENT,60,S, ,CAMBRIDGE TERRACE,201447004,16/10/2014,Thu,1338,BB,TN1V,818,,E,D,BF,F , ,N,N,50,0,0,0,,,1763012,5437193
Hutt City,HOLLANDS CRESCENT,15,E, ,HORLOR ST,201447003,29/10/2014,Wed,1405,MA,CE1C,373B 671B ,,E,W,OF,L ,T,G,N,50,0,0,0,,,1763176,5437158
Hutt City,HORLOR ST,10,E, ,HOLLANDS CRESCENT,201445298,26/09/2014,Fri,2259,MO,CN1C,101A 129A 371A ,M,R,D,DO,F ,T,N,C,50,0,0,0,,,1763159,5437144
Hutt City,HOROEKA ST,, ,I,LOWRY CRESCENT N,201418390,24/12/2014,Wed,7,DA,CS1,102A 111A 131A ,,E,D,DO,F ,T,N,C,50,0,0,1,,,1766945,5440299
Hutt City,HOROEKA ST,, ,A,UNKNOWN,201443814,15/08/2014,Fri,1510,EA,CE1C,129A ,M,R,W,OF,F , ,N,C,50,0,0,0,,,,
Hutt City,HUATOKI ST,, ,I,HIGH ST,201433714,29/03/2014,Sat,1215,GF,BS2C,129A ,,M,D,O ,F ,R,G,R,50,0,0,0,,,1760070,5436589
Hutt City,HUTT PARK ROAD,20,W, ,GRACEFIELD ROAD,201446964,21/10/2014,Tue,1000,MO,VE1C,385A ,M,R, , F,F , ,N,C,50,0,0,0,,,1760529,5432726
Hutt City,HUTT PARK ROAD,, ,I,PARKSIDE ROAD,201448156,28/11/2014,Fri,1207,LB,CW2V,303B ,,R,D,B ,F ,T,S,N,50,0,0,0,,,1760053,5433176
Hutt City,HUTT ROAD,, ,I,DOWSE INTERCHANGE,201412946,27/05/2014,Tue,1708,KA,MW1V,302B ,,R,D,TO,F ,R,G,R,50,0,0,1,,,1758004,5435524
Hutt City,HUTT ROAD,, ,I,DOWSE INTERCHANGE,201414922,27/06/2014,Fri,2340,DA,CE1,103A 131A ,F,E,D,DO,F ,R,G,R,50,0,0,1,,,1758024,5435533
Hutt City,HUTT ROAD,, ,I,DOWSE INTERCHANGE,201445606,05/10/2014,Sun,1500,FB,CS1C,331A 353A ,,M,D,B ,F ,R,G,R,50,0,0,0,,,1758017,5435557
Hutt City,HUTT ROAD,, ,I,NEVIS ST,201413486,18/06/2014,Wed,730,JA,SW1C,205A ,,R,D,OO,F ,T,G,P,50,0,0,1,,54,1756561,5434802
Hutt City,HUTT ROAD,, ,I,PARLIAMENT ST,201415927,16/09/2014,Tue,656,KC,CS1C,302A 382A ,,E,D,O ,F ,T,G,R,50,0,1,0,,,1758545,5435991
Hutt City,HUTT ROAD,25,E, ,PETONE AVENUE,201441162,30/05/2014,Fri,930,MO,TW1C,371A 385A 929 ,M,R,D,BN,F ,D,N,C,50,0,0,0,,,1757056,5434958
Hutt City,HUTT ROAD,, ,I,PETONE AVENUE,201438294,16/06/2014,Mon,1814,JA,CW1C,302B 382B ,,R,W,DO,L ,T,G,C,50,0,0,0,,,1757031,5434954
Hutt City,HUTT ROAD,40,E, ,RIDDLERS CRESCENT W,201438169,27/05/2014,Tue,906,GA,CW14V,331A 927 ,M,R,D,BF,F ,D,N,P,50,0,0,0,,,1757144,5434976
Hutt City,HUTT ROAD,50,S, ,TE MOME ROAD,201415073,20/08/2014,Wed,1714,JA,SN1C,308B 927 ,,R,D,O ,F ,D,N,N,50,0,0,1,,20,1758385,5435839
Hutt City,HUTT ROAD,, ,I,THE ESPLANADE,201435813,14/03/2014,Fri,2358,DB,CS1,103A 131A ,S,E,D,DO,F ,R,G,R,50,0,0,0,,,1756109,5434639
Hutt City,HUTT ROAD SLIP,, ,I,PETONE OFFRAMP NORTHBOUND,201412775,01/03/2014,Sat,1500,QB,CE2,532A 663A ,,E,D,BF,F ,R,G,R,50,0,0,1,,,1756045,5434648
Hutt City,HYDE ST,20,S, ,BEST ST,201416264,21/09/2014,Sun,747,DA,CN1,104A 111A 131A 402A ,FHP,E,W,O ,L , , ,C,50,0,1,0,,,1763244,5430369
Hutt City,JACKSON ST,, ,I,BEACH ST,201446923,30/09/2014,Tue,1338,BB,4E2C,124A 377A ,,R,D,BF,F ,T,S,N,50,0,0,0,,,1757538,5434497
Hutt City,JACKSON ST,, ,I,BUICK ST,201433449,01/03/2014,Sat,2027,HA,CN2C,301A 353A 375A ,,R,D,DO,F ,X,S,C,50,0,0,0,,,1757731,5434405
Hutt City,JACKSON ST,, ,I,CUBA ST,201450711,28/11/2014,Fri,1810,EA,BE1C,179A ,Q,R,D,BF,F ,X,T,C,50,0,0,0,,,1757988,5434293
Hutt City,JACKSON ST,15,E, ,QUEEN ST,201418487,07/12/2014,Sun,520,CB,CW1,414A ,JSX,R,D,TO,F , , ,C,50,0,0,1,,,1757669,5434434
Hutt City,JACKSON ST,15,E, ,RICHMOND ST,201444014,02/08/2014,Sat,1914,FD,VW1V,181A ,,R,W,DO,L ,X,G,C,50,0,0,0,,,1757400,5434550
Hutt City,JACKSON ST,, ,I,RICHMOND ST,201444685,04/10/2014,Sat,1315,FB,CW1C,181A ,,R,D,O ,F ,X,G,C,50,0,0,0,,,1757386,5434555
Hutt City,JACKSON ST,15,W, ,SYDNEY ST,201412945,01/06/2014,Sun,712,CB,XE1,129A 358A ,G,R,D,B ,F , , ,L,50,0,0,1,,,1757210,5434633
Hutt City,JACKSON ST,20,E, ,TE PUNI ST,201448066,31/10/2014,Fri,1710,FD,CW1C,181A ,,R,D,B ,F , , ,C,50,0,0,0,,,1756772,5434814
Hutt City,JACKSON ST,5,E, ,TORY ST,201445296,11/10/2014,Sat,1207,FC,CW1C,331A ,,R,D,B ,F ,T,S,C,50,0,0,0,,,1757916,5434322
Hutt City,JACKSON ST,25,E, ,TORY ST,201447005,11/10/2014,Sat,1054,MA,CE1C,373B 671B ,,R,D,BF,F , ,N,C,50,0,0,0,,,1757935,5434314
Hutt City,JACKSON ST,5,W, ,TORY ST,201414153,08/06/2014,Sun,1840,NB,CE1E,306A 387A ,,R,D,DO,F ,T,S,X,50,0,0,1,22,,1757907,5434325