TLANAME,CRASHROAD,CRASHDIST,CRASHDIRN,INTSN,SIDEROAD,CRASHID,CRASHDATE,CRASHDOW,CRASHTIME,MVMT,VEHICLES,CAUSES,OBJECTSSTRUCK,ROADCURVE,ROADWET,LIGHT,WTHRa,JUNCTYPE,TRAFCTRL,ROADMARK,SPDLIM,CRASHFATALCNT,CRASHSEVCNT,CRASHMINCNT,PERSAGE1,PERSAGE2,EASTING,NORTHING
Hutt City,JACKSON ST,100,N, ,VICTORIA ST,201413886,29/05/2014,Thu,710,NA,CW1E,110A 306A 376A ,,R,W,DO,F , , ,X,50,0,1,0,59,,1756996,5434717
Hutt City,JACKSON ST,20,W, ,VICTORIA ST,201443188,05/09/2014,Fri,1600,MO,CW1M,371A ,M,R,W,O ,L , , ,C,50,0,0,0,,,1757073,5434694
Hutt City,JACKSON ST,, ,I,VICTORIA ST,201450044,30/11/2014,Sun,400,CB,CW1,103A 112A 131A ,P,R,D,DO,F ,X,S,X,50,0,0,0,,,1757092,5434687
Hutt City,JESSIE ST,50,S, ,ADELAIDE ST,201435274,07/04/2014,Mon,1720,MB,CN1C,303B ,,R,W,O ,LS, , ,C,50,0,0,0,,,1758363,5433937
Hutt City,KAURI ST,30,E, ,MARINE PARADE,201400227,23/10/2014,Thu,1527,QA,CW1E,502B 721B ,,R,D,O ,F , ,N,N,50,1,0,0,74,,1758492,5426375
Hutt City,KINGS CRESCENT,25,N, ,BRUNSWICK ST,201436096,27/04/2014,Sun,1030,EA,CN1C,129A ,M,R,D,BF,F , ,N,P,50,0,0,0,,,1760807,5436650
Hutt City,KINGS CRESCENT,, ,I,CORNWALL ST,201448297,18/12/2014,Thu,2202,LB,CE1C,303B 375B 402B ,,R,D,DO,F ,X,T,C,50,0,0,0,,,1760119,5436343
Hutt City,KINGS CRESCENT,, ,I,EPUNI ST,201444176,30/07/2014,Wed,1729,JA,CS1C,602A ,,R,W,DO,H ,T,G,C,50,0,0,0,,,1760658,5436539
Hutt City,KINGS CRESCENT,, ,I,MARINA GROVE,201432915,11/03/2014,Tue,2330,CB,CW1,112A 130A ,S,R,D,DO,F ,T,G,C,50,0,0,0,,,1760426,5436367
Hutt City,KINGS CRESCENT,, ,I,PRETORIA ST,201443457,24/09/2014,Wed,1507,HA,CN1C,301B 375B ,,R,D,B ,F ,X,S,P,50,0,0,0,,,1760525,5436440
Hutt City,KINGSLEY ST,20,N, ,LORD ST,201450495,15/12/2014,Mon,1030,MG,CN1C,371B ,,R,D,BF,F , ,P,C,50,0,0,0,,,1766667,5441815
Hutt City,KINGSTON ST,, ,I,ALLEN ST,201446922,20/10/2014,Mon,2123,BA,CW1C,125A 350A ,M,R,D,DO,F ,T,N,N,50,0,0,0,,,1762054,5437249
Hutt City,KNIGHTS ROAD,, ,I,BLOOMFIELD TERRACE,201438293,11/06/2014,Wed,2101,HA,CE1C,302A 375A ,,E,W,DO,L ,R,G,P,50,0,0,0,,,1759937,5436044
Hutt City,KNIGHTS ROAD,5,E, ,CORNWALL ST,201433970,04/04/2014,Fri,830,FD,CW1C,181A ,,R,D,B ,F ,T,G,C,50,0,0,0,,,1760033,5436019
Hutt City,KNIGHTS ROAD,50,E, ,MYRTLE ST,201433541,21/04/2014,Mon,1400,MO,SE1C,181A 925 ,,R,D,BF,F ,D,N,C,50,0,0,0,,,1759817,5436078
Hutt City,KNIGHTS ROAD,, ,I,POHUTUKAWA ST,201430531,29/01/2014,Wed,1005,JA,CW1CC,301B 507B 181C ,,R,D,B ,F ,T,S,R,50,0,0,0,,,1761013,5435750
Hutt City,KNIGHTS ROAD,, ,I,WILLOUGHBY ST,201437429,21/05/2014,Wed,2240,DA,CE1,131A 801 ,K,S,W,DO,L ,T,G,C,50,0,0,0,,,1760492,5435891
Hutt City,KOROKORO ROAD,, ,I,HUTT ROAD,201446927,11/08/2014,Mon,900,MG,CS1C,371B ,,R,D,OF,F ,T,G,C,50,0,0,0,,,1756964,5434938
Hutt City,KOWHAI ST,, ,I,CAMBRIDGE TERRACE,201430351,03/01/2014,Fri,1440,FB,CW1T,108A 112A ,,R,W,O ,H ,T,S,C,50,0,0,0,,,1763754,5438013
Hutt City,LAERY ST,, ,I,PARLIAMENT ST,201411959,24/02/2014,Mon,1456,QO,VS2T,428A 520A ,Q,R,D,BF,F ,T,N,C,50,0,0,1,,,1758611,5436093
Hutt City,LAINGS ROAD,, ,I,BLOOMFIELD TERRACE,201433718,29/03/2014,Sat,330,DA,CS1,111A 131A ,P,E,D,DO,F ,T,S,X,50,0,0,0,,,1759785,5435804
Hutt City,LAINGS ROAD,, ,I,QUEENS DRIVE,201444246,08/09/2014,Mon,1535,LB,CS1C,303B 382B ,,R,D,B ,F ,X,T,C,50,0,0,0,,,1759447,5436073
Hutt City,LEIGHTON AVENUE,120,S, ,WAIKARE AVENUE,201447023,29/10/2014,Wed,845,MG,CN1C,371B 929 ,,R,D,BF,F ,D,N,N,50,0,0,0,,,1760071,5434448
Hutt City,LOGIE ST,90,W, ,GEORGE ST,201438114,26/04/2014,Sat,1347,BF,CS1C,111A 131A ,,E,D,BF,F , ,N,C,50,0,0,0,,,1765941,5439890
Hutt City,LOGIE ST,, ,I,GEORGE ST,201413349,20/05/2014,Tue,1755,ND,4S2E,370A 724B 830 862 ,,E,D,DO,F ,T,G,C,50,0,0,1,31,,1766029,5439875
Hutt City,LOGIE ST,120,W, ,GRIBBLE GROVE,201445155,22/09/2014,Mon,1447,DB,CS1,101A 111A 131A 517A 801 ,,E,W,O ,L , , ,C,50,0,0,0,,,1765715,5440115
Hutt City,LUDLAM CRESCENT,15,N, ,WAI-ITI CRESCENT,201445275,17/10/2014,Fri,745,MA,CN1C,373B ,,R,D,B ,F , , ,C,50,0,0,0,,,1759870,5434970
Hutt City,LUDLAM CRESCENT,, ,I,WAI-ITI CRESCENT,201443810,15/08/2014,Fri,915,LB,CN14,303B ,,R,W,OF,L ,T,G,C,50,0,0,0,,,1759867,5434956
Hutt City,LUDLAM CRESCENT,30,N, ,WHITES LINE EAST,201435751,16/04/2014,Wed,1720,JA,CS1C,308B 314B 370B 801 929 ,,R,W,O ,L ,D, ,P,50,0,0,0,,,1759844,5434861
Hutt City,MABEY ROAD,50,N, ,TAITA DRIVE,201447637,13/11/2014,Thu,1505,DB,CN1,131A 504A ,C,E,W,OF,L , ,N,C,50,0,0,0,,,1762928,5438419
Hutt City,MAIN ROAD,, ,I,BLEDISLOE CRESCENT,201443856,02/09/2014,Tue,1520,GD,VS1C,129A ,,R,D,BN,F ,T,N,C,50,0,0,0,,,1763261,5430042
Hutt City,MAIN ROAD,30,N, ,HINE ROAD,201448179,30/11/2014,Sun,2327,CC,CN1,506A 512A ,F,R,D,DO,F , , ,C,50,0,0,0,,,1763671,5428780
Hutt City,MAIN ROAD,60,S, ,MOORES VALLEY ROAD,201436120,09/05/2014,Fri,1952,EA,VS1C,103A 129A 130A ,M,R,D,DO,F , , ,P,50,0,0,0,,,1763677,5429105
Hutt City,MAIN ROAD,80,N, ,SHORT ST,201448253,16/12/2014,Tue,742,CB,CN1C,129A 410A ,M,R,D,B ,F , ,N,C,50,0,0,0,,,1763401,5429819
Hutt City,MAJOR DRIVE,130,N, ,TAIERI CRESCENT S,201417659,07/12/2014,Sun,2157,CB,VN1,112A 351A 358A ,KP,R,D,DO,F , ,N,R,50,0,2,0,,,1761951,5439234
Hutt City,MARINE DRIVE,150,N, ,MAHINA ROAD,201448181,28/11/2014,Fri,1720,JA,MS1C,191A 308B 378B 929 ,,M,D,O ,F ,D,N,C,70,0,0,0,,,1759825,5429624
Hutt City,MARINE DRIVE,550,S, ,PORT ROAD,201435515,24/04/2014,Thu,0,DC,CW1,103A 110A 332A ,GI,M,D,DO,F , , ,R,70,0,0,0,,,1759466,5431423
Hutt City,MARINE DRIVE,550,W, ,PORT ROAD,201448982,07/12/2014,Sun,2230,DA,CE1,111A 131A 352A ,G,M,D,DO,F , , ,L,50,0,0,0,,,1759466,5431423
Hutt City,MARSDEN ST,, ,I,RAILWAY AVENUE,201417910,05/11/2014,Wed,1534,LB,CS1V,302A 330A 355A ,,M,W,O ,F ,M,G,R,50,0,0,1,,,1758932,5435909
Hutt City,MCDOUGALL GROVE,200,N, ,OLD HAYWARDS ROAD,201445497,05/10/2014,Sun,1430,DA,CS1,111A 131A 813 ,E,E,D,B ,F , , ,N,100,0,0,0,,,1766413,5442420
Hutt City,MEACHEN ST,, ,I,BARNES ST,201443637,24/08/2014,Sun,1400,DB,CW2,131A 402A ,S,R,D,B ,F ,T,N,N,50,0,0,0,,,1759512,5432601
Hutt City,MEADOWS AVENUE,, ,I,BELL ROAD,201439604,28/06/2014,Sat,910,DB,CN2C,111A 131A ,M,E,W,O ,F ,T,G,C,50,0,0,0,,,1760349,5434593
Hutt City,MELLING LINK,, ,I,HIGH ST,201435171,08/04/2014,Tue,2020,HA,CW1C,302A 375A ,,E,W,DO,F ,R,G,C,50,0,0,0,,,1760059,5436591
Hutt City,MELLING LINK,, ,I,RUTHERFORD ST,201447024,24/09/2014,Wed,2240,HA,CN1V,302A 351A 375A ,,E,D,DO,F ,R,G,C,50,0,0,0,,,1759999,5436668
Hutt City,MELLING LINK,100,S, ,SH 2,201432794,27/02/2014,Thu,751,FD,CN1CC,331A 350A ,,R,D,B ,F , , ,L,50,0,0,0,,,1759866,5436861
Hutt City,MILL ROAD,5,S, ,HUTT ROAD,201436759,29/05/2014,Thu,836,MO,VW1C,371A 386A 929 ,M,R,D,B ,F ,D,N,C,50,0,0,0,,,1757540,5435260
Hutt City,MIROMIRO ROAD,80,N, ,ST JOHNS WAY,201434939,06/01/2014,Mon,1535,BF,CS1V,111A 131A ,,M,D,BF,F , ,N,C,50,0,0,0,,,1758416,5436380
Hutt City,MITCHELL ST,, ,I,HALL CRESCENT,201441678,23/06/2014,Mon,1340,DB,VE2CCC,131A 133A ,M,R,D,B ,F ,X,G,N,50,0,0,0,,,1761808,5436586
Hutt City,MOHAKA ST,, ,I,PARKWAY,201433793,13/04/2014,Sun,357,DA,CS1C,111A 131A 514A 517A 827 ,FIK,M,W,DO,L ,R,G,R,50,0,0,0,,,1762024,5431548
Hutt City,MOMONA ST,100,W, ,MEREMERE ST,201439789,21/05/2014,Wed,1549,AA,XN1C,372A ,,E,D,O ,F , , ,N,50,0,0,0,,,1762075,5431696
Hutt City,MOOHAN ST,80,N, ,BULL AVENUE,201411230,01/02/2014,Sat,235,CC,VN1,101A 130A 402A ,FJ,R,D,DO,F , , ,C,50,0,0,1,,,1763626,5429873
Hutt City,MOOHAN ST,80,S, ,NELSON CRESCENT,201436756,30/05/2014,Fri,1200,EA,CN1C,386A ,M,R,D,B ,F , ,N,C,50,0,0,0,,,1763410,5430966
Hutt City,MOOHAN ST,100,N, ,WRIGHT ST,201439102,23/06/2014,Mon,1515,GE,CN1C,160A 929 ,,R,D,B ,F ,D,N,C,50,0,0,0,,,1763413,5430592
Hutt City,MOORES VALLEY ROAD,200,E, ,HAIR ST,201440811,25/07/2014,Fri,2343,DB,CW1,101A 131A ,EG,M,W,DN,F , , ,N,50,0,0,0,,,1764021,5429105
Hutt City,MOORES VALLEY ROAD,2000,E, ,WHITCHER GROVE,201442094,27/07/2014,Sun,950,DB,CS1,103A 131A ,F,M,D,OF,F , ,N,C,70,0,0,0,,,1766160,5430476
Hutt City,MOORES VALLEY ROAD,450,N, ,WHITCHER GROVE,201442104,11/08/2014,Mon,834,DA,CS1,111A 131A 402A ,F,E,W,O ,F , , ,C,70,0,0,0,,,1765186,5429408
Hutt City,MOORES VALLEY ROAD,100,W, ,WHITCHER GROVE,201417697,09/12/2014,Tue,1640,PA,CS1EE,112A 129A ,,R,D,O ,F , ,N,C,50,0,1,1,,,1764685,5429214
Hutt City,MURITAI ROAD,800,S, ,THE PROMENADE,201431502,21/01/2014,Tue,310,CA,CS1C,130A 431A 812 ,,R,W,DO,  , ,N,N,100,0,0,0,,,1757641,5424966
Hutt City,MURITAI ROAD,, ,I,TOTARA ST,201417350,14/11/2014,Fri,2346,DC,CN2,112A 132A 402A ,FPX,R,D,DO,F ,T,G,C,50,0,0,1,,,1759238,5427590
Hutt City,NAENAE ROAD,, ,I,CLENDON ST,201413942,19/06/2014,Thu,1650,LB,SE1C,103B 303B ,,M,D,O ,F ,T,N,C,50,0,0,1,,,1762813,5436925
Hutt City,NAENAE ROAD,, ,I,DAYSH ST,201432226,05/02/2014,Wed,2045,DA,CS2,133A 801 ,P,M,W,DO,L ,R,G,R,50,0,0,0,,,1762920,5436992
Hutt City,NAENAE ROAD,, ,I,DAYSH ST,201447021,24/10/2014,Fri,2152,FB,CW1C,181A ,,R,D,DN,F ,R,G,R,50,0,0,0,,,1762901,5436978
Hutt City,NAENAE ROAD,100,E, ,GIBSON CRESCENT,201447026,17/09/2014,Wed,708,CB,CE1C,103A 129A ,M,R,D,BF,F , ,N,X,50,0,0,0,,,1763794,5437085
Hutt City,NAENAE ROAD,20,S, ,PILCHER CRESCENT W,201415537,07/08/2014,Thu,1352,NA,CS1E,194A 712B 726B ,,R,D,O ,F , , ,C,50,0,1,0,2,,1762754,5436885
Hutt City,NAENAE ROAD,60,S, ,RATA ST,201445778,02/10/2014,Thu,2224,EA,VS1V,101A 112A ,MT,R,D,DO,F , ,N,C,50,0,0,0,,,1763903,5437229
Hutt City,NAENAE ROAD,, ,I,SEDDON ST,201411783,27/03/2014,Thu,1635,HA,CW1M,302A ,,E,D,B ,F ,R,G,R,50,0,1,0,,,1763383,5436983
Hutt City,NAENAE ROAD,, ,I,VOGEL ST,201417153,27/11/2014,Thu,1822,HA,CW1C,302A ,,R,D,O ,FS,R,G,R,50,0,0,1,,,1763383,5436983
Hutt City,NAENAE ROAD,, ,I,WADDINGTON DRIVE,201442255,13/08/2014,Wed,1718,JC,CW2C,302A ,,E,D,O ,F ,T,G,C,50,0,0,0,,,1762664,5436817
Hutt City,NELSON CRESCENT,, ,I,FREDERICK ST,201445777,04/10/2014,Sat,2241,CA,CE1,103A 112A ,P,R,D,DO,F ,R,G,C,50,0,0,0,,,1763392,5431077
Hutt City,NELSON ST,, ,I,CAMPBELL TERRACE,201432118,11/03/2014,Tue,1130,EA,CN1C,386A ,M,R,D,B ,F ,X,G,C,50,0,0,0,,,1757364,5434723
Hutt City,NELSON ST,100,N, ,JACKSON ST,201449673,19/12/2014,Fri,3,CC,CN1,101A 130A 402A ,P,R,D,DO,F , , ,C,50,0,0,0,,,1757345,5434682
Hutt City,NGAUMATAU ROAD,450,S, ,HOWARD ROAD,201416172,29/08/2014,Fri,1500,DC,CS1,103A 130A 507A ,T,R,D,B ,F , , ,N,50,0,1,0,,,1760017,5431311
Hutt City,NORMANDALE ROAD,50,N, ,BRIDGE ST,201418062,29/11/2014,Sat,225,DA,CS1,101A 111A 131A ,F,M,W,DO,F , ,N,C,50,0,0,2,,,1758933,5436124
Hutt City,NORMANDALE ROAD,30,E, ,MIROMIRO ROAD,201437824,07/05/2014,Wed,1630,DA,CW1,402A 503A ,G,M,W,O ,F , ,N,C,50,0,0,0,,,1758511,5436398
Hutt City,NORMANDALE ROAD,400,S, ,PEKANGA ROAD,201416261,05/10/2014,Sun,1051,BO,BS14,129A ,,S,D,B ,F , , ,C,50,0,1,0,,,1758617,5436602
Hutt City,NORMANDALE ROAD,450,N, ,POTO ROAD,201443426,02/09/2014,Tue,1959,MO,CN1,134A 929 ,,R,D,DN,F ,D,N,N,50,0,0,0,,,1758703,5437616
Hutt City,NORTON PARK AVENUE,80,E, ,NORTON PARK GROVE,201448316,11/12/2014,Thu,,EA,VW1C,103A 386A ,M,E,D,B ,F , ,N,C,50,0,0,0,,,1762530,5435700
Hutt City,OATES ST,50,N, ,EVANS ST,201417691,12/12/2014,Fri,1715,MO,CN1,423A 427A 927 ,H,R,W,O ,F ,D,N,R,50,0,0,1,,,1766172,5440009
Hutt City,OXFORD SLIP,, ,I,WATERLOO ROAD,201438509,10/06/2014,Tue,853,MG,CN1C,371B 402B 421B 801 ,,R,W,O ,L ,R,G,R,50,0,0,0,,,1761153,5435945
Hutt City,OXFORD TERRACE,30,E, ,BIRCH ST,201418061,05/11/2014,Wed,1440,ME,VE1C,303B 375B 926 ,,R,D,BF,F ,D,N,C,50,0,0,1,,,1761057,5435790
Hutt City,OXFORD TERRACE,10,S, ,COPELAND ST,201413015,29/04/2014,Tue,1228,NB,4N1E,711B ,,R,D,BN,F ,T,G,C,50,0,0,1,21,,1761774,5436390
Hutt City,OXFORD TERRACE,20,S, ,GORDON ST,201418420,12/10/2014,Sun,1415,CC,CN1C,104A 112A 130A ,FXH,R,D,O ,F , , ,C,50,0,1,0,,,1763367,5437671
Hutt City,OXFORD TERRACE,, ,I,MITCHELL ST,201446116,28/10/2014,Tue,2000,JA,CS1V,302B 375B 901 ,,R,W,DO,H ,T,G,C,50,0,0,0,,,1761860,5436466
Hutt City,PARENGA ST,30,S, ,OREWA GROVE,201432917,12/03/2014,Wed,435,CC,CS1,101A 112A 130A ,F,R,D,DO,F , , ,N,50,0,0,0,,,1763211,5427788
Hutt City,PARK ROAD,, ,I,NATUSCH ROAD,201441434,13/07/2014,Sun,1427,BC,CS1C,122A ,,S,W,O ,F ,T,N,C,50,0,0,0,,,1761021,5437977
Hutt City,PARKSIDE ROAD,100,E, ,HUTT PARK ROAD,201446753,05/10/2014,Sun,337,DB,40,101A 359A ,,E,W,DO,L , ,N,C,50,0,0,0,,,1760142,5433221
Hutt City,PARKSIDE ROAD,100,E, ,HUTT PARK ROAD,201418478,04/12/2014,Thu,1940,DB,CE1C,103A 205A 801 ,,E,W,O ,L , , ,C,50,0,0,1,,,1760142,5433221
Hutt City,PARKSIDE ROAD,100,E, ,SEAVIEW ROAD,201414155,07/04/2014,Mon,1450,GD,4E1CC,331A 353A 929 ,,R,D,OF,F ,D,N,C,50,0,0,1,,,1759859,5433196
Hutt City,PARKWAY,, ,I,MEREMERE ST,201411957,23/03/2014,Sun,2004,LB,ME1C,112A 514A 303B 375B ,,R,D,DO,F ,T,G,C,50,0,1,0,,,1762133,5431570
Hutt City,PARKWAY,20,S, ,MOHAKA ST,201437425,28/05/2014,Wed,2300,DA,CN1,131A ,PT,E,D,DO,F ,R,G,C,50,0,0,0,,,1762002,5431517
Hutt City,PARKWAY,20,E, ,WAINUIOMATA ROAD,201432863,24/03/2014,Mon,640,FD,TW1M,181A 331A ,,R,D,TF,F ,R,G,R,50,0,0,0,,,1761691,5431214
Hutt City,PARKWAY,, ,I,WAINUIOMATA ROAD,201437454,22/05/2014,Thu,1801,FA,4N1V,357A 512A ,,R,D,DO,F ,R,G,R,50,0,0,0,,,1761677,5431182
Hutt City,PETONE AVENUE,15,N, ,JACKSON ST,201434619,02/04/2014,Wed,1258,EA,CN1C,129A ,M,R,D,BF,F , ,N,N,50,0,0,0,,,1757064,5434712
Hutt City,PETONE OFFRAMP NORTHBOUND,, ,A,PETONE OFF NBD,201415454,16/08/2014,Sat,400,DA,CE1,131A 351A ,G,M,W,DO,L , , ,N,50,0,0,1,,,1755830,5434759
Hutt City,PETONE ON SBD,120,E, ,SH 2,201440814,17/07/2014,Thu,2215,DB,CW1,102A 131A 801 ,G,M,W,DO,L , , ,R,50,0,0,0,,,1755796,5434710
Hutt City,PHARAZYN ST,5,E, ,BLOCK ROAD,201445916,17/10/2014,Fri,1545,KA,CW1C,308B 926 ,,R,W,O ,L ,D,N,C,50,0,0,0,,,1759671,5436826
Hutt City,PHARAZYN ST,80,S, ,BLOCK ROAD,201430104,05/01/2014,Sun,1024,EA,CS1C,130A 501A 901 ,M,R,W,O ,H , , ,P,50,0,0,0,,,1759598,5436781
Hutt City,PHARAZYN ST,120,W, ,BLOCK ROAD,201445032,10/10/2014,Fri,705,EA,CW1C,129A 195A ,M,R,D,O ,F , ,N,C,50,0,0,0,,,1759564,5436761
Hutt City,PHARAZYN ST,200,W, ,BLOCK ROAD,201410795,05/03/2014,Wed,1205,LO,SE14,204A 308B 375B 926 ,,R,W,O ,H ,D,N,N,50,0,0,1,,39,1759496,5436719
Hutt City,PHARAZYN ST,, ,I,BLOCK ROAD,201430773,11/02/2014,Tue,1652,JA,CE1C,302B 382B ,,M,D,OF,F ,Y,G,P,50,0,0,0,,,1759667,5436823
Hutt City,PHARAZYN ST,, ,I,BRIDGE ST,201434327,31/03/2014,Mon,1514,JA,VS1C,302B ,,R,D,B ,F ,T,G,P,50,0,0,0,,,1758834,5436120
Hutt City,PHARAZYN ST,, ,I,MARSDEN ST,201430535,20/01/2014,Mon,15,DC,CN2C,423A ,M,R,D,DO,F ,T,G,C,50,0,0,0,,,1759146,5436421
Hutt City,PILMUIR ST,, ,I,COPELAND ST,201444184,30/07/2014,Wed,1720,FB,CS1C,181A ,,R,W,TN,L ,T,G,C,50,0,0,0,,,1761300,5436538
Hutt City,PILMUIR ST,, ,A,HOSPITAL ENT N,201443326,04/09/2014,Thu,1109,MO,CW1,423A ,P,R,D,B ,F , ,N,N,50,0,0,0,,,1761200,5436671
Hutt City,POHUTUKAWA ST,5,S, ,HINAU ST,201431112,19/02/2014,Wed,1649,FC,CN1C,333A 361A ,,R,D,B ,F ,T,N,C,50,0,0,0,,,1760582,5435320
Hutt City,POOLE ST,50,S, ,TAINE ST,201417178,26/11/2014,Wed,1040,CA,MN1,130A 402A ,,R,D,B ,F , , ,L,50,0,0,1,,,1764273,5439409
Hutt City,PORT ROAD,50,N, ,MARCHBANKS ST,201439867,14/05/2014,Wed,1425,MA,VN1CC,197A 402A 373B 377B 414B 801 ,M,R,W,B ,L , , ,C,50,0,0,0,,,1759270,5432125
Hutt City,PORT ROAD,300,S, ,WAIONE ST,201442253,29/08/2014,Fri,1600,DB,CS1C,111A 131A ,M,S,D,O ,F , , ,C,50,0,0,0,,,1759323,5433402
Hutt City,PORUTU ST,20,W, ,DURHAM CRESCENT,201445033,08/10/2014,Wed,1220,MG,CE1T,371B 386B ,,R,D,O ,F , ,N,N,50,0,0,0,,,1761796,5436162
Hutt City,PRETORIA ST,, ,I,ACCESSWAY,201448241,15/11/2014,Sat,310,DB,CE1,103A 111A ,KT,R,D,DO,F ,T,N,C,50,0,0,0,,,1761058,5436287
Hutt City,PRETORIA ST,10,W, ,KINGS CRESCENT,201443458,16/09/2014,Tue,1611,MB,CW1C,330B 372B ,,R,D,B ,F ,T,N,C,50,0,0,0,,,1760515,5436443
Hutt City,QUEENS DRIVE,, ,I,BUNNY ST,201414345,16/05/2014,Fri,1726,NB,CW1E,713B 718B ,,R,D,B ,F ,X,T,P,50,0,0,1,14,,1759660,5436225
Hutt City,QUEENS DRIVE,, ,I,BUNNY ST,201442611,17/07/2014,Thu,2000,FE,CW1C,181A ,,R, ,DO,  ,X,T,C,50,0,0,0,,,1759660,5436225
Hutt City,QUEENS DRIVE,, ,I,HIGH ST,201415874,07/02/2014,Fri,1620,JA,CN1X,302B ,,E,D,O ,F ,R,G,R,50,0,1,0,,,1759277,5435956
Hutt City,QUEENS DRIVE,, ,I,HIGH STREET,201439527,13/06/2014,Fri,1735,GE,400000000000000,171A ,,E,D,TO,F ,R,G,R,50,0,0,0,,,1759273,5435970
Hutt City,QUEENS DRIVE,, ,I,KINGS CRESCENT,201415110,28/04/2014,Mon,1703,KA,SN1C,302B 370B 903 ,,E,D,TF,FS,R,G,R,50,0,1,0,,50,1759918,5436405
Hutt City,QUEENS DRIVE,40,E, ,LAINGS ROAD,201443309,05/09/2014,Fri,1700,MF,CE1C,386B 926 ,M,R,D,TO,F ,D,N,C,50,0,0,0,,,1759479,5436096
Hutt City,QUEENS DRIVE,100,E, ,LAINGS ROAD,201434937,28/03/2014,Fri,705,EA,CW1C,129A ,M,R,D,DO,F , ,N,C,50,0,0,0,,,1759528,5436131
Hutt City,QUEENS DRIVE,200,N, ,LAINGS ROAD,201413502,04/07/2014,Fri,1428,FC,VN1C,181A 427A ,,R,D,B ,F , , ,X,50,0,0,1,,,1759609,5436189
Hutt City,QUEENS DRIVE,80,W, ,LAINGS ROAD,201438205,07/06/2014,Sat,1230,JA,CE1C,308B 377B 925 ,,R,D,OF,F ,D,N,C,50,0,0,0,,,1759371,5436048
Hutt City,QUEENS DRIVE,, ,I,QUEENS ARCADE,201438601,16/06/2014,Mon,1400,FC,CW1C,331A ,,R,D,O ,F ,T,N,C,50,0,0,0,,,1759582,5436169
Hutt City,QUEENS DRIVE,, ,I,RAILWAY AVENUE,201444157,30/07/2014,Wed,1715,AA,CN1V,372A ,,E,W,DO,L ,R,G,R,50,0,0,0,,,1759270,5435889
Hutt City,QUEENS DRIVE,, ,I,WOBURN ROAD,201444158,28/08/2014,Thu,732,AC,VN1C,170A ,,E,D,BF,F ,R,G,R,50,0,0,0,,,1759255,5435905
Hutt City,QUEENS DRIVE,, ,I,WOBURN ROAD,201436758,25/05/2014,Sun,1830,GO,CN1C,381A ,,E,D,DO,F ,R,G,C,50,0,0,0,,,1759255,5435905
Hutt City,QUEENS GROVE,110,E, ,CORNWALL ST,201445029,25/09/2014,Thu,1300,EA,CW1C,129A 386A ,M,R,D,B ,F , ,N,N,50,0,0,0,,,1760165,5436099
Hutt City,RAILWAY AVENUE,, ,A,EWEN BRIDGE,201446101,24/10/2014,Fri,600,CC,CE1,410A 801 ,BK,R,W,O ,L , , ,C,50,0,0,0,,,1759089,5435871
Hutt City,RAILWAY AVENUE,60,E, ,PARLIAMENT ST,201445030,06/10/2014,Mon,1545,MA,CE1V,372B ,,R,W,O ,HS, ,N,P,50,0,0,0,,,1758604,5435978
Hutt City,RAILWAY AVENUE,, ,I,QUEENS DRIVE,201443409,12/09/2014,Fri,1301,AC,CN1C,141A 372A ,,E,D,B ,F ,R,G,R,50,0,0,0,,,1759237,5435899
Hutt City,RAILWAY AVENUE,, ,I,RAILWAY ROAD,201439101,22/06/2014,Sun,1000,GO,TN1V,179A ,,R,D,O ,F ,R,G,C,50,0,0,0,,,1759231,5435882
Hutt City,RAILWAY AVENUE,, ,I,RAILWAY SLIP,201447644,23/11/2014,Sun,1015,JA,CW1C,301B 375B 404B ,,E,D,BF,F ,T,S,P,50,0,0,0,,,1758932,5435909
Hutt City,RAILWAY AVENUE,5,E, ,VICTORIA SLIP,201431123,15/02/2014,Sat,2047,BA,CW1C,125A 330A 402A ,,R,D,DO,F ,T,N,C,50,0,0,0,,,1759005,5435874
Hutt City,RAILWAY SLIP,, ,I,MARSDEN ST,201439343,02/07/2014,Wed,1700,LB,4S1C,300B 375B ,,M,D,TO,F ,M,G,R,50,0,0,0,,,1758932,5435909
Hutt City,RAILWAY SLIP,, ,I,MARSDEN ST,201415285,21/07/2014,Mon,1230,FB,CN1C,181A ,,E,D,OF,F ,M,G,P,50,0,0,1,,,1758932,5435909
Hutt City,RANDWICK CRESCENT,50,N, ,MASON ST E,201445611,09/10/2014,Thu,1815,MD,VN1C,308A 371A 929 ,,R,D,B ,F ,D,N,C,50,0,0,0,,,1759716,5434520
Hutt City,RANDWICK CRESCENT,60,N, ,MASON ST W,201441279,23/07/2014,Wed,2153,CC,CN1V,103A 110A 130A 423A ,M,R,D,DO,F , , ,N,50,0,0,0,,,1759433,5434537
Hutt City,RANDWICK CRESCENT,, ,I,RANDWICK ROAD N,201444923,22/09/2014,Mon,849,GF,TE1C,170A 381A ,,M,D,O ,F ,T,G,C,50,0,0,0,,,1759754,5434454
Hutt City,RANDWICK CRESCENT N,10,W, ,RANDWICK ROAD,201438220,25/05/2014,Sun,707,EC,CE1,101A 129A ,I,R,D,TO,F ,T,G,R,50,0,0,0,,,1759745,5434459
Hutt City,RANDWICK ROAD,, ,I,LUDLAM CRESCENT,201412493,05/04/2014,Sat,335,DA,CN1,103A 111A 131A ,PS,E,D,DO,F ,R,G,R,50,0,1,0,,,1759835,5434821
Hutt City,RANDWICK ROAD,, ,I,LUDLAM CRESCENT,201413492,02/06/2014,Mon,1658,FB,BS1CC,331A ,,E,D,O ,F ,R,G,R,50,0,0,1,,,1759837,5434804
Hutt City,RANDWICK ROAD,30,S, ,RANDWICK CRESCENT N,201433641,18/01/2014,Sat,1448,JA,CS1C,197A 308B 350B 930 ,,R,D,B ,F ,D, ,P,50,0,0,0,,,1759748,5434425
Hutt City,RANDWICK ROAD,60,S, ,RANDWICK CRESCENT S,201448335,02/12/2014,Tue,650,JO,SS1C,204A 370B 929 ,,E,D,O ,F ,D,N,N,50,0,0,0,,,1759705,5434233
Hutt City,RANDWICK ROAD,, ,I,RANDWICK CRESCENT S,201446974,16/08/2014,Sat,2045,CB,CS1C,130A 358A ,M,R,D,DO,F ,T,G,C,50,0,0,0,,,1759717,5434292