TLANAME,CRASHROAD,CRASHDIST,CRASHDIRN,INTSN,SIDEROAD,CRASHID,CRASHDATE,CRASHDOW,CRASHTIME,MVMT,VEHICLES,CAUSES,OBJECTSSTRUCK,ROADCURVE,ROADWET,LIGHT,WTHRa,JUNCTYPE,TRAFCTRL,ROADMARK,SPDLIM,CRASHFATALCNT,CRASHSEVCNT,CRASHMINCNT,PERSAGE1,PERSAGE2,EASTING,NORTHING
Hutt City,RANDWICK ROAD,, ,I,TIRANGI ROAD,201410649,16/02/2014,Sun,1358,JA,CN1C,302B 387B ,,R,D,B ,F ,T,G,C,50,0,0,1,,,1759621,5433840
Hutt City,RANDWICK ROAD,160,S, ,WHITES LINE EAST,201415052,15/08/2014,Fri,843,BE,CN1C,501A ,,R,D,O ,F , , ,L,50,0,1,0,,,1759797,5434655
Hutt City,RANDWICK ROAD,, ,I,WHITES LINE EAST,201411552,08/03/2014,Sat,607,CC,CS1,103A 129A ,F,R,D,DO,F ,R,G,L,50,0,0,1,,,1759835,5434821
Hutt City,RATA ST,, ,I,RIMU ST,201416964,30/10/2014,Thu,909,HA,MS2B,321A 614A ,,R,D,BF,F ,X,S,R,50,0,0,1,,,1764519,5437113
Hutt City,RATA ST,, ,I,TOTARA ST,201433716,22/03/2014,Sat,1524,JA,CN1C,301B ,,R,D,O ,F ,T,S,C,50,0,0,0,,,1762249,5430795
Hutt City,REYNOLDS ST,40,N, ,MILNE CRESCENT N,201448775,28/11/2014,Fri,1917,CC,CN1,130A 804 ,FH,R,W,O ,L , , ,N,50,0,0,0,,,1764186,5439881
Hutt City,REYNOLDS ST,, ,I,MILNE CRESCENT S,201431411,28/01/2014,Tue,2029,LB,CE1C,303B 363B 902 ,P,R,D,BF,F ,T,G,C,50,0,0,0,,,1763981,5439505
Hutt City,REYNOLDS ST,200,N, ,NASH ST,201414592,13/04/2014,Sun,830,CC,CN1,103A 112A 130A ,FP,R,D,O ,F , , ,N,50,0,0,2,,,1764331,5440161
Hutt City,RICHMOND ST,10,N, ,JACKSON ST,201447645,23/11/2014,Sun,1410,MG,CS1V,371B ,,R,D,BF,F ,T,S,C,50,0,0,0,,,1757391,5434565
Hutt City,RICHMOND ST,30,N, ,THE ESPLANADE,201411109,05/04/2014,Sat,340,FA,CS1CC,112A 357A 512A 103B 112B 357B ,M,R,D,DO,F , , ,R,50,0,0,1,,,1757256,5434272
Hutt City,RIMU ST,, ,I,RATA ST,201436838,21/05/2014,Wed,1625,HA,CW2C,197A 197B 301B 402B ,IS,R,D,O ,F ,X,S,R,50,0,0,0,,,1764519,5437113
Hutt City,RINTOUL GROVE,, ,I,GEORGE ST,201448674,24/11/2014,Mon,1945,BB,CS2C,124A ,,R,D,TN,F ,T,G,C,50,0,0,0,,,1766004,5439400
Hutt City,RIVERSIDE DRIVE NORTH,150,S, ,TILBURY ST,201415398,31/08/2014,Sun,1520,DB,MN1,111A 402A ,,M,D,B ,F , ,N,C,50,0,0,1,,,1762386,5436278
Hutt City,RUSSELL ST,50,E, ,FERGUSSON ST,201416973,24/10/2014,Fri,1315,PC,CS1E,371A 378A 834 929 ,,R,D,OF,F ,D,N,N,50,0,0,1,62,,1761018,5435025
Hutt City,RUTHERFORD ST,, ,I,CONNOLLY ST,201432328,14/01/2014,Tue,1144,KA,CE1C,302B ,,M,D,B ,F ,R,G,R,50,0,0,0,,,1760259,5436805
Hutt City,RUTHERFORD ST,50,E, ,MELLING LINK,201443327,02/09/2014,Tue,1154,KB,CE1C,308B 375B 926 ,,R,D,B ,F ,D,N,C,50,0,0,0,,,1760052,5436715
Hutt City,RUTHERFORD ST,100,E, ,MELLING LINK,201412347,14/04/2014,Mon,1729,CB,CE1C,351A ,MS,R,D,O ,F , , ,C,50,0,0,2,,,1760094,5436741
Hutt City,RUTHERFORD ST,10,N, ,MELLING LINK,201415869,19/09/2014,Fri,1036,AA,CW1M,184A 372A ,,R,D,O ,F ,R,G,R,50,0,0,1,,,1760017,5436694
Hutt City,RUTHERFORD ST,70,W, ,MELLING LINK,201449723,20/12/2014,Sat,1439,MO,CN1CC,103A 423A 926 ,M,R,D,B ,F ,D,N,N,20,0,0,0,,,1759924,5436628
Hutt City,RUTHERFORD ST,10,W, ,QUEENS DRIVE,201445031,06/10/2014,Mon,1706,FC,CW1C,110A 181A ,,R,W,O ,F ,R,G,R,50,0,0,0,,,1759831,5436558
Hutt City,RUTHERFORD ST,100,W, ,QUEENS DRIVE,201433539,14/04/2014,Mon,1730,EA,CW1C,129A ,M,R,D,OF,F , ,N,C,50,0,0,0,,,1759756,5436508
Hutt City,RUTHVEN ROAD,, ,I,CASTLEREA ST,201436669,11/05/2014,Sun,1836,DA,CS1C,101A 111A ,M,S,D,DN,F ,T,N,N,50,0,0,0,,,1763504,5431742
Hutt City,SEAVIEW ROAD,, ,I,BARNES ST,201448090,20/11/2014,Thu,1240,JA,TS1C,308B 377B 927 ,,R,D,O ,F ,D,N,C,50,0,0,0,,,1759958,5432562
Hutt City,SEAVIEW ROAD,100,N, ,PARKSIDE ROAD,201438545,02/05/2014,Fri,1425,MO,TN1C,204A 371A 671A 378B 830 927 ,,R,D,B ,F ,D, ,C,50,0,0,0,,,1759688,5433313
Hutt City,SEAVIEW ROAD,, ,I,RANDWICK ROAD,201448764,05/11/2014,Wed,1928,DA,CS2,131A ,FI,M,W,O ,F ,R,G,R,50,0,0,0,,,1759601,5433533
Hutt City,SEDDON ST,, ,I,GRIERSON ST,201410345,19/01/2014,Sun,25,EA,4S1C,103A 371A ,M,R,D,DO,F ,T,N,C,50,0,0,1,,,1763621,5436321
Hutt City,SEDDON ST,5,E, ,WADDINGTON DRIVE,201443560,19/08/2014,Tue,1730,MO,CN1,400A 421A ,H,R,D,TF,F ,T,N,P,50,0,0,0,,,1763598,5436409
Hutt City,SEDDON ST,, ,I,WADDINGTON DRIVE,201443044,14/07/2014,Mon,1810,HA,CS1C,302A 330A ,,R,W,TF,F ,R,G,C,50,0,0,0,,,1763597,5436414
Hutt City,SEDDON ST,10,S, ,WHEATLEY ST,201448293,17/12/2014,Wed,841,FC,CN1C,331A 359A ,,R,D,B ,F ,T,N,C,50,0,0,0,,,1763445,5436904
Hutt City,SLIP,120,E, ,OXFORD TERRACE,201439791,25/05/2014,Sun,500,EA,CW1C,103A 130A 359A ,M,R,D,DO,F , , ,C,50,0,0,0,,,1761161,5435975
Hutt City,SLIP,50,W, ,OXFORD TERRACE,201431078,14/02/2014,Fri,1200,MB,CE1C,330B 372B ,,R,D,B ,F , ,N,C,50,0,0,0,,,1761229,5435956
Hutt City,STANLEY ST,170,W, ,SHARPE CRESCENT,201416062,10/10/2014,Fri,1900,CC,CE1,133A 423A 929 ,FT,R,D,B ,F ,D,N,C,50,0,0,1,,,1763234,5429172
Hutt City,STOCKDALE ST,100,W, ,WELLINGTON ROAD,201430512,19/01/2014,Sun,1725,LB,CE14,303B 929 ,,R,D,O ,F ,D,N,N,50,0,0,0,,,1763153,5433513
Hutt City,STOCKDALE ST,250,W, ,WELLINGTON ROAD,201436839,08/05/2014,Thu,330,MO,CE1C,129A 371A ,M,R,D,DO,F , , ,N,50,0,0,0,,,1763003,5433524
Hutt City,STOKES VALLEY ROAD,30,N, ,BOWERS ST,201444555,25/09/2014,Thu,1530,MO,VN1C,371A 929 ,M,R,D,B ,F ,D,N,C,50,0,0,0,,,1766285,5440120
Hutt City,STOKES VALLEY ROAD,80,S, ,EASTERN HUTT ROAD,201435331,24/03/2014,Mon,737,AC,TN1C,372A ,,R,D,O ,F , , ,C,50,0,0,0,,,1766249,5441392
Hutt City,STOKES VALLEY ROAD,, ,I,EASTERN HUTT ROAD,201448765,28/10/2014,Tue,1659,LB,CS1C,302A 330A ,,M,D,O ,F ,R,G,R,80,0,0,0,,,1766212,5441454
Hutt City,STOKES VALLEY ROAD,, ,I,GEORGE ST N,201445879,11/10/2014,Sat,1249,MA,VS1C,373B ,,R,D,B ,F ,T,G,C,50,0,0,0,,,1766462,5441161
Hutt City,STOKES VALLEY ROAD,100,N, ,KAPURANGA GROVE,201444522,07/07/2014,Mon,2129,EA,CN1C,130A 358A ,M,R,D,DO,F , , ,C,50,0,0,0,,,1766359,5440420
Hutt City,STOKES VALLEY ROAD,40,N, ,WAGON ROAD,201436685,08/05/2014,Thu,1554,AC,CN1C,330A 372A ,,E,D,O ,F , ,N,C,50,0,0,0,,,1766295,5441415
Hutt City,TAINE ST,90,W, ,HIGH ST,201447642,15/11/2014,Sat,1250,MO,CN14,371A 371B 929 ,,R,D,BF,F ,D,N,C,50,0,0,0,,,1764351,5439418
Hutt City,TAINE ST,, ,I,REYNOLDS ST,201417696,08/11/2014,Sat,2325,DA,CW1,103A 111A ,P,E,D,DO,F ,T,G,C,50,0,1,0,,,1764143,5439551
Hutt City,TAITA DRIVE,, ,I,BARRAUD ST,201438110,27/03/2014,Thu,1840,JA,SE1C,204A 308B 929 ,,R,D,BF,F ,D,N,C,50,0,0,0,,,1763152,5438495
Hutt City,TAITA DRIVE,300,S, ,HIGH ST,201412144,11/05/2014,Sun,1710,EA,CS1V,129A 358A ,M,R,D,TF,F , , ,C,50,0,0,1,,,1764602,5440494
Hutt City,TAITA DRIVE,, ,I,HIGH ST,201445060,18/10/2014,Sat,1310,FA,CE1C,181A ,,E,D,B ,F ,T,G,C,50,0,0,0,,,1764819,5440701
Hutt City,TAITA DRIVE,20,S, ,ROSEBANK AVENUE,201441316,23/07/2014,Wed,30,DB,VE1,102A 111A 131A 901 903 ,FPT,E,W,DO,HS, , ,C,50,0,0,0,,,1762808,5438257
Hutt City,TE MOME ROAD,50,W, ,MOA ST,201439866,23/05/2014,Fri,2120,EA,CE1C,103A 129A 130A 632A ,M,R,D,DO,F , , ,C,50,0,0,0,,,1758587,5435826
Hutt City,THE ESPLANADE,10,E, ,BEACH ST,201416967,14/10/2014,Tue,1745,FD,CE1C,331A 358A ,,R,D,BF,F ,T,N,R,50,0,0,1,,,1757402,5434176
Hutt City,THE ESPLANADE,10,W, ,CUBA ST,201446356,19/10/2014,Sun,1900,FE,4E1C,181A ,,R,D,TF,F ,T,T,C,50,0,0,0,,,1757850,5434005
Hutt City,THE ESPLANADE,100,E, ,HUTT ROAD,201430715,20/02/2014,Thu,803,AA,VE1C,387A ,,R,D,OF,F , ,N,R,50,0,0,0,,,1756206,5434614
Hutt City,THE ESPLANADE,140,E, ,HUTT ROAD,201442479,11/04/2014,Fri,1250,AA,CE1T,372A 381A ,,E,W,OF,L , ,N,N,50,0,0,0,,,1756245,5434608
Hutt City,THE ESPLANADE,5,W, ,JESSIE ST,201436585,21/04/2014,Mon,1522,FD,CE1C,110A 331A ,,R,D,B ,F ,T,G,R,50,0,0,0,,,1758306,5433819
Hutt City,THE ESPLANADE,210,W, ,NEVIS ST,201436833,22/05/2014,Thu,1457,AC,TE1T,112A 159A 184A ,,R,D,B ,F , , ,P,50,0,0,0,,,1756273,5434598
Hutt City,THE ESPLANADE,, ,I,PATRICK ST,201443811,15/08/2014,Fri,930,FD,CE1V,181A ,,R,W,OF,F ,T,N,R,50,0,0,0,,,1758161,5433878
Hutt City,THE ESPLANADE,, ,I,TE PUNI ST,201413195,25/02/2014,Tue,758,MC,ME1C,202B 372B ,,R,D,B ,F ,T,G,R,50,0,1,0,,,1756577,5434491
Hutt City,THE ESPLANADE,, ,I,TE PUNI ST,201413947,29/05/2014,Thu,1730,LB,ME1C,303B 403B ,,R,D,DO,F ,T,G,R,50,0,0,1,,,1756577,5434491
Hutt City,THE ESPLANADE,, ,I,TE PUNI ST,201431698,23/01/2014,Thu,738,JA,CE1C,302B ,,R,D,B ,F ,T,G,C,50,0,0,0,,,1756577,5434491
Hutt City,THE ESPLANADE,10,W, ,WILLIAM ST,201415117,16/07/2014,Wed,1759,FD,CE1CC,331A 358A 801 ,,R,W,DO,L ,T,G,R,50,0,0,1,,,1758076,5433913
Hutt City,THE ESPLANADE,, ,I,WILLIAM ST,201437058,09/03/2014,Sun,1421,MC,CE1C,372B ,,R,D,B ,F ,T,G,N,50,0,0,0,,,1758085,5433909
Hutt City,THE STRAND,80,N, ,WAINUIOMATA ROAD,201414037,05/07/2014,Sat,1450,CC,MS1,101A 130A 330A 811 ,,R,D,B ,F , ,N,N,50,0,1,0,,,1762638,5430560
Hutt City,THE STRAND,, ,I,WOODLAND MEWS,201416260,11/10/2014,Sat,1423,NA,CN1E,711B ,,R,D,B ,F ,T,N,C,50,0,0,1,43,,1762946,5430708
Hutt City,TIROHANGA ROAD,5,N, ,ARDAL GROVE,201435181,21/03/2014,Fri,1730,JA,CN14,308B 375B 929 ,,E,D,O ,F ,D,N,C,40,0,0,0,,,1759667,5437523
Hutt City,TIROHANGA ROAD,15,N, ,BLOCK ROAD,201447012,26/10/2014,Sun,1514,FD,CN1CC,331A 352A ,,R,D,BF,F , ,N,N,50,0,0,0,,,1759915,5437036
Hutt City,TOOP ST,, ,I,MARCHBANKS ST,201415876,03/09/2014,Wed,1234,EA,CW1T,501A ,M,R,D,B ,F ,T,N,N,50,0,1,0,,,1759403,5432251
Hutt City,TRAFALGAR ST,5,E, ,COLLINGWOOD ST,201431109,22/01/2014,Wed,1245,MO,CE1C,371A 926 ,,R,D,B ,F ,D,N,C,50,0,0,0,,,1761097,5435451
Hutt City,TREADWELL ST,10,S, ,EVEREST AVENUE,201450785,19/12/2014,Fri,943,DA,CN1C,111A 131A ,M,E,D,OF,F ,T,N,C,50,0,0,0,,,1763451,5437349
Hutt City,TREADWELL ST,, ,I,EVEREST AVENUE,201439482,16/06/2014,Mon,1650,KB,CS1CC,302B 375B ,,E,W,DO,F ,X,G,C,50,0,0,0,,,1763444,5437357
Hutt City,TREADWELL ST,20,N, ,NAENAE ROAD,201439108,21/06/2014,Sat,1610,MB,CN1C,372B ,,R,W,O ,F , ,N,C,50,0,0,0,,,1763514,5437036
Hutt City,TREVETHICK GROVE,80,S, ,WHITES LINE WEST,201436647,10/05/2014,Sat,1100,MO,CS1C,371A 929 ,M,R,D,B ,F ,D,N,N,50,0,0,0,,,1759807,5434767
Hutt City,UDY ST,, ,I,CUBA ST,201436072,11/02/2014,Tue,,FB,CE1C,387A ,,R,D,BF,F ,T,S,C,50,0,0,0,,,1758202,5434817
Hutt City,VICTORIA ST,30,N, ,ALICE ST,201414171,28/05/2014,Wed,1042,FD,VN1CC,181A ,,R,D,OF,F , ,N,C,50,0,0,1,,,1758697,5435643
Hutt City,VICTORIA ST,40,S, ,HUME ST,201446756,30/10/2014,Thu,1345,MF,CN1V,371B 377B 839 ,,R,D,B ,F , ,N,C,50,0,0,0,,,1758395,5435416
Hutt City,VICTORIA ST,15,N, ,JACKSON ST,201430795,21/02/2014,Fri,1607,EA,CN1C,129A ,M,R,D,BF,F , ,N,N,50,0,0,0,,,1757098,5434701
Hutt City,VICTORIA ST,100,S, ,JACKSON ST,201438376,04/06/2014,Wed,513,GE,VS1T,160A 333A 925 ,,R,D,DO,F ,D, ,N,50,0,0,0,,,1757049,5434597
Hutt City,VICTORIA ST,, ,I,MONTAGUE ST,201440809,25/07/2014,Fri,1843,LB,4S1C,303B ,,R,D,DO,F ,X,T,C,50,0,0,0,,,1758459,5435465
Hutt City,VICTORIA ST,70,E, ,TE MOME ROAD,201449567,26/11/2014,Wed,2305,CC,CS1,101A 131A ,F,R,D,DO,F , , ,C,50,0,0,0,,,1758844,5435753
Hutt City,VICTORIA ST,, ,I,VALENTINE ST,201439596,24/06/2014,Tue,1810,LB,4S1C,303B ,,R,D,DO,F ,T,G,C,50,0,0,0,,,1758531,5435519
Hutt City,VOGEL ST,, ,I,CAMBRIDGE TERRACE W,201430776,09/02/2014,Sun,1200,DB,CN1,137A ,P,E,W,OF,L ,T,G,R,50,0,0,0,,,1763139,5437351
Hutt City,VOGEL ST,, ,I,NAENAE ROAD,201430875,11/02/2014,Tue,1540,HA,CS1C,302A 375A ,,M,D,OF,F ,R,G,R,50,0,0,0,,,1763389,5436991
Hutt City,WADDINGTON DRIVE,, ,I,WILKIE CRESCENT,201416058,12/04/2014,Sat,1208,JA,BS1C,103B 303B 375B ,,E,D,B ,F ,T,N,C,50,0,1,0,,,1763870,5436503
Hutt City,WAINUI ROAD,20,S, ,RISHWORTH ST,201443813,13/08/2014,Wed,1045,FD,CS1C,181A ,,R,D,BN,F , ,N,C,50,0,0,0,,,1760733,5434062
Hutt City,WAINUI ROAD,200,S, ,RISHWORTH ST,201448131,01/11/2014,Sat,1554,QG,CN1,130A 687A ,GK,R,D,B ,F , , ,R,80,0,0,0,,,1760589,5434171
Hutt City,WAINUI ROAD,, ,I,RIVERSIDE DRIVE SOUTH,201438168,13/04/2014,Sun,1819,DA,VN1,111A 131A ,FT,M,W,DO,L ,T,G,C,50,0,0,0,,,1760571,5434185
Hutt City,WAINUI ROAD,, ,A,WAIWHETU STM BR,201439865,06/07/2014,Sun,645,DB,CS1,103A 111A 131A ,B,M,D,DO,F , , ,C,50,0,0,0,,,1760600,5434163
Hutt City,WAINUIOMATA HILL ROAD,100,S, ,GRACEFIELD OFF,201413104,20/03/2014,Thu,,DA,MS1,111A 131A 804 817 ,,M,D,DO,F , , ,C,80,0,0,1,,,1761083,5433439
Hutt City,WAINUIOMATA HILL ROAD,200,S, ,GRACEFIELD OFF,201440334,02/07/2014,Wed,2004,DB,CN1,111A 131A ,G,M,D,DO,F , , ,R,80,0,0,0,,,1761069,5433343
Hutt City,WAINUIOMATA HILL ROAD,300,S, ,GRACEFIELD OFF,201448255,07/12/2014,Sun,1558,DA,CS1,330A 350A ,,M,W,O ,F , ,N,C,80,0,0,0,,,1761077,5433248
Hutt City,WAINUIOMATA HILL ROAD,300,S, ,GRACEFIELD OFF,201435619,25/03/2014,Tue,1659,DB,CS1,111A 131A ,G,S,D,B ,F , , ,R,80,0,0,0,,,1761077,5433248
Hutt City,WAINUIOMATA HILL ROAD,700,S, ,GRACEFIELD OFF,201414215,17/07/2014,Thu,1924,DA,CS1,130A 504A ,IP,M,W,DO,L , ,N,R,80,0,0,1,,,1761036,5432944
Hutt City,WAINUIOMATA HILL ROAD,150,S, ,GRACEFIELD ON,201435275,12/04/2014,Sat,340,DA,CS1,131A 801 ,G,M,W,DO,L , , ,C,80,0,0,0,,,1761097,5433594
Hutt City,WAINUIOMATA HILL ROAD,510,S, ,GRACEFIELD ON,201444913,03/10/2014,Fri,1230,DB,CS1V,111A 632A ,,M,D,O ,F , ,N,R,80,0,0,0,,,1761087,5433251
Hutt City,WAINUIOMATA HILL ROAD,600,S, ,GRACEFIELD ON,201441280,01/08/2014,Fri,2336,DA,CS1,110A 131A 632A 901 ,G,E,W,DO,H , , ,C,80,0,0,0,,,1761025,5433189
Hutt City,WAINUIOMATA HILL ROAD,, ,I,GRACEFIELD ON,201434938,16/03/2014,Sun,2138,DA,CS1,111A 131A 410A ,G,E,W,DO,H ,Y,N,C,80,0,0,0,,,1761044,5433734
Hutt City,WAINUIOMATA HILL ROAD,400,S, ,GRACEFIELD ROAD,201439224,22/05/2014,Thu,949,AD,CN1C,111A 131A 402A ,G,M,D,O ,F , , ,C,80,0,0,0,,,1761001,5433187
Hutt City,WAINUIOMATA HILL ROAD,800,S, ,GRACEFIELD ROAD,201432728,01/03/2014,Sat,420,DA,CS1,131A 402A 412A ,G,M,D,DN,F , , ,R,80,0,0,0,,,1760989,5433031
Hutt City,WAINUIOMATA HILL ROAD,200,N, ,PARKWAY,201441329,03/08/2014,Sun,435,DB,CS1,131A 402A 412A ,GP,M,D,DO,F , , ,C,80,0,0,0,,,1761523,5431345
Hutt City,WAINUIOMATA HILL ROAD,340,N, ,PARKWAY,201414012,05/07/2014,Sat,1815,DB,CS1,111A 134A 402A ,GKT,M,D,DO,F , ,N,C,80,0,1,0,,,1761415,5431434
Hutt City,WAINUIOMATA HILL ROAD,500,N, ,PARKWAY,201431919,15/01/2014,Wed,2253,DB,VS1,103A 131A ,G,M,D,DO,F , ,N,R,80,0,0,0,,,1761286,5431528
Hutt City,WAINUIOMATA HILL ROAD,720,N, ,PARKWAY,201446033,02/08/2014,Sat,1112,DB,CS1C,110A 131A 431A 800 903 ,GK,S,W,O ,FS, , ,R,80,0,0,0,,,1761162,5431688
Hutt City,WAINUIOMATA HILL ROAD,2000,N, ,PARKWAY,201441263,16/06/2014,Mon,1802,DB,CS1,130A 517A 801 ,GT,M,W,DO,L , , ,C,80,0,0,0,,,1761051,5432919
Hutt City,WAINUIOMATA HILL ROAD,2080,N, ,PARKWAY,201448850,13/12/2014,Sat,1341,DA,CS1,129A 131A 801 ,GIT,E,W,O ,L , , ,R,80,0,0,0,,,1761030,5432993
Hutt City,WAINUIOMATA HILL ROAD,450,N, ,PURIRI ST,201450640,29/10/2014,Wed,1948,DA,CS1,134A 351A ,PT,E,D,B ,F , ,N,C,80,0,0,0,,,1761178,5431579
Hutt City,WAINUIOMATA HILL ROAD,700,N, ,PURIRI ST,201435332,22/03/2014,Sat,838,DB,CN1,111A 131A ,C,M,D,B ,F , , ,C,80,0,0,0,,,1761215,5431808
Hutt City,WAINUIOMATA ROAD,, ,I,DAVIS GROVE,201417728,10/12/2014,Wed,1551,LB,MW1C,303B 375B ,,R,D,B ,F ,T,G,R,50,0,1,0,,,1762257,5430653
Hutt City,WAINUIOMATA ROAD,, ,I,FITZHERBERT ROAD,201444141,08/09/2014,Mon,1900,HA,CS2S,302A 375A ,,E,D,DO,F ,R,G,R,50,0,0,0,,,1763105,5430269
Hutt City,WAINUIOMATA ROAD,, ,I,FITZHERBERT ROAD,201416898,20/11/2014,Thu,2035,QB,TE1,523A ,,E,D,DO,F ,R,G,R,50,0,0,1,,,1763080,5430262
Hutt City,WAINUIOMATA ROAD,400,N, ,PARKWAY,201410444,26/01/2014,Sun,700,DB,CS1,131A 402A ,C,M,D,B ,F , , ,C,80,0,0,4,,,1761958,5430897
Hutt City,WAINUIOMATA ROAD,1600,N, ,PARKWAY,201436122,04/05/2014,Sun,1336,DA,CS1,131A 632A ,CG,E,D,O ,F , , ,R,80,0,0,0,,,1762988,5430306
Hutt City,WAINUIOMATA ROAD,15,S, ,PARKWAY,201444641,25/09/2014,Thu,820,FC,CN1C,181A 331A ,,R,D,B ,F , ,N,R,50,0,0,0,,,1761687,5431171
Hutt City,WAINUIOMATA ROAD,450,S, ,PARKWAY,201434791,13/04/2014,Sun,1034,CB,CS1,132A 357A ,T,R,D,OF,F , ,N,C,80,0,0,0,,,1761993,5430862
Hutt City,WAINUIOMATA ROAD,50,W, ,QUEEN ST,201434932,19/03/2014,Wed,1130,CC,CE1,129A 350A ,I,R,D,BF,F , ,N,R,50,0,0,0,,,1762882,5430356
Hutt City,WAINUIOMATA ROAD,80,W, ,QUEEN ST,201413373,29/05/2014,Thu,2106,ND,CW1E,370A 402A 711B 801 862 925 ,,E,W,DO,L ,D,S,R,50,0,0,1,54,,1762855,5430369
Hutt City,WAINUIOMATA ROAD,100,N, ,RATA ST,201440957,25/07/2014,Fri,1517,FD,4S1CC,181A ,,R,D,OF,F , ,N,P,50,0,0,0,,,1762083,5430772
Hutt City,WAINUIOMATA ROAD,, ,I,RATA ST,201434326,04/04/2014,Fri,2040,DA,CW2,205A 501A ,P,E,D,DO,F ,T,G,R,50,0,0,0,,,1762154,5430702
Hutt City,WAINUIOMATA ROAD,300,W, ,THE STRAND,201412947,28/05/2014,Wed,1537,FC,CE1V,181A 331A ,,R,D,O ,F , , ,X,50,0,0,1,,,1762333,5430617
Hutt City,WAIONE ST,50,E, ,EAST ST,201416968,28/10/2014,Tue,745,FD,4W1T,331A 350A ,,R,D,BF,F , ,N,L,50,0,0,1,,,1758958,5433712
Hutt City,WAIONE ST,30,W, ,EAST ST E,201441790,19/08/2014,Tue,1650,BF,CE1C,131A 410A ,,E,D,O ,F , , ,L,50,0,0,0,,,1758882,5433734
Hutt City,WAIONE ST,50,W, ,EAST ST W,201449721,05/11/2014,Wed,1800,EA,CE1V,129A 386A ,M,R,W,O ,F , ,N,R,50,0,0,0,,,1758400,5433795
Hutt City,WAIONE ST,100,W, ,KIRKCALDY ST,201430706,29/01/2014,Wed,1720,FD,CW1C,381A ,,R,D,BF,F , ,N,R,50,0,0,0,,,1758540,5433765
Hutt City,WAIONE ST,, ,I,KIRKCALDY ST,201412950,01/06/2014,Sun,1508,LB,CE1C,303B ,,R,D,O ,F ,X,S,C,50,0,0,1,,,1758641,5433764
Hutt City,WAIONE ST,500,W, ,RANDWICK ROAD,201448792,01/12/2014,Mon,1615,FD,CE1C,331A 352A ,,R,D,B ,F , , ,C,50,0,0,0,,,1759062,5433684
Hutt City,WAIWHETU ROAD,30,S, ,DURHAM CRESCENT,201417676,18/12/2014,Thu,1550,EA,CN1V,350A 386A ,M,R,W,O ,F , ,N,C,50,0,0,1,,,1762169,5436345
Hutt City,WAIWHETU ROAD,, ,I,GUTHRIE ST,201437427,05/05/2014,Mon,1312,HA,CE1C,301B 382B 801 ,,R,W,O ,L ,X,S,R,50,0,0,0,,,1760814,5435023
Hutt City,WAIWHETU ROAD,, ,I,HARDY ST,201442457,12/08/2014,Tue,831,HA,CS24,302A 375A ,,R,W,OF,H ,X,G,C,50,0,0,0,,,1761479,5435533
Hutt City,WAIWHETU ROAD,, ,I,WATERLOO ROAD,201443796,09/08/2014,Sat,930,LB,CN1C,302A 144B ,,E,D,O ,L ,R,G,R,50,0,0,0,,,1761802,5435780
Hutt City,WAKEFIELD ST,40,E, ,HUTT ROAD,201437980,08/05/2014,Thu,1449,MO,CN1C,371A 386A 930 ,M,R,D,B ,F ,D,N,C,50,0,0,0,,,1757820,5435394
Hutt City,WAKEFIELD ST,, ,I,HUTT ROAD,201448256,06/12/2014,Sat,1100,DB,CW1,402A 423A ,F,R,D,B ,F ,T,N,C,50,0,0,0,,,1757786,5435414
Hutt City,WALKER GROVE,120,S, ,CHITTICK ST,201445156,23/09/2014,Tue,1718,BO,XS1C,357A 512A 357B ,,R,D,O ,F , , ,N,50,0,0,0,,,1766177,5439273
Hutt City,WALTERS ST,300,E, ,HIGH ST,201417684,13/12/2014,Sat,1543,PC,CS1E,330A 371A 929 ,,R,D,O ,F ,D,N,N,50,0,0,1,52,,1763020,5437602
Hutt City,WATERLOO ROAD,15,E, ,BIRCH ST,201432200,13/02/2014,Thu,1640,FC,CW1V,181A ,,R,D,BF,F , , ,X,50,0,0,0,,,1760894,5436040
Hutt City,WATERLOO ROAD,60,E, ,CAMBRIDGE TCE OBR,201445878,21/10/2014,Tue,1500,FC,VE1C,112A 181A ,,R,D,B ,F , , ,X,50,0,0,0,,,1761375,5435899
Hutt City,WATERLOO ROAD,80,E, ,CORNWALL ST,201418085,30/11/2014,Sun,1510,MD,SE1C,204A 308B 375B 929 ,,R,D,BF,F ,D,N,C,50,0,0,1,,18,1760168,5436218
Hutt City,WATERLOO ROAD,10,E, ,QUEENS DRIVE,201448340,24/12/2014,Wed,1327,FC,VE1C,181A 350A ,,M,D,B ,F ,R,G,R,50,0,0,0,,,1759824,5436315
Hutt City,WATERLOO ROAD,110,W, ,WAIWHETU ROAD,201439788,31/05/2014,Sat,1807,JA,CE1C,308B 375B 929 ,,R,D,DO,F ,D, ,C,50,0,0,0,,,1761687,5435812
Hutt City,WATERLOO ROAD,, ,I,WAIWHETU ROAD,201435752,20/03/2014,Thu,1405,FB,CE1C,331A 387A 129B 440B ,,R,D,B ,F ,R,G,R,50,0,0,0,,,1761787,5435782
Hutt City,WATERLOO ROAD,5,E, ,WITAKO ST,201413038,19/05/2014,Mon,1030,FD,CE1X,181A ,,R,D,BF,F ,T,S,X,50,0,0,1,,,1760884,5436043
Hutt City,WELLINGTON ROAD,10,S, ,DUBLIN ST,201447022,01/11/2014,Sat,1530,QD,4N1C,428A ,M,R,D,BF,F ,T,G,C,50,0,0,0,,,1762886,5431846
Hutt City,WELLINGTON ROAD,50,S, ,ENFIELD ST,201439221,10/06/2014,Tue,1906,NA,BN1E,505B 713B ,,R,D,DO,F , , ,C,50,0,0,0,,,1763095,5433074
Hutt City,WELLINGTON ROAD,50,S, ,MATTHEWS ROAD,201438221,13/06/2014,Fri,416,CC,CN1,103A ,FX,R,D,DO,F , ,N,C,50,0,0,0,,,1763088,5433037
Hutt City,WELLINGTON ROAD,, ,I,NORFOLK ST,201443168,18/08/2014,Mon,905,KB,CN1C,302B ,,R,D,B ,F ,T,G,C,50,0,0,0,,,1762961,5432554
Hutt City,WHITES LINE EAST,20,W, ,HAWKINS ST,201448879,26/11/2014,Wed,1800,FD,CW1C,112A 331A 352A ,,R,D,B ,F , , ,C,50,0,0,0,,,1760321,5434700