TLANAME,CRASHROAD,CRASHDIST,CRASHDIRN,INTSN,SIDEROAD,CRASHID,CRASHDATE,CRASHDOW,CRASHTIME,MVMT,VEHICLES,CAUSES,OBJECTSSTRUCK,ROADCURVE,ROADWET,LIGHT,WTHRa,JUNCTYPE,TRAFCTRL,ROADMARK,SPDLIM,CRASHFATALCNT,CRASHSEVCNT,CRASHMINCNT,PERSAGE1,PERSAGE2,EASTING,NORTHING
Hutt City,WHITES LINE EAST,10,E, ,RANDWICK ROAD,201414714,08/08/2014,Fri,1710,NA,CW1E,306A 353A 376A ,,E,D,B ,F ,R,G,X,50,0,0,1,49,,1759873,5434821
Hutt City,WILKIE CRESCENT,280,S, ,GRIERSON ST E,201432088,05/02/2014,Wed,2237,DB,CN1,111A 131A 402A 801 ,T,M,W,DO,L , , ,N,50,0,0,0,,,1764133,5436235
Hutt City,WILKIE CRESCENT,, ,I,GRIERSON ST W,201417639,16/11/2014,Sun,1955,KA,MW1C,101A 309B 375B ,,R,D,O ,F ,T,N,N,50,0,1,0,,,1763705,5436342
Hutt City,WILKIE CRESCENT,, ,I,WADDINGTON DRIVE,201439494,17/07/2014,Thu,,FB,CN1C,181A ,,R,W,DO,F ,T,N,C,50,0,0,0,,,1763870,5436503
Hutt City,WILSON GROVE,100,N, ,POTO ROAD,201433814,28/02/2014,Fri,1635,DB,CS1,423A 507A 929 ,HJ,R,D,O ,F ,D,N,N,50,0,0,0,,,1758412,5437419
Hutt City,WISE ST,, ,I,CASTLEREA ST,201416183,02/10/2014,Thu,1848,DB,CW24,131A 433A 197B 801 ,,R,W,TO,L ,T,G,C,60,0,1,0,,,1763450,5431736
Hutt City,WOBURN ROAD,150,W, ,BELLEVUE ROAD,201444624,26/07/2014,Sat,1149,MC,VW1CC,101A 137A 372B ,M,E,D,B ,F , ,N,C,50,0,0,0,,,1759631,5435383
Hutt City,WOBURN ROAD,20,E, ,MARKET GROVE,201412745,15/03/2014,Sat,1014,GB,SE1C,204A 375A 930 ,,E,D,OF,F ,D,N,N,50,0,1,0,,13,1759302,5435831
Hutt City,WOBURN ROAD,100,S, ,MARKET GROVE,201411259,09/02/2014,Sun,2110,EA,VS14,103A 129A ,M,R,W,DO,L , , ,P,50,0,0,1,,,1759344,5435762
Hutt City,WOBURN ROAD,110,S, ,MARKET GROVE,201447001,09/09/2014,Tue,940,MB,CN1CCC,133B 423B ,M,R,D,BF,F , ,N,P,50,0,0,0,,,1759349,5435754
Hutt City,WOBURN ROAD,, ,I,MARKET GROVE,201416048,21/09/2014,Sun,23,CB,CS1,103A 514A ,,R,D,DO,F ,R,G,C,50,0,0,1,,,1759288,5435845
Hutt City,WOBURN ROAD,100,S, ,MYRTLE ST,201436837,14/05/2014,Wed,1044,JA,CN1C,308B 377B 402B 801 839 930 ,,R,W,O ,L ,D, ,C,50,0,0,0,,,1759452,5435583
Hutt City,WOBURN ROAD,20,E, ,WAI-ITI CRESCENT,201417869,14/11/2014,Fri,842,EA,TN1CCC,130A 504A ,M,R,D,O ,F , , ,C,50,0,0,1,,,1759558,5435421
Hutt City,WOBURN ROAD,, ,I,WAI-ITI CRESCENT,201443750,23/07/2014,Wed,2154,DA,CW1,103A 111A 131A ,FP,E,D,DO,F ,T,G,C,50,0,0,0,,,1759543,5435434
Hutt City,Z CPK HUTT HOSPITAL,160,N, ,PILMUIR ST,201416171,06/10/2014,Mon,434,DA,CE14,130A 133A ,KMX,M,D,DO,F , , ,N,15,0,0,1,,,1761118,5436763
Hutt City,Z CPKBOULCOTT SCHOOL,25,N, ,ARIKI ST,201415891,18/09/2014,Thu,1514,NC,CS1E,371A ,,R,D,B ,F , , ,N,50,0,0,1,6,,1761156,5437117
Hutt City,Z VPK BIG BARREL,15,N, ,PRETORIA ST,201418185,24/12/2014,Wed,1151,MO,CN1E,371A 671A ,,R,D,B ,F , , ,N,50,0,0,1,58,,1760114,5436588
Hutt City,WESTERN HUTT ON NBD,, ,I,2/946/13.155,201442952,16/08/2014,Sat,630,CA,CN1,132A 191A 355A ,PS,R,W,TO,F ,T,T,R,100,0,0,0,,,1767528,5443229
Hutt City,2/946/13.225,300,S, ,WESTERN HUTT ON NBD,201432450,04/02/2014,Tue,1730,AO,MN1C,184A 357A 184B 357B ,,R,D,O ,F , , ,C,100,0,0,0,,,1767449,5443219
Hutt City,2/946/13.455,300,S, ,WESTERN HUTT ON NBD,201447860,22/09/2014,Mon,2345,FA,CN1C,331A ,,R,W,DN,LS, ,N,R,100,0,0,0,,,1767252,5443110
Hutt City,2/946/13.555,400,S, ,WESTERN HUTT ON NBD,201441679,01/08/2014,Fri,721,AA,CS1C,112A 372A 381A 402A ,,R,W,O ,L , , ,C,100,0,0,0,,,1767161,5443070
Hutt City,2/946/15.155,470,E, ,MANOR PARK ROAD,201445291,11/10/2014,Sat,2200,CA,CE1,130A 524A ,G,R,D,DO,F , , ,R,100,0,0,0,,,1765984,5442013
Hutt City,2/946/15.199,600,N, ,SH 58,201413314,15/05/2014,Thu,1623,CA,VN1,137A 195A 801 ,C,R,W,O ,L , , ,C,100,0,1,0,,,1765948,5441986
Hutt City,2/946/15.599,200,N, ,SH 58,201445617,30/09/2014,Tue,1505,AA,VN1TV,191A 330B 372B 331C ,,R,D,B ,F , , ,C,100,0,0,0,,,1765612,5441771
Hutt City,2/962/0,, ,I,SH 58,201441879,12/08/2014,Tue,1610,FB,CN1C,331A 387A ,,E,D,O ,F ,T,T,R,100,0,0,0,,,1765438,5441673
Hutt City,2/962/0,, ,I,SH 58,201436394,03/05/2014,Sat,1720,FE,CN1C,181A ,,R,W,DO,L ,T,T,C,100,0,0,0,,,1765438,5441673
Hutt City,2/962/0,, ,I,SH 58,201440820,07/07/2014,Mon,1716,FE,VS1C,181A ,,R,D,TF,F ,T,T,R,100,0,0,0,,,1765445,5441660
Hutt City,2/962/0,, ,I,SH 58,201431427,15/02/2014,Sat,1057,FE,VW1V,181A 387A ,,R,D,BF,F ,T,T,R,100,0,0,0,,,1765445,5441660
Hutt City,2/962/0,, ,I,SH 58 N,201440168,19/07/2014,Sat,1200,FE,VN1C,181A 330A ,,R,W,O ,F ,T,T,R,100,0,0,0,,,1765438,5441673
Hutt City,2/962/0.2,200,S, ,SH 58,201432623,09/03/2014,Sun,2250,QG,CS1,688A ,G,R,D,DO,F , ,M,C,100,0,0,0,,,1765289,5441536
Hutt City,2/962/0.4,400,S, ,HAYWARDS HILL ROAD,201446672,01/11/2014,Sat,907,DB,MS1,131A ,,E,D,B ,F , , ,C,100,0,0,0,,,1765152,5441391
Hutt City,2/962/0.8,800,S, ,HAYWARDS HILL ROAD,201414737,17/07/2014,Thu,1745,EB,SN1C,129A 370A 602A 801 ,Q,R,W,DN,L , , ,C,100,0,0,1,,38,1764884,5441101
Hutt City,2/962/0.8,800,S, ,HAYWARDS HILL ROAD,201417177,16/11/2014,Sun,1116,EA,SS1C,129A ,M,R,D,B ,F , , ,C,100,0,0,1,,45,1764892,5441088
Hutt City,2/962/0.8,800,S, ,SH 58,201439223,26/06/2014,Thu,712,AC,CN1C,386A ,G,R,D,DF,F , , ,C,100,0,0,0,,,1764884,5441101
Hutt City,2/962/2.514,400,N, ,HEBDEN CRESCENT N,201416059,29/05/2014,Thu,1338,CB,CN1,130A 410A ,C,R,W,O ,F , ,N,C,100,0,0,1,,,1763631,5439936
Hutt City,2/962/2.814,100,N, ,LIVERTON ROAD,201439220,22/06/2014,Sun,345,CA,CS1,103A 130A 402A ,G,R,D,DO,F , , ,R,100,0,0,0,,,1763404,5439742
Hutt City,2/962/2.914,, ,I,HEBDEN CRESCENT N,201443183,20/08/2014,Wed,929,JA,VN1C,301B ,,R,W,O ,F ,T,S,R,100,0,0,0,,,1763340,5439665
Hutt City,2/962/3.56,180,N, ,HEBDEN CRESCENT S,201413390,24/05/2014,Sat,1533,DA,CN1,130A 351A 903 ,G,E,W,O , S, , ,R,100,0,0,2,,,1762913,5439182
Hutt City,2/962/4.318,100,N, ,OWEN ST,201414803,02/07/2014,Wed,818,FD,CS1CC,181A ,,R,W,BF,F , ,N,R,100,0,0,1,,,1762310,5438720
Hutt City,2/962/4.418,, ,I,OWEN ST,201449287,29/11/2014,Sat,945,JA,CS1TC,302B ,,R,D,B ,F ,T,G,C,100,0,0,0,,,1762227,5438664
Hutt City,2/962/4.418,, ,I,OWEN ST,201416508,03/04/2014,Thu,841,LB,SW1C,303B 375B ,,R,D,BF,F ,T,G,C,100,0,1,0,,50,1762227,5438664
Hutt City,2/962/4.518,100,S, ,OWEN ST,201438798,24/04/2014,Thu,622,AC,CS1C,159A 372A ,G,R,W,OF,L , ,N,R,100,0,0,0,,,1762145,5438608
Hutt City,2/962/4.711,200,N, ,FAIRWAY DRIVE,201414604,27/03/2014,Thu,850,FD,CS1CC,331A 402A ,,R,D,B ,F , , ,C,100,0,0,2,,,1761994,5438488
Hutt City,2/962/4.863,50,E, ,FAIRWAY DRIVE,201413873,17/05/2014,Sat,910,AC,CN1S,512A ,,R,D,B ,F , , ,R,100,0,1,0,,33,1761870,5438404
Hutt City,2/962/4.863,50,N, ,FAIRWAY DRIVE,201448852,02/12/2014,Tue,1453,FD,CN14,110A 331A 191B ,,R,D,B ,F , , ,R,100,0,0,0,,,1761870,5438404
Hutt City,2/962/4.871,40,E, ,FAIRWAY DRIVE,201432799,11/03/2014,Tue,1535,CA,VW1C,130A 403A 420A ,G,R,D,B ,F , , ,R,100,0,0,0,,,1761869,5438387
Hutt City,2/962/4.911,, ,I,FAIRWAY DRIVE,201436708,15/05/2014,Thu,630,FE,VS1C,181A ,,R,W,DO,F ,T,T,C,100,0,0,0,,,1761837,5438364
Hutt City,2/962/4.911,, ,I,FAIRWAY DRIVE,201444183,12/07/2014,Sat,731,JA,CS1C,322A 353A 357A ,,R,D,OF,F ,T,T,R,100,0,0,0,,,1761837,5438364
Hutt City,2/962/4.911,, ,I,FAIRWAY DRIVE,201416263,04/08/2014,Mon,1250,KA,VW1C,322B ,,R,D,B ,F ,T,T,R,100,0,1,0,,,1761837,5438364
Hutt City,2/962/4.913,, ,I,FAIRWAY DRIVE,201413312,22/05/2014,Thu,924,KB,CE144,112A 322A 514A ,CP,R,D,B ,F ,T,T,R,100,0,0,1,,,1761831,5438373
Hutt City,2/962/4.913,, ,I,FAIRWAY DRIVE,201416589,13/04/2014,Sun,1855,DA,CN2M,131A 135A 806 ,P,M,W,DO,L ,T,T,C,100,0,0,1,,,1761831,5438373
Hutt City,2/962/4.943,, ,I,FAIRWAY ON SBD,201430476,17/01/2014,Fri,1500,FE,CW1T,181A 330A ,,E,D,B ,F ,T,T,C,50,0,0,0,,,1761812,5438345
Hutt City,2/962/5.023,, ,I,MAJOR DRIVE,201450534,14/12/2014,Sun,1929,KB,CS1V,322A 330A ,,R,D,B ,F ,T,T,R,100,0,0,0,,,1761747,5438297
Hutt City,2/962/5.024,, ,I,MAJOR DRIVE,201440311,15/05/2014,Thu,950,FE,CN1C,112A 181A 331A 801 ,,R,W,O ,L ,T,T,C,100,0,0,0,,,1761740,5438308
Hutt City,2/962/5.044,20,S, ,MAJOR DRIVE,201441317,01/08/2014,Fri,1817,FD,CN1CCC,103A 112A 181A 331A 801 ,,R,W,TO,L , , ,C,100,0,0,0,,,1761724,5438296
Hutt City,2/962/5.164,140,S, ,MAJOR DRIVE,201449572,18/12/2014,Thu,1239,FD,VN1TCC,110A 331A 402A 901 ,,R,W,O ,H , , ,C,100,0,0,0,,,1761628,5438224
Hutt City,2/962/5.531,300,S, ,GROUNSELL CRESCENT N,201447423,24/11/2014,Mon,1545,FD,4N1C,181A ,,R,D,B ,F , ,N,C,100,0,0,0,,,1761333,5438006
Hutt City,2/962/5.793,60,N, ,GROUNSELL CRESCENT,201450592,19/11/2014,Wed,843,FD,CS1CV,181A 181B ,,R,W,O ,L , , ,R,100,0,0,0,,,1761126,5437843
Hutt City,2/962/5.804,50,N, ,GROUNSELL CRESCENT S,201435551,30/04/2014,Wed,1705,FD,CN1C,181A 331A ,,R,D,O ,F , , ,C,100,0,0,0,,,1761111,5437848
Hutt City,2/962/5.838,15,N, ,GROUNSELL CRESCENT,201430043,11/01/2014,Sat,1015,FE,CS1V,181A ,,R,D,BF,F ,T,T,R,100,0,0,0,,,1761089,5437817
Hutt City,2/962/5.853,, ,I,GROUNSELL CRESCENT,201431496,22/02/2014,Sat,1745,FE,CS1C,181A ,,R,D,BF,F ,T,T,R,100,0,0,0,,,1761077,5437809
Hutt City,2/962/5.853,, ,I,GROUNSELL CRESCENT,201439342,22/05/2014,Thu,708,GF,BS1C,179A 381A ,,M,W,BF,F ,T,T,R,100,0,0,0,,,1761077,5437809
Hutt City,2/962/5.853,, ,I,GROUNSELL CRESCENT,201414230,03/06/2014,Tue,1621,FE,TS1C,112A 387A ,,R,D,B ,F ,T,T,R,100,0,1,0,,,1761077,5437809
Hutt City,2/962/5.854,, ,I,GROUNSELL CRESCENT S,201414713,06/08/2014,Wed,2017,LB,CN14,323B 334B ,,R,W,DO,F ,T,T,R,100,0,0,1,,,1761071,5437819
Hutt City,2/962/5.854,, ,I,GROUNSELL CRESCENT S,201412504,21/03/2014,Fri,1049,NB,CN1E,713B ,,R,D,B ,F ,T,T,R,100,0,1,0,17,,1761071,5437819
Hutt City,2/962/5.854,, ,I,GROUNSELL CRESCENT S,201448333,18/12/2014,Thu,1239,FE,CN14,112A 331A 353A ,,R,W,O ,H ,T,T,R,100,0,0,0,,,1761071,5437819
Hutt City,2/962/5.854,, ,I,GROUNSELL CRESCENT S,201442093,28/07/2014,Mon,811,JA,CE1CC,322A 358A ,,R,D,BF,F ,T,T,R,100,0,0,0,,,1761071,5437819
Hutt City,2/962/5.854,, ,I,GROUNSELL CRESCENT W,201438210,09/06/2014,Mon,1455,FE,CE14,113A ,,R,W,OF,L ,T,T,C,100,0,0,0,,,1761071,5437819
Hutt City,2/962/5.873,20,S, ,GROUNSELL CRESCENT,201439838,04/04/2014,Fri,913,FD,CS1CCC,110A 331A ,,R,D,B ,F , , ,C,100,0,0,0,,,1761060,5437798
Hutt City,2/962/5.904,50,S, ,GROUNSELL CRESCENT S,201442239,10/04/2014,Thu,800,FD,CN1C,181A 331A ,,R,D,B ,F , , ,C,100,0,0,0,,,1761029,5437791
Hutt City,2/962/5.904,50,W, ,GROUNSELL CRESCENT W,201438209,24/05/2014,Sat,1840,FD,CE1V,181A ,,R,D,DO,F , ,N,R,100,0,0,0,,,1761029,5437791
Hutt City,2/962/5.953,100,S, ,GROUNSELL CRESCENT,201435865,13/04/2014,Sun,330,CB,VS1,130A 412A ,G,R,W,DO,L , ,N,R,100,0,0,0,,,1760993,5437753
Hutt City,2/962/5.973,120,S, ,GROUNSELL CRESCENT,201418585,09/12/2014,Tue,1506,CB,CS1,501A ,GV,R,D,BF,F , ,N,C,100,0,0,1,,,1760977,5437742
Hutt City,2/962/6.054,200,S, ,GROUNSELL CRESCENT S,201440032,26/06/2014,Thu,1718,FD,CN14,181A ,,R,W,OF,H , ,N,C,100,0,0,0,,,1760903,5437709
Hutt City,2/962/6.253,400,S, ,GROUNSELL CRESCENT,201447287,12/11/2014,Wed,845,FA,CS1C,181A 191B ,,R,D,O ,F , , ,C,100,0,0,0,,,1760745,5437586
Hutt City,2/962/6.374,10,N, ,WAIRERE ROAD,201441682,24/07/2014,Thu,1813,CC,CN1,130A 358A 402A ,S,R,W,DN,F ,T,G,C,100,0,0,0,,,1760640,5437526
Hutt City,2/962/6.391,1000,E, ,MELLING LINK,201432914,04/03/2014,Tue,806,FD,CW14,181A 191A 181B 197B ,,R,D,B ,F , , ,C,100,0,0,0,,,1760632,5437505
Hutt City,2/962/6.86,400,E, ,BLOCK ROAD,201436583,17/05/2014,Sat,1358,FD,CW1CC,331A ,,R,D,B ,F , , ,C,100,0,0,0,,,1760247,5437238
Hutt City,2/962/6.86,400,N, ,BLOCK ROAD,201415890,14/08/2014,Thu,853,FD,VS1CCC,181A 331A 181B 181C ,,R,W,B ,F , , ,C,100,0,0,1,,,1760247,5437238
Hutt City,2/962/6.991,400,E, ,MELLING LINK,201432797,13/03/2014,Thu,842,FD,VW1VC,181A 331A 402A ,,R,D,O ,F , , ,C,100,0,0,0,,,1760141,5437161
Hutt City,2/962/7.16,100,N, ,BLOCK ROAD,201438161,03/06/2014,Tue,825,FD,CS1CC4,181A 181C ,,R,W,BN,F , ,N,C,100,0,0,0,,,1760002,5437064
Hutt City,2/962/7.259,, ,I,TIROHANGA ROAD,201442105,25/07/2014,Fri,850,HA,CW2C,322A ,,R,W,B ,F ,X,T,R,100,0,0,0,,,1759913,5437022
Hutt City,2/962/7.26,, ,I,BLOCK ROAD,201438159,21/01/2014,Tue,742,FE,CW1M,331A ,,R,W,OF,L ,X,T,C,100,0,0,0,,,1759918,5437010
Hutt City,2/962/7.26,, ,I,BLOCK ROAD,201441440,18/07/2014,Fri,1750,FE,CS14,331A 358A ,,R,D,DO,F ,X,T,R,100,0,0,0,,,1759918,5437010
Hutt City,2/962/7.26,, ,I,BLOCK ROAD,201439124,15/05/2014,Thu,805,LB,CS1CT,322A 358A ,,R,W,O ,F ,X,T,R,100,0,0,0,,,1759918,5437010
Hutt City,MELLING LINK S,, ,I,2/962/7.391,201432526,29/01/2014,Wed,1800,FE,VW1C,181A ,,R,D,B ,F ,T,T,C,50,0,0,0,,,1759806,5436941
Hutt City,2/962/7.391,, ,I,MELLING LINK,201437656,02/05/2014,Fri,1347,FB,CS1C,181A 387A 191B ,,R,D,B ,F ,X,T,R,80,0,0,0,,,1759806,5436941
Hutt City,2/962/7.391,, ,I,MELLING LINK,201435184,02/04/2014,Wed,630,FE,4S1C,181A 330A ,,R,D,B ,F ,X,T,C,80,0,0,0,,,1759806,5436941
Hutt City,2/962/7.391,, ,I,MELLING LINK,201443325,01/09/2014,Mon,1243,LB,CS14C,112A 322A 517A ,,R,D,B ,F ,X,T,R,80,0,0,0,,,1759806,5436941
Hutt City,2/962/7.392,, ,I,HARBOUR VIEW ROAD,201413006,01/05/2014,Thu,1114,HA,MW1C,322A ,,R,D,BF,F ,X,T,N,100,0,1,0,,,1759800,5436951
Hutt City,2/962/7.392,, ,I,MELLING LINK,201439790,28/06/2014,Sat,2140,FE,CN1C,103A 112A 331A ,,R,D,DO,F ,X,T,C,80,0,0,0,,,1759800,5436951
Hutt City,2/962/7.412,20,S, ,HARBOUR VIEW ROAD,201416003,17/09/2014,Wed,835,FD,4N1C,351A 363A 902 ,,R,D,B ,F ,X,T,R,100,0,0,1,,,1759783,5436941
Hutt City,2/962/7.422,30,W, ,MELLING LINK,201416617,14/08/2014,Thu,1854,FD,CE1CC,101A 331A 801 ,,R,W,DO,L , , ,R,100,0,0,1,,,1759774,5436936
Hutt City,2/962/7.422,30,W, ,MELLING LINK,201445154,27/09/2014,Sat,1128,FA,CN1C,353A 386A ,,R,D,O ,F , , ,R,100,0,0,0,,,1759774,5436936
Hutt City,2/962/7.442,50,W, ,MELLING LINK,201439830,28/06/2014,Sat,1154,AA,CE1C,372A 381A ,,R,D,B ,F , , ,R,100,0,0,0,,,1759757,5436925
Hutt City,2/962/7.491,100,W, ,MELLING LINK,201450709,29/11/2014,Sat,1722,FD,CW144C,181A ,,R,D,BF,F , ,N,C,100,0,0,0,,,1759721,5436889
Hutt City,2/962/7.492,100,S, ,MELLING LINK,201448294,19/12/2014,Fri,1529,FA,CN1C,137A 197A ,,R,D,O ,F , ,N,R,100,0,0,0,,,1759715,5436899
Hutt City,2/962/7.642,250,S, ,HARBOUR VIEW ROAD,201434068,16/04/2014,Wed,1830,FD,CN1C,112A 132A 181A ,,R,W,DO,F , ,N,C,100,0,0,0,,,1759586,5436821
Hutt City,2/962/8.211,820,S, ,MELLING LINK,201443404,15/09/2014,Mon,1406,CC,CS1,130A 504A ,G,R,D,B ,F , ,N,C,100,0,0,0,,,1759124,5436488
Hutt City,2/962/8.391,1000,S, ,MELLING LINK,201440815,19/07/2014,Sat,1146,CB,CS1,129A 130A 358A ,G,R,D,O ,L , , ,C,100,0,0,0,,,1758975,5436387
Hutt City,2/962/8.392,1000,W, ,MELLING LINK,201418584,24/12/2014,Wed,1402,CC,CE1,129A ,G,R,D,BF,F , ,N,C,100,0,0,1,,,1758968,5436397
Hutt City,2/962/9.525,, ,I,DOWSE ON NBD,201418324,28/05/2014,Wed,830,KA,SE1C,300B 375B ,,E,D,BF,F ,Y,N,R,100,0,0,1,,46,1758074,5435710
Hutt City,2/962/9.804,20,S, ,DOWSE INTERCHANGE,201431620,14/01/2014,Tue,1901,AF,VN1C,671A 407B ,,R,D,B ,F , , ,R,100,0,0,0,,,1757834,5435568
Hutt City,2/962/9.837,, ,I,DOWSE OBR,201443412,13/09/2014,Sat,957,DA,CS1,103A ,G,E,D,B ,F ,R,G,C,50,0,0,0,,,1757810,5435542
Hutt City,2/962/10.023,100,E, ,DOWSE OFF NBD,201440055,15/07/2014,Tue,1028,MG,VN1C,201B ,,R,D,BF,F , ,N,R,100,0,0,0,,,1757645,5435458
Hutt City,2/962/10.272,150,W, ,DOWSE ON SBD,201432085,21/01/2014,Tue,730,AA,VW1M,184A 372A 801 ,,R,W,O ,L , , ,C,100,0,0,0,,,1757430,5435331
Hutt City,2/962/10.944,1000,E, ,PETONE OBR SBD,201447915,20/11/2014,Thu,805,FD,CW1C,331A ,,R,D,B ,F , , ,C,80,0,0,0,,,1756836,5435018
Hutt City,2/962/11.613,300,W, ,MACKENZIE OBR,201443182,14/08/2014,Thu,1921,AA,TS14,112B 158B 402B ,,R,W,DO,HS, , ,C,80,0,0,0,,,1756227,5434746
Hutt City,2/962/11.936,, ,I,PETONE ONRAMP SOUTHBOUND,201446920,18/08/2014,Mon,1528,DB,CW1,131A ,G,M,D,BF,F ,T,N,C,80,0,0,0,,,1755910,5434719
Hutt City,2/962/12.076,100,E, ,PETONE OFF NBD,201415247,30/07/2014,Wed,723,FD,CW14,181A ,,R,D,OF,F , ,N,C,100,0,0,1,,,1755770,5434719
Hutt City,2/962/12.077,100,N, ,PETONE ON SBD,201432625,25/03/2014,Tue,720,FD,CS1CCC,181A 330A ,,R,D,O ,F , ,N,C,100,0,0,0,,,1755775,5434709
Hutt City,2/962/12.077,100,N, ,PETONE ON SBD,201447187,01/11/2014,Sat,100,CA,CS1,131A 330A ,G,R,D,DO,F , , ,C,100,0,0,0,,,1755775,5434709
Hutt City,2/962/12.177,, ,I,PETONE ON SBD,201444780,14/10/2014,Tue,700,FD,VW1C,181A ,,R,D,BF,F ,Y,N,N,100,0,0,0,,,1755683,5434669
Hutt City,2/962/12.177,, ,I,PETONE ON SBD,201438208,12/06/2014,Thu,1725,FD,CS1CCC,181A ,,R,D,DO,F ,Y,N,P,100,0,0,0,,,1755683,5434669
Hutt City,2/962/12.226,50,W, ,PETONE OFF NBD,201418323,16/11/2014,Sun,1221,FD,4E1C,181A ,,R,D,BF,F , ,N,C,100,0,0,1,,,1755632,5434662
Hutt City,2/962/12.236,60,S, ,PETONE OFF NBD,201415645,27/08/2014,Wed,1158,AO,CN1S,112A 132A 190A 370A ,,R,D,O ,F , ,N,R,100,0,1,0,,,1755623,5434658
Hutt City,2/962/12.276,100,S, ,PETONE OFF NBD,201430349,12/01/2014,Sun,732,CC,CN1,101A 410A ,,R,D,O ,F , ,N,C,100,0,0,0,,,1755585,5434643
Hutt City,2/962/12.277,100,S, ,PETONE ON SBD,201416314,06/10/2014,Mon,1440,AA,MS14,372A 381A ,,R,W,O ,HS, ,N,C,100,0,0,1,,,1755590,5434632
Hutt City,2/962/12.477,300,S, ,PETONE ON SBD,201439468,02/07/2014,Wed,653,FD,VS1CC,112A ,,R,D,DO,F , ,N,C,100,0,0,0,,,1755404,5434557
Hutt City,2/962/12.536,600,S, ,PETONE OBR SBD,201433433,18/03/2014,Tue,650,FD,CS1C,181A ,,R,W,DO,L , ,N,C,100,0,0,0,,,1755349,5434535
Hutt City,2/962/12.597,100,N, ,HOROKIWI ROAD,201414201,21/07/2014,Mon,1755,FA,CN1C,181A 330A ,,R,D,DO,F , ,N,C,100,0,0,1,,,1755287,5434523
Hutt City,2/962/12.697,, ,I,HOROKIWI ROAD,201414501,03/03/2014,Mon,1730,GB,SE14,372B 381B 901 903 ,,R,W,TF,HS,T,G,C,100,0,0,1,,51,1755196,5434482
Hutt City,2/962/12.817,120,S, ,HOROKIWI ROAD,201445607,06/10/2014,Mon,1502,FD,CN1C,111A 331A 402A ,,E,W,O ,L , , ,C,100,0,0,0,,,1755095,5434418
Hutt City,2/962/12.827,650,S, ,PETONE ON SBD,201438111,24/03/2014,Mon,943,FD,CW1CCC,181A 181D ,,R,D,BF,F , ,N,C,100,0,0,0,,,1755091,5434403
Hutt City,2/962/12.847,150,W, ,HOROKIWI ROAD,201430532,30/01/2014,Thu,1825,FD,CE1C,181A ,,R,D,B ,F , , ,C,100,0,0,0,,,1755068,5434405
Hutt City,58/0/0,, ,I,SH 2 N,201448344,20/12/2014,Sat,1540,FE,4E1CC,181A 386A ,,M,D,O ,F ,T,T,C,100,0,0,0,,,1765438,5441673
Hutt City,SH 2,, ,I,58/0/0.015,201433514,05/03/2014,Wed,847,DA,CE2,133A ,G,R,W,OF,L ,T,T,R,100,0,0,0,,,1765445,5441660
Hutt City,HAYWARDS HILL ROAD,, ,I,HEBDEN CRESCENT,201448782,06/12/2014,Sat,1120,KC,CN24,315B ,,E,D,O ,F ,T,N,P,100,0,0,0,,,1765420,5441730
Hutt City,58/0/0.66,660,N, ,SH 2,201416367,06/10/2014,Mon,2100,DA,CS1,110A 131A ,T,M,W,DN,H , ,N,L,100,0,0,1,,,1765888,5442090
Hutt City,58/0/0.736,200,S, ,HUGH DUNCAN ST,201431413,09/02/2014,Sun,920,DA,CS1,131A 400A ,C,M,W,ON,L , ,N,C,100,0,0,0,,,1765927,5442154
Hutt City,58/0/2.653,300,S, ,MOUNT CECIL ROAD,201442477,19/07/2014,Sat,1545,BF,CN1C,131A 414A ,,S,D,OF,F , ,N,L,50,0,0,0,,,1766133,5443972
Invercargill City,ALBERT ST,20,W, ,PARK ST W,201430509,04/01/2014,Sat,200,EA,VE1C,101A 129A ,M,R,W,DO,L , , ,N,50,0,0,0,,,1242899,4852077
Invercargill City,ANTRIM ST,70,N, ,NEWCASTLE ST,201410765,06/04/2014,Sun,1652,BE,CS1CC,103A 112A 514A ,,R,W,O ,L , ,N,N,50,0,0,1,,,1243808,4851076
Invercargill City,ARUNDEL CRESCENT,, ,I,NEWBIE ST,201439672,14/06/2014,Sat,1400,NF,CS2E,376A 902 ,,R,D,B ,F ,T,N,C,50,0,0,0,,,1244904,4848024
Invercargill City,AWARUA SCHOOL ROAD,800,E, ,COLYER ROAD,201439201,08/06/2014,Sun,2015,CB,CW1,130A 813 ,F,R,W,DN,F , , ,N,100,0,0,0,,,1247801,4840106
Invercargill City,BAIN ST,, ,I,BALL ST,201448542,29/11/2014,Sat,1926,KB,TE1C,302B 375B ,S,R,W,OF,LS,T,G,N,50,0,0,0,,,1244620,4846707
Invercargill City,BAINFIELD ROAD,110,E, ,MYERS ST,201449929,25/12/2014,Thu,1630,EA,CW1C,129A 386A ,M,R,D,B ,F , , ,R,50,0,0,0,,,1242990,4853738
Invercargill City,BALMORAL DRIVE,, ,I,NESS ST,201436137,14/05/2014,Wed,1600,HA,CW14,302A ,,R,D,O ,F ,R,G,R,50,0,0,0,,,1243505,4848316
Invercargill City,BALMORAL DRIVE,, ,I,YTHAN ST,201441628,07/08/2014,Thu,1500,HA,CW1C,302B ,,R,W,O ,L ,X,G,C,50,0,0,0,,,1243253,4848300
Invercargill City,BANDON ST,, ,I,LAGAN ST,201413252,07/06/2014,Sat,2330,DA,CN1,111A 131A ,P,M,D,DO,F ,T,N,C,50,0,0,3,,,1243176,4828419
Invercargill City,BANN ST,, ,I,BOYNE ST,201439400,24/06/2014,Tue,1050,HA,4E1C,302A 375A ,,R,W,OF,L ,X,G,N,50,0,0,0,,,1242541,4828574