TLANAME,CRASHROAD,CRASHDIST,CRASHDIRN,INTSN,SIDEROAD,CRASHID,CRASHDATE,CRASHDOW,CRASHTIME,MVMT,VEHICLES,CAUSES,OBJECTSSTRUCK,ROADCURVE,ROADWET,LIGHT,WTHRa,JUNCTYPE,TRAFCTRL,ROADMARK,SPDLIM,CRASHFATALCNT,CRASHSEVCNT,CRASHMINCNT,PERSAGE1,PERSAGE2,EASTING,NORTHING
Invercargill City,BAY ROAD,850,W, ,CUNNINGHAM ST,201430511,04/01/2014,Sat,400,CA,4W1,103A 130A ,V,R,W,DN,L , , ,C,100,0,0,0,,,1240512,4852278
Invercargill City,BETHUNES LANE,400,N, ,FINDLAY ROAD,201430510,04/01/2014,Sat,330,CB,VS1,101A 130A ,F,R,W,DN,L , , ,N,50,0,0,0,,,1246083,4852274
Invercargill City,BOND ST,30,N, ,BUTE ST,201431181,05/03/2014,Wed,1100,FA,CN1C,181A 191B ,,R,D,O ,F , ,N,C,50,0,0,0,,,1241914,4849118
Invercargill City,BOND ST,170,S, ,SPEY ST,201413442,07/06/2014,Sat,24,CC,CN1,112A 402A 692A ,P,R,D,DO,F , , ,C,50,0,1,0,,,1241878,4849703
Invercargill City,BOND ST,120,S, ,STEAD ST,201448846,21/11/2014,Fri,1200,MO,VN1C,371A 927 ,,R,D,B ,F ,D, ,C,50,0,0,0,,,1241935,4848821
Invercargill City,BOND ST,, ,I,TWEED ST,201414928,08/06/2014,Sun,845,JA,SE2C,302B 375B ,,S,W,OF,F ,R,G,C,50,0,0,1,,43,1241924,4848940
Invercargill City,BOND ST,100,S, ,VICTORIA AVENUE,201445748,09/10/2014,Thu,1210,JA,SS1C,308B 375B 929 ,,E,D,O ,F ,D,N,C,50,0,0,0,,,1241848,4850210
Invercargill City,BOUNDARY ROAD,100,N, ,EVANS ROAD,201442807,25/08/2014,Mon,1909,EC,VS1,912,W,R,D,DN,F , ,N,C,100,0,0,0,,,1246678,4845689
Invercargill City,BOUNDARY ROAD,150,S, ,STIRRAT ST,201442228,07/08/2014,Thu,1728,CC,CN1,135A 802 803 903 ,T,R,I,TN,SS, , ,C,100,0,0,0,,,1246664,4845924
Invercargill City,BOUNDARY ROAD,, ,I,STIRRAT ST,201433139,25/03/2014,Tue,2300,DA,CS1,131A ,F,R,D,DN,F ,T,G,C,100,0,0,0,,,1246655,4846073
Invercargill City,BOUNDARY ROAD,, ,I,STIRRAT ST,201439203,01/06/2014,Sun,1803,DC,CE2,112A 335A ,F,R,D,O ,F ,T,G,N,100,0,0,0,,,1246655,4846073
Invercargill City,BOWMONT ST,, ,I,YTHAN ST,201448535,21/11/2014,Fri,1750,HA,4E1C,302B 375B ,,R,W,OF,L ,X,G,N,50,0,0,0,,,1243232,4848663
Invercargill City,BROWN ST,, ,I,MCQUARRIE ST,201442001,16/07/2014,Wed,916,HA,4E2C,321B ,,R,D,OF,F ,X,S,R,50,0,0,0,,,1244455,4847087
Invercargill City,BUTE ST,120,E, ,BOND ST,201418138,29/11/2014,Sat,2151,CB,CE1,110A 133A 191A 901 ,HKP,R,W,DO,H , , ,N,50,0,0,1,,,1242036,4849095
Invercargill City,CENTRE ST,50,E, ,METZGER ST,201413071,13/05/2014,Tue,1715,NA,CW1E,713B ,,R,W,OF,L , ,N,X,50,0,0,1,9,,1244857,4848615
Invercargill City,CENTRE ST,200,E, ,METZGER ST,201410198,13/01/2014,Mon,1215,MO,CE1,407A 423A ,H,R,W,O ,L , , ,C,50,0,0,1,,,1245006,4848624
Invercargill City,CENTRE ST,, ,I,REGENT ST,201435548,23/04/2014,Wed,1300,KA,SW1C,302B 370B 402B ,,E,D,O ,F ,R,G,R,50,0,0,0,,,1245623,4848673
Invercargill City,CHELMSFORD ST,50,E, ,QUEENS DRIVE,201445481,31/08/2014,Sun,113,MO,CS1,130A 371A 904 929 ,F,R,D,DO,M ,D,N,C,50,0,0,0,,,1243457,4851835
Invercargill City,CHELMSFORD ST,80,W, ,WILTON ST,201436293,11/05/2014,Sun,1630,MD,SE1V,204A 929 ,,R,D,O ,F ,D,N,C,50,0,0,0,,,1243984,4851867
Invercargill City,CHESNEY ST,, ,I,STIRRAT ST,201443505,05/08/2014,Tue,2155,DB,CE2,111A 131A ,V,R,W,DN,H ,X,S,N,70,0,0,0,,,1245278,4845991
Invercargill City,CONON ST,, ,I,BALMORAL DRIVE,201413253,03/06/2014,Tue,750,HA,CE2S,302A 375A ,,R,D,TF,F ,X,G,P,50,0,0,1,,31,1243012,4848287
Invercargill City,CONON ST,40,S, ,DALRYMPLE ST,201433413,01/03/2014,Sat,2300,MO,CN1C,371A 929 ,M,R,W,DO,L ,D,N,N,50,0,0,0,,,1243024,4848096
Invercargill City,CONON ST,, ,I,DALRYMPLE ST,201444165,03/09/2014,Wed,1604,HA,CS1C,302B 375B ,,R,W,OF,H ,X,G,C,50,0,0,0,,,1243022,4848136
Invercargill City,CONON ST,50,S, ,EYE ST,201443506,07/08/2014,Thu,1215,EC,CS1,341A 350A 817 ,X,R,W,OF,L , ,N,C,50,0,0,0,,,1242963,4849102
Invercargill City,CONON ST,, ,I,EYE ST,201414869,20/07/2014,Sun,1807,HA,CW2C,302A 375A ,,R,W,DO,L ,X,G,C,50,0,0,1,,,1242960,4849152
Invercargill City,CONON ST,, ,I,EYE ST,201430771,14/02/2014,Fri,855,HA,CS1C,302A 375A ,,R,W,OF,L ,X,G,C,50,0,0,0,,,1242960,4849152
Invercargill City,CONON ST,, ,I,GRACE ST,201448531,01/10/2014,Wed,1054,DB,CW2,130A 358A ,F,R,D,BF,F ,X,G,C,50,0,0,0,,,1243028,4848015
Invercargill City,CONON ST,, ,I,TEVIOT ST,201413439,30/06/2014,Mon,1320,HA,CN1T,302B ,,R,D,B ,F ,X,G,R,50,0,0,2,,,1242976,4848890
Invercargill City,CONON ST,, ,I,TWEED ST,201439403,02/07/2014,Wed,800,HA,CN1C,302A 375A ,,R,W,DO,H ,R,G,C,50,0,0,0,,,1242968,4849031
Invercargill City,CONON ST,, ,I,TWEED ST,201430096,02/02/2014,Sun,1145,AA,CS1C,372A ,,R,D,BF,F ,R,G,R,50,0,0,0,,,1242973,4849030
Invercargill City,CONON ST,, ,I,TYNE ST,201437622,27/05/2014,Tue,859,FD,CS1CC,181A 331A 402A ,,R,W,O ,F ,X,G,C,50,0,0,0,,,1242953,4849272
Invercargill City,CONON ST,, ,I,TYNE ST,201431771,20/02/2014,Thu,1907,FB,VN1C,181A 331A ,,R,D,O ,F ,X,G,C,50,0,0,0,,,1242953,4849272
Invercargill City,CRINAN ST,40,E, ,CONON ST,201437595,01/06/2014,Sun,1750,PC,CE1,371A 929 ,,R,D,DO,F ,D,N,N,50,0,0,0,,,1243038,4848530
Invercargill City,CRINAN ST,50,W, ,CONON ST,201449912,27/12/2014,Sat,930,CA,CW1C,130A 195A 350A ,M,R,D,O ,F , , ,C,50,0,0,0,,,1242948,4848525
Invercargill City,CRINAN ST,, ,I,CONON ST,201436140,11/05/2014,Sun,715,CA,CE1,101A 130A ,S,R,D,DO,F ,X,G,C,50,0,0,0,,,1242998,4848528
Invercargill City,CURRAN ROAD,350,S, ,LONGFORD ROAD,201415823,14/09/2014,Sun,340,DA,4N1,111A 131A 402A ,P,E,W,DN,L , , ,C,100,0,0,1,,,1238245,4849304
Invercargill City,CURRAN ROAD,1500,N, ,STEAD ST,201448541,16/11/2014,Sun,1235,DB,4S1,131A 358A ,V,E,D,ON,FS, ,N,C,100,0,0,0,,,1238636,4848442
Invercargill City,DALRYMPLE ST,, ,I,ELLES ROAD,201440025,02/07/2014,Wed,2000,AO,CE1C,157A 387A ,,R,W,DO,L ,X,G,C,50,0,0,0,,,1243610,4848172
Invercargill City,DEVERON ST,25,S, ,ESK ST,201437843,08/06/2014,Sun,1000,MO,CN1C,372A ,M,R,D,B ,F ,X,G, ,50,0,0,0,,,1242929,4849668
Invercargill City,DON ST,, ,I,JED ST,201412997,13/06/2014,Fri,1335,HA,CS24,101A 301A 355A ,,R,D,B ,F ,X,S,R,50,0,0,2,,,1243163,4849829
Invercargill City,DON ST,, ,I,JED ST,201450444,16/12/2014,Tue,1430,HA,CW1C,301B ,,R,D,BF,F ,X,S,R,50,0,0,0,,,1243163,4849829
Invercargill City,DON ST,, ,I,JED ST,201412831,15/04/2014,Tue,2202,HA,CE1C,103B 112B 321B 801 862 ,JS,R,W,DO,L ,X,S,R,50,0,0,2,,,1243163,4849829
Invercargill City,DON ST,, ,I,JED ST,201416228,06/10/2014,Mon,1025,HA,CW1C,301B ,,R,D,O ,F ,X,S,C,50,0,0,1,,,1243163,4849829
Invercargill City,DOON ST,, ,I,YARROW ST,201444182,11/07/2014,Fri,1715,HA,VW2C,302B 375B ,,R,D,BF,F ,X,G,C,50,0,0,0,,,1243390,4850084
Invercargill City,DRURY LANE,, ,I,HEYWOOD ST,201442095,28/07/2014,Mon,1050,JA,CN1S,302A ,,R,D,ON,F ,R,G,C,50,0,0,0,,,1241822,4852780
Invercargill City,DRURY LANE,, ,I,HEYWOOD ST,201439968,23/06/2014,Mon,2128,HA,XW2C,302A 375A ,,R,D,DO,F ,R,G,R,50,0,0,0,,,1241801,4852780
Invercargill City,DUBLIN ST,80,S, ,KING ST,201444153,17/07/2014,Thu,,MO,CS1C,371A 929 ,M,R,D,BF,F ,D,N,C,50,0,0,0,,,1243925,4851173
Invercargill City,DUNBEATH CRESCENT,, ,I,PAISLEY ST E,201450440,31/10/2014,Fri,830,DB,4N1,131A ,F,M,D,OF,F ,T,N,N,50,0,0,0,,,1243609,4846323
Invercargill City,DUNNS ROAD,, ,I,MARAMA AVENUE SOUTH,201447411,17/10/2014,Fri,1544,LB,CN1C,303B 375B ,,R,D,B ,L ,X,G,C,50,0,0,0,,,1239580,4847364
Invercargill City,DUNNS ROAD,, ,I,ORETI ROAD,201410108,14/01/2014,Tue,1735,KB,SE1C,302B 902 ,,R,D,B ,F ,T,G,C,70,0,1,0,,55,1239302,4847262
Invercargill City,DUNNS ROAD,, ,I,SANDY POINT ROAD,201436588,13/05/2014,Tue,1250,GB,CW1C,158A 333A 175B ,,R,D,O ,F ,T,G,C,70,0,0,0,,,1236345,4847021
Invercargill City,DUNNS ROAD,200,W, ,VYNER ROAD,201415897,30/09/2014,Tue,1645,FA,4W1C,181A 191A ,,R,D,B ,F , , ,C,70,0,0,1,,,1238191,4847191
Invercargill City,DURHAM ST,, ,I,FRASER ST,201445489,09/10/2014,Thu,110,MG,4E1C,512A 901 903 ,,R,W,DO,HS,T,G,N,50,0,0,0,,,1241990,4853723
Invercargill City,EARNSLAW ST,60,E, ,SH 6,201449935,24/10/2014,Fri,1706,MD,VW1C,330B 371B 377B 839 929 ,,R,D,B ,F ,D,N,C,50,0,0,0,,,1242445,4850519
Invercargill City,ELLES ROAD,15,S, ,BIGGAR ST,201439966,04/07/2014,Fri,1605,EA,CS1C,129A ,M,R,W,OF,L ,X,G,C,50,0,0,0,,,1243602,4848307
Invercargill City,ELLES ROAD,20,S, ,BRAEMAR ST,201439405,17/06/2014,Tue,1828,CB,CN1,133A 353A 901 ,FHK,R,W,DO,H , ,N,R,50,0,0,0,,,1243730,4846070
Invercargill City,ELLES ROAD,110,S, ,DALRYMPLE ST,201432937,13/03/2014,Thu,1547,FA,CS1C,181A 331A ,,R,D,B ,F , , ,R,50,0,0,0,,,1243617,4848062
Invercargill City,ELLES ROAD,, ,I,DIPTON ST,201435077,29/04/2014,Tue,825,KB,CN1C,302B 375B ,,R,W,O ,F ,T,G,C,50,0,0,0,,,1243717,4846310
Invercargill City,ELLES ROAD,5,S, ,ELIZABETH ST,201431117,15/02/2014,Sat,2145,EC,CS1,911,W,R,D,DO,F ,T,G,C,50,0,0,0,,,1243668,4847249
Invercargill City,ELLES ROAD,100,N, ,JANET ST,201449927,27/12/2014,Sat,1905,MO,CN1C,386A ,M,R,W,O ,L , , ,C,50,0,0,0,,,1243619,4848020
Invercargill City,ELLES ROAD,, ,I,JANET ST,201439114,24/05/2014,Sat,2056,DA,CS1,135A 402A 802 905 ,,R,I,DO,S ,X,T,P,50,0,0,0,,,1243626,4847920
Invercargill City,ELLES ROAD,, ,I,KEW ROAD,201418765,09/12/2014,Tue,40,PO,4N1E,512A ,,R,D,DO,F ,X,G,C,50,0,1,0,46,,1243685,4846948
Invercargill City,ELLES ROAD,, ,I,LANSDOWNE ST,201433745,02/04/2014,Wed,905,AO,CS1C,145B ,,R,D,B ,F ,T,G,C,50,0,0,0,,,1243649,4847548
Invercargill City,ELLES ROAD,10,N, ,MANSE ST,201414418,11/07/2014,Fri,1716,NB,CN1E,713B ,,R,D,BF,F ,T,G,C,50,0,1,0,9,,1243651,4847505
Invercargill City,ELLES ROAD,10,N, ,MARTIN ST,201436764,30/04/2014,Wed,1845,MO,CN1C,357A 512A 371B 926 ,,R,D,DO,F ,D,N,C,50,0,0,0,,,1243624,4847941
Invercargill City,ELLES ROAD,, ,I,PAISLEY ST,201448845,09/12/2014,Tue,2119,KB,CS1C,302B 375B 901 ,,R,W,DO,H ,T,G,R,50,0,0,0,,,1243725,4846361
Invercargill City,ELLES ROAD,5,S, ,SH 1S,201448847,09/11/2014,Sun,1609,FE,CN1C,109A 331A ,,R,D,B ,F ,X,T,C,50,0,0,0,,,1243527,4849588
Invercargill City,ELLES ROAD,20,S, ,SH 1S TAY,201440022,24/06/2014,Tue,1830,AC,CN1C,372A ,,R,D,DO,F ,X,T,C,50,0,0,0,,,1243529,4849573
Invercargill City,ELLES ROAD,, ,I,TEVIOT ST,201446216,30/08/2014,Sat,1505,DO,CS1CC,133A 423A 923 ,M,R,D,BF,F ,D,N,C,50,0,0,0,,,1243565,4848925
Invercargill City,ELLES ROAD,, ,I,TRAMWAY ROAD,201410885,18/02/2014,Tue,945,KA,SS14,302B 375B ,,R,D,O ,F ,T,G,R,50,0,0,1,,42,1243655,4847453
Invercargill City,ELLES ROAD,50,N, ,TWEED ST,201437997,16/05/2014,Fri,1744,AO,CN1C,150A 357A 381A ,,R,D,DO,F , ,N,C,50,0,0,0,,,1243553,4849120
Invercargill City,ELLES ROAD,20,S, ,TWEED ST,201449928,24/12/2014,Wed,1220,MO,CS1T,308B 330B 923 ,,R,D,B ,F ,D,N,C,50,0,0,0,,,1243559,4849023
Invercargill City,ELLES ROAD,, ,I,TWEED ST,201435374,05/05/2014,Mon,2010,GF,CN1C,386A ,,E,W,DO,F ,R,G,R,50,0,0,0,,,1243558,4849043
Invercargill City,ELLES ROAD,20,N, ,VERNON ST,201435934,06/05/2014,Tue,1445,CB,CS1S,357A 512A ,,R,D,OF,F ,T,G,C,50,0,0,0,,,1243695,4846782
Invercargill City,ESK ST,50,W, ,KELVIN ST,201440837,11/07/2014,Fri,1500,MO,CW1C,386A ,,R,D,O ,F , , ,N,50,0,0,0,,,1242637,4849676
Invercargill City,ESK ST,40,E, ,SH 6,201437589,11/06/2014,Wed,1629,MO,CE1,423A ,H,R,D,B ,F , , ,N,30,0,0,0,,,1242481,4849667
Invercargill City,ETHEL ST,, ,I,ASH ST,201438792,19/05/2014,Mon,1400,DA,CW2,131A ,FT,R,D,ON,F ,T,N,C,50,0,0,0,,,1245870,4848910
Invercargill City,ETTRICK ST,, ,I,LIDDEL ST,201434984,26/04/2014,Sat,835,LB,CE1V,303B 375B ,,R,D,OF,F ,X,G,N,50,0,0,0,,,1242359,4848733
Invercargill City,ETTRICK ST,, ,I,NESS ST,201417438,31/10/2014,Fri,1200,HA,CE14,302B 375B ,,R,D,BF,F ,X,G,C,50,0,0,1,,,1243466,4848797
Invercargill City,ETTRICK ST,50,E, ,NITH ST,201449702,14/12/2014,Sun,2245,EA,CW1C,386A ,M,R,D,DO,F , ,N,C,50,0,0,0,,,1242792,4848758
Invercargill City,EXMOUTH ST,, ,I,KING ST E,201416847,08/11/2014,Sat,1220,JA,CE1C,301A 355A ,,R,D,O ,F ,T,S,C,50,0,0,2,,,1244537,4851294
Invercargill City,FERRY ROAD,80,E, ,HOWELL ROAD,201445484,28/09/2014,Sun,2120,DB,4W1,111A 131A 414A ,EP,E,D,DN,F , , ,N,100,0,0,0,,,1235686,4851617
Invercargill City,FERRY ROAD,, ,I,HUGHES ROAD,201439061,17/05/2014,Sat,,DA,CE1,350A 400A ,VX,R,W,DN,L ,T,G,C,100,0,0,0,,,1236613,4851500
Invercargill City,FERRY ROAD,900,W, ,OTATARA ROAD,201449930,06/12/2014,Sat,46,EC,CE1,191A 912 ,W,R,D,DN,F , , ,N,100,0,0,0,,,1237953,4851220
Invercargill City,FINDLAY ROAD,, ,I,AYRESDALE ROAD,201418017,25/11/2014,Tue,1345,JA,CW14,302B 375B ,,R,D,ON,F ,T,G,C,80,0,0,1,,,1246754,4852113
Invercargill City,FINDLAY ROAD,, ,I,MILL ROAD NORTH,201418380,19/11/2014,Wed,1515,FB,CE1C,181A ,,R,W,OF,L ,T,G,C,80,0,0,1,,,1247560,4852382
Invercargill City,FLAGSTAFF ROAD,160,S, ,RESERVOIR ROAD,201436378,23/02/2014,Sun,1719,DA,CN1,101A 131A ,,S,D,BN,F , ,N,C,50,0,0,0,,,1242800,4827686
Invercargill City,FORTH ST,15,E, ,CONON ST,201430764,11/02/2014,Tue,1200,MF,CE1C,371B ,,R,D,BF,F , ,N,C,50,0,0,0,,,1242961,4849400
Invercargill City,FORTH ST,, ,I,CONON ST,201433930,20/03/2014,Thu,1655,HA,CS2C,302B 375B ,,R,D,B ,F ,X,G,C,50,0,0,0,,,1242946,4849399
Invercargill City,FORTH ST,, ,I,YTHAN ST,201441617,07/08/2014,Thu,1300,FB,CE1C,181A 387A ,,E,W,O ,H ,X,G,N,50,0,0,0,,,1243189,4849413
Invercargill City,FOX ST,, ,A,PHILLIP ST,201445167,29/09/2014,Mon,1920,LB,CW1V,370A 303B ,,R,D,B ,F ,T,G,N,50,0,0,0,,,1242064,4850788
Invercargill City,GALA ST,, ,I,ACCESS ROAD E,201416142,26/09/2014,Fri,1550,HA,CW1C,302A 375A ,,R,D,B ,F ,X,G,C,50,0,0,1,,,1243133,4850312
Invercargill City,GALA ST,, ,I,DEVERON ST,201434237,19/02/2014,Wed,1700,LB,CE1C,191A 402A 303B 338B 404B 930 ,,R,D,B ,F ,D,G,C,50,0,0,0,,,1242891,4850297
Invercargill City,GALA ST,, ,I,DEVERON ST,201410818,07/02/2014,Fri,845,GB,CW1S,205B 372B ,,R,D,B ,F ,X,G,C,50,0,0,1,,11,1242891,4850297
Invercargill City,GALA ST,20,E, ,KELVIN ST,201444181,30/07/2014,Wed,1332,EA,CE1CC,129A ,MM,R,W,OF,H , ,N,C,50,0,0,0,,,1242671,4850284
Invercargill City,GALA ST,, ,I,KELVIN ST,201441687,24/07/2014,Thu,1947,LB,CS2C,303B 382B 901 ,,R,W,DO,H ,X,T,C,50,0,0,0,,,1242651,4850282
Invercargill City,GALA ST,, ,I,QUEENS DRIVE,201446662,07/11/2014,Fri,925,LB,CE1C,303B 330B ,,S,D,B ,F ,X,T,C,50,0,0,0,,,1243483,4850331
Invercargill City,GLADSTONE TERRACE,, ,I,SYCAMORE PLACE,201413133,24/05/2014,Sat,1055,DC,CS1,501A ,K,E,D,B ,F ,T,N,C,50,0,0,1,,,1242963,4852286
Invercargill City,GLENGARRY CRESCENT,80,S, ,GLEN WAY W,201437068,29/05/2014,Thu,950,MO,CS1,427A ,HK,R,W,O ,F , , ,N,50,0,0,0,,,1245254,4850942
Invercargill City,GORGE ROAD-INVERCARGILL H,30,E, ,BOUNDARY ROAD,201439497,11/07/2014,Fri,435,EC,CE1,912,W,R,D,DO,F , ,N,C,100,0,0,0,,,1246671,4846263
Invercargill City,GORGE ROAD-INVERCARGILL H,930,E, ,MURPHY ROAD NORTH,201435143,26/02/2014,Wed,650,EC,4W1,132A 195A ,V,R,D,DN,F , ,N,C,100,0,0,0,,,1249234,4845631
Invercargill City,GORGE ROAD-INVERCARGILL H,930,E, ,MURPHY ROAD NORTH,201435144,26/02/2014,Wed,655,EC,BW1,912,W,R,D,DN,F , ,N,C,100,0,0,0,,,1249234,4845631
Invercargill City,HERBERT ST,50,E, ,DEE ST,201437029,20/05/2014,Tue,1614,FD,CW1C,331A ,,R,W,DO,H , , ,C,50,0,0,0,,,1242373,4851561
Invercargill City,HERBERT ST,, ,I,GREY ST,201438697,27/06/2014,Fri,1825,JA,CE14,302B ,,R,W,DO,F ,T,G,C,50,0,0,0,,,1242738,4851583
Invercargill City,HERBERT ST,, ,I,LEES ST,201442076,29/07/2014,Tue,1340,JA,CW1C,308B 377B 839 930 ,,R,D,BF,F ,D,N,L,50,0,0,0,,,1243288,4851616
Invercargill City,HERBERT ST,20,E, ,PARK ST,201440094,06/07/2014,Sun,1205,CB,CW1CC,136A 631A ,M,R,D,OF,F , ,N,C,50,0,0,0,,,1242966,4851597
Invercargill City,HERBERT ST,10,W, ,PARK ST,201413440,26/06/2014,Thu,1845,EE,SW1C,374B ,M,R,D,DO,F ,T,G,C,50,0,0,1,,45,1242936,4851595
Invercargill City,HERBERT ST,30,W, ,PARK ST,201418379,28/11/2014,Fri,855,FD,CW1VC,331A 359A ,,R,W,OF,F , ,N,C,50,0,0,1,,,1242916,4851594
Invercargill City,HERBERT ST,, ,I,QUEENS DRIVE,201450441,14/12/2014,Sun,2058,HA,CN2C,302A 375A ,,M,D,BF,F ,R,G,R,50,0,0,0,,,1243408,4851617
Invercargill City,HERBERT ST,, ,I,QUEENS DRIVE,201434611,02/04/2014,Wed,1220,AC,BW1V,372A 671A ,,R,D,BF,F ,R,G,R,50,0,0,0,,,1243413,4851619
Invercargill City,HERBERT ST,10,W, ,RUSSEL ST,201411225,28/01/2014,Tue,1713,MA,CW1C,373B ,,R,D,B ,F ,T,G,R,50,0,0,1,,,1242546,4851571
Invercargill City,HERBERT ST,30,E, ,SH 6,201439200,06/06/2014,Fri,1532,LB,CW14,303B 927 ,,R,D,O ,F ,D,N,C,50,0,0,0,,,1242353,4851560
Invercargill City,HERBERT ST,40,E, ,SH 6,201444194,05/09/2014,Fri,1237,KA,VW1C,308B 314B 377B 927 ,,R,D,OF,F ,D,N,C,50,0,0,0,,,1242363,4851560
Invercargill City,HERBERT ST,, ,I,SWINTON ST,201415820,19/09/2014,Fri,1738,GD,CW1C,331A 902 ,,R,D,B ,F ,T,G,C,50,0,0,1,,,1243047,4851602
Invercargill City,HERBERT ST,, ,I,WINDSOR ST,201410828,05/01/2014,Sun,900,KA,SS2C,302B 375B ,,R,D,B ,F ,R,G,R,50,0,0,1,,30,1243722,4851644
Invercargill City,HEYWOOD ST,, ,I,DRURY LANE,201418662,04/12/2014,Thu,1030,HA,VE14,302A 427A ,,S,W,ON,F ,R,G,R,50,0,0,1,,,1241801,4852780
Invercargill City,HOFFMAN COURT,190,N, ,GIMBLETT ST W,201444160,31/08/2014,Sun,1330,EA,CE1C,129A ,M,R,D,BF,F , ,N,N,50,0,0,0,,,1242783,4853301
Invercargill City,HUMBER ST,, ,I,HUMBER PLACE,201433414,14/03/2014,Fri,2334,DA,CW2,130A 433A ,,R,D,DO,F ,T,G,C,50,0,0,0,,,1244276,4844953
Invercargill City,INGLEWOOD ROAD,, ,I,LUNE ST,201434621,20/04/2014,Sun,2110,DA,CW2,111A 131A ,F,R,W,DO,L ,T,G,C,50,0,0,0,,,1245119,4849823
Invercargill City,ISABELLA ST,100,N, ,YARROW ST,201437616,31/05/2014,Sat,105,CB,CN1,103A 133A 402A 433A 801 ,K,R,W,DO,L , , ,C,50,0,0,0,,,1244635,4850568
Invercargill City,ISABELLA ST,, ,I,YARROW ST,201437591,09/06/2014,Mon,1040,HA,CS1C,321A 335A ,,R,D,O ,F ,X,S,C,50,0,0,0,,,1244673,4850475
Invercargill City,ISABELLA ST,, ,I,YARROW ST,201431434,05/03/2014,Wed,1745,LB,CN1V,303B 375B ,,R,D,BF,F ,X,S,P,50,0,0,0,,,1244673,4850475
Invercargill City,JANET ST,, ,I,NESS ST,201436646,09/05/2014,Fri,858,FB,CE1C,181A ,,R,W,O ,F ,X,G,C,50,0,0,0,,,1243519,4847913
Invercargill City,JED ST,, ,I,GALA ST,201435540,29/03/2014,Sat,1705,HA,CW2C,302B 378B 402B ,,R,D,B ,F ,X,G,C,50,0,0,0,,,1243133,4850312
Invercargill City,JED ST,60,N, ,SPEY ST,201445446,24/09/2014,Wed,1915,EA,CS1C,129A 358A ,M,R,D,DO,F , , ,C,50,0,0,0,,,1243151,4850009
Invercargill City,JED ST,, ,I,SPEY ST,201430999,16/02/2014,Sun,1110,HA,CS1C,302B 375B ,,R,D,BF,F ,X,G,C,50,0,0,0,,,1243155,4849949
Invercargill City,JED ST,10,S, ,YARROW ST,201432259,13/02/2014,Thu,1600,FD,CN1C,331A ,,R,W,O ,H ,X,S,C,50,0,0,0,,,1243148,4850060
Invercargill City,JENKIN ST,60,E, ,NELSON ST,201431669,22/02/2014,Sat,1520,MO,CE1V,371A 929 ,M,R,D,O ,F ,D,N,N,50,0,0,0,,,1244118,4847720
Invercargill City,JENKIN ST,, ,I,NELSON ST,201412806,11/04/2014,Fri,1025,HA,CN24,302A 370A 375A ,,S,D,B ,F ,X,G,C,50,0,1,0,,,1244058,4847716
Invercargill City,JENKIN ST,, ,I,NELSON ST,201415204,23/07/2014,Wed,1425,HA,4E1C,302B 375B ,,R,W,OF,L ,X,G,N,50,0,0,1,,,1244058,4847716
Invercargill City,JOHN ST,50,W, ,JOHN PLACE,201436138,14/05/2014,Wed,1805,GD,CE1C,331A 929 ,,R,D,TF,F ,D,N,C,50,0,0,0,,,1245031,4848126
Invercargill City,JOHN ST,, ,I,REGENT ST,201435547,29/04/2014,Tue,1110,DA,CS2,111A 131A 403A 801 ,CP,E,W,O ,L ,T,G,R,50,0,0,0,,,1245707,4848056
Invercargill City,JOHN ST,, ,I,SATURN ST,201436136,11/05/2014,Sun,9,DB,CN2,103A 111A 131A ,F,R,W,DO,L ,T,G,C,50,0,0,0,,,1244439,4848090
Invercargill City,KELVIN ST,20,N, ,DON ST,201417491,19/11/2014,Wed,1445,EE,SN1C,374B ,Q,R,W,OF,FS, ,N,C,50,0,0,1,,20,1242678,4849820
Invercargill City,KELVIN ST,10,S, ,DON ST,201415311,16/08/2014,Sat,1322,FD,CN1CC,181A 330A 334A ,,R,D,B ,F ,X,T,C,50,0,0,3,,,1242680,4849790
Invercargill City,KELVIN ST,15,N, ,ESK ST,201435078,26/03/2014,Wed,1230,MB,CS1V,372B ,,R,D,B ,F ,X,T,C,50,0,0,0,,,1242686,4849694
Invercargill City,KELVIN ST,25,S, ,SPEY ST,201432941,28/02/2014,Fri,1315,MA,CS1C,387B ,,R,D,O ,F , , ,L,50,0,0,0,,,1242674,4849896
Invercargill City,KELVIN ST,50,S, ,SPEY ST,201430874,11/02/2014,Tue,1420,MO,CS1C,371A 927 ,,R,W,ON,F ,D,N,C,50,0,0,0,,,1242675,4849871
Invercargill City,KELVIN ST,, ,I,SPEY ST,201441618,08/08/2014,Fri,1220,HA,CS1C,322A 334A ,,R,W,O ,L ,X,T,C,50,0,0,0,,,1242672,4849921
Invercargill City,KELVIN ST,20,S, ,THAMES ST,201415203,31/07/2014,Thu,855,JA,CN1C,308B 377B 839 930 ,,R,W,OF,L ,D,N,C,50,0,0,1,,,1242657,4850684