TLANAME,CRASHROAD,CRASHDIST,CRASHDIRN,INTSN,SIDEROAD,CRASHID,CRASHDATE,CRASHDOW,CRASHTIME,MVMT,VEHICLES,CAUSES,OBJECTSSTRUCK,ROADCURVE,ROADWET,LIGHT,WTHRa,JUNCTYPE,TRAFCTRL,ROADMARK,SPDLIM,CRASHFATALCNT,CRASHSEVCNT,CRASHMINCNT,PERSAGE1,PERSAGE2,EASTING,NORTHING
Invercargill City,KEW ROAD,400,E, ,SH 1S,201432312,29/01/2014,Wed,500,CB,CW1,130A 358A ,P,R,D,DO,F , , ,C,50,0,0,0,,,1243214,4846924
Invercargill City,KING ST,20,E, ,QUEENS DRIVE,201440096,13/07/2014,Sun,218,EA,CE1C,129A ,M,R,D,DO,F , ,N,C,50,0,0,0,,,1243450,4851228
Invercargill City,KING ST,, ,I,WINDSOR ST,201448546,03/10/2014,Fri,1520,JA,CE1B,302B 375B ,,R,D,BF,F ,T,G,R,50,0,0,0,,,1243749,4851244
Invercargill City,LAYARD ST,100,E, ,WILTON ST,201445739,14/10/2014,Tue,1948,CB,CE1C,129A 350A ,M,R,W,O ,F , ,N,X,50,0,0,0,,,1244151,4852075
Invercargill City,LEVEN ST,, ,I,ESK ST WEST,201450867,31/12/2014,Wed,1145,JA,CS1C,302B ,,E,D,OF,L ,T,G,C,50,0,0,0,,,1242304,4849656
Invercargill City,LEVEN ST,, ,I,GALA ST,201437888,06/06/2014,Fri,1445,JA,CS1C,302B 375B ,,R,D,O ,F ,T,G,C,50,0,0,0,,,1242269,4850257
Invercargill City,LEVEN ST,60,N, ,LEET ST,201448843,03/12/2014,Wed,940,KB,CN14,308B 375B 801 927 ,,R,W,O ,L ,D, ,C,50,0,0,0,,,1242272,4850199
Invercargill City,LEVEN ST,15,S, ,LEET ST,201445478,02/10/2014,Thu,945,MA,CS1C,330B 373B 925 ,,R,D,O ,F ,D,N,C,50,0,0,0,,,1242277,4850124
Invercargill City,LEVEN ST,, ,I,SPEY ST,201431249,17/01/2014,Fri,1615,HA,CN1V,322B 350B ,,R,D,OF,F ,X,T,C,50,0,0,0,,,1242291,4849898
Invercargill City,LEVEN ST,, ,I,VICTORIA AVENUE,201448669,04/12/2014,Thu,1145,HA,CN1T,302A 330A ,,R,D,O ,F ,X,G,C,50,0,0,0,,,1242273,4850359
Invercargill City,LEWIS ST,, ,I,GREY ST,201436131,29/04/2014,Tue,1744,DA,CN2,131A 351A ,J,R,D,O ,F ,X,G,N,50,0,0,0,,,1242731,4851744
Invercargill City,LIDDEL ST,25,S, ,FORTH ST,201435158,16/03/2014,Sun,2115,CB,CS1,129A ,,R,D,DO,F , ,N,C,50,0,0,0,,,1242323,4849336
Invercargill City,LIDDEL ST,, ,I,THE CRESCENT,201444282,19/09/2014,Fri,1524,FB,CN1V,387A ,,E,W,O ,F ,R,G,R,50,0,0,0,,,1242308,4849588
Invercargill City,LIDDEL ST,, ,I,THE CRESCENT,201440845,04/08/2014,Mon,1640,JA,CS1C,302B ,,M,D,O ,F ,R,G,R,50,0,0,0,,,1242308,4849588
Invercargill City,LIME ST,, ,I,DOME ST,201413438,26/05/2014,Mon,1442,GE,CS1C,160A ,,R,D,B ,F ,X,G,C,50,0,0,1,,,1245199,4849034
Invercargill City,LINDISFARNE ST,, ,I,MILLER ST,201445146,05/09/2014,Fri,2010,HA,CN1V,302B 375B ,,R,D,DO,F ,X,G,C,50,0,0,0,,,1244434,4849214
Invercargill City,LINDISFARNE ST,50,S, ,SH 1S,201437643,19/05/2014,Mon,1600,PC,CE1,371A 801 929 ,,R,W,O ,L ,D,N,N,50,0,0,0,,,1244282,4849770
Invercargill City,LITHGOW ST,100,S, ,LITHGOW PLACE EAST,201442618,03/07/2014,Thu,740,LB,PS1C,303B 375B 929 ,,R,W,DO,L ,D,N,C,50,0,0,0,,,1245391,4850362
Invercargill City,LYON ST,15,N, ,TUMMEL ST,201442666,21/08/2014,Thu,1320,EC,CS1,911,W,R,D,OF,F , ,N,N,50,0,0,0,,,1245065,4851091
Invercargill City,LYON ST,40,N, ,YARROW ST,201437644,01/06/2014,Sun,925,MD,CS1C,308B 371B 929 ,,R,D,O ,F ,D,N,N,50,0,0,0,,,1245148,4850882
Invercargill City,MACMASTER ST,, ,I,ST ANDREW ST,201431433,20/01/2014,Mon,1651,FB,CN1C,352A 423A ,,R,D,BF,F ,T,G,C,50,0,0,0,,,1243571,4850651
Invercargill City,MAITLAND ST,100,N, ,MARTIN ST,201440448,16/06/2014,Mon,1240,EA,CN1C,386A ,M,R,W,O ,F , ,N,C,50,0,0,0,,,1243741,4848036
Invercargill City,MARAMA AVENUE SOUTH,, ,I,DUNNS ROAD,201441634,02/08/2014,Sat,1740,DA,CE2,111A 131A 801 ,F,R,W,O ,H ,X,G,C,50,0,0,0,,,1239580,4847364
Invercargill City,MARTIN ST,20,E, ,ELLES ROAD,201449374,19/12/2014,Fri,1430,MO,CW1C,386A ,M,E,D,O ,F , , ,C,50,0,0,0,,,1243645,4847932
Invercargill City,MARTIN ST,, ,I,MAITLAND ST,201445426,06/09/2014,Sat,1845,HA,CW1X,302B ,,R,D,TO,F ,X,G,C,50,0,0,0,,,1243747,4847936
Invercargill City,MARY ST,, ,I,GALA ST,201445480,16/09/2014,Tue,1445,HA,CE2C,321A 330A 197B ,,R,D,O ,F ,T,S,C,50,0,0,0,,,1243696,4850345
Invercargill City,MASON ROAD,20,E, ,MILL ROAD SOUTH,201410197,30/01/2014,Thu,,CB,4W1,130A 198A ,V,R,D,O ,F , , ,N,100,0,0,1,,,1249112,4848205
Invercargill City,MCIVOR ROAD,, ,I,RETREAT ROAD,201411210,07/01/2014,Tue,1235,KA,SW1C,302B 350B 375B ,,R,W,O ,H ,T,G,C,100,0,0,1,,68,1243584,4854998
Invercargill City,MCMILLAN ST,, ,I,TRAMWAY ROAD,201437588,05/06/2014,Thu,2010,DA,CE2,131A 402A 813 ,V,R,W,DN,F ,T,N,N,50,0,0,0,,,1245819,4847584
Invercargill City,MCQUARRIE ST,25,E, ,BROWN ST,201441621,17/07/2014,Thu,1945,MO,CW1C,371A 925 ,M,R,D,DO,FF,D,N,C,50,0,0,0,,,1244431,4847094
Invercargill City,MCQUARRIE ST,, ,I,BROWN ST,201437000,26/05/2014,Mon,902,JA,CN24,301A ,,S,W,O ,F ,X,S,C,50,0,0,0,,,1244455,4847087
Invercargill City,MCQUARRIE ST,, ,I,MOULSON ST,201437621,02/05/2014,Fri,1630,LB,CE2C,303B 363B 402B 902 ,,R,D,B ,F ,X,G,C,50,0,0,0,,,1244464,4847119
Invercargill City,MILL ROAD SOUTH,100,S, ,MILLWOOD GLEN,201448313,24/10/2014,Fri,905,GD,CS1T,181A 387A 929 ,,R,D,B ,F ,D,N,C,100,0,0,0,,,1248080,4850632
Invercargill City,MOTU RIMU ROAD,, ,I,BOUNDARY ROAD,201400056,17/03/2014,Mon,1249,DC,CW1T,111A 131A 404A 197B ,FV,M,D,ON,F ,T,G,C,100,1,0,2,,,1247319,4843026
Invercargill City,MOTU RIMU ROAD,, ,I,BOUNDARY ROAD,201417638,31/10/2014,Fri,1050,DC,CS1,350A 420A ,C,E,D,O ,F ,T,G,C,100,0,0,2,,,1247319,4843026
Invercargill City,MYROSS ROAD,1030,W, ,KENNINGTON-ROSLYN BUSH RO,201444152,15/08/2014,Fri,830,GE,CW1V,144B 929 ,,R,D,OF,F ,D,N,C,100,0,0,0,,,1249307,4854669
Invercargill City,NELSON ST,, ,I,ETTRICK ST,201439340,04/07/2014,Fri,1510,JA,CN1C,309B 375B ,,R,W,OF,L ,T,N,C,50,0,0,0,,,1243985,4848830
Invercargill City,NESS ST,, ,I,BALMORAL DRIVE,201432307,03/02/2014,Mon,1041,HA,CE2C,302A 354A ,,E,D,B ,F ,R,G,P,50,0,0,0,,,1243505,4848316
Invercargill City,NESS ST,, ,I,BOWMONT ST,201415312,16/08/2014,Sat,650,CC,CN1,103A 112A ,KT,R,W,DO,F ,X,G,C,50,0,0,1,,,1243473,4848677
Invercargill City,NESS ST,, ,I,CRINAN ST,201445424,23/09/2014,Tue,1745,HA,CN1C,302A ,,R,D,O ,FS,R,G,R,50,0,0,0,,,1243480,4848567
Invercargill City,NESS ST,, ,I,FORTH ST,201438097,30/05/2014,Fri,1530,HA,CS1V,302A ,,M,D,O ,F ,R,G,R,50,0,0,0,,,1243428,4849427
Invercargill City,NESS ST,, ,I,JANET ST,201410822,13/02/2014,Thu,1005,HA,CW2C,302B 350B 801 ,FJ,R,W,O ,L ,X,G,C,50,0,0,1,,,1243519,4847913
Invercargill City,NESS ST,, ,I,OHARA ST,201449710,08/12/2014,Mon,1004,HA,CS1C,302B 375B ,,R,D,B ,F ,X,G,C,50,0,0,0,,,1243552,4847369
Invercargill City,NEWBIE ST,, ,I,JOHN ST,201441319,16/07/2014,Wed,1300,DA,CE2C,111A 133A ,M,E,D,O ,F ,T,G,C,50,0,0,0,,,1244898,4848118
Invercargill City,NITH ST,100,N, ,BALMORAL DRIVE,201440089,01/06/2014,Sun,105,EA,CN1C,101A 129A ,M,R,W,DO,L , ,N,C,50,0,0,0,,,1242764,4848372
Invercargill City,NITH ST,, ,I,ETTRICK ST,201445732,17/10/2014,Fri,2303,DA,CN1C,131A 133A 350A ,FM,R,W,DO,F ,X,S,R,50,0,0,0,,,1242742,4848755
Invercargill City,OHARA ST,120,W, ,NESS ST,201450501,16/12/2014,Tue,1530,EA,TE14,129A ,M,R,D,B ,F , , ,C,50,0,0,0,,,1243432,4847362
Invercargill City,OHARA ST,, ,I,NESS ST,201450258,21/11/2014,Fri,1340,HA,CE1T,302A 375A ,,R,W,OF,H ,X,G,N,50,0,0,0,,,1243552,4847369
Invercargill City,OHARA ST,, ,I,NESS ST,201435096,31/03/2014,Mon,900,HA,CE14,302A 351A ,,R,W,B ,FF,X,G,C,50,0,0,0,,,1243552,4847369
Invercargill City,OHARA ST,, ,I,NESS ST,201436139,09/05/2014,Fri,1645,HA,CN2C,302B ,,R,W,O ,L ,X,G,C,50,0,0,0,,,1243552,4847369
Invercargill City,OTATARA ROAD,, ,I,WEST PLAINS SCHOOL ROAD,201416353,09/10/2014,Thu,1825,JA,CE1V,302B 375B 902 ,,R,D,B ,F ,T,G,C,100,0,0,1,,,1238943,4851221
Invercargill City,OTERAMIKA ROAD,, ,I,MILL ROAD SOUTH,201442354,27/07/2014,Sun,1802,CB,CS1,433A ,V,R,D,B ,F ,X,S,C,100,0,0,0,,,1248339,4850013
Invercargill City,PAISLEY ST,20,E, ,BURNS ST,201448370,06/12/2014,Sat,2109,CC,CE1C,112A 125A ,M,R,D,O ,F , ,N,C,50,0,0,0,,,1243462,4846259
Invercargill City,POMONA ST,30,S, ,COLLINGWOOD ST,201442989,28/08/2014,Thu,2030,EA,CS1V,129A ,M,R,D,DO,F , , ,C,50,0,0,0,,,1244225,4848278
Invercargill City,POMONA ST,5,N, ,TRAMWAY ROAD,201444236,06/07/2014,Sun,1100,FB,CS1C,331A ,,R,D,O ,F ,T,G,C,50,0,0,0,,,1244269,4847497
Invercargill City,PRESTON ST,10,E, ,HOWORTH ST,201413443,13/06/2014,Fri,800,GC,VE1C,372B 929 ,,R,D,O ,FF,D,N,N,50,0,0,1,,,1242560,4852520
Invercargill City,PRINCES ST,80,S, ,MARTIN ST,201439402,26/06/2014,Thu,1832,EA,CN14,386A ,M,R,D,DO,F , ,N,C,50,0,0,0,,,1243853,4847862
Invercargill City,PRINCES ST,15,N, ,TEVIOT ST,201445499,08/09/2014,Mon,1515,MA,CN1C,373B ,,R,D,O ,F , , ,C,50,0,0,0,,,1243786,4848953
Invercargill City,PRINCES ST,, ,I,TRAMWAY ROAD,201439202,31/05/2014,Sat,1924,DA,CW2,101A 111A 131A 801 ,FT,R,W,DO,L ,T,G,C,50,0,0,0,,,1243875,4847467
Invercargill City,QUEENS DRIVE,, ,I,DON ST,201440023,20/05/2014,Tue,930,LB,CN1C,303B ,,R,D,ON,F ,T,T,C,50,0,0,0,,,1243511,4849852
Invercargill City,QUEENS DRIVE,, ,I,DUKE ST,201434165,12/04/2014,Sat,1405,JA,4N1C,302B 382B ,,R,D,B ,F ,T,G,R,50,0,0,0,,,1243388,4851946
Invercargill City,QUEENS DRIVE,, ,I,GALA ST,201448530,27/10/2014,Mon,940,GF,CN1,381A 671A ,,R,D,OF,F ,X,T,C,50,0,0,0,,,1243483,4850331
Invercargill City,QUEENS DRIVE,, ,I,GALA ST,201414427,10/07/2014,Thu,1610,HA,CW2C,322B 351B ,,R,D,OF,F ,X,T,C,50,0,0,3,,,1243483,4850331
Invercargill City,QUEENS DRIVE,20,S, ,HERBERT ST,201445735,20/10/2014,Mon,2150,CA,4N1,112A 330A ,I,R,D,DO,FS,R,G,R,50,0,0,0,,,1243409,4851597
Invercargill City,QUEENS DRIVE,, ,I,HERBERT ST,201444161,29/08/2014,Fri,1707,HA,CS1C,302A 353A ,,S,D,BF,F ,R,G,C,50,0,0,0,,,1243408,4851617
Invercargill City,QUEENS DRIVE,20,S, ,LAYARD ST,201443512,28/07/2014,Mon,822,AA,CS1C,372A ,,R,D,OF,F ,T,G,R,50,0,0,0,,,1243396,4852009
Invercargill City,QUEENS DRIVE,100,N, ,MOANA ST,201436300,17/03/2014,Mon,2135,CC,CN1,129A 359A ,X,R,W,DO,L , ,N,R,50,0,0,0,,,1243357,4852505
Invercargill City,QUEENS DRIVE,130,S, ,NEWCASTLE ST,201417865,17/11/2014,Mon,807,NA,CS1K,713B ,,R,D,B ,F , , ,R,50,0,1,0,13,,1243451,4850857
Invercargill City,QUEENS DRIVE,, ,I,ST ANDREW ST,201440701,05/07/2014,Sat,1110,FE,CS1C,181A ,,R,W,O ,L ,T,T,C,50,0,0,0,,,1243466,4850608
Invercargill City,QUEENS DRIVE,, ,I,ST ANDREW ST,201449376,19/11/2014,Wed,1945,GD,CN1C,331A ,,R,D,TO,F ,T,G,C,50,0,0,0,,,1243466,4850608
Invercargill City,RACECOURSE ROAD,, ,I,HERBERT ST,201410580,13/02/2014,Thu,1415,CB,CN1C,101A 129A ,Q,R,W,OF,L ,T,G,C,50,0,0,2,,,1245416,4851750
Invercargill City,RACECOURSE ROAD,20,N, ,LAYARD ST,201415214,05/08/2014,Tue,1520,MC,MS1C,372B ,,R,D,BF,F , ,N,C,50,0,0,1,,,1245255,4852160
Invercargill City,RACECOURSE ROAD,100,N, ,SH 1S,201445746,02/09/2014,Tue,1530,MC,CS1C,331A 352A ,,R,D,B ,F , ,N,R,50,0,0,0,,,1245897,4850617
Invercargill City,RACECOURSE ROAD,, ,I,ST ANDREW ST,201415799,19/09/2014,Fri,2331,AO,CN14,434A ,,R,D,DO,F ,T,S,P,50,0,0,6,,,1245500,4851549
Invercargill City,RACECOURSE ROAD,110,S, ,YARROW ST,201432255,21/02/2014,Fri,651,CC,TS1,410A ,P,R,D,O ,F , , ,R,50,0,0,0,,,1245763,4850935
Invercargill City,REGENT ST,60,N, ,JOHN ST,201437592,14/06/2014,Sat,2240,EA,CS1C,129A 359A ,M,R,D,DO,F , , ,R,50,0,0,0,,,1245709,4848116
Invercargill City,REGENT ST,50,N, ,LAUDER CRESCENT,201437624,31/05/2014,Sat,618,DB,CS1,103A 111A 131A 402A 801 ,T,E,W,DO,L , , ,R,50,0,0,0,,,1245699,4848227
Invercargill City,REGENT ST,, ,I,TRAMWAY ROAD,201436135,13/05/2014,Tue,815,DB,CE2C,111A 131A 801 ,M,E,W,O ,L ,T,G,R,50,0,0,0,,,1245478,4847565
Invercargill City,RIMU ROAD,60,S, ,THIRD ST,201439113,15/06/2014,Sun,1230,DA,4N1,131A 330A 801 806 ,P,M,W,O ,L , ,N,C,70,0,0,0,,,1250096,4851976
Invercargill City,RITCHIE ST,, ,I,HERRIOT ST,201434155,01/04/2014,Tue,1744,BD,CN14,129A 129B ,,S,D,B ,F ,T,G,N,50,0,0,0,,,1243925,4849831
Invercargill City,ROCKDALE ROAD,240,N, ,MASON ROAD,201416537,03/10/2014,Fri,930,CB,TS1,135A 803 ,,R,I,OF,SS, ,N,L,100,0,0,1,,,1246522,4848290
Invercargill City,ROCKDALE ROAD,30,S, ,MCQUARRIE ST,201445670,07/09/2014,Sun,835,CC,CN1,195A ,P,R,W,O ,L , , ,L,100,0,0,0,,,1246588,4847215
Invercargill City,ROCKDALE ROAD,, ,A,RAILWAY BRIDGE,201439401,20/06/2014,Fri,1550,EO,TN1,330A 385A ,B,R,D,OF,F , ,N,R,50,0,0,0,,,1246125,4850035
Invercargill City,ROCKDALE ROAD,100,N, ,TRAMWAY ROAD,201445740,14/10/2014,Tue,1310,GD,CS1C,181A 929 ,,R,W,O ,F ,D,N,C,100,0,0,0,,,1246557,4847730
Invercargill City,ROY ST,, ,I,PRINCES ST,201440044,05/07/2014,Sat,130,GD,CN1C,331A ,,R,W,DO,L ,T,N,C,50,0,0,0,,,1243830,4848235
Invercargill City,SALFORD ST,100,N, ,HERBERT ST,201445667,30/09/2014,Tue,1225,MO,CS1C,371A 929 ,,R,D,B ,F ,D,N,C,50,0,0,0,,,1244382,4851795
Invercargill City,SANDY POINT ROAD,1000,N, ,DAFFODIL BAY ROAD,201418247,20/12/2014,Sat,707,DA,CN1,103A 111A 131A ,T,S,W,O ,F , , ,C,100,0,0,1,,,1236109,4844127
Invercargill City,SANDY POINT ROAD,420,S, ,DUNNS ROAD,201445761,12/09/2014,Fri,1326,DB,CN1,110A 131A ,,M,W,O ,H , ,N,C,70,0,0,0,,,1236413,4846610
Invercargill City,SANDY POINT ROAD,2000,S, ,DUNNS ROAD,201435082,27/04/2014,Sun,1400,BC,CS1C,121A ,,M,W,O ,F , ,N,C,70,0,0,0,,,1236114,4845066
Invercargill City,SCANDRETT ST,, ,I,YTHAN ST,201440846,25/07/2014,Fri,1114,HA,CN2C,302A ,,R,D,O ,F ,X,G,C,50,0,0,0,,,1243289,4847706
Invercargill City,SCOTT ST,, ,I,CHESNEY ST E,201449730,21/12/2014,Sun,1904,DB,CW1,129A 355A 404A ,PS,R,D,B ,F ,T,S,R,80,0,0,0,,,1245241,4846796
Invercargill City,SPENCER ST,70,E, ,HENDERSON ST,201415163,28/07/2014,Mon,849,MD,SW1C,204A 370A 929 ,,R,D,B ,FF,D, ,N,50,0,0,1,,12,1243758,4828455
Invercargill City,SPEY ST,15,E, ,KELVIN ST,201435933,02/05/2014,Fri,1330,MA,VE1C,373B ,,R,D,OF,F , ,N,C,50,0,0,0,,,1242687,4849922
Invercargill City,SPEY ST,15,W, ,KELVIN ST,201446237,01/09/2014,Mon,920,EA,CW1C,129A ,M,R,D,BN,F , ,N,C,50,0,0,0,,,1242657,4849920
Invercargill City,SPEY ST,40,W, ,KELVIN ST,201435936,14/04/2014,Mon,1500,MO,CE1C,371A ,M,R,D,OF,F , ,N,C,50,0,0,0,,,1242632,4849919
Invercargill City,SPEY ST,, ,I,LEVEN ST,201448543,08/11/2014,Sat,515,DA,CS2,111A 131A ,,S,W,DO,F ,X,T,C,50,0,0,0,,,1242291,4849898
Invercargill City,ST ANDREW ST,260,W, ,LYON ST,201449711,12/12/2014,Fri,1705,CC,CW1,129A 358A ,T,R,D,O ,F , ,N,N,50,0,0,0,,,1244699,4851124
Invercargill City,STEAD ST,200,W, ,AIRPORT AVENUE,201417827,21/11/2014,Fri,1725,FF,XW1C,331A ,,R,W,O ,F , , ,C,100,0,0,2,,,1241197,4848564
Invercargill City,STEEL ROAD,, ,I,MOORE ROAD,201441688,07/08/2014,Thu,600,EC,CN1,341A 363A 601A 901 903 ,X,R,W,DN,HS,T,G,X,80,0,0,0,,,1240544,4855540
Invercargill City,STEEL ROAD,90,N, ,WEST PLAINS ROAD,201413977,12/06/2014,Thu,1700,CC,CS1C,130A 500A ,T,R,D,TN,F , ,N,C,70,0,0,1,,,1240611,4854405
Invercargill City,STIRRAT ST,20,W, ,PERKINS ST,201444162,25/08/2014,Mon,1920,EC,CE1,912,W,R,W,DN,L , ,N,C,70,0,0,0,,,1246213,4846046
Invercargill City,STOBO ST,30,N, ,BAY ROAD,201434992,20/04/2014,Sun,45,EA,CS1C,103A 129A ,M,R,D,DO,F , ,N,N,50,0,0,0,,,1241753,4852241
Invercargill City,SYDNEY ST,80,N, ,ST ANDREW ST,201435931,06/04/2014,Sun,1139,FA,CS1C,331A 350A ,,R,D,OF,F , ,N,C,50,0,0,0,,,1243702,4850786
Invercargill City,TANNER ST,100,N, ,BAY ROAD,201447305,03/11/2014,Mon,1345,MO,VS1C,371A 929 ,M,R,D,O ,F ,D,N,C,50,0,0,0,,,1241664,4852317
Invercargill City,TEVIOT ST,130,W, ,NESS ST,201431925,12/02/2014,Wed,2142,CB,CW1C,130A ,FM,R,W,DO,L , ,N,C,50,0,0,0,,,1243329,4848911
Invercargill City,TEVIOT ST,50,E, ,NITH ST,201444164,05/07/2014,Sat,2030,CC,CE1,101A 130A 524A ,F,R,D,DO,F , ,N,N,50,0,0,0,,,1242784,4848879
Invercargill City,TEVIOT ST,, ,I,YTHAN ST,201434156,03/04/2014,Thu,1636,HA,CE1C,302B 375B ,,R,D,B ,F ,X,G,C,50,0,0,0,,,1243217,4848904
Invercargill City,TEVIOT ST,, ,I,YTHAN ST,201410992,27/01/2014,Mon,1508,HA,CE1C,302B 350B ,,R,D,BF,F ,X,G,C,50,0,1,0,,,1243217,4848904
Invercargill City,THE CRESCENT,20,W, ,CLYDE ST,201440090,28/06/2014,Sat,1215,MC,CW1C,372B ,,E,D,BF,F , ,N,X,50,0,0,0,,,1242407,4849537
Invercargill City,THE CRESCENT,, ,I,LEVEN ST,201430847,05/01/2014,Sun,1054,JA,CS2C,302B 375B ,,E,D,BF,F ,R,G,R,50,0,0,0,,,1242308,4849588
Invercargill City,THE CRESCENT,, ,I,LEVEN ST,201434920,19/03/2014,Wed,1515,JA,CS2C,302B 375B ,,E,W,OF,L ,R,G,R,50,0,0,0,,,1242308,4849588
Invercargill City,THE CRESCENT,10,W, ,SH 6,201415310,05/08/2014,Tue,1950,NA,CE1E,306A 376A ,,E,W,DO,L ,R,N,X,50,0,0,1,,,1242417,4849537
Invercargill City,TIWAI ROAD,530,S, ,RITCHIE ROAD,201442356,27/08/2014,Wed,815,CB,CN1,350A 410A ,S,R,D,O ,F , ,N,C,100,0,0,0,,,1249756,4837889
Invercargill City,TRAMWAY ROAD,, ,I,BROWN ST,201437623,27/05/2014,Tue,1530,JA,CW1C,302B 375B ,,R,D,O ,F ,T,G,C,50,0,0,0,,,1244429,4847501
Invercargill City,TRAMWAY ROAD,10,E, ,CHESNEY ST,201449708,21/12/2014,Sun,1745,GB,CE1C,158A 929 ,,R,D,B ,F ,D,N,C,50,0,0,0,,,1245194,4847547
Invercargill City,TRAMWAY ROAD,20,E, ,PRINCES ST,201411818,21/03/2014,Fri,1420,JA,SW1C,204A 358A 929 ,,R,D,BF,F ,D,N,N,50,0,0,1,,20,1243895,4847468
Invercargill City,TRAMWAY ROAD,, ,I,ROCKDALE ROAD,201443462,07/09/2014,Sun,1930,DA,CE1,111A ,,R,D,DN,F ,X,G,C,100,0,0,0,,,1246563,4847630
Invercargill City,TWEED ST,, ,I,BOND ST,201414871,21/07/2014,Mon,1533,DA,CE1,111A 131A ,P,R,W,BF,F ,R,G,R,50,0,0,1,,,1241936,4848946
Invercargill City,TWEED ST,, ,I,CONON ST,201416177,21/09/2014,Sun,1739,NB,CW1,191A 370A 710B 901 ,,E,W,O ,H ,R,G,C,50,0,0,1,50,,1242977,4849015
Invercargill City,TWEED ST,, ,I,CONON ST,201445161,30/09/2014,Tue,1455,GC,CW1C,171B ,,M,D,B ,F ,R,G,C,50,0,0,0,,,1242977,4849015
Invercargill City,TWEED ST,30,E, ,ELLES ROAD,201446136,10/10/2014,Fri,1325,AA,CE14,371A ,,R,D,B ,F , , ,R,50,0,0,0,,,1243600,4849065
Invercargill City,TWEED ST,40,W, ,ELLES ROAD,201443460,23/09/2014,Tue,745,FD,VE1CC,181A 330A ,,R,D,DN,F , ,N,C,50,0,0,0,,,1243504,4849059
Invercargill City,TWEED ST,, ,I,INGLEWOOD ROAD,201438694,26/06/2014,Thu,1845,JC,CS24,302A ,,R,D,DO,F ,T,G,R,50,0,0,0,,,1245391,4849172
Invercargill City,TWEED ST,, ,I,LIDDEL ST,201440088,17/07/2014,Thu,3,DB,CS2,101A 122A ,IS,R,D,DO,FF,T,G,R,50,0,0,0,,,1242343,4848989
Invercargill City,TWEED ST,, ,I,LINDISFARNE ST,201445425,22/09/2014,Mon,1050,HA,CS2V,302A ,,R,D,O ,F ,X,G,C,50,0,0,0,,,1244440,4849120
Invercargill City,TWEED ST,, ,I,LINDISFARNE ST,201430851,09/01/2014,Thu,2018,DB,CS2,103A ,IT,R,D,OF,F ,X,G,R,50,0,0,0,,,1244440,4849120
Invercargill City,TWEED ST,80,E, ,METZGER ST,201434157,04/04/2014,Fri,1405,MC,CE1B,372B 801 ,,R,W,O ,L , , ,R,50,0,0,0,,,1244856,4849143
Invercargill City,TWEED ST,, ,I,NELSON ST,201415817,10/09/2014,Wed,1930,MO,SE1C,204A ,,R,D,DO,F ,T,G,R,50,0,1,0,,19,1243969,4849092
Invercargill City,TWEED ST,, ,I,NELSON ST,201434238,03/03/2014,Mon,845,LB,CE1C,303B 314B 375B 402B ,,R,D,O ,F ,T,G,C,50,0,0,0,,,1243969,4849092
Invercargill City,TWEED ST,, ,I,POMONA ST,201446691,05/11/2014,Wed,935,FA,CW1C,181A 331A 191B 357B ,,R,D,O ,F ,T,G,R,50,0,0,0,,,1244176,4849092
Invercargill City,VENUS ST,25,S, ,HOPE ST,201416096,21/09/2014,Sun,1030,EA,SN1C,129A 331A 353A ,M,R,D,O ,F , ,N,N,50,0,0,1,,43,1244318,4848966
Invercargill City,VERNON ST,280,E, ,HENDERSON ST,201446690,02/11/2014,Sun,40,DC,CE1,103A 385A ,F,R,D,DN,F , , ,N,50,0,0,0,,,1244086,4846785
Invercargill City,VICTORIA AVENUE,, ,I,LEVEN ST,201445427,12/09/2014,Fri,1710,HA,CW1C,302B ,,R,W,O ,L ,X,G,C,50,0,0,0,,,1242273,4850359
Invercargill City,VICTORIA AVENUE,30,W, ,SH 6,201450442,05/12/2014,Fri,1710,MG,CE14,371B ,,R,D,BF,F , ,N,C,50,0,0,0,,,1242353,4850363
Invercargill City,WEST PLAINS ROAD,260,W, ,HOWELL ROAD,201417725,19/12/2014,Fri,1700,CB,CW1,138A 197A ,GP,R,D,O ,F , ,N,N,100,0,0,1,,,1236715,4854073
Invercargill City,WEST PLAINS SCHOOL ROAD,470,S, ,SHORT ROAD,201442808,26/08/2014,Tue,1816,CB,CN1,101A 128A ,BG,R,D,TN,F , ,N,C,100,0,0,0,,,1239489,4853249
Invercargill City,WILTON ST,, ,I,GEORGE ST,201433915,09/03/2014,Sun,922,HA,TE2C,302B 375B ,,R,D,O ,F ,X,G,C,50,0,0,0,,,1244091,4851470
Invercargill City,WINDSOR ST,20,S, ,BOURKE ST,201438386,13/06/2014,Fri,1350,MC,CN1C,358B 372B ,,R,D,O ,F , , ,C,50,0,0,0,,,1243745,4851324
Invercargill City,YARROW ST,, ,I,BAMBOROUGH ST,201447389,27/10/2014,Mon,1300,CA,CN1,330A 350A ,GV,R,D,O ,F ,X,G,C,50,0,0,0,,,1244347,4850340