TLANAME,CRASHROAD,CRASHDIST,CRASHDIRN,INTSN,SIDEROAD,CRASHID,CRASHDATE,CRASHDOW,CRASHTIME,MVMT,VEHICLES,CAUSES,OBJECTSSTRUCK,ROADCURVE,ROADWET,LIGHT,WTHRa,JUNCTYPE,TRAFCTRL,ROADMARK,SPDLIM,CRASHFATALCNT,CRASHSEVCNT,CRASHMINCNT,PERSAGE1,PERSAGE2,EASTING,NORTHING
Invercargill City,YARROW ST,40,W, ,DEVERON ST,201450445,05/12/2014,Fri,1055,FD,CW1C,181A ,,E,D,BF,F , ,N,C,50,0,0,0,,,1242866,4850053
Invercargill City,YARROW ST,, ,I,ISABELLA ST,201410991,04/03/2014,Tue,922,HA,CS2C,321A ,,R,D,OF,F ,X,S,C,50,0,0,2,,,1244673,4850475
Invercargill City,YARROW ST,, ,I,ISABELLA ST,201435539,28/04/2014,Mon,1426,HA,CE1C,301B 370B 801 ,,R,W,O ,L ,X,S,C,50,0,0,0,,,1244673,4850475
Invercargill City,YARROW ST,, ,I,ISABELLA ST,201449709,18/12/2014,Thu,1615,HA,CE1V,301B 321B ,,R,D,O ,F ,X,S,R,50,0,0,0,,,1244673,4850475
Invercargill City,YARROW ST,110,E, ,JED ST,201417409,22/10/2014,Wed,1030,MA,CE1CC,373B ,M,R,D,OF,F , ,N,C,50,0,0,1,,,1243257,4850076
Invercargill City,YARROW ST,70,W, ,JED ST,201444167,26/07/2014,Sat,1420,MC,CW1C,372B ,,R,D,OF,F , ,N,C,50,0,0,0,,,1243077,4850066
Invercargill City,YARROW ST,, ,I,JED ST,201447171,29/10/2014,Wed,1135,JA,CE1C,130B 301B 375B ,FX,R,D,B ,F ,X,S,C,50,0,0,0,,,1243147,4850070
Invercargill City,YARROW ST,120,E, ,KELVIN ST,201449375,02/12/2014,Tue,1420,MO,VE1C,330A 371A ,M,R,D,O ,F , , ,C,50,0,0,0,,,1242785,4850048
Invercargill City,YARROW ST,, ,I,LITHGOW ST,201448698,07/12/2014,Sun,130,DC,CN2,102A 112A 130A 817 ,F,R,D,DO,F ,T,G,C,50,0,0,0,,,1245339,4850881
Invercargill City,YARROW ST,, ,I,LYON ST,201445733,10/10/2014,Fri,1900,DB,CE14,134A 385A ,M,R,D,B ,F ,T,G,C,50,0,0,0,,,1245153,4850843
Invercargill City,YARROW ST,, ,I,MARGARET ST,201436789,19/05/2014,Mon,1750,GD,CE1C,181A ,,R,D,B ,F ,X,G,C,50,0,0,0,,,1244562,4850429
Invercargill City,YARROW ST,, ,I,QUEENS DRIVE,201418605,30/12/2014,Tue,1545,GB,SW1C,303B ,,R,D,BF,F ,X,T,C,50,0,0,1,,16,1243498,4850091
Invercargill City,YTHAN ST,, ,I,FORTH ST,201445117,01/10/2014,Wed,904,HA,CE2C,302A 375A ,,R,D,B ,F ,X,G,C,50,0,0,0,,,1243189,4849413
Invercargill City,YTHAN ST,, ,I,JANET ST,201445738,05/10/2014,Sun,1500,HA,CS1C,302A 375A ,,R,D,O ,F ,X,G,C,50,0,0,0,,,1243277,4847899
Invercargill City,Z CPK PAK N SAVE,70,S, ,TAY ST,201411110,16/02/2014,Sun,1425,NO,4N1E,370A 711B ,,R,D,O ,F , , ,N,30,0,0,2,62,,1242898,4849481
Invercargill City,Z CPK YACHT CLUB,20,W, ,RONS PLACE,201416675,06/11/2014,Thu,,PF,VN1E,330A 520B ,,R,D,TF,F , , ,N,30,0,0,1,10,,1242569,4829078
Invercargill City,1S/900/17.261,, ,I,MILL ROAD NORTH,201438315,15/05/2014,Thu,1103,KA,SE1C,302B ,,R,D,O ,F ,T,G,C,100,0,0,0,,,1247944,4851462
Invercargill City,1S/900/17.454,, ,I,MILL ROAD SOUTH,201444223,03/09/2014,Wed,1245,HA,CN2C,321A 330A 197B ,,R,D,O ,F ,X,S,C,100,0,0,0,,,1247766,4851387
Invercargill City,1S/900/17.654,200,W, ,MILL ROAD SOUTH,201449656,12/12/2014,Fri,1530,CB,CW1,130A 197A 407A ,VX,R,D,O ,F , , ,C,100,0,0,0,,,1247581,4851310
Invercargill City,1S/900/18.981,500,E, ,RACECOURSE ROAD,201437884,17/05/2014,Sat,1630,MC,4W1C,372B ,,R,D,B ,F , ,N,C,80,0,0,0,,,1246373,4850765
Invercargill City,1S/920/0.266,20,W, ,CARLYLE ST,201447488,22/11/2014,Sat,1040,MA,4E1C,373B ,,R,W,O ,L ,T,N,R,50,0,0,0,,,1245691,4850421
Invercargill City,1S/920/0.369,, ,I,STUART ST,201440095,13/07/2014,Sun,103,DC,CN2,102A 113A ,FP,R,W,DO,F ,T,G,R,50,0,0,0,,,1245596,4850382
Invercargill City,1S/920/1.128,, ,I,ANGLEM ST,201410892,20/02/2014,Thu,703,KA,SW1C,302B 375B 642B 904 ,,R,D,O ,M ,T,G,C,50,0,0,1,,,1244899,4850083
Invercargill City,ISABELLA ST,, ,I,1S/920/1.184,201440847,30/07/2014,Wed,825,FB,CS1C,181A ,,R,D,O ,F ,T,G,P,50,0,0,0,,,1244848,4850060
Invercargill City,1S/920/1.348,100,E, ,LORN ST,201413652,03/06/2014,Tue,1520,FD,CW1V,181A 191B 350B ,,R,D,O ,F , , ,C,50,0,0,3,,,1244697,4849997
Invercargill City,ELLES ROAD,, ,I,1S/920/2.598,201441874,14/08/2014,Thu,2135,DA,4N1,131A 353A 386A 801 ,IS,R,W,DO,L ,X,T,R,50,0,0,0,,,1243526,4849593
Invercargill City,QUEENS DRIVE,, ,I,1S/920/2.598,201449655,27/12/2014,Sat,1840,FE,CS1C,181A 387A ,,R,W,O ,L ,X,T,C,50,0,0,0,,,1243526,4849605
Invercargill City,1S/920/2.598,, ,I,QUEENS DRIVE,201439669,24/05/2014,Sat,2136,DA,CN2,131A 802 ,P,R,I,DO,S ,X,T,C,50,0,0,0,,,1243526,4849605
Invercargill City,1S/920/2.598,, ,I,QUEENS DRIVE,201449732,24/12/2014,Wed,1430,FE,CE1C,181A ,,R,D,B ,F ,X,T,C,50,0,0,0,,,1243526,4849605
Invercargill City,1S/920/2.598,, ,I,ELLES ROAD,201447808,30/10/2014,Thu,1545,FE,CE1C,181A ,,R,D,OF,F ,X,T,C,50,0,0,0,,,1243526,4849593
Invercargill City,1S/920/2.598,, ,I,ELLES ROAD,201434576,03/03/2014,Mon,1744,LB,CW1C,303B 375B ,,R,W,DO,H ,X,T,R,50,0,0,0,,,1243526,4849593
Invercargill City,1S/920/2.847,100,E, ,JED ST,201445745,04/10/2014,Sat,1610,FD,CE1C,181A ,,R,W,O ,F , ,N,C,50,0,0,0,,,1243278,4849590
Invercargill City,1S/920/2.947,, ,I,JED ST,201445736,14/10/2014,Tue,1135,HA,CS24,322B 350B ,,R,W,O ,L ,X,T,C,50,0,0,0,,,1243178,4849584
Invercargill City,1S/920/3.047,100,W, ,JED ST,201436133,19/01/2014,Sun,408,MC,CE1C,103B 303B 402B ,,R,D,DO,F , , ,R,50,0,0,0,,,1243078,4849578
Invercargill City,1S/920/3.189,, ,I,CONON ST,201449932,05/12/2014,Fri,1455,FE,CW1C,181A 331A ,,R,D,B ,F ,X,T,R,50,0,0,0,,,1242935,4849557
Invercargill City,1S/920/3.189,, ,I,CONON ST,201413994,27/06/2014,Fri,1300,LB,CW1C,303B 375B ,,R,W,O ,L ,X,T,C,50,0,0,1,,,1242935,4849557
Invercargill City,1S/920/3.205,15,W, ,DEVERON ST,201438625,28/05/2014,Wed,1155,MO,CE1C,371A ,M,R,D,O ,F , , ,R,50,0,0,0,,,1242920,4849568
Invercargill City,1S/920/3.431,, ,I,KELVIN ST,201449373,17/12/2014,Wed,1310,AO,VW1C,129A 386A ,,R,D,B ,F ,X,T,R,50,0,0,0,,,1242694,4849555
Invercargill City,1S/923/0,, ,I,THE CRESCENT,201447893,15/10/2014,Wed,1130,GB,CN14,172B ,,R,D,OF,L ,R,G,R,50,0,0,0,,,1242438,4849519
Invercargill City,TAY ST,, ,I,CLYDE ST,201431915,11/02/2014,Tue,1300,HA,CN2C,302A 375A ,,M,D,BF,F ,R,G,C,50,0,0,0,,,1242438,4849519
Invercargill City,1S/923/0.149,, ,I,FORTH ST,201440099,07/07/2014,Mon,1010,LB,VS14,303B 363B 902 ,,R,D,BF,F ,X,G,C,50,0,0,0,,,1242459,4849370
Invercargill City,1S/923/0.149,, ,I,FORTH ST,201410185,22/01/2014,Wed,1204,HA,CN1C,302B 375B ,,R,D,O ,F ,X,G,C,50,0,0,1,,,1242447,4849370
Invercargill City,1S/923/0.199,50,S, ,FORTH ST,201410817,01/02/2014,Sat,555,NB,CS1E,105B 713B ,,R,D,TO,F , , ,C,50,0,0,1,23,,1242462,4849320
Invercargill City,1S/923/0.397,, ,I,EYE ST,201442000,14/07/2014,Mon,1427,AA,CS1C,372A ,,R,D,BF,F ,T,G,C,50,0,0,0,,,1242474,4849122
Invercargill City,1S/923/0.518,, ,I,TWEED ST,201434985,12/04/2014,Sat,220,DA,CS1C,103A 111A 131A ,M,M,W,DO,L ,R,G,R,50,0,0,0,,,1242479,4849001
Invercargill City,1S/923/0.519,, ,I,TWEED ST,201437049,30/05/2014,Fri,750,FB,VN1C,181A 387A ,,R,W,O ,L ,R,G,R,50,0,0,0,,,1242469,4849005
Invercargill City,1S/923/0.541,, ,I,SH 1S,201430918,24/02/2014,Mon,830,AO,CN2C,381A ,,R,D,OF,F ,R,G,C,50,0,0,0,,,1242470,4848982
Invercargill City,1S/923/0.541,, ,I,TWEED ST,201446225,12/08/2014,Tue,1650,HA,4S1C,302A 375A ,,R,D,OF,F ,R,G,C,50,0,0,0,,,1242481,4848983
Invercargill City,1S/923/0.662,, ,I,TEVIOT ST,201450866,16/12/2014,Tue,1915,KB,CN1C,302B ,,R,D,BF,F ,T,G,C,50,0,0,0,,,1242477,4848861
Invercargill City,1S/923/0.784,, ,I,ETTRICK ST,201434921,25/03/2014,Tue,1525,KB,VS1C,302B 375B ,,R,D,BF,F ,X,G,R,50,0,0,0,,,1242496,4848740
Invercargill City,1S/923/0.784,, ,I,ETTRICK ST,201410990,05/03/2014,Wed,1710,HA,CS1C,302B 375B ,,R,D,BF,F ,X,G,R,50,0,0,1,,,1242496,4848740
Invercargill City,1S/923/0.789,5,S, ,ETTRICK ST,201437618,21/05/2014,Wed,949,FA,4S1C,357A 512A 357B 402B ,,R,W,O ,F ,X,G,R,50,0,0,0,,,1242497,4848735
Invercargill City,1S/923/1.27,, ,I,BOND ST,201436076,16/04/2014,Wed,1620,FF,CN1C,357A 512A ,,R,D,OF,F ,T,G,R,50,0,0,0,,,1242521,4848255
Invercargill City,1S/923/1.561,, ,I,CLYDE ST,201448247,12/11/2014,Wed,1900,GO,4N14,171A ,,E,D,O ,F ,R,G,R,50,0,0,0,,,1242750,4848079
Invercargill City,1S/923/1.633,20,N, ,GRACE ST,201444859,21/10/2014,Tue,915,DA,CS1,111A 131A ,F,E,W,OF,L , ,N,C,70,0,0,0,,,1242801,4848020
Invercargill City,1S/923/1.653,, ,I,GRACE ST,201437617,29/05/2014,Thu,702,JA,4S1C,302B 386B 901 ,,R,W,DO,H ,T,G,C,70,0,0,0,,,1242801,4848001
Invercargill City,1S/923/1.756,100,S, ,GRACE ST,201440844,24/07/2014,Thu,2245,DB,CN1,111A 131A ,IKL,M,W,DN,L , , ,R,70,0,0,0,,,1242814,4847902
Invercargill City,1S/923/1.784,, ,I,JANET ST,201441269,06/07/2014,Sun,1401,JA,CS1C,197A 302B 375B 402B ,,R,D,O ,F ,T,G,C,70,0,0,0,,,1242819,4847871
Invercargill City,OHARA ST,, ,I,1S/923/2.324,201431180,11/03/2014,Tue,835,JA,CS1C,302B 375B ,,R,D,B ,F ,T,G,C,70,0,0,0,,,1242821,4847332
Invercargill City,1S/926/0,, ,I,ELIZABETH ST,201417636,19/11/2014,Wed,835,GD,CN1C,181A 352A ,,R,D,O ,F ,T,N,C,50,0,0,1,,,1242801,4847203
Invercargill City,1S/926/0.05,50,S, ,ELIZABETH ST,201442352,24/08/2014,Sun,143,CC,CN1,125A ,FK,R,W,DO,F , ,N,P,70,0,0,0,,,1242796,4847153
Invercargill City,1S/926/3.043,400,S, ,AVON ROAD,201434986,24/04/2014,Thu,1550,EC,TS1,660A ,P,E,D,ON,F , ,N,C,100,0,0,0,,,1244271,4844614
Invercargill City,1S/926/4.412,350,N, ,BAY VIEW ROAD,201444995,30/09/2014,Tue,1245,QG,4N1,420A 682A 687A ,G,R,D,B ,F , ,N,C,90,0,0,0,,,1245221,4843639
Invercargill City,1S/926/6.222,200,N, ,MOTU RIMU ROAD,201418230,25/12/2014,Thu,900,DB,CN1,131A 330A ,,E,D,O ,F , , ,C,100,0,0,1,,,1246238,4842166
Invercargill City,1S/926/6.422,, ,I,MOTU RIMU ROAD,201430556,22/01/2014,Wed,1500,DB,TN1,132A 801 901 903 ,V,M,W,O ,HS,T,G,L,100,0,0,0,,,1246283,4841973
Invercargill City,1S/933/2.557,930,E, ,AWARUA SIDING ROAD,201445159,28/09/2014,Sun,1125,AA,CS1C,372A 132B 197B ,,R,D,B ,F , , ,C,100,0,0,0,,,1244059,4839245
Invercargill City,1S/933/4.547,1060,S, ,AWARUA SIDING ROAD,201416414,02/10/2014,Thu,1940,QG,TN1C,330A 429A 682A 135B 800 ,DV,R,D,TN,F , , ,C,100,0,0,1,,,1242286,4838393
Invercargill City,1S/933/9.631,, ,I,OMAUI ROAD,201448416,27/10/2014,Mon,,DB,CN1,101A 134A 505A ,FX,R,D,DN,FS,T,S,C,100,0,0,0,,,1239754,4834455
Invercargill City,1S/933/12.419,500,N, ,GREENPOINT ROAD,201437048,24/05/2014,Sat,1300,EC,CN1,820,X,R,W,O ,H , , ,L,100,0,0,0,,,1239920,4831696
Invercargill City,1S/933/13.692,180,N, ,NICHOL ROAD N,201410172,16/01/2014,Thu,1145,AO,CS1O,101A 112A 155A ,,R,D,O ,F , , ,L,100,0,1,1,,,1240348,4830505
Invercargill City,1S/933/13.712,160,N, ,NICHOL ROAD N,201413441,25/05/2014,Sun,1800,DA,CN1,131A 803 ,CJV,M,I,DN,S , , ,C,100,0,0,1,,,1240351,4830485
Invercargill City,1S/933/14.32,50,N, ,NICHOL ROAD S,201439111,17/06/2014,Tue,1810,EC,CS1,341A 810 823 ,GL,E,W,DN,L , ,N,C,100,0,0,0,,,1240384,4829890
Invercargill City,1S/933/14.56,190,S, ,NICHOL ROAD S,201415213,08/08/2014,Fri,1128,DB,CS1,129A 131A ,X,M,D,OF,F , ,N,C,100,0,0,1,,,1240529,4829699
Invercargill City,1S/933/15.25,880,S, ,NICHOL ROAD S,201418015,23/11/2014,Sun,1505,DB,CS1,129A 131A 351A ,CX,E,D,ON,F , ,N,C,100,0,1,0,,,1241093,4829307
Invercargill City,1S/933/15.799,150,W, ,MCGORLICK ST,201400139,24/06/2014,Tue,718,FF,CE1T,102A 331A 632A 102B 817 ,,R,D,DN,F , , ,C,100,1,0,1,,,1241632,4829221
Invercargill City,1S/933/17.773,20,W, ,PALMER ST,201442353,18/08/2014,Mon,1545,EA,CW1C,386A 652A ,M,R,D,O ,F ,T,G,C,50,0,0,0,,,1243529,4828813
Invercargill City,6/1157/8.349,420,N, ,FLORA ROAD WEST,201415206,06/08/2014,Wed,1716,BE,CN1V,137A 197A ,,R,W,TF,F , ,N,C,100,0,0,1,,,1241869,4859233
Invercargill City,6/1157/8.769,, ,I,FLORA ROAD EAST,201413059,15/05/2014,Thu,1730,HA,CW2C,301A ,,R,D,TO,F ,X,S,C,80,0,1,1,,,1241894,4858813
Invercargill City,6/1168/0.031,, ,I,SH 99,201418071,29/11/2014,Sat,1730,CC,VE1,129A 410A ,I,R,W,OF,H ,R,G,R,80,0,0,1,,,1241983,4857127
Invercargill City,6/1168/0.08,80,S, ,SH 98,201431585,17/01/2014,Fri,102,CB,CS1,130A 801 ,CF,R,W,DO,L , , ,C,80,0,0,0,,,1242001,4857042
Invercargill City,6/1168/1.616,30,N, ,DEVONSHIRE ST,201438096,30/05/2014,Fri,2200,MC,VS1C,372B ,,R,W,DO,L , , ,P,80,0,0,0,,,1242094,4855508
Invercargill City,6/1168/2.319,400,N, ,WEST PLAINS ROAD,201432460,02/02/2014,Sun,818,CC,4S1,103A 412A ,FS,R,D,B ,F , , ,C,50,0,0,0,,,1242134,4854806
Invercargill City,6/1168/2.619,100,N, ,WEST PLAINS ROAD,201436301,18/03/2014,Tue,1700,BE,CS1V,129A 410A ,,R,D,BF,F , ,N,P,50,0,0,0,,,1242152,4854507
Invercargill City,6/1168/2.835,, ,I,WEKA ST,201444065,20/06/2014,Fri,1115,JA,4N1C,302B 377B ,,R,W,OF,L ,T,G,C,50,0,0,0,,,1242158,4854293
Invercargill City,6/1168/3.248,70,S, ,VOGEL ST,201438698,18/06/2014,Wed,820,AC,TS1C,372A ,,R,W,O ,L , , ,C,50,0,0,0,,,1242194,4853881
Invercargill City,6/1168/3.423,10,N, ,BAINFIELD ROAD,201439060,22/05/2014,Thu,1150,MO,CN1C,371A 925 ,,R,D,ON,F ,D,T,C,50,0,0,0,,,1242191,4853705
Invercargill City,6/1168/3.427,, ,I,BAINFIELD ROAD,201447809,10/10/2014,Fri,1900,FE,CS1C,181A ,,R,D,OF,F ,T,T,C,50,0,0,0,,,1242203,4853703
Invercargill City,6/1168/3.433,, ,I,BAINFIELD ROAD,201438695,16/06/2014,Mon,650,FE,CN1C,331A ,,R,W,DO,L ,T,T,C,50,0,0,0,,,1242192,4853695
Invercargill City,6/1168/3.433,, ,I,BAINFIELD ROAD,201417492,12/11/2014,Wed,1113,DC,CW2,501A ,FP,R,D,OF,L ,T,T,C,50,0,0,2,,,1242192,4853695
Invercargill City,6/1168/3.439,, ,I,BAINFIELD ROAD,201445669,02/10/2014,Thu,1725,JA,CS1C,322A 334A ,,R,D,O ,L ,T,T,C,50,0,0,0,,,1242204,4853690
Invercargill City,6/1168/4.063,, ,I,ELGIN ST,201412536,01/05/2014,Thu,1202,JA,CN1C,301B 377B 402B ,,R,D,B ,F ,T,S,C,50,0,0,1,,,1242227,4853067
Invercargill City,6/1168/4.465,40,S, ,BULLAR ST,201433178,28/03/2014,Fri,1700,MO,VS1C,386A ,M,R,D,B ,F , , ,C,50,0,0,0,,,1242264,4852666
Invercargill City,6/1168/4.54,90,N, ,PRESTON ST,201446236,15/09/2014,Mon,935,EA,TS14,129A ,M,R,D,BF,F , ,N,C,50,0,0,0,,,1242268,4852591
Invercargill City,6/1168/4.542,5,N, ,WILLIS ST,201449377,21/11/2014,Fri,1200,AA,CS1C,330A 372A ,,R,D,B ,F ,T,G,P,50,0,0,0,,,1242268,4852590
Invercargill City,6/1168/4.68,50,S, ,PRESTON ST,201410821,12/02/2014,Wed,1630,AO,CS1S,129A 353A 386A ,,R,D,B ,F , , ,R,50,0,0,1,,21,1242277,4852451
Invercargill City,6/1168/4.798,10,S, ,DOUGLAS ST,201440866,01/08/2014,Fri,830,EE,CN1C,374B ,M,R,D,O ,F ,T,G,C,50,0,0,0,,,1242272,4852333
Invercargill City,6/1168/4.818,30,S, ,DOUGLAS ST,201434893,14/03/2014,Fri,1725,FD,4N1C,181A ,,R, ,BF,F ,T,G,C,50,0,0,0,,,1242273,4852313
Invercargill City,6/1168/4.954,, ,I,BAY ROAD,201445482,20/09/2014,Sat,1811,GA,CN1C,181B 387B ,,R,W,O ,L ,T,T,C,50,0,0,0,,,1242281,4852178
Invercargill City,6/1168/4.954,, ,I,BAY ROAD,201434239,10/02/2014,Mon,840,GF,TE2C,122A 129A 179A ,,E,D,B ,F ,T,T,C,50,0,0,0,,,1242281,4852178
Invercargill City,6/1168/5.254,, ,I,DUKE ST,201448862,10/12/2014,Wed,1535,JA,CS1C,301B 375B ,,R,D,B ,F ,T,S,R,50,0,0,0,,,1242304,4851878
Invercargill City,6/1168/5.354,100,S, ,DUKE ST,201417437,15/09/2014,Mon,1225,AC,CS1P,159A ,,R,W,OF,F , ,N,C,50,0,0,1,,,1242310,4851778
Invercargill City,6/1168/5.384,30,N, ,LEWIS ST,201444281,11/09/2014,Thu,845,FD,CS1CC,331A 352A ,,R,D,BF,F , , ,R,50,0,0,0,,,1242312,4851749
Invercargill City,HERBERT ST,, ,I,6/1168/5.575,201431116,25/02/2014,Tue,950,HA,CS2C,308B 375B 926 ,,R,D,O ,F ,D,N,P,50,0,0,0,,,1242323,4851558
Invercargill City,6/1168/5.575,, ,I,HERBERT ST,201431118,26/02/2014,Wed,1226,FE,CS1C,334A 353A ,,R,D,B ,F ,T,T,C,50,0,0,0,,,1242323,4851558
Invercargill City,6/1168/5.575,, ,I,HERBERT ST,201444025,20/08/2014,Wed,2025,FE,CN1C,181A ,,R,W,DO,L ,X,T,C,50,0,0,0,,,1242311,4851557
Invercargill City,6/1168/5.737,40,N, ,ARTHUR ST,201437619,29/05/2014,Thu,1245,CB,CN1V,129A 130A ,F,R,D,O ,F , , ,C,50,0,0,0,,,1242321,4851396
Invercargill City,6/1168/5.792,15,S, ,ARTHUR ST,201450928,22/12/2014,Mon,1715,FD,CN1CC,181A 181B ,,R,D,B ,F , , ,C,50,0,0,0,,,1242324,4851341
Invercargill City,6/1168/6.227,, ,I,LOWE ST,201447179,29/10/2014,Wed,1332,EC,CS1C,129A 504A ,M,R,D,O ,F ,X,T,C,50,0,0,0,,,1242362,4850907
Invercargill City,6/1168/6.278,50,N, ,FOX ST,201445747,12/09/2014,Fri,1120,AA,CS1C,350A 372A ,,R,D,B ,F , ,N,R,50,0,0,0,,,1242366,4850856
Invercargill City,6/1168/6.318,10,N, ,FOX ST,201434577,08/03/2014,Sat,1154,FE,4S14C,331A 358A ,,R,D,BF,F ,X,T,R,50,0,0,0,,,1242368,4850816
Invercargill City,FOX ST,, ,I,DEE ST E,201435471,17/04/2014,Thu,1930,LB,CW1C,303B 375B ,,R,D,TO,F ,X,T,C,50,0,0,0,,,1242369,4850806
Invercargill City,6/1168/6.448,, ,I,THAMES ST,201443514,31/07/2014,Thu,929,KB,CN14,302B ,,R,W,OF,L ,X,G,R,50,0,0,0,,,1242364,4850686
Invercargill City,6/1168/6.754,15,N, ,VICTORIA AVENUE,201444232,04/09/2014,Thu,1110,FA,CS1C,181A ,,R,D,B ,F , , ,C,50,0,0,0,,,1242394,4850381
Invercargill City,6/1168/6.769,, ,I,VICTORIA AVENUE,201431914,12/02/2014,Wed,1205,MG,CS1C,371B ,,R,D,OF,F ,T,G,R,50,0,0,0,,,1242395,4850366
Invercargill City,6/1168/6.791,, ,I,VICTORIA AVENUE,201435935,07/05/2014,Wed,850,FD,VN1C,181A ,,R,W,OF,F ,T,G,C,50,0,0,0,,,1242389,4850344
Invercargill City,6/1168/6.989,, ,I,LEET ST,201437620,21/05/2014,Wed,1450,FA,CS14,331A 801 ,,R,W,O ,L ,X,G,C,50,0,0,0,,,1242412,4850147
Invercargill City,6/1168/7.11,, ,I,YARROW ST,201413072,18/05/2014,Sun,1042,FE,CS1CC4,181A 331A 350A ,,R,D,OF,F ,T,T,C,50,0,0,1,,,1242419,4850026
Invercargill City,6/1168/7.11,, ,I,YARROW ST,201432418,31/01/2014,Fri,1430,FE,CS1C,181A 191B ,,R,D,B ,F ,T,T,C,50,0,0,0,,,1242419,4850026
Invercargill City,6/1168/7.131,100,N, ,SPEY ST,201415834,14/09/2014,Sun,310,NB,XN1E,713B ,,R,D,DO,F , , ,C,50,0,1,0,23,,1242409,4850005
Invercargill City,6/1168/7.231,, ,I,SPEY ST,201410983,04/03/2014,Tue,1232,HA,CN1C4,322A ,,R,D,OF,F ,X,T,R,50,0,0,2,,,1242415,4849906
Invercargill City,6/1168/7.231,, ,I,SPEY ST,201434366,09/03/2014,Sun,1905,FE,CS1M,181A ,,R,D,O ,F ,X,T,C,50,0,0,0,,,1242427,4849906
Invercargill City,6/1168/7.311,80,S, ,SPEY ST,201430163,09/01/2014,Thu,1510,MO,CS1C,371A 371 ,M,R,D,OF,F , , ,R,50,0,0,0,,,1242432,4849826
Invercargill City,6/1168/7.366,15,S, ,DON ST,201432433,19/01/2014,Sun,40,MO,CS1C,330A 351A ,M,R,D,DO,F , , ,N,50,0,0,0,,,1242435,4849771
Invercargill City,6/1168/7.453,20,N, ,ESK ST,201445428,07/09/2014,Sun,130,AA,CS1C,372A ,,R,D,DO,F ,T,T,R,50,0,0,0,,,1242440,4849684
Invercargill City,6/1168/7.458,15,N, ,ESK ST,201440632,16/07/2014,Wed,1400,FE,CS1C,331A ,,R,D,O ,F ,T,T,C,50,0,0,0,,,1242440,4849679
Invercargill City,6/1168/7.463,10,N, ,ESK ST,201417499,31/07/2014,Thu,1555,FE,CS1C,331A ,,R,W,OF,L ,T,T,R,50,0,0,2,,,1242441,4849674
Invercargill City,6/1168/7.473,, ,I,ESK ST,201430873,15/02/2014,Sat,1210,FE,CS1C,181A ,,R,W,BF,L ,T,T,C,50,0,0,0,,,1242441,4849664
Invercargill City,6/1168/7.503,30,S, ,ESK ST,201413552,01/07/2014,Tue,1745,NA,CN1E,306A ,,R,W,DO,L , , ,X,50,0,0,1,43,,1242443,4849634
Invercargill City,6/1168/7.567,20,N, ,SH 1S,201435369,01/05/2014,Thu,1530,FD,BS1T,181A ,,R,D,O ,F ,R,G,R,50,0,0,0,,,1242448,4849570
Invercargill City,6/1168/7.587,, ,I,SH 1S,201440040,04/07/2014,Fri,1730,HA,CS1C,302A 375A ,,E,W,OF,F ,R,G,R,50,0,0,0,,,1242449,4849550
Invercargill City,6/1168/7.587,, ,I,SH 1S,201438699,13/06/2014,Fri,1515,HA,CN1V,302A 402A ,,R,D,O ,F ,R,G,R,50,0,0,0,,,1242437,4849550
Invercargill City,6/1168/7.587,, ,I,SH 1S TAY,201444029,14/08/2014,Thu,1228,HA,CS1C,302A 375A ,,E,W,OF,L ,R,G,C,50,0,0,0,,,1242449,4849550
Invercargill City,99/0/0.567,30,E, ,LORNEVILLE OBR,201413067,27/05/2014,Tue,602,DB,4W1,131A 135A 802 ,,E,I,DO,FF, ,N,C,80,0,0,1,,,1241447,4857186
Invercargill City,99/0/0.771,50,E, ,WALLACETOWN-LORNEVILL ROA,201437050,27/05/2014,Tue,730,DB,VW1,131A 802 ,B,M,I,DO,F , , ,C,80,0,0,0,,,1241245,4857154
Kaikoura District,AUSTIN ST,15,S, ,CROMER ST,201411983,27/03/2014,Thu,1029,BA,CS1M,331A 353A 205B ,,R,D,BN,F , ,N,N,50,0,0,1,,,1657447,5303609
Kaikoura District,AVOCA ST,, ,I,ESPLANADE,201444123,09/08/2014,Sat,1150,DA,CE2,111A 131A ,S,M,D,BF,F ,T,G,C,50,0,0,0,,,1657602,5303958
Kaikoura District,AVOCA ST,210,E, ,LOWER WARD ST,201417443,01/11/2014,Sat,230,DB,CE1,103A 111A 131A ,F,E,D,DN,F , ,N,C,50,0,1,0,,,1658058,5303751