TLANAME,CRASHROAD,CRASHDIST,CRASHDIRN,INTSN,SIDEROAD,CRASHID,CRASHDATE,CRASHDOW,CRASHTIME,MVMT,VEHICLES,CAUSES,OBJECTSSTRUCK,ROADCURVE,ROADWET,LIGHT,WTHRa,JUNCTYPE,TRAFCTRL,ROADMARK,SPDLIM,CRASHFATALCNT,CRASHSEVCNT,CRASHMINCNT,PERSAGE1,PERSAGE2,EASTING,NORTHING
Kaikoura District,BLUE DUCK ROAD,500,W, ,SH 1S,201417938,02/11/2014,Sun,730,DA,VS1,103A 111A 131A ,C,M,D,B ,F , , ,N,100,0,2,1,,,1663354,5319187
Kaikoura District,CHURCHILL ST,30,S, ,LUDSTONE ROAD,201430997,06/03/2014,Thu,1515,EO,TS1,686A ,B,R,D,BF,F , ,N,C,50,0,0,0,,,1655913,5305601
Kaikoura District,INLAND KAIKOURA ROAD,300,S, ,LITTLE LINTON CREEK BR,201417333,24/09/2014,Wed,1400,DA,CW1,131A 813 ,C,E,D,B ,F , , ,C,100,0,0,1,,,1638133,5307594
Kaikoura District,MOUNT FYFFE ROAD,, ,I,SCHOOLHOUSE ROAD,201431605,19/01/2014,Sun,1115,HA,CN1C,302B ,,R,D,B ,F ,X,G,N,100,0,0,0,,,1653834,5309261
Kaikoura District,POSTMANS ROAD,, ,I,MOUNT FYFFE ROAD,201433925,02/03/2014,Sun,2100,GE,4E1C,357A 144B ,,R,D,TN,F ,X,G,N,100,0,0,0,,,1653431,5310577
Kaikoura District,SCARBOROUGH ST,20,W, ,KAIKOURA LOOKOUT ROAD,201432825,03/03/2014,Mon,2250,DA,CW1,111A 131A 402A ,F,E,D,DO,F , , ,C,50,0,0,0,,,1657029,5303607
Kaikoura District,SOUTH BAY PARADE,800,S, ,SH 1S,201440302,15/07/2014,Tue,1530,MO,4S1,330A ,V,R,D,B ,F , , ,N,50,0,0,0,,,1655791,5303734
Kaikoura District,WARD ST,40,N, ,SCARBOROUGH ST,201439951,18/06/2014,Wed,2130,QD,CS1,428A ,F,R,D,DN,F , ,N,C,50,0,0,0,,,1657503,5303351
Kaikoura District,WEST END,15,E, ,SH 1S,201417316,08/11/2014,Sat,1814,MA,VW1MC,191A 197A 101B 330B 373B ,M,R,D,B ,F ,T,G,C,50,0,0,1,,,1655960,5305639
Kaikoura District,WEST END,50,E, ,SH 1S,201438489,14/06/2014,Sat,2010,EA,CE1C4C,129A 359A ,M,E,D,DO,F , , ,C,50,0,0,0,,,1655994,5305628
Kaikoura District,1S/90/3.888,3000,N, ,KEKERENGU ROAD,201413548,23/07/2014,Wed,100,CB,4S1,129A 130A 352A ,C,R,D,DN,F , , ,C,100,0,0,1,,,1685375,5351837
Kaikoura District,1S/90/8.283,2000,N, ,PENNY LANE,201441615,05/07/2014,Sat,2116,EC,TN1,912,W,E,D,DN,F , , ,C,100,0,0,0,,,1682832,5348394
Kaikoura District,1S/90/9.574,200,N, ,ELLERTON OBR,201448702,24/11/2014,Mon,900,DA,4N1,129A 131A ,C,E,D,B ,F , , ,C,100,0,0,0,,,1682025,5347413
Kaikoura District,1S/104/3.928,, ,A,WASHDYKE BR,201449248,11/12/2014,Thu,725,EC,TS1,130A 195A 615A 904 ,G,R,W,O ,M , , ,C,100,0,0,0,,,1677474,5340444
Kaikoura District,1S/104/6.735,200,S, ,NO 1 SHINGLE FAN,201440338,12/04/2014,Sat,1745,CC,4S1,129A 134A 358A ,F,R,D,O ,F , , ,L,100,0,0,0,,,1676558,5337792
Kaikoura District,1S/118/1.814,1330,S, ,WAIPAPA ROAD,201416445,10/10/2014,Fri,1740,DB,MN1,129A 130A 903 ,V,E,D,B ,FS, , ,C,100,0,1,0,,,1674829,5330482
Kaikoura District,1S/118/2.284,1800,S, ,WAIPAPA ROAD,201410256,12/01/2014,Sun,2133,CC,4N1,125A 357A ,,R,D,DN,F , ,N,C,100,0,0,1,,,1674443,5330214
Kaikoura District,1S/118/4.364,3880,S, ,WAIPAPA ROAD,201410516,15/01/2014,Wed,1505,BB,VN1C,137A 197A 129B 404B ,,E,D,BN,F , ,N,C,100,0,2,0,,,1673013,5328805
Kaikoura District,1S/118/16.402,3600,N, ,BLUE DUCK ROAD,201417328,21/11/2014,Fri,1155,MC,MS1M,143B 330B 372B ,,R,D,B ,F , , ,C,100,0,0,2,,,1666415,5320385
Kaikoura District,1S/118/19.962,40,N, ,BLUE DUCK ROAD,201438041,12/06/2014,Thu,640,EC,CN1,821,X,E,W,DN,M , , ,C,100,0,0,0,,,1663380,5318955
Kaikoura District,1S/138/2.395,2130,N, ,KIWA ROAD,201443402,19/09/2014,Fri,906,DA,CS1,130A 410A ,F,E,D,B ,F , ,N,C,100,0,0,0,,,1661768,5317168
Kaikoura District,1S/138/4.025,500,N, ,KIWA ROAD,201400048,06/03/2014,Thu,1605,BD,4N1O,129A ,,E,D,BF,F , ,N,C,100,1,1,1,,,1661961,5315745
Kaikoura District,1S/138/5.626,80,W, ,STATION ROAD,201430339,03/01/2014,Fri,1330,CB,CW1,135A 903 ,FV,R,D,B ,FS, ,N,C,100,0,0,0,,,1660762,5315310
Kaikoura District,1S/138/6.525,2000,W, ,KIWA ROAD,201416951,12/10/2014,Sun,1845,DB,CE1,129A ,S,M,D,ON,F , ,N,C,100,0,0,1,,,1659893,5315540
Kaikoura District,1S/138/8.586,300,N, ,KANUKA LANE,201431470,02/03/2014,Sun,330,DA,CN1,102A 131A 410A ,B,E,D,DN,F , ,N,C,100,0,0,0,,,1659047,5314223
Kaikoura District,1S/138/9.134,400,N, ,FACTORY ROAD,201416950,07/10/2014,Tue,1445,DB,4S1,410A ,EFV,M,D,BN,F , ,N,C,100,0,0,1,,,1659000,5313734
Kaikoura District,1S/138/9.584,50,S, ,FACTORY ROAD,201417275,15/11/2014,Sat,720,CB,VS1,130A 903 ,FV,R,D,O ,FS, , ,C,100,0,0,2,,,1658660,5313440
Kaikoura District,1S/138/10.933,1000,S, ,PARSONS ROAD,201440757,05/07/2014,Sat,1130,CC,4N1,410A ,FT,R,D,B ,F , , ,C,100,0,0,0,,,1657633,5312565
Kaikoura District,1S/138/16.303,150,N, ,BEACH ROAD,201431096,05/02/2014,Wed,1430,EA,CN1C,386A ,M,R,D,B ,F , ,N,C,50,0,0,0,,,1656043,5308242
Kaikoura District,1S/155/0.838,, ,I,GILLINGS LANE,201443803,07/06/2014,Sat,2155,EA,CS1C4,129A 351A ,MM,R,D,DO,F ,T,S,C,50,0,0,0,,,1655970,5307407
Kaikoura District,1S/155/1.236,200,N, ,HAWTHORNE ROAD,201434975,01/04/2014,Tue,2006,EA,CN1C,129A 358A ,M,R,D,DO,F , ,N,C,50,0,0,0,,,1655918,5307013
Kaikoura District,1S/155/1.732,, ,I,EDMUND AVENUE,201411065,11/03/2014,Tue,1710,JA,PS14,534A 301B 375B ,,R,D,O ,F ,T,S,C,50,0,0,1,,,1655904,5306517
Kaikoura District,1S/155/1.792,60,S, ,EDMUND AVENUE,201442126,22/08/2014,Fri,1250,MA,4S14,373B 922 ,,R,D,B ,F ,D,N,C,50,0,0,0,,,1655902,5306457
Kaikoura District,1S/155/1.832,100,S, ,EDMUND AVENUE,201444408,10/09/2014,Wed,545,EA,TN1C,129A ,M,R,D,DO,F , , ,C,50,0,0,0,,,1655901,5306417
Kaikoura District,1S/155/3.826,, ,I,KILLARNEY ST,201413400,22/06/2014,Sun,245,DA,CS2,103A 111A 131A 402A ,K,M,W,DO,L ,T,G,C,50,0,0,2,,,1655811,5304510
Kaikoura District,1S/155/3.826,, ,I,KILLARNEY ST,201433972,08/04/2014,Tue,1445,JA,TS1C,302B 375B 404B ,,E,W,O ,L ,T,G,C,50,0,0,0,,,1655811,5304510
Kaikoura District,1S/155/7.089,830,N, ,INLAND KAIKOURA ROAD,201416949,26/10/2014,Sun,915,CC,CN1,410A ,T,R,D,OF,F , ,N,C,100,0,0,1,,,1652648,5304056
Kaikoura District,1S/163/5.674,130,N, ,PARITITAHI TNL,201447913,29/10/2014,Wed,1348,DA,CN1,131A 350A ,EX,M,D,B ,F , , ,C,80,0,0,0,,,1647946,5300501
Kaikoura District,1S/163/9.176,, ,A,RARAMAI TNL,201418677,06/12/2014,Sat,1030,DB,TN1,111A 131A ,G,M,D,ON,F , ,N,C,80,0,0,1,,,1645182,5299150
Kaikoura District,1S/163/12.471,120,S, ,OTE MAKURA BR,201417329,10/10/2014,Fri,2220,DA,CS1,109A 131A 412A ,T,E,D,DN,F , , ,C,80,0,0,1,,,1643434,5296611
Kaikoura District,1S/163/16.042,500,N, ,OARO OBR,201418140,18/12/2014,Thu,725,QG,TN1,130A 801 ,V,R,W,O ,L , , ,C,100,0,0,1,,,1641735,5293716
Kaikoura District,1S/163/16.172,370,N, ,OARO OBR,201418452,25/12/2014,Thu,1820,BF,CN1C,205A 330A 404A ,,M,D,B ,F , , ,C,80,0,3,2,,,1641704,5293589
Kaikoura District,1S/179/0.035,, ,A,OARO OBR,201430305,19/01/2014,Sun,1120,CB,CN1,137A 358A ,G,R,D,B ,F , ,N,C,100,0,0,0,,,1641590,5293241
Kaikoura District,1S/179/1.286,570,S, ,TE KEEPA ROAD,201416402,09/08/2014,Sat,2100,DB,TN1,111A 131A 330A ,CG,M,D,DN,F , , ,C,100,0,0,1,,,1640717,5292489
Kaikoura District,1S/179/2.455,40,S, ,BIRCHES ROAD,201413425,28/06/2014,Sat,1457,DA,4N1,131A ,CK,E,D,B ,F , , ,C,100,0,0,5,,,1639687,5292036
Kaikoura District,1S/179/2.715,300,S, ,BIRCHES ROAD,201413595,07/08/2014,Thu,1430,AD,CS1,131A 403A ,,S,D,B ,F , , ,C,100,0,0,1,,,1639539,5291824
Kaikoura District,1S/185/0.41,400,S, ,OARO SUMMIT,201450483,10/10/2014,Fri,1007,BF,CS14,129A ,,S,D,BN,F , ,N,C,100,0,0,0,,,1637597,5290073
Kaikoura District,1S/185/0.856,9000,N, ,CLAVERLEY ROAD,201417586,27/10/2014,Mon,1210,BF,CS1CC,111A 131A ,,M,W,ON,L , ,N,C,100,0,0,1,,,1637494,5289977
Kaipara District,ARAPOHUE ROAD,120,S, ,PUKEHUIA ROAD,201440597,12/07/2014,Sat,2349,EC,4N1,195A 800 912 ,W,M,W,DN,L , , ,C,100,0,0,0,,,1685781,6018323
Kaipara District,AWAKINO ROAD,10,N, ,CRANLEY ST,201414751,03/08/2014,Sun,1930,EA,SS1C,129A 350A ,M,R,W,DO,F ,X,G,C,50,0,0,1,,19,1678804,6022830
Kaipara District,AWAKINO ROAD,, ,I,RANFURLY ST,201417511,13/08/2014,Wed,929,HA,VE1C,101B 301B 375B ,,R,D,BF,L ,X,S,C,50,0,0,2,,,1678652,6023173
Kaipara District,BABYLON COAST ROAD,1160,E, ,BASIN ROAD,201446989,04/10/2014,Sat,,DB,CE1,131A ,,M,D,BN,FS, ,N,N,100,0,0,0,,,1668601,6025568
Kaipara District,BASIN ROAD,200,E, ,BAYLYS BASIN ROAD,201440598,12/07/2014,Sat,1740,DA,CS1,131A 138A 404A 801 ,C,M,W,TN,L , , ,N,100,0,0,0,,,1666650,6024719
Kaipara District,BICKERSTAFFE ROAD,50,E, ,TANOA ROAD,201449482,29/12/2014,Mon,800,BF,CN1C,129A 129B ,,M,D,B ,F , , ,N,100,0,0,0,,,1720392,5992967
Kaipara District,COVE ROAD,800,S, ,BRAEMAR LANE,201441926,14/08/2014,Thu,745,BF,CN1C,111A 131A 402A ,V,M,W,O ,F , , ,C,100,0,0,0,,,1741273,6008184
Kaipara District,GORDON ST,15,W, ,CARRINGTON ST,201447318,29/10/2014,Wed,1505,EA,LS1C,386A 201B ,M,R,D,O ,F , ,N,N,50,0,0,0,,,1678944,6023011
Kaipara District,GORGE ROAD,100,S, ,KIRK ROAD,201410805,08/02/2014,Sat,1145,DB,MN1,135A 805 ,,E,D,O ,F , , ,N,100,0,0,1,,,1722468,6005846
Kaipara District,GORGE ROAD,, ,I,NIKAU LANE,201444985,28/09/2014,Sun,600,DA,CS1,111A 410A ,C,S,D,DN,F ,T,N,C,100,0,0,0,,,1721614,6003824
Kaipara District,HOKIANGA ROAD,40,N, ,CHARLOTTE ST,201446928,18/09/2014,Thu,1330,MD,CN14,371B 921 ,,R,D,BF,F ,D,N,C,50,0,0,0,,,1677746,6022891
Kaipara District,HOKIANGA ROAD,100,S, ,CHARLOTTE ST,201451032,31/12/2014,Wed,1500,MO,VS1C,371A 929 ,M,R,D,OF,F ,D,N,C,50,0,0,0,,,1677822,6022773
Kaipara District,HOKIANGA ROAD,50,S, ,GORDON ST,201446804,30/10/2014,Thu,1230,MO,CN1C,386A 926 ,M,R,D,B ,F ,D,N,C,50,0,0,0,,,1678200,6022335
Kaipara District,HOKIANGA ROAD,15,S, ,MONTGOMERY AVENUE,201448802,10/11/2014,Mon,1510,MD,4S1C,308A 330A 371A 929 ,,R,D,B ,F ,D, ,C,50,0,0,0,,,1677489,6023156
Kaipara District,HOKIANGA ROAD,20,N, ,VICTORIA ST,201449284,06/12/2014,Sat,1300,MD,CS1C,371B 927 ,,R,D,B ,F ,D,N,C,50,0,0,0,,,1678412,6022156
Kaipara District,JACK BOYD DRIVE,800,S, ,MANGAWHAI HEADS ROAD,201411614,21/03/2014,Fri,1845,DB,CN1,111A 131A ,V,E,D,TN,F , ,N,R,70,0,0,1,,,1741643,6004747
Kaipara District,JUDD ROAD,200,E, ,WHAKA ST,201450723,03/10/2014,Fri,1620,DA,CW1,131A ,V,M,W,ON,L , ,N,N,100,0,0,0,,,1721585,6002232
Kaipara District,KAI IWI LAKES ROAD,5250,N, ,OMAMARI ROAD,201430426,18/01/2014,Sat,1535,DB,40,101A 137A 930 ,CT,E,D,O ,F ,D,N,N,100,0,0,0,,,1656607,6037978
Kaipara District,KAIKOHE ROAD,2200,W, ,WAIMATENUI EAST ROAD,201436681,29/04/2014,Tue,1230,BB,TN1T,120A 138A 120B 138B 831 ,,S,W,O ,F , ,N,N,100,0,0,0,,,1663206,6057219
Kaipara District,KAIWAKA MANGAWHAI ROAD,300,E, ,BROWN ROAD,201448175,14/11/2014,Fri,1843,DB,40,103A 131A 359A ,V,S,D,B ,F , , ,C,100,0,0,0,,,1734750,5998997
Kaipara District,KAIWAKA MANGAWHAI ROAD,, ,I,LAWRENCE ROAD,201416736,19/08/2014,Tue,2230,DA,CW1,101A 111A 131A 517A ,C,M,W,DN,H ,T,N,L,100,0,0,1,,,1738178,6000148
Kaipara District,KAIWAKA MANGAWHAI ROAD,500,W, ,STEWART ROAD,201417164,22/10/2014,Wed,1545,DA,CW1,101A 131A 410A ,V,S,D,O ,F , , ,C,100,0,0,1,,,1735282,5999325
Kaipara District,KAPIA ST,20,E, ,VICTORIA ST,201447874,23/10/2014,Thu,1235,MO,CW1C,371A ,M,R,W,OF,L , ,N,N,50,0,0,0,,,1678506,6022249
Kaipara District,LOGAN ST,50,N, ,CAMPBELL TERRACE,201413882,19/06/2014,Thu,2027,DB,CS1,103A 111A 131A 801 ,P,M,W,DO,L , , ,C,50,0,0,1,,,1677796,6021349
Kaipara District,LOGAN ST,, ,I,LIVERPOOL ST,201443964,04/09/2014,Thu,1230,KB,TS1V,302B 375B 404B ,,R,W,BF,L ,T,G,C,50,0,0,0,,,1677922,6020683
Kaipara District,MOLESWORTH DRIVE,, ,I,MOIR ST,201411042,01/01/2014,Wed,,PO,CS1E,112A 129A 357A ,,R,D,B ,F ,T,G,C,50,0,0,2,50,,1741810,6000950
Kaipara District,MOLESWORTH DRIVE,, ,I,MOIR ST E,201442882,31/08/2014,Sun,100,DA,CW1,111A 131A ,KS,M,W,DO,F ,T,G,R,50,0,0,0,,,1741810,6000950
Kaipara District,MOLESWORTH DRIVE,230,W, ,THELMA ROAD SOUTH,201430641,06/02/2014,Thu,1145,AA,CW1S,110A 137A 534B ,V,R,W,O ,L , ,N,C,80,0,0,0,,,1742236,6002922
Kaipara District,MOUNT WESLEY COAST ROAD,150,E, ,OLD GOLF COURSE ROAD,201418342,19/12/2014,Fri,5,DA,CW1,103A 111A 131A ,FP,S,D,DN,F , ,N,C,100,0,0,1,,,1677762,6019638
Kaipara District,NEEMS ROAD,, ,I,KARAKANUI ROAD,201432107,16/02/2014,Sun,,BB,CN1C,124A ,,M,D,B ,F ,T,N,N,100,0,0,0,,,1708197,5996146
Kaipara District,NOTORIOUS WEST ROAD,500,E, ,MAHUTA ROAD,201431693,12/02/2014,Wed,1840,CB,4W1,130A 813 902 ,X,R,D,B ,F , , ,N,100,0,0,0,,,1674609,6014361
Kaipara District,OMANA ROAD,1200,S, ,PUKEHUIA ROAD,201413646,27/05/2014,Tue,950,BB,CW1V,111A 310A ,,E,D,B ,F , ,G,N,100,0,1,0,,,1694247,6028968
Kaipara District,ONERIRI ROAD,670,W, ,KAIRA ROAD,201441451,18/07/2014,Fri,615,CC,CE1,130A 341A ,,R,D,DN,F , ,N,C,80,0,0,0,,,1724204,5990827
Kaipara District,PAPAROA OAKLEIGH ROAD,1000,N, ,BURKE ROAD,201432489,15/02/2014,Sat,1450,DB,CN1,131A 404A ,E,E,D,BN,F , ,N,C,100,0,0,0,,,1715060,6012124
Kaipara District,PORTLAND ST,50,S, ,GORDON ST,201449282,16/12/2014,Tue,1135,QD,CS1V,428A ,M,R,D,O ,F , , ,N,50,0,0,0,,,1678285,6022435
Kaipara District,POUTO ROAD,350,N, ,AOROA ROAD,201417971,06/12/2014,Sat,1810,AD,MN1,130A ,,R,D,B ,F , , ,C,100,0,1,0,,,1679367,6017533
Kaipara District,POUTO ROAD,200,S, ,AOROA ROAD,201412503,07/03/2014,Fri,1635,DA,4S1,101A 131A 423A 501A ,P,E,D,O ,F , , ,C,100,0,1,1,,,1679626,6017047
Kaipara District,POUTO ROAD,, ,I,CHARITY HILL ROAD,201445273,11/10/2014,Sat,2120,DA,CS1,103A 131A 412A ,V,R,D,DN,F ,T,S,C,100,0,0,0,,,1681550,6013726
Kaipara District,POUTO ROAD,770,S, ,EMPIRE STREET,201410480,22/02/2014,Sat,1545,BA,CN1CC,130A 501A ,,R,D,B ,F , , ,C,100,0,0,1,,,1678748,6018820
Kaipara District,POUTO ROAD,, ,A,OKARO CRK BR,201416157,03/09/2014,Wed,1615,CB,VS1,112A 130A ,BX,R,D,B ,F , , ,N,100,0,0,1,,,1699395,5982379
Kaipara District,POUTO ROAD,280,N, ,REDHILL ROAD,201415727,30/08/2014,Sat,220,CB,CN1,410A ,V,R,D,DN,F , ,N,C,100,0,0,1,,,1680146,6015454
Kaipara District,POUTO ROAD,550,N, ,REDHILL ROAD,201450852,29/12/2014,Mon,1830,CB,CN1,103A 112A 817 ,C,R,D,BN,F , ,N,N,100,0,0,0,,,1680053,6015707
Kaipara District,POUTO ROAD,250,N, ,SARICH ROAD,201430187,04/01/2014,Sat,2035,CB,TN1,129A 130A ,V,R,D,ON,F , , ,C,100,0,0,0,,,1687775,6000881
Kaipara District,POUTO ROAD,, ,A,UNKNOWN,201449595,24/10/2014,Fri,1600,BD,VS1C,129A 129B 818 ,,M,D,B ,F , , ,N,100,0,0,0,,,0,0
Kaipara District,POYNER ROAD,150,W, ,ARARUA ROAD,201418351,29/07/2014,Tue,1800,DA,PW1,101A 131A ,,S,D,ON,F , ,N,N,100,0,1,0,,,1705080,6007263
Kaipara District,RANFURLY ST,, ,I,PARORE ST,201418344,02/12/2014,Tue,2349,HA,CN1C,101A 301A ,,R,D,DO,F ,X,S,C,50,0,2,2,,,1678171,6022754
Kaipara District,RANFURLY ST,20,E, ,PLUNKET ST,201443647,09/08/2014,Sat,1000,LB,4N1C,303B 330B 930 ,,R,D,B ,F ,D,N,N,50,0,0,0,,,1678407,6022966
Kaipara District,REHIA ROAD,260,E, ,DUNN ROAD,201448803,13/10/2014,Mon,850,DA,CE1,111A 131A 330A ,F,S,D,O ,F , , ,N,100,0,0,0,,,1691392,6009794
Kaipara District,ROPE CRESCENT,50,W, ,GLINKS ROAD,201411746,22/03/2014,Sat,1005,DB,CS1,131A 504A ,T,E,D,B ,F , , ,N,50,0,0,1,,,1677261,6006855
Kaipara District,SEA VIEW ROAD,, ,I,KELLY ST,201437009,03/05/2014,Sat,1744,BF,MW1V,131A ,,M,D,TF,F ,T,G,C,50,0,0,0,,,1667309,6021409
Kaipara District,TARA ROAD,200,E, ,DARMAH LANE,201410351,23/01/2014,Thu,1932,JA,CW14,308B 375B 929 ,,M,D,TN,F ,D,N,C,100,0,0,2,,,1740092,6001222
Kaipara District,TE KOWHAI ROAD,, ,I,ARMSTRONG ROAD,201417856,01/12/2014,Mon,1525,DB,4W1,138A 813 ,C,E,D,B ,F ,T,N,N,100,0,0,1,,,1697704,5998707
Kaipara District,THIRD AVENUE,, ,I,RANFURLY ST,201448806,02/12/2014,Tue,1140,DB,CE2V,111A 131A 402A ,M,R,D,B ,F ,T,N,C,50,0,0,0,,,1678976,6023308
Kaipara District,TINOPAI ROAD,750,W, ,CHADWICK ROAD,201410785,08/03/2014,Sat,1530,DA,4S1,130A 350A ,,M,D,B ,F , ,N,C,100,0,0,2,,,1709596,5989353
Kaipara District,TINOPAI ROAD,900,W, ,CHADWICK ROAD,201412714,05/03/2014,Wed,1715,DA,CW1,103A 131A ,C,M,D,ON,F , ,N,C,100,0,1,0,,,1709479,5989435
Kaipara District,TINOPAI ROAD,1130,S, ,MATAKOHE WEST ROAD,201430406,11/01/2014,Sat,1920,BC,CE14,103A 121A ,,M,D,O ,F , ,N,C,100,0,0,0,,,1705339,5999713
Kaipara District,TIRARAU ST,25,E, ,PARORE ST,201439444,13/06/2014,Fri,900,MO,CE1C,386A ,M,R,D,B ,F ,T,N,N,50,0,0,0,,,1678271,6022678
Kaipara District,TOKATOKA ROAD,1150,E, ,SH 12,201435355,03/05/2014,Sat,1150,CA,CE1,130A 813 ,V,R,D,O ,F , , ,N,100,0,0,0,,,1688078,6009236
Kaipara District,TRAMLINE ROAD,600,E, ,SH 12,201444635,15/09/2014,Mon,,CB,CE1,195A ,V,R,W,DN,L , ,N,N,100,0,0,0,,,1689065,6006016
Kaipara District,TROUNSON PARK ROAD,800,E, ,MCLEAN ROAD,201410255,12/01/2014,Sun,1028,DA,VN1,131A 134A 404A ,,M,D,B ,F , ,N,C,100,0,0,2,,,1657553,6047692
Kaipara District,VICTORIA ST,5,N, ,HOKIANGA ROAD,201435508,20/04/2014,Sun,30,CA,CN1,101A 130A 801 ,IX,R,W,DO,L ,X,G,R,50,0,0,0,,,1678429,6022148
Kaipara District,VICTORIA ST,70,N, ,HOKIANGA ROAD,201432497,02/03/2014,Sun,1310,EE,CN1C,374B ,M,R,D,BF,F , ,N,C,50,0,0,0,,,1678460,6022205
Kaipara District,VICTORIA ST,60,W, ,ONSLOW ST,201447875,04/11/2014,Tue,1630,DA,4W1C,330A 350A 929 ,M,R,D,BF,F ,D,N,C,50,0,0,0,,,1679248,6022752
Kaipara District,VICTORIA ST,, ,I,PARORE ST,201442937,22/08/2014,Fri,1530,GC,VN1C,372B 402B ,,R,D,B ,F ,T,N,C,50,0,0,0,,,1678603,6022354
Kaipara District,WAIHUE ROAD,300,N, ,AVOCA ROAD,201418768,11/12/2014,Thu,1825,DA,CS1,103A 111A 131A ,,S,D,O ,F , , ,L,100,0,0,2,,,1676521,6032056
Kaipara District,WAIHUE ROAD,1100,S, ,WAIMATA ROAD E,201413661,29/05/2014,Thu,2240,MO,4S1,103A 386A ,FV,R,D,DN,F , , ,C,100,0,0,1,,,1676232,6033431
Kaipara District,WAIPU GORGE ROAD,4800,S, ,DURHAM ROAD,201448978,15/12/2014,Mon,1800,DB,VS1,111A 131A ,C,S,W,TN,L , , ,N,100,0,0,0,,,1725052,6008907
Kaipara District,WAIPU GORGE ROAD,6430,S, ,DURHAM ROAD,201418803,25/12/2014,Thu,910,DA,CN1,129A ,Z,M,D,ON,F , ,N,N,100,0,0,1,,,1724963,6007654
Kaipara District,WAIRERE ROAD,410,W, ,CAUSER ROAD,201450177,09/05/2014,Fri,1630,DA,40,103A 111A 131A ,V,M,D,O ,F , , ,N,100,0,0,0,,,1717516,6006452
Kaipara District,WAIRERE ROAD,2000,W, ,PAPAROA STATION ROAD,201437008,27/05/2014,Tue,1830,DA,CW1,131A ,C,M,D,DN,F , , ,N,100,0,0,0,,,1716261,6006310
Kaipara District,WHAKAPIRAU ROAD,, ,I,HUARAU ROAD,201446565,21/10/2014,Tue,2015,EC,CE1,103A 912 ,W,R,D,DN,F ,T,G,C,100,0,0,0,,,1715518,5999270
Kaipara District,WHAKAPIRAU ROAD,300,W, ,LATTA ROAD,201436365,23/03/2014,Sun,500,EC,CN1,912,W,R,D,DN,F , ,N,C,100,0,0,0,,,1713035,5998291
Kaipara District,WOOD ST,50,W, ,ALBERT ST,201435455,31/03/2014,Mon,1500,MO,CE1C,386A 926 ,M,R,D,B ,F ,D,N,N,50,0,0,0,,,1743005,6004441
Kaipara District,WOOD ST,15,E, ,FAGAN PLACE,201415689,18/09/2014,Thu,1220,MO,CW1,112A 423A ,P,R,D,O ,F ,T,N,C,50,0,0,1,,,1742901,6004373
Kaipara District,YOUNG ROAD,1500,N, ,BEE BUSH ROAD E,201450708,04/12/2014,Thu,1450,BB,VN14,129A ,,M,D,BF,F , ,N,N,100,0,0,0,,,1686849,6019503
Kaipara District,Z BCH POUTO PT,1000,W, ,POUTO ROAD,201418269,31/12/2014,Wed,2110,MO,ME1,101A 130A 330A 402A 812 ,D,R,D,DN,F , , ,N,100,0,1,0,,,1703067,5973452
Kaipara District,Z BCH SAND DUNES,22000,S, ,GLINKS ROAD,201410330,26/01/2014,Sun,1330,CA,ME1,135A 812 ,,R,D,ON,F , ,N,N,100,0,1,0,,,1678406,6004981
Kaipara District,12/106/7.025,770,N, ,ARANGA STATION ROAD,201415192,15/08/2014,Fri,1105,DB,CS1,111A 131A 386A 903 ,V,E,D,O ,FS, , ,C,100,0,0,1,,,1655713,6044497
Kaipara District,12/106/10.979,150,W, ,MAITAHI ROAD,201431692,15/02/2014,Sat,2015,DA,CN1,111A 131A ,F,M,D,TN,F , , ,C,100,0,0,0,,,1658970,6042610
Kaipara District,12/106/14.707,1000,N, ,KAIHU WOOD ROAD,201435494,03/04/2014,Thu,2130,EC,CN1,912,W,R,W,DN,F , ,N,C,100,0,0,0,,,1662075,6041794
Kaipara District,12/122/3.246,220,N, ,AHIKIWI ROAD,201448800,22/11/2014,Sat,545,DB,CN1,111A 131A 517A ,C,M,D,O ,F , , ,C,100,0,0,0,,,1665374,6039327
Kaipara District,12/122/3.716,250,S, ,AHIKIWI ROAD,201447873,06/11/2014,Thu,2100,CB,CN1,134A 358A ,T,R,D,DN,F , ,N,C,100,0,0,0,,,1665617,6038931
Kaipara District,12/122/5.824,, ,I,OMAMARI ROAD,201410986,01/03/2014,Sat,1554,JA,CN1C,301B ,,E,D,BN,F ,X,S,C,100,0,0,4,,,1665826,6036889
Kaipara District,12/132/5.061,2680,S, ,MAITAHI ROAD,201442077,24/08/2014,Sun,750,CB,CS1,129A 692A ,FT,R,D,DN,M , ,N,C,100,0,0,0,,,1670409,6029949
Kaipara District,12/132/5.581,3200,S, ,MAITAHI ROAD,201413727,20/05/2014,Tue,1732,DB,CN1,111A 131A ,V,M,D,BN,F , ,N,C,100,0,1,0,,,1670804,6029626