TLANAME,CRASHROAD,CRASHDIST,CRASHDIRN,INTSN,SIDEROAD,CRASHID,CRASHDATE,CRASHDOW,CRASHTIME,MVMT,VEHICLES,CAUSES,OBJECTSSTRUCK,ROADCURVE,ROADWET,LIGHT,WTHRa,JUNCTYPE,TRAFCTRL,ROADMARK,SPDLIM,CRASHFATALCNT,CRASHSEVCNT,CRASHMINCNT,PERSAGE1,PERSAGE2,EASTING,NORTHING
Kaipara District,12/132/12.214,350,S, ,SCOTTYS CAMP ROAD,201445007,26/09/2014,Fri,540,DB,TS1,129A 139A ,,M,D,DN,F , ,N,C,100,0,0,0,,,1674082,6024483
Kaipara District,12/132/17.031,100,W, ,SEGEDIN ROAD,201441283,22/07/2014,Tue,1550,DA,CW1,131A ,F,M,W,O ,F , , ,C,70,0,0,0,,,1676690,6020968
Kaipara District,12/132/17.231,100,E, ,SEGEDIN ROAD,201412262,11/05/2014,Sun,1020,GA,4W1C,132A 331A 929 ,,E,D,O ,F ,D,N,C,70,0,0,2,,,1676888,6020952
Kaipara District,12/132/18.372,, ,I,RIVER ROAD,201450599,17/11/2014,Mon,1445,LB,CN24,330A 303B ,,R,D,O ,F ,T,S,C,50,0,0,0,,,1677985,6021142
Kaipara District,12/132/18.904,150,S, ,LOGAN ST,201430555,28/01/2014,Tue,1110,GD,CS14,331A 927 ,,R,D,B ,F ,D,N,C,50,0,0,0,,,1678159,6021643
Kaipara District,12/132/19.054,, ,I,LOGAN ST,201440983,21/07/2014,Mon,1950,DA,CS1,111A 131A ,G,R,W,DO,F ,T,S,C,50,0,0,0,,,1678144,6021788
Kaipara District,12/132/19.054,, ,I,LOGAN ST N,201447079,15/09/2014,Mon,905,FB,4000000000000000000000000,387A ,,E,D,BF,F ,T,S,C,50,0,0,0,,,1678144,6021788
Kaipara District,12/132/19.242,70,N, ,VICTORIA ST,201448804,24/11/2014,Mon,340,DA,CN1,103A 111A 133A 402A 922 ,H,E,D,DO,F ,D, ,C,50,0,0,0,,,1678131,6021965
Kaipara District,12/132/19.568,, ,I,HOKIANGA ROAD,201450851,17/12/2014,Wed,1600,DA,CW24C,129A 386A ,M,E,D,BF,F ,X,S,R,50,0,0,0,,,1678343,6022213
Kaipara District,12/132/19.568,, ,I,HOKIANGA ROAD,201432111,15/03/2014,Sat,905,AC,CN1CC,372A 381A ,M,R,W,O ,F ,X,G,C,50,0,0,0,,,1678343,6022213
Kaipara District,12/132/19.568,, ,I,HOKIANGA ROAD,201445819,03/10/2014,Fri,1705,LB,CE1C,303B 353B 375B 402B ,,R,W,O ,F ,X,S,R,50,0,0,0,,,1678343,6022213
Kaipara District,12/132/19.71,10,E, ,PORTLAND ST,201414632,18/07/2014,Fri,1251,GE,MN1C,160A 333A 927 ,,R,D,O ,F ,D, ,C,50,0,1,0,,,1678435,6022321
Kaipara District,12/132/19.752,, ,I,POTO ST,201435193,25/03/2014,Tue,1717,JA,CS1C,301B 375B ,,R,D,B ,F ,T,S,C,50,0,0,0,,,1678462,6022353
Kaipara District,12/132/20.357,70,E, ,AWAKINO ROAD,201413881,19/06/2014,Thu,1645,GD,CE1C,333A 929 ,,R,D,TO,F ,D, ,C,50,0,0,1,,,1678920,6022738
Kaipara District,12/153/4.667,2450,S, ,ARAPOHUE ROAD,201447317,05/11/2014,Wed,1630,CB,CS1,130A 414A ,,R,D,O ,F , ,N,C,100,0,0,0,,,1681613,6018833
Kaipara District,12/153/8.753,1000,S, ,BRADLEYS LANDING EAST ROA,201436680,27/04/2014,Sun,549,CC,CN1,410A ,C,R,D,DN,F , ,N,C,100,0,0,0,,,1683414,6015183
Kaipara District,12/153/14.125,1000,S, ,WHAKAHARA ROAD,201441928,13/08/2014,Wed,305,EC,CS1,801 912 ,W,R,W,DN,L , , ,C,100,0,0,0,,,1686319,6010692
Kaipara District,12/169/0.12,120,S, ,TOKATOKA ROAD,201418457,14/10/2014,Tue,2140,DA,CS1,103A 131A ,CV,M,D,DN,F , , ,C,100,0,0,1,,,1687085,6009006
Kaipara District,12/169/2.866,, ,I,BLONG ROAD,201410162,04/01/2014,Sat,1644,DA,CS1,131A ,T,M,D,B ,FS,T,G,C,100,0,0,1,,,1688468,6006804
Kaipara District,12/169/3.876,230,S, ,TRAMLINE ROAD,201417445,28/10/2014,Tue,1745,CB,CS1,129A 350A ,V,R,D,ON,F , ,N,C,100,0,0,1,,,1688465,6005797
Kaipara District,12/169/11.137,170,N, ,LOWTHER PLACE,201445008,25/08/2014,Mon,1600,MO,CN1C,371A ,M,R,D,O ,F , ,N,C,50,0,0,0,,,1691647,6001151
Kaipara District,12/169/14.014,800,W, ,TE KOWHAI ROAD,201435446,01/04/2014,Tue,1600,CB,CW1,102A 410A ,Z,R,D,B ,F , ,N,C,100,0,0,0,,,1693801,6001541
Kaipara District,12/169/14.814,, ,I,HODGSON ROAD,201435422,29/03/2014,Sat,100,MO,VE1,101A 371A 385A ,V,R,D,DN,F ,X,G,C,100,0,0,0,,,1694533,6001863
Kaipara District,12/169/15.632,300,W, ,WALLACE ROAD,201445274,08/10/2014,Wed,1025,CB,CW1,101A 130A ,S,R,D,ON,F , , ,C,100,0,0,0,,,1695281,6002193
Kaipara District,12/185/0.79,790,E, ,WALLACE ROAD,201415422,27/08/2014,Wed,800,JA,CE14,308B 351B 382B 929 ,,R,D,O ,F ,D,N,C,100,0,0,2,,,1696347,6002304
Kaipara District,12/185/9.897,600,W, ,HORNIBLOW ROAD,201447941,04/07/2014,Fri,1840,EC,4W1,801 912 ,W,R,W,DN,L , , ,C,100,0,0,0,,,1704912,6001434
Kaipara District,12/185/11.788,100,W, ,BARLOW LANE,201436424,22/03/2014,Sat,1800,MG,CN1T,371B ,,R,D,BN,F , ,G,C,100,0,0,0,,,1706757,6001502
Kaipara District,12/185/12.258,400,S, ,ARARUA ROAD,201416476,21/07/2014,Mon,1345,BB,TS14,111A 123A 330A ,,E,W,O ,F , , ,L,100,0,0,2,,,1707084,6001750
Kaipara District,12/202/2.2,80,S, ,NURSE CAVELL LANE,201410029,20/02/2014,Thu,815,BF,4N1C,111A 131A 632A 801 ,ES,M,W,O ,L , , ,C,70,0,0,2,,,1712096,6003947
Kaipara District,12/202/4.117,400,W, ,TE PAHI RIVER DRIVE,201418521,17/11/2014,Mon,1830,CA,PW1,135A 903 ,,R,D,TN,FS, ,N,C,100,0,1,0,,,1713753,6003246
Kaipara District,12/202/5.562,50,E, ,ARIELS LANE,201416473,12/10/2014,Sun,100,CC,VE1,103A 130A ,GT,R,D,DN,F , , ,C,100,0,1,0,,,1715151,6002983
Kaipara District,12/202/10.88,20,W, ,WHAKAPIRAU ROAD,201434195,14/04/2014,Mon,1725,DA,CW1,131A 801 ,C,M,W,DF,L , , ,C,100,0,0,0,,,1719837,6001662
Kaipara District,12/202/13.439,, ,I,GORGE ROAD,201432504,18/01/2014,Sat,1450,LB,CN1C,301A 375A ,,E,D,B ,F ,T,S,C,50,0,0,0,,,1721895,6003016
Kaipara District,12/202/13.439,, ,I,GORGE ROAD,201445005,03/10/2014,Fri,1730,BC,CE1C,122A ,,S,W,TF,L ,T,S,C,50,0,0,0,,,1721895,6003016
Kaipara District,12/202/13.439,, ,I,GORGE ROAD,201431435,19/02/2014,Wed,1510,LB,CE1C,361B ,,M,W,OF,L ,Y,N,C,50,0,0,0,,,1721895,6003016
Kaipara District,12/202/16.211,700,E, ,MOUNTAIN ROAD,201448976,06/12/2014,Sat,1720,DA,CW1,131A 352A ,BG,E,D,B ,F , , ,C,100,0,0,0,,,1724254,6003842
Kaipara District,12/202/16.511,1000,E, ,MOUNTAIN ROAD,201412888,09/03/2014,Sun,1715,CC,CW1,130A 358A 407A ,FT,R,D,B ,F , , ,C,100,0,1,1,,,1724540,6003921
Kaipara District,12/202/17.611,2100,E, ,MOUNTAIN ROAD,201432640,14/03/2014,Fri,520,CB,CE1,130A 410A ,F,R,D,DN,F , ,N,C,100,0,0,0,,,1725531,6004398
Kaipara District,12/202/18.021,1300,W, ,BRYNDERWYN ROAD,201430393,05/01/2014,Sun,1630,FD,CS1C,110A 181A ,,S,W,O ,F , ,N,C,100,0,0,0,,,1725931,6004443
Kaipara District,12/202/20.837,100,W, ,SH 1N,201410546,02/01/2014,Thu,1405,BF,CW14,103A 131A 358A ,S,M,D,BN,F , ,N,C,100,0,0,2,,,1728662,6004328
Kaipara District,14/15/10.803,1400,E, ,BOB TAYLOR ROAD,201446824,05/11/2014,Wed,1105,DB,CE1,129A 134A ,C,M,W,O ,F , ,N,C,100,0,0,0,,,1697458,6036015
Kaipara District,14/30/1.54,1100,W, ,PAERATA ROAD,201416470,27/09/2014,Sat,1740,CC,CW1,130A 412A 630A ,V,R,D,O ,F , , ,C,100,0,0,1,,,1692880,6035535
Kaipara District,14/30/2.04,1600,W, ,PAERATA ROAD,201418659,19/12/2014,Fri,1558,DB,CW1,131A 350A ,PV,S,D,ON,F , ,N,C,100,0,0,1,,,1692442,6035316
Kaipara District,14/30/6.544,2300,E, ,PARADISE ROAD W,201448973,28/11/2014,Fri,1120,FA,TW1C,181A ,V,R,D,B ,F , , ,C,100,0,0,0,,,1689965,6032186
Kaipara District,14/30/9.665,4200,E, ,TANGOWAHINE VALLEY ROAD,201411763,26/03/2014,Wed,704,DA,4W1,111A 131A 402A 801 ,FS,M,W,O ,F , , ,C,100,0,1,0,,,1687608,6030884
Kaipara District,14/30/12.465,1400,E, ,TANGOWAHINE VALLEY ROAD,201439278,16/06/2014,Mon,1640,DA,TE1,111A 131A 191A ,C,M,W,TN,F , , ,C,100,0,0,0,,,1685464,6030468
Kaipara District,14/44/0,, ,I,TANGOWAHINE VALLEY ROAD,201443965,22/08/2014,Fri,1627,DA,4N1,132A 812 ,V,R,D,BN,F ,X,G,C,100,0,0,0,,,1684224,6030255
Kaipara District,14/44/1.6,1600,W, ,TANGOWAHINE VALLEY ROAD,201417973,14/12/2014,Sun,1425,DC,4W1,410A ,ES,E,D,O ,F , , ,C,100,0,0,2,,,1682658,6030076
Kaipara District,14/44/7.575,1400,N, ,AWAKINO POINT NORTH ROAD,201413147,09/05/2014,Fri,1804,CC,CS1,191A 195A 407A ,V,R,W,DF,  , , ,C,100,0,0,1,,,1680437,6026261
Kaipara District,1N/303/15.768,100,N, ,SH 12,201411204,09/01/2014,Thu,1240,BE,CN1C,130A 350A 645A 901 ,,R,W,O ,H , , ,L,100,0,0,1,,,1728672,6004426
Kaipara District,1N/319/2.982,100,N, ,BALDROCK ROAD,201445821,11/10/2014,Sat,130,DA,VN1,130A 197A ,S,M,W,DN,L , , ,C,100,0,0,0,,,1729210,6001536
Kaipara District,1N/319/3.332,250,S, ,BALDROCK ROAD,201416625,05/10/2014,Sun,2305,DA,CN1,103A 131A 412A ,V,M,D,DN,F , , ,C,100,0,0,1,,,1728957,6001309
Kaipara District,1N/319/3.512,430,S, ,BALDROCK ROAD,201437780,10/06/2014,Tue,915,DB,CS1,111A 131A 901 ,S,E,W,O ,H , , ,L,100,0,0,0,,,1728829,6001185
Kaipara District,1N/319/4.488,350,N, ,MOUNTAIN ROAD,201412469,17/04/2014,Thu,750,BE,4N1CV,130A 901 903 ,,R,W,O ,HS, , ,L,100,0,0,4,,,1728638,6000237
Kaipara District,1N/319/6.854,1000,N, ,KAIWAKA MANGAWHAI ROAD,201412859,26/01/2014,Sun,1920,DB,CS1,111A 131A 801 ,C,E,W,O ,L , , ,L,100,0,1,0,,,1729446,5998136
Kaipara District,1N/319/7.274,580,N, ,KAIWAKA MANGAWHAI ROAD,201434424,18/04/2014,Fri,1350,GC,CN1V,174B 372B 929 ,T,R,D,B ,F ,D, ,C,100,0,0,0,,,1729602,5997746
Kaipara District,1N/319/7.954,100,S, ,KAIWAKA MANGAWHAI ROAD,201448232,16/11/2014,Sun,1640,AD,CS1C,103A 112A 150A ,,R,D,O ,F , ,N,P,50,0,0,0,,,1729833,5997115
Kaipara District,1N/319/8.797,160,N, ,HASTIE LANE,201400147,05/07/2014,Sat,145,CB,CN1,112A 410A ,EFI,R,D,DO,F , ,N,R,70,1,0,0,,,1730082,5996352
Kaipara District,1N/319/9.917,1790,N, ,OTIORO ROAD,201414546,09/07/2014,Wed,819,QG,TN1,130A 801 903 ,E,R,W,TN,LS, , ,C,100,0,0,1,,,1730343,5995290
Kaipara District,1N/319/9.957,1000,S, ,SETTLEMENT ROAD,201445820,06/10/2014,Mon,1120,CB,TS1,130A 903 ,,R,D,O ,LS, , ,C,100,0,0,0,,,1730347,5995251
Kaipara District,1N/319/9.977,1730,N, ,OTIORO ROAD,201446939,09/07/2014,Wed,713,CB,TN1,131A ,E,R,W,TN,LS, ,N,C,90,0,0,0,,,1730350,5995230
Kaipara District,1N/319/12.607,900,S, ,OTIORO ROAD,201441920,16/08/2014,Sat,1006,CB,CN1,130A 412A ,,R,D,O ,F , , ,C,100,0,0,0,,,1731473,5993139
Kaipara District,1N/319/14.749,, ,I,ORUAWHARO ROAD,201445823,06/10/2014,Mon,708,JA,CW1V,301B 902 ,,R,D,B ,F ,T,S,C,100,0,0,0,,,1731963,5991471
Kaipara District,1N/319/15.219,470,S, ,ORUAWHARO ROAD,201435743,24/03/2014,Mon,1600,DB,CS1,131A 631A ,C,M,D,B ,F , , ,C,100,0,0,0,,,1732426,5991552
Kaipara District,1N/319/16.711,600,N, ,ROSS ROAD,201442962,30/08/2014,Sat,1015,DB,CS1,130A 901 903 ,VX,E,W,O ,HS, , ,L,100,0,0,0,,,1733292,5990609
Kaipara District,1N/319/17.161,150,N, ,ROSS ROAD,201450578,04/12/2014,Thu,2147,CC,CS1,112A 130A 804 817 ,FT,R,D,DN,F , , ,N,100,0,0,0,,,1733656,5990361
Kapiti Coast District,AMOHIA ST,, ,A,TUTANEKAI ST,201443598,20/07/2014,Sun,1130,DA,CS1C,111A 131A ,M,S,W,OF,L , ,N,C,50,0,0,0,,,1769393,5469196
Kapiti Coast District,ARAWHATA ROAD,100,S, ,TUTANEKAI ST,201436507,16/04/2014,Wed,1056,CB,CS1,130A 420A 524A ,F,R,D,B ,F , , ,C,50,0,0,0,,,1768972,5469582
Kapiti Coast District,ARKO PLACE,20,E, ,KAPITI ROAD,201443804,21/08/2014,Thu,1215,KB,CW1C,308B 929 ,,R,D,BF,F ,D,N,N,50,0,0,0,,,1768167,5469875
Kapiti Coast District,AWANUI DRIVE,50,W, ,PAPAWAI GROVE,201432546,05/02/2014,Wed,840,CC,40,129A 410A ,,R,D,B ,F , ,N,N,50,0,0,0,,,1773992,5474098
Kapiti Coast District,BELL ST,150,W, ,WAERENGA ROAD,201443371,06/08/2014,Wed,2000,EA,CE1O,386A ,M,R,W,DO,L , ,N,N,50,0,0,0,,,1781131,5485505
Kapiti Coast District,BELVEDERE AVENUE,100,N, ,ANDREW ST W,201417730,23/08/2014,Sat,35,DA,CN1,111A 131A ,T,M,W,DO,F , ,N,C,50,0,1,0,,,1773507,5473785
Kapiti Coast District,CONNELLY WAY,100,E, ,TERRACE ROAD,201434744,18/04/2014,Fri,1200,MO,VE1C,371A ,M,R, , F,  , ,N,N,50,0,0,0,,,1779019,5469303
Kapiti Coast District,DUNSTAN ST,50,S, ,ARTHUR ST,201439044,13/06/2014,Fri,1600,MO,TS1C,371A 929 ,M,R, , F,  ,D,N,C,50,0,0,0,,,1781845,5485444
Kapiti Coast District,DUNSTAN ST,, ,I,ARTHUR ST,201445755,10/10/2014,Fri,1137,MC,CW1C,330B 372B ,,R,D,B ,F ,T,N,C,50,0,0,0,,,1781882,5485478
Kapiti Coast District,EATWELL AVENUE,50,E, ,GRAY AVENUE,201440325,06/07/2014,Sun,2125,EA,CN1V,103A 129A 862 ,M,E,D,DO,F , , ,N,50,0,0,0,,,1767711,5471026
Kapiti Coast District,ELIZABETH ST,, ,I,SEDDON ST,201447028,01/10/2014,Wed,1710,JA,CE1C,302B 375B ,,R,D,BF,F ,T,G,C,50,0,0,0,,,1774213,5472695
Kapiti Coast District,EPIHA ST,300,S, ,HINEMOA ST,201447291,04/11/2014,Tue,1817,MF,CS1C,375B ,,R,D,B ,F , , ,C,50,0,0,0,,,1768878,5468303
Kapiti Coast District,FREEMANS ROAD,, ,I,TARARUA CRESCENT,201444761,22/09/2014,Mon,1610,CC,CS1,129A ,I,R,D,BF,F ,X,G,R,50,0,0,0,,,1783084,5485522
Kapiti Coast District,GOLF ROAD,80,N, ,NATHAN AVENUE,201439295,13/06/2014,Fri,1515,FD,CS1C,181A 191B ,,E,D,B ,F , , ,C,50,0,0,0,,,1767486,5471873
Kapiti Coast District,GRAY AVENUE,250,W, ,BEACHWATER GROVE,201412954,26/04/2014,Sat,1545,GC,MW1C,160A 929 ,,R,D,B ,F ,D,N,N,50,0,1,1,,,1767975,5471320
Kapiti Coast District,GRAY AVENUE,, ,I,BEACHWATER GROVE,201451075,10/12/2014,Wed,2040,MO,4W1C,371A 929 ,,R,D,DO,F ,D,N,C,50,0,0,0,,,1768164,5471484
Kapiti Coast District,GRAY AVENUE,150,E, ,CALLENDER TERRACE,201446845,05/11/2014,Wed,1806,AC,CE1C,150A 381A ,,R,D,B ,F , ,N,C,50,0,0,0,,,1768021,5471360
Kapiti Coast District,GUILDFORD DRIVE,, ,I,TE ROTO DRIVE,201435279,19/04/2014,Sat,5,DB,CE2,111A 131A ,K,S,D,DO,F ,T,N,C,50,0,0,0,,,1768680,5470078
Kapiti Coast District,HINEMOA ST,, ,I,KAPITI ROAD,201435609,28/04/2014,Mon,1650,JA,CN1C,124B 302B 801 ,,S,W,O ,L ,T,G,P,50,0,0,0,,,1769151,5468604
Kapiti Coast District,HINEMOA ST,, ,I,TONGARIRO ST,201448285,18/12/2014,Thu,1152,BB,TN14,124A ,,R,D,B ,F ,T,G,C,50,0,0,0,,,1769242,5468736
Kapiti Coast District,HOWELL ROAD,, ,I,MARINE PARADE,201446842,27/10/2014,Mon,2230,DC,CW1,103A ,S,R,D,DO,F ,T,G,C,50,0,0,0,,,1766861,5471284
Kapiti Coast District,HUIAWA ST,80,S, ,HONA ST,201442045,20/07/2014,Sun,1350,DA,VS1,131A 501A ,Z,E,D,BF,F , ,N,N,50,0,0,0,,,1770962,5474397
Kapiti Coast District,KAPITI ROAD,200,N, ,ARAWHATA ROAD,201448289,23/11/2014,Sun,2130,BB,CN1C,110A 123A 817 ,,M,D,DO,F , ,N,C,80,0,0,0,,,1768446,5469448
Kapiti Coast District,KAPITI ROAD,, ,I,ARAWHATA ROAD,201445796,28/10/2014,Tue,2020,LB,CS1C,303B 375B ,,R,W,DO,H ,T,S,C,50,0,0,0,,,1768562,5469285
Kapiti Coast District,KAPITI ROAD,15,S, ,ARKO PLACE,201434795,12/04/2014,Sat,1122,FD,CS1VCC,331A 363A ,,R,D,BF,F , ,N,P,50,0,0,0,,,1768160,5469851
Kapiti Coast District,KAPITI ROAD,60,W, ,HINEMOA ST,201440439,10/07/2014,Thu,1300,MO,BE1C,386A 926 ,,R,D,B ,F ,D,N,C,50,0,0,0,,,1769102,5468638
Kapiti Coast District,KAPITI ROAD,70,W, ,HINEMOA ST,201416826,07/11/2014,Fri,925,FD,CW1C,181A 330A ,,R,D,B ,F , ,N,C,50,0,0,1,,,1769093,5468644
Kapiti Coast District,KAPITI ROAD,, ,I,HINEMOA ST,201436256,07/05/2014,Wed,1550,JA,CN2V,302A 357A ,,R,D,O ,F ,T,G,C,50,0,0,0,,,1769151,5468604
Kapiti Coast District,KAPITI ROAD,, ,I,HOWELL ROAD,201411892,25/02/2014,Tue,1640,JA,MN1C,302B 375B ,,E,D,BF,F ,T,G,C,50,0,1,0,,,1767032,5471253
Kapiti Coast District,KAPITI ROAD,, ,I,KAPITI LIGHTS,201445795,28/10/2014,Tue,1740,LB,CN14,303B 375B ,,R,D,O ,F ,X,T,C,50,0,0,0,,,1768920,5468765
Kapiti Coast District,KAPITI ROAD,, ,I,LANGDALE AVENUE,201432113,14/03/2014,Fri,1010,JC,CW1C,302A ,,R,D,B ,F ,T,G,C,70,0,0,0,,,1767794,5470281
Kapiti Coast District,KAPITI ROAD,, ,I,MILNE DRIVE,201447029,31/10/2014,Fri,1235,FE,CN1C,181A ,,R,D,OF,FS,T,G,R,50,0,0,0,,,1768289,5469669
Kapiti Coast District,KAPITI ROAD,, ,I,MILNE DRIVE,201433860,08/04/2014,Tue,1020,JC,CE2M,302A ,,E,W,O ,L ,T,G,R,50,0,0,0,,,1768289,5469669
Kapiti Coast District,KAPITI ROAD,, ,I,MILNE DRIVE,201413484,21/06/2014,Sat,1830,GE,CS1P,160A ,,R,D,DO,FS,T,G,R,50,0,0,1,,,1768289,5469669
Kapiti Coast District,KAPITI ROAD,, ,I,NGAHINA ST,201449679,22/12/2014,Mon,1559,FD,VN1VC,331A 350A ,,R,D,B ,F ,T,G,C,50,0,0,0,,,1768771,5468993
Kapiti Coast District,KAPITI ROAD,150,W, ,RIMU ROAD,201411845,24/03/2014,Mon,1510,FD,CW1CC,331A ,,R,D,BF,F , ,N,C,50,0,0,2,,,1768805,5468942
Kapiti Coast District,KAPITI ROAD,20,W, ,TE ROTO DRIVE,201434793,01/04/2014,Tue,1759,FE,CN1CC,331A 410A ,,R,D,BF,F , ,T,R,50,0,0,0,,,1768242,5469735
Kapiti Coast District,KAPITI ROAD,100,N, ,WARRIMOO ST,201442910,23/08/2014,Sat,1153,FD,4N1CC,181A 331A ,,R,W,OF,L , , ,P,50,0,0,0,,,1768684,5469115
Kapiti Coast District,KARAKA ST,50,S, ,MARINE PARADE,201440376,15/07/2014,Tue,700,EA,CS14,129A ,M,R,D,B ,F , , ,N,50,0,0,0,,,1778450,5487708
Kapiti Coast District,KING ARTHUR DRIVE,230,S, ,MERLIN COURT,201446941,20/09/2014,Sat,2000,DB,CE1,111A 131A ,F,M,W,DN,L , ,N,N,50,0,0,0,,,1771596,5471733
Kapiti Coast District,LEINSTER AVENUE,200,N, ,SYDNEY CRESCENT,201442044,21/07/2014,Mon,1400,LB,CS1C,303B 352B 929 ,,E,D,BF,F ,D,N,N,50,0,0,0,,,1767574,5466570
Kapiti Coast District,LUPIN ROAD,50,W, ,TAMIHANA ST,201437564,31/05/2014,Sat,1015,MA,CE1C,373B ,,R,D,B ,F , , ,N,50,0,0,0,,,1780805,5486711
Kapiti Coast District,MACLEAN ST,25,E, ,MARINE PARADE,201435611,30/04/2014,Wed,1015,MO,CE1,371A 671A ,X,R,D,B ,F , , ,C,30,0,0,0,,,1766768,5471132
Kapiti Coast District,MAIN ST,15,W, ,AOTAKI ST,201434401,17/04/2014,Thu,1140,EE,CW1C,374B ,M,R,D,B ,F , , ,C,50,0,0,0,,,1780678,5486466
Kapiti Coast District,MAIN ST,10,W, ,MATENE ST,201448431,07/11/2014,Fri,1025,FC,CE1C,331A 352A ,,R,D,BF,F ,X,G,X,50,0,0,0,,,1780519,5486541
Kapiti Coast District,MAIN ST,, ,I,MATENE ST,201418162,07/12/2014,Sun,1315,HA,SW1C,302B 370B 818 ,,R,D,B ,F ,X,G,C,50,0,0,1,,49,1780528,5486537
Kapiti Coast District,MANLY ST,, ,I,KAPITI ROAD,201446843,30/07/2014,Wed,32,DB,CS1,111A ,,M,W,DO,F ,R,G,R,50,0,0,0,,,1766929,5471472
Kapiti Coast District,MANLY ST,, ,I,WATSON DRIVE,201439296,30/04/2014,Wed,2235,CC,CE1,103A 112A 191A ,KT,R,D,DO,F ,T,N,C,50,0,0,0,,,1767814,5472790
Kapiti Coast District,MARGARET ROAD,, ,I,RAUMATI ROAD,201434761,26/04/2014,Sat,1641,MO,CE2,133A 423A ,H,R,D,BF,F ,T,G,C,50,0,0,0,,,1766854,5468365
Kapiti Coast District,MATATUA ROAD,, ,I,RAUMATI ROAD,201434141,12/04/2014,Sat,1400,JA,CS1C,302B 375B ,,E,D,B ,F ,T,G,X,50,0,0,0,,,1766831,5468375
Kapiti Coast District,MATATUA ROAD,10,S, ,WHAREMAUKU ROAD,201418063,07/11/2014,Fri,1715,CB,VN1V,103A 129A 359A ,M,R,D,BF,F ,T,N,C,50,0,0,1,,,1766763,5469503
Kapiti Coast District,MAZENGARB ROAD,, ,I,MICHAEL ROAD,201433462,05/03/2014,Wed,1343,HA,CN1C,302B 335B 375B ,,R,W,OF,H ,X,G,C,50,0,0,0,,,1768435,5472204
Kapiti Coast District,MAZENGARB ROAD,, ,I,RATANUI ROAD,201413824,19/06/2014,Thu,1825,JA,CS1C,301B 378B 832 ,,R,D,DO,F ,T,S,L,50,0,0,1,,,1769154,5471057
Kapiti Coast District,MAZENGARB ROAD,, ,I,REALM DRIVE,201447020,19/10/2014,Sun,1652,KA,MN1C,302B 375B ,,R,D,BF,F ,T,G,C,50,0,0,0,,,1769340,5470823
Kapiti Coast District,MAZENGARB ROAD,100,N, ,WATERSTONE AVENUE,201442941,01/09/2014,Mon,1400,MC,CN1V,330B 372B 402B ,,R,D,B ,F , , ,C,50,0,0,0,,,1769630,5470481
Kapiti Coast District,MENIN ROAD,, ,I,GLEN ROAD,201446674,31/07/2014,Thu,420,DB,CN2,101A 131A 403A ,P,E,D,DO,F ,T,G,C,50,0,0,0,,,1766803,5467345
Kapiti Coast District,MENIN ROAD,, ,I,HILLCREST ROAD,201444588,28/09/2014,Sun,1400,HA,4N2C,302A ,,R,W,O ,H ,X,G,C,50,0,0,0,,,1767034,5467363
Kapiti Coast District,MENIN ROAD,20,W, ,MATAI ROAD,201411895,11/03/2014,Tue,1152,EA,CE1T,129A 358A ,M,R,D,BF,F , ,N,C,50,0,0,1,,,1767134,5467372
Kapiti Coast District,MICHAEL ROAD,, ,I,MAZENGARB ROAD,201444926,10/10/2014,Fri,1315,BB,4W1C,124A ,,R,D,O ,F ,X,G,C,50,0,0,0,,,1768435,5472204
Kapiti Coast District,MILL ROAD,60,N, ,DUNSTAN ST,201414025,01/06/2014,Sun,244,CC,CS1,103A 132A ,FP,R,D,DO,F , ,N,C,50,0,0,1,,,1782017,5485699
Kapiti Coast District,MILL ROAD,20,W, ,MILLHAVEN PLACE,201433758,31/03/2014,Mon,1515,FC,CE1C,331A 359A ,,R,D,B ,F , , ,X,50,0,0,0,,,1781765,5485863
Kapiti Coast District,NATHAN AVENUE,100,N, ,GOLF ROAD,201447955,09/11/2014,Sun,2205,DB,CS1,103A 111A 131A ,F,M,D,DO,F , , ,C,50,0,0,0,,,1767351,5471933
Kapiti Coast District,NGAIO ROAD,110,W, ,OMAHI ST,201416257,15/08/2014,Fri,1726,CA,CW1,102A 112A 357A ,FT,R,D,B ,F , , ,C,50,0,1,0,,,1773788,5473034
Kapiti Coast District,NGAIO ROAD,, ,I,PARATA ST,201443267,03/09/2014,Wed,1100,LB,CS1C,144B 303B ,,R,D,B ,F ,T,G,C,50,0,0,0,,,1773979,5472994
Kapiti Coast District,NGATIAWA ROAD,150,E, ,MANGAONE SOUTH ROAD,201440300,09/07/2014,Wed,704,DB,CW1,110A 131A 191A 800 ,T,M,W,O ,FF, , ,N,100,0,0,0,,,1776495,5470268
Kapiti Coast District,NIKAU PALM ROAD,450,W, ,MAUI POMARE ROAD,201415495,31/05/2014,Sat,1425,DA,CN1,131A ,ET,M,D,B ,F , , ,C,80,0,1,0,,,1770364,5468632