TLANAME,CRASHROAD,CRASHDIST,CRASHDIRN,INTSN,SIDEROAD,CRASHID,CRASHDATE,CRASHDOW,CRASHTIME,MVMT,VEHICLES,CAUSES,OBJECTSSTRUCK,ROADCURVE,ROADWET,LIGHT,WTHRa,JUNCTYPE,TRAFCTRL,ROADMARK,SPDLIM,CRASHFATALCNT,CRASHSEVCNT,CRASHMINCNT,PERSAGE1,PERSAGE2,EASTING,NORTHING
Kapiti Coast District,OCEAN ROAD,, ,I,SEAVIEW ROAD,201433104,21/03/2014,Fri,1853,HA,CS2C,321A ,,R,D,B ,F ,X,S,C,50,0,0,0,,,1766773,5470881
Kapiti Coast District,OCEAN ROAD,, ,I,SEAVIEW ROAD,201410436,31/01/2014,Fri,1529,HA,CS2C,301A ,,R,D,B ,F ,X,S,C,50,0,0,1,,,1766773,5470881
Kapiti Coast District,ONO ST,, ,I,RANGIHIROA ST,201431498,28/02/2014,Fri,2050,DA,CN1,101A 131A 632A ,TX,E,D,DO,F ,Y,N,C,50,0,0,0,,,1770785,5474186
Kapiti Coast District,OTAIHANGA ROAD,300,N, ,PITOITOI ST,201448286,19/12/2014,Fri,1600,MO,CS1,110A 133A ,,E,D,B ,F , ,N,N,50,0,0,0,,,1769722,5472371
Kapiti Coast District,OTAIHANGA ROAD,, ,I,RATANUI ROAD,201416065,29/08/2014,Fri,620,JA,TE1C,302B 375B ,,E,D,DO,F ,T,G,P,60,0,0,1,,,1770058,5471834
Kapiti Coast District,OTAKI GORGE ROAD,10000,E, ,SH 1N,201430831,11/01/2014,Sat,615,BC,VW1V,111A 121A ,,E,D,ON,F , ,N,N,80,0,0,0,,,1786740,5476989
Kapiti Coast District,OTAKI GORGE ROAD,700,N, ,TE HORO-HAUTERE CROSS ROA,201410082,22/01/2014,Wed,2130,DA,CN1,111A 131A 801 ,T,E,W,TN,L , , ,C,100,0,1,0,,,1782721,5481405
Kapiti Coast District,PAEKAKARIKI HILL ROAD,2000,N, ,SH 1N,201437647,23/05/2014,Fri,1250,AC,CS1C,159A 381A 904 ,,S,D,O ,M , , ,C,60,0,0,0,,,1763628,5459597
Kapiti Coast District,PAEKAKARIKI HILL ROAD,900,S, ,SH 1N,201440761,27/07/2014,Sun,,DA,CN1,111A 131A 517A ,C,S,D,DN,F , , ,C,80,0,0,0,,,1763773,5459949
Kapiti Coast District,PAEKAKARIKI HILL ROAD,2000,S, ,SH 1N,201433744,03/04/2014,Thu,1816,BC,TS1C,129A 818 ,,S,D,B ,F , , ,C,100,0,0,0,,,1763628,5459597
Kapiti Coast District,PARATA ST,50,N, ,CRANBROOK GROVE,201435612,21/04/2014,Mon,1008,MO,CS1CCC,130A 420A 507A ,MPX,M,D,B ,F , , ,N,30,0,0,0,,,1774412,5473671
Kapiti Coast District,PARK AVENUE,80,E, ,ALEXANDER ST,201439611,11/06/2014,Wed,2246,DA,CW1,103A 111A 131A ,H,E,D,DO,F , , ,C,50,0,0,0,,,1771896,5473462
Kapiti Coast District,PUKEKO ST,40,N, ,LINWOOD DRIVE,201430735,16/02/2014,Sun,330,EA,CN1C,129A ,M,R,D,DO,F , ,N,C,50,0,0,0,,,1769445,5470035
Kapiti Coast District,RANGIURU ROAD,240,E, ,RIVERBANK ROAD,201440133,14/07/2014,Mon,935,CB,CE1,130A 504A ,P,R,W,O ,F , ,N,C,50,0,0,0,,,1779629,5486345
Kapiti Coast District,RANGIURU ROAD,, ,I,TE WHENA ST,201417883,06/12/2014,Sat,2330,DB,CS1C,111A 131A 801 ,FM,M,W,DO,L ,T,G,C,50,0,0,1,,,1778403,5486459
Kapiti Coast District,RATANUI ROAD,, ,I,MAZENGARB ROAD,201439531,17/06/2014,Tue,1636,FB,CW1C,181A 387A ,,R,D,TF,F ,T,S,L,50,0,0,0,,,1769154,5471057
Kapiti Coast District,RAUKAWA ST,50,E, ,AOTAKI ST,201441501,27/06/2014,Fri,1200,GD,CE1C,181A 350A 929 ,,R,W,O ,F ,D,N,N,50,0,0,0,,,1780784,5486521
Kapiti Coast District,RAUMATI ROAD,, ,I,MARGARET ROAD,201440838,05/08/2014,Tue,835,MF,SS2C,371B ,,R,D,O ,F ,T,G,C,50,0,0,0,,,1766854,5468365
Kapiti Coast District,RAUMATI ROAD,, ,I,RIMU ROAD,201430736,25/01/2014,Sat,920,HA,CS2C,302A 375A ,,R,D,ON,F ,R,G,R,50,0,0,0,,,1767948,5467709
Kapiti Coast District,REGENT DRIVE,100,S, ,CEDAR DRIVE,201444628,21/09/2014,Sun,225,DB,CS1,195A 402A ,FT,E,D,DO,F , ,N,N,50,0,0,0,,,1767840,5470525
Kapiti Coast District,REIKORANGI ROAD,380,S, ,ELIZABETH ST,201412522,20/04/2014,Sun,1210,DB,CS1,131A ,T,E,D,B ,F , , ,C,100,0,0,1,,,1774678,5471617
Kapiti Coast District,RENOWN ROAD,240,S, ,MENIN ROAD,201441209,01/08/2014,Fri,1050,EO,CS1V,330B 801 818 ,M,R,W,O ,L , , ,C,50,0,0,0,,,1766592,5467116
Kapiti Coast District,RIMU ROAD,60,S, ,COASTLANDS PARADE,201448783,27/11/2014,Thu,1305,JA,4S1C,303B 927 ,,R,D,O ,F ,D,N,C,80,0,0,0,,,1768576,5468500
Kapiti Coast District,RIMU ROAD,, ,I,COASTLANDS PARADE,201444925,06/09/2014,Sat,1345,JA,CS14,308B 375B 925 ,,R,D,O ,F ,D,N,C,50,0,0,0,,,1768619,5468543
Kapiti Coast District,RIMU ROAD,10,S, ,FACILITY ACCESS,201439718,27/06/2014,Fri,1556,FD,CN1CCC,303A 331A 350A ,M,R,D,BF,F ,T,G,C,50,0,0,0,,,1768739,5468664
Kapiti Coast District,RIMU ROAD,, ,I,FACILITY ACCESS,201442860,26/08/2014,Tue,1135,JA,CN1C,302B 375B ,,R,D,O ,F ,T,G,L,50,0,0,0,,,1768746,5468671
Kapiti Coast District,RIMU ROAD,10,S, ,IHAKARA ST,201448763,28/11/2014,Fri,1850,DA,CS1,111A 130A 402A ,H,E,W,O ,L ,R,G,R,50,0,0,0,,,1768385,5468307
Kapiti Coast District,RIMU ROAD,, ,I,IHAKARA ST,201433106,07/03/2014,Fri,1435,HA,CS1CCC,302A ,MP,R,D,B ,F ,R,G,R,50,0,0,0,,,1768406,5468328
Kapiti Coast District,RIMU ROAD,20,S, ,KAPITI ROAD,201446666,10/11/2014,Mon,1520,MO,CN1C,386A ,,R,D,B ,F ,T,T,C,50,0,0,0,,,1768868,5468792
Kapiti Coast District,RIMU ROAD,30,W, ,KAPITI ROAD,201447075,15/07/2014,Tue,1520,FE,VE1CV,420A ,,R,D,BF,F , ,T,C,50,0,0,0,,,1768859,5468786
Kapiti Coast District,RIMU ST,20,S, ,KAPANUI ROAD,201439956,04/07/2014,Fri,1440,MG,CS14,371B ,,R,D,BF,F , ,N,N,50,0,0,0,,,1773749,5473397
Kapiti Coast District,RIVERBANK ROAD,, ,I,AOTAKI ST,201450458,15/12/2014,Mon,1655,JC,CE1O,302A 387A ,,M,D,BN,F ,T,G,C,50,0,0,0,,,1780208,5485655
Kapiti Coast District,RIVERBANK ROAD,, ,I,AOTAKI ST,201437611,10/04/2014,Thu,2005,BF,MS2C,111A 131A 602A ,,M,D,DO,F ,T,G,C,50,0,0,0,,,1780208,5485655
Kapiti Coast District,RIVERBANK ROAD,100,N, ,MIRO ST S,201430728,11/02/2014,Tue,840,MB,VN1C,303B 375B ,,R,D,OF,F , ,N,C,70,0,0,0,,,1780594,5485292
Kapiti Coast District,RIVERBANK ROAD,200,W, ,SH 1N,201416874,22/11/2014,Sat,330,DB,CE1,101A 131A ,P,E,W,DO,L , ,N,C,70,0,0,1,,,1780929,5484771
Kapiti Coast District,RIWAI ST,, ,I,BRAZIER GROVE,201449747,30/12/2014,Tue,2018,CC,CN1,103A 514A ,,R,D,B ,F ,T,N,C,50,0,0,0,,,1769023,5467621
Kapiti Coast District,ROSETTA ROAD,200,S, ,MYRTLE LANE,201432355,05/02/2014,Wed,1140,GB,VS1C,158A 929 ,,R,D,B ,F ,D,N,C,50,0,0,0,,,1766575,5467676
Kapiti Coast District,ROSETTA ROAD,70,S, ,TIROMOANA ROAD,201434088,22/04/2014,Tue,1230,KA,CS1T,308B 929 ,,R,D,O ,F ,D,N,C,50,0,0,0,,,1766415,5466746
Kapiti Coast District,SEAVIEW ROAD,60,S, ,HOWELL ROAD,201414957,14/02/2014,Fri,1626,MD,SN1C,204A 925 ,,R,D,BF,F ,D,N,C,50,0,0,1,,17,1766903,5471195
Kapiti Coast District,SHEFFIELD ST,5,S, ,TE ROTO DRIVE,201431325,27/02/2014,Thu,1050,MG,CN1C,371B ,,R,D,BF,F ,T,G,C,50,0,0,0,,,1768417,5469854
Kapiti Coast District,SIMS ROAD,100,N, ,TE HORO BEACH ROAD,201416201,17/09/2014,Wed,1040,NG,CN1EC,386A 507A ,M,R,D,B ,F , , ,N,50,0,0,1,74,,1776238,5482500
Kapiti Coast District,TE HORO BEACH ROAD,, ,I,PUKENAMU ROAD,201411229,03/01/2014,Fri,1720,BF,CW1C,131A 402A 801 ,,M,W,B ,L ,T,G,C,80,0,0,1,,,1776744,5482062
Kapiti Coast District,TE HORO BEACH ROAD,750,W, ,SH 1N,201447947,13/10/2014,Mon,835,CB,BE1,501A ,P,R,D,B ,F , , ,C,80,0,0,0,,,1778460,5481536
Kapiti Coast District,TE KUPE ROAD,20,E, ,OLIVE TERRACE,201440944,05/06/2014,Thu,1641,EA,CS1V,331A 358A ,M,M,D,BF,F , ,N,C,50,0,0,0,,,1768148,5472688
Kapiti Coast District,TE MANUAO ROAD,5,E, ,DITTMER ST,201447898,29/10/2014,Wed,1030,GE,CE1C,160A 333A 929 ,,R,D,BF,F ,D,N,C,50,0,0,0,,,1782773,5485902
Kapiti Coast District,TE MITI ST,50,W, ,TILLEY ROAD,201430113,06/02/2014,Thu,,CC,CN1C,133A 433A ,M,R,D,DO,F , , ,C,50,0,0,0,,,1765145,5461761
Kapiti Coast District,TE MOANA ROAD,80,W, ,RICHMOND AVENUE,201438104,25/04/2014,Fri,1820,DB,CE1,111A 131A ,FH,M,D,DO,F , ,N,C,50,0,0,0,,,1772358,5472746
Kapiti Coast District,TE MOANA ROAD,20,E, ,SH 1N,201412205,15/04/2014,Tue,2110,PO,4W1E,371A 830 ,,R,D,TO,F , ,N,N,50,0,0,1,81,,1773927,5472655
Kapiti Coast District,TE ROTO DRIVE,, ,I,KAPITI ROAD,201444237,25/08/2014,Mon,1228,GF,TW1C,671A 387B 817 ,G,R,D,B ,F ,T,G,C,50,0,0,0,,,1768253,5469718
Kapiti Coast District,TE ROTO DRIVE,, ,I,SHEFFIELD ST,201441958,22/08/2014,Fri,1005,MG,CN1C,371B ,,R,W,O ,F ,T,G,C,50,0,0,0,,,1768414,5469858
Kapiti Coast District,TE ROTO ROAD,270,W, ,RAHUI ROAD,201431484,23/02/2014,Sun,1622,MD,VE1C,373B 929 ,,R,D,B ,F ,D,N,N,50,0,0,0,,,1782363,5485091
Kapiti Coast District,TUTANEKAI ST,10,N, ,WARRIMOO ST,201442351,27/08/2014,Wed,1500,EA,CS1C,129A 386A ,M,R,D,O ,F ,T,N,C,50,0,0,0,,,1769268,5469339
Kapiti Coast District,WAERENGA ROAD,10,E, ,AOTAKI ST,201431773,04/02/2014,Tue,1400,GA,CS1C,350A 386A 423B 929 ,,R,D,ON,F ,D, ,C,50,0,0,0,,,1780576,5486168
Kapiti Coast District,WAERENGA ROAD,, ,I,BELL ST,201415194,24/08/2014,Sun,1730,KA,SN1C,204A 312A 370A 375B ,,S,D,O ,F ,T,N,C,50,0,0,1,,15,1781273,5485554
Kapiti Coast District,WAIMEA ROAD,60,E, ,NGAPAKI ST,201440642,16/07/2014,Wed,1350,GA,CS1C,181A 801 929 ,,R,W,O ,L ,D,N,N,50,0,0,0,,,1770283,5474123
Kapiti Coast District,WAITOHU VALLEY ROAD,630,E, ,GREENWOOD BOULEVARD,201443436,15/09/2014,Mon,1617,DA,VE1,111A 134A ,,S,W,O ,L , ,N,N,80,0,0,0,,,1784524,5485413
Kapiti Coast District,WATSON DRIVE,100,N, ,TE KUPE ROAD,201448319,28/12/2014,Sun,,CC,CS1C,125A 386A ,M,R,D,DO,F , ,N,C,50,0,0,0,,,1767863,5472702
Kapiti Coast District,WHAREMAUKU ROAD,, ,I,MATATUA ROAD,201446375,08/09/2014,Mon,750,HA,4W2C,302B 375B 645B ,,R,D,BF,F ,X,G,C,50,0,0,0,,,1766761,5469513
Kapiti Coast District,WINARA AVENUE,15,S, ,KERERU ST,201439422,09/07/2014,Wed,600,EA,CN1C,386A ,M,R,D,DO,F , ,N,C,50,0,0,0,,,1774640,5473070
Kapiti Coast District,Z BEACH WAITOHU,2000,N, ,OLD COACH ROAD NORTH,201412822,08/03/2014,Sat,,CO,MN1,130A 350A ,,R,W,TN,F , , ,N,100,0,1,0,,,1780005,5490696
Kapiti Coast District,Z CPK WAIKANAE COUN/LODGE,60,W, ,MAPLE LANE,201410206,06/01/2014,Mon,1525,MO,CW1EE,371A 930 ,,R,D,B ,F ,D,N,N,10,0,1,1,,,1773034,5472502
Kapiti Coast District,1N/995/1.399,150,W, ,FOREST LAKES ROAD,201434768,04/03/2014,Tue,2105,GD,TN1C,387A 929 ,,E,W,DO,H ,D,N,L,100,0,0,0,,,1784547,5488103
Kapiti Coast District,1N/995/1.849,600,S, ,FOREST LAKES ROAD,201441639,15/08/2014,Fri,2000,CB,CS1,112A 130A ,FV,R,W,DN,L , , ,L,100,0,0,0,,,1784179,5487845
Kapiti Coast District,1N/995/2.427,150,E, ,LAWLORS ROAD,201400234,10/11/2014,Mon,1326,BE,CW1C,104A 112A 132A 926 ,,R,D,O ,F ,D,N,L,100,1,2,0,,,1783641,5487638
Kapiti Coast District,1N/995/2.903,400,N, ,TAYLORS ROAD,201444017,02/01/2014,Thu,1523,FD,CW1CC,331A 832 ,,R,D,ON,F , ,N,L,100,0,0,0,,,1783218,5487427
Kapiti Coast District,1N/995/3.003,300,N, ,TAYLORS ROAD,201445153,07/09/2014,Sun,810,DB,CS1,131A 407A ,F,E,D,B ,F , , ,L,100,0,0,0,,,1783154,5487350
Kapiti Coast District,1N/995/3.553,250,S, ,TAYLORS ROAD,201437961,07/06/2014,Sat,1739,DA,CN1,134A 330A ,F,E,W,DN,F , ,N,C,100,0,0,0,,,1782893,5486866
Kapiti Coast District,1N/995/3.603,300,S, ,TAYLORS ROAD,201439120,22/06/2014,Sun,2110,FA,CS1C,181A 331A 191B ,,R,D,DN,F , ,N,C,100,0,0,0,,,1782881,5486817
Kapiti Coast District,1N/995/4.272,100,N, ,WAITOHU VALLEY ROAD,201438778,21/04/2014,Mon,1200,FD,CS1VCV,181A ,,R,D,BF,F , ,N,L,100,0,0,0,,,1782791,5486197
Kapiti Coast District,1N/995/4.462,90,S, ,WAITOHU VALLEY ROAD,201444001,15/08/2014,Fri,1920,MO,TN1,686A 815 ,P,R,D,DO,F , ,N,L,50,0,0,0,,,1782666,5486053
Kapiti Coast District,1N/995/4.589,30,S, ,TE MANUAO ROAD,201411848,17/03/2014,Mon,1609,CB,CN1,504A ,FP,R,D,BF,F , ,N,C,50,0,0,1,,,1782584,5485957
Kapiti Coast District,1N/995/4.589,30,S, ,TE MANUAO ROAD,201445787,17/10/2014,Fri,1535,FD,VS1VC,181A 330A ,,R,W,B ,F , ,N,C,50,0,0,0,,,1782584,5485957
Kapiti Coast District,1N/995/4.619,60,S, ,TE MANUAO ROAD,201430653,09/02/2014,Sun,1744,CC,CS1,410A 423A ,,R,D,B ,F , ,N,C,50,0,0,0,,,1782564,5485935
Kapiti Coast District,1N/995/5.183,, ,I,MILL ROAD,201444189,22/07/2014,Tue,623,GF,VN1T,381A 671B ,,M,D,DO,FF,R,G,R,50,0,0,0,,,1782124,5485602
Kapiti Coast District,1N/995/5.183,, ,I,RAHUI ROAD,201447954,26/11/2014,Wed,1010,HA,CS1B,302A 382A ,,M,D,B ,F ,R,G,C,50,0,0,0,,,1782124,5485602
Kapiti Coast District,1N/995/5.183,, ,I,RAHUI ROAD,201412392,27/03/2014,Thu,822,HA,4N1C,302A 375A ,,R,D,B ,F ,R,G,R,50,0,0,2,,,1782124,5485602
Kapiti Coast District,1N/995/5.207,, ,I,MILL ROAD,201432951,03/01/2014,Fri,1920,HA,CN1C,302A 375A ,,S,D,O ,F ,R,G,R,50,0,0,0,,,1782114,5485591
Kapiti Coast District,1N/995/5.207,, ,I,MILL ROAD,201412815,08/04/2014,Tue,2025,HA,TN1C,302A 375A ,,E,D,DO,F ,R,G,C,50,0,0,1,,,1782114,5485591
Kapiti Coast District,1N/995/5.207,, ,I,MILL ROAD,201448937,10/12/2014,Wed,1015,HA,TN1C,302A ,,E,W,O ,L ,R,G,R,50,0,0,0,,,1782114,5485591
Kapiti Coast District,1N/995/5.232,25,S, ,RAHUI ROAD,201430166,02/01/2014,Thu,1405,AA,4S1C,184A ,,R,D,BF,F , , ,C,50,0,0,0,,,1782099,5485572
Kapiti Coast District,1N/995/5.774,, ,I,WAERENGA ROAD,201435137,22/03/2014,Sat,1050,JA,CN1C,302B 375B ,,R,D,B ,F ,T,G,C,50,0,0,0,,,1781721,5485183
Kapiti Coast District,1N/995/6.62,, ,I,RIVERBANK ROAD,201412602,28/03/2014,Fri,1356,JA,4N1C,301B 375B ,,E,D,BF,F ,T,S,C,70,0,0,1,,,1781088,5484649
Kapiti Coast District,1N/995/7.642,, ,I,ADDINGTON ROAD,201413378,30/05/2014,Fri,1429,GD,CS1C,333A 350A ,,R,D,B ,F ,T,G,L,100,0,0,2,,,1780666,5483723
Kapiti Coast District,1N/995/9.848,1000,N, ,SCHOOL ROAD,201445726,16/10/2014,Thu,325,EC,TS1,912,W,R,D,DN,F , ,N,L,100,0,0,0,,,1779477,5481866
Kapiti Coast District,1N/995/9.848,1000,N, ,SCHOOL ROAD,201445725,16/10/2014,Thu,323,EC,TN1C,912,W,R,D,DN,F , ,N,C,100,0,0,0,,,1779477,5481866
Kapiti Coast District,1N/995/10.047,, ,I,TE WAKA ROAD,201439123,19/06/2014,Thu,730,GD,VS14,331A ,,R,D,B ,F ,T,N,C,100,0,0,0,,,1779370,5481698
Kapiti Coast District,1N/995/10.642,200,S, ,TE HORO BEACH ROAD,201418676,27/12/2014,Sat,1623,FD,TN1V4,181A ,,R,D,BF,F , ,N,L,80,0,0,3,,,1779049,5481198
Kapiti Coast District,1N/995/10.878,30,S, ,SCHOOL ROAD,201413063,23/03/2014,Sun,809,JA,VN1C,104B 308B 929 ,,E,D,BF,F ,D,N,L,80,0,1,0,,,1778921,5480999
Kapiti Coast District,1N/995/12.348,1500,S, ,SCHOOL ROAD,201445415,24/08/2014,Sun,1700,CB,CS1,130A 198A ,KV,R,D,B ,F , , ,L,100,0,0,0,,,1778131,5479762
Kapiti Coast District,1N/995/14.027,200,N, ,TE HAPUA ROAD,201441835,01/08/2014,Fri,1200,QG,VS1,130A 665A 687A ,C,R,D,B ,F , , ,L,100,0,0,0,,,1777008,5478598
Kapiti Coast District,TE HAPUA ROAD,, ,I,1N/995/14.227,201418414,16/11/2014,Sun,1030,DB,CN1,111A 131A ,T,E,D,B ,F ,T,S,C,100,0,0,1,,,1776902,5478428
Kapiti Coast District,1N/1012/1.4,1400,S, ,PEKA PEKA ROAD,201431495,28/02/2014,Fri,1203,DB,CN1,131A ,G,E,D,OF,F , ,N,P,100,0,0,0,,,1775711,5475512
Kapiti Coast District,1N/1012/3.361,450,N, ,HEMI ST,201432527,01/02/2014,Sat,1250,FD,CS1C4C,132A 181A ,,R,D,B ,F , ,N,C,100,0,0,0,,,1774681,5473845
Kapiti Coast District,1N/1012/3.521,290,N, ,HEMI ST,201442861,31/08/2014,Sun,1600,FD,CS1V,331A 363A 902 ,,R,D,B ,F , ,N,C,100,0,0,0,,,1774596,5473709
Kapiti Coast District,1N/1012/4.116,, ,I,MARTIN ST,201441191,12/07/2014,Sat,1159,JA,CN1C,302B 382B ,,R,D,BF,F ,T,G,P,50,0,0,0,,,1774278,5473206
Kapiti Coast District,1N/1012/4.362,400,N, ,TE MOANA ROAD,201446952,29/09/2014,Mon,905,FF,VS1C,434A 512A ,,R,D,BF,F , ,N,R,50,0,0,0,,,1774143,5473001
Kapiti Coast District,1N/1012/4.762,, ,I,TE MOANA ROAD,201410135,22/01/2014,Wed,1817,LB,MN1C,303B 375B 404B ,,R,D,O ,F ,T,T,R,50,0,0,1,,,1773947,5472653
Kapiti Coast District,1N/1012/4.762,, ,I,TE MOANA ROAD,201430315,12/01/2014,Sun,805,FE,CS1V,181A 350A ,,R,D,B ,F ,T,T,C,50,0,0,0,,,1773947,5472653
Kapiti Coast District,1N/1012/4.762,, ,I,TE MOANA ROAD,201430347,10/01/2014,Fri,1400,FA,4S1C,132A 150A ,,R,D,B ,F ,T,T,C,50,0,0,0,,,1773947,5472653
Kapiti Coast District,1N/1012/5.062,300,S, ,TE MOANA ROAD,201439601,08/06/2014,Sun,1635,AC,4S1T,184A ,,R,W,O ,L , , ,R,50,0,0,0,,,1773888,5472362
Kapiti Coast District,1N/1012/5.206,, ,A,WAIKANAE RIV BR,201448793,13/11/2014,Thu,2105,AC,CS1C,159A 514A 517A ,,E,D,DO,  , , , ,50,0,0,0,,,1773789,5472258
Kapiti Coast District,1N/1012/6.935,850,W, ,KEBBELL DRIVE,201413742,06/06/2014,Fri,1615,FD,VN1M,181A ,,R,D,BF,F , ,N,P,80,0,0,1,,,1772265,5471495
Kapiti Coast District,1N/1012/7.085,1000,W, ,KEBBELL DRIVE,201432332,01/02/2014,Sat,1130,FD,CW1CCC,181A 331A 181B 181C ,,R,D,B ,F , , ,P,80,0,0,0,,,1772145,5471404
Kapiti Coast District,1N/1012/7.305,860,N, ,OTAIHANGA ROAD,201413148,19/05/2014,Mon,1417,CB,TS1,410A ,P,R,D,B ,F , , ,C,80,0,0,1,,,1771970,5471272
Kapiti Coast District,1N/1012/8.16,5,N, ,OTAIHANGA ROAD,201447957,22/11/2014,Sat,1615,FB,CS1C,181A 191A 800 ,,M,W,O ,F ,R,G,C,80,0,0,0,,,1771202,5471100
Kapiti Coast District,1N/1012/8.165,, ,I,OTAIHANGA ROAD,201439803,27/06/2014,Fri,308,DB,TS1,111A 131A 801 ,S,E,W,DO,L ,R,G,R,80,0,0,0,,,1771200,5471096
Kapiti Coast District,1N/1012/8.165,, ,I,OTAIHANGA ROAD,201439603,09/06/2014,Mon,1204,DA,TN1,111A 131A ,,M,D,B ,F ,R,G,R,80,0,0,0,,,1771200,5471096
Kapiti Coast District,1N/1012/8.165,, ,I,OTAIHANGA ROAD,201449659,28/12/2014,Sun,2240,GC,4S1C,171A 330A ,,M,D,DO,F ,R,G,R,80,0,0,0,,,1771200,5471096
Kapiti Coast District,1N/1012/8.165,, ,I,OTAIHANGA ROAD,201448094,22/11/2014,Sat,1335,FB,CN14,181A 645A ,,R,W,O ,L ,R,G,R,80,0,0,0,,,1771200,5471096
Kapiti Coast District,1N/1012/8.165,, ,I,OTAIHANGA ROAD,201447643,15/11/2014,Sat,802,DA,CN1,137A ,,R,W,OF,L ,R,G,C,80,0,0,0,,,1771200,5471096
Kapiti Coast District,1N/1012/8.165,, ,I,OTAIHANGA ROAD,201443437,23/09/2014,Tue,1125,AC,CS1V,150A 372A ,,R,D,O ,F ,R,G,C,80,0,0,0,,,1771200,5471096
Kapiti Coast District,1N/1012/8.165,, ,I,OTAIHANGA ROAD,201443815,15/08/2014,Fri,1915,AA,CN1V,372A ,,R,W,DO,H ,R,G,C,80,0,0,0,,,1771200,5471096
Kapiti Coast District,1N/1012/8.165,, ,I,OTAIHANGA ROAD,201442225,31/07/2014,Thu,2320,CA,CS1,103A 133A ,G,R,W,DO,L ,R,G,R,80,0,0,0,,,1771200,5471096
Kapiti Coast District,1N/1012/8.215,50,S, ,OTAIHANGA ROAD,201448762,22/11/2014,Sat,1300,FD,CN1C,112A 181A 331A ,,R,W,O ,L , , ,C,80,0,0,0,,,1771182,5471049
Kapiti Coast District,1N/1012/8.265,100,S, ,OTAIHANGA ROAD,201442942,23/08/2014,Sat,1025,FD,CN1C,181A 331A ,,R,D,O ,F , , ,R,80,0,0,0,,,1771168,5471001
Kapiti Coast District,1N/1012/8.665,500,S, ,OTAIHANGA ROAD,201432789,26/02/2014,Wed,1510,FD,4N1C,112A 331A ,,R,D,B ,F , , ,C,80,0,0,0,,,1770957,5470670
Kapiti Coast District,1N/1012/8.665,500,S, ,OTAIHANGA ROAD,201445287,17/10/2014,Fri,1613,FD,CN1C,331A 350A 801 ,,R,W,O ,L , , ,P,80,0,0,0,,,1770957,5470670
Kapiti Coast District,1N/1012/9.466,800,N, ,VENTNOR DRIVE,201440759,04/05/2014,Sun,1205,FA,CN1C,181A ,,R,D,O ,F , , ,N,80,0,0,0,,,1770480,5470029
Kapiti Coast District,1N/1012/10.251,15,N, ,NIKAU PALM ROAD,201449252,28/11/2014,Fri,928,FD,CS14,181A 331A ,,R,D,B ,F ,T,N,C,50,0,0,0,,,1770014,5469398
Kapiti Coast District,1N/1012/10.266,, ,I,NIKAU PALM ROAD,201441650,09/08/2014,Sat,1035,KA,CS1C,302B ,,R,W,B ,L ,T,G,C,50,0,0,0,,,1770004,5469387
Kapiti Coast District,1N/1012/10.601,25,N, ,RUAHINE ST,201416063,26/09/2014,Fri,1119,AO,CS1S,150A 179A 381A ,,E,D,B ,F , ,N,C,50,0,0,1,,36,1769805,5469117
Kapiti Coast District,1N/1023/0.006,, ,A,PARAPRM RLY OBR,201449660,29/12/2014,Mon,1155,BC,VW1C,121A 358A 197B ,,M,D,B ,F , , ,C,50,0,0,0,,,1769451,5469132
Kapiti Coast District,1N/1023/0.164,, ,I,AMOHIA ST,201414313,01/07/2014,Tue,1840,JA,CN1C,101B 302B ,,R,D,DO,F ,T,G,C,50,0,0,1,,,1769311,5469077
Kapiti Coast District,1N/1023/0.179,15,S, ,AMOHIA ST,201443296,05/09/2014,Fri,1545,FD,CN1C,181A ,,R,D,B ,F , , ,C,50,0,0,0,,,1769303,5469065
Kapiti Coast District,1N/1023/0.279,330,W, ,HINEMOA ST,201434794,18/04/2014,Fri,415,CB,4S1,129A 410A ,T,R,D,DO,F , ,N,C,50,0,0,0,,,1769244,5468984
Kapiti Coast District,1N/1023/0.435,210,N, ,KAPITI ROAD,201440760,03/06/2014,Tue,950,AA,CN1T,184A ,,R,D,O ,F , , ,P,50,0,0,0,,,1769154,5468857
Kapiti Coast District,1N/1023/0.437,50,S, ,BRANDTS LANE,201444589,19/09/2014,Fri,1400,KA,CN1C,308B 924 ,,R,D,O ,F ,D,G,L,70,0,0,0,,,1769152,5468855
Kapiti Coast District,1N/1023/0.475,170,N, ,KAPITI ROAD,201435457,14/04/2014,Mon,2015,AA,VN1C,372A ,,R,D,DO,F , ,N,P,50,0,0,0,,,1769132,5468824
Kapiti Coast District,1N/1023/0.545,100,N, ,KAPITI ROAD,201450584,11/12/2014,Thu,1703,AO,CN1C,184A 184B ,,R,D,B ,F , , ,C,50,0,0,0,,,1769093,5468766
Kapiti Coast District,1N/1023/0.545,100,N, ,KAPITI ROAD,201450555,23/12/2014,Tue,1250,AC,4N1T,159A ,,R,D,B ,F , , ,C,50,0,0,0,,,1769093,5468766