TLANAME,CRASHROAD,CRASHDIST,CRASHDIRN,INTSN,SIDEROAD,CRASHID,CRASHDATE,CRASHDOW,CRASHTIME,MVMT,VEHICLES,CAUSES,OBJECTSSTRUCK,ROADCURVE,ROADWET,LIGHT,WTHRa,JUNCTYPE,TRAFCTRL,ROADMARK,SPDLIM,CRASHFATALCNT,CRASHSEVCNT,CRASHMINCNT,PERSAGE1,PERSAGE2,EASTING,NORTHING
Kapiti Coast District,1N/1023/0.595,50,N, ,KAPITI ROAD,201441880,27/06/2014,Fri,824,GD,CS1C,333A 927 ,,R,D,O ,F ,D, ,C,50,0,0,0,,,1769065,5468724
Kapiti Coast District,1N/1023/0.595,50,N, ,KAPITI ROAD,201446667,11/11/2014,Tue,1505,AC,TN1C,372A ,,R,D,B ,F , , ,R,50,0,0,0,,,1769065,5468724
Kapiti Coast District,1N/1023/0.615,30,N, ,KAPITI ROAD,201413352,23/03/2014,Sun,1636,JA,CS14,314B 377B 922 ,,R,D,B ,F ,D, ,C,50,0,0,2,,,1769054,5468708
Kapiti Coast District,1N/1023/0.625,20,N, ,KAPITI ROAD,201432220,19/02/2014,Wed,930,AA,VN1V,184A 184B ,,R,D,B ,F , , ,C,50,0,0,0,,,1769048,5468699
Kapiti Coast District,1N/1023/0.63,15,N, ,KAPITI ROAD,201440631,24/07/2014,Thu,1315,FA,CN1T,381A ,,R,D,B ,F , , ,C,50,0,0,0,,,1769045,5468695
Kapiti Coast District,1N/1023/0.64,5,N, ,KAPITI ROAD,201436574,27/05/2014,Tue,655,FE,CS1C,331A ,,R,D,DO,F ,X,T,C,50,0,0,0,,,1769040,5468687
Kapiti Coast District,KAPITI ROAD,, ,I,1N/1023/0.645,201440641,07/07/2014,Mon,1720,LB,CW1C,303B ,,R,D,DO,F ,X,T,R,50,0,0,0,,,1769037,5468683
Kapiti Coast District,1N/1023/0.645,, ,I,KAPITI ROAD,201430074,15/02/2014,Sat,1845,LB,CW2V,322A ,,R,D,BF,F ,X,T,C,50,0,0,0,,,1769037,5468683
Kapiti Coast District,1N/1023/0.645,, ,I,KAPITI ROAD,201444238,30/08/2014,Sat,1210,LB,VS1C,303B 402B ,,R,D,B ,F ,X,T,C,50,0,0,0,,,1769037,5468683
Kapiti Coast District,1N/1023/0.645,, ,I,KAPITI ROAD,201438542,19/06/2014,Thu,1630,LB,4N1C,303B ,,R,D,B ,F ,X,T,R,50,0,0,0,,,1769037,5468683
Kapiti Coast District,1N/1023/0.645,, ,I,KAPITI ROAD,201413549,03/06/2014,Tue,1215,LB,CN1C,303B ,,R,D,O ,F ,X,T,C,50,0,1,0,,,1769037,5468683
Kapiti Coast District,1N/1023/0.66,15,S, ,KAPITI ROAD,201445295,05/10/2014,Sun,1340,AA,CN14,184A 381A ,,R,D,B ,F , , ,R,50,0,0,0,,,1769029,5468670
Kapiti Coast District,1N/1023/0.695,50,S, ,KAPITI ROAD,201434955,14/03/2014,Fri,1545,FD,CN1V,181A ,,R,D,BF,F , ,N,R,50,0,0,0,,,1769009,5468641
Kapiti Coast District,1N/1023/0.848,50,N, ,COASTLANDS PARADE S,201446841,13/11/2014,Thu,1800,CB,CN1B,197A 613A ,MT,R,D,B ,F , ,N,R,50,0,0,0,,,1768954,5468500
Kapiti Coast District,1N/1023/2.084,, ,I,RAUMATI ROAD,201438213,31/05/2014,Sat,1350,JA,VN1C,302B 377B ,,E,D,BF,F ,T,G,C,100,0,0,0,,,1768301,5467453
Kapiti Coast District,1N/1023/2.214,130,S, ,RAUMATI ROAD,201416265,10/10/2014,Fri,1835,CA,MS1,197A ,,R,D,B ,F , , ,C,100,0,0,1,,,1768256,5467331
Kapiti Coast District,1N/1023/2.284,200,S, ,RAUMATI ROAD,201431748,25/01/2014,Sat,2200,LB,MN1V,303B 375B 929 ,,R,D,DN,F ,D, ,C,100,0,0,0,,,1768234,5467265
Kapiti Coast District,1N/1023/2.284,200,S, ,RAUMATI ROAD,201446668,07/11/2014,Fri,1600,FD,CN1C,112A 331A ,,R,D,B ,F , , ,L,100,0,0,0,,,1768234,5467265
Kapiti Coast District,1N/1023/2.384,300,S, ,RAUMATI ROAD,201400248,20/11/2014,Thu,2129,PA,CN1E,370A 860 ,,R,D,DN,F , ,N,C,100,1,0,0,30,,1768203,5467170
Kapiti Coast District,1N/1023/3.127,20,N, ,LEINSTER AVENUE,201438162,25/05/2014,Sun,135,CB,4S1C,410A ,Q,R,D,DO,F , ,N,C,100,0,0,0,,,1767967,5466464
Kapiti Coast District,1N/1023/3.6,, ,I,POPLAR AVENUE,201435615,03/04/2014,Thu,1115,FB,CE2C,331A 387A ,,M,D,O ,F ,T,G,C,100,0,0,0,,,1767821,5466015
Kapiti Coast District,1N/1023/4.6,1000,S, ,POPLAR AVENUE,201442939,27/08/2014,Wed,620,AA,CS14,112A 158A 191A 401A 130B 191B 197B +,G,R,D,DN,F , , ,C,100,0,0,0,,,1767517,5465065
Kapiti Coast District,1N/1023/5.6,2000,S, ,POPLAR AVENUE,201448689,23/11/2014,Sun,1515,CB,CN1,130A 412A ,X,R,D,B ,F , , ,C,100,0,0,0,,,1767298,5464093
Kapiti Coast District,1N/1023/6.685,500,N, ,MCKAYS XING,201417373,08/11/2014,Sat,546,CB,CN1,412A ,GX,R,D,TN,F , , ,C,100,0,0,1,,,1767054,5463039
Kapiti Coast District,1N/1023/7.435,250,S, ,MCKAYS XING,201441345,27/07/2014,Sun,1816,AC,CN1C,129A 372A 129B 330B 402B ,,R,D,DO,F , , ,C,100,0,0,0,,,1766722,5462369
Kapiti Coast District,1N/1023/7.737,550,S, ,MCKAYS XING,201416464,17/10/2014,Fri,1745,DB,CS1,111A 131A 191A 407A 901 ,C,E,W,O ,H , , ,C,100,0,0,1,,,1766545,5462129
Kapiti Coast District,1N/1023/7.88,300,S, ,WHAREROA ON SBD,201448283,20/12/2014,Sat,2030,CB,CS1,110A 112A ,G,R,W,TO,H , ,N,L,100,0,0,0,,,1766475,5462004
Kapiti Coast District,1N/1023/8.077,2600,N, ,BEACH ROAD,201435278,12/04/2014,Sat,330,CA,CS1,410A ,G,R,D,DO,F , , ,C,100,0,0,0,,,1766381,5461832
Kapiti Coast District,1N/1023/8.527,2150,N, ,BEACH ROAD,201445286,17/10/2014,Fri,1823,FA,CS1C,110A 181A 191B 801 ,,R,W,O ,L , , ,C,100,0,0,0,,,1766115,5461479
Kapiti Coast District,1N/1023/9.377,1300,N, ,BEACH ROAD,201439162,07/05/2014,Wed,650,FD,CS1CC,331A 402A 632A ,,R,W,O ,F , ,N,L,80,0,0,0,,,1765280,5461366
Kapiti Coast District,1N/1023/9.677,1000,N, ,BEACH ROAD,201412301,24/02/2014,Mon,1706,DA,CN1,410A ,F,E,D,B ,F ,T,S,L,100,0,0,1,,,1764992,5461301
Kapiti Coast District,1N/1023/9.677,1000,N, ,BEACH ROAD,201445288,17/10/2014,Fri,,FD,CN1C,110A 197A 901 ,,E,W,O ,H , , ,L,100,0,0,0,,,1764992,5461301
Kapiti Coast District,1N/1023/9.677,1000,N, ,BEACH ROAD,201414952,07/07/2014,Mon,1035,MA,CS1C,363B 373B 902 ,,E,D,BN,F ,T,S,C,100,0,0,1,,,1764992,5461301
Kapiti Coast District,1N/1023/10.677,, ,I,BEACH ROAD,201412619,18/01/2014,Sat,1802,CC,MN1,101A 129A ,I,R,D,BF,F ,X,S,R,70,0,1,1,,,1764246,5460672
Kapiti Coast District,1N/1023/10.678,, ,I,BEACH ROAD,201449724,30/12/2014,Tue,1520,BE,CS14,130A 410A ,,R,D,O ,F ,X,S,R,70,0,0,0,,,1764246,5460672
Kapiti Coast District,1N/1035/0.087,15,N, ,AMES ST,201438541,05/04/2014,Sat,1205,FD,4S1C,331A ,,R,D,B ,F , , ,L,80,0,0,0,,,1763710,5460085
Kapiti Coast District,1N/1035/0.291,1000,S, ,PAEKAKARIKI HILL ROAD,201449661,28/12/2014,Sun,1120,CB,CS1,130A 402A 412A ,G,R,D,O ,F , , ,N,80,0,0,0,,,1763579,5459929
Kapiti Coast District,1N/1035/0.699,10,S, ,FISHERMANS TABLE,201444924,03/10/2014,Fri,1750,FD,VN1T,181A 330A ,,R,D,O ,F , ,N,L,80,0,0,0,,,1763322,5459613
Kapiti Coast District,1N/1035/0.832,730,S, ,AMES ST,201436019,04/02/2014,Tue,740,FD,VS1V,181A ,,R,D,OF,F , ,N,L,80,0,0,0,,,1763223,5459525
Kapiti Coast District,1N/1035/1,1000,S, ,PAEKAKARIKI HILL ROAD,201413027,06/05/2014,Tue,1729,FD,VN1C,331A 353A ,,R,D,DN,F , ,N,C,10,0,0,1,,,1763095,5459415
Kapiti Coast District,1N/1035/1.702,1600,S, ,AMES ST,201438105,02/04/2014,Wed,1614,DB,CN1,129A 350A ,G,E,D,BN,F , ,N,N,80,0,0,0,,,1762517,5459019
Kawerau District,PLUNKET ST,200,W, ,ISLINGTON ST,201411824,29/03/2014,Sat,1455,NA,CE1E,713B ,,E,D,BF,F , ,N,C,50,0,0,1,10,,1924531,5778152
Kawerau District,PLUNKET ST,200,W, ,ISLINGTON ST,201418099,02/12/2014,Tue,1625,LB,MW1V,303B 925 ,,E,D,BF,F ,D,N,C,50,0,0,1,,,1924531,5778152
Kawerau District,ROBINSON ST,180,W, ,GREY ST S,201444495,18/09/2014,Thu,2348,DA,4N1,111A 131A 901 ,F,M,W,DO,H , , ,C,50,0,0,0,,,1924922,5778029
Kawerau District,34/15/3.04,5,W, ,FLETCHER AVENUE,201412554,30/04/2014,Wed,1831,FE,CE1C,331A 355A ,,R,D,TO,F ,X,T,R,70,0,0,2,,,1925859,5778939
Kawerau District,34/15/5.545,100,N, ,VALLEY ROAD,201436359,01/03/2014,Sat,1500,CB,CS1,410A ,,R,D,BF,F , ,N,C,70,0,0,0,,,1923693,5778656
Kawerau District,34/15/6.045,600,W, ,VALLEY ROAD,201444825,03/11/2014,Mon,1412,DB,40,131A 410A ,C,E,D,ON,L , ,N,C,100,0,0,0,,,1923373,5779026
Mackenzie District,CLAYTON ROAD,1420,S, ,KERR ROAD,201410058,23/01/2014,Thu,1430,FA,CS1V,331A 358A ,,R,D,B ,F , , ,C,100,0,0,2,,,1426269,5116491
Mackenzie District,GODLEY PEAKS ROAD,1800,N, ,SH 8,201410702,23/02/2014,Sun,1400,BB,CN1C,123A 410A ,,M,D,B ,F , ,N,N,100,0,0,1,,,1395683,5126205
Mackenzie District,HAKATARAMEA PASS ROAD,11000,S, ,HALDON ROAD,201412223,21/02/2014,Fri,1520,CC,MN1,110A 138A 330A ,,R,D,BN,F , ,N,N,100,0,0,1,,,1405414,5093847
Mackenzie District,HAMILTON DRIVE,, ,I,BURNETT PLACE,201446383,21/08/2014,Thu,1945,DA,CW1,103A 111A 135A 804 ,,E,D,DN,FF,T,N,C,50,0,0,0,,,1398462,5123884
Mackenzie District,HAMILTON ROAD,400,E, ,CLAYTON ROAD,201418001,11/10/2014,Sat,1542,DA,40,111A 131A 532A ,,E,D,BN,F , ,N,N,100,0,1,1,,,1425771,5119188
Mackenzie District,LAKE ALEXANDRINA ROAD,300,W, ,GODLEY PEAKS ROAD,201411086,16/01/2014,Thu,1300,DB,CW1,110A 138A ,C,E,D,B ,F , , ,N,100,0,0,1,,,1397355,5131797
Mackenzie District,LILYBANK ROAD,3800,N, ,SH 8,201450026,27/12/2014,Sat,1430,CA,4N1,130A 813 ,,R,D,B ,FS, , ,N,100,0,0,0,,,1400191,5127167
Mackenzie District,LILYBANK ROAD,4500,N, ,SH 8,201445249,14/09/2014,Sun,920,DA,CN1,111A 138A 404A ,C,E,D,B ,F , , ,N,100,0,0,0,,,1400402,5127828
Mackenzie District,LILYBANK ROAD,15000,N, ,SH 8,201446705,09/10/2014,Thu,1600,DA,4S1,134A 138A ,,E,D,B ,F , ,N,N,100,0,0,0,,,1404153,5135702
Mackenzie District,MIDDLE VALLEY ROAD,3300,S, ,SH 79,201446677,25/10/2014,Sat,2156,DA,4S1,103A 111A 131A 813 ,,E,D,DN,F , , ,N,100,0,0,0,,,1432747,5116450
Mackenzie District,OHAU ROAD,20,N, ,OSTLER ROAD,201440884,19/07/2014,Sat,915,DB,4S1,131A 802 ,,E,I,B ,F , , ,C,100,0,0,0,,,1367292,5094594
Mackenzie District,SH 8 CENTRAL ENTRANCE,210,N, ,DOMAIN ROAD,201435463,11/03/2014,Tue,1220,BC,CW1C,121A ,,M,D,BN,F , , ,N,30,0,0,0,,,1397754,5124514
Mackenzie District,SPUR ROAD,200,W, ,ROCKWOOD ROAD,201434262,02/02/2014,Sun,1600,CB,CW1,103A 112A 138A ,C,R,D,B ,F , , ,N,100,0,0,0,,,1435939,5107992
Mackenzie District,TASMAN VALLEY ROAD,30,S, ,HOOKER RIV BR,201446675,02/11/2014,Sun,1104,DA,VS1,131A 903 ,,E,D,O ,LS, , ,C,60,0,0,0,,,1368734,5152960
Mackenzie District,TEKAPO CANAL ROAD,320,S, ,MARYBURN FILL WEST END,201447585,12/11/2014,Wed,1530,EC,CW1,341A 404A 801 ,X,R,W,O ,L , , ,C,100,0,0,0,,,1381679,5115860
Mackenzie District,Z CPK LAKE PUKAKI,100,N, ,SH 8,201412139,30/04/2014,Wed,1457,NA,CN1E,194A 711B 927 ,,E,D,B ,F ,D,N,N,100,0,0,1,44,,1372282,5103700
Mackenzie District,79/42/0.034,, ,A,SKIPTONS BR,201439884,24/06/2014,Tue,800,DB,VN1,135A 802 ,F,E,I,O ,FF, , ,C,100,0,0,0,,,1438213,5117230
Mackenzie District,79/42/0.42,1000,E, ,GUDEX ROAD,201444404,03/09/2014,Wed,1205,GE,VE14,160A 929 ,,R,D,B ,F ,D,N,C,100,0,0,0,,,1437879,5117094
Mackenzie District,79/46/4.951,2100,N, ,MOUNT MICHAEL ROAD,201431199,23/02/2014,Sun,1615,DB,ME1,111A ,C,S,D,B ,F , ,N,C,100,0,0,0,,,1432070,5120475
Mackenzie District,79/46/5.751,1300,E, ,MOUNT MICHAEL ROAD,201438891,17/04/2014,Thu,1045,DB,CE1,111A 131A 404A ,F,M,W,ON,L , ,N,L,100,0,0,0,,,1431527,5120488
Mackenzie District,79/46/5.851,1200,N, ,MOUNT MICHAEL ROAD,201435696,16/04/2014,Wed,1337,DA,CS1,111A 131A 404A 801 ,G,S,W,O ,L , , ,C,100,0,0,0,,,1431477,5120406
Mackenzie District,79/46/7.251,200,S, ,MOUNT MICHAEL ROAD,201446768,30/10/2014,Thu,1255,BC,CN14,121A 130A 410A ,,M,D,B ,F , ,N,C,100,0,0,0,,,1430929,5119326
Mackenzie District,79/46/9.368,, ,I,MOUNT MICHAEL VALLEY ROAD,201416363,18/10/2014,Sat,1535,BC,MW1C,110A 122A ,FS,S,W,O ,F ,T,N,C,100,0,0,1,,,1429321,5118387
Mackenzie District,79/46/10.557,900,S, ,HAMILTON ROAD,201418877,26/12/2014,Fri,238,CB,4N1,195A ,V,R,D,DN,F , ,N,C,100,0,0,1,,,1429270,5117225
Mackenzie District,79/46/12.978,1200,E, ,CLAYTON ROAD,201447133,26/10/2014,Sun,1030,BB,CW1C,123A 205A 404A ,,E,D,O ,F , , ,C,100,0,0,0,,,1427930,5115476
Mackenzie District,8/30/3.61,600,S, ,ONEILLS ROAD,201444178,12/07/2014,Sat,1100,DA,CS1,131A 358A ,V,E,D,OF,F , ,N,N,100,0,0,0,,,1433809,5094421
Mackenzie District,8/34/7.044,, ,I,CHAMBERLAIN ROAD,201438260,23/05/2014,Fri,2045,DC,CE2,113A ,,R,W,DN,L ,T,S,C,100,0,0,0,,,1430108,5100770
Mackenzie District,8/57/7.723,250,S, ,SIEGERTS ROAD,201440417,24/06/2014,Tue,630,CC,CS1,110A 135A 802 905 ,,R,I,DN,SF, ,N,C,100,0,0,0,,,1420645,5120305
Mackenzie District,8/57/10.234,100,W, ,STONELEIGH ROAD,201435676,05/04/2014,Sat,30,EC,CW1,195A 801 904 915 ,W,R,W,DN,M , , ,C,100,0,0,0,,,1418901,5122025
Mackenzie District,8/57/12.634,2500,W, ,STONELEIGH ROAD,201438893,21/04/2014,Mon,2330,EC,CE1,912,W,R,D,DN,F , ,N,C,100,0,0,0,,,1416557,5122205
Mackenzie District,8/73/7.1,2000,E, ,BURKES PASS SUMMIT,201410707,03/03/2014,Mon,1009,CC,CW1,198A ,V,R,D,O ,F , ,N,C,100,0,0,1,,,1410082,5115217
Mackenzie District,8/73/7.441,2500,W, ,ROLLESBY VALLEY ROAD,201446704,07/10/2014,Tue,1855,CB,CE1,137A 195A ,,R,D,TN,F , ,N,C,100,0,0,0,,,1409742,5115190
Mackenzie District,8/73/7.541,2600,W, ,ROLLESBY VALLEY ROAD,201446392,06/09/2014,Sat,1248,DA,CW1,103A 131A ,CX,E,D,BN,F , ,N,L,100,0,0,0,,,1409642,5115184
Mackenzie District,8/73/8.884,3140,E, ,HALDON ROAD,201413319,10/05/2014,Sat,1114,DA,TE1,410A ,C,M,D,B ,F , , ,C,100,0,0,1,,,1408309,5115319
Mackenzie District,8/73/11.624,400,N, ,HALDON ROAD,201430515,01/01/2014,Wed,1500,DB,CS1,131A 404A 410A ,C,M,D,O ,F , , ,C,100,0,0,0,,,1405650,5114879
Mackenzie District,8/73/11.754,270,N, ,HALDON ROAD,201442181,02/08/2014,Sat,1400,DB,CW1,111A 131A ,V,M,W,O ,L , , ,C,100,0,0,0,,,1405564,5114782
Mackenzie District,8/85/0,, ,I,HALDON ROAD,201400084,17/04/2014,Thu,1715,DA,CS1,111A 131A 407A 632A 901 ,T,M,W,TN,H ,T,G,C,100,1,0,2,,,1405390,5114576
Mackenzie District,8/85/8.933,2000,N, ,EDWARD STM BR,201434782,18/04/2014,Fri,1703,QG,CS1,111A 687A ,,E,W,ON,L , ,N,C,100,0,0,0,,,1400345,5120460
Mackenzie District,8/85/9.603,3400,S, ,LILYBANK ROAD,201418731,16/12/2014,Tue,1335,BA,VS1C,205A 404A ,,R,D,B ,F , , ,C,100,0,1,1,,,1399968,5120994
Mackenzie District,8/85/11.003,2000,S, ,LILYBANK ROAD,201413531,12/06/2014,Thu,815,DC,CN1,332A ,FT,E,D,O ,F , , ,C,100,0,0,1,,,1399703,5122341
Mackenzie District,8/85/12.382,50,S, ,LAKE TEKAPO REST AREA,201434886,21/03/2014,Fri,1400,GA,CS1V,333A 352A 926 ,,R,D,BN,F ,D,N,C,100,0,0,0,,,1399691,5123710
Mackenzie District,8/99/2.313,, ,I,GODLEY PEAKS ROAD,201430180,28/01/2014,Tue,1045,GD,4W1V,331A 361A ,,R,D,B ,F ,T,G,C,100,0,0,0,,,1395955,5124734
Mackenzie District,8/99/3.113,800,W, ,GODLEY PEAKS ROAD,201440423,15/06/2014,Sun,1650,CB,CW1,129A 134A ,V,R,D,O ,F , ,N,C,100,0,0,0,,,1395189,5124739
Mackenzie District,8/99/17.132,, ,A,IRISHMAN CRK BR,201433660,11/04/2014,Fri,,DB,VS1,410A ,,E,D,O ,F , , ,C,100,0,0,0,,,1387763,5114966
Mackenzie District,8/99/17.658,10000,N, ,MARY BURN BR,201400059,23/03/2014,Sun,1445,AB,CN1T,156A 378A 831 ,,E,D,B ,F , , ,C,100,1,0,0,,,1387954,5114483
Mackenzie District,8/118/3.565,5000,S, ,IRISHMAN CRK BR,201436966,09/05/2014,Fri,855,BA,CN1C,129A 197B 904 ,F,R,W,O ,M , , ,C,100,0,0,0,,,1387973,5110062
Mackenzie District,8/131/11.323,4000,S, ,HAYMAN ROAD,201432650,05/03/2014,Wed,1400,DA,CS1,129A ,EF,M,D,O ,F , ,N,C,100,0,0,0,,,1374260,5104800
Mackenzie District,8/146/0,, ,I,SH 80 (MOUNT COOK ROAD),201440407,01/07/2014,Tue,1106,DA,VN1,135A 802 844 905 ,E,E,I,B ,SS,T,N,C,100,0,0,0,,,1370193,5103260
Mackenzie District,8/146/7.899,300,N, ,GLEN LYON ROAD,201415985,16/09/2014,Tue,1827,DA,CS1,131A 410A 420A 801 ,E,E,W,DN,L , , ,C,100,0,0,1,,,1369292,5095667
Mackenzie District,8/146/8.549,, ,I,RUATANIWHA ROAD,201444403,03/09/2014,Wed,1330,LB,CN14,303B ,,R,D,B ,F ,T,G,C,100,0,0,0,,,1368934,5095161
Mackenzie District,8/146/8.549,, ,I,RUATANIWHA ROAD,201432144,27/01/2014,Mon,1320,LB,CN1C,303B 375B ,,R,D,B ,F ,T,G,P,100,0,0,0,,,1368934,5095161
Mackenzie District,8/146/9.061,, ,I,OSTLER ROAD,201450036,26/12/2014,Fri,1702,GE,CS14,181A ,,R,D,B ,F ,T,G,C,100,0,0,0,,,1368790,5094670
Mackenzie District,80/0/1,1000,W, ,SH 8,201410825,03/02/2014,Mon,1505,DB,CS1,104A 131A 412A ,,E,D,B ,F , , ,C,100,0,0,3,,,1369466,5103913
Mackenzie District,80/0/2,2000,N, ,SH 8,201447127,30/09/2014,Tue,1530,CB,CS1,404A 410A ,FT,R,D,B ,F , , ,C,100,0,0,0,,,1369089,5104828
Mackenzie District,80/0/11.333,500,S, ,PETERS LOOKOUT,201445890,14/10/2014,Tue,1400,DA,CS1,129A 131A ,V,E,D,B ,F , , ,C,100,0,0,0,,,1370576,5113697
Mackenzie District,80/0/11.833,, ,A,PETERS LOOKOUT,201430365,16/01/2014,Thu,1133,CB,CN1,404A 410A ,V,R,D,B ,FS, ,N,C,100,0,0,0,,,1370656,5114190
Mackenzie District,80/17/11.193,, ,A,WHALE STM BR,201430686,31/01/2014,Fri,1530,CB,CS1,129A 410A ,E,R,D,B ,F , ,N,C,100,0,0,0,,,1369709,5129067
Mackenzie District,80/35/1.02,90,N, ,GLENTANNER PARK ACCESS,201431065,17/02/2014,Mon,1400,CB,CN1,130A 410A ,E,R,D,B ,FS, ,N,C,100,0,0,0,,,1368881,5133999
Manawatu District,ARANUI ROAD,60,W, ,GILLESPIES LINE,201446226,16/09/2014,Tue,1655,MD,CW1C,371B 929 ,,R,D,BN,F ,D,N,C,100,0,0,0,,,1816106,5534060
Manawatu District,ARANUI ROAD,640,W, ,MCKENZIE SETTLEMENT ROAD,201430655,24/01/2014,Fri,615,CB,CE1,129A 134A ,F,R,D,TF,F , ,N,C,100,0,0,0,,,1814549,5532767
Manawatu District,AWAHURI FEILDING ROAD,70,S, ,BONESS ROAD,201446771,23/10/2014,Thu,2005,DA,CN1,111A 131A ,P,E,W,DO,F , ,N,C,100,0,0,0,,,1815188,5540719
Manawatu District,AWAHURI FEILDING ROAD,400,S, ,LEES ROAD,201432473,22/02/2014,Sat,1008,CC,CS1,136A 650A ,V,R,D,B ,F , ,N,L,100,0,0,0,,,1815803,5541925
Manawatu District,AWAHURI FEILDING ROAD,5,N, ,SH 3,201432970,07/03/2014,Fri,1600,FB,4S1C,331A 387A ,,R,D,O ,F ,X,G,C,50,0,0,0,,,1813571,5539177
Manawatu District,AWAHURI FEILDING ROAD,50,S, ,STEWART ROAD,201445792,18/10/2014,Sat,720,CC,VS1,110A 330A ,F,R,W,O ,L , ,N,C,100,0,0,0,,,1815425,5541118
Manawatu District,AWAHURI FEILDING ROAD,, ,I,STEWART ROAD,201432471,15/02/2014,Sat,900,FA,4S1C,331A 358A ,,E,D,BF,F ,Y,N,C,100,0,0,0,,,1815442,5541165
Manawatu District,BEATTIE ST,50,S, ,CAMDEN ST,201432354,26/01/2014,Sun,2300,DA,CN1,131A 197A ,P,M,W,DO,L , , ,C,50,0,0,0,,,1817983,5544957
Manawatu District,BEATTIE ST,, ,I,GREY ST,201448931,09/12/2014,Tue,1920,HA,CN2C,301A ,,R,D,O ,F ,X,S,C,50,0,0,0,,,1818254,5544510
Manawatu District,CAMPBELL ROAD,, ,A,AFFCO ACCESS ROAD,201448682,28/11/2014,Fri,1445,KC,CS1V,302A 387A 604B 901 ,,S,W,O ,H ,T,G,R,80,0,0,0,,,1819558,5542472
Manawatu District,CAMPBELL ROAD,200,E, ,NANNESTADS LINE,201431941,15/03/2014,Sat,2117,CC,CE1,103A 130A ,V,R,W,DN,L , ,N,C,100,0,0,0,,,1822397,5539076
Manawatu District,CAMPBELL ROAD,500,N, ,TAONUI ROAD,201417341,12/11/2014,Wed,601,CB,CN1,102A 130A 801 ,,R,W,O ,L , , ,N,100,0,0,1,,,1820663,5541129
Manawatu District,CAMPBELL ROAD,, ,I,TAONUI ROAD,201441841,09/08/2014,Sat,1050,JA,4S1C,302B 382B ,,R,D,O ,F ,T,G,C,100,0,0,0,,,1820989,5540751
Manawatu District,CEMETERY ROAD,2330,N, ,COURSE LANE,201440454,18/07/2014,Fri,1000,DA,VE1,410A ,PT,M,D,O ,F , ,N,C,100,0,0,0,,,1807936,5546889
Manawatu District,CHURCH ST,200,N, ,FITZROY ST,201440028,27/06/2014,Fri,730,MO,CE1C,371A 929 ,M,R,D,BF,F ,D,N,C,50,0,0,0,,,1818000,5544807
Manawatu District,CHURCH ST,, ,I,GREY ST,201434074,14/04/2014,Mon,950,HA,CN1C,302B 375B ,,R,W,O ,F ,X,G,C,50,0,0,0,,,1818199,5544477
Manawatu District,CHURCH ST,, ,I,GREY ST,201445717,14/10/2014,Tue,1845,HA,CN1C,302B 375B ,IS,R,D,O ,F ,X,G,R,50,0,0,0,,,1818199,5544477
Manawatu District,CHURCHER ST,, ,I,NORTH ST,201445789,26/10/2014,Sun,852,DC,4S1,103A 112A 358A ,F,R,D,O ,F ,T,G,C,50,0,0,0,,,1819022,5545149
Manawatu District,COLYTON ROAD,200,N, ,GROVE ROAD,201434051,06/04/2014,Sun,2025,CC,CS1,137A 195A ,FTV,R,D,DN,F , ,N,C,100,0,0,0,,,1833255,5538298
Manawatu District,COLYTON ROAD,400,N, ,GROVE ROAD,201446420,16/09/2014,Tue,730,CC,TN1,130A 410A ,T,R,D,ON,L , ,N,C,100,0,0,0,,,1833091,5538414
Manawatu District,COLYTON ROAD,400,N, ,OLD KIPS ROAD,201400106,30/04/2014,Wed,1500,CC,CS1,130A 410A 504A ,TV,R,D,B ,F , , ,C,100,1,0,0,,,1832520,5538818
Manawatu District,COLYTON ROAD,200,W, ,TAONUI ROAD,201445411,29/09/2014,Mon,2349,CB,CW1C,130A 514A 929 ,FF,R,D,DN,FS,D,N,N,100,0,0,0,,,1825080,5543926
Manawatu District,COLYTON ROAD,, ,I,TAONUI ROAD,201416811,29/10/2014,Wed,1622,HA,VS1C,302B 375B ,,R,W,O ,L ,X,G,C,80,0,0,1,,,1825216,5543779
Manawatu District,DENBIGH ST,, ,I,BAILEY ST,201410171,16/01/2014,Thu,1000,HA,CN1C,302B ,,R,D,O ,F ,X,G,C,50,0,0,1,,,1818779,5544159
Manawatu District,DERBY ST,5,N, ,SH 54,201441845,12/08/2014,Tue,655,FB,CS1V,331A 414A 801 ,,R,W,TO,L ,X,G,P,50,0,0,0,,,1818902,5544387
Manawatu District,DUNOLLY ROAD,250,S, ,NITSCHKE ROAD,201413701,24/05/2014,Sat,1809,NA,4E1E,713B 929 ,,R,W,DN,HS, ,N,N,100,0,1,0,13,,1822266,5561586