TLANAME,CRASHROAD,CRASHDIST,CRASHDIRN,INTSN,SIDEROAD,CRASHID,CRASHDATE,CRASHDOW,CRASHTIME,MVMT,VEHICLES,CAUSES,OBJECTSSTRUCK,ROADCURVE,ROADWET,LIGHT,WTHRa,JUNCTYPE,TRAFCTRL,ROADMARK,SPDLIM,CRASHFATALCNT,CRASHSEVCNT,CRASHMINCNT,PERSAGE1,PERSAGE2,EASTING,NORTHING
Manawatu District,EAST ST,, ,A,RAIL XING,201441834,08/08/2014,Fri,1517,CB,CE1,135A 402A 800 901 905 ,P,R,W,O ,H , , ,C,50,0,0,0,,,1818960,5543277
Manawatu District,FRASER DRIVE,110,W, ,LOGAN GROVE,201435139,07/04/2014,Mon,2310,DA,CN1,101A 111A ,CF,M,W,DO,L , ,N,N,50,0,0,0,,,1817967,5546545
Manawatu District,GREEN ROAD,800,S, ,TAIPO ROAD,201417337,15/11/2014,Sat,1110,CC,4N1,130A 412A 801 ,FV,R,W,O ,L , , ,C,100,0,0,1,,,1811903,5536295
Manawatu District,HALCOMBE ROAD,850,S, ,FERGUSSON ROAD S,201412088,14/04/2014,Mon,1740,DB,CS1,134A 195A ,C,E,W,TN,FF, ,N,C,100,0,0,1,,,1813231,5551646
Manawatu District,HALCOMBE ROAD,, ,A,HILL ROAD,201437613,24/05/2014,Sat,1054,DA,CW1,131A 330A 801 ,F,M,W,O ,L , , ,C,100,0,0,0,,,1817089,5545958
Manawatu District,HALCOMBE ROAD,, ,I,MANAGHS ROAD,201433720,18/03/2014,Tue,1355,DA,TS1,111A 131A ,BCF,M,D,B ,F ,T,G,L,100,0,0,0,,,1813863,5549918
Manawatu District,HALCOMBE ROAD,500,S, ,MOUNT TAYLOR DRIVE,201412089,17/04/2014,Thu,1115,DA,CN1,110A 134A ,P,M,W,O ,L , ,N,C,70,0,0,1,,,1817109,5545958
Manawatu District,HALCOMBE ROAD,90,S, ,PRYCES LINE,201444517,28/09/2014,Sun,1240,DA,CS1,111A 131A 402A ,,M,W,O ,L , , ,L,100,0,0,0,,,1808998,5555102
Manawatu District,HALCOMBE ROAD,50,E, ,RANUI PLACE,201415269,01/08/2014,Fri,1637,EA,PN1V,331A 363A 902 ,Q,E,D,BF,F , ,N,C,70,0,0,1,,,1817685,5545788
Manawatu District,HALCOMBE ROAD,50,N, ,RANUI PLACE,201438681,20/06/2014,Fri,500,DA,CS1,103A 131A ,X,E,D,DN,F , , ,L,70,0,0,0,,,1817608,5545851
Manawatu District,HALCOMBE ROAD,, ,I,STEWART ST,201410136,02/01/2014,Thu,1140,LB,CN1C,191A 303B 375B 929 ,,R,D,O ,F ,D,N,C,50,0,0,1,,,1812225,5553561
Manawatu District,HEATHERLEA HEIGHTS,, ,I,TAUPO TERRACE,201430730,09/02/2014,Sun,1140,JA,CE1C,300B ,,R,D,OF,F ,T,N,N,50,0,0,0,,,1818264,5546414
Manawatu District,HIGHWAY 56,, ,I,ALVE ROAD,201418724,23/12/2014,Tue,1706,AD,MN1,132A 151A 333A ,,R,D,B ,F ,T,G,C,100,0,1,0,,,1809369,5522510
Manawatu District,HIGHWAY 56,, ,I,HIMATANGI BLOCK ROAD,201436492,01/05/2014,Thu,725,DA,CN2,111A 131A ,F,R,D,OF,M ,T,S,C,100,0,0,0,,,1802987,5523687
Manawatu District,HIGHWAY 56,300,E, ,MAIN DRAIN ROAD,201433983,13/04/2014,Sun,2232,EC,TE1,912,W,E,W,DN,F , ,N,C,100,0,0,0,,,1807688,5522425
Manawatu District,HIGHWAY 56,500,W, ,PUKETOTARA ROAD,201416311,26/09/2014,Fri,130,DA,CW1,103A 111A ,T,M,D,DN,F , ,N,C,100,0,0,1,,,1804529,5522893
Manawatu District,HIMATANGI BEACH ROAD,590,E, ,KOPUTARA ROAD,201410018,06/02/2014,Thu,140,DA,CN1,103A 111A 131A 402A ,F,E,D,DN,F , , ,C,100,0,1,0,,,1790860,5528343
Manawatu District,HURST ROAD,250,S, ,WIGHTMAN ROAD,201400103,08/05/2014,Thu,,DB,CS1,130A 402A ,VZ,E,W,DN,  , , ,N,100,1,0,0,,,1804731,5548321
Manawatu District,KAIMATARAU ROAD,1380,W, ,BANKS ROAD,201412513,23/04/2014,Wed,1800,CC,CE1,112A 130A 350A ,V,R,D,DN,F , , ,C,100,0,0,1,,,1804231,5535091
Manawatu District,KAIRANGA BUNNYTHORPE ROAD,30,S, ,GILLESPIES LINE,201436193,08/05/2014,Thu,1351,CB,CN1,130A 402A ,V,R,W,O ,L , , ,C,100,0,0,0,,,1817421,5532529
Manawatu District,KAIRANGA BUNNYTHORPE ROAD,, ,I,GILLESPIES LINE,201416303,01/10/2014,Wed,1913,HA,VE1C,301B 375B ,,R,D,B ,F ,X,S,C,100,0,1,1,,,1817444,5532548
Manawatu District,KAIRANGA BUNNYTHORPE ROAD,1000,E, ,LONGBURN RONGOTEA ROAD S,201437816,07/05/2014,Wed,1219,CB,CE1,132A 351A ,,R,D,B ,F , ,N,C,100,0,0,0,,,1815793,5531170
Manawatu District,KAIRANGA BUNNYTHORPE ROAD,1000,W, ,LONGBURN RONGOTEA ROAD S,201444988,10/10/2014,Fri,20,EC,CW1,912,W,R,D,DN,F , ,N,C,100,0,0,0,,,1814258,5529888
Manawatu District,KAWAKAWA ROAD,, ,I,AWAHURI FEILDING ROAD,201415200,02/08/2014,Sat,1200,CB,MS1,135A 806 ,,R,D,BF,F ,T,G,C,80,0,1,0,,,1815613,5541602
Manawatu District,KAWAKAWA ROAD,, ,I,AWAHURI FEILDING ROAD,201442090,02/08/2014,Sat,1155,FB,CW1C,181A 387A ,,R,D,BF,FS,T,G,C,80,0,0,0,,,1815613,5541602
Manawatu District,KAWAKAWA ROAD,200,N, ,DARRAGH ROAD,201444944,14/08/2014,Thu,750,CC,CN1,101A 402A ,V,R,D,DN,F , ,N,C,70,0,0,0,,,1818257,5543154
Manawatu District,KAWAKAWA ROAD,1400,S, ,DARRAGH ROAD,201416810,20/10/2014,Mon,337,EA,CS1V,129A 353A ,M,E,D,DN,F , ,N,C,100,0,0,1,,,1817205,5542004
Manawatu District,KAWAKAWA ROAD,2040,S, ,SOUTH ST,201412656,16/03/2014,Sun,1555,DA,CW1,131A 358A ,F,E,D,ON,F , ,N,C,80,0,0,1,,,1817128,5541985
Manawatu District,KIMBOLTON ROAD,450,W, ,BARROW ROAD,201415562,02/09/2014,Tue,1540,CB,VW1,504A ,G,R,D,B ,F , , ,C,100,0,1,0,,,1829007,5554896
Manawatu District,KUKU ST,20,W, ,PAUA ST,201417542,08/11/2014,Sat,1400,MO,CS1,103A 112A 929 ,X,R,D,BN,F ,D,N,N,50,0,0,1,,,1790864,5537001
Manawatu District,LEEN ROAD,500,S, ,RONGOTEA ROAD,201416040,27/09/2014,Sat,2240,CC,CN1,138A 330A 817 ,C,R,D,DN,F , ,N,C,100,0,0,1,,,1808291,5535441
Manawatu District,LEVETT LINE,350,E, ,HAYNES LINE,201444902,20/02/2014,Thu,1700,DB,4S1,138A 351A ,V,M,D,B ,F , ,N,N,100,0,0,0,,,1827705,5558002
Manawatu District,LONGBURN RONGOTEA ROAD,1000,N, ,ARANUI ROAD,201416909,24/08/2014,Sun,30,DB,VN1,103A 131A ,FT,E,D,DN,F , ,N,C,100,0,0,1,,,1813053,5532812
Manawatu District,LONGBURN RONGOTEA ROAD,1000,N, ,ARANUI ROAD,201400244,15/11/2014,Sat,2238,BF,CN1C,129A 134A ,,E,D,DN,FS, ,N,C,100,1,1,0,,,1813053,5532812
Manawatu District,LONGBURN RONGOTEA ROAD,, ,I,ARANUI ROAD,201417682,30/11/2014,Sun,1740,HA,4S1C,302B 375B ,GS,R,D,O ,FS,X,G,C,100,0,0,1,,,1813722,5532075
Manawatu District,LONGBURN RONGOTEA ROAD S,, ,I,KAIRANGA BUNNYTHORPE ROAD,201434136,18/03/2014,Tue,845,JA,CS1C,302B 375B ,,R,D,OF,F ,X,G,C,100,0,0,0,,,1815025,5530529
Manawatu District,LYTTON ST,, ,I,MONMOUTH ST,201442291,25/08/2014,Mon,1230,HA,CN1C,302B ,,R,D,O ,F ,X,G,C,50,0,0,0,,,1819226,5544835
Manawatu District,LYTTON ST,, ,I,MONMOUTH ST,201447586,13/11/2014,Thu,1950,LB,CS1C,103B 303B 375B ,,R,D,TF,F ,X,G,C,50,0,0,0,,,1819226,5544835
Manawatu District,MAKINO ROAD,470,S, ,MANGAONE ROAD,201441538,10/08/2014,Sun,1840,EC,VN1,912,W,R,D,DN,F , ,N,C,100,0,0,0,,,1820768,5550252
Manawatu District,MAKINO ROAD,500,N, ,MCKAYS LINE,201415919,05/07/2014,Sat,1615,CB,CS1,195A 903 ,E,R,D,O ,FS, , ,C,100,0,0,1,,,1822386,5554906
Manawatu District,MAKINO ROAD,170,S, ,MCKAYS LINE,201434573,23/03/2014,Sun,1405,CC,CN1,410A ,F,R,D,BN,F , ,N,C,100,0,0,0,,,1822509,5554293
Manawatu District,MANCHESTER SQUARE,5,S, ,KIMBOLTON ROAD E,201441539,13/08/2014,Wed,1130,MO,CN1C,371A 371B 926 ,,R,D,O ,F ,D,N,N,50,0,0,0,,,1818245,5543998
Manawatu District,MANCHESTER SQUARE S,15,W, ,MANCHESTER ST N,201444072,02/09/2014,Tue,1115,MO,CE1,133A 423A ,HJ,R,D,BF,F , ,N,N,50,0,0,0,,,1818150,5544019
Manawatu District,MANCHESTER ST,, ,I,KIMBOLTON ROAD,201430613,23/01/2014,Thu,510,LB,CW1C,302A 375A ,,E,W,DO,L ,R,G,R,50,0,0,0,,,1818187,5543987
Manawatu District,MANGAONE ROAD,1060,E, ,VOGEL ST,201434086,17/04/2014,Thu,1259,DA,CE1,131A 804 ,,E,W,O ,F , ,N,N,100,0,0,0,,,1814203,5552909
Manawatu District,MINGAROA ROAD,300,N, ,NGAIO ROAD,201448424,12/11/2014,Wed,1520,CC,VS1,135A 802 ,F,R,I,ON,H , ,N,C,100,0,0,0,,,1807278,5549678
Manawatu District,MINGAROA ROAD,1250,N, ,NGAIO ROAD,201435759,12/05/2014,Mon,1410,DA,TN1,111A 131A ,GZ,S,D,O ,F , , ,N,100,0,0,0,,,1807120,5550488
Manawatu District,MONMOUTH ST,, ,I,DERBY ST,201438773,22/02/2014,Sat,,DA,CN1,111A 131A ,P,R,D,DO,F ,T,G,C,50,0,0,0,,,1818788,5544584
Manawatu District,MOUNT STEWART HALCOMBE RO,550,N, ,SANDON ROAD,201413756,04/05/2014,Sun,300,DB,CN1,101A 131A ,P,M,D,DN,F , ,N,C,100,0,1,0,,,1811080,5547630
Manawatu District,NEWBURY LINE,, ,I,TE NGAIO ROAD,201417753,20/12/2014,Sat,2230,JA,VW14,302B 375B ,,R,W,DN,L ,T,G,C,100,0,0,3,,,1821655,5538712
Manawatu District,NGAIO ROAD,500,E, ,WILSON ROAD,201417882,26/11/2014,Wed,1645,EC,ME1,130A 195A 913 ,W,R,D,B ,F , , ,C,100,0,1,0,,,1807516,5549188
Manawatu District,NGAIO ROAD,1620,E, ,WILSON ROAD,201434572,16/03/2014,Sun,1825,CC,CW1,130A 351A ,,R,D,BN,F , ,N,N,100,0,0,0,,,1808510,5548682
Manawatu District,NO 1 LINE LONGBURN,1100,W, ,KARERE ROAD,201400013,21/01/2014,Tue,1730,CB,CW1,130A 407A 801 ,FVX,R,W,O ,L , , ,C,100,1,0,0,,,1812604,5526322
Manawatu District,NO 1 LINE LONGBURN,, ,A,TIAKITAHUNA ROAD,201416152,28/08/2014,Thu,1535,DB,TW1,136A 614A 615A ,F,S,D,B ,F , , ,C,100,0,1,0,,,1811556,5525752
Manawatu District,NORTH ST,, ,I,LETHBRIDGE ST,201412893,06/05/2014,Tue,915,KB,CE1C,301B 375B 402B ,,R,D,B ,F ,X,S,C,50,0,1,0,,,1817983,5545433
Manawatu District,NORTH ST,, ,I,MAKINO ROAD,201413436,13/06/2014,Fri,1559,HA,ME1V,302B 902 ,,R,D,B ,F ,X,G,C,50,0,0,1,,,1818031,5545417
Manawatu District,OROUA ROAD,1000,S, ,SH 3,201415918,20/08/2014,Wed,1610,NB,CN1E,713B ,,R,D,O ,F , , ,N,100,0,0,1,11,,1814526,5537007
Manawatu District,OROUA VALLEY ROAD,740,N, ,POHANGINA VALLEY EAST ROA,201400152,11/07/2014,Fri,10,DB,VS1,103A 131A 402A ,EF,M,D,DN,F , , ,N,100,1,1,0,,,1847184,5573418
Manawatu District,PHARAZYN ST,50,W, ,NORTH ST,201437584,07/06/2014,Sat,1220,JA,CS1C,308B 377B 922 ,,R,D,O ,F ,D,N,N,50,0,0,0,,,1819830,5544983
Manawatu District,POHANGINA ROAD,1500,N, ,NORTH ST,201433778,21/03/2014,Fri,1105,AA,VS1C,372A 197B ,,R,D,B ,F , , ,C,100,0,0,0,,,1834597,5539074
Manawatu District,POHANGINA ROAD,1000,N, ,SPUR ROAD,201436783,08/05/2014,Thu,735,CC,4S1,195A 402A ,,R,D,DN,F , ,N,C,100,0,0,0,,,1835115,5541991
Manawatu District,POHANGINA VALLEY EAST ROA,930,N, ,NO 3 LINE,201412501,15/04/2014,Tue,1445,BF,MW1C,111A 131A 402A ,,M,D,B ,F , , ,C,100,0,1,2,,,1838640,5547534
Manawatu District,POHANGINA VALLEY EAST ROA,9420,N, ,POHANGINA VALLEY WEST ROA,201417340,07/11/2014,Fri,1923,DA,MS1,131A 804 ,F,M,D,TN,F , , ,C,100,0,1,0,,,1842062,5551603
Manawatu District,POHANGINA VALLEY WEST ROA,1920,N, ,KUKU ROAD,201438192,04/05/2014,Sun,1845,LB,CS14,103B 303B 929 ,,R,D,DN,F ,D,N,N,100,0,0,0,,,1839927,5550495
Manawatu District,POHANGINA VALLEY WEST ROA,2100,W, ,WEKA ST,201437686,06/06/2014,Fri,920,DA,CS1,138A 363A 407A 813 817 902 ,C,M,D,B ,F , , ,N,100,0,0,0,,,1836804,5547152
Manawatu District,RANGIWAHIA ROAD,120,S, ,APITI ROAD,201416809,30/10/2014,Thu,1640,BB,CS1C,123A 404A ,,E,D,O ,F , ,N,C,80,0,1,1,,,1837347,5563695
Manawatu District,RANGIWAHIA ROAD,20,S, ,BLUFF ROAD,201432649,14/03/2014,Fri,920,DA,TS1,131A 631A ,,M,D,B ,F , ,N,C,100,0,0,0,,,1840730,5571157
Manawatu District,REID LINE EAST,790,S, ,DIXONS LINE,201434431,23/03/2014,Sun,710,DB,CS1,103A 111A 131A ,V,E,D,O ,F , , ,C,100,0,0,0,,,1827094,5539256
Manawatu District,REID LINE EAST,980,W, ,DIXONS LINE,201435132,18/02/2014,Tue,1500,CB,CN1T,112A 132A 407A 443B ,Q,R,D,B ,F , ,N,C,100,0,0,0,,,1825936,5540474
Manawatu District,REID LINE WEST,, ,I,ARNOTT ST,201445793,29/10/2014,Wed,1639,CB,CS1,110A 130A ,,R,W,O ,F ,T,G,C,100,0,0,0,,,1820835,5546043
Manawatu District,SADDLE ROAD,1830,S, ,POHANGINA BR,201413340,18/04/2014,Fri,2350,DA,VW1,111A 131A 403A 804 ,C,M,D,DN,F , , ,C,100,0,0,2,,,1836686,5536578
Manawatu District,SANDILANDS ST,, ,I,DENBIGH ST,201447616,22/11/2014,Sat,1140,BF,CN2C,111A 131A ,,S,D,OF,F ,T,G,N,50,0,0,0,,,1818403,5544808
Manawatu District,SANDON ROAD,350,W, ,HARPER MEWS,201437810,11/04/2014,Fri,914,DA,VW1,129A 134A ,C,E,W,O ,L , ,N,C,100,0,0,0,,,1816778,5544670
Manawatu District,SANSONS ROAD,, ,I,COUPER ROAD,201414125,07/06/2014,Sat,1430,DA,CN1S,197B ,,R,D,BF,F ,X,G,C,100,0,1,0,,43,1804854,5532571
Manawatu District,SHERWILL ST WEST,, ,I,DEWE AVENUE,201439974,29/06/2014,Sun,300,DC,VS2,103A ,P,R,D,DO,F ,X,N,N,50,0,0,0,,,1818495,5545735
Manawatu District,SOUTH ST,150,W, ,KIMBOLTON ROAD,201400214,22/10/2014,Wed,2242,CC,CW1,130A 501A ,FKS,R,D,DO,F , ,N,R,50,1,0,3,,,1817532,5543707
Manawatu District,SOUTH ST,, ,I,RUSSELL ST,201441842,11/08/2014,Mon,745,GD,CW1C,331A 358A ,,R,D,O ,F ,T,G,C,50,0,0,0,,,1818507,5543445
Manawatu District,SOUTH ST,80,W, ,SH 54,201413593,02/08/2014,Sat,1315,FD,VE1V,181A 331A ,,R,D,O ,F , , ,C,50,0,0,1,,,1818817,5543364
Manawatu District,STAFFORD ST,10,N, ,KIMBOLTON ROAD,201445750,09/10/2014,Thu,800,EA,CS1C,386A ,M,R,D,B ,F ,T,N,C,50,0,0,0,,,1818347,5544091
Manawatu District,TAIPO ROAD,, ,I,HIGHDEN ROAD,201416068,08/10/2014,Wed,2125,DC,CS1,112A 130A ,V,R,D,DN,F ,T,N,C,100,0,1,0,,,1810772,5537583
Manawatu District,TAONUI ROAD,260,E, ,CAMPBELL ROAD,201416808,27/10/2014,Mon,331,DB,CW1,101A 110A 131A 402A ,F,M,W,DN,L , ,N,C,100,0,1,0,,,1821144,5540937
Manawatu District,TAYLOR AVENUE,230,N, ,MONMOUTH ST,201415955,14/09/2014,Sun,2110,EA,CE1C,103A 129A ,M,R,D,DO,F , , ,N,50,0,0,2,,,1819050,5544861
Manawatu District,TAYLOR ROAD,200,W, ,SH 1N,201415856,14/08/2014,Thu,900,CA,CE1,130A 804 ,BZ,R,W,O ,F , , ,L,100,0,0,1,,,1802964,5541075
Manawatu District,TAYLOR ROAD,200,W, ,SH 1N,201444508,13/08/2014,Wed,,QG,TE1,681A ,,R,W,O ,F , , ,L,100,0,0,0,,,1802964,5541075
Manawatu District,TIAKITAHUNA ROAD,, ,A,NO 1 LINE LONGBURN,201415798,06/09/2014,Sat,1852,DB,CS1,103A 111A 131A ,CS,M,D,DN,F , ,N,C,100,0,1,0,,,1811535,5525688
Manawatu District,VALLEY ROAD,800,E, ,MIDLAND ROAD,201410075,07/01/2014,Tue,1528,DA,CW1,131A 133A ,F,E,W,O ,F , , ,C,100,0,1,0,,,1831439,5546576
Manawatu District,WELD ST,80,N, ,BAILEY ST,201413912,13/05/2014,Tue,1202,ME,VN1C,303B 375B 926 ,,R,D,BN,F ,D,N,C,50,0,0,1,,,1818572,5544132
Manawatu District,WEST ST,, ,I,HIGHFIELD ROAD,201449254,18/12/2014,Thu,2250,DC,CE2T,103A 112A 402A ,,R,W,DO,L ,T,G,C,50,0,0,0,,,1817666,5545110
Manawatu District,Z BCH HIMATANGI,400,S, ,HUNIA TERRACE,201418413,24/12/2014,Wed,1430,CA,MN1,110A 130A 402A 812 ,,R,D,B ,F , , ,N,30,0,1,0,,,1789125,5528043
Manawatu District,1N/925/1.63,250,N, ,WIGHTMAN ROAD,201449768,22/11/2014,Sat,2028,FA,CN1C,181A 191B 357B 510B ,,R,W,DN,F , ,N,C,100,0,0,0,,,1803293,5548532
Manawatu District,1N/927/0.086,30,N, ,WIGHTMAN ROAD,201434475,27/03/2014,Thu,1049,MC,TS1C,371B 671B ,,R,D,B ,F , , ,P,100,0,0,0,,,1803338,5548317
Manawatu District,1N/927/0.155,, ,I,TANGIMOANA ROAD,201411704,18/03/2014,Tue,1229,FD,CN1C,181A ,,R,D,B ,F ,T,S,L,100,0,0,1,,,1803352,5548249
Manawatu District,1N/927/1.175,, ,I,PUKENUI ROAD,201436848,11/04/2014,Fri,619,LB,VN1C,303B 387B 642B 904 ,,E,W,DN,M ,T,G,R,100,0,0,0,,,1803675,5547285
Manawatu District,1N/927/1.886,, ,I,WILSON ROAD,201445781,16/10/2014,Thu,1430,GD,CN1C,181A 331A ,,R,D,B ,F ,T,N,C,100,0,0,0,,,1804176,5546781
Manawatu District,1N/927/1.986,100,S, ,FRECKLINGTON ROAD,201450818,28/12/2014,Sun,1120,AO,TN1C,129A ,,E,D,BF,F , ,N,L,100,0,0,0,,,1804254,5546718
Manawatu District,1N/927/3.023,, ,I,FAGAN ROAD,201437821,26/05/2014,Mon,1530,GD,CS14,137A 331A ,,R,D,B ,F ,T,G,L,100,0,0,0,,,1805059,5546096
Manawatu District,1N/927/4.421,70,N, ,BURT ST,201442089,08/06/2014,Sun,1355,MC,CN1C,372B ,,R,D,BF,F , ,N,C,50,0,0,0,,,1806082,5545154
Manawatu District,1N/932/0,, ,I,SH 3,201448933,22/11/2014,Sat,407,CA,CW1,357A 506A 514A ,X,R,D,DO,F ,X,G,R,50,0,0,0,,,1806276,5544993
Manawatu District,1N/932/1.2,1200,S, ,DUNDAS ROAD,201400041,28/02/2014,Fri,1614,BE,CN14,129A 130A 197B ,,R,D,BN,F , , ,C,100,1,1,0,,,1805550,5544038
Manawatu District,1N/932/6.444,300,S, ,SOLDIERS ROAD,201439484,03/07/2014,Thu,930,CB,CS1,129A 504A ,,R,D,B ,F , ,N,C,100,0,0,0,,,1802265,5539952
Manawatu District,1N/939/5.653,400,S, ,MILNER ROAD,201400007,08/01/2014,Wed,8,FD,TS1CT,112A 692A 692B 692C ,,R,D,DN,F , ,N,C,100,2,0,2,,,1799570,5533778
Manawatu District,1N/939/11.358,150,S, ,DOWNS ROAD,201439982,24/06/2014,Tue,955,CB,CN1,136A 631A ,X,R,D,OF,F , ,N,C,100,0,0,0,,,1797155,5528687
Manawatu District,1N/939/13.902,, ,I,HIGHWAY 56,201449301,10/12/2014,Wed,1640,DA,CN1C,131A 901 ,,R,W,O ,H ,X,S,P,100,0,0,0,,,1796492,5526231
Manawatu District,3/450/0,, ,I,SH 1N,201448934,07/12/2014,Sun,1316,LB,VW1C,303B 404B ,,R,D,O ,F ,X,G,R,50,0,0,0,,,1806276,5544993
Manawatu District,3/450/3.33,3000,E, ,ACOURT ST,201445790,22/10/2014,Wed,830,BE,CE1VV,125A 410A 132C ,,R,D,B ,F , ,N,C,100,0,0,0,,,1809199,5543451
Manawatu District,3/450/3.5,3500,S, ,SH 1N,201437612,20/05/2014,Tue,1205,JA,4W1C,197A 308B 357B 370B 801 929 ,,E,W,O ,L ,D,N,C,100,0,0,0,,,1809365,5543418
Manawatu District,3/450/3.989,2080,W, ,MOUNT STEWART HALCOMBE RO,201446770,02/11/2014,Sun,940,DA,CE1,134A 330A ,CV,E,D,B ,F , ,N,C,100,0,0,0,,,1809844,5543322
Manawatu District,3/450/7.615,, ,I,STEWART ROAD,201448932,04/12/2014,Thu,1115,QG,TW2,681A ,,E,D,B ,F ,T,G,L,100,0,0,0,,,1812852,5541571
Manawatu District,3/450/9.719,400,W, ,AWAHURI FEILDING ROAD,201437585,09/06/2014,Mon,1053,GB,CN1C,158A 181A 929 ,,R,D,B ,F ,D,N,C,100,0,0,0,,,1813437,5539550
Manawatu District,3/450/11.973,, ,I,OROUA ROAD,201416067,29/09/2014,Mon,1747,JA,MN1C,692A 302B 375B ,,R,D,B ,F ,T,G,C,100,0,1,0,,,1814920,5537926
Manawatu District,3/450/12.173,200,E, ,OROUA ROAD,201450745,07/12/2014,Sun,500,CB,CN1,103A 129A ,F,R,D,TN,F , ,N,C,100,0,0,0,,,1815048,5537772
Manawatu District,3/450/12.798,400,N, ,HANSENS LINE,201444803,24/09/2014,Wed,1009,GD,VS1C,372B 929 ,,R,D,BF,F ,D,N,L,100,0,0,0,,,1815394,5537260
Manawatu District,3/450/13.178,20,N, ,HANSENS LINE,201445904,01/10/2014,Wed,833,CA,CS1,129A 130A 410A ,F,R,D,O ,F , , ,C,100,0,0,0,,,1815533,5536906
Manawatu District,3/450/14.34,1600,W, ,ARANUI ROAD,201413062,27/03/2014,Thu,355,GC,TN1C,174B 372B 929 ,,R,D,DN,F ,D,N,C,100,0,1,0,,,1815969,5535830
Manawatu District,3/450/14.82,1120,W, ,NEWBURY LINE,201400162,01/08/2014,Fri,550,NA,CS1E,132A 711B 724B ,,R,D,DN,F , ,N,C,100,1,0,1,28,,1816209,5535421
Manawatu District,3/450/16.2,260,S, ,ARANUI ROAD,201416350,18/10/2014,Sat,2330,CC,VN1,101A 410A ,V,R,W,DN,L , ,N,C,100,0,0,1,,,1817450,5534912
Manawatu District,54/1/2.979,, ,I,LOWER PAKIHIKURA ROAD,201440130,08/07/2014,Tue,630,DA,VN1,135A 802 810 840 +,T,S,I,DN,SF,T,G,C,100,0,0,0,,,1826229,5574433
Manawatu District,54/17/0.005,50,N, ,WAITUNA TAPUAE ROAD,201412655,12/04/2014,Sat,720,DA,CN1,111A 131A ,,S,W,ON,L , ,N,C,100,0,0,1,,,1825053,5564339
Manawatu District,54/17/4.02,5000,N, ,MCKAYS LINE,201413188,17/01/2014,Fri,1020,DA,CN1,130A 402A 504A ,C,E,D,O ,F , , ,C,100,0,0,1,,,1824888,5560345
Manawatu District,54/17/7.008,130,N, ,BEACONSFIELD VALLEY ROAD,201412873,09/05/2014,Fri,800,DA,CS1,135A 800 804 ,CT,M,W,B ,F , , ,C,100,0,0,1,,,1825878,5557805
Manawatu District,54/17/8.92,100,N, ,MCKAYS LINE,201412609,04/01/2014,Sat,2000,AC,CS1V,386A 430A ,VV,R,D,ON,F , ,N,C,100,0,0,1,,,1824819,5556213
Manawatu District,54/17/17.27,5000,S, ,KIMBOLTON ROAD N,201417478,15/11/2014,Sat,1659,CA,VS1,903,,R,D,ON,FS, ,N,C,100,0,0,4,,,1824099,5549201
Manawatu District,54/17/18.513,300,N, ,RIDDS ROAD,201413216,26/05/2014,Mon,512,CA,CS1,135A 801 903 ,,R,W,DN,LS, ,N,C,100,0,0,1,,,1823457,5548136
Manawatu District,54/17/20.853,, ,I,COLYTON ROAD,201411973,24/03/2014,Mon,830,JA,CW1C,302B 377B ,,R,D,BF,F ,T,G,C,100,0,0,3,,,1822141,5546239
Manawatu District,54/38/3.053,110,W, ,SIMON ST,201446769,03/11/2014,Mon,1305,MO,CE1C,371A 423A ,FM,R,D,B ,F , ,N,R,50,0,0,0,,,1819493,5544719
Manawatu District,54/38/3.227,, ,I,EAST ST N,201439996,30/06/2014,Mon,1310,HA,CW1C,302B 375B ,,R,W,OF,L ,X,G,C,50,0,0,0,,,1819343,5544633
Manawatu District,54/38/3.227,, ,I,EAST ST,201440542,04/07/2014,Fri,840,HA,CS1C,302B ,I,R,D,B ,F ,X,G,R,50,0,0,0,,,1819343,5544633
Manawatu District,54/38/3.327,40,N, ,CARGILL AVENUE,201414151,28/05/2014,Wed,830,PC,CE1K,341A 705B 727B 929 ,,R,D,OF,F ,D,N,R,50,0,0,2,6,,1819255,5544583
Manawatu District,54/38/3.731,, ,I,DERBY ST,201438683,19/06/2014,Thu,1248,HA,CW1C,302B ,,R,D,O ,L ,X,G,C,50,0,0,0,,,1818904,5544382
Manawatu District,54/38/3.952,, ,I,DENBIGH ST,201435138,08/04/2014,Tue,1230,HA,CS2C,302B 375B ,,R,W,O ,F ,X,G,R,50,0,0,0,,,1818713,5544272
Manawatu District,54/38/3.952,, ,I,DENBIGH ST,201441833,05/08/2014,Tue,730,HA,4W14C,302B 363B 375B 902 ,T,R,D,B ,F ,X,G,R,50,0,0,0,,,1818713,5544272
Manawatu District,54/38/3.952,, ,I,DENBIGH ST,201430762,10/02/2014,Mon,1050,HA,CN2C,302A 357A 377A 839 ,,R,D,OF,F ,X,G,R,50,0,0,0,,,1818713,5544272