TLANAME,CRASHROAD,CRASHDIST,CRASHDIRN,INTSN,SIDEROAD,CRASHID,CRASHDATE,CRASHDOW,CRASHTIME,MVMT,VEHICLES,CAUSES,OBJECTSSTRUCK,ROADCURVE,ROADWET,LIGHT,WTHRa,JUNCTYPE,TRAFCTRL,ROADMARK,SPDLIM,CRASHFATALCNT,CRASHSEVCNT,CRASHMINCNT,PERSAGE1,PERSAGE2,EASTING,NORTHING
Manawatu District,54/38/3.952,, ,I,DENBIGH ST,201438189,15/05/2014,Thu,1255,HA,CE1V,302B 375B ,,R,D,BF,F ,X,G,C,50,0,0,0,,,1818713,5544272
Manawatu District,54/38/4.219,, ,I,BEATTIE ST,201414673,29/07/2014,Tue,1420,JA,CE1C,302B 375B ,,R,D,O ,F ,T,G,C,50,0,0,1,,,1818481,5544142
Manawatu District,NORTH ROAD,, ,I,54/38/4.287,201430238,10/01/2014,Fri,1130,AO,TN2C,386A ,,E,D,O ,F ,R,G,R,50,0,0,0,,,1818432,5544101
Manawatu District,CHURCH ST,, ,I,KIMBOLTON ROAD,201434743,29/04/2014,Tue,1325,HA,CS1V,302A 375A ,,E,D,OF,F ,R,G,R,50,0,0,0,,,1818421,5544118
Manawatu District,CHURCH ST,, ,I,KIMBOLTON ROAD,201440108,07/07/2014,Mon,810,LB,CS1V,302A 375A ,,M,D,B ,F ,R,G,R,50,0,0,0,,,1818421,5544118
Manawatu District,CHURCH ST,, ,I,54/38/4.288,201450813,23/12/2014,Tue,920,GF,TS1V,179A ,,E,D,BF,F ,R,G,R,50,0,0,0,,,1818421,5544118
Manawatu District,54/38/4.292,5,S, ,SH 54 KILBOLTON,201444252,09/09/2014,Tue,1850,AO,TN1C,129A 671A ,K,M,D,DO,F ,R,G,C,50,0,0,0,,,1818434,5544097
Manawatu District,54/38/4.534,5,E, ,EYRE ST,201435133,05/03/2014,Wed,1420,MA,VS1C,387A 373B 503B ,,R,D,B ,F ,T,N,C,50,0,0,0,,,1818560,5543890
Manawatu District,RUSSELL ST,, ,I,54/38/4.925,201438682,23/06/2014,Mon,805,FB,CE1T,331A 902 ,,R,W,B ,F ,T,G,C,50,0,0,0,,,1818749,5543584
Manawatu District,54/38/5.206,, ,I,SOUTH ST,201445720,07/10/2014,Tue,1455,KA,CN1C,302B 402B ,,R,D,B ,F ,T,G,C,50,0,0,0,,,1818895,5543344
Manawatu District,54/38/5.259,, ,I,EAST ST,201412823,01/03/2014,Sat,2145,DB,CS1,111A 131A 632A ,P,S,D,DO,F ,T,G,R,50,0,0,2,,,1818935,5543270
Manawatu District,54/38/6.058,, ,A,OROUA RIV BR,201418404,22/11/2014,Sat,2320,CB,CN1,103A 130A 800 ,G,R,D,DO,F , , ,C,80,0,1,0,,,1819300,5542588
Manawatu District,54/38/6.815,250,N, ,CAMERONS LINE,201411106,03/04/2014,Thu,1610,CC,CN1,130A 501A ,F,R,D,B ,F , , ,C,100,0,0,1,,,1819832,5542056
Manawatu District,54/38/6.865,200,N, ,CAMERONS LINE,201417983,22/12/2014,Mon,1630,BE,TS1V,130A 359A ,,R,D,B ,F , , ,C,80,0,1,1,,,1819863,5542017
Manawatu District,54/38/7.065,, ,I,SH 54,201447617,22/11/2014,Sat,1747,DA,CS2,131A ,F,R,W,ON,H ,T,G,R,100,0,0,0,,,1819991,5541864
Manawatu District,54/38/7.065,, ,I,WAUGHS ROAD,201436489,09/05/2014,Fri,637,FB,VN1C,331A 353A ,,R,D,BN,F ,T,S,C,80,0,0,0,,,1819991,5541864
Manawatu District,54/38/9.812,100,S, ,PINE ROAD,201439960,23/06/2014,Mon,715,BE,VS1V,129A 410A ,,R,D,BN,FF, ,N,C,100,0,0,0,,,1818306,5539696
Manawatu District,54/38/10.102,390,S, ,PINE ROAD,201413905,17/06/2014,Tue,718,MC,4S1C,372B 402B 410B ,,R,W,ON,F , ,N,C,100,0,0,1,,,1818129,5539466
Manawatu District,54/38/14.437,250,E, ,NEWBURY LINE,201444927,06/09/2014,Sat,600,GA,CN1V,112A 353A 926 ,,R,D,O ,F ,D,N,C,100,0,0,0,,,1818883,5536061
Manawatu District,54/38/16.177,, ,I,KAIRANGA BUNNYTHORPE ROAD,201417336,15/11/2014,Sat,1039,HA,CS1C,104B 301B 377B 402B 801 ,,R,W,O ,L ,X,S,C,100,0,2,1,,,1820018,5534701
Manawatu District,54/38/16.177,, ,I,MILSON LINE,201439481,05/07/2014,Sat,1028,BF,CS1C,130A 504A ,,S,D,O ,S ,X,S,C,100,0,0,0,,,1820018,5534701
Manawatu District,54/38/16.177,, ,I,MILSON LINE,201448657,26/11/2014,Wed,1740,FB,CN1C,181A 331A ,,R,D,B ,F ,X,S,R,100,0,0,0,,,1820018,5534701
Manawatu District,KAIRANGA BUNNYTHORPE ROAD,, ,I,MILSON LINE,201450456,11/12/2014,Thu,1745,FB,CW1C,181A ,,R,W,ON,F ,X,S,C,100,0,0,0,,,1820018,5534701
Manawatu District,KAIRANGA BUNNYTHORPE ROAD,, ,I,MILSON LINE,201440682,09/06/2014,Mon,1100,DA,4S1,111A 131A ,V,S,D,O ,F ,X,S,L,100,0,0,0,,,1820018,5534701
Manawatu District,MILSON LINE,, ,I,KAIRANGA BUNNYTHORPE ROAD,201432306,29/01/2014,Wed,1735,LB,CN1C,303B ,,R,D,O ,F ,X,S,N,100,0,0,0,,,1820018,5534701
Manawatu District,56/11/1.266,250,S, ,ALVE ROAD,201414732,01/07/2014,Tue,550,AD,CS1,111A 131A 150A 800 ,F,E,W,DN,F , , ,L,100,0,0,1,,,1809701,5522040
Manawatu District,56/11/4.937,, ,I,TIAKITAHUNA ROAD,201411060,03/03/2014,Mon,935,DA,CS1,133A 404A 801 ,PV,M,W,O ,L ,X,G,R,100,0,0,1,,,1812168,5524536
Manawatu District,56/11/5.187,250,E, ,TIAKITAHUNA ROAD,201447086,16/06/2014,Mon,700,EC,CE1,912,W,R,D,DN,F , ,N,C,100,0,0,0,,,1812388,5524656
Manawatu District,56/11/6.082,1200,W, ,KARERE ROAD,201434087,04/02/2014,Tue,1915,AD,CW1,125A 150A 407A ,CV,R,D,B ,F , ,N,C,100,0,0,0,,,1813173,5525085
Manawatu District,56/11/8.282,1000,E, ,KARERE ROAD,201400174,22/08/2014,Fri,130,CC,CE1,125A 410A ,V,R,D,DN,F , ,N,C,100,2,4,0,,,1815105,5526136
Manawatu District,56/11/8.409,200,W, ,NGAIRE ST SOUTH,201434135,06/04/2014,Sun,1306,CC,CE1,130A 358A 402A ,TV,R,D,O ,F , , ,C,100,0,0,0,,,1815216,5526198
Marlborough District,ADAMS LANE,150,S, ,LIVINGSTONE PLACE,201418276,26/07/2014,Sat,655,CA,CN14,125A 645A 800 ,M,R,D,DO,FF, , ,N,50,0,0,1,,,1677617,5404717
Marlborough District,ALABAMA ROAD,730,E, ,DRY HILLS LANE,201437710,09/06/2014,Mon,1620,DA,VS1,131A 133A 801 ,P,M,W,ON,L , , ,C,80,0,0,0,,,1681922,5402273
Marlborough District,ALABAMA ROAD,, ,I,REDWOOD ST,201435605,18/04/2014,Fri,725,HA,VS2C,302A 370A ,,E,D,O ,F ,R,G,C,50,0,0,0,,,1680211,5402189
Marlborough District,ALABAMA ROAD,, ,I,RILEY CRESCENT,201432140,22/03/2014,Sat,700,CB,CE1,101A 112A ,P,R,D,DO,F ,T,N,C,50,0,0,0,,,1678939,5402114
Marlborough District,ALABAMA ROAD,, ,I,SCOTT ST,201417575,25/11/2014,Tue,1733,HA,VW1S,302A 372A ,,R,D,BF,F ,R,G,R,50,0,0,1,,22,1679924,5402164
Marlborough District,ALABAMA ROAD,, ,I,SCOTT ST,201417824,02/12/2014,Tue,1738,HA,CW1S,302A 375A 507A ,,R,D,O ,F ,R,G,C,50,0,0,1,,17,1679924,5402164
Marlborough District,ALABAMA ROAD,100,W, ,WELD ST,201410715,11/03/2014,Tue,1915,CB,CE1C,112A 410A 692A ,KM,R,D,BF,F , ,N,C,50,0,0,1,,,1679544,5402146
Marlborough District,ALABAMA ROAD,, ,I,WELD ST,201438789,05/05/2014,Mon,2018,HA,VN2C,302A 352A 375A ,,R,D,DO,F ,R,G,R,50,0,0,0,,,1679644,5402151
Marlborough District,ALABAMA ROAD,, ,I,WELD ST,201436632,05/05/2014,Mon,840,HA,CW1S,302A 375A ,,R,W,O ,L ,R,G,C,50,0,0,0,,,1679644,5402151
Marlborough District,ALANA PLACE,10,E, ,ALANA ST,201445309,03/10/2014,Fri,1240,MG,4W1T,371B ,,R,D,B ,F ,T,N,N,50,0,0,0,,,1679544,5401120
Marlborough District,ALFRED ST,, ,I,GROVE ROAD,201415241,13/08/2014,Wed,1215,DA,TE2,501A ,X,R,D,BF,F ,R,G,C,50,0,1,0,,,1680020,5404087
Marlborough District,ALFRED ST,50,W, ,HENRY ST,201410022,05/01/2014,Sun,925,CB,VE1C,130A 504A ,CM,R,W,B ,F , , ,C,50,0,0,1,,,1679498,5404099
Marlborough District,ALFRED ST,, ,I,HENRY ST,201432102,10/03/2014,Mon,901,HA,CN2C,302A 350A ,,R,D,O ,F ,X,G,C,50,0,0,0,,,1679548,5404096
Marlborough District,ALFRED ST,5,W, ,SH 1S,201435604,01/05/2014,Thu,1119,AC,VE1C,372A ,,R,D,B ,F ,R,G,C,50,0,0,0,,,1680048,5404089
Marlborough District,ALFRED ST,, ,I,SINCLAIR ST,201445084,21/10/2014,Tue,1745,GO,BE1C,179A 386A ,,E,D,B ,F ,R,G,C,50,0,0,0,,,1680053,5404090
Marlborough District,ANGLESEA ST,80,N, ,BOYCE ST,201435779,19/05/2014,Mon,2250,EA,CN1C,129A ,M,R,D,DO,F , , ,N,50,0,0,0,,,1668421,5404140
Marlborough District,ARTHUR ST,, ,I,MARKET ST,201436162,05/05/2014,Mon,930,DA,CN2C,201A ,M,R,D,B ,L ,T,N,C,50,0,0,0,,,1679830,5403778
Marlborough District,ARTHUR ST,, ,I,SEYMOUR ST,201437923,12/06/2014,Thu,1530,HA,4W14,302A 375A ,,R,D,B ,F ,X,G,C,50,0,0,0,,,1679643,5403789
Marlborough District,BATTYS ROAD,, ,I,LAKINGS ROAD,201414667,25/07/2014,Fri,1610,HA,CE2CC,427B 501B ,,R,D,B ,F ,X,G,C,50,0,0,2,,,1677843,5404073
Marlborough District,BEACH ROAD,200,N, ,MARINA DRIVE,201430717,04/02/2014,Tue,1400,EA,CN1C,129A ,M,R,D,BF,F , ,N,C,50,0,0,0,,,1686924,5430911
Marlborough District,BOYCE ST,, ,I,BROOK ST,201445697,12/10/2014,Sun,1715,DC,CW1,103A 131A ,G,E,D,B ,F ,T,G,C,50,0,0,0,,,1678615,5404060
Marlborough District,BOYCE ST,, ,I,BROOK ST,201448587,04/11/2014,Tue,2240,FA,CS1C,181A 512A ,B,E,D,DO,F ,T,G,C,50,0,0,0,,,1678615,5404060
Marlborough District,BROADWAY,15,W, ,HIGH ST,201432292,19/03/2014,Wed,1445,MC,CE1C,372B ,,R,D,B ,F , , ,C,50,0,0,0,,,1684278,5428231
Marlborough District,BROADWAY,, ,I,YORK ST,201412802,30/04/2014,Wed,1520,KB,CE1C,302B 363B 375B ,,R,D,B ,F ,X,G,C,50,0,0,1,,,1683886,5428246
Marlborough District,BUDGE ST,, ,I,GASCOIGNE ST,201411713,07/03/2014,Fri,1640,LB,CW1C,303B ,,R,D,B ,F ,T,N,N,50,0,0,1,,,1680863,5404765
Marlborough District,BUDGE ST,5,E, ,SH 1S,201442976,03/09/2014,Wed,840,FB,CW1C,331A ,,R,D,O ,F ,X,G,C,50,0,0,0,,,1680173,5404922
Marlborough District,CARVELL ST,70,S, ,STEPHENSON ST,201431760,02/02/2014,Sun,100,CC,CN1C,129A 130A ,M,R, ,DO,  , ,N,C,50,0,0,0,,,1679780,5403096
Marlborough District,COLEMANS ROAD,90,N, ,FULTON ST,201443696,13/09/2014,Sat,1800,FA,MS1V,112A 514A ,,R,D,TO,F , , ,C,50,0,0,0,,,1678214,5405058
Marlborough District,COSTELLO AVENUE,, ,I,GIRLING AVENUE,201447767,18/11/2014,Tue,1240,DA,CN2,131A 351A ,P,M,D,B ,F ,T,N,N,50,0,0,0,,,1679565,5404771
Marlborough District,CROISILLES-FRENCH PASS RO,, ,A,UNKNOWN,201410956,17/02/2014,Mon,1900,DA,CS1,131A ,,M,D,TN,F , ,N,N,80,0,0,1,,,0,0
Marlborough District,DILLON ST,, ,I,BEAVER ROAD,201416322,15/10/2014,Wed,1550,HA,CN2C,302A 359A ,,R,D,B ,F ,X,G,C,50,0,0,1,,,1679082,5403356
Marlborough District,DILLONS POINT ROAD,20,E, ,LANE ST,201443836,17/08/2014,Sun,1,CB,CW1,103A 433A ,P,R,D,DO,F , ,N,C,50,0,0,0,,,1680237,5404401
Marlborough District,DUBLIN ST,, ,I,HIGH ST,201439493,10/07/2014,Thu,1135,KB,CN1S,302B ,,E,D,B ,F ,R,G,C,50,0,0,0,,,1684292,5428484
Marlborough District,FARMAR ST,, ,I,WARWICK ST,201440402,21/07/2014,Mon,1600,KB,CW1C,302B 375B ,,R,D,B ,F ,T,G,C,50,0,0,0,,,1680005,5404776
Marlborough District,FERRY ROAD,50,E, ,SH 1S,201440074,18/07/2014,Fri,830,EA,CE1C,902,M,R,D,BF,FF, ,N,C,50,0,0,0,,,1680396,5409681
Marlborough District,FRESWICK ST,130,N, ,KINROSS ST,201448183,27/11/2014,Thu,1241,KA,CN1C,197A 308B 330B 927 ,F,R,D,B ,  ,D,N,C,50,0,0,0,,,1680246,5403765
Marlborough District,FULTON ST,, ,I,MOWAT ST N,201410688,21/03/2014,Fri,850,HA,VW1C,302B 375B ,,R,D,B ,F ,X,G,C,50,0,0,1,,,1678479,5404991
Marlborough District,GASCOIGNE ST,90,S, ,BUDGE ST,201435146,04/04/2014,Fri,6,MO,CE1,101A 357A 371A 929 ,F,R,D,DO,F ,D,N,N,50,0,0,0,,,1680843,5404677
Marlborough District,GROVE ROAD,100,N, ,ALFRED ST,201439496,15/07/2014,Tue,1205,FD,CS1C,181A 331A ,,E,D,B ,F , ,N,C,50,0,0,0,,,1680019,5404187
Marlborough District,HAMMOND ROAD,350,N, ,SH 63,201417189,29/11/2014,Sat,1705,CC,CN1,112A 130A 353A 812 ,EFP,R,D,B ,F , , ,N,100,0,0,1,,,1667558,5404121
Marlborough District,HAVELOCK ST,15,W, ,UXBRIDGE ST,201415922,16/09/2014,Tue,650,EA,CE14,129A 363A 902 ,M,R,D,B ,F , , ,N,50,0,0,1,,,1668980,5404366
Marlborough District,HAVELOCK ST,40,W, ,WILLIS PLACE,201444823,29/10/2014,Wed,1430,EC,CN1,911,W,R,W,OF,F , ,N,C,50,0,0,0,,,1669068,5404371
Marlborough District,HENRY ST,10,S, ,CHARLES ST,201444528,27/09/2014,Sat,1042,KB,CS1C,112B 308B 929 ,,R,D,B ,F ,D,N,N,50,0,0,0,,,1679533,5403880
Marlborough District,HENRY ST,, ,I,CHARLES ST,201438779,10/04/2014,Thu,1240,HA,4N1C,302B 375B ,,R,D,OF,F ,X,G,C,50,0,0,0,,,1679534,5403890
Marlborough District,HENRY ST,, ,I,GEORGE ST,201446892,12/11/2014,Wed,1145,HA,CE2C,302A 375A ,,R,D,B ,F ,X,G,C,50,0,0,0,,,1679522,5403702
Marlborough District,HENRY ST,, ,I,GEORGE ST,201444530,27/09/2014,Sat,1900,HA,CW2S,302A ,,R,W,DO,L ,X,G,C,50,0,0,0,,,1679522,5403702
Marlborough District,HENRY ST,, ,I,GEORGE ST,201439139,19/06/2014,Thu,930,HA,CW2S,302A 375A ,,R,D,B ,F ,X,G,C,50,0,0,0,,,1679522,5403702
Marlborough District,HENRY ST,, ,I,HIGH ST,201444346,22/09/2014,Mon,820,HA,CE24,302B 377B 839 ,,R,D,B ,F ,X,G,C,50,0,0,0,,,1679541,5403983
Marlborough District,HERBERT ST,, ,I,BUDGE ST,201442248,24/08/2014,Sun,1215,HA,CW2C,302B ,,R,D,B ,F ,X,G,C,50,0,0,0,,,1680069,5404940
Marlborough District,HIGH ST,30,W, ,BEAVER ROAD,201434265,15/03/2014,Sat,900,GB,SE1C,158A 929 ,,R,D,O ,F ,D, ,C,50,0,0,0,,,1679018,5404014
Marlborough District,HIGH ST,80,N, ,BROADWAY,201430849,08/01/2014,Wed,1530,EA,4N1C,129A 352A ,M,R,D,BF,F , ,N,C,50,0,0,0,,,1684296,5428311
Marlborough District,HIGH ST,, ,I,HENRY ST,201415923,20/09/2014,Sat,1315,HA,CS2C,302A 375A 901 ,P,R,W,O ,H ,X,G,C,50,0,0,1,,,1679541,5403983
Marlborough District,HIGH ST,, ,I,HENRY ST,201448320,23/12/2014,Tue,1510,HA,CE1C,302B 375B ,,R,D,B ,F ,X,G,C,50,0,0,0,,,1679541,5403983
Marlborough District,HIGH ST,10,W, ,LEE ST,201435780,15/05/2014,Thu,1234,MC,VW1C,372B ,,R,D,B ,F ,T,G,C,50,0,0,0,,,1678842,5404009
Marlborough District,HIGH ST,15,S, ,LONDON QUAY,201432911,14/03/2014,Fri,930,MF,CS1V,371B ,,R,D,B ,F , , ,C,50,0,0,0,,,1684310,5428686
Marlborough District,HIGH ST,50,E, ,RICHMOND ST,201448078,16/10/2014,Thu,1216,EE,SW1C,374B ,M,R,D,B ,F , , ,C,50,0,0,0,,,1679430,5403990
Marlborough District,HIGH ST,, ,I,SEYMOUR ST,201442249,23/08/2014,Sat,1830,HA,CN2M,302A 402A ,,R,D,DO,F ,R,G,R,50,0,0,0,,,1679658,5403966
Marlborough District,HIGH ST,, ,I,SEYMOUR ST,201437024,28/05/2014,Wed,1705,AC,CW1C,159A ,,R,D,O ,F ,R,G,R,50,0,0,0,,,1679651,5403983
Marlborough District,HIGH ST,, ,I,SEYMOUR ST,201437023,29/05/2014,Thu,1715,AO,CE1C,386A ,,E,D,O ,F ,R,G,R,50,0,0,0,,,1679648,5403976
Marlborough District,HIGH ST,, ,I,SEYMOUR ST,201410883,17/01/2014,Fri,930,HA,CE1S,302A 375A ,,R,D,B ,F ,R,G,P,50,0,0,1,,49,1679648,5403976
Marlborough District,HOLDAWAY ST,30,S, ,CRESSWELL LANE,201445306,05/10/2014,Sun,204,MD,BN1C,308B 371B 929 ,,R,D,DO,F ,D,N,C,50,0,0,0,,,1681095,5404552
Marlborough District,HOSPITAL ROAD,, ,I,WELD ST,201448306,19/12/2014,Fri,1855,HA,CS24,302A 375A ,,R,D,B ,F ,X,G,N,50,0,0,0,,,1679675,5401518
Marlborough District,HOSPITAL ROAD,, ,I,WELD ST,201417271,10/11/2014,Mon,928,HA,CW1C,302B 350B 357B ,F,R,D,B ,F ,X,G,R,50,0,0,1,,,1679675,5401518
Marlborough District,HOULDSWORTH ST,20,N, ,LYNLEY CRESCENT,201440379,14/07/2014,Mon,1715,EA,CN1C,129A ,M,R,D,B ,F , , ,N,50,0,0,0,,,1680454,5402932
Marlborough District,HUNTER ROAD,1100,E, ,SH 1S,201410559,11/02/2014,Tue,625,CB,40,129A 410A ,BZ,R,D,BN,F , ,N,C,100,0,0,1,,,1681505,5412997
Marlborough District,INGLIS ST,100,E, ,SH 6,201418427,24/11/2014,Mon,450,CB,CE1,410A ,KP,R,D,DN,F , , ,N,50,0,0,1,,,1664331,5429976
Marlborough District,JACKS ROAD,610,W, ,SH 6,201433655,06/04/2014,Sun,209,CB,CW1,103A 130A ,F,R,D,DN,F , , ,N,100,0,0,0,,,1667753,5405185
Marlborough District,JACKSONS ROAD,, ,I,OLD RENWICK ROAD,201445085,02/10/2014,Thu,1640,FO,CN1V,330A ,,E,D,B ,F ,X,S,C,100,0,0,0,,,1673241,5405184
Marlborough District,KENT ST,, ,I,QUEEN CHARLOTTE DRIVE,201440123,14/06/2014,Sat,2030,DB,CN1,103A 385A ,K,R,D,DO,F ,R,G,R,50,0,0,0,,,1683746,5428499
Marlborough District,KINGWELL DRIVE,90,E, ,COLEMANS ROAD,201444357,20/09/2014,Sat,2130,EA,CW14,129A 358A ,M,E,D,DO,F , , ,N,50,0,0,0,,,1678323,5404681
Marlborough District,KINROSS ST,, ,I,FRESWICK ST,201442975,04/09/2014,Thu,1640,JA,SW1C4,197A 302B 375B ,,R,D,O ,F ,T,G,C,50,0,0,0,,,1680253,5403636
Marlborough District,KINROSS ST,10,E, ,REDWOOD ST,201436630,08/05/2014,Thu,1330,KA,CS1S,302B 375B ,,R,D,B ,F ,X,G,C,50,0,0,0,,,1680147,5403630
Marlborough District,LANSDOWNE ST,40,N, ,CHELSEA WAY,201437489,30/05/2014,Fri,2135,CB,CN1,103A 130A ,P,R,D,DO,F , , ,C,50,0,0,0,,,1679780,5405296
Marlborough District,LONDON QUAY,25,E, ,SH 1S,201431425,16/02/2014,Sun,1715,MO,VW1C,385A ,M,E,D,BF,F , ,N,C,50,0,0,0,,,1684220,5428687
Marlborough District,MAIN ST,50,E, ,SCOTT ST,201434599,17/03/2014,Mon,1457,MA,4W1C,373B ,,R,D,BF,F , ,N,C,50,0,0,0,,,1679879,5403757
Marlborough District,MAIN ST,, ,I,SYMONS ST,201438973,11/06/2014,Wed,1710,HA,4S2C,302A 375A ,,R,W,DO,L ,R,G,R,50,0,0,0,,,1680014,5403786
Marlborough District,MANAROA ROAD,3000,S, ,CLOVA BAY ROAD,201440724,27/07/2014,Sun,1430,BC,CS1C,121A ,,M,D,O ,F , , ,N,100,0,0,0,,,1688004,5445763
Marlborough District,MANAROA ROAD,4200,N, ,KENEPURU ROAD,201410156,01/01/2014,Wed,2100,QD,4S1E,404A 428A ,T,R,D,DN,F , , ,N,100,0,2,0,31,,1688396,5445714
Marlborough District,MARAMA ROAD,1500,W, ,HIGGINS ROAD,201440380,16/07/2014,Wed,1400,EA,4N1O,135A 378A 443B 800 ,M,M,W,B ,F , , ,C,100,0,0,0,,,1678179,5382293
Marlborough District,MARAMA ROAD,250,S, ,OLD FORD ROAD,201413102,17/04/2014,Thu,520,BF,VN1T,111A 129A 131A 801 903 ,,M,W,DN,LS, , ,C,100,0,1,0,,,1685299,5384400
Marlborough District,MARKET ST,10,N, ,ARTHUR ST,201437022,22/05/2014,Thu,1000,MO,4N14,386A ,M,E,D,B ,F ,T,N,N,30,0,0,0,,,1679830,5403788
Marlborough District,MAXWELL ROAD,, ,I,ALABAMA ROAD,201431959,03/03/2014,Mon,40,DB,CS1,136A 410A 631A ,FIK,R,D,DO,F ,R,G,R,50,0,0,0,,,1678750,5402098
Marlborough District,MAXWELL ROAD,, ,I,ALABAMA ROAD,201414047,17/07/2014,Thu,855,HA,CN1C,302A 375A ,,E,D,B ,F ,R,G,R,50,0,0,1,,,1678756,5402094
Marlborough District,MAXWELL ROAD,20,N, ,DILLON ST,201440868,30/07/2014,Wed,825,FC,CN1C4,181A ,,R,W,O ,L , , ,X,50,0,0,0,,,1679480,5403361
Marlborough District,MAXWELL ROAD,60,N, ,GRAHAM ST,201438780,18/04/2014,Fri,1748,CB,CS1C,130A 501A ,FMT,R,W,DO,H , ,N,C,50,0,0,0,,,1679302,5403039
Marlborough District,MAXWELL ROAD,, ,I,HOWICK ROAD,201415910,10/09/2014,Wed,2015,JA,MS1C,197A 302B 375B ,,R,D,DO,F ,T,G,C,50,0,1,0,,,1679125,5402772
Marlborough District,MAXWELL ROAD,20,E, ,QUEEN ST,201446348,21/09/2014,Sun,1435,EA,CE1C,129A 507A ,M,R,D,BF,F , ,N,C,50,0,0,0,,,1679756,5403665
Marlborough District,MAXWELL ROAD,30,W, ,SCOTT ST,201434785,01/05/2014,Thu,1955,CB,CW1C,103A 129A ,KMP,R,D,DO,F , ,N,C,50,0,0,0,,,1679813,5403716
Marlborough District,MAXWELL ROAD,, ,I,SEYMOUR ST,201412115,27/03/2014,Thu,809,HA,VS1S,302A 363A 902 ,,M,D,B ,F ,R,G,R,50,0,1,0,,51,1679681,5403598
Marlborough District,MAXWELL ROAD,, ,I,SEYMOUR ST,201433732,02/04/2014,Wed,1000,KA,SW2C,302B 387B ,,E,D,B ,F ,R,G,R,50,0,0,0,,,1679681,5403598
Marlborough District,MAXWELL ROAD,, ,I,STEPHENSON ST,201431499,03/03/2014,Mon,147,EA,CN1C,129A ,M,R,D,DO,F ,T,N,C,50,0,0,0,,,1679419,5403251
Marlborough District,MAXWELL ROAD,50,N, ,WHITNEY ST,201414092,10/03/2014,Mon,1600,GB,PS1C,159B 175B 929 ,,R,D,B ,F ,D,N,C,50,0,1,0,,,1679334,5403098
Marlborough District,MAXWELL ROAD E,, ,I,ELTHAM ROAD,201417681,05/12/2014,Fri,530,LB,SE1C,303B 350B ,,R,D,TF,F ,T,N,C,50,0,1,0,,47,1679069,5402731
Marlborough District,MCLAUCHLAN ST,, ,I,PARKER ST,201437830,04/06/2014,Wed,1530,KA,SS1C,302B ,,R,D,B ,F ,T,G,C,50,0,0,0,,,1678863,5404458
Marlborough District,MORAN ST,20,W, ,REDWOOD ST,201440274,04/07/2014,Fri,1815,MO,CW1C,371A ,M,R,D,DO,F , , ,N,50,0,0,0,,,1680212,5401747
Marlborough District,MULLER ROAD,, ,I,WELD ST,201440075,22/07/2014,Tue,650,LB,VE1C,302B 387B ,,R,D,TO,FF,X,G,C,50,0,0,0,,,1679611,5402790
Marlborough District,NEW RENWICK ROAD,, ,I,BATTYS ROAD,201440378,09/07/2014,Wed,945,LB,CE1C,303B 330B ,,R,D,O ,F ,X,S,C,50,0,0,0,,,1677943,5402063
Marlborough District,NEW RENWICK ROAD,20,E, ,BRANCOTT ROAD,201430881,20/02/2014,Thu,710,CC,CE1,137A ,F,R,W,ON,M , ,N,C,100,0,0,0,,,1671483,5402206
Marlborough District,NEW RENWICK ROAD,, ,I,BRANCOTT ROAD,201410017,20/02/2014,Thu,715,LB,CW1VC,602A 101B 303B 375B 904 ,,R,W,O ,M ,T,N,C,100,0,2,0,,,1671463,5402209
Marlborough District,NEW RENWICK ROAD,, ,I,MAXWELL ROAD,201441976,20/08/2014,Wed,745,HA,MS2C,302A 377A 801 ,,E,W,O ,L ,R,G,R,50,0,0,0,,,1678756,5402094
Marlborough District,NORTHBANK ROAD,2000,N, ,SH 6,201435781,19/05/2014,Mon,845,DA,TS1,129A 134A 350A 682A ,V,M,D,B ,F , , ,C,100,0,0,0,,,1665449,5407833
Marlborough District,NORTHBANK ROAD,2250,W, ,SH 6,201413365,31/05/2014,Sat,1050,DA,40,111A 131A ,FT,S,D,B ,F , , ,C,100,0,0,2,,,1665253,5407902
Marlborough District,OLD RENWICK ROAD,1210,E, ,BLENHEIM ST,201416151,06/10/2014,Mon,2030,DA,TE1,129A 131A 903 ,C,E,D,DN,FS, , ,C,100,0,0,1,,,1670938,5405066
Marlborough District,OLD RENWICK ROAD,200,W, ,BLICKS LANE,201436021,28/02/2014,Fri,135,EC,CW1,911,W,R,D,DN,F , ,N,C,70,0,0,0,,,1676700,5405354