TLANAME,CRASHROAD,CRASHDIST,CRASHDIRN,INTSN,SIDEROAD,CRASHID,CRASHDATE,CRASHDOW,CRASHTIME,MVMT,VEHICLES,CAUSES,OBJECTSSTRUCK,ROADCURVE,ROADWET,LIGHT,WTHRa,JUNCTYPE,TRAFCTRL,ROADMARK,SPDLIM,CRASHFATALCNT,CRASHSEVCNT,CRASHMINCNT,PERSAGE1,PERSAGE2,EASTING,NORTHING
Marlborough District,OLD RENWICK ROAD,20,W, ,GLENROY CRESCENT,201430516,23/01/2014,Thu,1410,CB,CE1V,512A ,M,R,D,B ,F , , ,C,70,0,0,0,,,1678650,5405452
Marlborough District,OLD RENWICK ROAD,110,W, ,HAMMERICHS ROAD,201410216,03/01/2014,Fri,1135,MC,CW1C,372B 402B ,,R,W,O ,F , ,N,C,70,0,0,1,,,1676345,5405336
Marlborough District,OLD RENWICK ROAD,500,E, ,JACKSONS ROAD,201438513,21/06/2014,Sat,1530,AA,CE14,372A 801 ,,R,W,O ,L , , ,C,100,0,0,0,,,1673741,5405207
Marlborough District,OLD RENWICK ROAD,, ,I,JACKSONS ROAD,201448969,11/12/2014,Thu,1700,HA,CE1C,301B 404B ,,R,D,O ,F ,X,S,R,100,0,0,0,,,1673241,5405184
Marlborough District,OLD RENWICK ROAD,50,E, ,ST LEONARDS ROAD,201432138,17/03/2014,Mon,1445,MC,CE1T,330B 372B ,,R,D,B ,F , ,N,C,100,0,0,0,,,1675556,5405297
Marlborough District,OLD RENWICK ROAD,, ,I,ST LEONARDS ROAD,201417190,27/11/2014,Thu,1720,LB,VW1C,303B 350B ,,R,D,B ,F ,T,G,C,100,0,1,1,,,1675506,5405294
Marlborough District,OLD RENWICK ROAD,, ,I,ST LEONARDS ROAD,201438437,06/06/2014,Fri,1530,GD,4E1P,181A 331A ,,R,D,O ,F ,T,G,C,100,0,0,0,,,1675506,5405294
Marlborough District,OLD RENWICK ROAD,100,W, ,WAIPUNA ST,201443211,24/08/2014,Sun,1836,CB,CE1,198A 357A 504A ,P,R,D,DO,F , , ,C,70,0,0,0,,,1679296,5405485
Marlborough District,PARK TERRACE,50,N, ,SH 1S,201436926,22/05/2014,Thu,1445,EA,CE1CC,129A 352A ,MM,R,D,B ,F , , ,N,50,0,0,0,,,1680124,5403845
Marlborough District,PARKER ST,100,W, ,HUTCHESON ST,201447691,18/11/2014,Tue,1852,CB,CW1C,129A 350A ,M,R,D,BF,F , ,N,N,50,0,0,0,,,1679661,5404497
Marlborough District,PORT UNDERWOOD ROAD,900,N, ,COOKS RIDGE,201410960,03/01/2014,Fri,1815,DA,SS1,129A 137A ,,M,D,BN,F , ,N,C,50,0,0,1,,64,1688431,5431598
Marlborough District,PORT UNDERWOOD ROAD,3900,N, ,RARANGI BEACH ROAD,201441476,12/07/2014,Sat,1200,DA,CS1,134A 135A 404A 802 ,T,S,I,O ,FF, ,N,N,50,0,0,0,,,1688210,5418048
Marlborough District,PORT UNDERWOOD ROAD,500,W, ,RARANGI BEACH ROAD,201432243,18/02/2014,Tue,1430,CB,CE1,129A 816 ,,R,D,B ,F , , ,N,50,0,0,0,,,1687070,5417127
Marlborough District,PURKISS ST,50,S, ,BANK ST,201433775,02/04/2014,Wed,645,EA,CN1C,129A 358A ,M,R,D,DO,F , , ,C,50,0,0,0,,,1678426,5403913
Marlborough District,QUEEN CHARLOTTE DRIVE,400,W, ,CULLENSVILLE ROAD,201439653,05/06/2014,Thu,1800,BA,CW1C,310A ,,R,D,DN,F , ,G,N,100,0,0,0,,,1671513,5428789
Marlborough District,QUEEN CHARLOTTE DRIVE,400,W, ,CULLENSVILLE ROAD,201418277,25/06/2014,Wed,810,BA,VE1O,310A 335A 363A 843 901 ,B,R,W,O ,H , ,G,C,100,0,0,1,,,1671513,5428789
Marlborough District,QUEEN CHARLOTTE DRIVE,400,S, ,MOENUI ROAD,201434364,15/04/2014,Tue,1400,BF,VN1C,111A 131A 404A ,,M,W,O ,L , , ,C,50,0,0,0,,,1667031,5429520
Marlborough District,QUEEN CHARLOTTE DRIVE,580,W, ,PHILLIPS ROAD,201432647,15/03/2014,Sat,1713,DB,CW1,103A 131A ,V,S,W,O ,F , ,N,C,50,0,0,0,,,1680286,5430426
Marlborough District,QUEEN CHARLOTTE DRIVE,, ,A,REFUSE STATION,201444288,19/09/2014,Fri,1650,DB,CE1,129A 134A ,V,E,D,O ,F , , ,C,70,0,0,0,,,1665079,5429286
Marlborough District,REDWOOD ST,, ,I,EASTHAVEN PLACE,201439079,01/07/2014,Tue,913,GD,CN1V,331A 352A ,,R,D,BF,F ,T,G,C,50,0,0,0,,,1680185,5402683
Marlborough District,REDWOOD ST,, ,I,HOSPITAL ROAD,201443526,01/08/2014,Fri,1536,HA,CS14,302B 375B ,,R,D,BF,F ,X,G,C,50,0,0,0,,,1680243,5401547
Marlborough District,REDWOOD ST,20,N, ,IDA ST,201448308,25/12/2014,Thu,1519,EA,CS1C,129A 350A ,M,R,D,B ,F , ,N,C,50,0,0,0,,,1680191,5402565
Marlborough District,REDWOOD ST,, ,I,KINROSS ST,201445308,01/10/2014,Wed,1308,HA,CW2C,302A ,,R,D,B ,F ,X,G,C,50,0,0,0,,,1680137,5403629
Marlborough District,REDWOOD ST,10,S, ,NIKAU DRIVE,201430533,28/01/2014,Tue,1150,MC,CS1C,372B ,,R,D,B ,F ,T,G,C,50,0,0,0,,,1680201,5402371
Marlborough District,REDWOOD ST,, ,I,STEPHENSON ST,201445311,03/10/2014,Fri,1714,HA,CS1C,302B ,,R,D,B ,F ,X,G,C,50,0,0,0,,,1680159,5403184
Marlborough District,REDWOOD ST,, ,I,WITHER ROAD,201437781,12/06/2014,Thu,650,HA,VS1V,302B 370B 801 ,,R,W,DO,L ,X,G,C,50,0,0,0,,,1680268,5401059
Marlborough District,REDWOOD ST,, ,I,WITHER ROAD,201416321,13/10/2014,Mon,1618,HA,4S14,302B 335B ,,R,D,B ,F ,X,G,C,50,0,0,1,,,1680268,5401059
Marlborough District,RICHMOND ST,, ,I,CHARLES ST,201438512,16/06/2014,Mon,1515,HA,CW2C,302A ,,R,D,O ,F ,X,G,C,50,0,0,0,,,1679375,5403899
Marlborough District,RONGA ROAD,7900,E, ,SH 6,201434833,12/02/2014,Wed,200,DB,CN1,131A 412A ,BVZ,E,D,DN,F , ,N,C,100,0,0,0,,,1651290,5443418
Marlborough District,SCOTLAND ST,, ,I,CORNWALL ST,201448439,12/11/2014,Wed,1605,EC,CE1,135A 823 ,LV,S,W,OF,F ,T,N,C,50,0,0,0,,,1683437,5427858
Marlborough District,SCOTT ST,, ,I,CLEGHORN ST,201436050,15/04/2014,Tue,1235,LB,CN14,303B 351B 375B ,,R,D,OF,F ,X,G,C,50,0,0,0,,,1679925,5401949
Marlborough District,SCOTT ST,30,N, ,LEWIS ST,201436631,27/04/2014,Sun,910,MO,CE1C,308A 930 ,,R,D,B ,F ,D,N,N,50,0,0,0,,,1679908,5402292
Marlborough District,SCOTT ST,100,N, ,LEWIS ST,201437529,03/06/2014,Tue,1040,JA,4S1C,308B 350B 929 ,FT,R,D,O ,F ,D,N,C,50,0,0,0,,,1679905,5402362
Marlborough District,SCOTT ST,, ,I,MULLER ROAD,201412575,09/05/2014,Fri,820,LB,SN1CC,303B 353B 375B ,,R,D,B ,F ,X,G,C,50,0,1,0,,42,1679883,5402804
Marlborough District,SEYMOUR ST,25,N, ,ARTHUR ST,201415912,03/09/2014,Wed,1409,GA,PN1C,181A 331A 381B 927 ,,R,D,B ,F ,D, ,C,50,0,0,1,,,1679645,5403814
Marlborough District,SEYMOUR ST,10,S, ,ARTHUR ST,201413393,11/06/2014,Wed,1614,NA,CN1E,112A 306A 330A 801 ,,R,W,O ,L ,X,G,X,50,0,0,1,12,,1679642,5403779
Marlborough District,SEYMOUR ST,, ,I,ARTHUR ST,201434784,03/05/2014,Sat,1400,GD,CN1C,331A 333A ,,R,D,BF,FF,X,G,X,50,0,0,0,,,1679643,5403789
Marlborough District,SEYMOUR ST,, ,I,ARTHUR ST,201431757,07/02/2014,Fri,1020,GD,CS1C,331A 350A ,,R,D,B ,F ,X,G,X,50,0,0,0,,,1679643,5403789
Marlborough District,SEYMOUR ST,20,N, ,FRANCIS ST,201417444,24/10/2014,Fri,845,MA,4N1C,373B ,,R,W,OF,L , ,N,R,50,0,0,1,,,1679829,5403416
Marlborough District,SEYMOUR ST,, ,I,GEORGE ST,201448703,03/12/2014,Wed,1525,HA,CW2C,302A ,,R,D,O ,F ,X,G,C,50,0,0,0,,,1679637,5403695
Marlborough District,SEYMOUR ST,, ,I,GEORGE ST,201446694,13/11/2014,Thu,2340,HA,CN14,302B ,,R,D,DO,F ,X,G,C,50,0,0,0,,,1679637,5403695
Marlborough District,SEYMOUR ST,, ,I,HIGH ST,201431784,21/01/2014,Tue,1325,FB,CN1C,181A 331A 801 ,,R,W,O ,L ,R,G,R,50,0,0,0,,,1679657,5403961
Marlborough District,SEYMOUR ST,10,S, ,MAXWELL ROAD,201443210,29/08/2014,Fri,1245,MA,CS1C,373B ,,E,D,B ,F ,R,G,R,50,0,0,0,,,1679688,5403577
Marlborough District,SEYMOUR ST,, ,I,MAXWELL ROAD,201416444,15/10/2014,Wed,630,HA,CN2S,302A 375A ,,E,D,TO,F ,R,G,C,50,0,0,1,,48,1679681,5403598
Marlborough District,SEYMOUR ST,, ,I,MAXWELL ROAD,201438624,11/06/2014,Wed,810,HA,CN2S,302A ,,E,W,O ,H ,R,G,R,50,0,0,0,,,1679681,5403598
Marlborough District,SNOWDEN CRESCENT,140,W, ,DILLONS POINT ROAD,201413422,19/05/2014,Mon,850,PC,CE1E,371A 645A 929 ,,R,D,O ,F ,D,N,N,50,0,0,1,70,,1680284,5404147
Marlborough District,STEPHENSON ST,100,E, ,REDWOOD ST,201443448,08/09/2014,Mon,1700,MD,CW1V,371B 377B 839 ,,R,D,TF,F , ,N,N,50,0,0,0,,,1680259,5403189
Marlborough District,STEPHENSON ST,50,E, ,WELD ST,201431323,04/03/2014,Tue,1520,BC,CW1C,122A 930 ,,R,D,OF,F ,D,N,C,50,0,0,0,,,1679643,5403159
Marlborough District,SYMONS ST,20,N, ,MAIN ST,201413423,23/03/2014,Sun,309,PO,CS1E,105B 722B ,,E,D,DO,F , , ,R,50,0,1,0,29,,1680013,5403806
Marlborough District,TEREICE ST,60,E, ,HOPE DRIVE,201440381,16/07/2014,Wed,1930,EA,VE1C,129A ,M,R,D,DO,F , , ,N,50,0,0,0,,,1678784,5400798
Marlborough District,WAIHOPAI VALLEY ROAD,600,N, ,AVONDALE ROAD,201410560,16/02/2014,Sun,2045,CB,4N1,103A 197A ,,R,D,TN,F , ,N,N,100,0,2,0,,,1658590,5392735
Marlborough District,WAIKAWA ROAD,50,W, ,NEWGATE ST,201430190,21/01/2014,Tue,1555,JA,CW1C,308B 375B 507B 801 929 ,,R,W,OF,L ,D, ,C,50,0,0,0,,,1684773,5428564
Marlborough District,WAIKAWA ROAD,100,S, ,SURREY ST,201449396,30/12/2014,Tue,1530,MO,VN1C,371A 671A ,M,R,D,B ,F , , ,C,50,0,0,0,,,1684950,5428692
Marlborough District,WAIKAWA ROAD,, ,I,SURREY ST,201446366,27/09/2014,Sat,1214,GD,CN1C,331A 358A ,,R,D,BF,F ,X,G,C,50,0,0,0,,,1685015,5428768
Marlborough District,WAIKAWA ROAD,50,S, ,SUSSEX ST,201441675,16/07/2014,Wed,1555,CC,CN1C,130A 350A 402A ,M,R,D,O ,F , , ,C,50,0,0,0,,,1685408,5429224
Marlborough District,WAIRAU BAR ROAD,300,W, ,MARUKOKO DRAIN BR,201441206,22/07/2014,Tue,1100,DB,4W1,131A 386A 804 ,P,E,D,B ,F , , ,C,100,0,0,0,,,1685728,5406831
Marlborough District,WELD ST,, ,I,GOULTER ST,201412610,11/04/2014,Fri,1650,HA,VW1C,302B 375B ,,R,W,OF,L ,X,G,N,50,0,0,1,,,1689553,5386173
Marlborough District,WELD ST,40,N, ,GRAHAM ST,201436932,25/05/2014,Sun,934,MO,4S1,371A 504A 929 ,F,R,D,B ,F ,D,N,N,50,0,0,0,,,1679601,5402988
Marlborough District,WELLINGTON ST,20,N, ,WAIKAWA ROAD,201415845,30/08/2014,Sat,1817,QB,4N1C,103A 130A ,KM,R,D,DO,F , , ,R,50,0,0,1,,,1684400,5428500
Marlborough District,WITHER ROAD,, ,I,HOWICK ROAD,201417574,24/11/2014,Mon,1926,HA,CW1C,302B ,,R,D,TF,F ,X,G,C,50,0,0,1,,,1679273,5401008
Marlborough District,WITHER ROAD,50,E, ,REDWOOD ST,201411753,27/03/2014,Thu,752,EA,CE14,129A 363A 370A 902 ,M,R,D,B ,F , , ,C,50,0,0,1,,,1680318,5401061
Marlborough District,1S/0/0.297,, ,I,DUBLIN ST,201431540,21/01/2014,Tue,1200,LB,CN1C,303B 801 ,,R,W,O ,L ,X,S,C,50,0,0,0,,,1684207,5428487
Marlborough District,1S/0/0.297,, ,I,DUBLIN ST,201430850,03/01/2014,Fri,1120,HA,CS1V,301B 375B ,,R,W,OF,HS,X,S,N,50,0,0,0,,,1684207,5428487
Marlborough District,1S/0/1.264,20,S, ,KENT ST,201434365,11/04/2014,Fri,1500,AA,CS14,372A ,,R,D,O ,F ,T,G,C,50,0,0,0,,,1683788,5427746
Marlborough District,1S/0/1.921,180,S, ,ANGLE ST,201434024,13/04/2014,Sun,2139,MC,CS1C,353B 372B ,,R,W,DO,L , ,N,C,50,0,0,0,,,1683346,5427261
Marlborough District,1S/0/2.253,500,S, ,ANGLE ST,201439185,18/05/2014,Sun,1825,DB,CN1,131A 407A ,G,M,D,DN,F , ,N,L,100,0,0,0,,,1683149,5427011
Marlborough District,1S/0/2.521,3100,N, ,LINDENS ROAD,201450175,27/10/2014,Mon,2046,EC,CS1,912,W,M,D,DN,F , , ,C,100,0,0,0,,,1682920,5426856
Marlborough District,1S/0/2.753,1000,S, ,ANGLE ST,201413412,22/06/2014,Sun,1245,DA,4N1,111A 131A ,G,M,D,O ,F , , ,L,100,0,0,1,,,1682706,5426807
Marlborough District,1S/0/5.721,100,S, ,LINDENS ROAD,201431426,06/03/2014,Thu,1000,CB,CS1,358A ,V,R,D,ON,F , ,N,C,100,0,0,0,,,1681193,5424374
Marlborough District,1S/0/8.351,20,S, ,FACTORY ROAD,201417821,04/12/2014,Thu,1615,DA,CN1,129A 407A 427A ,F,E,D,O ,F , , ,C,100,0,0,1,,,1680000,5422060
Marlborough District,1S/0/11.587,500,S, ,PARA ROAD,201436070,25/05/2014,Sun,1330,AA,CN1C,372A ,,R,D,ON,FS, ,N,C,100,0,0,0,,,1679175,5419003
Marlborough District,1S/0/13.455,5000,N, ,BUSH ROAD,201431922,15/02/2014,Sat,1213,DA,4N1T4,668A 197B ,,E,D,BN,F , ,N,C,100,0,0,0,,,1679532,5417249
Marlborough District,1S/18/0.783,, ,I,BUSH ROAD,201411072,30/01/2014,Thu,1839,BC,VS1T,121A ,,E,D,TF,F ,T,G,C,80,0,0,1,,,1680218,5413315
Marlborough District,1S/18/1.12,, ,I,HUNTER ROAD,201432886,14/03/2014,Fri,1700,KB,4N1V,302B ,,E,D,B ,F ,T,G,P,80,0,0,0,,,1680406,5413040
Marlborough District,1S/18/2.92,1800,S, ,HUNTER ROAD,201410754,02/04/2014,Wed,300,CB,CS1,116A 137A 198A 817 ,,R,D,DN,F , ,N,N,80,0,0,1,,,1680556,5411296
Marlborough District,1S/18/4.573,, ,I,SH 62,201448189,25/11/2014,Tue,1845,LB,CN1C,303B 377B 404B ,,R,D,O ,F ,X,S,C,70,0,0,0,,,1680353,5409656
Marlborough District,1S/18/5.876,50,N, ,MILLS AND FORD ROAD EAST,201413896,26/06/2014,Thu,845,CA,4S1,137A 158A ,G,R,D,B ,F , , ,C,100,0,0,1,,,1680332,5408354
Marlborough District,1S/18/5.926,, ,I,MILLS AND FORD ROAD EAST,201432103,10/03/2014,Mon,1100,JA,4N14,302B 350B ,,E,D,B ,F ,T,G,R,100,0,0,0,,,1680332,5408304
Marlborough District,1S/18/6.069,, ,I,VICKERMAN ST,201435782,16/05/2014,Fri,1835,EC,CS1,912,W,R,D,DO,F ,T,G,C,100,0,0,0,,,1680333,5408161
Marlborough District,1S/18/6.685,160,N, ,STACES ROAD,201413783,11/06/2014,Wed,300,DA,CS1,103A 131A ,V,E,W,DN,H , ,N,C,100,0,0,1,,,1680560,5407601
Marlborough District,1S/18/6.845,, ,I,STACES ROAD,201432139,20/01/2014,Mon,1140,LB,CN1V,113B 303B 375B ,,E,D,B ,F ,T,G,C,100,0,0,0,,,1680592,5407444
Marlborough District,1S/18/7.011,, ,I,FELL ST,201442736,29/08/2014,Fri,745,MC,CS1C,372B ,,R,D,ON,F ,T,G,C,100,0,0,0,,,1680617,5407280
Marlborough District,1S/18/7.021,10,S, ,FELL ST,201431916,15/02/2014,Sat,1325,GA,CN1V,181A 923 ,,M,D,BF,F ,D,G,C,100,0,0,0,,,1680616,5407270
Marlborough District,1S/18/7.113,50,N, ,NOLANS ROAD,201447885,05/11/2014,Wed,1545,ED,CN1T,197A ,Q,R,D,ON,F , ,N,C,100,0,0,0,,,1680609,5407178
Marlborough District,1S/18/7.163,, ,I,NOLANS ROAD,201435147,02/04/2014,Wed,1340,GE,CS1V,112A 150A 331A ,,R,D,B ,F ,T,N,C,100,0,0,0,,,1680604,5407128
Marlborough District,1S/18/7.746,400,N, ,ROWLEY CRESCENT,201445454,19/09/2014,Fri,20,CA,CN1,130A 410A ,F,R,W,DN,L , , ,C,100,0,0,0,,,1680551,5406548
Marlborough District,1S/18/8.146,, ,I,ROWLEY CRESCENT,201434598,13/03/2014,Thu,1420,JA,TN1C,302B 375B ,,E,D,BN,F ,T,G,C,100,0,0,0,,,1680511,5406150
Marlborough District,1S/18/9.307,, ,I,DODSON ST,201447151,10/11/2014,Mon,1520,JA,CN1C,302B ,,R,D,B ,F ,T,G,C,50,0,0,0,,,1680198,5405056
Marlborough District,1S/18/9.443,, ,I,BUDGE ST,201410716,13/03/2014,Thu,1846,LB,VN1V,303B 375B ,,R,D,B ,F ,X,G,R,50,0,0,1,,,1680168,5404923
Marlborough District,1S/18/9.463,20,S, ,BUDGE ST,201448305,18/12/2014,Thu,1338,FD,CS1CC,331A 350A ,,R,D,B ,F , ,N,C,50,0,0,0,,,1680164,5404904
Marlborough District,1S/18/9.589,, ,I,FARMAR ST,201434269,26/02/2014,Wed,1145,MC,VN1C,370B 372B 404B ,,R,D,B ,F ,T,N,C,50,0,0,0,,,1680136,5404781
Marlborough District,1S/18/9.772,15,S, ,PITCHILL ST,201445408,18/08/2014,Mon,1012,QG,TS1C,668A ,M,R,D,B ,F , , ,C,50,0,0,0,,,1680096,5404603
Marlborough District,1S/18/9.967,, ,I,DILLONS POINT ROAD,201438135,18/05/2014,Sun,1610,HA,CN1C,302A ,,E,D,BF,F ,R,G,C,50,0,0,0,,,1680061,5404411
Marlborough District,1S/18/9.967,, ,I,NELSON ST,201432244,21/02/2014,Fri,1923,LB,CN1C,302A 375A ,,R,D,B ,F ,R,G,R,50,0,0,0,,,1680061,5404411
Marlborough District,DILLONS POINT ROAD,, ,I,1S/18/9.998,201437456,31/05/2014,Sat,1550,KA,VS1C,302B 363B 902 ,,R,D,B ,F ,R,G,R,50,0,0,0,,,1680061,5404391
Marlborough District,1S/18/9.998,, ,I,DILLONS POINT ROAD,201431758,04/02/2014,Tue,1530,KA,CW2C,302B ,,M,D, N,F ,R,G, ,50,0,0,0,,,1680061,5404391
Marlborough District,1S/28/0.292,, ,I,HORTON ST,201410752,03/04/2014,Thu,1137,AO,4S14,130A 501A ,,R,D,B ,F ,R,G,C,50,0,0,1,,,1680063,5404099
Marlborough District,ALFRED ST,, ,I,1S/28/0.308,201434906,26/02/2014,Wed,1810,AO,CE1C,129A ,,R,D,BF,F ,R,G,R,50,0,0,0,,,1680053,5404090
Marlborough District,ALFRED ST,, ,I,1S/28/0.308,201438005,16/06/2014,Mon,1210,GF,BE1C,386A ,,S,D,B ,F ,R,G,P,50,0,0,0,,,1680053,5404090
Marlborough District,1S/28/0.453,150,N, ,PARK TERRACE,201417274,16/11/2014,Sun,1350,FD,CS1CC,181A 331A ,,R,D,B ,F , , ,C,50,0,0,1,,,1680078,5403951
Marlborough District,1S/28/0.553,50,N, ,MAIN ST,201441649,13/08/2014,Wed,1225,FD,VN1C,181A 353A 358A ,,R,D,B ,F , , ,C,50,0,0,0,,,1680081,5403851
Marlborough District,MAIN ST,, ,I,1S/28/0.635,201445310,02/10/2014,Thu,1845,KC,TS2C,129A ,,S,D,TF,F ,R,G,R,50,0,0,0,,,1680120,5403794
Marlborough District,1S/28/0.635,, ,I,REDWOOD ST,201446297,23/09/2014,Tue,1340,HA,CW1C,302A 375A ,,E,D,BF,F ,R,G,R,50,0,0,0,,,1680120,5403794
Marlborough District,REDWOOD ST,, ,I,1S/28/0.641,201445262,06/10/2014,Mon,535,HA,TN1T,197A 197B 302B 901 903 ,,E,W,DO,HS,R,G,C,50,0,0,0,,,1680097,5403774
Marlborough District,1S/28/0.861,20,W, ,OPAWA ST,201448747,21/11/2014,Fri,1205,FD,CW1VC,112A 331A 402A ,,R,D,O ,F , , ,C,50,0,0,0,,,1680345,5403805
Marlborough District,1S/28/0.881,, ,I,OPAWA ST,201442845,02/09/2014,Tue,1700,HA,4E1C,113B 302B ,,R,D,O ,F ,X,G,C,50,0,0,0,,,1680365,5403806
Marlborough District,STUART ST,, ,I,1S/28/1.119,201439661,19/06/2014,Thu,1615,HA,CE2C,301B ,,R,D,B ,F ,X,S,C,50,0,0,0,,,1680603,5403818
Marlborough District,1S/28/1.434,, ,I,ELZY ST,201447768,14/11/2014,Fri,930,DB,VW1C,131A 411A 412A ,FHM,E,D,B ,F ,T,S,C,50,0,0,0,,,1680918,5403834
Marlborough District,1S/28/2.808,250,N, ,ALABAMA ROAD,201448307,25/12/2014,Thu,1650,DB,CN1,101A 410A ,FGT,E,D,B ,F , ,N,C,70,0,0,0,,,1681924,5403045
Marlborough District,1S/28/4.873,, ,I,MALTHOUSE ROAD,201431103,19/02/2014,Wed,1208,MC,VW14,372B ,,R,D,B ,F ,T,N,C,100,0,0,0,,,1683673,5402156
Marlborough District,1S/28/11.004,90,N, ,SEVENTEEN VALLEY BR,201436463,14/05/2014,Wed,1727,DB,CS1,111A 131A ,F,M,W,TN,F , ,N,C,100,0,0,0,,,1686150,5398209
Marlborough District,1S/28/11.004,1900,S, ,SMITHS OBR,201436930,19/05/2014,Mon,1845,EC,CN1C,912,W,R,D,DN,F , , ,C,100,0,0,0,,,1686150,5398209
Marlborough District,1S/28/12.121,, ,A,PUKA PUKA BR,201410344,23/01/2014,Thu,710,BF,MN14,131A 903 ,,E,D,BN,FS, ,N,C,100,0,1,1,,,1686333,5397129
Marlborough District,1S/28/14.62,2500,S, ,PUKA PUKA BR,201441509,09/05/2014,Fri,503,DB,CN1,131A 414A ,,M,W,DN,F , ,N,L,100,0,0,0,,,1687057,5395096
Marlborough District,1S/28/15.137,6500,N, ,REDWOOD PASS ROAD,201443524,06/08/2014,Wed,820,DA,CS1,135A 806 ,G,S,W,ON,L , ,N,C,100,0,0,0,,,1687510,5394930
Marlborough District,1S/43/0.906,400,N, ,DASHWOOD PASS OBR,201400182,03/09/2014,Wed,730,DB,4N1,131A ,E,E,D,BN,F , ,N,C,100,1,0,0,,,1687580,5393439
Marlborough District,1S/43/2.864,3000,N, ,AWATERE VALLEY ROAD,201448309,11/12/2014,Thu,346,DB,TN1,330A 410A ,,E,W,DN,F , ,N,C,80,0,0,0,,,1688257,5391822
Marlborough District,1S/43/7.864,2000,S, ,REDWOOD PASS ROAD S,201448178,28/11/2014,Fri,1055,QD,TN1,612A ,F,S,D,B ,F , , ,L,100,0,0,0,,,1689630,5387128
Marlborough District,1S/43/10.728,30,W, ,BLIND RIVER LOOP ROAD,201410882,12/01/2014,Sun,1328,DB,4N1,131A 407A 903 ,C,E,D,B ,FS, , ,C,100,0,0,2,,,1689751,5384802
Marlborough District,1S/43/10.758,, ,I,BLIND RIVER LOOP ROAD,201431785,06/02/2014,Thu,34,DB,TN1,111A 131A 402A ,B,M,D,DO,F ,T,G,C,100,0,0,0,,,1689774,5384784
Marlborough District,1S/43/12.758,2000,S, ,BLIND RIVER LOOP ROAD,201446699,11/11/2014,Tue,930,CB,CN1,410A ,G,R,D,B ,F , , ,C,100,0,0,0,,,1690873,5383608
Marlborough District,1S/57/2.39,, ,I,CASEYS ROAD,201440076,15/07/2014,Tue,450,EC,TS1,912,W,E,D,DN,F ,T,G,C,100,0,0,0,,,1692392,5380724
Marlborough District,1S/57/3.871,620,W, ,KAPARU ROAD,201449586,18/07/2014,Fri,530,EC,TN1,912,W,R,D,DN,FF, , ,C,100,0,0,0,,,1693261,5379570
Marlborough District,1S/57/6.548,150,S, ,MARFELLS BEACH ROAD,201416320,15/10/2014,Wed,1036,BA,TN1T,125A 386A ,,R,D,B ,F , ,N,C,100,0,0,2,,,1694579,5377540
Marlborough District,1S/57/8.328,1270,N, ,TAIMATE ROAD,201410823,26/01/2014,Sun,1340,DA,CN1,131A 198A 402A 801 903 ,C,E,W,O ,LS, , ,C,100,0,1,1,,,1694862,5375826
Marlborough District,1S/57/9.718,120,S, ,TAIMATE ROAD,201411532,09/03/2014,Sun,1633,BC,CN1C,129A 410A ,E,E,W,BN,L , ,N,C,100,0,3,0,,,1695452,5374590
Marlborough District,1S/57/10.698,1100,S, ,TAIMATE ROAD,201417880,04/12/2014,Thu,1647,DA,CN1,131A 353A 404A 412A ,F,E,D,O ,F , , ,C,100,0,0,2,,,1695397,5373633
Marlborough District,1S/73/1.033,, ,I,SEDDON ST,201435145,07/04/2014,Mon,730,GD,CN14,181A 331A ,,R,D,O ,M ,T,N,C,80,0,0,0,,,1693909,5368518
Marlborough District,1S/73/2.361,500,S, ,WESTS ROAD,201431423,09/03/2014,Sun,1225,DB,CS1,195A ,,E,D,ON,F , ,N,C,100,0,0,0,,,1693278,5367359
Marlborough District,1S/73/2.661,800,S, ,WESTS ROAD,201439861,09/07/2014,Wed,545,DA,CS1,102A 131A 357A 402A 514A 904 ,EF,E,W,DN,M , , ,C,100,0,0,0,,,1693131,5367100
Marlborough District,1S/73/3.461,1600,S, ,WESTS ROAD,201411598,17/03/2014,Mon,1730,CB,CN1,129A 134A 410A ,F,R,D,BN,F , ,N,C,100,0,0,2,,,1693078,5366309
Marlborough District,1S/73/7.408,2000,N, ,URE ROAD,201435467,06/04/2014,Sun,1427,CB,CN1,116A 139A 330A 817 ,,R,D,BN,F , ,N,N,100,0,0,0,,,1692741,5362575