TLANAME,CRASHROAD,CRASHDIST,CRASHDIRN,INTSN,SIDEROAD,CRASHID,CRASHDATE,CRASHDOW,CRASHTIME,MVMT,VEHICLES,CAUSES,OBJECTSSTRUCK,ROADCURVE,ROADWET,LIGHT,WTHRa,JUNCTYPE,TRAFCTRL,ROADMARK,SPDLIM,CRASHFATALCNT,CRASHSEVCNT,CRASHMINCNT,PERSAGE1,PERSAGE2,EASTING,NORTHING
Marlborough District,1S/73/9.108,300,N, ,URE ROAD,201410332,29/01/2014,Wed,1420,QF,4S1,112A 406A ,EF,R,D,BF,F , ,N,C,90,0,0,1,,,1692468,5360916
Marlborough District,6/0/0.084,, ,I,BOMFORD ST,201445307,04/07/2014,Fri,1630,HA,CW1C,302B ,,R,D,O ,F ,X,G,C,50,0,0,0,,,1679967,5404398
Marlborough District,6/0/0.306,, ,I,HUTCHESON ST,201436994,20/05/2014,Tue,1635,HA,CE1C,302A ,,E,D,O ,F ,R,G,R,50,0,0,0,,,1679756,5404388
Marlborough District,6/0/0.784,25,E, ,CURRY ST,201413782,11/06/2014,Wed,2155,FD,VE1C,181A ,,R,W,DO,L , ,N,C,50,0,0,1,,,1679278,5404363
Marlborough District,6/0/1.657,, ,I,BOYCE ST,201430102,05/01/2014,Sun,1335,LB,CW1V,303B 404B ,,R,D,B ,F ,T,G,R,50,0,0,0,,,1678407,5404319
Marlborough District,6/0/1.793,20,E, ,COLEMANS ROAD,201443822,06/05/2014,Tue,1515,AA,CW1C,372A ,,R,D,BF,F , ,N,C,50,0,0,0,,,1678271,5404313
Marlborough District,6/0/2.183,50,E, ,BATTYS ROAD,201439948,19/06/2014,Thu,1345,FC,CW1C,181A ,,R,D,BF,F , ,N,X,50,0,0,0,,,1677882,5404291
Marlborough District,6/0/2.233,, ,I,BATTYS ROAD,201431422,07/03/2014,Fri,1440,HA,CN2C,302A 375A ,,R,D,OF,F ,X,G,C,50,0,0,0,,,1677832,5404288
Marlborough District,6/0/4.524,20,W, ,BELLS ROAD,201433285,19/03/2014,Wed,1515,FE,4W14,181A 817 ,,R,D,BN,F , ,T,N,50,0,0,0,,,1675544,5404173
Marlborough District,6/0/4.554,50,W, ,BELLS ROAD,201412477,21/03/2014,Fri,1540,FE,TW1CC,331A 350A 817 ,,R,D,B ,F , ,T,L,100,0,0,1,,,1675514,5404171
Marlborough District,6/0/7.347,, ,A,KINGSFORD SMITH AVENUE,201435683,09/05/2014,Fri,1130,FA,CW1C,331A ,,R,D,B ,F ,T,N,C,80,0,0,0,,,1672724,5404032
Marlborough District,6/0/7.578,, ,I,TANCRED CRESCENT,201433590,14/03/2014,Fri,750,LB,TW1C,303B 363B 902 ,,R,D,BF,F ,T,G,R,80,0,0,0,,,1672494,5404021
Marlborough District,6/10/1.507,, ,I,UXBRIDGE ST,201443835,17/08/2014,Sun,1245,HA,CW14,302B 375B ,,R,D,BF,F ,X,G,C,50,0,0,0,,,1668987,5404528
Marlborough District,6/10/1.604,140,E, ,INKERMAN ST,201413335,17/05/2014,Sat,1800,JA,CE1C,101B 308B 923 ,,R,D,DO,F ,D, ,C,50,0,0,2,,,1668898,5404493
Marlborough District,6/10/2.373,5,N, ,GEE ST,201444284,22/06/2014,Sun,615,CB,CS1,410A ,FPS,R,W,DO,F ,X,G,L,70,0,0,0,,,1668333,5404731
Marlborough District,6/10/2.527,, ,A,GIBSON CREEK BR,201432135,14/03/2014,Fri,935,CB,CN1,129A 410A ,CP,R,D,B ,F , ,N,C,70,0,0,0,,,1668326,5404885
Marlborough District,6/16/0.328,, ,A,WAIRAU BRIDGE,201410507,21/01/2014,Tue,1800,BA,CS1C,104A 129A ,,R,D,ON,F , ,N,C,100,0,0,2,,,1667787,5407878
Marlborough District,6/16/2.23,1050,N, ,NORTHBANK ROAD,201447769,14/11/2014,Fri,1615,CC,CN1,130A ,F,R,D,B ,F , , ,C,100,0,0,0,,,1666746,5409444
Marlborough District,6/16/2.548,100,N, ,LAMBERTS ROAD,201439655,01/05/2014,Thu,,DA,CS1,129A 131A ,C,E,D,B ,F , , ,L,100,0,0,0,,,1666594,5409723
Marlborough District,6/16/6.152,870,S, ,CAMERONS ROAD,201417942,15/11/2014,Sat,2,DA,CS1,111A 131A ,,E,D,DN,F , , ,C,100,0,0,1,,,1664516,5412558
Marlborough District,6/16/8.381,1700,S, ,MOUNT RILEY ROAD,201443525,03/08/2014,Sun,2050,BC,CS1C,129A ,,E,W,DN,L , ,N,C,100,0,0,0,,,1663532,5414355
Marlborough District,6/16/11.398,700,N, ,KENNINGTONS ROAD,201436931,24/05/2014,Sat,1600,CB,CN1C,112A 197A 801 ,T,R,W,O ,L , , ,C,100,0,0,0,,,1664625,5416703
Marlborough District,6/34/3.844,950,N, ,READERS ROAD,201417680,27/12/2014,Sat,933,CB,CS1,358A 903 ,FT,R,D,B ,FS, ,N,C,100,0,0,1,,,1664495,5427453
Marlborough District,6/34/4.474,1000,S, ,MAHAKIPAWA ROAD,201413274,19/06/2014,Thu,1411,CB,VS1,610A 680A ,,R,D,B ,F , ,N,C,100,0,0,1,,,1664484,5428083
Marlborough District,6/34/15.026,420,N, ,RACECOURSE BR,201415846,15/09/2014,Mon,1915,DA,CN1,131A 501A ,C,E,D,DN,L , , ,C,100,0,0,1,,,1656822,5428948
Marlborough District,6/50/8.226,1200,S, ,MAUNGATAPU ROAD,201418429,17/11/2014,Mon,1600,CC,CW1,411A 801 ,F,R,W,O ,L , , ,C,100,0,0,1,,,1648822,5427768
Marlborough District,6/50/13.823,, ,I,BULFORD ROAD,201412659,15/04/2014,Tue,950,DA,CN2,131A 386A ,E,R,W,ON,H ,T,G,C,100,0,0,1,,,1648179,5432233
Marlborough District,6/65/1.012,250,S, ,HILLS ROAD,201418704,22/12/2014,Mon,130,CC,CN1,410A ,V,R,D,DN,F , , ,C,100,0,0,2,,,1648509,5434324
Marlborough District,6/65/2.537,30,S, ,BRYANTS ROAD,201447556,06/11/2014,Thu,2128,EC,4S1,901 912 ,W,R,W,DO,H , , ,C,60,0,0,0,,,1648869,5435806
Marlborough District,6/65/3.589,40,N, ,RONGA ROAD,201418421,27/10/2014,Mon,1640,DB,CN1,131A 407A 680A ,EST,M,D,O ,F , , ,L,100,0,0,2,,,1649157,5436794
Marlborough District,6/65/6.749,3200,N, ,RONGA ROAD,201414668,27/07/2014,Sun,1645,DA,MS1,135A 804 ,,M,D,TN,F , , ,C,100,0,0,1,,,1647124,5438791
Marlborough District,SH 1S,, ,I,62/0/0,201441999,20/08/2014,Wed,1355,HA,CE2C,301A 375A ,,R,W,O ,F ,X,S,R,70,0,0,0,,,1680353,5409656
Marlborough District,62/0/0,, ,I,SH 1S,201433109,23/03/2014,Sun,1750,FB,CE14,181A ,,R,D,B ,F ,X,S,R,70,0,0,0,,,1680353,5409656
Marlborough District,62/0/0.856,250,E, ,MURRAYS ROAD,201411712,11/03/2014,Tue,25,DA,CE1,103A 111A 131A ,F,M,D,DN,F , , ,C,100,0,3,0,,,1679625,5410002
Marlborough District,62/0/1.106,, ,I,MURRAYS ROAD,201436161,10/05/2014,Sat,1400,GD,VE14,331A ,,R,D,B ,F ,T,G,C,100,0,0,0,,,1679387,5409955
Marlborough District,62/0/11.235,, ,I,VINTAGE LANE,201415016,12/08/2014,Tue,930,GE,CE1T,151A 160A ,,R,D,B ,F ,T,G,C,80,0,0,1,,,1669699,5407144
Marlborough District,63/0/3.406,, ,I,WAIHOPAI VALLEY ROAD,201444529,26/09/2014,Fri,1655,JA,CW1V,302B 671B ,,R,D,B ,F ,T,G,C,100,0,0,0,,,1666605,5403722
Marlborough District,63/0/6.672,, ,I,LANARK LANE,201415293,19/08/2014,Tue,731,GD,VW1V,331A 353A ,,R,D,BN,F ,T,N,C,100,0,0,1,,,1663343,5403561
Marlborough District,63/0/9.237,20,W, ,WAIHOPAI BR,201443821,10/08/2014,Sun,940,GE,4W14,333A 930 ,,R,D,BN,F ,D,N,C,100,0,0,0,,,1661134,5402320
Marlborough District,63/0/12.217,3000,W, ,WAIHOPAI BR,201431759,31/01/2014,Fri,1959,CB,CW1,130A 195A ,F,R,D,BN,F , ,N,C,100,0,0,0,,,1658279,5402419
Marlborough District,63/0/14.212,, ,A,WALKERS STREAM BR,201446798,08/11/2014,Sat,1350,CC,40,103A ,,R,D,B ,F , ,N,N,100,0,0,0,,,1656370,5401857
Marlborough District,63/17/3.995,480,W, ,SCHOLLUMS ROAD,201431766,07/02/2014,Fri,1620,FA,CW1O,112A 331A 402A ,,R,W,ON,L , ,N,C,100,0,0,0,,,1650141,5400755
Marlborough District,63/59/7.268,2100,E, ,WAIRAU (WASH) BR,201418694,07/12/2014,Sun,1139,DB,MN1,195A ,V,S,W,ON,H , ,N,C,100,0,1,0,,,1609522,5382319
Marlborough District,63/59/9.568,200,S, ,WAIRAU (WASH) BR,201431786,06/02/2014,Thu,827,BE,CN14,197A 205A 404A 197B ,,M,D,O ,F , , ,C,100,0,0,0,,,1607847,5381737
Masterton District,AKURA ROAD,5,N, ,LINCOLN ROAD,201439126,13/06/2014,Fri,1925,GD,CN1C,103A 331A 930 ,,R,D,DN,F ,D,N,C,50,0,0,0,,,1823668,5464551
Masterton District,ANDREW ST,, ,I,MILLARD AVENUE,201415604,13/09/2014,Sat,200,DA,CW1,103A 111A ,V,S,D,DN,F ,T,N,N,50,0,0,1,,,1823065,5461307
Masterton District,BALLANCE ST,, ,I,FRASER ST,201445017,13/10/2014,Mon,539,DA,CE1T,129A 353A ,M,E,D,TF,MF,T,N,N,50,0,0,0,,,1822529,5464355
Masterton District,BANNISTER ST,, ,I,DIXON ST,201441295,17/07/2014,Thu,1229,MO,CN1C,386A 801 ,,R,W,O ,L ,X,S,C,50,0,0,0,,,1824016,5463237
Masterton District,BANNISTER ST,, ,I,HESSEY ST,201446829,31/10/2014,Fri,1054,LB,CN1C,303B 375B ,,R,D,O ,F ,T,N,N,50,0,0,0,,,1824117,5463104
Masterton District,BLACK ROCK ROAD,2200,N, ,TE ORE ORE-BIDEFORD ROAD,201415962,19/09/2014,Fri,1515,JA,CN1C,104A 308B 375B 929 ,,R,D,O ,F ,D, ,C,100,0,2,1,,,1827960,5466485
Masterton District,BLAIRLOGIE LANGDALE ROAD,310,W, ,HOMEWOOD ROAD,201449718,18/10/2014,Sat,1715,DB,CE1,111A 330A ,F,S,W,O ,F , ,N,C,100,0,0,0,,,1854573,5461536
Masterton District,BLUFF RANGITUMAU ROAD,2000,E, ,STUART ROAD,201433461,08/03/2014,Sat,1014,DA,CE1,129A 134A ,P,E,D,BF,F , ,N,C,100,0,0,0,,,1826655,5472657
Masterton District,CASEL ST,, ,I,HOGG CRESCENT,201439651,09/06/2014,Mon,1105,DA,CE2C,131A 433A ,FM,E,W,O ,L ,T,N,N,50,0,0,0,,,1823708,5462749
Masterton District,CASEL ST,, ,I,HOGG CRESCENT,201446120,22/09/2014,Mon,5,MO,CN1C,512A 514A 440B ,M,M,D,DO,F ,T,N,C,50,0,0,0,,,1823708,5462749
Masterton District,CHURCH ST,10,S, ,DIXON ST,201437354,04/06/2014,Wed,1525,FD,CN1C,331A 352A ,,R, , F,F ,R,G,R,50,0,0,0,,,1824116,5463304
Masterton District,CHURCH ST,, ,I,KEATON ST,201450705,13/12/2014,Sat,925,HA,CE1C,302B 375B ,,R,D,OF,F ,X,G,C,50,0,0,0,,,1824441,5462890
Masterton District,COCKBURN ST,, ,I,COLOMBO ROAD,201431079,02/03/2014,Sun,548,DA,CS1,101A 131A ,,M,D,DO,F ,T,N,C,50,0,0,0,,,1823376,5461710
Masterton District,COLE ST,150,W, ,SH 2,201447945,04/11/2014,Tue,1240,EA,CE1C,129A 358A ,M,R,D,B ,F , , ,N,50,0,0,0,,,1823697,5463459
Masterton District,COLOMBO ROAD,, ,I,CHURCH ST,201418491,26/12/2014,Fri,715,DA,MN1,103A 131A ,K,E,D,B ,F ,X,G,C,50,0,0,1,,,1824608,5462675
Masterton District,COLOMBO ROAD,10,E, ,COLOMBO COURT,201417672,03/12/2014,Wed,1524,EA,CW14,129A 410A 500A ,M,R,D,B ,F ,T,G,C,50,0,0,1,,,1823863,5462094
Masterton District,COLOMBO ROAD,, ,I,HERBERT ST,201410616,17/02/2014,Mon,1450,NE,CW1E,376A 711B ,,R,D,B ,F ,X,G,C,50,0,0,1,,,1823708,5461973
Masterton District,COLOMBO ROAD,60,E, ,JOHNSTONE ST,201413073,28/05/2014,Wed,1603,AA,SE1C,105A 372A ,,R,D,BF,F , ,N,C,50,0,0,1,,47,1824382,5462499
Masterton District,COLOMBO ROAD,30,W, ,JONES PLACE,201434892,21/03/2014,Fri,1855,MO,CE1,110A 357A 371A ,FH,R, ,DF,F , ,N,N,50,0,0,0,,,1823588,5461879
Masterton District,COLOMBO ROAD,, ,I,KURIPUNI ST,201449089,26/11/2014,Wed,,HA,CE1C,302B 377B ,,R,D,BF,FS,T,G,C,50,0,0,0,,,1823513,5461820
Masterton District,COLOMBO ROAD,200,S, ,TE ORE ORE ROAD,201418328,21/11/2014,Fri,1509,NA,CN1E,711B 712B 727B ,,R,D,BF,F , ,N,C,50,0,0,1,6,,1825348,5463447
Masterton District,COLOMBO ROAD,10,W, ,WORKSOP ROAD,201413522,03/06/2014,Tue,1745,NB,4E1E,306A 602A ,,E,D,DO,F ,T,G,X,50,0,0,1,15,,1824268,5462411
Masterton District,COLOMBO ROAD,200,W, ,WORKSOP ROAD,201446801,07/11/2014,Fri,1545,MD,CW14,371B 930 ,,R,D,O ,F ,D,N,C,50,0,0,0,,,1824118,5462294
Masterton District,CORNWALL ST,, ,I,POWNALL ST,201448861,28/11/2014,Fri,805,FB,CE1C,181A 191B 903 ,,R,D,O ,FS,X,S,C,50,0,0,0,,,1822390,5463164
Masterton District,DIXON ST,20,W, ,BANNISTER ST,201417673,04/12/2014,Thu,1035,LB,PE1C,303B 375B 402B 926 ,,R,D,B ,F ,D,N,C,50,0,0,1,,,1824000,5463224
Masterton District,DIXON ST,30,W, ,BRUCE ST,201446205,21/09/2014,Sun,1625,MA,CE1C,373B 671B ,,R,D,OF,F , ,N,C,50,0,0,0,,,1824343,5463492
Masterton District,DIXON ST,40,N, ,MEMORIAL DRIVE,201445974,22/10/2014,Wed,1030,FA,CN1C,181A 331A ,,E,D,B ,F , , ,C,50,0,0,0,,,1824535,5463646
Masterton District,DIXON ST,, ,I,RUSSELL ST,201412777,20/03/2014,Thu,1700,LB,SN1C,303B 377B ,,R,D,BF,F ,T,G,C,50,0,0,1,,55,1823333,5462705
Masterton District,DIXON ST,, ,I,SMITH ST,201440109,10/06/2014,Tue,830,JA,CW1C,302B 375B ,,R,W,O ,F ,T,G,R,50,0,0,0,,,1823721,5463007
Masterton District,DREYERS ROCK ROAD,300,E, ,OPAKI-KAIPARORO ROAD,201447377,10/11/2014,Mon,930,DB,TE1,130A 631A ,,M,D,B ,F , ,N,C,100,0,0,0,,,1829859,5484110
Masterton District,ESSEX ST,100,W, ,SH 2,201447859,03/11/2014,Mon,2220,GB,CW1C,158A 333A 929 ,,R, , O,  ,D,N,C,50,0,0,0,,,1823594,5463325
Masterton District,HERBERT ST,150,S, ,DIXON ST,201432023,18/02/2014,Tue,1520,MC,CS1C,372B ,,R,D,O ,F , , ,C,50,0,0,0,,,1823305,5462494
Masterton District,HERBERT ST,, ,I,TUI ST,201418025,22/11/2014,Sat,1300,JA,CS1S,113B 614B ,,R,D,BF,F ,T,N,C,50,0,0,1,,17,1823552,5462173
Masterton District,JOHNSTONE ST,80,S, ,MAKORA ROAD,201448814,01/12/2014,Mon,1040,MD,SN1C,204A 308B 371B 801 930 ,,R,W,O ,L ,D, ,C,50,0,0,0,,,1824489,5462101
Masterton District,KAKA ST,230,S, ,WORKSOP ROAD,201431775,05/02/2014,Wed,2030,MO,4S1C,371A ,M,R, ,DO,  , , ,C,50,0,0,0,,,1823902,5462545
Masterton District,KIPPENBERGER ST,80,E, ,FRENCH ST,201439804,01/07/2014,Tue,600,DA,CS1,111A 131A 402A 801 ,FH,S,W,DO,L , , ,C,50,0,0,0,,,1825637,5464118
Masterton District,KIPPENBERGER ST,180,S, ,KITCHENER ST,201437233,18/05/2014,Sun,1730,EA,CS1C,129A ,M,R, , F,  , ,N,N,50,0,0,0,,,1825856,5464363
Masterton District,LINCOLN ROAD,15,N, ,BENTLEY ST,201439127,23/06/2014,Mon,735,MA,4N1V,373B 839 ,,R,D,TF,F , ,N,C,50,0,0,0,,,1823702,5464199
Masterton District,LINCOLN ROAD,, ,I,QUEEN ST,201434032,17/04/2014,Thu,1045,HA,CE2C,302A 386A ,,R,W,O ,H ,X,G,C,50,0,0,0,,,1824036,5463409
Masterton District,LINCOLN ROAD,20,N, ,SH 2,201415528,10/09/2014,Wed,1100,CC,MS1C,130A 350A ,IM,R,D,B ,F , , ,R,50,0,0,1,,,1823943,5463525
Masterton District,LINCOLN ROAD,, ,I,TRUSTEE ST,201431604,09/01/2014,Thu,1107,DA,CE2,111A 131A ,K,M,W,O ,L ,T,G,N,50,0,0,0,,,1823783,5463733
Masterton District,LINCOLN ROAD,, ,I,VILLA ST,201435266,17/04/2014,Thu,1640,FD,CS1C,181A ,,R,W,TF,F ,X,S,C,50,0,0,0,,,1823712,5464095
Masterton District,MANUKA ST,50,N, ,KONINI ST,201448277,22/12/2014,Mon,1235,DB,CS1,111A 351A ,FK,M,D,B ,F , ,N,C,50,0,0,0,,,1825351,5464807
Masterton District,MASTERS CRESCENT,50,N, ,CORNWALL ST,201437364,13/06/2014,Fri,1920,MO,CN1,133A 427A 929 ,F,R, , F,  ,D, ,N,50,0,0,0,,,1821937,5463398
Masterton District,MASTERTON-CASTLEPOINT ROA,3000,W, ,BLAIRLOGIE LANGDALE ROAD,201442553,21/01/2014,Tue,1205,BF,4N14,111A 135A 801 ,,M,W,ON,L , ,N,C,100,0,0,0,,,1842903,5464254
Masterton District,MASTERTON-CASTLEPOINT ROA,3000,W, ,BUTE ROAD,201439298,26/06/2014,Thu,1155,DA,CE1,129A 131A 800 ,F,M,W,B ,F , , ,C,100,0,0,0,,,1853150,5467214
Masterton District,MASTERTON-CASTLEPOINT ROA,15,N, ,LANGDALE ROAD,201437152,08/05/2014,Thu,630,BA,TS1T,125A ,,R,D,DN,F , ,N,C,100,0,0,0,,,1856763,5466950
Masterton District,MASTERTON-CASTLEPOINT ROA,510,E, ,MASTERTON-STRONVAR ROAD,201415603,07/09/2014,Sun,1600,CB,CW1,410A 504A ,P,R,D,B ,F , ,N,C,100,0,0,2,,,1829470,5461782
Masterton District,MASTERTON-CASTLEPOINT ROA,120,S, ,MASTERTON-STRONVAR ROAD,201400100,05/05/2014,Mon,1840,DA,CW1,101A 111A 131A 402A ,F,E,D,DN,F , , ,C,100,1,1,0,,,1829099,5461897
Masterton District,MASTERTON-CASTLEPOINT ROA,4000,E, ,TE KANUKA ROAD,201415063,17/08/2014,Sun,1625,DB,CW1,111A 131A 801 ,,M,W,O ,F , , ,C,100,0,0,1,,,1843382,5464351
Masterton District,MASTERTON-CASTLEPOINT ROA,1200,E, ,TE PARAE ROAD,201413186,10/04/2014,Thu,1648,DB,CE14,111A 129A 131A 130B 197B 801 ,E,M,W,O ,L , , ,C,100,0,0,3,,,1837326,5461948
Masterton District,MASTERTON-CASTLEPOINT ROA,1210,E, ,TE PARAE ROAD,201448324,06/12/2014,Sat,230,DB,VW1,101A 410A ,C,E,D,DN,F , ,N,C,100,0,0,0,,,1837336,5461950
Masterton District,MASTERTON-STRONVAR ROAD,2000,S, ,LONGRIDGE ROAD,201443222,07/08/2014,Thu,638,EC,4N1,912,W,M,D,DN,F , , ,N,100,0,0,0,,,1836229,5453287
Masterton District,MEMORIAL DRIVE,20,S, ,DIXON ST,201434822,29/03/2014,Sat,2230,CB,CN1,103A 129A ,S,R,D,DN,F , ,N,N,50,0,0,0,,,1824524,5463608
Masterton District,MICHAEL ST,250,E, ,POWNALL ST,201446204,30/09/2014,Tue,1115,EA,CE1C,129A 359A ,M,R,D,BF,F , ,N,C,50,0,0,0,,,1822421,5462913
Masterton District,NGAUMU ROAD,1630,S, ,MOTUKAI ROAD,201413255,21/02/2014,Fri,730,DA,CN1,111A 131A ,FV,M,D,B ,F , ,N,C,100,0,0,1,,,1838117,5448291
Masterton District,NGAUMUTAWA ROAD,, ,I,BALLANCE ST,201445137,28/09/2014,Sun,1220,KA,4N1C,302B ,,E,D,O ,F ,T,G,C,50,0,0,0,,,1822566,5464305
Masterton District,NGAUMUTAWA ROAD,, ,I,RENALL ST,201411810,25/03/2014,Tue,805,HA,4N1P,302A 375A ,,R,D,BF,F ,R,G,P,50,0,0,1,,,1821991,5463837
Masterton District,NGAUMUTAWA ROAD,150,W, ,UPPER PLAIN ROAD,201445016,16/10/2014,Thu,1320,GF,TN1C,179A 381A 927 ,,R,D,B ,F ,D,N,N,50,0,0,0,,,1821874,5463744
Masterton District,NGAUMUTAWA ROAD,, ,I,UPPER PLAIN ROAD,201432427,12/02/2014,Wed,1555,KB,CS14,302A ,,E,D,B ,F ,R,G,R,50,0,0,0,,,1821991,5463837
Masterton District,OPAKI-KAIPARORO ROAD,200,N, ,KOPUARANGA RIV BR,201430282,25/01/2014,Sat,1930,DB,CN1,111A 131A 517A ,F,M,D,B ,F , , ,C,100,0,0,0,,,1826089,5479061
Masterton District,OPAKI-KAIPARORO ROAD,, ,I,SOUTH ROAD,201446800,08/11/2014,Sat,1815,FB,CN1C,181A 363A 902 ,,E,D,B ,F ,T,G,C,100,0,0,0,,,1827635,5481802
Masterton District,PAIERAU ROAD,2000,N, ,KIBBLEWHITE ROAD,201442083,06/08/2014,Wed,2100,GE,CN1C,372B 929 ,,R,D,DN,F ,D,N,C,100,0,0,0,,,1822438,5467810
Masterton District,PAIERAU ROAD,1100,S, ,LOOP LINE,201410235,25/01/2014,Sat,1650,CB,CN1,104A 357A 512A ,FP,R,D,B ,F , ,N,L,100,0,1,0,,,1822433,5468103
Masterton District,PAIERAU ROAD,410,W, ,SH 2,201446121,30/09/2014,Tue,1806,QG,TN1,111A 131A 682A ,,M,D,O ,F , , ,C,100,0,0,0,,,1822322,5473126
Masterton District,PERRY ST,100,N, ,SH 2,201444794,23/09/2014,Tue,1130,MO,CS14,129A 386A 507A 929 ,MP,E,D,BF,F ,D,N,C,50,0,0,0,,,1823808,5463510
Masterton District,PERRY ST,20,S, ,SH 2,201442554,10/07/2014,Thu,1154,EA,CS1C,423A ,M,R,D,BF,F , ,N,C,50,0,0,0,,,1823881,5463414
Masterton District,POWNALL ST,70,N, ,ESSEX ST,201434062,04/04/2014,Fri,2304,CB,CS1,103A 112A ,P,R,D,DO,F , ,N,C,50,0,0,0,,,1822902,5463680
Masterton District,POWNALL ST,, ,I,RENALL ST,201435009,09/04/2014,Wed,836,HA,CW24,302A 375A ,,M,D,O ,L ,R,G,R,50,0,0,0,,,1822826,5463504
Masterton District,QUEEN ST,, ,I,CHURCH ST,201438184,22/05/2014,Thu,1610,HA,CN1C,302A 375A ,,R,D,BF,F ,X,G,C,50,0,0,0,,,1824036,5463409
Masterton District,QUEEN ST,, ,I,CRAYNE ST,201439062,29/06/2014,Sun,1230,HA,CN1C,302A 375A ,,R,D,BF,F ,X,G,C,50,0,0,0,,,1822935,5462552
Masterton District,QUEEN ST,, ,I,CRAYNE ST,201446207,24/09/2014,Wed,1250,HA,CW1C,302A 375A ,,R,D,BF,F ,X,G,C,50,0,0,0,,,1822935,5462552
Masterton District,QUEEN ST,, ,I,CRAYNE ST,201431264,05/02/2014,Wed,945,HA,CN1C,302B 375B ,,R,D,OF,F ,X,G,C,50,0,0,0,,,1822935,5462552
Masterton District,QUEEN ST,100,N, ,HARLEQUIN ST,201413074,29/05/2014,Thu,1440,AC,SN1P,375A ,,R,D,BF,F , ,N,C,50,0,0,2,,16,1823484,5462976
Masterton District,QUEEN ST,20,N, ,PARK ST,201415710,14/08/2014,Thu,1520,CB,CS1,129A 507A ,X,R,W,OF,LS, ,N,C,50,0,0,1,,,1824165,5463508
Masterton District,QUEEN ST,30,E, ,RENALL ST,201440849,07/08/2014,Thu,1320,PC,4S1,308A 376A 925 ,,R,D,B ,F ,D,N,C,50,0,0,0,,,1823678,5463127
Masterton District,QUEEN ST,200,W, ,RENALL ST,201439675,01/07/2014,Tue,1015,JA,CE1C,308B 377B 927 ,,R,D,O ,F ,D,N,C,50,0,0,0,,,1823497,5462986
Masterton District,QUEEN ST,, ,I,RUSSELL ST,201417330,22/11/2014,Sat,1215,HA,CS1C,321A 351A 801 ,,R,W,O ,L ,X,S,R,50,0,0,6,,,1823260,5462801
Masterton District,QUEEN ST,30,E, ,WORKSOP ROAD,201446833,04/11/2014,Tue,1630,EE,CE1C,386A 374B ,Q,E,D,B ,F , ,N,C,50,0,0,0,,,1823730,5463168
Masterton District,RENALL ST,200,W, ,POWNALL ST,201450533,29/06/2014,Sun,1825,EA,CE1C,129A 402A ,M,R,D,DO,F , , ,C,50,0,0,0,,,1822640,5463579
Masterton District,RENALL ST,, ,I,POWNALL ST,201430570,22/01/2014,Wed,1040,HA,CE1C,302A ,,E,D,B ,F ,R,G,R,50,0,0,0,,,1822826,5463504
Masterton District,RENALL ST,, ,I,POWNALL ST,201410844,11/02/2014,Tue,1700,NA,CS1EP,306A 370A 717B 181C 420C ,,E,D,B ,F ,R,G,X,50,0,0,2,,,1822826,5463504
Masterton District,RENALL ST,30,N, ,SH 2,201446831,07/11/2014,Fri,1517,MA,4N1V,330B 373B ,,R,D,B ,F , ,N,C,50,0,0,0,,,1823540,5463217
Masterton District,RIVERSDALE ROAD,200,N, ,ORUI-RIVERSDALE ROAD,201418456,30/12/2014,Tue,1530,DA,CN1,131A 412A ,V,E,D,B ,F , , ,C,100,0,0,5,,,1857768,5447506
Masterton District,RUSSELL ST,, ,I,QUEEN ST,201448278,23/12/2014,Tue,1610,HA,CS1C,301B 375B ,,R,D,B ,F ,X,S,C,50,0,0,0,,,1823260,5462801
Masterton District,RUSSELL ST,, ,I,QUEEN ST,201418139,12/12/2014,Fri,1140,LB,CN1V,303B 355B ,,R,D,B ,F ,X,S,C,50,0,0,1,,,1823260,5462801
Masterton District,RUSSELL ST,, ,I,QUEEN ST,201413970,09/06/2014,Mon,1830,LB,CW1C,301A 321A ,,R,W,DO,F ,X,S,C,50,0,0,1,,,1823260,5462801
Masterton District,SKEETS ROAD,10,S, ,EVANS ROAD,201414553,18/07/2014,Fri,2235,DB,CN1,103A 111A 131A 801 ,FP,E,W,DN,L ,T,N,N,100,0,0,3,,,1818552,5465557
Masterton District,SOUTH ROAD,, ,I,COCKBURN ST,201416204,28/09/2014,Sun,1229,HA,CN1C,302B ,,R,W,O ,L ,X,G,R,50,0,1,2,,,1822731,5462350