TLANAME,CRASHROAD,CRASHDIST,CRASHDIRN,INTSN,SIDEROAD,CRASHID,CRASHDATE,CRASHDOW,CRASHTIME,MVMT,VEHICLES,CAUSES,OBJECTSSTRUCK,ROADCURVE,ROADWET,LIGHT,WTHRa,JUNCTYPE,TRAFCTRL,ROADMARK,SPDLIM,CRASHFATALCNT,CRASHSEVCNT,CRASHMINCNT,PERSAGE1,PERSAGE2,EASTING,NORTHING
Masterton District,SOUTH ROAD,, ,I,TARANAKI ST,201443320,14/09/2014,Sun,1725,MB,CE1C,372B 381B ,,R,D,B ,F ,X,G,C,50,0,0,0,,,1822588,5462206
Masterton District,SOUTH ROAD,50,N, ,VIVIAN ST,201413350,30/04/2014,Wed,1305,EA,CN14,129A 130A 412A ,M,R,D,B ,F , , ,C,50,0,0,1,,,1822215,5461827
Masterton District,TE ORE ORE ROAD,50,E, ,BLAIR ST,201416310,07/10/2014,Tue,1645,NA,CW1E,711B ,,R,D,B ,F , ,N,C,50,0,1,0,,,1825053,5463780
Masterton District,TE ORE ORE ROAD,200,W, ,COLOMBO ROAD,201444793,10/10/2014,Fri,2150,CB,CE1,132A ,P,R,D,DO,F , ,N,C,50,0,0,0,,,1825237,5463706
Masterton District,TE ORE ORE ROAD,30,E, ,GORDON ST,201412773,26/04/2014,Sat,1600,GD,4000000000000000000000000000000000000000000000000000000000000000000000000000000000000000000000000000000000000000000000000000000000000000000000000,331A 358A 926 ,,R,D,BF,F ,D,N,C,50,0,0,4,,,1825735,5463510
Masterton District,TE ORE ORE ROAD,50,E, ,SH 2,201435371,08/05/2014,Thu,1650,MA,4W1C,373B ,,R,D,O ,F , , ,C,50,0,0,0,,,1824743,5463901
Masterton District,TE ORE ORE ROAD,50,E, ,TOTARA ST,201414023,24/04/2014,Thu,2230,CC,CW1,505A 512A ,P,R,D,DO,F , ,N,C,50,0,0,1,,,1825053,5463780
Masterton District,TE ORE ORE ROAD,60,E, ,TOTARA ST,201430860,27/02/2014,Thu,1500,GD,CE1C,333A 926 ,,R,D,BN,F ,D,N,C,50,0,0,0,,,1825062,5463776
Masterton District,TE ORE ORE-BIDEFORD ROAD,2200,E, ,CAVES ROAD,201430219,06/01/2014,Mon,830,CA,CW1,129A 130A ,,R,D,B ,F , , ,C,100,0,0,0,,,1832300,5465447
Masterton District,TE ORE ORE-BIDEFORD ROAD,50,W, ,WHANGAEHU VALLEY ROAD,201435659,23/04/2014,Wed,330,EC,CW1,904 912 ,W,R,D,DN,M , , ,C,100,0,0,0,,,1833114,5466070
Masterton District,TE WHITI ROAD,1000,S, ,HOMEBUSH ROAD,201446115,28/10/2014,Tue,905,MO,CN1,130A 402A 407A ,F,R,D,O ,F , , ,N,100,0,0,0,,,1824590,5459845
Masterton District,TE WHITI ROAD,150,S, ,NURSERY ROAD,201434006,16/04/2014,Wed,300,EC,VN1,912,W,R,D,DN,F , ,N,C,100,0,0,0,,,1824844,5461326
Masterton District,TINUI VALLEY ROAD,7960,N, ,MASTERTON-CASTLEPOINT ROA,201433277,25/03/2014,Tue,1540,AO,TS1C,818,,R,D,BN,F , ,N,N,100,0,0,0,,,1865922,5477284
Masterton District,UPPER MANAIA ROAD,1000,N, ,BOUNDARY ROAD,201416778,30/10/2014,Thu,805,KA,CS1C,308B 929 ,,R,D,O ,F ,D,N,C,100,0,0,2,,,1819127,5463182
Masterton District,UPPER WAINGAWA ROAD,500,W, ,UPPER PLAIN ROAD,201449090,10/11/2014,Mon,1700,DA,CW1,111A 131A ,V,M,D,BF,F , ,N,N,100,0,0,0,,,1813850,5469885
Masterton District,VILLA ST,, ,I,PERRY ST,201431252,24/02/2014,Mon,1517,HA,CW1C,301B 375B ,,R,D,BF,F ,X,S,R,50,0,0,0,,,1823524,5464127
Masterton District,WILLOW PARK DRIVE,760,E, ,SH 2,201437601,03/06/2014,Tue,10,CC,CE1,103A 130A 801 ,F,R,W,DN,L , , ,N,100,0,0,0,,,1825057,5468413
Masterton District,WORKSOP ROAD,10,S, ,KAKA ST,201433537,21/04/2014,Mon,1320,EC,CN1,911,W,R,D,BF,F ,X,G,C,50,0,0,0,,,1824057,5462700
Masterton District,WORKSOP ROAD,60,N, ,KIRTON ST,201432913,16/03/2014,Sun,2000,CC,CN1,130A 402A ,FK,R,D,TO,F , , ,C,50,0,0,0,,,1824014,5462755
Masterton District,2/858/4.585,3000,N, ,KIRIWHAKAPAPA ROAD,201436851,24/05/2014,Sat,1420,QG,4S1,130A 901 903 ,,E,W,O ,HS, , ,C,100,0,0,0,,,1820814,5482094
Masterton District,2/858/5.085,2500,N, ,KIRIWHAKAPAPA ROAD,201440875,03/08/2014,Sun,1813,EC,CN1,915,W,R,W,DN,L , , ,C,100,0,0,0,,,1820750,5481601
Masterton District,2/858/5.385,2200,N, ,KIRIWHAKAPAPA ROAD,201415060,03/08/2014,Sun,2030,CB,CN1C,130A 407A ,M,R,W,DN,H , , ,C,100,0,0,2,,,1820744,5481302
Masterton District,2/873/2.72,100,N, ,OPAKI-KAIPARORO ROAD,201418720,12/12/2014,Fri,1500,DC,CS1,332A 410A ,EFS,M,D,B ,F , , ,C,100,0,1,1,,,1823953,5470974
Masterton District,2/873/3.32,500,S, ,OPAKI-KAIPARORO ROAD,201440383,19/07/2014,Sat,1110,QF,CS1C,682A 198B ,D,R,D,B ,F , , ,P,100,0,0,0,,,1824065,5470384
Masterton District,2/873/7.022,, ,I,LENNIE ROAD,201439297,15/06/2014,Sun,1204,GE,CN1C,160A ,VV,E,D,B ,F ,T,S,C,100,0,0,0,,,1824782,5466761
Masterton District,2/873/8.118,620,N, ,CASHMERE OAKS DRIVE,201416871,17/11/2014,Mon,1420,DA,CS1,111A 131A 402A ,FV,M,W,O ,F , ,N,C,100,0,0,1,,,1824993,5465685
Masterton District,2/873/9.64,, ,I,JORDAN TERRACE,201418105,16/11/2014,Sun,2214,JA,CN1S,105B 205B 302B ,,R,D,DO,F ,T,G,C,50,0,1,0,,43,1824737,5464186
Masterton District,2/873/9.814,, ,I,OXFORD ST,201445973,11/10/2014,Sat,1258,JA,CN14,145A 302B 387B ,,R,D,B ,F ,T,G,C,50,0,0,0,,,1824707,5464015
Masterton District,2/873/9.834,20,S, ,OXFORD ST,201418297,09/10/2014,Thu,523,MC,SS1C,372B ,,R,D,TO,F , , ,C,50,0,0,1,,50,1824705,5463995
Masterton District,TE ORE ORE ROAD,, ,I,2/883/0,201443223,09/08/2014,Sat,1527,FB,4W1C,181A 353A ,,R,D,B ,F ,T,G,C,50,0,0,0,,,1824696,5463919
Masterton District,2/883/0.03,30,S, ,TE ORE ORE ROAD,201448328,29/12/2014,Mon,1045,FC,CS1T,331A 352A ,,R,D,B ,F , ,N,R,50,0,0,0,,,1824672,5463900
Masterton District,2/883/0.03,30,S, ,TE ORE ORE ROAD,201433746,04/04/2014,Fri,1519,FD,CS14T,331A 181B 902 ,,R,D,B ,F , , ,R,50,0,0,0,,,1824672,5463900
Masterton District,2/883/0.065,150,E, ,QUEEN ST,201413106,16/05/2014,Fri,910,NB,CN1E,306A 363A 376A 902 ,,E,D,B ,F , , ,X,50,0,0,1,73,,1824645,5463877
Masterton District,2/883/0.195,20,E, ,DIXON ST,201414031,15/04/2014,Tue,825,FD,CS1CC,181A 330A ,,R,D,B ,F ,R,G,C,50,0,0,1,,,1824545,5463794
Masterton District,VILLA ST,, ,I,2/883/0.335,201430129,24/02/2014,Mon,2205,FB,CS1C,331A ,,R,D,DO,F ,T,G,R,50,0,0,0,,,1824439,5463842
Masterton District,KING ST,, ,I,CHAPEL ST,201446832,08/11/2014,Sat,710,DA,CE1T,131A 363A 902 ,M,R,D,B ,F ,T,N,C,50,0,0,0,,,1824170,5463664
Masterton District,2/883/0.784,20,N, ,ALBERT ST,201415709,18/08/2014,Mon,2007,NB,CN1E,713B ,,R,D,DO,F , ,N,C,50,0,0,1,17,,1824073,5463591
Masterton District,2/883/0.868,, ,I,ALBERT ST,201436835,20/05/2014,Tue,1500,KC,CS1C,308A 370A 370B 927 ,,R,D,B ,F ,D,G,C,50,0,0,0,,,1824057,5463579
Masterton District,2/883/0.932,50,N, ,LINCOLN ROAD,201442555,06/06/2014,Fri,1400,JA,CE1C,308B 924 ,,R,D,BF,F ,D,N,P,50,0,0,0,,,1824008,5463539
Masterton District,2/883/1.033,20,S, ,LINCOLN ROAD,201442928,26/08/2014,Tue,1350,CA,MS1,130A 401A 402A 801 ,,R,W,O ,L , , ,C,50,0,0,0,,,1823937,5463484
Masterton District,PERRY ST,, ,I,2/883/1.055,201416839,01/11/2014,Sat,232,DB,CS1,103A 111A ,T,M,D,DO,F ,X,G,C,50,0,1,0,,,1823869,5463431
Masterton District,2/883/1.149,30,S, ,PERRY ST,201412135,17/04/2014,Thu,1700,FD,PE14,181A ,,R,W,O ,H , , ,C,50,0,0,1,,,1823846,5463412
Masterton District,2/883/1.431,50,N, ,RENALL ST,201434145,14/04/2014,Mon,1536,KA,VS1C,308B 375B 801 927 ,,R,W,O ,L ,D, ,C,50,0,0,0,,,1823623,5463238
Masterton District,2/883/1.884,50,N, ,RUSSELL ST,201418329,15/12/2014,Mon,1205,MO,CN1,133A 507A ,F,R,D,BF,F , ,N,C,50,0,0,1,,,1823224,5462928
Masterton District,2/883/1.934,, ,I,RUSSELL ST,201435984,21/03/2014,Fri,1745,JC,CW2C,302A 375A ,,S,D,OF,F ,T,G,C,50,0,0,0,,,1823185,5462897
Masterton District,2/883/2.407,, ,I,CRAYNE ST,201446206,27/09/2014,Sat,2000,JA,CS1C,302B 387B ,,R,W,DO,L ,T,G,C,50,0,0,0,,,1822864,5462644
Masterton District,2/883/2.595,, ,I,COCKBURN ST,201434028,08/04/2014,Tue,853,KA,VS1CC,302B 375B ,,R,W,O ,F ,R,G,P,50,0,0,0,,,1822677,5462477
Masterton District,2/883/2.634,, ,I,COCKBURN ST,201434011,10/04/2014,Thu,1840,CC,CE1,132A ,S,R,W,DO,F ,R,G,C,50,0,0,0,,,1822659,5462474
Masterton District,2/883/2.903,, ,I,SHORT ST,201430400,17/01/2014,Fri,1640,JA,CW1C,145A 302B 375B ,,R,W,TF,H ,T,G,C,50,0,0,0,,,1822477,5462400
Masterton District,2/883/2.967,50,W, ,INTERMEDIATE ST,201417549,24/11/2014,Mon,1510,FD,CE1C,181A ,,R,D,BF,F , ,N,C,50,0,0,3,,,1822414,5462383
Masterton District,2/883/3.003,100,W, ,SHORT ST,201412774,01/04/2014,Tue,1508,FD,CW1CC,181A ,,R,D,BF,F , ,N,X,50,0,0,1,,,1822380,5462374
Masterton District,2/883/3.646,5,E, ,BLEDISLOE ST,201430317,15/01/2014,Wed,2105,FC,CW1C,350A 427A ,,R,D,DO,F ,T,N,C,50,0,0,0,,,1821758,5462208
Masterton District,2/883/3.651,, ,I,BLEDISLOE ST,201412480,22/04/2014,Tue,1040,FC,ME1C,112A 181A 331A 402A 801 ,,R,W,O ,L ,T,G,C,50,0,0,1,,,1821753,5462206
Masterton District,2/883/3.651,, ,I,BLEDISLOE ST,201438200,04/06/2014,Wed,1530,GD,CW14,181A ,,R,D,BF,F ,T,G,C,50,0,0,0,,,1821753,5462206
Masterton District,FLEET ST,, ,I,HIGH ST,201430343,11/01/2014,Sat,540,DB,CE1C,103A 111A ,M,R,D,O ,F ,T,G,C,50,0,0,0,,,1821583,5462160
Masterton District,2/883/3.94,, ,I,SOLWAY ST,201416182,09/10/2014,Thu,709,LB,TW1C,303B 363B 902 ,,R,D,B ,F ,T,N,C,50,0,0,1,,,1821474,5462137
Masterton District,2/883/4.012,100,E, ,MANCHESTER ST,201412126,29/03/2014,Sat,1448,BF,CE1C,130A 501A ,,R,D,B ,F , , ,C,50,0,0,2,,,1821402,5462136
Masterton District,JUDDS ROAD,, ,I,2/883/4.327,201437747,09/06/2014,Mon,1618,DB,CE2,131A 133A 402A 801 ,P,M,W,O ,L ,T,G, ,50,0,0,0,,,1821086,5462134
Masterton District,2/883/4.327,, ,I,JUDDS ROAD,201417674,30/11/2014,Sun,150,BA,CE1S,129A 358A ,,R,D,DO,L ,T,G,C,50,0,0,1,,20,1821086,5462134
Masterton District,2/883/5.531,, ,I,NGAUMUTAWA ROAD,201416211,29/09/2014,Mon,1845,DA,CE1,131A 501A ,F,E,D,TF,F ,T,G,P,70,0,0,1,,,1819883,5462095
Matamata-Piako District,ANDERSON ST,50,W, ,LEAR ST,201432345,11/02/2014,Tue,645,CB,CE1,410A ,E,R,D,B ,F , , ,N,60,0,0,0,,,1822618,5829120
Matamata-Piako District,ANDERSON ST,, ,I,LORNE ST,201450831,24/12/2014,Wed,1115,HA,CE1C,301B 375B ,,R,D,BF,F ,X,S,C,50,0,0,0,,,1822803,5829196
Matamata-Piako District,ANDERSON ST,, ,I,STUDHOLME ST,201410544,12/02/2014,Wed,800,NB,CW1E,712B ,,R,D,BN,F ,X,S,R,50,0,0,1,78,,1822904,5829264
Matamata-Piako District,ARMADALE ROAD,, ,I,MANAWARU ROAD,201400049,08/03/2014,Sat,1154,HA,MS1T,302B 375B ,,R,D,BF,F ,X,G,C,100,1,0,0,,,1847328,5824201
Matamata-Piako District,AVENUE ROAD NORTH,, ,A,AVENUE ROAD NORTH,201435576,19/04/2014,Sat,750,DB,CW2,111A 131A 402A ,V,S,W,O ,F , , ,C,70,0,0,0,,,1821671,5829295
Matamata-Piako District,BELL ROAD,, ,I,SCOTSMAN VALLEY ROAD,201435577,24/04/2014,Thu,1345,DA,CN2,111A 131A 801 804 ,B,M,W,O ,L ,T,N,C,100,0,0,0,,,1823244,5818924
Matamata-Piako District,BOLTON ROAD,600,S, ,KEREONE ROAD,201438472,12/06/2014,Thu,900,GE,VN1C,151A 801 929 ,V,R,W,O ,L ,D, ,C,100,0,0,0,,,1824953,5827109
Matamata-Piako District,BOSSON ROAD,30,S, ,GRATTAN ROAD,201445689,04/09/2014,Thu,821,CC,VS1,130A 351A ,FP,R,D,B ,F , , ,C,70,0,0,0,,,1837688,5840740
Matamata-Piako District,BUCKLAND ROAD,, ,I,PUKETUTU ROAD,201446679,25/10/2014,Sat,1200,DB,CN2,111A 131A 404A ,F,M,D,B ,F ,T,G,C,100,0,0,0,,,1839660,5804713
Matamata-Piako District,CAMERON ROAD,, ,I,CROSS ROAD,201431160,17/02/2014,Mon,1510,LB,TW1T,125A 303A 410A ,T,R,D,B ,F ,T,N,C,100,0,0,0,,,1818918,5836984
Matamata-Piako District,CAMERON ROAD,1500,W, ,MORRINSVILLE TAHUNA ROAD,201418673,17/12/2014,Wed,1615,DA,CS1,131A 191A ,T,M,W,OF,H , ,N,C,100,0,0,1,,,1819456,5837086
Matamata-Piako District,CAMERON ROAD,1800,W, ,MORRINSVILLE TAHUNA ROAD,201413405,11/06/2014,Wed,1845,DA,CE1,131A 901 903 ,V,M,W,DN,HS, , ,C,100,0,0,1,,,1819163,5837090
Matamata-Piako District,CAMPBELL ROAD,100,W, ,CUFF ROAD,201417426,08/10/2014,Wed,1917,DB,CE1,101A 111A 131A ,F,E,D,BN,F , ,N,C,100,0,0,1,,,1836215,5824662
Matamata-Piako District,CAMPBELL ROAD,50,W, ,MACKAY CRESCENT,201443065,06/09/2014,Sat,830,GE,CW14,112A 387A 410A 929 ,F,R,D,B ,F ,D, ,C,50,0,0,0,,,1835883,5838116
Matamata-Piako District,CORONATION ROAD,100,N, ,DAVID ST,201433155,29/03/2014,Sat,1540,DB,CN1,131A 929 ,P,R,D,O ,F ,D,N,C,50,0,0,0,,,1822895,5829888
Matamata-Piako District,CORONATION ROAD,, ,I,LINDALE ST,201446846,30/09/2014,Tue,924,JA,CW1C,301B 375B ,F,M,D,B ,F ,X,S,C,50,0,0,0,,,1823626,5830536
Matamata-Piako District,CORONATION ROAD,20,E, ,MOORHOUSE ST,201446903,07/10/2014,Tue,2025,EA,CE1C,101A 129A ,M,R,D,DO,F , ,N,C,50,0,0,0,,,1822729,5829778
Matamata-Piako District,CUSSEN ROAD,1000,N, ,MCALPINE ROAD,201416219,28/09/2014,Sun,2030,CB,CS1,130A ,F,R,D,DN,F , , ,C,100,0,0,1,,,1830365,5830375
Matamata-Piako District,EMA ST,, ,I,GILCHRIST ST,201411231,10/01/2014,Fri,824,HA,CW1C,113B 302B ,,R,D,B ,F ,X,G,N,50,0,0,1,,,1839550,5842045
Matamata-Piako District,ENDOWMENT ROAD,1850,N, ,ANDREWS ROAD,201414261,02/08/2014,Sat,2225,CC,CS1,102A 112A ,F,R,D,DN,F , ,N,C,100,0,0,1,,,1832949,5847761
Matamata-Piako District,GEORGE ST,150,W, ,SH 27,201417962,12/12/2014,Fri,2045,PC,CE1E,371A 671A 929 ,,E,D,TO,F ,D,N,N,50,0,0,1,5,,1843718,5812123
Matamata-Piako District,GILCHRIST ST,, ,I,EMA ST,201437940,12/06/2014,Thu,1400,HA,CS1C,302B 357B ,,R,W,O ,L ,X,G,C,50,0,0,0,,,1839550,5842045
Matamata-Piako District,GOODWIN AVENUE,120,W, ,STUDHOLME ST,201413326,23/05/2014,Fri,750,EA,CE1T,129A 363A 902 ,M,R,D,B ,F , , ,N,50,0,0,1,,,1822046,5830328
Matamata-Piako District,GOODWIN ROAD,800,S, ,OLD TE AROHA ROAD,201413807,25/04/2014,Fri,1130,BE,CN14,197A 357A 404A 197B 853 ,,R,W,O ,F , , ,N,100,0,0,3,,,1852225,5819525
Matamata-Piako District,GORDON AVENUE,70,E, ,GRATTAN ROAD,201411195,25/03/2014,Tue,630,CC,VW1,358A 801 ,CFS,R,W,O ,L , , ,C,70,0,0,1,,,1837740,5839783
Matamata-Piako District,GRATTAN ROAD,50,N, ,SH 26,201445690,13/09/2014,Sat,1900,CA,4N1,101A 130A ,JV,R,D,DN,F , , ,N,100,0,0,0,,,1837674,5839756
Matamata-Piako District,GUNN ROAD,, ,I,LANDSDOWNE ROAD,201438654,21/06/2014,Sat,1101,HA,CS2T,302B ,,R,W,O ,F ,X,G,C,100,0,0,0,,,1840907,5816795
Matamata-Piako District,HETHERINGTON ST,80,S, ,CORONATION ROAD,201437717,21/03/2014,Fri,1915,GE,MS1C,160A 372B 929 ,,R,D,TF,F ,D, ,N,50,0,0,0,,,1823132,5829952
Matamata-Piako District,HINUERA ROAD,300,S, ,PUKETUTU ROAD,201400138,23/06/2014,Mon,1823,EC,CN1,912,FTW,R,D,DN,F , , ,C,100,1,0,0,,,1842569,5806648
Matamata-Piako District,HINUERA ROAD,, ,I,PUKETUTU ROAD,201411303,18/03/2014,Tue,1530,GC,VS1C,171B 404B ,,R,D,BF,F ,T,G,L,100,0,0,2,,,1842673,5806930
Matamata-Piako District,HINUERA ROAD,, ,I,PUKETUTU ROAD,201433120,22/03/2014,Sat,950,GD,CS1T,331A ,,R,D,B ,F ,T,G,L,100,0,0,0,,,1842673,5806930
Matamata-Piako District,HORRELL ROAD,3000,N, ,MURRAY ROAD,201436449,07/05/2014,Wed,1944,CB,CN1,129A ,P,R,W,DN,F , ,N,C,100,0,0,0,,,1824515,5833332
Matamata-Piako District,KEREONE ROAD,100,W, ,CUSSEN ROAD,201417400,02/11/2014,Sun,1445,MB,ME1C,372B ,,R,D,ON,F , ,N,C,100,0,0,1,,,1831939,5826820
Matamata-Piako District,KEREONE ROAD,1100,E, ,MAUNGATAPU ROAD,201437939,23/05/2014,Fri,1400,CB,TW1,330A 665A ,CF,R,D,O ,F , ,N,C,100,0,0,0,,,1829808,5826690
Matamata-Piako District,KEREONE ROAD,5,W, ,MORRINSVILLE WALTON ROAD,201416106,12/08/2014,Tue,1406,FE,CN1C,331A 353A 402A ,G,R,D,OF,F ,T,G,R,100,0,0,2,,,1824265,5827958
Matamata-Piako District,KEREONE ROAD,100,W, ,SETTLEMENT ROAD,201411663,20/03/2014,Thu,940,BA,CW1T,129A 350A ,,R,D,BN,F , ,N,C,100,0,1,0,,,1832313,5826728
Matamata-Piako District,KEREONE ROAD,170,E, ,STOCKMANS ROAD,201434520,04/03/2014,Tue,1900,GE,CW14,333A 927 ,,R,D,TN,F ,D,N,C,100,0,0,0,,,1825272,5827465
Matamata-Piako District,KURANUI ROAD,1000,S, ,AVENUE ROAD SOUTH,201444370,25/07/2014,Fri,1905,EC,CE1,912,W,R,D,DN,F , , ,N,100,0,0,0,,,1821594,5827839
Matamata-Piako District,KURANUI ROAD,1350,N, ,DODD ROAD,201435412,11/05/2014,Sun,155,EC,CN1,912,W,R,D,DN,F , ,N,C,100,0,0,0,,,1819511,5826955
Matamata-Piako District,LANDSDOWNE ROAD,900,E, ,KIRK ROAD,201442762,26/06/2014,Thu,1840,EC,CE1,912,W,R,D,DN,F , ,N,C,100,0,0,0,,,1839342,5818269
Matamata-Piako District,LORNE ST,5,N, ,SH 26,201413324,24/05/2014,Sat,420,CB,CN1,410A 801 ,P,R,W,DO,L ,X,G,R,50,0,0,1,,,1822991,5828916
Matamata-Piako District,MACE ROAD,250,N, ,STANLEY ROAD SOUTH,201411188,19/03/2014,Wed,1710,QG,TS1C,682A ,D,R,D,B ,F , , ,C,100,0,0,1,,,1841298,5836685
Matamata-Piako District,MANAWARU ROAD,950,S, ,MCLAREN ROAD,201445688,04/10/2014,Sat,2120,GD,CS1C,181A 929 ,,R,W,DN,L ,D,N,C,100,0,0,0,,,1845925,5827156
Matamata-Piako District,MATUKU ROAD,500,N, ,PIAKO ROAD,201437627,23/05/2014,Fri,2000,DB,CS1,131A 197A 801 ,F,S,W,DO,L , , ,C,100,0,0,0,,,1817886,5828274
Matamata-Piako District,MCCABE ROAD,, ,I,LOVEGROVE ROAD,201443277,13/08/2014,Wed,1830,DC,CS2,112A 130A 330A 901 ,GV,R,W,DO,H ,T,G,C,100,0,0,0,,,1838228,5838620
Matamata-Piako District,MORRINSVILLE TAHUNA ROAD,1550,S, ,PAEROA TAHUNA ROAD,201436005,17/04/2014,Thu,950,DA,CS1,136A 631A ,F,E,W,ON,H , ,N,C,100,0,0,0,,,1820978,5843583
Matamata-Piako District,MORRINSVILLE TAHUNA ROAD,2560,S, ,PAEROA TAHUNA ROAD,201449500,18/09/2014,Thu,553,QO,TN1,650A 692A ,C,R,D,DN,F , , ,C,100,0,0,0,,,1821086,5842622
Matamata-Piako District,MORRINSVILLE TAHUNA ROAD,2900,S, ,PAEROA TAHUNA ROAD,201430411,20/01/2014,Mon,1310,DB,CN1,111A ,V,M,W,O ,F , ,N,C,100,0,0,0,,,1821225,5842312
Matamata-Piako District,MORRINSVILLE TAHUNA ROAD,2900,S, ,PAEROA TAHUNA ROAD,201410322,20/01/2014,Mon,1305,DB,CN1,111A 131A 632A ,T,M,W,OF,L , , ,C,100,0,0,1,,,1821225,5842312
Matamata-Piako District,MORRINSVILLE TAHUNA ROAD,2900,S, ,PAEROA TAHUNA ROAD,201415505,17/08/2014,Sun,1712,DA,CS1,412A ,P,M,D,DN,F , , ,C,100,0,1,0,,,1821225,5842312
Matamata-Piako District,MORRINSVILLE TAHUNA ROAD,3100,S, ,PAEROA TAHUNA ROAD,201434337,13/04/2014,Sun,146,DA,4S1,103A 131A ,V,M,W,DN,F , , ,C,100,0,0,0,,,1821188,5842120
Matamata-Piako District,MORRINSVILLE TAHUNA ROAD,, ,I,PAEROA TAHUNA ROAD,201440063,10/06/2014,Tue,415,DC,CW2,321A ,F,R,W,DN,HS,T,S,C,100,0,0,0,,,1820707,5845109
Matamata-Piako District,MORRINSVILLE TAHUNA ROAD,3200,N, ,QUINE ROAD,201411601,05/03/2014,Wed,850,DB,CN1,111A 131A ,CFV,M,W,ON,L , ,N,C,100,0,1,0,,,1821214,5842337
Matamata-Piako District,MORRINSVILLE TAHUNA ROAD,1000,N, ,REWA ROAD,201432291,04/01/2014,Sat,2048,CB,CS1,410A ,P,R,D,TN,F , , ,C,100,0,0,0,,,1821473,5839522
Matamata-Piako District,MORRINSVILLE TAHUNA ROAD,1000,S, ,REWA ROAD,201433818,23/02/2014,Sun,1309,DB,4S1,197A ,P,M,D,B ,F , , ,C,100,0,0,0,,,1820893,5837667
Matamata-Piako District,MORRINSVILLE TAHUNA ROAD,1120,S, ,TAUHEI ROAD,201447468,02/11/2014,Sun,1743,AF,CS1C,150A 381A 104B 197B ,,R,D,B ,F , ,N,C,100,0,0,0,,,1821211,5832863
Matamata-Piako District,MORRINSVILLE WALTON ROAD,5,W, ,HUTCHINSON ROAD,201415168,30/08/2014,Sat,1640,EA,MS1C,104A 370A 443B ,Q,R,D,O ,F ,T,S,C,100,0,1,0,,,1836611,5819288
Matamata-Piako District,MORRINSVILLE WALTON ROAD,250,N, ,KEREONE ROAD,201443257,31/08/2014,Sun,500,CC,CN1,130A 402A 412A ,F,R,D,DN,F , , ,C,100,0,0,0,,,1824035,5828068
Matamata-Piako District,MORRINSVILLE WALTON ROAD,300,S, ,KURANUI ROAD,201413414,13/06/2014,Fri,2227,EC,VN1,912,W,R,D,DN,F , , ,C,100,0,1,0,,,1823711,5828228
Matamata-Piako District,MORRINSVILLE WALTON ROAD,600,W, ,MILLIKEN ROAD,201400042,01/03/2014,Sat,940,GD,ME1O,331A 929 ,,R,D,BN,F ,D,N,C,100,1,0,0,,,1831844,5819622
Matamata-Piako District,MORRINSVILLE WALTON ROAD,530,E, ,PARATU ROAD,201446902,02/10/2014,Thu,345,DA,TE1,131A 410A ,V,E,D,DN,F , ,N,C,100,0,0,0,,,1833855,5819157
Matamata-Piako District,MORRINSVILLE WALTON ROAD,, ,I,PIAKOITI ROAD,201447653,25/11/2014,Tue,820,JA,CW1C,302B ,,M,D,OF,F ,T,G,L,100,0,0,0,,,1835925,5818651
Matamata-Piako District,MORRINSVILLE WALTON ROAD,, ,I,TAHUROA ROAD,201417183,26/11/2014,Wed,1018,GD,CS14,331A 358A ,,R,W,O ,L ,T,G,L,100,0,0,1,,,1825723,5824168
Matamata-Piako District,MURRAY ROAD,470,E, ,HORRELL ROAD,201442781,31/07/2014,Thu,1620,DA,CE1,103A 111A 131A ,P,M,D,ON,F , ,N,L,100,0,0,0,,,1825926,5830767
Matamata-Piako District,NGARUA ROAD,3390,S, ,SH 26,201415167,26/08/2014,Tue,1750,CC,CN1,103A 130A ,FT,R,D,TN,F , , ,C,100,0,0,1,,,1833733,5832497
Matamata-Piako District,NGARUA ROAD,2600,N, ,WAIHEKAU ROAD,201431545,02/01/2014,Thu,1345,AF,CS1C,129B 130B 191B ,F,R,D,BN,F , , ,N,100,0,0,0,,,1833848,5832136
Matamata-Piako District,NGUTUMANGA ROAD,, ,I,BOWLER ROAD,201430255,04/01/2014,Sat,937,KB,TN1C,301B 507B ,,R,D,B ,F ,X,S,N,100,0,0,0,,,1833118,5843683
Matamata-Piako District,NGUTUMANGA ROAD,25,E, ,FACTORY ROAD,201414187,19/07/2014,Sat,942,CC,CE1,357A 512A ,P,R,D,ON,F , ,N,C,50,0,0,1,,,1835905,5838577