TLANAME,CRASHROAD,CRASHDIST,CRASHDIRN,INTSN,SIDEROAD,CRASHID,CRASHDATE,CRASHDOW,CRASHTIME,MVMT,VEHICLES,CAUSES,OBJECTSSTRUCK,ROADCURVE,ROADWET,LIGHT,WTHRa,JUNCTYPE,TRAFCTRL,ROADMARK,SPDLIM,CRASHFATALCNT,CRASHSEVCNT,CRASHMINCNT,PERSAGE1,PERSAGE2,EASTING,NORTHING
Matamata-Piako District,NO 1 ROAD,300,N, ,SH 26,201450616,04/10/2014,Sat,1800,DA,TS1,129A 504A ,F,E,W,O ,L , ,N,L,100,0,0,0,,,1831588,5835224
Matamata-Piako District,OKAUIA SPRINGS ROAD,1500,E, ,TOWER ROAD,201447462,27/11/2014,Thu,1126,CC,CW1,129A 358A ,,R,D,B ,F , ,N,C,100,0,0,0,,,1848912,5813562
Matamata-Piako District,PAEROA TAHUNA ROAD,100,S, ,AWAITI ROAD,201439614,19/06/2014,Thu,1600,CB,CN1,410A ,FV,R,W,O ,L , , ,C,100,0,0,0,,,1832808,5852674
Matamata-Piako District,PAEROA TAHUNA ROAD,300,E, ,SH 27,201447717,26/10/2014,Sun,646,CB,CW1,195A 402A ,FKT,R,D,O ,F , , ,L,100,0,0,0,,,1823481,5845623
Matamata-Piako District,PAEROA TAHUNA ROAD,30,W, ,SH 27,201416890,21/07/2014,Mon,620,CB,CE1,104A 108A ,,R,W,DN,F , ,N,C,100,0,0,1,,,1823146,5845521
Matamata-Piako District,PAEROA TAHUNA ROAD,140,E, ,TAUTITI ROAD,201440064,12/07/2014,Sat,1315,DA,CW1,131A 400A ,,E,W,ON,H , ,N,P,100,0,0,0,,,1830575,5847727
Matamata-Piako District,PAEROA TAHUNA ROAD,500,W, ,TAUTITI ROAD,201441542,06/08/2014,Wed,1810,LB,VW1C,303B 375B 929 ,F,R,D,DN,F ,D,N,C,100,0,0,0,,,1829995,5847508
Matamata-Piako District,PIAKOITI ROAD,500,N, ,MORGAN ROAD,201417626,15/11/2014,Sat,1250,BC,CS1T,110A 121A 818 831 ,,M,W,O ,F , ,N,N,100,0,0,1,,,1835505,5816142
Matamata-Piako District,PIAKONUI ROAD,2000,E, ,PARATU ROAD,201435948,31/03/2014,Mon,2120,DA,CW1,129A 134A ,CF,M,D,DN,F , ,N,N,100,0,0,0,,,1834129,5814614
Matamata-Piako District,PUKETUTU ROAD,, ,I,BUCKLAND ROAD,201438469,11/06/2014,Wed,915,DB,CN1,111A 131A 355A 404A 801 ,F,M,W,O ,L ,T,G,C,100,0,0,0,,,1839660,5804713
Matamata-Piako District,RAWHITI AVENUE,, ,I,ARAWA ST,201437473,23/05/2014,Fri,1409,JA,CN1C,302B 370B ,,R,W,B ,F ,T,G,C,50,0,0,0,,,1844249,5811895
Matamata-Piako District,ROLLESTON ST,, ,I,REWI ST,201414259,16/08/2014,Sat,1210,LB,CS1C,303B 375B ,FT,R,D,B ,F ,T,N,C,50,0,0,1,,,1839746,5841100
Matamata-Piako District,SEDDON ROAD,500,S, ,SH 26,201446298,11/10/2014,Sat,1215,CB,CS1,130A 350A ,F,R,D,BN,  , ,N,C,100,0,0,0,,,1834795,5836353
Matamata-Piako District,SEDDON ROAD,350,W, ,SINGH ROAD,201415546,30/08/2014,Sat,935,LB,CN1O,303B 375B 929 ,,R,D,O ,F ,D, ,C,100,0,0,2,,,1835547,5835409
Matamata-Piako District,SH 29,, ,A,UNKNOWN,201447195,02/11/2014,Sun,2300,QG,TE1C,682A ,D,R,D,DN,F , , ,C,100,0,0,0,,,0,0
Matamata-Piako District,SMITH ST,, ,I,PERIA ROAD,201417606,18/11/2014,Tue,1400,LB,CE1S,301A 375A ,,R,D,B ,F ,T,S,C,50,0,0,1,,60,1843755,5811890
Matamata-Piako District,STANLEY ROAD SOUTH,670,N, ,MCCABE ROAD,201430412,16/01/2014,Thu,1450,DB,CN1,102A ,FP,E,D,B ,F , ,N,C,100,0,0,0,,,1840058,5839236
Matamata-Piako District,STANLEY ROAD SOUTH,750,N, ,MCCABE ROAD,201438475,15/06/2014,Sun,25,DA,CS1,103A 111A 131A ,FP,E,D,DN,F , , ,C,100,0,0,0,,,1840024,5839308
Matamata-Piako District,STANLEY ROAD SOUTH,100,S, ,SH 26,201443278,24/08/2014,Sun,1525,CB,CS1,134A 402A ,FS,R,D,B ,F , , ,C,100,0,0,0,,,1838955,5840414
Matamata-Piako District,STATION ROAD,150,E, ,BOWLERS ROAD,201434666,14/04/2014,Mon,2130,CC,CW1,195A ,V,R,D,DN,F , ,N,C,100,0,0,0,,,1841454,5810478
Matamata-Piako District,STUDHOLME ST,, ,I,GOODWIN AVENUE,201416571,26/09/2014,Fri,1155,GE,MN14,160A 514A 929 ,,R,D,BF,F ,D,N,P,50,0,0,1,,,1822145,5830395
Matamata-Piako District,STUDHOLME ST,80,N, ,SNELL ST,201411258,08/03/2014,Sat,2028,CB,CN1,103A 130A 433A 804 ,T,R,D,B ,F , , ,R,50,0,0,2,,,1822523,5829832
Matamata-Piako District,STUDHOLME ST,150,N, ,SNELL ST,201416547,18/09/2014,Thu,1509,FD,4N1M,331A 350A ,,R,W,OF,F , ,P,X,50,0,0,1,,,1822484,5829890
Matamata-Piako District,STUDHOLME ST,, ,I,SNELL ST,201432221,13/02/2014,Thu,1605,KB,CS1C,301B 377B ,,R,D,O ,F ,T,S,R,50,0,0,0,,,1822567,5829766
Matamata-Piako District,STUDHOLME ST,30,N, ,THAMES ST,201413515,27/06/2014,Fri,1713,FC,CN1C,181A 645A ,,R,W,TO,L , , ,X,50,0,0,1,,,1822987,5829141
Matamata-Piako District,TAHUNA OHINEWAI ROAD,30,E, ,MANGAWHARA ROAD,201414319,10/06/2014,Tue,1235,BE,CE1V,130A 410A 197B 901 ,B,R,W,O ,H , , ,C,100,0,1,0,,,1814371,5845630
Matamata-Piako District,TAHUNA OHINEWAI ROAD,15,E, ,RIMU ST,201446644,05/10/2014,Sun,1440,DA,CW1,131A ,FP,S,D,B ,F , , ,C,80,0,0,0,,,1820266,5846710
Matamata-Piako District,TAHUNA OHINEWAI ROAD,330,E, ,TAINUI ROAD,201418474,07/11/2014,Fri,1858,DA,4W1,129A 134A 358A ,C,M,D,B ,F , , ,C,100,0,0,1,,,1814858,5845716
Matamata-Piako District,TAHUROA ROAD,8210,E, ,TAUWHARE ROAD,201415836,17/08/2014,Sun,1638,CC,CN1C,134A 197A 818 832 929 ,C,R,D,B ,F ,D,N,N,100,0,0,1,,,1821449,5822256
Matamata-Piako District,TAINUI ST,, ,I,TUI ST,201445683,29/09/2014,Mon,1336,HA,CW2C,302A ,,R,D,O ,F ,X,G,C,50,0,0,0,,,1844139,5811416
Matamata-Piako District,TAMIHANA ST,, ,I,MEURA ST,201441165,30/05/2014,Fri,921,JA,CE1C,302B 377B 839 ,,R,W,OF,L ,T,G,C,50,0,0,0,,,1844142,5811152
Matamata-Piako District,TAUHEI ROAD,100,S, ,CAMERON ROAD,201440366,23/06/2014,Mon,415,EC,VN1,904 912 ,W,R,D,DN,M , , ,N,100,0,0,0,,,1817754,5836386
Matamata-Piako District,TAUTITI ROAD,880,N, ,ANDREWS ROAD,201410873,19/02/2014,Wed,2340,DA,MN1,101A 121A 131A ,F,E,D,DN,F , , ,C,100,0,1,0,,,1831696,5845766
Matamata-Piako District,TE AROHA GORDON ROAD,, ,I,MACE ROAD,201413302,10/05/2014,Sat,1344,HA,CN24,103A 129A 321A ,TV,R,D,B ,F ,X,S,C,100,0,0,1,,,1841944,5838889
Matamata-Piako District,TE POI SOUTH ROAD,1000,N, ,SH 28,201441587,03/01/2014,Fri,630,CB,CN1,129A 504A ,C,R,D,TN,F , ,N,C,100,0,0,0,,,1850713,5801884
Matamata-Piako District,THAMES ST,, ,I,SH 26,201451048,11/12/2014,Thu,1539,JC,CN1C,302B ,,M,D,BF,F ,T,G,C,50,0,0,0,,,,
Matamata-Piako District,TOWER ROAD,400,S, ,ARMADALE ROAD,201431408,02/03/2014,Sun,140,DB,CS1,103A ,CF,M,D,DN,F , ,N,C,100,0,0,0,,,1847627,5823949
Matamata-Piako District,TOWER ROAD,1450,N, ,OKAUIA SPRINGS ROAD,201417279,04/09/2014,Thu,120,CC,VN1,101A 130A 412A ,T,R,D,DN,F , , ,C,100,0,0,1,,,1847877,5814816
Matamata-Piako District,TURNBULL CRESCENT,200,W, ,STUDHOLME ST,201441641,15/06/2014,Sun,2058,DA,CW1C,131A ,,M,D,DO,F , , ,N,50,0,0,0,,,1822187,5829973
Matamata-Piako District,WAGHORN ROAD,800,N, ,WARDVILLE ROAD,201439612,27/06/2014,Fri,1820,CB,CN1,129A 130A ,JXZ,R,W,DN,L , , ,C,100,0,0,0,,,1845166,5822822
Matamata-Piako District,WAHAROA ROAD EAST,, ,I,POHLEN ROAD,201413293,27/05/2014,Tue,1533,JA,4S1C,302B 375B ,,R,D,B ,F ,T,G,C,100,0,0,2,,,1843248,5814446
Matamata-Piako District,WAIHEKAU ROAD,150,E, ,NGARUA ROAD,201451036,18/12/2014,Thu,1900,CB,CE1,129A ,V,R,D,ON,F , ,N,C,100,0,0,0,,,1834749,5829781
Matamata-Piako District,WARDVILLE ROAD,, ,I,ALEXANDRA ROAD,201438059,03/03/2014,Mon,654,DC,CS2,335A 904 ,F,R,W,DN,M ,T,G,R,100,0,0,0,,,1844324,5820507
Matamata-Piako District,WHITAKER ST,20,N, ,BOUNDARY ST,201447950,12/09/2014,Fri,1156,MO,CS1V,423A ,KMX,R,D,O ,F , , ,C,50,0,0,0,,,1839706,5841306
Matamata-Piako District,WISEMAN ROAD,270,W, ,HAPAI ROAD,201442322,13/06/2014,Fri,1650,CB,CW1,112A 129A ,V,R,D,O ,F , ,N,N,100,0,0,0,,,1829688,5844357
Matamata-Piako District,YOUNG ST,, ,I,SAIN CRESCENT N,201434751,24/04/2014,Thu,800,DC,CE2,133A 423A ,P,R,D,OF,F ,T,N,N,50,0,0,0,,,1821784,5830246
Matamata-Piako District,1N/591/1.362,270,W, ,SH 29,201447106,21/10/2014,Tue,30,DA,CE1,131A 412A ,F,E,D,DO,F , , ,C,100,0,0,0,,,1834220,5797150
Matamata-Piako District,1N/591/1.617,15,W, ,SH 29,201448515,29/10/2014,Wed,720,AA,OW1T,381A ,,E, ,OF,  ,T,G,C,100,0,0,0,,,1834473,5797129
Matamata-Piako District,24/0/0.022,100,N, ,HETANA ST,201432315,03/02/2014,Mon,840,MF,4N14,371B 377B ,,R,D,B ,F , , ,R,50,0,0,0,,,1843952,5811791
Matamata-Piako District,24/0/0.069,, ,I,WAHAROA ROAD EAST,201431161,10/02/2014,Mon,1155,JC,TS1V,113A 302A ,,E,D,B ,F ,T,G,C,50,0,0,0,,,1843993,5811768
Matamata-Piako District,24/0/0.122,, ,I,HETANA ST,201446966,03/10/2014,Fri,1210,BE,CN1C,133A 427A ,,R,W,OF,L ,T,G,R,50,0,0,0,,,1844040,5811743
Matamata-Piako District,24/0/0.267,, ,I,ARAWA ST,201432563,25/01/2014,Sat,2312,HA,4E1C,302A 375A ,,R,D,DO,F ,R,G,R,50,0,0,0,,,1844152,5811680
Matamata-Piako District,TOWER ROAD,, ,I,24/0/1.114,201432343,06/02/2014,Thu,1445,LB,CW1C,302A ,,R,D,B ,F ,R,G,C,50,0,0,0,,,1844893,5811286
Matamata-Piako District,24/0/2.897,400,E, ,ROCKFORD ST,201445362,01/10/2014,Wed,2015,CB,CE1,130A 351A 357A ,F,R,D,DO,F , , ,C,100,0,0,0,,,1846430,5810409
Matamata-Piako District,24/0/4.099,500,N, ,TAIHOA NORTH ROAD,201449363,10/12/2014,Wed,2020,DB,VS1,111A 131A 901 ,C,M,W,TN,H , , ,C,100,0,0,0,,,1847386,5809700
Matamata-Piako District,24/0/6.908,400,S, ,DAVIDSON ROAD,201410872,11/01/2014,Sat,1921,BF,CN1C,131B 668B ,F,S,D,O ,F , , ,C,100,0,3,2,,,1849326,5807813
Matamata-Piako District,24/0/7.865,, ,I,TE POI ROAD,201446134,06/10/2014,Mon,950,JA,CS1C,197A 302B 375B 507B ,FT,R,W,O ,  ,T,G,C,100,0,0,0,,,1849704,5807097
Matamata-Piako District,TE POI ROAD,, ,I,24/0/7.865,201446646,29/10/2014,Wed,1030,JA,4S1T,302B ,,R,D,O ,F ,T,G,C,100,0,0,0,,,1849704,5807097
Matamata-Piako District,24/0/9.888,100,W, ,STOPFORD ROAD,201434528,04/04/2014,Fri,1220,DA,CW1,129A 134A ,,E,D,BF,F , ,N,N,100,0,0,0,,,1851597,5806625
Matamata-Piako District,24/0/10.168,180,E, ,STOPFORD ROAD,201400053,15/03/2014,Sat,54,BF,VW1T,111A 131A ,,M,D,DN,F , , ,C,100,1,0,0,,,1851864,5806705
Matamata-Piako District,24/0/10.593,, ,I,OLD TE AROHA ROAD,201435843,07/03/2014,Fri,1745,GA,TE1CC,331A 363A 604B 902 ,,R,D,BN,F ,T,G,C,100,0,0,0,,,1852214,5806493
Matamata-Piako District,24/0/11.252,, ,I,OMAHINE ROAD,201417614,16/10/2014,Thu,1148,GD,VN1CC,132A 355A ,,E,D,O ,F ,T,N,C,100,0,1,0,,,1852727,5806083
Matamata-Piako District,24/0/12.43,500,N, ,SH 29,201440062,11/07/2014,Fri,1203,CC,TN1,130A 903 ,F,R,D,ON,FS, ,N,C,100,0,0,0,,,1853348,5805084
Matamata-Piako District,26/17/0.958,1000,S, ,HARBOTTLE ROAD,201417781,15/11/2014,Sat,1815,BC,VN14,121A ,,E,D,O ,F , ,N,C,100,0,0,1,,,1816969,5823718
Matamata-Piako District,26/17/2.604,800,S, ,KURANUI ROAD,201449991,05/12/2014,Fri,1520,AD,CS1T,130A 156A 830 ,,R,D,O ,F , , ,C,100,0,0,0,,,1817561,5825231
Matamata-Piako District,26/17/2.608,650,N, ,HARBOTTLE ROAD,201431546,04/01/2014,Sat,740,CB,CS1,412A ,FX,R,D,B ,F , , ,N,100,0,0,0,,,1817564,5825234
Matamata-Piako District,26/17/2.835,2000,S, ,MOTUMAOHO STATION ROAD,201439615,18/04/2014,Fri,,CC,VS1,101A 130A ,FX,R,D,DN,F , , ,C,100,0,0,0,,,1817707,5825407
Matamata-Piako District,26/17/3.604,200,N, ,KURANUI ROAD,201451035,18/12/2014,Thu,945,FD,CS1C,181A ,,E,W,OF,H , ,N,C,100,0,0,0,,,1817985,5826120
Matamata-Piako District,26/17/5.573,300,S, ,PIAKO ROAD,201418592,03/10/2014,Fri,1904,CC,CS1,103A 129A ,V,R,D,TF,F , ,N,C,100,0,0,1,,,1818932,5827824
Matamata-Piako District,26/17/6.073,200,E, ,PIAKO ROAD,201431481,10/03/2014,Mon,715,GA,VW14,333A 929 ,,R,D,BN,F ,D,N,C,100,0,0,0,,,1819290,5828122
Matamata-Piako District,26/17/8.966,, ,I,AVENUE ROAD SOUTH,201417301,05/11/2014,Wed,710,HA,CS2M,302A 386A ,,R,D,B ,F ,X,G,C,50,0,0,1,,,1822072,5828735
Matamata-Piako District,26/26/0.245,100,W, ,MCRAE ST,201417300,06/11/2014,Thu,1330,EA,VE1T,129A 352A ,M,R,D,B ,F , , ,P,50,0,0,1,,,1822299,5828825
Matamata-Piako District,THAMES ST,, ,I,26/26/0.677,201413301,01/05/2014,Thu,730,LB,VW1C,302A 350A 375A ,,E,D,O ,F ,T,G,C,50,0,0,1,,,1822701,5828985
Matamata-Piako District,26/26/0.836,, ,I,MARSHALL ST,201445818,25/08/2014,Mon,1550,FB,CW1V,181A ,,R,D,B ,F ,T,G,R,50,0,0,0,,,1822789,5828853
Matamata-Piako District,26/26/0.836,, ,I,SH 26 ALLEN MARSHALL,201417302,15/11/2014,Sat,1917,DA,MW2,111A 131A 402A 801 ,C,M,W,O ,L ,T,N,C,60,0,0,1,,,1822789,5828853
Matamata-Piako District,26/26/1.049,, ,I,LORNE ST,201448516,30/10/2014,Thu,1915,HA,VE1C,302B 375B ,,R,D,DO,F ,X,G,C,50,0,0,0,,,1822994,5828911
Matamata-Piako District,26/26/1.049,, ,I,LORNE ST,201415906,10/09/2014,Wed,830,HA,TE1C,302B 382B ,,R,D,B ,F ,X,G,C,50,0,0,2,,,1822994,5828911
Matamata-Piako District,26/26/1.171,, ,I,STUDHOLME ST,201434746,01/04/2014,Tue,1410,FB,CN2C,181A ,,R, , F,  ,R,G,R,50,0,0,0,,,1823094,5828979
Matamata-Piako District,26/26/1.417,, ,I,CANADA ST,201415827,08/09/2014,Mon,1300,FA,SN2C,357A ,,R,D,B ,F ,T,S,C,50,0,0,1,,33,1823315,5829083
Matamata-Piako District,26/26/1.517,100,E, ,CANADA ST,201434663,05/04/2014,Sat,1600,GB,CE1T,158A 333A 927 ,,R,D,BF,F ,D,N,C,50,0,0,0,,,1823411,5829112
Matamata-Piako District,26/26/2.51,30,E, ,SANDERS AVENUE,201414585,10/04/2014,Thu,900,PF,CW1E,420A ,,R,D,B ,F , , ,C,50,0,0,1,72,,1823972,5829756
Matamata-Piako District,26/26/2.933,, ,I,ELM ST,201414433,09/07/2014,Wed,1330,GD,4N1CC,331A 351A ,,E,W,OF,L ,X,S,C,50,0,0,2,,,1824316,5830001
Matamata-Piako District,26/26/4.188,, ,I,MURRAY ROAD W,201414260,07/08/2014,Thu,1750,JA,CE1V,132A 302B 375B ,,M,W,TN,F ,T,G,C,100,0,0,1,,,1825421,5830501
Matamata-Piako District,26/26/5.935,300,N, ,ALLEN ROAD,201413806,21/03/2014,Fri,130,CB,CN1,105A 138A 817 ,V,R,D,DN,F , , ,N,100,0,0,3,,,1826958,5831262
Matamata-Piako District,26/35/1.683,140,W, ,WOOD ROAD,201400204,10/10/2014,Fri,1924,AB,CE1T,112A 125A 150A ,,R,D,TN,F , ,N,C,100,2,0,0,,,1830456,5834058
Matamata-Piako District,26/35/5.162,630,E, ,NGARUA ROAD,201412017,12/04/2014,Sat,1335,DA,MW1,131A 630A ,V,M,W,O ,F , ,N,C,80,0,0,1,,,1833325,5835975
Matamata-Piako District,26/35/5.36,1200,W, ,SEDDON ROAD,201410468,12/01/2014,Sun,1230,JA,CE1C,308B 930 ,,R,D,B ,F ,D,N,C,100,0,0,3,,,1833486,5836091
Matamata-Piako District,26/35/6.874,, ,I,THOMAS ROAD,201432896,14/03/2014,Fri,1056,GD,4W1CC,331A ,,R,D,B ,F ,T,S,C,100,0,0,0,,,1834732,5836936
Matamata-Piako District,26/35/10.133,250,W, ,MILES ROAD,201433159,04/03/2014,Tue,2300,DA,4W1,129A 131A ,FT,E,W,DN,F , , ,C,100,0,0,0,,,1836898,5839289
Matamata-Piako District,26/35/10.747,300,W, ,GRATTAN ROAD,201435575,18/04/2014,Fri,1715,CC,CE1,134A 407A ,V,R,D,O ,F , , ,C,100,0,0,0,,,1837429,5839594
Matamata-Piako District,26/35/10.797,250,W, ,GRATTAN ROAD,201449403,16/12/2014,Tue,757,QG,VW1,681A ,V,R,D,B ,F , , ,C,100,0,0,0,,,1837474,5839614
Matamata-Piako District,26/35/11.397,350,E, ,GRATTAN ROAD,201451084,21/12/2014,Sun,2013,EC,40,912,W,R,D,BN,F , ,N,C,100,0,0,0,,,1838027,5839847
Matamata-Piako District,26/48/5.355,640,N, ,RAWHITI ROAD S,201440524,26/05/2014,Mon,2219,EC,CS1,912,W,R,D,DN,F , , ,C,100,0,0,0,,,1837856,5845611
Matamata-Piako District,26/48/6.14,150,N, ,STATION ROAD,201432701,23/01/2014,Thu,2120,DA,CN1,103A 131A ,F,E,D,DN,F , , ,C,100,0,0,0,,,1837272,5846099
Matamata-Piako District,27/21/0.531,500,S, ,MAUKORO LANDING ROAD,201410338,28/01/2014,Tue,1935,CB,CS1,129A ,V,R,D,BN,F , ,N,C,100,0,0,2,,,1820735,5853786
Matamata-Piako District,27/27/1.885,250,N, ,NORTH ROAD,201410574,21/01/2014,Tue,1510,CB,MS1,903,,R,D,ON,FS, ,N,C,100,0,1,0,,,1822833,5847591
Matamata-Piako District,27/27/3.964,, ,I,PAEROA TAHUNA ROAD,201436442,14/05/2014,Wed,1925,EC,CS1,341A ,GI,S,W,DO,L ,R,G,R,100,0,0,0,,,1823181,5845542
Matamata-Piako District,27/27/3.979,, ,I,PAEROA TAHUNA ROAD,201431727,03/01/2014,Fri,300,DA,CS1,111A 131A ,G,E,D,DN,F ,R,G,C,100,0,0,0,,,1823189,5845541
Matamata-Piako District,27/27/6.913,1600,N, ,NO 9 ROAD WEST,201414461,07/04/2014,Mon,1118,CB,CS1,411A ,V,R,D,BN,F , ,N,C,100,0,0,1,,,1823199,5842694
Matamata-Piako District,27/27/9.921,2000,N, ,HORRELL ROAD,201443594,11/06/2014,Wed,520,QG,TN1,903,,R,W,DN,LS, ,N,C,100,0,0,0,,,1824689,5840168
Matamata-Piako District,27/27/11.921,, ,I,HORRELL ROAD,201448500,11/10/2014,Sat,1210,GE,CS1O,160A 377A ,,R,D,BF,F ,X,G,C,100,0,0,0,,,1825848,5838538
Matamata-Piako District,27/27/11.921,, ,I,NO 4 ROAD,201413329,07/05/2014,Wed,1215,HA,VN14,321B 375B ,P,R,D,B ,F ,X,S,C,100,0,1,4,,,1825848,5838538
Matamata-Piako District,27/27/12.921,1000,S, ,HORRELL ROAD,201410263,23/02/2014,Sun,605,CC,CS1,125A 130A ,FV,R,D,DO,F , ,N,C,100,0,0,1,,,1826427,5837723
Matamata-Piako District,27/27/13.191,1270,S, ,HORRELL ROAD,201450404,05/12/2014,Fri,1328,CB,4S1,129A ,F,R,D,OF,F , ,N,C,100,0,0,0,,,1826583,5837503
Matamata-Piako District,27/27/15.148,, ,I,NO 2 ROAD,201433458,20/02/2014,Thu,1325,GD,BN1CV,181A 333A ,,R,D,BN,F ,T,G,C,100,0,0,0,,,1827711,5835904
Matamata-Piako District,27/27/16.312,2000,N, ,SH 26,201437632,20/05/2014,Tue,1900,CB,CS1,130A 412A ,T,R,D,DN,F , , ,C,100,0,0,0,,,1828217,5834856
Matamata-Piako District,27/27/17.312,1000,N, ,SH 26,201410856,18/01/2014,Sat,445,CB,CS1,130A 402A 411A ,FP,R,D,TN,F , , ,C,100,0,2,0,,,1828652,5833956
Matamata-Piako District,SH 26,, ,I,27/27/18.312,201443258,14/08/2014,Thu,825,DA,TS1,131A 613A ,P,M,D,O ,F ,R,G,R,100,0,0,0,,,1829080,5833047
Matamata-Piako District,27/27/18.312,, ,I,SH 26,201433151,01/04/2014,Tue,650,DA,TN1,111A 131A ,J,S,D,DO,F ,R,G,R,100,0,0,0,,,1829097,5833057
Matamata-Piako District,27/45/0.2,200,S, ,SH 26,201437784,06/06/2014,Fri,1927,AD,CN1,130A 150A ,F,R,W,DO,F , , ,C,100,0,0,0,,,1829188,5832845
Matamata-Piako District,27/45/1.472,80,S, ,CUSSEN ROAD,201410190,06/01/2014,Mon,520,EC,CS1,912,W,E,D,TN,F , , ,C,100,0,0,2,,,1829925,5831836
Matamata-Piako District,27/45/4.874,1600,W, ,MAUNGAKAWA ROAD,201418685,30/11/2014,Sun,1345,FD,4S14,181A ,,R,D,ON,F , ,N,C,100,0,0,1,,,1832680,5830115
Matamata-Piako District,27/45/5.354,1120,W, ,MAUNGAKAWA ROAD,201438762,26/04/2014,Sat,1214,CB,4S1,132A ,P,R,D,BN,F , ,N,C,100,0,0,0,,,1833039,5829797
Matamata-Piako District,27/45/9.835,, ,I,KEREONE ROAD,201411169,03/04/2014,Thu,2018,JA,TN1C,321B ,,R,D,DO,F ,X,S,L,100,0,1,0,,,1836134,5827317
Matamata-Piako District,27/45/10.635,800,S, ,KEREONE ROAD,201441819,11/07/2014,Fri,430,CC,VS1,130A 410A 801 903 ,V,R,W,DN,LS, , ,C,100,0,0,0,,,1836682,5826734
Matamata-Piako District,27/45/18.782,150,S, ,JAGGER ROAD,201410305,04/01/2014,Sat,2215,AO,MN1M,129A ,,R,D,DO,F , ,N,C,100,0,0,2,,,1841012,5820081
Matamata-Piako District,27/67/1.516,50,N, ,PITT ST,201414323,23/06/2014,Mon,1010,NB,CS1E,713B ,,R,D,B ,F , , ,P,50,0,0,1,,,1842448,5817362
Matamata-Piako District,27/67/1.536,30,N, ,PITT ST,201448823,28/11/2014,Fri,1045,FD,CS14C,110A 331A 191C 801 ,,R,W,O ,L , , ,R,50,0,0,0,,,1842454,5817343
Matamata-Piako District,27/67/2.419,200,S, ,LINK ROAD,201432465,26/01/2014,Sun,934,AD,CS1,130A 901 ,F,R,W,O ,H , , ,C,100,0,0,0,,,1842620,5816500
Matamata-Piako District,27/67/4.566,, ,A,POHLEN ROAD,201450411,12/12/2014,Fri,855,JA,TS1C,302B 375B ,,R,D,OF,F ,T,G,C,100,0,0,0,,,1843213,5814436
Matamata-Piako District,27/67/4.566,, ,A,POHLEN ROAD,201413243,08/06/2014,Sun,905,CB,CS1,101A 410A ,ST,R,W,O ,F , ,N,C,100,0,1,0,,,1843213,5814436
Matamata-Piako District,27/67/4.566,, ,A,POHLEN ROAD,201432889,11/03/2014,Tue,1132,JA,VS1C,302B 361B ,,R,D,B ,F ,T,G,C,100,0,0,0,,,1843213,5814436
Matamata-Piako District,27/67/4.919,2700,S, ,LINK ROAD,201412111,25/04/2014,Fri,1108,CB,MN1,130A ,,R,D,O ,F , , ,C,100,0,0,2,,,1843311,5814097
Matamata-Piako District,27/67/5.366,800,S, ,POHLEN ROAD,201450409,09/11/2014,Sun,1220,CB,CS1,129A 410A ,ST,R,D,BF,F , ,M,C,100,0,0,0,,,1843434,5813667
Matamata-Piako District,27/74/0.05,50,S, ,PERIA ROAD,201431406,04/03/2014,Tue,1524,GD,CN14,333A 927 ,,R,D,BF,F ,D,N,C,50,0,0,0,,,1843903,5811746
Matamata-Piako District,27/74/0.668,, ,I,FARMERS ROAD,201445304,19/09/2014,Fri,1000,KA,CE2V,321A 375A ,,E,D,O ,L ,X,S,R,50,0,0,0,,,1843924,5811134
Matamata-Piako District,27/74/1.722,, ,I,FIRTH CLOSE,201412548,05/04/2014,Sat,2040,LB,MN1C,112A 303B 375B ,,R,D,DO,F ,T,N,P,70,0,2,0,,,1843839,5810090
Matamata-Piako District,27/74/1.96,, ,I,BURWOOD ROAD,201436176,02/05/2014,Fri,1534,GD,CN1C,181A ,,M,D,B ,F ,T,G,C,70,0,0,0,,,1843812,5809871
Matamata-Piako District,27/74/7.429,, ,A,MANGAWHERO BR,201410191,07/01/2014,Tue,611,BF,TS1T,111A 129A 818 ,B,M,D,B ,F , , ,L,100,0,2,0,,,1843483,5804968