TLANAME,CRASHROAD,CRASHDIST,CRASHDIRN,INTSN,SIDEROAD,CRASHID,CRASHDATE,CRASHDOW,CRASHTIME,MVMT,VEHICLES,CAUSES,OBJECTSSTRUCK,ROADCURVE,ROADWET,LIGHT,WTHRa,JUNCTYPE,TRAFCTRL,ROADMARK,SPDLIM,CRASHFATALCNT,CRASHSEVCNT,CRASHMINCNT,PERSAGE1,PERSAGE2,EASTING,NORTHING
Matamata-Piako District,27/74/9.58,, ,I,SH 29,201436842,11/05/2014,Sun,1254,FB,CN1M,181A 331A 387A ,,R,D,B ,F ,T,S,C,100,0,0,0,,,1844048,5802936
Matamata-Piako District,27/83/0,, ,I,SH 29 E,201441562,12/08/2014,Tue,445,FB,CS1C,181A ,,R,D,DO,F ,T,S,C,100,0,0,0,,,1844102,5802912
Matamata-Piako District,27/83/0,, ,I,SH 29 E,201450417,09/12/2014,Tue,1725,FB,CS1C,181A ,,R,D,OF,F ,T,S,C,100,0,0,0,,,1844102,5802912
Matamata-Piako District,27/83/0,, ,I,SH 29 E,201450410,22/11/2014,Sat,1340,FB,CN1C,181A ,,R,D,ON,F ,T,S,C,100,0,0,0,,,1844102,5802912
Matamata-Piako District,SH 29,, ,I,RAPURAPU ROAD,201443259,23/08/2014,Sat,1200,AC,VN2C,330A 372A ,,M,D,B ,F ,T,S,C,100,0,0,0,,,1854360,5803576
Matamata-Piako District,29/42/1.191,130,S, ,SUMMIT LOOKOUT,201400163,02/08/2014,Sat,1608,BF,CN1C,104A 111A 131A ,,E,W,ON,  , , ,L,100,1,0,2,,,1857482,5804077
Matamata-Piako District,29/42/1.596,4100,E, ,SH 28,201432702,22/02/2014,Sat,915,DA,CS1,111A 131A 402A 800 904 ,CF,S,W,O ,M , , ,C,100,0,0,0,,,1857560,5803707
Matamata-Piako District,29/42/1.696,4000,E, ,RAPURAPU ROAD,201432681,16/03/2014,Sun,1635,BF,CN1C,135A 330A 806 ,,S,D,B ,F , ,N,C,100,0,0,0,,,1857552,5803611
Matamata-Piako District,29/42/1.711,650,S, ,SUMMIT LOOKOUT,201432464,26/01/2014,Sun,1318,AD,CS1C,111A 131A 801 ,K,M,W,O ,L , , ,L,100,0,0,0,,,1857543,5803600
Matamata-Piako District,29/42/2.041,980,S, ,SUMMIT LOOKOUT,201416610,18/10/2014,Sat,1855,DB,CE1,110A 131A 901 ,S,M,W,DN,H , , ,L,100,0,0,1,,,1857237,5803540
Matamata-Piako District,29/42/2.096,3600,E, ,RAPURAPU ROAD,201430414,21/01/2014,Tue,1220,BB,4W1C,111A 123A ,,M,W,O ,F , ,N,L,100,0,0,0,,,1857185,5803560
Matamata-Piako District,29/42/2.096,3600,E, ,SH 28,201430802,13/02/2014,Thu,808,DA,CS1,131A 402A ,C,M,D,ON,M , ,N,L,100,0,0,0,,,1857185,5803560
Matamata-Piako District,29/42/2.261,1200,S, ,SUMMIT LOOKOUT,201417958,05/12/2014,Fri,1512,BF,CW14,131A 351A 402A ,,S,W,O ,F , , ,L,100,0,2,1,,,1857030,5803568
Matamata-Piako District,29/42/2.496,3200,E, ,SH 28,201432314,26/01/2014,Sun,1210,DA,CW1,111A 131A ,CF,M,W,O ,L , , ,L,100,0,0,0,,,1856939,5803359
Matamata-Piako District,29/42/2.696,3000,E, ,SH 28,201446678,28/10/2014,Tue,1906,DA,CW1,111A 131A 402A ,F,M,W,DN,H , , ,C,100,0,0,0,,,1856787,5803423
Matamata-Piako District,29/42/2.696,3000,S, ,SH 28,201434665,07/02/2014,Fri,1900,DB,CS1,111A 131A 402A ,V,S,W,ON,L , ,N,L,100,0,0,0,,,1856787,5803423
Matamata-Piako District,29/42/2.696,3000,E, ,SH 28 RAPURAPU ROAD,201444974,23/06/2014,Mon,1550,AO,TE1C,150A 381A 150B ,,M,D,O ,F , ,N,L,100,0,0,0,,,1856787,5803423
Matamata-Piako District,29/42/3.196,2500,E, ,SH 28,201432344,07/02/2014,Fri,1103,DA,CW1,131A 402A ,F,S,D,B ,F , , ,L,100,0,0,0,,,1856468,5803279
Matamata-Piako District,29/42/3.196,2500,S, ,SH 28,201442763,24/06/2014,Tue,915,DB,CN1,135A 806 ,G,M,W,ON,L , ,N,L,100,0,0,0,,,1856468,5803279
Matamata-Piako District,29/42/3.306,2390,E, ,RAPURAPU ROAD,201445339,20/09/2014,Sat,640,DA,CW1,111A 131A 402A ,F,M,W,O ,L , , ,L,100,0,0,0,,,1856367,5803304
Matamata-Piako District,29/42/3.696,2000,E, ,SH 28,201449365,14/12/2014,Sun,1633,DB,CN1,111A 131A 133A 800 801 903 ,F,M,W,O ,LS, , ,C,100,0,0,0,,,1856097,5803467
Matamata-Piako District,29/42/3.696,2000,E, ,SH 28,201449364,14/12/2014,Sun,1810,DA,CS1,111A 131A 800 801 903 ,F,S,W,O ,LS, , ,C,100,0,0,0,,,1856097,5803467
Matamata-Piako District,29/42/4.696,1000,S, ,RAPURAPU ROAD,201442202,15/08/2014,Fri,700,DA,CW1,131A 402A 904 ,V,E,W,O ,M , , ,L,100,0,0,0,,,1855169,5803162
Matamata-Piako District,29/42/4.696,1000,E, ,SH 28,201418518,14/12/2014,Sun,1634,BF,CW1CC,135A 806 ,,M,W,OF,L , ,N,L,100,0,0,1,,,1855169,5803162
Matamata-Piako District,29/42/4.896,800,E, ,SH 28,201437488,08/02/2014,Sat,1130,DA,CW1,135A 402A 801 806 ,P,E,W,O ,L , , ,L,100,0,0,0,,,1854976,5803116
Matamata-Piako District,29/42/5.046,650,S, ,SH 28,201446965,03/10/2014,Fri,1346,DA,CW1,111A 131A ,C,E,W,ON,L , ,N,C,100,0,0,0,,,1854829,5803143
Matamata-Piako District,29/42/5.696,, ,I,SH 28,201437475,26/04/2014,Sat,1835,JA,4N1C,302B 375B ,,E,D,DO,F ,T,G,C,100,0,0,0,,,1854360,5803576
Matamata-Piako District,29/42/5.696,, ,I,SH 28,201416435,17/08/2014,Sun,1006,JA,CN1C,197A 302B 375B ,,E,D,B ,F ,T,G,R,100,0,1,0,,,1854360,5803576
Matamata-Piako District,29/48/1.362,50,S, ,SH 24,201437491,25/05/2014,Sun,1605,DA,CN1,131A 358A 403A ,ST,E,D,O ,F , , ,C,100,0,0,0,,,1853480,5804551
Matamata-Piako District,29/50/3.792,, ,I,TE POI ROAD,201447434,26/10/2014,Sun,1645,HA,CE1C,301A 375A ,,R,D,B ,F ,X,S,C,70,0,0,0,,,1850025,5804510
Matamata-Piako District,29/50/3.792,, ,I,TE POI ROAD,201447463,27/11/2014,Thu,1200,HA,CS2T,301A 404A ,,R,D,B ,F ,X,S,C,70,0,0,0,,,1850025,5804510
Matamata-Piako District,29/50/3.792,, ,I,TE POI ROAD,201410260,27/01/2014,Mon,1511,BE,CE1C,125A 137A ,,R,D,B ,F ,X,S,C,70,0,5,1,,,1850025,5804510
Matamata-Piako District,29/50/3.792,, ,I,TE POI SOUTH ROAD,201448556,08/11/2014,Sat,2230,HA,CE1C,321B 375B ,,R,D,DO,F ,T,S,C,70,0,0,0,,,1850025,5804510
Matamata-Piako District,29/50/5.642,600,W, ,KERR ROAD,201446299,13/10/2014,Mon,842,DA,CW1,103A 131A ,F,M,D,BN,F , ,N,C,100,0,0,0,,,1848255,5804020
Matamata-Piako District,29/50/8.179,10,W, ,RANGITANUKU ROAD,201431146,31/01/2014,Fri,1703,FA,CE1C,181A ,,E,D,B ,F ,T,N,C,100,0,0,0,,,1845976,5803361
Matamata-Piako District,29/50/10.027,300,E, ,SH 27,201411739,30/03/2014,Sun,153,DA,CW1,131A 363A 601A ,F,M,D,DN,F , , ,C,100,0,0,1,,,1844378,5802793
Matamata-Piako District,29/61/0,, ,I,SH 27,201418028,14/11/2014,Fri,735,JA,ME1C,301B 375B ,,R,D,BF,F ,T,S,C,100,0,0,1,,,1844048,5802936
Matamata-Piako District,29/61/0,, ,I,SH 27,201416514,12/08/2014,Tue,1008,LB,CE1VC,303B ,Q,R,W,OF,F ,T,S,C,100,0,0,1,,,1844048,5802936
Matamata-Piako District,29/61/0.015,15,W, ,SH 27,201433640,14/02/2014,Fri,1150,FA,TE1C,158A 387A 129B 355B 404B ,,R,D,B ,F , , ,P,100,0,0,0,,,1844034,5802943
Matamata-Piako District,29/61/4.124,, ,I,HOPKINS ROAD,201416618,25/10/2014,Sat,1037,JA,CE1C,302B 375B 404B ,,R,D,B ,F ,T,G,R,100,0,1,0,,,1840269,5803575
Matamata-Piako District,29/61/5.753,650,S, ,POND ROAD,201430413,20/01/2014,Mon,740,DB,VS1,131A 504A ,F,M,D,O ,F , ,N,C,100,0,0,0,,,1838704,5803141
Matamata-Piako District,29/61/8.247,520,W, ,TAOTAOROA ROAD,201432346,12/02/2014,Wed,755,CC,CW1,130A 357A ,C,R,D,O ,F , , ,C,100,0,0,0,,,1837022,5801306
Matamata-Piako District,29/61/8.527,800,S, ,TAOTAOROA ROAD,201443064,28/08/2014,Thu,1220,CB,CN1,129A 358A 407A ,V,R,D,B ,F , , ,C,100,0,0,0,,,1836836,5801096
Matamata-Piako District,29/61/9.827,2100,S, ,TOTMAN ROAD,201413327,17/05/2014,Sat,1440,DA,CS1,129A 131A 407A 411A ,FT,M,D,B ,F , , ,C,100,0,0,1,,,1836482,5799880
Matamata-Piako District,29/61/11.018,2370,N, ,SH 1N,201410486,16/02/2014,Sun,1520,DB,CW1,131A 414A ,F,E,D,B ,F , , ,L,100,0,0,1,,,1835537,5799229
Napier City,ALEXANDER AVENUE,5,W, ,NEAL CRESCENT,201416607,24/10/2014,Fri,2055,GA,CW1C,110A 331A 929 ,,R,D,DO,F ,D,N,N,50,0,0,2,,,1934615,5618596
Napier City,ALEXANDER AVENUE,, ,I,OLDHAM AVENUE,201433434,09/03/2014,Sun,450,DB,CS2,111A 136A 514A ,K,E,D,DO,F ,T,G,C,50,0,0,0,,,1934549,5618541
Napier City,AUCKLAND ROAD,, ,I,AVONDALE ROAD,201440734,16/07/2014,Wed,1014,HA,CN1V,302B ,,E,D,O ,F ,R,G,C,50,0,0,0,,,1931470,5618342
Napier City,AWATOTO ROAD,, ,I,MEEANEE ROAD,201447281,14/10/2014,Tue,1810,FB,CS14,331A ,,R,D,B ,F ,X,S,C,50,0,0,0,,,1934540,5615566
Napier City,AWATOTO ROAD,, ,I,MEEANEE ROAD,201413078,01/06/2014,Sun,1715,BF,CS24,111A 131A ,,R,W,DO,F ,X,S,C,50,0,0,1,,,1934540,5615566
Napier City,AWATOTO ROAD,, ,I,MEEANEE ROAD,201413804,06/04/2014,Sun,1057,DB,4S2C,111A 131A 407A 801 815 ,,S,W,O ,L ,X,S,C,50,0,1,0,,,1934540,5615566
Napier City,BARKER ROAD,20,N, ,LATHAM ST,201440871,05/08/2014,Tue,715,EA,CS1V,129A 358A 645A ,M,R,D,TF,F , , ,N,50,0,0,0,,,1935846,5619902
Napier City,BARKER ROAD,120,S, ,SIDEY PLACE,201416449,08/10/2014,Wed,1636,DB,CS1,111A 131A 191A ,T,E,D,B ,F , , ,N,50,0,0,1,,,1936123,5619578
Napier City,BARKER ROAD,, ,I,SIDEY PLACE,201410772,27/03/2014,Thu,1745,PD,CN1E,722B 727B ,,R,D,B ,F ,T,N,C,50,0,0,1,6,,1936044,5619667
Napier City,BARNARD AVENUE,, ,I,BLEDISLOE ROAD,201447280,01/11/2014,Sat,157,DB,CW2,111A 131A 514A ,S,R,D,DO,F ,T,G,C,50,0,0,0,,,1935504,5618483
Napier City,BATTERY ROAD,, ,I,MILTON ROAD,201436707,10/05/2014,Sat,1051,GE,CE1C,157A 144B ,,R,D,B ,F ,X,G,C,50,0,0,0,,,1936020,5622570
Napier City,BILL HERCOCK ST,150,S, ,ARTHUR HOBSON AVENUE,201439986,20/06/2014,Fri,815,MD,4E1C,308B 375B 929 ,,R,D,BF,F ,D,N,C,50,0,0,0,,,1933870,5618681
Napier City,BREAKWATER ROAD,, ,A,PORT ENTRANCE,201440103,04/07/2014,Fri,1050,GF,TS1C,179A 387B ,,E,D,B ,F ,T,G,C,50,0,0,0,,,1937206,5622290
Napier City,BROOKFIELDS ROAD,200,S, ,KING ROAD,201442039,30/06/2014,Mon,816,KB,VN1CC,308B 377B 929 ,,R,D,BF,F ,D,N,C,100,0,0,0,,,1933581,5613228
Napier City,BROOKFIELDS ROAD,320,S, ,KING ROAD,201443798,02/09/2014,Tue,2020,DA,CS1,111A 131A 801 ,F,M,W,DN,L , , ,C,100,0,0,0,,,1933594,5613109
Napier City,BROOKFIELDS ROAD,, ,I,KING ROAD,201416913,06/09/2014,Sat,146,DA,VS1,103A 131A ,V,E,W,DN,L ,T,N,N,70,0,0,1,,,1933596,5613428
Napier City,BROOKFIELDS ROAD,, ,I,SANDY ROAD N,201430525,24/01/2014,Fri,1305,LB,CN1C,303B ,,E,D,B ,F ,X,S,C,100,0,0,0,,,1934540,5615566
Napier City,BROWNING ST,15,E, ,CATHEDRAL LANE,201431214,21/01/2014,Tue,1220,MO,CE1C,385A ,M,R,D,BF,F , ,N,C,50,0,0,0,,,1936838,5621649
Napier City,BROWNING ST,, ,I,HERSCHELL ST,201435873,05/04/2014,Sat,1405,LB,CE1C,303B 404B ,,R,D,BF,F ,X,G,C,50,0,0,0,,,1937012,5621702
Napier City,BUCHANAN ST,100,S, ,VILLERS ST,201432834,11/03/2014,Tue,1600,MO,TS1,371A 927 ,P,R,D,B ,F ,D,N,N,50,0,0,0,,,1932823,5628738
Napier City,BURNESS ROAD,20,W, ,TANNERY ROAD,201431541,19/01/2014,Sun,1312,CC,CW1,129A 134A 359A ,,R,D,B ,F , , ,C,50,0,0,0,,,1933178,5616772
Napier City,BURNESS ROAD,1000,W, ,TANNERY ROAD,201435737,09/05/2014,Fri,1603,CB,CW1,103A 130A ,P,R,D,B ,F , , ,N,100,0,0,0,,,1932226,5617007
Napier City,CADBURY ROAD,, ,I,CARNEGIE ROAD,201438885,16/04/2014,Wed,1454,DB,CW2CC,111A 131A 517A ,M,M,D,OF,F ,T,G,C,50,0,0,0,,,1933811,5620218
Napier City,CARLYLE ST,, ,I,FARADAY ST,201448598,24/11/2014,Mon,1130,JA,CS2C,301B 375B ,,R,D,BN,F ,X,S,R,50,0,0,0,,,1935899,5621174
Napier City,CARLYLE ST,, ,I,FARADAY ST,201413568,05/08/2014,Tue,1344,LB,PE1C,303B 314B ,,R,D,B ,F ,X,S,C,50,0,0,1,,,1935899,5621174
Napier City,CARLYLE ST,60,W, ,PARADISE ROAD,201447565,02/11/2014,Sun,1958,EA,CE1C,129A 504A ,M,R,D,TF,F , , ,C,50,0,0,0,,,1935572,5621074
Napier City,CARLYLE ST,, ,I,TENNYSON ST,201434660,08/04/2014,Tue,1113,DA,CS2,133A ,PS,M,W,OF,F ,T,T,C,50,0,0,0,,,1936441,5621336
Napier City,CARNEGIE ROAD,50,N, ,SH 50,201434217,06/03/2014,Thu,1618,MA,CN1C,197A 350B 373B ,,R,D,B ,F , , ,N,50,0,0,0,,,1934028,5619957
Napier City,CHAUCER ROAD SOUTH,20,S, ,GUYS HILL ROAD N,201433442,30/03/2014,Sun,1837,CC,CN1,410A ,F,R,D,BF,F , ,N,N,50,0,0,0,,,1935618,5621595
Napier City,CLARENCE COX CRESCENT,100,W, ,ASHCROFT ST,201440730,14/07/2014,Mon,1752,CA,CW1C,112A 130A ,M,R,D,DO,F , , ,C,50,0,0,0,,,1933660,5618766
Napier City,CLIVE SQUARE WEST,50,N, ,DICKENS ST,201449683,29/12/2014,Mon,1315,MO,CS1S,312B 330B ,,R,D,B ,F , , ,C,50,0,0,0,,,1936536,5621298
Napier City,CLIVE SQUARE WEST,, ,I,EMERSON ST,201417304,11/11/2014,Tue,1015,HA,CN1C,302B 330B ,,R,D,B ,F ,X,G,N,50,0,0,1,,,1936517,5621361
Napier City,CLIVE SQUARE WEST,10,S, ,TENNYSON ST,201447336,15/11/2014,Sat,230,EA,4N1V,101A 129A ,M,R,D,DO,F ,T,N,C,50,0,0,0,,,1936500,5621416
Napier City,CLYDE JEFFERY DRIVE,30,N, ,WESTMINSTER AVENUE,201410142,14/01/2014,Tue,1855,FB,CS1C,112A 331A ,,R,D,B ,F ,T,G,R,50,0,0,2,,,1931993,5619589
Napier City,CONSTABLE CRESCENT,200,W, ,SCULLY CRESCENT,201435870,09/04/2014,Wed,1045,DA,CE1,132A ,FX,E,W,OF,F , ,N,N,50,0,0,0,,,1934777,5619243
Napier City,COOTE ROAD,, ,I,THOMPSON ROAD,201410629,17/02/2014,Mon,800,KB,BW1S,113B 302B ,,R,D,B ,F ,T,G,C,50,0,0,1,,13,1936731,5622175
Napier City,CORONATION ST,, ,I,TU ATU ST,201410672,23/01/2014,Thu,1533,HA,CS1M,101B 316B 375B ,,E,D,BN,F ,X,G,N,50,0,1,0,,,1935332,5622405
Napier City,CORUNNA BAY,50,E, ,HYDERABAD ROAD S,201431359,14/02/2014,Fri,1300,MO,VW1C,371A 927 ,,R,D,BF,F ,D,N,C,50,0,0,0,,,1934808,5621195
Napier City,COVENTRY AVENUE,, ,I,LEICESTER AVENUE,201430887,20/02/2014,Thu,1600,JA,CS1C,302B 375B ,,E,D,BF,F ,T,G,P,50,0,0,0,,,1932727,5619296
Napier City,COVENTRY AVENUE,25,W, ,WESTMINSTER AVENUE,201433786,06/04/2014,Sun,1030,EA,CW1V,129A ,M,R,W,O ,L , , ,N,50,0,0,0,,,1933037,5619055
Napier City,CREAGH ST,, ,I,CHAMBERS ST,201440733,24/07/2014,Thu,1405,FB,CW1M,181A ,,R,D,B ,F ,T,G,C,50,0,0,0,,,1936570,5619287
Napier City,DALTON ST,, ,I,DICKENS ST,201447282,03/10/2014,Fri,1600,HA,CS1C,301B ,,R,D,B ,F ,X,S,C,50,0,0,0,,,1936810,5621326
Napier City,DALTON ST,20,E, ,VAUTIER ST,201436761,26/05/2014,Mon,1610,MA,VE1C,373B ,,M,D,TF,F ,T,N,C,50,0,0,0,,,1936880,5621088
Napier City,DARWIN CRESCENT,, ,I,RICHMOND ST,201430818,16/02/2014,Sun,220,DC,CN2,103A ,F,E,D,DO,F ,T,N,C,50,0,0,0,,,1935535,5618747
Napier City,DICKENS ST,20,E, ,CLIVE SQUARE EAST,201435668,26/04/2014,Sat,1220,MF,CW1C,371B ,,R,D,B ,F , , ,C,50,0,0,0,,,1936663,5621281
Napier City,DICKENS ST,30,E, ,TENNYSON ST,201437431,15/05/2014,Thu,2217,DB,40,131A 407A 800 801 ,H,M,W,DO,L , , ,C,50,0,0,0,,,1936485,5621231
Napier City,DOUGLAS MCLEAN AVENUE,80,N, ,LATHAM ST,201439798,02/06/2014,Mon,1240,EA,CS1C,130A 501A ,M,R,D,O ,F , , ,N,50,0,0,0,,,1935985,5620099
Napier City,DURHAM AVENUE,20,N, ,NORFOLK ST,201411917,20/03/2014,Thu,1805,FC,CN1C,331A 358A ,,R,D,BF,F , ,N,X,50,0,0,4,,,1932587,5619574
Napier City,EDMUNDSON ST,20,W, ,NIVEN ST N,201440107,20/06/2014,Fri,1205,LB,4E1C,303B 926 ,,R,D,B ,F ,D,N,C,80,0,0,0,,,1933492,5619827
Napier City,ELBOURNE ST,, ,I,GUPPY ROAD,201446905,30/10/2014,Thu,1100,GA,CE1C,181A 191B ,,R, , F,  ,T,G,N,50,0,0,0,,,1931746,5616874
Napier City,ERIKSEN ROAD,300,N, ,KENNY ROAD,201414210,28/06/2014,Sat,335,CB,CN1,101A 112A 403A ,P,R,D,DN,F , ,N,N,100,0,2,0,,,1936206,5617690
Napier City,FARADAY ST,, ,I,SMALE TERRACE,201438093,05/06/2014,Thu,1630,MD,SS1C,308B 929 ,,E,D,B ,F ,D,N,N,50,0,0,0,,,1935893,5621357
Napier City,FERGUSON ST NORTH,70,S, ,FANNIN ST,201436762,02/06/2014,Mon,,MO,TN1C,371A 929 ,M,E,D,B ,F ,D,N,C,50,0,0,0,,,1933286,5627624
Napier City,FORD ROAD,, ,I,AUSTIN ST,201447703,05/11/2014,Wed,1730,GF,TS1C,386A ,,M,D,O ,F ,X,S,C,50,0,0,0,,,1934071,5620370
Napier City,FORD ROAD,, ,I,CARNEGIE ROAD,201400137,20/06/2014,Fri,1630,DA,MN2,108A 111A 131A 434A 532A 650A ,K,R,D,B ,F ,T,N,C,50,1,0,0,,,1933891,5620123
Napier City,FRYER ROAD,100,N, ,PUKETITIRI ROAD,201417917,01/10/2014,Wed,205,DA,CN1,131A 402A ,FT,M,W,DN,F , , ,C,100,0,0,1,,,1930596,5620248
Napier City,GLAMORGAN AVENUE,, ,I,LANARK CRESCENT,201441523,07/08/2014,Thu,1705,KA,CN1C,302B 375B ,,R,D,B ,F ,T,G,N,50,0,0,0,,,1932255,5619046
Napier City,GLOUCESTER ST,20,S, ,AUCKLAND ROAD,201451006,13/12/2014,Sat,1750,AO,CS1C,103A 129A ,,R,D,OF,F , ,N,C,50,0,0,0,,,1932133,5617872
Napier City,GLOUCESTER ST,, ,I,AVONDALE ROAD,201410670,21/02/2014,Fri,1400,FB,PS1V,181A 330A ,,R,D,B ,F ,R,G,C,50,0,0,1,,,1930936,5616937
Napier City,GLOUCESTER ST,50,E, ,GUPPY ROAD,201413040,26/05/2014,Mon,1300,LB,VE1C,303B 925 ,,R,D,OF,F ,D,N,C,50,0,0,1,,,1931980,5617756
Napier City,GLOUCESTER ST,80,N, ,GUPPY ROAD,201446077,20/10/2014,Mon,1230,MO,VN1C,386A ,M,R,D,B ,F , , ,C,50,0,0,0,,,1932004,5617774
Napier City,GLOUCESTER ST,50,W, ,GUPPY ROAD,201410671,25/02/2014,Tue,1110,EA,CW1CC,129A 427A ,M,R,D,B ,F , ,N,C,50,0,0,1,,,1931901,5617694
Napier City,GLOUCESTER ST,40,S, ,LEE ROAD S,201430171,15/01/2014,Wed,717,GB,CS1M,372B 922 ,,E,D,BF,F ,D, ,P,50,0,0,0,,,1930670,5616356
Napier City,GLOUCESTER ST,, ,I,LEE ROAD S,201448599,25/09/2014,Thu,1550,AO,TS2C,381A 671A ,,M, , F,F ,X,G,R,50,0,0,0,,,1930692,5616389
Napier City,GLOUCESTER ST,, ,I,LEE ROAD S,201448264,01/12/2014,Mon,1356,FB,CE1C,181A 330A ,,E,D,B ,F ,T,G,C,50,0,0,0,,,1930692,5616389
Napier City,GLOUCESTER ST,40,S, ,MEEANEE ROAD,201443304,31/08/2014,Sun,2045,CC,CS1,137A 195A ,F,R,D,DO,F , ,N,R,50,0,0,0,,,1930718,5616492
Napier City,GLOUCESTER ST,50,S, ,MEEANEE ROAD,201442773,13/08/2014,Wed,1815,EA,4S1C,129A ,M,R,D,BF,F , ,N,C,50,0,0,0,,,1930717,5616482
Napier City,GLOUCESTER ST,, ,I,ODOWD ROAD,201446396,17/09/2014,Wed,849,FF,CS1C,181A ,,R,D,BF,F ,T,G,C,50,0,0,0,,,1930271,5615815
Napier City,GLOUCESTER ST,200,N, ,OTATARA ROAD,201416594,02/09/2014,Tue,1120,JA,CS1C,308B 375B 930 ,,R,W,OF,L ,D,N,C,50,0,0,1,,,1930336,5615903
Napier City,GLOUCESTER ST,, ,I,PUKETAPU ROAD,201448796,08/10/2014,Wed,1410,HA,CW2S,302A ,,E,D,B ,F ,R,G,R,50,0,0,0,,,1930719,5616540
Napier City,GLOUCESTER ST,, ,I,SPRINGFIELD ROAD,201431367,20/02/2014,Thu,1253,DB,CS1,131A 410A ,G,E,D,BF,F ,T,G,C,50,0,0,0,,,1929600,5615255
Napier City,GLOUCESTER ST,50,N, ,UPHAM CRESCENT,201447216,26/10/2014,Sun,1055,MO,CS1C,371A ,M,R,D,B ,F , , ,C,50,0,0,0,,,1931534,5617408
Napier City,GLOUCESTER ST,, ,I,WAIOHIKI ROAD,201438281,13/06/2014,Fri,1000,BF,CN2C,131A ,,M,W,OF,L ,T,G,C,50,0,0,0,,,1929600,5615255
Napier City,GLOUCESTER ST,15,E, ,YORK AVENUE,201440870,01/08/2014,Fri,1750,JA,CW1C,308B 922 ,,R,D,DO,F ,D,N,C,50,0,0,0,,,1931952,5617734
Napier City,GOLDSMITH ROAD,80,S, ,BATTERY ROAD,201431362,28/02/2014,Fri,1827,DB,CS1,103A 131A ,J,S,D,BF,F , ,N,N,50,0,0,0,,,1935385,5621976
Napier City,GUILDFORD ST,60,W, ,LIVERPOOL CRESCENT E,201441792,01/08/2014,Fri,1415,MO,CE1C,371A 371B 929 ,,R,D,B ,F ,D,N,N,50,0,0,0,,,1932897,5619873
Napier City,GUPPY ROAD,, ,I,CORNWALL ROAD,201414010,14/06/2014,Sat,1030,GD,CS1C,181A 331A ,,R,D,B ,F ,T,N,C,50,0,0,1,,,1931712,5616735
Napier City,GUPPY ROAD,80,N, ,MEEANEE ROAD,201439037,22/06/2014,Sun,1125,MC,CN1C,372B ,,R,D,BF,F , ,N,C,50,0,0,0,,,1931630,5616401
Napier City,GUPPY ROAD,, ,I,MEEANEE ROAD,201443996,09/09/2014,Tue,1613,LB,4S1C,303B 375B ,,R,D,BF,F ,X,T,C,50,0,0,0,,,1931611,5616324
Napier City,HARDINGE ROAD,40,E, ,BRIDGE ST,201417308,06/11/2014,Thu,1100,ND,CW1E,370A 711B 926 ,,R,W,O ,F ,D, ,C,50,0,0,1,69,,1935365,5622737
Napier City,HARDINGE ROAD,15,W, ,MACAULAY ST,201434210,07/03/2014,Fri,1100,MF,CE1C,371B ,,R,D,B ,F , , ,C,50,0,0,0,,,1935602,5622786
Napier City,HAROLD HOLT AVENUE,, ,I,ALEXANDER AVENUE,201448928,29/11/2014,Sat,500,DB,CW2,103A 111A 131A ,F,R,D,TO,F ,T,N,C,50,0,0,0,,,1934323,5618501
Napier City,HASTINGS ST,20,S, ,DICKENS ST,201436710,10/05/2014,Sat,1315,MA,CN1C,373B ,,R,D,B ,F , ,N,C,50,0,0,0,,,1936992,5621361
Napier City,HASTINGS ST,50,S, ,EMERSON ST,201430761,13/02/2014,Thu,,MO,CN1M,371A ,M,R,D,BF,F , ,N,C,50,0,0,0,,,1937002,5621455
Napier City,HASTINGS ST,, ,I,TENNYSON ST,201433411,20/03/2014,Thu,1400,FE,CN1C,181A ,,R,D,OF,F ,X,T,C,50,0,0,0,,,1936978,5621570
Napier City,HASTINGS ST,, ,I,VAUTIER ST,201446394,11/09/2014,Thu,1515,HA,CE2C,301B 375B ,,R,D,BF,F ,X,S,C,50,0,0,0,,,1936959,5621064
Napier City,HASTINGS ST,, ,I,VAUTIER ST,201416914,10/09/2014,Wed,735,HA,4N1CC,301A 375A ,Q,R,D,BF,F ,X,S,C,50,0,0,1,,,1936959,5621064
Napier City,HASTINGS ST,, ,I,WARREN ST,201432359,11/02/2014,Tue,1700,DA,CS1,122A 131A ,KX,M,D,O ,F ,T,G,R,50,0,0,0,,,1936875,5620263
Napier City,HERRICK ST,, ,I,LOGAN AVENUE,201441798,18/08/2014,Mon,1430,JA,CS1T,302B ,,R,D,B ,F ,X,G,C,50,0,0,0,,,1935366,5620712
Napier City,HIGGINS ST,, ,I,MCKENZIE AVENUE,201441529,14/06/2014,Sat,2235,DA,CW1,111A 131A ,F,M,D,DO,F ,T,N,C,50,0,0,0,,,1935171,5620289
Napier City,HILL ROAD,200,N, ,SEAFIELD ROAD,201431357,15/02/2014,Sat,800,DB,CS1,131A ,P,S,D,BN,F , ,N,C,100,0,0,0,,,1931843,5630628
Napier City,HILL ROAD,100,S, ,SEAFIELD ROAD,201435735,08/05/2014,Thu,1303,DA,CN1,131A 412A 818 ,FV,E,D,B ,F , , ,N,100,0,0,0,,,1931916,5630369