TLANAME,CRASHROAD,CRASHDIST,CRASHDIRN,INTSN,SIDEROAD,CRASHID,CRASHDATE,CRASHDOW,CRASHTIME,MVMT,VEHICLES,CAUSES,OBJECTSSTRUCK,ROADCURVE,ROADWET,LIGHT,WTHRa,JUNCTYPE,TRAFCTRL,ROADMARK,SPDLIM,CRASHFATALCNT,CRASHSEVCNT,CRASHMINCNT,PERSAGE1,PERSAGE2,EASTING,NORTHING
Napier City,HINTON ROAD,, ,I,GLOUCESTER ST,201447284,24/10/2014,Fri,1356,GE,CE1C,387A 144B 929 ,,E,D,O ,F ,D,N,N,50,0,0,0,,,1930417,5616009
Napier City,JAMES FOLEY AVENUE,60,S, ,MCGREGOR AVENUE,201447298,09/11/2014,Sun,22,CA,CS1,103A 130A ,X,R,D,DO,F , , ,C,50,0,0,0,,,1934104,5618649
Napier City,JESSEP ROAD,10,S, ,BROOKFIELDS ROAD,201410635,25/01/2014,Sat,2009,MO,CS1,103A 131A 402A ,,R,D,B ,F ,T,N,C,50,0,0,1,,,1934616,5614267
Napier City,KENNEDY ROAD,, ,I,BILL HERCOCK ST,201434659,11/04/2014,Fri,1209,JA,CS1C,301B 353B 375B ,,E,W,OF,L ,T,S,R,50,0,0,0,,,1933926,5619109
Napier City,KENNEDY ROAD,30,W, ,DOUGLAS MCLEAN AVENUE,201438011,14/06/2014,Sat,1218,FD,CW1CC,181A ,,R,D,O ,F , , ,R,50,0,0,0,,,1935632,5620471
Napier City,KENNEDY ROAD,, ,I,DOUGLAS MCLEAN AVENUE,201436168,07/05/2014,Wed,1307,LB,CS1V,303B ,,R,D,B ,F ,X,G,C,50,0,0,0,,,1935656,5620489
Napier City,KENNEDY ROAD,10,E, ,LAMASON ST,201436760,07/05/2014,Wed,1530,MA,4W1C,373B ,,R,D,B ,F ,T,N,C,50,0,0,0,,,1932340,5617978
Napier City,KENNEDY ROAD,480,E, ,LAMASON ST,201410627,14/02/2014,Fri,929,MC,CE1C,372B ,,R,D,B ,F , ,N,C,50,0,0,2,,,1932770,5618155
Napier City,KENNEDY ROAD,, ,I,MAADI ROAD,201445655,09/10/2014,Thu,1329,JA,CE1C,103B 301B 817 ,,R,D,B ,F ,T,S,C,50,0,0,0,,,1934354,5619476
Napier City,KENNEDY ROAD,, ,I,NUFFIELD AVENUE,201442007,09/07/2014,Wed,1845,HA,CW2C,302A 375A ,,R,W,DO,H ,X,G,C,50,0,0,0,,,1935505,5620377
Napier City,KENNEDY ROAD,, ,I,RIVERBEND ROAD,201412593,28/03/2014,Fri,1450,NF,VN2E,307A 376A ,,R,D,B ,F ,X,T,C,50,0,0,1,80,,1935048,5620036
Napier City,KENNEDY ROAD,, ,I,RIVERBEND ROAD,201439417,03/07/2014,Thu,1050,HA,CW1C,322B ,,R,D,O ,F ,X,T,C,50,0,0,0,,,1935048,5620036
Napier City,KENNEDY ROAD,30,E, ,SH 2,201448265,24/12/2014,Wed,1030,MO,CE1C,357A 386A ,,R,D,B ,F , ,N,R,50,0,0,0,,,1935734,5620553
Napier City,KENNEDY ROAD,80,E, ,SH 2,201438883,19/05/2014,Mon,1715,FD,CW1C,331A 352A ,,R,D,DO,F , ,N,C,50,0,0,0,,,1935772,5620585
Napier City,KENNEDY ROAD,80,E, ,WILDING AVENUE,201435951,11/03/2014,Tue,1400,MO,CW1C,371A ,M,R,D,BF,F , ,N,C,50,0,0,0,,,1935569,5620425
Napier City,KENNEDY ROAD,40,S, ,WILDING AVENUE,201447277,06/11/2014,Thu,1359,EA,CN1CC,103A 358A ,MM,R,D,O ,F , , ,C,50,0,0,0,,,1935473,5620354
Napier City,KENNEDY ROAD,, ,I,WILDING AVENUE,201432663,13/03/2014,Thu,1759,HA,CW1C,302B 375B ,,R,D,B ,F ,X,G,R,50,0,0,0,,,1935505,5620377
Napier City,KENNEDY ROAD,, ,I,WYCLIFFE ST,201443313,01/09/2014,Mon,2100,CA,PE1,110A 330A 817 ,,R,W,DO,H ,T,S,C,50,0,0,0,,,1934405,5619518
Napier City,KENNY ROAD,, ,I,TE AWA AVENUE,201448927,23/11/2014,Sun,1912,DB,CN2,111A 191A 402A ,Z,R,D,DO,F ,T,G,C,50,0,0,0,,,1936691,5617401
Napier City,KING ST,20,N, ,MEEANEE ROAD,201416608,23/10/2014,Thu,1459,MD,SN1C,204A 378B 835 929 ,,R,D,B ,F ,D, ,C,50,0,0,1,,12,1931320,5616415
Napier City,LATHAM ST,, ,I,BARKER ROAD,201447283,05/11/2014,Wed,825,JA,CN1CC,302B ,,R,D,O ,F ,X,G,C,50,0,0,0,,,1935859,5619887
Napier City,LATHAM ST,, ,I,DOUGLAS MCLEAN AVENUE,201432008,24/01/2014,Fri,1017,LB,VS1C,303B 375B 402B ,,R,D,B ,F ,X,G,C,50,0,0,0,,,1936037,5620038
Napier City,LATHAM ST,50,N, ,GEDDIS AVENUE,201410769,01/04/2014,Tue,1835,PD,CW1E,722B 727B 929 ,,R,D,TF,F , ,N,N,50,0,0,1,7,,1935318,5619431
Napier City,LATHAM ST,15,S, ,NELSON CRESCENT,201445658,07/10/2014,Tue,2151,EA,CN1C,129A ,M,R,D,DO,F , , ,C,50,0,0,0,,,1936562,5620484
Napier City,LATHAM ST,20,N, ,NUFFIELD AVENUE,201412669,21/04/2014,Mon,1600,NA,CN1E,713B 726B ,,R,D,BF,F , ,N,C,50,0,1,0,5,,1935611,5619678
Napier City,LATHAM ST,, ,I,VIGOR BROWN ST,201418176,23/12/2014,Tue,2330,HA,SS1C,302B ,,R,D,DO,F ,X,G,C,50,0,0,1,,33,1936229,5620202
Napier City,LEE ROAD,, ,I,MEEANEE ROAD,201446223,17/09/2014,Wed,940,GB,SS1C,372B 671B ,,R,D,BF,F ,X,T,C,50,0,0,0,,,1930805,5616527
Napier City,LEE ROAD,, ,I,MEEANEE ROAD,201430888,21/02/2014,Fri,2238,LB,CS1C,303B ,,E,D,DO,F ,X,T,C,50,0,0,0,,,1930800,5616513
Napier City,LIVERPOOL CRESCENT N,, ,I,GUILDFORD ST,201438880,03/06/2014,Tue,2022,DA,CS2,111A 131A 632A ,P,E,W,DO,L ,T,N,N,50,0,0,0,,,1932847,5619963
Napier City,MAADI ROAD,15,N, ,KENNEDY ROAD,201448533,30/10/2014,Thu,1645,FD,CS1C,181A ,,R,D,BF,F ,T,S,C,50,0,0,0,,,1934345,5619487
Napier City,MAADI ROAD,, ,I,KENNEDY ROAD,201410146,16/01/2014,Thu,200,CC,CS1C,130A 402A ,FM,R,D,DO,F ,T,S,C,50,0,0,2,,,1934354,5619476
Napier City,MAADI ROAD,80,N, ,MENIN ROAD,201431363,27/02/2014,Thu,1645,MF,CN1C,371B ,,E,D,BF,F , ,N,R,50,0,0,0,,,1934236,5619620
Napier City,MAADI ROAD,, ,I,MENIN ROAD,201438882,13/05/2014,Tue,1220,HA,CN1C,302A 375A ,,R,D,BF,F ,X,G,C,50,0,0,0,,,1934286,5619558
Napier City,MAADI ROAD N,, ,I,KENNEDY ROAD,201432661,18/03/2014,Tue,1736,DA,CS1,133A 134A ,P,R,W,O ,F ,T,S,C,50,0,0,0,,,1934354,5619476
Napier City,MARINE PARADE,50,N, ,SALE ST,201435669,27/04/2014,Sun,1123,MO,CS1C,386A 504A ,M,R,D,B ,F , , ,C,50,0,0,0,,,1936994,5620664
Napier City,MARINE PARADE,50,S, ,SALE ST,201439499,03/07/2014,Thu,1035,EA,CN14,129A 330A ,M,R,D,B ,F , ,N,R,50,0,0,0,,,1936971,5620566
Napier City,MARINE PARADE,250,S, ,SALE ST,201443425,17/09/2014,Wed,,EA,CN1C,386A ,M,R,D,B ,F , ,N,N,50,0,0,0,,,1936949,5620367
Napier City,MARINE PARADE,, ,I,SALE ST,201433874,21/04/2014,Mon,1315,GD,CS1C,181A 331A ,,R,D,B ,F ,T,S,R,50,0,0,0,,,1936989,5620615
Napier City,MASEFIELD AVENUE,, ,I,GEDDIS AVENUE,201439799,24/06/2014,Tue,1513,BF,CW2C,103A 111A 122A 402A ,F,M,D,B ,F ,T,N,C,50,0,0,0,,,1936163,5618596
Napier City,MASON AVENUE,15,S, ,MOORE AVENUE,201435736,04/05/2014,Sun,1806,CB,CS1,103A 108A 433A ,P,R,D,DO,F , , ,N,50,0,0,0,,,1935683,5618114
Napier City,MCKENZIE AVENUE,, ,I,HIGGINS ST,201442003,12/07/2014,Sat,2020,DC,CW2,113A ,C,R,W,DO,L ,T,N,C,50,0,0,0,,,1935171,5620289
Napier City,MCLAREN CRESCENT,, ,I,SERVICE LANE N,201417346,15/10/2014,Wed,1650,JA,CN1S,191A 309B 375B ,,E,D,B ,F ,T,N,N,50,0,0,1,,11,1935075,5618462
Napier City,MEEANEE OFF SBD,, ,I,MEEANEE ROAD,201449096,19/11/2014,Wed,2120,DB,CS1,111A 131A ,K,E,D,DO,F ,R,G,C,50,0,0,0,,,1931863,5616261
Napier City,MEEANEE QUAY,50,E, ,JAMES ST,201417668,19/12/2014,Fri,525,EA,4E14C,130A 410A ,M,E,D,TO,F , ,N,N,50,0,0,1,,,1934592,5622542
Napier City,MEEANEE ROAD,20,W, ,CRICHTON PLACE,201431645,11/01/2014,Sat,42,EA,CE1C,103A 129A ,M,R,D,DO,F , , ,C,50,0,0,0,,,1931385,5616379
Napier City,MEEANEE ROAD,15,W, ,GUPPY ROAD,201444145,22/07/2014,Tue,815,EA,CE1C,129A ,M,R,W,OF,L , ,N,C,50,0,0,0,,,1931596,5616327
Napier City,MEEANEE ROAD,100,W, ,GUPPY ROAD,201441796,20/08/2014,Wed,200,EA,CW1C,129A ,M,R,W,DO,L , , ,C,50,0,0,0,,,1931513,5616347
Napier City,MEEANEE ROAD,, ,I,GUPPY ROAD,201414660,29/07/2014,Tue,845,LB,CE1CC,303B 375B ,,R,D,B ,F ,X,T,C,50,0,0,2,,,1931611,5616324
Napier City,MEEANEE ROAD,, ,I,GUPPY ROAD,201433410,23/03/2014,Sun,1450,FE,CE1C,181A ,,R,D,OF,F ,X,T,C,50,0,0,0,,,1931611,5616324
Napier City,MEEANEE ROAD,, ,I,GUPPY ROAD,201438010,10/06/2014,Tue,1655,LB,CE1C,303B ,,R,W,DO,H ,X,T,C,50,0,0,0,,,1931611,5616324
Napier City,MEEANEE ROAD,, ,I,JERVOIS ROAD,201413819,29/05/2014,Thu,1830,LB,CE1C,101A 303B 350B 402B ,,R,D,DO,F ,T,S,C,50,0,0,1,,,1932151,5616191
Napier City,MEEANEE ROAD,290,E, ,TANNERY ROAD,201430173,12/01/2014,Sun,1605,CC,CW1,130A 359A ,V,R,D,BN,F , ,N,C,70,0,0,0,,,1933286,5615917
Napier City,MEEANEE ROAD,, ,I,TANNERY ROAD,201400199,07/10/2014,Tue,1625,LB,ME1T,303B 386B ,,R,D,B ,F ,X,S,C,70,1,0,0,,,1933005,5615987
Napier City,MEEANEE ROAD,, ,I,TANNERY ROAD,201416546,30/08/2014,Sat,254,DA,VS2,103A 111A 133A ,,S,W,DO,F ,X,S,C,70,0,0,1,,,1933005,5615987
Napier City,MEEANEE ROAD,, ,I,WILLOWBANK AVENUE,201418175,27/12/2014,Sat,1300,JA,ME1C,302B 330B 402B ,,M,D,B ,F ,T,G,C,50,0,0,1,,,1934463,5615639
Napier City,MERSEY ST,, ,I,THAMES ST,201418174,01/12/2014,Mon,1325,BO,CW2T,327A 331A 350A ,,E,D,B ,F ,T,G,P,50,0,1,0,,,1934351,5621688
Napier City,MILTON ROAD,, ,I,HARVEY ROAD,201435272,21/04/2014,Mon,1600,HA,CW1C,301A 902 ,,E,D,B ,F ,X,S,C,50,0,0,0,,,1936213,5621965
Napier City,MILTON ROAD,100,N, ,MILTON TERRACE,201434658,05/04/2014,Sat,411,DA,CN1,111A 131A ,CX,E,D,DO,F , ,N,C,50,0,0,0,,,1936005,5622315
Napier City,MILTON ROAD,70,N, ,TENNYSON ST,201435670,03/05/2014,Sat,1915,DA,CS1C,111A 131A 402A ,M,M,D,DO,F , , ,C,50,0,0,0,,,1936523,5621505
Napier City,MISSION ROAD,100,W, ,AUCKLAND ROAD,201431750,12/01/2014,Sun,1200,MO,CW1C,371A 386A 929 ,M,R,D,BN,F ,D, ,N,50,0,0,0,,,1931120,5618663
Napier City,MOELLER ST,70,N, ,ELBOURNE ST,201410767,04/04/2014,Fri,1847,PO,CW1E,363A 370A 902 929 ,,R,D,B ,F ,D,N,N,50,0,0,1,1,,1931556,5616993
Napier City,MOELLER ST,120,W, ,GUPPY ROAD,201443818,08/07/2014,Tue,750,MO,VS1C,341A 929 ,M,R,D,BF,F ,D,N,N,50,0,0,0,,,1931658,5617025
Napier City,MUNROE ST,, ,I,RAFFLES ST,201440051,08/06/2014,Sun,1900,HA,CN1C,302A 375A ,,E,D,DO,L ,R,G,C,50,0,0,0,,,1936671,5621018
Napier City,MUNROE ST,, ,I,VAUTIER ST,201417303,13/11/2014,Thu,1845,HA,PS1C,308B 330B 925 ,,R,D,O ,F ,D,G,C,50,0,1,0,,,1936650,5621090
Napier City,MURPHY ROAD,, ,I,GEBBIE ROAD,201433912,03/04/2014,Thu,1657,JC,CE1C,302A 375A ,,E,D,B ,F ,T,G,C,50,0,0,0,,,1930869,5616131
Napier City,MURPHY ROAD,80,S, ,MEEANEE ROAD,201414327,10/06/2014,Tue,1527,FD,CN1C4,331A 352A 801 ,,R,W,O ,L , , ,C,50,0,0,1,,,1931004,5616391
Napier City,NELSON CRESCENT,40,S, ,ASHRIDGE ROAD,201435761,07/05/2014,Wed,1526,CC,CN1,130A 194A 352A ,T,R,D,B ,F , , ,C,50,0,0,0,,,1936675,5619989
Napier City,NELSON CRESCENT,, ,I,VIGOR BROWN ST,201448266,24/12/2014,Wed,1440,BE,CN1C,129A 358A ,,R,D,B ,F ,T,G,C,50,0,0,0,,,1936651,5619708
Napier City,NIKAU ST,70,W, ,KING ST,201415350,31/08/2014,Sun,2045,CB,4W1,112A 514A ,H,R,D,DO,F , ,N,C,80,0,0,1,,,1931275,5616529
Napier City,NUFFIELD AVENUE,30,W, ,DOUGLAS MCLEAN AVENUE,201430871,27/01/2014,Mon,1600,EA,4W1C,129A ,M,R,D,OF,F , ,N,C,50,0,0,0,,,1936466,5619377
Napier City,NUFFIELD AVENUE,100,N, ,LOWRY TERRACE,201435823,07/04/2014,Mon,1500,GE,VN14,333A 929 ,,R,W,OF,H ,D,N,C,50,0,0,0,,,1935549,5620056
Napier City,NUFFIELD AVENUE,, ,I,SEDDON CRESCENT,201439801,28/06/2014,Sat,2317,AD,CW1V,138A 150A 817 ,,R,D,DO,F ,T,N,N,50,0,0,0,,,1936436,5619372
Napier City,PACIFIC AVENUE,20,W, ,TAMATEA DRIVE,201438887,01/06/2014,Sun,150,CB,CW1,103A 130A ,FS,R,D,DO,F , ,N,R,50,0,0,0,,,1932843,5620470
Napier City,PLUNKET ST,, ,I,WYNYARD CRESCENT,201415049,19/08/2014,Tue,1549,DB,CN2,111A 131A 402A ,T,S,D,O ,F ,T,N,N,50,0,0,1,,,1932532,5619158
Napier City,PORAITI ROAD,600,N, ,BOYD ROAD,201432358,06/02/2014,Thu,746,DA,CN1,131A 804 817 ,P,M,D,O ,F , , ,N,100,0,0,0,,,1930191,5621343
Napier City,PREBENSEN DRIVE,100,E, ,AUSTIN ST,201439988,05/06/2014,Thu,1457,FA,CE1C,357A 512A 357B ,,R,D,BN,F , ,N,C,70,0,0,0,,,1933604,5620951
Napier City,PREBENSEN DRIVE,200,E, ,AUSTIN ST,201432662,17/03/2014,Mon,1710,FD,CW1V,181A 330A ,,R,D,B ,F , ,N,C,70,0,0,0,,,1933704,5620948
Napier City,PREBENSEN DRIVE,, ,I,AUSTIN ST,201436170,08/05/2014,Thu,1415,JA,CW1V,302B ,,R,D,O ,F ,T,G,C,50,0,0,0,,,1933504,5620954
Napier City,PREBENSEN DRIVE,, ,I,AUSTIN ST,201414666,22/07/2014,Tue,1745,JA,CW1C,302B 375B ,,R,D,DN,F ,T,G,C,50,0,0,1,,,1933504,5620954
Napier City,PREBENSEN DRIVE,, ,I,AUSTIN ST,201433435,21/03/2014,Fri,1355,JA,CW1C,302B 375B ,,M,D,BF,F ,T,G,C,50,0,0,0,,,1933504,5620954
Napier City,PREBENSEN DRIVE,, ,A,FORD ROAD,201447276,06/11/2014,Thu,1523,GD,CE1C,331A 351A ,,R,D,O ,F ,T,G,C,70,0,0,0,,,1934260,5620931
Napier City,PREBENSEN DRIVE,, ,I,SEVERN ST,201434352,07/04/2014,Mon,750,AD,CW1C,111A 801 ,,E,W,O ,H ,R,G,R,70,0,0,0,,,1934143,5620934
Napier City,PREBENSEN DRIVE,, ,I,SEVERN ST,201438013,01/06/2014,Sun,1733,DA,CE1,111A 131A 402A 801 ,P,M,W,DO,L ,R,G,R,70,0,0,0,,,1934143,5620934
Napier City,PREBENSEN DRIVE,, ,I,SEVERN ST,201413097,30/05/2014,Fri,944,CA,PE1,403A ,,R,W,OF,L ,R,G,C,70,0,0,1,,,1934143,5620934
Napier City,PREBENSEN DRIVE,, ,I,SEVERN ST,201430526,21/01/2014,Tue,1030,DA,VE1,111A 131A 801 ,K,S,W,O ,L ,R,G,C,70,0,0,0,,,1934143,5620934
Napier City,PREBENSEN DRIVE,, ,I,SEVERN ST,201433923,26/03/2014,Wed,1701,BE,CW1CC,110A 201A 132B 191B ,,E,D,B ,F ,R,G,R,70,0,0,0,,,1934143,5620934
Napier City,PREBENSEN DRIVE,, ,I,SEVERN ST,201431364,02/03/2014,Sun,1130,AO,TE1C,381A 671A ,,R,D,BF,F ,R,G,R,70,0,0,0,,,1934143,5620934
Napier City,PREBENSEN DRIVE,, ,I,SEVERN ST,201435867,16/04/2014,Wed,1449,FB,CW1C,331A 517A ,,E,D,BF,F ,R,G,R,70,0,0,0,,,1934143,5620934
Napier City,PREBENSEN DRIVE,, ,I,SEVERN ST,201443799,09/09/2014,Tue,1720,GF,TE1C,386A ,,M,D,TF,F ,R,G,R,70,0,0,0,,,1934143,5620934
Napier City,PREBENSEN DRIVE,, ,I,SEVERN ST,201443797,06/09/2014,Sat,650,DA,CE1,131A 402A 801 ,FG,R,W,O ,L ,R,G,R,70,0,0,0,,,1934143,5620934
Napier City,PREBENSEN DRIVE,400,W, ,TAMATEA DRIVE,201400156,09/07/2014,Wed,1820,BA,CW1C,112A 125A ,,R,W,DN,L , ,N,P,100,1,1,0,,,1932407,5620979
Napier City,PREBENSEN DRIVE,, ,I,TAMATEA DRIVE,201436711,17/04/2014,Thu,1940,JA,CW1C,302B 375B ,,R,W,DO,F ,T,G,R,50,0,0,0,,,1932807,5620971
Napier City,PREBENSEN DRIVE,, ,I,TAMATEA DRIVE,201431361,27/02/2014,Thu,1925,JA,VW1C,302B 375B ,,R,D,BF,F ,T,G,P,50,0,0,0,,,1932807,5620971
Napier City,PREBENSEN DRIVE,, ,I,TAMATEA DRIVE,201445656,30/08/2014,Sat,1830,JA,CW1C,302B ,,R,D,DO,F ,T,G,C,50,0,0,0,,,1932807,5620971
Napier City,PREBENSEN DRIVE,, ,I,TAMATEA DRIVE,201440100,07/07/2014,Mon,905,JA,OW1C,302B 375B ,,E,D,B ,F ,T,G,R,50,0,0,0,,,1932807,5620971
Napier City,PUKETAPU ROAD,800,N, ,HARPHAM ST,201410147,13/01/2014,Mon,750,FA,VS1S,129A 183A ,,M,D,O ,F , , ,C,50,0,0,1,,44,1929471,5617457
Napier City,PUKETITIRI ROAD,380,S, ,QUARRY RIDGE,201445768,10/10/2014,Fri,2130,DA,CS1,137A 195A ,C,M,D,DN,F , ,N,C,100,0,0,0,,,1928719,5620821
Napier City,RIVERBEND ROAD,50,E, ,ANZAC AVENUE,201431358,21/02/2014,Fri,855,MA,CW1C,373B ,,R,D,OF,F , ,N,C,50,0,0,0,,,1934844,5620215
Napier City,RIVERBEND ROAD,100,S, ,LATHAM ST,201436318,23/03/2014,Sun,830,DA,CN1,111A 131A ,F,M,W,OF,F , ,N,C,50,0,0,0,,,1935179,5619300
Napier City,RIVERBEND ROAD,, ,I,LATHAM ST,201431635,17/01/2014,Fri,1027,JA,CS1V,302B 387B ,,R,D,B ,F ,T,G,C,50,0,0,0,,,1935212,5619394
Napier City,RIVERBEND ROAD,30,W, ,WILLOWBANK AVENUE,201435271,19/04/2014,Sat,7,DA,CS1,111A 131A ,F,S,W,DO,L , , ,L,70,0,0,0,,,1934964,5616325
Napier City,RIVERBEND ROAD,150,W, ,WILLOWBANK AVENUE,201448271,19/12/2014,Fri,2035,BC,CS14,103A 121A 402A ,,M,D,B ,F , ,N,C,70,0,0,0,,,1934881,5616411
Napier City,SALE ST,, ,I,MUNROE ST,201417306,08/11/2014,Sat,1220,HA,CN1M,301A 375A ,,R,D,B ,F ,X,S,R,50,0,0,2,,,1936790,5620632
Napier City,SALE ST,, ,I,MUNROE ST,201441521,08/08/2014,Fri,1505,HA,CW1C,301B 375B ,,R,D,O ,F ,X,S,C,50,0,0,0,,,1936790,5620632
Napier City,SANDERS AVENUE,50,W, ,HERRICK ST,201443311,31/08/2014,Sun,,EA,CE1C,386A ,M,R,D,B ,H , ,N,C,50,0,0,0,,,1935394,5620828
Napier City,SANDERS AVENUE,, ,I,HERRICK ST,201449095,02/11/2014,Sun,1720,JA,VW1C,302B 363B 902 ,,R,D,BF,F ,T,G,N,50,0,0,0,,,1935444,5620827
Napier City,SANDY ROAD,200,N, ,HALES ROAD,201446203,19/09/2014,Fri,2116,DB,CS1,103A 111A 131A ,PV,M,D,DN,F , ,N,N,100,0,0,0,,,1933539,5614241
Napier City,SANDY ROAD,500,S, ,MEEANEE ROAD,201447700,12/11/2014,Wed,1004,GD,VS1V,181A 927 ,,R,D,B ,F ,D,N,C,80,0,0,0,,,1934189,5615210
Napier City,SH 2,, ,I,LATHAM ST,201435819,07/05/2014,Wed,1515,FB,CE2C,181A ,,R,D,OF,F ,R,G,C,50,0,0,0,,,1936102,5620093
Napier City,SH 2B,, ,I,PREBENSEN DRIVE,201433924,20/03/2014,Thu,1636,GE,4W1T,157A 160A ,,M,D,B ,F ,R,G,C,70,0,0,0,,,1933104,5620961
Napier City,SHAKESPEARE ROAD,40,E, ,BREWSTER ST,201440873,02/08/2014,Sat,2100,DB,CW1CC,103A 111A 131A ,M,E,D,DO,F , , ,C,50,0,0,0,,,1936922,5621714
Napier City,SHAKESPEARE ROAD,10,W, ,BREWSTER ST,201415393,28/08/2014,Thu,316,EA,CW1CC4,103A 112A 350A ,M,R,D,DO,F ,T,N,C,50,0,0,1,,,1936873,5621726
Napier City,SHAKESPEARE ROAD,, ,I,BROWNING ST,201440725,16/07/2014,Wed,1850,HA,CW2C,302A ,,R,D,DO,LS,X,G,C,50,0,0,0,,,1936945,5621682
Napier City,SHAKESPEARE ROAD,20,S, ,CORRY AVENUE,201447807,25/11/2014,Tue,1510,EA,BS1C,129A ,M,E,D,BF,F , ,N,C,50,0,0,0,,,1936513,5621920
Napier City,SHAKESPEARE ROAD,, ,I,FITZROY ROAD,201438091,15/06/2014,Sun,1750,FA,CN1V,181A ,,M,D,TF,F ,M,G,C,50,0,0,0,,,1936525,5621986
Napier City,SHAKESPEARE ROAD,15,S, ,FITZROY STEPS,201444146,27/07/2014,Sun,,EA,CN1C,129A ,M,E,D,DO,F , ,N,C,50,0,0,0,,,1936329,5622194
Napier City,SIMLA TERRACE,30,W, ,KAVANAGH ROAD,201438012,05/06/2014,Thu,1615,CB,4E1C,129A 194A ,,R,D,TF,F , , ,N,50,0,0,0,,,1935238,5621351
Napier City,SPRINGFIELD ROAD,810,W, ,GLOUCESTER ST,201441531,30/07/2014,Wed,2032,DB,CE1,131A 350A ,E,M,D,DN,F , ,N,C,100,0,0,0,,,1928864,5615006
Napier City,STATION ST,, ,I,MUNROE ST,201440097,17/07/2014,Thu,750,FB,CN1C,181A ,,M,W,OF,F ,R,G,R,50,0,0,0,,,1936638,5621174
Napier City,STATION ST,30,E, ,TENNYSON ST,201437432,22/04/2014,Tue,1645,LB,CW1C,303B 375B 922 ,,R,D,O ,F ,D,N,R,50,0,0,0,,,1936407,5621178
Napier City,STATION ST,60,E, ,TENNYSON ST,201450581,26/12/2014,Fri,1330,FD,CW1C,331A ,,R,D,B ,F , , ,C,50,0,0,0,,,1936435,5621167
Napier City,TAIT DRIVE,60,S, ,CLEMENT PLACE,201413180,08/05/2014,Thu,700,EA,CN1C,130A 358A 402A ,Q,R,D,O ,F , , ,C,50,0,0,1,,,1932997,5618152
Napier City,TAIT DRIVE,50,W, ,CORMACK PLACE,201437435,01/06/2014,Sun,400,DA,CE1,131A ,F,E,D,DO,F , , ,C,50,0,0,0,,,1932848,5618096
Napier City,TAIT DRIVE,, ,I,HARRIS ST,201438280,17/05/2014,Sat,15,CC,CE1,137A ,T,R,W,DO,L ,T,N,C,50,0,0,0,,,1932537,5617929
Napier City,TE AWA AVENUE,10,N, ,CREAGH ST,201430441,23/01/2014,Thu,1530,MO,4N1C,371A 926 ,,R,D,B ,F ,T,N,C,50,0,0,0,,,1936777,5619284
Napier City,TE AWA AVENUE,20,S, ,HUNTER DRIVE,201442006,08/07/2014,Tue,1315,GB,TS1C,372B 387B 929 ,,R,D,OF,F ,D,N,C,70,0,0,0,,,1936694,5617079
Napier City,TENNYSON ST,60,E, ,DALTON ST,201414677,18/06/2014,Wed,1725,NA,CE1K,710B ,,R,D,TO,F , , ,C,50,0,1,0,13,,1936818,5621522
Napier City,TENNYSON ST,, ,I,DICKENS ST,201410413,30/01/2014,Thu,1145,JA,PS1C,302B 404B ,,E,D,B ,F ,T,G,R,50,0,0,1,,,1936458,5621243
Napier City,TENNYSON ST,, ,I,HASTINGS ST,201448910,20/11/2014,Thu,1520,FE,VE1B,181A ,,R,D,B ,F ,X,T,C,50,0,0,0,,,1936978,5621570
Napier City,TENNYSON ST,30,W, ,HERSCHELL ST,201443532,04/08/2014,Mon,1130,MC,CW1C,372B ,,R,W,OF,L , ,N,C,50,0,0,0,,,1937016,5621581
Napier City,TENNYSON ST,50,W, ,MILTON ROAD,201437430,21/05/2014,Wed,1300,AO,CW1C,129A 129B ,,M,D,B ,F , , ,C,50,0,0,0,,,1936545,5621440
Napier City,TENNYSON ST,, ,I,MILTON ROAD,201437439,25/05/2014,Sun,840,BC,CE1C,122A 352A ,,R,D,B ,F ,T,T,C,50,0,0,0,,,1936545,5621440
Napier City,TENNYSON ST,, ,I,WELLESLEY ROAD,201449569,24/12/2014,Wed,1124,LB,CS1C,303B 334B ,,R,D,B ,F ,X,T,P,50,0,0,0,,,1936319,5621054
Napier City,THACKERAY ST,150,W, ,JULL ST,201432836,07/03/2014,Fri,1515,FD,CW1CC,181A 181B ,,R,D,B ,F , , ,C,50,0,0,0,,,1935783,5621041
Napier City,THACKERAY ST,, ,I,TENNYSON ST,201435818,04/05/2014,Sun,1400,FE,CE1C,181A ,,R,D,BF,F ,X,T,C,50,0,0,0,,,1936379,5621188
Napier City,THE ESPLANADE,1000,N, ,DOMAIN ROAD,201413098,19/05/2014,Mon,1051,EA,CN1O,129A 351A ,M,R,D,BF,F , ,N,N,50,0,0,1,,,1933340,5624813
Napier City,THORN PLACE,, ,I,NIVEN ST,201444766,02/10/2014,Thu,805,BB,CW2C,129A ,Q,R,D,BN,F ,T,N,C,50,0,0,0,,,1933552,5619792
Napier City,TRINITY CRESCENT,90,E, ,MERTON CRESCENT,201410300,05/01/2014,Sun,1430,DA,VE1CC,129A ,MM,M,D,BF,F , ,N,C,50,0,0,1,,,1933721,5619224
Napier City,VAUTIER ST,, ,I,MUNROE ST,201438466,30/05/2014,Fri,850,BO,CS2C,122A 352A 402A 801 ,,R,W,O ,L ,X,G,P,50,0,0,0,,,1936650,5621090
Napier City,VENABLES AVENUE,50,E, ,DINWIDDIE AVENUE,201410669,24/02/2014,Mon,,NA,4W1E,711B ,,R,D,B ,F , ,N,N,50,0,0,1,,,1934842,5618479
Napier City,VENABLES AVENUE,, ,I,DINWIDDIE AVENUE,201437433,30/05/2014,Fri,1018,DA,CN1,111A 131A 632A 800 ,P,M,W,O ,F ,T,N,N,50,0,0,0,,,1934793,5618469