TLANAME,CRASHROAD,CRASHDIST,CRASHDIRN,INTSN,SIDEROAD,CRASHID,CRASHDATE,CRASHDOW,CRASHTIME,MVMT,VEHICLES,CAUSES,OBJECTSSTRUCK,ROADCURVE,ROADWET,LIGHT,WTHRa,JUNCTYPE,TRAFCTRL,ROADMARK,SPDLIM,CRASHFATALCNT,CRASHSEVCNT,CRASHMINCNT,PERSAGE1,PERSAGE2,EASTING,NORTHING
Napier City,WAIOHIKI ROAD,, ,I,SPRINGFIELD ROAD,201432699,07/04/2014,Mon,1158,DA,CN1,134A 402A 632A ,G,M,D,O ,L ,T,N,C,50,0,0,0,,,1929600,5615255
Napier City,WALLIS PLACE,10,W, ,DINWIDDIE AVENUE,201435582,26/04/2014,Sat,1800,EC,40,371A 386A ,P,R,D,TO,F ,T,N,C,50,0,0,0,,,1934776,5618504
Napier City,WATERWORTH AVENUE,100,W, ,MCNAUGHTON PLACE,201448595,19/11/2014,Wed,351,DB,CW1,111A 131A 514A ,P,M,D,DO,F , ,N,N,50,0,0,0,,,1934384,5618387
Napier City,WELLESLEY ROAD,20,N, ,WELLESLEY PLACE,201440027,05/07/2014,Sat,2300,EA,CN1C,129A ,M,R,D,DO,F , ,N,C,50,0,0,0,,,1936410,5620992
Napier City,WESTMINSTER AVENUE,, ,I,LANCASTER ST,201418009,24/11/2014,Mon,1030,LB,CS1C,303B 375B ,,R,D,BF,F ,T,G,C,50,0,0,1,,,1931896,5619320
Napier City,WESTMINSTER AVENUE,50,E, ,LERWICK ST,201438014,10/06/2014,Tue,820,MD,CW1C,308B 371B 929 ,,R,W,O ,F ,D,N,C,50,0,0,0,,,1932152,5619660
Napier City,WESTMINSTER AVENUE,50,E, ,RIPON PLACE,201439990,21/06/2014,Sat,208,DB,CS1,103A 111A 131A ,FP,M,D,DO,F , ,N,C,50,0,0,0,,,1933081,5620263
Napier City,WESTMINSTER AVENUE,80,E, ,RIPON PLACE,201437994,01/05/2014,Thu,2025,BC,CW1C,111A 121A ,,S,D,DO,F , ,N,C,50,0,0,0,,,1933109,5620254
Napier City,WESTMINSTER AVENUE,, ,I,WHARERANGI ROAD,201417671,08/12/2014,Mon,1104,HA,CS1C,302A 375A ,,R,D,B ,F ,R,G,C,50,0,0,1,,,1931768,5618791
Napier City,WHARERANGI ROAD,, ,I,WESTMINSTER AVENUE,201412845,09/05/2014,Fri,830,KA,CW1C,302B 370B ,,M,D,B ,F ,R,G,C,50,0,0,1,,,1931771,5618807
Napier City,WILLOWBANK AVENUE,, ,I,KENNY ROAD,201448926,11/11/2014,Tue,17,DC,CW2,104A 130A 631A ,,R,D,DO,F ,T,G,R,70,0,0,0,,,1935718,5617639
Napier City,WYCLIFFE ST,15,N, ,COVERDALE ST,201414326,01/07/2014,Tue,2250,BA,CN1C,103A 125A ,,R,D,DO,F , , ,C,50,0,0,1,,,1934475,5619433
Napier City,WYCLIFFE ST,, ,I,HAROLD HOLT AVENUE,201433875,14/04/2014,Mon,1050,LB,CN1C,303B ,,R,W,O ,L ,T,G,C,50,0,0,0,,,1934681,5619182
Napier City,WYCLIFFE ST,, ,I,KENNEDY ROAD,201441794,08/08/2014,Fri,1630,FB,CN1C,181A ,,R,D,B ,F ,T,S,C,50,0,0,0,,,1934413,5619508
Napier City,WYCLIFFE ST,50,N, ,MORRIS SPENCE AVENUE,201435667,01/01/2014,Wed,440,EA,CN1C,129A ,M,R,D,DO,F , , ,C,50,0,0,0,,,1934592,5619290
Napier City,WYCLIFFE ST,, ,I,MORRIS SPENCE AVENUE,201446087,11/10/2014,Sat,1101,DA,CN1C,131A 423A ,,R,D,B ,F ,T,G,C,50,0,0,0,,,1934624,5619252
Napier City,WYCLIFFE ST,, ,I,OLDHAM AVENUE,201448594,15/11/2014,Sat,1335,MC,CS1C,372B ,,R,D,BF,F ,T,G,C,50,0,0,0,,,1934748,5619101
Napier City,WYCLIFFE ST,, ,I,RIVERBEND ROAD,201439987,19/06/2014,Thu,825,AO,400000000000000,158A 387A ,,R,D,BF,F ,T,S,C,50,0,0,0,,,1935163,5618764
Napier City,YORK AVENUE,, ,I,AUCKLAND ROAD,201435762,07/05/2014,Wed,1420,JA,CN1C,301B 375B 402B ,,R,D,O ,F ,X,S,R,50,0,0,0,,,1931949,5617934
Napier City,YORK AVENUE,, ,I,AUCKLAND ROAD,201433920,18/02/2014,Tue,1615,HA,CN1C,301B 375B ,,R,D,B ,F ,X,S,R,50,0,0,0,,,1931949,5617934
Napier City,YORK AVENUE,, ,I,COVENTRY AVENUE,201438006,10/06/2014,Tue,1910,EA,CE1C,129A ,MI,R,W,DO,L ,R,G,R,50,0,0,0,,,1932616,5619344
Napier City,YORK AVENUE,, ,I,RANFURLY ST,201448920,04/12/2014,Thu,1028,LB,VS1C,303B ,,R,D,B ,F ,T,G,C,50,0,0,0,,,1932273,5618923
Napier City,Z CPK AA CENTRE,20,N, ,CARLYLE ST,201415975,18/09/2014,Thu,1108,MO,CE1,420A 507A ,C,R,D,B ,F , , ,N,20,0,0,1,,,1936323,5621348
Napier City,Z CPK KFC DICKENS ST,25,E, ,TENNYSON ST,201400146,03/07/2014,Thu,1430,MO,CN1E,330A 370A 712B 713B 726B ,,R,D,B ,F , ,N,N,50,1,0,0,2,,1936460,5621240
Napier City,Z ESTUARY WALK,600,S, ,MEEANEE QUAY,201414358,23/06/2014,Mon,1817,EC,MS1,200A 341A ,G,R,D,DN,F , , ,N,30,0,1,0,,,1933731,5622797
Napier City,Z HARAKEKE RESERVE,50,W, ,CHAMBERS ST,201414727,26/07/2014,Sat,1425,MO,MW1,130A 532A ,X,R,D,B ,F , , ,N,30,0,1,0,,,1936212,5618623
Napier City,2/638/0.544,30,N, ,KAIMATA ROAD,201442005,08/07/2014,Tue,815,KA,TN1C,302B 375B ,,R,D,ON,F ,T,G,C,100,0,0,0,,,1933581,5631665
Napier City,2/638/0.674,100,S, ,KAIMATA ROAD,201417916,28/11/2014,Fri,1933,DB,CS1,135A 806 ,,E,W,B ,F , , ,C,100,0,0,1,,,1933540,5631544
Napier City,2/638/1.203,1200,N, ,FRANKLIN ROAD,201431856,10/02/2014,Mon,1500,GD,CN1VV,333A 929 ,,E,D,ON,F ,D,N,C,100,0,0,0,,,1933391,5631040
Napier City,2/638/3.898,500,S, ,VILLERS ST,201439963,28/06/2014,Sat,1020,GD,CS1C,331A 350A 929 ,,R,D,BF,F ,D,N,C,70,0,0,0,,,1933285,5628495
Napier City,2/638/4.545,, ,I,OCONNELL ROAD,201440106,08/07/2014,Tue,1810,GE,CN1C,112A 157A 160A ,,R,D,DO,F ,T,N,C,70,0,0,0,,,1933143,5627873
Napier City,2/638/5.232,400,S, ,ONEHUNGA ROAD,201438350,12/06/2014,Thu,849,FD,TN1C,181A 191B ,,R,D,O ,F , , ,C,70,0,0,0,,,1933137,5627192
Napier City,2/638/7.907,1200,N, ,WATCHMAN ROAD,201444768,04/10/2014,Sat,1144,CB,CN1,129A ,P,R,D,BF,F , ,N,C,80,0,0,0,,,1933313,5624535
Napier City,2/638/9.107,, ,I,SH 2 MEEANEE QUAY,201412355,17/04/2014,Thu,1537,JA,CS1C,301B 375B 901 903 ,,E,W,O ,HS,X,S,R,50,0,0,1,,,1933518,5623357
Napier City,2/647/0.492,, ,I,ALFRED ST,201443314,04/09/2014,Thu,15,DA,CN1,410A ,FP,M,W,DO,L ,T,N,C,50,0,0,0,,,1933831,5623001
Napier City,2/647/1.795,, ,I,HUMBER ST,201441532,08/08/2014,Fri,940,CB,CN1,103A ,G,R,W,B ,L ,R,G,R,50,0,0,0,,,1934585,5622058
Napier City,2/647/1.795,, ,I,HUMBER ST,201433921,26/03/2014,Wed,1649,HA,CE2C,112B 514B ,,R,D,B ,F ,R,G,C,50,0,0,0,,,1934585,5622058
Napier City,2/647/1.795,, ,I,HUMBER ST,201414021,25/06/2014,Wed,705,DA,MN1,385A ,I,E,D,B ,F ,R,G,R,50,0,0,1,,,1934585,5622058
Napier City,2/647/2.26,15,E, ,SH 50,201439035,30/06/2014,Mon,2000,FD,CE1C,181A ,,E,W,DO,L ,T,G,R,50,0,0,0,,,1934726,5621620
Napier City,2/647/2.275,, ,I,SH 50,201418095,28/11/2014,Fri,1216,KB,CW1T,302B 375B ,,R,D,BF,F ,R,G,R,100,0,0,2,,,1934738,5621611
Napier City,2/649/0.487,, ,I,CORUNNA BAY S,201438349,11/06/2014,Wed,1246,LB,CS1C,303B 387B 801 ,,R,W,O ,L ,T,G,R,50,0,0,0,,,1934778,5621155
Napier City,PREBENSEN DRIVE,, ,I,SH 50,201417915,13/10/2014,Mon,1705,LB,SS2C,302B 375B ,,E,D,B ,F ,R,G,R,100,0,0,1,,38,1934853,5621037
Napier City,2/649/0.615,, ,I,PREBENSEN DRIVE,201435167,03/04/2014,Thu,1330,AA,CW1C,372A ,,M,D,B ,F ,R,G,C,50,0,0,0,,,1934842,5621030
Napier City,2/649/0.615,, ,I,PREBENSEN DRIVE,201433409,18/03/2014,Tue,2020,AC,TS1C,381A 671A ,,M,W,BF,F ,R,G,R,50,0,0,0,,,1934842,5621030
Napier City,2/649/0.615,, ,I,PREBENSEN DRIVE,201415053,03/08/2014,Sun,153,DC,CS1,101A 111A ,V,E,D,DO,F ,R,G,R,50,0,1,0,,,1934842,5621030
Napier City,2/649/0.621,, ,I,PREBENSEN DRIVE,201439962,20/06/2014,Fri,1325,GC,4E1C,173A ,,S,D,BN,F ,R,G,R,50,0,0,0,,,1934853,5621051
Napier City,2/649/0.621,, ,I,PREBENSEN DRIVE,201442771,03/08/2014,Sun,1520,GB,CS1O,172B ,,E,W,OF,L ,R,G,R,50,0,0,0,,,1934853,5621051
Napier City,2/649/0.748,15,W, ,SH 50 TARADALE,201438348,12/06/2014,Thu,845,DB,CW1,135A 402A 801 806 ,P,E,W,O ,L , , ,R,50,0,0,0,,,1934983,5621023
Napier City,SH 50 TARADALE ROAD,, ,I,2/650/0,201437438,23/05/2014,Fri,1753,GB,CN1T,172B ,,M,D,DO,F ,R,G,C,50,0,0,0,,,1934994,5621013
Napier City,2/650/0.019,, ,I,SH 50,201446395,12/09/2014,Fri,1600,GF,CN2C,372A ,,E,D,BF,F ,R,G,C,50,0,0,0,,,1935023,5621014
Napier City,2/650/0.019,, ,I,TARADALE ROAD,201430106,07/01/2014,Tue,1051,GB,CW1C,172B 507B ,,E,D,B ,F ,R,G,C,50,0,0,0,,,1935023,5621014
Napier City,2/650/0.034,15,E, ,SH 50 TARADALE,201412595,14/04/2014,Mon,30,CC,CW1,103A 112A 130A 801 ,IS,R,W,DO,L , , ,R,50,0,0,1,,,1935038,5621017
Napier City,2/650/0.612,10,S, ,CARNELL ST,201448269,10/12/2014,Wed,1705,QG,CS1C,665A ,M,R,D,B ,F ,T,N,C,50,0,0,0,,,1935481,5620846
Napier City,KENNEDY ROAD,, ,I,2/650/1.043,201446086,15/10/2014,Wed,2055,LB,CE1C,303B 352B 375B ,,R,D,DO,F ,X,T,C,50,0,0,0,,,1935711,5620533
Napier City,KENNEDY ROAD,, ,I,2/650/1.043,201441205,23/07/2014,Wed,1430,FE,CS1C,181A 331A 801 ,,E,W,O ,L ,X,T,R,50,0,0,0,,,1935711,5620533
Napier City,2/650/1.043,, ,I,KENNEDY ROAD,201437500,05/06/2014,Thu,1715,FE,VN1C,181A ,,E,D,TF,F ,X,T,C,50,0,0,0,,,1935711,5620533
Napier City,2/650/1.043,, ,I,KENNEDY ROAD,201451005,28/11/2014,Fri,1855,LB,CN1C,303B 375B ,,S,W,OF,L ,X,T,P,50,0,0,0,,,1935711,5620533
Napier City,2/650/1.448,15,N, ,ROSE ST,201414381,01/01/2014,Wed,1030,PC,VS1K,311A 378A 835 929 ,,R,D,B ,F ,D, ,C,50,0,1,0,9,,1935997,5620195
Napier City,LATHAM ST,, ,I,2/650/1.597,201440727,18/07/2014,Fri,1849,HA,CE14,302A ,,E,D,DO,F ,R,G,R,50,0,0,0,,,1936098,5620090
Napier City,LATHAM ST,, ,I,2/650/1.597,201449199,23/11/2014,Sun,2030,HA,CN1S,302A 375A ,,E,D,DO,F ,R,G,N,50,0,0,0,,,1936098,5620090
Napier City,LATHAM ST,, ,I,2/650/1.597,201440101,07/07/2014,Mon,815,HA,CE14,302A 363A 375A 902 ,,E,D,B ,F ,R,G,C,50,0,0,0,,,1936098,5620090
Napier City,2/650/1.597,, ,I,LATHAM ST,201430858,02/02/2014,Sun,1517,HA,CN2C,302A 375A ,,S,D,BF,F ,R,G,R,50,0,0,0,,,1936098,5620090
Napier City,LATHAM ST,, ,I,2/650/1.609,201447275,09/11/2014,Sun,1117,KA,CS1C,302B ,,M,D,B ,F ,R,G,R,50,0,0,0,,,1936097,5620079
Napier City,2/650/1.609,, ,I,LATHAM ST,201416545,22/09/2014,Mon,947,HA,OE1C,302A ,,R,W,BF,L ,R,G,C,50,0,0,1,,,1936097,5620079
Napier City,2/650/1.609,, ,I,LATHAM ST,201430105,07/01/2014,Tue,1017,KA,CN2C,111B 302B 411B ,,R,D,B ,F ,R,G,C,50,0,0,0,,,1936097,5620079
Napier City,2/650/1.609,, ,I,LATHAM ST,201430817,19/02/2014,Wed,1845,HA,CN1C,302A 375A ,,E,D,BF,F ,R,G,R,50,0,0,0,,,1936097,5620079
Napier City,LATHAM ST,, ,I,GEORGES DRIVE,201412956,01/05/2014,Thu,840,HA,CE1S,302A ,,M,D,B ,F ,R,G,R,50,0,1,0,,57,1936086,5620080
Napier City,2/650/2.088,400,S, ,ELLISON ST,201438008,27/05/2014,Tue,1925,MD,CS1TB,308B 371B 927 ,,R,D,DN,F ,D,N,C,100,0,0,0,,,1936405,5619712
Napier City,ELLISON ST,, ,I,GEORGES DRIVE,201443312,29/08/2014,Fri,900,FB,CE1C,181A 330A ,,R,D,O ,F ,T,N,C,50,0,0,0,,,1936666,5619410
Napier City,2/650/2.674,15,W, ,MARINE PARADE,201448911,09/12/2014,Tue,810,FD,VE14,181A ,,R,D,B ,F ,T,G,P,50,0,0,0,,,1936841,5619367
Napier City,2/650/5.235,420,N, ,AWATOTO ROAD,201434116,04/01/2014,Sat,820,GC,CN1C,377A 372B 926 ,,E,D,BN,F ,D, ,C,100,0,0,0,,,1936803,5616860
Napier City,2/650/6.884,1000,N, ,WAITANGI ROAD,201432833,07/03/2014,Fri,1521,FD,4N1CCC,181A 181B 181C ,,R,D,B ,F , , ,C,100,0,0,0,,,1936895,5615216
Napier City,2/650/7.245,600,N, ,WAITANGI ROAD,201437067,07/06/2014,Sat,2315,CB,CS1,129A 358A ,H,R,D,DN,F , , ,C,100,0,0,0,,,1936934,5614818
Napier City,2/650/7.845,, ,I,WAITANGI ROAD,201416540,18/08/2014,Mon,542,HA,SS1T,204A 302B 375B 927 ,,R,D,DN,F ,T,G,C,100,0,1,0,,46,1937017,5614224
Napier City,2/650/7.884,, ,I,WAITANGI ROAD,201410809,08/02/2014,Sat,1542,CC,CN1E,130A 501A 901 ,X,R,W,O ,H ,T,G,C,100,0,1,0,53,,1937017,5614224
Napier City,2/650/7.925,80,S, ,WAITANGI ROAD,201435674,23/04/2014,Wed,1420,FA,CS1V,331A 191B 817 ,,R,D,B ,F , , ,C,100,0,0,0,,,1937028,5614144
Napier City,2B/0/0,, ,I,SH 2,201433441,20/03/2014,Thu,1013,KB,TN1C,301B 375B ,,E,D,BF,F ,M,S,P,80,0,0,0,,,1933518,5623357
Napier City,PREBENSEN DRIVE,, ,I,2B/0/2.453,201431646,10/01/2014,Fri,1850,GB,CW1C,172B ,,R,D,O ,F ,R,G,R,50,0,0,0,,,1933203,5620958
Napier City,PREBENSEN DRIVE,, ,I,2B/0/2.466,201410151,22/01/2014,Wed,719,FA,VE1S,331A 353A ,,E,D,B ,F ,R,G,R,50,0,0,1,,56,1933104,5620961
Napier City,2B/0/2.466,, ,I,PREBENSEN DRIVE,201439498,08/07/2014,Tue,905,HA,CW2V,302A 375A ,,R,D,B ,F ,R,G,R,70,0,0,0,,,1933104,5620961
Napier City,2B/0/2.531,, ,I,PREBENSEN DRIVE,201433445,22/03/2014,Sat,1840,DB,VN1,111A 131A ,PS,M,W,BF,L ,R,G,R,70,0,0,0,,,1933118,5620932
Napier City,2B/0/2.532,, ,I,PREBENSEN DRIVE,201448917,07/12/2014,Sun,1434,AO,CN14,129A ,,R,D,B ,FS,R,G,C,70,0,0,0,,,1933146,5620917
Napier City,2B/0/2.532,, ,I,PREBENSEN DRIVE,201439038,21/06/2014,Sat,1132,FB,VE1C,181A ,,R,D,BF,F ,R,G,C,70,0,0,0,,,1933145,5620912
Napier City,2B/0/2.532,, ,I,PREBENSEN DRIVE,201435943,08/04/2014,Tue,2125,FB,CE1C,181A ,,R,W,DO,H ,R,G,R,50,0,0,0,,,1933145,5620912
Napier City,2B/0/2.612,80,S, ,PREBENSEN DRIVE,201447279,01/11/2014,Sat,955,FD,CN1CC,181A 352A 181B ,,R,D,B ,F , , ,C,100,0,0,0,,,1933132,5620838
Napier City,5/249/11.608,900,E, ,ESKDALE LANE,201437434,31/05/2014,Sat,1339,BO,CE1C,512A 357B 514B ,,E,D,O ,F , , ,C,100,0,0,0,,,1933181,5632492
Napier City,50/0/2.929,, ,I,LEVER ST,201435816,07/04/2014,Mon,1930,FB,VW2C,181A ,,R, , F,  ,X,G,C,100,0,0,0,,,1935011,5622296
Napier City,50/0/2.939,10,S, ,LEVER ST,201433436,21/03/2014,Fri,821,FD,CN1CC,331A 358A ,,R,D,OF,F ,X,G,C,50,0,0,0,,,1935006,5622287
Napier City,50/0/3.658,, ,I,SH 2,201447705,16/11/2014,Sun,1203,HA,CN1C,302A ,,E,D,B ,F ,R,G,R,50,0,0,0,,,1934753,5621611
Napier City,50/3/0,, ,I,HYDERABAD ROAD,201447299,11/11/2014,Tue,1459,GA,TN2C,181A ,,E,D,B ,F ,R,G,R,50,0,0,0,,,1934997,5620998
Napier City,TARADALE ROAD,, ,I,50/3/0.044,201432007,29/01/2014,Wed,1044,GB,CS1C,172B 372B 386B ,,M,D,BF,F ,R,G,C,50,0,0,0,,,1935012,5620994
Napier City,50/3/0.38,40,E, ,HENRY HILL ST,201410773,14/03/2014,Fri,1220,FA,CN1C,181A 331A 350A ,,R,D,B ,F , ,N,C,50,0,0,1,,,1934744,5620723
Napier City,50/3/0.707,40,N, ,TOM PARKER AVENUE,201411915,25/03/2014,Tue,1129,EA,CS1CV,129A 358A ,MM,R,D,BF,F , ,N,C,50,0,0,1,,,1934555,5620521
Napier City,50/3/0.891,, ,I,RIVERBEND ROAD,201446616,30/08/2014,Sat,1039,DB,MW2,111A 131A 514A ,,R,D,O ,F ,T,G,R,50,0,0,0,,,1934427,5620388
Napier City,50/3/1.026,, ,I,AUSTIN ST,201438881,30/05/2014,Fri,1150,LB,CN1C,303B 377B ,,R,W,OF,L ,T,G,C,50,0,0,0,,,1934304,5620250
Napier City,AUSTIN ST E,, ,I,50/3/1.075,201448318,04/10/2014,Sat,1145,MO,CE1C,371A 929 ,,R,D,B ,F ,D,N,C,50,0,0,0,,,1934314,5620243
Napier City,50/3/1.489,, ,I,CARNEGIE ROAD,201444229,09/09/2014,Tue,1120,KB,CS1C,322B 330B ,,E,D,O ,F ,T,T,R,50,0,0,0,,,1934068,5619910
Napier City,50/3/1.543,, ,I,MAADI ROAD,201433444,19/02/2014,Wed,1530,NE,CS1,306A ,,R,D,BF,F ,T,T,C,50,0,0,0,,,1934035,5619868
Napier City,50/3/1.543,, ,I,MAADI ROAD,201435738,08/05/2014,Thu,2220,LB,CS1C,322B 386B 402B 801 ,,R,W,DO,L ,T,T,C,50,0,0,0,,,1934035,5619868
Napier City,50/3/2.402,, ,I,SH 2B,201412594,06/04/2014,Sun,900,DA,VS1,111A 131A 402A 800 801 ,I,S,W,O ,L ,R,G,R,50,0,0,1,,,1933340,5619322
Napier City,SH 2B,, ,I,TARADALE ROAD,201430340,03/01/2014,Fri,1020,HA,CS2M,302A 378A ,,E,D,B ,F ,R,G,R,50,0,0,0,,,1933263,5619308
Napier City,50/5/0.624,, ,A,KENNEDY ROAD OBR,201432822,19/02/2014,Wed,2036,CB,CN1,103A 130A ,B,R,D,DO,F , , ,C,100,0,0,0,,,1933391,5618681
Napier City,50/5/3.245,, ,I,MEEANEE ON NBD,201448695,25/10/2014,Sat,1745,MC,CN1C,372B 671B 691B ,,M,D,B ,F ,T,N,C,100,0,0,0,,,1931913,5616690
Napier City,50/5/3.312,, ,I,MEEANEE OFF SBD,201436627,29/04/2014,Tue,1815,FB,VS1C,181A ,,R,D,B ,F ,R,G,C,50,0,0,0,,,1931912,5616630
Napier City,50/5/3.581,100,N, ,MEEANEE OBR,201441524,15/08/2014,Fri,725,CB,CS1,103A 134A 410A ,EV,R,D,B ,F , ,N,C,100,0,0,0,,,1931846,5616369
Napier City,50/5/3.681,, ,A,MEEANEE OBR,201440737,29/07/2014,Tue,750,FD,CS1C4,331A ,G,R,D,B ,F , , ,C,100,0,0,0,,,1931821,5616272
Napier City,50/5/3.691,10,S, ,MEEANEE OBR,201410152,21/01/2014,Tue,806,FD,CS1C,112A 181A 331A 901 ,,R,W,O ,H , , ,C,100,0,0,1,,,1931819,5616262
Napier City,50/5/4.383,, ,I,MEEANEE ON SBD,201446393,21/08/2014,Thu,755,AA,TS14,372A 671A ,,R,D,OF,F ,Y,N,R,100,0,0,0,,,1931646,5615593
Napier City,50/5/4.683,300,S, ,MEEANEE ON SBD,201443306,03/09/2014,Wed,825,CC,4S1,132A 407A ,V,R,W,O ,L , ,N,C,100,0,0,0,,,1931568,5615303
Nelson City,ABRAHAM HEIGHTS,130,W, ,MONTREAL ROAD,201431535,23/01/2014,Thu,2230,DA,CE1,111A 132A 402A ,K,M,D,DN,F , , ,C,50,0,0,0,,,1622359,5430482
Nelson City,ABRAHAM HEIGHTS,, ,I,TOI TOI ST,201440313,16/07/2014,Wed,250,DA,CW2,111A 131A ,C,M,D,DO,F ,R,G,R,50,0,0,0,,,1621908,5430222
Nelson City,ALMA ST,, ,I,BRIDGE ST,201432476,02/03/2014,Sun,140,EO,CN1C,352B 407B ,M,E,D,DO,F ,T,G, ,50,0,0,0,,,1623977,5430941
Nelson City,ANNESBROOK DRIVE,200,S, ,QUARANTINE ROAD,201447633,19/11/2014,Wed,1110,JA,CS1C,308B 839 929 ,,R,W,OF,L ,D,N,C,50,0,0,0,,,1620243,5427592
Nelson City,ARROW ST,20,W, ,QUEBEC ROAD,201450799,24/11/2014,Mon,1429,DA,CW1,111A 131A ,P,M,D,BF,F , ,N,C,50,0,0,0,,,1622670,5430757
Nelson City,ARROW ST,50,N, ,WASHINGTON ROAD,201449587,21/12/2014,Sun,1300,GB,CS1C,158A 333A 929 ,,R,D,B ,F ,D, ,N,50,0,0,0,,,1622757,5430999
Nelson City,ATAWHAI DRIVE,180,N, ,WEKA ST,201416590,06/09/2014,Sat,1330,CB,CN1C,129A 358A ,M,R,D,BF,F , ,N,C,50,0,0,1,,,1624800,5431749
Nelson City,ATAWHAI DRIVE,350,N, ,WEKA ST,201445920,14/10/2014,Tue,800,JA,CN1C,308B 377B 929 ,,R,D,B ,F ,D,N,C,50,0,0,0,,,1624896,5431888
Nelson City,ATAWHAI DRIVE,, ,I,WEKA ST,201413286,16/06/2014,Mon,643,HA,CS1C,302B 375B ,,R,W,DO,F ,X,G,C,50,0,0,1,,,1624697,5431612
Nelson City,BISLEY AVENUE,70,S, ,CHAMPION TERRACE,201447956,12/10/2014,Sun,50,DB,CS1,103A 111A 131A ,C,S,D,DO,F , , ,C,50,0,0,0,,,1621230,5430038
Nelson City,BISLEY AVENUE,100,S, ,GRENVILLE TERRACE,201448085,05/11/2014,Wed,2100,EA,4N1V,129A ,M,R,D,DO,F , , ,C,50,0,0,0,,,1621310,5430192
Nelson City,BISLEY AVENUE,400,S, ,GRENVILLE TERRACE,201440842,20/07/2014,Sun,445,DA,CN1,103A 111A 131A ,,E,D,DO,F , , ,C,50,0,0,0,,,1621214,5430148
Nelson City,BISLEY AVENUE,, ,I,MOANA AVENUE,201439671,07/07/2014,Mon,2045,DA,CN1V,132A ,M,S,D,DO,F ,T,N,C,50,0,0,0,,,1621354,5430282
Nelson City,BISLEY WALK,, ,I,BEACH ROAD,201436451,10/05/2014,Sat,1145,JA,CW1C,302B ,,E,D,BF,F ,T,G,R,50,0,0,0,,,1620882,5430089
Nelson City,BOUNDARY ROAD,15,E, ,YORK TERRACE,201442774,27/07/2014,Sun,1645,MO,CW1C,371A 385A 929 ,M,R,D,DN,F ,D,N,C,50,0,0,0,,,1622244,5428509
Nelson City,BRIDGE ST,50,W, ,ALMA ST,201448245,12/11/2014,Wed,1800,MO,VW1C,371A ,M,R,D,B ,F , ,N,C,50,0,0,0,,,1623927,5430943
Nelson City,BRIDGE ST,, ,I,ALMA ST,201435927,13/04/2014,Sun,1120,KB,CN24,133A 423A ,,R,D,OF,M ,T,G,C,50,0,0,0,,,1623977,5430941
Nelson City,BRIDGE ST,20,E, ,COLLINGWOOD ST,201450178,29/10/2014,Wed,307,CB,CE1,103A 130A 402A ,X,R,D,DO,F , , ,C,50,0,0,0,,,1624056,5430938
Nelson City,BRIDGE ST,200,W, ,COLLINGWOOD ST,201437231,22/05/2014,Thu,1135,MO,CW1C,371A 385A ,M,R, , F,  , ,N,N,50,0,0,0,,,1623836,5430946
Nelson City,BRIDGE ST,, ,I,COLLINGWOOD ST,201414691,16/07/2014,Wed,1055,NF,CN2H,307A 376A 507A ,,E,D,B ,F ,X,T,C,50,0,1,0,65,,1624036,5430939
Nelson City,BRIDGE ST,, ,I,HARLEY ST,201412132,26/04/2014,Sat,1245,NF,4N2E,710B 720B ,,R,D,B ,F ,X,G,C,50,0,0,1,51,,1624116,5430936
Nelson City,BRIDGE ST,30,W, ,TASMAN ST W,201411924,19/03/2014,Wed,1600,AA,SW1C,372A ,,R,D,BF,F , ,N,C,50,0,0,1,,17,1624392,5430926
Nelson City,BRIDGE ST,, ,I,TASMAN ST W,201417374,20/11/2014,Thu,820,JA,PE1C,302B 382B ,,R,D,B ,F ,T,G,R,50,0,0,1,,,1624422,5430924
Nelson City,BRIDGE ST,, ,I,TRAFALGAR ST,201446070,09/10/2014,Thu,1330,JA,CW1C,303B 357B ,,R,D,B ,F ,X,G,C,50,0,0,0,,,1623782,5430948
Nelson City,BROOK ST,80,N, ,BLICK TERRACE,201412695,28/02/2014,Fri,2325,MD,CS1C,103A 112A 308B 929 ,,R,D,DO,F ,D,N,N,50,0,0,1,,,1624474,5429034
Nelson City,BROOK ST,10,N, ,BROOK TERRACE,201441516,04/08/2014,Mon,1515,FD,CS1C,132A 181A ,,R,D,B ,F ,T,N,C,50,0,0,0,,,1624618,5428769
Nelson City,BROOK ST,80,S, ,SUGAR LOAF PLACE,201412025,28/03/2014,Fri,1720,DA,4S1,111A 131A ,T,M,D,DF,F , ,N,C,50,0,1,0,,,1624969,5428077
Nelson City,COLLINGWOOD ST,, ,I,BRIDGE ST,201412528,19/04/2014,Sat,323,DA,CN1,103A 111A 131A 801 ,P,E,W,DO,L ,X,T,C,50,0,0,1,,,1624036,5430939
Nelson City,COLLINGWOOD ST,30,S, ,HALIFAX ST,201437554,11/06/2014,Wed,800,QD,CS1T,428A 922 ,,R,D,O ,F ,D,N,C,50,0,0,0,,,1624042,5431104
Nelson City,COLLINGWOOD ST,40,N, ,HARDY ST,201432478,26/02/2014,Wed,1200,JA,CN1V,308B 377B 926 ,,R,D,BF,F ,D, ,C,50,0,0,0,,,1624030,5430783
Nelson City,COLLINGWOOD ST,20,S, ,HARDY ST,201445918,08/10/2014,Wed,1240,EE,TS1C,374B ,M,R,D,B ,F , , ,C,50,0,0,0,,,1624028,5430723
Nelson City,COLLINGWOOD ST,, ,I,NEW ST,201438504,11/06/2014,Wed,1733,KA,CN1B,302B 387B 817 ,,R,D,TO,F ,T,G,C,50,0,0,0,,,1624040,5431034