TLANAME,CRASHROAD,CRASHDIST,CRASHDIRN,INTSN,SIDEROAD,CRASHID,CRASHDATE,CRASHDOW,CRASHTIME,MVMT,VEHICLES,CAUSES,OBJECTSSTRUCK,ROADCURVE,ROADWET,LIGHT,WTHRa,JUNCTYPE,TRAFCTRL,ROADMARK,SPDLIM,CRASHFATALCNT,CRASHSEVCNT,CRASHMINCNT,PERSAGE1,PERSAGE2,EASTING,NORTHING
Nelson City,ECHODALE PLACE,50,S, ,NAYLAND ROAD,201436790,14/05/2014,Wed,1530,JA,CN1V,308B 929 ,,R,D,B ,F ,D,N,C,50,0,0,0,,,1618095,5425848
Nelson City,ELMS ST,, ,I,KOTUA PLACE,201414639,28/07/2014,Mon,700,JA,SN14,302B 375B ,,E,D,TO,F ,T,G,C,50,0,0,1,,52,1617477,5424843
Nelson City,ELMS ST,50,W, ,MAIN ROAD STOKE,201416358,14/10/2014,Tue,1025,JA,MW1C,308B 375B 927 ,,R,D,B ,  ,D,N,C,50,0,1,0,,,1617530,5424749
Nelson City,ELMS ST,, ,I,MAIN ROAD STOKE,201415442,18/08/2014,Mon,1716,FA,CN1CV,331A 501A ,S,R,D,TO,F ,T,G,C,80,0,0,1,,,1617560,5424709
Nelson City,ELMS ST,100,S, ,TOKOMARU PLACE,201443442,18/09/2014,Thu,1630,MO,CW1C,371A 386A ,,R,D,O ,F , ,N,N,50,0,0,0,,,1617658,5424997
Nelson City,EMANO ST,100,S, ,TOI TOI ST,201436312,22/03/2014,Sat,600,EA,CS1T,129A ,M,R,D,DO,F , ,N,C,50,0,0,0,,,1622472,5430011
Nelson City,GOLF HAVEN WAY,200,W, ,BOLT ROAD,201439411,29/06/2014,Sun,1730,MO,CW1C,371A 205B 926 ,,R,D,TN,F ,D,N,N,50,0,0,0,,,1619654,5428888
Nelson City,GRACEFIELD ST,, ,I,HIGHVIEW DRIVE,201448706,14/11/2014,Fri,1500,DA,CS1,131A 402A 501A ,C,M,D,B ,F ,T,N,C,50,0,0,0,,,1620617,5428159
Nelson City,GROVE ST,, ,I,COLLINGWOOD ST,201431772,07/02/2014,Fri,1750,KA,VW1C,302B 353B 404B ,,R,W,OO,L ,R,G,R,50,0,0,0,,,1624050,5431327
Nelson City,GROVE ST,, ,I,TASMAN ST,201444905,14/05/2014,Wed,1100,BA,CE1C,357A 512A ,,R,D,B ,F ,X,S,C,50,0,0,0,,,1624438,5431313
Nelson City,HALIFAX ST,, ,I,HAVEN ROAD,201415361,24/08/2014,Sun,910,HA,SW1C,302B 404B ,,E,D,B ,F ,R,G,C,50,0,1,0,,62,1623381,5431160
Nelson City,HALIFAX ST,, ,I,HAVEN ROAD,201443444,18/09/2014,Thu,1628,HA,CW1S,302B ,,R,W,O ,L ,R,G,C,50,0,0,0,,,1623381,5431160
Nelson City,HALIFAX ST,40,E, ,RUTHERFORD ST,201436304,19/03/2014,Wed,1430,MC,CW1C,372B ,,R,D,BF,F , ,N,R,50,0,0,0,,,1623575,5431153
Nelson City,HALIFAX ST,, ,I,TASMAN ST,201430897,18/02/2014,Tue,1715,HA,4N2C,302B 375B ,,R,D,BF,F ,X,G,C,50,0,0,0,,,1624431,5431119
Nelson City,HALIFAX ST,50,W, ,TRAFALGAR ST,201411116,21/03/2014,Fri,2030,QB,VE1,522A 924 ,,R,D,DO,F ,D, ,N,50,0,0,1,,,1623739,5431148
Nelson City,HAMPDEN ST,20,W, ,KAWAI ST,201410599,24/02/2014,Mon,1515,NB,CW1E,712B 713B 727B ,,R,D,OF,F , ,N,N,50,0,0,1,6,,1623035,5429734
Nelson City,HARDY ST,, ,I,HARLEY ST,201446893,11/11/2014,Tue,830,JA,CE1C,302B 375B ,,R,D,B ,F ,T,G,C,50,0,0,0,,,1624108,5430740
Nelson City,HARDY ST,, ,I,TASMAN ST,201433149,22/03/2014,Sat,1925,HA,CE1C,301A 404A ,,R,D,B ,F ,X,S,R,50,0,0,0,,,1624414,5430728
Nelson City,HAVEN ROAD,150,N, ,HALIFAX ST,201412645,15/04/2014,Tue,1444,AA,CN1C,372A ,,R,W,OF,H , ,N,C,50,0,0,2,,,1623309,5431302
Nelson City,HAVEN ROAD,50,S, ,MAORI ROAD,201439678,09/07/2014,Wed,300,EA,CN1C,129A ,M,E,D,DO,F , , ,C,50,0,0,0,,,1623311,5431298
Nelson City,HAVEN ROAD,, ,I,MAORI ROAD,201446568,22/10/2014,Wed,1515,KB,CS1C,302B ,,R,D,B ,F ,T,G,C,50,0,0,0,,,1623287,5431341
Nelson City,HAVEN ROAD,5,S, ,QUEEN ELIZABETH 11 DRIVE,201436709,09/05/2014,Fri,1300,FC,CN1C,181A 330A ,,R,D,O ,F ,T,N,R,50,0,0,0,,,1623273,5431512
Nelson City,HOPE ST,30,S, ,HARDY ST,201435649,15/04/2014,Tue,750,EA,CS1V,386A 402A 801 ,M,R,W,O ,L ,X,G,N,50,0,0,0,,,1623969,5430715
Nelson City,HURIA ST,60,N, ,SUFFOLK ROAD,201414538,08/07/2014,Tue,1219,MO,CN1,423A 500A 929 ,H,R,D,B ,F ,D, ,N,50,0,0,1,,,1618663,5424950
Nelson City,JENNER ROAD,30,E, ,MURPHY ST,201414233,25/07/2014,Fri,1620,DA,MS1,103A 111A ,S,E,D,B ,F ,T,G,C,50,0,0,2,,,1622081,5429001
Nelson City,KERR ST,10,N, ,GLOUCESTER ST,201444226,05/09/2014,Fri,1925,BA,4N1C,201A 330A ,,R,D,DO,F ,T,N,N,50,0,0,0,,,1623377,5430640
Nelson City,LUD VALLEY ROAD,, ,I,FROST ROAD,201414686,18/07/2014,Fri,1840,JA,CS14,197A 303B 375B ,,R,D,DO,F ,T,N,C,60,0,0,1,,,1632783,5435873
Nelson City,MAIN ROAD STOKE,100,W, ,ELMS ST,201413411,24/06/2014,Tue,1740,FD,CW1CC,181A 181B ,,R,W,DN,L , , ,C,80,0,0,1,,,1617484,5424645
Nelson City,MAIN ROAD STOKE,, ,I,ELMS ST,201415715,22/07/2014,Tue,900,JA,CN1C,302B 377B ,,R,D,BN,F ,T,G,C,80,0,0,1,,,1617560,5424709
Nelson City,MAIN ROAD STOKE,15,S, ,LOUISSON AVENUE,201431536,29/01/2014,Wed,235,CB,CN1,410A ,F,R,D,DO,F , , ,C,50,0,0,0,,,1620135,5427239
Nelson City,MAIN ROAD STOKE,100,S, ,MARSDEN ROAD,201446127,19/10/2014,Sun,1234,CA,CS1,130A 358A ,I,R,D,B ,F , , ,R,50,0,0,0,,,1619807,5426772
Nelson City,MAIN ROAD STOKE,200,S, ,MARSDEN ROAD,201443771,12/09/2014,Fri,1540,EA,CN14,129A 386A ,M,R,D,O ,F , , ,C,50,0,0,0,,,1619749,5426690
Nelson City,MAIN ROAD STOKE,20,S, ,POLSTEAD ROAD,201443310,08/09/2014,Mon,830,MC,CN1C,372B ,,R,D,B ,F ,T,N,C,50,0,0,0,,,1618976,5425882
Nelson City,MAIN ROAD STOKE,100,N, ,PUTAITAI ST,201446872,06/11/2014,Thu,1017,MC,CN1C,372B 381B ,,R,D,B ,F , ,N,C,50,0,0,0,,,1619702,5426626
Nelson City,MAIN ROAD STOKE,50,S, ,RANUI ROAD,201438790,18/01/2014,Sat,1950,FC,CS1C,181A ,,R,D,BF,F , ,N,X,50,0,0,0,,,1619331,5426176
Nelson City,MAIN ROAD STOKE,20,S, ,SAXTON ROAD,201439580,02/07/2014,Wed,900,AF,4E1M,130B ,,R,D,B ,F , , ,P,50,0,0,0,,,1618068,5425126
Nelson City,MAIN ROAD STOKE,50,S, ,SAXTON ROAD,201432481,10/02/2014,Mon,1720,FD,CN1C,331A 358A 370A ,,R,D,BF,F , , ,P,50,0,0,0,,,1618044,5425107
Nelson City,MAIN ROAD STOKE,, ,I,SONGER ST,201446125,29/10/2014,Wed,2155,HA,CW2C,322B 330B 901 ,,R,W,DO,H ,X,T,C,50,0,0,0,,,1619556,5426419
Nelson City,MAIN ROAD STOKE,, ,A,STOCK ENT,201414001,17/06/2014,Tue,1730,LB,PS1C,303B 314B 926 ,,R,D,TO,F ,D,G,C,70,0,0,1,,,1617357,5424538
Nelson City,MAITAI VALLEY ROAD,, ,A,GIBBS BR W,201435647,14/04/2014,Mon,900,CB,CE1,130A 350A ,B,R,D,O ,F , , ,C,50,0,0,0,,,1625979,5430895
Nelson City,MAITAI VALLEY ROAD,200,E, ,SHARLANDS ROAD,201441518,17/08/2014,Sun,1800,DB,CW1,111A 131A ,,M,D,DN,F , ,N,C,50,0,0,0,,,1627676,5430426
Nelson City,MILTON ST,30,S, ,GROVE ST,201414537,11/07/2014,Fri,1304,MC,CN1C,372B 671B 801 ,,R,W,O ,L , , ,C,50,0,0,1,,,1624685,5431275
Nelson City,MOTUEKA ST,25,S, ,KAWAI ST SOUTH,201441519,13/02/2014,Thu,1506,QG,CS1CC,330A 682A ,M,R,D,B ,F , ,N,C,50,0,0,0,,,1622712,5429198
Nelson City,MOTUEKA ST,30,E, ,VANGUARD ST,201442805,02/09/2014,Tue,1810,GA,CE1C,181A 192B 929 ,,E,D,TF,F ,D,N,C,50,0,0,0,,,1622424,5429402
Nelson City,MURITAI ST,130,N, ,PARKERS ROAD,201446762,07/11/2014,Fri,2135,EA,CN1C,103A 129A ,M,R,D,DO,F , ,N,C,50,0,0,0,,,1620411,5429036
Nelson City,MURITAI ST,, ,I,WAIKARE ST,201439579,05/07/2014,Sat,1152,JA,CN1C,301B ,,R,D,B ,F ,T,S,C,50,0,0,0,,,1620648,5429713
Nelson City,MURPHY ST,, ,I,JENNER ROAD,201435755,03/05/2014,Sat,435,DA,4W2,101A 130A 514A ,E,M,D,DO,F ,T,G,C,50,0,0,0,,,1622054,5428997
Nelson City,NAYLAND ROAD,, ,I,ALDINGA AVENUE W,201410600,15/02/2014,Sat,1240,GD,MW1C,181A 386A ,,R,D,B ,F ,T,N,C,50,0,0,1,,,1618558,5426296
Nelson City,NAYLAND ROAD,30,S, ,ANDREW ST,201436452,13/05/2014,Tue,904,MA,CN1C,373B ,,R,W,OF,L , ,N,C,50,0,0,0,,,1619225,5426917
Nelson City,NAYLAND ROAD,, ,I,ECHODALE PLACE,201415576,03/09/2014,Wed,1712,JC,CN2M,302A 363A 375A 902 ,,R,D,B ,F ,T,G,C,50,0,0,1,,,1618062,5425885
Nelson City,NAYLAND ROAD,50,S, ,EXETER ST,201437974,19/04/2014,Sat,1510,MC,CN1C,330B 372B ,,R,D,B ,F , ,N,C,50,0,0,0,,,1619552,5427377
Nelson City,NAYLAND ROAD,, ,I,EXETER ST,201432878,21/03/2014,Fri,840,GD,CS1C,331A ,,R,D,B ,F ,T,G,C,50,0,0,0,,,1619580,5427418
Nelson City,NAYLAND ROAD,5,S, ,FERGUSSON ST,201417656,11/12/2014,Thu,1505,NA,CN1E,306A 376A ,,R,D,B ,F ,T,N,X,40,0,0,1,9,,1619510,5427317
Nelson City,NAYLAND ROAD,, ,I,GALWAY ST,201418575,18/12/2014,Thu,1422,JA,CS1C,302B 387B ,,R,D,BF,F ,T,G,C,50,0,0,2,,,1619691,5427576
Nelson City,NAYLAND ROAD,50,N, ,KENDALL VIEW,201412642,13/04/2014,Sun,1030,EA,CS14,129A 504A ,M,R,D,ON,F , ,N,C,50,0,0,1,,,1618254,5426044
Nelson City,NAYLAND ROAD,20,S, ,KENDALL VIEW,201435830,17/03/2014,Mon,1330,EA,CN1C,101A 129A 358A ,M,R,D,OF,F ,T,N,C,50,0,0,0,,,1618200,5426000
Nelson City,NEWALL AVENUE,50,W, ,PORRITT PLACE,201415441,15/08/2014,Fri,815,HA,CN1S,330A 363A 370A 902 930 ,,R,D,B ,F ,D,N,R,50,0,1,0,,11,1619804,5427451
Nelson City,NILE ST,5,W, ,ALTON ST,201411118,04/04/2014,Fri,1659,NB,CE1E,504B 712B 713B 902 ,,R,D,B ,F ,X,G,C,50,0,0,1,8,,1624252,5430524
Nelson City,NILE ST,, ,A,CLOUSTON BR E,201435757,13/04/2014,Sun,335,CA,CE1C,103A 112A 130A 514A 800 ,CKM,R,W,DO,F , , ,N,50,0,0,0,,,1625162,5430492
Nelson City,ORSMAN CRESCENT,100,E, ,EMANO ST,201445921,05/10/2014,Sun,1938,MO,CW1,371A 929 ,P,R,D,TF,F ,D,N,N,50,0,0,0,,,1621970,5429573
Nelson City,PARU PARU ROAD,, ,I,HALIFAX ST,201448084,18/11/2014,Tue,2030,GF,CS1S,172A ,,R,D,B ,F ,X,T,P,50,0,0,0,,,1623535,5431155
Nelson City,PASCOE ST,80,S, ,ORION ST,201413192,17/04/2014,Thu,822,JA,CS1S,308B 350B 801 927 ,,R,W,O ,L ,D, ,C,50,0,0,1,,25,1620180,5428752
Nelson City,PASCOE ST,40,S, ,VIVIAN PLACE,201437561,08/06/2014,Sun,530,DB,CN1,131A 359A ,CJ,E,W,DN,L , , ,C,50,0,0,0,,,1620163,5428458
Nelson City,POINT ROAD,, ,I,QUIET WOMAN WAY,201443450,07/09/2014,Sun,1836,DA,CN1,101A 111A 929 ,PS,M,D,DO,F ,D,N,C,50,0,0,0,,,1618434,5427335
Nelson City,PRINCES DRIVE,50,N, ,ISTANA PLACE,201450491,17/12/2014,Wed,1745,MC,CS1C,372B ,,E,W,OF,L , ,N,C,50,0,0,0,,,1621289,5428858
Nelson City,PUTAITAI ST,50,W, ,MAIN ROAD STOKE,201412147,02/05/2014,Fri,1645,NA,CW1E,711B ,,R,D,B ,F , , ,C,50,0,0,1,65,,1619604,5426573
Nelson City,QUARANTINE ROAD,, ,I,CADILLAC WAY,201443447,22/09/2014,Mon,1145,HA,CW2V,302A 375A ,,M,D,O ,F ,R,G,C,50,0,0,0,,,1620002,5428006
Nelson City,QUARANTINE ROAD,, ,I,CADILLAC WAY,201435648,30/04/2014,Wed,1430,KA,CS1C,302B 370B ,I,E,D,B ,F ,R,G,R,50,0,0,0,,,1619987,5427997
Nelson City,QUARANTINE ROAD,5,N, ,SH 6,201430695,10/02/2014,Mon,1045,AC,CS1C,124A ,,R,D,B ,F ,R,G,C,50,0,0,0,,,1620090,5427939
Nelson City,QUARANTINE ROAD,, ,I,TRENT DRIVE,201436755,22/01/2014,Wed,1524,AF,TW1S,150A 386A ,,R,D,B ,F ,R,G,C,50,0,0,0,,,1619470,5428374
Nelson City,QUEBEC ROAD,90,N, ,ABRAHAM HEIGHTS,201442801,18/08/2014,Mon,2200,EA,CN1C,386A ,M,R,D,DO,F , ,N,C,50,0,0,0,,,1622786,5430662
Nelson City,QUEBEC ROAD,100,E, ,ARROW ST,201449897,12/12/2014,Fri,2200,DA,CE1,131A ,,S,D,DO,F , ,N,N,80,0,0,0,,,1622748,5430816
Nelson City,QUEBEC ROAD,190,E, ,ARROW ST,201443576,17/07/2014,Thu,400,DA,CN1C,103A 131A ,M,M,D,DO,F , ,N,C,50,0,0,0,,,1622799,5430890
Nelson City,QUEBEC ROAD,, ,I,MONTCALM ST,201446760,03/11/2014,Mon,843,JA,CW1C,302B 377B 839 ,,E,D,B ,F ,T,G,L,50,0,0,0,,,1622420,5430574
Nelson City,RIVERSIDE,200,E, ,COLLINGWOOD ST,201416633,10/10/2014,Fri,924,CA,CS1,130A 423A ,EZ,R,D,B ,F , , ,L,50,0,0,1,,,1624225,5431070
Nelson City,RUTHERFORD ST,5,N, ,BRONTE ST,201416827,27/10/2014,Mon,1220,FD,VS1C,181A 352A ,,M,D,B ,F ,T,N,C,50,0,0,1,,,1623499,5430153
Nelson City,RUTHERFORD ST,100,S, ,EXAMINER ST,201436885,13/03/2014,Thu,1025,FC,CS1V,181A 331A 350A ,,R,D,B ,F , , ,X,50,0,0,0,,,1623502,5430240
Nelson City,RUTHERFORD ST,, ,I,EXAMINER ST,201446567,21/10/2014,Tue,1250,KB,CS1V,302B ,,S,D,B ,F ,X,G,C,50,0,0,0,,,1623505,5430340
Nelson City,RUTHERFORD ST,40,S, ,HARDY ST,201415358,28/05/2014,Wed,805,MO,VE1E,308A 353A 922 ,,R,D,B ,F ,D,N,C,50,0,0,1,72,,1623520,5430723
Nelson City,RUTHERFORD ST,40,S, ,HARDY ST,201443441,24/09/2014,Wed,1600,ND,CW1E,308A 923 ,,R,D,B ,F ,D,N,C,50,0,0,0,,,1623520,5430723
Nelson City,RUTHERFORD ST,, ,I,WAIMEA ROAD,201446839,29/10/2014,Wed,520,DA,CS1,131A 410A ,I,E,D,DO,F ,R,G,R,50,0,0,0,,,1623499,5430141
Nelson City,SAXTON ROAD,, ,I,SAXTON FIELD,201437232,08/03/2014,Sat,1800,DA,CN2,111A 131A ,F,R,D,BF,F ,R,G,R,80,0,0,0,,,1618094,5425135
Nelson City,SAXTON ROAD,80,N, ,SUFFOLK ROAD,201433188,27/03/2014,Thu,810,EA,VN1C,131A 402A ,M,R,D,B ,F , , ,C,50,0,0,0,,,1618410,5424768
Nelson City,SCOTIA ST,30,W, ,ANGLIA ST,201446363,26/10/2014,Sun,100,EA,CW1C,129A ,M,M,D,DO,F , ,N,C,50,0,0,0,,,1621308,5427584
Nelson City,SCOTIA ST,180,W, ,ANGLIA ST,201430696,07/02/2014,Fri,1400,MO,CW1C,371A 929 ,M,R,D,B ,F ,D,N,N,50,0,0,0,,,1621238,5427714
Nelson City,SCOTIA ST,40,S, ,BEATSON ROAD E,201432474,01/03/2014,Sat,2304,DA,4W1,111A 131A 514A ,F,M,D,DN,F , ,N,N,50,0,0,0,,,1621820,5427903
Nelson City,SELWYN PLACE E,, ,I,TRAFALGAR SQUARE,201439145,11/06/2014,Wed,1730,KB,CE1C,301B ,,E,D,TF,F ,X,S,C,50,0,0,0,,,1623842,5430644
Nelson City,SONGER ST,50,E, ,BLACK ST,201411718,18/03/2014,Tue,1528,MD,CE1S,308B 930 ,,R,D,O ,F ,D,N,C,50,0,0,1,,15,1619300,5426599
Nelson City,SONGER ST,40,N, ,MAIN ROAD STOKE,201442899,09/08/2014,Sat,1530,JA,CN1C,308B 375B 923 ,,R,D,B ,F ,D,N,C,50,0,0,0,,,1619524,5426442
Nelson City,SONGER ST,, ,I,MAIN ROAD STOKE,201446837,23/10/2014,Thu,1150,EO,TN1,179A 386A ,P,E,D,B ,F ,X,T,C,50,0,0,0,,,1619556,5426419
Nelson City,SONGER ST,, ,I,MAIN ROAD STOKE,201412146,08/05/2014,Thu,1830,ND,CS2E,307A ,,M,W,DO,F ,X,T,C,50,0,0,1,50,,1619556,5426419
Nelson City,SONGER ST,, ,I,NEALE AVENUE,201449688,22/12/2014,Mon,1540,LB,CS2C,302A 370A 308B 370B 930 ,,R,D,B ,F ,D,G,C,50,0,0,0,,,1619440,5426500
Nelson City,SONGER ST,, ,I,NEALE AVENUE,201450804,06/12/2014,Sat,1103,CB,CW1C,197A ,M,R,D,BF,F ,T,G,C,50,0,0,0,,,1619440,5426500
Nelson City,SOUTH ST,60,S, ,NILE ST,201445919,15/10/2014,Wed,1851,MO,CS1,371A 929 ,F,R,D,B ,F ,D,N,N,50,0,0,0,,,1623582,5430489
Nelson City,ST VINCENT ST,80,S, ,HASTINGS ST,201416360,03/09/2014,Wed,802,NA,CN1E,726B ,,R,D,B ,F , ,N,C,50,0,1,1,3,,1623254,5430988
Nelson City,ST VINCENT ST,, ,I,HASTINGS ST,201437556,19/04/2014,Sat,1930,FA,4N14,357A 512A ,,R,D,DO,F ,T,G,C,50,0,0,0,,,1623300,5431054
Nelson City,ST VINCENT ST,80,N, ,PARERE ST,201438971,06/06/2014,Fri,1230,FF,CS1C,181A ,,R, , F,  , ,N,C,50,0,0,0,,,1622947,5430549
Nelson City,ST VINCENT ST,30,S, ,ST ANNE PLACE,201439581,12/06/2014,Thu,1030,MC,CS1C,372B ,,R,D,O ,F , , ,C,50,0,0,0,,,1622841,5430396
Nelson City,ST VINCENT ST,150,S, ,TOI TOI ST,201438186,27/05/2014,Tue,1335,CC,CS1C,133A 423A ,FM,R,D,BF,F , ,N,C,50,0,0,0,,,1622502,5429908
Nelson City,ST VINCENT ST,, ,I,TOI TOI ST,201414528,13/07/2014,Sun,815,HA,CE2S,302A 375A 904 ,,E,W,O ,M ,R,G,R,50,0,1,0,,61,1622601,5430034
Nelson City,SUFFOLK ROAD,, ,I,HURIA ST,201412540,17/04/2014,Thu,1720,CC,VN1V,130A 358A 801 903 ,M,R,W,TO,LS,T,G,C,50,0,0,2,,,1618690,5424897
Nelson City,SUFFOLK ROAD,180,W, ,NGAWHATU ROAD,201437555,07/06/2014,Sat,1525,CB,CW1,130A 358A ,F,R,D,O ,F , , ,C,50,0,0,0,,,1619199,5425322
Nelson City,TANTRAGEE ROAD,100,N, ,BROOK ST,201448080,22/11/2014,Sat,910,DA,CS1,103A 111A 131A 402A ,F,E,W,O ,L , , ,N,100,0,0,0,,,1625037,5428458
Nelson City,TASMAN ST,, ,I,HARDY ST,201450836,27/11/2014,Thu,1915,HA,4W2V,321A 335A ,,R,D,OF,F ,X,S,C,50,0,0,0,,,1624414,5430728
Nelson City,TASMAN ST,, ,I,HARDY ST,201418507,08/12/2014,Mon,855,HA,CE2P,301A 375A ,,R,D,OF,F ,X,S,R,50,0,0,1,,,1624414,5430728
Nelson City,THE RIDGEWAY,50,E, ,PANORAMA DRIVE,201435926,19/04/2014,Sat,1855,GA,CW1C,101B 832 929 ,,M,D,DO,F ,D,N,C,50,0,0,0,,,1621022,5427059
Nelson City,THOMPSON TERRACE,200,E, ,MURPHY ST,201450803,31/12/2014,Wed,1235,MO,CN1C,371A 929 ,M,M,D,BF,F ,D,N,N,50,0,0,0,,,1622127,5428790
Nelson City,TIPAHI ST,150,S, ,TUKUKA ST,201439146,21/06/2014,Sat,,EA,CN1C,386A ,M,R,D,TF,F , ,N,C,50,0,0,0,,,1622323,5428908
Nelson City,TOI TOI ST,, ,I,EMANO ST,201435758,10/05/2014,Sat,1330,JC,4S1C,302A 375A 403A ,,R,D,B ,F ,T,G,C,50,0,0,0,,,1622555,5430067
Nelson City,TOI TOI ST,5,W, ,VOSPER ST,201446083,27/10/2014,Mon,1330,LB,CE1C,303B 352B 929 ,,R,D,B ,F ,D, ,C,50,0,0,0,,,1622404,5430171
Nelson City,TOSSWILL ROAD,100,N, ,TAMAKI ST,201433190,07/01/2014,Tue,2245,DA,CS1,111A 131A ,C,S,W,DO,F , , ,C,50,0,0,0,,,1621001,5429443
Nelson City,TRAFALGAR ST,, ,I,BRIDGE ST,201446401,26/09/2014,Fri,1705,MG,4S14,352B 371B ,,R,D,BF,F ,X,G,X,50,0,0,0,,,1623782,5430948
Nelson City,TRAFALGAR ST,, ,I,ELLIOTT ST,201415662,08/09/2014,Mon,900,GD,CN1C,331A 352A ,,R,D,B ,F ,T,G,C,50,0,0,1,,,1623797,5431519
Nelson City,TRAFALGAR ST,5,N, ,HALIFAX ST,201415440,23/07/2014,Wed,840,FE,CS1CC,331A 334A ,,R,D,O ,F ,X,T,C,50,0,0,2,,,1623789,5431151
Nelson City,TRAFALGAR ST,30,S, ,HALIFAX ST,201442494,04/08/2014,Mon,,MO,CS1C,385A ,M,R,D,BF,F , ,N,C,50,0,0,0,,,1623788,5431116
Nelson City,TRAFALGAR ST,, ,I,HALIFAX ST,201442495,27/08/2014,Wed,1300,GF,CE24,381A ,,R,D,BF,F ,X,T,C,50,0,0,0,,,1623789,5431146
Nelson City,TRAFALGAR ST,10,S, ,SELWYN PLACE,201433161,25/03/2014,Tue,1315,MO,CN1C,386A ,M,R,D,B ,F ,T,S,C,50,0,0,0,,,1623771,5430653
Nelson City,TRAFALGAR ST,, ,I,WAINUI ST,201435756,08/05/2014,Thu,924,LB,CS1CC,303B 355B 404B 927 ,,R,D,B ,F ,T,G,C,50,0,0,0,,,1623802,5431659
Nelson City,VAN DIEMEN ST,40,W, ,TAWA ST,201433729,30/03/2014,Sun,1440,MO,VW1C,371A ,M,R,D,O ,F , , ,C,50,0,0,0,,,1623651,5429746
Nelson City,VAN DIEMEN ST,, ,A,TRAFALGAR ST,201418574,02/11/2014,Sun,440,DA,4S1,101A 111A 131A ,C,S,D,DO,F , ,N,C,50,0,0,1,,,1623734,5429744
Nelson City,VANGUARD ST,, ,I,ALFRED ST,201412998,18/06/2014,Wed,1925,BE,CN1CC,130A 501A ,M,R,D,DO,F ,X,G,C,50,0,0,1,,,1622701,5429854
Nelson City,VANGUARD ST,30,N, ,GLOUCESTER ST,201445917,17/10/2014,Fri,1840,JA,SN1C,204A 925 ,,R,D,B ,F ,D,N,N,50,0,0,0,,,1623309,5430724
Nelson City,VANGUARD ST,, ,I,GLOUCESTER ST,201443443,01/09/2014,Mon,,AO,CS1C,150A 381A ,,R,D,B ,F ,R,G,C,50,0,0,0,,,1623292,5430699
Nelson City,VANGUARD ST,, ,I,HARDY ST,201435922,17/04/2014,Thu,1340,HA,CS1T,302A 375A ,,R,W,OF,HS,R,G,R,50,0,0,0,,,1623341,5430769
Nelson City,VANGUARD ST,, ,I,HARDY ST,201418601,22/12/2014,Mon,1107,LB,VN1M,302A 375A ,,M,D,BF,F ,R,G,C,50,0,0,1,,,1623341,5430769
Nelson City,VANGUARD ST,, ,I,HARDY ST,201444070,22/07/2014,Tue,1600,HA,CW2C,302A 375A ,,E,D,BF,F ,R,G,R,50,0,0,0,,,1623355,5430773
Nelson City,VANGUARD ST,, ,I,MOTUEKA ST,201446761,02/11/2014,Sun,1935,CB,CS1,402A 517A ,S,R,D,B ,F ,T,G,C,50,0,0,0,,,1622400,5429419
Nelson City,VANGUARD ST,, ,I,MOTUEKA ST,201439582,28/06/2014,Sat,950,JA,CS1C,302A ,,R,D,B ,F ,T,G,C,50,0,0,0,,,1622400,5429419
Nelson City,VANGUARD ST,, ,I,MOTUEKA ST,201413856,20/06/2014,Fri,1230,JA,CS1C,302A 335A ,,R,D,B ,F ,T,G,P,50,0,0,2,,,1622400,5429419
Nelson City,VANGUARD ST,10,S, ,TOTARA ST,201413603,10/06/2014,Tue,1025,JA,CS1C,308B 377B 801 839 929 ,,R,W,O ,L ,D, ,C,50,0,0,1,,,1622633,5429756
Nelson City,VANGUARD ST,, ,I,TOTARA ST,201443196,21/08/2014,Thu,1454,JA,CN1C,302B ,,R,D,B ,F ,T,G,C,50,0,0,0,,,1622639,5429764
Nelson City,WAIMEA ROAD,, ,I,ANNESBROOK DRIVE,201418506,10/11/2014,Mon,1600,FB,VN1C,331A 350A ,,E,D,OF,F ,R,G,R,70,0,0,1,,,1620247,5427406
Nelson City,WAIMEA ROAD,, ,I,BOUNDARY ROAD,201449731,22/12/2014,Mon,1050,JA,CN1C,302B 377B 830 ,,R,D,B ,F ,T,G,R,50,0,0,0,,,1622318,5428457
Nelson City,WAIMEA ROAD,, ,I,BOUNDARY ROAD,201433193,02/04/2014,Wed,830,GB,SN1C,158A ,,R,D,O ,F ,T,G,C,50,0,0,0,,,1622318,5428457
Nelson City,WAIMEA ROAD,40,E, ,CAWTHRON CRESCENT,201439723,02/07/2014,Wed,1455,FA,CE1CC,181A 363A 902 ,,R,D,B ,F , , ,C,50,0,0,0,,,1620890,5427701
Nelson City,WAIMEA ROAD,200,W, ,CAWTHRON CRESCENT,201416640,24/10/2014,Fri,2216,DB,CW1C,103A 111A 131A 357A ,FT,E,D,DO,F , , ,C,50,0,1,0,,,1620650,5427707
Nelson City,WAIMEA ROAD,50,N, ,FRANKLYN ST,201416806,29/10/2014,Wed,840,NA,MN1E,711B ,,R,D,B ,F , ,N,P,50,0,0,1,15,,1623006,5429434
Nelson City,WAIMEA ROAD,, ,I,FRANKLYN ST,201412643,14/04/2014,Mon,2217,NB,CS1E,713B ,,R,W,DO,L ,X,G,C,50,0,0,2,13,,1622977,5429393
Nelson City,WAIMEA ROAD,, ,I,FRANKLYN ST,201450801,19/12/2014,Fri,2050,DB,CE2,122A ,I,R,D,TO,F ,X,G,R,50,0,0,0,,,1622977,5429393
Nelson City,WAIMEA ROAD,20,S, ,HAMPDEN ST,201411039,18/02/2014,Tue,900,FD,CN1CCC,112A 331A 352A ,,R,D,B ,F , , ,P,50,0,0,1,,,1623145,5429632
Nelson City,WAIMEA ROAD,80,S, ,HAMPDEN ST,201418509,07/12/2014,Sun,1656,CA,CN1C,501A ,M,R,D,BF,F , ,N,C,50,0,0,1,,,1623110,5429582
Nelson City,WAIMEA ROAD,, ,I,HAMPDEN ST,201417630,20/08/2014,Wed,1636,NF,CS1EC,194A 150C ,,R,D,B ,F ,X,T,C,50,0,0,1,,,1623156,5429648