TLANAME,CRASHROAD,CRASHDIST,CRASHDIRN,INTSN,SIDEROAD,CRASHID,CRASHDATE,CRASHDOW,CRASHTIME,MVMT,VEHICLES,CAUSES,OBJECTSSTRUCK,ROADCURVE,ROADWET,LIGHT,WTHRa,JUNCTYPE,TRAFCTRL,ROADMARK,SPDLIM,CRASHFATALCNT,CRASHSEVCNT,CRASHMINCNT,PERSAGE1,PERSAGE2,EASTING,NORTHING
Nelson City,WAIMEA ROAD,, ,I,MARKET ROAD,201436995,02/05/2014,Fri,1555,JA,CS1C,302B ,,R,D,B ,F ,T,G,R,50,0,0,0,,,1622293,5428423
Nelson City,WAIMEA ROAD,25,N, ,MOTUEKA ST,201435754,07/05/2014,Wed,810,FD,CS1V,181A 331A 402A ,,R,D,O ,F , , ,C,50,0,0,0,,,1622811,5429158
Nelson City,WAIMEA ROAD,50,N, ,MOTUEKA ST,201418504,26/11/2014,Wed,1500,FD,CN1C,181A ,,R,D,BF,F , ,N,P,50,0,0,1,,,1622825,5429179
Nelson City,WAIMEA ROAD,, ,I,MOTUEKA ST,201443773,03/09/2014,Wed,2040,AC,CS1C,372B ,,R,D,DO,F ,X,T,C,50,0,0,0,,,1622796,5429138
Nelson City,WAIMEA ROAD,100,S, ,RUTHERFORD ST,201445905,07/08/2014,Thu,1650,GB,VS1C,181A 387A 929 ,,R,W,TF,F ,D,N,C,50,0,0,0,,,1623442,5430059
Nelson City,WAIMEA ROAD,100,W, ,THE RIDGEWAY,201434620,23/04/2014,Wed,950,AC,CW14,381A ,,R,D,BF,F , ,N,N,70,0,0,0,,,1621353,5427454
Nelson City,WAIMEA ROAD,90,N, ,TUKUKA ST,201412539,26/04/2014,Sat,1100,MC,MN14,372B ,,R,D,B ,F , , ,P,50,0,1,0,,,1622669,5428958
Nelson City,WAIMEA ROAD,130,S, ,TUKUKA ST,201435512,04/04/2014,Fri,1807,EA,4S1V,103A 129A 350A ,M,R,D,B ,F , , ,P,50,0,0,0,,,1622543,5428778
Nelson City,WAIMEA ROAD,20,S, ,ULSTER ST,201415309,28/08/2014,Thu,2110,GD,CN14,181A 331A 929 ,,R,D,DO,F ,D,N,L,70,0,0,1,,,1621662,5427715
Nelson City,WAIMEA ROAD,50,N, ,VAN DIEMEN ST,201416543,07/08/2014,Thu,1242,JA,CS1C,308B 375B 929 ,,R,W,OF,L ,D,N,C,50,0,0,1,,,1623265,5429804
Nelson City,WAIMEA ROAD,50,N, ,VAN DIEMEN ST,201440303,02/07/2014,Wed,1515,FD,CS1CC,331A 358A ,,R,D,O ,F , , ,C,50,0,0,0,,,1623265,5429804
Nelson City,WAIMEA ROAD,110,N, ,VAN DIEMEN ST,201417503,11/11/2014,Tue,1550,GB,SN1C,159B 927 ,,R,D,BF,F ,D,N,C,50,0,1,0,,14,1623300,5429853
Nelson City,WAIMEA ROAD,, ,I,VAN DIEMEN ST,201439184,12/06/2014,Thu,1810,BE,CS14,125A 504A ,,R,D,DO,F ,T,N,C,50,0,0,0,,,1623236,5429763
Nelson City,WAIMEA ROAD,50,W, ,WATERHOUSE ST,201415661,10/05/2014,Sat,1810,GD,CW1M,331A 358A 929 ,,R,D,DO,L ,D,N,C,50,0,0,1,,,1620790,5427705
Nelson City,WAINUI ST,90,W, ,SOVEREIGN ST,201444972,11/09/2014,Thu,1900,MC,PE1C,372B ,,R,D,TF,F , ,N,R,50,0,0,0,,,1623971,5431653
Nelson City,WASHINGTON ROAD,210,S, ,BRITANNIA HEIGHTS,201413860,21/06/2014,Sat,45,DA,CS1,103A 131A ,CT,M,D,DO,F , , ,C,50,0,0,1,,,1622284,5430952
Nelson City,WASHINGTON ROAD,70,E, ,RENTONE ST,201449733,31/12/2014,Wed,925,EA,4W1C,129A 410A ,M,R,W,O ,L , ,N,C,50,0,0,0,,,1622681,5431068
Nelson City,WASHINGTON ROAD,, ,I,RUSSELL ST,201432479,05/03/2014,Wed,1700,KB,CW1C,101B 302B ,,R,D,BF,F ,T,G,C,50,0,0,0,,,1622514,5431105
Nelson City,WASHINGTON TERRACE,40,E, ,WOLFE ST,201434120,18/03/2014,Tue,424,CA,CW1CCC,112A 129A 130A ,M,R,W,DO,M , , ,N,50,0,0,0,,,1622465,5431049
Nelson City,6/73/2.226,100,N, ,COLLINS NO 3 BR,201448243,25/10/2014,Sat,1510,DA,CS1,111A 131A ,G,S,D,B ,F , ,N,C,100,0,0,0,,,1647174,5441574
Nelson City,6/73/2.296,170,N, ,COLLINS NO 3 BR,201414527,02/06/2014,Mon,852,DB,VN1,135A 802 ,C,S,I,B ,FF, , ,C,100,0,0,2,,,1647223,5441624
Nelson City,6/73/4.947,220,W, ,BRIDGE ROAD,201435650,25/04/2014,Fri,1730,DA,CE1,111A 131A 800 ,CG,E,W,TN,F , , ,C,100,0,0,0,,,1645801,5443169
Nelson City,6/73/5.136,990,E, ,RAI VALLEY LINK ROAD,201414940,16/04/2014,Wed,1350,BC,CE1T,111A 129A ,,M,D,OF,F , ,N,C,100,0,1,0,,,1645616,5443169
Nelson City,6/73/5.615,910,E, ,KOKORUA ROAD,201400116,27/04/2014,Sun,1240,AD,ME1,111A 131A 150A ,G,M,D,ON,F , , ,C,100,1,0,0,,,1645212,5443291
Nelson City,6/80/0.371,110,E, ,KOKORUA ROAD,201410630,08/02/2014,Sat,435,DA,CE1,111A 135A 810 901 ,C,E,W,DN,H , ,N,C,100,0,0,1,,,1644441,5443488
Nelson City,6/80/4.874,3600,E, ,WHANGAMOA BR,201450947,10/12/2014,Wed,1600,DA,VN1,131A 800 ,,E,W,O ,M , , ,C,100,0,0,0,,,1641415,5440723
Nelson City,6/80/10.111,8200,S, ,ROSS ROAD,201433189,04/04/2014,Fri,1115,DA,TE1,111A 131A 681A ,C,M,D,B ,F , , ,C,100,0,0,0,,,1637792,5437182
Nelson City,6/80/11.357,250,E, ,SLATERS ROAD,201410601,22/02/2014,Sat,1530,BC,CW1T,111A 121A ,,E,D,B ,F , ,N,C,50,0,0,1,,,1637041,5436653
Nelson City,6/80/12.311,6000,E, ,ROSS ROAD,201448092,17/10/2014,Fri,815,DA,CE1,111A 131A ,C,M,W,O ,LS, , ,C,100,0,0,0,,,1636488,5436261
Nelson City,6/80/12.511,5800,E, ,ROSS ROAD,201436258,13/03/2014,Thu,1144,DA,CW1,131A 404A 631A ,G,M,D,B ,F , , ,C,100,0,0,0,,,1636570,5436096
Nelson City,6/80/14.958,990,W, ,ROCKY ROAD,201415644,07/09/2014,Sun,1530,DA,MS1,131A 350A ,V,E,D,O ,F , ,N,C,100,0,1,0,,,1635274,5435945
Nelson City,6/80/18.311,, ,I,ROSS ROAD,201433519,13/03/2014,Thu,1730,AC,VN1V,372A ,,E,D,BF,F ,T,G,C,100,0,0,0,,,1633271,5436043
Nelson City,6/99/3.239,390,W, ,WAKAPUAKA ROAD,201444151,03/09/2014,Wed,1230,DA,VE1,137A ,V,M,D,BN,F , ,N,C,100,0,0,0,,,1631747,5437909
Nelson City,6/99/3.439,590,W, ,RAYNERS ROAD,201438662,09/05/2014,Fri,750,DA,TE1,129A 131A 358A ,S,E,W,B ,F , , ,L,100,0,0,0,,,1631560,5437977
Nelson City,6/99/5.093,, ,I,GLEN ROAD,201413177,26/03/2014,Wed,1230,JA,CE1S,197A 386A 404A 302B 378B ,,E,D,B ,F ,T,G,C,100,0,1,0,,51,1630068,5438491
Nelson City,6/99/5.173,80,W, ,GLEN ROAD,201434506,16/03/2014,Sun,1209,DB,CW1,135A 801 901 ,ET,E,W,ON,H , ,N,C,100,0,0,0,,,1630003,5438537
Nelson City,6/99/7.946,350,N, ,BOULDER BANK DRIVE,201412898,24/05/2014,Sat,1408,DB,CS1,111A 131A 197A 801 ,EF,M,W,O ,L , , ,C,100,0,1,0,,,1627786,5437400
Nelson City,6/99/9.934,, ,I,MARYBANK ROAD,201451060,22/12/2014,Mon,1605,GD,CN1C,331A 350A ,,R,D,BF,F ,T,G,C,80,0,0,0,,,1626764,5435861
Nelson City,6/99/10.43,, ,I,ATAWHAI CRESCENT N,201447842,12/11/2014,Wed,1655,JA,CS1C,302B 375B ,,R,D,BF,F ,T,G,R,100,0,0,0,,,1626689,5435373
Nelson City,6/99/12.257,300,N, ,BAY VIEW ROAD,201415359,23/08/2014,Sat,1600,BE,4S1C,125A 410A 504A 191B ,,R,D,B ,F , ,N,C,100,0,2,1,,,1626297,5433631
Nelson City,6/99/12.421,, ,I,ATAWHAI DRIVE,201430733,15/02/2014,Sat,1100,LB,CS1C,303B 375B ,,R,D,BF,F ,T,G,C,100,0,0,0,,,1626206,5433495
Nelson City,6/99/12.687,, ,I,MALVERN AVENUE,201448242,04/11/2014,Tue,515,JA,MS1C,302B 375B ,,R,D,B ,F ,T,G,C,50,0,0,0,,,1626000,5433328
Nelson City,6/99/12.987,300,S, ,MALVERN AVENUE,201418597,26/09/2014,Fri,400,CC,4S1,194A ,T,R,D,DN,F , ,N,L,100,0,1,0,,,1625737,5433184
Nelson City,6/99/13.421,1000,S, ,ATAWHAI DRIVE,201433184,29/03/2014,Sat,1950,CB,CN1,101A 130A ,,R,D,DN,F , , ,C,100,0,0,0,,,1625357,5432975
Nelson City,6/99/15.272,150,E, ,TRAFALGAR ST,201444171,27/07/2014,Sun,1418,QG,40,687A ,X,E,D,BN,F , ,N,C,100,0,0,0,,,1623959,5431844
Nelson City,6/99/15.392,30,E, ,TRAFALGAR ST,201431099,01/02/2014,Sat,1645,FD,CW1C,110A 181A ,,R,D,B ,F , ,N,C,50,0,0,0,,,1623845,5431805
Nelson City,6/99/15.441,, ,I,TRAFALGAR ST,201442802,28/08/2014,Thu,1333,HA,CN2C,302A 507A ,,M,D,B ,F ,R,G,R,50,0,0,0,,,1623807,5431782
Nelson City,6/99/15.553,100,W, ,TRAFALGAR ST,201416632,26/10/2014,Sun,1440,GE,CW1C,181A 331A 926 ,,R,D,O ,F ,D, ,C,100,0,0,1,,,1623703,5431756
Nelson City,6/99/15.83,70,E, ,WILDMAN AVENUE,201434191,12/04/2014,Sat,2010,DC,CE1,103A 332A 801 ,G,E,W,DO,L , , ,C,50,0,0,0,,,1623443,5431663
Nelson City,6/116/0,, ,I,HAVEN ROAD,201447843,03/10/2014,Fri,48,DA,CS1,101A 111A 131A ,FX,M,D,DO,F ,R,G,R,50,0,0,0,,,1623270,5431551
Nelson City,6/116/0,, ,I,ATAWHAI DRIVE,201431534,28/01/2014,Tue,225,CB,CS1,136A 631A 632A ,KP,R,D,DO,F ,R,G,C,50,0,0,0,,,1623270,5431551
Nelson City,6/116/0.138,, ,I,VICKERMAN ST,201441517,05/08/2014,Tue,1530,KB,CE14,302B ,,R,D,B ,F ,T,G,C,50,0,0,0,,,1623164,5431607
Nelson City,6/116/0.138,, ,I,VICKERMAN ST,201416359,04/07/2014,Fri,650,KA,SE1C,302B 375B ,,R,D,DO,F ,T,G,R,50,0,0,1,,,1623164,5431607
Nelson City,6/116/0.138,, ,I,VICKERMAN ST,201439585,27/06/2014,Fri,1424,KA,SE1V,302B ,,R,D,O ,F ,T,G,C,50,0,0,0,,,1623164,5431607
Nelson City,6/116/0.241,15,E, ,FOUNTAIN PLACE,201416639,22/10/2014,Wed,805,KA,MN1V,353A 377A 308B 330B 377B 922 ,,R,D,B ,F ,D, ,R,50,0,1,0,,,1623104,5431624
Nelson City,HAY ST W,, ,I,6/116/0.521,201431100,25/02/2014,Tue,1420,FA,CW1C,181A ,,E,D,B ,F ,T,S,N,50,0,0,0,,,1622853,5431745
Nelson City,6/116/0.61,, ,I,RUSSELL ST,201443772,17/09/2014,Wed,1730,LB,CN1C,302B ,,E,D,TN,F ,X,G,P,50,0,0,0,,,1622790,5431807
Nelson City,6/116/1.061,160,N, ,POYNTERS CRESCENT,201400023,06/02/2014,Thu,2259,EA,MN1,103A 129A 130A ,M,E,D,DO,F , , ,C,50,1,0,0,,,1622467,5431852
Nelson City,6/116/1.572,100,S, ,VICTORIA ROAD,201441477,01/08/2014,Fri,1445,MA,TN1CC,102B 373B 377B 839 ,M,R,D,B ,F , ,N,C,50,0,0,0,,,1622152,5431458
Nelson City,6/116/1.661,200,N, ,RICHARDSON ST,201443301,11/09/2014,Thu,1420,FD,CN1V,181A 330A ,,R,D,O ,F , ,N,C,50,0,0,0,,,1622096,5431390
Nelson City,6/116/2.021,160,S, ,RICHARDSON ST,201435549,16/04/2014,Wed,1618,GD,VN1C,181A 331A 930 ,,R,D,TF,F ,D, ,C,50,0,0,0,,,1621866,5431118
Nelson City,6/116/2.273,600,N, ,DAYS TRACK,201410781,01/04/2014,Tue,910,AD,TN1P,150A 386A ,,E,D,B ,F , ,N,C,50,0,0,1,,,1621706,5430924
Nelson City,6/116/2.371,450,S, ,RICHARDSON ST,201411045,16/01/2014,Thu,1600,DB,MS1,130A 501A ,F,E,D,B ,F , , ,C,50,0,1,0,,,1621678,5430899
Nelson City,6/116/3.696,60,S, ,MURITAI ST,201411770,28/02/2014,Fri,1450,FD,4N14CC,197A 181B 181C ,,R,D,B ,F , , ,C,50,0,0,1,,,1620845,5429843
Nelson City,6/116/4.196,5,N, ,TOSSWILL ROAD,201417556,19/11/2014,Wed,850,FD,CS1CC,181A 181C ,,R,W,OF,L ,T,N,C,50,0,2,0,,,1620729,5429420
Nelson City,6/116/4.845,, ,I,PARKERS ROAD,201435921,30/03/2014,Sun,1300,JC,CE2C,302A 375A ,,R,D,BF,F ,T,G,R,50,0,0,0,,,1620611,5428781
Nelson City,6/116/5.077,50,N, ,BLACKWOOD ST,201430822,04/01/2014,Sat,1945,CB,4N1V,129A 359A ,M,R,W,OF,L , ,N,C,50,0,0,0,,,1620559,5428494
Nelson City,6/116/5.148,40,N, ,BLACKWOOD ST,201446840,27/10/2014,Mon,1805,CB,CS1,112A 129A ,F,R,D,O ,F , ,N,C,50,0,0,0,,,1620557,5428484
Nelson City,6/116/5.485,, ,I,WHAKATU DRIVE,201439337,03/07/2014,Thu,1535,HA,CS1C,302A 404A ,,M,D,BF,F ,R,G,C,50,0,0,0,,,1620452,5428104
Nelson City,6/116/5.485,, ,I,WHAKATU DRIVE,201443074,30/08/2014,Sat,1600,GF,4S1C,372A ,,E,D,B ,F ,R,G,R,50,0,0,0,,,1620452,5428104
Nelson City,6/116/5.485,, ,I,WHAKATU DRIVE,201440315,13/07/2014,Sun,1500,LB,CS1C,302A ,,M,D,B ,F ,R,G,R,50,0,0,0,,,1620452,5428104
Nelson City,6/116/5.537,, ,I,ANNESBROOK DRIVE,201439906,05/06/2014,Thu,1505,LB,CS1C,302A ,,M,D,OF,F ,R,G,R,50,0,0,0,,,1620414,5428082
Nelson City,6/116/5.537,, ,I,ANNESBROOK DRIVE,201446423,22/09/2014,Mon,1405,AC,CW1C,372A ,,R,D,BF,F ,R,G,R,50,0,0,0,,,1620427,5428104
Nelson City,6/116/5.537,, ,I,ANNESBROOK DRIVE,201446847,12/04/2014,Sat,2003,DA,CE1,111A ,KT,E,D,B ,F ,R,G,C,50,0,0,0,,,1620427,5428104
Nelson City,6/116/5.537,, ,I,ANNESBROOK DRIVE,201447634,24/11/2014,Mon,2000,FB,4E1C,181A ,,E,D,DO,F ,R,G,C,50,0,0,0,,,1620409,5428081
Nelson City,6/116/5.537,, ,I,ANNESBROOK DRIVE,201434179,08/04/2014,Tue,2024,DA,CW1,131A 402A 801 ,FK,M,W,DO,L ,R,G,N,50,0,0,0,,,1620427,5428104
Nelson City,WHAKATU DRIVE,, ,I,ANNESBROOK DRIVE,201432322,05/02/2014,Wed,1520,AA,CN1C,372A ,,E,D,B ,F ,R,G,R,50,0,0,0,,,1620461,5428070
Nelson City,6/116/5.597,, ,I,ANNESBROOK DRIVE,201446071,28/09/2014,Sun,1640,HA,CS2C,302A 404A ,,M,D,B ,F ,R,G,C,50,0,0,0,,,1620452,5428060
Nelson City,6/116/5.84,25,N, ,QUARANTINE ROAD,201434815,08/04/2014,Tue,925,DB,CN1,111A 133A ,K,E,W,OF,L , ,N,R,70,0,0,0,,,1620142,5427954
Nelson City,6/116/5.897,, ,I,QUARANTINE ROAD,201435658,05/05/2014,Mon,1025,HA,4S2C,302A 370A 901 ,,M,W,O ,H ,R,G,C,70,0,0,0,,,1620094,5427937
Nelson City,WHAKATU DRIVE,, ,I,QUARANTINE ROAD,201432477,01/03/2014,Sat,1230,DA,VS2,111A 131A 423A ,T,E,D,BF,F ,R,G,R,70,0,0,0,,,1620106,5427946
Nelson City,6/116/6.015,, ,I,QUARANTINE ROAD,201431946,16/03/2014,Sun,910,DA,CN1,137A 407A ,KX,E,W,OF,L ,R,G,R,70,0,0,0,,,1620120,5427923
Nelson City,6/116/6.015,, ,I,QUARANTINE ROAD,201432821,12/03/2014,Wed,1215,DA,CN1,131A 801 ,K,M,W,O ,M ,R,G,C,50,0,0,0,,,1620120,5427923
Nelson City,6/116/6.169,170,E, ,NAYLAND ROAD OBR,201446404,25/09/2014,Thu,1625,DA,CW1,129A 358A ,G,E,D,BF,F , ,N,C,80,0,0,0,,,1619920,5427750
Nelson City,6/116/6.486,150,W, ,NAYLAND ROAD OBR,201442642,29/08/2014,Fri,1554,FD,CE1C,181A ,,R,D,BF,F , ,N,C,100,0,0,0,,,1619619,5427672
Nelson City,6/116/7.339,, ,A,JENKINS CRK,201413656,09/06/2014,Mon,1554,CB,CN1,506A 512A ,GXZ,R,D,B ,F , , ,C,100,0,0,1,,,1618817,5427568
Nelson City,6/116/7.536,1200,W, ,NAYLAND ROAD OBR,201432660,07/03/2014,Fri,1410,DB,CN1,130A 500A ,C,E,D,B ,F , ,N,C,100,0,0,0,,,1618704,5427407
Nelson City,6/116/7.919,2000,W, ,QUARANTINE ROAD,201447782,08/11/2014,Sat,250,CA,4N1,130A 402A 412A ,G,R,D,DO,F , , ,C,100,0,0,0,,,1618505,5427081
Nelson City,6/116/9.049,1200,S, ,SONGER ST OBR,201414170,20/06/2014,Fri,1705,CB,CS1,136A 621A ,G,R,D,DN,F , ,N,R,100,0,0,1,,,1617839,5426168
Nelson City,6/116/9.753,, ,I,SAXTON ON SBD,201440307,14/07/2014,Mon,1800,QG,4N1,131A 631A 680A ,E,E,D,DN,F ,T,N,C,100,0,0,0,,,1617665,5425519
Nelson City,6/116/9.899,50,S, ,SAXTON ON SBD,201433515,18/03/2014,Tue,1735,FD,CS1C,181A ,,R,D,OF,F , ,N,R,100,0,0,0,,,1617671,5425469
Nelson City,6/116/9.949,100,S, ,SAXTON ON SBD,201433299,23/03/2014,Sun,510,DA,CS1,410A ,G,E,D,DO,F , ,N,C,100,0,0,0,,,1617676,5425419
Nelson City,6/116/10.853,150,N, ,RICHMOND LINK ON NBD,201450805,17/12/2014,Wed,1941,CC,CN1,133A ,G,R,W,OF,L , ,N,R,100,0,0,0,,,1617140,5424615
Nelson City,6/116/10.875,100,N, ,SH 6 WHAKATU DRIVE SLIP,201417282,09/10/2014,Thu,2018,FA,CN1V,112A 331A ,,R,D,DN,F , , ,C,100,0,0,1,,,1617124,5424600
Nelson City,WHAKATU DRIVE,, ,I,6/116/11.173,201445922,15/10/2014,Wed,850,KB,SW1C,302A ,,E,D,B ,F ,R,G,R,50,0,0,0,,,1617000,5424446
Nelson City,RICHMOND LINK OFF NBD,, ,I,ROUNDABOUT,201430103,08/01/2014,Wed,1130,KA,CN1M,302B 372B 402B ,,M,D,B ,F ,R,G,C,100,0,0,0,,,1616974,5424440
New Plymouth District,ARIKI ST,30,E, ,BROUGHAM ST,201438228,07/06/2014,Sat,1353,MC,CW1C,372B ,,R,D,OF,F , ,N,C,50,0,0,0,,,1692826,5676333
New Plymouth District,AWANUI ST,50,N, ,SPENCER PLACE,201441198,12/07/2014,Sat,930,GC,VS1C,387A 174B 372B 929 ,,E,W,OF,H ,D,N,C,50,0,0,0,,,1695008,5675909
New Plymouth District,AWANUI ST,, ,I,TE MARA PLACE,201432256,15/02/2014,Sat,2045,DB,CS1,501A ,FKP,E,D,DO,F ,T,G,C,50,0,0,0,,,1694910,5675715
New Plymouth District,BARRETT ROAD,, ,I,TIVERTON CRESCENT N,201448680,01/12/2014,Mon,1025,HA,MS1C,302B 375B 901 ,,R,W,O ,H ,X,G,C,50,0,0,0,,,1689527,5673860
New Plymouth District,BARRETT ROAD,100,S, ,TIVERTON CRESCENT S,201439983,19/06/2014,Thu,1000,JA,VS14,308B 927 ,C,R,D,OF,F ,D,N,C,50,0,0,0,,,1689495,5673407
New Plymouth District,BATTISCOMBE TERRACE,, ,I,WEST BEACH,201431543,12/01/2014,Sun,1225,DB,CE1,111A 131A 402A ,F,R,D,B ,F ,T,G,C,50,0,0,0,,,1706196,5683502
New Plymouth District,BAYLY ROAD,, ,A,RAIL XING,201431780,05/02/2014,Wed,1420,FO,CS1C,112A 331A 370A ,,R,D,B ,F , , ,C,50,0,0,0,,,1690125,5675803
New Plymouth District,BEDFORD ROAD NORTH N,1170,S, ,DUDLEY ROAD UPPER,201412008,21/03/2014,Fri,1800,CB,CS1,330A 407A ,,R,D,TN,F , ,N,N,100,0,0,1,,,1702536,5660226
New Plymouth District,BEDFORD ROAD NORTH S,610,N, ,DUDLEY ROAD UPPER,201417980,25/12/2014,Thu,2330,CA,CS1,112A 130A ,B,R,D,DN,F , , ,C,100,0,0,3,,,1701918,5661837
New Plymouth District,BELL BLOCK COURT,, ,I,HENWOOD ROAD,201444509,12/09/2014,Fri,2003,HA,CW1C,302A ,,M,W,DO,L ,R,G,R,50,0,0,0,,,1698842,5678634
New Plymouth District,BLAGDON ROAD,80,N, ,ENDEAVOUR ST,201415929,16/09/2014,Tue,2059,DB,CS1,103A 111A 131A 801 ,G,M,W,DN,L , , ,C,50,0,0,1,,,1690184,5674790
New Plymouth District,BLAGDON ROAD,50,S, ,HAVELOCK PLACE,201446290,24/10/2014,Fri,205,DB,CS1,103A 131A ,H,E,W,DO,F , ,N,C,50,0,0,0,,,1690195,5675034
New Plymouth District,BLAGDON ROAD,100,S, ,HAVELOCK PLACE,201411961,26/03/2014,Wed,1700,DB,CN1,103A 111A 131A ,C,S,D,BF,F , ,N,C,50,0,1,0,,,1690224,5674994
New Plymouth District,BONITHON AVENUE,240,S, ,ST AUBYN ST,201435134,28/02/2014,Fri,2203,MO,CN1C,371A 929 ,M,E,D,DO,F ,D,N,N,50,0,0,0,,,1691282,5675771
New Plymouth District,BRIXHAM PLACE,, ,I,RIVERSDALE DRIVE,201449259,21/12/2014,Sun,1236,DB,CN2,103A 131A 433A ,P,R,W,O ,L ,T,N,N,50,0,0,0,,,1695526,5676076
New Plymouth District,BROMLEY PLACE,50,S, ,WAIMEA ST,201430670,31/01/2014,Fri,2300,CB,CS1,101A 357A ,KT,R,D,DO,F , ,N,C,50,0,0,0,,,1691704,5673640
New Plymouth District,BROOKLANDS ROAD,90,S, ,BROOKLANDS PARK DRIVE,201416034,21/09/2014,Sun,2234,BE,CS14C,103A 112A ,M,R,W,DO,F , ,N,C,50,0,1,2,,,1693438,5675011
New Plymouth District,BROOKLANDS ROAD,50,N, ,CARRINGTON ST,201447620,21/11/2014,Fri,2331,CB,4N1C,101A ,P,R,D,DO,F , ,N,C,50,0,0,0,,,1693910,5673755
New Plymouth District,BROUGHAM ST,10,N, ,SH 45 POWDERHAM,201400102,06/05/2014,Tue,1647,PF,4S1EC,103A 112A 129A ,,R,W,O ,F ,X,T,C,50,1,0,0,41,,1692866,5676139
New Plymouth District,BULTEEL ST,15,E, ,DAWSON ST,201432722,22/02/2014,Sat,2333,MO,CW1,103A 130A 402A ,H,R,D,DO,F , , ,C,50,0,0,0,,,1692588,5675702
New Plymouth District,CARRINGTON ROAD,1500,S, ,HURWORTH ROAD,201445678,07/10/2014,Tue,1944,CB,CS1,410A ,F,R,D,DN,F , , ,C,100,0,0,0,,,1691792,5666582
New Plymouth District,CARRINGTON ROAD,1500,N, ,UPPER PITONE ROAD,201434905,14/02/2014,Fri,1159,BD,4E1C,818,,S,W,ON,L , ,N,N,100,0,0,0,,,1684516,5660037
New Plymouth District,CARRINGTON ST,80,E, ,BROADMORE ST,201444679,24/09/2014,Wed,1915,EA,4S1C,129A 630A ,M,E,D,DO,F , ,N,C,50,0,0,0,,,1693595,5673826
New Plymouth District,CARRINGTON ST,, ,I,HUATOKI ST S,201432719,19/02/2014,Wed,1811,LB,CN1C,303B 350B 402B ,,R,D,B ,F ,T,G,C,50,0,0,0,,,1693987,5673087
New Plymouth District,CARRINGTON ST,70,S, ,MILL ROAD,201444678,02/10/2014,Thu,1015,GD,CN1C,181A 387A 929 ,,R,W,O ,F ,D,N,C,50,0,0,0,,,1693076,5674890
New Plymouth District,CARRINGTON ST,70,N, ,PENDARVES ST,201444514,22/09/2014,Mon,1327,DB,TS1CC,131A ,FMS,E,D,B ,F , , ,C,50,0,0,0,,,1693078,5675961
New Plymouth District,CARRINGTON ST,160,S, ,PENDARVES ST,201445674,07/10/2014,Tue,1930,BF,CS1C,103A 131A ,,E,D,DO,F , , ,C,50,0,0,0,,,1693087,5675745
New Plymouth District,CENTENNIAL DRIVE,160,E, ,PORT VIEW CRESCENT,201414045,11/07/2014,Fri,1010,GD,CE1C,181A 387A 927 ,,E,W,O ,L ,D,N,C,50,0,0,1,,,1689216,5675978
New Plymouth District,CENTENNIAL DRIVE,20,S, ,RANGITAKE DRIVE,201417984,20/12/2014,Sat,712,DB,CS1,108A 111A 402A 433A ,ES,M,D,B ,F , , ,C,50,0,0,2,,,1688242,5675154
New Plymouth District,CLARKE ROAD,300,S, ,EVERETT ROAD,201440121,29/06/2014,Sun,200,DA,CS1,101A 111A ,F,M,D,DN,F , ,N,N,100,0,0,0,,,1709664,5673653
New Plymouth District,CLAWTON ST,, ,I,PEMBROKE ST,201443286,28/08/2014,Thu,1525,QG,TN2C,682A ,M,R,D,B ,F ,T,G,C,50,0,0,0,,,1692229,5674648
New Plymouth District,CORBETT ROAD,, ,I,DE HAVILLAND DRIVE,201416769,21/10/2014,Tue,1150,HA,SN1V,302B ,,R,D,B ,F ,X,G,C,70,0,0,1,,46,1700709,5678235
New Plymouth District,COURTENAY ST,100,W, ,WATSON ST,201435939,11/04/2014,Fri,1550,FD,CE1C,181A ,,R,D,OF,F , ,N,C,50,0,0,0,,,1694232,5676639
New Plymouth District,COWLING ROAD,360,N, ,RATAPIHIPIHI ROAD,201447590,15/11/2014,Sat,2230,DA,CS1,111A 131A ,F,E,D,DN,F , , ,N,50,0,0,0,,,1690673,5671602
New Plymouth District,CURRIE ST,, ,I,DEVON ST EAST,201417867,01/12/2014,Mon,1750,HA,CE2P,302A 671A ,,R,D,B ,F ,X,G,C,50,0,1,0,,,1692944,5676267
New Plymouth District,CUTFIELD ROAD,, ,I,WALLACE PLACE,201418405,18/12/2014,Thu,1051,HA,CN1C,302B 375B 801 ,,R,W,O ,L ,X,G,C,50,0,0,2,,,1692015,5675170
New Plymouth District,DARNELL ST,, ,I,DEVON ST EAST,201441196,21/07/2014,Mon,858,JA,CN2C,301B 375B ,,R,W,BF,F ,T,S,C,50,0,0,0,,,1695464,5677117
New Plymouth District,DAVID ST,80,N, ,TUKAPA ST,201441911,09/08/2014,Sat,910,DA,4N1,130A 423A 929 ,X,R,D,B ,F ,D, ,C,50,0,0,0,,,1691556,5674555
New Plymouth District,DAVID ST,500,N, ,TUKAPA ST,201447619,22/11/2014,Sat,1347,MC,CN14,372B ,,R,W,OF,L , ,N,C,50,0,0,0,,,1691427,5674953
New Plymouth District,DE HAVILLAND DRIVE,150,E, ,DAKOTA PLACE,201417832,18/11/2014,Tue,550,GE,MN14,181A 333A 800 927 ,,E,W,B ,F ,D, ,C,70,0,0,1,,,1701270,5678521