TLANAME,CRASHROAD,CRASHDIST,CRASHDIRN,INTSN,SIDEROAD,CRASHID,CRASHDATE,CRASHDOW,CRASHTIME,MVMT,VEHICLES,CAUSES,OBJECTSSTRUCK,ROADCURVE,ROADWET,LIGHT,WTHRa,JUNCTYPE,TRAFCTRL,ROADMARK,SPDLIM,CRASHFATALCNT,CRASHSEVCNT,CRASHMINCNT,PERSAGE1,PERSAGE2,EASTING,NORTHING
New Plymouth District,DEVON ST EAST,20,E, ,CURRIE ST,201410798,01/04/2014,Tue,907,EE,SE1C,374B ,M,R,D,B ,F , ,N,C,50,0,0,1,,33,1692963,5676274
New Plymouth District,DEVON ST EAST,90,W, ,HOBSON ST,201417365,23/11/2014,Sun,5,CB,CW1,103A 112A 130A ,H,R,D,DO,F , , ,C,50,0,0,2,,,1693928,5676634
New Plymouth District,DEVON ST EAST,80,E, ,LIARDET ST,201434773,24/04/2014,Thu,1445,FF,CE1C,331A 358A ,,R,D,BF,F , ,N,C,50,0,0,0,,,1693178,5676353
New Plymouth District,DEVON ST EAST,, ,I,NORMANBY ST,201414548,10/07/2014,Thu,700,JA,SS1C,534A 600A 302B 375B ,,R,D,DO,F ,T,G,C,50,0,0,1,,25,1695591,5677031
New Plymouth District,DEVON ST EAST,100,N, ,SH 3,201411771,22/03/2014,Sat,1316,CA,CN14CC,501A ,,R,D,B ,F , , ,C,50,0,1,0,,,1695609,5677019
New Plymouth District,DEVON ST EAST,, ,I,WATSON ST,201441910,01/08/2014,Fri,1240,KB,CE1C,301B 375B 402B ,,R,D,B ,F ,T,S,P,50,0,0,0,,,1694291,5676770
New Plymouth District,DEVON ST WEST,50,E, ,DAWSON ST,201443288,12/08/2014,Tue,1538,EA,CW1C,191A 800 ,M,R,W,B ,F , , ,C,30,0,0,0,,,1692480,5676093
New Plymouth District,DEVON ST WEST,5,E, ,EGMONT ST,201414028,27/06/2014,Fri,1653,FA,CW1C,181A 423A 191B ,,R,D,TF,F ,T,N,C,30,0,0,2,,,1692739,5676190
New Plymouth District,DORSET ROAD,330,W, ,EGMONT ROAD,201447762,09/11/2014,Sun,1720,JA,CW1M,308B 403B 929 ,,R,D,B ,F ,D,N,C,100,0,0,0,,,1698682,5674281
New Plymouth District,EGMONT ROAD,1000,S, ,BISHOP ROAD,201417534,14/10/2014,Tue,723,DA,CN1,131A ,CF,E,W,ON,F , ,N,C,100,0,1,0,,,1697923,5675983
New Plymouth District,EGMONT ROAD,, ,I,BISHOP ROAD,201400030,13/02/2014,Thu,715,JA,TS1CM,302B 375B 197C 801 ,,R,W,O ,L ,T,G,L,100,1,0,0,,,1697598,5676914
New Plymouth District,EGMONT ROAD,750,N, ,EGMONT VISITOR CENTRE,201447897,25/10/2014,Sat,215,DB,CS1,131A ,C,S,D,DN,F , ,N,C,100,0,0,0,,,1694437,5653125
New Plymouth District,EGMONT ROAD,800,N, ,KAIPI ROAD,201416770,25/10/2014,Sat,1225,DA,MN1,111A 131A ,C,M,D,B ,F , , ,C,100,0,0,1,,,1699358,5667809
New Plymouth District,EGMONT ROAD,2170,S, ,SH 3,201430216,17/01/2014,Fri,2345,DA,CN1,103A 108A 131A ,FP,E,D,DN,F , , ,C,100,0,0,0,,,1698762,5664291
New Plymouth District,EGMONT ROAD,340,S, ,SH 3 JUNCTION ROAD,201439054,27/06/2014,Fri,1220,DA,CS1,131A ,C,M,W,ON,L , ,N,C,100,0,0,0,,,1698907,5666106
New Plymouth District,EGMONT ST,, ,I,KING ST,201450457,18/12/2014,Thu,1920,GD,CS1C,181A ,,R,D,OF,F ,T,S,C,50,0,0,0,,,1692708,5676257
New Plymouth District,FRANKLEY ROAD,1000,S, ,BARRETT ROAD,201446914,30/03/2014,Sun,5,DB,CN1,103A 111A 136A 632A ,CP,E,D,DN,F , ,N,C,100,0,0,0,,,1690629,5666258
New Plymouth District,FRANKLEY ROAD,, ,I,GOVETT AVENUE,201434944,27/03/2014,Thu,1730,KA,CW14,302A ,,E,D,BF,F ,T,G,P,50,0,0,0,,,1692341,5674068
New Plymouth District,FRANKLEY ROAD,, ,I,MARATAHU ST,201415940,08/09/2014,Mon,731,LB,SN1C,303B 375B ,,R,D,B ,F ,T,G,C,50,0,1,0,,20,1692641,5675198
New Plymouth District,FRANKLEY ROAD,1200,S, ,PARRS ROAD,201417831,27/11/2014,Thu,805,JA,TS1C,308B 378B 831 836 929 ,FT,E,D,O ,F ,D, ,C,100,0,0,1,,,1691226,5669747
New Plymouth District,FRANKLEY ROAD,450,S, ,PATTERSON ROAD,201433637,26/03/2014,Wed,1153,DA,CN1,131A 350A 402A ,F,M,D,B ,F , , ,C,100,0,0,0,,,1691589,5671625
New Plymouth District,FRENCH ST,, ,I,BIRDWOOD AVENUE,201449258,12/12/2014,Fri,225,EA,CS1C,101A 129A ,M,M,W,DO,L ,T,N,N,50,0,0,0,,,1691283,5676130
New Plymouth District,GOVER ST,, ,I,GILBERT ST,201416946,04/07/2014,Fri,1020,HA,VE2C,301A 375A ,,R,D,OF,F ,X,S,C,50,0,0,3,,,1693535,5675951
New Plymouth District,GOVER ST,, ,I,GILBERT ST,201442968,16/08/2014,Sat,1915,HA,CS1C,321B 335B 402B ,,R,D,DO,F ,X,S,C,50,0,0,0,,,1693535,5675951
New Plymouth District,GOVER ST,, ,I,GILBERT ST,201415431,17/07/2014,Thu,1358,HA,CE2C,112A 321A 431A ,F,R,D,B ,F ,X,S,C,50,0,0,6,,,1693535,5675951
New Plymouth District,GREY ST,, ,I,HIGH ST WEST,201414900,20/04/2014,Sun,1600,CA,SN1C,197A ,,R,D,BF,F ,X,G,C,50,0,0,1,,19,1706595,5682846
New Plymouth District,GREY ST,150,S, ,MCLEAN ST,201417200,06/11/2014,Thu,1145,NA,4S1E,194A 712B 727B ,,R,D,O ,F , , ,C,50,0,0,1,2,,1707041,5682113
New Plymouth District,GREY ST,30,N, ,WHITAKER ST,201414551,04/07/2014,Fri,1945,BA,VN1C,103A 125A 801 ,,R,W,DO,L , , ,C,50,0,0,3,,,1706807,5682496
New Plymouth District,HENWOOD ROAD,450,S, ,CONNETT ROAD WEST,201444002,19/08/2014,Tue,826,DA,CN1,131A 501A ,CS,E,D,ON,F , ,N,C,100,0,0,0,,,1698848,5677894
New Plymouth District,HENWOOD ROAD,, ,I,MANUTAHI ROAD,201438759,01/05/2014,Thu,1720,JA,CN1V,302B 375B ,,R,D,BF,F ,T,G,C,100,0,0,0,,,1699708,5675893
New Plymouth District,HIGH ST EAST,, ,I,HARRIS ST,201441272,30/07/2014,Wed,727,LB,CE1C,303B 375B 645B ,,R,W,B ,F ,X,G,N,50,0,0,0,,,1707431,5683357
New Plymouth District,HIGH ST WEST,15,E, ,BROADWAY,201433306,09/04/2014,Wed,1315,MO,CE1,133A 423A ,X,R,D,OF,F ,T,N,N,50,0,0,0,,,1706425,5682744
New Plymouth District,HIGH ST WEST,, ,I,GREY ST,201444532,29/09/2014,Mon,1650,GB,CE1C,158A ,,R,D,B ,F ,X,G,C,50,0,0,0,,,1706595,5682846
New Plymouth District,HOBSON ST,, ,I,DEVON ST EAST,201430217,15/01/2014,Wed,950,AA,CS1T,184A ,,R,D,B ,F ,X,T,C,50,0,0,0,,,1694012,5676666
New Plymouth District,HOBSON ST,, ,I,MOLESWORTH ST,201446415,21/09/2014,Sun,1725,KB,CN1C,302A 375A ,,E,D,BF,F ,X,G,C,50,0,0,0,,,1693941,5676857
New Plymouth District,HOLSWORTHY ROAD,50,W, ,NORMAN ST,201442086,30/07/2014,Wed,1454,EA,PE1C,129A 350A ,M,R,D,BF,F , ,N,C,50,0,0,0,,,1693120,5674980
New Plymouth District,HUATOKI ST,30,W, ,CARRINGTON ST N,201442970,22/08/2014,Fri,1225,EE,CE1V,129A 386A ,M,R,D,B ,F , , ,C,50,0,0,0,,,1693406,5673912
New Plymouth District,HUATOKI ST,30,W, ,CARRINGTON ST S,201413018,20/05/2014,Tue,1020,MC,CW1C,372B ,,E,D,BF,F , ,N,C,50,0,0,1,,,1693957,5673091
New Plymouth District,HUATOKI ST,50,E, ,HURSTHOUSE ST,201433635,07/03/2014,Fri,1745,EA,CE1C,103A 129A 130A ,M,R,D,B ,F , , ,C,50,0,0,0,,,1693349,5673891
New Plymouth District,HURFORD ROAD,480,S, ,PHENEY ROAD,201445716,22/09/2014,Mon,835,BF,CN1C,110A 134A ,,E,W,O ,F , ,N,C,100,0,0,0,,,1687493,5669706
New Plymouth District,INLAND NORTH ROAD,330,E, ,TIKORANGI ROAD EAST,201418172,21/11/2014,Fri,40,DA,CW1,103A 131A 402A ,CFP,M,D,DN,F , , ,N,100,0,0,1,,,1714930,5680046
New Plymouth District,KAIRAU ROAD EAST,380,W, ,WAITARA ROAD,201447949,27/09/2014,Sat,1038,DB,TE1,111A 131A 402A ,,E,D,O ,F , , ,C,100,0,0,0,,,1706230,5678574
New Plymouth District,KARAKA ST,, ,I,LISMORE ST,201442082,30/07/2014,Wed,1203,JA,CE1C,302B 375B ,,R,D,BF,F ,T,G,C,50,0,0,0,,,1695332,5675812
New Plymouth District,KATERE ROAD,550,W, ,EGMONT ROAD,201413338,24/05/2014,Sat,559,DB,CE1,111A 131A ,FP,E,D,DO,F , , ,C,70,0,0,1,,,1697034,5677159
New Plymouth District,KELLY ROAD,800,S, ,CROSS ROAD,201431778,13/02/2014,Thu,2000,DA,CN1,111A 131A 402A ,F,M,D,TN,F , , ,N,100,0,0,0,,,1707572,5674637
New Plymouth District,KOWHAI ST,20,N, ,KARAMU ST,201437495,26/05/2014,Mon,1246,LB,VN1C,303B 370B 929 ,,R,W,O ,F ,D,N,C,50,0,0,0,,,1694976,5676936
New Plymouth District,LEMON ST,, ,I,HOBSON ST,201449382,18/12/2014,Thu,840,JA,MW1C,302B 330B ,,R,W,O ,F ,X,G,C,50,0,0,0,,,1694119,5676383
New Plymouth District,LEPPER ROAD UPPER,670,E, ,EGMONT ROAD,201448837,28/11/2014,Fri,17,DA,CN1,102A 111A 131A ,FP,E,D,DN,F , , ,N,100,0,0,0,,,1699354,5661507
New Plymouth District,LIARDET ST,, ,I,DEVON ST EAST,201436785,24/05/2014,Sat,1522,FE,CS1V,103A 181A ,,R,W,O ,F ,X,T,C,50,0,0,0,,,1693103,5676325
New Plymouth District,LIARDET ST,, ,I,GILBERT ST,201445728,18/10/2014,Sat,2136,DA,CS1,101A 111A 131A ,C,E,D,B ,F ,X,G,C,50,0,0,0,,,1693282,5675854
New Plymouth District,MANADON ST,20,W, ,SH 45,201448679,20/11/2014,Thu,710,BB,CW1M,123A 330A 925 ,,R,D,O ,F ,D, ,C,50,0,0,0,,,1689420,5674289
New Plymouth District,MANGATI ROAD,30,N, ,GLASGOW ST,201415592,10/09/2014,Wed,1416,EA,CS1V,130A 330A 359A ,M,R,D,B ,F , , ,C,50,0,0,1,,,1699318,5680192
New Plymouth District,MANGATI ROAD,, ,I,WANAKA TERRACE,201416542,26/09/2014,Fri,2345,DC,CN1,112A 332A ,X,R,W,DO,L ,T,N,C,50,0,1,0,,,1699263,5680390
New Plymouth District,MANGOREI ROAD,340,N, ,BAKER ROAD,201413997,08/06/2014,Sun,2020,DB,CN1,111A 131A ,V,M,D,DN,F , ,N,C,100,0,0,1,,,1694177,5668758
New Plymouth District,MANGOREI ROAD,1480,N, ,BAKER ROAD,201444258,13/09/2014,Sat,408,MO,CS1CC,103A 512A 514A 691B 510C 691C ,Q,M,W,DN,F , , ,C,100,0,0,0,,,1694682,5669691
New Plymouth District,MANGOREI ROAD,3000,N, ,BAKER ROAD,201441921,08/08/2014,Fri,1929,DB,VS1,103A 111A 131A ,FP,E,D,DN,F , , ,C,100,0,0,0,,,1695052,5670944
New Plymouth District,MANGOREI ROAD,, ,I,CUMBERLAND ST,201447618,21/11/2014,Fri,1238,JC,CE2C,302A 375A ,,R,D,OF,F ,T,G,C,50,0,0,0,,,1695437,5675164
New Plymouth District,MANGOREI ROAD,, ,I,HAWEA ST,201449380,09/12/2014,Tue,906,GD,CN1C,331A 358A 801 ,,R,W,O ,L ,T,G,C,50,0,0,0,,,1695517,5674942
New Plymouth District,MANGOREI ROAD,, ,I,RIMU ST,201441273,03/08/2014,Sun,1216,LB,CS1C,303B 375B ,,R,D,B ,F ,T,G,C,50,0,0,0,,,1694887,5676288
New Plymouth District,MANGOREI ROAD,2150,S, ,SH 3 JUNCTION ROAD,201436190,11/05/2014,Sun,940,DA,CS1,131A 352A 818 ,F,E,D,B ,F , , ,N,100,0,0,0,,,1695219,5670384
New Plymouth District,MANUTAHI ROAD,400,W, ,RICHMOND ROAD,201447189,06/11/2014,Thu,1520,QG,OW1C,330A 682A ,D,R,D,O ,F , , ,C,100,0,0,0,,,1704342,5675776
New Plymouth District,MANUTAHI ROAD,140,W, ,SISSON TERRACE,201414866,22/07/2014,Tue,755,CB,VW1,135A 802 ,C,R,I,DN,F , ,N,C,100,0,0,1,,,1704291,5675747
New Plymouth District,MARAMA CRESCENT,20,N, ,TOHU PLACE,201434949,17/02/2014,Mon,1115,QD,CN1,428A ,F,E,D,BF,F , ,N,C,50,0,0,0,,,1688496,5675246
New Plymouth District,MARLIN TERRACE,130,N, ,ELLESMERE AVENUE,201414899,03/08/2014,Sun,1447,CC,CN1C4,412A ,M,R,D,BF,F , ,N,N,50,0,0,1,,,1698568,5679448
New Plymouth District,MCGIVEN DRIVE,300,N, ,RIDGEWOOD DRIVE,201441907,02/08/2014,Sat,1425,DA,CN1,101A 111A 131A 402A ,EFZ,E,W,O ,L , , ,N,50,0,0,0,,,1692725,5672411
New Plymouth District,MCLEAN ST,20,W, ,GREY ST,201436303,21/03/2014,Fri,1545,MC,CW1C,372B ,,R,D,BF,F , ,N,C,50,0,0,0,,,1706947,5682232
New Plymouth District,MOLESWORTH ST,100,W, ,HOBSON ST,201444513,23/09/2014,Tue,1357,LB,CW1C,303B 929 ,,R,D,O ,F ,D,N,C,50,0,0,0,,,1693847,5676822
New Plymouth District,MORLEY ST,100,N, ,BARRETT ST,201442966,01/08/2014,Fri,1615,CC,VN1,130A 504A 801 ,P,R,W,O ,L , , ,C,50,0,0,0,,,1692153,5675431
New Plymouth District,MOTUKAWA ROAD,3250,E, ,TARATA ROAD,201437689,08/05/2014,Thu,820,DA,BS1,131A 191A 420A 904 ,C,M,W,O ,M , , ,N,100,0,0,0,,,1719670,5662853
New Plymouth District,MOULD ST,100,S, ,NORMAN ST,201432231,29/01/2014,Wed,745,GE,CN1V,160A 929 ,,R,D,O ,F ,D, ,C,50,0,0,0,,,1705836,5682889
New Plymouth District,NEVADA DRIVE,200,N, ,CUMBERLAND ST,201413999,27/06/2014,Fri,1645,PE,CS1EC,370A 386A ,M,E,W,O ,F , ,N,C,50,0,0,1,79,,1695291,5675324
New Plymouth District,NGATIMARU ROAD,600,S, ,WILLS ROAD,201444259,09/09/2014,Tue,,EC,VS1,912,FTW,R,D,DN,F , , ,C,100,0,0,0,,,1709681,5680311
New Plymouth District,NUGENT ST,, ,I,MURRAY ST,201443621,02/09/2014,Tue,1735,KB,CN1C,302B 402B ,,R,D,O ,F ,T,G,C,50,0,0,0,,,1698852,5678736
New Plymouth District,OMATA ROAD,50,E, ,BRIERLEY PLACE,201444676,02/09/2014,Tue,200,CC,CW14,129A 354A ,,R,D,DO,F , ,N,C,50,0,0,0,,,1690866,5674086
New Plymouth District,OMATA ROAD,70,S, ,ENDEAVOUR ST,201416351,15/10/2014,Wed,1300,DA,CN1,111A 131A ,P,M,D,B ,F , ,N,C,50,0,0,1,,,1690330,5674232
New Plymouth District,OMATA ROAD,, ,I,SEAVIEW ROAD,201444257,29/08/2014,Fri,1935,DB,CN1CC,111A 131A ,MS,E,D,TF,F ,T,G,C,50,0,0,0,,,1690972,5674002
New Plymouth District,OTARAOA ROAD,750,N, ,SH 3,201415499,28/08/2014,Thu,1800,BB,CN1C,123B 129B 330B ,,M,D,TN,F , , ,N,80,0,0,1,,,1710067,5683715
New Plymouth District,OXFORD ROAD,, ,I,SAUNDERS ROAD,201434529,15/04/2014,Tue,1923,DB,4S1,111A 135A 801 ,V,M,W,DN,L ,T,G,C,100,0,0,0,,,1678049,5659068
New Plymouth District,OXFORD ROAD,, ,I,SAUNDERS ROAD,201445730,18/10/2014,Sat,1047,DB,CN1,135A 330A 806 ,,M,W,O ,L ,T,G,C,100,0,0,0,,,1678049,5659068
New Plymouth District,OXFORD ROAD,, ,I,SAUNDERS ROAD,201449277,26/12/2014,Fri,1120,DB,CN2C,111A 131A 197A 197B ,PX,M,W,O ,L ,T,G,C,100,0,0,0,,,1678049,5659068
New Plymouth District,PARAITE ROAD,300,S, ,CONNETT ROAD WEST,201418165,09/12/2014,Tue,1520,MD,SN1T,308B 370B 929 ,,R,D,O ,F ,D, ,C,50,0,0,1,,24,1699338,5678135
New Plymouth District,PARKLANDS AVENUE,, ,I,SMEATON ROAD,201416541,05/09/2014,Fri,649,LB,SE14,303B 375B ,,R,W,ON,L ,T,G,C,50,0,1,0,,62,1699138,5679276
New Plymouth District,PAYNTERS AVENUE,, ,I,NGAIO ST,201433450,25/02/2014,Tue,1530,JA,4N1B,302B 382B ,,R,D,BF,F ,T,G,C,50,0,0,0,,,1695196,5676889
New Plymouth District,PEMBROKE ST,100,S, ,KENMORE ST,201443390,27/06/2014,Fri,1918,DA,CS1,102A 108A 131A ,P,E,W,DO,F , ,N,C,50,0,0,0,,,1692346,5674383
New Plymouth District,PENDARVES ST,, ,I,CAMERON ST,201447587,11/11/2014,Tue,906,HA,CN2C,301A 375A 801 ,,R,W,O ,L ,X,S,C,50,0,0,0,,,1693688,5676115
New Plymouth District,PIONEER ROAD,, ,I,PARRIS ST,201447896,09/11/2014,Sun,30,CB,CN1,101A 130A ,CS,R,D,DO,F ,T,G,C,50,0,0,0,,,1689555,5675484
New Plymouth District,POPLAR GROVE,5,W, ,ALBA ST,201430215,23/01/2014,Thu,21,DA,CW1,103A 111A 131A 402A ,T,M,W,DO,L ,T,G,C,50,0,0,0,,,1690355,5673458
New Plymouth District,PRINCESS ST,20,S, ,BAYLY ST,201414552,06/07/2014,Sun,950,AC,VS1S,351A 370A ,,E,D,B ,F ,T,G,C,50,0,0,1,,63,1708093,5682669
New Plymouth District,QUEENS ROAD,230,S, ,HILLCREST ST,201447959,24/11/2014,Mon,130,QD,CS1V,428A ,M,E,D,DO,F , , ,N,50,0,0,0,,,1696010,5676166
New Plymouth District,RALEIGH ST,100,N, ,BORTHWICK ST,201430828,16/01/2014,Thu,22,CB,CS1,103A ,F,R,D,DN,F , ,N,C,70,0,0,0,,,1705829,5681878
New Plymouth District,ROBE ST,40,S, ,SH 45 VIVIAN ST,201448429,07/11/2014,Fri,1045,QD,CS1C,428A 929 ,HM,R,D,BF,F ,D,N,C,50,0,0,0,,,1692758,5675937
New Plymouth District,ROSENDALE AVENUE,10,S, ,BUCKLAND PLACE,201436784,25/05/2014,Sun,1020,MA,4,308B 371B 929 ,,E,D,O ,F ,D,N,C,50,0,0,0,,,1688969,5674865
New Plymouth District,SANDERS AVENUE,10,N, ,CLAWTON ST,201442967,22/08/2014,Fri,1016,FD,CS1C,181A 331A ,,R,D,B ,F ,T,G,C,50,0,0,0,,,1691991,5674568
New Plymouth District,SAUNDERS ROAD,, ,I,OXFORD ROAD,201437986,16/04/2014,Wed,1220,DB,CN1,131A 402A 810 ,,M,W,O ,F ,T,G,C,100,0,0,0,,,1678049,5659068
New Plymouth District,SAUNDERS ROAD,, ,I,OXFORD ROAD,201449379,10/12/2014,Wed,1736,DB,CN1,111A 131A 402A 904 ,V,S,W,O ,M ,T,G,C,100,0,0,0,,,1678049,5659068
New Plymouth District,SAUNDERS ROAD,, ,I,WIREMU ROAD,201449574,15/12/2014,Mon,1130,DB,TN2,111A 131A ,F,S,D,B ,F ,T,G,C,100,0,0,0,,,1679142,5656978
New Plymouth District,SMART ROAD,, ,I,DORSET ROAD,201431624,11/01/2014,Sat,2020,DC,CW1,335A 902 ,S,R,D,TN,F ,T,G,C,100,0,0,0,,,1696854,5674041
New Plymouth District,SMART ROAD,20,S, ,SH 3,201444512,04/09/2014,Thu,751,MO,VS1V,371A 922 ,,R,D,B ,F ,D,N,C,50,0,0,0,,,1696147,5677016
New Plymouth District,SMEATON ROAD,100,N, ,CAMELLIA AVENUE,201436184,05/05/2014,Mon,2200,MO,CN1C,130A 357A 514A 386B ,,R,D,DO,F , , ,C,50,0,0,0,,,1699008,5679528
New Plymouth District,TARAHUA ROAD,180,S, ,JUNCTION ST,201439414,12/06/2014,Thu,1325,MO,CS1C,371A 930 ,,R,D,B ,F ,D,N,C,50,0,0,0,,,1694138,5673843
New Plymouth District,TAVISTOCK ST,30,S, ,CLAWTON ST,201439937,05/06/2014,Thu,0,EC,CS1,129A ,X,R,D,DO,F , ,N,C,50,0,0,0,,,1691911,5674496
New Plymouth District,TUKAPA ST,10,S, ,DARTMOOR AVENUE,201441271,12/06/2014,Thu,830,MA,BS1C,373B 801 ,,R,W,O ,L ,T,G,C,50,0,0,0,,,1691823,5674715
New Plymouth District,TUKAPA ST,20,E, ,DAVID ST,201443590,14/08/2014,Thu,820,FD,CE1CC,331A 353A ,,R,D,BF,F , ,N,C,50,0,0,0,,,1691599,5674494
New Plymouth District,TUKAPA ST,15,N, ,JULIAN PLACE,201430829,08/01/2014,Wed,1030,CB,CS1C,501A ,MP,R,D,BF,F ,T,G,C,50,0,0,0,,,1691283,5673914
New Plymouth District,TUKAPA ST,, ,I,OMATA ROAD,201434948,10/01/2014,Fri,1910,DA,VS1,103A 131A ,I,M,D,BF,F ,R,G,R,50,0,0,0,,,1691064,5673772
New Plymouth District,TUKAPA ST,100,E, ,SANDERS AVENUE,201441296,23/07/2014,Wed,1430,MO,CS1C,372A 386A ,M,R,D,B ,F , , ,C,50,0,0,0,,,1691949,5674885
New Plymouth District,TUKAPA ST,20,N, ,SANDERS AVENUE,201415130,09/08/2014,Sat,1141,FD,VS1V,331A 358A 402A ,,R,D,B ,F , , ,C,50,0,0,1,,,1691914,5674813
New Plymouth District,TUKAPA ST,20,W, ,SANDERS AVENUE,201440840,07/08/2014,Thu,1000,MA,VW14,129A ,,R,D,O ,F ,R,G,R,50,0,0,0,,,1691891,5674781
New Plymouth District,TUKAPA ST,, ,I,SANDERS AVENUE,201443587,10/08/2014,Sun,920,JA,CW1C,302B 375B ,,R,D,BF,F ,R,G,C,50,0,0,0,,,1691905,5674795
New Plymouth District,TUKAPA ST,, ,I,SANDERS AVENUE,201415941,10/09/2014,Wed,729,HA,CN2S,302A 375A ,,R,D,O ,F ,R,G,R,50,0,0,1,,60,1691905,5674795
New Plymouth District,TUKAPA ST,60,N, ,WALLATH ROAD,201440128,10/06/2014,Tue,2345,DA,CN1C,101A 131A ,M,E,W,DO,L , ,N,C,50,0,0,0,,,1690941,5673628
New Plymouth District,UPJOHN ST,70,E, ,BIDEFORD ST,201441942,12/08/2014,Tue,835,MA,CW1C,363B 373B 902 ,,R,D,B ,F , , ,C,50,0,0,0,,,1694123,5674180
New Plymouth District,UPLAND ROAD,2600,N, ,SH 3,201400208,20/09/2014,Sat,1630,DA,CN1,104A 111A 433A ,P,S,D,O ,F , ,N,N,100,1,0,1,,,1700883,5668066
New Plymouth District,VICTORIA ROAD,390,S, ,CARRINGTON ST,201450148,27/12/2014,Sat,1430,EA,CS1VC,129A 330A 818 ,M,R,D,B ,F , , ,C,50,0,0,0,,,1693212,5675484
New Plymouth District,VICTORIA ROAD,280,N, ,SHORTLAND ST,201412755,11/02/2014,Tue,1400,MA,MN1V,373B ,,R,D,BF,F , ,N,C,50,0,0,1,,,1693180,5675546
New Plymouth District,WAIMEA ST,20,E, ,BROMLEY PLACE,201438227,02/06/2014,Mon,1700,GE,VW1C,331A 350A 929 ,,R,D,TF,F ,D,N,C,50,0,0,0,,,1691743,5673677
New Plymouth District,WALLATH ROAD,, ,I,MAGNOLIA DRIVE,201410116,14/01/2014,Tue,1127,LB,ME1C,303B ,,R,D,B ,F ,T,G,C,50,0,1,0,,,1690810,5673525
New Plymouth District,WATSON ST,, ,I,COURTENAY ST,201414148,16/06/2014,Mon,1740,HA,CW2C,302A 335A ,,R,W,DO,H ,X,G,C,50,0,0,1,,,1694326,5676674
New Plymouth District,WESLEY AVENUE,, ,I,GOVETT AVENUE,201443807,09/08/2014,Sat,1,DA,CS2,131A ,C,R,D,DO,F ,T,N,C,50,0,0,0,,,1692486,5672934
New Plymouth District,WEST QUAY,, ,A,PARRIS ST,201441697,05/08/2014,Tue,2000,DA,CS1,103A 111A 131A 402A ,C,M,D,DO,F , , ,C,50,0,0,0,,,1707388,5682265
New Plymouth District,WILLS ROAD,200,N, ,SH 3,201449260,18/12/2014,Thu,955,MO,TN1V,371A ,M,R,W,O ,F , , ,C,80,0,0,0,,,1700455,5679277
New Plymouth District,WRANTAGE ST,10,W, ,WILTON ST,201430830,03/01/2014,Fri,510,DA,CW1C,131A ,M,E,D,DO,F ,T,N,N,50,0,0,0,,,1691590,5674010
New Plymouth District,WYNYARD ST,, ,I,BELL BLOCK COURT,201430692,15/01/2014,Wed,5,DB,CE1,101A 131A ,F,R,D,DO,F ,T,N,C,50,0,0,0,,,1699159,5678599
New Plymouth District,Z CPK BP 71 POWDERHAM ST,20,E, ,ROBE ST,201436787,27/05/2014,Tue,1125,MO,4S14,371A 922 ,,R,D,O ,F ,D,N,N,50,0,0,0,,,1692718,5676071
New Plymouth District,3/158/2.272,350,N, ,MOHAKATINO ROAD,201432402,30/01/2014,Thu,1940,CC,CS1,138A 402A 817 ,,R,D,TN,  , , ,N,100,0,0,0,,,1740433,5711996
New Plymouth District,3/158/6.018,5300,N, ,PILOT ROAD,201450102,21/11/2014,Fri,1926,CB,CN1,130A 402A 407A ,T,R,D,B ,F , , ,C,100,0,0,0,,,1739355,5708437
New Plymouth District,3/158/9.718,1600,N, ,PILOT ROAD,201450199,12/12/2014,Fri,1920,CA,CS1,112A 138A 817 ,C,R,D,O ,F , , ,N,100,0,0,0,,,1738586,5704839
New Plymouth District,3/158/10.118,1200,N, ,PILOT ROAD,201437063,25/05/2014,Sun,1820,DB,CS1,652A ,V,E,W,DN,F , , ,L,100,0,0,0,,,1738400,5704485
New Plymouth District,3/171/0.211,, ,I,CLIFTON ROAD,201449264,24/12/2014,Wed,1450,FD,4S14C,181A 181B ,,R,D,B ,F ,T,S,L,100,0,0,0,,,1738721,5702017
New Plymouth District,3/171/0.211,, ,I,CLIFTON ROAD,201400097,01/05/2014,Thu,1410,NB,CS1EE,194A 711B 711C ,,R,D,BF,F ,T,S,C,100,2,0,0,79,,1738721,5702017
New Plymouth District,3/171/3.311,3100,S, ,CLIFTON ROAD,201443692,13/09/2014,Sat,455,DB,VS1,131A 801 ,,S,W,DN,L , , ,C,100,0,0,0,,,1738762,5699350