TLANAME,CRASHROAD,CRASHDIST,CRASHDIRN,INTSN,SIDEROAD,CRASHID,CRASHDATE,CRASHDOW,CRASHTIME,MVMT,VEHICLES,CAUSES,OBJECTSSTRUCK,ROADCURVE,ROADWET,LIGHT,WTHRa,JUNCTYPE,TRAFCTRL,ROADMARK,SPDLIM,CRASHFATALCNT,CRASHSEVCNT,CRASHMINCNT,PERSAGE1,PERSAGE2,EASTING,NORTHING
New Plymouth District,3/171/3.518,3220,S, ,HILLS ROAD,201450155,30/12/2014,Tue,2324,DB,VS1,111A 131A ,G,S,D,DN,F , , ,C,100,0,0,0,,,1738898,5699216
New Plymouth District,3/176/3.617,1900,S, ,MANGAONGA ROAD,201412624,22/03/2014,Sat,1445,DB,TN1,131A 613A ,,S,D,BN,F , ,N,C,100,0,1,1,,,1738269,5695516
New Plymouth District,3/176/4.817,3100,S, ,MANGAONGA ROAD,201412383,16/03/2014,Sun,1435,DA,4S1,131A 801 ,F,M,W,O ,L , , ,C,100,0,0,1,,,1738464,5694522
New Plymouth District,3/176/4.84,3530,S, ,OKAU ROAD,201450079,19/12/2014,Fri,358,DB,CN1,131A 901 ,F,M,W,DN,H , , ,C,100,0,0,0,,,1738463,5694499
New Plymouth District,3/176/5.026,600,N, ,MT MESSENGER TNL,201416205,18/09/2014,Thu,1822,DB,CS1,111A 131A 410A 901 ,,M,W,DN,H , , ,C,100,0,2,0,,,1738417,5694321
New Plymouth District,3/176/5.406,220,N, ,MT MESSENGER TNL,201449381,22/11/2014,Sat,1610,AA,CS1M,129A 150A 330A 801 ,,S,W,O ,L , , ,C,100,0,0,0,,,1738471,5693951
New Plymouth District,3/176/5.707,2000,N, ,MANGAMAIO ROAD,201416691,27/10/2014,Mon,1150,AD,CE1,110A 131A 151A 901 ,C,M,W,O ,H , , ,C,100,0,0,2,,,1738659,5693873
New Plymouth District,3/176/7.467,5750,S, ,MANGAONGA ROAD,201411963,16/03/2014,Sun,1610,DB,CS1,111A 131A 181A 197A ,T,E,W,ON,L , ,N,C,100,0,0,1,,,1738169,5692990
New Plymouth District,3/176/8.009,7700,N, ,MANGAHIA ROAD,201412632,16/03/2014,Sun,1550,DB,CS1,111A 131A ,CS,E,W,OF,L , ,N,C,100,0,0,2,,,1737747,5692816
New Plymouth District,3/176/10.709,5000,N, ,MANGAHIA ROAD,201418317,19/11/2014,Wed,955,BF,MN1T,111A 131A ,,M,D,BN,F , ,N,C,100,0,1,0,,,1735733,5693153
New Plymouth District,3/176/12.509,3200,N, ,MANGAHIA ROAD,201442402,11/08/2014,Mon,2105,EC,CN1,912,W,R,W,DN,L , ,N,C,100,0,0,0,,,1734725,5691858
New Plymouth District,3/176/12.879,2830,N, ,MANGAHIA ROAD,201441909,30/07/2014,Wed,955,CB,TS1,134A 407A ,,R,W,O ,F , , ,C,100,0,0,0,,,1734648,5691500
New Plymouth District,3/176/13.609,2100,N, ,MANGAHIA ROAD,201413998,18/06/2014,Wed,1800,EC,VS1,912,W,E,W,DN,F , ,N,C,100,0,0,1,,,1734208,5690918
New Plymouth District,3/176/13.609,2100,N, ,MANGAHIA ROAD,201439357,18/06/2014,Wed,1800,EC,TN1,912,W,E,W,DN,F , ,N,C,100,0,0,0,,,1734208,5690918
New Plymouth District,3/189/0.039,2000,N, ,MANGAHIA ROAD,201431462,17/02/2014,Mon,2345,EC,TN1,912,W,R,D,DN,F , ,N,C,100,0,0,0,,,1734152,5690835
New Plymouth District,3/189/0.142,3000,N, ,URUTI ROAD,201431742,10/01/2014,Fri,2328,EC,CN1,912,W,R,D,DN,F , ,N,C,100,0,0,0,,,1734095,5690751
New Plymouth District,3/189/0.677,3170,N, ,GILBERT ROAD,201447183,27/10/2014,Mon,2000,DB,CS1,131A 133A 801 ,,M,W,DN,L , , ,C,100,0,0,0,,,1733779,5690318
New Plymouth District,3/189/6.942,3800,S, ,URUTI ROAD,201410575,09/02/2014,Sun,2225,DB,CW1,111A 131A ,C,M,D,DN,F , ,N,N,100,0,0,2,,,1730147,5686022
New Plymouth District,3/189/9.453,1150,E, ,MIMI ROAD,201418418,18/11/2014,Tue,730,DA,TW1,111A 131A 903 ,S,M,D,O ,FS, , ,C,100,0,1,0,,,1728600,5686834
New Plymouth District,3/203/1.521,690,E, ,OKOKI ROAD,201417981,27/12/2014,Sat,29,BF,CW1T,410A ,,E,D,DN,F , , ,C,100,0,1,3,,,1724654,5684230
New Plymouth District,3/203/4.412,200,N, ,BEACH ROAD,201433721,22/03/2014,Sat,2011,FA,VS1V,129A ,,R,D,DN,F , , ,C,100,0,0,0,,,1721894,5683546
New Plymouth District,3/203/5.961,260,E, ,NGAPAPA ST,201417201,18/10/2014,Sat,445,DB,CE1,103A 131A 901 ,C,M,W,DN,H , , ,C,100,0,0,1,,,1720749,5682547
New Plymouth District,3/203/6.021,200,E, ,NGAPAPA ST,201441695,02/08/2014,Sat,2350,DB,VE1,131A 901 ,EF,M,W,DN,H , , ,L,100,0,0,0,,,1720690,5682540
New Plymouth District,3/203/6.426,, ,I,WHAKAPAKI ST,201415696,25/09/2014,Thu,644,HA,4W1C,302B 363B 375B 902 ,,R,D,B ,F ,X,G,C,50,0,0,1,,,1720287,5682563
New Plymouth District,3/203/8.958,200,N, ,ONAERO RIVER ROAD,201414499,06/06/2014,Fri,2200,DA,CS1,103A 131A ,C,M,D,DN,F , ,N,C,100,0,0,3,,,1718143,5682772
New Plymouth District,3/203/14.163,900,E, ,EPIHA ROAD,201434126,10/04/2014,Thu,2245,DB,4W1,101A 111A 131A ,V,E,W,DN,F , , ,C,100,0,0,0,,,1713093,5682966
New Plymouth District,3/218/0,, ,I,EPIHA ROAD,201444003,16/08/2014,Sat,1441,EC,CW1,912,W,R,D,BN,F ,X,S,C,100,0,0,0,,,1712208,5682953
New Plymouth District,3/218/3.054,, ,I,BAYLY ST,201432297,03/01/2014,Fri,1710,CB,4W1,197A ,P,R,W,O ,L ,T,G,C,100,0,0,0,,,1709167,5682942
New Plymouth District,NELSON ST,, ,I,3/218/6.115,201411038,02/03/2014,Sun,1730,DB,CN2,131A 353A ,P,M,D,TF,F ,T,N,R,100,0,0,1,,,1706637,5681330
New Plymouth District,3/218/7.482,, ,I,RALEIGH ST,201416153,19/09/2014,Fri,1650,JA,CE1C,104A 301B 375B 402B 801 ,,R,W,O ,L ,T,S,C,100,0,1,2,,,1705395,5680782
New Plymouth District,3/218/7.482,, ,I,RALEIGH ST,201431655,19/01/2014,Sun,1550,JA,CE1C,301B ,,R,D,B ,F ,T,S,R,100,0,0,0,,,1705395,5680782
New Plymouth District,3/218/8.233,, ,I,RICHMOND ROAD,201431639,10/01/2014,Fri,1550,JA,CW1C,301B ,,E,D,O ,F ,T,S,R,100,0,0,0,,,1704659,5680646
New Plymouth District,3/218/8.56,1000,E, ,SH 3A,201438757,03/03/2014,Mon,1137,QG,4W1,130A 687A ,ES,R,W,ON,F , ,N,C,100,0,0,0,,,1704352,5680534
New Plymouth District,3/218/9.004,220,E, ,MAHOETAHI ROAD,201445063,11/09/2014,Thu,1035,QG,VW1,682A 688A ,,E,D,B ,F , ,N,C,100,0,0,0,,,1703932,5680389
New Plymouth District,3/218/9.42,140,E, ,SH 3A MOUNTAIN ROAD,201434766,09/04/2014,Wed,,EA,CE1O,129A ,M,R, , F,L , ,N,L,80,0,0,0,,,1703547,5680233
New Plymouth District,3/218/9.56,, ,I,MOUNTAIN ROAD,201430824,11/01/2014,Sat,1435,JA,CW1C,302B 375B ,,R,D,BF,F ,T,G,C,80,0,0,0,,,1703417,5680183
New Plymouth District,3/229/1.1,1100,W, ,MOUNTAIN ROAD,201400020,02/02/2014,Sun,500,PA,CW1E,103A 108A 129A 341A ,,R,D,DN,F , , ,C,100,1,0,0,19,,1702387,5679796
New Plymouth District,3/229/1.946,, ,I,DE HAVILLAND DRIVE,201412583,09/04/2014,Wed,1530,JA,MW1C,400A 302B 370B 402B 801 ,,R,W,O ,L ,T,G,C,80,0,0,1,,,1701593,5679503
New Plymouth District,3/229/3.153,, ,I,WILLS ROAD,201439984,17/06/2014,Tue,715,JA,CE1C,302B 382B ,,R,W,ON,L ,T,G,L,100,0,0,0,,,1700462,5679082
New Plymouth District,3/229/3.22,, ,I,CORBETT ROAD,201446201,22/09/2014,Mon,635,KB,CE14,301B 377B ,,R,W,OF,M ,T,S,C,80,0,0,0,,,1700399,5679059
New Plymouth District,3/229/3.22,, ,I,CORBETT ROAD,201414663,25/07/2014,Fri,806,LB,VW1CV,303B 382B ,P,R,D,B ,F ,T,S,C,80,0,1,1,,,1700399,5679059
New Plymouth District,3/229/3.26,40,W, ,CORBETT ROAD,201416352,23/09/2014,Tue,1500,FA,CW1C,103A 181A ,,R,D,B ,F , ,N,L,80,0,0,3,,,1700362,5679045
New Plymouth District,3/229/3.68,150,E, ,MANGATI ROAD,201440719,26/07/2014,Sat,1045,MA,CE14,373B ,,R,D,B ,F , , ,C,80,0,0,0,,,1699968,5678898
New Plymouth District,MANGATI ROAD,, ,I,3/229/3.83,201445833,13/10/2014,Mon,1721,FB,CS1C,181A 331A ,,R,D,B ,F ,T,S,C,80,0,0,0,,,1699827,5678846
New Plymouth District,3/229/3.83,, ,I,MANGATI ROAD,201448681,28/11/2014,Fri,1806,BA,TE1C,129A 197A 205A ,,R,D,O ,F ,T,S,C,80,0,0,0,,,1699827,5678846
New Plymouth District,3/229/5.118,, ,I,HENWOOD ON WBD,201433453,12/02/2014,Wed,1350,AA,CW14,184A 372A ,,R,D,BF,F ,Y,N,R,100,0,0,0,,,1698647,5678335
New Plymouth District,EGMONT ROAD,, ,I,3/229/6.522,201447904,21/10/2014,Tue,756,DB,CN1,133A ,P,M,W,O ,F ,T,S,R,80,0,0,0,,,1697321,5677878
New Plymouth District,3/229/7.122,600,W, ,EGMONT ROAD N,201449383,12/12/2014,Fri,1635,FA,VS1V,102A 181A 331A ,,E,D,B ,F , , ,R,80,0,0,0,,,1696765,5677656
New Plymouth District,3/229/7.232,180,N, ,VICKERS ROAD,201441912,17/05/2014,Sat,1240,CA,CS1C,129A 130A 501A ,G,R,D,B ,F , , ,R,80,0,0,0,,,1696691,5677575
New Plymouth District,3/229/7.242,170,N, ,VICKERS ROAD,201447946,23/09/2014,Tue,1610,DB,CS1,103A 111A 131A ,G,E,D,O ,F , , ,C,70,0,0,0,,,1696685,5677567
New Plymouth District,3/229/7.648,, ,I,KATERE ROAD,201447588,14/11/2014,Fri,1212,JA,CW1C,302B 382B ,,R,D,B ,F ,T,G,R,70,0,0,0,,,1696439,5677251
New Plymouth District,3/229/7.927,90,E, ,SMART ROAD,201448430,09/11/2014,Sun,1608,FD,CW1CC,181A ,,R,D,BF,F , ,N,C,70,0,0,0,,,1696213,5677088
New Plymouth District,3/229/8.012,5,E, ,SMART ROAD,201412453,09/04/2014,Wed,1512,FE,VW14,331A ,,R,W,O ,F ,X,T,R,50,0,0,3,,,1696144,5677037
New Plymouth District,3/229/8.022,5,W, ,SMART ROAD,201412447,17/04/2014,Thu,630,FE,CE1C,331A 358A 901 903 ,,R,W,O ,HS,X,T,R,50,0,0,1,,,1696136,5677032
New Plymouth District,3/229/8.267,80,E, ,QUEENS ROAD,201447960,06/11/2014,Thu,1620,AC,VW1C,372A ,,E,D,B ,F , , ,P,50,0,0,0,,,1695920,5676923
New Plymouth District,3/229/8.446,30,W, ,WAIWHAKAIHO BR,201444260,16/09/2014,Tue,1925,FD,CE1V,103A 108A 357A 191B 357B ,,R,W,DO,F , , ,L,50,0,0,0,,,1695744,5676951
New Plymouth District,DEVON ST EAST,, ,I,3/229/8.5,201444541,15/09/2014,Mon,1235,FB,CE1C,181A 331A ,,E,D,O ,F ,T,T,R,50,0,0,0,,,1695692,5676962
New Plymouth District,3/229/8.5,, ,I,DEVON ST EAST,201444000,21/06/2014,Sat,1950,BF,CS2C,133A ,,E,W,DO,H ,T,T,R,50,0,0,0,,,1695692,5676962
New Plymouth District,3/229/8.5,, ,I,DEVON ST EAST,201412756,28/04/2014,Mon,1720,FD,TW1C,331A 350A ,,E,W,TF,L ,T,T,C,50,0,0,1,,,1695692,5676962
New Plymouth District,3/229/8.5,, ,I,DEVON ST EAST,201443622,30/08/2014,Sat,1500,KB,CW1C,386B 400B ,,R,D,B ,F ,T,T,P,50,0,0,0,,,1695692,5676962
New Plymouth District,3/229/8.55,50,W, ,DEVON ST EAST,201450563,05/11/2014,Wed,1700,AA,CE1T,372A ,,E,D,B ,F , , ,R,70,0,0,0,,,1695642,5676963
New Plymouth District,3/229/8.7,200,W, ,DEVON ST EAST,201417543,25/11/2014,Tue,1500,FD,CE1VC,331A 352A ,,E,W,OF,M , ,N,C,70,0,0,1,,,1695496,5676931
New Plymouth District,3/229/9.005,, ,A,PAYNTERS OBR,201444690,26/09/2014,Fri,1626,FD,CW1CC,112A 181A ,,R,D,B ,F , ,N,C,70,0,0,0,,,1695241,5676769
New Plymouth District,3/229/9.316,20,E, ,NGAIO ST,201439938,19/06/2014,Thu,1845,MC,VE1V,372B ,,E,D,DO,F , ,N,C,70,0,0,0,,,1694944,5676723
New Plymouth District,3/229/9.562,5,E, ,MANGOREI ROAD N,201447961,11/11/2014,Tue,1215,FE,VW1C,181A 331A 801 ,,R,W,O ,L ,X,T,C,50,0,0,0,,,1694710,5676670
New Plymouth District,3/229/9.567,, ,I,MANGOREI ROAD N,201440131,10/06/2014,Tue,1020,FE,CW1C,181A 387A ,,R,W,O ,F ,T,T,C,50,0,0,0,,,1694705,5676667
New Plymouth District,3/229/9.587,20,W, ,MANGOREI ROAD N,201441913,02/08/2014,Sat,1403,FA,CE1CC,331A 801 ,,R,W,O ,L , , ,R,50,0,0,0,,,1694687,5676658
New Plymouth District,3/229/9.707,140,W, ,MANGOREI ROAD,201445675,07/10/2014,Tue,1450,AA,CW1T,184A ,,R,D,B ,F , , ,P,50,0,0,0,,,1694580,5676605
New Plymouth District,3/229/9.742,50,W, ,BARING TERRACE,201417829,03/12/2014,Wed,1525,FD,CE1VCC,331A 817 ,,R,D,B ,F , , ,C,50,0,0,1,,,1694548,5676589
New Plymouth District,3/229/9.767,200,W, ,MANGOREI ROAD,201437610,09/04/2014,Wed,1250,FA,TE1C,181A 184A 357A 512A 801 ,,M,W,O ,L , , ,C,50,0,0,0,,,1694526,5676578
New Plymouth District,3/229/9.774,150,E, ,WATSON ST,201447948,26/09/2014,Fri,1540,FD,CE1CCV,331A ,,R,D,B ,F , , ,C,50,0,0,0,,,1694520,5676575
New Plymouth District,3/229/9.924,, ,I,WATSON ST,201434814,21/03/2014,Fri,1900,HA,CN2CC4,302A 375A ,,R,D,BF,F ,X,G,C,50,0,0,0,,,1694377,5676539
New Plymouth District,3/229/9.924,, ,I,WATSON ST,201447591,11/11/2014,Tue,1211,FB,CW1C,181A 191B 801 ,,E,W,O ,L ,X,G,P,50,0,0,0,,,1694377,5676539
New Plymouth District,3/229/10.304,70,W, ,HOBSON ST,201449273,15/12/2014,Mon,1252,EE,SW1V,374B ,M,E,D,B ,F , , ,C,50,0,0,0,,,1694017,5676457
New Plymouth District,3/240/0.08,20,N, ,LEACH ST,201435809,15/04/2014,Tue,,KB,CS1C,308B 375B 924 ,,R,D,OF,F ,D,N,C,50,0,0,0,,,1693749,5676372
New Plymouth District,3/240/0.1,, ,I,LEACH,201416605,24/10/2014,Fri,2105,HA,CN1C,322A 334A ,,R,D,DO,F ,X,T,C,50,0,0,3,,,1693756,5676354
New Plymouth District,3/240/0.1,, ,I,LEACH ST,201414670,19/07/2014,Sat,1200,FE,CN1C,331A 351A ,,R,D,B ,F ,X,T,C,50,0,0,1,,,1693756,5676354
New Plymouth District,3/240/0.1,, ,I,SH 45 LEACH,201444261,14/09/2014,Sun,845,HA,TN1C,322A 334A 355A ,,R,W,O ,F ,X,T,C,50,0,0,0,,,1693756,5676354
New Plymouth District,SH 45 LEACH,, ,I,ELIOT ST,201413508,29/06/2014,Sun,655,HA,4N2V,322A ,,R,D,DO,F ,X,T,C,50,0,0,1,,,1693756,5676354
New Plymouth District,LEMON ST,, ,I,3/240/0.201,201415861,19/09/2014,Fri,901,HA,CS2C,301B 377B ,,R,D,B ,F ,X,S,C,50,0,0,2,,,1693792,5676260
New Plymouth District,3/240/0.3,, ,I,PENDARVES ST,201430691,07/02/2014,Fri,840,HA,CS1C,301B 375B ,,R,D,O ,F ,X,S,C,50,0,0,0,,,1693828,5676167
New Plymouth District,3/240/0.35,50,S, ,PENDARVES ST,201448835,02/12/2014,Tue,835,FD,CN1CC,331A 350A ,,R,D,O ,F , , ,L,50,0,0,0,,,1693845,5676120
New Plymouth District,3/240/0.636,, ,I,ROGAN ST,201447907,04/11/2014,Tue,1120,JC,4E2C,302A 375A ,,R,D,B ,F ,T,G,C,50,0,0,0,,,1693945,5675852
New Plymouth District,3/240/0.646,10,S, ,ROGAN ST,201411802,28/02/2014,Fri,1305,FC,VS1C,181A ,,R,D,BF,F ,T,G,X,50,0,0,1,,,1693948,5675843
New Plymouth District,3/240/0.736,100,S, ,ROGAN ST,201436720,21/05/2014,Wed,1200,FD,VN1VC,181A 330A ,,R,D,B ,F , ,N,C,50,0,0,0,,,1693980,5675758
New Plymouth District,3/240/0.983,50,S, ,CRACROFT ST,201434438,19/04/2014,Sat,2000,BE,CS1C,351A ,,R,W,DO,F , , ,C,50,0,0,0,,,1694066,5675527
New Plymouth District,3/240/1.151,15,N, ,TIMANDRA ST,201446291,18/10/2014,Sat,945,FD,CN1CC,181A ,,R,D,OF,F , ,N,C,50,0,0,0,,,1694125,5675370
New Plymouth District,3/240/1.166,, ,I,TIMANDRA ST,201444677,23/09/2014,Tue,1003,GD,VN1C,331A 352A ,P,R,D,B ,F ,T,G,C,50,0,0,0,,,1694130,5675356
New Plymouth District,3/240/1.873,, ,I,CUMBERLAND ST,201413747,06/06/2014,Fri,1348,JA,MS1C,302B 377B ,,R,D,BF,F ,T,G,C,50,0,0,1,,,1694377,5674693
New Plymouth District,3/240/2.003,30,S, ,CORONATION AVENUE,201442087,06/08/2014,Wed,830,FD,CN1C,181A ,,R,W,OF,H , ,N,C,100,0,0,0,,,1694422,5674571
New Plymouth District,3/240/3.905,400,S, ,HOLLY OAK TERRACE,201447962,22/11/2014,Sat,1400,DA,CN1,410A 801 ,T,M,W,O ,L , , ,C,100,0,0,0,,,1695048,5672830
New Plymouth District,3/240/4.684,, ,I,MANGOREI ROAD S,201449262,18/12/2014,Thu,1300,FE,VE1C,331A ,,R,D,O ,F ,X,S,C,100,0,0,0,,,1695597,5672300
New Plymouth District,3/240/4.684,, ,I,MANGOREI ROAD S,201446417,24/09/2014,Wed,1838,FB,CW2C,103A 331A ,,R,D,DO,F ,X,S,C,100,0,0,0,,,1695597,5672300
New Plymouth District,3/240/4.854,170,S, ,MANGOREI ROAD S,201446416,29/09/2014,Mon,1445,CB,CN1,359A 410A ,X,R,D,BN,F , ,N,L,100,0,0,0,,,1695652,5672140
New Plymouth District,3/240/5.822,200,N, ,WAIWAKAIHO ROAD WEST,201437062,29/05/2014,Thu,1518,FD,VN1C,181A 191A 191B ,,R,W,O ,H , , ,C,100,0,0,0,,,1696162,5671345
New Plymouth District,3/240/6.229,, ,I,HYDRO ROAD,201413019,18/05/2014,Sun,400,CC,CN1,410A ,CT,R,D,DN,F ,T,G,C,100,0,0,1,,,1696379,5671014
New Plymouth District,3/240/6.729,500,S, ,HYDRO ROAD,201437494,26/05/2014,Mon,933,CB,VN1,130A 403A 407A 800 ,C,R,W,O ,F , , ,C,100,0,0,0,,,1696391,5670517
New Plymouth District,3/240/6.729,500,S, ,HYDRO ROAD,201443285,28/08/2014,Thu,2235,EC,CS1,912,W,R,D,DN,F , , ,C,100,0,0,0,,,1696391,5670517
New Plymouth District,3/240/8.129,1900,S, ,HYDRO ROAD,201440980,22/07/2014,Tue,635,BF,CS1V,135A 802 ,,E,I,DN,F , ,N,C,100,0,0,0,,,1696225,5669211
New Plymouth District,3/240/9.33,, ,I,KENT ROAD,201431689,13/01/2014,Mon,1240,JA,CS1C,302B ,,R,D,B ,F ,X,G,L,100,0,0,0,,,1696817,5668194
New Plymouth District,3/240/12.152,40,S, ,EGMONT ROAD S,201417895,08/11/2014,Sat,1315,EO,CW1,129A 330A 503A 507A ,SX,R,D,B ,F , , ,C,100,0,0,1,,,1698984,5666418
New Plymouth District,3/240/12.512,400,E, ,EGMONT ROAD,201415743,26/08/2014,Tue,650,MC,VW1C,372B 375B ,,E,D,TO,F , ,N,C,100,0,0,1,,,1699271,5666200
New Plymouth District,3/240/13.627,, ,I,UPLAND ROAD,201437484,25/05/2014,Sun,2230,DA,VN2,131A 133A 433A 800 801 ,V,R,W,DN,L ,X,G,C,100,0,0,0,,,1700264,5665792
New Plymouth District,3/240/14.551,370,E, ,KING ROAD,201415364,07/06/2014,Sat,2005,DA,VE1,131A 410A ,CV,E,W,DN,F , ,N,C,100,0,0,1,,,1701187,5665835
New Plymouth District,3/240/16.148,90,W, ,WAIONGANA STM BR,201432230,16/01/2014,Thu,2250,DA,CE1,103A 111A 131A 801 ,G,E,W,DO,L , , ,C,50,0,0,0,,,1702749,5665523
New Plymouth District,3/240/16.229,, ,A,WAIONGANA STM BR,201441672,11/07/2014,Fri,1515,CA,CE1,130A 191A ,B,R,D,O ,F , , ,C,50,0,0,0,,,1702823,5665490
New Plymouth District,3/240/16.759,, ,I,PUKATEA ST,201434813,03/04/2014,Thu,1706,GD,TE1C,181A 144B ,,R,D,BF,F ,T,G,C,50,0,0,0,,,1703342,5665385
New Plymouth District,3/258/0.123,50,N, ,KELLY ST EAST,201415268,01/08/2014,Fri,1315,FD,CN1CCV,181A ,,E,D,BF,F , ,N,L,50,0,0,1,,,1704331,5665090
New Plymouth District,3/258/0.233,60,S, ,KELLY ST EAST,201432955,20/02/2014,Thu,1750,FA,CS1C,181A 927 ,,R,D,B ,F ,D, ,C,50,0,0,0,,,1704345,5664980
New Plymouth District,3/258/1.142,100,S, ,DUDLEY ROAD LOWER,201431921,07/02/2014,Fri,1430,QG,CS1,615A 682A ,C,E,D,OF,F , ,N,L,100,0,0,0,,,1704658,5664136
New Plymouth District,3/258/1.242,200,S, ,DUDLEY ROAD UPPER,201416771,30/10/2014,Thu,823,FA,CN1C4,112A 402A 112B 402B ,,R,W,O ,H , , ,C,100,0,1,1,,,1704683,5664039
New Plymouth District,3/258/2.002,960,S, ,DUDLEY ROAD LOWER,201444916,04/10/2014,Sat,1200,QG,TS1,665A ,,R,W,O ,F , ,N,C,100,0,0,0,,,1704880,5663307
New Plymouth District,3/258/3.285,, ,I,DURHAM ROAD UPPER,201447900,30/10/2014,Thu,745,GD,CN1V,331A 350A 801 ,,R,W,O ,L ,X,G,C,100,0,0,0,,,1705428,5662148
New Plymouth District,3/258/4.785,1500,S, ,DURHAM ROAD UPPER,201440698,22/07/2014,Tue,645,AD,CS1C,112A 130A 802 ,,R,I,DN,FF, , ,C,100,0,0,0,,,1705939,5660738
New Plymouth District,3/258/5.379,, ,I,NORFOLK ROAD LOWER,201436481,10/04/2014,Thu,1725,JA,CN1C,302B 382B ,,R,W,DO,H ,X,G,C,100,0,0,0,,,1706139,5660179
New Plymouth District,3/258/8.991,600,N, ,OLD MOUNTAIN ROAD,201439976,03/07/2014,Thu,350,DB,CN1,135A 802 ,F,E,I,DN,FF, ,N,C,100,0,0,0,,,1707228,5656763
New Plymouth District,MANUTAHI ROAD N,, ,I,3A/0/4.722,201413922,17/06/2014,Tue,940,JO,CW1V,302A 507A ,,S,W,OF,L ,T,G,C,100,0,0,1,,,1703601,5675503
New Plymouth District,44/0/0,, ,I,SH 3 COURTENAY,201415942,05/09/2014,Fri,1920,LB,CS1C,101B 303B 801 ,,R,W,DO,L ,X,T,C,50,0,0,1,,,1693721,5676448
New Plymouth District,44/0/0.103,, ,I,DEVON ST EAST,201410592,07/02/2014,Fri,1950,LB,CN1C,303B 375B ,,R,D,OF,F ,X,T,C,50,0,0,2,,,1693685,5676544
New Plymouth District,44/0/0.205,, ,I,GILL ST,201448832,25/11/2014,Tue,1720,HA,VN1C,301B 375B ,,R,D,B ,F ,X,S,C,50,0,0,0,,,1693649,5676640
New Plymouth District,44/0/0.205,, ,I,GILL ST,201443287,29/08/2014,Fri,1712,HA,CN1V,301B ,,R,D,B ,F ,X,S,C,50,0,0,0,,,1693649,5676640
New Plymouth District,44/0/0.205,, ,I,GILL ST,201443588,14/08/2014,Thu,941,HA,VS1C,301B 382B ,,R,W,BF,F ,X,S,C,50,0,0,0,,,1693649,5676640
New Plymouth District,ELIOT ST,, ,I,MOLESWORTH ST,201436786,29/05/2014,Thu,1505,HA,CS1C,302A 387A 507A ,,R,W,O ,L ,X,G,C,50,0,0,0,,,1693614,5676734
New Plymouth District,44/0/0.305,, ,I,ELIOT ST,201447901,29/10/2014,Wed,1325,KA,CW1T,302B 375B ,,R,D,B ,F ,X,G,C,50,0,0,0,,,1693614,5676734
New Plymouth District,44/0/0.907,20,E, ,LIARDET ST,201444235,03/09/2014,Wed,840,AA,CE1C,184A 381A ,,R,D,O ,F , , ,C,50,0,0,0,,,1693051,5676522
New Plymouth District,44/0/1.654,, ,I,DAWSON ST,201433451,25/02/2014,Tue,937,FE,4W1C,331A 350A ,,R,D,BF,F ,X,T,C,50,0,0,0,,,1692333,5676348
New Plymouth District,44/0/1.654,, ,I,DAWSON ST,201448833,07/12/2014,Sun,1907,LB,CW1C,303B 375B 402B 801 ,,R,W,O ,L ,X,T,L,50,0,0,0,,,1692333,5676348
New Plymouth District,44/0/1.659,5,W, ,DAWSON ST,201448836,05/12/2014,Fri,723,FE,CE1V,181A 331A 387A 191B 801 ,,R,W,O ,L ,X,T,L,50,0,0,0,,,1692328,5676346
New Plymouth District,44/0/2.133,10,E, ,MORLEY ST,201441908,08/08/2014,Fri,1519,EE,VE1C,129A 374B 402B 801 ,M,R,W,O ,L ,X,S,C,50,0,0,0,,,1691884,5676181
New Plymouth District,MORLEY ST,, ,I,44/0/2.143,201446192,28/10/2014,Tue,1635,KB,CS1C,301A 357A 375A 801 ,,R,W,O ,L ,X,S,P,50,0,0,0,,,1691875,5676177
New Plymouth District,44/0/2.685,30,E, ,FRENCH ST,201436718,20/05/2014,Tue,1320,MC,VE1C,372B ,,R,D,B ,F , ,N,C,50,0,0,0,,,1691361,5676007