TLANAME,CRASHROAD,CRASHDIST,CRASHDIRN,INTSN,SIDEROAD,CRASHID,CRASHDATE,CRASHDOW,CRASHTIME,MVMT,VEHICLES,CAUSES,OBJECTSSTRUCK,ROADCURVE,ROADWET,LIGHT,WTHRa,JUNCTYPE,TRAFCTRL,ROADMARK,SPDLIM,CRASHFATALCNT,CRASHSEVCNT,CRASHMINCNT,PERSAGE1,PERSAGE2,EASTING,NORTHING
New Plymouth District,44/0/2.916,, ,I,BONITHON AVENUE,201417544,14/11/2014,Fri,2001,HA,SN2C,210A 312A ,,E,D,OF,F ,T,G,C,50,0,0,1,,17,1691138,5675943
New Plymouth District,44/0/2.926,10,W, ,BONITHON AVENUE,201447589,18/10/2014,Sat,1745,FC,CE1C,331A 351A ,,E,D,O ,F ,T,G,X,50,0,0,0,,,1691128,5675944
New Plymouth District,44/0/3.672,, ,I,LAWRY ST,201444515,19/09/2014,Fri,1522,JA,TW1C,301B ,,R,D,B ,F ,X,S,C,50,0,0,0,,,1690441,5675705
New Plymouth District,SOUTH ROAD,, ,I,BREAKWATER ROAD,201443589,19/08/2014,Tue,1720,DB,CW1,103A 131A 351A ,EG,E,D,TF,F ,T,N,C,50,0,0,0,,,1690441,5675705
New Plymouth District,44/0/3.752,80,W, ,SOUTH ROAD,201430690,20/01/2014,Mon,1730,CB,CW1C,410A ,M,R,W,O ,F , ,N,C,50,0,0,0,,,1690361,5675711
New Plymouth District,44/0/3.885,20,E, ,WHITELEY ST,201444689,29/09/2014,Mon,1433,MB,CW1C,351B 372B ,,R,D,B ,F ,R,G,C,50,0,0,0,,,1690229,5675722
New Plymouth District,44/0/4.53,, ,I,PIONEER ROAD,201434946,19/03/2014,Wed,1350,GF,CN1T,158A 387A 179B ,,R,D,BN,F ,T,S,C,50,0,0,0,,,1689624,5675857
New Plymouth District,44/0/4.545,15,W, ,PIONEER ROAD,201450147,31/12/2014,Wed,2010,CB,CE1,130A 501A 901 ,P,R,W,TF,H , , ,C,50,0,0,0,,,1689611,5675865
New Plymouth District,45/0/0,, ,I,ELIOT ST,201439577,25/06/2014,Wed,1440,HA,CW1V,322B 334B ,,R,W,O ,L ,X,T,C,50,0,0,0,,,1693756,5676354
New Plymouth District,45/0/0.01,10,W, ,ELIOT ST,201436719,17/05/2014,Sat,1810,FE,CE1C,103A ,,R,D,DO,F ,X,T,C,50,0,0,0,,,1693712,5676444
New Plymouth District,45/0/0.03,30,E, ,ELIOT ST,201445731,15/10/2014,Wed,2125,CC,CE1CC,129A 133A ,M,R,D,DO,F , ,N,C,50,0,0,0,,,1693693,5676437
New Plymouth District,45/0/0.03,30,W, ,ELIOT ST,201449378,11/12/2014,Thu,1635,AA,VE1C,177A 372A ,,R,D,O ,F ,X,T,C,50,0,0,0,,,1693693,5676437
New Plymouth District,45/0/0.05,50,W, ,ELIOT ST,201445673,04/10/2014,Sat,1655,GB,CE1C,160A 925 ,,R,W,O ,L ,D,N,C,50,0,0,0,,,1693675,5676430
New Plymouth District,45/0/0.06,60,E, ,ELIOT ST,201445729,10/10/2014,Fri,1230,FD,CW1CC,181A 330A ,,R,D,B ,F , ,N,C,50,0,0,0,,,1693700,5676333
New Plymouth District,45/0/0.09,90,W, ,SH 3 ELIOT,201446191,15/09/2014,Mon,630,CB,CW1C,410A ,M,R,W,O ,F , , ,C,50,0,0,0,,,1693672,5676322
New Plymouth District,CAMERON ST,, ,I,45/0/0.147,201441959,09/08/2014,Sat,1400,LB,SN1C,303B 375B ,,R,D,O ,F ,X,S,C,50,0,0,0,,,1693619,5676302
New Plymouth District,45/0/0.3,50,E, ,GOVER ST,201442936,27/06/2014,Fri,1720,KB,VS1T,602A 308B 375B 925 ,,R,W,DO,F ,D, ,C,50,0,0,0,,,1693475,5676248
New Plymouth District,45/0/0.329,20,E, ,GOVER ST,201444922,02/10/2014,Thu,1548,FB,CN1C,181A 191B 926 ,,E,W,O ,F ,D,N,N,50,0,0,0,,,1693413,5676332
New Plymouth District,45/0/0.349,, ,I,GOVER ST,201438120,12/04/2014,Sat,1145,KB,CE1C,301B ,,R,D,BN,F ,X,S,C,50,0,0,0,,,1693395,5676325
New Plymouth District,45/0/0.35,, ,I,GOVER ST,201432568,22/01/2014,Wed,1904,BB,VW1C,124A ,,R,D,O ,F ,X,S,C,50,0,0,0,,,1693429,5676231
New Plymouth District,45/0/0.372,250,E, ,LIARDET ST,201418072,23/10/2014,Thu,1305,CA,PE1,137A ,,R,D,BF,F , ,N,C,50,0,1,0,,,1693373,5676317
New Plymouth District,45/0/0.482,140,E, ,LIARDET ST,201434440,22/04/2014,Tue,1414,FD,VE1CCC,331A 350A ,,R,W,B ,F , , ,C,50,0,0,0,,,1693270,5676279
New Plymouth District,45/0/0.622,, ,I,LIARDET ST,201444542,19/09/2014,Fri,2055,HA,CE1CC,322B 351B ,,R,W,DO,F ,X,T,C,50,0,0,0,,,1693139,5676229
New Plymouth District,45/0/0.622,, ,I,LIARDET ST,201433424,08/03/2014,Sat,1830,FE,PE1C,181A ,,R,D,OF,F ,X,T,C,50,0,0,0,,,1693139,5676229
New Plymouth District,45/0/0.622,, ,I,LIARDET ST,201430086,17/02/2014,Mon,1715,BC,BS2C,122A ,,R,D,BF,F ,X,T,N,50,0,0,0,,,1693139,5676229
New Plymouth District,45/0/0.869,40,E, ,BROUGHAM ST,201412776,14/02/2014,Fri,1200,EA,CW1CC,129A 359A ,MM,R,D,BF,F , ,N,C,50,0,0,1,,,1692943,5676048
New Plymouth District,45/0/1.08,, ,I,ROBE ST E,201435103,03/03/2014,Mon,1855,KB,4E1C,302B 375B ,,R,D,TF,F ,T,G,C,50,0,0,0,,,1692710,5676068
New Plymouth District,ROBE ST,, ,I,45/0/1.081,201442969,13/08/2014,Wed,1115,LB,CN1C,301B 303B 375B ,,R,D,B ,F ,X,S,C,50,0,0,0,,,1692744,5675974
New Plymouth District,45/0/1.081,, ,I,ROBE ST,201438895,02/05/2014,Fri,1345,LB,CN2C,301B 353B 375B ,,R,D,BF,F ,X,S,C,50,0,0,0,,,1692744,5675974
New Plymouth District,45/0/1.106,25,W, ,ROBE ST,201430689,04/02/2014,Tue,1250,KB,CW1C,308B 930 ,,R,D,B ,F ,D,N,C,50,0,0,0,,,1692721,5675965
New Plymouth District,45/0/1.115,, ,I,ROBE ST,201434532,09/03/2014,Sun,2150,HA,CN2S,534B 602B ,,R,D,DO,F ,X,S,C,50,0,0,0,,,1692678,5676056
New Plymouth District,45/0/1.115,, ,I,ROBE ST W,201433454,04/03/2014,Tue,750,HA,CE1C,302B 314B 377B ,,R,D,BF,F ,X,G,C,50,0,0,0,,,1692678,5676056
New Plymouth District,45/0/1.165,50,W, ,ROBE ST W,201432721,12/02/2014,Wed,1715,FD,CE144,181A 331A 402A ,,R,D,B ,F , , ,C,50,0,0,0,,,1692631,5676038
New Plymouth District,45/0/1.278,60,E, ,DAWSON ST,201434439,19/04/2014,Sat,1050,FD,VE1C,427A ,,R,D,B ,F , , ,C,50,0,0,0,,,1692525,5675998
New Plymouth District,45/0/1.318,20,E, ,DAWSON ST,201430085,11/02/2014,Tue,1415,FF,CE1C,181A ,,R,D,OF,F , ,N,C,50,0,0,0,,,1692488,5675984
New Plymouth District,45/0/1.328,10,E, ,DAWSON ST,201447571,18/11/2014,Tue,1555,AA,CW14,184A ,,R,D,B ,F ,X,T,C,50,0,0,0,,,1692512,5675888
New Plymouth District,DAWSON ST,, ,I,POWDERHAM ST,201431779,07/02/2014,Fri,2156,LB,CS1C,197B 303B 350B 801 ,,R,W,DO,L ,X,T,C,50,0,0,0,,,1692469,5675977
New Plymouth District,DAWSON ST,, ,I,VIVIAN ST,201433634,25/02/2014,Tue,1500,FE,CN1CCC,331A 370A ,,R,D,B ,F ,X,T,C,50,0,0,0,,,1692503,5675885
New Plymouth District,45/0/1.338,, ,I,DAWSON ST,201439415,19/06/2014,Thu,1650,FE,CE1C,181A ,,R,D,B ,F ,X,T,C,50,0,0,0,,,1692469,5675977
New Plymouth District,45/0/1.338,, ,I,DAWSON ST,201435135,28/03/2014,Fri,1425,LB,CS1C,303B 375B ,,R,D,O ,F ,X,T,C,50,0,0,0,,,1692503,5675885
New Plymouth District,45/0/1.338,, ,I,DAWSON ST,201441274,02/08/2014,Sat,2055,HA,CW1C,334A 334B 801 ,,R,W,DO,L ,X,T,C,50,0,0,0,,,1692503,5675885
New Plymouth District,MOUNT EDGCUMBE ST,, ,I,45/0/1.655,201443806,05/08/2014,Tue,1540,BB,CE2M,131A ,Q,R,D,OF,F ,X,T,C,50,0,0,0,,,1692171,5675869
New Plymouth District,45/0/1.804,20,E, ,SH 45 MORLEY,201417342,18/10/2014,Sat,525,EA,CE1CE,130A 354A 721C 901 ,M,R,W,DO,H , , ,C,50,0,0,1,60,,1692032,5675816
New Plymouth District,MORLEY ST,, ,I,VIVIAN ST,201441197,21/07/2014,Mon,1930,HA,CN1C,321B 375B ,,R,D,DO,F ,X,S,C,50,0,0,0,,,1692048,5675715
New Plymouth District,45/0/1.824,, ,I,MORLEY ST,201443289,13/08/2014,Wed,1755,FB,CS2P,181A 387A ,,R,W,TO,L ,T,S,C,50,0,0,0,,,1692048,5675715
New Plymouth District,45/0/1.924,, ,I,POWDERHAM ST,201416250,10/10/2014,Fri,1450,LB,VS1C,303B ,,R,D,B ,F ,X,S,C,50,0,0,1,,,1692013,5675809
New Plymouth District,45/0/2.147,, ,I,CUTFIELD ROAD,201415209,03/08/2014,Sun,1010,LB,PE1C,197A 303B 353B ,,R,W,OF,L ,T,G,C,50,0,0,1,,,1691770,5675827
New Plymouth District,45/0/2.384,, ,I,BELT ROAD,201437061,01/06/2014,Sun,2030,CB,CE1,103A 130A 359A ,P,R,D,DO,F ,X,S,C,50,0,0,0,,,1691548,5675743
New Plymouth District,45/0/2.404,20,W, ,BELT ROAD,201448677,30/11/2014,Sun,1450,FC,CE1CC,181A 331A ,,R,D,O ,F , , ,X,50,0,0,0,,,1691530,5675736
New Plymouth District,45/0/2.414,30,W, ,BELT ROAD,201447903,02/11/2014,Sun,1751,FO,CE1CC,330A 402A 927 ,,R,D,O ,F ,D, ,C,50,0,0,0,,,1691520,5675733
New Plymouth District,45/0/2.484,, ,I,BELT ROAD,201450053,31/12/2014,Wed,2225,GA,XW1C,181A ,,R,D,DO,F ,X,S,C,50,0,0,0,,,1691548,5675743
New Plymouth District,45/0/2.534,50,W, ,BELT ROAD,201411803,16/03/2014,Sun,1038,EA,CW1T,129A 358A ,M,R,W,OF,L , ,N,C,50,0,0,1,,,1691502,5675726
New Plymouth District,45/0/2.584,100,W, ,BELT ROAD,201415871,17/09/2014,Wed,1943,EA,CW1T,129A 194A ,M,R,D,DO,F , , ,C,50,0,0,2,,,1691455,5675708
New Plymouth District,45/0/2.778,30,W, ,LORNA ST,201447902,28/10/2014,Tue,933,FD,CN1C,181A 331A ,,R,D,B ,F , , ,C,50,0,0,0,,,1691179,5675606
New Plymouth District,45/0/2.808,40,E, ,LORNA ST,201447905,24/10/2014,Fri,1708,FD,CW1VC,181A 331A 501A ,,R,D,B ,F , , ,L,50,0,0,0,,,1691245,5675630
New Plymouth District,45/0/2.818,70,W, ,LORNA ST,201441914,07/08/2014,Thu,1435,FE,CE1CC,181A 331A 402A ,,R,D,O ,F , ,T,X,50,0,0,0,,,1691142,5675592
New Plymouth District,45/0/3.017,1000,S, ,SOUTH ROAD,201432720,30/01/2014,Thu,1930,DA,4N1,111A 131A 402A ,E,M,D,B ,F , , ,C,100,0,0,0,,,1691049,5675557
New Plymouth District,45/0/3.239,100,S, ,DOONE ST,201434437,24/04/2014,Thu,1015,EA,CN1CC,129A 355A ,M,E,D,B ,F , , ,C,50,0,0,0,,,1690748,5675442
New Plymouth District,45/0/3.434,, ,I,LAWRY ST,201448678,03/12/2014,Wed,1125,JC,CS2C,301A 402A ,,R,D,B ,F ,T,S,C,50,0,0,0,,,1690565,5675374
New Plymouth District,45/0/3.434,, ,I,LAWRY ST,201411804,28/02/2014,Fri,1644,LB,SE1C,303B 382B ,,R,W,OF,L ,T,S,C,50,0,0,1,,17,1690565,5675374
New Plymouth District,45/0/3.434,, ,I,LAWRY ST,201439936,21/05/2014,Wed,1715,LB,CE1V,303B 382B ,,R,W,TF,L ,T,S,P,50,0,0,0,,,1690565,5675374
New Plymouth District,45/0/3.434,, ,I,LAWRY ST,201434947,12/03/2014,Wed,1524,LB,SE1C,303B 377B ,,R,D,BF,F ,T,S,C,50,0,0,0,,,1690565,5675374
New Plymouth District,45/0/3.434,, ,I,LAWRY ST,201417830,28/11/2014,Fri,1547,LB,SE1C,303B 375B 901 ,,R,W,O ,H ,T,S,C,50,0,0,1,,45,1690565,5675374
New Plymouth District,45/0/3.799,, ,I,BAYLY ROAD,201438775,01/04/2014,Tue,1835,GD,4S1C,331A 351A ,,R,D,BF,F ,X,G,C,50,0,0,0,,,1690316,5675284
New Plymouth District,45/0/3.917,, ,I,BLAGDON ROAD,201416947,23/09/2014,Tue,705,DB,40,501A ,H,E,D,BF,F ,X,G,C,50,0,0,1,,,1690112,5675209
New Plymouth District,45/0/3.917,, ,I,SOUTH ROAD,201440132,04/07/2014,Fri,1209,JA,4E1C,301B 375B ,,R,D,B ,F ,T,S,C,50,0,0,0,,,1690112,5675209
New Plymouth District,45/0/4.513,80,S, ,BELAIR AVENUE,201414149,31/05/2014,Sat,1105,EA,SS1C,331A 358A ,Q,R,D,BF,F , ,N,C,50,0,0,1,,62,1689721,5674954
New Plymouth District,45/0/4.648,10,N, ,PIONEER ROAD,201440718,29/07/2014,Tue,1520,FC,ON1CTC,331A 181B ,,R,W,O ,H ,T,G,X,50,0,0,0,,,1689565,5674777
New Plymouth District,45/0/4.737,70,N, ,NGAMOTU ROAD,201414142,03/06/2014,Tue,1715,NB,CN1E,102A 306A 341A ,,R,D,TO,F , ,N,X,50,0,1,0,50,,1689507,5674709
New Plymouth District,45/0/4.787,20,N, ,NGAMOTU ROAD,201449261,23/12/2014,Tue,1730,BO,CN1C,129A 129B ,,R,D,B ,F , , ,C,50,0,0,0,,,1689475,5674670
New Plymouth District,45/0/5.827,410,S, ,BARRETT ROAD,201413902,24/04/2014,Thu,1755,BF,CS1V,205A 404A ,,E,W,TN,F , , ,C,100,0,0,1,,,1689111,5673958
New Plymouth District,45/0/7.881,130,N, ,ALLEN ROAD,201438894,28/04/2014,Mon,709,DB,CN1,111A 136A 632A ,F,E,W,ON,H , ,N,L,80,0,0,0,,,1688157,5672080
New Plymouth District,45/15/0.1,100,S, ,WAIRAU ROAD,201447906,21/10/2014,Tue,1229,FD,CN1C,181A 331A ,,R,D,B ,F , , ,L,100,0,0,0,,,1682455,5669329
New Plymouth District,45/15/0.3,300,S, ,WAIRAU ROAD,201411088,27/01/2014,Mon,1645,CB,CN1,134A 407A ,FT,R,D,BN,F , , ,C,100,0,0,1,,,1682359,5669154
New Plymouth District,45/15/3.971,500,N, ,WELD ROAD LOWER,201411962,15/03/2014,Sat,1200,DA,CS1,111A 131A ,EX,S,D,ON,L , ,N,C,100,0,0,1,,,1680314,5666193
New Plymouth District,45/15/4.901,430,S, ,WELD ROAD UPPER,201412657,09/04/2014,Wed,800,DB,CN1,111A 131A ,,S,D,ON,F , ,N,C,100,0,0,1,,,1679948,5665345
New Plymouth District,45/15/4.921,450,S, ,WELD ROAD UPPER,201418024,20/11/2014,Thu,1715,DA,MW1,111A 131A 532A ,G,S,D,BN,F , ,N,C,100,0,0,1,,,1679928,5665343
New Plymouth District,45/15/5.487,500,E, ,TIMARU ROAD,201412622,07/03/2014,Fri,1840,DA,CN1,131A 410A ,S,M,D,BN,F , ,N,L,100,0,0,1,,,1679518,5665649
New Plymouth District,45/15/5.987,, ,I,TIMARU ROAD,201412631,03/03/2014,Mon,900,DA,VN1,111A 131A ,F,M,W,ON,F ,T,S,L,100,0,0,1,,,1679100,5665413
Opotiki District,BROWN ROAD,360,S, ,VERRALL ROAD,201415141,17/07/2014,Thu,1545,BB,MS1V,111A 123A 402A 197B ,,S,D,B ,F , , ,C,100,0,0,1,,,1969818,5782595
Opotiki District,CHURCH ST,, ,I,FORD ST,201441323,07/08/2014,Thu,1825,HA,CE2C,103A 112A 301A ,,R,D,DO,F ,X,S,C,50,0,0,0,,,1976203,5784375
Opotiki District,CHURCH ST,, ,I,FORD ST,201415555,14/09/2014,Sun,1842,HA,PS14,103A 426A 301B 375B ,,R,W,DN,F ,X,S,C,50,0,0,1,,,1976203,5784375
Opotiki District,CHURCH ST,, ,I,RICHARD ST,201414980,02/07/2014,Wed,1400,HA,4W2C,301A 377A ,,R,W,BF,F ,X,S,C,50,0,0,1,,,1976213,5784599
Opotiki District,CLARK CROSS ROAD,200,E, ,SH 2,201443156,31/08/2014,Sun,1945,DB,40,103A 131A ,,S,D,DN,F , , ,C,100,0,0,0,,,1976705,5781192
Opotiki District,PAKIHI ROAD,5240,S, ,OTARA ROAD,201443401,19/08/2014,Tue,2039,DA,4S1,104A 138A ,F,E,W,DN,L , ,N,N,100,0,0,0,,,1984383,5773134
Opotiki District,STEWART ST,, ,I,RICHARD ST,201411581,10/01/2014,Fri,1406,DA,CE1,103A 111A 131A ,FP,M,D,BN,F ,T,N,C,50,0,0,1,,,1977111,5784553
Opotiki District,TABLELANDS ROAD,3600,S, ,WALKER ROAD S,201414048,16/05/2014,Fri,920,BC,CS1C,111A 121A 350A ,,E,D,B ,F , ,N,N,100,0,0,1,,,1981917,5780337
Opotiki District,TAKAPUTAHI ROAD,12080,W, ,MOTU ROAD,201400083,17/04/2014,Thu,1330,CB,TS1,129A 135A 504A 801 816 818 ,ETZ,R,W,O ,L , , ,N,100,2,0,0,,,2002284,5772664
Opotiki District,WAINUI ROAD,1000,E, ,HARRISON ROAD,201412558,25/04/2014,Fri,1715,DA,CN1,102A 111A 131A 402A 517A ,S,M,D,TN,F , , ,C,100,0,0,2,,,1960539,5782626
Opotiki District,2/283/3.847,40,E, ,RANKIN ROAD,201449267,17/12/2014,Wed,1734,DB,CN1,111A 131A 801 901 ,P,M,W,O ,H , , ,C,100,0,0,0,,,1963672,5780465
Opotiki District,2/283/3.902,500,W, ,KUTARERE WHARF ROAD,201417954,22/12/2014,Mon,1740,BF,4W14,131A ,,S,D,B ,F , , ,C,100,0,1,2,,,1963703,5780511
Opotiki District,RUATUNA ROAD,, ,I,2/283/6.026,201444387,28/09/2014,Sun,2127,CC,MS2,112A 130A 514A ,,R,D,DO,F ,T,G,C,100,0,0,0,,,1965249,5781676
Opotiki District,2/294/4.42,200,W, ,PAERATA RIDGE ROAD,201443226,11/08/2014,Mon,,CB,CE1,101A 130A ,T,R,D,DN,F , , ,C,100,0,0,0,,,1971950,5786606
Opotiki District,2/294/5.703,280,S, ,WAIOTAHI DRIFTS BOULEVARD,201400136,15/06/2014,Sun,535,CB,4S1,410A ,VZ,R,D,DN,F , , ,C,100,1,0,0,,,1973027,5786016
Opotiki District,2/294/6.135,100,E, ,DUNLOP ROAD,201438656,29/06/2014,Sun,1722,DA,CW1,131A 402A ,FV,M,W,DN,F , , ,C,100,0,0,0,,,1973352,5785731
Opotiki District,2/294/6.335,300,E, ,DUNLOP ROAD,201411894,29/01/2014,Wed,1725,DB,CW1,135A 339A 804 817 ,V,E,D,BN,F , ,N,N,100,0,0,1,,,1973504,5785601
Opotiki District,2/294/7.235,1200,E, ,DUNLOP ROAD,201430011,08/01/2014,Wed,830,CC,CE1,130A ,V,R,D,BN,F , ,N,C,100,0,0,0,,,1974375,5785431
Opotiki District,2/294/8.014,100,S, ,BAIRDS ROAD,201416912,03/09/2014,Wed,315,DA,TN1,131A 410A ,G,E,D,DN,F , ,N,C,80,0,0,1,,,1974799,5784847
Opotiki District,2/294/8.864,50,W, ,WOODLANDS ROAD,201432968,14/03/2014,Fri,2020,EC,CE1,912,W,S,D,DO,F , , ,C,50,0,0,0,,,1974893,5784033
Opotiki District,2/294/9.315,80,W, ,FORSYTH ST,201410357,25/01/2014,Sat,1425,DA,CW1,504A ,GT,E,D,BF,F , ,N,C,50,0,4,1,,,1975295,5784132
Opotiki District,2/304/1.294,200,N, ,STONEY CREEK ROAD,201446906,13/08/2014,Wed,1545,EC,CN1,911,W,R,D,BN,F , ,N,C,100,0,0,0,,,1976491,5782900
Opotiki District,2/304/4.186,, ,I,APANUI ROAD,201440712,25/07/2014,Fri,1220,FD,CS1V,181A ,,R,D,B ,F ,X,S,C,100,0,0,0,,,1976459,5780068
Opotiki District,2/304/8.987,1000,S, ,WAIOEKA PA ROAD,201439048,21/06/2014,Sat,930,DA,VN1,131A ,Z,M,W,OF,L , ,N,C,100,0,0,0,,,1975982,5775309
Opotiki District,2/304/12.464,1070,S, ,OMOKO BR,201435832,26/03/2014,Wed,1040,FD,CN1CC,832,,S,D,BF,F , ,N,C,80,0,0,0,,,1975661,5772441
Opotiki District,2/318/1.361,12000,N, ,TAURANGA STM BR,201446802,11/10/2014,Sat,1430,BB,CN1C,123A 150A ,,S,W,O ,F , ,N,C,100,0,0,0,,,1974238,5772362
Opotiki District,2/318/7.928,500,N, ,OWHIRITOA BR,201411192,30/03/2014,Sun,1544,DA,MN1,131A 844 ,,M,D,B ,F , , ,C,80,0,1,1,,,1974702,5766336
Opotiki District,2/318/8.428,, ,A,OWHIRITOA BR,201410148,17/01/2014,Fri,900,DB,CN1,131A 402A 407A ,E,E,D,B ,F , , ,C,100,0,0,1,,,1975092,5766183
Opotiki District,2/318/10.197,, ,A,GRAHAMS BR,201414046,18/05/2014,Sun,1430,DA,MS1,110A 135A 801 810 ,C,E,W,B ,F , ,N,C,100,0,0,1,,,1976174,5765187
Opotiki District,2/318/12.361,1000,N, ,TAURANGA STM BR,201411064,22/02/2014,Sat,1700,AB,MN14,153A ,,M,D,TN,F , , ,C,100,0,0,1,,,1976598,5763853
Opotiki District,2/334/0.428,4750,N, ,WAIATA ROAD,201400064,26/03/2014,Wed,1,DB,TN1,111A 131A ,C,M,D,DN,F , , ,L,100,1,0,1,,,1977717,5760193
Opotiki District,2/334/2.878,2300,N, ,WAIATA ROAD,201434127,04/04/2014,Fri,1700,DA,TS1,111A 131A ,C,M,D,B ,F , , , ,100,0,0,0,,,1977387,5758686
Opotiki District,2/334/7.178,2000,S, ,WAIATA ROAD,201433457,25/02/2014,Tue,1230,DB,VS1,129A 134A ,C,M,D,BN,F , ,N,C,100,0,0,0,,,1976834,5755522
Opotiki District,2/334/11.275,100,N, ,OMAUKORO BR,201412499,16/04/2014,Wed,1100,DB,CN1,111A 131A 402A 632A 801 904 ,EZ,E,W,O ,M , , ,C,100,0,3,0,,,1979543,5755217
Opotiki District,35/0/0.15,150,S, ,SH 2,201432067,28/01/2014,Tue,945,MF,CS1C,387A 145B 371B ,,R,D,BF,F , ,N,C,50,0,0,0,,,1976427,5784292
Opotiki District,ELLIOTT ST,, ,I,ST JOHN ST,201435524,10/04/2014,Thu,1545,DA,CS2C,103A 111A 131A 430A ,M,E,D,B ,F ,R,G,R,50,0,0,0,,,1976467,5785041
Opotiki District,35/0/1.378,100,E, ,OTARA RIV BR,201434193,20/04/2014,Sun,100,DB,CE1,101A 131A 801 ,F,E,W,DO,L , , ,C,70,0,0,0,,,1976945,5785055
Opotiki District,35/0/2.408,250,N, ,SNELL ROAD,201448815,11/12/2014,Thu,920,CB,CS1,129A 358A 407A 801 ,S,R,W,O ,L , , ,C,100,0,0,0,,,1977587,5785760
Opotiki District,35/0/5.81,, ,I,WAIRAKAIA ROAD,201418000,23/11/2014,Sun,1335,GE,MW14,103A 112A 333A 532A ,,R,D,BN,F ,T,G,C,100,0,1,0,,,1980743,5786292
Opotiki District,35/0/6.099,250,W, ,TIROHANGA STM BR,201415746,18/06/2014,Wed,2124,EA,CE14,103A 341A ,Q,R,D,DN,F , ,N,C,100,0,0,2,,,1981032,5786301
Opotiki District,35/0/7.58,500,E, ,TIROHANGA ROAD,201413278,06/06/2014,Fri,1140,AO,VW1C,331A 361A ,,E,D,B ,F , ,N,C,80,0,0,1,,,1982476,5786516
Opotiki District,35/11/0.632,500,E, ,MOTU ROAD,201439057,24/06/2014,Tue,635,EC,CW1,913,W,M,D,DN,F , ,N,C,100,0,0,0,,,1986004,5786535
Opotiki District,35/11/4.25,200,E, ,OPAPE ROAD E,201431796,21/01/2014,Tue,1115,FO,VW1C,197A 331A 351B 442B 443B 831 901 ,,E,W,O ,H , , ,C,100,0,0,0,,,1989492,5787222
Opotiki District,35/11/4.635,140,W, ,HINAHINANUI ROAD,201444026,19/08/2014,Tue,530,EC,TW1,912,W,E,D,DN,F , ,N,C,90,0,0,0,,,1989860,5787120
Opotiki District,35/11/10.562,200,E, ,SNELL ROAD,201417713,16/12/2014,Tue,2049,AD,CN1C,111A 402A ,,E,D,TN,F , ,N,C,100,0,0,2,,,1994012,5789823
Opotiki District,35/41/2.096,2000,N, ,MOTU BR,201415147,09/08/2014,Sat,2230,EC,CN1,402A 912 ,VW,R,D,DN,F , , ,C,100,0,0,2,,,2005967,5799905
Opotiki District,35/65/1.798,400,N, ,COPENHAGEN ROAD W,201442756,26/09/2014,Fri,1950,EC,VN1,912,W,R,D,DN,F , ,N,C,100,0,0,0,,,2012432,5812532
Opotiki District,35/65/5.189,3000,N, ,TE KAHA HOTEL ROAD,201431795,08/02/2014,Sat,1325,DA,CN1,131A 404A 801 ,FJ,M,W,O ,L , , ,C,100,0,0,0,,,2014549,5814167
Opotiki District,35/65/13.704,, ,A,WAIKAWA BR,201413900,18/06/2014,Wed,830,DB,TE1,111A 131A ,,S,D,ON,FS, ,N,C,100,0,0,1,,,2018720,5819316
Opotiki District,35/79/4.867,670,S, ,WHANARUA BR,201410000,05/01/2014,Sun,1830,DB,CW1,111A 358A 407A 800 801 ,ST,E,W,O ,L , , ,C,100,0,0,1,,,2022570,5818791
Opotiki District,35/94/7.052,2500,W, ,ORETE POINT ROAD,201416712,19/07/2014,Sat,1930,EC,MW1,912,W,R,W,DN,F , , ,C,100,0,0,1,,,2031812,5823778
Otorohanga District,BAYLEY ROAD,260,N, ,LOOP ROAD,201445103,18/09/2014,Thu,1700,DB,CS1,111A 131A 402A 801 ,F,M,W,O ,L , , ,N,100,0,0,0,,,1817728,5772566
Otorohanga District,HARBOUR ROAD,200,N, ,BERNTSEN ROAD,201417960,08/12/2014,Mon,1530,DB,CS1,410A ,G,E,D,O ,F , , ,N,100,0,0,2,,,1769380,5783544
Otorohanga District,HARBOUR ROAD,6200,W, ,HAUTURU ROAD,201446957,04/07/2014,Fri,1500,BC,TE1V,818,,S,D,ON,F , ,N,N,100,0,0,0,,,1765463,5779423
Otorohanga District,HODDLE ROAD,1500,E, ,MAIHIIHI ROAD,201417403,15/10/2014,Wed,1520,BF,TW1C,111A 131A ,,S,D,BN,F , ,N,N,100,0,0,1,,,1811722,5762839