TLANAME,CRASHROAD,CRASHDIST,CRASHDIRN,INTSN,SIDEROAD,CRASHID,CRASHDATE,CRASHDOW,CRASHTIME,MVMT,VEHICLES,CAUSES,OBJECTSSTRUCK,ROADCURVE,ROADWET,LIGHT,WTHRa,JUNCTYPE,TRAFCTRL,ROADMARK,SPDLIM,CRASHFATALCNT,CRASHSEVCNT,CRASHMINCNT,PERSAGE1,PERSAGE2,EASTING,NORTHING
Otorohanga District,HONIKIWI ROAD,300,W, ,INNES ROAD,201410853,11/01/2014,Sat,2300,DA,CN1,104A 111A 131A 402A 809 ,C,M,W,DN,F , , ,C,100,0,1,1,,,1785253,5775306
Otorohanga District,KAWA ROAD,, ,I,OURUWHERO ROAD,201442844,31/08/2014,Sun,1130,MO,CE1,110A 130A 433A ,C,R,D,B ,F ,X,S,C,100,0,0,0,,,1795466,5781107
Otorohanga District,KAWA ROAD,200,E, ,POKURU ROAD,201443049,22/08/2014,Fri,1,DA,VW1,103A 131A 402A 632A ,FT,E,D,DN,F , , ,C,100,0,0,0,,,1795658,5781160
Otorohanga District,KAWA ROAD,, ,A,WAIPA RIV BR,201443642,31/08/2014,Sun,1131,CA,CW1,112A 130A 353A ,B,R,D,B ,F , , ,C,100,0,0,0,,,1793078,5780573
Otorohanga District,KIO KIO STATION ROAD,340,E, ,OURUWHERO ROAD,201442980,31/08/2014,Sun,1300,DA,CE1,129A 131A ,,E,D,B ,F , , ,C,100,0,0,0,,,1795615,5775267
Otorohanga District,MANGAWHERO ROAD,1450,S, ,OTEWA ROAD,201414139,15/03/2014,Sat,1700,CB,CS1,129A 350A ,C,R,W,ON,HS, ,N,C,70,0,0,1,,,1794657,5768641
Otorohanga District,NGAHAPE ROAD,20,N, ,GALLAGHER ROAD EAST,201450635,19/07/2014,Sat,100,CC,4S1,101A 125A ,F,R,I,DN,M ,T,G,C,100,0,0,0,,,1806682,5777624
Otorohanga District,NGAHAPE ROAD,700,N, ,GALLAGHER ROAD EAST,201448509,11/11/2014,Tue,1735,DA,CS1,131A ,F,E,W,ON,H , ,N,C,100,0,0,0,,,1806805,5778280
Otorohanga District,NGAHAPE ROAD,1760,S, ,SH 3,201445959,19/10/2014,Sun,130,DA,4S1,101A 131A 402A ,F,M,D,DN,F , , ,C,100,0,0,0,,,1806804,5778259
Otorohanga District,OLD TE KUITI ROAD,390,S, ,PUKETAWAI ROAD,201450511,17/12/2014,Wed,1330,DB,CN1,111A 131A ,C,E,W,O ,L , , ,C,100,0,0,0,,,1793068,5764811
Otorohanga District,OLD TE KUITI ROAD,400,S, ,PUKETAWAI ROAD,201441554,02/08/2014,Sat,120,DA,VN1,129A 350A 402A ,F,M,W,DN,F , ,N,C,100,0,0,0,,,1793059,5764805
Otorohanga District,OTEWA ROAD,, ,I,MANGAWHERO ROAD,201412110,23/04/2014,Wed,1000,GE,TE1O,150A 197A 372B 402B ,V,R,D,B ,F ,T,N,C,100,0,0,1,,,1794483,5769982
Otorohanga District,OTEWA ROAD,20,E, ,SH 3,201448558,07/11/2014,Fri,2357,DA,CN1,111A 131A 410A 514A ,C,S,D,DO,F ,T,G,C,50,0,0,0,,,1793407,5770417
Otorohanga District,OURUWHERO ROAD,1000,N, ,KIO KIO STATION ROAD,201447348,07/11/2014,Fri,1630,DA,CN1,129A 134A ,P,E,D,B ,F , ,N,C,100,0,0,0,,,1794975,5776063
Otorohanga District,OURUWHERO ROAD,1000,N, ,MOUNTAIN VIEW ROAD,201435561,16/04/2014,Wed,911,DA,CS1,134A 407A ,F,E,W,O ,F , , ,C,100,0,0,0,,,1793526,5773026
Otorohanga District,POKURU ROAD,1000,N, ,KAWA ROAD,201449350,21/11/2014,Fri,1250,DA,CS1,121A 131A 134A 402A ,C,E,D,O ,F , , ,C,100,0,0,0,,,1795185,5782046
Otorohanga District,RAGLAN ROAD,9200,N, ,KAWHIA ROAD,201433126,09/03/2014,Sun,1500,DB,CS1,131A ,C,M,D,B ,F , , ,N,100,0,0,0,,,1766261,5793814
Otorohanga District,SEAFUND ROAD,400,E, ,NEWMAN ROAD,201411255,05/03/2014,Wed,1915,CA,CW1,129A 130A 407A ,,R,D,B ,F , , ,C,100,0,0,1,,,1819132,5775070
Otorohanga District,TAURAROA VALLEY ROAD,1200,W, ,HODDLE ROAD,201410473,08/01/2014,Wed,1150,BB,MW14,123A ,,S,D,O ,F , , ,N,100,0,1,0,,,1812745,5760625
Otorohanga District,TURONGO ST,, ,I,HAEREHUKA ST,201415115,30/07/2014,Wed,835,HA,4E2C,302A 370A ,,R,D,O ,F ,X,G,C,50,0,0,1,,,1793499,5771199
Otorohanga District,WAIPAPA ROAD,40,N, ,PUKEWHAU ROAD,201418514,13/12/2014,Sat,2223,DB,CN1,101A 131A ,B,E,D,DN,F , ,N,N,100,0,0,2,,,1828680,5769617
Otorohanga District,WAIPAPA ROAD,470,N, ,PUKEWHAU ROAD,201432748,16/02/2014,Sun,1500,CA,TN1,129A 134A ,,R,D,O ,F , , ,C,100,0,0,0,,,1828564,5770031
Otorohanga District,WAIPAPA ROAD,2100,S, ,WAIREHI ROAD,201413609,04/05/2014,Sun,746,CB,4S1,103A 131A 412A 904 ,F,R,D,DN,M , , ,C,100,0,0,1,,,1833075,5761025
Otorohanga District,WAITOMO VALLEY ROAD,80,W, ,HAURUA ROAD,201450633,27/11/2014,Thu,1325,DA,CW1,131A ,F,E,D,O ,F , ,N,C,100,0,0,0,,,1790200,5769813
Otorohanga District,WAITOMO VALLEY ROAD,3600,W, ,HAURUA ROAD,201418121,30/11/2014,Sun,1442,QB,CE1,523A 525A 663A ,,E,D,B ,F , , ,C,100,0,1,0,,,1787321,5768383
Otorohanga District,WAIWERA ST,10,S, ,HONE ST,201412496,31/01/2014,Fri,1600,KA,CN1M,308B 378B 402B 834 929 ,,E,D,B ,F ,D, ,C,50,0,0,1,,,1759251,5785011
Otorohanga District,WHAREPUHUNGA ROAD,200,S, ,SETTLER ROAD,201441099,05/05/2014,Mon,1430,DA,4S1,111A 135A 801 811 842 ,,S,W,ON,H , ,N,C,100,0,0,0,,,1807127,5779551
Otorohanga District,WHAREPUHUNGA ROAD,960,E, ,SH 3,201440953,21/06/2014,Sat,934,DA,CE1,131A ,C,E,W,ON,L , ,N,C,100,0,0,0,,,1807018,5779705
Otorohanga District,WHAREPUHUNGA ROAD,1000,E, ,SH 3,201413638,08/05/2014,Thu,1738,DA,CE1,135A 801 809 815 ,F,E,W,DN,L , , ,C,100,0,0,1,,,1807040,5779672
Otorohanga District,3/36/3.841,1040,S, ,NGAHAPE ROAD,201415640,28/07/2014,Mon,1953,DA,CS1,129A 351A ,F,E,D,DN,F , ,N,C,100,0,0,1,,,1805348,5778928
Otorohanga District,3/36/4.421,1620,S, ,NGAHAPE ROAD,201417611,16/11/2014,Sun,1644,BC,CN1CC,121A 410A ,,M,D,B ,F , ,N,C,100,0,0,3,,,1804830,5778675
Otorohanga District,3/36/6.539,, ,I,PUKETARATA ROAD,201449342,02/12/2014,Tue,1004,GD,CN1C,331A 370A ,F,R,D,B ,F ,T,S,C,100,0,0,0,,,1803607,5777021
Otorohanga District,3/36/10.884,300,S, ,AWATANE ROAD,201410474,31/01/2014,Fri,1500,DA,CS1,131A 404A ,F,E,D,B ,F , , ,C,100,0,0,2,,,1801177,5773930
Otorohanga District,3/36/12.475,1000,N, ,ROBERTS ROAD,201442786,20/07/2014,Sun,715,DA,CN1,131A 410A ,F,E,D,TN,F , ,N,C,100,0,0,0,,,1799666,5773770
Otorohanga District,3/36/13.053,40,S, ,KIO KIO STATION ROAD,201430141,08/01/2014,Wed,1330,DB,CN1,131A 501A ,G,E,D,ON,F , ,N,C,100,0,0,0,,,1799121,5773948
Otorohanga District,3/36/13.175,300,E, ,ROBERTS ROAD,201449289,14/12/2014,Sun,547,DB,CW1,111A 131A 801 901 ,G,E,W,O ,H , , ,C,100,0,0,0,,,1799002,5773977
Otorohanga District,3/36/13.775,300,S, ,ROBERTS ROAD,201446647,12/10/2014,Sun,2030,EC,CN1,912,W,E,D,DN,F , , ,C,100,0,0,0,,,1798473,5773713
Otorohanga District,3/36/14.015,540,S, ,ROBERTS ROAD,201447441,11/11/2014,Tue,455,EC,VN1,912,W,R,D,DN,F , ,N,C,100,0,0,0,,,1798278,5773575
Otorohanga District,3/36/17.018,50,S, ,BLUCK ROAD,201443046,29/07/2014,Tue,1655,EA,CN1V,129A 358A ,M,R,D,O ,F , , ,C,70,0,0,0,,,1795969,5772224
Otorohanga District,3/36/17.673,190,N, ,THOMSON AVENUE,201413627,27/05/2014,Tue,1314,CB,CS1,130A 412A ,T,R,D,B ,F , , ,C,70,0,0,2,,,1795399,5772017
Otorohanga District,3/36/17.963,100,S, ,THOMSON AVENUE,201436014,11/04/2014,Fri,1305,FD,CS1CC,181A ,,R,W,OF,L , ,N,C,50,0,0,0,,,1795251,5771769
Otorohanga District,3/36/19.672,, ,I,WAHANUI CRESCENT N,201438242,09/06/2014,Mon,1410,GD,VN1V,331A 352A ,,R,W,OF,L ,X,S,C,50,0,0,0,,,1793708,5771276
Otorohanga District,3/36/19.821,10,N, ,WAHANUI CRESCENT S,201410854,10/01/2014,Fri,1840,PF,VS1EC,129A 330A 404A ,,R,D,B ,F ,X,S,C,50,0,0,2,24,,1793644,5771141
Otorohanga District,3/57/0.537,, ,I,OTEWA ROAD,201447438,15/11/2014,Sat,1445,BF,TS1B,197A 407A ,,M,W,O ,F ,T,G,C,50,0,0,0,,,1793390,5770428
Otorohanga District,3/57/1.812,440,N, ,SPICER ROAD,201411843,13/01/2014,Mon,825,BF,VS1C,136A 681A ,,E,D,ON,F , ,N,C,100,0,0,1,,,1792675,5769428
Otorohanga District,3/57/2.052,200,N, ,SPICER ROAD,201418633,14/11/2014,Fri,555,DB,CN1,101A 410A ,,E,W,TN,F , ,N,C,100,0,0,1,,,1792644,5769192
Otorohanga District,3/57/2.232,20,N, ,SPICER ROAD,201441550,21/07/2014,Mon,1,BA,CN1C,125A ,,R,W,DN,L , ,N,C,100,0,0,0,,,1792604,5769016
Otorohanga District,3/57/2.752,500,S, ,SPICER ROAD,201410472,27/01/2014,Mon,437,CC,VN1,410A ,CV,R,D,DN,F , , ,C,100,0,0,1,,,1792446,5768521
Otorohanga District,3/57/2.952,700,S, ,SPICER ROAD,201438477,17/06/2014,Tue,1340,CC,CS1,136A 631A 801 ,F,R,W,O ,L , , ,C,100,0,0,0,,,1792383,5768331
Otorohanga District,3/57/3.859,130,S, ,IRELAND ROAD,201447349,06/11/2014,Thu,1014,GE,VN1T,157A 160A 387A 929 ,,R,D,B ,F ,D,N,C,70,0,0,0,,,1792102,5767468
Otorohanga District,3/57/4.84,930,N, ,GOLF ROAD,201430139,05/01/2014,Sun,1010,DA,4N1,131A 687A 901 ,F,E,W,ON,H , ,N,C,90,0,0,0,,,1791754,5766552
Otorohanga District,3/57/4.934,800,N, ,GOLF ROAD,201411842,01/03/2014,Sat,1023,DA,CN1,129A 134A ,F,E,D,BN,F , ,N,C,100,0,0,1,,,1791717,5766466
Otorohanga District,3/57/4.979,1250,S, ,IRELAND ROAD,201432948,02/02/2014,Sun,450,DA,CN1,411A ,C,E,D,DN,F , , ,C,100,0,0,0,,,1791700,5766424
Otorohanga District,30/47/11.803,2300,S, ,TAUPO BDY,201433759,02/04/2014,Wed,900,DA,TE1,111A 131A ,F,M,D,O ,F , , ,C,100,0,0,0,,,1825722,5737685
Otorohanga District,RANGITAHI ST,, ,I,31/0/0.254,201437790,02/05/2014,Fri,2218,DB,CE2,111A 131A 357A ,P,S,D,DO,F ,T,G,C,50,0,0,0,,,1793308,5771020
Otorohanga District,31/0/1.474,30,N, ,WAITOMO VALLEY ROAD,201416999,19/10/2014,Sun,530,DA,CN1,104A ,F,E,D,DN,F , ,N,C,100,0,0,1,,,1792209,5771540
Otorohanga District,31/0/1.883,200,S, ,HONIKIWI ROAD,201438236,08/06/2014,Sun,1543,DB,CS1,129A 410A ,T,E,W,ON,L , ,N,C,100,0,0,0,,,1791971,5771849
Otorohanga District,31/0/3.647,1500,S, ,MANGAMAHOE ROAD,201438313,21/04/2014,Mon,320,DA,CS1,111A 131A 412A 801 ,C,M,W,DN,L , , ,L,100,0,0,0,,,1792833,5773200
Otorohanga District,31/0/3.945,1800,N, ,REDLAND ROAD,201412079,19/04/2014,Sat,710,DA,CS1,131A 135A 901 ,C,M,W,O ,H , ,N,C,100,0,0,1,,,1792766,5773487
Otorohanga District,31/0/7.533,400,S, ,OWAIKURA ROAD,201417961,05/12/2014,Fri,1830,DA,CN1,131A 358A 804 ,EF,E,D,O ,F , , ,C,100,0,0,1,,,1792242,5776936
Otorohanga District,31/31/4.193,6600,E, ,HARBOUR ROAD,201450188,01/12/2014,Mon,900,CC,CE1S,110A 130A 197B 801 ,C,R,W,O ,L , , ,C,100,0,0,0,,,1775181,5783506
Otorohanga District,31/47/7.26,80,N, ,LAKE ROAD,201413754,03/06/2014,Tue,820,DA,CN1,129A 131A ,C,E,D,BN,F , ,N,C,100,0,0,1,,,1760471,5787696
Otorohanga District,39/43/5.218,1200,S, ,HANNING ROAD,201448557,06/11/2014,Thu,2115,JA,TS1O,308B 382B 929 ,,R,D,DN,F ,D,N,C,100,0,0,0,,,1792518,5789110
Otorohanga District,39/43/6.186,1000,N, ,TE TAHI ROAD,201439318,09/03/2014,Sun,1250,CB,CN1,129A ,F,R,D,B ,F , ,N,C,100,0,0,0,,,1792102,5788236
Otorohanga District,39/43/7.186,, ,I,TE TAHI ROAD,201432909,19/02/2014,Wed,1528,DB,CS1,410A ,FV,E,D,O ,F ,T,S,C,100,0,0,0,,,1791419,5787566
Otorohanga District,39/43/8.639,600,S, ,KIWI ROAD,201438478,03/06/2014,Tue,1200,CB,CS1,358A ,C,R,D,B ,F , , ,C,100,0,0,0,,,1790438,5786638
Otorohanga District,39/43/12.695,700,E, ,PARIHORO ROAD,201436004,24/03/2014,Mon,2230,JA,TS1O,308B 375B 929 ,,E,D,DN,F ,D,N,C,100,0,0,0,,,1790566,5784405
Palmerston North City,ABRAHAM CRESCENT,, ,I,LANGLEY AVENUE,201416872,16/11/2014,Sun,1810,DA,CS1,103A 111A 131A ,T,M,D,TF,F ,T,N,N,50,0,1,0,,,1821674,5532204
Palmerston North City,ADA ST,15,N, ,ROLLESTON ST,201445050,16/10/2014,Thu,,MO,CS14,371A 929 ,M,R,D,DO,F ,D,N,N,50,0,0,0,,,1822280,5529001
Palmerston North City,ADMIRAL PLACE,60,N, ,TREMAINE AVENUE,201434137,17/03/2014,Mon,848,MD,VS1V,308B 371B 927 ,,E,D,B ,F ,D, ,N,50,0,0,0,,,1819489,5530155
Palmerston North City,AIRPORT DRIVE,, ,A,AIRPORT TERMINAL RD,201445023,10/10/2014,Fri,650,LB,CS1C,302A 375A ,,E,D,O ,F ,R,G,N,50,0,0,0,,,1822674,5532778
Palmerston North City,AIRPORT DRIVE,, ,A,AIRPORT TERMINAL RD,201418327,13/12/2014,Sat,1320,JA,ME1C,173A ,,R,D,BF,F ,R,G,C,50,0,1,0,,,1822674,5532778
Palmerston North City,AIRPORT DRIVE,140,W, ,MCGREGOR ST,201414280,31/07/2014,Thu,117,DB,CE1,103A 110A ,C,E,W,DN,L , ,N,R,50,0,0,1,,,1822396,5532690
Palmerston North City,ALBERT ST,30,N, ,BROADWAY AVENUE,201436235,09/05/2014,Fri,1027,FD,CN1CC,181A 181B ,,R,D,B ,F , , ,C,50,0,0,0,,,1822786,5530206
Palmerston North City,ALBERT ST,100,S, ,BROADWAY AVENUE,201436504,04/05/2014,Sun,1100,KA,CN1S,308B 370B 925 ,,R,D,B ,F ,D, ,C,50,0,0,0,,,1822859,5530074
Palmerston North City,ALBERT ST,25,N, ,CHURCH ST,201434005,16/04/2014,Wed,2145,MC,CN1C,372B ,,R,W,DO,F , ,N,C,50,0,0,0,,,1822918,5529965
Palmerston North City,ALBERT ST,, ,I,COLLEGE ST,201447759,05/11/2014,Wed,1443,GD,CS1P,181A 333A ,,R,D,O ,F ,X,S,C,50,0,0,0,,,1823238,5529373
Palmerston North City,ALBERT ST,, ,I,ELMIRA AVENUE,201414429,21/06/2014,Sat,920,KA,SN14,113B 375B ,,R,D,OF,F ,T,N,C,50,0,0,1,,75,1823179,5529490
Palmerston North City,ALBERT ST,50,N, ,GREY ST,201449671,27/12/2014,Sat,1810,EA,VN1C,129A ,M,R,D,B ,F , , ,C,50,0,0,0,,,1822648,5530460
Palmerston North City,ALBERT ST,, ,I,GREY ST,201450887,07/12/2014,Sun,1655,HA,CS1C,302A 375A ,,E,W,BF,M ,R,G,R,50,0,0,0,,,1822670,5530415
Palmerston North City,ALBERT ST,60,N, ,MAIN ST,201432472,14/02/2014,Fri,1735,MF,CS1C,350B 371B ,,R,D,BF,F , ,N,C,50,0,0,0,,,1822841,5530106
Palmerston North City,ALBERT ST,, ,I,MANAWATU ST,201417343,17/10/2014,Fri,908,KB,VN1B,303B 501B ,,E,D,B ,F ,T,G,C,50,0,0,1,,,1824057,5527872
Palmerston North City,ALBERT ST,5,S, ,SH 3,201445132,19/09/2014,Fri,1939,FE,CN1C,331A ,,R,D,DO,F ,X,T,C,50,0,0,0,,,1822878,5530039
Palmerston North City,ALBERT ST,, ,I,STEWART CRESCENT,201411144,25/02/2014,Tue,850,KA,SS1C,303B 375B ,,R,D,O , F,X,N,C,50,0,0,1,,30,1823179,5529490
Palmerston North City,ALBERT ST,, ,I,TE AWE AWE ST,201440680,19/07/2014,Sat,908,HA,CN2V,302A 375A 642A ,,R,D,B ,F ,R,G,R,50,0,0,0,,,1823612,5528678
Palmerston North City,AMBERLEY AVENUE,, ,I,TREMAINE AVENUE,201448665,04/12/2014,Thu,35,DB,CS1,111A 131A ,F,E,D,DO,F ,T,G,C,50,0,0,0,,,1818370,5529461
Palmerston North City,AMESBURY ST,30,S, ,ACHILLES COURT,201434874,17/03/2014,Mon,1320,EA,CN1C,129A ,M,R,D,OF,F , ,N,N,50,0,0,0,,,1822113,5529936
Palmerston North City,AMESBURY ST,30,N, ,BROADWAY AVENUE,201445131,18/09/2014,Thu,1155,MO,CN1C,371A ,Q,R,D,O ,F , , ,C,50,0,0,0,,,1822160,5529852
Palmerston North City,ASHHURST ROAD,60,E, ,HARRISONS ROAD,201437562,09/06/2014,Mon,1520,DA,CS1,131A 402A ,V,M,W,O ,L , , ,C,100,0,0,0,,,1833160,5535803
Palmerston North City,ASHHURST ROAD,1400,W, ,KELVIN GROVE ROAD,201430197,11/01/2014,Sat,500,CC,CE1,411A ,,R,D,DN,F , , ,C,100,0,0,0,,,1827230,5536921
Palmerston North City,ASHHURST ROAD,, ,I,KELVIN GROVE ROAD,201450052,31/12/2014,Wed,1408,FD,400000000000000,181A 191B ,,R,D,B ,F ,T,G,C,100,0,0,0,,,1828620,5536766
Palmerston North City,ASHHURST ROAD,100,W, ,RAYMOND ST,201450878,28/11/2014,Fri,515,DB,CW1,103A 410A ,,E,D,ON,F , ,N,C,100,0,0,0,,,1824100,5537432
Palmerston North City,ASHLEY ST,20,S, ,CROSS ST,201443802,11/07/2014,Fri,1410,FD,CS1C,181A 423A ,,R,D,BF,F , ,N,C,50,0,0,0,,,1822129,5529257
Palmerston North City,ASHLEY ST,, ,I,FERGUSON ST,201432486,28/02/2014,Fri,1600,MO,4N1C,371A ,,R,D,OF,F ,X,T,C,50,0,0,0,,,1822163,5529195
Palmerston North City,BENDIGO ST,, ,I,HERBERT AVENUE,201450746,14/12/2014,Sun,1200,EA,CS1C,129A ,M,R,D,OF,F ,T,G,C,50,0,0,0,,,1819758,5530818
Palmerston North City,BENNETT ST,, ,I,BENMORE AVENUE,201414011,03/07/2014,Thu,1236,JA,TE1C,302B 375B ,,R,D,B ,F ,T,G,C,50,0,0,1,,,1820296,5531091
Palmerston North City,BERESFORD ST,15,W, ,SH 3,201442676,25/05/2014,Sun,1300,MO,CW1,133A 423A ,C,R,D,OF,F , ,N,C,50,0,0,0,,,1821257,5530283
Palmerston North City,BERRYMANS LANE,100,S, ,BROADWAY AVENUE,201430087,18/02/2014,Tue,1617,EA,TS1C,129A ,M,R,D,BF,F , ,N,N,50,0,0,0,,,1821993,5529611
Palmerston North City,BOTANICAL ROAD,, ,I,CHURCH ST,201434132,09/04/2014,Wed,1550,GD,CN1C,333A 353A ,,R,D,O ,F ,X,G,C,50,0,0,0,,,1820369,5528529
Palmerston North City,BOTANICAL ROAD,, ,I,CHURCH ST,201434133,27/01/2014,Mon,1340,HA,4W2C,302A 375A 503A ,,R,D,B ,F ,X,G,C,50,0,0,0,,,1820369,5528529
Palmerston North City,BOTANICAL ROAD,50,E, ,FEATHERSTON ST,201437581,10/06/2014,Tue,1300,GD,CS1CC,331A 927 ,,R,W,O ,L ,D,N,C,50,0,0,0,,,1819936,5529319
Palmerston North City,BOTANICAL ROAD,70,N, ,FEATHERSTON ST,201436505,08/05/2014,Thu,1235,EE,CS1T,374B ,M,R,D,O ,F , , ,C,50,0,0,0,,,1819878,5529425
Palmerston North City,BOTANICAL ROAD,, ,I,FEATHERSTON ST,201434057,21/04/2014,Mon,836,LB,CW1C,332A 375A ,,R,D,B ,F ,T,T,C,50,0,0,0,,,1819912,5529363
Palmerston North City,BOTANICAL ROAD,, ,I,FERGUSON ST,201441939,19/08/2014,Tue,940,FB,CS1C,331A 358A 402A ,,R,D,B ,F ,R,G,C,50,0,0,0,,,1820494,5528299
Palmerston North City,BOTANICAL ROAD,, ,I,FERGUSON ST,201446613,22/10/2014,Wed,702,HA,CW2S,302A ,,R,D,B ,F ,R,G,R,50,0,0,0,,,1820512,5528290
Palmerston North City,BOTANICAL ROAD,, ,I,FERGUSON ST,201413025,26/05/2014,Mon,710,LB,CW1S,302A 375A ,,M,W,OF,F ,R,G,R,50,0,0,1,,33,1820497,5528295
Palmerston North City,BOTANICAL ROAD,, ,I,GLASGOW ST,201445143,10/09/2014,Wed,1730,GD,CN1C,331A 352A ,,R,D,O ,F ,T,G,C,50,0,0,0,,,1819838,5529499
Palmerston North City,BOTANICAL ROAD,, ,I,HIGHBURY AVENUE,201413342,30/03/2014,Sun,1308,JA,CN1C,302B 375B 504B ,,R,D,O ,F ,T,G,C,50,0,0,1,,,1820172,5528889
Palmerston North City,BOTANICAL ROAD,30,N, ,LIVERPOOL ST,201411964,26/03/2014,Wed,1820,GA,VS1C,101A 331A 929 ,,R,D,BF,F ,D,N,C,50,0,0,1,,,1819725,5529707
Palmerston North City,BOTANICAL ROAD,50,N, ,LIVERPOOL ST,201434957,29/03/2014,Sat,1000,MO,CN1C,371A 929 ,,R,D,BF,F ,D,N,C,50,0,0,0,,,1819715,5529724
Palmerston North City,BOTANICAL ROAD,, ,I,PIONEER HIGHWAY,201437568,04/04/2014,Fri,2120,LB,4S1C,303B ,,R,D,DO,F ,X,T,C,50,0,0,0,,,1820306,5528642
Palmerston North City,BOTANICAL ROAD,, ,I,PIONEER HIGHWAY,201414844,16/07/2014,Wed,1520,LB,SN1C,210A 303B 306B ,,R,D,BF,F ,X,T,X,50,0,0,1,,34,1820306,5528642
Palmerston North City,BOTANICAL ROAD,, ,I,PIONEER HIGHWAY,201443944,18/06/2014,Wed,2020,KA,VN14,302B 375B ,,E,D,DO,F ,X,T,C,50,0,0,0,,,1820306,5528642
Palmerston North City,BOTANICAL ROAD,, ,I,PIONEER HIGHWAY,201434770,29/04/2014,Tue,1514,HA,CW2C,324A ,,R,W,OF,H ,X,T,C,50,0,0,0,,,1820306,5528642
Palmerston North City,BOTANICAL ROAD,15,S, ,TREMAINE AVENUE,201434201,21/03/2014,Fri,1030,ME,4N1C,371B ,,R,D,B ,F , , ,C,50,0,0,0,,,1819522,5530074
Palmerston North City,BOTANICAL ROAD,15,S, ,TREMAINE AVENUE,201450548,27/10/2014,Mon,2100,ME,VN1C,330A 386A 330B ,,R,D,DO,F , , ,C,50,0,0,0,,,1819522,5530074
Palmerston North City,BOTANICAL ROAD,60,S, ,TREMAINE AVENUE,201444068,20/08/2014,Wed,832,EE,CN1T,129A ,M,R,D,OF,F , ,N,C,50,0,0,0,,,1819545,5530035
Palmerston North City,BOTANICAL ROAD,, ,I,TREMAINE AVENUE,201445445,24/03/2014,Mon,1349,FB,CN1C,181A ,,E,D,B ,F ,R,G,R,50,0,0,0,,,1819514,5530079
Palmerston North City,BOURKE ST,100,S, ,FEATHERSTON ST,201430952,04/01/2014,Sat,1515,GB,CS1C,387A 929 ,,R,D,OF,F ,D,N,C,50,0,0,0,,,1820986,5529837
Palmerston North City,BOURKE ST,200,S, ,FEATHERSTON ST,201437845,09/06/2014,Mon,1725,MB,CS1C,372B ,,R,W,DO,F , ,N, ,50,0,0,0,,,1821034,5529749
Palmerston North City,BOURKE ST,, ,I,WALDING ST,201418722,15/12/2014,Mon,2150,DB,CW2,111A 131A 514A 517A ,C,M,D,DO,F ,T,S,C,50,0,0,1,,,1821133,5529568
Palmerston North City,BOURKE ST,, ,I,WALDING ST,201412518,02/04/2014,Wed,1710,KB,CN1S,370A 184B 303B 372B ,,E,D,B ,F ,T,S,C,50,0,0,1,,13,1821133,5529568
Palmerston North City,BRANKSOME PLACE,230,N, ,POLSON HILL DRIVE,201443284,03/08/2014,Sun,52,DB,CN1,131A 402A 901 ,X,E,W,DO,H , , ,C,70,0,0,0,,,1825847,5527283
Palmerston North City,BRENTWOOD AVENUE,5,E, ,FARNHAM AVENUE,201416907,20/08/2014,Wed,936,MA,MW1C,373B ,,R,D,BF,F ,T,N,C,50,0,0,1,,,1819730,5529330
Palmerston North City,BROADWAY AVENUE,40,E, ,ALBERT ST,201432953,09/03/2014,Sun,1135,ME,CW1C,355B 370B ,,R,D,B ,F , , ,C,50,0,0,0,,,1822849,5530195
Palmerston North City,BROADWAY AVENUE,, ,I,ALBERT ST,201450739,27/11/2014,Thu,1610,FB,CW1C,501A ,,R,D,BF,F ,R,G,P,50,0,0,0,,,1822819,5530178
Palmerston North City,BROADWAY AVENUE,50,E, ,PRINCESS ST,201414030,20/06/2014,Fri,1030,PO,CE1E,370A 671A ,,R,D,B ,F , ,N,C,50,0,0,1,61,,1822090,5529779
Palmerston North City,BROADWAY AVENUE,100,E, ,SH 3,201442934,26/08/2014,Tue,1230,MO,CN1C,330B 371B ,,R,D,B ,F , , ,C,50,0,0,0,,,1822134,5529803
Palmerston North City,BROADWAY AVENUE,100,W, ,SH 3,201445019,23/09/2014,Tue,1121,MF,CW1V,371B ,,R,D,B ,F , ,N,C,50,0,0,0,,,1821959,5529706
Palmerston North City,BROADWAY AVENUE,50,E, ,THE SQUARE,201416300,03/10/2014,Fri,1100,MF,SW1V,371B 377B 839 ,,R,W,O ,H , ,N,C,50,0,0,2,,25,1821809,5529625