TLANAME,CRASHROAD,CRASHDIST,CRASHDIRN,INTSN,SIDEROAD,CRASHID,CRASHDATE,CRASHDOW,CRASHTIME,MVMT,VEHICLES,CAUSES,OBJECTSSTRUCK,ROADCURVE,ROADWET,LIGHT,WTHRa,JUNCTYPE,TRAFCTRL,ROADMARK,SPDLIM,CRASHFATALCNT,CRASHSEVCNT,CRASHMINCNT,PERSAGE1,PERSAGE2,EASTING,NORTHING
Palmerston North City,BROADWAY AVENUE,, ,I,THE SQUARE,201448648,01/12/2014,Mon,915,LB,CW1C,303B ,,R,D,O ,F ,T,T,R,50,0,0,0,,,1821765,5529601
Palmerston North City,BROADWAY AVENUE,, ,I,THE SQUARE,201450879,02/12/2014,Tue,1026,LB,CW1C,303B 375B ,,R,D,OF,F ,T,T,C,50,0,0,0,,,1821765,5529601
Palmerston North City,BROADWAY AVENUE,60,E, ,VICTORIA AVENUE,201450825,19/12/2014,Fri,1012,ME,CW1C,303B 375B 926 ,,R,D,OF,F ,D,N,C,50,0,0,0,,,1822484,5529995
Palmerston North City,BROADWAY AVENUE,15,N, ,VICTORIA AVENUE,201448658,02/12/2014,Tue,1327,FD,CS1V,181A 331A ,,E,D,O ,F ,R,G,C,50,0,0,0,,,1822445,5529973
Palmerston North City,BROADWAY AVENUE,5,W, ,VICTORIA AVENUE,201440630,21/07/2014,Mon,1020,FB,XE1C,801,,R,W,O ,L ,R,G,C,50,0,0,0,,,1822417,5529957
Palmerston North City,BRYANT ST,70,N, ,MAIN ST,201416598,29/08/2014,Fri,728,CB,VN1,112A ,T,R,D,BF,F , ,N,C,50,0,0,1,,,1820765,5528981
Palmerston North City,CAMBRIDGE AVENUE,, ,I,MULGRAVE ST,201445133,26/09/2014,Fri,1425,HA,CW2C,302A ,,R,D,O ,F ,X,G,C,50,0,0,0,,,1834103,5536100
Palmerston North City,CAMP ROAD,250,N, ,FLORENCE DRIVE,201442974,03/08/2014,Sun,440,CC,CS1,101A 130A 404A 901 ,,R,W,DO,H , , ,C,80,0,0,0,,,1819251,5523360
Palmerston North City,CAMP ROAD,50,N, ,TRIESTE ST,201438687,24/06/2014,Tue,715,FD,CN1C,181A ,,R,D,O ,F , , ,C,50,0,0,0,,,1818923,5523703
Palmerston North City,CAMPBELL ROAD,300,N, ,KAIRANGA BUNNYTHORPE ROAD,201410169,17/01/2014,Fri,2238,BE,CS1CC,103A 130A 501A ,,R,D,DN,F , , ,C,100,0,2,1,,,1823379,5537905
Palmerston North City,CAMPBELL ROAD,, ,I,KAIRANGA BUNNYTHORPE ROAD,201445718,21/10/2014,Tue,805,HA,TN1C,302A 375A ,,R,D,O ,F ,R,G,X,50,0,0,0,,,1823580,5537662
Palmerston North City,CAMPBELL ST,, ,I,WALDING ST,201445018,16/10/2014,Thu,930,HA,CE2C,301B 375B ,,R,D,B ,F ,X,S,R,50,0,0,0,,,1821220,5529617
Palmerston North City,CAROW ST,, ,I,PIRIE ST,201442465,29/05/2014,Thu,55,BB,CS2C,124A ,,R,W,DO,L ,T,G,C,50,0,0,0,,,1821905,5530338
Palmerston North City,CENTENNIAL DRIVE,150,S, ,HARDIE ST,201434769,18/04/2014,Fri,1500,DB,CS1,131A 423A ,KPT,E,D,OF,F , ,N,C,50,0,0,0,,,1822881,5527598
Palmerston North City,CHELMARSH PLACE,15,W, ,CLARKE AVENUE,201450561,20/12/2014,Sat,2100,MG,CN1C,371B ,,R,D,DO,F , , ,N,50,0,0,0,,,1818822,5528783
Palmerston North City,CHURCH ST,40,S, ,ALBERT ST,201445410,26/09/2014,Fri,845,MO,CE1C,130A 423A 929 ,MX,R,D,O ,F , , ,C,50,0,0,0,,,1822890,5529907
Palmerston North City,CHURCH ST,20,E, ,ASHLEY ST,201450821,12/12/2014,Fri,1249,MG,VW1V,371B ,Q,R,D,BF,F , ,N,C,50,0,0,0,,,1822042,5529443
Palmerston North City,CHURCH ST,25,E, ,ASHLEY ST,201434200,22/03/2014,Sat,1230,MF,CW1C,371B 671B ,,R,D,O ,F , , ,C,50,0,0,0,,,1822046,5529445
Palmerston North City,CHURCH ST,20,S, ,ASHLEY ST,201448659,01/12/2014,Mon,1600,MF,CS1C,330A 371A ,,R,D,B ,F , , ,C,50,0,0,0,,,1822007,5529424
Palmerston North City,CHURCH ST,, ,I,ASHLEY ST,201446606,26/10/2014,Sun,100,DC,CW1,501A ,KX,E,D,DO,F ,R,G,R,50,0,0,0,,,1822024,5529433
Palmerston North City,CHURCH ST,200,E, ,COOK ST,201446610,20/10/2014,Mon,1340,CA,VE14CV,501A ,MM,R,D,B ,F , , ,C,50,0,0,0,,,1821257,5529013
Palmerston North City,CHURCH ST,150,W, ,COOK ST,201448433,02/10/2014,Thu,1136,MF,CE1V,371B ,,R,D,BF,F , ,N,P,50,0,0,0,,,1821213,5528989
Palmerston North City,CHURCH ST,, ,I,COOK ST,201450820,30/12/2014,Tue,956,FB,CW1C,181A ,,R,W,OF,F ,R,G,R,50,0,0,0,,,1821060,5528905
Palmerston North City,CHURCH ST,20,E, ,LINTON ST,201450747,16/12/2014,Tue,930,MO,CE14,371B ,,R,D,BF,F , ,N,P,50,0,0,0,,,1821633,5529220
Palmerston North City,CHURCH ST,, ,I,RUAHINE ST,201414245,29/07/2014,Tue,1807,HA,CW1S,302A 375A ,,E,D,DO,F ,R,G,C,50,0,0,1,,20,1823315,5530142
Palmerston North City,CHURCH ST,20,E, ,THE SQUARE,201442838,07/08/2014,Thu,1615,MF,CW1C,371B ,,R,D,O ,F ,T,N,C,50,0,0,0,,,1821913,5529372
Palmerston North City,CHURCH ST,10,W, ,THE SQUARE,201432408,20/02/2014,Thu,1710,FD,CE1C,331A ,,R,D,B ,F ,R,G,R,50,0,0,0,,,1821699,5529256
Palmerston North City,CHURCH ST,, ,I,THE SQUARE,201435937,15/05/2014,Thu,1500,AO,VW1S,129A 671A ,,R,D,BF,F ,R,G,R,50,0,0,0,,,1821895,5529362
Palmerston North City,CHURCH ST,50,E, ,WEST ST,201450976,24/10/2014,Fri,1155,LB,CE1C,303B 377B 927 ,,R,D,ON,F ,D,N,N,50,0,0,0,,,,
Palmerston North City,CLAUSEN ST,60,W, ,WOOD ST,201436232,19/05/2014,Mon,810,EA,CW1C,129A 902 ,M,R,D,B ,F , , ,C,50,0,0,0,,,1820562,5530080
Palmerston North City,CLEVELY LINE,, ,I,STONEY CREEK ROAD,201431789,17/01/2014,Fri,1730,LB,VN14,303B 375B ,,R,D,O ,F ,T,N,C,100,0,0,0,,,1824134,5536964
Palmerston North City,COLLEGE ST,100,N, ,BATT ST,201412892,13/05/2014,Tue,740,FC,CN1C,181A 331A 402A ,,R,D,B ,F , , ,X,50,0,0,1,,,1821870,5528621
Palmerston North City,COLLEGE ST,, ,I,BOTANICAL ROAD,201439939,24/05/2014,Sat,2030,HA,CW1V,375A ,,R,W,DO,H ,X,T,C,50,0,0,0,,,1820676,5527968
Palmerston North City,COLLEGE ST,15,W, ,COLOMBO ST,201432305,05/02/2014,Wed,1042,EA,4W1B,103A 129A 130A ,M,R,D,B ,F , , ,C,50,0,0,0,,,1822695,5529074
Palmerston North City,COLLEGE ST,, ,I,COOK ST,201446198,24/10/2014,Fri,1150,HA,CS2V,302A 801 ,,R,W,O ,L ,R,G,R,50,0,0,0,,,1821377,5528365
Palmerston North City,COLLEGE ST,, ,I,MARNE ST,201416905,27/08/2014,Wed,1540,KA,CW1CC,302B 375B ,M,R,D,BF,F ,T,G,C,50,0,0,1,,,1822354,5528885
Palmerston North City,COLLEGE ST,10,W, ,OXFORD ST,201437519,10/06/2014,Tue,1747,FC,CE1C,181A 191B 901 ,,R,W,DO,H ,T,G,C,50,0,0,0,,,1822436,5528931
Palmerston North City,COLLEGE ST,60,E, ,ROCHESTER ST,201433421,18/03/2014,Tue,1445,MC,CE1C,372B ,,E,D,OF,F , ,N,C,50,0,0,0,,,1819863,5527559
Palmerston North City,COLLEGE ST,, ,I,SOUTH ST,201450881,17/11/2014,Mon,1725,DA,CS2,133A 407A ,FT,R,W,OF,H ,T,N,C,50,0,0,0,,,1821701,5528528
Palmerston North City,COLLEGE ST,15,E, ,VICTORIA AVENUE,201431261,23/01/2014,Thu,1150,MA,4N1C,181A 333A ,,R,D,BF,F , ,N,C,50,0,0,0,,,1822876,5529172
Palmerston North City,COLLEGE ST,15,W, ,VICTORIA AVENUE,201430729,16/02/2014,Sun,600,BO,CN1C,125A ,M,R,D,OF,F , ,N,C,50,0,0,0,,,1822849,5529157
Palmerston North City,COOK ST,, ,I,CHURCH ST,201411191,21/03/2014,Fri,1547,HA,VN1S,302A 375A ,,E,D,O ,F ,R,G,R,50,0,0,1,,12,1821073,5528902
Palmerston North City,COOK ST,, ,I,CHURCH ST,201441944,15/08/2014,Fri,2120,HA,CN2C,302A 375A ,,R,D,DO,F ,R,G,C,50,0,0,0,,,1821065,5528907
Palmerston North City,COOK ST,, ,I,CHURCH ST,201440629,22/07/2014,Tue,2145,KA,CS1C,302B ,,S,W,DO,F ,R,G,R,50,0,0,0,,,1821074,5528922
Palmerston North City,COOK ST,, ,I,CHURCH ST,201413744,14/06/2014,Sat,1015,HA,CN1S,302A 375A ,,R,D,BF,F ,R,G,C,50,0,0,1,,32,1821073,5528902
Palmerston North City,COOK ST,, ,I,COLLEGE ST,201445024,08/10/2014,Wed,1656,KA,CN1C,302B 375B ,,M,W,O ,FS,R,G,R,50,0,0,0,,,1821377,5528365
Palmerston North City,COOK ST,, ,I,FERGUSON ST,201432014,26/01/2014,Sun,1901,HA,CN1C,302A 375A 901 ,,R,W,OF,H ,R,G,R,50,0,0,0,,,1821196,5528674
Palmerston North City,COOK ST,, ,I,MAIN ST,201441946,07/08/2014,Thu,1816,HA,CS2C,322A ,,R,D,DO,F ,X,T,R,50,0,0,0,,,1821018,5529026
Palmerston North City,CORONET PLACE,40,W, ,HAMPDEN ST,201415124,15/07/2014,Tue,2351,CA,CW1,101A 130A ,CP,R,D,DO,F , , ,N,50,0,0,1,,,1820098,5526822
Palmerston North City,COVENTRY ST,, ,I,HIGHBURY AVENUE,201444011,21/08/2014,Thu,325,FF,CW1C,512A 514A 517A ,,R,D,DO,F ,T,G,C,50,0,0,0,,,1819419,5529385
Palmerston North City,CREWE CRESCENT,, ,I,ROSS PLACE,201434324,06/03/2014,Thu,100,DC,CN1,111A 131A ,IX,E,D,DO,F ,R,G,R,50,0,0,0,,,1823974,5528534
Palmerston North City,CUBA ST,15,S, ,ANDREW YOUNG ST,201441916,15/08/2014,Fri,1320,MC,CS1C,101B 355B 372B 801 ,,R,W,O ,L , , ,C,50,0,0,0,,,1821346,5529464
Palmerston North City,CUBA ST,, ,I,BRYANT ST,201436494,25/04/2014,Fri,1320,HA,VW1C,302B 375B ,,R,D,BF,F ,X,G,C,50,0,0,0,,,1820695,5529106
Palmerston North City,CUBA ST,150,E, ,COOK ST,201440832,28/07/2014,Mon,1525,JA,CW1C,308B 929 ,,R,D,B ,F ,D,N,C,50,0,0,0,,,1821034,5529295
Palmerston North City,CUBA ST,20,W, ,DOMAIN ST,201448654,02/12/2014,Tue,1505,MO,CE1CC4,423A ,,R,D,B ,F , , ,C,50,0,0,0,,,1821096,5529328
Palmerston North City,CUBA ST,30,W, ,PITT ST,201445021,09/10/2014,Thu,1527,FA,CE1C,112A 181A ,,R,D,B ,F ,T,N,C,50,0,0,0,,,1821203,5529386
Palmerston North City,CUBA ST,, ,I,PITT ST,201414843,03/07/2014,Thu,1600,NE,CN2E,713B ,,M,D,BF,F ,X,T,R,50,0,0,1,14,,1821230,5529401
Palmerston North City,CUBA ST,50,W, ,RANGITIKEI ST,201416042,24/09/2014,Wed,1400,EE,SE1T,374B ,Q,R,D,O ,F , ,N,P,50,0,0,1,,48,1821593,5529598
Palmerston North City,CUBA ST,15,N, ,TAONUI ST,201448660,25/11/2014,Tue,2050,ME,CS1C,350A 371A ,,R,D,TO,F , , ,C,50,0,0,0,,,1821501,5529548
Palmerston North City,DAIRY FARM ROAD,, ,I,TENNENT DRIVE,201412467,14/03/2014,Fri,820,KB,SS14,200A 370A 370B ,,R,D,O ,F ,T,G,R,70,0,0,1,,,1822068,5526703
Palmerston North City,DITTMER DRIVE,300,N, ,PITAMA ROAD,201412495,16/04/2014,Wed,1820,EA,SN1C,330A 208B 901 ,M,E,W,DO,H , , ,C,50,0,0,1,,28,1820666,5527261
Palmerston North City,DITTMER DRIVE,500,E, ,WIKIRIWHI CRESCENT,201450742,09/12/2014,Tue,1515,EA,SW1C,331A 350A ,Q,R,D,BF,F , ,N,C,50,0,0,0,,,1820945,5527502
Palmerston North City,ELLESMERE CRESCENT E,15,S, ,PEMBROKE ST,201430095,31/01/2014,Fri,2300,EA,CN1B,129A ,M,R,D,DO,F ,T,N,N,50,0,0,0,,,1819506,5529064
Palmerston North City,EPSOM ROAD,60,N, ,CHURCHILL AVENUE,201443809,17/08/2014,Sun,143,EA,CE1C,129A ,M,R,D,DO,F , ,N,N,50,0,0,0,,,1823604,5529510
Palmerston North City,FAIRS ROAD,, ,I,RENNIE AVENUE,201414126,01/06/2014,Sun,2243,DB,CS2,101A 131A ,F,M,D,DO,F ,R,G,C,50,0,0,1,,,1821409,5531673
Palmerston North City,FAIRS ROAD,40,N, ,RUTLAND PLACE,201417199,17/10/2014,Fri,837,FD,CN1CCC,331A 350A ,,R,D,B ,F , , ,C,50,0,0,1,,,1822045,5532070
Palmerston North City,FEATHERSTON ST,20,E, ,AROHA ST,201411890,08/03/2014,Sat,1600,FC,PE1C,181A ,,R,D,BF,F , ,N,X,50,0,0,1,,,1821061,5529991
Palmerston North City,FEATHERSTON ST,30,E, ,AROHA ST,201446418,04/09/2014,Thu,820,FD,CW1CC,331A 351A ,,R,D,BF,F , ,N,R,50,0,0,0,,,1821069,5529996
Palmerston North City,FEATHERSTON ST,, ,I,BELFAST PLACE,201450621,16/12/2014,Tue,945,GD,CE1C,181A 512A ,,R,D,B ,F ,T,N,C,50,0,0,0,,,1823452,5531300
Palmerston North City,FEATHERSTON ST,, ,I,BOURKE ST,201436493,04/05/2014,Sun,930,HA,CN2C,302A ,,R,D,BF,F ,X,G,C,50,0,0,0,,,1820938,5529925
Palmerston North City,FEATHERSTON ST,, ,I,BOURKE ST,201444008,16/08/2014,Sat,1910,MC,CW14,372B ,,R,D,DO,F ,X,G,C,50,0,0,0,,,1820938,5529925
Palmerston North City,FEATHERSTON ST,50,W, ,CARROLL ST,201432409,19/02/2014,Wed,1730,FC,CE1C,181A 331A ,,R,D,B ,F , , ,X,50,0,0,0,,,1821626,5530302
Palmerston North City,FEATHERSTON ST,, ,I,ELLIOTT ST,201414733,29/07/2014,Tue,1140,DA,ME1C,108A 111A 131A 514A 691B ,,R,D,B ,F ,T,N,C,50,0,0,1,,,1823642,5531404
Palmerston North City,FEATHERSTON ST,30,E, ,HERETAUNGA ST,201414745,04/08/2014,Mon,830,JA,SE1C,308B 377B 839 929 ,,R,D,B ,F ,D, ,C,50,0,0,2,,17,1822616,5530843
Palmerston North City,FEATHERSTON ST,30,E, ,HERETAUNGA ST,201415131,04/08/2014,Mon,830,MO,CN1CE,351A 371A 440B 929 ,M,R,D,B ,F ,D, ,C,50,0,0,1,25,,1822616,5530843
Palmerston North City,FEATHERSTON ST,, ,I,HERETAUNGA ST,201412005,29/03/2014,Sat,1530,HA,CS2C,301A 375A ,,R,D,B ,F ,X,S,C,50,0,0,7,,,1822589,5530829
Palmerston North City,FEATHERSTON ST,30,E, ,KINGSWOOD ST,201448652,12/11/2014,Wed,1302,CB,CW1V,197A 353A 801 ,M,R,W,O ,L , , ,C,50,0,0,0,,,1820259,5529554
Palmerston North City,FEATHERSTON ST,20,W, ,LOMBARD ST,201416043,19/09/2014,Fri,1640,EE,SW1V,374B ,Q,R,D,O ,F , ,N,C,50,0,0,1,,28,1821098,5530012
Palmerston North City,FEATHERSTON ST,40,W, ,NGATA ST,201436782,12/05/2014,Mon,1910,CB,CW1,330A 350A ,S,R,W,DO,F , ,N,X,50,0,0,0,,,1821547,5530258
Palmerston North City,FEATHERSTON ST,10,E, ,NORTH ST,201439676,30/06/2014,Mon,750,EA,BE1C,129A ,M,R,D,O ,F ,T,G,C,50,0,0,0,,,1821733,5530360
Palmerston North City,FEATHERSTON ST,15,W, ,NORTH ST,201448647,01/12/2014,Mon,1600,MA,CW1C,373B ,,R,D,B ,F , , ,C,50,0,0,0,,,1821711,5530349
Palmerston North City,FEATHERSTON ST,30,W, ,RANGIORA AVENUE,201443293,04/09/2014,Thu,824,FA,CW1C,181A 191B ,,R,D,B ,F , , ,C,50,0,0,0,,,1823032,5531071
Palmerston North City,FEATHERSTON ST,, ,I,RUAHINE ST,201445020,10/10/2014,Fri,2315,DA,VE1,103A 111A ,F,R,D,DO,F ,X,T,C,50,0,0,0,,,1822862,5530978
Palmerston North City,FEATHERSTON ST,20,E, ,RUSSELL ST,201443340,12/09/2014,Fri,1710,FD,VW1C,181A 330A 191B ,,R,D,O ,F , ,N,C,50,0,0,0,,,1822264,5530650
Palmerston North City,FEATHERSTON ST,, ,I,RUSSELL ST,201416908,30/07/2014,Wed,1605,AO,SE1T,158A ,,R,D,BF,F ,R,G,R,50,0,0,1,,65,1822246,5530641
Palmerston North City,FEATHERSTON ST,20,E, ,SH 3,201440834,03/08/2014,Sun,1230,FD,CW1C,181A ,,R,W,O ,L , , ,C,50,0,0,0,,,1821366,5530158
Palmerston North City,FEATHERSTON ST,50,E, ,SH 3,201431725,07/01/2014,Tue,1740,JA,CW1C,308B 927 ,R,R,D,OO,F ,D, ,C,50,0,0,0,,,1821392,5530173
Palmerston North City,FEATHERSTON ST,50,E, ,SH 3,201416098,07/10/2014,Tue,1120,JA,CE1C,112A 514A 926 ,,R,D,O ,F ,D,N,C,50,0,0,2,,,1821392,5530173
Palmerston North City,FEATHERSTON ST,5,W, ,SH 3,201445138,02/10/2014,Thu,1817,FE,4E1V,331A ,,R,D,O ,F ,X,T,C,50,0,0,0,,,1821344,5530146
Palmerston North City,FEATHERSTON ST,5,E, ,SIERRA COURT,201439110,06/06/2014,Fri,1953,MB,VW1C,358B 372B ,,R,D,DO,F ,T,N,C,50,0,0,0,,,1823408,5531276
Palmerston North City,FEATHERSTON ST,20,E, ,TWEED ST,201415954,09/09/2014,Tue,650,EA,CE14,129A 363A 902 ,MT,R,D,B ,F , , ,C,50,0,0,1,,,1823722,5531449
Palmerston North City,FERGUSON ST,20,S, ,ALBERT ST,201430742,14/02/2014,Fri,1725,FD,CN1V,181A ,,R,D,OF,F ,R,G,N,50,0,0,0,,,1823043,5529676
Palmerston North City,FERGUSON ST,, ,I,BOTANICAL ROAD,201442434,08/08/2014,Fri,755,HA,CS2C,302A 375A ,,R,W,OF,L ,R,G,R,50,0,0,0,,,1820497,5528295
Palmerston North City,FERGUSON ST,, ,I,COLOMBO ST,201448427,31/10/2014,Fri,1308,JA,CW1C,300B 375B ,,R,W,OF,L ,T,N,C,50,0,0,0,,,1822533,5529397
Palmerston North City,FERGUSON ST,15,E, ,FITZHERBERT AVENUE,201430731,07/02/2014,Fri,1545,AA,TW1C,381A 671A ,,R,D,OF,F ,X,T,R,50,0,0,0,,,1821951,5529080
Palmerston North City,FERGUSON ST,40,E, ,FITZHERBERT AVENUE,201445022,14/10/2014,Tue,1320,MO,CN1C,371A ,M,R,D,B ,F , ,N,C,10,0,0,0,,,1821973,5529091
Palmerston North City,FERGUSON ST,, ,I,FITZHERBERT AVENUE,201442010,18/07/2014,Fri,1630,MO,CW1C,385A ,Q,R,D,OF,F ,X,T,R,50,0,0,0,,,1821937,5529072
Palmerston North City,FERGUSON ST,, ,I,FITZHERBERT AVENUE,201413746,08/06/2014,Sun,2008,LB,VW1C,303B ,,R,W,DO,L ,X,T,P,50,0,0,1,,,1821937,5529072
Palmerston North City,FERGUSON ST,, ,I,FITZHERBERT AVENUE,201443339,14/09/2014,Sun,1130,FB,CN1C,181A 387A ,,M,W,O ,H ,X,T,C,50,0,0,0,,,1821937,5529072
Palmerston North City,FERGUSON ST,40,W, ,LINTON ST,201450744,10/12/2014,Wed,1305,EA,TW1CC,663A ,M,R,W,OF,H , ,N,C,50,0,0,0,,,1821712,5528948
Palmerston North City,FERGUSON ST,50,W, ,LINTON ST,201400175,25/08/2014,Mon,1826,NB,4E1EE,306A 370A 503A ,,R,D,DO,F , ,N,X,50,1,0,1,34,,1821703,5528943
Palmerston North City,FERGUSON ST,, ,I,LINTON ST,201433636,11/03/2014,Tue,1714,HA,CS2C,301A 353A 375A ,,R,D,B ,F ,X,S,N,50,0,0,0,,,1821747,5528967
Palmerston North City,FERGUSON ST,, ,I,OLYMPIC COURT,201449669,31/12/2014,Wed,1112,PC,CS1E,311A 371A 927 ,,R,D,O ,F ,D,N,C,50,0,0,0,,,1822403,5529326
Palmerston North City,FERGUSON ST,, ,I,PITT ST,201438972,01/06/2014,Sun,1330,LB,VE1V,321A ,,R,D,BF,F ,T,S,C,50,0,0,0,,,1821567,5528869
Palmerston North City,FERGUSON ST,, ,I,PITT ST,201433631,13/03/2014,Thu,1700,LB,CN1C,321A 370A 402A ,,M,D,B ,F ,T,S,R,50,0,0,0,,,1821567,5528869
Palmerston North City,FERGUSON ST,, ,I,VICTORIA AVENUE,201449666,01/10/2014,Wed,1217,FB,CN1C,331A 387A ,,R,D,B ,F ,R,G,R,50,0,0,0,,,1822699,5529488
Palmerston North City,FERGUSON ST,, ,I,VICTORIA AVENUE,201442009,17/07/2014,Thu,1300,DA,CE1,111A 131A ,T,R,W,OF,L ,R,G,R,50,0,0,0,,,1822695,5529481
Palmerston North City,FERGUSON ST,, ,I,WORCESTER ST,201445452,03/10/2014,Fri,1430,JC,CN2C,300B ,,R,D,O ,F ,T,N,C,50,0,0,0,,,1821314,5528730
Palmerston North City,FITCHETT ST,90,E, ,CARROLL ST,201440136,15/06/2014,Sun,532,MO,CE1,101A 110A 929 ,F,R,D,DN,F ,D,N,N,50,0,0,0,,,1821885,5530121
Palmerston North City,FITZHERBERT AVENUE,30,N, ,FERGUSON ST,201418577,29/10/2014,Wed,1312,MF,SN1V,371B ,,R,D,BF,F , ,N,R,50,0,0,1,,52,1821923,5529099
Palmerston North City,FITZHERBERT AVENUE,30,N, ,FERGUSON ST,201411584,14/03/2014,Fri,1841,MF,SN1C,372B 927 ,,R,D,TF,  , , ,C,50,0,0,1,,19,1821923,5529099
Palmerston North City,FITZHERBERT AVENUE,, ,I,FERGUSON ST,201449030,12/11/2014,Wed,1718,FE,CN1CC,410A ,,R,D,OF,L ,X,T,C,50,0,0,0,,,1821937,5529072
Palmerston North City,FITZHERBERT AVENUE,, ,I,FERGUSON ST,201447593,09/11/2014,Sun,345,LB,CS1C,103B 303B 375B ,,R,D,DO,F ,X,T,R,50,0,0,0,,,1821937,5529072
Palmerston North City,FITZHERBERT AVENUE,, ,I,MANAWAROA ST,201415426,27/08/2014,Wed,1731,LB,CN2C,197A 303B 330B 402B ,,R,D,O ,F ,X,T,R,50,0,0,1,,,1822490,5528063
Palmerston North City,FITZHERBERT AVENUE,, ,I,MANAWAROA ST,201413024,19/02/2014,Wed,810,GB,SN1C,157A 158A ,,E,D,BF,F ,X,T,P,50,0,0,1,,13,1822490,5528063
Palmerston North City,FITZHERBERT AVENUE,, ,I,MANAWAROA ST,201442217,17/08/2014,Sun,1040,GB,MN1C,208A 333A 387A 372B 671B ,,R,D,O ,F ,X,T,R,50,0,0,0,,,1822490,5528063
Palmerston North City,FITZHERBERT AVENUE,80,S, ,MARNE ST,201414159,19/06/2014,Thu,821,MC,MS1V,372B ,,R,D,BF,F , ,N,C,50,0,0,1,,,1822431,5528170
Palmerston North City,FITZHERBERT AVENUE,50,S, ,PARK ROAD,201435074,28/04/2014,Mon,1815,EC,CN1,911,W,E,W,DO,F , ,N,C,50,0,0,0,,,1822309,5528394
Palmerston North City,FITZHERBERT AVENUE,, ,I,PARK ROAD,201412514,11/04/2014,Fri,315,ND,CN2E,307A 376A ,,R,W,DO,F ,X,T,R,50,0,0,1,21,,1822285,5528437
Palmerston North City,FITZHERBERT AVENUE,15,S, ,TE AWE AWE ST,201447568,06/11/2014,Thu,1625,FE,CN1C,331A 801 ,,R,W,O ,L ,X,T,C,50,0,0,0,,,1822497,5528050
Palmerston North City,FITZHERBERT AVENUE,15,S, ,TE AWE AWE ST,201442011,16/07/2014,Wed,850,FD,CN1C,181A 385A ,,R,D,BF,F ,X,T,C,50,0,0,0,,,1822497,5528050
Palmerston North City,FITZHERBERT AVENUE,, ,I,TE AWE AWE ST,201415125,06/08/2014,Wed,705,KA,SS1C,302B 353B 402B ,,M,D,O ,F ,X,T,R,50,0,0,1,,55,1822490,5528063
Palmerston North City,FITZHERBERT AVENUE,, ,I,TE AWE AWE ST,201436244,15/05/2014,Thu,1902,FB,4W2C,181A 331A ,,E,D,DO,F ,X,T,N,50,0,0,0,,,1822490,5528063
Palmerston North City,FITZHERBERT AVENUE,20,S, ,THE SQUARE,201432521,15/02/2014,Sat,1800,MO,CN1C,371A ,,E,D,B ,F , ,N,C,50,0,0,0,,,1821815,5529296
Palmerston North City,FITZHERBERT AVENUE,50,S, ,THE SQUARE,201450886,29/11/2014,Sat,455,LB,VS1C,303B 375B 925 ,,R,D,TO,F ,D,N,C,50,0,0,0,,,1821829,5529270
Palmerston North City,FLYGERS LINE,20,W, ,MILSON LINE,201451081,20/12/2014,Sat,824,EA,CS14,129A ,M,R,D,OF,F , ,N,C,50,0,0,0,,,1821309,5533121
Palmerston North City,FRANCIS WAY,, ,I,ARMSTRONG ST,201414246,26/07/2014,Sat,345,DA,CE1,103A 131A ,C,E,W,DN,F ,T,N,C,50,0,0,1,,,1823542,5532693
Palmerston North City,FRANKLIN AVENUE,25,E, ,WINSTON AVENUE,201445052,14/10/2014,Tue,1120,LB,CW1C,303B 375B 929 ,,R,D,B ,F ,D,N,N,50,0,0,0,,,1823723,5529046
Palmerston North City,GEORGE ST,100,S, ,CUBA ST,201435039,20/03/2014,Thu,1425,EA,CS1C,386A ,M,R,D,B ,F , ,N,C,50,0,0,0,,,1821518,5529440
Palmerston North City,GEORGE ST,20,N, ,MAIN ST,201440372,12/07/2014,Sat,1159,FD,CS1C,181A 331A 402A ,,R,D,O ,F , , ,C,50,0,0,0,,,1821558,5529368
Palmerston North City,GILLESPIES LINE,2000,N, ,BENMORE AVENUE,201445444,28/09/2014,Sun,1820,CB,VN1,130A 402A ,V,R,D,O ,F , , ,C,100,0,0,0,,,1817819,5532091
Palmerston North City,GILLESPIES LINE,100,S, ,KAIRANGA BUNNYTHORPE ROAD,201447597,22/11/2014,Sat,1904,CC,CN1,130A 357A 524A 801 ,V,R,W,TF,L , , ,C,100,0,0,0,,,1817507,5532471
Palmerston North City,GREY ST,40,N, ,ALBERT ST,201433423,27/03/2014,Thu,1710,FD,VS1C,181A ,,R,D,OF,F , ,N,C,50,0,0,0,,,1822706,5530433