TLANAME,CRASHROAD,CRASHDIST,CRASHDIRN,INTSN,SIDEROAD,CRASHID,CRASHDATE,CRASHDOW,CRASHTIME,MVMT,VEHICLES,CAUSES,OBJECTSSTRUCK,ROADCURVE,ROADWET,LIGHT,WTHRa,JUNCTYPE,TRAFCTRL,ROADMARK,SPDLIM,CRASHFATALCNT,CRASHSEVCNT,CRASHMINCNT,PERSAGE1,PERSAGE2,EASTING,NORTHING
Palmerston North City,GREY ST,, ,I,ALBERT ST,201414173,16/07/2014,Wed,1510,HA,CE1P,302A 375A ,,R,D,OF,F ,R,G,R,50,0,1,0,,,1822670,5530415
Palmerston North City,GREY ST,, ,I,AMESBURY ST,201440836,30/07/2014,Wed,835,FD,CW1C,181A 181B ,,R,D,O ,F ,T,G,C,50,0,0,0,,,1822039,5530070
Palmerston North City,GREY ST,10,E, ,RANGITIRA AVENUE,201418707,06/11/2014,Thu,1345,MD,MN1C,104A 371B 929 ,,R,W,O ,F ,D, ,C,50,0,1,0,,,1822932,5530556
Palmerston North City,GREY ST,10,N, ,RUSSELL ST,201436230,09/05/2014,Fri,1146,MA,VW1C,373B 671B ,,R,W,O ,H ,T,G,C,50,0,0,0,,,1822448,5530293
Palmerston North City,GREY ST,70,S, ,SYDNEY ST,201413605,08/06/2014,Sun,1705,EA,CS1C,129A 130A 507A ,M,R,D,TO,F , , ,P,50,0,0,1,,,1822350,5530240
Palmerston North City,GREY ST,50,E, ,WARD ST,201431513,15/01/2014,Wed,,MC,CW1C,372B ,,R,D,BF,F , , ,C,50,0,0,0,,,1822172,5530143
Palmerston North City,GREY ST,50,E, ,WARD ST,201432963,14/02/2014,Fri,950,FD,VE1C,181A 191B 403B ,,R,D,B ,F , , ,C,50,0,0,0,,,1822172,5530143
Palmerston North City,HARDIE ST,, ,I,FITZHERBERT AVENUE,201411585,04/03/2014,Tue,756,FB,CW1P,331A 353A 387A ,,M,D,OF,F ,T,S,R,50,0,0,1,,,1822710,5527661
Palmerston North City,HENAGHANS ROAD,, ,I,HENDERSONS LINE,201440799,08/06/2014,Sun,900,DA,CW1,111A 131A ,F,M,D,O ,F ,T,S,C,100,0,0,0,,,1828865,5534065
Palmerston North City,HERBERT AVENUE,200,E, ,LESLIE AVENUE,201442840,15/08/2014,Fri,910,EA,CW1C,386A ,M,R,D,B ,F , ,N,N,50,0,0,0,,,1819608,5530692
Palmerston North City,HERETAUNGA ST,, ,I,FEATHERSTON ST,201444012,21/08/2014,Thu,1605,HA,SE2C,301B 353B 375B ,,R,D,BF,F ,X,S,C,50,0,0,0,,,1822589,5530829
Palmerston North City,HIGHBURY AVENUE,, ,I,BRENTWOOD AVENUE,201450884,09/12/2014,Tue,1333,JA,CS1C,375B ,,M,D,OF,F ,T,N,C,50,0,0,0,,,1819573,5529231
Palmerston North City,HIGHBURY AVENUE,5,N, ,COVENTRY ST,201445135,14/09/2014,Sun,1200,GB,CN1V,158A 333A 801 929 ,,R,W,O ,L ,D,N,C,50,0,0,0,,,1819415,5529389
Palmerston North City,HIGHBURY AVENUE,, ,I,COVENTRY ST,201445413,20/09/2014,Sat,1230,CA,CS1,130A 197A ,F,R,W,O ,HS,T,G,C,50,0,0,0,,,1819419,5529385
Palmerston North City,HIGHBURY AVENUE,100,S, ,HAVELOCK AVENUE,201435072,30/04/2014,Wed,745,AO,VS1C,150A 381A ,,R,D,O ,F , ,N,C,50,0,0,0,,,1819347,5529464
Palmerston North City,HIGHBURY AVENUE,50,W, ,RONBERG ST,201447598,23/11/2014,Sun,1115,BF,CS1C,131A 514A 197B ,JKV,E,D,B ,F , , ,C,50,0,0,0,,,1819742,5528957
Palmerston North City,HILLCREST ROAD,40,W, ,SH 3,201410024,06/02/2014,Thu,2125,DB,CS1,131A 386A 402A ,V,E,D,DN,F , , ,C,100,0,0,1,,,1832780,5535367
Palmerston North City,HULME ST,140,E, ,ANDREW AVENUE,201448438,07/11/2014,Fri,1700,MO,CE1C,371A ,M,R,D,BF,F , ,N,C,50,0,0,0,,,1823716,5531193
Palmerston North City,JAMES LINE,100,S, ,KELVIN GROVE ROAD,201430825,16/01/2014,Thu,10,CB,CS1,130A ,FTX,R,D,DO,F , ,N,C,50,0,0,0,,,1825779,5533406
Palmerston North City,JASMINE PLACE,60,E, ,SUMMERHILL DRIVE,201438384,11/06/2014,Wed,1507,MD,ME1C,204A 370A 308B 371B 903 929 ,,E,D,O ,FS,D, ,N,50,0,0,0,,,1823453,5526362
Palmerston North City,JASPER PLACE,200,N, ,SH 3,201450550,11/11/2014,Tue,1744,DB,CN1C,131A 191B ,,M,D,O ,F , , ,C,50,0,0,0,,,1820832,5531321
Palmerston North City,JICKELL ST,150,N, ,CENTENNIAL DRIVE,201436491,01/05/2014,Thu,1800,GE,4S1C,333A 929 ,,E,D,OF,F ,D,N,C,50,0,0,0,,,1823147,5527744
Palmerston North City,JOHN F KENNEDY DRIVE,100,S, ,CONOLLY PLACE,201436499,01/05/2014,Thu,2140,GB,CS1V,172B 372B 927 ,,E,D,DO,F ,D,N,C,50,0,0,0,,,1820707,5531498
Palmerston North City,JOHN F KENNEDY DRIVE,, ,I,LANGLEY AVENUE,201441973,21/08/2014,Thu,1150,MC,CS1C,372B ,,R,D,O ,F ,T,G,R,50,0,0,0,,,1821455,5532466
Palmerston North City,JOHN F KENNEDY DRIVE,150,E, ,SH 3,201437518,12/06/2014,Thu,1205,AO,CW1T,197A ,,E,D,O ,F , , ,R,50,0,0,0,,,1820682,5531424
Palmerston North City,JOSEPH ST,80,W, ,COOK ST,201430097,23/01/2014,Thu,930,MO,TW1V,330A 929 ,,R,D,BF,FS,D,N,N,50,0,0,0,,,1821069,5528740
Palmerston North City,KAHUTERAWA ROAD,800,W, ,GREENS ROAD,201417198,17/11/2014,Mon,2350,DB,CW1,111A 131A ,E,M,W,DN,L , , ,C,100,0,0,2,,,1822087,5520246
Palmerston North City,KAHUTERAWA ROAD,2100,S, ,SH 57,201438430,18/05/2014,Sun,410,DB,CS1,103A 131A 904 ,EF,E,D,DN,M , , ,C,100,0,0,0,,,1822169,5521964
Palmerston North City,KAIMANAWA ST,, ,I,MIHAERE DRIVE,201446221,16/09/2014,Tue,2155,DB,CN2,136A 650A ,FJ,R,W,DO,L ,T,G,C,50,0,0,0,,,1824613,5531586
Palmerston North City,KAIRANGA BUNNYTHORPE ROAD,10,W, ,CAMPBELL ROAD,201449770,12/11/2014,Wed,1750,CA,TW1,326A ,G,R,W,O ,F ,T,T,R,50,0,0,0,,,1823563,5537656
Palmerston North City,KARAMEA CRESCENT,, ,I,KELVIN GROVE ROAD,201440684,08/07/2014,Tue,2013,QG,CN2,103A 111A 131A 680A ,,R,W,DO,L ,T,G,C,50,0,0,0,,,1824152,5532623
Palmerston North City,KARINA TERRACE,340,N, ,UPPER MAIN ST,201448666,26/11/2014,Wed,1000,BA,4N1C,129A 205A 434A 357B ,,R,D,B ,F , , ,N,50,0,0,0,,,1823900,5531018
Palmerston North City,KAURI ST,5,N, ,SH 3,201432971,17/03/2014,Mon,1500,FB,TS1C,331A ,,R,D,O ,F ,T,G,R,50,0,0,0,,,1823394,5530345
Palmerston North City,KEITH ST,, ,A,KEITH ST,201438225,12/06/2014,Thu,1415,DA,CE2,111A 131A ,T,S,D,OF,F , ,N,C,50,0,0,0,,,1823965,5532074
Palmerston North City,KEITH ST,90,N, ,MIHAERE DRIVE,201432251,20/02/2014,Thu,900,CB,CS1CMC,354A ,M,R,D,B ,F , , ,C,50,0,0,0,,,1824448,5531209
Palmerston North City,KEITH ST,, ,I,MIHAERE DRIVE,201437607,03/06/2014,Tue,1415,BO,CS1V,170A 201A 430A ,,S,D,B ,F ,R,G,R,50,0,0,0,,,1824500,5531135
Palmerston North City,KELVIN GROVE ROAD,600,W, ,JAMES LINE,201411143,26/02/2014,Wed,855,CB,CW1C,350A ,M,R,D,B ,F , , ,C,70,0,0,1,,,1825206,5533204
Palmerston North City,KELVIN GROVE ROAD,150,S, ,PETER HALL DRIVE,201441948,13/08/2014,Wed,1445,KB,CS1V,308B 378B 930 ,,R,D,B ,F ,D, ,N,50,0,0,0,,,1824294,5532700
Palmerston North City,KELVIN GROVE ROAD,, ,I,STONEY CREEK ROAD,201415797,08/08/2014,Fri,1547,HA,CN2V,301A 353A ,,R,W,OF,F ,X,S,L,80,0,1,0,,,1826633,5533984
Palmerston North City,KINGSTON ST,50,S, ,ILFORD PLACE,201437690,01/06/2014,Sun,819,DA,CS1,130A 402A 412A ,CFX,E,D,B ,F , , ,N,50,0,0,0,,,1820377,5527995
Palmerston North City,KINGSTON ST,, ,I,LONDON TERRACE,201441485,19/06/2014,Thu,1242,JA,CN1C,302B 327B 514B ,,E,D,B ,F ,T,G,N,50,0,0,0,,,1820372,5527968
Palmerston North City,KOROMIKO AVENUE,, ,I,RANGIORA AVENUE,201411884,17/03/2014,Mon,1804,DA,CS1,133A 405A 423A ,H,M,D,BF,F ,R,G,R,50,0,0,2,,,1823138,5530858
Palmerston North City,LIMBRICK ST,, ,I,MILLAR ST,201442965,21/08/2014,Thu,1320,CC,CS1,130A 355A 423A ,F,R,D,O ,F ,R,G,C,50,0,0,0,,,1824137,5530415
Palmerston North City,LINTON ST,, ,I,COLLEGE ST,201418454,12/03/2014,Wed,1535,HA,SN2C,301B 353B 402B ,,R,D,B ,F ,X,S,C,50,0,0,1,,12,1821921,5528649
Palmerston North City,LINTON ST,, ,I,FERGUSON ST,201438691,05/05/2014,Mon,2200,DA,CW2T,111A 131A ,M,R,W,DO,L ,X,S,C,50,0,0,0,,,1821747,5528967
Palmerston North City,LINTON ST,190,N, ,PARK ROAD,201413230,20/05/2014,Tue,845,PD,CE1E,722B 727B ,,R,D,B ,F , ,N,C,50,0,0,1,4,,1822004,5528500
Palmerston North City,LONGBURN RONGOTEA ROAD,280,S, ,KAIRANGA BUNNYTHORPE ROAD,201418325,02/12/2014,Tue,300,CB,VN1,129A 410A ,V,R,D,DN,F , ,N,C,100,0,0,1,,,1815210,5530319
Palmerston North City,LONGBURN RONGOTEA ROAD,, ,I,NO 1 LINE LONGBURN,201415132,03/08/2014,Sun,1650,JA,CN1C,301B 375B 801 ,K,R,W,O ,L ,X,S,C,100,0,0,1,,,1816675,5528540
Palmerston North City,LYNDHURST ST,, ,I,PIONEER HIGHWAY,201440453,19/07/2014,Sat,350,LB,CS1C,330A 303B ,,R,D,DO,F ,M,G,C,50,0,0,0,,,1820709,5528870
Palmerston North City,MAIN ST,30,E, ,ANDREW YOUNG ST,201434950,28/03/2014,Fri,1420,GD,CW1C,181A 926 ,,R,D,BF,F ,D,N,C,50,0,0,0,,,1821484,5529306
Palmerston North City,MAIN ST,, ,I,GEORGE ST,201444802,03/10/2014,Fri,2239,MG,CW1C,371B ,,R,D,DO,F ,T,N,C,50,0,0,0,,,1821567,5529350
Palmerston North City,MAIN ST,, ,I,MAIN ST E,201441298,03/08/2014,Sun,1440,MG,CS14,201A 355A 386A ,,M,D,O ,F ,R,G,N,50,0,0,0,,,1821842,5529482
Palmerston North City,MAIN ST,, ,I,PITT ST,201434056,16/04/2014,Wed,1025,HA,VS2C,322A 334A ,,R,W,O ,F ,X,T,R,50,0,0,0,,,1821342,5529209
Palmerston North City,MAIN ST,, ,I,PITT ST,201431378,28/02/2014,Fri,710,CC,CE1,350A 501A ,IK,R,D,BF,F ,X,T,R,50,0,0,0,,,1821342,5529209
Palmerston North City,MAIN ST,, ,I,PITT ST,201450748,08/12/2014,Mon,1743,FB,4W1C,181A 353A 387A ,,E,D,BF,F ,X,T,R,50,0,0,0,,,1821342,5529209
Palmerston North City,MAIN ST,70,W, ,PRINCESS ST,201433981,17/04/2014,Thu,1420,MO,CE1C,330A 371A 371B ,,R,W,O ,F , ,N,R,50,0,0,0,,,1822047,5529608
Palmerston North City,MCGREGOR ST,, ,I,MILSON LINE,201437811,11/03/2014,Tue,852,GF,MW1V,157A 381A ,,E,D,B ,F ,T,G,C,50,0,0,0,,,1822170,5532122
Palmerston North City,MCLEAVEY DRIVE,40,E, ,DAHLSTROM GROVE,201436231,12/05/2014,Mon,607,BE,CE1T,130A ,K,R,D,TO,F , , ,C,50,0,0,0,,,1824742,5532790
Palmerston North City,MCLEAVEY DRIVE,, ,I,LYDIA PLACE,201432555,29/01/2014,Wed,1149,JA,CE1C,302B 375B ,,E,D,B ,F ,T,G,C,50,0,0,0,,,1824968,5532766
Palmerston North City,MEADOWBROOK DRIVE,100,N, ,BENMORE AVENUE,201443294,01/09/2014,Mon,805,CB,CW1,410A ,C,R,D,B ,F , , ,C,50,0,0,0,,,1820042,5531342
Palmerston North City,MIHAERE DRIVE,, ,I,KAIMANAWA ST,201441207,05/07/2014,Sat,926,BF,VS2C,122A 131A ,,E,W,O ,F ,T,G,R,50,0,0,0,,,1824613,5531586
Palmerston North City,MIHAERE DRIVE,, ,I,KAIMANAWA ST,201414183,08/07/2014,Tue,440,CA,MN1,350A ,,R,D,DO,F ,T,G,C,50,0,0,1,,,1824613,5531586
Palmerston North City,MILSON LINE,, ,I,AIRPORT DRIVE,201436243,15/05/2014,Thu,600,HA,CW2C,302A ,,E,D,DO,M ,R,G,R,50,0,0,0,,,1821664,5532740
Palmerston North City,MILSON LINE,60,S, ,DENVER PLACE,201442839,14/08/2014,Thu,845,MD,VS1C,371B 386B ,,R,D,O ,F , ,N,C,50,0,0,0,,,1821558,5532855
Palmerston North City,MILSON LINE,, ,I,FAIRS ROAD,201444989,13/10/2014,Mon,830,FE,CS1C,181A 330A ,,R,D,B ,F ,T,T,C,50,0,0,0,,,1822144,5532154
Palmerston North City,MILSON LINE,100,S, ,FLYGERS LINE,201413379,07/06/2014,Sat,1535,EA,CS1C,129A ,M,R,D,O ,F , , ,C,50,0,0,1,,,1821390,5533057
Palmerston North City,MILSON LINE,, ,I,FLYGERS LINE,201436125,11/04/2014,Fri,1553,JA,4N14,302B ,,R,D,O ,F ,X,G,C,50,0,0,0,,,1821325,5533133
Palmerston North City,MILSON LINE,70,S, ,MADISON AVENUE,201413809,05/01/2014,Sun,409,CC,CN1,130A 402A 801 ,FT,R,W,DO,L , , ,C,50,0,0,1,,,1821483,5532946
Palmerston North City,MILSON LINE,20,N, ,MALDEN ST,201412612,17/03/2014,Mon,814,FD,CS1C,181A ,,R,D,OF,F , ,N,C,50,0,0,1,,,1822429,5531810
Palmerston North City,MILSON LINE,, ,I,MALDEN ST,201449667,09/12/2014,Tue,1640,JA,CS24,302B 330B ,,R,D,O ,F ,T,G,R,50,0,0,0,,,1822441,5531794
Palmerston North City,MIRO ST,100,E, ,RICHMOND AVENUE,201435040,26/04/2014,Sat,1330,MO,CW1C,386A 929 ,M,R,D,O ,F ,D,N,N,50,0,0,0,,,1820730,5530454
Palmerston North City,MONOWAI PLACE,110,N, ,HAVELOCK AVENUE,201436488,30/04/2014,Wed,1554,JA,CN1C,375B ,,R,D,OF,F , ,N,N,50,0,0,0,,,1818959,5529534
Palmerston North City,MONRAD ST,, ,I,RONBERG ST,201450823,21/12/2014,Sun,1310,GB,CS1C,175B ,F,R,D,OF,F ,X,G,C,50,0,0,0,,,1819323,5528538
Palmerston North City,MULGRAVE ST,, ,I,CAMBRIDGE AVENUE,201443283,27/08/2014,Wed,1630,DB,CS2C,111A 131A 402A ,,R,D,B ,F ,X,G,C,50,0,0,0,,,1834103,5536100
Palmerston North City,NASH ST,100,W, ,NGATA ST,201434058,15/04/2014,Tue,840,EA,CW1C,129A 358A ,M,R,D,B ,F , ,N,C,50,0,0,0,,,1821564,5530101
Palmerston North City,NGATA ST,, ,I,FEATHERSTON ST,201414692,20/07/2014,Sun,900,BF,VW24,101A 111A 133A ,,R,D,O ,F ,T,G,C,50,0,0,1,,,1821582,5530278
Palmerston North City,NGATA ST,, ,I,NASH ST,201413606,04/06/2014,Wed,1100,JA,CN1C,197A 303B 375B 402B ,,R,D,O ,F ,T,N,C,50,0,0,2,,,1821652,5530149
Palmerston North City,NGATA ST,, ,I,NASH ST,201449665,19/12/2014,Fri,1040,KA,CN1C,197A 303B 330B ,,R,D,O ,F ,T,N,C,50,0,0,0,,,1821652,5530149
Palmerston North City,NO 1 LINE LONGBURN,500,E, ,LONGBURN RONGOTEA ROAD,201414431,22/06/2014,Sun,2040,BE,CE1C,103A 129A ,,R,D,DN,F , ,N,C,100,0,0,2,,,1817115,5528778
Palmerston North City,NO 1 LINE LONGBURN,, ,I,LONGBURN RONGOTEA ROAD,201449668,17/12/2014,Wed,1020,HA,VS1C,301A 375A ,,R,D,O ,F ,X,S,R,100,0,0,0,,,1816675,5528540
Palmerston North City,ORCHARD ROAD,, ,I,WORKSHOP ROAD,201447858,07/11/2014,Fri,1830,LB,CS1C,352B 375B ,,R,D,OF,F ,T,G,C,50,0,0,0,,,1822501,5525865
Palmerston North City,OXFORD ST,, ,I,CAMBRIDGE AVENUE,201418579,28/12/2014,Sun,5,DB,MS2,111A 131A ,,R,D,DO,F ,T,G,C,50,0,0,1,,,1834205,5536465
Palmerston North City,PAHIATUA AOKAUTERE ROAD,60,S, ,KINGSDALE PARK DRIVE,201436776,04/04/2014,Fri,1550,DA,CS1,111A 116A ,,M,D,B ,F , ,N,N,100,0,0,0,,,1826961,5526738
Palmerston North City,PAHIATUA AOKAUTERE ROAD,650,N, ,NORTH RANGE ROAD,201432245,12/02/2014,Wed,1130,DA,CN1,111A 131A 800 ,ET,E,W,O ,F , , ,C,100,0,0,0,,,1830810,5522941
Palmerston North City,PAHIATUA AOKAUTERE ROAD,5000,S, ,SH 57,201450743,11/12/2014,Thu,1650,DA,CW1,135A 806 ,,M,W,ON,F , ,N,C,100,0,0,0,,,1829120,5524284
Palmerston North City,PAHIATUA AOKAUTERE ROAD,, ,I,THE BUSH TRACK,201432012,30/01/2014,Thu,1740,GD,CS1C,331A 353A ,,M,D,BN,F ,T,G,C,100,0,0,0,,,1826359,5527110
Palmerston North City,PAHIATUA TRACK,25,S, ,NORTH RANGE ROAD,201436571,25/05/2014,Sun,1230,BF,CS14,135A 804 ,,M,D,O ,F , , ,C,100,0,0,0,,,1831335,5522559
Palmerston North City,PALM AVENUE,, ,I,MARNE ST,201437820,27/05/2014,Tue,1525,HA,CE1C,302A 375A ,,R,D,O ,F ,X,G,C,50,0,0,0,,,1822582,5528472
Palmerston North City,PARK ROAD,, ,I,FITZHERBERT AVENUE,201445450,28/09/2014,Sun,2135,HA,CN24,334A 334B ,,R,W,DO,L ,X,T,P,50,0,0,0,,,1822285,5528437
Palmerston North City,PARK ROAD,70,E, ,KATENE ST,201450924,27/11/2014,Thu,1617,BE,CE1C,410A ,,R,D,B ,F , , ,C,50,0,0,0,,,1821003,5527734
Palmerston North City,PARK ROAD,20,W, ,NATHAN PLACE,201442013,10/07/2014,Thu,1017,LB,CW1V,303B 353B 927 ,,R,D,OF,F ,D,N,C,50,0,0,0,,,1821504,5528009
Palmerston North City,PARK ROAD,, ,I,VICTORIA DRIVE,201413800,12/06/2014,Thu,1924,LB,CS1C,303B 370B ,,R,D,DO,F ,T,G,C,50,0,0,2,,,1821582,5528052
Palmerston North City,PASCAL ST,50,S, ,CHELWOOD ST,201436569,23/05/2014,Fri,1800,KB,CN1V,308B 377B 801 839 927 ,,R,W,DO,L ,D, ,C,50,0,0,0,,,1820729,5529362
Palmerston North City,PEMBROKE ST,5,E, ,JACKSON AVENUE,201436716,18/05/2014,Sun,323,CB,CW1,103A ,P,R,D,DO,F ,T,N,C,50,0,0,0,,,1819416,5529046
Palmerston North City,PETER HALL DRIVE,10,E, ,HILLCREST DRIVE,201448661,27/11/2014,Thu,850,EA,BE1C,129A ,M,M,D,O ,F ,T,G,C,50,0,0,0,,,1824983,5532536
Palmerston North City,PETER HALL DRIVE,40,E, ,HILLCREST DRIVE,201412517,27/04/2014,Sun,1405,AA,SW1C,353A 372A ,,R,D,B ,F , , ,C,50,0,1,0,,19,1825009,5532550
Palmerston North City,PINFOLD ROAD,600,W, ,STACES ROAD,201418181,18/12/2014,Thu,1219,DA,CE1,131A 353A 402A ,T,E,D,O ,F , , ,N,100,0,0,1,,,1825283,5528964
Palmerston North City,PIONEER HIGHWAY,10,E, ,AMBERLEY AVENUE,201440129,05/07/2014,Sat,330,CB,CW1,130A 410A ,V,R,D,DN,F ,T,N,C,100,0,0,0,,,1819068,5527967
Palmerston North City,PIONEER HIGHWAY,100,E, ,BOTANICAL ROAD,201412318,28/03/2014,Fri,1510,MO,VW1S,312B 355B 370B ,,R,D,B ,F , , ,R,50,0,0,1,,10,1820395,5528685
Palmerston North City,PIONEER HIGHWAY,60,W, ,BOTANICAL ROAD,201444990,16/10/2014,Thu,2120,FA,CE1C,331A 358A ,S,R,D,DO,F , ,N,C,50,0,0,0,,,1820254,5528612
Palmerston North City,PIONEER HIGHWAY,, ,I,BOTANICAL ROAD,201446435,05/09/2014,Fri,1010,FB,CE1C,331A 353A ,,E,D,OF,F ,X,T,C,50,0,0,0,,,1820306,5528642
Palmerston North City,PIONEER HIGHWAY,, ,I,BOTANICAL ROAD,201417345,05/11/2014,Wed,740,LB,4N1C,303B 370B ,,R,D,O ,F ,X,T,R,50,0,0,1,,,1820306,5528642
Palmerston North City,PIONEER HIGHWAY,, ,I,CAVENDISH CRESCENT,201450885,09/12/2014,Tue,1737,JA,VW1C,302B 377B ,,R,D,OF,F ,T,G,C,50,0,0,0,,,1819312,5528098
Palmerston North City,PIONEER HIGHWAY,80,E, ,SHAMROCK ST,201431515,16/01/2014,Thu,854,DA,CE1,131A 925 ,E,R,D,OF,F ,D, ,R,50,0,0,0,,,1820603,5528812
Palmerston North City,PIONEER HIGHWAY,100,W, ,SHAMROCK ST,201416906,05/09/2014,Fri,1215,JA,CW1C,308B 377B 839 927 ,,R,D,OF,F ,D,N,R,50,0,0,1,,,1820450,5528715
Palmerston North City,PIONEER HIGHWAY,, ,I,WEST ST,201417812,24/11/2014,Mon,1845,HA,SE1C,302B 363B 375B 902 ,,R,D,B ,F ,X,G,R,50,0,0,1,,25,1820714,5528859
Palmerston North City,PITT ST,100,S, ,CHURCH ST,201448252,20/12/2014,Sat,1240,QD,CN1,428A 610A ,F,R,D,B ,F , ,N,C,50,0,0,0,,,1821484,5529023
Palmerston North City,PITT ST,, ,I,CHURCH ST,201439945,16/06/2014,Mon,1413,HA,CW24,322B ,,R,D,BF,F ,X,T,C,50,0,0,0,,,1821436,5529111
Palmerston North City,PITT ST,50,S, ,CUBA ST,201436713,12/05/2014,Mon,1821,AA,CS1C,372A ,,R,D,DO,F , ,N,C,50,0,0,0,,,1821257,5529360
Palmerston North City,PITT ST,100,N, ,FERGUSON ST,201447566,06/11/2014,Thu,1735,MC,CS1C,331A 372B ,,R,W,O ,F , , ,R,50,0,0,0,,,1821520,5528957
Palmerston North City,PITT ST,, ,I,MAIN ST,201441974,18/08/2014,Mon,1300,HA,CS1C,322A ,,R,D,O ,F ,X,T,P,50,0,0,0,,,1821342,5529209
Palmerston North City,POLSON HILL DRIVE,50,E, ,SH 57,201436570,25/05/2014,Sun,2100,DA,CW1,135A 802 803 903 ,,M,I,DN,SS, , ,C,70,0,0,0,,,1825048,5527101
Palmerston North City,PRINCESS ST,100,N, ,CHURCH ST,201436495,11/03/2014,Tue,1222,MO,CN1C,385A ,M,R,D,BF,F , ,N,C,50,0,0,0,,,1822128,5529603
Palmerston North City,PRINCESS ST,, ,I,CHURCH ST,201444187,04/09/2014,Thu,1537,FF,CS1C,331A 350A ,,R,D,OF,F ,X,T,R,50,0,0,0,,,1822176,5529516
Palmerston North City,PRINCESS ST,, ,I,CHURCH ST,201446197,24/10/2014,Fri,1430,KC,4E2C,315B 801 ,,R,W,O ,L ,X,T,P,50,0,0,0,,,1822176,5529516
Palmerston North City,PRINCESS ST,20,N, ,DAHLIA ST,201436234,06/05/2014,Tue,1240,AC,CS1C,372A 671A ,,R,D,B ,F , , ,C,50,0,0,0,,,1822215,5529446
Palmerston North City,PRINCESS ST,30,N, ,FERGUSON ST,201436517,19/05/2014,Mon,1348,JA,CS1C,308B 370B 402B 924 ,,E,D,B ,F ,D, ,P,50,0,0,0,,,1822295,5529301
Palmerston North City,PRINCESS ST,, ,I,FERGUSON ST,201435073,02/05/2014,Fri,1630,JA,SS1C,308B 375B 924 ,,R,D,B ,F ,D,N,C,10,0,0,0,,,1822309,5529274
Palmerston North City,PURIRI TERRACE,40,E, ,RUAHINE ST,201412617,26/03/2014,Wed,1248,GC,MW1C,174B 372B 929 ,,R,D,BF,F ,D,N,C,50,0,0,1,,,1822626,5531497
Palmerston North City,QUEEN ST,100,E, ,RANGITIKEI ST,201450880,18/11/2014,Tue,1323,MC,CE14,372B ,,R,D,BF,F , ,N,C,50,0,0,0,,,1821673,5529764
Palmerston North City,QUEEN ST,100,E, ,RANGITIKEI ST,201450462,29/10/2014,Wed,1715,AO,TW1C,386A ,,R,D,OF,F , ,N,C,50,0,0,0,,,1821673,5529764
Palmerston North City,RAILWAY ROAD,, ,I,AIRPORT DRIVE,201416301,07/10/2014,Tue,1645,DA,MW1,131A 386A ,,M,D,B ,F ,R,G,C,50,0,0,1,,,1823034,5532894
Palmerston North City,RAILWAY ROAD,400,S, ,EL PRADO DRIVE,201400170,18/08/2014,Mon,49,DB,CS1,129A 410A ,CF,E,D,DN,F , ,N,C,70,1,0,0,,,1823559,5533388
Palmerston North City,RAILWAY ROAD,600,N, ,RICHARDSONS LINE,201445451,15/08/2014,Fri,227,AD,4S1C,130A 410A ,,R,D,DN,F , , ,C,80,0,0,0,,,1823697,5535690
Palmerston North City,RAILWAY ROAD,100,S, ,ROBERTS LINE NORTH,201410299,03/02/2014,Mon,340,CB,CN1,101A 359A ,F,R,D,DN,F , ,N,C,100,0,0,1,,,1823627,5534363
Palmerston North City,RAILWAY ROAD,10,N, ,ROUNDABOUT,201446612,26/10/2014,Sun,530,DA,CW1,103A 131A 402A ,IK,E,D,DO,F ,R,G,R,100,0,0,0,,,1823077,5532916
Palmerston North City,RAILWAY ROAD,100,N, ,TE NGAIO ROAD,201450826,18/12/2014,Thu,1747,EC,CN1,827,D,R,D,OF,F , ,N,C,100,0,0,0,,,1823731,5536331
Palmerston North City,RAILWAY ROAD,25,N, ,TREMAINE AVENUE,201446235,16/09/2014,Tue,1250,JA,CN1C,308B 314B 377B 922 ,,R,D,BF,F ,D,N,C,50,0,0,0,,,1823429,5532257
Palmerston North City,RAILWAY ROAD,30,N, ,TREMAINE AVENUE,201447572,11/11/2014,Tue,1445,AC,CN1C,159A 801 ,,R,W,O ,L , , ,C,50,0,0,0,,,1823426,5532261
Palmerston North City,RANGIORA AVENUE,40,W, ,UPHAM TERRACE,201434772,13/04/2014,Sun,1815,MO,CW1,371A 929 ,J,R,W,DO,L ,D,N,C,50,0,0,0,,,1823583,5530979