TLANAME,CRASHROAD,CRASHDIST,CRASHDIRN,INTSN,SIDEROAD,CRASHID,CRASHDATE,CRASHDOW,CRASHTIME,MVMT,VEHICLES,CAUSES,OBJECTSSTRUCK,ROADCURVE,ROADWET,LIGHT,WTHRa,JUNCTYPE,TRAFCTRL,ROADMARK,SPDLIM,CRASHFATALCNT,CRASHSEVCNT,CRASHMINCNT,PERSAGE1,PERSAGE2,EASTING,NORTHING
Palmerston North City,RANGIORA AVENUE,, ,I,UPHAM TERRACE,201433422,27/03/2014,Thu,840,HA,CE1S,302A 375A ,,M,D,BF,F ,R,G,R,50,0,0,0,,,1823636,5531008
Palmerston North City,RANGITIKEI ST,10,N, ,CUBA ST,201437815,11/05/2014,Sun,1030,MO,BN1C,372A ,,R,D,B ,F ,T,N,C,50,0,0,0,,,1821633,5529630
Palmerston North City,RANGITIKEI ST,5,N, ,QUEEN ST,201410637,10/02/2014,Mon,1115,FD,CS1CC,181A 353A ,,R,D,O ,F ,M,T,C,50,0,0,1,,,1821583,5529721
Palmerston North City,RANGITIKEI ST,10,S, ,SH 3,201445051,07/10/2014,Tue,1440,FA,CN1C,181A 350A ,,R,D,B ,F ,X,T,C,50,0,0,0,,,1821546,5529789
Palmerston North City,RANGITIKEI ST,30,S, ,SH 3 GREY,201416143,17/09/2014,Wed,1713,NB,CN1E,712B 713B ,,R,D,TF,F , , ,R,50,0,0,1,14,,1821555,5529771
Palmerston North City,RANGITIKEI ST,, ,I,THE SQUARE,201447596,07/10/2014,Tue,1015,GF,BS1C,129A 370A ,,R,D,B ,F ,T,T,R,50,0,0,0,,,1821675,5529551
Palmerston North City,RANGITIKEI ST,, ,I,THE SQUARE,201445130,08/09/2014,Mon,940,MO,CW2S,322B ,,R,D,O ,F ,T,T,R,50,0,0,0,,,1821675,5529551
Palmerston North City,RHODES DRIVE,70,S, ,ANAKIWA ST,201410591,21/02/2014,Fri,15,DA,CN1,103A 111A 131A ,H,M,D,DO,F , ,N,C,50,0,2,0,,,1824463,5532240
Palmerston North City,RHODES DRIVE,40,W, ,ANAKIWA ST,201436242,05/05/2014,Mon,2120,DA,CE1,111A 131A ,T,M,W,DO,F , , ,C,50,0,0,0,,,1824486,5532260
Palmerston North City,RHODES DRIVE,250,S, ,PETER HALL DRIVE,201445141,20/09/2014,Sat,1205,DA,VS1C,131A 801 ,M,S,W,O ,L , , ,C,50,0,0,0,,,1824725,5532401
Palmerston North City,RICHARDSONS LINE,900,E, ,MILSON LINE,201437569,04/06/2014,Wed,1815,DA,CW1,131A 363A ,F,M,D,DN,F , , ,N,100,0,0,0,,,1821847,5533663
Palmerston North City,RICHARDSONS LINE,1000,E, ,MILSON LINE,201414041,08/03/2014,Sat,232,DB,CW1,103A 111A 134A ,GV,M,D,DN,F , ,N,C,100,0,0,1,,,1821947,5533660
Palmerston North City,ROBERTS LINE NORTH,50,N, ,RAILWAY ROAD,201447803,29/10/2014,Wed,1700,JA,CN1C,308B 387B 927 ,,M,W,OF,L ,D,N,P,100,0,0,0,,,1823601,5534502
Palmerston North City,ROBERTS LINE NORTH,, ,I,RAILWAY ROAD,201417479,13/11/2014,Thu,1505,JA,CS1C,301B 375B ,,R,D,OF,F ,X,S,C,100,0,0,2,,,1823632,5534463
Palmerston North City,ROBERTS LINE NORTH,30,N, ,RICHARDSONS LINE,201450824,19/12/2014,Fri,2340,CB,CN1,129A ,,R,D,DN,M , ,N,C,100,0,0,0,,,1823326,5534843
Palmerston North City,ROBERTS LINE NORTH,, ,I,RICHARDSONS LINE,201417907,04/11/2014,Tue,1705,HA,CN1V,302B ,,R,D,O ,F ,X,G,C,100,0,0,1,,,1823345,5534820
Palmerston North City,ROBERTS LINE SOUTH,, ,I,FERNLEA AVENUE,201416206,03/09/2014,Wed,600,HA,CS1PC,302A ,,E,D,DO,F ,R,G,R,50,0,1,0,,,1825313,5532179
Palmerston North City,ROCHESTER ST,30,N, ,COLLEGE ST,201431291,01/03/2014,Sat,2349,MG,CS1C,512B 514B ,,R,D,DO,F , ,N,N,50,0,0,0,,,1819794,5527560
Palmerston North City,ROSS PLACE,60,W, ,CREWE CRESCENT,201448422,01/11/2014,Sat,1600,MO,CW1,133A 402A 423A 929 ,F,R,D,ON,F ,D,N,N,50,0,0,0,,,1823904,5528528
Palmerston North City,ROYAL OAK DRIVE,, ,I,ROSEBANK AVENUE,201413565,07/07/2014,Mon,845,EA,CE1C,129A 902 ,MT,E,D,B ,F ,T,N,N,50,0,0,1,,,1825489,5531738
Palmerston North City,RUAHINE ST,20,S, ,BROADWAY AVENUE,201445142,19/09/2014,Fri,1210,MC,CS1C,372B ,,R,D,O ,F , , ,P,50,0,0,0,,,1823200,5530363
Palmerston North City,RUAHINE ST,, ,I,CHURCH ST,201446200,18/09/2014,Thu,2345,HA,CE1C,302A 375A ,,R,W,DO,H ,R,G,C,50,0,0,0,,,1823318,5530150
Palmerston North City,RUAHINE ST,, ,I,CHURCH ST,201443529,01/08/2014,Fri,1942,CA,MN1,132A ,I,R,D,DO,F ,R,G,R,50,0,0,0,,,1823322,5530150
Palmerston North City,RUAHINE ST,10,N, ,CLENDON COURT,201446609,29/10/2014,Wed,1650,FD,CN14X,181A 181B ,,R,W,O ,L ,T,N,R,50,0,0,0,,,1822770,5531148
Palmerston North City,RUAHINE ST,300,N, ,FEATHERSTON ST,201446621,29/10/2014,Wed,1700,FD,CS1C,181A 352A 800 ,,R,W,O ,F , , ,R,50,0,0,0,,,1822719,5531241
Palmerston North City,RUAHINE ST,50,S, ,FEATHERSTON ST,201434131,07/04/2014,Mon,1405,FD,4N1CC,331A 358A ,,R,D,O ,F , , ,C,50,0,0,0,,,1822887,5530934
Palmerston North City,RUAHINE ST,100,S, ,FEATHERSTON ST,201432954,09/03/2014,Sun,1250,FD,CN14C,331A ,,R,D,B ,F , , ,C,50,0,0,0,,,1822911,5530890
Palmerston North City,RUAHINE ST,150,S, ,FEATHERSTON ST,201432247,19/02/2014,Wed,1641,FD,VN1V,331A ,,R,D,B ,F , , ,C,50,0,0,0,,,1822935,5530847
Palmerston North City,RUAHINE ST,150,S, ,FEATHERSTON ST,201432248,19/02/2014,Wed,1640,FD,VN1C,331A 352A ,,R,D,B ,F , , ,C,50,0,0,0,,,1822935,5530847
Palmerston North City,RUAHINE ST,, ,I,FEATHERSTON ST,201438688,18/06/2014,Wed,750,GA,CN1C,181A ,,E,D,O ,F ,X,T,C,50,0,0,0,,,1822862,5530978
Palmerston North City,RUAHINE ST,, ,I,FEATHERSTON ST,201446620,23/10/2014,Thu,1542,AO,CS1V,386A ,,R,D,O ,F ,X,T,C,50,0,0,0,,,1822862,5530978
Palmerston North City,RUAHINE ST,, ,I,FEATHERSTON ST,201410253,03/02/2014,Mon,1326,LB,TN1C,303B 350B ,,R,D,B ,F ,X,T,R,50,0,0,1,,,1822862,5530978
Palmerston North City,RUAHINE ST,, ,I,FEATHERSTON ST,201443295,02/09/2014,Tue,1300,HA,CN1C,322A 334A ,,R,D,B ,F ,X,T,P,50,0,0,0,,,1822862,5530978
Palmerston North City,RUAHINE ST,, ,I,FERGUSON ST,201441670,10/08/2014,Sun,1624,KA,CS1C,111A 434A 514A 517A ,,S,D,B ,F ,R,G,R,50,0,0,0,,,1823455,5529900
Palmerston North City,RUAHINE ST,, ,I,FERGUSON ST,201438666,21/06/2014,Sat,1830,HA,CW2V,302A ,,E,W,DO,L ,R,G,R,50,0,0,0,,,1823455,5529900
Palmerston North City,RUAHINE ST,30,S, ,GREY ST,201438194,19/05/2014,Mon,1400,FD,CS1C,331A 350A ,,R,D,BF,F , ,N,P,50,0,0,0,,,1823072,5530598
Palmerston North City,RUAHINE ST,20,S, ,KOROMIKO AVENUE,201416772,19/10/2014,Sun,1115,NA,CN1,711B ,,R,W,O ,L , , ,P,50,0,0,1,58,,1823001,5530725
Palmerston North City,RUAHINE ST,20,N, ,NEWHAVEN PLACE,201418881,27/11/2014,Thu,1627,LB,SS14,204A 303B 382B 930 ,,R,D,OF,F ,D,N,C,50,0,0,1,,19,1822622,5531420
Palmerston North City,RUAHINE ST,, ,I,PURIRI TERRACE,201443531,01/08/2014,Fri,1500,JA,CS1C,302B ,,R,D,OF,F ,T,G,C,50,0,0,0,,,1822591,5531477
Palmerston North City,RUAHINE ST,5,N, ,TERRACE ST,201416774,29/10/2014,Wed,1644,FD,CN1C,181A 331A 351A ,,R,W,O ,L ,T,T,R,50,0,1,1,,,1822722,5531235
Palmerston North City,RUAHINE ST,5,N, ,TERRACE ST,201416159,30/07/2014,Wed,1900,NB,CN1E,306A 330A 724B 903 ,,R,W,DO, S,T,N,X,50,0,1,0,66,,1822722,5531235
Palmerston North City,RUAHINE ST,10,N, ,TERRACE ST,201413341,29/05/2014,Thu,1500,NB,4N1E,713B 717B 718B 801 ,,E,W,O ,L ,T,P,X,50,0,0,1,11,,1822720,5531240
Palmerston North City,RUAHINE ST,30,N, ,TERRACE ST,201442012,09/07/2014,Wed,920,FD,VN1CCC,181A ,,E,W,OF,L , ,N,R,50,0,0,0,,,1822710,5531257
Palmerston North City,RUAHINE ST,100,S, ,TREMAINE AVENUE,201441938,20/08/2014,Wed,1525,FD,VN1V,331A 363A 902 ,,R,D,B ,F , , ,C,50,0,0,0,,,1822517,5531618
Palmerston North City,RUAHINE ST,, ,I,TREMAINE AVENUE,201418576,22/12/2014,Mon,1922,HA,CN1C,300A ,,R,D,TF,F ,X,T,C,50,0,0,2,,,1822470,5531706
Palmerston North City,RUAPEHU DRIVE,60,E, ,KILKENNY PLACE,201432351,14/02/2014,Fri,544,DB,CW1,103A 111A 131A ,CX,E,W,DO,L , , ,C,50,0,0,0,,,1823232,5526889
Palmerston North City,RUGBY ST,30,E, ,KETTLE AVENUE,201442218,16/08/2014,Sat,1720,MD,CE1V,308B 371B 929 ,,E,D,B ,F ,D,N,C,50,0,0,0,,,1819568,5527866
Palmerston North City,RUGBY ST,, ,I,NOTTINGHAM AVENUE,201450882,05/12/2014,Fri,1705,MO,CW1C,357A 512A ,,E,D,OF,F ,T,G,C,50,0,0,0,,,1819848,5527883
Palmerston North City,RUGBY ST,, ,I,WAKEFIELD ST,201415128,17/08/2014,Sun,30,DA,CS1C,101A 111A 131A 514A ,T,S,D,DO,F ,T,N,C,50,0,0,2,,,1819938,5527963
Palmerston North City,RUSSELL ST,, ,I,FLORENCE AVENUE,201438385,10/06/2014,Tue,900,GD,CN1C,333A 358A 403A ,,R,W,O ,F ,X,G,C,50,0,0,0,,,1822023,5531046
Palmerston North City,RUSSELL ST,30,N, ,MATAMAU ST,201444010,21/08/2014,Thu,1536,DA,MN1,111A 514A ,,E,D,BF,F , ,N,C,50,0,0,0,,,1821913,5531250
Palmerston North City,SALISBURY ST,, ,I,BAMFIELD ST,201442014,16/07/2014,Wed,1355,HA,CN1C,302B 375B ,,R,D,OF,F ,X,G,C,50,0,0,0,,,1834461,5536488
Palmerston North City,SAVAGE CRESCENT,150,E, ,HODGENS PLACE,201430198,16/01/2014,Thu,1510,MO,CE1C,371A 370B ,,R,D,OF,F , , ,N,50,0,0,0,,,1821240,5528157
Palmerston North City,SEAFORTH AVENUE,20,E, ,MILSON LINE,201448425,07/10/2014,Tue,1520,MD,4E1C,371B 929 ,,R,D,BF,F ,D,N,N,50,0,0,0,,,1822249,5532060
Palmerston North City,SEDDON ST,100,N, ,CLAUSEN ST,201432013,31/01/2014,Fri,1445,DA,CN1,131A 402A 423A 929 ,F,M,D,OF,  ,D, ,C,50,0,0,0,,,1820191,5529869
Palmerston North City,SEDDON ST,, ,I,FEATHERSTON ST,201441950,10/08/2014,Sun,105,DB,CE2,111A 131A 402A ,FP,E,D,DO,F ,T,G,C,50,0,0,0,,,1820341,5529598
Palmerston North City,SEDDON ST,, ,I,MONTROSE PLACE,201441949,07/08/2014,Thu,628,EA,CS1C,129A 350A 818 ,M,R,D,DO,F ,X,G,C,50,0,0,0,,,1820165,5529918
Palmerston North City,SETTERS LINE,, ,I,RAILWAY ROAD,201444533,18/09/2014,Thu,1315,BB,CE2C,124A ,,R,W,O ,L ,T,G,C,50,0,0,0,,,1823232,5533063
Palmerston North City,SH 3,, ,I,HILLCREST ROAD,201418883,31/10/2014,Fri,908,EA,CW1CC,129A 352A ,MM,E,W,OF,L ,T,S,C,100,0,1,0,,,,
Palmerston North City,SHAMROCK ST,, ,I,CHELWOOD ST,201445409,30/09/2014,Tue,41,DA,CN1,111A 131A 402A ,FP,R,D,DO,F ,R,G,R,50,0,0,0,,,1820312,5529199
Palmerston North City,SHAMROCK ST,20,N, ,REWA ST,201445412,20/09/2014,Sat,545,CC,4N1,133A ,F,R,D,DO,F , , ,C,50,0,0,0,,,1820347,5529117
Palmerston North City,SHELLEY ST,, ,I,MILTON ST,201414179,23/07/2014,Wed,840,LB,CN1C,303B 375B ,,E,D,OF,F ,T,G,N,50,0,0,2,,,1823856,5532250
Palmerston North City,SHIRRIFFS ROAD,100,N, ,SH 56,201435877,28/03/2014,Fri,130,MO,CN1C,410A 517A ,FM,R,W,DN,F , ,N,N,100,0,0,0,,,1817517,5527017
Palmerston North City,SLACKS ROAD,100,E, ,JULIANA PLACE,201446622,23/10/2014,Thu,1515,MO,CW1C,386A ,M,R,D,O ,F , , ,C,50,0,0,0,,,1820201,5526949
Palmerston North City,SLACKS ROAD,, ,I,MAXWELLS LINE,201410622,13/02/2014,Thu,2030,JA,SS1C,302B 375B ,,R,D,TO,F ,T,G,C,50,0,1,0,,54,1819535,5526703
Palmerston North City,SLACKS ROAD,100,W, ,MCDONALD PLACE,201414226,16/05/2014,Fri,1840,LB,MW1C,303B 375B 929 ,,R,D,DO,F ,D,N,C,50,0,1,0,,,1820260,5526980
Palmerston North City,SOMERSET CRESCENT,50,E, ,HIGHBURY AVENUE,201448640,02/11/2014,Sun,1643,EA,CW1CC,103A 129A ,M,R,D,O ,F , , ,C,50,0,0,0,,,1819313,5529614
Palmerston North City,STONEY CREEK ROAD,5,S, ,ASHHURST ROAD,201432726,19/02/2014,Wed,2010,BB,TN1C,123A 385A 818 ,,M,D,DN,F ,T,G,C,50,0,0,0,,,1823838,5537338
Palmerston North City,STONEY CREEK ROAD,100,N, ,KELVIN GROVE ROAD,201430726,05/02/2014,Wed,1830,MD,CN1C,371B 929 ,,R,D,BN,F ,D,N,C,100,0,0,0,,,1826568,5534061
Palmerston North City,STONEY CREEK ROAD,50,N, ,NAPIER ROAD,201412613,07/04/2014,Mon,1502,GD,CS1C,133A 930 ,,R,D,BN,F ,D,N,C,70,0,0,2,,,1827402,5532600
Palmerston North City,SUMMERHILL DRIVE,60,N, ,ON WEST,201430652,29/01/2014,Wed,902,FD,CN1C,181A 330A ,,E,D,B ,F , ,N,N,70,0,0,0,,,1822757,5527031
Palmerston North City,SUMMERHILL DRIVE,170,N, ,RUAPEHU DRIVE,201400075,06/04/2014,Sun,710,FA,TS1S,363A 902 ,,R,D,B ,F , , ,C,70,1,0,0,,51,1822920,5526888
Palmerston North City,SUZANNE GROVE,, ,I,PETER HALL DRIVE,201418580,19/12/2014,Fri,1335,DB,CS1,111A 131A ,T,R,D,OF,F ,T,N,C,50,0,1,0,,,1824489,5532659
Palmerston North City,TAONUI ST,5,N, ,WALDING ST,201436573,20/05/2014,Tue,1630,MO,CS1C,353A 371A ,,R,D,O ,F ,X,G,C,50,0,0,0,,,1821393,5529718
Palmerston North City,TE AWE AWE ST,, ,I,ALBERT ST,201435851,16/01/2014,Thu,1530,HA,CS2S,302A 375A ,,M,D,BF,F ,R,G,R,50,0,0,0,,,1823613,5528685
Palmerston North City,TE AWE AWE ST,60,E, ,ANDERSON ST,201435373,04/03/2014,Tue,1535,AC,CE1S,372A 671A ,,R,D,B ,F , , ,C,50,0,0,0,,,1823102,5528400
Palmerston North City,TE AWE AWE ST,20,W, ,JICKELL ST,201444199,14/06/2014,Sat,1647,QG,CW1C,136A 615A ,M,R,D,TO,F , ,N,C,50,0,0,0,,,1822641,5528147
Palmerston North City,TE MATAI ROAD,200,S, ,NAPIER ROAD E,201441922,04/08/2014,Mon,2315,DA,CS1,111A 131A 402A 407A ,EFZ,E,D,DN,F , , ,N,100,0,0,0,,,1828943,5532934
Palmerston North City,TE NGAIO ROAD,, ,I,KAIRANGA BUNNYTHORPE ROAD,201436714,21/05/2014,Wed,2150,FA,CW1M,137A 197A ,F,R,W,DN,F ,X,G,C,100,0,0,0,,,1822957,5537149
Palmerston North City,TENNENT DRIVE,50,N, ,ACCESS ROAD,201417818,04/12/2014,Thu,2250,CA,VN1,103A 130A 414A 801 903 ,,R,W,DO,LS, , ,C,70,0,0,1,,,1821888,5525886
Palmerston North City,TENNENT DRIVE,800,N, ,MAIN DRIVE,201432962,26/02/2014,Wed,800,AA,CW1C,159A 381A ,,R,D,O ,F , , ,C,100,0,0,0,,,1822611,5526995
Palmerston North City,TENNENT DRIVE,100,S, ,MAIN DRIVE,201400255,27/11/2014,Thu,,CB,CN1,112A 130A ,TV,R,D,DO,F , ,N,R,70,1,0,1,,,1821977,5526532
Palmerston North City,TENNENT DRIVE,, ,I,MAIN DRIVE,201417811,28/11/2014,Fri,1305,JA,4S1S,321B 335B 353B 901 ,,R,W,O ,H ,T,S,R,70,0,0,1,,25,1822033,5526618
Palmerston North City,TENNENT DRIVE,, ,I,MAIN DRIVE,201415129,12/08/2014,Tue,1940,JA,CS1C,301B 375B 402B ,,E,W,DO,F ,T,S,R,70,0,0,1,,,1822033,5526618
Palmerston North City,TENNENT DRIVE,10,S, ,MUNRO ROAD,201443943,28/06/2014,Sat,208,DA,CS1,103A 111A 131A ,FP,E,W,DO,F ,T,G,C,70,0,0,0,,,1821847,5525842
Palmerston North City,TENNENT DRIVE,800,N, ,SH 57 OLD WEST,201447599,31/10/2014,Fri,1805,QG,CS1,130A 680A 903 ,,E,D,O ,FS, , ,C,100,0,0,0,,,1820779,5524442
Palmerston North City,TENNENT DRIVE,15,W, ,SHEEP FARM ROAD,201446607,08/10/2014,Wed,1630,FD,4E1C,110A 181A ,,R,W,O ,L , , ,C,100,0,0,0,,,1821399,5525479
Palmerston North City,TENNENT DRIVE,100,W, ,SUMMERHILL OBR,201446419,12/09/2014,Fri,2155,DA,CW1,111A 131A ,S,E,W,DO,L , ,N,C,70,0,0,0,,,1822665,5526993
Palmerston North City,TENNENT DRIVE,1000,W, ,SUMMERHILL OBR,201434765,29/04/2014,Tue,1326,AC,CE1T,407A ,,R,D,BF,F , ,N,C,70,0,0,0,,,1822002,5526606
Palmerston North City,THE SQUARE,10,S, ,BROADWAY AVENUE,201440137,13/07/2014,Sun,15,BE,CS1C,103A 125A ,,R,D,DO,F ,T,T,R,50,0,0,0,,,1821770,5529592
Palmerston North City,THE SQUARE,, ,I,BROADWAY AVENUE,201413209,08/05/2014,Thu,1528,NE,CE1E,711B 732B ,I,E,D,B ,F ,T,T,R,50,0,0,1,,,1821765,5529601
Palmerston North City,THE SQUARE,20,N, ,CHURCH ST,201447696,11/12/2014,Thu,1315,FD,CN1C,181A 331A ,Q,R,D,OF,F , ,N,C,50,0,0,0,,,1821886,5529380
Palmerston North City,THE SQUARE,, ,I,MAIN ST,201450461,18/12/2014,Thu,1715,FC,CS1C,181A ,,E,D,OF,F ,R,G,X,50,0,0,0,,,1821823,5529493
Palmerston North City,THE SQUARE,20,S, ,MAIN ST E,201436238,17/05/2014,Sat,100,CA,CS1,410A ,J,R,D,DO,F , , ,R,50,0,0,0,,,1821841,5529461
Palmerston North City,TREMAINE AVENUE,100,E, ,AMBERLEY AVENUE,201445134,28/09/2014,Sun,2150,EC,CW1,911,W,R,D,DO,F , , ,C,50,0,0,0,,,1818458,5529509
Palmerston North City,TREMAINE AVENUE,, ,I,BOTANICAL ROAD,201448421,24/09/2014,Wed,1630,HA,CW1C,302A 387A ,,M,D,BF,F ,R,G,R,50,0,0,0,,,1819511,5530086
Palmerston North City,TREMAINE AVENUE,30,W, ,CHATHAM LANE,201436715,14/05/2014,Wed,1210,GB,PE1C,333A 362A 929 ,,R,D,O ,F ,D,N,C,50,0,0,0,,,1819331,5529985
Palmerston North City,TREMAINE AVENUE,110,E, ,DOWNING ST,201446421,11/09/2014,Thu,2230,CC,CW1,112A 132A 191A 351A ,,R,D,DO,F , ,N,C,50,0,0,0,,,1819957,5530326
Palmerston North City,TREMAINE AVENUE,, ,I,FORBURY AVENUE,201450740,10/12/2014,Wed,1500,GD,CE14,181A ,,R,W,OF,H ,T,G,C,50,0,0,0,,,1820128,5530421
Palmerston North City,TREMAINE AVENUE,40,S, ,HERETAUNGA ST,201436191,19/05/2014,Mon,1100,MD,4N1C,371B 377B ,,R,D,B ,F , , ,P,50,0,0,0,,,1822161,5531535
Palmerston North City,TREMAINE AVENUE,, ,I,HIGHBURY AVENUE,201432569,12/01/2014,Sun,1231,JA,CW1C,302B 375B ,,R,D,O ,F ,T,G,C,50,0,0,0,,,1819116,5529868
Palmerston North City,TREMAINE AVENUE,25,S, ,KIMBERLEY GROVE,201412519,02/03/2014,Sun,948,PC,VS1E,330A 371A 929 ,,R,D,B ,F ,D, ,C,50,0,0,1,62,,1818559,5529564
Palmerston North City,TREMAINE AVENUE,15,W, ,LYNWOOD CLOSE,201446489,24/07/2014,Thu,1645,AO,CW1C,158A 381A ,,R,D,DO,F ,R,G,C,50,0,0,0,,,1819606,5530135
Palmerston North City,TREMAINE AVENUE,, ,I,MATTHEWS AVENUE,201436188,09/05/2014,Fri,1726,CB,CN1,103A 130A ,F,R,D,B ,F ,T,G,C,50,0,0,0,,,1820479,5530617
Palmerston North City,TREMAINE AVENUE,, ,I,MIDHURST ST,201447804,01/11/2014,Sat,1030,FE,CE1C,181A ,,R,D,OF,F ,T,T,C,50,0,0,0,,,1823869,5532468
Palmerston North City,TREMAINE AVENUE,, ,I,MILSON LINE,201410975,17/02/2014,Mon,1318,FD,TE1C,181A ,,R,D,BF,F ,X,T,C,50,0,0,1,,,1822470,5531706
Palmerston North City,TREMAINE AVENUE,15,E, ,RAILWAY ROAD,201432246,16/02/2014,Sun,1750,AO,VE1S,129A 129B ,,R,D,B ,F , , ,C,50,0,0,0,,,1823454,5532242
Palmerston North City,TREMAINE AVENUE,30,W, ,RAILWAY ROAD,201431528,10/01/2014,Fri,1936,GB,VE1T,333A 387A 175B 922 ,,R,D,OF,F ,D, ,C,50,0,0,0,,,1823414,5532221
Palmerston North City,TREMAINE AVENUE,100,E, ,RANGITIKEI ST,201430429,21/01/2014,Tue,1200,GD,CE1C,181A 331A 926 ,,R,W,O ,F ,D,N,C,50,0,0,0,,,1821040,5530922
Palmerston North City,TREMAINE AVENUE,30,W, ,ROY ST,201411062,06/03/2014,Thu,800,EE,SE1C,374B ,M,R,D,B ,F , , ,C,50,0,1,0,,34,1821462,5531153
Palmerston North City,TREMAINE AVENUE,15,E, ,RUAHINE ST,201413992,10/06/2014,Tue,1710,FD,CW1C4,132A 331A ,,R,W,O ,H ,X,T,C,50,0,0,2,,,1822483,5531713
Palmerston North City,TREMAINE AVENUE,50,E, ,RUAHINE ST,201441484,30/07/2014,Wed,850,FD,CE1CC,181A 351A ,,R,D,O ,F , ,N,C,50,0,0,0,,,1822514,5531730
Palmerston North City,TREMAINE AVENUE,300,W, ,RUAHINE ST,201442435,08/08/2014,Fri,1245,JA,CW1C,308B 375B 927 ,,R,D,BF,F ,D,N,C,50,0,0,0,,,1822208,5531561
Palmerston North City,TREMAINE AVENUE,, ,I,RUAHINE ST,201442498,02/08/2014,Sat,1950,HA,CE1C,322A ,,R,W,DO,L ,X,T,C,50,0,0,0,,,1822470,5531706
Palmerston North City,TREMAINE AVENUE,, ,I,RUAHINE ST,201434764,30/04/2014,Wed,1146,LB,CS2C,303B 353B ,,R,D,BF,F ,X,T,C,50,0,0,0,,,1822470,5531706
Palmerston North City,TREMAINE AVENUE,40,W, ,RUSSELL ST,201448655,02/12/2014,Tue,1727,FD,CW1VCC,110A 331A 110B 331B ,,R,D,B ,F , , ,C,50,0,0,0,,,1821815,5531347
Palmerston North City,TREMAINE AVENUE,10,E, ,SH 3,201432352,24/01/2014,Fri,1441,LB,CW1C,303B 922 ,,R,D,O ,F ,D,N,C,50,0,0,0,,,1820962,5530878
Palmerston North City,TREMAINE AVENUE,25,E, ,SH 3,201442933,20/08/2014,Wed,1800,JA,CW1C,308B 314B 375B 922 ,,R,D,DO,F ,D, ,C,50,0,0,0,,,1820975,5530885
Palmerston North City,TREMAINE AVENUE,100,E, ,SH 3,201436490,29/04/2014,Tue,1255,MC,CE1C,372B ,,R,D,BF,F , ,N,C,50,0,0,0,,,1821040,5530922
Palmerston North City,TREMAINE AVENUE,, ,I,SHELLEY ST,201412614,16/04/2014,Wed,530,LB,SW1T,303B 375B ,,R,W,DO,L ,T,G,C,50,0,0,1,,35,1823767,5532411
Palmerston North City,TREMAINE AVENUE,, ,I,THAMES ST,201433620,14/02/2014,Fri,750,JA,VS1C,302B 375B ,,R,D,B ,F ,T,G,C,50,0,0,0,,,1823050,5532021
Palmerston North City,TREMAINE AVENUE,30,E, ,TYNDALL ST,201413347,04/06/2014,Wed,900,EE,SW1C,374B ,M,R,D,B ,F , , ,C,50,0,0,1,,14,1822095,5531499
Palmerston North City,TREMAINE AVENUE,150,E, ,VOGEL ST,201434053,20/03/2014,Thu,1450,FD,CW1CC,133A 501A ,,R,D,B ,F , ,N,C,50,0,0,0,,,1823573,5532306
Palmerston North City,TREMAINE AVENUE,5,W, ,VOGEL ST,201437817,12/05/2014,Mon,1523,LB,CE1C,303B 314B 922 ,,R,W,O ,F ,D,N,C,50,0,0,0,,,1823436,5532233
Palmerston North City,TREMAINE AVENUE,50,W, ,VOGEL ST,201411145,02/03/2014,Sun,1614,JA,CE1C,308B 375B 925 ,,R,D,B ,F ,D, ,P,50,0,0,1,,,1823397,5532211
Palmerston North City,TREMAINE AVENUE,170,W, ,VOGEL ST,201418708,27/10/2014,Mon,1818,BE,CS1T,103A 130A 330A ,,R,D,O ,F , , ,P,50,0,0,1,,,1823292,5532153
Palmerston North City,TREMAINE AVENUE,, ,I,VOGEL ST,201450741,10/12/2014,Wed,1704,AC,TW1T,372A ,,R,W,OF,L ,X,T,C,50,0,0,0,,,1823441,5532235
Palmerston North City,TURITEA ROAD,, ,I,VALLEY VIEWS,201448664,27/11/2014,Thu,145,DB,CS1,111A 131A 402A ,ST,M,D,DN,F ,T,N,C,80,0,0,0,,,1824078,5525173
Palmerston North City,TYNE ST,, ,I,THAMES ST,201447595,16/11/2014,Sun,1952,DA,CN2C,111A 131A 402A ,KM,R,D,TF,F ,T,N,N,50,0,0,0,,,1823127,5531880
Palmerston North City,TYNE ST,200,W, ,VOGEL ST,201440375,05/07/2014,Sat,330,MO,CN1C,371A 901 903 929 ,M,R,W,DO,HS,D, ,N,50,0,0,0,,,1823342,5531996