TLANAME,CRASHROAD,CRASHDIST,CRASHDIRN,INTSN,SIDEROAD,CRASHID,CRASHDATE,CRASHDOW,CRASHTIME,MVMT,VEHICLES,CAUSES,OBJECTSSTRUCK,ROADCURVE,ROADWET,LIGHT,WTHRa,JUNCTYPE,TRAFCTRL,ROADMARK,SPDLIM,CRASHFATALCNT,CRASHSEVCNT,CRASHMINCNT,PERSAGE1,PERSAGE2,EASTING,NORTHING
Palmerston North City,VICTORIA AVENUE,, ,I,BROADWAY AVENUE,201411807,23/03/2014,Sun,1020,HA,CS1S,302A 375A ,,R,D,BF,F ,R,G,C,50,0,0,1,,30,1822429,5529957
Palmerston North City,VICTORIA AVENUE,, ,I,CHURCH ST,201450883,05/12/2014,Fri,1525,LB,CS1C,302A ,,M,D,BF,F ,R,G,C,50,0,0,0,,,1822560,5529716
Palmerston North City,VICTORIA AVENUE,190,S, ,COLLEGE ST,201414731,04/07/2014,Fri,1525,MC,SS1C,372B 671B ,,R,D,O ,F , , ,C,50,0,0,1,,13,1822949,5528995
Palmerston North City,VICTORIA AVENUE,, ,I,FERGUSON ST,201415593,26/07/2014,Sat,920,LB,4N1S,302A 375A ,,R,D,O ,F ,R,G,R,50,0,1,0,,55,1822693,5529477
Palmerston North City,VICTORIA AVENUE,, ,I,FERGUSON ST,201413339,23/05/2014,Fri,838,NA,CN1E,711B 901 ,,R,W,O ,H ,R,G,P,50,0,0,1,69,,1822693,5529477
Palmerston North City,VICTORIA AVENUE,, ,I,FERGUSON ST,201442436,26/07/2014,Sat,2128,HA,CE2C,302B 375B ,,E,D,DO,F ,R,G,R,50,0,0,0,,,1822695,5529486
Palmerston North City,VICTORIA AVENUE,, ,I,FERGUSON ST,201416773,15/09/2014,Mon,820,HA,CE2S,302A ,,R,D,O ,F ,R,G,R,50,0,0,1,,40,1822695,5529486
Palmerston North City,VICTORIA AVENUE,5,S, ,GREY ST,201432410,19/02/2014,Wed,830,FB,CN1C,331A ,,R,D,B ,F ,T,G,C,50,0,0,0,,,1822295,5530204
Palmerston North City,VICTORIA AVENUE,30,S, ,GREY ST,201447802,31/10/2014,Fri,750,GB,CN1C,387A 142B 926 ,,R,D,OF,F ,D,N,C,50,0,0,0,,,1822307,5530182
Palmerston North City,VICTORIA AVENUE,80,S, ,GREY ST,201445139,20/09/2014,Sat,1040,ME,MS1C,333A 801 ,,R,W,O ,L , , ,C,50,0,0,0,,,1822331,5530138
Palmerston North City,VICTORIA AVENUE,, ,I,TE AWE AWE ST,201441945,13/08/2014,Wed,2110,DA,CN2,111A 131A 801 ,FP,R,W,DO,L ,T,S,C,50,0,0,0,,,1823238,5528474
Palmerston North City,VOGEL ST,60,S, ,BARNES COURT,201437615,01/06/2014,Sun,1345,EA,CS1CC,129A 130A 507A ,M,R,D,B ,F , , ,C,50,0,0,0,,,1824206,5530828
Palmerston North City,VOGEL ST,40,N, ,CLYDE CRESCENT S,201413211,05/06/2014,Thu,1319,MA,CS1C,112A 370A 402A 373B ,,R,D,O ,F , ,N,C,50,0,3,0,,,1824074,5531072
Palmerston North City,VOGEL ST,150,N, ,FEATHERSTON ST,201416766,06/09/2014,Sat,1750,LB,CS1C,303B 930 ,,R,D,TF,F ,D,N,C,50,0,1,0,,,1823763,5531643
Palmerston North City,VOGEL ST,, ,I,FEATHERSTON ST,201410443,11/01/2014,Sat,1800,LB,CN1C,303B ,,R,D,B ,F ,T,G,C,50,0,0,1,,,1823836,5531511
Palmerston North City,VOGEL ST,20,N, ,HAYDON ST,201411705,14/03/2014,Fri,1040,EE,SS1VS,374B ,M,R,D,B ,F , , ,C,50,0,0,2,,22,1823795,5531585
Palmerston North City,VOGEL ST,5,N, ,KIPLING ST,201418182,24/12/2014,Wed,950,NA,CN1E,713B 717B 727B ,,R,D,B ,F ,T,G,X,50,0,0,1,5,,1823481,5532157
Palmerston North City,VOGEL ST,50,S, ,MILTON ST,201440833,02/08/2014,Sat,1930,EA,CS1C,103A 129A ,M,R,W,DO,L , , ,C,50,0,0,0,,,1823551,5532032
Palmerston North City,VOGEL ST,, ,I,RANGIORA AVENUE,201448653,25/11/2014,Tue,720,GD,TS1C,197A 191B ,,E,D,B ,F ,T,G,C,50,0,0,0,,,1824001,5531206
Palmerston North City,VOGEL ST,15,N, ,RATA ST,201445129,07/09/2014,Sun,1731,MG,CN1C,330A 371B ,,R,D,B ,F , , ,C,50,0,0,0,,,1823620,5531905
Palmerston North City,VOGEL ST,, ,I,TWEED ST,201434345,07/04/2014,Mon,800,AO,CS1S,129A ,,R,D,O ,F ,T,G,C,50,0,0,0,,,1823659,5531835
Palmerston North City,VOGEL ST,, ,A,UPPER MAIN ST,201446605,22/10/2014,Wed,1830,DA,CS1,111A 131A ,K,S,D,B ,F , , ,C,50,0,0,0,,,1824178,5530881
Palmerston North City,WALDEGRAVE ST,30,N, ,CUBA ST,201447760,29/10/2014,Wed,1112,MD,CS1C,308B 377B 839 929 ,,R,D,B ,F ,D,N,N,50,0,0,0,,,1821124,5529377
Palmerston North City,WALDEGRAVE ST,, ,I,FEATHERSTON ST,201431942,07/03/2014,Fri,852,AO,TN2S,142A 671A ,,R,D,BF,F ,T,G,C,50,0,0,0,,,1820849,5529875
Palmerston North City,WALDING ST,, ,I,TAONUI ST,201436192,19/05/2014,Mon,942,HA,CN1C,301A 375A 404A ,,R,D,B ,F ,X,S,P,50,0,0,0,,,1821395,5529713
Palmerston North City,WALDING ST,, ,I,TAONUI ST,201414599,18/07/2014,Fri,652,KB,CS1P,370A 301B 387B ,,R,D,DO,F ,X,S,R,50,0,1,0,,,1821395,5529713
Palmerston North City,WALDING ST,, ,I,TAONUI ST,201436777,22/05/2014,Thu,1015,HA,CE1C,301B 375B ,,R,D,B ,F ,X,S,R,50,0,0,0,,,1821395,5529713
Palmerston North City,WALDING ST,, ,I,TAONUI ST,201433633,27/02/2014,Thu,1900,HA,CS1C,301B 370B 402B ,,R,D,B ,F ,X,S,R,50,0,0,0,,,1821395,5529713
Palmerston North City,WALDING ST,, ,I,TAONUI ST,201442973,10/08/2014,Sun,1310,HA,CN1C,301B 375B ,S,R,D,O ,F ,X,S,R,50,0,0,0,,,1821395,5529713
Palmerston North City,WALDING ST,, ,I,TAONUI ST,201445140,20/09/2014,Sat,1207,HA,CS2C,301A 375A 801 ,,R,W,O ,L ,X,S,R,50,0,0,0,,,1821395,5529713
Palmerston North City,WARD ST,, ,I,MASSEY ST,201414547,25/06/2014,Wed,1549,LB,CN1C,102B 303B 375B 402B 930 ,,R,D,O ,F ,D,N,C,50,0,0,2,,,1822014,5530329
Palmerston North City,WAUGHS ROAD,100,S, ,NEWBURY LINE,201432353,26/01/2014,Sun,1735,DA,CS1,111A 402A 901 ,F,M,W,O ,H , , ,L,100,0,0,0,,,1822296,5539117
Palmerston North City,WAUGHS ROAD,, ,I,SLIP ROAD,201439961,27/06/2014,Fri,1535,DB,VS1,135A 800 ,P,S,W,OF,L ,T,G,R,100,0,0,0,,,1822323,5539086
Palmerston North City,WEBB ST,, ,I,KNOWLES ST,201417792,28/09/2014,Sun,600,DC,CE1,112A 320A ,F,R,D,B ,F ,T,N,N,50,0,0,1,,,1824078,5530253
Palmerston North City,WEST ST,, ,I,JOSEPH ST,201416041,07/09/2014,Sun,2117,AO,CN14,320B 514B ,,R,D,DO,F ,T,N,C,50,0,0,1,,,1820817,5528600
Palmerston North City,WEST ST,50,S, ,PIONEER HIGHWAY,201440683,27/07/2014,Sun,1445,JA,4N1C,112A 197A 308B 375B 427B 927 ,,R,D,O ,F ,D,N,R,50,0,0,0,,,1820726,5528811
Palmerston North City,WINDSOR ST,20,N, ,RUAHINE ST,201449670,22/12/2014,Mon,1500,MO,CS1C,371A 929 ,M,R,D,B ,F ,D,N,N,50,0,0,0,,,1823662,5529647
Palmerston North City,WINSTON AVENUE,, ,I,FRANKLIN AVENUE,201435244,07/04/2014,Mon,1930,DA,CS1,111A 131A 423A ,,M,D,DO,F ,T,G,C,50,0,0,0,,,1823698,5529045
Palmerston North City,WOOD ST,100,S, ,CLAUSEN ST,201447758,22/10/2014,Wed,1444,FA,CN1C,181A 434A ,,R,D,B ,F , , ,C,50,0,0,0,,,1820663,5530021
Palmerston North City,3/450/18.074,, ,I,SH 54,201447621,07/11/2014,Fri,1336,MC,CN1C,372B ,,R,D,BF,F ,X,G,L,100,0,0,0,,,1818760,5533644
Palmerston North City,3/450/18.074,, ,I,KAIRANGA BUNNYTHORPE ROAD,201445719,20/10/2014,Mon,1630,HA,CN1C,301A 402A ,,R,D,O ,F ,X,S,C,100,0,0,0,,,1818760,5533644
Palmerston North City,3/468/0.52,520,E, ,KAIRANGA BUNNYTHORPE ROAD,201414143,16/06/2014,Mon,1730,FD,CN1CC,181A 181C ,,R,W,DN,L , ,N,C,100,0,0,2,,,1819092,5533244
Palmerston North City,3/468/1.781,250,N, ,FLYGERS LINE,201400094,28/04/2014,Mon,655,BE,CS1TC,130A 504A 801 ,,R,W,O ,L , , ,C,100,1,1,1,,,1819898,5532273
Palmerston North City,3/468/2.031,, ,I,FLYGERS LINE,201449028,30/10/2014,Thu,1940,DA,CW2,111A 131A ,,R,D,BF,F ,X,G,R,100,0,0,0,,,1820058,5532081
Palmerston North City,3/468/2.231,200,S, ,FLYGERS LINE,201430199,06/01/2014,Mon,745,CB,CS1,412A ,P,R,D,B ,F , , ,C,100,0,0,0,,,1820186,5531928
Palmerston North City,3/471/0.011,400,N, ,BENNETT ST,201417197,23/11/2014,Sun,1738,DB,CN1,101A 131A 501A ,P,E,D,B ,F , , ,C,50,0,0,1,,,1820382,5531669
Palmerston North City,3/471/0.321,90,N, ,BENNETT ST,201445443,08/08/2014,Fri,2139,DA,CN1,197A ,F,E,D,DO,F , , ,C,50,0,0,0,,,1820515,5531395
Palmerston North City,3/471/1.002,, ,I,TREMAINE AVENUE,201435263,16/04/2014,Wed,2045,LB,CS1C,303B ,,R,W,DO,L ,X,T,R,50,0,0,0,,,1820953,5530873
Palmerston North City,TREMAINE AVENUE,, ,I,RANGITIKEI LINE,201437566,06/06/2014,Fri,1610,FB,CE1C,181A ,,M,D,B ,F ,X,G,C,50,0,0,0,,,1820953,5530873
Palmerston North City,TREMAINE AVENUE,, ,I,3/471/1.002,201443591,16/06/2014,Mon,1150,FB,VW1C,331A 353A 387A ,,E,D,BF,F ,X,T,R,50,0,0,0,,,1820953,5530873
Palmerston North City,3/471/1.052,50,S, ,TREMAINE AVENUE,201418578,18/12/2014,Thu,1750,FD,CN1CC,501A ,,R,D,OF,F , ,N,C,50,0,0,1,,,1820977,5530829
Palmerston North City,3/471/1.104,, ,I,MATIPO ST,201436483,16/05/2014,Fri,1146,LB,CN1V,303B ,,R,D,BF,F ,T,G,P,50,0,0,0,,,1821001,5530784
Palmerston North City,3/471/1.154,50,S, ,MATIPO ST,201434134,29/03/2014,Sat,1320,MC,CS1C,372B ,,R,D,O ,F , , ,C,50,0,0,0,,,1821025,5530740
Palmerston North City,3/471/1.452,15,N, ,HAVILL ST,201416767,15/10/2014,Wed,1918,JA,CN1C,102B 308B 922 ,,R,D,TF,F ,D,N,C,50,0,1,2,,,1821169,5530478
Palmerston North City,3/471/1.665,, ,I,WELLESBOURNE ST,201439413,02/07/2014,Wed,1230,LB,CS14,303B ,,R,W,O ,F ,X,G,C,50,0,0,0,,,1821270,5530291
Palmerston North City,3/471/1.797,30,N, ,FEATHERSTON ST,201430741,09/02/2014,Sun,1827,KB,CS1C,308B 375B 924 ,,R,D,OF,L ,D,N,C,50,0,0,0,,,1821334,5530175
Palmerston North City,FEATHERSTON ST,, ,I,RANGITIKEI ST,201433509,18/03/2014,Tue,1110,LB,CW2C,303B ,,R,W,OF,L ,X,T,C,50,0,0,0,,,1821348,5530149
Palmerston North City,FEATHERSTON ST,, ,I,3/471/1.827,201432731,26/02/2014,Wed,620,LB,CN1C,303B 375B ,,R,D,TO,F ,X,T,R,50,0,0,0,,,1821348,5530149
Palmerston North City,FEATHERSTON ST,, ,I,3/471/1.827,201438602,14/06/2014,Sat,1400,FA,CW1S,181A ,,R,D,B ,F ,X,T,C,50,0,0,0,,,1821348,5530149
Palmerston North City,3/471/1.827,, ,I,FEATHERSTON ST,201446623,10/10/2014,Fri,1730,AC,CN1S,159A 512A ,,R,D,B ,F ,X,T,C,50,0,0,0,,,1821348,5530149
Palmerston North City,3/471/1.827,, ,I,FEATHERSTON ST,201438461,18/06/2014,Wed,1930,EA,4S1C,129A 386A ,M,R,D,DO,F ,X,T,C,50,0,0,0,,,1821348,5530149
Palmerston North City,3/471/1.827,, ,I,FEATHERSTON ST,201450571,08/12/2014,Mon,1240,LB,CN1C,334A 303B 334B ,,R,D,O ,F ,X,T,C,50,0,0,0,,,1821348,5530149
Palmerston North City,3/471/1.827,, ,I,FEATHERSTON ST,201416873,23/11/2014,Sun,522,CC,CS1,112A 357A 506A ,IJK,R,W,TO,F ,X,T,R,50,0,1,0,,,1821348,5530149
Palmerston North City,3/471/1.827,, ,I,FEATHERSTON ST,201400014,23/01/2014,Thu,2209,LB,PE1V,534A 303B 375B ,II,R,D,DO,F ,X,T,R,50,1,0,0,,,1821348,5530149
Palmerston North City,3/471/1.832,5,S, ,FEATHERSTON ST,201436503,04/05/2014,Sun,1836,AC,CN1C,372A 387A ,,R,D,DO,F ,X,T,C,50,0,0,0,,,1821351,5530144
Palmerston North City,3/471/1.867,40,S, ,FEATHERSTON ST,201417813,29/11/2014,Sat,1153,JA,CS1C,308B 377B 903 927 ,,R,D,B ,FS,D, ,C,50,0,0,1,,,1821367,5530114
Palmerston North City,3/471/1.897,70,S, ,FEATHERSTON ST,201440798,23/07/2014,Wed,1715,KA,VN1V,308B 926 ,,R,D,OO,F ,D,N,C,50,0,0,0,,,1821382,5530087
Palmerston North City,3/471/1.907,80,S, ,FEATHERSTON ST,201448426,20/10/2014,Mon,1700,KA,VN1C,308B 377B 925 ,,R,D,OF,F ,D,N,C,50,0,0,0,,,1821387,5530079
Palmerston North City,3/471/2.128,100,N, ,WALDING ST,201434322,21/03/2014,Fri,1621,MC,XS1C,372B ,,R,D,B ,F , , ,C,50,0,0,0,,,1821493,5529885
Palmerston North City,3/471/2.198,30,N, ,WALDING ST,201442496,09/08/2014,Sat,1145,MO,CN1C,371A 924 ,M,R,D,BF,F ,D,N,C,50,0,0,0,,,1821527,5529824
Palmerston North City,3/471/2.228,, ,I,RANGITIKEI ST,201442439,19/07/2014,Sat,816,HA,CE1C,322B ,,R,D,BF,F ,X,T,C,50,0,0,0,,,1821541,5529798
Palmerston North City,3/471/2.228,, ,I,GREY ST,201438690,20/06/2014,Fri,2045,LB,CS1C,303B ,,R,D,DO,F ,X,T,R,50,0,0,0,,,1821541,5529798
Palmerston North City,3/471/2.228,, ,I,WALDING ST,201437646,29/05/2014,Thu,1640,FB,VS1C,331A 350A ,,E,D,O ,F ,X,G,N,50,0,0,0,,,1821541,5529798
Palmerston North City,WALDING ST,, ,I,RANGITIKEI ST,201445049,11/10/2014,Sat,945,FE,CE1C,181A 330A ,,R,D,O ,F ,M,T,C,50,0,0,0,,,1821541,5529798
Palmerston North City,3/471/2.595,, ,I,CARROLL ST,201432961,05/03/2014,Wed,1625,KA,VE1C,302B 377B 801 ,,R,W,O ,L ,T,G,R,50,0,0,0,,,1821863,5529974
Palmerston North City,3/471/2.595,, ,I,CARROLL ST,201430346,02/01/2014,Thu,1330,JA,CE1V,302B 375B ,,R,D,O ,F ,T,G,R,50,0,0,0,,,1821863,5529974
Palmerston North City,3/471/2.651,, ,I,GREY ST,201446488,01/08/2014,Fri,1610,GF,CN1C,381A ,,R,D,BF,F ,T,T,C,50,0,0,0,,,1821912,5530001
Palmerston North City,3/471/2.651,, ,I,SH 3,201434323,21/03/2014,Fri,1436,GF,TE2C,372A ,,M,D,B ,F ,T,T,R,50,0,0,0,,,1821912,5530001
Palmerston North City,3/471/2.835,, ,I,KING ST,201443250,26/08/2014,Tue,1442,MO,CS1V,312A 350A 370A 926 ,,R,D,B ,F ,D,N,C,50,0,0,0,,,1822000,5529839
Palmerston North City,BROADWAY AVENUE,, ,I,3/471/2.931,201415134,04/07/2014,Fri,1013,NF,CN2E,307A 323A 363A 902 ,,R,D,B ,F ,X,T,C,50,0,1,0,59,,1822046,5529755
Palmerston North City,3/471/2.931,, ,I,BROADWAY AVENUE,201444234,15/09/2014,Mon,1205,GF,4N1C,142A 175A ,,R,D,O ,F ,X,T,C,50,0,0,0,,,1822046,5529755
Palmerston North City,MAIN ST,, ,I,3/474/0,201446608,26/10/2014,Sun,10,CA,VE1,103A 433A ,S,R,D,DO,F ,X,T,R,50,0,0,0,,,1822110,5529638
Palmerston North City,3/474/0.012,, ,I,PRINCESS ST,201438665,07/06/2014,Sat,1220,AA,CE1C,372A 507A ,,E,D,O ,F ,X,T,R,50,0,0,0,,,1822115,5529627
Palmerston North City,3/474/0.012,, ,I,PRINCESS ST,201410021,22/02/2014,Sat,700,DA,CN2C,101A 131A 402A ,M,E,D,B ,F ,X,T,R,50,0,0,1,,,1822115,5529627
Palmerston North City,3/474/0.012,, ,I,SH 3 PRINCESS ST,201434055,30/03/2014,Sun,1705,HA,CW1C,322B 334B ,,R,D,B ,F ,X,T,R,50,0,0,0,,,1822115,5529627
Palmerston North City,3/474/0.212,200,E, ,PRINCESS ST,201434951,30/03/2014,Sun,235,EA,VW1C,129A 350A ,M,R,D,DO,F , ,N,C,50,0,0,0,,,1822291,5529723
Palmerston North City,3/474/0.413,20,W, ,VICTORIA AVENUE,201436778,20/05/2014,Tue,1450,AC,CE1C,372A 377A 839 ,,R,D,O ,F , ,N,C,50,0,0,0,,,1822472,5529836
Palmerston North City,3/474/0.446,, ,I,VICTORIA AVENUE,201437567,09/06/2014,Mon,1522,FE,CW1T,331A ,,E,W,O ,H ,X,T,R,50,0,0,0,,,1822496,5529835
Palmerston North City,3/474/0.446,, ,I,VICTORIA AVENUE,201430855,05/01/2014,Sun,9,DA,CS1,103A 131A 358A ,HS,R,W,DO,L ,X,T,R,50,0,0,0,,,1822496,5529835
Palmerston North City,3/474/1.304,, ,I,RUAHINE ST,201446425,13/08/2014,Wed,745,LB,CE1C,303B 387B ,,R,D,BF,F ,X,T,R,50,0,0,0,,,1823254,5530263
Palmerston North City,3/474/1.316,, ,I,RUAHINE ST,201444013,25/07/2014,Fri,1810,LB,CW1C,303B 375B ,,R,D,DO,F ,X,T,R,50,0,0,0,,,1823260,5530253
Palmerston North City,3/474/2.212,, ,I,UPPER MAIN ST,201411577,09/03/2014,Sun,1015,JA,CE1C,302B 377B ,,E,D,BF,F ,T,G,R,50,0,0,1,,,1824058,5530680
Palmerston North City,3/474/2.212,, ,I,UPPER MAIN ST,201413433,26/06/2014,Thu,810,JA,VE1C,302B ,,R,W,O ,F ,T,G,R,50,0,0,1,,,1824058,5530680
Palmerston North City,3/474/2.212,, ,I,UPPER MAIN ST,201414430,07/07/2014,Mon,1409,JA,CE14,302B 375B ,,R,D,BN,F ,T,G,R,50,0,1,1,,,1824058,5530680
Palmerston North City,3/474/2.221,, ,I,UPPER MAIN ST,201437583,13/06/2014,Fri,1335,DA,CS2,111A 131A ,FK,M,W,O ,L ,T,G,R,50,0,0,0,,,1824061,5530668
Palmerston North City,3/474/2.394,, ,I,BRIGHTWATER TERRACE,201444009,17/08/2014,Sun,1235,CB,CW1,501A ,IJ,R,D,OF,F ,T,G,R,50,0,0,0,,,1824228,5530711
Palmerston North City,3/474/3.046,200,E, ,LIMBRICK ST,201435899,30/03/2014,Sun,2045,JA,CE1C,308B 832 926 ,,E,D,DN,F ,D,N,C,100,0,0,0,,,1824787,5530996
Palmerston North City,3/474/3.741,350,W, ,ROBERTS LINE SOUTH,201412512,14/03/2014,Fri,1130,HO,CW1O,308B 375B 927 ,F,R,D,B ,F ,D, ,C,100,0,1,1,,,1825327,5531390
Palmerston North City,3/474/4.091,, ,I,ROBERTS LINE SOUTH,201436487,09/05/2014,Fri,825,JA,VE1C,301B 375B ,,R,W,OF,L ,X,S,C,100,0,0,0,,,1825676,5531419
Palmerston North City,3/474/4.091,, ,I,ROBERTS LINE SOUTH,201414734,23/06/2014,Mon,1513,LB,CE14,303B 363B 902 ,,R,D,B ,F ,X,S,C,100,0,0,3,,,1825676,5531419
Palmerston North City,3/474/4.091,, ,I,ROBERTS LINE SOUTH,201413933,06/06/2014,Fri,1720,LB,CE1VC,303B 375B ,,E,D,TO,F ,X,S,P,100,0,0,1,,,1825676,5531419
Palmerston North City,3/474/4.11,, ,I,ROBERTS LINE SOUTH,201416161,06/10/2014,Mon,1528,HA,CS2M,301A 387A 903 ,,E,D,O ,FS,X,S,L,100,0,0,1,,,1825676,5531419
Palmerston North City,3/474/4.291,200,E, ,TE MATAI ROAD S,201435822,17/04/2014,Thu,1403,DA,CE1,135A 137A 901 903 ,V,E,W,ON,HS, ,N,C,100,0,0,0,,,1825860,5531499
Palmerston North City,3/474/5.139,, ,I,JAMES LINE,201413214,30/05/2014,Fri,1610,JA,ME1C,302B 377B 830 ,,R,D,O ,F ,T,G,C,100,0,0,1,,,1826614,5531884
Palmerston North City,3/474/5.159,20,E, ,JAMES LINE,201417344,19/11/2014,Wed,1830,DA,CS1,131A 504A ,FPS,M,D,O ,F , , ,C,100,0,0,1,,,1826630,5531896
Palmerston North City,3/474/5.557,400,N, ,JAMES LINE,201437582,09/06/2014,Mon,1530,FD,CN1CC,181A ,,R,W,O ,H , , ,C,100,0,0,0,,,1826877,5532184
Palmerston North City,3/474/6.311,100,E, ,STONEY CREEK ROAD,201450819,24/12/2014,Wed,1642,FD,CE1V,103A 181A ,,E,D,BN,F , ,N,L,100,0,0,0,,,1827517,5532599
Palmerston North City,3/474/9.096,250,S, ,GLENBURN ROAD,201447761,09/06/2014,Mon,1710,BA,VN1C,129A 151A 129B ,,R,W,DN,F , , ,L,100,0,0,0,,,1829933,5533815
Palmerston North City,3/474/9.246,100,S, ,GLENBURN ROAD,201412422,05/02/2014,Wed,1400,MC,TN1C,353B 372B 927 ,V,R,D,B ,F ,D, ,L,100,0,2,1,,,1830064,5533887
Palmerston North City,3/474/10.281,20,W, ,RAUKAWA ROAD,201444983,09/10/2014,Thu,2242,AD,CE1V,103A 150A ,S,R,D,DN,F ,T,N,C,100,0,0,0,,,1830988,5534393
Palmerston North City,3/474/10.551,250,E, ,RAUKAWA ROAD,201446614,02/11/2014,Sun,404,CB,CE1,103A 430A 433A ,V,R,D,DN,F , , ,C,100,0,0,0,,,1831228,5534516
Palmerston North City,3/474/11.96,350,W, ,HILLCREST ROAD,201449029,12/11/2014,Wed,1555,CC,CE1,135A 801 ,,R,W,ON,L , ,N,C,100,0,0,0,,,1832459,5535202
Palmerston North City,3/474/12.31,, ,I,HILLCREST ROAD,201417819,31/10/2014,Fri,805,KB,CW1C,302B 330B 801 ,SV,R,W,O ,L ,T,G,C,100,0,0,1,,,1832785,5535327
Palmerston North City,3/474/12.325,15,E, ,HILLCREST ROAD,201434346,12/04/2014,Sat,1100,FD,CW1C,331A ,,R,D,O ,F , , ,C,100,0,0,0,,,1832800,5535331
Palmerston North City,3/474/12.833,2000,W, ,SH 57,201442008,01/07/2014,Tue,524,DA,VW1,129A 350A ,C,S,W,DN,H , ,N,C,80,0,0,0,,,1833301,5535417
Palmerston North City,3/474/13.449,, ,I,CAMBRIDGE AVENUE,201438689,24/05/2014,Sat,1055,JA,CS1C,302B 377B ,,E,W,O ,L ,T,G,P,80,0,0,0,,,1833884,5535378
Palmerston North City,3/474/13.449,, ,I,CAMBRIDGE AVENUE,201410976,20/02/2014,Thu,200,DA,TE1,129A 410A ,S,E,D,DO,F ,T,G,P,80,0,0,1,,,1833884,5535378
Palmerston North City,3/474/14.833,, ,I,SH 57,201413995,01/07/2014,Tue,748,KB,CE1C,301B 386B ,,R,W,O ,F ,T,S,C,100,0,0,1,,,1834702,5534266
Palmerston North City,3/474/14.852,, ,I,FITZHERBERT EAST ROAD,201450050,27/12/2014,Sat,1900,FB,CN1C,181A 427A ,,E,D,B ,F ,T,S,R,100,0,0,0,,,1834702,5534266
Palmerston North City,3/488/1.9,1900,E, ,SH 57,201445414,20/09/2014,Sat,1250,DB,CW1,131A 901 903 ,C,M,W,O ,HS, , ,L,100,0,0,0,,,1836317,5533943
Palmerston North City,3/488/2.438,5000,N, ,GORGE ROAD,201412835,21/03/2014,Fri,1645,BF,CE1C,111A 130A 403A ,,M,D,B ,F , , ,L,100,0,0,1,,,1836821,5533773
Palmerston North City,3/488/2.5,2500,E, ,FITZHERBERT EAST ROAD,201413076,24/05/2014,Sat,2230,DA,CE1,103A 131A ,G,M,W,DN,HS, ,N,L,100,0,0,1,,,1836878,5533754
Palmerston North City,3/491/0.006,4700,N, ,GORGE ROAD,201415606,14/09/2014,Sun,1728,DA,CE1,110A 131A ,G,E,W,O ,F , ,N,L,100,0,0,1,,,1837103,5533680
Palmerston North City,3/491/0.006,4700,N, ,GORGE ROAD,201445727,18/10/2014,Sat,1530,CB,CE1,110A 112A ,C,R,W,O ,L , ,N,L,100,0,0,0,,,1837103,5533680
Palmerston North City,3/491/0.006,4700,W, ,GORGE ROAD,201445743,18/10/2014,Sat,1618,CC,CE1,110A 112A ,C,R,W,O ,L , ,N,L,100,0,0,0,,,1837103,5533680
Palmerston North City,54/38/17.721,100,E, ,SH 3,201416904,23/08/2014,Sat,1720,CB,CE1,103A 129A ,V,R,D,BN,F , ,N,C,100,0,0,1,,,1818836,5533708
Palmerston North City,54/38/17.816,5,E, ,SH 3,201445166,18/09/2014,Thu,715,FB,CW1C,181A 331A ,,R,D,O ,F ,X,S,R,70,0,0,0,,,1818764,5533647
Palmerston North City,56/11/9.167,, ,I,CAREY ST,201415362,29/08/2014,Fri,2357,NA,TW1E,197A 713B ,,R,D,DO,F ,X,G,P,70,0,0,1,17,,1815881,5526561
Palmerston North City,56/11/10.086,, ,I,WALKERS ROAD,201439215,02/07/2014,Wed,1530,JA,CW1C,302B ,,R,D,O ,F ,T,G,C,100,0,0,0,,,1816743,5526847
Palmerston North City,56/11/10.862,5,W, ,LONGBURN RONGOTEA ROAD,201441483,25/07/2014,Fri,750,MC,4W1C,350B 372B ,,R,D,O ,F ,X,G,C,100,0,0,0,,,1817465,5527103
Palmerston North City,56/22/0.005,5,N, ,SHIRRIFFS ROAD,201441486,20/07/2014,Sun,2025,CB,CS1,112A 130A ,P,R,W,DO,F ,X,G,C,100,0,0,0,,,1817474,5527108
Palmerston North City,56/22/0.299,300,W, ,TE WANAKA ROAD,201446199,01/10/2014,Wed,928,EC,TE1CC,386A ,XXX,R,D,B ,F , , ,L,100,0,0,0,,,1817733,5527247