TLANAME,CRASHROAD,CRASHDIST,CRASHDIRN,INTSN,SIDEROAD,CRASHID,CRASHDATE,CRASHDOW,CRASHTIME,MVMT,VEHICLES,CAUSES,OBJECTSSTRUCK,ROADCURVE,ROADWET,LIGHT,WTHRa,JUNCTYPE,TRAFCTRL,ROADMARK,SPDLIM,CRASHFATALCNT,CRASHSEVCNT,CRASHMINCNT,PERSAGE1,PERSAGE2,EASTING,NORTHING
Palmerston North City,56/22/0.799,200,E, ,TE WANAKA ROAD,201434054,21/03/2014,Fri,2030,EC,CW1,911,W,R,D,DN,F , ,N,C,100,0,0,0,,,1818173,5527485
Palmerston North City,57/26/9.95,, ,I,TANE ROAD,201432304,03/02/2014,Mon,800,DA,CN1,131A 631A ,F,E,D,B ,F ,T,G,C,100,0,0,0,,,1813590,5518687
Palmerston North City,57/36/0.7,700,N, ,TANE ROAD,201417901,13/11/2014,Thu,1640,DA,CN1,103A 130A 407A ,E,M,D,B ,F , , ,C,100,0,0,1,,,1814185,5519046
Palmerston North City,57/36/1.861,500,W, ,SCOTTS ROAD,201447594,10/11/2014,Mon,800,BE,CW1C,130A 191A 800 801 ,F,R,W,O ,L , , ,C,100,0,0,0,,,1815227,5519505
Palmerston North City,57/36/2.211,150,W, ,SCOTTS ROAD,201412520,02/03/2014,Sun,654,DA,CS1,116A 138A 810 817 ,F,E,D,B ,F , , ,N,100,0,0,1,,,1815577,5519511
Palmerston North City,57/36/2.361,, ,I,SCOTTS ROAD,201418326,13/12/2014,Sat,845,HA,CN2C,302A 335A ,,R,D,BN,F ,X,G,C,100,0,0,1,,,1815727,5519514
Palmerston North City,57/36/2.821,460,E, ,SCOTTS ROAD,201434060,12/04/2014,Sat,1300,CB,CE1,129A 134A ,F,R,D,O ,F , ,N,C,100,0,0,0,,,1816131,5519734
Palmerston North City,57/36/4.048,, ,I,MILLRICKS LINE,201418321,17/10/2014,Fri,2250,DB,CE1,111A 131A ,F,S,W,DN,L ,T,G,C,100,0,0,1,,,1817078,5520414
Palmerston North City,57/36/5.012,15,E, ,CURRINS ROAD,201414244,02/08/2014,Sat,1150,BA,CN1CC,137A 150A 386A ,,R,D,O ,F , ,N,C,100,0,1,1,,,1817093,5521211
Palmerston North City,57/36/5.689,400,W, ,EYRE ROAD,201436148,26/02/2014,Wed,2330,CB,CW1,103A 130A ,F,R,D,DN,F , , ,C,100,0,0,0,,,1817726,5521414
Palmerston North City,57/36/7.086,100,W, ,WHITMORE ROAD,201446611,05/10/2014,Sun,415,CA,CW1,195A 402A ,,R,D,DN,F , , ,C,100,0,0,0,,,1819045,5521716
Palmerston North City,57/36/8.911,500,N, ,HEWITTS ROAD,201414605,08/06/2014,Sun,2220,DA,CS1,103A 111A 131A 407A ,GS,E,D,DN,F , , ,C,100,0,0,1,,,1820465,5522796
Palmerston North City,57/36/10.153,, ,I,TENNENT DRIVE,201442433,07/08/2014,Thu,550,DB,CW1,111A 131A 410A ,F,S,W,DO,L ,T,G,C,100,0,0,0,,,1821140,5523739
Palmerston North City,57/36/10.153,, ,I,OLD WEST ROAD,201431514,20/01/2014,Mon,44,DC,CW2,102A 335A 410A ,,M,D,DO,F ,T,G,C,100,0,0,0,,,1821140,5523739
Palmerston North City,57/36/11.153,1000,S, ,TENNENT DRIVE,201435850,14/04/2014,Mon,946,CB,CS1,135A 404A 801 ,F,R,W,ON,L , ,N,C,100,0,0,0,,,1822065,5524086
Palmerston North City,57/36/12.21,500,S, ,SOUTH ACCESS ROAD,201417900,27/11/2014,Thu,1200,DA,CS1,131A 903 ,F,E,D,O ,FS, , ,C,100,0,0,1,,,1822779,5524825
Palmerston North City,57/36/12.71,, ,I,SOUTH ACCESS ROAD,201444982,01/10/2014,Wed,1644,JA,CE1C,302B 375B ,,E,D,B ,F ,T,G,C,100,0,0,0,,,1823184,5525112
Palmerston North City,57/50/0.023,10,S, ,AOKAUTERE DRIVE,201432952,09/03/2014,Sun,,FD,MS1C,181A 191B ,,E,D,B ,F ,T,G,P,70,0,0,0,,,1823724,5525797
Palmerston North City,57/50/0.159,230,W, ,RUAPEHU DRIVE,201441836,15/08/2014,Fri,1625,DA,CW1,412A ,P,E,D,O ,F , , ,P,70,0,0,0,,,1823853,5525793
Palmerston North City,57/50/2,120,N, ,MOONSHINE VALLEY ROAD,201416302,19/10/2014,Sun,40,DA,VS1,103A 110A ,C,E,W,DO,L , ,N,L,70,0,0,1,,,1824897,5527043
Palmerston North City,57/50/4.014,, ,I,STACES ROAD,201438226,11/06/2014,Wed,1333,DB,VS1,131A 903 ,,E,D,ON,MS,T,G,C,80,0,0,0,,,1826183,5528295
Palmerston North City,57/50/6.95,100,E, ,BRINKBURN LANE,201416551,13/09/2014,Sat,352,CB,CS1,129A 410A ,V,R,D,DN,F , ,N,C,100,0,0,1,,,1828723,5529579
Palmerston North City,57/50/9.996,100,E, ,ORRS ROAD,201411707,16/03/2014,Sun,1412,CB,CE1,129A 358A ,FV,R,D,O ,L , , ,C,100,0,0,1,,,1831320,5531171
Palmerston North City,57/50/10.546,650,E, ,ORRS ROAD,201450822,12/12/2014,Fri,1339,FD,CE144,331A ,,E,D,OF,F , ,N,C,100,0,0,0,,,1831801,5531435
Palmerston North City,57/50/12.521,200,S, ,CENTRE ROAD,201442438,29/06/2014,Sun,941,CC,CS1,130A ,F,R,D,ON,F , ,N,C,100,0,0,0,,,1833315,5532624
Palmerston North City,57/50/12.721,, ,I,CENTRE ROAD,201440452,12/07/2014,Sat,2245,DC,CW1,130A 359A ,,M,D,DN,F ,T,G,C,100,0,0,0,,,1833433,5532785
Porirua City,AIRLIE ROAD,, ,I,MOANA ROAD,201433278,27/03/2014,Thu,1130,BB,CW2C,124A ,,R,D,BF,F ,T,N,C,50,0,0,0,,,1756010,5451412
Porirua City,ARAWHATA ST,130,S, ,AWATEA ST,201418770,14/09/2014,Sun,1840,DB,MN1,131A ,,M,D,DO,F , , ,N,50,0,1,0,,,1755184,5443752
Porirua City,ARAWHATA ST,, ,I,AWATEA ST,201435364,11/04/2014,Fri,1230,BC,CN2C,122A ,,R,W,O ,H ,X,G,C,50,0,0,0,,,1755075,5443741
Porirua City,AWARUA ST,20,E, ,HUKATAI ST,201445782,23/10/2014,Thu,1030,FC,CE1C,181A 330A ,,R,D,B ,F , ,N,C,50,0,0,0,,,1753793,5445309
Porirua City,AWARUA ST,100,W, ,TITAHI BAY ROAD,201415515,11/08/2014,Mon,1345,EA,TW1C,129A 358A ,Q,R,D,B ,F , , ,C,50,0,0,1,,,1754006,5445250
Porirua City,BEDFORD ST,110,N, ,CUMBERLAND GROVE,201433542,13/03/2014,Thu,1000,DB,CS1,131A 402A 531A ,P,E,D,OF,F , ,N,N,50,0,0,0,,,1756398,5443787
Porirua City,BROKEN HILL ROAD,, ,I,HOFFS PLACE,201441647,07/08/2014,Thu,1640,LB,VS1C,303B ,,R,W,O ,L ,T,G,C,50,0,0,0,,,1753317,5443197
Porirua City,BROKEN HILL ROAD,50,W, ,RAIHA ST,201439150,16/06/2014,Mon,1620,LB,CW1V,303B 927 ,,R,D,O ,F ,D,N,C,50,0,0,0,,,1753513,5443418
Porirua City,CHAMPION ST,25,E, ,CORNWALL CRESCENT W,201435415,02/03/2014,Sun,1615,BA,CE1C,129A ,,R,D,O ,F , ,N,C,50,0,0,0,,,1755842,5444577
Porirua City,CHAMPION ST,20,W, ,CORNWALL CRESCENT W,201444521,15/05/2014,Thu,1157,BF,CE1C,129A 410A ,,E,W,O ,L , , ,C,50,0,0,0,,,1755798,5444582
Porirua City,CHAMPION ST,20,S, ,HEREFORD ST N,201441429,27/06/2014,Fri,822,MC,CS1C,372B 387B ,,M,D,B ,F , ,N,C,50,0,0,0,,,1756221,5444479
Porirua City,CHAMPION ST,10,W, ,HEREFORD ST S,201445928,26/10/2014,Sun,1042,EA,CE1C,103A 129A ,M,R,D,B ,F ,T,N,C,50,0,0,0,,,1756405,5444122
Porirua City,CHAMPION ST,90,N, ,MUNGAVIN AVENUE,201447422,11/11/2014,Tue,2138,FA,CN1C,330A 370A ,,E,D,DO,F , ,N,P,30,0,0,0,,,1755078,5444324
Porirua City,CHAMPION ST,, ,I,MUNGAVIN AVENUE,201445612,01/08/2014,Fri,945,DA,CW1,131A 402A ,S,E,W,O ,L ,R,G,C,50,0,0,0,,,1756522,5443949
Porirua City,CHAMPION ST,220,W, ,WINDLEY ST,201443827,13/08/2014,Wed,835,LB,TW1X,303B 375B 929 ,,R,W,OF,F ,D,N,C,50,0,0,0,,,1755411,5444665
Porirua City,CHAMPION ST,, ,I,WINDLEY ST,201434144,12/01/2014,Sun,830,CC,CW1,103A 130A ,P,R,D,O ,F ,T,N,C,50,0,0,0,,,1755607,5444685
Porirua City,CHAPEL ST,, ,I,NGATITOA ROAD,201439532,11/04/2014,Fri,1530,HA,CN2C,302B ,,R,W,O ,L ,M,G,N,50,0,0,0,,,1754064,5446088
Porirua City,CLUNY ROAD,5,S, ,FIRTH ROAD,201439148,18/06/2014,Wed,600,EA,TN1C,386A ,M,R,D,B ,F ,T,N,C,50,0,0,0,,,1756264,5451769
Porirua City,CORINNA ST,100,E, ,WARSPITE AVENUE N,201441853,17/08/2014,Sun,2153,MO,CW1C,371A 444B 929 ,M,R,D,DO,F ,D, ,C,50,0,0,0,,,1757950,5445147
Porirua City,DE CASTRO PLACE,100,S, ,MAPPLEBECK ST,201445045,19/10/2014,Sun,1350,MO,CN1C,371A 929 ,M,R,D,B ,F ,D,N,C,50,0,0,0,,,1755130,5447650
Porirua City,DESERT GOLD ST,50,E, ,WARSPITE AVENUE,201445871,06/09/2014,Sat,1845,EA,CE1C,101A 129A ,M,R,D,DO,F , , ,N,50,0,0,0,,,1757112,5446134
Porirua City,DIMOCK ST,30,S, ,CHAFFEY CRESCENT N,201439946,04/05/2014,Sun,1355,CB,CS14,101A ,Q,R,W,BF,L , ,N,C,50,0,0,0,,,1754823,5447685
Porirua City,DIMOCK ST,20,N, ,JILLETT ST,201448259,20/11/2014,Thu,1837,LB,CN1V,303B 375B 929 ,,R,D,O ,F ,D,N,C,50,0,0,0,,,1754937,5448149
Porirua City,DRIVER CRESCENT,, ,I,WARSPITE AVENUE E,201418289,31/12/2014,Wed,1930,DB,CW2C,103A 111A 131A ,M,M,W,O ,H ,T,G,R,50,0,0,1,,,1757478,5444490
Porirua City,DRIVER CRESCENT,, ,I,WARSPITE AVENUE E,201436422,29/04/2014,Tue,1145,FB,CN1C,331A ,,R,D,BF,F ,T,G,C,50,0,0,0,,,1757478,5444490
Porirua City,ENDEAVOUR DRIVE,5,N, ,PACIFIC VIEW,201441848,07/08/2014,Thu,1129,QD,TN1CCV,428A ,M,E,D,O ,F ,T,N,N,50,0,0,0,,,1760255,5446480
Porirua City,ENDEAVOUR DRIVE,80,N, ,PORT LANE,201448292,15/12/2014,Mon,1230,JA,VS1C,929,,R,D,B ,F ,D,N,N,50,0,0,0,,,1760336,5446914
Porirua City,GLOAMING HILL,, ,I,MAPPLEBECK ST,201412103,10/04/2014,Thu,830,JA,CN1V,302B ,,E,D,O ,L ,T,G,C,50,0,0,4,,,1755240,5447723
Porirua City,GLOAMING HILL,40,N, ,ONEPOTO ROAD,201436402,28/04/2014,Mon,1343,CB,CN14,504A ,FMS,R,D,OF,F , ,N,R,50,0,0,0,,,1755111,5446998
Porirua City,GRAYS ROAD,, ,A,HOROKIRI BR,201412390,05/04/2014,Sat,1330,DB,MS1,111A 131A ,,S,D,B ,F , , ,C,60,0,0,1,,,1760229,5449012
Porirua City,GRAYS ROAD,30,W, ,MOTUKARAKA POINT E,201445265,19/09/2014,Fri,2353,CB,CW1,112A 130A 402A 412A ,,R,D,DN,F , , ,L,60,0,0,0,,,1759959,5449148
Porirua City,GRAYS ROAD,890,N, ,MOTUKARAKA POINT W,201444473,22/09/2014,Mon,910,DA,CN1,131A 402A 407A 901 903 ,FV,S,W,O ,HS, , ,C,60,0,0,0,,,1758989,5449929
Porirua City,GRAYS ROAD,1000,E, ,POPE ST,201433665,09/04/2014,Wed,1130,FD,CE1C,181A 331A ,,R,W,ON,L , , ,C,60,0,0,0,,,1758281,5449630
Porirua City,GRAYS ROAD,150,E, ,SH 1N,201444590,24/09/2014,Wed,900,DB,4W1,111A 131A ,,M,D,B ,F , , ,C,50,0,0,0,,,1757108,5450038
Porirua City,GRAYS ROAD,40,E, ,TAUPO CRESCENT,201440299,25/06/2014,Wed,1602,BC,TE14,121A ,,M,D,TF,F , , ,C,50,0,0,0,,,1757153,5450059
Porirua City,GRAYS ROAD,50,E, ,TAUPO CRESCENT,201442357,27/08/2014,Wed,1255,BC,VS1C,121A ,,S,D,B ,F , ,M,C,50,0,0,0,,,1757151,5450068
Porirua City,GRAYS ROAD,100,E, ,TAUPO CRESCENT,201436265,29/04/2014,Tue,1300,BF,CW14,111A 131A 191A 800 ,,S,W,O ,F , , ,L,50,0,0,0,,,1757145,5450115
Porirua City,GRAYS ROAD,100,N, ,TAUPO CRESCENT,201412534,03/05/2014,Sat,1210,BF,CN1C4,111A 131A 801 ,,S,W,O ,L , , ,L,50,0,0,1,,,1757145,5450115
Porirua City,HAGLEY ST,, ,I,LYTTELTON AVENUE,201439436,20/06/2014,Fri,1410,FE,CN1C,181A ,,R,D,B ,F ,R,T,C,50,0,0,0,,,1754364,5444766
Porirua City,HAMPSHIRE ST,80,W, ,BERKSHIRE GROVE,201434953,21/03/2014,Fri,1030,JA,TN1C,308B 423B 930 ,,M,D,BF,F ,D,N,N,50,0,0,0,,,1756172,5443798
Porirua City,HAMPSHIRE ST,70,S, ,MUNGAVIN AVENUE,201416466,16/10/2014,Thu,158,DA,VS1,103A 131A ,P,M,D,DO,F , , ,N,50,0,0,1,,,1756291,5443871
Porirua City,HAMPSHIRE ST,70,S, ,MUNGAVIN AVENUE,201439378,26/06/2014,Thu,1446,BC,CN1C,121A 352A ,,M,D,BF,F , ,N, ,50,0,0,0,,,1756291,5443871
Porirua City,HEREFORD ST,20,N, ,CHESHIRE ST,201430530,25/01/2014,Sat,2252,DA,CS1C,131A 363A ,,M,D,DO,F , , ,C,50,0,0,0,,,1756351,5444593
Porirua City,JAMES COOK DRIVE,140,N, ,DISCOVERY DRIVE,201444143,07/09/2014,Sun,1528,BB,VS1C,123A ,,S,D,BF,F , ,N,L,50,0,0,0,,,1759660,5446721
Porirua City,JOSEPH BANKS DRIVE,, ,I,SAMWELL DRIVE,201431497,31/01/2014,Fri,1205,AO,BN2S,671A ,,E, , F,  ,R,G,R,50,0,0,0,,,1760094,5447494
Porirua City,KENEPURU DRIVE,140,S, ,AMBULANCE DRIVE,201450065,31/12/2014,Wed,930,CC,BE1CCC,130A 330A 358A ,M,R,D,O ,F , , ,P,50,0,0,0,,,1754127,5443125
Porirua City,KENEPURU DRIVE,260,N, ,BLUFF ROAD,201415657,31/07/2014,Thu,1530,FD,VN1C,181A 330A 191B ,,R,D,O ,F , ,N,N,50,0,0,1,,,1754559,5443365
Porirua City,KENEPURU DRIVE,5,N, ,LOWER MAIN DRIVE,201411755,24/03/2014,Mon,1518,HA,CN1S,370A 210B 350B 614B ,,R,D,B ,F ,T,G,X,50,0,0,1,,11,1754564,5444074
Porirua City,KENEPURU DRIVE,5,S, ,LOWER MAIN DRIVE,201447449,27/11/2014,Thu,1600,NA,CS1E,717B ,,R,D,B ,F ,X,G,X,50,0,0,0,,,1754566,5444064
Porirua City,KENEPURU DRIVE,15,S, ,LOWER MAIN DRIVE,201432334,10/01/2014,Fri,1704,FC,CN1C,181A 191A ,,E,D,O ,F , , ,C,50,0,0,0,,,1754568,5444054
Porirua City,KENEPURU DRIVE,100,E, ,RAIHA ST,201434954,21/03/2014,Fri,815,GD,CE1V,331A 363A 902 927 ,,R,D,BF,F ,D,N,C,50,0,0,0,,,1753931,5443098
Porirua City,KENEPURU DRIVE,, ,I,RAIHA ST,201415602,21/07/2014,Mon,1508,BC,VW1C,122A 350A ,,E,D,B ,F ,T,G,C,50,0,0,1,,,1753836,5443071
Porirua City,KENEPURU DRIVE,, ,I,TITAHI BAY ROAD,201447451,23/11/2014,Sun,1355,HA,CN1C,302A 375A ,,E,D,B ,F ,R,G,C,50,0,0,0,,,1754521,5444239
Porirua City,KENEPURU DRIVE,, ,I,TITAHI BAY ROAD,201447452,21/11/2014,Fri,1153,FB,CN14,181A 330A ,,R,D,B ,F ,R,G,C,50,0,0,0,,,1754523,5444234
Porirua City,KENEPURU DRIVE,, ,I,TITAHI BAY ROAD,201435916,10/04/2014,Thu,1420,GF,CN1C,381A ,,R, , F,  ,R,G,R,50,0,0,0,,,1754521,5444239
Porirua City,KOKIRI CRESCENT,270,S, ,NIAGARA ST,201442478,06/08/2014,Wed,2128,EA,CN1C,103A 645A ,M,R,D,DO,F , ,N,N,50,0,0,0,,,1757507,5444863
Porirua City,KOTIPU PLACE,, ,I,RAWHITI ROAD,201444435,07/09/2014,Sun,220,DA,CS2C,111A 131A ,M,R,W,DO,F ,T,G,N,50,0,0,0,,,1758265,5455150
Porirua City,LYTTELTON AVENUE,100,W, ,HAGLEY ST,201441734,22/03/2014,Sat,300,CA,CE1,130A 358A 927 ,P,R,D,DO,F ,D,N,R,50,0,0,0,,,1754265,5444753
Porirua City,LYTTELTON AVENUE,, ,I,NORRIE ST,201439147,06/06/2014,Fri,1750,LB,4S1C,302B ,,R,D,B ,F ,X,G,C,50,0,0,0,,,1754432,5444769
Porirua City,LYTTELTON AVENUE,, ,I,PARUMOANA ST,201434140,09/04/2014,Wed,1835,AO,BE1C,129A ,,E,D,TO, S,R,G,R,50,0,0,0,,,1754546,5444715
Porirua City,LYTTELTON AVENUE,10,N, ,STATION ROAD N,201433132,27/03/2014,Thu,1224,MC,CN1C,372B ,,R,D,B ,F ,T,N,C,50,0,0,0,,,1754642,5444453
Porirua City,LYTTELTON AVENUE,100,N, ,STATION ROAD S,201448774,28/10/2014,Tue,1025,JA,CN1C,308B 924 ,,R,D,B ,F ,D,N,C,50,0,0,0,,,1754641,5444209
Porirua City,MAIN ROAD,100,S, ,KAPITI CRESCENT,201413501,03/07/2014,Thu,1230,CB,CN1C,501A ,M,R,D,B ,F , , ,C,50,0,0,1,,,1754527,5447565
Porirua City,MAIN ROAD,5,S, ,KURA ST,201414217,07/06/2014,Sat,2245,CC,MS1,103A 112A ,,R,D,DO,L ,T,N,C,50,0,0,1,,,1754636,5447341
Porirua City,MAIN ROAD,30,N, ,REMBRANDT AVENUE,201416897,16/11/2014,Sun,1730,CB,CS1,130A 501A ,,R,D,B ,F , ,N,R,50,0,0,1,,,1753767,5442921
Porirua City,MAIN ROAD,, ,I,TIRETI ROAD,201443445,04/09/2014,Thu,1820,LB,CN1C,303B 375B ,,R,D,DO,L ,X,S,C,50,0,0,0,,,1754373,5447871
Porirua City,MERCURY WAY,60,E, ,LEEWARD DRIVE,201417783,23/12/2014,Tue,1655,DA,CW1,129A 358A ,FT,E,D,B ,F , ,N,N,50,0,0,1,,,1758173,5447442
Porirua City,MOANA ROAD,250,W, ,CLUNY ROAD,201439059,22/06/2014,Sun,1245,EA,CW1C,129A ,M,R,D,BF,F , ,N,C,50,0,0,0,,,1755880,5451480
Porirua City,MUNGAVIN AVENUE,20,E, ,BEDFORD ST W,201447454,30/11/2014,Sun,815,MO,CW1C,371A 926 ,,R,D,B ,F ,D,N,C,50,0,0,0,,,1756431,5443887
Porirua City,MUNGAVIN AVENUE,20,E, ,CHAMPION ST,201412187,04/04/2014,Fri,824,NA,4E1E,306A ,,R,D,B ,F , ,P,X,50,0,0,1,,,1755034,5444259
Porirua City,MUNGAVIN AVENUE,80,W, ,CHAMPION ST,201416005,24/09/2014,Wed,1635,FC,ME1C,131A 181A 191B ,,R,D,O ,F , ,N,X,50,0,0,1,,,1754935,5444251
Porirua City,MUNGAVIN AVENUE,10,E, ,GEAR TERRACE,201439425,23/06/2014,Mon,906,FD,VE1C,181A 191B ,,R,D,B ,F ,T,N,C,50,0,0,0,,,1755480,5444063
Porirua City,MUNGAVIN AVENUE,, ,I,GEAR TERRACE,201418320,22/11/2014,Sat,1558,GD,CE1C,181A ,,R,W,OF,L ,T,N,C,50,0,0,1,,,1755471,5444067
Porirua City,MUNGAVIN AVENUE,70,W, ,MARTIN ST,201449399,02/08/2014,Sat,2010,MO,CW1C,103A 371A 801 ,M,R,W,DO,L , , ,C,50,0,0,0,,,1755244,5444171
Porirua City,MUNGAVIN AVENUE,, ,I,MCKILLOP ST W,201432532,05/02/2014,Wed,1112,MC,TE1C,372B 402B ,,R,D,B ,F ,T,N,C,50,0,0,0,,,1755155,5444212
Porirua City,MUNGAVIN AVENUE,, ,I,MUNGAVIN ON SBD,201433861,31/03/2014,Mon,1747,FB,CW1M,181A 387A ,,E,D,B ,F ,R,G,R,50,0,0,0,,,1754898,5444250
Porirua City,MUNGAVIN AVENUE,, ,I,MUNGAVIN ON SBD,201439149,16/06/2014,Mon,915,AA,CW1C,372A ,,E,D,B ,F ,R,G,C,50,0,0,0,,,1754887,5444235
Porirua City,MUNGAVIN AVENUE,, ,I,SIEVERS GROVE,201410878,13/02/2014,Thu,1831,NB,CN1E,306A 355A 376A ,,R,D,O ,F ,T,N,X,50,0,0,1,28,,1755973,5443809
Porirua City,MUNGAVIN OFF NBD,, ,I,ROUNDABOUT,201435170,04/04/2014,Fri,915,FB,CN1C,181A 191B ,,R,D,B ,F ,R,G,C,50,0,0,0,,,1754805,5444228
Porirua City,MUNGAVIN OFF NBD,, ,I,ROUNDABOUT,201434146,26/03/2014,Wed,1545,CB,VN1,103A 130A ,KX,R,D,BF,F ,R,G,C,50,0,0,0,,,1754805,5444228
Porirua City,MUNGAVIN OFF NBD,15,S, ,TITAHI BAY ROAD,201445201,25/09/2014,Thu,1458,FD,CN1C,181A 331A 191B ,,E,D,O ,F , , ,C,50,0,0,0,,,1754805,5444213
Porirua City,NATONE ST,100,E, ,KOKIRI CRESCENT N,201449435,04/12/2014,Thu,1802,DB,CN1,111A 131A ,,E,W,O ,L , , ,N,50,0,0,0,,,1757590,5444925
Porirua City,NATONE ST,100,S, ,KOKIRI CRESCENT S,201447447,11/11/2014,Tue,45,QD,4S1C,101A 611A ,M,R,D,DO,F , ,N,N,50,0,0,0,,,1757623,5444820
Porirua City,OMAPERE ST,110,N, ,ADVENTURE DRIVE,201445047,16/10/2014,Thu,1500,MO,CS1C,386A 929 ,M,R,D,B ,F ,D,N,N,50,0,0,0,,,1757903,5446234
Porirua City,OMAPERE ST,30,S, ,TRANSOM CLOSE,201439535,13/06/2014,Fri,2140,EA,CS1C,129A 197A ,M,E,D,DO,F , , ,C,50,0,0,0,,,1757919,5446692
Porirua City,OMAPERE ST,50,N, ,WARSPITE AVENUE,201442480,04/08/2014,Mon,1445,JA,CN1CCC,308B 613B 930 ,MM,R,D,OF,F ,D,N,C,50,0,0,0,,,1757916,5445926
Porirua City,PAEKAKARIKI HILL ROAD,1070,N, ,FURZE HILL,201434142,10/04/2014,Thu,1529,DA,CN1,103A 131A ,C,M,W,ON,L , , ,C,60,0,0,0,,,1762552,5455590
Porirua City,PAEKAKARIKI HILL ROAD,10,N, ,GRAYS ROAD,201416415,13/10/2014,Mon,720,FD,4S1CC,181A 331A 353A ,,E,D,B ,F ,T,S,C,50,0,0,2,,,1761068,5448165
Porirua City,PAEKAKARIKI HILL ROAD,, ,I,GRAYS ROAD,201437639,30/05/2014,Fri,1745,JA,MN1C,301B 375B ,,R,D,DO,F ,T,S,C,50,0,0,0,,,1761068,5448155
Porirua City,PAEKAKARIKI HILL ROAD,800,S, ,JONES DEVIATION,201414540,03/05/2014,Sat,1705,BF,CN1C,110A 135A 407A 800 811 904 ,,E,W,TN,M , , ,C,60,0,0,3,,,1761145,5448371
Porirua City,PAEKAKARIKI HILL ROAD,100,S, ,SQUIRES INN ENT,201447290,05/11/2014,Wed,1510,DB,CN1,129A 131A ,CV,M,D,O ,FS, , ,C,60,0,0,0,,,1761005,5449281
Porirua City,PAPAKOWHAI ROAD,, ,I,WHITFORD BROWN AVENUE,201435917,07/04/2014,Mon,1427,FB,CW1C,181A ,,R,D, F,  ,T,G,N,50,0,0,0,,,1755720,5446053
Porirua City,PAREMATA ON SBD,10,N, ,SH 1N,201415111,12/08/2014,Tue,920,FD,CS1VC,112A 181A 402A 112B 181B 402B ,,R,W,B ,F ,T,G,N,100,0,0,1,,,1756777,5447714
Porirua City,PARUMOANA ST,, ,I,NORRIE ST,201410799,10/04/2014,Thu,2005,LB,CW1P,302A 375A ,,R,W,DO,L ,R,G,R,50,0,0,1,,,1754443,5445026
Porirua City,PARUMOANA ST,90,S, ,THE RAMP,201415453,14/05/2014,Wed,1818,FA,CS1C,370A 386A 402A ,,R,W,DO,L , , ,C,50,0,1,0,,,1754589,5444800
Porirua City,PARUMOANA ST,30,S, ,WI NEERA DRIVE,201445048,10/10/2014,Fri,1040,MO,CN1V,357A 512A ,M,R,D,B ,F , ,N,C,50,0,0,0,,,1754407,5445053
Porirua City,PARUMOANA ST,, ,I,WI NEERA DRIVE,201411747,01/04/2014,Tue,1340,FB,VS1CC,181A 331A ,,R,D,B ,F ,R,G,R,50,0,0,1,,,1754387,5445068
Porirua City,PENGUIN GROVE,90,E, ,WARSPITE AVENUE,201447450,21/11/2014,Fri,640,EA,CN1V,129A 386A ,M,R,D,B ,F , ,N,C,50,0,0,0,,,1757988,5445665
Porirua City,PIKARERE ST,150,W, ,MOKI ST,201413398,01/06/2014,Sun,325,DB,CE1,103A 111A 131A 412A ,HX,E,D,DO,F , , ,C,50,0,0,1,,,1753081,5447244
Porirua City,PIKARERE ST,, ,I,ROIRI WAY,201417690,23/12/2014,Tue,2053,JA,PW1C,309B 375B ,,E,D,TF,F ,T,N,C,50,0,0,1,,,1753872,5446989
Porirua City,PIKARERE ST,20,S, ,TE PUKE ST,201440946,25/07/2014,Fri,920,EA,CN1B,363A 902 ,M,M,D,BF,F , ,N,C,50,0,0,0,,,1753912,5447034
Porirua City,PIKARERE ST,, ,I,TUNA TERRACE,201418373,09/12/2014,Tue,40,DC,CE2,504A ,P,R,D,DO,F ,T,N,C,50,0,0,1,,,1753573,5447182
Porirua City,PIKO ST,, ,I,TE PENE AVENUE,201415596,02/09/2014,Tue,1345,DA,MS2,103A 111A 514A ,K,M,D,B ,F ,T,G,N,50,0,0,1,,,1754306,5446699
Porirua City,POSTGATE DRIVE,, ,I,BOSUN TERRACE,201449752,29/12/2014,Mon,1612,GD,CN1C,331A 358A ,,R,D,B ,F ,T,N,C,50,0,0,0,,,1757972,5447602
Porirua City,PROSSER ST,10,E, ,HERIOT DRIVE,201441505,12/08/2014,Tue,1605,MD,CE1C,308B 375B 926 ,,R,D,B ,F ,D,N,C,50,0,0,0,,,1754020,5444899
Porirua City,PUKERUA BEACH ROAD,40,S, ,OCEAN PARADE,201432942,23/02/2014,Sun,142,DB,CE1CCC,101A 111A 131A 407A ,X,S,D,DO,F , , ,N,30,0,0,0,,,1759271,5456190
Porirua City,RAIHA ST,300,S, ,PROSSER ST,201442862,05/08/2014,Tue,1246,MO,TN1,330A 371A 385A 927 ,P,R,D,B ,F ,D,N,C,50,0,0,0,,,1753569,5444501
Porirua City,RAKIHAU PLACE,30,S, ,PIKARERE ST,201445783,25/10/2014,Sat,,MO,CN1C,371A ,M,R,D,B ,F , ,N,C,50,0,0,0,,,1753451,5447058
Porirua City,ROUTEBURN AVENUE,100,E, ,WHITFORD BROWN AVENUE,201432545,26/01/2014,Sun,545,CC,CS1,102A 195A ,T,R,D,O ,F , ,N,R,50,0,0,0,,,1756779,5445994
Porirua City,SEMPLE ST,20,E, ,TITAHI BAY ROAD,201436074,18/05/2014,Sun,1419,FC,CW1C,181A ,,R,D,OF,F ,X,G,X,50,0,0,0,,,1754160,5445232