TLANAME,CRASHROAD,CRASHDIST,CRASHDIRN,INTSN,SIDEROAD,CRASHID,CRASHDATE,CRASHDOW,CRASHTIME,MVMT,VEHICLES,CAUSES,OBJECTSSTRUCK,ROADCURVE,ROADWET,LIGHT,WTHRa,JUNCTYPE,TRAFCTRL,ROADMARK,SPDLIM,CRASHFATALCNT,CRASHSEVCNT,CRASHMINCNT,PERSAGE1,PERSAGE2,EASTING,NORTHING
Porirua City,SEMPLE ST,100,E, ,TITAHI BAY ROAD,201447456,05/12/2014,Fri,1535,MO,CE1C,386A ,M,R,W,O ,F , ,N,N,30,0,0,0,,,1754240,5445222
Porirua City,SEMPLE ST,, ,I,TITAHI BAY ROAD,201413976,01/07/2014,Tue,835,HA,CW1S,302A 375A ,,E,D,O ,F ,R,G,R,50,0,0,1,,34,1754141,5445235
Porirua City,SPINNAKER DRIVE,20,S, ,AYTON DRIVE,201444901,01/09/2014,Mon,1040,EA,TN1C,129A 504A ,MT,R,D,B ,F , ,N,C,50,0,0,0,,,1758684,5447468
Porirua City,STAITHES DRIVE NORTH,, ,I,MOONRAKER PLACE,201418376,12/12/2014,Fri,1145,BB,SS2C,129A 204A ,,R,D,OF,F ,T,N,N,50,0,0,1,,32,1757642,5446923
Porirua City,SWANSEA ST,110,E, ,SIEVERS GROVE W,201418524,27/09/2014,Sat,1140,DB,CN1,131A 358A ,P,E,W,OF,F , ,N,N,50,0,0,1,,,1756151,5443123
Porirua City,TAKAPUWAHIA DRIVE,15,N, ,RANGITUHI CRESCENT S,201431489,31/01/2014,Fri,1700,EC,4S1,911,W,R, , N,  , ,N,N,50,0,0,0,,,1753572,5445611
Porirua City,TE PENE AVENUE,, ,I,TE PUKE ST,201444419,13/07/2014,Sun,800,DA,CE2,103A 131A ,T,S,W,B ,F ,T,G,C,50,0,0,0,,,1754292,5447091
Porirua City,TE PUKE ST,40,E, ,PIKO ST,201417741,26/11/2014,Wed,1600,NA,CE1E,713B 726B ,,E,D,O ,F , ,N,C,50,0,0,2,,,1754170,5447110
Porirua City,THE COMPANIONWAY,, ,I,DISCOVERY DRIVE N,201414858,02/06/2014,Mon,1150,DB,CW1,111A 131A ,H,M,D,BF,F ,T,N,C,50,0,2,0,,,1758647,5447091
Porirua City,TITAHI BAY ROAD,, ,I,AWARUA ST,201447692,15/08/2014,Fri,840,CB,CN14,504A ,IS,R,D,BF,F ,R,G,R,50,0,0,0,,,1754138,5445246
Porirua City,TITAHI BAY ROAD,70,S, ,HAGLEY ST,201431125,27/01/2014,Mon,913,FA,CN1V,181A 191B ,,R,D,B ,F , ,N,R,50,0,0,0,,,1754295,5444381
Porirua City,TITAHI BAY ROAD,, ,I,HAGLEY ST,201451022,21/12/2014,Sun,1503,GO,CS1C,129A 129B ,,E,D,BF,F ,R,G,C,50,0,0,0,,,1754285,5444480
Porirua City,TITAHI BAY ROAD,, ,I,HAGLEY ST,201431511,23/01/2014,Thu,800,AA,VS1T,372A ,,E,D,B ,F ,R,G,C,50,0,0,0,,,1754287,5444449
Porirua City,TITAHI BAY ROAD,, ,I,HAGLEY ST,201445870,21/10/2014,Tue,800,GF,CN1C,129A 129B ,,E,D,O ,F ,R,G,R,50,0,0,0,,,1754293,5444452
Porirua City,TITAHI BAY ROAD,, ,I,HAGLEY ST,201450505,31/12/2014,Wed,2130,HA,CS1C,103A 113A 302A ,,R,W,DO,H ,R,G,R,50,0,0,0,,,1754293,5444452
Porirua City,TITAHI BAY ROAD,, ,I,KENEPURU DRIVE,201417658,03/12/2014,Wed,,HA,CN1C,140A 302A 375A ,,E,D,B ,F ,R,G,C,50,0,0,1,,,1754503,5444257
Porirua City,TITAHI BAY ROAD,, ,I,KENEPURU DRIVE,201435610,25/04/2014,Fri,945,HA,CW1C,111A 302A ,,M,D,B ,F ,R,G,R,50,0,0,0,,,1754502,5444245
Porirua City,TITAHI BAY ROAD,, ,I,KENEPURU DRIVE,201436357,03/04/2014,Thu,1200,GF,BW1C,179A ,,R,D,BF,F ,R,G,R,50,0,0,0,,,1754526,5444244
Porirua City,TITAHI BAY ROAD,, ,I,KENEPURU DRIVE,201439380,15/06/2014,Sun,1525,AC,CW14,171A 330A ,,E,D,OF,F ,R,G,R,50,0,0,0,,,1754501,5444251
Porirua City,TITAHI BAY ROAD,, ,I,KENEPURU DRIVE,201451001,03/12/2014,Wed,1316,FB,CN1S,181A 387A ,,R,D,BF,F ,R,G,R,50,0,0,0,,,1754498,5444257
Porirua City,TITAHI BAY ROAD,40,S, ,LYTTELTON AVENUE E,201448188,05/08/2014,Tue,600,AA,CS1C,184A 372A ,,R,D,TO,F , , ,R,70,0,0,0,,,1754232,5444705
Porirua City,TITAHI BAY ROAD,, ,I,MUNGAVIN AVENUE,201447457,18/11/2014,Tue,716,FB,CE1C,181A 330A ,,E,D,O ,F ,R,G,R,50,0,0,0,,,1754793,5444253
Porirua City,TITAHI BAY ROAD,20,W, ,MUNGAVIN OFF NBD,201449436,23/12/2014,Tue,1726,FD,CE1XC,181A 331A 181B ,,R,D,B ,F , , ,R,50,0,0,0,,,1754773,5444252
Porirua City,TITAHI BAY ROAD,, ,I,MUNGAVIN ON NBD,201450734,03/12/2014,Wed,1540,FB,CE1C,181A ,,R,D,OF,F ,R,G,C,50,0,0,0,,,1754788,5444252
Porirua City,TITAHI BAY ROAD,, ,I,PROSSER ST,201439107,30/05/2014,Fri,1615,JA,CN1C,302B 375B ,,R,D,B ,F ,T,G,C,70,0,0,0,,,1754170,5444983
Porirua City,TITAHI BAY ROAD,, ,I,PROSSER ST,201445498,08/10/2014,Wed,1230,DA,CE2,111A 131A ,T,M,W,O ,F ,T,G,R,70,0,0,0,,,1754182,5444986
Porirua City,TITAHI BAY ROAD,100,N, ,PROSSER ST E,201440035,28/06/2014,Sat,2012,FA,CS1C,357A 512A ,,R,D,DO,F , , ,R,70,0,0,0,,,1754160,5445083
Porirua City,TITAHI BAY ROAD,250,N, ,TE PENE AVENUE,201416468,12/10/2014,Sun,255,CC,CN1,130A 195A 402A ,T,R,D,DO,F , , ,C,50,0,0,1,,,1754684,5446802
Porirua City,TITAHI BAY ROAD,440,S, ,TE PENE AVENUE,201418374,21/12/2014,Sun,1640,BE,CN1C,410A ,,R,D,BF,F , ,N,C,70,0,0,1,,,1754332,5446218
Porirua City,TITAHI BAY ROAD,, ,I,TE PENE AVENUE,201449353,11/12/2014,Thu,835,JA,CN1C,197A 301B 375B ,,R,D,B ,F ,T,S,C,50,0,0,0,,,1754519,5446616
Porirua City,TITAHI BAY ROAD,, ,I,TE PENE AVENUE,201436254,15/05/2014,Thu,2010,JA,VN1C,321B ,,R,W,DO,F ,T,S,C,50,0,0,0,,,1754519,5446616
Porirua City,TITAHI BAY ROAD,110,E, ,WALTON LEIGH AVENUE,201444914,24/09/2014,Wed,1353,AO,TE1C,150A 381A ,,R,D,B ,F , ,N,C,50,0,0,0,,,1754636,5444238
Porirua City,TITAHI BAY ROAD,40,S, ,WI NEERA DRIVE,201442992,30/08/2014,Sat,835,MC,CS1C,372B ,,R,D,B ,F , , ,C,70,0,0,0,,,1754200,5445711
Porirua City,TITAHI BAY ROAD,100,S, ,WI NEERA DRIVE,201443180,12/08/2014,Tue,1535,FD,CN1C,181A 351A 423A ,,R,D,O ,F , , ,C,50,0,0,0,,,1754189,5445652
Porirua City,TITAHI BAY ROAD,, ,I,WI NEERA DRIVE,201410342,22/01/2014,Wed,1507,FE,VN1CC,331A 353A ,,R,D,OF,F ,T,T,P,50,0,0,1,,,1754207,5445750
Porirua City,TITAHI BAY ROAD,15,S, ,WI NEERA DRIVE N,201435013,16/04/2014,Wed,1840,FD,4N1CC,181A 350A ,,R,W,DO,F ,T,T,C,50,0,0,0,,,1754205,5445736
Porirua City,TITAHI BAY ROAD W,, ,I,AWARUA ST,201435140,10/04/2014,Thu,1823,GE,CN1C,171B 193B 410B ,,E,W,DO,L ,R,G,R,70,0,0,0,,,1754105,5445239
Porirua City,TRURO ROAD,, ,I,BODMIN TERRACE,201445915,26/10/2014,Sun,1506,DA,CW2CCC,131A 357A ,HM,M,D,B ,F ,T,N,N,50,0,0,0,,,1757380,5449592
Porirua City,VIEW ROAD,70,S, ,TIRETI ROAD,201413377,07/06/2014,Sat,2019,DA,CS1,111A 131A 801 ,CFK,M,W,DO,L , , ,C,50,0,0,1,,,1753817,5447341
Porirua City,WALTON LEIGH AVENUE,40,W, ,LYTTELTON AVENUE,201441441,13/07/2014,Sun,1615,JA,CW1C,308B 375B 926 ,,R,D,O ,F ,D,N,P,50,0,0,0,,,1754588,5444336
Porirua City,WALTON LEIGH AVENUE,, ,I,LYTTELTON AVENUE,201417619,26/11/2014,Wed,1920,MO,CS1,137A 194A 926 ,P,R,D,B ,F ,D,N,C,50,0,0,1,,,1754621,5444343
Porirua City,WARSPITE AVENUE,40,E, ,CADUCEUS PLACE,201415395,09/09/2014,Tue,1644,GD,CW1C,181A 331A 926 ,,R,D,B ,F ,D,N,C,50,0,0,1,,,1757328,5445959
Porirua City,WARSPITE AVENUE,130,W, ,CASTOR CRESCENT E,201445779,28/10/2014,Tue,39,CC,CW1,125A 410A ,F,R,W,DO,F , ,N,C,50,0,0,0,,,1757312,5444433
Porirua City,WARSPITE AVENUE,100,W, ,CASTOR CRESCENT W,201415439,13/07/2014,Sun,726,EA,CE1CC,130A 410A ,M,R,D,TO,M , , ,N,50,0,0,1,,,1756851,5444049
Porirua City,WARSPITE AVENUE,, ,I,CASTOR CRESCENT W,201444429,08/09/2014,Mon,853,GB,CW1C,158A 387A 929 ,,R,D,B ,F ,D,N,C,50,0,0,0,,,1756909,5444130
Porirua City,WARSPITE AVENUE,50,E, ,CONCLUSION ST,201410059,11/01/2014,Sat,1248,CC,MW1,112A 130A 514A ,,R,D,B ,F , , ,C,70,0,0,1,,,1757605,5445990
Porirua City,WARSPITE AVENUE,50,N, ,CORINNA ST N,201444470,01/08/2014,Fri,645,FA,CN1C,112A 330A 130B ,C,R,W,O ,L , , ,C,50,0,0,0,,,1757840,5445184
Porirua City,WARSPITE AVENUE,80,W, ,DESERT GOLD ST,201443455,13/06/2014,Fri,30,BE,CE1C,125A 620A 102B ,,R,D,DO,F , ,N,C,50,0,0,0,,,1757001,5446134
Porirua City,WARSPITE AVENUE,25,W, ,DRIVER CRESCENT W,201438106,10/05/2014,Sat,1831,EA,CE1C,103A 129A ,M,E,D,DO,F , ,N,C,50,0,0,0,,,1756741,5443944
Porirua City,WARSPITE AVENUE,, ,I,DRIVER CRESCENT W,201447009,18/10/2014,Sat,1400,JA,CW1C,302B 375B ,,R,D,BF,F ,T,G,C,50,0,0,0,,,1756763,5443954
Porirua City,WARSPITE AVENUE,15,W, ,FLORA ST,201413874,16/06/2014,Mon,1815,NB,VW1E,306A 376A 801 ,,R,W,DO,L , , ,X,50,0,1,0,22,,1757036,5444263
Porirua City,WARSPITE AVENUE,50,E, ,MUNGAVIN AVENUE,201442993,20/08/2014,Wed,1815,FC,CE1C,331A 350A ,,R,D,DO,F , , ,X,50,0,0,0,,,1756578,5443915
Porirua City,WARSPITE AVENUE,, ,I,NIAGARA ST,201430287,14/01/2014,Tue,2155,JA,CN1C,302B 357B ,,R,D,DO,F ,T,G,C,50,0,0,0,,,1757820,5445251
Porirua City,WARSPITE AVENUE,, ,I,OMAPERE ST,201410441,10/01/2014,Fri,1800,BB,VN1CC,131A 358A ,,E,D,B ,F ,T,N,C,50,0,0,1,,,1757879,5445882
Porirua City,WARSPITE AVENUE,15,S, ,TOPOROA VIEW,201432943,29/01/2014,Wed,2210,MD,CN1C4,112A 129A 929 ,M,R,D,TO,F ,D, ,C,50,0,0,0,,,1757111,5446047
Porirua City,WARSPITE AVENUE,, ,I,TOPOROA VIEW,201446951,02/09/2014,Tue,812,EA,MN1C,129A ,M,M,D,BF,F ,T,N,C,50,0,0,0,,,1757104,5446060
Porirua City,WHITFORD BROWN AVENUE,, ,I,PAPAKOWHAI ROAD,201439837,28/06/2014,Sat,937,JA,CS1C,302B 375B ,,E,D,B ,F ,T,G,P,50,0,0,0,,,1755720,5446053
Porirua City,WHITFORD BROWN AVENUE,30,E, ,SH 1N,201444043,13/08/2014,Wed,1110,MC,CE1C,372B ,,R,D,BF,F ,T,T,R,50,0,0,0,,,1755676,5446145
Porirua City,WINDLEY ST,, ,I,CHAMPION ST,201438438,05/06/2014,Thu,2000,JC,CN1C,300A 370A ,,M,D,DO,F ,T,N,C,50,0,0,0,,,1755607,5444685
Porirua City,Z CPK NEW WORLD,30,N, ,WALTON LEIGH AVENUE,201416465,28/09/2014,Sun,1732,PO,CN1E,306A 407A 423A ,,R,W,O ,F , , ,X,30,0,0,1,49,,1754580,5444365
Porirua City,1N/1035/2.102,2000,S, ,AMES ST,201410661,02/03/2014,Sun,1220,FA,TS1CT,181A ,M,E,D,B ,F , ,N,C,80,0,0,1,,,1762147,5458869
Porirua City,1N/1035/2.532,2430,S, ,AMES ST,201447027,01/11/2014,Sat,1805,DB,VS1,136A 631A ,G,E,D,OF,F , ,N,N,80,0,0,0,,,1761878,5458541
Porirua City,1N/1035/4.762,1500,N, ,TE PARI PARI ROAD,201430529,23/01/2014,Thu,2207,KA,CN1C,308B 930 ,,E,D,DN,F ,D,N,C,50,0,0,0,,,1760339,5456955
Porirua City,1N/1035/5.762,500,N, ,TOENGA ROAD,201439534,02/06/2014,Mon,1330,CA,CN1,129A 359A ,G,R,D,B ,F , , ,C,80,0,0,0,,,1759639,5456265
Porirua City,1N/1035/6.132,130,N, ,PA ROAD,201447707,09/10/2014,Thu,1410,CB,MN1,130A ,F,R,D,B ,F , , ,P,50,0,0,0,,,1759424,5455984
Porirua City,1N/1035/7.061,100,S, ,TE ARA ROAD,201442484,11/08/2014,Mon,1747,CA,TN1C,136A 668A ,D,R,W,DO,L , ,N,L,50,0,0,0,,,1758712,5455685
Porirua City,1N/1035/7.471,5,S, ,TEIHANA ROAD,201445785,25/10/2014,Sat,1400,FA,CS1C,181A ,,R,D,B ,F ,T,N,C,50,0,0,0,,,1758482,5455362
Porirua City,1N/1035/7.566,100,S, ,TEIHANA ROAD,201440083,20/07/2014,Sun,1310,FD,CN1CC,181A ,,R,W,OF,H , ,N,L,50,0,0,0,,,1758470,5455268
Porirua City,1N/1035/8.67,1000,N, ,AIRLIE ROAD,201447626,25/11/2014,Tue,1530,AO,TE1C,184A 184B ,,R,W,ON,F , ,N,C,100,0,0,0,,,1758004,5454325
Porirua City,1N/1035/9.07,600,N, ,AIRLIE ROAD,201415347,29/05/2014,Thu,1750,CB,CN1,137A 197A ,G,R,W,DN,F , ,N,C,100,0,0,2,,,1757765,5454019
Porirua City,1N/1035/9.32,350,N, ,AIRLIE ROAD,201440640,17/07/2014,Thu,1325,CA,CN1,350A 407A 500A 903 ,GK,R,W,O ,FS, , ,C,100,0,0,0,,,1757767,5453772
Porirua City,1N/1035/9.689,25,S, ,AIRLIE ROAD,201417664,17/11/2014,Mon,1648,FD,CS1C4,150A 197A 370A 688C ,G,E,W,O ,H ,X,S,C,100,0,1,3,,,1757721,5453405
Porirua City,1N/1035/11.927,1200,N, ,JAMES ST,201434762,15/04/2014,Tue,1710,DB,CS1,357A 414A ,G,E,D,OF,F , ,N,C,100,0,0,0,,,1757499,5451220
Porirua City,1N/1035/11.998,170,N, ,PLIMMERTON WEIGH STN,201441850,03/08/2014,Sun,631,DA,4S1,131A 407A 801 ,G,E,W,DO,L , , ,P,100,0,0,0,,,1757481,5451151
Porirua City,1N/1035/12.268,100,S, ,PLIMMERTON WEIGH STN,201436255,15/05/2014,Thu,1640,FA,CN1C,181A 191B ,,R,W,TF,F , , ,C,100,0,0,0,,,1757362,5450910
Porirua City,1N/1035/12.327,800,N, ,JAMES ST,201438758,07/03/2014,Fri,1820,CB,CS1,137A ,X,R,D,ON,F , ,N,R,100,0,0,0,,,1757334,5450858
Porirua City,1N/1035/12.756,120,N, ,ULRIC ST,201444594,22/09/2014,Mon,1543,DA,VN1,133A 402A 801 ,FG,E,W,O ,L , , ,R,100,0,0,0,,,1757095,5450505
Porirua City,1N/1035/12.871,5,N, ,JAMES ST,201440298,25/06/2014,Wed,1815,FB,CS1C,331A 801 ,,M,W,DO,L ,R,G,C,50,0,0,0,,,1757028,5450412
Porirua City,1N/1035/12.895,, ,I,ULRIC ST,201442458,08/08/2014,Fri,2012,DB,CE2,111A 135A 801 ,F,M,W,DO,MS,R,G,R,50,0,0,0,,,1757016,5450405
Porirua City,1N/1035/12.912,, ,I,JAMES ST,201431907,18/02/2014,Tue,750,FB,CS1C,181A ,,R, , F,  ,R,G,R,80,0,0,0,,,1757023,5450363
Porirua City,1N/1035/12.913,, ,I,ULRIC ST,201415343,16/07/2014,Wed,1415,FA,CN1C,181A 191B ,,E,W,O ,L ,R,G,P,50,0,0,1,,,1757006,5450382
Porirua City,1N/1035/12.933,20,S, ,ULRIC ST,201445784,24/10/2014,Fri,1720,AF,CN1S,112A 129A 150A ,,R,D,O ,F , ,N,C,50,0,0,0,,,1757000,5450363
Porirua City,1N/1035/13.107,20,N, ,JAMES ST,201448290,03/12/2014,Wed,1818,AC,TN1C,372A 671A ,,R,D,O ,F , ,N,C,50,0,0,0,,,1756971,5450183
Porirua City,1N/1035/13.353,, ,I,STEYNE AVENUE,201435172,01/04/2014,Tue,700,GD,TS14,179A 181A ,,R,D,TF,F ,T,N,R,80,0,0,0,,,1756939,5449943
Porirua City,1N/1035/13.394,120,N, ,POPE ST,201431904,05/02/2014,Wed,,AA,CS1C,372A 922 ,,R, , F,  ,D,T,C,60,0,0,0,,,1756917,5449908
Porirua City,1N/1035/13.594,80,S, ,POPE ST,201439217,22/02/2014,Sat,1245,AA,4S14,386A ,,E,D,B ,F , , ,C,50,0,0,0,,,1756824,5449731
Porirua City,1N/1035/13.633,110,S, ,POPE ST,201447307,17/10/2014,Fri,818,AC,TN1C,381A 671A ,,E,D,O ,F , ,N,P,50,0,0,0,,,1756812,5449704
Porirua City,1N/1035/13.889,100,N, ,ACHERON ROAD,201417176,09/11/2014,Sun,1435,FD,VN1V4C,181A 331A 170D 402D ,,R,D,O ,F , , ,C,50,0,0,1,,,1756849,5449461
Porirua City,1N/1035/13.98,, ,I,ACHERON ROAD,201445780,12/10/2014,Sun,420,AC,CS1C,372A 386A ,,R,D,TF,F ,X,T,P,50,0,0,0,,,1756900,5449375
Porirua City,1N/1035/14.03,50,S, ,ACHERON ROAD,201443403,15/09/2014,Mon,942,MO,CS1C,386A 926 ,M,R,D,O ,F , ,N,C,50,0,0,0,,,1756922,5449330
Porirua City,1N/1035/14.1,120,S, ,ACHERON ROAD,201430573,28/01/2014,Tue,1835,AA,VS1T,184A ,,R,D,B ,F , , ,P,50,0,0,0,,,1756944,5449264
Porirua City,1N/1035/14.244,130,N, ,MANA VIEW ROAD,201450786,07/12/2014,Sun,1417,FD,CN1V,181A ,,R,W,OF,H , ,N,C,50,0,0,0,,,1756962,5449130
Porirua City,1N/1035/14.395,30,S, ,MANA VIEW ROAD,201444144,07/09/2014,Sun,1500,FD,CS1V,181A ,,R,D,BF,F , ,N,C,50,0,0,0,,,1756980,5448971
Porirua City,1N/1035/14.395,30,S, ,MANA VIEW ROAD,201446000,07/10/2014,Tue,1426,AA,VS1T,159A 190A ,K,R,D,B ,F , , ,P,50,0,0,0,,,1756980,5448971
Porirua City,1N/1035/14.503,140,N, ,PASCOE AVENUE,201445264,28/09/2014,Sun,1420,FD,CS1CC,112A 181A 331A ,,R,D,OF,F , , ,C,50,0,0,0,,,1756990,5448863
Porirua City,1N/1035/14.543,100,N, ,PASCOE AVENUE,201448749,23/11/2014,Sun,1434,FD,CS1CCC,181A 331A 331B ,,R,D,B ,F , , ,C,50,0,0,0,,,1756994,5448823
Porirua City,1N/1035/14.623,20,N, ,PASCOE AVENUE,201435014,12/03/2014,Wed,1510,AO,VS1V,150A 381A 830 ,,R,D,B ,F , ,N,P,50,0,0,0,,,1757002,5448744
Porirua City,1N/1035/14.972,15,N, ,MARINA VIEW,201439529,17/06/2014,Tue,805,AC,TS1C,372A ,,R,D,B ,F , , ,C,50,0,0,0,,,1757034,5448397
Porirua City,1N/1035/15.037,50,S, ,MARINA VIEW,201439829,10/06/2014,Tue,700,CB,CS1,501A 901 ,H,R,W,DO,H , , ,C,50,0,0,0,,,1757038,5448332
Porirua City,1N/1035/15.196,50,N, ,PAREMATA BR N,201448296,15/12/2014,Mon,754,AC,TS1C,372A 671A ,,R,D,B ,F , ,N,C,50,0,0,0,,,1757039,5448174
Porirua City,1N/1035/15.345,15,N, ,58 LINK 1,201441846,19/07/2014,Sat,100,AO,CS1C,103A 110A 130A 402A 431A 101B 800 801+,GS,E,W,DO,L , , ,R,50,0,0,0,,,1757012,5448028
Porirua City,1N/1035/15.357,, ,A,PAREMATA BR S,201432790,25/02/2014,Tue,1815,AC,TS1C,372A 671A ,,R,D,B ,F ,T,N,C,50,0,0,0,,,1757008,5448016
Porirua City,1N/1035/15.382,25,S, ,PAREMATA BR S,201433600,13/03/2014,Thu,305,DA,CS1,131A 402A 412A ,PT,E,D,DO,F , , ,R,50,0,0,0,,,1757000,5447993
Porirua City,1N/1035/15.488,100,N, ,SH 58,201450733,24/11/2014,Mon,916,CA,TS1,132A 181A ,,R,D,BF,F , ,N,C,50,0,0,0,,,1756937,5447908
Porirua City,1N/1035/15.578,10,S, ,SH 58,201444420,13/09/2014,Sat,20,DA,CS1,111A 131A ,G,M,W,DO,F ,R,G,R,50,0,0,0,,,1756888,5447834
Porirua City,1N/1050/0,, ,I,PAREMATA NBD N,201434066,19/04/2014,Sat,911,DA,CN1,110A 351A ,GP,M,W,O ,F ,R,G,R,50,0,0,0,,,1756860,5447849
Porirua City,1N/1050/0.049,, ,I,SH 58,201413853,07/06/2014,Sat,1125,GC,MS1C,302B 382B 402B ,,E,D,B ,F ,R,G,C,50,0,0,1,,,1756859,5447789
Porirua City,1N/1050/2.022,100,N, ,WHITFORD BROWN AVENUE,201441992,26/08/2014,Tue,1000,FA,4S1C,331A ,,E,D,B ,F , , ,C,100,0,0,0,,,1755729,5446233
Porirua City,1N/1050/2.122,, ,I,WHITFORD BROWN AVENUE,201443724,17/08/2014,Sun,1520,FE,CW1V,181A 199B ,,R,D,B ,F ,M,T,C,100,0,0,0,,,1755655,5446166
Porirua City,1N/1050/2.122,, ,I,WHITFORD BROWN AVENUE,201430289,21/01/2014,Tue,1111,BF,CW2C,111A 131A 801 ,,R,W,O ,L ,M,T,C,100,0,0,0,,,1755655,5446166
Porirua City,1N/1050/2.122,, ,I,WHITFORD BROWN AVENUE,201417618,21/11/2014,Fri,440,FE,TS1C,181A 330A ,,R,D,DO,F ,M,T,C,100,0,0,1,,,1755655,5446166
Porirua City,1N/1050/2.122,, ,I,WHITFORD BROWN AVENUE,201437054,01/06/2014,Sun,1524,FE,CS1C,181A ,,R,D,B ,F ,M,T,C,100,0,0,0,,,1755655,5446166
Porirua City,1N/1050/2.122,, ,I,WHITFORD BROWN AVENUE,201436094,23/05/2014,Fri,2340,DB,CN2,111A 133A ,,E,D,DO,F ,M,T,C,100,0,0,0,,,1755655,5446166
Porirua City,1N/1050/2.122,, ,I,WHITFORD BROWN AVENUE,201433105,24/03/2014,Mon,800,FE,4N1C,111A 181A ,,M,D,B ,F ,M,T,C,100,0,0,0,,,1755655,5446166
Porirua City,WHITFORD BROWN AVENUE,, ,I,1N/1050/2.122,201411952,18/03/2014,Tue,830,DB,MW2,131A 801 ,,M,W,OF,L ,M,T,N,100,0,0,1,,,1755655,5446166
Porirua City,1N/1050/2.152,30,S, ,WHITFORD BROWN AVENUE,201434866,25/03/2014,Tue,901,FD,CS14,181A ,,R,D,OF,F , ,N,R,100,0,0,0,,,1755633,5446146
Porirua City,1N/1050/2.279,, ,I,WHITFORD OFF NBD,201435150,01/03/2014,Sat,1900,FE,CN14,111A 181A 350A 402A ,,M,D,O ,F ,X,T,C,100,0,0,0,,,1755499,5446088
Porirua City,1N/1050/2.299,20,S, ,WHITFORD OFF NBD,201441731,08/08/2014,Fri,1648,AA,CN1C,330A 372A 130B 197B ,CS,R,D,O ,F , , ,C,100,0,0,0,,,1755486,5446073
Porirua City,1N/1050/2.322,200,S, ,WHITFORD BROWN AVENUE,201434868,14/03/2014,Fri,1650,AA,CN1V,372A ,,R,D,BF,F , ,N,R,100,0,0,0,,,1755509,5446029
Porirua City,1N/1050/2.322,200,S, ,WHITFORD BROWN AVENUE,201443331,01/09/2014,Mon,850,FD,CS1CC,181A 191B ,,R,D,TF,F , ,N,R,100,0,0,0,,,1755509,5446029
Porirua City,1N/1050/2.362,240,S, ,WHITFORD BROWN AVENUE,201444642,20/08/2014,Wed,900,FD,CS1C,132A 331A ,,R,W,O ,F , ,N,N,100,0,0,0,,,1755480,5446002
Porirua City,1N/1050/2.402,280,S, ,WHITFORD BROWN AVENUE,201415655,26/08/2014,Tue,851,FD,CS1CC,110A 181A ,,R,D,B ,F , ,N,C,100,0,0,1,,,1755451,5445974
Porirua City,1N/1050/3.122,1000,S, ,WHITFORD BROWN AVENUE,201447453,30/11/2014,Sun,1330,AA,VN1C,372A 381A 197B ,K,R,D,B ,F , ,N,C,100,0,0,0,,,1754966,5445443
Porirua City,1N/1050/3.217,400,N, ,THE RAMP OBR,201444795,04/08/2014,Mon,1758,FD,CN1C,181A ,,R,D,TO,F , ,N,C,100,0,0,0,,,1754893,5445372
Porirua City,1N/1050/4.47,500,S, ,MUNGAVIN ON NBD,201443411,21/08/2014,Thu,1109,FD,CN1CV,110A 330A ,,R,W,O ,L , ,N,R,100,0,0,0,,,1754823,5444141
Porirua City,1N/1050/4.488,100,S, ,MUNGAVIN OBR,201438544,11/06/2014,Wed,730,FA,CS1C,181A 191B 801 ,,R,W,DN,L , , ,R,100,0,0,0,,,1754831,5444118
Porirua City,1N/1050/4.775,, ,I,MUNGAVIN OFF NBD,201444640,29/08/2014,Fri,415,HA,CN1C,302A 375A ,,R,D,DO,F ,R,G,C,50,0,0,0,,,1754780,5443839
Porirua City,1N/1050/5.256,400,S, ,MUNGAVIN ON SBD,201435141,26/03/2014,Wed,505,FA,CS1C,112A 410A ,,R,D,DO,F , ,N,C,100,0,0,0,,,1754778,5443353
Porirua City,1N/1050/5.856,1000,S, ,MUNGAVIN ON SBD,201441437,26/06/2014,Thu,704,FD,VS1VCC,181A 330A 330C ,,R,D,DO,F , ,N,C,100,0,0,0,,,1754461,5442856
Porirua City,1N/1050/6.056,1200,S, ,MUNGAVIN ON SBD,201448275,30/10/2014,Thu,1225,AC,TS1C,372A 381A ,,R,D,B ,F , ,N,C,100,0,0,0,,,1754413,5442661
Porirua City,58/0/3.253,300,N, ,MOUNT CECIL ROAD,201450782,08/12/2014,Mon,644,CB,CS1,410A ,FP,R,D,BF,F , ,N,C,100,0,0,0,,,1765928,5444525
Porirua City,58/0/3.453,500,N, ,MOUNT CECIL ROAD,201439828,18/06/2014,Wed,1800,CB,VN1,132A ,,R,D,DN,F , , ,L,100,0,0,0,,,1765875,5444718
Porirua City,58/0/3.673,720,N, ,MOUNT CECIL ROAD,201400028,12/02/2014,Wed,654,BE,TN1VV,129A 130A 181C ,,R,W,ON,L , , ,L,100,1,0,2,,,1765774,5444911
Porirua City,58/0/3.743,790,N, ,MOUNT CECIL ROAD,201430337,05/01/2014,Sun,843,DA,CS1,110A 131A ,E,E,W,O ,F , ,N,C,70,0,0,0,,,1765726,5444961
Porirua City,58/0/3.748,1000,E, ,HARRIS ROAD,201417620,13/11/2014,Thu,1600,BE,CE1C,110A 135A 802 ,,R,I,O ,HS, ,N,C,100,0,0,2,,,1765722,5444963