TLANAME,CRASHROAD,CRASHDIST,CRASHDIRN,INTSN,SIDEROAD,CRASHID,CRASHDATE,CRASHDOW,CRASHTIME,MVMT,VEHICLES,CAUSES,OBJECTSSTRUCK,ROADCURVE,ROADWET,LIGHT,WTHRa,JUNCTYPE,TRAFCTRL,ROADMARK,SPDLIM,CRASHFATALCNT,CRASHSEVCNT,CRASHMINCNT,PERSAGE1,PERSAGE2,EASTING,NORTHING
Porirua City,58/0/3.938,810,S, ,HARRIS ROAD,201437981,21/06/2014,Sat,145,DB,CS1,103A 410A ,F,E,D,DN,F , ,N,C,100,0,0,0,,,1765575,5445081
Porirua City,58/0/4.898,150,N, ,HARRIS ROAD,201446755,03/11/2014,Mon,800,DB,CS1,131A 135A 806 ,PS,E,W,O ,F , ,N,L,100,0,0,0,,,1764876,5445683
Porirua City,58/0/6.785,500,E, ,MULHERN ROAD,201435617,26/03/2014,Wed,2230,DA,CW1,111A 131A ,E,S,D,DN,F , , ,L,80,0,0,0,,,1763469,5446175
Porirua City,58/0/8.013,10,E, ,FLIGHTYS ROAD,201443297,28/08/2014,Thu,1420,MA,4W1C,373B ,,R,D,O ,F ,X,S,C,100,0,0,0,,,1762288,5446502
Porirua City,58/0/8.023,, ,I,FLIGHTYS ROAD,201444696,02/10/2014,Thu,1740,JA,CE1C,301B 375B ,,R,W,O ,L ,X,S,C,100,0,0,0,,,1762279,5446505
Porirua City,58/0/8.384,, ,I,BELMONT ROAD,201415720,05/09/2014,Fri,1652,GC,CE1C,372B 381B ,,R,D,TN,F ,T,G,C,100,0,0,2,,,1761926,5446539
Porirua City,58/0/9.979,, ,I,PAEKAKARIKI HILL ROAD,201446949,01/08/2014,Fri,1455,CA,CN1,103A 358A ,IS,R,D,BF,F ,R,G,R,80,0,0,0,,,1760981,5447420
Porirua City,58/0/9.979,, ,I,PAEKAKARIKI HILL ROAD,201413518,07/07/2014,Mon,1215,FB,CN1C,181A ,,E,D,B ,F ,R,G,C,80,0,0,1,,,1760981,5447420
Porirua City,58/0/11.545,40,W, ,JAMES COOK DRIVE,201450618,21/12/2014,Sun,1510,DA,CW1,110A 131A ,C,E,D,B ,F , ,N,C,80,0,0,0,,,1759645,5447738
Porirua City,58/0/11.655,150,W, ,JAMES COOK DRIVE,201431124,09/01/2014,Thu,1933,DB,CW1,111A 131A ,,M,D,O ,F , ,N,L,80,0,0,0,,,1759553,5447784
Porirua City,58/0/12.448,640,E, ,SPINNAKER DRIVE,201417617,30/11/2014,Sun,1950,DA,ME1,111A 402A ,CG,S,D,TN,F , ,N,L,80,0,1,0,,,1758882,5447774
Porirua City,58/0/13.066,, ,I,SPINNAKER DRIVE,201444469,04/08/2014,Mon,1745,JC,CN2C,302A 375A ,,R,D,TO,F ,T,G,C,80,0,0,0,,,1758449,5447831
Porirua City,58/0/13.289,200,W, ,SPINNAKER DRIVE,201435362,03/05/2014,Sat,500,BF,CE1C,130A 410A ,,R,W,DO,L , , ,L,80,0,0,0,,,1758260,5447791
Porirua City,58/0/13.777,160,W, ,POSTGATE DRIVE,201430344,05/01/2014,Sun,850,DA,TS1,110A 131A ,G,M,W,O ,H , ,N,L,50,0,0,0,,,1757898,5447947
Porirua City,58/0/14.084,, ,I,BAYVIEW ROAD,201435363,20/04/2014,Sun,2120,BF,CE14,131A 402A 503A ,,M,D,DO,F ,X,S,L,50,0,0,0,,,1757651,5448074
Porirua City,58/0/14.084,, ,I,SEAVIEW ROAD,201414602,29/01/2014,Wed,815,JA,CE1C,301B 353B ,,R,D,O ,F ,X,S,L,50,0,0,3,,,1757651,5448074
Porirua City,58/0/14.184,100,W, ,BAYVIEW ROAD,201448781,04/12/2014,Thu,900,FA,CE1C,181A 191B ,,S,D,O ,F , , ,L,50,0,0,0,,,1757565,5448107
Porirua City,58/0/14.564,480,W, ,BAYVIEW ROAD,201416170,24/05/2014,Sat,1110,BF,CE1C,131A 135A 692B 812 901 ,,E,W,O ,H , , ,L,50,0,0,1,,,1757292,5447991
Porirua City,58/0/14.614,530,W, ,SEAVIEW ROAD,201438467,09/06/2014,Mon,1900,DA,CE1,111A 131A 191A 407A 801 ,EPZ,M,W,DO,L , , ,C,50,0,0,0,,,1757264,5448032
Porirua City,58/0/15.045,, ,I,PAREMATA CRESCENT,201418586,16/12/2014,Tue,729,JA,SS1C,302B 375B ,,E,D,OF,F ,R,G,R,50,0,0,1,,42,1756942,5447812
Porirua City,58/0/15.118,15,W, ,PAREMATA ON SBD,201441849,24/07/2014,Thu,1659,FA,CE1C,181A 191B ,,M,D,TF,F , , ,R,50,0,0,0,,,1756900,5447802
Porirua City,SH 1N,, ,I,58/0/15.136,201440082,19/07/2014,Sat,910,HA,CW2C,302A 387A ,,E,D,OF,F ,R,G,R,50,0,0,0,,,1756884,5447808
Porirua City,58/0/15.136,, ,I,ROUBDABOUT,201447002,17/10/2014,Fri,1748,KA,CW1C,302B 375B ,,E,W,OF,H ,R,G,R,50,0,0,0,,,1756884,5447808
Queenstown-Lakes District,ADAMSON DRIVE,, ,I,KENT ST,201418059,09/08/2014,Sat,1100,KA,MW14,302B 375B ,,E,D,OF,F ,T,G,C,50,0,0,1,,,1271247,5014997
Queenstown-Lakes District,ANDERSON ROAD,, ,I,MOUNT IRON DRIVE S,201416502,12/09/2014,Fri,1220,KA,SS1C,302B 377B ,,E,W,ON,F ,T,G,C,50,0,0,1,,27,1294596,5044081
Queenstown-Lakes District,ANDERSON ROAD,50,S, ,WILKIN ROAD,201415701,07/08/2014,Thu,1625,GD,TS1C44,331A 352A 927 ,M,R,D,BF,F ,D,N,C,50,0,0,1,,,1294492,5044346
Queenstown-Lakes District,ARDMORE ST,20,N, ,DUNGARVON ST,201449392,09/12/2014,Tue,1210,FD,CN1C,331A 350A ,,R,D,O ,F , , ,C,50,0,0,0,,,1293628,5043552
Queenstown-Lakes District,ARDMORE ST,80,E, ,LAKESIDE ROAD,201439423,23/06/2014,Mon,1450,ME,CW1C,371B ,,R,D,B ,F , ,N,C,50,0,0,0,,,1293909,5043786
Queenstown-Lakes District,ARDMORE ST,, ,I,LITTLE ST,201415700,06/08/2014,Wed,1433,MO,CE1,133A 423A 427A 927 ,H,M,D,BF,F ,D,N,C,50,0,0,1,,,1294099,5043773
Queenstown-Lakes District,ARDMORE ST,60,E, ,MONLEY LANE,201441454,02/07/2014,Wed,1500,EA,CW1C,129A ,M,R,D,B ,F , ,N,C,50,0,0,0,,,1294025,5043787
Queenstown-Lakes District,ARROWTOWN-LAKE HAYES ROAD,1500,N, ,SH 6,201442335,13/08/2014,Wed,1918,DB,CS1,139A 402A ,V,E,I,DN,FF, ,N,C,70,0,0,0,,,1270160,5011343
Queenstown-Lakes District,ARROWTOWN-LAKE HAYES ROAD,100,N, ,WATERFALL PARK ROAD,201437889,04/06/2014,Wed,315,DA,VN1,135A 802 ,C,M,I,DN,SF, ,N,C,100,0,0,0,,,1270136,5013498
Queenstown-Lakes District,ARROWTOWN-LAKE HAYES ROAD,530,S, ,WILDINGS ROAD,201415582,31/08/2014,Sun,2300,DA,VN1,101A 131A ,EXZ,E,D,DN,F , , ,C,70,0,0,1,,,1270129,5011566
Queenstown-Lakes District,ARTHURS POINT ROAD,120,S, ,ATLEY ROAD,201439826,01/07/2014,Tue,845,DA,TS1,135A 802 ,C,M,I,B ,F , , ,C,70,0,0,0,,,1259109,5009453
Queenstown-Lakes District,AUBREY ROAD,400,W, ,ANDERSON ROAD,201415580,01/09/2014,Mon,1550,EA,VE14,129A 352A ,M,E,D,B ,F , , ,C,50,0,0,1,,,1294260,5045200
Queenstown-Lakes District,BALLANTYNE ROAD,, ,I,GOLF COURSE ROAD,201450768,16/12/2014,Tue,1500,GD,CS1C,181A ,,E,D,BF,F ,T,G,C,50,0,0,0,,,1294506,5043280
Queenstown-Lakes District,BALLARAT ST,10,N, ,CAMP ST,201446925,06/08/2014,Wed,2320,MO,XS1X,371A ,M,R,D,DO,F ,T,N,C,50,0,0,0,,,1258275,5004368
Queenstown-Lakes District,BALLARAT ST,20,S, ,SH 6A,201432432,27/01/2014,Mon,1345,MO,VS1C,371A ,M,R,D,B ,F , , ,C,50,0,0,0,,,1258329,5004426
Queenstown-Lakes District,BALLARAT ST,60,W, ,SH 6A,201445168,30/09/2014,Tue,1530,MO,VE1C,371A 404A 926 ,M,E,D,B ,F ,D, ,N,50,0,0,0,,,1258302,5004396
Queenstown-Lakes District,BEACH ST,5,W, ,CAMP ST,201443517,03/08/2014,Sun,1704,EA,4W14,129A 385A ,M,R,D,BF,F ,T,N,N,50,0,0,0,,,1258203,5004413
Queenstown-Lakes District,BEACON POINT ROAD,40,N, ,EELY POINT ROAD,201400183,14/09/2014,Sun,330,PO,XN1E,722B 724B ,,R,D,DO,F , , ,P,50,1,0,0,24,,1293272,5045137
Queenstown-Lakes District,BEACON POINT ROAD,, ,I,PENRITH PARK DRIVE,201440478,18/07/2014,Fri,100,DA,VN1,101A 111A ,,S,D,DN,F ,T,N,C,50,0,0,0,,,1292758,5046907
Queenstown-Lakes District,BEAUMONT ST,10,N, ,WILEY ROAD,201439254,06/04/2014,Sun,2300,EA,CN1C,129A ,M,R,D,DO,F ,T,S,N,50,0,0,0,,,1293489,5044570
Queenstown-Lakes District,BEETHAM ST,30,S, ,MELBOURNE ST,201430158,05/01/2014,Sun,600,QD,VS1,652A ,F,R,D,DO,F , , ,N,50,0,0,0,,,1258478,5004416
Queenstown-Lakes District,BERKSHIRE ST,50,S, ,BUCKINGHAM ST,201418709,17/12/2014,Wed,1650,GB,SN1C,142B 372B 927 ,,R,D,B ,F ,D, ,C,50,0,0,1,,43,1271040,5015388
Queenstown-Lakes District,BERKSHIRE ST,, ,I,CAERNARVON ST,201437625,14/05/2014,Wed,1435,HA,CS2C,321A 404A 834 ,,R,D,B ,F ,X,S,C,50,0,0,0,,,1270972,5015230
Queenstown-Lakes District,BRECON ST,50,S, ,ISLE ST,201438626,28/05/2014,Wed,745,MO,CN1C,371A ,M,R,D,B ,F , , ,N,50,0,0,0,,,1257977,5004456
Queenstown-Lakes District,BROWNSTON ST,, ,I,DUNGARVON ST,201411857,06/03/2014,Thu,1300,HA,CS1C,301B 375B ,,R,D,BF,F ,X,S,C,50,0,0,1,,,1293759,5043367
Queenstown-Lakes District,BROWNSTON ST,, ,I,DUNGARVON ST,201450439,05/12/2014,Fri,1750,JA,CW1C,301B 375B ,,R,D,BF,F ,X,S,C,50,0,0,0,,,1293759,5043367
Queenstown-Lakes District,BROWNSTON ST,, ,I,DUNGARVON ST,201416902,21/08/2014,Thu,1005,HA,CW1C,321B 335B ,,R,D,BF,F ,X,S,C,50,0,0,1,,,1293759,5043367
Queenstown-Lakes District,BROWNSTON ST,, ,I,HELWICK ST,201447385,19/03/2014,Wed,1020,HA,CN2V,301A 375A ,,R,D,B ,F ,X,S,C,50,0,0,0,,,1293897,5043486
Queenstown-Lakes District,BRUNSWICK ST,15,N, ,LAKE ESPLANADE,201410881,28/02/2014,Fri,550,BC,CN1S,120A 330A 197B 801 ,,E,W,DN,L ,T,G,C,50,0,1,0,,34,1257796,5004082
Queenstown-Lakes District,CAMP ST,20,E, ,BALLARAT ST,201415061,20/08/2014,Wed,350,NG,CE1EE,376A ,,R,D,DO,F , , ,C,50,0,0,2,25,,1258283,5004347
Queenstown-Lakes District,CAMP ST,20,S, ,BALLARAT ST,201437641,10/05/2014,Sat,1321,MO,VN1C,386A ,M,R,D,B ,F , , ,C,50,0,0,0,,,1258283,5004347
Queenstown-Lakes District,CAMP ST,5,S, ,BEACH ST,201416841,17/10/2014,Fri,850,NB,XN1E,306A 376A 724B ,,R,W,O ,L ,T,N,X,50,0,0,1,28,,1258210,5004413
Queenstown-Lakes District,CAMP ST,20,S, ,BEACH ST,201445744,22/10/2014,Wed,1048,MA,4S1C,373B ,,E,D,B ,F , ,N,C,50,0,0,0,,,1258221,5004403
Queenstown-Lakes District,CAMP ST,15,N, ,CHURCH ST,201445149,30/09/2014,Tue,1510,EE,CN1X,374B 671B ,M,R,D,B ,F , , ,C,50,0,0,0,,,1258315,5004318
Queenstown-Lakes District,CAMP ST,30,S, ,EARL ST,201441619,31/07/2014,Thu,2005,MO,VS14,386A ,M,R,D,TO,F , , ,N,50,0,0,0,,,1258361,5004278
Queenstown-Lakes District,CARDRONA SKIFIELD ROAD,10500,W, ,CARDRONA VALLEY ROAD,201440497,25/07/2014,Fri,1615,DA,4W1,111A 138A ,,S,I,B ,FF, ,N,N,80,0,0,0,,,1280471,5022285
Queenstown-Lakes District,CARDRONA VALLEY ROAD,1020,N, ,BRANCH CREEK ROAD,201450703,23/11/2014,Sun,1500,DB,CN1,129A ,F,E,D,BN,F , ,N,C,100,0,0,0,,,1288569,5028832
Queenstown-Lakes District,CARDRONA VALLEY ROAD,200,S, ,JAMES ROAD,201439398,28/06/2014,Sat,900,DA,4S1,135A 330A 802 ,C,E,I,B ,SF, ,N,C,100,0,0,0,,,1288668,5029328
Queenstown-Lakes District,CARDRONA VALLEY ROAD,130,N, ,ORCHARD ROAD,201413513,26/06/2014,Thu,1715,CB,MN1,130A ,,R,D,TN,F , , ,C,70,0,1,0,,,1294018,5041523
Queenstown-Lakes District,CARDRONA VALLEY ROAD,40,N, ,PRINGLES CREEK ROAD,201447306,03/11/2014,Mon,1545,DB,CN1,129A 350A ,G,E,W,O ,L , ,N,C,70,0,0,0,,,1284710,5023075
Queenstown-Lakes District,CARDRONA VALLEY ROAD,400,N, ,RIVERBANK ROAD,201441431,16/07/2014,Wed,1626,CB,4N1,410A ,F,R,D,B ,F , ,N,C,100,0,0,0,,,1294075,5039621
Queenstown-Lakes District,CARDRONA VALLEY ROAD,1570,S, ,RIVERBANK ROAD,201410060,14/01/2014,Tue,2005,BF,4N1V,131A 330A 197B ,,M,D,B ,F , , ,C,100,0,1,0,,,1293312,5037932
Queenstown-Lakes District,CARDRONA VALLEY ROAD,1770,S, ,RIVERBANK ROAD,201436729,28/05/2014,Wed,845,DA,CS1,110A 135A 802 ,P,M,I,TN,SF, ,N,C,100,0,0,0,,,1293150,5037818
Queenstown-Lakes District,CARDRONA VALLEY ROAD,2630,S, ,RIVERBANK ROAD,201437448,01/06/2014,Sun,1930,DA,CS1,110A 135A 337A 802 ,V,M,I,DN,FF, , ,C,100,0,0,0,,,1292507,5037277
Queenstown-Lakes District,CARDRONA VALLEY ROAD,4090,S, ,RIVERBANK ROAD,201437447,01/06/2014,Sun,1545,DA,CN1,110A 135A 802 ,C,E,I,B ,FF, , ,C,100,0,0,0,,,1291361,5036395
Queenstown-Lakes District,CARDRONA VALLEY ROAD,130,N, ,SPOTTS CRK BR,201442930,13/08/2014,Wed,830,BC,CN1C,121A 330A 197B ,V,M,D,O ,F , , ,C,100,0,0,0,,,1290692,5034633
Queenstown-Lakes District,CARDRONA VALLEY ROAD,300,S, ,TIMBER CRK BR,201443767,01/09/2014,Mon,1840,DA,CN1,103A 111A 131A ,F,S,D,DN,F , , ,C,100,0,0,0,,,1291356,5036384
Queenstown-Lakes District,CARDRONA VALLEY ROAD,2220,S, ,TIMBER CRK BR,201410113,07/01/2014,Tue,1418,CB,CN1,129A 130A 801 ,,R,W,O ,L , , ,C,100,0,1,1,,,1290677,5034606
Queenstown-Lakes District,CARDRONA VALLEY ROAD,3800,S, ,TIMBER CRK BR,201412722,23/04/2014,Wed,1545,DA,CN1,410A ,P,E,D,BN,F , ,N,C,100,0,0,1,,,1290024,5033176
Queenstown-Lakes District,CARDRONA VALLEY ROAD,2500,N, ,TUOHYS GULLY ROAD,201450497,04/12/2014,Thu,1800,CB,CS1,129A 352A ,V,R,D,BN,F , ,N,C,100,0,0,0,,,1286856,5025842
Queenstown-Lakes District,CEMETERY ROAD,800,E, ,DOMAIN ROAD,201400119,25/05/2014,Sun,100,CA,40,101A 129A 134A ,,R,D,DN,F , , ,C,100,1,0,0,,,1303516,5052633
Queenstown-Lakes District,CHURCH ST,20,N, ,MARINE PARADE,201447173,03/08/2014,Sun,2200,MO,CS1C,371A ,,R,D,DO,F , , ,N,50,0,0,0,,,1258238,5004211
Queenstown-Lakes District,CORONATION DRIVE,50,S, ,SH 6A,201416958,27/10/2014,Mon,725,PO,OS1CE,371A ,Q,R,D,TO,F , ,N,N,50,0,0,1,51,,1258437,5004314
Queenstown-Lakes District,CORONET PEAK ROAD,410,N, ,SKIPPERS ROAD,201413855,13/06/2014,Fri,1645,DA,CS1,111A 131A 404A ,C,M,D,TN,F , , ,N,100,0,0,1,,,1262077,5014726
Queenstown-Lakes District,CORONET PEAK ROAD,290,S, ,WATERWORKS CORNER,201410816,07/02/2014,Fri,1745,BF,MS1C,131A 205A 404A ,,E,D,B ,F , , ,C,50,0,0,1,,,1262840,5015329
Queenstown-Lakes District,CROWN RANGE ROAD,, ,A,CARDRONA BR NO2,201416684,24/10/2014,Fri,1815,DB,MN1,111A 129A 352A 404A 407A ,,M,D,O ,F , , ,C,100,0,0,1,,,1281316,5013086
Queenstown-Lakes District,CROWN RANGE ROAD,120,N, ,CARDRONA BR NO7,201440746,29/07/2014,Tue,938,DA,CN1,131A 802 ,C,E,I,O ,FF, , ,C,100,0,0,0,,,1281323,5014790
Queenstown-Lakes District,CROWN RANGE ROAD,620,S, ,CARDRONA NO10 BR,201418260,31/12/2014,Wed,1822,BF,CS1V,111A 131A ,,E,W,O ,L , , ,C,100,0,0,1,,,1283224,5020470
Queenstown-Lakes District,CROWN RANGE ROAD,260,N, ,CARDRONA NO8 BR,201415595,26/06/2014,Thu,920,DA,CN1,135A 404A 802 842 ,EXZ,E,I,O ,FF, , ,C,100,0,0,2,,,1282050,5017471
Queenstown-Lakes District,CROWN RANGE ROAD,300,N, ,CARDRONA NO8 BR,201444450,26/06/2014,Thu,930,DB,VS1,130A 404A 407A 802 ,C,M,I,O ,FF, , ,N,100,0,0,0,,,1282045,5017510
Queenstown-Lakes District,CROWN RANGE ROAD,5570,S, ,CARDRONA VALLEY ROAD,201450702,30/11/2014,Sun,1030,CB,TN1,191A ,C,R,D,ON,F , ,N,C,100,0,0,0,,,1281956,5016231
Queenstown-Lakes District,CROWN RANGE ROAD,700,N, ,CROWN RANGE SUMMIT,201449918,31/12/2014,Wed,1630,BF,CN1C,135A 400A 800 806 ,,E,W,O ,L , , ,C,100,0,0,0,,,1279304,5009708
Queenstown-Lakes District,CROWN RANGE ROAD,710,N, ,CROWN RANGE SUMMIT,201449917,31/12/2014,Wed,1750,DA,CN1,111A 131A 404A 800 806 ,G,E,W,O ,L , , ,C,100,0,0,0,,,1279296,5009701
Queenstown-Lakes District,CROWN RANGE ROAD,750,N, ,CROWN TERRACE LOOKOUT,201442220,21/07/2014,Mon,800,DB,CN1C,135A 135B ,,S,I,O ,S , , ,C,100,0,0,0,,,1274471,5011248
Queenstown-Lakes District,CROWN RANGE ROAD,2300,E, ,EASTBURN ROAD,201400240,12/11/2014,Wed,1508,DA,TW1,110A 650A ,G,S,W,O ,H , ,N,C,100,2,0,0,,,1278311,5009522
Queenstown-Lakes District,CROWN RANGE ROAD,630,N, ,EASTBURN ROAD,201433908,05/04/2014,Sat,1154,DA,VW1,111A 131A ,G,M,W,O ,F , ,N,C,100,0,0,0,,,1276692,5010979
Queenstown-Lakes District,CROWN RANGE ROAD,1070,N, ,EASTBURN ROAD,201412674,08/04/2014,Tue,1800,DA,MN1,111A 133A ,G,S,D,TN,F , ,N,C,100,0,0,1,,,1276425,5011280
Queenstown-Lakes District,CROWN RANGE ROAD,1600,N, ,EASTBURN ROAD,201443564,15/08/2014,Fri,225,QO,CN1,135A 400A ,G,E,I,DN,SF, ,N,C,100,0,0,0,,,1275945,5011503
Queenstown-Lakes District,CROWN RANGE ROAD,1090,S, ,EASTBURN ROAD,201447182,06/11/2014,Thu,1745,BC,CN1C,121A 404A ,,S,D,B ,F , , ,C,100,0,0,0,,,1277565,5009823
Queenstown-Lakes District,CROWN RANGE ROAD,1000,E, ,JEFFERY ROAD,201450777,30/12/2014,Tue,1245,DB,CE1,197A ,,M,D,BN,F , ,N,C,100,0,0,0,,,1275633,5011680
Queenstown-Lakes District,CROWN RANGE ROAD,1000,W, ,JEFFERY ROAD,201442614,21/07/2014,Mon,830,BF,4E1C,135A 802 ,,S,I,ON,S , ,N,C,100,0,0,0,,,1273966,5011509
Queenstown-Lakes District,CROWN RANGE ROAD,1000,E, ,SH 6,201432874,20/03/2014,Thu,1820,DA,CW1,111A 131A ,C,S,D,B ,F , , ,C,100,0,0,0,,,1273630,5011220
Queenstown-Lakes District,DUNGARVON ST,, ,I,ARDMORE ST,201445163,21/09/2014,Sun,1515,DA,CN24,101A 131A ,,R,D,B ,F ,T,G,C,50,0,0,0,,,1293613,5043538
Queenstown-Lakes District,DUNGARVON ST,, ,I,BROWNSTON ST,201445164,21/09/2014,Sun,1516,FB,CS14,101A 331A ,,R,D,B ,F ,X,S,C,50,0,0,0,,,1293759,5043367
Queenstown-Lakes District,DUNGARVON ST,10,N, ,WARREN ST,201414288,16/08/2014,Sat,240,CC,4S1V,103A 125A 410A ,M,R,D,DO,F ,X,G,C,50,0,1,0,,,1293906,5043192
Queenstown-Lakes District,DUNGARVON ST,, ,I,WARREN ST,201417488,01/04/2014,Tue,1250,GD,VE1C,331A 350A ,,R,D,BF,F ,X,G,C,50,0,0,1,,,1293912,5043185
Queenstown-Lakes District,DUNMORE ST,40,N, ,DUNGARVON ST,201412122,02/05/2014,Fri,1245,JA,CS1C,308B 377B 839 925 ,,R,D,B ,F ,D,N,C,50,0,0,1,,,1293708,5043488
Queenstown-Lakes District,EDINBURGH DRIVE,110,E, ,BELFAST TERRACE,201436791,30/05/2014,Fri,2350,CC,CE14,103A 407A ,CM,R,D,DO,F , ,N,N,50,0,0,0,,,1259136,5004459
Queenstown-Lakes District,EDINBURGH DRIVE,50,N, ,YORK ST,201413854,23/06/2014,Mon,1522,DA,CW1,111A 131A 132A 804 ,F,M,D,O ,F , , ,C,50,0,0,1,,,1258970,5004469
Queenstown-Lakes District,EDINBURGH DRIVE,100,N, ,YORK ST,201440687,21/07/2014,Mon,1730,CC,4W1,112A 130A 404A 804 ,CFH,R,W,O ,L , , ,C,50,0,0,0,,,1259017,5004454
Queenstown-Lakes District,FERNHILL ROAD,110,W, ,GLENORCHY-QUEENSTOWN ROAD,201448412,12/11/2014,Wed,2150,DB,VE1,195A ,X,E,D,TN,F , ,N,C,100,0,0,0,,,1255723,5002610
Queenstown-Lakes District,FERNHILL ROAD,100,N, ,RICHARDS PARK LANE,201448777,02/07/2014,Wed,1315,DB,CS1,129A 131A 404A ,V,E,I,B ,FF, , ,C,50,0,0,0,,,1256104,5003501
Queenstown-Lakes District,FERNHILL ROAD,, ,I,RICHARDS PARK LANE,201410187,12/01/2014,Sun,1825,MD,CS1C,370A 386B 443B ,,R,D,O ,F ,T,G,C,50,0,0,1,,,1256044,5003421
Queenstown-Lakes District,FERNHILL ROAD,110,N, ,SAINSBURY ROAD,201434173,09/04/2014,Wed,1000,DA,CN1C,111A 129A 134A 402A ,FX,M,D,O ,F , , ,C,50,0,0,0,,,1256713,5003677
Queenstown-Lakes District,FERNHILL ROAD,70,N, ,WILLIAMS ST,201440442,22/06/2014,Sun,1506,EA,CN1C,129A ,M,R,D,B ,F , ,N,C,50,0,0,0,,,1255525,5003009
Queenstown-Lakes District,FITZPATRICK ROAD,570,E, ,LITTLES ROAD,201414529,16/07/2014,Wed,830,DA,CW1,110A 138A 802 ,,M,I,B ,FF, , ,N,80,0,0,1,,,1262798,5010051
Queenstown-Lakes District,FRYER ST,100,S, ,HUFF ST,201445749,21/10/2014,Tue,1350,ME,CS1C,371B ,,R,D,B ,F , ,N,C,50,0,0,0,,,1258053,5005101
Queenstown-Lakes District,GLENORCHY-PARADISE ROAD,170,S, ,AMPHION WAY,201410760,26/03/2014,Wed,1350,DA,CN1,111A 121A 134A ,FP,E,D,B ,F , ,N,C,100,0,2,0,,,1236068,5029053
Queenstown-Lakes District,GLENORCHY-QUEENSTOWN ROAD,150,N, ,25 MILE CRK,201433626,13/01/2014,Mon,1850,EA,VN1V,130A 404A 810 930 ,M,E,D,B ,F ,D, ,C,100,0,0,0,,,1239832,5007959
Queenstown-Lakes District,GLENORCHY-QUEENSTOWN ROAD,100,W, ,BAYWATERS LANE,201418060,21/11/2014,Fri,1520,DA,VE1,111A 131A ,V,S,W,ON,H , ,N,C,100,0,0,1,,,1250986,5000763
Queenstown-Lakes District,GLENORCHY-QUEENSTOWN ROAD,, ,A,BLEAKLEYS BRIDGE,201443215,29/08/2014,Fri,1455,DA,CE1,131A 404A 804 ,G,E,D,B ,F , , ,C,100,0,0,0,,,1254154,5001502
Queenstown-Lakes District,GLENORCHY-QUEENSTOWN ROAD,700,E, ,COVE LANE,201447952,22/10/2014,Wed,843,DA,VW1,129A 404A 407A ,V,E,D,B ,F , , ,C,100,0,0,0,,,1248094,4999770
Queenstown-Lakes District,GLENORCHY-QUEENSTOWN ROAD,15,N, ,FERNHILL ROAD,201439825,02/07/2014,Wed,2144,CB,CS1,132A 804 ,ET,R,W,DN,  , , ,C,100,0,0,0,,,1255845,5002607
Queenstown-Lakes District,GLENORCHY-QUEENSTOWN ROAD,400,N, ,FERNHILL ROAD,201435097,02/05/2014,Fri,2130,DB,CN1,195A ,T,E,D,DN,F , ,N,C,100,0,0,0,,,1256113,5002875
Queenstown-Lakes District,GLENORCHY-QUEENSTOWN ROAD,20,W, ,FERNHILL ROAD,201430293,10/01/2014,Fri,620,DB,CE1,103A 129A 131A ,EX,E,D,DN,F , , ,C,100,0,0,0,,,1255814,5002591
Queenstown-Lakes District,GLENORCHY-QUEENSTOWN ROAD,600,W, ,FERNHILL ROAD,201441270,10/04/2014,Thu,1825,BF,CN1C,205A 402A 197B ,EST,E,D,TN,F , , ,C,100,0,0,0,,,1255266,5002425
Queenstown-Lakes District,GLENORCHY-QUEENSTOWN ROAD,900,W, ,FERNHILL ROAD,201449931,20/12/2014,Sat,1705,DB,CN1,129A 131A 330A ,C,M,W,O ,L , , ,C,100,0,0,0,,,1255138,5002156
Queenstown-Lakes District,GLENORCHY-QUEENSTOWN ROAD,1130,W, ,FERNHILL ROAD,201445198,30/08/2014,Sat,2120,DB,CN1,135A 802 804 ,C,E,I,DN,F , , ,C,100,0,0,0,,,1255065,5001940
Queenstown-Lakes District,GLENORCHY-QUEENSTOWN ROAD,, ,I,FERNHILL ROAD,201430920,24/02/2014,Mon,200,DB,CE1,131A ,C,E,D,DN,F ,T,S,C,100,0,0,0,,,1255832,5002599
Queenstown-Lakes District,GLENORCHY-QUEENSTOWN ROAD,2400,W, ,FISHERMANS LANE,201445650,16/10/2014,Thu,745,BF,VW1T,197A 205B ,,M,D,O ,F , , ,N,100,0,0,0,,,1244682,4998425
Queenstown-Lakes District,GLENORCHY-QUEENSTOWN ROAD,4590,W, ,FISHERMANS LANE,201415300,25/08/2014,Mon,1440,DB,CN1,110A 135A 802 905 ,CT,E,I,B ,SF, ,N,C,100,0,1,1,,,1243027,4998942
Queenstown-Lakes District,GLENORCHY-QUEENSTOWN ROAD,180,W, ,GEARY LANE,201438767,16/04/2014,Wed,850,DB,CW1,110A 135A 404A 801 ,C,M,W,ON,M , ,N,C,100,0,0,0,,,1252149,5001397