TLANAME,CRASHROAD,CRASHDIST,CRASHDIRN,INTSN,SIDEROAD,CRASHID,CRASHDATE,CRASHDOW,CRASHTIME,MVMT,VEHICLES,CAUSES,OBJECTSSTRUCK,ROADCURVE,ROADWET,LIGHT,WTHRa,JUNCTYPE,TRAFCTRL,ROADMARK,SPDLIM,CRASHFATALCNT,CRASHSEVCNT,CRASHMINCNT,PERSAGE1,PERSAGE2,EASTING,NORTHING
Queenstown-Lakes District,GLENORCHY-QUEENSTOWN ROAD,30,S, ,LAKE ESPLANADE,201445241,15/10/2014,Wed,1050,CB,CS1,130A 352A 407A ,T,R,D,B ,F , , ,C,100,0,0,0,,,1257216,5003623
Queenstown-Lakes District,GLENORCHY-QUEENSTOWN ROAD,1000,W, ,LAKE ESPLANADE,201430157,03/01/2014,Fri,1741,QD,BN1,611A ,,E,D,BN,F , ,N,C,100,0,0,0,,,1256356,5003210
Queenstown-Lakes District,GLENORCHY-QUEENSTOWN ROAD,1080,S, ,MOUNT CREIGHTON STATION,201451086,08/12/2014,Mon,1615,DA,4S1,129A 358A ,T,E,D,ON,F , ,N,C,100,0,0,0,,,,
Queenstown-Lakes District,GLENORCHY-QUEENSTOWN ROAD,, ,A,MT CREIGHTON STATION,201410895,25/02/2014,Tue,1931,DB,MN1,111A 131A 330A 402A ,C,M,D,O ,F , , ,C,100,0,1,0,,,1240477,5006965
Queenstown-Lakes District,GLENORCHY-QUEENSTOWN ROAD,6200,S, ,WYUNA RISE,201417726,21/12/2014,Sun,2030,GD,MS1C,181A 330A 402A 926 ,,E,D,B ,F ,D,N,C,100,0,0,1,,,1238897,5015629
Queenstown-Lakes District,GOLDFIELD HEIGHTS,70,E, ,ST GEORGES AVENUE,201418660,29/11/2014,Sat,2323,CB,CW1,103A 112A ,CT,R,D,DO,F , ,N,C,50,0,0,1,,,1260545,5005269
Queenstown-Lakes District,GOLDFIELD HEIGHTS,100,E, ,ST GEORGES AVENUE,201415899,30/09/2014,Tue,135,EA,4W1CC4,103A 130A 402A ,MMM,E,D,DO,F , , ,N,50,0,0,2,,,1260573,5005278
Queenstown-Lakes District,GOLDFIELD HEIGHTS,50,W, ,WOODLAND CLOSE,201436799,30/05/2014,Fri,1729,DA,CW1,134A 197A ,CF,M,D,B ,F , ,N,C,50,0,0,0,,,1260670,5005435
Queenstown-Lakes District,GORGE ROAD,50,S, ,BOUNDARY ST,201443216,29/08/2014,Fri,2100,QD,XS1,428A ,F,R,D,DO,F , , ,N,50,0,0,0,,,1258227,5004802
Queenstown-Lakes District,GORGE ROAD,200,N, ,INDUSTRIAL PLACE,201440330,11/07/2014,Fri,1655,CC,CS1,130A 407A 412A ,V,R,D,B ,F , , ,C,80,0,0,0,,,1258341,5006081
Queenstown-Lakes District,GORGE ROAD,300,N, ,INDUSTRIAL PLACE,201414929,01/07/2014,Tue,806,CC,VN14T,135A 802 ,,R,I,TN,FF, ,N,C,80,0,0,1,,,1258388,5006169
Queenstown-Lakes District,GORGE ROAD,, ,I,INDUSTRIAL PLACE,201441630,13/08/2014,Wed,800,QD,4S1C,428A ,,R,D,O ,F ,T,S,R,50,0,0,0,,,1258313,5005885
Queenstown-Lakes District,GORGE ROAD,, ,I,OXENBRIDGE TUNNEL ROAD,201436802,23/05/2014,Fri,930,FB,CN1C,130A 191A 632A 801 ,,E,W,O ,L ,T,N,C,70,0,0,0,,,1258787,5009190
Queenstown-Lakes District,GORGE ROAD,, ,I,ROBINS ROAD,201440440,17/07/2014,Thu,1530,AC,CS1C,124A 159A ,,R,D,B ,F ,T,G,C,50,0,0,0,,,1258233,5005054
Queenstown-Lakes District,GORGE ROAD,, ,I,SAWMILL ROAD,201440688,21/07/2014,Mon,1512,JA,CN1C,302B 375B 905 ,,R,W,O ,S ,T,G,C,50,0,0,0,,,1258255,5005473
Queenstown-Lakes District,GORGE ROAD,100,S, ,WATTIES TRACK,201436798,03/06/2014,Tue,242,DB,CN1,110A 135A 802 905 ,CX,M,I,DN,SF, ,N,C,80,0,0,0,,,1259118,5008318
Queenstown-Lakes District,GORGE ROAD,, ,I,WEAVER ST,201448697,28/11/2014,Fri,2047,MO,VS1,330A 386A ,S,R,D,TO,F ,T,G,C,50,0,0,0,,,1258227,5004750
Queenstown-Lakes District,GRAY ST,15,W, ,MCBRIDE ST,201410887,27/02/2014,Thu,1028,KA,CE14,308B 375B 927 ,,R,D,B ,F ,D, ,C,50,0,0,1,,,1263593,5006325
Queenstown-Lakes District,HALLENSTEIN ST,15,S, ,DUNCANS PLACE,201430159,01/01/2014,Wed,1554,EE,VN1C,374B 818 ,M,R,D,ON,F , ,N,N,50,0,0,0,,,1258300,5004872
Queenstown-Lakes District,HALLENSTEIN ST,50,S, ,MALAGHAN ST,201410139,14/01/2014,Tue,2052,DB,CS1,111A 131A ,FH,M,D,B ,F , , ,C,50,0,0,1,,,1258464,5004608
Queenstown-Lakes District,HALLENSTEIN ST,15,S, ,YORK ST,201431909,12/02/2014,Wed,1500,EA,VN1C,129A ,M,R,W,OF,F , ,N,N,50,0,0,0,,,1258777,5004324
Queenstown-Lakes District,HAMILTON ROAD,, ,A,BOYDTOWN WAY,201413210,18/04/2014,Fri,2300,MO,CN1,103A 357A 927 ,,R,D,DN,F ,D,N,N,50,0,0,1,,,1257891,5005004
Queenstown-Lakes District,HAY ST,10,N, ,MAN ST,201441631,14/08/2014,Thu,1940,MO,VN1C,386A ,M,R,D,DO,F ,X,N,N,50,0,0,0,,,1257848,5004317
Queenstown-Lakes District,HELWICK ST,30,S, ,DUNMORE ST,201410406,20/01/2014,Mon,1515,NG,CN1E,423A 507A ,HS,R,D,B ,F , , ,C,50,0,0,1,79,,1293837,5043556
Queenstown-Lakes District,HENSMAN ROAD,, ,I,WAKATIPU HEIGHTS,201442911,17/08/2014,Sun,110,DA,CW1X,130A 407A 802 804 ,,E,I,DO,FF,T,S,N,50,0,0,0,,,1259520,5004439
Queenstown-Lakes District,HERTFORD ST,, ,I,WILTSHIRE ST,201433907,26/03/2014,Wed,1200,GD,CN1V,181A 352A ,,E,D,B ,F ,T,G,C,50,0,0,0,,,1271199,5015318
Queenstown-Lakes District,HIGHVIEW TERRACE,60,S, ,GUM LANE,201445242,08/09/2014,Mon,110,DA,CS14C,101A 111A 131A ,HMX,E,D,DO,F , , ,N,50,0,0,0,,,1260073,5004813
Queenstown-Lakes District,HIGHVIEW TERRACE,200,N, ,HENSMAN ROAD,201432325,12/02/2014,Wed,23,DA,CS14,111A 131A 402A ,FHJ,M,D,DO,F , , ,C,50,0,0,0,,,1260038,5004795
Queenstown-Lakes District,HOWARDS DRIVE,70,E, ,JONES ROAD,201437809,03/06/2014,Tue,820,DB,CE1,111A 131A ,C,M,D,O ,F , ,N,C,50,0,0,0,,,1267660,5008140
Queenstown-Lakes District,HUNTER ROAD,720,S, ,MALAGHANS ROAD,201416456,26/09/2014,Fri,2310,DA,4N1,129A 131A 351A ,P,E,D,DN,F , , ,C,80,0,0,3,,,1265399,5013119
Queenstown-Lakes District,HUNTER ROAD,15,S, ,MOONEY ROAD,201412332,10/04/2014,Thu,830,NA,4S1E,713B 727B ,,R,D,O ,F , , ,C,80,0,1,0,7,,1265658,5012855
Queenstown-Lakes District,HYLTON PLACE,, ,I,GORGE ROAD,201449352,25/11/2014,Tue,1600,MO,4W1C,330A 371A ,,R,D,O ,F ,T,G,R,50,0,0,0,,,1258242,5005170
Queenstown-Lakes District,ISLE ST,20,W, ,ROBINS ROAD,201431911,11/02/2014,Tue,1700,EA,CW1V,129A ,M,E,D,BF,F , ,N,N,50,0,0,0,,,1258026,5004560
Queenstown-Lakes District,JETTY ST,120,N, ,KENT ST,201432873,18/03/2014,Tue,1310,CB,CN1,129A 130A ,V,R,D,B ,F , , ,N,50,0,0,0,,,1263956,4971646
Queenstown-Lakes District,JOE OCONNELL DRIVE,150,S, ,SH 6,201445651,14/10/2014,Tue,1840,MO,CS1C,386A ,M,R,D,O ,F , , ,N,50,0,0,0,,,1264003,5006440
Queenstown-Lakes District,KANE ROAD,, ,I,MCKAY ROAD,201418604,04/12/2014,Thu,940,DA,4S1,111A 131A ,C,M,D,OF,F ,T,N,C,100,0,0,1,,,1306411,5041922
Queenstown-Lakes District,KINGS DRIVE,40,W, ,ASPINALL ST,201445165,23/09/2014,Tue,2110,EA,4W14V,129A 410A ,M,E,D,DO,F , , ,C,50,0,0,0,,,1294108,5044345
Queenstown-Lakes District,KINLOCH ROAD,2000,S, ,ROUTEBURN ROAD,201438783,13/04/2014,Sun,1045,CC,VS1,195A ,C,R,D,ON,F , ,N,N,100,0,0,0,,,1230516,5029572
Queenstown-Lakes District,LAKE AVENUE,80,S, ,FRANKTON BEACH ACCESS,201432533,15/02/2014,Sat,630,DA,CS1,103A 111A ,F,E,D,DO,F , ,N,C,50,0,0,0,,,1263396,5006122
Queenstown-Lakes District,LAKE AVENUE,110,W, ,MCBRIDE ST,201449900,26/12/2014,Fri,1645,EA,CW1C,129A 386A ,M,R,D,O ,F , , ,C,50,0,0,0,,,1263746,5005701
Queenstown-Lakes District,LAKE ESPLANADE,200,E, ,FERNHILL ROAD,201439204,06/05/2014,Tue,2229,MA,CW1V,373B ,,R,W,DO,L , , ,C,50,0,0,0,,,1257373,5003803
Queenstown-Lakes District,LAKE ESPLANADE,500,N, ,FERNHILL ROAD,201414864,25/07/2014,Fri,1755,NA,CS1E,711B ,,R,D,BN,F , ,N,C,50,0,0,1,57,,1257621,5003967
Queenstown-Lakes District,LAKE ESPLANADE,200,E, ,GLENORCHY-QUEENSTOWN ROAD,201436663,17/05/2014,Sat,1320,MA,VW1C,373B 378B 834 ,,R,D,O ,F , ,N,C,50,0,0,0,,,1257373,5003803
Queenstown-Lakes District,LAKESIDE ROAD,20,S, ,MONLEY LANE,201442050,24/07/2014,Thu,900,MO,CN1V,372B ,M,E,D,BN,F , ,N,C,50,0,0,0,,,1293841,5043849
Queenstown-Lakes District,LARCH HILL PLACE,30,N, ,FRANKTON ROAD,201445199,10/09/2014,Wed,630,MO,VS1V,386A ,M,R,D,B ,F , , ,N,50,0,0,0,,,1260721,5005127
Queenstown-Lakes District,LEEDS LANE,120,N, ,EDINBURGH DRIVE,201448849,14/12/2014,Sun,130,EA,4N1VC,101A 330A 355A ,CM,R,D,DO,F , , ,N,50,0,0,0,,,1258885,5004575
Queenstown-Lakes District,LORDENS PLACE,10,S, ,FERNHILL ROAD,201440420,16/07/2014,Wed,1800,MO,TE1,330A 371A 929 ,,R,D,TN,F ,D,N,N,50,0,0,0,,,1255913,5003269
Queenstown-Lakes District,LOWER SHOTOVER ROAD,600,N, ,DOMAIN ROAD,201436895,27/05/2014,Tue,1235,MC,VN1V,372B ,,R,W,B ,F , , ,C,80,0,0,0,,,1266288,5010260
Queenstown-Lakes District,LOWER SHOTOVER ROAD,800,N, ,SH 6,201435963,13/04/2014,Sun,30,DB,CN1,104A 131A 410A ,TX,M,D,DN,F , ,N,C,100,0,0,0,,,1266168,5008786
Queenstown-Lakes District,LOWER SHOTOVER ROAD,200,N, ,SPENCE ROAD,201443509,30/07/2014,Wed,850,DB,CS1,111A 131A ,FT,M,W,ON,L , ,N,C,80,0,0,0,,,1266373,5008390
Queenstown-Lakes District,MALAGHAN ST,5,N, ,HALLENSTEIN ST,201432613,15/03/2014,Sat,1225,QD,TW1CC,330A 611A ,M,R,D,O ,F ,T,N,N,50,0,0,0,,,1258437,5004649
Queenstown-Lakes District,MALAGHAN ST,130,N, ,HALLENSTEIN ST,201447811,01/11/2014,Sat,1200,MO,VS1C,130A 929 ,KM,E,D,ON,F , ,N,N,50,0,0,0,,,1258520,5004742
Queenstown-Lakes District,MALAGHAN ST,, ,I,HENRY ST,201432324,06/02/2014,Thu,1100,DC,CW1,112A 403A 404A ,EFJ,R,D,B ,F ,T,G,N,50,0,0,0,,,1258350,5004555
Queenstown-Lakes District,MALAGHANS ROAD,600,E, ,CORONET PEAK ROAD,201432323,06/02/2014,Thu,2110,DA,CE1,111A 131A ,G,M,D,B ,F , , ,L,80,0,0,0,,,1260666,5011029
Queenstown-Lakes District,MALAGHANS ROAD,60,E, ,CORONET VIEW ROAD,201440086,16/07/2014,Wed,720,DB,CE1,135A 802 ,FT,M,I,TN,FF, ,N,N,100,0,0,0,,,1264202,5013224
Queenstown-Lakes District,MALAGHANS ROAD,80,W, ,CORONET VIEW ROAD,201415215,29/07/2014,Tue,820,DA,CW1,135A 802 ,CF,E,I,ON,FF, ,N,C,100,0,0,1,,,1264093,5013137
Queenstown-Lakes District,MALAGHANS ROAD,400,E, ,MANSE ROAD,201413221,04/06/2014,Wed,1650,CC,40,134A 135A 802 905 ,CJV,R,I,TN,SF, ,N,C,100,0,0,1,,,1270559,5014958
Queenstown-Lakes District,MALAGHANS ROAD,, ,I,STREAMSIDE LANE,201414530,12/07/2014,Sat,1130,DA,CE1,111A 131A 632A 804 ,ET,M,D,O ,F ,T,G,C,100,0,0,1,,,1268087,5014430
Queenstown-Lakes District,MAN ST,, ,I,BRECON ST,201448597,24/11/2014,Mon,1414,FA,400000000000000,181A ,,R,D,BF,F ,T,G,R,50,0,0,0,,,1258001,5004424
Queenstown-Lakes District,MAN ST,, ,I,CAMP ST,201432372,05/03/2014,Wed,1700,KA,CN2C,302B ,,M,D,B ,F ,R,G,R,50,0,0,0,,,1258104,5004508
Queenstown-Lakes District,MCBRIDE ST,100,S, ,GRAY ST,201431910,23/01/2014,Thu,1700,EA,CS1C,129A ,M,R,D,BF,F , ,N,C,50,0,0,0,,,1263643,5006237
Queenstown-Lakes District,MCCHESNEY ROAD,100,W, ,MCMILLAN ROAD,201442613,21/07/2014,Mon,930,DB,TE1C,136A 802 ,M,M,I,ON,S , ,N,C,100,0,0,0,,,1258801,5008769
Queenstown-Lakes District,MELBOURNE ST,15,E, ,BEETHAM ST,201438099,18/04/2014,Fri,2030,MO,4W1C,371A ,M,R,D,DO,F , , ,C,50,0,0,0,,,1258510,5004428
Queenstown-Lakes District,MEMORIAL ST,, ,I,CAMP ST,201415447,28/08/2014,Thu,1330,NB,CE2K,370A 376A 724B ,,S,D,O ,F ,R,G,R,50,0,0,1,20,,1258104,5004508
Queenstown-Lakes District,MEMORIAL ST,, ,I,CAMP ST,201413203,28/05/2014,Wed,1910,NA,CS1EE,711B 724B 711C 724C ,,R,D,DO,F ,R,G,C,50,0,0,2,,,1258104,5004508
Queenstown-Lakes District,MIDDLETON ROAD,15,N, ,FRANKTON ROAD,201440689,21/07/2014,Mon,900,DB,4S1,135A 802 803 ,Q,M,I,O ,S ,T,G,N,50,0,0,0,,,1261654,5005777
Queenstown-Lakes District,MOKE LAKE ROAD,400,N, ,ALPINE RETREAT ROAD,201418220,21/12/2014,Sun,1740,CA,SS1,138A 812 ,,R,D,B ,F , , ,N,50,0,1,0,,27,1252551,5002791
Queenstown-Lakes District,MOKE LAKE ROAD,600,N, ,GLENORCHY-QUEENSTOWN ROAD,201443218,03/09/2014,Wed,10,DA,CS1,103A 131A ,T,M,D,DN,F , , ,C,80,0,0,0,,,1252808,5001526
Queenstown-Lakes District,MOKE LAKE ROAD,3000,W, ,GLENORCHY-QUEENSTOWN ROAD,201432449,30/01/2014,Thu,1020,MO,CS1C,357A 512A ,,R,D,BN,F , ,N,N,100,0,0,0,,,1251908,5003510
Queenstown-Lakes District,OUTLET ROAD,580,N, ,AUBREY ROAD,201417720,28/12/2014,Sun,150,DA,TS1,111A 138A ,,M,D,DN,F , ,N,N,100,0,0,1,,,1296019,5046137
Queenstown-Lakes District,PANORAMA TERRACE,100,E, ,EARNSLAW TERRACE,201445742,17/10/2014,Fri,800,EA,CE1C,129A 350A ,M,R,W,O ,L , ,N,C,50,0,0,0,,,1259356,5004275
Queenstown-Lakes District,PANORAMA TERRACE,20,W, ,WAKATIPU HEIGHTS,201443763,07/09/2014,Sun,1750,EA,CE1C,131A 404A ,M,E,D,B ,F , , ,N,50,0,0,0,,,1259343,5004272
Queenstown-Lakes District,PLANTATION ROAD,200,N, ,KINGS DRIVE,201445930,18/10/2014,Sat,219,DB,CN1C,103A 111A 131A 514A ,M,E,D,DO,F , , ,C,50,0,0,0,,,1293860,5044413
Queenstown-Lakes District,QUARTZ RISE,70,W, ,GOLDRUSH WAY,201446926,03/07/2014,Thu,30,EA,CE1C,129A ,M,M,D,DO,F , ,N,N,50,0,0,0,,,1261013,5005561
Queenstown-Lakes District,RAMSHAW LANE,50,W, ,WILTSHIRE ST,201436757,30/04/2014,Wed,1700,EA,CE1B,386A ,M,R,D,B ,F , ,N,C,50,0,0,0,,,1271233,5015451
Queenstown-Lakes District,REECE CRESCENT,30,N, ,PLANTATION ROAD,201444021,04/08/2014,Mon,1340,MA,4N1C4,373B ,M,S,D,BF,F , ,N,C,50,0,0,0,,,1294389,5044093
Queenstown-Lakes District,REES ST,30,N, ,BEACH ST,201435079,27/04/2014,Sun,1800,MO,CS1C,371A 926 ,M,R,W,DO,F ,D,N,N,50,0,0,0,,,1258077,5004330
Queenstown-Lakes District,REES ST,30,S, ,BEACH ST,201450500,21/12/2014,Sun,1045,MO,CS1C,386A 801 ,M,R,W,O ,L , , ,N,30,0,0,0,,,1258122,5004291
Queenstown-Lakes District,REES ST,50,S, ,BEACH ST,201440865,04/08/2014,Mon,945,MO,VN1C,371A ,M,R,D,O ,F , , ,N,50,0,0,0,,,1258137,5004278
Queenstown-Lakes District,REES VALLEY ROAD,, ,I,BIRLEY RISE,201417635,16/10/2014,Thu,1200,CC,CN1,195A 402A 403A ,V,R,D,B ,F ,T,N,N,100,0,0,1,,,1236446,5029747
Queenstown-Lakes District,REMARKABLES SKI FIELD ACC,11000,E, ,SH 6,201439850,01/07/2014,Tue,1720,DA,CS1,131A 402A 802 803 ,V,E,I,DN,FF, , ,N,100,0,0,0,,,1269392,5004126
Queenstown-Lakes District,RIVERBANK ROAD,, ,I,BALLANTYNE ROAD,201410951,31/01/2014,Fri,1455,HA,CN1O,321B 375B ,,R,D,BF,F ,X,S,C,80,0,0,1,,,1295478,5041849
Queenstown-Lakes District,ROBERTSON ST,250,W, ,REMARKABLES CRESCENT,201444432,17/09/2014,Wed,1548,EA,CW14,103A 129A ,M,R,D,B ,F , , ,N,50,0,0,0,,,1264044,5005175
Queenstown-Lakes District,ROBINS ROAD,, ,I,GORGE ROAD,201447484,22/11/2014,Sat,1300,BB,TE1C,124A 110B ,,R,D,B ,H ,T,G,C,50,0,0,0,,,1258233,5005054
Queenstown-Lakes District,ROUTEBURN ROAD,5100,N, ,KINLOCH ROAD,201438899,09/05/2014,Fri,1000,DA,CS1,131A ,F,M,D,ON,F , ,N,N,100,0,0,0,,,1228668,5036076
Queenstown-Lakes District,SAWMILL ROAD,20,N, ,GORGE ROAD,201414293,23/08/2014,Sat,215,DC,CE1CV,101A 112A ,M,R,D,DO,F ,T,G,C,50,0,0,1,,,1258235,5005471
Queenstown-Lakes District,SAWMILL ROAD,15,W, ,JOHNSTON PLACE,201444227,08/09/2014,Mon,845,EA,CW1C,129A ,M,R,D,B ,F , , ,N,50,0,0,0,,,1258139,5005466
Queenstown-Lakes District,SH 6,, ,A,ALBERT TOWN BR,201450980,26/12/2014,Fri,1700,MO,CN1C,310A 371A 404A ,B,R,D,B ,F , ,G,N,70,0,0,0,,,,
Queenstown-Lakes District,SPEARGRASS FLAT ROAD,, ,I,DALEFIELD ROAD,201443764,06/09/2014,Sat,2100,DC,CW1,195A 335A ,J,E,D,DN,F ,T,S,N,80,0,0,0,,,1264488,5011237
Queenstown-Lakes District,ST NINIAN WAY,, ,I,KANE ROAD,201416935,30/08/2014,Sat,1115,DB,MN2,129A 341A ,I,S,D,BF,F ,T,G,R,70,0,1,0,,,1305725,5048703
Queenstown-Lakes District,STANLEY ST,50,W, ,SH 6A,201443507,07/08/2014,Thu,1400,FD,CW1C,181A ,,R,D,OF,F , ,N,C,50,0,0,0,,,1258200,5004568
Queenstown-Lakes District,STONE RIDGE PLACE,200,N, ,GOLDFIELD HEIGHTS,201410403,31/01/2014,Fri,1945,CA,CN1,130A 423A ,EJ,R,D,O ,F , , ,N,50,0,0,1,,,1260670,5005495
Queenstown-Lakes District,STREAMSIDE LANE,90,S, ,MALAGHANS ROAD,201443513,29/07/2014,Tue,845,DA,CN1,135A 802 ,C,M,I,BN,FF, ,N,N,50,0,0,0,,,1268138,5014360
Queenstown-Lakes District,TUCKER BEACH ROAD,120,N, ,SHOTOVER DELTA ROAD,201435164,28/03/2014,Fri,2115,FA,CN1M,181A ,,M,D,DN,F , ,N,C,80,0,0,0,,,1265463,5008180
Queenstown-Lakes District,WAKATIPU HEIGHTS,, ,I,EDINBURGH DRIVE,201412676,18/04/2014,Fri,830,DA,VE2,103A 111A 131A ,C,M,W,DO,FS,T,S,C,50,0,0,1,,,1259520,5004439
Queenstown-Lakes District,WANAKA-MOUNT ASPIRING ROA,600,W, ,BILLS WAY,201415581,28/08/2014,Thu,1243,DA,MW1,129A 131A ,F,E,D,B ,F , , ,C,100,0,0,2,,,1290948,5043212
Queenstown-Lakes District,WANAKA-MOUNT ASPIRING ROA,6000,N, ,LAKE ROAD,201410884,01/01/2014,Wed,2301,BC,CE1C,104A 355A 404A 104B ,,E,D,DN,F , , ,C,100,0,2,2,,,1284414,5045468
Queenstown-Lakes District,WANAKA-MOUNT ASPIRING ROA,250,W, ,RUBY ISLAND ROAD,201411862,17/03/2014,Mon,1426,DA,CN1,129A 352A ,F,E,D,ON,F , ,N,C,100,0,0,1,,,1290425,5043856
Queenstown-Lakes District,WANAKA-MOUNT ASPIRING ROA,10,E, ,STUDHOLME ROAD,201444054,08/06/2014,Sun,500,DA,4W1,101A 137A ,P,E,D,DO,M ,Y,N,C,50,0,0,0,,,1292071,5042849
Queenstown-Lakes District,WANAKA-MOUNT ASPIRING ROA,3000,N, ,TREBLE CONE SKIFIELD ROAD,201418603,02/12/2014,Tue,1800,DA,CW1,129A 404A ,V,E,D,BN,F , ,N,N,100,0,0,1,,,1276524,5051456
Queenstown-Lakes District,WANAKA-MOUNT ASPIRING ROA,15000,N, ,TREBLE CONE SKIFIELD ROAD,201450767,22/12/2014,Mon,1525,DA,VS1,129A ,,M,D,BN,F , ,N,N,100,0,0,0,,,1273110,5062158
Queenstown-Lakes District,WEAVER ST,15,E, ,GORGE ROAD,201447485,21/11/2014,Fri,1932,MO,VW1,101A 371A 929 ,,R,D,B ,F ,D,N,C,50,0,0,0,,,1258237,5004761
Queenstown-Lakes District,WYNYARD CRESCENT,500,N, ,SCOTT PLACE,201410073,30/01/2014,Thu,2210,DA,CS1C,103A 131A ,FM,S,D,DO,F , , ,N,50,0,1,0,,,1256333,5003754
Queenstown-Lakes District,6/814/5.79,1740,N, ,CAMERON CRK BR,201413184,18/03/2014,Tue,1830,BB,CS1C,123A 386A 404A ,,E,D,B ,F , , ,C,100,0,2,1,,,1305429,5105040
Queenstown-Lakes District,6/828/12.164,100,N, ,FLAXMILL CRK BR,201411858,09/03/2014,Sun,1700,CB,CS1,410A ,F,R,D,BN,F , ,N,P,100,0,0,1,,,1296631,5088454
Queenstown-Lakes District,6/828/12.436,3000,N, ,WHARF CRK BR,201450865,16/11/2014,Sun,1714,DA,CS1,129A 134A ,T,M,D,BN,F , ,N,C,100,0,0,0,,,1296550,5088195
Queenstown-Lakes District,6/828/15.396,40,N, ,WHARF CRK BR,201412293,27/05/2014,Tue,1320,PO,ON1E,370A 386A 404A ,,R,D,B ,F , ,N,C,100,0,0,1,64,,1296037,5085432
Queenstown-Lakes District,6/828/17.469,4000,N, ,SHEEPSKIN CRK BR,201450766,16/12/2014,Tue,715,DA,CN1,129A 134A ,T,E,D,BN,F , ,N,C,100,0,0,0,,,1295326,5083563
Queenstown-Lakes District,6/828/19.282,60,N, ,BOUNDARY CRK BR,201449582,06/11/2014,Thu,1315,GE,4S1C,160A 333A 930 ,,E,D,B ,F ,D, ,C,100,0,0,0,,,1294756,5081896
Queenstown-Lakes District,6/847/3,3000,S, ,BOUNDARY CRK BR,201416852,28/10/2014,Tue,1249,DB,CN1,129A 134A 404A ,C,E,D,O ,F , ,N,C,100,0,0,1,,,1295963,5079316
Queenstown-Lakes District,6/847/6.527,1000,S, ,CAMP CRK BR,201450535,21/10/2014,Tue,1726,FA,VS1CC,181A 331A 191C ,,E,D,B ,F , ,N,C,100,0,0,0,,,1296331,5075892
Queenstown-Lakes District,6/866/14.62,200,N, ,CAPELL AVENUE,201435168,12/02/2014,Wed,1140,EC,CN1,912,W,R,D,B ,F , ,N,C,100,0,0,0,,,1302252,5053637
Queenstown-Lakes District,6/881/0.3,300,S, ,CAPELL AVENUE,201444192,25/08/2014,Mon,1930,DB,CN1,131A 195A ,V,E,D,DN,F , ,N,C,100,0,0,0,,,1302263,5053141
Queenstown-Lakes District,6/881/1.487,970,N, ,TE AWA ROAD,201415423,06/08/2014,Wed,1830,EC,CN1,341A 821 903 ,X,R,D,DN,FS, , ,C,100,0,1,0,,,1301843,5052030
Queenstown-Lakes District,6/881/2.687,230,S, ,TE AWA ROAD,201413337,31/05/2014,Sat,1100,DB,4N1,101A 111A 131A 633A ,CT,M,D,B ,F , , ,C,100,0,0,1,,,1301442,5050902
Queenstown-Lakes District,6/881/3.057,600,S, ,TE AWA ROAD,201440498,13/07/2014,Sun,2300,DA,CN1,111A 131A 404A ,,S,W,DN,F , ,N,C,80,0,0,0,,,1301185,5050655
Queenstown-Lakes District,6/881/8.066,290,S, ,DUBLIN BAY ROAD,201434983,20/04/2014,Sun,1330,CB,CN1,410A ,T,R,D,BN,F , ,N,C,100,0,0,0,,,1298510,5046840
Queenstown-Lakes District,6/881/9.426,200,N, ,WICKLOW TERRACE,201410106,03/01/2014,Fri,135,PO,VS1E,105B 722B ,,R,W,DN,H , , ,C,100,0,1,0,31,,1298104,5045543
Queenstown-Lakes District,6/881/9.535,, ,A,ALBERT TOWN BR,201450776,11/10/2014,Sat,1520,FD,4N1C,181A ,,R,D,BN,F , ,G,C,70,0,0,0,,,1298085,5045436
Queenstown-Lakes District,6/881/9.535,, ,A,ALBERT TOWN BR,201436046,02/04/2014,Wed,1455,AO,4N1S,381A ,,R,D,BN,F , ,N,C,80,0,0,0,,,1298085,5045436
Queenstown-Lakes District,6/893/0,, ,I,SH 84,201435127,03/03/2014,Mon,1722,KB,4S1VV,302B 404B ,,R,D,B ,F ,T,G,C,80,0,0,0,,,1296660,5043605
Queenstown-Lakes District,6/893/0.35,350,E, ,SH 84,201412117,02/03/2014,Sun,230,DA,VE1,103A 131A 402A ,EF,M,D,DN,F , , ,C,100,0,0,2,,,1296992,5043531
Queenstown-Lakes District,6/893/7.761,1000,S, ,AIRPORT WAY,201410407,14/01/2014,Tue,2,EC,CE1,912,W,E,D,DN,F , , ,L,100,0,0,1,,,1303296,5040247
Queenstown-Lakes District,6/893/8.41,, ,I,SH 8A,201400229,06/11/2014,Thu,1617,JA,TS1V,302B 375B 404B ,,M,D,B ,F ,T,G,R,100,3,1,1,,,1303760,5039817