TLANAME,CRASHROAD,CRASHDIST,CRASHDIRN,INTSN,SIDEROAD,CRASHID,CRASHDATE,CRASHDOW,CRASHTIME,MVMT,VEHICLES,CAUSES,OBJECTSSTRUCK,ROADCURVE,ROADWET,LIGHT,WTHRa,JUNCTYPE,TRAFCTRL,ROADMARK,SPDLIM,CRASHFATALCNT,CRASHSEVCNT,CRASHMINCNT,PERSAGE1,PERSAGE2,EASTING,NORTHING
Queenstown-Lakes District,6/901/1.796,100,N, ,KINGAN ROAD,201450073,20/09/2014,Sat,1645,JA,4N14,197A 308B 330B 929 ,,R,D,B ,F ,D,N,C,50,0,0,0,,,1304624,5038282
Queenstown-Lakes District,6/956/0.13,110,W, ,ROARING MEG,201445037,18/10/2014,Sat,1630,DA,VE1,131A 403A ,G,S,W,O ,F , ,N,C,100,0,0,0,,,1290183,5009364
Queenstown-Lakes District,6/956/0.67,650,W, ,ROARING MEG,201436124,02/05/2014,Fri,2130,DA,40,129A 131A ,,M,D,DN,F , , ,C,100,0,0,0,,,1289832,5008978
Queenstown-Lakes District,6/956/2.02,2000,S, ,ROARING MEG,201410008,01/01/2014,Wed,1430,DA,CN1,131A 801 ,C,E,W,O ,L , , ,C,100,0,0,1,,,1289667,5007665
Queenstown-Lakes District,6/956/2.02,2000,S, ,ROARING MEG,201443766,01/09/2014,Mon,1835,MC,CN1C,372B ,,E,D,TN,F , , ,L,100,0,0,0,,,1289667,5007665
Queenstown-Lakes District,6/956/2.555,2500,S, ,ROARING MEG POWER STN,201414008,03/07/2014,Thu,1342,DA,CS1,111A 400A ,C,M,D,O ,F , ,N,C,100,0,0,1,,,1289283,5007306
Queenstown-Lakes District,6/956/3.637,800,N, ,GENTLE ANNIE,201435693,09/05/2014,Fri,845,AD,CN1,111A 130A 154A 404A 801 ,C,M,W,O ,L , , ,C,100,0,0,0,,,1288423,5006727
Queenstown-Lakes District,6/956/7.844,3000,E, ,VICTORIA FLATS ROAD,201414870,18/07/2014,Fri,1750,DB,VE1,111A 131A ,C,M,I,DN,F , ,N,C,100,0,0,2,,,1288539,5002946
Queenstown-Lakes District,6/956/8.144,2700,E, ,VICTORIA FLATS ROAD,201438033,02/06/2014,Mon,935,DB,CW1,131A 404A 802 ,V,M,I,O ,FF, , ,L,100,0,0,0,,,1288299,5002804
Queenstown-Lakes District,6/956/9.755,50,N, ,VICTORIA BR,201415614,12/09/2014,Fri,1505,CB,VS1,110A ,CG,R,W,O ,L , ,N,C,100,0,1,0,,,1287489,5003721
Queenstown-Lakes District,6/956/10.344,500,S, ,VICTORIA FLATS ROAD,201432311,04/02/2014,Tue,1945,CB,CN1,129A 352A ,,R,D,B ,F , , ,C,100,0,0,0,,,1287341,5004235
Queenstown-Lakes District,6/956/11.644,800,N, ,VICTORIA FLATS ROAD,201410404,27/01/2014,Mon,1800,DA,VS1,131A 406A ,B,M,D,B ,F , , ,L,100,0,0,1,,,1286152,5004748
Queenstown-Lakes District,6/956/16.33,500,E, ,COAL PIT ROAD,201435952,02/04/2014,Wed,1655,CB,40,197A 333A ,F,R,D,BN,F , ,N,C,100,0,0,0,,,1281864,5006331
Queenstown-Lakes District,6/956/19.791,1630,E, ,BUNGY CPK,201443508,05/07/2014,Sat,625,DA,CE1,111A 131A ,C,E,D,DN,F , ,N,C,100,0,0,0,,,1278700,5007646
Queenstown-Lakes District,6/956/20.337,, ,A,GIBBSTON WINERY,201410843,05/02/2014,Wed,1315,FD,CW1CCV,181A 191B 377B 141C 372C 197D ,,R,D,B ,F , , ,L,100,0,0,3,,,1278155,5007636
Queenstown-Lakes District,6/978/0.036,, ,A,KAWARAU RIV BR,201437496,31/05/2014,Sat,1001,CA,4W1,135A 402A 802 803 ,C,R,I,B ,F , , ,C,100,0,0,0,,,1276724,5007766
Queenstown-Lakes District,6/978/0.056,20,N, ,KAWARAU RIV BR,201413581,11/08/2014,Mon,1700,LB,VE14,303B 404B 927 ,,R,W,O ,F ,D,N,C,100,0,0,2,,,1276704,5007767
Queenstown-Lakes District,6/978/0.536,500,W, ,KAWARAU RIV BR,201410761,05/03/2014,Wed,1255,BB,4W1C,123A 404A ,,E,D,B ,F , ,N,C,100,0,4,3,,,1276228,5007755
Queenstown-Lakes District,6/978/4.296,630,S, ,CROWN RANGE ROAD,201413225,01/06/2014,Sun,2108,DA,CS1,110A 135A 402A 802 905 ,FPT,M,I,DN,SF, ,N,C,100,0,0,1,,,1273625,5010268
Queenstown-Lakes District,6/978/4.626,300,S, ,CROWN RANGE ROAD,201413934,02/06/2014,Mon,1812,DB,CN1,110A 134A 802 ,,E,I,DN,FF, ,N,C,100,0,0,1,,,1273360,5010445
Queenstown-Lakes District,6/978/4.926,, ,I,CROWN RANGE ROAD,201447486,18/11/2014,Tue,1720,JA,CS1C,301B 375B ,,R,D,B ,F ,T,S,C,100,0,0,0,,,1273206,5010697
Queenstown-Lakes District,CROWN RANGE ROAD,, ,I,6/983/0,201439399,24/06/2014,Tue,1205,KB,TN1V,301B 351B ,,M,D,O ,F ,T,S,C,100,0,0,0,,,1273206,5010697
Queenstown-Lakes District,6/983/5.293,100,S, ,ALEC ROBINS ROAD,201443515,07/08/2014,Thu,2253,DA,CS1,101A 198A ,C,E,D,DN,F , ,N,L,80,0,0,0,,,1269362,5009119
Queenstown-Lakes District,6/983/6.196,, ,I,WALNUT LANE,201434172,06/04/2014,Sun,1345,GD,VE14,333A 353A ,,R,D,O ,F ,X,S,C,100,0,0,0,,,1268570,5009070
Queenstown-Lakes District,6/983/7.288,, ,I,HOWARDS DRIVE,201444431,14/09/2014,Sun,1940,DB,CW1,131A 191A 804 ,FX,R,D,DO,F ,T,G,C,100,0,0,0,,,1267564,5008646
Queenstown-Lakes District,6/983/7.288,, ,I,HOWARDS DRIVE,201438600,15/04/2014,Tue,805,FB,4N1C,331A ,,R,W,O ,L ,T,G,C,100,0,0,0,,,1267564,5008646
Queenstown-Lakes District,6/983/10.316,, ,I,GLENDA DRIVE,201437234,17/05/2014,Sat,1100,JC,CN2C,301A 375A ,,R,D,BF,F ,T,S,C,80,0,0,0,,,1264897,5007451
Queenstown-Lakes District,6/983/10.316,, ,I,GLENDA DRIVE,201415448,03/09/2014,Wed,915,JA,4S1C4,301B 363B 370B 902 ,,R,D,B ,F ,T,S,L,80,0,0,3,,,1264897,5007451
Queenstown-Lakes District,6/983/10.316,, ,I,GLENDA DRIVE,201430294,15/01/2014,Wed,1234,JA,4S1C,301B ,,R,D,B ,F ,T,S,P,80,0,0,0,,,1264897,5007451
Queenstown-Lakes District,6/983/10.316,, ,I,GLENDA DRIVE,201433905,03/04/2014,Thu,1831,FA,CN1C,181A 132B 407B ,,R,D,TN,F ,T,S,C,80,0,0,0,,,1264897,5007451
Queenstown-Lakes District,6/983/10.316,, ,I,GLENDA DRIVE,201439143,03/06/2014,Tue,1150,JA,CS14,301B 375B ,,R,D,O ,F ,T,S,C,80,0,0,0,,,1264897,5007451
Queenstown-Lakes District,6/983/10.326,10,W, ,GLENDA DRIVE,201416200,30/09/2014,Tue,1713,FD,VW14,181A 331A ,,R,D,B ,F ,T,S,C,80,0,0,1,,,1264890,5007444
Queenstown-Lakes District,6/983/10.366,50,S, ,GLENDA DRIVE,201431177,03/03/2014,Mon,1720,FD,VS1C,110A 181A ,,R,W,O ,H , ,N,C,80,0,0,0,,,1264863,5007414
Queenstown-Lakes District,6/983/11.105,500,N, ,HANSEN ROAD,201438871,07/05/2014,Wed,840,MC,CN1C,350B 372B ,,E,W,OF,L , ,N,L,100,0,0,0,,,1264348,5006885
Queenstown-Lakes District,6/983/11.207,200,W, ,GRANT ROAD,201413653,12/06/2014,Thu,1105,FA,CW14,181A 331A 191B ,,R,D,B ,F , , ,C,80,0,0,2,,,1264267,5006823
Queenstown-Lakes District,6/983/11.505,100,E, ,HANSEN ROAD,201447487,18/11/2014,Tue,810,MC,CE1C,110B 372B ,,R,D,O ,F , ,N,C,80,0,0,0,,,1264031,5006642
Queenstown-Lakes District,6/983/11.575,30,N, ,JOE OCONNELL DRIVE,201447177,23/06/2014,Mon,345,EC,XN1,915,W,R,D,DN,FF, , ,C,50,0,0,0,,,1263975,5006599
Queenstown-Lakes District,6/983/11.605,, ,I,JOE OCONNELL DRIVE,201432633,17/03/2014,Mon,1415,FB,CE1C,181A ,,R,D,O ,F ,X,G,C,50,0,0,0,,,1263952,5006581
Queenstown-Lakes District,6/983/11.919,, ,I,KAWARAU ROAD,201440332,11/07/2014,Fri,1838,KA,CE1C,302B 353B 801 ,,R,W,DO,L ,R,G,R,50,0,0,0,,,1263680,5006432
Queenstown-Lakes District,6/983/11.919,, ,I,SH 6,201447812,02/11/2014,Sun,1605,DA,CN2,103A 111A 131A ,X,S,W,OF,H ,R,G,R,50,0,0,0,,,1263678,5006426
Queenstown-Lakes District,6/996/0.061,, ,I,GRAY ST,201443566,07/08/2014,Thu,1541,LB,CN1C,303B 377B ,,R,D,ON,F ,T,G,C,50,0,0,0,,,1263693,5006363
Queenstown-Lakes District,6/996/0.68,, ,I,AIRPORT ROAD,201438017,25/05/2014,Sun,940,KA,CS1C,302B ,,E,W,O ,H ,R,G,P,70,0,0,0,,,1263924,5005793
Queenstown-Lakes District,6/996/0.68,, ,I,LUCAS PLACE,201445652,26/09/2014,Fri,1535,DA,CW2,111A 131A ,IS,M,D,O ,F ,R,G,R,70,0,0,0,,,1263920,5005783
Queenstown-Lakes District,6/996/1.504,, ,A,KAWARAU FALLS BR,201448538,26/11/2014,Wed,1410,CB,TS1,686A 818 ,B,R,D,BN,F , ,N,N,70,0,0,0,,,1263851,5005002
Queenstown-Lakes District,6/996/1.504,, ,A,KAWARAU FALLS BR,201437891,14/05/2014,Wed,933,CA,TS1,665A ,,R,D,B ,F , ,N,N,70,0,0,0,,,1263851,5005002
Queenstown-Lakes District,6/996/3.097,600,W, ,BOYD ROAD W,201447848,08/11/2014,Sat,1516,DA,MW1,135A 800 ,,S,D,BN,F , ,N,C,100,0,0,0,,,1264805,5003938
Queenstown-Lakes District,6/996/5.109,500,N, ,WOOLSHED ROAD,201435543,14/04/2014,Mon,2000,EC,CN1,915,W,R,D,DN,F , , ,C,100,0,0,0,,,1265615,5002721
Queenstown-Lakes District,6/996/14.405,400,N, ,DRIFT BAY ROAD,201443765,12/09/2014,Fri,1900,DB,CS1,111A 131A ,C,M,W,DN,L , , ,C,100,0,0,0,,,1266404,4993804
Queenstown-Lakes District,6/1011/0.04,40,S, ,WYE CRK BR,201412553,30/04/2014,Wed,445,DA,CN1,104A 111A 131A 404A 412A 818 ,EGT,M,D,DN,F , , ,C,100,0,0,2,,,1266661,4992785
Queenstown-Lakes District,6/1011/3.345,4000,S, ,DRIFT BAY ROAD,201410387,18/01/2014,Sat,1800,DA,MS1,101A 131A 352A ,,E,D,ON,F , ,N,C,100,0,0,1,,,1266113,4989626
Queenstown-Lakes District,6/1011/5.043,1400,S, ,TWO MILE CRK CV,201432453,12/02/2014,Wed,2000,DA,CN1,131A 800 ,C,E,W,TN,F , , ,C,100,0,0,0,,,1265845,4987978
Queenstown-Lakes District,6/1011/13.12,11000,N, ,GLEN NEVIS STATION ROAD,201435100,02/05/2014,Fri,1640,BC,CN1C,111A 121A ,,M,D,O ,F , ,N,C,100,0,0,0,,,1266519,4980507
Queenstown-Lakes District,6/1024/0.85,850,S, ,STAIRCASE CRK BR,201437640,06/05/2014,Tue,1030,AA,CS1C,372A 404A ,,R,D,B ,F , , ,C,100,0,0,0,,,1266879,4979572
Queenstown-Lakes District,6/1024/8.043,2800,N, ,GLEN NEVIS STATION ROAD,201400253,26/11/2014,Wed,1605,BE,MS1BM,125A 500A ,V,R,D,B ,FS, ,N,C,100,1,1,3,,,1266824,4972935
Queenstown-Lakes District,6A/0/0,, ,I,SH 6,201411238,02/03/2014,Sun,1200,GE,CE1S,173A ,,E,D,O ,F ,R,G,R,50,0,0,1,,49,1263654,5006432
Queenstown-Lakes District,6A/0/0,, ,I,KAWARAU ROAD,201445741,20/10/2014,Mon,1826,FA,CE14,181A 330A ,,R,D,O ,F ,R,G,C,50,0,0,0,,,1263654,5006432
Queenstown-Lakes District,6A/0/0.05,50,W, ,SH 6 KAWARAU,201449501,31/12/2014,Wed,1725,FA,400000000000000,181A 331A 352A 191B ,,R,D,O ,F , , ,C,50,0,0,0,,,1263605,5006425
Queenstown-Lakes District,6A/0/0.054,30,E, ,MCBRIDE ST,201432614,12/03/2014,Wed,1820,QD,CE14,330A 611A ,,R,D,B ,F ,R,G,R,50,0,0,0,,,1263601,5006424
Queenstown-Lakes District,6A/0/0.069,15,E, ,MCBRIDE ST,201430821,08/01/2014,Wed,1500,CA,4W14,129A 359A ,M,R,D,OF,F , ,N,N,50,0,0,0,,,1263586,5006422
Queenstown-Lakes District,6A/0/0.084,, ,I,MCBRIDE ST,201440867,27/07/2014,Sun,1700,KA,CW1C,302B ,,R,D,O ,F ,T,G,C,70,0,0,0,,,1263571,5006420
Queenstown-Lakes District,6A/0/1.129,20,E, ,SUGAR LANE,201416845,14/11/2014,Fri,1925,MA,BW1C,103B 140B 373B ,,R,D,B ,F , ,N,C,70,0,1,0,,,1262551,5006226
Queenstown-Lakes District,6A/0/1.164,15,W, ,MARINA DRIVE,201440085,19/07/2014,Sat,1625,EC,CW1,129A 504A ,I,R,D,OF,F , ,N,R,70,0,0,0,,,1262521,5006207
Queenstown-Lakes District,6A/0/1.627,, ,I,PERKINS ROAD,201443516,30/07/2014,Wed,1015,CB,4S1,129A 504A ,T,R,W,ON,H ,T,N,C,50,0,0,0,,,1262145,5005936
Queenstown-Lakes District,6A/0/2.252,100,W, ,MIDDLETON ROAD,201432865,21/01/2014,Tue,1347,FO,CE1C,181A 191B ,,R,D,B ,F , , ,R,70,0,0,0,,,1261567,5005723
Queenstown-Lakes District,6A/0/3.67,190,N, ,ANDREWS ROAD,201440333,14/07/2014,Mon,2105,DB,CS1,111A 131A 402A ,FP,E,D,DO,F , , ,P,70,0,0,0,,,1260415,5004939
Queenstown-Lakes District,6A/0/5.425,100,E, ,SUBURB ST,201438898,07/05/2014,Wed,850,FD,VE1VV,331A 352A ,,R,W,OF,L , ,N,C,50,0,0,0,,,1259036,5004094
Queenstown-Lakes District,6A/0/5.525,, ,I,SUBURB ST,201430919,24/01/2014,Fri,2000,GD,CW1C,333A 363A 902 ,,R,D,BF,F ,X,G,C,50,0,0,0,,,1258939,5004120
Queenstown-Lakes District,6A/0/6.16,100,S, ,BALLARAT ST,201444471,22/09/2014,Mon,1258,MO,VS14,330A 386A ,M,R,D,O ,F , , ,C,50,0,0,0,,,1258418,5004375
Queenstown-Lakes District,6A/0/6.23,30,S, ,BALLARAT ST,201410254,13/02/2014,Thu,1938,MA,SN1C,373B ,,R,W,O ,F , ,N,C,50,0,0,1,,,1258365,5004421
Queenstown-Lakes District,6A/0/6.245,15,S, ,BALLARAT ST,201450106,20/12/2014,Sat,1155,FC,CS1C,181A 331A 801 ,,R,W,O ,L , , ,X,50,0,0,0,,,1258354,5004431
Queenstown-Lakes District,6A/0/6.245,15,S, ,BALLARAT ST,201442616,26/07/2014,Sat,745,FC,4S1C,181A ,,R,D,BF,F , ,N,X,50,0,0,0,,,1258354,5004431
Queenstown-Lakes District,6A/0/6.26,, ,I,BALLARAT ST,201430093,19/01/2014,Sun,1540,GO,CN14,173A ,,R,D,BF,F ,R,G,C,50,0,0,0,,,1258342,5004440
Queenstown-Lakes District,6A/0/6.26,, ,I,BALLARAT ST,201432634,20/02/2014,Thu,1227,AO,CN1C,150A 381A ,,R,D,B ,F ,R,G,C,50,0,0,0,,,1258342,5004440
Queenstown-Lakes District,6A/0/6.26,, ,I,BALLARAT ST,201447099,13/07/2014,Sun,1728,HA,CN14,302A 353A 375A ,,R,W,DO,L ,R,G,R,50,0,0,0,,,1258342,5004440
Queenstown-Lakes District,6A/0/6.401,, ,I,SH 6A,201435581,23/03/2014,Sun,1545,GF,BN2C,179A 386A 818 ,,M,D,B ,F ,R,G,C,50,0,0,0,,,1258238,5004535
Queenstown-Lakes District,6A/0/6.401,, ,I,STANLEY ST,201440441,07/07/2014,Mon,1700,HA,VE14,302A 375A ,,M,D,TO,F ,R,G,C,50,0,0,0,,,1258238,5004535
Queenstown-Lakes District,SHOTOVER ST,, ,I,STANLEY ST,201435840,16/04/2014,Wed,1930,MG,CW14,103B 371B ,,M,D,DO,F ,R,G,R,50,0,0,0,,,1258238,5004535
Queenstown-Lakes District,6A/0/6.491,20,N, ,CAMP ST,201431095,23/02/2014,Sun,1229,AO,VS1C,150A 371B ,,M,D,O ,F , ,N,P,50,0,0,0,,,1258178,5004469
Queenstown-Lakes District,SHOTOVER ST,, ,I,CAMP ST,201438627,12/03/2014,Wed,755,HA,CN2C,302A ,,R,D,O ,F ,R,G,R,50,0,0,0,,,1258165,5004454
Queenstown-Lakes District,6A/0/6.63,30,N, ,BRECON ST,201445665,16/09/2014,Tue,1255,MA,TN1C,373B ,,R,D,O ,F , , ,C,50,0,0,0,,,1258083,5004367
Queenstown-Lakes District,6A/0/6.68,20,W, ,REES ST,201439654,12/04/2014,Sat,1307,CB,CW1,501A ,X,R,D,O ,F , , ,C,50,0,0,0,,,1258047,5004333
Queenstown-Lakes District,6A/0/6.68,20,W, ,REES ST,201443190,30/08/2014,Sat,905,MO,CE14,371A ,M,R,D,B ,F , , ,N,50,0,0,0,,,1258047,5004333
Queenstown-Lakes District,6A/0/6.808,80,N, ,BEACH ST,201435163,25/03/2014,Tue,1146,MA,CE1C,373B ,,R,W,O ,F , ,N,C,50,0,0,0,,,1257946,5004254
Queenstown-Lakes District,6A/0/6.838,50,N, ,BEACH ST,201434609,12/04/2014,Sat,2100,EA,CN14,129A ,M,R,W,DO,F , ,N,C,50,0,0,0,,,1257929,5004229
Queenstown-Lakes District,84/0/0,, ,I,SH 6,201440499,16/07/2014,Wed,750,LB,VE1C,303B 387B 402B ,,E,D,O ,F ,T,G,C,80,0,0,0,,,1296660,5043605
Queenstown-Lakes District,84/0/0,, ,I,SH 6,201416850,11/11/2014,Tue,1420,JA,CE1C,302B 375B ,,R,D,B ,F ,T,G,R,80,0,0,1,,,1296660,5043605
Queenstown-Lakes District,84/0/1.012,1130,E, ,ANDERSON ROAD,201411861,08/03/2014,Sat,1130,FD,CW14,181A ,,R,D,BN,F , ,N,L,80,0,0,1,,,1295686,5043729
Queenstown-Lakes District,84/0/1.942,200,E, ,ANDERSON ROAD,201414884,11/07/2014,Fri,1255,MA,CE1V,373B ,,E,W,ON,L , ,N,C,80,0,0,1,,,1294799,5043993
Queenstown-Lakes District,ANDERSON ROAD,, ,I,84/0/2.142,201444224,29/08/2014,Fri,1030,FB,VS1C,181A 331A ,,E,D,O ,F ,R,G,C,50,0,0,0,,,1294604,5043960
Queenstown-Lakes District,84/0/2.142,, ,I,ANDERSON ROAD,201415560,28/08/2014,Thu,1626,JA,SE14,302B 377B ,,R,D,B ,F ,R,G,C,50,0,1,0,,37,1294604,5043960
Queenstown-Lakes District,84/0/2.606,, ,I,BROWNSTON ST,201442081,18/07/2014,Fri,740,HA,CW1T,302A 375A ,,M,D,TO,FF,R,G,R,50,0,0,0,,,1294200,5043751
Queenstown-Lakes District,8A/0/12.19,4900,N, ,JOLLY ROAD,201430201,11/01/2014,Sat,1800,CB,CN1,129A 650A ,V,R,D,B ,F , , ,C,100,0,0,0,,,1310809,5037822
Queenstown-Lakes District,8A/15/3.711,100,S, ,KANE ROAD,201434982,24/04/2014,Thu,1205,FD,TN1C,181A ,,R,D,BN,F , ,N,L,100,0,0,0,,,1305592,5040377
Queenstown-Lakes District,CHURCH ROAD,, ,I,8A/15/4.293,201434449,07/04/2014,Mon,1415,KA,4N1V,302B 375B 404B ,,R,D,B ,F ,T,G,C,100,0,0,0,,,1305339,5039889
Queenstown-Lakes District,8A/15/4.293,, ,I,CHURCH ROAD,201412498,12/02/2014,Wed,1035,DC,ME1,130A 404A 804 ,,M,D,O ,F ,T,G,P,100,0,1,0,,,1305339,5039889
Rangitikei District,AGNEWS ROAD,4500,W, ,MURIMOTU ROAD,201418450,18/12/2014,Thu,833,BD,400000000000000,363A 370A 191B 370B 818 902 ,,M,D,B ,F , , ,N,100,0,2,0,,,1820129,5583382
Rangitikei District,ALDWORTH ROAD,1750,S, ,ONGO ROAD,201416454,06/10/2014,Mon,1105,EC,4N1,801 903 ,X,R,W,O ,LS, , ,C,100,0,1,0,,,1817236,5577075
Rangitikei District,ALEXANDRA ST,, ,I,KENSINGTON ROAD,201451080,24/12/2014,Wed,917,KA,CW1C,303B 375B ,,R,D,BF,F ,T,N,C,50,0,0,0,,,1803536,5560179
Rangitikei District,BOWEN ST,80,N, ,HIGH ST,201441943,16/08/2014,Sat,2300,CC,CN1,130A 404A ,P,R,D,DO,F , , ,N,50,0,0,0,,,1802637,5562004
Rangitikei District,BROADWAY,15,S, ,HAMMOND ST,201450564,19/11/2014,Wed,1636,MO,CS1VC,133A 801 903 ,M,R,W,O ,LS, , ,C,50,0,0,0,,,1802859,5562032
Rangitikei District,CALICO LINE,1200,W, ,SH 1N,201449726,11/12/2014,Thu,1310,CB,4W1,129A 410A ,V,R,D,O ,F , ,N,C,100,0,0,0,,,1805045,5561966
Rangitikei District,DEVON CRESCENT,100,E, ,KITTYHAWK ROW S,201437818,30/05/2014,Fri,2240,DA,CW1,101A 111A ,F,M,D,DN,F , ,N,N,50,0,0,0,,,1802882,5549784
Rangitikei District,GOLDFINCH ST,5,W, ,DOVE PLACE,201431507,13/01/2014,Mon,745,CB,CW1,195A ,,R,W,OF,F ,T,N,N,50,0,0,0,,,1839809,5605275
Rangitikei District,HENDERSONS LINE,, ,I,FERGUSSON ST,201430656,10/01/2014,Fri,1945,DB,CE1,111A 131A ,P,R,D,TF,F ,T,N,C,50,0,0,0,,,1802480,5560293
Rangitikei District,JEFFERSONS LINE,700,W, ,SH 1N,201449278,01/12/2014,Mon,2145,DB,CE1,111A 131A 801 ,FX,M,W,DN,L , , ,C,100,0,0,0,,,1810919,5566909
Rangitikei District,KAKA ROAD,15,E, ,EAGLE ST,201411706,12/03/2014,Wed,1645,PO,VW1K,810,,R,D,B ,F , , ,C,50,0,0,1,16,,1839864,5603891
Rangitikei District,KOEKE ROAD,2500,W, ,RONGOITI ROAD,201439940,27/05/2014,Tue,1600,CB,TW1,129A ,V,R,D,BN,F , ,N,C,100,0,0,0,,,1828762,5605157
Rangitikei District,KOEKE ROAD,4900,W, ,RONGOITI ROAD,201413903,17/05/2014,Sat,2025,DA,ME1,104A 131A ,,E,D,DN,F , ,N,C,100,0,1,0,,,1827428,5605964
Rangitikei District,LINNET ST,180,S, ,GOLDFINCH ST,201444262,10/09/2014,Wed,2040,DA,CN1,111A 131A ,C,M,D,DN,F , , ,N,50,0,0,0,,,1840051,5605015
Rangitikei District,LINNET ST,50,N, ,KOTARE ST,201450627,18/12/2014,Thu,945,EA,CN1C,386A 929 ,M,R,D,B ,F ,D,N,N,50,0,0,0,,,1839999,5604737
Rangitikei District,MAKIRIKIRI ROAD,470,E, ,GOLDINGS LINE,201410080,09/01/2014,Thu,1507,GD,CE1C,331A 351A 929 ,,R,D,B ,F ,D, ,L,100,0,2,3,,,1804067,5558150
Rangitikei District,MAKIRIKIRI ROAD,, ,I,GOLDINGS LINE,201445644,28/09/2014,Sun,137,DC,CS2,112A 130A ,V,R,W,DN,H ,T,N,C,100,0,0,0,,,1803613,5558269
Rangitikei District,MARUMARU ST,100,E, ,NGA TAWA ROAD,201430826,20/01/2014,Mon,1907,DA,CE1,103A 929 ,F,R,W,OF,L ,D,N,C,50,0,0,0,,,1803778,5560685
Rangitikei District,MATAROA ROAD,2150,E, ,RUANUI ROAD,201440624,15/02/2014,Sat,30,DB,CE1,131A 332A ,EF,M,D,DN,F , , ,C,100,0,0,0,,,1835536,5607378
Rangitikei District,MOAWHANGO VALLEY ROAD,5200,S, ,PUNGATAWA ROAD,201415796,14/07/2014,Mon,650,CC,CS1,102A 414A ,F,R,D,DN,F , ,G,N,100,0,1,0,,,1849927,5606756
Rangitikei District,NEUMANS LINE,430,S, ,WANGANUI ROAD,201412824,02/05/2014,Fri,635,QC,CS1,112A 321A 335A 351A ,FN,R,D,TN,F , ,S,C,100,0,1,0,,,1800624,5562008
Rangitikei District,NGA TAWA ROAD,520,S, ,CALICO LINE,201443343,07/06/2014,Sat,1340,DA,CS1,103A 111A 402A ,V,M,D,O ,F , ,N,C,100,0,0,0,,,1804073,5561692
Rangitikei District,ONGO ROAD,, ,I,BRUCE ST,201432724,26/02/2014,Wed,1810,DA,CN2,111A 131A ,T,S,D,B ,F ,T,N,C,50,0,0,0,,,1819091,5576386
Rangitikei District,PAPAKAI ROAD,600,E, ,HAUTAPU ST,201411197,02/03/2014,Sun,1510,DA,MW1C,102A 120A 197A ,,S,D,B ,F , , ,C,100,0,0,1,,,1840655,5604685
Rangitikei District,PAREWANUI ROAD,1800,W, ,BRANDON HALL ROAD,201417477,09/11/2014,Sun,940,DA,CE1,111A 131A ,C,S,D,ON,F , ,N,C,80,0,0,1,,,1800317,5548381
Rangitikei District,PAREWANUI ROAD,1260,S, ,DALRYMPLES ROAD,201441473,13/07/2014,Sun,730,DA,4N1,131A 350A ,P,E,W,B ,F , ,N,C,100,0,0,0,,,1796549,5542953
Rangitikei District,PAREWANUI ROAD,230,N, ,PUKEHOU ROAD,201400259,05/12/2014,Fri,1720,DA,CN1,101A 111A ,F,M,D,B ,F , ,N,C,100,1,1,0,,,1797713,5546225
Rangitikei District,PAREWANUI ROAD,1350,W, ,SYMES ROAD,201439997,26/06/2014,Thu,810,BB,CW1C,129A 404A ,,M,W,BN,M , ,N,C,100,0,0,0,,,1791715,5538299
Rangitikei District,POTAKA ST,20,E, ,MAIN ST,201438877,20/05/2014,Tue,715,MO,OW1C,129A ,M,R,D,DO,F , ,N,C,50,0,0,0,,,1803635,5560475
Rangitikei District,PUKEPAPA ROAD,400,S, ,HENDERSONS LINE,201414178,05/07/2014,Sat,2342,CB,CN1,103A 129A ,V,R,D,DN,F , ,N,C,100,0,0,1,,,1801777,5560066
Rangitikei District,PUKEPAPA ROAD,, ,I,RUSSELL ST,201437606,28/05/2014,Wed,1208,JA,VS1C,197A 111B 303B 370B ,,R,D,O ,F ,T,N,C,50,0,0,0,,,1802112,5561328
Rangitikei District,PUKEPAPA ROAD,1000,S, ,WHALES LINE,201410081,11/02/2014,Tue,1250,CB,CS1,130A 622A ,F,R,D,O ,F , , ,C,100,0,1,0,,,1800788,5556359
Rangitikei District,ROBIN ST,, ,I,KUKU ST,201410025,10/02/2014,Mon,740,MO,4S1S,204B 312B 839 ,,R,D,O ,F ,T,G,C,50,0,0,1,,10,1839949,5604053
Rangitikei District,SCOTTS ROAD,720,S, ,TURAKINA BEACH ROAD,201418272,01/12/2014,Mon,1525,BB,MS1C,123A 378A 402A 836 ,,M,D,B ,F , , ,N,100,0,1,0,,,1787992,5563717