TLANAME,CRASHROAD,CRASHDIST,CRASHDIRN,INTSN,SIDEROAD,CRASHID,CRASHDATE,CRASHDOW,CRASHTIME,MVMT,VEHICLES,CAUSES,OBJECTSSTRUCK,ROADCURVE,ROADWET,LIGHT,WTHRa,JUNCTYPE,TRAFCTRL,ROADMARK,SPDLIM,CRASHFATALCNT,CRASHSEVCNT,CRASHMINCNT,PERSAGE1,PERSAGE2,EASTING,NORTHING
Rangitikei District,SPOONERS HILL ROAD,1000,S, ,PUNGATAWA ROAD,201433724,29/03/2014,Sat,2230,DA,VN1,103A 131A ,EGT,E,D,DN,F , , ,N,100,0,0,0,,,1840933,5606703
Rangitikei District,SWAN ST,90,N, ,KIWI ROAD,201445722,21/10/2014,Tue,1859,DA,CS1,103A 402A ,CG,S,D,B ,F , ,N,C,50,0,0,0,,,1839794,5604434
Rangitikei District,SWAN ST,200,W, ,PUKEKO ST,201445027,13/10/2014,Mon,1700,QD,CE1C,330A 611A ,M,R,D,B ,F , ,N,N,50,0,0,0,,,1839444,5604563
Rangitikei District,TAIHAPE-NAPIER ROAD,3270,N, ,MAKOKOMIKO ROAD,201400001,02/01/2014,Thu,1255,BB,VN1M,123A 378A ,,M,D,O ,F , , ,C,100,1,0,0,,,1848778,5619636
Rangitikei District,TAIHAPE-NAPIER ROAD,350,W, ,MAKOKOMIKO ROAD,201431517,22/01/2014,Wed,1455,MO,CW1C,420B 517B ,,R,D,BN,F , , ,C,100,0,0,0,,,1847463,5617746
Rangitikei District,TURAKINA VALLEY ROAD,6900,E, ,MANGAHOE ROAD,201446413,04/08/2014,Mon,1630,BF,VS1V,132A 407A ,,M,W,ON,F , ,N,N,100,0,0,0,,,1805728,5582235
Rangitikei District,TURAKINA VALLEY ROAD,110,S, ,RUANUI ROAD,201417754,25/08/2014,Mon,1230,DA,TN1,111A 131A 402A ,G,M,D,B ,F , ,N,N,100,0,0,2,,,1821159,5612607
Rangitikei District,TURAKINA VALLEY ROAD,660,E, ,SH 3,201411885,27/02/2014,Thu,950,CB,4W1,137A 195A ,F,R,D,BN,F , ,N,C,100,0,0,1,,,1789283,5565897
Rangitikei District,WANGANUI ROAD,120,E, ,GOWERS ROAD,201413707,23/05/2014,Fri,1110,BC,CW1V,129A 357A ,,M,W,ON,LS, ,N,L,100,0,1,0,,,1792705,5564037
Rangitikei District,WANGANUI ROAD,, ,I,PUKEPAPA ROAD,201432723,26/02/2014,Wed,1050,HA,VE1C,321B 350B ,,R,D,B ,F ,X,S,C,50,0,0,0,,,1802297,5562014
Rangitikei District,WANGANUI ROAD,150,W, ,UNION LINE,201417791,25/09/2014,Thu,800,CB,CW1,410A 500A ,PT,R,D,B ,F , ,N,C,100,0,0,1,,,1797474,5563208
Rangitikei District,WANGANUI ROAD,400,W, ,WILLIAMSONS LINE,201449720,06/12/2014,Sat,2210,EC,CW1,341A ,DX,R,D,DN,F , ,N,C,100,0,0,0,,,1798775,5562890
Rangitikei District,WELLINGTON ROAD,100,N, ,HAWKESTONE ROAD,201434434,19/04/2014,Sat,415,CC,CN1,410A ,FT,R,D,DO,F , , ,C,70,0,0,0,,,1803028,5559332
Rangitikei District,WELLINGTON ROAD,50,N, ,HEREFORD ST,201431315,31/01/2014,Fri,1047,CA,CS1C,130A ,M,R,D,BF,F , ,N,C,50,0,0,0,,,1802822,5561810
Rangitikei District,WELLINGTON ROAD,, ,I,MAKIRIKIRI ROAD,201431731,07/01/2014,Tue,1700,HA,CS1C,301B 375B 801 ,,R,W,O ,L ,X,S,R,100,0,0,0,,,1803105,5558449
Rangitikei District,WELLINGTON ROAD,, ,I,MAKIRIKIRI ROAD,201418861,23/12/2014,Tue,1634,HA,CN1C,301B 375B ,,R,D,BF,F ,X,S,R,100,0,0,1,,,1803105,5558449
Rangitikei District,WELLINGTON ROAD,10,N, ,MILL ST,201443342,20/08/2014,Wed,1105,EO,TN1,385A 680A ,B,R,D,B ,F ,T,N,C,50,0,0,0,,,1802865,5560738
Rangitikei District,WELLINGTON ROAD,220,S, ,MILL ST,201433639,16/03/2014,Sun,1415,MD,CS1C,130B 308B 371B 929 ,F,R,D,B ,F ,D, ,C,50,0,0,0,,,1802879,5560508
Rangitikei District,WELLINGTON ROAD,, ,I,MILL ST,201445972,01/10/2014,Wed,113,DC,CE2,112A 130A ,CF,R,D,DO,F ,T,G,C,50,0,0,0,,,1802865,5560728
Rangitikei District,WELLINGTON ROAD,150,N, ,STATION ROAD,201434435,10/04/2014,Thu,1527,FC,CS1C,331A 352A ,,R,D,O ,F , , ,X,50,0,0,0,,,1802869,5561069
Rangitikei District,WELLINGTON ROAD,, ,I,STATION ROAD EAST,201444510,07/09/2014,Sun,1505,DA,CW2,133A 402A ,F,R,D,B ,F ,T,S,C,50,0,0,0,,,1802867,5560920
Rangitikei District,WELLINGTON ROAD,1100,S, ,WHALES LINE,201434574,14/03/2014,Fri,1245,DB,CN1,133A 427A ,C,E,D,BN,F , ,N,C,100,0,0,0,,,1804477,5555759
Rangitikei District,WILSON ST,, ,I,BULL ST,201444285,24/08/2014,Sun,1634,DB,CN2,103A 131A 433A ,F,R,D,B ,F ,T,N,C,50,0,0,0,,,1803322,5550637
Rangitikei District,1N/815/8.286,600,S, ,WAIARUHE ROAD,201435131,07/04/2014,Mon,1800,DA,CS1,135A 801 806 ,FS,E,W,O ,L , ,N,C,100,0,0,0,,,1830757,5619150
Rangitikei District,1N/815/11.082,200,N, ,DEACONS ROAD,201417338,09/11/2014,Sun,1501,DA,CS1,131A 350A ,C,E,D,B ,F , , ,C,100,0,0,2,,,1831755,5616986
Rangitikei District,1N/828/2.833,2000,N, ,SPOONERS HILL ROAD,201444511,26/09/2014,Fri,500,DA,CS1,410A ,F,E,D,DN,F , , ,C,100,0,0,0,,,1835380,5614237
Rangitikei District,1N/828/4.583,250,N, ,SPOONERS HILL ROAD,201440681,21/07/2014,Mon,949,CB,CW1,130A 358A 407A ,F,R,W,O ,F , , ,C,100,0,0,0,,,1836989,5613820
Rangitikei District,1N/828/5.833,1000,S, ,SPOONERS HILL ROAD,201411808,07/03/2014,Fri,1915,CC,CS1,129A 350A ,C,R,D,TN,F , ,N,L,100,0,0,2,,,1837188,5612870
Rangitikei District,1N/828/11.277,, ,I,MATAROA ROAD,201442950,25/08/2014,Mon,1605,JA,CN1V,130A 191A 197A 301B 375B ,V,R,D,B ,F ,T,S,C,100,0,0,0,,,1837504,5607821
Rangitikei District,ABATTOIR ROAD,, ,I,1N/828/13.329,201446615,27/10/2014,Mon,2100,DB,CS2,111A 131A ,FZ,M,W,DN,L ,T,G,L,100,0,0,0,,,1838599,5606198
Rangitikei District,1N/842/1.062,20,E, ,LINNET ST,201410512,12/01/2014,Sun,1355,FD,CE1CC,181A ,,R,D,BF,F , ,N,C,50,0,0,2,,,1839916,5604472
Rangitikei District,1N/842/1.164,, ,I,SH 1N,201434585,05/03/2014,Wed,1700,GF,TE2C,381A 671A ,,R,W,OF,L ,T,N,C,50,0,0,0,,,1840012,5604436
Rangitikei District,1N/842/1.376,, ,I,TUI ST,201418163,11/12/2014,Thu,1420,FA,4S1C,181A 331A 350A ,,R,D,O ,F ,X,G,X,50,0,0,2,,,1840055,5604244
Rangitikei District,1N/842/1.477,20,N, ,KUKU ST,201450815,27/12/2014,Sat,1545,FD,VN1CCC,181A ,,R,D,BF,F , ,N,C,50,0,0,0,,,1840100,5604154
Rangitikei District,1N/842/2.418,400,N, ,RAUMA ROAD,201440800,13/07/2014,Sun,1200,DB,4N1,131A 810 ,C,M,D,B ,F , , ,C,100,0,0,0,,,1840476,5603429
Rangitikei District,1N/842/3.078,260,S, ,MANGAONE VALLEY ROAD,201411193,16/03/2014,Sun,10,DA,VN1,103A 131A 410A 532A ,F,E,D,TN,F , , ,L,100,0,1,1,,,1840822,5602972
Rangitikei District,1N/842/4.818,2000,S, ,RAUMA ROAD,201416377,24/10/2014,Fri,1745,BE,CS14,125A 613A ,,R,W,O ,F , ,N,C,100,0,0,1,,,1842235,5601978
Rangitikei District,1N/842/5.569,2000,N, ,GORGE ROAD,201434072,18/04/2014,Fri,1645,CB,CN1,129A 134A ,,R,D,TN,F , ,N,C,100,0,0,0,,,1842647,5601353
Rangitikei District,1N/842/6.719,850,N, ,GORGE ROAD,201413064,23/05/2014,Fri,1033,CB,CN1,112A 129A ,C,R,W,ON,L , ,N,C,100,0,0,1,,,1843253,5600375
Rangitikei District,1N/842/9.182,10,N, ,HUIA ST S,201415366,26/08/2014,Tue,548,DB,VS1,131A 687A ,PV,E,D,DN,F ,T,N,C,100,0,0,1,,,1843710,5597971
Rangitikei District,1N/855/3.991,350,S, ,MANUI ROAD,201434771,11/04/2014,Fri,1020,EC,CN1,136A 823 ,FL,R,W,ON,H , ,N,L,100,0,0,0,,,1839063,5593547
Rangitikei District,1N/855/5.641,2000,S, ,MANUI ROAD,201414556,20/06/2014,Fri,915,CC,CN1,410A 801 ,EFZ,R,W,O ,L , , ,C,100,0,1,0,,,1838513,5592041
Rangitikei District,1N/855/8.056,500,N, ,RUAHINE ROAD,201450816,07/12/2014,Sun,1230,GC,TS1C,303B 372B 929 ,,E,D,BN,F ,D,N,C,100,0,0,0,,,1839563,5590221
Rangitikei District,1N/865/0.643,100,S, ,MANGARERE ROAD,201450814,27/12/2014,Sat,738,EC,TN1,336A 350A ,S,R,D,BF,F , ,T,C,90,0,0,0,,,1837942,5588731
Rangitikei District,1N/865/0.693,150,S, ,MANGARERE ROAD,201436239,01/04/2014,Tue,1205,FA,TS1V,181A ,,R,D,B ,F , ,S,L,100,0,0,0,,,1837913,5588690
Rangitikei District,1N/865/1.213,670,S, ,MANGARERE ROAD,201433638,01/04/2014,Tue,2200,DA,CN1,131A 412A ,G,M,D,DN,F , , ,C,100,0,0,0,,,1837630,5588255
Rangitikei District,1N/865/1.223,680,S, ,MANGARERE ROAD,201413022,16/03/2014,Sun,1616,DA,CN1,410A ,G,M,D,BN,F , ,N,C,100,0,0,1,,,1837627,5588246
Rangitikei District,1N/865/4.58,200,W, ,WESTON ROAD,201417752,21/12/2014,Sun,1505,CC,CW1,137A 195A 330A ,CT,R,D,B ,F , ,N,L,100,0,0,2,,,1835974,5586572
Rangitikei District,1N/865/7.885,1000,E, ,OTARA ROAD,201434442,07/02/2014,Fri,35,CB,CW1,410A ,F,R,D,DN,F , , ,C,100,0,0,0,,,1833368,5584907
Rangitikei District,1N/865/10.269,390,W, ,ONSLOW ST EAST,201446414,19/09/2014,Fri,138,CB,TW1,129A 358A ,,R,W,DO,H , ,N,C,100,0,0,0,,,1831245,5583830
Rangitikei District,1N/865/14.087,1000,N, ,KIE KIE ROAD,201450460,19/12/2014,Fri,1327,AO,CS1T,372A ,,R,D,BN,F , ,N,L,100,0,0,0,,,1828495,5581672
Rangitikei District,1N/865/15.112,25,W, ,KIE KIE ROAD,201415605,06/09/2014,Sat,1945,DB,CW1,111A 332A ,FP,E,D,DO,F ,T,G,C,100,0,0,1,,,1827720,5581029
Rangitikei District,1N/865/16.647,1100,N, ,ROWES ROAD,201449658,16/12/2014,Tue,925,GC,VS1C,191A 174B 330B 404B 929 ,,R,D,B ,F ,D,N,C,100,0,0,0,,,1826587,5579993
Rangitikei District,1N/885/0,, ,I,SH 54,201410679,04/03/2014,Tue,1825,KB,VN1V,302B 375B ,,E,D,O ,F ,T,G,C,100,0,0,1,,,1824753,5577345
Rangitikei District,1N/885/1.1,1100,S, ,SH 54,201411588,02/03/2014,Sun,2105,BB,CS14,129A ,,M,D,DN,F , ,N,C,100,0,0,1,,,1823700,5577345
Rangitikei District,1N/885/2,2000,S, ,SH 54,201418570,21/12/2014,Sun,150,DA,CN1,103A ,C,M,W,DN,L , ,N,L,100,0,0,1,,,1822893,5577261
Rangitikei District,1N/885/3.463,100,E, ,MURIMOTU ROAD,201443292,30/08/2014,Sat,1610,DB,CW1,111A 131A 402A ,F,M,D,B ,F , , ,C,100,0,0,0,,,1821507,5577637
Rangitikei District,1N/885/6.107,, ,I,BRUCE ST,201445453,01/10/2014,Wed,1210,HA,CS1C,302B ,,M,D,B ,F ,X,G,C,50,0,0,0,,,1819494,5576134
Rangitikei District,1N/885/6.117,10,S, ,BRUCE ST,201445751,23/10/2014,Thu,1255,MA,CN14,373B ,,R,D,B ,F ,X,G,C,50,0,0,0,,,1819493,5576124
Rangitikei District,1N/885/6.197,90,S, ,BRUCE ST,201431726,27/01/2014,Mon,850,MO,TS1,385A 922 ,C,R,D,B ,F ,D, ,C,50,0,0,0,,,1819483,5576044
Rangitikei District,1N/885/11.602,200,N, ,ALDWORTH ROAD,201414612,12/06/2014,Thu,2358,DA,ON1,136A 631A ,B,E,D,DN,F , , ,C,100,0,1,0,,,1815828,5573129
Rangitikei District,1N/901/1.487,2350,N, ,JEFFERSONS LINE,201444198,30/08/2014,Sat,1915,CB,CS1,103A 130A ,V,R,D,DN,F , ,N,C,100,0,0,0,,,1813383,5568339
Rangitikei District,1N/901/3.857,20,S, ,JEFFERSONS LINE,201414184,07/06/2014,Sat,1740,CB,CS1,129A ,C,R,D,DO,F , ,N,C,100,0,1,0,,,1811527,5566872
Rangitikei District,1N/901/7.54,500,S, ,NORWOOD LANE,201445677,15/08/2014,Fri,1925,CA,TS1,130A ,,R,W,DN,F , , ,C,100,0,0,0,,,1808392,5565169
Rangitikei District,1N/901/8.04,1000,S, ,NORWOOD LANE,201442954,07/08/2014,Thu,2320,EC,TN1,912,W,R,D,DN,F , , ,C,100,0,0,0,,,1808139,5564737
Rangitikei District,1N/914/1.707,, ,I,MAKIRIKIRI ROAD,201449371,13/12/2014,Sat,1255,JA,VN1C,302B 375B ,,R,D,B ,F ,T,G,R,100,0,0,0,,,1805949,5557647
Rangitikei District,1N/914/2.731,, ,I,KAKARIKI ROAD,201432066,24/01/2014,Fri,1507,KB,CN1C,302B 370B ,,R,D,BF,F ,T,G,R,100,0,0,0,,,1806079,5556632
Rangitikei District,1N/914/5.526,250,S, ,WELLINGTON ROAD,201443170,01/09/2014,Mon,1815,QG,CS1,665A ,V,E,D,DN,F , , ,C,100,0,0,0,,,1805939,5553912
Rangitikei District,1N/914/10.088,30,S, ,DANIELL ST,201411589,10/02/2014,Mon,1200,DA,CS1,131A 410A ,P,E,D,OF,F , ,N,C,50,0,0,1,,,1803229,5550245
Rangitikei District,HIGH ST,, ,I,1N/914/10.282,201444673,26/09/2014,Fri,1600,KA,VN1C,302B 375B ,,R,D,B ,F ,X,G,C,50,0,0,0,,,1803065,5550143
Rangitikei District,1N/925/0.11,110,S, ,HIGH ST,201434584,10/02/2014,Mon,1445,QG,4N1T,682A ,,R,D,OF,F , ,N,P,50,0,0,0,,,1803074,5550033
Rangitikei District,1N/925/0.199,50,S, ,DALZIEL ST,201434085,20/04/2014,Sun,2305,MO,CN1,103A 371A 922 ,,R,D,DO,F ,D,N,N,50,0,0,0,,,1803081,5549944
Rangitikei District,1N/925/0.239,90,S, ,DALZIEL ST,201411107,19/03/2014,Wed,1714,FD,CN1C,331A 427A ,,R,D,B ,F , , ,L,50,0,0,2,,,1803084,5549904
Rangitikei District,1N/925/0.249,100,S, ,DALZIEL ST,201450811,29/12/2014,Mon,1719,FB,CW1C,181A 922 ,,R,D,BF,F ,D,N,C,50,0,0,0,,,1803085,5549894
Rangitikei District,1N/925/0.414,100,N, ,WARD ST,201443530,22/07/2014,Tue,2015,EC,CN1,911,W,R,D,DN,F , ,N,C,100,0,0,0,,,1803098,5549730
Rangitikei District,1N/925/1.382,200,N, ,RANGITIKEI RIV BR,201431505,06/01/2014,Mon,2000,CB,CS1,130A ,,R,D,DN,F , ,N,N,100,0,0,0,,,1803242,5548774
Rangitikei District,3/415/0.522,140,S, ,WHANGAEHU BEACH ROAD,201436717,14/05/2014,Wed,1750,GE,CS1C,160A 381B 929 ,,M,W,DN,F ,D,N,C,100,0,0,0,,,1785132,5568983
Rangitikei District,3/415/2.504,1460,W, ,REYNOLDS ROAD,201414150,16/05/2014,Fri,1925,EC,CE1,822,L,M,D,DN,F , ,N,C,100,0,0,2,,,1786081,5567321
Rangitikei District,3/415/6.841,20,N, ,WANGANUI ROAD,201400052,10/03/2014,Mon,2310,NA,TN1E,505B 711B 724B ,,R,D,DO,F , , ,C,70,1,0,0,27,,1788897,5564695
Rangitikei District,3/415/7.191,100,N, ,EDENMORE ROAD N,201435849,01/04/2014,Tue,754,CB,CN1,130A 358A ,F,R,D,OF,M , ,N,C,100,0,0,0,,,1789109,5564418
Rangitikei District,3/415/11.32,1000,W, ,MAKIRIKIRI ROAD,201433776,31/01/2014,Fri,2130,GE,CW1V,372B 410B 929 ,,R,D,DN,F ,D,N,C,100,0,0,0,,,1791150,5561070
Rangitikei District,3/415/11.82,500,W, ,MAKIRIKIRI ROAD,201413061,27/04/2014,Sun,2030,BE,CE1V,129A 410A ,,R,W,DN,L , ,N,C,100,0,1,0,,,1791597,5560846
Rangitikei District,3/432/5.006,, ,I,PUKEPAPA ROAD,201416775,26/10/2014,Sun,1540,DA,TS1,129A 131A ,PS,E,D,O ,FS,T,S,C,100,0,0,1,,,1800557,5555706
Rangitikei District,3/432/5.259,180,E, ,PUKEPAPA ROAD EXTENSION,201434436,31/03/2014,Mon,729,CB,CN1,410A ,FP,R,D,B ,F , , ,L,100,0,0,0,,,1800709,5555503
Rangitikei District,3/432/8.87,, ,I,MCHARDIE ROAD,201437608,04/05/2014,Sun,1810,GB,CN1C,158A 191A 333A 335B 372B 402B 671B +,S,R,D,DN,F ,T,S,L,100,0,0,0,,,1802520,5552417
Rangitikei District,3/432/9.14,210,S, ,VILES ROAD,201449369,29/11/2014,Sat,1420,QG,VN1,130A 903 ,,R,D,B ,FS, , ,C,100,0,0,0,,,1802602,5552160
Rangitikei District,3/432/10.744,20,S, ,FLOWER ST,201448432,01/11/2014,Sat,1430,CC,4N1,130A 410A ,FX,R,D,BF,F , ,N,C,50,0,0,0,,,1803022,5550620
Rangitikei District,3/432/11.223,, ,I,SH 1N,201443528,25/05/2014,Sun,1330,HA,CN1C,302B 375B ,,R,D,OF,F ,X,G,C,50,0,0,0,,,1803065,5550143
Rangitikei District,3/432/11.223,, ,I,SH 1N,201411590,14/03/2014,Fri,1505,HA,4S1CC,302B 375B ,Q,R,D,BF,F ,X,G,R,50,0,0,1,,,1803065,5550143
Rotorua District,ANN ST,, ,I,PERERIKA ST,201437570,20/03/2014,Thu,1015,FB,CN1C,331A ,,R,D,B ,F ,T,S,C,50,0,0,0,,,1883841,5773605
Rotorua District,AQUARIUS DRIVE,, ,I,VIRGO PLACE,201440826,27/07/2014,Sun,1245,CA,CS1,130A 402A 430A ,T,R,D,B ,F ,T,N,L,50,0,0,0,,,1883499,5777029
Rotorua District,ARAWA ST,15,W, ,FENTON ST,201437734,01/06/2014,Sun,1210,FD,CE1CC,103A 331A ,,R,D,BF,F ,R,G, ,50,0,0,0,,,1885165,5774216
Rotorua District,ARAWA ST,, ,I,PUKEROA ST,201411896,17/02/2014,Mon,1730,FA,CW1S,181A ,,R,D,BF,F ,T,G,R,50,0,0,1,,43,1884687,5774233
Rotorua District,ARAWA ST,10,E, ,RANGIURU ST,201436689,23/05/2014,Fri,2029,MO,CN1C,103A 386A ,,R,D,DO,F ,T,G,R,50,0,0,0,,,1884871,5774228
Rotorua District,ARAWA ST,, ,I,RANOLF ST,201439971,04/07/2014,Fri,2010,LB,CS2C,302A ,,M,D,DO,F ,R,G,C,50,0,0,0,,,1884604,5774225
Rotorua District,BARRON CRESCENT,, ,I,COMPTON ST E,201450875,08/12/2014,Mon,1715,JA,CW1C,375B ,,R,D,BF,F ,T,N,L,50,0,0,0,,,1885573,5771876
Rotorua District,BIAK ST,5,N, ,GILLTRAP ST,201413616,12/05/2014,Mon,1400,MC,MN1C,372B 404B ,,R,D,O ,F ,T,G,C,50,0,0,1,,,1883581,5774716
Rotorua District,BIAK ST,, ,I,GILLTRAP ST,201417157,22/11/2014,Sat,1024,LB,MN1C,303B ,,R,D,B ,F ,T,S,N,50,0,1,0,,,1883582,5774711
Rotorua District,BIDOIS ROAD,80,E, ,SH 5,201446797,08/11/2014,Sat,2336,MG,CE1C,357B 371B 517B ,,R,D,DO,F , ,N,C,50,0,0,0,,,1883056,5776134
Rotorua District,BRENT ROAD,15,N, ,MOREY ST,201438423,13/06/2014,Fri,1520,EO,TN1V4,663A ,M,R,D,O ,F , , ,C,50,0,0,0,,,1889216,5773637
Rotorua District,BROADLANDS ROAD,270,S, ,GUTHRIE ROAD,201437422,29/05/2014,Thu,1455,CB,4N1,501A ,FS,R,D,O ,F , , ,C,50,0,0,0,,,1891446,5740286
Rotorua District,BROOKLAND ROAD,, ,I,CLAYTON ROAD,201437572,22/05/2014,Thu,1212,FB,CS1M,112A 331A ,,R,D,B ,F ,T,G,C,50,0,0,0,,,1882257,5774923
Rotorua District,BROOKLAND ROAD,, ,I,PARK ROAD,201415009,15/08/2014,Fri,2317,DB,MW1,103A 111A 131A 514A ,K,M,D,DO,F ,T,G,C,50,0,0,1,,,1881964,5775435
Rotorua District,BRYCE ROAD,30,N, ,BARBER ROAD,201434544,10/04/2014,Thu,1930,DA,CS1,135A 402A 801 ,E,M,W,ON,H , ,N,C,100,0,0,0,,,1881966,5762897
Rotorua District,CENTRAL ROAD,300,N, ,JACKSON ROAD,201450061,28/11/2014,Fri,820,DA,CS1,131A 352A ,,E,W,O ,LS, , ,C,100,0,0,0,,,1880639,5785717
Rotorua District,CLAYTON ROAD,, ,I,EDMUND ROAD,201437728,01/06/2014,Sun,1340,KA,CW1V,321A ,,R,D,B ,F ,T,S,P,50,0,0,0,,,1881634,5774785
Rotorua District,CLAYTON ROAD,10,W, ,SH 5,201411178,29/03/2014,Sat,900,FE,VE1T,103A 331A ,,R,D,B ,F ,X,T,R,50,0,0,1,,,1883233,5775409
Rotorua District,CLAYTON ROAD,50,E, ,STEELES LANE,201436879,28/05/2014,Wed,800,FD,CN1CB,181A 331A 358A 402A 331B 363B 902 ,,R,D,B ,F , , ,C,50,0,0,0,,,1882938,5775341
Rotorua District,CLAYTON ROAD,30,E, ,SUSAN ST,201412327,07/04/2014,Mon,827,NA,CE1E,712B 713B 727B ,,E,D,O ,F , , ,C,50,0,1,0,5,,1880771,5774709
Rotorua District,DANSEY ROAD,200,E, ,OLDS ROAD,201447331,15/11/2014,Sat,1720,BE,CW1V,125A 358A ,,R,W,TF,HS, ,N,C,100,0,0,0,,,1872248,5779381
Rotorua District,EDMUND ROAD,, ,I,ALISON ST,201438875,05/06/2014,Thu,205,DA,CW2,103A 645A ,R,E,D,DO,F ,T,S,C,50,0,0,0,,,1881666,5774357
Rotorua District,EDMUND ROAD,20,S, ,CLAYTON ROAD,201433495,27/03/2014,Thu,800,GA,MS1V,333A 352A 929 ,,R,D,BF,F ,D,N,L,50,0,0,0,,,1881636,5774765
Rotorua District,EDMUND ROAD,15,N, ,HOMEDALE ST,201449674,31/12/2014,Wed,1705,MF,CS1C,330B 371B ,,R,D,B ,F , , ,P,50,0,0,0,,,1881732,5774179
Rotorua District,EMERALD ST,, ,I,SUSAN ST,201437730,01/06/2014,Sun,2110,DB,CS2,111A 131A 524A ,FPT,E,D,DO,F ,T,G,N,50,0,0,0,,,1881039,5774392
Rotorua District,ERUERA ST,, ,I,FENTON ST,201449280,23/12/2014,Tue,1130,JA,CS24,302B ,,R,D,B ,F ,X,G,R,50,0,0,0,,,1885176,5773773
Rotorua District,ERUERA ST,, ,I,HINEMARU ST,201437733,08/06/2014,Sun,2300,HA,CW1C,302A 335A 404A 410A 901 ,,R,W,DO,H ,X,G,R,50,0,0,0,,,1885327,5773768
Rotorua District,ERUERA ST,100,W, ,TUTANEKAI ST,201442244,27/08/2014,Wed,1240,MO,CW1C,371A 445B ,M,R,D,B ,F , , ,C,50,0,0,0,,,1884877,5773784
Rotorua District,FENTON ST,, ,I,DEVON ST,201430549,31/01/2014,Fri,1840,JA,MN1C,302B ,,R,D,B ,F ,R,G,R,60,0,0,0,,,1885116,5772150
Rotorua District,FENTON ST,, ,I,DEVON ST,201439268,25/06/2014,Wed,2010,JA,CN1C,302B ,,R,W,DO,L ,R,G,R,60,0,0,0,,,1885116,5772150
Rotorua District,FENTON ST,, ,I,DEVON ST,201415994,24/09/2014,Wed,1646,LB,CN1S,112A 302A 370A 902 ,,R,D,B ,F ,R,G,R,60,0,0,1,,43,1885116,5772150
Rotorua District,FENTON ST,, ,I,ERUERA ST,201451085,18/12/2014,Thu,1710,AC,CS14,372A ,,R,D,OF,F ,X,T,R,50,0,0,0,,,1885176,5773773
Rotorua District,FENTON ST,, ,I,ERUERA ST,201442203,26/08/2014,Tue,1510,HA,CS1C,302B 370B ,,R,D,B ,F ,X,G,R,50,0,0,0,,,1885176,5773773
Rotorua District,FENTON ST,, ,I,HAUPAPA ST,201410977,05/02/2014,Wed,1230,NF,CE2E,341A ,,R,D,BF,F ,X,G,R,50,0,0,1,33,,1885186,5774105
Rotorua District,FENTON ST,10,S, ,HINEMOA ST,201432930,12/02/2014,Wed,1645,FE,CN1C,331A ,,R,D,B ,F ,X,T,R,50,0,0,0,,,1885180,5773874
Rotorua District,FENTON ST,, ,I,HINEMOA ST,201413403,10/06/2014,Tue,1225,HA,CS14,322A 334A ,,R,W,O ,L ,X,T,R,50,0,0,1,,,1885180,5773884
Rotorua District,FENTON ST,, ,I,MALFROY ROAD,201415531,03/09/2014,Wed,1405,KA,SN1C,302B 330B 370B ,,R,D,B ,F ,T,G,R,50,0,0,1,,40,1885153,5773133
Rotorua District,FENTON ST,, ,I,MALFROY ROAD,201441264,19/06/2014,Thu,1239,KA,CN1C,302B 387B 402B ,,R,D,B ,F ,T,G,C,50,0,0,0,,,1885153,5773133
Rotorua District,FENTON ST,30,S, ,SH 30A,201430191,16/01/2014,Thu,1336,FD,CN1C,331A 358A 404A ,,R,D,B ,F , , ,R,50,0,0,0,,,1885171,5773628
Rotorua District,FENTON ST,20,N, ,SH 30A AMOHAU ST,201416104,29/09/2014,Mon,1305,JA,SN1C,112A 204A 330A 370B 929 ,,R,D,OF,F ,D, , ,50,0,0,1,,15,1885173,5773690
Rotorua District,FENTON ST,15,N, ,TI ST,201435338,04/05/2014,Sun,355,EA,CN14,129A ,M,R,D,DO,F ,T,G,R,50,0,0,0,,,1885155,5773206
Rotorua District,FENTON ST,15,N, ,TI ST,201413391,07/06/2014,Sat,2017,FD,4S1CC,112A 331A 387A 338C 801 ,,R,W,DO,L , , ,R,50,0,0,1,,,1885155,5773206
Rotorua District,FENTON ST,, ,I,TI ST,201437875,12/05/2014,Mon,1330,KA,CS1C,302B 375B ,,R,D,B ,F ,T,G,R,60,0,0,0,,,1885155,5773191
Rotorua District,FENTON ST,, ,I,TI STREET,201435430,11/04/2014,Fri,1645,FA,TW2C,181A 191B ,,R,D,OF,F ,T,G, ,50,0,0,0,,,1885155,5773191