TLANAME,CRASHROAD,CRASHDIST,CRASHDIRN,INTSN,SIDEROAD,CRASHID,CRASHDATE,CRASHDOW,CRASHTIME,MVMT,VEHICLES,CAUSES,OBJECTSSTRUCK,ROADCURVE,ROADWET,LIGHT,WTHRa,JUNCTYPE,TRAFCTRL,ROADMARK,SPDLIM,CRASHFATALCNT,CRASHSEVCNT,CRASHMINCNT,PERSAGE1,PERSAGE2,EASTING,NORTHING
Rotorua District,FENTON ST,10,S, ,VICTORIA ST,201436667,15/05/2014,Thu,700,KB,CN1V,308B 375B 926 ,,R,D,TF,F ,D,N,C,50,0,0,0,,,1885162,5773376
Rotorua District,FENTON ST,50,S, ,VICTORIA ST,201411177,08/04/2014,Tue,1245,KA,SS144,308B 370B 375B 925 ,,R,D,B ,F ,D, ,R,50,0,0,1,,23,1885160,5773336
Rotorua District,FENTON ST,, ,I,VICTORIA ST,201443974,06/09/2014,Sat,1350,JA,CN1C,302B 387B ,,R,D,BF,F ,T,G,R,50,0,0,0,,,1885162,5773386
Rotorua District,FENTON ST,, ,I,VICTORIA ST,201438487,06/06/2014,Fri,1000,JA,CN1C,302B 377B ,,R,D,O ,F ,T,G,R,60,0,0,0,,,1885162,5773386
Rotorua District,FENTON ST,, ,I,WARD AVENUE,201431651,22/01/2014,Wed,1300,JA,4S1C,302B ,,R,D,B ,F ,T,G,C,60,0,0,0,,,1885110,5771981
Rotorua District,FORD ROAD,20,N, ,MALFROY ROAD WEST,201435055,25/04/2014,Fri,1935,MO,CS1C,371A 386A ,M,R,D,B ,F , ,N,C,50,0,0,0,,,1882593,5772888
Rotorua District,FORD ROAD,15,N, ,MEADOWBANK CRESCENT N,201415977,28/09/2014,Sun,1200,GD,CN1C,333A 353A 929 ,,E,D,O ,F ,D, ,C,50,0,0,1,,,1882468,5773518
Rotorua District,FRANK ST,, ,I,WESTLOCK ROAD,201436460,13/05/2014,Tue,345,DA,CN2,111A 131A ,,S,W,DO,L ,T,G,C,50,0,0,0,,,1883638,5776313
Rotorua District,GALATOS ROAD,1000,W, ,POUTAKATAKA ROAD,201434063,08/04/2014,Tue,700,DB,CE1,111A 138A ,C,M,D,DN,F , ,N,N,100,0,0,0,,,1874427,5750626
Rotorua District,GARRICK PLACE,70,W, ,SUSAN ST,201432341,04/02/2014,Tue,35,MO,CE1,101A 371A 929 ,P,E,D,DO,F ,D,N,N,50,0,0,0,,,1880660,5774617
Rotorua District,GEM ST,20,N, ,ROGER ST,201416076,06/10/2014,Mon,143,CB,CS1,101A 110A 357A ,FPT,R,W,DO,F ,T,N,N,50,0,0,3,,,1881211,5774642
Rotorua District,GORDON ROAD,30,S, ,ISLAND VIEW ROAD,201434409,25/04/2014,Fri,1641,GE,CS1C,387A 144B 929 ,,R,D,O ,F ,D, ,C,50,0,0,0,,,1881711,5775363
Rotorua District,HAMURANA ROAD,580,W, ,SH 33,201413175,22/05/2014,Thu,807,EA,CN1T,129A 353A 363A 902 ,Q,R,D,B ,F , , ,C,100,0,1,1,,,1891841,5784235
Rotorua District,HAMURANA ROAD,2000,W, ,SH 33,201412090,05/04/2014,Sat,1030,PA,CW1E,110A 129A 702B ,,E,D,B ,F , ,N,C,100,0,0,1,,,1890734,5784744
Rotorua District,HAMURANA ROAD,2900,W, ,SH 33,201430545,20/01/2014,Mon,1050,DB,CW1,131A 402A ,K,M,W,O ,L , , ,C,100,0,0,0,,,1889909,5784894
Rotorua District,HAMURANA ROAD,4000,W, ,SH 33,201413450,29/06/2014,Sun,1600,DA,VE1,410A ,TX,M,D,O ,F , , ,C,100,0,0,1,,,1888896,5785080
Rotorua District,HAMURANA ROAD,1200,E, ,TE WAERENGA ROAD,201448108,13/11/2014,Thu,1820,DA,CW1,111A 131A ,C,M,D,B ,F , , ,C,100,0,0,0,,,1887590,5785316
Rotorua District,HAMURANA ROAD,1000,E, ,UNSWORTH ROAD,201432340,08/02/2014,Sat,1150,DB,CE1,111A 131A 402A ,C,S,W,O ,L , , ,C,100,0,0,0,,,1888484,5785152
Rotorua District,HAMURANA ROAD,1500,E, ,UNSWORTH ROAD,201413909,16/06/2014,Mon,15,DA,VW1,111A 131A ,T,S,W,DN,M , , ,C,100,0,0,1,,,1888940,5785063
Rotorua District,HAMURANA ROAD,2200,E, ,UNSWORTH ROAD,201410691,04/01/2014,Sat,1530,BB,MW1M,123A ,,M,D,B ,F , ,N,C,100,0,2,0,,,1889568,5784868
Rotorua District,HARRIS ST,20,S, ,WIKARAKA ST,201417385,25/11/2014,Tue,1810,EA,MN1T,330A 350A ,M,R,D,O ,F , , ,N,50,0,0,1,,,1881617,5781198
Rotorua District,HILDA ST,, ,I,MAIDA VALE ST,201411729,04/04/2014,Fri,1900,LB,CN1V,303B 375B 402B ,,R,D,TO,F ,T,N,N,50,0,0,1,,,1885466,5772198
Rotorua District,HILDA ST,, ,I,MARGUERITA ST,201440070,22/06/2014,Sun,1330,BB,CE2M,129A ,Q,R,D,OF,F ,T,G,C,50,0,0,0,,,1885474,5772397
Rotorua District,HINEMARU ST,25,S, ,HINEMOA ST,201432931,13/03/2014,Thu,1609,MB,VN1C,370B ,,R,D,B ,F , , ,C,50,0,0,0,,,1885330,5773853
Rotorua District,HINEMARU ST,20,N, ,PUKUATUA ST,201431072,22/02/2014,Sat,2300,MC,CN1C,372B ,,R,D,DO,F , ,N,C,50,0,0,0,,,1885334,5774010
Rotorua District,HINEMOA ST,100,W, ,FENTON ST,201446835,08/11/2014,Sat,1925,EA,VW14C,386A ,M,R,D,B ,F , ,N,R,50,0,0,0,,,1885080,5773889
Rotorua District,HINEMOA ST,20,E, ,TUTANEKAI ST,201444791,11/09/2014,Thu,1920,MO,CE14,371A ,,R,W,DO,H , ,N,R,50,0,0,0,,,1885000,5773892
Rotorua District,HOMEDALE ST,20,E, ,BERYL PLACE,201432339,08/02/2014,Sat,1442,GB,CW1C,145B 929 ,,R,W,O ,L ,D,N,C,50,0,0,0,,,1881426,5774180
Rotorua District,HOMESTEAD ROAD,420,W, ,BROADLANDS ROAD,201447330,14/11/2014,Fri,1437,BB,CE14,123A 352A ,,E,D,B ,F , ,N,C,100,0,0,0,,,1890982,5738514
Rotorua District,HOROEKA ST,10,W, ,NIKAU ST,201430550,25/01/2014,Sat,830,MO,CE1C,371A 371B 929 ,,R,D,B ,F ,D,N,N,50,0,0,0,,,1883391,5771742
Rotorua District,ILES ROAD,20,S, ,BUTLER PLACE,201434511,08/02/2014,Sat,520,DA,CN1,103A 131A ,X,E,W,DN,L , ,N,C,50,0,0,0,,,1888671,5772292
Rotorua District,JACKSON ROAD,400,E, ,CENTRAL ROAD,201435878,27/03/2014,Thu,1730,MO,CE1,133A 423A 929 ,P,R,D,BF,F ,D,N,N,50,0,0,0,,,1880983,5785700
Rotorua District,KAHU ST,, ,I,MALFROY ROAD WEST,201443972,10/09/2014,Wed,1300,KA,SW1C,204A 302B 375B ,,R,D,OF,F ,T,G,C,50,0,0,0,,,1883085,5772971
Rotorua District,KEA ST,, ,I,KOKAKO ST,201414742,02/08/2014,Sat,1340,CC,CN2,103A 130A 801 ,T,R,W,O ,L ,T,N,N,50,0,0,1,,,1882539,5776306
Rotorua District,KENRICK ROAD,, ,I,RIMUVALE ST,201449281,23/12/2014,Tue,1939,DA,CN2,111A 133A ,J,R,D,B ,F ,T,N,C,50,0,0,0,,,1881709,5773637
Rotorua District,KONENE ST,100,E, ,WHITWORTH ROAD,201443754,23/07/2014,Wed,2320,DA,CW1,103A 131A ,F,M,D,DO,FF, , ,N,50,0,0,0,,,1883249,5773331
Rotorua District,LAKE ROAD,, ,I,BENNETTS ROAD,201438422,18/06/2014,Wed,1530,KA,VE1C,301B 353B 375B ,,R,D,B ,F ,T,S,R,50,0,0,0,,,1883781,5775089
Rotorua District,LAKE ROAD,, ,I,BENNETTS ROAD,201435339,10/04/2014,Thu,1430,JA,CE1C,301B 901 ,,R,W,O ,H ,T,S,R,50,0,0,0,,,1883781,5775089
Rotorua District,LAKE ROAD,, ,I,DINSDALE ST,201432539,09/02/2014,Sun,30,CB,CS1,103A 129A ,K,R,D,DN,F ,R,G,R,50,0,0,0,,,1883587,5775198
Rotorua District,LAKE ROAD,, ,I,KARAKA ST,201446795,29/10/2014,Wed,1330,JA,VW1C,301B 375B ,,R,D,O ,F ,T,S,R,50,0,0,0,,,1883909,5775017
Rotorua District,LAKE ROAD,, ,I,MATAIAWHEA ST,201435251,28/04/2014,Mon,1953,HA,CN1C,302A ,,R,W,DO,L ,R,G,C,50,0,0,0,,,1884909,5774711
Rotorua District,LAKE ROAD,10,N, ,RANOLF ST,201430433,24/01/2014,Fri,1710,CC,CE1,427A 500A ,P,R,D,B ,F ,M,T,R,50,0,0,0,,,1884453,5774861
Rotorua District,LAKE ROAD,50,W, ,RANOLF ST,201450756,15/12/2014,Mon,1143,JA,CW1C,308B 375B 925 ,,E,D,BF,F ,D,N,C,50,0,0,0,,,1884395,5774867
Rotorua District,LAKE ROAD,10,E, ,SH 5,201443973,04/09/2014,Thu,2040,MB,CE1C,303B 375B ,,R,W,DO,L ,X,T,R,50,0,0,0,,,1883269,5775377
Rotorua District,LAKE ROAD,, ,I,TAREWA ROAD,201413990,06/07/2014,Sun,1324,FE,ME1C,181A 350A ,,R,D,B ,F ,X,T,R,50,0,0,1,,,1884164,5774912
Rotorua District,LAKE ROAD,, ,I,TAREWA ROAD,201436459,15/05/2014,Thu,900,KB,CE1C,322A 350A ,,R,D,BF,F ,X,T,R,50,0,0,0,,,1884164,5774912
Rotorua District,LAKE ROAD,, ,I,TAREWA ROAD,201437573,30/05/2014,Fri,2018,GE,CE1C,171B ,,R,D,DO,F ,X,T,R,50,0,0,0,,,1884164,5774912
Rotorua District,LYTTON ST,, ,I,CARNOT ST,201434662,16/04/2014,Wed,2122,HA,CN1C,302B 387B ,,R,W,DO,L ,X,G,C,50,0,0,0,,,1884891,5772896
Rotorua District,MALFROY ROAD,120,E, ,JAMES ST,201410814,25/02/2014,Tue,845,FD,CE1C,181A 331A 351A ,,R,D,B ,F , , ,C,50,0,0,1,,,1884120,5773174
Rotorua District,MALFROY ROAD,5,W, ,JAMES ST,201431071,19/02/2014,Wed,1530,FD,CW1C,181A 350A ,,R,D,B ,F ,X,S,C,50,0,0,0,,,1883995,5773179
Rotorua District,MALFROY ROAD,, ,I,RANOLF ST,201430546,27/01/2014,Mon,857,HA,4E1C,302A ,,E,D,O ,F ,R,G,R,50,0,0,0,,,1884544,5773158
Rotorua District,MALFROY ROAD,, ,I,RANOLF ST,201448304,17/12/2014,Wed,2315,HA,CN2C,302A 375A ,F,M,W,DO,L ,R,G,C,50,0,0,0,,,1884556,5773145
Rotorua District,MALFROY ROAD WEST,15,W, ,KAHU ST,201437729,04/06/2014,Wed,819,EA,CE1C,129A 363A 902 ,M,R,D,B ,F , , ,C,50,0,0,0,,,1883073,5772962
Rotorua District,MALFROY ROAD WEST,20,W, ,OLD TAUPO ROAD,201435337,03/05/2014,Sat,1800,MF,CW14,371B ,,R,D,DO,F , , ,P,50,0,0,0,,,1883723,5773184
Rotorua District,MANIATUTU ROAD,30,E, ,OTARAMARAE ROAD,201430543,27/01/2014,Mon,1543,DA,4W1,410A ,C,M,D,O ,F ,T,G,C,100,0,0,0,,,1895701,5788003
Rotorua District,MCCAHON DRIVE,200,E, ,HODGKINS ST,201430547,29/01/2014,Wed,930,QD,40,428A ,FK,M,D,B ,F , , ,N,50,0,0,0,,,1881102,5773707
Rotorua District,MOUNT VIEW DRIVE,360,E, ,PEDLAR ST,201430189,09/01/2014,Thu,500,DA,VW1,111A 131A 801 ,KX,E,W,DF,L , , ,N,50,0,0,0,,,1882556,5774050
Rotorua District,MOUNTAIN ROAD,50,N, ,CLAYTON ROAD,201446794,03/11/2014,Mon,1325,BB,BN1C,123A 135A 818 ,,M,D,O ,F , ,N,C,50,0,0,0,,,1880588,5774780
Rotorua District,MOUNTAIN ROAD,980,N, ,CLAYTON ROAD,201411897,26/03/2014,Wed,1804,DB,MS1,111A 131A ,,M,D,BN,F , ,N,C,50,0,1,0,,,1880918,5775338
Rotorua District,OKAREKA LOOP ROAD,60,E, ,SUMMIT ROAD S,201412271,21/05/2014,Wed,2145,DA,CS1,110A 402A ,CT,M,D,DN,F , ,N,C,100,0,0,1,,,1893301,5769464
Rotorua District,OKARO ROAD,200,N, ,SH 38,201433290,03/01/2014,Fri,1038,DA,CS1,131A 404A ,,M,D,B ,F , , ,C,100,0,0,0,,,1896598,5754726
Rotorua District,OKONA CRESCENT,, ,I,OPERIANA ST,201439972,05/07/2014,Sat,2130,DB,CN2,111A 131A ,F,M,W,DO,F ,T,N,N,50,0,0,0,,,1882040,5781243
Rotorua District,OLD QUARRY ROAD,10,E, ,KOKAKO ST,201410602,23/02/2014,Sun,200,CB,CE1,103A 112A ,FHT,R,W,DN,F ,T,N,C,50,0,0,1,,,1882607,5776209
Rotorua District,OLD QUARRY ROAD,80,W, ,SH 5,201410174,29/01/2014,Wed,1455,NA,CW1E,727B ,,R,D,B ,F , , ,C,50,0,0,1,2,,1882806,5776327
Rotorua District,OTONGA ROAD,30,S, ,DEVON ST WEST,201411002,11/01/2014,Sat,1437,NA,CS1E,197A 727B ,,R,D,B ,F , , ,C,50,0,0,2,4,,1883924,5772148
Rotorua District,OTONGA ROAD,40,S, ,JACKSON ST,201439388,29/06/2014,Sun,1515,EA,CS1CC,129A 350A ,M,R,D,OF,F , ,N,C,50,0,0,0,,,1883665,5771700
Rotorua District,OTONGA ROAD,20,S, ,SH 5,201430894,25/02/2014,Tue,1351,MF,CS1C,371B ,,R,D,BF,F , ,N,C,50,0,0,0,,,1883929,5772157
Rotorua District,OTONGA ROAD,200,N, ,SPRINGFIELD ROAD,201438425,20/06/2014,Fri,1840,MG,CS1C,355B 371B ,,R,D,DO,F , , ,C,50,0,0,0,,,1883621,5771623
Rotorua District,OTONGA ROAD,, ,I,SPRINGFIELD ROAD,201446711,03/11/2014,Mon,1900,GO,VS1C,371A ,,R,D,B ,F ,R,G,C,50,0,0,0,,,1883522,5771449
Rotorua District,OTUROA ROAD,690,W, ,ANDERSON ROAD,201430147,17/01/2014,Fri,2038,DA,ME1,111A 131A 804 ,V,M,D,DN,F , ,N,N,100,0,0,0,,,1875437,5785671
Rotorua District,OTUROA ROAD,1160,E, ,BOORD ROAD,201436679,23/05/2014,Fri,930,GE,VW1O,157A 144B 929 ,,M,D,O ,F ,D,N,C,100,0,0,0,,,1872228,5785596
Rotorua District,OTUROA ROAD,100,W, ,SH 36,201430428,17/01/2014,Fri,1630,MG,TE1C,371A 386A ,,R,D,B ,F , ,N,C,80,0,0,0,,,1881358,5782921
Rotorua District,PARADISE VALLEY ROAD,900,N, ,ENDEAN ROAD,201410309,03/01/2014,Fri,1445,BB,CN1V,129A 404A ,CC,M,D,BN,F , ,N,C,100,0,0,1,,,1875636,5775743
Rotorua District,PERERIKA ST,80,W, ,RANOLF ST,201443518,08/08/2014,Fri,2217,CB,CW1,129A ,X,R,D,DO,F , ,N,C,50,0,0,0,,,1884492,5773582
Rotorua District,PETRIE ST,, ,I,MEMPHIS PLACE,201413562,27/07/2014,Sun,2015,JA,CS1C,303B ,,E,D,DO,F ,T,N,C,50,0,0,1,,,1882250,5772585
Rotorua District,PUKEHANGI ROAD,, ,I,EDWARD PAYTON GROVE,201444476,08/09/2014,Mon,625,DB,4N1,103A 111A 131A ,P,E,D,TF,F ,T,G,C,70,0,0,0,,,1880321,5773873
Rotorua District,PUKEHANGI ROAD,50,N, ,MALFROY ROAD WEST,201440528,16/07/2014,Wed,800,CB,CN1,410A ,FK,R,D,B ,F , , ,P,70,0,0,0,,,1881711,5772449
Rotorua District,PUKEHANGI ROAD,50,S, ,MATIPO AVENUE,201431324,08/03/2014,Sat,1720,AO,MS1C,357A 512A ,,R,D,BF,F , ,N,C,50,0,0,0,,,1881861,5772319
Rotorua District,PUKUATUA ST,70,E, ,AMOHIA ST,201438488,12/06/2014,Thu,1245,JA,CW1C,314B 377B 402B 801 927 ,,R,W,O ,L ,D, ,C,50,0,0,0,,,1884829,5774008
Rotorua District,PUKUATUA ST,200,W, ,FENTON ST,201438426,21/06/2014,Sat,1240,MO,VE1V,371A 370B ,,R,D,O ,F , , ,C,50,0,0,0,,,1884983,5774001
Rotorua District,PUKUATUA ST,20,W, ,HINEMARU ST,201437421,20/05/2014,Tue,930,QD,TW1C,428A ,,R,D,B ,F , , ,R,50,0,0,0,,,1885313,5773991
Rotorua District,PUKUATUA ST,, ,I,RANOLF ST,201435433,10/04/2014,Thu,1832,HA,CW1C,302A 375A ,,M,D,TO,F ,R,G,R,50,0,0,0,,,1884604,5774014
Rotorua District,PUKUATUA ST,, ,I,RANOLF ST,201446897,07/11/2014,Fri,1000,LB,CN1C,302A 375A ,,R,D,B ,F ,R,G,P,50,0,0,0,,,1884604,5774014
Rotorua District,PUKUATUA ST,20,E, ,TUTANEKAI ST,201436461,05/05/2014,Mon,1650,ME,TW1C,371B ,,R,W,OF,L , ,N,R,50,0,0,0,,,1885003,5774001
Rotorua District,RANOLF ST,30,N, ,ARAWA ST,201431654,24/01/2014,Fri,1602,AO,4S1C,129A ,,R,D,B ,F ,R,G,R,50,0,0,0,,,1884594,5774277
Rotorua District,RANOLF ST,, ,I,ERUERA ST,201430542,09/01/2014,Thu,1534,HA,CS1C,302B ,,R,D,B ,F ,X,G,R,50,0,0,0,,,1884585,5773795
Rotorua District,RANOLF ST,10,S, ,HINEMOA ST,201410978,24/01/2014,Fri,1400,NB,CN1E,711B ,,R,D,BF,F ,X,G,R,50,0,0,1,77,,1884589,5773896
Rotorua District,RANOLF ST,, ,I,HINEMOA ST,201449676,31/12/2014,Wed,1025,HA,VN1C,302B 330B ,,R,D,O ,F ,X,G,R,50,0,0,0,,,1884589,5773906
Rotorua District,RANOLF ST,, ,I,HINEMOA ST,201436240,19/05/2014,Mon,2020,KB,CN1C,302B ,,R,D,DO,F ,X,G,R,50,0,0,0,,,1884589,5773906
Rotorua District,RANOLF ST,, ,I,LAKE ROAD,201414741,31/07/2014,Thu,1135,FE,CN1C,331A ,,M,D,B ,F ,T,T,C,50,0,1,0,,,1884444,5774858
Rotorua District,RANOLF ST,30,N, ,MALFROY ROAD,201437731,29/05/2014,Thu,1707,FD,CS14C,110A 331A 358A ,,R,D,TO,F , , ,C,50,0,0,0,,,1884558,5773200
Rotorua District,RANOLF ST,, ,I,MALFROY ROAD,201437420,20/05/2014,Tue,703,HA,CE2C,302A 375A 904 ,,E,W,O ,M ,R,G,R,50,0,0,0,,,1884544,5773158
Rotorua District,RANOLF ST,, ,I,MALFROY ROAD,201434543,17/04/2014,Thu,1920,HA,CN1C,302A 375A ,,R,W,DO,L ,R,G,C,50,0,0,0,,,1884556,5773145
Rotorua District,RANOLF ST,, ,I,MALFROY ROAD,201435847,21/04/2014,Mon,715,FB,CN1C,181A ,,E,W,OF,L ,R,G,R,50,0,0,0,,,1884556,5773140
Rotorua District,REREWHAKAAITU ROAD,, ,I,BRETT ROAD,201446836,26/10/2014,Sun,1900,HA,TW1V,302B 375B ,,R,D,TN,F ,T,G,C,100,0,0,0,,,1903055,5753433
Rotorua District,SPRINGFIELD ROAD,, ,I,MCDOWELL ST,201412471,28/04/2014,Mon,1115,JA,TW1C,301B 375B ,,R,W,O ,F ,T,S,C,50,0,0,2,,,1883137,5771520
Rotorua District,SPRINGFIELD ROAD,100,W, ,OTONGA ROAD,201431420,28/02/2014,Fri,1540,CB,CE1,137A 350A ,P,R,D,BF,F , ,N,C,50,0,0,0,,,1883409,5771464
Rotorua District,STEELES LANE,120,N, ,KAKA ST,201448109,12/11/2014,Wed,2000,MO,CS1C,371A 929 ,M,R,D,DO,F ,D,N,C,50,0,0,0,,,1882695,5775666
Rotorua District,SUMNER ST,20,W, ,FENTON ST,201433249,10/03/2014,Mon,745,EA,4E1B,129A ,M,R,D,BF,F , ,N,N,50,0,0,0,,,1885102,5772312
Rotorua District,SUNSET ROAD,30,W, ,RIMUVALE ST,201417441,29/10/2014,Wed,2358,CB,CE1,101A 129A ,F,R,W,DO,HS, ,N,C,50,0,1,0,,,1881776,5773463
Rotorua District,SUNSET ROAD,, ,I,RIMUVALE ST,201418064,27/11/2014,Thu,2200,LB,SE1C,303B 375B ,,R,D,DF,F ,T,G,C,50,0,0,1,,,1881802,5773478
Rotorua District,SUNSET ROAD,30,W, ,SH 5,201440825,04/08/2014,Mon,830,KB,CE1C,308B 922 ,,M,D,B ,F ,D,N,C,50,0,0,0,,,1883442,5774431
Rotorua District,TAHARANGI ST,280,N, ,NIHORIKI ST,201450758,18/12/2014,Thu,1540,EA,CN1C,129A ,M,R,D,BF,F , ,N,C,50,0,0,0,,,1883685,5775810
Rotorua District,TARAWERA ROAD,700,W, ,MEAD ROAD,201435019,27/01/2014,Mon,30,DA,CN1,131A 410A ,T,E,W,DN,L , ,N,C,100,0,0,0,,,1892963,5765766
Rotorua District,TARAWERA ROAD,1500,S, ,OKAREKA LOOP ROAD S,201443391,02/07/2014,Wed,830,EC,CN1,911,W,R,W,O ,F , ,N,C,100,0,0,0,,,1892538,5766804
Rotorua District,TARAWERA ROAD,, ,I,SH 30,201415295,06/08/2014,Wed,1545,FB,VW1C,181A 387A ,,R,W,OF,F ,R,G,R,50,0,0,1,,,1887169,5772701
Rotorua District,TARAWERA ROAD,, ,I,SH 30,201439390,03/07/2014,Thu,920,FB,CN1V,181A 330A ,,M,D,BF,F ,R,G,R,60,0,0,0,,,1887169,5772701
Rotorua District,TARAWERA ROAD,400,S, ,SPENCER ROAD,201415153,24/08/2014,Sun,1722,DB,MW1,135A 804 806 ,,M,D,B ,F , , ,C,100,0,0,1,,,1895578,5765865
Rotorua District,TE NGAE ROAD,200,S, ,FENTON ST,201443000,01/09/2014,Mon,2015,GD,CS1C,331A 359A 925 ,,R,D,DO,F ,D, ,C,50,0,0,0,,,1885291,5773372
Rotorua District,THEBES ST,15,S, ,MALFROY ROAD WEST,201439208,28/06/2014,Sat,1310,FD,CN14,181A 358A ,,R,D,O ,F , , ,N,50,0,0,0,,,1882641,5772851
Rotorua District,THOMAS CRESCENT,100,N, ,TURNER DRIVE,201418717,18/12/2014,Thu,856,DA,MS1,111A 131A 514A ,G,M,W,B ,F , , ,C,50,0,0,1,,,1881558,5774957
Rotorua District,TILSLEY ST,100,W, ,LYTTON ST,201416086,10/09/2014,Wed,1902,MO,CE1,330A 423A 929 ,T,R,D,DO,F ,D,N,N,50,0,0,1,,,1884773,5772435
Rotorua District,TUMUNUI ROAD,, ,I,CORBETT ROAD,201438427,17/06/2014,Tue,1340,DB,CS1,111A 131A 191A ,FS,S,W,O ,F ,T,G,C,100,0,0,0,,,1884373,5756521
Rotorua District,TUMUNUI ROAD,2000,W, ,SH 5,201417976,28/12/2014,Sun,1530,DA,CW1,129A 131A ,C,E,D,O ,F , , ,C,100,0,0,1,,,1887024,5762443
Rotorua District,TUTANEKAI ST,40,S, ,ARAWA ST,201442245,20/08/2014,Wed,1700,MF,CN1V,371B 386B ,,R,D,O ,F , , ,C,50,0,0,0,,,1884989,5774183
Rotorua District,TUTANEKAI ST,20,S, ,LAKE ROAD,201432130,22/03/2014,Sat,1745,MO,VS1C,371A ,M,R,D,B ,F , ,N,C,50,0,0,0,,,1885002,5774599
Rotorua District,TUTUKAU ROAD,1980,W, ,TE KOPIA ROAD,201415660,22/08/2014,Fri,400,DA,TE1,131A 410A ,CP,M,W,DN,F , ,N,C,100,0,0,1,,,1878210,5732507
Rotorua District,UTUHINA ROAD,50,S, ,RANIERA PLACE,201416948,25/09/2014,Thu,1220,BE,CN1V,504A ,,R,D,BF,F , ,N,N,50,0,0,1,,,1882361,5771110
Rotorua District,VAUGHAN ROAD,440,S, ,CARROLL PLACE,201418334,25/11/2014,Tue,820,DA,CS1,104A 111A 131A ,,M,D,BF,F , ,N,C,50,0,0,1,,,1887678,5773594
Rotorua District,VAUGHAN ROAD,20,S, ,HONA ROAD,201435016,22/04/2014,Tue,825,GD,CN1C,181A 333A ,M,R,D,B ,F ,T,N,C,50,0,0,0,,,1886935,5772764
Rotorua District,VAUGHAN ROAD,200,N, ,MARINO ROAD,201418481,21/12/2014,Sun,1715,HA,SN1C,204A 330A 378B 835 929 ,,R,D,B ,F ,D, ,C,50,0,0,1,,23,1887100,5773001
Rotorua District,WAIKITE VALLEY ROAD,2000,E, ,CORBETT ROAD,201418332,26/11/2014,Wed,1232,CB,CN1,103A 129A ,P,R,D,ON,F , ,N,C,100,0,0,1,,,1890000,5753142
Rotorua District,WAIKITE VALLEY ROAD,2000,W, ,SH 5,201443976,13/09/2014,Sat,1415,DB,CE1,111A 135A 801 ,,M,W,ON,H , ,N,C,100,0,0,0,,,1892215,5751656
Rotorua District,WIKARAKA ST,30,S, ,ARIKI ST,201439391,30/06/2014,Mon,920,CB,4S1,621A 650A ,P,R,D,OF,F , ,N,C,50,0,0,0,,,1881871,5781010
Rotorua District,WRIGLEY ROAD,50,W, ,HAROLD CRESCENT S,201443002,29/08/2014,Fri,2340,DA,CN1,101A 111A 131A ,P,E,D,DO,F , , ,C,50,0,0,0,,,1882737,5773734
Rotorua District,YORK ST,100,E, ,SH 5,201410979,21/02/2014,Fri,1510,NA,VE1E,711B ,,R,D,BF,F , ,N,C,50,0,0,1,9,,1883869,5773066
Rotorua District,Z CPK ROTORUA MALL,80,E, ,RANOLF ST,201411929,12/04/2014,Sat,1600,NB,CN1E,712B 713B ,,R,D,OF,F , ,N,N,20,0,0,1,,,1884640,5773598
Rotorua District,Z CPK THE WAREHOUSE AMOHA,20,W, ,FENTON ST,201414058,13/07/2014,Sun,1500,MO,CS1E,713B 726B 925 ,,R,D,B ,F ,D,N,N,30,0,0,1,5,,1885152,5773658
Rotorua District,30/120/4.154,500,S, ,NICHOLSON ROAD,201410175,13/01/2014,Mon,1320,FA,CS1O,331A 350A ,,R,D,B ,F , , ,C,100,0,0,1,,,1874487,5756371
Rotorua District,30/120/4.66,4000,N, ,YAK ROAD (FORESTRY),201431075,22/02/2014,Sat,728,DA,CS1,104A 131A ,X,E,W,O ,L , ,N,C,100,0,0,0,,,1874920,5756627
Rotorua District,30/120/7.681,1580,S, ,APIRANA ROAD,201400055,17/03/2014,Mon,1704,BF,VS1T4,123A 130A ,,E,D,B ,F , ,N,L,100,1,0,0,,,1876255,5759127
Rotorua District,30/120/8.654,4000,N, ,NICHOLSON ROAD,201450843,12/12/2014,Fri,630,DA,CN1,129A 410A ,F,M,D,ON,F , ,N,C,100,0,0,0,,,1876801,5759787
Rotorua District,30/120/8.992,150,N, ,WHIRINAKI VALLEY ROAD,201440804,04/08/2014,Mon,2215,EC,TS1,912,W,R,W,DO,L , , ,C,100,0,0,0,,,1876929,5760100
Rotorua District,30/131/1.015,1000,N, ,COLLIER ROAD,201440529,03/07/2014,Thu,1500,QG,4S14V,682A ,DD,E,D,O ,F , , ,C,100,0,0,0,,,1877690,5762023
Rotorua District,30/131/2.268,50,N, ,APIRANA ROAD N,201436457,10/05/2014,Sat,20,EC,CE1,912,W,E,D,DN,M , ,N,C,100,0,0,0,,,1878154,5763121
Rotorua District,30/131/5.207,7000,S, ,SH 5,201415838,11/04/2014,Fri,920,DA,CN1,111A 131A 402A 901 ,E,E,W,O ,H , , ,C,100,0,0,1,,,1880263,5764841
Rotorua District,30/131/6.082,1800,W, ,BRYCE ROAD,201415551,07/09/2014,Sun,1933,EC,CN1,912,W,E,D,DN,F , , ,C,100,0,0,1,,,1881110,5765029