TLANAME,CRASHROAD,CRASHDIST,CRASHDIRN,INTSN,SIDEROAD,CRASHID,CRASHDATE,CRASHDOW,CRASHTIME,MVMT,VEHICLES,CAUSES,OBJECTSSTRUCK,ROADCURVE,ROADWET,LIGHT,WTHRa,JUNCTYPE,TRAFCTRL,ROADMARK,SPDLIM,CRASHFATALCNT,CRASHSEVCNT,CRASHMINCNT,PERSAGE1,PERSAGE2,EASTING,NORTHING
Rotorua District,30/131/9.382,1500,E, ,BRYCE ROAD,201418331,03/12/2014,Wed,650,BC,TN1T,129A 358A ,,E,D,BN,F , ,N,C,100,0,0,1,,,1883069,5767540
Rotorua District,30/131/12.117,90,W, ,SH 5,201446796,07/11/2014,Fri,1720,CC,VW1,130A 504A ,,R,D,B ,F , ,N,C,100,0,0,0,,,1884363,5769727
Rotorua District,30/144/0,, ,I,SH 5,201432131,22/03/2014,Sat,,HA,4N1C,301B 404B ,,E,D,B ,F ,T,S,C,70,0,0,0,,,1884379,5770782
Rotorua District,30/144/0.504,430,S, ,MEADE ST,201414586,11/07/2014,Fri,805,JA,CW1C,308B 363B 375B 902 927 ,,R,W,B ,F ,D,S,L,80,0,0,1,,,1884768,5771087
Rotorua District,30/144/0.964,30,N, ,MEADE ST,201439311,02/05/2014,Fri,2323,CC,CN1,101A 112A 514A ,P,R,D,DO,F , ,T,C,80,0,0,0,,,1885087,5771383
Rotorua District,30/144/1.136,, ,I,SH 30,201433731,18/03/2014,Tue,1300,HA,CS2C,302A ,,M,D,B ,F ,R,G,R,50,0,0,0,,,1885094,5771554
Rotorua District,30/144/1.136,, ,I,SH 30 SALA,201444383,30/09/2014,Tue,930,LB,CS1C,302A 375A 404A ,,E,D,O ,F ,R,G,R,60,0,0,0,,,1885094,5771554
Rotorua District,30/144/1.136,, ,I,SH 30 SALA,201417384,22/11/2014,Sat,1300,LB,VS1C,302A 375A 402A ,,R,D,B ,F ,R,G,R,50,0,0,1,,,1885094,5771554
Rotorua District,FENTON ST,, ,I,30/144/1.159,201411928,04/04/2014,Fri,1550,GB,SW2T,158A ,,R,D,BF,F ,R,G,R,50,0,0,1,,39,1885109,5771569
Rotorua District,FENTON ST,, ,I,30/144/1.206,201437424,30/05/2014,Fri,841,KA,CS1C,302B 375B 801 ,,M,W,O ,L ,R,G,C,50,0,0,0,,,1885109,5771569
Rotorua District,30/144/1.531,80,W, ,NELSON ST,201430544,29/01/2014,Wed,1513,QD,VW1,428A 929 ,F,R,D,B ,F ,D,N,C,50,0,0,0,,,1885481,5771554
Rotorua District,30/144/2.935,, ,I,SH 30 SALA TE NGAE,201438484,29/04/2014,Tue,1400,DA,TN2,113A 131A 324A ,,S,D,B ,F ,X,T,R,70,0,0,0,,,1886206,5772485
Rotorua District,30/147/0,, ,I,SH 30 SALA,201438428,10/06/2014,Tue,1215,FA,CW1C,181A 801 ,,R,W,O ,L ,T,T,R,70,0,0,0,,,1886203,5772473
Rotorua District,30/147/0.1,100,E, ,SALA ST,201432960,14/03/2014,Fri,1625,FD,CW1C,331A 350A ,,R,D,B ,F , , ,R,50,0,0,0,,,1886301,5772455
Rotorua District,30/147/0.499,, ,I,HAMIORA PLACE,201433760,19/03/2014,Wed,1610,FA,4W1VC,181A 191B 302C ,,R,D,B ,F ,T,G,R,70,0,0,0,,,1886687,5772512
Rotorua District,30/147/0.626,, ,I,VAUGHAN ROAD,201447328,13/11/2014,Thu,1740,FA,CE1C,101A 353A ,,R,D,B ,F ,T,G,C,70,0,0,0,,,1886807,5772576
Rotorua District,30/147/0.626,, ,I,VAUGHAN ROAD,201417383,24/11/2014,Mon,805,DB,ME1,111A 131A 402A ,I,M,D,B ,F ,T,G,R,70,0,0,1,,,1886807,5772576
Rotorua District,30/147/0.835,150,W, ,TARAWERA ROAD,201431381,20/02/2014,Thu,1000,AC,TW1C,372A 671A ,,R,D,BF,F , ,N,R,60,0,0,0,,,1886996,5772644
Rotorua District,30/147/0.915,60,W, ,MARINO ROAD,201415161,09/05/2014,Fri,1659,FD,CE1V,331A 363A 902 903 ,,R,D,B ,FS, , ,R,70,0,0,1,,,1887073,5772690
Rotorua District,30/147/0.97,15,W, ,TARAWERA ROAD,201450116,18/12/2014,Thu,940,MA,CW1TC,191A 330B 373B 181C 197C 331C ,,R,D,B ,F , , ,R,70,0,0,0,,,1887121,5772695
Rotorua District,30/147/0.975,, ,I,TARAWERA ROAD,201432934,07/03/2014,Fri,935,GC,CE1C,171B 507B ,,E,D,O ,F ,R,G,C,60,0,0,0,,,1887126,5772717
Rotorua District,30/147/0.985,, ,I,TARAWERA ROAD,201442459,08/07/2014,Tue,1750,HA,CW1C,302A 375A ,,R,D,DO,F ,R,G,R,50,0,0,0,,,1887136,5772698
Rotorua District,30/147/0.987,, ,I,TARAWERA ROAD,201436678,25/05/2014,Sun,900,AC,CE1C,330A 372A ,,M,D,O ,F ,R,G,P,60,0,0,0,,,1887127,5772723
Rotorua District,30/147/1.26,, ,I,ALLEN MILLS ROAD,201415594,14/07/2014,Mon,1550,JA,PE1C,321B 375B 402B ,,E,D,B ,F ,T,S,C,60,0,1,0,,,1887377,5772819
Rotorua District,30/147/1.26,, ,I,ALLEN MILLS ROAD,201416318,13/10/2014,Mon,202,JA,CN1C,301B 375B ,,E,D,DO,F ,T,S,P,50,0,0,1,,,1887377,5772819
Rotorua District,30/147/1.626,150,S, ,ILES ROAD,201415164,20/08/2014,Wed,1120,FD,CS1CC,112A 331A 350A 402A 901 ,,R,W,O ,H , , ,C,70,0,0,1,,,1887647,5773049
Rotorua District,30/147/1.676,100,W, ,ILES ROAD,201442905,19/08/2014,Tue,1625,FA,CS1C,181A 331A 402A 901 922 ,,R,W,OF,H ,D, ,C,60,0,0,0,,,1887684,5773083
Rotorua District,30/147/1.776,, ,I,ILES ROAD,201436666,22/05/2014,Thu,830,JA,4S1C,302B 375B ,,R,D,B ,F ,T,G,C,60,0,0,0,,,1887758,5773150
Rotorua District,30/147/2.49,50,E, ,TENNYSON DRIVE,201442999,05/09/2014,Fri,906,FA,CN1C,112A 181A 331A 801 ,,R,W,B ,L , , ,C,60,0,0,0,,,1888298,5773633
Rotorua District,30/147/2.59,150,N, ,TENNYSON DRIVE,201434194,26/04/2014,Sat,1822,MO,CN1,423A ,H,R,D,TO,F , , ,N,50,0,0,0,,,1888373,5773700
Rotorua District,30/147/2.63,180,N, ,TENNYSON DRIVE,201410692,14/02/2014,Fri,1615,FD,CS14C,181A ,,R,D,B ,F , ,N,C,50,0,0,2,,,1888395,5773720
Rotorua District,30/147/3.129,50,W, ,BRENT ROAD,201437423,22/05/2014,Thu,900,FD,CE1C,181A 331A ,,R,D,B ,F , , ,C,60,0,0,0,,,1888773,5774060
Rotorua District,30/147/3.14,50,S, ,BRENT ROAD,201432933,13/03/2014,Thu,2035,FD,CS1CC,331A 358A ,,R,D,DO,F , , ,C,60,0,0,0,,,1888773,5774060
Rotorua District,30/147/3.299,40,S, ,OWHATA ROAD,201448685,04/12/2014,Thu,800,FD,VS1C,331A 387A ,,R,D,B ,F , , ,R,60,0,0,0,,,1888892,5774166
Rotorua District,30/147/3.37,, ,I,OWHATA ROAD,201439421,05/07/2014,Sat,1000,LB,CE1C,302A ,,E,D,B ,F ,R,G,R,60,0,0,0,,,1888937,5774205
Rotorua District,30/147/3.37,, ,I,OWHATA ROAD,201449242,26/11/2014,Wed,600,DB,VN1,130A ,P,R,D,DO,F ,R,G,R,60,0,0,0,,,1888936,5774191
Rotorua District,30/147/3.37,, ,I,OWHATA ROAD,201431076,17/02/2014,Mon,2000,LB,CE1C,302A 358A ,,E,D,B ,F ,R,G,R,60,0,0,0,,,1888937,5774205
Rotorua District,30/147/3.38,10,E, ,OWHATA ROAD,201445115,29/09/2014,Mon,1634,FB,CW1T,331A ,,R,D,B ,F ,R,G,C,60,0,0,0,,,1888944,5774212
Rotorua District,30/147/3.848,20,E, ,WHARENUI ROAD,201439131,06/05/2014,Tue,1554,CC,CE1,427A 653A ,FH,R,D,B ,F , ,N,N,50,0,0,0,,,1889302,5774530
Rotorua District,30/147/9.844,500,S, ,SH 33,201418066,28/11/2014,Fri,1530,FD,CW1C,181A ,,R,W,OF,L , ,N,L,100,0,0,1,,,1891858,5779666
Rotorua District,30/147/10.074,60,S, ,RANGITEAORERE ROAD,201442175,16/08/2014,Sat,2358,DA,CS1,111A 131A ,,E,W,DN,L , , ,C,100,0,0,0,,,1891803,5779889
Rotorua District,30/147/10.134,, ,I,RANGITEAORERE ROAD,201435431,09/04/2014,Wed,1830,GD,CS1V,181A ,,R,D,TO,F ,T,G,L,100,0,0,0,,,1891789,5779948
Rotorua District,30/147/10.134,, ,I,RANGITEAORERE ROAD,201435432,09/04/2014,Wed,1830,GD,CS1V,181A ,,R,D,TO,F ,T,G,C,100,0,0,0,,,1891789,5779948
Rotorua District,30/158/4.423,330,W, ,TUMOANA ROAD,201432193,16/02/2014,Sun,717,DA,CW1,103A 111A ,CT,E,D,O ,F , ,N,L,100,0,0,0,,,1895490,5782085
Rotorua District,30/158/7.635,30,W, ,CURTIS ROAD,201441669,09/08/2014,Sat,530,DA,VW1,111A 131A 407A 802 804 ,T,E,I,B ,F , , ,C,100,0,0,0,,,1898393,5783238
Rotorua District,30/170/2.96,1040,E, ,WHARETOROA DRIVE,201416585,09/10/2014,Thu,700,DA,CW1,410A ,EX,E,D,ON,F , ,N,C,80,0,0,1,,,1903960,5782373
Rotorua District,30/170/9.73,1670,W, ,MANAWAHE ROAD,201439500,11/06/2014,Wed,1059,CB,TW1,129A 410A ,,R,W,O ,H , , ,C,100,0,0,0,,,1909687,5784307
Rotorua District,30/170/14.515,1900,E, ,OXFORD ROAD,201443338,12/09/2014,Fri,1602,BF,CW1V,111A 134A ,,M,D,B ,F , ,N,C,80,0,0,0,,,1913612,5781892
Rotorua District,30/170/14.515,1900,E, ,OXFORD ROAD,201439317,24/04/2014,Thu,1530,DB,CN1,131A 330A 810 ,C,S,W,O ,F , ,N,C,80,0,0,0,,,1913612,5781892
Rotorua District,30/187/0.4,400,E, ,MATAHI ROAD,201412730,07/02/2014,Fri,1645,DA,CE1,111A 131A ,C,S,W,ON,L , ,N,C,100,0,0,1,,,1916294,5780870
Rotorua District,30/187/0.4,400,E, ,MATAHI ROAD,201480753,28/11/2014,Fri,1200,FD,CE1C,181A ,,S,W,ON,H , ,N,C,100,0,0,0,,,1916294,5780870
Rotorua District,30/187/0.4,400,E, ,MATAHI ROAD,201450753,28/11/2014,Fri,,FD,CE1C,181A ,,R,D,B ,F , ,N,C,50,0,0,0,,,1916294,5780870
Rotorua District,30A/0/0.114,100,E, ,SH 5,201433821,07/04/2014,Mon,1545,AA,CW1V,386A ,,R,D,B ,F , , ,L,60,0,0,0,,,1883664,5774047
Rotorua District,30A/0/0.352,20,W, ,TAREWA ROAD,201437735,01/06/2014,Sun,1500,AA,CW1C,372A ,,R,D,O ,F , , ,R,50,0,0,0,,,1883902,5774036
Rotorua District,30A/0/0.372,, ,I,TAREWA ROAD,201430434,23/01/2014,Thu,1920,BB,CW1C,124A 350A ,,E,D,B ,F ,T,S,C,50,0,0,0,,,1883922,5774035
Rotorua District,30A/0/0.375,, ,I,TAREWA ROAD,201440827,28/07/2014,Mon,1000,LB,CE1C,303B ,,R,D,B ,F ,T,S,R,60,0,0,0,,,1883922,5774047
Rotorua District,PUKUATUA ST,, ,I,30A/0/0.51,201440828,29/07/2014,Tue,1510,JA,CE2C,302B ,,R,D,O ,F ,T,G,C,60,0,0,0,,,1884052,5774023
Rotorua District,30A/0/0.51,, ,I,PUKUATUA ST,201450759,05/12/2014,Fri,1430,LB,4S1C,303B ,,M,D,OF,F ,T,G,R,50,0,0,0,,,1884052,5774023
Rotorua District,30A/0/0.51,, ,I,PUKUATUA ST,201435129,07/04/2014,Mon,940,JA,4E1C,302B 404B ,,E,D,B ,F ,T,G,R,60,0,0,0,,,1884052,5774023
Rotorua District,30A/0/0.51,, ,I,PUKUATUA ST,201444384,01/10/2014,Wed,1507,JA,CS14,302B 330B 404B ,,E,D,O ,F ,T,G,C,60,0,0,0,,,1884052,5774023
Rotorua District,30A/0/0.613,, ,I,HINEMOA ST,201437227,24/05/2014,Sat,1205,FB,CW2C,181A ,,E,W,OF,L ,M,G,R,50,0,0,0,,,1884065,5773924
Rotorua District,30A/0/1.21,30,W, ,RANOLF ST,201411570,15/03/2014,Sat,1310,FD,4W1C,181A ,,R,W,OF,L , ,N,C,50,0,0,2,,,1884551,5773680
Rotorua District,RANOLF ST,, ,I,30A/0/1.24,201443519,09/08/2014,Sat,2200,HA,4W24,322B 350B ,,R,D,DO,F ,X,T,R,50,0,0,0,,,1884581,5773679
Rotorua District,RANOLF ST,, ,I,30A/0/1.24,201411305,12/04/2014,Sat,1400,NB,CW2E,718B ,,R,D,BF,F ,X,T,C,50,0,0,1,9,,1884581,5773679
Rotorua District,30A/0/1.24,, ,I,RANOLF ST,201432133,26/03/2014,Wed,1409,LB,CW1V4,182B 303B 375B ,,R,D,B ,F ,X,T,R,50,0,0,0,,,1884581,5773679
Rotorua District,30A/0/1.24,, ,I,RANOLF ST,201436603,22/05/2014,Thu,1710,FE,CW1C,181A 334A ,,R,D,TF,F ,X,T,C,50,0,0,0,,,1884581,5773679
Rotorua District,30A/0/1.24,, ,I,RANOLF ST,201451087,13/12/2014,Sat,2228,HA,CN2C,327A 375A ,,R,D,DO,F ,X,T,C,50,0,0,0,,,1884581,5773679
Rotorua District,RANOLF ST,, ,I,30A/0/1.252,201433825,08/02/2014,Sat,1419,LB,CS1C,303B ,,R,D,O ,M ,X,T,R,50,0,0,0,,,1884581,5773691
Rotorua District,30A/0/1.252,, ,I,RANOLF ST,201414867,20/07/2014,Sun,1350,LB,CS2C,303B 375B ,,R,D,BF,F ,X,T,R,50,0,0,2,,,1884581,5773691
Rotorua District,30A/0/1.267,15,E, ,RANOLF ST,201435018,23/04/2014,Wed,1700,FD,4E1CC,331A 350A ,,R,D,B ,F ,X,G,R,50,0,0,0,,,1884596,5773690
Rotorua District,30A/0/1.272,20,E, ,RANOLF ST,201444790,03/10/2014,Fri,1620,FD,CE1C,331A 353A ,,R,D,OF,L , ,N,C,50,0,0,0,,,1884601,5773690
Rotorua District,30A/0/1.396,, ,I,AMOHIA ST,201442341,24/08/2014,Sun,1435,GC,CW1S,312B ,,R,D,B ,F ,X,T,R,50,0,0,0,,,1884736,5773673
Rotorua District,30A/0/1.408,, ,I,AMOHIA ST,201410098,06/02/2014,Thu,2140,LB,CE1C,197A 103B 303B ,,R,D,DO,F ,X,T,R,50,0,0,1,,,1884737,5773685
Rotorua District,30A/0/1.765,80,W, ,FENTON ST,201415832,17/09/2014,Wed,1638,FA,ME1C,133A 402A ,,R,D,B ,F , , ,R,50,0,0,1,,,1885093,5773673
Rotorua District,30A/0/1.775,70,W, ,FENTON ST,201443599,12/07/2014,Sat,1300,AA,CE1V,372A ,,R,W,OF,L , ,N,R,50,0,0,0,,,1885103,5773672
Rotorua District,30A/0/1.802,30,W, ,FENTON ST,201450760,06/12/2014,Sat,1230,FD,VW1VC,331A 350A ,,R,D,BF,F , ,N,R,50,0,0,0,,,1885142,5773659
Rotorua District,FENTON ST,, ,I,30A/0/1.832,201449677,31/12/2014,Wed,1345,AO,VN1B,129A 386A ,,R,D,O ,F ,X,T,R,50,0,0,0,,,1885172,5773658
Rotorua District,30A/0/1.832,, ,I,FENTON ST,201415353,31/05/2014,Sat,1704,NA,CW1E,105B 713B ,,R,D,B ,F ,X,T,R,50,0,0,1,31,,1885172,5773658
Rotorua District,30A/0/1.832,, ,I,FENTON ST,201431379,03/03/2014,Mon,1307,LB,CW1C,303B 375B 841 ,,R,D,OF,F ,X,T,C,50,0,0,0,,,1885172,5773658
Rotorua District,FENTON ST,, ,I,30A/0/1.845,201416814,31/10/2014,Fri,335,HA,4S14,104A 322A ,,R,D,DO,F ,X,T,C,50,0,0,2,,,1885173,5773670
Rotorua District,FENTON ST,, ,I,30A/0/1.845,201444385,26/09/2014,Fri,710,LB,CE2C,323B 330B ,,R,D,O ,F ,X,T,R,50,0,0,0,,,1885173,5773670
Rotorua District,30A/0/1.875,30,E, ,FENTON ST,201447333,18/11/2014,Tue,1125,MO,CE1C,371A ,,R,D,B ,F , ,N,C,50,0,0,0,,,1885203,5773669
Rotorua District,30A/0/2.154,160,E, ,HINEMARU ST,201415198,03/08/2014,Sun,130,DA,CE1,111A 131A 801 ,P,M,W,DO,L , , ,R,70,0,0,1,,,1885473,5773617
Rotorua District,30A/0/2.798,, ,I,TE NGAE ROAD,201449246,29/12/2014,Mon,1830,DB,CS1,129A 358A ,G,E,D,B ,F ,T,G,R,70,0,0,0,,,1885625,5773006
Rotorua District,30A/0/3.161,50,N, ,MARGUERITA ST,201442904,23/08/2014,Sat,920,FA,4S1C,331A 358A ,,R,D,BF,F , , ,R,70,0,0,0,,,1885825,5772709
Rotorua District,MARGUERITA ST W,, ,I,30A/0/3.191,201435434,04/04/2014,Fri,1740,DA,CS1,103A 131A ,FT,E, ,BF,F ,T,S,R,50,0,0,0,,,1885858,5772670
Rotorua District,30A/0/3.191,, ,I,MARGUERITA ST,201433824,02/03/2014,Sun,1006,LB,CW1C,303B ,,R,D,B ,F ,T,S,R,70,0,0,0,,,1885858,5772670
Rotorua District,30A/0/3.276,330,E, ,SH 30,201415420,20/08/2014,Wed,1048,DB,CE1,111A 131A 402A 901 ,P,E,W,O ,H , , ,R,70,0,1,1,,,1885919,5772643
Rotorua District,30A/0/3.606,, ,I,SH 30 SALA,201436880,26/05/2014,Mon,1623,FE,CE1C,112A 331A 514A ,P,R,W,B ,F ,T,T,R,70,0,0,0,,,1886206,5772485
Rotorua District,33/0/0,, ,I,SH 30,201438424,11/06/2014,Wed,1815,LB,CS1C,422B 901 ,,R,W,DO,H ,T,G,P,100,0,0,0,,,1891739,5780152
Rotorua District,33/0/0,, ,I,SH 30,201413631,01/06/2014,Sun,1450,LB,MS1MC,692B 303C 375C 387C ,,R,D,B ,F ,T,G,R,100,0,1,1,,,1891739,5780152
Rotorua District,33/0/0.2,200,N, ,SH 30,201432194,19/02/2014,Wed,520,DA,4N1,134A 410A ,C,M,D,DN,F , ,N,C,100,0,0,0,,,1891710,5780349
Rotorua District,33/0/0.69,690,N, ,SH 30,201417977,22/12/2014,Mon,1700,DB,CN1,501A ,P,E,D,B ,F , , ,L,100,0,0,1,,,1891862,5780811
Rotorua District,33/0/2.865,100,S, ,OKAWA BAY ROAD,201442174,23/08/2014,Sat,1100,FA,MN1C,181A 197A 331A 832 ,,R,D,B ,F , , ,L,100,0,0,0,,,1892285,5782854
Rotorua District,33/0/3.481,150,S, ,TAKINGA ST,201431421,12/03/2014,Wed,200,DA,CN1,103A 131A ,,M,D,DN,F , ,N,C,100,0,0,0,,,1892108,5783436
Rotorua District,33/0/4.313,, ,I,RANGITAITAIA ROAD,201435017,21/04/2014,Mon,1310,JA,CS1C,301B 375B ,,R,D,O ,F ,T,S,C,80,0,0,0,,,1892374,5784204
Rotorua District,33/0/8.514,600,S, ,OKERE ROAD,201415990,22/09/2014,Mon,748,DB,VN1,131A 357A 402A 412A 801 ,,E,W,O ,L , , ,C,100,0,0,1,,,1894340,5786952
Rotorua District,33/0/8.752,300,E, ,TAHEKE ROAD,201439267,27/06/2014,Fri,2100,DA,CS1,131A 407A ,C,E,W,DN,L , , ,C,100,0,0,0,,,1894564,5786893
Rotorua District,33/0/9.414,300,N, ,OKERE ROAD,201439713,01/07/2014,Tue,1200,FD,VN1CV,110A 331A 378A 832 ,,M,W,B ,F , , ,L,100,0,0,0,,,1895060,5787305
Rotorua District,33/0/10.419,60,N, ,MANIATUTU ROAD,201413884,28/06/2014,Sat,930,DA,MS1,111A 132A ,,E,D,B ,F , , ,C,100,0,0,1,,,1895693,5788062
Rotorua District,33/0/13.359,3000,N, ,MANIATUTU ROAD,201416216,27/09/2014,Sat,2147,DA,CS1,103A 131A ,TX,E,W,DN,H , , ,C,100,0,0,1,,,1896243,5790762
Rotorua District,36/28/0.113,1120,S, ,TE MATAI ROAD,201413910,26/03/2014,Wed,1056,DB,CS1,132A 817 ,,E,D,BF,F , ,N,N,100,0,0,1,,,1878617,5793728
Rotorua District,36/28/8.101,420,N, ,JACKSON ROAD,201430019,05/01/2014,Sun,1630,DB,CN1,131A ,,M,W,ON,H , ,N,C,100,0,0,0,,,1881865,5788310
Rotorua District,36/28/8.521,, ,I,JACKSON ROAD,201448688,26/11/2014,Wed,1959,GE,CS1V,387A 197B 607B ,S,E,D,TN,F ,T,G,C,100,0,0,0,,,1881758,5787908
Rotorua District,36/28/9.499,2600,N, ,HAMURANA ROAD,201413453,25/06/2014,Wed,1926,DA,CS1,111A 131A ,V,M,W,DN,L , , ,C,100,0,0,1,,,1882215,5787196
Rotorua District,36/28/11.079,1020,N, ,HAMURANA ROAD,201433882,04/04/2014,Fri,2025,FO,CS1C,181A 191B ,,R,W,DN,F , , ,C,100,0,0,0,,,1882427,5785748
Rotorua District,36/28/11.899,200,W, ,HAMURANA ROAD,201448153,17/11/2014,Mon,1100,CA,CW1,112A 130A 402A ,X,R,W,O ,H , , ,C,100,0,0,0,,,1882782,5785011
Rotorua District,36/28/11.999,100,N, ,HAMURANA ROAD,201446329,19/09/2014,Fri,900,DB,CN1,129A 134A ,,E,W,ON,H , ,N,C,100,0,0,0,,,1882828,5784922
Rotorua District,36/28/13.631,, ,I,GLOUCESTER ROAD,201432190,15/02/2014,Sat,1425,KB,VS14,302B 375B ,,R,D,B ,F ,T,G,C,100,0,0,0,,,1881993,5783798
Rotorua District,36/28/13.97,, ,I,CENTRAL ROAD,201430018,05/01/2014,Sun,1400,DA,CN1,131A ,P,S,W,ON,L ,T,S,C,100,0,0,0,,,1881703,5783623
Rotorua District,36/28/14.02,50,S, ,CENTRAL ROAD,201436458,10/05/2014,Sat,1915,EC,CS1,912,W,M,D,DO,F , ,N,C,100,0,0,0,,,1881693,5783574
Rotorua District,36/28/14.17,200,S, ,CENTRAL ROAD,201450757,14/12/2014,Sun,2030,MA,4S1C,373B ,,E,W,DN,L , ,N,C,100,0,0,0,,,1881694,5783432
Rotorua District,36/28/14.46,380,N, ,OTUROA ROAD,201410004,09/01/2014,Thu,1617,DA,VN1,111A 129A 131A 801 ,K,M,W,O ,L , , ,C,100,0,0,1,,,1881469,5783256
Rotorua District,36/28/14.84,, ,I,OTUROA ROAD,201445290,14/10/2014,Tue,1650,GD,CS1VC,110A 181A 110B 181B ,S,E,D,B ,F ,T,S,C,100,0,0,0,,,1881448,5782877
Rotorua District,36/28/15.115,150,N, ,LEONARD ROAD,201400200,08/10/2014,Wed,1345,BC,VN1C,111A 121A ,,E,D,O ,F , ,N,C,100,2,1,3,,,1881423,5782604
Rotorua District,36/28/16.076,400,N, ,WAITETI ROAD,201437732,01/06/2014,Sun,118,DA,CN1,103A 129A ,V,E,D,DN,F , , ,C,100,0,0,0,,,1881089,5781735
Rotorua District,36/28/17.337,, ,I,HOOD ST,201432132,24/03/2014,Mon,1800,JA,CN1C,302B 375B ,,R,D,O ,F ,T,G,C,50,0,0,0,,,1881646,5780650
Rotorua District,HALL ROAD,, ,I,36/28/17.706,201449675,31/12/2014,Wed,1150,PO,VE1E,306A 371A ,,R,D,O ,F ,X,G,X,50,0,0,0,,,1881781,5780328
Rotorua District,36/28/17.706,, ,I,HALL ROAD,201450874,09/12/2014,Tue,1347,KB,CS1C,302B 375B ,,R,D,OF,F ,X,G,R,50,0,0,0,,,1881781,5780328
Rotorua District,36/28/18.062,20,S, ,KOKIRI ST,201418333,07/12/2014,Sun,1620,BE,CS1CC,129A 410A ,,R,D,BF,F , , ,P,50,0,0,2,,,1881739,5779975
Rotorua District,36/28/18.131,100,N, ,STEMBRIDGE ROAD,201411775,02/04/2014,Wed,756,MC,CN14,372B ,,R,D,B ,F , , ,P,50,0,0,1,,,1881732,5779906
Rotorua District,36/28/18.664,, ,I,SH 5,201418282,23/12/2014,Tue,1310,FB,TS1C,331A 671A ,,R,D,B ,F ,R,G,C,50,0,0,1,,,1881889,5779416
Rotorua District,38/0/0.25,250,E, ,SH 5,201434667,31/03/2014,Mon,1923,QD,TW1,611A ,C,R,D,BF,F , ,N,C,100,0,0,0,,,1895575,5754285
Rotorua District,38/0/10.638,10,N, ,NORTHERN BOUNDARY ROAD,201439115,13/06/2014,Fri,1610,FA,CN1C,363A 402A 902 ,,R,D,B ,F ,T,N,C,100,0,0,0,,,1902768,5749048
Rotorua District,5/29/2.222,, ,I,OTUROA ROAD,201412058,17/04/2014,Thu,2205,CB,CE1,110A 132A 361A ,C,R,W,DO,F ,T,S,C,100,0,0,1,,,1869966,5784149
Rotorua District,5/29/7.355,2700,W, ,DALBETH ROAD,201435846,26/03/2014,Wed,952,DB,TE1,135A 407A 812 ,,E,D,BN,F , ,N,C,90,0,0,0,,,1874277,5781590
Rotorua District,5/29/10.928,200,E, ,TARUKENGA ROAD,201450761,02/12/2014,Tue,1340,CB,CE1,129A 358A ,V,R,D,BN,F , ,N,L,100,0,0,0,,,1877662,5781175
Rotorua District,5/29/13.467,, ,I,WESTERN ROAD,201416857,16/11/2014,Sun,1310,BC,MS1C,111A 121A ,,E,D,O ,F ,T,G,C,100,0,0,1,,,1879598,5780163
Rotorua District,5/29/14.97,15,W, ,PARADISE VALLEY ROAD,201436462,14/05/2014,Wed,825,GD,CW14,181A 927 ,,R,W,BF,F ,D,N,P,100,0,0,0,,,1880862,5779547
Rotorua District,5/29/15.894,100,W, ,SH 36,201438485,16/05/2014,Fri,1726,FA,CE1C,110A 331A 358A ,,R,D,DO,F , , ,C,100,0,0,0,,,1881775,5779402
Rotorua District,5/29/15.954,40,W, ,SH 36,201449678,28/12/2014,Sun,1230,FD,CE1C,181A 331A ,,R,D,B ,F , , ,C,100,0,0,0,,,1881834,5779392
Rotorua District,5/45/0.403,, ,I,HENDERSON ROAD,201430541,18/01/2014,Sat,2335,DB,CN1,131A 363A ,C,M,D,DO,F ,T,S,L,80,0,0,0,,,1882044,5779052
Rotorua District,5/45/1.503,1100,S, ,HENDERSON ROAD,201447194,10/11/2014,Mon,1815,MC,VS1C,372B ,,E,D,TF,F , , ,P,80,0,0,0,,,1882490,5778047
Rotorua District,5/45/1.512,950,N, ,BARNARD ROAD,201435336,01/05/2014,Thu,1723,FD,4N1C,181A ,,E,D,B ,F , , ,L,80,0,0,0,,,1882494,5778038
Rotorua District,5/45/1.862,600,N, ,BARNARD ROAD,201434542,19/04/2014,Sat,2137,CB,CS1,129A ,S,R,W,DO,L , ,N,R,60,0,0,0,,,1882491,5777696
Rotorua District,5/45/2.422,40,N, ,BARNARD ROAD,201447332,14/11/2014,Fri,1342,JA,MN1C,112A 132A 927 ,,R,D,B ,F ,D,N,R,60,0,0,0,,,1882571,5777155
Rotorua District,5/47/0,, ,I,BARNARD ROAD,201448687,01/12/2014,Mon,740,FE,TN1C,181A 331A ,,R,W,O ,F ,T,T,C,60,0,0,0,,,1882585,5777118