TLANAME,CRASHROAD,CRASHDIST,CRASHDIRN,INTSN,SIDEROAD,CRASHID,CRASHDATE,CRASHDOW,CRASHTIME,MVMT,VEHICLES,CAUSES,OBJECTSSTRUCK,ROADCURVE,ROADWET,LIGHT,WTHRa,JUNCTYPE,TRAFCTRL,ROADMARK,SPDLIM,CRASHFATALCNT,CRASHSEVCNT,CRASHMINCNT,PERSAGE1,PERSAGE2,EASTING,NORTHING
Rotorua District,5/47/0.03,30,S, ,BARNARD ROAD,201432411,03/03/2014,Mon,,FD,CN1CCC,331A ,,R,D,B ,F , , ,R,60,0,0,0,,,1882596,5777090
Rotorua District,5/47/0.371,5,N, ,KAWAHA POINT ROAD,201434197,05/03/2014,Wed,1355,FE,CS1C,108A 331A ,,R,D,B ,F ,T,T,R,60,0,0,0,,,1882717,5776771
Rotorua District,5/47/0.376,, ,I,KAWAHA POINT ROAD,201441691,30/07/2014,Wed,1945,JA,CS1C,322A 351A 402A ,,E,D,DO,F ,T,T,N,60,0,0,0,,,1882719,5776767
Rotorua District,5/47/0.754,50,N, ,OLD QUARRY ROAD,201431380,28/02/2014,Fri,2125,FE,VN14,181A ,,R,D,BF,F , ,T,C,60,0,0,0,,,1882857,5776414
Rotorua District,5/47/0.804,, ,I,OLD QUARRY ROAD,201434541,17/04/2014,Thu,830,NB,CS1E,713B ,,R,D,BF,F ,T,S,R,60,0,0,0,,,1882875,5776367
Rotorua District,5/47/0.804,, ,I,OLD QUARRY ROAD,201439420,05/07/2014,Sat,1050,JC,CE1C,301A 375A ,,E,D,O ,F ,T,S,C,50,0,0,0,,,1882875,5776367
Rotorua District,5/47/1.046,, ,I,FERGUSON PLACE,201438486,10/06/2014,Tue,1605,JA,CN1C,302B 375B 801 ,,R,W,O ,L ,T,G,R,60,0,0,0,,,1882955,5776141
Rotorua District,5/47/1.334,, ,I,RUSSELL ROAD,201446899,23/09/2014,Tue,1400,MG,4S1C,330B 371B ,,R,D,O ,F ,T,G,R,50,0,0,0,,,1883070,5775877
Rotorua District,5/47/1.334,, ,I,RUSSELL ROAD,201446712,31/10/2014,Fri,1000,KB,4N1C,302B 382B ,,R,W,O ,L ,T,G,R,60,0,0,0,,,1883059,5775873
Rotorua District,5/47/1.858,20,S, ,CLAYTON ROAD,201447329,18/11/2014,Tue,1146,FD,CN1CC,112A 331A ,,R,D,B ,F ,X,T,C,60,0,0,0,,,1883248,5775384
Rotorua District,5/47/1.864,, ,I,LAKE ROAD,201449413,24/12/2014,Wed,1510,FE,CS1B,181A 331A ,,R,D,B ,F ,X,T,R,60,0,0,0,,,1883260,5775382
Rotorua District,5/47/1.904,40,S, ,LAKE ROAD,201433823,08/04/2014,Tue,1820,GA,CS1C,181A 331A 926 ,,R,D,O ,F ,D,N,R,60,0,0,0,,,1883275,5775345
Rotorua District,5/47/2.397,, ,I,TALLYHO ST,201415553,13/09/2014,Sat,1948,DA,CN1,111A 133A 403A ,T,E,W,DO,  ,R,G,R,60,0,0,3,,,1883378,5774859
Rotorua District,5/47/2.935,, ,I,DEPOT ST,201412696,07/04/2014,Mon,1120,LB,SS1C,303B 375B ,,R,D,BF,F ,T,G,R,50,0,0,1,,25,1883503,5774344
Rotorua District,5/47/3.021,15,S, ,SHIRLEY ST,201440531,21/07/2014,Mon,1533,FD,4N1V,331A ,,R,D,B ,F , , ,R,60,0,0,0,,,1883509,5774255
Rotorua District,5/47/3.22,, ,I,SH 30A,201444474,18/09/2014,Thu,905,FE,CS1C,181A 330A 331A ,,R,D,O ,F ,T,T,R,60,0,0,0,,,1883562,5774065
Rotorua District,5/50/0,, ,I,SH 30A,201431070,14/02/2014,Fri,2207,FE,VW1C,181A 427A ,,R,D,DO,F ,T,T,R,50,0,0,0,,,1883551,5774056
Rotorua District,5/50/0.522,, ,I,CORLETT ST,201415988,16/09/2014,Tue,1710,GB,VN1S,142A 175A 370A ,,R,D,B ,F ,T,G,R,50,0,0,1,,50,1883658,5773546
Rotorua District,5/50/0.884,, ,I,MALFROY ROAD WEST,201411927,04/04/2014,Fri,815,CB,CE2,410A 504A ,P,R,D,DO,F ,X,T,C,50,0,0,1,,,1883742,5773188
Rotorua District,5/50/0.89,, ,I,MALFROY ROAD,201439285,13/06/2014,Fri,1513,PO,BN1,701B ,,S,D,B ,F ,X,T,P,50,0,0,0,,,1883742,5773188
Rotorua District,5/50/0.89,, ,I,MALFROY ROAD WEST,201414744,25/07/2014,Fri,1645,NB,CN1E,194A 402A 710B 714B ,,R,D,B ,F ,X,T,R,50,0,0,1,82,,1883742,5773188
Rotorua District,5/50/0.998,15,N, ,YORK ST,201442246,19/08/2014,Tue,1540,CB,CN1,130A 631A ,S,R,W,O ,L , , ,R,60,0,0,0,,,1883766,5773083
Rotorua District,5/50/1.568,, ,I,MANUKA CRESCENT,201418067,04/12/2014,Thu,1859,LB,SN1C,303B ,,R,D,BF,F ,T,G,C,50,0,0,1,,34,1883880,5772525
Rotorua District,5/50/1.941,, ,I,DEVON ST,201443001,01/09/2014,Mon,2104,HA,CN1C,302A 375A 402A ,,E,W,DO,F ,R,G,C,50,0,0,0,,,1883951,5772173
Rotorua District,5/50/3.411,50,N, ,SH 30 HEMO,201412353,16/04/2014,Wed,1544,MC,CN1C,102A 102B 372B 404B 903 ,,R,D,O ,FS, , ,C,100,0,0,3,,,1884351,5770824
Rotorua District,5/50/3.441,20,S, ,SH 30,201430548,01/02/2014,Sat,1739,DA,CS1,506A ,X,E,D,B ,F , , ,N,50,0,0,0,,,1884368,5770799
Rotorua District,5/56/2.38,550,N, ,FIVE MILE GATE ROAD,201445059,18/10/2014,Sat,716,DB,CN1,101A 131A ,FT,E,D,B ,F , ,N,C,100,0,0,0,,,1885496,5767739
Rotorua District,5/56/2.83,100,N, ,FIVE MILE GATE ROAD,201448684,01/12/2014,Mon,1250,FA,VN1C,331A 402A ,,R,D,B ,F , , ,C,100,0,0,0,,,1885428,5767294
Rotorua District,5/56/5.205,5000,S, ,WAIPA MILL ROAD,201435335,04/05/2014,Sun,1500,DA,4S1,103A 131A ,,E,D,B ,F , , ,C,100,0,0,0,,,1886196,5765345
Rotorua District,5/56/5.639,2000,N, ,TUMUNUI ROAD,201444475,14/09/2014,Sun,800,QG,TN1T,668A 191B 198B ,D,E,W,O ,F , , ,C,100,0,0,0,,,1886596,5765190
Rotorua District,5/56/6.239,1400,N, ,TUMUNUI ROAD,201443597,11/06/2014,Wed,1820,DA,CN1,129A 363A 601A ,G,E,W,DN,L , ,N,C,100,0,0,0,,,1887112,5764885
Rotorua District,5/67/0.204,3000,S, ,TUMUNUI ROAD,201446947,27/07/2014,Sun,908,CC,VN1,135A 802 ,FS,R,I,BN,FF, ,N,C,100,0,0,0,,,1889893,5761739
Rotorua District,5/67/0.5,500,S, ,HIGHLANDS LOOP ROAD,201410240,20/01/2014,Mon,2315,CC,VN1,130A 410A ,C,R,W,DN,L , ,N,C,100,0,0,1,,,1890111,5761538
Rotorua District,5/67/1.609,30,N, ,WILSON ROAD,201440530,14/07/2014,Mon,1500,QG,TS1,130A 682A ,,R,D,B ,F ,T,N,L,100,0,0,0,,,1890443,5760516
Rotorua District,5/67/3.005,6000,S, ,WAIPA SOUTH MILL ENT,201430276,06/01/2014,Mon,1420,CB,CN1,129A 130A 410A ,CX,R,D,B ,F , , ,C,100,0,0,0,,,1891106,5759441
Rotorua District,5/77/3.478,, ,I,WAIOTAPU LOOP ROAD N,201416870,17/11/2014,Mon,1513,MC,4S1C,110B 372B ,F,R,W,O ,L ,T,S,C,100,0,1,3,,,1893996,5751138
Rotorua District,5/77/3.494,50,S, ,WAIKITE VALLEY ROAD,201434668,14/04/2014,Mon,2025,BA,VS1C,125A 404A ,,R,D,DO,F , ,N,P,100,0,0,0,,,1893994,5751122
Rotorua District,5/77/3.544,100,S, ,WAIKITE VALLEY ROAD,201430841,02/01/2014,Thu,1205,LB,CN1V,303B 375B 927 ,,E,D,BF,F ,D,N,P,100,0,0,0,,,1893986,5751072
Rotorua District,5/77/5.001,, ,I,WAIOTAPU LOOP ROAD S,201449412,05/12/2014,Fri,1434,DB,CS1C,111A 181A 111B ,,M,D,B ,F ,T,G,C,100,0,0,0,,,1893745,5749703
Rotorua District,5/77/5.001,, ,I,WAIOTAPU LOOP ROAD S,201445058,20/10/2014,Mon,1300,JA,TS1C,302B 375B ,,R,D,B ,F ,T,G,L,100,0,0,0,,,1893745,5749703
Rotorua District,5/77/5.001,, ,I,WAIOTAPU LOOP ROAD S,201442330,27/08/2014,Wed,936,CB,CS1,129A 330A ,GV,R,D,B ,F ,T,G,C,100,0,0,0,,,1893745,5749703
Rotorua District,5/77/5.001,, ,I,WAIOTAPU LOOP ROAD S,201416842,10/10/2014,Fri,1136,DB,4S1,131A 359A ,G,R,D,B ,F ,T,G,L,100,0,0,1,,,1893745,5749703
Rotorua District,5/77/7.501,2500,S, ,WAIOTAPU LOOP ROAD S,201410686,25/02/2014,Tue,430,DA,4S1,111A 407A ,C,E,D,DN,F , ,N,N,50,0,0,2,,,1892553,5747622
Rotorua District,5/77/9.215,, ,I,SETTLERS ROAD,201438102,29/04/2014,Tue,2119,JA,CS1C,302B 375B ,,E,D,DO,F ,T,G,C,100,0,0,0,,,1891918,5746071
Rotorua District,5/77/9.575,360,S, ,SETTLERS ROAD,201400256,28/11/2014,Fri,1630,BE,VN1T,125A 410A 104B 197B ,,R,D,O ,F , ,N,C,100,2,2,4,,,1891778,5745744
Rotorua District,5/77/10.215,1000,S, ,SETTLERS ROAD,201410526,23/01/2014,Thu,1721,CB,VN1,136A 631A ,F,R,D,BN,F , ,N,C,100,0,0,2,,,1891454,5745192
Rotorua District,5/77/16.604,2000,S, ,REPOROA ROAD,201415552,07/09/2014,Sun,116,DA,CN1,111A 129A 134A 353A ,FV,E,D,DN,F , , ,C,100,0,0,3,,,1889273,5739443
Rotorua District,5/77/20.082,, ,I,SPRINGS ROAD,201446328,23/09/2014,Tue,1300,QG,TN1,136A 665A ,E,E,D,BF,F ,T,S,C,100,0,0,0,,,1888336,5736398
Rotorua District,5/77/21.442,310,N, ,TUTUKAU ROAD,201400058,23/03/2014,Sun,740,BF,CN1C,131A 402A 412A ,,E,D,BN,F , , ,C,100,1,1,0,,,1887323,5735543
Ruapehu District,BELL ROAD,120,S, ,WARD ST,201436119,17/04/2014,Thu,1135,KA,TW1C,308B 901 929 ,,R,W,O ,H ,D,N,C,50,0,0,0,,,1795817,5693886
Ruapehu District,GOLDFINCH ST,100,S, ,SHANNON ST,201414229,08/07/2014,Tue,822,MC,CW1C,330B 372B ,,R,D,B ,F , ,N,C,50,0,0,1,,,1807164,5634859
Ruapehu District,MAATA ST,40,N, ,HARVEY ST,201418415,02/12/2014,Tue,1550,NA,CN1E,713B 732B ,,R,D,B ,F , , ,C,50,0,1,0,,,1796947,5693565
Ruapehu District,MANUAUTE ST,50,S, ,SH 4,201412849,17/04/2014,Thu,1418,MO,CE1,133A 801 ,HKX,R,W,O ,L , , ,N,50,0,1,0,,,1796284,5693717
Ruapehu District,MARSACK ROAD,40,W, ,MORERO TERRACE,201414681,31/07/2014,Thu,,DA,CE1,410A 801 ,EZ,E,W,O ,L , , ,C,50,0,1,0,,,1796486,5693043
Ruapehu District,MARSACK ROAD,610,W, ,RACECOURSE ROAD,201432727,26/02/2014,Wed,1500,DA,VE1,101A 131A 138A 402A ,,M,D,B ,F , , ,N,100,0,0,0,,,1798972,5693009
Ruapehu District,MIRIAMA ST,, ,I,KATARINA ST,201417816,26/11/2014,Wed,755,LB,CE1C,191A 197A 303B 330B 801 ,,R,W,O ,L ,X,G,C,50,0,0,1,,,1795959,5693627
Ruapehu District,MIRO ST,80,E, ,RATA ST,201414748,28/07/2014,Mon,140,CB,CE1,103A 130A 802 ,P,R,W,DO, F, , ,C,50,0,0,1,,,1801593,5693124
Ruapehu District,MIRO ST,250,W, ,RATA ST,201415864,18/09/2014,Thu,1540,PO,BW1E,102A 722B 727B ,,R,D,O ,F , , ,C,50,0,0,1,5,,1801278,5693219
Ruapehu District,NGAKONUI-ONGARUE ROAD,2500,N, ,STEWART ROAD,201448935,06/12/2014,Sat,1015,DA,CN1,131A 813 ,C,M,D,B ,F , , ,N,100,0,0,0,,,1808136,5707646
Ruapehu District,NGAKONUI-ONGARUE ROAD,550,N, ,TAUMARUNUI-NGAPUKE ROAD,201444016,09/08/2014,Sat,2229,DB,CN1,108A 111A 131A 514A ,C,M,W,DN,M , ,N,C,100,0,0,0,,,1801214,5700879
Ruapehu District,ONGARUE STREAM ROAD,4750,E, ,KOKOMIKO ROAD,201444190,28/08/2014,Thu,1530,DB,TS1,129A 134A 815 ,,E,D,ON,F , ,N,N,100,0,0,0,,,1809673,5725127
Ruapehu District,ONGARUE-WAIMIHA ROAD,1210,N, ,ONGARUE VILLAGE ROAD,201400080,10/04/2014,Thu,1005,CC,ON1,129A 134A ,EX,R,D,O ,F , , ,C,100,1,0,0,,,1798858,5712976
Ruapehu District,ORUAKUKURU ROAD,2000,N, ,SH 4,201418453,17/11/2014,Mon,1900,DB,4S1,111A 131A 901 ,F,S,W,DN,H , , ,C,100,0,0,2,,,1798983,5624960
Ruapehu District,PARA ST,50,S, ,TAUPO ROAD,201414611,29/05/2014,Thu,1715,MO,SS1C,105A 204A 602A 614A 308B 378B 801 929+,,R,W,DO,L ,D, ,C,50,0,0,1,,49,1799370,5693539
Ruapehu District,PORO-O-TARAO ROAD,2000,S, ,TAPUWAE ROAD,201411253,24/02/2014,Mon,1100,DA,TN1,129A 131A ,,M,D,B ,F , , ,C,100,0,0,1,,,1802250,5728886
Ruapehu District,PUKEHOU ROAD,3200,S, ,SH 41,201438663,29/05/2014,Thu,1400,DB,VS1,111A 131A 402A 813 ,C,M,D,B ,F , , ,N,100,0,0,0,,,1808309,5690339
Ruapehu District,RAETIHI OHAKUNE ROAD,820,S, ,MANGAWHERO RIVER ROAD,201414181,03/06/2014,Tue,1607,LB,CS1V,303B 378B 834 929 ,,R,D,ON,F ,D,N,C,100,0,0,3,,,1800876,5633502
Ruapehu District,RAETIHI OHAKUNE ROAD,500,W, ,MANGAWHERO RIVER ROAD,201439570,03/07/2014,Thu,1042,DA,VW1,111A 131A 802 ,EF,M,I,O ,F , , ,C,100,0,0,0,,,1801168,5633614
Ruapehu District,RAETIHI OHAKUNE ROAD,1000,E, ,NGAPAKIHI ROAD,201431518,23/01/2014,Thu,2100,DB,CE1,103A 111A 131A ,F,E,D,TN,F , ,N,C,100,0,0,0,,,1799317,5632802
Ruapehu District,RAETIHI OHAKUNE ROAD,80,E, ,PAKIHI ROAD,201414849,18/06/2014,Wed,1000,FD,VW1CC,181A ,,E,W,ON,L , ,N,C,100,0,1,0,,,1800024,5633139
Ruapehu District,RAETIHI OHAKUNE ROAD,600,W, ,SMITHS ROAD,201414557,14/07/2014,Mon,1300,DA,TE1,191A 523A 524A 532A ,V,E,D,O ,F , , ,C,100,0,0,1,,,1802650,5633812
Ruapehu District,RATA ST,20,N, ,SH 4,201415863,25/08/2014,Mon,750,NA,CS1E,711B ,,R,D,O ,M , , ,C,70,0,0,1,15,,1801435,5692983
Ruapehu District,SEDDON ST,80,W, ,DUNCAN ST,201440065,30/05/2014,Fri,1020,MO,CW1V,371B ,,R,D,BF,F , ,N,C,50,0,0,0,,,1795891,5633482
Ruapehu District,SEDDON ST,20,W, ,SH 4,201432648,15/03/2014,Sat,1000,CC,CE1C,103A 112A 132A ,M,R,D,B ,F ,X,S,C,50,0,0,0,,,1796388,5633289
Ruapehu District,SEDDON ST,50,E, ,WARD ST,201447908,31/10/2014,Fri,1230,MO,CE1C,371A 371B ,,R,D,O ,F , , ,C,50,0,0,0,,,1796225,5633352
Ruapehu District,SHANNON ST,80,W, ,TAINUI ST,201416252,21/09/2014,Sun,204,CA,CE14,103A 130A ,M,R,D,DO,F , , ,C,50,0,0,1,,,1807678,5634541
Ruapehu District,TAUMARUNUI-NGAPUKE ROAD,550,E, ,JURGENS ROAD,201439255,22/05/2014,Thu,2200,DA,40,131A 410A ,FT,M,W,DN,F , , ,N,100,0,0,0,,,1797371,5699358
Ruapehu District,TAUPO ROAD,, ,I,POROU ST,201431732,09/01/2014,Thu,1250,HA,4E1C,302B ,,R,D,O ,F ,X,G,C,50,0,0,0,,,1799070,5693499
Ruapehu District,TAUPO ROAD,300,W, ,TUKU ST,201416938,05/06/2014,Thu,540,CA,4E1M,129A 410A 341B ,PX,R,D,DO,M , ,N,C,50,0,0,2,,,1798155,5693704
Ruapehu District,THE INCLINE,100,N, ,BELL ROAD,201449294,05/11/2014,Wed,845,FA,CE14,181A ,,R,D,B ,F , , ,C,50,0,0,0,,,1795993,5693897
Ruapehu District,WAITEWHENA ROAD,1330,E, ,HAPURUA ROAD,201411656,15/01/2014,Wed,1615,BB,TN1C,129A 101B ,,S,D,ON,F , ,N,N,100,0,0,1,,,1773557,5704531
Ruapehu District,1N/794/0.323,1000,S, ,TUKINO ACCESS,201439943,07/06/2014,Sat,845,CB,CS1,129A ,C,R,W,BN,F , ,N,C,100,0,0,0,,,1836291,5645737
Ruapehu District,1N/794/0.573,1250,S, ,TUKINO ACCESS,201450929,24/12/2014,Wed,940,CB,CS1,410A ,S,R,D,O ,F , , ,C,100,0,0,0,,,1836145,5645534
Ruapehu District,1N/794/0.923,1600,S, ,TUKINO ACCESS,201413049,02/05/2014,Fri,1500,GC,CN14,174B 372B 375B 926 ,,R,D,BN,F ,D,N,C,100,0,0,1,,,1835936,5645254
Ruapehu District,1N/794/5.452,3990,S, ,PARADISE VALLEY ROAD,201445788,11/10/2014,Sat,1418,CB,CN1,110A 135A 901 ,,R,W,O ,H , ,N,C,100,0,0,0,,,1834419,5641035
Ruapehu District,1N/794/5.452,3990,S, ,PARADISE VALLEY ROAD,201445773,11/10/2014,Sat,1430,CC,CN1,110A 132A ,C,R,W,O ,H , ,N,C,100,0,0,0,,,1834419,5641035
Ruapehu District,1N/794/8.469,1900,N, ,ACCESS ROAD NO 17,201415363,23/06/2014,Mon,755,CB,VN1,129A 134A 350A ,C,R,W,O ,MF, ,N,C,100,0,0,1,,,1833624,5638125
Ruapehu District,1N/794/19.026,2000,N, ,HASSETT DRIVE,201439587,03/07/2014,Thu,950,CB,CN1,130A 802 ,C,R,I,B ,F , , ,C,100,0,0,0,,,1830015,5628361
Ruapehu District,1N/794/19.451,40,N, ,RUAPEHU ROAD,201444535,06/09/2014,Sat,700,EC,CS1,911,W,R,W,O ,L , , ,C,100,0,0,0,,,1829851,5627970
Ruapehu District,1N/794/19.491,, ,I,RUAPEHU ROAD,201437605,26/05/2014,Mon,925,LB,CS14,370A 602A 632A 303B 375B 378B ,,R,W,O ,F ,T,S,P,100,0,0,0,,,1829834,5627933
Ruapehu District,1N/794/20.63,, ,I,SH 49,201443341,03/09/2014,Wed,1755,CB,CS1,110A 135A 402A 803 ,,R,I,TN,SF,T,G,C,70,0,0,0,,,1829516,5626858
Ruapehu District,1N/815/0.886,490,S, ,HASSETT DRIVE,201410513,17/01/2014,Fri,950,DA,CS1,131A 358A ,F,E,D,ON,F , ,N,C,100,0,0,2,,,1829686,5625991
Ruapehu District,1N/815/0.945,1750,N, ,WAIOURU RAIL OBR,201431519,10/01/2014,Fri,2015,DA,CS1,129A 134A 358A ,S,E,D,ON,F , ,N,L,100,0,0,0,,,1829689,5625932
Ruapehu District,1N/815/2.496,2100,S, ,HASSETT DRIVE,201439576,03/07/2014,Thu,1035,EA,CN14,130A 802 ,M,R,I,B ,S , , ,C,100,0,0,0,,,1829932,5624418
Ruapehu District,1N/815/6.286,1400,N, ,WAIARUHE ROAD,201431781,13/02/2014,Thu,1310,AD,CN1T,137A 156A 404A 831 ,,E,D,B ,F , , ,C,100,0,0,0,,,1830653,5620982
Ruapehu District,1N/815/7.386,300,N, ,WAIARUHE ROAD,201441919,08/08/2014,Fri,2200,DA,VN1,135A 407A 802 ,V,M,I,DN,S , , ,C,100,0,0,0,,,1830404,5619978
Ruapehu District,1N/815/9.626,1940,S, ,WAIARUHE ROAD,201433777,06/02/2014,Thu,1035,DA,CS1,129A 131A 410A ,F,E,D,B ,F , , ,C,100,0,0,0,,,1831555,5618270
Ruapehu District,4/45/0,, ,I,OHURA ROAD,201412274,02/03/2014,Sun,1453,DA,CS1,131A 410A ,CT,M,D,B ,F ,T,N,C,100,0,0,1,,,1793763,5714506
Ruapehu District,4/45/3.153,1000,N, ,ONGARUE-WAIMIHA ROAD,201435961,14/04/2014,Mon,2000,EC,CS1,820,X,M,D,DN,F , ,N,C,100,0,0,0,,,1795703,5712620
Ruapehu District,4/45/5.251,400,N, ,KOROMIKO ROAD,201415365,28/08/2014,Thu,2214,CC,CS1,112A 137A 150A ,CV,R,D,DN,F , ,N,C,100,0,0,1,,,1796499,5710745
Ruapehu District,4/45/11.2,1700,N, ,KURA ROAD,201436245,06/05/2014,Tue,534,EC,4N1T,820,X,R,W,DN,L , , ,C,100,0,0,0,,,1794539,5705600
Ruapehu District,4/45/11.419,, ,A,MURPHYS CORNER,201431733,07/01/2014,Tue,950,EC,CN1,820,D,E,D,B ,F , , ,C,100,0,0,0,,,1794496,5705386
Ruapehu District,4/45/11.419,, ,A,MURPHYS CORNER,201415529,03/08/2014,Sun,1336,DA,CS1,131A 402A 412A 904 ,C,E,W,O ,M , , ,C,100,0,0,1,,,1794496,5705386
Ruapehu District,4/45/12.397,1500,N, ,OKAHUKURA SADDLE ROAD,201414606,13/06/2014,Fri,2315,DB,CS1,131A 412A 904 ,V,E,D,DN,M , , ,C,100,0,0,1,,,1793717,5704813
Ruapehu District,4/45/14.23,1770,S, ,OHURA ROAD,201438667,28/06/2014,Sat,1200,CB,CS1,130A 404A 801 ,,R,W,O ,L , , ,C,100,0,0,0,,,1792950,5703259
Ruapehu District,4/45/15.744,30,N, ,OPOTIKI ROAD,201448936,07/12/2014,Sun,940,CB,CN1,351A 410A ,F,R,D,B ,F , , ,N,100,0,0,0,,,1792955,5701779
Ruapehu District,4/61/1.274,1500,S, ,OPOTIKI ROAD,201434070,21/04/2014,Mon,1255,EC,CN1,341A 826 ,D,E,D,B ,F , ,N,C,100,0,0,0,,,1792988,5700250
Ruapehu District,4/61/4.33,200,N, ,OKAIHAE ROAD,201445715,06/10/2014,Mon,1500,DA,CN1,350A 410A ,F,E,W,B ,L , ,N,C,100,0,0,0,,,1793877,5697483
Ruapehu District,4/61/4.47,60,N, ,OKAIHAE ROAD,201430167,03/01/2014,Fri,2310,DA,CN1,130A 402A 420A ,V,E,W,DN,L , ,N,C,100,0,0,0,,,1793890,5697344
Ruapehu District,4/61/4.93,400,S, ,OKAIHAE ROAD,201413507,27/06/2014,Fri,1725,CB,4S1,410A ,FT,R,W,DN,L , , ,C,100,0,0,1,,,1793984,5696894
Ruapehu District,4/70/0.182,180,W, ,KATARINA ST,201417893,13/12/2014,Sat,1230,NA,CS1E,713B ,,R,D,O ,F , , ,P,50,0,1,0,14,,1795772,5693764
Ruapehu District,4/70/0.642,50,W, ,MANUAUTE ST,201430725,04/02/2014,Tue,1510,MO,VE1C,371A ,M,R,D,BF,F , ,N,C,50,0,0,0,,,1796232,5693766
Ruapehu District,4/70/0.914,, ,I,HIKAIA ST,201440647,18/07/2014,Fri,1015,JA,CW1V,302B 363B 375B 902 ,,R,D,B ,F ,T,G,C,50,0,0,0,,,1796504,5693771
Ruapehu District,4/70/1.716,110,E, ,TAUPO ROAD SOUTH,201449767,19/12/2014,Fri,1600,DB,CE1,102A 410A ,F,E,D,B ,F , ,N,C,100,0,0,0,,,1797301,5693808
Ruapehu District,4/70/1.814,, ,A,TAUPO ROAD RLY OBR,201447910,27/10/2014,Mon,1000,DA,CS1,111A 131A 801 ,E,E,W,O ,L , , ,L,50,0,0,0,,,1797393,5693831
Ruapehu District,4/70/1.814,, ,A,TAUPO ROAD RLY OBR,201418409,19/12/2014,Fri,1000,BF,CE1V,111A 129A 131A 801 ,,E,W,O ,L , , ,L,50,0,0,1,,,1797393,5693831
Ruapehu District,4/70/1.964,200,W, ,BELL ROAD,201434071,20/04/2014,Sun,750,DB,CS1,110A 632A ,G,M,W,O ,F , ,N,C,50,0,0,0,,,1797510,5693923
Ruapehu District,4/70/4.441,, ,A,SH 4,201436236,17/05/2014,Sat,1405,DC,CE2V,112A ,K,R,D,B ,F , , ,R,100,0,0,0,,,1799932,5693803
Ruapehu District,4/70/4.746,120,N, ,RACECOURSE ROAD,201412275,20/04/2014,Sun,1654,CB,CS1,103A 110A ,V,R,W,O ,L , ,N,P,100,0,0,1,,,1800164,5693605
Ruapehu District,4/70/6.021,140,W, ,RATA ST,201415607,11/09/2014,Thu,1340,EA,SW1T,129A 330A ,M,R,D,B ,F , ,N,C,70,0,0,1,,38,1801300,5693028
Ruapehu District,4/70/6.649,500,N, ,SH 41,201438890,01/05/2014,Thu,1025,QG,CS1,130A 687A ,,R,D,BN,F , ,N,C,70,0,0,0,,,1801867,5692759
Ruapehu District,4/77/1.655,600,S, ,MAHOE ROAD,201417979,27/12/2014,Sat,911,DB,CN1,129A 358A 402A ,C,E,D,B ,F , , ,L,100,0,0,1,,,1803149,5691208
Ruapehu District,4/77/4.305,20,S, ,TANGA ROAD,201449257,18/12/2014,Thu,610,DA,4N1,111A 131A 800 ,FV,M,W,O ,M , , ,C,100,0,0,0,,,1802834,5688966
Ruapehu District,4/77/4.921,1300,S, ,TANOA ST,201441711,02/08/2014,Sat,2100,DB,CN1,111A 131A ,F,M,W,DO,L , , ,L,100,0,0,0,,,1803363,5688751
Ruapehu District,4/77/8.042,250,S, ,TUNANUI ROAD,201418408,20/12/2014,Sat,620,DB,4N1,131A 412A ,C,E,D,O ,F , , ,C,100,0,0,2,,,1804480,5686315
Ruapehu District,4/77/11.598,480,N, ,OTAPOURI ROAD,201411717,14/03/2014,Fri,1150,DA,VN1,410A ,CF,E,D,B ,F , , ,C,100,0,0,1,,,1806121,5683408
Ruapehu District,4/77/14.449,, ,I,OMAKI ROAD,201416531,25/07/2014,Fri,2100,GD,TN1C,174B ,,R,D,DO,F ,T,N,C,70,0,0,2,,,1805898,5680701
Ruapehu District,4/94/2.8,2800,S, ,OIO ROAD,201444928,19/09/2014,Fri,1915,DB,CN1,131A 359A ,C,E,W,DN,L , ,N,C,100,0,0,0,,,1806253,5676322
Ruapehu District,4/94/8.657,280,S, ,MANSONS SIDING ROAD,201410358,26/01/2014,Sun,1630,DA,CN1,131A 410A ,C,E,W,ON,H , ,N,C,100,0,0,1,,,1805794,5671145
Ruapehu District,4/94/9.577,1200,S, ,MANSONS SIDING ROAD,201414020,03/07/2014,Thu,856,CB,4N1,110A 330A 802 905 ,,R,I,B ,SF, ,N,C,100,0,0,1,,,1805605,5670255
Ruapehu District,4/94/9.677,1300,S, ,MANSONS SIDING ROAD,201417884,06/12/2014,Sat,1535,DA,CN1,131A 412A ,F,M,D,B ,F , , ,C,100,0,1,0,,,1805550,5670171
Ruapehu District,4/94/15.73,400,S, ,DENZIL DRIVE,201434575,03/03/2014,Mon,1150,DA,CN1,135A 404A 901 ,V,M,W,ON,H , ,N,C,100,0,0,0,,,1807054,5664764
Ruapehu District,4/94/16.13,800,S, ,DENZIL DRIVE,201436115,17/04/2014,Thu,930,DA,CN1,131A ,V,M,D,O ,FS, , ,C,100,0,0,0,,,1807021,5664385