TLANAME,CRASHROAD,CRASHDIST,CRASHDIRN,INTSN,SIDEROAD,CRASHID,CRASHDATE,CRASHDOW,CRASHTIME,MVMT,VEHICLES,CAUSES,OBJECTSSTRUCK,ROADCURVE,ROADWET,LIGHT,WTHRa,JUNCTYPE,TRAFCTRL,ROADMARK,SPDLIM,CRASHFATALCNT,CRASHSEVCNT,CRASHMINCNT,PERSAGE1,PERSAGE2,EASTING,NORTHING
Ruapehu District,4/114/5.423,300,N, ,ERUA ROAD,201432196,29/01/2014,Wed,1340,DA,CN1,134A 410A ,,M,D,B ,F , ,N,C,100,0,0,0,,,1806944,5655602
Ruapehu District,4/114/10.352,4010,N, ,POKAKA STATION ROAD,201440744,21/04/2014,Mon,1345,DA,CS1,111A 131A 801 ,C,E,W,O ,L , , ,C,100,0,0,0,,,1806595,5651226
Ruapehu District,4/114/10.778,, ,A,MAKATOTE BR,201440539,29/06/2014,Sun,1430,DA,CE1,131A 353A 800 804 ,V,S,W,O ,F , , ,C,100,0,0,0,,,1806958,5651112
Ruapehu District,4/114/11.791,2700,N, ,MANGATURUTURU EAST ROAD,201447614,12/11/2014,Wed,2056,DB,VS1,129A 131A ,V,M,I,DN,S , ,N,C,100,0,0,0,,,1806062,5650777
Ruapehu District,4/127/2.847,, ,A,MANGATURUTURU STREAM BR,201418723,16/12/2014,Tue,1830,CC,CS1,410A ,B,R,D,B ,F , , ,C,100,0,0,2,,,1806066,5646772
Ruapehu District,4/127/4.733,2400,N, ,HINAU ST,201439944,26/05/2014,Mon,1940,CC,CS1,135A 802 ,,R,I,DN,FF, ,N,C,100,0,0,0,,,1805682,5644934
Ruapehu District,4/127/5.446,2100,N, ,MATAPUNA ROAD,201416530,04/10/2014,Sat,740,BE,4N1T,135A 802 ,,R,I,ON,S , ,N,C,100,0,0,1,,,1805451,5644261
Ruapehu District,4/127/8.472,50,W, ,MIDDLE ROAD,201418023,22/09/2014,Mon,810,CB,CE1,803,F,R,I,ON,S , ,N,C,100,0,0,1,,,1803945,5641867
Ruapehu District,4/140/3.991,400,N, ,MANGAREWA ROAD,201434448,22/04/2014,Tue,1920,EC,TS1,801 912 ,CVW,R,W,DN,L , , ,L,100,0,0,0,,,1797442,5637103
Ruapehu District,4/140/8.077,230,S, ,RANFURLY TERRACE,201418159,27/10/2014,Mon,2220,DB,CS1,111A 131A 801 812 ,C,M,W,DN,L , , ,C,100,0,0,2,,,1796409,5633323
Ruapehu District,GREY ST,, ,I,4/148/0.378,201416099,21/01/2014,Tue,30,DC,CE1,110A 112A ,P,R,W,DO,L ,T,G,C,50,0,0,1,,,1796427,5632908
Ruapehu District,4/148/1.07,20,S, ,ALEXANDRA ROAD,201443172,15/08/2014,Fri,845,DA,CN1,131A 802 ,V,M,I,B ,F , , ,C,100,0,0,0,,,1796502,5632239
Ruapehu District,4/148/5.791,4500,N, ,ORUAKUKURU ROAD,201445026,14/10/2014,Tue,1112,CB,CS1,129A 350A ,,R,D,B ,F , ,N,L,100,0,0,0,,,1797773,5627838
Ruapehu District,4/148/8.291,2000,N, ,ORUAKUKURU ROAD,201441671,04/07/2014,Fri,1930,EC,CS1,912,W,E,D,DN,F , , ,C,100,0,0,0,,,1797090,5625646
Ruapehu District,4/148/8.291,2000,W, ,ORUAKUKURU ROAD,201412764,05/05/2014,Mon,1445,DB,VS1,101A 111A 131A ,E,E,W,ON,L , ,N,C,100,0,0,1,,,1797090,5625646
Ruapehu District,4/148/9.291,1000,N, ,ORUAKUKURU ROAD,201434403,16/04/2014,Wed,1920,DA,CN1,131A ,C,E,W,DN,F , , ,C,100,0,0,0,,,1796733,5624891
Ruapehu District,4/148/9.891,400,N, ,ORUAKUKURU ROAD,201444932,24/09/2014,Wed,700,DA,CS1,129A 134A ,,E,D,B ,F , ,N,C,100,0,0,0,,,1797159,5624612
Ruapehu District,4/158/7.24,1000,N, ,MATAHIWI TRACK,201450157,07/12/2014,Sun,1700,DB,VN1,131A 411A ,C,M,D,O ,F , , ,C,100,0,0,0,,,1795411,5618833
Ruapehu District,4/158/8.47,230,S, ,MATAHIWI TRACK,201445971,27/10/2014,Mon,1300,DA,CN1,111A 131A ,G,M,W,O ,L , , ,C,100,0,0,0,,,1794796,5617959
Ruapehu District,4/158/9.24,1000,S, ,MATAHIWI TRACK,201400226,21/10/2014,Tue,1730,CC,CN1,134A 358A ,TV,R,D,B ,F , ,N,C,100,1,0,0,,,1795126,5617411
Ruapehu District,4/158/15.495,7260,N, ,FIELDS TRACK,201414182,06/07/2014,Sun,1300,DA,MN1,121A ,G,M,D,BN,F , ,N,C,100,0,0,1,,,1797732,5613312
Ruapehu District,41/0/2.434,850,E, ,BODY ROAD,201436185,04/05/2014,Sun,1003,DB,CE1,130A ,F,E,D,O ,F , , ,C,100,0,0,0,,,1804582,5692440
Ruapehu District,41/0/5.709,, ,I,TAUMARUNUI-NGAPUKE ROAD,201415608,07/09/2014,Sun,950,LB,ME1C,303B 375B ,,R,W,B ,F ,T,N,C,100,0,1,0,,,1807789,5692522
Ruapehu District,41/11/5.5,5500,E, ,HOHOTAKA ROAD,201413920,07/02/2014,Fri,900,BF,ME1C,135A 800 810 ,,M,W,ON,F , ,N,C,100,0,1,0,,,1817054,5692193
Ruapehu District,41/11/5.9,5900,E, ,HOHOTAKA ROAD,201416345,21/10/2014,Tue,1500,DA,CW1,110A 121A 632A 903 ,CT,M,D,B ,FS, ,N,C,100,0,1,0,,,1817446,5692262
Ruapehu District,43/97/5.765,1900,W, ,HEAO ROAD,201447958,22/11/2014,Sat,1430,DA,40,129A 131A 404A 901 ,CEX,M,W,O ,H , , ,C,100,0,0,0,,,1767518,5685591
Ruapehu District,43/111/16.875,2500,W, ,SADDLER ROAD,201432064,22/01/2014,Wed,1725,DB,CW1,131A 404A 407A 800 901 ,EF,M,W,ON,H , ,N,C,100,0,0,0,,,1781257,5689287
Ruapehu District,43/130/17.111,500,S, ,MANIA ROAD,201436233,17/05/2014,Sat,920,DA,CN1,197A 407A ,,E,W,O ,M , , ,C,100,0,0,0,,,1794745,5691293
Ruapehu District,43/130/17.811,200,N, ,MANIA ROAD,201416066,18/09/2014,Thu,1457,DB,4N1,131A 610A 620A ,C,M,W,O ,F , ,N,C,100,0,0,1,,,1795063,5691914
Ruapehu District,47/0/2.8,2800,E, ,SH 4,201416961,25/10/2014,Sat,2105,DA,CW1,111A 131A ,,E,D,DN,F , ,N,C,100,0,0,1,,,1810183,5659954
Ruapehu District,47/0/3,3000,E, ,SH 4,201413598,08/08/2014,Fri,2057,DA,CE1,131A 197A 802 ,,M,I,DN,SF, , ,C,100,0,1,1,,,1810376,5659905
Ruapehu District,47/0/3,3000,E, ,SH 4,201435136,22/03/2014,Sat,1830,DA,4W1,131A 410A ,T,M,D,O ,F , ,N,L,100,0,0,0,,,1810376,5659905
Ruapehu District,47/0/4.1,4100,E, ,SH 4,201432542,19/01/2014,Sun,2155,EC,CW1,912,W,R,D,DN,F , ,N,C,100,0,0,0,,,1811391,5660323
Ruapehu District,47/0/4.88,4880,E, ,SH 4,201439483,02/07/2014,Wed,645,CC,TE1,135A 803 904 ,,R,I,B ,MF, ,N,C,100,0,0,0,,,1812159,5660443
Ruapehu District,47/0/6.036,2800,S, ,SH 48,201414747,16/07/2014,Wed,1600,DA,CS1,130A 412A ,C,E,W,TN,F , , ,C,100,0,0,1,,,1813288,5660647
Ruapehu District,47/0/8.436,400,W, ,SH 48,201446196,01/11/2014,Sat,1015,CC,4N1,129A 134A 501A ,VX,R,D,B ,F , , ,C,100,0,0,0,,,1815110,5662208
Ruapehu District,47/9/0.85,850,N, ,SH 48,201411574,06/02/2014,Thu,1330,BA,CW1C,129A ,,R,D,BN,F , ,N,C,100,0,1,1,,,1815905,5663161
Ruapehu District,47/9/2.433,50,S, ,PAPAMANUKA ROAD,201414610,15/07/2014,Tue,1800,DA,CS1,131A 358A ,C,E,D,DN,F , , ,C,100,0,0,1,,,1817052,5664147
Ruapehu District,47/9/2.483,, ,A,PAPAMANUKA ROAD,201417810,29/11/2014,Sat,1749,JA,BN1V,132A 309B 375B 404B ,,E,D,O ,F ,T,N,C,100,0,1,1,,,1817081,5664188
Ruapehu District,47/9/16.123,1000,W, ,SH 46,201411779,07/04/2014,Mon,1130,DB,CN1,131A 195A ,C,M,D,O ,F , , ,C,100,0,0,1,,,1824820,5674670
Ruapehu District,47/26/0,, ,I,SH 46,201441838,11/08/2014,Mon,1255,DA,CN1,137A 197A 353A 801 ,P,E,W,O ,L ,T,G,P,100,0,0,0,,,1825718,5675094
Ruapehu District,47/26/1.5,1500,E, ,SH 46,201414180,19/07/2014,Sat,900,CC,CS1,112A 135A 802 ,T,R,I,BN,FF, ,N,C,100,0,0,1,,,1827086,5675709
Ruapehu District,48/0/0,, ,I,SH 47,201443282,16/08/2014,Sat,900,DC,4N1C,112A 130A 420A 804 ,,R,D,B ,FF,T,G,C,100,0,0,0,,,1815411,5662472
Ruapehu District,48/0/0.11,110,E, ,SH 47,201446411,07/09/2014,Sun,805,MA,4W1C,373B ,,R,D,BN,F , ,N,C,100,0,0,0,,,1815453,5662370
Ruapehu District,48/0/3.3,3300,S, ,SH 47,201442285,16/08/2014,Sat,815,CB,4S1,130A 802 ,T,R,I,O ,S , , ,C,100,0,0,0,,,1817735,5660229
Ruapehu District,49/0/0.25,250,S, ,SH 4,201440104,03/07/2014,Thu,945,BF,CS1T,802 905 ,G,M,I,B ,SF, ,N,C,100,0,0,0,,,1800094,5639662
Ruapehu District,49/0/7.525,1000,N, ,OLD STATION ROAD,201441673,02/08/2014,Sat,1640,CB,CN1,130A 407A 903 ,,R,W,O ,LS, , ,C,100,0,0,0,,,1805787,5635314
Ruapehu District,49/11/0.903,20,E, ,TAINUI ST,201450572,20/12/2014,Sat,1455,FA,VW1C,331A ,,R,D,O ,F , , ,C,70,0,0,0,,,1807400,5633656
Ruapehu District,49/11/6.105,580,W, ,MANGAEHUEHU BR,201448828,03/11/2014,Mon,1620,DB,CS1,504A ,FX,E,D,B ,F , , ,C,100,0,0,0,,,1811452,5631317
Ruapehu District,49/11/7.23,, ,A,WAIHARURU BR,201449684,04/10/2014,Sat,730,DA,TE1,131A 615A ,,M,I,DN,S , , ,L,100,0,0,0,,,1812483,5630902
Ruapehu District,49/11/11.417,300,S, ,WHANGAEHU VALLEY ROAD,201445723,04/10/2014,Sat,730,DA,CS1,131A 135A ,CF,M,I,TN,SF, ,N,C,100,0,0,0,,,1815666,5628453
Ruapehu District,49/29/4,, ,A,WAITANGI BR,201400197,07/10/2014,Tue,319,DB,CE1,110A 131A 803 ,GT,E,I,DN,S , ,N,C,100,1,0,0,,,1825556,5627728
Ruapehu District,49/29/5.189,3810,N, ,NGAURUHOE ST,201445028,10/10/2014,Fri,445,CC,VW1,102A 410A ,FT,R,D,DN,F , ,N,C,100,0,0,0,,,1826743,5627745
Ruapehu District,49/29/5.531,3500,W, ,SH 1N,201413506,03/07/2014,Thu,1130,CC,40,130A 802 ,C,R,I,O ,F , , ,C,100,0,0,1,,,1827086,5627751
Selwyn District,BEALEY ROAD,600,W, ,COURTENAY ROAD,201400140,24/06/2014,Tue,820,CB,VW1,130A 802 ,CZ,R,I,B ,FF, , ,C,100,1,0,0,,,1534828,5179115
Selwyn District,BEALEY ROAD,940,E, ,COWANS ROAD,201414213,15/07/2014,Tue,2000,DB,CE1,103A 131A ,T,M,D,DN,F , ,N,N,100,0,0,1,,,1542310,5150024
Selwyn District,BEALEY ROAD,200,E, ,ESSENDON ROAD,201442563,27/06/2014,Fri,945,DB,CW1,111A 131A 400A ,F,E,D,BF,F , ,N,C,100,0,0,0,,,1523673,5177988
Selwyn District,BEALEY ROAD,270,E, ,ESSENDON ROAD,201415336,09/08/2014,Sat,100,DA,40,103A 359A ,FST,M,D,DN,F , ,N,C,100,0,1,0,,,1523741,5178004
Selwyn District,BEALEY ROAD,, ,I,HIGHFIELD ROAD,201443501,03/08/2014,Sun,1842,EC,CW1,912,W,R,D,DO,L ,X,G,C,100,0,0,0,,,1538541,5179710
Selwyn District,BEALEY ROAD,100,W, ,RIDGENS ROAD,201450138,14/12/2014,Sun,1257,FD,CW14C,130A 181A 331A 191B 197B 331B 191C 929+,,R,D,B ,F ,D, ,C,100,0,0,0,,,1531704,5178447
Selwyn District,BEALEY ROAD,2000,E, ,TELEGRAPH ROAD,201413482,24/06/2014,Tue,820,CC,4W1,130A 191A ,Q,R,I,B ,FF, , ,C,100,0,0,1,,,1533764,5178845
Selwyn District,BRAY ST,25,S, ,SH 73,201432143,16/01/2014,Thu,830,EA,CS1C,350A 370A ,M,R,D,B ,F ,T,N,C,50,0,0,0,,,1528021,5184407
Selwyn District,BROOKSIDE ROAD,1000,S, ,EDWARDS ROAD,201445547,04/10/2014,Sat,1015,CA,VS1,130A 813 ,,R,D,B ,F , , ,N,100,0,0,0,,,1547050,5169423
Selwyn District,BROOKSIDE ROAD,, ,I,WILLIAM ST,201434862,25/03/2014,Tue,832,GC,CS1V,333A 174B ,,R,W,OF,L ,T,N,C,50,0,0,0,,,1549429,5172779
Selwyn District,BUCKLEYS ROAD,400,W, ,IRWELL RAKAIA ROAD,201414174,17/07/2014,Thu,1450,CB,40,129A 358A ,PV,R,D,ON,F , ,N,N,100,0,0,1,,,1542122,5161087
Selwyn District,BURNHAM ROAD,, ,I,BROOKSIDE ROAD,201451088,25/12/2014,Thu,1710,HA,CS144,302B 375B ,,M,D,BF,F ,X,G,C,100,0,0,0,,,1546014,5167999
Selwyn District,COALTRACK ROAD,400,W, ,HOLLANDS ROAD,201417598,14/11/2014,Fri,1225,DB,MN1,129A 131A ,FP,S,D,ON,F , ,N,N,100,0,1,0,,,1529593,5171371
Selwyn District,COALTRACK ROAD,500,E, ,STRANGES ROAD,201414061,12/07/2014,Sat,2322,DB,CE1,103A 111A 514A ,F,M,D,DN,F , ,N,N,100,0,0,1,,,1534070,5168900
Selwyn District,COLERIDGE ROAD,250,S, ,HOMESTEAD ROAD,201438043,02/06/2014,Mon,1230,DA,4S1,131A 802 ,B,M,I,B ,F , , ,C,100,0,0,0,,,1485725,5193942
Selwyn District,DA VINCI AVENUE,, ,I,MANSE ST,201434484,15/04/2014,Tue,2200,DB,CN2,131A 402A 801 ,P,M,W,DO,L ,T,G,C,50,0,0,0,,,1543581,5155386
Selwyn District,DAYS ROAD,690,S, ,PANNETTS ROAD,201444488,15/09/2014,Mon,430,EC,4S1,912,W,E,D,DN,F , , ,N,100,0,0,0,,,1554714,5161293
Selwyn District,DEANS ROAD,30,N, ,SH 77,201414724,20/07/2014,Sun,1410,DB,MS1,135A 800 804 ,IS,E,D,B ,F ,T,G,R,100,0,0,2,,,1520024,5185830
Selwyn District,DOBBINS ROAD,, ,I,NORTH RAKAIA ROAD,201446746,24/10/2014,Fri,1715,DA,40,129A 134A ,,E,D,O ,F ,X,G,C,100,0,0,0,,,1536514,5145720
Selwyn District,DUNSANDEL AND BROOKSIDE R,, ,I,BRANCH DRAIN ROAD,201434859,18/03/2014,Tue,2300,DA,CS1,103A 111A 132A ,J,E,D,DN,F ,M,G,C,100,0,0,0,,,1541725,5161116
Selwyn District,DUNSANDEL ROAD,1860,N, ,MITCHELLS ROAD,201435401,15/02/2014,Sat,2155,CB,CS1,101A 112A 929 ,FP,R,D,DN,F ,D, ,C,100,0,0,0,,,1520299,5173120
Selwyn District,EAST MADDISONS ROAD,110,S, ,SELWYN ROAD,201443500,03/08/2014,Sun,1620,CB,CS1,135A 804 ,F,R,W,ON,L , ,N,N,100,0,0,0,,,1550813,5169093
Selwyn District,EDWARD ST,150,W, ,TOSSWILL ROAD,201441785,14/08/2014,Thu,1310,DA,CS1,423A 507A ,FJ,M,D,O ,F , , ,N,50,0,0,0,,,1560607,5174301
Selwyn District,ELLESMERE JUNCTION ROAD,100,W, ,DAYS ROAD,201436922,25/05/2014,Sun,230,CA,VW1,103A 130A 359A ,FV,R,D,DN,F , , ,C,100,0,0,0,,,1554516,5167455
Selwyn District,ELLESMERE JUNCTION ROAD,, ,I,SHANDS ROAD,201445563,07/09/2014,Sun,1730,KB,BW1C,301B ,,R,D,B ,F ,T,S,R,100,0,0,0,,,1555152,5167394
Selwyn District,ELLESMERE JUNCTION ROAD,, ,I,SHANDS ROAD,201450925,18/12/2014,Thu,2300,DA,4S2,103A 131A ,V,R,W,DO,F ,T,S,C,100,0,0,0,,,1555152,5167394
Selwyn District,ELLESMERE JUNCTION ROAD,, ,I,SPRINGS ROAD,201450570,25/12/2014,Thu,1210,JA,ME1C,302B 375B ,,R,D,B ,F ,R,G,C,70,0,0,0,,,1557296,5167775
Selwyn District,ELLESMERE ROAD,250,S, ,EDWARD ST,201440878,05/08/2014,Tue,2200,CB,CS1,195A ,V,R,D,DN,F , , ,C,100,0,0,0,,,1560024,5167050
Selwyn District,ELLESMERE ROAD,, ,I,LEADLEYS ROAD,201432644,04/03/2014,Tue,1310,JA,CS1C,301B 404B ,,R,W,O ,F ,X,S,C,100,0,0,0,,,1562250,5172005
Selwyn District,ELLESMERE ROAD,390,N, ,ROBINSONS ROAD,201415839,15/09/2014,Mon,844,CB,CN1,136A 620A ,TV,R,D,B ,F , , ,C,100,0,0,1,,,1562020,5170926
Selwyn District,ELLESMERE ROAD,230,S, ,ROBINSONS ROAD,201413647,11/05/2014,Sun,235,CC,4N1,103A 410A ,,R,D,DN,F , , ,C,100,0,0,1,,,1561824,5170346
Selwyn District,ELLESMERE ROAD,, ,I,ROBINSONS ROAD,201417845,25/09/2014,Thu,1015,HA,CE24,301A 353A 375A ,,R,D,B ,F ,X,S,C,100,0,1,0,,,1561936,5170547
Selwyn District,ELLESMERE ROAD,500,S, ,TANCREDS ROAD,201445538,09/10/2014,Thu,445,EC,4S1,912,W,R,D,DN,F , , ,C,100,0,0,0,,,1560662,5168243
Selwyn District,ELLESMERE ROAD,20,E, ,TOSSWILL ROAD,201430127,25/01/2014,Sat,1745,DA,CN1,111A 131A 402A ,,M,D,BF,F , ,N,C,100,0,0,0,,,1562387,5172574
Selwyn District,ENGLISHS ROAD,, ,I,CARTERS ROAD,201434049,10/04/2014,Thu,720,HA,CS1V,302A 375A ,,R,W,O ,L ,X,G,C,100,0,0,0,,,1558031,5163205
Selwyn District,GERALD ST,, ,I,SPRINGS ROAD,201436818,01/05/2014,Thu,1925,HA,CW1C,302A 375A ,,E,D,DO,F ,R,G,C,70,0,0,0,,,1557302,5167767
Selwyn District,GERALD ST,100,W, ,WEST BELT,201444405,02/09/2014,Tue,2019,EA,CW1C,129A 358A 402A ,M,R,D,DO,FS, , ,C,50,0,0,0,,,1558066,5167898
Selwyn District,GOULDS ROAD,, ,I,LOWES ROAD,201443785,11/09/2014,Thu,1350,LB,CN1C,302A ,,R,D,B ,F ,R,G,R,50,0,0,0,,,1550524,5172313
Selwyn District,GOULDS ROAD,, ,I,SELWYN ROAD,201412464,16/04/2014,Wed,1104,DC,TS1,191A 335A 615A 801 ,F,R,W,O ,L ,M,G,C,100,0,0,1,,,1549830,5168661
Selwyn District,GREENDALE ROAD,500,S, ,ELMHURST ROAD,201445545,06/10/2014,Mon,1805,DA,4N1,131A 801 901 ,P,M,W,O ,H , , ,C,100,0,0,0,,,1525029,5180522
Selwyn District,HALKETT ROAD,800,E, ,INTAKE ROAD,201416398,26/10/2014,Sun,1450,CB,40,130A 631A ,,R,D,O ,F , ,N,C,100,0,0,1,,,1542462,5184946
Selwyn District,HALKETT ROAD,500,W, ,WEEDONS ROSS ROAD,201445812,07/10/2014,Tue,1415,GD,CW1C,181A 927 ,,R,D,B ,F ,D,N,C,100,0,0,0,,,1548620,5182044
Selwyn District,HARMANS ROAD,, ,I,LEESTON DUNSANDEL ROAD,201416781,25/09/2014,Thu,1015,HA,CW24,302B ,,R,D,B ,F ,T,G,C,100,0,2,0,,,1542236,5154897
Selwyn District,HARPER ROAD,7000,N, ,LYNDON ROAD,201411280,15/02/2014,Sat,1350,DA,CN1,111A 131A 402A ,,M,D,O ,F , , ,N,100,0,0,1,,,1482236,5204976
Selwyn District,HIGH ST,50,N, ,HASTINGS ST,201449775,11/01/2014,Sat,10,CB,4N1,102A 350A ,P,R,D,DO,F , ,N,C,50,0,0,0,,,1539696,5149007
Selwyn District,HIGH ST,, ,I,MESSINES ST,201447880,27/10/2014,Mon,1435,HA,4W1C,302B 375B ,,R,D,BF,F ,X,G,P,50,0,0,0,,,1543660,5154383
Selwyn District,HORORATA ROAD,, ,I,HOBBS ST,201414917,16/06/2014,Mon,1049,JA,4S1C,375B ,,R,D,BN,F ,T,N,C,50,0,0,1,,,1515486,5178976
Selwyn District,HOSKYNS ROAD,, ,I,LINK DRIVE,201413472,18/06/2014,Wed,557,DC,MN1,363A ,KS,E,D,DO,F ,R,G,R,50,0,0,1,,,1550232,5174241
Selwyn District,HOSKYNS ROAD,, ,A,RAIL XING,201443793,08/09/2014,Mon,740,FE,CN1V,181A 402A ,,R,D,B ,F ,T,T,R,80,0,0,0,,,1550392,5173704
Selwyn District,HOSKYNS ROAD,, ,I,WEST MELTON ROAD,201446744,27/10/2014,Mon,1630,HA,4S1C,301B 375B ,,R,D,B ,F ,X,S,C,100,0,0,0,,,1548364,5176325
Selwyn District,INTAKE ROAD,950,N, ,OLD WEST COAST ROAD,201416795,31/10/2014,Fri,1449,CA,VN1,103A 130A 433A 813 ,,R,D,O ,F , , ,N,100,0,0,1,,,1542300,5186714
Selwyn District,IZONE DRIVE,, ,I,ILLINOIS DRIVE,201435390,02/05/2014,Fri,1630,DA,CN1,101A 111A 131A ,S,E,D,TF,F ,R,G,R,50,0,0,0,,,1548918,5174448
Selwyn District,JONES ROAD,, ,I,CURRAGHS ROAD,201434825,02/04/2014,Wed,1739,HA,VW1V,321B 352B ,,R,D,BF,F ,X,S,C,100,0,0,0,,,1555032,5176197
Selwyn District,JONES ROAD,, ,I,CURRAGHS ROAD,201445999,19/10/2014,Sun,1325,HA,VN2C,321A 330A ,,R,D,B ,F ,X,S,C,100,0,0,0,,,1555032,5176197
Selwyn District,JONES ROAD,100,E, ,DAWSONS ROAD,201411290,12/02/2014,Wed,1830,CC,CW1,130A ,T,R,D,TN,F , , ,C,100,0,1,0,,,1556295,5176871
Selwyn District,JONES ROAD,500,W, ,DAWSONS ROAD,201417749,29/11/2014,Sat,1949,AF,CW1S,129A 150A ,,R,D,B ,F , ,N,C,100,0,0,1,,41,1555766,5176589
Selwyn District,JONES ROAD,, ,I,DAWSONS ROAD,201439685,23/07/2014,Wed,1600,HA,CN24,301A 902 ,,R,D,B ,F ,X,S,C,100,0,0,0,,,1556207,5176825
Selwyn District,JONES ROAD,, ,I,DAWSONS ROAD,201418468,16/11/2014,Sun,1855,HA,4N1C,321B 330B ,,R,D,B ,F ,X,S,C,100,0,1,0,,,1556207,5176825
Selwyn District,JONES ROAD,, ,I,HOSKYNS ROAD,201435842,30/03/2014,Sun,1157,HA,CN2C,301B 314B 377B ,,R,D,BF,F ,X,S,N,60,0,0,0,,,1550369,5173794
Selwyn District,KIDMAN ST,25,E, ,TENNYSON ST,201447682,19/11/2014,Wed,1940,MC,CE1C,371B 514B ,Q,R,D,TN,F , ,N,C,50,0,0,0,,,1549961,5173298
Selwyn District,KIDMAN ST,, ,I,TENNYSON ST,201446109,21/10/2014,Tue,1210,KB,CN2C,321A 404A ,,R,D,O ,F ,X,S,R,50,0,0,0,,,1549943,5173282
Selwyn District,KOWAI ROAD,1470,N, ,POCOCK ROAD,201412465,09/04/2014,Wed,2230,DA,4S1,131A 191A 332A 800 904 ,P,S,W,DN,M , , ,N,100,0,0,1,,,1513363,5203085
Selwyn District,LEADLEYS ROAD,, ,I,ELLESMERE ROAD,201441535,12/08/2014,Tue,845,HA,TE1C,301A 375A ,,R,D,B ,F ,X,S,C,100,0,0,0,,,1562250,5172005
Selwyn District,LEESTON DUNSANDEL ROAD,, ,I,ANDERSONS ROAD,201416794,25/10/2014,Sat,1410,DA,ME1,111A 131A ,GV,M,D,O ,F ,T,G,C,100,0,1,1,,,1540679,5154905
Selwyn District,LEESTON ROAD,100,S, ,ELLESMERE JUNCTION ROAD,201443502,01/08/2014,Fri,815,MO,4S1C,385A ,M,R,D,BF,F , ,N,C,50,0,0,0,,,1553736,5167498
Selwyn District,LEESTON ROAD,, ,I,MOUNCES ROAD,201446322,15/09/2014,Mon,722,CB,VN1,136A 631A ,F,R,D,BF,F ,T,G,C,100,0,0,0,,,1552660,5165217
Selwyn District,LEESTON ROAD,500,S, ,PETTICOAT LANE,201414723,12/07/2014,Sat,1210,CB,4W1,130A 350A ,F,R,D,O ,F , , ,C,100,0,0,1,,,1545622,5155698
Selwyn District,LEESTON ROAD,, ,I,SELWYN LAKE ROAD,201417837,16/11/2014,Sun,1215,HA,CS1V,321B 335B ,,R,D,B ,F ,X,S,C,100,0,1,0,,,1548548,5160788
Selwyn District,LEESTON ROAD,, ,A,SELWYN RIV BR,201441461,18/07/2014,Fri,625,CA,CN1C,135A 802 905 ,B,R,I,DN,SF, ,N,C,100,0,0,0,,,1549533,5162587
Selwyn District,LEESTON ROAD,600,E, ,VOLCKMAN ROAD,201443789,09/09/2014,Tue,1644,CB,CE1,195A ,V,R,D,B ,F , , ,C,100,0,0,0,,,1544742,5155108
Selwyn District,LINCOLN ROLLESTON ROAD,2000,N, ,SELWYN ROAD,201416718,04/08/2014,Mon,1700,FA,CN1S,129A ,,R,D,B ,F , , ,C,100,0,0,1,,17,1551999,5172017
Selwyn District,LOWER LAKE ROAD,400,S, ,LAKESIDE RIDGE ROAD,201414269,12/08/2014,Tue,1100,EC,TS1,912,W,R,D,B ,F , ,N,N,100,0,0,1,,,1547933,5148256
Selwyn District,LOWES ROAD,120,E, ,JOZECOM PLACE,201411151,28/02/2014,Fri,1700,MO,4E1C,110A 130A 402A 901 ,M,R,W,O ,H , , ,C,50,0,0,1,,,1549375,5171628
Selwyn District,LOWES ROAD,110,W, ,LINCOLN ROLLESTON ROAD,201441829,07/08/2014,Thu,620,CC,CE1,103A 410A ,,R,D,DO,F , , ,C,50,0,0,0,,,1550957,5172569
Selwyn District,LYNDON ROAD,4000,E, ,HARPER ROAD,201441465,19/07/2014,Sat,1450,DB,CE1,131A 138A ,C,M,W,O ,F , ,N,N,100,0,0,0,,,1489147,5200497
Selwyn District,LYNDON ROAD,2500,S, ,SH 73,201436955,17/05/2014,Sat,1437,BB,4N14,129A 129B ,,S,D,O ,F , , ,N,100,0,0,0,,,1493962,5204066
Selwyn District,MADDISONS ROAD,, ,I,WEEDONS ROSS ROAD,201416160,01/10/2014,Wed,1041,HA,4N2C,191A 321B 330B 404B ,,R,D,O ,F ,X,S,C,100,0,1,2,,,1551681,5176111
Selwyn District,MAIN RAKAIA ROAD,1000,E, ,KNYVETTS ROAD,201418467,26/11/2014,Wed,1420,AO,TW1M,129A 353A 112B 130B 150B 197B 817 ,,R,D,B ,F , , ,C,100,0,1,1,,,1530932,5155265
Selwyn District,MARSHS ROAD,60,E, ,SHANDS ROAD,201416694,03/11/2014,Mon,1656,FD,CW14C,331A 352A ,,R,D,B ,F , , ,C,80,0,0,2,,,1560061,5176548
Selwyn District,MARSHS ROAD,, ,I,SHANDS ROAD,201449025,05/11/2014,Wed,1722,DA,CW2,133A 420A ,,E,D,OF,L ,X,S,C,80,0,0,0,,,1560009,5176578
Selwyn District,MCLAUGHLINS ROAD,20,S, ,CRESSY PLACE,201434964,12/04/2014,Sat,855,CC,CS1,135A 517A 804 ,FX,R,W,OF,F , ,N,C,50,0,0,0,,,1527226,5184060