TLANAME,CRASHROAD,CRASHDIST,CRASHDIRN,INTSN,SIDEROAD,CRASHID,CRASHDATE,CRASHDOW,CRASHTIME,MVMT,VEHICLES,CAUSES,OBJECTSSTRUCK,ROADCURVE,ROADWET,LIGHT,WTHRa,JUNCTYPE,TRAFCTRL,ROADMARK,SPDLIM,CRASHFATALCNT,CRASHSEVCNT,CRASHMINCNT,PERSAGE1,PERSAGE2,EASTING,NORTHING
Selwyn District,MOORE ST,15,W, ,TENNYSON ST,201442302,24/07/2014,Thu,2145,EA,4W1CC,103A 129A ,M,R,D,DO,F , ,N,C,50,0,0,0,,,1550054,5173069
Selwyn District,NORTH BELT,20,E, ,KILDARE TERRACE,201415867,25/09/2014,Thu,820,EA,SE1V,129A 330A ,M,R,D,O ,F , , ,N,50,0,0,1,,13,1558446,5168228
Selwyn District,NORTH BELT,40,E, ,LIFFEY PLACE,201432608,11/03/2014,Tue,1020,MC,CE1C,372B 404B ,,R,D,O ,F , ,N,N,50,0,0,0,,,1558550,5168246
Selwyn District,NORTH BELT,10,W, ,WILLIAM ST,201435298,26/03/2014,Wed,1415,EA,CE1C,129A 402A ,M,R,D,B ,F ,X,G,C,50,0,0,0,,,1558347,5168212
Selwyn District,OLD TAITAPU ROAD,60,S, ,GOLF LINKS ROAD,201436964,10/05/2014,Sat,1905,DB,MN1,103A 532A ,,E,D,DN,M , , ,C,100,0,0,0,,,1564109,5166749
Selwyn District,OLD WEST COAST ROAD,500,E, ,CALDERS ROAD,201434853,05/03/2014,Wed,1715,DA,CW1,129A 134A 632A ,FZ,E,W,ON,L , ,N,C,100,0,0,0,,,1545635,5185029
Selwyn District,OLD WEST COAST ROAD,10,W, ,CHATTERTONS ROAD,201417844,21/11/2014,Fri,1351,MC,CW1C,355B 372B ,,R,D,O ,F ,X,S,R,100,0,0,2,,,1553759,5183450
Selwyn District,OLD WEST COAST ROAD,500,W, ,COOKS ROAD,201434671,16/03/2014,Sun,1840,CB,CW1,130A ,VZ,R,W,ON,L , ,N,C,100,0,0,0,,,1533816,5188893
Selwyn District,OLD WEST COAST ROAD,300,W, ,COURTENAY ROAD,201441534,11/08/2014,Mon,2100,EC,4W1,912,W,R,D,DN,F , ,N,C,100,0,0,0,,,1537313,5187462
Selwyn District,OLD WEST COAST ROAD,300,N, ,KIMBERLEY ROAD,201433647,31/01/2014,Fri,1810,DB,CN1,111A 131A 407A ,C,E,D,B ,F , , ,C,100,0,0,0,,,1528759,5191840
Selwyn District,OLD WEST COAST ROAD,600,E, ,LANGDALES ROAD,201439076,15/06/2014,Sun,1717,GD,400000000000000,333A 353A 929 ,,R,D,BN,F ,D,N,C,100,0,0,0,,,1551800,5183404
Selwyn District,OLD WEST COAST ROAD,400,E, ,MELTON GRANGE ROAD,201413289,31/05/2014,Sat,903,MC,TW1V,330B 372B ,,E,D,B ,F , ,N,C,100,0,2,0,,,1548177,5184458
Selwyn District,OLD WEST COAST ROAD,200,E, ,MINCHINS ROAD,201411283,01/03/2014,Sat,915,DA,40,131A 681A ,,M,D,B ,F , , ,C,100,0,1,0,,,1525109,5193731
Selwyn District,OLD WEST COAST ROAD,, ,I,WEEDONS ROSS ROAD,201434485,17/04/2014,Thu,915,HA,CN2C,321A 517A ,,R,D,O ,F ,X,S,R,100,0,0,0,,,1549714,5183884
Selwyn District,OSBORN ROAD,210,E, ,VOSS ROAD,201411301,26/02/2014,Wed,1900,CB,CE1,135A 402A 813 ,V,R,D,BN,F , ,N,N,100,0,0,1,,,1563436,5169459
Selwyn District,RAILWAY ROAD,1500,N, ,NEWTONS ROAD,201442850,29/08/2014,Fri,1700,CC,CN1,130A 631A ,F,R,D,TN,F , ,N,N,100,0,0,0,,,1543888,5177707
Selwyn District,RAKAIA TERRACE ROAD,800,S, ,ARDLUI ROAD,201416285,12/08/2014,Tue,1940,CB,CS1,130A 404A 802 ,P,R,I,DN,F , , ,C,100,0,0,1,,,1518223,5162428
Selwyn District,RAKAIA TERRACE ROAD,2000,N, ,TE PIRITA ROAD,201413590,01/08/2014,Fri,1730,CB,4N1,130A 813 ,P,R,D,DN,F , , ,N,100,0,0,1,,,1509313,5169546
Selwyn District,RAKAIA TERRACE ROAD,1000,W, ,TERRACE ROAD,201411849,12/03/2014,Wed,1910,CB,CE1,129A 134A 350A ,F,R,D,TN,F , ,N,C,100,0,0,1,,,1518484,5162245
Selwyn District,ROLLESTON DRIVE,, ,I,KIDMAN ST,201411281,14/01/2014,Tue,656,KA,SN1C,302B 902 ,,R,D,B ,F ,T,G,C,50,0,0,1,,62,1550284,5173509
Selwyn District,SELWYN ROAD,500,W, ,ELLESMERE JUNCTION ROAD,201443778,13/09/2014,Sat,1545,CA,CW1,198A 813 ,P,R,W,O ,L , , ,N,100,0,0,0,,,1548421,5167989
Selwyn District,SELWYN ROAD,, ,I,GOULDS ROAD,201451015,25/12/2014,Thu,1750,CC,CW1,197A ,F,R,D,BF,F ,T,G,N,100,0,0,0,,,1549830,5168661
Selwyn District,SELWYN ROAD,, ,I,GOULDS ROAD,201432642,06/03/2014,Thu,1630,HA,4W1C,302B 375B ,,R,D,B ,F ,M,G,X,100,0,0,0,,,1549830,5168661
Selwyn District,SELWYN ROAD,, ,I,LINCOLN ROLLESTON ROAD,201438051,09/06/2014,Mon,1219,JA,CN2C,302B ,,E,W,O ,L ,M,G,C,100,0,0,0,,,1553672,5170920
Selwyn District,SELWYN ROAD,20,W, ,SHANDS ROAD,201442179,22/08/2014,Fri,900,FB,CN14,387A ,,R,D,B ,F ,T,S,C,100,0,0,0,,,1557659,5173335
Selwyn District,SELWYN ROAD,, ,I,SHANDS ROAD,201444625,25/09/2014,Thu,700,FB,VE14,181A 321A ,,R,D,DN,F ,T,S,L,100,0,0,0,,,1557676,5173346
Selwyn District,SELWYN ROAD,, ,I,SHANDS ROAD,201434517,18/02/2014,Tue,1039,DC,CE1,130A 501A ,S,E,D,BF,F ,T,S,C,100,0,0,0,,,1557676,5173346
Selwyn District,SELWYN ROAD,, ,I,WEEDONS ROAD,201435179,26/03/2014,Wed,1025,HA,CN2T,301A 375A ,,R,D,B ,F ,X,S,C,100,0,0,0,,,1553973,5171102
Selwyn District,SHANDS ROAD,, ,I,ALAMEDA PLACE,201416728,22/07/2014,Tue,2153,CC,4S1,108A 130A ,F,R,D,DO,F ,T,N,C,100,0,0,1,,,1557805,5173512
Selwyn District,SHANDS ROAD,, ,I,BLAKES ROAD,201445544,06/10/2014,Mon,1705,JA,CS1C,301B 377B ,,R,D,O ,F ,X,S,C,100,0,0,0,,,1559460,5175775
Selwyn District,SHANDS ROAD,, ,I,BLAKES ROAD,201410034,05/02/2014,Wed,1705,JA,CS1C,301B 375B 801 ,,R,W,O ,L ,X,S,C,100,0,0,2,,,1559460,5175775
Selwyn District,SHANDS ROAD,, ,I,BLAKES ROAD,201413477,12/06/2014,Thu,1203,MC,TS1C,372B ,,R,W,O ,L ,X,S,C,100,0,0,1,,,1559460,5175775
Selwyn District,SHANDS ROAD,, ,I,BOUNDARY ROAD,201416784,23/10/2014,Thu,725,HA,CW2C,301A ,,R,D,B ,F ,X,S,C,100,0,1,0,,,1556188,5169852
Selwyn District,SHANDS ROAD,, ,I,ELLESMERE JUNCTION ROAD,201442567,18/05/2014,Sun,1954,DB,TE2,103A 111A 131A ,IK,R,D,DO,F ,T,S,R,100,0,0,0,,,1555152,5167394
Selwyn District,SHANDS ROAD,400,N, ,HAMPTONS ROAD,201443424,27/07/2014,Sun,700,CC,CS1,130A 410A ,T,R,D,DN,F , ,N,C,80,0,0,0,,,1558693,5174679
Selwyn District,SHANDS ROAD,, ,I,MARSHS ROAD,201431084,04/02/2014,Tue,1710,HA,VS1C,301B 375B 830 870 ,IS,R,W,O ,L ,X,S,R,80,0,0,0,,,1560009,5176578
Selwyn District,SHANDS ROAD,, ,I,MARSHS ROAD,201443783,12/09/2014,Fri,1520,GB,4N1T,158A ,,R,D,O ,F ,X,S,C,80,0,0,0,,,1560009,5176578
Selwyn District,SHANDS ROAD,190,S, ,TRENTS ROAD,201440988,26/07/2014,Sat,1030,GD,TS1C4,137A 181A 930 ,,R,D,ON,F ,D,N,C,80,0,0,0,,,1558762,5174769
Selwyn District,SHANDS ROAD,15,N, ,WEEDONS ROAD,201442574,08/07/2014,Tue,755,AA,VN1C,372A ,,R,W,BF,F , ,N,C,100,0,0,0,,,1555585,5168416
Selwyn District,SOUTHBRIDGE DUNSANDEL ROA,100,S, ,POOLES ROAD,201447780,07/11/2014,Fri,2220,CB,CS1,130A 350A ,C,R,W,DN,F , , ,N,100,0,0,0,,,1538702,5155227
Selwyn District,SOUTHBRIDGE LEESTON ROAD,, ,I,HILLS ROAD,201416235,09/10/2014,Thu,100,DB,CN1,103A 111A 131A ,,M,D,DN,F ,X,G,C,100,0,0,1,,,1541539,5152031
Selwyn District,SOUTHBRIDGE RAKAIA ROAD,, ,I,WABYS ROAD,201441447,15/07/2014,Tue,815,DB,CS1,129A 134A ,FP,E,W,O ,F ,T,N,C,100,0,0,0,,,1537279,5151100
Selwyn District,SPRINGS ROAD,5,S, ,BIRCHS ROAD,201440153,13/07/2014,Sun,1350,GC,CS1S,174B 381B 387B ,,R,D,B ,F ,R,G,C,50,0,0,0,,,1560361,5174178
Selwyn District,SPRINGS ROAD,, ,I,BOUNDARY ROAD,201438353,10/06/2014,Tue,1428,CB,CN1C,137A 191A 321B 901 ,F,R,W,O ,H ,X,S,L,100,0,0,0,,,1557702,5169212
Selwyn District,SPRINGS ROAD,, ,I,BOUNDARY ROAD,201413717,21/05/2014,Wed,1709,HA,CE2M,301A 375A ,,R,D,TO,F ,X,S,C,100,0,0,1,,,1557702,5169212
Selwyn District,SPRINGS ROAD,, ,I,BOUNDARY ROAD,201416271,13/10/2014,Mon,1100,HA,CW2C,301A ,,R,D,B ,F ,X,S,C,100,0,0,1,,,1557702,5169212
Selwyn District,SPRINGS ROAD,40,N, ,GERALD ST,201436047,08/04/2014,Tue,856,FD,CS1CCC,181A ,,R,W,OF,H , ,N,C,100,0,0,0,,,1557307,5167813
Selwyn District,SPRINGS ROAD,190,N, ,GERALD ST,201433837,30/03/2014,Sun,1858,CB,CN1,130A 404A 804 ,V,R,D,TN,F , , ,N,100,0,0,0,,,1557349,5167957
Selwyn District,SPRINGS ROAD,, ,I,GERALD ST,201439999,04/07/2014,Fri,2100,HA,CN1C,302A 375A ,,E,D,DO,F ,R,G,C,70,0,0,0,,,1557290,5167751
Selwyn District,SPRINGS ROAD,100,S, ,HAMPTONS ROAD,201443790,09/09/2014,Tue,2204,CB,CN1,129A 130A ,F,R,D,DN,F , , ,C,100,0,0,0,,,1559698,5173291
Selwyn District,SPRINGS ROAD,100,S, ,HODGENS ROAD,201434652,18/04/2014,Fri,2240,CB,CS1,103A ,F,R,W,DN,L , ,N,C,100,0,0,0,,,1561083,5175235
Selwyn District,SPRINGS ROAD,40,S, ,TANCREDS ROAD,201432594,11/03/2014,Tue,730,CC,4S1,129A 410A ,P,R,D,O ,F , ,N,C,100,0,0,0,,,1558121,5170206
Selwyn District,SPRINGSTON ROLLESTON ROAD,, ,I,DYNES ROAD,201434848,13/03/2014,Thu,1211,GE,CS1V,151A 160A ,,R,D,BF,F ,T,N,N,100,0,0,0,,,1551129,5171320
Selwyn District,SPRINGSTON ROLLESTON ROAD,300,W, ,RATTLETRACK ROAD,201437713,04/06/2014,Wed,807,CB,CW1,112A 135A 802 ,F,R,I,BN, F, ,N,C,100,0,0,0,,,1552729,5169593
Selwyn District,SPRINGSTON ROLLESTON ROAD,60,W, ,WEEDONS ROAD,201451016,25/12/2014,Thu,2015,CB,CW1,198A ,V,R,D,BF,F , ,N,C,100,0,0,0,,,1555524,5168425
Selwyn District,TANCREDS ROAD,180,E, ,SPRINGS ROAD,201442811,24/08/2014,Sun,1655,CB,CE1,138A 430A ,,R,D,O ,F , ,N,N,100,0,0,0,,,1558295,5170158
Selwyn District,TELEGRAPH ROAD,, ,I,GRANGE ROAD,201442307,08/08/2014,Fri,745,HA,VS14,301B 321B ,,R,W,O ,F ,X,S,C,100,0,0,0,,,1535899,5172570
Selwyn District,TENNYSON ST,20,W, ,BYRON ST,201439859,25/06/2014,Wed,1754,CB,CN14,130A 358A ,M,R,W,DO,F , , ,C,50,0,0,0,,,1549933,5173299
Selwyn District,TENNYSON ST,, ,I,BYRON ST,201442852,31/08/2014,Sun,1749,HA,VE2C,301B 375B ,,E,D,TF,F ,X,S,C,50,0,0,0,,,1549943,5173282
Selwyn District,TENNYSON ST,, ,I,KIDMAN ST,201437527,02/06/2014,Mon,1535,HA,VN1V,321A ,,R,D,B ,F ,X,S,R,50,0,0,0,,,1549943,5173282
Selwyn District,THORNTON ST,, ,I,CARDALE ST,201400247,12/11/2014,Wed,1630,DC,MS1,104A 112A 132A ,,R,W,O ,F ,T,N,N,50,1,0,0,,,1528381,5184142
Selwyn District,TRENTS ROAD,100,N, ,KINGCRAFT DRIVE,201415329,06/06/2014,Fri,1345,CB,CN1,101A 504A ,P,R,D,B ,F , ,N,C,100,0,1,0,,,1559464,5174517
Selwyn District,TRICES ROAD,, ,I,LONGSTAFFS ROAD,201441597,15/08/2014,Fri,1900,HA,CW1C,301B 321B ,,R,D,DN,F ,X,S,C,100,0,0,0,,,1562292,5173444
Selwyn District,TRICES ROAD,, ,I,TOSSWILL ROAD,201447688,20/11/2014,Thu,1500,HA,CW1C,301A ,,R,D,BN,F ,X,S,C,100,0,0,0,,,1561534,5173423
Selwyn District,TWO CHAIN ROAD,, ,I,GRANGE ROAD,201417142,10/11/2014,Mon,44,DB,VE2,101A 131A ,,E,D,DN,F ,M,G,C,100,0,1,0,,,1544035,5171875
Selwyn District,TWO CHAIN ROAD,, ,I,WALKERS ROAD,201442677,22/08/2014,Fri,655,HA,CE1C,301B 353B 375B ,,R,D,TF,F ,X,S,C,100,0,0,0,,,1547295,5172856
Selwyn District,WAIMAKARIRI GORGE ROAD,1170,N, ,WOODLANDS ROAD,201435095,07/01/2014,Tue,10,DB,4N1,111A 131A ,ST,S,D,DN,F , ,N,C,100,0,0,0,,,1522550,5197748
Selwyn District,WEEDONS ROSS ROAD,, ,I,JONES ROAD,201432641,09/03/2014,Sun,320,CC,CE1,104A 129A ,KV,R,D,DN,F ,X,S,C,100,0,0,0,,,1552244,5174733
Selwyn District,WEST BELT,, ,I,GERALD ST,201415305,16/08/2014,Sat,1041,HA,CN1CCV,130A 302A 501A ,M,R,D,B ,F ,X,G,C,50,0,0,1,,,1558165,5167915
Selwyn District,1S/350/1.613,500,W, ,KIRK ROAD,201448784,01/11/2014,Sat,1300,CB,VE1,130A 359A ,,R,D,B ,F , , ,C,100,0,0,0,,,1557102,5177223
Selwyn District,1S/350/1.693,580,W, ,TRENTS ROAD,201412169,18/04/2014,Fri,1230,FD,CE1C,181A ,,R,W,O ,L , , ,L,100,0,0,1,,,1557033,5177182
Selwyn District,1S/350/1.713,600,S, ,TRENTS ROAD,201438872,18/04/2014,Fri,1230,FF,VE14,181A 191B ,,R,W,OF,H , ,N,L,100,0,0,0,,,1557016,5177172
Selwyn District,1S/350/1.78,1780,W, ,MARSHS ROAD,201417779,21/12/2014,Sun,620,CB,CW1,134A 410A ,FP,R,D,B ,FS, ,N,C,100,0,0,1,,,1556959,5177138
Selwyn District,1S/350/2.13,450,E, ,DAWSONS ROAD,201436816,14/05/2014,Wed,1801,AA,CE1C,184A 372A 904 ,,R,D,DN,M , , ,C,100,0,0,0,,,1556658,5176959
Selwyn District,1S/350/3.425,500,E, ,CURRAGHS ROAD,201418525,01/12/2014,Mon,1553,NA,CE1E,712B 713B 719B ,,R,D,BN,F , ,N,C,100,0,1,0,14,,1555548,5176291
Selwyn District,1S/350/4.125,200,S, ,CURRAGHS ROAD,201413572,10/06/2014,Tue,1640,BE,CS1TV,130A 358A ,,R,W,DO,H , , ,C,100,0,2,0,,,1554950,5175927
Selwyn District,1S/350/6.053,500,S, ,BERKETTS ROAD,201416241,02/10/2014,Thu,1235,FD,VS14V,181A 331A 181B ,,R,D,O ,F , , ,C,100,0,0,3,,,1553298,5174934
Selwyn District,1S/350/6.363,200,N, ,LARCOMBS ROAD,201412022,27/03/2014,Thu,1037,FD,CS1C,181A 427A ,,R,D,B ,F , ,N,C,100,0,0,1,,,1553031,5174775
Selwyn District,1S/350/6.543,20,N, ,LARCOMBS ROAD,201443559,08/08/2014,Fri,738,GD,CS1T,331A 350A 412A 927 ,,R,D,DN,F ,D,N,C,100,0,0,0,,,1552876,5174683
Selwyn District,1S/350/6.563,, ,I,LARCOMBS ROAD,201410420,31/01/2014,Fri,1645,GD,MN1C,181A 331A ,,R,D,O ,F ,T,S,C,100,0,0,1,,,1552859,5174673
Selwyn District,1S/350/6.563,, ,I,LARCOMBS ROAD,201440864,18/07/2014,Fri,1320,DC,CW1,111A 131A ,S,R,W,O ,L ,T,S,C,100,0,0,0,,,1552859,5174673
Selwyn District,1S/350/6.62,500,E, ,WEEDONS ROSS ROAD,201433838,28/03/2014,Fri,1449,CA,CE1C,410A ,,R,D,B ,F , , ,C,100,0,0,0,,,1552811,5174644
Selwyn District,1S/350/7.12,, ,I,WEEDONS ROSS ROAD,201413954,02/04/2014,Wed,1830,HA,CN2C,103A 301A ,,R,D,B ,F ,X,S,C,100,0,0,3,,,1552372,5174405
Selwyn District,1S/350/7.12,, ,I,WEEDONS ROSS ROAD,201416462,19/09/2014,Fri,1853,HA,4S2C,301A 382A 330B 602B ,,E,D,TO,F ,X,S,C,100,0,0,2,,,1552372,5174405
Selwyn District,1S/350/7.12,, ,I,WEEDONS ROSS ROAD,201432106,26/02/2014,Wed,632,LB,CW1C,303B 375B ,,R,D,O ,F ,X,S,C,100,0,0,0,,,1552372,5174405
Selwyn District,1S/365/2.114,, ,I,HOSKYNS ROAD,201430361,21/01/2014,Tue,1315,FE,TE14,181A ,,R,D,B ,F ,T,T,R,80,0,0,0,,,1550402,5173667
Selwyn District,1S/365/2.114,, ,I,HOSKYNS ROAD,201418440,21/12/2014,Sun,1305,FE,MS14,130A 197A 331A 400A ,,R,D,B ,F ,T,T,C,80,0,0,1,,,1550402,5173667
Selwyn District,1S/365/2.181,100,N, ,ROLLESTON DRIVE,201433748,14/03/2014,Fri,1458,BE,4N1V,130A 410A ,,R,D,B ,F , , ,P,100,0,0,0,,,1550343,5173634
Selwyn District,1S/365/2.281,, ,I,ROLLESTON DRIVE E,201443714,26/07/2014,Sat,1028,LB,VW1C,303B ,P,R,D,B ,F ,T,T,R,80,0,0,0,,,1550256,5173584
Selwyn District,1S/365/2.281,, ,I,ROLLESTON DRIVE E,201450014,31/12/2014,Wed,1634,LB,4W1C,303B ,,R,D,B ,F ,T,T,C,80,0,0,0,,,1550256,5173584
Selwyn District,1S/365/2.281,, ,I,ROLLESTON DRIVE E,201442827,11/07/2014,Fri,1735,LB,4W1C,303B 375B ,,R,D,TF,F ,T,T,C,80,0,0,0,,,1550256,5173584
Selwyn District,1S/365/2.281,, ,I,ROLLESTON DRIVE E,201443787,10/09/2014,Wed,730,KB,CE14,322A 904 ,,R,D,TO,M ,T,T,R,80,0,0,0,,,1550256,5173584
Selwyn District,1S/365/2.281,, ,I,ROLLESTON DRIVE E,201412020,22/03/2014,Sat,1453,JA,CE1C,302B 375B ,,R,D,B ,F ,T,G,C,80,0,0,1,,,1550256,5173584
Selwyn District,1S/365/2.311,30,W, ,ROLLESTON DRIVE E,201443691,03/09/2014,Wed,720,QG,TE1C,668A ,,R,D,TF,F , , ,C,80,0,0,0,,,1550228,5173574
Selwyn District,1S/365/2.71,, ,I,TENNYSON ST,201442304,31/07/2014,Thu,1420,JA,CW1V,301B 321B ,,R,D,B ,F ,T,S,L,80,0,0,0,,,1549869,5173401
Selwyn District,1S/365/2.71,, ,I,TENNYSON ST,201431395,24/02/2014,Mon,1600,DA,CE1,111A 131A ,FHI,R,D,BF,F ,T,S,R,80,0,0,0,,,1549869,5173401
Selwyn District,1S/365/3.367,600,S, ,BROOKSIDE ROAD,201440593,13/07/2014,Sun,30,FA,CS1V,386A ,,R,D,DO,F , , ,C,80,0,0,0,,,1549290,5173092
Selwyn District,1S/365/3.698,250,N, ,ROLLESTON DRIVE W,201400225,04/11/2014,Tue,1700,BE,CN1CTC,125A 358A 503A ,,R,D,O ,F , ,N,C,100,1,1,1,,,1548998,5172936
Selwyn District,1S/365/4.318,370,S, ,ROLLESTON DRIVE S,201411271,14/03/2014,Fri,1445,FD,CN1CV,181A 181B ,,R,D,OF,F , , ,C,100,0,0,1,,,1548460,5172628
Selwyn District,1S/365/4.892,300,E, ,DUNNS CROSSING ROAD,201451017,17/12/2014,Wed,1150,CB,CE1,129A ,,R,D,BN,F , ,N,C,100,0,0,0,,,1547954,5172357
Selwyn District,1S/365/5.492,300,W, ,DUNNS CROSSING ROAD,201434460,18/04/2014,Fri,1200,FD,CW14C,110A 197A 331A 901 ,,R,W,O ,H , , ,C,100,0,0,0,,,1547425,5172075
Selwyn District,1S/365/6.392,1200,W, ,WALKERS ROAD,201450478,09/12/2014,Tue,1128,CB,CE1T,197A ,,R,D,BN,F , ,N,C,100,0,0,0,,,1546629,5171655
Selwyn District,AYLESBURY ROAD,, ,I,1S/365/8.582,201436965,16/05/2014,Fri,1820,CB,4E2T,129A 173A ,,R,D,DO,F ,X,S,P,100,0,0,0,,,1544698,5170622
Selwyn District,1S/365/8.582,, ,I,BURNHAM ROAD,201443794,08/09/2014,Mon,1515,HA,CW14,301B 377B ,,R,D,O ,F ,X,S,C,100,0,0,0,,,1544698,5170622
Selwyn District,1S/365/8.632,50,W, ,BURNHAM ROAD,201439882,02/07/2014,Wed,2000,MB,4W14,372B 381B ,,R,D,DO,F , , ,C,100,0,0,0,,,1544653,5170599
Selwyn District,1S/365/8.982,400,W, ,AYLESBURY ROAD,201410252,28/01/2014,Tue,1325,BE,4E1C,125A 410A 504A ,,R,D,B ,F , ,N,C,100,0,3,0,,,1544344,5170436
Selwyn District,1S/365/9.986,1700,S, ,HALSWELL JUNCTION ROAD,201431969,05/02/2014,Wed,1745,FD,VS1CC,181A 191B ,,R,W,OF,L , ,N,N,70,0,0,0,,,1543456,5169965
Selwyn District,1S/365/11.736,50,S, ,THOMSONS ROAD,201435713,24/04/2014,Thu,1425,CC,VN1,130A 412A ,T,R,D,O ,F , , ,C,100,0,0,0,,,1541910,5169145
Selwyn District,1S/365/14.765,, ,I,TELEGRAPH ROAD,201414945,19/05/2014,Mon,753,GD,CW14,101A 331A ,,R,D,OF,F ,T,S,C,100,0,0,3,,,1539237,5167721
Selwyn District,1S/365/14.765,, ,I,TELEGRAPH ROAD,201450479,10/12/2014,Wed,1550,JA,400000000000000,301B 375B ,,R,D,BN,F ,T,S,C,100,0,0,0,,,1539237,5167721
Selwyn District,1S/381/0.617,, ,I,SELWYN LAKE ROAD,201442579,04/07/2014,Fri,2045,MC,CW14,372B ,,R,D,DO,F ,T,S,C,100,0,0,0,,,1537765,5166922
Selwyn District,1S/381/0.617,, ,I,SELWYN LAKE ROAD E,201433300,12/02/2014,Wed,1744,GD,CN1C,333A ,,R,D,BN,F ,T,N,C,100,0,0,0,,,1537765,5166922
Selwyn District,1S/381/0.617,, ,I,SELWYN LAKE ROAD E,201449781,23/12/2014,Tue,1645,LB,4S1C,303B 375B ,,M,D,B ,F ,T,S,C,100,0,0,0,,,1537765,5166922
Selwyn District,1S/381/0.617,, ,I,SELWYN LAKE ROAD N,201412692,07/04/2014,Mon,1120,LB,VS1C,303B ,,R,W,OF,L ,T,S,C,100,0,0,3,,,1537765,5166922
Selwyn District,1S/381/0.843,30,E, ,SELWYN RAIL XING,201443775,01/05/2014,Thu,1740,DA,TW1,129A 410A ,G,M,D,TN,F , , ,L,100,0,0,0,,,1537555,5166857
Selwyn District,1S/381/0.873,, ,A,SELWYN RAIL XING,201450039,30/12/2014,Tue,1500,FE,CS1CC,331A 358A ,,E,D,B ,F , ,T,C,100,0,0,0,,,1537525,5166861
Selwyn District,1S/381/0.886,, ,I,SELWYN LAKE ROAD W,201431442,02/03/2014,Sun,1415,GD,CE1V,181A 333A ,,R,D,BF,F ,T,G,C,100,0,0,0,,,1537512,5166862
Selwyn District,1S/381/2.653,1000,E, ,HORORATA DUNSANDEL ROAD,201442854,02/09/2014,Tue,334,CA,VW1,134A 410A ,,R,D,DN,F , ,N,C,100,0,0,0,,,1535952,5166044
Selwyn District,1S/381/3.453,200,N, ,HORORATA DUNSANDEL ROAD,201417842,18/11/2014,Tue,2350,CA,ME1,137A 820 903 ,,R,D,DN,FS, , ,C,70,0,1,0,,,1535247,5165666
Selwyn District,1S/381/4.33,500,S, ,BROWNS ROAD,201410826,14/02/2014,Fri,1302,BE,CS1CTC,129A 130A 404A 412A ,,R,D,B ,F , , ,C,100,0,1,2,,,1534470,5165265
Selwyn District,1S/381/5.169,1000,N, ,FRASERS ROAD,201446097,27/09/2014,Sat,610,FA,4S1C,181A 331A 904 ,,R,D,TN,M , , ,C,100,0,0,0,,,1533729,5164870
Selwyn District,1S/381/13.15,500,N, ,BREADINGS ROAD,201414373,04/07/2014,Fri,740,BF,CS1T,131A 412A 191B ,,E,D,TN,FF, , ,C,100,0,1,0,,,1526684,5161121
Selwyn District,1S/381/13.63,20,N, ,BREADINGS ROAD,201414642,21/07/2014,Mon,930,FD,TS1CT,197A 191B 191C ,,R,D,O ,F ,T,S,C,100,0,0,1,,,1526354,5160775
Selwyn District,1S/381/14.45,800,S, ,BREADINGS ROAD,201432597,09/03/2014,Sun,1800,CC,CS1,125A 410A ,F,R,D,O ,F , ,N,C,100,0,0,0,,,1525827,5160147
Selwyn District,1S/381/17.752,, ,I,NORTH RAKAIA ROAD N,201442846,04/09/2014,Thu,1815,FA,TE1,402A 405A ,,E,D,DO,F ,T,G,C,100,0,0,0,,,1523686,5157634
Selwyn District,1S/381/17.852,100,S, ,NORTH RAKAIA ROAD,201434849,12/03/2014,Wed,2010,FD,MN1C,378A 832 ,,M,D,TN,F , ,N,P,100,0,0,0,,,1523619,5157560
Selwyn District,1S/381/18.304,20,N, ,MAIN RAKAIA ROAD,201416244,27/08/2014,Wed,1440,FD,CN1CC,181A 331A 181B ,,R,D,B ,F , , ,L,100,0,0,4,,,1523420,5157164
Selwyn District,1S/381/19.003,230,S, ,RAKAIA RIV BR N ABT,201447143,30/10/2014,Thu,2255,FA,CN1C,501A 817 ,,R,D,DN,F , , ,C,100,0,0,0,,,1522969,5156631
Selwyn District,1S/381/19.56,100,N, ,RAKAIA RIV BR,201447412,16/11/2014,Sun,400,MO,VS1C,371A ,M,R,D,DN,F , ,N,N,100,0,0,0,,,1522608,5156207
Selwyn District,73/5/8.786,, ,I,CHATTERTONS ROAD,201436939,13/05/2014,Tue,748,HA,4N2CC,301A ,,R,D,O ,F ,X,S,C,100,0,0,0,,,1553907,5181196
Selwyn District,73/15/0,, ,I,DAWSONS ROAD,201436175,30/04/2014,Wed,804,HA,CW1C,301B ,F,R,D,B ,F ,X,S,C,100,0,0,0,,,1553907,5181196
Selwyn District,73/15/4.757,100,E, ,WEEDONS ROSS ROAD,201437700,29/05/2014,Thu,1332,EC,VW1,826 903 ,T,R,D,BF, S, ,N,C,100,0,0,0,,,1549177,5180811
Selwyn District,73/15/4.857,, ,I,WEEDONS ROSS ROAD,201447883,31/10/2014,Fri,700,HA,CE1V,321B 375B ,,E,D,BF,F ,X,S,C,80,0,0,0,,,1549078,5180797