TLANAME,CRASHROAD,CRASHDIST,CRASHDIRN,INTSN,SIDEROAD,CRASHID,CRASHDATE,CRASHDOW,CRASHTIME,MVMT,VEHICLES,CAUSES,OBJECTSSTRUCK,ROADCURVE,ROADWET,LIGHT,WTHRa,JUNCTYPE,TRAFCTRL,ROADMARK,SPDLIM,CRASHFATALCNT,CRASHSEVCNT,CRASHMINCNT,PERSAGE1,PERSAGE2,EASTING,NORTHING
Selwyn District,73/15/15.696,200,E, ,HIGHFIELD ROAD,201415966,26/08/2014,Tue,408,CB,CS1,112A 130A 632A ,X,R,D,DN,F , , ,C,100,0,4,0,,,1538844,5181589
Selwyn District,73/15/18.432,200,E, ,COURTENAY ROAD,201447680,06/11/2014,Thu,1622,BA,CW1C,129A 352A 817 ,,R,D,BN,F , ,T,C,30,0,0,0,,,1536674,5183256
Selwyn District,73/15/19.872,770,E, ,ANSONS ROAD,201437807,20/05/2014,Tue,805,FA,CE1C,181A 331A ,,R,D,O ,F , ,N,C,100,0,0,0,,,1535299,5183573
Selwyn District,73/15/20.562,80,E, ,ANSONS ROAD,201438042,02/06/2014,Mon,1416,DA,CE1,111A 131A 358A ,E,M,D,O ,F , , ,C,100,0,0,0,,,1534631,5183687
Selwyn District,73/34/2.155,500,W, ,MILES ROAD,201441497,25/07/2014,Fri,2300,EC,40,912,W,R,D,DN,F , ,N,L,100,0,0,0,,,1532452,5183905
Selwyn District,73/34/6.12,20,W, ,RITSO ST,201416785,08/10/2014,Wed,1040,CA,CE1,130A 352A ,I,R,D,O ,F , , ,R,50,0,0,1,,,1528522,5184366
Selwyn District,73/34/6.643,20,W, ,BRAY ST,201436947,03/05/2014,Sat,1300,MO,4W1M,371A ,M,R,D,O ,F ,T,N,C,50,0,0,0,,,1528004,5184434
Selwyn District,73/52/0,, ,I,WAIMAKARIRI GORGE ROAD,201410013,29/01/2014,Wed,1542,JA,TS1C,197A 302B 353B 404B ,,E,D,B ,F ,T,G,C,100,0,1,3,,,1521678,5194330
Selwyn District,73/52/0.946,200,S, ,CURVE ROAD,201411284,01/03/2014,Sat,1340,CC,CN1,501A ,T,R,D,B ,F , , ,C,100,0,0,1,,,1521114,5195089
Selwyn District,73/52/3.069,600,E, ,BLUFF ROAD,201417582,06/11/2014,Thu,1420,CC,CE1,129A 410A ,F,R,D,BN,F , ,N,C,100,0,0,1,,,1519449,5196400
Selwyn District,73/52/11.751,, ,I,POCOCK ROAD,201411875,22/03/2014,Sat,1800,FD,CW1C,181A 927 ,,R,D,BN,F ,D,N,C,100,0,0,1,,,1512403,5201390
Selwyn District,73/68/0.406,700,E, ,BROOKSDALE ROAD,201449021,15/11/2014,Sat,600,CB,40,135A 903 ,C,R,D,ON,FS, ,N,C,100,0,0,0,,,1508006,5202097
Selwyn District,73/68/7.132,400,S, ,KOWAI NO2 BR,201446066,16/08/2014,Sat,1550,DB,4S1,131A ,F,M,D,B ,F , , ,C,100,0,0,0,,,1501624,5202189
Selwyn District,73/76/2.953,, ,A,COACH STM BR,201434198,02/02/2014,Sun,1925,AB,4N1C,153A ,,S,D,O ,F , , ,C,100,0,0,0,,,1499324,5204312
Selwyn District,73/76/5.605,130,S, ,PORTERS PASS,201412446,17/04/2014,Thu,1116,BF,CS14,131A 191A 402A 901 ,,M,W,O ,H , , ,C,100,0,0,1,,,1497982,5205348
Selwyn District,73/76/7.696,600,N, ,LYNDON ROAD,201450160,29/12/2014,Mon,1350,MO,CN1,129A 386A 816 ,E,R,D,B ,F , , ,C,100,0,0,0,,,1496061,5205763
Selwyn District,73/76/9.296,1000,W, ,LYNDON ROAD,201417759,21/12/2014,Sun,830,DA,4N1,111A 131A ,,M,D,B ,F , ,N,C,100,0,0,1,,,1495320,5206562
Selwyn District,73/76/10.296,2000,W, ,LYNDON ROAD,201447683,17/11/2014,Mon,1820,DB,CE1,129A 131A 410A ,V,M,D,BN,F , ,N,C,100,0,0,0,,,1495142,5207532
Selwyn District,73/90/4.883,20,S, ,CASTLE HILL DRIVE,201412739,17/03/2014,Mon,1538,FD,VS1T,181A 331A 817 ,,R,D,BN,F ,T,N,C,100,0,1,0,,,1495853,5215191
Selwyn District,73/121/12.747,500,N, ,CLOUDESLEY ROAD,201414822,20/07/2014,Sun,900,DB,CN1,135A 802 ,,E,I,BF,MF, ,N,C,100,0,0,2,,,1488225,5235428
Selwyn District,73/136/0.478,350,N, ,WAIMAKARIRI RIV BR,201447658,11/10/2014,Sat,1300,DB,CN1,129A ,C,E,D,BN,F , ,N,C,100,0,0,0,,,1485430,5236294
Selwyn District,73/136/2.41,480,N, ,KLONDYKE CORNER,201430202,01/01/2014,Wed,1000,DB,CS1,129A 131A ,X,M,W,O ,H , , ,C,100,0,0,0,,,1484944,5238100
Selwyn District,73/145/0.08,5000,S, ,ARTHURS PASS SUMMIT,201443414,01/09/2014,Mon,1400,BC,TN1C,121A 179A ,,S,D,B ,F , ,N,C,100,0,0,0,,,1483129,5244011
Selwyn District,73/145/3.039,20,S, ,WHITES BR,201441625,08/08/2014,Fri,1725,DA,CN1,131A ,,M,D,O ,F , , ,C,100,0,0,0,,,1482249,5246481
Selwyn District,75/8/1.608,200,N, ,HAYES ROAD,201439078,20/06/2014,Fri,715,CB,VN1,132A ,V,R,D,ON,FF, ,N,C,100,0,0,0,,,1564326,5170124
Selwyn District,75/8/1.808,, ,I,HAYES ROAD,201411872,17/03/2014,Mon,1540,GE,CS1C,157A 160A ,,R,D,BF,F ,T,G,L,100,0,0,2,,,1564296,5169926
Selwyn District,75/14/3.169,800,S, ,MACARTNEYS ROAD,201432651,23/02/2014,Sun,1030,DA,CN1,111A 131A ,F,M,W,O ,F , ,N,C,100,0,0,0,,,1564409,5162759
Selwyn District,75/14/6.263,1300,S, ,AHURIRI ROAD,201442110,19/08/2014,Tue,815,DA,CN1,129A 131A 402A 904 ,CZ,M,D,O ,M , , ,C,100,0,0,0,,,1564926,5160130
Selwyn District,75/14/6.363,1400,S, ,AHURIRI ROAD,201432778,26/02/2014,Wed,1300,DA,CN1,111A 131A 404A ,E,S,D,B ,F , , ,C,100,0,0,0,,,1564977,5160048
Selwyn District,75/14/8.439,60,S, ,DUCK POND ROAD,201446323,15/09/2014,Mon,1240,CC,CN1,130A 358A ,F,R,D,BN,FS, ,N,C,100,0,0,0,,,1566436,5158717
Selwyn District,75/14/9.341,620,S, ,GEBBIES PASS ROAD,201437528,01/06/2014,Sun,345,DA,CW1,101A 358A 692A ,P,M,D,DO,FF, , ,L,100,0,0,0,,,1567175,5158300
Selwyn District,77/67/2.526,20,E, ,DOWNS ROAD,201434461,18/04/2014,Fri,1500,DB,CN1,131A 403A 633A 901 ,E,M,W,O ,H , , ,C,100,0,0,0,,,1505782,5180692
Selwyn District,77/79/0.15,, ,I,WHITECLIFFS ROAD,201411554,01/03/2014,Sat,1830,LB,VN1V,303B 375B ,,E,D,BN,F ,T,G,L,100,0,3,0,,,1513245,5185241
Selwyn District,77/79/0.712,20,W, ,ALBERT ST,201449763,24/12/2014,Wed,1700,BB,CW14,123A ,,E,D,B ,F , ,N,C,50,0,0,0,,,1513799,5185146
Selwyn District,77/79/8.511,950,E, ,HACKETTS ROAD,201438256,10/06/2014,Tue,1150,EC,40,135A 823 ,FL,R,W,ON,L , ,N,C,100,0,0,0,,,1521407,5185455
Selwyn District,77/79/12.641,1000,W, ,PIAKO DRIVE,201446090,13/09/2014,Sat,2135,CB,4W1,103A 130A ,F,R,W,DO,F , , ,C,100,0,0,0,,,1525476,5184818
South Taranaki District,ANDERSON ROAD,, ,I,RAWHITIROA ROAD,201416313,03/10/2014,Fri,1550,BA,CS1CE,505A 512A ,,R,D,O ,F ,T,G,C,100,0,1,1,37,,1714232,5635660
South Taranaki District,ARARATA ROAD,3740,N, ,OHANGAI ROAD,201437688,08/06/2014,Sun,1705,QG,CS14,111A 131A 682A ,,E,D,TN,F , , ,C,100,0,0,0,,,1715334,5621511
South Taranaki District,AUSTIN ROAD,30,W, ,SH 3,201446908,18/07/2014,Fri,330,DA,CW1,131A ,FX,M,D,DN,F , ,N,L,100,0,0,0,,,1709262,5624768
South Taranaki District,BALL ROAD,, ,I,HURSTHOUSE ROAD,201431506,17/01/2014,Fri,2145,DA,CW1,195A ,,R,D,DN,F ,X,G,C,100,0,0,0,,,1724078,5608393
South Taranaki District,CHESTER ST,60,N, ,SMITH ST,201441450,28/07/2014,Mon,700,QG,TN1,665A ,,R,D,B ,F , ,N,N,50,0,0,0,,,1740034,5597780
South Taranaki District,DISRAELI ST,80,S, ,HIGH ST,201413971,05/07/2014,Sat,1047,CC,CS1,108A 504A ,HT,R,D,B ,F , ,N,C,50,0,1,0,,,1709606,5617152
South Taranaki District,EGMONT ST,, ,I,CAMBERWELL ROAD,201443776,27/08/2014,Wed,730,DB,CN2,111A 131A 402A ,FS,R,I,TO,FF,T,G,C,50,0,0,0,,,1709820,5617797
South Taranaki District,ELTHAM ROAD,30,W, ,BRIDGE ST,201439980,03/07/2014,Thu,800,CC,VW1,135A 802 ,F,R,I,ON,FF, ,N,C,100,0,0,0,,,1710529,5634852
South Taranaki District,ELTHAM ROAD,, ,I,OEO ROAD,201436884,01/06/2014,Sun,1002,HA,CE1V,197A 301B 386B ,SV,R,D,B ,F ,X,S,C,100,0,0,0,,,1687974,5634333
South Taranaki District,ELTHAM ROAD,, ,I,STUART ROAD E,201431708,21/01/2014,Tue,1630,DB,CE1,111A 131A 901 ,V,R,W,O ,H ,T,G,C,100,0,0,0,,,1709491,5634832
South Taranaki District,ELTHAM ROAD,1500,W, ,WAITEIKA ROAD W,201444197,06/09/2014,Sat,345,CB,CW1,103A ,BG,R,D,DN,F , ,N,C,100,0,0,0,,,1679100,5634075
South Taranaki District,ELTHAM ROAD,360,S, ,YOUNG ROAD,201439978,28/06/2014,Sat,1655,LB,MS1V,534A 303B 375B 930 ,,R,D,TN,F ,D,N,C,100,0,0,0,,,1675511,5632491
South Taranaki District,FAIRFIELD ROAD,120,S, ,SH 3,201432301,27/01/2014,Mon,1615,GA,CS1C,331A 353A 929 ,,R,D,B ,F ,D,N,C,50,0,0,0,,,1710289,5616321
South Taranaki District,FOX ST,100,N, ,NAPIER ST,201431755,27/01/2014,Mon,2200,MO,CN1,101A 112A 357A 371A 926 ,FT,R,D,DO,F ,D,N,N,50,0,0,0,,,1673804,5632272
South Taranaki District,FURLONG ST,, ,I,REGENT ST,201433504,19/02/2014,Wed,815,HA,CS2C,321A 375A ,,R,D,BF,F ,X,S,C,50,0,0,0,,,1710047,5616786
South Taranaki District,FURLONG ST,, ,I,REGENT ST,201433630,29/03/2014,Sat,1840,HA,CW1V,321A 810 817 853 ,,R,D,O ,F ,X,S,N,50,0,0,0,,,1710047,5616786
South Taranaki District,GLOVER ROAD,100,N, ,ARGYLE ST,201414231,05/08/2014,Tue,1445,MO,CN1E,371A 377A 839 929 ,,R,D,B ,F ,D,N,N,50,0,0,1,,,1710141,5617849
South Taranaki District,GLOVER ROAD,, ,I,KETEMARAE ROAD,201444801,18/09/2014,Thu,1658,BC,CW24,129A ,,S,D,BN,F ,T,G,C,80,0,0,0,,,1707276,5620140
South Taranaki District,GLOVER ROAD,15,N, ,PRINCES ST,201435991,29/04/2014,Tue,855,KB,CS14,308B 375B 929 ,,R,W,OF,L ,D,N,C,50,0,0,0,,,1710514,5617477
South Taranaki District,GLOVER ROAD,200,W, ,TURUTURU ROAD,201411578,03/03/2014,Mon,1650,EA,CE1C,410A ,M,R,D,BF,F , ,N,C,50,0,0,1,,,1709405,5618581
South Taranaki District,GLOVER ROAD,, ,I,UNION ST,201450163,14/11/2014,Fri,1705,GD,CS1C,181A 331A 352A 402A ,,E,D,B ,F ,T,G,C,50,0,0,0,,,1710387,5617601
South Taranaki District,HALSE PLACE,, ,I,HEAPHY ROAD,201434270,24/02/2014,Mon,1500,HA,CS2C,302A 375A 197B ,,R,D,B ,F ,X,G,N,50,0,0,0,,,1673039,5632558
South Taranaki District,HASTINGS ROAD,, ,I,MAWHITIWHITI ROAD,201436476,17/04/2014,Thu,1240,DA,CW2,131A ,TV,M,W,ON,H ,T,G,C,100,0,0,0,,,1705583,5625712
South Taranaki District,HASTINGS ROAD,500,N, ,UPPER HUNTER ROAD,201417712,24/12/2014,Wed,2040,DB,VS1,101A 111A ,CT,M,D,TN,F , ,N,C,100,0,1,0,,,1705685,5637942
South Taranaki District,HIGH ST,25,W, ,GEORGE ST,201433725,27/03/2014,Thu,642,EA,4E1V,410A ,M,R,D,DO,F , , ,C,50,0,0,0,,,1710614,5616914
South Taranaki District,HIGH ST,5,E, ,PRINCES ST,201432412,16/01/2014,Thu,1100,FB,CW1C,331A ,,R,D,B ,F ,R,G,C,50,0,0,0,,,1710250,5617030
South Taranaki District,HIGH ST,30,E, ,REGENT ST,201444800,26/09/2014,Fri,1000,MF,CE14,371B 926 ,,R,D,BF,F ,D,N,C,50,0,0,0,,,1710163,5617057
South Taranaki District,HIGH ST,150,E, ,SH 3,201446772,11/10/2014,Sat,2115,BE,CW1C4,112A 125A ,M,R,D,DO,F , ,N,C,50,0,0,0,,,1709211,5617363
South Taranaki District,HIGH ST,120,W, ,UNION ST,201449979,31/12/2014,Wed,1650,MO,CE1,427A ,H,E,D,B ,F , , ,C,50,0,0,0,,,1709960,5617123
South Taranaki District,HIGH ST,, ,I,VOGEL ST,201430723,08/02/2014,Sat,1230,AA,SE1C,372A ,,R,D,BF,F ,X,S,C,50,0,0,0,,,1709469,5617279
South Taranaki District,IHAIA ROAD,880,N, ,WHITCOMBE ROAD,201435990,23/03/2014,Sun,1400,GC,CS1O,333A 171B 929 ,,R,D,BF,F ,D,N,C,100,0,0,0,,,1674976,5633287
South Taranaki District,IHAIA ROAD,, ,I,WIREMU ROAD,201430345,01/01/2014,Wed,345,CC,VN1,125A 410A ,S,R,D,DN,F ,X,G,C,50,0,0,0,,,1680745,5640459
South Taranaki District,IHUPUKU ROAD,200,W, ,WAVERLEY BEACH ROAD E,201413212,28/03/2014,Fri,103,CC,CE1,103A 112A 125A ,F,R,D,TN,F , ,N,C,100,0,1,0,,,1739659,5593752
South Taranaki District,KAHUI ROAD,2580,E, ,SH 45,201445676,08/10/2014,Wed,1850,DB,VE1,102A 111A 131A ,F,M,W,TN,L , , ,N,100,0,0,0,,,1671770,5646796
South Taranaki District,KAKARAMEA ROAD,, ,I,WILSON ROAD N,201413215,27/05/2014,Tue,1055,KA,SS1V,302B 375B ,,R,D,B ,F ,T,G,C,100,0,0,1,,70,1726042,5605499
South Taranaki District,KAURI CRESCENT,25,W, ,SH 3,201438678,23/06/2014,Mon,850,MC,CW1C,372B ,,R,D,B ,FF, , ,C,50,0,0,0,,,1709339,5616703
South Taranaki District,KETEMARAE ROAD,, ,I,CHUTE ST,201434873,14/03/2014,Fri,1950,HA,VS14,302B 353B 375B ,,R,D,TF,F ,X,G,C,50,0,0,0,,,1709166,5622728
South Taranaki District,LEICESTER ST,60,E, ,DEVON ST,201433455,22/02/2014,Sat,1720,DA,CW1,103A 130A 357A 929 ,F,R,D,OF,F ,D,N,C,50,0,0,0,,,1726563,5598338
South Taranaki District,LONDON ST,50,W, ,BEDFORD ST,201418571,29/10/2014,Wed,2200,CC,CE1C,129A 358A ,MP,R,W,DO,L , ,N,C,50,0,0,2,,,1711980,5634479
South Taranaki District,LOWER OKOTUKU ROAD,1100,S, ,SH 3,201439805,28/06/2014,Sat,1800,DA,CS1,101A 111A 131A 402A ,FVZ,E,D,DN,F , , ,N,100,0,0,0,,,1743374,5594988
South Taranaki District,MANAIA ROAD,260,N, ,THOMAS ROAD,201433452,04/01/2014,Sat,2200,DA,CS1,103A 135A 801 ,F,E,W,DN,H , ,N,C,100,0,0,0,,,1697235,5625322
South Taranaki District,MANAWAPOU ROAD,, ,I,HICKS ROAD,201445025,12/10/2014,Sun,2030,CC,CS1,112A ,C,R,D,DN,F ,T,N,N,100,0,0,0,,,1713395,5612674
South Taranaki District,MANAWAPOU ROAD,20,N, ,PURIRI ST,201432718,01/03/2014,Sat,1740,MA,VN1C,373B ,,R,D,B ,F , , ,C,50,0,0,0,,,1709744,5616115
South Taranaki District,MANAWAPOU ROAD,30,S, ,SH 3,201438188,23/05/2014,Fri,2329,DB,CS1,133A ,P,M,D,DO,F , ,N,C,50,0,0,0,,,1709073,5616783
South Taranaki District,MANGATANGI ROAD,440,N, ,CHESTER ST,201439911,27/03/2014,Thu,,CC,VS1,129A ,,R,D,DN,F , ,N,N,100,0,0,0,,,1740018,5598337
South Taranaki District,MAWHITIWHITI ROAD,220,S, ,NORMANBY ROAD,201449360,10/12/2014,Wed,1710,DA,CN1,111A 131A 801 ,FP,M,W,O ,L , , ,C,100,0,0,0,,,1707481,5624275
South Taranaki District,MEREMERE ROAD,1070,S, ,KAKAPIRAU ROAD N,201410026,14/02/2014,Fri,2130,DA,CS1,101A 111A 131A ,,M,D,DN,F , , ,C,100,0,0,1,,,1719352,5615737
South Taranaki District,MOUNTAIN ROAD,100,S, ,KETEMARAE ROAD,201443290,01/09/2014,Mon,1700,MG,CS1T,371B ,,R,D,O ,F , , ,N,100,0,0,0,,,1710495,5624468
South Taranaki District,MOUNTAIN ROAD,, ,I,TAWHITI ROAD,201410158,06/01/2014,Mon,1510,DA,CN1,131A 135A 804 ,,M,D,B ,F ,T,G,C,100,0,0,1,,,1711005,5626399
South Taranaki District,NELSON ST,70,E, ,VICTORIA ST,201432543,12/02/2014,Wed,1125,MO,CW1C,386A 403A ,M,R,D,B ,F , ,N,C,50,0,0,0,,,1710045,5617259
South Taranaki District,OHANGAI ROAD,, ,I,GREY ST,201437455,31/05/2014,Sat,27,DC,CS2,103A 112A 335A ,F,R,D,DO,F ,T,G,C,50,0,0,0,,,1709385,5621685
South Taranaki District,OHANGAI ROAD,390,W, ,MANGAPOUA ROAD,201414228,13/07/2014,Sun,1435,DB,CE1,103A 111A ,V,E,D,B ,F , ,N,C,100,0,0,1,,,1710386,5620635
South Taranaki District,OHANGAI ROAD,300,N, ,TAWHITI ROAD,201400121,26/05/2014,Mon,1730,PO,CN1E,129A 150A 724B ,S,R,D,TN,F , , ,C,100,1,0,0,36,,1712288,5619662
South Taranaki District,PALMER ROAD,5,S, ,NEILL ROAD,201413880,25/06/2014,Wed,1400,MC,CS1B,387A 372B 901 903 ,,R,W,O ,HS,T,G,C,100,0,0,9,,,1700750,5632507
South Taranaki District,PRINCES ST,, ,I,COLLINS ST,201413020,21/05/2014,Wed,1608,HA,VN1C4,321B ,,R,W,OF,F ,X,S,C,50,0,0,2,,,1710525,5617467
South Taranaki District,RANGAURI ST,, ,I,NGATAI ST,201431741,21/01/2014,Tue,1755,DA,CW2,131A 504A ,FH,R,D,OF,F ,X,G,N,50,0,0,0,,,1696960,5621674
South Taranaki District,RAWHITIROA ROAD,300,E, ,HOROI ROAD E,201415924,09/09/2014,Tue,1121,MO,CE1M,120A 357A 357B 510B ,,R,D,B ,F , , ,N,100,0,0,1,,,1718693,5634889
South Taranaki District,RAWHITIROA ROAD,, ,I,KING EDWARD ST,201410200,15/01/2014,Wed,1500,DB,CW1,101A 108A 111A ,FT,S,D,B ,F ,T,N,C,70,0,1,1,,,1712610,5634720
South Taranaki District,RAWHITIROA ROAD,200,S, ,MAATA ROAD,201432885,03/03/2014,Mon,643,DA,4S1,129A 131A ,F,S,W,O ,L , , ,N,100,0,0,0,,,1719095,5634913
South Taranaki District,REGENT ST,, ,I,FURLONG ST,201436186,20/05/2014,Tue,1706,HA,CE2C,321A 335A ,,R,D,TO,F ,X,S,C,50,0,0,0,,,1710047,5616786
South Taranaki District,REGENT ST,, ,I,FURLONG ST,201443585,06/08/2014,Wed,1410,HA,CS1C,301B 375B ,,R,W,ON,L ,X,S,C,50,0,0,0,,,1710047,5616786
South Taranaki District,REGENT ST,, ,I,FURLONG ST,201443584,16/08/2014,Sat,1624,HA,4W2V,301A 375A ,,R,D,BF,F ,X,S,C,50,0,0,0,,,1710047,5616786
South Taranaki District,REID AVENUE,180,W, ,CAMBERWELL ROAD,201446924,02/05/2014,Fri,1655,DA,CE1,101A 131A 433A ,FP,S,D,OF,F , ,N,C,50,0,0,0,,,1709663,5617793
South Taranaki District,REID AVENUE,, ,I,PACEY AVENUE,201445794,24/10/2014,Fri,1150,FA,CN1C,181A 431A 132B 431B ,,R,D,O ,F ,T,N,C,50,0,0,0,,,1709489,5617967
South Taranaki District,ROWE ST,, ,I,PRINCES ST,201432010,24/01/2014,Fri,2010,HA,CS2C,321B 350B ,,R,D,TF,F ,T,S,C,50,0,0,0,,,1710147,5616754
South Taranaki District,SKEET ROAD,590,E, ,HASTINGS ROAD,201432011,30/01/2014,Thu,1030,CB,CN1,130A 354A 402A ,ST,R,D,BN,F , ,N,C,100,0,0,0,,,1706090,5629516
South Taranaki District,SKEET ROAD,600,W, ,LITTLE TEMPSKY ROAD,201413863,10/06/2014,Tue,1330,AD,CW1,112A 130A 402A 801 ,FT,R,W,O ,L , , ,C,100,0,0,1,,,1703652,5628848
South Taranaki District,SURREY ST,50,E, ,CAMBERWELL ROAD,201434413,09/04/2014,Wed,831,MD,CW1V,308B 377B 801 839 929 ,,R,W,O ,L ,D, ,C,50,0,0,0,,,1709602,5617537
South Taranaki District,TANNAHILL ST,30,E, ,BURNS ST,201416269,09/10/2014,Thu,2019,CC,CW1,501A ,T,R,D,DO,F , , ,N,50,0,0,1,,,1710565,5617737
South Taranaki District,VICTORIA ST,, ,I,EGMONT ST,201434048,29/03/2014,Sat,1155,HA,CW1C,301B 375B ,,R,D,O ,F ,X,S,C,50,0,0,0,,,1698925,5634956
South Taranaki District,VICTORIA ST,50,N, ,HIGH ST,201434073,25/04/2014,Fri,1425,MO,CN1V,103A 923 ,M,R,D,O ,F ,D,N,C,50,0,0,0,,,1709950,5617189
South Taranaki District,VOGEL ST,, ,I,LAURENT VC ST,201442144,16/08/2014,Sat,1000,KB,CS1C,302B ,,R,D,O ,F ,T,G,C,50,0,0,0,,,1709310,5616774
South Taranaki District,WAIINU BEACH ROAD,240,S, ,HAWKEN ROAD,201444976,18/10/2014,Sat,525,DA,CS1,111A 131A ,FJ,E,W,DN,F , ,N,C,100,0,0,0,,,1747827,5589446
South Taranaki District,WAIKARE ROAD,5300,E, ,PINEVALE ROAD,201417793,20/12/2014,Sat,1200,CA,MN1,138A 330A 810 ,,R,W,O ,F , ,N,N,80,0,1,0,,,1752969,5606066
South Taranaki District,WIREMU ROAD,1000,W, ,KAWEORA ROAD,201446981,18/09/2014,Thu,2256,DB,40,102A 111A 131A ,CF,E,W,DN,H , ,N,C,100,0,0,0,,,1681909,5639873
South Taranaki District,WIREMU ROAD,550,W, ,KIRI ROAD,201440755,15/06/2014,Sun,130,CB,CE1,410A ,EFT,R,D,DN,F , , ,L,100,0,0,0,,,1684923,5638140
South Taranaki District,WIREMU ROAD,, ,A,TAUNGATARA BR,201434124,17/03/2014,Mon,1400,BA,CW1C,310A 375A ,,R,D,BN,F , ,G,C,100,0,0,0,,,1684456,5638373
South Taranaki District,Z CPK DALLISON PARK,50,E, ,CHESTER ST,201412867,02/05/2014,Fri,2150,PO,CW1E,101A 371A 730B ,,R,W,DN,  , , ,N,30,0,1,1,29,,1740106,5597681
South Taranaki District,3/287/2.025,240,S, ,CLIFFORD ROAD,201443305,03/09/2014,Wed,1522,GD,CS1C,331A 370A 929 ,,R,D,O ,F ,D,N,C,50,0,0,0,,,1711989,5635456
South Taranaki District,3/287/3.697,420,S, ,CONWAY ROAD,201438770,11/04/2014,Fri,1730,MC,4S1C,372B ,,R,D,OF,F , ,N,C,50,0,0,0,,,1711887,5633811
South Taranaki District,3/287/4.888,, ,I,MAATA ROAD,201439981,03/07/2014,Thu,740,CC,4N1,135A 802 ,F,R,I,ON,FF,T,N,C,100,0,0,0,,,1711732,5632670
South Taranaki District,3/287/4.938,50,S, ,MAATA ROAD,201439994,03/07/2014,Thu,740,CC,VN1,135A 802 ,C,R,I,ON,FF, ,N,C,100,0,0,0,,,1711735,5632620
South Taranaki District,3/287/5.214,15,S, ,NEILL ROAD EAST,201438769,14/04/2014,Mon,500,CB,CS1,136A 501A 632A ,C,R,W,DN,L , ,N,C,100,0,0,0,,,1711752,5632344
South Taranaki District,3/287/6.469,340,S, ,DALZIELL ROAD N,201410391,15/01/2014,Wed,308,CC,4N1,137A 195A ,,R,D,DN,F , ,N,C,100,0,0,1,,,1711844,5631093
South Taranaki District,3/287/9.023,1000,E, ,DALZIELL ROAD S,201415736,31/08/2014,Sun,2108,DB,CW1,103A 131A ,EF,S,D,DN,F , ,N,C,100,0,1,0,,,1710838,5629114
South Taranaki District,3/298/4.098,70,S, ,SH 3 AUSTIN,201417815,18/10/2014,Sat,1550,BF,VS1C,350A 801 ,,M,W,O ,L , , ,L,70,0,0,2,,,1709983,5623890
South Taranaki District,3/298/5.444,25,S, ,MAWHITIWHITI ROAD,201444240,18/09/2014,Thu,932,EE,VN1C,374B ,M,R,D,O ,F , , ,C,70,0,0,0,,,1709453,5622795
South Taranaki District,3/298/5.761,, ,I,EGMONT ST N,201444688,17/09/2014,Wed,230,DB,CS1,101A 111A ,S,E,W,DO,L ,T,N,C,50,0,0,0,,,1709463,5622477
South Taranaki District,3/298/6.165,100,N, ,VON TEMPSKY ST,201400164,02/08/2014,Sat,2351,PE,VN1E,101A 330A 370A 724B ,,R,W,DO,H , ,N,C,70,1,0,0,58,,1709476,5622074
South Taranaki District,3/298/6.465,, ,I,ROSS ST,201414467,02/06/2014,Mon,1735,JA,MN1C,300B 375B ,,R,D,DO,F ,T,N,C,70,0,0,1,,,1709485,5621774
South Taranaki District,3/298/6.64,, ,I,OHANGAI ROAD,201412858,17/04/2014,Thu,1518,JA,CN1C,302B 375B ,,R,D,O ,F ,X,G,C,70,0,1,1,,,1709490,5621599
South Taranaki District,3/298/6.7,60,S, ,OHANGAI ROAD,201412625,09/04/2014,Wed,1113,LB,CN1C,303B 929 ,,R,W,ON,L ,D,N,C,100,0,0,2,,,1709492,5621539
South Taranaki District,3/298/9.049,50,N, ,FANTHAM ST,201434069,08/04/2014,Tue,1425,CC,TS1,130A 410A ,ST,R,D,B ,F , ,N,C,50,0,0,0,,,1709260,5619202
South Taranaki District,3/298/9.527,, ,I,GLOVER ROAD,201414796,22/07/2014,Tue,1015,FB,4N1C,331A 350A ,,E,D,B ,F ,R,G,P,50,0,0,2,,,1709211,5618745