TLANAME,CRASHROAD,CRASHDIST,CRASHDIRN,INTSN,SIDEROAD,CRASHID,CRASHDATE,CRASHDOW,CRASHTIME,MVMT,VEHICLES,CAUSES,OBJECTSSTRUCK,ROADCURVE,ROADWET,LIGHT,WTHRa,JUNCTYPE,TRAFCTRL,ROADMARK,SPDLIM,CRASHFATALCNT,CRASHSEVCNT,CRASHMINCNT,PERSAGE1,PERSAGE2,EASTING,NORTHING
South Taranaki District,3/298/9.577,50,S, ,GLOVER ROAD,201438670,15/06/2014,Sun,358,CB,CN1,130A 430A ,FJ,R,D,DO,F , , ,C,50,0,0,0,,,1709206,5618700
South Taranaki District,TURUTURU ROAD,, ,I,3/298/10.103,201445566,26/09/2014,Fri,1145,GB,CW1T,330A 179B 372B ,,R,D,B ,F ,T,S,C,100,0,0,0,,,1709150,5618178
South Taranaki District,3/298/10.507,200,S, ,PACEY AVENUE,201416437,14/10/2014,Tue,830,PC,VW1,311A 378A 835 929 ,,R,D,O ,F ,D, ,C,50,0,0,1,47,,1709108,5617775
South Taranaki District,3/298/11.317,100,N, ,DIXON AVENUE,201416599,01/09/2014,Mon,1521,FD,CS14,423A 427A ,,R,D,OF,F , ,N,C,50,0,0,1,,,1709023,5616969
South Taranaki District,3/298/11.407,50,N, ,DENBY ROAD,201433103,15/03/2014,Sat,1619,DA,CN1,131A 801 ,B,S,W,O ,H , , ,C,100,0,0,0,,,1709014,5616881
South Taranaki District,3/310/0.348,5,W, ,KAURI CRESCENT,201412374,11/04/2014,Fri,2300,GD,CE1C,333A 351A ,,R,W,DO,F ,T,G,C,50,0,0,1,,,1709342,5616728
South Taranaki District,3/310/0.474,, ,I,DISRAELI ST,201444516,27/09/2014,Sat,1833,LB,CE1CC,303B ,,R,D,TF,F ,T,S,C,50,0,0,0,,,1709461,5616690
South Taranaki District,COLLINS ST,, ,I,SOUTH ROAD,201450908,16/01/2014,Thu,2330,DB,ME2V,111A 131A 514A ,,E,D,DO,F ,T,G,C,50,0,0,0,,,1710373,5616406
South Taranaki District,3/310/1.429,, ,I,COLLINS ST,201432732,27/02/2014,Thu,1213,GF,TE1C,179A 671A 158B 333B 402B ,P,R,D,O ,F ,X,S,P,50,0,0,0,,,1710373,5616406
South Taranaki District,3/310/1.553,10,E, ,CAPLEN ST,201411580,07/03/2014,Fri,740,CB,CW14,129A 410A ,M,R,D,BF,F ,T,G,C,50,0,0,1,,,1710491,5616369
South Taranaki District,3/310/3.64,, ,I,WHAREROA ROAD,201411061,05/03/2014,Wed,540,LB,CW1CCC,303B 353B 375B 191C 801 ,,R,W,DO,L ,T,G,R,100,0,0,3,,,1712386,5615524
South Taranaki District,3/310/7.14,3500,S, ,WHAREROA ROAD,201412847,16/05/2014,Fri,1654,FA,CW14,112A 331A 363A 902 ,,R,D,B ,F , , ,C,100,0,1,1,,,1715382,5613752
South Taranaki District,3/310/7.304,1600,N, ,HUNTS ROAD,201416765,25/10/2014,Sat,1322,DA,MS1M,131A ,G,M,D,O ,F , , ,C,100,0,2,0,,,1715544,5613732
South Taranaki District,3/310/10.525,100,S, ,WHAKAMARA ROAD,201412953,12/05/2014,Mon,1145,DA,CS1,131A 631A ,G,E,D,B ,F , , ,C,100,0,0,1,,,1718205,5612166
South Taranaki District,3/321/0.606,440,S, ,INGAHAPE ROAD,201449359,10/12/2014,Wed,1640,EC,CN1,135A 823 ,CL,M,W,O ,L , , ,L,100,0,0,0,,,1718062,5610707
South Taranaki District,3/321/0.976,2000,S, ,WHAKAMARA ROAD,201443344,11/09/2014,Thu,645,BF,CS1T,110A 134A ,,M,W,O ,F , ,N,C,100,0,0,0,,,1718387,5610607
South Taranaki District,3/321/1.713,1600,N, ,LOWER TAUMAHA ROAD,201449389,08/12/2014,Mon,1340,DA,CN1,131A 353A 402A ,F,M,D,B ,F , , ,C,100,0,0,0,,,1718885,5610128
South Taranaki District,3/321/1.773,1540,N, ,LOWER TAUMAHA ROAD,201436237,20/05/2014,Tue,1614,DA,CN1,131A 902 ,F,E,D,B ,F , , ,C,100,0,0,0,,,1718933,5610093
South Taranaki District,3/321/4.021,50,S, ,MUGGERIDGE ROAD,201418073,26/11/2014,Wed,1630,CB,TN1,137A ,G,R,D,ON,F , ,N,C,100,0,0,1,,,1720226,5608450
South Taranaki District,3/321/4.471,500,S, ,MUGGERIDGE ROAD,201434956,20/03/2014,Thu,1840,DA,CS1,129A ,,M,D,OF,F , ,N,C,100,0,0,0,,,1720370,5608025
South Taranaki District,3/321/4.771,800,S, ,MUGGERIDGE ROAD,201443586,14/08/2014,Thu,53,DA,CS1,101A 131A 410A ,F,E,W,DN,L , ,N,C,100,0,0,0,,,1720301,5607740
South Taranaki District,3/321/7.135,1000,N, ,BALL ROAD,201400057,22/03/2014,Sat,5,DA,CN1,101A 111A 131A ,F,E,D,DN,F , , ,L,100,1,0,0,,,1721781,5606037
South Taranaki District,3/321/10.468,240,N, ,KAKARAMEA ROAD,201412848,19/05/2014,Mon,1545,NA,TN1E,711B ,,E,D,B ,F , , ,C,70,0,1,0,11,,1724053,5603654
South Taranaki District,3/321/14.54,500,S, ,WHITEHEAD LANE,201412952,20/05/2014,Tue,1743,FA,TS1O,331A ,,R,D,DN,F , , ,C,100,0,0,2,,,1725013,5600019
South Taranaki District,3/338/0.047,110,W, ,DEVON ST,201415939,21/08/2014,Thu,1047,BF,TE1C,501A ,ST,M,D,B ,F , , ,L,50,0,0,1,,,1726390,5598155
South Taranaki District,3/338/0.331,, ,I,CORNWALL ST,201431740,08/02/2014,Sat,2030,EC,CW1,131A 823 ,EFL,E,W,TN,H ,T,S,C,100,0,0,0,,,1726673,5598145
South Taranaki District,3/338/2.567,1400,N, ,RAKAUPIKO ROAD,201417956,08/12/2014,Mon,1833,BE,CE1T,130A 358A ,,R,D,B ,F , , ,L,100,0,2,0,,,1727658,5599484
South Taranaki District,3/338/6.495,1500,N, ,NICHOLSON ROAD SOUTH,201447334,27/10/2014,Mon,956,DB,CN1,129A 134A ,F,E,W,O ,F , ,N,C,100,0,0,0,,,1731467,5599045
South Taranaki District,3/338/6.581,1700,E, ,OREILLY ROAD,201442143,14/08/2014,Thu,125,DB,CW1,131A 410A ,F,E,W,DN,HS, , ,C,100,0,0,0,,,1731539,5598999
South Taranaki District,3/338/10,1480,S, ,RANGIKURA ROAD,201446708,29/10/2014,Wed,845,DA,CE1,131A 363A 902 ,C,E,D,B ,F , ,N,C,100,0,0,0,,,1733390,5596948
South Taranaki District,3/338/11.951,1000,W, ,PEAT ROAD,201418706,24/12/2014,Wed,1140,GE,4W14,330A 387A 129B 330B 929 ,,R,D,B ,F ,D, ,C,100,0,0,2,,,1735261,5596397
South Taranaki District,3/352/2.629,, ,I,CHESTER ST,201433419,27/01/2014,Mon,1500,GB,CE1C,158A 333A ,,R,D,OF,F ,T,G,C,50,0,0,0,,,1740098,5597175
South Taranaki District,3/352/2.966,150,E, ,LUPTON ST,201433420,26/02/2014,Wed,500,EC,CE1,912,W,R,D,DO,F , ,N,C,100,0,0,0,,,1740434,5597195
South Taranaki District,3/352/5.806,490,W, ,UPPER OKOTUKU ROAD,201446266,11/09/2014,Thu,1430,CC,CW1,130A 501A ,F,R,D,BN,F , ,N,C,100,0,0,0,,,1743085,5596253
South Taranaki District,3/352/7.482,50,W, ,MOUMAHAKI ROAD,201437502,10/06/2014,Tue,305,DC,CW1,901,X,E,W,DN,H , , ,C,100,0,0,0,,,1744590,5595519
South Taranaki District,3/352/13.263,, ,I,JACKSON ROAD,201437765,02/06/2014,Mon,45,EC,CN1,191A 912 ,W,E,D,DN,F ,T,N,C,100,0,0,0,,,1748844,5591992
South Taranaki District,3/352/14.063,800,E, ,JACKSON ROAD,201413205,28/03/2014,Fri,1230,FA,CE1C,181A 331A 403B ,,R,D,B ,F , ,N,C,100,0,0,2,,,1749562,5591879
South Taranaki District,3/352/15.667,230,W, ,PAETAIA ROAD,201438876,02/06/2014,Mon,110,EC,TE1,912,W,R,D,DN,F , ,N,C,90,0,0,0,,,1751114,5592007
South Taranaki District,3/352/18.254,150,W, ,PAKARAKA ROAD,201434444,26/03/2014,Wed,1112,BC,TE1TT,121A 130B 197B ,D,E,D,B ,F , , ,C,100,0,0,0,,,1753620,5591390
South Taranaki District,45/28/13.128,100,N, ,CAPE ROAD,201446195,31/10/2014,Fri,1658,DB,CS1,129A 134A 351A ,FV,E,D,B ,F , , ,C,100,0,0,0,,,1669543,5651424
South Taranaki District,45/28/13.198,30,N, ,CAPE ROAD,201410558,15/02/2014,Sat,240,EC,CS1,129A 400A ,B,R,D,DN,F , ,N,C,70,0,1,1,,,1669553,5651355
South Taranaki District,45/48/8.692,150,S, ,ARAWHATA ROAD,201442497,08/08/2014,Fri,115,CB,CS1,129A 410A ,CV,R,W,DN,L , ,N,C,100,0,0,0,,,1670861,5637262
South Taranaki District,45/48/12.969,, ,I,NAMU ROAD,201417868,27/11/2014,Thu,910,LB,VN1C,303B 377B ,,E,D,B ,F ,T,S,C,100,0,0,2,,,1672452,5633549
South Taranaki District,45/48/14.455,, ,I,TENNYSON ST,201413023,18/05/2014,Sun,1555,HA,CE1C,302B 351B ,,R,D,BF,F ,X,G,C,50,0,0,1,,,1673531,5632664
South Taranaki District,45/48/14.807,, ,I,HAVELOCK ST,201430371,05/01/2014,Sun,1055,FA,CE14,112A 350A ,,R,W,O ,L ,X,S,C,50,0,0,0,,,1673839,5632493
South Taranaki District,45/48/15.837,100,N, ,ELTHAM ROAD,201450105,31/12/2014,Wed,1725,DA,CN1,131A 407A ,B,M,D,O ,F , , ,C,100,0,0,0,,,1674641,5631999
South Taranaki District,45/64/6.087,800,E, ,WATINO ROAD,201415706,20/08/2014,Wed,1007,FD,MS1VT,112A 181A ,,R,D,ON,F , ,N,C,100,0,0,1,,,1678249,5627716
South Taranaki District,45/64/9.584,500,N, ,NOPERA ROAD,201431777,08/01/2014,Wed,1152,DB,4S1,130A 650A ,,M,D,BN,F , ,N,C,100,0,0,0,,,1680913,5626115
South Taranaki District,45/64/14.333,, ,I,OEO ROAD,201410279,07/02/2014,Fri,300,CC,CW1,101A 402A 410A ,HT,R,D,DN,FS,T,N,C,100,0,0,1,,,1684229,5623110
South Taranaki District,45/81/12.036,30,E, ,WINKS ROAD,201450433,20/09/2014,Sat,2030,EC,CE1,912,W,R,D,DN,F , ,N,C,100,0,0,0,,,1698249,5621300
South Taranaki District,45/81/12.203,, ,A,KAPUNI STM BR,201444256,17/09/2014,Wed,1750,FD,CE1C,331A ,,R,D,B ,F , , ,C,100,0,0,0,,,1698411,5621341
South Taranaki District,45/81/12.653,400,W, ,KEARIN ROAD,201444931,10/10/2014,Fri,1530,FD,CW1C,181A 353A 132B 191B ,,R,D,B ,F , ,N,C,100,0,0,0,,,1698795,5621154
South Taranaki District,45/97/1.733,290,W, ,SCOTT ROAD,201416369,29/10/2014,Wed,1545,DB,CW1,104A 358A 632A ,F,M,W,O ,HS, ,N,C,100,0,0,1,,,1703187,5619087
South Taranaki District,45/97/1.833,190,W, ,SCOTT ROAD,201410644,13/02/2014,Thu,1750,DA,CE1,111A 131A ,V,E,D,B ,F , ,N,C,80,0,1,0,,,1703280,5619051
South Taranaki District,45/97/1.873,150,W, ,SCOTT ROAD,201445901,28/09/2014,Sun,1035,EC,CE1,131A 632A 801 901 ,CL,M,W,O ,H , , ,L,100,0,0,0,,,1703314,5619030
South Taranaki District,45/97/3.377,, ,I,LIVINGSTON ROAD E,201447201,29/10/2014,Wed,1643,MB,BW1T,303B ,,M,D,O ,H ,T,S,C,100,0,0,0,,,1704606,5618455
South Taranaki District,45/97/4.489,, ,I,KETEMARAE ROAD,201418155,03/12/2014,Wed,905,JC,4W1C,301B 370B 402B ,,R,D,O ,F ,T,S,C,100,0,0,1,,,1705634,5618041
South Waikato District,ARAPUNI ROAD,100,W, ,ARAPUNI ST,201449032,24/10/2014,Fri,725,DA,4W1T,135A 804 ,,E,W,ON,L , ,N,C,50,0,0,0,,,1842423,5784129
South Waikato District,ARAPUNI ROAD,870,E, ,BURNETT ROAD,201434046,16/04/2014,Wed,911,DA,CE1,111A 131A ,T,M,W,O ,F , ,N,C,100,0,0,0,,,1836036,5784630
South Waikato District,ARAPUNI ROAD,, ,I,COATES ROAD,201435618,27/04/2014,Sun,1109,MC,4N1C,372B ,,R,D,B ,F ,T,S,C,50,0,0,0,,,1832107,5782651
South Waikato District,ARAPUNI ROAD,, ,I,DARBY ROAD,201447200,04/11/2014,Tue,1716,DB,TW2,131A ,,E,D,O ,F ,T,S,C,100,0,0,0,,,1831994,5781864
South Waikato District,ARAPUNI ROAD,780,E, ,HILDRETH ROAD,201417612,29/10/2014,Wed,650,DA,VW1,131A 410A ,FT,M,D,B ,F , ,N,C,100,0,0,1,,,1837764,5785366
South Waikato District,ARAPUNI ROAD,200,W, ,HORAHORA ROAD,201414124,17/06/2014,Tue,738,MC,CW1C,372B 375B ,,R,W,ON,F , ,N,C,100,0,0,2,,,1833836,5784075
South Waikato District,ARAPUNI ROAD,1000,N, ,PEARSON ROAD,201450844,15/12/2014,Mon,1800,BF,CS1C,111A 131A ,F,M,D,ON,F , ,N,C,100,0,0,0,,,1838061,5785356
South Waikato District,ARAPUNI ROAD,1300,S, ,PEARSON ROAD,201448323,22/12/2014,Mon,1100,DB,CE1,111A ,,E,D,B ,F , ,N,C,100,0,0,0,,,1839562,5784025
South Waikato District,ARAPUNI ROAD,, ,I,PEARSON ROAD,201442561,13/07/2014,Sun,1759,JA,CN1C,111B 321B 402B 613B ,,S,W,DN,H ,T,S,C,100,0,0,0,,,1838522,5784645
South Waikato District,ARAPUNI ROAD,1000,E, ,SHINE ROAD,201414861,22/06/2014,Sun,140,DA,CE1,103A 111A 131A ,P,E,W,DN,L , ,N,C,100,0,0,1,,,1837980,5785366
South Waikato District,ARAPUNI ROAD,, ,A,WAIKATO RIV BR,201432791,11/03/2014,Tue,827,CB,TW1,501A ,B,R,D,O ,F , , ,N,100,0,0,0,,,1831403,5781883
South Waikato District,ARAPUNI ST,, ,I,PRINCES ST,201432717,04/03/2014,Tue,750,EO,TN2,386A 420A ,P,E,D,B ,F ,R,G,C,50,0,0,0,,,1843941,5784662
South Waikato District,ARAPUNI ST,, ,I,RESERVOIR ST,201432552,18/02/2014,Tue,1725,JC,CS1C,133A 407A 423A ,,R,D,B ,F ,T,N,C,50,0,0,0,,,1843348,5784362
South Waikato District,ASHWORTH ST,, ,I,GILES ST,201431398,28/02/2014,Fri,1800,LB,CS1CC,303B 375B ,M,R,D,BF,F ,T,G,C,50,0,0,0,,,1851625,5765956
South Waikato District,BABERTON ST,, ,I,PENTLAND TERRACE,201434503,21/03/2014,Fri,2115,CC,CN1,433A ,F,R,D,DO,F ,T,G,N,50,0,0,0,,,1851399,5765443
South Waikato District,BALMORAL DRIVE,, ,I,MORVERN CRESCENT W,201449393,20/12/2014,Sat,1618,JA,CW1C,309B 375B ,,R,D,O ,F ,T,N,C,50,0,0,0,,,1850628,5764132
South Waikato District,BALMORAL DRIVE,, ,I,MORVERN CRESCENT W,201412272,17/05/2014,Sat,450,CB,CE1,103A 350A ,P,R,D,DO,F ,T,N,C,50,0,0,1,,,1850628,5764132
South Waikato District,BALMORAL DRIVE,, ,I,ST ANDREWS DRIVE,201431151,11/01/2014,Sat,42,DA,CS1,104A 514A ,,E,D,DN,F ,T,N,C,50,0,0,0,,,1851566,5764219
South Waikato District,BILLAH ST,, ,I,MAY ST,201447310,12/11/2014,Wed,2140,DA,CS1,131A 370A 840 860 ,I,M,W,DO,F ,T,N,R,50,0,0,0,,,1850315,5765705
South Waikato District,BLEDISLOE AVENUE,20,N, ,RURU CRESCENT,201417716,03/11/2014,Mon,1510,PD,4N1E,330A 929 ,,R,D,O ,F ,D,N,N,50,0,1,1,9,,1844745,5785177
South Waikato District,BRIDGE ST,80,E, ,LANARK ST,201441667,02/08/2014,Sat,1330,MO,4W1C,386A ,M,R,D,O ,F , , ,R,50,0,0,0,,,1850958,5765957
South Waikato District,BRIDGE ST,, ,I,PAPANUI ST,201431397,27/02/2014,Thu,1624,DB,CW1,109A 131A 410A ,IS,R,D,BF,F ,R,G,R,50,0,0,0,,,1850621,5765869
South Waikato District,CHAMBERS ST,, ,I,MANNERING ST,201411054,27/01/2014,Mon,1641,DC,SN2C,112A 610A ,,R,D,B ,F ,T,N,C,50,0,0,1,,12,1851227,5766490
South Waikato District,GRACE CRESCENT,110,N, ,DUKE ST,201440304,12/07/2014,Sat,225,MO,CS1,428A 801 ,P,M,W,DO,L , , ,N,50,0,0,0,,,1850322,5765327
South Waikato District,GREY ST,, ,I,GOLF ST,201430921,27/02/2014,Thu,1130,DB,CE2,131A ,,R,D,BF,F ,Y,N,N,50,0,0,0,,,1843073,5783893
South Waikato District,HUIHUITAHA ROAD,2400,N, ,LAKE ARAPUNI ROAD S,201442309,23/08/2014,Sat,138,CC,CS1,112A 195A ,,R,D,DN,FF, ,N,C,100,0,0,0,,,1834403,5777270
South Waikato District,JACK HENRY ROAD,400,W, ,OLD TAUPO ROAD,201413602,15/04/2014,Tue,850,CB,CE1,130A 358A 402A 801 ,F,R,W,O ,L , , ,C,80,0,0,2,,,1848360,5763804
South Waikato District,JACK HENRY ROAD,600,W, ,OLD TAUPO ROAD,201418387,18/12/2014,Thu,1040,DA,CE1,111A 131A ,F,M,W,ON,F , ,N,C,100,0,0,1,,,1848171,5763745
South Waikato District,JACK HENRY ROAD,1300,W, ,OLD TAUPO ROAD,201414243,11/08/2014,Mon,713,DB,CS1,111A 131A ,P,M,W,TO,F , ,N,C,100,0,0,1,,,1847563,5763522
South Waikato District,JEDBURGH ST,, ,I,ETTRICK PLACE,201435555,22/04/2014,Tue,1030,BB,CN2C,124B 357B 402B ,,R,D,O ,F ,T,N,N,50,0,0,0,,,1851092,5764790
South Waikato District,KELSO LANE,30,N, ,HAWICK ST,201434010,12/04/2014,Sat,1640,MO,CE1V,371A 372B ,,R,D,O ,F , ,N,C,50,0,0,0,,,1850957,5764639
South Waikato District,KELSO ST,20,N, ,HAWICK ST,201442490,28/07/2014,Mon,940,MF,CS1C,371B ,,R,D,BF,F , ,N,C,50,0,0,0,,,1850910,5764627
South Waikato District,KENSINGTON ST,70,S, ,KENSINGTON LANE,201444857,31/10/2014,Fri,1420,MD,VN14,371B 377B ,,R,D,BN,F , ,N,C,50,0,0,0,,,1843913,5784999
South Waikato District,KENT ST,50,N, ,VICTORIA PLACE,201437766,02/06/2014,Mon,1221,CB,CS1,130A 197A 357A ,T,R,D,B ,F , , ,N,50,0,0,0,,,1850060,5764905
South Waikato District,LANGLANDS ROAD,1000,E, ,SH 27,201446365,24/09/2014,Wed,110,DB,CE1,111A 131A 404A ,C,M,D,DN,F , ,N,C,100,0,0,0,,,1843127,5796466
South Waikato District,LEITH PLACE,10,S, ,BRIDGE ST,201442867,09/09/2014,Tue,1120,MO,CS1C,371A 386A ,M,R,D,B ,F ,T,N,R,50,0,0,0,,,1851489,5766122
South Waikato District,LEITH PLACE,100,S, ,BRIDGE ST,201434115,13/03/2014,Thu,1930,MO,TN1CC,421A ,M,R,D,TF,F , ,N, ,50,0,0,0,,,1851518,5766037
South Waikato District,LEITH PLACE,20,N, ,SWANSTON ST,201435180,27/03/2014,Thu,,ME,CN1C,371B ,,R,D,B ,F , ,N,L,30,0,0,0,,,1851530,5766006
South Waikato District,MAIN ST,20,S, ,BUCKLAND ST,201444462,12/06/2014,Thu,1320,EC,CS1,341A 507A ,X,R,D,B ,F , , ,R,50,0,0,0,,,1843883,5784867
South Waikato District,MANFIELD ST,220,N, ,CHAMBERS ST,201432792,15/03/2014,Sat,1325,DA,CN1,111A 131A 801 ,FJ,E,W,O ,L , , ,C,50,0,0,0,,,1850694,5766920
South Waikato District,MARCHANT ST,, ,I,KENSINGTON ST,201437956,03/06/2014,Tue,1640,HA,CE1C,302B 375B ,,R,D,TF,F ,X,G,C,50,0,0,0,,,1843670,5785392
South Waikato District,MATAI CRESCENT,20,N, ,MIRO PLACE,201413179,26/05/2014,Mon,2109,BO,CS1T,130A 353A 357A ,M,E,D,DO,F , , ,N,50,0,0,1,,,1843621,5784127
South Waikato District,MOFFAT ROAD,20,E, ,SH 1N,201450430,15/12/2014,Mon,1508,FD,CW1V,181A ,,R,D,OF,F , ,N,C,50,0,0,0,,,1852187,5764026
South Waikato District,MOSSOP ROAD,500,E, ,SH 1N,201439281,22/06/2014,Sun,839,DA,CW1,129A 131A ,,S,W,O ,F , , ,C,80,0,0,0,,,1852247,5765366
South Waikato District,NEAL ST,200,E, ,ANDERSON ST,201417959,11/12/2014,Thu,1118,CB,CE1,501A ,FPT,R,D,O ,F , , ,C,50,0,0,1,,,1844424,5785173
South Waikato District,OLD TAUPO ROAD,, ,I,CAMPBELL ROAD,201417348,20/10/2014,Mon,1800,BB,SN14,124A 378A ,,R,D,TN,F ,X,S,C,100,0,0,1,,31,1850504,5761860
South Waikato District,OLD TAUPO ROAD,30,S, ,IONA AVENUE,201450775,29/11/2014,Sat,1230,CB,CN1,112A ,C,R,D,BN,F , ,N,N,50,0,0,0,,,1850521,5761836
South Waikato District,OLD TAUPO ROAD,2000,N, ,MATANUKU ROAD,201435554,05/05/2014,Mon,1604,DA,4S1,111A 131A 801 817 ,EF,E,W,O ,L , , ,N,100,0,0,0,,,1845460,5768763
South Waikato District,OLD TAUPO ROAD,730,W, ,MATANUKU ROAD,201410510,23/01/2014,Thu,1424,DA,TN1,129A 131A ,,S,D,BN,F , ,N,C,100,0,0,1,,,1846274,5767854
South Waikato District,OLD TAUPO ROAD,70,N, ,WILTSDOWN ROAD,201414185,13/07/2014,Sun,1528,DB,MN1,129A 402A 403A ,C,E,W,ON,F , ,N,C,100,0,0,1,,,1842755,5771589
South Waikato District,OLD TAUPO ROAD,, ,I,WILTSDOWN ROAD,201443280,19/08/2014,Tue,1900,HA,VN1C,112B 302B 402B ,,R,W,DN,L ,X,G,C,100,0,0,0,,,1842797,5771536
South Waikato District,OSULLIVAN DRIVE,, ,I,SWANSTON LANE,201442868,03/09/2014,Wed,1115,DA,TS1C,131A 179A ,M,R,D,O ,F ,T,G,C,50,0,0,0,,,1851485,5765921
South Waikato District,OSULLIVAN DRIVE,15,N, ,TORPHIN CRESCENT,201436092,14/03/2014,Fri,1415,MA,CS14,371B ,,R,D,ON,F , ,N,N,50,0,0,0,,,1851503,5765861
South Waikato District,OSULLIVAN DRIVE,, ,I,TORPHIN CRESCENT,201431735,24/01/2014,Fri,950,LB,4N14,303B ,,R,D,B ,F ,X,G,R,50,0,0,0,,,1851508,5765847
South Waikato District,OVERDALE ST,, ,I,MAIN ST,201437486,26/05/2014,Mon,545,KA,CS14,302B 370B 801 ,,R,W,DO,L ,R,G,R,50,0,0,0,,,1843845,5784843
South Waikato District,PAPANUI ST,20,N, ,BRIDGE ST,201434221,05/03/2014,Wed,1247,EA,VS1C,129A 130A ,M,R,D,B ,F , , ,C,50,0,0,0,,,1850594,5765910
South Waikato District,PARAONUI ROAD,, ,I,MATANUKU ROAD,201440623,22/06/2014,Sun,1111,JA,4N1C,309B 353B 407B ,,R,D,B ,F ,T,N,N,100,0,0,0,,,1848604,5768598
South Waikato District,PARAPARA ROAD,300,N, ,TAUMANGI ROAD,201435657,26/04/2014,Sat,130,DB,4S1,131A 407A 412A 801 ,,E,W,DN,L , , ,C,100,0,0,0,,,1842364,5788354
South Waikato District,PARAPARA ROAD,2000,N, ,TAUMANGI ROAD,201448321,19/12/2014,Fri,400,DA,CN1,111A ,,E,D,DN,F , ,N,C,100,0,0,0,,,1841185,5789298
South Waikato District,PARKDALE ST WEST,, ,I,PARAONUI ROAD,201436093,19/04/2014,Sat,2030,DB,CS2,111A 133A 402A ,P,R,W,DO,L ,T,G,C,50,0,0,0,,,1849783,5767237
South Waikato District,PHILIP ST,100,S, ,ANDREW ST,201437829,05/06/2014,Thu,1220,MD,CN14,308B 371B 929 ,,E,D,O ,F ,D,N,C,50,0,0,0,,,1850066,5765965
South Waikato District,PRINCES ST,, ,I,DUKE ST,201416061,30/09/2014,Tue,1330,HA,CS1S,300A 370A 210B 312B ,,R,D,B ,F ,T,G,X,50,0,0,1,,12,1843868,5784781
South Waikato District,PURIRI PLACE,90,N, ,TOTARA ST,201445244,09/10/2014,Thu,830,MO,CN1C,330A 371A 929 ,M,R,D,O ,F ,D, ,C,50,0,0,0,,,1849970,5766603
South Waikato District,PURIRI ROAD,3500,E, ,SH 1N,201444041,01/09/2014,Mon,1428,JA,VW14,308B 375B 929 ,,M,D,ON,L ,D,N,N,60,0,0,0,,,1853218,5770393
South Waikato District,RESERVOIR ST,70,N, ,ARAPUNI ST,201435747,09/05/2014,Fri,615,MO,TS1,386A 904 ,P,R,W,DN,M , , ,C,50,0,0,0,,,1843318,5784426
South Waikato District,RESERVOIR ST,, ,I,PARK AVENUE,201416447,11/10/2014,Sat,330,DC,CS1,103A 110A 130A ,CFT,M,D,TO,F ,T,N,C,50,0,2,1,,,1843313,5784804
South Waikato District,RIVERVIEW ST,30,N, ,JUNCTION ST,201445260,22/09/2014,Mon,310,CA,CE1,101A 133A 801 ,F,R,W,DO,L , , ,C,50,0,0,0,,,1844373,5786067
South Waikato District,SH 32,, ,I,WAINUI ROAD,201444505,09/08/2014,Sat,2025,MO,4S1CC,102A 512A 514A ,,R,W,DN,F ,T,G,N,100,0,0,0,,,,
South Waikato District,TOTARA ST,230,S, ,KENNEDY DRIVE,201431402,09/03/2014,Sun,2038,CB,CS1,103A ,F,R,D,DO,F , ,N,N,50,0,0,0,,,1844110,5783897
South Waikato District,TRAM ROAD,, ,I,WAWA ROAD S,201450058,31/12/2014,Wed,830,DA,CN1,111A 131A ,F,E,D,B ,F ,T,G,C,50,0,0,0,,,1854111,5754346
South Waikato District,WAOTU ROAD,100,N, ,OLD TAUPO ROAD N,201441967,14/08/2014,Thu,1700,DA,4N1,131A 402A 901 903 ,C,M,W,DN,HS, , ,C,100,0,0,0,,,1838733,5779912
South Waikato District,WEBSTER ROAD,950,S, ,SH 5,201433664,19/04/2014,Sat,910,DA,CS1,131A ,F,M,W,ON,L , ,N,C,100,0,0,0,,,1845380,5790209