TLANAME,CRASHROAD,CRASHDIST,CRASHDIRN,INTSN,SIDEROAD,CRASHID,CRASHDATE,CRASHDOW,CRASHTIME,MVMT,VEHICLES,CAUSES,OBJECTSSTRUCK,ROADCURVE,ROADWET,LIGHT,WTHRa,JUNCTYPE,TRAFCTRL,ROADMARK,SPDLIM,CRASHFATALCNT,CRASHSEVCNT,CRASHMINCNT,PERSAGE1,PERSAGE2,EASTING,NORTHING
South Waikato District,WILTSDOWN ROAD,100,E, ,PARAONUI ROAD,201418388,17/12/2014,Wed,2110,DB,VE1,111A 131A ,C,M,W,DN,L , ,N,C,70,0,1,1,,,1847697,5773354
South Waikato District,1N/594/0.1,100,E, ,SH 29,201444792,09/10/2014,Thu,1033,FD,CE1CT,129A 129C ,,E,D,BN,F , ,N,C,100,0,0,0,,,1834571,5797070
South Waikato District,1N/594/1.472,500,S, ,HORAHORA ROAD,201439392,05/07/2014,Sat,1230,CB,CS1,130A 501A ,F,R,W,ON,L , ,N,C,100,0,0,0,,,1835320,5795957
South Waikato District,1N/594/4.5,2000,W, ,PUKETIRAU ROAD,201434094,23/04/2014,Wed,1224,BA,CE1C,129A 386A ,,R,D,O ,F , ,N,C,80,0,0,0,,,1836809,5793467
South Waikato District,1N/594/5.5,1000,W, ,PUKETIRAU ROAD,201430700,25/01/2014,Sat,,DA,CN1,131A 332A ,F,E,D,BN,F , ,N,L,100,0,0,0,,,1837467,5792729
South Waikato District,1N/594/9.991,700,W, ,SH 27,201418582,28/10/2014,Tue,2300,DA,CW1,111A 131A ,G,S,W,DN,L , ,N,C,100,0,0,1,,,1841257,5793407
South Waikato District,1N/605/0.1,100,E, ,SH 27,201411967,30/03/2014,Sun,1700,FC,VN1C,181A ,,R,D,BF,F , ,N,X,50,0,0,1,,,1841987,5793258
South Waikato District,1N/605/0.379,80,S, ,CHURCH ST,201435748,13/05/2014,Tue,1635,JA,CS1C,308B 375B 402B 927 ,,R,D,TF,F ,D, ,P,50,0,0,0,,,1842161,5793040
South Waikato District,1N/605/1.69,, ,I,SH 5,201431734,07/02/2014,Fri,1709,JA,CS1C,301B 375B 404B ,,E,D,BF,F ,T,S,R,100,0,0,0,,,1843058,5792236
South Waikato District,1N/605/1.69,, ,I,SH 5,201440817,01/08/2014,Fri,1210,JA,CS1C,301B ,,M,D,B ,F ,T,S,C,100,0,0,0,,,1843058,5792236
South Waikato District,SH 5,, ,I,1N/605/1.69,201442290,15/08/2014,Fri,2010,DA,CS2CC,131A ,,M,D,DN,F ,T,S,C,100,0,0,0,,,1843058,5792236
South Waikato District,1N/607/1,1000,S, ,SH 5,201439394,04/07/2014,Fri,1830,BE,CS1V,134A 195A ,,R,D,DN,F , ,N,C,100,0,0,0,,,1843024,5791304
South Waikato District,1N/607/1,1000,S, ,SH 5,201416323,21/10/2014,Tue,1556,LB,CN1C,303B 410B 929 ,,R,D,B ,F ,D,N,C,100,0,0,2,,,1843024,5791304
South Waikato District,1N/613/0.02,20,S, ,SH 28,201436887,16/05/2014,Fri,2150,CC,CS1,130A 412A ,FG,R,D,DO,F , , ,C,50,0,0,0,,,1844687,5786366
South Waikato District,1N/613/0.459,70,S, ,JUNCTION ST,201439395,02/07/2014,Wed,14,DA,CN1,131A 402A ,CF,M,W,DO,H , ,N,P,50,0,0,0,,,1844572,5785970
South Waikato District,KENSINGTON ST,, ,I,1N/613/1.744,201439242,26/06/2014,Thu,1850,LB,CN2C,302A ,,E,W,DO,L ,R,G,R,50,0,0,0,,,1843971,5784946
South Waikato District,1N/613/1.744,, ,I,MAIN ST,201449706,17/11/2014,Mon,1210,HA,CN1C,302A 375A ,,R,W,O ,F ,R,G,R,50,0,0,0,,,1843971,5784946
South Waikato District,1N/613/1.744,, ,I,MAIN ST,201444921,27/09/2014,Sat,1123,LB,CN14C,302A 375A ,,E,D,B ,F ,R,G,R,50,0,0,0,,,1843971,5784946
South Waikato District,1N/613/1.744,, ,I,MAIN ST,201434095,22/04/2014,Tue,620,LB,CN14,302A 375A ,,S,D,DO,F ,R,G,C,50,0,0,0,,,1843971,5784946
South Waikato District,1N/613/1.744,, ,I,MAIN ST,201434311,09/04/2014,Wed,1813,LB,CN1C,302A ,,E,W,DO,L ,R,G,R,50,0,0,0,,,1843971,5784946
South Waikato District,1N/613/2.38,100,N, ,SHOLSON ST,201446764,20/09/2014,Sat,2110,CC,CN1,112A 125A ,FJ,R,D,DO,F , ,N,N,70,0,0,0,,,1844259,5784419
South Waikato District,1N/613/2.951,110,S, ,BRIDGE ST,201449031,24/10/2014,Fri,655,DB,CS1T,135A 682B 804 ,P,E,D,OF,F , ,N,L,70,0,0,0,,,1844708,5784065
South Waikato District,1N/613/3.359,100,N, ,DOMAIN ROAD,201410238,05/01/2014,Sun,1340,BF,CS1C,101A 111A ,,E,W,O ,H , ,N,L,100,0,1,1,,,1844903,5783707
South Waikato District,1N/613/3.879,420,S, ,DOMAIN ROAD,201410655,08/03/2014,Sat,1411,DA,CS1,351A 357A ,FT,E,D,B ,F , ,N,L,100,0,0,2,,,1844868,5783235
South Waikato District,1N/613/5.354,40,S, ,JONES ROAD,201434976,24/04/2014,Thu,1342,FD,VN14,181A ,,E,W,ON,H , ,N,L,100,0,0,0,,,1845088,5781936
South Waikato District,1N/613/6.018,200,N, ,PINE ROAD,201447501,11/11/2014,Tue,1508,QD,TN1,428A ,N,E,D,O ,F , , ,C,100,0,0,0,,,1845522,5781455
South Waikato District,1N/613/7.084,500,S, ,BALDWIN ROAD,201436030,11/04/2014,Fri,318,DA,TS1,134A 410A ,,M,W,DN,H , ,N,C,100,0,0,0,,,1846453,5780952
South Waikato District,1N/613/7.554,970,S, ,BALDWIN ROAD,201410071,09/02/2014,Sun,1424,BA,CS1CC,129A 205A 336A 197B ,D,R,D,B ,F , , ,L,100,0,1,4,,,1846541,5780490
South Waikato District,1N/613/9.301,130,S, ,DEIHL ROAD,201434317,11/04/2014,Fri,1444,MB,VN14,303B ,,R,W,O ,L , , ,C,100,0,0,0,,,1847127,5778877
South Waikato District,1N/613/10.987,2000,N, ,WILTSDOWN EAST,201400218,25/10/2014,Sat,1330,BC,CS1T,121A 410A ,,E,D,B ,F , ,N,C,100,1,0,0,,,1847617,5777243
South Waikato District,1N/625/0.136,500,N, ,WILTSDOWN EAST,201413702,28/05/2014,Wed,550,BA,VS14,129A ,,R,D,DN,F , ,N,L,100,0,0,1,,,1847579,5775805
South Waikato District,1N/625/1.236,600,S, ,WILTSDOWN EAST,201450845,21/12/2014,Sun,400,CC,CN1,410A ,F,R,D,DN,F , ,N,L,100,0,0,0,,,1848060,5774876
South Waikato District,1N/625/4.972,200,N, ,PURIRI ROAD,201411547,05/03/2014,Wed,650,DB,CN1CC,135A 135B 135C 806 ,E,M,D,DN,F , ,N,L,100,0,1,0,,,1850321,5772339
South Waikato District,1N/625/5.272,100,S, ,PURIRI ROAD,201415883,15/09/2014,Mon,1240,CB,VS1,130A 358A 402A ,F,R,D,B ,F , , ,C,100,0,0,1,,,1850260,5772045
South Waikato District,1N/625/6.294,750,N, ,WEST ROAD,201413825,09/05/2014,Fri,2215,DB,CN1,111A 131A 402A ,TV,E,W,DN,F , , ,L,100,0,0,1,,,1850508,5771147
South Waikato District,1N/625/7.094,50,S, ,WEST ROAD,201430015,01/01/2014,Wed,1125,EC,CS1,820,D,E,D,BN,F , ,N,C,100,0,0,0,,,1850664,5770389
South Waikato District,1N/625/7.892,20,N, ,TAMATEA ROAD,201432956,14/03/2014,Fri,2228,CA,CS1,410A ,V,R,D,DN,F , , ,C,100,0,0,0,,,1850653,5769598
South Waikato District,1N/625/8.625,150,N, ,ROLLETT ROAD,201431688,11/02/2014,Tue,1100,CA,CS1,129A 130A ,F,R,D,B ,F , , ,C,100,0,0,0,,,1850938,5768930
South Waikato District,1N/625/8.835,60,S, ,ROLLETT ROAD,201430431,13/01/2014,Mon,1933,CB,CN1,130A 500A ,F,R,D,O ,F , ,N,C,100,0,0,0,,,1851016,5768735
South Waikato District,NEWELL ROAD,, ,I,1N/625/9.809,201450840,20/12/2014,Sat,1855,FB,CW1C,331A 353A 387A ,,M,D,OF,F ,T,G,C,100,0,0,0,,,1851299,5767807
South Waikato District,1N/625/11.154,, ,I,CHAMBERS ST,201440622,30/05/2014,Fri,1435,MC,CN1C,181A 191B 372B ,,R,D,B ,F ,T,S,R,60,0,0,0,,,1851343,5766499
South Waikato District,1N/625/11.403,20,N, ,LOGAN ST,201444503,24/07/2014,Thu,1240,AC,TN1C,184A 671A 184B ,,R,D,O ,F , , ,N,60,0,0,0,,,1851478,5766295
South Waikato District,1N/625/11.711,, ,I,SWANSTON ST,201416139,18/09/2014,Thu,1100,JA,TN1C,302B 375B 403B 404B ,,R,D,O ,F ,T,G,C,60,0,0,1,,,1851580,5766003
South Waikato District,1N/625/12.212,50,N, ,MOSSOP ROAD,201446082,24/10/2014,Fri,1515,GF,CS1C,330A 386A 922 ,,R,D,B ,F ,D, ,P,60,0,0,0,,,1851748,5765539
South Waikato District,1N/625/12.282,1000,N, ,WARATAH PLACE,201436450,13/05/2014,Tue,1500,GD,VS1C,181A 925 ,,R,D,OF,F ,D,N,C,80,0,0,0,,,1851770,5765472
South Waikato District,1N/638/0.015,15,S, ,SH 32,201434122,17/04/2014,Thu,1400,FA,CS1C,331A 901 903 ,,R,W,ON,HS, , ,C,80,0,0,0,,,1851853,5765164
South Waikato District,1N/638/0.596,100,N, ,WARATAH PLACE,201434414,17/04/2014,Thu,1350,EC,CS1T,821 901 903 ,XX,R,W,O ,HS, , ,C,80,0,0,0,,,1852002,5764602
South Waikato District,1N/638/0.801,, ,I,BALMORAL DRIVE,201435024,21/04/2014,Mon,1407,JA,CN1C,302B 375B ,,R,D,B ,F ,T,G,C,80,0,0,0,,,1852055,5764404
South Waikato District,1N/638/1.182,20,N, ,MOFFAT ROAD,201441602,10/08/2014,Sun,1200,MC,CN1C,372B ,,R,D,B ,F , , ,L,80,0,0,0,,,1852162,5764039
South Waikato District,1N/638/3.583,1500,S, ,CAMPBELL ROAD,201434091,21/04/2014,Mon,1322,CB,VS1,129A 350A ,F,R,W,O ,F , ,N,C,100,0,0,0,,,1853071,5761835
South Waikato District,1N/638/8.972,2700,S, ,MATARAWA ROAD,201417276,10/11/2014,Mon,1359,DA,TN1,131A ,,E,D,B ,F , , ,L,100,0,0,1,,,1856154,5758244
South Waikato District,1N/638/9.702,3430,S, ,MATARAWA ROAD,201400135,13/06/2014,Fri,322,JA,TS1C,308B 330B 930 ,,M,D,DN,F ,D, ,L,100,1,0,0,,,1856693,5757787
South Waikato District,1N/638/10.47,6300,S, ,GALAXY ROAD,201433761,28/03/2014,Fri,2106,DA,CS1,131A 359A ,T,E,D,DN,F , , ,C,100,0,0,0,,,1857043,5757127
South Waikato District,1N/638/14.032,5200,N, ,SH 30 N,201400033,19/02/2014,Wed,2050,CB,CS1,109A 112A ,X,R,D,DN,F , ,N,L,100,1,0,0,,,1859841,5755509
South Waikato District,1N/638/14.235,260,S, ,ANDERSONS ROAD S,201432241,12/02/2014,Wed,1645,CB,4S1,130A 191A ,,R,D,B ,F , , ,L,100,0,0,0,,,1859979,5755360
South Waikato District,1N/638/15.932,3300,N, ,SH 30,201416622,26/10/2014,Sun,1,CB,CS1,130A 195A 402A ,V,R,D,DN,F , , ,L,100,0,1,2,,,1861146,5754136
South Waikato District,1N/657/0.89,600,N, ,KIWI ROAD,201446563,19/10/2014,Sun,1400,MB,VS1C,303B ,,E,D,B ,F , , ,C,100,0,0,0,,,1862585,5750687
South Waikato District,1N/657/5.129,450,N, ,ONGAROTO ROAD,201432404,23/02/2014,Sun,1056,MC,CN1C,372B 378B 402B 831 ,,M,D,B ,F , , ,C,100,0,0,0,,,1862874,5746763
South Waikato District,1N/663/0,, ,I,SH 30 ONGAROTO,201410002,06/01/2014,Mon,1420,JA,MS1C,301B 375B ,,R,D,B ,F ,T,S,P,100,0,1,0,,,1863033,5746361
South Waikato District,27/85/4.441,100,S, ,TOTMAN ROAD,201414966,16/07/2014,Wed,2340,EC,CS1C,912,WFW,R,D,DN,F , ,N,C,100,0,0,2,,,1842186,5796919
South Waikato District,27/85/4.906,200,S, ,LANGLANDS ROAD,201442464,18/07/2014,Fri,940,AB,CS1,137A ,C,R,D,BN,F , ,N,C,100,0,0,0,,,1842128,5796458
South Waikato District,27/85/5.506,700,N, ,MACMILLAN ROAD,201445064,20/10/2014,Mon,1215,EA,TN1C,386A 440B ,M,R,D,B ,F , ,N,C,100,0,0,0,,,1842057,5795862
South Waikato District,28/0/0,, ,I,SH 1N,201448322,18/12/2014,Thu,1600,DA,CN1,111A ,,R,D,B ,F ,T,G,C,100,0,0,0,,,1844698,5786383
South Waikato District,28/9/0.11,110,N, ,TAPAPA WEST ROAD,201412078,18/04/2014,Fri,1655,CC,CS1,129A 134A ,,R,D,B ,F , ,N,C,100,0,0,1,,,1849475,5791991
South Waikato District,SH 1N,, ,I,29/61/13.388,201445281,18/10/2014,Sat,1710,JA,CE2VV,133B 302B 801 ,,R,W,O ,L ,T,G,L,100,0,0,0,,,1834488,5797126
South Waikato District,30/110/0.791,20,E, ,HUMPHREY ROAD,201410542,12/02/2014,Wed,1645,CC,4W1,410A ,CS,R,D,BN,F , ,N,C,100,0,0,1,,,1863549,5751383
South Waikato District,30/115/1.34,60,N, ,OHAKURI ROAD,201414550,13/07/2014,Sun,1633,DB,CS1,410A 801 ,T,E,W,O ,L , , ,C,100,0,0,1,,,1868025,5752821
South Waikato District,PAPANUI ST,, ,I,32/0/0.836,201448062,17/11/2014,Mon,1337,DB,CE2V,111A 131A 402A 801 ,,S,W,O ,H ,T,G,C,50,0,0,0,,,1851036,5764991
South Waikato District,PAPANUI ST,, ,I,32/0/0.836,201434504,21/03/2014,Fri,1000,GF,VS14,381A ,,R,D,BF,F ,T,G,C,50,0,0,0,,,1851036,5764991
South Waikato District,32/0/0.95,, ,I,KELSO ST,201447115,31/10/2014,Fri,630,JC,CN2C,302A ,,R,W,O ,F ,T,G,C,50,0,0,0,,,1850924,5764968
South Waikato District,32/15/1.049,8450,S, ,ACCESS ROAD,201435553,24/04/2014,Thu,1615,DB,CS1,135A 801 806 ,C,M,W,O ,L , , ,C,100,0,0,0,,,1845777,5753094
South Waikato District,32/15/4.757,8000,N, ,SH 30,201444042,25/08/2014,Mon,735,DA,CS1,136A 802 ,C,M,I,BN,FF, ,N,C,100,0,0,0,,,1845104,5749752
South Waikato District,32/15/4.824,2260,S, ,ALBCORE ROAD S,201418451,06/11/2014,Thu,457,DB,VS1,131A 330A ,C,M,W,DN,F , , ,C,100,0,0,1,,,1845083,5749689
South Waikato District,SH 1N,, ,I,5/0/0,201443228,04/09/2014,Thu,1040,JC,CW24,321A 330A 404A ,,M,D,O ,F ,T,S,R,100,0,0,0,,,1843058,5792236
South Waikato District,5/0/1,1000,E, ,SH 1N,201444858,30/10/2014,Thu,109,BE,CW1T,101A 410A ,,R,W,DN,L , ,N,C,100,0,0,0,,,1844002,5791953
South Waikato District,5/0/5.171,, ,I,SH 28 W,201442308,24/08/2014,Sun,1510,LB,CW1C,303B 375B ,,R,D,B ,F ,T,G,R,100,0,0,0,,,1847697,5790412
South Waikato District,5/8/0,, ,I,SH 28 E,201413213,31/05/2014,Sat,1750,JA,ME1C,302B 375B ,,R,D,DO,F ,T,G,R,100,0,1,1,,,1849827,5791339
South Waikato District,5/8/0.05,50,E, ,SH 28 HARWOODS,201431399,21/01/2014,Tue,,FD,CE1C,181A ,,R,D,BF,FS, ,N,L,100,0,0,0,,,1849877,5791338
South Waikato District,5/8/0.52,520,W, ,SH 28,201446349,28/09/2014,Sun,,FF,CS1C,181A 191B ,,R,D,BN,F , ,N,C,100,0,0,0,,,1850326,5791220
South Waikato District,5/8/1.5,1500,E, ,HARWOODS ROAD,201450841,16/12/2014,Tue,1615,BE,TW144,410A ,,R,D,BN,F , ,N,C,100,0,0,0,,,1851188,5790762
South Waikato District,5/8/7.04,960,E, ,WAIOHOTU ROAD,201449345,08/12/2014,Mon,1430,DA,CN1,131A 353A 404A ,ET,M,D,B ,F , , ,C,100,0,0,0,,,1856335,5789563
South Waikato District,5/8/10.066,9200,N, ,GALAXY ROAD,201433494,19/03/2014,Wed,2320,DB,CN1,103A ,KT,M,D,DN,F , ,N,C,100,0,0,0,,,1858968,5788247
South Waikato District,5/8/11.36,5280,E, ,WAIOHOTU ROAD,201413964,07/03/2014,Fri,758,DB,CN1,111A 131A ,PV,M,D,B ,F , ,N,N,100,0,0,1,,,1859905,5787413
South Waikato District,5/8/12.566,6700,W, ,GALAXY ROAD,201440532,19/07/2014,Sat,830,DA,CW1,135A 802 ,T,E,I,DN,FF, , ,C,100,0,0,0,,,1860875,5786707
South Waikato District,5/8/14.712,10000,E, ,TAPAPA ROAD,201431446,07/03/2014,Fri,703,DB,CW1,135A 804 817 ,E,E,D,BN,F , ,N,N,100,0,0,0,,,1862977,5786412
South Waikato District,5/8/18.236,1030,W, ,GALAXY ROAD,201439973,02/07/2014,Wed,2045,DA,CE1,131A ,CV,E,W,DN,L , ,N,C,100,0,0,0,,,1866364,5785776
South Waikato District,5/8/18.695,3500,W, ,MARAEROA ROAD,201431445,06/03/2014,Thu,2005,CB,CW1,135A 804 817 ,,R,D,TN,F , ,N,N,100,0,0,0,,,1866818,5785822
South Wairarapa District,CAPE PALLISER ROAD,50,S, ,SEAVIEW AVENUE,201417550,08/11/2014,Sat,2030,QO,MS1,103A 430A ,,R,D,TN,F , ,N,C,50,0,0,1,,,1786151,5393349
South Wairarapa District,CAPE PALLISER ROAD,3000,E, ,WHANGAIMOANA BEACH ROAD,201413563,24/07/2014,Thu,1300,DB,CS1,131A ,F,M,D,B ,F , , ,C,100,0,0,1,,,1783921,5412788
South Wairarapa District,CHURCHILL CRESCENT,200,W, ,WATT ST,201441692,11/08/2014,Mon,2100,DA,4N1,103A 111A 131A ,CP,S,W,DO,LS, , ,C,50,0,0,0,,,1795143,5446587
South Wairarapa District,EAST ST,100,N, ,PAPAWAI ROAD,201440876,24/05/2014,Sat,2005,CC,CN1,130A 801 ,F,R,W,DO,L , , ,N,50,0,0,0,,,1806203,5448685
South Wairarapa District,FOX ST,, ,I,BIRDWOOD ST,201415980,11/06/2014,Wed,1925,HA,CS2C,302A 375A ,,R,W,DO,  ,X,G,N,50,0,0,1,,,1795418,5445609
South Wairarapa District,FOX ST,, ,I,BIRDWOOD ST,201416052,11/09/2014,Thu,1600,HA,4N1C,302B 375B ,,R,D,B ,F ,X,G,C,50,0,0,1,,,1795418,5445609
South Wairarapa District,FOX ST,, ,I,BIRDWOOD ST,201434891,26/03/2014,Wed,1410,HA,CS1C,302B 375B ,,R,D,BF,F ,X,G,C,50,0,0,0,,,1795418,5445609
South Wairarapa District,FOX ST,, ,I,JOHNSTON ST,201431219,21/02/2014,Fri,1402,QC,CS1O,352A ,N,R,D,BF,F ,T,T,C,50,0,0,0,,,1795224,5445760
South Wairarapa District,FOX ST,30,E, ,SH 2,201443318,13/09/2014,Sat,800,CC,CE1,112A 517A ,F,R,W,DO,F ,X,G,C,50,0,0,0,,,1795533,5445517
South Wairarapa District,FOX ST,80,N, ,WAITE ST,201414291,01/08/2014,Fri,1130,MO,CS1E,354A 371A 378A 929 ,,R,D,O ,F ,D,N,C,50,0,0,1,69,,1795704,5445381
South Wairarapa District,HARRISON ST WEST,, ,I,WAKEFIELD ST,201440199,18/07/2014,Fri,1235,DB,CW1,111A 131A ,C,E,W,O ,F ,X,G,C,50,0,0,0,,,1795351,5446234
South Wairarapa District,HAURANGI ROAD,3000,S, ,BLUE ROCK ROAD,201410734,26/03/2014,Wed,1037,DB,MN1,138A 402A 404A ,T,M,D,O ,F , ,N,N,100,0,1,0,,,1801281,5420321
South Wairarapa District,HINAKURA ROAD,3230,E, ,TE MUNA ROAD,201410331,28/01/2014,Tue,1635,DB,TW1,137A 195A ,C,E,D,ON,F , ,N,C,100,0,0,1,,,1811076,5430438
South Wairarapa District,JELLICOE ST,, ,I,MALCOLM ST,201435682,10/05/2014,Sat,2145,DC,CW2,112A 133A 801 ,F,R,W,DO,L ,T,G,C,50,0,0,0,,,1805733,5433726
South Wairarapa District,JELLICOE ST,20,E, ,NAPLES ST,201437153,23/05/2014,Fri,1000,EA,VE1C,129A ,M,R,D,OF,F , ,N,C,50,0,0,0,,,1806073,5433985
South Wairarapa District,JOHNSTON ST,, ,I,BELL ST,201435656,22/04/2014,Tue,740,HA,CN2B,321A 370A 801 ,,R,W,O ,L ,X,S,C,50,0,0,0,,,1795385,5445921
South Wairarapa District,KAHUTARA ROAD,80,S, ,MARAMARAMAU ROAD,201413402,18/06/2014,Wed,1404,DA,CN1,131A ,FT,M,W,O ,L , , ,C,100,0,0,1,,,1798061,5436314
South Wairarapa District,KAHUTARA ROAD,90,S, ,MARAMARAMAU ROAD,201438179,09/05/2014,Fri,1130,DA,TN1,136A 665A ,F,M,D,BN,F , ,N,C,100,0,0,0,,,1798061,5436304
South Wairarapa District,KAHUTARA ROAD,, ,A,RUAMAHANGA BR,201448276,11/10/2014,Sat,1330,DA,CS1,129A 386A ,B,M,D,B ,F , ,N,C,100,0,0,0,,,1789942,5426856
South Wairarapa District,KURATAWHITI ST,100,W, ,WEST ST,201415952,19/07/2014,Sat,2120,CA,CW14,103A 112A 130A 801 ,M,R,W,DO,L , , ,N,50,0,0,3,,,1806704,5449755
South Wairarapa District,LAKE FERRY ROAD,950,S, ,KAHUTARA ROAD,201413011,14/05/2014,Wed,700,DB,CN1,131A 350A ,V,M,W,ON,L , ,N,L,100,0,0,1,,,1789652,5424117
South Wairarapa District,LAKE FERRY ROAD,4000,S, ,KAHUTARA ROAD,201433185,07/04/2014,Mon,400,DB,VS1,410A ,V,E,W,DN,L , , ,C,100,0,0,0,,,1787225,5422316
South Wairarapa District,LAKE FERRY ROAD,3900,W, ,WHANGAIMOANA ROAD,201413174,18/01/2014,Sat,2050,DB,MS1,103A 129A 134A ,,E,D,DN,F , , ,N,100,0,0,1,,,1779207,5415224
South Wairarapa District,NO 1 LINE,100,S, ,MOROA ROAD,201439128,25/06/2014,Wed,2229,EC,4N1,912,W,R,W,DN,FF, ,N,C,100,0,0,0,,,1800474,5445240
South Wairarapa District,NORTH ST,, ,I,WEST ST,201430220,23/01/2014,Thu,1835,HA,CW1C,302B ,,R,D,B ,F ,X,G,N,50,0,0,0,,,1807183,5450140
South Wairarapa District,PONATAHI ROAD,2250,N, ,JOHNS WAY,201414055,14/07/2014,Mon,1715,DA,4N1,111A 631A ,C,M,D,TN,F , ,N,C,100,0,1,0,,,1808505,5436447
South Wairarapa District,PRINCESS ST,, ,I,HUANGARUA ROAD,201443221,30/07/2014,Wed,950,HA,4N24,321A ,F,R,D,B ,F ,X,S,C,50,0,0,0,,,1806604,5434988
South Wairarapa District,SACKVILLE ST,, ,I,VENICE ST,201439952,20/06/2014,Fri,2238,DA,CN2,131A 514A ,S,R,D,DO,F ,X,G,C,50,0,0,0,,,1806115,5433688
South Wairarapa District,WATT ST,, ,I,HARRISON ST WEST,201413051,29/05/2014,Thu,730,HA,VS1C,302B 382B ,,R,W,OF,L ,X,G,C,50,0,0,2,,,1795178,5446372
South Wairarapa District,WESTERN LAKE ROAD,, ,I,BARTONS ROAD,201441693,09/08/2014,Sat,330,DA,CS1,111A 131A 402A 901 ,F,M,W,DN,H ,T,N,C,100,0,0,0,,,1792649,5443236
South Wairarapa District,WESTERN LAKE ROAD,730,S, ,CUNDYS ROAD,201443317,07/09/2014,Sun,700,DA,CS1,129A 134A ,C,E,W,B ,F , ,N,N,100,0,0,0,,,1793904,5444718
South Wairarapa District,WESTERN LAKE ROAD,150,S, ,EAST-WEST ACCESS ROAD,201400151,10/07/2014,Thu,1400,CC,VS1,130A ,T,R,D,BN,F , , ,C,100,2,0,0,,,1779254,5424259
South Wairarapa District,WOODSIDE ROAD,330,W, ,MONTYS LANE,201416869,31/10/2014,Fri,1905,DA,CW1,129A 134A ,V,S,D,O ,F , ,N,C,100,0,0,1,,,1803688,5449818
South Wairarapa District,2/883/20.919,310,N, ,AHIKOUKA ROAD,201438860,02/06/2014,Mon,1720,DB,CN1,103A 131A ,V,E,D,BF,F , ,N,L,100,0,0,0,,,1809252,5451293
South Wairarapa District,2/905/0.601,1500,N, ,NORTH ST,201412532,17/04/2014,Thu,1435,QG,VN1CC,130A 688A 191B 196B 181C 331C 801 ,P,R,W,O ,L , , ,C,100,0,0,3,,,1808446,5450911
South Wairarapa District,2/905/2.913,, ,I,MCMASTER ST,201430744,16/02/2014,Sun,1045,GD,CN1C,181A 333A ,,R, , F,F ,T,G,C,80,0,0,0,,,1806730,5449458
South Wairarapa District,2/905/3.222,100,N, ,WOOD ST,201446834,07/11/2014,Fri,1600,MA,CS1C,373B 671B ,,R,D,B ,F , ,N,C,50,0,0,0,,,1806524,5449227
South Wairarapa District,2/905/3.272,50,E, ,WOOD ST,201416844,11/11/2014,Tue,1810,FD,CW1C,181B 331B ,,R,D,O ,F , ,N,C,50,0,0,2,,,1806491,5449189
South Wairarapa District,2/905/3.272,50,N, ,WOOD ST,201411703,27/02/2014,Thu,1903,PF,CN1EV,129A 352A 410A ,M,R,D,B ,F , , ,C,50,0,1,0,52,,1806491,5449189
South Wairarapa District,2/905/3.322,, ,I,WOOD ST,201447622,11/11/2014,Tue,1805,JA,4N1C,302B ,,R,D,OF,F ,X,G,C,50,0,0,0,,,1806457,5449152
South Wairarapa District,2/905/3.342,20,S, ,WOOD ST,201413107,30/04/2014,Wed,1150,EA,CN1V,129A 331A 402A 412A ,M,R,D,B ,F , , ,C,50,0,0,1,,,1806444,5449137
South Wairarapa District,2/905/4.533,100,S, ,BIDWILLS CUTTING ROAD,201417723,23/12/2014,Tue,245,CB,CN1,104A 412A ,FPT,R,D,DO,F , ,N,C,100,0,0,1,,,1805629,5448279
South Wairarapa District,2/905/5.633,1200,W, ,BIDWILLS CUTTING ROAD,201414415,14/06/2014,Sat,227,EC,CN1,904 912 ,W,R,W,DN,M , ,N,C,100,0,0,2,,,1804639,5447800
South Wairarapa District,2/905/6.705,9500,E, ,MOORE ST,201446367,28/09/2014,Sun,1900,DA,CW1,135A 806 ,C,S,W,TN,L , ,N,L,100,0,0,0,,,1803673,5447336