TLANAME,CRASHROAD,CRASHDIST,CRASHDIRN,INTSN,SIDEROAD,CRASHID,CRASHDATE,CRASHDOW,CRASHTIME,MVMT,VEHICLES,CAUSES,OBJECTSSTRUCK,ROADCURVE,ROADWET,LIGHT,WTHRa,JUNCTYPE,TRAFCTRL,ROADMARK,SPDLIM,CRASHFATALCNT,CRASHSEVCNT,CRASHMINCNT,PERSAGE1,PERSAGE2,EASTING,NORTHING
South Wairarapa District,2/905/7.433,3000,W, ,BIDWILLS CUTTING ROAD,201439935,14/06/2014,Sat,,CB,VS1,137A ,F,R,D,DN,M , ,N,C,100,0,0,0,,,1803018,5447018
South Wairarapa District,2/905/8.205,8000,W, ,LUDLAM ST,201446210,27/09/2014,Sat,1545,BF,CE1C,132A ,C,M,W,ON,L , ,N,L,100,0,0,0,,,1802324,5446678
South Wairarapa District,2/905/10.185,, ,I,MANO ROAD,201414022,12/06/2014,Thu,845,JA,CW1C,302B 375B ,,R,W,O ,F ,T,G,C,100,0,0,2,,,1800548,5445805
South Wairarapa District,2/905/11.562,3000,E, ,BOUNDARY ROAD,201434878,08/03/2014,Sat,,CB,CE1,103A ,FV,R,D,BN,F , ,N,L,100,0,0,0,,,1799270,5445391
South Wairarapa District,2/905/13.105,3100,E, ,WATT ST,201416592,10/08/2014,Sun,1630,AA,MS14,372A ,,R,D,ON,F , ,N,L,100,0,0,1,,,1797731,5445386
South Wairarapa District,2/905/13.362,1200,E, ,BOUNDARY ROAD,201417187,26/11/2014,Wed,1954,CA,ME1,130A ,,R,D,B ,F , , ,C,100,0,0,1,,,1797474,5445372
South Wairarapa District,2/905/15.235,10,E, ,HICKSON ST,201412991,31/05/2014,Sat,1645,EA,CW1C,103A 129A ,M,R,D,TF,F ,X,S,L,50,0,0,1,,,1795629,5445501
South Wairarapa District,2/921/3.174,, ,A,TWIN BR,201434190,10/04/2014,Thu,1631,DA,CS1,135A 806 901 ,C,M,W,O ,H , , ,C,100,0,0,0,,,1792491,5446887
South Wairarapa District,2/921/3.301,3000,W, ,MOORE ST,201448761,24/10/2014,Fri,1111,DB,MS1,131A 135A 402A 806 903 ,,S,W,O ,LS, , ,L,100,0,0,0,,,1792370,5446861
South Wairarapa District,2/921/4.385,90,W, ,RIMUTAKA NO5 BR,201438468,21/06/2014,Sat,1655,FA,CE1C,181A 331A 901 903 ,,M,W,O ,HS, , ,L,80,0,0,0,,,1791359,5446704
South Wairarapa District,2/921/5.174,2000,S, ,TWIN BR,201413206,13/04/2014,Sun,1630,BB,CS1C,110A 123A ,,S,W,O ,L , ,N,L,100,0,0,1,,,1791092,5446487
South Wairarapa District,2/921/5.202,160,S, ,RIMUTAKA NO6 BR,201417378,14/11/2014,Fri,1058,DB,CE1,131A 614A ,C,S,D,B ,F , , ,L,100,0,0,1,,,1791103,5446512
South Wairarapa District,2/921/5.53,2600,W, ,RIMUTAKA NO3 BR,201417685,13/12/2014,Sat,2120,DA,CE1,134A ,FG,M,D,DN,F , ,N,C,100,0,0,1,,,1790887,5446651
South Wairarapa District,2/921/6.398,690,N, ,RIMUTAKA NO7 BR,201448184,22/11/2014,Sat,1145,BF,CE1C,130A 801 903 ,,M,W,O ,LS, , ,C,100,0,0,0,,,1790121,5446671
South Wairarapa District,2/921/6.868,220,N, ,RIMUTAKA NO7 BR,201414743,18/07/2014,Fri,1630,AA,MS1C,372A 671A 801 ,,S,W,DN,L , , ,L,100,0,0,1,,,1789767,5446567
South Wairarapa District,2/921/7.474,4300,W, ,RIMUTAKA NO4 BR,201433791,11/04/2014,Fri,625,DA,CW1,131A 800 ,C,M,W,O ,F , , ,L,100,0,0,0,,,1789599,5446735
South Wairarapa District,2/921/8.066,2400,E, ,RIMUTAKA SUMMIT,201443316,23/08/2014,Sat,1700,DB,CE1,103A 110A ,,E,W,O ,F , ,N,N,80,0,0,0,,,1789181,5446662
South Wairarapa District,2/921/8.466,2000,E, ,RIMUTAKA SUMMIT,201446380,06/09/2014,Sat,1605,DB,CE1,135A 402A 806 ,G,M,W,ON,M , ,N,C,100,0,0,0,,,1788868,5446665
South Wairarapa District,2/921/8.966,1500,E, ,RIMUTAKA SUMMIT,201448552,03/10/2014,Fri,335,DB,CE1,111A 131A ,C,M,W,DN,L , ,N,C,100,0,0,0,,,1788581,5446434
South Wairarapa District,2/921/8.988,1900,W, ,RIMUTAKA NO7 BR,201432081,12/02/2014,Wed,1952,DA,MW1,111A 133A 800 801 ,,E,W,O ,L , , ,L,100,0,0,0,,,1788559,5446434
South Wairarapa District,2/921/9.466,1000,E, ,RIMUTAKA SUMMIT,201434325,06/04/2014,Sun,2037,DA,CE1,131A 191A 801 ,C,M,W,DN,L , , ,L,100,0,0,0,,,1788213,5446278
South Wairarapa District,2/921/9.706,760,E, ,RIMUTAKA SUMMIT,201418338,30/11/2014,Sun,1142,DA,MW1,135A 903 ,,M,D,BN,FS, ,N,L,100,0,0,1,,,1788018,5446247
South Wairarapa District,53/0/0.392,, ,I,LYON ST,201447625,11/10/2014,Sat,1000,HA,CE1C,302B 375B ,,R,D,BF,F ,X,G,C,50,0,0,0,,,1795278,5445436
South Wairarapa District,53/0/1.463,, ,I,BOUNDARY ROAD,201411642,21/03/2014,Fri,1340,GB,400000000000000,158A 387A ,,R,D,BF,F ,X,G,C,100,0,0,1,,,1796114,5444764
South Wairarapa District,53/0/6.681,1200,E, ,KAHUTARA ROAD,201443319,14/07/2014,Mon,214,EC,4N1,370A 402A 912 ,W,R,W,DN,F , ,N,C,100,0,0,0,,,1799444,5440862
South Wairarapa District,53/0/10.397,500,W, ,WARDS LINE,201446209,21/09/2014,Sun,2120,DB,CE1,131A 410A ,FS,E,D,DN,F , ,N,C,100,0,0,0,,,1802342,5438784
South Wairarapa District,53/0/13.807,500,E, ,GEORGES ROAD,201410813,09/02/2014,Sun,1255,CC,MS1,135A 801 810 ,,R,W,O ,L , , ,C,100,0,1,0,,,1804001,5437240
South Wairarapa District,53/0/14.875,, ,A,RUAMAHANGA BR,201430373,21/01/2014,Tue,1030,FA,TN1T,181A 330A ,,M,W,O ,H , ,N,C,80,0,0,0,,,1804598,5436405
Southland District,ALMA ST,20,S, ,SCUTARI ST,201435955,20/04/2014,Sun,407,CC,CS1,433A ,F,R,W,DO,L , ,N,C,50,0,0,0,,,1280217,4860897
Southland District,ARGYLE-OTAHUTI ROAD,200,W, ,OTAHUTI ROAD,201415189,12/08/2014,Tue,843,DA,CN1,135A 802 803 903 ,F,M,I,O ,SS, , ,C,100,0,0,1,,,1228808,4868607
Southland District,BAYSWATER ROAD,1000,S, ,GLADFIELD ROAD,201440690,21/07/2014,Mon,2025,DA,CS1,135A 402A 800 901 ,Z,E,W,DN,H , , ,C,100,0,0,0,,,1217711,4882475
Southland District,BENMORE-KAUANA ROAD,340,N, ,KAUANA ROAD,201432415,01/02/2014,Sat,100,CC,4S1,138A ,F,R,D,DN,F , , ,N,100,0,0,0,,,1240157,4895518
Southland District,BLACKMOUNT-REDCLIFF ROAD,300,S, ,BLACKMOUNT HILL,201435126,01/04/2014,Tue,1348,DB,CN1,111A 134A 402A ,V,S,D,O ,F , ,N,C,100,0,0,0,,,1187115,4921045
Southland District,BOUNDARY ROAD,90,S, ,DRUMMOND ORETI ROAD,201418258,21/10/2014,Tue,1246,CC,4S1,410A 801 ,P,R,W,O ,L , , ,C,80,0,0,1,,,1225576,4877867
Southland District,BROWNS-OTAPIRI ROAD,, ,I,TANNER ROAD,201416455,27/09/2014,Sat,,DC,CW1,101A 110A 130A 191A 801 ,C,R,W,DN,L ,X,G,C,100,0,0,1,,,1247330,4883603
Southland District,CARDIGAN ROAD,, ,I,WYNDHAM ROAD,201430283,18/01/2014,Sat,1815,HA,CS1V,302A ,,R,D,O ,F ,X,G,C,50,0,0,0,,,1280851,4861441
Southland District,CENTRE HILL ROAD,200,E, ,MAVORA LAKES ROAD,201437033,01/05/2014,Thu,1500,BB,TS14,123A ,,S,D,B ,F , , ,N,100,0,0,0,,,1215635,4954318
Southland District,CENTRE ROAD,1000,W, ,RIVERTON-OTAUTAU ROAD,201439714,26/06/2014,Thu,2300,EC,CW1,911,W,R,D,DN,F , , ,C,100,0,0,0,,,1215182,4859567
Southland District,CLIFDEN-BLACKMOUNT ROAD,1300,N, ,MONTEVUE ROAD,201412538,28/04/2014,Mon,2100,DB,CS1,131A 402A 801 ,CV,M,W,DN,L , , ,C,100,0,0,2,,,1190172,4908210
Southland District,CLIFDEN-BLACKMOUNT ROAD,430,N, ,SH 99,201430382,23/01/2014,Thu,1140,DA,CS1,129A 131A ,F,M,W,O ,L , ,N,C,100,0,0,0,,,1191765,4890037
Southland District,COOPER ROAD,3000,N, ,WILSONS CROSSING ROAD,201417632,17/11/2014,Mon,1830,CC,TS1,129A 134A ,,R,D,B ,F , ,N,N,100,0,0,1,,,1246293,4870734
Southland District,DANBY ROAD,1500,N, ,LAGOON CREEK ROAD,201432181,24/01/2014,Fri,1200,MO,VS1,330A 420A ,C,R,D,O ,F , ,N,N,100,0,0,0,,,1202083,4950965
Southland District,DEVERY ROAD,, ,I,OTAUTAU-TUATAPERE ROAD,201444994,14/10/2014,Tue,1445,DC,CE1,112A 132A ,FP,R,W,O ,L ,T,G,C,100,0,0,0,,,1200610,4886337
Southland District,DILLON ROAD,200,S, ,FRENTZ ROAD,201448544,23/11/2014,Sun,1800,DA,4N1,103A 131A ,C,S,D,ON,F , ,N,N,100,0,0,0,,,1194063,4858403
Southland District,DIPTON-CASTLEROCK ROAD,300,S, ,SH 94,201445196,08/10/2014,Wed,2030,EC,CN1,912,W,R,D,DN,F , , ,C,100,0,0,0,,,1241517,4926893
Southland District,DUDLEY ST,10,E, ,SURREY ST,201438693,29/06/2014,Sun,1010,MO,CE1,350A 371A ,P,R,D,B ,F ,T,N,N,70,0,0,0,,,1194493,4860879
Southland District,DUNDEE ST,, ,I,GOLDEN BAY ROAD,201449926,29/12/2014,Mon,1615,QO,TN1,130A 611A 613A ,S,R,D,B ,F ,T,N,N,50,0,0,0,,,1228847,4794385
Southland District,EDENDALE-SEAWARD DOWNS RO,400,S, ,MATAURA ISLAND ROAD,201413904,19/05/2014,Mon,1650,DB,CN1,110A 131A ,,M,W,ON,L , ,N,C,100,0,1,0,,,1273699,4855025
Southland District,EDENDALE-SEAWARD DOWNS RO,360,N, ,TRIG ROAD,201411650,17/03/2014,Mon,1150,CB,CS1,129A 504A ,F,R,D,BN,F , ,N,C,100,0,0,1,,,1274012,4856204
Southland District,ELGIN TERRACE,200,E, ,WOHLERS ROAD,201410447,28/01/2014,Tue,2144,DA,PE1,103A 403A ,X,M,D,O ,F , , ,N,50,0,0,1,,,1230010,4794509
Southland District,ELLIS ROAD,4200,W, ,SH 6,201400191,24/09/2014,Wed,1130,CA,OE1,504A 530A ,,R,D,B ,F , ,N,C,100,1,0,0,,,1240816,4932398
Southland District,FAIRFAX-ISLA BANK ROAD,20,E, ,LIMESTONE PLAINS ROAD,201443217,04/09/2014,Thu,545,EC,CW1,912,W,R,D,DN,M , , ,C,100,0,0,0,,,1221919,4871350
Southland District,FORTROSE-OTARA ROAD,100,S, ,RICHARDSON ST,201451025,28/12/2014,Sun,1700,DA,4S1,129A ,S,M,D,BN,F , ,N,C,100,0,0,0,,,1284948,4827178
Southland District,GOLDEN BAY ROAD,30,N, ,VIEW ST,201418228,05/11/2014,Wed,2005,DA,4N1,103A 131A ,ET,E,D,DO,F , , ,N,50,0,0,1,,,1228722,4794329
Southland District,GOLF COURSE ROAD,340,W, ,QUEENS REACH ROAD,201441282,02/08/2014,Sat,1100,EC,CW1,135A 801 823 ,FL,R,W,O ,H , , ,N,100,0,0,0,,,1185423,4950934
Southland District,GORGE ROAD-INVERCARGILL H,, ,I,CROOK ROAD,201449713,31/12/2014,Wed,1110,DA,CW1,131A ,F,M,W,O ,F ,X,G,C,100,0,0,0,,,1262543,4845573
Southland District,GORGE ROAD-INVERCARGILL H,200,W, ,LAWSON ROAD,201415202,18/07/2014,Fri,453,DA,CW1,103A 111A 131A ,C,E,D,DN,F , ,N,C,100,0,0,4,,,1262326,4845621
Southland District,GORGE ROAD-INVERCARGILL H,200,W, ,SIM ROAD W,201416354,30/09/2014,Tue,735,FA,CE1M,330A 363A 902 ,,E,D,B ,F , ,N,C,100,0,0,2,,,1258214,4846287
Southland District,GROPERS BUSH-THORNBURY RO,350,N, ,ANDERSON ROAD,201442334,12/08/2014,Tue,702,CB,CN1,402A 410A ,F,R,W,DN,F , ,N,C,100,0,0,0,,,1221093,4862850
Southland District,GROVE BURN ROAD,3000,N, ,TERRACE ROAD,201410011,31/01/2014,Fri,1239,BB,VS1V,123A 129A 404A ,,E,D,B ,F , , ,N,100,0,2,1,,,1186331,4880409
Southland District,HALDANE-CURIO BAY ROAD,2000,E, ,WAIPOHATU ROAD,201448838,11/11/2014,Tue,1855,CB,VE1,129A 130A 813 ,V,R,D,ON,F , , ,N,100,0,0,0,,,1296185,4827486
Southland District,HALDANE-CURIO BAY ROAD,450,E, ,WATSON ROAD,201445421,20/09/2014,Sat,1417,DA,CW1,131A ,FV,E,D,O ,F , , ,N,100,0,0,0,,,1297551,4826514
Southland District,HALDANE-CURIO BAY ROAD,800,E, ,WATSON ROAD,201438494,17/06/2014,Tue,1100,DA,CE1,138A 404A ,FV,M,D,O ,F , , ,N,100,0,0,0,,,1297876,4826402
Southland District,HALDANE-CURIO BAY ROAD,600,N, ,WATSON ROAD,201431768,18/01/2014,Sat,1920,DA,CE1,131A 134A 404A ,V,S,D,O ,F , ,N,N,100,0,0,0,,,1297142,4827027
Southland District,HICKS ROAD,400,E, ,BACK ROAD,201447855,05/11/2014,Wed,2130,DA,CW1,129A 818 ,C,S,D,DN,L , ,N,N,50,0,0,0,,,1228367,4795730
Southland District,HOLZ ROAD,5700,S, ,TOKANUI-GORGE HIGHWAY,201411724,10/01/2014,Fri,500,DB,CN1,103A 111A 131A ,,M,W,O ,L , , ,N,100,0,0,1,,,1273607,4836051
Southland District,HOME ST,220,S, ,HILLSIDE-MANAPOURI ROAD,201431184,02/03/2014,Sun,2200,DA,VN1,103A 131A ,P,E,W,DO,F , ,N,C,50,0,0,0,,,1179535,4940024
Southland District,HORSESHOE BAY ROAD,200,S, ,BACK ROAD,201413250,28/05/2014,Wed,2000,DB,4N1,330A 350A ,,E,D,DN,F , ,N,C,50,0,0,1,,,1228605,4797132
Southland District,HUNDRED LINE ROAD EAST,, ,I,RIVERSIDE ROAD,201413585,29/07/2014,Tue,745,DC,VN2,132A ,V,R,D,O ,F ,T,G,C,100,0,0,1,,,1236320,4888870
Southland District,ISLA BANK-FLINTS BUSH ROA,2900,S, ,FAIRFAX-ISLA BANK ROAD,201441321,27/06/2014,Fri,2005,DB,4N1,131A 358A ,FP,E,W,DN,F , , ,L,100,0,0,0,,,1225272,4868850
Southland District,ISLAND-EDENDALE ROAD,800,S, ,KAMAHI ROAD EAST,201433511,09/03/2014,Sun,1200,DA,CS1,135A 804 841 ,,M,D,ON,F , ,N,C,100,0,0,0,,,1278303,4860011
Southland District,ISLAND-EDENDALE ROAD,200,N, ,MATAURA ISLAND ROAD,201418075,31/08/2014,Sun,705,DA,CN1,129A 131A ,C,E,W,ON,M , ,N,C,100,0,0,2,,,1275270,4854091
Southland District,JOHN ST,30,E, ,DURHAM ST,201435986,10/05/2014,Sat,2228,DA,CE14,133A 423A 930 ,M,E,D,DO,F ,D,N,N,50,0,0,0,,,1238787,4879081
Southland District,KAPUKA SOUTH ROAD,200,S, ,GORGE ROAD-INVERCARGILL H,201447489,03/11/2014,Mon,755,AC,CS1M,372A 381A ,,E,D,O ,F , ,N,C,100,0,0,0,,,1263986,4845455
Southland District,KENNINGTON-WAIMATUA ROAD,30,N, ,OTERAMIKA ROAD,201441873,13/08/2014,Wed,1130,CB,CS1,135A 191A 800 901 903 ,V,R,W,O ,HS, , ,C,100,0,0,0,,,1250538,4850960
Southland District,LAKEFRONT DRIVE,70,S, ,MOKOROA ST,201450059,21/12/2014,Sun,1630,GA,VN1C,181A 927 ,,R,D,O ,F ,D,N,C,50,0,0,0,,,1186496,4956760
Southland District,LIMEHILLS-BROWNS ROAD,620,E, ,HARRIS ROAD,201400159,28/07/2014,Mon,250,DB,4W1,101A 110A 131A ,P,M,W,DN,FF, ,N,C,100,1,0,0,,,1240859,4886320
Southland District,LIMEHILLS-BROWNS ROAD,500,E, ,JAVA ROAD,201415062,18/08/2014,Mon,2020,DA,4W1,102A 111A 131A ,C,M,D,DN,F , , ,C,100,0,0,1,,,1240534,4886133
Southland District,LIMESTONE PLAINS ROAD,, ,A,RAIL XING,201418221,16/12/2014,Tue,1400,QC,VN1,302A 330A 378A ,FN,R,D,B ,F , ,G,C,100,0,0,2,,,1222582,4862502
Southland District,LOCHIEL-BRANXHOLME ROAD,2000,N, ,FORBES ROAD,201418666,23/11/2014,Sun,1640,DB,MS1,111A 131A ,,S,D,ON,F , ,N,C,100,0,0,1,,,1239487,4871990
Southland District,LOCHIEL-BRANXHOLME ROAD,560,N, ,VINER ROAD,201436141,14/05/2014,Wed,625,EC,CN1,912,W,R,D,DN,F , , ,C,100,0,0,0,,,1238097,4865429
Southland District,LONGRIDGE ROAD,720,N, ,BALFOUR-ARDLUSSA ROAD,201449226,04/11/2014,Tue,,CB,CS1,101A 130A 433A ,V,R,W,DN,L , , ,C,100,0,0,0,,,1257879,4916230
Southland District,LORA GORGE ROAD,1100,W, ,OTAPIRI GORGE ROAD,201400211,19/10/2014,Sun,1545,DB,CS1,131A 138A ,T,M,D,B ,H , ,N,N,100,2,0,0,,,1249966,4888772
Southland District,MABEL-WOODSTOCK ROAD,440,S, ,MIDDLEMISS ROAD,201445483,03/10/2014,Fri,2250,DA,TS1,135A 803 ,F,E,I,DN,S , , ,C,100,0,0,0,,,1256163,4866945
Southland District,MAIN ROAD,, ,I,SMITH PLACE,201432057,11/02/2014,Tue,1215,GB,CW14,387A 170B 372B ,,R,D,O ,F ,T,S,C,50,0,0,0,,,1228493,4794578
Southland District,MAIN ST,, ,I,GEORGE ST,201439118,14/02/2014,Fri,1510,KB,4N1C,103B 302B ,,R,D,O ,F ,T,G,C,50,0,0,0,,,1213252,4878557
Southland District,MAIR ROAD,600,N, ,WAIKAWA-CURIO BAY ROAD,201438696,21/06/2014,Sat,1630,BF,CS1V,129A 129B ,,M,D,O ,F , , ,N,80,0,0,0,,,1301171,4824942
Southland District,MATAURA ISLAND ROAD,, ,I,SEAWARD DOWNS-GORGE ROAD,201432420,25/01/2014,Sat,1500,JA,CS1C,302A 335A ,,M,D,O ,F ,T,G,C,100,0,0,0,,,1273417,4854346
Southland District,MATAURA ISLAND ROAD,, ,I,SEAWARD DOWNS-GORGE ROAD,201412720,29/04/2014,Tue,1205,JA,CW14,300A 350A ,,S,D,BN,F ,T,G,C,100,0,0,3,,,1273417,4854346
Southland District,MATAURA ISLAND-FORTROSE R,900,N, ,GREGORY ROAD,201440625,05/06/2014,Thu,1950,EC,CS1,915,W,E,D,DN,F , , ,C,100,0,0,0,,,1278698,4837400
Southland District,MATAURA ISLAND-FORTROSE R,200,S, ,TITIWAEWAE ROAD,201435694,07/05/2014,Wed,910,QG,TN1,111A 682A 800 812 ,,E,W,O ,F , , ,C,100,0,0,0,,,1277120,4842744
Southland District,MAVORA LAKES ROAD,500,N, ,SH 94,201449654,15/12/2014,Mon,1620,DB,CS1,111A 131A 404A ,F,M,D,B ,F , , ,N,100,0,0,0,,,1206726,4945309
Southland District,MAVORA LAKES ROAD,1200,N, ,SH 94,201450525,15/12/2014,Mon,1100,DA,CN1,129A 131A ,C,M,D,B ,F , , ,C,100,0,0,0,,,1206471,4945961
Southland District,MAVORA LAKES ROAD,10000,N, ,SH 94,201418106,03/12/2014,Wed,1600,CC,CS1,110A 138A ,C,R,D,O ,F , , ,N,100,0,0,1,,,1212773,4951539
Southland District,MIMIHAU SCHOOL ROAD,100,E, ,WYNDHAM ROAD,201418109,29/11/2014,Sat,2130,CB,CE1,101A 130A 800 801 ,T,R,W,DN,L , , ,C,100,0,0,1,,,1281533,4862588
Southland District,MOUNT YORK ROAD,2100,E, ,SH 95,201436025,10/04/2014,Thu,1535,DB,CN1,111A 135A 404A 813 ,X,M,D,ON,F , ,N,N,80,0,0,0,,,1186836,4948017
Southland District,MURRAY ROAD,580,E, ,RIVERTON-OTAUTAU ROAD,201443213,31/08/2014,Sun,2300,DB,4W1,102A 111A 131A ,,M,D,DN,F , , ,N,80,0,0,0,,,1217598,4863549
Southland District,NAPIER ST,, ,I,HAVELOCK ST,201430893,25/02/2014,Tue,1328,HA,4S1C,302B 375B ,,R,D,OF,F ,X,G,C,50,0,0,0,,,1216533,4854740
Southland District,NIAGARA-WAIKAWA ROAD,420,S, ,CHASLANDS HIGHWAY,201447388,16/11/2014,Sun,2030,DA,CS1,129A 134A 404A ,P,M,D,TN,F , ,N,C,100,0,0,0,,,1304351,4834396
Southland District,NINE MILE ROAD,1850,W, ,MCALISTER ROAD,201441190,25/07/2014,Fri,1945,CB,VE1,103A 130A ,S,R,W,DN,L , ,N,C,100,0,0,0,,,1264480,4904010
Southland District,NOKOMAI ROAD,3200,E, ,SH 6,201400022,04/02/2014,Tue,1300,DB,VW1,129A ,B,M,D,BN,F , ,N,N,100,1,2,3,,,1253643,4945305
Southland District,NORTH ROAD,1200,W, ,OTAUTAU DRUMMOND ROAD,201430161,09/01/2014,Thu,140,DB,TW1,130A 386A 816 ,F,E,W,DN,L , ,N,N,100,0,0,0,,,1216251,4876827
Southland District,OHAI-CLIFDEN HIGHWAY,1700,W, ,DEVERY ROAD,201430162,08/01/2014,Wed,1500,DA,CN1,111A 131A 402A 801 810 ,S,S,W,ON,F , ,N,L,100,0,0,0,,,1197747,4887160
Southland District,OHAI-CLIFDEN HIGHWAY,, ,I,FELDWICK ROAD N,201445197,07/10/2014,Tue,645,DB,4S1,198A 817 841 ,C,E,W,DN,F ,T,G,C,100,0,0,0,,,1200977,4897505
Southland District,OLD DUNEDIN ROAD,, ,I,CROSS ROAD,201445455,02/10/2014,Thu,830,CA,VE1,130A 804 ,,R,D,O ,F ,X,G,C,100,0,0,0,,,1265732,4864174
Southland District,OPORO FLAT ROAD,200,N, ,LINCOLN ROAD,201410019,19/02/2014,Wed,830,DB,CN1T,137A 197A 205B ,F,M,W,O ,F , , ,C,100,0,0,1,,,1235708,4865055
Southland District,OPORO FLAT ROAD,750,S, ,MARSHALL ROAD,201444067,10/07/2014,Thu,1850,CB,CS1,129A 134A 402A ,F,R,D,DN,F , ,N,C,100,0,0,0,,,1236054,4869159
Southland District,OPORO FLAT ROAD,100,S, ,VALLEY ROAD,201414971,13/04/2014,Sun,101,DA,VS1,101A 131A ,FT,E,W,DN,L , ,N,C,100,0,1,0,,,1236138,4867014
Southland District,ORR ROAD,10,W, ,WARR ROAD,201414075,21/07/2014,Mon,700,CC,CW1,110A 135A 802 905 ,CT,R,I,DN,SF,T,N,C,100,0,0,1,,,1257332,4909706
Southland District,OTAPIRI-MANDEVILLE ROAD,4500,W, ,DOLAMORE PARK ROAD,201439214,28/06/2014,Sat,305,DA,CW1,131A 813 ,V,E,D,DN,F , , ,N,100,0,0,0,,,1268154,4893223
Southland District,OTAUTAU-NIGHTCAPS ROAD,1000,S, ,HAMISH ROAD,201441869,14/08/2014,Thu,1355,QG,TN1,130A 801 903 ,,R,W,O ,LS, , ,C,100,0,0,0,,,1213027,4883691
Southland District,OTAUTAU-NIGHTCAPS ROAD,50,S, ,KNOBBY ROAD,201442617,21/07/2014,Mon,1230,EC,4N1,915,W,E,W,ON,H , ,N,L,100,0,0,0,,,1215459,4895685
Southland District,OTAUTAU-NIGHTCAPS ROAD,150,N, ,STANLEY ST,201418651,20/12/2014,Sat,1210,DA,CS1,131A ,F,M,W,ON,L , ,N,C,100,0,0,1,,,1215376,4894081
Southland District,OTAUTAU-TUATAPERE ROAD,, ,I,DEVERY ROAD,201418107,26/11/2014,Wed,1500,DC,CN1,335A 351A ,F,R,D,B ,F ,T,G,C,100,0,0,2,,,1200610,4886337
Southland District,OTAUTAU-TUATAPERE ROAD,200,S, ,FLETT ROAD,201418018,26/11/2014,Wed,1645,GE,4S1O,333A 604B 929 ,,R,D,BN,F ,D,N,C,100,0,0,1,,,1209127,4882025
Southland District,OTAUTAU-TUATAPERE ROAD,500,E, ,GILL ROAD,201411639,16/03/2014,Sun,1340,DB,CE1,131A ,F,M,D,BF,F , ,N,L,100,0,0,1,,,1203645,4883730
Southland District,OTAUTAU-TUATAPERE ROAD,980,S, ,GILL ROAD,201410735,15/03/2014,Sat,2245,DB,CW1,134A 135A 804 ,,M,D,DN,F , ,N,L,100,0,1,0,,,1204114,4883743
Southland District,OTAUTAU-TUATAPERE ROAD,1770,S, ,HAPPY VALLEY ROAD,201418245,31/12/2014,Wed,1040,DA,CS1,136A 650A ,,M,W,B ,F , , ,C,100,0,0,1,,,1195887,4883180
Southland District,OTAUTAU-TUATAPERE ROAD,4160,S, ,HAPPY VALLEY ROAD,201445485,21/09/2014,Sun,1630,DB,CN1,111A 131A ,F,S,W,O ,L , , ,C,100,0,0,0,,,1194406,4881508
Southland District,OTAUTAU-TUATAPERE ROAD,700,W, ,LOWER SCOTTS GAP ROAD,201442809,24/08/2014,Sun,2132,DA,CW1,101A 111A 410A ,D,M,D,DN,F , ,N,L,100,0,0,0,,,1207373,4882978
Southland District,OTAUTAU-TUATAPERE ROAD,1460,W, ,LOWER SCOTTS GAP ROAD,201434902,31/03/2014,Mon,1830,DB,CW1,131A ,,M,W,DN,L , ,N,C,100,0,0,0,,,1206890,4883528
Southland District,OTAUTAU-TUATAPERE ROAD,3500,W, ,LOWER SCOTTS GAP ROAD,201440318,07/07/2014,Mon,630,DB,CE1,135A 802 ,T,M,I,DN,FF, , ,L,100,0,0,0,,,1204999,4883041
Southland District,OTAUTAU-WREYS BUSH ROAD,200,S, ,STEWART ROAD,201445488,05/09/2014,Fri,1630,QG,VS1,130A 682A 688A ,FP,R,D,B ,F , , ,C,100,0,0,0,,,1221427,4890302
Southland District,PAPATOTARA ROAD,700,S, ,SETTLEMENT ROAD,201445122,27/09/2014,Sat,1810,GC,VS1C,387A 174B 355B 929 ,,R,D,B ,F ,D, ,C,100,0,0,0,,,1185632,4873886
Southland District,POURAKINO VALLEY ROAD,1430,N, ,CENTRE ROAD,201436130,01/01/2014,Wed,100,DB,CS1,131A 813 ,,M,D,DN,F , , ,N,100,0,0,0,,,1211145,4860502