TLANAME,CRASHROAD,CRASHDIST,CRASHDIRN,INTSN,SIDEROAD,CRASHID,CRASHDATE,CRASHDOW,CRASHTIME,MVMT,VEHICLES,CAUSES,OBJECTSSTRUCK,ROADCURVE,ROADWET,LIGHT,WTHRa,JUNCTYPE,TRAFCTRL,ROADMARK,SPDLIM,CRASHFATALCNT,CRASHSEVCNT,CRASHMINCNT,PERSAGE1,PERSAGE2,EASTING,NORTHING
Southland District,PULLAR ROAD,40,E, ,TOMLINSON ROAD,201442806,28/08/2014,Thu,950,CB,CE1,137A 402A 407A ,V,R,D,O ,F , ,N,N,100,0,0,0,,,1246414,4864524
Southland District,QUINTIN DRIVE,400,S, ,MOKOROA ST,201416686,09/11/2014,Sun,910,MO,4S14E,386A ,M,R,D,O ,F , , ,C,50,0,0,1,37,,1186813,4956593
Southland District,RACECOURSE ROAD,70,W, ,SH 6,201448248,24/10/2014,Fri,1430,MO,CE1C,371A ,,R,D,O ,F , ,N,N,50,0,0,0,,,1238522,4881824
Southland District,RAMPARTS ROAD,9500,S, ,SH 94,201410177,28/01/2014,Tue,1030,DA,CS1,111A 131A 817 ,F,M,D,O ,F , , ,N,100,0,0,1,,,1189754,4947519
Southland District,RAMPARTS ROAD,1300,W, ,SH 94,201417828,03/12/2014,Wed,820,BF,VN14,110A 138A 191A ,,M,D,O ,F , , ,N,100,0,0,3,,,1190251,4954982
Southland District,REDAN ST,300,S, ,FERRY ST,201437449,25/05/2014,Sun,2100,CB,CN1,110A 135A 803 ,F,R,I,DN,S , , ,N,100,0,0,0,,,1279104,4861506
Southland District,REILLY ROAD,3600,E, ,SH 99,201445479,06/10/2014,Mon,600,DB,TN1,129A 131A 901 ,E,S,W,DN,H , , ,N,100,0,0,0,,,1198106,4859670
Southland District,RIVERSDALE-WAIKAIA ROAD,800,N, ,HAZELDINE ROAD,201435956,18/04/2014,Fri,2000,DA,CN1,103A 131A ,T,E,D,DN,F , ,N,C,100,0,0,0,,,1273844,4924690
Southland District,RIVERSDALE-WAIKAIA ROAD,350,N, ,PYRAMID-WAIPARU ROAD,201400091,25/04/2014,Fri,2346,CB,4S1,101A 130A ,B,R,D,DN,F , , ,C,100,3,0,0,,,1272636,4921952
Southland District,RIVERTON-OTAUTAU ROAD,200,S, ,GLENBURN ROAD,201418069,18/11/2014,Tue,1615,FD,4N1C,181A ,,E,W,ON,H , ,N,L,100,0,0,1,,,1214876,4875752
Southland District,RIVERTON-OTAUTAU ROAD,20,S, ,GROPERS BUSH-THORNBURY RO,201445431,16/09/2014,Tue,1930,DA,CN1,111A 131A 402A ,S,S,W,DO,M ,T,S,C,100,0,0,0,,,1217995,4867442
Southland District,SINCLAIR ROAD,3000,W, ,LIMEHILLS-BROWNS ROAD,201450259,17/11/2014,Mon,1200,CB,TN1,129A 134A 818 ,,R,D,BN,F , ,N,N,100,0,0,0,,,1245189,4883041
Southland District,SLOPE POINT ROAD,500,S, ,HALDANE-CURIO BAY ROAD,201445501,08/10/2014,Wed,1355,CA,4S1,130A 813 ,,R,D,O ,FS, , ,N,100,0,0,0,,,1294723,4828037
Southland District,SLOPE POINT ROAD,1000,N, ,WEIR ROAD,201445423,21/09/2014,Sun,1340,CA,VS1,129A 130A 813 903 ,,R,D,O ,FS, , ,N,100,0,0,0,,,1294741,4827360
Southland District,STIRLING ROAD,110,W, ,OTAPIRI GORGE ROAD,201434900,20/03/2014,Thu,1010,DB,4W1,129A ,E,S,D,BN,F , ,N,N,100,0,0,0,,,1247947,4890324
Southland District,TAKARO ROAD,4000,N, ,KAKAPO ROAD,201448864,08/12/2014,Mon,1020,DB,VS1,110A 138A ,E,E,D,O ,F , , ,N,100,0,0,0,,,1200715,4964553
Southland District,TAKARO ROAD,4520,N, ,KAKAPO ROAD,201410545,15/02/2014,Sat,1000,BB,4S14,129A ,,M,D,ON,F , ,N,N,100,0,1,1,,,1201142,4964833
Southland District,THE NARROWS ROAD,800,S, ,CENTRE ROAD,201416317,12/09/2014,Fri,1016,JO,ME14,330A 378A 929 ,,R,D,O ,F ,D,N,N,100,0,1,0,,,1214054,4858767
Southland District,TOKANUI-GORGE HIGHWAY,50,N, ,CULLODEN ST,201438067,07/06/2014,Sat,1400,DA,4S1,131A 800 ,P,E,W,B ,F , , ,C,100,0,0,0,,,1277517,4834529
Southland District,TOKANUI-GORGE HIGHWAY,450,W, ,CULLODEN ST,201445422,19/09/2014,Fri,1820,CB,CW1,101A 130A 410A ,FP,R,W,DN,F , , ,C,100,0,0,0,,,1278527,4833980
Southland District,TOKANUI-GORGE HIGHWAY,430,E, ,GREGORY ROAD,201410774,29/03/2014,Sat,2040,DB,CW1,110A 404A ,FT,E,W,DN,F , ,N,C,100,0,0,1,,,1281111,4835032
Southland District,TOKANUI-GORGE HIGHWAY,250,N, ,WAITUNA-GORGE ROAD,201444166,27/07/2014,Sun,715,DB,CS1,111A 131A ,,M,W,DN,F , ,N,C,70,0,0,0,,,1270276,4843913
Southland District,TOKANUI-HALDANE ROAD,240,S, ,TOKANUI-GORGE HIGHWAY,201443761,29/08/2014,Fri,2355,EC,CS1,341A ,X,R,D,DO,F , , ,C,50,0,0,0,,,1289149,4834882
Southland District,TOKANUI-HALDANE ROAD,240,S, ,TOKANUI-GORGE HIGHWAY,201443760,29/08/2014,Fri,2350,CC,CS1,350A ,P,R,D,DO,F , , ,C,50,0,0,0,,,1289149,4834882
Southland District,TOWACK ST,, ,I,BATES ST E,201442017,03/08/2014,Sun,810,DA,CN2,111A 131A ,F,M,W,OF,L ,T,N,C,50,0,0,0,,,1216702,4854022
Southland District,TOWN CENTRE,70,W, ,GARAGE LANE,201442935,29/07/2014,Tue,1900,EO,CS1C,357A 512A ,M,R,D,DO,F , , ,P,50,0,0,0,,,1186460,4957243
Southland District,TOWN CENTRE,30,E, ,MIRO ST,201432854,09/03/2014,Sun,1710,EA,CW1C,129A ,M,R,D,B ,F , , ,N,50,0,0,0,,,1186460,4957242
Southland District,TRAMWAY ROAD WEST,20,E, ,DACRE-MORTON MAINS ROAD,201436045,10/04/2014,Thu,1950,CB,CW1,130A ,F,R,D,DN,F , ,N,N,100,0,0,0,,,1267618,4856639
Southland District,TRAMWAY ROAD WEST,2900,W, ,EDENDALE-SEAWARD DOWNS RO,201446692,29/10/2014,Wed,115,EC,TW1,912,W,R,D,DN,F , , ,N,100,0,0,0,,,1271409,4857318
Southland District,UNDERWOOD-LINDS BRIDGE RO,300,W, ,CALYPSO ROAD,201412608,05/02/2014,Wed,1450,CC,CE1,135A 804 ,,R,D,BN,F , ,N,N,50,0,0,1,,,1241038,4858740
Southland District,WAIAU ST,200,S, ,VIEW ST W,201431179,09/03/2014,Sun,1745,BE,CE1C,112A 125A 500A ,S,R,D,B ,F , ,N,N,50,0,0,0,,,1179293,4939717
Southland District,WAIMATUKU BUSH ROAD,420,S, ,WAIMATUKU TOWNSHIP ROAD,201447472,17/11/2014,Mon,500,DA,CN1,111A 410A ,,M,D,DN,F , ,N,C,100,0,0,0,,,1229111,4859228
Southland District,WAIMEA VALLEY ROAD,500,E, ,BUNN ROAD,201448596,22/11/2014,Sat,2000,EC,CN1,912,W,R,D,TN,F , ,N,C,100,0,0,0,,,1256364,4906074
Southland District,WINTON SUBSTATION ROAD,750,N, ,GERRARD ROAD,201418065,03/12/2014,Wed,1915,MC,4N1C,372B ,,R,D,BN,F , ,N,C,100,0,0,1,,,1237317,4880097
Southland District,WINTON SUBSTATION ROAD,, ,I,GERRARD ROAD,201413569,10/08/2014,Sun,1320,HA,SS1C,302B ,,R,D,B ,FS,X,G,C,100,0,0,1,,43,1237266,4879349
Southland District,WINTON SUBSTATION ROAD,, ,I,LOCHIEL BRIDGE ROAD,201448249,28/10/2014,Tue,1605,MA,CN1T,373B ,,R,D,O ,F ,T,N,C,100,0,0,0,,,1237665,4872417
Southland District,WINTON SUBSTATION ROAD,300,S, ,SH 96,201434915,20/02/2014,Thu,1800,DA,CN1,129A ,F,E,D,BF,F , ,N,N,80,0,0,0,,,1237391,4881048
Southland District,WOODLANDS-MORTON MAINS RO,380,E, ,RAILWAY ROAD,201410107,15/01/2014,Wed,1715,CC,CW1,129A 358A 402A ,FP,R,D,B ,F , , ,C,100,0,0,1,,,1260204,4856650
Southland District,WOODLANDS-MORTON MAINS RO,, ,I,WAITUNA-MORTON MAINS ROAD,201441320,23/07/2014,Wed,2300,DA,CS2,111A 131A 402A 801 ,,M,W,DN,L ,T,N,C,100,0,0,0,,,1264803,4856946
Southland District,WREYS BUSH-MOSSBURN ROAD,750,S, ,AFFLECK ROAD,201415149,01/08/2014,Fri,1630,EA,CN14,331A 402A 632A 443B 903 ,Q,R,D,O ,FS, , ,C,100,0,1,0,,,1224822,4918677
Southland District,WREYS BUSH-MOSSBURN ROAD,3900,S, ,AFFLECK ROAD,201412273,05/04/2014,Sat,1745,DA,4N1,111A 195A ,FP,E,D,O ,F , ,N,C,100,0,0,1,,,1223033,4916187
Southland District,WYNDHAM-LETTERBOX ROAD,400,S, ,WYNDHAM VALLEY ROAD,201413495,05/07/2014,Sat,815,DA,CS1,103A 111A 131A ,T,E,W,O ,H , , ,C,100,0,1,1,,,1282398,4853850
Southland District,WYNDHAM-MOKORETA ROAD,1800,N, ,CRAIG ROAD,201436582,18/05/2014,Sun,2300,DA,CS1,129A 134A ,E,E,D,DN,F , , ,C,100,0,0,0,,,1293819,4855999
Southland District,Z FORESTRY ROAD,5000,N, ,HILLAS ROAD,201418284,18/11/2014,Tue,1830,DB,4S1,138A 901 ,X,E,W,O ,H , , ,N,60,0,0,1,,,1231533,4943303
Southland District,1S/872/10.823,270,S, ,COAL PIT ROAD,201437032,24/05/2014,Sat,1820,CB,CS1,130A 802 905 ,,R,I,DN,S , , ,C,100,0,0,0,,,1276002,4865025
Southland District,1S/872/12.787,590,S, ,CRESCENT ROAD,201414709,23/07/2014,Wed,2118,CB,CS1,130A 414A 901 ,T,R,W,DO,H , , ,L,80,0,1,0,,,1275571,4863109
Southland District,1S/886/11.23,720,E, ,HALCROW ROAD,201416579,03/09/2014,Wed,205,DA,CW1,103A 111A 131A ,F,E,D,DN,F , ,N,C,100,0,0,1,,,1264612,4861011
Southland District,1S/886/11.478,280,E, ,DACRE-MORTON MAINS ROAD,201416674,02/11/2014,Sun,426,CC,CE1,104A 410A ,P,R,D,DN,F , , ,C,100,0,0,1,,,1264365,4860995
Southland District,1S/900/0.23,230,W, ,SH 98,201434880,21/03/2014,Fri,2250,DB,CW1,103A 111A 131A 402A ,FP,M,D,DN,F , ,N,C,100,0,0,0,,,1261256,4861193
Southland District,1S/900/1.305,1000,N, ,KERR ROAD,201445734,04/10/2014,Sat,2145,CA,CS1,112A 198A ,,R,W,DN,LS, ,N,C,100,0,0,0,,,1260479,4860466
Southland District,1S/900/4.665,1000,N, ,GROVE BUSH-WOODLANDS ROAD,201442231,26/06/2014,Thu,520,CA,TS1T,130A 517A 197B ,,R,D,DN,F , , ,C,100,0,0,0,,,1258254,4857948
Southland District,1S/900/6.313,100,S, ,WOODLANDS CEMETERY ROAD,201412535,04/05/2014,Sun,615,NA,CS1E,510B 722B ,,R,D,DN,F , , ,C,100,0,0,1,20,,1257401,4856577
Southland District,1S/900/9.122,100,W, ,MCKERCHAR ROAD,201418070,29/11/2014,Sat,2200,CC,CE1,132A ,F,R,W,DN,H , ,N,C,100,0,0,3,,,1255219,4854816
Southland District,1S/900/10.008,, ,I,LONGBUSH SOUTH ROAD,201448848,06/12/2014,Sat,2155,EC,TW1,801 912 ,W,R,W,DN,L ,T,G,C,100,0,0,0,,,1254380,4854530
Southland District,1S/900/10.795,50,E, ,DOWLING ROAD,201445160,14/09/2014,Sun,15,CB,VW1,410A 801 ,EF,R,W,DN,L , , ,C,100,0,0,0,,,1253636,4854274
Southland District,1S/900/11.99,200,S, ,MONA BUSH ROAD,201430156,02/01/2014,Thu,1500,CB,CW1,130A 501A ,T,R,D,ON,F , ,N,C,100,0,0,0,,,1252505,4853885
Southland District,1S/900/12.635,20,S, ,DAWSON ROAD,201435370,03/05/2014,Sat,2315,EC,XE1,912,W,R,D,DN,F , , ,C,100,0,0,0,,,1251895,4853677
Southland District,6/1046/0.1,100,S, ,CAINARD ROAD,201414690,07/07/2014,Mon,1420,DB,CS1,129A 134A 404A 410A ,CTX,M,D,B ,F , , ,L,100,0,0,1,,,1261738,4961256
Southland District,6/1046/3.026,20,S, ,BRIGHTWATER ROAD,201439670,18/05/2014,Sun,1800,EC,VN1,912,W,E,W,DN,F , , ,C,100,0,0,0,,,1263813,4960002
Southland District,6/1061/4.743,, ,I,EYRE CREEK ROAD,201432289,10/01/2014,Fri,915,GD,CW1C,331A ,CF,E,D,O ,F ,T,S,L,100,0,0,0,,,1252973,4950917
Southland District,6/1061/13.872,2300,N, ,BIXTER ROAD,201418661,23/12/2014,Tue,1906,DB,CS1,410A ,G,E,D,BN,F , ,N,C,100,0,0,1,,,1249094,4943616
Southland District,6/1079/1.865,1400,N, ,SH 97,201445653,11/10/2014,Sat,1010,CA,CN1,130A 410A ,F,R,D,B ,F , , ,L,100,0,0,0,,,1246468,4939049
Southland District,6/1079/3.265,, ,I,SH 97,201400276,26/12/2014,Fri,1615,LB,4N1O,303B ,,R,D,BN,F ,T,G,C,100,1,2,2,,,1245983,4937736
Southland District,6/1079/7.527,300,S, ,EYRE CREEK ROAD,201435541,29/04/2014,Tue,1600,DB,CW1,131A 352A 423A ,FV,M,D,B ,F , , ,C,100,0,0,0,,,1244334,4933810
Southland District,6/1079/8.827,1000,S, ,LOWTHER ROAD,201439424,15/06/2014,Sun,530,CC,CS1,137A 197A ,,R,D,DN,F , ,N,C,50,0,0,0,,,1243910,4932584
Southland District,6/1079/8.94,250,S, ,NOKOMAI ROAD,201430538,24/01/2014,Fri,1556,FA,CS1C,150A ,,E,D,B ,F , , ,C,100,0,0,0,,,1243879,4932475
Southland District,6/1079/9.547,550,N, ,ELLIS ROAD,201418664,28/12/2014,Sun,1055,DA,CN1,129A 131A ,,E,D,BN,F , ,N,C,100,0,0,1,,,1243714,4931891
Southland District,6/1079/11.797,1700,S, ,ELLIS ROAD,201444430,05/09/2014,Fri,1640,EC,CS1,912,W,R,D,TN,F , , ,C,100,0,0,0,,,1243854,4929761
Southland District,6/1079/14.493,, ,I,SH 94 N,201436644,03/05/2014,Sat,1610,DB,VN1,111A ,,E,D,O ,F ,T,G,C,100,0,0,0,,,1244675,4927296
Southland District,6/1095/1.684,580,S, ,LANARK ST,201411863,31/03/2014,Mon,1610,DA,CS1,129A 134A ,FT,E,D,BN,F , ,N,C,100,0,0,1,,,1245876,4923419
Southland District,6/1095/7.248,300,S, ,JOSEPHVILLE-ST PATRICKS R,201447172,27/10/2014,Mon,1500,AF,CS1,131A ,V,E,D,B ,F , , ,C,100,0,0,0,,,1244548,4918290
Southland District,6/1095/8.506,, ,I,JOSEPHVILLE-GLENURE ROAD,201445233,26/09/2014,Fri,1220,HA,4S14C,302B 375B 402B ,,E,D,B ,F ,X,G,C,100,0,0,0,,,1243534,4917545
Southland District,6/1095/11.504,1700,N, ,CAROLINE VALLEY ROAD,201448526,24/09/2014,Wed,1410,DB,CS1,135A 337A 808 ,V,M,D,BN,F , ,N,C,100,0,0,0,,,1242084,4915202
Southland District,6/1111/1.984,100,N, ,BELL ROAD,201435537,24/04/2014,Thu,1940,EC,CS1,912,W,R,D,DN,F , , ,C,100,0,0,0,,,1241192,4909406
Southland District,6/1111/6.173,300,S, ,MAGEE ROAD,201434883,21/03/2014,Fri,420,CC,CS1,410A ,FP,R,D,DN,F , ,N,C,100,0,0,0,,,1240411,4905891
Southland District,6/1127/2.233,800,S, ,KAUANA ROAD,201450443,17/12/2014,Wed,2037,DA,CS1,131A ,V,E,D,TN,F , ,N,C,100,0,0,0,,,1238612,4894435
Southland District,6/1127/6.631,, ,I,CENTRE BUSH-OTAPIRI ROAD,201438181,02/05/2014,Fri,2345,DC,CW2,103A 335A ,FV,R,D,DN,F ,T,G,C,100,0,0,0,,,1238813,4890139
Southland District,6/1127/7.647,150,N, ,HUNDRED LINE ROAD EAST,201412537,30/04/2014,Wed,2300,DA,CS1,130A 412A ,FV,E,D,DN,FF, , ,C,80,0,0,1,,,1238618,4889150
Southland District,6/1127/10.669,, ,I,LIMEHILLS-BROWNS ROAD,201434118,02/04/2014,Wed,2330,DC,CW2,103A 130A 321A ,F,R,D,DN,F ,T,S,C,100,0,0,0,,,1239257,4886320
Southland District,6/1127/10.679,10,S, ,LIMEHILLS-BROWNS ROAD,201447479,23/11/2014,Sun,444,EC,VN1,912,W,R,D,DN,F ,T,N,C,80,0,0,0,,,1239259,4886310
Southland District,6/1143/0.569,300,N, ,WELSH ROAD,201438172,27/05/2014,Tue,2120,EC,CN1,820,D,R,D,DN,F , ,N,C,100,0,0,0,,,1238854,4880886
Southland District,6/1145/0.408,50,N, ,BRANDON ST,201447810,25/10/2014,Sat,1730,MO,CN1C,385A ,M,R,D,ON,F , ,N,R,50,0,0,0,,,1238999,4879398
Southland District,6/1145/0.596,50,N, ,BUTE ST,201411943,27/03/2014,Thu,1500,NB,4S1E,102A 306A 355A ,,R,D,BF,F , ,N,X,50,0,0,1,65,,1239085,4879231
Southland District,6/1145/0.935,, ,I,MOORE ROAD,201413617,09/06/2014,Mon,1730,GD,CN1C,197A 331A 350A ,,R,D,DO,F ,T,G,C,50,0,0,1,,,1239227,4878924
Southland District,6/1145/0.935,, ,I,MOORE ROAD,201450864,29/12/2014,Mon,1215,LB,CS1V,303B 375B ,,R,D,BF,F ,T,G,C,50,0,0,0,,,1239227,4878924
Southland District,6/1145/1.531,170,N, ,DEJOUX ROAD,201415355,11/08/2014,Mon,1335,MO,CS1,371A 423A 926 ,HP,R,D,O ,F ,D,N,C,50,0,1,0,,,1239360,4878365
Southland District,DEJOUX ROAD,, ,I,6/1145/1.701,201418108,08/12/2014,Mon,1959,DA,CS2,103A 111A 131A ,J,M,D,O ,F ,T,G,C,50,0,0,1,,,1239362,4878195
Southland District,6/1145/4.782,280,N, ,THOMSONS CROSSING WEST RO,201441686,09/07/2014,Wed,1124,CB,VN1,130A 402A 407A ,F,R,W,B ,FS, , ,C,100,0,0,0,,,1239667,4875216
Southland District,6/1145/10.345,, ,I,MCKENZIE ROAD,201437808,01/06/2014,Sun,1629,JA,CS1C,301B 375B ,,R,D,O ,F ,T,S,C,100,0,0,0,,,1240758,4870001
Southland District,6/1145/10.36,15,S, ,MCKENZIE ROAD,201447853,09/10/2014,Thu,2100,EC,CS1,912,W,R,D,DF,F , ,N,C,100,0,0,0,,,1240759,4869986
Southland District,6/1157/1.33,100,S, ,RYAL BUSH-WALLACETOWN ROA,201447480,01/11/2014,Sat,2100,FA,CN1C,112A 181A ,,R,D,DN,F , ,N,C,100,0,0,0,,,1240997,4866070
Southland District,6/1157/3.624,, ,I,BREEZE ROAD,201416357,22/09/2014,Mon,2115,HA,4E2C,103A 301A 359A ,,R,D,DN,F ,X,S,C,100,0,0,4,,,1241142,4863781
Southland District,6/1157/7.545,400,S, ,BRANXHOLME-MAKAREWA ROAD,201410007,07/01/2014,Tue,1345,CB,CS1,129A 130A 901 ,,R,W,O ,H , , ,C,100,0,0,1,,,1241820,4860035
Southland District,94/30/1.681,150,S, ,MCKAY ROAD,201447478,16/11/2014,Sun,2249,DA,CN1,131A 350A ,PX,E,D,DN,F , ,N,C,100,0,0,0,,,1268575,4909873
Southland District,94/43/10.105,500,W, ,BROWN ROAD,201412721,24/04/2014,Thu,1000,CC,ME1,135A 804 817 ,,R,D,BN,F , ,N,N,100,0,0,1,,,1249507,4919429
Southland District,94/63/3.201,, ,I,SALEYARD ROAD,201418479,23/12/2014,Tue,1600,GE,MW1T,160A 333A 410A ,,E,D,B ,F ,X,G,C,100,0,0,1,,,1241517,4927193
Southland District,94/63/15.075,920,E, ,BATH ST,201418008,21/11/2014,Fri,410,CC,CW1,410A ,FV,R,D,DN,F , ,N,C,100,0,1,0,,,1230347,4931108
Southland District,94/63/16.176,, ,I,SH 97,201437047,03/06/2014,Tue,720,JA,CE1C,301B ,,R,D,DO,F ,T,S,C,50,0,0,0,,,1229334,4931531
Southland District,94/63/16.58,, ,I,SURREY ST,201435958,18/04/2014,Fri,1100,KB,400000000000000,302B 375B ,,R,D,BF,F ,X,G,C,50,0,0,0,,,1228972,4931709
Southland District,94/80/1.664,1500,W, ,CUMBERLAND ST,201442485,05/08/2014,Tue,,CB,CE1,130A ,F,R,D,BN,F , ,N,C,100,0,0,0,,,1227374,4932678
Southland District,94/80/1.936,3600,W, ,MOSSBURN TIP,201437051,26/05/2014,Mon,841,CA,CW1,110A 130A 802 ,P,R,I,O ,SF, , ,C,100,0,0,0,,,1227187,4932506
Southland District,94/80/6.066,250,S, ,MAVORA LAKES ROAD,201445039,18/10/2014,Sat,1800,DA,CE1,129A 352A ,T,E,W,O ,F , ,N,C,100,0,0,0,,,1224156,4934852
Southland District,94/80/11.204,2500,S, ,CENTRE HILL ROAD,201444066,21/07/2014,Mon,1000,DA,VN1,136A 802 ,,E,I,ON,S , ,N,C,100,0,0,0,,,1220638,4938427
Southland District,94/80/12.174,1530,S, ,CENTRE HILL ROAD,201416097,22/09/2014,Mon,830,DA,CN1,110A 135A 802 ,,E,I,O ,S , ,N,L,100,0,0,1,,,1220092,4939228
Southland District,94/80/13.504,200,S, ,CENTRE HILL ROAD,201438768,10/04/2014,Thu,620,EC,CS1,912,W,E,D,DN,M , ,N,C,100,0,0,0,,,1219553,4940432
Southland District,94/80/14.104,400,W, ,CENTRE HILL ROAD,201411969,20/03/2014,Thu,1915,DB,CW1,111A 131A ,E,E,D,TN,F , ,N,C,100,0,0,1,,,1219131,4940856
Southland District,94/99/0.373,250,W, ,CHEWINGS ROAD,201414057,21/07/2014,Mon,2330,CC,VW1,110A 402A 802 905 ,V,R,I,DN,SF, ,N,C,100,0,0,1,,,1214815,4942294
Southland District,94/99/2.119,6900,E, ,MAVORA LAKES ROAD,201448534,25/11/2014,Tue,2330,EC,VN1,135A 823 903 ,L,R,W,DN,HS, ,N,C,100,0,0,0,,,1213168,4942800
Southland District,94/99/4.219,4800,E, ,MAVORA LAKES ROAD,201412579,26/04/2014,Sat,1730,FA,BE1C,181A 191B 404B ,,R,D,O ,F , , ,C,100,0,0,2,,,1211116,4942962
Southland District,94/99/6.319,2700,E, ,MAVORA LAKES ROAD,201434987,26/04/2014,Sat,1450,DA,VE1,129A 137A ,V,E,D,BN,F , ,N,C,100,0,0,0,,,1209445,4944036
Southland District,94/99/8.811,6000,E, ,BLACKMOUNT-REDCLIFF ROAD,201432192,29/01/2014,Wed,1630,DA,CE1,129A 135A ,CS,E,D,O ,FS, ,N,C,100,0,0,0,,,1207116,4944847
Southland District,94/99/9.069,50,W, ,MAVORA LAKES ROAD,201414035,02/07/2014,Wed,630,FA,4E14E,110A 181A 330A ,,R,I,DN,SF, ,N,C,100,0,0,1,45,,1206858,4944843
Southland District,94/115/7.106,1850,E, ,HILLSIDE-MANAPOURI ROAD,201410711,16/03/2014,Sun,1949,CB,VW1,110A 402A ,FT,R,W,TN,L , ,N,C,100,0,0,4,,,1194330,4945712
Southland District,94/115/9.295,, ,A,FLAXY CRK BR,201414555,17/07/2014,Thu,1009,DB,CS1,135A 802 804 904 ,B,M,I,O ,MF, , ,C,100,0,0,1,,,1192505,4946624
Southland District,94/115/9.356,400,N, ,HILLSIDE-MANAPOURI ROAD,201446238,30/09/2014,Tue,1700,BC,CS1C,121A ,,E,D,BN,F , ,N,C,100,0,0,0,,,1192457,4946662
Southland District,94/130/5.855,50,W, ,DEAKER ROAD,201439967,02/07/2014,Wed,953,DB,4W1,135A 803 ,E,E,I,ON,S , ,N,C,100,0,0,0,,,1188946,4956300
Southland District,94/138/0.736,, ,I,MOKOROA ST,201446687,05/11/2014,Wed,1337,JA,VN1C,191A 303B 353B ,,R,D,B ,F ,T,G,P,50,0,0,0,,,1186874,4957188
Southland District,94/138/4.166,100,N, ,PATIENCE BAY DRIVE,201438098,10/06/2014,Tue,2100,EC,CN1,912,W,R,D,DN,F , , ,C,100,0,0,0,,,1189130,4958941
Southland District,94/138/6.058,250,N, ,SINCLAIR ROAD,201434882,22/03/2014,Sat,1610,DA,CN1,131A 330A ,C,M,D,BF,F , ,N,L,100,0,0,0,,,1189832,4960448
Southland District,94/138/7.308,1500,N, ,SINCLAIR ROAD,201430844,02/01/2014,Thu,1030,CB,CN1,137A 181A ,T,R,W,ON,H , ,N,C,100,0,0,0,,,1189758,4961613
Southland District,94/138/8.568,2760,N, ,SINCLAIR ROAD,201446959,30/10/2014,Thu,1500,DA,CN1,111A 131A ,,M,D,OF,L , ,N,C,100,0,0,0,,,1189412,4962789
Southland District,94/138/9.379,1000,S, ,EWEBURN FARM ENT,201418100,14/12/2014,Sun,1132,QB,MN1,137A 191A ,,E,D,B ,F , , ,L,100,0,0,1,,,1189504,4963576
Southland District,94/150/0.434,6500,N, ,SINCLAIR ROAD,201432500,29/01/2014,Wed,1000,DA,CN1,129A 404A ,T,M,D,O ,F , ,N,C,100,0,0,0,,,1190408,4966125
Southland District,94/150/3.334,9400,N, ,SINCLAIR ROAD,201410824,23/02/2014,Sun,1650,EA,CS1V,129A 130A 404A ,Q,R,D,O ,F , , ,C,100,0,1,3,,,1190845,4968972
Southland District,94/150/5.684,800,N, ,BOUNDARY CRK BR,201418771,22/11/2014,Sat,1152,EB,CN1C,331A 341B 821 ,QX,M,W,O ,H , , ,C,100,0,2,1,,,1191690,4971053
Southland District,94/150/9.368,1000,N, ,TWELVE MILE MARK,201448566,15/10/2014,Wed,1130,DA,CN1,129A 134A 330A ,C,M,D,ON,F , ,N,C,100,0,0,0,,,1191836,4974623
Southland District,94/163/8.153,2990,N, ,TE ANAU DOWNS,201440073,15/07/2014,Tue,945,DA,CN1,131A ,,E,I,OF,F , ,N,C,100,0,0,0,,,1196299,4982317
Southland District,94/163/9.829,, ,A,RETFORD STM BR,201430300,04/01/2014,Sat,830,DA,CS1,134A ,F,E,D,O ,F , ,N,C,100,0,0,0,,,1197325,4983484
Southland District,94/163/13.293,120,S, ,DUNTON CRK BR,201418249,15/12/2014,Mon,2000,DA,CS1,111A 131A 411A ,C,E,D,B ,F , , ,C,100,0,0,1,,,1198803,4986394