TLANAME,CRASHROAD,CRASHDIST,CRASHDIRN,INTSN,SIDEROAD,CRASHID,CRASHDATE,CRASHDOW,CRASHTIME,MVMT,VEHICLES,CAUSES,OBJECTSSTRUCK,ROADCURVE,ROADWET,LIGHT,WTHRa,JUNCTYPE,TRAFCTRL,ROADMARK,SPDLIM,CRASHFATALCNT,CRASHSEVCNT,CRASHMINCNT,PERSAGE1,PERSAGE2,EASTING,NORTHING
Southland District,94/177/0.025,5,N, ,DUNTON CRK BR,201440545,17/07/2014,Thu,1630,CC,CS1,130A 358A 402A ,FT,R,D,B ,F , , ,L,100,0,0,0,,,1198773,4986515
Southland District,94/177/5.42,5400,N, ,DUNTON CRK BR,201430331,05/01/2014,Sun,1500,DB,CN1,110A 404A ,CF,S,W,O ,F , ,N,C,100,0,0,0,,,1201987,4989391
Southland District,94/192/4.739,400,N, ,MIRROR LAKES,201436160,23/04/2014,Wed,1730,CA,CS1,130A ,,R,W,O ,L , , ,C,100,0,0,0,,,1207042,5001697
Southland District,94/197/6.063,120,N, ,KNOBS FLAT,201414117,02/06/2014,Mon,1118,DB,VN1,135A 802 ,,M,I,BN,F , ,N,C,100,0,0,3,,,1207032,5008039
Southland District,94/197/7.648,6680,S, ,LOWER HOLLYFORD ROAD,201445763,28/09/2014,Sun,1000,DA,CN1,129A 134A 404A ,CP,S,D,B ,F , ,N,C,100,0,0,0,,,1207077,5009571
Southland District,94/197/14.039,290,S, ,LOWER HOLLYFORD ROAD,201431217,23/02/2014,Sun,1320,DA,CS1,111A 131A ,TX,M,W,ON,L , ,N,C,100,0,0,0,,,1209054,5015149
Southland District,94/212/0.219,200,N, ,PLATO CRK BR,201412574,12/04/2014,Sat,1040,DB,VN1,111A 129A 131A ,ET,M,W,O ,F , , ,C,100,0,1,1,,,1209464,5015412
Southland District,94/212/0.615,9000,N, ,KNOBS FLAT,201414073,15/07/2014,Tue,1418,DA,CN1,111A 131A ,T,E,D,O ,F , ,N,C,100,0,0,1,,,1209792,5015546
Southland District,94/212/4.383,1000,N, ,CASCADE CRK BR,201440066,16/07/2014,Wed,1515,CB,VS1,129A ,TV,R,W,ON,F , ,N,C,100,0,0,0,,,1212240,5017820
Southland District,94/212/6.062,2000,S, ,EGLINTON RIV BR,201448371,02/12/2014,Tue,1545,MC,BS1C,372B 404B ,,R,D,B ,F , ,N,C,100,0,0,0,,,1212725,5019312
Southland District,94/212/10.636,4900,W, ,LOWER HOLLYFORD ROAD,201415616,06/09/2014,Sat,1245,DB,CE1,104A 111A 134A ,,M,D,B ,F , ,N,C,100,0,2,1,,,1213745,5023531
Southland District,94/212/10.656,4880,E, ,LOWER HOLLYFORD ROAD,201442991,28/08/2014,Thu,805,DA,4S1,135A 802 ,X,E,I,TN,FF, , ,C,100,0,0,0,,,1213751,5023550
Southland District,94/212/14.506,300,E, ,KAKA CRK BR,201435375,01/05/2014,Thu,1900,DC,CW1,332A 404A ,,M,D,DN,F , , ,C,100,0,0,0,,,1212840,5026484
Southland District,94/212/15.136,400,E, ,LOWER HOLLYFORD ROAD,201413870,21/06/2014,Sat,1845,DB,CS1,111A 131A 404A ,V,M,D,DN,F , , ,C,100,0,0,1,,,1212350,5026112
Southland District,94/212/15.556,20,W, ,LOWER HOLLYFORD ROAD,201445671,21/09/2014,Sun,1630,EC,4W1,330A ,G,R,W,O ,L , , ,C,100,0,0,0,,,1211946,5026026
Southland District,94/212/16.336,800,W, ,LOWER HOLLYFORD ROAD,201431183,12/02/2014,Wed,1245,BB,4W14,110A 123A 818 ,G,E,D,O ,F , ,N,C,100,0,0,0,,,1211456,5025589
Southland District,94/212/16.53,260,E, ,POPS VIEW,201434119,15/02/2014,Sat,1400,BF,CW1C,121A 404A 818 831 ,,M,W,ON,L , ,N,N,100,0,0,0,,,1211268,5025623
Southland District,94/212/16.536,1000,W, ,LOWER HOLLYFORD ROAD,201439933,24/06/2014,Tue,1100,DB,CW1,131A 901 ,C,E,W,ON,H , ,N,C,100,0,0,0,,,1211262,5025624
Southland District,94/229/2.654,50,W, ,NO83 CRK BR,201413143,18/05/2014,Sun,1430,DB,CE1,132A 404A ,V,E,W,O ,F , , ,C,100,0,0,1,,,1208423,5025805
Southland District,94/229/3.259,4600,W, ,LOWER HOLLYFORD ROAD,201440331,14/07/2014,Mon,1700,DB,CE1,131A 403A 404A 804 ,CT,M,D,O ,F , , ,C,100,0,0,0,,,1207848,5025941
Southland District,94/240/1.138,13300,W, ,LOWER HOLLYFORD ROAD,201443816,21/07/2014,Mon,1215,DA,CW1,131A ,E,M,W,OO,F , ,N,N,50,0,0,0,,,1202320,5031012
Southland District,94/241/0.566,14000,W, ,LOWER HOLLYFORD ROAD,201437850,10/04/2014,Thu,1700,DA,BW1,131A 350A ,,S,D,O ,F , ,N,C,100,0,0,0,,,1202021,5031160
Southland District,94/241/0.735,800,W, ,HOMER TUNNEL NORTH,201434192,06/02/2014,Thu,930,BB,BW1C,123A ,,M,D,B ,F , , ,C,100,0,0,0,,,1201932,5031026
Southland District,94/241/2.148,60,N, ,CLEDDAU RIV NO 2 BR,201410811,10/02/2014,Mon,1330,FA,CE1S,129A 386A 404A 817 ,,E,D,B ,F , , ,C,100,0,0,1,,58,1201384,5031645
Southland District,94/241/9.344,6700,E, ,DEEP WATER BASIN ROAD,201415238,13/06/2014,Fri,900,DA,4W1,131A 350A ,T,M,W,ON,F , ,N,L,100,0,0,1,,,1201203,5037128
Southland District,94/241/10.095,70,N, ,GULLIVER RIV BR,201432400,30/01/2014,Thu,915,DA,CN1,129A 134A 801 ,T,E,W,O ,L , , ,C,100,0,0,0,,,1201574,5037673
Southland District,94/241/16.664,620,W, ,DEEP WATER BASIN ROAD,201432401,04/02/2014,Tue,1130,BC,CS1C,121A 354A 404A ,,M,D,O ,F , , ,L,100,0,0,0,,,1197694,5040930
Southland District,HILLSIDE-MANAPOURI ROAD,, ,I,95/0/20.516,201440067,13/07/2014,Sun,2220,DA,CW1,131A ,,S,W,DO,F ,T,S,C,100,0,0,0,,,1179544,4940198
Southland District,96/0/14.437,2180,W, ,LAWRENCE ROAD,201411970,17/03/2014,Mon,1820,DB,CE1,410A ,,E,W,TN,L , ,N,C,100,0,0,2,,,1266910,4876162
Southland District,96/30/0.123,50,W, ,ASPINALL ROAD,201447085,08/08/2014,Fri,730,DB,CS1,135A 803 ,F,M,I,TN,S , ,N,C,100,0,0,0,,,1252796,4872433
Southland District,96/30/4.69,520,S, ,CHISHOLM ROAD,201414524,11/07/2014,Fri,2200,DA,VN1,103A 129A 134A 410A ,FT,E,D,DN,F , , ,C,100,0,1,0,,,1250263,4876009
Southland District,96/30/4.71,500,E, ,CHISHOLM ROAD,201431924,14/02/2014,Fri,15,DA,CW1,111A 131A ,V,E,W,DN,L , ,N,C,100,0,0,0,,,1250249,4876023
Southland District,96/30/9.759,250,E, ,LIMEHILLS-BROWNS ROAD,201418020,18/10/2014,Sat,2020,BA,4W1C,103A 129A ,,R,D,TN,F , ,N,C,100,0,2,1,,,1247072,4879124
Southland District,96/30/14.717,100,S, ,CAHILL ROAD,201417721,21/12/2014,Sun,2230,DA,4S1,103A 111A ,V,M,D,DO,F , ,N,C,100,0,0,1,,,1242775,4880398
Southland District,96/30/15.314,300,E, ,BENNETT ROAD,201446436,17/08/2014,Sun,2148,DA,CE1,101A 131A ,C,M,D,DN,F , ,N,C,100,0,0,0,,,1242283,4880222
Southland District,96/50/1.197,, ,I,WINTON SUBSTATION ROAD,201432416,25/01/2014,Sat,1656,LB,CW14,303B 375B 404B ,,R,D,B ,F ,X,S,C,100,0,0,0,,,1237431,4881332
Southland District,96/50/12.432,1750,N, ,MAYFIELD ROAD,201410938,07/02/2014,Fri,626,DA,VN1,102A 131A ,,E,D,TN,F , ,N,C,100,0,0,1,,,1229028,4885559
Southland District,96/66/1.08,900,N, ,HUNDRED LINE ROAD EAST,201445121,23/09/2014,Tue,450,CC,CS1,195A 410A ,,R,D,DN,F , , ,C,100,0,0,0,,,1226856,4888978
Southland District,96/66/5.784,, ,I,AVONDALE ROAD,201414823,25/07/2014,Fri,1350,HA,CW14,301B 375B ,,R,W,OF,L ,X,S,C,100,0,0,1,,,1222895,4890157
Southland District,96/66/11.121,330,W, ,WREYS BUSH-MOSSBURN ROAD,201415579,11/09/2014,Thu,,DB,40,101A 410A ,,M,D,DN,F , , ,C,100,0,0,1,,,1220995,4894257
Southland District,96/66/12.922,150,N, ,LYNCH ROAD,201437685,03/06/2014,Tue,1730,DB,CN1,130A 363A 902 ,V,E,D,B ,F , , ,C,100,0,0,0,,,1219404,4895091
Southland District,96/66/14.616,360,E, ,APARIMA ROAD,201411950,19/03/2014,Wed,1850,DB,CN1,102A 111A 131A 817 ,FX,E,D,TN,F , ,N,N,100,0,0,2,,,1217906,4895868
Southland District,96/84/1.547,120,N, ,BRAZIER ROAD,201412123,24/03/2014,Mon,2047,DA,CN1,134A 402A ,T,E,D,DN,F , , ,C,100,0,1,0,,,1213229,4897961
Southland District,97/0/1.92,1920,W, ,SH 6,201443567,19/08/2014,Tue,1225,DA,CW1,129A 131A ,V,M,D,BN,F , ,N,C,100,0,0,0,,,1244164,4938348
Southland District,97/0/10.446,1790,N, ,ELLIS ROAD,201410578,29/01/2014,Wed,110,DA,CS1,411A ,C,E,D,DN,F , ,N,C,100,0,0,1,,,1237008,4935689
Southland District,98/0/19.681,, ,I,TAYLOR ROAD,201445668,09/10/2014,Thu,1340,KB,TW14,301B ,,R,D,B ,F ,T,S,C,100,0,0,0,,,1243912,4856938
Southland District,99/0/2.37,800,W, ,STEEL ROAD,201418259,11/12/2014,Thu,1310,CA,CS14C,410A ,Q,R,D,B ,F , , ,L,100,0,2,1,,,1239843,4857583
Southland District,99/0/5.052,, ,I,DUNLOP ST,201445202,04/10/2014,Sat,530,GE,CE1C,160A 901 ,,R,W,DO,H ,X,S,C,70,0,0,0,,,1237513,4858524
Southland District,99/0/5.062,10,W, ,DUNLOP ST,201433906,20/03/2014,Thu,913,MA,TW1C,129B 373B ,,R,D,B ,F ,X,G,C,70,0,0,0,,,1237503,4858526
Southland District,99/0/5.728,400,E, ,PRICE ROAD,201430998,16/02/2014,Sun,500,DA,CW1,103A 131A ,,M,D,DN,F , ,N,C,100,0,0,0,,,1236987,4858878
Southland District,99/0/5.728,400,E, ,PRICE ROAD,201416580,21/09/2014,Sun,925,DA,CE1,131A ,FS,M,W,ON,F , ,N,C,100,0,0,1,,,1236987,4858878
Southland District,99/0/6.528,400,W, ,PRICE ROAD,201412546,17/04/2014,Thu,920,LB,CE1CVC,303B 375B 402B 927 ,BMQ,R,D,B ,F ,D, ,C,100,0,1,2,,,1236195,4858873
Southland District,99/0/7.722,, ,I,OPORO FLAT ROAD,201412836,19/04/2014,Sat,1126,AD,CW1,130A 407A 632A 801 ,V,E,W,O ,L ,T,G,C,100,0,0,1,,,1235103,4859061
Southland District,99/0/8.809,100,E, ,FRASER ROAD,201445737,16/10/2014,Thu,2213,EC,40,912,W,R,D,DO,F , ,N,C,100,0,0,0,,,1234151,4859584
Southland District,99/0/10.272,200,W, ,KENNEDY ROAD,201445490,01/10/2014,Wed,845,CB,CW1,130A 330A ,FV,R,D,B ,F , , ,L,100,0,0,0,,,1232866,4860282
Southland District,99/0/12.312,250,E, ,WAIMATUKU BUSH ROAD,201449712,31/12/2014,Wed,1030,DA,CE1,130A 504A ,FV,E,W,O ,L , ,N,C,100,0,0,0,,,1231080,4861261
Southland District,WAIMATUKU BUSH ROAD,, ,I,99/0/12.562,201414608,14/07/2014,Mon,1906,DC,VN1,130A 501A ,C,R,D,DN,F ,T,G,C,100,0,1,0,,,1230842,4861339
Southland District,99/0/14.862,, ,I,WAIMATUKU FLAT ROAD,201430242,17/01/2014,Fri,1515,GE,TW1C,181A 331A ,,R,D,O ,F ,T,S,C,100,0,0,0,,,1228737,4861463
Southland District,99/15/3.63,500,W, ,BICKLEY ROAD,201444417,16/09/2014,Tue,1420,CB,VW1,129A 130A ,P,R,D,O ,F , , ,C,100,0,0,0,,,1224631,4861560
Southland District,99/15/5.148,410,E, ,GROPERS BUSH-THORNBURY RO,201413981,29/06/2014,Sun,1400,CB,CE1,129A 134A ,T,R,D,O ,F , ,N,C,100,0,0,1,,,1223166,4861160
Southland District,99/15/10.185,1380,E, ,OTAITAI BUSH ROAD,201441632,08/08/2014,Fri,853,MC,CE14,372B ,,R,W,O ,FS, , ,C,100,0,0,0,,,1218980,4858673
Southland District,99/15/15.447,60,S, ,JETTY ST,201411968,13/03/2014,Thu,1654,BE,CS14V,103A 129A ,,R,D,BN,F , ,N,C,50,0,1,1,,,1216279,4854586
Southland District,99/31/0.136,, ,A,APARIMA RIV BR S ABTMT,201447849,08/11/2014,Sat,1450,CB,CE1,129A ,B,R,D,BF,F , ,N,L,50,0,0,0,,,1216126,4854457
Southland District,99/31/3.293,100,W, ,LONGWOOD ROAD E,201439409,06/07/2014,Sun,100,CB,VE1,101A 112A 517A ,F,R,W,DN,L , ,N,C,100,0,0,0,,,1213093,4855077
Southland District,99/31/13.093,110,N, ,STICK ROAD,201447181,23/10/2014,Thu,2300,CC,VE1,130A 412A 801 903 ,,R,W,DN,LS, , ,C,100,0,0,0,,,1204246,4854443
Southland District,99/46/0.464,200,S, ,ROUND HILL-WAKAPATU ROAD,201412370,12/04/2014,Sat,2225,EC,CS1,912,W,R,D,DN,F , , ,C,100,0,0,2,,,1201889,4855752
Southland District,99/46/9.65,700,S, ,REILLY ROAD W,201442196,13/08/2014,Wed,1430,CB,VS1,135A 802 ,,R,I,O ,SS, , ,C,100,0,0,0,,,1194989,4858831
Southland District,99/46/11.482,, ,I,FALLS CREEK ROAD,201445038,14/10/2014,Tue,2050,EC,CN1,912,W,M,W,DN,F ,T,N,C,100,0,0,0,,,1194736,4860614
Southland District,99/78/0.077,300,W, ,ORAWIA ROAD,201418016,22/11/2014,Sat,1230,NA,CW1E,713B ,,R,W,OF,L , ,N,C,50,0,1,0,14,,1189532,4877706
Stratford District,BRECON ROAD,300,N, ,WARWICK ROAD,201415652,01/08/2014,Fri,1620,CA,PN1,130A 350A ,,R,W,O ,F , ,N,N,100,0,1,0,,,1710224,5643581
Stratford District,FENTON ST,, ,I,JULIET ST,201410466,03/03/2014,Mon,840,HA,CW1V,302B ,,R,W,O ,L ,X,G,C,50,0,0,1,,,1710881,5644608
Stratford District,FENTON ST,100,W, ,SWANSEA ROAD,201431739,04/02/2014,Tue,2020,EA,CW1C4C,129A 331A 350A ,M,R,D,TF,F , ,N,C,50,0,0,0,,,1711561,5644814
Stratford District,MANAIA ROAD,3000,N, ,OPUNAKE ROAD,201436843,15/04/2014,Tue,1110,BF,CS1C,130A 404A 420A 800 818 ,,E,W,O ,F , , ,N,100,0,0,0,,,1698201,5642626
Stratford District,MIRANDA ST,100,N, ,FENTON ST,201443522,04/08/2014,Mon,1118,MO,CS1,131A 357A 434A ,P,R,D,OF,F , ,N,R,50,0,0,0,,,1710633,5644638
Stratford District,MIRANDA ST,100,S, ,SEYTON ST,201430558,29/01/2014,Wed,1351,AO,CN1C,158A ,,R,D,B ,F , , ,C,50,0,0,0,,,1710494,5645108
Stratford District,MONMOUTH ROAD,1000,E, ,PEMBROKE ROAD,201432577,19/03/2014,Wed,1535,GA,CW1T,112A 181A 926 ,,R,D,O ,F ,D,N,C,100,0,0,0,,,1706811,5647111
Stratford District,OPUNAKE ROAD,2000,E, ,CARDIFF ROAD,201441249,28/07/2014,Mon,810,EA,CE1T,129A 370A ,MV,E,D,B ,F , , ,C,100,0,0,0,,,1707903,5643269
Stratford District,OPUNAKE ROAD,, ,I,CARDIFF ROAD,201430304,11/01/2014,Sat,1651,JA,4E1C,301B 375B ,,E,D,B ,F ,T,S,C,100,0,0,0,,,1706090,5642470
Stratford District,OPUNAKE ROAD,1000,W, ,HASTIE ROAD,201411966,07/03/2014,Fri,1430,DA,MW1,111A 129A 131A ,C,M,D,BN,F , ,N,C,100,0,1,0,,,1708276,5643293
Stratford District,OPUNAKE ROAD,1300,W, ,HASTIE ROAD,201441706,28/07/2014,Mon,842,FO,4W1C,112A 331A 353A 363A 902 ,V,R,D,B ,F , , ,C,100,0,0,0,,,1707977,5643296
Stratford District,OPUNAKE ROAD,520,E, ,MANAIA ROAD,201441674,09/08/2014,Sat,1438,CB,VW1,130A 358A ,C,R,D,B ,F , , ,C,100,0,0,0,,,1699055,5640039
Stratford District,OPUNAKE ROAD,1420,S, ,MANAIA ROAD,201412846,28/04/2014,Mon,530,EC,CE1,110A 135A 823 901 ,GLP,E,W,DN,H , , ,C,100,0,0,1,,,1697568,5638955
Stratford District,OPUNAKE ROAD,200,W, ,MANAIA ROAD,201441247,03/07/2014,Thu,700,DA,CS1,111A 131A 802 ,BZ,E,I,O ,FF, , ,C,100,0,0,0,,,1698532,5639577
Stratford District,OPUNAKE ROAD,1600,W, ,MANAIA ROAD,201418769,23/10/2014,Thu,1225,DA,VW1,131A ,V,M,D,O ,F , , ,C,100,0,1,0,,,1697388,5638944
Stratford District,OPUNAKE ROAD,, ,A,MANGATOKIITI RIV BR,201417864,21/11/2014,Fri,718,BF,CN1T,111A 131A 191B 904 ,BV,M,W,O ,M , , ,C,100,0,0,1,,,1702339,5640985
Stratford District,OPUNAKE ROAD,100,W, ,PALMER ROAD,201415133,22/07/2014,Tue,559,DA,CE1,111A 131A 802 803 ,,M,I,DN,SF, , ,C,100,0,1,0,,,1700878,5640715
Stratford District,OPUNAKE ROAD,250,W, ,PALMER ROAD,201448576,12/12/2014,Fri,925,DB,CW1,131A 358A ,C,M,W,ON,L , ,N,C,100,0,0,0,,,1700732,5640744
Stratford District,OPUNAKE ROAD,400,W, ,PALMER ROAD,201413389,14/05/2014,Wed,950,DB,CW1VC,131A 351A 402A 130C 331C 370C 904 ,CF,M,W,O ,M , , ,C,100,0,0,2,,,1700589,5640790
Stratford District,OPUNAKE ROAD,1000,W, ,PALMER ROAD,201412029,07/04/2014,Mon,1850,MO,400000000000000,110A 371A 110B 929 ,CC,M,W,DN,F ,D,N,C,100,0,0,1,,,1700123,5640539
Stratford District,OPUNAKE ROAD,1000,W, ,PALMER ROAD,201415881,07/09/2014,Sun,2025,DA,CE1,131A 402A ,C,E,D,DN,F , , ,C,100,0,0,2,,,1700123,5640539
Stratford District,OPUNAKE ROAD,1000,W, ,PALMER ROAD,201447202,12/11/2014,Wed,811,DA,CS1,131A 802 ,F,M,I,O ,H , , ,C,100,0,0,0,,,1700123,5640539
Stratford District,OPUNAKE ROAD,1400,W, ,PALMER ROAD,201418411,03/12/2014,Wed,1720,JA,VE1C,197A 308B 378B 929 ,F,M,D,B ,F ,D, ,C,100,0,2,1,,,1699753,5640394
Stratford District,PAGE ST,15,E, ,MIRANDA ST,201430571,01/02/2014,Sat,800,EA,CW1V,129A ,M,R,D,DO,F , , ,C,50,0,0,0,,,1710711,5644426
Stratford District,PEMBROKE ROAD,1000,W, ,CARDIFF ROAD,201417593,15/11/2014,Sat,1430,DA,CE1,129A 350A ,EX,M,D,BN,F , ,N,C,100,0,0,1,,,1704965,5646539
Stratford District,PEMBROKE ROAD,, ,I,CASSANDRA ST,201418368,06/12/2014,Sat,30,HA,CE1M,103B 302B ,,R,D,DO,F ,X,G,C,50,0,0,1,,,1710724,5645558
Stratford District,PORTIA ST,50,S, ,CELIA ST,201410464,23/02/2014,Sun,1650,MD,SN1C,204A 308B 835 929 ,,R,D,B ,F ,D,N,C,50,0,0,1,,10,1710681,5644044
Stratford District,SALISBURY ROAD,4000,S, ,CROYDON ROAD,201418369,11/12/2014,Thu,1755,DA,CN1,111A 131A 357A 512A ,P,S,D,ON,F , ,N,C,100,0,0,1,,,1711951,5652966
Stratford District,SEYTON ST,, ,I,JULIET ST,201418619,28/11/2014,Fri,1650,LB,VW1C,103B 303B 375B ,,R,D,BF,F ,X,G,C,50,0,0,2,,,1710686,5645269
Stratford District,SEYTON ST,, ,I,MIRANDA ST,201434241,13/03/2014,Thu,1526,HA,4E1C,302B 363B 817 853 902 ,,R,D,O ,F ,X,G,C,50,0,0,0,,,1710466,5645204
Stratford District,TOKO ROAD,310,E, ,SH 43 EAST ROAD,201415697,27/09/2014,Sat,1410,DB,CS1,111A 410A ,T,S,D,B ,F , ,N,C,70,0,0,1,,,1720110,5644740
Stratford District,WARWICK ROAD,, ,I,SWANSEA ROAD,201436886,10/05/2014,Sat,400,DA,CS2,335A 351A ,FV,S,D,DN,F ,T,G,C,50,0,0,0,,,1711989,5643718
Stratford District,YORK ROAD,2440,E, ,DERBY ROAD,201434763,03/05/2014,Sat,1500,JA,VW1C,308B 832 929 ,,M,D,BN,F ,D,N,C,100,0,0,0,,,1706285,5651867
Stratford District,YORK ROAD,2250,W, ,SH 3,201439376,03/07/2014,Thu,540,CB,CE1,135A 802 905 ,C,R,I,DN,SF, ,N,C,100,0,0,0,,,1706462,5651812
Stratford District,3/269/0.651,2000,S, ,TARIKI ROAD SOUTH,201440696,22/07/2014,Tue,543,DA,CS1,135A 802 ,P,M,I,DN,FF, , ,C,100,0,0,0,,,1707915,5654282
Stratford District,3/269/0.85,600,N, ,CROYDON ROAD,201400237,11/11/2014,Tue,325,BE,CS1T,125A 410A 504A 692A ,,R,D,DF,F , ,N,C,100,1,0,1,,,1707971,5654091
Stratford District,3/269/1.05,400,N, ,CROYDON ROAD,201431521,26/01/2014,Sun,610,CA,CS1,130A 358A 407A ,C,R,D,OF,F , , ,C,100,0,0,0,,,1708027,5653899
Stratford District,3/269/6.475,, ,A,PIAKAU BR,201415639,01/08/2014,Fri,1615,BE,TN1CC,110A 130A 801 901 ,,R,W,O ,H , ,N,C,100,0,0,3,,,1709542,5648750
Stratford District,3/269/7.307,20,N, ,KAHOURI ROAD,201440014,01/07/2014,Tue,842,CB,VS1,197A ,,R,W,ON,H , ,N,C,100,0,0,0,,,1709772,5647951
Stratford District,3/269/8.034,, ,I,MONMOUTH ROAD,201441250,22/07/2014,Tue,649,CB,4S1,135A 802 ,V,R,I,DO,FF,T,G,C,100,0,0,0,,,1709981,5647254
Stratford District,3/269/8.034,, ,I,MONMOUTH ROAD,201441251,22/07/2014,Tue,440,CC,CS1,135A 802 ,C,R,I,DO,FF,T,G,C,100,0,0,0,,,1709981,5647254
Stratford District,3/269/8.034,, ,I,MONMOUTH ROAD,201414637,22/07/2014,Tue,440,CB,VN1,135A 802 ,C,R,I,DO,FF,T,G,C,100,0,0,1,,,1709981,5647254
Stratford District,3/269/8.034,, ,I,MONMOUTH ROAD,201444518,29/09/2014,Mon,1630,GB,CN1C,172B 671B ,,R,D,B ,F ,T,G,C,100,0,0,0,,,1709981,5647254
Stratford District,3/269/8.134,100,S, ,MONMOUTH ROAD,201410543,19/02/2014,Wed,105,CC,CS1,102A 410A 692A ,F,R,D,DN,F , ,N,C,100,0,0,1,,,1710009,5647158
Stratford District,3/269/8.788,100,N, ,FLINT ROAD,201432576,10/03/2014,Mon,2126,EC,VS1,912,W,R,D,DO,F , ,N,C,100,0,0,0,,,1710194,5646531
Stratford District,3/269/10.346,100,N, ,REGAN ST,201450174,14/11/2014,Fri,1440,MF,TN1C,351B 359B 371B 402B ,,R,D,O ,F , , ,C,50,0,0,0,,,1710639,5645037
Stratford District,REGAN ST,, ,I,3/269/10.446,201433102,28/03/2014,Fri,946,KC,CE1T,387A ,,R,D,O ,F ,X,G,R,50,0,0,0,,,1710667,5644941
Stratford District,3/279/0.193,, ,I,PROSPERO PLACE,201448397,13/12/2014,Sat,1159,EA,CN1C,132A 191A ,M,R,D,B ,F ,T,N,C,50,0,0,0,,,1710723,5644756
Stratford District,3/279/0.301,80,N, ,FENTON ST,201414716,31/07/2014,Thu,1822,ME,CN1C,333A 350A 801 ,,R,W,DO,L , , ,P,50,0,0,1,,,1710754,5644653
Stratford District,3/279/0.331,50,N, ,FENTON ST,201432547,22/01/2014,Wed,1715,FA,VN1C,112A 350A ,,R,W,O ,F , ,N,C,50,0,0,0,,,1710762,5644625
Stratford District,3/279/0.715,100,N, ,CELIA ST,201446789,05/10/2014,Sun,1615,MC,4N1C,330B 372B ,,R,D,B ,F , ,N,P,50,0,0,0,,,1710871,5644256
Stratford District,3/279/0.865,50,S, ,CELIA ST,201417834,10/09/2014,Wed,1600,PO,CS1E,129A 380A ,,R,D,O ,F , , ,C,50,0,0,1,56,,1710913,5644112
Stratford District,3/279/1.139,5,N, ,ROMEO ST,201432043,12/02/2014,Wed,920,GB,CS1C,158A 181A 333A 927 ,,R,D,O ,F ,T,S,C,50,0,0,0,,,1710990,5643849
Stratford District,3/279/4.757,15,S, ,SOLE ROAD,201448834,07/12/2014,Sun,1014,EC,CN1,341A 353A 820 ,D,R,D,B ,F , , ,C,100,0,0,0,,,1711854,5640421
Stratford District,3/279/4.842,100,S, ,SOLE ROAD,201434945,20/03/2014,Thu,1600,AO,CN1T,184A 381A ,,R,D,BF,F , ,N,L,100,0,0,0,,,1711858,5640336
Stratford District,3/279/6.129,200,S, ,FINNERTY ROAD,201442448,01/08/2014,Fri,815,CC,VN1,130A 410A ,V,R,D,ON,L , ,N,L,100,0,0,0,,,1711911,5639050
Stratford District,43/0/0.111,, ,I,JULIET ST,201430302,15/01/2014,Wed,1129,HA,CE1C,301A 375A ,,R,D,B ,F ,X,S,C,50,0,0,0,,,1710774,5644971
Stratford District,43/0/0.111,, ,I,JULIET ST,201439495,13/07/2014,Sun,1430,HA,CW1C,301B 375B ,,R,D,B ,F ,X,S,C,50,0,0,0,,,1710774,5644971
Stratford District,43/0/0.466,, ,I,CORDELIA ST,201438116,13/05/2014,Tue,905,HA,CW1C,301B 375B ,,R,D,OF,F ,X,S,C,50,0,0,0,,,1711115,5645072
Stratford District,43/0/5.864,500,E, ,SKINNER ROAD,201415109,07/08/2014,Thu,2033,DA,CE1,102A 111A 131A 801 ,,M,W,DN,L , , ,C,100,0,0,1,,,1716390,5645038
Stratford District,43/0/6.645,1950,W, ,STANDISH ROAD,201438197,24/05/2014,Sat,1322,DB,CE1,129A 134A 901 ,F,S,W,ON,H , ,N,C,100,0,0,0,,,1716972,5644573