TLANAME,CRASHROAD,CRASHDIST,CRASHDIRN,INTSN,SIDEROAD,CRASHID,CRASHDATE,CRASHDOW,CRASHTIME,MVMT,VEHICLES,CAUSES,OBJECTSSTRUCK,ROADCURVE,ROADWET,LIGHT,WTHRa,JUNCTYPE,TRAFCTRL,ROADMARK,SPDLIM,CRASHFATALCNT,CRASHSEVCNT,CRASHMINCNT,PERSAGE1,PERSAGE2,EASTING,NORTHING
Stratford District,43/0/8.595,, ,I,STANDISH ROAD,201410465,24/02/2014,Mon,1503,BF,CW1T,131A 352A ,,S,D,B ,F ,T,G,C,100,0,1,0,,,1718733,5645088
Stratford District,43/0/9.648,40,W, ,BRUCE ROAD,201431050,26/02/2014,Wed,1525,FD,CW1V,181A 358A 191B ,,R,D,B ,F , ,N,C,50,0,0,0,,,1719726,5644959
Stratford District,43/15/11.589,5100,E, ,TOKO ROAD E,201446193,25/10/2014,Sat,1540,DB,4W1,131A 410A ,F,E,D,B ,F , , ,C,100,0,0,0,,,1732205,5651137
Stratford District,43/65/11.799,1000,N, ,MANGAOWATA ROAD,201416797,08/11/2014,Sat,1430,DA,MN1,131A ,CFV,S,D,B ,F , , ,C,100,0,1,0,,,1755312,5675296
Stratford District,43/80/5.211,2000,E, ,MOKI ROAD,201431738,27/01/2014,Mon,1245,CB,CN1,138A ,C,R,D,BN,F , ,N,N,100,0,0,0,,,1757897,5681715
Tararua District,ALLARDICE ST,, ,I,QUEEN ST,201413431,14/05/2014,Wed,1350,HA,4N1M,302A ,,E,D,O ,F ,R,G,R,50,0,0,1,,,1863789,5544752
Tararua District,ALLARDICE ST,, ,I,QUEEN ST,201440743,18/06/2014,Wed,1445,HA,CN1C,302A ,,R,D,O ,F ,R,G,R,50,0,0,0,,,1863789,5544752
Tararua District,BALLANCE VALLEY ROAD,5150,W, ,GORGE ROAD,201443602,05/09/2014,Fri,1915,DA,CE1,131A 404A 813 ,C,E,W,DN,L , , ,N,100,0,0,0,,,1835006,5523947
Tararua District,BOWEN ST,, ,I,ORMOND ST,201439941,17/06/2014,Tue,1035,HA,CW1C,302B 375B ,,R,W,OF,F ,X,G,C,50,0,0,0,,,1843558,5530607
Tararua District,COWPER ROAD,720,E, ,TIPAPAKUKU ROAD,201417897,31/10/2014,Fri,1810,DB,CN1,111A 131A 402A ,EF,M,D,B ,F , , ,C,100,0,0,1,,,1865056,5542137
Tararua District,DENMARK ST,50,N, ,ALMA ST,201449274,17/12/2014,Wed,1221,JA,4E1C,308B 927 ,,R,D,B ,F ,D,N,N,50,0,0,0,,,1863582,5544221
Tararua District,DUKE ST,15,W, ,ARTHUR ST,201448925,24/11/2014,Mon,2214,CA,CE1,103A 130A 402A ,FP,R,D,DO,F , , ,C,50,0,0,0,,,1840567,5517898
Tararua District,ELLISON ROAD,70,N, ,RAKAUTATAHI ROAD,201434441,21/02/2014,Fri,515,DA,CS1,332A 904 ,T,M,D,DN,M , , ,N,100,0,0,0,,,1871708,5564889
Tararua District,GORDON ST,150,S, ,TRAFALGAR ST,201418114,05/03/2014,Wed,1545,MO,PS1C,205A 378A 308B 378B 830 929 ,,E,D,B ,F ,D, ,N,50,0,0,1,,,1864013,5543753
Tararua District,GRANT ST,60,S, ,KING ST,201400176,30/08/2014,Sat,45,EC,MN1,101A 112A 341A 602A ,X,R,D,DO,FF, ,N,N,50,1,0,0,,,1863934,5545257
Tararua District,GUY ST,, ,I,COLE ST,201433632,15/03/2014,Sat,2245,HA,CS1C,112B 321B 402B 801 ,,R,W,DO,L ,X,S,C,50,0,0,0,,,1864228,5545512
Tararua District,GUY ST,40,S, ,JAMES ST,201416549,28/09/2014,Sun,1700,QB,CS1,103A 105A 522A ,,R,D,OF,F , ,N,L,50,0,0,1,,,1864324,5545787
Tararua District,HERBERT ST,, ,I,ALFREDTON ST,201400129,31/05/2014,Sat,2225,DA,CW2,101A 131A 357A ,P,S,D,DO,F ,T,N,C,50,1,0,0,,,1828763,5496829
Tararua District,HUXLEY ST,, ,I,PRINCESS ST,201443618,08/09/2014,Mon,2145,DB,CE2,101A 111A 514A ,V,R,D,DO,F ,X,G,C,50,0,0,0,,,1841198,5517822
Tararua District,KOPIKOPIKO ROAD,1000,S, ,NIKAU ROAD,201417918,07/12/2014,Sun,700,DA,MS1,131A ,ET,M,D,TN,F , , ,N,100,0,1,0,,,1828896,5512096
Tararua District,LAWS ROAD,1000,N, ,RIFLE RANGE ROAD,201446287,24/10/2014,Fri,1651,CC,CS1,130A 410A ,P,R,D,ON,F , ,N,N,100,0,0,0,,,1860654,5544803
Tararua District,MAKIRIKIRI ROAD,1000,E, ,SH 2,201418763,04/12/2014,Thu,2245,DB,VW1,131A ,EFG,M,W,DN,L , , ,L,100,0,0,1,,,1863292,5542664
Tararua District,MAKOMAKO ROAD,1000,N, ,EISINGS ROAD,201448930,06/12/2014,Sat,2230,EC,4N1C,912,W,R,D,DN,F , , ,C,100,0,0,0,,,1832154,5519925
Tararua District,MAKOMAKO ROAD,50,W, ,INGLIS ROAD,201442437,08/08/2014,Fri,1449,DB,CS1,135A 803 905 ,F,E,I,ON,SS, ,N,C,100,0,0,0,,,1831816,5517992
Tararua District,MANGAHAO ROAD,, ,I,PENNY LANE,201412494,09/04/2014,Wed,830,MO,SN1V,204A 205A 378B 801 927 ,,R,W,O ,L ,D,N,C,50,0,0,1,,9,1840812,5518095
Tararua District,MANGAROA ROAD,1100,E, ,MANGATAINOKA VALLEY ROAD,201442088,07/08/2014,Thu,808,CB,BW1,130A 903 ,F,R,W,ON,LS, ,N,C,100,0,0,0,,,1824362,5500662
Tararua District,MAUNGA ROAD,1100,E, ,DORES STM BR,201441714,03/08/2014,Sun,1654,DA,4S1,111A 131A 191A 801 ,EZ,M,W,O ,L , , ,N,100,0,0,0,,,1870548,5546889
Tararua District,MAUNGA ROAD,9070,E, ,OTANGA ROAD,201417894,18/11/2014,Tue,1700,DB,VE1,138A 903 ,EF,M,D,O ,FS, , ,N,100,0,1,0,,,1875924,5545660
Tararua District,NIKAU ROAD,100,N, ,GARDNERS ROAD,201448428,07/11/2014,Fri,2205,EC,CS1,913,W,M,D,DN,F , ,N,C,100,0,0,0,,,1831260,5514779
Tararua District,NIKAU ROAD,1000,N, ,TUTAEKARA ROAD,201432298,05/01/2014,Sun,930,DB,CN1,131A ,C,S,W,ON,L , ,N,C,100,0,0,0,,,1829811,5513161
Tararua District,NIREAHA ROAD,2000,S, ,MANGAROA ROAD,201417817,22/11/2014,Sat,2230,DA,CN1,103A 111A 131A 801 ,P,M,W,DN,L , , ,C,100,0,0,1,,,1824266,5498634
Tararua District,NIREAHA ROAD,300,N, ,PRIESTS ROAD,201418480,06/08/2014,Wed,1900,DB,CN1,101A 131A 402A 802 ,F,M,I,DN,FF, , ,C,100,0,0,1,,,1824560,5497675
Tararua District,ORMONDVILLE TE URI ROAD,5500,S, ,MATAMAU ORMONDVILLE ROAD,201436869,28/03/2014,Fri,1400,QG,TS1,134A 818 ,F,R,D,B ,F , , ,C,100,0,0,0,,,1880805,5551161
Tararua District,PAHIATUA MANGAHAO ROAD,300,E, ,PUKEMIKU ROAD,201412452,23/04/2014,Wed,1405,DA,ME1,129A 131A 402A ,V,M,D,O ,F , , ,L,100,0,0,1,,,1839650,5518836
Tararua District,PAHIATUA MANGAHAO ROAD,150,E, ,RIDGE ROAD NORTH,201417881,10/12/2014,Wed,830,DB,CN1,131A 402A 800 901 ,EF,M,W,O ,H , , ,C,100,0,0,1,,,1838932,5519398
Tararua District,PAHIATUA MANGAHAO ROAD,700,W, ,RIDGE ROAD NORTH,201433977,08/04/2014,Tue,1910,DA,CW1,110A 131A ,CV,M,W,DN,F , ,N,C,100,0,0,0,,,1838309,5519886
Tararua District,PAHIATUA MANGAHAO ROAD,1000,E, ,SOLDIERS ROAD,201438680,23/06/2014,Mon,1930,DB,CN1,101A 111A 131A ,CTX,S,D,DN,F , , ,C,100,0,0,0,,,1838288,5520418
Tararua District,PAHIATUA TRACK,500,N, ,MAKOMAKO ROAD,201433757,08/03/2014,Sat,2200,DA,CS1,111A 131A 191A ,EF,S,D,DN,F , , ,N,100,0,0,0,,,1832443,5522024
Tararua District,PRINCESS ST,, ,I,SEDCOLE ST,201412451,25/03/2014,Tue,1455,HA,CS2C,302A 350A ,,R,D,B ,F ,X,G,C,50,0,0,2,,,1840999,5517962
Tararua District,PUKETAWA ROAD,750,E, ,WAITAWHITI ROAD,201418742,27/12/2014,Sat,1500,BA,CW14,838,,R,D,B ,F , , ,N,100,0,1,1,,,1859042,5491018
Tararua District,QUEEN ST,, ,I,ALLARDICE ST,201438686,30/06/2014,Mon,930,HA,4N2C,302A ,,R,D,O ,F ,R,G,R,50,0,0,0,,,1863789,5544752
Tararua District,QUEEN ST,, ,I,SALISBURY ST,201433727,03/04/2014,Thu,1010,JA,SW14,302B ,,R,D,B ,F ,R,G,R,50,0,0,0,,,1863647,5544650
Tararua District,RANGE ROAD,600,N, ,PRIEST ROAD,201439977,29/06/2014,Sun,1800,DA,CS1,332A 361A ,P,S,D,DN,F , ,T,C,100,0,0,0,,,1844806,5528828
Tararua District,RAWHITI ST,, ,I,HIGH QUEEN ST,201448827,11/12/2014,Thu,902,HA,CN14C,302A 375A 901 ,Q,R,W,O ,H ,R,G,R,50,0,0,0,,,1863289,5544333
Tararua District,ROUTE 52,100,W, ,HUIA ROAD,201410796,12/03/2014,Wed,734,DA,CW1,130A 410A ,FT,M,D,O ,F , ,N,N,100,0,0,1,,,1863749,5500339
Tararua District,SADDLE ROAD,2430,N, ,OXFORD ROAD,201412391,26/03/2014,Wed,1344,DA,CN1,111A 131A 402A ,C,M,D,B ,F , , ,C,100,0,0,1,,,1840445,5534245
Tararua District,SCARBOROUGH ROAD,800,N, ,BRIDGE ROAD,201436114,08/05/2014,Thu,1550,DA,CN1,131A 804 ,,S,W,O ,L , , ,C,100,0,0,0,,,1836075,5513784
Tararua District,SEPTIMUS ST,400,W, ,HIGH ST,201434433,28/03/2014,Fri,2310,MA,CW1C,357A 357B 373B ,,R,D,DN,F , , ,C,50,0,0,0,,,1827543,5496284
Tararua District,SMITH ROAD,1000,N, ,LAWS ROAD,201442288,18/07/2014,Fri,1820,BF,VN1V,102A 131A ,,M,D,DN,F , , ,N,100,0,0,0,,,1860652,5547690
Tararua District,STATION ROAD,100,N, ,DONGHI ROAD,201418741,21/12/2014,Sun,302,DA,CN1,103A 131A 524A ,JK,E,W,DN,L , , ,C,100,0,0,2,,,1875355,5553765
Tararua District,THYRA ST,50,N, ,CHRISTIAN ST,201437819,30/05/2014,Fri,1655,EA,CN1C,129A ,M,R,D,DO,F , ,N,N,50,0,0,0,,,1864458,5544844
Tararua District,THYRA ST,, ,I,COLE ST,201411056,12/01/2014,Sun,10,DA,CE2,101A 111A 131A ,P,R,D,DO,F ,T,G,N,50,0,1,1,,,1864566,5545414
Tararua District,TOP GRASS ROAD,530,N, ,OTARIA ROAD,201416069,04/06/2014,Wed,1840,DA,CN1,111A 131A ,V,E,D,DN,F , ,N,C,100,0,1,0,,,1860125,5550411
Tararua District,TROUP ROAD WEST,300,S, ,BROOMFIELD ROAD,201410390,17/01/2014,Fri,1940,CC,CN1,104A 410A ,,R,W,TN,F , ,N,N,100,0,0,1,,,1841618,5529405
Tararua District,TUTAEKARA ROAD,, ,A,MANGAHAO RIV BR,201413594,09/08/2014,Sat,830,CA,4W1,130A 802 ,B,R,I,O ,FF, , ,C,100,0,0,1,,,1830024,5512298
Tararua District,TUTAEKARA ROAD,, ,I,NIKAU ROAD,201441278,01/08/2014,Fri,2010,DB,CS2,111A 131A 801 ,F,M,W,DN,L ,T,N,C,100,0,0,0,,,1829519,5512434
Tararua District,TYNDALL ST,, ,I,KING ST,201441844,23/07/2014,Wed,2050,DA,CE2,111A 131A ,P,S,D,DO,F ,X,G,C,50,0,0,0,,,1840907,5517657
Tararua District,UMUTAOROA ROAD,400,S, ,DANGEN ROAD,201438669,18/06/2014,Wed,1830,DB,CS1,133A 801 ,C,M,W,DN,L , , ,C,100,0,0,0,,,1863449,5551022
Tararua District,WEBER ROAD,80,S, ,COWPER ROAD,201431663,26/01/2014,Sun,1800,DB,4N1,131A 801 ,F,M,W,O ,L , , ,C,100,0,0,0,,,1863990,5542674
Tararua District,WEBER ROAD,30,W, ,COWPER ROAD,201434321,10/04/2014,Thu,1030,DA,CE1,131A 801 ,G,M,W,O ,L , , ,C,100,0,0,0,,,1863953,5542777
Tararua District,2/751/0.18,180,S, ,OTAWHAO ROAD,201437060,12/04/2014,Sat,400,CC,CN1,130A ,E,R,W,DN,L , , ,C,100,0,0,0,,,1877248,5562161
Tararua District,2/751/0.671,, ,I,WHENUAHOU ROAD,201412507,26/03/2014,Wed,920,GC,TN1C,387A 174B ,F,R,D,O ,F ,X,G,C,100,0,0,1,,,1877003,5561736
Tararua District,2/751/5.708,200,N, ,PEDERSEN ROAD,201450961,24/09/2014,Wed,615,CC,CN1,410A ,EF,R,D,DN,F , , ,C,100,0,0,0,,,1873585,5558589
Tararua District,2/758/1.472,100,S, ,BLAIRGOWRIE ROAD,201449276,24/12/2014,Wed,48,DA,CS1,129A 131A 402A ,,E,D,DN,F , , ,C,100,0,0,0,,,1871180,5556473
Tararua District,2/758/1.622,250,S, ,BLAIRGOWRIE ROAD,201444015,25/08/2014,Mon,1400,DA,TS1,129A 134A ,F,M,W,ON,M , ,N,C,80,0,0,0,,,1871051,5556398
Tararua District,2/758/6.665,20,S, ,PIRIMAU ROAD,201412951,24/04/2014,Thu,1229,JA,TS1C,308B 377B 402B 927 ,,R,D,O ,F ,D,N,C,100,0,0,1,,,1869141,5551906
Tararua District,2/758/8.267,, ,I,TATARAMOA ROAD,201414800,22/06/2014,Sun,634,DB,CN1,129A ,,E,W,ON,H ,Y,N,C,100,0,0,2,,,1868350,5550555
Tararua District,2/758/10.096,40,S, ,OTANGA ROAD,201417896,14/12/2014,Sun,1715,DA,VS1,410A 801 ,F,E,W,O ,L , , ,C,100,0,1,1,,,1867413,5549100
Tararua District,2/758/11.682,600,S, ,PIRIPIRI ROAD,201446190,28/09/2014,Sun,615,CC,VN1,410A 901 ,T,R,W,TN,H , , ,L,100,0,0,0,,,1866544,5547787
Tararua District,2/758/12.806,360,N, ,MANGATERA BR,201417860,28/11/2014,Fri,1525,CC,TS1,130A 504A 801 ,FV,R,W,O ,L , , ,C,100,0,0,1,,,1865804,5546946
Tararua District,2/772/0.274,400,N, ,RUAHINE ST,201432725,16/02/2014,Sun,1709,GD,4N1C,197A 331A 929 ,,M,D,B ,F ,D, ,C,100,0,0,0,,,1865230,5546754
Tararua District,2/772/0.374,300,N, ,RUAHINE ST,201411579,26/02/2014,Wed,1248,DB,CS1,129A ,ET,M,D,BN,F , ,N,L,100,0,0,1,,,1865174,5546672
Tararua District,2/772/0.574,100,N, ,RUAHINE ST,201416768,02/11/2014,Sun,600,DB,CS1,131A 410A ,TX,M,D,DN,F , , ,C,100,0,0,1,,,1865038,5546527
Tararua District,2/772/0.991,, ,I,HOSPITAL ST,201436117,03/05/2014,Sat,1014,GD,CS1C,331A ,,R,D,O ,F ,T,G,C,50,0,0,0,,,1864910,5546130
Tararua District,2/772/2.456,, ,I,CHRISTIAN ST,201438191,15/05/2014,Thu,734,HA,VW2C,302A 375A ,,R,W,OF,L ,X,G,C,50,0,0,0,,,1864509,5544738
Tararua District,2/772/2.506,50,S, ,CHRISTIAN ST,201412827,25/04/2014,Fri,1345,NB,CS1E,194A 713B 727B ,,E,D,O ,F , , ,C,50,0,0,1,7,,1864472,5544704
Tararua District,2/772/3.136,, ,I,ALLARDICE ST,201433978,08/04/2014,Tue,1145,KA,CN1C,301B 375B ,,R,W,O ,F ,X,S,C,50,0,0,0,,,1863881,5544488
Tararua District,2/772/3.186,50,W, ,ALLARDICE ST,201410389,06/01/2014,Mon,1411,NA,4E1E,711B 712B 727B ,,R,D,BF,F , ,N,L,50,0,1,0,3,,1863834,5544472
Tararua District,2/772/3.349,100,W, ,GORDON ST,201417319,03/11/2014,Mon,1104,NA,CE1EE,191A 194A 713B 726B 713C ,,R,D,B ,F , , ,C,50,0,0,2,43,,1863680,5544421
Tararua District,2/772/3.44,15,W, ,BARRAUD ST,201438772,09/04/2014,Wed,1836,MO,VE1CC,385A ,M,R,W,DO,L , ,N,C,50,0,0,0,,,1863593,5544392
Tararua District,2/772/4.519,, ,I,RAWHITI ST,201416962,24/10/2014,Fri,1500,JA,TN1C,302B 382B ,,E,W,OF,F ,T,G,P,70,0,0,1,,,1862724,5543781
Tararua District,2/772/4.875,40,N, ,MAKIRIKIRI ROAD,201400043,01/03/2014,Sat,1440,DA,CS1,101A 111A 131A ,FP,E,W,BN,F , ,N,C,70,1,0,2,,,1862643,5543435
Tararua District,2/772/6.498,900,S, ,LAWS ROAD,201413187,10/03/2014,Mon,925,DB,TE1,131A 504A ,FV,M,D,B ,F , , ,C,100,0,0,1,,,1861466,5542319
Tararua District,2/772/8.025,50,W, ,TAMAKI RIVER ROAD,201447569,06/11/2014,Thu,1603,AB,VE1C,153A ,,R,W,O ,F , , ,C,100,0,0,0,,,1860110,5541935
Tararua District,2/772/8.175,200,W, ,TAMAKI RIVER ROAD,201412830,09/05/2014,Fri,2211,EC,CN1,130A 198A ,CD,R,D,DN,F , , ,C,100,0,0,1,,,1859972,5541877
Tararua District,2/772/9.689,240,N, ,MAHARAHARA ROAD,201444929,11/08/2014,Mon,2217,DB,TN1,110A 134A ,F,E,W,DN,F , ,N,C,90,0,0,0,,,1858733,5541075
Tararua District,2/772/9.775,1800,S, ,TAMAKI RIVER ROAD,201430612,05/01/2014,Sun,1040,CB,4S1,125A 135A 901 903 ,,R,W,O ,HS, ,N,C,100,0,0,0,,,1858673,5541013
Tararua District,2/772/11.788,20,S, ,KIRITAKI ROAD,201416248,27/09/2014,Sat,1135,BF,CN1C,131A 198A 402A ,,M,D,O ,F , , ,C,100,0,0,3,,,1857618,5539309
Tararua District,2/772/12.768,1000,S, ,KIRITAKI ROAD,201444930,06/10/2014,Mon,1201,DA,VS1,110A 135A 903 ,,E,D,O ,FS, ,N,C,80,0,0,0,,,1857217,5538432
Tararua District,2/788/1.954,650,N, ,CORBY ROAD,201449385,17/12/2014,Wed,315,QG,TE1,131A 903 ,,M,D,DN,FS, , ,L,100,0,0,0,,,1852798,5536693
Tararua District,2/788/2.254,350,N, ,CORBY ROAD,201441917,17/08/2014,Sun,1600,DB,CS1,131A 404A ,FV,E,W,O ,F , , ,L,100,0,0,0,,,1852513,5536616
Tararua District,2/788/5.405,1800,E, ,BALL ROAD,201442953,28/08/2014,Thu,1300,DA,CN1,102A 130A 359A ,F,E,D,B ,F , , ,C,100,0,0,0,,,1850164,5534740
Tararua District,2/788/9.052,550,N, ,HOPELANDS ROAD,201411805,07/03/2014,Fri,1545,CB,VS1,129A 410A ,FS,R,D,BN,F , ,N,C,100,0,1,0,,,1847797,5532231
Tararua District,2/788/10.859,150,S, ,POWDRELL ROAD,201415636,11/08/2014,Mon,2030,EC,CN1,912,W,R,W,DN,LS, ,N,C,100,0,0,1,,,1846542,5530956
Tararua District,2/788/13.998,80,E, ,ROSS ST,201411806,09/03/2014,Sun,1300,CB,CW1E,102A 136A 613A ,H,R,D,BF,F , ,N,C,50,0,1,0,,,1843813,5530768
Tararua District,2/802/2.552,250,N, ,STURDEE ROAD,201441840,12/08/2014,Tue,2200,EC,VS1,801 912 ,W,R,W,DN,L , , ,C,100,0,0,0,,,1843602,5528481
Tararua District,2/802/3.422,, ,I,PRIEST ROAD,201413498,20/06/2014,Fri,1530,LB,4S1C,303B ,F,R,D,B ,F ,X,G,C,100,0,1,0,,,1844021,5527718
Tararua District,2/802/3.422,, ,I,PRIEST ROAD,201411063,27/02/2014,Thu,830,GE,CN1C,160A 333A ,,R,D,O ,F ,X,G,C,100,0,0,1,,,1844021,5527718
Tararua District,2/802/5.662,1000,S, ,TROUP ROAD EAST,201416251,05/10/2014,Sun,1130,CA,TS1,130A 631A ,,R,D,B ,F , , ,C,100,0,0,1,,,1845394,5526069
Tararua District,2/808/0.236,400,S, ,BLUFF ROAD,201417410,17/10/2014,Fri,1000,DA,CN1,131A 504A ,FP,E,D,BN,F , ,N,C,100,0,0,1,,,1845178,5525404
Tararua District,2/808/1.991,750,N, ,TAYLORS ROAD,201438190,19/05/2014,Mon,1100,CB,CS1,129A 411A ,P,R,D,BN,F , ,N,C,100,0,0,0,,,1844419,5523886
Tararua District,2/808/4.599,350,N, ,WEST ROAD,201441297,24/02/2014,Mon,1815,EA,TN1C,129A 386A ,M,R,D,B ,F , , ,C,70,0,0,0,,,1842868,5521962
Tararua District,2/808/5.936,100,N, ,SHORT ROAD,201414672,19/07/2014,Sat,815,CB,VN1,191A 197A 414A ,P,R,D,O ,F , , ,C,100,0,1,0,,,1842651,5520750
Tararua District,2/808/7.957,400,N, ,BOUNDARY ROAD,201441839,08/08/2014,Fri,1445,CC,CS1,135A 800 803 903 ,F,R,I,O ,SS, , ,C,100,0,0,0,,,1841481,5519113
Tararua District,2/808/8.712,15,N, ,EDWARD ST,201450051,27/12/2014,Sat,1038,CB,4S1,129A 130A 410A ,F,R,D,B ,F , , ,R,50,0,0,0,,,1841153,5518435
Tararua District,2/808/8.881,25,S, ,CENTRE ST,201448929,08/12/2014,Mon,630,CA,CS1,410A ,J,R,D,B ,F , , ,C,50,0,0,0,,,1841063,5518292
Tararua District,2/808/9.182,, ,I,SLIP ROAD,201449391,20/12/2014,Sat,1335,HA,CN1C,302B 375B ,,R,D,B ,F ,X,G,R,50,0,0,0,,,1840874,5518051
Tararua District,2/808/9.187,, ,I,PRINCESS ST,201439959,05/07/2014,Sat,1710,HA,4S14,302B 351B ,,R,D,TO,F ,X,G,C,50,0,0,0,,,1840900,5518033
Tararua District,2/808/9.585,100,S, ,DUKE ST,201439584,29/06/2014,Sun,1822,FD,CN1V,181A ,,R,D,DO,F , , ,C,70,0,0,0,,,1840637,5517729
Tararua District,2/808/9.817,, ,I,QUEEN ST,201446250,09/09/2014,Tue,720,DB,CS1,111A 131A ,FK,R,D,BF,F ,T,G,R,50,0,0,0,,,1840505,5517546
Tararua District,2/808/9.837,20,S, ,QUEEN ST,201450489,16/12/2014,Tue,115,EC,CS1,341A ,X,R,D,DO,F , ,N,C,70,0,0,0,,,1840494,5517529
Tararua District,2/808/12.57,200,S, ,AVERY ROAD,201447801,20/10/2014,Mon,1730,DA,CN1,131A ,F,E,D,ON,F , ,N,C,100,0,0,0,,,1838878,5515335
Tararua District,2/808/15.255,1100,N, ,BRIDGE ROAD,201400157,23/07/2014,Wed,2333,BE,CS1C,101A 410A ,,R,D,DN,F , ,N,C,100,1,2,0,,,1837309,5513245
Tararua District,2/825/5.867,50,S, ,PUKEWHAI ROAD,201418386,27/10/2014,Mon,1539,CB,CS1,129A 350A ,TV,R,W,ON,HS, ,N,C,100,0,1,0,,,1832966,5507841
Tararua District,2/825/7.144,5,N, ,BROWNS ROAD,201447573,07/11/2014,Fri,1210,EC,VN1,911,W,R,D,O ,F ,T,S,C,100,0,0,0,,,1832256,5506780
Tararua District,2/825/7.426,, ,I,HAMUA HUKANUI ROAD,201413434,26/06/2014,Thu,1700,LB,CN1S,197A 303B ,,M,W,DN,L ,T,G,C,100,0,0,1,,61,1832102,5506544
Tararua District,2/825/10.362,400,S, ,TE AWE AWE ROAD,201440721,28/07/2014,Mon,745,CC,CS1,130A 402A ,V,R,W,O ,F , , ,C,100,0,0,0,,,1830638,5504031
Tararua District,2/825/15.552,500,W, ,FAFEITA ROAD,201440723,20/06/2014,Fri,1750,EC,4N1,912,W,E,D,DN,F , , ,C,100,0,0,0,,,1829526,5499196
Tararua District,2/825/15.752,300,N, ,FAFEITA ROAD,201412828,28/04/2014,Mon,1410,BE,CS1T,130A 412A 901 ,FP,R,W,O ,H , , ,C,100,0,0,2,,,1829547,5498997
Tararua District,2/825/16.452,400,S, ,FAFEITA ROAD,201440722,29/07/2014,Tue,1255,EC,TS1,386A ,B,E,D,O ,F , , ,C,100,0,0,0,,,1829446,5498325
Tararua District,2/842/1.151,, ,I,MACARA ST,201447581,11/11/2014,Tue,1830,JA,CN1C,103B 302B ,,R,D,O ,F ,T,G,C,50,0,0,0,,,1828678,5497376
Tararua District,2/842/1.518,10,S, ,CHURCH ST,201449207,07/12/2014,Sun,1510,FC,4N1C,181A ,,R,W,O ,F ,T,G,C,50,0,0,0,,,1828606,5497039
Tararua District,2/842/8.964,400,N, ,OPAKI KAIPARORO ROAD,201447580,29/10/2014,Wed,900,QG,4N1,130A 903 ,,R,D,O ,FS, , ,C,100,0,0,0,,,1825048,5491266
Tararua District,2/842/11.124,1000,N, ,MT BRUCE ENT,201411174,29/03/2014,Sat,1640,DB,VS1,410A 615A ,V,E,D,O ,F , , ,C,100,0,0,2,,,1823390,5489971
Tararua District,2/842/11.245,600,S, ,KAIPARORO ROAD,201439942,11/06/2014,Wed,200,DA,CN1,102A 129A 410A ,EF,E,W,DN,L , ,N,C,100,0,0,0,,,1823325,5489868
Tararua District,2/842/11.845,1200,S, ,KAIPARORO ROAD,201447579,05/11/2014,Wed,1545,CB,CN1,358A ,C,R,D,O ,F , , ,C,100,0,0,0,,,1823129,5489302
Tararua District,2/842/13.124,1000,S, ,MT BRUCE ENT,201433416,22/03/2014,Sat,2030,EC,CN1,912,W,R,D,DN,F , ,N,C,100,0,0,0,,,1822387,5488329
Tararua District,2/842/14.881,2000,N, ,BRUCE ROAD,201413010,14/05/2014,Wed,1220,CC,CS1,501A ,C,R,W,ON,L , ,N,C,100,0,0,1,,,1821109,5487179
Tararua District,3/491/0.088,2820,E, ,FITZHERBERT EAST ROAD,201416094,27/09/2014,Sat,740,DB,ME1,128A 134A ,G,S,D,O ,F , ,N,C,100,0,0,1,,,1837170,5533640
Tararua District,3/491/0.267,3000,S, ,SH 57,201439116,07/06/2014,Sat,1352,DB,CN1,131A 351A ,C,M,D,O ,  , ,N,L,100,0,0,0,,,1837241,5533493
Tararua District,3/491/0.806,3900,N, ,GORGE ROAD,201412048,14/04/2014,Mon,810,DB,CW1,110A 131A ,CG,M,W,O ,F , ,N,L,100,0,0,1,,,1837615,5533151
Tararua District,3/491/1.268,4000,E, ,FITZHERBERT EAST ROAD,201412004,06/04/2014,Sun,1700,DB,CE1,110A 131A ,C,M,W,O ,L , ,N,L,80,0,0,1,,,1838070,5533186
Tararua District,3/491/1.706,3000,W, ,GORGE ROAD,201412136,17/04/2014,Thu,600,BF,VW1V,132A 197A ,,S,W,DN,H , , ,L,100,0,0,1,,,1838477,5533337
Tararua District,3/491/4.006,700,N, ,GORGE ROAD,201449386,12/12/2014,Fri,718,DA,CN1,131A 801 ,CD,E,W,O ,L , , ,L,100,0,0,0,,,1839367,5531714