TLANAME,CRASHROAD,CRASHDIST,CRASHDIRN,INTSN,SIDEROAD,CRASHID,CRASHDATE,CRASHDOW,CRASHTIME,MVMT,VEHICLES,CAUSES,OBJECTSSTRUCK,ROADCURVE,ROADWET,LIGHT,WTHRa,JUNCTYPE,TRAFCTRL,ROADMARK,SPDLIM,CRASHFATALCNT,CRASHSEVCNT,CRASHMINCNT,PERSAGE1,PERSAGE2,EASTING,NORTHING
Taupo District,ORUANUI ROAD,660,N, ,RIDGETOP WAY,201432430,03/02/2014,Mon,1008,DA,VS1,104A 129A 134A 358A 407A ,T,E,D,B ,F , , ,C,100,0,0,0,,,1864615,5726930
Taupo District,ORUANUI ROAD,130,W, ,SH 1N,201434167,09/04/2014,Wed,820,DA,CN1,131A 800 801 ,FX,M,W,O ,L , , ,C,100,0,0,0,,,1865180,5728041
Taupo District,PATAKA ROAD,20,W, ,RAHUI ROAD,201411719,14/03/2014,Fri,1520,PC,4E1E,308A 371A 929 ,,R,D,B ,F ,D,N,C,100,0,1,1,,,1868409,5712298
Taupo District,POIHIPI ROAD,400,W, ,MAPARA ROAD,201417483,28/09/2014,Sun,1945,BC,CE14,101A 129A ,,M,D,DN,F , ,N,L,100,0,2,0,,,1862832,5720905
Taupo District,POIHIPI ROAD,2000,N, ,SH 1N,201410898,21/02/2014,Fri,2149,BC,CS14,121A 129A 130A 197B ,,M,D,DN,F , , ,C,100,0,0,2,,,1866412,5716692
Taupo District,POIHIPI ROAD,2300,W, ,SH 1N,201414311,25/06/2014,Wed,1630,MC,4N1C,372B 378B 801 831 ,,E,W,DN,L , , ,C,100,0,0,1,,,1866499,5716979
Taupo District,POIHIPI ROAD,2900,E, ,SH 32,201410129,11/01/2014,Sat,1530,BA,4S1T,130A 358A 404A ,T,R,D,B ,F , , ,L,100,0,1,1,,,1847152,5732598
Taupo District,POIHIPI ROAD,4600,S, ,TIROHANGA ROAD,201433516,19/03/2014,Wed,1212,DA,CN1,131A 410A ,EX,M,D,BN,F , ,N,C,100,0,0,0,,,1855513,5727670
Taupo District,POIHIPI ROAD,1700,S, ,TUKAIRANGI ROAD,201412042,11/04/2014,Fri,1215,DA,CN1,131A 135A 806 ,PT,M,W,O ,F , ,N,C,100,0,0,1,,,1866495,5717016
Taupo District,POIHIPI ROAD,1200,N, ,WATENE LANE,201412732,20/01/2014,Mon,1650,BF,CN14,131A ,,E,W,ON,L , ,N,C,100,0,0,2,,,1866388,5716432
Taupo District,POIHIPI ROAD,1220,N, ,WATENE LANE,201415208,02/08/2014,Sat,2200,DB,CS1,103A 111A 131A ,T,M,W,DN,L , ,N,C,100,0,0,2,,,1866381,5716450
Taupo District,POIHIPI ROAD,2000,N, ,WATENE LANE,201415554,06/09/2014,Sat,1620,DA,CN1,111A 131A 901 ,C,E,W,O ,H , , ,C,100,0,0,1,,,1866438,5717196
Taupo District,PUATAATA ROAD,40,W, ,ROTA ST W,201410577,19/02/2014,Wed,1435,CC,CE1,410A ,T,R,D,OF,F , ,N,L,50,0,1,0,,,1842614,5680939
Taupo District,RAWHITI ST,50,W, ,TONGA ST,201445492,13/10/2014,Mon,1400,MD,CW14,308B 371B 671B 929 ,,R,D,O ,F ,D,N,N,50,0,0,0,,,1868158,5713919
Taupo District,REDOUBT ST,250,S, ,STORY PLACE,201450838,30/12/2014,Tue,1850,MA,CN1C,373B 377B ,,R,D,OF,F , ,N,C,50,0,0,0,,,1866723,5713568
Taupo District,RIFLE RANGE ROAD,, ,I,JOHN ST,201442102,19/08/2014,Tue,1740,JA,CW1C,145A 301B 387B ,,R,W,TO,L ,T,S,C,50,0,0,0,,,1869491,5713854
Taupo District,RIFLE RANGE ROAD,20,W, ,PIHANGA ST,201433929,01/04/2014,Tue,845,MO,CN1C,330A 386A ,,R,D,O ,F , ,N,C,50,0,0,0,,,1868526,5713336
Taupo District,RIFLE RANGE ROAD,25,S, ,ROBERTS ST,201434034,02/04/2014,Wed,1825,DA,TN1,350A 386A 927 ,P,M,D,B ,F ,D,N,C,50,0,0,0,,,1867789,5712906
Taupo District,RIFLE RANGE ROAD,, ,I,TAHAREPA ROAD,201443245,31/08/2014,Sun,1610,DA,TW1,129A 386A ,X,E,D,B ,F ,R,G,R,50,0,0,0,,,1869250,5713718
Taupo District,RIFLE RANGE ROAD,, ,I,TAMAMUTU ST,201410775,03/04/2014,Thu,1105,HA,CN1S,302A 375A ,,R,D,B ,F ,R,G,C,50,0,0,1,,24,1868326,5713219
Taupo District,RIVER ROAD,600,N, ,BROADLANDS ROAD,201416371,26/10/2014,Sun,1940,DA,4N1C,103A 111A ,M,M,D,B ,F , ,N,C,50,0,0,2,,,1886092,5722974
Taupo District,ROBERTS ST,, ,I,TITIRAUPENGA ST,201434047,17/04/2014,Thu,1350,HA,CS2C,301B 321B 402B ,,R,W,O ,F ,X,S,C,50,0,0,0,,,1867353,5713071
Taupo District,ROBERTS ST,, ,I,TITIRAUPENGA ST,201450042,12/10/2014,Sun,830,HA,CS24,301B 902 ,,R,D,O ,F ,X,S,C,50,0,0,0,,,1867353,5713071
Taupo District,ROBERTS ST W,, ,I,SERVICE LANE,201431108,12/02/2014,Wed,1150,BA,TS1V,386A ,,R,D,O ,F ,T,N,C,50,0,0,0,,,1867082,5713157
Taupo District,RUAPEHU ST,, ,I,HOROMATANGI ST,201443281,21/08/2014,Thu,1028,HA,4S1C,202B 357B 370B ,,E,D,B ,F ,X,G,R,50,0,0,0,,,1867230,5713457
Taupo District,RUAPEHU ST,60,S, ,PAORA HAPI ST,201412037,16/04/2014,Wed,1740,JO,VS1M,110A 308A 132B 926 ,,R,D,O ,F ,D,N,C,50,0,0,1,,,1867293,5713658
Taupo District,RUAPEHU ST,, ,I,PAORA HAPI ST,201440385,16/07/2014,Wed,1015,HA,CN14,301B 387B ,,R,D,O ,F ,X,S,C,50,0,0,0,,,1867311,5713716
Taupo District,RUAPEHU ST,15,S, ,TAMAMUTU ST,201410031,19/02/2014,Wed,1505,MF,VN14V,377B 445C 839 ,,R,D,B ,F ,R,G,C,50,0,0,1,,,1867255,5713539
Taupo District,RUAPEHU ST,, ,I,TAMAMUTU ST,201443225,02/09/2014,Tue,1445,HA,CE2C,302A ,,E,D,B ,F ,R,G,R,50,0,0,0,,,1867254,5713566
Taupo District,RUAPEHU ST,, ,I,TUWHARETOA ST,201418102,03/12/2014,Wed,1545,HA,CS1C,301B 375B ,,R,D,B ,F ,X,S,C,50,0,0,1,,,1867165,5713247
Taupo District,SCANNELL ST,, ,I,KAIMANAWA ST,201431135,22/02/2014,Sat,955,HA,CS2C,302B 375B ,,R,D,O ,F ,X,G,C,50,0,0,0,,,1867808,5713752
Taupo District,SERVICE LANE,20,N, ,ROBERTS ST W,201450636,25/11/2014,Tue,1300,MO,ON1C,386A 926 ,,R,D,B ,F ,D,N,N,50,0,0,0,,,1867088,5713176
Taupo District,SHEPHERD ROAD,, ,A,HYDE AVENUE,201439708,29/06/2014,Sun,439,DA,VS1,103A 111A 131A ,P,S,D,DO,FF, , ,C,50,0,0,0,,,1869642,5710608
Taupo District,SPA ROAD,, ,I,A C BATHS AVENUE,201441854,16/08/2014,Sat,1920,AO,CE1C,129A 181A ,,R,D,DO,F ,T,G,C,60,0,0,0,,,1869031,5714466
Taupo District,SPA ROAD,, ,I,GASCOIGNE ST,201443224,02/09/2014,Tue,1424,HA,4N2C,301A ,,R,D,O ,F ,X,S,P,50,0,0,0,,,1867190,5713803
Taupo District,SPA ROAD,15,W, ,PIHANGA ST,201430267,11/01/2014,Sat,1300,MF,CW14,371B ,,R,D,B ,F , , ,C,50,0,0,0,,,1868318,5714095
Taupo District,SPA ROAD,50,W, ,PIHANGA ST,201416053,06/09/2014,Sat,1515,PD,CN1E,371A 378A 727B 830 929 ,,R,W,O ,F ,D,N,P,50,0,0,1,6,,1868286,5714082
Taupo District,SPA ROAD,20,E, ,SH 1N,201436672,20/05/2014,Tue,850,MA,CE1C,373B ,,R,D,B ,F , ,N,L,50,0,0,0,,,1867102,5713781
Taupo District,SPA ROAD,, ,I,TITIRAUPENGA ST,201442079,07/08/2014,Thu,1530,BC,CN2V,129A 386A ,,R,D,OF,F ,T,G,P,50,0,0,0,,,1867602,5713909
Taupo District,STANLEY ST,, ,I,LOGAN AVENUE W,201446767,04/11/2014,Tue,1905,FA,CW1C,181A 431A 132B 431B ,,R,W,TF,F ,T,N,N,50,0,0,0,,,1866510,5708356
Taupo District,STORY PLACE,100,W, ,SH 1N,201417718,21/11/2014,Fri,1630,BE,4E1P,125A 330A 370A ,,R,D,B ,F , ,N,C,50,0,0,1,,,1866882,5713453
Taupo District,TAHAREPA ROAD,5,N, ,CROWN ROAD,201441335,02/08/2014,Sat,1400,MF,VS1C,371B 801 ,,R,W,O ,L ,T,G,C,50,0,0,0,,,1869577,5712990
Taupo District,TAHAREPA ROAD,30,N, ,CROWN ROAD,201438379,19/06/2014,Thu,1840,ME,CS1VC,370B ,,R,D,DF,F , , ,C,50,0,0,0,,,1869566,5713013
Taupo District,TAHAREPA ROAD,500,W, ,CROWN ROAD,201436674,09/05/2014,Fri,1738,DA,CS1,111A ,F,M,W,DO,F , ,N,C,50,0,0,0,,,1869370,5713440
Taupo District,TAHAREPA ROAD,, ,I,ELIZABETH ST,201437599,06/06/2014,Fri,1700,GD,CN1C,331A ,,R,D,TO,F ,T,G,L,50,0,0,0,,,1869503,5713148
Taupo District,TAHAREPA ROAD,, ,I,GILLIES AVENUE,201437594,17/06/2014,Tue,1425,JA,4N14,301B 377B ,,R,D,O ,F ,T,S,L,50,0,0,0,,,1869465,5713229
Taupo District,TAHAREPA ROAD,, ,I,RIFLE RANGE ROAD,201412007,16/04/2014,Wed,2022,HA,CS1M,302A 375A ,,E,W,DO,F ,R,G,C,50,0,0,1,,,1869245,5713712
Taupo District,TAHAREPA ROAD,, ,I,RIFLE RANGE ROAD,201440384,12/07/2014,Sat,1807,HA,CN2C,302A 330A 370A 901 ,,M,W,DO,H ,R,G,C,50,0,0,0,,,1869250,5713726
Taupo District,TAHARUA ROAD,5000,S, ,CLEMENTS MILL ROAD,201416344,16/10/2014,Thu,2020,CC,VN1,104A 112A ,,R,D,DN,F , ,N,N,100,0,1,1,,,1886026,5682825
Taupo District,TAMAMUTU ST,, ,I,RIFLE RANGE ROAD,201443979,08/09/2014,Mon,2110,HA,CS2C,302A 375A ,,R,D,DO,F ,R,G,R,50,0,0,0,,,1868326,5713219
Taupo District,TAMAMUTU ST,10,E, ,TANIWHA ST,201433926,01/04/2014,Tue,1530,MF,CE14,357B 371B ,,R,D,O ,F ,T,N,C,50,0,0,0,,,1867384,5713525
Taupo District,TAMAMUTU ST,, ,I,TITIRAUPENGA ST,201439706,18/06/2014,Wed,1610,HA,CN2C,301A 375A ,,R,D,O ,F ,X,S,C,50,0,0,0,,,1867485,5713494
Taupo District,TANIWHA ST,50,S, ,PAORA HAPI ST,201444506,09/09/2014,Tue,1325,AC,CS1C,330A 355A 372A ,,R,D,B ,F , , ,N,50,0,0,0,,,1867407,5713633
Taupo District,TANIWHA ST,20,S, ,SPA ROAD,201438874,09/06/2014,Mon,1400,MD,CN1C,371B 927 ,,R,D,OF,F ,D,N,C,50,0,0,0,,,1867474,5713858
Taupo District,TAUHARA ROAD,, ,I,A C BATHS AVENUE,201448858,09/12/2014,Tue,1020,HA,CW1C,302B 375B 402B 801 ,,R,W,O ,L ,X,G,C,50,0,0,0,,,1869069,5714114
Taupo District,TAUHARA ROAD,, ,I,A C BATHS AVENUE,201438000,11/06/2014,Wed,1005,HA,TW2C,302A ,,R,W,O ,L ,X,G,C,50,0,0,0,,,1869069,5714114
Taupo District,TAUHARA ROAD,20,E, ,SPA ROAD,201418104,22/11/2014,Sat,1020,BF,ME14,103A 131A ,,M,D,O ,F , , ,L,50,0,0,1,,,1868679,5714261
Taupo District,TAUHARA ROAD,50,E, ,SPA ROAD,201410683,21/02/2014,Fri,1933,MD,SE1C,371B 929 ,,R,D,B ,F ,D,N,N,50,0,0,1,,16,1868707,5714250
Taupo District,TAUPO VIEW ROAD,200,N, ,GILLIES AVENUE,201413110,09/04/2014,Wed,1348,EA,SN14,129A 501A ,M,R,D,O ,F , , ,C,50,0,1,0,,13,1868802,5713146
Taupo District,TAUPO VIEW ROAD,, ,I,GILLIES AVENUE,201448298,22/12/2014,Mon,1640,HA,CS1C,302A 375A ,,R,D,B ,F ,X,G,C,50,0,0,0,,,1868886,5712964
Taupo District,TAUTAHANGA ROAD,5,N, ,HINGAIA ST S,201415591,10/09/2014,Wed,1148,CB,CS1,108A 501A ,T,R,D,O ,F ,T,G,C,50,0,0,1,,,1843086,5680866
Taupo District,TAUTAHANGA ROAD,20,W, ,OHUANGA ROAD,201430279,08/01/2014,Wed,1645,JA,4E1C,308B 925 ,,R,D,B ,F ,D,N,C,50,0,0,0,,,1843564,5680997
Taupo District,TE TOKE ROAD,6600,E, ,SH 5,201416180,05/10/2014,Sun,245,CC,CN1,101A 112A 130A 402A ,T,R,D,DN,F , , ,N,100,0,1,0,,,1885506,5725291
Taupo District,TE TOKE ROAD,4800,S, ,SH 5,201417678,10/12/2014,Wed,350,DA,CS1,111A 131A ,F,S,D,DN,F , ,N,C,100,0,0,1,,,1884735,5723665
Taupo District,THE BOULEVARD,80,N, ,HUKA FALLS ROAD,201447402,09/11/2014,Sun,2322,DA,CN1,110A 133A 427A ,T,E,D,DN,F , ,N,N,50,0,0,0,,,1867646,5715380
Taupo District,TITIRAUPENGA ST,, ,I,HEUHEU ST,201432730,05/03/2014,Wed,850,HA,VS14,301A 375A 197B ,,R,D,O ,F ,X,S,C,50,0,0,0,,,1867417,5713282
Taupo District,TITIRAUPENGA ST,, ,I,ROBERTS ST,201414671,04/07/2014,Fri,1511,HA,CE2C,321A 335A ,,R,D,O ,F ,X,S,C,50,0,0,4,,,1867353,5713071
Taupo District,TITIRAUPENGA ST,, ,I,ROBERTS STREET,201412222,02/02/2014,Sun,1325,HA,CE2C,113A 301A ,,R,D,BF,F ,X,S,N,50,0,0,1,,,1867353,5713071
Taupo District,TITOKI AVENUE,100,E, ,ARROWSMITH AVENUE,201438163,19/05/2014,Mon,1903,DA,CE1,111A 131A 514A 929 ,FP,S,D,DO,F ,D,N,C,50,0,0,0,,,1869229,5710500
Taupo District,TUKAIRANGI ROAD,1730,W, ,POIHIPI ROAD,201432428,05/02/2014,Wed,2220,DB,VW1,111A 131A ,,M,D,DN,F , , ,C,100,0,0,0,,,1864375,5719072
Taupo District,TUWHARETOA ST,10,E, ,RUAPEHU ST,201441856,18/07/2014,Fri,1221,MO,CE1,427A ,HK,R,D,B ,F ,X,S,R,50,0,0,0,,,1867174,5713244
Taupo District,TUWHARETOA ST,100,W, ,RUAPEHU ST,201434245,11/03/2014,Tue,1620,MO,CW14,101A 371A ,M,R,D,B ,F , , ,C,50,0,0,0,,,1867069,5713276
Taupo District,WAIPAPA ROAD,1500,N, ,RANGINUI ROAD,201444502,18/09/2014,Thu,1100,DA,CN1,111A 131A 402A ,E,S,W,O ,L , , ,C,100,0,0,0,,,1834401,5755321
Taupo District,WAIPAPA ROAD,15,E, ,SCOTT ROAD,201430256,21/01/2014,Tue,1200,DA,CE1,111A 131A 901 ,,S,W,O ,H , , ,C,100,0,0,0,,,1839490,5751082
Taupo District,WAITAHANUI AVENUE,20,W, ,TAUPO VIEW ROAD,201433932,05/04/2014,Sat,2130,EA,CW14,129A 500A ,M,R,D,DO,F , ,N,N,50,0,0,0,,,1868704,5713310
Taupo District,WHANGAMATA ROAD,2810,N, ,KINLOCH ROAD,201412221,05/05/2014,Mon,1450,BC,TN14,121A 197B 402B ,C,E,W,ON,  , ,N,C,100,0,0,1,,,1857740,5720161
Taupo District,WHANGAMATA ROAD,400,W, ,POIHIPI ROAD,201436845,08/02/2014,Sat,2200,CC,4W1,130A ,F,R,D,DN,F , , ,C,100,0,0,0,,,1861587,5721769
Taupo District,WHANGAMATA ROAD,1000,W, ,POIHIPI ROAD,201439572,04/07/2014,Fri,600,DB,4W1,802,T,E,I,DN,FF, , ,C,100,0,0,0,,,1860989,5721724
Taupo District,WHAREWAKA ROAD,20,S, ,LOGAN AVENUE,201445486,12/10/2014,Sun,1600,MG,CS14,371B 402B ,,R,D,B ,F , , ,C,50,0,0,0,,,1866643,5708570
Taupo District,WHITE ROAD,100,S, ,BROADLANDS ROAD,201415207,05/08/2014,Tue,806,EA,LN1T,129A 341A 642A ,Q,R,D,BN,F , ,N,C,100,0,0,1,,,1884033,5720987
Taupo District,1N/664/0.718,800,S, ,SH 30,201410936,02/03/2014,Sun,450,DA,VS1,103A 131A ,V,E,D,DN,F , ,N,C,100,0,0,1,,,1863769,5746055
Taupo District,1N/664/1.086,200,E, ,TIROHANGA ROAD,201414549,13/07/2014,Sun,410,CB,CW1,412A 801 ,C,R,W,DN,L , , ,C,100,0,0,1,,,1864119,5745943
Taupo District,1N/664/2.486,1300,N, ,OHAKURI ROAD,201415879,04/09/2014,Thu,440,DB,TW1,131A 359A 407A 904 ,G,E,W,DN,M , , ,C,100,0,0,1,,,1865486,5745758
Taupo District,1N/664/13.123,300,S, ,MAROA ROAD,201443723,14/09/2014,Sun,630,DA,CN1,131A 404A 801 ,S,M,W,DN,L , , ,C,100,0,0,0,,,1866417,5736028
Taupo District,1N/664/15.496,200,S, ,TRAM ROAD,201434244,13/02/2014,Thu,2050,CC,VN1,112A 138A 337A 404A 407A 600A 812 817+,F,R,D,DN,F , , ,N,100,0,0,0,,,1865953,5733742
Taupo District,1N/664/15.496,200,S, ,TRAM ROAD,201432443,10/02/2014,Mon,30,CB,CS1,138A 817 ,EX,R,D,DN,F , ,N,N,100,0,0,0,,,1865953,5733742
Taupo District,1N/680/2.564,2000,N, ,ORUANUI ROAD,201430955,23/02/2014,Sun,1100,GD,CS1C,331A 353A 929 ,,R,D,BN,F ,D,N,C,100,0,0,0,,,1865645,5729917
Taupo District,1N/680/3.264,1300,N, ,ORUANUI ROAD,201430251,04/01/2014,Sat,930,QD,4S1T,665A ,,E,D,B ,F , , ,C,100,0,0,0,,,1865225,5729358
Taupo District,1N/680/5.764,1200,S, ,ORUANUI ROAD,201445416,29/09/2014,Mon,2025,EC,CS1,912,W,R,D,DN,F , , ,C,100,0,0,0,,,1865567,5726922
Taupo District,1N/680/7.527,1100,N, ,PALMER MILL ROAD,201413654,14/06/2014,Sat,2120,DA,VS1,131A 363A ,G,E,D,DN,F , , ,C,100,0,0,1,,,1866587,5725566
Taupo District,1N/680/9.007,380,S, ,PALMER MILL ROAD,201436673,13/05/2014,Tue,512,DA,CN1O,330A 341A ,M,M,D,DO,F , ,N,C,100,0,0,0,,,1866397,5724357
Taupo District,1N/695/0.025,, ,I,SH 5,201445418,18/09/2014,Thu,1150,DC,CN1,101A 358A 404A ,IS,R,W,O ,L ,R,G,R,100,0,0,0,,,1869865,5720460
Taupo District,SH 5,, ,I,1N/695/0.025,201431636,20/01/2014,Mon,,DA,CW1,131A 801 ,,R,W,O ,L ,R,G,R,100,0,0,0,,,1869872,5720431
Taupo District,1N/695/1.871,, ,I,KARETOTO ROAD S,201443978,08/09/2014,Mon,1505,FF,CN1C,181A ,,R,D,BF,F ,T,G,C,100,0,0,0,,,1868918,5719329
Taupo District,1N/695/2.944,, ,I,HUKA FALLS ROAD,201431105,21/02/2014,Fri,1200,GD,CN1C,181A 352A ,,R,D,B ,F ,T,G,X,100,0,0,0,,,1868610,5718313
Taupo District,HUKA FALLS ROAD,, ,I,1N/695/2.994,201447459,27/11/2014,Thu,1600,FB,CW1C,181A 330A ,,R,D,B ,F ,T,G,C,100,0,0,0,,,1868610,5718313
Taupo District,1N/695/3.944,1000,S, ,HUKA FALLS ROAD N,201431069,03/03/2014,Mon,855,CB,CN1,128A 504A ,,R,D,B ,F , ,N,C,100,0,0,0,,,1868465,5717363
Taupo District,1N/695/6.495,, ,I,HUKA FALLS ROAD S,201436393,09/05/2014,Fri,925,LB,VS1C4,303B 382B ,Q,R,D,BF,F ,T,G,R,80,0,0,0,,,1867127,5715263
Taupo District,1N/695/6.715,, ,I,POIHIPI ROAD,201444414,20/09/2014,Sat,1700,FB,CN1C,181A 331A ,,M,W,O ,L ,T,G,C,80,0,0,0,,,1867032,5715010
Taupo District,1N/695/6.765,, ,I,POIHIPI ROAD,201410182,14/01/2014,Tue,1418,LB,4S14,303B 387B ,,R,D,B ,F ,T,G,R,80,0,0,1,,,1867032,5715010
Taupo District,1N/695/7.986,, ,I,SPA ROAD,201431918,09/02/2014,Sun,1649,FB,CN1C,181A ,,R,D,BF,F ,R,G,R,50,0,0,0,,,1867083,5713776
Taupo District,1N/695/8.037,, ,I,SPA ROAD,201417623,26/10/2014,Sun,1637,DB,CS1,111A 402A 410A ,,M,D,B ,F ,R,G,R,50,0,0,1,,,1867083,5713776
Taupo District,1N/695/8.297,, ,I,HOROMATANGI ST,201435041,23/04/2014,Wed,1259,FA,VS1C,181A ,,R,D,B ,F ,T,N,C,50,0,0,0,,,1867009,5713526
Taupo District,1N/695/8.358,, ,I,HEUHEU ST,201432729,21/02/2014,Fri,1532,LB,VN1C,303B 375B ,,R,D,B ,F ,X,T,R,50,0,0,0,,,1866976,5713420
Taupo District,1N/695/8.393,15,N, ,HEUHEU ST,201445491,04/10/2014,Sat,1215,MF,CS1C,359B 371B ,,R,D,B ,F , , ,C,50,0,0,0,,,1866980,5713434
Taupo District,1N/695/8.408,, ,I,HEUHEU ST,201440546,21/01/2014,Tue,1735,FE,CS1C,181A 331A ,,R,D,O ,F ,X,T,C,50,0,0,0,,,1866976,5713420
Taupo District,RUAPEHU ST,, ,I,1N/695/8.855,201440382,17/07/2014,Thu,1940,FB,CS1T,102A 181A 331A 402A ,,E,D,DO,F ,T,G,C,50,0,0,0,,,1867111,5713076
Taupo District,1N/695/8.855,, ,I,RUAPEHU ST,201417677,24/12/2014,Wed,1019,CC,ME1,137A 194A ,,R,D,B ,F ,T,G,C,50,0,0,1,,,1867111,5713076
Taupo District,1N/695/8.855,, ,I,RUAPEHU ST,201436391,27/04/2014,Sun,310,DB,CE1,101A 111A 131A ,S,R,D,DO,F ,T,G,C,50,0,0,0,,,1867111,5713076
Taupo District,1N/695/8.955,100,S, ,RUAPEHU ST,201432442,16/02/2014,Sun,2232,CC,CS1,130A 504A ,I,R,D,DO,F , , ,R,50,0,0,0,,,1867192,5713019
Taupo District,TITIRAUPENGA ST,, ,I,LAKE TERRACE,201433917,18/03/2014,Tue,1615,FB,CS14,112A 181A ,,R,D,B ,F ,T,G,C,50,0,0,0,,,1867309,5712936
Taupo District,TITIRAUPENGA ST,, ,I,1N/695/9.098,201412267,20/05/2014,Tue,1830,LB,SE1C,204A 330A 600A ,,R,D,DO,F ,T,G,C,20,0,0,1,,26,1867309,5712936
Taupo District,1N/695/10.381,20,E, ,TAHAREPA ROAD,201413504,27/06/2014,Fri,2127,DB,4W1,111A 131A ,EPT,E,W,DO,L ,T,G,C,50,0,0,2,,,1868255,5712071
Taupo District,1N/695/10.511,200,S, ,TAHAREPA ROAD,201431637,14/01/2014,Tue,2144,EA,CN1C,129A ,M,R,D,DO,F , , ,C,50,0,0,0,,,1868336,5711911
Taupo District,1N/695/10.83,200,N, ,NAPIER ROAD,201410215,07/01/2014,Tue,945,MC,CN1C,330B 372B ,,R,D,B ,F , ,N,C,100,0,0,1,,,1868483,5711628
Taupo District,1N/706/0.615,50,S, ,TREMAINE AVENUE,201418103,24/11/2014,Mon,1325,KB,SS1C,204A 378A 308B 378B 835 927 ,,R,D,O ,F ,D, ,C,50,0,1,0,,64,1868505,5710833
Taupo District,1N/706/0.948,30,N, ,HAWAI ST,201432431,28/01/2014,Tue,1705,BE,CN14,410A ,,R,D,B ,F , , ,P,50,0,0,0,,,1868288,5710587
Taupo District,1N/706/1.207,, ,I,MATUKU ST,201412718,27/04/2014,Sun,1325,JA,CS1C,302B 375B ,,R,D,BF,F ,T,G,P,50,0,0,1,,,1868119,5710393
Taupo District,1N/706/1.616,, ,I,RICHMOND AVENUE,201433927,28/03/2014,Fri,1630,JA,CS1C,302B 377B 830 ,,R,D,B ,F ,T,G,C,70,0,0,0,,,1867968,5710025
Taupo District,1N/706/5.559,, ,I,TAWHAA ROAD,201445710,07/10/2014,Tue,1000,LB,CN1C,303B 353B ,,R,D,B ,F ,T,G,P,100,0,0,0,,,1867156,5706372
Taupo District,1N/706/6.897,1280,S, ,TAWHAA ROAD,201447635,24/11/2014,Mon,920,BF,4S1T,131A 504A ,,E,D,BN,F , ,N,C,100,0,0,0,,,1867226,5705095
Taupo District,1N/706/7.935,2100,N, ,HURAE ROAD,201430270,05/01/2014,Sun,1314,FD,4S1CC,181A ,,R,W,O ,L , , ,C,100,0,0,0,,,1867263,5704057
Taupo District,1N/706/16.731,400,S, ,HINEMAIAIA ACCESS ROAD,201415064,20/08/2014,Wed,1047,DA,4N1,131A 358A 801 ,T,E,W,O ,L , , ,C,100,0,0,1,,,1865384,5695864
Taupo District,1N/706/17.787,3500,E, ,REREAHU AVENUE,201415072,15/08/2014,Fri,500,DA,VS1,111A 131A 802 ,X,M,I,TN,FF, , ,L,100,0,1,0,,,1864886,5695007
Taupo District,1N/706/20.287,1000,E, ,REREAHU AVENUE,201442391,16/08/2014,Sat,1924,AO,4E1C,103A 381A ,,E,D,DN,F , ,N,C,100,0,0,0,,,1862512,5695222
Taupo District,1N/706/20.559,100,E, ,HINEMAIAIA BR,201417621,02/12/2014,Tue,1212,DB,CW1,410A 504A ,T,E,D,B ,F , ,N,C,100,0,0,1,,,1862263,5695116
Taupo District,1N/726/2.241,100,N, ,TE HEUHEU ROAD,201434980,18/04/2014,Fri,1035,FD,CS1C,181A ,,R,D,OF,F , ,N,C,100,0,0,0,,,1860880,5693457
Taupo District,1N/726/2.581,240,S, ,TE HEUHEU ROAD,201417740,15/11/2014,Sat,850,DB,CN1,110A 402A ,,E,W,O ,F , ,N,C,100,0,1,1,,,1860699,5693172
Taupo District,1N/726/3.171,830,S, ,TE HEUHEU ROAD,201410517,28/01/2014,Tue,1458,DA,CW1,501A ,CZ,E,D,BN,F , ,N,C,100,0,0,1,,,1860267,5692783
Taupo District,1N/726/3.741,1400,S, ,TE HEUHEU ROAD,201434166,08/04/2014,Tue,515,DB,TE1,410A ,,E,D,DN,F , , ,C,100,0,0,0,,,1859715,5692668
Taupo District,1N/726/6.301,1520,E, ,WAITAPU ROAD,201417622,28/11/2014,Fri,1845,DB,4W1,103A 131A ,DS,M,D,O ,F , ,N,C,100,0,0,1,,,1857525,5692014
Taupo District,1N/726/6.321,1500,E, ,WAITAPU ROAD,201450484,05/12/2014,Fri,333,DB,TW1,129A ,C,S,D,DN,F , ,N,C,100,0,0,0,,,1857509,5692001
Taupo District,1N/726/7.721,100,E, ,WAITAPU ROAD,201431370,08/02/2014,Sat,20,DA,TE1,131A ,,M,W,DN,F , ,N,C,100,0,0,0,,,1856375,5691609
Taupo District,1N/726/7.891,70,W, ,WAITAPU ROAD,201410012,31/01/2014,Fri,730,BF,VN1C,103A 131A ,,M,D,B ,F , , ,L,100,0,2,0,,,1856210,5691605
Taupo District,1N/726/11.191,410,E, ,RAWHIRA ROAD,201431976,25/01/2014,Sat,1645,FD,CS1V,181A ,,R,D,BN,F , ,N,C,100,0,0,0,,,1853991,5689618
Taupo District,1N/726/11.993,100,E, ,WAITETOKO ROAD,201416178,12/10/2014,Sun,1725,CC,VW1,130A 354A ,F,R,D,B ,F , , ,C,100,0,0,1,,,1853211,5689457