TLANAME,CRASHROAD,CRASHDIST,CRASHDIRN,INTSN,SIDEROAD,CRASHID,CRASHDATE,CRASHDOW,CRASHTIME,MVMT,VEHICLES,CAUSES,OBJECTSSTRUCK,ROADCURVE,ROADWET,LIGHT,WTHRa,JUNCTYPE,TRAFCTRL,ROADMARK,SPDLIM,CRASHFATALCNT,CRASHSEVCNT,CRASHMINCNT,PERSAGE1,PERSAGE2,EASTING,NORTHING
Taupo District,1N/726/13.033,100,E, ,MAC ROAD,201445706,09/08/2014,Sat,430,CC,CN1,110A 135A 802 ,S,R,I,DO,F , ,N,C,100,0,0,0,,,1852201,5689228
Taupo District,1N/726/15.887,1000,S, ,REREAHU AVENUE,201430260,04/01/2014,Sat,1300,FD,CN1CCV,181A 181B 181D 929 ,,R,D,B ,F ,D,N,C,100,0,0,0,,,1850223,5687510
Taupo District,1N/744/1,1000,S, ,PAREKARANGARANGA ST,201444504,18/09/2014,Thu,1520,DB,CS1,131A 357A ,T,E,W,O ,L , , ,L,100,0,0,0,,,1848032,5686242
Taupo District,1N/744/1.07,1070,W, ,PAREKARANGARANGA ST,201414118,20/04/2014,Sun,310,DB,40,410A ,,M,W,DN,F , ,N,L,100,0,0,4,,,1847966,5686219
Taupo District,1N/744/3.415,200,S, ,FRETHEY DRIVE,201438311,01/06/2014,Sun,2118,QG,4N1,131A 661A 687A 818 ,,S,D,DN,F , , ,L,100,0,0,0,,,1846466,5684537
Taupo District,1N/744/6.432,400,S, ,WAITAPU ROAD,201413505,12/07/2014,Sat,1421,GD,VS1C,181A 331A 930 ,,R,W,O ,L ,D,N,C,100,0,0,1,,,1845074,5681966
Taupo District,1N/744/7.707,350,S, ,GOSLING GROVE,201445711,17/10/2014,Fri,1600,DA,CS1,330A 404A ,G,M,D,O ,F , ,N,C,80,0,0,0,,,1844235,5681082
Taupo District,1N/744/8.696,, ,I,ARAHORI ST,201449977,30/12/2014,Tue,1836,HA,CS1V,301B ,,R,D,B ,F ,X,S,R,80,0,0,0,,,1843449,5680511
Taupo District,1N/744/8.696,, ,I,PIHANGA ROAD,201431978,10/02/2014,Mon,1130,JA,CE14,301B 375B ,,R,D,BF,F ,X,S,R,80,0,0,0,,,1843449,5680511
Taupo District,1N/744/8.696,, ,I,PIHANGA ROAD,201441399,11/08/2014,Mon,858,LB,VS1C,303B 386B 402B ,,R,W,O ,F ,X,S,R,80,0,0,0,,,1843449,5680511
Taupo District,1N/744/8.696,, ,I,PIHANGA ROAD,201430280,12/01/2014,Sun,1150,KB,CN2CC,301A ,,R,D,B ,F ,X,S,R,80,0,0,0,,,1843449,5680511
Taupo District,1N/744/8.696,, ,I,PIHANGA ROAD,201414119,21/03/2014,Fri,1800,LB,MS1C,303B 375B ,,R,D,BF,F ,X,S,R,80,0,0,2,,,1843449,5680511
Taupo District,1N/753/6.646,2000,S, ,OHUANGA ROAD,201413271,10/06/2014,Tue,1845,DB,CN1,110A 135A 901 ,,M,W,DN,H , ,N,N,100,0,0,2,,,1844084,5673526
Taupo District,1N/763/6.886,2300,S, ,KAIMANAWA ROAD,201450043,07/11/2014,Fri,1510,FA,CN1V,181A 387A ,,R,D,B ,F , , ,C,100,0,0,0,,,1840876,5664781
Taupo District,1N/763/10.02,2170,N, ,TREE TRUNK GORGE ROAD,201430261,03/01/2014,Fri,1725,DB,CS1,111A 131A ,EX,S,W,O ,L , , ,C,100,0,0,0,,,1839135,5662462
Taupo District,1N/763/10.39,1800,N, ,TREE TRUNK GORGE ROAD,201435949,16/04/2014,Wed,1540,DA,CS1,131A 402A 632A ,ET,S,W,ON,H , ,N,C,100,0,0,0,,,1839198,5662347
Taupo District,1N/763/11.19,1000,N, ,TREE TRUNK GORGE ROAD,201430262,03/01/2014,Fri,1300,DB,MN1,131A 191A ,,S,D,B ,F , , ,C,100,0,0,0,,,1839263,5661987
Taupo District,1N/763/12.99,800,S, ,TREE TRUNK GORGE ROAD,201437982,16/06/2014,Mon,1620,DA,VS1,131A 410A ,C,S,W,DN,H , ,N,L,100,0,0,0,,,1838943,5660270
Taupo District,1N/763/13.82,1630,S, ,TREE TRUNK GORGE ROAD,201442048,02/08/2014,Sat,1233,DA,CS1,131A ,T,M,W,ON,M , ,N,L,100,0,0,0,,,1839119,5659672
Taupo District,1N/763/13.82,1630,S, ,TREE TRUNK GORGE ROAD,201442049,02/08/2014,Sat,1233,DA,CS1,131A ,T,M,W,ON,M , ,N,C,100,0,0,0,,,1839119,5659672
Taupo District,1N/763/14.19,2000,S, ,TREE TRUNK GORGE ROAD,201439348,22/06/2014,Sun,412,DB,VW1,110A 132A 420A 810 831 ,CT,S,W,DN,MS, ,N,L,100,0,0,0,,,1838771,5659659
Taupo District,1N/763/14.19,2000,S, ,TREE TRUNK GORGE ROAD,201439284,25/06/2014,Wed,1145,DA,CS1,131A 801 901 ,C,S,W,O ,H , , ,L,100,0,0,0,,,1838771,5659659
Taupo District,1N/763/14.32,2130,S, ,TREE TRUNK GORGE ROAD,201435608,20/04/2014,Sun,1750,DA,CS1,135A 800 801 ,,M,W,DN,L , , ,C,100,0,0,0,,,1838661,5659592
Taupo District,1N/763/14.776,50,N, ,OTURERE BR,201439283,25/06/2014,Wed,1430,DB,CS1,131A 801 901 ,C,S,W,O ,H , , ,L,100,0,0,0,,,1838292,5659391
Taupo District,1N/777/0.1,100,S, ,OTURERE BR,201410380,29/01/2014,Wed,320,CB,CW1,410A ,C,R,D,DN,F , ,N,C,100,0,0,1,,,1838310,5659304
Taupo District,1N/777/0.373,3000,S, ,TREE TRUNK GORGE ROAD,201440126,13/07/2014,Sun,1700,DA,CS1,110A 132A ,C,S,W,O ,H , ,N,L,100,0,0,0,,,1838574,5659343
Taupo District,1N/777/0.75,750,S, ,OTURERE BR,201412375,16/04/2014,Wed,1635,DA,CS1,131A 402A 800 901 ,T,M,W,O ,H , , ,C,100,0,0,1,,,1838910,5659212
Taupo District,1N/777/2.908,800,N, ,WAIHOHONU SUB STN,201413344,02/06/2014,Mon,940,DB,MS1,135A 802 ,G,S,I,B ,FF, , ,C,100,0,1,0,,,1837913,5657651
Taupo District,1N/777/4.373,7000,S, ,TREE TRUNK GORGE ROAD,201441336,03/08/2014,Sun,1935,DA,CS1,135A 802 ,T,M,I,DN,F , , ,C,100,0,0,0,,,1837466,5656484
Taupo District,1N/777/6.434,500,N, ,RANGIPO INTAKE ROAD,201414833,26/07/2014,Sat,2340,DA,CN1,135A 802 ,G,M,I,DN,FF, ,N,C,100,0,0,1,,,1836075,5655132
Taupo District,1N/777/8.434,1500,S, ,RANGIPO INTAKE ROAD,201412418,10/02/2014,Mon,1340,BF,CN1C,111A 131A 135A 817 901 ,C,M,W,O ,H , , ,L,100,0,2,0,,,1835486,5653385
Taupo District,1N/777/8.434,1500,S, ,RANGIPO INTAKE ROAD,201439722,02/07/2014,Wed,1715,DB,CS1,110A 135A 402A 803 ,,M,I,DN,SF, , ,L,100,0,0,0,,,1835486,5653385
Taupo District,1N/777/10.511,1000,N, ,WAIPAKIHI ROAD,201415146,14/08/2014,Thu,820,CC,4N1,135A 802 905 ,SV,R,I,O ,S , , ,C,100,0,0,1,,,1836108,5651680
Taupo District,1N/777/12.091,580,S, ,WAIPAKIHI ROAD,201438195,18/04/2014,Fri,1330,DA,CN1,411A ,CS,E,W,ON,L , ,N,C,100,0,0,0,,,1835821,5650154
Taupo District,1N/777/15.572,350,N, ,TUKINO ACCESS,201432300,20/01/2014,Mon,830,CB,CN1,410A ,K,R,D,O ,F , , ,C,100,0,0,0,,,1836385,5647072
Taupo District,30/61/3.04,1500,N, ,RANGINUI ROAD,201433125,17/03/2014,Mon,1800,DA,CN1,131A 198A ,C,S,D,B ,F , , ,C,100,0,0,0,,,1829342,5740648
Taupo District,30/61/15.308,300,S, ,MITCHELL ROAD,201414098,16/07/2014,Wed,1807,AD,VS1V,150A 381A 404A ,,R,D,DN,F , ,N,C,100,0,2,0,,,1838484,5748202
Taupo District,30/76/2.528,450,W, ,WAIPAPA ROAD,201400235,10/11/2014,Mon,1434,BC,ME1V,111A 131A ,,M,D,B ,F , ,N,C,100,1,0,0,,,1840618,5747083
Taupo District,MCDONALD ROAD,, ,I,30/76/4.043,201442843,06/09/2014,Sat,1130,DA,4S1,111A 131A ,F,M,D,B ,F ,T,N,L,100,0,0,0,,,1841531,5746316
Taupo District,30/76/4.443,400,S, ,MCDONALD ROAD,201445150,28/09/2014,Sun,905,DA,CS1,103A 111A 129A 134A ,CFP,E,D,O ,F , , ,C,100,0,0,0,,,1841867,5746098
Taupo District,32/29/0,, ,I,SH 30,201430798,27/01/2014,Mon,1210,KB,CS1C,301B 375B ,,R,D,BF,F ,T,S,C,100,0,0,0,,,1844173,5743966
Taupo District,32/29/5,5000,S, ,SH 30,201415831,17/09/2014,Wed,1514,DA,CN1,131A ,V,M,D,O ,F , , ,C,100,0,0,1,,,1842101,5739490
Taupo District,32/45/3.556,200,S, ,WAIMANOA ROAD,201443562,15/08/2014,Fri,2000,JA,CS1C,308B 375B 929 ,,R,D,DN,F ,D,N,C,100,0,0,0,,,1842914,5727661
Taupo District,32/57/10.35,950,N, ,WAIHAHA BR,201411241,28/02/2014,Fri,1930,DA,MS1,131A 804 ,,M,D,O ,F , , ,C,100,0,1,0,,,1833862,5713874
Taupo District,32/82/10.784,3500,N, ,SH 41,201434890,03/03/2014,Mon,1330,CB,4N1,129A 410A ,E,R,D,BF,F , ,N,C,100,0,0,0,,,1832948,5696169
Taupo District,41/23/0.192,200,E, ,WAITUHI LOOKOUT,201449253,28/12/2014,Sun,800,DB,VN1,131A 191A 402A 801 ,CV,M,W,O ,L , , ,C,100,0,0,0,,,1820910,5695175
Taupo District,41/23/2.663,70,N, ,UPPER KURATAU STM BR,201415944,04/07/2014,Fri,1210,DA,CN1,131A 135A 802 ,,M,I,B ,F , , ,C,100,0,0,1,,,1822139,5693142
Taupo District,41/23/2.663,70,N, ,UPPER KURATAU STM BR,201415943,04/07/2014,Fri,1120,DA,CN1,135A 802 ,V,M,I,B ,F , , ,C,100,0,0,1,,,1822139,5693142
Taupo District,41/23/3.813,10000,W, ,SH 32,201433418,25/03/2014,Tue,1825,DA,VN1,135A 801 ,,M,W,DN,L , ,N,C,100,0,0,0,,,1823177,5692819
Taupo District,41/23/9.263,4550,W, ,SH 32,201438171,07/05/2014,Wed,851,DA,TE1,111A 131A ,ET,M,W,ON,L , ,N,C,100,0,0,0,,,1828290,5692693
Taupo District,41/23/11.183,2630,W, ,SH 32,201440124,06/07/2014,Sun,1530,DB,40,129A 134A ,T,S,W,O ,L , ,N,L,100,0,0,0,,,1829910,5692542
Taupo District,41/37/0.259,, ,A,LOWER KURATAU RIV BR,201400069,30/03/2014,Sun,1250,DB,CE1,111A 131A ,GT,E,D,BN,F , , ,L,100,1,0,1,,,1832591,5693046
Taupo District,41/37/2,2000,E, ,SH 32,201415642,15/08/2014,Fri,1040,BA,SE14,136A 330A 132B 802 ,,R,I,B ,F , ,N,L,100,0,1,0,,61,1834071,5692978
Taupo District,41/37/2.557,5500,W, ,OMORI ROAD,201442397,01/09/2014,Mon,1000,DA,CN1,111A 134A ,,S,D,O ,F , ,N,C,100,0,0,0,,,1834212,5692618
Taupo District,41/37/8.97,300,N, ,PAREROHI GROVE,201430278,05/01/2014,Sun,1050,DA,CN1,111A 131A 801 ,C,S,W,O ,L , , ,C,100,0,0,0,,,1837696,5688390
Taupo District,41/37/10.37,1100,E, ,PAREROHI GROVE,201440125,15/06/2014,Sun,2212,EC,VN1,370A 912 ,W,R,D,DN,F , ,N,C,100,0,0,0,,,1837673,5687000
Taupo District,41/37/11.625,2980,S, ,PUKAWA ROAD,201412555,17/03/2014,Mon,1600,DA,CN1,111A 131A 804 817 ,C,S,D,O ,F , , ,L,100,0,0,1,,,1837215,5685880
Taupo District,41/37/14.38,1500,W, ,TOKAANU STM BR,201437596,10/06/2014,Tue,1023,DA,CW1,131A 404A ,,M,W,O ,H , , ,C,100,0,0,0,,,1837738,5684391
Taupo District,41/37/17.268,2000,N, ,SH 47,201450150,02/12/2014,Tue,130,CB,4N1,130A 412A ,V,R,D,DN,F , , ,C,100,0,0,0,,,1839814,5683182
Taupo District,41/37/19.268,, ,I,SH 47,201417558,15/11/2014,Sat,1400,JA,CW1C,302B 404B ,,R,D,BN,F ,T,G,C,100,0,0,1,,,1840784,5681564
Taupo District,46/0/1,1000,W, ,SH 1N,201431977,03/02/2014,Mon,829,CB,CW1,130A ,G,R,D,BF,F , ,N,C,100,0,0,0,,,1842197,5670450
Taupo District,47/29/4,4000,N, ,OTUKOU ROAD,201411846,27/03/2014,Thu,1730,BB,VE14,129A 404A ,,R,D,BN,F , ,N,C,100,0,2,1,,,1831913,5678360
Taupo District,47/29/11.065,6000,W, ,SH 41,201414453,04/07/2014,Fri,1120,DA,CW1,135A 802 ,,E,I,BN,FF, ,N,C,100,0,0,1,,,1837495,5678858
Taupo District,47/29/12.065,5000,W, ,SH 41,201440400,19/07/2014,Sat,845,DB,CS1,135A 802 905 ,T,M,I,B ,SS, ,N,C,100,0,0,0,,,1838009,5679625
Taupo District,47/29/14.065,3000,W, ,SH 41,201445712,13/07/2014,Sun,1800,AF,CN1CV,150A 129B 197B ,,R,W,TN,L , ,N,C,100,0,0,0,,,1839420,5680433
Taupo District,47/29/15.375,1690,W, ,SH 41,201415367,19/08/2014,Tue,340,DA,TS1,103A 410A ,C,M,D,DN,F , ,N,N,100,0,0,1,,,1840170,5680600
Taupo District,5/99/0.661,850,S, ,TUTUKAU ROAD,201418101,09/12/2014,Tue,1722,CC,CS1,358A 410A ,F,R,D,O ,F , , ,C,100,0,3,1,,,1887176,5734546
Taupo District,5/99/2.674,500,N, ,PALMER MILL ROAD,201447746,17/11/2014,Mon,1600,DB,CN1,111A 131A 801 ,V,M,W,O ,H , , ,C,100,0,0,0,,,1887245,5732641
Taupo District,5/99/2.754,420,N, ,PALMER MILL ROAD,201446763,05/11/2014,Wed,1850,DB,CW1,103A 517A ,T,M,W,TN,F , ,N,C,100,0,0,0,,,1887214,5732567
Taupo District,5/111/0.8,800,W, ,TE TOKE ROAD,201417679,30/12/2014,Tue,1118,BB,CW1V,123A 404A ,,E,D,B ,F , ,N,C,100,0,2,5,,,1880302,5725747
Taupo District,5/111/7.102,2150,E, ,PALMER MILL ROAD,201441855,11/08/2014,Mon,845,DA,4S1,410A ,C,M,D,O ,F , , ,C,100,0,0,0,,,1874725,5723823
Taupo District,5/111/8.102,1150,E, ,PALMER MILL ROAD,201432429,08/02/2014,Sat,1221,DB,40,131A 800 801 ,C,E,W,O ,L , , ,C,100,0,0,0,,,1873806,5723507
Taupo District,5/111/11.438,100,N, ,ARATIATIA ROAD,201416181,03/10/2014,Fri,2330,DA,CS1,111A 131A 410A 801 ,C,M,W,DO,L , , ,C,100,0,0,1,,,1871712,5721785
Taupo District,5/111/13.106,, ,I,KAURI DRIVE,201447460,29/11/2014,Sat,1735,JA,4E1C,301B 375B ,,E,D,B ,F ,T,S,C,100,0,0,0,,,1870430,5720731
Taupo District,5/135/0.1,100,E, ,PARALLEL ACCESS,201447401,08/11/2014,Sat,2336,CB,CE1,129A 134A ,CG,R,D,DO,F , ,N,C,80,0,0,0,,,1868611,5711406
Taupo District,5/135/0.775,, ,I,ARROWSMITH AVENUE,201415197,01/09/2014,Mon,1725,LB,4W1C,303B 375B ,,R,W,TO,L ,X,S,R,80,0,0,5,,,1869261,5711486
Taupo District,5/135/1.78,1780,E, ,SH 1N,201410537,14/01/2014,Tue,1600,GE,4E1C,387A 926 ,,R,D,BN,F ,D,N,C,100,0,0,1,,,1870185,5711336
Taupo District,EASTERN TAUPO ARTERIAL,, ,I,5/135/2.254,201438382,12/06/2014,Thu,2355,DA,CS1,330A 901 ,IP,M,W,DO,H ,R,G,R,100,0,0,0,,,1870630,5711427
Taupo District,5/135/3.453,1650,W, ,MOUNTAIN ROAD,201410180,26/01/2014,Sun,1234,CB,CW1,130A 412A ,F,R,W,O ,L , , ,C,100,0,0,1,,,1871691,5710903
Taupo District,5/135/5.603,500,E, ,MOUNTAIN ROAD,201410127,05/01/2014,Sun,1155,CB,CW1,130A 501A ,T,R,W,O ,L , , ,C,100,0,0,2,,,1873745,5710331
Taupo District,5/135/5.769,4000,E, ,CROWN ROAD,201437587,03/06/2014,Tue,1850,BF,CE1C,129A 130A ,,E,D,DN,F , , ,C,100,0,0,0,,,1873907,5710297
Taupo District,5/135/11.604,5750,E, ,CAROLINE DRIVE,201416179,07/09/2014,Sun,1345,CB,CN1,130A 412A ,C,R,D,O ,F , , ,C,100,0,0,2,,,1878066,5706410
Taupo District,5/150/0.846,210,N, ,MOTUKINO ROAD,201412386,28/03/2014,Fri,1650,CC,TN1,130A ,X,R,D,B ,F , , ,C,100,0,1,1,,,1880075,5703428
Taupo District,5/150/8.374,2200,S, ,CAROLINE DRIVE,201446765,05/11/2014,Wed,500,CB,TS1,130A 410A ,T,R,D,DN,F , ,N,C,90,0,0,0,,,1884001,5697093
Taupo District,5/150/12.574,2000,E, ,TAHARUA ROAD,201410271,16/02/2014,Sun,1045,CC,CS1,112A 330A ,C,R,D,O ,F , ,N,N,80,0,0,1,,,1886818,5694036
Taupo District,5/150/13.874,3300,E, ,TAHARUA ROAD,201410676,09/03/2014,Sun,1524,CB,CW1,197A 407A 817 ,,R,D,O ,F , ,N,N,100,0,0,1,,,1888013,5693559
Taupo District,5/169/12.676,5100,E, ,MATEA ROAD,201415830,16/09/2014,Tue,1507,DA,CW1,131A 800 ,E,M,W,O ,F , , ,C,100,0,0,1,,,1902829,5683965
Taupo District,5/169/13.576,6000,S, ,MATEA ROAD,201439573,07/07/2014,Mon,730,DA,CE1,131A 802 ,T,M,I,O ,FF, , ,C,100,0,0,0,,,1903653,5683644
Taupo District,5/169/16.258,6200,N, ,POHOKURA ROAD,201430269,05/01/2014,Sun,1545,DA,CS1,131A 191A 801 ,K,E,W,O ,H , , ,C,100,0,0,0,,,1905270,5681728
Taupo District,5/169/17.475,1350,N, ,OKOEKE BR,201414669,20/07/2014,Sun,2055,DB,CS1,411A 801 ,KT,E,W,DN,L , , ,C,100,0,0,1,,,1905620,5680598
Taupo District,5/188/1.633,2000,N, ,POHOKURA ROAD,201439571,11/07/2014,Fri,1700,DA,4S1,111A 131A 801 ,CX,S,W,DN,L , , ,C,100,0,0,0,,,1906671,5678202
Taupo District,5/188/1.892,1200,S, ,OHINEKUKU BR,201450919,17/12/2014,Wed,2001,DA,CS1,110A 131A 407A 901 ,KT,S,W,DN,H , , ,C,100,0,0,0,,,1906755,5677965
Taupo District,5/188/2.033,1600,N, ,POHOKURA ROAD,201410414,25/01/2014,Sat,1330,DA,MN1,800,,M,D,B ,F , , ,C,100,0,0,1,,,1906706,5677837
Taupo District,5/190/0.144,1000,W, ,POHOKURA ROAD,201417670,07/12/2014,Sun,1140,DA,CN1,131A 350A ,G,E,D,B ,F , ,N,C,100,0,0,1,,,1906780,5677292
Tauranga City,ADAMS AVENUE,20,N, ,PILOT QUAY,201449229,14/12/2014,Sun,1555,MO,4N1C,371A ,M,R,D,B ,F , , ,C,30,0,0,0,,,1880256,5830106
Tauranga City,AERODROME ROAD,, ,I,AEROPARK WAY,201441648,05/08/2014,Tue,1224,GB,CN1T,158A 333A 387A 172B 179B ,,R,D,B ,F ,T,N,C,50,0,0,0,,,1882494,5826124
Tauranga City,ANZAC ROAD,, ,I,TWENTYFIRST AVENUE,201446330,21/09/2014,Sun,1726,DB,VN2,111A 131A 402A ,T,R,W,BF,F ,T,G,N,50,0,0,0,,,1877206,5821693
Tauranga City,ASTOR PLACE,100,S, ,THORNLEA DRIVE,201435516,08/05/2014,Thu,1526,QD,VW1,428A ,EFH,M,D,B ,F , , ,N,50,0,0,0,,,1881364,5819029
Tauranga City,AVIATION AVENUE,100,N, ,BOEING PLACE,201450546,25/11/2014,Tue,1038,MO,VS1C,377B 444B ,,R,D,B ,F , , ,C,50,0,0,0,,,1883000,5826039
Tauranga City,BARBERRY ST,100,N, ,BIRCH AVENUE,201434427,24/04/2014,Thu,1530,MO,TS1C,371A 927 ,M,R,D,B ,F ,D, ,N,50,0,0,0,,,1877486,5822921
Tauranga City,BEAUMARIS BOULEVARD,, ,I,GLAMIS GROVE,201417202,09/11/2014,Sun,1702,NA,CS1E,713B ,,R,D,B ,F ,T,G,C,50,0,0,1,13,,1874759,5822995
Tauranga City,BEAUMARIS BOULEVARD,20,E, ,STERLING GATE DRIVE,201414902,24/06/2014,Tue,1315,EA,SE1V,331A 350A ,Q,R,W,OF,L , ,N,C,50,0,1,0,,,1875494,5823148
Tauranga City,BELK ROAD,200,S, ,SH 29,201413613,09/06/2014,Mon,1430,DB,CS1,103A 111A 133A 801 ,V,E,W,O ,L , , ,C,100,0,0,1,,,1870927,5816583
Tauranga City,BELLEVUE ROAD,, ,I,MILLERS ROAD,201447672,25/11/2014,Tue,1514,FE,CS1C,181A ,,R,D,BF,F ,T,T,P,50,0,0,0,,,1876440,5823937
Tauranga City,BELLEVUE ROAD,, ,I,OTUMOETAI ROAD,201436498,09/05/2014,Fri,650,DA,CN1,131A 410A ,F,M,D,TO,F ,R,T,C,50,0,0,0,,,1876509,5823864
Tauranga City,BELLEVUE ROAD,40,S, ,SEYMOUR PLACE,201448738,01/12/2014,Mon,1815,FD,CN1C,181A 191B ,,R,D,B ,F , , ,C,50,0,0,0,,,1876025,5824339
Tauranga City,BELLEVUE ROAD,, ,I,SEYMOUR PLACE,201432096,25/01/2014,Sat,1855,DA,VN1,131A 402A 427A ,P,M,D,BF,F ,T,G,C,50,0,0,0,,,1875997,5824368
Tauranga City,BELLEVUE ROAD,, ,I,SEYMOUR PLACE,201434533,16/04/2014,Wed,1700,GD,VN1C,333A ,,R,D,OF,F ,T,G,C,50,0,0,0,,,1875997,5824368
Tauranga City,BELLEVUE ROAD,40,S, ,SUTHERLAND ROAD,201413416,14/06/2014,Sat,1150,GA,SN1C,112A 331A 929 ,,R,D,B ,F ,D,N,C,50,0,1,0,,39,1876725,5823635
Tauranga City,BELLEVUE ROAD,, ,I,SUTHERLAND ROAD,201444263,13/09/2014,Sat,1508,GB,CN1C,333A 387A 175B 372B 801 929 ,,R,W,O ,L ,D,G,P,50,0,0,0,,,1876712,5823673
Tauranga City,BELLEVUE ROAD,, ,I,SUTHERLAND ROAD,201412224,05/05/2014,Mon,2030,DB,MN1,110A 135A 350A 801 ,,E,W,DO,L ,T,G,C,50,0,1,0,,,1876712,5823673
Tauranga City,BETHLEHEM ROAD,5,N, ,SH 2,201449327,14/12/2014,Sun,1150,FB,4S1C,331A 387A 800 901 903 ,,R,W,O ,HS,X,G,C,50,0,0,0,,,1874349,5823429
Tauranga City,BIRCH AVENUE,290,W, ,CYPRESS ST,201443574,22/08/2014,Fri,1028,MO,CN1C,341A 514A ,M,R,D,BN,F , ,N,N,50,0,0,0,,,1876776,5822721
Tauranga City,BOTANICAL ROAD,40,S, ,EIGHTEENTH AVENUE,201447639,14/11/2014,Fri,2318,CB,CN1,112A ,F,R,D,DO,F , ,N,C,50,0,0,0,,,1877795,5821736
Tauranga City,BROOKFIELD TERRACE,, ,I,OTUMOETAI ROAD,201410318,25/01/2014,Sat,1500,CA,PE1,103A ,,R,D,BF,F ,T,G,P,50,0,1,0,,,1876516,5824630
Tauranga City,BRUCE ROAD,230,E, ,SH 2,201448303,29/12/2014,Mon,2344,FA,CE1C,103A 514A 138B 927 ,MM,M,D,DN,F ,D,N,N,50,0,0,0,,,1887622,5822375
Tauranga City,CAMBRIDGE ROAD,, ,I,CAMBRIDGE OFF WBD,201449325,16/12/2014,Tue,1645,JA,4S1CC,301B 375B ,,R,D,B ,F ,T,S,C,50,0,0,0,,,1876091,5822876
Tauranga City,CAMBRIDGE ROAD,, ,I,CAMBRIDGE OFF WBD,201437661,03/06/2014,Tue,1739,KB,CN1C,301B 377B ,,R,D,DO,F ,T,S,C,50,0,0,0,,,1876091,5822876
Tauranga City,CAMBRIDGE ROAD,, ,I,CAMBRIDGE OFF WBD,201447748,17/11/2014,Mon,1135,KB,TN1C,301B ,,R,W,O ,L ,T,S,C,50,0,0,0,,,1876091,5822876
Tauranga City,CAMBRIDGE ROAD,, ,I,CAMBRIDGE ON EBD,201441823,18/08/2014,Mon,945,DB,CS1,131A 504A ,G,E,D,B ,F ,X,G,R,50,0,0,0,,,1876146,5822952
Tauranga City,CAMBRIDGE ROAD,, ,I,MILES LANE,201447887,02/11/2014,Sun,1758,DB,CS1,136A 631A ,F,R,D,BF,F ,T,G,C,60,0,0,0,,,1873869,5820119
Tauranga City,CAMBRIDGE ROAD,5,E, ,MOFFAT ROAD,201440301,11/07/2014,Fri,1900,FB,CW1C,101A 331A 903 ,,E,W,DO, S,T,S,R,60,0,0,0,,,1874506,5821345
Tauranga City,CAMBRIDGE ROAD,, ,I,MOFFAT ROAD,201445908,23/10/2014,Thu,1705,FB,4W14,181A ,,E,D,O ,F ,T,S,R,60,0,0,0,,,1874503,5821341
Tauranga City,CAMBRIDGE ROAD,20,E, ,RICHARDS WAY,201447196,07/11/2014,Fri,1715,FA,CE1C,331A 370A 191B 357B 510B 831 ,,E,D,B ,F , , ,C,60,0,0,0,,,1874872,5821526
Tauranga City,CAMBRIDGE ROAD,1500,N, ,SH 29,201411644,19/03/2014,Wed,635,BC,TN144,129A 410A ,,E,D,OF,F , ,N,C,60,0,1,0,,,1873712,5819897
Tauranga City,CAMBRIDGE ROAD,80,S, ,SUNNY DOWNS DRIVE,201430983,21/02/2014,Fri,1529,FD,PS1C,181A ,,R,D,BF,F , ,N,L,60,0,0,0,,,1874348,5820905
Tauranga City,CAMBRIDGE ROAD,, ,I,WESTMINSTER DRIVE,201413560,02/08/2014,Sat,1337,GD,CN1C,331A 351A ,,R,D,B ,F ,T,G,C,50,0,0,1,,,1876061,5822833
Tauranga City,CAMBRIDGE ROAD,150,S, ,WESTRIDGE DRIVE,201414559,04/07/2014,Fri,1452,GE,MS1C,112A 155A 205A 333A 929 ,,R,D,B ,F ,D, ,L,100,0,1,0,,,1874181,5820576
Tauranga City,CAMERON ROAD,, ,I,ARGYLL ROAD,201440049,23/07/2014,Wed,1517,FD,4S1V,331A ,,R,D,BF,F ,T,G,C,50,0,0,0,,,1875627,5819412
Tauranga City,CAMERON ROAD,, ,I,ARUNDEL ST,201439050,20/06/2014,Fri,1446,FD,CS1CC,331A 351A ,,R,D,BF,F ,T,G,R,50,0,0,0,,,1878997,5823708
Tauranga City,CAMERON ROAD,30,N, ,CHADWICK ROAD,201445831,15/10/2014,Wed,1845,FC,CN1C,101A 181A 331A ,,R,D,B ,F , , ,X,50,0,0,0,,,1876126,5819980
Tauranga City,CAMERON ROAD,40,S, ,CHADWICK ROAD,201447750,08/11/2014,Sat,1900,MC,CS14,372B ,,R,D,B ,F , , ,C,50,0,0,0,,,1876073,5819900
Tauranga City,CAMERON ROAD,100,S, ,CHADWICK ROAD,201446697,15/11/2014,Sat,1250,FC,CN1C,331A 358A ,,R,W,O ,L , , ,C,50,0,0,0,,,1876034,5819854
Tauranga City,CAMERON ROAD,, ,I,CHADWICK ROAD,201443694,12/09/2014,Fri,1945,AC,TS1C,372A ,CX,E,W,DO,F ,R,G,R,50,0,0,0,,,1876117,5819945