TLANAME,CRASHROAD,CRASHDIST,CRASHDIRN,INTSN,SIDEROAD,CRASHID,CRASHDATE,CRASHDOW,CRASHTIME,MVMT,VEHICLES,CAUSES,OBJECTSSTRUCK,ROADCURVE,ROADWET,LIGHT,WTHRa,JUNCTYPE,TRAFCTRL,ROADMARK,SPDLIM,CRASHFATALCNT,CRASHSEVCNT,CRASHMINCNT,PERSAGE1,PERSAGE2,EASTING,NORTHING
Tauranga City,CAMERON ROAD,100,N, ,CHURCH ST,201434534,17/04/2014,Thu,1542,FD,CS1C,103A 181A ,,E,W,OF,MS, ,N,C,50,0,0,0,,,1876687,5821047
Tauranga City,CAMERON ROAD,, ,I,CORNWALL ST,201448086,27/11/2014,Thu,1040,FB,CS1C,181A ,,R,D,B ,F ,R,G,P,50,0,0,0,,,1876212,5820122
Tauranga City,CAMERON ROAD,20,N, ,EIGHTEENTH AVENUE,201430247,15/01/2014,Wed,1440,FD,CN1C,181A ,,R,D,B ,F , , ,C,50,0,0,0,,,1877658,5821929
Tauranga City,CAMERON ROAD,30,S, ,EIGHTEENTH AVENUE,201439796,03/07/2014,Thu,1536,AA,CS1L,184A 386A ,,R,W,B ,F , , ,P,50,0,0,0,,,1877621,5821895
Tauranga City,CAMERON ROAD,50,S, ,EIGHTEENTH AVENUE,201415556,04/09/2014,Thu,830,FA,CS1C,331A ,,R,D,B ,F , , ,R,50,0,1,0,,,1877606,5821882
Tauranga City,CAMERON ROAD,80,S, ,EIGHTEENTH AVENUE,201450428,29/10/2014,Wed,952,AO,CS1C,372A 102B ,,R,D,BF,F , ,N,P,50,0,0,0,,,1877583,5821862
Tauranga City,CAMERON ROAD,, ,I,EIGHTEENTH AVENUE,201436445,14/05/2014,Wed,1155,FE,CS1C,181A 387A ,,R,D,OF,F ,T,T,C,50,0,0,0,,,1877643,5821915
Tauranga City,CAMERON ROAD,, ,I,EIGHTEENTH AVENUE,201412760,09/05/2014,Fri,1330,LB,CN1C,303B ,,R,D,BN,F ,T,T,C,50,0,0,3,,,1877643,5821915
Tauranga City,CAMERON ROAD,15,S, ,ELEVENTH AVENUE,201416255,13/10/2014,Mon,1530,FD,VN1C,331A ,,R,D,B ,F , , ,C,50,0,0,1,,,1878533,5822940
Tauranga City,CAMERON ROAD,20,S, ,ELEVENTH AVENUE,201436658,15/05/2014,Thu,1100,FA,CN1C,181A 331A ,,R,D,B ,F ,T,T,C,50,0,0,0,,,1878530,5822936
Tauranga City,CAMERON ROAD,, ,I,ELEVENTH AVENUE,201410126,07/01/2014,Tue,1405,GB,SS1T,372B ,,S,D,B ,F ,X,T,R,50,0,0,1,,55,1878540,5822953
Tauranga City,CAMERON ROAD,, ,I,ELEVENTH AVENUE,201446632,04/11/2014,Tue,1500,LB,CN1C,303B ,,R,D,B ,F ,X,T,R,50,0,0,0,,,1878540,5822953
Tauranga City,CAMERON ROAD,, ,I,ELEVENTH AVENUE,201431157,22/02/2014,Sat,1056,FE,CN14,181A 334A 350A ,,R,D,B ,F ,X,T,R,50,0,0,0,,,1878540,5822953
Tauranga City,CAMERON ROAD,, ,I,ELEVENTH AVENUE,201430793,03/02/2014,Mon,1700,FE,CS1CC,181A ,,R,D,BF,F ,X,T,R,50,0,0,0,,,1878540,5822953
Tauranga City,CAMERON ROAD,15,S, ,ELIZABETH ST,201448712,01/12/2014,Mon,1735,FD,CN1C,181A 331A ,,R,D,O ,F , , ,C,50,0,0,0,,,1879120,5824192
Tauranga City,CAMERON ROAD,, ,I,ELIZABETH ST,201410489,11/02/2014,Tue,1030,FE,4N1C,109A 130A 506A ,,R,D,B ,F ,X,T,R,50,0,0,1,,,1879122,5824207
Tauranga City,CAMERON ROAD,, ,I,ELIZABETH ST,201410812,02/02/2014,Sun,1154,HA,CN1CC,309A 330A 845 ,,R,D,O ,F ,X,T,R,50,0,1,0,,,1879122,5824207
Tauranga City,CAMERON ROAD,, ,I,FIRST AVENUE,201443568,12/08/2014,Tue,1630,JC,CE2C,302A 302B ,,E,D,OF,F ,X,G,C,50,0,0,0,,,1879120,5824099
Tauranga City,CAMERON ROAD,50,N, ,FOURTEENTH AVENUE,201447747,19/11/2014,Wed,1320,FD,CN1CC,181A 181B ,,R,D,B ,F , , ,R,50,0,0,0,,,1878205,5822557
Tauranga City,CAMERON ROAD,5,E, ,KAURI ST,201435456,22/03/2014,Sat,1210,FE,CE1C,331A 358A ,,R,D,B ,F ,T,T,C,50,0,0,0,,,1876807,5821159
Tauranga City,CAMERON ROAD,, ,I,KAURI ST,201436272,18/05/2014,Sun,1047,NB,CE1,376A ,,R,D,B ,F ,X,T,R,50,0,0,0,,,1876804,5821156
Tauranga City,CAMERON ROAD,50,S, ,KENT ST,201415151,20/08/2014,Wed,1645,EA,CN1T,130A 503A ,M,R,D,O ,F , , ,C,50,0,0,1,,,1876322,5820320
Tauranga City,CAMERON ROAD,, ,I,MALEME ST,201449326,15/12/2014,Mon,1245,JA,CS1C,301B 375B ,,R,D,O ,F ,T,S,C,50,0,0,0,,,1875370,5819136
Tauranga City,CAMERON ROAD,, ,I,MUNRO ST,201449330,10/12/2014,Wed,1017,LB,CS1C,322A 334A ,,R,D,O ,F ,T,T,C,50,0,0,0,,,1876820,5821171
Tauranga City,CAMERON ROAD,15,N, ,NINETEENTH AVENUE,201447749,13/11/2014,Thu,841,FD,XS1C,181A 363A ,,R,D,B ,F , , ,C,50,0,0,0,,,1877567,5821847
Tauranga City,CAMERON ROAD,10,S, ,NINETEENTH AVENUE,201411657,10/02/2014,Mon,1445,FD,CS1C,181A ,,R,D,BF,F ,T,N,C,50,0,0,1,,,1877549,5821831
Tauranga City,CAMERON ROAD,, ,I,NINETEENTH AVENUE,201434228,14/03/2014,Fri,1658,GB,SS14,372B 381B ,,R,D,O ,F ,T,G,C,50,0,0,0,,,1877556,5821837
Tauranga City,CAMERON ROAD,, ,I,NINTH AVENUE,201450755,11/12/2014,Thu,850,HA,CS1C,302B ,,R,D,OF,F ,R,G,R,50,0,0,0,,,1878738,5823274
Tauranga City,CAMERON ROAD,, ,I,NINTH AVENUE,201445695,14/10/2014,Tue,956,DC,4S1,501A ,I,R,D,B ,F ,R,G,R,50,0,0,0,,,1878732,5823276
Tauranga City,CAMERON ROAD,20,S, ,SECOND AVENUE,201434513,18/02/2014,Tue,1545,MO,CS1C,385A ,M,R,D,BF,F , ,N,R,50,0,0,0,,,1879099,5823973
Tauranga City,CAMERON ROAD,15,N, ,SEVENTEENTH AVENUE,201416256,16/10/2014,Thu,1625,FD,CN1C,331A 350A ,,R,D,B ,F , , ,R,50,0,0,1,,,1877823,5822082
Tauranga City,CAMERON ROAD,40,N, ,SEVENTEENTH AVENUE,201445912,21/10/2014,Tue,1050,AA,CN1C,197A 372A ,,R,D,B ,F , , ,R,50,0,0,0,,,1877841,5822100
Tauranga City,CAMERON ROAD,80,N, ,SEVENTEENTH AVENUE,201433252,15/03/2014,Sat,810,FD,VN1CC,181A ,,R,W,OF,L , ,N,P,50,0,0,0,,,1877866,5822131
Tauranga City,CAMERON ROAD,50,W, ,SEVENTEENTH AVENUE,201446737,29/10/2014,Wed,1122,FA,PW1C,181A 331A ,,R,D,O ,F , ,N,C,50,0,0,0,,,1877776,5822038
Tauranga City,CAMERON ROAD,, ,I,SEVENTEENTH AVENUE,201433501,20/03/2014,Thu,805,HA,CW1O,313A ,,R,D,BF,F ,X,T,N,50,0,0,0,,,1877812,5822072
Tauranga City,CAMERON ROAD,20,N, ,SH 2A,201413558,24/07/2014,Thu,1200,FD,CN1CCC,112A 331A 181C 181 ,,R,D,B ,F , , ,R,50,0,0,3,,,1878060,5822389
Tauranga City,CAMERON ROAD,200,N, ,SHEPPARD ST,201417820,05/12/2014,Fri,1610,MC,CS1C,372B 671B ,,R,D,O ,F , , ,C,50,0,0,1,,,1876467,5820615
Tauranga City,CAMERON ROAD,, ,I,SHEPPARD ST,201443205,30/08/2014,Sat,910,JA,CS1C,302B ,,R,D,O ,F ,T,G,C,50,0,0,0,,,1876386,5820432
Tauranga City,CAMERON ROAD,, ,I,SIXTEENTH AVENUE,201412842,13/04/2014,Sun,1310,MC,CN1C,112A 331A 372B ,,R,D,O ,F ,X,S,P,50,0,0,1,,,1877932,5822224
Tauranga City,CAMERON ROAD,20,S, ,SIXTH AVENUE,201445830,08/10/2014,Wed,1130,AA,CN1C,330A 372A 191B 197B ,,R,D,B ,F , , ,R,50,0,0,0,,,1878866,5823515
Tauranga City,CAMERON ROAD,, ,I,SIXTH AVENUE,201447675,22/11/2014,Sat,1400,DA,TE2C,111A 131A ,M,M,D,BF,F ,X,G,R,50,0,0,0,,,1878876,5823533
Tauranga City,CAMERON ROAD,20,S, ,THIRD AVENUE,201416812,29/10/2014,Wed,1717,FD,CS1CC,102A 181A ,,R,D,B ,F , ,N,R,50,0,0,1,,,1879062,5823856
Tauranga City,CAMERON ROAD,, ,I,THIRD AVENUE,201416144,24/09/2014,Wed,812,HA,CE2P,302A 377A ,,R,D,B ,F ,X,G,R,50,0,1,0,,,1879057,5823878
Tauranga City,CAMERON ROAD,20,S, ,THIRTEENTH AVENUE,201443201,04/09/2014,Thu,1150,FD,CN1CCC,181A 181B 181C ,,R,D,B ,F , , ,R,50,0,0,0,,,1878286,5822650
Tauranga City,CAMERON ROAD,50,S, ,THIRTEENTH AVENUE,201439478,27/05/2014,Tue,1055,FD,CN1V,181A 353A ,,R,D,B ,F , ,N,R,50,0,0,0,,,1878266,5822628
Tauranga City,CAMERON ROAD,50,W, ,THIRTEENTH AVENUE,201430323,13/01/2014,Mon,1130,FD,CE1VC,331A 350A ,,R,D,B ,F , ,N,R,50,0,0,0,,,1878266,5822628
Tauranga City,CAMERON ROAD,, ,I,THIRTEENTH AVENUE,201437565,11/06/2014,Wed,1900,HA,CN1CV,322A ,,R,W,DO,H ,X,T,C,50,0,0,0,,,1878299,5822666
Tauranga City,CAMERON ROAD,, ,I,THIRTEENTH AVENUE,201431041,17/02/2014,Mon,1335,FE,CS1M,181A 330A ,,R,D,O ,F ,X,T,C,50,0,0,0,,,1878299,5822666
Tauranga City,CAMERON ROAD,50,N, ,TWELFTH AVENUE,201415464,06/09/2014,Sat,1106,FD,CN1CCC,181A 191A 181B 181C ,,R,D,B ,F , , ,R,50,0,0,1,,,1878455,5822841
Tauranga City,CAMERON ROAD,50,E, ,TWENTIETH AVENUE,201432684,03/04/2014,Thu,1310,FD,CE1CC,181A 330A ,,R,W,O ,F , ,N,C,50,0,0,0,,,1877498,5821784
Tauranga City,CAMERON ROAD,30,N, ,TWENTIETH AVENUE,201414801,04/07/2014,Fri,1559,FD,CS1CC,181A ,,R,D,BF,F , ,N,P,50,0,0,1,,,1877483,5821770
Tauranga City,CAMERON ROAD,15,S, ,TWENTIETH AVENUE,201440069,18/06/2014,Wed,1504,JA,CN1C,308B 382B 929 ,,R,D,OF,F ,D,N,C,50,0,0,0,,,1877450,5821740
Tauranga City,CAMERON ROAD,20,S, ,TWENTIETH AVENUE,201444196,14/09/2014,Sun,1155,FD,CS1C,331A 358A ,,R,D,OF,F , ,N,P,50,0,0,0,,,1877446,5821736
Tauranga City,CAMERON ROAD,15,N, ,TWENTYFIRST AVENUE,201433658,27/03/2014,Thu,1715,FD,TS1CC,181A 331A 352A ,,R,D,B ,F , , ,C,50,0,0,0,,,1877305,5821607
Tauranga City,CAMERON ROAD,, ,I,TWENTYFIRST AVENUE,201442342,22/08/2014,Fri,1246,FB,CW1V,331A 350A ,,R,D,B ,F ,T,N,P,50,0,0,0,,,1877293,5821597
Tauranga City,CAMERON ROAD,, ,I,TWENTYSECOND AVENUE,201436510,21/05/2014,Wed,2235,HA,CW2C,322B 334B ,,R,D,DO,F ,X,T,C,50,0,0,0,,,1877050,5821378
Tauranga City,CAMERON ROAD,150,N, ,TWENTYTHIRD AVENUE,201418422,08/11/2014,Sat,1216,LB,SS1CS,314B 377B 930 ,,R,D,B ,F ,D, ,C,50,0,0,2,,54,1877141,5821460
Tauranga City,CAMERON ROAD,, ,I,TWENTYTHIRD AVENUE,201430409,31/01/2014,Fri,831,FA,CE1C,501A ,,R,D,B ,F ,X,T,C,50,0,0,0,,,1877030,5821360
Tauranga City,CAMPBELL ROAD,130,W, ,TWEED ST,201440264,12/05/2014,Mon,830,EA,CN1C,129A ,M,R,D,DO,F , , ,N,50,0,0,0,,,1882246,5827871
Tauranga City,CARMICHAEL ROAD,500,N, ,BETHLEHEM ROAD,201441668,13/08/2014,Wed,900,JA,CS1C,112A 308B 370B 927 ,,R,D,B ,F ,D,N,C,50,0,0,0,,,1874456,5824432
Tauranga City,CHADWICK ROAD,40,E, ,CAMERON ROAD,201413318,26/05/2014,Mon,1235,MF,MW1C,158A 333A ,,R,D,B ,F , , ,P,50,0,0,1,,,1876147,5819911
Tauranga City,CHADWICK ROAD,, ,I,MANSELS ROAD,201446346,07/10/2014,Tue,1900,GD,CW1C,181A 333A ,,R,D,OF,F ,X,G,C,50,0,0,0,,,1876466,5819675
Tauranga City,CHADWICK ROAD,, ,I,MANSELS ROAD,201430557,02/02/2014,Sun,1320,KA,CW1C,302B 387B ,,R,D,B ,F ,X,G,C,50,0,0,0,,,1876466,5819675
Tauranga City,CHAPEL ST,, ,I,BROWN ST,201440008,10/07/2014,Thu,1144,JA,CW1V,302B 375B ,,M,D,OF,F ,T,G,R,50,0,0,0,,,1879314,5825170
Tauranga City,CHAPEL ST,, ,I,BROWN ST,201418214,16/12/2014,Tue,2145,JA,MS1C,302B ,,M,D,DO,F ,T,G,R,50,0,1,0,,,1879314,5825170
Tauranga City,CHAPEL ST,, ,I,BROWN ST,201434240,15/03/2014,Sat,,DA,CS1,131A 631A 801 ,P,E,W,O ,L ,T,G,R,50,0,0,0,,,1879314,5825170
Tauranga City,CHAPEL ST,, ,I,CHAPEL ON WBD,201444585,28/09/2014,Sun,337,FE,CN1C,112A 331A 801 ,,R,W,DO,L ,M,T,L,50,0,0,0,,,1879253,5825400
Tauranga City,CHAPEL ST,30,S, ,MARSH ST,201431615,19/01/2014,Sun,1141,FD,CN1C,331A ,,R,D,B ,F , , ,C,50,0,0,0,,,1879262,5825371
Tauranga City,CHAPEL ST,100,E, ,VALE ST,201447311,18/11/2014,Tue,1720,AA,CN1V,357A 372A 357B ,,R,D,B ,F , ,N,C,50,0,0,0,,,1878601,5826089
Tauranga City,CHAPEL ST,20,N, ,VALE ST,201445966,19/10/2014,Sun,1730,AA,4S1C,372A 671A ,,R,D,B ,F , , ,C,50,0,0,0,,,1878429,5826202
Tauranga City,CHAPEL ST,, ,I,VALE ST,201437452,02/06/2014,Mon,1229,JA,CW2C,302A 375A 402B ,,R,D,B ,F ,T,G,C,50,0,0,0,,,1878508,5826125
Tauranga City,CHEYNE ROAD EAST,, ,I,OROPI ROAD,201439902,19/06/2014,Thu,900,FB,CE1C,181A ,,E,D,OF,F ,T,G,C,50,0,0,0,,,1876840,5818265
Tauranga City,CHRISTOPHER ST,, ,I,TWELFTH AVENUE,201439853,14/06/2014,Sat,1030,HA,CN2V,301B 375B 402B ,,R,D,B ,F ,X,S,C,50,0,0,0,,,1878329,5822885
Tauranga City,CHURCHILL ROAD,300,N, ,WAIHI ROAD,201435340,29/04/2014,Tue,1450,FA,CN1C,191B ,,R,W,B ,F , , ,C,50,0,0,0,,,1877621,5823459
Tauranga City,CLARKE ST,15,E, ,TWENTYFIRST AVENUE,201434535,11/04/2014,Fri,744,CB,CE1,130A 405A ,P,R,W,OF,H , ,N,R,50,0,0,0,,,1877124,5821808
Tauranga City,COAST BOULEVARD,, ,I,GRENADA ST,201442455,11/08/2014,Mon,644,HA,VW2C,302A 382A ,,R,D,BF,F ,R,G,C,50,0,0,0,,,1886508,5824066
Tauranga City,COLUMBA PLACE,, ,I,OTUMOETAI ROAD,201436819,23/05/2014,Fri,2105,DA,CS2,111A 131A 402A 901 ,FJ,R,W,DO,H ,T,S,C,50,0,0,0,,,1876973,5826723
Tauranga City,CONCORD AVENUE,100,S, ,PATERSON ST,201415936,17/09/2014,Wed,1457,EA,CN1V,501A ,M,R,W,O ,F , , ,C,50,0,0,1,,,1884352,5826034
Tauranga City,CONCORD AVENUE,, ,I,PATERSON ST,201433502,15/03/2014,Sat,2342,DB,CE1,101A 111A 131A ,P,E,W,DO,L ,T,G,C,50,0,0,0,,,1884434,5826072
Tauranga City,COOPERS ROAD,60,S, ,LEONARD PLACE,201432710,24/01/2014,Fri,1640,EA,CN1C,129A ,M,R,D,TF,F , , ,C,50,0,0,0,,,1876171,5821042
Tauranga City,COTSWOLD PLACE,, ,I,LAURA AVENUE,201442242,24/08/2014,Sun,1943,DB,CS1C,111A 131A 402A ,M,M,D,DO,F ,T,G,N,50,0,0,0,,,1878079,5817412
Tauranga City,COURTNEY ROAD,50,N, ,LANDVIEW ROAD,201411774,27/03/2014,Thu,908,GB,SN1C,372B 927 ,,S,D,B ,F ,D,N,C,50,0,1,0,,26,1877342,5820796
Tauranga City,COURTNEY ROAD,190,S, ,TWENTYSECOND AVENUE,201412143,07/05/2014,Wed,1105,BF,CN1V,131A 410A ,,E,D,O ,F , , ,C,50,0,0,1,,,1877146,5821141
Tauranga City,COURTNEY ROAD,20,W, ,TWENTYSECOND AVENUE,201435856,14/04/2014,Mon,1150,KB,CW1C,308B 375B 925 ,,M,D,OF,F ,D,N,C,50,0,0,0,,,1877118,5821266
Tauranga City,CRANE ST,, ,I,LACHLAN AVENUE,201447670,28/11/2014,Fri,1511,CC,CE1C,133A 357A ,Q,R,D,BF,F ,T,N,C,50,0,0,0,,,1884508,5825845
Tauranga City,CRESCENT ROAD,, ,I,NGATAI ROAD E,201444531,02/10/2014,Thu,1945,DB,CW2,111A 131A ,CK,M,W,DO,L ,T,S,C,50,0,0,0,,,1877921,5826461
Tauranga City,DEVONPORT ROAD,, ,I,ELEVENTH AVENUE,201416690,13/10/2014,Mon,1655,LB,CE1C,302A ,,R,D,B ,F ,R,G,C,50,0,0,1,,,1878795,5822812
Tauranga City,DEVONPORT ROAD,100,N, ,ELIZABETH ST,201437662,24/05/2014,Sat,1236,MO,CS1C,386A ,M,R,D,O ,F , , ,N,50,0,0,0,,,1879473,5824235
Tauranga City,DEVONPORT ROAD,20,S, ,ELIZABETH ST,201435517,30/04/2014,Wed,1400,MA,CN1C,373B ,,R,D,O ,F , , ,C,50,0,0,0,,,1879451,5824117
Tauranga City,DEVONPORT ROAD,100,N, ,FOURTH AVENUE,201432958,05/03/2014,Wed,1350,MA,VS1C,373B ,,R,D,B ,F , , ,C,50,0,0,0,,,1879349,5823779
Tauranga City,DEVONPORT ROAD,, ,I,FOURTH AVENUE,201440818,30/07/2014,Wed,1545,JA,CN1C,302B ,,R,W,O ,L ,T,G,C,50,0,0,0,,,1879313,5823686
Tauranga City,DEVONPORT ROAD,20,N, ,NINTH AVENUE,201443200,02/09/2014,Tue,1720,MA,VS1C,373B ,,R,W,O ,L , , ,C,50,0,0,0,,,1878995,5823155
Tauranga City,DEVONPORT ROAD,, ,I,SECOND AVENUE,201448714,29/11/2014,Sat,1522,KB,CN1C,302B 330B ,,R,D,B ,F ,X,G,C,50,0,0,0,,,1879396,5823902
Tauranga City,DEVONPORT ROAD,, ,I,THIRTEENTH AVENUE,201436985,21/05/2014,Wed,954,HA,VE2C,302B ,,R,D,B ,F ,R,G,R,50,0,0,0,,,1878517,5822481
Tauranga City,DICKSON ROAD,, ,I,DALTON DRIVE,201431166,05/03/2014,Wed,2055,GD,CE1C,181A 330A ,I,R,D,DO,F ,T,N,R,50,0,0,0,,,1891575,5821596
Tauranga City,DIVE CRESCENT,20,E, ,THE STRAND,201440527,15/07/2014,Tue,1235,JA,CW14,308B 375B 402B 926 ,,M,D,B ,F ,D, ,P,50,0,0,0,,,1879582,5824851
Tauranga City,DIVE CRESCENT,30,E, ,THE STRAND,201446783,01/11/2014,Sat,2100,EA,CE1C,386A ,M,R,D,DO,F , ,N,N,50,0,0,0,,,1879592,5824851
Tauranga City,DIVE CRESCENT,40,E, ,THE STRAND,201413665,17/06/2014,Tue,1715,JA,SS1C,308B 375B 801 926 ,,M,W,TF,L ,D, ,P,50,0,0,1,,38,1879602,5824851
Tauranga City,DOMAIN ROAD,, ,I,DONCASTER DRIVE,201414498,14/06/2014,Sat,1635,JA,CS1C,302B 377B ,,R,D,BF,F ,T,G,L,50,0,0,2,,,1889580,5821607
Tauranga City,DOMAIN ROAD,, ,I,DONCASTER DRIVE,201415517,29/08/2014,Fri,1730,JA,CS1T,302B 384B ,,R,D,O ,F ,T,G,L,50,0,0,1,,,1889580,5821607
Tauranga City,DOMAIN ROAD,80,S, ,GRAVATT ROAD,201414281,19/08/2014,Tue,830,MA,CN1C,373B 671B ,,R,D,O ,F , ,N,P,50,0,0,2,,,1889600,5822222
Tauranga City,DOMAIN ROAD,20,N, ,TATAHI COVE,201444007,19/08/2014,Tue,850,MC,CS1C,372B ,,R,D,OF,F , ,N,C,50,0,0,0,,,1889591,5821942
Tauranga City,DOMAIN ROAD,, ,I,THE GARDENS DRIVE,201414241,07/07/2014,Mon,1630,JA,CS1C,302B 375B ,,R,D,B ,F ,T,G,C,50,0,1,0,,,1889574,5821486
Tauranga City,DOMAIN ROAD,40,N, ,TOPAZ DRIVE,201449336,20/12/2014,Sat,1757,JA,CN1C,308B 375B 801 925 ,FT,R,W,O ,L ,D,S,P,50,0,0,0,,,1889608,5822436
Tauranga City,DONCASTER DRIVE,20,W, ,CARRINGTON DRIVE,201445969,19/10/2014,Sun,1645,EA,CE1C,129A 386A ,M,R,D,B ,F , , ,C,50,0,0,0,,,1890452,5821420
Tauranga City,DURHAM ST,, ,I,SPRING ST,201445271,20/10/2014,Mon,1618,LB,MN1C,303B 375B ,,R,D,BF,F ,X,S,C,50,0,0,0,,,1879311,5824473
Tauranga City,EDGECUMBE ROAD,, ,I,ELEVENTH AVENUE,201432788,17/03/2014,Mon,830,JA,CE1C,301B 375B ,,R,D,B ,F ,T,S,P,50,0,0,0,,,1878335,5823074
Tauranga City,EDGECUMBE ROAD,, ,I,TWELFTH AVENUE,201442945,25/08/2014,Mon,830,MO,CN1C,129A ,M,R,D,B ,F ,X,G,N,50,0,0,0,,,1878242,5822959
Tauranga City,EIGHTEENTH AVENUE,100,W, ,BOTANICAL ROAD,201417596,22/10/2014,Wed,1615,EE,SE1C,374B ,Q,R,D,BF,F , ,N,N,50,0,0,1,,27,1877748,5821827
Tauranga City,ELEVENTH AVENUE,20,E, ,CAMERON ROAD,201439245,26/06/2014,Thu,1125,FD,CE1V,181A ,,R,W,O ,F , , ,R,50,0,0,0,,,1878558,5822943
Tauranga City,ELEVENTH AVENUE,, ,I,CAMERON ROAD,201433500,06/03/2014,Thu,1950,FE,CW1V,181A ,,R,D,BF,F ,X,T,C,50,0,0,0,,,1878540,5822953
Tauranga City,ELEVENTH AVENUE,15,E, ,DEVONPORT ROAD,201433659,01/04/2014,Tue,1545,FD,4N1C,331A 352A ,,R,D,B ,F , , ,R,50,0,0,0,,,1878811,5822795
Tauranga City,ELEVENTH AVENUE,, ,I,DEVONPORT ROAD,201439526,26/06/2014,Thu,1145,HA,VW1C,302A ,,E,D,O ,F ,R,G,R,50,0,0,0,,,1878798,5822803
Tauranga City,ELEVENTH AVENUE,30,E, ,ELEVENTH OFF SBD,201447198,23/10/2014,Thu,1730,FD,4E1CC,181A 331A ,,E,D,B ,F , , ,C,50,0,0,0,,,1878170,5823141
Tauranga City,ELEVENTH AVENUE,, ,I,FRASER ST,201430292,23/01/2014,Thu,1548,FA,ME1C,181A ,,M,D,B ,F ,T,G,L,50,0,0,0,,,1879050,5822654
Tauranga City,ELEVENTH AVENUE,, ,I,FRASER ST,201445270,18/10/2014,Sat,1730,BF,CN2C,111A 131A 402A ,,S,W,OF,L ,T,G,C,50,0,0,0,,,1879050,5822654
Tauranga City,ELEVENTH AVENUE,25,E, ,NORRIS ST,201433657,04/04/2014,Fri,1642,FD,CS1C,181A 331A 402A ,,R,D,B ,F , , ,C,50,0,0,0,,,1878678,5822874
Tauranga City,ELEVENTH AVENUE,10,W, ,ST JOHN ST,201430984,21/02/2014,Fri,1843,FD,CW1C4,331A 352A ,,R,D,BF,F ,X,T,R,50,0,0,0,,,1878435,5823016
Tauranga City,ELEVENTH AVENUE,, ,I,ST JOHN ST,201411090,28/02/2014,Fri,1613,LB,PS1C,208A 370A 303B 314B 370B ,,R,D,B ,F ,T,S,C,50,0,0,1,,,1878443,5823011
Tauranga City,ELEVENTH AVENUE,, ,I,ST JOHN ST,201444853,28/10/2014,Tue,1702,LB,CE1C,303B 377B ,,R,D,BF,F ,T,S,P,50,0,0,0,,,1878443,5823011
Tauranga City,ELEVENTH AVENUE,, ,I,ST JOHN ST,201438057,16/06/2014,Mon,900,LB,SE1V,303B ,,R,D,O ,F ,T,S,C,50,0,0,0,,,1878443,5823011
Tauranga City,ELIZABETH ST,50,E, ,DEVONPORT ROAD,201446781,31/10/2014,Fri,615,MG,CW1C,330B 371B ,,R,D,B ,F , ,N,N,50,0,0,0,,,1879504,5824126
Tauranga City,ELIZABETH ST,5,W, ,DURHAM ST,201447312,17/11/2014,Mon,1851,DA,CS1CC,131A 404A 420A ,IM,E,W,O ,F ,R,G,R,50,0,0,0,,,1879240,5824183
Tauranga City,ELIZABETH ST,, ,I,DURHAM ST,201450752,10/12/2014,Wed,915,LB,CE1M,302A 375A ,,R,D,BF,F ,R,G,R,50,0,0,0,,,1879245,5824182
Tauranga City,ELIZABETH ST,5,E, ,GLASGOW ST,201435520,02/05/2014,Fri,1547,FD,CW1C,331A ,,R,W,B ,F ,X,G,C,50,0,0,0,,,1878930,5824246
Tauranga City,ELIZABETH ST,, ,I,SELWYN ST,201442947,27/08/2014,Wed,1434,DA,CS2,133A 200A 402A ,C,E,D,B ,F ,T,S,P,50,0,0,0,,,1879029,5824226
Tauranga City,ESMERALDA ST,150,E, ,RANGATAUA ST,201433779,04/04/2014,Fri,1515,CC,VE1,103A 112A 130A ,IS,R,D,B ,F , , ,R,50,0,0,0,,,1881768,5819921
Tauranga City,EVANS ROAD,, ,I,GLOUCESTER ROAD,201448791,09/12/2014,Tue,1220,HA,CE2C,302A ,,R,D,B ,F ,R,G,R,50,0,0,0,,,1887366,5822996
Tauranga City,EVANS ROAD,, ,I,GRAVATT ROAD,201433498,30/03/2014,Sun,130,DB,CW2,103A 131A 351A ,PS,M,D,DO,F ,R,G,R,50,0,0,0,,,1887383,5822990
Tauranga City,EVERSHAM ROAD,130,N, ,HARROW PLACE,201442982,05/09/2014,Fri,1640,GB,CS1C,181A 387A 142B 355B 929 ,,R,D,B ,F ,D, ,C,50,0,0,0,,,1884348,5825040
Tauranga City,EVERSHAM ROAD,500,S, ,LAMBETH TERRACE,201412914,25/05/2014,Sun,1504,DA,MS1,111A 191A ,,E,D,O ,F , , ,C,50,0,0,1,,,1884735,5824484
Tauranga City,EVERSHAM ROAD,, ,I,LAMBETH TERRACE,201430020,05/01/2014,Sun,1700,JA,CS1C,302B 387B ,,R,W,OF,L ,T,G,C,50,0,0,0,,,1884452,5824833
Tauranga City,EVERSHAM ROAD,100,N, ,TE MAUNGA LANE,201446774,06/11/2014,Thu,2100,FA,CS1C,181A ,,R,D,DO,F , ,N,C,50,0,0,0,,,1884712,5824502
Tauranga City,EXETER ST,50,E, ,SH 2,201450475,20/12/2014,Sat,2150,MO,4E1C,386A ,M,R,W,DO,L , ,N,C,50,0,0,0,,,1884370,5824844
Tauranga City,FIRST AVENUE,, ,I,CAMERON ROAD,201431765,02/02/2014,Sun,1530,EO,4W1C,377A 350B 374B ,M,S,D,B ,F ,X,G,C,50,0,0,0,,,1879120,5824099
Tauranga City,FIRST AVENUE,70,W, ,DEVONPORT ROAD,201450542,24/12/2014,Wed,900,ME,CW1V,330A 386A ,,R,D,O ,F , , ,C,50,0,0,0,,,1879358,5824038
Tauranga City,FOURTEENTH AVENUE,, ,I,EDGECUMBE ROAD,201415518,08/09/2014,Mon,1720,JC,4W1M,302A 377A ,,R,D,B ,F ,X,G,C,50,0,0,1,,,1877992,5822670
Tauranga City,FOURTEENTH AVENUE,50,E, ,FRASER ST,201411773,02/04/2014,Wed,1530,CA,PE1,130A 402A 810 ,,R,D,B ,F , , ,N,50,0,0,1,,,1878648,5822123