TLANAME,CRASHROAD,CRASHDIST,CRASHDIRN,INTSN,SIDEROAD,CRASHID,CRASHDATE,CRASHDOW,CRASHTIME,MVMT,VEHICLES,CAUSES,OBJECTSSTRUCK,ROADCURVE,ROADWET,LIGHT,WTHRa,JUNCTYPE,TRAFCTRL,ROADMARK,SPDLIM,CRASHFATALCNT,CRASHSEVCNT,CRASHMINCNT,PERSAGE1,PERSAGE2,EASTING,NORTHING
Tauranga City,FOURTEENTH AVENUE,100,W, ,FRASER ST,201435495,22/05/2014,Thu,1720,EA,CW1C,129A 370A ,M,R,D,TF,F , ,N,N,50,0,0,0,,,1878532,5822219
Tauranga City,FOURTH AVENUE,100,E, ,CAMERON ROAD,201415519,29/08/2014,Fri,1000,MC,CW1CCC,330B 372B ,M,R,D,B ,F , , ,C,50,0,0,2,,,1879130,5823741
Tauranga City,FOURTH AVENUE,, ,I,CAMERON ROAD,201436983,15/05/2014,Thu,736,DB,CS2C,111A 131A 402A ,M,S,W,B ,F ,T,G,C,50,0,0,0,,,1879034,5823770
Tauranga City,FOURTH AVENUE,80,W, ,DEVONPORT ROAD,201446779,31/10/2014,Fri,830,EA,CE1C,101A 129A ,M,R,D,B ,F , ,N,C,50,0,0,0,,,1879236,5823709
Tauranga City,FRASER ST,, ,I,ELEVENTH AVENUE,201432554,07/02/2014,Fri,1712,BC,CN1C,111A 122A ,,S,W,O ,L ,T,G,L,50,0,0,0,,,1879050,5822654
Tauranga City,FRASER ST,10,S, ,ESTUARY WAY,201446412,24/09/2014,Wed,1328,FD,CS1X,181A ,,R,D,BF,F ,T,G,C,50,0,0,0,,,1877785,5821216
Tauranga City,FRASER ST,50,N, ,FOURTEENTH AVENUE,201410687,24/03/2014,Mon,1530,LB,SN1C,303B 375B 930 ,,R,D,B ,F ,D,N,C,50,0,0,1,,14,1878642,5822193
Tauranga City,FRASER ST,80,S, ,FOURTEENTH AVENUE,201447673,20/11/2014,Thu,1558,FD,4S1C4,181A ,,R,D,BF,F , ,N,C,50,0,0,0,,,1878557,5822095
Tauranga City,FRASER ST,40,S, ,HAMPTON TERRACE,201439524,18/06/2014,Wed,804,NA,CS1E,713B ,,R,D,B ,F , , ,C,50,0,0,0,,,1877198,5820375
Tauranga City,FRASER ST,30,N, ,KESTEVEN AVENUE,201414282,13/08/2014,Wed,756,NA,CS1E,306A 376A ,,R,D,B ,F ,X,G,X,50,0,0,1,28,,1877257,5820528
Tauranga City,FRASER ST,50,N, ,KESTEVEN AVENUE,201434219,06/03/2014,Thu,1821,HO,CS1S,370A 210B 350B 387B ,,R,D,B ,F , , ,X,50,0,0,0,,,1877264,5820547
Tauranga City,FRASER ST,100,S, ,ROWAN ST,201415195,26/08/2014,Tue,1545,MO,SS1C,204A 210A 370A 370B 925 ,,R,D,O ,F ,D,G,X,50,0,0,1,,13,1877892,5821342
Tauranga City,FRASER ST,10,N, ,SIXTEENTH AVENUE,201434789,06/05/2014,Tue,1723,FD,CN1C,331A 351A ,,R,D,BF,F ,X,G,P,50,0,0,0,,,1878361,5821874
Tauranga City,FRASER ST,15,N, ,SIXTEENTH AVENUE,201430266,08/01/2014,Wed,910,FA,CS1V,181A 331A ,,R,D,B ,F , , ,C,50,0,0,0,,,1878364,5821878
Tauranga City,FRASER ST,80,S, ,SIXTEENTH AVENUE,201410498,26/02/2014,Wed,1730,FD,CN1CC,331A 352A ,,R,D,O ,FS, , ,C,50,0,0,1,,,1878301,5821807
Tauranga City,FRASER ST,20,N, ,THIRTEENTH AVENUE,201439052,27/06/2014,Fri,1235,CB,CS1CC,136A 668A ,M,R,D,OF,F , ,N,C,50,0,0,0,,,1878747,5822315
Tauranga City,FRASER ST,40,S, ,THIRTEENTH AVENUE,201417188,23/11/2014,Sun,1130,CB,CS1,103A 130A 402A ,T,R,D,B ,F , , ,L,50,0,0,3,,,1878708,5822270
Tauranga City,FRASER ST,70,N, ,WAIMAPU ST,201443209,02/09/2014,Tue,2213,CC,CN1,410A ,P,R,W,DO,F , , ,C,50,0,0,0,,,1876833,5819700
Tauranga City,FRASER ST,30,S, ,WAIMAPU ST,201434222,09/03/2014,Sun,1616,AA,SN1V,350A 372A 197B ,,R,D,B ,F , , ,C,50,0,0,0,,,1876778,5819617
Tauranga City,GARNET DRIVE,70,N, ,JADE WAY,201439901,11/06/2014,Wed,1730,DA,CN1C,111A 131A ,M,E,W,DO,H , ,N,C,50,0,0,0,,,1889733,5822255
Tauranga City,GIRVEN ROAD,20,W, ,GLOUCESTER ROAD,201442194,27/08/2014,Wed,1510,FD,CE1C,130A 181A 501A ,,R,D,B ,F , , ,R,50,0,0,0,,,1884428,5825286
Tauranga City,GIRVEN ROAD,, ,I,GLOUCESTER ROAD,201410096,06/02/2014,Thu,2100,EB,CN14,370A 651B 830 ,Q,R,D,DO,F ,T,T,R,50,0,0,1,,,1884446,5825295
Tauranga City,GIRVEN ROAD,, ,I,GLOUCESTER ROAD,201446257,01/09/2014,Mon,328,MC,CW1C,352B 372B ,,R,D,DO,F ,T,T,R,50,0,0,0,,,1884446,5825295
Tauranga City,GIRVEN ROAD,, ,I,GLOUCESTER ROAD,201436671,16/05/2014,Fri,2020,LB,CE1V,103A 303B 375B 925 ,,R,D,DO,F ,D,T,R,50,0,0,0,,,1884446,5825295
Tauranga City,GIRVEN ROAD,50,E, ,GRENADA ST,201432666,31/03/2014,Mon,1631,EA,CE1C,129A 354A ,M,R,D,B ,F , ,N,C,50,0,0,0,,,1884733,5825441
Tauranga City,GIRVEN ROAD,, ,I,GRENADA ST,201436508,20/05/2014,Tue,1649,FA,CN1C,181A 331A ,,R,D,B ,F ,T,S,P,50,0,0,0,,,1884688,5825419
Tauranga City,GIRVEN ROAD,100,N, ,HAWEA ST,201418397,25/11/2014,Tue,2102,MA,CN1CC,373B ,PQ,R,D,DO,F , ,N,C,50,0,0,1,,,1884981,5825562
Tauranga City,GIRVEN ROAD,20,S, ,KOROWAI ST,201415757,03/09/2014,Wed,1250,FA,CN1C,501A ,,E,D,BF,F , ,N,C,50,0,0,1,,,1884976,5825559
Tauranga City,GIRVEN ROAD,, ,I,KOROWAI ST,201440013,10/07/2014,Thu,1013,GD,CN1V,331A 352A ,,R,D,OF,F ,T,G,N,50,0,0,0,,,1884994,5825568
Tauranga City,GIRVEN ROAD,, ,I,MARLIN ST,201416253,13/10/2014,Mon,1950,LB,CE1C,303B ,,R,D,DO,F ,T,G,P,50,0,0,1,,,1884595,5825372
Tauranga City,GIRVEN ROAD,, ,I,MARLIN ST,201443695,11/09/2014,Thu,2014,LB,ME14,303B ,,R,W,DO,F ,T,G,C,50,0,0,0,,,1884595,5825372
Tauranga City,GIRVEN ROAD,50,E, ,MAUNGANUI ROAD,201442823,03/09/2014,Wed,1120,GO,CS1B,102A 150A 387A 925 ,,R,D,B ,F ,D,N,R,50,0,0,0,,,1884273,5825219
Tauranga City,GIRVEN ROAD,100,E, ,SH 2,201443207,06/09/2014,Sat,1340,KA,CE1C,308B 925 ,,R,D,O ,F ,D,N,C,50,0,0,0,,,1884319,5825237
Tauranga City,GIRVEN ROAD,50,N, ,SH 2,201437560,12/05/2014,Mon,1016,KA,TW14,308A 357B 927 ,,R,D,B ,F ,D,N,R,50,0,0,0,,,1884273,5825219
Tauranga City,GIRVEN ROAD,, ,I,SH 2,201436765,29/05/2014,Thu,941,EC,CW1,826,D,R,D,O ,F ,R,G,C,70,0,0,0,,,1884223,5825212
Tauranga City,GLOUCESTER ROAD,100,S, ,EVERSHAM ROAD N,201413895,17/05/2014,Sat,2205,NB,CN1E,105B 711B ,,R,D,DO,F , , ,C,50,0,0,1,30,,1884513,5825119
Tauranga City,GOLF ROAD,10,N, ,LODGE AVENUE,201439247,27/06/2014,Fri,2136,EA,VN1C,101A 129A 130A ,MP,R,D,DO,F ,T,S,C,50,0,0,0,,,1883149,5826692
Tauranga City,GOLF ROAD,, ,I,MAUNGANUI ROAD,201412302,07/04/2014,Mon,745,FB,CW1P,181A 331A ,,M,D,B ,F ,R,G,C,50,0,0,1,,,1882997,5826555
Tauranga City,GOLF ROAD,, ,I,MAUNGANUI ROAD,201431920,14/02/2014,Fri,1830,GB,VW1C,404A ,,R,D,OF,F ,R,G,C,50,0,0,0,,,1882994,5826551
Tauranga City,GRACE ROAD,20,N, ,SH 2A,201418027,18/11/2014,Tue,1115,PC,CE1E,371A 727B 929 ,,R,D,BN,F ,D,N,C,50,0,0,1,2,,1878712,5821843
Tauranga City,GRACE ROAD,60,S, ,SIXTEENTH AVENUE,201447640,14/11/2014,Fri,2319,CB,CN1,112A ,P,R,D,DO,F , ,N,C,50,0,0,0,,,1878531,5821641
Tauranga City,GRAVATT ROAD,, ,I,BEACHWATER DRIVE,201445535,27/09/2014,Sat,2130,DA,CE1,111A 131A 514A ,T,E,D,DO,F ,R,G,R,50,0,0,0,,,1889070,5822347
Tauranga City,GRAVATT ROAD,, ,I,DURHAM ST,201415458,06/09/2014,Sat,1525,MO,SN24,330A 927 ,,R,D,O ,F ,R,G,R,50,0,0,1,,13,1879256,5824190
Tauranga City,GRAVATT ROAD,, ,I,HARTFORD AVENUE,201415047,13/08/2014,Wed,1004,LB,CE1C,303B 351B ,,R,D,B ,F ,T,G,C,50,0,0,1,,,,
Tauranga City,GRAVATT ROAD,, ,I,PALM BEACH BOULEVARD,201434093,19/04/2014,Sat,1335,HA,4E1C,112B 357B ,S,R,W,O ,F ,R,G,C,50,0,0,0,,,1888427,5822522
Tauranga City,GREERTON ROAD,70,N, ,CHADWICK ROAD,201415613,15/07/2014,Tue,1245,PC,4W1E,371A 930 ,,R,D,B ,F ,D,N,N,50,0,0,1,92,,1876325,5819874
Tauranga City,GRENADA ST,, ,I,COAST BOULEVARD,201442258,30/08/2014,Sat,920,JA,SS1C,302B ,,E,D,O ,F ,R,G,R,50,0,0,0,,,1886516,5824064
Tauranga City,GRENADA ST,20,N, ,SEASPRAY DRIVE,201410535,01/02/2014,Sat,123,CC,CE1,103A ,FH,R,D,DO,F , ,N,C,50,0,0,1,,,1885116,5825096
Tauranga City,GRENADA ST,, ,I,SEASPRAY DRIVE,201440829,31/07/2014,Thu,2245,DC,CS2,103A 108A 112A ,P,R,D,DO,F ,T,G,N,50,0,0,0,,,1885132,5825084
Tauranga City,GREY ST,15,S, ,SPRING ST,201449323,19/12/2014,Fri,1215,MF,CN1C,371B ,,R,D,B ,F , , ,C,50,0,0,0,,,1879411,5824461
Tauranga City,GREY ST,, ,I,SPRING ST,201440803,16/07/2014,Wed,2323,DC,CN1,111A 131A ,HX,E,D,DO,F ,T,N,N,50,0,0,0,,,1879413,5824476
Tauranga City,HAIRINI ON NBD,50,N, ,TAMAHIKA ST,201436446,08/05/2014,Thu,905,DB,TN1,191A 197A ,C,M,W,OF,L , ,N,N,70,0,0,0,,,1879138,5820104
Tauranga City,HAIRINI ST,5,S, ,TAMAHIKA ST,201448713,20/11/2014,Thu,2046,DA,CN1,130A 359A ,,E,D,DO,F ,T,G,L,50,0,0,0,,,1879108,5820058
Tauranga City,HAMILTON ST,, ,I,DURHAM ST,201413672,10/06/2014,Tue,1713,HA,CN2C,302B 370B 901 903 ,S,R,W,DO,HS,X,G,C,50,0,0,1,,,1879302,5824701
Tauranga City,HAMILTON ST,50,W, ,WILLOW ST,201435102,30/04/2014,Wed,1243,MO,CE1C,330A 371A 926 ,M,R,D,B ,F ,D,N,N,50,0,0,0,,,1879394,5824704
Tauranga City,HEWLETTS ROAD,20,E, ,AERODROME ROAD,201441665,03/07/2014,Thu,1715,FA,CW1C,181A 331A 402A ,,R,W,O ,F , , ,C,70,0,0,0,,,1882561,5826436
Tauranga City,HEWLETTS ROAD,30,E, ,AERODROME ROAD,201416719,15/10/2014,Wed,1703,FD,CE1VC,181A 331A 181B ,,R,D,B ,F , , ,L,70,0,0,1,,,1882572,5826459
Tauranga City,HEWLETTS ROAD,40,E, ,AERODROME ROAD,201448093,28/11/2014,Fri,855,MO,TE1,669A 927 ,C,R,W,O ,L ,D,N,C,70,0,0,0,,,1882582,5826459
Tauranga City,HEWLETTS ROAD,, ,I,GOLF ROAD,201437660,18/05/2014,Sun,1745,LB,CE1C,302A 375A ,,M,D,DO,F ,R,G,R,70,0,0,0,,,1882964,5826537
Tauranga City,HEWLETTS ROAD,, ,I,NEWTON ST,201417629,28/11/2014,Fri,1825,FB,ME1M,181A ,,E,D,O ,F ,R,G,C,70,0,0,1,,,1882890,5826495
Tauranga City,HULL ROAD,20,E, ,MARK ROAD,201447671,14/11/2014,Fri,1220,FD,4W1C,181A ,,R,D,BF,F , ,N,C,50,0,0,0,,,1881469,5827669
Tauranga City,HULL ROAD,, ,I,MAUNGANUI ROAD,201439377,02/07/2014,Wed,1500,FB,CE1C,181A 387A ,,E,D,OF,L ,T,G,R,50,0,0,0,,,1882104,5827824
Tauranga City,HULL ROAD,, ,I,MAUNGANUI ROAD,201432470,04/02/2014,Tue,1500,GF,CE1C,129A ,,E,D,O ,F ,T,T,R,50,0,0,0,,,1882104,5827824
Tauranga City,HULL ROAD,400,E, ,TOTARA ST,201434224,08/03/2014,Sat,1517,CB,CE1C,112A 130A 402A ,KM,R,D,B ,F , , ,C,50,0,0,0,,,1881577,5827665
Tauranga City,HUMBER CRESCENT S,80,W, ,FAULKNER ST,201434790,07/05/2014,Wed,1453,CB,CW1C,428A ,M,R,D,OF,F , ,N,N,50,0,0,0,,,1876798,5821784
Tauranga City,JAMES COOK DRIVE,, ,I,VICTORY ST,201436657,24/05/2014,Sat,1425,LB,CW1C,301A 321A ,,R,D,O ,F ,T,S,C,50,0,0,0,,,1880814,5819706
Tauranga City,JEAN BATTEN DRIVE,80,S, ,SEAWIND LANE,201413893,26/06/2014,Thu,1825,EA,CN1X,101A 129A 645A ,Q,R,D,DF,F , , ,P,50,0,0,1,,,1882115,5826196
Tauranga City,JONATHON ST,90,N, ,WAIHI ROAD,201412171,11/05/2014,Sun,2133,DA,MN14,131A 191A 402A ,M,E,D,DO,F , , ,C,50,0,0,1,,,1875891,5823337
Tauranga City,KAITEMAKO ROAD,500,S, ,WELCOME BAY ROAD,201415050,24/08/2014,Sun,1640,BF,CE1C,111A 131A ,E,M,D,B ,F , , ,N,70,0,0,4,,,1879838,5819333
Tauranga City,KENT ST,, ,I,CAMERON ROAD,201438879,05/06/2014,Thu,1655,FB,CE1C,387A ,,R,D,OF,F ,T,G,R,50,0,0,0,,,1876346,5820364
Tauranga City,KENT ST,, ,I,CAMERON ROAD,201446784,31/10/2014,Fri,805,FB,CE1C,181A 330A ,,R,D,O ,F ,T,G,P,50,0,0,0,,,1876346,5820364
Tauranga City,KENT ST,, ,I,CAMERON ROAD,201445835,18/10/2014,Sat,940,MO,CS1C,330B 371B ,,R,D,O ,F ,T,G,C,50,0,0,0,,,1876346,5820364
Tauranga City,KINGSLEY PLACE,70,S, ,EVERSHAM ROAD,201412999,17/06/2014,Tue,2246,DA,CN1,111A 133A 357A ,F,E,W,DO,L , , ,N,50,0,0,1,,,1884889,5824419
Tauranga City,LEVERS ROAD,15,W, ,BAY ST,201431383,11/02/2014,Tue,1000,MG,CW1C,371B ,,E,D,BF,F , ,N,C,50,0,0,0,,,1875242,5826074
Tauranga City,LEVERS ROAD,60,W, ,CEDAR GROVE,201430272,11/01/2014,Sat,1000,MC,CE1CC,372B ,MH,R,D,B ,F , , ,C,50,0,0,0,,,1876388,5826724
Tauranga City,LEVERS ROAD,120,E, ,TILBY DRIVE,201436982,25/05/2014,Sun,654,DB,CW1,111A 131A ,CFJ,M,W,O ,F , , ,C,50,0,0,0,,,1876027,5826649
Tauranga City,LINKS AVENUE,, ,I,ASCOT ROAD S,201437557,10/06/2014,Tue,1330,EA,CS1C,130A 351A ,M,R,D,O ,F ,T,G,C,50,0,0,0,,,1883682,5825916
Tauranga City,MACDONALD ST,480,S, ,HEWLETTS ROAD,201435518,28/04/2014,Mon,820,KB,VN1V,308B 927 ,,R,D,B ,F ,D, ,C,50,0,0,0,,,1883165,5826082
Tauranga City,MALEME ST,280,W, ,TANGMERE PLACE,201435686,07/05/2014,Wed,,EA,BE1V,129A 386A 927 ,M,R,D,O ,F ,D, ,C,50,0,0,0,,,1876462,5818804
Tauranga City,MARANUI ST,300,E, ,GIRVEN ROAD,201413308,03/06/2014,Tue,1521,NA,CS1E,712B 713B ,,R,D,B ,F , , ,C,50,0,0,1,9,,1885329,5825437
Tauranga City,MARANUI ST,, ,I,GIRVEN ROAD,201437553,13/05/2014,Tue,630,KA,SW2V,302B ,,R,D,DO,F ,T,G,C,50,0,0,0,,,1885091,5825621
Tauranga City,MARANUI ST,, ,I,GIRVEN ROAD,201449433,26/12/2014,Fri,1820,FB,CW1C,181A 331A ,,R,D,B ,F ,T,G,R,50,0,0,0,,,1885091,5825621
Tauranga City,MARANUI ST,40,E, ,SANDHURST DRIVE,201413898,07/05/2014,Wed,648,CC,PE1,138A 812 817 ,,R,D,TO,F , , ,R,60,0,0,1,,,1886623,5824516
Tauranga City,MARANUI ST,15,E, ,SEASPRAY DRIVE,201418399,06/11/2014,Thu,1436,NA,CE1E,711B 712B ,,R,D,BF,F , ,N,C,50,0,1,0,53,,1885353,5825418
Tauranga City,MARANUI ST,50,S, ,SEASPRAY DRIVE,201437453,31/05/2014,Sat,1305,GB,CS1C,158A 333A 387A 929 ,,R,W,B ,F ,D,N,C,50,0,0,0,,,1885381,5825397
Tauranga City,MARANUI ST,100,W, ,SUNBRAE GROVE,201435777,15/05/2014,Thu,1800,FD,CS1CV,112A 331A ,,R,D,DO,F , , ,C,50,0,0,0,,,1885855,5825034
Tauranga City,MARANUI ST,50,S, ,YALE ST,201434807,01/04/2014,Tue,1759,FD,CS1C,181A ,,R,D,BF,F , ,N,P,50,0,0,0,,,1885682,5825164
Tauranga City,MARINE PARADE,200,N, ,CLYDE ST,201450847,31/12/2014,Wed,2327,MC,CN1C,372B ,,R,W,DO,L , ,N,C,50,0,0,0,,,1882398,5828329
Tauranga City,MARINE PARADE,, ,I,CLYDE ST,201440693,30/07/2014,Wed,2230,AC,VS1C,512A 514B 517B ,,R,D,DO,F ,T,G,C,50,0,0,0,,,1882546,5828195
Tauranga City,MARINE PARADE,30,E, ,COMMONS AVENUE,201444188,24/08/2014,Sun,920,MO,CW1,133A 423A ,F,R,D,BF,F , ,N,C,50,0,0,0,,,1880726,5830141
Tauranga City,MARINE PARADE,50,S, ,TAY ST,201434952,25/03/2014,Tue,1630,NB,CN1E,711B ,,R,D,DO,F , ,N,C,50,0,0,0,,,1882272,5828470
Tauranga City,MARSH ST,100,W, ,DIVE CRESCENT,201446739,30/10/2014,Thu,1638,FA,CW1C,191B 404B 420B ,,E,D,O ,F , ,N,C,50,0,0,0,,,1879579,5825524
Tauranga City,MARSH ST,50,W, ,PITT ST,201432467,02/02/2014,Sun,1618,CB,CW1,130A 524A ,,R,D,B ,F , , ,C,50,0,0,0,,,1879385,5825442
Tauranga City,MATAI ST,, ,I,TAWA ST,201444472,03/09/2014,Wed,1320,HA,CN24,302A 375A ,,R,D,B ,F ,X,G,C,50,0,0,0,,,1881281,5828498
Tauranga City,MATAPIHI ROAD,, ,I,OWENS PLACE,201449249,19/12/2014,Fri,1330,GD,CE1C,112A 331A ,,R,D,B ,F ,T,G,C,50,0,0,0,,,1884108,5825194
Tauranga City,MATAPIHI STATION ROAD,50,W, ,HUNGAHUNGATOROA ROAD,201415557,05/09/2014,Fri,1713,CC,ME1,130A ,C,R,D,DN,F , , ,C,70,0,1,0,,,1881717,5823115
Tauranga City,MAUNGANUI ROAD,30,S, ,BANKS AVENUE,201410494,01/03/2014,Sat,1015,NB,CS1E,711B 712B 732B ,,R,D,B ,F , , ,P,50,0,1,0,81,,1880968,5829352
Tauranga City,MAUNGANUI ROAD,80,S, ,BANKS AVENUE,201441847,06/08/2014,Wed,130,CA,CS1,101A 410A ,IS,R,D,DO,F , , ,R,50,0,0,0,,,1880983,5829305
Tauranga City,MAUNGANUI ROAD,100,S, ,BANKS AVENUE,201441843,18/08/2014,Mon,1935,MO,VS1C,371A ,Q,R,D,DO,F , , ,R,50,0,0,0,,,1880989,5829286
Tauranga City,MAUNGANUI ROAD,50,N, ,CLYDE ST,201448906,03/12/2014,Wed,1410,CA,CS1V,130A 354A ,,R,D,B ,F , , ,P,50,0,0,0,,,1881918,5827981
Tauranga City,MAUNGANUI ROAD,, ,I,DEE ST,201439854,25/06/2014,Wed,1703,JA,VS1C,302B 353B 801 ,P,R,W,TO,L ,T,G,R,50,0,0,0,,,1882380,5827496
Tauranga City,MAUNGANUI ROAD,20,E, ,GROVE AVENUE,201413491,26/06/2014,Thu,1121,FC,CW1CM4,331A 352A 181B ,,R,D,O ,F , , ,X,50,0,0,1,,,1881197,5828999
Tauranga City,MAUNGANUI ROAD,, ,I,HEATH ST,201432060,08/02/2014,Sat,1525,JA,CS1C,302B ,,R,D,O ,F ,T,G,R,50,0,0,0,,,1882306,5827613
Tauranga City,MAUNGANUI ROAD,, ,I,HEWLETTS ROAD,201435945,12/04/2014,Sat,1730,AC,CW2C,372A ,,E,D,OF,F ,R,G,R,70,0,0,0,,,1882967,5826531
Tauranga City,MAUNGANUI ROAD,, ,I,HULL ROAD,201430322,01/01/2014,Wed,200,FE,CS1C,101A 181A ,,R,D,DO,F ,T,T,C,50,0,0,0,,,1882104,5827824
Tauranga City,MAUNGANUI ROAD,, ,I,HULL ROAD,201411889,23/03/2014,Sun,1415,FE,VE1C,181A ,,R,D,BF,F ,T,T,C,50,0,0,1,,,1882104,5827824
Tauranga City,MAUNGANUI ROAD,5,S, ,NIKAU CRESCENT,201435021,21/04/2014,Mon,1815,MO,CN1C,371A ,M,R,D,DO,F ,T,N,R,50,0,0,0,,,1881011,5829226
Tauranga City,MAUNGANUI ROAD,, ,I,NIKAU CRESCENT,201410527,24/01/2014,Fri,2110,MC,SN1C,372B ,,R,D,TO,F ,T,G,C,50,0,0,1,,23,1881007,5829230
Tauranga City,MAUNGANUI ROAD,230,S, ,PURIRI ST,201430540,26/01/2014,Sun,1620,FC,CN1C,181A 351A ,,R,D,B ,F , , ,X,50,0,0,0,,,1881505,5828582
Tauranga City,MAUNGANUI ROAD,110,S, ,TAY ST,201413002,15/05/2014,Thu,1809,BE,PN1C,101A 137A ,,R,D,DO,F , ,N,P,50,0,0,1,,,1881769,5828116
Tauranga City,MAUNGANUI ROAD,110,S, ,TAY ST,201415096,26/07/2014,Sat,2250,EC,CS1C,129A 130A 402A ,M,R,D,DO,F , , ,C,50,0,1,0,,,1881769,5828116
Tauranga City,MAUNGANUI ROAD,, ,I,TAY ST,201418396,28/11/2014,Fri,1135,CB,CN1,129A 414A ,P,R,W,OF,F ,T,N,R,50,0,0,1,,,1881687,5828190
Tauranga City,MAUNGANUI ROAD,, ,I,TERRACE AVENUE,201449244,18/12/2014,Thu,1617,LB,CS1V,303B 330B ,,R,D,B ,F ,T,G,P,50,0,0,0,,,1881506,5828580
Tauranga City,MAUNGANUI ROAD,10,S, ,TUI ST,201416467,20/10/2014,Mon,1500,FD,CS14,181A 331A ,,R,D,O ,F ,T,G,C,50,0,0,1,,,1882612,5827130
Tauranga City,MAUNGANUI ROAD,, ,I,TWEED ST,201446788,28/10/2014,Tue,1220,GA,CS14,181A 350A ,,R,D,O ,F ,T,T,C,50,0,0,0,,,1882209,5827737
Tauranga City,MAUNGATAPU ROAD,20,N, ,ANCHORAGE GROVE,201413317,31/05/2014,Sat,1841,ME,MN1C,382B ,,R,D,DO,F , , ,C,50,0,1,0,,,1879932,5820586
Tauranga City,MAXWELLS ROAD,, ,I,CHAPEL ST,201435946,07/04/2014,Mon,920,JA,PN2C,301B 375B ,,R,D,OF,F ,T,S,R,50,0,0,0,,,1878712,5826024
Tauranga City,MEADOWLAND ST,170,E, ,HALL ROAD,201431042,14/02/2014,Fri,1855,MO,CE1,101A 353A 371A 929 ,P,E,D,B ,F ,D,N,C,50,0,0,0,,,1876398,5826483
Tauranga City,MEANDER DRIVE,100,N, ,LANGSTONE ST,201414561,07/07/2014,Mon,1801,NB,CN1E,712B 713B 727B ,,E,D,TO,F , , ,C,50,0,1,0,7,,1880529,5818803
Tauranga City,MILLERS ROAD,200,W, ,WARWICK PLACE,201435341,11/05/2014,Sun,2303,CB,40,410A ,P,R,D,DO,F , , ,C,50,0,0,0,,,1875946,5823869
Tauranga City,MIRRIELEES ON EBD,, ,I,MIRRIELEES ROAD,201437464,25/05/2014,Sun,32,DA,CE1,111A 133A 801 ,G,E,W,DO,L ,X,T,N,80,0,0,0,,,1879567,5825671
Tauranga City,MIRRIELEES ROAD,100,N, ,DEN PLACE,201447193,08/10/2014,Wed,1455,AA,TN1V,158A 184A ,,R,D,O ,F , , ,C,70,0,0,0,,,1879571,5825820
Tauranga City,MIRRIELEES ROAD,, ,I,MIRRIELEES ON EBD,201440292,16/07/2014,Wed,220,DA,CN1,103A 111A 131A ,G,R,D,DO,F ,X,T,N,80,0,0,0,,,1879567,5825671
Tauranga City,MIRRIELEES ROAD,, ,I,MIRRIELEES ON EBD,201432626,22/03/2014,Sat,1620,KA,SS1C,302B 375B ,,E,D,O ,F ,X,G,C,80,0,0,0,,,1879567,5825671
Tauranga City,MOFFAT ROAD,, ,I,CAMBRIDGE ROAD,201440627,18/07/2014,Fri,1708,LB,VS1C,303B 353B ,,R,D,B ,F ,T,S,R,60,0,0,0,,,1874503,5821341
Tauranga City,MOFFAT ROAD,350,N, ,HARRISON ROAD,201447191,08/11/2014,Sat,1530,DA,CN1,131A 501A ,C,E,D,B ,F , , ,C,60,0,0,0,,,1874497,5821688
Tauranga City,MONMOUTH ST,25,W, ,CLIFF ROAD,201430246,06/01/2014,Mon,600,MO,VE1C,371A ,M,R,D,O ,F , , ,N,50,0,0,0,,,1879496,5824968
Tauranga City,MURICATA AVENUE,100,S, ,GROVE AVENUE,201445114,04/10/2014,Sat,15,MO,CS1C,371A 901 ,M,R,W,DO,H , , ,N,50,0,0,0,,,1881533,5829164
Tauranga City,MURICATA AVENUE,80,N, ,TAY ST,201449328,17/12/2014,Wed,1730,MO,4S1C,386A 901 ,,E,W,O ,H , , ,N,50,0,0,0,,,1882063,5828526
Tauranga City,NEWTON ST,70,N, ,AERODROME ROAD,201450872,14/11/2014,Fri,1140,EA,TS1C,663A ,M,R,D,OF,F , ,N,C,50,0,0,0,,,1882611,5826917
Tauranga City,NEWTON ST,60,S, ,AERODROME ROAD,201435519,30/04/2014,Wed,1158,LB,CS1CC,303B 375B 927 ,M,R,D,B ,F ,D, ,C,50,0,0,0,,,1882680,5826806
Tauranga City,NEWTON ST,300,E, ,HULL ROAD,201450873,29/08/2014,Fri,1420,FD,CE1C,331A ,,E,D,BF,F , ,N,C,50,0,0,0,,,1882234,5827487
Tauranga City,NEWTON ST,900,S, ,HULL ROAD,201411240,14/03/2014,Fri,1639,LB,4S1C,303B 927 ,,R,D,B ,F ,D,N,C,50,0,0,1,,,1882566,5826989
Tauranga City,NGATAI ROAD,20,E, ,BURETA ROAD,201439720,26/06/2014,Thu,1800,FD,CW1C,331A 351A ,,R,D,DO,F , , ,R,50,0,0,0,,,1878167,5826366
Tauranga City,NGATAI ROAD,50,E, ,BURETA ROAD,201449397,18/12/2014,Thu,800,FD,VW1CV,331A ,,R,D,B ,F , , ,R,50,0,0,0,,,1878195,5826355
Tauranga City,NGATAI ROAD,130,W, ,BURETA ROAD,201412865,16/05/2014,Fri,1405,DB,CW1,131A ,EF,E,D,B ,F , , ,C,50,0,1,0,,,1878037,5826439
Tauranga City,NGATAI ROAD,120,W, ,MAXWELLS ROAD,201432787,17/03/2014,Mon,1445,MO,CE1C,371A 929 ,M,R,D,B ,F ,D, ,N,50,0,0,0,,,1878746,5826142
Tauranga City,NGATAI ROAD,50,E, ,SHORT ST,201417822,02/12/2014,Tue,1653,GD,ME1C,333A 927 ,,R,D,B ,F ,D, ,C,50,0,0,1,,,1877564,5826513
Tauranga City,NINETEENTH AVENUE,, ,I,CAMERON ROAD,201446276,27/09/2014,Sat,1000,GF,CN1C,381A 434A ,,R,D,BF,F ,T,G,C,50,0,0,0,,,1877556,5821837