TLANAME,CRASHROAD,CRASHDIST,CRASHDIRN,INTSN,SIDEROAD,CRASHID,CRASHDATE,CRASHDOW,CRASHTIME,MVMT,VEHICLES,CAUSES,OBJECTSSTRUCK,ROADCURVE,ROADWET,LIGHT,WTHRa,JUNCTYPE,TRAFCTRL,ROADMARK,SPDLIM,CRASHFATALCNT,CRASHSEVCNT,CRASHMINCNT,PERSAGE1,PERSAGE2,EASTING,NORTHING
Tauranga City,NINTH AVENUE,, ,I,CAMERON ROAD,201449228,18/12/2014,Thu,900,HA,CS2C,302A ,,R,D,O ,F ,R,G,R,50,0,0,0,,,1878738,5823274
Tauranga City,OBAN ROAD,150,E, ,CAMERON ROAD,201413401,12/06/2014,Thu,1223,CB,CE1,130A 133A 402A ,FH,R,W,O ,H , , ,N,50,0,0,1,,,1875984,5819577
Tauranga City,OCEANBEACH ROAD,450,N, ,CONCORD AVENUE,201438309,31/05/2014,Sat,313,BF,CN1CC,101A 131A ,,M,D,DO,F , , ,C,50,0,0,0,,,1884176,5826461
Tauranga City,OCEANBEACH ROAD,, ,I,GIRVEN ROAD,201430275,02/01/2014,Thu,1030,MC,CS1V,372B ,,R,D,B ,F ,T,G,C,50,0,0,0,,,1885127,5825669
Tauranga City,OCEANBEACH ROAD,30,S, ,MOA ST,201412257,14/05/2014,Wed,854,MB,PN1C,330B 372B ,,R,W,O ,L , ,N,C,50,0,1,0,,,1883067,5827591
Tauranga City,OCEANBEACH ROAD,, ,I,OMANU WAY,201414965,16/04/2014,Wed,805,KA,SW1C,302B 375B ,,R,D,OF,F ,T,G,C,50,0,1,0,,39,1885351,5825499
Tauranga City,OCEANBEACH ROAD,, ,I,OMANU WAY,201416446,17/09/2014,Wed,815,KA,SW1V,302B 375B ,,M,D,B ,F ,T,G,C,50,0,1,0,,,1885351,5825499
Tauranga City,OCEANBEACH ROAD,, ,I,SURF ROAD,201415953,16/09/2014,Tue,730,GE,PW1C,151A 330A 370B ,,R,D,B ,F ,T,G,C,50,0,0,1,,,1883589,5827066
Tauranga City,OCEANBEACH ROAD,, ,I,SURF ROAD,201445680,06/10/2014,Mon,110,DA,CS24C,103A 131A ,X,R,D,DO,F ,T,G,C,50,0,0,0,,,1883589,5827066
Tauranga City,OCEANVIEW ROAD,110,N, ,GROVE AVENUE,201445003,22/10/2014,Wed,2148,CB,CS1C,103A 129A ,M,R,D,DO,F , ,N,C,50,0,0,0,,,1881296,5829246
Tauranga City,OCEANVIEW ROAD,110,W, ,SUTHERLAND AVENUE,201438878,06/06/2014,Fri,2011,CA,CE1C,136A 668A ,M,R,D,DO,F , ,N,N,50,0,0,0,,,1881533,5828987
Tauranga City,OCEANVIEW ROAD,, ,I,SUTHERLAND AVENUE,201411546,17/03/2014,Mon,2358,CB,CS1,103A 129A ,T,R,D,DO,F ,X,S,C,50,0,0,1,,,1881602,5828902
Tauranga City,OCEANVIEW ROAD,40,N, ,TERRACE AVENUE,201410862,11/01/2014,Sat,1633,EA,VS1V,129A 130A 350A ,FM,R,D,B ,F , , ,C,50,0,0,1,,,1881761,5828706
Tauranga City,OHAUITI ROAD,100,S, ,HARRISFIELD DRIVE,201445442,20/08/2014,Wed,2225,EA,VS1C,129A ,M,R,W,DO,F , , ,C,50,0,0,0,,,1878870,5819126
Tauranga City,OHAUITI ROAD,290,N, ,KAIMAI PLACE,201440626,21/07/2014,Mon,2114,EA,CS1C,104A 129A ,M,R,W,DO,L , , ,C,50,0,0,0,,,1879085,5819476
Tauranga City,OHAUITI ROAD,5,N, ,MAGGIE PLACE,201446778,08/11/2014,Sat,,FA,CS1C,357A 512A ,,R,D,DO,F ,T,N,C,50,0,0,0,,,1878626,5817808
Tauranga City,OHAUITI ROAD,, ,I,POIKE ROAD,201415558,03/09/2014,Wed,1105,HA,CS1V,102B 302B 375B ,,R,D,B ,F ,X,G,C,50,0,0,1,,,1878685,5818816
Tauranga City,OROPI ROAD,, ,I,CHADWICK ROAD,201443577,21/08/2014,Thu,1617,AO,TN1C,179A ,Q,R,D,BF,F ,R,G,C,50,0,0,0,,,1876696,5819492
Tauranga City,OROPI ROAD,90,E, ,GLENLYON AVENUE,201449394,23/12/2014,Tue,1417,DB,BN1,131A 501A ,G,M,D,B ,F , , ,C,100,0,0,0,,,1876985,5819084
Tauranga City,OSPREY DRIVE,, ,I,MEANDER DRIVE,201447674,16/11/2014,Sun,2142,FD,CN1C,181A 191B 357B ,,R,D,DO,F ,T,G,C,50,0,0,0,,,1880719,5819193
Tauranga City,OTUMOETAI ROAD,20,N, ,BELLEVUE ROAD,201443927,20/08/2014,Wed,1020,GF,CS1C,387A 927 ,,R,D,BF,F ,D,N,C,50,0,0,0,,,1876507,5823906
Tauranga City,OTUMOETAI ROAD,, ,I,BELLEVUE ROAD,201446736,30/10/2014,Thu,308,DA,CS1,103A 111A ,FP,E,D,DO,F ,R,T,P,50,0,0,0,,,1876516,5823877
Tauranga City,OTUMOETAI ROAD,, ,I,BELLEVUE ROAD,201440192,23/07/2014,Wed,402,CB,CN1,330A 402A 645A ,FK,R,W,DO,F ,R,T,C,50,0,0,0,,,1876516,5823877
Tauranga City,OTUMOETAI ROAD,, ,I,CAMBRIDGE ROAD,201445694,26/09/2014,Fri,1900,HA,CS1C4,302A ,,E,D,TF,F ,R,G,R,50,0,0,0,,,1876349,5823236
Tauranga City,OTUMOETAI ROAD,, ,I,DARRAGHS ROAD N,201411935,08/04/2014,Tue,830,JA,MS1C,302B 375B ,,R,D,BF,F ,T,G,R,50,0,0,1,,,1876526,5824680
Tauranga City,OTUMOETAI ROAD,50,S, ,HINEWA ROAD,201445909,25/10/2014,Sat,850,CB,CS1,103A 130A 354A ,P,R,D,B ,F , , ,C,50,0,0,0,,,1876840,5826023
Tauranga City,OTUMOETAI ROAD,, ,I,MAUNGAWHARE PLACE,201417446,31/10/2014,Fri,1520,GD,CN1C,333A ,,R,D,OF,F ,T,S,C,50,0,0,2,,,1876575,5825101
Tauranga City,OTUMOETAI ROAD,450,S, ,NGATAI ROAD,201418583,28/12/2014,Sun,1815,CC,CN1,504A ,CS,R,D,BF,F , ,N,P,50,0,0,1,,,1876871,5826170
Tauranga City,OTUMOETAI ROAD,, ,I,NGATAI ROAD,201440006,06/07/2014,Sun,1100,LB,CN1C,302A ,,E,D,BF,F ,R,G,C,50,0,0,0,,,1876959,5826634
Tauranga City,OTUMOETAI ROAD,90,S, ,RUSSELL PLACE,201416803,31/10/2014,Fri,1630,FD,CN1CC,181A 330A ,,R,D,O ,FS, ,N,P,50,0,0,1,,,1876507,5823989
Tauranga City,OTUMOETAI ROAD,, ,I,SHERWOOD ST,201447636,21/11/2014,Fri,2150,LB,PN1C,303B ,,R,D,DO,F ,T,G,C,50,0,0,0,,,1876579,5824871
Tauranga City,OTUMOETAI ROAD,, ,I,WAIHI ROAD,201414248,01/08/2014,Fri,1051,CB,CS1,113A 504A ,PS,R,D,B ,F ,R,G,R,50,0,0,1,,,1876352,5823234
Tauranga City,OTUMOETAI ROAD,, ,I,WAIHI ROAD,201446334,16/09/2014,Tue,1510,HA,CS1P,302A 375A ,,R,D,OF,F ,R,G,R,50,0,0,0,,,1876349,5823236
Tauranga City,OTUMOETAI ROAD,20,S, ,WAYNE PLACE,201438292,21/06/2014,Sat,1753,GE,CN1C,151A 372B 929 ,P,R,D,DO,F ,D,N,C,50,0,0,0,,,1876397,5823419
Tauranga City,PAINE ST,70,E, ,BELL ST,201414249,15/08/2014,Fri,730,EA,CW1C,129A ,M,R,D,B ,F , ,N,C,50,0,0,1,,,1876564,5823238
Tauranga City,PAPAMOA BEACH ROAD,, ,I,ALEXANDER PLACE,201415716,10/09/2014,Wed,255,FD,CW1C,181A ,,R,D,DO,F ,T,N,C,50,0,0,1,,,1891004,5821985
Tauranga City,PAPAMOA BEACH ROAD,, ,I,BERMUDA DRIVE,201411754,31/03/2014,Mon,855,FA,CN1V,331A 350A 402A 817 ,F,R,D,B ,F ,T,G,C,60,0,0,2,,,1888312,5823408
Tauranga City,PAPAMOA BEACH ROAD,, ,I,CALYPSO DRIVE,201433928,03/04/2014,Thu,755,EA,BE1C,361A 386A ,M,R,D,B ,F ,T,N,C,50,0,0,0,,,1894132,5820555
Tauranga City,PAPAMOA BEACH ROAD,, ,I,DOMAIN ROAD,201416815,04/11/2014,Tue,1630,KA,SS1C,302B 375B ,,R,D,B ,F ,R,G,C,50,0,0,1,,32,1889616,5822688
Tauranga City,PAPAMOA BEACH ROAD,, ,I,EVANS ROAD,201446639,27/10/2014,Mon,1706,CC,CE1,410A ,FT,R,D,O ,F ,T,G,R,60,0,0,0,,,1887636,5823843
Tauranga City,PAPAMOA BEACH ROAD,330,W, ,GRANT PLACE,201417745,27/12/2014,Sat,1504,NA,CE1E,110A 713B 727B ,,R,D,B ,F , ,N,C,60,0,0,1,7,,1891322,5821846
Tauranga City,PAPAMOA BEACH ROAD,300,E, ,KIRKPATRICK PLACE,201449245,23/12/2014,Tue,1315,MC,VE14,330B 372B ,,R,D,B ,F , , ,C,60,0,0,0,,,1893197,5820947
Tauranga City,PAPAMOA BEACH ROAD,20,E, ,MARANUI ST,201430049,02/01/2014,Thu,1000,FD,CW1CC,331A ,,R,D,BF,F , ,N,C,50,0,0,0,,,1886648,5824501
Tauranga City,PAPAMOA BEACH ROAD,200,W, ,MCCALLUM PLACE,201449387,23/12/2014,Tue,1842,EA,CN1V,103A 129A 130A ,M,R,D,TF,F , , ,C,60,0,0,0,,,1891809,5821636
Tauranga City,PAPAMOA BEACH ROAD,20,S, ,MOTITI ROAD N,201431794,31/01/2014,Fri,2239,MO,CS1C,103A 371A 929 ,M,R,D,DO,F ,D, ,C,50,0,0,0,,,1893826,5820686
Tauranga City,PAPAMOA BEACH ROAD,50,E, ,PACIFIC VIEW ROAD,201440045,21/07/2014,Mon,505,EA,CE1C,129A 358A ,M,R,W,DO,L , ,N,L,50,0,0,0,,,1887103,5824203
Tauranga City,PAPAMOA BEACH ROAD,400,W, ,PACIFIC VIEW ROAD,201444587,28/09/2014,Sun,1328,MC,CW1C,372B ,,R,D,B ,F , , ,C,60,0,0,0,,,1886710,5824464
Tauranga City,PAPAMOA BEACH ROAD,, ,I,PACIFIC VIEW ROAD,201445269,18/10/2014,Sat,2053,DA,CN1,111A 131A 402A 901 ,,E,W,DO,H ,R,G,C,60,0,0,0,,,1887056,5824227
Tauranga City,PAPAMOA BEACH ROAD,100,N, ,PALM BEACH BOULEVARD,201440538,19/07/2014,Sat,1220,GA,CE1T,181A 331A 351A 930 ,,R,D,B ,F ,D, ,C,60,0,0,0,,,1888614,5823257
Tauranga City,PAPAMOA BEACH ROAD,200,W, ,PALM SPRINGS BOULEVARD,201451013,30/12/2014,Tue,600,MO,40,371A ,V,R,D,TF,F , ,N,C,50,0,0,0,,,1893499,5820819
Tauranga City,PAPAMOA BEACH ROAD,15,W, ,TARA ROAD,201430274,04/01/2014,Sat,1440,FD,CE1C,331A 359A ,,R,D,B ,F ,R,G,R,50,0,0,0,,,1889595,5822709
Tauranga City,PAPAMOA BEACH ROAD,100,E, ,THOMPSON DRIVE,201416721,26/10/2014,Sun,1650,MD,CE1S,112B 130B 929 ,,R,D,B ,F ,D,N,C,50,0,1,0,,9,1895248,5819936
Tauranga City,PARTON ROAD,, ,I,DICKSON ROAD,201413667,13/06/2014,Fri,1710,JA,ME1C,302B 375B ,,R,D,B ,F ,T,G,C,50,0,0,1,,,1892293,5821201
Tauranga City,POIKE ROAD,20,W, ,WAIMAPU PA ROAD,201410623,12/02/2014,Wed,800,CA,PW1,135A 330A 804 ,,R,D,B ,F ,M,G,C,50,0,0,1,,,1877747,5818663
Tauranga City,POIKE ROAD,, ,I,WINDERMERE DRIVE,201432957,18/03/2014,Tue,855,GD,VW1C,333A ,,R,D,B ,F ,T,G,C,50,0,0,0,,,1877609,5818691
Tauranga City,PORTSIDE DRIVE,, ,I,TRITON AVENUE,201433728,31/03/2014,Mon,833,DA,TE2CCC,131A 358A 902 ,M,R,D,B ,F ,T,G,C,50,0,0,0,,,1881760,5827426
Tauranga City,PRINCE AVENUE,15,W, ,STEEPLE LANE,201410311,03/01/2014,Fri,745,CB,CE1,129A ,H,R,D,BF,F , ,N,C,50,0,1,0,,,1880845,5829575
Tauranga City,PUKEMAPU ROAD,340,S, ,OROPI ROAD,201434805,08/04/2014,Tue,1726,BF,CN1C,132A ,,M,W,ON,L , ,N,C,100,0,0,0,,,1877046,5817270
Tauranga City,PYES PA ROAD,15,N, ,MANOR PARK DRIVE,201418171,19/12/2014,Fri,1310,FB,4S1C,181A 331A ,I,E,D,B ,F ,T,G,R,60,0,1,0,,,1875192,5818066
Tauranga City,QUEEN ROAD,30,S, ,CHARLES ST,201442454,11/08/2014,Mon,1200,EA,CS1C,129A ,M,R,D,BF,F , ,N,C,50,0,0,0,,,1875905,5825552
Tauranga City,RANGINUI ROAD,, ,I,WELCOME BAY ROAD,201430273,09/01/2014,Thu,1614,DB,CE2,103A 111A 131A 632A ,E,M,D,B ,F ,T,S,C,60,0,0,0,,,1882320,5819619
Tauranga City,RATA ST,, ,I,TOTARA ST,201430422,29/01/2014,Wed,900,EA,400000000000000,129A 504A ,M,R,D,B ,F ,T,N,C,50,0,0,0,,,1881074,5829060
Tauranga City,RAWHITI ST,, ,I,KITEROA ST,201417105,16/11/2014,Sun,1700,KB,CN1C,301B ,,R,D,B ,F ,X,S,C,50,0,0,1,,,1876274,5819182
Tauranga City,REXFORD HEIGHTS,30,S, ,HASTINGS CLOSE,201441246,29/07/2014,Tue,441,QD,CN1,611A 612A ,T,R,D,DO,F , , ,N,50,0,0,0,,,1874132,5818294
Tauranga City,ROWESDALE DRIVE,15,W, ,ROBINIA PLACE,201430253,10/01/2014,Fri,1,DA,CE1,111A 131A ,KT,E,D,DO,F , , ,C,50,0,0,0,,,1878797,5817301
Tauranga City,SAPPHIRE DRIVE,250,N, ,POIKE ROAD,201442092,25/07/2014,Fri,1303,DA,CS1C,131A 358A ,M,E,D,BF,F , ,N,N,50,0,0,0,,,1878151,5818882
Tauranga City,SEASPRAY DRIVE,20,N, ,GRENADA ST,201448064,25/11/2014,Tue,1420,EA,CS1C,129A ,M,R,D,B ,F ,T,G,P,50,0,0,0,,,1885143,5825101
Tauranga City,SEASPRAY DRIVE,, ,I,GRENADA ST,201435993,23/03/2014,Sun,1824,DA,CW2,101A 133A 357A ,F,R,D,BF,F ,T,G,R,50,0,0,0,,,1885132,5825084
Tauranga City,SERVICE LANE,, ,I,CENTA MAX SERVICE LANE E,201410846,01/01/2014,Wed,1145,DB,PN2,103A 131A ,K,E,D,B ,F ,R,G,R,50,0,0,1,,,1889415,5822298
Tauranga City,SH 2,, ,I,MATAPIHI ROAD,201446282,30/10/2014,Thu,935,FB,4E2C,181A ,,E,D,OF,FS,R,G,R,70,0,0,0,,,1884163,5825202
Tauranga City,SHERWOOD ST,50,E, ,LITTLE JOHN DRIVE,201417902,18/11/2014,Tue,1530,NA,CW1E,191A ,,E,D,B ,F , , ,C,50,0,0,1,8,,1876290,5824835
Tauranga City,SIXTH AVENUE,15,E, ,CAMERON ROAD,201442453,06/08/2014,Wed,1500,MO,TE1C,371A 671A 924 ,M,R,D,OF,F ,D,N,C,50,0,0,0,,,1878900,5823519
Tauranga City,SIXTH AVENUE,, ,I,CAMERON ROAD,201412759,12/05/2014,Mon,2000,BF,CS2V,131A ,IQ,R,D,DO,F ,X,G,R,50,0,0,1,,,1878887,5823526
Tauranga City,SLIP,70,N, ,DEE ST,201446256,13/08/2014,Wed,1600,MO,4S1C,385A ,M,R,D,OF,F , ,N,N,50,0,0,0,,,1882357,5827559
Tauranga City,STELLA PLACE,20,N, ,PERCY ROAD,201432553,18/02/2014,Tue,1845,CB,CN1C,112A 129A ,,R,D,TN,F , ,N,N,50,0,0,0,,,1889103,5822873
Tauranga City,STERLING GATE DRIVE,120,N, ,CAMBRIDGE ROAD,201436987,13/04/2014,Sun,2009,EA,CS1C,129A ,M,R,D,DO,F , , ,N,50,0,0,0,,,1875513,5822504
Tauranga City,TAIPARI ST,, ,I,TAIPARI OFF WBD,201434426,25/04/2014,Fri,1920,JA,VE1C,302B 375B ,,R,D,DO,F ,T,G,R,50,0,0,0,,,1880434,5820898
Tauranga City,TAIPARI ST,70,S, ,TE HONO ST,201413483,28/06/2014,Sat,1715,DA,CS1,103A 133A 430A ,T,E,D,TO,F , , ,C,50,0,0,1,,,1880400,5820828
Tauranga City,TAKITIMU DRIVE,530,E, ,KOPURERERUA STM BR,201417627,21/11/2014,Fri,1059,FA,ME1C,112A 150A 181A ,,R,D,B ,F , ,N,C,80,0,0,1,,,1877256,5822542
Tauranga City,TARA ROAD,, ,I,DOMAIN ROAD,201445967,26/10/2014,Sun,1600,KA,CS1C,302B ,,M,D,B ,F ,R,G,C,50,0,0,0,,,1889527,5820873
Tauranga City,TARA ROAD,, ,I,ROYAL ASCOT DRIVE,201410383,03/01/2014,Fri,800,KA,SE1C,375B ,,R,D,BF,F ,T,N,C,50,0,0,2,,45,1889868,5820789
Tauranga City,TARA ROAD,200,W, ,TWIN OAK AVENUE,201446331,22/09/2014,Mon,1512,CC,CE1,130A 501A ,G,R,D,BF,F , ,N,C,60,0,0,0,,,1890073,5820781
Tauranga City,TAURIKURA DRIVE,180,W, ,SH 36,201447192,21/10/2014,Tue,745,AC,TW1C,177A 370A ,K,M,D,B ,F ,R,G,C,50,0,0,0,,,1873666,5818649
Tauranga City,TAURIKURA DRIVE,160,N, ,WHIORE AVENUE,201440122,07/07/2014,Mon,500,DB,CS1,111A ,KT,E,D,DO,F , ,N,C,50,0,0,0,,,1873588,5818609
Tauranga City,TAWA ST,, ,I,PURIRI ST,201444852,01/11/2014,Sat,1402,HA,CW24,302B 375B ,,R,D,BF,F ,X,G,C,50,0,0,0,,,1881245,5828769
Tauranga City,TEMP DOMAIN ROUNDABOUT,, ,I,DOMAIN ROAD,201400031,15/02/2014,Sat,1304,DB,MS1,131A 817 ,G,E,D,BF,F ,Y,N,N,80,1,0,0,,,1889479,5820782
Tauranga City,THE MALL,, ,I,SALISBURY AVENUE,201416046,26/01/2014,Sun,1320,GF,TS1E,179A 381A ,,E,D,O ,F ,T,N,C,50,0,1,0,79,,1880752,5829323
Tauranga City,THE STRAND,50,N, ,DEVONPORT ROAD,201434229,13/03/2014,Thu,1405,FC,XN1C,181A 331A ,,E,D,B ,F , , ,C,50,0,0,0,,,1879552,5824541
Tauranga City,THE STRAND,70,S, ,WHARF ST,201450431,13/12/2014,Sat,2326,BE,CN1C,103A 129A ,,R,W,DO,L , ,N,C,50,0,0,0,,,1879553,5824517
Tauranga City,THIRTEENTH AVENUE,, ,I,BURROWS ST,201413490,17/06/2014,Tue,2339,DA,CE1,101A 111A 131A 514A ,,E,W,DO,F ,T,N,C,50,0,0,1,,,1879173,5821938
Tauranga City,THIRTEENTH AVENUE,40,E, ,CAMERON ROAD,201412633,14/04/2014,Mon,1905,NB,CW1E,713B ,,R,W,DO,L , ,N,N,50,0,0,1,12,,1878330,5822640
Tauranga City,TOTARA ST,50,S, ,ASTROLABE ST,201411641,18/03/2014,Tue,830,FD,CN1T,181A ,,R,D,BF,F , ,N,P,50,0,0,1,,,1881148,5827242
Tauranga City,TOTARA ST,50,S, ,RATA ST,201430271,11/01/2014,Sat,1640,FD,CN1C,112A 331A ,T,R,D,B ,F , , ,C,60,0,0,0,,,1881080,5829010
Tauranga City,TOTARA ST,200,N, ,WAIMARIE ST,201444412,19/09/2014,Fri,1526,FD,VS1C,181A ,,R,D,O ,F , , ,C,60,0,0,0,,,1881142,5827100
Tauranga City,TUKORAKO DRIVE,30,S, ,REREWAI PLACE,201413604,14/06/2014,Sat,920,DA,MN1,111A 131A ,K,E,D,B ,F , , ,N,50,0,0,1,,,1881965,5827440
Tauranga City,TUTHILL ST,, ,I,COOPERS ROAD,201446633,30/10/2014,Thu,1015,LB,CE1C,303B 352B ,,R,D,O ,F ,X,G,C,50,0,0,0,,,1876031,5820725
Tauranga City,TWELFTH AVENUE,, ,I,CAMERON ROAD,201445832,15/10/2014,Wed,1735,MO,VS1C,330B 371B 444B ,,R,D,B ,F ,X,G,C,50,0,0,0,,,1878422,5822803
Tauranga City,TWENTYSECOND AVENUE,30,S, ,CAMERON ROAD,201440517,22/07/2014,Tue,1455,JA,CS1C,308B 375B 927 ,FX,R,D,B ,F ,D, ,C,50,0,0,0,,,1877069,5821355
Tauranga City,UPLAND ST,60,S, ,BELLEVUE ROAD,201432059,02/02/2014,Sun,2256,DA,CN1,111A 131A 423A ,X,M,D,DO,F , , ,N,50,0,0,0,,,1875893,5824385
Tauranga City,VALE ST,180,E, ,BADEN ST,201418169,31/12/2014,Wed,1843,DA,4S1,103A 111A 131A 929 ,F,M,D,B ,F ,D, ,N,50,0,0,1,,,1877445,5825765
Tauranga City,VALE ST,160,W, ,BURETA ROAD,201441783,14/08/2014,Thu,1154,EA,CW1C,129A 359A ,M,R,D,B ,F , , ,C,50,0,0,0,,,1877930,5826151
Tauranga City,VALLEY ROAD,40,N, ,DEE ST,201415964,20/09/2014,Sat,2108,EA,MS1C,104A 129A 330A ,M,R,W,DO,F , , ,C,50,0,1,0,,,1882594,5827715
Tauranga City,VICTORIA ROAD,60,N, ,PRINCE AVENUE,201418125,21/11/2014,Fri,1452,NB,CN1E,711B ,,R,D,B ,F , , ,N,50,0,0,1,88,,1880768,5829623
Tauranga City,WAIHI ON NBD,120,N, ,WAIHI ROAD,201410317,29/01/2014,Wed,1632,DB,CN1,111A 131A ,P,M,D,BF,F , ,N,N,50,0,0,2,,,1877955,5823084
Tauranga City,WAIHI ROAD,, ,I,BIRCH AVENUE,201434298,18/03/2014,Tue,1300,MO,VW1C,372A ,,E,D,B ,F ,X,T,C,50,0,0,0,,,1877742,5823075
Tauranga City,WAIHI ROAD,, ,I,BIRCH AVENUE,201443579,22/08/2014,Fri,1030,BF,CN2C,111A 131A 514A 517A ,Q,R,D,BF,F ,X,T,R,50,0,0,0,,,1877742,5823075
Tauranga City,WAIHI ROAD,50,N, ,CAMBRIDGE ROAD,201415886,15/09/2014,Mon,830,NA,CN1,306A 330A ,,R,D,B ,F , , ,X,50,0,0,1,11,,1876398,5823256
Tauranga City,WAIHI ROAD,, ,I,CHURCHILL ROAD,201444904,31/08/2014,Sun,1000,JA,CE1CC,191A 302B 375B 181C ,,R,W,B ,F ,T,G,C,50,0,0,0,,,1877461,5823207
Tauranga City,WAIHI ROAD,5,W, ,LONDON PLACE,201415937,11/09/2014,Thu,1720,FD,CW1CV,331A 358A 191B ,,R,D,O ,F ,T,G,P,50,0,0,1,,,1877284,5823266
Tauranga City,WAIHI ROAD,100,E, ,MONTGOMERY ROAD,201442944,22/08/2014,Fri,1600,AC,CW1C,330A 372A ,,R,D,B ,F , , ,C,50,0,0,0,,,1877699,5823090
Tauranga City,WAIHI ROAD,50,E, ,OTUMOETAI ROAD,201418375,19/12/2014,Fri,1204,NB,CE1E,712B 713B ,,R,D,BF,F , ,N,C,50,0,1,0,10,,1876398,5823256
Tauranga City,WAIHI ROAD,, ,I,OTUMOETAI ROAD,201443984,05/09/2014,Fri,1915,HA,CS2C,302A 353A 375A ,,E,W,DO,L ,R,G,R,50,0,0,0,,,1876349,5823236
Tauranga City,WAIHI ROAD,, ,I,PAINE ST,201416416,16/08/2014,Sat,1125,NC,CW1E,194A 387A 711B ,,M,D,B ,F ,T,S,C,50,0,0,1,29,,1876905,5823396
Tauranga City,WAIHI ROAD,, ,I,PAINE ST,201443580,22/08/2014,Fri,1025,BA,CN1C,112A 129A 514A 517A ,Q,R,D,BF,F ,T,S,C,50,0,0,0,,,1876905,5823396
Tauranga City,WAIHI ROAD,70,E, ,ROBINS ROAD,201410310,01/01/2014,Wed,645,CB,CE1,103A 129A ,C,R,D,BF,F , ,N,P,50,0,0,1,,,1877507,5823190
Tauranga City,WAIHI ROAD,, ,I,ROBINS ROAD,201413801,21/06/2014,Sat,205,DB,CW1,103A 111A 131A ,H,M,D,DO,F ,T,S,C,50,0,0,1,,,1877441,5823213
Tauranga City,WAIHI ROAD,, ,I,ROBINS ROAD,201430324,11/01/2014,Sat,1717,GD,VE1C,181A ,,R,D,B ,F ,T,S,C,50,0,0,0,,,1877441,5823213
Tauranga City,WAIHI ROAD,140,E, ,TEKOAH PLACE,201412814,13/05/2014,Tue,1315,GA,PE1C,181A 331A 402A 929 ,,R,D,B ,F ,D, ,P,50,0,0,1,,,1876977,5823372
Tauranga City,WAIHI ROAD,40,W, ,VERONA WAY,201432469,09/02/2014,Sun,210,EA,CW1C,129A ,M,E,D,DO,F , , ,C,50,0,0,0,,,1876670,5823404
Tauranga City,WAIHI ROAD,70,E, ,WAIHI OFF EBD,201448563,17/07/2014,Thu,500,CC,CE1,101A 112A 130A ,PT,R,D,DO,F , ,N,R,50,0,0,0,,,1875880,5823242
Tauranga City,WAIHI ROAD,, ,I,WAIHI OFF WBD,201450749,25/11/2014,Tue,1820,JA,4W1V,322A ,,E,D,BF,F ,T,T,R,50,0,0,0,,,1875676,5823147
Tauranga City,WAITAHA ROAD,20,N, ,RIVERSTONE DRIVE,201448272,22/11/2014,Sat,920,EA,CN1C,355A ,M,E,D,B ,F , ,N,N,50,0,0,0,,,1881222,5818722
Tauranga City,WARATAH ST,30,W, ,WARATAH WAY,201448606,21/11/2014,Fri,1415,BE,CE1C,501A 507A ,,R,D,B ,F , , ,C,50,0,0,0,,,1876241,5827005
Tauranga City,WATERFORD PARK DRIVE,50,S, ,GLOUCESTER ROAD,201447084,04/08/2014,Mon,1815,EA,CN1C,129A ,M,R,W,DO,F , ,N,N,50,0,0,0,,,1886981,5823072
Tauranga City,WELCOME BAY ROAD,40,N, ,ESMERALDA ST,201440628,13/07/2014,Sun,923,DA,CE1,501A ,KS,E,D,B ,F , , ,P,50,0,0,0,,,1881448,5819872
Tauranga City,WELCOME BAY ROAD,50,E, ,FORRESTER DRIVE,201411212,06/03/2014,Thu,748,EA,CE1B,104A 112A 363A 902 ,M,R,D,B ,F , , ,P,50,0,0,1,,,1881424,5819874
Tauranga City,WELCOME BAY ROAD,, ,I,HARBOURSIDE WAY,201415097,01/08/2014,Fri,1820,LB,MS1C,303B 375B ,,M,D,DO,F ,T,N,C,60,0,1,0,,,1880532,5819891
Tauranga City,WELCOME BAY ROAD,, ,I,JAMES COOK DRIVE,201450543,31/12/2014,Wed,1230,LB,CW1C,303B 330B ,,E,D,O ,F ,T,G,C,60,0,0,0,,,1880641,5819811
Tauranga City,WELCOME BAY ROAD,1100,E, ,KAIRUA ROAD,201445907,20/10/2014,Mon,200,DB,CE1,129A 131A 357A ,V,M,D,DN,F , , ,C,100,0,0,0,,,1887254,5820440
Tauranga City,WELCOME BAY ROAD,, ,I,KAIRUA ROAD,201411756,29/03/2014,Sat,815,JA,SE14,321B 375B ,,E,D,B ,F ,T,S,C,60,0,0,1,,42,1886370,5820300
Tauranga City,WELCOME BAY ROAD,130,E, ,KAITEMAKO ROAD,201410713,19/03/2014,Wed,2340,DB,CS1,103A 111A 431A ,P,E,D,DO,F , ,N,R,50,0,0,1,,,1880168,5819857
Tauranga City,WELCOME BAY ROAD,5,W, ,OHAUITI ROAD,201442948,21/08/2014,Thu,902,FE,CS1C,331A 386A ,,R,D,B ,F ,T,T,X,50,0,0,0,,,1879286,5819746
Tauranga City,WELCOME BAY ROAD,, ,I,OHAUITI ROAD,201434806,06/04/2014,Sun,1927,DA,VN2,131A ,IP,R,D,DO,F ,T,T,R,50,0,0,0,,,1879290,5819743
Tauranga City,WELCOME BAY ROAD,100,E, ,RANGINUI ROAD,201448570,13/11/2014,Thu,900,LB,CW1C,303B 352B 375B 930 ,,E,D,OF,F ,D,N,C,60,0,0,0,,,1882419,5819607
Tauranga City,WELCOME BAY ROAD,300,E, ,RANGINUI ROAD,201436984,20/05/2014,Tue,943,GB,CW1T,158A 817 929 ,,R,D,B ,F ,D,N,N,80,0,0,0,,,1882612,5819632
Tauranga City,WELCOME BAY ROAD,1000,E, ,RANGINUI ROAD,201444400,23/09/2014,Tue,600,DB,CW1,111A 402A 410A ,C,E,D,B ,F , , ,C,80,0,0,0,,,1883200,5819948