TLANAME,CRASHROAD,CRASHDIST,CRASHDIRN,INTSN,SIDEROAD,CRASHID,CRASHDATE,CRASHDOW,CRASHTIME,MVMT,VEHICLES,CAUSES,OBJECTSSTRUCK,ROADCURVE,ROADWET,LIGHT,WTHRa,JUNCTYPE,TRAFCTRL,ROADMARK,SPDLIM,CRASHFATALCNT,CRASHSEVCNT,CRASHMINCNT,PERSAGE1,PERSAGE2,EASTING,NORTHING
Tauranga City,WELCOME BAY ROAD,50,E, ,REID ROAD,201442822,04/09/2014,Thu,1920,DB,CW1,110A 131A ,,S,W,DN,F , ,N,C,80,0,0,0,,,1888301,5820167
Tauranga City,WELCOME BAY ROAD,, ,I,REID ROAD,201434065,20/04/2014,Sun,1750,DA,MW1,111A 514A ,,M,W,DN,F ,T,N,C,100,0,0,0,,,1888257,5820143
Tauranga City,WELCOME BAY ROAD,10,E, ,SH 29,201438416,20/06/2014,Fri,1820,AA,CE1V,372A ,,E,D,DO,F ,R,T,R,50,0,0,0,,,1879258,5819773
Tauranga City,WHARF ST,50,E, ,WILLOW ST,201446638,31/10/2014,Fri,209,NG,VE1E,376A ,,R,D,DO,F , , ,C,50,0,0,0,,,1879498,5824585
Tauranga City,WHARF ST,20,W, ,WILLOW ST,201450876,11/11/2014,Tue,1244,MG,CE1B,371B ,,R,D,BF,F , ,N,C,50,0,0,0,,,1879428,5824583
Tauranga City,WILLOW ST,, ,I,HAMILTON ST,201415193,25/08/2014,Mon,1630,HA,SN1C,302B 370B ,,R,D,B ,F ,X,G,C,50,0,0,1,,64,1879444,5824705
Tauranga City,WILLOW ST,, ,I,MCLEAN ST,201448077,24/11/2014,Mon,930,HA,4W2C,103B 112B ,,R,D,O ,F ,X,S,C,50,0,0,0,,,1879438,5824865
Tauranga City,WILLOW ST,25,S, ,WHARF ST,201433496,27/03/2014,Thu,1017,MO,VN1T,330A ,M,R,D,BF,F , ,N,N,50,0,0,0,,,1879449,5824559
Tauranga City,WILLOW ST,, ,I,WHARF ST,201413316,29/05/2014,Thu,1925,HA,CW2M,301A 375A ,,R,D,DO,F ,X,S,C,50,0,0,1,,,1879448,5824584
Tauranga City,WINDERMERE DRIVE,100,E, ,COLLEGE PLACE,201444973,23/07/2014,Wed,735,MD,BE1C,371B 929 ,,R,D,O ,F ,D,N,C,50,0,0,0,,,1877781,5819476
Tauranga City,WINDERMERE DRIVE,100,S, ,LAGOON PLACE,201444698,13/09/2014,Sat,1710,EA,TN1C,130A 410A ,M,E,D,O ,F , ,N,C,50,0,0,0,,,1877639,5819182
Tauranga City,WINDSOR ROAD,, ,I,PRINCESS ROAD,201412915,28/05/2014,Wed,1802,JA,PN1C,302B 387B ,,R,D,DO,F ,T,G,C,50,0,0,1,,,1875911,5825200
Tauranga City,WYLIE ST,, ,I,JONES ST,201443982,09/09/2014,Tue,1525,DA,CN2,131A 402A ,P,R,D,BF,F ,T,G,C,50,0,0,0,,,1875672,5820752
Tauranga City,Z CPK BAY FAIR,30,N, ,GIRVEN ROAD,201412071,22/04/2014,Tue,1550,FO,SN1C,174A ,,R,D,B ,F , ,N,N,50,0,0,1,,17,1884314,5825295
Tauranga City,Z CPK BAYFAIR,50,E, ,SH 2,201415763,31/08/2014,Sun,15,DA,CN1,103A 433A ,P,R,D,DO,FS, ,N,N,20,0,0,1,,,1884170,5825390
Tauranga City,2/146/1.279,, ,I,TE PAEROA ROAD,201436986,29/05/2014,Thu,1030,AA,TW1C,111A 386A ,,E,D,O ,F ,R,G,R,50,0,0,0,,,1873906,5823406
Tauranga City,2/146/1.446,270,W, ,BETHLEHEM ROAD,201446274,24/09/2014,Wed,830,FD,CE1C,181A ,,R,D,BN,F , ,N,C,90,0,0,0,,,1874074,5823403
Tauranga City,2/146/1.666,50,W, ,BETHLEHEM ROAD,201412763,10/05/2014,Sat,1449,AC,CE1M,372A ,,R,D,BF,F , ,N,C,50,0,0,1,,,1874294,5823412
Tauranga City,2/146/1.716,, ,I,BETHLEHEM ROAD,201432317,15/02/2014,Sat,1152,LB,CE1C,302A ,,M,D,B ,F ,R,G,R,50,0,0,0,,,1874344,5823414
Tauranga City,2/146/1.716,, ,I,BETHLEHEM ROAD,201431452,07/03/2014,Fri,1745,HA,CE1C,302A 353A ,,E,D,BF,F ,R,G,R,50,0,0,0,,,1874344,5823414
Tauranga City,2/146/1.716,, ,I,BETHLEHEM ROAD,201430410,30/01/2014,Thu,1130,MG,VE1C,371B 420B ,,R,D,B ,F ,R,G,C,50,0,0,0,,,1874344,5823414
Tauranga City,2/146/1.716,, ,I,BETHLEHEM ROAD,201438166,06/04/2014,Sun,920,GC,CE1C,171B ,,R,D,BF,F ,R,G,R,50,0,0,0,,,1874344,5823414
Tauranga City,2/146/1.729,, ,I,BETHLEHEM ROAD,201434514,08/02/2014,Sat,1149,DA,CS1,135A 801 ,S,E,W,OF,F ,R,G,R,50,0,0,0,,,1874346,5823420
Tauranga City,MOFFAT ROAD,, ,I,2/146/1.737,201448605,28/11/2014,Fri,1515,GB,VN1C,172B 355B 404B ,,M,D,O ,F ,R,G,R,50,0,0,0,,,1874359,5823404
Tauranga City,2/146/1.799,50,E, ,MOFFAT ROAD,201446773,18/10/2014,Sat,1030,MO,CE1C,371A 386A ,M,R,D,B ,F , ,N,P,50,0,0,0,,,1874416,5823415
Tauranga City,2/146/2.94,500,E, ,MAYFIELD LANE,201438375,22/05/2014,Thu,315,DB,CW1,101A 111A 131A 402A ,G,E,D,DO,F , , ,R,80,0,0,0,,,1875491,5823481
Tauranga City,2/146/3.61,, ,I,WAIHI OFF WBD,201444630,26/09/2014,Fri,230,FA,TN1C,112A 330A 112B ,,R,D,DO,F ,T,N,C,80,0,0,0,,,1875893,5822961
Tauranga City,2/151/0.26,260,E, ,SH 2A TAMATEA ARIKINUI,201418170,28/12/2014,Sun,1235,CA,CW1,130A 501A ,G,R,D,B ,F , , ,P,80,0,1,3,,,1877290,5822485
Tauranga City,2/151/1.222,400,S, ,ELEVENTH AVENUE OBR,201433536,06/03/2014,Thu,845,AA,TN1C,372A 671A ,,E,D,BF,F , ,N,C,80,0,0,0,,,1877862,5822741
Tauranga City,2/151/1.441,, ,I,ELEVENTH OFF NBD,201442346,17/08/2014,Sun,820,JA,CE1C,322A 137B 322B ,,E,D,B ,F ,T,T,C,50,0,0,0,,,1877984,5822922
Tauranga City,2/151/1.446,5,N, ,ELEVENTH OFF NBD,201444287,12/09/2014,Fri,930,AA,TN14,353A 372A ,,R,D,O ,F ,T,N,C,80,0,0,0,,,1877986,5822927
Tauranga City,2/151/1.822,, ,I,WAIHI ON NBD,201443204,02/09/2014,Tue,845,AC,TN1C,372A ,,E,D,O ,F ,T,N,P,80,0,0,0,,,1878163,5823252
Tauranga City,2/151/2.431,300,S, ,ELIZABETH ST,201440709,03/08/2014,Sun,1240,EC,VS1,911,W,R,W,O ,L , , ,R,80,0,0,0,,,1878683,5823998
Tauranga City,2/151/2.621,110,S, ,ELIZABETH ST,201414437,22/06/2014,Sun,1359,CC,CS1,133A ,G,R,D,BF,F , ,N,C,80,0,0,1,,,1878792,5824152
Tauranga City,2/151/2.731,, ,I,ELIZABETH ST,201432664,03/03/2014,Mon,1235,HA,TS1C,302A ,,R,D,B ,F ,R,G,C,50,0,0,0,,,1878855,5824242
Tauranga City,2/151/2.804,10,N, ,ELIZABETH ST,201438782,19/04/2014,Sat,1537,FB,CS1C,103A 387A ,,E,D,OF,F ,R,G,R,50,0,0,0,,,1878874,5824292
Tauranga City,2/151/3.188,100,N, ,ELIZABETH ST,201414250,06/08/2014,Wed,1240,AC,CN1M,372A 671A ,,R,D,B ,F , ,N,C,80,0,0,1,,,1878884,5824382
Tauranga City,2/151/4.377,50,E, ,CHAPEL OFF WBD,201447470,25/11/2014,Tue,1700,BB,TE1C,123A ,,M,D,B ,F , ,N,C,80,0,0,0,,,1879520,5825621
Tauranga City,2/151/4.638,20,E, ,MIRRIELEES OFF WBD,201443075,16/09/2014,Tue,1450,FD,VW1C,331A ,,R,D,B ,F , , ,C,80,0,0,0,,,1879763,5825549
Tauranga City,2/151/5.106,400,E, ,MIRRIELEES UNDERPASS,201435301,05/04/2014,Sat,1927,EC,VE1,827,X,E,D,TO,F , , ,C,100,0,0,0,,,1879910,5825505
Tauranga City,2/151/5.148,530,E, ,MIRRIELEES OFF WBD,201444855,29/10/2014,Wed,430,DA,CW1,129A 410A ,G,E,W,DO,L , ,N,C,80,0,0,0,,,1880251,5825523
Tauranga City,2/151/5.728,800,W, ,TASMAN QUAY,201446637,27/10/2014,Mon,1435,FA,CS1C,181A 197A 331A ,G,R,D,O ,F , , ,R,100,0,0,0,,,1880497,5826002
Tauranga City,2/151/5.992,, ,A,TAURANGA BRIDGE MARINA,201434415,26/02/2014,Wed,815,AA,TN1C,184A ,,R,D,B ,F , , ,C,50,0,0,0,,,1880484,5825976
Tauranga City,2/151/5.992,, ,A,TAURANGA BRIDGE MARINA,201416670,31/10/2014,Fri,1315,FE,4S1C,331A 350A ,,R,D,B ,F ,T,T,C,70,0,0,1,,,1880484,5825976
Tauranga City,2/151/6.618,200,W, ,TASMAN QUAY,201434225,13/03/2014,Thu,820,AO,TE1C,184A 671A 184B 370B ,,E,D,B ,F , , ,C,70,0,0,0,,,1880689,5826519
Tauranga City,2/151/6.618,200,W, ,TASMAN QUAY,201449787,16/12/2014,Tue,1556,FD,CW1C4,331A 353A ,,E,D,O ,F , ,N,C,70,0,0,0,,,1880689,5826519
Tauranga City,2/151/6.718,100,W, ,TASMAN QUAY,201435521,23/04/2014,Wed,1305,AA,CW1T,184A 184B ,GI,R,D,B ,F , , ,R,70,0,0,0,,,1880788,5826521
Tauranga City,2/157/0,, ,I,TASMAN QUAY,201450301,23/11/2014,Sun,2304,CA,CE1,130A 358A ,IS,R,D,DO,F ,X,T,R,70,0,0,0,,,1880888,5826518
Tauranga City,2/157/0,, ,I,TASMAN QUAY,201430291,06/01/2014,Mon,1415,AC,CW1T,159A ,,R,D,B ,F ,X,T,R,70,0,0,0,,,1880888,5826518
Tauranga City,2/157/0,, ,I,TASMAN QUAY,201438321,12/06/2014,Thu,1000,FE,VE1C,181A 331A 801 ,,R,W,O ,L ,X,T,C,70,0,0,0,,,1880888,5826518
Tauranga City,2/157/0,, ,I,TASMAN QUAY,201430407,28/01/2014,Tue,1435,FE,CW1V,181A ,,R,D,B ,F ,X,T,R,70,0,0,0,,,1880888,5826518
Tauranga City,2/157/0.184,50,W, ,TOTARA ST,201414127,21/06/2014,Sat,1001,AC,BE1S,372A ,,R,D,OF,F , ,N,R,70,0,0,1,,43,1881072,5826512
Tauranga City,2/157/0.234,, ,I,TOTARA ST,201446799,11/11/2014,Tue,830,FE,CE1V,181A 331A ,,R,D,B ,F ,X,T,C,70,0,0,0,,,1881122,5826507
Tauranga City,2/157/0.234,, ,I,TOTARA ST,201444264,11/09/2014,Thu,1941,AD,CW1,112A 130A 151A ,IP,R,D,DO,F ,X,T,R,70,0,0,0,,,1881122,5826507
Tauranga City,TOTARA ST,, ,I,2/157/0.234,201416934,09/09/2014,Tue,750,FE,VS1C,181A ,,R,D,OF,F ,X,T,C,70,0,0,2,,,1881122,5826507
Tauranga City,2/157/0.264,30,E, ,TOTARA ST,201439049,01/07/2014,Tue,840,FE,CW1CCC,331A 358A ,,R,D,BF,F ,X,T,R,70,0,0,0,,,1881152,5826506
Tauranga City,2/157/0.284,50,E, ,TOTARA ST,201444266,17/09/2014,Wed,725,AA,VE1T,184A 184B ,,R,D,O ,F , , ,C,70,0,0,0,,,1881172,5826505
Tauranga City,2/157/0.797,70,W, ,HOCKING ST,201413675,10/06/2014,Tue,716,GB,ME1V,192A 901 927 ,S,R,W,O ,H ,D, ,C,70,0,0,1,,,1881684,5826483
Tauranga City,2/157/0.8,800,E, ,TASMAN QUAY,201436918,23/05/2014,Fri,905,FA,CE1C,181A 331A 191B ,,R,D,B ,F , , ,C,70,0,0,0,,,1881687,5826482
Tauranga City,2/157/0.897,30,E, ,HOCKING ST,201415536,06/09/2014,Sat,950,GB,MW1C,330B 372B 927 ,,R,D,B ,F ,D, ,R,70,0,1,0,,,1881784,5826479
Tauranga City,2/157/0.994,130,W, ,JEAN BATTEN DRIVE,201416074,05/10/2014,Sun,2245,CC,CE1,103A 410A ,G,R,D,DO,F , ,N,R,70,0,0,2,,,1881882,5826475
Tauranga City,2/157/1.094,30,W, ,JEAN BATTEN DRIVE,201411057,05/02/2014,Wed,1600,FD,CE1C,331A 359A 402A ,,R,D,B ,F , , ,C,70,0,0,1,,,1881982,5826471
Tauranga City,2/157/1.124,, ,I,JEAN BATTEN DRIVE,201433107,29/03/2014,Sat,1230,AC,CE1VV,159A ,,R,D,B ,F ,X,T,R,70,0,0,0,,,1882012,5826470
Tauranga City,2/157/1.124,, ,I,MARU ST,201412604,11/04/2014,Fri,1749,AA,SE1C,372A ,,R,W,OF,L ,X,T,C,70,0,0,1,,24,1882012,5826470
Tauranga City,2/157/1.174,50,E, ,MARU ST,201431455,27/02/2014,Thu,1514,FD,CW1C4,331A 350A ,,R,D,BF,F , ,N,C,70,0,0,0,,,1882062,5826468
Tauranga City,2/157/1.304,180,E, ,MARU ST,201436509,21/05/2014,Wed,1620,AO,CW1T,129A 330A 129B 330B ,,R,D,O ,F , , ,R,70,0,0,0,,,1882191,5826463
Tauranga City,2/157/1.324,200,E, ,JEAN BATTEN DRIVE,201447199,24/10/2014,Fri,1625,FA,CW1C,181A 331A ,,R,D,B ,F , , ,C,70,0,0,0,,,1882211,5826462
Tauranga City,2/157/1.324,200,E, ,JEAN BATTEN DRIVE,201449324,18/12/2014,Thu,1150,AC,VE1B,372A ,,R,D,O ,F , , ,C,70,0,0,0,,,1882211,5826462
Tauranga City,2/157/1.56,100,W, ,AERODROME ROAD,201431746,03/02/2014,Mon,1346,AC,CE1B,350A 372A 927 ,M,R,D,B ,F ,D,N,R,70,0,0,0,,,1882447,5826453
Tauranga City,2/157/1.56,100,W, ,AERODROME ROAD,201436656,22/05/2014,Thu,1704,FD,CE1CCC,402A 423A ,,R,D,O ,F , ,N,C,70,0,0,0,,,1882447,5826453
Tauranga City,2/157/1.61,50,W, ,AERODROME ROAD,201450541,19/12/2014,Fri,1325,FD,TE1CV,331A 350A ,,R,D,B ,F , , ,C,70,0,0,0,,,1882497,5826451
Tauranga City,2/157/1.63,30,W, ,AERODROME ROAD,201410124,08/01/2014,Wed,1650,AA,CE1CCC,177A 331A 402A ,,R,D,B ,F , , ,R,70,0,0,1,,,1882517,5826450
Tauranga City,HEWLETTS ROAD,, ,I,AERODROME ROAD,201411600,30/03/2014,Sun,1710,HA,MW14,322B ,,R,D,BF,F ,X,T,R,70,0,0,1,,,1882547,5826449
Tauranga City,2/157/1.71,50,E, ,AERODROME ROAD,201418385,29/12/2014,Mon,936,BF,CW1CC,104A 129A 410A ,,E,D,OF,F , ,N,L,70,0,1,1,,,1882597,5826447
Tauranga City,2/157/2.145,600,N, ,SPUR AVENUE,201448568,21/10/2014,Tue,1730,AA,CS1M,372A ,,E,D,BF,F , ,N,P,100,0,0,0,,,1883021,5826432
Tauranga City,2/157/2.432,, ,I,MAUNGANUI ROAD,201433497,24/03/2014,Mon,940,GF,CS1C,381A ,,E,D,BF,F ,R,G,R,70,0,0,0,,,1883193,5826206
Tauranga City,2/157/2.695,50,N, ,SPUR AVENUE,201447638,14/11/2014,Fri,1910,MC,CS14,303B 375B ,,E,D,OF,F , ,N,C,70,0,0,0,,,1883375,5826016
Tauranga City,2/157/2.705,40,N, ,SPUR AVENUE,201445601,03/09/2014,Wed,1118,AA,CN1C,330A 372A 671A ,M,R,D,B ,F , , ,L,70,0,0,0,,,1883383,5826009
Tauranga City,2/157/2.745,, ,I,SPUR AVENUE,201414740,02/08/2014,Sat,1145,NA,CS1E,711B ,,R,D,B ,F ,T,G,C,70,0,0,1,,,1883412,5825982
Tauranga City,2/157/2.745,, ,I,SPUR AVENUE,201440007,08/07/2014,Tue,926,MA,CE1C,202B 372B ,,R,D,OF,F ,T,G,P,70,0,0,0,,,1883412,5825982
Tauranga City,2/157/2.76,15,S, ,SPUR AVENUE,201434223,07/03/2014,Fri,1735,FD,VS1C,181A 331A ,,R,D,B ,F , , ,C,70,0,0,0,,,1883423,5825972
Tauranga City,2/157/2.825,80,S, ,SPUR AVENUE,201434090,24/02/2014,Mon,715,MG,4N1C,357A 357B 371B ,,R,D,B ,F , ,N,C,50,0,0,0,,,1883473,5825930
Tauranga City,2/157/3.045,300,S, ,SPUR AVENUE,201415354,11/07/2014,Fri,1740,LB,MS1C,303B 314B 375B 929 ,,R,W,TF,F ,D,N,C,70,0,0,1,,,1883638,5825785
Tauranga City,2/157/3.095,300,N, ,CONCORD AVENUE,201448198,25/11/2014,Tue,1355,MD,CS1C,308B 371B 929 ,,R,D,B ,F ,D,N,P,70,0,0,0,,,1883676,5825752
Tauranga City,2/157/3.295,100,N, ,CONCORD AVENUE,201435685,09/05/2014,Fri,1552,CB,VS1,132A 137A 800 ,K,R,W,B ,F , , ,P,70,0,0,0,,,1883825,5825620
Tauranga City,2/157/3.728,100,N, ,GIRVEN ROAD,201414519,13/06/2014,Fri,1820,FD,CN1VCC,112A 331A ,,R,D,DO,F , , ,R,70,0,0,2,,,1884134,5825317
Tauranga City,2/157/3.808,20,N, ,GIRVEN ROAD,201430281,15/01/2014,Wed,1727,FD,4S1C,181A 331A ,,R,D,B ,F , , ,R,70,0,0,0,,,1884182,5825254
Tauranga City,2/157/3.828,, ,I,GIRVEN ROAD,201434130,12/04/2014,Sat,1012,GB,CS14,340A ,,S,D,B ,F ,R,G,C,70,0,0,0,,,1884189,5825235
Tauranga City,2/157/3.828,, ,I,GIRVEN ROAD,201439903,17/06/2014,Tue,1607,GC,CS1V,171B 404B ,,S,W,OF,L ,R,G,R,70,0,0,0,,,1884189,5825235
Tauranga City,2/157/3.869,, ,I,MATAPIHI ROAD,201444915,03/10/2014,Fri,1345,HA,CE24,302A 375A ,,E,W,B ,F ,R,G,C,70,0,0,0,,,1884168,5825203
Tauranga City,2/157/3.869,, ,I,MATAPIHI ROAD,201413299,22/05/2014,Thu,610,HA,4E2VV,302A 375A ,,M,D,DO,F ,R,G,R,70,0,0,1,,,1884168,5825203
Tauranga City,2/157/3.869,, ,I,MATAPIHI ROAD,201441727,08/08/2014,Fri,700,DB,CE2,131A 350A ,GK,M,D,O ,F ,R,G,R,70,0,0,0,,,1884173,5825223
Tauranga City,2/157/3.869,, ,I,MATAPIHI ROAD,201434812,07/04/2014,Mon,1025,HA,CE24,302A 375A ,,M,D,BF,F ,R,G,R,70,0,0,0,,,1884168,5825203
Tauranga City,2/157/3.874,, ,I,GIRVEN ROAD,201430014,05/01/2014,Sun,1341,DA,CE2,110A 357A 402A ,G,R,W,OF,L ,R,G,R,70,0,0,0,,,1884220,5825195
Tauranga City,2/157/3.874,, ,I,MATAPIHI ROAD,201441252,22/07/2014,Tue,1526,GC,CW2C,171B 330B ,,E,D,B ,F ,R,G,R,70,0,0,0,,,1884223,5825212
Tauranga City,2/157/3.91,, ,I,GIRVEN ROAD,201431923,17/02/2014,Mon,1540,HA,VS1V,302A 375A ,,R,D,BF,F ,R,G,C,70,0,0,0,,,1884207,5825182
Tauranga City,2/157/3.91,, ,I,GIRVEN ROAD,201413894,18/06/2014,Wed,650,HA,MN1V,302A 382A ,,R,D,DO,F ,R,G,R,70,0,1,0,,,1884207,5825182
Tauranga City,2/157/3.91,, ,I,GIRVEN ROAD,201436618,07/05/2014,Wed,1515,HA,CS1C,302A 378A ,,R,D,B ,F ,R,G,C,70,0,0,0,,,1884207,5825182
Tauranga City,2/157/3.91,, ,I,GIRVEN ROAD,201440261,11/06/2014,Wed,1348,HA,CN1C,302A 353A 602B 901 ,,S,W,O ,H ,R,G,R,70,0,0,0,,,1884207,5825182
Tauranga City,2/157/3.91,, ,I,GIRVEN ROAD,201434811,08/04/2014,Tue,1907,HA,4S1C,302A 375A ,,M,D,DO,F ,R,G,R,70,0,0,0,,,1884207,5825182
Tauranga City,2/157/3.91,, ,I,MATAPIHI ROAD,201446398,23/09/2014,Tue,1526,GF,CN1C,372A ,,R,D,BF,F ,R,G,R,70,0,0,0,,,1884207,5825182
Tauranga City,2/157/3.92,10,N, ,GIRVEN ROAD,201442339,21/08/2014,Thu,950,HA,CN1T,302A 375A ,,R,W,B ,F ,R,G,C,50,0,0,0,,,1884211,5825173
Tauranga City,2/157/3.921,, ,I,GIRVEN ROAD,201446775,03/11/2014,Mon,1205,CA,VS1,112A 357A ,P,R,D,B ,F ,R,G,C,60,0,0,0,,,1884182,5825183
Tauranga City,2/157/3.921,, ,I,GIRVEN ROAD,201440048,27/07/2014,Sun,300,DA,MS1,101A 131A ,F,E,D,DO,F ,R,G,C,70,0,0,0,,,1884182,5825183
Tauranga City,2/157/4.01,100,S, ,MATAPIHI ROAD,201413830,13/06/2014,Fri,1820,FD,CN1VCC,110A 331A ,,R,D,DO,F , , ,P,70,0,0,2,,,1884239,5825087
Tauranga City,2/157/4.232,50,N, ,EXETER ST,201440050,19/07/2014,Sat,1220,AC,TS1C,372A ,S,R,D,BF,F , ,N,P,70,0,0,0,,,1884307,5824876
Tauranga City,2/157/4.343,50,S, ,EXETER ST,201431155,22/02/2014,Sat,1220,FD,CN1V,181A 197A 191B ,,R,D,B ,F , ,N,C,70,0,0,0,,,1884339,5824781
Tauranga City,2/157/4.493,200,S, ,EXETER ST,201434064,24/04/2014,Thu,825,AD,CN1C,112A 158A ,,R,D,O ,F , ,N,C,70,0,0,0,,,1884391,5824641
Tauranga City,2/157/4.664,, ,I,SH 29,201446698,21/10/2014,Tue,1749,GF,CE1C,386A ,,E,D,O ,F ,R,G,R,70,0,0,0,,,1884497,5824494
Tauranga City,2/157/4.664,, ,I,SH 29,201440046,15/07/2014,Tue,1915,GC,CS1C,173A ,,E,D,DO,F ,R,G,R,70,0,0,0,,,1884497,5824494
Tauranga City,2/164/0.036,, ,I,SH 29,201435514,25/04/2014,Fri,1700,JA,CN1C,302B ,,E,D,B ,F ,R,G,R,70,0,0,0,,,1884515,5824470
Tauranga City,2/164/0.045,, ,I,SH 29,201437813,04/06/2014,Wed,600,AA,CE14,372A ,,R,D,DO,F ,R,G,C,70,0,0,0,,,1884519,5824472
Tauranga City,2/164/0.088,30,E, ,SH 29,201435988,13/04/2014,Sun,1753,MC,CE1C,353B 372B 817 ,,R,W,BF,F , ,N,C,100,0,0,0,,,1884542,5824451
Tauranga City,2/164/0.358,300,S, ,SH 29,201450751,14/12/2014,Sun,1410,FD,CW1T,181A ,,E,W,OF,M , ,N,R,70,0,0,0,,,1884759,5824291
Tauranga City,2/164/2.415,1200,W, ,BRUCE ROAD,201444484,17/09/2014,Wed,655,AA,VS1V,159A 330A ,,R,D,B ,F , , ,C,80,0,0,0,,,1886474,5823138
Tauranga City,2/164/3.212,400,N, ,BRUCE ROAD,201448555,24/11/2014,Mon,1737,CB,CN1C,129A 130A 350A 902 ,G,R,D,BN,F , ,N,C,100,0,0,0,,,1887090,5822642
Tauranga City,2/164/3.815,200,E, ,BRUCE ROAD,201444520,29/09/2014,Mon,1515,QG,TW1C,668A ,,R,D,O ,F , , ,C,80,0,0,0,,,1887543,5822249
Tauranga City,2/164/4.242,200,N, ,KAIRUA ROAD,201446696,06/11/2014,Thu,1712,FD,CN1CC,181A 181B 801 901 ,,R,W,O ,H , , ,C,80,0,0,0,,,1887868,5821967
Tauranga City,2/164/4.425,800,E, ,BRUCE ROAD,201416854,17/10/2014,Fri,930,BE,CS1VC,125A 350A 137B ,,R,D,B ,F , ,N,X,100,0,0,2,,,1888005,5821868
Tauranga City,2/164/4.645,200,S, ,KAIRUA ROAD,201444267,12/09/2014,Fri,1145,BE,CS1TT,350A ,,R,D,B ,F , , ,C,80,0,0,0,,,1888194,5821736
Tauranga City,2/164/6.073,20,E, ,TARA ROAD,201442243,29/08/2014,Fri,1510,AO,CE1C,184A 184B 404B ,,E,D,B ,F , , ,C,50,0,0,0,,,1889258,5820817
Tauranga City,2/164/6.078,300,S, ,DOMAIN ON NBD,201444942,13/09/2014,Sat,1600,CB,MN1,132A 402A 817 ,,R,W,O ,L , ,N,C,100,0,0,0,,,1889227,5820775
Tauranga City,2/164/6.113,50,E, ,TARA ROAD,201447651,17/11/2014,Mon,1155,BC,CE1T,129A 353A ,,M,D,ON,L , ,N,L,50,0,0,0,,,1889281,5820797
Tauranga City,2/164/6.472,, ,A,RAIL OBR,201440805,19/07/2014,Sat,2200,BF,CN1C,103A 131A ,GI,E,D,DO,F ,R,G,R,50,0,0,0,,,1889503,5820509
Tauranga City,29/6/0,, ,I,MAUNGANUI ROAD,201443208,15/07/2014,Tue,1530,FB,CE1C,181A ,,S,D,B ,F ,R,G,R,50,0,0,0,,,1884498,5824472
Tauranga City,29/6/0,, ,I,SH 2,201430248,08/01/2014,Wed,1513,FB,CE1C,181A 387A ,,E,D,B ,F ,R,G,P,70,0,0,0,,,1884498,5824472
Tauranga City,29/6/0,, ,I,SH 2 MAUNGANUI,201447500,24/10/2014,Fri,750,FA,CN1C,181A 331A ,,E,D,B ,F ,R,G,C,50,0,0,0,,,1884499,5824476
Tauranga City,29/6/0,, ,I,SH 2 MAUNGANUI ROAD,201431102,01/02/2014,Sat,1130,FA,VN1C,181A 422B ,,E,D,B ,F ,R,G,R,70,0,0,0,,,1884499,5824476
Tauranga City,29/6/0.128,, ,I,TRUMAN ROAD,201448302,29/12/2014,Mon,1710,JA,CE14,302B ,,E,D,B ,F ,R,G,R,70,0,0,0,,,1884420,5824380
Tauranga City,29/6/0.147,, ,I,TRUMAN ROAD,201436981,24/05/2014,Sat,954,DA,VW2,111A 131A 801 ,,M,W,O ,L ,R,G,R,70,0,0,0,,,1884417,5824347
Tauranga City,29/6/0.228,80,W, ,TRUMAN ROAD,201439915,15/06/2014,Sun,1850,AA,CE1V,372A ,,E,D,DN,F , ,N,C,100,0,0,0,,,1884321,5824379
Tauranga City,29/6/4.055,400,N, ,MAUNGATAPU BR N,201444586,04/10/2014,Sat,724,DB,CS1,410A ,G,E,W,O ,L , , ,C,100,0,0,0,,,1881511,5822308
Tauranga City,29/6/5.214,2000,N, ,MAUNGATAPU ROAD,201439610,08/07/2014,Tue,1527,MC,CN1C,372B ,,E,D,O ,F , , ,L,100,0,0,0,,,1880862,5821335
Tauranga City,29/6/6.961,200,E, ,MAUNGATAPU ROAD,201448063,21/11/2014,Fri,735,AO,CE1V,184A ,,E,D,O ,F , , ,C,80,0,0,0,,,1879672,5820062
Tauranga City,29/6/7.197,, ,I,MAUNGATAPU ROAD,201438799,15/05/2014,Thu,920,AO,CE1C,372A 381A ,,M,D,BF,F ,R,G,R,50,0,0,0,,,1879468,5820071
Tauranga City,29/6/7.242,, ,I,MAUNGATAPU ROAD,201443073,10/09/2014,Wed,1600,AO,CW1C,129A ,,M,D,O ,F ,R,T,R,50,0,0,0,,,1879454,5819995
Tauranga City,29/6/7.306,, ,I,SH 2A,201416049,04/10/2014,Sat,1822,MB,CS1C,372B ,,E,D,B ,F ,R,T,R,50,0,0,1,,,1879394,5819977
Tauranga City,MAUNGATAPU ROAD,, ,I,29/13/0,201450726,15/12/2014,Mon,1050,GC,CN1T,173A ,,R,D,BF,F ,R,T,C,50,0,0,0,,,1879385,5819984
Tauranga City,29/13/0,, ,I,SH 2A,201430017,02/01/2014,Thu,1125,FE,4N1CC,330A 350A 371A 407A ,,R,D,BF,F ,R,T,C,50,0,0,0,,,1879385,5819984
Tauranga City,WELCOME BAY ROAD,, ,I,29/13/0.235,201436497,17/05/2014,Sat,2346,DB,CS2,103A 111A 131A ,F,M,D,DO,F ,R,G,R,50,0,0,0,,,1879252,5819785
Tauranga City,29/13/0.246,, ,I,HAIRINI ST,201447186,12/11/2014,Wed,1245,KA,4S1C,322A 322B ,,E,D,O ,F ,R,T,C,50,0,0,0,,,1879251,5819780