TLANAME,CRASHROAD,CRASHDIST,CRASHDIRN,INTSN,SIDEROAD,CRASHID,CRASHDATE,CRASHDOW,CRASHTIME,MVMT,VEHICLES,CAUSES,OBJECTSSTRUCK,ROADCURVE,ROADWET,LIGHT,WTHRa,JUNCTYPE,TRAFCTRL,ROADMARK,SPDLIM,CRASHFATALCNT,CRASHSEVCNT,CRASHMINCNT,PERSAGE1,PERSAGE2,EASTING,NORTHING
Tauranga City,29/13/0.363,100,S, ,WELCOME BAY ROAD,201439053,02/07/2014,Wed,1445,EA,CN1C,331A 358A ,M,E,W,OF,F , ,N,C,50,0,0,0,,,1879182,5819692
Tauranga City,29/13/0.563,300,S, ,HAIRINI ST,201439719,26/06/2014,Thu,1740,FD,CN1C,180A 180B ,,R,D,DN,F , , ,C,100,0,0,0,,,1879031,5819567
Tauranga City,29/13/1.139,1100,E, ,POIKE ROAD,201442124,14/08/2014,Thu,1215,QG,4W1,680A ,V,R,D,B ,F , , ,C,100,0,0,0,,,1878486,5819383
Tauranga City,29/13/1.939,300,N, ,POIKE ROAD,201411936,03/04/2014,Thu,650,FA,TS1S,341A ,,E,D,DN,F , ,N,N,100,0,0,1,,27,1877833,5818980
Tauranga City,29/13/1.989,250,N, ,POIKE ROAD,201441859,16/08/2014,Sat,2330,DB,CS1,131A ,F,E,D,DN,F , , ,C,100,0,0,0,,,1877811,5818935
Tauranga City,29/13/2.039,200,N, ,POIKE ROAD,201439914,13/06/2014,Fri,2024,CB,CN1,410A ,FT,R,D,DO,F , ,N,C,100,0,0,0,,,1877793,5818888
Tauranga City,29/13/2.239,, ,I,POIKE ROAD,201414973,07/07/2014,Mon,1420,LB,ME1C,302B ,,R,D,OF,F ,R,G,C,100,0,0,1,,,1877725,5818700
Tauranga City,29/13/2.275,, ,I,POIKE ROAD,201412866,18/05/2014,Sun,157,DA,MS1,103A 111A 131A ,IS,M,D,DO,F ,R,G,R,100,0,1,0,,,1877735,5818686
Tauranga City,29/13/2.275,, ,I,POIKE ROAD,201431600,20/01/2014,Mon,1232,DA,CN1,111A 131A 357A ,S,E,W,O ,L ,R,G,C,100,0,0,0,,,1877735,5818686
Tauranga City,29/13/2.275,, ,I,POIKE ROAD,201435470,19/05/2014,Mon,10,DA,CN1,110A 129A 134A ,CK,E,D,DO,F ,R,G,C,100,0,0,0,,,1877735,5818686
Tauranga City,29/13/2.306,, ,I,POIKE ROAD,201446278,26/10/2014,Sun,810,DB,CW2,131A 358A ,KP,R,D,DO,F ,R,G,R,100,0,0,0,,,1877722,5818659
Tauranga City,29/13/3.139,200,E, ,OROPI ROAD,201442452,10/08/2014,Sun,2000,AC,VW1V,159A ,,E,D,DO,F , ,N,L,100,0,0,0,,,1877005,5818441
Tauranga City,29/13/3.339,, ,I,OROPI ROAD,201449783,14/12/2014,Sun,2030,DB,CW1,110A 133A ,,E,W,TO,H ,R,G,R,100,0,0,0,,,1876800,5818483
Tauranga City,29/13/3.339,, ,I,OROPI ROAD,201431156,20/02/2014,Thu,840,AA,CE1C,101A 372A ,,E,D,B ,F ,R,G,C,100,0,0,0,,,1876800,5818483
Tauranga City,29/13/4.814,200,E, ,CAMERON ROAD,201440694,28/07/2014,Mon,735,AD,CE1C,130A 150A 372B ,C,R,D,B ,F , , ,C,100,0,0,0,,,1875445,5818929
Tauranga City,29/13/5.004,10,E, ,CAMERON ROAD,201443203,03/09/2014,Wed,1725,FD,CW1C,181A ,,R,D,O ,F ,R,G,R,80,0,0,0,,,1875264,5818989
Tauranga City,CAMERON ROAD,, ,I,29/13/5.014,201418372,27/12/2014,Sat,1502,HA,CW2M,302A 377A ,,R,D,OF,F ,R,G,C,70,0,1,0,,,1875255,5818992
Tauranga City,29/13/5.014,, ,I,CAMERON ROAD,201412172,09/05/2014,Fri,1630,LB,VW1S,302A 671A 902 ,,M,D,B ,F ,R,G,R,70,0,0,1,,28,1875255,5818992
Tauranga City,29/13/5.014,, ,I,CAMERON ROAD,201432959,12/03/2014,Wed,1316,GC,CW1C,171B 355B ,,S,D,B ,F ,R,G,R,70,0,0,0,,,1875255,5818992
Tauranga City,CAMERON ROAD,, ,I,29/13/5.054,201413094,06/06/2014,Fri,1603,HA,MS1C,302A 387A ,,M,D,BF,F ,R,G,R,70,0,0,1,,,1875255,5819016
Tauranga City,PYES PA ROAD,, ,I,29/13/5.054,201446780,01/11/2014,Sat,838,HA,TN1C,302A 375A ,,R,D,B ,F ,R,G,R,70,0,0,0,,,1875231,5818984
Tauranga City,29/13/5.054,, ,I,CAMERON ROAD,201411750,20/03/2014,Thu,2100,HA,CS2M,302A ,,E,D,DO,F ,R,G,R,70,0,0,1,,,1875255,5819016
Tauranga City,29/13/5.054,, ,I,PYES PA ROAD,201431451,06/03/2014,Thu,1240,HA,CN2C,302A 375A ,,E,D,BF,F ,R,G,R,70,0,0,0,,,1875231,5818984
Tauranga City,29/13/5.054,, ,I,PYES PA ROAD,201438981,22/05/2014,Thu,1600,HA,CN2C,302A 353A 375A ,,R,D,BF,F ,R,G,R,60,0,0,0,,,1875231,5818984
Tauranga City,29/18/0.015,15,W, ,CAMERON ROAD,201445837,09/10/2014,Thu,1725,FD,VE14,130A 501A ,,R,D,O ,F ,R,G,R,70,0,0,0,,,1875203,5818996
Tauranga City,29/18/0.04,40,S, ,CAMERON ROAD,201433656,04/04/2014,Fri,1420,AC,VW1T,177A 184A 353A 381A 184B 381B ,,R,D,B ,F , , ,C,70,0,0,0,,,1875178,5818993
Tauranga City,29/18/1.404,, ,I,SH 36,201431449,08/03/2014,Sat,1003,FB,CW1C,181A 387A ,,S,D,BF,F ,R,G,R,100,0,0,0,,,1873928,5819037
Tauranga City,29/18/1.404,, ,I,SH 36,201440708,01/08/2014,Fri,909,FB,4E1C,181A 387A ,,R,D,B ,F ,R,G,R,100,0,0,0,,,1873928,5819037
Tauranga City,29/18/1.404,, ,I,TAKITIMU DRIVE,201413083,14/05/2014,Wed,1624,FD,BE1C,331A 353A ,,M,W,OF,H ,R,G,R,100,0,0,1,,,1873942,5819043
Tauranga City,29/18/1.404,, ,I,TAKITIMU DRIVE,201431040,14/02/2014,Fri,20,CB,CW1,110A 133A ,F,R,W,DO,F ,R,G,C,100,0,0,0,,,1873925,5819006
Tauranga City,TAKITIMU DRIVE,, ,I,29/18/1.464,201410980,04/03/2014,Tue,1500,GC,CS1T,171B ,,M,D,BF,FF,R,G,R,100,0,0,1,,,1873875,5819059
Tauranga City,29/18/2.46,, ,I,CAMBRIDGE ROAD,201450544,31/12/2014,Wed,2040,FB,VS1C,331A 387A ,,R,D,B ,F ,T,S,C,70,0,0,0,,,1873019,5818602
Tauranga City,29/18/2.46,, ,I,CAMBRIDGE ROAD,201446785,04/11/2014,Tue,825,FB,VS1C,181A 353A ,,M,D,B ,F ,T,S,R,70,0,0,0,,,1873019,5818602
Tauranga City,CAMBRIDGE ROAD,, ,I,29/18/2.461,201444519,23/09/2014,Tue,1645,FB,CS1M,181A ,,M,D,O ,F ,T,S,R,70,0,0,0,,,1873019,5818602
Tauranga City,29/18/2.461,, ,I,CAMBRIDGE ROAD,201441824,17/08/2014,Sun,1925,JC,CS2C,321A 387A ,,R,D,DO,F ,T,S,P,70,0,0,0,,,1873019,5818602
Tauranga City,29/18/2.661,200,S, ,CAMBRIDGE ROAD,201441831,14/08/2014,Thu,1620,AC,VN1T,159A 357A ,,R,D,O ,F , , ,P,70,0,0,0,,,1872869,5818470
Tauranga City,29/18/2.711,250,W, ,CAMBRIDGE ROAD,201417628,22/11/2014,Sat,1041,JA,CE1C,308B 375B 922 ,,R,D,O ,F ,D,N,P,70,0,0,2,,,1872832,5818437
Tauranga City,29/18/2.98,520,S, ,CAMBRIDGE ROAD,201414154,11/06/2014,Wed,1930,BB,CS1T,129A 692A ,,E,W,DO,H , ,N,C,70,0,0,1,,,1872629,5818258
Tauranga City,29/21/1.856,190,N, ,REDWOOD LANE,201442949,27/08/2014,Wed,1858,MC,CN1C,101B 330B 372B ,,E,D,DN,F , , ,P,100,0,0,0,,,1871216,5817059
Tauranga City,29/21/1.996,50,N, ,REDWOOD LANE,201450784,26/12/2014,Fri,1100,MC,CS1C,372B ,,R,D,BN,F , ,N,C,100,0,0,0,,,1871089,5817004
Tauranga City,29/61/7.727,, ,I,TRUMAN ROAD,201440697,13/05/2014,Tue,830,GC,TW2C,171A 330A ,,M,D,O ,F ,R,G,R,70,0,0,0,,,1837367,5801694
Tauranga City,2A/0/1.016,70,W, ,CAMERON ROAD,201434428,29/04/2014,Tue,2020,CB,CW1,103A 112A 130A 514A ,H,R,D,DO,F , , ,N,50,0,0,0,,,1877990,5822414
Tauranga City,CAMERON ROAD,, ,I,2A/0/1.448,201436655,12/05/2014,Mon,923,LB,CN1C,303B 375B ,,R,D,B ,F ,X,T,R,50,0,0,0,,,1878047,5822374
Tauranga City,CAMERON ROAD,, ,I,2A/0/1.448,201438310,10/06/2014,Tue,1845,HA,CE2CC,322B 334B 402B 901 ,,R,W,DO,H ,X,T,R,50,0,0,0,,,1878047,5822374
Tauranga City,2A/0/1.448,, ,I,CAMERON ROAD,201413816,29/03/2014,Sat,1705,CA,MS1,130A 353A ,IP,R,D,B ,F ,X,T,R,50,0,2,0,,,1878047,5822374
Tauranga City,2A/0/1.448,, ,I,CAMERON ROAD,201438320,12/06/2014,Thu,940,FE,CE1C,181A 331A 801 ,,R,W,O ,L ,X,T,C,50,0,0,0,,,1878047,5822374
Tauranga City,2A/0/1.653,, ,I,FRASER ST,201445911,21/10/2014,Tue,740,LB,CW1C,303B 323B ,,R,D,B ,F ,X,T,R,50,0,0,0,,,1878483,5822010
Tauranga City,2A/0/1.653,, ,I,FRASER ST,201434297,21/03/2014,Fri,1450,GA,CN1V,181A 331A 402A ,,R,D,B ,F ,X,T,R,50,0,0,0,,,1878483,5822010
Tauranga City,2A/0/1.831,100,E, ,DEVONPORT ROAD,201413666,16/06/2014,Mon,1708,CB,CE1,501A ,KS,R,W,TO,F , , ,P,50,0,0,1,,,1878342,5822129
Tauranga City,FRASER ST,, ,I,2A/0/2.015,201412566,05/05/2014,Mon,1755,JA,CS1M,173A 322A 801 ,,R,W,DO,L ,X,T,R,50,0,0,1,,,1878483,5822010
Tauranga City,2A/0/2.015,, ,I,FRASER ST,201431158,27/02/2014,Thu,1003,FE,4S1C,181A 334A 191B ,,R,D,B ,F ,X,T,C,50,0,0,0,,,1878483,5822010
Tauranga City,2A/0/2.015,, ,I,FRASER ST,201443980,12/09/2014,Fri,1650,JC,CN2C,323A ,,R,D,OF,F ,X,T,C,50,0,0,0,,,1878483,5822010
Tauranga City,2A/0/2.025,10,S, ,FRASER ST,201410876,11/02/2014,Tue,1613,FD,CS1CC,331A 353A ,,R,D,B ,F ,X,T,R,50,0,0,2,,,1878490,5822004
Tauranga City,2A/0/2.236,20,E, ,BURROWS ST,201448737,06/12/2014,Sat,1240,FC,CW1VC,181A 181B ,,R,D,B ,F , ,T,X,50,0,0,0,,,1878929,5821635
Tauranga City,2A/0/2.266,50,E, ,BURROWS ST,201444265,17/09/2014,Wed,1109,FD,CW1C,331A 359A ,,R,D,B ,F , , ,C,50,0,0,0,,,1878952,5821616
Tauranga City,2A/0/2.322,50,N, ,MAYFAIR ST,201448571,18/11/2014,Tue,1736,FD,CN1CC,181A ,,R,D,BF,F , ,N,C,50,0,0,0,,,1878995,5821580
Tauranga City,2A/0/2.402,30,E, ,MAYFAIR ST,201440265,25/06/2014,Wed,1901,LB,CN1C,303B 375B 402B 901 922 ,,R,W,DO,H ,D, ,P,50,0,0,0,,,1879057,5821530
Tauranga City,2A/0/2.46,, ,I,SCANTLEBURY ST,201440695,28/07/2014,Mon,1650,FD,CS1V,331A 402A ,,R,D,O ,F ,T,S,C,50,0,0,0,,,1878823,5821725
Tauranga City,2A/0/2.47,10,E, ,SCANTLEBURY ST,201415887,26/09/2014,Fri,1640,AC,VS1S,197A 372A ,,R,D,B ,F ,T,G,P,50,0,0,1,,44,1878831,5821718
Tauranga City,2A/0/2.687,200,S, ,TURRET ROAD,201435857,15/04/2014,Tue,815,AC,TN1C,372A 671A ,,E,W,OF,M , ,N,C,70,0,0,0,,,1879038,5821295
Tauranga City,2A/0/2.999,150,S, ,TURRET ROAD,201417557,19/11/2014,Wed,1311,BF,CS1CC,129A 354A ,,M,D,OF,F , ,N,P,50,0,0,3,,,1879056,5821342
Tauranga City,2A/0/3.149,300,S, ,TURRET ROAD,201418675,28/12/2014,Sun,1731,EA,CS1C,129A 353A ,Q,R,D,BF,F , ,N,C,50,0,0,1,,,1879015,5821198
Tauranga City,2A/0/3.499,650,S, ,TURRET ROAD,201450432,18/11/2014,Tue,1634,FD,CS1C,181A ,,R,D,BF,F , ,N,C,50,0,0,0,,,1878996,5820852
Tauranga City,2A/0/4.44,20,E, ,MAUNGATAPU ROAD,201443206,28/08/2014,Thu,1857,GF,CE1V,129A 129B ,,M,D,DO,F ,R,T,R,50,0,0,0,,,1879393,5820070
Tauranga City,2A/0/4.46,, ,I,MAUNGATAPU ROAD,201431456,03/03/2014,Mon,619,GB,TS1V,172B ,,M,D,OF,F ,R,G,R,50,0,0,0,,,1879412,5820064
Tauranga City,SH 29,, ,I,36/0/0,201436997,22/05/2014,Thu,1600,HA,CN2C,302A ,,R,D,B ,F ,R,G,R,60,0,0,0,,,1873886,5818977
Tauranga City,36/0/0,, ,I,SH 29,201430303,23/01/2014,Thu,715,HA,TS1C,302A 377A 830 ,,E,D,O ,F ,R,G,R,100,0,0,0,,,1873907,5818983
Tauranga City,36/0/0.326,, ,I,LAKES BOULEVARD,201447805,28/10/2014,Tue,1055,GB,TS14,333B ,,E,D,BF,F ,R,G,C,50,0,0,0,,,1873893,5818663
Tauranga City,36/0/2.171,, ,I,KENNEDY ROAD,201445910,22/10/2014,Wed,1740,HA,VW2C,302A ,,R,D,B ,F ,R,G,R,100,0,0,0,,,1873411,5816967
Tauranga City,36/0/2.171,, ,I,KENNEDY ROAD,201446332,27/09/2014,Sat,1344,HA,CW2C,302A 375A ,,M,D,BF,F ,R,G,R,100,0,0,0,,,1873411,5816967
Tauranga City,36/0/4.484,, ,I,PYES PA ROAD,201433108,29/03/2014,Sat,842,DA,VN1,111A 131A 517A ,EIK,M,W,B ,F ,R,G,R,100,0,0,0,,,1874478,5815209
Thames-Coromandel District,ALBERT ST,, ,I,CAMPBELL ST,201415835,22/07/2014,Tue,1100,HA,CS1C,302B 507B ,,R,D,B ,F ,X,G,C,50,0,0,1,,,1841151,5919916
Thames-Coromandel District,BAILLIE ST,, ,I,RICHMOND ST,201441726,04/08/2014,Mon,911,DA,4N2,131A 632A ,X,M,D,B ,F ,T,N,N,50,0,0,0,,,1826151,5886452
Thames-Coromandel District,BRUNTON CRESCENT,50,E, ,PARAWAI ROAD,201416510,19/02/2014,Wed,2317,DA,CW1,103A 111A 131A ,P,M,D,DO,F , ,N,C,50,0,0,2,,,1826869,5885738
Thames-Coromandel District,BUFFALO BEACH ROAD,30,N, ,SURF ST,201416943,08/10/2014,Wed,30,DA,4S1,101A 131A ,,E,D,DO,F , ,N,C,50,0,0,2,,,1840840,5921580
Thames-Coromandel District,COLVILLE ROAD,700,N, ,OAMARU BAY,201414603,20/02/2014,Thu,1815,DA,CN1,131A 800 ,E,M,W,DN,L , , ,C,100,0,1,0,,,1820915,5931542
Thames-Coromandel District,COLVILLE ROAD,1000,N, ,OAMARU BAY,201412028,22/02/2014,Sat,1353,DA,4N1,103A 111A ,C,S,W,O ,F , ,N,C,100,0,0,1,,,1821148,5931705
Thames-Coromandel District,ENSOR ST,50,E, ,MOANATAIARI ST,201412027,30/03/2014,Sun,1729,MO,CE1,371A 423A 507A 929 ,HKS,R,D,B ,F ,D,N,N,50,0,0,1,,,1824926,5887860
Thames-Coromandel District,GRANGE ROAD,390,N, ,PATRICIA PLACE,201435033,05/04/2014,Sat,10,MO,CN1V,512A 930 ,M,E,D,DN,F ,D,N,N,50,0,0,0,,,1849749,5919494
Thames-Coromandel District,HIKUAI SETTLEMENT ROAD,1000,W, ,AUGUSTA DRIVE,201430181,09/01/2014,Thu,1315,DA,CW1,111A 131A 901 ,T,M,W,BN,H , ,N,C,100,0,0,0,,,1851521,5895187
Thames-Coromandel District,HIKUAI SETTLEMENT ROAD,300,E, ,SH 25,201418523,14/12/2014,Sun,1125,BA,CE14,129A 404A ,,R,W,ON,HS, ,N,C,100,0,3,0,,,1847650,5893250
Thames-Coromandel District,KAPANGA ROAD,150,N, ,WHARF ROAD,201436486,26/04/2014,Sat,1408,MO,CN14,385A ,M,R,D,BF,F , ,N,C,50,0,0,0,,,1822989,5928953
Thames-Coromandel District,KAUAERANGA VALLEY ROAD,4470,N, ,AWAKITE,201450424,27/11/2014,Thu,1300,DA,CS1,131A ,C,E,D,BN,F , ,N,N,80,0,0,0,,,1832914,5888192
Thames-Coromandel District,KAUAERANGA VALLEY ROAD,1800,E, ,TE ANA LANE,201445684,02/08/2014,Sat,2337,DC,VE1,103A 131A ,FG,M,D,DN,F , , ,C,80,0,0,0,,,1829971,5884666
Thames-Coromandel District,KAUAERANGA VALLEY ROAD,250,E, ,THE BOOMS AVENUE,201417609,17/11/2014,Mon,1042,CB,LW1,137A 197A ,V,R,W,O ,F , ,N,C,100,0,0,1,,,1827791,5884531
Thames-Coromandel District,KAUAERANGA VALLEY ROAD,4000,E, ,THE BOOMS AVENUE,201410482,22/02/2014,Sat,1420,DB,CS1,111A 131A 407A 801 ,C,E,W,O ,L , , ,C,80,0,0,1,,,1830639,5885478
Thames-Coromandel District,KAUAERANGA VALLEY ROAD,230,S, ,THE BOOMS AVENUE,201441544,30/07/2014,Wed,850,DB,TE1,129A 687A ,S,E,W,B ,F , ,N,C,80,0,0,0,,,1827773,5884524
Thames-Coromandel District,KOPU ROAD,20,N, ,QUEEN ST,201435414,03/05/2014,Sat,1830,DB,CS1,111A 517A ,PT,E,D,TF,F , ,N,C,50,0,0,0,,,1827775,5881479
Thames-Coromandel District,KOPU ROAD,, ,I,QUEEN ST,201432321,05/02/2014,Wed,645,EC,CS1,111A 131A 832 ,VX,M,D,DN,F ,T,G,N,50,0,0,0,,,1827764,5881462
Thames-Coromandel District,MACKAY ST,50,S, ,MARY ST,201443179,20/08/2014,Wed,1420,MA,VS1V,331A ,,R,D,O ,F , , ,C,50,0,0,0,,,1825901,5886786
Thames-Coromandel District,MARTYN ROAD,, ,I,AICKIN ROAD,201430318,08/01/2014,Wed,1300,HA,CS1C,302B 375B ,,R,D,B ,F ,X,G,C,50,0,0,0,,,1854511,5878781
Thames-Coromandel District,MARTYN ROAD,, ,I,AICKIN ROAD,201436434,29/04/2014,Tue,1210,CB,CE14,129A 501A ,MS,R,D,BN,F ,X,G,C,50,0,0,0,,,1854511,5878781
Thames-Coromandel District,MILL CREEK ROAD,4850,S, ,SH 25,201413328,05/04/2014,Sat,1950,DB,4S1,136A 621A ,C,M,D,DN,F , , ,N,100,0,1,1,,,1834349,5912481
Thames-Coromandel District,OCEAN ROAD,90,S, ,BARBARA AVENUE,201412014,30/03/2014,Sun,1035,NA,CS1E,713B 726B ,,R,D,B ,F , ,N,C,50,0,0,1,4,,1854885,5878045
Thames-Coromandel District,OPOUTERE ROAD,100,E, ,SH 25,201410714,07/03/2014,Fri,1758,DB,ME1,131A 402A ,,E,D,B ,F , ,N,C,100,0,1,0,,,1853096,5887195
Thames-Coromandel District,OPOUTERE ROAD,1920,E, ,SH 25,201444255,06/09/2014,Sat,1919,DB,CS1,131A 402A 901 ,CV,M,W,DN,H , , ,C,100,0,0,0,,,1854370,5888180
Thames-Coromandel District,PAHAU ST,, ,I,POLLEN ST,201410337,25/01/2014,Sat,1236,PO,CW1E,352A 421A 730B ,,R,D,BF,F ,X,G,C,50,0,0,1,11,,1825697,5886996
Thames-Coromandel District,PARAWAI ROAD,40,S, ,BANKS ST,201441643,27/04/2014,Sun,1915,BA,CN14,103A 205A ,,R,D,DO,F , ,T,C,50,0,0,0,,,1826802,5885783
Thames-Coromandel District,PARAWAI ROAD,30,S, ,BRUNTON CRESCENT,201400008,11/01/2014,Sat,430,DA,CN1,103A 111A 131A ,F,M,D,DO,F , , ,C,50,1,0,2,,,1826839,5885683
Thames-Coromandel District,PARAWAI ROAD,200,E, ,THE BOOMS AVENUE,201448152,23/11/2014,Sun,1845,BF,CW1V,131A 813 ,,M,D,B ,F , , ,N,50,0,0,0,,,1827481,5884822
Thames-Coromandel District,POLLEN ST,, ,I,MARY ST,201415908,08/09/2014,Mon,1740,HA,MN1C,301B 375B ,,R,D,TF,F ,X,S,C,50,0,0,1,,,1825770,5886792
Thames-Coromandel District,POLLEN ST,, ,I,MARY ST,201411671,04/03/2014,Tue,830,LB,CW2C,301B 387B ,,R,D,BF,F ,X,S,C,50,0,0,1,,,1825770,5886792
Thames-Coromandel District,PORT ROAD,, ,I,HETHERINGTON ROAD,201446326,21/09/2014,Sun,1410,DB,4S1,131A ,IS,R,W,OF,F ,R,G,R,50,0,0,0,,,1855073,5878640
Thames-Coromandel District,PURANGI ROAD,2150,N, ,HAHEI ROAD,201415107,07/01/2014,Tue,1215,BB,CN1C,205A 404A ,,S,D,B ,F , , ,C,100,0,5,0,,,1845511,5917851
Thames-Coromandel District,RICHMOND ST,, ,I,AUGUSTUS ST SOUTH,201433157,15/03/2014,Sat,1711,MO,CW1,104A 130A ,X,R,W,O ,L ,T,N,C,50,0,0,0,,,1826515,5886585
Thames-Coromandel District,RINGS ROAD,30,S, ,ALFRED ST,201411765,09/02/2014,Sun,305,DB,CN1V,103A 111A 131A ,FMP,E,D,DO,F , , ,C,50,0,3,0,,,1823707,5929703
Thames-Coromandel District,SOUTH HIGHWAY,200,S, ,SH 25,201417195,14/11/2014,Fri,1105,DB,4S1,111A 131A 404A ,,E,D,B ,F , , ,C,50,0,0,1,,,1838603,5920103
Thames-Coromandel District,TAPU COROGLEN ROAD,2470,E, ,SH 25,201410487,25/02/2014,Tue,1620,DA,40,131A ,EZ,E,D,O ,F , , ,N,100,0,1,0,,,1824859,5904210
Thames-Coromandel District,TAPU COROGLEN ROAD,9000,E, ,SH 25,201448773,27/08/2014,Wed,1500,DB,CW1,131A 402A 407A 813 ,,M,W,O ,L , , ,N,100,0,0,0,,,1829120,5903209
Thames-Coromandel District,TAPU COROGLEN ROAD,3500,E, ,TAPU RIVER,201449985,30/12/2014,Tue,1610,BB,VE1C,123A ,,S,D,B ,F , , ,N,100,0,0,0,,,1829291,5902968
Thames-Coromandel District,TAPU COROGLEN ROAD,3500,E, ,TAPU RIVER,201449401,20/12/2014,Sat,1010,DB,VE1,129A 404A ,V,S,D,B ,F , , ,N,100,0,0,0,,,1829291,5902968
Thames-Coromandel District,TAPU COROGLEN ROAD E,15000,E, ,SH 25,201448391,29/12/2014,Mon,1640,BC,4W1C,111A 121A 402A ,,S,D,B ,F , ,N,N,80,0,0,0,,,1831253,5904028
Thames-Coromandel District,TARARU ROAD,30,S, ,HAVEN ST,201415510,03/09/2014,Wed,1425,BA,CS1C,125A 197A 197B ,,R,D,B ,F , , ,N,50,0,1,0,,,1825133,5887745
Thames-Coromandel District,THE 309 ROAD,3460,S, ,MAHAKIRAU ROAD,201412011,20/03/2014,Thu,1400,BC,CE1T,121A 139A 120B ,,M,D,B ,F , ,N,N,100,0,0,2,,,1829266,5917848
Thames-Coromandel District,THE 309 ROAD,300,E, ,SH 25,201418359,17/11/2014,Mon,915,BC,4E1C,129A ,,M,D,ON,L , ,N,N,100,0,0,1,,,1824373,5925437
Thames-Coromandel District,WENTWORTH VALLEY ROAD,160,W, ,SH 25,201430379,05/01/2014,Sun,1413,DA,4S1,110A 131A ,PT,E,W,O ,F , ,N,C,100,0,0,0,,,1853309,5876495
Thames-Coromandel District,WHARF ROAD,15,E, ,CHARLES ST,201431901,23/02/2014,Sun,1540,MO,CW1C,102A ,,R,D,BF,F , ,N,C,50,0,0,0,,,1822847,5928805
Thames-Coromandel District,WHARF ROAD,30,W, ,CHARLES ST,201418730,14/12/2014,Sun,5,NA,CW1E,103A 110A 719B 901 ,,R,W,DO,H , , ,C,50,0,1,1,,,1822804,5928793
Thames-Coromandel District,WHARF ROAD,30,W, ,TIKI ROAD,201430116,24/01/2014,Fri,1820,MO,VE1C,371A 927 ,,R,D,BF,F ,D,N,C,50,0,0,0,,,1822884,5928816
Thames-Coromandel District,WHITE ST,450,E, ,COOK DRIVE,201437388,26/04/2014,Sat,400,CB,CW1,358A ,P,R,D,DO,F , ,N,C,50,0,0,0,,,1840954,5919368
Thames-Coromandel District,WILLIAMSON ROAD,, ,I,SYLVIA ROAD,201414620,03/07/2014,Thu,900,LB,CS1C,303B 375B ,,R,D,B ,F ,X,S,C,50,0,0,1,,,1855312,5877080
Thames-Coromandel District,WILLIAMSON ST,, ,I,POLLEN ST,201444427,21/07/2014,Mon,2345,CC,CS1,130A 357A ,HPS,R,W,DO,L ,T,G,C,50,0,0,0,,,1825428,5887531
Thames-Coromandel District,25/22/1.193,, ,I,SH 26,201432320,04/02/2014,Tue,1233,AC,CS1C,372A ,,M,D,B ,F ,R,G,R,70,0,0,0,,,1828339,5881137
Thames-Coromandel District,25/24/0.856,300,N, ,KOPU ROAD,201436144,14/02/2014,Fri,815,JA,CN1C,308B 402B 927 ,,R,D,O ,F ,D,N,C,70,0,0,0,,,1828019,5881921
Thames-Coromandel District,25/24/1.207,1200,S, ,TOTARA VALLEY ROAD,201414458,28/05/2014,Wed,1303,BE,CN14,501A ,,R,D,BN,F , ,N,C,80,0,0,1,,,1827902,5882252
Thames-Coromandel District,25/24/1.606,1050,N, ,KOPU ROAD,201413383,17/05/2014,Sat,121,DA,CS1,103A 129A 131A ,CSV,E,D,DO,F , , ,P,80,0,0,2,,,1827745,5882618
Thames-Coromandel District,25/24/2.417,10,N, ,TOTARA VALLEY ROAD,201410262,16/02/2014,Sun,2215,CC,4S1,101A 134A 350A ,FPT,R,D,DO,F ,X,G,C,80,0,0,1,,,1827225,5883213
Thames-Coromandel District,25/24/2.424,, ,I,WAIPAPA PLACE,201411735,23/03/2014,Sun,1347,LB,CN14,303B 375B ,,R,D,B ,F ,T,S,C,80,0,0,2,,,1827222,5883220
Thames-Coromandel District,25/24/4.635,400,S, ,BANKS ST,201438655,25/06/2014,Wed,758,FA,VS1C,181A ,,R,D,O ,L , , ,C,50,0,0,0,,,1826534,5885312
Thames-Coromandel District,25/24/5.218,50,S, ,MACKAY ST,201412840,07/05/2014,Wed,1800,BA,CN1C,101A 170B 386B 507B ,,R,D,DO,F , , ,C,50,0,0,1,,,1826246,5885797
Thames-Coromandel District,25/24/6.463,20,N, ,MARY ST,201446260,10/10/2014,Fri,1652,CB,CS1C,358A 407A 423A ,M,R,D,BF,F , ,N,C,50,0,0,0,,,1825647,5886781
Thames-Coromandel District,25/24/7.092,, ,I,ALBERT ST,201410130,08/01/2014,Wed,1615,CB,CN1,130A 412A ,P,R,D,B ,F ,X,G,C,50,0,0,3,,,1825433,5887372
Thames-Coromandel District,25/24/7.344,, ,I,SLIP ROAD,201450547,27/12/2014,Sat,1313,MC,VW1C,372B 402B ,,R,D,B ,F ,T,N,C,100,0,0,0,,,1825348,5887610