TLANAME,CRASHROAD,CRASHDIST,CRASHDIRN,INTSN,SIDEROAD,CRASHID,CRASHDATE,CRASHDOW,CRASHTIME,MVMT,VEHICLES,CAUSES,OBJECTSSTRUCK,ROADCURVE,ROADWET,LIGHT,WTHRa,JUNCTYPE,TRAFCTRL,ROADMARK,SPDLIM,CRASHFATALCNT,CRASHSEVCNT,CRASHMINCNT,PERSAGE1,PERSAGE2,EASTING,NORTHING
Thames-Coromandel District,25/24/7.381,40,S, ,BURKE ST,201437678,05/06/2014,Thu,1500,MD,CS1V,371B 377B 839 929 ,,R,D,O ,F ,D,N,C,50,0,0,0,,,1825336,5887644
Thames-Coromandel District,25/24/7.551,130,N, ,BURKE ST,201451023,20/12/2014,Sat,1800,DB,CN1,129A 350A ,,E,W,ON,H , ,N,C,100,0,0,0,,,1825281,5887805
Thames-Coromandel District,25/24/8.77,500,S, ,ASH ST,201435953,08/04/2014,Tue,1650,AC,CN14,159A ,,S,D,BN,F , ,N,C,70,0,0,0,,,1824658,5888797
Thames-Coromandel District,25/24/11.502,1300,N, ,TARARU CREEK ROAD,201414024,25/05/2014,Sun,851,DA,CN1,134A 135A 801 903 ,C,E,W,O ,LS, ,N,C,100,0,0,1,,,1823591,5891179
Thames-Coromandel District,25/24/12.117,2000,N, ,RENNIE ST,201413734,08/06/2014,Sun,1742,BF,CS14,104A 131A 104B ,,M,W,DN,L , ,N,C,100,0,2,1,,,1823521,5891732
Thames-Coromandel District,25/24/12.222,2020,N, ,TARARU CREEK ROAD,201400187,27/09/2014,Sat,1353,BC,MS1C,111A 121A 403A ,,S,D,B ,F , ,N,C,100,1,0,0,,,1823460,5891813
Thames-Coromandel District,25/24/12.233,, ,A,WINDY POINT,201443016,30/08/2014,Sat,840,DA,CN1,131A 407A 801 ,EX,M,W,O ,L , , ,C,100,0,0,0,,,1823461,5891824
Thames-Coromandel District,25/24/12.533,300,N, ,WINDY POINT,201413388,27/05/2014,Tue,820,AD,CS1C,111A 130A 156A 632A 800 831 ,E,M,D,B ,FF, , ,C,100,0,0,1,,,1823641,5892061
Thames-Coromandel District,25/24/14.322,500,S, ,LOCKHART PLACE,201432704,22/02/2014,Sat,1740,DA,CS1,111A 131A 801 ,C,E,W,O ,L , , ,C,100,0,0,0,,,1823934,5893732
Thames-Coromandel District,25/24/15.576,400,S, ,ADAMS ROAD,201410488,24/02/2014,Mon,845,NB,CN1E,713B 727B ,,M,D,B ,F , , ,N,50,0,0,1,6,,1824226,5894856
Thames-Coromandel District,25/24/17.039,400,S, ,SARJANTS ROAD,201415638,05/08/2014,Tue,1010,CB,CN1,130A 402A 504A ,DS,R,D,O ,F , ,N,C,100,0,0,1,,,1824428,5896237
Thames-Coromandel District,25/42/1.794,200,S, ,VALDER PLACE,201430834,08/02/2014,Sat,1330,DA,CN1,131A 402A ,TX,M,W,ON,L , ,N,C,80,0,0,0,,,1823984,5898853
Thames-Coromandel District,25/42/3.349,700,N, ,POHUE CREEK ROAD,201436142,22/02/2014,Sat,1100,BF,CN14V,131A 191A 407A 801 ,,M,W,O ,L , , ,C,100,0,0,0,,,1823568,5900297
Thames-Coromandel District,25/42/8.285,800,N, ,TAPU COROGLEN ROAD W,201442635,08/06/2014,Sun,1548,DA,CS1,131A 407A ,E,M,W,ON,L , ,N,C,100,0,0,0,,,1822557,5904815
Thames-Coromandel District,25/42/13.53,100,N, ,WAIKAWAU VALLEY ROAD,201437289,02/06/2014,Mon,1545,AC,4N1C,159A 381A ,,R,D,BF,F , ,N,C,100,0,0,0,,,1819922,5909025
Thames-Coromandel District,25/58/5.434,450,N, ,PAPARATA STM BR,201438481,29/04/2014,Tue,950,DA,CS1,110A 135A 800 901 ,E,S,W,O ,H , , ,C,100,0,0,0,,,1816381,5915352
Thames-Coromandel District,25/58/13.474,800,S, ,GOLDFIELDS ROAD,201413410,02/06/2014,Mon,1015,DA,MW1,801,,E,W,O ,L , , ,C,100,0,0,1,,,1820229,5918653
Thames-Coromandel District,25/84/9.473,1030,W, ,QUARRY ROAD,201415105,01/07/2014,Tue,1700,DA,CW1,131A 901 ,CV,E,W,DN,H , , ,C,100,0,1,0,,,1829319,5928780
Thames-Coromandel District,25/99/0.445,1310,E, ,CASTLE ROCK RD,201430114,23/01/2014,Thu,900,DB,40,111A 131A ,C,M,W,B ,L , ,N,C,100,0,0,0,,,1833569,5928053
Thames-Coromandel District,25/99/7.55,700,E, ,MATARANGI ROAD,201413670,20/04/2014,Sun,900,CA,CE1,129A 134A 407A ,C,R,W,O ,F , , ,C,100,0,0,3,,,1839124,5929643
Thames-Coromandel District,25/113/2.06,950,S, ,WAITAIA ROAD,201450515,25/12/2014,Thu,745,DB,CN1,111A 131A ,EF,M,W,O ,F , , ,C,100,0,0,0,,,1843401,5930433
Thames-Coromandel District,25/113/11.373,200,E, ,HARBOUR LIGHTS TERRACE,201415909,30/06/2014,Mon,2300,DB,CW1,101A 111A 131A 402A 901 ,F,E,W,DN,H , , ,C,80,0,0,1,,,1842104,5923345
Thames-Coromandel District,25/127/1.158,40,S, ,RACECOURSE ROAD,201416434,30/08/2014,Sat,100,DA,4N1,103A 410A 801 ,FV,E,W,DO,L , , ,L,80,0,0,1,,,1840195,5921541
Thames-Coromandel District,25/127/3.42,, ,I,SOUTH HIGHWAY,201410572,29/01/2014,Wed,830,JA,VW1C,302B 375B ,,R,D,BF,F ,X,G,C,80,0,0,1,,,1838506,5920278
Thames-Coromandel District,25/127/4.313,400,S, ,GOLF ROAD,201431150,07/02/2014,Fri,2348,CB,CN1,110A 402A ,F,R,W,DN,H , ,N,C,100,0,0,0,,,1837819,5919787
Thames-Coromandel District,WADE ROAD,, ,I,25/127/4.735,201445960,07/10/2014,Tue,1200,JA,CN24,301B ,,R,D,B ,F ,T,S,C,100,0,0,0,,,1837605,5919431
Thames-Coromandel District,25/127/10.972,, ,I,MILL CREEK ROAD,201417699,16/10/2014,Thu,1750,GD,4S1C4,331A 350A ,,R,D,O ,F ,T,S,C,100,0,1,2,,,1837860,5914966
Thames-Coromandel District,25/143/0.696,4000,N, ,TAPU COROGLEN ROAD E,201410230,20/01/2014,Mon,1240,BC,CN1C,121A 403A 404A ,,E,W,O ,L , ,N,C,100,0,0,3,,,1838497,5913063
Thames-Coromandel District,25/143/4.746,50,E, ,TAPU COROGLEN ROAD,201446131,04/10/2014,Sat,1750,DB,CS1,131A 403A 901 903 ,B,M,W,O ,HS, , ,C,100,0,0,0,,,1839837,5910195
Thames-Coromandel District,25/143/7.338,600,E, ,KAPOWAI ROAD,201433719,09/03/2014,Sun,510,DA,40,104A 131A ,CV,M,D,DN,F , , ,C,100,0,0,0,,,1842009,5911070
Thames-Coromandel District,25/143/11.145,1800,W, ,HOT WATER BEACH ROAD,201400125,30/05/2014,Fri,1835,BB,VE14,123A 404A 801 ,VV,M,W,DN,L , , ,C,100,1,1,2,,,1845453,5912079
Thames-Coromandel District,25/156/3.882,5000,N, ,PAUL ROAD,201410475,06/02/2014,Thu,1100,BF,CN1V,131A 191A 800 ,,S,W,O ,F , , ,C,100,0,0,1,,,1849318,5908555
Thames-Coromandel District,25/156/5.736,240,W, ,SILVERSTREAM FALLS ROAD,201415217,01/03/2014,Sat,1243,BC,CN14,129A 404A ,,M,D,BN,F , ,N,P,100,0,0,1,,,1849783,5907018
Thames-Coromandel District,25/156/9.062,2000,S, ,KAPOWAI ROAD,201410732,10/03/2014,Mon,810,DB,CS1,110A 423A ,C,M,W,O ,L , ,N,C,100,0,0,1,,,1851196,5905169
Thames-Coromandel District,25/156/9.928,2000,E, ,HIKUAI SETTLEMENT ROAD,201434597,20/02/2014,Thu,1210,BA,VW1C,375A ,,R,W,ON,L , ,G,N,100,0,0,0,,,1851590,5904563
Thames-Coromandel District,25/156/10.382,680,N, ,SAILORS GRAVE ROAD,201415609,21/01/2014,Tue,1400,BC,CN14,111A 121A ,,S,D,B ,F , ,N,C,100,0,0,2,,,1851997,5904415
Thames-Coromandel District,25/156/12.219,1550,N, ,OCEAN BEACH ROAD,201415337,23/08/2014,Sat,1430,BC,MS1T,110A 121A ,,S,D,O ,F , ,N,C,100,0,1,0,,,1852866,5903405
Thames-Coromandel District,25/156/12.772,1710,S, ,SAILORS GRAVE ROAD,201450540,28/12/2014,Sun,2020,DB,TS1T,129A 130A 197A 818 ,C,S,D,TN,F , , ,C,100,0,0,0,,,1852816,5903162
Thames-Coromandel District,25/156/15.305,160,S, ,DAPHNE ROAD,201432216,12/01/2014,Sun,1440,EA,4S14,410A ,M,E,D,B ,F , , ,C,50,0,0,0,,,1853507,5901209
Thames-Coromandel District,25/172/0.081,, ,I,PEPE ROAD,201442463,12/06/2014,Thu,930,JA,CN1C,301B 375B ,,E,D,OF,F ,T,S,C,50,0,0,0,,,1853427,5900865
Thames-Coromandel District,25/172/2.034,200,N, ,RED BRIDGE ROAD,201450045,30/12/2014,Tue,1335,EA,CS1C,129A 351A ,M,R,D,B ,F , , ,C,50,0,0,0,,,1852880,5899264
Thames-Coromandel District,25/172/2.534,300,W, ,RED BRIDGE ROAD,201442782,22/07/2014,Tue,1420,DB,CE1,131A 410A ,F,M,D,BN,F , ,N,C,100,0,0,0,,,1852710,5898844
Thames-Coromandel District,25/172/7.234,5000,W, ,RED BRIDGE ROAD,201445263,18/09/2014,Thu,500,DB,4S1,131A 412A ,TX,M,D,DN,F , , ,C,100,0,0,0,,,1850666,5895395
Thames-Coromandel District,25/172/8.278,3000,N, ,MORRISON ROAD N,201447315,20/09/2014,Sat,1800,DA,CS1,110A 195A 404A ,,E,W,DN,F , ,N,C,100,0,0,0,,,1849904,5894736
Thames-Coromandel District,25/172/9.638,1640,N, ,MORRISON ROAD N,201442329,15/08/2014,Fri,1723,DA,4W1,103A 111A 150A ,V,S,D,TN,F , ,N,C,80,0,0,0,,,1848724,5894195
Thames-Coromandel District,25/172/11.564,, ,A,TAIRUA RIV BR,201447205,27/08/2014,Wed,730,BA,CS1C,310A ,,R,W,O ,L , ,G,N,100,0,0,0,,,1847381,5893241
Thames-Coromandel District,25/172/11.676,, ,I,MORRISON ROAD,201451044,27/11/2014,Thu,2200,CB,CN1,504A ,F,R,D,DN,F ,T,N,C,100,0,0,0,,,1847400,5893131
Thames-Coromandel District,25/172/11.715,, ,I,HIKUAI SETTLEMENT ROAD,201451045,28/12/2014,Sun,1545,JA,4N1C,302B 377B ,,R,D,BF,F ,X,G,C,100,0,0,0,,,1847407,5893093
Thames-Coromandel District,25/172/13.096,, ,I,SH 25 TAIRUA,201432734,04/03/2014,Tue,2015,DB,TN2,131A 610A ,,E,D,DO,F ,T,G,C,100,0,0,0,,,1847382,5891738
Thames-Coromandel District,25/188/6.639,4000,N, ,OPOUTERE ROAD,201435725,20/04/2014,Sun,1535,DA,CN1,130A 404A 801 ,G,S,W,O ,L , , ,P,100,0,0,0,,,1850819,5889325
Thames-Coromandel District,25/188/9.939,700,N, ,OPOUTERE ROAD,201412149,09/05/2014,Fri,1304,BF,CS1V,111A 131A 402A ,G,S,W,O ,F , , ,C,100,0,2,3,,,1852840,5887781
Thames-Coromandel District,25/188/12.29,1600,S, ,LIDDELL ROAD,201445266,19/10/2014,Sun,1020,DB,CN1,131A 330A ,ET,E,W,ON,L , , ,C,100,0,0,0,,,1852366,5885680
Thames-Coromandel District,25/206/1.77,890,N, ,HERBERT DRIVE,201410485,22/02/2014,Sat,2015,DA,4N1,130A 195A 801 ,T,E,W,DN,L , , ,C,100,0,0,1,,,1853160,5880958
Thames-Coromandel District,25/206/2.822,, ,I,DURRANT DRIVE,201415744,01/03/2014,Sat,1300,GD,4N1C,331A 352A ,,E,D,BF,F ,T,S,C,70,0,0,2,,,1853404,5880106
Thames-Coromandel District,25/206/5.869,700,N, ,PORT ROAD,201411003,08/01/2014,Wed,1220,DA,CN1,131A 350A ,EX,M,D,B ,F , , ,C,100,0,0,1,,,1853962,5877879
Thames-Coromandel District,25/206/6.253,, ,A,WENTWORTH RIV BR,201442956,12/07/2014,Sat,1045,DB,CS1,131A 420A 901 903 ,BZ,S,W,O ,HS, , ,N,100,0,0,0,,,1854067,5877558
Thames-Coromandel District,25/206/8.132,20,S, ,WENTWORTH VALLEY ROAD,201435960,22/03/2014,Sat,850,DB,CN1,111A 131A ,,M,W,ON,F , ,N,C,70,0,0,0,,,1853337,5876336
Thames-Coromandel District,25/206/10.65,2250,S, ,TE TUTU ST,201411084,20/01/2014,Mon,1350,DA,CN1,131A 801 ,C,M,W,O ,L , , ,C,100,0,0,1,,,1852842,5874328
Thames-Coromandel District,25A/0/0.2,200,N, ,SH 26,201432846,01/02/2014,Sat,2015,DA,CS1,410A ,EV,E,D,TN,F , , ,C,100,0,0,0,,,1828730,5881078
Thames-Coromandel District,25A/0/0.4,400,E, ,SH 26,201418516,17/12/2014,Wed,1959,DB,CN1,131A ,C,M,W,TN,F , ,N,C,100,0,0,1,,,1828756,5881274
Thames-Coromandel District,25A/0/0.6,600,E, ,SH 26,201436036,14/04/2014,Mon,700,DA,CE1,111A 135A 632A ,C,S,W,ON,L , ,N,C,80,0,0,0,,,1828860,5881431
Thames-Coromandel District,25A/0/0.6,600,N, ,SH 26,201418515,14/12/2014,Sun,937,DB,CN1,111A 131A ,C,S,W,ON,H , ,N,C,100,0,0,1,,,1828860,5881431
Thames-Coromandel District,25A/0/5.244,1040,N, ,KIRIKIRI STM BR NO1,201437680,02/06/2014,Mon,1455,DA,CS1,111A 131A 402A ,C,S,D,O ,F , , ,C,100,0,0,0,,,1832048,5883872
Thames-Coromandel District,25A/0/7.007,1100,W, ,KIRIKIRI STM BR NO2,201415113,19/07/2014,Sat,1135,DA,CE1,111A 131A 804 ,E,M,D,O ,F , , ,C,100,0,0,1,,,1833018,5884439
Thames-Coromandel District,25A/8/0.399,8500,E, ,SH 26,201400222,28/10/2014,Tue,1900,DA,CW1,131A 350A 410A ,T,M,D,TN,F , ,N,C,100,1,0,0,,,1834330,5884514
Thames-Coromandel District,25A/8/1.88,1880,E, ,KIRIKIRI STM BR NO2,201413740,08/05/2014,Thu,2243,DB,CW1,131A ,C,E,W,DN,L , ,N,C,100,0,0,1,,,1835132,5885197
Thames-Coromandel District,25A/8/1.899,10000,E, ,SH 26,201430835,08/02/2014,Sat,1310,DA,CE1,135A 801 ,CV,S,W,OF,L , ,N,C,100,0,0,0,,,1835133,5885216
Thames-Coromandel District,25A/8/2.384,2900,W, ,SUMMIT,201413385,02/06/2014,Mon,955,DA,4S1,131A 800 ,V,S,W,O ,F , , ,C,100,0,0,1,,,1835194,5885656
Thames-Coromandel District,25A/8/2.899,11000,N, ,SH 26,201416568,12/10/2014,Sun,1745,BF,MW1C,111A 131A ,,S,D,BN,F , ,N,C,100,0,1,0,,,1835527,5885914
Thames-Coromandel District,25A/8/3.384,1900,W, ,SUMMIT,201411194,29/03/2014,Sat,1520,DA,MW1,131A ,T,M,D,B ,F , , ,C,100,0,1,0,,,1835930,5885778
Thames-Coromandel District,25A/8/3.899,12000,E, ,SH 26,201446427,03/10/2014,Fri,1830,DA,CN1,131A ,C,M,W,ON,F , ,N,C,100,0,0,0,,,1836350,5885750
Thames-Coromandel District,25A/8/4.984,300,W, ,SUMMIT,201444200,16/04/2014,Wed,830,DA,CS1,135A 801 804 ,C,S,W,DN,L , , ,C,100,0,0,0,,,1837184,5885541
Thames-Coromandel District,25A/8/5.063,8960,E, ,KIRIKIRI VALLEY ROAD N,201411672,05/03/2014,Wed,1020,DB,CS1,131A 901 ,C,M,W,ON,H , ,N,C,100,0,0,1,,,1837161,5885466
Thames-Coromandel District,25A/8/6.098,7000,E, ,KIRIKIRI VALLEY ROAD S,201446130,18/10/2014,Sat,2130,DB,CW1,111A 131A 901 ,C,E,W,DN,H , , ,C,100,0,0,0,,,1838061,5885233
Thames-Coromandel District,25A/8/7.651,5000,W, ,PUKETUI ROAD,201414541,25/01/2014,Sat,2100,BB,CW1T,123A ,,M,D,DN,F , , ,C,100,0,0,1,,,1838944,5884426
Thames-Coromandel District,25A/8/12.149,8000,E, ,SH 25,201410261,14/02/2014,Fri,1638,FD,4S1CC,181A 197A ,,M,D,B ,F , ,N,C,100,0,0,5,,,1843028,5885566
Thames-Coromandel District,25A/8/12.631,20,S, ,PUKETUI ROAD,201444856,11/10/2014,Sat,1850,BE,CS1C,129A 350A ,,R,D,TN,F , ,N,C,100,0,0,0,,,1843264,5885961
Thames-Coromandel District,25A/21/1.012,950,S, ,KITAHI ROAD,201444254,26/08/2014,Tue,1030,DB,CS1,131A ,T,E,D,B ,F , , ,C,100,0,0,0,,,1844086,5887157
Thames-Coromandel District,26/80/1.416,800,S, ,TOWNSEND ROAD,201445151,12/07/2014,Sat,1955,EC,VS1,135A 823 901 ,CL,R,W,DN,H , , ,C,100,0,0,0,,,1835150,5870069
Thames-Coromandel District,26/80/6.35,2000,S, ,PURIRI VALLEY ROAD,201417278,14/09/2014,Sun,1011,DA,CN1,131A 352A 801 ,V,M,W,O ,L , , ,C,100,0,0,1,,,1834850,5874663
Thames-Coromandel District,26/80/7.38,970,S, ,PURIRI VALLEY ROAD,201413384,13/05/2014,Tue,1927,DB,CS1,103A 111A 131A ,V,M,D,DN,F , , ,C,100,0,0,2,,,1834227,5875478
Thames-Coromandel District,26/80/7.95,400,S, ,PURIRI VALLEY ROAD,201448511,17/11/2014,Mon,1124,CC,4N1,137A ,FV,R,W,ON,H , ,N,C,100,0,0,0,,,1834167,5876035
Thames-Coromandel District,26/80/10.334,500,S, ,WAINUI ROAD,201435571,26/04/2014,Sat,1828,EC,CN1,912,W,E,D,DN,F , , ,N,100,0,0,0,,,1832764,5877950
Thames-Coromandel District,26/80/14.946,550,S, ,SH 25A,201433158,09/03/2014,Sun,2116,CB,VS1,103A 129A 130A ,GKS,R,D,DN,F , , ,C,100,0,0,0,,,1829032,5880548
Thames-Coromandel District,26/95/0.364,, ,I,SH 25,201446681,05/11/2014,Wed,709,LB,CS1C,302B ,,M,D,B ,F ,R,G,R,70,0,0,0,,,1828340,5881116
Timaru District,ALBERT ST,30,N, ,NELSON TERRACE,201414512,23/06/2014,Mon,1100,EA,CS1C,501A ,FM,R,D,B ,F , , ,C,50,0,0,1,,,1460212,5083137
Timaru District,ARCHER ST,70,E, ,WOODLANDS ROAD,201437746,29/05/2014,Thu,1700,QG,400000000000000,428A 665A 903 ,M,R,D,DO,FS, , ,C,50,0,0,0,,,1459698,5081907
Timaru District,ARUNDEL BELFIELD ROAD,, ,A,RAIL XING,201416426,20/08/2014,Wed,1055,QC,TN1,321A ,JNS,R,D,B ,F , ,S,C,100,0,1,0,,,1464796,5114043
Timaru District,AVENUE ROAD,, ,I,GUTHRIE ST,201417589,15/10/2014,Wed,2340,BA,CS1C,103A 512A 514A ,M,R,D,DO,F ,T,N,C,50,0,0,1,,,1459363,5082891
Timaru District,BANK ST,15,S, ,ARTHUR ST,201440536,08/07/2014,Tue,1706,MF,PS1C,110A 158A 333A ,,R,D,TO,F , , ,C,50,0,0,0,,,1460646,5082352
Timaru District,BARNARD ST,80,W, ,GEORGE ST,201440534,08/07/2014,Tue,1010,EA,CS1C,129A ,M,R,D,O ,F , , ,C,50,0,0,0,,,1460943,5082441
Timaru District,BARNES ST,60,N, ,PUKATEA ST,201410068,22/01/2014,Wed,1820,NB,CN1E,370A 713B 726B ,,R,D,O ,F , , ,C,50,0,1,0,6,,1457375,5083180
Timaru District,BARNES ST,70,N, ,RIMU ST,201442336,12/07/2014,Sat,405,CB,CS1,112A 517A ,F,R,D,DO,F , ,N,C,50,0,0,0,,,1457384,5083297
Timaru District,BARTON ROAD,570,S, ,CLAREMONT ROAD,201431187,26/01/2014,Sun,1425,DB,CN1,111A 402A ,,S,W,O ,F , ,N,C,100,0,0,0,,,1454989,5082545
Timaru District,BEACONSFIELD ROAD,300,W, ,DONALD FRASER ROAD,201400184,19/09/2014,Fri,1155,EA,TE1T,112A 357A 513A ,M,R,D,B ,FS, ,N,C,100,1,0,0,,,1450383,5077827
Timaru District,BRIDGE ROAD,300,E, ,HILTON HIGHWAY,201410067,20/01/2014,Mon,1610,LB,MW1C,303B 370B 927 ,,R,D,O ,F ,D, ,C,50,0,1,0,,,1460273,5085424
Timaru District,BROWNE ST,, ,I,VICTORIA ST,201413968,19/06/2014,Thu,1020,HA,CS2V,301A 375A ,,R,D,B ,F ,X,S,C,50,0,0,1,,,1460900,5081921
Timaru District,BURKE ROAD,, ,I,MCKENZIE ROAD,201445553,28/09/2014,Sun,900,CB,CS1,130A 813 ,P,R,D,B ,F ,X,G,N,100,0,0,0,,,1458443,5112194
Timaru District,CANADA ST,, ,I,MAPLE CRESCENT E,201442337,08/08/2014,Fri,311,DA,CW1,110A 131A ,P,R,W,DO,F ,T,N,N,50,0,0,0,,,1459497,5081806
Timaru District,CANAL ROAD,1200,N, ,ROLLESTON ROAD,201416272,13/10/2014,Mon,1530,QB,VN1,523A ,,R,D,B ,F , , ,P,100,0,1,0,,,1469744,5104422
Timaru District,CENTENNIAL PARK SCENIC DR,1000,S, ,CLAREMONT ROAD,201432592,22/02/2014,Sat,1140,DB,CW1,108A 402A ,V,E,D,B ,F , ,N,N,30,0,0,0,,,1456094,5083505
Timaru District,CHURCH ST,50,W, ,BANK ST,201414374,30/05/2014,Fri,935,NA,CW1E,197A 711B ,,R,D,B ,F , , ,C,50,0,1,0,73,,1460590,5082567
Timaru District,CHURCH ST,, ,I,BANK ST,201449573,12/12/2014,Fri,1530,DA,CW1C,111A 131A ,M,M,D,O ,F ,X,S,C,50,0,0,0,,,1460640,5082569
Timaru District,CHURCH ST,, ,I,BRUNSWICK ST,201416375,11/10/2014,Sat,1300,MC,MW1C,352B 372B ,,R,D,B ,F ,M,S,C,50,0,0,2,,,1460083,5082553
Timaru District,CHURCH ST,60,E, ,GREY ROAD,201447677,11/11/2014,Tue,835,LB,CW1C,303B 375B 927 ,,E,D,BF,F ,D,N,C,50,0,0,0,,,1460367,5082561
Timaru District,CHURCH ST,, ,I,GREY ROAD,201450010,20/12/2014,Sat,1010,LB,CN2C,301B 303B 404B ,,R,D,O ,F ,X,S,C,50,0,0,0,,,1460307,5082559
Timaru District,CHURCH ST,, ,I,OXFORD ST,201416238,26/09/2014,Fri,822,GD,PE1C,331A 352A ,,R,D,O ,F ,X,S,C,50,0,0,1,,,1459133,5082634
Timaru District,CLAREMONT ROAD,40,E, ,GLENITI ROAD,201440422,26/06/2014,Thu,1152,MB,CW1C,372B ,,R,D,B ,F , ,N,N,100,0,0,0,,,1456327,5083499
Timaru District,CONNOLLY ST,20,E, ,SH 79,201411942,15/03/2014,Sat,2213,EA,CW14,103A 129A ,M,R,D,DO,F , ,N,C,50,0,0,1,,,1459734,5117387
Timaru District,COONOOR ROAD,200,E, ,OTIPUA ROAD,201400269,20/12/2014,Sat,5,DB,CW1C,101A 111A ,MP,M,D,DO,F , ,N,C,50,1,0,0,,,1459213,5081572
Timaru District,DOMAIN AVENUE,, ,I,CEMETERY HILL,201410506,11/01/2014,Sat,1223,JA,SE1C,302B 375B ,,R,D,OF,F ,T,G,C,50,0,0,1,,65,1461337,5080883
Timaru District,ELGINSHIRE ST,, ,I,TRENEGLOS ST,201434525,13/02/2014,Thu,2036,DB,400,102A 133A 403A ,F,R,D,BF,F ,T,N,C,60,0,0,0,,,1460069,5087472
Timaru District,ELGINSHIRE ST,, ,I,TRENEGLOS ST,201432147,17/01/2014,Fri,1015,QG,TN1C,682A 198B ,,E,D,B ,F ,T,N,C,50,0,0,0,,,1460069,5087472
Timaru District,ELIZABETH ST,20,E, ,LE CREN ST,201442769,10/08/2014,Sun,1700,EA,CW1C,129A ,M,R,D,BF,F , ,N,C,50,0,0,0,,,1459847,5082769
Timaru District,EWEN ROAD,30,W, ,SH 1S,201437967,31/05/2014,Sat,2310,EA,CE1VV,103A 645A ,M,R,D,DO,F , ,N,C,50,0,0,0,,,1462313,5100241
Timaru District,FACTORY ROAD,, ,I,RISE ROAD,201450034,26/12/2014,Fri,1710,HA,4E1C,301B ,,R,D,B ,F ,T,S,P,100,0,0,0,,,1464617,5103470
Timaru District,FAIRVIEW ROAD,20,E, ,BROCKLEY ROAD,201450007,15/12/2014,Mon,830,BA,4E1C,205A 197B ,FX,R,D,B ,F , , ,N,100,0,0,0,,,1452845,5081114
Timaru District,FAIRVIEW ROAD,500,W, ,SUTTON ROAD,201444180,15/07/2014,Tue,1300,AO,4W1C,134A 197A 402A ,F,R,D,ON,F , ,N,N,80,0,0,0,,,1456120,5080693
Timaru District,FARM ROAD,1000,S, ,CHALMERS ROAD,201435704,03/04/2014,Thu,1030,CB,CS1,112A 130A 359A 904 ,P,R,D,O ,M , , ,C,100,0,0,0,,,1467001,5110430
Timaru District,FERGUSSON DRIVE,320,S, ,DOMAIN AVENUE,201431444,27/02/2014,Thu,1820,DA,CN1,131A 402A ,T,E,D,BN,F , ,N,N,50,0,0,0,,,1462799,5099021
Timaru District,FRASER ROAD,1400,S, ,ROLLING RIDGES ROAD,201450125,02/12/2014,Tue,110,CB,CE1,130A 412A ,F,R,D,DN,F , , ,N,100,0,0,0,,,1447840,5087966
Timaru District,FRASER ST,100,N, ,STUART ST,201444174,25/05/2014,Sun,130,CB,CS1,112A 130A 402A ,F,R,D,DO,F , ,N,C,50,0,0,0,,,1461441,5082412
Timaru District,GEORGE ST,, ,I,HORTON ST,201445842,28/08/2014,Thu,645,DC,400,130A 412A 904 ,H,R,D,DO,M ,T,N,C,50,0,0,0,,,1451513,5097425
Timaru District,GERALDINE-ARUNDEL ROAD,1000,N, ,SH 79,201444781,13/09/2014,Sat,1133,DA,CN1,131A ,F,M,W,ON,L , ,N,C,100,0,0,0,,,1461258,5122826
Timaru District,GLEN ST,, ,I,ATHOL PLACE,201415969,23/08/2014,Sat,2210,DB,MS1,103A 131A ,,R,D,DO,F ,T,G,N,50,0,1,0,,,1458929,5084055
Timaru District,GLENITI ROAD,300,S, ,PAGES ROAD,201415972,28/08/2014,Thu,200,NA,CS1E,433A 722B ,,R,D,DN,F , , ,C,80,0,0,1,56,,1454893,5084884
Timaru District,GRANTS ROAD,20,W, ,FORTH ST,201418265,03/12/2014,Wed,700,DB,CE14,129A 902 ,M,S,D,B ,F , , ,C,50,0,0,1,,,1459222,5084920
Timaru District,GRANTS ROAD,10,W, ,GRANTLEA DRIVE,201439476,07/06/2014,Sat,2045,EA,CE1C,103A 358A ,M,R,D,DO,F ,T,N,C,50,0,0,0,,,1459527,5084974