TLANAME,CRASHROAD,CRASHDIST,CRASHDIRN,INTSN,SIDEROAD,CRASHID,CRASHDATE,CRASHDOW,CRASHTIME,MVMT,VEHICLES,CAUSES,OBJECTSSTRUCK,ROADCURVE,ROADWET,LIGHT,WTHRa,JUNCTYPE,TRAFCTRL,ROADMARK,SPDLIM,CRASHFATALCNT,CRASHSEVCNT,CRASHMINCNT,PERSAGE1,PERSAGE2,EASTING,NORTHING
Timaru District,GREY ROAD,20,N, ,CHURCH ST,201432607,07/03/2014,Fri,15,EA,CN1C,103A 129A ,M,R,D,DO,F ,X,S,C,50,0,0,0,,,1460307,5082579
Timaru District,HARRISON ROAD,150,W, ,SH 1S,201414463,24/05/2014,Sat,1445,CA,MW1,112A ,,R,D,BF,F , ,N,N,100,0,1,0,,,1462601,5107460
Timaru District,HASSALL ST,, ,I,OTIPUA ROAD,201435690,21/03/2014,Fri,900,EC,TS1,363A 386A 818 902 ,H,M,D,B ,F ,T,S,R,50,0,0,0,,,1459384,5081601
Timaru District,HASSALL ST N,10,E, ,WOODLANDS ROAD,201440433,12/07/2014,Sat,45,CB,CW1,103A 505A ,P,R,D,DO,F ,T,N,C,50,0,0,0,,,1459645,5081684
Timaru District,HAWKE ROAD,, ,I,REILLY ROAD,201450474,01/12/2014,Mon,546,CB,CN2,129A 410A ,FX,R,W,ON,L ,T,G,C,100,0,0,0,,,1463425,5110619
Timaru District,HAYES ST,220,S, ,STUART ST,201430125,22/01/2014,Wed,1140,QC,CS1,326A 350A 370A ,N,M,D,BF,F , ,T,C,50,0,0,0,,,1461298,5082099
Timaru District,HEATON ST,, ,I,VICTORIA ST,201450009,19/12/2014,Fri,730,HA,CN2C,302A ,,R,D,B ,F ,R,G,R,50,0,0,0,,,1460898,5082041
Timaru District,HILL VIEW CRESCENT,, ,I,GRANDI AVENUE,201414654,09/07/2014,Wed,1505,LB,TS1C,303B 375B ,,R,D,O ,F ,X,S,C,50,0,0,1,,,1458117,5083101
Timaru District,HOBBS ST,50,W, ,SH 1S,201446710,04/10/2014,Sat,900,GE,4W1CC,193B 381B 929 ,,R,D,B ,F ,D,N,C,50,0,0,0,,,1459619,5084172
Timaru District,HUFFEY ST,10,S, ,TALBOT ST,201436923,13/05/2014,Tue,1345,GA,CS1C,181A 404A 929 ,,R,W,O ,L ,D,N,C,50,0,0,0,,,1459426,5115673
Timaru District,JOLLIE ST,, ,I,HISLOP ST,201438276,09/06/2014,Mon,1850,EC,CN1,129A 645A ,S,R,W,DO,H ,X,G,C,50,0,0,0,,,1459066,5116531
Timaru District,KAURI ST,30,N, ,PURIRI ST,201450023,01/12/2014,Mon,1430,CB,CN1,130A 358A ,P,R,D,B ,F , , ,N,50,0,0,0,,,1457816,5083002
Timaru District,KING ST,15,S, ,CATHERINE ST,201446703,16/10/2014,Thu,1524,GA,CN1C,181A 423A 929 ,,R,D,O ,F ,D,N,C,50,0,0,0,,,1460887,5081520
Timaru District,KING ST,, ,I,QUEEN ST,201450033,31/12/2014,Wed,1315,HA,CS1C,301B ,,R,W,O ,L ,T,S,C,50,0,0,0,,,1460757,5081270
Timaru District,KING ST,, ,I,WILLIAM ST,201445798,12/04/2014,Sat,840,HA,CS1C,301B 375B ,,R,D,B ,F ,X,S,C,50,0,0,0,,,1461059,5081800
Timaru District,MACDONALD ST,, ,I,DUNKIRK ST,201445250,13/09/2014,Sat,1417,EC,CS1C,129A 353A 402A ,M,R,D,O ,F ,T,N,C,50,0,0,0,,,1459538,5084761
Timaru District,MCKENZIE ROAD,, ,I,BURKE ROAD,201412765,22/04/2014,Tue,1540,DA,CS2,111A 131A ,V,R,W,ON,F ,X,G,N,100,0,0,1,,,1458443,5112194
Timaru District,MEADOWS ROAD,, ,A,RAIL XING,201416047,11/09/2014,Thu,2200,AD,CE1,103A ,S,R,D,DO,F , ,N,C,60,0,0,1,,,1460107,5087024
Timaru District,MEADOWS ROAD,180,E, ,SH 1S,201434828,23/03/2014,Sun,950,QG,4W1,665A ,P,E,D,BF,F , ,N,C,50,0,0,0,,,1459811,5086952
Timaru District,MILFORD LAGOON ROAD,, ,I,ORAKIPAOA ISLAND ROAD,201414368,08/02/2014,Sat,400,DC,CN1,112A 335A 645A ,FT,R,D,DN,F ,T,N,C,100,0,0,4,,,1467091,5097295
Timaru District,NORTH ST,100,E, ,RHODES ST,201416364,25/09/2014,Thu,845,PD,VN1E,727B 929 ,,R,D,B ,F ,D,N,C,50,0,0,1,3,,1459940,5082136
Timaru District,NORTH ST,200,W, ,WOODLANDS ROAD,201417324,12/11/2014,Wed,1720,MC,CE14,330B 372B 402B ,,R,D,O ,F , , ,C,50,0,0,2,,,1459433,5082122
Timaru District,OLD MAIN SOUTH ROAD,1000,N, ,LOOKER ROAD,201443749,05/08/2014,Tue,705,EC,VN1,913,W,R,D,DN,FF, , ,C,100,0,0,0,,,1468627,5115409
Timaru District,OLD NORTH ROAD,, ,I,ANDREW ST,201432205,14/01/2014,Tue,1800,GD,CN1C,333A 352A ,,R,D,B ,F ,T,G,C,50,0,0,0,,,1458854,5084735
Timaru District,OLD NORTH ROAD,240,N, ,BLAIR ST,201444185,18/07/2014,Fri,2115,DB,CS1,137A 363A ,P,E,W,DO,L , ,N,C,50,0,0,0,,,1459668,5086419
Timaru District,OLD NORTH ROAD,550,N, ,JELLICOE ST,201435675,05/04/2014,Sat,2200,DB,CE1,111A 131A 430A ,P,E,D,DN,F , , ,C,80,0,0,0,,,1459363,5085884
Timaru District,OLD NORTH ROAD,30,S, ,MAHONEYS HILL ROAD,201442213,31/07/2014,Thu,2145,DA,CS1,111A 131A 402A ,F,E,D,DO,F , , ,C,80,0,0,0,,,1459541,5085988
Timaru District,ORARI STATION ROAD,50,E, ,MACDONALD ST,201444783,18/09/2014,Thu,20,DB,CE1,111A 131A ,P,E,D,DO,F , ,G,C,70,0,0,0,,,1463760,5111495
Timaru District,ORARI STATION ROAD,1250,S, ,TANCRED ST,201450606,16/12/2014,Tue,230,DA,CN1,103A 410A ,CP,E,D,DN,F , ,N,C,100,0,0,0,,,1461141,5115734
Timaru District,OTIPUA ROAD,20,S, ,CHAUCER ST,201438659,25/06/2014,Wed,1630,FD,VN1CC,331A 181B 902 ,,R,D,B ,F , , ,R,50,0,0,0,,,1458298,5083156
Timaru District,OTIPUA ROAD,, ,I,HASSALL ST,201433951,20/03/2014,Thu,1420,DA,CN1,111A 121A ,K,M,D,O ,L ,T,S,R,50,0,0,0,,,1459384,5081601
Timaru District,OTIPUA ROAD,, ,I,HURDLEY ST,201431587,09/01/2014,Thu,1300,GD,CN1C,333A 358A ,,R,D,O ,F ,T,G,C,50,0,0,0,,,1458681,5082247
Timaru District,OTIPUA ROAD,50,W, ,KIWI DRIVE,201438660,07/06/2014,Sat,400,DB,CN1V,111A 131A 358A ,M,E,W,DO,M , , ,C,50,0,0,0,,,1458338,5083126
Timaru District,OTIPUA ROAD,, ,I,RAYMOND ST,201432637,19/02/2014,Wed,835,AF,CN1S,150A 370A 386A ,,E,D,B ,F ,T,G,C,50,0,0,0,,,1458615,5082400
Timaru District,OTIPUA ROAD,, ,I,ST GEORGE ST,201430360,21/01/2014,Tue,2028,KB,CS1V,316B 382B ,,R,D,O ,F ,T,N,R,50,0,0,0,,,1459457,5081504
Timaru District,PAGES ROAD,10,W, ,GLAMIS ST,201416374,22/10/2014,Wed,2237,EA,CW1V,112A 512A ,M,R,D,DO,F ,T,N,C,50,0,1,0,,,1457784,5084798
Timaru District,PAGES ROAD,, ,I,MORGANS ROAD,201416246,24/08/2014,Sun,929,FB,4N1C,103A 181A ,,R,W,O ,L ,T,G,N,50,0,0,1,,,1457496,5084916
Timaru District,PAGES ROAD,, ,I,OLD NORTH ROAD,201448099,20/11/2014,Thu,2030,KA,CE1C,302B ,,M,D,TF,F ,R,G,R,50,0,0,0,,,1458823,5084688
Timaru District,PUKAKI ST,200,E, ,MORGANS ROAD,201442211,23/07/2014,Wed,2258,EC,CW1C,129A 818 ,M,R,D,DO,F , , ,N,50,0,0,0,,,1457605,5083508
Timaru District,QUEEN ST,20,E, ,KING ST,201444173,18/07/2014,Fri,2120,MA,CE1C,387A 373B ,,R,W,DO,L , ,N,C,50,0,0,0,,,1460776,5081266
Timaru District,RANUI AVENUE,180,W, ,SH 1S,201447681,05/11/2014,Wed,1015,MO,BW1C,129A 386A ,M,E,D,OF,L , ,N,C,50,0,0,0,,,1459539,5083972
Timaru District,RIMU ST,20,E, ,BARNES ST,201432780,15/02/2014,Sat,1745,MO,CW1,130A ,F,R,D,B ,F , , ,C,50,0,0,0,,,1457398,5083226
Timaru District,RISE ROAD,80,W, ,MILFORD CLANDEBOYE ROAD,201400195,05/10/2014,Sun,430,PO,CE1E,370A 724B 728B ,,R,D,DN,F , ,N,C,100,1,0,0,16,,1467844,5100325
Timaru District,RITCHIE ST,, ,I,DAWSON ST,201435689,27/03/2014,Thu,2130,EC,TE1,124A 386A 817 ,J,R,D,DO,F ,T,G,N,50,0,0,0,,,1461445,5083041
Timaru District,RITCHIE ST,, ,I,HAYES ST,201445539,10/10/2014,Fri,1245,KA,CW1C,303B ,,R,D,B ,F ,T,N,C,50,0,0,0,,,1461177,5082848
Timaru District,RUSSELL ST,, ,A,RAIL XING,201432757,22/01/2014,Wed,1300,QC,4N1,334A ,NS,R,D,B ,F , ,T,C,50,0,0,0,,,1451226,5097257
Timaru District,SEADOWN ROAD,, ,I,FLEMINGTON ST,201440702,05/07/2014,Sat,1028,DB,CN1,103A 131A ,FK,M,D,O ,F ,T,N,C,50,0,0,0,,,1459761,5087732
Timaru District,SEADOWN ROAD,, ,I,PHAR LAP ROAD,201413282,31/03/2014,Mon,1550,DA,CS1,111A 131A ,P,E,D,B ,F ,T,N,C,100,0,1,0,,,1461931,5091343
Timaru District,SEADOWN ROAD,, ,I,WAIPOPO ROAD,201438794,15/05/2014,Thu,155,DA,CW2,103A 131A ,F,R,D,DO,M ,T,G,C,100,0,0,0,,,1462416,5093571
Timaru District,SEFTON ST,50,E, ,GREY ROAD,201438784,18/04/2014,Fri,1345,MO,CE1C,371A ,M,R,W,OF,L , ,N,C,50,0,0,0,,,1460346,5082971
Timaru District,SELWYN ST,, ,I,HOBBS ST,201446719,16/09/2014,Tue,650,BC,CN1C,103A 122A 133A 930 ,,R,D,O ,F ,D,N,C,50,0,0,0,,,1459173,5083951
Timaru District,SELWYN ST,, ,I,HOBBS ST,201415404,30/07/2014,Wed,1510,KB,SN1C,302B 370B ,,R,D,B ,F ,T,G,C,50,0,1,0,,13,1459173,5083951
Timaru District,SELWYN ST,, ,I,TRAFALGAR ST,201413290,23/05/2014,Fri,2125,JA,PS1C,301B 375B ,,R,D,DO,F ,T,S,N,50,0,0,1,,,1459549,5083375
Timaru District,SELWYN ST,80,S, ,WHITE ST,201449357,29/11/2014,Sat,20,CA,CS1C,133A 433A 801 ,M,R,W,DO,L , , ,C,50,0,0,0,,,1459476,5083528
Timaru District,SH 8,, ,I,DIVAN ROAD,201450312,13/10/2014,Mon,1606,KB,CN1O,302B 382B ,,R,D,BN,F ,T,G,C,100,0,0,0,,,,
Timaru District,SOPHIA ST,50,S, ,CHURCH ST,201442233,11/08/2014,Mon,1400,MO,CS1C,330A 386A ,M,R,D,O ,F , , ,C,50,0,0,0,,,1460778,5082604
Timaru District,STAFFORD ST,20,N, ,CANON ST,201441862,25/07/2014,Fri,1030,MO,CS1C,423A ,M,R,D,O ,F , , ,C,50,0,0,0,,,1460665,5082921
Timaru District,STAFFORD ST,50,S, ,CANON ST,201431593,05/01/2014,Sun,1200,MA,4N1C,371B ,,R,D,B ,F , , ,C,50,0,0,0,,,1460712,5082870
Timaru District,STAFFORD ST,30,S, ,GEORGE ST,201442212,19/07/2014,Sat,1335,DA,CS1,111A 131A ,P,E,W,O ,L ,X,T,C,30,0,0,0,,,1461041,5082526
Timaru District,STAFFORD ST,, ,I,NORTH ST,201438277,07/06/2014,Sat,2200,HA,VN1C,322A 334A 351A ,,R,D,DO,F ,X,T,C,50,0,0,0,,,1461154,5082169
Timaru District,TALBOT ST,300,S, ,COLES ST,201418872,14/12/2014,Sun,1630,DA,CN1,129A 410A ,PV,E,D,BN,F , ,N,C,100,0,0,1,,,1459570,5114330
Timaru District,TE MOANA ROAD,700,N, ,SHEEP DIP ROAD,201450130,21/12/2014,Sun,1400,BB,CE1C,123A 205A 402A ,,E,D,O ,F , , ,N,100,0,0,0,,,1448081,5122218
Timaru District,TE WEKA ST,, ,I,PARK VIEW TERRACE,201451046,16/12/2014,Tue,1230,DB,CN1C4C,103A 129A ,M,E,D,BF,F ,T,N,C,50,0,0,0,,,1459973,5083922
Timaru District,THE TERRACE,150,S, ,SH 78,201432782,14/02/2014,Fri,1540,LB,CN1C,303B 355B 927 ,,R,D,B ,F ,D, ,N,50,0,0,0,,,1460761,5082935
Timaru District,TRAFALGAR ST,50,W, ,SH 1S,201437466,06/05/2014,Tue,1715,MO,VW14,386A 929 ,M,R,D,B ,F ,D,N,C,50,0,0,0,,,1459993,5083543
Timaru District,VICTORIA ST,, ,I,BROWNE ST,201439858,15/06/2014,Sun,1750,HA,CW2C,321B 335B 817 853 ,,R,D,DO,F ,X,S,C,50,0,0,0,,,1460900,5081921
Timaru District,VICTORIA ST,, ,I,WILLIAM ST,201437468,07/05/2014,Wed,1835,DB,CN1,111A 131A 402A ,M,E,W,DO,F ,X,G,C,50,0,0,0,,,1460902,5081796
Timaru District,WAI-ITI ROAD,, ,I,ALBERT ST,201436002,10/04/2014,Thu,930,JA,CW1C,301B 375B ,,R,W,OF,L ,T,S,C,50,0,0,0,,,1460170,5083225
Timaru District,WAI-ITI ROAD,10,E, ,GLENWOOD AVENUE,201410794,13/03/2014,Thu,1500,FB,MW1C,181A 331A ,,R,W,O ,F ,T,N,X,50,0,0,1,,,1457729,5083352
Timaru District,WAI-ITI ROAD,, ,I,GLENWOOD AVENUE,201450127,19/12/2014,Fri,1225,GD,CW1C,181A 331A ,,R,D,B ,F ,T,S,C,50,0,0,0,,,1457719,5083353
Timaru District,WAI-ITI ROAD,80,W, ,GUINNESS ST,201432606,03/03/2014,Mon,1700,MC,CE1V,372B 407B 423B ,,R,D,O ,F , ,N,C,50,0,0,0,,,1457926,5083332
Timaru District,WAI-ITI ROAD,, ,I,HOPKINS ST,201438998,02/06/2014,Mon,1330,GD,CW1V,333A 363A 902 ,,R,D,BF,F ,T,G,C,50,0,0,0,,,1456637,5083514
Timaru District,WAI-ITI ROAD,, ,I,KAURI ST,201442214,29/07/2014,Tue,1020,HA,CN2C,301A 375A ,,R,D,O ,F ,X,S,C,50,0,0,0,,,1458005,5083324
Timaru District,WAI-ITI ROAD,100,E, ,MORGANS ROAD,201414363,08/06/2014,Sun,1850,GD,CW1C,331A 359A 402A 929 ,,R,D,TF,F ,D, ,C,50,0,0,2,,,1457490,5083376
Timaru District,WAI-ITI ROAD,100,E, ,MOUNTAIN VIEW ROAD,201410788,19/03/2014,Wed,1625,NB,CW1E,713B ,,R,D,B ,F , ,N,C,50,0,0,1,3,,1456987,5083459
Timaru District,WAI-ITI ROAD,, ,I,NILE ST,201440404,05/07/2014,Sat,1345,LB,SE1C,303B 361B ,I,R,D,O ,F ,T,S,R,50,0,0,0,,,1459384,5083248
Timaru District,WAI-ITI ROAD,, ,I,OTIPUA ROAD,201447664,01/11/2014,Sat,2030,EC,CW1,103A ,I,R,D,OF,F ,R,G,R,50,0,0,0,,,1458171,5083301
Timaru District,WAI-ITI ROAD,, ,I,OTIPUA ROAD,201442215,05/08/2014,Tue,1630,KB,CW1C,302A 350A ,,M,D,O ,F ,R,G,C,50,0,0,0,,,1458155,5083297
Timaru District,WAI-ITI ROAD,10,E, ,PRESTON ST,201442232,14/07/2014,Mon,1545,MA,4E1C,373B 671B 927 ,,R,D,O ,F ,D,N,C,50,0,0,0,,,1459163,5083241
Timaru District,WAI-ITI ROAD,, ,I,SEDDON ST,201440857,18/07/2014,Fri,810,CA,VE1,130A 802 ,,R,I,B ,FF,T,N,C,50,0,0,0,,,1458224,5083291
Timaru District,WAI-ITI ROAD,, ,I,SELWYN ST,201437470,08/05/2014,Thu,2020,HA,CW1C,322A 402A 103B 801 ,,R,W,DO,L ,X,T,C,50,0,0,0,,,1459612,5083253
Timaru District,WAI-ITI ROAD,, ,I,SELWYN ST,201432785,04/03/2014,Tue,45,CB,CS2,101A 110A 130A ,CS,R,D,DO,F ,X,T,C,50,0,0,0,,,1459612,5083253
Timaru District,WAI-ITI ROAD,, ,I,SELWYN ST,201411544,15/02/2014,Sat,2205,HA,4W1C,103A 322A ,,R,D,DO,F ,X,T,C,50,0,0,1,,,1459612,5083253
Timaru District,WAITOHI PLEASANT POINT RO,, ,I,OPIHI TERRACE ROAD,201437801,29/05/2014,Thu,810,KB,TW1C,302B 375B ,,R,D,B ,F ,M,G,C,100,0,0,0,,,1452956,5099625
Timaru District,WAITOHI TEMUKA ROAD,, ,I,EARL ROAD,201448872,26/11/2014,Wed,,DA,CW1,101A 111A 131A 903 ,FV,R,D,B ,FS,X,S,C,100,0,0,0,,,1460397,5100063
Timaru District,WASHDYKE FLAT ROAD,, ,I,KELLANDS HILL ROAD,201433597,12/04/2014,Sat,2230,DA,CN2,137A ,F,R,W,DN,L ,X,S,C,100,0,0,0,,,1457107,5086854
Timaru District,WASHDYKE FLAT ROAD,500,W, ,SH 1S,201439894,23/06/2014,Mon,650,EC,400000000000000,130A 350B 910 ,BW,R,D,DF,FF, , ,C,100,0,0,0,,,1459108,5087094
Timaru District,WHITCOMBE ST,150,N, ,DOMAIN AVENUE,201446953,09/06/2014,Mon,1150,CB,CN1,130A ,J,R,W,OF,L , ,N,N,50,0,0,0,,,1462830,5099449
Timaru District,WILKIN ST,, ,I,ALEXANDRA ST,201412838,16/04/2014,Wed,1701,HA,CE2C,302A 335A 901 ,,R,W,O ,H ,X,G,C,50,0,0,1,,,1463119,5099764
Timaru District,WILSON ST,, ,I,CHURCH ST,201440403,05/07/2014,Sat,1630,DB,CN1,130A 504A ,G,R,D,O ,F ,R,G,R,50,0,0,0,,,1459623,5082600
Timaru District,WILSON ST,, ,I,CLIFTON TERRACE,201436917,26/03/2014,Wed,1655,GD,CS1C,331A ,,R,D,B ,F ,T,N,C,50,0,0,0,,,1459635,5082411
Timaru District,WILSON ST,, ,I,NORTH ST,201446381,05/09/2014,Fri,1815,HA,CS1C,302A ,,R,D,TF,F ,R,G,R,50,0,0,0,,,1459633,5082127
Timaru District,WINCHESTER-GERALDINE ROAD,190,S, ,BEEBY ROAD,201413130,11/05/2014,Sun,645,FA,CS1O,330A 904 ,,R,D,DN,M , , ,C,100,0,0,1,,,1461010,5109039
Timaru District,WINCHESTER-GERALDINE ROAD,, ,I,COACH ROAD,201414462,25/06/2014,Wed,1925,JA,CS1C,321B 361B ,,R,W,DO,F ,T,S,C,100,0,3,3,,,1460011,5112650
Timaru District,YORK ST,, ,I,CHURCH ST,201450011,07/12/2014,Sun,2215,DB,4W2,101A 131A 404A ,FH,E,D,DO,F ,T,N,N,50,0,0,0,,,1460003,5082551
Timaru District,Z CPK C/DOWN CHURCH ST,60,W, ,LE CREN ST,201414298,21/08/2014,Thu,1610,MO,CE1C,132A 330A 926 ,MC,R,D,B ,F ,D,N,N,50,0,0,2,,,1459864,5082566
Timaru District,Z CPK CANON ST,50,N, ,SOPHIA ST,201415403,04/07/2014,Fri,950,NG,CS1E,371A 712B ,,R,D,O ,F , , ,N,50,0,0,1,84,,1460606,5082887
Timaru District,Z CPK HIBERNIAN HOTEL,70,N, ,NORTH ST,201413321,28/03/2014,Fri,1455,MO,CW1,427A ,C,R,D,B ,F , , ,N,30,0,0,1,,,1460845,5082231
Timaru District,Z CPK NEW WORLD,20,N, ,WAI-ITI ROAD,201410395,02/01/2014,Thu,1210,PO,VE1E,386A ,,R,D,BN,F , ,N,N,20,0,0,1,14,,1458687,5083283
Timaru District,Z RIVER TRACK,960,S, ,GERALDINE-ARUNDEL ROAD,201413183,27/03/2014,Thu,1700,DB,MS1,104A 111A 131A ,,M,D,O ,F , , ,N,100,0,0,1,,,1464032,5128308
Timaru District,1S/462/3.582,100,N, ,SH 79,201448097,19/11/2014,Wed,1915,QG,TS1C,668A ,,R,D,O ,F , , ,C,100,0,0,0,,,1469543,5119431
Timaru District,1S/465/0,, ,I,SH 79,201450131,16/12/2014,Tue,1410,KA,TN1C,197A 302B 330B 375B ,,R,D,B ,F ,T,G,L,100,0,0,0,,,1469468,5119365
Timaru District,1S/465/0,, ,I,SH 79,201413984,24/06/2014,Tue,1235,LB,CW1V,303B 375B ,,R,D,B ,F ,T,G,P,100,0,0,1,,,1469468,5119365
Timaru District,1S/465/0,, ,I,SH 79,201414034,27/06/2014,Fri,1725,LB,4N1V,303B 375B ,,R,D,TO,F ,T,G,C,100,0,0,1,,,1469468,5119365
Timaru District,1S/465/0.2,200,W, ,SH 79,201434856,07/03/2014,Fri,2110,CB,CW1,103A 129A ,B,R,D,DN,F , ,N,N,100,0,0,0,,,1469317,5119234
Timaru District,1S/465/5.408,200,N, ,FITZGERALD ROAD,201447185,06/11/2014,Thu,1516,DB,TS1,131A 412A ,C,E,D,B ,F , , ,C,100,0,0,0,,,1465496,5115729
Timaru District,1S/465/7.774,500,N, ,FARM ROAD,201450132,16/12/2014,Tue,1200,CB,CS1,130A 412A ,F,R,D,B ,F , , ,C,100,0,0,0,,,1464990,5113511
Timaru District,1S/465/8.374,100,S, ,FARM ROAD,201448873,24/11/2014,Mon,1540,FA,CS1V,331A ,,E,D,B ,F , , ,C,100,0,0,0,,,1465149,5112940
Timaru District,1S/465/9.191,, ,A,ORARI RIV BR,201416247,06/09/2014,Sat,1905,BA,CN1C,310A ,,R,D,DN,F , ,G,N,100,0,0,2,,,1464573,5112387
Timaru District,1S/465/9.191,, ,A,ORARI RIV BR,201410222,13/01/2014,Mon,1415,CB,CE1,134A 350A ,G,R,D,B ,F , ,N,C,100,0,0,1,,,1464573,5112387
Timaru District,1S/465/10.075,310,N, ,ORARI STATION ROAD,201400205,14/10/2014,Tue,1430,BC,CS1C,121A ,,E,D,O ,F , ,N,C,80,1,1,1,,,1463959,5111752
Timaru District,1S/465/10.385,, ,I,ORARI STATION ROAD,201444785,28/09/2014,Sun,1940,LB,CN1C,372B ,,R,D,TO,F ,T,N,C,80,0,0,0,,,1463862,5111459
Timaru District,1S/465/10.445,60,S, ,ORARI STATION ROAD,201416581,02/10/2014,Thu,1610,CB,VN1,104A 129A ,P,R,D,BF,F , ,N,C,100,0,0,2,,,1463844,5111402
Timaru District,1S/465/15.609,, ,I,ERSKINE ST,201434827,23/03/2014,Sun,630,CB,4N1,129A 352A 363A ,P,R,D,DO,M ,T,N,C,50,0,0,0,,,1462457,5106449
Timaru District,1S/481/4.094,220,N, ,OXFORD CROSSING ROAD,201416304,06/10/2014,Mon,1505,FD,VS1CC,137A 181A ,,R,D,B ,F , ,N,C,100,0,0,2,,,1461986,5102109
Timaru District,1S/481/6.219,20,S, ,WILMSHURST ROAD,201443752,28/06/2014,Sat,1753,CA,CN1,501A ,I,R,D,DO,F , , ,R,50,0,0,0,,,1462387,5100022
Timaru District,1S/481/6.57,50,S, ,WOOD ST,201442180,20/08/2014,Wed,710,FA,VS1T,129A 386A ,,R,D,O ,F , , ,P,50,0,0,0,,,1462345,5099708
Timaru District,1S/481/6.865,, ,I,DOMAIN AVENUE,201436797,28/05/2014,Wed,1736,JA,CS1C,322A 334A ,,M,D,DO,F ,X,T,R,50,0,0,0,,,1462377,5099417
Timaru District,1S/481/7.282,, ,I,KING ST S,201413194,30/01/2014,Thu,650,GD,4N1CC,333A 350A ,,E,D,B ,F ,T,G,P,80,0,1,2,,,1462426,5099015
Timaru District,1S/481/7.886,, ,A,TEMUKA RIV BR,201414367,18/04/2014,Fri,110,CC,CS1,104A 130A 901 ,B,R,W,DO,H , , ,C,80,0,1,0,,,1462357,5098440
Timaru District,1S/481/8.587,50,N, ,LAMONT ROAD,201418464,19/12/2014,Fri,1550,MC,CS1C,330B 372B ,,R,D,O ,F , , ,C,80,0,0,1,,,1462055,5097808
Timaru District,AROWHENUA ROAD,, ,I,1S/481/9.429,201416518,04/10/2014,Sat,900,BB,TS2C,129A ,Q,R,D,BN,F ,T,G,C,100,0,0,1,,,1461612,5097098
Timaru District,1S/481/9.429,, ,I,AROWHENUA ROAD,201418461,11/12/2014,Thu,1950,DA,CS1,103A 111A 131A 402A ,GV,R,D,B ,F ,T,G,L,100,0,0,1,,,1461612,5097098
Timaru District,1S/481/9.629,200,S, ,AROWHENUA ROAD,201418395,23/11/2014,Sun,400,CB,4N1,101A 112A ,V,R,D,DN,F , ,N,C,100,0,0,1,,,1461545,5096909
Timaru District,1S/481/10.907,, ,I,AROWHENUA STATION ROAD,201450129,18/12/2014,Thu,320,DA,4N1,103A 111A 131A 402A ,F,E,D,DN,F ,T,G,C,100,0,0,0,,,1461145,5095696
Timaru District,1S/481/13.155,400,S, ,DOMINION ROAD,201433654,20/03/2014,Thu,1650,FD,4S14,181A 331A 350A 801 817 ,,R,W,O ,L , , ,C,100,0,0,0,,,1460669,5093500
Timaru District,1S/481/13.63,200,N, ,LYNCH ROAD,201438888,19/04/2014,Sat,445,CB,VS1,103A 130A ,FR,R,W,DN,F , ,N,N,100,0,0,0,,,1460571,5093034
Timaru District,1S/481/13.99,160,S, ,LYNCH ROAD,201433948,21/03/2014,Fri,550,CB,CN1,116A 330A ,T,R,D,TF,F , ,N,N,80,0,0,0,,,1460497,5092682
Timaru District,1S/481/16.313,200,N, ,DIVAN ROAD,201411940,01/04/2014,Tue,1725,CC,CN1,197A ,V,R,D,BN,F , ,N,C,100,0,0,1,,,1459938,5090428
Timaru District,1S/481/17.646,200,S, ,KENNELS ROAD,201438366,26/05/2014,Mon,1540,EE,TS1C,350B 374B 402B ,M,R,D,O ,F , , ,C,100,0,0,0,,,1459587,5089142
Timaru District,1S/481/19.009,400,N, ,SEADOWN ROAD,201440424,11/06/2014,Wed,1743,MC,TN1CC,330B 372B ,M,R,D,DO,F , ,N,P,70,0,0,0,,,1459513,5087808
Timaru District,1S/481/19.409,, ,I,SEADOWN ROAD,201438892,17/04/2014,Thu,1000,FE,CS14,181A ,,R,W,OF,F ,T,T,C,70,0,0,0,,,1459563,5087412
Timaru District,1S/481/19.614,, ,I,SH 8,201414015,06/06/2014,Fri,710,LB,4N1V,303B 375B ,,R,W,DO,F ,T,T,C,70,0,0,2,,,1459589,5087208
Timaru District,1S/481/19.614,, ,I,SH 8,201436971,26/04/2014,Sat,1410,FE,CS1C,331A ,,R,D,B ,F ,T,T,P,70,0,0,0,,,1459589,5087208
Timaru District,1S/501/0.083,50,N, ,WASHDYKE FLAT ROAD,201435705,28/03/2014,Fri,1450,AO,4N1T,184A 184B ,,R,D,B ,F , , ,C,70,0,0,0,,,1459601,5087125
Timaru District,WASHDYKE FLAT ROAD,, ,I,1S/501/0.133,201444787,21/08/2014,Thu,1300,GF,TE1C,179A 375A ,,R,D,BF,F ,T,S,C,70,0,0,0,,,1459607,5087076
Timaru District,1S/501/0.525,15,N, ,ASCOT ST,201445557,03/10/2014,Fri,1645,DA,MN1,131A 927 ,,R,D,O ,F ,D,N,P,70,0,0,0,,,1459740,5086709