TLANAME,CRASHROAD,CRASHDIST,CRASHDIRN,INTSN,SIDEROAD,CRASHID,CRASHDATE,CRASHDOW,CRASHTIME,MVMT,VEHICLES,CAUSES,OBJECTSSTRUCK,ROADCURVE,ROADWET,LIGHT,WTHRa,JUNCTYPE,TRAFCTRL,ROADMARK,SPDLIM,CRASHFATALCNT,CRASHSEVCNT,CRASHMINCNT,PERSAGE1,PERSAGE2,EASTING,NORTHING
Timaru District,1S/501/1.218,100,S, ,BLAIR ST,201431723,07/01/2014,Tue,1700,AG,VN14,184A ,,R,D,O ,F , , ,C,70,0,0,0,,,1460050,5086090
Timaru District,1S/501/2.065,150,S, ,BRIDGE ROAD,201434821,16/03/2014,Sun,510,DA,CN1,103A 111A 131A ,P,E,W,DO,L , ,N,C,50,0,0,0,,,1459904,5085282
Timaru District,1S/501/2.239,, ,I,GRANTS ROAD,201417780,26/11/2014,Wed,1850,BC,CS1C,122A 410A ,,E,D,B ,F ,T,G,C,50,0,0,1,,,1459890,5085113
Timaru District,1S/501/2.269,30,S, ,GRANTS ROAD,201414826,24/07/2014,Thu,1305,JA,4S14,308B 375B 922 ,,E,D,BF,F ,D,N,C,50,0,0,1,,,1459903,5085086
Timaru District,1S/501/2.374,50,N, ,MACDONALD ST,201440416,25/06/2014,Wed,1530,JA,4S1C,308B 375B 922 ,,R,D,B ,F ,D,N,C,50,0,0,0,,,1459963,5085000
Timaru District,1S/501/3.145,10,S, ,PRINGLE ST,201431061,22/02/2014,Sat,953,FD,CS1CV,331A ,,R,D,B ,FS,T,T,P,50,0,0,0,,,1459797,5084324
Timaru District,1S/501/3.215,40,N, ,NEWMAN ST,201438259,20/05/2014,Tue,1230,AA,TN14,184A 184B ,,R,D,OF,F , ,N,C,50,0,0,0,,,1459741,5084281
Timaru District,1S/501/3.225,30,N, ,NEWMAN ST,201439470,05/06/2014,Thu,1750,AA,VN1C,179A 381A ,,R,D,O ,F , ,N,C,50,0,0,0,,,1459733,5084275
Timaru District,1S/501/3.255,, ,I,NEWMAN ST,201414060,13/07/2014,Sun,2124,JA,VN1C,322A ,,E,W,DO,L ,T,T,C,50,0,0,1,,,1459710,5084257
Timaru District,1S/501/3.355,100,S, ,NEWMAN ST,201444179,14/07/2014,Mon,1225,FD,CN1C,181A ,,R,D,BF,F , ,N,C,50,0,0,0,,,1459662,5084173
Timaru District,1S/501/3.384,50,N, ,RANUI AVENUE,201437962,29/05/2014,Thu,2354,CC,CN1,103A 433A ,F,R,D,DO,F , ,N,C,50,0,0,0,,,1459660,5084144
Timaru District,1S/501/3.434,, ,I,RANUI AVENUE,201438795,16/05/2014,Fri,1734,LB,VS1C,303B 375B 924 ,,R,D,DO,F ,D,T,C,50,0,0,0,,,1459671,5084095
Timaru District,1S/501/3.434,, ,I,RANUI AVENUE,201448124,22/11/2014,Sat,2123,LB,VS1C,303B 334B ,,R,D,DO,F ,T,T,C,50,0,0,0,,,1459671,5084095
Timaru District,1S/501/3.482,100,N, ,GRASMERE ST,201439658,30/05/2014,Fri,1812,MA,CN1C,373B ,,R,D,B ,F , , ,C,50,0,0,0,,,1459683,5084048
Timaru District,1S/501/3.582,, ,I,GRASMERE ST,201432781,03/02/2014,Mon,1905,DA,CN1C,111A 131A 925 ,KM,R,D,B ,F ,D,T,C,50,0,0,0,,,1459710,5083952
Timaru District,1S/501/3.582,, ,I,GRASMERE ST,201440043,20/06/2014,Fri,1211,FE,BS1VC,181A 181C ,,R,D,BF,F ,X,T,C,50,0,0,0,,,1459710,5083952
Timaru District,1S/501/3.672,20,N, ,ASHBURY AVENUE,201432558,18/01/2014,Sat,2150,CC,CS1C,129A 358A 403A ,M,R,D,DO,F , ,N,C,50,0,0,0,,,1459732,5083865
Timaru District,1S/501/3.971,25,S, ,TE WEKA ST,201445561,07/07/2014,Mon,730,AO,BS1V,184A 184B 357B ,,R,D,O ,F , , ,C,50,0,0,0,,,1459913,5083643
Timaru District,1S/501/3.976,30,S, ,TE WEKA ST,201414510,16/06/2014,Mon,1915,GA,CE1C,331A 350A 929 ,,R,D,DO,F ,D, ,C,50,0,0,1,,,1459917,5083640
Timaru District,1S/501/3.996,50,S, ,TE WEKA ST,201450151,22/12/2014,Mon,1220,AO,TS1C,184A 330A 184B 330B ,,R,D,B ,F , , ,C,50,0,0,0,,,1459933,5083628
Timaru District,1S/501/4.016,70,S, ,TE WEKA ST,201410793,24/02/2014,Mon,1650,AO,CS1C,381A 381B ,JTJ,R,D,B ,F , ,N,C,50,0,0,1,,,1459949,5083616
Timaru District,1S/501/4.094,40,N, ,TRAFALGAR ST,201437992,09/05/2014,Fri,,EA,TS1C,129A 197A ,M,R,D,B ,F , ,N,C,50,0,0,0,,,1460011,5083568
Timaru District,1S/501/4.124,10,N, ,TRAFALGAR ST,201446385,23/08/2014,Sat,1417,FD,CN1X,181A ,,R,D,BF,F ,T,S,C,50,0,0,0,,,1460035,5083550
Timaru District,1S/501/4.144,10,S, ,TRAFALGAR ST,201446386,16/08/2014,Sat,1321,FD,CN14,331A 352A ,,R,D,BF,F ,T,S,C,50,0,0,0,,,1460051,5083538
Timaru District,1S/501/4.366,200,N, ,WAI-ITI ROAD,201433465,06/02/2014,Thu,1700,AC,TN1V,381A ,,E,D,BF,F , ,N,C,50,0,0,0,,,1460237,5083421
Timaru District,1S/501/4.366,100,N, ,BEVERLEY ROAD,201435699,10/04/2014,Thu,1615,AA,CN1T,158A 170A 184A ,,E,D,O ,F , , ,C,50,0,0,0,,,1460237,5083421
Timaru District,1S/506/0.096,, ,I,SOPHIA ST,201432207,15/01/2014,Wed,1158,FA,CS1C,331A ,,E,D,O ,F ,T,G,C,50,0,0,0,,,1460486,5082901
Timaru District,1S/506/0.633,, ,I,ARTHUR ST,201435706,27/03/2014,Thu,1000,LB,CW2C,301B 303B ,,R,D,B ,F ,X,S,P,50,0,0,0,,,1460524,5082369
Timaru District,1S/506/0.633,, ,I,ARTHUR ST,201412578,27/03/2014,Thu,1635,HA,CN1M,301B 375B 402B ,,E,D,B ,F ,X,S,C,50,0,1,0,,,1460524,5082369
Timaru District,1S/506/0.769,80,N, ,NORTH ST,201447660,24/10/2014,Fri,1545,FD,CS1C,181A ,,R,D,BF,F , ,N,P,50,0,0,0,,,1460525,5082232
Timaru District,1S/506/0.849,, ,I,NORTH ST,201446388,12/08/2014,Tue,1750,BC,CN1C,122A 330A ,,R,W,DO,H ,X,T,C,50,0,0,0,,,1460526,5082152
Timaru District,1S/506/1.685,, ,I,COLLEGE ROAD,201440411,07/07/2014,Mon,1140,LB,CN14,303B 375B ,,R,D,B ,F ,X,S,C,50,0,0,0,,,1460550,5081326
Timaru District,1S/506/1.979,10,N, ,KING ST,201441861,25/07/2014,Fri,1600,FE,CS14C,110A 331A ,,R,D,O ,F ,X,T,R,50,0,0,0,,,1460632,5081038
Timaru District,1S/506/1.997,, ,I,CRAIGIE AVENUE,201438996,06/06/2014,Fri,1015,FE,CN1C,181A 334A ,,R,W,OF,L ,T,T,R,50,0,0,0,,,1460632,5081028
Timaru District,1S/506/2.261,20,N, ,JAMES ST,201445449,02/10/2014,Thu,2030,EE,TS1C,374B ,M,R,D,DO,F , , ,C,50,0,0,0,,,1460544,5080770
Timaru District,1S/506/2.29,, ,I,OTIPUA ROAD,201415573,29/08/2014,Fri,1320,HA,SE2C,301A 382A 197B ,,R,D,B ,F ,X,S,P,50,0,1,0,,80,1460538,5080751
Timaru District,1S/506/2.668,100,N, ,SHAW ST,201437963,29/05/2014,Thu,810,GD,VS1C,181A 330A 922 ,,R,D,B ,F ,D,N,C,50,0,0,0,,,1460359,5080413
Timaru District,1S/506/2.767,10,N, ,SHAW ST,201439475,13/05/2014,Tue,625,JA,VN1C,308B 375B 922 ,,E,D,DO,F ,D,N,C,50,0,0,0,,,1460304,5080342
Timaru District,1S/506/3.281,150,S, ,BEACONSFIELD ROAD,201414014,15/06/2014,Sun,250,PO,CS1E,700B 713B ,,M,D,DN,F , ,N,C,100,0,1,0,19,,1459892,5080059
Timaru District,1S/506/5.609,800,S, ,SCARBOROUGH ROAD,201445560,05/09/2014,Fri,1240,DA,VS1,131A 402A ,C,E,D,O ,F , , ,C,100,0,0,0,,,1459717,5077819
Timaru District,1S/506/5.81,200,N, ,TALBOTS ROAD,201435700,11/04/2014,Fri,1718,CB,TN1,130A ,FPV,R,D,O ,F , , ,C,100,0,0,0,,,1459652,5077638
Timaru District,1S/506/8.777,200,N, ,CRAIGIE ROAD,201413176,24/01/2014,Fri,1547,DA,CN1,101A 131A ,P,M,D,O ,F , , ,C,100,0,1,0,,,1458623,5075006
Timaru District,1S/516/0.032,20,N, ,BRISTOL ROAD,201440889,21/07/2014,Mon,2100,DA,CN1,131A 402A ,K,M,D,DN,F , , ,C,100,0,0,0,,,1458403,5074710
Timaru District,1S/516/0.848,50,S, ,CAMPBELL ROAD,201432590,28/02/2014,Fri,1459,CC,4N1,129A 134A ,F,R,D,B ,F , ,N,C,100,0,0,0,,,1457878,5074100
Timaru District,1S/516/2.735,, ,I,PAREORA AVENUE,201431791,07/01/2014,Tue,1535,JA,CS1C,197A 301B 353B ,,R,W,B ,F ,X,S,C,100,0,0,0,,,1457018,5072600
Timaru District,1S/516/2.735,, ,I,PAREORA AVENUE,201440002,03/07/2014,Thu,800,HA,CN1C,301B 375B ,,R,D,BF,F ,X,S,C,100,0,0,0,,,1457018,5072600
Timaru District,1S/516/3.38,80,S, ,SANDS ROAD,201441860,23/07/2014,Wed,2130,DA,CS1,410A ,F,E,D,DN,F , , ,C,100,0,0,0,,,1456976,5071956
Timaru District,79/0/7.028,600,W, ,ARUNDEL BELFIELD ROAD,201431057,23/01/2014,Thu,1030,CB,CS1,129A 407A ,PS,R,D,B ,F , ,N,N,100,0,0,0,,,1463347,5122386
Timaru District,GERALDINE-ARUNDEL ROAD,, ,I,79/9/0.093,201436942,14/05/2014,Wed,720,DB,CN2,131A 645A ,E,E,W,DN,L ,T,G,C,100,0,0,0,,,1461533,5121869
Timaru District,79/9/0.675,200,E, ,KEEN ROAD,201416439,07/10/2014,Tue,1720,FB,4E1C,331A ,,R,D,B ,F , ,G,N,100,0,0,1,,,1461046,5121556
Timaru District,79/9/5.408,200,S, ,CONNOLLY ST,201417585,14/11/2014,Fri,1535,GD,CN1C,331A 353A 929 ,,R,D,BF,F ,D,N,C,50,0,0,2,,,1459634,5117213
Timaru District,79/15/0.189,30,E, ,HISLOP ST,201416520,23/09/2014,Tue,1500,CC,4W1C,194A ,FQ,R,D,BF,F , ,N,C,50,0,0,1,,,1459332,5116273
Timaru District,79/15/4.436,, ,I,EARL ROAD,201445886,10/10/2014,Fri,2100,HA,CS2C,301A ,,R,D,DN,F ,X,S,C,100,0,0,0,,,1456629,5113560
Timaru District,79/15/5.309,50,W, ,BRENTON ROAD,201441254,13/07/2014,Sun,1635,DB,CE1,131A 412A ,F,E,D,TN,F , , ,C,100,0,0,0,,,1455815,5113253
Timaru District,79/15/8.511,800,W, ,SLACKS VALLEY ROAD,201418462,15/12/2014,Mon,1455,CC,CW1,130A 404A 412A ,T,R,D,B ,F , , ,C,100,0,0,2,,,1452890,5114059
Timaru District,79/15/11.415,1000,E, ,TOWNSEND ROAD,201412801,04/05/2014,Sun,220,MO,OS1,101A 386A ,E,E,D,DN,F , , ,C,100,0,0,1,,,1450480,5113344
Timaru District,79/15/11.415,1000,E, ,TOWNSEND ROAD,201412800,04/05/2014,Sun,130,DA,VS1,101A 137A 412A ,EF,E,D,DN,F , , ,C,100,0,1,0,,,1450480,5113344
Timaru District,79/15/13.293,500,E, ,BORRELL ROAD,201444048,02/08/2014,Sat,1050,CB,VW1,135A 903 ,,R,D,BN,FS, ,N,C,100,0,0,0,,,1448726,5112759
Timaru District,79/15/15.064,100,E, ,HALL ROAD,201435396,20/04/2014,Sun,555,DB,CE1,111A 131A 813 817 ,,E,D,DN,F , , ,N,100,0,0,0,,,1447155,5112015
Timaru District,79/31/0.149,400,N, ,HALL ROAD,201435698,20/04/2014,Sun,30,DA,CS1,101A 111A 131A 517A 804 817 904 ,C,E,W,DN,M , , ,C,100,0,0,0,,,1446883,5112349
Timaru District,79/31/0.439,690,N, ,HALL ROAD,201448753,12/11/2014,Wed,2000,QG,4S1,131A 688A 901 ,,E,W,DN,H , , ,C,100,0,0,0,,,1446676,5112543
Timaru District,79/31/0.549,800,N, ,HALL ROAD,201441253,29/06/2014,Sun,810,CC,4S1,135A 802 803 ,C,R,I,O ,FF, , ,L,100,0,0,0,,,1446578,5112591
Timaru District,8/0/1.985,400,S, ,CARTWRIGHTS ROAD,201440703,03/07/2014,Thu,1330,AO,CN1T,150A ,,R,D,B ,F , , ,C,100,0,0,0,,,1458594,5088925
Timaru District,8/0/4.359,, ,I,DIVAN ROAD,201450597,18/12/2014,Thu,245,EC,CS1,912,W,R,D,DN,F ,T,G,C,100,0,0,0,,,1457336,5090938
Timaru District,8/0/7.297,350,S, ,FALVEY ROAD,201437666,09/04/2014,Wed,1745,CB,TS1,129A 134A 358A ,FS,R,D,O ,F , , ,C,100,0,0,0,,,1455841,5093464
Timaru District,8/0/7.677,30,N, ,KERRYTOWN ROAD,201440859,03/05/2014,Sat,2000,EC,CN1,912,W,R,D,DN,F , , ,C,100,0,0,0,,,1455665,5093801
Timaru District,8/0/11.523,, ,I,AROWHENUA ROAD,201417887,28/11/2014,Fri,1755,DA,CS1,131A 191A 402A 801 ,X,E,W,O ,L ,T,G,C,100,0,0,1,,,1452988,5096516
Timaru District,8/0/14.114,, ,I,TENGAWAI ROAD,201412592,08/04/2014,Tue,2300,DC,4S2T,103A 335A ,FJT,R,W,DO,F ,T,S,C,50,0,0,1,,,1450605,5097521
Upper Hutt City,AKATARAWA ROAD,, ,A,BRIDGE B1-4,201438219,03/06/2014,Tue,500,DB,CS1,111A 131A ,BCG,M,I,DN,FF, ,N,C,80,0,0,0,,,1778628,5458230
Upper Hutt City,AKATARAWA ROAD,640,E, ,CREST ROAD,201440824,16/07/2014,Wed,1020,DA,CE1,131A 195A 801 ,CF,E,W,O ,L , , ,N,70,0,0,0,,,1777407,5450770
Upper Hutt City,AKATARAWA ROAD,180,W, ,CREST ROAD,201443459,26/09/2014,Fri,1847,DB,CW1,110A 402A ,,M,W,DN,F , ,N,L,70,0,0,0,,,1776857,5450279
Upper Hutt City,AKATARAWA ROAD,5790,N, ,GILLESPIES ROAD,201440057,01/07/2014,Tue,1803,DB,CS1,103A 111A 131A ,,E,D,DN,F , ,N,N,70,0,0,0,,,1778057,5453599
Upper Hutt City,AKATARAWA ROAD,400,S, ,KARAPOTI ROAD,201437236,10/05/2014,Sat,1400,BB,VN1C,123B 818 ,,S,D,BN,F , ,N,N,70,0,0,0,,,1777431,5451519
Upper Hutt City,AKATARAWA ROAD,90,N, ,NORBERT ST,201448251,13/12/2014,Sat,1150,MC,CS1C,372B ,,R,D,O ,F , ,N,C,50,0,0,0,,,1776087,5447651
Upper Hutt City,AKATARAWA ROAD,100,N, ,POKAKA ST,201418875,01/11/2014,Sat,1145,LB,SN1C,358A 303B 375B 929 ,,R,D,BF,F ,D,N,P,50,0,0,1,,51,1775893,5448242
Upper Hutt City,AKATARAWA ROAD,1750,W, ,SH 2,201418843,13/07/2014,Sun,1030,AO,VW1S,183A ,,R,D,BN,F , ,N,N,70,0,1,0,,55,1776238,5449060
Upper Hutt City,ALEXANDER ROAD,50,W, ,DANTE ROAD,201415297,14/07/2014,Mon,1204,EC,VW1,129A 350A ,RS,R,D,OF,F , ,N,R,80,0,0,1,,,1771922,5443485
Upper Hutt City,ALEXANDER ROAD,, ,I,DANTE ROAD,201413936,18/06/2014,Wed,1215,FB,CW1C,181A 330A ,,R,D,B ,F ,R,G,R,80,0,0,1,,,1771688,5443335
Upper Hutt City,ALEXANDER ROAD,, ,I,DANTE ROAD,201414746,17/06/2014,Tue,834,CA,MS1,112A 130A 402A 901 ,,R,W,O ,H ,R,G,R,80,0,0,1,,,1771686,5443324
Upper Hutt City,ALEXANDER ROAD,520,W, ,WARD ST,201450896,07/11/2014,Fri,1817,DA,4N1,103A 129A ,V,E,D,B ,F , ,N,C,80,0,0,0,,,1772523,5443991
Upper Hutt City,ARARINO ST,20,W, ,TAWAI ST,201447878,13/11/2014,Thu,1450,EA,CE1C,129A ,M,R,D,OF,F , ,N,P,50,0,0,0,,,1771108,5443995
Upper Hutt City,BLENHEIM ST,5,N, ,BROWN ST,201417686,02/12/2014,Tue,2143,NA,CN1E,306A 376A 410A ,,R,D,DO,F ,X,G,X,50,0,1,0,56,,1773440,5445085
Upper Hutt City,BLUE MOUNTAINS ROAD,1000,S, ,AVIAN ROAD,201417974,24/12/2014,Wed,300,DA,4S1,131A 195A ,FP,E,D,DN,F , , ,C,100,0,0,1,,,1770552,5439127
Upper Hutt City,BLUE MOUNTAINS ROAD,400,N, ,AVRO ROAD,201441153,03/05/2014,Sat,1515,DA,CN1,111A 131A ,X,M,D,ON,F , ,N,C,50,0,0,0,,,1770324,5440274
Upper Hutt City,BLUE MOUNTAINS ROAD,700,N, ,AVRO ROAD,201443329,02/09/2014,Tue,1150,CA,CN1,330A 371A 386A ,V,R,D,B ,F , ,N,N,50,0,0,0,,,1770165,5440393
Upper Hutt City,BLUE MOUNTAINS ROAD,250,N, ,SIERRA WAY,201449571,17/11/2014,Mon,1515,DA,CN1,101A 111A 131A ,,S,W,O ,F , , ,N,50,0,0,0,,,1770415,5440383
Upper Hutt City,BLUE MOUNTAINS ROAD,560,N, ,SIERRA WAY,201436262,05/04/2014,Sat,1420,DB,4S1T,197A 403A 407A ,X,S,D,B ,F , , ,N,80,0,0,0,,,1770231,5440324
Upper Hutt City,BLUE MOUNTAINS ROAD,900,S, ,SIERRA WAY,201447007,09/09/2014,Tue,1558,DA,4N1,133A 423A 501A ,E,S,D,BF,F , ,N,C,100,0,0,0,,,1770677,5439314
Upper Hutt City,DAVIS CRESCENT,, ,I,WEKA GROVE,201438766,17/05/2014,Sat,818,CB,CE1C,197A ,M,R,D,OF,F ,T,N,N,50,0,0,0,,,1772415,5445638
Upper Hutt City,EASTERN HUTT ROAD,, ,A,RAILWAY OBR,201448766,19/09/2014,Fri,2032,EC,TN1,385A 386A ,B,R,D,DO,F , , ,R,80,0,0,0,,,1767735,5443108
Upper Hutt City,EASTERN HUTT ROAD,10,E, ,REYNOLDS BACH ROAD,201448345,10/12/2014,Wed,732,FD,CW1C,181A 353A ,,R,W,O ,H ,T,G,C,80,0,0,0,,,1767265,5442711
Upper Hutt City,EASTERN HUTT ROAD,200,N, ,REYNOLDS BACH ROAD,201431690,11/02/2014,Tue,1602,CB,CN1,410A ,G,R,D,B ,F , , ,L,80,0,0,0,,,1767422,5442817
Upper Hutt City,FERGUSSON DRIVE,100,W, ,BARTON ROAD,201432331,01/02/2014,Sat,1224,EA,CE1C,410A ,M,R,D,B ,F , , ,C,50,0,0,0,,,1770167,5443800
Upper Hutt City,FERGUSSON DRIVE,, ,I,BARTON ROAD,201417272,20/10/2014,Mon,1722,FD,4N1C,181A 331A ,,R,D,B ,F ,T,G,C,50,0,0,1,,,1770252,5443854
Upper Hutt City,FERGUSSON DRIVE,50,E, ,COUNTY LANE,201441236,19/07/2014,Sat,825,AC,CE1C,159A 386A 514A ,,R,D,B ,F , , ,C,50,0,0,0,,,1768176,5443103
Upper Hutt City,FERGUSSON DRIVE,, ,I,EASTERN HUTT ROAD,201448417,20/10/2014,Mon,1630,KA,CE1C,302B 375B ,,E,D,BF,F ,R,G,R,50,0,0,0,,,1767944,5443137
Upper Hutt City,FERGUSSON DRIVE,50,W, ,EXCHANGE ST,201447006,22/10/2014,Wed,1715,FD,CE1CC,181A ,,R,D,BF,F , ,N,R,50,0,0,0,,,1774253,5445418
Upper Hutt City,FERGUSSON DRIVE,, ,I,FIELD ST,201438180,20/04/2014,Sun,40,DA,CW1,111A 129A 131A ,FI,R,W,DO,L ,R,G,R,50,0,0,0,,,1768527,5443027
Upper Hutt City,FERGUSSON DRIVE,, ,I,FLAVIA GROVE,201436098,28/04/2014,Mon,1852,JA,SE1C,302B 375B ,,R,D,DO,F ,T,G,C,50,0,0,0,,,1775044,5446000
Upper Hutt City,FERGUSSON DRIVE,100,W, ,FRASER CRESCENT,201443640,01/09/2014,Mon,1841,EC,CE1C,130A 501A ,M,R,W,DO,L , , ,C,50,0,0,0,,,1773063,5445282
Upper Hutt City,FERGUSSON DRIVE,70,E, ,GOLDERS ROAD,201440058,11/07/2014,Fri,1821,FC,CE1C,331A 352A ,,R,D,DO,F , ,N,X,50,0,0,0,,,1772725,5445245
Upper Hutt City,FERGUSSON DRIVE,100,E, ,GOLDERS ROAD,201434925,30/03/2014,Sun,1216,FC,4W1C,181A ,,R,D,BF,F , ,N,X,50,0,0,0,,,1772755,5445248
Upper Hutt City,FERGUSSON DRIVE,150,E, ,GOLDERS ROAD,201449746,09/10/2014,Thu,2314,EA,CW1C,129A 358A ,M,R,D,DO,F , ,N,C,50,0,0,0,,,1772804,5445253
Upper Hutt City,FERGUSSON DRIVE,50,W, ,GOLF ROAD,201447150,04/11/2014,Tue,1005,FC,CE1V,181A 331A ,,R,D,O ,F , , ,X,50,0,0,0,,,1769678,5443489
Upper Hutt City,FERGUSSON DRIVE,20,W, ,HILDRETH ST,201447877,01/10/2014,Wed,1630,NB,CW1E,306A ,,R,W,BF,F , ,N,X,50,0,0,0,,,1772327,5445188
Upper Hutt City,FERGUSSON DRIVE,50,N, ,ISLINGTON ST,201440564,13/07/2014,Sun,1705,CB,VS1C,130A 358A ,,R,D,TO,F , , ,C,50,0,0,0,,,1771098,5444402
Upper Hutt City,FERGUSSON DRIVE,10,W, ,KEYS ST,201449722,31/12/2014,Wed,2122,EA,CE1C,103A 112A ,M,R,W,DO,F ,T,G,C,50,0,0,0,,,1772939,5445268
Upper Hutt City,FERGUSSON DRIVE,10,E, ,MERTON ST,201443324,02/09/2014,Tue,1048,FC,CE1C,181A 331A ,,R,D,B ,F ,T,N,C,50,0,0,0,,,1771277,5444518
Upper Hutt City,FERGUSSON DRIVE,15,W, ,MOONSHINE ROAD,201448776,02/12/2014,Tue,1721,FD,CE1CCC,181A 331A 358A 181B 181C ,,R,D,B ,F , , ,C,50,0,0,0,,,1771620,5444738
Upper Hutt City,FERGUSSON DRIVE,15,W, ,NICOLAUS ST,201415512,30/05/2014,Fri,1613,GD,CW1C,333A 927 ,,R,D,O ,F ,D, ,P,50,0,1,0,,,1771728,5444807
Upper Hutt City,FERGUSSON DRIVE,10,E, ,PALMER CRESCENT,201439253,20/06/2014,Fri,1750,MA,CN1V,373B ,,R,W,DO,L ,T,G,C,50,0,0,0,,,1770090,5443751
Upper Hutt City,FERGUSSON DRIVE,, ,I,PARK ST,201438204,10/06/2014,Tue,1525,JA,CW14,301B ,,R,W,OF,H ,T,S,P,50,0,0,0,,,1774571,5445630
Upper Hutt City,FERGUSSON DRIVE,, ,I,PARK ST,201442138,06/08/2014,Wed,1620,LB,CW1C,303B ,,R,D,B ,F ,T,S,C,50,0,0,0,,,1774571,5445630
Upper Hutt City,FERGUSSON DRIVE,300,E, ,PERRY ST,201418322,01/11/2014,Sat,1330,MC,MW1C,372B ,,R,D,BF,F , ,N,P,50,0,1,0,,,1769491,5443370
Upper Hutt City,FERGUSSON DRIVE,20,E, ,RICHMOND ST,201444643,08/09/2014,Mon,1301,MC,CW1C,372B ,,R,D,B ,F , ,N,C,50,0,0,0,,,1772992,5445274
Upper Hutt City,FERGUSSON DRIVE,100,E, ,SH 2,201433187,18/03/2014,Tue,725,FD,CW1MC,181A 181B ,,R,W,O ,L , , ,L,80,0,0,0,,,1775883,5446594
Upper Hutt City,FERGUSSON DRIVE,140,E, ,SILVERSTREAM BR E,201414829,28/02/2014,Fri,725,MC,MW1C,104A 372B ,,R,D,OF,F , ,N,L,50,0,1,0,,,1767808,5443163
Upper Hutt City,FERGUSSON DRIVE,, ,I,STATION CRESCENT,201433642,07/03/2014,Fri,744,LB,CW1C,303B 363B 902 ,,R,D,B ,F ,T,N,R,50,0,0,0,,,1773868,5445249
Upper Hutt City,FERGUSSON DRIVE,60,N, ,STREAM GROVE,201442955,15/08/2014,Fri,840,FC,CS1C,112A 181A 331A ,,R,D,B ,F , , ,X,50,0,0,0,,,1769160,5443160
Upper Hutt City,FERGUSSON DRIVE,280,W, ,STREAM GROVE,201434941,07/03/2014,Fri,730,MC,VE1C,372B 375B ,,E,D,BF,F , ,N,P,50,0,0,0,,,1768865,5442997
Upper Hutt City,FERGUSSON DRIVE,350,W, ,STREAM GROVE,201444150,07/08/2014,Thu,1510,MA,4E1C,373B ,,R,D,OF,F , ,N,C,50,0,0,0,,,1768795,5443001
Upper Hutt City,FERGUSSON DRIVE,50,E, ,SUTHERLAND AVENUE,201412186,12/05/2014,Mon,1205,EA,CE1C,129A 504A ,M,R,D,O ,F , , ,C,50,0,0,1,,,1770480,5444001
Upper Hutt City,FERGUSSON DRIVE,50,N, ,TARARUA ST,201417908,03/12/2014,Wed,1615,EA,SS1C,330A ,M,R,D,B ,F , , ,C,50,0,0,1,,13,1771110,5444410
Upper Hutt City,FERGUSSON DRIVE,, ,I,TOTARA PARK ROAD,201411955,25/03/2014,Tue,1550,HA,CS2C,302A 375A ,,R,D,BF,F ,R,G,N,50,0,0,1,,,1774861,5445884
Upper Hutt City,FERGUSSON DRIVE,40,S, ,TOTARA ST,201448087,26/11/2014,Wed,1735,MO,4S1C,371A 927 ,M,M,D,O ,F , , ,C,50,0,0,0,,,1770753,5444122
Upper Hutt City,FERGUSSON DRIVE,, ,I,WHAKATIKI ST,201451002,29/11/2014,Sat,1820,FB,CE14,331A 351A ,,R,D,OF,F ,R,G,R,50,0,0,0,,,1772458,5445215
Upper Hutt City,FERGUSSON DRIVE,50,E, ,WILSON ST,201435328,15/02/2014,Sat,1122,AO,TE1B,129A ,Q,R,D,B ,F , , ,P,50,0,0,0,,,1773666,5445227
Upper Hutt City,FERGUSSON DRIVE,10,W, ,WILSON ST,201436853,13/05/2014,Tue,1518,MO,CW1C,130B 423B 927 ,,R,D,O ,F ,D, ,C,50,0,0,0,,,1773607,5445220
Upper Hutt City,FIELD ST,, ,I,KILN ST,201434935,15/03/2014,Sat,1205,KB,TN1C,302A 382A ,,R,D,OF,F ,R,G,R,50,0,0,0,,,1768573,5442791
Upper Hutt City,GIBBONS ST,, ,I,MCLEOD ST,201431472,14/02/2014,Fri,1830,HA,CS1V,302A 375A ,,E,D,BF,F ,R,G,R,50,0,0,0,,,1773362,5446201
Upper Hutt City,GIBBONS ST,100,N, ,MCPARLAND ST,201443429,22/08/2014,Fri,1540,MD,CN1C,371B 377B 839 ,,R,D,O ,F , ,N,C,50,0,0,0,,,1773393,5445818
Upper Hutt City,GIBBONS ST,, ,I,MCPARLAND ST,201445874,13/09/2014,Sat,1419,HA,4N1C,301B ,,R,D,B ,F ,X,S,R,50,0,0,0,,,1773404,5445718
Upper Hutt City,GOLDERS ROAD,20,S, ,PURVIS ST,201442859,28/08/2014,Thu,1400,CC,CS1C,129A 517A ,M,R,D,O ,F , ,N,N,50,0,0,0,,,1772608,5445676
Upper Hutt City,HAZEL ST,60,E, ,PINE AVENUE,201444526,17/08/2014,Sun,1919,MO,CW1C,371A 929 ,,R,D,DO,F ,D,N,N,50,0,0,0,,,1773666,5446103
Upper Hutt City,HENRY ST,80,N, ,FERGUSSON DRIVE,201410334,26/01/2014,Sun,318,QO,CN1E,136A 650A ,C,R,D,DO,F , ,N,C,50,0,1,0,19,,1774487,5445645
Upper Hutt City,HIKURANGI ST,100,E, ,MERTON ST,201432336,07/02/2014,Fri,1335,DA,CE1,111A 131A ,FK,S,D,B ,F , , ,C,50,0,0,0,,,1771037,5445059