TLANAME,CRASHROAD,CRASHDIST,CRASHDIRN,INTSN,SIDEROAD,CRASHID,CRASHDATE,CRASHDOW,CRASHTIME,MVMT,VEHICLES,CAUSES,OBJECTSSTRUCK,ROADCURVE,ROADWET,LIGHT,WTHRa,JUNCTYPE,TRAFCTRL,ROADMARK,SPDLIM,CRASHFATALCNT,CRASHSEVCNT,CRASHMINCNT,PERSAGE1,PERSAGE2,EASTING,NORTHING
Upper Hutt City,HIKURANGI ST,20,W, ,MOONSHINE ROAD,201443938,06/08/2014,Wed,1511,NB,CW1E,712B 713B ,,R,D,BF,F , ,N,N,50,0,0,0,,,1771426,5445038
Upper Hutt City,JUPITER GROVE,, ,A,UNKNOWN,201451083,15/12/2014,Mon,1500,MD,CE1V,308B 929 ,,R,D,BF,F ,D,N,C,50,0,0,0,,,,
Upper Hutt City,KELLY GROVE,80,S, ,MCLEOD ST,201431664,20/01/2014,Mon,1614,EA,CN14,129A 330A ,M,R,D,O ,F , , ,N,50,0,0,0,,,1772763,5446068
Upper Hutt City,KEYS ST,20,S, ,REDWOOD ST,201450463,01/03/2014,Sat,2000,MA,CS1C,373B ,,R,D,TF,F , ,N,C,50,0,0,0,,,1772890,5445524
Upper Hutt City,KILN ST,, ,I,WHITEMANS ROAD,201410739,20/03/2014,Thu,1540,GA,VE1S,302A 375A 112B ,,R,D,B ,F ,X,G,X,50,0,0,1,,11,1768831,5442920
Upper Hutt City,KING CHARLES DRIVE,, ,I,ARAGON GROVE,201445184,22/09/2014,Mon,1054,DB,CN2C,136A 621A 801 ,M,R,W,O ,L ,T,N,N,50,0,0,0,,,1775013,5445342
Upper Hutt City,KING ST,50,N, ,FERGUSSON DRIVE,201411189,07/04/2014,Mon,1126,MO,CS1C,371A 370B 922 ,,R,D,O ,F ,D, ,C,50,0,0,1,,,1774193,5445462
Upper Hutt City,KIRTON DRIVE,180,E, ,MOONSHINE HILL ROAD,201411956,17/03/2014,Mon,1520,NA,VW1E,711B ,,R,D,OF,F , ,N,C,50,0,0,1,11,,1771070,5445847
Upper Hutt City,KURTH CRESCENT,, ,I,FIELD ST,201414168,19/06/2014,Thu,1749,NF,CS2E,101A 124A 341A 724B ,,E,D,DO,F ,T,G,N,50,0,0,1,25,,1768705,5442324
Upper Hutt City,LANE ST,90,S, ,SEDDON ST,201431244,19/02/2014,Wed,1250,GB,CE1V,142B 929 ,,R,D,BF,F ,D,N,C,50,0,0,0,,,1773421,5444822
Upper Hutt City,LION COURT,20,N, ,MAIN ST,201443820,17/08/2014,Sun,1515,EE,CN1V,374B ,Q,E,D,OF,F , ,N,N,50,0,0,0,,,1773833,5445387
Upper Hutt City,MAIN ST,10,E, ,GIBBONS ST,201437235,18/05/2014,Sun,1700,FC,CE1C,181A ,,R,D,BF,F ,R,G,X,50,0,0,0,,,1773418,5445318
Upper Hutt City,MAIN ST,15,W, ,LION COURT,201441290,10/07/2014,Thu,1315,MF,CE1C,371B ,,R,D,B ,F , , ,C,50,0,0,0,,,1773820,5445366
Upper Hutt City,MAIN ST,10,E, ,PINE AVENUE,201443819,11/08/2014,Mon,1400,FC,CW1C,181A ,,R,W,BF,L ,R,G,X,50,0,0,0,,,1773698,5445352
Upper Hutt City,MAIN ST,15,W, ,WAKEFIELD ST,201439597,10/07/2014,Thu,1318,MA,CW1C,371B ,,R,D,B ,F , , ,C,50,0,0,0,,,1774057,5445391
Upper Hutt City,MARTIN ST,50,W, ,MURRAY ST,201434864,17/02/2014,Mon,1620,GD,CW1C,381A 927 ,,R,D,BF,F ,D,N,C,50,0,0,0,,,1772893,5445141
Upper Hutt City,MARTIN ST,, ,I,RICHMOND ST,201434081,25/04/2014,Fri,1815,JA,CE1C,103B 303B ,,R,D,DO,F ,T,N,C,50,0,0,0,,,1772989,5445151
Upper Hutt City,MILTON ST,90,S, ,BYRON ST,201444524,07/09/2014,Sun,1438,EA,CS1C,129A 507A ,M,R,D,B ,F , , ,N,50,0,0,0,,,1772042,5445283
Upper Hutt City,MIRO ST,, ,I,WARD ST,201445872,16/10/2014,Thu,1215,FB,CE1C,181A 387A ,,R,D,B ,F ,T,S,P,50,0,0,0,,,1772602,5444802
Upper Hutt City,MONTGOMERY CRESCENT,400,S, ,FERGUSSON DRIVE,201438206,03/06/2014,Tue,1707,GC,CS1V,174B 372B 929 ,,R,D,DO,F ,D,N,N,50,0,0,0,,,1775373,5445876
Upper Hutt City,MOONSHINE HILL ROAD,100,E, ,BULLS RUN ROAD,201432624,24/02/2014,Mon,2050,DB,CN1,111A ,P,M,D,DN,F , ,N,N,80,0,0,0,,,1768076,5449141
Upper Hutt City,MUMBY LANE,10,W, ,WAKEFIELD ST,201442896,15/06/2014,Sun,853,CC,CE1,129A 501A ,HT,R,D,O ,F ,T,N,C,50,0,0,0,,,1774067,5445344
Upper Hutt City,PARK ST,130,S, ,FERGUSSON DRIVE,201442863,12/07/2014,Sat,2029,DB,CN1,101A 110A ,,M,W,DO,L , ,N,C,50,0,0,0,,,1774589,5445502
Upper Hutt City,PARK ST,40,E, ,RAILWAY AVENUE,201443826,13/08/2014,Wed,840,FD,CW14,331A 350A ,,R,D,BF,F , ,N,C,50,0,0,0,,,1773881,5445110
Upper Hutt City,PARK ST,, ,I,RAILWAY AVENUE,201416716,21/10/2014,Tue,1715,LB,VW1S,102A 303B ,,E,D,B ,F ,T,G,X,50,0,0,1,,11,1773844,5445094
Upper Hutt City,PARKES LINE ROAD,20,W, ,MACLAREN ST,201440038,29/06/2014,Sun,2232,CB,CE1,102A 129A ,C,R,D,DN,F ,T,N,C,50,0,0,0,,,1778312,5446428
Upper Hutt City,PINE AVENUE,, ,I,MAIN ST,201445185,30/09/2014,Tue,1720,FB,CS1C,102A 108A 331A ,,R,D,B ,F ,R,G,R,50,0,0,0,,,1773688,5445351
Upper Hutt City,PINE AVENUE,, ,I,QUEEN ST,201433742,07/04/2014,Mon,1720,JA,CS1C,302B ,,E,D,O ,F ,R,G,R,50,0,0,0,,,1773691,5445487
Upper Hutt City,PINEHAVEN ROAD,150,N, ,WYNDHAM ROAD,201434940,08/02/2014,Sat,2045,DA,CN1,111A 131A ,F,E,W,DO,F , ,N,C,50,0,0,0,,,1768980,5442050
Upper Hutt City,QUEEN ST,, ,I,KING ST,201443474,18/09/2014,Thu,2200,DA,CE1,111A 134A ,P,M,W,DO,F ,T,N,C,50,0,0,0,,,1774182,5445546
Upper Hutt City,QUEEN ST,25,W, ,LOGAN ST,201415432,21/08/2014,Thu,1723,NB,CE1E,713B 714B ,,R,W,TF,L , , ,P,50,0,0,1,8,,1773956,5445513
Upper Hutt City,QUEEN ST,, ,I,LOGAN ST,201444525,03/09/2014,Wed,1830,CA,CW1,104A 130A ,IS,R,D,DO,F ,R,G,R,50,0,0,0,,,1773981,5445516
Upper Hutt City,REDWOOD ST,, ,I,GOLDERS ROAD,201442140,14/08/2014,Thu,1514,HA,CS2C,301A ,,R,W,O ,H ,X,S,C,50,0,0,0,,,1772626,5445512
Upper Hutt City,RIVERSDALE ROAD,15,W, ,CLOUSTON PARK ROAD,201432087,15/02/2014,Sat,1856,CA,ME1,130A 420A ,,R,D,B ,F , , ,N,50,0,0,0,,,1775279,5446269
Upper Hutt City,ROUTLEY CRESCENT,60,E, ,WHAKATIKI ST,201439125,23/06/2014,Mon,1700,EA,CW1C,129A 350A ,M,E,D,TO,F , ,N,C,50,0,0,0,,,1772442,5445349
Upper Hutt City,RUSSELL ST,15,S, ,MAIN ST,201448258,11/10/2014,Sat,2100,MO,CN14,386A ,M,R,D,DO,F , ,N,N,50,0,0,0,,,1773961,5445365
Upper Hutt City,SEDDON ST,, ,I,BLENHEIM ST,201448133,28/11/2014,Fri,748,HA,CE1C,302A ,,M,D,B ,F ,R,G,N,50,0,0,0,,,1773456,5444945
Upper Hutt City,SOMME ROAD,30,N, ,HERETAUNGA SQUARE,201440821,26/07/2014,Sat,811,EA,CN1C,129A 902 ,M,R,D,B ,F , , ,C,50,0,0,0,,,1769872,5443225
Upper Hutt City,SOMME ROAD,390,W, ,MESSINES AVENUE,201443043,24/08/2014,Sun,1442,CB,CN1,130A 352A ,P,R,D,O ,F , , ,C,50,0,0,0,,,1770280,5443552
Upper Hutt City,TOPAZ ST,10,W, ,RUBY GROVE,201412121,26/02/2014,Wed,1920,DA,ME1,131A 532A ,,M,D,B ,F ,T,N,C,50,0,1,0,,,1777402,5448389
Upper Hutt City,WAKEFIELD ST,15,N, ,MUMBY LANE,201446940,30/07/2014,Wed,1915,MA,BN1C,385A ,M,R, , F,F , ,N,N,50,0,0,0,,,1774075,5445360
Upper Hutt City,WALLACEVILLE ROAD,1300,E, ,LANE ST,201444527,23/08/2014,Sat,1542,DB,CW1,111A 131A 801 ,E,M,W,O ,L , , ,C,100,0,0,0,,,1773817,5444305
Upper Hutt City,WARD ST,, ,I,FERGUSSON DRIVE,201434930,26/03/2014,Wed,1513,FB,CN1C,331A 353A ,,R,D,BF,F ,R,G,X,50,0,0,0,,,1772361,5445182
Upper Hutt City,WARD ST,, ,I,SEDDON ST,201437671,11/04/2014,Fri,1759,LB,MS1C,534A 303B 370B ,,E,D,DO,F ,T,G,P,50,0,0,0,,,1772744,5444578
Upper Hutt City,WHAKATIKI ST,, ,I,MCLEOD ST,201415348,30/08/2014,Sat,1114,LB,SS1C,303B 375B ,,R,D,B ,F ,T,N,C,50,0,0,1,,51,1772110,5445750
Upper Hutt City,WHITEMANS ROAD,, ,I,DOWLING GROVE,201444216,23/07/2014,Wed,1430,JA,CS1C,302B 330B 801 ,,R,W,O ,L ,T,G,C,50,0,0,0,,,1769001,5442645
Upper Hutt City,Z CPK MAIDSTONE INT,50,N, ,KEYS ST,201415419,05/08/2014,Tue,910,MO,CN1,501A ,H,E,D,B ,F , , ,N,30,0,0,1,,,1772932,5445570
Upper Hutt City,2/931/0.067,, ,A,RIMUTAKA SUMMIT,201443045,03/08/2014,Sun,1448,DA,CN1,111A 131A 404A 412A 901 ,C,S,W,O ,H , , ,C,100,0,0,0,,,1787387,5446089
Upper Hutt City,2/931/0.867,800,W, ,RIMUTAKA SUMMIT,201410647,27/02/2014,Thu,1640,BC,MW1C,111A 121A ,,E,D,B ,F , ,N,C,80,0,1,0,,,1786755,5446139
Upper Hutt City,2/931/1.017,950,S, ,RIMUTAKA SUMMIT,201443096,14/08/2014,Thu,800,DB,CE1,135A 800 806 ,C,S,W,B ,F , , ,L,100,0,0,0,,,1786616,5446142
Upper Hutt City,2/931/1.067,1000,W, ,RIMUTAKA SUMMIT,201434792,19/04/2014,Sat,2043,QG,CN1,136A 665A 668A ,,S,W,DN,H , ,N,L,100,0,0,0,,,1786592,5446186
Upper Hutt City,2/931/1.067,1000,W, ,RIMUTAKA SUMMIT,201446272,04/09/2014,Thu,30,DA,VW1,136A 613A 622A ,CS,S,D,DN,F , ,N,C,100,0,0,0,,,1786592,5446186
Upper Hutt City,2/931/1.067,1000,W, ,RIMUTAKA SUMMIT,201446273,21/06/2014,Sat,1613,BF,CE1C,135A 801 901 ,,S,W,TN,HS, ,N,L,100,0,0,0,,,1786592,5446186
Upper Hutt City,2/931/1.267,1200,W, ,RIMUTAKA SUMMIT,201417790,26/11/2014,Wed,1400,DA,CW1,135A 903 ,G,M,D,B ,FS, ,N,C,80,0,0,1,,,1786433,5446265
Upper Hutt City,2/931/1.461,250,S, ,JIMS CORNER,201418702,22/12/2014,Mon,1938,DA,MN1,111A 131A 806 ,,E,D,O ,F , , ,L,100,0,1,0,,,1786258,5446215
Upper Hutt City,2/931/2.367,2300,W, ,RIMUTAKA SUMMIT,201436401,26/04/2014,Sat,1935,DB,4W1,111A 131A ,F,S,D,DN,F , ,N,L,100,0,0,0,,,1785918,5446678
Upper Hutt City,2/931/2.567,2500,W, ,RIMUTAKA SUMMIT,201411787,10/04/2014,Thu,1010,DA,CW1,111A 131A 801 ,,M,W,O ,H , , ,C,100,0,0,4,,,1785792,5446831
Upper Hutt City,2/931/3.167,3100,W, ,RIMUTAKA SUMMIT,201439462,03/07/2014,Thu,515,DA,4S1,111A 131A ,C,M,D,DN,FS, ,N,L,100,0,0,0,,,1785709,5447264
Upper Hutt City,2/931/3.512,3000,E, ,MARCHANT ROAD,201414830,29/03/2014,Sat,1429,BC,MW1CC,155A ,,S,D,ON,FS, ,N,L,100,0,1,2,,,1785512,5447496
Upper Hutt City,2/931/3.512,3000,S, ,MARCHANT ROAD,201437655,17/05/2014,Sat,2015,DA,CE1,111A 131A ,G,S,D,DN,F , , ,C,100,0,0,0,,,1785512,5447496
Upper Hutt City,2/931/3.722,2790,S, ,MARCHANT ROAD,201434846,31/01/2014,Fri,2306,BF,CW14,137A 363A 407A ,,M,D,DN,F , ,N,L,100,0,0,0,,,1785529,5447624
Upper Hutt City,2/931/4.692,1820,S, ,MARCHANT ROAD,201448591,27/10/2014,Mon,545,DB,CS1,135A 410A 801 901 ,G,M,W,TN,H , ,N,C,100,0,0,0,,,1785296,5448445
Upper Hutt City,2/931/5.106,1500,S, ,PAKURATAHI BR,201439602,30/05/2014,Fri,1351,DA,CS1,111A 131A ,G,M,D,O ,F , , ,L,100,0,0,0,,,1785412,5448832
Upper Hutt City,2/931/6.212,300,S, ,MARCHANT ROAD,201431369,24/01/2014,Fri,1715,AC,4N1C,381A ,,R,D,BN,F , ,N,L,100,0,0,0,,,1785244,5449919
Upper Hutt City,2/931/6.512,, ,I,MARCHANT ROAD,201434872,18/03/2014,Tue,1229,JA,CE1C,302B 353B 377B ,,E,W,OF,M ,T,G,C,100,0,0,0,,,1785032,5450122
Upper Hutt City,2/931/6.592,80,W, ,MARCHANT ROAD,201414158,27/05/2014,Tue,800,DA,CN1,135A 802 ,G,E,I,BF,FF, ,N,C,100,0,0,1,,,1784956,5450146
Upper Hutt City,2/931/6.606,, ,A,PAKURATAHI BR,201441291,26/07/2014,Sat,820,DB,CW1C,135A 802 ,B,E,I,B ,F , , ,C,100,0,0,0,,,1784942,5450150
Upper Hutt City,2/931/8.512,2000,W, ,MARCHANT ROAD,201450893,12/12/2014,Fri,2120,DA,CS1,103A 131A ,C,E,D,DN,F , ,N,L,100,0,0,0,,,1783058,5450127
Upper Hutt City,2/931/8.812,2300,W, ,MARCHANT ROAD,201450897,11/11/2014,Tue,1009,DB,CN1,131A ,C,M,W,ON,L , ,N,L,100,0,0,0,,,1782791,5450000
Upper Hutt City,2/931/9.013,290,E, ,INCLINE RLY,201411789,09/04/2014,Wed,1026,DB,CN1,131A 801 ,C,E,W,O ,L , , ,P,100,0,0,1,,,1782670,5449840
Upper Hutt City,2/931/9.158,450,E, ,KAITOKE LOOP E,201400172,19/08/2014,Tue,717,BC,CN1C,121A 410A 832 ,,E,D,O ,F , ,N,C,100,1,0,1,,,1782562,5449746
Upper Hutt City,2/931/11.112,4600,W, ,MARCHANT ROAD,201412091,14/04/2014,Mon,855,DB,4N1,110A 131A ,C,M,W,O ,L , ,N,L,100,0,0,1,,,1780848,5449081
Upper Hutt City,2/946/1.211,, ,I,TOPAZ ST,201440056,12/07/2014,Sat,2055,DB,CE2,101A 111A 131A ,FI,R,W,DO,F ,T,G,R,80,0,0,0,,,1777446,5448317
Upper Hutt City,2/946/2.707,70,N, ,AKATARAWA ROAD,201415698,18/09/2014,Thu,1230,CC,4S1,410A 504A ,,R,D,B ,F , ,N,C,100,0,0,1,,,1776213,5447556
Upper Hutt City,AKATARAWA ROAD,, ,I,2/946/2.777,201443328,05/09/2014,Fri,722,FB,CE1C,181A 427A ,,R,D,O ,F ,T,S,C,70,0,0,0,,,1776203,5447487
Upper Hutt City,2/946/2.777,, ,I,AKATARAWA ROAD,201437745,08/06/2014,Sun,1447,LB,CN1C,303B 375B 402B ,,E,D,O ,F ,T,S,R,70,0,0,0,,,1776203,5447487
Upper Hutt City,2/946/3.213,, ,I,MOERAKI ROAD,201441683,25/07/2014,Fri,1610,GF,CW2V,184A 357A 184B 357B ,,R,D,B ,F ,T,S,C,70,0,0,0,,,1776140,5447055
Upper Hutt City,2/946/3.213,, ,I,MOERAKI ROAD,201443939,07/08/2014,Thu,2145,CA,CS1,103A ,IS,R,W,DO,F ,T,S,R,70,0,0,0,,,1776140,5447055
Upper Hutt City,2/946/3.213,, ,I,MOERAKI ROAD,201435329,28/03/2014,Fri,1800,KA,MN1V,308B 922 ,,R,D,B ,F ,D,S,C,70,0,0,0,,,1776140,5447055
Upper Hutt City,2/946/3.243,30,S, ,MOERAKI ROAD,201418184,30/12/2014,Tue,1516,NA,CS1E,194A 711B 722B ,,R,D,O ,F , , ,C,70,0,0,1,13,,1776136,5447025
Upper Hutt City,2/946/3.463,250,S, ,MOERAKI ROAD,201414128,18/05/2014,Sun,2020,DA,CS1,101A 111A 131A 692A ,T,E,D,DO,F , ,N,R,70,0,1,0,,,1776099,5446809
Upper Hutt City,2/946/3.47,100,N, ,CEDERHOLM GROVE,201436263,09/05/2014,Fri,805,AA,CN1T,184A 372B ,,E,W,O ,L , , ,P,70,0,0,0,,,1776096,5446802
Upper Hutt City,2/946/3.57,, ,I,CEDERHOLM GROVE,201436396,01/05/2014,Thu,2210,AC,SN1C,105A 372A ,,E,D,DO,F ,T,N,C,70,0,0,0,,,1776043,5446719
Upper Hutt City,2/946/3.789,100,S, ,FERGUSSON DRIVE,201439121,13/04/2014,Sun,1602,CA,CS1,103A 112A ,G,R,D,O ,L , ,N,C,100,0,0,0,,,1775856,5446604
Upper Hutt City,2/946/3.889,200,N, ,FERGUSSON DRIVE,201439041,10/06/2014,Tue,1723,FD,CN1CCC,181A ,,R,W,DO,L , ,N,C,100,0,0,0,,,1775765,5446563
Upper Hutt City,2/946/4.334,600,E, ,TOTARA PARK ROAD,201446669,22/10/2014,Wed,2200,FD,CW1CC,103A 112A 331A 817 ,,R,D,DN,F , , ,C,100,0,0,0,,,1775329,5446481
Upper Hutt City,2/946/4.689,1000,N, ,FERGUSSON DRIVE,201435330,27/03/2014,Thu,1517,CA,VN1,410A ,G,R,D,B ,F , , ,C,100,0,0,0,,,1774982,5446406
Upper Hutt City,2/946/4.734,200,E, ,TOTARA PARK ROAD,201413500,06/07/2014,Sun,115,NA,VE1E,105B 711B 724B ,,R,D,DN,F , , ,C,100,0,0,1,27,,1774938,5446398
Upper Hutt City,2/946/4.934,, ,I,TOTARA PARK ROAD,201417698,12/11/2014,Wed,1715,JA,CE1CCC,111B 133B ,,M,D,B ,F ,X,T,C,100,0,0,1,,,1774741,5446362
Upper Hutt City,2/946/4.934,, ,I,TOTARA PARK ROAD,201411960,23/03/2014,Sun,2334,CB,VE1,506A 512A ,G,R,D,DO,F ,X,T,R,100,0,1,0,,,1774741,5446362
Upper Hutt City,2/946/5.089,1400,E, ,FERGUSSON DRIVE,201446919,27/08/2014,Wed,1441,CC,CN1,352A ,G,R,D,BF,F , ,N,C,100,0,0,0,,,1774587,5446341
Upper Hutt City,2/946/5.469,800,E, ,GIBBONS ST,201446271,07/07/2014,Mon,1045,AD,CE1,112A 130A ,C,R,D,BF,F , ,N,L,100,0,0,0,,,1774209,5446305
Upper Hutt City,2/946/6.029,240,E, ,GIBBONS ST,201441878,27/07/2014,Sun,1416,AA,CW1C,110A 159A 380A ,PEZ,R,D,O ,F , , ,R,100,0,0,0,,,1773650,5446306
Upper Hutt City,2/946/6.269,, ,I,GIBBONS ST,201445186,07/10/2014,Tue,759,FE,VW1C,387A ,,R,D,B ,F ,T,T,R,100,0,0,0,,,1773410,5446296
Upper Hutt City,2/946/6.269,, ,I,GIBBONS ST,201451003,20/12/2014,Sat,658,DB,CW1,103A ,V,M,D,OF,F ,T,T,C,100,0,0,0,,,1773410,5446296
Upper Hutt City,2/946/6.569,300,W, ,GIBBONS ST,201416413,10/10/2014,Fri,1844,CB,CW1,104A 130A ,IPT,R,D,B ,F , , ,R,100,0,1,0,,,1773110,5446300
Upper Hutt City,2/946/6.669,400,W, ,GIBBONS ST,201440823,06/07/2014,Sun,1416,CB,CW1,524A ,P,R,D,B ,F , , ,L,100,0,0,0,,,1773010,5446304
Upper Hutt City,2/946/7.833,40,N, ,WHAKATIKI ST,201443710,29/08/2014,Fri,813,DA,CN1,131A 410A ,EP,E,D,B ,F , , ,R,100,0,0,0,,,1771874,5446155
Upper Hutt City,2/946/7.873,, ,I,WHAKATIKI ST,201435760,25/04/2014,Fri,1403,JC,CN2C,301A 387A 402A ,,E,D,O ,F ,T,S,R,100,0,0,0,,,1771838,5446138
Upper Hutt City,2/946/7.873,, ,I,WHAKATIKI ST,201438218,07/06/2014,Sat,1605,JA,4W1C,301B 377B ,,R,D,OF,F ,T,S,R,100,0,0,0,,,1771838,5446138
Upper Hutt City,2/946/7.873,, ,I,WHAKATIKI ST,201439839,27/06/2014,Fri,1430,JC,CN2T,301A 197B 801 ,EZ,S,W,O ,L ,T,S,R,100,0,0,0,,,1771838,5446138
Upper Hutt City,2/946/8.541,200,E, ,MOONSHINE ROAD,201448240,02/11/2014,Sun,459,CB,VE1,103A 130A ,G,R,W,DO,F , ,N,C,100,0,0,0,,,1771326,5445710
Upper Hutt City,2/946/8.94,440,E, ,MOONSHINE HILL ROAD,201415646,03/09/2014,Wed,743,BB,CE14C,104A 123A 104C ,,M,D,TF,F , ,N,C,100,0,0,2,,,1770962,5445625
Upper Hutt City,2/946/9.38,, ,I,MOONSHINE HILL ROAD,201431494,10/02/2014,Mon,1549,JC,CN2C,301A ,,R,D,OF,F ,T,S,R,100,0,0,0,,,1770583,5445409
Upper Hutt City,2/946/9.38,, ,I,MOONSHINE HILL ROAD,201437487,30/05/2014,Fri,1729,JA,CN1C,301B 370B ,,R,D,DO,F ,T,S,P,100,0,0,0,,,1770583,5445409
Upper Hutt City,2/946/9.38,, ,I,MOONSHINE HILL ROAD,201413012,20/05/2014,Tue,802,JA,VN1C,301B 382B ,,R,W,BF,F ,T,S,C,100,0,0,1,,,1770583,5445409
Upper Hutt City,2/946/9.43,50,W, ,MOONSHINE HILL ROAD,201448779,03/12/2014,Wed,750,FD,TW1C,181A ,,R,D,O ,F , , ,C,100,0,0,0,,,1770537,5445388
Upper Hutt City,2/946/9.53,150,W, ,MOONSHINE HILL ROAD,201450898,05/12/2014,Fri,700,CC,CW1,410A ,G,R,D,OF,F , ,N,C,100,0,0,0,,,1770446,5445346
Upper Hutt City,2/946/10.08,700,W, ,MOONSHINE HILL ROAD,201439840,04/01/2014,Sat,856,AC,CN1C,184A ,,R,D,B ,F , , ,C,100,0,0,0,,,1769989,5445047
Upper Hutt City,2/946/10.68,1300,W, ,MOONSHINE HILL ROAD,201444523,07/09/2014,Sun,1515,CA,40,130A 407A ,G,R,D,O ,F , , ,C,100,0,0,0,,,1769546,5444642
Upper Hutt City,2/946/11.925,1000,N, ,WESTERN HUTT ON NBD,201445183,09/10/2014,Thu,1005,CA,VS1,136A 631A ,G,R,D,B ,F , , ,C,100,0,0,0,,,1768514,5443952
Upper Hutt City,2/946/12.647,500,N, ,SILVERSTREAM LIGHTS,201438217,11/06/2014,Wed,1709,FD,4N14V,181A ,,R,W,TN,L , ,N,R,100,0,0,0,,,1767917,5443549
Upper Hutt City,2/946/12.94,15,S, ,WESTERN HUTT ON NBD,201439846,19/06/2014,Thu,1745,FD,CN1C4,112A 331A ,,R,D,DO,F ,T, ,R,100,0,0,0,,,1767701,5443352
Upper Hutt City,2/946/13.005,150,N, ,WESTERN HUTT ON NBD,201449663,16/12/2014,Tue,1730,FD,CN1CC,331A 353A ,,R,D,B ,F , , ,P,100,0,0,0,,,1767658,5443303
Waikato District,2 OFF NBD,160,W, ,SH 1N,201447741,25/10/2014,Sat,1031,AC,CW1C,372A ,,S,D,B ,F , , ,R,100,0,0,0,,,1778811,5877620
Waikato District,2 ON NBD,100,E, ,SH 1N,201434310,03/04/2014,Thu,2019,DB,CE1,131A 901 ,V,M,W,DO,H , , ,C,90,0,0,0,,,1778674,5877808
Waikato District,2 ON NBD,20,S, ,SH 1N,201400261,06/12/2014,Sat,1211,DA,MN1,350A 402A 405A ,G,S,D,B ,F , ,N,R,100,1,0,0,,,1778629,5877873
Waikato District,AKA AKA ROAD,500,N, ,ELBOW ROAD,201430420,10/01/2014,Fri,1905,DA,CS1,129A 131A ,F,E,D,O ,F , ,N,N,100,0,0,0,,,1763060,5873948
Waikato District,AKA AKA ROAD,290,S, ,RIVERVIEW ROAD,201431221,01/03/2014,Sat,2230,DA,CS1,131A ,CV,M,D,DN,F , ,N,C,100,0,0,0,,,1763623,5875199
Waikato District,BAGUST ROAD,300,W, ,BRYMER ROAD,201436033,28/03/2014,Fri,1934,DB,CE1,111A 131A 403A ,V,M,D,BN,F , ,N,C,80,0,0,0,,,1795100,5816717
Waikato District,BAILEY ST,130,W, ,RUSSELL ROAD,201442393,28/06/2014,Sat,730,DB,CS1,111A 131A ,P,S,W,O ,L , ,N,C,50,0,0,0,,,1790977,5843545
Waikato District,BANKIER ROAD,270,S, ,BOYD ROAD,201415509,16/05/2014,Fri,945,LB,CN1T,303B 355B 375B 929 ,,R,D,B ,F ,D, ,C,100,0,2,2,,,1799337,5828335
Waikato District,BANKIER ROAD,1500,W, ,DAWSON ROAD,201410439,30/01/2014,Thu,1600,CB,VW1,130A ,F,R,D,B ,FS, , ,C,100,0,0,4,,,1798569,5827419
Waikato District,BOW ST,10,W, ,WAINUI ROAD,201431774,06/01/2014,Mon,,MO,VW1M,386A ,,R,D,BF,F ,T,N,R,50,0,0,0,,,1764533,5814744
Waikato District,BOW ST,100,E, ,WALLIS ST,201445251,18/09/2014,Thu,1200,MA,4E1C,381A 801 ,,R,W,O ,L , , ,R,50,0,0,0,,,1764524,5814746
Waikato District,BROWNLEE AVENUE,100,W, ,HAKARIMATA ROAD,201437389,31/05/2014,Sat,1600,MO,CW1C,371A 929 ,M,R, , F,  ,D,N,C,50,0,0,0,,,1788934,5829411
Waikato District,BRUNTWOOD ROAD,710,E, ,BRINKWORTH ROAD,201414993,03/07/2014,Thu,2108,CC,CW1,195A ,P,R,W,DN,L , ,N,C,100,0,0,2,,,1810838,5809639
Waikato District,BRUNTWOOD ROAD,550,E, ,TAUWHARE ROAD,201400038,24/02/2014,Mon,827,GE,MW1V,151A 333A 927 ,F,R,D,BN,F ,D,N,C,100,1,0,1,,,1809085,5810682
Waikato District,BUCKLAND ROAD,300,N, ,FRIEDLANDER ROAD,201443537,10/08/2014,Sun,2045,CB,VN1,129A 350A ,T,R,W,DN,L , ,N,C,100,0,0,0,,,1770550,5875242
Waikato District,BUCKLAND ROAD,600,N, ,FRIEDLANDER ROAD,201434110,10/04/2014,Thu,604,CC,CN1,130A 412A ,VX,R,W,DN,M , , ,C,100,0,0,0,,,1770471,5875531
Waikato District,BUCKLAND ROAD,180,S, ,FRIEDLANDER ROAD,201412323,09/04/2014,Wed,700,DB,4S1,131A 402A 801 ,P,M,W,O ,L , , ,L,100,0,1,0,,,1770742,5874815
Waikato District,BUCKLAND ROAD,1000,S, ,PARKER LANE,201431341,23/02/2014,Sun,550,DB,VN1,111A 131A 410A ,G,M,W,DN,L , ,N,C,100,0,0,0,,,1770510,5875390
Waikato District,BUCKLAND ROAD,, ,I,TUAKAU ROAD,201431056,20/02/2014,Thu,1730,JA,CN1C,302B 377B 830 ,,R,D,B ,F ,T,G,N,100,0,0,0,,,1770252,5877157
Waikato District,BUCKLAND ROAD,, ,I,TUAKAU ROAD,201400082,17/04/2014,Thu,1150,CB,4W1,130A 198A ,FT,R,W,OF,H ,T,G,L,100,1,0,0,,,1770252,5877157
Waikato District,CEMETERY ROAD,, ,I,LINDSAY ROAD,201440998,12/06/2014,Thu,2330,DB,CW1,131A ,F,E,W,DN,M ,Y,N,C,100,0,0,0,,,1791123,5815398
Waikato District,CLARK ROAD,50,E, ,WAINGARO ROAD,201417604,09/11/2014,Sun,1215,DB,MW1,131A 330A ,V,M,D,B ,F , ,N,C,100,0,0,1,,,1788374,5827585