TLANAME,CRASHROAD,CRASHDIST,CRASHDIRN,INTSN,SIDEROAD,CRASHID,CRASHDATE,CRASHDOW,CRASHTIME,MVMT,VEHICLES,CAUSES,OBJECTSSTRUCK,ROADCURVE,ROADWET,LIGHT,WTHRa,JUNCTYPE,TRAFCTRL,ROADMARK,SPDLIM,CRASHFATALCNT,CRASHSEVCNT,CRASHMINCNT,PERSAGE1,PERSAGE2,EASTING,NORTHING
Waikato District,CROSS ST,200,E, ,UPPER CROSS ST,201418501,27/11/2014,Thu,1820,NB,CS1E,712B 713B ,,M,D,OF,F , ,N,N,50,0,0,1,10,,1765299,5814391
Waikato District,DAWSON ROAD,1000,N, ,LAKE ROAD,201417421,21/10/2014,Tue,805,CB,CN1,129A 350A ,F,R,W,ON,F , ,N,C,100,0,0,1,,,1797146,5831062
Waikato District,DOMINION ROAD,180,W, ,WESTLAND ROAD,201416752,11/09/2014,Thu,1906,NA,TS1E,105B 711B ,,M,W,DN,L , , ,N,50,0,0,1,32,,1772858,5874809
Waikato District,DRAG WAY,100,S, ,SH 1N,201417451,02/11/2014,Sun,1621,CC,VE1,103A 433A ,T,R,D,BN,F , ,N,C,50,0,0,2,,,1782582,5865797
Waikato District,DUKE ST,300,W, ,STARR ROAD,201438756,23/03/2014,Sun,505,CB,CE1,130A ,V,R,D,DO,F , ,N,N,50,0,0,0,,,1790695,5829438
Waikato District,ELLERY ST,, ,I,HERSCHEL ST,201413417,09/06/2014,Mon,1618,HA,CS2V,302A ,,R,W,O ,L ,X,G,R,50,0,0,1,,,1789602,5828309
Waikato District,EUREKA ROAD,820,N, ,MASTERS ROAD,201416997,11/10/2014,Sat,2320,MO,CN1,101A 929 ,FM,R,D,DN,F ,D,N,C,100,0,0,1,,,1812669,5820891
Waikato District,EXELBY ROAD,500,S, ,BURBUSH ROAD,201442467,19/06/2014,Thu,1757,BF,CS1C,134A 363A 601B ,,M,W,DN,L , ,N,C,100,0,0,0,,,1794347,5818861
Waikato District,FERGUSSON ST,50,S, ,PAKI ST,201441816,29/07/2014,Tue,1850,CA,CN1T,103A 130A ,M,R,D,DO,F , , ,N,50,0,0,0,,,1789777,5840795
Waikato District,GALILEO ST,, ,I,JESMOND ST,201439592,26/06/2014,Thu,1400,KA,CN1C,302B ,,M,D,O ,F ,R,G,R,50,0,0,0,,,1789627,5829037
Waikato District,GALILEO ST,, ,I,JORDAN ST,201434331,07/04/2014,Mon,1900,HA,CS1C,302B ,,R,D,DO,F ,X,G,C,50,0,0,0,,,1789768,5828726
Waikato District,GEORGE DRIVE,100,S, ,TAINUI BRIDGE ROAD,201438087,27/04/2014,Sun,38,DB,CN1C,103A 131A 402A ,M,E,D,DO,F , , ,C,50,0,0,0,,,1790540,5839975
Waikato District,GEORGE DRIVE,150,S, ,TAINUI BRIDGE ROAD,201449340,03/12/2014,Wed,2337,DO,CN1,103A 133A 402A 924 ,K,R,D,DO,F ,D, ,C,50,0,0,0,,,1790543,5839925
Waikato District,GEORGE ST,20,S, ,DROMGOOLS ROAD,201441827,30/07/2014,Wed,1340,BE,TS1C,130A 191A 800 801 ,,R,W,O ,L , , ,C,70,0,0,0,,,1772437,5873065
Waikato District,GEORGE ST,40,N, ,JELLICOE AVENUE,201437485,28/05/2014,Wed,1615,MA,MS1V,371B 671B ,,R,D,B ,F , , ,C,50,0,0,0,,,1772603,5874619
Waikato District,GEORGE ST,, ,I,LIVERPOOL ST,201437256,04/06/2014,Wed,940,KA,CS1T,302B 375B ,,R,D,BF,F ,X,G,C,50,0,0,0,,,1772677,5874826
Waikato District,GLEN MURRAY ROAD,, ,I,CHURCHILL ROAD,201418367,30/11/2014,Sun,1020,DA,ME1,131A ,C,E,D,BN,F ,Y,G,C,100,0,1,0,,,1784124,5853725
Waikato District,GLEN MURRAY ROAD,, ,I,HORAHORA ROAD,201443272,14/08/2014,Thu,1005,DA,CN1,111A 131A 337A 402A ,S,S,W,O ,L ,T,G,C,100,0,0,0,,,1788250,5854820
Waikato District,GORDONTON ROAD,40,N, ,BOYD ROAD,201449963,09/12/2014,Tue,942,AD,VS1,131A 801 ,V,E,W,O ,L , , ,C,100,0,0,0,,,1803100,5825277
Waikato District,GORDONTON ROAD,50,N, ,BOYD ROAD,201417964,05/12/2014,Fri,450,BF,CS1C,410A ,,R,D,TO,F , , ,N,100,0,0,1,,,1803105,5825286
Waikato District,GORDONTON ROAD,600,S, ,BOYD ROAD,201418178,23/11/2014,Sun,1115,DB,4N1,131A 412A ,V,E,D,B ,F , , ,C,100,0,3,0,,,1803213,5824657
Waikato District,GORDONTON ROAD,870,S, ,BOYD ROAD,201410550,12/02/2014,Wed,1143,DA,VS1,131A 350A ,,M,D,ON,F , ,N,C,100,0,0,1,,,1803194,5824399
Waikato District,GORDONTON ROAD,100,N, ,BROADLEY DOWNS,201414503,01/07/2014,Tue,630,PA,4S1E,703B 724B 904 ,,E,W,DN,M , , ,C,100,0,0,1,31,,1801998,5822930
Waikato District,GORDONTON ROAD,200,N, ,BROADLEY DOWNS,201446486,07/09/2014,Sun,725,DB,4S1,131A 410A ,F,E,D,BF,F , ,N,C,100,0,0,0,,,1802051,5823014
Waikato District,GORDONTON ROAD,290,N, ,GRANTHAM LANE,201441571,27/07/2014,Sun,1533,MC,4S1V,372B 929 ,,M,D,B ,F ,D,N,C,100,0,0,0,,,1803103,5824331
Waikato District,GORDONTON ROAD,800,S, ,SH 1B,201412635,15/03/2014,Sat,1752,DA,CS1,103A 111A 131A ,F,M,W,ON,LS, ,N,L,100,0,0,1,,,1804063,5826121
Waikato District,GREAT SOUTH ROAD,10,N, ,ELLERY ST,201434335,28/03/2014,Fri,1345,GD,TS1CV,181A 191B ,,R,D,B ,F ,T,G,C,50,0,0,0,,,1789815,5828446
Waikato District,GREAT SOUTH ROAD,, ,I,FORD ST,201432264,17/01/2014,Fri,1303,GD,TS1C,111A 181A 331A ,,E,D,BF,F ,T,G,L,50,0,0,0,,,1779203,5876291
Waikato District,GREAT SOUTH ROAD,50,S, ,HOROTIU BRIDGE ROAD,201435723,04/05/2014,Sun,1145,AO,CS1C,158A ,,R,D,B ,F , , ,C,70,0,0,0,,,1794061,5824866
Waikato District,GREAT SOUTH ROAD,200,S, ,HOROTIU BRIDGE ROAD,201449332,27/10/2014,Mon,741,FA,CS1C,112A 357A 431A 112B 357B 431B ,,R,D,O ,F , , ,L,70,0,0,0,,,1794182,5824777
Waikato District,GREAT SOUTH ROAD,130,S, ,JORDAN ST,201438658,23/05/2014,Fri,118,DB,VS1,103A 410A ,G,E,D,DO,F , , ,P,50,0,0,0,,,1789686,5828550
Waikato District,GREAT SOUTH ROAD,1000,S, ,KAINUI ROAD,201444829,06/10/2014,Mon,1500,CA,4S1,903,,R,D,BN,FS, ,N,C,100,0,0,0,,,1792074,5832841
Waikato District,GREAT SOUTH ROAD,240,S, ,LOVELL AVENUE,201446133,05/06/2014,Thu,1735,FA,VS1C,181A 331A 801 ,,R,W,O ,L , , ,C,100,0,0,0,,,1792966,5833912
Waikato District,GREAT SOUTH ROAD,130,N, ,MARTIN ST,201400132,10/06/2014,Tue,1020,NB,CN1E,306A 376A 711B 901 ,,R,W,O ,H , , ,X,50,1,0,0,83,,1789510,5828941
Waikato District,GREAT SOUTH ROAD,, ,I,PRINCESS ST,201449225,05/12/2014,Fri,1520,HA,CE2C,302A ,,R,D,O ,F ,X,G,C,50,0,0,0,,,,
Waikato District,GREAT SOUTH ROAD,, ,I,PRINCESS ST,201449338,10/12/2014,Wed,2000,KB,CS1C,303B 375B 402B 862 901 ,,R,W,TO,H ,X,G,P,50,0,0,0,,,,
Waikato District,GREAT SOUTH ROAD,20,S, ,REGENT ST,201431763,23/01/2014,Thu,1030,CB,CS1,130A 354A 402A ,G,R,D,O ,F , ,N,L,50,0,0,0,,,1789605,5829540
Waikato District,GREAT SOUTH ROAD,100,S, ,RIVER ROAD,201433459,27/02/2014,Thu,1630,CB,4S1,129A 350A 410A ,G,R,D,BN,F , ,N,R,100,0,0,0,,,1789633,5829636
Waikato District,GREAT SOUTH ROAD,290,S, ,SAULBREY ROAD,201450402,24/11/2014,Mon,720,CB,CS1,195A ,V,R,D,BN,F , ,N,C,100,0,0,0,,,1791674,5826790
Waikato District,GREAT SOUTH ROAD,, ,I,STARR ROAD,201442257,04/08/2014,Mon,2030,GE,CN14,157A ,,R,D,TN,F ,T,G,L,100,0,0,0,,,,
Waikato District,GREAT SOUTH ROAD,100,S, ,TE PUTU ST,201434336,03/04/2014,Thu,1810,CB,CN1,501A ,HP,R,W,TO,L , , ,C,70,0,0,0,,,1792997,5834442
Waikato District,HAKARIMATA ROAD,400,S, ,KAURI LANE,201437480,24/04/2014,Thu,1300,DB,CN1,111A 131A 197A 402A 801 ,C,M,W,O ,L , , ,N,100,0,0,0,,,1791483,5835831
Waikato District,HALL ROAD,1200,S, ,STEWART ROAD,201418366,30/11/2014,Sun,2215,DB,4N1,111A 131A ,T,E,D,DN,F , ,N,N,100,0,1,0,,,1785573,5859356
Waikato District,HARRIS ST,20,S, ,BRIDGE ST,201445301,18/09/2014,Thu,1610,FC,CS1CC,402A 427A ,,R,W,O ,F , , ,C,50,0,0,0,,,1790012,5840671
Waikato District,HARRIS ST,200,N, ,PAKI ST,201449997,06/11/2014,Thu,2114,DA,CN1,410A ,F,E,D,DO,F , , ,C,50,0,0,0,,,1790048,5841187
Waikato District,HARRIS ST,70,N, ,SEMPLE ST,201434655,11/04/2014,Fri,1830,MO,CS1C,371A 929 ,M,R,D,DO,F ,D,N,C,50,0,0,0,,,1790006,5840580
Waikato District,HARRISVILLE ROAD,, ,I,BARNABY ROAD S,201414451,28/06/2014,Sat,945,JA,CS1C,302B 382B ,,R,D,OF,F ,T,G,C,50,0,0,1,,,1772990,5875371
Waikato District,HARRISVILLE ROAD,, ,I,BUCKVILLE ROAD,201416554,20/09/2014,Sat,1009,JA,CN1C,301B 378B 832 ,,R,D,OF,F ,T,S,L,100,0,1,1,,,1773470,5878171
Waikato District,HARRISVILLE ROAD,100,N, ,DOMINION ROAD,201438199,26/05/2014,Mon,1842,CC,CN1,103A 112A ,P,R,W,DO,L , , ,C,50,0,0,0,,,1772775,5874990
Waikato District,HARRISVILLE ROAD,, ,I,DOMINION ROAD,201448182,14/11/2014,Fri,2207,CB,CN1,130A 504A ,G,R,D,DO,F ,X,G,C,50,0,0,0,,,1772714,5874911
Waikato District,HARRISVILLE ROAD,300,N, ,JERICHO ROAD S,201418563,07/12/2014,Sun,1550,CB,CN1,129A 358A ,T,R,D,ON,F , ,N,C,100,0,0,1,,,1773337,5878868
Waikato District,HARRISVILLE ROAD,50,S, ,LOGAN ROAD,201448575,25/11/2014,Tue,1955,FF,CS1C,181A 434A ,,M,D,TN,F , ,N,C,100,0,0,0,,,1772761,5879599
Waikato District,HARRISVILLE ROAD,350,N, ,PERCY GRAHAM DRIVE,201446277,19/08/2014,Tue,1100,GE,CS1O,160A 333A 929 ,,R,D,ON,F ,D,N,C,70,0,0,0,,,1773029,5875894
Waikato District,HARRISVILLE ROAD,50,S, ,PERCY GRAHAM DRIVE,201437380,10/04/2014,Thu,650,CB,CS1C,501A ,M,R,D,OF,F , ,N,C,50,0,0,0,,,1773022,5875495
Waikato District,HARRISVILLE ROAD,300,W, ,TURBOTT ROAD,201441220,25/07/2014,Fri,1453,BF,CN1T,111A 131A 402A 800 ,,S,W,O ,L , , ,C,100,0,0,0,,,1773399,5881024
Waikato District,HARRISVILLE ROAD S,60,S, ,JERICHO ROAD,201415318,28/07/2014,Mon,1825,BE,VS1C,103A 125A ,,R,D,DN,F , ,N,C,100,0,0,2,,,1773399,5878513
Waikato District,HARTIS AVENUE,, ,I,RIMU AVENUE,201431460,18/02/2014,Tue,2337,CC,CE1,103A 112A 132A ,F,R,D,DO,F ,T,N,N,50,0,0,0,,,1791868,5842343
Waikato District,HARTIS AVENUE,100,E, ,RUSSELL ROAD,201441097,21/06/2014,Sat,456,DA,CW1,103A 131A ,FTX,E,W,DO,L , ,N,N,50,0,0,0,,,1791668,5842288
Waikato District,HELEN PLACE,80,E, ,WAINUI ROAD,201411246,01/01/2014,Wed,1227,DB,CE1,108A 501A ,K,E,D,B ,F , , ,N,50,0,0,1,,,1764547,5814338
Waikato District,HELENSLEE ROAD,640,N, ,MUNRO ROAD,201437909,07/05/2014,Wed,605,DA,CN1,111A 131A ,P,S,W,DN,M , , ,C,100,0,0,0,,,1778127,5877378
Waikato District,HETHERINGTON ROAD,2400,W, ,BAIN ROAD,201433975,25/03/2014,Tue,840,DB,CW1,111A 131A 817 ,C,E,D,O ,F , ,N,N,100,0,0,0,,,1778999,5843473
Waikato District,HETHERINGTON ROAD,, ,I,BERRYMANS ACCESS ROAD,201437483,10/05/2014,Sat,1610,DA,CW1,130A 504A ,X,E,D,O ,F ,T,G,C,70,0,0,0,,,1788897,5842414
Waikato District,HETHERINGTON ROAD,150,W, ,FURNISS ROAD,201448151,06/10/2014,Mon,1640,DA,CE1,129A 131A ,F,M,D,O ,FS, , ,C,100,0,0,0,,,1781554,5844007
Waikato District,HETHERINGTON ROAD,80,E, ,PASK ROAD,201415232,24/05/2014,Sat,1800,DB,CE1,111A 131A ,ET,M,W,DN,F , ,N,C,100,0,0,1,,,1782383,5843561
Waikato District,HETHERINGTON ROAD,5600,W, ,TE OHAKI ROAD,201413303,21/05/2014,Wed,800,DA,CE1,131A 134A 402A 904 ,C,M,W,B ,M , , ,C,100,0,0,1,,,1785875,5844141
Waikato District,HETHERINGTON ROAD,, ,I,TE OHAKI ROAD,201443275,10/08/2014,Sun,444,DB,CS2,111A 131A ,GS,E,D,DO,F ,T,G,C,50,0,0,0,,,1790246,5842177
Waikato District,HIGHWAY 22,2180,W, ,HUNT ROAD,201418183,23/12/2014,Tue,1230,DA,CN1,111A 131A 402A 817 ,S,M,D,B ,F , , ,N,100,0,0,1,,,1773915,5868291
Waikato District,HIGHWAY 22,490,S, ,LOGAN ROAD,201414806,27/07/2014,Sun,2330,DA,4S1,103A 129A ,FT,E,D,DN,F , ,N,C,100,0,1,0,,,1775594,5863801
Waikato District,HIGHWAY 22,500,N, ,MATAKITAKI ROAD,201432548,13/02/2014,Thu,1400,DB,CS1,110A 135A 901 ,,E,W,O ,H , ,N,C,100,0,0,0,,,1771962,5852722
Waikato District,HIGHWAY 22,1280,S, ,MCCUTCHAN ROAD,201449441,10/12/2014,Wed,1358,DB,TN1,131A ,P,M,D,B ,F , , ,C,100,0,0,0,,,1772007,5852757
Waikato District,HIGHWAY 22,590,S, ,MURRAY ROAD,201400179,07/09/2014,Sun,830,DA,CN1,131A 330A ,,M,D,B ,F , ,N,C,100,1,0,0,,,1772860,5869126
Waikato District,HIGHWAY 22,600,S, ,PUKEKAWA CHURCHILL ROAD,201444446,10/08/2014,Sun,655,DB,4S1,111A 131A ,,M,D,O ,F , , ,C,100,0,0,0,,,1775600,5863815
Waikato District,HIGHWAY 22,2200,S, ,TE AKAU ROAD,201415917,10/06/2014,Tue,2205,DB,CN1,103A 131A 901 ,C,S,W,DN,H , , ,C,100,0,0,1,,,1773728,5828634
Waikato District,HOLLAND ROAD,, ,I,EUREKA ROAD,201418622,26/11/2014,Wed,1842,GE,CE1O,333A 605B ,,R,D,ON,F ,T,G,C,100,0,0,1,,,1811707,5822121
Waikato District,HOLLAND ROAD,10,E, ,RUAKURA ROAD,201413294,07/06/2014,Sat,620,FA,CE1S,181A 361A ,,R,D,DN,F ,T,N,C,100,0,0,1,,,1805678,5817350
Waikato District,HOLLAND ROAD,1800,N, ,RUAKURA ROAD,201435569,16/04/2014,Wed,1415,CC,CN1,130A 358A ,V,R,D,O ,F , , ,C,100,0,0,0,,,1806931,5818598
Waikato District,HOLLAND ROAD,1500,S, ,SH 1B TELEPHONE,201436852,12/05/2014,Mon,1258,CB,CS1,130A 359A ,FV,R,D,B ,F , , ,C,100,0,0,0,,,1807422,5818958
Waikato District,HOLLAND ROAD,, ,I,WAVERLEY ROAD,201438058,29/05/2014,Thu,1819,BF,CE1C,131A 801 ,,S,W,DO,L ,T,T,C,100,0,0,0,,,1812115,5822441
Waikato District,HOLLAND ROAD,, ,I,WAVERLEY ROAD,201450905,16/12/2014,Tue,18,DC,400,111A 131A 404A ,V,S,D,DN,F ,T,G,C,100,0,0,0,,,1812115,5822441
Waikato District,HOOKER ROAD,50,W, ,SH 1N,201438476,16/06/2014,Mon,1704,MC,VW1C,372B 801 ,,R,W,DO,L , , ,R,100,0,0,0,,,1811901,5805359
Waikato District,HOROTIU BRIDGE ROAD,, ,I,WASHER ROAD,201442256,12/08/2014,Tue,800,GO,CS1C,331A ,,R,W,O ,L ,T,N,C,100,0,0,0,,,1794422,5825239
Waikato District,HOROTIU ROAD,200,S, ,ONION ROAD,201417116,12/11/2014,Wed,845,CB,4S1,129A 130A ,T,R,W,O ,LS, , ,C,100,0,0,1,,,1791751,5823318
Waikato District,HOROTIU ROAD,, ,I,PARK ROAD,201446519,19/10/2014,Sun,45,DC,CS2,103A 112A 402A ,F,R,W,DO,L ,T,G,C,70,0,0,0,,,1793218,5824998
Waikato District,HORSHAM DOWNS ROAD,200,N, ,BANKIER ROAD,201446629,02/10/2014,Thu,1815,DB,CN1,111A 129A 131A 801 ,F,M,W,O ,L , , ,C,100,0,0,0,,,1797178,5826361
Waikato District,HORSHAM DOWNS ROAD,290,N, ,BANKIER ROAD,201413428,17/06/2014,Tue,1455,DB,VS1,111A 131A 801 901 ,F,M,W,O ,H , , ,C,100,0,0,1,,,1797111,5826421
Waikato District,HORSHAM DOWNS ROAD,300,N, ,BANKIER ROAD,201439591,27/06/2014,Fri,1700,DA,CN1,131A 191A ,E,M,W,O ,L , , ,C,100,0,0,0,,,1797106,5826430
Waikato District,HORSHAM DOWNS ROAD,400,W, ,OSBORNE ROAD,201417427,17/10/2014,Fri,735,CB,CW1,129A ,FV,R,D,ON,F , ,N,C,100,0,0,1,,,1798117,5825537
Waikato District,JAMES ST,, ,I,JOHN ST,201433974,01/04/2014,Tue,1955,EA,4N14,103A 129A ,M,E,D,B ,F ,T,N,N,50,0,0,0,,,1764780,5814792
Waikato District,JELLICOE AVENUE,, ,I,LILI ROAD,201450268,03/12/2014,Wed,820,JA,CW1C,309B 375B 806 ,,R,D,BN,F ,T,N,C,50,0,0,0,,,1772060,5874687
Waikato District,JELLICOE AVENUE,150,S, ,VILLAGE PLACE,201441826,10/08/2014,Sun,200,DB,CE1C,131A 410A ,M,E,D,DO,F , , ,C,50,0,0,0,,,1772282,5874600
Waikato District,JESMOND ST,, ,I,MARKET ST,201443418,07/02/2014,Fri,2030,BC,400000000000000,103A 111A 122A ,,R,W,DO,F ,R,G,C,50,0,0,0,,,1789627,5829047
Waikato District,KAURI ROAD,730,E, ,WAIRAMARAMA ONEWHERO ROAD,201434220,27/02/2014,Thu,900,DA,CE1,131A 138A ,,M,D,B ,F , , ,C,100,0,0,0,,,1769488,5865050
Waikato District,KAWHIA ROAD,480,E, ,TE PAPATAPU ROAD S,201416433,27/09/2014,Sat,2150,DC,CW1,103A 110A 132A 801 ,FZ,M,W,DN,L , , ,C,100,0,1,1,,,1766639,5797497
Waikato District,KAWHIA ROAD,120,S, ,TE PAPATAPU ROAD S,201430712,19/01/2014,Sun,1700,DA,CS1,129A 134A ,T,E,D,BN,F , ,N,N,50,0,0,0,,,1766344,5797114
Waikato District,KIMIHIA ROAD,90,W, ,LAKEVIEW TERRACE,201418362,02/12/2014,Tue,1956,GD,CE14,331A 929 ,,R,D,BF,F ,D,N,C,50,0,0,1,,,1791297,5842168
Waikato District,KOPUKU ROAD,100,S, ,COALFIELDS ROAD,201418686,10/01/2014,Fri,1435,CC,MS1,514A 517A ,,R,D,BN,F , ,N,N,100,0,0,1,,,1794260,5874358
Waikato District,KOPUKU ROAD,, ,I,SYMES ROAD,201400009,11/01/2014,Sat,1550,LB,MN1V,303B 375B 378B 832 ,,R,D,O ,F ,T,N,C,100,1,0,0,,,1797551,5869977
Waikato District,LAKE ROAD,200,S, ,DAWSON ROAD,201450952,08/11/2014,Sat,2200,DB,CS1,111A 131A 412A ,FP,S,D,DN,F , , ,C,100,0,0,0,,,1797771,5830153
Waikato District,LAKE ROAD,90,W, ,DAWSON ROAD,201445259,05/09/2014,Fri,1845,DB,TS1,111A 131A 355A 901 ,C,S,W,DN,H , , ,C,100,0,0,0,,,1797757,5830261
Waikato District,LAKE ROAD,760,W, ,DAWSON ROAD,201416564,23/08/2014,Sat,1334,DB,CS1,111A 131A ,C,E,D,BN,F , ,N,C,100,0,0,2,,,1797705,5829618
Waikato District,LAKE ROAD,, ,I,DAWSON ROAD,201414419,06/07/2014,Sun,1012,HA,4W2C,302A ,,R,D,BF,F ,X,G,L,100,0,1,2,,,1797821,5830323
Waikato District,LAKE ROAD,60,S, ,KAINUI ROAD,201411732,17/03/2014,Mon,1435,DA,TN1,111A 131A ,C,M,D,B ,F , , ,C,100,0,2,0,,,1797176,5828930
Waikato District,LAKE ROAD,400,S, ,KAINUI ROAD,201432682,08/03/2014,Sat,1900,DB,CN1,121A 134A ,C,E,D,TN,F , ,N,C,100,0,0,0,,,1797274,5828629
Waikato District,LAKE ROAD,2000,E, ,RIVER ROAD,201434333,27/03/2014,Thu,540,DB,CE1,131A 195A ,FV,M,D,DN,F , , ,C,100,0,0,0,,,1796007,5827359
Waikato District,LAKE ROAD,1000,S, ,SH 1B,201439613,01/07/2014,Tue,649,DA,CS1,131A 358A ,P,E,W,DN,M , , ,C,100,0,0,0,,,1798436,5830789
Waikato District,LAPWOOD ROAD,100,W, ,RIVER ROAD,201439375,04/07/2014,Fri,1855,DA,CW1,102A 111A 514A ,T,M,W,DO,L , ,N, ,70,0,0,0,,,1771749,5871858
Waikato District,LAXON ROAD,400,W, ,LINDSAY ROAD,201439868,03/07/2014,Thu,2045,DA,4N1,131A 412A 801 ,H,E,W,DN,L , , ,C,100,0,0,0,,,1791493,5817318
Waikato District,LINDSAY ROAD,580,N, ,CEMETERY ROAD,201416213,22/09/2014,Mon,1508,BC,TN1C,121A 818 ,,S,D,B ,F , , ,N,100,0,0,1,,,1791279,5815956
Waikato District,MAIN ST,, ,I,MAIN ST SOUTH,201432665,21/03/2014,Fri,1645,HA,SW1C,302A ,K,M,D,B ,F ,R,G,R,50,0,0,0,,,1790635,5840661
Waikato District,MAIN ST,70,S, ,SH 1N,201449339,05/12/2014,Fri,1348,DB,CS1CCC,130A 403A 427A 927 ,MQ,R,D,O ,F ,D, ,C,50,0,0,0,,,1790690,5841120
Waikato District,MAIN ST,90,N, ,STATION PLACE,201411682,25/02/2014,Tue,1522,MO,CW1,133A 507A 927 ,H,R,D,BF,F ,D,N,C,50,0,0,1,,,1790681,5840932
Waikato District,MAIN ST,100,S, ,STATION PLACE,201411669,19/03/2014,Wed,1520,JA,SN1C,204A 308B 375B 927 ,,R,D,BF,F ,D,N,C,50,0,0,1,,9,1790655,5840745
Waikato District,MANGATANGI ROAD,250,W, ,KAIAUA ROAD,201434835,16/02/2014,Sun,1100,BA,CW1T,313A ,,R,D,BN,F , ,N,C,100,0,0,0,,,1794935,5880450
Waikato District,MANGATANGI ROAD,, ,I,KAIAUA ROAD,201445900,20/09/2014,Sat,1935,DA,CS2,111A 131A 410A ,F,R,W,DO,H ,T,G,C,100,0,0,0,,,1795168,5880542
Waikato District,MANGATANGI ROAD,300,E, ,RAWIRI ROAD,201445640,02/10/2014,Thu,1950,DB,CE1,111A 131A 801 ,P,S,W,DN,L , , ,C,100,0,0,0,,,1791649,5878792
Waikato District,MANGATAWHIRI ROAD,, ,I,LYONS ROAD,201414395,08/07/2014,Tue,35,DB,CE1,101A 111A 131A 517A ,IS,S,W,DN,F ,T,G,R,100,0,0,1,,,1786731,5879224
Waikato District,MASTERS ROAD,2000,E, ,HERMITAGE ROAD,201415385,09/08/2014,Sat,2255,CB,CE1,103A ,FT,R,D,DN,F , ,N,C,100,0,2,0,,,1759716,5874489
Waikato District,MAUNSELL ROAD,100,S, ,ASHWELL DRIVE,201415032,08/08/2014,Fri,2320,DB,CS1,103A 131A 402A ,PX,E,D,DO,F , , ,C,50,0,0,1,,,1752431,5860265
Waikato District,MAURICE ROAD,250,W, ,SHAW ROAD,201414506,11/05/2014,Sun,1500,CB,CS1,101A 138A ,T,R,D,O ,F , , ,N,100,0,0,1,,,1773205,5852513
Waikato District,MCGOWAN RISE,100,S, ,MARTINDALE LANE,201431031,06/02/2014,Thu,1811,MO,CN1C,371A 929 ,M,R,D,B ,F ,D,N,N,50,0,0,0,,,1772124,5874786
Waikato District,MERCER FERRY ROAD,1600,S, ,DOUGLAS ROAD,201438178,24/05/2014,Sat,1705,DA,VS1,101A 111A 131A ,FS,E,D,TN,F , ,N,C,80,0,0,0,,,1779948,5869866
Waikato District,MERCER FERRY ROAD,710,S, ,KOHEROA OVERBRIDGE,201417428,05/06/2014,Thu,815,DB,VN1,129A ,,E,D,ON,F , ,N,C,100,0,1,0,,,1781125,5871444
Waikato District,MIRANDA ROAD,4900,E, ,KAIAUA ROAD,201418488,19/10/2014,Sun,1730,DB,MW1,111A 131A 812 ,CV,E,D,B ,F , , ,C,100,0,1,0,,,1799171,5882417
Waikato District,NEWELL ROAD,100,N, ,PARKLEA DRIVE,201417424,04/10/2014,Sat,922,FA,CN1C,181A 817 ,,R,W,BN,M , ,N,N,80,0,0,2,,,1805407,5811242
Waikato District,OHAUTIRA ROAD,2000,N, ,SH 23,201434629,12/04/2014,Sat,1645,DB,4S1,135A 363A 902 ,,S,D,TN,F , ,N,C,100,0,0,0,,,1774068,5813607
Waikato District,OHAUTIRA ROAD,5900,N, ,SH 23,201438055,29/05/2014,Thu,927,DA,CN1,129A 131A 801 ,F,M,W,O ,L , , ,N,100,0,0,0,,,1774297,5816722
Waikato District,OHAUTIRA ROAD,6100,N, ,SH 23,201415532,23/08/2014,Sat,1520,DA,CS1,131A 402A 412A ,E,E,D,B ,F , , ,C,100,0,2,1,,,1774251,5816908
Waikato District,OHAUTIRA ROAD,5000,N, ,WAINGARO LANDING ROAD,201418623,12/10/2014,Sun,1210,DA,MS1,131A ,,M,D,BN,F , ,N,C,100,0,1,0,,,1775572,5825143
Waikato District,OKAERIA ROAD,1100,N, ,KOPUKU ROAD,201416290,24/08/2014,Sun,1500,DB,CN1,410A ,T,E,D,B ,F , , ,C,100,0,0,1,,,1803614,5866262
Waikato District,OLEARY ROAD,630,N, ,SH 2,201410970,15/02/2014,Sat,830,BD,CE1C,129A 129B ,,M,D,BF,F , ,N,N,80,0,0,2,,,1779227,5878287
Waikato District,ONEWHERO TUAKAU BRIDGE RO,280,E, ,AISLABIE ROAD,201413858,03/05/2014,Sat,2200,DA,CE1,103A 131A 801 818 ,ET,E,W,DN,L , , ,C,100,0,0,1,,,1770455,5867855
Waikato District,ONEWHERO TUAKAU BRIDGE RO,350,N, ,HIGHWAY 22,201416753,17/08/2014,Sun,1310,DA,MN1,131A 402A ,,S,D,O ,F , , ,C,100,0,0,1,,,1772180,5870364