TLANAME,CRASHROAD,CRASHDIST,CRASHDIRN,INTSN,SIDEROAD,CRASHID,CRASHDATE,CRASHDOW,CRASHTIME,MVMT,VEHICLES,CAUSES,OBJECTSSTRUCK,ROADCURVE,ROADWET,LIGHT,WTHRa,JUNCTYPE,TRAFCTRL,ROADMARK,SPDLIM,CRASHFATALCNT,CRASHSEVCNT,CRASHMINCNT,PERSAGE1,PERSAGE2,EASTING,NORTHING
Waikato District,ONION ROAD,1500,E, ,HOROTIU ROAD,201416436,26/04/2014,Sat,1520,CC,CE1,129A 134A ,F,R,D,O ,F , , ,C,100,0,0,1,,,1793166,5822877
Waikato District,ONION ROAD,300,S, ,RIDGE PARK DRIVE,201444442,26/08/2014,Tue,1730,DA,CW1,131A 407A ,T,M,D,O ,F , , ,C,100,0,0,0,,,1793653,5822736
Waikato District,ORINI ROAD,700,W, ,RUTHERFURD ROAD,201444830,05/10/2014,Sun,1200,CC,4N1,129A ,EFP,R,D,ON,F , ,N,C,100,0,0,0,,,1796755,5838671
Waikato District,ORINI ROAD,, ,I,STOKES ROAD,201436877,09/03/2014,Sun,130,CB,CN1,101A 130A 402A ,F,R,D,DN,F ,T,G,C,100,0,0,0,,,1794509,5836439
Waikato District,OSBORNE ROAD,200,N, ,KAY ROAD,201446630,21/10/2014,Tue,2317,DB,CS1,111A 131A 351A ,,S,D,DN,F , , ,C,100,0,0,0,,,1796890,5823477
Waikato District,OSBORNE ROAD,300,N, ,KAY ROAD,201445337,07/09/2014,Sun,1310,DA,CN1,111A 131A 402A ,FS,M,D,B ,F , , ,C,100,0,0,0,,,1796916,5823573
Waikato District,OTAUA ROAD,200,W, ,CROUCH ROAD,201438355,25/04/2014,Fri,500,CC,CW1,110A 130A 801 ,VZ,R,W,DN,L , , ,C,100,0,0,0,,,1756605,5870666
Waikato District,OTOROHAEA TRIG ROAD,3970,E, ,HIGHWAY 22,201413735,30/03/2014,Sun,1115,DB,MN1,131A 191A ,,M,D,BN,F , ,N,N,100,0,0,1,,,1776883,5833000
Waikato District,PAPARIMU ROAD,720,N, ,TWINING ROAD,201417997,05/12/2014,Fri,1900,DB,MS1,111A 131A 402A ,TX,M,D,TN,F , , ,C,100,0,1,0,,,1788307,5881351
Waikato District,PARK AVENUE,80,S, ,DOMINION ROAD,201410149,06/01/2014,Mon,1910,MO,MS1C,330A 387A ,,E,D,TF,F , , ,N,50,0,1,0,,,1773083,5874740
Waikato District,PARRY ST,, ,I,GEORGE CLAY PLACE,201416562,31/08/2014,Sun,1545,MO,ME1C,514A ,,M,D,BN,F ,T,N,C,50,0,0,1,,,1790365,5840954
Waikato District,PEACH ROAD,260,W, ,SH 1B,201412599,27/03/2014,Thu,1716,LB,MW1C,303B 375B 929 ,,R,D,B ,F ,D, ,C,100,0,1,0,,,1802763,5828352
Waikato District,PIAKO ROAD,500,E, ,PUKETAHA ROAD,201446645,15/10/2014,Wed,1638,CB,CE1,130A 354A ,X,R,D,B ,F , , ,C,100,0,0,0,,,1806781,5828182
Waikato District,PIAKO ROAD,100,W, ,PUKETAHA ROAD,201439869,20/06/2014,Fri,722,CB,4W1,130A 402A 412A ,V,R,D,O ,F , , ,C,100,0,0,0,,,1806181,5828178
Waikato District,PIAKO ROAD,, ,I,PUKETAHA ROAD,201435854,04/04/2014,Fri,430,DA,CN2,132A 135A 904 ,V,R,D,DN,M ,T,G,C,100,0,0,0,,,1806281,5828179
Waikato District,PIAKO ROAD,100,E, ,SHEWAN ROAD,201442275,01/08/2014,Fri,1638,CB,TE1,130A 631A ,V,R,D,TO,F , , ,C,100,0,0,0,,,1810695,5827289
Waikato District,PIAKO ROAD,1000,E, ,SHEWAN ROAD,201410051,16/02/2014,Sun,1549,GE,CS1T,160A 386A 402A 929 ,F,R,D,B ,F ,D, ,C,100,0,0,1,,,1811522,5826940
Waikato District,PIAKO ROAD,200,W, ,SHEWAN ROAD,201437936,11/06/2014,Wed,642,EO,TE1,135A 903 ,T,R,W,DN,LS, ,N,L,100,0,0,0,,,1810412,5827390
Waikato District,PIAKO ROAD,400,W, ,SHEWAN ROAD,201412881,25/04/2014,Fri,1506,CB,CW1,130A 402A 501A ,V,R,D,B ,F , , ,C,100,0,0,1,,,1810224,5827458
Waikato District,PIAKO ROAD,1100,W, ,VALINTINE ROAD,201413872,14/03/2014,Fri,1439,BB,CW1C,123A 359A ,,S,D,B ,F , , ,C,100,0,2,1,,,1814818,5825232
Waikato District,PIAKO ROAD,, ,I,WAVERLEY ROAD,201436447,25/03/2014,Tue,520,DA,4N2,111A 131A 335A ,,S,D,DN,M ,T,G,C,100,0,0,0,,,1813648,5825835
Waikato District,PICKERING ROAD,100,E, ,DISCOMBE ROAD,201440054,13/07/2014,Sun,2145,CB,CE1,103A 195A ,T,R,W,DN,M , ,N,C,100,0,0,0,,,1812151,5808601
Waikato District,PICKERING ROAD,400,N, ,SH 1N,201435574,04/04/2014,Fri,1540,CB,CS1,130A 501A ,S,R,D,B ,F , , ,C,100,0,0,0,,,1809575,5808680
Waikato District,PRINCESS ST,, ,I,GREAT SOUTH ROAD,201444291,12/09/2014,Fri,750,BO,TS2C,124A 330A 386A ,,M,D,O ,F ,X,G,C,50,0,0,0,,,,
Waikato District,PUKEKAWA CHURCHILL ROAD,100,N, ,TE AHU ROAD,201449561,17/12/2014,Wed,1204,CB,CS1,129A 134A 801 ,P,R,W,O ,L , , ,C,100,0,0,0,,,1777347,5863362
Waikato District,PUKEKOHE EAST ROAD,100,E, ,RUNCIMAN ROAD,201447236,10/11/2014,Mon,1420,FA,CE14,191A 331A 358A ,,E,D,B ,F , , ,C,100,0,0,0,,,1773009,5881657
Waikato District,PUKETAHA ROAD,250,E, ,SAINSBURY ROAD,201438082,24/05/2014,Sat,627,CB,CE1,129A 130A ,X,R,W,O ,L , , ,C,80,0,0,0,,,1805306,5822758
Waikato District,RAYNER ROAD,, ,I,MAIN ST SOUTH,201445300,21/09/2014,Sun,1355,LB,CN14,304B 375B ,,S,D,O ,F ,T,G,P,50,0,0,0,,,1790665,5840623
Waikato District,RAZORBACK OFF SBD,50,N, ,RAZORBACK ROAD,201443678,03/08/2014,Sun,830,CA,CS1,130A 501A ,G,R,D,O ,F , , ,C,100,0,0,0,,,1778437,5878097
Waikato District,REGENT ST,, ,I,GREAT SOUTH ROAD,201450405,06/11/2014,Thu,218,DA,VN2,103A 111A 131A ,FIS,R,W,DO,F ,T,N,R,50,0,0,0,,,,
Waikato District,REGENT ST,120,W, ,RIVER ROAD,201447444,06/11/2014,Thu,215,DA,CE1,103A 353A ,J,M,W,DO,L , ,N,N,50,0,0,0,,,1789781,5829458
Waikato District,RINGER ROAD,60,S, ,TAUWHARE ROAD,201449344,19/11/2014,Wed,1048,CC,CS1,130A 504A ,F,R,D,O ,F , , ,N,80,0,0,0,,,1813476,5815431
Waikato District,RIRIA KEREOPA MEMORIAL DR,1000,N, ,WAINUI ROAD,201414455,26/06/2014,Thu,1820,DA,4S1,111A 131A ,V,S,W,DN,H , ,N,C,50,0,0,1,,,1762530,5814289
Waikato District,RIVER ROAD,200,N, ,DRIVER ROAD,201448501,12/10/2014,Sun,430,CB,CN1,130A 410A ,F,R,D,DN,M , ,N,C,100,0,0,0,,,1791520,5827757
Waikato District,RIVER ROAD,750,N, ,DRIVER ROAD,201433528,14/03/2014,Fri,405,CB,CN1,103A 129A 134A 410A ,FP,R,D,DN,F , ,N,C,100,0,0,0,,,1791137,5828142
Waikato District,RIVER ROAD,900,N, ,DRIVER ROAD,201449341,09/12/2014,Tue,2340,CB,CS1,130A 195A 402A ,F,R,D,TN,F , , ,C,100,0,0,0,,,1791052,5828265
Waikato District,RIVER ROAD,, ,I,HOROTIU BRIDGE ROAD,201415501,19/08/2014,Tue,1355,LB,CN1C,303B 353B 375B ,,R,D,O ,F ,T,G,R,100,0,1,0,,,1794814,5825688
Waikato District,RIVER ROAD,, ,I,HOROTIU BRIDGE ROAD,201413325,08/05/2014,Thu,646,LB,CN1C,303B 375B 904 ,F,R,W,O ,M ,T,G,P,100,0,0,2,,,1794814,5825688
Waikato District,RIVER ROAD,260,N, ,LAPWOOD ROAD,201433397,15/03/2014,Sat,1500,DA,CS1,111A 131A ,EFX,M,W,ON,L , ,N,L,100,0,0,0,,,1772015,5872071
Waikato District,RIVERVIEW ROAD,15,N, ,HAKARIMATA ROAD,201448508,16/11/2014,Sun,1200,DB,CS1,103A 111A 131A ,B,M,D,BN,FS, ,N,C,100,0,0,0,,,1790408,5836622
Waikato District,ROSSER ST,100,N, ,KIMIHIA ROAD,201415013,01/04/2014,Tue,1918,DB,MS1,104A 111A 131A 400A ,CF,M,D,TN,F , , ,C,50,0,1,1,,,1790895,5842248
Waikato District,ROTOKAURI ROAD,100,E, ,BAGUST ROAD,201444833,02/10/2014,Thu,2054,CC,CE1,195A 353A ,,R,W,DN,L , ,N,C,80,0,0,0,,,1794495,5817407
Waikato District,ROTOWARO ROAD,3000,S, ,GULLY ROAD,201431405,14/02/2014,Fri,600,DA,CS1,110A 131A ,V,M,W,ON,F , ,N,C,100,0,0,0,,,1778526,5832594
Waikato District,ROTOWARO ROAD,3000,W, ,HANGAPIPI ROAD,201437481,14/05/2014,Wed,2200,DA,4N1,131A 801 ,C,M,W,DN,L , , ,C,100,0,0,0,,,1779907,5836021
Waikato District,ROTOWARO ROAD,300,W, ,HUHU ROAD,201445686,05/09/2014,Fri,155,DA,CE1,101A 111A 131A ,FT,E,W,DN,L , , ,C,80,0,0,0,,,1785419,5838038
Waikato District,ROTOWARO ROAD,220,S, ,PORRITT AVENUE,201418630,27/12/2014,Sat,1635,DB,MN1,111A 131A ,,E,D,BF,F , ,N,L,80,0,0,1,,,1789458,5839281
Waikato District,ROTOWARO ROAD,120,S, ,SMITH AVENUE,201438677,13/06/2014,Fri,2110,DA,CN1,111A 131A ,FG,M,D,DO,F , , ,P,50,0,0,0,,,1789652,5840023
Waikato District,ROTOWARO ROAD,390,E, ,WEAVERS CROSSING ROAD,201413510,29/06/2014,Sun,130,DA,CW1,104A 111A 131A ,F,M,D,DN,F , , ,C,100,0,1,2,,,1788836,5838907
Waikato District,RUAKURA ROAD,, ,I,HOLLAND ROAD,201417193,06/11/2014,Thu,805,JA,CE14,301B ,,M,W,O ,L ,T,S,C,100,0,0,1,,,1805675,5817340
Waikato District,RUSSELL ROAD,20,W, ,GAVIN PLACE,201439593,30/06/2014,Mon,1614,GB,VE1C,158A 387A 929 ,,R,W,O ,L ,D,N,C,50,0,0,0,,,1791571,5843136
Waikato District,RUSSELL ROAD,, ,I,MCVIE ROAD,201418365,16/11/2014,Sun,1000,DA,MS1,111A 131A ,C,M,D,OF,FS,T,G,C,50,0,1,0,,,1791763,5842800
Waikato District,SCOTSMANS VALLEY ROAD,2500,E, ,SCOTSVALE DRIVE,201450087,31/10/2014,Fri,855,CB,CE1,410A 801 ,,R,W,O ,L , , ,C,100,0,0,0,,,1822182,5817035
Waikato District,SCOTSMANS VALLEY ROAD,100,S, ,TAUWHARE ROAD,201438080,17/05/2014,Sat,900,LB,CN1C,303B 930 ,,R,D,B ,F ,D,N,C,70,0,0,0,,,1816195,5816706
Waikato District,SEDDON ROAD,350,W, ,KIROA ROAD,201431900,07/03/2014,Fri,1600,CB,CE1,129A 363A 902 ,V,R,D,BN,F , ,N,C,100,0,0,0,,,1809384,5823713
Waikato District,SEDDON ROAD,700,W, ,WAVERLEY ROAD,201412549,23/04/2014,Wed,1726,FA,CW1S,129A 363A 370A 402A 902 ,,R,D,B ,F , , ,C,100,0,1,0,,41,1811136,5823430
Waikato District,SH 1N,450,N, ,AIRPORT OBR,201450310,30/11/2014,Sun,1736,CB,CN1,129A 134A ,C,R,D,BF,F , ,N,L,100,0,0,0,,,,
Waikato District,SPEEDY ROAD,500,S, ,DRIVER ROAD,201438752,02/04/2014,Wed,1420,DA,CS1,195A 359A ,F,M,D,BF,F , ,N,C,100,0,0,0,,,1793497,5828275
Waikato District,SPENCE ROAD,, ,I,HOLMES ROAD,201448506,04/11/2014,Tue,,DA,CN2,131A 844 ,V,S,D,DN,F ,T,N,N,100,0,0,0,,,1794418,5823649
Waikato District,SPRINGHILL ROAD,2000,S, ,SH 1N,201438086,22/05/2014,Thu,1059,BB,4S1C,123A 352A ,,M,D,O ,F , , ,N,100,0,0,0,,,1783448,5866086
Waikato District,STARR ROAD,, ,I,DUKE ST,201446429,26/09/2014,Fri,2000,DA,CW2,111A 131A ,P,R,D,DN,F ,T,G,C,50,0,0,0,,,1790909,5829649
Waikato District,STOREY ROAD,250,N, ,TAHUNA ROAD,201411998,01/03/2014,Sat,1050,DA,MN1,111A 131A ,F,M,D,BN,F , ,N,N,100,0,1,0,,,1802618,5845593
Waikato District,TAHUNA OFF SBD,, ,I,TAHUNA ROAD,201432736,04/03/2014,Tue,850,DB,CS1,111A 131A ,G,R,W,B ,F ,X,S,N,100,0,0,0,,,1791068,5848621
Waikato District,TAHUNA ROAD,1000,W, ,FROST ROAD,201450400,07/11/2014,Fri,2210,DA,CW1,410A ,P,E,D,DN,F , ,N,C,100,0,0,0,,,1794938,5848364
Waikato District,TAHUNA ROAD,1000,W, ,JOHNSON ROAD W,201418363,17/11/2014,Mon,1455,GA,4E1C,181A 387A 929 ,F,E,D,BN,F ,D,N,C,100,0,0,1,,,1796447,5849286
Waikato District,TAHUNA ROAD,, ,I,LUMSDEN ROAD,201410565,20/01/2014,Mon,1810,DA,CW1,133A 358A ,B,R,W,OF,L ,R,G,L,100,0,0,1,,,1791248,5848625
Waikato District,TAHUNA ROAD,1250,E, ,MANGATEA ROAD,201449995,11/12/2014,Thu,330,DA,CW1,111A 131A 801 ,C,S,W,DN,L , , ,C,100,0,0,0,,,1806252,5845568
Waikato District,TAHUNA ROAD,600,W, ,STOREY ROAD,201430757,07/02/2014,Fri,2130,DA,4W1,137A ,F,E,W,DN,L , ,N,C,100,0,0,0,,,1801848,5845535
Waikato District,TAHUNA ROAD,, ,I,TAHUNA OFF SBD,201441096,11/07/2014,Fri,850,KB,VW1C,321B ,,R,D,BF,F ,X,S,C,100,0,0,0,,,1791068,5848621
Waikato District,TAHUNA ROAD,, ,I,TAHUNA OFF SBD,201414435,17/07/2014,Thu,1525,HA,4W14,321B 335B ,,R,D,BF,F ,X,S,C,100,0,0,4,,,1791068,5848621
Waikato District,TAHUNA ROAD,5400,E, ,TE HOE ROAD,201418477,06/12/2014,Sat,1814,CA,ME1,101A 112A 130A ,,R,D,B ,F , , ,C,100,0,1,0,,,1810157,5845099
Waikato District,TAHUNA ROAD,1500,W, ,TE HOE ROAD,201450002,20/12/2014,Sat,935,FD,CE1C,181A ,,E,D,B ,F , , ,C,100,0,0,0,,,1803743,5845079
Waikato District,TAINUI BRIDGE ROAD,, ,I,GEORGE DRIVE,201438231,30/04/2014,Wed,1627,HA,CW1C,302A 375A ,,R,D,BF,F ,R,G,C,50,0,0,0,,,1790554,5840081
Waikato District,TAINUI BRIDGE ROAD,, ,I,GEORGE DRIVE,201439955,12/06/2014,Thu,850,FB,CN1C,181A ,,R,D,BF,F ,R,G,R,50,0,0,0,,,1790549,5840082
Waikato District,TAINUI BRIDGE ROAD,50,E, ,HARRIS ST,201443961,25/07/2014,Fri,2315,CA,CW1CC,103A 514A ,,R,D,DO,F , ,N,C,50,0,0,0,,,1790043,5840180
Waikato District,TAINUI BRIDGE ROAD,, ,I,ROTOWARO ROAD,201433530,03/03/2014,Mon,1015,DB,CW1,111A 131A ,P,R,D,BF,F ,R,G,R,50,0,0,0,,,1789990,5840186
Waikato District,TAINUI ROAD,600,N, ,TAUHEI ROAD,201410470,07/02/2014,Fri,1815,DA,CS1,131A 812 ,V,M,D,O ,F , , ,C,100,0,0,1,,,1810983,5837699
Waikato District,TAUHEI ROAD,500,S, ,SEIFERT ROAD,201413963,05/03/2014,Wed,630,DB,CS1,104A 131A ,TV,M,W,O ,L , ,N,N,100,0,0,1,,,1807938,5836215
Waikato District,TAUHEI ROAD,200,W, ,TAINUI ROAD,201441585,14/07/2014,Mon,640,DB,CW1,110A 131A ,T,E,W,DN,M , ,N,C,100,0,0,0,,,1810890,5837050
Waikato District,TAUHEI ROAD,2000,W, ,VALINTINE ROAD,201443930,26/06/2014,Thu,517,EC,CW1,912,W,R,W,DN,L , ,N,C,100,0,0,0,,,1811886,5836835
Waikato District,TAUWHARE ROAD,, ,I,CHITTY ROAD,201430455,07/01/2014,Tue,2215,DA,CE1,110A ,,S,W,DO,H ,T,N,C,100,0,0,0,,,1816138,5816788
Waikato District,TAUWHARE ROAD,200,S, ,CRANMERE DRIVE,201415104,01/05/2014,Thu,2037,CB,CS1,108A 130A ,P,R,D,DN,F , , ,C,100,0,1,0,,,1809329,5811498
Waikato District,TAUWHARE ROAD,800,S, ,HUNTER ROAD,201418693,07/12/2014,Sun,5,DA,4N1,101A 111A 131A ,F,M,D,DN,F , ,N,C,100,0,0,1,,,1815634,5819543
Waikato District,TAUWHARE ROAD,400,E, ,RINGER ROAD,201434639,09/04/2014,Wed,710,DA,CW1,135A 801 ,T,M,W,ON,L , ,N,C,100,0,0,0,,,1813810,5815650
Waikato District,TE MATA ROAD,830,S, ,POND ROAD,201416565,12/10/2014,Sun,2142,DB,VE1,103A 410A ,F,E,D,DN,F , ,N,C,100,0,0,1,,,1767246,5808111
Waikato District,TE ONETEA ROAD,, ,A,RAIL XING,201400039,27/02/2014,Thu,945,QC,TE1O,440A 660A ,NPS,R,D,BN,F , ,S,N,100,1,0,0,,,1790203,5854924
Waikato District,TE RAPA OFF NBD,, ,I,GREAT SOUTH ROAD,201450401,23/11/2014,Sun,1241,DA,4N1,111A 131A ,,M,D,ON,F ,R,G,C,80,0,0,0,,,,
Waikato District,TRAVERS ROAD,450,N, ,TE KAUWHATA ROAD,201431764,22/01/2014,Wed,605,EC,VN1,195A 645A 912 ,W,R,D,DN,F , ,N,C,50,0,0,0,,,1788998,5857962
Waikato District,TUAKAU BRIDGE-PORT WAIKAT,630,E, ,COBOURNE PLACE,201410636,22/02/2014,Sat,1740,DB,40,111A 137A ,V,E,D,O ,F , ,N,C,100,0,0,1,,,1753802,5860963
Waikato District,TUAKAU BRIDGE-PORT WAIKAT,1200,E, ,FROST ROAD,201450284,28/12/2014,Sun,2030,DA,CE1,131A 634A ,CV,E,W,TN,L , ,N,C,100,0,0,0,,,1767872,5870400
Waikato District,TUAKAU BRIDGE-PORT WAIKAT,1380,E, ,FROST ROAD,201400015,21/01/2014,Tue,1003,DA,VE1,111A 131A ,CP,M,W,ON,L , ,N,C,100,1,0,0,,,1768032,5870474
Waikato District,TUAKAU BRIDGE-PORT WAIKAT,1500,E, ,FROST ROAD,201410618,21/01/2014,Tue,815,DA,CE1,111A ,V,M,W,O ,F , ,N,C,100,0,0,1,,,1768149,5870473
Waikato District,TUAKAU BRIDGE-PORT WAIKAT,1550,E, ,FROST ROAD,201412300,09/04/2014,Wed,655,DB,CE1,129A 131A 801 ,CV,M,W,TN,L , , ,C,100,0,0,1,,,1768198,5870469
Waikato District,TUAKAU BRIDGE-PORT WAIKAT,2200,S, ,FROST ROAD,201413315,29/05/2014,Thu,740,DA,CE1,129A 134A ,V,E,D,O ,F , , ,C,100,0,0,1,,,1764727,5869358
Waikato District,TUAKAU BRIDGE-PORT WAIKAT,4160,W, ,HULL ROAD,201433312,26/01/2014,Sun,1835,DB,CS1,135A 400A 801 ,F,M,W,TN,H , ,N,C,100,0,0,0,,,1759007,5866586
Waikato District,TUAKAU BRIDGE-PORT WAIKAT,2000,N, ,KLONDYKE ROAD,201418791,06/12/2014,Sat,2146,DB,CS1,130A 363A ,FV,M,D,DN,F , , ,C,100,0,0,1,,,1757207,5865158
Waikato District,TUAKAU BRIDGE-PORT WAIKAT,770,S, ,KLONDYKE ROAD,201415500,04/09/2014,Thu,1920,DB,CS1,131A 357A 901 ,,S,W,DN,H , , ,C,100,0,0,1,,,1755630,5863065
Waikato District,TUAKAU BRIDGE-PORT WAIKAT,3680,N, ,RIVER ROAD,201414325,13/05/2014,Tue,850,DB,CE1,131A 800 ,V,M,W,B ,F , , ,C,100,0,0,1,,,1769174,5870757
Waikato District,TUAKAU BRIDGE-PORT WAIKAT,1400,W, ,RIVER ROAD,201416483,20/10/2014,Mon,955,DA,TE1,111A 131A 901 ,PV,E,W,O ,H , , ,C,100,0,0,1,,,1771373,5870981
Waikato District,TUAKAU BRIDGE-PORT WAIKAT,3100,W, ,RIVER ROAD,201438040,04/04/2014,Fri,830,DA,CE1,111A 131A ,F,M,D,B ,F , , ,C,100,0,0,0,,,1769716,5870813
Waikato District,TUAKAU ROAD,, ,I,BUCKLAND ROAD,201434393,04/04/2014,Fri,800,DB,CE2,131A 806 ,F,M,W,O ,M ,T,G,P,100,0,0,0,,,1770252,5877157
Waikato District,TUMATE MAHUTA DRIVE,200,N, ,TAINUI BRIDGE ROAD,201418621,22/10/2014,Wed,1745,JA,CS1V,308B 351B 925 ,,R,D,BF,F ,D,G,C,50,0,0,1,,,1790616,5840283
Waikato District,UAPOTO ROAD,1600,S, ,ORINI ROAD,201434657,14/02/2014,Fri,809,BB,CS1B,123A 363A 902 ,,M,D,BN,F , ,N,N,100,0,0,0,,,1797744,5837944
Waikato District,UPPER QUEEN ST,340,N, ,CAMERON TOWN ROAD,201436282,09/05/2014,Fri,1540,DA,CS1,111A 131A 402A 801 ,F,M,W,B ,L , , ,C,100,0,0,0,,,1767713,5876946
Waikato District,UPPER QUEEN ST,80,S, ,RAY WRIGHT ROAD,201417215,30/10/2014,Thu,1250,CB,CN1,410A 504A 903 ,P,R,D,O ,FS, , ,C,100,0,0,1,,,1768240,5877663
Waikato District,VENNA FRY LANE,, ,I,CIVIC PLACE,201446428,13/09/2014,Sat,1010,DA,BN1,385A ,H,M,D,BF,F ,T,N,N,50,0,0,0,,,1790628,5840854
Waikato District,VICTORIA ROAD,720,S, ,BEER ROAD,201444271,04/09/2014,Thu,1831,EC,4S1,912,W,R,D,DN,F , , ,C,100,0,0,0,,,1815969,5811270
Waikato District,VIOLET ST,100,S, ,GOVERNMENT ROAD,201431407,21/01/2014,Tue,1838,KB,4N1C,308B 834 929 ,,M,D,OF,FS,D,N,N,50,0,0,0,,,1765625,5814800
Waikato District,WAERENGA ROAD,200,S, ,KIWI ROAD,201433154,27/03/2014,Thu,1621,CB,TS1,130A 631A ,CFT,R,D,B ,F , , ,C,100,0,0,0,,,1793528,5858510
Waikato District,WAIKARE ROAD,500,S, ,DRAPER ROAD,201433152,15/03/2014,Sat,1230,DA,CN1,111A 131A 402A ,F,E,W,O ,HS, , ,C,100,0,0,0,,,1796805,5857144
Waikato District,WAINGARO ROAD,800,E, ,ELGOOD ROAD,201444275,12/09/2014,Fri,1400,DA,4N1,135A 804 ,E,E,W,OF,F , , ,C,100,0,0,0,,,1785485,5827354
Waikato District,WAINGARO ROAD,2100,W, ,ELGOOD ROAD,201418416,14/10/2014,Tue,900,BC,CE1T,121A 361A ,,M,D,B ,F , , ,C,100,0,0,1,,,1783420,5828448
Waikato District,WAINGARO ROAD,2300,W, ,TE PUROA ROAD,201438676,17/06/2014,Tue,1230,BF,VW1T,129A 197B ,,M,W,O ,H , , ,C,100,0,0,0,,,1786100,5827073
Waikato District,WAINGARO ROAD,3000,W, ,TE PUROA ROAD,201444599,14/09/2014,Sun,1030,DA,CS1,135A 804 843 ,ET,M,W,ON,L , , ,C,30,0,0,0,,,1785514,5827330
Waikato District,WAINGARO ROAD,800,E, ,WILTON COLLIERIES ROAD,201443279,26/07/2014,Sat,1712,DA,CN1,103A 131A ,EF,M,W,O ,F , , ,N,100,0,0,0,,,1783559,5828449
Waikato District,WAINUI ROAD,50,N, ,BANKART ST,201410132,03/01/2014,Fri,2138,MF,PS1V,371B ,,R,W,TO,L , , ,C,50,0,0,1,,,1764536,5814693
Waikato District,WAINUI ROAD,150,W, ,KAREKARE AVENUE,201444828,25/10/2014,Sat,1928,EC,CW1,101A 129A ,IT,E,D,TO,F , ,N,R,80,0,0,0,,,1763397,5813590
Waikato District,WAINUI ROAD,10,E, ,MARINE PARADE,201411737,28/02/2014,Fri,1059,DA,CN1,111A 131A 350A 404A ,ES,M,D,B ,F ,T,G,C,50,0,0,1,,,1763899,5813898
Waikato District,WAINUI ROAD,20,E, ,MARINE PARADE,201450906,29/12/2014,Mon,1230,FD,CW1C,181A ,,R,D,B ,F , , ,N,50,0,0,0,,,1763909,5813901
Waikato District,WAINUI ROAD,50,N, ,NGARUNUI BEACH ROAD,201431403,06/03/2014,Thu,,CB,VN1,103A ,F,R,D,TF,F , ,N,C,80,0,0,0,,,1761749,5812671
Waikato District,WAINUI ROAD,150,E, ,RAKAUNUI ST,201411679,24/02/2014,Mon,1400,CB,PW1,191A ,,R,D,BF,F , ,N,C,50,0,0,1,,,1763248,5813606
Waikato District,WAINUI ROAD,400,W, ,RAKAUNUI ST,201437637,10/05/2014,Sat,1015,DB,CS1C,131A 197A 129B ,V,M,D,B ,F , , ,C,80,0,0,0,,,1762778,5813451
Waikato District,WAINUI ROAD,500,E, ,RIRIA KEREOPA MEMORIAL DR,201450403,14/11/2014,Fri,2024,BC,CW1C,129A 404A ,,E,D,DN,F , ,N,C,50,0,0,0,,,1762736,5813453
Waikato District,WAINUI ROAD,60,S, ,WHITLEY ST,201400283,26/12/2014,Fri,1730,DB,VS1,101A 111A 532A ,EK,M,D,B ,F , ,N,L,50,1,0,3,,,1764275,5814065
Waikato District,WAIUKU-OTAUA ROAD,350,N, ,BOTHWELL PARK ROAD,201447356,29/07/2014,Tue,920,MD,4S1V,330B 371B 830 929 ,,R,D,O ,F ,D,N,C,100,0,0,0,,,1754364,5870510
Waikato District,WAIUKU-OTAUA ROAD,50,N, ,SMITH ROAD,201411993,23/03/2014,Sun,30,CB,CS1,410A ,,R,D,DN,F , ,N,C,100,0,0,1,,,1753474,5873729
Waikato District,WAVERLEY ROAD,, ,I,PIAKO ROAD,201436034,16/04/2014,Wed,2240,DB,CN2,111A 131A 353A ,FV,R,W,DO,L ,T,G,C,100,0,0,0,,,1813648,5825835
Waikato District,WAVERLEY ROAD,200,S, ,SEDDON ROAD,201450518,04/09/2014,Thu,545,DA,CS1,129A 131A 330A ,FK,E,D,TF,F , , ,C,100,0,0,0,,,1811738,5822934
Waikato District,WHANGARATA ROAD,230,W, ,BROWN ROAD,201417531,22/08/2014,Fri,1822,DB,CW1,103A 111A 131A ,FT,M,D,DN,F , ,N,C,70,0,0,3,,,1772865,5872903
Waikato District,WHANGARATA ROAD,320,W, ,SMEED ROAD,201439657,24/05/2014,Sat,830,FD,CW1C,331A ,,R,W,B ,F , , ,N,100,0,0,0,,,1774101,5873484
Waikato District,WOODLANDS ROAD,140,E, ,LAW ROAD,201415338,04/08/2014,Mon,2020,DA,CE1,129A 134A ,V,E,D,DN,F , ,N,C,100,0,0,2,,,1809681,5831742
Waikato District,WOODLANDS ROAD,, ,I,LAW ST,201414824,16/07/2014,Wed,537,DC,CS2,110A 335A ,CS,R,I,DO,MF,T,G,C,100,0,0,1,,,1809544,5831717
Waikato District,SH 1N GORDONTON,, ,I,1B/0/0,201445223,08/09/2014,Mon,1619,DB,CS2,111A 131A ,G,M,D,B ,F ,R,G,R,100,0,0,0,,,1794550,5833835