TLANAME,CRASHROAD,CRASHDIST,CRASHDIRN,INTSN,SIDEROAD,CRASHID,CRASHDATE,CRASHDOW,CRASHTIME,MVMT,VEHICLES,CAUSES,OBJECTSSTRUCK,ROADCURVE,ROADWET,LIGHT,WTHRa,JUNCTYPE,TRAFCTRL,ROADMARK,SPDLIM,CRASHFATALCNT,CRASHSEVCNT,CRASHMINCNT,PERSAGE1,PERSAGE2,EASTING,NORTHING
Waikato District,1B/0/1.039,800,W, ,KERIE ROAD,201411681,07/03/2014,Fri,807,CB,VE1,136A 682A ,,R,D,BF,F , ,N,L,100,0,0,1,,,1795475,5833861
Waikato District,1B/0/1.339,500,N, ,KERIE ROAD,201412023,28/03/2014,Fri,550,MB,CN1V,372B 386B ,,E,D,DN,F , ,N,C,100,0,0,1,,,1795759,5833763
Waikato District,1B/0/5.225,500,N, ,LAKE ROAD,201446430,22/06/2014,Sun,1600,QG,VS1,130A 687A ,CFP,R,D,BN,F , ,N,C,100,0,0,0,,,1798898,5831878
Waikato District,1B/0/5.643,40,S, ,HENRY ROAD,201437482,09/05/2014,Fri,300,CB,CS1,112A 130A 631A ,F,R,D,DN,F , , ,C,100,0,0,0,,,1797847,5832916
Waikato District,1B/0/7.716,50,N, ,LAKE ROAD,201438674,23/06/2014,Mon,307,ED,4N1T,110A 817 904 ,M,R,W,DN,M , , ,C,100,0,0,0,,,1799138,5831501
Waikato District,WHITIKAHU ROAD,, ,I,1B/0/9.313,201440371,26/06/2014,Thu,1600,FB,CS1C,181A 331A ,,M,D,B ,F ,T,G,C,100,0,0,0,,,1802193,5829976
Waikato District,1B/0/10.38,300,N, ,BALLARD ROAD,201413245,29/05/2014,Thu,1815,NA,CW1E,370A 711B 860 ,,E,D,DN,M , ,N,C,100,0,1,0,,,1801460,5830601
Waikato District,1B/0/15.156,130,S, ,PUKE ROAD,201440159,30/06/2014,Mon,1520,DA,CS1,130A 410A ,G,E,W,O ,F , ,N,C,100,0,0,0,,,1804416,5827079
Waikato District,1B/15/0.21,210,E, ,GORDONTON ROAD,201417180,06/10/2014,Mon,1624,CB,CE1,130A 903 ,V,R,D,B ,FS, , ,C,100,0,0,1,,,1804571,5826799
Waikato District,1B/15/0.5,500,N, ,GORDONTON ROAD,201431617,17/01/2014,Fri,2040,CC,CS1,103A 130A ,F,R,D,TN,F , , ,C,100,0,0,0,,,1804849,5826717
Waikato District,1B/15/0.55,550,E, ,GORDONTON ROAD,201450407,12/04/2014,Sat,1302,BA,CW14,129A ,,R,D,OF,F , ,N,C,100,0,0,0,,,1804897,5826702
Waikato District,1B/15/4.971,, ,I,SH 1B TELEPHONE,201444423,14/09/2014,Sun,1028,JA,VS1C,302B ,,R,D,O ,F ,T,G,C,100,0,0,0,,,1806066,5823281
Waikato District,HOLLAND ROAD,, ,I,1B/15/9.253,201417591,18/10/2014,Sat,1647,KA,VE1C,301B 375B ,,R,W,ON,H ,X,S,N,100,0,0,1,,,1808628,5819850
Waikato District,HOLLAND ROAD,, ,I,TELEPHONE ROAD W,201432667,09/03/2014,Sun,1620,HA,CS2C,301A 375A ,,R,D,B ,F ,X,S,C,100,0,0,0,,,1808628,5819850
Waikato District,1B/15/9.27,, ,I,SH 1B MARSHMEADOW,201418517,11/12/2014,Thu,829,FD,CE1C,331A 350A ,,R,W,OF,L ,X,S,C,100,0,0,1,,,1808645,5819854
Waikato District,1B/15/9.27,, ,I,SH 1B HOLLAND MARSHMEADOW,201438233,02/05/2014,Fri,615,DA,TE2,129A 386A ,V,R,D,OF,M ,X,S,C,100,0,0,0,,,1808645,5819854
Waikato District,1B/15/9.27,, ,I,HOLLAND ROAD,201414043,30/06/2014,Mon,1218,HA,4N1C,301A 375A ,,R,W,O ,F ,X,S,C,100,0,0,1,,,1808645,5819854
Waikato District,1B/15/10.812,40,N, ,VAILE ROAD,201450488,13/11/2014,Thu,830,BA,CS1V,129A 350A ,,R,D,BN,F , ,N,C,100,0,0,0,,,1809564,5818616
Waikato District,1B/15/13.84,60,E, ,SH 26,201410321,13/01/2014,Mon,1112,CB,CE1,102A 132A ,F,R,D,OF,F , ,N,P,100,0,0,1,,,1809143,5816489
Waikato District,SH 26,, ,I,MARSHMEADOW ROAD,201438216,01/06/2014,Sun,2140,JC,CS2C,301A ,,R,D,DO,F ,T,S,R,80,0,0,0,,,1809101,5816448
Waikato District,1B/29/0.752,400,N, ,SH 1B HOEKA,201439870,02/07/2014,Wed,830,CC,CN1,130A 358A 402A 801 ,CF,R,W,O ,L , , ,C,100,0,0,0,,,1809817,5816219
Waikato District,1B/30/0.683,200,S, ,WOODSIDE ROAD,201412626,14/03/2014,Fri,1745,LB,MN1C,102B 303B 377B 929 ,,E,D,OF,F ,D,N,C,100,0,2,0,,,1810491,5815509
Waikato District,1B/30/0.783,300,S, ,WOODSIDE ROAD,201414049,21/06/2014,Sat,925,DA,CS1,129A 134A ,FP,E,W,O ,F , ,N,C,100,0,0,1,,,1810537,5815420
Waikato District,1B/30/2.681,, ,I,TAUWHARE ROAD,201439502,20/06/2014,Fri,1227,HA,CW1T,321A ,,R,D,O ,F ,X,S,C,100,0,0,0,,,1811259,5813717
Waikato District,TAUWHARE ROAD,, ,I,1B/30/2.681,201451027,27/12/2014,Sat,1827,KB,TS1C,301B 375B ,,R,D,BF,F ,T,S,C,100,0,0,0,,,1811259,5813717
Waikato District,TAUWHARE ROAD,, ,I,1B/30/2.681,201413706,31/05/2014,Sat,1616,JA,CS1C,301B 375B ,,R,D,BF,F ,T,S,C,100,0,0,2,,,1811259,5813717
Waikato District,1B/30/5.946,1180,S, ,BELLEVUE ROAD,201411256,08/02/2014,Sat,939,DB,MS1,131A ,,M,W,O ,L , , ,C,100,0,0,1,,,1813615,5811656
Waikato District,1B/30/5.952,1900,N, ,SH 1B CHURCH,201434250,14/02/2014,Fri,724,DA,CS1,111A 131A 402A ,C,S,W,O ,F , , ,C,100,0,0,0,,,1813620,5811659
Waikato District,1B/30/7.852,, ,I,MARYCHURCH ROAD,201432062,09/03/2014,Sun,1918,DC,CW1,335A 363A 902 ,C,R,D,B ,F ,T,S,C,100,0,0,0,,,1814646,5810161
Waikato District,1B/30/7.852,, ,I,SH 1B CHURCH,201413610,14/04/2014,Mon,934,DA,MS1,131A 133A 353A 812 ,,M,D,O ,F ,T,S,N,100,0,0,1,,,1814646,5810161
Waikato District,1N/461/13.018,250,N, ,NIKAU OFF SBD,201433316,27/01/2014,Mon,1300,FD,CS1CC,181A 181C ,,E,D,BF,F , ,N,R,100,0,0,0,,,1777239,5879765
Waikato District,1N/461/13.168,100,N, ,NIKAU OFF SBD,201446307,07/09/2014,Sun,2050,EC,VS1,130A 407A 915 ,CPW,R,D,DO,F , ,N,C,100,0,0,0,,,1777329,5879646
Waikato District,1N/461/13.726,300,S, ,NIKAU OBR,201450954,27/12/2014,Sat,800,FA,CS1C,112A 331A 350A 387A ,,R,D,B ,F , , ,C,100,0,0,0,,,1777549,5879140
Waikato District,1N/461/13.926,500,S, ,NIKAU OBR,201437269,30/04/2014,Wed,1338,QG,VS1,131A 687A ,G,E,D,BF,F , ,N,R,100,0,0,0,,,1777580,5878942
Waikato District,1N/461/13.981,1000,N, ,HELENSLEE ON NBD,201444966,22/09/2014,Mon,600,EC,TS14,330A 668A 137B 341B ,D,R,W,O ,FS, ,N,N,100,0,0,0,,,1777545,5878872
Waikato District,1N/461/14.126,700,S, ,NIKAU OBR,201431656,11/01/2014,Sat,1120,DA,CS1,131A 406A ,G,M,D,B ,F , , ,C,100,0,0,0,,,1777679,5878771
Waikato District,1N/461/14.128,1100,N, ,RAZORBACK OBR,201411814,15/03/2014,Sat,1107,CB,CN1,112A 632A ,P,R,W,OF,L , ,N,N,100,0,0,1,,,1777630,5878753
Waikato District,1N/461/15.444,, ,I,2 ON NBD,201449155,02/12/2014,Tue,715,FA,TN1T,181A ,,R,D,BF,F ,T,N,C,100,0,0,0,,,1778617,5877890
Waikato District,1N/477/0.254,, ,I,POKENO OFF SBD,201414402,27/06/2014,Fri,1740,DA,CS1,111A 131A ,P,E,W,DO,HS,Y,N,C,100,0,0,1,,,1779230,5877039
Waikato District,1N/477/0.274,20,S, ,POKENO OFF SBD,201448994,09/12/2014,Tue,1656,AD,CS1C,132A ,,R,D,B ,F , , ,C,100,0,0,0,,,1779229,5877019
Waikato District,1N/477/2.963,500,N, ,PIONEER OBR,201414438,08/07/2014,Tue,829,FD,TS1C,181A ,,S,D,OF,F , ,N,C,100,0,0,4,,,1780683,5874953
Waikato District,1N/477/3.078,1000,S, ,POKENO ON SBD,201437178,29/05/2014,Thu,500,CB,CS1,112A 130A 410A ,,R,D,DN,F , ,N,R,100,0,0,0,,,1780746,5874856
Waikato District,1N/477/3.567,100,S, ,PIONEER OBR,201439554,14/06/2014,Sat,625,CA,VN1,194A ,S,R,D,DN,F , , ,C,100,0,0,0,,,1780856,5874383
Waikato District,1N/477/5.234,200,N, ,KOHEROA ON NBD,201444364,20/09/2014,Sat,1151,CB,TN1,130A 359A 801 ,EGX,R,W,O ,L , , ,C,100,0,0,0,,,1781423,5872883
Waikato District,1N/477/5.434,, ,I,KOHEROA ON NBD,201416155,05/10/2014,Sun,1900,CA,CN1C,130A 501A ,,R,D,O ,F ,T,N,C,100,0,1,1,,,1781451,5872685
Waikato District,1N/477/6.444,430,S, ,KOHEROA OBR,201414375,29/06/2014,Sun,1200,DA,VN1,131A 412A 504A ,G,E,D,O ,F , , ,C,100,0,0,1,,,1781746,5871737
Waikato District,1N/477/6.733,500,S, ,KOHEROA OFF NBD,201411855,20/01/2014,Mon,1540,CC,VN1,129A 410A ,G,R,D,OF,F , ,N,C,100,0,0,1,,,1781918,5871505
Waikato District,1N/486/0.935,1000,N, ,ISLAND BLOCK ROAD,201450414,30/11/2014,Sun,335,CC,CS1,129A 410A ,,R,D,DN,F , ,N,N,100,0,0,0,,,1782719,5869667
Waikato District,1N/486/1.535,400,N, ,ISLAND BLOCK ROAD,201440268,10/02/2014,Mon,925,FO,TS1C,357A 512A ,M,R,D,B ,F , , ,C,100,0,0,0,,,1783090,5869197
Waikato District,1N/486/1.885,50,N, ,RANGIRIRI ROAD,201438089,08/06/2014,Sun,1939,DA,CN1,195A 800 ,G,E,W,DO,F , , ,C,70,0,0,0,,,1783210,5868872
Waikato District,1N/486/3.802,, ,I,SPRINGHILL ROAD,201418773,21/11/2014,Fri,1135,JA,CS1C,302B ,F,R,D,B ,F ,T,G,R,100,0,1,0,,,1783066,5866967
Waikato District,1N/486/5.452,120,S, ,DRAGWAY ON SBD,201417401,30/08/2014,Sat,1628,EA,CS1C,129A 358A ,Q,E,D,OF,F , ,N,R,100,0,0,1,,,1782837,5865434
Waikato District,1N/486/6.085,1000,S, ,DRAG WAY,201437479,02/06/2014,Mon,530,CB,CN1,103A 112A 130A 412A 904 ,F,R,D,DN,M , , ,C,100,0,0,0,,,1783199,5864924
Waikato District,1N/486/6.785,830,N, ,HAMPTON ON NBD,201416001,23/09/2014,Tue,1251,BC,CN1V,121A 350A ,FP,E,D,B ,F , ,N,C,100,0,0,1,,,1783779,5864552
Waikato District,1N/486/9.35,1500,S, ,HAMPTON DOWNS OBR,201415809,02/09/2014,Tue,502,DA,CS1,103A 111A 131A ,F,E,W,DN,L , , ,C,100,0,0,1,,,1785257,5862471
Waikato District,1N/486/9.535,1800,N, ,WHANGAMARINO ROAD,201431963,18/02/2014,Tue,1647,CB,CN1,410A ,G,R,D,BN,F , ,N,R,100,0,0,0,,,1785307,5862301
Waikato District,1N/486/10.929,400,N, ,WHANGAMARINO ROAD,201450736,25/10/2014,Sat,950,CC,CS1,129A 350A ,G,R,D,BF,F , ,N,R,100,0,0,0,,,1785896,5861075
Waikato District,1N/486/10.929,400,N, ,WHANGAMARINO ROAD,201435829,19/03/2014,Wed,1705,AO,TS1C,381A 671A ,,R,D,BN,F , ,N,C,100,0,0,0,,,1785896,5861075
Waikato District,1N/486/11.029,300,N, ,WHANGAMARINO ROAD,201435860,26/03/2014,Wed,601,BF,CS1C,131A 410A ,,R,D,DN,F , ,N,C,100,0,0,0,,,1785958,5860996
Waikato District,1N/486/11.329,, ,I,WHANGAMARINO ROAD,201441590,06/08/2014,Wed,1712,BA,VS1CV,129A 372A 381A ,,R,D,O ,F ,T,N,C,100,0,0,0,,,1786138,5860757
Waikato District,1N/486/11.385,50,S, ,WHANGAMARINO ROAD,201438056,07/06/2014,Sat,600,DB,4N1,103A 410A ,G,E,D,TO,M , , ,C,100,0,0,0,,,1786161,5860713
Waikato District,1N/486/11.85,4000,S, ,HAMPTON DOWNS OBR,201450738,19/11/2014,Wed,1815,DB,TS1,136A 631A ,G,E,D,BF,F , ,N,C,100,0,0,0,,,1786286,5860259
Waikato District,1N/486/11.901,550,N, ,PADDY ROAD,201433527,18/03/2014,Tue,1115,AC,CS1T,381A ,,E,D,BN,F , ,N,C,100,0,0,0,,,1786302,5860211
Waikato District,1N/486/11.957,500,N, ,PADDY ROAD,201439590,20/05/2014,Tue,1608,CB,CN1,130A ,G,R,D,O ,F , , ,C,100,0,0,0,,,1786319,5860164
Waikato District,1N/486/12.268,300,N, ,HALL ROAD N,201445934,18/10/2014,Sat,1325,CA,CN1,129A 362A 801 ,,R,W,O ,L , , ,C,100,0,0,0,,,1786453,5859884
Waikato District,1N/486/12.418,150,N, ,HALL ROAD N,201433153,23/03/2014,Sun,2300,CC,CN1,129A 130A 402A ,G,R,D,DO,F , , ,R,100,0,0,0,,,1786523,5859751
Waikato District,1N/486/12.601,150,S, ,PADDY ROAD,201444273,16/08/2014,Sat,1520,CC,CS1,130A 403A ,E,R,D,BN,F , , ,C,100,0,0,0,,,1786614,5859586
Waikato District,1N/486/12.601,150,S, ,PADDY ROAD,201434834,11/03/2014,Tue,1610,CA,CS1,129A 410A ,G,R,D,BN,F , ,N,R,100,0,0,0,,,1786614,5859586
Waikato District,1N/486/12.657,200,S, ,PADDY ROAD,201431043,26/01/2014,Sun,30,CC,CN1,125A 198A ,G,R,D,DN,F , ,N,C,100,0,0,0,,,1786640,5859543
Waikato District,1N/486/12.918,350,S, ,HALL ROAD N,201438088,08/06/2014,Sun,1549,CA,CN1,129A ,G,R,W,O ,L , , ,C,100,0,0,0,,,1786781,5859324
Waikato District,1N/486/13.104,50,S, ,HALL ROAD S,201441234,05/05/2014,Mon,1440,CB,CN1,130A 330A 901 ,G,R,W,O ,H , , ,R,100,0,0,0,,,1786888,5859172
Waikato District,1N/486/14.449,330,N, ,PLANTATION ROAD,201441508,01/06/2014,Sun,1250,CC,CS1,125A 350A 410A ,G,R,D,O ,F , ,N,N,100,0,0,0,,,1787740,5858129
Waikato District,1N/486/15.305,500,N, ,TE KAUWHATA ROAD,201450949,29/12/2014,Mon,1754,CA,CS1,130A 358A ,G,R,D,O ,F , , ,C,80,0,0,0,,,1788104,5857358
Waikato District,1N/486/15.605,200,N, ,TE KAUWHATA ROAD,201443633,19/06/2014,Thu,1358,DA,CS1,130A 351A 632A ,G,E,W,O ,F , , ,N,100,0,0,0,,,1788221,5857083
Waikato District,1N/486/15.611,200,N, ,TE KAUWHATA ROAD,201445814,26/09/2014,Fri,2245,DB,CN1,131A ,G,E,D,DO,F , , ,R,100,0,0,0,,,1788221,5857083
Waikato District,1N/486/15.805,, ,I,TE KAUWHATA ROAD,201445815,03/10/2014,Fri,1600,JA,CS1V,302B ,,E,W,O ,L ,T,G,R,100,0,0,0,,,1788248,5856885
Waikato District,1N/486/15.805,, ,I,TE KAUWHATA ROAD,201444274,12/09/2014,Fri,630,KA,CS1C,302B 375B ,E,R,D,O ,F ,T,G,R,100,0,0,0,,,1788248,5856885
Waikato District,1N/486/15.905,100,S, ,TE KAUWHATA ROAD,201445302,29/09/2014,Mon,1323,CB,VS1,130A 402A 412A 817 ,G,R,D,O ,F , , ,N,80,0,0,0,,,1788242,5856786
Waikato District,1N/486/16.011,200,S, ,TE KAUWHATA ROAD,201431762,06/01/2014,Mon,7,EC,CN1,195A 912 ,W,R,D,DN,F , , ,C,100,0,0,0,,,1788226,5856687
Waikato District,1N/486/16.105,300,S, ,TE KAUWHATA ROAD,201440110,14/05/2014,Wed,714,CC,CS1,112A 410A 517A ,G,R,W,O ,F , ,N,R,100,0,0,0,,,1788207,5856589
Waikato District,1N/486/16.563,200,N, ,TE WHEORO ROAD N,201434251,12/02/2014,Wed,707,DA,TS1,131A 504A ,G,E,D,O ,F , , , ,100,0,0,0,,,1788250,5856145
Waikato District,1N/502/0.421,30,N, ,GLEN MURRAY ROAD,201450917,17/11/2014,Mon,1500,CA,CN1,136A 631A 800 817 ,X,R,D,O ,FF, , ,C,80,0,0,0,,,1788569,5855271
Waikato District,1N/502/0.451,400,W, ,RANGIRIRI ROAD,201442462,07/06/2014,Sat,1656,DB,CN1,363A 902 ,F,E,D,BF,F , ,N,C,100,0,0,0,,,1788577,5855241
Waikato District,1N/502/0.501,50,S, ,GLEN MURRAY ROAD,201441640,20/07/2014,Sun,1945,DA,CN1,131A 404A 801 901 ,G,M,W,DO,H , , ,R,100,0,0,0,,,1788594,5855195
Waikato District,1N/502/0.551,100,S, ,GLEN MURRAY ROAD,201414434,03/07/2014,Thu,900,FD,TN1CC,331A 358A ,,M,W,BF,F , ,N,R,70,0,0,1,,,1788618,5855151
Waikato District,1N/502/0.551,100,S, ,GLEN MURRAY ROAD,201447433,09/10/2014,Thu,1800,DA,CS1,111A 131A ,G,M,D,O ,F , ,N,C,80,0,0,0,,,1788618,5855151
Waikato District,1N/502/0.641,210,W, ,RANGIRIRI ROAD,201443274,26/06/2014,Thu,1500,DA,CN1,130A 363A 902 ,G,M,D,B ,F , , ,R,70,0,0,0,,,1788676,5855082
Waikato District,1N/502/0.851,, ,I,RANGIRIRI ROAD,201446960,19/10/2014,Sun,650,DB,CE1,131A ,I,S,W,OF,F ,T,S,R,100,0,0,0,,,1788863,5854995
Waikato District,1N/502/1.171,450,N, ,TE ONETEA STM BR,201450001,20/12/2014,Sat,1050,DB,VN1,131A ,G,M,D,O ,F , , ,R,80,0,0,0,,,1789177,5854936
Waikato District,1N/502/1.521,100,N, ,TE ONETEA STM BR,201445248,04/10/2014,Sat,400,DA,CN1,131A ,G,E,W,DN,F , , ,R,100,0,0,0,,,1789498,5854808
Waikato District,1N/502/2.367,900,S, ,TE ONETEA ROAD,201449390,24/11/2014,Mon,,AD,CN1C,129A 130A 801 ,,R,W,O ,L , , ,C,100,0,0,0,,,1789996,5854127
Waikato District,1N/502/2.828,1570,N, ,ARMITAGE ROAD S,201430182,03/01/2014,Fri,1544,DB,CN1,131A ,G,M,D,OF,F , , ,C,100,0,0,0,,,1790251,5853744
Waikato District,1N/502/2.851,2000,E, ,RANGIRIRI ROAD,201441815,30/07/2014,Wed,358,FA,TS14,197A 380A ,,R,W,DN,F , , ,R,100,0,0,0,,,1790275,5853740
Waikato District,1N/502/2.907,650,N, ,ARMITAGE ROAD N,201448504,25/09/2014,Thu,955,DB,CN1,129A 330A ,G,E,D,BN,F , ,N,R,100,0,0,0,,,1790284,5853673
Waikato District,1N/502/3.948,450,N, ,ARMITAGE ROAD S,201410131,02/01/2014,Thu,1505,CB,CS1,130A 354A 402A ,G,R,D,B ,F , , ,C,100,0,0,1,,,1790468,5852650
Waikato District,1N/502/4.528,130,S, ,ARMITAGE ROAD S,201413235,01/02/2014,Sat,7,CB,VN1,134A 410A ,G,R,D,DN,F , ,N,R,100,0,0,1,,,1790597,5852085
Waikato District,1N/502/4.598,200,S, ,ARMITAGE ROAD S,201414825,22/07/2014,Tue,658,CB,TS1,129A 410A ,FX,R,D,BN,F , ,N,C,90,0,0,1,,,1790614,5852017
Waikato District,1N/502/4.625,3400,N, ,TAHUNA OBR,201416490,22/08/2014,Fri,2320,FA,CN1C,112A 330A 434A ,,R,D,DO,F , , ,C,100,0,0,3,,,1790620,5851990
Waikato District,1N/502/5.047,3000,N, ,TAHUNA OBR,201431756,12/01/2014,Sun,1400,CB,CS1,138A 407A 817 ,,R,D,B ,F , , ,C,100,0,0,0,,,1790731,5851598
Waikato District,1N/502/5.34,2000,N, ,LUMSDEN ROAD,201430143,17/01/2014,Fri,1420,AC,CS1T,177A 357A 817 ,,R,D,BN,F , ,N,N,100,0,0,0,,,1790797,5851313
Waikato District,1N/502/5.664,2000,N, ,TAHUNA ON NBD,201417605,06/11/2014,Thu,1720,AA,CN1T,372A 381A ,,R,D,B ,F , ,N,C,100,0,0,2,,,1790857,5850978
Waikato District,1N/502/7.725,300,N, ,TAHUNA OBR,201447652,22/10/2014,Wed,737,CB,CN1,129A ,EG,R,D,OF,F , ,N,C,100,0,0,0,,,1790995,5848925
Waikato District,1N/502/7.867,180,N, ,TAHUNA OBR,201435425,08/05/2014,Thu,1015,EB,TS1C,129A ,Q,R,D,OF,F , , , ,100,0,0,0,,,1791016,5848802
Waikato District,1N/502/8.937,890,S, ,TAHUNA OBR,201413523,28/05/2014,Wed,1109,FA,VS1O,112A ,,R,D,B ,F , , ,R,100,0,1,1,,,1791235,5847757
Waikato District,1N/502/9.047,1000,S, ,TAHUNA OBR,201438675,21/06/2014,Sat,1000,CC,CS1,130A 410A ,S,R,D,O ,F , , ,C,100,0,0,0,,,1791255,5847649
Waikato District,1N/502/10.027,1000,N, ,FISHER ROAD,201449999,23/12/2014,Tue,810,CB,CS1,410A ,P,R,D,B ,F , , ,C,100,0,0,0,,,1791437,5846688
Waikato District,1N/502/10.047,2000,S, ,TAHUNA OBR,201438652,22/06/2014,Sun,1704,CA,CS1,130A 622A ,V,R,D,TO,F , , ,C,100,0,0,0,,,1791440,5846668
Waikato District,1N/502/11.917,600,N, ,EAST MINE ROAD,201415430,24/07/2014,Thu,2150,PO,4N1E,194A 105B 722B 732B ,,R,D,DO,F , , ,C,100,0,0,1,47,,1790963,5844912
Waikato District,1N/502/12.333,200,N, ,EAST MINE ROAD,201410133,07/01/2014,Tue,1705,CB,CS1,130A 412A ,K,R,D,B ,F , , ,C,70,0,0,1,,,1790852,5844530
Waikato District,1N/502/13.849,120,S, ,FLETCHER ST,201445932,11/10/2014,Sat,1424,MD,CN1C,308B 371B 836 929 ,,R,D,B ,F ,D,N,C,70,0,0,0,,,1790690,5843011
Waikato District,1N/502/15.17,200,N, ,BELL CROSSING ST,201443273,22/08/2014,Fri,1800,MA,CN1C,373B 402B ,,R,D,TO,F , , ,C,70,0,0,0,,,1790693,5841691
Waikato District,1N/502/15.427,40,S, ,BELL CROSSING ST,201443630,19/07/2014,Sat,1057,FD,CS1CC,112A 331A 181B 331B ,,R,D,B ,F , , ,C,50,0,0,0,,,1790713,5841452
Waikato District,1N/519/0.034,100,N, ,MAIN ST,201449996,03/10/2014,Fri,1516,LB,CN1C,927,,R,W,O ,L ,D,N,R,70,0,0,0,,,1790740,5841065
Waikato District,1N/519/0.651,400,N, ,TAINUI BRIDGE ROAD,201449998,01/11/2014,Sat,2155,FD,CS1CCC,181A 363A ,,R,D,DO,F , , ,C,100,0,0,0,,,1790736,5840450
Waikato District,1N/519/0.801,250,N, ,TAINUI BRIDGE ROAD,201440269,02/07/2014,Wed,1819,DA,CN1,131A 412A 801 ,F,M,W,DO,L , , ,P,70,0,0,0,,,1790689,5840308
Waikato District,1N/519/0.861,190,N, ,TAINUI BRIDGE ROAD,201445813,27/09/2014,Sat,300,DA,CN1,111A 131A ,FP,E,D,DO,FS, , ,P,70,0,0,0,,,1790679,5840249
Waikato District,1N/519/0.871,180,N, ,TAINUI BRIDGE ROAD,201450634,07/12/2014,Sun,158,MC,CS1C,330B 372B ,,R,D,DO,F , ,N,C,70,0,0,0,,,1790679,5840239
Waikato District,1N/519/1.051,, ,I,TAINUI BRIDGE ROAD,201443158,01/08/2014,Fri,1434,FA,CN1T,181A 352A ,,R,D,B ,F ,T,T,C,70,0,0,0,,,1790663,5840061
Waikato District,1N/519/1.051,, ,I,TAINUI BRIDGE ROAD,201448507,17/11/2014,Mon,950,GF,CE2T,381A ,,R,W,BF,H ,T,T,R,70,0,0,0,,,1790663,5840061
Waikato District,1N/519/1.48,200,N, ,SPIERS ROAD,201415822,02/09/2014,Tue,1120,BF,CS14,501A ,,E,D,B ,F , , ,P,70,0,0,2,,,1790599,5839641
Waikato District,1N/519/2.238,100,N, ,TREGOWETH LANE,201435558,23/04/2014,Wed,1040,FD,CS1C,181A 331A 402A ,,E,D,B ,F , , ,C,70,0,0,0,,,1790722,5838896
Waikato District,1N/519/2.338,, ,I,TREGOWETH LANE,201435994,21/03/2014,Fri,755,KA,TS1C,322A ,,R,D,BF,F ,T,T,R,70,0,0,0,,,1790712,5838796
Waikato District,1N/519/2.338,, ,I,TREGOWETH LANE,201411991,13/03/2014,Thu,1651,FE,CS1C,181A ,,E,D,BF,F ,T,T,C,70,0,0,1,,,1790712,5838796
Waikato District,1N/519/3.138,800,S, ,TREGOWETH LANE,201438090,02/06/2014,Mon,1525,FD,CN1CC,181A 181B ,,R,D,B ,F , , ,L,100,0,0,0,,,1790674,5838007
Waikato District,1N/519/3.238,900,S, ,TREGOWETH LANE,201415233,21/04/2014,Mon,1800,FD,CN1CC,331A 352A ,,R,D,TN,F , ,N,L,100,0,0,1,,,1790670,5837907
Waikato District,1N/519/3.288,950,S, ,TREGOWETH LANE,201438650,14/06/2014,Sat,1740,FD,VN1C4,181A 331A 181B ,,R,D,DN,F , , ,L,100,0,0,0,,,1790669,5837857
Waikato District,1N/519/3.301,2250,S, ,TAINUI BRIDGE ROAD,201415231,13/07/2014,Sun,520,CB,CS1,129A 353A ,CT,R,D,DN,F , ,N,C,100,0,0,1,,,1790668,5837844
Waikato District,1N/519/3.438,1100,S, ,TREGOWETH LANE,201444272,17/08/2014,Sun,1724,FD,CN1CC,110A 331A 402A 110B 191B 110C 191C +,,R,D,TF,F , , ,C,100,0,0,0,,,1790661,5837707
Waikato District,1N/519/4.08,2400,S, ,SPIERS ROAD,201415921,11/04/2014,Fri,415,DA,CN1,412A 801 ,C,M,W,DN,L , , ,C,100,0,1,0,,,1790707,5837074
Waikato District,1N/519/5.331,2500,N, ,SH 1B,201434656,16/04/2014,Wed,2342,CB,CN1,130A 330A 350A ,FJ,R,W,DN,L , ,N,C,100,0,0,0,,,1791530,5836199
Waikato District,1N/519/5.58,1700,N, ,GORDONTON ROAD S,201416563,14/10/2014,Tue,1800,BE,CS1C,129A 411A ,,R,D,BN,F , ,N,L,100,0,1,1,,,1791749,5836086
Waikato District,1N/519/6.14,, ,A,TAUPIRI CEMETERY DVWY,201412133,21/04/2014,Mon,1550,MC,CN1C,170B 671B ,,R,D,O ,F , , ,P,70,0,0,1,,,1792192,5835746