TLANAME,CRASHROAD,CRASHDIST,CRASHDIRN,INTSN,SIDEROAD,CRASHID,CRASHDATE,CRASHDOW,CRASHTIME,MVMT,VEHICLES,CAUSES,OBJECTSSTRUCK,ROADCURVE,ROADWET,LIGHT,WTHRa,JUNCTYPE,TRAFCTRL,ROADMARK,SPDLIM,CRASHFATALCNT,CRASHSEVCNT,CRASHMINCNT,PERSAGE1,PERSAGE2,EASTING,NORTHING
Waikato District,1N/519/6.639,300,N, ,MANGAWARA STM BR,201450000,20/11/2014,Thu,1109,BF,CW1V,131A 205A 330A ,,M,D,B ,F , , ,C,100,0,0,0,,,1792594,5835454
Waikato District,GREAT SOUTH ROAD,560,N, ,GORDONTON ROAD,201410564,27/01/2014,Mon,1300,GE,MN1C,171B 926 ,,R,D,BF,F ,D,N,P,70,0,1,0,,,1792717,5835406
Waikato District,GREAT SOUTH ROAD,500,N, ,OLD WRIGHT ST,201417418,23/10/2014,Thu,1747,CB,CS1,129A 410A ,P,R,D,BF,F , ,N,L,70,0,0,1,,,1792725,5835403
Waikato District,1N/519/6.88,400,S, ,GORDONTON ROAD,201434334,11/02/2014,Tue,1835,CB,CS1,410A ,G,R,D,B ,F , , ,C,100,0,0,0,,,1792819,5835369
Waikato District,1N/519/7.28,, ,I,GORDONTON ROAD,201437670,30/05/2014,Fri,917,FB,CN1C,181A 331A ,,E,W,O ,F ,R,G,C,70,0,0,0,,,1792964,5835014
Waikato District,1N/525/0,, ,I,SH 1N GORDONTON,201449356,13/12/2014,Sat,2030,DB,TN1,131A 501A ,F,E,D,TO,F ,R,G,C,80,0,0,0,,,1792961,5834989
Waikato District,1N/525/0,, ,I,SH 1N GORDONTON,201447570,15/11/2014,Sat,1830,AD,VS1,131A 801 ,,M,W,O ,L ,R,G,R,70,0,0,0,,,1792961,5834989
Waikato District,1N/525/0,, ,I,GREAT SOUTH ROAD,201432446,16/01/2014,Thu,1600,KA,TW2T,302A 386A ,,S,W,BF,F ,R,G,R,70,0,0,0,,,1792966,5835009
Waikato District,GREAT SOUTH ROAD,, ,I,OLD WRIGHT ST,201445687,12/02/2014,Wed,844,GF,TW1C,386A ,,S,D,O ,F ,R,G,R,70,0,0,0,,,1792992,5835013
Waikato District,GREAT SOUTH ROAD,, ,I,GORDONTON ROAD,201445933,16/10/2014,Thu,100,AO,CN1T,103A 111A 158A ,,E,D,DO,F ,R,G,R,70,0,0,0,,,1792976,5834974
Waikato District,1N/525/0.079,, ,I,GREAT SOUTH ROAD,201448502,11/11/2014,Tue,1233,AA,CN1V,381A ,,M,D,OF,F ,R,G,R,70,0,0,0,,,1792992,5834976
Waikato District,1N/525/0.079,, ,I,WRIGHT ST,201448505,29/10/2014,Wed,1000,DB,CS1,135A 801 ,S,R,W,OF,L ,R,G,R,50,0,0,0,,,1792992,5834976
Waikato District,1N/525/0.406,350,N, ,GREAT SOUTH ROAD,201450737,29/11/2014,Sat,1615,BF,CS1C,129A 410A ,,M,D,OF,F , ,N,L,70,0,0,0,,,1793337,5835062
Waikato District,1N/525/0.564,15,E, ,ORINI ROAD,201450094,24/11/2014,Mon,645,FD,VW1C,331A ,,E,D,O ,F ,R,G,C,70,0,0,0,,,1793458,5835076
Waikato District,GREAT SOUTH ROAD,400,E, ,ORINI ROAD,201438053,05/06/2014,Thu,2038,QG,VS1,682A ,,R,W,DO,L , , ,L,80,0,0,0,,,1793703,5834814
Waikato District,GREAT SOUTH ROAD,400,S, ,ORINI ROAD,201438052,05/06/2014,Thu,2038,EC,TS1,820,X,R,W,DO,L , , ,L,80,0,0,0,,,1793703,5834814
Waikato District,1N/525/1.422,750,S, ,TE PUTU ST,201400003,04/01/2014,Sat,2132,AB,MN1C,110A 151A 153A ,,R,D,DO,F , , ,C,100,1,0,2,,,1793960,5834432
Waikato District,SH 1B,, ,I,1N/525/2.224,201441095,26/06/2014,Thu,1700,GF,VN2C,171A 336A ,,M,W,OF,F ,R,G,R,80,0,0,0,,,1794516,5833856
Waikato District,1N/527/0.005,5,S, ,SH 1B GORDONTON,201445222,05/09/2014,Fri,1853,AC,VN1V,372A ,,E,D,DO,F ,R,G,N,80,0,0,0,,,1794539,5833826
Waikato District,GREAT SOUTH ROAD,4100,S, ,SH 1B,201445936,13/10/2014,Mon,1830,AD,CS1,131A 404A ,G,E,D,B ,F , , ,C,100,0,0,0,,,1794564,5829765
Waikato District,GREAT SOUTH ROAD,, ,I,PRINCESS ST,201438054,30/05/2014,Fri,1350,FA,CN1V,181A 197B ,,R,W,O ,L ,X,G,C,50,0,0,0,,,1789493,5828980
Waikato District,GREAT SOUTH ROAD,, ,I,PARK ROAD,201435552,21/03/2014,Fri,2046,DB,CN1,111A 131A 514A ,FS,M,D,DO,F ,X,S,C,100,0,0,0,,,1792212,5826306
Waikato District,1N/534/3.872,100,S, ,TE RAPA OBR,201417119,16/11/2014,Sun,1542,MO,CN1CC,112A 130A 517A ,G,R,W,O ,F , , ,C,100,0,0,1,,,1794564,5824209
Waikato District,1N/534/4.146,300,S, ,TE RAPA OBR,201436177,25/04/2014,Fri,825,DB,CS1,131A ,G,E,W,B ,F , , ,R,100,0,0,0,,,1794562,5824002
Waikato District,1N/557/0.026,40,N, ,NEWELL ROAD,201442269,23/08/2014,Sat,2310,CB,CS1,130A 410A ,C,R,D,DO,F , , ,R,100,0,0,0,,,1805178,5813121
Waikato District,1N/557/0.646,, ,I,ANNEBROOK ROAD,201440187,14/06/2014,Sat,1840,FA,CW1C,181A 191B ,,E,D,TN,F ,T,N,C,80,0,0,0,,,1805647,5812723
Waikato District,1N/557/1.669,, ,I,CHERRY LANE,201400072,03/04/2014,Thu,1623,JA,CS1C,301B ,,R,D,O ,F ,T,S,C,100,1,0,1,,,1806277,5811967
Waikato District,1N/557/2.569,, ,I,BOLLARD ROAD,201418626,22/12/2014,Mon,1612,JA,XS1CT,302B 375B ,,E,D,BF,F ,T,G,C,100,0,0,1,,,1806854,5811278
Waikato District,1N/557/2.569,, ,I,BOLLARD ROAD,201410411,25/01/2014,Sat,1155,JA,CS1C,302B ,,R,D,B ,F ,T,G,R,100,0,0,2,,,1806854,5811278
Waikato District,1N/557/4.283,800,S, ,AIRPORT ROAD,201413739,31/05/2014,Sat,835,CB,VS1,501A ,CF,R,D,BF,F , ,N,R,100,0,0,1,,,1807968,5809981
Waikato District,1N/557/6.079,, ,I,PICKERING ROAD,201450187,27/11/2014,Thu,1440,JA,CS1C,130A 197A 302B 353B 817 ,FP,R,D,B ,F ,T,G,P,100,0,0,0,,,1809183,5808668
Waikato District,1N/557/6.079,, ,I,PICKERING ROAD,201450189,27/11/2014,Thu,1530,GA,CS1C,112A 181A 331A 817 ,,R,D,B ,F ,T,G,P,100,0,0,0,,,1809183,5808668
Waikato District,1N/557/6.997,1500,N, ,HAUTAPU ROAD,201414990,24/06/2014,Tue,1807,GC,VN1P,372B 927 ,,R,D,DN,F ,D,N,C,80,0,0,1,,,1809925,5808132
Waikato District,1N/557/7.397,1100,N, ,HAUTAPU ROAD,201411250,28/02/2014,Fri,710,CC,CN1,501A ,P,R,D,B ,F , , ,C,100,0,0,1,,,1810232,5807876
Waikato District,1N/557/8.24,, ,I,DUNCAN ROAD,201432318,02/02/2014,Sun,1630,JA,CN1C,302B ,,R,D,B ,F ,T,G,L,100,0,0,0,,,1810744,5807217
Waikato District,1N/557/8.427,70,N, ,HAUTAPU ROAD,201400036,22/02/2014,Sat,1620,BA,CN1CVC,129A 410A ,V,R,D,BF,F , ,N,L,100,1,1,1,,,1810851,5807064
Waikato District,1N/557/9.494,1000,S, ,HAUTAPU ROAD,201443067,04/09/2014,Thu,2155,CC,CS1,198A 410A 801 ,SX,R,W,DO,L , , ,C,80,0,0,0,,,1811486,5806204
Waikato District,1N/568/0,, ,I,RACECOURSE ROAD,201413409,16/06/2014,Mon,1305,HA,CN1V,302B ,,E,W,O ,M ,X,G,L,100,0,0,3,,,1811949,5805351
Waikato District,2/0/0.673,100,E, ,OLEARY ROAD,201449203,15/08/2014,Fri,1730,MB,CS1C,303B ,,E,D,TF,F , , ,C,100,0,0,0,,,1779905,5878052
Waikato District,2/0/0.934,, ,I,AVON ROAD,201410003,05/01/2014,Sun,1439,GD,CE1C,130A 191A 333A 800 901 ,,E,W,O ,H ,T,G,L,100,0,0,2,,,1780165,5878033
Waikato District,2/0/4.621,100,W, ,DOBSON ROAD,201430008,01/01/2014,Wed,330,BA,CE1T,129A 129B ,,R,D,DN,F , ,N,L,90,0,0,0,,,1783423,5879320
Waikato District,2/0/7.044,400,W, ,MANGATAWHIRI ROAD,201415095,13/08/2014,Wed,1427,BF,CE1TCV,131A ,,E,D,O ,F , , ,L,100,0,1,0,,,1785645,5879081
Waikato District,2/0/8.236,1000,N, ,HEAVEN ROAD,201446262,06/10/2014,Mon,1009,DA,TN1,129A 134A 350A ,S,E,D,ON,F , ,N,L,90,0,0,0,,,1786821,5878905
Waikato District,2/0/9.004,1560,E, ,MANGATAWHIRI ROAD,201444816,31/08/2014,Sun,1829,EC,CW1,341A ,D,R,D,DN,F , ,N,C,100,0,0,0,,,1787562,5878733
Waikato District,2/0/9.125,100,E, ,KOHEROA OBR,201400026,10/02/2014,Mon,2228,BE,CE1T,130A 410A 504A ,,R,D,DN,F , , ,L,100,1,0,1,,,1787673,5878685
Waikato District,2/0/11.409,200,E, ,HOMESTEAD OBR,201431888,09/02/2014,Sun,1213,CB,4W1,137A ,,R,D,BN,F , ,N,C,100,0,0,0,,,1789918,5878404
Waikato District,2/0/13.216,500,N, ,STEEN ROAD,201451040,31/12/2014,Wed,1338,CB,TS1,191A 331A 832 ,,R,D,ON,F , ,N,L,90,0,0,0,,,1791536,5877602
Waikato District,2/0/13.366,350,N, ,OKAERIA ROAD,201449400,16/12/2014,Tue,1620,AF,CW1,407A 671A ,F,R,D,B ,F , , ,L,100,0,0,0,,,1791656,5877511
Waikato District,2/0/14.861,2000,W, ,KOPUKU ROAD,201443271,27/08/2014,Wed,740,DB,CN1V,121A 129A 130B 197B ,EV,E,D,B ,F , , ,L,100,0,0,0,,,1792595,5876405
Waikato District,2/0/15.654,500,S, ,WYATT ROAD,201446510,20/10/2014,Mon,1900,QG,VN1,665A ,,E,D,TN,F , , ,L,90,0,0,0,,,1792979,5875760
Waikato District,2/18/0.67,1000,W, ,COALFIELDS ROAD,201443415,20/07/2014,Sun,520,DA,CE1,102A 410A ,,M,D,DN,F , ,N,L,90,0,0,0,,,1794429,5875469
Waikato District,2/18/3.625,1050,W, ,FERNDALE ROAD,201414997,16/06/2014,Mon,1300,CB,CW1,411A ,V,R,D,BN,F , ,N,C,70,0,0,1,,,1797277,5875119
Waikato District,2/18/8.064,210,N, ,DIMMOCK ROAD,201442461,16/04/2014,Wed,1142,EE,TN1C,129A ,M,M,D,BN,F , ,N,C,90,0,0,0,,,1801226,5873386
Waikato District,2/18/13.199,400,E, ,OKAERIA ROAD,201414622,11/02/2014,Tue,247,DB,CE1,130A 351A ,G,E,D,DN,F , , ,C,100,0,0,1,,,1805388,5870777
Waikato District,21/0/0.837,40,N, ,NEWELL ROAD,201414318,02/07/2014,Wed,1727,FD,CS1CC,137A 191A 191B 801 ,,R,W,DO,L , , ,C,100,0,1,1,,,1807103,5809983
Waikato District,21/0/0.877,, ,I,NEWELL ROAD,201447443,15/10/2014,Wed,1050,GD,CS1C,181A 330A ,,R,D,B ,F ,T,S,C,100,0,0,0,,,1807082,5809949
Waikato District,23/3/0.076,230,W, ,WALLACE ROAD,201413408,18/05/2014,Sun,803,CA,40,130A 404A ,,R,D,O ,F , , ,C,100,0,0,1,,,1796111,5814456
Waikato District,23/3/0.846,1000,W, ,WALLACE ROAD,201413430,31/05/2014,Sat,530,DA,CE1,103A 358A ,CFV,E,D,DN,F , , ,C,100,0,1,1,,,1795418,5814788
Waikato District,23/3/2.491,50,E, ,HOWDEN ROAD,201411662,21/02/2014,Fri,1140,CB,VE1,129A 352A ,F,R,D,BF,F , ,N,C,100,0,0,1,,,1793783,5814726
Waikato District,23/3/2.841,300,W, ,HOWDEN ROAD,201434268,19/02/2014,Wed,1445,CB,CE1,130A 350A ,EFS,R,D,B ,F , , ,C,100,0,0,0,,,1793433,5814715
Waikato District,23/3/6.264,25,E, ,EGAN ROAD,201450003,13/12/2014,Sat,2150,EC,CW1,912,W,R,W,DN,L , , ,C,80,0,0,0,,,1790282,5814443
Waikato District,23/3/6.551,, ,I,STORE ROAD,201414044,04/07/2014,Fri,722,GD,VW1CC,181A 350A ,,R,W,O ,F ,T,S,C,80,0,0,1,,,1789995,5814442
Waikato District,23/3/6.971,, ,I,HOROTIU ROAD,201447656,27/10/2014,Mon,1455,LB,CE1O,303B ,,E,W,OF,L ,X,S,C,80,0,0,0,,,1789575,5814435
Waikato District,23/3/6.971,, ,I,SH 39 HOROTIU,201430183,12/01/2014,Sun,931,LB,CE1V,303B 382B ,,R,D,OF,F ,T,S,L,80,0,0,0,,,1789575,5814435
Waikato District,23/3/7.071,100,W, ,SH 39 W,201441551,15/08/2014,Fri,1905,DA,VE1,103A ,C,E,D,DN,F , ,N,C,100,0,0,0,,,1789478,5814411
Waikato District,23/3/7.554,, ,I,MAORI POINT ROAD,201446431,29/09/2014,Mon,1700,DB,CS1,131A 405A ,V,M,D,BF,F ,T,G,C,80,0,0,0,,,1789114,5814113
Waikato District,23/3/9.155,20,W, ,LOCKERBIE LANE,201433534,15/03/2014,Sat,1315,DB,CE1,131A ,,M,W,ON,H , ,N,C,100,0,0,0,,,1787803,5813694
Waikato District,23/3/9.535,400,W, ,LOCKERBIE LANE,201417404,15/10/2014,Wed,1537,DA,CW1,129A ,C,E,D,BN,F , ,N,C,100,0,0,1,,,1787457,5813663
Waikato District,23/3/10.141,, ,I,KARAKARIKI ROAD,201412864,30/03/2014,Sun,1435,GE,MW1C,160A 333A 353A ,,R,D,B ,F ,T,G,C,100,0,1,0,,,1786970,5813815
Waikato District,23/15/5.898,3400,E, ,COGSWELL ROAD,201418674,25/12/2014,Thu,1823,BO,CE1C,129A 404A ,,E,D,BN,F , ,N,C,100,0,1,1,,,1782402,5811155
Waikato District,23/15/6.496,3740,S, ,GLENTUI LANE,201415057,08/06/2014,Sun,1431,DA,MN1,111A 131A 801 ,G,S,W,O ,L , , ,L,100,0,0,1,,,1781905,5810855
Waikato District,23/15/7.038,2260,E, ,COGSWELL ROAD,201415429,04/07/2014,Fri,1810,BF,VE1C,102A 111A 358A 407A ,V,S,D,DN,F , , ,C,100,0,1,1,,,1781647,5810590
Waikato District,23/15/9.448,150,W, ,COGSWELL ROAD,201411680,05/03/2014,Wed,711,AB,CW1C,378A ,,R,W,DN,F , ,N,C,100,0,0,2,,,1779686,5810879
Waikato District,23/15/9.568,270,W, ,COGSWELL ROAD,201450951,07/12/2014,Sun,640,DA,CS1C,137A 197A 129B ,FS,M,D,B ,F , , ,C,100,0,0,0,,,1779601,5810796
Waikato District,23/15/10.005,980,E, ,OTONGA VALLEY ROAD,201447341,04/11/2014,Tue,59,EC,TE1,912,W,E,D,DO,F , ,N,N,100,0,0,0,,,1779207,5810827
Waikato District,23/15/10.148,850,S, ,COGSWELL ROAD,201441817,20/07/2014,Sun,2200,DA,CE1,110A 129A 131A 901 ,F,M,W,DN,H , , ,C,100,0,0,0,,,1779091,5810909
Waikato District,23/15/10.198,900,W, ,COGSWELL ROAD,201413305,03/05/2014,Sat,1110,AB,MW1C4,156A 378A 831 ,,M,D,O ,F , , ,C,100,0,1,1,,,1779042,5810920
Waikato District,23/15/13.814,2000,W, ,WAITETUNA VALLEY ROAD,201441814,17/07/2014,Thu,2030,EC,CW1,131A 341A 820 ,CD,M,D,DN,F , , ,C,100,0,0,0,,,1776192,5810448
Waikato District,23/15/15.994,1000,S, ,OHAUTIRA ROAD,201436455,18/02/2014,Tue,1315,CC,CE1,129A 351A ,F,R,D,BN,F , ,N,C,100,0,0,0,,,1774401,5811226
Waikato District,23/32/0.44,440,W, ,OHAUTIRA ROAD,201438234,26/04/2014,Sat,430,DA,CE1,131A 410A ,G,S,W,DN,L , ,N,C,100,0,0,0,,,1773252,5811961
Waikato District,23/32/1.991,300,W, ,OKETE ROAD E,201412607,02/03/2014,Sun,1715,CB,CW1,102A 112A 817 ,F,R,D,BF,F , ,N,N,100,0,1,0,,,1771896,5811333
Waikato District,23/32/2.191,500,W, ,OKETE ROAD E,201432895,24/02/2014,Mon,1620,CA,CW1,112A 130A ,,R,D,B ,F , , ,L,100,0,0,0,,,1771696,5811324
Waikato District,23/32/5.682,100,W, ,TE MATA ROAD,201416566,08/10/2014,Wed,100,CB,VE1,104A 112A 817 ,,R,W,DN,F , ,N,N,100,0,0,5,,,1768688,5811001
Waikato District,23/32/6.53,1000,E, ,OKETE ROAD W,201433520,02/03/2014,Sun,850,DA,CW1,116A 131A 339A 817 ,C,M,D,BN,F , ,N,N,100,0,0,0,,,1768140,5811625
Waikato District,23/32/10.473,, ,I,GREENSLADE ROAD,201445334,03/09/2014,Wed,808,JA,MN1C,191A 102B 301B 640B ,,R,D,B ,F ,T,S,C,100,0,0,0,,,1766534,5813672
Waikato District,23/32/11.784,, ,I,MANUKAU ROAD,201434654,30/03/2014,Sun,2000,DB,CS2,133A 420A ,,M,D,DO,F ,T,G,C,50,0,0,0,,,1765446,5814254
Waikato District,26/1/1.238,1000,S, ,LISSETTE ROAD,201418711,07/12/2014,Sun,1245,GD,4S1C,103A 112A 181A 331A 927 ,,R,D,B ,F ,D, ,C,80,0,2,1,,,1806314,5815012
Waikato District,26/1/1.638,600,S, ,LISSETTE ROAD,201412832,21/01/2014,Tue,2140,CB,CN1,103A 112A 130A ,C,R,D,DN,F , , ,C,100,0,1,0,,,1806616,5815274
Waikato District,26/1/2.048,190,S, ,RUAKURA ROAD,201413277,16/06/2014,Mon,1740,EC,CE1,911,W,R,W,TN,F , ,N,C,80,0,0,1,,,1806926,5815543
Waikato District,26/1/2.238,, ,I,RUAKURA ROAD,201441161,19/05/2014,Mon,1210,FB,CS1C,181A ,,R,D,BF,F ,X,S,C,50,0,0,0,,,1807070,5815667
Waikato District,26/1/2.646,2000,W, ,MARSHMEADOW ROAD,201450186,21/12/2014,Sun,1634,CB,VN1,130A 412A ,CV,R,D,B ,F , , ,L,80,0,0,0,,,1807398,5815910
Waikato District,26/1/3.238,1000,E, ,RUAKURA ROAD,201415237,22/05/2014,Thu,900,FD,4W1C,181A ,,R,D,BN,F , ,N,C,80,0,0,2,,,1807873,5816262
Waikato District,26/1/4.526,120,W, ,MARSHMEADOW ROAD,201432891,09/03/2014,Sun,1944,CA,CE1,410A ,F,R,D,TN,F , , ,C,100,0,0,0,,,1808991,5816495
Waikato District,26/1/4.596,50,W, ,SH 1B,201430520,21/01/2014,Tue,1707,EC,4W1,903,X,R,D,B ,FS, , ,C,100,0,0,0,,,1809055,5816466
Waikato District,26/1/4.646,, ,I,SH 1B MARSHMEADOW,201413634,26/05/2014,Mon,800,CB,CW1,130A 412A ,T,R,W,B ,F ,T,S,L,100,0,0,1,,,1809101,5816448
Waikato District,26/7/0,, ,I,HOEKA ROAD,201412156,24/04/2014,Thu,635,LB,CW1C,303B ,VV,R,D,O ,F ,T,G,C,100,0,0,2,,,1810192,5816079
Waikato District,26/7/0.35,350,N, ,SH 1B E,201437933,27/05/2014,Tue,1644,BE,VW14,125A 665A ,,R,D,B ,F , ,N,C,100,0,0,0,,,1810519,5815954
Waikato District,26/7/0.62,, ,I,BADGER CLOSE,201450727,21/11/2014,Fri,1728,JA,4W1C,302B 387B ,,E,D,OF,F ,T,G,C,100,0,0,0,,,1810775,5815868
Waikato District,26/7/1.951,600,E, ,PLATT ROAD,201438243,10/06/2014,Tue,2340,EC,TE1,912,W,R,W,DN,LS, ,N,C,100,0,0,0,,,1811860,5816461
Waikato District,26/7/3.051,1500,S, ,HINTON ROAD,201431045,16/02/2014,Sun,530,CC,CS1,410A ,,R,D,DN,F , ,N,C,100,0,0,0,,,1812222,5817500
Waikato District,26/7/4.391,160,S, ,HINTON ROAD,201410306,06/01/2014,Mon,1429,MB,CN1C,372B ,,R,D,BF,F , ,N,C,100,0,0,2,,,1812665,5818764
Waikato District,26/7/5.857,220,S, ,EUREKA ROAD,201416669,09/10/2014,Thu,2346,CC,ON1,130A 358A 407A ,F,R,D,DN,F , , ,C,100,0,0,1,,,1813636,5819848
Waikato District,26/7/7.366,240,E, ,FRIEDLANDER ROAD,201414502,17/05/2014,Sat,1550,DA,CW1,129A 134A ,E,E,D,B ,F , , ,C,100,0,0,1,,,1814744,5820855
Waikato District,26/7/8.256,, ,I,TAUWHARE ROAD,201433531,03/03/2014,Mon,641,DA,VS1,136A 665A ,,M,W,ON,L ,T,G,C,100,0,0,0,,,1815338,5821511
Waikato District,26/7/8.356,100,N, ,TAUWHARE ROAD,201410469,29/01/2014,Wed,915,CB,CN1,130A 358A ,F,R,D,B ,F , , ,L,100,0,0,1,,,1815347,5821610
Waikato District,26/7/8.656,400,N, ,TAUWHARE ROAD,201418628,08/12/2014,Mon,2335,CB,PS1,129A ,,R,D,DN,F , ,N,C,100,0,0,1,,,1815319,5821907
Waikato District,39/0/0.629,30,S, ,HAVELOCK ROAD S,201450421,30/11/2014,Sun,1925,DA,CS1,103A 129A ,EF,M,D,TN,F , ,N,C,100,0,0,0,,,1789943,5827877
Waikato District,39/0/1.303,1200,N, ,SAULBREY ROAD,201434332,06/03/2014,Thu,1757,CB,CS1,131A ,F,R,D,B ,F , , ,C,100,0,0,0,,,1789905,5827231
Waikato District,39/0/2.603,100,S, ,SAULBREY ROAD,201400051,09/03/2014,Sun,1450,BF,MN14,111A 131A 403A ,,M,D,BN,F , ,N,L,100,1,0,0,,,1789794,5826075
Waikato District,39/0/9.065,40,S, ,WESTVALE LANE,201448503,10/11/2014,Mon,1400,CB,CN1,501A ,FJ,R,D,BF,F , ,N,C,50,0,0,0,,,1789796,5821190
Waikato District,39/11/1.856,1000,N, ,BLACKETT ROAD,201415102,01/08/2014,Fri,1954,BE,CN1C,153A 197A ,F,R,D,DN,F , , ,C,100,0,1,1,,,1789551,5817566
Waikato District,39/18/1.437,100,S, ,WALSH ROAD,201414321,30/06/2014,Mon,1135,CB,CS1,129A 130A 407A 801 ,F,R,W,O ,L , , ,C,100,0,0,1,,,1790098,5813116
Waikato District,39/18/1.487,150,S, ,WALSH ROAD,201440161,14/06/2014,Sat,2151,DA,VS1,129A 134A 804 ,F,E,D,DN,F , ,N,C,100,0,0,0,,,1790084,5813069
Waikato District,39/18/1.574,900,W, ,HIGGINSON ROAD,201411599,08/02/2014,Sat,910,BB,CN1C,111A 131A ,,E,W,ON,L , ,N,C,100,0,0,2,,,1790055,5812987
Waikato District,39/18/1.737,400,S, ,WALSH ROAD,201417624,24/11/2014,Mon,602,DA,CN1,129A 410A ,PT,E,D,B ,F , ,N,C,100,0,0,1,,,1790010,5812830
Waikato District,39/18/2.274,200,N, ,HIGGINSON ROAD,201410242,20/01/2014,Mon,1030,DB,CS1,111A 131A ,F,E,W,O ,L , ,N,C,100,0,0,1,,,1789994,5812301
Waikato District,39/18/2.304,170,N, ,HIGGINSON ROAD,201445333,18/09/2014,Thu,656,DB,CS1,131A 330A ,F,S,W,O ,L , , ,C,100,0,0,0,,,1790011,5812277
Waikato District,39A/4/0.28,, ,I,DUCK ROAD,201450111,16/09/2014,Tue,1545,JA,4W1V,197A 301B 375B ,,R,D,B ,F ,X,S,P,80,0,0,0,,,1792200,5820386
Waimakariri District,ALBERT ST,, ,I,HIGH ST,201432657,08/02/2014,Sat,1245,LB,CE14,303B 375B ,,E,D,B ,F ,T,S,C,50,0,0,0,,,1567347,5205443
Waimakariri District,ASHLEY GORGE ROAD,, ,A,GLENTUI RIV BR,201400047,06/03/2014,Thu,2107,DA,ME1,101A 108A 111A 131A ,G,M, , N,  , , ,C,100,1,0,0,,,1542328,5213931
Waimakariri District,ASHLEY GORGE ROAD,260,N, ,KIMBERS ROAD,201413475,11/06/2014,Wed,2220,EC,CN1,101A 130A ,LT,R,W,DN,M , , ,C,100,0,1,0,,,1539565,5213623
Waimakariri District,ASHLEY GORGE ROAD,1400,W, ,KIMBERS ROAD,201437739,02/06/2014,Mon,1410,DB,CW1,135A 337A 802 ,V,E,I,B ,F , , ,C,100,0,0,0,,,1538021,5213613
Waimakariri District,ASHLEY GORGE ROAD,200,N, ,SALES ROAD,201417137,14/11/2014,Fri,2030,DA,CS1C,104A 111A 131A ,HMS,E,D,DN,F , , ,C,100,0,0,2,,,1534526,5208342
Waimakariri District,ASHLEY ST,100,S, ,BLACKETT ST,201435838,18/03/2014,Tue,934,DA,4S1CCV,129A 131A 926 ,K,R,D,OF,F ,D,N,P,50,0,0,0,,,1567231,5205525
Waimakariri District,ASHLEY ST,40,N, ,COLDSTREAM ROAD,201445989,13/10/2014,Mon,1540,GB,SN1C,372B 929 ,,R,D,B ,F ,D,N,C,50,0,0,0,,,1567010,5206724
Waimakariri District,ASHLEY ST,50,N, ,HIGH ST,201430240,23/01/2014,Thu,1629,MC,4N1C,372B ,,R,D,O ,F , , ,P,50,0,0,0,,,1567240,5205476
Waimakariri District,BAY ROAD,1000,N, ,WILSONS ROAD,201448877,30/11/2014,Sun,1725,CC,CN1,110A 138A ,F,R,D,O ,F , , ,N,100,0,0,0,,,1533733,5207899
Waimakariri District,BEACH ROAD,150,E, ,FERRY ROAD,201417206,02/11/2014,Sun,1800,DA,CE1,111A 131A 632A ,S,M,D,B ,F , , ,C,100,0,1,0,,,1574374,5196864
Waimakariri District,BLACKETT ST,40,W, ,ASHLEY ST,201434840,02/04/2014,Wed,1515,GA,VW1C,331A 358A 925 ,,R,D,BF,F ,D,N,C,50,0,0,0,,,1567161,5205630
Waimakariri District,BLACKETT ST,30,E, ,AYERS ST,201443690,03/09/2014,Wed,1425,EA,CW1C,129A 352A ,M,R,D,B ,F , , ,C,50,0,0,0,,,1566517,5205525
Waimakariri District,BLACKETT ST,, ,I,GOOD ST,201413564,03/06/2014,Tue,1544,HA,CE1S,301B ,,R,D,O ,F ,X,S,C,50,0,0,1,,85,1567078,5205616
Waimakariri District,BLACKETT ST,, ,I,KING ST,201440749,12/07/2014,Sat,1310,HA,CW1S,302A ,,E,D,B ,F ,R,G,R,50,0,0,0,,,1566741,5205564
Waimakariri District,BOUNDARY ROAD,450,E, ,OXFORD ROAD,201447074,24/07/2014,Thu,2020,CC,CE1,137A ,GZ,R,D,DN,FF, ,N,R,100,0,0,0,,,1556003,5204221
Waimakariri District,BOWIE DRIVE,, ,I,WELSFORD ST,201432598,08/03/2014,Sat,1130,DC,CS1,123A 357A ,FT,E,D,B ,F ,T,G,C,50,0,0,0,,,1572613,5203708
Waimakariri District,BOYS ROAD,, ,I,NORTHBROOK ROAD,201411687,17/03/2014,Mon,1032,LB,VN1C,303B 375B ,,E,D,BF,F ,T,G,C,100,0,0,2,,,1569636,5204412