TLANAME,CRASHROAD,CRASHDIST,CRASHDIRN,INTSN,SIDEROAD,CRASHID,CRASHDATE,CRASHDOW,CRASHTIME,MVMT,VEHICLES,CAUSES,OBJECTSSTRUCK,ROADCURVE,ROADWET,LIGHT,WTHRa,JUNCTYPE,TRAFCTRL,ROADMARK,SPDLIM,CRASHFATALCNT,CRASHSEVCNT,CRASHMINCNT,PERSAGE1,PERSAGE2,EASTING,NORTHING
Waimakariri District,BOYS ROAD,100,W, ,TUAHIWI ROAD,201446108,04/10/2014,Sat,900,CC,40,101A 130A 358A ,FST,R,D,B ,F , , ,C,100,0,0,0,,,1570305,5204888
Waimakariri District,BROAD ROAD,, ,I,UPPER SEFTON ROAD,201448107,22/11/2014,Sat,757,HA,CN2C,321B 402B ,,R,D,B ,F ,X,S,C,100,0,0,0,,,1574846,5213390
Waimakariri District,BURT ST,10,W, ,ALBERT ST,201448938,25/10/2014,Sat,1030,FD,4E1C,181A ,,R,D,O ,F ,T,G,C,50,0,0,0,,,1567311,5205581
Waimakariri District,CARRS ROAD,, ,I,WALLERS ROAD,201431389,02/03/2014,Sun,1430,DA,CE2,131A 433A ,V,E,D,BF,F ,T,N,C,100,0,0,0,,,1564685,5210786
Waimakariri District,CONES ROAD,280,N, ,MILLTON AVENUE,201414644,23/07/2014,Wed,1640,FA,VS1V,181A 331A 817 928 ,,R,D,B ,F ,D, ,L,100,0,0,2,,,1566263,5207904
Waimakariri District,CUMBERLAND PLACE,100,S, ,FAIRWEATHER CRESCENT,201446676,01/11/2014,Sat,1815,MA,CN1C,371B 402B ,,E,D,B ,F , , ,N,50,0,0,0,,,1571147,5195293
Waimakariri District,CUST ROAD,650,W, ,TALLOTTS ROAD,201410777,27/02/2014,Thu,1432,DA,MW1,130A 501A ,,E,D,B ,F , ,N,C,100,0,1,0,,,1551310,5204912
Waimakariri District,DEPOT ROAD,1000,S, ,BROWNS ROCK ROAD,201413152,08/05/2014,Thu,651,CB,CS1,112A 130A 337A 817 904 ,T,R,D,DN,M , , ,N,100,0,0,1,,,1529117,5202810
Waimakariri District,DEPOT ROAD,1200,N, ,WOODSTOCK ROAD,201450594,08/12/2014,Mon,2205,CA,4N1,129A 130A ,G,R,D,DN,F , , ,N,100,0,0,0,,,1532405,5205243
Waimakariri District,DIXONS ROAD,50,E, ,BARKERS ROAD,201412623,22/02/2014,Sat,830,JA,ME14,308B 375B 926 ,,R,D,BN,F ,D,N,C,100,0,1,0,,,1563306,5209402
Waimakariri District,DIXONS ROAD,150,E, ,FLETCHERS ROAD,201417166,19/11/2014,Wed,2200,CA,CW1,130A 803 905 ,T,R,I,DN,HS, , ,L,100,0,0,2,,,1564479,5209335
Waimakariri District,DOWNS ROAD,20,N, ,HUNTER ROAD,201442856,10/08/2014,Sun,1342,CB,CN1,130A 631A ,P,R,D,O ,F , ,N,N,100,0,0,0,,,1548163,5191706
Waimakariri District,EAST BELT,150,S, ,COLDSTREAM ROAD,201417204,18/10/2014,Sat,1339,DB,CN1,103A 111A 131A 402A ,FT,E,D,O ,F , , ,C,50,0,0,1,,,1567395,5206602
Waimakariri District,EAST BELT,, ,I,COLDSTREAM ROAD,201412990,11/05/2014,Sun,1230,HA,CN14,321A 402A ,,R,D,B ,F ,X,S,C,50,0,0,2,,,1567368,5206749
Waimakariri District,EAST BELT,, ,I,KIPPENBERGER AVENUE,201431970,12/02/2014,Wed,1245,FB,CN1C,331A 387A ,,R,D,BF,F ,X,S,N,50,0,0,0,,,1567597,5205489
Waimakariri District,FAWCETTS ROAD,, ,I,MAX WALLACE DRIVE,201443608,04/09/2014,Thu,1814,GD,4E1C,331A ,,R,D,DN,F ,T,G,C,80,0,0,0,,,1566431,5208631
Waimakariri District,FERNSIDE ROAD,200,E, ,FLAXTON ROAD,201450004,27/12/2014,Sat,2152,CB,CW1,506A 512A ,PS,R,D,DN,F , , ,C,100,0,0,0,,,1567919,5201319
Waimakariri District,FERNSIDE ROAD,860,W, ,SH 71,201446370,24/09/2014,Wed,1520,CC,VE1,129A 130A 358A ,P,R,D,BN,F , ,N,C,100,0,0,0,,,1568112,5201237
Waimakariri District,FERNSIDE ROAD,100,W, ,TOWNSEND ROAD,201444481,17/09/2014,Wed,1155,MA,TN14,130A 197A 330B 373B ,F,R,D,B ,F , , ,C,100,0,0,0,,,1566327,5202512
Waimakariri District,FISHERS ROAD,, ,I,STONYFLAT ROAD,201448778,25/11/2014,Tue,1523,DA,TE1,129A 131A ,,M,W,O ,F ,T,G,C,100,0,0,0,,,1559971,5211497
Waimakariri District,FORESTRY ROAD,300,W, ,BARRON AVENUE,201411883,23/03/2014,Sun,1514,CB,CE1,132A ,V,R,D,BN,F , ,N,N,100,0,0,2,,,1566484,5212014
Waimakariri District,FORESTRY ROAD,240,E, ,GORRIES ROAD,201436310,06/04/2014,Sun,1020,MC,CE1C,372B ,,R,D,ON,F , ,N,N,100,0,0,0,,,1567020,5211951
Waimakariri District,GOOD ST,60,N, ,BLACKETT ST,201431471,24/02/2014,Mon,1306,CA,CN1CC,130A 403A ,M,R,D,BF,F , ,N,N,50,0,0,0,,,1567067,5205675
Waimakariri District,GRESSONS ROAD,730,N, ,WAIORA LANE,201414948,27/06/2014,Fri,1730,LB,CE1C,303B 375B 929 ,,R,D,DN,F ,D,N,C,100,0,0,1,,,1571452,5205929
Waimakariri District,HAREWOOD ROAD,200,S, ,SOUTH EYRE ROAD,201412040,20/03/2014,Thu,1405,CB,CS1,129A 138A ,,R,D,O ,F , ,N, ,100,0,0,1,,,1542306,5199012
Waimakariri District,HAYLAND ROAD,760,S, ,FORESTDALE ROAD,201414296,10/08/2014,Sun,1600,CB,MS1,129A 350A ,,R,D,B ,F , ,N,N,100,0,0,1,,,1546204,5216474
Waimakariri District,HIGH ST,, ,I,ALBERT ST,201440705,27/06/2014,Fri,1400,LB,CE1C,303B ,,R,D,O ,F ,T,S,C,50,0,0,0,,,1567347,5205443
Waimakariri District,HIGH ST,100,E, ,KING ST,201430123,29/01/2014,Wed,1000,EE,CW1C,374B ,M,R,D,B ,F , , ,N,50,0,0,0,,,1566890,5205361
Waimakariri District,HIGH ST,80,S, ,QUEEN ST,201432591,13/02/2014,Thu,1320,MD,VS1V,371B 377B 839 927 ,,R,D,B ,F , ,N,C,50,0,0,0,,,1534786,5206848
Waimakariri District,HIGH ST,50,E, ,VICTORIA ST,201417134,08/11/2014,Sat,1205,EE,SE14,374B ,Q,R,D,B ,F , , ,N,50,0,1,0,,53,1567216,5205420
Waimakariri District,HIGH ST,50,W, ,VICTORIA ST,201440753,12/07/2014,Sat,1808,MO,CE1,130A 423A ,H,R,D,DO,F , , ,N,50,0,0,0,,,1567118,5205402
Waimakariri District,HIGH ST,, ,I,WEST BELT,201411850,06/03/2014,Thu,1040,HA,CN1C,301A 375A ,,R,D,BF,F ,X,S,C,50,0,0,1,,,1565900,5205180
Waimakariri District,HIGH ST,, ,I,WEST BELT,201438265,14/06/2014,Sat,951,KA,4E1V,301B 377B ,,R,D,BF,F ,X,S,C,50,0,0,0,,,1565900,5205180
Waimakariri District,ISLAND ROAD,, ,I,GILES ROAD,201416730,06/09/2014,Sat,930,HA,CS1V,321B ,,R,D,B ,F ,X,S,C,70,0,1,2,,,1570757,5196380
Waimakariri District,ISLAND ROAD,, ,I,TRAM ROAD,201418500,01/12/2014,Mon,1455,KA,CE1C,301B 377B ,,R,D,BF,F ,X,S,C,100,0,0,1,,,1569857,5194028
Waimakariri District,IVORY ST,15,S, ,HIGH ST,201433829,27/02/2014,Thu,1710,BB,VS1C,129A ,,M,D,B ,F , , ,R,50,0,0,0,,,1567292,5205419
Waimakariri District,IVORY ST,40,N, ,NORTHBROOK ROAD,201415378,20/08/2014,Wed,1530,JA,VS1S,308B 375B 929 ,,R,D,B ,F ,D,N,C,50,0,0,2,,58,1567433,5204660
Waimakariri District,IVORY ST,, ,I,NORTHBROOK ROAD,201410218,20/01/2014,Mon,1520,LB,TS1C,303B 382B ,,E,D,O ,F ,T,G,C,50,0,0,1,,,1567441,5204621
Waimakariri District,JOHNS ROAD,, ,I,MOUNT THOMAS ROAD,201447791,25/10/2014,Sat,54,CB,40,103A 108A 130A ,FP,R,D,DN,F ,T,G,N,100,0,0,0,,,1563463,5203891
Waimakariri District,JOHNS ROAD,100,W, ,OROARKES ROAD,201436088,01/06/2014,Sun,,CC,40,103A 130A ,T,R,I,DN,FF, ,N,C,100,0,0,0,,,1562274,5203677
Waimakariri District,JOHNS ROAD,100,W, ,SEQUOIA WAY,201416755,08/09/2014,Mon,735,PE,4E1E,129A 363A 370A 402A 902 ,X,R,D,B ,F , , ,C,50,0,0,1,64,,1565636,5204290
Waimakariri District,JOHNS ROAD,200,W, ,TREFFERS AVENUE,201450035,25/12/2014,Thu,2230,EA,4E1C,410A ,M,R,D,DO,F , , ,N,50,0,0,0,,,1566175,5204392
Waimakariri District,JOHNS ROAD,10,W, ,WEST BELT,201449716,16/08/2014,Sat,1607,EA,CE14,129A 501A ,KM,R,D,B ,F ,T,N,C,50,0,0,0,,,1566038,5204363
Waimakariri District,KING ST,90,S, ,BLACKETT ST,201446092,07/09/2014,Sun,1130,MC,CS1C,191A 330B 372B ,,R,D,B ,F , , ,P,50,0,0,0,,,1566769,5205468
Waimakariri District,KING ST,, ,I,BLACKETT ST,201412934,13/05/2014,Tue,1530,HA,CN1S,302A ,,M,W,O ,L ,R,G,R,50,0,0,1,,16,1566749,5205576
Waimakariri District,KING ST,, ,I,JOHNS ROAD,201436183,17/04/2014,Thu,834,HA,TW2C,302A 402B 801 ,,M,W,O ,L ,R,G,R,50,0,0,0,,,1566878,5204522
Waimakariri District,KING ST,, ,I,QUEEN ST,201416641,14/10/2014,Tue,857,HA,CS1S,302A 375A ,,E,D,O ,F ,R,G,R,50,0,0,1,,27,1566837,5205093
Waimakariri District,KINGS AVENUE,150,N, ,ALLIN DRIVE,201416365,03/06/2014,Tue,1934,NA,CS1E,402A 711B 724B ,,R,D,DO,F , ,N,N,50,0,1,0,17,,1576437,5207618
Waimakariri District,KINGSBURY AVENUE,100,E, ,KING ST,201432148,08/02/2014,Sat,2200,EA,CW14,129A 352A ,M,R,D,DO,F , ,N,N,50,0,0,0,,,1566734,5206260
Waimakariri District,KIPPENBERGER AVENUE,, ,I,DEVLIN AVENUE,201412591,01/01/2014,Wed,2300,DC,CN2,103A 112A 335A ,F,R,D,DO,F ,T,G,C,50,0,0,1,,,1568579,5205669
Waimakariri District,KIPPENBERGER AVENUE,10,W, ,WATKINS PLACE,201410170,15/01/2014,Wed,950,CB,CE1,501A ,T,R,D,B ,F ,T,N,C,50,0,0,1,,,1567962,5205556
Waimakariri District,LEES VALLEY ROAD,500,N, ,ASHLEY GORGE ROAD,201445448,02/10/2014,Thu,1548,BB,CN1C,123A ,,M,D,B ,F , , ,N,100,0,0,0,,,1535841,5211812
Waimakariri District,LIBBY DRIVE,, ,I,WARDS ROAD,201433513,05/02/2014,Wed,1800,JA,CN1T,301B 375B ,,R,W,OF,L ,T,S,C,100,0,0,0,,,1561897,5197476
Waimakariri District,LINESIDE ROAD,100,N, ,RAILWAY ROAD,201437703,13/05/2014,Tue,1610,MA,CS14,350B 373B ,,R,W,OF,L , , ,C,50,0,0,0,,,1567589,5202801
Waimakariri District,LOBURN TERRACE ROAD,150,N, ,BRADYS ROAD,201418438,16/12/2014,Tue,2017,CB,CS1,138A ,,R,D,B ,F , , ,N,100,0,0,1,,,1559693,5216847
Waimakariri District,LOBURN WHITEROCK ROAD,50,S, ,BARWELLS ROAD,201412444,13/04/2014,Sun,800,CC,CS1,116A 135A 804 ,P,R,D,B ,F , , ,N,100,0,0,1,,,1561897,5212516
Waimakariri District,LOBURN WHITEROCK ROAD,380,N, ,GLENBRAE PLACE,201440171,07/06/2014,Sat,1410,BF,4N1C,134A 620A 630A ,F,E,W,O ,F , ,N,C,80,0,0,0,,,1563135,5210040
Waimakariri District,MACDONALDS LANE,50,W, ,SH 1S,201417888,27/11/2014,Thu,1315,DA,CW1,423A 507A 929 ,F,R,D,B ,F ,D, ,C,50,0,0,1,,,1574367,5206676
Waimakariri District,MAIN NORTH ROAD,140,N, ,HOLLAND DRIVE,201448878,01/12/2014,Mon,1413,EA,CN1V,129A 501A ,M,R,D,B ,F , , ,C,50,0,0,0,,,1571817,5195397
Waimakariri District,MAIN NORTH ROAD,120,N, ,TRAM ROAD,201416697,12/10/2014,Sun,2120,DB,MN1,103A 131A 402A 804 ,,E,D,DO,F , , ,P,80,0,1,0,,,1571432,5193978
Waimakariri District,MAIN NORTH ROAD,, ,I,TRAM ROAD,201443777,10/06/2014,Tue,1745,LB,CN1CCC,303B ,,R,W,DO,L ,T,G,C,80,0,0,0,,,1571478,5193868
Waimakariri District,MAIN NORTH ROAD,, ,I,TRAM ROAD,201413151,08/05/2014,Thu,640,LB,CN1C4,303B 370B ,,R,W,DO,F ,T,G,R,80,0,0,1,,,1571478,5193868
Waimakariri District,MAIN ST,, ,I,BURNETT ST,201412693,05/04/2014,Sat,200,DC,MS2,101A 113A 132A ,HX,R,D,DO,F ,T,G,C,50,0,0,1,,,1534659,5205812
Waimakariri District,MARSHMANS ROAD,250,S, ,BRUERES ROAD,201412420,28/02/2014,Fri,2330,DA,CN1,101A 111A 131A ,C,E,D,DN,F , , ,C,100,0,1,0,,,1571044,5214265
Waimakariri District,MARSHMANS ROAD,, ,I,UPPER SEFTON ROAD,201447772,12/11/2014,Wed,1545,HA,4S2C,301B 375B ,FP,R,D,O ,F ,X,S,C,80,0,0,0,,,1567370,5208647
Waimakariri District,MCJARROWS ROAD,360,E, ,HORNS ROAD,201443616,05/08/2014,Tue,1045,DA,CE1,129A 131A ,G,M,D,B ,F , , ,C,100,0,0,0,,,1538356,5208035
Waimakariri District,MILL ROAD,150,N, ,CUST ROAD,201410610,08/02/2014,Sat,1700,CB,CS1,112A 132A ,FS,R,D,B ,F , ,N,C,100,0,0,2,,,1549187,5204493
Waimakariri District,MILL ROAD,, ,I,TERRACE ROAD,201414852,21/06/2014,Sat,1526,DA,ME2,135A 802 ,,R,I,BN,F ,T,N,C,100,0,0,1,,,1549179,5206381
Waimakariri District,NORTH EYRE ROAD,, ,I,EARLYS ROAD,201439072,19/06/2014,Thu,1634,DA,CS24,103A 130A ,,R,D,ON,F ,X,G,C,100,0,0,0,,,1549885,5199664
Waimakariri District,NORTHBROOK ROAD,, ,I,VICTORIA ST,201436008,15/04/2014,Tue,1523,JA,CN1C,301B 387B ,,M,D,OF,F ,T,S,C,50,0,0,0,,,1567317,5204598
Waimakariri District,OHOKA OFF RAMP SBD,25,W, ,OHOKA ROAD,201411932,01/01/2014,Wed,320,DB,CS1,104A 111A 131A ,G,S,D,DO,F , ,N,R,50,0,0,2,,,1570997,5196310
Waimakariri District,OHOKA ON RAMP SBD,, ,I,OHOKA ROAD OVERPASS,201441612,10/08/2014,Sun,1145,MG,CE2C,371B ,,R,D,B ,F ,T,G,R,70,0,0,0,,,1571001,5196205
Waimakariri District,OHOKA ROAD,, ,I,ROBERT COUP ROAD,201441446,15/07/2014,Tue,1050,JA,CW14,302B 375B ,,E,D,O ,F ,X,G,R,50,0,0,0,,,1571200,5196190
Waimakariri District,OHOKA ROAD,10,E, ,WHITEFIELD ST,201437802,29/05/2014,Thu,1820,MB,CE14,372B ,,R,D,DO,F ,T,N,C,50,0,0,0,,,1571070,5196275
Waimakariri District,OHOKA ROAD,, ,I,WILLIAMS ST,201413247,28/05/2014,Wed,1710,NB,VW1OE,711C ,,R,D,TF,F ,R,G,R,50,0,0,1,,,1572013,5195961
Waimakariri District,OHOKA ROAD OVERPASS,50,E, ,ISLAND ROAD,201416240,26/09/2014,Fri,1,CC,CW1,130A 402A 514A ,B,R,D,DO,F , , ,R,50,0,0,1,,,1570773,5196276
Waimakariri District,OHOKA ROAD OVERPASS,, ,I,OHOKA OFF RAMP NBD,201414970,04/07/2014,Fri,1630,JA,CW1C,301B 375B ,,R,D,BF,F ,T,S,R,70,0,0,1,,,1570883,5196241
Waimakariri District,OHOKA ROAD OVERPASS,, ,I,OHOKA OFF RAMP NBD,201410423,25/01/2014,Sat,1520,LB,CW1C,303B ,,R,D,B ,F ,T,S,R,70,0,0,1,,,1570883,5196241
Waimakariri District,OHOKA ROAD OVERPASS,, ,I,OHOKA OFF RAMP NBD,201410930,07/02/2014,Fri,715,JA,VW1V,301B 375B ,,R,D,OF,F ,T,S,R,70,0,0,2,,,1570883,5196241
Waimakariri District,OXFORD ROAD,2130,E, ,BOUNDARY ROAD,201434861,30/03/2014,Sun,1214,CB,CW1,136A 631A ,FV,R,D,BN,F , ,N,C,100,0,0,0,,,1557751,5204347
Waimakariri District,OXFORD ROAD,, ,I,BOUNDARY ROAD,201410932,18/02/2014,Tue,1712,GD,CE1V,331A 353A 692A ,,R,D,BF,F ,T,G,C,100,0,0,1,,,1555639,5204487
Waimakariri District,OXFORD ROAD,, ,I,MERTON ROAD,201416791,03/10/2014,Fri,2005,HA,TW1C,103B 301B ,,E,W,DN,L ,X,S,C,100,0,0,1,,,1563826,5204800
Waimakariri District,OXFORD ROAD,1200,W, ,POYNTZS ROAD,201446745,11/10/2014,Sat,800,CB,CW1,505A 510A ,V,R,D,B ,F , ,N,C,100,0,0,0,,,1546154,5204575
Waimakariri District,OXFORD ROAD,, ,I,POYNTZS ROAD,201415589,22/08/2014,Fri,1530,CC,CE1,129A 134A 351A ,BV,R,D,B ,F ,T,G,C,100,0,0,3,,,1547347,5204461
Waimakariri District,PEGASUS BOULEVARD,10,W, ,KESSEN ST,201432149,04/02/2014,Tue,1820,CB,CE1,130A 415A ,RT,R,D,B ,F ,X,G,C,50,0,0,0,,,1574864,5204006
Waimakariri District,PEGASUS BOULEVARD,, ,I,MAPLEHAM DRIVE,201450466,10/12/2014,Wed,740,DA,CE1,111A 131A ,P,M,W,OF,L ,R,G,R,70,0,0,0,,,1574185,5204284
Waimakariri District,PERCIVAL ST,, ,I,JOHNS ROAD,201434998,03/04/2014,Thu,1455,HA,4S2C,302B 351B ,,R,D,ON,F ,X,G,C,50,0,0,0,,,1567247,5204435
Waimakariri District,PLASKETT ROAD,, ,I,JOHNS ROAD,201435697,17/04/2014,Thu,1753,JC,VW2C,321A 350A 901 903 ,,R,W,DO,HS,X,S,C,80,0,0,0,,,1563975,5203985
Waimakariri District,PLASKETT ROAD,, ,I,JOHNS ROAD,201439073,19/06/2014,Thu,2150,DA,CS1,330A ,S,R,D,DN,F ,X,S,R,80,0,0,0,,,1563975,5203985
Waimakariri District,RANGIORA WOODEND ROAD,300,N, ,BOYS ROAD,201449776,14/12/2014,Sun,736,GE,CN1T,157A 160A 926 ,FV,R,D,B ,F ,D,N,C,100,0,0,0,,,1570122,5205087
Waimakariri District,RANGIORA WOODEND ROAD,300,N, ,BOYS ROAD,201441463,27/05/2014,Tue,1702,CC,CN1,130A 504A ,PV,R,D,TN,F , ,N,C,100,0,0,0,,,1570122,5205087
Waimakariri District,RANGIORA WOODEND ROAD,, ,I,BOYS ROAD,201418439,09/12/2014,Tue,2345,DA,4S1,111A 131A 402A 524A 801 ,V,S,W,DO,L ,M,S,C,100,0,0,1,,,1570387,5204946
Waimakariri District,RANGIORA WOODEND ROAD,50,N, ,OKAIHAU ROAD,201434077,17/04/2014,Thu,2350,DB,CN1,103A 110A ,T,M,W,DN,H , ,N,C,100,0,0,0,,,1571540,5204336
Waimakariri District,RANGIORA WOODEND ROAD,, ,I,OKAIHAU ROAD,201431152,26/01/2014,Sun,615,DA,CS1,103A 110A ,T,E,W,DN,F ,T,N,C,100,0,0,0,,,1571577,5204303
Waimakariri District,RANGIORA WOODEND ROAD,, ,I,TUAHIWI ROAD,201430357,09/01/2014,Thu,1715,GD,CE1C,331A 358A ,,R,D,B ,F ,M,S,L,100,0,0,0,,,1570387,5204946
Waimakariri District,RAVEN QUAY,50,E, ,COURTENAY DRIVE,201440890,24/07/2014,Thu,1720,MO,40,371A ,F,E,W,TN,FF, , ,N,50,0,0,0,,,1572534,5196286
Waimakariri District,ROBERT COUP ROAD,, ,I,GLENVALE DRIVE,201447676,12/11/2014,Wed,1015,LB,VN1C,303B 375B ,,R,D,BF,F ,T,N,C,50,0,0,0,,,1571141,5195969
Waimakariri District,ROTTEN ROW,100,N, ,BEACH CRESCENT,201441624,03/08/2014,Sun,910,MA,CS14,357B 512B ,,R,D,B ,F , , ,N,50,0,0,0,,,1577207,5207517
Waimakariri District,SEWELL ST,20,N, ,WILLIAMS ST,201451009,27/12/2014,Sat,1845,CB,CN1,103A 129A ,F,R,D,BF,F , ,N,C,50,0,0,0,,,1572415,5196801
Waimakariri District,SH 1S,400,N, ,LYALL ROAD,201450969,30/10/2014,Thu,420,FD,VN1O,181A ,,R,D,DN,F , ,N,C,100,0,0,0,,,,
Waimakariri District,SKEWBRIDGE ROAD,60,N, ,MAIN DRAIN ROAD,201432206,21/01/2014,Tue,1035,DA,CS1,131A 801 ,G,E,W,O ,L , , ,C,100,0,0,0,,,1569961,5197900
Waimakariri District,SMITH ST,15,E, ,CAM ON RAMP SBD E,201437740,03/06/2014,Tue,848,MC,4E1C,355B 372B ,,R,D,B ,F , , ,R,80,0,0,0,,,1571500,5197481
Waimakariri District,SMITH ST,, ,I,CHARLES ST,201412716,17/04/2014,Thu,1250,HA,4N2T,301A 375A ,,R,W,OF,H ,X,S,C,50,0,0,3,,,1572163,5197160
Waimakariri District,SOUTH BELT,, ,I,KING ST,201434858,24/03/2014,Mon,655,LB,400000000000000,303B 375B ,,R,D,BF,F ,T,G,C,50,0,0,0,,,1567071,5203740
Waimakariri District,SOUTH BELT,30,E, ,NEWNHAM ST,201442790,07/07/2014,Mon,2140,MO,CW1C,350A 371A ,M,R,D,DO,FF, ,N,C,50,0,0,0,,,1567505,5203819
Waimakariri District,SOUTH EYRE ROAD,, ,I,CLOTHIERS ROAD,201445985,24/10/2014,Fri,1628,AD,CW1,101A 112A 205A ,P,R,D,B ,F ,T,G,C,100,0,0,0,,,1563313,5192963
Waimakariri District,SOUTH EYRE ROAD,90,E, ,DIVERSION ROAD,201440750,27/07/2014,Sun,1715,BA,CW1C,302A 310A ,,R,D,TN,F , ,G,N,100,0,0,0,,,1560677,5193207
Waimakariri District,SOUTH EYRE ROAD,200,E, ,DOMAIN ROAD,201445984,12/10/2014,Sun,548,EC,TW1,912,W,R,W,DN,M , , ,C,100,0,0,0,,,1533811,5201988
Waimakariri District,SOUTH EYRE ROAD,, ,I,DOMAIN ROAD,201436009,15/04/2014,Tue,1145,HA,CE14,302B 353B 375B ,,R,D,BN,F ,X,G,C,100,0,0,0,,,1533622,5202053
Waimakariri District,SOUTH EYRE ROAD,, ,I,DOWNS ROAD,201433953,28/03/2014,Fri,800,GE,VE1T,157A 144B ,,R,D,B ,F ,X,G,C,100,0,0,0,,,1548902,5196847
Waimakariri District,SOUTH EYRE ROAD,270,W, ,ISAAC ROAD,201414947,24/06/2014,Tue,1740,MD,CS1T,308B 929 ,,R,D,DN,F ,D,N,C,100,0,0,1,,,1551864,5195839
Waimakariri District,SOUTH EYRE ROAD,1690,W, ,ISAAC ROAD,201414102,05/06/2014,Thu,650,CB,CE1,135A 802 ,T,R,I,DN,FF, ,N,C,100,0,0,1,,,1550519,5196295
Waimakariri District,SOUTH EYRE ROAD,800,W, ,MABERS ROAD,201400096,30/04/2014,Wed,800,CC,CE1,130A 811 ,T,R,D,B ,F , , ,C,100,1,0,0,,,1567609,5193404
Waimakariri District,SOUTH EYRE ROAD,880,E, ,PESTERS ROAD,201437743,04/06/2014,Wed,2115,CC,TW1,135A 802 ,T,R,I,DN,MF, , ,C,100,0,0,0,,,1546538,5197653
Waimakariri District,SOUTH EYRE ROAD,400,E, ,POYNTZS ROAD,201414315,05/06/2014,Thu,600,CB,VE1,135A 802 ,TX,R,I,DN,FF, , ,C,100,0,1,0,,,1544250,5198429
Waimakariri District,SOUTHBROOK ROAD,100,N, ,TODDS ROAD,201414136,10/06/2014,Tue,630,FD,VS1V,181A ,,R,W,DO,H , ,N,C,50,0,0,1,,,1567457,5203055
Waimakariri District,STONYFLAT ROAD,, ,I,FISHERS ROAD,201448096,28/11/2014,Fri,1900,DA,CE2,131A 804 ,F,M,W,O ,L ,T,G,L,100,0,0,0,,,1559971,5211497
Waimakariri District,SUMMERHILL ROAD,110,N, ,CONWAYS ROAD,201412766,19/04/2014,Sat,1640,DA,MS1,135A 804 ,,M,D,ON,F , ,N,C,100,0,1,0,,,1548227,5207374
Waimakariri District,TAUNTON PLACE,10,S, ,LUDLOW LANE,201435702,31/03/2014,Mon,1200,EA,VS1C,129A 355A ,M,M,D,B ,F ,T,G,N,50,0,0,0,,,1565520,5206225
Waimakariri District,THONGCASTER ROAD,110,E, ,ROLLER ROAD,201413951,31/05/2014,Sat,2140,CC,CW1,134A 433A ,P,R,W,DN,F , ,N,N,100,0,0,3,,,1531361,5194241
Waimakariri District,TOWNSEND ROAD,150,W, ,SOUTH BELT,201447684,16/11/2014,Sun,1340,DB,CW1,111A 131A ,V,S,D,BN,F , ,N,L,50,0,0,0,,,1566213,5203588
Waimakariri District,TRAFALGAR ST,, ,A,RIVERVIEW ST,201437467,01/06/2014,Sun,1000,EA,CE2C,130A 363A 402A 902 ,M,M,D,B ,F , , ,N,50,0,0,0,,,1566736,5206983
Waimakariri District,TRAM OFF RAMP NBD,, ,I,TRAM ROAD,201443703,12/09/2014,Fri,1433,JA,CW1C,301B ,,E,D,B ,F ,T,S,C,100,0,0,0,,,1571166,5193799
Waimakariri District,TRAM ROAD,300,W, ,BURGESSES ROAD,201410492,19/02/2014,Wed,710,FO,CE1S,129A 150A 370A ,,R,D,B ,F , , ,C,100,0,0,1,,44,1567763,5195094
Waimakariri District,TRAM ROAD,20,W, ,GILES ROAD,201434780,17/04/2014,Thu,1735,DA,CE1,101A 108A 111A 135A 801 ,F,M,W,DO,H , ,N,C,100,0,0,0,,,1568808,5194373
Waimakariri District,TRAM ROAD,200,W, ,GILES ROAD,201431394,28/02/2014,Fri,2045,CC,CW1,103A ,F,R,W,DO,L , ,N,C,100,0,0,0,,,1568665,5194483
Waimakariri District,TRAM ROAD,50,W, ,GREIGS DRAIN ROAD E,201415805,03/09/2014,Wed,1200,DA,CW1,131A ,F,E,D,O ,F , , ,C,100,0,0,1,,,1570849,5193755
Waimakariri District,TRAM ROAD,, ,I,GREIGS DRAIN ROAD E,201418823,14/12/2014,Sun,1640,QG,CS1,532A 682A ,,M,D,BF,F ,T,N,C,100,0,1,0,,,1570896,5193739
Waimakariri District,TRAM ROAD,50,E, ,HOWSONS ROAD,201444782,23/09/2014,Tue,1800,FA,4W1C,103A 112A ,,R,D,TN,F , ,N,C,100,0,0,0,,,1547963,5202080
Waimakariri District,TRAM ROAD,40,W, ,JACKSONS ROAD,201412044,20/03/2014,Thu,925,CB,CE1,129A 134A ,T,R,D,B ,F , ,N,C,100,0,0,1,,,1565504,5195814
Waimakariri District,TRAM ROAD,300,W, ,JACKSONS ROAD,201433812,04/04/2014,Fri,845,CC,CE1,410A ,SX,R,D,O ,F , , ,C,100,0,0,0,,,1565259,5195901