TLANAME,CRASHROAD,CRASHDIST,CRASHDIRN,INTSN,SIDEROAD,CRASHID,CRASHDATE,CRASHDOW,CRASHTIME,MVMT,VEHICLES,CAUSES,OBJECTSSTRUCK,ROADCURVE,ROADWET,LIGHT,WTHRa,JUNCTYPE,TRAFCTRL,ROADMARK,SPDLIM,CRASHFATALCNT,CRASHSEVCNT,CRASHMINCNT,PERSAGE1,PERSAGE2,EASTING,NORTHING
Waimakariri District,TRAM ROAD,, ,I,NO 10 ROAD,201415224,01/07/2014,Tue,1133,JA,CE1C,108B 321B ,,R,D,BF,F ,X,S,C,100,0,0,2,,,1560356,5197654
Waimakariri District,TRAM ROAD,40,W, ,SOUTH EYRE ROAD,201414511,04/06/2014,Wed,2235,DA,CW1,102A 131A ,F,E,D,DN,F , , ,C,100,0,0,1,,,1568791,5194384
Waimakariri District,TRAM ROAD,150,W, ,SOUTH EYRE ROAD,201433464,25/02/2014,Tue,1100,CC,CW1,116A 130A 817 ,F,R,D,ON,F , ,N,N,100,0,0,0,,,1568704,5194452
Waimakariri District,TRAM ROAD,200,W, ,TALLOTTS ROAD,201439315,05/06/2014,Thu,627,AD,4E1V,110A 112A 150A ,,R,I,DN,SF, ,N,C,100,0,0,0,,,1551765,5200722
Waimakariri District,TRAM ROAD,, ,I,TRAM OFF RAMP NBD,201442208,19/08/2014,Tue,1400,JA,TW1C,197A 301B 370B ,,R,D,O ,F ,T,S,R,100,0,0,0,,,1571166,5193799
Waimakariri District,TRAM ROAD,, ,I,TRAM OFF RAMP NBD,201439925,22/06/2014,Sun,1350,JA,4W1C,301B 375B ,,R,D,BF,F ,T,S,C,100,0,0,0,,,1571166,5193799
Waimakariri District,TRAM ROAD,, ,I,TRAM OFF RAMP NBD,201442301,20/07/2014,Sun,2125,JA,TW1C,301B 321B ,,R,D,DO,F ,T,S,R,100,0,0,0,,,1571166,5193799
Waimakariri District,TRAM ROAD,, ,I,TRAM ON RAMP SBD,201436468,11/05/2014,Sun,1720,LB,CW1C,303B 387B ,,R,D,OF,F ,T,G,L,100,0,0,0,,,1571283,5193826
Waimakariri District,TUAHIWI ROAD,60,N, ,CHURCH BUSH ROAD,201414110,18/04/2014,Fri,1130,DB,VN1,103A 111A 131A ,T,M,W,ON,L , ,N,C,100,0,0,1,,,1571733,5200465
Waimakariri District,TULLS ROAD,3300,W, ,MAIN NORTH ROAD,201414082,13/05/2014,Tue,1640,FA,CW1S,130B 407B 420B ,,E,W,O ,L , ,N,C,100,0,0,1,,10,1571416,5208070
Waimakariri District,TULLS ROAD,1500,W, ,SH 1S,201436963,08/05/2014,Thu,2200,DB,CE1,111A 131A ,P,M,D,DN,F , , ,C,100,0,0,0,,,1573208,5207901
Waimakariri District,TUTAIPATU AVENUE,, ,I,PURIRI ST,201442441,05/07/2014,Sat,1345,HA,CW1C,302B 375B ,,R,D,BF,F ,T,G,R,50,0,0,0,,,1574982,5203777
Waimakariri District,UPPER SEFTON ROAD,15,E, ,PEMBERTONS ROAD,201432784,27/02/2014,Thu,1900,EA,CE1C,129A 353A ,M,R,D,TF,F , , ,C,100,0,0,0,,,1573109,5211526
Waimakariri District,VICTORIA ST,, ,I,BUCKHAM ST,201417170,18/11/2014,Tue,932,HA,4S1C,308B 930 ,,R,D,O ,F ,D,N,C,50,0,0,1,,,1567259,5204915
Waimakariri District,VICTORIA ST,20,S, ,HIGH ST,201443162,12/06/2014,Thu,945,MO,CS1,386A 507A ,X,E,W,O ,L , , ,C,50,0,0,0,,,1567170,5205391
Waimakariri District,VICTORIA ST,, ,I,NORTHBROOK ROAD,201415379,22/08/2014,Fri,1750,JA,CE1C,301B 375B ,,E,D,O ,F ,T,S,C,50,0,0,1,,,1567317,5204598
Waimakariri District,VICTORIA ST,, ,I,PERCIVAL ST,201438045,05/06/2014,Thu,1805,JA,CN1C,302B ,,E,D,DO,F ,T,G,C,50,0,0,0,,,1567237,5204487
Waimakariri District,WEST BELT,, ,I,HIGH ST,201414107,04/06/2014,Wed,1530,HA,CW2C,321B 335B 355B ,,R,D,BF,F ,X,S,C,50,0,0,1,,,1565900,5205180
Waimakariri District,WEST BELT,30,S, ,KINGSBURY AVENUE,201450028,31/12/2014,Wed,400,EA,CS14,129A 130A 517A ,M,R,D,DO,F , , ,C,50,0,0,0,,,1565749,5205999
Waimakariri District,WHITE ST,80,S, ,KINGSBURY AVENUE,201444778,28/09/2014,Sun,407,EA,CN1C,129A ,M,R,W,DO,F , ,N,C,50,0,0,0,,,1566255,5206062
Waimakariri District,WHITE ST,, ,I,RATA ST,201434634,21/03/2014,Fri,2057,DA,CE2,103A 133A ,F,R,D,DO,F ,T,G,C,50,0,0,0,,,1566444,5205084
Waimakariri District,WILLIAMS ST,, ,I,BEACH ROAD,201432768,09/03/2014,Sun,1330,HA,4N14,321B 801 ,,R,W,O ,L ,X,S,R,50,0,0,0,,,1572644,5197069
Waimakariri District,WILLIAMS ST,10,N, ,CAREW ST,201448123,22/11/2014,Sat,1730,FA,CS1C,181A 191B ,,R,D,O ,L ,T,G,C,50,0,0,0,,,1572093,5196228
Waimakariri District,WILLIAMS ST,70,N, ,CAREW ST,201417167,27/11/2014,Thu,1630,FD,CN1V,331A ,,R,D,B ,F , , ,C,50,0,0,1,,,1572112,5196284
Waimakariri District,WILLIAMS ST,, ,I,CAREW ST,201416521,03/10/2014,Fri,1227,EA,CS1CC,501A ,MM,R,D,BF,F ,T,G,C,50,0,0,1,,,1572090,5196218
Waimakariri District,WILLIAMS ST,, ,I,CAREW ST,201414160,29/05/2014,Thu,1052,JA,CS1S,204B 312B ,,R,D,BF,F ,T,G,C,50,0,0,1,,71,1572090,5196218
Waimakariri District,WILLIAMS ST,150,E, ,CASS ST,201437530,06/06/2014,Fri,1348,DA,CW1T,103A 131A ,M,M,D,O ,F , , ,P,50,0,0,0,,,1572622,5196965
Waimakariri District,WILLIAMS ST,20,N, ,CASS ST,201432656,28/02/2014,Fri,2145,EA,CS14,112A 386A ,M,R,W,DO,L , ,N,C,50,0,0,0,,,1572540,5196872
Waimakariri District,WILLIAMS ST,20,S, ,CHARLES ST,201416519,23/09/2014,Tue,1503,HA,4N1P,341A 312B ,,R,D,BN,F , ,N,C,50,0,0,1,,,1572309,5196695
Waimakariri District,WILLIAMS ST,40,N, ,LEES ROAD,201440172,09/07/2014,Wed,1205,CB,CS1,130A 504A ,P,R,D,O ,F , ,N,C,80,0,0,0,,,1572792,5199844
Waimakariri District,WILLIAMS ST,250,N, ,OLD MAIN NORTH ROAD,201414348,22/06/2014,Sun,1227,DA,CN1,129A 134A 407A ,C,E,D,B ,F , , ,L,80,0,0,1,,,1572792,5199404
Waimakariri District,WILLIAMS ST,70,E, ,SEWELL ST,201417847,20/10/2014,Mon,1230,PF,CE1E,129A 410A ,,R,D,B ,F , , ,C,50,0,0,1,43,,1572483,5196829
Waimakariri District,WILLIAMS ST,30,E, ,SH 1S,201450159,19/12/2014,Fri,1615,MG,CE14,350B 371B ,,R,D,B ,F , , ,R,80,0,0,0,,,1572699,5199952
Waimakariri District,WILLIAMS ST,90,N, ,VICKERY ST,201447773,14/11/2014,Fri,1930,CB,CN1,130A 514A ,FT,R,D,O ,F , , ,C,50,0,0,0,,,1571870,5195559
Waimakariri District,WOODFIELDS ROAD,900,W, ,EARLYS ROAD,201443999,16/08/2014,Sat,1700,CC,CW1,130A 358A 510A ,P,R,D,BN,F , ,N,N,100,0,0,0,,,1548965,5202490
Waimakariri District,WOODFIELDS ROAD,, ,I,EARLYS ROAD,201418647,25/12/2014,Thu,100,DC,CW1,335A ,,R,D,DN,M ,X,G,C,100,0,0,2,,,1549865,5202496
Waimakariri District,WOODSTOCK ROAD,, ,I,HARMANS GORGE ROAD,201413620,20/04/2014,Sun,1400,HA,CW1C,302B 370B ,,R,D,O ,F ,X,G,C,100,0,0,1,,,1523690,5205205
Waimakariri District,Z WAIMAKARIRI RIVER BED,400,E, ,MAIN NORTH ROAD,201417857,15/11/2014,Sat,1444,MO,CW1,110A 138A ,TX,R,D,B ,F , , ,N,100,0,0,1,,,1571936,5193646
Waimakariri District,1S/284/19.189,, ,I,HARLESTON ROAD,201410270,18/02/2014,Tue,1730,AA,4S1C,381A 402A ,,R,D,B ,F ,T,G,L,100,0,0,2,,,1577851,5213910
Waimakariri District,1S/284/19.189,, ,I,HARLESTON ROAD,201415526,22/08/2014,Fri,715,GD,VS14,181A 331A ,,R,D,B ,F ,T,G,C,100,0,0,2,,,1577851,5213910
Waimakariri District,1S/284/19.209,20,S, ,HARLESTON ROAD,201415263,08/08/2014,Fri,1630,CB,CN1,410A ,P,R,D,BF,F , ,N,C,100,0,1,0,,,1577842,5213892
Waimakariri District,1S/303/1.009,700,N, ,BANKS ROAD,201418837,10/12/2014,Wed,704,CB,MS1,112A ,,R,W,ON,L , ,N,L,100,0,0,1,,,1577440,5212942
Waimakariri District,1S/303/3.666,20,N, ,BROAD ROAD,201418466,22/11/2014,Sat,915,EA,CS1C,129A 350A 501A 903 ,Q,R,D,B ,FS, , ,C,100,0,0,2,,,1576423,5210490
Waimakariri District,1S/303/4.674,50,S, ,AMESBURY ROAD,201439816,24/06/2014,Tue,950,GD,VN14,333A 929 ,,E,D,O ,F ,D, ,C,100,0,0,0,,,1576135,5209525
Waimakariri District,1S/303/6.532,, ,I,RIVER ROAD,201441787,24/08/2014,Sun,30,BF,CE2C,103A 133A 402A 430A ,,E,D,DN,F ,T,S,C,100,0,0,0,,,1574769,5208471
Waimakariri District,1S/311/0.03,70,N, ,ASHLEY RIV BR,201417135,10/11/2014,Mon,525,DB,TS1,131A 410A ,,M,D,TN,F , , ,C,100,0,1,0,,,1574763,5208442
Waimakariri District,1S/311/0.1,, ,A,ASHLEY RIV BR,201447784,09/11/2014,Sun,2030,FA,4N1C,330A 331A 359A 817 ,,R,D,TO,F , , ,C,100,0,0,0,,,1574749,5208373
Waimakariri District,1S/311/0.489,20,N, ,GEISHA ROAD,201439081,19/04/2014,Sat,1130,FD,4N1V4C,331A 352A ,,R,D,BF,F , ,N,C,100,0,0,0,,,1574675,5207991
Waimakariri District,1S/311/2.116,200,N, ,GRESSONS ROAD,201400190,30/09/2014,Tue,1530,GD,4S1CC,181A 333A 350A 922 ,,R,D,B ,F ,D,N,L,80,1,0,1,,,1574393,5206391
Waimakariri District,1S/311/2.731,200,N, ,PREECES ROAD,201413153,29/04/2014,Tue,1314,DB,CN1,131A 501A 904 ,FV,E,W,O ,M , , ,C,100,0,0,1,,,1574336,5205779
Waimakariri District,1S/311/3.081,150,S, ,PREECES ROAD,201430852,04/01/2014,Sat,840,CB,4S1,134A 410A ,T,R,D,BF,F , ,N,C,100,0,0,0,,,1574227,5205455
Waimakariri District,1S/311/4.872,, ,I,CHINNERYS ROAD,201430241,21/01/2014,Tue,1501,GD,VS1C,181A 331A ,,R,D,O ,F ,T,G,C,50,0,0,0,,,1573153,5204043
Waimakariri District,1S/311/5.131,, ,I,HEWITTS ROAD,201412524,19/04/2014,Sat,1300,JA,CN1C,302B 386B ,,R,D,B ,F ,T,G,C,50,0,0,1,,,1573033,5203814
Waimakariri District,1S/311/5.427,, ,I,WOODEND ROAD,201439923,21/06/2014,Sat,1230,JA,4N1C,302B 375B ,,R,D,BF,F ,T,G,C,50,0,0,0,,,1572897,5203550
Waimakariri District,1S/311/5.427,, ,I,WOODEND ROAD,201433463,10/02/2014,Mon,1920,JA,TN1C,302B 375B ,,E,D,BF,F ,T,G,R,50,0,0,0,,,1572897,5203550
Waimakariri District,1S/311/5.472,600,S, ,CHINNERYS ROAD,201432595,15/03/2014,Sat,2230,CB,4N1,103A 129A ,P,R,W,DO,F , ,N,C,50,0,0,0,,,1572886,5203507
Waimakariri District,1S/317/0.1,100,S, ,WOODEND BEACH ROAD,201437741,02/06/2014,Mon,1225,MB,CN1C,330B 372B 402B ,,R,D,B ,F , , , ,100,0,0,0,,,1572935,5202513
Waimakariri District,1S/317/0.25,250,S, ,WOODEND BEACH ROAD,201448120,13/11/2014,Thu,1725,FD,VN1V,181A ,,R,D,B ,F , , ,P,100,0,0,0,,,1572943,5202363
Waimakariri District,1S/317/0.87,300,N, ,SANDHILL ROAD,201441248,26/06/2014,Thu,553,AE,4N1V,330A 370A 151B 929 ,,R,D,DO,F ,D, ,C,100,0,0,0,,,1572976,5201744
Waimakariri District,1S/317/1.17,, ,I,SANDHILL ROAD,201450142,18/11/2014,Tue,1505,GD,CN1C,197A 331A ,,E,D,B ,F ,T,G,C,100,0,0,0,,,1572992,5201445
Waimakariri District,1S/317/1.235,4000,N, ,CAM ROAD,201439926,13/06/2014,Fri,1955,AB,VS1C,153A 156A ,,R,W,DN,M , ,N,C,100,0,0,0,,,1572979,5201381
Waimakariri District,1S/317/1.27,100,S, ,SANDHILL ROAD,201436467,06/05/2014,Tue,1731,BA,CN14,129A 410A ,,R,D,BN,F , ,N,C,100,0,0,0,,,1572972,5201347
Waimakariri District,1S/317/2.233,, ,I,PA ROAD,201430121,20/01/2014,Mon,,GD,VS1V,331A 352A 404A ,,R,D,BF,F ,T,G,C,100,0,0,0,,,1572788,5200402
Waimakariri District,1S/317/2.233,, ,I,PA ROAD,201416584,01/09/2014,Mon,1400,GD,CS14,331A ,,R,D,BF,F ,T,G,R,100,0,1,1,,,1572788,5200402
Waimakariri District,1S/317/2.233,, ,I,PA ROAD,201416441,19/09/2014,Fri,1432,GD,4S1VCC,331A 902 ,,R,D,B ,F ,T,G,P,100,0,2,4,,,1572788,5200402
Waimakariri District,1S/317/2.333,100,S, ,PA ROAD,201414138,16/06/2014,Mon,2136,CB,CS1,357A 512A ,FP,R,D,DO,F , ,N,C,100,0,0,1,,,1572764,5200304
Waimakariri District,1S/317/2.689,, ,I,WILLIAMS ST,201412006,07/04/2014,Mon,1140,BC,VS14,122A 410A ,,E,D,B ,F ,T,S,P,100,0,0,2,,,1572671,5199961
Waimakariri District,1S/317/2.689,, ,I,WILLIAMS ST,201411684,19/02/2014,Wed,1306,JA,CS1C,301B 375B ,,E,D,OF,F ,T,S,R,100,0,0,2,,,1572671,5199961
Waimakariri District,1S/317/2.739,50,S, ,WILLIAMS ST,201450158,18/11/2014,Tue,520,FA,CN1C,111A 331A 336A ,,E,D,DO,F , , ,C,100,0,0,0,,,1572647,5199917
Waimakariri District,1S/317/5.803,20,S, ,CAM ON RAMP SBD,201434826,01/04/2014,Tue,640,FD,TS144,181A ,,R,D,DO,F , ,N,R,100,0,0,0,,,1571288,5197240
Waimakariri District,1S/317/5.981,500,S, ,CAM OBR,201442572,26/06/2014,Thu,750,AC,TS1C,372A 671A ,,R,D,BF,F , ,N,C,100,0,0,0,,,1571233,5197071
Waimakariri District,1S/317/7.028,150,S, ,OHOKA OBR,201415804,14/09/2014,Sun,845,CA,CN1,130A 524A ,G,R,D,B ,F , , ,R,100,0,1,1,,,1570879,5196086
Waimakariri District,1S/317/7.078,200,S, ,OHOKA OBR,201443610,01/09/2014,Mon,1315,QG,VN1,681A ,,E,D,B ,F , , ,C,100,0,0,0,,,1570867,5196037
Waimakariri District,1S/317/7.378,500,S, ,OHOKA OBR,201433471,04/03/2014,Tue,1706,EC,4N1,821,X,E,W,OF,HS, ,N,C,100,0,0,0,,,1570826,5195741
Waimakariri District,1S/317/7.478,600,S, ,OHOKA OBR,201448869,03/12/2014,Wed,1030,CB,CS1,130A 353A ,CTX,R,D,B ,F , , ,C,100,0,0,0,,,1570828,5195641
Waimakariri District,1S/317/8.694,650,N, ,TRAM OBR,201412428,29/03/2014,Sat,45,FA,CS1T,103A 112A 330A ,,R,D,DN,F , , ,C,100,0,1,0,,,1571076,5194451
Waimakariri District,1S/317/8.744,600,N, ,TRAM OBR,201434850,11/03/2014,Tue,700,FD,TS1V,181A ,,R,W,OF,L , ,N,C,100,0,0,0,,,1571087,5194402
Waimakariri District,1S/317/9.682,, ,I,TRAM OFF RAMP NBD,201431090,16/02/2014,Sun,1815,LB,CN1C,303B 404B ,,R,D,O ,F ,T,G,L,80,0,0,0,,,1571287,5193486
Waimakariri District,1S/317/9.781,200,S, ,TRAM ON RAMP SBD,201438248,12/06/2014,Thu,638,FD,CS1C4C,181A 181C ,,R,W,DO,L , ,N,C,100,0,0,0,,,1571332,5193382
Waimakariri District,71/0/0.123,, ,I,SH 1S,201413479,24/05/2014,Sat,917,LB,CN14,303B 322B ,,R,D,B ,F ,T,T,C,80,0,1,0,,,1571380,5197550
Waimakariri District,71/0/0.123,, ,I,SH 1S,201439349,10/06/2014,Tue,1340,HA,CW14,302A 375A ,,R,W, F,H ,T,G,R,80,0,0,0,,,1571380,5197550
Waimakariri District,CAM OFF RAMP NBD,, ,I,LINESIDE ROAD,201446731,22/10/2014,Wed,412,CA,CN1,112A 132A ,GP,R,D,DO,F ,M,T,R,70,0,0,0,,,1571338,5197575
Waimakariri District,71/0/1.693,1200,S, ,MULCOCKS ROAD,201416237,28/09/2014,Sun,3,BE,MN1C,104A 130A 801 ,,R,W,DN,L , , ,C,100,0,1,0,,,1570403,5198739
Waimakariri District,71/0/2.853,40,S, ,MULCOCKS ROAD,201441500,01/08/2014,Fri,1530,CC,CN1,129A 410A ,V,R,D,B ,F , ,N,C,100,0,0,0,,,1569739,5199690
Waimakariri District,71/0/4.283,, ,I,FERNSIDE ROAD,201418697,08/12/2014,Mon,1330,GD,TS14C,181A ,,R,D,ON,F ,X,G,C,100,0,2,0,,,1568906,5200909
Waimakariri District,71/0/4.329,, ,I,FERNSIDE ROAD,201414059,10/07/2014,Thu,1823,JA,VN1C,302B 387B ,,R,D,DO,F ,X,G,C,100,0,0,1,,,1568906,5200909
Waimakariri District,71/0/5.463,800,N, ,YOUNGS ROAD,201441626,03/08/2014,Sun,1344,BF,CN1C,131A 806 ,,M,W,O ,L , , ,L,100,0,0,0,,,1568262,5201843
Waimakariri District,71/0/6.08,, ,A,RAIL XING,201418437,26/12/2014,Fri,105,DB,CE1,101A 111A 131A 517A ,GP,M,D,DO,F , ,T,C,100,0,1,0,,,1567883,5202363
Waimakariri District,71/0/6.171,400,S, ,RAILWAY ROAD,201440880,03/08/2014,Sun,1458,DB,CN1,111A 131A 402A ,GX,M,W,O ,L , , ,C,80,0,0,0,,,1567841,5202375
Waimate District,BELLS ROAD,400,S, ,ONEILLS ROAD,201430363,11/01/2014,Sat,,CC,CE1,112A 138A ,F,R,D,DN,F , ,N,N,100,0,0,0,,,1447690,5053726
Waimate District,BROWNLEAS ROAD,500,W, ,WAIMATE HUNTER ROAD,201417502,26/10/2014,Sun,1220,EC,ME1,912,W,R,D,ON,L , ,N,N,100,0,2,0,,,1443840,5049490
Waimate District,CANNINGTON ROAD,1100,W, ,COFFEYS ROAD,201450643,26/12/2014,Fri,30,EC,VW1,912,W,R,D,DN,F , ,N,C,100,0,0,0,,,1432250,5088631
Waimate District,CROWES ROAD,450,S, ,MORVEN GLENAVY ROAD,201410787,01/03/2014,Sat,1420,GE,MN1C,157A 144B 929 ,,E,D,B ,F ,D,N,N,100,0,0,1,,,1450428,5033623
Waimate District,GLENAVY TAWAI ROAD,10,W, ,FERRY ROAD,201434829,29/03/2014,Sat,900,DA,CW1,111A 131A ,F,E,D,ON,F ,T,N,C,100,0,0,0,,,1444843,5026355
Waimate District,HANNIFINS ROAD,270,E, ,REGENT ST,201431197,01/02/2014,Sat,,CB,4S1,112A 129A ,,R,D,B ,F , ,N,N,50,0,0,0,,,1446030,5045912
Waimate District,HIGH ST,50,W, ,STUDHOLME ST,201446387,11/08/2014,Mon,1200,EO,TW1,686A ,X,R,D,BF,F , ,N,C,50,0,0,0,,,1445786,5044614
Waimate District,HIGH ST,, ,I,VICTORIA ST,201416376,17/10/2014,Fri,1355,MC,SE1C,150A 372B ,,R,D,B ,F ,T,N,C,50,0,0,1,,45,1444604,5045610
Waimate District,HILLBORO ROAD,210,N, ,SPRINGBANK ROAD,201433946,02/03/2014,Sun,1806,DB,4N1,131A 406A ,,M,D,O ,F , ,N,N,100,0,0,0,,,1449328,5064394
Waimate District,IKAWAI MIDDLE ROAD,3000,E, ,SH 82,201450107,26/12/2014,Fri,1445,EC,CW1,844,X,R,D,B ,F , , ,C,100,0,0,0,,,1436194,5029584
Waimate District,MANSE ST,, ,I,RHODES ST,201433945,11/03/2014,Tue,850,JA,CW1C,302B 377B 839 ,,R,W,O ,F ,X,G,C,50,0,0,0,,,1444949,5045056
Waimate District,MARY ST,80,N, ,OPIE ST,201431189,14/02/2014,Fri,200,EA,CW1C,103A 112A ,M,R,W,DO,L , ,N,C,50,0,0,0,,,1444535,5045111
Waimate District,MILL ROAD,5,E, ,NAYLOR ST,201431192,13/02/2014,Thu,2200,MO,CE1,103A 371A 386A ,F,R,W,DO,L ,T,N,C,50,0,0,0,,,1444768,5044528
Waimate District,PAREORA GORGE ROAD,2000,W, ,EVANS CROSSING ROAD,201441609,03/08/2014,Sun,30,DA,CE1,111A 131A ,,S,W,DN,L , , ,N,100,0,0,0,,,1442621,5081778
Waimate District,PAREORA RIVER ROAD,200,W, ,SH 1S,201446384,23/08/2014,Sat,1350,DA,ME1,131A 352A ,,M,D,BN,F , ,N,C,100,0,0,0,,,1456654,5071256
Waimate District,PENTLAND HILLS ROAD,100,N, ,MEYERS PASS ROAD,201411782,02/04/2014,Wed,1100,CB,CS1,410A ,E,R,D,B ,F , , ,N,100,0,1,0,,,1426080,5048485
Waimate District,POINT BUSH ROAD,450,S, ,GARLANDS ROAD,201433949,21/03/2014,Fri,2017,CC,CE1,112A 402A ,CF,R,D,DN,F , ,N,N,70,0,0,0,,,1443514,5044302
Waimate District,SMITH ST,, ,I,MILL ROAD,201431722,15/01/2014,Wed,2357,DA,CE2,111A 131A ,F,E,D,DO,F ,T,G,C,50,0,0,0,,,1444513,5044612
Waimate District,TAWAI IKAWAI ROAD,1030,W, ,IKAWAI MIDDLE ROAD,201450607,31/12/2014,Wed,1820,CC,CW1,102A 112A 402A ,P,R,D,B ,F , ,N,N,100,0,0,0,,,1442032,5027043
Waimate District,TAWAI IKAWAI ROAD,, ,I,IKAWAI MIDDLE ROAD,201432786,21/01/2014,Tue,1550,DB,CS2,111A 131A 407A 632A ,S,E,D,O ,F ,T,G,C,100,0,0,0,,,1443061,5027011
Waimate District,WAIHAO BACK ROAD,80,W, ,SETTLEMENT ROAD,201412762,18/04/2014,Fri,400,EC,CE1,341A ,Z,R,W,DN,H , ,N,N,70,0,0,1,,,1445061,5043686
Waimate District,1S/520/0.939,1800,S, ,POOKE ROAD,201448755,06/11/2014,Thu,1232,CB,CN1,109A 130A 412A ,F,R,D,B ,F , , ,C,100,0,0,0,,,1456926,5070893
Waimate District,1S/520/1.678,200,N, ,GALLETLYS ROAD,201433952,12/03/2014,Wed,1453,QG,CS1,665A 688A ,,R,D,B ,F , ,N,C,90,0,0,0,,,1456970,5070155
Waimate District,1S/520/3.194,200,S, ,LYALL ROAD,201432605,04/03/2014,Tue,1204,CB,CS1,129A 358A ,V,R,D,O ,F , ,N,C,100,0,0,0,,,1456708,5068680
Waimate District,1S/520/3.262,, ,A,STOWELLS CULVERT,201415998,02/09/2014,Tue,815,DA,CS1,131A 501A ,B,E,D,B ,F , , ,C,100,0,0,1,,,1456679,5068618
Waimate District,1S/520/4.918,10,S, ,THACKERAY ST,201450025,18/12/2014,Thu,1235,DA,VN1,129A 131A ,SV,M,D,B ,F ,T,G,C,70,0,0,0,,,1455841,5067268
Waimate District,1S/520/6.494,100,N, ,OTAIO RIVER ROAD,201413974,12/06/2014,Thu,2158,EC,4N1,912,W,R,D,DN,F , ,N,C,100,0,0,1,,,1455276,5065807
Waimate District,1S/520/6.594,, ,I,OTAIO RIVER ROAD,201445562,17/08/2014,Sun,1243,GD,CS1C,331A 351A ,,R,D,B ,F ,T,G,C,100,0,0,0,,,1455221,5065723
Waimate District,1S/520/6.594,, ,I,OTAIO RIVER ROAD,201439873,09/06/2014,Mon,2150,DA,CN1C,137A 120B 801 ,G,E,W,DN,L ,T,G,C,100,0,0,0,,,1455221,5065723
Waimate District,1S/520/7.594,1000,S, ,OTAIO RIVER ROAD,201440985,17/03/2014,Mon,905,CB,TN1,129A 330A ,V,R,D,BN,F , ,N,C,100,0,0,0,,,1454853,5064797
Waimate District,1S/532/1.458,750,S, ,GRANGE ROAD,201434996,06/04/2014,Sun,45,CC,4N1,410A ,FV,R,W,DN,F , ,N,C,100,0,0,0,,,1452893,5058896
Waimate District,1S/532/2.278,400,N, ,SHEAS ROAD,201445549,29/09/2014,Mon,1910,CC,CN1V,410A ,,R,D,TN,F , , ,C,100,0,0,0,,,1452784,5058084
Waimate District,1S/532/3.078,400,S, ,SHEAS ROAD,201447659,17/09/2014,Wed,1512,FD,4N1C,181A ,,R,D,BN,F , ,N,C,100,0,0,0,,,1452676,5057291
Waimate District,1S/532/3.678,1000,S, ,SHEAS ROAD,201436919,11/05/2014,Sun,300,CB,CN1,410A ,V,R,D,DN,F , , ,C,100,0,0,0,,,1452596,5056696
Waimate District,1S/532/6.696,200,S, ,ONEILLS ROAD,201451014,13/12/2014,Sat,1810,CC,CS1,129A 410A ,F,R,D,ON,F , ,N,C,100,0,0,0,,,1452192,5053706
Waimate District,1S/532/11.736,150,N, ,SH 82,201433947,22/03/2014,Sat,227,DA,CS1,110A 131A ,P,M,D,DN,F , ,N,C,100,0,0,0,,,1451848,5048847
Waimate District,1S/544/0.854,770,S, ,WAINONO LAKE ROAD,201442227,15/08/2014,Fri,2257,DB,CN1,111A 131A 402A ,EF,M,D,DN,F , , ,C,100,0,0,0,,,1451917,5047862
Waimate District,1S/544/1.812,4500,S, ,MERRYS STM BR,201436311,03/01/2014,Fri,1045,DB,CN1,131A 613A 927 ,X,R,D,BN,F ,D,N,C,100,0,0,0,,,1451675,5046940
Waimate District,1S/544/5.154,2000,N, ,MCNAMARAS ROAD,201438785,21/04/2014,Mon,1655,CC,4S1,130A 410A ,C,R,D,BN,F , ,N,C,100,0,0,0,,,1450712,5043741
Waimate District,1S/544/11.888,600,S, ,HORSNELLS ROAD,201438786,28/04/2014,Mon,1525,FF,CS14,110A 331A 901 ,,R,W,ON,H , ,N,C,100,0,0,0,,,1449226,5037210
Waimate District,1S/560/0.5,500,S, ,OLD FERRY ROAD,201439787,01/07/2014,Tue,1130,QG,TN1C,682A 198B ,D,R,D,B ,F , , ,C,100,0,0,0,,,1448092,5032828
Waimate District,1S/560/1.558,800,S, ,MCLEAYS ROAD,201410086,10/02/2014,Mon,616,AC,CN1,130A 153A 159A ,FP,R,D,TN,F , , ,C,100,0,1,0,,,1448300,5031791
Waimate District,1S/560/7.946,300,N, ,TE MAIHAROA ROAD,201449268,12/12/2014,Fri,1343,CC,BS1,410A ,F,R,D,O ,F , , ,C,100,0,0,0,,,1449941,5025641