TLANAME,CRASHROAD,CRASHDIST,CRASHDIRN,INTSN,SIDEROAD,CRASHID,CRASHDATE,CRASHDOW,CRASHTIME,MVMT,VEHICLES,CAUSES,OBJECTSSTRUCK,ROADCURVE,ROADWET,LIGHT,WTHRa,JUNCTYPE,TRAFCTRL,ROADMARK,SPDLIM,CRASHFATALCNT,CRASHSEVCNT,CRASHMINCNT,PERSAGE1,PERSAGE2,EASTING,NORTHING
Waimate District,82/0/0,, ,I,SH 1S,201434841,07/01/2014,Tue,1140,FB,CE1C,331A 353A ,,R,D,ON,F ,T,G,C,100,0,0,0,,,1451804,5048704
Waimate District,82/0/2.406,300,S, ,DEEP CREEK ROAD,201450008,23/12/2014,Tue,1150,FA,CS1C,181A ,,R,D,B ,F , , ,L,100,0,0,0,,,1449957,5047383
Waimate District,82/0/3.156,1050,S, ,DEEP CREEK ROAD,201442226,15/08/2014,Fri,2045,DA,CS1,131A 412A ,C,E,D,DN,F , , ,C,100,0,0,0,,,1449386,5046899
Waimate District,82/0/4.085,400,E, ,CHAMPIONS ROAD,201412576,12/04/2014,Sat,200,DA,VE1,103A 111A 131A 692A ,FP,M,D,DN,F , , ,C,100,0,1,0,,,1448529,5046563
Waimate District,82/0/4.535,50,W, ,CHAMPIONS ROAD,201447663,04/11/2014,Tue,1725,CC,CN1,112A ,F,R,I,ON,S , ,N,C,100,0,0,0,,,1448149,5046329
Waimate District,82/0/6.245,90,E, ,MILFORD ST,201446389,02/08/2014,Sat,1225,CC,CE1,130A 687A ,FS,R,D,BF,F , ,N,C,70,0,0,0,,,1446594,5045618
Waimate District,82/0/7.501,50,W, ,LEONARD ST,201433950,04/02/2014,Tue,1245,MD,CE1C,371B 929 ,,R,D,B ,F ,D,N,C,50,0,0,0,,,1445522,5044985
Waimate District,82/0/7.736,20,N, ,SLEE ST,201440535,08/07/2014,Tue,1220,MO,VS1C,371B 377B ,,R,D,O ,F , , ,C,50,0,0,0,,,1445374,5044803
Waimate District,MILL ROAD,, ,I,82/0/8.283,201434997,01/04/2014,Tue,900,FB,CE1V,181A ,,R,D,BF,F ,M,S,C,50,0,0,0,,,1445020,5044386
Waimate District,82/0/13.147,2100,N, ,KAPUA ROAD,201440989,18/07/2014,Fri,750,DA,VN1,135A 802 ,V,M,I,BN,FF, ,N,C,100,0,0,0,,,1442400,5040954
Waimate District,82/17/3.357,50,W, ,MOUNT HARRIS ROAD,201434061,24/03/2014,Mon,842,DA,40,129A 134A ,,E,D,B ,F , ,N,C,100,0,0,0,,,1436434,5038302
Waimate District,82/17/4.622,, ,I,SERPENTINE VALLEY ROAD,201414841,18/07/2014,Fri,1600,DA,VE1,135A 802 ,,M,I,TF,F ,X,G,C,100,0,0,1,,,1435254,5037939
Waimate District,82/32/2.788,30,W, ,WAIHUNA ROAD,201411543,20/02/2014,Thu,1544,CB,VE1,129A 351A ,F,R,D,BN,F ,T,N,C,100,0,4,2,,,1430448,5029519
Waimate District,82/53/0.005,, ,A,PENTICOTICO STM BR,201410039,05/02/2014,Wed,1616,DA,4N1,131A 412A ,BG,E,D,B ,F , , ,C,100,0,0,1,,,1413151,5034778
Waipa District,ALBERT ST,100,N, ,CARTERS CRESCENT,201438290,07/03/2014,Fri,1419,MG,VN1T4,613B ,,R,D,BF,F , ,N,C,50,0,0,0,,,1817663,5803744
Waipa District,ALEXANDRA ST,10,W, ,CHURCHILL ST,201435036,08/04/2014,Tue,1746,FB,CE1C,181A ,,R,D,TF,F ,T,N,C,50,0,0,0,,,1803927,5790618
Waipa District,ALEXANDRA ST,, ,I,COLLEGE ST,201436015,12/04/2014,Sat,2344,JA,VW1C,321B 375B ,,E,D,DO,F ,T,S,C,50,0,0,0,,,1803376,5790847
Waipa District,ALEXANDRA ST,100,W, ,MARKET ST,201438609,18/06/2014,Wed,900,EA,CE1C,129A ,M,R,W,O ,L , , ,R,50,0,0,0,,,1804008,5790584
Waipa District,ALEXANDRA ST,, ,I,NORTH ST,201438604,05/06/2014,Thu,1310,KA,CE1C,301B ,,R,D,O ,F ,X,S,C,50,0,0,0,,,1803159,5790953
Waipa District,ALEXANDRA ST,, ,I,RAEBURNE ST,201410471,08/01/2014,Wed,2156,DB,CW1,103A 111A 131A 514A ,F,R,D,DO,F ,T,S,C,50,0,0,1,,,1802478,5791285
Waipa District,ALEXANDRA ST,, ,I,REWI ST,201441556,08/08/2014,Fri,1810,HA,CW1C,302A 375A ,,R,D,DO,F ,R,G,R,50,0,0,0,,,1803766,5790685
Waipa District,ALEXANDRA ST,, ,I,SLOANE ST,201437795,24/05/2014,Sat,2350,DB,CN2,103A 131A 901 ,F,R,W,DO,H ,R,G,R,50,0,0,0,,,1804174,5790502
Waipa District,ALEXANDRA ST,, ,I,STATION ROAD,201435037,27/03/2014,Thu,1900,FB,4N1C,181A 357A ,,R,D,TO,F ,T,S,N,50,0,0,0,,,1802883,5791088
Waipa District,ALPHA ST,, ,I,VICTORIA ST,201439036,21/06/2014,Sat,1115,MG,CW1C,371B ,M,R,D,BF,F ,R,G,C,50,0,0,0,,,1817065,5803149
Waipa District,ARAPUNI ROAD,800,E, ,BROTHERHOOD ROAD,201446956,30/06/2014,Mon,1600,DA,CS1,135A 901 ,CV,M,W,ON,H , ,N,C,100,0,0,0,,,1809333,5785893
Waipa District,ARAPUNI ROAD,50,W, ,HIGHAM ROAD,201437789,28/05/2014,Wed,1654,BF,CS1C,111A 131A 402A 632A ,,M,D,B ,F , , ,C,100,0,0,0,,,1810250,5785686
Waipa District,ARAPUNI ROAD,500,E, ,KIMBERLEY ROAD,201432908,09/03/2014,Sun,800,DB,TW1,129A 131A 407A ,C,M,D,B ,F , , ,C,100,0,0,0,,,1807875,5786450
Waipa District,ARAPUNI ROAD,50,W, ,TARI ROAD,201415011,28/07/2014,Mon,549,EC,CE1,912,W,R,D,DN,F , , ,N,100,0,1,1,,,1824345,5783953
Waipa District,ARAPUNI ROAD,1800,S, ,TIKI ROAD,201443051,18/08/2014,Mon,2024,GE,CE1C,355B 371B 929 ,,R,D,DN,F ,D, ,C,100,0,0,0,,,1811644,5783867
Waipa District,ARAWATA ST,5,E, ,ALEXANDRA ST,201418120,27/11/2014,Thu,1500,NB,CW1E,711B 714B ,,R,D,O ,F ,R,G,R,50,0,0,1,31,,1804194,5790517
Waipa District,ARAWATA ST,, ,I,ALEXANDRA ST,201446561,19/10/2014,Sun,37,DA,CE2C,103A 111A 131A 801 ,M,M,W,DO,L ,R,G,R,50,0,0,0,,,1804181,5790517
Waipa District,ARAWATA ST,20,E, ,GEORGE ST,201413750,12/06/2014,Thu,1030,MB,VW1C,372B ,C,R,D,OF,L , ,N,C,50,0,0,1,,,1804299,5790600
Waipa District,ARAWATA ST,80,N, ,MAHOE ST,201447103,10/10/2014,Fri,951,EA,TN1VC,129A 331A 352A ,M,R,D,B ,F , , ,C,50,0,0,0,,,1804346,5790638
Waipa District,ARIKI ST,, ,A,RIVERSIDE LANE,201412841,04/05/2014,Sun,408,DA,CN1,103A 111A 131A 402A 904 ,CFP,E,D,DO,M ,T,N,C,50,0,0,2,,,1823149,5800126
Waipa District,ASPIN ROAD,2800,N, ,FENCOURT ROAD,201432910,25/01/2014,Sat,100,DB,4S1,111A 131A ,V,M,D,DN,F , , ,C,100,0,0,0,,,1820543,5808033
Waipa District,BALLANCE ST,100,W, ,WALMSLEY ST,201434249,04/02/2014,Tue,2243,QD,CE1,350A 428A 929 ,H,R,D,DO,F ,D, ,N,50,0,0,0,,,1805528,5787164
Waipa District,BANK ST,, ,I,ALEXANDRA ST,201441553,11/08/2014,Mon,1117,GF,TN14,179A 386A ,,R,W,O ,F ,T,S,C,50,0,0,0,,,1804046,5790568
Waipa District,BANK ST,, ,I,ROCHE ST,201439806,24/06/2014,Tue,1618,JA,CS1C,302B 378B ,,R,D,O ,F ,T,G,C,50,0,0,0,,,1803744,5790107
Waipa District,BAXTER PLACE,80,W, ,SHAKESPEARE ST,201418636,24/12/2014,Wed,1810,MO,CW1,133A ,T,S,D,BF,F , ,N,N,50,0,0,1,,,1817142,5800708
Waipa District,BOWEN ST,, ,I,KING ST,201443007,22/08/2014,Fri,1520,LB,CN1C,303B 350B ,,R,D,B ,F ,X,G,C,50,0,0,0,,,1817384,5804359
Waipa District,BOWEN ST,, ,I,TAYLOR ST,201441800,25/07/2014,Fri,1300,HA,CN14,321B ,,R,D,B ,F ,X,S,C,50,0,0,0,,,1817376,5804582
Waipa District,BROWNING ST,20,W, ,BURNS ST,201411725,20/03/2014,Thu,1418,QA,TE1E,350A 386A ,,R,D,B ,F , , ,C,50,0,1,0,48,,1817221,5801371
Waipa District,BRUNTWOOD ROAD,, ,I,PEAKE ROAD,201445332,11/09/2014,Thu,1655,JA,CN1C,301B 330B 400B ,,R,D,O ,F ,X,S,R,100,0,0,0,,,1814611,5808536
Waipa District,BRYCE ST,, ,I,ALPHA ST,201414984,23/06/2014,Mon,1248,HA,CW2P,301A 375A ,,R,D,BF,F ,X,S,C,50,0,0,1,,,1816719,5803134
Waipa District,BRYCE ST,, ,I,QUEEN ST,201449958,20/12/2014,Sat,1319,HA,CE2C,301A ,,R,D,O ,F ,X,S,R,50,0,0,0,,,1816711,5803326
Waipa District,BUCKLAND ROAD,900,W, ,TODD ROAD,201439808,23/06/2014,Mon,1720,DA,CW1,111A 131A 404A ,FV,M,D,TN,F , , ,C,100,0,0,0,,,1828854,5801136
Waipa District,BURNS ST,, ,I,BROWNING ST,201450512,30/12/2014,Tue,1850,FA,CS1C,181A ,,R,D,TF,F ,X,G,C,50,0,0,0,,,1817240,5801364
Waipa District,BURNS ST,, ,I,BROWNING ST,201446635,06/10/2014,Mon,1128,HA,CE2C,302B ,,R,W,O ,L ,X,G,C,50,0,0,0,,,1817240,5801364
Waipa District,BURNS ST,60,N, ,CAMPBELL ST,201445336,20/07/2014,Sun,945,MO,CS1C,130B 427B 660B ,,R,D,O ,F , , ,C,50,0,0,0,,,1817405,5801756
Waipa District,CAMBRIDGE ROAD,200,E, ,GLENEAGLES DRIVE,201410731,22/03/2014,Sat,1558,AO,CW1M,150A 381A 150B 381B ,,R,D,B ,F , ,N,C,70,0,0,1,,,1805935,5790862
Waipa District,CAMBRIDGE ROAD,200,W, ,GLENEAGLES DRIVE,201417293,04/11/2014,Tue,1620,PC,CE1,371A 378A 370B 835 929 ,,R,D,B ,F ,D, ,C,50,0,0,1,83,,1805536,5790887
Waipa District,CAMBRIDGE ROAD,, ,I,GOLF ROAD,201437787,26/05/2014,Mon,1811,JA,CW14C,302B 353B 370B ,,R,D,DO,F ,T,G,P,100,0,0,0,,,1807052,5789866
Waipa District,CAMBRIDGE ROAD,910,S, ,LAMB ST,201441504,28/06/2014,Sat,2200,DA,CS1,101A 137A 350A ,CF,E,D,DN,F , ,N,C,100,0,0,0,,,1815288,5800840
Waipa District,CAMBRIDGE ROAD,120,E, ,MANDENO ROAD,201438238,06/06/2014,Fri,2105,DA,CW1,411A ,PSV,E,D,DO,F , ,N,C,100,0,0,0,,,1807852,5790101
Waipa District,CAMBRIDGE ROAD,, ,I,MATOS SEGEDIN DRIVE,201441561,13/08/2014,Wed,1334,FA,CE1T,181A 330A ,,R,D,B ,F ,T,N,C,70,0,0,0,,,1815953,5802445
Waipa District,CAMBRIDGE ROAD,680,S, ,MCLARNON ROAD,201400233,08/11/2014,Sat,1720,BC,MS1C,111A 121A ,,M,D,B ,F , ,N,C,100,1,0,1,,,1813479,5798438
Waipa District,CAMBRIDGE ROAD,900,S, ,MCLARNON ROAD,201432907,28/02/2014,Fri,1610,DA,CN1,103A 131A 359A ,FS,M,D,BN,F , ,N,C,100,0,0,0,,,1813519,5798226
Waipa District,CAMBRIDGE ROAD,400,N, ,PARALLEL ROAD,201449959,24/12/2014,Wed,1950,DB,CS1,131A 402A ,FT,E,D,B ,F , , ,C,100,0,0,0,,,1814205,5800171
Waipa District,CAMBRIDGE ROAD,110,W, ,PICQUET HILL ROAD,201418710,23/12/2014,Tue,742,BE,CW14,130A 330A 412A ,F,R,D,B ,F , , ,L,100,0,1,1,,,1806076,5790853
Waipa District,CAMBRIDGE ROAD,, ,I,PUAHUE ROAD,201436017,27/03/2014,Thu,2037,DA,CW1,131A 433A ,FS,M,D,DN,F ,T,G,L,100,0,0,0,,,1807333,5789818
Waipa District,CAMBRIDGE ROAD,1800,N, ,STOREY ROAD,201449957,21/12/2014,Sun,1832,CC,CS1,130A 402A ,V,R,D,B ,F , , ,C,100,0,0,0,,,1812269,5793601
Waipa District,CAMBRIDGE ROAD,400,S, ,STOREY ROAD,201445330,17/09/2014,Wed,1808,MC,CS1V,197A 330B 371B 671B ,,E,D,TN,F , , ,C,100,0,0,0,,,1810614,5792166
Waipa District,CAMBRIDGE ROAD,, ,I,STOREY ROAD,201434246,13/02/2014,Thu,1300,GE,CS1T,151A 160A 333A ,F,R,D,O ,F ,T,G,C,100,0,0,0,,,1810889,5792446
Waipa District,CAMBRIDGE ROAD,, ,I,TE RAHU ROAD,201435249,16/04/2014,Wed,1540,JA,CE1C,302B ,,R,D,O ,F ,T,G,C,50,0,0,0,,,1804647,5790812
Waipa District,CAMBRIDGE ROAD,, ,I,TE RAHU ROAD,201440954,16/07/2014,Wed,1243,JA,CE1V,302B 375B ,,R,D,BF,F ,T,G,C,50,0,0,0,,,1804647,5790812
Waipa District,CAMBRIDGE ROAD,200,E, ,THORNCOMBE ROAD,201435248,17/04/2014,Thu,1605,DA,CE1,103A 111A 131A ,F,M,W,O ,F , , ,C,100,0,0,0,,,1806463,5790796
Waipa District,CAMBRIDGE ROAD,, ,I,THORNCOMBE ROAD,201443014,14/08/2014,Thu,1514,DC,CS2C,103A 130A 321A 402A ,,R,D,B ,F ,T,S,C,100,0,0,0,,,1806268,5790841
Waipa District,CAMPBELL ST,, ,I,SCOTT ST,201417292,20/10/2014,Mon,1925,HA,CN1M,302B 330B 402B ,,R,D,TF,F ,X,G,C,50,0,1,0,,,1817803,5801533
Waipa District,CARLYLE ST,80,S, ,BROWNING ST,201447439,08/11/2014,Sat,18,CB,CS1,101A 129A ,,R,D,DO,F , ,N,C,50,0,0,0,,,1818045,5800945
Waipa District,CARLYLE ST,, ,I,BROWNING ST,201418215,13/12/2014,Sat,815,HA,CE1C,301B ,,R,D,B ,F ,X,S,R,50,0,0,1,,,1818076,5801019
Waipa District,CHAUCER ST,70,S, ,HEMANS ST,201443011,27/08/2014,Wed,1801,CA,CN1C,112A 130A 402A ,KM,R,D,TF,F , , ,N,50,0,0,0,,,1818253,5802159
Waipa District,CLARE ST,, ,I,BRYCE ST,201449349,27/11/2014,Thu,42,DC,CN2,103A 112A 386A 844 ,HTX,R,D,DO,F ,T,N,N,50,0,0,0,,,1816688,5803825
Waipa District,COLLINS ROAD,420,W, ,CATALINA DRIVE,201443595,11/07/2014,Fri,2130,AD,CW1,135A 804 817 ,F,R,D,DN,F , ,N,C,100,0,0,0,,,1799511,5811433
Waipa District,COLLINS ROAD,400,W, ,OREGAN ROAD,201434536,08/03/2014,Sat,557,CB,CW1,103A 410A ,V,R,D,DN,M , ,N,C,100,0,0,0,,,1796544,5810461
Waipa District,COOK ST,20,W, ,SHAKESPEARE ST,201448518,11/11/2014,Tue,750,HA,SW1C,204A 927 ,,R, , F,  ,D,N,C,50,0,0,0,,,1817839,5802310
Waipa District,COULTER ROAD,1000,E, ,TE RAHU ROAD,201441740,03/08/2014,Sun,1516,MO,CS14,197A 402A 308B 370B 929 ,,R,W,O ,F ,D,N,N,100,0,0,0,,,1807262,5791956
Waipa District,COX ROAD,400,W, ,ROTOORANGI ROAD,201417117,08/11/2014,Sat,2110,DA,CE1,111A 131A 191A ,GT,S,D,B ,F , , ,C,100,0,0,1,,,1814553,5793322
Waipa District,DOMINION AVENUE,15,S, ,SH 1N,201413291,12/06/2014,Thu,2200,BA,MS1C,110A 327A 514A ,,R,D,DN,F , ,N,N,50,0,0,1,,,1817817,5802920
Waipa District,DUKE ST,20,E, ,ANZAC ST,201434622,08/03/2014,Sat,1045,EA,TE1C,129A ,M,R,D,BF,F , ,N,C,50,0,0,0,,,1817434,5802977
Waipa District,DUKE ST,10,E, ,COMMERCE ST,201442779,18/07/2014,Fri,2250,EA,CE1CC,108A 129A ,M,R,D,DO,F ,T,S,C,50,0,0,0,,,1817329,5802972
Waipa District,DUKE ST,, ,I,FORT ST,201415507,27/06/2014,Fri,1435,GD,CE1C,333A 801 ,,R,W,O ,L ,T,G,R,50,0,0,1,,,1817550,5802985
Waipa District,DUKE ST,10,E, ,VICTORIA ST,201410063,12/01/2014,Sun,1830,NB,CE1E,101A 306A 376A ,,R,D,B ,F ,R,G,C,50,0,0,1,15,,1817204,5802967
Waipa District,DUKE ST,70,E, ,VICTORIA ST,201435563,21/04/2014,Mon,1615,MA,CE1C,373B 801 ,,R,W,O ,L , , ,C,50,0,0,0,,,1817264,5802969
Waipa District,DUKE ST,, ,I,VICTORIA ST,201435998,25/03/2014,Tue,1050,HA,CW1C,136A 302A 613A ,,E,D,OF,F ,R,G,R,50,0,0,0,,,1817194,5802967
Waipa District,DUNCAN ROAD,20,W, ,SH 39,201418358,12/11/2014,Wed,841,CB,CE1C,514A ,,R,D,OF,L ,T,G,L,80,0,0,1,,,1793762,5803985
Waipa District,FLAT ROAD,280,S, ,GOLF ROAD,201441739,03/08/2014,Sun,1800,CC,CS1,112A 130A ,V,R,W,DN,F , , ,C,100,0,0,0,,,1806480,5789258
Waipa District,FORKERT ROAD,500,E, ,NGAHINAPOURI ROAD,201433816,22/03/2014,Sat,655,DA,CE1,111A 131A ,V,M,D,TN,F , , ,C,100,0,0,0,,,1799653,5800750
Waipa District,FORT ST,10,E, ,VICTORIA ST,201440952,15/07/2014,Tue,756,MG,CE1T,371B 671B ,,R,D,BF,F ,T,G,R,50,0,0,0,,,1817379,5802706
Waipa District,FRENCH PASS ROAD,2300,W, ,BAKER ROAD,201444468,07/09/2014,Sun,700,DA,CE1,801,V,E,W,O ,L , , ,C,80,0,0,0,,,1823984,5804881
Waipa District,FRENCH PASS ROAD,200,W, ,SMART ROAD,201412229,21/04/2014,Mon,1724,CB,VE1,103A ,C,R,D,O ,F , , , ,100,0,0,1,,,1821340,5803920
Waipa District,FRONTIER ROAD,800,E, ,BURNS ROAD,201447347,14/09/2014,Sun,920,DA,CW1,111A 131A 402A ,F,E,D,B ,F , ,N,N,50,0,0,0,,,1801265,5790038
Waipa District,FRONTIER ROAD,2000,W, ,BURNS ROAD,201418400,12/12/2014,Fri,1941,DA,CW1,131A 410A ,FPS,M,D,B ,F , , ,C,100,0,0,1,,,1798585,5790284
Waipa District,FRONTIER ROAD,1000,W, ,HAWTHORNE ROAD,201418629,19/12/2014,Fri,2007,DA,CS1,129A ,C,E,D,TN,F , ,N,C,100,0,0,1,,,1795087,5791698
Waipa District,GILLARD ROAD,200,S, ,GILMORE ROAD,201438064,20/05/2014,Tue,1756,DA,CN1,131A 402A 804 ,X,M,W,DN,L , , ,C,100,0,0,0,,,1794588,5807524
Waipa District,GOLDSMITH ST,100,S, ,HOUSMAN PLACE,201437798,15/05/2014,Thu,2032,MC,CN1C,330B 381B ,,R,D,DO,F , , ,C,50,0,0,0,,,1817054,5801969
Waipa District,GREY ROAD,500,S, ,HODGSON ROAD,201442784,17/07/2014,Thu,1712,DA,CN1,134A ,F,S,D,TN,F , ,N,C,100,0,0,0,,,1790365,5797028
Waipa District,GREY ST,, ,I,CLARE ST,201437797,19/05/2014,Mon,1345,HA,CS1C,302B 335B 352B 817 853 ,,R,D,B ,F ,X,G,N,50,0,0,0,,,1816467,5803816
Waipa District,GREY ST,, ,I,KING ST,201438301,09/05/2014,Fri,852,HA,CN1C,302A 335A 817 853 ,,R,W,O ,F ,X,G,N,50,0,0,0,,,1816446,5804320
Waipa District,HAMS ROAD,, ,I,MEADWAY ROAD,201414979,05/07/2014,Sat,1522,DB,MS2,131A ,F,E,D,BF,F ,T,G,C,100,0,1,0,,,1795648,5800215
Waipa District,HAUTAPU ROAD,90,W, ,HANNON ROAD,201443951,20/02/2014,Thu,815,DA,CE144,111A 131A ,M,M,D,BF,F , ,N,C,70,0,0,0,,,1815775,5806866
Waipa District,HAUTAPU ROAD,100,W, ,HANNON ROAD,201447437,14/11/2014,Fri,245,DA,CE1,111A ,P,M,W,DO,F , ,N,C,50,0,0,0,,,1815765,5806866
Waipa District,HAUTAPU ROAD,, ,I,PEAKE ROAD,201400062,24/03/2014,Mon,1241,HA,TW1C,321B ,T,R,D,BN,F ,X,S,C,80,1,0,0,,,1814567,5806898
Waipa District,HAZELMERE CRESCENT,20,S, ,RICKIT ROAD,201448559,06/11/2014,Thu,1754,MA,CS1C,373B ,,R,D,BF,F , ,N,C,50,0,0,0,,,1804627,5790195
Waipa District,HAZELMERE CRESCENT,, ,I,RICKIT ROAD,201437796,07/05/2014,Wed,900,HA,CE2C,302A 370A ,,R,D,B ,F ,X,G,C,50,0,0,0,,,1804623,5790214
Waipa District,JACOBS ST,20,S, ,REWI ST,201435246,07/04/2014,Mon,1030,FA,VS14,181A ,,S,D,B ,F ,T,G,C,50,0,0,0,,,1803706,5790592
Waipa District,KAIPAKI ROAD,300,W, ,GOODWIN ROAD,201435247,03/04/2014,Thu,1130,DB,CE1,111A 131A 801 ,F,M,W,O ,L , , ,C,100,0,0,0,,,1809571,5803950
Waipa District,KAIPAKI ROAD,400,W, ,GOODWIN ROAD,201447699,02/11/2014,Sun,636,DB,40,104A ,P,M,D,ON,F , ,N,C,100,0,0,0,,,1809479,5803987
Waipa District,KAIPAKI ROAD,380,W, ,MELLOW ROAD,201437938,14/06/2014,Sat,100,DA,CW1,131A 330A ,F,M,D,DN,F , ,N,C,100,0,0,0,,,1808445,5804163
Waipa District,KAIPAKI ROAD,530,W, ,PUKERIMU LANE,201436012,03/04/2014,Thu,950,DA,CW1,111A 131A 400A ,FTX,E,W,ON,F , ,N,C,100,0,0,0,,,1813422,5801952
Waipa District,KAIPAKI ROAD,3640,E, ,SH 3,201438239,04/06/2014,Wed,1015,CB,CW1,129A 350A ,P,R,D,BN,F , ,N,C,100,0,0,0,,,1806920,5803712
Waipa District,KAIPAKI ROAD,, ,I,SPEAKE ROAD,201435995,03/04/2014,Thu,2330,MO,CE1,103A 130A ,V,R,W,DO,M ,T,G,C,100,0,0,0,,,1810997,5803700
Waipa District,KARAPIRO ROAD,700,W, ,WHITEHALL ROAD,201450829,14/12/2014,Sun,2028,DA,CS1,129A 134A ,F,M,W,TN,L , ,N,C,100,0,0,0,,,1825521,5800421
Waipa District,KING ST,, ,I,BOWEN ST,201447104,20/10/2014,Mon,1735,HA,CW1C,302B 330B 351B ,,R,D,B ,F ,X,G,C,50,0,0,0,,,1817384,5804359
Waipa District,LAKE ST,, ,I,ALPHA ST,201433123,07/03/2014,Fri,1611,KA,CS14,302B ,,E,D,B ,F ,R,G,R,50,0,0,0,,,1817065,5803149
Waipa District,LAKE ST,30,N, ,SH 1N,201437785,28/05/2014,Wed,1550,JA,CN1C,308B 363B 377B 839 902 927 ,,E,D,B ,F ,D,G,C,50,0,0,0,,,1817053,5803371
Waipa District,LAMB ST,1000,E, ,CAMBRIDGE ROAD,201411257,10/02/2014,Mon,540,CB,CW1,191A 197A ,F,R,D,DN,F , , ,C,100,0,0,1,,,1816107,5800949
Waipa District,LAMB ST,250,E, ,ROTOORANGI ROAD,201441555,06/08/2014,Wed,2030,CB,40,129A 430A ,FT,R,W,DN,F , ,N,C,100,0,0,0,,,1818118,5800510
Waipa District,LAMB ST,, ,I,SHAKESPEARE ST,201411254,01/03/2014,Sat,2330,HA,VW1C,113B 321B ,,R,D,DO,F ,X,S,P,50,0,0,2,,,1817146,5800506
Waipa District,LIMEWORKS LOOP ROAD,370,W, ,ARTHUR ROAD,201413612,16/04/2014,Wed,240,DB,CW1,111A 131A 514A 517A 801 ,EFZ,E,W,DN,L , , ,N,100,0,1,1,,,1785491,5800257
Waipa District,LIMEWORKS LOOP ROAD,70,E, ,STRONG ROAD,201415504,23/08/2014,Sat,,DA,CE1,131A ,EF,E,D,DN,F , , ,N,100,0,1,0,,,1787140,5800974
Waipa District,LIMEWORKS LOOP ROAD,180,W, ,TE PAHU ROAD S,201432745,25/02/2014,Tue,958,DA,CE1,111A 135A 806 ,C,M,D,B ,F , , ,C,100,0,0,0,,,1787460,5801009
Waipa District,LIVINGSTONE ROAD,500,W, ,SH 39,201444580,01/09/2014,Mon,2020,DA,CE1,111A 131A ,F,S,W,DN,L , , ,N,100,0,0,0,,,1792377,5807564
Waipa District,LUCK AT LAST ROAD,2600,S, ,MAUNGATAUTARI ROAD,201441503,28/06/2014,Sat,1630,CC,VS1,129A 358A ,,R,D,O ,F , ,N,C,100,0,0,0,,,1824036,5794120
Waipa District,MAUNGAKAWA ROAD,1080,N, ,TE MIRO ROAD S,201436003,11/04/2014,Fri,726,DA,CS1,111A 131A ,C,E,W,ON,L , ,N,C,100,0,0,0,,,1824189,5810024
Waipa District,MAUNGAKAWA ROAD,1570,S, ,TE MIRO ROAD S,201417298,19/10/2014,Sun,1830,DB,MN1,135A 804 ,V,E,D,B ,F , , ,C,100,0,0,1,,,1822987,5808364
Waipa District,MAUNGATAUTARI ROAD,1000,S, ,ARIKI ST,201449687,09/12/2014,Tue,807,CB,OS1,130A 197A ,FX,R,D,O ,F , , ,C,100,0,0,0,,,1823269,5798548
Waipa District,MAUNGATAUTARI ROAD,, ,I,LAMB ST,201412689,11/03/2014,Tue,1355,JA,SE1V,308B 375B 929 ,,R,D,BN,F ,D,G,C,100,0,0,1,,61,1818764,5800524
Waipa District,MAUNGATAUTARI ROAD,, ,I,LAMB ST,201413554,11/07/2014,Fri,715,DA,CW1,111A 131A 800 ,P,M,W,TF,F ,T,G,C,100,0,0,1,,,1818764,5800524
Waipa District,MAUNGATAUTARI ROAD,100,E, ,TAANE ROAD,201414262,30/07/2014,Wed,555,EC,CW1,912,W,M,W,DN,F , ,N,C,100,0,0,1,,,1826722,5794250
Waipa District,MAUNGATAUTARI ROAD,940,E, ,TAANE ROAD,201440956,14/07/2014,Mon,846,DA,CE1,111A 131A ,C,M,W,ON,M , ,N,C,100,0,0,0,,,1827286,5794784
Waipa District,MAUNGATAUTARI ROAD,70,W, ,TAANE ROAD,201413628,01/05/2014,Thu,1116,DA,CW1,111A 131A 197A 402A ,FT,E,D,B ,F , , ,C,100,0,1,0,,,1826559,5794229
Waipa District,MCCLURE ST,130,N, ,SH 39,201440955,10/07/2014,Thu,1240,CB,CN1,501A ,V,R,D,BF,F , ,N,C,70,0,0,0,,,1793640,5792466
Waipa District,MEADWAY ROAD,800,S, ,HAMS ROAD,201410097,08/02/2014,Sat,1008,DA,CS1,111A 131A 402A 800 ,EF,E,W,O ,  , , ,C,100,0,0,2,,,1795958,5799549
Waipa District,MEADWAY ROAD,400,N, ,RYBURN ROAD,201437786,21/05/2014,Wed,1301,DA,CS1,131A 402A 801 ,F,M,W,O ,L , , ,C,100,0,0,0,,,1796353,5798804
Waipa District,MEADWAY ROAD,60,S, ,RYBURN ROAD,201411731,21/03/2014,Fri,942,DA,CN1,101A 111A 131A ,C,E,D,B ,F , , ,C,100,0,1,0,,,1796625,5798446
Waipa District,MOORE ST,, ,I,BURNS ST,201433124,06/03/2014,Thu,1001,HA,CN2V,302B ,,R,D,B ,F ,X,G,C,50,0,0,0,,,1817171,5801189
Waipa District,MYSTERY CREEK ROAD,300,E, ,SH 21,201411730,01/03/2014,Sat,1259,DB,SE1,131A 814 815 ,,S,D,B ,F , , ,P,100,0,1,0,,41,1805866,5806051