TLANAME,CRASHROAD,CRASHDIST,CRASHDIRN,INTSN,SIDEROAD,CRASHID,CRASHDATE,CRASHDOW,CRASHTIME,MVMT,VEHICLES,CAUSES,OBJECTSSTRUCK,ROADCURVE,ROADWET,LIGHT,WTHRa,JUNCTYPE,TRAFCTRL,ROADMARK,SPDLIM,CRASHFATALCNT,CRASHSEVCNT,CRASHMINCNT,PERSAGE1,PERSAGE2,EASTING,NORTHING
Waipa District,PAKURA ST,200,N, ,TAINUI TERRACE,201451037,27/12/2014,Sat,230,CB,CN1C,103A 129A ,M,R,D,DO,F , ,N,C,50,0,0,0,,,1802343,5791227
Waipa District,PARAWERA ROAD,500,S, ,PUAHUE ROAD,201438235,12/06/2014,Thu,1700,CC,CS1,103A 112A ,F,R,W,DN,L , ,N,N,100,0,0,0,,,1814077,5786424
Waipa District,PARK ROAD,280,E, ,DOMAIN ROAD,201445662,05/10/2014,Sun,1458,MA,CE1C,373B 671B ,,R,D,B ,F , , ,C,50,0,0,0,,,1805046,5790373
Waipa District,PARKLANDS ROAD,340,S, ,COWAN ROAD,201449333,29/11/2014,Sat,1430,DA,CS1,131A 412A ,FP,E,D,B ,F , , ,C,100,0,0,0,,,1814195,5789266
Waipa District,PATERANGI ROAD,1000,S, ,BOWMAN ROAD,201445331,20/09/2014,Sat,1757,CB,CN1,130A 358A 402A ,CF,R,W,TN,L , , ,C,100,0,0,0,,,1800922,5794503
Waipa District,PATERANGI ROAD,700,N, ,HARRISON DRIVE,201411261,28/02/2014,Fri,1358,QG,VS1C,687A ,,E,D,B ,F , , ,C,100,0,1,0,,,1802148,5792384
Waipa District,PATERANGI ROAD,760,N, ,HARRISON DRIVE,201446955,28/07/2014,Mon,600,DB,CN1,111A 131A 402A ,F,E,W,DN,L , ,N,C,100,0,0,0,,,1802122,5792438
Waipa District,PATERANGI ROAD,670,N, ,MACKY ACCESS ROAD,201418637,20/12/2014,Sat,125,DB,VN1,103A 111A 131A ,FP,M,D,DN,F , ,N,C,100,0,0,1,,,1798380,5797121
Waipa District,PENGOVER AVENUE,, ,A,MCKINNON ST,201443009,30/08/2014,Sat,1505,BC,VS1T,120A 350A ,,R,D,O ,F ,T,G,C,50,0,0,0,,,1816395,5802147
Waipa District,PIRONGIA ROAD,100,W, ,BOWMAN ROAD,201443015,02/09/2014,Tue,1335,CC,CW1,130A 402A 633A ,,R,D,B ,F , , ,C,100,0,0,0,,,1798717,5793651
Waipa District,PIRONGIA ROAD,2300,W, ,BOWMAN ROAD,201435559,09/04/2014,Wed,715,DA,CE1,103A 131A 402A 904 ,T,E,W,O ,M , , ,C,100,0,0,0,,,1796648,5794141
Waipa District,PIRONGIA ROAD,1000,N, ,MCCLINTOCK ST,201447831,27/09/2014,Sat,2355,EC,VN1,912,W,R,W,DN,H , ,N,C,100,0,0,0,,,1795028,5793676
Waipa District,PIRONGIA ROAD,1000,N, ,MCCLINTOCK ST,201447800,27/09/2014,Sat,2335,EC,CN1,912,W,R,W,DN,H , ,N,C,100,0,0,0,,,1795028,5793676
Waipa District,POKURU ROAD,100,N, ,KAKEPUKU ROAD,201411867,19/03/2014,Wed,3,CC,VS1,102A 129A ,C,R,D,DO,F , ,N,C,100,0,0,1,,,1795729,5784604
Waipa District,POKURU ROAD,320,W, ,NIMT RAIL BR,201418492,28/11/2014,Fri,1710,BF,CW14,111A 131A 407A ,P,E,W,O ,F , , ,C,100,0,1,1,,,1802109,5788494
Waipa District,POKURU ROAD,80,W, ,PUNIU ROAD,201443650,11/08/2014,Mon,2040,DB,4S1,103A 131A ,E,E,W,DN,L , , ,C,100,0,0,0,,,1803169,5789091
Waipa District,POKURU ROAD,1960,W, ,PUNIU ROAD,201436001,16/03/2014,Sun,1434,DA,CN1,131A ,,M,D,ON,F , ,N,C,100,0,0,0,,,1801503,5788455
Waipa District,POPE TERRACE,20,W, ,GOLDSMITH ST,201450309,12/10/2014,Sun,2007,QD,4W1C,428A ,M,R,D,DO,F , ,N,C,50,0,0,0,,,1816925,5802351
Waipa District,PUNIU ROAD,280,S, ,FAIRVIEW ROAD,201443050,24/08/2014,Sun,450,EA,VS1V,103A 129A 330A ,M,R,D,DO,F , , ,C,50,0,0,0,,,1803302,5789199
Waipa District,RACECOURSE ROAD,380,W, ,HANNON ROAD,201438975,23/05/2014,Fri,1125,EA,TW1V,129A ,M,R, , F,F , ,N,C,80,0,0,0,,,1815409,5805243
Waipa District,REDOUBT ROAD,600,S, ,MAUNGATAUTARI ROAD,201415003,11/07/2014,Fri,13,DA,CS1,101A 131A 904 ,FP,E,W,DN,M , , ,N,100,0,0,1,,,1819205,5799811
Waipa District,REWI ST,, ,I,JACOBS ST,201413625,13/05/2014,Tue,1811,JA,MW1C,302B 375B 504B ,,R,D,DO,F ,T,G,C,50,0,1,0,,,1803698,5790610
Waipa District,REWI ST,140,W, ,PAKURA ST,201446948,09/07/2014,Wed,50,EA,CW1C,129A ,M,E,D,DO,F , ,N,N,50,0,0,0,,,1801977,5790345
Waipa District,ROBINSON ST,, ,I,TAYLOR ST,201415103,10/06/2014,Tue,1622,HA,CW24C,302A 375A 670B 901 ,,R,W,DO,H ,X,G,C,50,0,1,2,,,1817830,5804600
Waipa District,ROCHE ST,, ,I,VAILE ST,201447111,23/10/2014,Thu,1651,HA,CS2C,302B 375B ,,R,D,B ,F ,X,G,C,50,0,0,0,,,1803963,5790349
Waipa District,ROTOORANGI ROAD,100,S, ,LAMB ST,201411864,14/04/2014,Mon,2244,CB,CS1,103A 129A ,FT,R,D,DF,F , ,N,C,70,0,0,1,,,1817848,5800401
Waipa District,ROTOORANGI ROAD,, ,I,LAMB ST,201414432,09/07/2014,Wed,1358,HA,CN1C,301B 375B ,,R,W,OF,L ,X,S,R,80,0,0,1,,,1817869,5800498
Waipa District,ROTOORANGI ROAD,460,S, ,NORWEGIAN ROAD,201418520,04/12/2014,Thu,1856,DA,MN1,111A 131A ,F,M,D,BN,F , ,N,C,100,0,1,0,,,1817092,5796380
Waipa District,RYBURN ROAD,230,W, ,LAKE ROAD,201435419,30/04/2014,Wed,1909,DB,CW1,111A 131A ,,S,D,DN,F , , ,C,100,0,0,0,,,1800440,5799273
Waipa District,RYBURN ROAD,50,E, ,SING ROAD,201446972,27/06/2014,Fri,520,EC,4W1,912,W,R,W,DN,L , ,N,N,100,0,0,0,,,1799740,5799011
Waipa District,SCOTT ST,, ,I,CRESWELL PLACE,201440364,21/06/2014,Sat,1130,JA,CS1C,303B 377B 839 ,,M,D,O ,F ,T,N,N,50,0,0,0,,,1817494,5800759
Waipa District,SH 1N,, ,I,SH 1N,201450311,05/12/2014,Fri,944,FB,CN2C,387A ,,R,D,OF,F ,T,S,C,50,0,0,0,,,,
Waipa District,SHAKESPEARE ST,, ,I,ADDISON ST,201449288,15/12/2014,Mon,1816,JA,VS1C,302B ,,R,D,TF,F ,T,G,C,50,0,0,0,,,1818031,5802805
Waipa District,SHAKESPEARE ST,10,S, ,COOK ST,201438976,02/05/2014,Fri,1515,FD,CN14T,181A ,,R,D,BF,F ,R,G,R,50,0,0,0,,,1817857,5802271
Waipa District,SHAKESPEARE ST,, ,I,KINGSLEY ST,201440369,04/07/2014,Fri,1506,JA,4N1C,302B 330B ,,M,D,B ,F ,T,G,C,50,0,0,0,,,1818014,5802570
Waipa District,SHAKESPEARE ST,40,S, ,RALEIGH ST,201450307,27/11/2014,Thu,1403,MO,CN1C,371A 385A ,M,R,D,BF,F , ,N,P,50,0,0,0,,,1817648,5801753
Waipa District,SHAKESPEARE ST,, ,I,RALEIGH ST,201442979,18/08/2014,Mon,1850,KB,CN1C,302B 375B 402B ,,R,D,DO,F ,X,G,C,50,0,0,0,,,1817662,5801791
Waipa District,SHELLEY ST,, ,I,BRACKEN ST,201411984,15/03/2014,Sat,815,DA,CS1,111A 131A ,FP,S,D,OF,F ,T,G,C,50,0,0,2,,,1816960,5801863
Waipa District,SLOANE ST,30,S, ,ARAWATA ST,201413392,03/05/2014,Sat,1748,JA,CS1C,197A 402A 308B 370B 924 ,,R,D,TO,F ,D, ,C,50,0,1,0,,,1804182,5790468
Waipa District,SOUTHEY ST,, ,I,BROWNING ST,201447105,17/10/2014,Fri,1548,HA,CW2C,191A 302B 330B 801 ,,R,W,O ,L ,X,G,C,50,0,0,0,,,1817031,5801447
Waipa District,SOUTHEY ST,, ,I,THOMPSON ST,201444463,02/08/2014,Sat,147,DB,CS1,111A 131A 514A 929 ,F,R,D,DO,F ,D,N,C,50,0,0,0,,,1817099,5801616
Waipa District,TAOTAOROA ROAD,200,E, ,BUCKLAND ROAD,201436143,14/02/2014,Fri,1705,DA,VW1,131A 613A ,FT,M,D,B ,F , , ,C,100,0,0,0,,,1828204,5800839
Waipa District,TAOTAOROA ROAD,230,S, ,BUCKLAND ROAD,201417607,21/11/2014,Fri,732,DA,CN1,111A 129A ,C,M,D,O ,F , ,N,C,100,0,0,1,,,1828234,5800833
Waipa District,TAOTAOROA ROAD,3210,E, ,TODD ROAD,201418802,06/11/2014,Thu,2152,DA,CE1,101A 131A ,V,E,D,DN,F , ,N,C,100,0,1,0,,,1832579,5800184
Waipa District,TAYLOR ST,, ,I,BOWEN ST,201450308,27/11/2014,Thu,824,HA,CN2CC,301B 375B ,,R,D,BF,F ,X,S,R,50,0,0,0,,,1817376,5804582
Waipa District,TAYLOR ST,, ,I,WATKINS ROAD,201435564,20/04/2014,Sun,1100,HA,4S2C,302B 335B 901 ,,R,W,O ,H ,X,G,C,50,0,0,0,,,1817830,5804600
Waipa District,TE MAWHAI ROAD,890,N, ,CRUICKSHANK ROAD,201447110,17/10/2014,Fri,1640,DB,CS1,111A 131A 402A 817 ,C,M,D,O ,F , , ,N,100,0,0,0,,,1802583,5785684
Waipa District,TE MIRO ROAD,3340,E, ,ASPIN ROAD,201411263,10/02/2014,Mon,1033,DB,TE1,129A 131A ,,M,D,B ,F , , ,C,100,0,1,0,,,1823146,5812270
Waipa District,TE PAHU ROAD,30,E, ,GODFREY ROAD,201446934,14/09/2014,Sun,,DA,CE1,131A ,F,M, , N,  , ,N,C,100,0,0,0,,,1790979,5799138
Waipa District,TE PAHU ROAD,310,E, ,GROVE ROAD S,201412769,09/03/2014,Sun,1535,GE,ME1O,144B 929 ,,R,D,BN,F ,D,N,C,100,0,0,2,,,1789675,5799202
Waipa District,TE PAHU ROAD,200,S, ,SMITH ROAD,201418634,30/12/2014,Tue,1142,CB,MS1,129A ,,R,D,BN,F , ,N,C,100,0,1,0,,,1788093,5805130
Waipa District,TE RAHU ROAD,500,E, ,CAMBRIDGE ROAD,201433128,11/03/2014,Tue,720,EA,4E1C,129A 358A ,M,R,D,O ,F , , ,C,50,0,0,0,,,1805041,5791120
Waipa District,TEASDALE ST,, ,I,DOWNES ST,201447440,17/11/2014,Mon,1825,LB,CE1CC,303B 375B ,,E,W,O ,F ,T,N,C,50,0,0,0,,,1803297,5790254
Waipa District,THORNTON ROAD,, ,I,ST KILDA ROAD,201451062,11/12/2014,Thu,1308,LB,CW14,303B 375B ,,E,D,BF,F ,T,G,C,50,0,0,0,,,1819169,5804072
Waipa District,TUHIKARAMEA ROAD,1000,N, ,COWLEY DRIVE,201418124,25/11/2014,Tue,530,CC,CS1,410A ,FV,R,D,O ,F , , ,C,80,0,0,1,,,1796610,5812622
Waipa District,VAILE ST,, ,I,ROCHE ST,201445253,02/10/2014,Thu,734,HA,CN1V,302B 330B ,,R,D,B ,F ,X,G,R,50,0,0,0,,,1803963,5790349
Waipa District,VAILE ST,, ,I,ROCHE ST,201411187,02/04/2014,Wed,2110,HA,CW14,302B 375B ,,R,D,DO,F ,X,G,R,50,0,0,1,,,1803963,5790349
Waipa District,VICTORIA ST,, ,I,ALPHA ST,201417322,25/10/2014,Sat,1744,HA,CW2S,102A 302A 363A 350B 902 ,,E,D,B ,F ,R,G,C,50,0,0,1,,32,1817047,5803149
Waipa District,VICTORIA ST,100,N, ,COOK ST,201430722,30/01/2014,Thu,1502,FA,CN1C,181A ,,R,D,BF,F , ,N,N,50,0,0,0,,,1817538,5802509
Waipa District,VICTORIA ST,5,S, ,DUKE ST,201441577,12/08/2014,Tue,1215,NA,CN1E,711B ,,R,D,O ,F ,R,G,C,50,0,0,0,,,1817192,5802955
Waipa District,VICTORIA ST,, ,I,POPE TERRACE,201441094,15/07/2014,Tue,951,DA,TS1,337A 686A ,B,R,D,BF,F ,R,G,C,50,0,0,0,,,1817562,5802409
Waipa District,VICTORIA ST,30,S, ,WILLIAMSON ST,201449335,11/12/2014,Thu,418,DB,CN1,103A 131A 801 ,F,E,W,DO,L , , ,P,50,0,0,0,,,1817530,5802554
Waipa District,VICTORIA ST,50,S, ,WILLIAMSON ST,201441559,08/08/2014,Fri,2213,CA,TS1,200A 330A 337A ,GS,R,D,DO,F , ,N,R,30,0,0,0,,,1817533,5802534
Waipa District,VICTORIA ST,, ,I,WILLIAMSON ST,201443649,15/08/2014,Fri,1836,NB,CS1,713B ,,R,D,DO,F ,T,G,R,50,0,0,0,,,1817525,5802584
Waipa District,VICTORIA ST,, ,I,WILSON ST,201443651,20/08/2014,Wed,1733,JA,VN1C,302B 375B ,,R,D,TO,F ,T,G,C,50,0,0,0,,,1817355,5802711
Waipa District,VICTORIA ST EAST,, ,I,TAYLOR ST,201416226,29/09/2014,Mon,2100,FA,CS1C,181A 331A 817 ,,R,D,DN,F ,X,G,C,100,0,0,1,,,1816633,5804548
Waipa District,WAIKOHA ROAD,3860,S, ,TE PAHU ROAD,201413668,02/06/2014,Mon,2325,DA,CN1,110A 138A 402A ,T,S,D,DN,F , , ,N,100,0,0,3,,,1786293,5807127
Waipa District,WAIPAPA ROAD,1000,N, ,ROTONGATA ROAD,201410855,07/01/2014,Tue,2310,DB,TS1,131A 801 809 ,ET,M,W,DN,L , , ,C,100,0,1,0,,,1824782,5775686
Waipa District,WHITAKER ST,, ,I,BRYCE ST,201451042,13/11/2014,Thu,1502,HA,CS1C,302B ,,R,D,OF,L ,X,G,C,50,0,0,0,,,1806697,5787618
Waipa District,WHITMORE ST,, ,I,CHURCH ST,201437937,17/06/2014,Tue,1440,HA,4E2C,302B 330B 350B ,,R,D,O ,F ,X,G,C,50,0,0,0,,,1805947,5787227
Waipa District,WHITMORE ST,90,W, ,DICK ST,201436016,31/03/2014,Mon,947,MC,LE1T,372B ,,R,D,BN,F , ,N,C,50,0,0,0,,,1806903,5786933
Waipa District,WHITMORE ST,150,E, ,OLIVER ST,201430721,15/01/2014,Wed,1800,BA,CE1C,125A ,,R,D,BF,F , ,N,C,50,0,0,0,,,1806880,5786958
Waipa District,WHITTAKER ROAD,730,N, ,TE PAHU ROAD,201441557,09/08/2014,Sat,5,DA,CN1,111A 132A ,F,M,D,DN,F , ,N,C,100,0,0,0,,,1786902,5802813
Waipa District,Z CPK FRESH CHOICE,20,E, ,JACOBS ST,201416559,07/10/2014,Tue,1255,PO,4N1E,371A 730B ,,R,D,BF,F , ,N,N,20,0,0,1,84,,1803739,5790565
Waipa District,Z SELWYN PARK,100,N, ,ARAWATA ST,201417291,24/10/2014,Fri,1555,PO,VN1E,363A 370A 720B 902 ,K,R,D,B ,F , , ,N,30,0,0,1,7,,1804329,5790752
Waipa District,VICTORIA ROAD,, ,I,1B/30/9.148,201411252,04/02/2014,Tue,1543,GE,VS1S,372B ,,R,D,O ,F ,T,G,C,100,0,1,0,,64,1815941,5810121
Waipa District,1B/30/12.633,, ,I,HAUTAPU ROAD,201439164,02/06/2014,Mon,1551,FB,CS1C,181A ,,R,D,B ,F ,T,G,C,70,0,0,0,,,1815950,5806670
Waipa District,1B/30/15.787,, ,I,THORNTON ROAD,201447770,18/10/2014,Sat,2030,GF,CW2C,172A 330A 361A ,,E,W,DO,H ,T,G,C,50,0,0,0,,,1816866,5803661
Waipa District,1B/30/15.827,20,N, ,SH 1N HAMILTON,201415506,04/08/2014,Mon,1800,NA,VN1E,306A 352A 376A 717B 901 ,,R,W,DO,H , , ,X,50,0,0,1,52,,1816877,5803622
Waipa District,1N/568/0.3,300,N, ,HOOKER ROAD,201435250,31/03/2014,Mon,1757,CC,CS1,130A 410A ,,R,D,B ,F , , ,N,100,0,0,0,,,1812204,5805194
Waipa District,1N/568/1.558,100,S, ,FORREST ROAD,201450953,01/09/2014,Mon,1216,AC,CN1C,112A 129A 357A 512A 800 801 ,,R,W,O ,L , , ,C,100,0,0,0,,,1813275,5804544
Waipa District,1N/568/2.62,50,W, ,HANLIN ROAD,201444845,14/10/2014,Tue,1645,FD,CE14,181A ,,M,D,BF,F , ,N,C,80,0,0,0,,,1813976,5803749
Waipa District,1N/568/2.67,, ,I,HANLIN ROAD,201413611,27/05/2014,Tue,1543,JA,CW1C,302B 375B ,,E,D,B ,F ,T,G,L,100,0,0,2,,,1814019,5803725
Waipa District,1N/568/3.225,100,E, ,PEAKE ROAD,201411841,17/02/2014,Mon,1722,BA,4E1V,129A 363A 902 ,,R,D,BF,F , ,N,C,100,0,0,3,,,1814559,5803749
Waipa District,1N/568/3.985,350,W, ,KELLY ROAD,201441098,12/07/2014,Sat,1318,QG,CE1,135A 901 903 ,FV,R,W,OF,HS, ,N,L,100,0,0,0,,,1815305,5803627
Waipa District,1N/568/4.665,40,W, ,VOGEL ST,201450306,29/11/2014,Sat,1010,FD,4E1VC,181A ,,R,D,BF,F , ,N,C,70,0,0,0,,,1815983,5803570
Waipa District,1N/568/4.705,, ,I,VOGEL ST,201446634,03/10/2014,Fri,1206,FA,TE1CC,181A 191A 181B 195C 801 ,,R,W,O ,L ,X,S,L,50,0,0,0,,,1816023,5803567
Waipa District,1N/568/4.705,, ,I,VOGEL ST,201450422,22/11/2014,Sat,448,CC,CE1,103A 129A ,S,R,D,TF,F ,X,S,R,50,0,0,0,,,1816023,5803567
Waipa District,1N/568/4.81,20,W, ,ELIZABETH ST,201443953,19/07/2014,Sat,17,CB,CW1,129A 357A ,T,R,W,DO,F , ,N,L,50,0,0,0,,,1816128,5803572
Waipa District,1N/568/4.938,5,E, ,HALL ST,201447112,14/10/2014,Tue,1710,FA,CE1C,181A 331A ,,R,D,B ,F ,X,S,C,50,0,0,0,,,1816255,5803577
Waipa District,1N/568/5.16,, ,I,GREY ST,201411251,07/02/2014,Fri,1020,GD,CE1C,331A 350A ,,R,D,B ,F ,X,S,R,50,0,1,2,,,1816477,5803588
Waipa District,1N/568/5.18,20,E, ,GREY ST,201416289,04/10/2014,Sat,1044,FC,CW1C,331A ,,R,W,O ,H , , ,X,50,0,0,3,,,1816497,5803589
Waipa District,1N/568/5.18,20,E, ,GREY ST,201446296,14/10/2014,Tue,1640,FD,CE1C4,331A 353A ,,R,D,BF,F , ,N,C,50,0,0,0,,,1816497,5803589
Waipa District,BRYCE ST,, ,I,1N/568/5.381,201445343,23/09/2014,Tue,1511,FB,CN1C,181A ,,R,D,B ,F ,X,S,C,50,0,0,0,,,1816698,5803598
Waipa District,1N/568/5.381,, ,I,BRYCE ST,201443629,25/08/2014,Mon,1300,GD,CE1C,331A ,,R,D,B ,F ,X,S,C,50,0,0,0,,,1816698,5803598
Waipa District,1N/568/5.391,10,E, ,BRYCE ST,201411761,21/02/2014,Fri,1630,MC,4W1C,372B ,,R,D,B ,F ,X,S,C,50,0,0,1,,,1816708,5803598
Waipa District,1N/568/5.401,20,E, ,BRYCE ST,201447435,14/11/2014,Fri,2150,CB,VE1,130A 410A ,T,R,D,DO,F , ,N,C,50,0,0,0,,,1816718,5803598
Waipa District,1N/568/5.515,50,W, ,SH 1N VICTORIA,201430137,13/01/2014,Mon,1650,GD,CW1C,331A 358A 929 ,,R,D, F,F ,D, ,C,50,0,0,0,,,1816832,5803601
Waipa District,1N/568/5.55,15,W, ,VICTORIA ST,201435252,23/04/2014,Wed,820,FC,TE1T,181A ,,R,D,B ,F ,T,N,X,50,0,0,0,,,1816867,5803602
Waipa District,1N/568/5.55,15,W, ,VICTORIA ST,201413429,31/05/2014,Sat,1015,FD,VE1C,331A ,,R,D,B ,F , , ,C,50,0,1,0,,,1816867,5803602
Waipa District,1N/568/5.555,10,W, ,SH 1B,201412688,07/04/2014,Mon,900,FC,TE14,181A ,,R,D,BF,F ,T,N,X,50,0,0,1,,,1816872,5803603
Waipa District,1N/568/5.565,, ,I,SH 1B,201414978,03/07/2014,Thu,1343,JA,VN14C,302A ,Q,M,D,OF,F ,T,G,R,50,0,1,0,,,1816882,5803603
Waipa District,1N/568/5.565,, ,I,SH 1N VICTORIA,201443008,24/08/2014,Sun,1625,JA,4N1C,302A 361A ,,M,D,B ,F ,T,G,R,50,0,0,0,,,1816882,5803603
Waipa District,1N/568/5.565,, ,I,SH 1N VICTORIA HAMILTON,201433122,07/03/2014,Fri,1101,JA,CN2CB,302A ,,M,D,B ,F ,T,G,R,50,0,0,0,,,1816882,5803603
Waipa District,1N/568/5.565,, ,I,SH 1N HAMILTON,201415545,18/08/2014,Mon,1540,JA,CN1C,302A 335A ,,E,D,B ,F ,T,G,R,50,0,0,2,,,1816882,5803603
Waipa District,1N/568/5.565,, ,I,SH 1N HAMILTON VICTORIA,201443641,24/08/2014,Sun,1555,JC,CE2M,304B 330B ,,M,D,B ,F ,T,G,R,50,0,0,0,,,1816882,5803603
Waipa District,1N/568/5.636,200,N, ,SH 1N QUEEN,201430138,08/01/2014,Wed,1913,FA,CS1V,331A 387A 145B 192B ,,R,D,B ,F , , ,C,50,0,0,0,,,1816911,5803537
Waipa District,QUEEN ST,, ,I,1N/568/5.836,201447436,13/11/2014,Thu,2135,HA,CS2C,302A 375A ,,R,W,DO,L ,R,G,R,50,0,0,0,,,1816965,5803345
Waipa District,1N/568/5.873,20,E, ,VICTORIA ST,201447109,30/01/2014,Thu,1720,AC,CE1C,159A 357A 434A 357B 434B ,,R,D,O ,F , , ,R,50,0,0,0,,,1816997,5803338
Waipa District,1N/568/5.949,20,E, ,LAKE ST,201446487,13/09/2014,Sat,1155,FD,CW1V,331A 350A ,,R,D,OF,F , ,N,R,50,0,0,0,,,1817074,5803342
Waipa District,1N/568/5.959,30,E, ,LAKE ST,201439501,02/06/2014,Mon,1138,FD,CW1CC,181A ,,R,D,O ,F , , ,P,50,0,0,0,,,1817084,5803343
Waipa District,1N/568/6.004,200,W, ,ANZAC ST,201414436,18/07/2014,Fri,1558,CB,CE1,136A 622A ,V,R,D,BN,F , ,N,L,100,0,0,1,,,1817129,5803344
Waipa District,EMPIRE ST,, ,I,1N/568/6.051,201441560,14/08/2014,Thu,1016,DA,CE1CC,111A 131A ,M,M,W,O ,F ,T,G,C,50,0,0,0,,,1817175,5803346
Waipa District,1N/568/6.071,20,E, ,EMPIRE ST,201443952,18/07/2014,Fri,1400,FD,CW1C,331A 353A ,,R,D,BF,F , ,N,C,50,0,0,0,,,1817195,5803347
Waipa District,1N/568/6.204,, ,I,ANZAC ST,201430140,30/01/2014,Thu,1125,AC,TW1C,159A 370A ,,R,D,BF,F ,T,N,L,50,0,0,0,,,1817329,5803352
Waipa District,1N/568/6.254,50,E, ,ANZAC ST,201450305,13/11/2014,Thu,1500,FD,CW1C,181A ,,R,D,BF,F , ,N,C,50,0,0,0,,,1817379,5803354
Waipa District,1N/568/6.354,150,E, ,ANZAC ST,201432905,28/02/2014,Fri,1540,AA,CW1V,372A 402A 671A ,,R,D,B ,F , , ,L,50,0,0,0,,,1817478,5803359
Waipa District,1N/568/6.518,20,N, ,QUEEN ST,201449347,03/12/2014,Wed,1215,MD,CN1C,308B 370B 927 ,,R,D,B ,F ,D, ,P,50,0,0,0,,,1817623,5803346
Waipa District,1N/568/6.528,30,N, ,QUEEN ST,201413591,11/07/2014,Fri,1557,CB,CN1C4,130A 501A ,M,R,W,O ,F , , ,R,50,0,0,2,,,1817624,5803336
Waipa District,1N/568/6.578,80,N, ,QUEEN ST,201435245,10/04/2014,Thu,1555,MB,TS1C,303B ,,R,W,O ,F , , ,R,50,0,0,0,,,1817626,5803286
Waipa District,1N/568/6.658,160,N, ,QUEEN ST,201442787,25/07/2014,Fri,1910,MC,CN1C,372B ,,R,D,DN,F , ,N,C,80,0,0,0,,,1817630,5803207
Waipa District,GILLIES ST,, ,I,1N/568/6.695,201439810,20/06/2014,Fri,833,GF,TS1C,179A 158B 333B 381B ,,R,D,B ,F ,X,G,N,50,0,0,0,,,1817631,5803170
Waipa District,1N/568/6.695,, ,I,GILLIES ST,201442558,23/07/2014,Wed,1525,GF,TW24,381A 671A ,,M,D,BF,F ,X,G,C,50,0,0,0,,,1817631,5803170
Waipa District,1N/568/6.695,, ,I,GILLIES ST,201410405,02/01/2014,Thu,1056,LB,CS1C,303B ,,R,D,B ,F ,X,G,L,50,0,0,1,,,1817631,5803170
Waipa District,1N/568/6.745,50,S, ,GILLIES ST,201447108,16/10/2014,Thu,1311,GD,CS1C,181A 331A 333A 927 ,,R,D,O ,F ,D, ,L,50,0,0,0,,,1817636,5803120
Waipa District,1N/568/6.87,, ,I,DUKE ST,201450413,13/12/2014,Sat,1120,FB,CE1C,181A ,,E,D,BN,F ,T,G,P,50,0,0,0,,,1817664,5803000
Waipa District,1N/568/6.963,, ,I,WILLIAMSON ST,201418513,13/12/2014,Sat,1058,JA,CW1C,302B ,,M,D,BF,F ,T,G,L,50,0,0,1,,,1817729,5802936
Waipa District,1N/568/7.21,50,W, ,SHAKESPEARE ST,201438286,06/04/2014,Sun,718,EC,CE1,341A 363A 817 902 ,X,R,D,BF,F , , ,R,70,0,0,0,,,1817970,5802971
Waipa District,1N/568/7.21,50,W, ,SHAKESPEARE ST,201443012,05/09/2014,Fri,1346,CC,4E1T,130A 350A 412A ,I,R,D,O ,F , , ,R,70,0,0,0,,,1817970,5802971
Waipa District,1N/574/0,, ,I,SHAKESPEARE ST,201449348,02/12/2014,Tue,300,DA,CW1,111A 131A 358A ,X,E,D,DO,F ,R,G,R,50,0,0,0,,,1818019,5802984
Waipa District,1N/574/0.015,15,E, ,SHAKESPEARE ST,201442780,09/07/2014,Wed,1713,FA,CE1CC,112A 331A ,,R,W,DO,L ,R,G,R,50,0,0,0,,,1818034,5802986
Waipa District,1N/574/0.2,200,E, ,SHAKESPEARE ST,201447102,21/09/2014,Sun,1404,DA,CE1,131A 350A ,P,E,D,O ,F , , ,C,70,0,0,0,,,1818216,5803017
Waipa District,1N/574/0.2,200,E, ,SHAKESPEARE ST,201436516,24/04/2014,Thu,1210,FA,CW1V,110A 181A 331A 801 ,,E,W,O ,L , , ,C,70,0,0,0,,,1818216,5803017
Waipa District,1N/574/0.2,200,E, ,SHAKESPEARE ST,201413705,12/05/2014,Mon,1713,FD,CW1CC,181A ,,E,D,TF,F , ,N,L,70,0,0,3,,,1818216,5803017
Waipa District,1N/574/0.5,500,E, ,SHAKESPEARE ST,201435997,03/04/2014,Thu,1700,CA,TN1,135A 901 ,,R,W,BN,H , ,N,N,100,0,0,0,,,1818513,5802983
Waipa District,1N/574/1,1000,E, ,SHAKESPEARE ST,201417615,29/10/2014,Wed,1535,FD,CW1CC,112A 181A ,,R,D,B ,H , ,N,C,100,0,0,2,,,1819009,5802918
Waipa District,1N/574/1,1000,E, ,SHAKESPEARE ST,201435032,20/04/2014,Sun,1445,FD,400000000000000,181A ,,R,W,O ,H , ,N,C,100,0,0,0,,,1819009,5802918
Waipa District,1N/574/1.2,1200,E, ,SHAKESPEARE ST,201432733,24/02/2014,Mon,806,FA,CE1V,363A 331B 902 ,,R,D,B ,F , , ,L,100,0,0,0,,,1819208,5802893