TLANAME,CRASHROAD,CRASHDIST,CRASHDIRN,INTSN,SIDEROAD,CRASHID,CRASHDATE,CRASHDOW,CRASHTIME,MVMT,VEHICLES,CAUSES,OBJECTSSTRUCK,ROADCURVE,ROADWET,LIGHT,WTHRa,JUNCTYPE,TRAFCTRL,ROADMARK,SPDLIM,CRASHFATALCNT,CRASHSEVCNT,CRASHMINCNT,PERSAGE1,PERSAGE2,EASTING,NORTHING
Waipa District,1N/574/1.26,60,W, ,GOLF CLUB ENT,201432746,14/02/2014,Fri,,FD,CW1V,331A ,,R,D,B ,F , , ,C,100,0,0,0,,,1819267,5802885
Waipa District,1N/574/3.583,1100,N, ,HICKEY ROAD,201411243,31/01/2014,Fri,1854,FD,VS1C,331A 358A ,,R,D,B ,F , , ,C,100,0,0,1,,,1821322,5802043
Waipa District,1N/574/3.883,800,N, ,HICKEY ROAD,201440176,22/06/2014,Sun,1700,FD,CN1C,181A ,,E,D,B ,F , ,N,C,80,0,0,0,,,1821558,5801858
Waipa District,1N/574/3.9,3900,E, ,SHAKESPEARE ST,201412687,27/02/2014,Thu,1811,CA,CW1,410A ,P,R,D,BN,F , ,N,L,100,0,0,1,,,1821571,5801848
Waipa District,1N/574/3.983,700,N, ,HICKEY ROAD,201411244,16/02/2014,Sun,158,CB,CN1,501A ,G,R,D,DN,F , , ,C,100,0,0,1,,,1821637,5801796
Waipa District,1N/574/4.784,100,E, ,HICKEY ROAD,201447953,27/08/2014,Wed,30,CB,CE1,195A ,F,R,D,DN,F , , ,C,100,0,0,0,,,1822333,5801441
Waipa District,1N/574/4.85,1000,W, ,HYDRO ROAD,201434753,04/05/2014,Sun,1000,AC,VN1C,159A 372A ,,R,D,BN,  , ,N,C,100,0,0,0,,,1822389,5801405
Waipa District,1N/574/5.1,750,W, ,HYDRO ROAD,201400272,29/11/2014,Sat,1135,MB,4W1C,330B 372B ,,R,D,B ,F , ,N,C,100,1,1,0,,,1822596,5801265
Waipa District,1N/574/5.55,300,W, ,HYDRO ROAD,201400054,07/03/2014,Fri,1342,NA,VW1E,711B ,,R,D,B ,F , ,N,C,100,1,0,0,,,1822968,5801012
Waipa District,1N/574/5.85,, ,I,HYDRO ROAD,201435999,03/04/2014,Thu,641,JA,4W1C,302B 375B ,,R,D,DO,F ,T,G,P,100,0,0,0,,,1823219,5800847
Waipa District,1N/574/5.85,, ,I,HYDRO ROAD,201413640,29/05/2014,Thu,1756,MC,4W14,197A 330B 372B 801 ,F,E,W,DO,L ,T,G,C,100,0,0,2,,,1823219,5800847
Waipa District,1N/574/6.991,300,N, ,KARAPIRO ROAD,201418288,29/12/2014,Mon,805,CA,CN1,140A ,F,R,D,O ,F , , ,C,100,0,0,1,,,1824300,5800495
Waipa District,1N/574/8.506,700,N, ,GORTON ROAD,201413404,04/06/2014,Wed,915,BF,VN1T,410A ,,R,D,O ,F , , ,C,100,0,0,1,,,1825404,5799489
Waipa District,1N/574/13.419,500,W, ,KENTUCKY ROAD W,201443774,19/05/2014,Mon,1345,AD,CE1,130A 404A ,V,R,D,B ,F , , ,C,100,0,0,0,,,1829051,5796754
Waipa District,1N/574/14.907,500,W, ,KENTUCKY ROAD,201435300,25/01/2014,Sat,1335,QG,40,665A ,C,E,D,B ,F , , ,L,100,0,0,0,,,1830421,5796309
Waipa District,21/2/0.113,90,S, ,WAIKATO RIV BR,201447442,11/11/2014,Tue,1814,DB,4S1,103A 354A ,F,E,W,O ,F , ,N,C,100,0,0,0,,,1806503,5809124
Waipa District,21/2/0.441,800,N, ,RAYNES ROAD,201412109,27/04/2014,Sun,945,CB,CS1,130A 804 ,FT,R,D,B ,F , , ,C,100,0,0,2,,,1806515,5808801
Waipa District,21/2/1.241,, ,I,RAYNES ROAD,201413295,13/06/2014,Fri,734,JA,CN1C,302B 314B ,,E,D,B ,F ,T,G,P,100,0,0,2,,,1806300,5808066
Waipa District,21/2/1.241,, ,I,RAYNES ROAD,201436439,07/05/2014,Wed,939,JA,CN1C,302B 375B ,,R,D,OF,F ,T,G,C,100,0,0,0,,,1806300,5808066
Waipa District,21/2/2.025,3000,E, ,SH 3,201434645,24/03/2014,Mon,1455,CC,CW1,130A 358A ,V,R,D,BN,F , ,N,C,100,0,0,0,,,1805915,5807387
Waipa District,21/2/2.141,900,S, ,RAYNES ROAD,201432892,13/02/2014,Thu,2120,DB,CS1,131A ,V,S,W,DN,L , , ,C,100,0,0,0,,,1805863,5807283
Waipa District,3/5/0.2,200,S, ,RAYNES ROAD,201446970,18/10/2014,Sat,1841,DA,CN1,111A 131A ,P,E,W,TN,L , ,N,C,100,0,0,0,,,1802962,5808574
Waipa District,3/5/1.82,20,W, ,NARROWS ROAD,201447464,31/10/2014,Fri,1231,FA,CE1C,181A ,,E,D,B ,F , ,N,C,100,0,0,0,,,1803683,5807400
Waipa District,3/5/1.86,20,E, ,NARROWS ROAD,201443931,14/07/2014,Mon,1550,DB,CW1,131A 410A ,F,E,D,ON,F , ,N,C,100,0,0,0,,,1803723,5807401
Waipa District,3/5/3.017,20,S, ,PENNIKET ROAD,201415416,09/08/2014,Sat,1822,NB,CN1E,713B ,,E,D,DN,F , , ,C,100,0,0,1,46,,1804492,5806698
Waipa District,3/5/4.26,200,N, ,SH 21,201443006,05/09/2014,Fri,805,CC,CN1,130A 358A 801 ,C,R,W,O ,L , , ,C,100,0,0,0,,,1804345,5805468
Waipa District,3/10/0,, ,I,SH 21,201447117,14/06/2014,Sat,1500,JA,CS1C,327A 330A 314B 817 ,,R,D,O ,F ,T,G,R,100,0,0,0,,,1804303,5805273
Waipa District,3/10/0.2,200,S, ,AIRPORT ROAD,201438241,12/06/2014,Thu,655,EC,CN1,821 901 ,X,R,W,DN,H , ,N,C,100,0,0,0,,,1804237,5805084
Waipa District,3/10/1.311,1490,N, ,DOUCH ROAD,201413738,02/05/2014,Fri,411,EC,VN1,912,W,R,D,DO,F , ,N,P,100,0,1,0,,,1803958,5804020
Waipa District,3/10/2.648,200,N, ,KAIPAKI ROAD,201430321,11/01/2014,Sat,1450,DB,CS1,103A 354A ,W,M,D,B ,F , ,N,C,100,0,0,0,,,1803563,5802760
Waipa District,3/10/3.302,100,N, ,WEST ROAD,201413292,15/05/2014,Thu,630,BE,CS1C,125A 410A ,,R,D,DN,F , ,N,C,80,0,0,1,,,1803642,5802110
Waipa District,3/10/3.422,20,S, ,WEST ROAD,201415412,19/08/2014,Tue,855,DA,CS1,131A 197A ,G,E,D,O ,F , , ,C,70,0,0,1,,,1803655,5801991
Waipa District,3/10/3.652,250,S, ,WEST ROAD,201449588,28/11/2014,Fri,1730,DA,CS1,410A ,P,E,D,B ,F , , ,C,100,0,0,0,,,1803586,5801777
Waipa District,3/10/5.522,700,S, ,FORKERT ROAD,201451043,21/12/2014,Sun,1452,EC,4S1,112A 129A ,P,R,D,OF,F , ,N,C,70,0,0,0,,,1802987,5800322
Waipa District,3/16/0.612,40,N, ,SH 3 OFF RAMP,201430517,17/01/2014,Fri,1330,FC,VN1C,191A 331A ,,R,D,B ,F , , ,P,50,0,0,0,,,1803034,5799610
Waipa District,3/16/0.672,100,S, ,RYBURN ROAD,201411262,16/02/2014,Sun,125,DB,CS1,130A 501A ,F,E,D,DF,F , , ,C,100,0,1,1,,,1803050,5799553
Waipa District,3/16/0.922,350,S, ,RYBURN ROAD,201411249,22/02/2014,Sat,823,CB,CN1,129A 130A 354A ,F,R,D,B ,F , , ,C,100,0,0,1,,,1803185,5799343
Waipa District,3/16/1.571,390,N, ,SOWERBY ROAD,201447346,01/11/2014,Sat,2129,EC,CN1,912,W,E,D,DN,F , ,N,C,100,0,0,0,,,1803400,5798754
Waipa District,3/16/2.161,200,S, ,SOWERBY ROAD,201437782,02/06/2014,Mon,1930,DB,4N1,103A 131A 358A ,FT,E,D,DN,F , , ,C,100,0,0,0,,,1803322,5798181
Waipa District,3/16/3.778,250,N, ,JARY ROAD,201400112,19/05/2014,Mon,1751,BF,CN1CVT,131A 410A 104B ,,E,D,TN,F , , ,L,100,1,0,1,,,1803641,5796680
Waipa District,3/16/4.088,60,S, ,JARY ROAD,201432747,15/02/2014,Sat,1630,CB,CN1,130A 524A ,F,R,D,B ,F , , ,L,100,0,0,0,,,1803714,5796382
Waipa District,3/16/4.428,400,S, ,JARY ROAD,201410729,28/02/2014,Fri,1915,CB,CN1,137A 198A ,F,R,D,B ,F , ,N,C,100,0,0,1,,,1803664,5796047
Waipa District,3/16/4.528,500,S, ,JARY ROAD,201410437,26/01/2014,Sun,1405,CA,VN1,130A 358A ,,R,D,O ,F , , ,C,100,0,0,3,,,1803644,5795948
Waipa District,3/16/4.878,850,S, ,JARY ROAD,201449361,05/12/2014,Fri,2143,CB,CN1,130A 402A ,F,R,D,DN,F , , ,L,100,0,0,0,,,1803576,5795605
Waipa District,3/16/5.869,400,N, ,THOMPSON ROAD,201415503,19/08/2014,Tue,1325,DB,CW1,501A ,F,E,D,O ,F , , ,C,70,0,0,1,,,1804028,5794919
Waipa District,3/16/7.41,1300,N, ,GREENHILL DRIVE,201411733,03/03/2014,Mon,1035,AF,CN1T,104A 130A 104B 632B ,,E,D,O ,F , , ,C,100,0,1,2,,,1804344,5793547
Waipa District,3/16/7.51,1200,N, ,GREENHILL DRIVE,201438763,17/04/2014,Thu,1405,DB,CS1,131A ,F,M,W,ON,H , ,N,C,100,0,0,0,,,1804317,5793451
Waipa District,3/16/8.257,10,S, ,NARROWS ROAD,201412113,25/04/2014,Fri,1750,DB,CS1,131A 402A ,FT,M,W,DN,L ,T,S,C,100,0,0,1,,,1804517,5792781
Waipa District,3/16/8.31,400,N, ,GREENHILL DRIVE,201449411,12/12/2014,Fri,58,DA,4S1,140A ,FP,E,D,DN,F , , ,L,100,0,0,0,,,1804526,5792728
Waipa District,3/16/8.73,20,S, ,GREENHILL DRIVE,201446904,06/10/2014,Mon,2224,CB,CS1,103A 130A ,C,R,W,DO,F , ,N,P,70,0,0,0,,,1804446,5792320
Waipa District,3/16/9.387,100,S, ,RACECOURSE ROAD,201447107,14/10/2014,Tue,430,FD,CS1C,181A 331A 352A 191B ,,R,D,DO,F , , ,C,70,0,0,0,,,1804331,5791677
Waipa District,3/16/10.059,30,S, ,SHANEL PLACE,201450304,06/11/2014,Thu,600,DB,CS1,103A 111A 131A ,FJ,M,D,DO,F , ,N,C,50,0,0,0,,,1804321,5791016
Waipa District,ARAWATA ST,, ,I,3/16/10.397,201440078,04/07/2014,Fri,1655,HA,CN2C,302A ,,R,D,BF,F ,R,G,R,50,0,0,0,,,1804545,5790782
Waipa District,CAMBRIDGE ROAD,, ,I,3/16/10.397,201435253,21/03/2014,Fri,1606,KB,VS2C,302B ,,E,D,B ,F ,R,G,R,50,0,0,0,,,1804545,5790782
Waipa District,3/16/10.397,, ,I,ARAWATA ST,201440072,04/07/2014,Fri,1400,GC,CN1C,173A ,,R,D,BF,F ,R,G,R,50,0,0,0,,,1804545,5790782
Waipa District,3/16/10.991,, ,I,PARK ROAD,201446907,02/10/2014,Thu,1156,LB,4S1V,303B 375B ,,M,D,BF,F ,T,G,R,50,0,0,0,,,1804425,5790283
Waipa District,3/16/11.259,, ,I,VAILE ST,201444270,09/09/2014,Tue,1052,HA,CS1C,302A 375A ,,E,D,B ,F ,R,G,R,50,0,0,0,,,1804175,5790208
Waipa District,3/16/11.259,, ,I,VAILE ST,201435996,27/03/2014,Thu,721,HA,VE1T,302A 375A ,,M,D,BF,F ,R,G,R,50,0,0,0,,,1804175,5790208
Waipa District,3/16/11.355,, ,I,RICKIT ROAD,201434745,12/04/2014,Sat,40,JC,CW2V,302A 375A ,,R,D,DO,F ,T,G,C,50,0,0,0,,,1804142,5790135
Waipa District,3/16/11.551,, ,I,BRADY ST,201438974,26/04/2014,Sat,1000,KB,CS2C,321A 375A ,,R,W,OF,F ,T,S,R,50,0,0,0,,,1804049,5789965
Waipa District,3/16/12.163,50,N, ,BRIDGMAN ROAD,201435560,29/04/2014,Tue,716,DA,CN1,131A 352A 407A 800 ,F,E,W,O ,F , , ,C,100,0,0,0,,,1804158,5789407
Waipa District,3/16/13.717,410,N, ,MCGHIE ROAD,201439807,30/06/2014,Mon,1456,QG,VN1,131A 665A 682A 901 ,K,E,W,O ,H , , ,C,80,0,0,0,,,1805200,5788370
Waipa District,3/16/14.616,50,N, ,HAVELOCK ST,201445661,01/10/2014,Wed,2150,DA,CS1,410A ,X,E,D,DO,F , , ,C,50,0,0,0,,,1805765,5787692
Waipa District,3/16/15.617,, ,A,MCANDREW ST,201435418,02/05/2014,Fri,1305,CB,ON1,129A ,F,R,D,BF,F ,T,G,C,70,0,0,0,,,1805811,5786722
Waipa District,3/16/17.059,170,S, ,ALLEN ROAD,201438237,09/06/2014,Mon,534,CC,CS1,129A ,F,R,W,DN,L , ,N,C,100,0,0,0,,,1805658,5785311
Waipa District,3/16/18.08,, ,I,NGAHUIA PLACE,201413626,14/05/2014,Wed,1744,JA,VS1CE,197A 370A 402B 422B 433B 721C 801 830+,,R,W,DO,L ,T,G,C,100,0,1,1,,,1805381,5784328
Waipa District,3/16/19.474,1000,S, ,WAIKERIA ROAD,201438605,13/06/2014,Fri,1730,GC,CN1C,174B 929 ,,E,D,O ,F ,D,N,L,100,0,0,0,,,1805310,5782961
Waipa District,3/16/19.528,1070,S, ,WAIKERIA ROAD,201415885,16/09/2014,Tue,2016,DB,CS1,111A 131A 351A 901 ,,E,W,DN,H , , ,C,100,0,0,1,,,1805324,5782893
Waipa District,39/18/6.676,30,N, ,BERKERS ROAD,201446642,04/10/2014,Sat,2210,DA,VS1,103A 131A ,F,E,W,DN,L , , ,C,100,0,0,0,,,1792454,5809018
Waipa District,39/18/8.028,250,N, ,TUHIKARAMEA ROAD,201415339,05/08/2014,Tue,1432,BF,4S1C,129A 134A 404A ,,R,D,B ,F , ,N,C,100,0,0,2,,,1792958,5807897
Waipa District,39/18/8.278,, ,I,TUHIKARAMEA ROAD,201418476,30/12/2014,Tue,1328,GE,MN1C,155A 160A 173A ,,R,D,O ,F ,T,G,L,100,0,0,1,,,1792881,5807660
Waipa District,39/18/8.278,, ,I,TUHIKARAMEA ROAD,201440145,01/07/2014,Tue,824,BC,VE1C,111A 122A ,,E,W,O ,F ,T,G,C,100,0,0,0,,,1792881,5807660
Waipa District,39/18/9.823,100,N, ,FINLAYSON ROAD,201434361,09/03/2014,Sun,1200,FD,CN1C,181A ,,M,D,B ,F , , ,C,100,0,0,0,,,1792972,5806150
Waipa District,39/18/12.537,390,S, ,DUNCAN ROAD,201438240,26/05/2014,Mon,1516,DB,VN1,131A 350A ,F,M,D,BF,F , ,N,C,70,0,0,0,,,1793939,5803636
Waipa District,39/18/14.57,300,S, ,COCHRANE ROAD,201434248,13/02/2014,Thu,1722,DA,CN1,130A 197A 363A 902 ,F,E,D,B ,F , , ,C,100,0,0,0,,,1794031,5801663
Waipa District,39/18/15.07,800,S, ,COCHRANE ROAD,201415933,27/08/2014,Wed,247,DB,CN1,104A 131A 359A ,G,M,D,DN,F , , ,C,100,0,0,1,,,1794459,5801422
Waipa District,39/33/1.113,100,S, ,MEADWAY ROAD,201446958,28/09/2014,Sun,2048,DB,CS1,134A 358A ,V,E,W,DN,L , ,N,C,100,0,0,0,,,1794830,5800284
Waipa District,39/33/1.894,4000,S, ,NGAHINAPOURI ROAD,201437764,29/05/2014,Thu,1500,CC,TS1,131A ,V,R,W,O ,F , , ,C,100,0,0,0,,,1794231,5799863
Waipa District,39/33/4.159,, ,I,ALCOCK ROAD,201415012,28/07/2014,Mon,2145,JA,TN14,302B 370B 402B ,,E,D,DN,F ,T,G,C,100,0,1,0,,,1792521,5798768
Waipa District,39/33/6.478,200,N, ,BELL ROAD,201433127,23/03/2014,Sun,1051,CB,CS1,129A 358A ,FT,R,D,B ,F , , ,C,100,0,0,0,,,1792616,5796529
Waipa District,39/33/7.678,1000,S, ,BELL ROAD,201440157,02/07/2014,Wed,1330,DA,CN1,129A 134A ,C,M,W,O ,F , ,N,C,100,0,0,0,,,1792584,5795365
Waipa District,39/43/1.129,200,S, ,BAFFIN ST,201441738,12/07/2014,Sat,1654,CC,CS1,130A 412A 901 ,FT,R,W,DN,H , , ,C,70,0,0,0,,,1793212,5792596
Wairoa District,CLYDE ROAD,, ,I,LAHORE ST,201437856,07/06/2014,Sat,1648,HA,CN2C,302B 375B ,,R,D,DO,F ,X,G,C,50,0,0,0,,,1982876,5669387
Wairoa District,CRARER ST,250,E, ,MACKLEY ST,201410298,13/02/2014,Thu,1715,PA,CE1E,129A 363A ,,R,D,B ,F , ,N,C,50,0,0,1,,,1982425,5670912
Wairoa District,CRARER ST,60,W, ,MACKLEY ST,201434164,12/04/2014,Sat,840,LB,CE1C,303B 382B 929 ,,R,D,B ,F ,D, ,N,50,0,0,0,,,1982117,5670937
Wairoa District,CRICKLEWOOD ROAD,50,W, ,WAIKOPIRO ROAD,201413413,20/06/2014,Fri,1,DB,MW1,103A 131A 532A 813 ,X,E,D,DN,F , , ,N,100,0,1,0,,,1966118,5675272
Wairoa District,KAKARIKI FARM ROAD,3000,N, ,SH 2,201413512,05/07/2014,Sat,2130,DB,CS1,103A 111A 131A ,F,E,D,DN,F , , ,N,100,0,1,0,,,1948815,5670533
Wairoa District,KITCHENER ST,130,N, ,KAURI ST,201430560,26/01/2014,Sun,2115,GB,VN1CC,103A 130A 158A 929 ,FHM,R,W,DO,L ,D,N,N,50,0,0,0,,,1982671,5668869
Wairoa District,LAHORE ST,, ,I,CLYDE ROAD,201412531,02/05/2014,Fri,1755,HA,CN1S,105B 312B 602B ,,R,D,TO,F ,X,G,C,50,0,0,1,,58,1982876,5669387
Wairoa District,MAHIA EAST COAST ROAD,50,E, ,KAIWAITAU ROAD,201416782,02/11/2014,Sun,700,DA,CW1,103A 131A 410A ,CX,E,D,B ,F , , ,N,100,0,1,0,,,2022054,5663761
Wairoa District,MAHIA EAST COAST ROAD,5000,S, ,NUKUTAURUA ROAD,201450765,23/12/2014,Tue,1005,BC,CN1C,129A ,,E,D,ON,F , ,N,N,80,0,0,0,,,2027610,5657059
Wairoa District,MAHIA EAST COAST ROAD,12000,S, ,WAINUIORANGI ROAD,201439042,19/06/2014,Thu,758,DA,CN1,135A 400A 813 ,V,M,D,DN,F , ,N,N,100,0,0,0,,,2022448,5647487
Wairoa District,MARINE PARADE,130,W, ,DELHI ST,201448342,09/12/2014,Tue,1330,EA,BE1C,385A ,M,R,D,B ,F , ,N,C,50,0,0,0,,,1982999,5670170
Wairoa District,MARINE PARADE,140,W, ,LOCKE ST,201412479,25/04/2014,Fri,950,MC,ME1C,351B 372B ,,R,D,B ,F , , ,C,50,0,0,1,,,1982690,5670223
Wairoa District,MARINE PARADE,70,E, ,SH 2,201417695,25/11/2014,Tue,1205,NA,CW1EEE,306A 376A ,,R,D,B ,F , ,N,X,50,0,0,3,57,,1982569,5670246
Wairoa District,MCLEAN ST,50,S, ,LAHORE ST,201418005,08/10/2014,Wed,2150,CB,CN1,504A ,P,R,D,DO,F , ,N,C,50,0,0,1,,,1983141,5668866
Wairoa District,MOHAKA TOWNSHIP ROAD,2200,S, ,SH 2,201432870,27/02/2014,Thu,1230,BC,CN14,121A ,,S,D,B ,F , , ,N,100,0,0,0,,,1963473,5663465
Wairoa District,NUHAKA OPOUTAMA ROAD,, ,I,WAI ST,201443220,04/08/2014,Mon,1200,EC,TE1,386A ,X,E,W,O ,L ,T,N,N,70,0,0,0,,,2011038,5667580
Wairoa District,NUHAKA OPOUTAMA ROAD,700,W, ,WAIKOKOPU ROAD,201416838,07/11/2014,Fri,1650,DB,4N1,129A 134A ,,M,D,B ,F , ,N,N,100,0,0,1,,,2017028,5664348
Wairoa District,OPOUTAMA ROAD,160,W, ,NUHAKA OPOUTAMA ROAD N,201414424,17/07/2014,Thu,1945,DA,4N1,101A 131A ,,S,W,DO,H , ,N,N,70,0,0,1,,,2018127,5665715
Wairoa District,PATUNAMU ROAD,1300,S, ,RUAPAPA ROAD,201414739,09/06/2014,Mon,1100,DB,VN1,111A 131A 402A ,,E,D,O ,F , , ,N,100,0,2,1,,,1967221,5680949
Wairoa District,QUEEN ST,210,E, ,DELHI ST,201412564,01/05/2014,Thu,1010,MO,SW1V,204A 330A 378B 929 ,,R,D,B ,F ,D, ,N,50,0,1,0,,12,1983316,5669993
Wairoa District,QUEEN ST,100,W, ,MANSFIELD ST,201417694,25/12/2014,Thu,1015,MO,ME1,110A 204A 929 ,F,R,D,B ,F ,D,N,C,50,0,1,0,,,1983430,5669976
Wairoa District,RUAPAPA ROAD,500,S, ,SH 38,201433137,02/04/2014,Wed,1210,DB,TN1,111A 131A ,,S,D,B ,F , , ,C,100,0,0,0,,,1969599,5682936
Wairoa District,SH 38,, ,A,UNKNOWN,201410304,04/01/2014,Sat,1600,DB,CS1,138A ,C,M,D,ON,F , ,N,N,100,0,0,2,,,0,0
Wairoa District,TE KAHU ROAD,1000,N, ,SH 2,201412544,29/04/2014,Tue,1605,BB,VS1T,123A 129A 205A ,,M,D,B ,F , , ,N,100,0,2,6,,,1961483,5666308
Wairoa District,TINIROTO ROAD,1000,N, ,SH 38,201444992,19/10/2014,Sun,2000,CC,CN1,101A 125A ,,R,W,DN,F , ,N,C,100,0,0,0,,,1982887,5678217
Wairoa District,WAIHIRERE ROAD,970,N, ,RUATANIWHA ROAD,201417693,20/12/2014,Sat,1900,CB,TE1,101A 351A ,V,R,D,DN,F , ,N,C,70,0,0,1,,,1981141,5670419
Wairoa District,WAIKAREMOANA ROAD,140,N, ,ORANGIHIKOIA STM BR,201412647,13/02/2014,Thu,1522,BB,4S14,129A ,,M,D,ON,F , ,N,N,100,0,0,2,,,1951562,5712435
Wairoa District,WHAKAMAHI ROAD,940,W, ,KOPU ROAD,201437825,09/01/2014,Thu,715,CC,40,135A 138A 901 ,,R,W,O ,H , ,N,N,100,0,0,0,,,1981149,5667128
Wairoa District,WHAKAMAHI ROAD,1750,E, ,WHAKAMAHI BR,201441940,13/08/2014,Wed,1630,DB,CW1,131A 402A ,V,M,D,B ,F , , ,N,100,0,0,0,,,1981115,5667126
Wairoa District,2/483/3.759,2000,S, ,MARAENUI ROAD,201415150,15/08/2014,Fri,2200,DA,VN1,131A 402A 412A 803 903 ,T,E,I,DN,SS, , ,N,100,0,1,0,,,2016549,5678499
Wairoa District,2/483/4.449,5300,N, ,TUNANUI ROAD,201412362,10/04/2014,Thu,910,DA,CS1,111A 131A 402A 634A 801 ,FT,M,W,O ,L , , ,C,100,0,0,2,,,2016272,5677935
Wairoa District,2/483/7.749,2000,N, ,TUNANUI ROAD,201417484,13/11/2014,Thu,930,DB,CN1,111A 131A ,T,E,W,OF,L , ,N,C,100,0,1,0,,,2014811,5676108
Wairoa District,2/483/8.249,1500,N, ,TUNANUI ROAD,201418569,31/12/2014,Wed,1800,DA,CS1,111A 131A ,F,E,D,BN,F , ,N,C,100,0,0,2,,,2014621,5675653
Wairoa District,2/483/9.526,, ,A,TUNANUI BR,201414096,20/06/2014,Fri,1520,QG,TS1C,665A ,,R,D,B ,F , ,N,C,100,0,0,1,,,2014854,5674613
Wairoa District,2/483/11.749,2000,S, ,TUNANUI ROAD,201437896,03/05/2014,Sat,1320,DA,CS1,134A 410A ,,E,D,B ,F , ,N,C,100,0,0,0,,,2014392,5673009
Wairoa District,2/497/4.883,15,N, ,NUHAKA OPOUTAMA ROAD,201410159,01/01/2014,Wed,1045,FD,CS1CC,112A 181A 331A 112B 181B 331B ,,R,D,O ,F ,R,G,R,50,0,0,1,,,2010306,5667759
Wairoa District,2/497/9.906,80,N, ,TAHAENUI BR,201414328,26/06/2014,Thu,1100,BF,MS1C,111A 131A ,,M,D,O ,F , , ,C,100,0,0,1,,,2005405,5668006
Wairoa District,2/516/0.722,550,W, ,HINEPUA ROAD,201410538,23/01/2014,Thu,851,BB,CW1T,129A ,,E,D,BF,F , ,N,C,100,0,2,0,,,1996337,5668964
Wairoa District,2/516/4.701,2880,E, ,IWITEA ROAD,201413897,20/06/2014,Fri,1800,DA,VE1,129A 134A 350A ,F,E,D,DN,F , , ,C,100,0,0,1,,,1992852,5669820
Wairoa District,2/516/4.771,2810,E, ,IWITEA ROAD,201411816,05/01/2014,Sun,1110,DB,CN1,131A ,,M,D,BN,FS, ,N,C,100,0,1,2,,,1992801,5669867
Wairoa District,2/516/7.431,150,S, ,IWITEA ROAD,201441292,03/08/2014,Sun,1225,DA,CN1,121A 131A 801 ,V,E,W,O ,L , , ,C,100,0,0,0,,,1990340,5670796
Wairoa District,2/516/8.189,6980,E, ,NGAMOTU ROAD,201435815,23/03/2014,Sun,1354,DB,CE1,129A 134A 410A ,V,M, , N,  , ,N,C,80,0,0,0,,,1989644,5670958
Wairoa District,2/516/13.701,1000,W, ,WAIATAI ROAD,201415244,08/08/2014,Fri,2150,CB,TW1,137A ,,R,W,DN,L , ,N,C,100,0,0,1,,,1984717,5671562
Wairoa District,2/516/14.637,800,E, ,KIWI ROAD,201430734,01/01/2014,Wed,600,AO,VE1C,150A 381A ,,S,D,BN,F , ,N,C,100,0,0,0,,,1984190,5671035
Wairoa District,2/516/14.669,500,E, ,NGAMOTU ROAD,201446211,28/09/2014,Sun,1430,DB,CS1,131A ,V,M,W,ON,L , ,N,C,100,0,0,0,,,1984191,5671003
Wairoa District,2/533/0,, ,I,MAHIA AVENUE,201417911,29/11/2014,Sat,1237,CA,MN1C,133A 204A 514A ,,R,D,B ,F ,T,G,C,50,0,0,1,,,1982600,5670904
Wairoa District,2/533/0.221,60,N, ,HUNTER BROWN ST,201417368,21/11/2014,Fri,1110,GD,CS1V,333A 352A 922 ,,R,D,B ,F ,D, ,C,50,0,0,2,,,1982583,5670684
Wairoa District,2/533/0.281,, ,I,HUNTER BROWN ST,201442350,26/08/2014,Tue,530,BB,CN1C,110A 124A ,,R,W,DO,F ,T,S,C,50,0,0,0,,,1982577,5670624
Wairoa District,2/533/0.344,5,N, ,RIVER PARADE,201430430,18/01/2014,Sat,141,DC,CE1,101A 112A ,ST,R,D,DO,F ,M,S,C,50,0,0,0,,,1982569,5670561
Wairoa District,2/533/0.777,, ,I,QUEEN ST,201416790,16/10/2014,Thu,1120,LB,TE2C,303B ,,R,D,B ,F ,X,S,R,50,0,0,1,,,1982487,5670138
Wairoa District,2/533/1.081,30,E, ,BLACK ST,201444044,28/08/2014,Thu,1430,GA,TW14,181A 333A 929 ,,R,D,BF,F ,D,N,C,50,0,0,0,,,1982323,5669901
Wairoa District,2/533/3.971,1500,W, ,THE CRESCENT,201445599,13/10/2014,Mon,1600,KA,CE1C,191A 308B 370B 927 ,,E,D,B ,F ,D,N,C,100,0,0,0,,,1979534,5669614
Wairoa District,2/533/3.971,1500,W, ,THE CRESCENT,201449920,21/12/2014,Sun,800,DA,CE1,131A 330A ,CV,E,W,O ,L , , ,C,100,0,0,0,,,1979534,5669614
Wairoa District,2/533/10.565,290,E, ,CRICKLEWOOD ROAD,201437812,29/05/2014,Thu,1838,DA,CW1,111A 131A ,G,M,D,DN,F , ,N,C,100,0,0,0,,,1975576,5672615
Wairoa District,2/544/0.05,, ,A,OHINEPAKA OBR,201412373,17/04/2014,Thu,2030,DA,CE1,131A 407A 901 ,B,M,W,DN,H , , ,C,100,0,0,1,,,1975410,5672661