TLANAME,CRASHROAD,CRASHDIST,CRASHDIRN,INTSN,SIDEROAD,CRASHID,CRASHDATE,CRASHDOW,CRASHTIME,MVMT,VEHICLES,CAUSES,OBJECTSSTRUCK,ROADCURVE,ROADWET,LIGHT,WTHRa,JUNCTYPE,TRAFCTRL,ROADMARK,SPDLIM,CRASHFATALCNT,CRASHSEVCNT,CRASHMINCNT,PERSAGE1,PERSAGE2,EASTING,NORTHING
Wairoa District,2/544/0.067,100,E, ,CRICKLEWOOD ROAD,201413511,10/07/2014,Thu,510,DA,VE1,131A 410A ,B,M,W,DN,L , , ,L,100,0,2,0,,,1975393,5672658
Wairoa District,2/544/3.167,3000,S, ,CRICKLEWOOD ROAD,201410333,01/02/2014,Sat,1300,CC,CN1,410A ,X,R,W,ON,L , ,N,L,100,0,0,1,,,1973355,5670686
Wairoa District,2/544/5.032,360,N, ,POTUTU ROAD,201416825,02/11/2014,Sun,315,DB,CN1,415A ,,E,D,DN,F , ,N,C,100,0,0,2,,,1973075,5668894
Wairoa District,2/544/6.692,1300,S, ,POTUTU ROAD,201417487,24/11/2014,Mon,700,DB,CS1,131A 363A 902 ,T,M,D,BN,F , ,N,C,100,0,0,1,,,1972476,5667451
Wairoa District,2/544/7.34,1950,E, ,WAIHUA VALLEY ROAD,201441258,26/07/2014,Sat,1220,DA,CN1,111A 131A ,V,M,D,B ,F , , ,C,100,0,0,0,,,1972027,5667117
Wairoa District,2/544/7.45,1840,E, ,WAIHUA VALLEY ROAD,201441863,30/07/2014,Wed,230,DA,CN1,131A 632A 801 843 ,V,S,W,DN,L , , ,C,100,0,0,0,,,1971933,5667163
Wairoa District,2/544/7.467,, ,A,WAIHUA HILL SUM,201444241,16/09/2014,Tue,1130,DA,CN1,130A 191A 197A ,V,S,D,B ,F , , ,C,100,0,0,0,,,1971920,5667154
Wairoa District,2/544/8.29,1000,E, ,WAIHUA VALLEY ROAD,201449091,19/10/2014,Sun,1154,DB,CW1,135A 801 ,,S,W,ON,H , ,N,C,100,0,0,0,,,1971776,5666481
Wairoa District,2/544/8.29,1000,E, ,WAIHUA VALLEY ROAD,201430559,31/01/2014,Fri,1813,DA,CS1,131A 404A 801 ,,M,W,O ,L , , ,C,100,0,0,0,,,1971776,5666481
Wairoa District,2/544/9.89,600,W, ,WAIHUA VALLEY ROAD,201444991,19/10/2014,Sun,2228,EC,VW1,912,W,R,W,DN,L , ,N,C,100,0,0,0,,,1970494,5665751
Wairoa District,2/544/11.59,230,W, ,WAIHUA BEACH ROAD,201414827,26/07/2014,Sat,1530,DB,CN1,410A ,V,E,D,BN,F , ,N,C,100,0,1,0,,,1970024,5664391
Wairoa District,2/544/16.016,500,E, ,TE KUMI ROAD,201416038,27/09/2014,Sat,1320,CC,CE1,130A 410A ,T,R,D,B ,F , ,N,C,100,0,0,1,,,1965773,5664999
Wairoa District,2/544/17.516,1000,W, ,TE KUMI ROAD,201444177,04/07/2014,Fri,1912,DA,CS1,111A 131A 402A 632A ,V,M,D,DN,F , ,N,L,100,0,0,0,,,1964554,5664559
Wairoa District,2/562/1.1,1100,W, ,MOHAKA TOWNSHIP ROAD,201449913,16/12/2014,Tue,1630,DA,CN1,131A 407A ,V,M,W,O ,L , , ,C,100,0,0,0,,,1963376,5664801
Wairoa District,2/562/7.007,450,E, ,PUTERE ROAD,201410755,07/04/2014,Mon,815,DA,VS1,110A 134A ,FT,S,W,O ,F , ,N,C,80,0,1,0,,,1959102,5666557
Wairoa District,2/562/7.282,3000,S, ,MOHAKA VIADUCT,201442866,07/09/2014,Sun,230,DB,CN1,110A 410A ,,M,W,DN,F , ,N,N,100,0,0,0,,,1958874,5666708
Wairoa District,2/577/1.006,250,S, ,KAKARIKI PIT ROAD,201430375,18/01/2014,Sat,700,CC,VS1,123A 410A ,SV,R,D,O ,F , ,N,C,100,0,0,0,,,1952075,5668942
Wairoa District,38/161/10.895,1800,W, ,CLIFTON AND LYALL ROAD,201400181,07/09/2014,Sun,400,DB,VS1,101A 131A 412A 901 ,E,M,W,DN,H , , ,C,100,1,0,0,,,1970520,5682789
Wairoa District,38/161/17.565,500,W, ,TITIRANGI ROAD,201414095,22/05/2014,Thu,750,DA,BE1,129A 139A ,F,M,W,O ,F , ,N,C,100,0,0,2,,,1974299,5681511
Wairoa District,38/179/6.958,2150,N, ,LAKE ROAD,201444681,03/10/2014,Fri,1150,BB,VS1T,123A ,,M,W,O ,F , ,N,N,100,0,0,0,,,1980042,5678589
Wairoa District,38/189/5.084,200,S, ,AWATERE ROAD,201433973,11/04/2014,Fri,530,EC,CN1C,135A 363A 135B 801 830 912 ,WW,R,W,DN,F , ,N,C,100,0,0,0,,,1982349,5672519
Wairoa District,38/189/6.649,50,N, ,MAHIA AVENUE,201410233,25/01/2014,Sat,2335,CC,CN1,101A 195A 610A ,P,R,D,DO,F , ,N,C,50,0,0,1,,,1982454,5670967
Wairoa District,38/189/6.82,30,W, ,MAHIA AVENUE,201432356,10/01/2014,Fri,825,GB,VN1T,158B 927 ,,R,D,B ,F ,D,N,C,50,0,0,0,,,1982570,5670908
Waitaki District,ARDGOWAN ROAD,800,N, ,REDCASTLE ROAD,201440443,05/07/2014,Sat,2115,CB,CN1,195A ,P,R,D,DN,F , ,N,N,100,0,0,0,,,1440665,5009577
Waitaki District,ARUN ST,, ,I,MERSEY ST,201414279,13/08/2014,Wed,1733,LB,VE1C,303B 375B ,,R,D,TF,F ,X,G,C,50,0,0,1,,,1439267,5003368
Waitaki District,AWAMOA ROAD,, ,I,PERTH ST,201431836,19/01/2014,Sun,840,DB,CS1,131A 410A ,P,E,D,OF,F ,X,G,C,50,0,0,0,,,1438937,5003367
Waitaki District,AWAMOA ROAD,, ,I,TOWEY ST,201439353,08/07/2014,Tue,1609,JA,VS1C,302B 375B ,,E,D,BF,F ,T,G,R,50,0,0,0,,,1439165,5003602
Waitaki District,BEACH ROAD,50,N, ,AWAMOA ROAD,201410851,03/02/2014,Mon,1145,DA,MN1,134A 403A ,,M,D,B ,F , , ,C,100,0,1,0,,,1438291,4999825
Waitaki District,BEACH ROAD,800,S, ,JESSOP ST,201416306,26/09/2014,Fri,2103,CC,CN1,116A 402A 817 ,C,R,D,DN,F , ,N,C,100,0,1,2,,,1439380,5001316
Waitaki District,BLUFF HILL ROAD,180,E, ,SH 1S,201416532,01/10/2014,Wed,1445,QC,VE1,341A 350A ,N,R,D,BN,F , ,S,N,100,0,0,1,,,1427708,4984389
Waitaki District,CHELMER ST,100,W, ,CROSS ST,201444024,21/08/2014,Thu,915,MC,4W1CC,372B ,M,R,D,BF,F , ,N,C,50,0,0,0,,,1439832,5004117
Waitaki District,CHELMER ST,50,E, ,HOOKE ST,201447391,08/11/2014,Sat,207,EA,CE1C,129A 410A ,M,R,D,DO,F , ,N,C,50,0,0,0,,,1439338,5004200
Waitaki District,CLYDE ST,, ,I,FORTH ST,201410840,18/02/2014,Tue,1700,HA,CS2C,302A 335A ,,R,D,O ,F ,X,G,C,50,0,0,4,,,1440837,5005816
Waitaki District,COQUET ST,, ,I,REED ST,201416506,27/09/2014,Sat,1119,JA,SN1C,204A 382A ,,R,D,BF,F ,T,G,C,50,0,0,1,,59,1440116,5004279
Waitaki District,CORMACKS-KIA ORA ROAD,, ,I,WESTON-NGAPARA ROAD,201448399,20/12/2014,Sat,1730,DB,CW1,111A ,IS,E,D,B ,F ,T,G,R,80,0,0,0,,,1435102,5006168
Waitaki District,DEE ST,20,W, ,ALN ST,201449714,17/02/2014,Mon,1630,QD,CE1,611A ,T,R,D,B ,F , ,N,C,50,0,0,0,,,1440096,5004666
Waitaki District,EDEN ST,190,W, ,GLEN ST,201416910,06/09/2014,Sat,2300,EA,CW1C,103A 112A 129A ,M,R,D,DO,F , ,N,C,50,0,0,1,,,1439630,5004566
Waitaki District,EDEN ST,70,E, ,REED ST,201437445,16/05/2014,Fri,940,LB,CW1C,303B 363B 902 925 ,,R,D,B ,F ,D,N,C,50,0,0,0,,,1440221,5004372
Waitaki District,EDEN ST,, ,I,REED ST,201415561,29/08/2014,Fri,1335,KB,CE1CC,301B 375B 507B ,,R,D,B ,F ,X,S,C,50,0,1,1,,,1440154,5004394
Waitaki District,EDEN ST,80,W, ,SH 1S,201445144,22/09/2014,Mon,1420,MO,CW1C,386A 404A ,M,R,D,B ,F , , ,C,50,0,0,0,,,1440306,5004344
Waitaki District,ETTRICK ST,130,E, ,SH 1S N,201414145,14/06/2014,Sat,30,DA,ME1,111A 131A ,F,S,D,DO,F , ,N,C,50,0,0,1,,,1441200,5005856
Waitaki District,FLAG SWAMP ROAD,180,N, ,JEFFERIS ROAD,201447856,30/10/2014,Thu,1345,BB,CN1C,123A ,,M,D,ON,F , ,N,N,100,0,0,0,,,1418829,4953413
Waitaki District,FROME ST,40,E, ,MCLEAN ST,201410112,02/01/2014,Thu,2153,CA,ME1,191A 402A 804 ,,R,D,DO,F , , ,N,50,0,0,1,,,1440938,5006311
Waitaki District,FUCHSIA CREEK ROAD,150,S, ,KAKANUI RIVER ROAD,201416231,14/08/2014,Thu,2150,QG,VS1,136A 665A ,,R,D,DN,F , ,N,N,100,0,0,1,,,1422918,5007902
Waitaki District,GOLDEN BAR ROAD,5100,E, ,STONEBURN ROAD,201418642,26/12/2014,Fri,1600,DB,4N1,111A 131A ,F,M,D,BN,F , ,N,N,100,0,0,1,,,1406776,4968744
Waitaki District,GRAY ROAD,800,S, ,SEVEN MILE ROAD,201432434,04/02/2014,Tue,1600,CC,CS1,138A 402A ,C,R,D,B ,F , , , ,100,0,0,0,,,1442177,5018229
Waitaki District,GRAY ROAD,, ,I,SEVEN MILE ROAD,201410838,21/02/2014,Fri,2230,DA,CW2,111A 131A ,V,R,D,DN,F ,X,G,C,100,0,0,1,,,1442156,5019028
Waitaki District,HARLECH ST,30,E, ,PEMBROKE ST,201432238,15/02/2014,Sat,1145,MD,VW1V,308B 377B 839 929 ,,R,D,O ,F ,D, ,C,50,0,0,0,,,1441194,5006378
Waitaki District,HAVEN ST,, ,I,TENBY ST,201451026,29/12/2014,Mon,1729,LB,CW1V,301A 387A ,,E,D,BN,F ,T,S,C,50,0,0,0,,,1430714,4974567
Waitaki District,HERBERT ROAD,70,S, ,CULLEN ST,201436675,27/04/2014,Sun,1857,EC,MN1,912,W,R,D,DO,F , ,N,C,70,0,0,0,,,1425648,4989340
Waitaki District,HOMESTEAD ROAD,800,E, ,PARSONS ROAD,201430244,26/01/2014,Sun,1430,DB,CE1,111A 131A ,CV,M,W,O ,L , , ,C,80,0,0,0,,,1438476,5006806
Waitaki District,HULL ST,100,S, ,WANSBECK ST,201439784,22/06/2014,Sun,130,EA,CN1C,129A 130A ,M,R,D,DO,F , , ,N,50,0,0,0,,,1439765,5003425
Waitaki District,HUMBER ST,100,N, ,EDEN ST,201411972,11/03/2014,Tue,1450,JA,CN1V,308B 375B 927 ,,R,D,BF,F ,D,N,C,50,0,0,1,,,1440629,5004344
Waitaki District,HUMBER ST,, ,I,EDEN ST,201443569,14/08/2014,Thu,1335,LB,CN1C,303B 350B ,,R,D,BF,F ,T,S,C,50,0,0,0,,,1440588,5004253
Waitaki District,HUMBER ST,110,N, ,ITCHEN ST,201410888,27/02/2014,Thu,1200,JA,CN1C,308B 375B 404B 926 ,P,R,D,B ,F ,D, ,C,50,0,0,1,,,1440346,5003779
Waitaki District,HUMBER ST,40,S, ,TORRIDGE ST,201413270,12/06/2014,Thu,1205,JA,CN1CC,308B 375B 927 ,,R,D,O ,F ,D,N,C,50,0,0,1,,,1440820,5004642
Waitaki District,ITCHEN ST,25,W, ,HUMBER ST,201447847,09/11/2014,Sun,1156,MG,CE1C,357B 371B ,,R,D,BF,F , ,N,C,50,0,0,0,,,1440275,5003684
Waitaki District,ITCHEN ST,, ,I,THAMES ST,201437683,06/06/2014,Fri,1640,LB,CE1C,303B 330B ,,R,W,O ,L ,X,S,C,50,0,0,0,,,1440186,5003700
Waitaki District,LAKE OHAU ROAD,3000,W, ,SH 8,201436173,30/04/2014,Wed,848,DA,CE1,129A 131A ,,E,D,B ,F , , ,C,100,0,0,0,,,1358833,5085399
Waitaki District,MCPHERSON ROAD,100,W, ,FERRY ROAD,201412369,14/04/2014,Mon,1540,CB,TW1,129A 130A ,FX,R,D,O ,F , , ,N,100,0,0,1,,,1443956,5022320
Waitaki District,MCPHERSON ROAD,1600,E, ,JARDINE ROAD,201430210,04/01/2014,Sat,1700,DA,CW1,108A 131A 402A 433A ,C,M,D,B ,F , , ,N,100,0,0,0,,,1437969,5022464
Waitaki District,NGAPARA-GEORGETOWN ROAD,, ,I,GLENN SETTLEMENT ROAD,201418173,29/10/2014,Wed,1620,DB,CE1,111A 131A ,C,M,D,O ,F ,T,G,C,100,0,1,1,,,1427393,5022842
Waitaki District,NGAPARA-GEORGETOWN ROAD,20,W, ,TUSSOCKY ROAD,201414416,09/07/2014,Wed,925,CC,CW1,135A 802 ,T,R,I,ON,FF,T,G,C,100,0,0,1,,,1426585,5022738
Waitaki District,ORWELL ST,, ,I,HUMBER ST,201415245,02/08/2014,Sat,2025,DC,CN2,103A ,H,R,D,DO,L ,T,N,C,50,0,0,1,,,1441147,5005212
Waitaki District,OUSE ST,10,W, ,SH 1S,201434148,12/04/2014,Sat,750,CB,40,403A 423A 801 ,S,R,W,OF,L ,X,T,C,50,0,0,0,,,1440680,5005238
Waitaki District,PARADISE GULLY ROAD,3900,S, ,WESTON-NGAPARA ROAD,201410173,01/01/2014,Wed,1325,BB,MN14,123A ,,M,D,B ,H , , ,N,100,0,1,0,,,1420992,5017070
Waitaki District,PEAKS ROAD,380,N, ,WINDSOR ROAD,201414854,22/07/2014,Tue,800,BE,CN14,132A ,,R,W,ON,FF, ,N,N,100,0,0,1,,,1426020,5014543
Waitaki District,PROHIBITION ROAD,550,S, ,SH 8,201441685,11/07/2014,Fri,800,DB,VN1,135A 802 815 ,E,E,I,B ,FF, , ,C,100,0,0,0,,,1360691,5070748
Waitaki District,RAGLAN ST,, ,I,PEMBROKE ST,201432350,30/01/2014,Thu,1300,HA,CW1C,302B ,,R,D,O ,F ,X,G,C,50,0,0,0,,,1441230,5006493
Waitaki District,REDCASTLE ROAD,15,E, ,SH 1S,201439352,18/06/2014,Wed,,FD,CW1VC4,363A 370A 902 ,,R,D,BF,F ,X,G,C,50,0,0,0,,,1442020,5007401
Waitaki District,REED ST,70,E, ,CROSS ST,201445236,11/10/2014,Sat,1300,JA,4W1CC,308B 377B 839 927 ,FM,R,D,B ,F ,D, ,C,50,0,0,0,,,1439979,5004161
Waitaki District,REED ST,, ,I,EDEN ST,201442810,10/08/2014,Sun,2035,HA,CE2C,301B 375B ,,R,D,DO,F ,X,S,C,50,0,0,0,,,1440154,5004394
Waitaki District,REED ST,20,S, ,NEN ST,201413657,21/05/2014,Wed,1745,CC,CN1,103A 351A ,T,R,D,TO,F , , ,N,50,0,0,2,,,1440378,5005064
Waitaki District,REED ST,, ,I,NEN ST,201414753,30/07/2014,Wed,1511,GD,CN1C,331A 352A 402A ,,R,D,B ,F ,T,G,C,50,0,0,1,,,1440384,5005083
Waitaki District,RIBBLE ST,30,W, ,SH 1S,201450871,23/12/2014,Tue,905,DB,CW1,103A 111A 131A 927 ,H,M,D,BN,F ,D,N,N,50,0,0,0,,,1440391,5004443
Waitaki District,ROBBS CROSSING ROAD,440,W, ,ROUND HILL ROAD,201442034,23/06/2014,Mon,1100,DA,VE1,101A 131A ,EF,E,D,BN,F , ,N,C,100,0,0,0,,,1429979,5004900
Waitaki District,SPRINGFIELD ROAD,, ,I,FORTIFICATION ROAD,201418019,07/11/2014,Fri,1525,HA,TE14,302A 375A ,,R,D,BF,F ,X,G,C,100,0,1,0,,,1434708,4999587
Waitaki District,SQUARE ST WEST,, ,I,CHELMSFORD ST,201445035,11/10/2014,Sat,2055,DC,4N1,103A 112A ,,R,W,DN,L ,T,N,N,50,0,0,0,,,1428928,4978370
Waitaki District,STOUR ST,650,S, ,SH 1S,201436805,09/04/2014,Wed,2300,CB,CN1,101A 138A ,EF,R,D,DN,F , , ,N,100,0,0,0,,,1421869,4960352
Waitaki District,SWITCHBACK ROAD,200,S, ,GUFFIE ROAD,201435162,21/02/2014,Fri,1210,EC,4S1,912,W,R,D,B ,F , ,N,N,100,0,0,0,,,1420163,4964096
Waitaki District,TAMAR ST,15,W, ,BEACH ROAD,201431770,19/02/2014,Wed,218,EA,CN1C,129A ,M,R,W,DO,L , , ,N,50,0,0,0,,,1439880,5002772
Waitaki District,TAMAR ST,140,E, ,TYNE ST,201432419,19/01/2014,Sun,2000,EA,CE1C,129A ,M,R,D,DO,F , , ,C,50,0,0,0,,,1440283,5002702
Waitaki District,TAWARD ST,30,N, ,DACRE ST S,201413254,01/06/2014,Sun,140,EA,CN1CC,103A 112A ,M,R,D,DO,F , ,N,N,50,0,0,1,,,1441193,5006822
Waitaki District,TEES ST,5,N, ,ITCHEN ST,201449019,16/11/2014,Sun,1735,EA,CS1CC,350A 501A ,M,E,D,BF,F ,T,G,C,50,0,0,0,,,1440185,5003696
Waitaki District,TEES ST,50,S, ,WANSBECK ST,201450870,20/12/2014,Sat,1303,QD,CN1,611A ,F,R,D,BF,F , ,N,C,50,0,0,0,,,1440131,5003413
Waitaki District,THAMES ST,10,S, ,MEEK ST,201432853,25/02/2014,Tue,1511,MO,CN1C,371A ,M,R,D,B ,F ,T,G,C,50,0,0,0,,,1440223,5003830
Waitaki District,THAMES ST,10,S, ,MEEK ST,201447176,01/07/2014,Tue,1115,MO,CN1C,386A ,M,R,D,B ,F ,T,G,C,50,0,0,0,,,1440223,5003830
Waitaki District,THAMES ST,30,S, ,SH 1S,201415239,18/06/2014,Wed,1509,FD,CN1C,331A 350A ,,R,D,BF,F , ,N,C,50,0,0,1,,,1440335,5004160
Waitaki District,THAMES ST,10,N, ,STEWARD ST,201412944,31/05/2014,Sat,1154,MA,PS1C,373B ,,R,D,B ,F ,R,G,R,50,0,0,1,,,1440274,5003943
Waitaki District,THAMES ST,20,N, ,STEWARD ST,201417500,07/11/2014,Fri,1100,AA,4N1C,372A ,,R,D,BF,F , ,N,P,50,0,0,2,,,1440266,5003956
Waitaki District,THAMES ST,, ,I,STEWARD ST,201412232,02/05/2014,Fri,1043,MA,CS1C,330B 373B ,,R,D,OF,F ,T,G,R,50,0,0,1,,,1440271,5003934
Waitaki District,THAMES ST,25,N, ,WEAR ST,201445940,03/10/2014,Fri,1330,MA,CN1C,373B ,,R,D,O ,F , , ,C,50,0,0,0,,,1440318,5004112
Waitaki District,THAMES ST,60,S, ,WEAR ST,201442323,31/07/2014,Thu,1850,CC,4S1,137A 197A ,JT,R,D,DO,F , ,N,C,50,0,0,0,,,1440302,5004027
Waitaki District,THE HECTORS ROAD,1710,S, ,BLACK CAP ROAD,201412134,01/05/2014,Thu,1300,BD,MN14,111A 378A 111B 378B 818 ,,M,D,B ,F , , ,N,100,0,1,0,,,1417769,5002209
Waitaki District,THOUSAND ACRE ROAD,, ,I,GARDINERS ROAD,201434236,19/02/2014,Wed,835,GD,CN1C,130A 614A ,,R,D,B ,F ,T,S,L,100,0,0,0,,,1436353,4998827
Waitaki District,THOUSAND ACRE ROAD,50,N, ,STONEWALL ROAD,201417899,07/12/2014,Sun,2210,CC,CN1,412A ,F,R,D,DN,F , , ,C,100,0,0,2,,,1436271,5001713
Waitaki District,TOKARAHI-DUNTROON ROAD,1000,S, ,PRYDES GULLY ROAD S,201414448,25/02/2014,Tue,1415,CB,VN1,501A ,T,R,D,BN,F , ,N,C,100,0,1,1,,,1413194,5020665
Waitaki District,TOKARAHI-NGAPARA ROAD,, ,I,DUKE ST,201446660,04/11/2014,Tue,2230,DA,CN2,131A 433A ,,E,D,DN,F ,T,N,C,100,0,0,0,,,1422533,5020258
Waitaki District,USK ST,, ,I,HUMBER ST,201431665,15/02/2014,Sat,1840,LB,CN2C,303B ,,R,D,TF,F ,T,G,C,50,0,0,0,,,1440772,5004572
Waitaki District,VICTORIA HILL ROAD,1080,W, ,WINDSOR ROAD,201417435,01/09/2014,Mon,1130,DB,4N1,681A ,,M,D,BN,F , ,N,N,100,0,0,1,,,1424820,5014020
Waitaki District,WAIANAKARUA ROAD,200,N, ,BOWALLEY ROAD,201410186,25/01/2014,Sat,2322,DA,CS1,103A 131A 506A ,F,M,D,DN,F , , ,C,100,0,0,1,,,1432599,4989098
Waitaki District,WAIANAKARUA ROAD,, ,I,MAHENO-KAKANUI ROAD,201412943,18/05/2014,Sun,2049,DA,4N1,111A 131A 402A ,,M,D,DN,F ,T,G,C,70,0,0,5,,,1434163,4994555
Waitaki District,WANSBECK ST,, ,I,TEES ST,201444999,17/10/2014,Fri,1620,HA,CW1C,301B 375B ,,R,D,B ,F ,X,S,C,50,0,0,0,,,1440139,5003462
Waitaki District,WANSBECK ST,, ,I,WHARFE ST,201410111,05/01/2014,Sun,1855,HA,CN2C,302A 354A ,,R,D,O ,F ,X,G,C,50,0,0,1,,,1440021,5003482
Waitaki District,WANSBECK ST,, ,I,WHARFE ST,201430212,01/01/2014,Wed,1330,HA,VW1C,302B 404B ,,R,W,O ,L ,X,G,C,50,0,0,0,,,1440021,5003482
Waitaki District,WATERFRONT ROAD,750,E, ,ARUN ST,201444163,13/08/2014,Wed,2130,DB,CE1,103A ,,E,D,DO,F , ,N,N,50,0,0,0,,,1440639,5002921
Waitaki District,WESTON ROAD,, ,I,SALEYARDS ROAD,201434233,13/03/2014,Thu,835,AC,TN1C,372A ,,M,D,O ,F ,T,G,C,70,0,0,0,,,1437667,5004182
Waitaki District,WESTON-NGAPARA ROAD,570,E, ,BOBBING CREEK ROAD,201413380,04/06/2014,Wed,1900,DB,CW1,135A 800 802 ,EZ,M,I,DN,FF, , ,C,100,0,0,1,,,1424661,5018811
Waitaki District,WESTON-NGAPARA ROAD,2100,E, ,BOBBING CREEK ROAD,201432313,03/02/2014,Mon,1942,DA,40,131A 332A ,,E,D,B ,F , , ,C,100,0,0,0,,,1425903,5017993
Waitaki District,WESTON-NGAPARA ROAD,150,E, ,CORMACKS-KIA ORA ROAD,201446688,31/10/2014,Fri,145,DB,CE1,131A 517A ,C,E,W,DN,L , , ,C,80,0,0,0,,,1435250,5006145
Waitaki District,WESTON-NGAPARA ROAD,20,W, ,CORMACKS-KIA ORA ROAD,201416227,26/08/2014,Tue,1530,CB,CE1,130A 352A 402A ,,R,D,B ,F , , ,C,100,0,0,1,,,1435083,5006175
Waitaki District,WESTON-NGAPARA ROAD,100,N, ,KANES ROAD,201444191,17/08/2014,Sun,500,DB,CN1,111A 131A 517A ,FT,E,D,DN,FF, ,N,C,100,0,0,0,,,1426212,5017219
Waitaki District,WESTON-NGAPARA ROAD,, ,I,MCNALLY ROAD,201444055,02/07/2014,Wed,1535,GA,CE1C,331A 333A ,,R,D,BN,F ,T,N,C,100,0,0,0,,,1428738,5013886
Waitaki District,WHITSTONE-FIVE FORKS ROAD,800,W, ,BURNSIDE ROAD,201412287,16/05/2014,Fri,700,DA,TS1,110A 134A ,,S,I,DN,F , ,N,C,100,0,0,1,,,1430679,5008103
Waitaki District,WILLOWVIEW ROAD,160,S, ,KAKANUI VALLEY ROAD,201416824,02/11/2014,Sun,100,CB,4S1,104A 129A 410A ,,R,D,DN,F , ,N,N,100,0,0,1,,,1429150,4996952
Waitaki District,WOOLSHED ROAD,400,W, ,SH 1S,201444020,19/08/2014,Tue,2251,DA,CE1,111A 131A ,V,M,D,DN,M , ,N,C,100,0,0,0,,,1431982,5000307
Waitaki District,Z CPK HOTEL,100,S, ,WEAR ST,201416942,22/10/2014,Wed,1532,MO,CS1C4,133A 423A ,M,R,D,OF,F , ,N,N,20,0,1,0,,,1440390,5004041
Waitaki District,1S/569/2.554,, ,I,KAIK ROAD,201411726,13/03/2014,Thu,1100,KA,4S1C,112B 302B 375B 404B ,,R,D,B ,F ,T,G,C,100,0,0,1,,,1449411,5021235
Waitaki District,1S/569/2.554,, ,I,KAIK ROAD,201440087,12/07/2014,Sat,1842,KA,CS1V,302B ,,R,D,DN,F ,T,G,C,100,0,0,0,,,1449411,5021235
Waitaki District,1S/569/11.268,, ,I,RICHMOND ROAD,201410141,16/01/2014,Thu,1124,GE,VS1O,160A 387A 600A ,,R,D,B ,F ,X,G,C,100,0,2,0,,,1445683,5013360
Waitaki District,1S/569/13.535,100,N, ,SH 83,201447852,06/11/2014,Thu,2128,EB,TN1C,102B 422B 929 ,PQ,E,D,DN,F ,D,N,C,100,0,0,0,,,1444588,5011416
Waitaki District,1S/569/13.635,, ,I,GEORGETOWN-PUKEURI ROAD,201444998,26/09/2014,Fri,1400,JA,CN1C,301B 375B ,,R,D,B ,F ,T,S,L,100,0,0,0,,,1444503,5011363
Waitaki District,1S/583/0.375,280,S, ,WORKS ROAD,201450447,05/12/2014,Fri,2107,CC,CN1,131A 524A ,F,R,D,ON,F , ,N,C,100,0,0,0,,,1444282,5011063
Waitaki District,1S/583/3.101,20,S, ,RUSSELL ROAD,201410839,17/02/2014,Mon,1652,FD,CS1CC,331A 352A 197C 801 817 ,,R,W,O ,L , , ,C,100,0,0,2,,,1442839,5008750
Waitaki District,REDCASTLE ROAD,, ,I,1S/583/4.677,201432100,16/03/2014,Sun,1607,DA,CE1,133A 901 ,F,R,W,O ,H ,X,G,C,50,0,0,0,,,1442008,5007410
Waitaki District,COLLEGE ST,, ,I,1S/583/5.068,201412492,25/04/2014,Fri,2105,DB,4S2,103A 131A 412A ,F,R,D,DO,F ,T,G,C,50,0,0,1,,,1441804,5007077
Waitaki District,1S/583/5.522,100,S, ,WAITAKI AVENUE,201447854,07/11/2014,Fri,633,FA,TN1C,181A 358A ,,R,D,BF,F , ,N,C,50,0,0,0,,,1441563,5006693
Waitaki District,1S/583/5.593,30,S, ,VIRGIL ST,201444058,17/07/2014,Thu,1516,EA,CS1V,129A 358A ,M,R,D,BF,F , ,N,C,50,0,0,0,,,1441526,5006632
Waitaki District,1S/583/5.738,15,S, ,REGINA LANE,201432438,07/02/2014,Fri,1633,FD,CS1CC,181A 331A ,,E,D,B ,F , , ,C,50,0,0,0,,,1441452,5006507
Waitaki District,1S/583/6.049,30,N, ,WITHAM ST,201430211,02/01/2014,Thu,725,CA,CS1,410A ,JPS,R,D,O ,F , , ,C,50,0,0,0,,,1441287,5006244
Waitaki District,1S/583/6.136,40,N, ,FROME ST,201410100,09/01/2014,Thu,1630,FC,CN1C,181A 331A ,,R,D,B ,F , , ,X,50,0,0,1,,,1441241,5006170
Waitaki District,1S/583/6.149,70,S, ,WITHAM ST,201444057,01/07/2014,Tue,1040,MO,4S14,363A 371A 902 ,,R,D,BN,F , ,N,C,50,0,0,0,,,1441234,5006159
Waitaki District,1S/583/6.176,, ,I,FROME ST,201444056,30/06/2014,Mon,1305,JA,CN1X,302B 353B 375B ,,R,D,BF,F ,T,G,C,50,0,0,0,,,1441220,5006136
Waitaki District,1S/583/6.246,50,S, ,CALEDONIAN ROAD,201412979,27/05/2014,Tue,1530,EE,SS1C,374B ,M,R,D,B ,FS, , ,P,50,0,0,1,,16,1441183,5006077
Waitaki District,1S/583/6.246,70,S, ,FROME ST,201415892,02/10/2014,Thu,310,CA,CS1C,103A 130A 205A ,M,R,D,DO,F , , ,C,50,0,0,1,,,1441183,5006077