TLANAME,CRASHROAD,CRASHDIST,CRASHDIRN,INTSN,SIDEROAD,CRASHID,CRASHDATE,CRASHDOW,CRASHTIME,MVMT,VEHICLES,CAUSES,OBJECTSSTRUCK,ROADCURVE,ROADWET,LIGHT,WTHRa,JUNCTYPE,TRAFCTRL,ROADMARK,SPDLIM,CRASHFATALCNT,CRASHSEVCNT,CRASHMINCNT,PERSAGE1,PERSAGE2,EASTING,NORTHING
Waitaki District,1S/583/6.423,, ,I,ETTRICK ST N,201450446,12/12/2014,Fri,1430,FD,CN1C,181A ,,R,D,BF,F ,T,N,P,50,0,0,0,,,1441090,5005926
Waitaki District,1S/583/6.514,, ,I,DON ST,201412825,07/05/2014,Wed,1723,LB,CS1C,303A 372A 402A 370B 801 ,,R,W,DO,L ,T,G,C,50,0,0,1,,,1441042,5005849
Waitaki District,FOYLE ST,, ,I,1S/583/6.671,201416957,25/10/2014,Sat,1839,DA,CN1,103A 111A 131A 514A ,F,R,D,OF,F ,T,N,C,50,0,0,1,,,1440959,5005715
Waitaki District,1S/583/6.924,5,S, ,WEAVER ST,201437444,11/05/2014,Sun,1920,MA,4N1C,373B ,,R,D,DO,F ,T,G,C,50,0,0,0,,,1440827,5005500
Waitaki District,1S/583/6.929,10,S, ,WEAVER ST,201447175,26/08/2014,Tue,1244,MC,CN1C,372B 402B 514B ,,R,D,B ,F ,T,G,C,50,0,0,0,,,1440824,5005496
Waitaki District,1S/583/7.097,5,N, ,ORWELL ST,201437443,07/05/2014,Wed,1610,FD,CN1C,181A 191B 801 ,,R,W,O ,L ,X,G,C,50,0,0,0,,,1440736,5005353
Waitaki District,1S/583/7.225,, ,I,OUSE ST,201415703,21/08/2014,Thu,1529,LB,CN1C,303B ,,R,D,BF,F ,X,T,C,50,0,0,3,,,1440689,5005235
Waitaki District,1S/583/7.225,, ,I,OUSE ST,201412368,13/04/2014,Sun,1654,HA,CS1C,322A 504A ,,R,D,O ,F ,X,T,C,50,0,0,1,,,1440701,5005231
Waitaki District,1S/583/7.829,, ,I,USK ST,201414927,17/06/2014,Tue,1245,HA,VN1C,322A ,,R,D,BF,F ,X,T,R,50,0,0,1,,,1440501,5004661
Waitaki District,USK ST,, ,I,1S/583/7.829,201450448,03/12/2014,Wed,1425,NC,VN2,711B ,,R,D,BF,F ,X,T,C,50,0,0,0,,,1440501,5004661
Waitaki District,1S/583/7.844,15,S, ,USK ST,201448671,16/11/2014,Sun,1430,FE,CS1C,181A 331A ,,R,D,B ,F ,X,T,R,50,0,0,0,,,1440508,5004643
Waitaki District,1S/583/7.979,150,S, ,USK ST,201410397,11/01/2014,Sat,40,NA,4S1E,713B ,,R,D,DO,F , ,N,C,50,0,1,0,19,,1440465,5004515
Waitaki District,1S/583/8.058,, ,I,RIBBLE ST,201435835,10/05/2014,Sat,1200,HA,4S1C,322A ,,R,D,BF,F ,X,T,R,50,0,0,0,,,1440440,5004439
Waitaki District,1S/583/8.184,, ,I,EDEN ST,201430200,13/01/2014,Mon,2015,MG,4S1C,402B 422B ,,R,D,B ,F ,X,T,R,50,0,0,0,,,1440402,5004325
Waitaki District,1S/583/8.211,, ,I,EDEN ST,201436628,21/03/2014,Fri,1345,AD,PN1C,151A ,,R,D,B ,F ,X,T,R,50,0,0,0,,,1440385,5004307
Waitaki District,THAMES ST,, ,I,1S/583/8.331,201432176,02/02/2014,Sun,1728,LB,4S1C,322A 334A ,,E,D,B ,F ,X,T,C,50,0,0,0,,,1440347,5004196
Waitaki District,1S/583/8.448,100,S, ,COQUET ST,201437684,09/04/2014,Wed,1130,AA,CS1V,372A 404A 112B ,,R,D,B ,F , , ,N,50,0,0,0,,,1440242,5004148
Waitaki District,1S/583/8.548,200,E, ,CROSS ST,201448692,28/11/2014,Fri,1200,AC,TS1C,330A 372A 671A ,,R,D,B ,F , , ,C,50,0,0,0,,,1440152,5004105
Waitaki District,1S/583/8.788,50,W, ,CROSS ST,201436788,08/05/2014,Thu,1515,CA,TW1,129A 500A ,S,R,D,O ,F , ,N,C,50,0,0,0,,,1439929,5003992
Waitaki District,1S/583/9.166,, ,I,DOUGLAS TERRACE,201437001,21/05/2014,Wed,1255,KA,CW1C,302B ,,R,D,O ,F ,T,G,L,50,0,0,0,,,1439590,5003824
Waitaki District,1S/583/9.166,, ,I,NICHOLSON TERRACE,201414146,15/06/2014,Sun,1620,FD,4E1C,331A 350A ,,R,D,OF,F ,T,G,L,50,0,0,3,,,1439590,5003824
Waitaki District,1S/583/9.317,, ,I,ROTHER ST,201434981,20/04/2014,Sun,1820,CB,CE1,129A ,C,R,W,DO,F ,T,S,C,50,0,0,0,,,1439455,5003756
Waitaki District,1S/583/9.615,, ,I,AWAMOA ROAD,201416505,18/09/2014,Thu,1638,LB,SW14,303B 375B ,,E,D,BF,F ,T,G,P,50,0,0,1,,40,1439188,5003626
Waitaki District,1S/583/9.615,, ,I,AWAMOA ROAD,201418112,22/11/2014,Sat,215,DA,CW1,103A 111A 131A 357A ,P,M,D,DO,F ,T,G,P,50,0,0,1,,,1439188,5003626
Waitaki District,1S/583/10.03,100,W, ,QUEENS CRESCENT,201418287,28/12/2014,Sun,1510,MB,ME1C,102B 351B 370B ,,R,D,B ,F , , ,C,50,0,1,0,,,1438779,5003697
Waitaki District,1S/583/10.26,50,E, ,HOLMES ST,201437446,20/05/2014,Tue,820,EA,CW1C,129A ,M,R,D,B ,F , , ,C,50,0,0,0,,,1438551,5003729
Waitaki District,1S/583/12.805,, ,I,WHITEROCKS ROAD,201414856,27/06/2014,Fri,2,CC,CW1,101A 129A ,C,R,D,DO,F ,T,S,L,100,0,0,1,,,1436237,5002877
Waitaki District,1S/601/0.023,200,N, ,WOOLSHED ROAD,201440098,18/07/2014,Fri,540,CC,CN1,135A 802 ,B,R,I,DN,FF, ,N,C,100,0,0,0,,,1432470,5000188
Waitaki District,1S/601/2.029,40,S, ,TESCHEMAKERS ROAD,201444242,29/08/2014,Fri,615,DB,CN1,110A 332A 830 904 ,C,M,D,DN,MF, , ,C,100,0,0,0,,,1431169,4998697
Waitaki District,1S/601/2.086,40,S, ,CLARKS ROAD,201436661,16/05/2014,Fri,112,CC,CS1,102A 357A 410A ,,R,D,DN,F , ,N,C,100,0,0,0,,,1431133,4998651
Waitaki District,1S/601/6.037,1000,N, ,CURRIE ROAD,201400228,02/11/2014,Sun,117,NA,TN1E,105B 724B ,,E,D,DN,F , ,N,C,100,1,0,0,18,,1429684,4995120
Waitaki District,1S/601/10.972,20,S, ,BURGESS ROAD,201442988,17/08/2014,Sun,530,CC,VS1,101A 130A ,F,R,D,DN,F , , ,C,100,0,0,0,,,1427236,4990905
Waitaki District,1S/601/13.314,200,S, ,CULLEN ST,201439404,16/06/2014,Mon,1944,FA,CN1C,132A 132B 195B 353B ,,E,W,DN,F , ,N, ,100,0,0,0,,,1425867,4989144
Waitaki District,1S/601/13.433,320,S, ,CULLEN ST,201413382,07/06/2014,Sat,1057,DB,CN1,131A 358A ,F,M,W,B ,F , , ,L,100,0,0,1,,,1425898,4989028
Waitaki District,1S/601/15.253,20,N, ,BREAKNECK ROAD,201415894,29/09/2014,Mon,1800,DB,CS1,129A 131A ,V,E,D,B ,F , , ,C,100,0,0,1,,,1426309,4987381
Waitaki District,1S/601/16.803,, ,I,WAIANAKARUA ROAD,201435099,22/04/2014,Tue,1225,GE,TN1C,197A 132B 144B ,,R,D,B ,F ,T,N,C,100,0,0,0,,,1427141,4986204
Waitaki District,1S/618/0.676,500,S, ,MOUNT MISERY ROAD,201410452,08/02/2014,Sat,1100,DA,CN1,131A ,FT,E,D,O ,F , , ,L,100,0,1,1,,,1427249,4985541
Waitaki District,1S/618/1.605,300,N, ,MCKERROW ROAD,201418778,17/04/2014,Thu,415,BA,4S1T,512A 513A ,,R,W,DN,H , , ,L,100,0,0,1,,,1427465,4984638
Waitaki District,1S/618/5.752,220,N, ,MILE FLAT ROAD,201447851,09/11/2014,Sun,1755,DA,CN1,131A 412A ,F,E,D,ON,F , ,N,C,100,0,0,0,,,1428666,4980843
Waitaki District,1S/618/7.916,30,S, ,LINCOLN ST,201450435,13/12/2014,Sat,1545,MO,CS1,386A 929 ,S,R,D,BF,F ,D,N,C,50,0,0,0,,,1428964,4978708
Waitaki District,1S/618/11.02,, ,I,MOERAKI BOULDERS ROAD,201413138,20/04/2014,Sun,1050,JA,4S1V,197A 302B ,,R,D,B ,F ,T,G,P,100,0,0,1,,,1429493,4975683
Waitaki District,1S/618/11.32,300,S, ,MOERAKI BOULDERS ROAD,201412366,02/04/2014,Wed,1100,CC,CS1,125A 351A 404A ,V,R,D,B ,F , , ,C,100,0,0,3,,,1429587,4975398
Waitaki District,1S/618/15.409,900,S, ,KEMP ROAD,201413460,27/06/2014,Fri,1845,EC,CN1,912,W,R,D,DN,F , , ,C,100,0,0,1,,,1430312,4971473
Waitaki District,1S/618/16.316,, ,A,KATIKI OBR,201441865,02/08/2014,Sat,1250,DA,CS1,111A 131A ,CV,M,D,B ,F , , ,C,100,0,0,0,,,1430852,4970748
Waitaki District,1S/635/0.736,, ,A,BACK CRK BR,201410189,21/01/2014,Tue,2120,DA,CN1,131A 402A 412A ,B,E,D,TN,F , , ,C,100,0,0,1,,,1430628,4970023
Waitaki District,1S/635/2.284,5000,N, ,SHAG POINT ROAD,201437977,06/06/2014,Fri,1439,AD,CN1T,150A 381A ,,E,W,O ,F , ,N,C,100,0,0,0,,,1429787,4968735
Waitaki District,1S/635/7.004,280,N, ,SHAG POINT ROAD,201446119,17/10/2014,Fri,1046,GE,MN1V,160A 387B 818 926 ,,R,D,B ,F ,D, ,C,100,0,0,0,,,1428669,4964202
Waitaki District,1S/635/10.553,, ,I,FLEMING ROAD,201446664,05/11/2014,Wed,1420,DA,CN1,131A 412A ,BF,E,D,B ,F ,T,S,C,100,0,0,0,,,1426124,4962459
Waitaki District,1S/635/16.069,50,E, ,SH 85 E,201450704,14/12/2014,Sun,1330,FC,CE14,181A 352A ,,R,D,BF,F , ,N,X,50,0,0,0,,,1421465,4960663
Waitaki District,1S/635/16.079,40,E, ,SH 85,201442348,22/08/2014,Fri,1200,FC,CE1C,331A 353A ,,R,D,B ,F , ,N,X,50,0,0,0,,,1421458,4960657
Waitaki District,1S/651/2.197,300,N, ,MOUNT ROYAL ROAD S,201415246,28/07/2014,Mon,730,BE,CN1T,410A ,,R,D,TN,F , ,N,C,100,0,0,1,,,1420161,4958943
Waitaki District,8/169/13.246,100,N, ,BEN OMAR ROAD,201430739,06/01/2014,Mon,1100,DA,CS1,129A 134A ,C,E,D,BN,F , ,N,C,100,0,0,0,,,1360283,5072053
Waitaki District,8/169/13.296,50,N, ,BEN OMAR ROAD,201413464,04/06/2014,Wed,1240,DB,CS1,131A 802 ,E,E,I,B ,FF, , ,C,100,0,0,2,,,1360317,5072016
Waitaki District,8/169/14.006,2000,S, ,QUAILBURN ROAD,201441684,11/07/2014,Fri,624,EB,TS1V,135A 135B 802 ,Q,R,I,DN,FF, , ,C,100,0,0,0,,,1360412,5071343
Waitaki District,8/169/16.478,130,N, ,SH 83,201437988,15/04/2014,Tue,233,GB,CN14,158B 929 ,,E,D,DO,F ,D,N,P,50,0,0,0,,,1358832,5069555
Waitaki District,8/202/12.707,2500,E, ,LINDIS PASS SUMMIT,201412662,17/04/2014,Thu,1523,DB,CN1,111A 131A ,C,M,W,ON,LS, ,N,C,100,0,0,1,,,1334586,5059339
Waitaki District,8/202/13.807,1400,E, ,LINDIS PASS SUMMIT,201438493,27/05/2014,Tue,2200,DA,CS1,110A 135A 802 ,G,M,I,DN,F , , ,C,100,0,0,0,,,1334319,5058277
Waitaki District,8/202/14.007,1200,N, ,LINDIS PASS SUMMIT,201417203,02/07/2014,Wed,1610,PO,CS1E,130A 191A 404A 721B 802 803 ,,R,I,O ,S , , ,L,100,0,1,0,52,,1334244,5058091
Waitaki District,8/202/14.607,600,E, ,LINDIS PASS SUMMIT,201418229,27/12/2014,Sat,1432,DA,CN1,131A 134A 404A ,C,M,D,B ,F , , ,C,100,0,0,1,,,1333968,5057592
Waitaki District,8/202/14.957,250,E, ,LINDIS PASS SUMMIT,201444289,22/08/2014,Fri,1000,DA,VW1,129A 134A ,CV,M,D,O ,F , , ,C,100,0,0,0,,,1333752,5057358
Waitaki District,83/0/6.351,15,W, ,CAMERON ROAD,201445237,12/09/2014,Fri,1845,EA,VW1T,129A ,M,R,D,TN,F , , ,C,100,0,0,0,,,1440699,5016070
Waitaki District,83/0/11.842,, ,I,RIDGE ROAD,201449583,24/12/2014,Wed,1500,KA,CN1C,302B 375B ,,E,D,B ,F ,T,G,C,100,0,0,0,,,1436293,5019255
Waitaki District,83/16/0.031,, ,A,WAIKOURA CRK BR,201446135,20/09/2014,Sat,2130,FA,CN1C,181A 331A 412A 801 ,,R,W,DN,L , , ,C,100,0,0,0,,,1433393,5021870
Waitaki District,83/16/3.668,320,S, ,ELSTONE ROAD,201416680,30/10/2014,Thu,1710,FA,CS1C,370A 101B 433B 838 ,,R,D,O ,F , , ,C,100,0,0,1,,,1430529,5024112
Waitaki District,83/22/1.3,1300,N, ,SMILLIES ROAD,201413381,08/05/2014,Thu,1840,EC,VN1,135A 801 823 ,L,R,W,DN,L , , ,C,100,0,0,1,,,1427653,5026314
Waitaki District,83/22/10.826,3000,W, ,TAYLORS ROAD,201450780,21/12/2014,Sun,1700,DA,CE1,504A ,C,E,W,ON,L , ,N,C,100,0,0,0,,,1418851,5029792
Waitaki District,83/22/12.251,, ,I,LIVINGSTONE-DUNTROON ROAD,201435947,06/04/2014,Sun,1550,DB,VN2,132A ,C,S,D,ON,F ,T,G,C,100,0,0,0,,,1417507,5030258
Waitaki District,83/49/0.006,, ,A,OTIAKE RIV BR,201412389,10/04/2014,Thu,945,CC,VS1,358A ,B,R,D,O ,F , , ,C,100,0,0,1,,,1405022,5036902
Waitaki District,83/49/6.879,200,S, ,HILLES ROAD,201414422,13/06/2014,Fri,1558,CB,CS1,103A 129A 358A ,V,R,D,ON,F , ,N,C,100,0,0,1,,,1400523,5042073
Waitaki District,83/49/7.757,200,S, ,FERGUSON ST,201432461,08/01/2014,Wed,1635,EC,CN1,130A 330A ,DV,R,D,B ,F , , ,C,100,0,0,0,,,1400073,5042823
Waitaki District,83/58/0.632,400,N, ,GREY ST,201418606,20/12/2014,Sat,1130,BE,CN1C,129A 358A ,,R,D,BN,F , ,N,C,100,0,0,1,,,1399367,5044368
Waitaki District,83/70/1.688,100,W, ,AVIEMORE DAM ROAD,201439785,30/06/2014,Mon,500,EC,TE1,191A 901 912 ,W,M,W,DN,H , , ,C,100,0,0,0,,,1389787,5051434
Waitaki District,83/70/2.568,980,N, ,AVIEMORE DAM ROAD,201449923,24/12/2014,Wed,1955,DA,CS1,131A 134A 350A ,F,E,D,B ,F , , ,C,100,0,0,0,,,1389456,5052243
Waitaki District,83/70/12.786,2400,E, ,BOAT HARBOUR ROAD,201418236,31/12/2014,Wed,1950,GE,VW1C,160A 330A 927 ,,R,D,B ,F ,D,N,C,100,0,1,1,,,1380290,5056071
Waitaki District,83/85/4.047,2800,W, ,OTEMATATA STATION ROAD,201441680,25/06/2014,Wed,1805,CB,4W1,131A 412A ,,R,D,DN,F , , ,C,100,0,0,0,,,1374263,5058343
Waitaki District,83/96/2.58,3000,S, ,LAKE VIEW PLACE,201414607,10/07/2014,Thu,2140,EC,CN1,801,D,M,W,DN,L , , ,C,100,0,0,1,,,1368093,5064318
Waitaki District,85/0/2.776,400,W, ,SWITCHBACK ROAD,201412668,15/04/2014,Tue,700,CA,SE1T,130A ,,R,W,ON,F , ,N,C,100,0,1,0,,16,1419936,4962804
Waitaki District,85/0/3.567,300,S, ,SUTHERLAND ROAD,201436676,10/05/2014,Sat,18,EC,4N1,912,W,R,D,DN,F , ,N,C,100,0,0,0,,,1419351,4963308
Waitaki District,85/0/7.408,590,S, ,CRAIG ROAD,201432180,16/02/2014,Sun,1634,DB,CS1,130A 410A ,,E,D,B ,F , ,N,C,100,0,0,0,,,1417293,4966537
Waitaki District,85/0/14.476,630,N, ,BLACKSMITH ROAD,201412258,11/05/2014,Sun,1629,NA,VS1E,713B 719B 726B ,,E,D,B ,F , ,N,C,100,0,1,0,6,,1413996,4972294
Waitaki District,85/16/11.326,1500,S, ,PRINGLES ROAD,201415963,29/08/2014,Fri,935,CC,4S1,135A 802 ,F,R,I,B ,FF, , ,C,100,0,1,1,,,1406956,4981188
Waitaki District,85/31/15.293,800,N, ,PIGROOT CRK BR,201418766,31/12/2014,Wed,1240,DB,CN1,131A 801 ,F,M,W,O ,L , , ,C,100,0,0,2,,,1397052,4992429
Waitomo District,ELLISON AVENUE,20,E, ,MANGARINO ROAD,201437788,21/05/2014,Wed,1720,JA,CS1C,303B 370B 801 ,,M,W,TO,L ,T,N,N,50,0,0,0,,,1789296,5755751
Waitomo District,ESPLANADE,, ,I,JENNINGS ST,201443960,15/07/2014,Tue,2305,DB,CW2,103A 131A 357A ,Z,E,D,DO,F ,T,G,C,50,0,0,0,,,1789315,5755263
Waitomo District,FULLERTON ROAD,2570,W, ,OTOTOIKA ROAD,201400241,13/11/2014,Thu,120,DB,CN1,110A 131A 402A 810 840 ,CF,M,D,DN,F , ,N,C,100,1,1,1,,,1784032,5759374
Waitomo District,HAUTURU ROAD,660,N, ,TOI ROAD,201417616,05/11/2014,Wed,1640,BB,CS14,123A 330A ,,S,D,O ,F , ,N,N,100,0,0,2,,,1768982,5769971
Waitomo District,NGAPAENGA ROAD,500,W, ,WERE ROAD,201413751,07/06/2014,Sat,1330,DB,MW1M,129A 129B ,XF,M,D,BN,F , ,N,N,100,0,0,2,,,1764484,5752741
Waitomo District,OPARURE ROAD,160,S, ,BODDIES ROAD,201415508,31/08/2014,Sun,900,CB,MN1,130A 190A ,C,R,D,O ,F , , ,C,100,0,1,0,,,1784628,5756718
Waitomo District,OPARURE ROAD,1200,W, ,SH 3,201443010,04/09/2014,Thu,1333,FA,4W1C,130A 331A 817 ,,R,D,O ,F , , ,C,100,0,0,0,,,1786610,5757839
Waitomo District,OPARURE ROAD,480,E, ,WAITEPIPI ROAD,201443047,24/08/2014,Sun,1615,DA,CN1,111A 131A 402A ,T,S,D,B ,F , , ,C,100,0,0,0,,,1778331,5751676
Waitomo District,PAEKAKA ROAD,840,S, ,ARIA ROAD,201430142,24/01/2014,Fri,1545,DA,CW1,111A 131A 632A ,C,E,D,BN,F , , ,N,100,0,0,0,,,1774496,5734189
Waitomo District,POMARANGAI ROAD,4800,W, ,WAITANGURU ROAD,201445254,27/09/2014,Sat,1030,BD,CE14,197A 197B 818 831 ,,S,D,O ,F , , ,N,100,0,0,0,,,1760848,5753120
Waitomo District,PUKERIMU ROAD,150,N, ,KOPAKI ROAD,201431107,17/02/2014,Mon,1004,BB,VS1C,123A ,,E,D,B ,F , ,N,N,100,0,0,0,,,1795300,5737711
Waitomo District,RANGITOTO ROAD,550,S, ,WILLIAM ST,201414322,25/06/2014,Wed,530,DA,4N1,131A ,FZ,S,D,DN,F , , ,C,100,0,0,1,,,1790627,5754219
Waitomo District,RORA ST,30,N, ,KING ST,201430720,30/01/2014,Thu,1020,MO,VN14,371A ,M,R,D,BF,F , ,N,C,50,0,0,0,,,1789163,5754943
Waitomo District,RURU ST,, ,I,TUI ST,201437791,12/05/2014,Mon,1450,KB,CN1C,302B 335B ,F,R,W,O ,F ,X,G,C,50,0,0,0,,,1775809,5740292
Waitomo District,SOUTH ST,40,E, ,KENT ST,201436366,25/03/2014,Tue,1410,EA,CE1C,129A ,M,R,D,OF,F , ,N,N,50,0,0,0,,,1788959,5754006
Waitomo District,TE ANGA ROAD,500,W, ,FULLERTON ROAD,201415056,23/05/2014,Fri,1155,DA,CS1,131A 632A ,E,M,W,O ,L , , ,C,50,0,0,1,,,1784249,5763129
Waitomo District,TE ANGA ROAD,, ,I,SPEEDIES ROAD,201417789,27/12/2014,Sat,1115,DA,MN1,111A 131A ,F,M,D,B ,F ,T,G,C,100,0,1,0,,,1760560,5763906
Waitomo District,TE ANGA ROAD,850,W, ,TUMUTUMU ROAD,201436000,09/03/2014,Sun,1635,CC,CE1,130A 410A ,C,R,D,BN,F , ,N,C,100,0,0,0,,,1783386,5763826
Waitomo District,TE ANGA ROAD,1000,W, ,TUMUTUMU ROAD,201416088,24/07/2014,Thu,1623,DB,CN1,111A 131A ,F,M,W,O ,F , ,N,C,100,0,1,0,,,1783312,5763947
Waitomo District,TE ANGA ROAD,5880,W, ,WAITOMO VALLEY ROAD,201446973,30/06/2014,Mon,1419,BF,CE1C,131A ,C,M,W,BN,H , ,N,C,100,0,0,0,,,1780325,5763872
Waitomo District,TROOPERS ROAD,9140,N, ,SH 3,201451038,24/11/2014,Mon,840,DA,CN1,131A 132A ,F,M,D,ON,F , ,N,C,100,0,0,0,,,1782425,5752696
Waitomo District,TUMUTUMU ROAD,60,S, ,RUAKURI ROAD,201418716,27/12/2014,Sat,1330,BF,CS1V,129A 131A 404A 191B 197B ,,M,D,B ,F , , ,C,100,0,0,1,,,1781874,5762311
Waitomo District,WAITOMO VALLEY ROAD,860,N, ,TE ANGA ROAD,201432509,21/01/2014,Tue,1005,DB,CS1,111A 131A ,,E,W,O ,F , ,N,C,100,0,0,0,,,1785173,5763851
Waitomo District,WARD ST,25,W, ,RORA ST,201449224,10/12/2014,Wed,2101,CA,4W1,130A ,S,R,W,DO,L , , ,C,50,0,0,0,,,1789013,5755075
Waitomo District,3/63/1.255,, ,A,MANGAPU BR,201445326,26/09/2014,Fri,49,EC,4S1,350A 912 ,W,R,D,DN,F , , ,C,100,0,0,0,,,1790929,5764596
Waitomo District,3/63/1.338,700,N, ,WAITOMO CAVES ROAD,201410733,21/03/2014,Fri,1029,DB,CN1,121A 131A ,FZ,E,D,B ,F , ,N,C,100,0,0,1,,,1790898,5764519
Waitomo District,3/65/0,, ,I,SH 37,201437793,14/05/2014,Wed,1114,LB,VN1C,197A 303B 382B ,,R,W,OF,F ,T,S,C,100,0,0,0,,,1790821,5763837
Waitomo District,3/65/0.051,, ,I,MANGARINO ROAD,201410730,19/03/2014,Wed,1622,JA,CN1C,301B 375B ,,E,D,B ,F ,T,S,C,70,0,0,1,,,1790809,5763788
Waitomo District,3/65/0.3,300,S, ,SH 37,201437672,02/06/2014,Mon,1021,MC,CS1C,197A 363B 372B 404B 902 ,,M,D,B ,F , , ,C,100,0,0,0,,,1790694,5763567
Waitomo District,3/65/1.051,1000,S, ,MANGARINO ROAD,201437783,31/05/2014,Sat,930,CB,CS1,130A ,T,R,D,B ,F , , ,C,100,0,0,0,,,1790203,5763013
Waitomo District,3/65/3.725,200,S, ,LEE BLOCK ROAD,201447100,25/10/2014,Sat,530,DB,CS1,131A 402A 412A ,E,E,D,DN,F , , ,C,100,0,0,0,,,1788602,5761174
Waitomo District,3/65/3.775,250,S, ,LEE BLOCK ROAD,201440156,27/06/2014,Fri,2030,CB,CN1,103A ,F,R,W,DN,L , ,N,C,100,0,0,0,,,1788608,5761125
Waitomo District,3/65/6.572,800,N, ,SH 4,201432511,19/01/2014,Sun,1155,DA,CS1,129A 134A ,FP,E,D,B ,F , ,N,C,100,0,0,0,,,1787596,5758649
Waitomo District,3/65/6.92,15,S, ,OPARURE ROAD,201443048,30/08/2014,Sat,1607,CC,CS1,130A 410A 504A ,F,R,D,B ,F ,T,S,C,100,0,0,0,,,1787608,5758302
Waitomo District,3/65/7.272,100,N, ,SH 4,201449223,14/12/2014,Sun,2015,DB,CN1,111A 131A ,S,M,W,DN,L , , ,C,100,0,0,0,,,1787617,5757949
Waitomo District,3/65/7.402,30,S, ,TE KUMI STATION ROAD,201411926,03/03/2014,Mon,1525,MC,CN1C,372B ,,R,D,BF,F , ,N,C,100,0,0,2,,,1787620,5757819
Waitomo District,3/65/8.419,760,N, ,GADSBY ROAD,201436013,04/04/2014,Fri,1720,BF,CN1C,111A 137A 153A ,F,M,D,BF,F , ,N,C,100,0,0,0,,,1787489,5756820
Waitomo District,3/65/8.579,600,N, ,GADSBY ROAD,201437794,11/05/2014,Sun,945,GE,CN1T,160A 387A 927 ,,R,D,B ,F ,D, ,C,100,0,0,0,,,1787571,5756687
Waitomo District,3/65/10.196,50,N, ,HOSPITAL ROAD,201412510,22/04/2014,Tue,1509,EC,PS1,130A 191A 195A 911 ,W,R,D,O ,F , , ,C,50,0,1,0,,,1788579,5755465
Waitomo District,3/65/10.785,, ,I,WARD ST,201430117,16/01/2014,Thu,932,HA,CN1V,301B 375B 402B ,,R,D,OF,F ,X,S,C,50,0,0,0,,,1788998,5755062
Waitomo District,3/65/10.977,10,S, ,CRAIG TERRACE,201417402,21/09/2014,Sun,1635,PO,CN1E,512A ,,E,D,BF,F ,T,S,C,50,0,0,1,41,,1789081,5754893
Waitomo District,3/65/11.354,40,S, ,QUEEN ST,201414320,01/03/2014,Sat,1925,PO,TN1K,370A 671A 727B 927 ,,R,D,TF,F ,D, ,C,50,0,0,1,4,,1789304,5754591
Waitomo District,3/76/2.112,800,N, ,MANGATEA ROAD,201432744,24/02/2014,Mon,1604,AD,CS1T,135A 804 ,,E,D,B ,F , , ,C,100,0,0,0,,,1788650,5752800
Waitomo District,3/76/2.212,700,N, ,MANGATEA ROAD,201411095,24/02/2014,Mon,1750,AD,CS1T,135A 804 ,F,M,D,B ,F , , ,L,100,0,0,1,,,1788608,5752711
Waitomo District,3/76/2.912,, ,I,MANGATEA ROAD,201449597,09/09/2014,Tue,1400,GD,TS1C,386A ,,R,D,B ,F ,T,S,C,100,0,0,0,,,1788630,5752012
Waitomo District,3/76/6.842,1000,N, ,MARAETAUA ROAD,201435035,14/04/2014,Mon,1855,EO,CN1,341A ,D,E,D,DN,F , ,N,C,100,0,0,0,,,1786363,5750022
Waitomo District,3/76/11.513,150,E, ,SH 4,201432562,20/01/2014,Mon,1938,DA,CW1,111A 131A ,F,M,W,TN,F , ,N,C,100,0,0,0,,,1784249,5746146
Waitomo District,3/88/9.374,1540,W, ,MANGAKOWHAI ROAD,201418512,14/12/2014,Sun,11,CB,VN1,129A 358A ,C,R,D,DN,F , ,N,C,100,0,0,1,,,1777183,5741073
Waitomo District,3/88/10.726,100,W, ,TUI ST E,201413703,25/05/2014,Sun,1543,GE,VE1C,101A 927 ,,R,D,OF,F ,D,N,C,50,0,0,1,,,1776071,5740623
Waitomo District,3/88/10.746,120,W, ,KURATAHI ST,201413749,09/06/2014,Mon,1335,DA,CE1,410A 411A ,B,E,W,OF,L , ,N,C,50,0,0,1,,,1776052,5740619
Waitomo District,3/103/0.942,300,E, ,PAEKAKA ROAD,201445685,21/09/2014,Sun,750,DA,CW1,652A ,C,E,W,O ,M , , ,C,100,0,0,0,,,1771853,5737037
Waitomo District,3/103/6.352,5110,W, ,PAEKAKA ROAD,201432513,22/01/2014,Wed,1955,DB,CS1,134A 631A ,C,M,D,TN,F , ,N,C,100,0,0,0,,,1767465,5735718