TLANAME,CRASHROAD,CRASHDIST,CRASHDIRN,INTSN,SIDEROAD,CRASHID,CRASHDATE,CRASHDOW,CRASHTIME,MVMT,VEHICLES,CAUSES,OBJECTSSTRUCK,ROADCURVE,ROADWET,LIGHT,WTHRa,JUNCTYPE,TRAFCTRL,ROADMARK,SPDLIM,CRASHFATALCNT,CRASHSEVCNT,CRASHMINCNT,PERSAGE1,PERSAGE2,EASTING,NORTHING
Waitomo District,3/103/10.096,7500,S, ,PAEKAKA ROAD,201400066,28/03/2014,Fri,1040,EO,CN1,826,D,R,D,B ,F , , ,C,100,1,0,1,,,1765838,5733114
Waitomo District,3/103/12.94,1100,E, ,MANGAORONGO ROAD,201447654,13/11/2014,Thu,830,DA,CN1,131A ,C,M,W,ON,L , ,N,C,100,0,0,0,,,1763745,5731732
Waitomo District,3/118/9.526,2100,W, ,PAPAKAURI ROAD S,201411925,20/02/2014,Thu,925,DB,TE1,111A 131A ,,S,D,BN,F , ,N,C,100,0,1,0,,,1755385,5725532
Waitomo District,3/118/14.126,6700,S, ,PAPAKAURI ROAD,201435557,20/04/2014,Sun,900,DA,CN1,111A 131A 402A 801 ,E,M,W,O ,L , , ,C,100,0,0,0,,,1751885,5723777
Waitomo District,3/133/1.642,6180,N, ,AWAKAU ROAD,201416324,06/10/2014,Mon,1508,DA,CS1,111A 132A ,V,S,W,O ,F , ,N,C,100,0,0,1,,,1750783,5722886
Waitomo District,3/133/1.722,6100,N, ,AWAKAU ROAD,201418807,19/12/2014,Fri,612,DB,CN1,111A 131A ,,S,D,TN,F , ,N,C,100,0,0,1,,,1750842,5722835
Waitomo District,3/133/1.822,6000,N, ,AWAKAU ROAD,201418863,20/12/2014,Sat,1620,DA,CS1,135A 806 ,C,M,W,ON,F , ,N,C,100,0,0,1,,,1750826,5722741
Waitomo District,3/140/1.644,1600,S, ,AWAKAU ROAD,201450101,27/11/2014,Thu,529,DB,TN1,111A 131A ,FG,S,D,TN,F , , ,C,100,0,0,0,,,1747437,5718347
Waitomo District,3/140/2.824,2780,S, ,AWAKAU ROAD,201441696,18/07/2014,Fri,545,QG,TS1,111A 131A ,F,M,D,DN,F , , ,C,100,0,0,0,,,1746587,5717650
Waitomo District,3/140/3.744,3700,S, ,AWAKAU ROAD,201450103,28/11/2014,Fri,1512,DA,CE1,111A 131A 801 ,C,E,W,O ,L , , ,C,100,0,0,0,,,1745954,5718300
Waitomo District,3/140/5.204,5000,N, ,AWAKINO HEADS ROAD N,201414460,27/02/2014,Thu,1000,DB,TN1,111A 131A ,,S,D,BN,F , ,N,C,100,0,0,1,,,1744715,5718915
Waitomo District,3/140/8.293,550,E, ,IREDALE QUAY,201447190,27/10/2014,Mon,1904,AA,CW1CC,330A 372A 402A 150B 130C 801 ,CF,E,W,TN,L , , ,C,100,0,0,0,,,1742296,5720117
Waitomo District,3/140/8.66,2000,N, ,MANGANUI ROAD,201400267,15/12/2014,Mon,1230,BB,CN1B,123A ,E,E,D,B ,F , ,N,C,100,1,0,0,,,1742010,5720344
Waitomo District,3/140/8.773,70,E, ,IREDALE QUAY,201439055,26/06/2014,Thu,1138,DA,40,136A 668A ,C,M,D,BF,F , ,N,C,100,0,0,0,,,1741929,5720421
Waitomo District,3/140/10.204,, ,I,AWAKINO HEADS ROAD N,201449384,11/12/2014,Thu,1325,FA,TN1C,112A 331A 353A ,E,R,D,O ,F ,T,S,C,100,0,0,0,,,1741351,5719303
Waitomo District,3/140/12.779,1000,N, ,OHA ST,201443693,13/09/2014,Sat,2040,DA,VN1,111A 131A 801 ,FTX,E,W,DN,L , , ,C,100,0,0,0,,,1740765,5716896
Waitomo District,30/0/0.078,, ,A,AWAKINO ROAD RAIL XING,201413397,17/05/2014,Sat,1045,DB,40,130A 427A ,C,E,W,O ,F , , ,C,50,0,1,1,,,1789471,5754495
Waitomo District,30/0/1.509,5,N, ,BEROS ROAD,201432737,21/02/2014,Fri,918,MC,TS1T,387A 372B ,,R,D,B ,F ,T,G,C,100,0,0,0,,,1790641,5753791
Waitomo District,30/0/1.814,300,S, ,BEROS ROAD,201412112,26/04/2014,Sat,400,DA,4S1,131A 517A ,FP,M,W,DO,F , , ,C,100,0,0,1,,,1790732,5753502
Waitomo District,30/0/9.925,950,S, ,BODLEY ROAD,201440053,26/06/2014,Thu,2000,DB,CN1,131A 363A 601A ,F,M,W,DN,L , ,N,C,100,0,0,0,,,1793880,5746898
Waitomo District,30/14/8.384,150,E, ,KOPAKI ROAD,201432750,23/02/2014,Sun,1930,DA,CS1,131A 191A ,G,S,D,B ,F , , ,C,100,0,0,0,,,1798349,5738649
Waitomo District,30/30/1.45,1450,E, ,WAIMIHA ROAD,201441721,08/08/2014,Fri,1615,DA,CE1,131A 412A 901 ,FZ,E,W,O ,H , , ,C,100,0,0,0,,,1803647,5733361
Waitomo District,30/30/2.834,540,W, ,OHIREA ROAD,201439809,11/05/2014,Sun,1220,DB,CS1,131A 412A ,C,E,D,B ,F , , ,C,100,0,0,0,,,1804977,5733642
Waitomo District,30/30/9.499,3500,W, ,MANGAOKEWA ROAD E,201418635,11/12/2014,Thu,330,DB,CE1,131A ,C,S,W,DN,L , ,N,C,100,0,0,1,,,1810158,5736434
Waitomo District,30/30/10.999,2000,E, ,MANGAOKEWA ROAD W,201432512,05/01/2014,Sun,1310,DB,CE1,134A 358A ,C,M,W,O ,F , ,N,C,100,0,0,0,,,1811615,5736380
Waitomo District,30/30/13.199,200,E, ,MANGAOKEWA ROAD S,201439792,11/06/2014,Wed,130,DA,CW1,131A 412A 801 ,E,E,W,DN,L , , ,C,100,0,0,0,,,1813534,5735980
Waitomo District,37/0/5.551,430,W, ,BROOKLEE ROAD,201440310,06/07/2014,Sun,1217,FA,CE1C,181A 331A ,,E,D,O ,F , , ,C,100,0,0,0,,,1786307,5762798
Waitomo District,4/0/0.01,10,S, ,SH 3,201418639,28/12/2014,Sun,1230,DB,MN1,137A 197A ,,M,D,ON,F ,T,N,C,100,0,0,1,,,1784101,5746120
Waitomo District,4/0/0.1,100,S, ,SH 3,201446129,12/09/2014,Fri,202,DA,TN1,131A 330A ,F,E,D,DN,F , , ,C,100,0,0,0,,,1784112,5746031
Waitomo District,4/0/2,2000,S, ,SH 3,201450513,26/12/2014,Fri,1417,DB,CN1,131A ,F,M,D,B ,F , , ,C,100,0,0,0,,,1784832,5744403
Waitomo District,4/0/5.131,1830,N, ,PUKERIMU ROAD,201413394,26/05/2014,Mon,1115,DB,CN1,131A 350A 804 ,EV,M,D,O ,F , , ,C,100,0,0,1,,,1787253,5742996
Waitomo District,4/0/8.461,1500,S, ,PUKERIMU ROAD,201413395,31/05/2014,Sat,1300,CC,CS1,131A 412A ,F,R,D,B ,F , , ,C,100,0,0,1,,,1789152,5740746
Waitomo District,4/0/12.318,140,S, ,MAPARA NORTH ROAD,201441720,31/07/2014,Thu,600,DA,CN1,111A 131A 901 ,F,M,W,DN,H , , ,C,100,0,0,0,,,1790706,5737698
Waitomo District,4/0/12.528,350,S, ,MAPARA NORTH ROAD,201450783,19/09/2014,Fri,845,DB,CN1,197A ,F,S,W,ON,L , ,N,C,100,0,0,0,,,1790773,5737501
Waitomo District,4/0/12.708,530,S, ,MAPARA NORTH ROAD,201441723,30/07/2014,Wed,1140,DB,4N1,131A 407A ,,M,D,O ,F , , ,L,100,0,0,0,,,1790883,5737359
Waitomo District,4/0/12.708,530,S, ,MAPARA NORTH ROAD,201441722,31/07/2014,Thu,1010,DB,4N1,111A 131A ,F,M,W,O ,F , , ,L,100,0,0,0,,,1790883,5737359
Waitomo District,4/0/13.822,1650,N, ,KOPAKI ROAD,201434786,29/04/2014,Tue,1950,EC,CN1,821,X,M,D,DN,F , ,N,C,100,0,0,0,,,1791126,5736428
Waitomo District,4/0/14.372,1100,N, ,KOPAKI ROAD,201415935,27/07/2014,Sun,2000,DB,CS1,131A 407A ,CV,M,D,DN,F , , ,C,100,0,0,2,,,1791639,5736475
Waitomo District,4/0/14.378,2200,S, ,MAPARA NORTH ROAD,201432906,28/02/2014,Fri,2030,DA,CW1,131A 191A 404A ,EFX,M,D,DN,F , , ,C,100,0,0,0,,,1791645,5736475
Waitomo District,4/0/14.472,1000,N, ,KOPAKI ROAD,201417590,05/09/2014,Fri,1905,DA,CS1,131A ,,E,W,DN,F , ,N,C,100,0,0,3,,,1791732,5736508
Waitomo District,4/0/14.572,900,N, ,KOPAKI ROAD,201400113,19/05/2014,Mon,838,DC,CN1,111A 131A 404A 632A ,CSV,M,W,O ,F , , ,C,100,1,1,4,,,1791826,5736535
Waitomo District,4/0/14.972,500,N, ,KOPAKI ROAD,201436178,24/04/2014,Thu,1815,EC,4N1,820,X,M,W,DN,L , , ,C,100,0,0,0,,,1792069,5736237
Waitomo District,4/0/15.322,150,N, ,KOPAKI ROAD,201435562,18/04/2014,Fri,2200,DB,CN1,111A 131A ,V,M,D,DN,F , , ,C,100,0,0,0,,,1792241,5735942
Waitomo District,4/15/1.2,1200,S, ,KOPAKI ROAD,201416998,04/10/2014,Sat,1912,DA,CW1,111A ,C,M,W,TN,F , ,N,C,100,0,0,1,,,1792541,5734700
Waitomo District,4/15/2.638,1760,N, ,OMARU ROAD,201432749,15/02/2014,Sat,2225,DA,VW1,103A 116A 138A 817 ,,M,D,DN,F , , ,N,100,0,0,0,,,1791340,5734282
Waitomo District,4/15/4.498,100,S, ,OMARU ROAD,201411840,07/03/2014,Fri,816,DB,4S1,195A ,C,E,D,BN,F , ,N,C,100,0,0,1,,,1789670,5733750
Waitomo District,4/15/5.762,490,S, ,MANGAITI ROAD,201442785,21/07/2014,Mon,1500,DB,CS1,131A 404A ,F,E,D,BF,F , ,N,C,100,0,0,0,,,1789813,5732545
Waitomo District,4/15/6.722,1450,S, ,MANGAITI ROAD,201415106,19/07/2014,Sat,1030,DB,CN1,135A 802 ,F,M,I,B ,FF, , ,C,100,0,1,1,,,1790222,5731748
Waitomo District,4/15/9.287,740,W, ,RAMAROA ROAD,201414114,28/03/2014,Fri,735,CC,4N1,129A ,,R,D,ON,M , ,N,C,100,0,2,0,,,1791346,5729857
Waitomo District,4/15/10.795,500,S, ,TATA ROAD,201418713,28/12/2014,Sun,15,BF,CS1V,131A 402A 412A 197B ,,E,D,DN,F , , ,C,100,0,0,2,,,1792217,5728749
Waitomo District,4/15/15.855,880,N, ,TAKIRI ROAD,201446631,04/10/2014,Sat,1030,DA,CN1,111A 131A 404A 801 ,C,E,W,O ,L , , ,C,100,0,0,0,,,1793045,5724354
Waitomo District,4/15/16.755,20,S, ,TAKIRI ROAD N,201441558,02/08/2014,Sat,1810,EC,CS1,912,W,R,W,DN,F , ,N,C,100,0,0,0,,,1793210,5723497
Waitomo District,4/15/17.037,25,N, ,TAKIRI ROAD S,201414039,07/07/2014,Mon,1502,DA,TS1,129A 134A ,V,E,D,O ,F , ,N,C,100,0,1,1,,,1793034,5723283
Wanganui District,ABBOT ST,, ,I,BIGNELL ST,201448021,21/10/2014,Tue,735,HA,CS1C,302B 351B 423B ,,R,D,B ,F ,X,G,C,50,0,0,0,,,1772878,5576213
Wanganui District,ABBOT ST,10,N, ,MUIR ST,201444538,24/07/2014,Thu,1610,MA,CN1C,373B ,,R,D,B ,F ,X,G,C,50,0,0,0,,,1772830,5576588
Wanganui District,AIRPORT ROAD,, ,A,LANDGUARD ROAD,201413844,28/05/2014,Wed,1615,DA,4N1,104A 111A 433A ,C,M,D,O ,F , , ,N,50,0,0,2,,,1772795,5574804
Wanganui District,ALMA ROAD,20,W, ,DUSTIN ST,201449269,28/11/2014,Fri,1330,JA,CE14,308B 377B 927 ,,R,W,O ,L ,D,N,C,50,0,0,0,,,1773775,5576999
Wanganui District,BABBAGE PLACE,100,E, ,KAWAU PLACE,201412868,28/01/2014,Tue,1425,NB,CW1E,713B 727B ,,R,D,B ,F , , ,C,50,0,0,1,6,,1773474,5579715
Wanganui District,BELL ST,, ,I,DUBLIN ST,201440797,10/07/2014,Thu,1258,DA,CE24,111A 131A 402A ,M,R,D,B ,F ,X,S,C,50,0,0,0,,,1774858,5578530
Wanganui District,BELL ST,, ,I,LIVERPOOL ST,201447840,12/11/2014,Wed,1445,HA,CS1C,321A ,,R,W,OF,L ,X,S,C,50,0,0,0,,,1774685,5578670
Wanganui District,BELL ST,, ,I,LIVERPOOL ST,201448440,12/11/2014,Wed,1445,HA,CS1C,321A ,,R,W,OF,L ,X,S,C,50,0,0,0,,,1774685,5578670
Wanganui District,BELL ST,, ,I,PARK PLACE,201450626,18/12/2014,Thu,1220,MO,CN1,371A 386A ,KP,R,D,B ,F ,T,N,C,50,0,0,0,,,1775604,5577886
Wanganui District,BELL ST,80,E, ,PLYMOUTH ST,201410904,04/02/2014,Tue,825,CB,CE1,129A 363A 902 ,P,R,D,BF,F , ,N,C,50,0,0,1,,,1775093,5578341
Wanganui District,BRASSEY ROAD,270,N, ,SH 3,201413714,10/03/2014,Mon,900,JA,SN1V,204A 308B 929 ,,R,D,BF,F ,D,N,C,50,0,0,1,,70,1774128,5579801
Wanganui District,BRUNSWICK ROAD,390,E, ,RANGITATAU EAST ROAD,201431473,03/02/2014,Mon,1445,AO,TW1O,818,,R,D,BN,F , ,N,C,100,0,0,0,,,1767192,5588772
Wanganui District,COOKS ST,100,W, ,GUYTON ST,201446626,31/10/2014,Fri,1710,MC,ME1C,372B ,,R,D,O ,F , , ,C,50,0,0,0,,,1774914,5577701
Wanganui District,CORNFOOT ST,, ,I,BAMBER ST,201444539,24/08/2014,Sun,1330,HA,CS1C,302B ,,R,D,B ,F ,X,G,C,50,0,0,0,,,1769613,5577004
Wanganui District,CORNFOOT ST,, ,I,MANUKA ST,201411886,05/02/2014,Wed,805,HA,CS1C,302A ,,R,D,OF,F ,X,G,C,50,0,1,1,,,1769454,5577251
Wanganui District,CORNFOOT ST,, ,I,RANGIORA ST,201414698,30/06/2014,Mon,1923,CB,4N1,130A 197A 402A 801 ,P,R,W,DO,L ,X,G,C,50,0,0,1,,,1769333,5577436
Wanganui District,DREWS AVENUE,, ,I,MOUTOA QUAY,201435613,28/04/2014,Mon,1100,MD,CS1V,371B 801 ,,R,W,O ,L ,T,G,C,50,0,0,0,,,1775736,5577513
Wanganui District,DREWS AVENUE,15,E, ,RIDGWAY ST,201410400,17/01/2014,Fri,2358,CA,PE1,103A 130A ,,R,D,DO,F , , ,C,50,0,0,1,,,1775581,5577638
Wanganui District,DREWS AVENUE,50,E, ,RUTLAND ST,201432407,22/02/2014,Sat,1200,MO,CE1C,371B ,M,R,D,B ,F , , ,C,50,0,0,0,,,1775673,5577563
Wanganui District,DUBLIN ST,, ,I,SOMME PARADE,201442293,08/06/2014,Sun,1305,HA,CS2C,302A ,,E,D,B ,F ,R,G,R,50,0,0,0,,,1775247,5578997
Wanganui District,DUBLIN ST,, ,I,SOMME PARADE,201448022,26/04/2014,Sat,2325,HA,4N2C,103B 111B 130B ,,S,W,DO,F ,R,G,R,50,0,0,0,,,1775247,5578997
Wanganui District,DUBLIN ST,, ,I,SOMME PARADE,201446222,04/10/2014,Sat,2140,HA,CE1C,302A 375A ,,R,D,DO,F ,R,G,R,50,0,0,0,,,1775234,5579000
Wanganui District,DUBLIN ST,, ,I,SOMME PARADE,201444537,24/08/2014,Sun,2101,HA,CS2C,302A ,,M,D,DO,F ,R,G,R,50,0,0,0,,,1775247,5578997
Wanganui District,DUBLIN ST,, ,I,SOMME PARADE,201440796,04/07/2014,Fri,1629,KA,PW1C,302B ,,E,D,B ,F ,R,G,R,50,0,0,0,,,1775239,5579023
Wanganui District,DUBLIN ST,, ,I,VICTORIA AVENUE,201411228,06/01/2014,Mon,1020,NE,CE1E,307A ,,R,D,B ,F ,X,T,C,50,0,0,1,69,,1774630,5578246
Wanganui District,DUBLIN ST,, ,I,WICKSTEED ST,201445938,09/10/2014,Thu,1640,HA,CW2V,301A 377A 902 ,,R,D,B ,F ,X,S,R,50,0,0,0,,,1774707,5578342
Wanganui District,DUBLIN ST BRIDGE,50,W, ,SH 4,201434446,15/04/2014,Tue,610,BA,CE1T,101A 129A ,,R,D,TO,F , , ,C,50,0,0,0,,,1775534,5579073
Wanganui District,DUBLIN ST BRIDGE,, ,I,SH 4,201450072,26/12/2014,Fri,1832,FB,CE1M,331A 352A 402A ,,R,D,B ,F ,R,G,R,50,0,0,0,,,1775578,5579083
Wanganui District,DUBLIN ST BRIDGE,90,E, ,SOMME PARADE,201413713,18/03/2014,Tue,950,BE,CW14,108A 129A ,,R,D,OF,F , ,N,L,50,0,0,1,,,1775344,5579032
Wanganui District,FOX ROAD,, ,I,FITZHERBERT AVENUE,201443583,28/07/2014,Mon,802,FB,CS1V,331A 353A 387A ,,E,D,OF,F ,T,G,R,50,0,0,0,,,1772654,5577834
Wanganui District,FRANCIS ROAD,200,S, ,CAMERON ROAD EAST,201410973,03/02/2014,Mon,1205,MC,CS1V,372B 375B ,,R,D,BN,F , ,N,C,100,0,0,1,,,1770117,5580763
Wanganui District,GLASGOW ST,, ,I,CAMPBELL ST,201416073,23/09/2014,Tue,800,LB,CN1S,303B 375B 382B ,,R,D,O ,F ,X,G,C,50,0,1,0,,50,1774436,5578714
Wanganui District,GLASGOW ST,30,N, ,GLOUCESTER ST,201433968,21/03/2014,Fri,1900,LB,CS1C,308B 375B 929 ,,R,D,TF,F ,D,N,C,50,0,0,0,,,1775064,5579495
Wanganui District,GLASGOW ST,, ,I,HARRISON ST,201444939,05/10/2014,Sun,1140,HA,CE2C,302A 375A ,,R,D,B ,F ,X,G,P,50,0,0,0,,,1774587,5578905
Wanganui District,GLASGOW ST,, ,I,HARRISON ST,201441537,15/08/2014,Fri,1620,KB,CW1C,302B 375B ,,R,D,O ,F ,X,G,C,50,0,0,0,,,1774587,5578905
Wanganui District,GLASGOW ST,, ,I,LOWTHER ST,201430727,14/02/2014,Fri,1430,KB,CW1C,302B 375B ,,R,D,OF,F ,X,G,C,50,0,0,0,,,1775195,5579658
Wanganui District,GLASGOW ST,, ,I,PITT ST,201442499,12/08/2014,Tue,1430,KB,CN1C,302B 375B ,,R,D,OF,L ,X,G,C,50,0,0,0,,,1774816,5579188
Wanganui District,GLASGOW ST,, ,I,SOMME PARADE,201436649,07/05/2014,Wed,845,FB,CN1C,181A ,,R,D,B ,F ,T,N,C,50,0,0,0,,,1775243,5579707
Wanganui District,GLASGOW ST,15,N, ,VICTORIA AVENUE,201410402,08/01/2014,Wed,1540,NF,CS1E,308A 376A 927 ,,R,D,O ,F ,D,N,C,50,0,0,1,45,,1774292,5578537
Wanganui District,GLASGOW ST,100,S, ,VICTORIA AVENUE,201439451,07/07/2014,Mon,1215,MO,CE1C,386A 926 ,,R,D,B ,F ,D,N,C,50,0,0,0,,,1774220,5578448
Wanganui District,GLASGOW ST,, ,I,VICTORIA AVENUE,201438518,10/06/2014,Tue,1705,HA,CW2C,322B 427B 801 ,,R,W,DO,L ,X,T,N,50,0,0,0,,,1774283,5578525
Wanganui District,GLASGOW ST,, ,I,VICTORIA AVENUE,201441947,30/07/2014,Wed,2330,HA,CN2C,322A 330A ,,R,D,DO,F ,X,T,C,50,0,0,0,,,1774283,5578525
Wanganui District,GLASGOW ST,, ,I,WICKSTEED ST,201413865,20/06/2014,Fri,1256,NF,CN2E,330A 370A 402A 711B ,,R,D,B ,F ,X,G,R,50,0,0,1,53,,1774361,5578621
Wanganui District,GLENN ST,120,N, ,LEE ST,201444064,25/07/2014,Fri,1100,MO,CN1C,371A ,M,R,D, F,F , ,N,N,50,0,0,0,,,1770651,5577366
Wanganui District,GONVILLE AVENUE,200,N, ,TAWA ST,201412455,05/03/2014,Wed,1910,GE,CS1V,160A 333A 929 ,,E,D,O ,F ,D, ,C,50,0,0,2,,,1773505,5576541
Wanganui District,GREY ST,, ,I,PARSONS ST,201439912,08/05/2014,Thu,2155,HA,CN2C,302A 375A ,,E,W,DO,F ,R,G,R,50,0,0,0,,,1773480,5578397
Wanganui District,GUYTON ST,, ,I,CAMPBELL ST,201432302,23/01/2014,Thu,1040,HA,4N1C,302B ,,R,D,B ,F ,X,G,R,50,0,0,0,,,1775299,5578019
Wanganui District,GUYTON ST,, ,I,HEADS ROAD,201449727,12/12/2014,Fri,1000,DA,TS1,330A 682A 687A ,,M,D,B ,F ,X,G,C,50,0,0,0,,,1774801,5576897
Wanganui District,GUYTON ST,, ,I,HEADS ROAD,201442287,07/08/2014,Thu,1605,EA,CS1C,108A 504A ,M,E,D,O ,F ,X,G,C,50,0,0,0,,,1774801,5576897
Wanganui District,GUYTON ST,, ,I,PURNELL ST,201447911,15/10/2014,Wed,1234,FA,CN1C,181A 331A 191B 197B ,,E,D,B ,F ,T,G,R,50,0,0,0,,,1774812,5577414
Wanganui District,GUYTON ST,50,E, ,WICKSTEED ST,201445044,18/10/2014,Sat,1830,EO,VS1,386A ,S,R,D,TF,F , ,N,C,50,0,0,0,,,1775255,5577965
Wanganui District,HACKETT ST,40,N, ,WAKEFIELD ST,201445754,22/10/2014,Wed,1640,MO,CN1C,371A ,,R,D,B ,F , ,N,N,50,0,0,0,,,1777234,5579387
Wanganui District,HALSWELL ST,, ,I,GLASGOW ST,201439412,01/07/2014,Tue,1715,HA,CW1C,302A 375A ,,R,W,O ,F ,R,G,C,50,0,0,0,,,1774963,5579382
Wanganui District,HARPER ST,, ,I,KAURI ST,201450565,30/12/2014,Tue,1209,JA,VS1CC,384A 375B ,,R,D,O ,F ,T,N,C,50,0,0,0,,,1772123,5576897
Wanganui District,HARPER ST,, ,I,KAURI ST,201410401,14/01/2014,Tue,1535,NB,VS1K,727B 929 ,,R,D,B ,FF,D,N,C,50,0,0,1,3,,1772123,5576897
Wanganui District,HEADS ROAD,50,W, ,CARLTON AVENUE,201449076,26/11/2014,Wed,655,MO,CW14,353A ,Q,R,W,OF,L , ,N,P,50,0,0,0,,,1774326,5576574
Wanganui District,HEADS ROAD,30,N, ,GILBERD ST W,201418088,03/12/2014,Wed,1237,DB,ME1,129A 386A 921 ,K,R,D,BF,F ,D,N,C,50,0,0,1,,,1771204,5576249
Wanganui District,HEADS ROAD,50,E, ,KINGS AVENUE,201434429,29/04/2014,Tue,1225,MB,4E1C,313A 372B 691B ,,R,D,O ,F , , ,C,50,0,0,0,,,1773636,5575935
Wanganui District,HEADS ROAD,, ,I,KINGS AVENUE W,201413546,15/07/2014,Tue,1534,DB,CE1,103A 111A 359A ,T,E,D,O ,F ,T,G,P,50,0,1,2,,,1773560,5575929
Wanganui District,HEADS ROAD,, ,I,LIFFITON ST,201417953,01/12/2014,Mon,1917,LB,PS1C,303A ,,M,D,TF,F ,T,G,C,50,0,0,1,,,1774508,5576777
Wanganui District,HEADS ROAD,1410,E, ,MOSSTON ROAD,201439909,30/05/2014,Fri,1635,EA,TE1T,129A 363A 902 ,M,R,D,BF,F , ,N,C,50,0,0,0,,,1771877,5576047
Wanganui District,HEADS ROAD,, ,I,MOSSTON ROAD,201448667,04/11/2014,Tue,830,MA,VE1C,373B ,,E,D,O ,F ,X,G,C,50,0,0,0,,,1770610,5576603
Wanganui District,HEADS ROAD,, ,I,ROGERS ST,201445567,26/09/2014,Fri,1205,KA,CE1T,302B 330B ,,R,D,B ,F ,T,G,C,50,0,0,0,,,1771591,5576126
Wanganui District,HEADS ROAD,20,W, ,SH 3,201450931,21/12/2014,Sun,1612,DB,CN1,412A ,KS,E,D,O ,F ,R,G,R,50,0,0,0,,,1774442,5576713
Wanganui District,HEADS ROAD,100,S, ,TAUPO QUAY N,201417546,08/11/2014,Sat,2127,DA,CE1,101A 131A ,EF,E,D,DO,F , ,N,C,50,0,0,1,,,1775133,5576935
Wanganui District,HEADS ROAD,, ,I,TAUPO QUAY W,201412601,17/03/2014,Mon,1600,KB,SS1C,302B 375B ,,M,D,BN,F ,T,G,C,50,0,0,1,,56,1774008,5576207
Wanganui District,HEREFORD ST,100,N, ,DURHAM ROAD,201446424,02/10/2014,Thu,2110,MO,CN1C,371A 929 ,M,R,W,DO,LS,D,N,N,50,0,0,0,,,1772616,5578539
Wanganui District,HOOD ST,30,E, ,BAMBER ST,201400150,10/07/2014,Thu,1235,CC,MN1,101A 112A 350A ,,R,D,B ,F , ,N,C,50,1,0,0,,,1769729,5577045
Wanganui District,INGESTRE ST,50,W, ,ST HILL ST,201414955,12/06/2014,Thu,915,FD,CS1C,181A ,,R,D,OF,F , ,N,C,50,0,0,1,,,1774864,5577833
Wanganui District,INGESTRE ST,, ,I,ST HILL ST,201415409,27/05/2014,Tue,1442,NF,CW2E,307A ,,R,D,B ,F ,X,T,C,50,0,1,0,83,,1774896,5577871
Wanganui District,INGESTRE ST,, ,I,ST HILL ST,201439339,07/06/2014,Sat,1030,HA,CE24,322A 334A ,,R,D,O ,F ,X,T,C,50,0,0,0,,,1774896,5577871
Wanganui District,INGESTRE ST,, ,I,WICKSTEED ST,201441955,18/07/2014,Fri,942,HA,CN2C,197A 302A 377A 197B 832 ,,R,D,B ,F ,X,G,R,50,0,0,0,,,1775053,5578063
Wanganui District,INGESTRE ST,, ,I,WILSON ST,201443805,20/08/2014,Wed,1505,FE,CN14,181A ,,R,D,OF,F ,X,T,C,50,0,0,0,,,1774743,5577684
Wanganui District,KAIKOKOPU ROAD,2000,W, ,SOMME PARADE,201418127,18/11/2014,Tue,1750,DA,CW1,104A 138A ,CV,M,D,TN,F , , ,N,100,0,1,0,,,1774145,5581535
Wanganui District,KINGS AVENUE,30,N, ,HEADS ROAD,201444764,07/10/2014,Tue,1409,JA,CS1C,308B 929 ,,R,D,OF,F ,D,N,C,50,0,0,0,,,1773545,5575954
Wanganui District,KOROMIKO ROAD,10,E, ,TAWA ST,201440029,17/06/2014,Tue,2000,EA,CE1C,129A ,M,R,D,DO,F ,T,N,C,50,0,0,0,,,1773959,5576722
Wanganui District,LANDGUARD ROAD,960,N, ,AIRPORT ROAD,201439463,27/05/2014,Tue,2000,DA,CE1,138A 402A ,C,E,D,DN,F , ,N,N,100,0,0,0,,,1773546,5575117
Wanganui District,LIVERPOOL ST,5,S, ,CAMPBELL ST,201444937,08/06/2014,Sun,2130,CB,CN1,103A 112A ,P,R,D,DO,F ,X,G,C,50,0,0,0,,,1774606,5578572
Wanganui District,MILLWARD ST,, ,I,NIXON ST,201441232,11/07/2014,Fri,1841,HA,CN1C,302A 375A 862 ,F,R,D,DO,F ,X,G,C,50,0,0,0,,,1776048,5579075
Wanganui District,MOSSTON ROAD,290,N, ,MILL ROAD,201413712,25/04/2014,Fri,1426,DB,CN1C,308B 378B 834 837 929 ,F,M,D,ON,F ,D,N,C,70,0,0,1,,,1771284,5577806
Wanganui District,MOSSTON ROAD,600,N, ,MILL ROAD,201444935,16/09/2014,Tue,810,FA,VS1C,181A 330A 191B ,,R,W,O ,L , ,N,C,70,0,0,0,,,1771492,5578031
Wanganui District,MOSSTON ROAD,, ,I,PURIRI ST,201418764,23/11/2014,Sun,1429,HA,CE2C,101A 301A ,,R,D,B ,F ,X,S,C,50,0,0,2,,,1770716,5576896
Wanganui District,NIBLETT ST,100,W, ,COPELAND ST,201447899,14/11/2014,Fri,1155,EA,CW1C,129A ,M,R,D,BF,F , ,N,C,50,0,0,0,,,1774777,5579063