TLANAME,CRASHROAD,CRASHDIST,CRASHDIRN,INTSN,SIDEROAD,CRASHID,CRASHDATE,CRASHDOW,CRASHTIME,MVMT,VEHICLES,CAUSES,OBJECTSSTRUCK,ROADCURVE,ROADWET,LIGHT,WTHRa,JUNCTYPE,TRAFCTRL,ROADMARK,SPDLIM,CRASHFATALCNT,CRASHSEVCNT,CRASHMINCNT,PERSAGE1,PERSAGE2,EASTING,NORTHING
Wanganui District,NILE ST,, ,I,KAWAKAWA ST,201439455,10/05/2014,Sat,47,DB,CE1,101A 111A ,FHP,S,D,DO,F ,T,N,C,50,0,0,0,,,1776414,5578916
Wanganui District,NIXON ST,, ,I,MOANA ST,201448023,02/09/2014,Tue,1130,JC,CS1C,302A 350A ,,R,D,B ,F ,X,G,R,50,0,0,0,,,1776152,5579134
Wanganui District,NO 3 LINE,500,W, ,KAUKATEA VALLEY ROAD,201441951,31/07/2014,Thu,720,DB,VE1,131A 359A ,V,E,D,O ,F , , ,C,100,0,0,0,,,1781591,5578415
Wanganui District,NO 3 LINE,500,E, ,WAKEFIELD ST,201410971,24/02/2014,Mon,1300,GB,CE1V,144B 927 ,,R,D,BN,F ,D,N,C,100,0,0,1,,,1778134,5579371
Wanganui District,PARKES AVENUE,, ,I,NGAPUHI ST,201450930,31/10/2014,Fri,2130,HA,VE2C,302B 335B 402B ,,R,D,DO,F ,X,G,C,50,0,0,0,,,1773922,5579110
Wanganui District,PARKES AVENUE,15,N, ,TARATA ST,201415859,19/07/2014,Sat,1414,MA,MN1C,373B ,,R,D,O ,F ,X,G,C,50,0,0,1,,,1773983,5579046
Wanganui District,PARSONS ST,, ,I,GREY ST,201412891,09/05/2014,Fri,1315,KA,CN24,101A 101B 302B 375B ,,R,D,B ,F ,R,G,R,50,0,0,1,,,1773468,5578382
Wanganui District,PARSONS ST,, ,I,GREY ST,201415860,14/08/2014,Thu,745,HA,CN2S,302A ,,R,D,O ,F ,R,G,R,50,0,0,1,,58,1773482,5578383
Wanganui District,PARSONS ST,, ,I,SPRINGVALE ROAD,201412456,06/04/2014,Sun,1205,LB,CN1S,302A 375A ,,E,D,B ,F ,R,G,R,50,0,0,1,,49,1773480,5578397
Wanganui District,PARSONS ST,, ,I,SPRINGVALE ROAD,201418089,02/12/2014,Tue,1945,HA,CN1S,302A ,,R,D,BF,F ,R,G,C,50,0,0,1,,55,1773480,5578397
Wanganui District,PARSONS ST,, ,I,SPRINGVALE ROAD,201438685,26/06/2014,Thu,1900,HA,CS2C,302A ,,E,W,DO,L ,R,G,R,50,0,0,0,,,1773467,5578397
Wanganui District,PEAKES ROAD,30,W, ,PARSONS ST,201414954,25/05/2014,Sun,1233,MD,SE1C,204A 308B 929 ,,R,D,BF,F ,D,N,C,50,0,0,1,,14,1773900,5578837
Wanganui District,PEAKES ROAD,, ,I,PARSONS ST,201414161,16/05/2014,Fri,935,NC,4N1E,711B 724B ,,R,D,OF,F ,T,G,C,50,0,0,1,34,,1773921,5578815
Wanganui District,PITT ST,, ,I,LIVERPOOL ST,201418762,29/09/2014,Mon,2240,HA,PE1C,101A 302B ,,R,D,DO,F ,X,G,C,50,0,1,0,,,1774990,5579048
Wanganui District,PORTAL ST,60,N, ,STARK ST,201413711,16/05/2014,Fri,1005,BC,CN1C,108A 129A ,,M,W,BF,F , ,N,C,50,0,0,2,,,1776741,5577252
Wanganui District,PURIRI ST,, ,I,BENNETT ST,201445646,12/09/2014,Fri,1815,DA,PW1,131A ,,R,W,TO,F ,T,N,C,50,0,0,0,,,1771884,5576999
Wanganui District,PURIRI ST,100,W, ,RAUPO ST,201413864,08/06/2014,Sun,1944,EA,ME1C,103A 112A 402A ,M,R,D,DO,F , , ,C,50,0,1,0,,,1771056,5576772
Wanganui District,PURIRI ST,100,S, ,YORK ST,201448020,22/09/2014,Mon,900,MO,CS1C,371A 929 ,M,R,D,O ,F ,D,N,N,50,0,0,0,,,1772575,5576991
Wanganui District,PURNELL ST,, ,I,GILLIGAN CLOSE,201431280,06/02/2014,Thu,832,CB,CE1,136A 621A ,P,R,D,BF,F ,T,N,C,50,0,0,0,,,1774258,5577485
Wanganui District,PURNELL ST,, ,I,HATRICK ST EAST,201439456,06/07/2014,Sun,1649,HA,CW1C,302B 375B ,,R,D,TF,F ,X,G,C,50,0,0,0,,,1774581,5577443
Wanganui District,PURNELL ST,, ,I,INGESTRE ST W,201439251,23/06/2014,Mon,838,KB,CW1C,302B ,,R,D,O ,F ,T,G,C,50,0,0,0,,,1774548,5577447
Wanganui District,PURNELL ST,170,W, ,SELWYN CRESCENT,201445786,30/10/2014,Thu,840,MO,CE1C,371A 930 ,M,R,D,B ,F ,D,N,C,50,0,0,0,,,1773852,5577537
Wanganui District,PURNELL ST,80,E, ,SH 3,201446624,05/11/2014,Wed,1600,EA,CW1C,129A ,M,R,D,O ,F , , ,C,50,0,0,0,,,1773459,5577622
Wanganui District,RANGITATAU EAST ROAD,11170,E, ,SH 3,201449367,09/11/2014,Sun,1620,DA,CS1,138A 504A 507A ,F,M,D,B ,F , , ,N,100,0,0,0,,,1765439,5595805
Wanganui District,RANGITATAU WEST ROAD,1920,N, ,SH 3,201416372,27/09/2014,Sat,100,DA,CS1,104A 350A 407A ,FT,S,D,DN,F , ,N,C,100,0,1,0,,,1759846,5592240
Wanganui District,RANGITIKEI ST,20,E, ,KITCHENER ST,201417371,10/10/2014,Fri,1634,NA,4S1E,352A 370A 726B ,,R,D,B ,F , , ,C,50,0,0,1,1,,1776239,5580230
Wanganui District,RAPANUI ROAD,80,E, ,FRANCIS ROAD,201449081,10/08/2014,Sun,2330,DA,CW1,111A 131A 402A ,F,M,D,DN,F , ,N,C,100,0,0,0,,,1770650,5581748
Wanganui District,RAPANUI ROAD,360,E, ,FRANCIS ROAD,201434430,10/04/2014,Thu,2030,BC,CW1C,121A 131A 197B 901 ,CV,S,W,DN,H , , ,C,100,0,0,0,,,1770911,5581757
Wanganui District,RIDGWAY ST,20,S, ,BELL ST,201443620,09/09/2014,Tue,1250,MO,CS1V,370A 371A ,,R,D,B ,F , , ,C,50,0,0,0,,,1775659,5577765
Wanganui District,RIDGWAY ST,15,N, ,ST HILL ST,201448650,02/12/2014,Tue,745,MB,CN1V,370B ,,R,D,B ,F , , ,C,50,0,0,0,,,1775422,5577463
Wanganui District,RIDGWAY ST,, ,I,ST HILL ST,201431318,05/03/2014,Wed,1515,FE,CN1C,181A 387A ,,R,W,OF,L ,X,T,C,50,0,0,0,,,1775412,5577451
Wanganui District,RIMU ST,50,E, ,HARPER ST,201413346,19/05/2014,Mon,810,MO,MW1,669A ,,R,D,B ,F , , ,N,50,0,0,1,,,1772221,5576713
Wanganui District,ROGERS ST,, ,I,BENNETT ST,201439979,01/06/2014,Sun,2125,EA,CN1C,103A 129A ,M,R,D,DO,F ,T,G,C,50,0,0,0,,,1771552,5577178
Wanganui District,SH 3,19000,E, ,MARAHAU ROAD,201417548,12/11/2014,Wed,2006,BF,CN1CC,111A 131A ,,E,W,DN,H , ,N,C,100,0,0,2,,,0,0
Wanganui District,SMITHFIELD ROAD,, ,I,LONDON ST,201413345,25/03/2014,Tue,1440,DC,CS2C,423A ,F,R,D,O ,F ,T,N,P,50,0,0,2,,,1773136,5577451
Wanganui District,SOMME PARADE,5,S, ,BRUNSWICK ROAD,201411975,11/01/2014,Sat,1718,EC,CN1,129A 504A ,P,R,D,BF,F ,T,S,C,50,0,0,1,,,1776172,5580837
Wanganui District,SOMME PARADE,, ,I,DUBLIN ST,201435042,24/04/2014,Thu,815,HA,CS1C,302A 375A ,,M,D,O ,F ,R,G,C,50,0,0,0,,,1775247,5578997
Wanganui District,SOMME PARADE,, ,I,DUBLIN ST,201417547,05/11/2014,Wed,900,FB,CN1C,331A 350A ,,R,D,OF,F ,R,G,C,50,0,0,1,,,1775248,5578993
Wanganui District,SOMME PARADE,, ,I,DUBLIN ST,201448018,28/10/2014,Tue,1510,HA,CS1C,302A 330A ,,M,D,B ,F ,R,G,R,50,0,0,0,,,1775247,5578997
Wanganui District,SOMME PARADE,, ,I,DUBLIN ST,201418087,01/12/2014,Mon,830,HA,CN1S,210B 300B ,,M,D,OF,F ,R,G,C,50,0,0,1,,11,1775247,5578997
Wanganui District,SOMME PARADE,, ,I,DUBLIN ST,201439459,24/06/2014,Tue,1920,LB,CS1C,302A 375A ,,M,D,DO,F ,R,G,C,50,0,0,0,,,1775247,5578997
Wanganui District,SOMME PARADE,, ,I,DUBLIN ST,201444804,28/09/2014,Sun,920,HA,CE2C,302A 375A ,,M,W,OF,H ,R,G,N,50,0,0,0,,,1775234,5579000
Wanganui District,SOMME PARADE,, ,I,DUBLIN ST BRIDGE,201444297,21/09/2014,Sun,1720,HA,4W2C,302A 363A 902 ,,E,D,B ,F ,R,G,R,50,0,0,0,,,1775256,5579013
Wanganui District,SOMME PARADE,20,E, ,FIELD ST,201449728,03/12/2014,Wed,851,FD,VW1CV,181A 330A 610A ,,R,D,B ,F ,T,N,C,50,0,0,0,,,1776377,5580975
Wanganui District,SOMME PARADE,100,S, ,GEORGE ST,201449083,27/11/2014,Thu,1057,MC,CN1C,372B ,,R,D,BF,F , ,N,P,50,0,0,0,,,1775777,5580485
Wanganui District,SOMME PARADE,50,S, ,KAIKOKOPU ROAD,201445647,16/09/2014,Tue,1234,MA,TN1C,373B ,,R,D,O ,F , , ,C,50,0,0,0,,,1775613,5580259
Wanganui District,SOMME PARADE,60,S, ,KAIKOKOPU ROAD,201441195,26/06/2014,Thu,1300,JA,CN1C,308B 839 925 ,,R,D,BF,F ,D,N,C,50,0,0,0,,,1775608,5580251
Wanganui District,SPRINGVALE ROAD,20,N, ,AVON PLACE,201449079,04/11/2014,Tue,1528,FE,CS1C,331A 351A ,,R,D,OF,FF, ,T,C,50,0,0,0,,,1773391,5578476
Wanganui District,ST HILL ST,, ,I,INGESTRE ST,201438603,18/06/2014,Wed,1400,AO,CW1C,372A ,,R,D,O ,F ,X,T,C,50,0,0,0,,,1774896,5577871
Wanganui District,ST HILL ST,, ,I,MARIA PLACE,201410972,04/02/2014,Tue,1614,JA,CE1C,301B 375B ,,R,D,BF,F ,T,S,C,50,0,0,1,,,1775240,5577592
Wanganui District,ST HILL ST,, ,I,RIDGWAY ST,201449080,04/11/2014,Tue,1120,LB,CE1C,303B 377B ,,R,W,OO,F ,X,T,C,50,0,0,0,,,1775412,5577451
Wanganui District,SURREY ROAD,300,N, ,DURHAM ROAD,201413866,02/06/2014,Mon,1350,CB,PN1,130A 352A 402A ,K,R,D,B ,F , , ,C,50,0,1,0,,,1772402,5578610
Wanganui District,TANGURU ST,, ,I,BURTON AVENUE,201450817,31/12/2014,Wed,1241,DB,CN2,111A 131A 514A 517A ,FH,R,W,ON,F ,T,N,C,50,0,0,0,,,1776604,5579468
Wanganui District,TAUPO QUAY,20,E, ,CARLTON AVENUE,201416071,05/10/2014,Sun,2308,CC,CW1,101A 129A ,C,R,D,DO,F ,T,N,C,50,0,0,1,,,1774548,5576436
Wanganui District,TAUPO QUAY,, ,I,DREWS AVENUE,201436572,26/05/2014,Mon,1255,GD,CN1C,333A 817 ,,R,D,O ,F ,X,G,C,50,0,0,0,,,1775697,5577544
Wanganui District,TAUPO QUAY,80,S, ,PACIFIC PLACE,201447215,13/11/2014,Thu,1530,GE,CS14,160A 927 ,,R,D,O ,F ,D,N,C,50,0,0,0,,,1775012,5576746
Wanganui District,TAUPO QUAY,15,N, ,ST HILL ST,201434571,12/03/2014,Wed,1715,LB,CS1C,303B 375B 926 ,,R,D,BF,F ,D,N,C,50,0,0,0,,,1775550,5577360
Wanganui District,TAUPO QUAY,, ,I,VICTORIA AVENUE,201434318,29/03/2014,Sat,1750,LB,CN14,303B ,,R,D,B ,F ,X,T,P,50,0,0,0,,,1775620,5577448
Wanganui District,TAUPO QUAY,100,N, ,WILSON ST,201444941,02/10/2014,Thu,920,MO,CW1C,371A 423A ,M,E,D,O ,F , ,N,N,50,0,0,0,,,1775454,5577240
Wanganui District,TAYFORTH ROAD,50,E, ,BELMONT ROAD E,201440767,09/06/2014,Mon,713,CB,CW1,129A 130A 801 ,P,R,W,DN,L , , ,C,100,0,0,0,,,1771718,5579423
Wanganui District,TOTARA ST,40,S, ,NIKAU ST,201416072,04/09/2014,Thu,1650,JA,SS1C,308B 375B 930 ,,R,D,O ,F ,D,N,C,50,0,1,0,,54,1772261,5577264
Wanganui District,TOTARA ST,, ,I,PURIRI ST,201439908,12/05/2014,Mon,930,JA,4E2C,302B ,,R,D,BF,F ,R,G,C,50,0,0,0,,,1772306,5577091
Wanganui District,TOTARA ST,50,S, ,TOI ST,201410974,02/01/2014,Thu,1515,MD,SN1C,204A 308B 371B 929 ,,E,D,BN,F ,D,N,C,50,0,0,1,,22,1772304,5577513
Wanganui District,VICTORIA AVENUE,20,N, ,DUBLIN ST,201445753,22/10/2014,Wed,1600,EA,4N1M,386A ,M,R,D,B ,F , ,N,C,50,0,0,0,,,1774614,5578259
Wanganui District,VICTORIA AVENUE,50,E, ,GLASGOW ST,201437846,09/06/2014,Mon,1730,KB,CE1C,308B 927 ,,R,W,O ,F ,D,N,C,50,0,0,0,,,1774322,5578494
Wanganui District,VICTORIA AVENUE,100,E, ,GLASGOW ST,201450556,24/12/2014,Wed,1300,JA,CE1C,314A 377A 925 ,,R,D,B ,F ,D, ,P,50,0,0,0,,,1774361,5578463
Wanganui District,VICTORIA AVENUE,50,N, ,GLASGOW ST,201431281,20/02/2014,Thu,1740,FD,CN1CC,181A ,,R,D,BF,F , ,N,C,50,0,0,0,,,1774244,5578557
Wanganui District,VICTORIA AVENUE,20,S, ,GLASGOW ST,201444824,30/10/2014,Thu,1600,LB,CN1C,303B 377B 925 ,,R,D,BF,F ,D,N,R,50,0,0,0,,,1774299,5578513
Wanganui District,VICTORIA AVENUE,30,S, ,GLASGOW ST,201415126,06/08/2014,Wed,1249,NF,CS1,330A 370A 710B 801 925 ,,R,W,O ,L ,D, ,C,50,0,0,1,66,,1774306,5578506
Wanganui District,VICTORIA AVENUE,150,S, ,GLASGOW ST,201440795,25/06/2014,Wed,1720,FD,CN1CC,181A 181B ,,R,D,DO,F , , ,P,50,0,0,0,,,1774400,5578431
Wanganui District,VICTORIA AVENUE,20,W, ,GLASGOW ST,201435053,16/04/2014,Wed,1825,MG,CS1C,371B 925 ,,R,W,DO,F ,D,N,C,50,0,0,0,,,1774267,5578538
Wanganui District,VICTORIA AVENUE,30,W, ,GLASGOW ST,201449077,27/10/2014,Mon,944,FA,CE1C,331A 352A ,,R,W,OF,H , ,N,C,50,0,0,0,,,1774260,5578544
Wanganui District,VICTORIA AVENUE,, ,I,GLASGOW ST,201444940,22/09/2014,Mon,823,HA,CN2V,322A 334A ,,R,W,O ,F ,X,T,N,50,0,0,0,,,1774283,5578525
Wanganui District,VICTORIA AVENUE,, ,I,GLASGOW ST,201431282,11/02/2014,Tue,1438,BF,CS1C,137A ,,R,D,ON,F ,X,T,R,50,0,0,0,,,1774283,5578525
Wanganui District,VICTORIA AVENUE,, ,I,GLASGOW ST,201431279,04/02/2014,Tue,1415,HA,CN1CV,322B ,,R,D,BF,F ,X,T,C,50,0,0,0,,,1774283,5578525
Wanganui District,VICTORIA AVENUE,, ,I,GLASGOW ST,201415127,24/07/2014,Thu,1140,FB,4N1M,331A 353A ,,M,D,B ,F ,X,T,R,50,0,0,1,,,1774283,5578525
Wanganui District,VICTORIA AVENUE,20,E, ,GUYTON ST,201443808,13/08/2014,Wed,1130,MO,CE1C,371B ,Q,R,D,OF,F , ,N,C,50,0,0,0,,,1775163,5577817
Wanganui District,VICTORIA AVENUE,50,S, ,GUYTON ST,201438668,01/07/2014,Tue,1100,MF,CS14,371B ,,R,D,B ,F , , ,C,50,0,0,0,,,1775186,5577798
Wanganui District,VICTORIA AVENUE,40,E, ,INGESTRE ST,201449082,05/11/2014,Wed,1430,FD,CW1CC,427A ,,R,D,OF,F , ,N,R,50,0,0,0,,,1775006,5577943
Wanganui District,VICTORIA AVENUE,10,E, ,LIVERPOOL ST,201444936,17/09/2014,Wed,935,MA,CE14,372B ,,R,D,O ,F ,T,N,C,50,0,0,0,,,1774464,5578380
Wanganui District,VICTORIA AVENUE,20,E, ,LIVERPOOL ST,201436651,10/05/2014,Sat,1330,FA,CE1C,181A 330A ,,R,D,B ,F ,T,N,C,50,0,0,0,,,1774472,5578374
Wanganui District,VICTORIA AVENUE,10,N, ,LIVERPOOL ST,201449729,24/12/2014,Wed,1330,FA,CN1O,387A ,,R,D,B ,F ,X,G,C,50,0,0,0,,,1774448,5578392
Wanganui District,VICTORIA AVENUE,30,W, ,LIVERPOOL ST,201413848,17/04/2014,Thu,1650,FD,CW1C,112A 181A 331A 402A 801 ,,R,W,O ,L , , ,C,50,0,0,1,,,1774433,5578405
Wanganui District,VICTORIA AVENUE,40,W, ,LIVERPOOL ST,201444540,01/09/2014,Mon,1718,FD,CE1C,181A 331A 351A ,,R,D,O ,F , , ,C,50,0,0,0,,,1774425,5578411
Wanganui District,VICTORIA AVENUE,, ,I,LIVERPOOL ST,201444933,17/09/2014,Wed,1607,HA,CE14,301B 353B ,,R,D,B ,F ,X,S,C,50,0,0,0,,,1774456,5578386
Wanganui District,VICTORIA AVENUE,50,N, ,TAUPO QUAY,201432303,07/01/2014,Tue,1909,MO,CN1,423A ,X,R,D,B ,F , , ,C,50,0,0,0,,,1775582,5577479
Wanganui District,VICTORIA AVENUE,, ,I,TAUPO QUAY,201436652,14/05/2014,Wed,805,FE,CN1C,181A 330A ,,R,D,O ,F ,X,T,C,50,0,0,0,,,1775620,5577448
Wanganui District,VICTORY PLACE,50,W, ,SOMME PARADE,201414859,26/06/2014,Thu,1600,JA,PW1C,308B 378B 835 929 ,,R,D,BF,F ,D,N,C,50,0,0,1,,,1776218,5580929
Wanganui District,VIRGINIA ROAD,80,W, ,TULLOCH ST,201418696,19/12/2014,Fri,1800,MO,CE1E,341A 929 ,,R,D,BF,F ,D,N,C,50,0,0,1,80,,1774327,5580104
Wanganui District,WAKEFIELD ST,, ,I,NO 3 LINE,201433507,28/02/2014,Fri,1825,DA,CS2,111A 131A ,F,E,D,BF,F ,Y,G,P,50,0,0,0,,,1777642,5579391
Wanganui District,WARRENGATE ROAD,1500,E, ,SH 3,201414953,29/05/2014,Thu,2025,CB,4W1,135A 804 ,C,R,D,DN,F , ,N,C,100,0,0,1,,,1785616,5572199
Wanganui District,WARRENGATE ROAD,1220,N, ,SH 3,201413021,25/05/2014,Sun,1555,CB,CS1,112A 350A 817 ,C,R,D,ON,F , ,N,N,100,0,0,2,,,1785421,5571998
Wanganui District,WEST ST,, ,I,TOTARA ST,201447567,09/11/2014,Sun,1730,GF,CS2C,129A 386A ,,E,D,B ,F ,R,G,R,50,0,0,0,,,1772314,5577103
Wanganui District,WHANGANUI RIVER ROAD,1410,W, ,OTARANOHO ROAD,201437931,10/06/2014,Tue,1350,AF,TS1C,150A 137B ,P,M,W,O ,L , ,N,N,100,0,0,0,,,1777043,5620296
Wanganui District,WHANGANUI RIVER ROAD,4000,N, ,SH 4,201415407,01/08/2014,Fri,1600,DA,CS1,103A 131A ,ET,E,D,O ,F , , ,N,100,0,1,0,,,1783966,5589271
Wanganui District,WHANGANUI RIVER ROAD,6000,N, ,SH 4,201440754,05/07/2014,Sat,2130,DA,CS1,131A 801 ,X,S,W,DN,H , , ,N,100,0,0,0,,,1783737,5590482
Wanganui District,WICKSTEED ST,20,W, ,CAMERON TERRACE,201450459,17/12/2014,Wed,1315,MO,4W1C,341A ,,R,D,BF,F , ,N,C,50,0,0,0,,,1775287,5577873
Wanganui District,WICKSTEED ST,80,E, ,DUBLIN ST,201437638,23/05/2014,Fri,1100,JA,CN1C,308B 377B 839 927 ,,R,D,O ,F ,D,N,C,50,0,0,0,,,1774769,5578292
Wanganui District,WICKSTEED ST,40,N, ,GLASGOW ST,201436506,16/05/2014,Fri,,EA,CS1C,129A ,M,R,D,DO,F , , ,C,50,0,0,0,,,1774330,5578646
Wanganui District,WICKSTEED ST,10,N, ,GUYTON ST,201439450,06/07/2014,Sun,1740,MO,CN1C,371A 386A 929 ,M,R,D,DO,F ,D,N,C,50,0,0,0,,,1775216,5577932
Wanganui District,WICKSTEED ST,80,S, ,INGESTRE ST,201447912,15/10/2014,Wed,1925,AA,CS1C,112A 159A 434A ,,R,D,TF,F , , ,C,50,0,0,0,,,1775115,5578013
Wanganui District,WICKSTEED ST,, ,I,LIVERPOOL ST,201412600,24/03/2014,Mon,1658,HA,CW14,302B 375B ,,R,D,BF,F ,X,G,C,50,0,0,1,,,1774534,5578482
Wanganui District,WIKITORIA ROAD,, ,I,LANDGUARD ROAD,201445645,09/10/2014,Thu,1346,DB,400,111A 131A 357A ,F,M,D,B ,F ,T,G,N,100,0,0,0,,,1774501,5575123
Wanganui District,WIKITORIA ROAD,200,S, ,SH 3,201417320,15/10/2014,Wed,1840,CB,VS1,130A 358A 402A ,K,R,D,B ,F , , ,C,50,0,0,2,,,1775093,5575767
Wanganui District,WILSON ST,, ,I,INGESTRE ST,201434447,11/04/2014,Fri,1018,CC,CW1,136A 653A ,CS,R,D,O ,F ,X,T,C,50,0,0,0,,,1774743,5577684
Wanganui District,WILSON ST,, ,I,RIDGWAY ST,201434319,26/03/2014,Wed,1506,HA,CN2C,301A ,,R,D,B ,F ,X,S,R,50,0,0,0,,,1775262,5577264
Wanganui District,WILSON ST,, ,I,TAUPO QUAY,201444603,27/09/2014,Sat,1015,FB,CS1C,387A ,,E,D,B ,F ,T,G,C,50,0,0,0,,,1775392,5577161
Wanganui District,YORK ST,30,W, ,ALMA ROAD,201412457,29/04/2014,Tue,819,NB,CE1E,711B 727B ,,R,W,O ,F , , ,P,50,0,0,1,7,,1772934,5576946
Wanganui District,Z BCH CASTLECLIFF,400,S, ,FACILITY ACCESS,201411891,26/02/2014,Wed,1800,CA,MW1,135A 812 ,,R,D,BN,FS, ,N,N,50,0,1,0,,,1769063,5576841
Wanganui District,3/371/2.027,600,W, ,MARAHAU ROAD,201444934,13/09/2014,Sat,1640,AD,VW1C,102A 110A 150A ,FP,R,W,O ,H , ,N,C,100,0,0,0,,,1755850,5591261
Wanganui District,3/371/3.627,1000,E, ,MARAHAU ROAD,201418780,26/12/2014,Fri,934,AA,TS1S,372A 381A 671A ,,E,D,B ,F , , ,L,100,0,0,1,,51,1757195,5590513
Wanganui District,3/371/6.971,900,E, ,MAXWELL STATION ROAD,201415408,29/07/2014,Tue,120,EC,CE1,912,W,E,D,DN,F , , ,L,100,0,1,1,,,1760287,5590180
Wanganui District,3/384/1.971,300,W, ,SMITH ROAD,201411586,03/02/2014,Mon,1020,ED,TE1O,341A ,Q,R,D,BN,F , ,N,C,100,0,1,0,,,1766361,5586584
Wanganui District,3/384/4.142,300,N, ,WICKSTEED ROAD,201436189,26/04/2014,Sat,1921,EC,CN1,915,W,R,D,DN,F , , ,C,100,0,0,0,,,1768283,5585852
Wanganui District,3/384/4.242,200,W, ,WICKSTEED ROAD,201444938,21/09/2014,Sun,1630,CB,CW1,130A 410A ,FV,R,D,B ,F , ,N,C,100,0,0,0,,,1768368,5585799
Wanganui District,3/384/4.642,200,S, ,WICKSTEED ROAD,201436187,03/05/2014,Sat,1450,MC,CN14,372B ,,E,D,B ,F , , ,C,100,0,0,0,,,1768728,5585627
Wanganui District,3/384/6.338,, ,I,SIMPSON ROAD,201441953,05/07/2014,Sat,1620,GC,CN1V,130A 197A 174B 330B 671B 929 ,T,R,D,TN,F ,D,N,C,100,0,0,0,,,1770129,5584688
Wanganui District,3/384/6.825,500,W, ,WESTERN LINE,201439913,18/05/2014,Sun,1216,FD,VS1C,331A 352A ,,R,D,BF,F , ,N,C,100,0,0,0,,,1770516,5584392
Wanganui District,3/384/7.525,200,S, ,WATT LIVINGSTONE ROAD,201413937,31/03/2014,Mon,1430,CC,CS1,410A 504A ,FP,R,D,B ,F , ,N,C,100,0,0,1,,,1771010,5583904
Wanganui District,3/384/9.274,300,S, ,BLUESKIN ROAD,201449271,30/11/2014,Sun,221,EC,VS1,363A 912 ,W,R,W,DN,F , , ,C,100,0,0,0,,,1771634,5582288
Wanganui District,3/384/10.409,150,N, ,PICKWICK ROAD,201416452,03/10/2014,Fri,1728,BE,CN1C,110A 135A 800 803 ,,R,I,TF,S , , ,C,100,0,0,1,,,1772147,5581327
Wanganui District,3/384/10.894,20,N, ,TIRIMOANA PLACE,201433969,17/03/2014,Mon,1640,FA,CS1V,130A 400A 410A ,,R,D,B ,F , ,N,C,70,0,0,0,,,1772474,5580969
Wanganui District,3/384/12.947,600,N, ,ST LEONARD ST,201448019,15/10/2014,Wed,1920,QD,4S1CC,420A ,M,E,D,O ,F , , ,C,50,0,0,0,,,1773751,5579618
Wanganui District,3/384/13.216,, ,I,BRASSEY ROAD,201439907,07/06/2014,Sat,1842,GD,CW1C,181A 358A 385A ,,R,D,DO,F ,T,G,C,50,0,0,0,,,1774011,5579558
Wanganui District,3/384/14.232,, ,I,LONDON ST,201439812,02/06/2014,Mon,1140,KB,VS1C,301B 314B 370B ,,E,D,B ,F ,M,S,R,50,0,0,0,,,1774102,5578672
Wanganui District,3/384/14.6,, ,I,GLASGOW ST,201434443,08/04/2014,Tue,1520,KA,TS1C,303B 353B ,,M,D,O ,F ,T,N,R,50,0,0,0,,,1773880,5578379
Wanganui District,3/384/14.708,20,S, ,FERGUSSON ST,201449078,27/10/2014,Mon,935,CB,VN1C,133A ,,R,W,OF,H , ,N,C,50,0,0,0,,,1773812,5578295
Wanganui District,3/384/14.844,, ,I,GREY ST,201411887,28/01/2014,Tue,1516,LB,CN1M,303B ,,R,D,OF,F ,X,T,C,50,0,0,1,,,1773727,5578189
Wanganui District,3/384/14.944,100,S, ,GREY ST,201441954,22/07/2014,Tue,1530,FD,CN1CCV,181A 331A 351A ,,R,D,B ,F ,X,T,C,50,0,0,0,,,1773664,5578111
Wanganui District,3/384/14.944,100,S, ,GREY ST,201449725,05/12/2014,Fri,1610,FD,CN1CV,331A 350A ,,R,D,B ,F , ,N,C,50,0,0,0,,,1773664,5578111
Wanganui District,3/384/14.944,100,S, ,GREY ST,201417545,19/11/2014,Wed,2240,CB,CN1,129A 358A ,T,R,D,DO,F ,X,T,P,50,0,0,1,,,1773664,5578111
Wanganui District,3/384/15.044,200,S, ,GREY ST,201417372,22/10/2014,Wed,1640,FD,CN1C,181A 331A 350A ,,R,D,B ,F , , ,P,50,0,0,1,,,1773601,5578034
Wanganui District,3/384/15.447,, ,I,LONDON ST,201433506,22/01/2014,Wed,940,JC,CS1V,302A 402A ,,M,D,OF,F ,Y,G,C,50,0,0,0,,,1773347,5577721
Wanganui District,FITZHERBERT AVENUE,, ,I,LONDON ST,201444534,16/08/2014,Sat,2100,HA,CE1C,302A ,,E,D,DO,F ,R,G,R,50,0,0,0,,,1773325,5577714
Wanganui District,3/384/15.542,, ,I,PURNELL ST,201442286,19/08/2014,Tue,1640,JA,CS1C,302B ,,R,D,O ,F ,T,G,R,50,0,0,0,,,1773381,5577642
Wanganui District,3/384/15.542,, ,I,PURNELL ST,201415267,08/08/2014,Fri,816,FB,CS1C,331A 350A ,,R,W,OF,L ,T,G,C,50,0,0,2,,,1773381,5577642