TLANAME,CRASHROAD,CRASHDIST,CRASHDIRN,INTSN,SIDEROAD,CRASHID,CRASHDATE,CRASHDOW,CRASHTIME,MVMT,VEHICLES,CAUSES,OBJECTSSTRUCK,ROADCURVE,ROADWET,LIGHT,WTHRa,JUNCTYPE,TRAFCTRL,ROADMARK,SPDLIM,CRASHFATALCNT,CRASHSEVCNT,CRASHMINCNT,PERSAGE1,PERSAGE2,EASTING,NORTHING
Wanganui District,3/384/15.986,120,N, ,SMITHFIELD ROAD,201412511,19/04/2014,Sat,1700,PC,CS1E,350A 371A 402A 929 ,,R,D,B ,F ,D, ,P,50,0,0,1,79,,1773686,5577319
Wanganui District,3/384/16.106,, ,I,SMITHFIELD ROAD,201439460,18/02/2014,Tue,608,HA,CS1C,301B 402B ,,R,D,DO,F ,X,S,C,50,0,0,0,,,1773768,5577232
Wanganui District,HEADS ROAD,, ,I,3/384/17.023,201444536,27/09/2014,Sat,1645,LB,CE1C,302A ,,R,D,O ,F ,R,G,C,50,0,0,0,,,1774479,5576750
Wanganui District,HEADS ROAD,, ,I,3/384/17.023,201450176,06/10/2014,Mon,730,BF,CS1C,131A 402A 632A 801 903 ,,S,W,O ,LS,R,G,R,50,0,0,0,,,1774479,5576750
Wanganui District,3/384/17.315,20,E, ,COBHAM BR W,201413545,28/02/2014,Fri,1100,CB,CW1,501A ,F,R,D,O ,F , , ,C,50,0,0,1,,,1774650,5576520
Wanganui District,3/402/0.016,, ,I,WIKITORIA ROAD,201434569,13/03/2014,Thu,1930,DB,CE2,103A 131A ,,E,D,BF,F ,R,G,R,50,0,0,0,,,1775199,5575941
Wanganui District,3/402/0.231,200,E, ,WIKITORIA ROAD,201448829,07/12/2014,Sun,210,CC,CW1,358A 414A ,IS,R,D,DO,F , , ,R,100,0,0,0,,,1775378,5575818
Wanganui District,3/402/0.944,100,E, ,HEWITTS ROAD,201439458,09/06/2014,Mon,1945,EC,CE1,912,W,R,D,DO,F , ,N,C,100,0,0,0,,,1776003,5575478
Wanganui District,3/402/2.495,300,W, ,KAITOKE ROAD,201416453,30/09/2014,Tue,1407,DA,VW1,131A ,EF,E,D,B ,F , , ,C,100,0,0,1,,,1777408,5574857
Wanganui District,3/402/2.8,5,E, ,KAITOKE ROAD,201441972,25/08/2014,Mon,1045,BB,VE1C,123A ,,E,D,O ,F ,T,S,L,100,0,0,0,,,1777712,5574877
Wanganui District,3/402/5.801,540,N, ,PAURI ROAD,201415858,29/08/2014,Fri,1859,AD,CN1V,131A 159A ,,E,D,DN,F , , ,C,100,0,0,1,,,1780084,5573419
Wanganui District,3/402/7.141,800,S, ,PAURI ROAD,201400239,12/11/2014,Wed,1430,BC,CE1V,110A 121A 692A ,,E,D,B ,F , ,N,C,100,1,1,0,,,1781260,5572849
Wanganui District,3/402/9.94,1000,N, ,WARRENGATE ROAD,201441952,13/08/2014,Wed,628,CC,CS1,135A 407A 803 901 ,F,R,W,O ,H , , ,C,100,0,0,0,,,1783800,5571799
Wanganui District,3/402/10.73,210,N, ,WARRENGATE ROAD,201437691,27/04/2014,Sun,630,CC,CS1,130A 412A ,FV,R,D,O ,F , , ,L,100,0,0,0,,,1784404,5571290
Wanganui District,3/402/11.44,500,S, ,WARRENGATE ROAD,201417982,15/12/2014,Mon,2258,CC,CN1,410A ,TV,R,D,DN,F , , ,C,100,0,0,1,,,1784942,5570827
Wanganui District,4/176/2.813,1210,N, ,HAPOKOPOKO BR,201441918,08/08/2014,Fri,1800,EC,CS1,801 912 ,W,M,W,DN,L , , ,C,100,0,0,0,,,1799138,5610100
Wanganui District,4/176/11.097,3090,S, ,TE HUE ROAD,201435820,05/03/2014,Wed,800,DA,CS1,111A 131A ,C,M,W,ON,H , ,N,C,100,0,0,0,,,1800160,5603400
Wanganui District,4/188/1.135,350,N, ,MACINTOSHS ROAD,201412807,21/04/2014,Mon,1340,BF,CS1C,102A 111A 131A 102B ,,S,W,B ,F , , ,C,100,0,0,2,,,1799444,5601938
Wanganui District,4/188/6.962,7300,S, ,RAUPIU ROAD,201414795,02/08/2014,Sat,1430,CB,MN1,135A 402A 801 809 ,V,R,W,O ,L , , ,C,100,0,0,1,,,1799496,5597444
Wanganui District,4/188/11.882,600,N, ,HAWKEN ROAD,201412516,10/04/2014,Thu,110,DA,VN1,102A 111A 131A 402A 904 ,C,M,D,DN,M , , ,C,100,0,0,1,,,1797928,5593625
Wanganui District,4/188/12.082,400,N, ,HAWKEN ROAD,201410199,20/01/2014,Mon,2150,DB,TS1,131A 197A ,V,E,W,DN,H , , ,C,100,0,0,1,,,1797976,5593433
Wanganui District,4/206/1.833,840,W, ,OTAMOA ROAD,201434445,01/02/2014,Sat,330,DB,CW1,410A ,C,E,D,DN,F , , ,C,100,0,0,0,,,1792499,5593295
Wanganui District,4/206/5.609,2000,E, ,PARIHAUHAU ROAD,201411999,14/03/2014,Fri,800,DA,CS1,131A ,ET,M,D,ON,M , ,N,C,100,0,0,1,,,1789333,5592949
Wanganui District,4/206/5.659,1950,E, ,PARIHAUHAU ROAD,201412454,09/04/2014,Wed,840,DB,CN1,111A 131A 503A 632A ,V,M,W,O ,F , , ,C,100,0,0,2,,,1789297,5592915
Wanganui District,4/206/6.109,1500,N, ,PARIHAUHAU ROAD,201417318,25/10/2014,Sat,2100,CC,CS1,130A 506A 510A ,EF,R,D,TN,F , , ,C,100,0,1,0,,,1788886,5592777
Wanganui District,4/206/13.676,, ,I,OLD PARAPARA ROAD S,201418412,26/12/2014,Fri,1015,DA,MS1,130A 181A 197A ,F,M,D,B ,F ,T,G,C,100,0,1,0,,,1784323,5587472
Wanganui District,4/223/2.955,100,N, ,MAKIRIKIRI VALLEY ROAD,201418128,22/11/2014,Sat,545,CB,VS1,102A 407A 410A ,BG,R,D,TF,F , , ,C,70,0,0,1,,,1780828,5584618
Wanganui District,4/223/11.966,, ,I,JONES ST,201413845,08/06/2014,Sun,1436,HA,CN1S,302A 375A ,,E,D,B ,F ,R,G,C,50,0,0,1,,34,1775594,5579100
Wanganui District,4/223/13.496,120,N, ,PURUA ST,201439910,17/04/2014,Thu,1105,MO,CS1C,501A 817 ,P,R,W,OF,L , ,N,N,30,0,0,0,,,1776030,5577695
Wanganui District,PORTAL ST,, ,I,4/223/13.713,201446625,04/11/2014,Tue,855,FB,CW14,181A ,,M,D,O ,F ,T,G,C,50,0,0,0,,,1775952,5577497
Wanganui District,4/223/13.713,, ,I,PORTAL ST,201434320,02/04/2014,Wed,1640,MB,CW2C,302A ,,E,D,O ,F ,T,G,R,50,0,0,0,,,1775952,5577497
Wanganui District,4/223/13.959,, ,I,WANGANUI CITY BRIDGE,201436650,10/05/2014,Sat,1540,GF,CS1C,150A 381A 386A ,,M,D,O ,F ,X,G,C,50,0,0,0,,,1775819,5577288
Wanganui District,4/223/14.459,500,S, ,TAYLOR ST,201449270,09/12/2014,Tue,1125,EA,4N1C,129A 501A ,M,R,D,O ,F , , ,C,50,0,0,0,,,1775597,5576840
Wellington City,ABEL SMITH ST,, ,I,KELVIN GROVE,201443337,09/09/2014,Tue,1525,MC,4W1C,372B ,,R,D,B ,F ,T,N,C,70,0,0,0,,,1748603,5426808
Wellington City,ADELAIDE ROAD,, ,I,ALFRED ST,201412339,10/04/2014,Thu,1100,MC,SN1C,372B ,,R,D,O ,F ,T,G,P,50,0,0,1,,34,1748989,5426219
Wellington City,ADELAIDE ROAD,, ,I,BRITOMART ST,201433491,23/03/2014,Sun,2201,LB,CN1C,303B 375B ,,R,D,DO,F ,X,T,P,50,0,0,0,,,1748579,5424122
Wellington City,ADELAIDE ROAD,20,N, ,BROOMHEDGE ST,201446074,18/10/2014,Sat,1430,EA,CN1C,129A 330A ,M,R,D,B ,F , , ,C,50,0,0,0,,,1748920,5425953
Wellington City,ADELAIDE ROAD,, ,I,BROWN ST,201435987,08/04/2014,Tue,1545,FD,4S1C,181A ,,R,W,OF,L ,T,G,C,50,0,0,0,,,1748960,5426106
Wellington City,ADELAIDE ROAD,20,S, ,DRUMMOND ST,201449753,17/11/2014,Mon,1105,CC,CN1V,125A 350A ,M,R,D,O ,S ,T,S,P,50,0,0,0,,,1748888,5425825
Wellington City,ADELAIDE ROAD,, ,I,DRUMMOND ST,201415066,19/08/2014,Tue,1732,LB,PN1C,303B ,,R,D,TF,F ,T,G,P,50,0,0,1,,,1748893,5425844
Wellington City,ADELAIDE ROAD,, ,I,DRUMMOND ST,201411905,28/02/2014,Fri,827,GB,MN1C,101B 372B ,,R,D,BF,F ,T,G,C,50,0,0,1,,,1748893,5425844
Wellington City,ADELAIDE ROAD,, ,I,DRUMMOND ST,201443334,03/09/2014,Wed,1215,AD,CN1V,129A 150A ,,R,D,B ,F ,T,G,P,50,0,0,0,,,1748893,5425844
Wellington City,ADELAIDE ROAD,90,S, ,DUPPA ST,201417508,30/10/2014,Thu,838,NA,TS1E,712B 713B 727B ,,R,D,BF,F , ,N,L,50,0,1,0,6,,1748556,5423741
Wellington City,ADELAIDE ROAD,50,N, ,HALL ST,201451072,02/12/2014,Tue,155,CB,CS1CC,101A 129A ,M,R,D,DO,F , ,N,C,50,0,0,0,,,1748753,5425295
Wellington City,ADELAIDE ROAD,10,S, ,HALL ST,201416511,04/09/2014,Thu,30,AO,CS1S,183A 434A ,,R,D,DO,F ,X,T,C,50,0,0,1,,19,1748739,5425236
Wellington City,ADELAIDE ROAD,20,S, ,HOSPITAL ROAD,201414026,09/07/2014,Wed,1245,NF,XS1E,370A 714B 930 ,,R,D,B ,F ,D,N,C,50,0,0,1,57,,1748857,5425705
Wellington City,ADELAIDE ROAD,20,S, ,HOSPITAL ROAD,201441193,11/07/2014,Fri,1210,KA,CN1C,387B 927 ,,R,D,BF,F ,D,N,P,50,0,0,0,,,1748857,5425705
Wellington City,ADELAIDE ROAD,, ,I,JOHN ST,201410681,24/02/2014,Mon,1135,FE,VN1C,420A 610A ,,R,D,B ,F ,X,T,C,50,0,0,1,,,1748832,5425608
Wellington City,ADELAIDE ROAD,, ,I,JOHN ST,201438896,15/07/2014,Tue,1600,FE,CN14,181A ,,R,D,BF,F ,X,T,C,50,0,0,0,,,1748832,5425608
Wellington City,ADELAIDE ROAD,, ,I,KING ST,201413503,08/07/2014,Tue,1248,FD,CN1CCC,181A 359A 181B 181C ,,R,D,B ,F ,T,G,C,50,0,0,1,,,1748937,5426020
Wellington City,ADELAIDE ROAD,, ,I,KING ST,201417692,19/12/2014,Fri,1256,JA,CN1V,302B 375B ,,R,D,B ,F ,T,G,C,50,0,0,1,,,1748937,5426020
Wellington City,ADELAIDE ROAD,, ,I,KING ST,201410418,30/01/2014,Thu,1556,LB,MN1V,303B 314B ,,R,D,B ,F ,T,G,C,50,0,0,1,,,1748937,5426020
Wellington City,ADELAIDE ROAD,, ,I,KING ST,201414533,24/06/2014,Tue,830,LB,MN1V,314B 377B ,,R,D,B ,F ,T,G,P,50,0,0,2,,,1748937,5426020
Wellington City,ADELAIDE ROAD,5,N, ,OXFORD ST,201450895,08/12/2014,Mon,758,FD,CS14,181A 922 ,,R,W,BF,F ,D,N,P,50,0,0,0,,,1748947,5426057
Wellington City,ADELAIDE ROAD,20,N, ,OXFORD ST,201412725,10/04/2014,Thu,1638,JA,SS1C,308B 375B 839 922 ,,R,W,OF,L ,D,N,P,50,0,0,1,,45,1748951,5426072
Wellington City,ADELAIDE ROAD,, ,I,OXFORD ST,201440018,08/07/2014,Tue,2228,KB,CN1C,302B ,,R,D,DO,F ,T,G,P,50,0,0,0,,,1748946,5426053
Wellington City,ADELAIDE ROAD,100,S, ,RIDDIFORD ST,201430708,03/02/2014,Mon,1930,EA,CN1C,129A ,Q,R,D,BF,F , ,N,C,50,0,0,0,,,1748807,5425511
Wellington City,ADELAIDE ROAD,40,S, ,SH 1N,201414242,13/08/2014,Wed,822,AA,CN1S,353A 372A ,,R,D,B ,F , ,N,C,50,0,0,1,,23,1748995,5426246
Wellington City,ADELAIDE ROAD,100,S, ,SH 1N,201413135,15/05/2014,Thu,1036,GB,SN1C,158A 175B 372B 924 ,,R,D,B ,F ,D, ,P,50,0,0,1,,24,1748980,5426188
Wellington City,AITKEN ST,15,E, ,GUTHRIE ST,201435620,22/04/2014,Tue,1718,ME,CE1C,387A 372B ,,R,D,O ,F , , ,N,50,0,0,0,,,1749007,5428966
Wellington City,AKAROA DRIVE,30,N, ,RANGITANE ST,201445609,12/10/2014,Sun,500,DA,CN1C,101A 111A 131A ,,M,D,TO,F , , ,C,50,0,0,0,,,1752147,5425486
Wellington City,ALEXANDRA ROAD,50,N, ,CONSTABLE ST,201451078,26/12/2014,Fri,120,DA,CS1,101A 129A ,X,M,D,DO,F , ,N,C,50,0,0,0,,,1749720,5425015
Wellington City,ALEXANDRA ROAD,90,E, ,HEPARA ST,201440173,13/07/2014,Sun,330,EA,BS1C,386A ,M,S,W,DN,F , ,N,C,50,0,0,0,,,1750536,5426788
Wellington City,ALLEN ST,5,N, ,COURTENAY PLACE,201430348,11/01/2014,Sat,300,MO,4N1X,103A 386A ,M,R,D,DO,F ,T,N,N,30,0,0,0,,,1749211,5427111
Wellington City,ALLEN ST,60,S, ,WAKEFIELD ST,201449972,10/08/2014,Sun,28,MF,CN1C,372B ,,R,D,DO,F , , ,N,50,0,0,0,,,1749247,5427193
Wellington City,ALLINGTON ROAD,50,E, ,THURLEIGH GROVE,201432201,17/02/2014,Mon,1627,CC,CW1,501A ,C,R,D,B ,F , , ,C,50,0,0,0,,,1744161,5427693
Wellington City,AOTEA QUAY,370,S, ,AOTEA ON NBD,201440034,09/06/2014,Mon,1625,FD,CN1CC,331A ,,R,W,OF,H , ,N,C,50,0,0,0,,,1749622,5429760
Wellington City,AOTEA QUAY,, ,I,AOTEA ON NBD,201435076,04/05/2014,Sun,1120,AA,CN1C,372A 381A ,,R,D,B ,F ,T,N,C,70,0,0,0,,,1749546,5430121
Wellington City,AOTEA QUAY,, ,A,RLY YARD ENT S,201446786,25/10/2014,Sat,,EA,CN1T,386A ,M,R,D,B ,F , ,N,N,70,0,0,0,,,1749638,5429674
Wellington City,APU CRESCENT,50,E, ,ONEPU ROAD S,201447631,21/11/2014,Fri,2335,MO,CW1C,386A ,M,R,D,DO,F , ,N,C,50,0,0,0,,,1750297,5423338
Wellington City,ARLINGTON ST,40,W, ,TORRENS TERRACE,201435149,12/02/2014,Wed,1600,MO,CS1V,101A 371A 926 ,,E,D,B ,F ,D,N,N,50,0,0,0,,,1748388,5426506
Wellington City,ARO ST,, ,I,ADAMS TERRACE,201411954,26/03/2014,Wed,1648,LB,4E1S,303B 375B ,,M,D,BF,F ,T,N,C,50,0,0,1,,24,1747600,5427050
Wellington City,ARO ST,20,W, ,BOSTON TERRACE,201439191,11/06/2014,Wed,435,CB,CW1,131A 514A ,P,R,W,DO,F , ,N,C,50,0,0,0,,,1748062,5426925
Wellington City,ARO ST,50,E, ,DURHAM ST,201447891,24/09/2014,Wed,1835,CB,4W1CCC,195A ,M,R,D,DO,F , ,N,C,50,0,0,0,,,1747699,5426974
Wellington City,ARO ST,10,W, ,DURHAM ST,201437548,09/06/2014,Mon,830,GE,CE1C,160A ,,R,D,O ,F ,T,G,C,50,0,0,0,,,1747653,5427007
Wellington City,ARO ST,10,W, ,WILLIS ST,201439189,17/06/2014,Tue,435,MG,PE1C,371B 514B 517B ,,R,W,DO,F ,T,G,R,50,0,0,0,,,1748241,5426844
Wellington City,ARTHUR CARMAN ST,, ,I,BURGESS ROAD,201446337,30/08/2014,Sat,1600,DA,CW2CC,111A 131A ,M,M,D,BF,F ,T,G,C,50,0,0,0,,,1751671,5434985
Wellington City,AUSTIN ST,, ,I,AUSTIN TERRACE,201438202,26/05/2014,Mon,818,MO,BN1,129A 371A 385A ,C,R,D,BF,F ,T,S,C,50,0,0,0,,,1749459,5426198
Wellington City,AVON ST,50,E, ,THE PARADE,201447649,25/11/2014,Tue,800,QD,4E1C,428A ,M,R,D,OF,M , ,N,C,50,0,0,0,,,1748453,5422708
Wellington City,AWARUA ST,300,N, ,KHANDALLAH ROAD,201413154,06/05/2014,Tue,1620,BA,CN14,363A 370A 386A 818 902 ,,R,D,B ,F , , ,N,50,0,0,1,,,1748584,5432454
Wellington City,BALLANCE ST,200,N, ,FEATHERSTON ST,201435160,08/04/2014,Tue,2230,EA,CN1C,386A ,M,R,D,DO,F , ,N,C,50,0,0,0,,,1748776,5428609
Wellington City,BALLANCE ST,, ,I,FEATHERSTON ST,201431313,05/03/2014,Wed,840,LB,CE1C,302A 353A ,,E,D,OF,L ,X,G,C,50,0,0,0,,,1748888,5428443
Wellington City,BANK ROAD,100,N, ,GARDEN ROAD,201415148,11/08/2014,Mon,951,MO,XS1V,130A 423A 929 ,FX,E,D,O ,F ,D, ,N,50,0,1,0,,,1747762,5428615
Wellington City,BARNETT ST,60,N, ,CABLE ST,201449233,09/12/2014,Tue,1327,MG,CN1C,371B ,,R,D,B ,F , , ,N,50,0,0,0,,,1749293,5427402
Wellington City,BASSETT ROAD,, ,I,MIDDLETON ROAD,201446362,24/10/2014,Fri,845,HA,CE1C,302A 375A ,,M,D,ON,F ,R,G,R,50,0,0,0,,,1751519,5435189
Wellington City,BAY ROAD,5,N, ,COUTTS ST,201433111,30/01/2014,Thu,1227,MO,TS1C,386B 902 927 ,,R,D,B ,F ,D,N,C,50,0,0,0,,,1750179,5424180
Wellington City,BAY ROAD,20,N, ,COUTTS ST,201435583,30/04/2014,Wed,1130,AO,4N1C,150A 386A ,,R,D,B ,F , , ,C,50,0,0,0,,,1750182,5424194
Wellington City,BAY ROAD,100,N, ,COUTTS ST,201443945,21/08/2014,Thu,1649,MO,VS1,402A 420A ,H,R,W,BF,LS, ,N,C,50,0,0,0,,,1750204,5424271
Wellington City,BAY ROAD,25,N, ,RONGOTAI ROAD,201444945,03/10/2014,Fri,1105,LB,CS1T,303B 927 ,,R,D,O ,F ,D,N,C,30,0,0,0,,,1750247,5424422
Wellington City,BAY ROAD,20,S, ,RONGOTAI ROAD,201444683,26/09/2014,Fri,1515,AO,CN1C,381A ,,R,D,B ,F , ,N,C,50,0,0,0,,,1750235,5424379
Wellington City,BAY ROAD,40,S, ,RONGOTAI ROAD,201430909,26/02/2014,Wed,1620,EA,CS14,129A ,M,R,D,BF,F , ,N,C,50,0,0,0,,,1750229,5424359
Wellington City,BAY ROAD,, ,I,RONGOTAI ROAD,201447632,26/11/2014,Wed,1305,GD,BS1C,179A ,Q,R,D,BF,F ,X,T,C,50,0,0,0,,,1750240,5424398
Wellington City,BEACON HILL ROAD,, ,I,TANNADYCE ST,201434995,19/04/2014,Sat,2340,BF,CN1C,111A 131A ,,E,W,DN,L ,T,N,N,50,0,0,0,,,1752979,5423386
Wellington City,BEAUCHAMP ST,, ,I,KARORI ROAD,201434402,26/03/2014,Wed,1630,MO,CN1C,350B 371B ,,M,D,O ,F ,T,G,P,50,0,0,0,,,1745452,5428164
Wellington City,BEAZLEY AVENUE,, ,I,PAULINE WAY,201410680,24/02/2014,Mon,750,EA,CE1T,330A 370A ,M,R,D,B ,F ,T,N,C,50,0,0,1,,,1752605,5435778
Wellington City,BIDWILL ST,100,W, ,WALLACE ST,201450791,30/12/2014,Tue,1335,EA,CW1C,129A 385A ,M,R,D,BF,F , ,N,C,50,0,0,0,,,1748426,5426196
Wellington City,BOLTON ST,, ,I,MOWBRAY ST,201410509,23/01/2014,Thu,1740,LB,SN1C,303B 375B ,,R,D,BF,F ,T,N,C,50,0,0,1,,47,1748621,5428691
Wellington City,BOLTON ST,10,W, ,THE TERRACE,201439218,24/06/2014,Tue,1030,MO,CE1P,371A ,M,E,W,O ,L ,T,N,C,50,0,0,0,,,1748678,5428694
Wellington City,BOLTON ST,15,W, ,THE TERRACE,201437157,28/05/2014,Wed,802,AO,TE1C,125A 129A ,,R, , F,  , ,N,N,50,0,0,0,,,1748673,5428695
Wellington City,BOND ST,, ,I,VICTORIA ST,201437154,30/05/2014,Fri,2000,JC,CW1C,302A 375A ,,R,D,DO,F ,T,G,N,50,0,0,0,,,1748711,5427594
Wellington City,BOWEN ST,25,W, ,BALLANTRAE PLACE,201417794,17/12/2014,Wed,1159,MB,CW1C,372B ,,E,D,B ,F ,T,N,R,50,0,0,1,,,1748449,5428856
Wellington City,BOWEN ST,, ,I,LAMBTON QUAY,201435159,09/04/2014,Wed,850,MC,4N1C,372B ,,R,D,B ,F ,X,T,C,50,0,0,0,,,1748819,5428688
Wellington City,BOWEN ST,90,E, ,MUSEUM ST,201444156,21/08/2014,Thu,2010,MB,CE1C,303A 375A ,,S,W,DO,S , ,N,C,50,0,0,0,,,1748806,5428753
Wellington City,BOWEN ST,, ,I,THE TERRACE,201417833,27/11/2014,Thu,816,LB,SE1T,303B 375B ,,S,D,B ,F ,T,T,C,50,0,0,1,,31,1748701,5428774
Wellington City,BOWEN ST,, ,I,THE TERRACE,201431463,07/02/2014,Fri,2208,JA,CW1X,322A 334A ,,R,D,DO,F ,T,T,R,50,0,0,0,,,1748701,5428774
Wellington City,BOWEN ST,50,W, ,TINAKORI OFF NBD,201415397,05/09/2014,Fri,1425,NF,XE1E,711B ,,E,D,B ,F , ,N,C,50,0,0,1,43,,1748430,5428839
Wellington City,BOX HILL,, ,I,BARODA ST,201414589,10/07/2014,Thu,1428,GD,CS14C,331A 387A ,,R,D,B ,F ,T,G,C,50,0,0,1,,,1750191,5432817
Wellington City,BOX HILL,, ,I,CLARK ST,201437692,07/06/2014,Sat,1915,KA,CN1C,145A 370A 302B 387B ,,E,D,DO,F ,T,G,C,50,0,0,0,,,1750048,5432525
Wellington City,BOX HILL,, ,I,CLARK ST,201414999,05/04/2014,Sat,1150,FC,CS14,181A ,,R,D,BF,F ,T,G,C,50,0,0,1,,,1750048,5432525
Wellington City,BOX HILL,20,S, ,WOODMANCOTE ROAD,201410115,13/01/2014,Mon,1327,NB,CS1E,719B ,,R,D,B ,F , , ,C,50,0,0,1,20,,1750106,5432636
Wellington City,BOX HILL,20,S, ,WOODMANCOTE ROAD,201442109,26/08/2014,Tue,830,NA,CS1E,712B 713B ,,R,W,O ,F , , ,C,50,0,0,0,,,1750106,5432636
Wellington City,BRACKEN ROAD,100,N, ,OSWALD CRESCENT,201436832,16/05/2014,Fri,1529,GD,CN1C,333A 363A 370A 902 929 ,,E,D,B ,F ,D, ,C,50,0,0,0,,,1752781,5435096
Wellington City,BRANDON ST,30,W, ,CUSTOMHOUSE QUAY,201441433,18/07/2014,Fri,1110,FA,XW1C,181A ,,R,W,O ,F , ,N,N,50,0,0,0,,,1748849,5428226
Wellington City,BRANDON ST,, ,I,LAMBTON QUAY,201446987,04/11/2014,Tue,930,AO,CW1C,385A ,,R,D,BF,F ,T,T,C,50,0,0,0,,,1748688,5428300
Wellington City,BREAKER BAY ROAD,340,S, ,PASS OF BRANDA,201413109,11/05/2014,Sun,1504,MC,MS1C,372B 402B ,,E,D,B ,F , , ,C,50,0,1,0,,,1753146,5422830
Wellington City,BRITOMART ST,30,E, ,ADELAIDE ROAD,201446749,10/10/2014,Fri,2341,EA,CE1C,386A ,M,R,D,DO,F , ,N,C,50,0,0,0,,,1748549,5424124
Wellington City,BRITOMART ST,60,W, ,ADELAIDE ROAD,201441439,14/07/2014,Mon,759,EA,CE1CC,129A 197A ,CM,R,W,O ,L , ,N,C,50,0,0,0,,,1748519,5424126
Wellington City,BRITOMART ST,, ,I,ADELAIDE ROAD,201417733,04/12/2014,Thu,1445,NF,CE1E,307A 376A ,,M,D,O ,L ,X,T,C,50,0,0,1,63,,1748579,5424122
Wellington City,BROADWAY,80,E, ,CAVENDISH SQUARE,201441337,27/07/2014,Sun,1452,DA,CS1C,131A 358A ,MP,M,D,B ,F , , ,P,50,0,0,0,,,1752871,5423610
Wellington City,BROADWAY,, ,I,CRAWFORD GREEN W,201433870,11/04/2014,Fri,1308,JA,CE1C,302B ,,R,W,O ,L ,T,G,C,50,0,0,0,,,1751895,5423548
Wellington City,BROADWAY,20,W, ,GLAMIS AVENUE,201444154,02/09/2014,Tue,930,EA,4W1C,129A ,M,R,D,BF,F , ,N,N,50,0,0,0,,,1752412,5423630
Wellington City,BROADWAY,50,W, ,IRA ST,201415291,03/08/2014,Sun,1100,EA,CE1CC,101A 129A 410A ,M,R,D,OF,F , ,N,C,30,0,0,1,,,1752283,5423592
Wellington City,BROADWAY,, ,I,SLIP,201447407,07/10/2014,Tue,1635,JO,CW1C,308A 924 ,,R,D,B ,F ,D,G,N,10,0,0,0,,,1751477,5423533
Wellington City,BROADWAY,, ,I,STRATHMORE AVENUE,201430710,30/01/2014,Thu,1945,HA,CW1C,302A 375A ,,R,D,DO,F ,R,G,R,30,0,0,0,,,1752348,5423615
Wellington City,BROADWAY,, ,I,STRATHMORE AVENUE,201416889,19/11/2014,Wed,1011,HA,CW1S,302A 375A ,,E,D,B ,F ,R,G,P,30,0,0,1,,37,1752348,5423615
Wellington City,BROADWAY,40,W, ,THE QUADRANT,201418813,18/04/2014,Fri,2343,CC,CW1CC,104A 112A ,MMP,R,W,DO,L , ,N,P,50,0,0,1,,,1752103,5423554
Wellington City,BROADWAY,20,W, ,WAYSIDE WEST,201436929,23/03/2014,Sun,122,CC,CE1C,103A 130A ,M,R,D,DO,F , , ,C,50,0,0,0,,,1751709,5423542
Wellington City,BRODERICK ROAD,10,W, ,JOHNSONVILLE ROAD,201446224,12/08/2014,Tue,1200,FE,CE1C,353A 387A ,,R, , F,  ,T,T,C,50,0,0,0,,,1751473,5434720
Wellington City,BRODERICK ROAD,15,W, ,JOHNSONVILLE ROAD,201435372,03/04/2014,Thu,1740,FD,CW1M,181A 902 ,,R,D,B ,F , , ,C,50,0,0,0,,,1751468,5434721
Wellington City,BRODERICK ROAD,60,W, ,JOHNSONVILLE ROAD,201414165,09/06/2014,Mon,1730,NB,CE1E,306A ,,R,W,DO,H , ,N,X,50,0,0,1,8,,1751423,5434728
Wellington City,BROOKLYN ROAD,15,N, ,BIDWILL ST,201447919,09/11/2014,Sun,1000,FA,CN14,181A 434A ,,E,D,B ,F , , ,C,50,0,0,0,,,1748122,5426091
Wellington City,BROOKLYN ROAD,200,S, ,BIDWILL ST,201440808,19/07/2014,Sat,1150,BF,CS1C,111A 131A 801 ,,M,W,O ,L , , ,C,50,0,0,0,,,1747983,5426151
Wellington City,BROOKLYN ROAD,40,S, ,NAIRN ST N,201445477,25/09/2014,Thu,1551,MC,CN1C,372B 831 ,,M,D,O ,F , , ,C,50,0,0,0,,,1748166,5426727
Wellington City,BROOKLYN ROAD,400,S, ,NAIRN ST N,201416937,18/07/2014,Fri,1928,MC,MS1X,372B ,,M,D,DO,F , ,N,P,50,0,1,0,,,1748069,5426409
Wellington City,BROOKLYN ROAD,80,N, ,NAIRN ST S,201412145,07/04/2014,Mon,835,MC,MN1C,372B ,,E,W,O ,L , , ,L,50,0,0,1,,,1748110,5426359
Wellington City,BROOKLYN ROAD,30,E, ,OHIRO ROAD,201437025,17/05/2014,Sat,1620,FD,CE1C,110A 181A ,,M,D,B ,F , , ,C,50,0,0,0,,,1747723,5426136
Wellington City,BROOKLYN ROAD,, ,I,OHIRO ROAD,201415719,11/08/2014,Mon,825,JA,SE1C,302B 377B ,,M,W,OF,F ,T,G,C,50,0,0,1,,29,1747693,5426137