TLANAME,CRASHROAD,CRASHDIST,CRASHDIRN,INTSN,SIDEROAD,CRASHID,CRASHDATE,CRASHDOW,CRASHTIME,MVMT,VEHICLES,CAUSES,OBJECTSSTRUCK,ROADCURVE,ROADWET,LIGHT,WTHRa,JUNCTYPE,TRAFCTRL,ROADMARK,SPDLIM,CRASHFATALCNT,CRASHSEVCNT,CRASHMINCNT,PERSAGE1,PERSAGE2,EASTING,NORTHING
Wellington City,BROOKLYN ROAD,, ,I,OHIRO ROAD,201416198,11/08/2014,Mon,1840,JC,MN2C,302B 375B ,,M,D,DO,F ,T,G,C,50,0,1,0,,,1747693,5426137
Wellington City,BROOKLYN ROAD,, ,I,OHIRO ROAD,201412266,12/05/2014,Mon,1555,DA,BW1,330A 386A ,P,M,D,O ,F ,T,G,P,50,0,0,1,,,1747693,5426137
Wellington City,BROOKLYN ROAD,, ,I,OHIRO ROAD,201433432,15/03/2014,Sat,2155,DA,CN1,132A 402A 901 ,P,M,W,DO,HS,T,G,C,50,0,0,0,,,1747693,5426137
Wellington City,BROOKLYN ROAD,300,S, ,WILLIS ST,201448091,20/11/2014,Thu,630,EA,CS1CCC,410A ,MM,R,D,B ,F , , ,C,50,0,0,0,,,1748066,5426506
Wellington City,BROOKLYN ROAD,, ,I,WILLIS ST,201431310,20/02/2014,Thu,1723,FE,PW24,181A ,,R,D,BF,F ,T,T,C,50,0,0,0,,,1748205,5426734
Wellington City,BROOKLYN TERRACE,, ,I,OHIRO ROAD,201433253,24/02/2014,Mon,830,LB,XS1C,302A 375A ,,M,D,BF,F ,Y,G,C,50,0,0,0,,,1747687,5426126
Wellington City,BRUSSELS ST,15,E, ,PARK ROAD,201435607,06/05/2014,Tue,950,AC,CN1C,372A ,,R,D,B ,F ,X,G,C,50,0,0,0,,,1752226,5424849
Wellington City,BUCKINGHAM ST,50,N, ,TAVISTOCK ROAD,201447405,02/10/2014,Thu,1930,MO,4S1CC,371A 386A ,M,M,D,DO,F , ,N,N,50,0,0,0,,,1749865,5423608
Wellington City,BUCKLE ST,25,E, ,SH 1N,201413763,04/06/2014,Wed,908,MC,CE1S,372B ,,S,D,BF,F , ,N,C,50,0,0,1,,12,1749092,5426456
Wellington City,BUCKLE ST,100,E, ,SUSSEX ST,201445964,18/10/2014,Sat,1439,FD,CW1C,181A 331A ,,R,D,B ,F , , ,C,50,0,0,0,,,1749068,5426467
Wellington City,BUCKLEY ROAD,200,S, ,ORCHY CRESCENT,201433405,29/03/2014,Sat,1900,EA,CN1C,129A ,M,R,D,DO,F , ,N,C,50,0,0,0,,,1748794,5421499
Wellington City,BUCKLEY ROAD,100,S, ,SOUTHGATE ROAD,201431490,06/03/2014,Thu,2330,EA,CS1V,129A ,M,R,D,DO,F , ,N,C,50,0,0,0,,,1749226,5422785
Wellington City,BUCKLEY ROAD,420,S, ,SOUTHGATE ROAD,201437653,09/05/2014,Fri,400,EA,CS1C,101A 129A ,M,M,D,DO,F , , ,C,50,0,0,0,,,1749307,5422496
Wellington City,BUNNY ST,20,E, ,FEATHERSTON ST,201448284,19/12/2014,Fri,1940,MO,CE1C,371A ,M,R,D,O ,F ,T,T,R,50,0,0,0,,,1749014,5428673
Wellington City,BUNNY ST,15,W, ,WATERLOO QUAY,201410288,12/02/2014,Wed,1457,PC,VE1E,371A 926 ,,R,D,B ,F ,D,N,C,50,0,0,1,39,,1749091,5428613
Wellington City,BUNNY ST,150,W, ,WATERLOO QUAY,201448334,17/12/2014,Wed,1518,FD,CE1C,181A 330A ,,R,D,B ,F , ,N,R,50,0,0,0,,,1748988,5428700
Wellington City,BUNNY ST,, ,I,WATERLOO QUAY,201433966,13/04/2014,Sun,20,FE,CE1C,112A 181A ,,R,D,DO,F ,T,T,C,50,0,0,0,,,1749102,5428604
Wellington City,BURMA ROAD,300,S, ,HAUMIA ST,201432335,05/02/2014,Wed,1635,FC,CN1CC,181A 331A 181B ,,R,D,O ,F , , ,P,50,0,0,0,,,1750712,5433968
Wellington City,BURMA ROAD,, ,I,HAUMIA ST,201413016,16/05/2014,Fri,1518,DA,CS14,111A 131A 507A ,MP,M,D,BF,F ,R,G,R,50,0,0,1,,,1750877,5434210
Wellington City,BURMA ROAD,, ,I,JOHN SIMS DRIVE,201435918,04/04/2014,Fri,1350,KB,CN1V,302B 375B ,,R,D,BF,F ,T,G,C,50,0,0,0,,,1750687,5433490
Wellington City,CABLE ST,10,W, ,CHAFFERS ST,201433743,09/04/2014,Wed,945,AA,CE1X,372A ,,R,W,O ,M ,T,T,C,50,0,0,0,,,1749344,5427312
Wellington City,CABLE ST,50,W, ,ORIENTAL PARADE,201415724,31/08/2014,Sun,1526,FD,SE1C,181A 331A 353A ,,R,D,BF,F , ,N,X,50,0,0,1,,43,1749452,5427261
Wellington City,CABLE ST,60,W, ,TARANAKI ST,201450970,18/12/2014,Thu,1310,EE,CE1C,374B ,Q,R,W,OF,L , ,N,C,50,0,0,0,,,,
Wellington City,CABLE ST,100,W, ,TORY ST,201436071,10/05/2014,Sat,1750,AC,TW1C,372A 671A ,,R,D,DO,F , ,N,C,50,0,0,0,,,1749150,5427398
Wellington City,CABLE ST,, ,I,TORY ST,201430746,03/01/2014,Fri,1330,FE,CE1X,181A ,,R,W,OF,H ,T,T,C,50,0,0,0,,,1749241,5427357
Wellington City,CALEDONIA ST,20,E, ,MIRO ST,201432089,14/02/2014,Fri,2250,CA,CE1,101A 130A ,IT,R,D,DO,F , ,N,R,50,0,0,0,,,1751583,5424012
Wellington City,CAMBRIAN ST,, ,I,CUNLIFFE ST,201439827,07/06/2014,Sat,2103,CC,CN1C,358A 645A 801 ,M,R,W,DO,L ,T,G,C,50,0,0,0,,,1751346,5436173
Wellington City,CAMBRIDGE TERRACE,40,N, ,BARKER ST,201449241,10/11/2014,Mon,1700,AC,CN1C,353A 372A ,,R,D,TF,F , , ,C,50,0,0,0,,,1749145,5426619
Wellington City,CAMBRIDGE TERRACE,100,N, ,BUCKLE ST,201448088,27/11/2014,Thu,930,EA,XN1T,129A ,M,R,D,O ,FS, , ,C,50,0,0,0,,,1749112,5426544
Wellington City,CAMBRIDGE TERRACE,10,N, ,SH 1N,201417750,27/11/2014,Thu,845,AA,CN1P,372A 381A ,,R,D,O ,F ,X,T,C,50,0,0,1,,,1749201,5426743
Wellington City,CAMBRIDGE TERRACE,30,S, ,SH 1N,201414959,26/06/2014,Thu,2126,AA,CN1P,197A 372A ,,R,W,DO,H , ,N,R,50,0,0,1,,,1749184,5426706
Wellington City,CAMBRIDGE TERRACE,100,S, ,SH 1N,201430286,15/01/2014,Wed,2200,MO,CN1C,371A ,M,R,D,DO,F , , ,C,50,0,0,0,,,1749156,5426642
Wellington City,CARLTON GORE ROAD,60,W, ,LINDUM TERRACE,201418882,08/12/2014,Mon,1425,CB,4W1C4,129A ,MM,R,D,BF,F , ,N,C,50,0,0,1,,,,
Wellington City,CARLTON GORE ROAD,10,N, ,MAIDA VALE ROAD,201435085,01/04/2014,Tue,,MO,CN1C,386A ,M,R,W,B ,F ,T,N,C,50,0,0,0,,,1750844,5427681
Wellington City,CARLTON GORE ROAD,, ,I,MAIDA VALE ROAD,201411071,22/02/2014,Sat,1435,BF,MS1C,131A 402A 903 ,,M,D,B ,FS,T,N,C,50,0,0,1,,,1750845,5427671
Wellington City,CARLTON GORE ROAD,70,E, ,ORIENTAL PARADE,201442136,22/08/2014,Fri,1036,DB,CW1C,129A 358A ,M,M,D,O ,F , , ,L,50,0,0,0,,,1750762,5427745
Wellington City,CARLTON ST,110,S, ,SUTHERLAND ROAD,201417965,09/12/2014,Tue,1138,MB,VS1M,303B ,,R,D,O ,F , , ,N,50,0,0,1,,,1749774,5423279
Wellington City,CASHMERE AVENUE,50,N, ,IZARD ROAD,201413376,04/06/2014,Wed,1215,EA,CS1C,129A ,M,R,D,B ,F , , ,L,50,0,0,1,,,1750455,5432431
Wellington City,CASHMERE AVENUE,50,W, ,RAUMATI TERRACE,201445289,03/09/2014,Wed,1640,EA,CW1CC,129A 363A 902 ,M,E,D,B ,F , , ,C,50,0,0,0,,,1750733,5432127
Wellington City,CECIL ROAD,100,N, ,WADE ST,201415290,14/08/2014,Thu,1420,EA,CS14,129A ,M,S,W,OF,H , ,N,C,50,0,0,1,,,1748459,5430497
Wellington City,CENTENNIAL NBD,60,N, ,JARDEN MILE,201417140,03/10/2014,Fri,2206,DB,CN1,111A 131A 402A ,CK,M,D,DO,F , , ,R,80,0,1,0,,,1751940,5432262
Wellington City,CENTENNIAL SBD,, ,I,GLOVER ST,201413313,08/05/2014,Thu,837,LB,SE14,377A 377B ,,R,D,B ,F ,T,S,P,100,0,0,1,,47,1751931,5432729
Wellington City,CENTENNIAL SBD,20,N, ,JARDEN MILE,201449240,05/12/2014,Fri,1420,FD,CS1C,386A ,,R,D,B ,F , , ,P,80,0,0,0,,,1751942,5432217
Wellington City,CENTENNIAL SLIP ROAD,80,N, ,JARDEN MILE,201417666,07/12/2014,Sun,1556,DB,CS1,131A 330A ,G,E,W,O ,L , ,N,C,80,0,0,1,,,1751954,5432278
Wellington City,CHAYTOR ST,20,N, ,BIRDWOOD ST,201447414,14/10/2014,Tue,2108,FD,CN1C,181A 331A 191B ,,R,D,DO,F , ,N,C,50,0,0,0,,,1746934,5427949
Wellington City,CHAYTOR ST,, ,I,CURTIS ST,201416972,30/10/2014,Thu,755,GA,SE1C,181A ,,R,D,BF,F ,T,G,P,50,0,0,1,,,1746843,5428162
Wellington City,CHAYTOR ST,, ,I,RAROA CRESCENT,201416804,04/11/2014,Tue,843,LB,SE1C,303B 387B ,,E,D,B ,F ,T,G,P,50,0,0,1,,47,1746887,5428152
Wellington City,CHAYTOR ST,, ,I,WAIAPU ROAD,201440329,10/07/2014,Thu,2353,DA,CW1,111A 131A ,KT,M,D,DO,F ,T,S,C,50,0,0,0,,,1746942,5427876
Wellington City,CHESTERTON ST,50,S, ,BURGESS ROAD,201448610,23/10/2014,Thu,2130,CC,CS1C,130A ,M,R,D,DO,F , , ,N,50,0,0,0,,,1751870,5434894
Wellington City,CHESTERTON ST,200,S, ,BURGESS ROAD,201440324,20/07/2014,Sun,530,EA,CS1C,103A 129A 801 ,M,R,W,DO,L , , ,N,50,0,0,0,,,1751841,5434747
Wellington City,CHESTERTON ST,, ,I,BURGESS ROAD,201451070,28/12/2014,Sun,357,BC,CE24,129A ,M,S,D,DO,F ,T,S,C,50,0,0,0,,,1751880,5434943
Wellington City,CHILKA ST,20,W, ,BURWAH ST,201436398,18/04/2014,Fri,1250,LB,CE1C,303B 375B 925 ,,R,D,BF,F ,D,N,C,50,0,0,0,,,1748478,5423962
Wellington City,CHURCHILL DRIVE,310,N, ,BLACKBRIDGE ROAD,201416886,29/10/2014,Wed,2335,BC,CN1C,111A 121A ,,M,D,DO,F , ,N,C,50,0,1,0,,,1747873,5430809
Wellington City,CHURCHILL DRIVE,, ,I,BLACKBRIDGE ROAD,201434895,16/04/2014,Wed,1645,DB,CS1,129A 131A ,K,E,W,OF,H ,T,G,R,50,0,0,0,,,1747702,5430570
Wellington City,CHURTON DRIVE,20,S, ,HALSWATER DRIVE,201430752,30/01/2014,Thu,1830,CC,CN1,137A ,Z,R,D,BF,F , ,N,N,50,0,0,0,,,1751588,5436648
Wellington City,CLEVELAND ST,, ,I,WASHINGTON AVENUE,201413887,22/05/2014,Thu,1530,BB,CS2P,124A ,,E,D,O ,F ,T,S,C,50,0,0,1,,,1747900,5425860
Wellington City,CLIFTON TERRACE,20,N, ,BOULCOTT ST,201443191,18/08/2014,Mon,1700,MO,VS1C,308A 929 ,,R,D,B ,F ,D,N,C,50,0,0,0,,,1748438,5428095
Wellington City,CLIFTON TERRACE,100,S, ,SAN SEBASTIAN ROAD,201448336,20/12/2014,Sat,1115,QD,VN1,330A 611A ,F,R,D,O ,F , ,N,C,50,0,0,0,,,1748490,5428320
Wellington City,CLYDE ST,10,S, ,MERSEY ST,201445327,24/08/2014,Sun,1120,FO,CN1C,129A 130A 358A ,M,R,D,O ,F ,X,S,C,50,0,0,0,,,1748430,5422244
Wellington City,COBHAM DRIVE,100,N, ,SH 1N,201448771,25/11/2014,Tue,832,FD,CS1CC,331A 358A 181B ,,R,D,O ,M , , ,R,70,0,0,0,,,1751507,5424609
Wellington City,COBHAM DRIVE,40,N, ,SH 1N CALABAR,201432086,18/02/2014,Tue,1540,FD,CS1C,423A ,,R,D,B ,F , , ,R,70,0,0,0,,,1751471,5424561
Wellington City,COCHRANE ST,90,N, ,MOA POINT ROAD,201437057,31/05/2014,Sat,2325,CA,CN1,103A 402A 433A ,CH,R,D,DO,F , , ,C,50,0,0,0,,,1750943,5423309
Wellington City,COCKAYNE ROAD,20,E, ,QUETTA ST,201445875,21/10/2014,Tue,1100,MA,CE1T,373B 817 ,,E,D,B ,F , ,P,C,50,0,0,0,,,1748921,5431730
Wellington City,COCKAYNE ROAD,150,S, ,QUETTA ST,201413134,24/05/2014,Sat,1230,EA,CS1C,129A 378A 831 901 ,M,M,W,O ,H , , ,C,50,0,0,1,,,1748886,5431586
Wellington City,COLLINS AVENUE,40,E, ,FINDLAY ST,201437971,09/06/2014,Mon,1424,MB,CW1C,372B 380B ,,R,W,O ,L , ,N,C,50,0,0,0,,,1753722,5442156
Wellington City,COLOMBO ST,60,W, ,RINTOUL ST,201444912,27/09/2014,Sat,2209,BA,CE1C,112A 125A 137B ,,R,W,DO,L , ,N,N,50,0,0,0,,,1748847,5425044
Wellington City,CONSTABLE ST,15,W, ,COROMANDEL ST,201432337,08/02/2014,Sat,1353,MD,4W1C,308B 371B 929 ,,R,W,O ,L ,D,N,C,50,0,0,0,,,1749522,5424996
Wellington City,CONSTABLE ST,, ,I,DANIELL ST,201410287,13/02/2014,Thu,1925,LB,SE1C,303B 375B ,,M,D,B ,F ,X,T,C,40,0,0,1,,24,1749193,5424928
Wellington City,CONSTABLE ST,, ,I,HIROPI ST,201435183,03/04/2014,Thu,1415,ND,CE1E,194A 711B ,P,R,D,B ,F ,T,N,C,50,0,0,0,,,1749445,5424982
Wellington City,COROMANDEL ST,25,S, ,CONSTABLE ST,201438501,08/06/2014,Sun,1741,QD,CS1CC,929,HMS,R,D,DO,F ,D, ,N,50,0,0,0,,,1749542,5424972
Wellington City,COTSWOLD CRESCENT,15,W, ,SALFORD ST E,201444579,31/08/2014,Sun,1910,EA,CW1T,101A 130A ,M,R,D,DO,F ,T,N,N,50,0,0,0,,,1752180,5434367
Wellington City,COTSWOLD CRESCENT,15,W, ,SALFORD ST E,201418814,31/08/2014,Sun,1910,EA,CW1T,129A ,M,R,D,DO,F , ,N,C,50,0,0,1,,,1752180,5434367
Wellington City,COURTENAY PLACE,, ,I,ALLEN ST,201440019,13/07/2014,Sun,55,AC,XE1X,372A ,,R,W,DO,L ,T,T,C,50,0,0,0,,,1749209,5427107
Wellington City,COURTENAY PLACE,30,W, ,CAMBRIDGE TERRACE,201435087,29/04/2014,Tue,1700,CB,VE1X,112A 129A ,,R,W,TO,F , ,N,C,50,0,0,0,,,1749322,5427084
Wellington City,COURTENAY PLACE,50,W, ,CAMBRIDGE TERRACE,201433739,06/04/2014,Sun,1215,MO,CW1C,371B ,,R,D,O ,F , , ,P,30,0,0,0,,,1749320,5427052
Wellington City,COURTENAY PLACE,, ,I,CAMBRIDGE TERRACE,201415983,22/08/2014,Fri,1946,DA,VS2XC,197A 323A 334A 801 ,,R,W,TO,L ,X,T,R,50,0,0,1,,,1749351,5427078
Wellington City,COURTENAY PLACE,10,E, ,TARANAKI ST,201441310,03/08/2014,Sun,1612,AA,BW1C,330A 372A ,,R,D,O ,F ,X,T,R,30,0,0,0,,,1748957,5427242
Wellington City,COURTENAY PLACE,30,E, ,TARANAKI ST,201430861,07/02/2014,Fri,1618,EA,CW14,129A ,M,R,D,BF,F , ,N,C,50,0,0,0,,,1748973,5427230
Wellington City,COURTENAY PLACE,50,E, ,TARANAKI ST,201411908,30/03/2014,Sun,205,NB,CE1E,713B ,,R,D,DO,F , ,N,R,50,0,1,0,18,,1748989,5427218
Wellington City,COURTENAY PLACE,100,E, ,TARANAKI ST,201411066,06/03/2014,Thu,2120,NB,SE1E,105B 713B ,,R,D,DO,F , , ,R,50,0,0,2,20,,1749029,5427188
Wellington City,COURTENAY PLACE,, ,I,TARANAKI ST,201437053,01/06/2014,Sun,1930,FE,CW1C,331A 350A ,,R,D,TF,F ,X,T,N,50,0,0,0,,,1748949,5427247
Wellington City,COURTENAY PLACE,10,E, ,TORY ST,201446293,02/11/2014,Sun,325,MG,CE1C,109B 512B 514B ,,M,D,DO,F ,X,T,R,50,0,0,0,,,1749145,5427135
Wellington City,COURTENAY PLACE,15,W, ,TORY ST,201446352,03/11/2014,Mon,825,EE,BW1C,374B ,Q,R, , F,  ,X,T,C,50,0,0,0,,,1749122,5427145
Wellington City,COURTENAY PLACE,25,W, ,TORY ST,201444175,30/07/2014,Wed,1628,MO,XE1C,371A ,M,R,W,OF,L , ,N,R,50,0,0,0,,,1749113,5427149
Wellington City,COURTENAY PLACE,50,W, ,TORY ST,201435148,11/02/2014,Tue,1630,MO,CE1C,371A 926 ,M,R,D,B ,F ,D,N,N,50,0,0,0,,,1749090,5427159
Wellington City,COURTENAY PLACE,, ,I,TORY ST,201434627,11/04/2014,Fri,1730,FC,VW1X,181A ,,R,W,OF,L ,X,T,R,50,0,0,0,,,1749136,5427139
Wellington City,COUTTS ST,20,E, ,BAY ROAD,201442252,06/08/2014,Wed,1520,MA,CW1T,371B 927 ,,R,D,O ,F ,D,N,P,50,0,0,0,,,1750197,5424170
Wellington City,COUTTS ST,50,E, ,BAY ROAD,201435084,26/04/2014,Sat,730,MO,TE1V,371A 386A 927 ,,R,D,O ,F ,D,N,C,50,0,0,0,,,1750226,5424163
Wellington City,COUTTS ST,50,W, ,ONEPU ROAD,201431409,15/02/2014,Sat,1516,MO,TE1C,385A ,M,R,D,BF,F , ,N,P,50,0,0,0,,,1750237,5424160
Wellington City,COUTTS ST,, ,I,YULE ST,201440327,27/06/2014,Fri,1020,KB,CE1C,302B 382B ,,R,D,B ,F ,X,G,C,50,0,0,0,,,1750565,5424069
Wellington City,CRAWFORD GREEN,60,N, ,BROADWAY W,201439427,30/06/2014,Mon,,EA,CN1C,386A ,M,R,D,B ,F , ,N,C,50,0,0,0,,,1751893,5423608
Wellington City,CRAWFORD ROAD,, ,I,CRAWFORD ROAD W,201443017,03/09/2014,Wed,1130,JA,VS2C,302A 375A ,,E,D,B ,F ,R,G,C,50,0,0,0,,,1749773,5424942
Wellington City,CRAWFORD ROAD,, ,I,CRAWFORD ROAD W,201415534,10/08/2014,Sun,1105,MO,CS2S,370A 204B 330B 505B ,,E,D,B ,F ,R,G,R,50,0,1,0,,39,1749773,5424942
Wellington City,CRAWFORD ROAD,160,S, ,WELLINGTON ROAD,201440294,13/07/2014,Sun,0,MO,4S1C,103A 352A 371A 514A ,M,M,D,DO,F , , ,L,50,0,0,0,,,1749874,5424824
Wellington City,CRAWFORD ROAD,, ,I,WELLINGTON ROAD,201431619,21/01/2014,Tue,1138,KA,MS1C,302B 901 ,,E,W,O ,H ,R,G,R,50,0,0,0,,,1749773,5424942
Wellington City,CRAWFORD ST,, ,I,WELLINGTON ROAD,201418815,29/10/2014,Wed,1745,JA,SS1C,302B 375B ,,R,D,OF,F ,R,G,R,50,0,0,1,,34,1749773,5424942
Wellington City,CRESSWELL PLACE,40,W, ,SHERIDAN TERRACE,201446967,08/06/2014,Sun,315,DA,CE1,111A 131A ,EF,M,D,DO,F , ,N,N,50,0,0,0,,,1751688,5434433
Wellington City,CROYDON ST,170,S, ,VERSAILLES ST,201442865,24/08/2014,Sun,2000,MO,CN1C,385A ,M,M,D,DN,F , ,N,C,50,0,0,0,,,1746210,5427243
Wellington City,CUBA ST,50,N, ,ABEL SMITH ST,201443192,01/09/2014,Mon,920,EE,CN1C,129A ,M,R,D,B ,F , , ,C,30,0,0,0,,,1748555,5426884
Wellington City,CUBA ST,20,S, ,ABEL SMITH ST,201445881,06/09/2014,Sat,1800,EA,CN14,129A ,M,R,D,O ,F , , ,C,50,0,0,0,,,1748526,5426820
Wellington City,CUBA ST,, ,I,ABEL SMITH ST,201439345,03/07/2014,Thu,1515,BA,CS1X,125A 839 ,,R,D,BF,F ,M,S,C,50,0,0,0,,,1748534,5426838
Wellington City,CUBA ST,30,S, ,GARRETT ST,201434923,03/03/2014,Mon,1137,QD,CN1C,428A ,M,R,D,BF,F , ,N,N,50,0,0,0,,,1748643,5427080
Wellington City,CUBA ST,20,N, ,SH 1N,201430702,25/01/2014,Sat,2145,MO,CS1C,371A 385A ,M,R,D,DO,F , ,N,C,50,0,0,0,,,1748615,5427018
Wellington City,CUBA ST,20,N, ,SH 1N,201430853,01/01/2014,Wed,10,EA,CN1C,129A ,M,R,D,DO,F , ,N,C,50,0,0,0,,,1748615,5427018
Wellington City,CUBA ST,200,S, ,VIVIAN ST,201430774,25/01/2014,Sat,1743,QD,CN1C,428A ,M,R,D,BF,F , ,N,P,50,0,0,0,,,1748525,5426818
Wellington City,CURTIS ST,, ,I,ALBEMARLE ROAD,201446001,18/10/2014,Sat,1425,KB,CN1C,302A 375A ,,R,D,B ,F ,R,G,R,50,0,0,0,,,1747088,5429114
Wellington City,CURTIS ST,20,N, ,CHAYTOR ST,201442250,31/07/2014,Thu,1825,EA,TS1C,129A ,M,R,D,DO,F ,T,G,C,50,0,0,0,,,1746843,5428182
Wellington City,CURTIS ST,20,N, ,CHAYTOR ST,201435185,01/04/2014,Tue,1600,EA,CN1C,129A ,M,R,D,B ,F , ,N,C,50,0,0,0,,,1746843,5428182
Wellington City,CUSTOMHOUSE QUAY,, ,I,BRANDON ST,201436921,16/05/2014,Fri,1335,AO,CN1V,129A ,,R,D,B ,F ,T,T,R,50,0,0,0,,,1748876,5428214
Wellington City,CUSTOMHOUSE QUAY,40,S, ,GREY ST,201447857,30/10/2014,Thu,1120,MO,CN1X,371A ,,R,D,BF,F , ,N,C,50,0,0,0,,,1748796,5428051
Wellington City,CUSTOMHOUSE QUAY,, ,I,JERVOIS QUAY,201439219,21/06/2014,Sat,1028,FB,CE1M,181A ,,R,D,O ,F ,T,G,C,50,0,0,0,,,1748869,5428191
Wellington City,CUSTOMHOUSE QUAY,, ,I,JOHNSTON ST,201444908,24/09/2014,Wed,2205,FE,CN1V,181A 331A ,,R,D,DO,F ,X,T,N,50,0,0,0,,,1748906,5428278
Wellington City,CUSTOMHOUSE QUAY,, ,I,WHITMORE ST,201437654,29/05/2014,Thu,750,FE,TN1C,181A 801 ,,R,W,O ,L ,T,T,R,50,0,0,0,,,1748982,5428438
Wellington City,CUSTOMHOUSE QUAY,, ,I,WILLESTON ST,201433863,11/04/2014,Fri,2208,MF,XW2C,129A 129B ,,M,W,DO,F ,X,T,C,30,0,0,0,,,1748740,5427923
Wellington City,DANIELL ST,100,S, ,CONSTABLE ST,201415451,15/08/2014,Fri,1530,NB,CS1,191A 710B 727B ,,R,D,O ,F , , ,C,50,0,0,1,8,,1749213,5424830
Wellington City,DANIELL ST,130,S, ,MEIN ST,201432793,08/03/2014,Sat,1232,MA,CN1C,386A 371B ,,R,D,B ,F , , ,N,50,0,0,0,,,1749156,5425110
Wellington City,DANIELL ST,, ,I,NEWTOWN AVENUE,201443194,26/08/2014,Tue,1645,KB,CS1C,302B ,,R,D,O ,F ,T,G,N,50,0,0,0,,,1749205,5424869
Wellington City,DANIELL ST,10,N, ,RHODES ST,201450790,27/11/2014,Thu,1208,EA,VS14C,129A 350A ,MM,R,D,OF,F ,T,N,C,50,0,0,0,,,1749258,5424608
Wellington City,DARLINGTON ROAD,15,S, ,CAMPERDOWN ROAD,201430714,24/01/2014,Fri,2300,EA,CN1C,129A ,M,R,D,DO,F , ,N,C,50,0,0,0,,,1752845,5425555
Wellington City,DAVIS ST,30,W, ,THORNDON QUAY,201436073,13/05/2014,Tue,,EA,CE1C,129A ,M,R,W,DO,L , ,N,N,50,0,0,0,,,1749361,5429230
Wellington City,DEVON ST,150,N, ,ARO ST,201439452,06/07/2014,Sun,1630,AE,CS1C,129A ,M,R,D,DO,F , ,N,C,50,0,0,0,,,1747932,5427100
Wellington City,DEVON ST,130,N, ,ESSEX ST,201435089,01/05/2014,Thu,2014,EA,VN1C,386A ,M,E,D,TF,F , ,N,N,50,0,0,0,,,1747935,5427133
Wellington City,DIXON ST,70,W, ,CUBA ST,201447286,01/11/2014,Sat,2049,MO,CW1C,330A 330B ,,R,D,DO,F , , ,N,50,0,0,0,,,1748693,5427362
Wellington City,DIXON ST,5,W, ,EVA ST,201437840,06/06/2014,Fri,1245,MG,CW1V,371B ,,R,D,O ,F ,X,G,C,50,0,0,0,,,1748825,5427303
Wellington City,DIXON ST,, ,I,MACDONALD CRESCENT,201430513,20/01/2014,Mon,755,QD,OE1,611A ,K,M,D,B ,F ,T,N,C,50,0,0,0,,,1748454,5427469
Wellington City,DIXON ST,80,W, ,TARANAKI ST,201412747,06/05/2014,Tue,1230,NB,CW1E,712B 713B ,,R,D,BF,F , ,N,N,50,0,0,1,18,,1748876,5427280
Wellington City,DIXON ST,, ,I,THE TERRACE,201447650,25/11/2014,Tue,1039,EA,VW1C,129A 353A ,M,M,D,OF,M ,T,G,C,50,0,0,0,,,1748329,5427525
Wellington City,DIXON ST,60,W, ,VICTORIA ST,201433490,18/03/2014,Tue,1811,AA,CW1V,372A ,,R,D,OF,F , ,N,C,50,0,0,0,,,1748588,5427409
Wellington City,DIXON ST,25,E, ,WILLIS ST,201450934,05/11/2014,Wed,1301,EE,CW1C,374B ,M,R,D,O ,F , , ,C,50,0,0,0,,,1748543,5427429
Wellington City,DIXON ST,50,E, ,WILLIS ST,201436099,16/04/2014,Wed,1010,MA,TW1C,371B ,,E,D,OF,F , ,N,C,50,0,0,0,,,1748566,5427419
Wellington City,DIXON ST,10,W, ,WILLIS ST,201431312,14/02/2014,Fri,1740,FE,CE14,181A ,,R, , F,  ,X,T,C,50,0,0,0,,,1748511,5427443
Wellington City,DIXON ST,25,W, ,WILLIS ST,201430716,07/02/2014,Fri,1100,MO,VW1C,371A ,M,R,D,BF,F , ,N,C,50,0,0,0,,,1748497,5427449
Wellington City,DONALD ST,, ,I,COOPER ST,201415653,19/09/2014,Fri,1652,NA,CN1E,713B 714B ,,R,D,B ,F ,T,N,C,50,0,1,0,12,,1745902,5428190
Wellington City,DOVER ST,10,E, ,THE PARADE,201448236,01/12/2014,Mon,850,KA,CW1C,308B 375B 929 ,,M,W,O ,F ,D,N,C,50,0,0,0,,,1748487,5423293
Wellington City,DUNCAN TERRACE,110,W, ,KILBIRNIE CRESCENT,201451073,08/12/2014,Mon,200,DA,CE1C,103A 131A 517A ,M,M,D,DO,F , ,N,C,50,0,0,0,,,1749964,5424705
Wellington City,DUNCAN TERRACE,150,N, ,RODRIGO ROAD,201448768,03/12/2014,Wed,37,DB,CS1,111A 131A 517A ,C,M,D,DO,F , , ,N,50,0,0,0,,,1749825,5424142
Wellington City,DUTHIE ST,, ,I,BRAITHWAITE ST,201434067,21/03/2014,Fri,1509,DA,CN1T,111A 134A ,M,S,D,B ,F ,T,N,C,50,0,0,0,,,1746220,5428162
Wellington City,DUTHIE ST,, ,I,GIPPS ST,201436266,16/05/2014,Fri,1528,JC,CE24,101A 302A 404A ,,R,D,B ,F ,T,G,C,50,0,0,0,,,1746328,5427880
Wellington City,EARP ST,, ,I,FRANKMOORE AVENUE,201414736,06/07/2014,Sun,1504,BO,CW2S,124A 370A ,,R,D,O ,F ,T,G,C,50,0,0,1,,43,1751139,5435050