TLANAME,CRASHROAD,CRASHDIST,CRASHDIRN,INTSN,SIDEROAD,CRASHID,CRASHDATE,CRASHDOW,CRASHTIME,MVMT,VEHICLES,CAUSES,OBJECTSSTRUCK,ROADCURVE,ROADWET,LIGHT,WTHRa,JUNCTYPE,TRAFCTRL,ROADMARK,SPDLIM,CRASHFATALCNT,CRASHSEVCNT,CRASHMINCNT,PERSAGE1,PERSAGE2,EASTING,NORTHING
Wellington City,ENDEAVOUR ST,, ,I,QUEENS DRIVE,201418310,09/12/2014,Tue,300,DB,CS1C,103A 129A ,HM,M,D,DO,F ,T,N,N,50,0,0,1,,,1750075,5423930
Wellington City,EVANS BAY PARADE,230,N, ,BALAENA BAY,201412127,26/04/2014,Sat,1430,AC,CS1S,128A 129A 370A ,,R,D,B ,F , , ,C,50,0,0,1,,25,1751027,5427387
Wellington City,EVANS BAY PARADE,130,N, ,BELVEDERE ROAD,201450788,19/12/2014,Fri,1411,EA,CN1C,129A 350A ,M,M,D,ON,F , ,N,C,50,0,0,0,,,1750602,5425639
Wellington City,EVANS BAY PARADE,210,S, ,BELVEDERE ROAD,201448239,03/12/2014,Wed,730,EA,VN1C,386A ,M,E,D,B ,F , ,N,C,80,0,0,0,,,1750493,5425345
Wellington City,EVANS BAY PARADE,20,N, ,MAIDA VALE ROAD,201411548,10/03/2014,Mon,1747,EA,SS14,129A 350A ,M,R,D,BF,F , ,N,C,50,0,0,1,,49,1750953,5427167
Wellington City,EVANS BAY PARADE,100,N, ,MAIDA VALE ROAD,201448592,21/09/2014,Sun,415,DB,CS1,131A 402A ,H,M,W,DO,L , ,N,C,50,0,0,0,,,1750923,5427237
Wellington City,EVANS BAY PARADE,500,N, ,MAIDA VALE ROAD,201415265,08/07/2014,Tue,826,EA,SN1C,374B ,Q,E,D,BF,F , ,N,C,50,0,0,1,,69,1751006,5427553
Wellington City,EVANS BAY PARADE,80,W, ,RATA ROAD,201410442,26/01/2014,Sun,1139,MC,SW1C,372B ,,R,D,O ,F , , ,C,50,0,0,1,,54,1750637,5425747
Wellington City,EVANS BAY PARADE,100,N, ,SH 1N,201445328,27/08/2014,Wed,1730,GD,4N1C,181A 331A 930 ,,E,D,OO,F ,D,N,C,50,0,0,0,,,1750353,5425095
Wellington City,EVANS BAY PARADE,5,S, ,SH 1N,201431500,13/01/2014,Mon,1350,FE,CN1C,331A ,,M,D,BF,F ,X,T,C,50,0,0,0,,,1750299,5424995
Wellington City,FAIRLIE TERRACE,, ,I,ADAMS TERRACE,201442251,31/07/2014,Thu,2020,BF,CS1C,129A 131A ,,E,D,DO,F ,T,N,N,50,0,0,0,,,1747896,5427251
Wellington City,FARNHAM ST,40,S, ,BRITOMART ST,201435749,28/03/2014,Fri,2350,CB,4S1,103A 130A 862 ,X,R,D,DO,F , , ,L,50,0,0,0,,,1748098,5424280
Wellington City,FEATHERSTON ST,, ,I,BRANDON ST,201410744,07/03/2014,Fri,930,FE,VS1C,351A 387A ,,R,D,B ,F ,X,T,C,50,0,0,1,,,1748800,5428249
Wellington City,FEATHERSTON ST,, ,I,BRANDON ST,201413813,09/06/2014,Mon,1805,NF,CS1E,307A 350A 376A 645A 801 ,,R,W,DO,L ,X,T,C,50,0,0,1,35,,1748800,5428249
Wellington City,FEATHERSTON ST,30,S, ,BUNNY ST,201436403,06/05/2014,Tue,1910,MO,XS1X,371A ,Q,R,D,TO,F , ,N,N,50,0,0,0,,,1748990,5428656
Wellington City,FEATHERSTON ST,, ,I,BUNNY ST,201441606,15/07/2014,Tue,1028,FE,VS1C,181A 501A ,,R,D,O ,F ,X,T,R,50,0,0,0,,,1748999,5428685
Wellington City,FEATHERSTON ST,10,N, ,WARING TAYLOR ST,201431492,09/03/2014,Sun,1459,MG,CS1C,371B ,,R,D,BF,F ,X,T,C,50,0,0,0,,,1748862,5428387
Wellington City,FEATHERSTON ST,, ,I,WARING TAYLOR ST,201441308,05/08/2014,Tue,1615,MO,CS14,330A 387A ,,R,D,O ,F ,X,T,C,50,0,0,0,,,1748858,5428378
Wellington City,FEATHERSTON ST,, ,I,WARING TAYLOR ST,201447745,28/07/2014,Mon,1653,HA,CW2C,322B 334B ,,R,D,B ,F ,X,T,C,50,0,0,0,,,1748858,5428378
Wellington City,FEATHERSTON ST,30,N, ,WHITMORE ST,201446984,24/10/2014,Fri,1730,MO,XW1X,371A ,M,R,D,BF,F , ,N,C,50,0,0,0,,,1748937,5428548
Wellington City,FEATHERSTON ST,, ,I,WHITMORE ST,201434926,25/03/2014,Tue,2045,LB,CW2C,303B ,,M,W,DO,H ,X,T,C,50,0,0,0,,,1748924,5428522
Wellington City,FINDLAY ST,15,N, ,LINDEN AVENUE,201412018,02/04/2014,Wed,1707,FA,CN1S,112A 181A ,,R,D,B ,F ,X,G,P,50,0,1,0,,30,1753691,5442189
Wellington City,FINDLAY ST,15,N, ,LINDEN AVENUE,201431903,05/02/2014,Wed,2130,EA,CS1C,129A ,M,R, ,DO,  , ,N,N,50,0,0,0,,,1753691,5442189
Wellington City,FITZHERBERT TERRACE,, ,I,HOBSON ST,201437695,01/06/2014,Sun,1511,NA,CN1E,191A 378A 713B 726B ,,R,D,B ,F ,T,N,N,50,0,0,0,,,1749101,5429583
Wellington City,FLORENCE ST,15,S, ,GORDON ST,201448854,04/12/2014,Thu,1328,JA,CS1CC,308B 377B 839 929 ,M,R,D,O ,F ,D, ,C,50,0,0,0,,,1748926,5424627
Wellington City,FORTUNATUS ST,, ,I,MANA ST,201412995,30/05/2014,Fri,1555,DB,MS1C,132A 407A 818 ,,S,D,O ,F ,T,N,C,50,0,1,0,,,1747889,5425116
Wellington City,FRANKMOORE AVENUE,, ,I,DOCTOR TAYLOR TERRACE,201448287,23/12/2014,Tue,843,FB,4W1C,181A 357A ,,R,D,B ,F ,T,G,C,50,0,0,0,,,1751194,5435039
Wellington City,FRASER AVENUE,110,S, ,HAUMIA ST,201450792,29/12/2014,Mon,2010,DB,CS1,613A ,P,E,D,BF,F , ,N,C,50,0,0,0,,,1751140,5433925
Wellington City,FRASER AVENUE,60,W, ,POLLEN ST,201450787,29/12/2014,Mon,1225,EA,CW1C,129A 353A ,M,R,D,BF,F , ,N,C,50,0,0,0,,,1751311,5434233
Wellington City,FREYBERG ST,, ,I,WHA ST,201430107,05/01/2014,Sun,2025,HA,CW2C,101A 321A ,,R,D,TN,F ,X,S,C,50,0,0,0,,,1750095,5423527
Wellington City,GHUZNEE ST,, ,I,BULLER ST,201417148,02/10/2014,Thu,1820,NA,CE1E,711B ,,R,D,TO,F ,T,N,C,50,0,0,1,20,,1748330,5427324
Wellington City,GHUZNEE ST,5,E, ,CUBA ST,201435088,01/05/2014,Thu,1930,FA,CE1C,181A ,,R,D,DO,F ,X,G,C,50,0,0,0,,,1748686,5427164
Wellington City,GHUZNEE ST,15,E, ,CUBA ST,201436581,09/05/2014,Fri,1431,EE,CW1V,374B ,M,R,D,O ,F , , ,P,50,0,0,0,,,1748695,5427159
Wellington City,GHUZNEE ST,20,E, ,CUBA ST,201451079,27/12/2014,Sat,113,MD,CE1C,308B 927 ,,R,D,DO,F ,D,N,C,50,0,0,0,,,1748699,5427157
Wellington City,GHUZNEE ST,50,E, ,CUBA ST,201416888,09/11/2014,Sun,150,NA,CE1E,105B 713B ,,R,D,DO,F , ,N,N,50,0,0,1,22,,1748727,5427145
Wellington City,GHUZNEE ST,, ,I,EGMONT ST,201433404,12/03/2014,Wed,800,FF,4E1C,181A 387A ,,R,D,BF,F ,T,N,N,50,0,0,0,,,1748799,5427110
Wellington City,GHUZNEE ST,100,W, ,TARANAKI ST,201415065,19/08/2014,Tue,1601,NA,CW1E,711B ,,R,D,O ,F , , ,R,50,0,0,1,39,,1748776,5427122
Wellington City,GHUZNEE ST,, ,I,THE TERRACE,201437156,29/05/2014,Thu,1130,JA,CS1C,302A 375A ,,E,W,OF,L ,T,G,C,50,0,0,0,,,1748255,5427358
Wellington City,GHUZNEE ST,, ,I,VICTORIA ST,201443193,31/08/2014,Sun,1044,FE,CE1C,181A 423A ,,R,D,B ,F ,X,T,C,50,0,0,0,,,1748533,5427232
Wellington City,GLANMIRE ROAD,150,N, ,LINK ROAD,201450877,20/11/2014,Thu,1826,BB,BS1V,129A ,,M,D,OF,F , ,N,C,50,0,0,0,,,1752780,5434404
Wellington City,GLANMIRE ROAD,, ,I,ROBERT ST,201438298,12/06/2014,Thu,45,DB,CE1,131A ,CS,M,W,DO,F ,T,N,N,50,0,0,0,,,1752658,5434397
Wellington City,GLENMORE ST,80,N, ,CRIEFF ST,201444595,08/08/2014,Fri,1725,MC,CN1C,372B ,,R,W,TF,F , , ,C,50,0,0,0,,,1747425,5428154
Wellington City,GLENMORE ST,100,N, ,GARDEN ROAD,201430534,28/01/2014,Tue,1325,MO,BS1C,386A ,M,R,D,B ,F , , ,C,50,0,0,0,,,1747766,5428459
Wellington City,GLENMORE ST,200,N, ,GARDEN ROAD,201436584,05/05/2014,Mon,1449,AO,CS1CCC,129A 410A 801 903 ,,R,W,O ,LS, , ,C,50,0,0,0,,,1747852,5428510
Wellington City,GLENMORE ST,190,S, ,KELBURN VIADUCT,201449760,31/12/2014,Wed,949,DA,CS1,111A 131A ,C,S,W,O ,F , ,N,C,50,0,0,0,,,1747159,5427711
Wellington City,GLENMORE ST,50,S, ,NORTHLAND ROAD S,201432448,03/03/2014,Mon,820,FD,CS1C,181A 331A ,,R,D,B ,F , , ,C,50,0,0,0,,,1747101,5427865
Wellington City,GOTHIC ST,70,N, ,BRODERICK ROAD,201415394,24/08/2014,Sun,855,MO,CN1,410A 427A 926 ,H,R,D,O ,F ,D,N,R,30,0,0,1,,,1751346,5434812
Wellington City,GRANT ROAD,50,S, ,NEWMAN TERRACE,201447415,06/11/2014,Thu,1355,EA,CE1C,386A 818 ,M,R,D,B ,F , ,N,C,50,0,0,0,,,1748956,5429834
Wellington City,GREY ST,10,E, ,FEATHERSTON ST,201440577,25/07/2014,Fri,1345,MO,XE1C,386A ,M,R,D,B ,F ,X,G,N,50,0,0,0,,,1748750,5428116
Wellington City,GROVE ROAD,, ,I,UPLAND ROAD,201411906,18/03/2014,Tue,728,FB,CW1S,181A ,,M,D,TO,F ,T,N,N,50,0,0,1,,30,1747792,5427679
Wellington City,HALIFAX ST,50,N, ,BRETON GROVE,201445963,11/10/2014,Sat,12,DB,CN1C,103A 111A 131A ,HKM,M,D,DO,F , , ,N,50,0,0,0,,,1747829,5423897
Wellington City,HALIFAX ST,200,S, ,BRETON GROVE,201436474,13/04/2014,Sun,55,DB,CN1CC,131A ,M,M,D,DO,F , ,N,C,50,0,0,0,,,1747797,5423759
Wellington City,HALL ST,, ,I,ADELAIDE ROAD,201445476,22/09/2014,Mon,1730,HA,CW1V,322B 330B ,,R,W,O ,L ,X,T,C,50,0,0,0,,,1748741,5425246
Wellington City,HALSWATER DRIVE,60,N, ,CAESARS PLACE,201410167,21/01/2014,Tue,805,DB,PS1,135A 400A 807 901 ,,S,W,O ,H , , ,C,50,0,1,0,,,1751843,5436641
Wellington City,HALSWATER DRIVE,40,W, ,LAKEWOOD AVENUE,201440993,24/03/2014,Mon,812,EA,CE1V,129A 363A 902 ,M,E,D,BF,F , ,N,C,50,0,0,0,,,1751369,5436669
Wellington City,HANSON ST,40,S, ,DRUMMOND ST,201411067,05/03/2014,Wed,1115,BA,MS1C,197A 197B 801 818 ,,R,W,O ,L , , ,N,50,0,0,1,,,1748789,5425828
Wellington City,HANSON ST,100,N, ,JOHN ST,201451074,09/12/2014,Tue,38,EA,CS1CC,129A ,M,R,D,DF,F , ,N,C,50,0,0,0,,,1748763,5425725
Wellington City,HAPPY VALLEY ROAD,210,S, ,MURCHISON ST,201414710,10/07/2014,Thu,46,EA,CN1T,103A 129A 630A ,M,R,D,DO,F , , ,C,50,0,1,1,,,1747096,5422514
Wellington City,HAPPY VALLEY ROAD,300,S, ,MURCHISON ST,201441331,06/07/2014,Sun,1010,CC,CS1CC,130A 402A 412A ,MS,R,D,B ,F , , ,C,50,0,0,0,,,1747133,5422434
Wellington City,HAPPY VALLEY ROAD,200,S, ,OHIRO ROAD,201431697,06/02/2014,Thu,345,CC,TN1,197A ,V,R,D,DO,F , , ,C,70,0,0,0,,,1747177,5423618
Wellington City,HAPUA ST,, ,A,RAKAU ROAD,201413415,29/05/2014,Thu,430,DC,CN1,103A 111A 131A 801 ,C,S,W,DO,L , , ,C,50,0,1,0,,,1750136,5426431
Wellington City,HATAITAI BUS TUNNEL,140,N, ,EAST PORTAL,201444808,07/10/2014,Tue,1440,FD,4N1C,181A ,,R,D,BF,F , ,N,C,50,0,0,0,,,1749916,5426276
Wellington City,HATAITAI ROAD,25,N, ,ARAWA ROAD,201441811,02/08/2014,Sat,1900,MO,VS1C,371A 901 ,M,E,W,DO,H , , ,C,50,0,0,0,,,1750789,5426648
Wellington City,HAUMIA ST,, ,I,BURMA ROAD,201434928,25/03/2014,Tue,853,HA,CN2C,302A 375A ,,S,D,BF,F ,R,G,N,50,0,0,0,,,1750880,5434203
Wellington City,HAWKER ST,15,W, ,ROXBURGH ST,201430768,15/01/2014,Wed,1011,MO,XW1V,333A 387A ,,R,D,BF,F , ,N,C,50,0,0,0,,,1749721,5427100
Wellington City,HAZLEWOOD AVENUE N,50,E, ,SOUTH KARORI ROAD,201439677,13/07/2014,Sun,445,EA,CE1C,129A 410A ,M,M,D,DO,F , , ,C,50,0,0,0,,,1744251,5427287
Wellington City,HEATON TERRACE,60,E, ,WASHINGTON AVENUE,201433415,19/03/2014,Wed,1145,BB,CE1C,123A 818 ,,E,D,BF,F , ,N,N,50,0,0,0,,,1747964,5425928
Wellington City,HELSTON ROAD,, ,I,MOOREFIELD ROAD,201442358,28/08/2014,Thu,740,GO,TW1C,179A ,,E,D,B ,F ,R,G,C,50,0,0,0,,,1751535,5435177
Wellington City,HERALD ST,15,W, ,RUSSELL TERRACE,201439492,14/07/2014,Mon,2050,MA,CE1C,373B ,,M,D,DO,F ,T,N,N,30,0,0,0,,,1748993,5424099
Wellington City,HILL ST,50,E, ,GUILDFORD TERRACE,201434894,17/04/2014,Thu,845,MO,CE1C,385A ,M,R,W,OF,H , ,N,C,50,0,0,0,,,1748729,5428982
Wellington City,HILL ST,100,E, ,GUILDFORD TERRACE,201411953,28/03/2014,Fri,1532,NA,CE1E,712B 713B 727B ,,R,D,BF,F , ,N,C,50,0,0,1,4,,1748779,5428979
Wellington City,HOBART ST,70,N, ,CALEDONIA ST,201441444,29/06/2014,Sun,1256,MC,4N1C,372B 402B ,,R,D,B ,F , ,N,C,50,0,0,0,,,1751780,5424024
Wellington City,HOBSON ST,40,S, ,FITZHERBERT TERRACE,201447289,22/10/2014,Wed,827,EE,CS1X,374B ,M,R,D,B ,F , , ,C,50,0,0,0,,,1749118,5429547
Wellington City,HOPPER ST,50,S, ,WEBB ST,201447646,09/11/2014,Sun,1807,CB,CN1CC,129A 358A ,M,R,D,BF,F , ,N,N,50,0,0,0,,,1748545,5426586
Wellington City,HORNSEY ROAD,, ,I,HOUGHTON BAY ROAD,201435029,15/04/2014,Tue,1030,MC,VN14,372B ,,M,D,B ,F ,T,N,C,50,0,0,0,,,1749542,5422847
Wellington City,HOROKIWI ROAD WEST,, ,I,KENMORE ST,201436397,17/01/2014,Fri,2119,DA,CN2,111A 131A ,F,S,D,DO,F ,T,G,C,50,0,0,0,,,1752948,5434871
Wellington City,HOUGHTON BAY ROAD,15,N, ,VIEW ROAD,201430910,07/02/2014,Fri,945,BA,VN14,125A ,,R,D,BF,F , ,N,C,50,0,0,0,,,1749646,5422757
Wellington City,HUNTER ST,, ,I,FEATHERSTON ST,201431410,20/02/2014,Thu,1331,KA,BE14,300B 404B ,,M,D,BF,F ,M,T,N,50,0,0,0,,,1748708,5428049
Wellington City,HUNTER ST,, ,I,FEATHERSTON ST,201435533,26/04/2014,Sat,1853,AA,VS2B,209A 370A ,,E,D,TO,F ,M,T,C,50,0,0,0,,,1748708,5428049
Wellington City,HUTT ON NBD,150,N, ,JARDEN MILE,201447296,06/11/2014,Thu,1734,AO,CE1T,386A ,,E,D,B ,F , , ,C,80,0,0,0,,,1752067,5432269
Wellington City,HUTT ROAD,5,S, ,HUTT OFF SBD,201416893,10/11/2014,Mon,1649,FB,CS1C,181A 387A ,,R,D,B ,F ,T,G,R,80,0,0,1,,,1751911,5432171
Wellington City,HUTT ROAD,30,N, ,JARDEN MILE,201417601,19/07/2014,Sat,1812,BF,CN1C,103A 111A ,IP,E,D,DO,F ,X,T,R,80,0,3,1,,,1751905,5432182
Wellington City,HUTT ROAD,100,S, ,JARDEN MILE,201442957,13/08/2014,Wed,1115,MO,CS1C,357A 386A 209B 357B ,M,R,D,B ,F , , ,R,80,0,0,0,,,1751865,5432128
Wellington City,HUTT ROAD,500,N, ,KAIWHARAWHARA ROAD,201412994,04/06/2014,Wed,755,AA,SS1CV,130A 150A 440C ,,R,D,B ,F , , ,P,60,0,1,1,,29,1750295,5431154
Wellington City,HUTT ROAD,, ,I,KAIWHARAWHARA ROAD,201445616,07/10/2014,Tue,830,FE,TS14,181A 331A ,,M,D,B ,F ,X,T,N,60,0,0,0,,,1749930,5430814
Wellington City,HUTT ROAD,, ,I,ONSLOW ROAD,201447429,19/07/2014,Sat,1806,FE,CN1C,101A 112A ,,R,D,DO,F ,T,T,R,60,0,0,0,,,1750842,5431430
Wellington City,HUTT ROAD,300,N, ,SCHOOL ROAD,201446759,29/09/2014,Mon,946,AO,TN1T,150A 381A 381B ,,R,D,B ,F , ,N,P,60,0,0,0,,,1750099,5430993
Wellington City,HUTT ROAD,200,S, ,SCHOOL ROAD,201414097,28/06/2014,Sat,200,CC,CN1,101A 112A 386A ,HP,R,D,DO,L , ,N,P,60,0,0,1,,,1749753,5430633
Wellington City,HUTT ROAD,200,S, ,SCHOOL ROAD,201430284,15/01/2014,Wed,1843,FA,CN1C,181A 410A ,,R,D,O ,F , , ,R,50,0,0,0,,,1749753,5430633
Wellington City,HUTT ROAD,, ,I,SCHOOL ROAD,201445877,21/10/2014,Tue,1725,LB,VN1C,303B ,,R,D,B ,F ,T,G,L,60,0,0,0,,,1749893,5430775
Wellington City,HUTT ROAD,1200,N, ,TINAKORI ROAD,201444814,22/07/2014,Tue,634,CC,CN1,410A ,FP,R,D,DO,F , ,N,C,50,0,0,0,,,1750004,5430900
Wellington City,HUTT ROAD,, ,I,WESTMINSTER ST,201410284,11/02/2014,Tue,859,GB,SS1V,142B 192B 927 ,,R,D,O ,F ,D,N,C,50,0,0,1,,35,1749994,5430890
Wellington City,INGLIS ST,, ,I,DUNDAS ST,201417310,25/10/2014,Sat,1101,HA,SN1C,112B 302B 330B ,,R,D,B ,F ,X,G,R,50,0,0,1,,28,1753373,5423765
Wellington City,INGLIS ST,, ,I,DUNDAS ST,201435862,16/04/2014,Wed,730,HA,CE2V,302A 375A ,,R,W,OF,L ,X,G,C,50,0,0,0,,,1753373,5423765
Wellington City,IRA ST,100,N, ,DEVONSHIRE ROAD,201439600,18/05/2014,Sun,450,EA,CN1C,129A 358A ,M,R,D,DO,F , , ,C,50,0,0,0,,,1752350,5424065
Wellington City,IRA ST,30,N, ,THE QUADRANT,201416515,12/09/2014,Fri,2305,EA,CN1C,101A 129A ,M,R,W,DO,L , ,N,C,50,0,0,1,,,1752308,5423771
Wellington City,IRONSIDE ROAD,5,W, ,ROTOITI ST,201446702,04/11/2014,Tue,730,MO,CE1C,371A 386A ,M,R,D,B ,F ,T,N,C,50,0,0,0,,,1751311,5435248
Wellington City,JAMAICA DRIVE,20,N, ,NASSAU AVENUE,201443181,17/07/2014,Thu,600,CA,VN1C,129A 130A 361A ,,R,W,DO,L , , ,N,50,0,0,0,,,1753995,5438905
Wellington City,JEFFERSON ST,70,N, ,CLEVELAND ST,201432082,20/02/2014,Thu,1859,MO,VN1C,386A ,M,R,D,B ,F , , ,N,50,0,0,0,,,1747797,5425952
Wellington City,JERVOIS QUAY,, ,I,CUSTOMHOUSE QUAY,201415663,19/09/2014,Fri,2230,NC,XW1E,376A ,,R,W,DO,L ,T,G,C,50,0,0,1,34,,1748869,5428191
Wellington City,JERVOIS QUAY,20,S, ,HARRIS ST,201451076,18/12/2014,Thu,1555,FD,CS1CC,331A 358A ,,R,W,OF,L , ,N,C,50,0,0,0,,,1748919,5427697
Wellington City,JERVOIS QUAY,, ,I,HARRIS ST,201432333,07/02/2014,Fri,1319,KB,CS1C,322B ,,R,W,O ,L ,T,T,C,50,0,0,0,,,1748916,5427717
Wellington City,JERVOIS QUAY,, ,I,HARRIS ST,201434351,16/04/2014,Wed,1710,FE,CS14,181A ,,R,W,DO,M ,T,T,C,50,0,0,0,,,1748916,5427717
Wellington City,JERVOIS QUAY,, ,I,HARRIS ST,201441605,07/07/2014,Mon,1407,KB,CS1C,322A 334A ,,R,D,O ,F ,T,T,R,50,0,0,0,,,1748916,5427717
Wellington City,JERVOIS QUAY,, ,I,HUNTER ST,201416960,27/10/2014,Mon,10,MO,CN1,136A 613A 926 ,P,E,W,DO,L ,D,T,C,50,0,0,1,,,1748881,5427984
Wellington City,JERVOIS QUAY,180,W, ,WAKEFIELD ST,201445603,10/10/2014,Fri,1633,MO,CS1C,353A 420A ,,R,D,B ,F , , ,C,50,0,0,0,,,1748940,5427555
Wellington City,JERVOIS QUAY,15,N, ,WILLESTON ST,201430769,24/01/2014,Fri,1328,FE,CS1C,181A ,,R,D,BF,F ,T,T,R,50,0,0,0,,,1748897,5427866
Wellington City,JERVOIS QUAY,20,S, ,WILLESTON ST,201431902,01/02/2014,Sat,,QD,CN1C,428A ,,R, , F,F , ,N,R,50,0,0,0,,,1748902,5427831
Wellington City,JERVOIS QUAY,, ,I,WILLESTON ST,201438176,16/05/2014,Fri,1410,FD,CN1V,181A 387A ,,R,D,BF,F ,T,T,R,50,0,0,0,,,1748899,5427851
Wellington City,JESSIE ST,10,W, ,TARANAKI ST,201442396,31/08/2014,Sun,1730,CB,CW1P,129A ,M,R,D,DO,F ,T,N,C,50,0,0,0,,,1748825,5426966
Wellington City,JOHN ST,20,W, ,ADELAIDE ROAD,201411769,28/02/2014,Fri,1933,NA,CW1E,376A ,,R,D,O ,FS, , ,C,50,0,0,1,61,,1748812,5425613
Wellington City,JOHN ST,, ,I,HANSON ST,201443229,11/07/2014,Fri,1205,BO,CE1C,109A 129A 386A ,,E,D,O ,F ,X,S,C,50,0,0,0,,,1748734,5425630
Wellington City,JOHN ST,, ,I,RIDDIFORD ST,201436288,10/05/2014,Sat,1900,GF,CE1C,386A ,,R,D,DO,F ,X,T,C,50,0,0,0,,,1748832,5425608
Wellington City,JOHN ST,20,W, ,TASMAN ST,201410120,11/01/2014,Sat,1718,DB,PE1,131A 402A ,,S,D,O ,F , , ,C,50,0,0,1,,,1748715,5425625
Wellington City,JOHNSONVILLE ON SBD,100,N, ,NEWLANDS OFF SBD,201448126,09/11/2014,Sun,1512,FD,CS1C,181A ,,R,D,B ,F , , ,N,50,0,0,0,,,1751687,5434160
Wellington City,JOHNSONVILLE ROAD,, ,I,CORLETT ST,201414898,23/07/2014,Wed,2259,LB,PN1C,303B 922 ,,E,D,DO,F ,D,N,C,50,0,0,1,,,1751476,5434504
Wellington City,JOHNSONVILLE ROAD,10,S, ,DISRAELI ST,201441887,15/08/2014,Fri,1229,JA,CN1C,370A 314B 377B 927 ,,R,D,O ,F ,D, ,P,50,0,0,0,,,1751472,5434654
Wellington City,JOHNSONVILLE ROAD,20,S, ,DISRAELI ST,201443184,26/08/2014,Tue,1253,GA,4S1C,181A 927 ,,R,D,B ,F ,D,N,C,50,0,0,0,,,1751471,5434644
Wellington City,JOHNSONVILLE ROAD,50,S, ,DISRAELI ST,201440031,27/06/2014,Fri,1730,AA,CN1C,372A ,,R,D,DO,F , ,N,P,50,0,0,0,,,1751467,5434615
Wellington City,JOHNSONVILLE ROAD,5,N, ,HAWEA ST,201414712,28/06/2014,Sat,1420,AA,CN1M,372A ,,R,D,B ,F ,T,T,C,50,0,0,1,,,1751486,5434861
Wellington City,JOHNSONVILLE ROAD,15,S, ,MOOREFIELD ROAD,201437839,11/06/2014,Wed,245,MC,VN14,372B ,,R,D,DO,F ,T,N,C,80,0,0,0,,,1751498,5435035
Wellington City,JOHNSONVILLE ROAD,30,S, ,MOOREFIELD ROAD,201433182,29/03/2014,Sat,1325,MA,CN1B,373B 671B ,,R,D,O ,F , , ,C,50,0,0,0,,,1751497,5435020
Wellington City,JOHNSONVILLE ROAD,, ,I,MOOREFIELD ROAD,201413741,05/06/2014,Thu,1640,HA,CN1S,302A ,,R,D,OF,FS,M,G,N,50,0,0,1,,51,1751500,5435050
Wellington City,JOHNSONVILLE ROAD,, ,I,MOOREFIELD ROAD,201415651,18/09/2014,Thu,1829,HA,CE1S,302A 375A ,,R,D,B ,L ,M,G,C,50,0,0,1,,30,1751500,5435050
Wellington City,JOHNSONVILLE ROAD,, ,I,MOOREFIELD ROAD,201450975,12/11/2014,Wed,1650,GF,TN1C,179A ,,M,D,BF,F ,R,G,C,50,0,0,0,,,,
Wellington City,JOHNSTON ST,, ,I,CUSTOMHOUSE QUAY,201433967,10/04/2014,Thu,600,MG,CW1C,371B ,,R,D,B ,F ,X,T,C,50,0,0,0,,,1748906,5428278
Wellington City,JOHNSTON ST,20,E, ,LAMBTON QUAY,201446351,25/10/2014,Sat,1400,MO,CW1C,371A 385A ,M,R, , F,  , ,N,N,50,0,0,0,,,1748732,5428357
Wellington City,KAIKOURA ST,, ,I,COBAR CLOSE,201412515,21/04/2014,Mon,1645,DC,PN2,130A 400A 420A ,F,M,D,O ,F ,T,N,C,50,0,0,1,,,1752120,5425745
Wellington City,KAIWHARAWHARA ROAD,50,N, ,CAMERON ST,201418701,27/12/2014,Sat,1029,CC,CN1C,410A ,M,R,D,B ,F , , ,C,50,0,0,2,,,1749771,5430976
Wellington City,KAIWHARAWHARA ROAD,150,W, ,OLD PORIRUA ROAD,201414963,30/06/2014,Mon,640,DA,PE1,129A 903 ,,E,W,TO,FS, ,N,C,50,0,0,1,,,1749518,5431092
Wellington City,KAIWHARAWHARA ROAD,, ,I,OLD PORIRUA ROAD,201418842,22/10/2014,Wed,800,LB,MS1C,303B 377B ,,E,D,BF,F ,T,G,C,50,0,1,0,,,1749664,5431074
Wellington City,KARORI ROAD,30,W, ,BEAUCHAMP ST,201444592,25/09/2014,Thu,1503,EA,CW1C,129A 130A ,M,R,D,O ,F , , ,P,50,0,0,0,,,1745424,5428154
Wellington City,KARORI ROAD,20,W, ,BURROWS AVENUE,201437697,07/06/2014,Sat,1528,EA,CW1CC,330A 359A 402A ,M,E,D,O ,F , , ,C,50,0,0,0,,,1744925,5427983
Wellington City,KARORI ROAD,50,W, ,BURROWS AVENUE,201439835,21/06/2014,Sat,1344,CB,CW1C,501A ,M,R,D,O ,F , , ,R,50,0,0,0,,,1744896,5427979
Wellington City,KARORI ROAD,30,E, ,DONALD ST,201441676,04/08/2014,Mon,751,CA,CE1S,129A 386A 817 ,,R,D,B ,F , , ,C,50,0,0,0,,,1745887,5428319
Wellington City,KARORI ROAD,, ,I,DONALD ST,201417507,01/11/2014,Sat,800,LB,SW14,303B 375B ,,R,D,BF,FS,T,T,C,50,0,1,0,,29,1745859,5428309
Wellington City,KARORI ROAD,200,W, ,EAGLE ST,201415601,04/09/2014,Thu,1430,FD,MW1CC,181A 191B ,,R,D,B ,F , ,N,P,50,0,0,1,,,1745078,5428028