TLANAME,CRASHROAD,CRASHDIST,CRASHDIRN,INTSN,SIDEROAD,CRASHID,CRASHDATE,CRASHDOW,CRASHTIME,MVMT,VEHICLES,CAUSES,OBJECTSSTRUCK,ROADCURVE,ROADWET,LIGHT,WTHRa,JUNCTYPE,TRAFCTRL,ROADMARK,SPDLIM,CRASHFATALCNT,CRASHSEVCNT,CRASHMINCNT,PERSAGE1,PERSAGE2,EASTING,NORTHING
Wellington City,KARORI ROAD,15,E, ,FANCOURT ST,201400134,02/06/2014,Mon,734,NA,CE1E,306A 645A ,,R,D,TF,F , , ,X,50,1,0,0,71,,1745981,5428353
Wellington City,KARORI ROAD,, ,I,FLERS ST,201439530,07/06/2014,Sat,600,EA,CE1CC,101A 129A ,M,R,D,DO,F ,T,N,P,50,0,0,0,,,1746434,5428492
Wellington City,KARORI ROAD,80,E, ,HATTON ST,201444352,10/09/2014,Wed,1150,MA,XW1C,129A 370B ,,R,D,O ,F , , ,C,50,0,0,0,,,1746188,5428425
Wellington City,KARORI ROAD,, ,I,HATTON ST,201435056,13/04/2014,Sun,1600,JA,CE1C,302B 375B ,,R,W,B ,F ,T,G,C,50,0,0,0,,,1746112,5428399
Wellington City,KARORI ROAD,, ,I,MORLEY ST,201413017,01/05/2014,Thu,637,LB,PE1C,303B 377B ,,R,D,DO,F ,T,G,P,50,0,1,0,,,1745047,5428017
Wellington City,KARORI ROAD,20,E, ,NOTTINGHAM ST,201413892,06/06/2014,Fri,1811,FC,ME1C,110A 181A 331A ,,E,D,DO,F , , ,X,50,0,0,1,,,1746534,5428506
Wellington City,KARORI ROAD,50,E, ,NOTTINGHAM ST,201414359,26/06/2014,Thu,2304,NA,XW1E,306A 376A 724B 801 ,,E,W,DO,L , , ,X,50,0,0,1,21,,1746562,5428516
Wellington City,KARORI ROAD,, ,I,STANDEN ST,201443639,22/08/2014,Fri,1203,GD,XS1C,181A 331A ,,R,D,O ,F ,T,G,C,50,0,0,0,,,1746606,5428554
Wellington City,KATE SHEPPARD PLACE,, ,I,MOLESWORTH ST,201410815,21/02/2014,Fri,2120,NF,CN2E,124A 370A ,,R,D,DO,F ,T,N,C,50,0,0,1,42,,1748885,5428885
Wellington City,KELBURN PARADE,200,S, ,SALAMANCA ROAD,201436927,26/04/2014,Sat,1035,CC,CS1,130A ,S,R,D,B ,F , , ,P,50,0,0,0,,,1748055,5427727
Wellington City,KELBURN PARADE,60,W, ,SALAMANCA ROAD,201442043,01/08/2014,Fri,1215,MA,CS1C,373B 377B 839 ,,R,W,OF,L , ,N,P,50,0,0,0,,,1748112,5427855
Wellington City,KELBURN PARADE,150,W, ,SALAMANCA ROAD,201446918,05/05/2014,Mon,1150,QD,VS1,428A ,S,R,D,OF,F , ,N,C,50,0,0,0,,,1748075,5427773
Wellington City,KELBURN PARADE,, ,I,SALAMANCA ROAD,201430075,14/02/2014,Fri,710,JA,CE1C,302B 375B ,,E,D,BF,  ,Y,G,N,50,0,0,0,,,1748148,5427897
Wellington City,KENMORE ST,50,E, ,BARCLAY ST,201437155,01/06/2014,Sun,530,DA,CW1C,131A ,M,M,W,DO,F , ,N,N,50,0,0,0,,,1753271,5434329
Wellington City,KENMORE ST,180,S, ,HOROKIWI ROAD WEST,201433866,10/04/2014,Thu,1257,EA,CN1C,129A ,M,E,W,O ,M , , ,N,50,0,0,0,,,1753024,5434708
Wellington City,KENMORE ST,, ,I,HOROKIWI ROAD WEST,201411172,28/03/2014,Fri,2030,ND,CN2E,370A 724B 862 ,,R,D,DO,F ,T,G,C,50,0,0,1,16,,1752948,5434871
Wellington City,KENMORE ST,70,S, ,LINK ROAD,201433867,14/03/2014,Fri,800,EA,CS1C,410A ,M,E,D,TF,F , , ,N,50,0,0,0,,,1753237,5434502
Wellington City,KENT TERRACE,20,S, ,HOME ST,201434451,06/04/2014,Sun,30,CB,CS1,103A 130A 904 ,KP,R,W,DO,M , , ,R,50,0,0,0,,,1749263,5426817
Wellington City,KENT TERRACE,, ,I,HOME ST,201431311,19/02/2014,Wed,1900,FA,4N1X,181A ,,R,D,BF,F ,T,N,R,50,0,0,0,,,1749271,5426835
Wellington City,KENT TERRACE,30,S, ,MAJORIBANKS ST,201414343,13/06/2014,Fri,1015,NG,CS1E,371A 714B 730B ,,R,D,B ,F , , ,P,50,0,0,1,18,,1749364,5427042
Wellington City,KENWYN TERRACE,100,N, ,STOKE ST,201433864,09/04/2014,Wed,1540,MF,CS1C,386B ,,R,W,O ,F , , ,N,50,0,0,0,,,1748808,5424930
Wellington City,KHANDALLAH ROAD,40,W, ,COCKAYNE ROAD,201417687,23/12/2014,Tue,655,DA,PW1,111A 131A ,,M,D,B ,F , ,N,C,50,0,0,1,,,1749699,5432170
Wellington City,KILBIRNIE CRESCENT,10,S, ,CHILDERS TERRACE,201443335,28/08/2014,Thu,1518,MO,CW1,330A 423A 501A 926 ,F,R,D,B ,F ,D,N,C,50,0,0,0,,,1750169,5424582
Wellington City,KILBIRNIE CRESCENT,25,N, ,DUNCAN TERRACE,201435105,06/03/2014,Thu,1035,MA,VN1C,373B ,,E,D,O ,F , ,N,N,50,0,0,0,,,1750066,5424759
Wellington City,KILBIRNIE CRESCENT,15,S, ,DUNCAN TERRACE,201443829,13/06/2014,Fri,1153,EA,TN1B,613A ,Q,E,D,BF,F , ,N,R,50,0,0,0,,,1750077,5424722
Wellington City,KINGSFORD SMITH ST,150,N, ,LYALL PARADE,201433741,25/03/2014,Tue,1035,CA,CS1C,927,CM,R,D,B ,F ,D,N,C,50,0,0,0,,,1750688,5423405
Wellington City,KINGSFORD SMITH ST,120,N, ,MCGREGOR ST,201444382,12/09/2014,Fri,1210,MO,CS1C,387A 330B 371B 671B ,,R,D,O ,F , , ,C,50,0,0,0,,,1750718,5423496
Wellington City,KINGSFORD SMITH ST,100,W, ,TIRANGI ROAD,201446248,29/08/2014,Fri,1414,DA,CN1C,111A 431A 517A ,M,M,D,OF,F , ,N,C,50,0,0,0,,,1750780,5423625
Wellington City,KNOLL ST,50,N, ,BEACH ST,201418816,20/11/2014,Thu,1927,QO,OE1OTC,422A 532A 428C ,QHM,R,D,BF,F , ,N,C,50,0,0,2,,,1747949,5421424
Wellington City,KONINI ROAD,250,S, ,WAITOA ROAD,201430713,09/02/2014,Sun,2345,EA,4S1C,129A ,M,E,W,DO,L , ,N,N,50,0,0,0,,,1750248,5426094
Wellington City,LAMBTON QUAY,50,S, ,BALLANCE ST,201412195,01/05/2014,Thu,2205,NB,XS1E,178A ,,E,W,DO,F , , ,C,30,0,1,0,59,,1748725,5428603
Wellington City,LAMBTON QUAY,, ,I,BOWEN ST,201439045,26/06/2014,Thu,1320,FE,CE1C,181A ,,R, , F,  ,X,T,C,50,0,0,0,,,1748819,5428688
Wellington City,LAMBTON QUAY,, ,I,BRANDON ST,201414531,09/06/2014,Mon,1721,FE,BN1B,423A 901 ,,R,W,DO,H ,T,T,R,50,0,0,2,,,1748688,5428300
Wellington City,LAMBTON QUAY,25,N, ,FEATHERSTON ST,201442471,29/07/2014,Tue,930,EO,TS1,129A 682A ,S,E,D,BF,F , ,N,L,50,0,0,0,,,1748694,5428059
Wellington City,LAMBTON QUAY,20,N, ,PANAMA ST,201430704,27/01/2014,Mon,850,AO,BS1C,381A 671A ,,R,D,ON,F , ,N,C,50,0,0,0,,,1748680,5428247
Wellington City,LAMBTON QUAY,20,S, ,PLIMMERS STEPS,201410740,12/03/2014,Wed,1940,PC,CN1E,357A 371A 926 ,,R,D,DO,F ,D,N,N,30,0,0,1,54,,1748720,5427982
Wellington City,LAMBTON QUAY,30,N, ,STOUT ST,201433643,27/03/2014,Thu,945,MA,XS1B,350B 373B ,,R,D,O ,F , , ,C,30,0,0,0,,,1748726,5428518
Wellington City,LAMBTON QUAY,15,S, ,WHITMORE ST,201436854,15/04/2014,Tue,1459,MO,BS1X,129A 350A ,Q,R,D,B ,F , , ,R,50,0,0,0,,,1748807,5428679
Wellington City,LANDFILL ROAD,270,W, ,HAPPY VALLEY ROAD,201439105,18/05/2014,Sun,1045,MO,CE1C,386A 926 ,M,R,W,O ,F ,D,N,N,10,0,0,0,,,1746797,5422920
Wellington City,LIARDET ST,, ,I,DRANSFIELD ST,201443187,04/09/2014,Thu,830,JA,VS1C,302B ,,R,D,B ,F ,T,G,C,50,0,0,0,,,1748188,5425021
Wellington City,LINCOLN AVENUE,, ,I,ROY ST,201436423,21/04/2014,Mon,2030,EA,CE14,129A ,M,R,D,DO,F ,T,G,C,50,0,0,0,,,1752871,5440876
Wellington City,LINDEN AVENUE,80,E, ,MAIN ROAD,201447293,12/11/2014,Wed,2117,CA,CE1V,504A ,M,R,W,DO,L , , ,N,50,0,0,0,,,1753577,5442208
Wellington City,LIPMAN ST,15,S, ,MAJORIBANKS ST,201433407,29/03/2014,Sat,1330,EA,CN1C,129A ,M,R,D,BF,F , ,N,C,50,0,0,0,,,1749463,5427013
Wellington City,LORNE ST,15,W, ,CAMBRIDGE TERRACE,201414379,05/07/2014,Sat,1331,NA,MW1E,712B ,,R,D,B ,F , , ,C,50,0,1,0,62,,1749236,5426858
Wellington City,LUCKNOW TERRACE,20,S, ,SWANSEA ST,201436580,23/05/2014,Fri,1623,MO,CS1C,386A 929 ,M,R,D,O ,F ,D, ,C,50,0,0,0,,,1749519,5432171
Wellington City,LYALL PARADE,, ,I,FREYBERG ST,201439426,20/06/2014,Fri,1550,KA,VE1C,302B ,,R,D,B ,F ,T,G,C,50,0,0,0,,,1750081,5423053
Wellington City,LYALL PARADE,, ,I,ONEPU ROAD,201411800,16/02/2014,Sun,904,JA,SE1C,302B 375B ,,M,D,BF,F ,R,G,R,50,0,0,1,,40,1750238,5423152
Wellington City,LYTTON ST,50,S, ,WADESTOWN ROAD,201433865,09/04/2014,Wed,2152,DA,CN1,131A 801 ,,S,W,DN,L , , ,N,50,0,0,0,,,1748243,5430643
Wellington City,MACDONALD CRESCENT,, ,I,DIXON ST,201412344,09/04/2014,Wed,24,DB,CW1,108A 111A 131A 801 ,H,M,W,DO,L ,T,N,C,50,0,0,1,,,1748454,5427469
Wellington City,MAHORA ST,80,N, ,COUTTS ST,201437055,23/05/2014,Fri,1106,AA,VS1C,153A 197A ,,R,D,O ,F , , ,C,50,0,0,0,,,1750403,5424199
Wellington City,MAHORA ST,100,S, ,RONGOTAI ROAD,201440036,24/06/2014,Tue,945,EA,CN1CC,129A 350A ,M,R,D,BF,F , ,N,C,50,0,0,0,,,1750417,5424247
Wellington City,MAIN ROAD,200,N, ,AKAROA DRIVE,201442047,23/05/2014,Fri,100,DA,CN1,111A 131A ,F,M,D,DN,F , ,N,C,50,0,0,0,,,1752666,5426452
Wellington City,MAIN ROAD,, ,I,BOSCOBEL LANE N,201434480,26/03/2014,Wed,700,KB,XN1V,301B 375B 403B 671B ,,R,D,B ,F ,T,S,C,50,0,0,0,,,1753151,5439148
Wellington City,MAIN ROAD,, ,I,ELENA PLACE,201431284,10/01/2014,Fri,1522,JA,CN1C,302B 375B ,,R,D,BF,F ,T,G,C,50,0,0,0,,,1753063,5440481
Wellington City,MAIN ROAD,15,S, ,LINCOLN AVENUE,201439836,01/05/2014,Thu,1820,MC,CN1C,372B 671B 801 ,,R,W,DO,L , , ,R,50,0,0,0,,,1753101,5440921
Wellington City,MAIN ROAD,, ,I,LINDEN AVENUE,201436399,10/04/2014,Thu,1930,LB,CS1C,302A 375A ,,R,W,TO,L ,R,G,R,50,0,0,0,,,1753498,5442235
Wellington City,MAIN ROAD,, ,I,MCLELLAN ST,201410289,06/02/2014,Thu,1738,DA,PN1,129A 131A 402A ,K,R,D,B ,F ,T,G,C,50,0,0,1,,,1753332,5441667
Wellington City,MAIN ROAD,20,S, ,OXFORD ST,201442994,25/08/2014,Mon,1400,EA,CN1V,129A 363A 902 ,M,R,D,B ,F , , ,P,50,0,0,0,,,1753044,5440347
Wellington City,MAIN ROAD,20,N, ,REDWOOD AVENUE N,201415428,22/07/2014,Tue,1830,GD,CN1C,331A 358A 427A 927 ,,R,D,DO,F ,D,N,P,50,0,0,1,,,1753118,5439983
Wellington City,MAIN ROAD,80,S, ,REDWOOD AVENUE N,201450941,07/12/2014,Sun,1325,EA,CN1CC,129A 353A 801 ,M,R,W,O ,L , , ,C,50,0,0,0,,,1753102,5439884
Wellington City,MAIN ROAD,50,N, ,REDWOOD AVENUE S,201439469,04/06/2014,Wed,1740,FD,CN1CC,181A 330A ,,R,D,TO,F , ,N,P,80,0,0,0,,,1752977,5439413
Wellington City,MAIN ROAD,, ,I,SURREY ST,201442978,30/08/2014,Sat,1145,JA,CS1C,302B 375B ,,R,D,B ,F ,T,G,C,50,0,0,0,,,1753126,5441034
Wellington City,MAIN ROAD,, ,I,WILLOWBANK ROAD,201437602,04/06/2014,Wed,800,KA,CS2C,111B 302B 330B ,,R,D,B ,F ,R,G,C,50,0,0,0,,,1753316,5439020
Wellington City,MAIRANGI ROAD,25,S, ,LYTTON ST,201443406,09/09/2014,Tue,1832,DA,CN1CC,111A 357A ,M,E,D,DO,F , ,N,N,50,0,0,0,,,1748267,5430542
Wellington City,MAJORIBANKS ST,10,E, ,ROXBURGH ST,201436577,15/05/2014,Thu,1800,MO,CE1C,371A ,M,R,W,DO,F ,T,G,C,50,0,0,0,,,1749455,5427033
Wellington City,MAKARA ROAD,1000,N, ,ALLINGTON ROAD,201448295,15/12/2014,Mon,1823,BF,TS1C,123A 150A ,,M,D,B ,F , ,N,C,50,0,0,0,,,1743862,5428410
Wellington City,MAKARA ROAD,30,N, ,BERRYMEAD WAY,201431122,26/02/2014,Wed,1136,MA,CS1T,150A 378B ,,R,D,B ,F , ,N,C,50,0,0,0,,,1744213,5427809
Wellington City,MAKARA ROAD,400,W, ,KHOURI AVENUE,201439533,18/06/2014,Wed,1420,BF,CE14,111A 131A ,,S,D,O ,F , , ,C,50,0,0,0,,,1743967,5428241
Wellington City,MAKARA ROAD,1340,S, ,SOUTH MAKARA ROAD,201448231,28/11/2014,Fri,1612,EO,TN1,129A 330A ,P,M,D,O ,F , ,N,C,50,0,0,0,,,1743137,5429036
Wellington City,MANA ST,70,S, ,FORTUNATUS ST,201446752,22/10/2014,Wed,1718,MD,CN1C,387A 371B ,,R,D,B ,F , ,N,C,50,0,0,0,,,1747885,5425046
Wellington City,MANLEY TERRACE,90,S, ,COLOMBO ST,201417314,18/09/2014,Thu,1145,MO,TS1C,130A 423A ,FHM,R,D,B ,F , , ,N,50,0,0,1,,,1748743,5424968
Wellington City,MANNERS ST,10,W, ,CUBA ST,201411070,24/02/2014,Mon,1430,NA,BW1E,711B ,,R,D,B ,F ,X,T,N,50,0,1,0,49,,1748776,5427395
Wellington City,MANNERS ST,, ,I,TARANAKI ST,201417661,05/12/2014,Fri,2110,LB,XW1S,140A ,,R,D,DO,F ,M,T,C,30,0,0,1,,27,1748949,5427247
Wellington City,MANNERS ST,30,N, ,VICTORIA ST,201412412,29/01/2014,Wed,1715,NB,BN1E,712B 714B 732B ,,R,D,B ,F , , ,L,30,0,0,1,54,,1748670,5427513
Wellington City,MANSFIELD ST,, ,I,RHODES ST,201417688,23/12/2014,Tue,1250,LB,CN1M,302A 375A ,,R,D,B ,F ,R,G,C,50,0,1,0,,,1749049,5424545
Wellington City,MARK AVENUE,130,W, ,GUADELOUPE CRESCENT W,201436264,28/03/2014,Fri,1615,CB,VW1V,129A 197A ,,R,D,O ,F , , ,C,50,0,0,0,,,1752457,5436545
Wellington City,MARK AVENUE,50,E, ,TANIA WAY,201434618,25/03/2014,Tue,,EA,CW1T,129A ,M,R,D,BF,F , ,N,C,50,0,0,0,,,1752312,5436070
Wellington City,MASSEY ROAD,750,N, ,FORT BALLANCE ROAD,201413950,17/05/2014,Sat,124,DB,CN1,103A 111A 131A ,X,M,W,DN,F , ,N,C,50,0,0,1,,,1753228,5427569
Wellington City,MASSEY ROAD,50,N, ,KARAKA BAY ROAD,201412116,19/02/2014,Wed,1210,BB,SS1M,205A 330A 370B 831 ,,S,D,B ,F , , ,C,40,0,0,2,,,1753418,5426602
Wellington City,MASSEY ROAD,360,N, ,KARAKA BAY ROAD,201438108,25/02/2014,Tue,1826,DA,CS1,111A 131A ,X,M,D,BN,F , ,N,C,50,0,0,0,,,1753670,5426675
Wellington City,MAUPUIA ROAD,120,N, ,ARANUI ST,201441313,02/08/2014,Sat,1425,EA,CN1C,129A 331A 801 ,M,M,W,O ,L , , ,C,50,0,0,0,,,1751846,5425105
Wellington City,MCLELLAN ST,, ,I,BEAUCHAMP ST,201437973,08/05/2014,Thu,1635,NA,CW1E,711B ,,R,D,B ,F ,T,N,P,50,0,0,0,,,1753488,5441618
Wellington City,MEDWAY ST,15,W, ,THE PARADE,201448339,24/12/2014,Wed,1709,MG,CW1CC,371B ,M,E,D,B ,F ,T,S,C,50,0,0,0,,,1748372,5422555
Wellington City,MEIN ST,15,E, ,DANIELL ST,201444155,02/09/2014,Tue,1210,EA,TE1C,129A ,M,R, ,BF,  , ,N,N,50,0,0,0,,,1749145,5425241
Wellington City,MEIN ST,10,W, ,DANIELL ST,201446758,06/11/2014,Thu,910,KB,CW1C,308B 375B 930 ,,R,W,O ,F ,D,N,N,50,0,0,0,,,1749120,5425236
Wellington City,MEIN ST,20,W, ,DANIELL ST,201449719,25/11/2014,Tue,1742,EA,VN1C,197A 386A ,M,R,D,O ,F , ,N,N,50,0,0,0,,,1749110,5425234
Wellington City,MEIN ST,, ,I,DANIELL ST,201445321,09/09/2014,Tue,1655,KA,CW1C,302B 375B ,,R,D,O ,F ,T,G,C,50,0,0,0,,,1749130,5425238
Wellington City,MEIN ST,150,E, ,RIDDIFORD ST,201446336,08/09/2014,Mon,1445,MA,CW1B,373B ,,R,D,BF,F , ,N,C,50,0,0,0,,,1749064,5425225
Wellington City,MEIN ST,200,E, ,RIDDIFORD ST,201440020,13/07/2014,Sun,1020,BA,CW1V,129A ,,R,W,OF,F , ,N,C,50,0,0,0,,,1749113,5425234
Wellington City,MELBOURNE ROAD,100,S, ,DEE ST,201446285,08/10/2014,Wed,1132,NB,CS1E,370A 818 ,,E,D,OF,FS, ,N,N,50,0,0,0,,,1748646,5423066
Wellington City,MELROSE ROAD,80,N, ,ALBERT ST,201441851,24/07/2014,Thu,2133,EA,CN1C,101A 129A 358A ,M,E,D,DO,F , , ,C,50,0,0,0,,,1748799,5422264
Wellington City,MELROSE ROAD,20,E, ,MELBOURNE ROAD,201443408,04/09/2014,Thu,930,EE,VE1C,129A 350A ,M,E,D,B ,F , ,N,C,50,0,0,0,,,1748644,5422177
Wellington City,MERSEY ST,10,W, ,MELBOURNE ROAD,201448332,20/12/2014,Sat,2235,EA,CE1C,103A 129A ,M,E,W,DO,L ,X,G,C,50,0,0,0,,,1748616,5422187
Wellington City,MIDDLETON ROAD,40,S, ,BURDENDALE GROVE,201448282,15/12/2014,Mon,1200,CC,CN1,130A 410A ,T,R,D,B ,F , ,N,C,50,0,0,0,,,1751716,5435600
Wellington City,MIDDLETON ROAD,5,S, ,CHURTON DRIVE,201449751,20/12/2014,Sat,1841,GB,CS1C,175B 929 ,,R,W,O ,F ,D,N,C,50,0,0,0,,,1751848,5435955
Wellington City,MIDDLETON ROAD,200,S, ,HALSWATER DRIVE,201439598,08/07/2014,Tue,726,DA,CN1,131A 802 ,,E,I,TF,FF, , ,C,50,0,0,0,,,1751932,5436395
Wellington City,MIDDLETON ROAD,680,N, ,ROWELLS ROAD,201413196,09/05/2014,Fri,2240,DA,CS1,111A 131A ,C,E,D,DN,F , , ,C,70,0,1,1,,,1752756,5437679
Wellington City,MIDDLETON ROAD,800,N, ,ROWELLS ROAD,201441467,18/07/2014,Fri,1416,DA,CS1,111A 402A ,G,E,W,O ,F , ,N,C,70,0,0,0,,,1752829,5437774
Wellington City,MILLS ROAD,90,S, ,GOWRIE ST,201415201,17/07/2014,Thu,1835,NB,MN1E,711B 732B ,,R,W,DO,L , ,N,C,50,0,1,1,29,,1747820,5425112
Wellington City,MILLS ROAD,15,N, ,MORNINGTON ROAD,201450849,05/12/2014,Fri,15,EA,CN1C,129A 410A ,M,R,D,DO,F , ,N,C,50,0,0,0,,,1747761,5424701
Wellington City,MIRAMAR AVENUE,, ,I,MAUPUIA ROAD,201414216,04/07/2014,Fri,1858,JA,SE14,534A 302B 375B ,,R,D,DO,F ,T,G,C,50,0,0,1,,50,1751725,5424711
Wellington City,MIRAMAR AVENUE,20,W, ,PARA ST,201445906,30/05/2014,Fri,1645,MA,CE1C,373B ,,R,D,O ,F ,X,G,C,50,0,0,0,,,1752240,5424410
Wellington City,MIRAMAR AVENUE,15,W, ,PARK ROAD,201430047,01/01/2014,Wed,1530,FA,CE1C,112A 331A ,,R,W,OF,L ,R,G,C,50,0,0,0,,,1752023,5424536
Wellington City,MIRAMAR AVENUE,30,E, ,STONE ST,201433112,26/03/2014,Wed,1340,EA,400000000000000,357A 386A ,M,R,D,B ,F , , ,C,50,0,0,0,,,1751975,5424564
Wellington City,MIRAMAR AVENUE,200,W, ,STONE ST,201439528,23/05/2014,Fri,1705,JB,CE1C,308A 308B 927 ,,R,D,DO,F ,D,N,C,50,0,0,0,,,1751777,5424681
Wellington City,MIRAMAR AVENUE,30,E, ,TAUHINU ROAD,201433115,27/03/2014,Thu,1100,KB,4W1C,308B 922 ,,R,D,O ,M ,D,N,C,50,0,0,0,,,1751808,5424662
Wellington City,MIRAMAR AVENUE,30,E, ,TAUHINU ROAD,201436289,09/05/2014,Fri,1345,KA,CE1T,308B 922 ,,R,D,B ,F ,D,N,C,50,0,0,0,,,1751808,5424662
Wellington City,MIRAMAR AVENUE,120,E, ,TAUHINU ROAD,201434458,17/04/2014,Thu,1350,BO,XW1C,120B 370B 801 925 ,,M,W,O ,L ,D, ,P,50,0,0,0,,,1751886,5424616
Wellington City,MIRAMAR AVENUE,, ,I,TAUHINU ROAD,201442108,08/08/2014,Fri,1415,JA,4E1T,302B ,,R,W,O ,H ,R,G,R,50,0,0,0,,,1751783,5424677
Wellington City,MIRAMAR AVENUE,, ,I,TAUHINU ROAD,201430863,19/02/2014,Wed,1430,AO,MS1C,381A ,,R,D,BF,F ,R,G,R,50,0,0,0,,,1751783,5424677
Wellington City,MIRAMAR AVENUE,, ,I,TAUHINU ROAD,201417732,21/10/2014,Tue,1120,HA,CS1S,302A 375A ,,R,D,B ,F ,R,G,C,50,0,0,1,,67,1751783,5424677
Wellington City,MITCHELL ST,40,N, ,KAREPA ST,201444813,09/09/2014,Tue,633,DA,CN1C,129A ,M,E,D,TN,F , ,N,C,50,0,0,0,,,1747190,5425661
Wellington City,MOA POINT ROAD,500,E, ,STEWART DUFF DRIVE,201447030,27/10/2014,Mon,1820,DB,CN1,103A ,X,M,D,BN,F , ,N,C,50,0,0,0,,,1751516,5421920
Wellington City,MOLESWORTH ST,, ,I,HILL ST,201430098,01/02/2014,Sat,1450,FE,4N1C,181A ,,R,D,BF,F ,X,T,C,50,0,0,0,,,1748889,5428972
Wellington City,MOLESWORTH ST,100,S, ,KATE SHEPPARD PLACE,201446073,10/10/2014,Fri,955,MO,VN1C,386A ,M,E,D,B ,F , , ,C,50,0,0,0,,,1748925,5428794
Wellington City,MOLESWORTH ST,30,S, ,MAY ST,201411318,14/08/2014,Thu,1700,FD,CN1C,331A 353A ,,R,D,DO,F , ,N,C,50,0,0,1,,,1748907,5429312
Wellington City,MONRO ST,, ,I,BURNHAM ST,201415548,07/09/2014,Sun,1218,HA,CW2S,302B 375B 410B ,,R,D,B ,F ,X,G,C,50,0,1,0,,51,1753404,5423442
Wellington City,MONTREAL GROVE,, ,I,QUEBEC ST,201449749,31/12/2014,Wed,1740,BC,CN14,122A 351A 400A ,,R,W,O ,F ,T,N,C,50,0,0,0,,,1747571,5423888
Wellington City,MOOREFIELD ROAD,, ,I,BRODERICK ROAD,201414641,09/07/2014,Wed,1625,FB,CN1C,181A ,,R,D,O ,F ,X,T,C,50,0,0,1,,,1751177,5434767
Wellington City,MOOREFIELD ROAD,15,N, ,HAUMIA ST,201411075,07/02/2014,Fri,1745,NB,4N1E,306A 507A ,,R,D,TO,F , , ,X,50,0,0,1,30,,1750900,5434230
Wellington City,MOOREFIELD ROAD,, ,I,JOHNSONVILLE ROAD,201443824,15/08/2014,Fri,1830,LB,CS1C,302A 375A ,,M,W,DO,L ,M,G,N,50,0,0,0,,,1751503,5435082
Wellington City,MOOREFIELD ROAD,, ,I,WANAKA ST,201448767,08/12/2014,Mon,1030,MO,TE2C,817,,M,D,B ,F ,T,G,C,50,0,0,0,,,1751266,5434901
Wellington City,MORGAN ST,25,N, ,IRONSIDE ROAD,201414344,13/06/2014,Fri,1510,NA,CN1E,712B 713B 726B ,,R,D,O ,F , , ,C,50,0,0,1,2,,1751380,5435262
Wellington City,MOUNT ALBERT ROAD,150,S, ,LAVAUD ST,201450899,17/10/2014,Fri,709,MO,CS1,433A ,ET,M,D,OF,L , ,N,C,50,0,0,0,,,1748969,5423617
Wellington City,MOUNT ALBERT ROAD,120,S, ,VOLGA ST,201439354,28/06/2014,Sat,715,DA,CN1,103A 137A 831 ,F,M,W,BF,F , ,N,C,50,0,0,0,,,1749038,5423157
Wellington City,MOUNT ALBERT ROAD,80,W, ,VOLGA ST,201417870,08/11/2014,Sat,500,DB,CS1,111A 131A 412A ,P,S,D,TO,F , , ,L,50,0,0,1,,,1748896,5423261
Wellington City,MOUNT ALBERT ROAD,90,W, ,VOLGA ST,201440296,17/06/2014,Tue,920,BD,XS1C,129A 129B ,,M,W,O ,F , , ,L,50,0,0,0,,,1748889,5423263
Wellington City,MOXHAM AVENUE,, ,I,GOA ST,201415982,02/09/2014,Tue,40,HA,CE24,321B 335B ,,R,D,DO,F ,T,S,C,50,0,0,2,,,1750046,5425404
Wellington City,MOXHAM AVENUE,10,N, ,TAURIMA ST,201413144,08/04/2014,Tue,715,NB,BN1E,306A 713B 717B 901 ,,R,W,O ,H ,T,G,X,30,0,0,1,29,,1750180,5425884
Wellington City,MULGRAVE ST,, ,I,AITKEN ST,201431961,01/03/2014,Sat,241,DA,CE2,111A 131A 514A ,F,R,D,DO,F ,T,T,N,50,0,0,0,,,1749064,5428963
Wellington City,MULGRAVE ST,, ,I,AITKEN ST,201440990,15/07/2014,Tue,1705,JC,CS1S,324A ,,R,D,BF,F ,T,T,C,50,0,0,0,,,1749064,5428963
Wellington City,MULGRAVE ST,, ,I,LAMBTON QUAY,201414238,18/07/2014,Fri,1710,ND,BS1,711B 718B ,,R,D,O ,L ,M,T,C,50,0,0,1,61,,1749069,5428858
Wellington City,MURPHY OFF SBD,20,W, ,MURPHY ST,201439599,01/07/2014,Tue,914,FD,CE1CC,181A 181B ,,R,W,O ,F , , ,N,100,0,0,0,,,1748930,5429465
Wellington City,MURPHY ST,10,N, ,BROOK ST,201449762,28/11/2014,Fri,1620,MA,CN1C,373B ,,R,D,B ,F ,T,N,C,50,0,0,0,,,1749038,5429184
Wellington City,MURPHY ST,120,N, ,LITTLE PIPITEA ST,201415877,03/09/2014,Wed,1240,PC,CS1E,308A 927 ,,R,D,B ,F ,D,S,R,50,0,0,1,52,,1748992,5429295
Wellington City,MURPHY ST,, ,I,LITTLE PIPITEA ST,201446750,21/10/2014,Tue,756,AA,CS1C,372A ,,R,D,O ,F ,X,G,C,50,0,0,0,,,1749038,5429184