TLANAME,CRASHROAD,CRASHDIST,CRASHDIRN,INTSN,SIDEROAD,CRASHID,CRASHDATE,CRASHDOW,CRASHTIME,MVMT,VEHICLES,CAUSES,OBJECTSSTRUCK,ROADCURVE,ROADWET,LIGHT,WTHRa,JUNCTYPE,TRAFCTRL,ROADMARK,SPDLIM,CRASHFATALCNT,CRASHSEVCNT,CRASHMINCNT,PERSAGE1,PERSAGE2,EASTING,NORTHING
Wellington City,MURPHY ST,, ,I,MURPHY OFF SBD,201447419,17/11/2014,Mon,1926,DB,CS1,110A 131A ,K,M,D,O ,L ,T,N,N,50,0,0,0,,,1748931,5429445
Wellington City,NEWLANDS OFF NBD,210,S, ,NEWLANDS ON NBD,201447011,28/10/2014,Tue,2153,DA,CS1,111A 131A 414A ,G,M,D,DO,L , ,N,N,80,0,0,0,,,1751458,5433728
Wellington City,NEWLANDS OFF NBD,140,W, ,NEWLANDS ROAD,201416959,18/10/2014,Sat,211,CB,CW1,103A 129A ,GI,R,D,DO,F , ,N,R,50,0,0,1,,,1751643,5433928
Wellington City,NEWLANDS OFF SBD,150,W, ,NEWLANDS ROAD,201432796,04/03/2014,Tue,1851,DB,CS1,131A 500A 901 ,X,E,W,TO,H , , ,R,80,0,0,0,,,1751718,5433999
Wellington City,NEWLANDS ON NBD,30,S, ,SH 1N,201436267,20/05/2014,Tue,1347,DB,CS1,131A 501A ,G,S,D,B ,F , , ,N,70,0,0,0,,,1751552,5433828
Wellington City,NEWLANDS ROAD,20,N, ,BLACK ROCK ROAD,201438299,22/06/2014,Sun,155,CB,CS1C,410A ,M,R,D,DO,F , ,N,P,50,0,0,0,,,1752428,5434314
Wellington City,NEWLANDS ROAD,100,N, ,BLACK ROCK ROAD,201416895,15/10/2014,Wed,1424,PC,CN1E,308A 375A 929 ,,R,D,B ,F ,D,N,C,50,0,0,1,49,,1752456,5434388
Wellington City,NEWLANDS ROAD,20,W, ,BRACKEN ROAD,201448291,15/12/2014,Mon,2020,MA,CW1C,373B ,,R,D,O ,F , ,N,C,50,0,0,0,,,1752844,5434821
Wellington City,NEWLANDS ROAD,70,W, ,BRACKEN ROAD,201442482,03/08/2014,Sun,1825,ME,CE1C,371B ,,R,W,DO,L , ,N,C,50,0,0,0,,,1752797,5434805
Wellington City,NEWLANDS ROAD,170,W, ,BRACKEN ROAD,201439832,03/07/2014,Thu,1535,EA,CE1CCC,129A 386A ,M,R,D,B ,F , , ,C,50,0,0,0,,,1752701,5434776
Wellington City,NEWLANDS ROAD,200,W, ,BRACKEN ROAD,201448128,21/11/2014,Fri,1428,EA,CE1C,129A ,M,E,D,B ,FS, , ,C,50,0,0,0,,,1752675,5434762
Wellington City,NEWLANDS ROAD,, ,I,BRACKEN ROAD,201430099,04/02/2014,Tue,1810,HA,CS2C,302A ,,E,D,BF,F ,R,G,R,50,0,0,0,,,1752868,5434842
Wellington City,NEWLANDS ROAD,30,E, ,HURRING PLACE,201436089,15/05/2014,Thu,715,AC,TE1S,372A 671A ,,E, , F,  , ,N,N,80,0,0,0,,,1751974,5433980
Wellington City,NEWLANDS ROAD,60,E, ,HURRING PLACE,201434616,04/04/2014,Fri,1615,EA,CN1C,129A ,M,E, , F,  , ,N,C,50,0,0,0,,,1752000,5433995
Wellington City,NEWLANDS ROAD,, ,I,SALFORD ST,201434871,20/03/2014,Thu,842,KB,CS1C,301B 353B ,,R,D,BF,F ,T,S,P,50,0,0,0,,,1752393,5434215
Wellington City,NEWLANDS ROAD,5,N, ,STELLA GROVE,201416516,10/09/2014,Wed,720,BE,CN1C,410A 414A ,,R,D,BF,F ,T,N,C,50,0,0,1,,,1752496,5434547
Wellington City,NEWLANDS ROAD,, ,I,WAKELY ROAD,201447288,28/09/2014,Sun,745,DA,CS1,111A 131A ,CT,M,W,O ,L ,T,G,C,50,0,0,0,,,1752367,5434126
Wellington City,NEWLANDS ROAD,, ,I,WESTLEIGH WAY,201414956,29/06/2014,Sun,1901,QD,CS1,428A ,C,E,W,DO,L ,T,N,C,50,0,0,1,,,1752509,5434590
Wellington City,NGAIO GORGE ROAD,, ,I,KAIWHARAWHARA ROAD,201440017,09/07/2014,Wed,1415,DA,CN2C,122A 131A ,,M,D,BF,F ,T,G,R,50,0,0,0,,,1749073,5431191
Wellington City,NGAIO GORGE ROAD,130,E, ,PERTH ST,201438543,25/05/2014,Sun,1645,DA,MS1,131A 903 ,,S,D,O ,FS, , ,C,50,0,0,0,,,1748565,5431236
Wellington City,NORMAN LANE,40,W, ,CHAPMAN LANE,201435075,03/05/2014,Sat,750,MO,CE14,371A 930 ,M,R,D,B ,F , ,N,C,50,0,0,0,,,1751568,5434915
Wellington City,NORTHLAND ROAD,10,E, ,GARDEN ROAD W,201441334,10/07/2014,Thu,2025,MO,CW1C,197A 103B 371B 929 ,,E,D,DO,F ,D, ,C,50,0,0,0,,,1747195,5428304
Wellington City,NORTHLAND ROAD,, ,I,GARDEN ROAD W,201415452,10/08/2014,Sun,1605,GB,CW1M,175A 330A 372A 387B ,,S,D,O ,F ,T,G,C,50,0,1,0,,,1747185,5428305
Wellington City,NORTHLAND ROAD,, ,I,GARDEN ROAD W,201410877,26/02/2014,Wed,753,LB,SW1C,303B 363B 902 ,I,R,D,B ,F ,T,G,R,50,0,1,0,,36,1747185,5428305
Wellington City,OHARIU ROAD,60,N, ,CLIFFORD ROAD,201439465,30/06/2014,Mon,1105,CC,VN1,134A 197A 358A ,C,R,W,O ,H , ,N,C,50,0,0,0,,,1751109,5435527
Wellington City,OHARIU ROAD,20,S, ,CLIFFORD ROAD,201415516,16/08/2014,Sat,1306,EA,MN1C,129A 191A 402A ,M,E,D,O ,F , , ,C,50,0,1,0,,,1751115,5435448
Wellington City,OHARIU VALLEY ROAD,300,N, ,CORTINA AVENUE,201415014,13/07/2014,Sun,1352,DA,PS1,131A 420A 648A ,P,S,W,O ,L , , ,C,50,0,0,1,,,1750575,5436087
Wellington City,OHARIU VALLEY ROAD,1200,N, ,RIFLE RANGE ROAD,201412151,02/04/2014,Wed,1134,AD,MS1,131A 812 ,,M,D,O ,F , , ,C,50,0,1,0,,,1749172,5437476
Wellington City,OHARIU VALLEY ROAD,800,W, ,RIFLE RANGE ROAD,201439186,15/06/2014,Sun,1120,DA,CN1,137A 195A ,C,E,D,O ,F , ,N,C,80,0,0,0,,,1748947,5437146
Wellington City,OHARIU VALLEY ROAD,, ,I,TAKARAU GORGE ROAD,201432795,27/02/2014,Thu,751,CB,VE1,103A 197A 205A ,S,R,D,B ,F ,X,G,C,50,0,0,0,,,1748719,5436459
Wellington City,OHIRO ROAD,, ,I,BROOKLYN ROAD,201413137,10/05/2014,Sat,1523,LB,CS1S,302A ,,E,D,B ,F ,T,G,C,50,0,1,0,,22,1747693,5426137
Wellington City,OHIRO ROAD,20,S, ,CLEVELAND ST,201448609,01/12/2014,Mon,841,QO,TS1CC,330A 663A 801 ,M,R,W,O ,L , , ,C,50,0,0,0,,,1747615,5425825
Wellington City,OHIRO ROAD,80,S, ,MAARAMA CRESCENT,201439834,18/06/2014,Wed,1647,CA,VN1CCV,136A 669A ,M,R,D,TF,F , , ,C,50,0,0,0,,,1748000,5426636
Wellington City,OHIRO ROAD,100,N, ,STOCK ST,201449234,28/11/2014,Fri,2015,EA,CS1CC,129A 130A 804 ,MM,E,W,DO,L , , ,C,50,0,0,0,,,1747437,5424947
Wellington City,OHIRO ROAD,5,N, ,TAFT ST,201432900,28/02/2014,Fri,2150,EA,CN1C,129A 380A 443B 801 ,M,E,W,DO,L ,T, ,C,50,0,0,0,,,1747551,5425483
Wellington City,OHIRO ROAD,, ,I,TANERA CRESCENT N,201430703,26/01/2014,Sun,1700,MO,CN1C,371A ,M,E,W,OF,H ,Y,N,C,50,0,0,0,,,1747783,5426342
Wellington City,OHIRO ROAD,, ,I,TODMAN ST,201440633,08/07/2014,Tue,1800,LB,CN14,303B ,,E,D,DO,F ,X,T,C,50,0,0,0,,,1747614,5425845
Wellington City,OHIRO ROAD,, ,I,TODMAN ST,201445648,15/10/2014,Wed,1500,LB,CN1C,303B ,,R,D,B ,F ,X,T,C,50,0,0,0,,,1747614,5425845
Wellington City,OLD BUCKLE ST,20,E, ,TARANAKI ST,201436075,17/05/2014,Sat,1300,FD,CW1C,129A ,,R, , F,  , ,N,C,50,0,0,0,,,1748697,5426638
Wellington City,OLD BUCKLE ST,, ,I,TARANAKI ST,201430528,31/01/2014,Fri,1609,CB,VW1,501A 817 ,G,R,D,B ,F ,X,T,C,50,0,0,0,,,1748679,5426647
Wellington City,OLD BUCKLE ST,, ,I,TARANAKI ST,201439905,19/06/2014,Thu,1600,AA,CN1C,372A ,,R,D,BN,F ,X,T,N,50,0,0,0,,,1748679,5426647
Wellington City,OLD BUCKLE ST,200,W, ,TASMAN ST,201435864,08/04/2014,Tue,1300,CA,CW1V,130A ,G,R,W,OF,H , ,N,R,100,0,0,0,,,1748698,5426638
Wellington City,OLD BUCKLE ST,10,E, ,TORY ST,201442636,03/05/2014,Sat,1457,FE,CW1CC,331A 351A ,,R,D,BF,F ,X,T,C,50,0,0,0,,,1748888,5426548
Wellington City,OLD BUCKLE ST,15,W, ,TORY ST,201446252,25/09/2014,Thu,1238,FD,CW1CC,181A ,,R,D,BF,F , ,N,R,50,0,0,0,,,1748866,5426559
Wellington City,OLD PORIRUA ROAD,250,E, ,CAPTAIN EDWARD DANIELL DR,201448261,05/12/2014,Fri,1545,BB,CS1C,120A 120B 831 ,,S,D,B ,F , ,N,N,50,0,0,0,,,1749109,5431323
Wellington City,ONEPU ROAD,15,N, ,APU CRESCENT N,201448675,05/12/2014,Fri,1710,MA,TS1C,373B ,,R,D,B ,F ,T,G,P,50,0,0,0,,,1750249,5423466
Wellington City,ONEPU ROAD,20,S, ,APU CRESCENT N,201436097,23/04/2014,Wed,435,EA,CS1C,103A 129A ,M,R,D,DO,F , ,N,P,50,0,0,0,,,1750248,5423431
Wellington City,ONEPU ROAD,70,S, ,COUTTS ST,201446284,07/10/2014,Tue,1038,GB,VS1C,387A 141B 929 ,,R,D,BF,F ,D,N,C,50,0,0,0,,,1750270,5424079
Wellington City,ONEPU ROAD,10,N, ,LYALL PARADE,201414925,09/06/2014,Mon,1534,AA,SN1C,372A ,,R,W,OF,H ,R,G,C,50,0,0,1,,59,1750242,5423170
Wellington City,ONEPU ROAD,, ,I,LYALL PARADE,201430796,16/02/2014,Sun,1200,HA,SE2C,327A 817 ,,E,D,BF,F ,R,G,R,50,0,0,0,,,1750250,5423153
Wellington City,ONEPU ROAD,20,S, ,RONGOTAI ROAD,201440549,26/07/2014,Sat,1330,MO,VS1C,353A 371A 386A 927 ,,R,D,O ,F ,D, ,C,50,0,0,0,,,1750341,5424345
Wellington City,ONEPU ROAD,120,S, ,RONGOTAI ROAD,201437545,24/05/2014,Sat,1445,EA,CS1C,129A ,M,R,D,B ,F , , ,C,50,0,0,0,,,1750314,5424249
Wellington City,ONSLOW ROAD,80,N, ,HOMEBUSH ROAD,201410196,19/01/2014,Sun,2216,DB,4S1,101A 129A 131A ,C,E,D,DO,F , , ,C,50,0,0,1,,,1751181,5431888
Wellington City,ONSLOW ROAD,50,S, ,LOHIA ST,201416529,01/10/2014,Wed,1630,AO,CN1S,183A 386A ,,E,D,BF,F , ,N,C,50,0,0,1,,50,1751106,5431941
Wellington City,ORANGI KAUPAPA ROAD,30,E, ,GARDEN ROAD,201443410,13/09/2014,Sat,4,MG,CE1X,330A 330B 371B ,,R,W,DO,L , ,N,C,50,0,0,0,,,1747534,5428399
Wellington City,ORIENTAL PARADE,10,N, ,CABLE ST,201450624,12/02/2014,Wed,1737,JO,CN1S,308A 204B 359B 929 ,,R,D,B ,F ,D,N,R,50,0,0,0,,,1749495,5427232
Wellington City,ORIENTAL PARADE,, ,I,CABLE ST,201446359,26/09/2014,Fri,1252,KB,TS1C,322B 423B ,,R,D,OF,F ,M,T,R,50,0,0,0,,,1749487,5427226
Wellington City,ORIENTAL PARADE,80,S, ,CARLTON GORE ROAD,201417595,12/11/2014,Wed,759,EE,SS1C,374B ,Q,R,D,BF,F , ,N,C,50,0,0,1,,39,1750640,5427661
Wellington City,ORIENTAL PARADE,15,E, ,FREYBERG POOL CPK ENT,201434139,08/04/2014,Tue,1919,MC,CE1C,372B 901 903 ,,R,W,DO,HS, ,N,C,50,0,0,0,,,1749958,5427424
Wellington City,ORIENTAL PARADE,60,N, ,GRASS ST,201445610,07/09/2014,Sun,1649,MO,CS1,130A ,F,R,D,B ,F , , ,C,40,0,0,0,,,1750450,5427450
Wellington City,ORIENTAL PARADE,230,W, ,HAY ST,201433401,17/03/2014,Mon,1740,MO,CW1C,385A ,M,R,D,OF,F , ,N,C,50,0,0,0,,,1750051,5427396
Wellington City,ORIENTAL PARADE,50,E, ,HERD ST,201411551,25/02/2014,Tue,859,MC,SW1C,372B ,,E,D,BF,F , ,N,P,50,0,0,1,,30,1749640,5427318
Wellington City,ORIENTAL PARADE,100,E, ,HERD ST,201417866,26/11/2014,Wed,1804,MF,SE1V,330B ,,R,D,B ,F , , ,X,40,0,1,0,,33,1749690,5427321
Wellington City,ORIENTAL PARADE,180,E, ,HERD ST,201434454,11/04/2014,Fri,2320,EA,CW1C,102A 358A ,M,R,D,DO,F , , ,P,40,0,0,0,,,1749770,5427328
Wellington City,ORIENTAL PARADE,200,E, ,HERD ST,201415878,17/09/2014,Wed,1114,JA,ME1CC,301B 927 ,,R,D,B ,F ,D,S,P,40,0,0,1,,,1749789,5427330
Wellington City,ORIENTAL PARADE,, ,I,HERD ST,201413156,12/04/2014,Sat,814,GC,BN1S,174B 372B 929 ,,M,D,O ,F ,D,G,P,50,0,0,1,,27,1749590,5427314
Wellington City,ORIENTAL PARADE,30,W, ,ORIENTAL TERRACE,201438109,08/05/2014,Thu,1447,FD,CE14V,101A 181A ,,R,D,BF,F , ,N,C,50,0,0,0,,,1750144,5427353
Wellington City,ORIENTAL PARADE,, ,I,ORIENTAL TERRACE,201449650,21/12/2014,Sun,1300,GE,SE1C,157A 160A ,,R,D,B ,F ,T,G,C,50,0,0,0,,,1750174,5427350
Wellington City,ORIENTAL PARADE,60,E, ,ORIENTAL TERRACE E,201415399,01/09/2014,Mon,1310,FD,CE1C,331A 350A ,,R,D,B ,F , ,N,C,40,0,0,1,,,1750233,5427354
Wellington City,ORIENTAL PARADE,, ,I,ORIENTAL TERRACE N,201412265,09/04/2014,Wed,915,LB,SW1CX,303B 375B ,,E,W,O ,L ,T,G,C,40,0,0,1,,,1750174,5427350
Wellington City,OTTAWA ROAD,20,S, ,AWARUA ST,201411909,20/03/2014,Thu,1450,AO,TS1S,129A 183A ,,E,D,BF,F , ,N,C,50,0,0,1,,39,1748688,5432213
Wellington City,OTTAWA ROAD,, ,I,AWARUA ST,201411786,31/03/2014,Mon,812,FB,SS14,181A ,IP,R,D,B ,F ,R,G,R,50,0,0,1,,42,1748696,5432225
Wellington City,OWEN ST,5,S, ,BALMORAL TERRACE,201433782,04/04/2014,Fri,2009,MO,4S1C,351A 371A ,M,R,D,DO,F ,T,N,C,50,0,0,0,,,1749432,5424641
Wellington City,OWEN ST,20,N, ,CONSTABLE ST,201430908,27/02/2014,Thu,835,FE,CS14,181A ,,R,D,BF,F , ,T,C,50,0,0,0,,,1749360,5424984
Wellington City,OWEN ST,, ,I,HARPER ST,201413311,03/05/2014,Sat,1230,GE,MS1C,160A ,,E,D,O ,F ,T,G,C,50,0,0,1,,,1749400,5424797
Wellington City,OWEN ST,40,N, ,LAWRENCE ST,201446286,15/10/2014,Wed,1521,JA,CN1C,308B 382B 929 ,,R,D,BF,F ,D,N,C,50,0,0,0,,,1749441,5424596
Wellington City,OWHIRO BAY PARADE,30,W, ,SEVERN ST,201410417,02/02/2014,Sun,1640,DB,CE1,103A 131A ,K,M,D,B ,F ,T,N,C,50,0,0,1,,,1747313,5421147
Wellington City,PALLISER ROAD,120,N, ,ROSENEATH TERRACE,201410738,25/03/2014,Tue,845,FA,SW1X,111A 181A 371B ,,M,D,B ,F , ,N,C,50,0,0,1,,37,1750653,5427229
Wellington City,PANAMA ST,25,E, ,LAMBTON QUAY,201436928,22/04/2014,Tue,2120,MO,4E1C,371A ,M,R,D,DO,F , , ,N,50,0,0,0,,,1748702,5428217
Wellington City,PARK ROAD,50,N, ,BRUSSELS ST,201415950,31/07/2014,Thu,220,EA,CS1V,101A 129A 130A ,M,R,D,DO,F , , ,C,50,0,0,1,,,1752239,5424899
Wellington City,PARK ROAD,25,S, ,WHANGANUI ST,201434459,17/04/2014,Thu,1515,MA,VS1C,373B 801 ,,R,W,O ,L , , ,C,50,0,0,0,,,1752531,5425501
Wellington City,PIPITEA ST,, ,I,MULGRAVE ST,201411005,19/02/2014,Wed,1621,LB,MW1C,534A 303B 375B ,,R,D,B ,F ,X,T,C,50,0,0,1,,,1749061,5429129
Wellington City,PIPITEA ST,25,W, ,MURPHY ST,201439188,17/06/2014,Tue,1015,MO,TN1,386A ,P,M,D,B ,F , ,N,N,50,0,0,0,,,1749036,5429130
Wellington City,PIRIE ST,80,E, ,AUSTIN ST,201438175,25/05/2014,Sun,236,BA,CW1CC,129A 351A ,MM,R,D,DO,F , ,N,C,50,0,0,0,,,1749690,5426513
Wellington City,PIRIE ST,, ,I,AUSTIN ST,201433179,18/03/2014,Tue,900,HA,CS2CV,301A ,M,E,W,O ,L ,X,S,C,50,0,0,0,,,1749617,5426545
Wellington City,PIRIE ST,, ,I,AUSTIN ST,201443452,12/09/2014,Fri,913,HA,VS2B,301A 377A 838 ,,R,D,B ,F ,X,S,C,50,0,0,0,,,1749617,5426545
Wellington City,PIRIE ST,50,W, ,BROUGHAM ST,201431136,26/02/2014,Wed,1225,MO,OE1C,386A ,M,R,D,B ,F , ,N,N,50,0,0,0,,,1749375,5426654
Wellington City,PIRIE ST,, ,I,HANIA ST,201431501,15/01/2014,Wed,1220,GD,CE1C,181A ,,R,D,BF,F ,T,N,L,50,0,0,0,,,1749289,5426692
Wellington City,PRISCILLA CRESCENT,300,N, ,HALIFAX ST,201442673,26/08/2014,Tue,957,BF,CS1B,132A 407A ,,M,W,OF,F , ,N,L,50,0,0,0,,,1748029,5424164
Wellington City,QUEENS DRIVE,, ,I,COUTTS ST,201441192,21/07/2014,Mon,1803,EO,TN1,129A ,P,M,D,DO,F ,Y,N,C,50,0,0,0,,,1750145,5424182
Wellington City,QUEENS DRIVE,50,S, ,WHA ST,201446292,30/10/2014,Thu,1922,CB,CS1C,103A 136A 631A ,M,R,D,ON,F , ,N,C,50,0,0,0,,,1749982,5423483
Wellington City,RAJKOT TERRACE,, ,I,ORISSA CRESCENT,201432902,10/03/2014,Mon,1435,JA,CW1C,303B 375B 402B ,,M,D,B ,F ,T,N,L,50,0,0,0,,,1750563,5433343
Wellington City,RAKAU ROAD,200,S, ,MAREWA ROAD,201430749,07/02/2014,Fri,1950,EA,CN1C,129A ,M,E,D,BF,F , ,N,C,50,0,0,0,,,1750243,5426236
Wellington City,RANUI CRESCENT,200,E, ,INDUS ST,201438816,21/07/2014,Mon,1520,MO,CN1C,371A ,M,R, , F,  , ,N,N,50,0,0,0,,,1750822,5432340
Wellington City,RAROA CRESCENT,60,N, ,MOANA ROAD,201413888,07/04/2014,Mon,1346,DA,VN1,131A 410A 901 903 ,EFG,M,W,O ,HS, , ,C,50,0,0,1,,,1746962,5427905
Wellington City,RAROA CRESCENT,5,S, ,MOANA ROAD,201410741,24/03/2014,Mon,845,EA,SS1C,129A 350A ,M,E,D,B ,F ,T,N,C,50,0,0,1,,15,1747006,5427857
Wellington City,RAROA ROAD,, ,I,PLUNKET ST,201433868,13/03/2014,Thu,1009,FB,CN1M,181A ,,M,D,O ,F ,R,G,R,50,0,0,0,,,1747240,5427632
Wellington City,RAUKAWA ST,40,S, ,TAIAROA ST,201449236,29/11/2014,Sat,533,EA,CN1C,101A 129A ,M,R,D,B ,F , , ,R,50,0,0,0,,,1751993,5422797
Wellington City,RED ROCKS WALKWAY,4000,W, ,OWHIRO BAY PARADE,201417665,06/12/2014,Sat,1345,DA,40,138A 330A ,,E,D,B ,F , ,N,N,50,0,0,1,,,1746437,5421068
Wellington City,REDWOOD AVENUE,10,S, ,LANE CRESCENT,201433133,01/04/2014,Tue,810,MD,SS1M,308B 929 ,,R,D,B ,F ,D,N,N,50,0,0,0,,,1752829,5439784
Wellington City,RIDDIFORD ST,20,S, ,ADELAIDE ROAD,201436022,06/04/2014,Sun,2033,FE,CN1CC,103A 181A ,,R,D,DO,F , ,T,C,50,0,0,0,,,1748836,5425588
Wellington City,RIDDIFORD ST,100,S, ,ADELAIDE ROAD,201447013,29/10/2014,Wed,1827,FE,CN1C,181A ,,R,D,OF,F , ,T,P,50,0,0,0,,,1748852,5425510
Wellington City,RIDDIFORD ST,100,S, ,CHURCH AVENUE,201439063,19/06/2014,Thu,727,MC,CN1C,372B ,,R,D,DO,F , ,N,C,50,0,0,0,,,1748919,5425183
Wellington City,RIDDIFORD ST,30,N, ,CONSTABLE ST,201413945,13/06/2014,Fri,2350,CB,4N1,103A 130A ,P,R,D,DO,F , ,N,C,50,0,0,1,,,1748973,5424912
Wellington City,RIDDIFORD ST,5,S, ,CONSTABLE ST,201447920,07/11/2014,Fri,1145,FE,CN1C,181A ,,R,D,O ,F ,T,T,C,50,0,0,0,,,1748980,5424878
Wellington City,RIDDIFORD ST,, ,I,CONSTABLE ST,201414534,11/07/2014,Fri,607,LB,PS1C,303B 375B ,,R,D,TO,F ,T,T,C,50,0,0,1,,,1748979,5424883
Wellington City,RIDDIFORD ST,, ,I,CONSTABLE ST,201413949,09/06/2014,Mon,738,NB,CS1E,711B 718B ,,R,W,O ,F ,T,T,C,50,0,0,1,59,,1748979,5424883
Wellington City,RIDDIFORD ST,20,N, ,EMMETT ST,201430711,30/01/2014,Thu,1030,EA,CS1C,129A ,M,R,D,BF,F , ,N,C,50,0,0,0,,,1748929,5425118
Wellington City,RIDDIFORD ST,, ,I,EMMETT ST,201433400,01/03/2014,Sat,,FE,CS1S,181A ,,R,D,BF,F ,T,T,C,50,0,0,0,,,1748933,5425098
Wellington City,RIDDIFORD ST,30,N, ,GORDON ST,201413852,11/06/2014,Wed,1309,JA,CN1C,308B 375B 402B 801 922 ,,R,W,O ,L ,D, ,P,40,0,0,1,,,1749022,5424676
Wellington City,RIDDIFORD ST,15,N, ,GREEN ST,201433862,15/04/2014,Tue,1438,MA,VS1C,373B ,,R,D,O ,F , , ,C,50,0,0,0,,,1748942,5425055
Wellington City,RIDDIFORD ST,10,S, ,GREEN ST,201445876,23/10/2014,Thu,1228,MC,CN1C,372B ,,R,D,O ,F ,T,G,C,40,0,0,0,,,1748947,5425031
Wellington City,RIDDIFORD ST,40,S, ,GREEN ST,201440291,26/06/2014,Thu,1920,AA,TN1V,357A 372A 901 ,,R,W,DO,H , , ,P,50,0,0,0,,,1748953,5425001
Wellington City,RIDDIFORD ST,200,N, ,HALL ST,201416954,08/09/2014,Mon,844,NA,SN1E,306A ,,R,D,BF,F , ,T,X,50,0,0,1,74,,1748876,5425397
Wellington City,RIDDIFORD ST,, ,I,HALL ST,201417434,30/09/2014,Tue,1700,FE,CN1C,181A ,,R,D,BF,F ,X,T,C,50,0,0,1,,,1748917,5425201
Wellington City,RIDDIFORD ST,15,S, ,JOHN ST,201434867,18/03/2014,Tue,1155,FD,CN14C,181A ,,E,D,BF,F , ,N,C,50,0,0,0,,,1748835,5425593
Wellington City,RIDDIFORD ST,, ,I,JOHN ST,201441604,18/07/2014,Fri,2047,FE,CN1V,181A ,,R,D,DO,F ,X,T,C,50,0,0,0,,,1748832,5425608
Wellington City,RIDDIFORD ST,100,N, ,MEIN ST,201447889,07/10/2014,Tue,1335,MA,CS1C,373B ,,R,D,BF,F , ,N,P,50,0,0,0,,,1748896,5425299
Wellington City,RIDDIFORD ST,100,N, ,MEIN ST,201441332,05/07/2014,Sat,1100,LB,CS1C,303B 370B 930 ,,R,D,B ,F ,D, ,P,50,0,0,0,,,1748896,5425299
Wellington City,RIDDIFORD ST,, ,I,MEIN ST,201415444,03/09/2014,Wed,1840,GB,SN14,142B 330B 372B 927 ,,R,D,DO,F ,D,N,C,50,0,0,1,,,1748917,5425201
Wellington City,RIDDIFORD ST,20,S, ,NEWTOWN AVENUE,201441338,22/07/2014,Tue,1612,MA,4S1C,373B ,,R,D,O ,F , , ,C,50,0,0,0,,,1748996,5424804
Wellington City,RIDDIFORD ST,, ,I,NORMANBY ST,201417313,02/11/2014,Sun,1548,EA,CN1C,129A 130A ,M,R,D,O ,F ,T,G,R,40,0,0,1,,,1749005,5424757
Wellington City,RIDDIFORD ST,10,N, ,RHODES ST,201446251,02/09/2014,Tue,1830,JA,C,308B 375B 925 ,,R,D,DO,F ,D,N,N,50,0,0,0,,,1749041,5424567
Wellington City,RIDDIFORD ST,, ,I,RHODES ST,201410076,10/01/2014,Fri,230,DA,CS1,103A 111A 130A 812 ,SX,R,D,DO,F ,R,G,R,50,0,1,2,,,1749047,5424556
Wellington City,RIDDIFORD ST,20,N, ,RINTOUL ST,201447406,29/08/2014,Fri,1515,AA,CS1C,372A 381A ,,R,D,B ,F , ,N,C,40,0,0,0,,,1748925,5425142
Wellington City,RIDDIFORD ST,10,S, ,RINTOUL ST,201431317,01/03/2014,Sat,1245,AC,CN1V,372A ,,R,D,BF,F ,Y,T,C,50,0,0,0,,,1748930,5425112
Wellington City,RINTOUL ST,90,S, ,COLOMBO ST,201439453,03/07/2014,Thu,,EA,CS1C,386A ,M,R,D,B ,F , ,N,C,50,0,0,0,,,1748884,5424941
Wellington City,RINTOUL ST,15,N, ,LUXFORD ST,201411776,05/04/2014,Sat,800,MA,CS1C,373B ,,R,D,B ,F , , ,P,50,0,0,1,,,1748801,5424215
Wellington City,RINTOUL ST,, ,I,LUXFORD ST,201443332,05/09/2014,Fri,1550,BB,CS1C,124A ,,M,D,O ,L ,T,S,C,50,0,0,0,,,1748800,5424200
Wellington City,RINTOUL ST,10,S, ,RIDDIFORD ST,201433492,24/03/2014,Mon,1445,FF,CE1C,132A 427A ,,R,D,BF,F ,Y,T,C,50,0,0,0,,,1748926,5425113
Wellington City,RONGOTAI ROAD,20,E, ,BAY ROAD,201431960,03/03/2014,Mon,1724,MA,BE1C,373B ,,R,W,OF,L , ,N,P,50,0,0,0,,,1750260,5424393
Wellington City,RONGOTAI ROAD,, ,I,BAY ROAD,201433792,09/04/2014,Wed,1132,FE,BE1X,331A ,,R,D,O ,F ,X,T,C,50,0,0,0,,,1750240,5424398
Wellington City,RONGOTAI ROAD,, ,I,MAHORA ST,201444812,05/10/2014,Sun,102,DA,CE1,111A 131A ,,M,D,DO,F ,T,G,R,50,0,0,0,,,1750448,5424354
Wellington City,RONGOTAI ROAD,, ,I,MAHORA ST,201436587,15/05/2014,Thu,1550,JA,CW1C,302B 335B 901 ,,R,W,O ,H ,T,G,R,50,0,0,0,,,1750445,5424343
Wellington City,RONGOTAI ROAD,15,W, ,TROY ST,201430862,14/02/2014,Fri,1530,FC,CE1C,181A ,,R,D,BF,F , ,N,X,50,0,0,0,,,1750786,5424262
Wellington City,ROSENEATH TERRACE,, ,I,THANE ROAD,201448770,26/11/2014,Wed,1524,BF,CN2C,131A 205A 197B ,,M,D,B ,F ,T,N,C,50,0,0,0,,,1750648,5427144
Wellington City,ROSS ST,30,S, ,COUTTS ST,201430709,03/01/2014,Fri,1400,MO,CS1C,385A 927 ,M,R,D,OF,F ,D,N,C,50,0,0,0,,,1750468,5424065
Wellington City,ROSS ST,110,S, ,RONGOTAI ROAD,201441729,11/08/2014,Mon,1757,GB,CS14,112A 158A 142B 175B 402B 901 929 ,,R,W,DO,H ,D,N,C,50,0,0,0,,,1750511,5424210