TLANAME,CRASHROAD,CRASHDIST,CRASHDIRN,INTSN,SIDEROAD,CRASHID,CRASHDATE,CRASHDOW,CRASHTIME,MVMT,VEHICLES,CAUSES,OBJECTSSTRUCK,ROADCURVE,ROADWET,LIGHT,WTHRa,JUNCTYPE,TRAFCTRL,ROADMARK,SPDLIM,CRASHFATALCNT,CRASHSEVCNT,CRASHMINCNT,PERSAGE1,PERSAGE2,EASTING,NORTHING
Wellington City,ROTHERHAM TERRACE,40,W, ,PARA ST,201447862,01/02/2014,Sat,1930,EA,BW1X,129A 671A ,Q,R,D,BF,F , ,N,P,50,0,0,0,,,1752566,5424934
Wellington City,ROXBURGH ST,70,N, ,HOOD ST,201444805,29/09/2014,Mon,1750,EA,CS1C,129A ,Q,M,D,BF,F , ,N,C,50,0,0,0,,,1749628,5427247
Wellington City,ROXBURGH ST,, ,I,MCFARLANE ST,201431316,28/02/2014,Fri,2150,EA,CN1C,129A ,M,R,W,DO,L ,T,N,P,50,0,0,0,,,1749676,5427186
Wellington City,ROY ST,5,E, ,MANSFIELD ST,201437841,27/05/2014,Tue,700,MO,CN1C,371A ,M,R,D,DO,F ,T,N, ,50,0,0,0,,,1749113,5424279
Wellington City,SALAMANCA ROAD,20,N, ,CLERMONT TERRACE,201435187,18/02/2014,Tue,1820,MA,XN1V,373B ,,M,D,O ,F , ,N,C,50,0,0,0,,,1748304,5428410
Wellington City,SALAMANCA ROAD,100,S, ,GLADSTONE TERRACE,201434455,15/04/2014,Tue,1730,MA,CS1C,371B ,,R,D,O ,F , , ,C,50,0,0,0,,,1748163,5428084
Wellington City,SALAMANCA ROAD,50,N, ,KELBURN PARADE,201444811,07/10/2014,Tue,1830,EA,CS1C,129A ,M,R,D,BF,F , ,N,C,50,0,0,0,,,1748139,5427947
Wellington City,SALFORD ST,, ,I,COTSWOLD CRESCENT E,201447217,15/11/2014,Sat,2100,EA,CS1C,129A ,M,R,D,DO,F ,T,N,C,50,0,0,0,,,1752195,5434371
Wellington City,SALFORD ST,, ,I,COTSWOLD CRESCENT E,201430856,08/01/2014,Wed,1810,EA,4S1CC,110A 197A 818 ,M,M,D,ON,F ,T,N,C,50,0,0,0,,,1752195,5434371
Wellington City,SANDYBROW,100,S, ,WAVERTON TERRACE,201439252,25/06/2014,Wed,2215,EA,CS1C,129A ,M,R,W,DO,L , , ,N,50,0,0,0,,,1750926,5437175
Wellington City,SEATOUN HEIGHTS ROAD,100,S, ,AWA ROAD,201414930,16/06/2014,Mon,1515,MO,CN1,421A 929 ,H,M,D,OF,F ,D,N,C,50,0,1,0,,,1752887,5424900
Wellington City,SERVICE LANE,40,E, ,SPICER PLACE,201412372,17/01/2014,Fri,1600,CA,PW1C,402A 420A 517A ,X,R,D,B ,F , , ,C,50,0,1,0,,,1754089,5441125
Wellington City,SEVERN ST,200,S, ,MOSELLE ST,201439831,30/06/2014,Mon,1740,EA,CE1C,129A 801 ,M,R,W,DO,L , , ,C,50,0,0,0,,,1747786,5421816
Wellington City,SH 1N,, ,I,TROY ST,201411550,08/03/2014,Sat,1412,DB,VN1,103A 131A ,GS,M,D,BF,F ,R,G,R,70,0,1,0,,,1750907,5424485
Wellington City,SH 1N,, ,A,UNKNOWN,201410808,13/02/2014,Thu,830,AC,CN1MC,330A 372A 671A 130B 197B ,,E,D,O ,F , , ,R,100,0,0,1,,,0,0
Wellington City,SHORT ST,, ,I,LIARDET ST,201410961,10/01/2014,Fri,1610,GD,MS1C,137A 331A ,,R,D,BF,F ,T,G,P,50,0,0,1,,,1748188,5425021
Wellington City,SIDLAW ST,110,E, ,KASTOS WAY,201417731,16/11/2014,Sun,1812,DB,PW1,131A 402A ,,E,D,B ,F , ,N,C,50,0,0,1,,,1752577,5422846
Wellington City,SILVERSTREAM ROAD,280,E, ,SPENCER ST W,201413375,29/05/2014,Thu,1940,EA,CW1C,129A 503A ,M,R,D,DO,F , , ,N,50,0,0,1,,,1747669,5431574
Wellington City,SIMLA CRESCENT,, ,I,KHANDALLAH ROAD,201414711,30/06/2014,Mon,620,JA,SE2C,302B 375B ,,R,D,DO,F ,X,G,C,50,0,0,1,,45,1749451,5432318
Wellington City,SLIP,50,N, ,HINEMOA ST,201431464,08/02/2014,Sat,1747,AA,VS1C,372A 200B ,,R,W,OF,L , ,N,P,50,0,0,0,,,1749448,5429028
Wellington City,SLIP,, ,I,HINEMOA ST,201437059,14/05/2014,Wed,907,LB,CS1C,303B ,,R,D,O ,F ,X,T,R,50,0,0,0,,,1749417,5428989
Wellington City,SOUTH KARORI ROAD,70,S, ,KARORI ROAD,201450971,24/01/2014,Fri,28,MO,CN1C,103A 371A ,M,R,D,DO,F , ,N,C,50,0,0,0,,,,
Wellington City,SPRINGFIELD TERRACE,, ,I,KELBURN PARADE,201441309,31/07/2014,Thu,1430,EA,VS1C,371A ,M,R,D,O ,F ,T,N,C,50,0,0,0,,,1747835,5427364
Wellington City,STAFFORD ST,15,N, ,PORT ST,201430705,30/01/2014,Thu,2100,EA,CS1C,129A ,M,R,D,DO,F , ,N,C,50,0,0,0,,,1749794,5426959
Wellington City,STEWART DRIVE,, ,I,BRACKEN ROAD,201443413,04/09/2014,Thu,930,FB,VN1C,351A 387A ,,R,D,B ,F ,T,G,R,50,0,0,0,,,1752836,5434948
Wellington City,STEWART DRIVE,10,E, ,FITZPATRICK ST,201444684,03/10/2014,Fri,945,MB,CW1C,372B ,,R,D,B ,F ,T,N,C,50,0,0,0,,,1752301,5435091
Wellington City,STEWART DRIVE,100,S, ,TED GILBERD PLACE,201411119,26/03/2014,Wed,1132,MC,ME1C,387A 372B ,,E,D,B ,F , , ,C,50,0,0,1,,,1752110,5435005
Wellington City,STOKE ST,, ,I,TREVOR TERRACE,201451071,24/12/2014,Wed,1744,MD,CW1C,341B 929 ,,R,D,BF,F ,D,N,C,50,0,0,0,,,1748711,5424851
Wellington City,STOUT ST,, ,I,WHITMORE ST,201441736,05/08/2014,Tue,1533,HA,VN1C,322A 334A ,,R,D,B ,F ,X,T,R,50,0,0,0,,,1748881,5428585
Wellington City,STRATHMORE AVENUE,, ,I,BROADWAY,201415647,04/09/2014,Thu,826,NA,CN1E,353A 711B ,,E,D,O ,F ,R,G,R,30,0,0,1,13,,1752343,5423606
Wellington City,SUTHERLAND CRESCENT,300,S, ,MANCHESTER ST,201438499,12/06/2014,Thu,1028,EA,VW1C,129A 517A ,M,E,D,O ,F , , ,N,50,0,0,0,,,1749527,5423772
Wellington City,SUTHERLAND ROAD,, ,I,RODRIGO ROAD,201433180,03/03/2014,Mon,1344,FD,CE1C,331A ,,E,D,B ,F ,T,G,C,50,0,0,0,,,1749709,5423892
Wellington City,SUTHERLAND ROAD,, ,I,RUA ST,201433499,09/03/2014,Sun,300,DA,4W2CB,103A 131A ,,R,D,DO,F ,X,G,R,50,0,0,0,,,1749808,5422953
Wellington City,TAKAPU ROAD,, ,I,TAWA OFF SBD,201446636,24/09/2014,Wed,2030,HA,CS1C,302A ,,R,D,DO,F ,X,G,C,50,0,0,0,,,1753701,5439145
Wellington City,TARANAKI ST,, ,I,ABEL SMITH ST,201416197,11/08/2014,Mon,1642,DC,TE2EEC,130A 514A 517A ,KM,R,D,TF,F ,T,N,C,50,0,0,2,19,,1748721,5426755
Wellington City,TARANAKI ST,25,N, ,CABLE ST,201437849,24/04/2014,Thu,1600,EO,TS1,330A 350A ,S,R,D,B ,F , ,N,C,50,0,0,0,,,1749062,5427495
Wellington City,TARANAKI ST,15,S, ,CABLE ST,201441315,04/08/2014,Mon,1620,EA,CN1V,112A 129A 330A ,M,R,D,O ,F , , ,C,50,0,0,0,,,1749045,5427459
Wellington City,TARANAKI ST,20,S, ,COURTENAY PLACE,201416613,06/10/2014,Mon,1510,NA,CN1E,713B 714B 801 ,,R,W,O ,L , , ,C,50,0,0,1,21,,1748940,5427229
Wellington City,TARANAKI ST,5,N, ,GHUZNEE ST,201416966,09/10/2014,Thu,730,AA,SS1C,372A ,,R,D,BF,F ,M,T,R,50,0,0,1,,39,1748868,5427084
Wellington City,TARANAKI ST,, ,I,GHUZNEE ST,201435015,20/03/2014,Thu,915,JO,CE1C,377A 313B 830 ,,R,D,B ,F ,T,N,C,50,0,0,0,,,1748866,5427080
Wellington City,TARANAKI ST,, ,I,HAINING ST,201443330,09/09/2014,Tue,1735,KA,CS1C,303B 363B 902 ,,E,D,B ,F ,T,N,C,50,0,0,0,,,1748749,5426818
Wellington City,TARANAKI ST,20,N, ,HANKEY ST,201415981,02/09/2014,Tue,2226,MC,SN1C,372B ,,M,D,DO,F , , ,R,50,0,0,1,,19,1748514,5426282
Wellington City,TARANAKI ST,130,N, ,HANKEY ST,201443638,02/09/2014,Tue,1410,KA,VN1C,308B 330B 927 ,,R,D,O ,F ,D,N,C,50,0,0,0,,,1748560,5426382
Wellington City,TARANAKI ST,200,N, ,HANKEY ST,201413457,25/06/2014,Wed,1305,NB,VS1E,713B 732B ,,R,W,O ,L , , ,X,50,0,0,1,24,,1748588,5426446
Wellington City,TARANAKI ST,, ,I,OLD BUCKLE ST,201435616,30/04/2014,Wed,2300,FE,CS1V,331A 350A ,,R,D,DO,F ,X,T,C,50,0,0,0,,,1748679,5426647
Wellington City,TARANAKI ST,20,S, ,SH 1N,201444170,17/07/2014,Thu,1515,FF,CS1C,387A ,,R,W,OF,L , ,N,C,50,0,0,0,,,1748670,5426629
Wellington City,TARANAKI ST,200,S, ,WEBB ST,201411801,03/03/2014,Mon,915,NA,CN1E,306A ,,R,D,BF,F , ,N,C,50,0,1,0,30,,1748573,5426409
Wellington City,TARANAKI ST,, ,I,WIGAN ST,201436586,16/05/2014,Fri,1756,GE,CS1C,160A 410A ,,R,D,DO,F ,T,N,P,50,0,0,0,,,1748745,5426809
Wellington City,TASMAN ST,10,S, ,RUGBY ST,201439197,21/05/2014,Wed,358,MO,CS1,514A 930 ,F,E,D,DO,F ,D,N,N,70,0,0,0,,,1748832,5426351
Wellington City,TASMAN ST,, ,I,WALLACE ST,201431314,28/02/2014,Fri,1800,JA,ME2C,302B 377B ,,R,D,OF,F ,T,G,P,50,0,0,0,,,1748696,5425620
Wellington City,TASMAN ST,80,S, ,YALE ROAD,201446968,13/07/2014,Sun,,CB,CS1C,103A 130A ,M,R,D,DO,FS, ,N,C,50,0,0,0,,,1748699,5425822
Wellington City,TAURIMA ST,, ,I,MOXHAM AVENUE,201445322,09/09/2014,Tue,1730,GA,CE1V,181A 331A ,,R,D,B ,F ,T,G,C,30,0,0,0,,,1750176,5425875
Wellington City,TAURIMA ST,15,E, ,SH 1N,201448279,15/12/2014,Mon,1718,FD,TW1CC,331A 358A ,,R,D,B ,F ,T,N,C,50,0,0,0,,,1750057,5425890
Wellington City,TAVISTOCK ROAD,140,E, ,SUTHERLAND ROAD,201445500,11/10/2014,Sat,1215,MO,400000000000000,371A ,M,E,D,B ,F , , ,N,50,0,0,0,,,1749852,5423556
Wellington City,TAWA OFF SBD,, ,I,TAKAPU ROAD,201437693,30/05/2014,Fri,1220,FB,VS1T,111A 181A 331A ,,E,D,O ,F ,X,G,C,50,0,0,0,,,1753701,5439145
Wellington City,TAWA OFF SBD,, ,I,TAKAPU ROAD,201447297,11/11/2014,Tue,1424,LB,VE1C,303B ,,R,D,B ,FS,X,G,C,50,0,0,0,,,1753701,5439145
Wellington City,TAYLOR TERRACE,80,S, ,MORGAN PLACE,201447292,17/08/2014,Sun,212,CA,CS1CC4,103A 130A ,MM,R,D,DF,F , , ,C,50,0,0,0,,,1753345,5439959
Wellington City,TED GILBERD PLACE,50,N, ,STEWART DRIVE,201446751,19/09/2014,Fri,842,BC,CS1V,121A 131A ,,M,D,B ,F , ,N,C,50,0,0,0,,,1752135,5435114
Wellington City,TENNYSON ST,20,E, ,TORY ST,201440021,13/07/2014,Sun,1330,MO,CW1C,385A ,M,R,D,BF,F , ,N,C,50,0,0,0,,,1749094,5426993
Wellington City,THAMES ST,20,E, ,CLYDE ST,201441813,07/08/2014,Thu,830,MO,CE1C,371A ,M,R,D,O ,F , , ,N,50,0,0,0,,,1748522,5422499
Wellington City,THE ESPLANADE,400,E, ,BRIGHTON ST,201439569,26/06/2014,Thu,2300,BF,CE1V,101A 111A 198A ,,E,W,DO,L , , ,C,50,0,0,0,,,1748710,5421418
Wellington City,THE PARADE,, ,I,AVON ST,201433740,22/03/2014,Sat,1855,MA,XS1B,373B ,,R,D,O ,F ,T,G,C,50,0,0,0,,,1748403,5422714
Wellington City,THE PARADE,30,S, ,DEE ST,201440033,26/06/2014,Thu,1745,MA,CS1C,372B ,,E,W,DO,H , ,N,R,50,0,0,0,,,1748448,5423155
Wellington City,THE PARADE,, ,I,HUMBER ST,201438198,14/05/2014,Wed,900,HA,CS1C,302B 377B ,,R,W,OF,L ,X,G,C,50,0,0,0,,,1748199,5421925
Wellington City,THE PARADE,15,S, ,MEDWAY ST,201445618,03/10/2014,Fri,1006,GD,CS1C,181A 331A 926 ,,R,W,B ,F ,D,N,C,30,0,0,0,,,1748385,5422538
Wellington City,THE PARADE,, ,I,REEF ST,201447888,16/10/2014,Thu,15,DB,CS14,111A 131A 514A ,M,R,D,DO,F ,Y,N,C,50,0,0,0,,,1748107,5421660
Wellington City,THE RIDGEWAY,, ,I,FARNHAM ST,201447421,16/11/2014,Sun,2250,DB,CS1,103A 111A ,FHT,R,D,TO,F ,T,N,C,50,0,0,0,,,1747651,5424445
Wellington City,THE TERRACE,10,N, ,AURORA TERRACE,201441330,18/06/2014,Wed,1200,MO,CS1C,386A ,M,R,D,O ,F ,T,G,C,50,0,0,0,,,1748657,5428516
Wellington City,THE TERRACE,, ,I,DALMUIR LANE,201416262,01/10/2014,Wed,1755,JA,SN14,302B ,,R,D,B ,F ,T,G,C,50,0,0,1,,28,1748620,5428304
Wellington City,THE TERRACE,10,N, ,DIXON ST,201442395,30/08/2014,Sat,1045,EA,TS1C,386A ,M,E,D,B ,F ,T,N,C,50,0,0,0,,,1748332,5427534
Wellington City,THE TERRACE,10,S, ,DIXON ST,201415450,15/08/2014,Fri,2025,NA,CS1E,194A 719B ,,E,W,DO,L ,T,N,C,50,0,0,1,23,,1748324,5427516
Wellington City,THE TERRACE,15,N, ,EVERTON TERRACE,201445299,02/10/2014,Thu,1027,MA,VN1CV,191A 373B 181C ,,R,D,O ,F , , ,R,50,0,0,0,,,1748536,5428043
Wellington City,THE TERRACE,150,N, ,EVERTON TERRACE,201440816,31/07/2014,Thu,707,KB,VN1C,308B 927 ,,R,D,TF,F ,D,N,N,50,0,0,0,,,1748579,5428170
Wellington City,THE TERRACE,, ,I,EVERTON TERRACE,201447409,06/11/2014,Thu,1620,FE,CN1C,181A ,,R,D,O ,F ,T,T,R,50,0,0,0,,,1748531,5428029
Wellington City,THE TERRACE,, ,I,MACDONALD CRESCENT,201443603,29/08/2014,Fri,1515,KB,CN1V,301B ,,R,D,B ,F ,T,S,C,50,0,0,0,,,1748304,5427470
Wellington City,THE TERRACE,5,S, ,MOUNT ST,201441438,12/06/2014,Thu,1205,MB,CS1C,372B ,,R,D,O ,F ,T,T,C,50,0,0,0,,,1748368,5427634
Wellington City,THE TERRACE,50,N, ,SALAMANCA ROAD,201430701,05/02/2014,Wed,1640,EA,TS1C,129A ,M,R, , F,  , ,N,C,50,0,0,0,,,1748397,5427718
Wellington City,THE TERRACE,130,N, ,SALAMANCA ROAD,201412737,01/04/2014,Tue,820,NA,CN1E,711B 712B ,,R,D,BF,F , ,N,C,50,0,1,0,21,,1748427,5427792
Wellington City,THE TERRACE,150,N, ,SALAMANCA ROAD,201446757,28/10/2014,Tue,1828,MA,BN1CC,110B 373B ,M,R,D,O ,F , ,N,C,50,0,0,0,,,1748435,5427810
Wellington City,THE TERRACE,15,S, ,SALAMANCA ROAD,201446983,18/10/2014,Sat,2330,EA,TS1C,129A ,M,R,D,DO,F , ,N,C,50,0,0,0,,,1748376,5427656
Wellington City,THE TERRACE,25,S, ,SALAMANCA ROAD,201415142,11/08/2014,Mon,1515,MC,PS14,197A 372B 378B 832 901 ,,R,W,O ,H , , ,C,50,0,0,1,,,1748373,5427647
Wellington City,THE TERRACE,20,N, ,SHELL LANE,201450892,27/11/2014,Thu,1411,AA,CN1V,372A ,,R,D,BF,F , ,N,C,50,0,0,0,,,1748632,5428374
Wellington City,THE TERRACE,20,S, ,TERRACE OFF SBD,201411699,21/03/2014,Fri,703,FD,CS1C4,331A 352A ,,R,D,TO,F , ,N,R,50,0,0,1,,,1748571,5428145
Wellington City,THORNDON QUAY,200,N, ,DAVIS ST,201431493,05/03/2014,Wed,1038,AA,BS1C,372A ,,R,D,OF,FS, ,N,R,50,0,0,0,,,1749305,5429425
Wellington City,THORNDON QUAY,300,N, ,DAVIS ST,201410880,20/02/2014,Thu,1620,GB,SN1C,197A 355B 386B 927 ,,R,D,B ,F ,D, ,L,50,0,0,1,,51,1749266,5429517
Wellington City,THORNDON QUAY,300,N, ,DAVIS ST,201435863,11/04/2014,Fri,1014,AC,VS1M,372A ,,R,W,OF,F , ,N,C,50,0,0,0,,,1749266,5429517
Wellington City,THORNDON QUAY,500,N, ,DAVIS ST,201418719,22/12/2014,Mon,1500,GB,VS1P,175B 372B 927 ,,R,D,B ,F ,D, ,C,60,0,0,1,,,1749199,5429705
Wellington City,THORNDON QUAY,100,S, ,DAVIS ST,201449017,19/07/2014,Sat,1115,FC,CS1C,181A 387A 191B ,,R,D,OF,F , ,N,X,50,0,0,0,,,1749361,5429149
Wellington City,THORNDON QUAY,, ,I,FEATHERSTON ST,201412746,29/04/2014,Tue,1014,JA,CN1X,322A ,,R,W,OF,L ,T,T,R,50,0,0,1,,,1749084,5428833
Wellington City,THORNDON QUAY,50,N, ,MOORE ST,201412128,26/04/2014,Sat,1053,ME,SS1C,330B 372B ,,E,D,B ,F , , ,P,50,0,0,1,,33,1749265,5429080
Wellington City,THORNDON QUAY,30,W, ,MOORE ST,201435814,03/04/2014,Thu,810,FD,CW14,181A ,,E,D,BF,F , ,N,X,50,0,0,0,,,1749197,5429039
Wellington City,THORNDON QUAY,50,N, ,MULGRAVE ST,201432901,06/03/2014,Thu,921,ME,BS1C,372B ,,E,D,O ,F , , ,C,50,0,0,0,,,1749109,5428877
Wellington City,THORNDON QUAY,100,N, ,MULGRAVE ST,201438112,12/05/2014,Mon,1130,JA,CS14,308B 375B 927 ,,S,D,BF,F ,D,N,R,50,0,0,0,,,1749128,5428923
Wellington City,THORNDON QUAY,380,N, ,MULGRAVE ST,201432083,20/02/2014,Thu,1607,MO,BN1,371A ,P,R,D,B ,F , , ,P,50,0,0,0,,,1749320,5429108
Wellington City,THORNDON QUAY,, ,I,MULGRAVE ST,201438174,02/05/2014,Fri,825,KA,CN1B,302B 377B ,,R,D,BF,F ,T,G,P,50,0,0,0,,,1749084,5428833
Wellington City,THORNDON QUAY,60,S, ,TINAKORI ROAD,201410286,05/02/2014,Wed,1349,AC,VS1M,353A 381A ,,M,D,O ,F , ,N,L,50,0,0,1,,,1749192,5429950
Wellington City,THORNDON QUAY,100,S, ,TINAKORI ROAD,201440949,01/08/2014,Fri,1619,MC,BS1V,372B ,,R,D,BF,F , ,N,C,50,0,0,0,,,1749182,5429911
Wellington City,THORNDON QUAY,280,S, ,TINAKORI ROAD,201412474,07/03/2014,Fri,834,LB,SS1C,314B 377B 927 ,,R,D,B ,F ,D, ,C,50,0,0,1,,49,1749189,5429734
Wellington City,TINAKORI ROAD,30,N, ,MOLESWORTH ST,201433406,24/03/2014,Mon,845,AO,CS1S,381A 671A ,,R,D,BF,F , ,N,C,50,0,0,0,,,1748904,5429577
Wellington City,TINAKORI ROAD,110,N, ,PATANGA CRESCENT,201447008,26/10/2014,Sun,1505,FD,CN1C,181A ,,R,D,BF,F , , ,P,50,0,0,0,,,1748124,5428731
Wellington City,TINAKORI ROAD,, ,I,ST MARY ST,201444639,08/09/2014,Mon,750,LB,CN1C,303B 375B ,,R,D,B ,F ,T,N,C,50,0,0,0,,,1748142,5428750
Wellington City,TINAKORI ROAD,, ,I,THORNDON QUAY,201446355,17/10/2014,Fri,1650,FB,CE1C,181A ,,E,D,OF,F ,T,G,R,50,0,0,0,,,1749211,5430006
Wellington City,TINAKORI ROAD,, ,I,THORNDON QUAY,201436395,24/03/2014,Mon,1145,GF,TE1C,179A 158B 387B ,,R,D,OF,F ,T,G,R,50,0,0,0,,,1749211,5430006
Wellington City,TIO TIO ROAD,50,N, ,BROADWAY,201434799,17/03/2014,Mon,514,EA,CS1C,103A ,M,E,W,DO,L , ,N,C,50,0,0,0,,,1752587,5423720
Wellington City,TIRANGI ROAD,150,N, ,LONSDALE CRESCENT,201441603,04/08/2014,Mon,,EA,CN1C,129A 517A ,M,R,D,TN,F , , ,N,50,0,0,0,,,1751009,5424014
Wellington City,TODMAN ST,5,E, ,CHARLOTTE AVENUE,201443451,24/09/2014,Wed,1108,QD,TE14CC,428A 611A ,M,R,D,B ,F ,T,N,C,50,0,0,0,,,1747530,5425786
Wellington City,TORY ST,70,N, ,COURTENAY PLACE,201435086,28/04/2014,Mon,915,EA,SN1T,386A ,M,R,D,B ,F , ,N,C,50,0,0,0,,,1749166,5427202
Wellington City,TORY ST,5,S, ,COURTENAY PLACE,201436578,09/05/2014,Fri,2355,AO,CN1C,129A 381A ,,R,D,DO,F ,X,T,C,50,0,0,0,,,1749134,5427134
Wellington City,TORY ST,20,S, ,COURTENAY PLACE,201417147,04/10/2014,Sat,1440,NG,CN1E,371A ,,R,D,B ,F ,X,T,C,50,0,0,1,62,,1749128,5427120
Wellington City,TORY ST,, ,I,COURTENAY PLACE,201432452,25/01/2014,Sat,845,FE,CS1C,181A 191B ,,R,D,O ,F ,X,T,C,50,0,0,0,,,1749136,5427139
Wellington City,TORY ST,20,N, ,EBOR ST,201438510,11/05/2014,Sun,1930,MO,VS1V,371A ,M,R,D,DO,F , , ,C,50,0,0,0,,,1749057,5426961
Wellington City,TORY ST,, ,I,FREDERICK ST,201447641,21/11/2014,Fri,1840,JA,CN1C,375B ,,R,D,BF,F ,T,N,C,50,0,0,0,,,1748968,5426763
Wellington City,TORY ST,5,S, ,HAINING ST,201443336,07/09/2014,Sun,1156,EA,4N1C,371A 386A ,M,R,D,B ,F ,T,N,C,50,0,0,0,,,1748949,5426721
Wellington City,TORY ST,, ,I,HOLLAND ST,201440950,12/07/2014,Sat,2005,MG,CN14,371B ,,R,D,DO,F ,T,N,C,50,0,0,0,,,1749090,5427034
Wellington City,TORY ST,15,S, ,LORNE ST,201446353,11/10/2014,Sat,1445,AA,4S1C,353A 381A ,,R,D,BF,F , ,N,C,50,0,0,0,,,1749042,5426930
Wellington City,TORY ST,10,N, ,WAKEFIELD ST,201431799,15/02/2014,Sat,2030,MF,CS1C,371B ,,R,D,TF,F ,X,T,C,50,0,0,0,,,1749208,5427288
Wellington City,TORY ST,20,S, ,WAKEFIELD ST,201448855,25/11/2014,Tue,2220,EE,XS1C,374B ,M,R,D,DO,F , , ,C,50,0,0,0,,,1749195,5427261
Wellington City,TOWNSEND ROAD,240,S, ,AWA ROAD,201433783,04/04/2014,Fri,1838,DA,CN1V,131A ,M,M,W,B ,F , , ,N,50,0,0,0,,,1752549,5424769
Wellington City,TREASURE GROVE,100,S, ,KAINUI ROAD,201430878,11/01/2014,Sat,1350,MO,CS1,133A 423A 929 ,FH,M,D,BF,F ,D,N,N,50,0,0,0,,,1750926,5426141
Wellington City,TRENT ST,120,S, ,THE PARADE,201416141,21/09/2014,Sun,1323,NA,CE1K,191A 713B 929 ,,R,D,B ,F ,D, ,N,50,0,0,1,6,,1748263,5421737
Wellington City,TROY ST,20,S, ,KEMP ST,201434452,07/04/2014,Mon,1620,AC,CN1C,159A 357A 357B ,K,E,D,O ,F , , ,C,50,0,0,0,,,1750855,5424329
Wellington City,TRUSCOTT AVENUE,80,S, ,BRODERICK ROAD,201433186,28/03/2014,Fri,848,MD,CS1E,371A 929 ,,E,D,B ,F , , ,C,50,0,0,0,,,1750542,5434709
Wellington City,TRUSCOTT AVENUE,, ,I,ELLIOTT ST,201437753,04/06/2014,Wed,815,EA,CE1C,122A 363A 386A 446B 902 ,M,R,D,B ,F ,T,G,C,50,0,0,0,,,1750343,5434443
Wellington City,TUKANAE ST,30,N, ,AHURIRI ST,201441812,09/08/2014,Sat,1600,MC,CN1C,205A 372B ,,R,D,B ,F , , ,N,50,0,0,0,,,1752251,5422554
Wellington City,TULLY ST,50,W, ,KILBIRNIE CRESCENT,201442394,28/08/2014,Thu,,EA,CE1C,386A ,M,R,D,B ,F , ,N,C,50,0,0,0,,,1750078,5424630
Wellington City,TYERS ROAD,15,W, ,SH 1N,201434617,07/04/2014,Mon,755,EA,CE14,129A ,M,R, , F,  , ,N,N,50,0,0,0,,,1751718,5432783
Wellington City,UPLAND ROAD,15,S, ,GLEN ROAD,201430775,07/02/2014,Fri,835,FC,CN1CC,181A ,,R,D,BF,F , ,N,X,50,0,0,0,,,1747828,5427740
Wellington City,UPLAND ROAD,80,N, ,PLUNKET ST,201434994,22/04/2014,Tue,2002,EA,CS1C,103A 129A ,M,R,D,DO,F , ,N,C,50,0,0,0,,,1747489,5427770
Wellington City,UPLAND ROAD,, ,I,PLUNKET ST,201442137,29/07/2014,Tue,1808,KA,CN1V,302B ,,R,W,DO,F ,X,G,C,50,0,0,0,,,1747520,5427696
Wellington City,VICTORIA ST,, ,I,BOND ST,201445962,01/10/2014,Wed,2300,GE,CS1C,171B 372B ,,R,D,DO,F ,T,G,C,50,0,0,0,,,1748711,5427594
Wellington City,VICTORIA ST,, ,I,BOND ST,201439209,05/06/2014,Thu,936,MG,CE2C,371B ,,R,D,O ,F ,T,G,C,50,0,0,0,,,1748711,5427594
Wellington City,VICTORIA ST,90,N, ,GHUZNEE ST,201434350,19/04/2014,Sat,1215,MO,CN14,371B 927 ,,R,D,O ,F ,D,N,C,50,0,0,0,,,1748583,5427307
Wellington City,VICTORIA ST,, ,I,GHUZNEE ST,201440813,25/07/2014,Fri,1115,FE,VS1C,181A ,,R,D,B ,F ,X,T,C,50,0,0,0,,,1748533,5427232
Wellington City,VICTORIA ST,80,S, ,HARRIS ST,201446358,22/10/2014,Wed,1700,MO,CS1C,385A ,M,R,D,BF,F , ,N,N,50,0,0,0,,,1748730,5427712
Wellington City,VICTORIA ST,15,N, ,WAKEFIELD ST,201431285,27/01/2014,Mon,1000,FF,CN1S,357A 512A ,,M,D,OF,F , ,N,N,50,0,0,0,,,1748724,5427681
Wellington City,VICTORY AVENUE,, ,I,MONTGOMERY AVENUE,201441314,19/07/2014,Sat,1647,DA,CS24,130A 195A ,M,M,D,O ,F ,T,G,C,50,0,0,0,,,1744898,5428314
Wellington City,VIEW ROAD,100,E, ,HOUGHTON BAY ROAD,201448288,13/12/2014,Sat,1203,MO,CN1,133A 423A 929 ,CH,R,W,O ,F ,D,N,N,50,0,0,0,,,1749690,5422652
Wellington City,WADESTOWN ROAD,80,E, ,BLACKBRIDGE ROAD,201410285,11/02/2014,Tue,1328,CB,CW1,129A 358A ,C,R,D,B ,F , ,N,C,50,0,0,1,,,1748158,5430692
Wellington City,WADESTOWN ROAD,25,W, ,LESLIE ST,201445615,22/09/2014,Mon,959,BO,BE1C,129A 197A 386A 197B 903 ,,M,W,O ,LS, , ,L,50,0,0,0,,,1748482,5430715