TLANAME,CRASHROAD,CRASHDIST,CRASHDIRN,INTSN,SIDEROAD,CRASHID,CRASHDATE,CRASHDOW,CRASHTIME,MVMT,VEHICLES,CAUSES,OBJECTSSTRUCK,ROADCURVE,ROADWET,LIGHT,WTHRa,JUNCTYPE,TRAFCTRL,ROADMARK,SPDLIM,CRASHFATALCNT,CRASHSEVCNT,CRASHMINCNT,PERSAGE1,PERSAGE2,EASTING,NORTHING
Wellington City,WADESTOWN ROAD,70,S, ,ORCHARD ST,201442864,08/09/2014,Mon,1945,EA,CS1C,386A ,M,R,D,B ,F , ,N,C,50,0,0,0,,,1748894,5430192
Wellington City,WADESTOWN ROAD,20,W, ,PITT ST N,201439104,11/06/2014,Wed,1750,AC,BE14,381A ,,M,D,DO,F , ,N,N,50,0,0,0,,,1748729,5430677
Wellington City,WAITOA ROAD,50,E, ,WAIPAPA ROAD,201446354,23/10/2014,Thu,810,BO,CW1C,120A 120B ,,E,D,BF,F , ,N,N,50,0,0,0,,,1750380,5425856
Wellington City,WAITOA ROAD,, ,I,WAIPAPA ROAD,201442042,31/07/2014,Thu,625,EC,CW1,129A 350A ,P,R,D,DO,F ,T,G,C,50,0,0,0,,,1750334,5425877
Wellington City,WAKEFIELD ST,, ,I,ALLEN ST,201448856,08/12/2014,Mon,1010,GA,VW1C,181A 197A 402A ,,R,D,B ,F ,T,N,C,50,0,0,0,,,1749272,5427248
Wellington City,WAKEFIELD ST,, ,I,CAMBRIDGE TERRACE,201444809,06/10/2014,Mon,1400,AO,XW1C,184A ,,E,D,BF,F ,T,N,C,50,0,0,0,,,1749394,5427177
Wellington City,WAKEFIELD ST,, ,I,CHAFFERS ST,201435614,27/04/2014,Sun,40,BB,BN1M,129A 386A ,,E,D,DO,F ,T,S,C,50,0,0,0,,,1749319,5427226
Wellington City,WAKEFIELD ST,60,N, ,CUBA ST,201447890,28/09/2014,Sun,655,BA,CN1C,125A 359A ,,R,W,DO,L , ,N,C,50,0,0,0,,,1748800,5427571
Wellington City,WAKEFIELD ST,, ,I,JERVOIS QUAY,201447916,18/11/2014,Tue,1550,GF,BE1C,671A ,,E,D,O ,F ,M,T,C,50,0,0,0,,,1749013,5427391
Wellington City,WAKEFIELD ST,10,E, ,TARANAKI ST,201418311,01/01/2014,Wed,0,NA,CW1E,711B 714B 724B ,,R,D,DO,F ,X,T,X,50,0,0,1,35,,1749021,5427385
Wellington City,WAKEFIELD ST,10,W, ,TORY ST,201439491,12/07/2014,Sat,1810,AO,CW1C,150A 381A ,,R,W,DO,F ,X,G,C,50,0,0,0,,,1749195,5427283
Wellington City,WAKEFIELD ST,20,W, ,TORY ST,201443604,30/08/2014,Sat,1610,NA,CW1E,711B ,,R,D,B ,F , , ,C,50,0,0,0,,,1749186,5427287
Wellington City,WAKEFIELD ST,50,W, ,TORY ST,201432219,08/02/2014,Sat,2245,AC,CW14,372A 671A 801 ,,R,W,DO,L , , ,C,50,0,0,0,,,1749158,5427298
Wellington City,WAKEFIELD ST,, ,I,VICTORIA ST,201415855,01/08/2014,Fri,2010,DB,VN1,103A 131A 901 ,P,M,W,DO,H ,T,N,R,50,0,0,2,,,1748725,5427666
Wellington City,WALLACE ST,40,S, ,BIDWILL ST,201437547,07/06/2014,Sat,2245,JA,CS1C,303B 930 ,,R,W,DO,L ,D,N,C,50,0,0,0,,,1748536,5426190
Wellington City,WALLACE ST,60,S, ,BIDWILL ST,201448338,20/12/2014,Sat,1100,MG,CS14,352B 371B ,,R,D,O ,F , ,N,P,50,0,0,0,,,1748543,5426172
Wellington City,WALLACE ST,, ,I,BIDWILL ST,201445605,30/09/2014,Tue,1510,QD,CE2T,611A ,,R,D,B ,F ,T,T,C,50,0,0,0,,,1748521,5426228
Wellington City,WALLACE ST,40,N, ,HOWARD ST,201414029,02/07/2014,Wed,1800,NA,CN1E,306A 376A ,,R,D,DO,F , ,N,X,50,0,0,1,14,,1748599,5425908
Wellington City,WALLACE ST,20,S, ,HOWARD ST,201450496,16/12/2014,Tue,1945,MO,CS1C,386A 929 ,M,R,D,BF,F , ,N,C,50,0,0,0,,,1748599,5425848
Wellington City,WALLACE ST,60,S, ,ROLLESTON ST,201443828,29/05/2014,Thu,2015,NA,CS1E,711B ,,E,D,DO,F , ,N,P,50,0,0,0,,,1748576,5426081
Wellington City,WALLACE ST,60,S, ,ROLLESTON ST,201415249,01/08/2014,Fri,2005,NA,CS1E,711B ,,E,W,DO,HS, ,N,X,50,0,0,1,19,,1748576,5426081
Wellington City,WALLACE ST,70,S, ,ROLLESTON ST,201415535,19/08/2014,Tue,933,FC,MN1C,331A 358A ,,R,D,B ,F , , ,X,50,0,1,0,,,1748577,5426071
Wellington City,WALLACE ST,, ,I,TARANAKI ST,201439106,30/05/2014,Fri,1758,GF,TN1C,381A ,,R,D,B ,F ,T,N,C,50,0,0,0,,,1748506,5426264
Wellington City,WARING TAYLOR ST,50,W, ,FEATHERSTON ST,201446350,22/10/2014,Wed,1745,KB,CW1C,308B 375B 926 ,,R,D,BF,F ,D,N,N,50,0,0,0,,,1748813,5428399
Wellington City,WARING TAYLOR ST,, ,I,LAMBTON QUAY,201445323,27/09/2014,Sat,900,GA,CW1C,181A 331A ,,R,D,B ,F ,T,G,C,50,0,0,0,,,1748735,5428434
Wellington City,WARIPORI ST,60,E, ,ADELAIDE ROAD,201436400,04/04/2014,Fri,2240,MO,CE1C,101A 371A ,M,R,D,DO,F , ,N,C,50,0,0,0,,,1748651,5424335
Wellington City,WARWICK ST,300,S, ,WILTON ROAD,201433254,18/02/2014,Tue,300,DA,CE14C,103A 120A ,MM,M,D,DO,F , ,N,C,50,0,0,0,,,1747565,5429861
Wellington City,WASHINGTON AVENUE,20,N, ,HEATON TERRACE,201438498,23/05/2014,Fri,255,EA,VS1C,101A 108A 129A ,M,R,D,DO,F , , ,C,50,0,0,0,,,1747907,5425946
Wellington City,WATERLOO QUAY,190,N, ,BUNNY ST,201416615,09/10/2014,Thu,1654,BE,CS14,501A ,,R,D,B ,F , , ,R,50,0,0,1,,,1749220,5428753
Wellington City,WATERLOO QUAY,20,S, ,BUNNY ST,201418319,11/12/2014,Thu,950,MC,VN1C,372B ,,R,D,OF,F , ,N,C,50,0,0,1,,,1749091,5428588
Wellington City,WATERLOO QUAY,, ,I,BUNNY ST,201415600,13/08/2014,Wed,1717,EE,SN1C,525B ,M,R,D,TO,F ,T,T,C,50,0,0,1,,45,1749102,5428604
Wellington City,WATERLOO QUAY,, ,I,BUNNY ST,201444807,22/09/2014,Mon,1540,AA,CN1C,372A ,,R,D,OF,F ,T,T,C,50,0,0,0,,,1749102,5428604
Wellington City,WATERLOO QUAY,, ,I,BUNNY ST,201451024,30/12/2014,Tue,1450,AC,CS1C,372A ,,R,D,BF,F ,X,T,C,50,0,0,0,,,1749102,5428604
Wellington City,WATERLOO QUAY,, ,I,HINEMOA ST,201434760,26/04/2014,Sat,2156,FE,CN1CC,331A 358A ,,R,D,DO,F ,X,T,C,50,0,0,0,,,1749409,5428994
Wellington City,WATERLOO QUAY,, ,A,PLATFORM 9 ENTRY,201443453,18/09/2014,Thu,1124,MO,TN1B,179A 386A ,M,M,D,B ,F , ,N,N,50,0,0,0,,,1749189,5428714
Wellington City,WATERLOO QUAY,15,N, ,WHITMORE ST,201413157,24/03/2014,Mon,1255,FA,TN1S,181A 331A ,,R,D,B ,F , , ,C,50,0,0,1,,25,1748991,5428450
Wellington City,WATERLOO QUAY,100,N, ,WHITMORE ST,201446975,14/08/2014,Thu,1537,MA,4N1C,373B ,,R,D,OF,F , ,N,C,50,0,0,0,,,1749041,5428519
Wellington City,WATERLOO QUAY,, ,I,WHITMORE ST,201413356,23/05/2014,Fri,1303,NA,VS1E,718B ,,R,D,B ,F ,X,T,R,50,0,1,0,41,,1748982,5428438
Wellington City,WEBB ST,5,W, ,HOPPER ST,201446754,16/10/2014,Thu,1430,MD,CE1T,150A 371B ,,R,D,B ,F ,T,N,C,50,0,0,0,,,1748561,5426634
Wellington City,WEBB ST,10,W, ,TARANAKI ST,201433402,13/03/2014,Thu,755,FE,CE1C,181A ,,R,D,BF,F ,T,T,C,50,0,0,0,,,1748645,5426596
Wellington City,WEBB ST,, ,I,TARANAKI ST,201436020,08/02/2014,Sat,1730,FE,CE1C,103A 331A ,,R,W,OF,H ,T,T,C,50,0,0,0,,,1748654,5426592
Wellington City,WEBB ST,, ,I,WILLIS ST,201446986,03/11/2014,Mon,1715,GF,TE1C,671A ,,R,D,BF,F ,T,T,C,50,0,0,0,,,1748229,5426784
Wellington City,WELLINGTON ROAD,, ,I,CRAWFORD ROAD,201437694,07/06/2014,Sat,1150,JA,CS24,191A 302B 375B ,,M,D,O ,F ,R,G,R,50,0,0,0,,,1749773,5424942
Wellington City,WENTWORTH ST,70,W, ,THE RIDGEWAY,201415455,20/08/2014,Wed,1155,CC,VS1C,130A 504A ,HM,R,W,O ,L , , ,C,50,0,0,1,,,1747590,5424426
Wellington City,WESTCHESTER DRIVE,, ,I,CHURTON PARK OFF NBD,201411643,11/03/2014,Tue,1200,KB,CE1T,302B 375B ,,M,D,BF,F ,X,G,R,50,0,0,1,,,1752620,5436975
Wellington City,WESTCHESTER DRIVE,50,N, ,WAVERTON TERRACE,201416060,26/09/2014,Fri,1551,EA,MN1C,129A 356A ,M,E,D,B ,F , ,N,N,50,0,0,1,,,1751263,5436897
Wellington City,WESTCHESTER DRIVE EAST,, ,I,MIDDLETON ROAD,201445873,13/10/2014,Mon,1216,HA,CN2C,302A ,,R,D,B ,F ,R,G,R,50,0,0,0,,,1752251,5437033
Wellington City,WILLIS ST,, ,I,ABEL SMITH ST,201450060,24/12/2014,Wed,1810,FE,VN1C,181A ,,E,D,B ,F ,M,T,P,50,0,0,0,,,1748300,5426947
Wellington City,WILLIS ST,, ,I,ABEL SMITH ST,201436576,02/05/2014,Fri,1545,AA,VN1C,173A ,,E,D,B ,F ,M,T,C,50,0,0,0,,,1748300,5426947
Wellington City,WILLIS ST,, ,I,ABEL SMITH ST,201434628,10/04/2014,Thu,1200,AA,VW1C,372A ,,E,W,ON,H ,M,T,C,50,0,0,0,,,1748300,5426947
Wellington City,WILLIS ST,15,N, ,ARO ST,201435913,10/04/2014,Thu,2310,BA,CS1C,201A ,,R,W,DO,L , ,N,N,50,0,0,0,,,1748257,5426854
Wellington City,WILLIS ST,15,N, ,ARO ST,201433403,07/03/2014,Fri,1400,FF,CN1C,387A ,,R,D,BF,F , ,N,C,50,0,0,0,,,1748257,5426854
Wellington City,WILLIS ST,5,S, ,ARO ST,201435161,07/04/2014,Mon,1335,FA,CS1T,181A ,,R,W,O ,F ,X,G,C,50,0,0,0,,,1748250,5426835
Wellington City,WILLIS ST,, ,I,ARO ST,201434756,21/04/2014,Mon,2137,FC,CN1C,331A 359A ,,R,D,DO,F ,T,G,X,50,0,0,0,,,1748250,5426840
Wellington City,WILLIS ST,, ,I,ARO ST,201444815,11/10/2014,Sat,1245,KA,TN1C,302B 387B ,,R,D,BF,F ,T,G,P,50,0,0,0,,,1748250,5426840
Wellington City,WILLIS ST,30,N, ,BOULCOTT ST,201441311,31/07/2014,Thu,931,PF,VN1E,720B 818 ,,R,D,B ,F , , ,N,50,0,0,0,,,1748617,5427650
Wellington City,WILLIS ST,20,S, ,BOULCOTT ST,201412743,02/05/2014,Fri,2214,NB,CS1E,711B 712B 714B ,,M,D,DO,F ,X,G,C,50,0,0,1,26,,1748595,5427605
Wellington City,WILLIS ST,30,S, ,BOULCOTT ST,201415721,01/08/2014,Fri,1908,NB,PS1E4,713B ,M,R,W,DO,L ,X,T,C,50,0,0,2,14,,1748591,5427596
Wellington City,WILLIS ST,50,S, ,BOULCOTT ST,201415443,22/08/2014,Fri,925,NB,CN1E,377A ,,E,D,O ,F , , ,C,50,0,0,1,40,,1748583,5427578
Wellington City,WILLIS ST,, ,I,BROOKLYN ROAD,201433408,31/03/2014,Mon,1730,AA,CS1M,372A 671A ,,R,D,BF,F ,T,T,C,50,0,0,0,,,1748205,5426734
Wellington City,WILLIS ST,, ,I,BROOKLYN ROAD,201400201,20/09/2014,Sat,1135,DB,SE1,131A 410A ,CK,M,W,O ,H ,T,T,C,50,1,0,0,,28,1748205,5426734
Wellington City,WILLIS ST,, ,I,CHEWS LANE,201415396,11/09/2014,Thu,900,NA,VS1E,711B ,,R,D,B ,F ,T,T,C,30,0,0,1,51,,1748693,5427817
Wellington City,WILLIS ST,5,N, ,DIXON ST,201443405,04/09/2014,Thu,1055,MO,TN1X,201A 371A 386A 201B ,,R,D,B ,F ,X,T,C,30,0,0,0,,,1748522,5427443
Wellington City,WILLIS ST,50,S, ,DIXON ST,201447918,15/11/2014,Sat,2000,GE,XN1C,160A 927 ,,R,D,TO,F ,D, ,C,50,0,0,0,,,1748500,5427393
Wellington City,WILLIS ST,50,S, ,DIXON ST,201417482,08/10/2014,Wed,712,MC,MN1V,372B 375B ,,R,W,OF,F , ,N,C,50,0,1,0,,,1748500,5427393
Wellington City,WILLIS ST,, ,I,DIXON ST,201411549,26/02/2014,Wed,2111,EA,VN1C,331A 377A ,Q,R,D,DO,F ,X,T,C,50,0,0,2,,,1748520,5427439
Wellington City,WILLIS ST,, ,I,ELLERS AVENUE,201439216,25/06/2014,Wed,2234,JA,CS1C,303B ,,R,W,DO,F ,T,N,C,30,0,0,0,,,1748572,5427554
Wellington City,WILLIS ST,15,S, ,FLAGSTAFF LANE,201441333,06/06/2014,Fri,1105,MB,CS14,357B 512B 929 ,,R,D,O ,F ,D, ,C,50,0,0,0,,,1748568,5427546
Wellington City,WILLIS ST,80,N, ,GHUZNEE ST,201431128,10/02/2014,Mon,1609,MB,CS1C,372B ,,R,D,O ,F , ,N,C,50,0,0,0,,,1748478,5427345
Wellington City,WILLIS ST,, ,I,GHUZNEE ST,201432203,15/02/2014,Sat,2021,DB,CS1,193A 336A ,I,R,D,TF,F ,X,T,R,50,0,0,0,,,1748446,5427272
Wellington City,WILLIS ST,50,S, ,LAMBTON QUAY,201443199,27/08/2014,Wed,1145,AC,VN1B,184A ,,R,D,B ,F , , ,L,30,0,0,0,,,1748720,5427877
Wellington City,WILLIS ST,, ,I,LAMBTON QUAY,201430707,29/01/2014,Wed,1800,FE,CN1V,181A 387A ,,E,D,BF,F ,X,T,C,50,0,0,0,,,1748740,5427923
Wellington City,WILLIS ST,30,S, ,MERCER ST,201415144,11/08/2014,Mon,850,NA,CN1E,712B 713B ,,R,D,O ,F , , ,L,30,0,0,1,39,,1748641,5427700
Wellington City,WILLIS ST,40,N, ,SH 1N,201434759,20/04/2014,Sun,1000,MO,CN1C,371A ,,R,D,OF,F , ,N,C,50,0,0,0,,,1748388,5427143
Wellington City,WILLIS ST,50,S, ,SH 1N,201442040,08/06/2014,Sun,520,EA,CN14,103A 129A ,M,R,D,DO,F , ,N,C,50,0,0,0,,,1748278,5426902
Wellington City,WILLIS ST,25,S, ,WEBB ST,201415258,06/08/2014,Wed,1850,NB,4N1E,711B 712B ,,M,D,DO,F , ,N,C,50,0,0,1,69,,1748218,5426761
Wellington City,WILLIS ST,, ,I,WEBB ST,201433493,13/03/2014,Thu,150,MO,CS1,357A 371A ,S,R,D,DO,F ,T,T,C,50,0,0,0,,,1748229,5426784
Wellington City,WILLIS ST,, ,I,WEBB ST,201451077,22/12/2014,Mon,1400,GF,TW2C,129B ,,M,D,BF,F ,T,T,C,50,0,0,0,,,1748229,5426784
Wellington City,WILLIS ST,, ,I,WEBB ST,201449969,22/12/2014,Mon,1400,GF,TW2C,129A 129B ,,M,D,B ,F ,T,T,C,50,0,0,0,,,1748229,5426784
Wellington City,WILLIS ST,20,S, ,WILLESTON ST,201450282,17/11/2014,Mon,1245,NA,BN1E,711B ,,R,D,OF,F , ,N,C,50,0,0,0,,,1748732,5427904
Wellington City,WILSON ST,10,E, ,RIDDIFORD ST,201432520,18/02/2014,Tue,1627,EE,CE1C,374B ,Q,R,D,O ,F ,T,N,N,50,0,0,0,,,1748970,5424971
Wellington City,WOODMANCOTE ROAD,70,W, ,BOX HILL,201447448,25/11/2014,Tue,1045,MO,CW1C,371A 929 ,M,R,D,B ,F ,D,N,C,50,0,0,0,,,1750064,5432704
Wellington City,WOODWARD ST,15,W, ,LAMBTON QUAY,201412387,25/02/2014,Tue,330,NA,VE1E,350A 710B ,,R,D,DN,F , , ,N,50,0,0,1,30,,1748714,5428407
Wellington City,Z BP SERVICE STATION,20,E, ,TARANAKI ST,201410122,10/01/2014,Fri,1015,MO,CW1,130A 420A ,C,E,D,B ,F , , ,N,20,0,0,1,,,1749056,5427450
Wellington City,Z CPK MCDONALDS RESTAURAN,15,S, ,NEWTOWN AVENUE,201417312,14/10/2014,Tue,1847,NA,CW1E,191A 713B ,,R,D,TO,F , , ,N,30,0,0,1,25,,1749091,5424829
Wellington City,Z CPK MIRAMAR NORTH SCHOO,40,W, ,WEKA ST,201418403,06/12/2014,Sat,1018,PO,CN1K,370A 720B ,,R,D,B ,F , , ,N,10,0,0,1,8,,1752707,5425911
Wellington City,Z CPK ROSINA FELL LANE,, ,A,DALMUIR LANE,201416199,04/10/2014,Sat,1256,QD,CE1,130A 421A 423A ,JP,E,D,O ,F ,T,G,N,50,0,0,2,,,1748572,5428316
Wellington City,Z MASSEY UNIVERSITY,200,S, ,BUCKLE ST,201413155,09/05/2014,Fri,1220,JA,CS1S,370A 377A 201B 370B 378B 839 ,,R,D,O ,F ,T,N,N,50,0,0,1,,18,1748705,5426505
Wellington City,1N/1050/6.388,2000,S, ,MUNGAVIN OBR,201411809,10/02/2014,Mon,640,FD,CS14CC,181A ,,R,W,OF,H , ,N,C,100,0,0,3,,,1754326,5442342
Wellington City,1N/1050/6.392,2000,S, ,MUNGAVIN OBR,201432426,03/02/2014,Mon,1947,CB,CN1,130A ,JT,R,D,B ,F , , ,C,100,0,0,0,,,1754312,5442342
Wellington City,1N/1050/6.817,10,S, ,COLLINS OBR,201416896,17/11/2014,Mon,1450,FD,VN1CC,112A 350A 350B 350C ,,R,W,O ,LS,T,N,C,100,0,0,1,,,1754125,5441961
Wellington City,1N/1050/7.013,200,S, ,COLLINS OBR,201433790,08/04/2014,Tue,843,FD,4S14C,181A 181B ,,R,W,O ,HS, , ,C,100,0,0,0,,,1754061,5441776
Wellington City,1N/1050/7.814,1800,N, ,TAWA ON NBD,201448331,18/12/2014,Thu,1240,FA,CN1C,181A 191B 817 ,,R,W,O ,H , ,N,C,100,0,0,0,,,1753732,5441044
Wellington City,1N/1050/8.314,1300,N, ,TAWA ON NBD,201450789,18/12/2014,Thu,1320,CB,VN1,191A 197A ,C,R,W,OF,H , ,N,C,100,0,0,0,,,1753606,5440562
Wellington City,1N/1050/8.414,1200,N, ,TAWA ON NBD,201447430,12/11/2014,Wed,2230,AF,CN1T,150A 381A 137B ,,R,W,DN,F , ,N,N,100,0,0,0,,,1753587,5440464
Wellington City,1N/1050/8.461,1500,N, ,TAKAPU RD UPASS NBD,201432945,26/02/2014,Wed,1835,AC,TN1C,381A 671A ,G,R,D,O ,F , , ,C,100,0,0,0,,,1753578,5440419
Wellington City,1N/1050/8.931,700,N, ,TAWA OFF SBD,201413285,12/06/2014,Thu,2335,BA,CN1C,103A 110A 514A ,,R,D,DN,F , ,N,C,100,0,1,0,,,1753496,5439954
Wellington City,1N/1050/9.381,250,N, ,TAWA OFF SBD,201439464,20/06/2014,Fri,715,FO,CS1C,110A 181A ,,R,D,TN,F , ,N,C,100,0,0,0,,,1753398,5439523
Wellington City,1N/1050/9.604,10,N, ,TAWA ON NBD,201444629,20/09/2014,Sat,1843,DB,CN1,134A 402A ,G,M,W,DO,F ,T,N,P,100,0,0,0,,,1753494,5439335
Wellington City,1N/1050/9.614,, ,I,TAWA ON NBD,201446701,27/10/2014,Mon,1800,FA,CN1C,181A ,,E,D,B ,F ,T,N,P,80,0,0,0,,,1753501,5439327
Wellington City,1N/1050/9.748,200,S, ,TAKAPU ROAD,201418022,19/11/2014,Wed,120,FD,CN1C,181A 817 ,,R,D,DO,FS, ,N,C,100,0,0,3,,,1753585,5439223
Wellington City,1N/1050/9.914,300,S, ,TAWA ON NBD,201414923,27/05/2014,Tue,1156,CC,4N1,129A 504A ,CG,R,D,BF,F , ,N,C,100,0,0,1,,,1753660,5439077
Wellington City,1N/1060/0.087,400,S, ,TAWA OFF SBD,201434927,20/03/2014,Thu,1952,FD,CS1C,181A ,,E,W,DO,F , ,N,R,100,0,0,0,,,1753674,5438957
Wellington City,1N/1060/0.319,, ,I,TAWA OFF NBD,201433645,09/03/2014,Sun,2009,DB,CN14,102A 111A 131A 402A 514A 517A 198B +,DG,E,D,DO,F ,T,N,C,100,0,0,0,,,1753602,5438733
Wellington City,1N/1060/0.814,800,S, ,TAKAPU RD UPASS SBD,201448590,29/09/2014,Mon,400,DB,CN1,102A 131A 410A 631A ,G,E,D,DN,F , ,N,C,100,0,0,0,,,1753509,5438251
Wellington City,1N/1060/0.869,550,S, ,TAWA OFF NBD,201448157,17/11/2014,Mon,1502,AC,VN1C,372A ,,E,W,O ,L , , ,R,100,0,0,0,,,1753476,5438199
Wellington City,1N/1060/0.919,600,S, ,TAWA OFF NBD,201413737,22/05/2014,Thu,838,AA,CN1C,129A 358A ,CS,M,W,BF,F , ,N,C,100,0,1,0,,,1753455,5438153
Wellington City,1N/1060/1.219,900,S, ,TAWA OFF NBD,201434931,25/03/2014,Tue,1754,DA,CN1,410A ,C,E,D,BF,F , ,N,C,100,0,0,0,,,1753226,5437966
Wellington City,1N/1060/1.265,1000,S, ,TAWA ON SBD,201413948,01/06/2014,Sun,649,DB,CN1,103A 410A ,GT,E,W,DN,F , ,N,R,100,0,0,1,,,1753211,5437935
Wellington City,1N/1060/1.819,1500,S, ,TAWA OFF NBD,201439848,10/06/2014,Tue,1205,QG,CN1,130A 615A 687A 801 ,,R,W,O ,L , , ,C,100,0,0,0,,,1752937,5437462
Wellington City,1N/1060/2.035,, ,I,CHURTON PARK OFF SBD,201445325,25/09/2014,Thu,735,KA,VS1C,112A 184A ,,R,D,B ,F ,T,N,C,50,0,0,0,,,1752875,5437261
Wellington City,1N/1060/2.115,80,S, ,CHURTON PARK OFF SBD,201448158,28/11/2014,Fri,1421,CB,CS1,410A ,P,R,W,O ,L , , ,R,100,0,0,0,,,1752840,5437189
Wellington City,1N/1060/2.235,200,S, ,CHURTON PARK OFF SBD,201417689,26/12/2014,Fri,1313,DA,CS1,134A 350A ,G,E,D,B ,F , ,N,C,100,0,0,1,,,1752788,5437081
Wellington City,1N/1060/2.298,100,N, ,WESTCHESTER DRIVE OBR NBD,201417600,25/10/2014,Sat,1733,AA,MN1,103A 110A 134A 150A ,G,E,D,O ,F , ,N,C,100,0,1,0,,,1752739,5437027
Wellington City,1N/1060/2.41,10,S, ,WESTCHESTER DRIVE OBR SBD,201417309,04/11/2014,Tue,813,FD,TS1CV,112A 130A 331A ,,R,D,B ,F , , ,C,100,0,0,1,,,1752681,5436944
Wellington City,1N/1060/2.669,200,N, ,CHURTON PARK OFF NBD,201414735,14/06/2014,Sat,1620,CB,CN1,130A 330A ,T,R,D,O ,F , , ,C,100,0,0,1,,,1752456,5436789
Wellington City,1N/1060/2.869,, ,I,CHURTON PARK OFF NBD,201446844,11/11/2014,Tue,1730,KB,CW14,301B ,,M,D,B ,F ,M,S,C,50,0,0,0,,,1752353,5436619
Wellington City,1N/1060/2.949,100,S, ,CHURTON PARK ON SBD,201448780,28/11/2014,Fri,1427,FD,CN1C,181A ,,R,D,B ,F , , ,C,100,0,0,0,,,1752337,5436545
Wellington City,1N/1060/3.43,800,N, ,JOHNSONVILLE ON NBD,201417805,19/11/2014,Wed,2013,CB,CN1,358A 363A 407A 902 ,X,R,D,B ,F , , ,C,100,0,0,1,,,1752124,5436107
Wellington City,1N/1060/3.549,700,S, ,CHURTON PARK ON SBD,201438107,11/04/2014,Fri,1300,CC,CS1C,129A ,GC,R,W,OF,H , ,N,C,100,0,0,0,,,1752089,5435998
Wellington City,1N/1060/3.93,300,N, ,JOHNSONVILLE ON NBD,201434924,02/04/2014,Wed,1705,FD,CN14,181A ,,R,D,BF,F , ,N,R,100,0,0,0,,,1751907,5435656
Wellington City,1N/1060/4.03,200,N, ,JOHNSONVILLE ON NBD,201413663,18/05/2014,Sun,445,CB,CN1,410A ,C,R,W,DO,F , , ,C,100,0,1,0,,,1751864,5435566
Wellington City,1N/1060/4.13,100,N, ,JOHNSONVILLE ON NBD,201448341,21/12/2014,Sun,1540,FA,CN1C,181A 330A 191B ,,R,D,O ,F , ,N,C,100,0,0,0,,,1751820,5435476
Wellington City,1N/1060/4.18,50,N, ,JOHNSONVILLE ON NBD,201412013,10/04/2014,Thu,618,CB,CN1,129A 134A ,G,R,W,DN,L , ,N,N,80,0,0,1,,,1751799,5435431
Wellington City,1N/1060/4.22,10,N, ,JOHNSONVILLE ON NBD,201447295,06/11/2014,Thu,1030,AA,CN1C,372A ,,R,W,O ,L ,T,N,R,100,0,0,0,,,1751781,5435395
Wellington City,1N/1060/4.23,, ,I,JOHNSONVILLE ON NBD,201431905,18/02/2014,Tue,720,AA,CN1C,372A ,,R, ,BF,  ,Y,N,N,10,0,0,0,,,1751777,5435386
Wellington City,1N/1060/4.499,50,N, ,HELSTON OBR,201449750,21/12/2014,Sun,1543,AA,TN1C,372A 381A ,,R,D,B ,F , ,N,C,100,0,0,0,,,1751663,5435142
Wellington City,1N/1060/4.589,40,S, ,HELSTON OBR,201447428,29/10/2014,Wed,751,AC,TN1C,372A 671A ,,E,D,O ,F , ,N,R,100,0,0,0,,,1751635,5435056
Wellington City,1N/1060/5.095,300,N, ,NEWLANDS OFF SBD,201446247,26/09/2014,Fri,1236,EA,4S1T,331A 387A ,Q,E,D,BF,F , ,N,R,80,0,0,0,,,1751568,5434563
Wellington City,1N/1060/5.292,100,N, ,JOHNSONVILLE OFF NBD,201437657,03/06/2014,Tue,1733,FA,4N1CC,110A 331A 191B ,,R,D,DO,F , , ,R,80,0,0,0,,,1751550,5434368
Wellington City,1N/1060/5.392,, ,I,JOHNSONVILLE OFF NBD,201417742,12/10/2014,Sun,1327,AA,CN1T,372A 386A ,,R,D,B ,F ,T,N,C,80,0,2,0,,,1751594,5434278
Wellington City,1N/1060/5.407,15,S, ,JOHNSONVILLE OFF NBD,201445297,12/10/2014,Sun,1327,FD,CN1CC,331A 191B 191C ,,R,D,B ,F , , ,C,80,0,0,0,,,1751601,5434265
Wellington City,1N/1060/5.495,100,S, ,NEWLANDS OFF SBD,201416894,06/11/2014,Thu,1850,AF,SS1,129A 407A ,,R,D,O ,F , ,N,C,80,0,1,0,,44,1751655,5434193
Wellington City,1N/1060/5.887,, ,I,NEWLANDS ON NBD,201444638,20/09/2014,Sat,1422,AC,CN1C,372A 386A ,,R,W,O ,F ,T,N,C,80,0,0,0,,,1751578,5433843
Wellington City,1N/1060/5.9,100,E, ,NEWLANDS ON SBD,201436836,15/05/2014,Thu,1255,AC,TS1C,184A 372A 671A 184B 801 ,,R,W,O ,L , , ,C,80,0,0,0,,,1751591,5433834
Wellington City,1N/1060/5.937,50,S, ,NEWLANDS ON NBD,201418167,01/12/2014,Mon,1630,FA,VN1V,181A 331A ,,R,D,O ,F , , ,C,80,0,0,1,,,1751546,5433804