TLANAME,CRASHROAD,CRASHDIST,CRASHDIRN,INTSN,SIDEROAD,CRASHID,CRASHDATE,CRASHDOW,CRASHTIME,MVMT,VEHICLES,CAUSES,OBJECTSSTRUCK,ROADCURVE,ROADWET,LIGHT,WTHRa,JUNCTYPE,TRAFCTRL,ROADMARK,SPDLIM,CRASHFATALCNT,CRASHSEVCNT,CRASHMINCNT,PERSAGE1,PERSAGE2,EASTING,NORTHING
Wellington City,1N/1060/6,, ,I,NEWLANDS ON SBD,201443561,14/08/2014,Thu,754,AC,TS1C,372A ,,R,D,BF,F ,Y,N,R,80,0,0,0,,,1751527,5433757
Wellington City,1N/1060/6.242,, ,I,NEWLANDS OFF NBD,201439194,14/06/2014,Sat,2320,BA,CS1C,101A 201A ,,R,D,DO,F ,T,N,N,80,0,0,0,,,1751350,5433570
Wellington City,1N/1060/6.448,860,N, ,NIMT OBR,201440992,14/03/2014,Fri,1215,QG,VS1,131A 682A ,G,M,D,BF,F , ,N,R,80,0,0,0,,,1751297,5433383
Wellington City,1N/1060/6.459,50,N, ,KIWI POINT QUARRY ENT,201448167,17/10/2014,Fri,1856,FD,VN1T,112A 181A 331A ,,R,W,TF,F , , ,C,80,0,0,0,,,1751281,5433368
Wellington City,1N/1060/7.008,300,W, ,NIMT OBR,201438212,05/06/2014,Thu,735,FD,CS1C,181A ,,R,D,OF,F , ,N,C,100,0,0,0,,,1751601,5432944
Wellington City,1N/1060/7.104,170,W, ,CENTENNIAL SBD,201447420,17/11/2014,Mon,1710,FD,4S1C,110A 181A ,,E,W,O ,F , ,N,C,80,0,0,0,,,1751661,5432869
Wellington City,1N/1060/7.176,40,N, ,TYERS ROAD,201416892,05/11/2014,Wed,700,DA,TN1,101A 110A 134A ,G,E,W,O ,L , ,N,C,80,0,0,1,,,1751695,5432814
Wellington City,1N/1060/7.184,90,W, ,CENTENNIAL SBD,201438297,09/06/2014,Mon,709,FD,CE1C,181A ,,E,W,OO,L , ,N,C,80,0,0,0,,,1751722,5432818
Wellington City,1N/1060/7.211,150,N, ,CENTENNIAL NBD,201442483,01/08/2014,Fri,1005,EB,VN1C,331A 377A ,Q,R,D,OF,F , ,N,C,80,0,0,0,,,1751724,5432796
Wellington City,1N/1060/7.266,50,E, ,TYERS ROAD,201442046,15/07/2014,Tue,1240,AA,CW1C,372A ,,E,D,BF,F , ,N,C,80,0,0,0,,,1751774,5432772
Wellington City,1N/1060/7.274,, ,I,CENTENNIAL SBD,201447455,26/11/2014,Wed,1800,FA,VN1C,181A 191B ,,R,D,B ,F ,T,N,C,80,0,0,0,,,1751801,5432776
Wellington City,1N/1060/7.294,20,S, ,CENTENNIAL SBD,201443407,13/08/2014,Wed,1215,MO,VW1C,330A 386A 927 ,,E,D,B ,F ,D,N,N,70,0,0,0,,,1751819,5432767
Wellington City,1N/1060/7.316,100,S, ,TYERS ROAD,201414099,01/07/2014,Tue,1342,FD,CN1V,132A 614A ,,E,D,O ,F , ,N,P,80,0,0,2,,,1751820,5432751
Wellington City,1N/1060/7.401,40,E, ,GLOVER SLIP ROAD,201412269,24/04/2014,Thu,830,EA,SS1VC,129A 150A ,M,E,D,B ,F , ,N,N,50,0,0,1,,40,1751895,5432713
Wellington City,1N/1060/7.588,280,S, ,NIMT OBR,201445613,06/10/2014,Mon,2156,DA,CS1,102A 111A 131A ,G,M,W,DO,L , , ,C,100,0,0,0,,,1752022,5432568
Wellington City,1N/1060/7.616,400,N, ,NGAURANGA ON NBD OBR,201438497,10/06/2014,Tue,1340,DB,CN1,131A 407A 801 ,G,E,W,O ,L , , ,C,100,0,0,0,,,1752018,5432541
Wellington City,1N/1060/8,2000,S, ,NEWLANDS ON SBD,201439187,22/05/2014,Thu,15,DA,CS1,103A 402A ,,E,D,DO,F , ,N,R,80,0,0,0,,,1752024,5432173
Wellington City,1N/1060/8.262,3000,N, ,AOTEA OBR,201413583,05/08/2014,Tue,755,AC,CS1MC,372A ,,R,D,B ,F , , ,C,100,0,0,1,,,1751822,5432011
Wellington City,1N/1068/0.04,40,S, ,SH 2,201416733,09/10/2014,Thu,525,PE,CS1EEC,129A ,M,R,D,DO,F , , ,C,100,0,1,1,27,,1751757,5431973
Wellington City,1N/1068/0.1,100,S, ,SH 2,201434610,25/02/2014,Tue,306,CB,CN1,103A 410A ,G,R,D,DN,F , ,N,C,100,0,0,0,,,1751695,5431955
Wellington City,1N/1068/0.509,2000,N, ,AOTEA ON NBD,201414862,19/03/2014,Wed,1720,AC,4N1M,372A ,,R,D,OF,F , ,N,C,100,0,1,0,,,1751372,5431706
Wellington City,1N/1068/0.6,600,S, ,SH 2,201444593,21/09/2014,Sun,1800,AC,TN1C,372A ,G,R,D,O ,F , , ,C,100,0,0,0,,,1751312,5431637
Wellington City,1N/1068/0.754,1000,S, ,NGAURANGA ON NBD OBR,201410057,17/02/2014,Mon,946,AC,TS1C,372A 671A ,G,E,D,B ,F , , ,R,100,0,0,1,,,1751213,5431517
Wellington City,1N/1068/0.754,1000,S, ,NGAURANGA ON NBD OBR,201439346,10/06/2014,Tue,615,DB,CS1,137A 197A ,G,E,W,DO,L , ,N,N,100,0,0,0,,,1751213,5431517
Wellington City,1N/1068/1.165,1800,N, ,AOTEA OBR,201434758,03/02/2014,Mon,910,FD,VW1C,331A 358A ,,R,D,BF,F , ,N,R,100,0,0,0,,,1750852,5431329
Wellington City,1N/1068/1.509,1000,N, ,AOTEA ON NBD,201439192,12/06/2014,Thu,1810,FD,CN14,112A 331A ,,R,D,DN,F , ,N,C,80,0,0,0,,,1750529,5431196
Wellington City,1N/1068/1.834,1000,N, ,AOTEA OFF SBD,201444381,23/09/2014,Tue,345,CA,CS1,103A 112A 130A ,G,R,D,DO,F , , ,C,100,0,0,0,,,1750275,5430998
Wellington City,1N/1068/1.909,600,N, ,AOTEA ON NBD,201447647,21/11/2014,Fri,1536,CC,TN1,903,G,R,D,OF,FS, ,N,R,100,0,0,0,,,1750211,5430958
Wellington City,1N/1068/1.964,1000,N, ,AOTEA OBR,201434456,16/04/2014,Wed,824,FA,CN1C,181A 800 901 ,,E,W,O ,H , , ,C,100,0,0,0,,,1750174,5430917
Wellington City,1N/1068/2.009,500,N, ,AOTEA ON NBD,201435090,01/05/2014,Thu,558,FD,4N14,181A ,,R,D,DO,F , ,N,N,100,0,0,0,,,1750146,5430882
Wellington City,1N/1068/2.084,750,N, ,AOTEA OFF SBD,201441466,17/07/2014,Thu,2027,CB,CS1,110A 403A 404A ,G,R,W,DO,F , ,N,C,100,0,0,0,,,1750112,5430809
Wellington City,1N/1068/2.109,400,N, ,AOTEA ON NBD,201450617,16/09/2014,Tue,1555,AC,TN1C,372A 381A ,,R,D,B ,F , ,N,C,80,0,0,0,,,1750087,5430801
Wellington City,1N/1068/2.234,600,N, ,AOTEA OFF SBD,201443251,30/07/2014,Wed,2107,DA,CS1,111A 131A ,G,E,W,DO,F , , ,C,100,0,0,0,,,1750020,5430690
Wellington City,1N/1068/2.239,270,N, ,AOTEA ON NBD,201434934,26/01/2014,Sun,1634,CC,CN1,112A 901 ,G,R,W,OF,H , ,N,C,100,0,0,0,,,1750006,5430699
Wellington City,1N/1068/2.259,250,N, ,AOTEA ON NBD,201412744,20/04/2014,Sun,934,DA,MN1,129A ,I,E,D,BF,FS, ,N,R,100,0,0,1,,,1749992,5430685
Wellington City,1N/1068/2.309,200,N, ,AOTEA ON NBD,201448853,10/12/2014,Wed,747,DB,CN1,130A 191A 901 ,G,E,W,O ,H , , ,R,100,0,0,0,,,1749952,5430655
Wellington City,1N/1068/2.334,500,N, ,AOTEA OFF SBD,201447648,26/11/2014,Wed,955,FD,CS1C4,331A 352A ,,R,D,BF,F , ,N,C,100,0,0,0,,,1749940,5430631
Wellington City,1N/1068/2.409,100,N, ,AOTEA ON NBD,201443825,11/08/2014,Mon,1750,FD,CN1CC,181A ,,R,W,TO,L , ,N,C,100,0,0,0,,,1749867,5430603
Wellington City,1N/1068/2.434,400,N, ,AOTEA OFF SBD,201450537,26/11/2014,Wed,954,AA,LS1C,330A 372A ,G,E,D,B ,F , , ,R,100,0,0,0,,,1749855,5430579
Wellington City,1N/1068/2.465,500,N, ,AOTEA OBR,201412345,29/03/2014,Sat,852,DB,CS1,111A 131A 402A 903 ,G,M,D,O ,FS, , ,C,100,0,0,1,,,1749829,5430563
Wellington City,1N/1068/2.634,200,N, ,AOTEA OFF SBD,201430350,13/01/2014,Mon,737,FD,VS1CV,110A 181A 350A ,,E,D,B ,F , ,N,C,60,0,0,0,,,1749711,5430443
Wellington City,1N/1068/2.634,200,N, ,AOTEA OFF SBD,201445320,16/09/2014,Tue,1050,FA,CS1C,181A ,,E,D,O ,F , , ,N,100,0,0,0,,,1749711,5430443
Wellington City,1N/1068/2.634,200,N, ,AOTEA OFF SBD,201448129,26/11/2014,Wed,955,FD,TS1CCC,181A 181B 181C ,,E,D,B ,F , , ,R,100,0,0,0,,,1749711,5430443
Wellington City,1N/1068/2.634,200,N, ,AOTEA QUAY,201442481,04/08/2014,Mon,1740,AA,CN1M,372A ,,E,W,DO,L , ,N,C,100,0,0,0,,,1749711,5430443
Wellington City,1N/1068/2.734,100,N, ,AOTEA OFF SBD,201440991,27/06/2014,Fri,845,FD,CS1CC,181A ,,R,D,BF,F , ,N,R,100,0,0,0,,,1749651,5430363
Wellington City,1N/1068/2.764,200,N, ,AOTEA OBR,201440295,24/06/2014,Tue,1805,FD,CN1CCC,181A 191B 191C 191D ,,E,W,DO,F , , ,R,100,0,0,0,,,1749625,5430349
Wellington City,1N/1068/2.814,20,N, ,AOTEA QUAY,201436290,15/05/2014,Thu,1700,AC,CS1C,372A ,,R,W,DO,H , , ,C,100,0,0,0,,,1749605,5430298
Wellington City,AOTEA OFF SBD,, ,I,1N/1068/2.834,201450888,14/12/2014,Sun,1700,DB,CS2,129A ,G,M,D,BF,F ,Y,N,N,70,0,0,0,,,1749592,5430282
Wellington City,1N/1068/3.034,200,S, ,AOTEA OFF SBD,201436269,21/05/2014,Wed,1042,MO,TS1CCC,682A ,,R,D,B ,F , , ,R,100,0,0,0,,,1749461,5430131
Wellington City,1N/1068/3.109,600,S, ,AOTEA ON NBD,201414590,22/06/2014,Sun,1728,FD,CN1CCC,197A 331A 197B 387B 370C 191D ,,R,D,DO,F , , ,C,100,0,0,1,,,1749403,5430085
Wellington City,1N/1068/3.304,560,N, ,MOLESWORTH OBR,201438387,16/06/2014,Mon,810,FA,CS1C,331A 353A 380A ,,R,D,O ,F , , ,C,100,0,0,0,,,1749296,5429918
Wellington City,1N/1068/3.7,, ,I,MAY ON NBD,201433869,11/04/2014,Fri,1446,FO,CN2C,184A ,,R,W,O ,L ,T,G,R,100,0,0,0,,,1749021,5429640
Wellington City,1N/1068/3.7,, ,I,MAY ON NBD,201433644,12/03/2014,Wed,1610,FA,CN1C,181A 331A 353A ,,R,D,B ,F ,T,G,C,100,0,0,0,,,1749021,5429640
Wellington City,1N/1068/3.73,30,S, ,MAY ON NBD,201434453,07/04/2014,Mon,1855,FD,4N1CCC,110A 331A 801 ,,R,W,O ,L , , ,R,100,0,0,0,,,1748997,5429622
Wellington City,1N/1068/4.244,40,N, ,HAWKESTONE OBR,201413889,11/06/2014,Wed,736,FD,CN1C,331A 801 ,,R,W,TO,L , , ,C,100,0,0,2,,,1748641,5429251
Wellington City,1N/1068/4.49,50,N, ,HILL ST OBR,201442675,09/05/2014,Fri,1610,DA,CN1,131A 358A ,T,E,D,OF,F , ,N,R,80,0,0,0,,,1748521,5429042
Wellington City,1N/1068/4.577,30,S, ,HAWKESTONE ON SBD,201440297,14/07/2014,Mon,650,AA,CS1C,372A 410A 801 ,,E,W,DO,L , , ,R,100,0,0,0,,,1748520,5428942
Wellington City,1N/1068/4.649,110,S, ,HILL ST OBR,201436252,17/04/2014,Thu,1703,FD,CS1C,181A ,,R,W,O ,F , , ,C,100,0,0,0,,,1748504,5428884
Wellington City,1N/1068/4.873,300,N, ,CLIFTON ON NBD,201431137,19/02/2014,Wed,2228,CA,CN1,406A 410A ,,R,D,DO,F , ,N,C,100,0,0,0,,,1748514,5428660
Wellington City,1N/1068/4.891,40,S, ,BOLTON ST,201430290,14/01/2014,Tue,1412,CB,VN1,129A 130A ,C,R,D,B ,F , , ,C,100,0,0,0,,,1748515,5428642
Wellington City,1N/1068/4.917,200,S, ,TERRACE OFF SBD,201440947,29/07/2014,Tue,1745,AC,CS1C,372A ,G,R,W,OF,L , ,N,C,100,0,0,0,,,1748529,5428602
Wellington City,1N/1068/5.173,, ,I,CLIFTON TERRACE,201415344,21/08/2014,Thu,2030,JA,MN1C,302B 375B ,,R,W,DO,L ,T,G,C,50,0,0,1,,,1748541,5428361
Wellington City,1N/1068/5.237,200,S, ,AURORA TERRACE OBR,201448676,02/06/2014,Mon,45,DB,CN1,130A 501A ,G,E,D,DO,F , , ,C,100,0,0,0,,,1748535,5428298
Wellington City,1N/1068/5.406,300,N, ,NORTH PORTAL SBD,201431743,11/02/2014,Tue,1618,AO,CS1C,184A 372A 184B 372B ,,E,D,B ,F , , ,C,80,0,0,0,,,1748482,5428127
Wellington City,1N/1068/5.417,700,S, ,TERRACE OFF SBD,201432451,05/02/2014,Wed,1533,FD,CS1XC,110A 331A 350A ,,R,D,O ,F , , ,R,100,0,0,0,,,1748477,5428116
Wellington City,1N/1068/5.506,200,N, ,NORTH PORTAL SBD,201447416,09/11/2014,Sun,950,FD,CS1CC,181A 330A ,,R,D,B ,F , ,N,N,80,0,0,0,,,1748442,5428036
Wellington City,1N/1068/5.568,50,S, ,BOULCOTT OBR,201439536,19/06/2014,Thu,1753,FD,4S1C,181A 358A ,,R,D,DO,F , , ,R,80,0,0,0,,,1748417,5427978
Wellington City,1N/1068/5.606,100,N, ,NORTH PORTAL SBD,201441732,09/08/2014,Sat,1440,FD,4S1CC4,181A 331A ,,R,W,O ,L , , ,N,100,0,0,0,,,1748403,5427944
Wellington City,1N/1068/5.626,80,N, ,NORTH PORTAL SBD,201442475,03/08/2014,Sun,1630,FD,CS1VC,331A 358A ,,R,W,OF,L , ,N,N,80,0,0,0,,,1748395,5427925
Wellington City,1N/1068/5.666,50,N, ,NORTH PORTAL NBD,201447417,05/11/2014,Wed,1831,FD,CS1CCC,181A 330A ,,R,W,O ,L , ,N,R,60,0,0,0,,,1748376,5427900
Wellington City,1N/1068/5.691,15,N, ,NORTH PORTAL SBD,201448857,25/11/2014,Tue,1524,FD,TS1CCV,181A 402A 191B 181D 331D 801 ,,R,W,O ,L , , ,C,70,0,0,0,,,1748368,5427866
Wellington City,1N/1068/5.861,150,S, ,NORTH PORTAL NBD,201435104,04/03/2014,Tue,615,AC,TN1C,150A 372A ,,R,D,DO,F , ,N,C,70,0,0,0,,,1748348,5427708
Wellington City,1N/1068/5.998,400,N, ,VIVIAN ST,201434869,17/03/2014,Mon,1745,FD,CS1O,181A ,,R,D,OF,F , ,N,L,70,0,0,0,,,1748346,5427561
Wellington City,1N/1068/6.07,100,N, ,SOUTH PORTAL,201412264,17/05/2014,Sat,1413,FD,CS1MC,181A 181B 191C ,,R,D,O ,F , ,N,R,80,0,0,1,,,1748347,5427489
Wellington City,1N/1068/6.17,300,N, ,WILLIS ST,201436268,17/05/2014,Sat,1413,FD,CS1C,181A ,,E,D,B ,F , , ,C,80,0,0,0,,,1748354,5427389
Wellington City,1N/1075/0.001,, ,A,SOUTH PORTAL,201445046,18/10/2014,Sat,1145,FD,CS1C,181A ,,R,D,B ,F , ,N,C,80,0,0,0,,,1748353,5427390
Wellington City,1N/1075/0.001,, ,A,SOUTH PORTAL,201448237,30/11/2014,Sun,1430,AC,CN1T,372A ,,R,D,B ,F , ,N,C,70,0,0,0,,,1748353,5427390
Wellington City,1N/1075/0.05,50,S, ,SOUTH PORTAL,201444695,01/09/2014,Mon,2320,BA,CS1T,112A 125A 514A ,,R,D,DO,F , ,N,C,70,0,0,0,,,1748356,5427339
Wellington City,1N/1075/0.3,, ,I,WILLIS ST,201440328,11/05/2014,Sun,520,DB,CS1,102A 131A 358A ,GP,M,W,DO,F ,X,T,C,50,0,0,0,,,1748371,5427107
Wellington City,1N/1075/0.3,, ,I,WILLIS ST,201414950,14/06/2014,Sat,2100,HA,CE1C,322B ,,E,D,DO,F ,X,T,C,50,0,0,2,,,1748371,5427107
Wellington City,WILLIS ST,, ,I,1N/1075/0.3,201410119,24/01/2014,Fri,1112,HA,VE2CC,322A 334A ,,R,D,B ,F ,X,T,R,50,0,0,3,,,1748371,5427107
Wellington City,WILLIS ST,, ,I,1N/1075/0.3,201430314,18/01/2014,Sat,2058,HA,CE2C,322B 334B 356B ,,R,D,TF,F ,X,T,C,50,0,0,0,,,1748371,5427107
Wellington City,VICTORIA ST,, ,I,1N/1075/0.38,201442041,18/07/2014,Fri,1100,HA,CS14C,322B ,,R,D,BF,F ,X,T,C,50,0,0,0,,,1748444,5427073
Wellington City,VICTORIA ST,, ,I,VIVIAN ST W,201430316,04/01/2014,Sat,836,HA,XS1C,322B 334B ,,R,D,O ,F ,X,T,C,50,0,0,0,,,1748444,5427073
Wellington City,1N/1075/0.454,, ,I,WILLIS ST,201442476,09/07/2014,Wed,1903,CA,TN1C,666A 682A ,,R,W,DO,L ,X,T,C,50,0,0,0,,,1748300,5426947
Wellington City,1N/1075/0.454,, ,I,WILLIS ST,201437056,01/06/2014,Sun,1540,FE,CN1C,331A ,,E,D,O ,F ,X,T,C,50,0,0,0,,,1748300,5426947
Wellington City,1N/1075/0.454,, ,I,WILLIS ST,201449971,01/12/2014,Mon,530,HA,CN2C,322A 410A ,,R,D,O ,F ,X,T,C,50,0,0,0,,,1748300,5426947
Wellington City,1N/1075/0.5,200,N, ,WILLIS ST,201434870,03/03/2014,Mon,1819,FD,CS1CV,181A ,,R,W,OF,L , ,N,R,70,0,0,0,,,1748553,5427024
Wellington City,1N/1075/0.547,, ,I,VICTORIA ST,201443427,09/09/2014,Tue,1930,KB,CN1C,382B ,,M,D,TF,F ,X,T,R,50,0,0,0,,,1748338,5426862
Wellington City,1N/1075/0.611,, ,I,DUNLOP TERRACE,201411068,05/02/2014,Wed,1048,GD,ME1P,333A 352A ,,R,D,O ,F ,T,G,C,50,0,0,1,,,1748655,5426979
Wellington City,1N/1075/0.622,60,W, ,CUBA ST,201414705,11/07/2014,Fri,2105,FA,MW1C,102A 110A 380A ,,E,D,DO,F , , ,C,50,0,1,0,,,1748381,5426801
Wellington City,1N/1075/0.634,20,W, ,MARION ST,201448257,27/11/2014,Thu,1141,EA,CE1CCV,101A 129A 386A ,M,R,D,B ,F , ,N,N,50,0,0,0,,,1748676,5426970
Wellington City,1N/1075/0.696,10,E, ,KNIGGES AVENUE,201412346,18/04/2014,Fri,1610,FA,ME1C,181A ,,R,D,B ,F ,T,G,C,50,0,0,1,,,1748732,5426945
Wellington City,1N/1075/0.713,30,W, ,CUBA ST,201446931,06/08/2014,Wed,2010,AA,CW1C,112A 381A ,,R,D,DO,F , ,N,N,50,0,0,0,,,1748464,5426755
Wellington City,1N/1075/0.728,500,S, ,VIVIAN ST,201448772,24/11/2014,Mon,810,FD,CS1C,181A ,,R,D,B ,F , , ,N,60,0,0,0,,,1748762,5426931
Wellington City,1N/1075/0.749,, ,I,CUBA ST,201415048,24/08/2014,Sun,2041,NA,4W1E,713B 718B ,,R,D,DO,F ,X,T,C,50,0,0,1,18,,1748488,5426734
Wellington City,1N/1075/0.762,, ,I,TARANAKI ST N,201400177,31/08/2014,Sun,139,NB,CE1E,105B 711B ,,R,D,DO,F ,X,T,C,50,1,0,0,24,,1748792,5426917
Wellington City,1N/1075/0.762,, ,I,TARANAKI ST,201412521,30/03/2014,Sun,912,NB,CE1E,306A 324A 402A ,,R,D,O ,F ,X,T,X,50,0,0,1,2,,1748792,5426917
Wellington City,TARANAKI ST,, ,I,1N/1075/0.762,201440812,24/07/2014,Thu,1240,AA,VS14,372A ,,R,D,B ,F ,X,T,R,50,0,0,0,,,1748792,5426917
Wellington City,TARANAKI ST,, ,I,VIVIAN ST,201415722,27/08/2014,Wed,1613,NA,CN1E,712B 713B ,,R,D,BF,F ,X,T,R,50,0,0,1,18,,1748792,5426917
Wellington City,1N/1075/0.862,100,E, ,TARANAKI ST,201431309,24/02/2014,Mon,745,FA,CE1C,181A ,,R,D,OF,F , ,N,C,50,0,0,0,,,1748883,5426876
Wellington City,1N/1075/0.935,50,W, ,TORY ST,201441468,06/08/2014,Wed,917,FD,CW1C,181A 330A ,,R,D,O ,F , ,N,C,50,0,0,0,,,1748950,5426846
Wellington City,1N/1075/0.985,, ,I,TORY ST,201448254,10/12/2014,Wed,924,GF,TE1C,179A 386A 671A ,H,R,D,B ,F ,X,T,C,50,0,0,0,,,1748996,5426825
Wellington City,1N/1075/0.985,, ,I,TORY ST,201442075,28/07/2014,Mon,845,FE,CE1C,181A ,,R,D,BF,F ,X,T,C,50,0,0,0,,,1748996,5426825
Wellington City,TORY ST,, ,I,1N/1075/0.985,201414961,07/05/2014,Wed,1959,NB,CN1E,711B 718B 732B ,,R,W,DO,L ,X,T,C,50,0,0,1,24,,1748996,5426825
Wellington City,1N/1075/1.085,100,E, ,TORY ST,201432202,12/02/2014,Wed,1108,AA,CW1X,184A ,,E,D,O ,F , , ,C,50,0,0,0,,,1749087,5426785
Wellington City,1N/1075/1.135,150,E, ,TORY ST,201417743,30/12/2014,Tue,1820,QD,TE1C,428A 611A ,M,R,D,B ,F , ,N,C,50,0,0,1,,,1749133,5426764
Wellington City,1N/1075/1.206,, ,I,CAMBRIDGE TERRACE,201416614,13/10/2014,Mon,401,HA,CE1C,322A 334A ,,R,D,DO,F ,X,T,R,50,0,0,1,,,1749197,5426734
Wellington City,1N/1075/1.206,, ,I,CAMBRIDGE TERRACE,201447914,16/11/2014,Sun,1105,FE,CE1C,181A ,,R,D,B ,F ,T,T,C,50,0,0,0,,,1749197,5426734
Wellington City,1N/1075/1.206,, ,I,CAMBRIDGE TERRACE,201444637,26/03/2014,Wed,1130,HA,CE1C,132A 322B ,,R,D,B ,F ,X,T,C,50,0,0,0,,,1749197,5426734
Wellington City,1N/1075/1.242,10,S, ,PIRIE ST,201448130,08/11/2014,Sat,1100,AC,CS1BC,372A ,,R,D,B ,F ,X,T,R,50,0,0,0,,,1749216,5426713
Wellington City,1N/1075/1.319,15,S, ,BUCKLE ST N,201435603,02/05/2014,Fri,1135,AC,CN1V,381A ,,R,D,B ,F , , ,C,50,0,0,0,,,1748969,5426474
Wellington City,1N/1075/1.319,15,S, ,SH 1N BUCKLE,201436579,14/05/2014,Wed,1755,FD,VN14,181A 801 ,,R,W,TO,L , , ,C,50,0,0,0,,,1748969,5426474
Wellington City,1N/1075/1.332,100,S, ,PIRIE ST,201448748,12/10/2014,Sun,2355,AC,CS1S,357A 512A 357B 510B ,,R,D,DO,F , , ,C,50,0,0,0,,,1749179,5426631
Wellington City,1N/1075/1.435,100,N, ,ELLICE ST,201437546,05/06/2014,Thu,1623,AA,CN1B,372A ,,R,D,O ,F , , ,C,50,0,0,0,,,1749137,5426538
Wellington City,1N/1075/1.451,40,N, ,RUGBY ST,201446364,12/08/2014,Tue,2109,DA,CN1,111A 131A ,F,M,W,DO,L , ,N,R,50,0,0,0,,,1748917,5426353
Wellington City,1N/1075/1.474,, ,I,SLIP ROAD,201448280,18/12/2014,Thu,605,DA,CN1,111A 330A ,P,M,W,O ,F ,T,N,C,50,0,0,0,,,1748919,5426369
Wellington City,1N/1075/1.481,10,N, ,RUGBY ST,201431465,08/02/2014,Sat,1937,DA,CN1C,131A ,M,M,W,DO,L ,T,G,C,50,0,0,0,,,1748926,5426325
Wellington City,1N/1075/1.485,50,N, ,BUCKLE ST,201411788,09/04/2014,Wed,925,CA,MS1,130A 191A 801 ,,R,W,O ,L , , ,C,50,0,0,1,,,1749117,5426492
Wellington City,1N/1075/1.491,, ,I,SH 1N,201441312,02/08/2014,Sat,,DA,CW2C,131A 801 ,M,S,W,O ,L ,T,N,C,50,0,0,0,,,1748932,5426317
Wellington City,1N/1075/1.505,25,N, ,RUGBY ST,201451000,07/12/2014,Sun,1546,DA,CN1C,111A 131A ,M,M,W,OF,L ,T,T,C,50,0,0,0,,,1748919,5426338
Wellington City,1N/1075/1.515,15,N, ,RUGBY ST,201448155,28/11/2014,Fri,2115,DA,VN1,131A 403A ,F,E,W,DO,L , , ,N,50,0,0,0,,,1748923,5426329
Wellington City,1N/1075/1.571,, ,I,ADELAIDE ROAD,201436163,14/05/2014,Wed,815,DB,MN1,131A 801 ,,S,W,O ,L ,T,T,C,50,0,0,0,,,1749005,5426284
Wellington City,1N/1075/1.571,, ,I,ADELAIDE ROAD,201414532,02/07/2014,Wed,1810,GF,CW1S,129A ,,E,D,DO,F ,T,T,C,50,0,0,1,,19,1749005,5426284
Wellington City,1N/1075/1.591,20,E, ,ADELAIDE ROAD,201440166,11/07/2014,Fri,2215,FD,XW1C,181A 330A ,,R,W,DO,L ,T,T,C,80,0,0,0,,,1749024,5426276
Wellington City,1N/1075/1.601,30,E, ,ADELAIDE ROAD,201433447,19/03/2014,Wed,1953,FE,XW1CX,181A ,,R,D,DO,F ,T,T,C,50,0,0,0,,,1749033,5426272
Wellington City,1N/1075/1.601,30,S, ,ADELAIDE ROAD,201431906,18/02/2014,Tue,,AA,4E1C,381A ,,M,D,BF,F , ,N,C,50,0,0,0,,,1749033,5426272
Wellington City,1N/1075/1.604,, ,I,ELLICE ST S,201448281,16/12/2014,Tue,1835,AC,CS1C,372A ,,M,D,B ,F ,T,N,C,60,0,0,0,,,1749169,5426406
Wellington City,1N/1075/1.624,10,N, ,PATERSON ST EAST,201444909,21/09/2014,Sun,1935,AA,CS1C,372A ,,E,D,TO,F ,M,T,C,50,0,0,0,,,1749173,5426387
Wellington City,SLIP,, ,I,RUGBY ST,201413456,25/06/2014,Wed,1805,KA,SW1C,302B ,,R,W,DO,H ,T,G,C,50,0,0,1,,27,1749077,5426253
Wellington City,1N/1075/1.654,50,S, ,ELLICE ST,201431286,07/02/2014,Fri,1519,AC,CS1C,372A ,,E,W,OF,L , ,N,C,50,0,0,0,,,1749165,5426359
Wellington City,1N/1075/1.664,30,S, ,DUFFERIN ST,201447917,20/11/2014,Thu,1820,FD,CS1C,331A ,,M,D,B ,F ,T,N,C,50,0,0,0,,,1749171,5426348
Wellington City,PATERSON ST EAST,, ,I,1N/1075/1.688,201450842,28/12/2014,Sun,2139,DB,CE1C,111A 131A ,,M,W,DO,L ,T,T,C,50,0,0,0,,,1749183,5426328
Wellington City,1N/1075/1.76,150,E, ,ADELAIDE ROAD,201446985,25/10/2014,Sat,1630,AA,CE1C,372A ,,E,D,OF,F , ,N,N,50,0,0,0,,,1749133,5426285
Wellington City,1N/1076/0,, ,I,PATERSON ST,201441436,24/05/2014,Sat,1531,BC,CE1C,111A 122A ,,R,D,O ,F ,T,T,C,50,0,0,0,,,1749183,5426328
Wellington City,1N/1076/0,, ,I,PATERSON ST,201417144,15/10/2014,Wed,1745,AO,BS1S,129A ,,R,D,B ,F ,T,T,P,50,0,0,1,,53,1749183,5426328