TLANAME,CRASHROAD,CRASHDIST,CRASHDIRN,INTSN,SIDEROAD,CRASHID,CRASHDATE,CRASHDOW,CRASHTIME,MVMT,VEHICLES,CAUSES,OBJECTSSTRUCK,ROADCURVE,ROADWET,LIGHT,WTHRa,JUNCTYPE,TRAFCTRL,ROADMARK,SPDLIM,CRASHFATALCNT,CRASHSEVCNT,CRASHMINCNT,PERSAGE1,PERSAGE2,EASTING,NORTHING
Wellington City,1N/1076/0,, ,I,SH 1N DUFFERIN,201450889,10/12/2014,Wed,711,BF,CS1C,111A 131A ,,M,W,OF,L ,T,T,L,50,0,0,0,,,1749183,5426328
Wellington City,1N/1076/0.02,20,E, ,SLIP,201433114,26/03/2014,Wed,810,AO,CE1C,184A ,,E,D,O ,F , , ,C,50,0,0,0,,,1749184,5426328
Wellington City,1N/1076/0.04,40,E, ,DUFFERIN ST,201443198,06/09/2014,Sat,1046,BF,4E1C,111A 131A ,,S,W,O ,L , , ,L,50,0,0,0,,,1749217,5426307
Wellington City,1N/1076/0.117,150,E, ,DUFFERIN ST,201448127,19/11/2014,Wed,1208,FA,VW1C,181A ,,R,D,B ,F , , ,L,50,0,0,0,,,1749278,5426261
Wellington City,1N/1076/0.15,150,E, ,SH 1N DUFFERIN,201450890,12/12/2014,Fri,1600,FD,CW1C,504A ,,R,D,OF,F , ,N,N,50,0,0,0,,,1749308,5426247
Wellington City,1N/1076/0.177,100,W, ,WEST PORTAL,201447861,25/10/2014,Sat,1609,FD,CW1CCC,181A ,,R,D,DO,F , ,N,L,50,0,0,0,,,1749332,5426235
Wellington City,1N/1076/0.197,80,W, ,WEST PORTAL,201449235,06/12/2014,Sat,1610,FA,VE1V,181A 353A ,,R,D,O ,F , , ,L,50,0,0,0,,,1749350,5426226
Wellington City,1N/1076/0.277,, ,A,WEST PORTAL,201441435,14/07/2014,Mon,1700,FD,VW1CCC,331A 352A ,,R,W,O ,F , ,N,N,50,0,0,0,,,1749422,5426191
Wellington City,1N/1076/0.497,200,E, ,WEST PORTAL,201434457,17/04/2014,Thu,815,FD,CE1C,331A 801 ,,R,W,O ,L , , ,L,50,0,0,0,,,1749602,5426104
Wellington City,1N/1076/0.767,200,W, ,TAURIMA ST,201439466,27/06/2014,Fri,1513,FD,CW1C4C,181A 330A 191D ,,R,D,O ,F , ,N,L,50,0,0,0,,,1749864,5425979
Wellington City,1N/1076/0.902,25,E, ,EAST PORTAL,201448238,04/12/2014,Thu,1730,FA,4E1M,181A 357A ,,R,D,B ,F , ,N,C,80,0,0,0,,,1749985,5425920
Wellington City,1N/1076/0.967,, ,I,TAURIMA ST,201414706,27/06/2014,Fri,710,JA,PE1C,302B 375B ,,M,W,DO,F ,T,G,P,50,0,1,0,,,1750042,5425890
Wellington City,1N/1076/0.967,, ,I,TAURIMA ST,201444380,18/09/2014,Thu,1935,FA,CE2X,181A 331A 402A 191B 197B 901 ,,E,W,DO,H ,T,G,C,50,0,0,0,,,1750042,5425890
Wellington City,TAURIMA ST,, ,I,1N/1076/0.967,201448670,01/12/2014,Mon,1600,FB,CW1C,181A 331A ,,E,D,O ,F ,T,G,C,50,0,0,0,,,1750042,5425890
Wellington City,1N/1076/1.017,30,W, ,TAURIMA ST,201433466,14/02/2014,Fri,1524,FD,XE1XC,181A ,,R,D,BF,F , ,N,L,50,0,0,0,,,1750061,5425866
Wellington City,1N/1076/1.259,200,N, ,GOA ST,201444910,26/09/2014,Fri,1630,FD,CN1C,330A 353A ,,R,D,O ,F , ,N,C,70,0,0,0,,,1750032,5425615
Wellington City,1N/1076/1.279,200,N, ,GOA ST,201430218,20/01/2014,Mon,1240,FD,CN14,181A ,,R,D,O ,F , , ,C,50,0,0,0,,,1750032,5425615
Wellington City,1N/1076/1.484,5,S, ,GOA ST,201410758,27/03/2014,Thu,1730,AA,CN1M,143A 372A ,,R,D,O ,F ,T,N,C,70,0,0,1,,,1749970,5425420
Wellington City,1N/1076/1.494,15,S, ,GOA ST,201436687,13/05/2014,Tue,1750,FD,CN1C4,181A 350A ,,R,W,DO,L , ,N,C,70,0,0,0,,,1749967,5425410
Wellington City,1N/1076/1.665,150,N, ,WELLINGTON ROAD,201446673,03/11/2014,Mon,1337,CB,CN1,130A 197A 423A ,P,R,D,B ,F , , ,C,70,0,0,0,,,1749910,5425227
Wellington City,1N/1076/1.735,80,N, ,WELLINGTON ROAD,201443189,04/09/2014,Thu,1425,FD,CN1X,181A ,,R,D,B ,F , , ,C,50,0,0,0,,,1749888,5425161
Wellington City,1N/1076/1.815,, ,I,RUAHINE ST,201444682,29/09/2014,Mon,1730,KA,CN1C,302B ,,E,D,B ,F ,T,G,C,80,0,0,0,,,1749873,5425084
Wellington City,1N/1076/1.815,, ,I,WELLINGTON ROAD,201416616,04/10/2014,Sat,1145,FB,CW1C,331A ,,M,D,O ,F ,T,G,P,50,0,0,1,,,1749873,5425084
Wellington City,1N/1076/1.815,, ,I,WELLINGTON ROAD,201442015,12/07/2014,Sat,1425,FB,CN2C,181A ,,E,W,OF,L ,T,G,R,50,0,0,0,,,1749873,5425084
Wellington City,1N/1076/1.815,, ,I,WELLINGTON ROAD,201439193,14/06/2014,Sat,2100,JA,CN14,302B 375B ,,M,D,DO,F ,R,G,C,50,0,0,0,,,1749873,5425084
Wellington City,WELLINGTON ROAD,, ,I,RUAHINE ST,201445473,29/09/2014,Mon,1710,JC,CS2C,302B 330B ,,E,D,O ,F ,T,G,C,50,0,0,0,,,1749873,5425084
Wellington City,1N/1076/1.835,, ,I,SH 1N RUAHINE,201411073,01/03/2014,Sat,830,LB,CN1C,303B 382B ,,M,D,O ,F ,T,G,R,50,0,0,1,,,1749873,5425084
Wellington City,WELLINGTON ROAD,, ,I,RUAHINE ST,201433113,27/03/2014,Thu,1430,FA,CE1C,181A ,,E,D,B ,F ,T,G,R,60,0,0,0,,,1749873,5425084
Wellington City,1N/1076/1.891,, ,I,MOXHAM AVENUE,201449204,22/11/2014,Sat,500,JA,CE14,103B 302B ,,R,D,DO,F ,T,G,P,50,0,0,0,,,1749941,5425068
Wellington City,1N/1076/1.979,, ,I,WALMER ST,201442247,13/08/2014,Wed,1902,FD,CW1CC,181A 181B ,,R,D,DO,F ,T,N,L,50,0,0,0,,,1750029,5425063
Wellington City,1N/1076/1.989,10,E, ,WALMER ST,201437698,07/06/2014,Sat,1230,AA,CE1C,184A 353A 387A 184B 387B ,,R,D,O ,F ,T,N,L,50,0,0,0,,,1750039,5425061
Wellington City,1N/1076/2.064,30,W, ,KILBIRNIE CRESCENT,201411069,22/02/2014,Sat,809,MD,ME14,308B 375B 929 ,,R,D,B ,F ,D, ,L,50,0,0,1,,,1750093,5425052
Wellington City,WELLINGTON ROAD,, ,I,KILBIRNIE CRESCENT,201445614,24/09/2014,Wed,854,LB,BN2CS,191A 197A 191B 353B 210C 309C ,,R,D,B ,F ,X,T,R,50,0,0,0,,,1750123,5425048
Wellington City,KILBIRNIE CRESCENT,, ,I,WELLINGTON ROAD,201413145,08/02/2014,Sat,1449,LB,CW1C,171B 303B 801 ,,R,W,O ,L ,X,T,C,50,0,0,1,,,1750123,5425048
Wellington City,1N/1076/2.208,50,W, ,EVANS BAY PARADE,201440801,01/07/2014,Tue,855,FD,CE1M,181A ,,R,D,O ,F , , ,R,50,0,0,0,,,1750252,5425019
Wellington City,EVANS BAY PARADE S,, ,I,COBHAM DRIVE,201448260,05/12/2014,Fri,1750,HA,CN1C,423A 427A ,,R,D,B ,F ,X,T,C,50,0,0,0,,,1750300,5425000
Wellington City,EVANS BAY PARADE S,, ,I,1N/1076/2.26,201437842,07/06/2014,Sat,1920,GA,CN1P,181A ,,R,D,B ,F ,X,G, ,50,0,0,0,,,1750300,5425000
Wellington City,1N/1076/2.26,, ,I,EVANS BAY PARADE,201444806,21/09/2014,Sun,850,MO,TN2C,129A ,Q,R,D,BF,F ,X,T,C,50,0,0,0,,,1750300,5425000
Wellington City,EVANS BAY PARADE,, ,I,1N/1076/2.28,201411074,09/02/2014,Sun,2215,LB,4N1M,303B 375B ,,R,D,DO,F ,X,T,R,50,0,0,1,,,1750300,5425000
Wellington City,1N/1076/2.28,, ,I,EVANS BAY PARADE,201435941,07/04/2014,Mon,830,GD,CW1C,333A ,,R,W,OF,L ,X,T,C,50,0,0,0,,,1750300,5425000
Wellington City,1N/1076/2.458,200,E, ,EVANS BAY PARADE,201413946,17/04/2014,Thu,1930,CB,CE1,133A 402A ,FP,R,D,DO,L , ,N,N,70,0,0,1,,,1750477,5424928
Wellington City,1N/1076/3.084,, ,I,TROY ST,201440118,20/06/2014,Fri,1513,FB,CN1C,181A 330A ,,E,D,B ,F ,R,G,C,70,0,0,0,,,1750892,5424471
Wellington City,1N/1076/3.084,, ,I,TROY ST,201414380,10/06/2014,Tue,940,DB,VN2,110A 131A 801 ,K,E,W,O ,L ,R,G,R,70,0,1,0,,,1750889,5424441
Wellington City,1N/1076/3.088,, ,I,TROY ST,201445329,20/09/2014,Sat,100,LB,CS14,302A 903 ,,M,D,DO,FS,R,G,R,70,0,0,0,,,1750931,5424492
Wellington City,1N/1076/3.088,, ,I,TROY ST,201442977,07/09/2014,Sun,1200,FB,CW1C,331A ,,R,D,O ,F ,R,G,R,70,0,0,0,,,1750927,5424495
Wellington City,1N/1076/3.103,5,N, ,TROY ST,201431503,20/01/2014,Mon,1650,FB,CS1C,331A ,,E,D,OF,  ,R,N,N,50,0,0,0,,,1750927,5424495
Wellington City,1N/1076/3.108,, ,I,TROY ST,201430770,19/01/2014,Sun,215,FB,CW1C,181A ,,E,D,DO,F ,R,G,R,70,0,0,0,,,1750927,5424495
Wellington City,1N/1076/3.122,, ,I,TROY ST,201447418,20/11/2014,Thu,1553,FB,CE1C,181A 331A ,,E,D,B ,F ,R,G,C,70,0,0,0,,,1750966,5424479
Wellington City,1N/1076/3.122,, ,I,TROY ST,201417660,04/12/2014,Thu,2000,DA,ME1,110A 402A ,,E,W,O ,L ,R,G,R,70,0,0,1,,,1750947,5424489
Wellington City,1N/1076/3.141,, ,I,TROY ST,201410134,14/01/2014,Tue,1602,AA,CE1M,177A 404A 671A ,,R,D,O ,F ,R,G,R,70,0,0,1,,,1750947,5424489
Wellington City,1N/1076/3.585,, ,I,CALABAR ROAD,201412949,01/06/2014,Sun,1611,GF,CE1M,129B 131B 387B ,,M,D,B ,F ,R,G,R,50,0,0,1,,,1751397,5424522
Wellington City,1N/1076/3.702,, ,I,COBHAM DRIVE,201440167,12/07/2014,Sat,1400,FB,CN1C,181A ,,E,W,O ,L ,R,G,C,70,0,0,0,,,1751452,5424455
Wellington City,1N/1076/3.702,, ,I,COBHAM DRIVE,201438113,25/03/2014,Tue,1340,FB,CE1C,181A 387A ,,E,D,BF,F ,R,G,R,70,0,0,0,,,1751452,5424455
Wellington City,CALABAR ROAD,, ,I,1N/1076/3.72,201445608,06/10/2014,Mon,1815,AA,4N1X,357A 372A ,,M,W,O ,L ,R,G,C,70,0,0,0,,,1751427,5424454
Wellington City,1N/1076/3.752,50,S, ,COBHAM DRIVE,201450894,12/12/2014,Fri,1533,FD,CN1C,181A ,,R,W,OF,L , ,N,C,70,0,0,0,,,1751453,5424410
Wellington City,1N/1076/4.12,, ,I,CALEDONIA ST,201440943,22/07/2014,Tue,1307,KB,CN1C,302B 353B ,,R,D,OF,L ,T,G,R,70,0,0,0,,,1751424,5424061
Wellington City,1N/1076/4.12,, ,I,CALEDONIA ST,201414525,10/07/2014,Thu,740,FB,CN1CB,181A 191B 122C ,,R,D,B ,F ,T,G,C,70,0,0,1,,,1751424,5424061
Wellington City,1N/1076/4.122,, ,I,CALEDONIA ST,201430288,03/01/2014,Fri,955,JA,CS14,302B ,,R,D,O ,F ,T,G,R,70,0,0,0,,,1751424,5424061
Wellington City,1N/1076/4.14,, ,I,CALEDONIA ST,201433309,04/04/2014,Fri,1408,KB,CN1C,302B 375B ,,R,D,BF,F ,T,G,C,70,0,0,0,,,1751424,5424061
Wellington City,2/962/12.936,1000,W, ,PETONE OBR SBD,201437428,15/04/2014,Tue,818,FA,CW1CC,331A 427A ,,E,D,B ,F , , ,R,100,0,0,0,,,1754989,5434366
Wellington City,2/962/12.995,3270,N, ,RAILYARD ENTRY,201415880,23/08/2014,Sat,710,CA,CS1,103A 130A 402A ,G,R,W,O ,L , , ,C,100,0,0,2,,,1754932,5434348
Wellington City,2/962/12.997,300,S, ,HOROKIWI ROAD,201415384,28/08/2014,Thu,840,FD,CS1CC,181A 330A ,,R,D,B ,F , ,N,C,100,0,0,2,,,1754925,5434359
Wellington City,2/962/13.097,400,W, ,HOROKIWI ROAD,201443299,29/08/2014,Fri,907,FD,CW1CC,181A 181B ,,R,D,B ,F , , ,C,100,0,0,0,,,1754830,5434329
Wellington City,2/962/13.097,400,W, ,HOROKIWI ROAD,201444159,29/08/2014,Fri,728,FD,CE1CC,181A ,,R,D,BF,F , ,N,C,100,0,0,0,,,1754830,5434329
Wellington City,2/962/13.177,1000,S, ,PETONE ON SBD,201438115,08/05/2014,Thu,702,FD,TS1C,181A ,,R,D,TN,F , ,N,N,100,0,0,0,,,1754759,5434294
Wellington City,2/962/13.205,3060,N, ,RAILYARD ENTRY,201417311,13/11/2014,Thu,851,FA,CW1C,112A 331A 402A ,,R,D,B ,F , , ,C,100,0,0,1,,,1754732,5434285
Wellington City,2/962/13.351,520,N, ,SERVICE STN NTH,201415143,16/07/2014,Wed,1248,FA,TE1C,111A 331A 350A 801 ,C,M,W,O ,L , , ,C,100,0,0,1,,,1754588,5434252
Wellington City,2/962/13.395,700,S, ,HOROKIWI ROAD,201412475,18/03/2014,Tue,245,DB,CS1,103A 131A 132A ,C,M,W,DO,F , , ,C,100,0,0,2,,,1754552,5434225
Wellington City,2/962/13.571,300,N, ,SERVICE STN NTH,201439196,30/05/2014,Fri,413,DB,CN1,101A 111A 410A ,G,E,D,DO,F , ,N,C,100,0,0,0,,,1754409,5434130
Wellington City,2/962/13.697,1000,S, ,HOROKIWI ROAD,201445797,28/10/2014,Tue,1800,FD,4S1V,181A ,,M,D,O ,F , ,N,R,100,0,0,0,,,1754335,5434028
Wellington City,2/962/13.697,1000,S, ,HOROKIWI ROAD,201441442,16/07/2014,Wed,1249,FA,TN144,132A 181A 830 ,,M,W,O ,L , ,N,C,100,0,0,0,,,1754335,5434028
Wellington City,2/962/13.871,, ,A,SERVICE STN NTH,201441294,10/08/2014,Sun,1400,FA,CN1C,181A 331A ,,R,D,B ,F ,T,G,R,100,0,0,0,,,1754201,5433919
Wellington City,2/962/13.877,1180,S, ,HOROKIWI ROAD,201414792,28/02/2014,Fri,2253,AD,CN1C,110A 130A 901 903 ,,E,W,DO,HS, , ,C,100,0,1,0,,,1754196,5433916
Wellington City,2/962/13.897,1200,S, ,HOROKIWI ROAD,201439525,09/06/2014,Mon,1730,FD,CS1C,181A ,,R,W,DO,H , , ,C,100,0,0,0,,,1754177,5433908
Wellington City,2/962/13.997,1300,S, ,HOROKIWI ROAD,201415116,14/08/2014,Thu,1644,AC,CN1M,350A 372A ,,R,D,O ,F , , ,C,100,0,0,1,,,1754084,5433872
Wellington City,2/962/14.097,1400,W, ,HOROKIWI ROAD,201416715,18/09/2014,Thu,1858,DA,CE1,131A 901 ,P,E,W,OO,H , , ,C,100,0,0,2,,,1753996,5433825
Wellington City,2/962/14.197,1500,W, ,HOROKIWI ROAD,201435753,15/04/2014,Tue,1810,FD,CE1CCC,181A 331A ,G,R,D,DO,F , , ,C,100,0,0,0,,,1753925,5433755
Wellington City,2/962/14.377,2200,S, ,PETONE ON SBD,201410756,04/04/2014,Fri,654,FD,MS1TVV,181A 181B 353B ,,R,D,DO,F , ,N,R,100,0,0,1,,,1753809,5433612
Wellington City,2/962/14.567,1800,N, ,NGAURANGA ON NBD,201437663,28/05/2014,Wed,918,CC,TS1,191A 197A ,,R,D,O ,F , , ,R,100,0,0,0,,,1753671,5433481
Wellington City,2/962/14.741,1000,N, ,HUTT ON NBD,201435011,17/04/2014,Thu,650,FD,CS1C,110A 181A ,,R,W,O ,F , ,N,C,100,0,0,0,,,1753526,5433387
Wellington City,2/962/14.97,2000,N, ,SH 1N,201449232,29/11/2014,Sat,530,CA,CN1,103A 402A 430A ,G,R,D,O ,F , , ,C,100,0,0,0,,,1753342,5433252
Wellington City,2/962/15.367,1000,N, ,NGAURANGA ON NBD,201441536,11/08/2014,Mon,1715,FD,VN1C,110A 181A ,,E,D,O ,F , ,N,C,100,0,0,0,,,1753039,5432992
Wellington City,2/962/15.43,1300,N, ,NGAURANGA ON NBD OBR,201410038,18/02/2014,Tue,1615,FD,CN1C4C,181A 331A 191B 191C ,,R,D,O ,F , , ,C,80,0,0,2,,,1752985,5432963
Wellington City,2/962/15.43,1300,N, ,NGAURANGA ON NBD OBR,201446950,10/09/2014,Wed,1635,FD,VN1CCC,181A 181D ,,R,D,OF,F , ,N,R,80,0,0,0,,,1752985,5432963
Wellington City,2/962/15.467,1500,N, ,SH 1N,201442897,06/08/2014,Wed,1053,EC,VS1,137A ,DG,R,W,O ,L , ,N,C,100,0,0,0,,,1752959,5432932
Wellington City,2/962/15.691,50,N, ,HUTT ON NBD,201414960,04/06/2014,Wed,755,FD,CN1C,181A ,,R,D,BF,F , ,N,C,100,0,0,1,,,1752770,5432813
Wellington City,2/962/15.741,, ,I,HUTT ON NBD,201416885,12/11/2014,Wed,0,DA,CS1,101A 111A 131A ,C,M,D,DO,F ,M,N,C,100,0,1,0,,,1752729,5432784
Wellington City,2/962/15.741,, ,I,HUTT ON NBD,201441339,14/07/2014,Mon,1255,AA,CN2V,112A 177A 184A 901 903 ,,R,W,O ,HS,M,N,C,100,0,0,0,,,1752729,5432784
Wellington City,2/962/15.771,1540,S, ,SERVICE STN STH,201439847,25/06/2014,Wed,1615,FD,CN1CCT,181A 331A 402A 112B 331B 358B 181C 801+,,R,W,O ,L , , ,R,100,0,0,0,,,1752705,5432767
Wellington City,2/962/15.841,100,S, ,HUTT ON NBD,201447010,03/11/2014,Mon,656,AA,VS14,381A ,,R,W,OF,L , ,N,C,100,0,0,0,,,1752648,5432726
Wellington City,2/962/15.967,1000,N, ,SH 1N,201448154,24/11/2014,Mon,1817,AC,TS1C,372A 671A ,,R,D,B ,F , , ,C,100,0,0,0,,,1752554,5432639
Wellington City,2/962/15.98,750,N, ,NGAURANGA ON NBD OBR,201413014,08/05/2014,Thu,1826,FD,CN14C,331A 350A ,,R,W,DO,F , ,N,R,100,0,0,1,,,1752538,5432643
Wellington City,2/962/16.1,630,N, ,NGAURANGA ON NBD OBR,201438207,09/06/2014,Mon,1755,FD,CS1V,181A ,,R,W,DO,L , ,N,R,100,0,0,0,,,1752440,5432573
Wellington City,2/962/16.23,500,N, ,NGAURANGA ON NBD OBR,201442103,31/07/2014,Thu,1755,FD,CN1C,181A ,,R,D,DO,F , , ,C,100,0,0,0,,,1752338,5432493
Wellington City,2/962/16.341,600,S, ,HUTT ON NBD,201433871,11/04/2014,Fri,1800,FD,CN1C,181A ,,R,W,DO,F , , ,C,80,0,0,0,,,1752256,5432417
Wellington City,2/962/16.367,, ,I,NGAURANGA ON NBD,201412057,21/03/2014,Fri,930,FD,VS1CC,181A 330A ,,E,D,B ,F ,T,N,R,80,0,0,1,,,1752244,5432387
Wellington City,2/962/16.53,200,N, ,NGAURANGA ON NBD OBR,201441975,21/08/2014,Thu,1945,FA,TN1C,110A 181A 801 ,,R,W,DO,L , , ,R,100,0,0,0,,,1752121,5432286
Wellington City,2/962/16.59,140,N, ,NGAURANGA ON NBD OBR,201432084,13/02/2014,Thu,1620,FA,CN1C,423A ,,R,D,B ,F , , ,C,100,0,0,0,,,1752076,5432247
Wellington City,2/962/16.68,50,N, ,NGAURANGA ON NBD OBR,201438246,06/06/2014,Fri,1700,FD,CN1C,331A 410A ,,R,D,OF,F , ,N,N,100,0,0,0,,,1752007,5432189
Wellington City,2/962/16.73,, ,A,NGAURANGA ON NBD OBR,201433717,11/03/2014,Tue,1804,FD,CS1V,181A ,,R,D,O ,F , , ,C,100,0,0,0,,,1751968,5432157
Wellington City,2/962/16.828,100,S, ,NGAURANGA ON NBD OBR,201440948,31/07/2014,Thu,1756,FD,4N1V,181A ,,R,D,DO,F , ,N,R,100,0,0,0,,,1751891,5432094
Western Bay Of Plenty District,ARAWA AVENUE,170,S, ,WILLIAMS CRESCENT,201410212,16/01/2014,Thu,8,DB,CS1,103A 111A ,T,E,D,DO,F , ,N,N,50,0,0,2,,,1905249,5815846
Western Bay Of Plenty District,ARAWA AVENUE,400,N, ,WILSON ROAD NORTH,201412120,21/03/2014,Fri,929,DA,CN1,111A 131A ,E,E,D,O ,F , , ,C,100,0,0,1,,,1904772,5814058
Western Bay Of Plenty District,ARAWA AVENUE,500,N, ,WILSON ROAD NORTH,201430064,03/01/2014,Fri,36,DB,CS1,102A 131A ,CT,M,D,DN,F , ,N,C,70,0,0,0,,,1904805,5814148
Western Bay Of Plenty District,ATHENREE ROAD,30,W, ,SANDLEIGH DRIVE,201439485,09/05/2014,Fri,2207,CC,CW1,103A 433A ,F,R,D,DN,F , ,N,C,50,0,0,0,,,1861798,5851493
Western Bay Of Plenty District,BEACH ROAD,, ,I,FAIRVIEW ROAD,201410315,01/02/2014,Sat,2155,DC,MN2,103A ,F,R,D,DO,F ,T,G,C,50,0,0,2,,,1858425,5839859
Western Bay Of Plenty District,BEACH ROAD,, ,I,FYFE ROAD,201411004,10/01/2014,Fri,1700,KB,CN1C,308B 370B 929 ,F,R,D,O ,F ,D,N,C,50,0,0,2,,,1859960,5856705
Western Bay Of Plenty District,BEACH ROAD,100,N, ,PARK ROAD,201414156,12/06/2014,Thu,1455,NB,CN1E,306A 507A ,S,R,W,OF,L , ,P,X,50,0,0,1,8,,1904309,5815456
Western Bay Of Plenty District,BEACH ROAD,1000,E, ,PUKAKURA ROAD,201413592,13/08/2014,Wed,1810,FO,CE1C,357A 512A 433B 929 ,T,R,D,DN,F ,D,N,C,80,0,1,0,,,1860436,5840108
Western Bay Of Plenty District,BELK ROAD,590,S, ,MELVILLE ROAD,201416400,22/09/2014,Mon,2006,DB,CN1,131A 402A ,T,S,D,DN,F , , ,N,100,0,0,1,,,1872418,5813448
Western Bay Of Plenty District,BELK ROAD,750,E, ,SH 29,201440806,01/08/2014,Fri,650,DA,CN1,131A 501A 904 ,F,E,D,DN,M , , ,N,100,0,0,0,,,1871315,5816227
Western Bay Of Plenty District,BELK ROAD,2110,N, ,SH 29,201436668,24/05/2014,Sat,905,DA,CN1,110A 134A ,C,E,W,O ,F , ,N,C,100,0,0,0,,,1871862,5815229
Western Bay Of Plenty District,BELL ROAD,30,E, ,PARTON ROAD,201449216,09/12/2014,Tue,1700,MC,VE1C,372B ,,R,D,O ,M , , ,C,80,0,0,0,,,1891376,5818669
Western Bay Of Plenty District,BELL ROAD,50,E, ,SH 2,201432348,09/02/2014,Sun,1800,AC,VE1V,357A 372A ,,R,D,O ,F , , ,C,100,0,0,0,,,1890711,5818693
Western Bay Of Plenty District,BELL ROAD,1500,E, ,SH 2 TAURANGA EAST ROAD,201445267,19/10/2014,Sun,1,DB,CS1,111A 131A 402A ,V,M,W,DN,H , , ,C,100,0,0,0,,,1892158,5818626
Western Bay Of Plenty District,BOUCHER AVENUE,20,W, ,LENIHAN DRIVE,201435944,10/04/2014,Thu,1950,CB,CE1,103A ,FP,R,W,DO,L , ,N,C,50,0,0,0,,,1892550,5811719
Western Bay Of Plenty District,BOUCHER AVENUE,60,N, ,OXFORD ST,201446562,20/09/2014,Sat,1936,EA,CS1C,103A 129A ,M,R,W,DO,L , , ,C,50,0,0,0,,,1892776,5812259
Western Bay Of Plenty District,BRIGHTON ROAD,40,N, ,LEO ST,201446234,01/10/2014,Wed,2150,DA,VS1,101A 131A 410A ,F,M,D,DO,FS, ,N,C,50,0,0,0,,,1860310,5856447
Western Bay Of Plenty District,CAMERON ROAD,20,N, ,PRINCESS ST,201444697,03/10/2014,Fri,1520,MO,CS1,104A 386A 926 ,D,M,D,B ,F ,D,N,C,50,0,0,0,,,1892093,5812331
Western Bay Of Plenty District,CAMERON ROAD,60,W, ,TYNAN ST,201434808,08/04/2014,Tue,1325,DA,CW1,111A 131A ,TX,M,W,OF,L , ,N,C,50,0,0,0,,,1892029,5811480
Western Bay Of Plenty District,CAMERON ROAD,200,N, ,WILLIAMS DRIVE,201437462,27/05/2014,Tue,1120,EA,CN1C,129A 363A 902 ,M,R,D,B ,F , , ,C,50,0,0,0,,,1892010,5811714
Western Bay Of Plenty District,COMMERCE LANE,10,E, ,JOCELYN ST,201434411,26/04/2014,Sat,1636,ME,CE1C,371B ,,R,D,O ,F ,T,G,N,50,0,0,0,,,1893015,5812977
Western Bay Of Plenty District,CRAWFORD ROAD,200,E, ,JUNCTION ROAD,201410900,22/02/2014,Sat,750,DA,CN1,111A 131A ,T,M,W,ON,L , ,N,C,100,0,0,1,,,1870531,5820219
Western Bay Of Plenty District,CRAWFORD ROAD,50,W, ,WAIROA ROAD,201450754,07/11/2014,Fri,2000,DB,4W1,131A ,F,E,D,DN,F , ,N,C,100,0,0,0,,,1872399,5821199
Western Bay Of Plenty District,DUNLOP ROAD,120,S, ,DONOVAN ST,201431101,30/01/2014,Thu,1005,MO,CN1C,330A 371A 929 ,,R,D,B ,F , ,N,N,50,0,0,0,,,1891787,5813157
Western Bay Of Plenty District,DUNLOP ROAD,120,N, ,RAYMOND AVENUE,201418330,01/12/2014,Mon,1100,PC,CE1E,929,,R,D,BF,F ,D,N,C,50,0,0,1,30,,1891756,5813091
Western Bay Of Plenty District,DUNLOP ROAD,, ,I,RAYMOND AVENUE,201442451,01/08/2014,Fri,1740,DC,CW2,501A ,C,R,D,DO,F ,T,G,C,50,0,0,0,,,1891715,5812978
Western Bay Of Plenty District,EMERTON ROAD,, ,A,STEELE ROAD,201435572,17/04/2014,Thu,1419,DB,CS1,111A 131A 402A 801 ,P,S,W,O ,L , , ,C,100,0,0,0,,,1860535,5852313
Western Bay Of Plenty District,ESDAILE ROAD,110,E, ,LOWE ROAD,201444943,03/10/2014,Fri,1805,DA,CE1,359A 402A ,T,E,D,B ,F , ,N,C,100,0,0,0,,,1862770,5826971
Western Bay Of Plenty District,ESDAILE ROAD,620,E, ,LOWE ROAD,201414526,13/07/2014,Sun,900,BC,CW1C,111A 121A 132A 800 ,,M,W,B ,F , , ,C,100,0,0,1,,,1863185,5827034
Western Bay Of Plenty District,ESDAILE ROAD,20,S, ,OLD HIGHWAY,201411893,24/03/2014,Mon,1846,BB,CS1V,129A 358A ,,E,D,BN,F , ,N,C,80,0,1,1,,,1864410,5828080
Western Bay Of Plenty District,FAIRVIEW ROAD,, ,I,CARISBROOKE ST,201410319,29/01/2014,Wed,633,HA,VW14,302B 375B ,,R,D,BF,F ,X,G,C,50,0,0,1,,,1857885,5839320