TLANAME,CRASHROAD,CRASHDIST,CRASHDIRN,INTSN,SIDEROAD,CRASHID,CRASHDATE,CRASHDOW,CRASHTIME,MVMT,VEHICLES,CAUSES,OBJECTSSTRUCK,ROADCURVE,ROADWET,LIGHT,WTHRa,JUNCTYPE,TRAFCTRL,ROADMARK,SPDLIM,CRASHFATALCNT,CRASHSEVCNT,CRASHMINCNT,PERSAGE1,PERSAGE2,EASTING,NORTHING
Western Bay Of Plenty District,GLEN TERRACE,50,W, ,MOEHAU ST,201448569,15/11/2014,Sat,2000,EA,CE1C,129A ,M,E,D,DO,F , ,N,C,50,0,0,0,,,1892562,5812530
Western Bay Of Plenty District,GLEN TERRACE,90,W, ,MOEHAU ST,201450429,13/11/2014,Thu,1030,MO,CW1T,371B ,,R,D,OF,F , ,N,C,50,0,0,0,,,1892522,5812531
Western Bay Of Plenty District,HAKAO ROAD,700,W, ,OLIVER ROAD,201415938,13/09/2014,Sat,1744,DC,CW1C4,101A 330A 801 ,FHX,R,W,O ,L , , ,C,80,0,0,1,,,1870661,5821988
Western Bay Of Plenty District,HOT SPRINGS ROAD,2500,W, ,SH 2,201440260,03/06/2014,Tue,1830,EC,CW1,912,W,R,D,DN,F , , ,C,100,0,0,0,,,1854905,5836094
Western Bay Of Plenty District,JOCELYN ST,, ,I,QUEEN ST,201446898,07/11/2014,Fri,1709,DB,CS1,330A 427A ,CS,R,D,B ,F ,R,G,R,50,0,0,0,,,1892902,5812809
Western Bay Of Plenty District,JOCELYN ST,20,N, ,SH 2,201416621,23/10/2014,Thu,1645,MC,VS14,372B ,,R,D,O ,F , , ,C,50,0,0,1,,,1857704,5839606
Western Bay Of Plenty District,JOCELYN ST,20,N, ,SH 2,201438755,23/04/2014,Wed,1200,MF,CN1C,371B ,,R,D,BF,F ,R,G,R,50,0,0,0,,,1892979,5812943
Western Bay Of Plenty District,JOCELYN ST,80,S, ,SH 2,201410490,13/02/2014,Thu,1844,GD,TN14,130A 387A 925 ,,E,D,B ,F ,D,N,C,50,0,0,1,,,1857764,5839603
Western Bay Of Plenty District,JOCELYN ST,10,W, ,SH 2,201432327,07/02/2014,Fri,1325,KA,4E1C,308B 926 ,,R,D,O ,F ,D,N,C,50,0,0,0,,,1857694,5839606
Western Bay Of Plenty District,JOYCE ROAD,1100,N, ,IONA ROAD,201412886,13/05/2014,Tue,545,CC,CN1,130A 358A 402A 407A ,C,R,D,DN,F , , ,L,100,0,0,1,,,1875542,5815128
Western Bay Of Plenty District,KAIKOKOPU ROAD,30,S, ,WAERENGA ROAD,201416940,20/06/2014,Fri,1230,JA,VN1C,308B 375B 929 ,,R,D,ON,F ,D,N,C,100,0,0,1,,,1905112,5811120
Western Bay Of Plenty District,KAITEMAKO ROAD,500,E, ,SHADY LANE,201416714,18/10/2014,Sat,1545,DA,CE1,131A 195A 813 817 ,C,M,W,O ,L , , ,N,50,0,0,1,,,1881450,5816914
Western Bay Of Plenty District,KAITEMAKO ROAD,1130,S, ,WAITAHA ROAD SOUTH,201446776,28/10/2014,Tue,2227,DA,VN1,111A 134A 904 ,P,M,W,DN,M , ,N,C,100,0,0,0,,,1881834,5815950
Western Bay Of Plenty District,KAURI POINT ROAD,200,S, ,NORON PLACE,201418407,03/12/2014,Wed,1520,FA,CN1B,386A 501A ,,R,D,B ,F , , ,C,100,0,0,1,,,1859240,5843581
Western Bay Of Plenty District,KAURI POINT ROAD,400,W, ,NORON PLACE,201415271,17/07/2014,Thu,738,DB,CW1,103A 131A ,T,E,D,BF,F , ,N,C,100,0,0,1,,,1858735,5843898
Western Bay Of Plenty District,LANDSCAPE ROAD,200,N, ,SH 2,201432326,08/02/2014,Sat,300,DB,CN1,131A ,X,E,W,DN,L , , ,N,50,0,0,0,,,1893719,5812574
Western Bay Of Plenty District,LANSDOWNE ROAD,60,W, ,HIGHFIELDS DRIVE,201417603,04/11/2014,Tue,612,DA,CE1,111A 404A ,C,M,D,O ,F , ,N,C,100,0,0,1,,,1857273,5839785
Western Bay Of Plenty District,LINDEMANN ROAD,2400,W, ,SH 2,201442450,31/07/2014,Thu,1540,DA,CE1,102A 111A 134A ,T,M,W,ON,F , ,N,N,100,0,0,0,,,1854959,5841041
Western Bay Of Plenty District,MAKETU ROAD,100,S, ,KELLY ROAD,201412198,21/05/2014,Wed,2020,BA,VN1C,205A 404A 197B ,,R,D,DN,F , , ,C,100,0,2,4,,,1901584,5813104
Western Bay Of Plenty District,MAKETU ROAD,1000,S, ,KELLY ROAD,201435556,10/04/2014,Thu,210,DA,CE1,111A 131A 801 ,C,M,W,DN,L , , ,C,100,0,0,0,,,1900964,5812463
Western Bay Of Plenty District,MAKETU ROAD,1000,S, ,KELLY ROAD,201430432,21/01/2014,Tue,1313,DB,CN1,110A 131A ,C,M,W,O ,F , ,N,C,100,0,0,0,,,1900964,5812463
Western Bay Of Plenty District,MAKETU ROAD,1090,S, ,KELLY ROAD,201438103,14/05/2014,Wed,945,DB,4N1,131A ,F,M,W,BN,F , ,N,C,100,0,0,0,,,1900911,5812391
Western Bay Of Plenty District,MAKETU ROAD,300,N, ,SH 2,201433508,30/03/2014,Sun,940,MC,CS1C,372B ,,R,D,BN,F , ,N,C,100,0,0,0,,,1899027,5811689
Western Bay Of Plenty District,MAKETU ROAD,280,E, ,YOUNG ROAD,201444268,18/09/2014,Thu,1727,FA,CE1M,181A 331A 801 ,,R,W,O ,L , , ,C,100,0,0,0,,,1899054,5811697
Western Bay Of Plenty District,MANGATOI ROAD,500,E, ,NO 2 ROAD,201418335,23/11/2014,Sun,1830,BB,CE1C,129A ,,S,D,TN,F , ,N,N,100,0,0,2,,,1882499,5799665
Western Bay Of Plenty District,MANGATOI ROAD,4000,E, ,SH 36,201448567,27/11/2014,Thu,2300,DB,CE1,133A 407A 423A ,C,M,D,DN,F , ,N,N,80,0,0,0,,,1880428,5798778
Western Bay Of Plenty District,MANOEKA ROAD,3000,S, ,TE PUKE QUARRY ROAD,201440692,24/07/2014,Thu,2200,DA,CS1,111A 131A 402A ,X,M,D,DN,F , , ,N,100,0,0,0,,,1889087,5811873
Western Bay Of Plenty District,MCLAREN FALLS ROAD,20,N, ,POWERHOUSE HILL ROAD,201434425,24/04/2014,Thu,1901,BA,VN1C,205A 404A ,,R,W,DN,F , , ,C,100,0,0,0,,,1868842,5808153
Western Bay Of Plenty District,MCLAREN FALLS ROAD,4000,S, ,SH 29,201450642,26/01/2014,Sun,1610,MO,VN1C,110A 371A ,M,R,D,B ,F , ,N,N,50,0,0,0,,,1868582,5809158
Western Bay Of Plenty District,NETTLINGHAM PLACE,20,S, ,BISHOPRICK CRESCENT,201448564,16/08/2014,Sat,730,MO,CN1C,371A 929 ,M,R,D,BF,F ,D,N,C,50,0,0,0,,,1891787,5812823
Western Bay Of Plenty District,NO 1 ROAD,300,S, ,CHEETHAM AVENUE,201439243,23/06/2014,Mon,2125,DB,CN1,111A 131A ,GV,E,W,DN,L , , ,C,100,0,0,0,,,1891842,5808051
Western Bay Of Plenty District,NO 1 ROAD,1000,S, ,EDGEHILL PLACE,201438117,01/05/2014,Thu,330,FD,CN1CC,181A ,,R,D,DN,F , ,N,C,100,0,0,0,,,1893493,5811299
Western Bay Of Plenty District,NO 1 ROAD,30,S, ,SH 2,201434787,03/05/2014,Sat,1600,DB,CN1,111A 131A 404A 927 ,C,R,D,BF,F ,D,N,C,70,0,0,0,,,1893697,5812350
Western Bay Of Plenty District,NO 2 ROAD,2050,N, ,NO 1 ROAD,201438982,01/05/2014,Thu,1005,KB,VN1C,308B 375B 929 ,,M,D,BN,F ,D,N,C,100,0,0,0,,,1889979,5807216
Western Bay Of Plenty District,NO 3 ROAD,800,N, ,BAYLISS ROAD,201449243,29/12/2014,Mon,1258,DA,CS1,111A 131A 402A ,C,M,D,B ,F , , ,C,100,0,0,0,,,1889977,5809404
Western Bay Of Plenty District,NO 3 ROAD,150,S, ,BAYLY ROAD,201430249,09/01/2014,Thu,1520,GE,CN1C,160A 929 ,,E,W,O ,L ,D,N,C,100,0,0,0,,,1889274,5807356
Western Bay Of Plenty District,NO 3 ROAD,700,S, ,NO 4 ROAD,201415800,26/07/2014,Sat,1930,DA,CS1,131A 804 ,C,M,D,DN,F , , ,C,100,0,0,1,,,1890351,5810050
Western Bay Of Plenty District,OHAUITI ROAD,600,N, ,MCPHAIL ROAD,201442193,26/08/2014,Tue,1530,DB,CN1,131A 811 ,F,M,D,B ,F , , ,N,100,0,0,0,,,1880960,5809015
Western Bay Of Plenty District,OHAUITI ROAD,, ,I,ROWE ROAD,201410576,18/02/2014,Tue,1935,DA,4S1,101A 131A ,CFP,E,D,TN,F ,Y,N,C,80,0,0,1,,,1880187,5814762
Western Bay Of Plenty District,OLD COACH ROAD,500,E, ,MACDOUGALL QUARRY ROAD,201439227,27/06/2014,Fri,1030,DA,TW1,111A 131A ,,E,D,B ,F , , ,C,100,0,0,0,,,1911939,5805670
Western Bay Of Plenty District,OLD COACH ROAD,200,N, ,MANIATUTU ROAD,201449978,28/12/2014,Sun,1240,DA,CS1,111A 131A 404A ,F,M,D,B ,F , , ,C,100,0,0,0,,,1903785,5805840
Western Bay Of Plenty District,OLD COACH ROAD,1310,W, ,MANIATUTU ROAD W,201411655,22/02/2014,Sat,810,DA,TE1,131A ,,M,W,ON,L , ,N,C,100,0,0,1,,,1902856,5806067
Western Bay Of Plenty District,OLD COACH ROAD,60,E, ,ROYDON DOWNS ROAD,201413070,25/05/2014,Sun,1005,DA,CW1,131A 813 ,C,E,D,BN,F , ,N,N,100,0,0,1,,,1901830,5805205
Western Bay Of Plenty District,OMANAWA ROAD,1500,E, ,SH 29,201430839,05/01/2014,Sun,1607,DA,CN1,111A 131A ,C,M,W,ON,L , ,N,C,100,0,0,0,,,1869870,5814671
Western Bay Of Plenty District,OMANAWA ROAD,1000,S, ,SH 29,201433747,03/04/2014,Thu,1502,DB,CS1,111A 131A 801 ,F,E,W,O ,L , , ,C,100,0,0,0,,,1869903,5815156
Western Bay Of Plenty District,OMANAWA ROAD,3500,S, ,SH 29,201437659,27/05/2014,Tue,1745,DA,VN1,111A 129A 131A ,C,M,D,DN,F , , ,C,100,0,0,0,,,1870476,5813221
Western Bay Of Plenty District,OMOKOROA ROAD,150,S, ,BEACH GROVE,201412611,23/03/2014,Sun,742,CC,CN1,410A ,C,R,D,OF,F , ,N,C,50,0,0,1,,,1868469,5829929
Western Bay Of Plenty District,OMOKOROA ROAD,200,S, ,GOLDSTONE ROAD,201434329,03/04/2014,Thu,1536,DA,CN1,131A 801 ,,M,W,O ,L , , ,C,60,0,0,0,,,1866858,5828248
Western Bay Of Plenty District,OMOKOROA ROAD,200,S, ,GOLDSTONE ROAD,201434330,03/04/2014,Thu,1536,FA,CW1C,181A 331A ,,M,W,O ,L , , ,C,60,0,0,0,,,1866858,5828248
Western Bay Of Plenty District,OMOKOROA ROAD,, ,I,HAMURANA ROAD,201434242,13/03/2014,Thu,1213,LB,CN1C,303B 352B 817 ,,M,D,B ,F ,T,G,C,50,0,0,0,,,1868789,5830544
Western Bay Of Plenty District,OROPI GORGE ROAD,20,W, ,GLUE POT ROAD,201431382,28/02/2014,Fri,2151,DA,CW1,111A 131A ,F,E,D,DN,F , ,N,N,80,0,0,0,,,1876861,5807297
Western Bay Of Plenty District,OROPI ROAD,15,N, ,CASTLES ROAD,201430056,03/01/2014,Fri,915,KA,VN1C,302B 375B ,,R,D,BF,F ,T,G,C,100,0,0,0,,,1876568,5812514
Western Bay Of Plenty District,OROPI ROAD,260,N, ,CASTLES ROAD,201435497,23/05/2014,Fri,1545,DB,CN1,111A 131A ,,M,W,O ,F , ,N,C,100,0,0,0,,,1876640,5812748
Western Bay Of Plenty District,OROPI ROAD,, ,I,CASTLES ROAD,201446782,01/11/2014,Sat,2200,GD,VS1C,103A 181A ,,R,D,DO,F ,T,N,C,100,0,0,0,,,1876560,5812502
Western Bay Of Plenty District,OROPI ROAD,360,N, ,NGA PARAE ROAD,201414638,30/07/2014,Wed,658,BF,4N1C,110A 135A 801 806 ,G,M,W,O ,L , , ,C,100,0,0,2,,,1876598,5813637
Western Bay Of Plenty District,OROPI ROAD,100,N, ,WARNER ROAD,201431601,17/01/2014,Fri,911,DB,CN1,111A 131A 402A ,F,M,W,O ,F , , ,C,100,0,0,0,,,1876565,5814600
Western Bay Of Plenty District,OROPI ROAD,180,N, ,WARNER ROAD,201448274,14/12/2014,Sun,1407,DB,CS1,111A 402A ,G,M,W,O ,L , ,N,C,100,0,0,0,,,1876520,5814666
Western Bay Of Plenty District,OROPI ROAD,310,S, ,WARNER ROAD,201413817,09/06/2014,Mon,1525,DB,CS1,111A 131A 407A ,EF,S,W,O ,F , , ,C,100,0,1,0,,,1876436,5814223
Western Bay Of Plenty District,OROPI ROAD,950,S, ,WARNER ROAD,201449329,17/12/2014,Wed,955,DB,CN1,110A 129A 131A 801 ,GK,M,W,O ,L , , ,C,100,0,0,0,,,1876598,5813636
Western Bay Of Plenty District,PARK ROAD,100,S, ,POLLEY CRESCENT,201411091,19/02/2014,Wed,142,EA,CS1T,104A 370A 605B ,M,R,D,DO,F , , ,N,50,0,0,2,,,1858283,5840024
Western Bay Of Plenty District,PONGAKAWA BUSH ROAD,4380,N, ,PUGH ROAD,201417473,12/11/2014,Wed,1140,DA,TS1,129A 137A ,FT,S,D,BN,F , ,N,N,100,0,0,1,,,1905371,5797412
Western Bay Of Plenty District,PONGAKAWA STATION ROAD,30,N, ,OLD COACH ROAD,201438229,14/06/2014,Sat,1529,GA,CS1C,181A 927 ,,E,D,BF,F ,D,N,C,100,0,0,0,,,1907411,5805425
Western Bay Of Plenty District,PORIPORI ROAD,3000,W, ,SH 29,201447666,23/11/2014,Sun,317,CC,4S1,103A 129A ,V,R,D,DN,F , ,N,C,100,0,0,0,,,1868293,5815852
Western Bay Of Plenty District,PUKEHINA BEACH ROAD,200,N, ,SH 2,201437559,23/02/2014,Sun,920,EC,BS1,821,X,M,D,B ,F , , ,C,100,0,0,0,,,1909187,5808924
Western Bay Of Plenty District,PUKEHINA PARADE,850,N, ,GARDINER PLACE,201413217,30/05/2014,Fri,2250,CC,MN1,103A 631A ,P,R,D,DO,F , ,N,C,50,0,0,1,,,1909392,5812690
Western Bay Of Plenty District,QUEEN ST,30,E, ,BEATTY AVENUE,201444843,30/10/2014,Thu,1530,EA,CW1V,129A ,M,R,D,OF,F , ,N,C,50,0,0,0,,,1892359,5812855
Western Bay Of Plenty District,RANGIURU ROAD,130,N, ,KARNER DRIVE,201446777,06/11/2014,Thu,1044,DB,CN1,111A 131A 402A ,,M,W,O ,H , ,N,C,100,0,0,0,,,1897129,5808830
Western Bay Of Plenty District,ROSS ROAD,100,W, ,WHAKAMARAMA ROAD,201439246,20/06/2014,Fri,2130,AD,CW1,129A 130A ,F,R,W,DN,F , , ,C,80,0,0,0,,,1864298,5821865
Western Bay Of Plenty District,SEAFORTH ROAD,80,N, ,DOLPHIN AVENUE,201416604,20/10/2014,Mon,1550,NA,CN1E,713B 727B ,,R,D,B ,F , , ,C,50,0,1,0,4,,1862022,5852939
Western Bay Of Plenty District,SEAFORTH ROAD,, ,I,THE LOOP S,201410226,20/01/2014,Mon,1513,FA,CN1C,181A 330A ,,R,W,O ,L ,T,N,C,50,0,0,1,,,1861082,5854539
Western Bay Of Plenty District,SHREWSBURY PLACE,, ,I,LONGMYND DRIVE,201446484,08/09/2014,Mon,1357,DA,CS2,133A 404A 423A ,F,M,D,BF,F ,T,N,C,80,0,0,0,,,1858690,5839158
Western Bay Of Plenty District,STEELE ROAD,320,N, ,ATHENREE ROAD,201410228,20/01/2014,Mon,1850,DB,CN1,110A 135A 801 901 ,CF,M,W,O ,H , ,N,C,100,0,0,1,,,1860885,5851268
Western Bay Of Plenty District,TARA ROAD,, ,I,DONCASTER DRIVE,201432137,22/03/2014,Sat,1625,DA,CW1,111A 131A ,P,E,D,B ,F ,R,G,C,50,0,0,0,,,1890888,5820748
Western Bay Of Plenty District,TAUMATA ROAD,400,W, ,SH 36 S,201443392,21/07/2014,Mon,1534,DB,CE1,111A ,CT,M,D,B ,F , ,N,C,100,0,0,0,,,1876880,5800955
Western Bay Of Plenty District,TE MATAI ROAD,100,N, ,JOHN BIRD ROAD,201415145,01/08/2014,Fri,2118,CB,CN1,103A 130A 804 817 ,C,R,W,DN,F , , ,N,100,0,0,1,,,1894299,5810578
Western Bay Of Plenty District,TE MATAI ROAD,1200,E, ,SH 36,201444903,14/08/2014,Thu,430,DB,CW1,110A 138A ,,E,W,DN,H , ,N,N,100,0,0,0,,,1878938,5794407
Western Bay Of Plenty District,TE PUKE QUARRY ROAD,800,W, ,MANOEKA ROAD,201434230,13/03/2014,Thu,1200,LB,CW1C,303B 375B 927 ,,R,D,B ,F ,D, ,C,100,0,0,0,,,1889466,5814151
Western Bay Of Plenty District,TE PUNA STATION ROAD,200,E, ,CLARKE ROAD,201446399,23/09/2014,Tue,2230,DA,4S1,129A ,V,E,D,DN,F , ,N,C,80,0,0,0,,,1872686,5824412
Western Bay Of Plenty District,TE PUNA STATION ROAD,400,E, ,TE PUNA ROAD,201445534,16/09/2014,Tue,1730,DA,TW1,111A 131A ,,S,D,O ,F , , ,C,100,0,0,0,,,1871402,5824978
Western Bay Of Plenty District,TE PUNA STATION ROAD,500,E, ,TE PUNA ROAD,201436049,19/04/2014,Sat,2000,DA,VW1,132A 410A 423A ,V,M,W,DN,L , ,N,N,100,0,0,0,,,1871494,5824938
Western Bay Of Plenty District,TE PUNA STATION ROAD,300,S, ,TE PUNA ROAD,201430574,01/02/2014,Sat,1646,DB,CS1,103A 111A 131A ,VZ,M,D,B ,F , , ,C,80,0,0,0,,,1871326,5825030
Western Bay Of Plenty District,TE PUNA STATION ROAD,200,E, ,TEIHANA ROAD,201418086,30/11/2014,Sun,1359,EC,MS1,341A ,V,R,D,BN,F , ,N,C,80,0,1,0,,,1872695,5824318
Western Bay Of Plenty District,TOMSETT ROAD,600,W, ,OMANAWA ROAD,201416075,03/09/2014,Wed,805,DA,CE1,138A ,C,E,D,B ,F , ,N,N,100,0,0,1,,,1870047,5809645
Western Bay Of Plenty District,WAIHI BEACH ROAD,100,E, ,FERGUS ROAD,201430519,21/01/2014,Tue,1200,DA,CE1,131A 801 806 ,C,M,W,O ,H , , ,C,100,0,0,0,,,1859097,5855468
Western Bay Of Plenty District,WAIHI BEACH ROAD,600,W, ,FERGUS ROAD,201436044,10/04/2014,Thu,1600,DA,CE1,136A 631A ,C,M,W,ON,L , ,N,C,100,0,0,0,,,1858485,5855434
Western Bay Of Plenty District,WAIHI BEACH ROAD,2000,E, ,TRIG ROAD SOUTH,201410335,14/01/2014,Tue,2025,PF,4W1C,442B 443B 831 ,Q,M,D,BN,F , ,N,C,100,0,0,1,,,1857560,5855144
Western Bay Of Plenty District,WAINUI SOUTH ROAD,300,S, ,SH 2,201430254,16/01/2014,Thu,1920,DA,CN1,111A 131A 804 ,F,E,D,B ,F , , ,N,100,0,0,0,,,1861735,5828882
Western Bay Of Plenty District,WAINUI SOUTH ROAD,700,S, ,SH 2,201414287,13/07/2014,Sun,1054,DA,MN1,128A 131A 402A 813 ,G,E,D,B ,F , ,N,C,100,0,1,0,,,1861650,5828543
Western Bay Of Plenty District,WAIROA RIVER ROAD,220,E, ,TE PUNA STATION ROAD,201414166,21/06/2014,Sat,850,EC,CN1,341A 820 ,X,R,W,BF,F , ,N,C,50,0,0,1,,,1872785,5823050
Western Bay Of Plenty District,WELCOME BAY ROAD,130,W, ,KAIRUA ROAD,201432097,26/01/2014,Sun,1914,DA,CW1,103A 111A 131A ,F,E,W,ON,L , ,N,C,80,0,0,0,,,1886245,5820300
Western Bay Of Plenty District,WELCOME BAY ROAD,240,E, ,KAIWHA ROAD,201413399,07/06/2014,Sat,1005,FA,CE1S,108A 501A ,,R,D,B ,F , , ,C,100,0,0,1,,75,1884441,5820493
Western Bay Of Plenty District,WELCOME BAY ROAD,250,S, ,WATER LANE,201400213,22/10/2014,Wed,855,BF,CW1B,111A 131A ,,S,W,O ,F , ,N,C,60,1,0,0,,,1885498,5820530
Western Bay Of Plenty District,WHAKAMARAMA ROAD,280,N, ,LEYLAND ROAD,201411302,22/03/2014,Sat,815,DA,CN1,110A 135A 136A 632A 801 ,C,M,W,BN,L , ,N,C,80,0,0,1,,,1863550,5820287
Western Bay Of Plenty District,WHAKAMARAMA ROAD,1200,N, ,OLD HIGHWAY,201437549,05/05/2014,Mon,805,DA,CN1,111A 131A ,C,M,W,O ,M , , ,C,100,0,0,0,,,1866024,5824104
Western Bay Of Plenty District,WHAKAMARAMA ROAD,, ,I,ROSS ROAD,201437767,08/06/2014,Sun,1512,QD,VN1,101A 428A 505A 801 ,IS,R,W,O ,L ,T,S,R,100,0,0,0,,,1864396,5821884
Western Bay Of Plenty District,WHAKAMARAMA ROAD,500,N, ,YOUNGSON ROAD,201410491,21/02/2014,Fri,1850,DA,4N1,111A 131A 402A ,C,M,D,TN,F , , ,C,80,0,0,1,,,1865231,5822819
Western Bay Of Plenty District,WHARAWHARA ROAD,, ,I,CONNELLY LANE,201434804,05/04/2014,Sat,853,LB,VE1C,303B 382B ,,R,D,BN,F ,T,G,C,100,0,0,0,,,1854244,5837807
Western Bay Of Plenty District,WILSON ROAD,, ,I,BEACH ROAD,201412780,10/05/2014,Sat,1800,BF,CS2C,103A 111A 131A ,,R,D,TO,F ,R,G,R,50,0,0,2,,,1859827,5855876
Western Bay Of Plenty District,WILSON ROAD NORTH,70,N, ,SH 2,201442447,13/07/2014,Sun,2100,DA,VN1,131A 358A ,JX,E,D,DN,F , ,N,C,100,0,0,0,,,1901380,5810368
Western Bay Of Plenty District,WILSON ROAD NORTH,, ,I,SPENCER AVENUE,201447806,02/11/2014,Sun,2045,DA,CN1,131A 402A ,V,E,D,DO,F ,T,G,C,50,0,0,0,,,1904131,5815065
Western Bay Of Plenty District,WILSON ROAD NORTH,1960,S, ,WAEWAETUTUKI ROAD,201444632,26/09/2014,Fri,530,DA,CN1,101A 131A ,T,E,D,O ,F , ,N,C,100,0,0,0,,,1902929,5812528
Western Bay Of Plenty District,WILSON ROAD SOUTH,500,N, ,MCKENZIE ROAD,201440263,11/06/2014,Wed,1309,CB,CN1,130A 501A 901 ,F,R,W,O ,H , , ,C,70,0,0,0,,,1900787,5809841
Western Bay Of Plenty District,WRIGHT ROAD,2140,W, ,SH 2,201418377,20/12/2014,Sat,1345,DA,MN1,129A ,,M,D,ON,F , ,N,C,100,0,0,1,,,1858910,5831835
Western Bay Of Plenty District,WRIGHT ROAD,2700,W, ,SH 2,201416969,02/08/2014,Sat,1402,JA,4E1C,308B 375B 929 ,,R,D,ON,F ,D,N,C,100,0,0,1,,,1858784,5831319
Western Bay Of Plenty District,WRIGHT ROAD,6300,W, ,SH 2,201445681,13/10/2014,Mon,1800,DA,CN1,111A 131A 813 ,F,M,D,TN,F , , ,N,100,0,0,0,,,1857646,5828730
Western Bay Of Plenty District,YOUNG ROAD,500,W, ,TE TUMU ROAD,201430265,06/01/2014,Mon,927,FA,TW1V,181A ,,R,D,B ,F , , ,C,60,0,0,0,,,1898345,5811899
Western Bay Of Plenty District,Z BEACH,300,S, ,UNNAMED ROAD,201410125,10/01/2014,Fri,1521,CA,PN1,130A 402A 420A ,,R,D,B ,F , , ,N,30,0,0,1,,,1861423,5846481
Western Bay Of Plenty District,Z FCT BP TE PUNA ROAD,240,S, ,TE PUNA STATION ROAD N,201410283,04/02/2014,Tue,800,MO,CN1E,371A 711B ,,R,D,B ,F , ,N,C,50,0,0,1,61,,1871230,5824367
Western Bay Of Plenty District,2/100/0.36,1300,N, ,MATHERS ROAD,201411865,13/04/2014,Sun,1135,CC,CN1,132A 386A ,T,R,W,ON,L , ,N,C,100,0,0,1,,,1854675,5851297
Western Bay Of Plenty District,2/100/1.46,200,W, ,MATHERS ROAD,201441507,13/06/2014,Fri,1820,DA,CE1,129A 350A ,ET,M,D,DN,F , ,N,L,100,0,0,0,,,1855629,5851028
Western Bay Of Plenty District,2/100/2.16,500,S, ,MATHERS ROAD,201413821,26/01/2014,Sun,1446,DA,CS1,131A ,C,M,D,O ,F , , ,C,100,0,0,1,,,1856081,5850597
Western Bay Of Plenty District,2/100/3.66,2000,S, ,MATHERS ROAD,201431618,06/01/2014,Mon,2145,CC,CN1,195A ,G,R,D,DN,F , , ,C,100,0,0,0,,,1857397,5850044
Western Bay Of Plenty District,2/100/5.82,, ,I,ATHENREE ROAD,201418595,13/12/2014,Sat,1424,LB,CE1V,303B ,,R,D,ON,F ,T,N,P,100,0,5,1,,,1859171,5850130
Western Bay Of Plenty District,2/100/6.02,200,E, ,ATHENREE ROAD,201418805,09/12/2014,Tue,1140,MC,TS1V,387A 145B 372B ,,R,D,OF,M , ,N,C,100,0,0,1,,,1859338,5850020
Western Bay Of Plenty District,2/100/8.498,900,N, ,WOLSELEY ROAD,201444987,13/10/2014,Mon,931,BC,TS1VV,111A 121A 137B ,,E,D,B ,F , ,N,L,100,0,0,0,,,1859150,5847864
Western Bay Of Plenty District,2/100/9.048,350,N, ,WOLSELEY ROAD,201412605,06/04/2014,Sun,2025,DB,4N1,131A 137A ,ET,E,D,DN,F , ,N,C,100,0,1,1,,,1859120,5847326
Western Bay Of Plenty District,2/100/10.577,300,N, ,HIKURANGI ROAD,201445965,25/10/2014,Sat,240,CB,CS1,103A 130A ,F,R,D,DN,F , , ,C,100,0,0,0,,,1858722,5845862
Western Bay Of Plenty District,2/100/10.962,3000,N, ,WOODLAND ROAD,201412138,07/05/2014,Wed,530,AB,CN1TC,155A 156A 831 ,G,M,D,DN,F , , ,L,100,0,0,1,,,1858627,5845492
Western Bay Of Plenty District,2/100/11.633,, ,I,TUAPIRO ROAD,201414157,23/05/2014,Fri,1635,CB,CN1,197A 331A ,,R,D,OF,F ,T,S,C,100,0,0,1,,,1858315,5844898
Western Bay Of Plenty District,2/100/11.713,80,S, ,TUAPIRO ROAD,201411888,02/03/2014,Sun,1815,FD,MN1C,181A 350A ,,R,D,BF,F , ,N,C,100,0,0,1,,,1858284,5844824
Western Bay Of Plenty District,2/100/13.062,, ,I,KAURI POINT ROAD,201400024,07/02/2014,Fri,1815,BF,CS1V,130A 500A ,P,E,W,ON,L ,T,S,L,100,1,0,0,,,1858024,5843527