TLANAME,CRASHROAD,CRASHDIST,CRASHDIRN,INTSN,SIDEROAD,CRASHID,CRASHDATE,CRASHDOW,CRASHTIME,MVMT,VEHICLES,CAUSES,OBJECTSSTRUCK,ROADCURVE,ROADWET,LIGHT,WTHRa,JUNCTYPE,TRAFCTRL,ROADMARK,SPDLIM,CRASHFATALCNT,CRASHSEVCNT,CRASHMINCNT,PERSAGE1,PERSAGE2,EASTING,NORTHING
Western Bay Of Plenty District,2/100/14.162,200,S, ,WOODLAND ROAD,201433481,15/03/2014,Sat,1830,DA,4N1,111A 131A ,F,M,W,ON,LS, ,N,C,100,0,0,0,,,1857567,5842643
Western Bay Of Plenty District,2/100/14.805,100,N, ,STOKES ROAD,201430972,21/02/2014,Fri,1509,DB,CN1,501A ,X,M,D,BN,F , ,N,L,100,0,0,0,,,1857587,5842022
Western Bay Of Plenty District,2/116/0.3,300,S, ,STOKES ROAD,201436182,14/05/2014,Wed,734,FA,CS1C,181A ,,M,W,O ,L , , ,L,100,0,0,0,,,1857356,5841703
Western Bay Of Plenty District,2/116/0.793,100,N, ,LINDEMANN ROAD,201437679,24/05/2014,Sat,1330,DA,CS1,131A 402A ,F,M,W,O ,F , , ,C,100,0,0,0,,,1857301,5841221
Western Bay Of Plenty District,2/116/1.445,100,S, ,PHILIP WALTER DRIVE,201444413,14/09/2014,Sun,230,DA,CN1,111A 131A 402A ,CSV,M,W,DO,F , , ,C,50,0,0,0,,,1857141,5840596
Western Bay Of Plenty District,2/116/2.442,, ,I,BEACH ROAD,201430408,29/01/2014,Wed,1900,KA,VS1C4,104B 132B 301B ,M,M,D,B ,F ,T,S,C,50,0,0,0,,,1857773,5839922
Western Bay Of Plenty District,2/116/2.442,, ,I,BEACH ROAD,201438230,20/06/2014,Fri,755,JA,CS1C,301B 382B ,,R,D,BF,F ,T,S,C,50,0,0,0,,,1857773,5839922
Western Bay Of Plenty District,2/116/2.477,300,N, ,JOCELYN ST,201440047,24/07/2014,Thu,1215,FC,4S1C,427A ,,R,D,BF,F , ,T,C,50,0,0,0,,,1857780,5839889
Western Bay Of Plenty District,2/116/2.762,15,N, ,JOCELYN ST,201410095,07/02/2014,Fri,1750,CC,CN1CC,104A 110A 130A 800 901 ,KMX,R,W,TF,H , , ,P,50,0,0,3,,,1857687,5839622
Western Bay Of Plenty District,2/116/2.807,30,S, ,JOCELYN ST,201439051,26/06/2014,Thu,1330,MO,CN1C,371A 385A ,M,R,D,OF,F , ,N,C,50,0,0,0,,,1857680,5839577
Western Bay Of Plenty District,2/116/3.453,, ,I,SHEFFIELD ST,201417763,15/12/2014,Mon,1100,KA,CS1C,301B 375B ,,R,D,O ,F ,T,S,C,50,0,0,2,,,1857510,5838959
Western Bay Of Plenty District,2/116/3.562,15,S, ,HENRY ROAD,201418406,18/12/2014,Thu,1220,FA,VN1CC,112A 181A ,,R,D,O ,F , , ,C,50,0,0,1,,,1857470,5838858
Western Bay Of Plenty District,2/116/4.233,20,N, ,WHARAWHARA ROAD,201410282,15/02/2014,Sat,625,CB,CN1,130A 410A ,FHP,R,D,TN,F , ,N,P,100,0,0,1,,,1857154,5838265
Western Bay Of Plenty District,2/116/4.243,10,N, ,WHARAWHARA ROAD,201410631,13/01/2014,Mon,1655,CB,CN1,134A 350A 410A ,,R,D,B ,F ,T,S,P,100,0,0,1,,,1857149,5838257
Western Bay Of Plenty District,2/116/4.253,, ,I,WHARAWHARA ROAD,201413851,20/06/2014,Fri,802,DC,400,103A 111A 130A ,P,R,D,B ,F ,T,S,C,100,0,0,1,,,1857144,5838248
Western Bay Of Plenty District,2/116/4.403,150,S, ,WHARAWHARA ROAD,201450848,31/12/2014,Wed,215,CB,CN1,410A ,V,R,D,DN,F , ,N,C,100,0,0,0,,,1857088,5838109
Western Bay Of Plenty District,2/116/4.603,350,S, ,WHARAWHARA ROAD,201447708,14/11/2014,Fri,1515,KB,CN1C,308B 921 ,,R,D,B ,F ,D,N,L,100,0,0,0,,,1857016,5837923
Western Bay Of Plenty District,TETLEY ROAD,, ,I,2/116/5.114,201436660,08/05/2014,Thu,1740,MG,CW1C,357B 371B ,,R,D,TF,F ,X,S,C,70,0,0,0,,,1856950,5837429
Western Bay Of Plenty District,2/116/7.48,100,S, ,LUND ROAD,201413849,24/06/2014,Tue,1615,DB,CS1,109A 131A 402A 412A ,FT,E,D,O ,F , , ,L,100,0,0,1,,,1857064,5835132
Western Bay Of Plenty District,2/116/8.216,100,N, ,THOMPSONS TRACK,201413664,14/06/2014,Sat,715,QG,TN1,111A 131A 191A ,GPV,M,D,B ,F , , ,C,100,0,0,1,,,1857490,5834536
Western Bay Of Plenty District,2/116/8.466,150,E, ,THOMPSONS TRACK,201418378,14/12/2014,Sun,1438,CB,CN1,129A 410A ,V,R,W,OF,L , ,N,L,100,0,0,1,,,1857708,5834416
Western Bay Of Plenty District,2/116/11.342,, ,I,WRIGHT ROAD,201443202,29/08/2014,Fri,1150,GD,TS1C,331A 351A ,,R,D,B ,F ,T,S,C,100,0,0,0,,,1860108,5833115
Western Bay Of Plenty District,2/116/11.69,300,N, ,AONGATETE ROAD,201416623,09/10/2014,Thu,2126,FA,CS1C,103A 112A 130A ,,R,D,DN,F , , ,L,100,0,0,3,,,1860304,5832828
Western Bay Of Plenty District,2/116/12.811,200,N, ,TE PUNA ROAD,201413850,22/06/2014,Sun,1630,FA,CW1C,111A 331A 358A 402A 197B ,,E,D,B ,F , , ,L,80,0,0,1,,,1860687,5831806
Western Bay Of Plenty District,2/130/0.126,300,N, ,SARGENT DRIVE,201400077,09/04/2014,Wed,1203,DB,CN1,111A 131A ,T,M,D,OF,F , , ,C,100,1,0,0,,,1861256,5830595
Western Bay Of Plenty District,2/130/0.376,50,N, ,SARGENT DRIVE,201442987,08/09/2014,Mon,1610,CB,CS1,410A ,ET,R,D,B ,F , , ,C,100,0,0,0,,,1861426,5830417
Western Bay Of Plenty District,2/130/0.426,, ,I,SARGENT DRIVE,201412833,26/04/2014,Sat,1532,BF,CS1C,111A 131A ,,E,D,B ,F ,T,N,L,100,0,0,2,,,1861441,5830369
Western Bay Of Plenty District,2/130/2.217,200,S, ,TURNER ROAD,201435859,15/04/2014,Tue,1418,DB,CS1,131A 410A ,C,E,D,ON,F , ,N,C,100,0,0,0,,,1862101,5828849
Western Bay Of Plenty District,2/130/3.599,300,N, ,APATA STATION ROAD E,201400158,24/07/2014,Thu,1200,BF,VS1CC,131A 412A ,,M,D,B ,F , , ,L,100,1,0,2,,,1863346,5829293
Western Bay Of Plenty District,2/130/4.049,150,E, ,APATA STATION ROAD N,201443983,12/09/2014,Fri,2123,DA,CE1,131A 410A ,S,E,W,DN,L , ,N,L,100,0,0,0,,,1863749,5829210
Western Bay Of Plenty District,2/130/4.994,150,E, ,JOCELYN ST,201448065,21/11/2014,Fri,1336,FC,TW1C,181A ,,R,D,O ,F , , ,X,50,0,0,0,,,1864287,5828553
Western Bay Of Plenty District,2/130/5.109,100,W, ,ESDAILE ROAD,201446682,31/10/2014,Fri,1224,GD,TE1CC,181A 331A 929 ,,R,D,O ,F ,D,N,C,100,0,0,0,,,1864307,5828441
Western Bay Of Plenty District,2/130/5.114,30,E, ,JOCELYN ST,201439797,01/07/2014,Tue,1755,FD,CN1C,181A 331A 402A 901 ,,R,W,DO,H , , ,C,50,0,0,0,,,1864308,5828435
Western Bay Of Plenty District,2/130/5.709,500,S, ,ESDAILE ROAD,201449250,19/12/2014,Fri,935,FD,VN1C,112A 181A 331A ,,R,D,B ,F , , ,L,100,0,0,0,,,1864711,5828022
Western Bay Of Plenty District,2/130/6.305,500,N, ,FRANCIS ROAD,201443627,08/09/2014,Mon,1405,CC,TN1,130A 420A 615A ,V,R,D,B ,F , , ,C,100,0,0,0,,,1865184,5827659
Western Bay Of Plenty District,2/130/6.805,, ,I,FRANCIS ROAD,201435107,06/04/2014,Sun,945,LB,CS1C,303B ,C,R,D,B ,F ,T,S,C,100,0,0,0,,,1865582,5827356
Western Bay Of Plenty District,OMOKOROA ROAD,, ,I,2/130/7.272,201434328,28/03/2014,Fri,820,FB,TW1C,331A 353A ,,R,D,B ,F ,T,S,C,100,0,0,0,,,1865948,5827066
Western Bay Of Plenty District,2/130/7.272,, ,I,OMOKOROA ROAD,201417966,05/12/2014,Fri,1545,LB,CN1C,303B 929 ,,R,D,B ,F ,T,S,C,100,0,1,0,,,1865948,5827066
Western Bay Of Plenty District,2/130/10.519,200,N, ,TE KARAKA DRIVE,201432045,07/02/2014,Fri,1500,FD,CN1CC,181A 181B 191C 801 ,,R,W,O ,L , , ,L,100,0,0,0,,,1867838,5824753
Western Bay Of Plenty District,2/130/10.569,150,N, ,TE KARAKA DRIVE,201410596,07/02/2014,Fri,1500,BA,4N1C,197A ,,R,W,ON,L , ,N,L,90,0,0,1,,,1867866,5824712
Western Bay Of Plenty District,2/130/10.619,100,N, ,TE KARAKA DRIVE,201432425,07/02/2014,Fri,1500,FO,TN1C,181A 197A 191B 801 ,,R,W,O ,L , , ,C,100,0,0,0,,,1867893,5824670
Western Bay Of Plenty District,2/130/10.922,15,N, ,MUNRO ROAD,201448607,13/11/2014,Thu,1015,AA,CS1C,339A 352A 372A 817 ,,R,D,B ,F , , ,C,100,0,0,0,,,1868060,5824417
Western Bay Of Plenty District,2/130/10.937,, ,I,MUNRO ROAD,201415196,14/08/2014,Thu,1413,GD,CS1C,333A ,,R,D,B ,F ,T,S,C,90,0,1,1,,,1868068,5824404
Western Bay Of Plenty District,2/130/11.152,300,N, ,GILL LANE,201400275,26/12/2014,Fri,1412,BC,CS1C,121A 410A ,,E,D,B ,F , ,N,C,90,1,2,0,,,1868186,5824224
Western Bay Of Plenty District,2/130/11.452,, ,I,GILL LANE,201400230,07/11/2014,Fri,2012,LB,MS1T,303B 375B ,,R,D,TO,F ,T,S,L,50,1,0,0,,,1868415,5824033
Western Bay Of Plenty District,2/130/13.505,, ,I,LOOP ROAD,201439109,16/06/2014,Mon,639,AC,VW1C,372A 386A ,,M,D,O ,F ,T,S,L,90,0,0,0,,,1870214,5823421
Western Bay Of Plenty District,2/130/13.505,, ,I,LOOP ROAD,201412051,21/04/2014,Mon,1155,FA,CE1C,181A 331A ,,E,D,B ,F ,T,S,C,90,0,0,1,,,1870214,5823421
Western Bay Of Plenty District,2/130/13.505,, ,I,LOOP ROAD,201443578,11/08/2014,Mon,1700,JA,CE1V,301B ,,E,W,OF,F ,T,S,L,90,0,0,0,,,1870214,5823421
Western Bay Of Plenty District,2/130/13.535,30,E, ,LOOP ROAD,201400099,03/05/2014,Sat,1229,BF,CE1C,130A 359A ,G,E,D,B ,F , , ,P,100,1,2,1,,,1870243,5823416
Western Bay Of Plenty District,2/130/13.844,400,W, ,TE PUNA ROAD,201438291,22/06/2014,Sun,1455,CC,CE1,198A ,P,R,D,BF,F , ,N,C,80,0,0,0,,,1870544,5823389
Western Bay Of Plenty District,2/130/14.244,, ,I,TE PUNA ROAD,201440004,04/07/2014,Fri,1940,LB,4E1V,303B 375B ,,R,W,DO,L ,X,S,R,80,0,0,0,,,1870933,5823482
Western Bay Of Plenty District,2/130/14.244,, ,I,TE PUNA ROAD,201434783,30/04/2014,Wed,1810,LB,4E1C,303B 314B 377B ,,R,D,DO,F ,X,S,R,80,0,0,0,,,1870933,5823482
Western Bay Of Plenty District,2/130/14.244,, ,I,TE PUNA ROAD,201434390,27/04/2014,Sun,531,DB,CW1,102A 131A ,,M,W,DO,F ,X,S,C,80,0,0,0,,,1870933,5823482
Western Bay Of Plenty District,2/130/14.444,200,E, ,TE PUNA ROAD,201433602,05/04/2014,Sat,111,DA,CE1,131A 631A 632A ,V,M,W,DF,L , ,N,C,80,0,0,0,,,1871130,5823499
Western Bay Of Plenty District,WELCOME BAY ROAD,, ,I,2/164/7.13,201439795,03/07/2014,Thu,922,JC,CE1C,301A 370A ,,R,D,O ,F ,T,S,C,100,0,0,0,,,1889502,5819854
Western Bay Of Plenty District,2/171/0.1,100,S, ,WELCOME BAY ROAD,201432468,01/02/2014,Sat,24,DB,CS1,132A 410A ,,E,D,DN,F , , ,C,100,0,0,0,,,1889555,5819770
Western Bay Of Plenty District,2/171/0.5,500,E, ,WELCOME BAY ROAD,201448187,14/11/2014,Fri,1445,FA,CN1C,331A 350A 817 ,,R,D,B ,F , , ,C,100,0,0,0,,,1889909,5819602
Western Bay Of Plenty District,2/171/1.915,150,S, ,BELL ROAD,201414664,23/07/2014,Wed,1346,GC,CS1C,101B 174B 372B 929 ,,E,D,B ,F ,D, ,C,100,0,0,2,,,1890675,5818544
Western Bay Of Plenty District,2/171/2.244,450,N, ,POPLAR LANE,201411974,27/03/2014,Thu,1924,JA,VN1C,308B 929 ,,E,D,TN,F ,D,N,L,100,0,0,1,,,1890521,5818259
Western Bay Of Plenty District,2/171/2.704,10,S, ,POPLAR LANE,201433809,25/03/2014,Tue,754,AC,TN1C,159A 357A 512A ,,E,D,B ,F ,T,S,P,100,0,0,0,,,1890371,5817842
Western Bay Of Plenty District,2/171/3.404,2000,N, ,MANOEKA ROAD,201410094,23/02/2014,Sun,1745,CC,MN1,132A 420A ,,R,D,B ,F , , ,C,100,0,0,1,,,1890660,5817207
Western Bay Of Plenty District,2/171/3.694,1000,S, ,POPLAR LANE,201449398,22/12/2014,Mon,1715,FA,CS1C,331A 351A ,,R,D,B ,F , , ,C,100,0,0,0,,,1890790,5816947
Western Bay Of Plenty District,2/171/4.704,700,N, ,MANOEKA ROAD,201434227,12/03/2014,Wed,2256,FO,CS1T,103A 129A 330A 402A 197B ,X,R,D,DN,F , , ,C,100,0,0,0,,,1890678,5815993
Western Bay Of Plenty District,2/171/4.954,450,N, ,MANOEKA ROAD,201441825,11/08/2014,Mon,2320,DA,CN1,131A 800 ,T,E,W,DN,F , , ,C,100,0,0,0,,,1890590,5815759
Western Bay Of Plenty District,2/171/5.024,380,N, ,MANOEKA ROAD,201400050,09/03/2014,Sun,1210,BC,CS1C,129A ,,E,D,BN,F , ,N,C,100,1,1,0,,,1890577,5815690
Western Bay Of Plenty District,2/171/5.204,200,N, ,MANOEKA ROAD,201412523,18/04/2014,Fri,1500,BF,CS1C,131A 350A 402A ,,E,D,B ,F , , ,C,100,0,0,1,,,1890592,5815512
Western Bay Of Plenty District,2/171/5.404,, ,I,MANOEKA ROAD,201416448,14/10/2014,Tue,1836,LB,4N1C,303B 375B ,,M,D,TN,F ,T,G,L,100,0,0,1,,,1890647,5815320
Western Bay Of Plenty District,2/171/6.204,, ,I,COLLINS LANE,201440326,09/07/2014,Wed,1812,KB,TN1C,302B 375B ,,E,D,DN,F ,T,G,C,100,0,0,0,,,1891297,5814878
Western Bay Of Plenty District,2/171/6.204,, ,I,COLLINS LANE,201430184,03/01/2014,Fri,1720,DA,MS1,131A 801 ,,E,W,OF,L ,T,G,C,100,0,0,0,,,1891297,5814878
Western Bay Of Plenty District,2/171/7.134,30,S, ,TE PUKE QUARRY ROAD,201444631,30/09/2014,Tue,1100,QG,TS1C,330A 682A ,,R,D,B ,F , ,N,C,70,0,0,0,,,1891415,5813982
Western Bay Of Plenty District,2/171/7.349,120,S, ,NO 3 ROAD,201415122,08/08/2014,Fri,315,DB,4S1,412A ,CV,E,W,DO,F , , ,C,70,0,0,1,,,1891514,5813795
Western Bay Of Plenty District,2/171/8.007,, ,I,DUNLOP ROAD,201435522,29/04/2014,Tue,600,JA,CN1C,145A 301B 387B ,,R,W,TO,L ,T,S,P,50,0,0,0,,,1891952,5813312
Western Bay Of Plenty District,2/180/0.152,, ,I,CAMERON ROAD,201446982,06/10/2014,Mon,750,JA,TE1V,301B 375B ,,R,D,OF,FS,X,S,C,50,0,0,0,,,1892221,5813168
Western Bay Of Plenty District,2/180/0.152,, ,I,CAMERON ROAD,201410495,27/02/2014,Thu,1105,JA,4E1M,301B 353B 377B ,,R,D,B ,F ,X,S,P,50,0,1,0,,,1892221,5813168
Western Bay Of Plenty District,2/180/0.54,60,E, ,OROUA ST,201439226,24/06/2014,Tue,1417,AA,CW1T,184A ,,E,D,O ,F , , ,C,50,0,0,0,,,1892604,5813112
Western Bay Of Plenty District,2/180/0.73,30,W, ,BOUCHER AVENUE,201440739,01/08/2014,Fri,800,AA,CW1T,184A ,,R,D,B ,F , , ,R,50,0,0,0,,,1892773,5813030
Western Bay Of Plenty District,2/180/0.76,, ,I,BOUCHER AVENUE,201439112,20/06/2014,Fri,1100,LB,CW14,303B 375B ,,R,D,O ,F ,X,G,R,50,0,0,0,,,1892799,5813014
Western Bay Of Plenty District,2/180/0.76,, ,I,BOUCHER AVENUE,201436091,23/04/2014,Wed,805,HA,CE1C,302A 375A ,,E,D,BF,F ,X,G,R,50,0,0,0,,,1892799,5813014
Western Bay Of Plenty District,2/180/0.79,30,S, ,BOUCHER AVENUE,201432094,23/01/2014,Thu,1540,AA,TS1C,184A 330A 372A ,,R,D,BF,F , ,N,C,50,0,0,0,,,1892824,5812998
Western Bay Of Plenty District,2/180/0.81,50,E, ,BOUCHER AVENUE,201436090,09/04/2014,Wed,635,MF,VW1CT,197A 371B ,,R,W,OF,L , ,N,R,50,0,0,0,,,1892841,5812987
Western Bay Of Plenty District,2/180/0.86,100,E, ,BOUCHER AVENUE,201450750,28/11/2014,Fri,1426,MA,VE1C,373B ,,R,D,BF,F , ,N,R,50,0,0,0,,,1892883,5812960
Western Bay Of Plenty District,2/180/0.935,, ,I,JOCELYN ST,201417765,24/12/2014,Wed,830,CA,CE1,112A 402A ,IK,R,D,O ,F ,R,G,R,50,0,0,1,,,1892957,5812927
Western Bay Of Plenty District,2/180/0.935,, ,I,JOCELYN ST,201440738,06/07/2014,Sun,110,DB,CW1,103A 111A 131A ,IX,M,D,DO,F ,R,G,R,50,0,0,0,,,1892957,5812927
Western Bay Of Plenty District,2/180/0.935,, ,I,JOCELYN ST,201439225,02/07/2014,Wed,1445,LB,TE1C,302A ,,E,W,B ,L ,R,G,R,50,0,0,0,,,1892947,5812921
Western Bay Of Plenty District,2/180/0.959,, ,I,JOCELYN ST,201444006,21/08/2014,Thu,1850,HA,CN2C,302A 375A ,,E,D,DO,F ,R,G,R,50,0,0,0,,,1892968,5812926
Western Bay Of Plenty District,2/180/0.959,, ,I,JOCELYN ST,201446683,13/11/2014,Thu,949,KA,CE1C,302B ,,E,D,B ,F ,R,G,R,50,0,0,0,,,1892968,5812926
Western Bay Of Plenty District,2/180/0.992,10,E, ,JOCELYN ST,201449351,15/12/2014,Mon,1828,FD,VN1V,330A 427A ,,R,D,B ,F ,R,G,R,50,0,0,0,,,1892982,5812901
Western Bay Of Plenty District,2/180/1.061,100,W, ,OXFORD ST,201446275,27/09/2014,Sat,1215,FC,CW1C,181A ,,R,D,BF,F , ,N,R,50,0,0,0,,,1893041,5812864
Western Bay Of Plenty District,2/180/1.061,100,W, ,OXFORD ST,201441506,04/07/2014,Fri,1230,MF,CW1C,371B ,,R,D,B ,F , ,N,R,50,0,0,0,,,1893041,5812864
Western Bay Of Plenty District,2/180/1.131,30,W, ,OXFORD ST,201432225,21/02/2014,Fri,955,MF,TW1C,377B 839 ,,R,D,B ,F , , ,R,50,0,0,0,,,1893100,5812827
Western Bay Of Plenty District,2/180/1.192,, ,I,OXFORD ST,201447711,12/11/2014,Wed,1615,HA,CE2C,302A ,,E,W,O ,L ,R,G,R,50,0,0,0,,,1893132,5812784
Western Bay Of Plenty District,2/180/1.192,, ,I,OXFORD ST,201439228,27/06/2014,Fri,1152,JA,4W1C,372A ,,R,D,B ,F ,R,G,C,50,0,0,0,,,1893132,5812784
Western Bay Of Plenty District,2/180/1.232,30,W, ,PALMER PLACE,201444797,04/09/2014,Thu,1730,MO,VE1C,371A 371B ,,R,D,OF,F , ,N,R,50,0,0,0,,,1893168,5812788
Western Bay Of Plenty District,2/180/1.277,15,E, ,PALMER PLACE,201434752,03/05/2014,Sat,1700,FF,CE1CC,331A 350A ,,R,D,OF,F , ,N,R,50,0,0,0,,,1893211,5812778
Western Bay Of Plenty District,2/180/1.345,50,W, ,KING ST,201432044,11/02/2014,Tue,2155,AC,TE1C,671A 404B ,,R,D,DO,F , , ,R,50,0,0,0,,,1893278,5812762
Western Bay Of Plenty District,2/180/1.395,, ,I,KING ST,201439586,08/07/2014,Tue,745,MO,CS2C,331A 927 ,,R,D,O ,F ,D,S,C,50,0,0,0,,,1893327,5812750
Western Bay Of Plenty District,2/180/1.395,, ,I,KING ST,201442456,11/08/2014,Mon,1835,JA,4E1C,301B 387B ,,R,D,DO,F ,T,S,R,50,0,0,0,,,1893327,5812750
Western Bay Of Plenty District,2/180/2.161,200,E, ,NO 1 ROAD,201430214,10/01/2014,Fri,1035,QG,VE1,687A ,,R,D,B ,F , , ,C,100,0,0,0,,,1893868,5812247
Western Bay Of Plenty District,2/180/2.711,100,W, ,TE MATAI ROAD,201448830,06/12/2014,Sat,2200,EC,CW1,912,W,R,D,DO,F , , ,C,100,0,0,0,,,1894403,5812144
Western Bay Of Plenty District,2/180/3.251,440,E, ,TE MATAI ROAD,201439815,17/07/2014,Thu,1755,FA,4W1V,110A 331A ,,R,D,DN,F , , ,C,100,0,0,0,,,1894941,5812157
Western Bay Of Plenty District,2/180/3.265,, ,A,PARAWHENUAMEA STM BR,201414682,17/07/2014,Thu,1755,FD,VW1VCC,110A 130A 331A 352A ,,R,D,DN,F , , ,C,100,0,1,0,,,1894955,5812154
Western Bay Of Plenty District,2/180/3.675,, ,I,STRANG ROAD,201447197,07/11/2014,Fri,808,GD,CE1C,181A 331A ,,R,D,B ,F ,T,S,C,100,0,0,0,,,1895359,5812083
Western Bay Of Plenty District,2/180/4.203,400,W, ,RANGIURU ROAD,201410597,11/02/2014,Tue,823,JA,TE1B,308B 930 ,,E,D,OF,F ,D,N,P,70,0,1,0,,,1895840,5811903
Western Bay Of Plenty District,2/180/4.543,60,W, ,RANGIURU ROAD,201418137,11/12/2014,Thu,1040,NA,CE1E,105B 711B 724B ,,R,D,O ,F , , ,C,70,0,0,1,21,,1896134,5811737
Western Bay Of Plenty District,2/180/4.603,, ,I,RANGIURU ROAD,201435845,14/04/2014,Mon,1340,GF,CN2T,387A 817 ,,M,D,OF,F ,T,G,P,70,0,0,0,,,1896194,5811729
Western Bay Of Plenty District,2/180/5.282,180,S, ,PAH ROAD,201416853,05/11/2014,Wed,1615,LB,CE1CC,303B 375B 929 ,,E,D,B ,F ,D,N,C,100,0,0,1,,,1896697,5812120
Western Bay Of Plenty District,2/180/7.399,200,W, ,MAKETU ROAD,201444283,16/09/2014,Tue,1445,FA,TW1C,181A ,,R,D,BF,F , , ,C,100,0,0,0,,,1898586,5811660
Western Bay Of Plenty District,2/180/7.499,100,W, ,SHOWGROUND ROAD,201438282,12/05/2014,Mon,823,CB,CS1,129A 351A ,E,R,D,ON,F , ,N,L,100,0,0,0,,,1898677,5811617
Western Bay Of Plenty District,2/180/7.599,, ,I,SHOWGROUND ROAD,201442399,30/08/2014,Sat,2100,FA,4W1C,101A 181A ,,R,D,DN,F ,X,S,C,100,0,0,0,,,1898767,5811574
Western Bay Of Plenty District,2/180/9.206,, ,I,SH 33,201449251,19/12/2014,Fri,1055,GC,VN1T,171B ,,M,D,B ,F ,R,G,R,100,0,0,0,,,1899586,5810353
Western Bay Of Plenty District,2/180/9.206,, ,I,SH 33,201415493,24/08/2014,Sun,1000,BB,CS1C,201A 400A 840 ,,M,D,B ,F ,R,G,C,100,0,0,1,,,1899586,5810353
Western Bay Of Plenty District,2/189/0.06,60,E, ,SH 33,201431424,27/02/2014,Thu,1625,FD,CW1C4,181A ,,R,D,BF,F , ,N,R,100,0,0,0,,,1899638,5810376
Western Bay Of Plenty District,2/189/0.127,, ,A,RAIL XING,201432487,22/02/2014,Sat,1110,FD,CW1C,181A 331A 402A 812 817 ,,R,D,BF,F , , ,C,100,0,0,0,,,1899705,5810374
Western Bay Of Plenty District,2/189/1.569,200,W, ,WILSON ROAD SOUTH,201430250,07/01/2014,Tue,715,AD,CE1,130A ,CF,R,D,B ,F , , ,L,100,0,0,0,,,1901146,5810319
Western Bay Of Plenty District,2/189/1.769,, ,I,WILSON ROAD SOUTH,201400278,28/12/2014,Sun,755,JA,TW1C,301B 375B ,,R,D,B ,F ,X,S,C,100,2,2,1,,,1901345,5810310
Western Bay Of Plenty District,2/189/2.564,500,E, ,POPLAR LANE,201445672,15/10/2014,Wed,1757,MB,4N1C,303B ,,R,D,B ,F , , ,C,100,0,0,0,,,1902129,5810204
Western Bay Of Plenty District,2/189/3.464,400,E, ,MENDS LANE,201435523,16/04/2014,Wed,1527,CB,TW1,358A ,,R,D,O ,F , , ,C,100,0,0,0,,,1902951,5809836
Western Bay Of Plenty District,2/189/4.269,2500,E, ,WILSON ROAD SOUTH,201431457,04/03/2014,Tue,528,EC,CW1,912,W,R,D,DN,F , ,N,C,100,0,0,0,,,1903684,5809505
Western Bay Of Plenty District,2/189/4.554,280,W, ,KAIKOKOPU ROAD,201438781,18/04/2014,Fri,1753,FF,CE1C,181A ,,R,W,ON,L , ,N,C,100,0,0,0,,,1903940,5809380
Western Bay Of Plenty District,2/189/7.724,300,W, ,PONGAKAWA STATION ROAD,201447710,15/11/2014,Sat,1335,DA,CW1,410A ,E,E,W,O ,F , , ,C,100,0,0,0,,,1906524,5808036
Western Bay Of Plenty District,2/189/7.984,40,W, ,PONGAKAWA STATION ROAD,201446945,16/08/2014,Sat,1000,QG,CE1,687A ,V,R,D,BN,F , ,N,C,100,0,0,0,,,1906777,5808086
Western Bay Of Plenty District,2/189/11.051,50,E, ,PUKEHINA STATION ROAD,201410316,06/01/2014,Mon,1455,BA,CW1T,129A 410A ,,R,D,BN,F , ,N,C,100,0,0,1,,,1909744,5808768
Western Bay Of Plenty District,2/189/11.201,200,E, ,PUKEHINA STATION ROAD,201410364,21/01/2014,Tue,330,CC,4W1,410A ,FV,R,W,DO,L , ,N,C,100,0,0,2,,,1909892,5808746