TLANAME,CRASHROAD,CRASHDIST,CRASHDIRN,INTSN,SIDEROAD,CRASHID,CRASHDATE,CRASHDOW,CRASHTIME,MVMT,VEHICLES,CAUSES,OBJECTSSTRUCK,ROADCURVE,ROADWET,LIGHT,WTHRa,JUNCTYPE,TRAFCTRL,ROADMARK,SPDLIM,CRASHFATALCNT,CRASHSEVCNT,CRASHMINCNT,PERSAGE1,PERSAGE2,EASTING,NORTHING
Western Bay Of Plenty District,2/189/12.501,1500,E, ,PUKEHINA STATION ROAD,201447884,07/11/2014,Fri,120,DA,CE1,137A ,C,E,D,DN,F , ,N,C,100,0,0,0,,,1911173,5808529
Western Bay Of Plenty District,2/189/15.246,, ,I,OHINEPANEA ROAD,201417118,13/11/2014,Thu,1330,GC,CE1V,171B ,,R,D,B ,F ,X,S,C,100,0,0,1,,,1913823,5807997
Western Bay Of Plenty District,2/189/15.536,300,E, ,ROGERS ROAD,201442080,07/08/2014,Thu,1942,EC,VW1C,912,W,R,D,DN,F , ,N,C,100,0,0,0,,,1914112,5807989
Western Bay Of Plenty District,2/189/17.661,500,N, ,OLD COACH ROAD,201416254,19/10/2014,Sun,48,CC,CN1,103A 410A ,F,R,W,DN,F , , ,C,100,0,0,1,,,1915728,5807170
Western Bay Of Plenty District,2/189/18.621,50,E, ,WAITAHANUI LANE,201444485,17/09/2014,Wed,849,CC,4E1V,130A 130B 197B ,L,R,D,O ,F , , ,L,100,0,0,0,,,1916280,5806429
Western Bay Of Plenty District,2/189/18.651,80,E, ,WAITAHANUI LANE,201410214,04/01/2014,Sat,1220,DA,MW1,131A 350A 403A ,S,M,D,B ,F , ,N,L,100,0,1,0,,,1916307,5806416
Western Bay Of Plenty District,2/189/19.033,200,W, ,OTAMARAKAU VALLEY ROAD,201438980,06/05/2014,Tue,600,AA,TW1V,372A ,,R,D,DO,F , ,N,C,100,0,0,0,,,1916681,5806374
Western Bay Of Plenty District,29/21/0.857,50,N, ,GARGAN ROAD,201412054,09/04/2014,Wed,1120,FA,CS1C,181A 500A ,CST,R,D,O ,F , ,N,C,100,0,1,0,,,1872184,5817239
Western Bay Of Plenty District,29/21/2.369,, ,I,BELK ROAD,201413748,16/06/2014,Mon,1204,JA,CS1C,301B 377B ,,E,D,OF,F ,T,S,C,100,0,0,2,,,1870822,5816742
Western Bay Of Plenty District,29/21/2.369,, ,I,BELK ROAD,201413029,12/05/2014,Mon,755,JA,CS1C,145A 301B 387B ,,R,D,BF,F ,T,S,L,100,0,0,1,,,1870822,5816742
Western Bay Of Plenty District,29/21/5.063,480,N, ,RUAHIHI ROAD,201413008,24/03/2014,Mon,1245,DB,TN1T,108A 501A ,D,E,D,BN,F , ,N,C,100,0,1,0,,,1869351,5814683
Western Bay Of Plenty District,PORIPORI ROAD,, ,I,29/21/6.044,201439793,04/07/2014,Fri,1010,DB,CN2C,111A 131A 402A ,,R,D,B ,F ,T,G,C,100,0,0,0,,,1868699,5813996
Western Bay Of Plenty District,29/21/6.044,, ,I,PORIPORI ROAD,201449434,30/12/2014,Tue,1500,GD,VS1V,181A 387A ,,E,D,B ,F ,T,G,L,100,0,0,0,,,1868699,5813996
Western Bay Of Plenty District,29/21/6.044,, ,I,PORIPORI ROAD,201437550,26/05/2014,Mon,1406,LB,CN1T,303B ,,E,D,B ,F ,T,G,C,100,0,0,0,,,1868699,5813996
Western Bay Of Plenty District,29/21/6.094,50,S, ,PORIPORI ROAD,201411645,21/03/2014,Fri,1950,DA,CS1,506A 512A ,T,E,D,DN,F , ,N,C,100,0,0,1,,,1868688,5813947
Western Bay Of Plenty District,29/21/6.244,200,S, ,PORIPORI ROAD,201411749,31/03/2014,Mon,1630,CB,TS1,129A 130A 817 ,T,R,D,B ,F , , ,L,100,0,1,0,,,1868666,5813799
Western Bay Of Plenty District,29/21/7.326,900,N, ,THORN ROAD,201442981,10/09/2014,Wed,921,AA,CS1T,386A 524A 801 ,,E,W,O ,L , , ,L,100,0,0,0,,,1868381,5812774
Western Bay Of Plenty District,29/21/8.405,, ,I,MCLAREN FALLS ROAD,201434885,26/03/2014,Wed,1000,FF,CS14,181A 817 ,,R,D, N,  ,T,S,C,100,0,0,0,,,1867664,5812005
Western Bay Of Plenty District,29/21/8.405,, ,I,MCLAREN FALLS ROAD,201442091,01/07/2014,Tue,1225,JA,CS1V,301B 375B ,,R,D,BF,F ,T,S,C,100,0,0,0,,,1867664,5812005
Western Bay Of Plenty District,29/21/14.157,2050,W, ,SOLDIERS ROAD,201434512,08/02/2014,Sat,849,DB,CE1,135A 404A 901 ,C,E,W,ON,H , ,N,L,100,0,0,0,,,1863148,5808862
Western Bay Of Plenty District,29/21/15.166,80,N, ,VALLEY VIEW ROAD,201450846,24/12/2014,Wed,1539,CB,CS1,129A 350A ,C,R,D,BN,F , ,N,L,100,0,0,0,,,1862364,5808361
Western Bay Of Plenty District,29/21/16.346,750,S, ,OLD KAIMAI ROAD N,201445272,19/10/2014,Sun,1819,FA,VS1T,386A ,,E,D,OF,F , , ,C,100,0,0,0,,,1861466,5807662
Western Bay Of Plenty District,29/21/19.811,500,N, ,HANGA ROAD,201400123,29/05/2014,Thu,1604,BC,VS1CC,101A 121A 800 ,,E,W,O ,F , , ,L,100,2,4,1,,,1859119,5805417
Western Bay Of Plenty District,29/21/19.911,400,N, ,OLD KAIMAI ROAD S,201431178,06/03/2014,Thu,200,EC,TS1,912,W,E,D,DN,F , ,N,C,100,0,0,0,,,1859054,5805342
Western Bay Of Plenty District,33/17/1.393,2530,N, ,NGAURUKEHU ROAD,201400067,28/03/2014,Fri,2050,DA,MN1C4,131A 132A 198C ,,M,D,DN,F , , ,L,100,1,0,0,,,1896411,5795532
Western Bay Of Plenty District,33/17/2.875,10000,N, ,MANIATUTU ROAD,201413615,03/06/2014,Tue,1350,BF,CS1V,131A 407A ,G,R,D,B ,F , , ,L,100,0,0,1,,,1897033,5796867
Western Bay Of Plenty District,33/17/4.883,150,S, ,FORESTRY ROAD,201446695,06/11/2014,Thu,1722,DA,TS1,129A 131A 191A ,TV,M,D,O ,F , , ,L,100,0,0,0,,,1897172,5798839
Western Bay Of Plenty District,33/17/7.642,2690,S, ,ALLPORT ROAD,201410343,26/01/2014,Sun,1745,DB,CN1,410A ,T,M,W,ON,L , ,N,L,100,0,0,2,,,1897494,5801413
Western Bay Of Plenty District,33/17/11.952,1620,N, ,ALLPORT ROAD,201448273,20/12/2014,Sat,1710,GD,CN1V,112A 181A 929 ,,R,W,O ,L ,D,N,C,100,0,0,0,,,1898895,5804927
Western Bay Of Plenty District,33/17/12.38,1500,S, ,MAUNGARANGI ROAD,201444005,02/08/2014,Sat,1907,DB,CS1,103A 131A ,C,M,D,DN,F , ,N,C,100,0,0,0,,,1898785,5805325
Western Bay Of Plenty District,33/17/12.58,1300,S, ,MAUNGARANGI ROAD,201444854,30/10/2014,Thu,1910,MC,VS1C,372B ,,M,D,TN,F , ,N,C,100,0,0,0,,,1898653,5805472
Western Bay Of Plenty District,33/17/14.278,1100,S, ,PARTRIDGE LANE,201450545,26/12/2014,Fri,1617,CC,CN1,130A ,FV,R,D,B ,F , , ,C,100,0,0,0,,,1899358,5806966
Western Bay Of Plenty District,33/17/17.319,, ,I,MCKENZIE ROAD,201442449,30/07/2014,Wed,1550,CB,CN1,129A 134A 331A ,C,R,W,OF,H ,T,S,C,100,0,0,0,,,1900023,5809675
Western Bay Of Plenty District,33/17/17.719,400,N, ,MCKENZIE ROAD,201436601,22/05/2014,Thu,1710,FA,CN1C,101A 112A ,,R,D,O ,F , ,N,C,100,0,0,0,,,1899849,5810035
Western Bay Of Plenty District,33/17/18.136,, ,I,SH 2,201430327,07/01/2014,Tue,800,JC,CW1C,302A 375A ,,R,D,B ,F ,T,G,C,100,0,0,0,,,1899586,5810353
Western Bay Of Plenty District,36/4/0.05,50,S, ,PYES PA ROAD,201439244,25/06/2014,Wed,1050,KB,CN1C,308B 927 ,,R,D,O ,F ,D,N,C,80,0,0,0,,,1874483,5815100
Western Bay Of Plenty District,36/4/0.457,, ,I,KEENAN ROAD,201436271,18/05/2014,Sun,1201,GE,CS1C,157A ,,R,D,B ,F ,T,G,C,100,0,0,0,,,1874478,5814693
Western Bay Of Plenty District,36/4/1.858,1000,N, ,MERRICK ROAD,201411658,21/02/2014,Fri,841,CB,CN1,101A 129A ,FP,R,D,BN,F , ,N,C,100,0,0,1,,,1874626,5813309
Western Bay Of Plenty District,36/4/2.699,300,N, ,JOYCE ROAD,201445836,13/10/2014,Mon,1530,JA,CS14,308B 353B 402B 930 ,,R,D,B ,F ,D,N,N,60,0,0,0,,,1874892,5812513
Western Bay Of Plenty District,36/4/2.758,100,N, ,MERRICK ROAD,201414247,15/08/2014,Fri,902,CB,4N1,129A 134A ,CT,R,D,B ,F , ,N,C,100,0,0,1,,,1874908,5812456
Western Bay Of Plenty District,36/4/3.299,300,S, ,JOYCE ROAD,201447031,31/10/2014,Fri,1532,KA,CS1T,308B 375B 929 ,,R,D,ON,F ,D,N,C,100,0,0,0,,,1874954,5811920
Western Bay Of Plenty District,36/4/4.599,1600,S, ,JOYCE ROAD,201432440,26/01/2014,Sun,2150,EC,4S1CC,195A 331C 387C 800 862 912 ,W,M,W,DO,L , ,N, ,100,0,0,0,,,1875016,5810662
Western Bay Of Plenty District,36/4/6.779,750,S, ,OROPI GORGE ROAD,201415714,03/07/2014,Thu,600,DB,CN1,135A 806 ,,M,W,DN,M , ,N,C,100,0,0,1,,,1875123,5808630
Western Bay Of Plenty District,36/4/6.829,800,S, ,OROPI GORGE ROAD,201414964,03/07/2014,Thu,600,DB,CN1,135A 806 ,C,M,W,DN,M , ,N,C,100,0,0,1,,,1875127,5808580
Western Bay Of Plenty District,36/4/6.996,450,N, ,WILLIAMS ROAD,201449395,24/12/2014,Wed,653,DB,TN1,110A 132A 615A 801 ,E,M,W,O ,L , , ,P,100,0,0,0,,,1875040,5808468
Western Bay Of Plenty District,36/4/7.796,350,S, ,WILLIAMS ROAD,201417957,08/12/2014,Mon,1823,DA,CN1,131A 358A ,,M,D,B ,F , , ,C,100,0,0,1,,,1874801,5807816
Western Bay Of Plenty District,36/13/0.28,280,S, ,TAUMATA ROAD,201448301,17/12/2014,Wed,1740,DA,CN1,110A 131A ,T,E,W,O ,H , ,N,C,100,0,0,0,,,1874474,5806279
Western Bay Of Plenty District,36/13/4.862,290,N, ,OROPI ROAD,201448715,29/11/2014,Sat,1629,DA,4N1,131A 412A ,F,E,D,B ,F , , ,C,100,0,0,0,,,1876966,5802889
Western Bay Of Plenty District,36/13/5.902,750,S, ,OROPI ROAD,201414232,03/07/2014,Thu,630,DB,CN1,135A 330A 806 ,G,M,W,DN,F , ,N,C,100,0,0,1,,,1877075,5801928
Western Bay Of Plenty District,36/13/9.177,1060,N, ,MANGATOI ROAD,201414240,27/07/2014,Sun,1740,DB,CS1,111A 131A 817 ,,E,D,DF,F , ,N,N,80,0,1,0,,,1876987,5798822
Western Bay Of Plenty District,36/13/10.157,3000,S, ,TAUMATA ROAD,201446333,22/09/2014,Mon,1557,DB,CS1,111A 131A 350A ,F,M,D,BN,F , ,N,C,100,0,0,0,,,1877510,5798148
Western Bay Of Plenty District,36/13/11.237,1000,S, ,MANGATOI ROAD,201447709,11/11/2014,Tue,2115,DA,4S1,111A 131A 901 903 ,,M,W,DN,HS, , ,C,100,0,0,0,,,1877115,5797191
Western Bay Of Plenty District,36/13/15.116,200,S, ,TE MATAI ROAD,201440005,08/07/2014,Tue,1615,AO,4W1CV,387A ,,E,D,ON,F , ,N,C,100,0,0,0,,,1877988,5794243
Westland District,BIRD ROAD,1500,N, ,WHALE ROAD,201411040,28/01/2014,Tue,1700,DA,CS1,111A 131A 402A 420A ,T,E,D,B ,F , , ,N,100,0,0,1,,,1387255,5214658
Westland District,COOK FLAT ROAD,, ,A,CARTERS CRK BR,201444222,17/08/2014,Sun,100,CC,CW1,103A 130A ,B,R,D,DO,F , , ,C,50,0,0,0,,,1358428,5183354
Westland District,CRON ST,, ,I,COWAN ST,201410891,17/02/2014,Mon,2030,HA,VN1C,375A 112B 205B 330B 801 ,,R,W,O ,L ,X,G,C,50,0,0,1,,,1371858,5192323
Westland District,GILLESPIES BEACH ROAD,2100,N, ,COOK FLAT ROAD,201434083,11/04/2014,Fri,2230,DA,CS1,101A 111A ,T,S,D,DN,F , ,N,N,100,0,0,0,,,1349980,5185465
Westland District,GILLESPIES BEACH ROAD,2200,N, ,COOK FLAT ROAD,201446722,12/10/2014,Sun,1655,BB,CS1C,123A 404A ,,M,W,O ,F , ,N,N,100,0,0,0,,,1349910,5185497
Westland District,GILLESPIES BEACH ROAD,7100,N, ,COOK FLAT ROAD,201447936,01/11/2014,Sat,930,DB,CN1,103A 129A 138A ,,S,D,O ,F , , ,N,100,0,0,0,,,1346678,5187937
Westland District,HAMPDEN ST,, ,I,HALL ST,201416266,11/10/2014,Sat,1220,HA,CS2C,302A ,,R,D,B ,F ,X,G,C,50,0,0,2,,,1433826,5268625
Westland District,HAMPDEN ST,20,W, ,SH 6,201444093,18/07/2014,Fri,851,FB,CW1C,331A 352A ,,R,D,BN,F , ,N,C,50,0,0,0,,,1433605,5268777
Westland District,KANIERE KOWHITIRANGI ROAD,2480,N, ,DAWSON ROAD,201446721,29/10/2014,Wed,2230,CC,CS1,410A ,V,R,W,DN,L , ,N,C,100,0,0,0,,,1439188,5261410
Westland District,KANIERE ROAD,110,E, ,ST ALBANS ST,201434138,18/01/2014,Sat,919,BB,CE14,101A 410A ,,E,D,BN,F , ,N,C,70,0,0,0,,,1436883,5265259
Westland District,MACARTHUR ROAD,810,W, ,MULVANEY ROAD,201449263,13/12/2014,Sat,200,CA,CW1,101A 130A 402A 813 ,F,R,D,DN,F , , ,N,100,0,0,0,,,1435043,5251601
Westland District,MUNICIPAL ROAD,1380,E, ,FORD ROAD SOUTH,201434084,20/04/2014,Sun,2045,DA,40,135A 402A 840 901 ,F,S,W,DN,H , ,N,N,100,0,0,0,,,1439185,5250762
Westland District,OLD CHRISTCHURCH ROAD,1000,E, ,DUFFERS CREEK ROAD,201448795,27/11/2014,Thu,1350,DA,CE1,111A 131A 813 ,,M,D,O ,F , , ,N,100,0,0,0,,,1450896,5267189
Westland District,OLD CHRISTCHURCH ROAD,100,W, ,SH 73,201439472,03/07/2014,Thu,1350,DA,VE1,134A 138A 811 ,,M,D,B ,F , ,N,N,100,0,0,0,,,1456457,5268843
Westland District,PARK ST,, ,I,BRITTAN ST,201437708,28/05/2014,Wed,1505,HA,CE1C,302B 375B 402B ,,R,W,OF,L ,X,G,C,50,0,0,0,,,1434057,5268748
Westland District,REVELL ST,50,N, ,WELD ST,201447669,21/11/2014,Fri,1230,EA,BN1C,179A ,M,R,D,OF,F , ,N,C,50,0,0,0,,,1433136,5268623
Westland District,SALE ST,40,E, ,TUDOR ST,201440747,05/05/2014,Mon,1615,DA,CE1,103A 131A ,V,E,W,O ,L , , ,N,50,0,0,0,,,1434315,5268902
Westland District,SEWELL ST,, ,I,WELD ST,201438308,12/04/2014,Sat,950,HA,CN1M,302A 353A 632A ,,R,D,O ,F ,R,G,R,50,0,0,0,,,1433271,5268472
Westland District,STAFFORD ST,, ,I,LIVINGSTON ST,201412311,23/02/2014,Sun,1009,HA,CS24,302A 375A ,,R,D,O ,F ,X,G,C,50,0,0,2,,,1434407,5267951
Westland District,TANCRED ST,50,N, ,WELD ST,201438304,14/02/2014,Fri,1540,MO,CN1,130A 423A ,H,R,D,B ,F , , ,N,50,0,0,0,,,1433203,5268578
Westland District,WAITANGITAONA ROAD,1500,W, ,WHATAROA FLAT ROAD,201442127,17/08/2014,Sun,1430,DB,CN1,131A 402A 813 ,,M,D,B ,F , , ,N,100,0,0,0,,,1385012,5216618
Westland District,6/445/0.199,, ,A,TARAMAKAU RIV BR,201412317,06/04/2014,Sun,835,CA,MS1,130A 800 ,,R,W,O ,F , ,G,N,100,0,1,0,,,1447789,5286127
Westland District,6/445/0.204,1380,S, ,PANDORA AVENUE,201410361,26/01/2014,Sun,1300,DA,MN1,135A 810 ,,E,W,ON,H , ,G,N,100,0,0,1,,,1447791,5286122
Westland District,6/445/2.66,700,E, ,SH 73,201413543,23/05/2014,Fri,1720,GA,CW14,181A 331A 929 ,,R,W,DN,H ,D,N,C,100,0,0,2,,,1447051,5284052
Westland District,6/445/3.36,, ,I,SH 73 OTIRA,201417375,25/10/2014,Sat,1530,KB,CS1M,302A 375A ,,M,D,O ,F ,R,G,R,100,0,0,1,,,1446546,5283579
Westland District,SERPENTINE ROAD,, ,I,6/445/4.556,201443832,14/08/2014,Thu,1828,BF,CE2C,111A 131A ,Q,M,D,TN,F ,T,S,C,100,0,0,0,,,1445700,5284329
Westland District,6/445/12.013,, ,A,WAIMEA CRK BR,201430205,11/01/2014,Sat,1400,CB,CN1,103A 130A ,BG,R,D,B ,F , , ,C,100,0,0,0,,,1441802,5278043
Westland District,6/463/0.355,, ,I,ARAHURA VALLEY ROAD,201413542,07/06/2014,Sat,1155,DC,CW1,131A 191A ,IS,M,W,O ,L ,R,G,R,80,0,0,1,,,1438176,5273590
Westland District,6/463/6.185,10,N, ,RICHARDS DRIVE,201446726,05/10/2014,Sun,1340,FA,4S1C,181A ,,R,D,O ,F ,T,N,N,80,0,0,0,,,1434121,5269576
Westland District,6/463/7.138,, ,I,HAMPDEN ST,201410102,04/01/2014,Sat,1515,HA,CE2C,302A ,,R,D,B ,F ,X,G,R,50,0,0,1,,,1433621,5268766
Westland District,6/471/1.461,390,S, ,GOLF LINKS ROAD N,201447938,17/11/2014,Mon,2020,DA,VS1,103A 131A ,FV,E,D,O ,F , , ,C,100,0,0,0,,,1432703,5266797
Westland District,6/471/3.571,2500,S, ,ARTHURSTOWN ROAD,201449217,28/11/2014,Fri,1440,GE,4S1C,160A 929 ,,R,D,B ,F ,D,N,C,100,0,0,0,,,1431033,5265541
Westland District,6/501/14.326,2150,E, ,WAITAHA VALLEY ROAD,201447667,15/11/2014,Sat,1250,DA,CW1,111A 131A ,C,E,D,ON,F , ,N,C,100,0,0,0,,,1414786,5239080
Westland District,6/501/17.461,800,N, ,WAITAHA RIV BR,201413582,17/07/2014,Thu,2230,DB,VN1,131A 802 ,C,M,I,DN,FF, , ,C,100,0,0,1,,,1411883,5238500
Westland District,6/519/0.117,, ,A,WAITAHA RIV BR,201430206,12/01/2014,Sun,1409,FF,CS14,191A 331A ,,M,W,O ,L , ,G,C,100,0,0,0,,,1411227,5238746
Westland District,6/519/8.576,1850,N, ,LAKE IANTHE CPK,201441231,28/07/2014,Mon,838,DB,CS1,135A 802 804 810 ,,E,I,B ,FF, , ,C,100,0,0,0,,,1407744,5231725
Westland District,6/519/12.058,300,S, ,CAMERONS CRK BR,201447935,06/11/2014,Thu,1400,DB,CN1,110A 131A 800 801 ,EX,M,W,O ,L , , ,C,100,0,0,0,,,1406834,5228438
Westland District,6/519/21.413,550,E, ,WANGANUI RIV BR,201400281,30/12/2014,Tue,1615,CB,CW1,112A 404A ,BG,R,D,B ,F , ,N,N,100,2,0,0,,,1407307,5219324
Westland District,6/519/21.513,450,E, ,WANGANUI RIV BR,201418726,04/08/2014,Mon,804,EC,TW1,914,W,M,D,B ,F , , ,C,100,0,0,1,,,1407229,5219263
Westland District,6/551/3.104,80,W, ,SALTWATER FOREST RD,201412313,23/02/2014,Sun,1210,AD,VW1,111A 130A ,C,M,D,O ,F , , ,C,100,0,1,0,,,1394383,5217985
Westland District,6/551/6.475,8300,N, ,ROTOKINO ROAD,201437757,19/05/2014,Mon,1300,DA,CS1,111A 131A 901 ,C,S,W,O ,H , , ,C,100,0,0,0,,,1393104,5216226
Westland District,6/551/17.775,3000,S, ,ROTOKINO ROAD,201445178,03/10/2014,Fri,1045,CB,CN1,134A 330A 801 ,FT,R,W,O ,L , , ,C,100,0,0,0,,,1390457,5206812
Westland District,6/570/2.86,270,W, ,WHATAROA RIV BR,201432098,24/01/2014,Fri,850,DA,4W1,111A 131A 404A ,T,E,D,BN,F , ,N,C,100,0,0,0,,,1389057,5204190
Westland District,6/570/4.826,1500,E, ,BRANDT ROAD,201443830,07/08/2014,Thu,1635,CB,CW1,129A 350A ,V,R,W,ON,L , ,N,C,100,0,0,0,,,1387596,5205154
Westland District,6/570/5.626,700,S, ,BRANDT ROAD,201443823,08/08/2014,Fri,1455,BA,VN1V,129A ,,R,D,BN,F , ,N,C,100,0,0,0,,,1387324,5205897
Westland District,6/570/5.979,1000,E, ,ROBERTS ST,201445285,11/10/2014,Sat,2110,EC,CN1,911,W,R,D,DN,F , , ,C,100,0,0,0,,,1387105,5206174
Westland District,6/570/6.326,, ,I,BRANDT ROAD,201418130,20/11/2014,Thu,1900,DB,CN1,131A 507A 801 ,FP,M,W,O ,L ,T,N,C,100,0,1,0,,,1386886,5206443
Westland District,6/570/8.426,2100,N, ,BURROUGH ROAD,201413636,17/04/2014,Thu,1015,CC,VN1,130A 903 ,EF,R,D,O ,FS, , ,C,100,0,0,1,,,1385448,5205948
Westland District,6/570/10.444,1100,W, ,BOWER HILL ROAD,201438312,17/04/2014,Thu,1030,QG,4S1,130A 903 ,F,R,D,O , S, , ,C,100,0,0,0,,,1384197,5204672
Westland District,6/584/9.12,1100,S, ,FORKS-OKARITO ROAD,201447934,03/11/2014,Mon,1145,DA,4N1,129A 134A 198A 407A 801 ,VX,E,W,O ,L , , ,C,100,0,0,0,,,1376365,5204948
Westland District,6/596/5.652,400,S, ,ARTHURS ROAD,201413353,25/04/2014,Fri,220,DB,CN1,104A 131A 410A 801 ,V,E,W,DN,L , , ,C,100,0,1,0,,,1374144,5197474
Westland District,6/596/11.716,800,N, ,WALLACE ST,201412771,28/02/2014,Fri,400,DA,CN1,103A 111A 131A ,TV,M,W,DO,F , ,N,L,80,0,0,1,,,1371447,5193234
Westland District,6/596/12.848,50,N, ,CONDON ST,201435606,15/03/2014,Sat,1330,MO,CS1M,371A ,M,R,D,O ,F , , ,P,50,0,0,0,,,1371742,5192173
Westland District,6/596/12.948,50,S, ,CONDON ST,201434400,05/04/2014,Sat,1800,MO,CN1C,371A 801 ,M,R,W,O ,L , , ,C,50,0,0,0,,,1371750,5192074
Westland District,6/610/9.014,560,W, ,OCONNOR CRK BR,201438547,01/06/2014,Sun,1030,DB,CW1,110A 135A 404A 802 ,V,M,I,B ,FF, , ,L,100,0,0,0,,,1365594,5189910
Westland District,6/610/9.931,5200,S, ,DOCHERTY CREEK ROAD,201446724,27/10/2014,Mon,1830,DA,CS1,111A 131A ,PV,S,D,B ,F , ,N,C,100,0,0,0,,,1365369,5189585
Westland District,6/626/8.27,, ,A,FOX RIV BR,201449704,27/12/2014,Sat,615,CB,CS1,110A ,G,R,W,O ,HS, ,N,N,50,0,0,0,,,1358078,5181826
Westland District,6/626/11.089,4500,S, ,COOK FLAT ROAD,201444092,28/06/2014,Sat,1400,AC,VS1C,372A ,,R,D,BN,F , ,N,C,100,0,0,0,,,1355668,5180574
Westland District,6/659/9.848,600,N, ,HUNTS BEACH ROAD,201431491,03/02/2014,Mon,1530,CB,4S1,410A ,VZ,R,D,ON,F , ,N,C,100,0,0,0,,,1332706,5171416
Westland District,6/683/6.26,10,N, ,DOUGHBOY CRK BR,201436477,03/04/2014,Thu,1500,CC,CS1,129A 411A ,C,R,D,OF,F , ,N,C,100,0,0,0,,,1321657,5157818
Westland District,6/695/5.697,770,N, ,LAKE PARINGA MOTEL,201440592,21/07/2014,Mon,1015,DB,4W1,111A 131A 802 ,C,M,I,B ,FF, , ,C,100,0,0,0,,,1312054,5154192
Westland District,6/709/11.528,, ,A,MONRO BEACH TRACK ENT,201413371,22/03/2014,Sat,1630,JA,CE1C,308B 363B 375B 902 930 ,,R,D,B ,F ,D, ,C,100,0,0,4,,,1299545,5152724
Westland District,6/723/4.984,4960,W, ,WHAKAPOHAI RIV BR,201443434,13/07/2014,Sun,1400,DA,CE1,131A 336A ,E,S,W,O ,F , ,N,C,100,0,0,0,,,1294963,5152098
Westland District,6/750/0.367,, ,A,HAAST RIV BR,201412497,17/04/2014,Thu,1600,CC,TS1,110A 130A 901 903 ,BEZ,R,W,O ,HS, , ,C,100,0,1,0,,,1282587,5136582
Westland District,6/750/10.445,6500,S, ,MARKS ROAD S,201434347,15/02/2014,Sat,910,CB,CS1,130A 195A 407A ,TV,R,D,B ,F , , ,C,100,0,0,0,,,1286467,5128906
Westland District,6/767/6.175,60,E, ,ROARING SWINE CRK BR,201410889,26/02/2014,Wed,1745,BC,TE1C,121A 387B 404B 818 ,,S,D,B ,F , , ,C,100,0,0,3,,,1296440,5124351
Westland District,6/800/10.971,, ,A,ROBINSONS CRK BR,201442128,30/07/2014,Wed,1400,DA,CN1,131A 404A ,X,M,W,O ,L , , ,C,100,0,0,0,,,1309666,5112690
Westland District,73/159/9.667,1900,N, ,BLUFF CRK BR,201418116,25/10/2014,Sat,1645,CC,TN1,136A 631A ,E,R,D,B ,F , , ,C,100,0,1,2,,,1486242,5262449
Westland District,73/159/11.226,, ,A,AICKENS RAIL XING,201416936,23/08/2014,Sat,1650,DA,4N1,103A 131A ,,S,D,BN,F , ,T,C,100,0,1,0,,,1487417,5263423
Westland District,73/159/11.226,, ,A,AICKENS RAIL XING,201450064,31/12/2014,Wed,1600,DA,CN1,103A 111A 131A 801 ,P,M,W,O ,H , ,T,L,100,0,0,0,,,1487417,5263423
Westland District,73/159/13.333,580,W, ,MCDONALDS RAIL XING,201432274,09/01/2014,Thu,200,DA,4N1,131A 412A ,F,M,D,DN,F , ,N,C,100,0,0,0,,,1486208,5264706
Westland District,73/174/4.812,760,E, ,WALLACE CRK CV,201417912,04/12/2014,Thu,2033,DB,CN1,131A 404A 407A ,SV,M,W,DN,L , , ,C,100,0,0,1,,,1480472,5266105
Westland District,73/174/13.523,1290,W, ,HARLEY CRK BR,201437792,18/04/2014,Fri,1730,DA,BE1C,137A 350B 442B 831 901 ,E,E,W,DN,H , ,N,C,100,0,0,0,,,1472332,5267466
Westland District,73/191/0.106,50,S, ,TAIPO RIV BR,201445914,03/10/2014,Fri,2055,DA,VS1,101A 131A 402A ,X,S,W,DN,LS, , ,C,100,0,0,0,,,1469253,5265089