TLANAME,CRASHROAD,CRASHDIST,CRASHDIRN,INTSN,SIDEROAD,CRASHID,CRASHDATE,CRASHDOW,CRASHTIME,MVMT,VEHICLES,CAUSES,OBJECTSSTRUCK,ROADCURVE,ROADWET,LIGHT,WTHRa,JUNCTYPE,TRAFCTRL,ROADMARK,SPDLIM,CRASHFATALCNT,CRASHSEVCNT,CRASHMINCNT,PERSAGE1,PERSAGE2,EASTING,NORTHING
Westland District,73/191/1.346,1290,W, ,TAIPO RIV BR,201412075,18/04/2014,Fri,1800,DA,CE1,110A 131A 404A ,S,M,W,DN,F , ,N,C,100,0,0,1,,,1468182,5264510
Westland District,73/191/3.311,250,W, ,HARRINGTON CRK BR,201441472,30/07/2014,Wed,1005,GE,CE1O,160A 387A 926 ,,M,W,B ,F ,D,N,C,100,0,0,0,,,1466319,5264392
Westland District,73/191/7.109,440,N, ,RANGIRIRI CRK BR,201439892,10/07/2014,Thu,1405,BC,CS1T,121A 801 ,,E,W,O ,L , , ,C,100,0,0,0,,,1463097,5264660
Westland District,73/191/10.05,6070,S, ,OLD CHRISTCHURCH ROAD,201446723,27/10/2014,Mon,2220,CC,CN1,129A 350A ,F,R,D,DN,F , ,N,C,100,0,0,0,,,1460982,5266528
Westland District,73/191/12.336,, ,A,TURIWHATE CRK BR,201417863,27/10/2014,Mon,1525,DB,ME1,131A 650A ,EZ,E,D,B ,F , , ,L,100,0,1,1,,,1459007,5267490
Westland District,73/206/4.523,, ,A,STONEY CRK CV,201400258,03/12/2014,Wed,1700,BC,CS1T,121A 205A 404A ,Z,E,D,B ,F , ,N,C,100,1,2,1,,,1454851,5271742
Westland District,73/206/14.44,, ,A,KUMARA RACECOURSE,201450567,22/12/2014,Mon,1530,GD,4S1C,333A 414A 927 ,,R,D,B ,F ,D, ,C,100,0,0,0,,,1449873,5280133
Westland District,73/206/19.215,20,S, ,SH 6,201443833,14/08/2014,Thu,900,CB,CN1,112A ,S,R,W,OF,L ,R,G,L,100,0,0,0,,,1446534,5283532
Whakatane District,ANGLE ROAD,, ,I,LUXTON ROAD,201414674,23/07/2014,Wed,824,DA,CN1,129A 130A 191A 645A 802 ,FV,M,D,B ,FF,T,G,C,100,0,0,1,,,1942017,5790356
Whakatane District,ARAWA ROAD,, ,I,CUTLER CRESCENT N,201413031,07/05/2014,Wed,811,MC,CS1C,372B ,,R,D,ON,F ,T,G,C,50,0,0,1,,,1949188,5790090
Whakatane District,ARAWA ROAD,140,S, ,CUTLER CRESCENT S,201416148,26/08/2014,Tue,2240,DA,CN1,103A 111A 131A ,FHX,S,D,DO,F , , ,C,50,0,0,2,,,1949213,5789598
Whakatane District,ARAWA ROAD,, ,I,VALLEY ROAD,201446318,11/09/2014,Thu,1520,FF,TE1C,358A 428A ,,R,D,BF,F ,T,G,R,50,0,0,0,,,1950158,5789302
Whakatane District,AWATAPU DRIVE,, ,I,ARAWA ROAD,201438211,07/06/2014,Sat,1400,HA,CW1C,302A 375A ,,R,D,BF,F ,R,G,R,50,0,0,0,,,1949176,5790156
Whakatane District,BOON ST,20,N, ,PYNE ST,201438413,18/06/2014,Wed,1135,MF,4N1C,371B ,,R,D,B ,F , , ,C,50,0,0,0,,,1951008,5791736
Whakatane District,BOON ST,40,N, ,RICHARDSON ST,201435591,23/04/2014,Wed,1420,MO,VN1C,371B ,M,R,D,B ,F , , ,C,50,0,0,0,,,1951013,5791862
Whakatane District,BOON ST,20,S, ,THE STRAND,201445880,16/10/2014,Thu,1016,EA,CN1C,129A ,M,R,D,O ,F , , ,N,50,0,0,0,,,1951016,5791958
Whakatane District,BRAEMAR ROAD,1000,N, ,JOHNS ROAD,201448398,26/12/2014,Fri,2200,CC,CN1,423A 601A ,FP,R,D,DN,F , ,N,C,100,0,0,0,,,1927231,5789264
Whakatane District,BUDDLE ST,, ,I,BRACKEN ST,201414371,05/07/2014,Sat,802,JA,CW2C,302B 375B 801 ,,E,W,O ,L ,R,G,R,50,0,0,2,,,1950838,5792062
Whakatane District,COMMERCE ST,25,S, ,LOUVAIN ST,201441728,12/08/2014,Tue,1245,MA,VN1C,382B ,,R,D,B ,F , , ,P,50,0,0,0,,,1951040,5791570
Whakatane District,COMMERCE ST,60,N, ,MERRITT ST,201416105,30/09/2014,Tue,1420,NA,CN1E,713B ,,R,D,BF,F , , ,C,50,0,0,1,17,,1951013,5791527
Whakatane District,COMMERCE ST,, ,I,SHAPLEY PLACE,201412248,02/04/2014,Wed,1247,LB,4N1P,303B 375B ,,R,D,B ,F ,T,G,P,50,0,0,1,,,1951127,5791852
Whakatane District,DOMAIN ROAD,40,W, ,COMMERCE ST,201439040,29/06/2014,Sun,2200,EA,CE1C,129A ,M,R,D,DO,F , ,N,C,50,0,0,0,,,1950784,5791265
Whakatane District,DOMAIN ROAD,5,E, ,FRANCIS ST,201430057,01/01/2014,Wed,1315,FD,CE14C,103A 181A ,,R,D,BF,F ,T,S,P,50,0,0,0,,,1950570,5791276
Whakatane District,DOMAIN ROAD,15,E, ,KING ST,201410850,02/02/2014,Sun,1020,DB,MW1,131A 922 ,K,R,D,B ,F ,D, ,C,50,0,0,1,,,1949917,5791307
Whakatane District,DOMAIN ROAD,, ,I,MCALISTER ST,201413030,04/05/2014,Sun,1545,HA,CW1S,302A 377A ,,R,D,BF,F ,R,G,R,50,0,0,1,,17,1950671,5791271
Whakatane District,EAST BANK ROAD,1000,S, ,MCLEAN ROAD,201442560,06/06/2014,Fri,2200,DB,4N1,103A 111A 131A ,P,M,D,DN,F , ,N,C,100,0,0,0,,,1937362,5791481
Whakatane District,FERGUSON ROAD,2000,W, ,KEEPA ROAD,201436181,25/04/2014,Fri,1340,DA,CS1,131A 351A 402A ,,M,D,B ,F , , ,C,100,0,0,0,,,1947818,5793593
Whakatane District,FERGUSON ROAD,, ,I,KEEPA ROAD,201414370,05/07/2014,Sat,1535,DC,CE1,103A 112A 130A 402A 506A 801 ,TZ,R,W,O ,L ,T,S,C,80,0,0,1,,,1949579,5793136
Whakatane District,FERMAH ROAD,1000,N, ,SH 2,201436443,10/04/2014,Thu,400,CB,CS1,129A ,V,R,W,DN,L , ,N,N,100,0,0,0,,,1944757,5787521
Whakatane District,GALATEA ROAD,530,S, ,HOROMANGA ROAD,201413918,15/06/2014,Sun,10,DA,4N1,103A 129A 134A ,V,E,D,DN,M , ,N,C,100,0,1,0,,,1929157,5746787
Whakatane District,GALATEA ROAD,540,N, ,POKAIROA ROAD,201413941,19/04/2014,Sat,1151,DA,4N1,110A 131A ,CV,M,W,O ,F , ,N,C,100,0,0,1,,,1933270,5769691
Whakatane District,GORGE ROAD,40,E, ,ADA VALE,201413048,23/05/2014,Fri,2110,DB,CE1,103A 111A 131A ,CT,M,D,DO,F , ,N,R,70,0,0,1,,,1951962,5790630
Whakatane District,GORGE ROAD,600,E, ,COMMERCE ST,201444233,13/09/2014,Sat,1600,JA,CW1C,308B 801 929 ,,M,W,O ,L ,D, ,C,100,0,0,0,,,1951248,5790619
Whakatane District,GORGE ROAD,500,E, ,VALLEY ROAD,201430551,21/01/2014,Tue,1448,MC,CE1T,372B ,,R,W,O ,L , , ,L,70,0,0,0,,,1951170,5790679
Whakatane District,GOW ROAD,800,N, ,SH 2,201437769,06/06/2014,Fri,1945,DA,CN1,131A 134A 407A 412A 904 ,,M,D,DN,M , , , ,100,0,0,0,,,1934191,5792228
Whakatane District,GRIEVE ROAD,200,N, ,SH 30,201446327,13/09/2014,Sat,30,EC,CS1,912,W,R,W,DN,L , ,N,C,100,0,0,0,,,1931225,5783933
Whakatane District,HEREPURU ROAD,1300,S, ,SH 2,201414176,21/06/2014,Sat,2330,CC,VS1,103A 112A ,C,R,W,DN,F , ,N,C,100,0,0,1,,,1927086,5800508
Whakatane District,HILLCREST ROAD,40,N, ,WEDGWOOD PLACE,201439900,12/06/2014,Thu,1403,BF,CS1C,101A 131A ,,E,W,OF,L , ,N,C,50,0,0,0,,,1951575,5791318
Whakatane District,HINEMOA ST,, ,I,JAMES ST,201414717,31/07/2014,Thu,717,HA,CN1S,302A 375A ,,E,D,TF,FF,R,G,R,50,0,0,1,,50,1949152,5791052
Whakatane District,HYDRO ROAD,140,N, ,MCCRACKEN ROAD,201431458,28/02/2014,Fri,1500,DA,CN1,103A 111A 131A ,,M,D,B ,F , ,N,C,100,0,0,0,,,1936323,5788554
Whakatane District,JAMES ST,10,W, ,HORROCKS AVENUE,201416970,25/09/2014,Thu,1506,NA,CE1E,713B 727B ,,R,D,BF,F ,T,N,C,50,0,0,1,7,,1948616,5791086
Whakatane District,KING ST,, ,I,HAIG ST,201442216,18/08/2014,Mon,1530,MO,BS1V,124A 330A ,,M,D,B ,F ,T,S,C,50,0,0,0,,,1949888,5791196
Whakatane District,KOHI POINT LOOKOUT ROAD,700,N, ,OTARAWAIRERE ROAD,201415989,20/09/2014,Sat,2330,DB,VN1,101A 111A 131A 402A ,F,M,D,DN,F , , ,N,100,0,0,1,,,1952857,5791002
Whakatane District,KOHI POINT LOOKOUT ROAD,820,W, ,OTARAWAIRERE ROAD,201414177,18/07/2014,Fri,28,DA,CW1,103A 111A 131A ,F,M,D,DN,F , ,N,N,80,0,0,1,,,1952759,5790939
Whakatane District,KOPURIKI ROAD,4690,S, ,BONISCH ROAD,201412627,10/04/2014,Thu,730,DB,4S1,111A 131A ,,S,W,ON,L , ,N,C,100,0,1,0,,,1924969,5744548
Whakatane District,KOPURIKI ROAD,6000,N, ,SH 38,201444633,11/04/2014,Fri,1545,CB,CN1,130A 631A ,C,R,W,O ,F , ,N,N,100,0,0,0,,,1924300,5742820
Whakatane District,LANDING ROAD,60,W, ,EIVERS ROAD,201448785,04/12/2014,Thu,1130,FD,CE1C,181A 427A ,,R,D,B ,F , , ,C,50,0,0,0,,,1949751,5791314
Whakatane District,LANDING ROAD,, ,I,EIVERS ROAD,201435833,31/03/2014,Mon,1455,HA,4S2C,302A 375A ,,R,D,OF,F ,R,G,R,50,0,0,0,,,1949822,5791321
Whakatane District,LANDING ROAD,50,E, ,NELSON ST,201416840,12/11/2014,Wed,840,FD,4E1CC,181A 330A ,,R,D,B ,F , ,N,C,50,0,1,0,,,1949434,5791331
Whakatane District,LORD COBHAM AVENUE,100,S, ,CHURCHILL ST,201440714,24/07/2014,Thu,1430,MA,CS1C,373B ,,E,D,B ,F , , ,N,50,0,0,0,,,1949698,5789905
Whakatane District,LOVELOCK ST,, ,I,SOUTARS AVENUE,201415930,17/09/2014,Wed,1555,BB,SE14,124A ,,R,D,B ,F ,T,G,C,50,0,0,1,,19,1950010,5791077
Whakatane District,MAIN ST,70,S, ,BRIDGE ST,201431127,25/02/2014,Tue,2051,EO,TE1,330A 386A ,B,R,D,DO,F , ,N,C,50,0,0,0,,,1936351,5789778
Whakatane District,MCALISTER ST,50,N, ,DOMAIN ROAD,201448711,21/11/2014,Fri,1630,FO,CS1C,331A 387A ,,R,D,O ,F , , ,C,50,0,0,0,,,1950664,5791331
Whakatane District,MCALISTER ST,, ,I,DOMAIN ROAD,201430252,13/01/2014,Mon,1052,NA,CS1E,376A 902 ,,R,D,B ,F ,R,G,R,50,0,0,0,,,1950661,5791282
Whakatane District,MCALISTER ST,10,S, ,POHUTU ST,201438414,12/06/2014,Thu,1154,MA,CS1C,373B 671B 801 ,,R,W,O ,L ,T,G,C,50,0,0,0,,,1950692,5791922
Whakatane District,MCALISTER ST,, ,I,PYNE ST,201433503,20/03/2014,Thu,1217,EA,TS1C,385A 671A ,M,M,D,BF,F ,R,G,R,50,0,0,0,,,1950681,5791740
Whakatane District,MCALISTER ST,, ,I,SIMPKINS ST,201448704,04/12/2014,Thu,1505,FO,CS1C,130A 427A ,,R,D,B ,F ,T,G,C,50,0,0,0,,,1950668,5791382
Whakatane District,MCGARVEY ROAD,30,S, ,APANUI AVENUE,201440715,25/07/2014,Fri,845,MA,CS1C,373B ,,R,D,B ,F , , ,C,50,0,0,0,,,1950289,5791499
Whakatane District,MCLEAN ROAD,1850,W, ,ANGLE ROAD,201417823,30/11/2014,Sun,200,CB,40,101A 130A ,V,R,D,DN,F , , ,C,100,0,0,1,,,1940349,5791156
Whakatane District,MCLEAN ROAD,350,W, ,ORINI ROAD,201413764,03/06/2014,Tue,2002,CB,CW1,103A 129A 192A 350A ,FV,R,D,DN,F , ,N,C,100,0,0,1,,,1939664,5791442
Whakatane District,MORRISON ROAD,40,N, ,COBHAM ST,201440377,03/07/2014,Thu,,MO,CN1C,371A 929 ,M,R,D,B ,F ,D, ,C,50,0,0,0,,,1951724,5779634
Whakatane District,OCEAN ROAD,, ,I,MERITO PLACE,201410737,04/03/2014,Tue,723,FA,VE1S,181A 363A ,,R,D,B ,F ,T,N,C,50,0,0,1,,43,1958237,5789055
Whakatane District,OHOPE ROAD,, ,I,ACCESS ROAD E,201447144,01/11/2014,Sat,1532,DA,CW1,101A 131A 504A ,G,E,D,B ,F ,T,S,C,80,0,0,0,,,1952795,5790118
Whakatane District,OHOPE ROAD,90,S, ,CLIFF ROAD,201441328,29/07/2014,Tue,1600,BF,CS1C,111A 130A ,,M,D,O ,F , , ,L,80,0,0,0,,,1953911,5790619
Whakatane District,OHOPE ROAD,, ,I,GORGE ROAD,201439314,05/05/2014,Mon,1720,DB,CS1,110A 402A ,TV,S,W,DO,F ,R,S,R,80,0,0,0,,,1951975,5790751
Whakatane District,OHOPE ROAD,500,W, ,POHUTUKAWA AVENUE,201449331,14/12/2014,Sun,1525,DA,CW1,131A 407A 632A 801 ,X,M,W,O ,L , , ,L,80,0,0,0,,,1953959,5790427
Whakatane District,ONEPU SPRING ROAD,1600,S, ,SH 34,201414687,31/07/2014,Thu,216,DB,CN1,101A 111A 131A ,FP,E,D,DN,F , , ,C,100,0,0,1,,,1927369,5781852
Whakatane District,OREGON DRIVE,40,N, ,TOTARA ST,201432195,27/01/2014,Mon,103,DA,CN1,101A 131A ,FT,M,W,DO,F , ,N,C,50,0,0,0,,,1923217,5737692
Whakatane District,OREGON DRIVE,350,N, ,TOTARA ST,201432932,26/02/2014,Wed,2210,DA,CE1,111A 131A 632A ,F,M,D,DO,F , , ,C,50,0,0,0,,,1923488,5737688
Whakatane District,OTAKIRI ROAD,400,W, ,TE TEKO ROAD,201442142,16/08/2014,Sat,145,CA,VE1,103A 195A ,,R,D,DO,F , , ,C,100,0,0,0,,,1935781,5788920
Whakatane District,PAROA ROAD,10,S, ,PATUWAI ROAD,201441480,03/08/2014,Sun,1830,CC,CS1,112A 125A ,V,R,W,DN,F ,X,G,C,70,0,0,0,,,1946845,5791512
Whakatane District,PEACE ST,, ,I,MCALISTER ST,201414981,16/07/2014,Wed,1255,HA,CS1M,302A 375A ,,E,D,BF,F ,R,G,R,50,0,0,1,,,1950679,5791832
Whakatane District,PEACE ST,200,E, ,MCGARVEY ROAD,201411533,05/02/2014,Wed,1140,CB,CS1C,129A 423A ,M,R,D,BF,F , ,N,C,50,0,0,1,,,1950507,5791819
Whakatane District,PETER SNELL ST,130,N, ,ALEXANDER AVENUE,201439047,13/06/2014,Fri,1545,MO,CE1C,371A 929 ,M,R,D, N,  ,D, ,N,50,0,0,0,,,1950097,5790387
Whakatane District,POHUTUKAWA AVENUE,900,N, ,MARAETOTARA ROAD,201441208,30/07/2014,Wed,805,GA,VN1C,181A 331A 801 927 ,,E,W,O ,L ,D, ,R,40,0,0,0,,,1955634,5789938
Whakatane District,POHUTUKAWA AVENUE,500,E, ,OHOPE ROAD,201416249,14/10/2014,Tue,1215,CB,CN1,501A ,P,R,D,O ,F , , ,C,50,0,0,1,,,1954886,5790307
Whakatane District,POHUTUKAWA AVENUE,100,W, ,TE AKAU ST,201439975,04/07/2014,Fri,1600,AC,CW1C,357A 512A ,,R,D,ON,F , ,N,C,50,0,0,0,,,1956899,5789364
Whakatane District,POHUTUKAWA AVENUE,100,W, ,TE AKAU ST,201442141,17/08/2014,Sun,1349,EA,VE1C,410A ,FM,R,D,B ,F , , ,C,60,0,0,0,,,1956899,5789364
Whakatane District,POHUTUKAWA AVENUE,200,W, ,TE AKAU ST,201400203,10/10/2014,Fri,1330,CC,CW1,125A 129A ,FKT,R,D,B ,F , ,N,C,60,1,0,1,,,1956804,5789397
Whakatane District,REID ROAD,200,W, ,AWAHOU ROAD N,201400078,09/04/2014,Wed,1835,DB,CW1,103A 111A 131A 801 ,P,M,W,TN,L , , ,C,100,1,0,1,,,1951273,5778554
Whakatane District,REID ROAD,500,S, ,CROSS ROAD,201412158,05/04/2014,Sat,2252,MG,CS14C,512B 514B ,,R,D,DN,F , , ,C,100,0,0,1,,,1950395,5774951
Whakatane District,RUATAHUNA ROAD,2860,E, ,MINGINUI ROAD,201410192,11/01/2014,Sat,1500,DA,CE1,131A 138A 404A 810 ,ET,M,D,B ,F , , ,N,100,0,0,1,,,1931360,5722120
Whakatane District,RUATOKI VALLEY ROAD,450,S, ,MISSION ROAD,201449209,29/11/2014,Sat,1720,DB,4N1,101A 111A 131A 517A ,,M,D,B ,F , , ,C,100,0,0,0,,,1951182,5769854
Whakatane District,SALONIKA ST,40,W, ,DOUGLAS ST,201432079,07/01/2014,Tue,946,CC,VS1,130A 412A ,F,R,D,OF,F , ,N,C,50,0,0,0,,,1950339,5790551
Whakatane District,TANEATUA ROAD,500,E, ,SH 2,201431121,23/02/2014,Sun,930,DA,CN1,110A 131A ,C,M,W,O ,F , ,N,C,100,0,0,0,,,1950582,5781150
Whakatane District,TANEATUA ROAD,850,N, ,SH 2,201432218,08/02/2014,Sat,945,DA,CN1,111A 129A 134A 407A 801 ,V,M,W,O ,L , , ,C,100,0,0,0,,,1950493,5781488
Whakatane District,TANEATUA ROAD,2800,N, ,SH 2,201417141,16/11/2014,Sun,1927,DA,MN1,111A 129A 131A ,,M,D,B ,F , , ,C,100,0,0,2,,,1950760,5783329
Whakatane District,TANEATUA ROAD,3550,N, ,SH 2,201440114,04/07/2014,Fri,1934,FA,VN1C,103A 181A ,,R,D,DN,F , ,N,C,100,0,0,0,,,1950876,5783984
Whakatane District,TANEATUA ROAD,3500,S, ,VALLEY ROAD,201431126,23/02/2014,Sun,445,DB,CN1,111A 131A ,F,E,W,DN,F , ,N,C,100,0,0,0,,,1950956,5785033
Whakatane District,TE TEKO ROAD,150,S, ,OTAKIRI ROAD,201435022,11/04/2014,Fri,1400,DB,CS1,111A 131A ,F,M,W,O ,H , ,N,C,100,0,0,0,,,1936078,5788803
Whakatane District,TE TEKO ROAD,500,N, ,POWELL ROAD,201446709,04/11/2014,Tue,220,EC,4N1,912,W,R,D,DN,F , ,N,N,100,0,0,0,,,1934524,5785378
Whakatane District,TE TEKO ROAD,1000,N, ,POWELL ROAD,201412939,12/04/2014,Sat,1613,QE,CS1Q,914 929 ,A,R,D,O ,F ,D,N,C,100,0,0,1,29,,1934597,5785862
Whakatane District,TE TEKO ROAD,500,S, ,POWELL ROAD,201431454,07/03/2014,Fri,605,EC,VN1,912,W,E,D,DN,F , ,N,C,100,0,0,0,,,1934027,5784512
Whakatane District,TE WHAITI ROAD,240,S, ,WHIRINAKI BR,201414623,02/07/2014,Wed,1255,DA,4N1,137A 195A 800 ,FPX,E,W,O ,F , , ,C,100,0,0,1,,,1929352,5722941
Whakatane District,THE STRAND,50,E, ,BOON ST,201411175,15/03/2014,Sat,1939,BA,4W1CCV,103A 205A 505A 510A ,IMS,R,D,DO,F , , ,R,50,0,1,1,,,1951072,5792002
Whakatane District,THE STRAND,20,W, ,BOON ST,201432061,05/02/2014,Wed,1000,MF,CE14,371B ,,R,D,B ,F , , ,C,50,0,0,0,,,1950985,5791979
Whakatane District,THE STRAND,20,W, ,BOON ST,201449266,16/12/2014,Tue,1638,ME,CW1C,371B ,,R,D,B ,F , , ,C,50,0,0,0,,,1950985,5791979
Whakatane District,THE STRAND,, ,I,BOON ST,201410712,13/03/2014,Thu,1005,NA,4E1E,306A 376A ,,R,D,B ,F ,X,G,X,50,0,0,1,,,1951004,5791985
Whakatane District,THE STRAND,5,E, ,BUDDLE ST,201432658,07/02/2014,Fri,950,MF,CE1C,371B ,,R,D,B ,F ,T,N,P,50,0,0,0,,,1950847,5791923
Whakatane District,THE STRAND,10,W, ,BUDDLE ST,201449208,08/12/2014,Mon,1150,MF,CW1C,371B ,,R,D,B ,F ,R,G,R,50,0,0,0,,,1950821,5791908
Whakatane District,THE STRAND,15,E, ,COMMERCE ST,201430552,06/01/2014,Mon,1130,MO,CE1V,371A 445B ,,R,D,B ,F , , ,C,50,0,0,0,,,1951168,5792035
Whakatane District,THE STRAND,50,W, ,COMMERCE ST,201447019,09/10/2014,Thu,1230,MF,CW1C,371B ,,R,D,BF,F , ,N,C,50,0,0,0,,,1951088,5792006
Whakatane District,THE STRAND,20,W, ,KAKAHOROA DRIVE,201443727,11/09/2014,Thu,2300,MO,CN1C,330A 386A ,,R,D,DO,F , , ,C,50,0,0,0,,,1951332,5792149
Whakatane District,THE STRAND,, ,I,MCALISTER ST,201439794,23/06/2014,Mon,953,HA,CN2C,302A 386A ,ST,R,D,B ,F ,R,G,R,50,0,0,0,,,1950689,5791847
Whakatane District,THE STRAND,20,E, ,WAIRERE ST,201437228,17/05/2014,Sat,115,MO,CW1C,385A ,M,R,D,DO,F , ,N,C,50,0,0,0,,,1951524,5792129
Whakatane District,THORNTON ROAD,300,W, ,BENNETT ROAD,201416911,01/09/2014,Mon,1323,DA,CE1,129A 131A ,F,E,D,ON,F , ,N,C,100,0,0,1,,,1935900,5798152
Whakatane District,THORNTON ROAD,170,N, ,GOLF LINKS ROAD,201410496,01/03/2014,Sat,2134,EC,MN1,130A 341A 912 ,W,R,D,DO,F , , ,C,100,0,1,1,,,1945637,5793013
Whakatane District,THORNTON ROAD,80,W, ,POWDRELL ROAD,201411304,15/03/2014,Sat,1315,BF,VE14,111A 135A 901 ,,M,W,ON,H , ,N,C,100,0,0,3,,,1943827,5794312
Whakatane District,THORNTON ROAD,1400,N, ,SH 30,201412559,25/04/2014,Fri,1948,LB,CN1C,130A 197A 303B 375B 402B 929 ,CV,R,D,DN,F ,D, ,C,100,0,0,1,,,1945043,5793620
Whakatane District,THORNTON ROAD,160,S, ,THORNTON HALL ROAD,201400004,05/01/2014,Sun,545,CB,CN1,129A 410A 692A ,FT,R,D,BN,F , ,N,L,100,1,0,0,,,1939976,5795656
Whakatane District,THORNTON ROAD,120,E, ,WEST BANK ROAD,201400025,09/02/2014,Sun,1348,BE,CS1T,130A 412A ,,R,D,OF,F , , ,C,100,1,3,0,,,1939861,5795826
Whakatane District,TROUTBECK ROAD,1300,S, ,HAUMEA ROAD,201417442,31/10/2014,Fri,1716,EC,MS1,112A 914 ,W,R,D,BN,F , ,N,C,100,0,0,1,,,1931045,5740781
Whakatane District,VALLEY ROAD,, ,I,GORGE ROAD,201410056,31/01/2014,Fri,,KA,4W2V,302B 375B ,S,R,D,TO,F ,R,G,R,50,0,0,1,,,1950699,5790758
Whakatane District,VALLEY ROAD,210,S, ,GOULSTONE ROAD,201443219,30/08/2014,Sat,702,DB,CN1,103A 111A 131A ,F,E,D,B ,F , , ,C,70,0,0,0,,,1950706,5790548
Whakatane District,VALLEY ROAD,, ,I,VALLEY ROD,201416004,15/09/2014,Mon,804,HA,TN2S,302A 375A ,,E,D,B ,F ,R,G,C,70,0,0,1,,61,1950699,5790758
Whakatane District,VICTORIA AVENUE,150,E, ,KING ST,201414718,14/06/2014,Sat,1250,CB,CE1V,501A ,Q,R,D,B ,F , , ,C,50,0,0,1,,,1949736,5791173
Whakatane District,WAIMANA ROAD,200,E, ,RAROA ROAD,201418115,13/07/2014,Sun,200,PO,VE1E,105B 722B 801 ,,R,W,DO,L , , ,C,50,0,1,0,22,,1957199,5770456
Whakatane District,WAINUI ROAD,850,N, ,BURMA ROAD,201413885,10/06/2014,Tue,748,DA,CS1,111A 131A 801 ,C,M,W,O ,L , , ,C,100,0,0,1,,,1956743,5787122
Whakatane District,WAINUI ROAD,680,S, ,BURMA ROAD,201441857,09/04/2014,Wed,1720,DB,CS1,135A 801 806 ,,M,W,O ,L , , ,C,100,0,0,0,,,1956454,5786108
Whakatane District,WAINUI ROAD,890,S, ,BURMA ROAD,201441170,30/05/2014,Fri,1459,DA,CS1,135A 351A 358A 901 ,C,S,W,OF,H , ,N,C,80,0,0,0,,,1956653,5786086
Whakatane District,WAINUI ROAD,920,S, ,BURMA ROAD,201410528,10/01/2014,Fri,1330,DB,CN1,131A 410A ,T,M,D,BN,F , ,N,C,100,0,0,1,,,1956674,5786066
Whakatane District,WAINUI ROAD,1000,S, ,BURMA ROAD,201446267,04/09/2014,Thu,1740,DA,CN1,135A 801 ,,M,W,DN,L , ,N,C,100,0,0,0,,,1956701,5785992
Whakatane District,WAINUI ROAD,1000,S, ,BURMA ROAD,201439662,30/05/2014,Fri,630,DA,CS1,111A 131A 801 ,V,M,W,TN,H , , ,C,100,0,0,0,,,1956701,5785992
Whakatane District,WAINUI ROAD,970,S, ,KOWHAI ST,201430245,01/01/2014,Wed,1350,FD,CN1CCC,181A 181B 181C ,,R,D,O ,F , , ,C,100,0,0,0,,,1956980,5788283
Whakatane District,WAINUI ROAD,50,W, ,TE KOOTI ROAD,201443746,31/07/2014,Thu,1920,DB,CE1,129A 131A 197A ,EV,M,W,DN,F , , ,C,100,0,0,0,,,1956770,5784561
Whakatane District,WAINUI ROAD,200,W, ,TE KOOTI ROAD,201438203,08/06/2014,Sun,1129,DA,VW1,111A 131A ,EX,M,W,ON,H , ,N,L,100,0,0,0,,,1956631,5784613
Whakatane District,WAINUI ROAD,300,W, ,TE KOOTI ROAD,201431159,22/02/2014,Sat,1030,DA,CW1,111A 402A ,F,M,W,O ,F , ,N,C,100,0,0,0,,,1956558,5784679
Whakatane District,WEST BANK ROAD,1000,S, ,GREIG ROAD,201431450,23/02/2014,Sun,,EC,CS1,821,X,E,D,DN,F , ,N,C,100,0,0,0,,,1937777,5794318
Whakatane District,WEST END ROAD,, ,I,VILLIS GLADE,201441479,08/08/2014,Fri,930,FA,CN1V,181A ,,E,D,B ,F ,R,G,C,50,0,0,0,,,1954362,5790676
Whakatane District,2/209/0.008,200,E, ,OTAMARAKAU VALLEY ROAD,201436444,06/05/2014,Tue,600,AA,TW1V,372A ,,R,D,DO,F , ,N,C,100,0,0,0,,,1917072,5806320
Whakatane District,2/209/3.461,700,W, ,HAUONE ROAD,201434875,14/01/2014,Tue,1305,CB,CE1,136A 668A ,,R,D,BN,F , ,N,C,100,0,0,0,,,1920125,5804974
Whakatane District,2/209/10.322,, ,A,LAYBY ENT,201412508,17/04/2014,Thu,1225,QC,CN1,330A 354A 930 ,N,R,D,O ,F ,D,S,C,100,0,0,1,,,1926246,5801917