TLANAME,CRASHROAD,CRASHDIST,CRASHDIRN,INTSN,SIDEROAD,CRASHID,CRASHDATE,CRASHDOW,CRASHTIME,MVMT,VEHICLES,CAUSES,OBJECTSSTRUCK,ROADCURVE,ROADWET,LIGHT,WTHRa,JUNCTYPE,TRAFCTRL,ROADMARK,SPDLIM,CRASHFATALCNT,CRASHSEVCNT,CRASHMINCNT,PERSAGE1,PERSAGE2,EASTING,NORTHING
Whakatane District,2/209/13.841,, ,A,MATATA SUBWAY,201410497,03/03/2014,Mon,1340,BE,CS1T,131A 412A ,,E,W,O ,F , , ,L,60,0,0,2,,,1929406,5800376
Whakatane District,2/223/0.037,15,N, ,WESTERN CLOSE,201450086,19/12/2014,Fri,2345,DB,CS1,131A 801 ,FHK,S,W,DO,L , , ,C,100,0,0,0,,,1929813,5800081
Whakatane District,2/223/3.368,, ,I,FLAX ROAD,201444247,02/09/2014,Tue,720,BA,CN1TT,125A 410A ,D,R,D,O ,F ,T,N,C,100,0,0,0,,,1930365,5797112
Whakatane District,2/232/0,, ,I,AWAITI NORTH ROAD,201412707,16/04/2014,Wed,1830,GD,VW1C,331A ,,R,D,DO,F ,X,S,C,100,0,0,1,,,1932632,5792619
Whakatane District,SH 34,, ,I,2/232/0,201445435,29/09/2014,Mon,1340,BB,TE24,124A ,,M,D,B ,F ,T,S,C,100,0,0,0,,,1932632,5792619
Whakatane District,2/232/0.5,500,E, ,SH 34,201411534,25/01/2014,Sat,1500,CB,CW1,137A ,V,R,D,BN,F , ,N,C,100,0,0,1,,,1933038,5792327
Whakatane District,2/232/1.675,150,W, ,OMEHEU ROAD,201416952,25/10/2014,Sat,2030,EC,VS1,912,W,R,D,DN,F , ,N,C,100,0,0,1,,,1933955,5791597
Whakatane District,HYDRO ROAD,, ,I,2/232/4.998,201415421,20/08/2014,Wed,1235,CB,VN2C,130A 502A ,T,R,D,B ,F ,T,S,C,50,0,0,2,,,1936594,5789585
Whakatane District,EAST BANK ROAD,, ,I,2/232/5.19,201447751,16/11/2014,Sun,1430,DB,CE2,111A 131A 514A ,V,E,D,O ,F ,T,S,C,100,0,0,0,,,1936749,5789470
Whakatane District,2/232/9.052,1190,N, ,SH 30 W,201440127,29/06/2014,Sun,1830,CB,CN1,402A 410A ,P,R,D,DN,F , ,N,C,100,0,0,0,,,1940187,5787728
Whakatane District,2/243/3.337,340,E, ,FERMAH ROAD,201400221,29/10/2014,Wed,1810,BC,ME1C,111A 121A 692A ,,E,D,O ,F , ,N,C,100,1,0,1,,,1945110,5786483
Whakatane District,2/243/10.774,, ,I,FOSTER ROAD,201446319,20/09/2014,Sat,1930,DA,CS1,133A 371A 402A 410A ,S,E,W,DN,L ,Y,T,C,50,0,0,0,,,1949666,5781340
Whakatane District,2/258/1.128,150,S, ,HOWELL ROAD,201438415,11/06/2014,Wed,1715,GD,CS1C,103A 333A 101B 901 903 929 ,,R,W,DO,HS,D, ,C,50,0,0,0,,,1951216,5779503
Whakatane District,2/258/3.529,1400,E, ,STATION ROAD,201434589,10/03/2014,Mon,1830,CC,CS1,410A ,FP,R,D,BN,F , ,N,C,100,0,0,0,,,1952650,5778426
Whakatane District,2/258/9.459,630,W, ,FRASER ROAD,201435356,29/04/2014,Tue,758,CB,CN1,410A ,FJ,R,W,O ,L , , ,C,100,0,0,0,,,1954913,5774588
Whakatane District,2/258/12.635,70,N, ,WAIMANA ROAD W,201439039,02/07/2014,Wed,630,DA,CN1,195A ,E,E,D,BN,F , ,N,L,100,0,0,0,,,1956298,5772191
Whakatane District,2/271/2.196,600,W, ,WAIMANA ROAD E,201411083,19/02/2014,Wed,1337,BF,TE1T,358A ,,M,D,B ,F , , ,C,100,0,0,1,,,1958296,5771435
Whakatane District,2/271/4.296,1500,E, ,WAIMANA ROAD E,201410055,15/02/2014,Sat,1530,CA,4W1MM,129A 205A 330A 137B 407B 137C ,G,R,D,B ,F , , ,C,100,0,0,2,,,1960322,5771318
Whakatane District,30/187/2.081,5000,W, ,SH 34 W,201434809,23/03/2014,Sun,1430,DB,CW1,111A 131A 402A ,,S,W,ON,L , ,N,C,100,0,0,0,,,1917467,5780170
Whakatane District,30/187/2.3,2300,W, ,MATAHI ROAD,201400219,26/10/2014,Sun,1950,NA,MW1E,713B 726B ,,E,D,TF,F , ,N,C,100,1,0,0,9,,1917668,5780199
Whakatane District,30/187/2.581,4500,W, ,SH 34 W,201445252,12/10/2014,Sun,2328,DA,4W1,131A 412A ,C,E,D,DN,F , , ,C,100,0,0,0,,,1917796,5780032
Whakatane District,30/187/3.081,4000,W, ,KAWERAU ROAD W,201413966,17/03/2014,Mon,915,DB,CE1,111A 134A ,C,E,D,B ,F , ,N,C,100,0,0,1,,,1918172,5780245
Whakatane District,30/187/5.781,1300,W, ,SH 34 W,201436029,07/03/2014,Fri,1800,FA,VW1M,331A 350A ,,R,D,BN,F , ,N,C,100,0,0,0,,,1919705,5781584
Whakatane District,30/187/5.981,1100,W, ,SH 34,201417955,25/12/2014,Thu,515,CC,CW1,410A ,C,R,D,DF,F , , ,C,100,0,1,0,,,1919902,5781618
Whakatane District,30/187/6.221,860,W, ,SH 34,201410531,21/01/2014,Tue,1345,DB,CW1,131A ,,M,W,ON,F , ,N,C,100,0,0,2,,,1920111,5781723
Whakatane District,30/194/1,1000,E, ,SH 34,201441730,04/08/2014,Mon,211,MO,CE1,103A 372A 386A ,ET,R,D,DN,F , , ,C,100,0,0,0,,,1921881,5782136
Whakatane District,30/194/1.8,1800,E, ,KAWERAU ROAD W,201416953,26/10/2014,Sun,2014,BF,CW14C,104A 111A 131A ,,M,D,DN,F , ,N,C,100,0,0,1,,,1922526,5782586
Whakatane District,30/194/3.75,2900,W, ,BRAEMAR ROAD,201400079,10/04/2014,Thu,830,BF,CE1T,109A 111A 131A 801 ,,E,W,O ,L , , ,C,100,1,0,0,,,1924150,5783572
Whakatane District,30/194/6.487,5000,W, ,SH 34 MILITARY ROAD,201443302,10/09/2014,Wed,1410,DA,CE1,110A 402A 410A ,C,E,W,O ,H , ,N,C,100,0,0,0,,,1926383,5784955
Whakatane District,30/205/0.09,, ,I,GRIEVE ROAD,201435354,23/04/2014,Wed,2328,DA,CW1,131A ,FT,R,D,DO,M ,T,S,C,100,0,0,0,,,1931185,5783737
Whakatane District,30/205/0.209,, ,I,KAWERAU ROAD,201450113,20/10/2014,Mon,1403,FB,4N1C,181A 387A ,,S,D,B ,F ,T,S,R,100,0,0,0,,,1931299,5783708
Whakatane District,SH 34,, ,I,30/206/0,201432217,07/02/2014,Fri,1723,DB,4W2,111A 131A 402A 801 ,F,M,W,O ,L ,T,G,R,100,0,0,0,,,1931299,5783708
Whakatane District,30/206/0.772,1000,W, ,HUIA CRESCENT,201430100,09/01/2014,Thu,1640,EC,CW1,911,W,R,D,O ,F , , ,C,70,0,0,0,,,1931975,5783359
Whakatane District,30/206/1.002,770,W, ,HUIA CRESCENT,201413614,06/06/2014,Fri,1755,CA,ME1C,130A 402A 602A ,X,R,D,DN,F , , ,C,100,0,0,1,,,1932191,5783282
Whakatane District,30/206/1.272,500,W, ,HUIA CRESCENT,201418428,07/11/2014,Fri,1610,MB,ME1C,370B ,,R,D,B ,F , , ,C,100,0,0,1,,,1932459,5783286
Whakatane District,30/206/1.372,400,W, ,HUIA CRESCENT,201418316,07/12/2014,Sun,1545,BE,CE14,504A ,,R,D,BF,F , ,N,P,50,0,2,0,,,1932559,5783298
Whakatane District,30/206/3.04,130,W, ,GALATEA ROAD,201416796,04/11/2014,Tue,1635,NA,4E1E,727B 930 ,,E,D,B ,F ,D,N,P,70,0,0,1,6,,1934175,5783158
Whakatane District,30/206/5.519,80,W, ,HYDRO ROAD,201438177,01/05/2014,Thu,720,BF,CE14,131A ,,M,D,BF,F , ,N,C,100,0,0,0,,,1936132,5784616
Whakatane District,30/206/5.709,110,E, ,HYDRO ROAD,201418337,14/12/2014,Sun,1755,CB,4W1,411A ,P,R,D,ON,F , ,N,C,100,0,1,3,,,1936317,5784648
Whakatane District,30/206/8.298,350,N, ,MAUNDER ROAD,201418650,27/12/2014,Sat,1426,CB,4N1,129A ,F,R,D,BN,F , ,N,C,100,0,1,0,,,1938473,5785606
Whakatane District,30/206/11.087,1000,W, ,SH 2,201440710,30/07/2014,Wed,1945,EC,CW1,912,W,R,D,DN,M , , ,C,100,0,0,0,,,1940394,5787344
Whakatane District,30/206/11.887,200,E, ,SH 2,201440711,28/07/2014,Mon,1700,GB,CE1T,158A 929 ,,E,D,B ,F ,D,N,C,70,0,0,0,,,1941165,5787303
Whakatane District,30/219/0.5,500,N, ,SH 2 E,201431138,25/02/2014,Tue,1800,QG,4S1,429A 682A ,F,R,D,B ,F , ,N,C,70,0,0,0,,,1942443,5787738
Whakatane District,30/219/3.646,100,E, ,TE RAHU ROAD,201413758,26/05/2014,Mon,2040,DB,VS1,129A 350A ,,E,D,DO,F , ,N,C,100,0,1,0,,,1944513,5790042
Whakatane District,30/219/4.545,750,S, ,FORTUNE ROAD,201444386,22/09/2014,Mon,1210,BE,CS1V,130A 622A 197B 903 ,,R,D,B ,FS, , ,C,100,0,0,0,,,1944912,5790833
Whakatane District,30/219/5.57,200,N, ,GALATEA ROAD,201444494,20/09/2014,Sat,1421,MC,4S1C,330B 372B ,,R,D,B ,FS, , ,C,100,0,0,0,,,1945299,5791782
Whakatane District,30/219/5.87,100,N, ,KOPE DRAIN ROAD,201447145,01/11/2014,Sat,2138,EC,4N1,912,W,R,D,DN,F , , ,C,100,0,0,0,,,1945413,5792059
Whakatane District,30/219/7.799,30,W, ,SHAW ROAD,201410241,16/01/2014,Thu,1900,CC,CE1,112A 129A ,T,R,D,B ,F , ,N,C,100,0,0,1,,,1947000,5792265
Whakatane District,30/219/9.27,, ,I,GATEWAY DRIVE,201413802,11/06/2014,Wed,1730,FB,4E1C,110A 181A 331A 387A 633A 901 ,,M,W,DO,H ,R,G,C,80,0,0,1,,,1948428,5792022
Whakatane District,30/219/9.786,, ,I,KEEPA ROAD,201440713,30/07/2014,Wed,820,HA,CN2C,302A ,,R,W,O ,L ,R,G,R,50,0,0,0,,,1948891,5791831
Whakatane District,34/0/4.957,2100,N, ,ASCOT LANE,201414116,13/05/2014,Tue,129,EC,CN1,912,W,R,D,DN,F , ,N,C,100,0,1,0,,,1930598,5788190
Whakatane District,34/0/10.323,, ,I,SH 30,201431453,19/02/2014,Wed,1640,FB,CS1C,331A 353A ,,R,D,BF,F ,T,G,C,100,0,0,0,,,1931098,5783764
Whakatane District,34/11/2.208,15,W, ,PARK ROAD,201434471,24/04/2014,Thu,708,AD,CW1,130A ,V,R,D,B ,F , , ,C,100,0,0,0,,,1929477,5782477
Whakatane District,34/11/3.824,60,N, ,ONEPU SPRING ROAD,201434810,08/04/2014,Tue,1135,DA,CN1,501A ,C,M,D,BN,F , ,N,C,100,0,0,0,,,1928100,5781646
Whakatane District,34/11/3.994,110,S, ,ONEPU SPRING ROAD,201434876,23/03/2014,Sun,2110,BF,CN14,101A 111A 131A 514A ,,S,D,DN,F , ,N,L,100,0,0,0,,,1928043,5781495
Whakatane District,38/17/16.293,1980,W, ,KIORENUI ROAD,201411659,10/02/2014,Mon,1800,DB,VE1,131A 350A ,C,E,D,TN,F , ,N,C,100,0,0,1,,,1920299,5737724
Whangarei District,ALFRED ST,100,N, ,GEORGE ST,201446811,04/10/2014,Sat,1645,MO,CS1T,103A 371A 929 ,M,R,D,O ,F ,D,N,C,50,0,0,0,,,1716552,6059564
Whangarei District,ANZAC ROAD,130,N, ,HILLTOP AVENUE,201443933,06/09/2014,Sat,2326,DA,CS1,103A 131A ,JK,M,D,DO,F , ,N,C,50,0,0,0,,,1719108,6044495
Whangarei District,APIRANA AVENUE,20,E, ,HALL AVENUE,201410806,01/02/2014,Sat,2150,NB,VS1E,722B 732B ,,R,D,DO,F , , ,N,50,0,1,0,15,,1719472,6046462
Whangarei District,APOTU ROAD,400,S, ,COUERAN WAY,201446825,31/08/2014,Sun,345,DB,VE1,129A 402A ,PV,E,W,DN,H , ,N,C,100,0,0,0,,,1716157,6055257
Whangarei District,ASHLEY AVENUE,170,S, ,ABBOTS WAY,201430807,05/02/2014,Wed,1935,DA,MS1,103A ,F,E,D,BF,F , ,N,N,50,0,0,0,,,1718379,6043729
Whangarei District,AUSTIN ROAD,420,W, ,WEST RIDGE ROAD,201410807,09/02/2014,Sun,10,DA,CN1,103A 105A 131A 357A 692A 801 ,C,M,W,DN,L , , ,C,50,0,0,2,,,1714727,6042639
Whangarei District,BANK ST,5,S, ,APIRANA AVENUE,201442385,06/08/2014,Wed,1136,MA,CS1C,373B ,,R,D,O ,F ,T,N,C,50,0,0,0,,,1719516,6046379
Whangarei District,BANK ST,50,S, ,AUBREY ST,201414542,17/07/2014,Thu,1720,FE,CN1CC,103A 331A ,,R,D,B ,F , ,T,X,50,0,0,1,,,1719574,6046550
Whangarei District,BANK ST,20,N, ,CAMERON ST,201430801,25/02/2014,Tue,945,AA,CN1C,372A ,,R,D,ON,F ,X,T,C,50,0,0,0,,,1719349,6045804
Whangarei District,BANK ST,30,N, ,CAMERON ST,201443542,08/08/2014,Fri,1530,EA,BS1C,129A ,M,R,D,BF,F , ,N,C,50,0,0,0,,,1719351,6045814
Whangarei District,BANK ST,, ,I,CAMERON ST,201431508,07/01/2014,Tue,1344,DB,TW2,131A ,,R,D,BF,F ,X,T,C,50,0,0,0,,,1719344,6045784
Whangarei District,BANK ST,, ,I,CAMERON ST,201446099,15/10/2014,Wed,1503,HA,CN1C,322B 334B ,,R,D,B ,F ,X,T,C,50,0,0,0,,,1719344,6045784
Whangarei District,BANK ST,5,S, ,CROSS ST,201435400,06/04/2014,Sun,1240,FD,CS1C,427A ,,R,D,B ,F ,T, ,P,50,0,0,0,,,1719607,6046652
Whangarei District,BANK ST,5,S, ,CROSS ST,201413642,07/05/2014,Wed,1026,FD,CS1C,181A 331A 402A ,,R,D,B ,F ,T,N,C,50,0,0,1,,,1719607,6046652
Whangarei District,BANK ST,20,S, ,CROSS ST,201416361,24/09/2014,Wed,810,PC,CN1E,371A 730B 927 ,,R,D,O ,F ,D,N,C,50,0,0,2,15,,1719602,6046638
Whangarei District,BANK ST,20,N, ,DENT ST,201439441,11/06/2014,Wed,1750,FD,VS1C,181A ,,R,W,O ,F ,R,T,C,50,0,0,0,,,1719425,6046104
Whangarei District,BANK ST,, ,I,DENT ST,201444219,25/06/2014,Wed,1700,FB,CN1C,331A 386A 420B ,,R,W,DO,L ,R,G,R,50,0,0,0,,,1719417,6046072
Whangarei District,BANK ST,30,N, ,GREY ST,201415352,19/08/2014,Tue,1710,NB,CS1E,711B ,,R,W,TF,H , ,N,C,50,0,1,0,,,1719480,6046270
Whangarei District,BANK ST,40,N, ,GREY ST,201450714,16/12/2014,Tue,1800,JA,VN1O,308B 375B 926 ,,R,W,TF,L ,D,N,C,50,0,0,0,,,1719483,6046280
Whangarei District,BANK ST,, ,I,MANSE ST,201446564,16/10/2014,Thu,1240,FE,CN1C,322A ,P,E,D,O ,F ,M,T,C,50,0,0,0,,,1719661,6046824
Whangarei District,BANK ST,, ,I,MANSE ST,201441307,27/07/2014,Sun,1610,FE,VN1C,181A 387A ,,R,D,B ,F ,M,T,C,50,0,0,0,,,1719661,6046824
Whangarei District,BANK ST,40,N, ,MANSFIELD TERRACE,201448578,04/12/2014,Thu,1725,FD,CN1C,331A ,,R,D,BF,F , ,N,C,50,0,0,0,,,1719483,6046280
Whangarei District,BANK ST,50,N, ,MANSFIELD TERRACE,201413908,15/06/2014,Sun,2,NA,CN1E,105B 711B ,,R,D,DO,F , ,N,P,50,0,0,1,,,1719486,6046289
Whangarei District,BANK ST,10,S, ,MANSFIELD TERRACE,201442492,31/07/2014,Thu,1400,FD,CS1C,181A ,,R,D,BF,F ,T,S,C,50,0,0,0,,,1719467,6046232
Whangarei District,BANK ST,, ,I,RUST AVENUE,201410532,14/01/2014,Tue,1329,BB,CS1C,129A ,,R,D,BF,F ,X,T,C,50,0,0,2,,,1719342,6045775
Whangarei District,BANK ST,, ,I,RUST AVENUE,201430091,30/01/2014,Thu,1140,FE,VN1C,181A ,,R,D,BF,F ,X,T,C,50,0,0,0,,,1719342,6045775
Whangarei District,BANK ST,, ,I,RUST AVENUE,201449414,24/09/2014,Wed,1652,AO,CN14,184A 184B ,,R,D,B ,F ,X,T,C,50,0,0,0,,,1719342,6045775
Whangarei District,BANK ST,, ,I,VINE ST,201450910,01/08/2014,Fri,2230,FE,CS1C,181A ,,R,D,DO,F ,X,T,C,50,0,0,0,,,1719322,6045674
Whangarei District,BRAINTREE ST,30,W, ,CLARK ROAD,201430394,18/01/2014,Sat,945,KB,CW1C,110B 308B 929 ,,R,D,B ,F ,D,N,N,50,0,0,0,,,1717758,6049967
Whangarei District,BROOKS ROAD,400,W, ,EILEAN DONAN DRIVE,201434341,20/03/2014,Thu,2330,DB,CE1,131A 402A 813 ,F,S,D,DN,F , , ,N,100,0,0,0,,,1726340,6012654
Whangarei District,CAIRNFIELD ROAD,40,S, ,JANE NELSON PLACE,201418348,20/05/2014,Tue,2145,CA,MN1,103A 517A ,,R,D,DO,F , ,N,C,50,0,2,0,,,1719544,6048814
Whangarei District,CAMERON ST,50,S, ,ALBERT ST,201430090,21/01/2014,Tue,1350,MO,4N1C,371A ,M,R,D,OF,F , ,N,C,50,0,0,0,,,1719774,6045384
Whangarei District,CAMERON ST,20,W, ,WALTON ST,201450855,22/12/2014,Mon,1430,FD,4E1C,331A 350A ,,R,D,OF,F ,X,T,C,50,0,0,0,,,1719557,6045586
Whangarei District,CAMERON ST,, ,I,WALTON ST,201440081,16/07/2014,Wed,1430,AA,CS1C,372A ,,R,D,OF,F ,X,T,C,50,0,0,0,,,1719572,6045573
Whangarei District,CAMERON ST,, ,I,WALTON ST,201445000,16/10/2014,Thu,1320,LB,VE1C,303B 375B ,,R,D,O ,F ,X,T,C,50,0,0,0,,,1719572,6045573
Whangarei District,CENTRAL AVENUE,, ,I,SECOND AVENUE,201417415,04/11/2014,Tue,1100,HA,CS2V,301A 375A ,,R,D,OF,F ,X,S,C,50,0,0,1,,,1718877,6045625
Whangarei District,CENTRAL AVENUE,, ,I,SECOND AVENUE,201447322,06/11/2014,Thu,930,KA,VN1VVC,129B 402B ,M,R,D,B ,F ,T,S,C,50,0,0,0,,,1718877,6045625
Whangarei District,CENTRAL AVENUE,20,S, ,THIRD AVENUE,201448413,23/10/2014,Thu,1700,AC,TN1C,385A 671A ,M,R,W,OF,H , ,N,C,50,0,0,0,,,1718797,6045687
Whangarei District,CENTRAL AVENUE,20,N, ,WATER ST,201437775,07/06/2014,Sat,1230,LB,CS1C,303B 377B 927 ,,R,D,B ,F ,D, ,C,50,0,0,0,,,1719052,6045491
Whangarei District,CENTRAL AVENUE,, ,I,WATER ST,201434348,10/04/2014,Thu,2110,BC,CS2C,124A ,,R,D,DO,F ,X,T,C,50,0,0,0,,,1719068,6045479
Whangarei District,CHURCH ST,140,N, ,MCKENZIE AVENUE,201413986,05/07/2014,Sat,2300,DA,VN1,111A 402A ,F,E,D,DO,F , ,N,C,50,0,0,1,,,1723707,6040793
Whangarei District,CHURCH ST,250,N, ,RAURIMU AVENUE,201435763,06/05/2014,Tue,1350,CB,CS1,130A 358A ,F,R,D,B ,F , , ,R,50,0,0,0,,,1723587,6041583
Whangarei District,CHURCHILL ST,80,E, ,MAINS AVENUE,201434340,06/04/2014,Sun,1130,MA,CN1C,373B ,,R,D,B ,F , , ,N,50,0,0,0,,,1719664,6048154
Whangarei District,COMMERCE ST,240,W, ,OKARA DRIVE,201444821,28/10/2014,Tue,1345,JA,CE1C,308B 387B 929 ,,R,D,BN,F ,D,N,C,50,0,0,0,,,1719757,6045158
Whangarei District,CORKS ROAD,, ,I,PARAMOUNT PARADE,201448912,28/11/2014,Fri,830,FB,4E1C,181A ,,R,W,O ,L ,R,G,R,50,0,0,0,,,1719207,6050756
Whangarei District,CORKS ROAD,, ,I,PARAMOUNT PARADE,201418268,13/12/2014,Sat,2030,DA,PE1,103A 129A 385A 901 ,I,E,W,DO,H ,R,G,R,50,0,1,0,,,1719207,6050756
Whangarei District,CORKS ROAD,5,S, ,REED ST,201437777,30/05/2014,Fri,1515,GD,CN1C,331A 351A 904 ,,R,W,B ,M ,T,S,C,50,0,0,0,,,1720053,6050412
Whangarei District,CORKS ROAD,50,S, ,REED ST,201442931,19/05/2014,Mon,937,GB,CN1C,158A 333A 929 ,,R,D,B ,F ,D, ,C,50,0,0,0,,,1720079,6050376
Whangarei District,COVE ROAD,800,E, ,BRAEMAR LANE,201449534,25/12/2014,Thu,1246,BF,CE14,111B 131B ,,S,D,O ,F , , ,C,100,0,0,0,,,1731293,6016282
Whangarei District,COVE ROAD,, ,I,BRAEMAR LANE,201431385,07/01/2014,Tue,1710,CB,4N2,130A ,P,R,D,BF,F ,T,N,C,50,0,0,0,,,1730714,6016700
Whangarei District,COVE ROAD,, ,I,CULLEN ROAD,201410205,07/01/2014,Tue,1845,GE,4N1C4,101A 157A 160A ,,R,D,B ,F ,T,N,C,100,0,0,1,,,1734615,6012706
Whangarei District,COVE ROAD,160,W, ,FLAGSTAFF TERRACE,201418589,28/12/2014,Sun,1055,DA,CE1,129A 350A ,FV,M,D,BN,F , ,N,C,100,0,0,1,,,1731927,6015766
Whangarei District,COVE ROAD,640,W, ,FLAGSTAFF TERRACE,201444986,09/06/2014,Mon,2353,DB,CN1,101A 111A ,,E,W,DN,L , ,N,C,100,0,0,0,,,1731589,6016079
Whangarei District,COVE ROAD,400,S, ,HECTOR LANG DRIVE,201439374,20/06/2014,Fri,2200,CB,CN1,103A 385A ,BV,E,D,DN,F , , ,L,100,0,0,0,,,1738656,6009192
Whangarei District,COVE ROAD,190,S, ,NORTH COVE LANE,201436722,05/05/2014,Mon,1800,EA,4N1O,370A 386A ,M,R,W,DN,M , ,N,C,100,0,0,0,,,1733262,6014388
Whangarei District,CRANE ROAD,130,W, ,QUAIL RISE,201414545,25/06/2014,Wed,1530,DB,CW1,110A 131A 402A 901 ,F,E,W,O ,H , , ,C,100,0,0,1,,,1715906,6054389
Whangarei District,CROSS ST,130,W, ,BANK ST,201445015,27/09/2014,Sat,1045,CC,CW1,195A 330A ,IPS,R,D,B ,F , ,N,R,50,0,0,0,,,1719485,6046698
Whangarei District,DENBY CRESCENT,80,W, ,KIRIPAKA ROAD,201450858,06/12/2014,Sat,905,MO,VE1C,371A 929 ,M,R,D,ON,F ,D,N,C,50,0,0,0,,,1719997,6049578
Whangarei District,DENT ST,20,N, ,CARRUTH ST,201446823,14/10/2014,Tue,1330,EA,CN1M,386A 926 ,M,R,D,B ,F ,D,N,N,20,0,0,0,,,1719908,6045691
Whangarei District,DENT ST,, ,I,NORFOLK ST,201448743,26/11/2014,Wed,1720,FD,CW1C,331A 359A ,,R,D,B ,F ,T,G,C,50,0,0,0,,,1719507,6046054
Whangarei District,DENT ST,, ,I,REYBURN ST,201444496,18/09/2014,Thu,1215,AA,CS14C,330A 372A 191B 181C 330C ,,S,D,B ,F ,R,G,R,50,0,0,0,,,1719941,6045655
Whangarei District,DENT ST,10,E, ,WALTON ST,201447866,09/11/2014,Sun,1840,AA,CE1C,103A 143A 372A ,,R,D,BF,F ,X,T,C,50,0,0,0,,,1719807,6045807
Whangarei District,DENT ST,100,E, ,WALTON ST,201430804,04/01/2014,Sat,1800,AA,CE1C,372A ,,R,D,BF,F , ,N,P,50,0,0,0,,,1719860,6045737
Whangarei District,DENT ST,, ,I,WALTON ST,201442909,20/08/2014,Wed,1545,CC,CN1,131A 354A ,P,R,D,OF,F ,X,T,R,50,0,0,0,,,1719805,6045816
Whangarei District,DEVERON ST,50,W, ,HATEA DRIVE,201441459,05/05/2014,Mon,1030,EA,CE1C,386A ,M,R,D,B ,F , ,N,C,50,0,0,0,,,1719899,6046965
Whangarei District,DIP ROAD,200,N, ,ITI ST,201438410,19/06/2014,Thu,1540,BC,CS1C,121A ,,M,W,O ,F , , ,C,50,0,0,0,,,1716593,6050227
Whangarei District,EDEN TERRACE,25,S, ,ASCOT AVENUE,201447922,23/11/2014,Sun,1330,EE,CN1C,374B ,M,R,D,B ,F , , ,C,50,0,0,0,,,1718376,6051114
Whangarei District,FAIRBURN ST,50,N, ,CAMPBELL PLACE,201438352,03/06/2014,Tue,1530,DA,CS1,111A 131A 801 ,K,E,W,O ,L , , ,C,50,0,0,0,,,1717949,6043002
Whangarei District,FAIRWAY DRIVE,110,N, ,MAGNOLIA AVENUE,201439379,06/07/2014,Sun,228,DA,VS1,103A ,F,R,W,DO,L ,D,N,C,50,0,0,0,,,1717677,6049762
Whangarei District,FAIRWAY DRIVE,30,S, ,PARKLAND CRESCENT N,201412306,29/03/2014,Sat,2330,CB,CN1,112A 129A 130A 517A ,IT,R,D,DO,F , , ,R,50,0,0,1,,,1717997,6049146
Whangarei District,FAIRWAY DRIVE,120,S, ,TE PUIA ST,201432564,09/01/2014,Thu,2059,CC,VW1C,129A 500A ,M,R,D,TO,F , ,N,C,50,0,0,0,,,1717158,6049579
Whangarei District,FORD AVENUE,, ,I,THREE MILE BUSH ROAD,201411266,12/03/2014,Wed,1450,LB,SE2C,204A ,,R,D,B ,F ,T,G,C,50,0,0,1,,8,1717323,6050345
Whangarei District,GEORGE ST,, ,I,KING ST,201431696,20/02/2014,Thu,1845,DA,CS2C,111A 131A 801 ,M,S,W,O ,L ,T,G,R,50,0,0,0,,,1716659,6059606
Whangarei District,GEORGE ST,, ,I,KING ST,201411762,15/02/2014,Sat,1130,DA,MS2,101A 111A 131A 517A ,,M,D,B ,F ,T,G,C,50,0,1,0,,,1716659,6059606
Whangarei District,GLENMOHR ROAD,2000,W, ,MASSEY ROAD,201410030,17/02/2014,Mon,1730,BF,CW1V,111A 131A 402A ,,S,D,B ,F , , ,N,100,0,0,1,,,1730264,6010818
Whangarei District,GUMDIGGER PLACE,50,N, ,REWA REWA ROAD,201438421,19/02/2014,Wed,1200,QD,TE1C,428A 801 927 ,X,R,W,O ,L ,D, ,N,50,0,0,0,,,1718563,6042785
Whangarei District,HANDFORTH ST,100,E, ,COCKBURN ST,201413768,16/05/2014,Fri,2020,JA,MW1C,302B 375B 927 ,,R,D,DO,F ,D,G,C,50,0,0,1,,,1723275,6041065
Whangarei District,HANDFORTH ST,150,E, ,COCKBURN ST,201449481,30/12/2014,Tue,1730,MA,CW1B,373B ,,R,D,O ,F , , ,N,50,0,0,0,,,1723321,6041086
Whangarei District,HARRIS ROAD,250,E, ,NGUNGURU ROAD,201446943,13/07/2014,Sun,1930,EC,CE1,912,W,M,D,DN,F , ,N,C,100,0,0,0,,,1722356,6051153
Whangarei District,HATEA DRIVE,80,N, ,DENT ST,201431638,26/01/2014,Sun,1130,AC,CN1V,159A ,,E,D,O ,F , , ,N,50,0,0,0,,,1719678,6046054