TLANAME,CRASHROAD,CRASHDIST,CRASHDIRN,INTSN,SIDEROAD,CRASHID,CRASHDATE,CRASHDOW,CRASHTIME,MVMT,VEHICLES,CAUSES,OBJECTSSTRUCK,ROADCURVE,ROADWET,LIGHT,WTHRa,JUNCTYPE,TRAFCTRL,ROADMARK,SPDLIM,CRASHFATALCNT,CRASHSEVCNT,CRASHMINCNT,PERSAGE1,PERSAGE2,EASTING,NORTHING
Whangarei District,NGUNGURU ROAD,30,E, ,KOPIPI CRESCENT N,201417886,03/12/2014,Wed,1332,MF,4N1CE,130A 402A 407A ,H,R,D,B ,F , , ,C,50,0,0,1,58,,1736203,6056050
Whangarei District,NGUNGURU ROAD,15,N, ,KOPIPI CRESCENT N,201411026,03/01/2014,Fri,500,CC,CS1,112A 130A 517A ,F,R,D,DN,F , , ,C,50,0,0,2,,,1736196,6056037
Whangarei District,NGUNGURU ROAD,25,E, ,MARUATA ROAD,201416856,11/11/2014,Tue,1445,JA,VE1C,423B 427B 930 ,,M,D,B ,F ,D,N,C,100,0,0,2,,,1722640,6052019
Whangarei District,NGUNGURU ROAD,, ,I,MARUATA ROAD,201433522,22/03/2014,Sat,1310,DB,CW1,131A 332A ,FT,M,D,BF,F ,T,N,L,80,0,0,0,,,1722616,6052012
Whangarei District,NGUNGURU ROAD,, ,I,MARUATA ROAD,201417429,29/10/2014,Wed,841,JA,CN1C,375B ,,E,W,ON,L ,T,N,C,100,0,0,2,,,1722616,6052012
Whangarei District,NGUNGURU ROAD,180,N, ,NGUNGURU FORD ROAD,201417835,09/11/2014,Sun,1930,DA,CS1,103A 111A 131A 407A ,V,M,D,TN,F , , ,N,100,0,0,4,,,1727006,6053611
Whangarei District,NGUNGURU ROAD,850,N, ,NGUNGURU FORD ROAD,201431957,19/02/2014,Wed,1030,BF,CN1C,111A 131A ,,S,W,ON,L , ,N,C,100,0,0,0,,,1726382,6053585
Whangarei District,NGUNGURU ROAD,1000,N, ,NGUNGURU FORD ROAD,201410802,19/02/2014,Wed,1830,BF,CN1C,129A 131A 404A 801 ,,M,W,O ,L , , ,C,100,0,1,2,,,1726233,6053566
Whangarei District,NGUNGURU ROAD,1000,N, ,NGUNGURU FORD ROAD,201443967,10/09/2014,Wed,820,DB,CS1,111A 131A ,F,S,W,ON,L , ,N,C,100,0,0,0,,,1726233,6053566
Whangarei District,NGUNGURU ROAD,800,W, ,OLD MILL LANE,201448574,11/12/2014,Thu,915,BF,CE1V,136A 801 ,,S,W,ON,L , ,N,L,100,0,0,0,,,1733342,6055943
Whangarei District,NGUNGURU ROAD,2000,W, ,OLD MILL LANE,201417411,09/06/2014,Mon,0,DB,CN1,111A 131A ,V,M,W,DN,L , ,N,C,100,0,0,1,,,1732277,6055848
Whangarei District,NGUNGURU ROAD,700,E, ,ROCKINGHAM ROAD,201431981,06/02/2014,Thu,1640,DA,CE1,111A 131A 402A ,,M,W,ON,H , ,N,C,100,0,0,0,,,1725705,6053478
Whangarei District,NGUNGURU ROAD,750,E, ,ROCKINGHAM ROAD,201443934,05/09/2014,Fri,910,BF,CE1C,111A 135A 901 ,,M,W,OF,H , ,N,C,100,0,0,0,,,1725754,6053489
Whangarei District,NIXON ST,, ,I,ELIZABETH ST,201435191,25/03/2014,Tue,1700,LB,CE1C,303B 375B ,,R,D,B ,F ,T,S,C,50,0,0,0,,,1719749,6047554
Whangarei District,NIXON ST,100,E, ,MILL ROAD,201449589,01/07/2014,Tue,2300,CB,CW1,110A 137A 801 ,F,R,W,DO,L , , ,C,50,0,0,0,,,1719960,6047497
Whangarei District,NIXON ST,100,W, ,MILL ROAD,201440080,22/07/2014,Tue,1700,MO,VW1V,371B 929 ,,R,D,TF,F ,D,N,C,50,0,0,0,,,1719767,6047548
Whangarei District,NIXON ST,, ,I,MILL ROAD,201415137,11/08/2014,Mon,1920,LB,CE1C,303B 375B ,,R,D,DO,F ,X,T,C,50,0,0,1,,,1719863,6047520
Whangarei District,NOVA SCOTIA DRIVE,900,N, ,COVE ROAD,201448522,25/10/2014,Sat,1400,MA,CS1C,181A 333A ,,M,D,BN,F , ,N,C,100,0,0,0,,,1731002,6017491
Whangarei District,NOVA SCOTIA DRIVE,310,S, ,LOCHALSH DRIVE,201449533,19/12/2014,Fri,1630,MC,CN1C,372B 927 ,,R,D,B ,F ,D, ,C,50,0,0,0,,,1730528,6016869
Whangarei District,NOVA SCOTIA DRIVE,, ,I,URETITI ROAD,201414115,17/03/2014,Mon,1610,LB,CE1V,303B ,,R,D,BF,F ,T,G,C,100,0,1,2,,,1731056,6018332
Whangarei District,OAKLAND AVENUE,30,S, ,FOURTH AVENUE,201443646,06/09/2014,Sat,2115,MO,VN1C,371A ,M,R,W,DO,F , , ,C,50,0,0,0,,,1718116,6045193
Whangarei District,OKARA DRIVE,100,S, ,PORT ROAD,201445043,13/10/2014,Mon,1115,KA,4S1C,308B 375B 927 ,,R,D,O ,F ,D,N,P,50,0,0,0,,,1720440,6044426
Whangarei District,OKARA DRIVE,100,W, ,PORT ROAD,201431025,07/02/2014,Fri,900,MO,CW1C,308B 375B 925 ,,R,W,O ,F ,D,N,C,50,0,0,0,,,1720440,6044426
Whangarei District,OLD SCHOOL ROAD,600,S, ,SNOOKS ROAD,201434339,13/04/2014,Sun,830,DA,CN1,131A 402A 813 ,,M,D,B ,F , , ,N,100,0,0,0,,,1709071,6034276
Whangarei District,ONE TREE POINT ROAD,300,N, ,MCEWAN ROAD,201434649,17/04/2014,Thu,1235,DA,CN1,129A 134A ,V,E,D,BN,F , ,N,C,100,0,0,0,,,1730275,6032194
Whangarei District,ONE TREE POINT ROAD,, ,I,MCEWAN ROAD,201430554,18/01/2014,Sat,1625,HA,CW2V,302A 423A ,,R,D,B ,F ,X,G,C,100,0,0,0,,,1730149,6031921
Whangarei District,ONE TREE POINT ROAD,300,S, ,PYLE ROAD WEST,201439373,14/06/2014,Sat,2050,CA,4N1,103A ,,R,W,DN,L , ,N,C,100,0,0,0,,,1731066,6033610
Whangarei District,ONERAHI ROAD,, ,I,RAUMATI CRESCENT,201445001,14/10/2014,Tue,808,KB,CN1C,302B 375B ,,R,D,B ,F ,T,G,C,50,0,0,0,,,1723722,6042293
Whangarei District,ONERAHI ROAD,200,S, ,SORRENTO ST,201435327,16/04/2014,Wed,1930,GB,CN14,181A 331A 929 ,,R,W,DO,LS,D,N,P,50,0,0,0,,,1723631,6043158
Whangarei District,OPOUTEKE ROAD,3230,W, ,MANGAKAHIA ROAD,201415155,25/06/2014,Wed,1319,BF,CW14,131A 806 901 ,,S,W,O ,H , , ,C,100,0,0,2,,,1678488,6049038
Whangarei District,ORMISTON ROAD,300,N, ,WAIPU CAVES ROAD,201413917,10/05/2014,Sat,135,DA,CS1,103A 410A ,T,M,D,DN,F , ,N,C,100,0,1,0,,,1725316,6022191
Whangarei District,OTAIKA ROAD,, ,I,TAREWA ROAD N,201431384,08/01/2014,Wed,1220,LB,CN1C,303B 375B ,,R,D,BF,F ,T,G,C,50,0,0,0,,,1718621,6044565
Whangarei District,OTAIKA ROAD N,, ,I,TAREWA ROAD,201432189,18/02/2014,Tue,1040,JA,CS1C,302B 375B ,,R,D,B ,F ,T,G,C,50,0,0,0,,,1718621,6044565
Whangarei District,OTAIKA VALLEY ROAD,2000,W, ,CEMETERY ROAD,201450725,30/11/2014,Sun,130,DB,VE1,103A 111A 131A ,V,S,D,DN,F , ,N,C,100,0,0,0,,,1710958,6041251
Whangarei District,OTAIKA VALLEY ROAD,, ,I,LOOP ROAD,201432705,04/02/2014,Tue,815,BB,TS1C,124A ,,R,D,B ,F ,T,G,C,100,0,0,0,,,1717726,6039341
Whangarei District,OWHIWA ROAD,3050,N, ,WHANGAREI HEADS ROAD,201450122,09/12/2014,Tue,811,BO,CN1C,330A 377A 904 ,F,R,D,O ,M , , ,C,100,0,0,0,,,1730071,6042684
Whangarei District,PAIAKA ROAD,1000,N, ,WALLACE ROAD,201447323,06/11/2014,Thu,930,BC,CS1V,121A ,,S,D,B ,FF, ,N,N,100,0,0,0,,,1705170,6066618
Whangarei District,PARAMOUNT PARADE,200,S, ,CORKS ROAD,201418354,23/11/2014,Sun,12,FA,CE1C,357A 512A ,F,R,D,DO,F , ,N,C,50,0,0,1,,,1719354,6050624
Whangarei District,PARAMOUNT PARADE,100,N, ,KIRIPAKA ROAD,201445013,08/04/2014,Tue,2205,NA,CS1E,370A 722B 724B ,,R,D,DN,F , ,N,C,50,0,0,0,,,1719984,6050129
Whangarei District,PARK ST,50,W, ,GEORGE ST,201445056,17/04/2014,Thu,2100,MD,CE1C,371B 929 ,,R,D,DO,F ,D,N,N,50,0,0,0,,,1716571,6059443
Whangarei District,PIGS HEAD ROAD,, ,I,KAIIKANUI ROAD,201448972,06/12/2014,Sat,1910,CC,CW1,130A 433A ,E,R,D,B ,F ,T,N,N,100,0,0,0,,,1721365,6069391
Whangarei District,PIPIWAI ROAD,200,E, ,DIP ROAD,201450713,12/12/2014,Fri,1100,FD,CW14,181A 333A 350A ,,R,W,ON,L , ,N,C,50,0,0,0,,,1716029,6051182
Whangarei District,PIPIWAI ROAD,1750,N, ,HENARE ROAD,201417331,02/11/2014,Sun,1230,BF,4S1M,103A 129A 131A 104B ,,E,D,B ,F , , ,C,100,0,1,0,,,1691363,6059040
Whangarei District,PIPIWAI ROAD,, ,I,MATARAU ROAD,201447865,18/10/2014,Sat,1834,DA,CE1,111A 131A ,SV,E,W,OF,L ,T,N,P,100,0,0,0,,,1711349,6052412
Whangarei District,PIPIWAI ROAD,120,E, ,NORTHCROFT DRIVE,201410804,07/02/2014,Fri,1115,DA,CW1,111A 131A 801 ,V,M,W,O ,L , , ,L,80,0,0,1,,,1716612,6051342
Whangarei District,PIPIWAI ROAD,170,W, ,PARAKIORE ROAD,201410556,21/02/2014,Fri,314,DB,VW1,131A 410A ,C,M,W,DN,L , ,N,C,100,0,0,1,,,1716175,6051336
Whangarei District,PIPIWAI ROAD,350,W, ,THREE MILE BUSH ROAD,201415156,19/08/2014,Tue,1610,CC,LE1,130A 330A 801 ,TV,R,W,O ,L , , ,C,100,0,0,1,,,1709199,6051922
Whangarei District,POROWINI AVENUE,, ,I,MAUNU ROAD,201431685,20/02/2014,Thu,1555,FB,TW1C,181A ,,E,W,O ,M ,T,S,C,50,0,0,0,,,1718966,6045348
Whangarei District,POROWINI AVENUE,, ,I,MAUNU ROAD,201444850,22/10/2014,Wed,1605,FB,4W1C,181A ,,R,D,OF,F ,T,S,R,50,0,0,0,,,1718966,6045348
Whangarei District,POROWINI AVENUE,300,W, ,OKARA DRIVE,201439369,25/06/2014,Wed,1643,JA,TW1C,308B 375B 930 ,,R,W,TF,L ,D,N,C,50,0,0,0,,,1719745,6044813
Whangarei District,POROWINI AVENUE,, ,I,TAREWA ROAD,201441301,24/07/2014,Thu,650,FE,CS1C,181A 331A 904 ,,R,W,DO,M ,X,T,C,50,0,0,0,,,1719136,6045185
Whangarei District,PORT ROAD,400,S, ,FRASER ST,201432638,12/03/2014,Wed,2039,CB,CN1,102A 198A ,,R,D,DN,F , ,N,C,50,0,0,0,,,1721744,6043334
Whangarei District,PORT ROAD,, ,I,HEREKINO ST,201432636,16/02/2014,Sun,1645,KA,CN1C,302A 375A 404A ,,E,D,B ,F ,R,G,C,50,0,0,0,,,1719940,6045395
Whangarei District,PORT ROAD,, ,I,HEREKINO ST,201432514,04/02/2014,Tue,1353,HA,CN1C,302A 375A ,,R,D,O ,F ,R,G,R,50,0,0,0,,,1719946,6045393
Whangarei District,PORT ROAD,50,E, ,KIOREROA ROAD,201451031,30/10/2014,Thu,1325,EC,VW1,820,D,R,D,BF,FS, ,N,C,50,0,0,0,,,1720747,6044170
Whangarei District,PORT ROAD,, ,I,KIOREROA ROAD,201445190,24/09/2014,Wed,1205,LB,VN1C,303B 353B 375B ,,R,D,B ,F ,T,G,C,50,0,0,0,,,1720709,6044202
Whangarei District,PORT ROAD,, ,I,KIOREROA ROAD,201431652,24/01/2014,Fri,1709,JA,CN1C,302B ,,E,D,B ,F ,X,G,R,50,0,0,0,,,1720709,6044202
Whangarei District,PORT ROAD,20,E, ,OKARA DRIVE,201442493,07/08/2014,Thu,1701,MB,4W1C,303B 375B ,,R,D,OF,F , ,N,C,50,0,0,0,,,1720533,6044350
Whangarei District,PORT ROAD,50,E, ,OKARA DRIVE,201442491,12/08/2014,Tue,1055,MC,4E1C,372B ,,R,W,DO,F , ,N,C,50,0,0,0,,,1720556,6044331
Whangarei District,PORT ROAD,100,E, ,OKARA DRIVE,201410530,20/01/2014,Mon,1617,MC,VE1C,372B ,,R,W,OF,L , ,N,C,50,0,1,2,,,1720595,6044299
Whangarei District,PORT ROAD,300,S, ,OKARA DRIVE,201441701,09/08/2014,Sat,925,AD,CN1C,111A 130A 150A ,F,E,W,B ,F , , ,P,50,0,0,0,,,1720747,6044170
Whangarei District,PORT ROAD,440,S, ,OKARA DRIVE,201414633,22/07/2014,Tue,1300,GE,MN1V,160A 333A 925 ,,E,D,O ,F ,D, ,P,50,0,1,0,,,1720862,6044089
Whangarei District,PURIRI ST,40,E, ,KAMO ROAD,201446808,06/11/2014,Thu,1830,MO,CE1C,371A 371B 929 ,,E,D,O ,F ,D,N,N,50,0,0,0,,,1717608,6050839
Whangarei District,RATHBONE ST,, ,I,BUTTER FACTORY LANE,201444221,28/07/2014,Mon,1040,GA,CS1C,181A 331A ,,R,D,O ,F ,T,N,C,50,0,0,0,,,1719448,6045780
Whangarei District,RATHBONE ST,20,N, ,CAMERON ST,201430458,29/01/2014,Wed,1120,FC,CS1C,181A ,,R,D,B ,F , ,N,X,50,0,0,0,,,1719415,6045745
Whangarei District,RATHBONE ST,70,S, ,DENT ST,201417764,18/11/2014,Tue,1200,MO,VN1EC,330A 371A ,,R,D,B ,F , ,N,N,50,0,0,1,85,,1719588,6045930
Whangarei District,RATHBONE ST,10,E, ,ROBERT ST,201447319,13/11/2014,Thu,1850,MO,4E1C,371A ,M,R,D,TF,F ,T,N,C,50,0,0,0,,,1719518,6045856
Whangarei District,RATHBONE ST,10,N, ,ROBERT ST,201441457,30/07/2014,Wed,1530,MO,CS1C,386A 926 ,M,R,D,B ,F ,D,N,C,50,0,0,0,,,1719518,6045856
Whangarei District,RATHBONE ST,30,S, ,ROBERT ST,201443543,07/08/2014,Thu,1400,EA,CS1C,385A ,M,R,D,BF,F , ,N,C,50,0,0,0,,,1719491,6045827
Whangarei District,RAUMANGA VALLEY ROAD,50,N, ,OTAIKA ROAD,201432949,26/02/2014,Wed,2042,DA,CS1,103A 111A 131A 930 ,X,E,D,DO,F ,D, ,P,50,0,0,0,,,1718378,6044194
Whangarei District,RAUMATI CRESCENT,15,W, ,ONERAHI ROAD,201446803,07/11/2014,Fri,730,EA,CW1C,386A ,M,M,D,B ,F , ,N,C,50,0,0,0,,,1723707,6042294
Whangarei District,REOTAHI ROAD,50,S, ,THE HEIGHTS,201411553,07/03/2014,Fri,1200,QO,ON1,652A ,,R,D,BN,F , ,N,N,50,0,0,1,,,1735222,6034511
Whangarei District,REWA REWA ROAD,100,E, ,DYER ST,201439443,03/07/2014,Thu,1235,JA,CE1C,308B 375B 929 ,,R,D,B ,F ,D,N,C,50,0,0,0,,,1718836,6042737
Whangarei District,REWA REWA ROAD,100,E, ,SH 1N,201446990,10/10/2014,Fri,940,MA,CW14,373B ,,R,D,BN,F , ,N,C,50,0,0,0,,,1718495,6042734
Whangarei District,REWA REWA ROAD,, ,I,TE WAIITI PLACE,201418858,06/08/2014,Wed,805,GD,VE1V,181A 387A ,,R,D,BF,F ,T,G,P,50,0,0,1,,,1719008,6042738
Whangarei District,REYBURN ST,, ,I,DENT ST,201440363,09/07/2014,Wed,1430,GB,CN1C,172A 801 ,,E,W,O ,L ,R,G,R,50,0,0,0,,,1719933,6045653
Whangarei District,REYBURN ST,, ,I,HEREKINO ST,201450774,25/11/2014,Tue,918,LB,CS1C,302A ,,S,D,BN,F ,R,G,R,50,0,0,0,,,1719945,6045408
Whangarei District,REYBURN ST,, ,I,HEREKINO ST,201444294,20/09/2014,Sat,2038,KA,VW2C,302B 375B 801 ,,E,W,DO,L ,R,G,R,50,0,0,0,,,1719946,6045393
Whangarei District,RIDGEWAY DRIVE,, ,I,HOWARDS WAY,201411745,21/03/2014,Fri,1700,DB,CS1S,191A 130B 610B 650B ,,E,D,O ,F ,T,N,N,50,0,0,1,,16,1718462,6050386
Whangarei District,RIPONUI ROAD,2160,N, ,PIPIWAI ROAD,201439372,29/06/2014,Sun,2140,CC,CN1,103A ,G,R,W,DN,F , ,N, ,100,0,0,0,,,1701015,6058346
Whangarei District,RIVERSIDE DRIVE,150,E, ,BROOK ROAD,201411977,24/02/2014,Mon,1100,MC,TE1S,372B ,,R,D,BN,F , ,N,C,80,0,1,0,,53,1722524,6044344
Whangarei District,RIVERSIDE DRIVE,, ,I,DENT ST,201431026,11/02/2014,Tue,745,FE,4W1C,181A 334A ,,E,D,B ,F ,R,T,C,50,0,0,0,,,1719675,6045975
Whangarei District,RIVERSIDE DRIVE,20,S, ,DUNDAS ROAD,201430421,25/01/2014,Sat,848,DB,CS1,103A 111A ,X,E,D,O ,F , ,N,C,50,0,0,0,,,1720082,6045814
Whangarei District,RIVERSIDE DRIVE,30,S, ,DUNDAS ROAD,201434419,26/04/2014,Sat,2227,DA,CN1,101A 111A 131A ,IP,E,D,DO,F , , ,R,50,0,0,0,,,1720087,6045805
Whangarei District,RIVERSIDE DRIVE,20,S, ,MEMORIAL DRIVE,201413925,23/04/2014,Wed,1113,MC,CS1C,330B 372B ,,R,D,BF,F ,T,G,R,50,0,0,1,,,1720813,6045389
Whangarei District,RIVERSIDE DRIVE,60,S, ,PUNGA GROVE AVENUE,201432523,18/02/2014,Tue,1550,JA,CN1C,308B 386B 929 ,,R,D,O ,F ,D,N,C,50,0,0,0,,,1720374,6045729
Whangarei District,RIVERSIDE DRIVE,, ,I,PUNGA GROVE AVENUE,201433131,08/03/2014,Sat,920,MC,CE1V,372B ,,E,D,B ,F ,X,G,R,50,0,0,0,,,1720324,6045763
Whangarei District,RIVERSIDE DRIVE,300,E, ,TANEKAHA DRIVE,201450080,19/12/2014,Fri,1215,AC,CW1C,159A 191A 357A 510A ,,E,D,B ,F , , ,C,50,0,0,0,,,1721470,6045044
Whangarei District,RIVERSIDE DRIVE,20,S, ,VALE ROAD,201435357,14/04/2014,Mon,2100,DB,CW1,131A 197A 901 903 ,,M,W,DO,HS, , ,R,50,0,0,0,,,1719973,6045965
Whangarei District,ROBERT ST,, ,I,JAMES ST,201438408,19/06/2014,Thu,1220,KB,CS1C,302B 375B ,,R,D,B ,F ,R,G,C,50,0,0,0,,,1719568,6045795
Whangarei District,ROSS ST,, ,I,WEST VIEW CRESCENT N,201443969,05/08/2014,Tue,1539,CB,MS1,130A ,K,R,D,OF,F ,X,G,C,50,0,0,0,,,1723066,6042909
Whangarei District,RURUMOKI ST,120,E, ,HATEA DRIVE,201400109,18/05/2014,Sun,1528,NG,CW1EC,402A 427A ,,R,D,B ,F , , ,R,50,1,0,1,53,,1720073,6047132
Whangarei District,RUSSELL ROAD,1060,N, ,OAKURA ROAD,201413630,03/05/2014,Sat,151,DA,CE1,104A 111A 131A ,P,M,D,DN,F , , ,C,100,0,1,0,,,1720567,6081988
Whangarei District,RUSSELL ROAD,1280,S, ,PEACH ORCHARD ROAD,201412560,23/04/2014,Wed,1750,DA,CN1,111A 129A 134A ,C,M,D,O ,F , , ,C,100,0,0,1,,,1717547,6072120
Whangarei District,RUSSELL ROAD,180,S, ,SH 1N,201414583,28/06/2014,Sat,2058,DA,VW1,131A 407A 631A 800 ,P,S,W,DN,F , , ,C,100,0,0,3,,,1716077,6065892
Whangarei District,RUSSELL ROAD,450,W, ,SH 1N WESTERN HILLS DRIVE,201439371,28/06/2014,Sat,100,DB,CN1,134A 402A ,T,M,W,DN,L , ,N,C,50,0,0,0,,,1718581,6047269
Whangarei District,RUSSELL ROAD,2070,N, ,WEBB ROAD,201434404,10/04/2014,Thu,2130,EC,CN1,912,W,M,D,DN,F , , ,C,100,0,0,0,,,1721856,6079079
Whangarei District,SALEYARDS ROAD,, ,I,VINEGAR HILL ROAD,201448549,01/11/2014,Sat,901,DB,CN2,136A 402A 632A ,SV,M,W,ON,F ,T,G,C,100,0,0,0,,,1717796,6054735
Whangarei District,SELWYN AVENUE,50,E, ,SH 1N,201413923,21/05/2014,Wed,845,NB,CW1E,713B ,,R,D,BF,F ,T,T,C,50,0,0,1,13,,1718946,6046054
Whangarei District,SHOEMAKER ROAD,1400,W, ,SH 1N,201412913,26/05/2014,Mon,925,DA,CE1,131A 631A ,C,M,W,O ,L , , ,C,100,0,0,1,,,1728501,6018522
Whangarei District,SMEATON DRIVE,, ,I,RANGER PLACE,201413310,31/05/2014,Sat,949,QD,CE2C,428A 527A ,FHX,E,D,B ,F ,T,G,C,50,0,0,1,,,1718369,6042522
Whangarei District,SMEATON DRIVE,, ,I,RANGER PLACE,201431392,26/02/2014,Wed,1412,CC,CS1,130A ,T,R,D,BF,F ,T,N,C,50,0,0,0,,,1718369,6042522
Whangarei District,SNOOKS ROAD,, ,I,WAHAKUKOPU ROAD,201413916,31/03/2014,Mon,930,DA,CS1,131A 134A 813 ,ET,M,D,BN,F ,T,N,C,100,0,1,0,,,1707115,6037312
Whangarei District,SOUTHEND AVENUE,130,E, ,ARCUS ST,201434143,15/04/2014,Tue,1125,MO,VW14,371A 801 927 ,,R,W,OF,L ,D, , ,50,0,0,0,,,1718406,6043124
Whangarei District,SPEDDING ROAD,60,W, ,KIRIPAKA ROAD,201445002,02/08/2014,Sat,1715,MA,MW1C,373B ,,R,D,O ,F , ,N,C,50,0,0,0,,,1719992,6050003
Whangarei District,SPRINGFIELD ROAD,370,E, ,MANGAPAI CAVES ROAD,201432708,23/01/2014,Thu,1600,DB,CW1,138A 402A 800 ,E,M,W,B ,F , , ,N,100,0,0,0,,,1720284,6025327
Whangarei District,STATION ROAD,, ,I,COLENSO ST,201442384,27/08/2014,Wed,1525,GD,CE1C,181A 331A ,,R,D,O ,F ,X,G,C,50,0,0,0,,,1718293,6050790
Whangarei District,STATION ROAD,50,E, ,EDEN TERRACE,201446978,27/09/2014,Sat,40,EA,CE1C,129A ,M,R,D,DO,F , ,N,C,50,0,0,0,,,1718579,6050997
Whangarei District,STATION ROAD,30,W, ,EDEN TERRACE,201413980,27/05/2014,Tue,1740,BB,CE1T,103A 123A ,,M,D,DF,F , ,N,C,50,0,0,1,,,1718517,6050949
Whangarei District,SUBSTATION LANE,50,S, ,KING ST,201437925,11/06/2014,Wed,1645,MO,BS1C,371A 929 ,M,R,D,O ,F ,D,N,N,50,0,0,0,,,1716277,6060368
Whangarei District,TAIPUHA ROAD,1060,E, ,BERRIDGE ROAD,201413985,24/06/2014,Tue,1530,DA,MW1,104A 131A 330A 810 ,SV,E,D,O ,F , ,N,C,100,0,1,0,,,1709442,6022230
Whangarei District,TAIPUHA ROAD,, ,I,BERRIDGE ROAD,201430457,26/01/2014,Sun,2030,EC,CW1,912,W,E,D,TN,F ,T,N,C,100,0,0,0,,,1708470,6022507
Whangarei District,TAKAHIWAI ROAD,, ,I,PIRIHI ROAD,201444849,23/10/2014,Thu,720,DB,CN1,103A 131A ,V,M,D,TN,F ,T,N,C,100,0,0,0,,,1728060,6033427
Whangarei District,TAMURE PLACE,220,W, ,PETER SNELL ROAD,201441712,31/07/2014,Thu,1638,DA,CS1,103A 111A 131A 929 ,F,E,D,B ,F ,D,N,C,50,0,0,0,,,1731508,6028409
Whangarei District,TAREWA ROAD,40,S, ,MORNINGSIDE ROAD,201430719,09/01/2014,Thu,930,AC,CS1C,381A ,,S,D,OF,F , ,N,C,50,0,0,0,,,1719056,6045135
Whangarei District,TAREWA ROAD,, ,I,MORNINGSIDE ROAD,201430979,03/03/2014,Mon,745,KB,CE1C,301B 375B ,,R,W,BF,F ,T,S,C,50,0,0,0,,,1719091,6045154
Whangarei District,TAREWA ROAD,20,N, ,OTAIKA ROAD,201442035,04/07/2014,Fri,2340,MO,VS1,434A ,P,R,D,DO,F , ,N,C,50,0,0,0,,,1718634,6044580
Whangarei District,TAREWA ROAD,50,N, ,POROWINI AVENUE,201430092,04/02/2014,Tue,1445,AA,CN1C,381A ,,R,D,OF,F , ,N,C,50,0,0,0,,,1719168,6045224
Whangarei District,TAREWA ROAD,70,N, ,POROWINI AVENUE,201447316,09/11/2014,Sun,2245,MO,CE1,371A 402A 930 ,C,R,D,DO,F ,D,N,N,50,0,0,0,,,1719181,6045239
Whangarei District,TAREWA ROAD,100,N, ,POROWINI AVENUE,201441991,24/05/2014,Sat,940,AO,VN1C,184A 330A ,,R,D,O ,F , , ,C,50,0,0,0,,,1719200,6045262
Whangarei District,TAREWA ROAD,, ,I,POROWINI AVENUE,201434973,14/04/2014,Mon,1845,LB,4S1C,303B ,,R,W,DO,L ,X,T,C,50,0,0,0,,,1719136,6045185
Whangarei District,TAREWA ROAD,100,E, ,SH 1N,201444818,30/10/2014,Thu,1517,FD,CW1C,181A ,,R,D,BF,F , ,N,C,50,0,0,0,,,1718617,6044555
Whangarei District,TAREWA ROAD,40,N, ,SH 1N,201448812,02/12/2014,Tue,1340,GB,MS1C,387A 142B 175B 402B 929 ,,R,D,B ,F ,D, ,C,50,0,0,0,,,1718594,6044500
Whangarei District,TAREWA ROAD,, ,I,WALTON ST,201411059,08/03/2014,Sat,819,HA,CN1S,302A 363A 375A ,,M,D,B ,F ,R,G,R,50,0,0,1,,57,1719295,6045457
Whangarei District,THREE MILE BUSH ROAD,500,W, ,AMALIN DRIVE,201413641,18/03/2014,Tue,813,CB,CN1C,331A 363A 902 ,Q,R,D,B ,F , , ,C,100,0,0,1,,,1713957,6049593
Whangarei District,THREE MILE BUSH ROAD,, ,I,CLARK ROAD,201412304,10/04/2014,Thu,2205,JA,CW1C,103B 321B 375B ,,R,D,DO,F ,T,S,C,50,0,0,4,,,1717518,6050442
Whangarei District,THREE MILE BUSH ROAD,, ,I,CRAWFORD CRESCENT,201411744,20/03/2014,Thu,1715,HA,CN1C,302A 387A ,,E,D,B ,F ,R,G,R,50,0,0,1,,,1717116,6050239
Whangarei District,THREE MILE BUSH ROAD,100,W, ,PALM GROVE,201417431,22/10/2014,Wed,1615,DA,MW1,111A 131A 809 ,C,M,D,BF,F , ,N,C,100,0,0,1,,,1713552,6049442
Whangarei District,THREE MILE BUSH ROAD,500,S, ,PIPIWAI ROAD,201434646,18/04/2014,Fri,30,DA,CN1,103A 131A ,F,E,D,DN,F , ,N,C,100,0,0,0,,,1709893,6051550
Whangarei District,THREE MILE BUSH ROAD,800,W, ,ROTOMATE ROAD,201450724,13/12/2014,Sat,2250,DB,CW1,111A 131A ,F,M,W,DO,H , ,N,C,80,0,0,0,,,1713730,6049547
Whangarei District,TUDEHOPE ROAD,700,W, ,MATARAU ROAD,201446988,27/10/2014,Mon,1110,DB,CS1,135A 402A 813 ,F,M,D,BN,F , ,N,N,100,0,0,0,,,1709991,6053637
Whangarei District,TUI CRESCENT,30,S, ,SH 14,201435526,22/04/2014,Tue,1415,MO,CS1,420A ,HK,R,D,B ,F , , ,N,50,0,0,0,,,1715983,6044162