TLANAME,CRASHROAD,CRASHDIST,CRASHDIRN,INTSN,SIDEROAD,CRASHID,CRASHDATE,CRASHDOW,CRASHTIME,MVMT,VEHICLES,CAUSES,OBJECTSSTRUCK,ROADCURVE,ROADWET,LIGHT,WTHRa,JUNCTYPE,TRAFCTRL,ROADMARK,SPDLIM,CRASHFATALCNT,CRASHSEVCNT,CRASHMINCNT,PERSAGE1,PERSAGE2,EASTING,NORTHING
Whangarei District,TUI CRESCENT,50,S, ,SH 14,201418345,23/12/2014,Tue,1454,MO,CN1C44,133A 423A 507A ,MQ,R,D,OF,F , ,N,C,50,0,0,2,,,1715995,6044146
Whangarei District,VALE ROAD,50,E, ,RIVERSIDE DRIVE,201437226,14/05/2014,Wed,1000,MA,CE1C,373B ,,R,D,BF,F , ,N,C,50,0,0,0,,,1719999,6045997
Whangarei District,VALLEY ROAD,300,E, ,KING ST,201450859,09/12/2014,Tue,2315,DA,CE1,101A 111A 131A ,PS,E,W,DO,F , ,N,C,50,0,0,0,,,1716731,6060266
Whangarei District,VINE ST,50,E, ,BANK ST,201436725,14/05/2014,Wed,1204,MA,CW1C,373B 377B 830 ,,R,D,B ,F , ,N,C,50,0,0,0,,,1719358,6045640
Whangarei District,VINE ST,10,N, ,WALTON ST,201439168,13/06/2014,Fri,1210,MO,CN1P,371A 386A ,M,R,D,O ,F ,T,G,C,50,0,0,0,,,1719472,6045534
Whangarei District,VINEGAR HILL ROAD,170,S, ,BRETTS PLACE,201438418,10/06/2014,Tue,1243,DB,VN1,111A 131A 901 ,V,M,W,O ,H , , ,C,80,0,0,0,,,1719222,6052806
Whangarei District,VINEGAR HILL ROAD,100,N, ,CORKS ROAD,201446806,06/11/2014,Thu,900,MA,CN1S,373B ,,R,D,B ,F , ,N,C,50,0,0,0,,,1719941,6050698
Whangarei District,VINEGAR HILL ROAD,, ,I,CORKS ROAD,201445188,23/09/2014,Tue,740,FB,CS14,386A 403A ,,R,D,B ,F ,T,G,C,50,0,0,0,,,1719916,6050601
Whangarei District,VINEGAR HILL ROAD,70,S, ,GALLIARD WAY,201439381,28/06/2014,Sat,1600,DA,CS1,111A 131A 402A ,,M,D,BN,F , ,N,C,100,0,0,0,,,1718420,6053663
Whangarei District,VINEGAR HILL ROAD,50,N, ,LAURIES DRIVE,201437459,03/06/2014,Tue,923,BF,CN1C,131A 407A 197B 801 ,,M,W,O ,L , , ,C,100,0,0,0,,,1718915,6053120
Whangarei District,VINEGAR HILL ROAD,280,N, ,LAURIES DRIVE,201434530,14/03/2014,Fri,1815,DA,CS1,135A 630A 801 ,FX,M,W,ON,L , ,N,C,100,0,0,0,,,1718831,6053317
Whangarei District,VINEGAR HILL ROAD,450,N, ,LAURIES DRIVE,201435323,04/05/2014,Sun,740,DA,CS1,111A 131A ,CV,M,W,B ,F , , ,C,100,0,0,0,,,1718702,6053411
Whangarei District,VINEGAR HILL ROAD,120,S, ,LOGAN CAMERON ROAD,201412860,07/05/2014,Wed,1415,DA,MS1,129A 131A 197A ,CV,M,D,B ,F , , ,C,100,0,1,0,,,1718275,6053794
Whangarei District,VINEGAR HILL ROAD,20,N, ,MAIN ROAD,201436989,06/05/2014,Tue,730,DA,CS1,111A 131A 801 ,CV,E,W,O ,L , , ,C,100,0,0,0,,,1718049,6054369
Whangarei District,VINEGAR HILL ROAD,120,N, ,MAIN ROAD,201431679,20/02/2014,Thu,1729,DA,CS1,131A 801 ,V,M,W,O ,L , , ,C,100,0,0,0,,,1718029,6054467
Whangarei District,VINEGAR HILL ROAD,100,S, ,SALEYARDS ROAD,201445010,10/10/2014,Fri,2025,EC,CN1,101A 112A 912 ,W,R,D,DN,F , ,N,C,100,0,0,0,,,1717861,6054660
Whangarei District,WAIATAWA ROAD,100,S, ,BREWERY BRIDGE,201411766,01/04/2014,Tue,1608,CB,VS1C,410A ,M,R,D,B ,F , , ,C,50,0,1,0,,,1719823,6048448
Whangarei District,WAIATAWA ROAD,20,S, ,MILLERS LANE,201448579,03/12/2014,Wed,923,EA,CN1C,385A ,M,R,D,BF,F , ,N,C,50,0,0,0,,,1720015,6048174
Whangarei District,WAIOTIRA ROAD,200,E, ,TAURAROA ROAD,201410259,13/01/2014,Mon,1830,DA,TS1,131A 330A ,F,M,D,O ,F , ,N,C,100,0,0,1,,,1711107,6029619
Whangarei District,WAIOTIRA ROAD,900,S, ,TAURAROA ROAD,201443970,01/07/2014,Tue,1800,AB,CS1C,153A 137B ,FV,E,W,DN,L , ,N,N,100,0,0,0,,,1710967,6028836
Whangarei District,WAIOTOI ROAD,850,N, ,SHOEBRIDGE CRESCENT,201436875,26/03/2014,Wed,2200,DA,CN1,101A 111A 131A ,P,E,D,DN,F , , ,C,100,0,0,0,,,1736132,6057166
Whangarei District,WALTON ST,, ,I,BANK ST,201442908,16/08/2014,Sat,1002,KA,CE1C,302B 375B 402B ,,M,D,OF,F ,R,G,C,50,0,0,0,,,1719337,6045465
Whangarei District,WALTON ST,40,E, ,CAMERON ST,201447868,23/10/2014,Thu,1020,MO,CE1C,385A ,M,R,D,BF,F , ,N,C,50,0,0,0,,,1719600,6045602
Whangarei District,WALTON ST,, ,I,CLYDE ST,201436684,16/05/2014,Fri,1307,FA,CE14,181A 350A ,,R,D,B ,F ,T,G,C,50,0,0,0,,,1719494,6045534
Whangarei District,WALTON ST,, ,I,CLYDE ST,201445057,20/09/2014,Sat,1030,GB,CE1C,181A 386A ,,R,W,O ,F ,T,G,C,50,0,0,0,,,1719494,6045534
Whangarei District,WALTON ST,50,S, ,DENT ST,201435350,01/05/2014,Thu,1200,MG,CS1C,371B 925 ,,R,D,B ,F ,D,N,C,50,0,0,0,,,1719771,6045780
Whangarei District,WALTON ST,15,N, ,ROBERT ST,201430783,06/01/2014,Mon,1700,MC,CN1C,372B ,,R,D,BF,F , ,N,R,50,0,0,0,,,1719693,6045699
Whangarei District,WALTON ST,50,E, ,WATER ST,201450717,16/12/2014,Tue,1530,FD,CW1C,181A ,,E,W,OF,F , ,N,C,50,0,0,0,,,1719114,6045457
Whangarei District,WATER ST,230,W, ,BANK ST,201443963,01/07/2014,Tue,940,JA,CS1C,308B 377B 839 927 ,,R,D,BF,F ,D,N,C,50,0,0,0,,,1719137,6045569
Whangarei District,WHANANAKI NORTH ROAD,20,N, ,ENWRIGHT ROAD,201450082,07/10/2014,Tue,1345,DA,CN1,136A 621A ,V,M,D,B ,F ,T,N,C,100,0,0,0,,,1718292,6065694
Whangarei District,WHANANAKI NORTH ROAD,50,W, ,HALVORSON ROAD,201435360,26/04/2014,Sat,910,CB,CE1,129A 130A ,B,R,W,O ,L , , ,C,100,0,0,0,,,1729717,6070102
Whangarei District,WHANANAKI NORTH ROAD,50,S, ,PIGS HEAD ROAD,201436990,26/05/2014,Mon,1225,BC,TN1T,129A 818 ,,M,W,B ,F , , ,C,100,0,0,0,,,1721629,6069017
Whangarei District,WHANGAREI HEADS ROAD,200,N, ,CRAIG ROAD,201444298,09/09/2014,Tue,515,EC,CN1,195A 912 ,W,E,D,DN,F , , ,C,100,0,0,0,,,1735612,6037951
Whangarei District,WHANGAREI HEADS ROAD,660,S, ,CRISP ROAD,201435511,10/01/2014,Fri,1430,MC,VN1C,372B 378B 831 ,,E,D,B ,F , , ,P,80,0,0,0,,,1730899,6039846
Whangarei District,WHANGAREI HEADS ROAD,40,N, ,EDWARD ROAD,201415112,16/06/2014,Mon,1600,KA,CS1C,308B 330B 801 929 ,,E,W,O ,L ,D, ,C,100,0,0,2,,,1725213,6041834
Whangarei District,WHANGAREI HEADS ROAD,50,N, ,EDWARD ROAD,201432494,19/02/2014,Wed,1250,DA,CN1,131A 197A ,FST,E,W,ON,L , ,N,C,100,0,0,0,,,1725213,6041844
Whangarei District,WHANGAREI HEADS ROAD,300,S, ,EDWARD ROAD,201436988,22/05/2014,Thu,820,DA,CS1,131A 800 ,TX,M,W,O ,F , , ,C,100,0,0,0,,,1725409,6041589
Whangarei District,WHANGAREI HEADS ROAD,320,S, ,EDWARD ROAD,201411200,20/02/2014,Thu,1010,DA,CN1,131A 801 ,CGS,E,W,O ,L , , ,C,100,0,0,1,,,1725423,6041575
Whangarei District,WHANGAREI HEADS ROAD,, ,I,PATAUA SOUTH ROAD,201410801,22/02/2014,Sat,1740,DA,CN1,111A 131A 504A 801 ,F,S,W,O ,L ,T,G,C,100,0,0,1,,,1734471,6040771
Whangarei District,WHANGAREI HEADS ROAD,50,E, ,PEPI ROAD,201432506,07/02/2014,Fri,1750,DA,CE1,111A 386A 402A ,,M,W,O ,L , ,N,C,100,0,0,0,,,1729909,6039769
Whangarei District,WHANGAREI HEADS ROAD,60,E, ,PEPI ROAD,201413100,08/05/2014,Thu,2230,DA,CE1,111A 131A 402A ,EK,M,W,DN,F , , ,C,100,0,1,0,,,1729918,6039770
Whangarei District,WHANGAREI HEADS ROAD,, ,I,PEPI ROAD,201415351,10/05/2014,Sat,1729,DA,CE1,104A 111A ,,E,W,TN,F ,T,N,C,100,0,0,1,,,1729862,6039751
Whangarei District,WHANGAREI HEADS ROAD,100,E, ,SCOTT ROAD,201411201,07/02/2014,Fri,1705,DA,CE1,131A 801 815 ,V,S,W,O ,H , , ,C,100,0,0,1,,,1728497,6039710
Whangarei District,WHANGAREI HEADS ROAD,60,S, ,TARAUNUI ROAD,201410435,09/02/2014,Sun,2125,BA,CW1C,205A 404A ,,R,D,DN,F , , ,C,80,0,2,2,,,1733201,6041201
Whangarei District,WHANGAREI HEADS ROAD,1070,N, ,URQUHART BAY ROAD,201444295,19/09/2014,Fri,545,DB,CS1,111A 131A ,ET,S,W,O ,F , , ,C,100,0,0,0,,,1738306,6033462
Whangarei District,WHANGAREI HEADS ROAD,200,S, ,WAIKARAKA BEACH ROAD,201418522,12/12/2014,Fri,1530,DA,CW1,131A 632A ,V,S,W,ON,L , ,N,L,100,0,0,1,,,1726890,6039936
Whangarei District,WHANGAREI HEADS ROAD,440,S, ,WAIKARAKA BEACH ROAD,201440519,02/07/2014,Wed,1450,DB,VS1,135A 806 901 ,C,S,W,O ,H , , ,C,100,0,0,0,,,1726944,6039708
Whangarei District,WHAREORA ROAD,120,W, ,CLAPHAM ROAD,201442938,01/09/2014,Mon,1030,DA,CW1,111A 131A 402A 801 ,T,S,W,O ,L , , ,C,100,0,0,0,,,1721432,6048926
Whangarei District,WHAREORA ROAD,500,W, ,CLAPHAM ROAD,201448811,04/12/2014,Thu,1148,DB,CW1,131A 402A ,T,M,D,B ,F , , ,C,100,0,0,0,,,1721083,6048915
Whangarei District,WHAREORA ROAD,500,W, ,CLAPHAM ROAD,201410023,19/02/2014,Wed,1928,DA,CE1,111A 131A 402A 801 ,C,M,W,O ,L , , ,C,100,0,0,1,,,1721083,6048915
Whangarei District,WHAREORA ROAD,70,W, ,HAKAWAI LANE,201417414,18/10/2014,Sat,950,DA,CE1,111A 131A ,T,M,W,ON,L , ,N,C,70,0,1,1,,,1720535,6048461
Whangarei District,WHAREORA ROAD,380,E, ,MILL ROAD,201441941,19/08/2014,Tue,1310,DA,CW1,111A 131A 801 ,T,E,W,O ,L , , ,C,50,0,0,0,,,1720285,6048315
Whangarei District,WHAU VALLEY ROAD,100,E, ,FAIRWAY DRIVE,201441700,12/08/2014,Tue,843,GD,CE1C,181A 331A 501A 929 ,,E,W,B ,F ,D,N,C,50,0,0,0,,,1718193,6048884
Whangarei District,WHAU VALLEY ROAD,, ,I,KAMO ROAD,201430446,28/01/2014,Tue,2130,GF,CE1V,381B ,,R,D,DO,F ,T,N,L,50,0,0,0,,,1718768,6048699
Whangarei District,WILLIAM JONES DRIVE,, ,I,MATAI ST W,201447321,24/10/2014,Fri,1840,MC,CS1C,330B 372B ,,R,D,O ,F ,T,N,C,50,0,0,0,,,1719023,6049286
Whangarei District,WILLIAM JONES DRIVE,230,W, ,TARAIRE CRESCENT E,201430424,26/01/2014,Sun,1728,CC,CE1C,112A 351A 357A 402A ,HM,R,W,O ,F , ,N,C,50,0,0,0,,,1719143,6049465
Whangarei District,WOODS ROAD,, ,I,ALBERT ST,201435326,29/04/2014,Tue,1345,BF,CN1V,124A 131A 402A ,,R,D,O ,F ,T,G,C,50,0,0,0,,,1719561,6045370
Whangarei District,WRIGHT ROAD,1000,S, ,PIPIWAI ROAD,201450646,24/11/2014,Mon,1510,BC,CS14,111A 121A ,,M,D,O ,F , ,N,N,100,0,0,0,,,1694270,6053829
Whangarei District,Z CPK OKARA PARK SHOPS,80,S, ,PORT ROAD,201412320,10/04/2014,Thu,1626,PE,CN1ECC,427A 507A 721B ,M,R,D,B ,F , , ,N,30,0,1,0,,,1720125,6045123
Whangarei District,14/0/0,, ,I,SH 1N,201415017,06/08/2014,Wed,900,FB,CW1C,181A ,,R,D,B ,F ,X,G,C,50,0,0,1,,,1718433,6044977
Whangarei District,14/0/0.005,5,W, ,SH 1N,201436568,05/03/2014,Wed,1510,AO,TE1C,129A 381A ,,R,D,B ,F ,X,T,C,50,0,0,0,,,1718429,6044974
Whangarei District,14/0/0.364,90,W, ,TE MAI ROAD,201413197,14/05/2014,Wed,825,NA,CW1E,306A 376A 402A 717B ,,R,D,B ,F , , ,X,50,0,1,0,16,,1718131,6044778
Whangarei District,14/0/0.478,20,E, ,WEST END AVENUE,201431011,11/02/2014,Tue,1400,MO,4E1C,371A 386A ,M,R,D,B ,F , ,N,P,50,0,0,0,,,1718024,6044739
Whangarei District,14/0/0.503,5,W, ,WEST END AVENUE,201439438,07/07/2014,Mon,1025,MA,CW1C,373B ,,R,D,B ,F ,T,N,P,50,0,0,0,,,1718001,6044729
Whangarei District,14/0/1.063,200,E, ,SILVERSTREAM ROAD,201441285,02/08/2014,Sat,1500,CB,CW1,130A 350A 801 ,KX,R,W,O ,L , , ,C,50,0,0,0,,,1717455,6044763
Whangarei District,14/0/1.263,, ,I,SILVERSTREAM ROAD,201417512,02/11/2014,Sun,823,JA,SW1C,302B 375B ,,E,D,BF,FF,T,G,C,50,0,0,1,,66,1717257,6044739
Whangarei District,SILVERSTREAM ROAD,, ,I,14/0/1.263,201450718,04/12/2014,Thu,1845,BC,CW2C,103A 129A ,,E,D,BF,F ,T,G,C,50,0,0,0,,,1717257,6044739
Whangarei District,14/0/2.11,100,E, ,NGAHERE DRIVE,201450118,29/12/2014,Mon,1100,DB,CE1,131A 501A 930 ,F,R,D,O ,F ,D, ,C,60,0,0,0,,,1716434,6044677
Whangarei District,14/0/2.825,, ,I,TUI CRESCENT,201442906,07/08/2014,Thu,1401,JA,CW1V,301B 377B ,,E,D,BF,F ,T,S,P,60,0,0,0,,,1715966,6044186
Whangarei District,14/0/2.825,, ,I,TUI CRESCENT,201435513,22/04/2014,Tue,1328,JA,CS1C,301B 375B ,,R,D,B ,F ,T,S,L,60,0,0,0,,,1715966,6044186
Whangarei District,14/0/4.658,370,E, ,CEMETERY ROAD,201438037,06/06/2014,Fri,1500,QG,VE1,682A ,FP,E,D,O ,F , , ,L,70,0,0,0,,,1714391,6043981
Whangarei District,14/0/6.132,330,W, ,GOLF HARBOUR DRIVE,201442964,28/08/2014,Thu,1714,MC,VW14,197A 372B 903 ,,R,W,DN, S, , ,C,100,0,0,0,,,1712927,6044095
Whangarei District,14/0/6.685,110,W, ,MILLINGTON ROAD,201442963,28/08/2014,Thu,759,DB,CE1,135A 806 ,C,E,W,O ,F , , ,L,100,0,0,0,,,1712395,6043988
Whangarei District,14/0/7.786,300,E, ,NEWTON ROAD E,201438351,10/06/2014,Tue,1850,CC,40,110A 130A 804 901 ,V,R,W,DN,H , , ,C,100,0,0,0,,,1711390,6043823
Whangarei District,14/0/8.086,, ,I,NEWTON ROAD E,201414457,11/06/2014,Wed,2124,DA,CW1,501A ,FT,M,W,DO,SF,T,T,L,100,0,0,1,,,1711118,6043711
Whangarei District,14/0/10.719,15,N, ,OTAIKA VALLEY ROAD,201435510,18/04/2014,Fri,1657,LB,CS1C,303B 375B 922 ,,R,D,O ,F ,D, ,C,50,0,0,0,,,1709200,6042566
Whangarei District,14/0/10.75,15,N, ,MANGAKAHIA ROAD,201437026,08/05/2014,Thu,,MC,CN1C,372B ,,R,D,O ,F ,X,G,C,70,0,0,0,,,1709187,6042537
Whangarei District,14/0/10.765,, ,I,MANGAKAHIA ROAD,201443985,14/07/2014,Mon,1035,JA,TN1C,301B 375B ,,R,D,BF,F ,T,S,C,70,0,0,0,,,1709182,6042522
Whangarei District,14/0/11.906,, ,I,PUKEATUA ROAD,201417412,24/10/2014,Fri,1915,DA,MW2,102A 133A ,,M,D,TN,F ,T,G,C,100,0,1,0,,,1708837,6041443
Whangarei District,14/0/13.528,1500,E, ,TATTON ROAD,201431958,14/02/2014,Fri,351,DB,CW1,103A 111A 131A ,F,M,W,DN,L , ,N,C,100,0,0,0,,,1707397,6040776
Whangarei District,14/0/14.028,1000,E, ,TATTON ROAD,201436575,11/05/2014,Sun,145,EC,XE1,341A 820 ,D,R,D,DN,F , , ,C,100,0,0,0,,,1706904,6040695
Whangarei District,14/15/0.4,400,S, ,TATTON ROAD,201415139,19/05/2014,Mon,1938,DB,CN1,111A 131A 817 ,C,E,D,DN,F , , ,N,100,0,0,1,,,1705911,6040024
Whangarei District,14/15/0.776,800,E, ,KIRIKOPUNI VALLEY ROAD,201417944,25/11/2014,Tue,1003,CA,CW1T,410A ,,R,D,B ,F , , ,C,100,0,0,1,,,1705627,6039791
Whangarei District,14/15/1.576,, ,I,WHATITIRI ROAD,201438419,20/06/2014,Fri,810,GE,VS1V,197A 333A 902 ,V,R,D,B ,F ,X,S,C,100,0,0,0,,,1704998,6039300
Whangarei District,14/15/7.996,300,W, ,OTUHI ROAD,201432495,16/02/2014,Sun,400,CB,CW1,103A 130A 402A 412A ,C,R,D,DN,F , ,N,C,100,0,0,0,,,1699804,6036557
Whangarei District,14/15/8.912,, ,A,WAIOTAMA RIV BR,201441704,28/06/2014,Sat,813,DB,CE1,111A 131A ,V,M,W,O ,L , , ,C,100,0,0,0,,,1698972,6036423
Whangarei District,15A/0/1.207,, ,I,SALLE ROAD,201414569,18/07/2014,Fri,1005,GD,TN1C4C,333A 358A ,,R,D,B ,F ,T,G,C,100,0,1,0,,,1729624,6028202
Whangarei District,PORT MARSDEN HIGHWAY,, ,I,MCCATHIE ROAD,201418616,03/12/2014,Wed,1650,DB,VW2,501A ,,M,D,BF,F ,T,S,C,100,0,0,1,,,1730004,6029558
Whangarei District,15A/0/2.685,, ,I,MCCATHIE ROAD,201411267,23/01/2014,Thu,244,DC,CS1,111A 131A 402A 634A ,P,E,D,DO,F ,T,S,C,100,0,1,1,,,1730004,6029558
Whangarei District,ONE TREE POINT ROAD,, ,I,15A/0/2.73,201436724,10/05/2014,Sat,1900,DC,4S1,103A 111A 321A ,F,R,W,DO,L ,T,S,R,100,0,0,0,,,1730041,6029584
Whangarei District,15A/0/6.13,, ,I,BENS VIEW ROAD,201430257,02/01/2014,Thu,1100,GO,400000000000000,922,,R,D,O ,F ,D,N,C,100,0,0,0,,,1732638,6031350
Whangarei District,1N/233/1.373,500,W, ,CROWS NEST ROAD,201415957,13/09/2014,Sat,100,CC,CE1,103A 410A 801 ,C,R,W,DN,L , , ,L,100,0,0,1,,,1708086,6068916
Whangarei District,1N/233/4.382,1000,S, ,HUKERENUI ROAD,201438039,22/05/2014,Thu,1130,QG,TN1C4,668A 669A 817 ,,R,D,B ,F , ,S,C,100,0,0,0,,,1710779,6067685
Whangarei District,1N/233/5.198,300,N, ,WAIOTU BLOCK ROAD,201442943,29/08/2014,Fri,2120,EC,4N1V,195B 801 912 ,W,R,W,DN,L , , ,C,100,0,0,0,,,1711422,6067186
Whangarei District,1N/233/6.498,1000,S, ,WAIOTU BLOCK ROAD,201432488,31/01/2014,Fri,1720,FA,CS1C,181A 350A 387A ,,R,D,BN,F , ,N,C,100,0,0,0,,,1712400,6066454
Whangarei District,1N/233/8.322,1100,W, ,PUHIPUHI ROAD,201400173,21/08/2014,Thu,1550,BC,CW1CC,129A 410A 504A ,,M,D,O ,F , ,N,C,100,1,3,1,,,1714140,6066120
Whangarei District,1N/233/9.022,400,W, ,PUHIPUHI ROAD,201438420,03/06/2014,Tue,1830,DA,VE1,111A 131A 801 904 ,V,M,W,DN,M , , ,L,100,0,0,0,,,1714748,6066464
Whangarei District,1N/233/9.322,100,N, ,PUHIPUHI ROAD,201438034,05/05/2014,Mon,1645,QG,TS1C,682A ,,M,D,O ,F , , ,C,100,0,0,0,,,1715042,6066499
Whangarei District,1N/233/10.516,, ,I,RUSSELL ROAD N,201413766,01/05/2014,Thu,2210,DA,VS1,103A 129A ,EV,E,D,DF,F ,T,S,C,100,0,0,2,,,1715915,6065839
Whangarei District,1N/233/10.815,100,N, ,OLD NORTH ROAD S,201412571,25/02/2014,Tue,1808,LB,CN1C,303B 375B 503B 922 ,,E,D,B ,F ,D, ,C,100,0,0,2,,,1715832,6065552
Whangarei District,1N/233/10.975,60,S, ,OLD NORTH ROAD S,201415074,21/08/2014,Thu,1610,JA,CN1CV,308B 922 ,,E,D,O ,F ,D,N,C,100,0,0,2,,,1715852,6065396
Whangarei District,1N/245/0.447,400,S, ,CORBETT ROAD,201412715,15/04/2014,Tue,1016,CC,VS1,131A 191A ,EF,R,W,ON,L , ,N,C,100,0,0,1,,,1716264,6063672
Whangarei District,1N/245/2.38,15,S, ,AKERAMA ROAD,201448551,12/09/2014,Fri,1134,DB,CN1,111A 135A 801 ,C,M,W,ON,H , ,N,C,100,0,0,0,,,1716525,6061805
Whangarei District,1N/245/3.161,, ,I,KING ST,201415549,09/09/2014,Tue,1230,JA,4S1C,301B 375B 801 ,,R,W,O ,L ,T,S,C,100,0,0,1,,,1716181,6061104
Whangarei District,1N/245/3.761,600,S, ,KING ST,201410451,01/02/2014,Sat,1911,CC,VN1,104A 501A ,T,R,D,B ,F , , ,C,100,0,1,0,,,1716085,6060514
Whangarei District,1N/245/5.058,580,N, ,JORDAN VALLEY ROAD,201445014,12/10/2014,Sun,1530,DA,CN1,410A 504A ,G,E,D,O ,F , ,N,C,100,0,0,0,,,1716152,6059223
Whangarei District,1N/245/5.138,500,N, ,JORDAN VALLEY ROAD,201446269,26/08/2014,Tue,1830,EC,CS1,912,W,R,D,DN,F , ,N,C,100,0,0,0,,,1716176,6059147
Whangarei District,1N/245/5.138,500,N, ,JORDAN VALLEY ROAD,201446300,26/08/2014,Tue,1830,EC,4S1,912,W,R,D,DN,F , ,N,C,100,0,0,0,,,1716176,6059147
Whangarei District,1N/245/5.238,400,N, ,JORDAN VALLEY ROAD,201415959,03/08/2014,Sun,101,CB,CS1,110A 130A 901 ,F,R,W,DO,H , , ,C,100,0,1,1,,,1716211,6059053
Whangarei District,1N/245/7.425,100,N, ,PIANO HILL ROAD,201411764,07/03/2014,Fri,37,DB,CS1,103A 116A 804 817 ,G,E,D,DN,F , , ,N,100,0,1,0,,,1716963,6057006
Whangarei District,1N/245/8.295,15,N, ,RICHARDS ROAD,201431387,05/03/2014,Wed,1620,FD,CN1C,181A 817 ,,R,D,BN,F , ,N,C,100,0,0,0,,,1717355,6056270
Whangarei District,1N/245/8.715,600,N, ,SALEYARDS ROAD N,201450911,15/12/2014,Mon,2055,EC,VN1,131A 823 ,FLS,E,W,DO,HS, , ,C,100,0,0,0,,,1717358,6055850
Whangarei District,1N/245/8.915,400,N, ,SALEYARDS ROAD N,201412924,23/05/2014,Fri,549,GD,CN1C,103A 331A 927 ,,R,D,DO,F ,D,N,P,100,0,0,1,,,1717378,6055651
Whangarei District,1N/245/9.255,60,N, ,SALEYARDS ROAD N,201441287,30/07/2014,Wed,1520,CA,VS1C,130A 191A 353A 407A ,,R,D,B ,F , , ,C,100,0,0,0,,,1717416,6055313
Whangarei District,1N/245/10.124,, ,I,APOTU ROAD,201417377,19/11/2014,Wed,1530,JA,CN1C,301B 377B ,,R,D,B ,F ,T,S,L,100,0,0,1,,,1717297,6054454
Whangarei District,1N/245/10.437,, ,I,SALEYARDS ROAD S,201445053,15/04/2014,Tue,1245,GB,CS14,181A ,,R,W,O ,F ,T,N,C,50,0,0,0,,,1717285,6054141
Whangarei District,1N/245/10.637,200,S, ,SALEYARDS ROAD S,201410803,07/02/2014,Fri,1239,BF,CN1C,111A 131A 197B 801 ,F,E,W,O ,L , , ,L,100,0,0,3,,,1717278,6053941
Whangarei District,1N/245/11.137,700,S, ,SALEYARDS ROAD S,201410481,11/02/2014,Tue,900,NC,CS1E,711B ,,E,D,B ,F , , ,N,100,0,1,0,72,,1717294,6053459
Whangarei District,1N/245/11.237,800,S, ,SALEYARDS ROAD S,201430060,02/01/2014,Thu,908,DB,CS1,131A ,P,E,D,BN,F , ,N,C,100,0,0,0,,,1717223,6053390
Whangarei District,1N/245/11.456,350,N, ,SNAKE HILL ROAD,201442869,07/08/2014,Thu,545,AD,CN1C,150A 381A ,,E,D,DN,F , ,N,C,100,0,0,0,,,1717062,6053248
Whangarei District,1N/245/11.584,2000,N, ,PIPIWAI ROAD,201444500,10/09/2014,Wed,1410,DA,CN1,130A 412A ,F,E,D,O ,F , , ,C,100,0,0,0,,,1717053,6053123
Whangarei District,1N/258/0.24,240,N, ,GREAT NORTH ROAD,201448583,24/10/2014,Fri,110,CB,CN1,101A 130A ,FI,R,W,DO,L , ,N,R,60,0,0,0,,,1717810,6051782
Whangarei District,1N/258/1.701,1370,N, ,PUNA RERE DRIVE,201441458,27/05/2014,Tue,720,AO,VS1C,150A 381A ,,R,D,B ,F , ,N,C,80,0,0,0,,,1718221,6050432
Whangarei District,1N/258/3.031,40,N, ,PUNA RERE DRIVE,201441931,14/08/2014,Thu,1045,FD,CS1CV,112A 181A 331A ,,R,D,O ,FS, , ,R,50,0,0,0,,,1718761,6049277
Whangarei District,1N/258/3.071,, ,I,PUNA RERE DRIVE,201436364,25/01/2014,Sat,1522,FE,4N1C,181A ,,R,D,BF,F ,T,T,C,100,0,0,0,,,1718775,6049239
Whangarei District,1N/258/3.071,, ,I,PUNA RERE DRIVE,201447924,20/11/2014,Thu,1550,LB,CS1V,322A 334A ,,R,D,B ,F ,T,T,R,50,0,0,0,,,1718775,6049239
Whangarei District,1N/258/3.076,5,S, ,PUNA RERE DRIVE,201438417,13/06/2014,Fri,1530,KA,TS1C,302B 375B ,,R,D,B ,F ,T,G,C,50,0,0,0,,,1718777,6049235
Whangarei District,KAMO ROAD,, ,I,1N/258/3.794,201410529,22/01/2014,Wed,2158,LB,CE1M,322A ,,R,D,DO,F ,X,T,C,50,0,0,2,,,1718849,6048558
Whangarei District,1N/258/3.794,, ,I,KAMO ROAD,201413769,21/05/2014,Wed,915,HA,CE2T,322A ,,R,D,OF,F ,X,T,R,50,0,0,1,,,1718849,6048558