TLANAME,CRASHROAD,CRASHDIST,CRASHDIRN,INTSN,SIDEROAD,CRASHID,CRASHDATE,CRASHDOW,CRASHTIME,MVMT,VEHICLES,CAUSES,OBJECTSSTRUCK,ROADCURVE,ROADWET,LIGHT,WTHRa,JUNCTYPE,TRAFCTRL,ROADMARK,SPDLIM,CRASHFATALCNT,CRASHSEVCNT,CRASHMINCNT,PERSAGE1,PERSAGE2,EASTING,NORTHING
Whangarei District,1N/258/3.794,, ,I,KAMO ROAD,201440175,20/06/2014,Fri,1920,AD,BS1C,151A 386A ,,R,D,DO,F ,X,T,R,50,0,0,0,,,1718849,6048558
Whangarei District,1N/258/3.794,, ,I,KAMO ROAD,201432706,20/01/2014,Mon,1415,FE,TS1T,181A 331A 801 ,,R,W,O ,L ,X,T,C,50,0,0,0,,,1718849,6048558
Whangarei District,1N/258/3.794,, ,I,KAMO ROAD,201430810,04/03/2014,Tue,1400,FE,VW2C,181A ,,R,D,BF,F ,X,T,C,50,0,0,0,,,1718849,6048558
Whangarei District,1N/258/3.794,, ,I,KAMO ROAD,201445762,27/08/2014,Wed,1410,FE,CN1C,181A 334A ,,R,D,B ,F ,T,T,P,50,0,0,0,,,1718849,6048558
Whangarei District,1N/258/3.794,, ,I,KAMO ROAD,201449473,22/12/2014,Mon,1530,FE,TS1C,181A ,,E,D,B ,F ,M,T,R,50,0,0,0,,,1718849,6048558
Whangarei District,1N/258/3.824,30,S, ,KAMO ROAD,201441925,13/08/2014,Wed,830,GD,VE1C,363A 386A 402A 902 930 ,,R,D,B ,F ,D, ,C,50,0,0,0,,,1718841,6048529
Whangarei District,1N/258/4.082,, ,I,PERCY ST,201435109,17/03/2014,Mon,940,KA,CS1C,301B 386B ,,R,D,B ,F ,T,S,C,50,0,0,0,,,1718777,6048279
Whangarei District,1N/258/4.294,500,S, ,KAMO ROAD,201431561,07/01/2014,Tue,1430,QO,CN1C,668A ,D,R,D,B ,F , , ,C,80,0,0,0,,,1718726,6048073
Whangarei District,1N/258/4.356,200,N, ,DOUGLAS ST,201448974,13/12/2014,Sat,1400,FA,CS1C,181A ,,R,D,O ,F , , ,P,50,0,0,0,,,1718711,6048013
Whangarei District,1N/258/4.698,40,S, ,WILLIAM ST,201415882,17/09/2014,Wed,2230,DA,CN1,103A 111A 131A 402A ,F,M,D,DO,F , , ,C,50,0,0,1,,,1718678,6047684
Whangarei District,1N/258/4.918,100,N, ,KENSINGTON AVENUE,201431562,14/01/2014,Tue,1145,FA,CN1C,181A 434A ,,R,D,B ,F , , ,C,50,0,0,0,,,1718769,6047491
Whangarei District,KENSINGTON AVENUE,, ,I,1N/258/5.018,201432108,18/02/2014,Tue,1430,FB,CW1C,181A ,,R,D,O ,F ,T,N,C,50,0,0,0,,,1718794,6047394
Whangarei District,1N/258/5.018,, ,I,KENSINGTON AVENUE,201445006,08/10/2014,Wed,1417,JA,TS1CC,301B 375B ,,R,D,O ,F ,T,S,C,50,0,0,0,,,1718794,6047394
Whangarei District,1N/258/5.439,, ,I,MANSE ST,201439448,01/07/2014,Tue,1830,LB,CN1C,302B 375B ,,R,W,DN,F ,T,G,C,50,0,0,0,,,1719072,6047101
Whangarei District,1N/258/5.439,, ,I,MANSE ST,201449285,19/12/2014,Fri,1630,JA,CS1C,301B ,,E,D,B ,F ,T,S,R,50,0,0,0,,,1719072,6047101
Whangarei District,1N/258/5.829,390,S, ,MANSE ST,201438100,12/05/2014,Mon,1246,CC,CN1,133A ,P,R,D,BF,F , ,N,R,70,0,0,0,,,1719044,6046719
Whangarei District,1N/258/6.5,, ,I,SELWYN AVENUE,201430423,29/01/2014,Wed,1500,LB,VN1C,303B 375B ,,R,D,B ,F ,X,T,C,50,0,0,0,,,1718899,6046070
Whangarei District,1N/258/6.55,50,S, ,SELWYN AVENUE,201448805,06/10/2014,Mon,1844,CB,CS1C,112A 133A 402A 817 ,KG,R,D,O ,F , , ,N,50,0,0,0,,,1718882,6046023
Whangarei District,1N/258/6.58,80,S, ,SELWYN AVENUE,201445034,02/10/2014,Thu,1530,AA,CN1T,372A 381A ,,E,D,B ,F , ,N,C,50,0,0,0,,,1718871,6045995
Whangarei District,1N/258/6.77,100,N, ,CENTRAL AVENUE,201418649,27/11/2014,Thu,1748,LB,SN1C,303B 377B 929 ,,R,D,BF,F ,D,N,C,50,0,0,1,,40,1718749,6045850
Whangarei District,1N/258/6.87,, ,I,CENTRAL AVENUE,201413146,06/05/2014,Tue,1550,LB,CS1C,334A 303B 334B ,,R,D,B ,F ,X,T,C,50,0,0,1,,,1718684,6045773
Whangarei District,1N/258/6.87,, ,I,CENTRAL AVENUE,201450719,22/12/2014,Mon,1255,HA,CE2C,322B ,,R,D,BF,F ,X,T,C,50,0,0,0,,,1718684,6045773
Whangarei District,1N/258/6.87,, ,I,CENTRAL AVENUE,201431956,07/02/2014,Fri,1237,HA,CN1C,322B 501B ,,R,W,OF,L ,X,T,C,50,0,0,0,,,1718684,6045773
Whangarei District,1N/258/7.094,100,S, ,WILSON AVENUE,201412303,06/04/2014,Sun,1615,NB,CN1E,713B 726B ,,R,D,O ,F , , ,P,50,0,0,1,4,,1718534,6045609
Whangarei District,1N/258/7.169,100,N, ,FOURTH AVENUE,201442907,27/08/2014,Wed,1730,FD,CN1C,331A 350A ,,R,D,OF,F , , ,P,50,0,0,0,,,1718477,6045561
Whangarei District,1N/258/7.249,20,N, ,FOURTH AVENUE,201437028,10/04/2014,Thu,955,AA,CS1V,158A ,,E,D,B ,F , , ,R,50,0,0,0,,,1718418,6045507
Whangarei District,1N/258/7.369,100,S, ,FOURTH AVENUE,201432518,10/02/2014,Mon,840,FD,CS1CC,331A 350A ,,E,D,B ,F , ,N,R,50,0,0,0,,,1718390,6045394
Whangarei District,1N/258/7.618,170,N, ,SH 14,201437924,31/03/2014,Mon,1115,AC,CW1C,372A 386A ,,R,D,B ,F , ,N,C,50,0,0,0,,,1718415,6045146
Whangarei District,1N/258/7.768,20,N, ,MAUNU ROAD,201435194,27/03/2014,Thu,1945,AA,CS1C,372A ,,R,D,DO,F ,X,T,R,50,0,0,0,,,1718431,6044997
Whangarei District,1N/266/0.01,10,S, ,MAUNU ROAD,201435195,20/03/2014,Thu,1330,FA,TS1C,112A 181A ,,R,D,B ,F ,X,G,C,50,0,0,0,,,1718434,6044967
Whangarei District,1N/266/0.354,20,N, ,MATIPO PLACE,201444848,03/11/2014,Mon,1820,GB,CN1T,157A 927 ,,R,D,BF,F ,D,N,C,50,0,0,0,,,1718529,6044644
Whangarei District,1N/266/0.549,, ,I,TAREWA ROAD,201438409,09/06/2014,Mon,830,KA,VS1C,301B 901 ,,E,W,O ,H ,T,S,R,50,0,0,0,,,1718586,6044461
Whangarei District,1N/266/0.549,, ,I,TAREWA ROAD,201415190,17/06/2014,Tue,1542,AF,TN1S,129A 150A 386A ,,E,W,O ,F ,T,G,R,50,0,1,0,,34,1718586,6044461
Whangarei District,1N/266/0.569,20,S, ,TAREWA ROAD,201436358,11/03/2014,Tue,1200,FD,CS1C,181A ,,E,D,BF,F , ,N,C,50,0,0,0,,,1718583,6044441
Whangarei District,1N/266/0.762,120,N, ,RAUMANGA VALLEY ROAD,201447313,15/11/2014,Sat,1645,MO,VS1V,371A ,M,E,D,O ,F , ,N,C,30,0,0,0,,,1718500,6044273
Whangarei District,1N/266/0.832,50,N, ,RAUMANGA VALLEY ROAD,201450083,24/09/2014,Wed,1329,BE,4S1C,410A ,,R,D,B ,F , , ,P,50,0,0,0,,,1718454,6044221
Whangarei District,1N/266/0.882,, ,I,RAUMANGA VALLEY ROAD,201430737,13/02/2014,Thu,615,CA,TN1C,136A 630A ,D,R,D,DO,F ,T,G,C,50,0,0,0,,,1718426,6044179
Whangarei District,1N/266/0.932,50,S, ,RAUMANGA VALLEY ROAD,201432284,29/01/2014,Wed,1500,JA,CN1C,308B 927 ,,R,D,B ,F ,D, ,C,50,0,0,0,,,1718413,6044131
Whangarei District,1N/266/1.143,, ,I,ABBOTS WAY,201446977,26/09/2014,Fri,1514,AO,CS1V,129A 370A 929 ,,R,D,BF,F ,D,N,C,50,0,0,0,,,1718332,6043937
Whangarei District,1N/266/1.167,80,N, ,OTAIKA LOOP ROAD N,201446827,30/09/2014,Tue,1420,FC,CN1C,181A 331A ,,R,D,B ,F , ,N,C,50,0,0,0,,,1718321,6043916
Whangarei District,1N/266/1.297,50,S, ,OTAIKA LOOP ROAD N,201440071,22/04/2014,Tue,1015,FD,CS1C,181A ,,R,D,OF,F , ,N,C,50,0,0,0,,,1718254,6043805
Whangarei District,1N/266/1.361,100,N, ,MOUNT PLEASANT ROAD,201449321,05/12/2014,Fri,1715,FC,CN1C,331A 613A ,,R,D,B ,F , , ,X,50,0,0,0,,,1718217,6043754
Whangarei District,1N/266/1.431,30,N, ,MOUNT PLEASANT ROAD,201412927,22/05/2014,Thu,1930,NA,CN1E,711B 727B ,,R,D,DN,F , , ,P,50,0,0,1,8,,1718176,6043696
Whangarei District,1N/266/2.307,, ,I,TAUROA ST,201444499,19/09/2014,Fri,1845,JC,4E2C,301A 375A ,,M,D,B ,F ,T,S,C,50,0,0,0,,,1718344,6042888
Whangarei District,1N/266/2.307,, ,I,TAUROA ST,201411675,24/03/2014,Mon,835,LB,CN1B,303B 375B ,,R,D,BF,F ,T,S,R,80,0,0,1,,,1718344,6042888
Whangarei District,1N/266/2.307,, ,I,TAUROA ST,201414224,20/06/2014,Fri,1435,JA,VN1C,102B 302B 375B ,,R,D,O ,F ,T,G,C,80,0,1,0,,,1718344,6042888
Whangarei District,TAUROA ST,, ,I,1N/266/2.307,201433130,25/03/2014,Tue,1113,FB,4E1C,357A ,,R,D,O ,F ,T,S,C,80,0,0,0,,,1718344,6042888
Whangarei District,TAUROA ST,, ,I,1N/266/2.307,201410985,07/03/2014,Fri,1218,FB,CE1C,181A 387A ,,R,D,BN,F ,T,S,C,50,0,0,1,,,1718344,6042888
Whangarei District,1N/266/2.466,20,N, ,REWA REWA ROAD,201444851,23/10/2014,Thu,1410,FD,CS14,103A 331A ,,R,D,OF,F , ,N,L,80,0,0,0,,,1718391,6042736
Whangarei District,1N/266/2.476,10,N, ,REWA REWA ROAD,201448584,08/12/2014,Mon,1148,FE,CS1V,181A ,,R,D,OF,F ,T,T,R,80,0,0,0,,,1718394,6042727
Whangarei District,1N/266/2.486,, ,I,REWA REWA ROAD,201442472,01/07/2014,Tue,1920,JA,CS1C,322B ,,M,W,DO,F ,T,T,R,80,0,0,0,,,1718397,6042717
Whangarei District,1N/266/2.486,, ,I,REWA REWA ROAD,201439275,03/06/2014,Tue,1254,FE,TS1CC,181A 191B ,P,R,W,O ,L ,T,T,R,80,0,0,0,,,1718397,6042717
Whangarei District,1N/266/2.636,150,S, ,REWA REWA ROAD,201431386,22/02/2014,Sat,2150,CB,CN1,130A ,S,R,W,DN,L , ,N,C,80,0,0,0,,,1718457,6042580
Whangarei District,1N/266/2.706,220,S, ,REWA REWA ROAD,201417972,16/12/2014,Tue,1315,CB,CN1,129A 130A 404A ,SV,R,W,O ,L , , ,C,80,0,0,1,,,1718486,6042516
Whangarei District,1N/266/4.63,1100,N, ,LOOP ROAD N,201447926,22/11/2014,Sat,1920,CB,CS1,103A 130A 817 ,CRS,R,D,O ,F , , ,L,100,0,0,0,,,1718360,6040621
Whangarei District,1N/266/4.93,800,N, ,LOOP ROAD N,201400249,21/11/2014,Fri,1230,BF,CN1T,111A 131A ,,E,D,B ,F , ,N,L,100,1,0,1,,,1718421,6040337
Whangarei District,1N/266/5.05,680,N, ,LOOP ROAD N,201448808,28/11/2014,Fri,1530,FD,CN1CV,111A 181A 331A 402A 801 817 ,,E,W,O ,L , , ,L,100,0,0,0,,,1718479,6040232
Whangarei District,1N/266/5.78,50,S, ,LOOP ROAD N,201441699,05/08/2014,Tue,459,BF,CS1T,130A 412A ,,E,W,DN,L , , ,C,100,0,0,0,,,1718199,6039596
Whangarei District,1N/266/6.078,2500,S, ,TOE TOE ROAD,201446994,31/10/2014,Fri,1600,FD,4S14,181A ,,R,D,BN,F , ,N,L,100,0,0,0,,,1718044,6039346
Whangarei District,1N/266/6.781,150,N, ,PORTLAND ROAD,201450936,20/10/2014,Mon,840,FD,TN1C4,331A 181B ,,R,D,B ,F , , ,C,100,0,0,0,,,1717825,6038705
Whangarei District,1N/273/2.693,2200,N, ,MANGAPAI ROAD,201436682,05/02/2014,Wed,600,GD,TN1C,181A 331A 926 ,,R,D,DN,F ,D,N,P,100,0,0,0,,,1717414,6035419
Whangarei District,1N/273/2.884,60,S, ,OAKLEIGH RISE,201451033,24/09/2014,Wed,1141,DB,CN1,129A 410A ,G,E,D,BN,F , ,N,C,100,0,0,0,,,1717574,6035314
Whangarei District,1N/273/2.893,2000,N, ,MANGAPAI ROAD,201417852,08/12/2014,Mon,110,CB,CN1,410A ,TVX,R,D,DN,F , , ,C,100,0,0,1,,,1717582,6035310
Whangarei District,1N/273/3.593,1300,N, ,MANGAPAI ROAD,201450712,15/12/2014,Mon,1320,DA,CN1,131A 350A ,T,M,W,ON,L , ,N,C,100,0,0,0,,,1718045,6034797
Whangarei District,1N/273/4.393,500,N, ,MANGAPAI ROAD,201440522,09/05/2014,Fri,919,QO,TS14,668A ,D,R,D,O ,F , , ,C,100,0,0,0,,,1718577,6034239
Whangarei District,1N/273/4.893,, ,I,MANGAPAI ROAD,201417941,17/11/2014,Mon,1539,JA,CN1C,301B ,,M,D,O ,F ,T,S,L,100,0,1,2,,,1718818,6033802
Whangarei District,1N/273/4.893,, ,I,MANGAPAI ROAD,201413979,24/06/2014,Tue,1630,LB,CN1C,303B 375B ,,R,D,BF,F ,T,G,C,100,0,1,1,,,1718818,6033802
Whangarei District,1N/273/4.893,, ,I,MANGAPAI ROAD,201446976,22/09/2014,Mon,730,DB,CN1C,111A 131A 517A ,I,S,D,BF,F ,T,G,R,100,0,0,0,,,1718818,6033802
Whangarei District,1N/273/5.713,, ,I,SPRINGFIELD ROAD,201416472,06/10/2014,Mon,1000,CC,TS1C,130A 650A 191B ,CGD,R,D,O ,F ,T,S,L,100,0,1,0,,,1719468,6033312
Whangarei District,1N/273/7.653,300,N, ,TOTARA ROAD E,201435358,04/04/2014,Fri,2005,CC,CS1,130A 358A ,,R,D,DN,F , , ,L,100,0,0,0,,,1721275,6032662
Whangarei District,1N/273/8.003,50,E, ,TOTARA ROAD E,201410328,11/01/2014,Sat,1200,CC,CE1,410A ,T,R,D,OF,F , ,N,C,100,0,0,2,,,1721599,6032528
Whangarei District,1N/273/8.353,400,S, ,TOTARA ROAD S,201412550,11/02/2014,Tue,1630,BD,CS1CC,156A 377A 156B 377B 130C 197C 831 ,C,E,D,B ,F , , ,L,100,0,0,3,,,1721824,6032274
Whangarei District,1N/273/8.479,600,N, ,HEWLETT ROAD,201440984,07/07/2014,Mon,1450,AA,CN1T,381A ,,R,D,ON,F , ,N,C,100,0,0,0,,,1721860,6032154
Whangarei District,1N/273/8.953,1000,E, ,TOTARA ROAD E,201417509,01/09/2014,Mon,338,DA,CW1,129A 410A ,V,M,W,DN,L , ,N,C,100,0,0,1,,,1722045,6031722
Whangarei District,1N/273/10.279,1200,S, ,HEWLETT ROAD,201447872,19/07/2014,Sat,1510,FA,VN1C,331A 354A ,,R,W,ON,L , ,N,C,100,0,0,0,,,1723321,6031598
Whangarei District,1N/273/10.879,500,N, ,SALMON ROAD,201448585,08/12/2014,Mon,1500,QG,TN1,137A 817 ,,R,D,ON,F , ,N,L,100,0,0,0,,,1723897,6031432
Whangarei District,1N/273/12.447,750,E, ,COTTON ROAD,201449283,17/12/2014,Wed,1505,CC,CW1,410A 800 ,Z,R,D,B ,F , , ,C,100,0,0,0,,,1725343,6030829
Whangarei District,1N/273/12.697,1000,S, ,COTTON ROAD,201400073,05/04/2014,Sat,725,BF,TN1T,131A 412A 904 ,,E,D,BN,M , , ,C,100,1,0,1,,,1725554,6030700
Whangarei District,1N/273/12.897,1200,S, ,COTTON ROAD,201450716,18/12/2014,Thu,620,AO,CS1T,129A 386A ,,R,D,BN,F , ,N,C,100,0,0,0,,,1725679,6030544
Whangarei District,1N/273/13.398,700,N, ,YOVICH ROAD,201433598,13/04/2014,Sun,2040,BA,CS14,125A ,,R,D,DN,F , ,N,C,100,0,0,0,,,1725982,6030145
Whangarei District,1N/273/13.998,100,N, ,YOVICH ROAD,201444822,02/11/2014,Sun,2110,CB,CN1,112A 817 ,,R,D,DN,F , ,N,N,100,0,0,0,,,1726402,6029718
Whangarei District,1N/273/14.598,500,S, ,YOVICH ROAD,201444819,19/09/2014,Fri,215,EC,4W1,341A 377A 912 ,W,R,D,DN,F , ,N,C,100,0,0,0,,,1726838,6029306
Whangarei District,1N/273/15.58,1400,S, ,FLYGER ROAD,201432567,10/02/2014,Mon,1514,BE,CN1V,125A 410A ,,R,D,B ,F , ,N,N,80,0,0,0,,,1727552,6028631
Whangarei District,1N/273/15.855,1500,N, ,PRESCOTT ROAD,201441927,07/08/2014,Thu,1850,DA,CS1,131A 501A ,V,E,D,DN,F , , ,L,100,0,0,0,,,1727754,6028445
Whangarei District,1N/273/16.255,1100,N, ,PRESCOTT ROAD,201430803,24/02/2014,Mon,830,FD,TS1V,358A 363A 817 902 ,,E,D,BN,F , ,N,N,100,0,0,0,,,1728112,6028265
Whangarei District,1N/273/16.975,380,N, ,PRESCOTT ROAD,201433524,24/03/2014,Mon,944,FD,TS1T,181A 817 ,F,R,D,BN,F , ,N,C,100,0,0,0,,,1728646,6027787
Whangarei District,1N/273/17.105,250,N, ,PRESCOTT ROAD,201432505,26/01/2014,Sun,300,CB,CS1,116A 817 ,F,R,D,DN,F , ,N,N,100,0,0,0,,,1728739,6027696
Whangarei District,1N/292/0.3,300,S, ,SH 15A,201410478,27/02/2014,Thu,1,CB,VS1,130A 412A ,,R,D,DO,F , , ,C,100,0,0,1,,,1729664,6026799
Whangarei District,1N/292/0.423,500,N, ,SANDFORD ROAD,201415240,20/06/2014,Fri,2356,CC,CN1,103A 410A ,V,R,D,DN,F , ,N,C,100,0,1,0,,,1729753,6026713
Whangarei District,1N/292/0.673,250,N, ,SANDFORD ROAD,201447927,21/11/2014,Fri,1420,GA,CS1C,333A 358A 929 ,,R,D,B ,F ,D, ,C,100,0,0,0,,,1729932,6026538
Whangarei District,1N/292/1.601,350,N, ,MARSDEN POINT ROAD,201439382,29/06/2014,Sun,520,EC,CS1,912,W,R,D,DN,F , ,N,C,100,0,0,0,,,1730442,6025781
Whangarei District,1N/292/2.511,560,S, ,MARSDEN POINT ROAD,201411206,06/03/2014,Thu,1520,CC,TS1,130A 412A 501A ,C,R,D,B ,F , , ,C,100,0,0,1,,,1730823,6024954
Whangarei District,1N/292/3.893,960,S, ,DOCTORS HILL ROAD,201435742,04/05/2014,Sun,700,CB,CN1,102A 130A 412A ,T,R,D,DN,F , , ,C,100,0,0,0,,,1731124,6023612
Whangarei District,1N/292/5.043,100,N, ,MOUNTFIELD ROAD,201439387,28/06/2014,Sat,10,CB,CS1,130A 410A ,H,R,W,DO,F , , ,C,100,0,0,0,,,1731271,6022473
Whangarei District,1N/292/5.443,300,S, ,MOUNTFIELD ROAD,201442036,29/06/2014,Sun,1635,CC,CN1,410A ,F,R,D,ON,F , ,N,C,100,0,0,0,,,1731321,6022076
Whangarei District,1N/292/6.103,960,S, ,MOUNTFIELD ROAD,201412468,18/04/2014,Fri,1200,CC,CN1,129A 134A 407A ,F,R,D,O ,F , , ,C,100,0,0,1,,,1731305,6021417
Whangarei District,1N/292/7.387,150,N, ,URETITI ROAD,201400274,23/12/2014,Tue,1255,MC,TN14,330B 372B ,,R,D,B ,F , ,N,C,100,4,1,1,,,1730971,6020179
Whangarei District,1N/292/10.241,200,N, ,SHOEMAKER ROAD,201450773,24/12/2014,Wed,2335,CB,CS1,410A ,F,R,D,DO,F , ,N,C,100,0,0,0,,,1729532,6017721
Whangarei District,1N/303/0.3,300,S, ,SHOEMAKER ROAD,201445824,12/09/2014,Fri,1110,CC,CN1,130A 517A 901 ,F,R,W,O ,H , , ,C,100,0,0,0,,,1729264,6017300
Whangarei District,1N/303/1.005,, ,I,THE BRAIGH,201418352,06/10/2014,Mon,1520,JA,BS1C,301B 375B ,,R,D,BF,F ,T,S,L,100,0,0,2,,,1728869,6016715
Whangarei District,1N/303/1.705,700,S, ,THE BRAIGH,201412925,26/05/2014,Mon,340,EC,CN1,912,W,E,D,DN,F , , ,C,100,0,0,1,,,1728411,6016187
Whangarei District,1N/303/4.023,450,N, ,BROOKS ROAD,201445434,27/09/2014,Sat,1649,BE,CN1TC,130A 410A ,,R,D,O ,F , , ,C,100,0,0,0,,,1727691,6014209
Whangarei District,1N/303/5.691,400,S, ,GLENMOHR ROAD,201418774,19/12/2014,Fri,1950,CB,CS1,130A 501A ,C,R,D,TN,F , , ,L,100,0,0,1,,,1727765,6012564
Whangarei District,1N/303/6.553,300,N, ,WAIPU GORGE ROAD,201431440,22/02/2014,Sat,,DA,CS1,137A ,F,E,D,BN,F , ,N,C,100,0,0,0,,,1727535,6011737
Whangarei District,1N/303/6.853,, ,I,WAIPU GORGE ROAD,201416818,08/11/2014,Sat,1304,JA,CN1C,302B 375B ,,E,D,B ,F ,T,G,C,100,0,0,2,,,1727470,6011445
Whangarei District,1N/303/7.053,200,S, ,WAIPU GORGE ROAD,201431537,18/01/2014,Sat,315,EC,TN1,912,W,M,D,DN,F , , ,C,100,0,0,0,,,1727515,6011253
Whangarei District,1N/303/8.763,1910,S, ,WAIPU GORGE ROAD,201448418,08/07/2014,Tue,2017,DB,TS1,135A 901 903 ,G,E,W,DN,HS, ,N,L,80,0,0,0,,,1727563,6009665
Whangarei District,1N/303/9.111,2500,N, ,ARTILLERY ROAD,201446998,27/10/2014,Mon,1420,BB,CN1B,123A 137B ,,M,D,BN,F , ,N,L,80,0,0,0,,,1727811,6009429
Whangarei District,1N/303/9.653,2800,S, ,WAIPU GORGE ROAD,201445004,11/10/2014,Sat,810,DB,4N1,110A 131A ,,M,W,O ,M , ,N,C,100,0,0,0,,,1728263,6009196
Whangarei District,1N/303/9.831,1780,N, ,ARTILLERY ROAD,201445826,10/10/2014,Fri,2240,DA,CN1,111A 131A 801 901 903 ,C,M,W,DN,HS, , ,L,80,0,0,0,,,1728400,6009084
Whangarei District,1N/303/9.853,3000,S, ,WAIPU GORGE ROAD,201448979,14/12/2014,Sun,1250,BF,CN1C,131A 801 901 ,,E,W,O ,H , , ,L,80,0,0,0,,,1728409,6009064
Whangarei District,1N/303/9.991,1620,N, ,ARTILLERY ROAD,201418349,03/10/2014,Fri,1323,DA,CS1V,129A 359A ,Q,E,W,ON,L , ,N,C,80,0,0,1,,,1728418,6008928
Whangarei District,1N/303/10.112,1500,N, ,ARTILLERY ROAD,201448977,14/12/2014,Sun,1800,DA,CN1,111A 131A 801 ,V,M,W,TN,F , ,N,L,80,0,0,0,,,1728453,6008815
Whangarei District,1N/303/10.153,3300,S, ,WAIPU GORGE ROAD,201443968,13/09/2014,Sat,1625,DA,CN1,135A 806 ,G,M,W,ON,L , ,N,C,80,0,0,0,,,1728473,6008779
Whangarei District,1N/303/10.412,1200,N, ,ARTILLERY ROAD,201410176,26/01/2014,Sun,1700,DB,CN1,131A 801 ,C,M,W,O ,L , , ,L,80,0,0,1,,,1728534,6008529
Whangarei District,1N/303/11.022,590,N, ,ARTILLERY ROAD,201447942,16/11/2014,Sun,1245,MO,CS1,385A ,G,E,D,B ,F , , ,L,80,0,0,0,,,1728302,6007984
Whangarei District,1N/303/11.562,50,N, ,ARTILLERY ROAD,201417854,26/10/2014,Sun,1508,DA,MN1,131A 191A 402A ,,E,D,B ,F , , ,L,80,0,0,1,,,1727995,6007542
Whangarei District,1N/303/11.822,210,S, ,ARTILLERY ROAD,201432507,05/01/2014,Sun,1815,BC,CN1C,121A ,,M,W,O ,F , ,N,C,80,0,0,0,,,1727926,6007314
Whangarei District,1N/303/11.962,350,S, ,ARTILLERY ROAD,201448740,29/11/2014,Sat,930,AC,CN1C,184A ,,E,D,O ,F , , ,L,80,0,0,0,,,1727808,6007238
Whangarei District,1N/303/11.962,350,S, ,ARTILLERY ROAD,201445825,18/10/2014,Sat,1220,DA,CS1,131A 631A 801 901 ,,M,W,O ,H , , ,C,80,0,0,0,,,1727808,6007238
Whangarei District,1N/303/12.012,400,S, ,ARTILLERY ROAD,201430806,07/02/2014,Fri,1520,BF,CS1V,135A 801 ,,S,W,ON,H , ,N,L,80,0,0,0,,,1727772,6007204
Whangarei District,1N/303/12.012,400,S, ,ARTILLERY ROAD,201410547,06/02/2014,Thu,1350,DA,CN1,131A ,C,S,W,ON,L , ,N,L,80,0,0,1,,,1727772,6007204
Whangarei District,1N/303/12.062,450,S, ,ARTILLERY ROAD,201412889,26/01/2014,Sun,2215,DB,CS1,111A 131A 402A 524A ,C,M,W,DN,F , , ,L,80,0,1,0,,,1727744,6007163
Whangarei District,1N/303/12.362,750,S, ,ARTILLERY ROAD,201432707,20/01/2014,Mon,1215,DA,CS1,131A 687A 901 ,C,S,W,O ,H , , ,C,80,0,0,0,,,1727923,6007055
Whangarei District,1N/303/12.412,800,S, ,ARTILLERY ROAD,201439279,20/06/2014,Fri,2115,DA,BS1,131A 613A 614A ,,M,D,DN,F , , ,L,80,0,0,0,,,1727946,6007014
Whangarei District,1N/303/12.462,850,S, ,ARTILLERY ROAD,201444498,30/07/2014,Wed,1940,DA,TS1,131A ,C,S,D,DN,F , , ,L,80,0,0,0,,,1727926,6006970
Whangarei District,1N/303/13.082,1470,S, ,ARTILLERY ROAD,201400034,20/02/2014,Thu,739,BC,MN1C,129A ,,M,W,ON,L , ,N,L,80,1,0,1,,,1728085,6006616
Whangarei District,1N/303/13.112,1500,S, ,ARTILLERY ROAD,201450710,27/12/2014,Sat,1430,AO,CN1V,184A 386A ,,M,D,ON,F , ,N,L,80,0,0,0,,,1728111,6006601
Whangarei District,1N/303/13.212,1600,S, ,ARTILLERY ROAD,201412305,05/01/2014,Sun,1605,BF,VN1C,131A 800 901 903 ,,M,W,O ,HS, , ,L,80,0,0,2,,,1728198,6006562
Whangarei District,1N/303/13.368,2500,N, ,SH 12,201438035,06/02/2014,Thu,1748,DB,CS1,131A 801 ,C,S,W,O ,L , , ,C,80,0,0,0,,,1728305,6006485
Whangarei District,1N/303/13.568,2300,N, ,SH 12,201432493,06/02/2014,Thu,1830,DA,CN1,800,C,M,W,ON,LS, , ,C,80,0,0,0,,,1728384,6006343
Whangarei District,1N/303/13.868,2000,N, ,SH 12,201410195,20/01/2014,Mon,1820,BF,CN14,131A 801 806 ,,S,W,O ,H , , ,C,80,0,1,0,,,1728617,6006189